ContactId	Overall_Rank	Name	Gender	Division	Div_Rank	Total_Time	Swim	T1	Bike	T2	Run	Country	Status
356b7391-548f-4e89-95f4-febb106ce545	1	Henrik Goesch	M	MPRO	1	8:31:31	0:49:09	0:06:23	4:52:44	0:02:04	2:41:11	Finland	
4b7c941f-a500-4355-a3e4-6a0863a2ccca	2	Michiel Stockman	M	MPRO	2	8:33:49	0:54:51	0:06:50	4:50:57	0:02:14	2:38:56	Belgium	
96c508f5-70d8-411a-aa99-94a7a5136c88	3	Mitch Wismans	M	MPRO	3	8:34:43	0:50:42	0:06:57	4:47:55	0:02:37	2:46:31	Netherlands	
c701d63b-0a6c-459b-8d17-f298f24ec569	4	Matthieu Bolzer	M	MPRO	4	8:37:28	0:52:04	0:06:33	4:53:49	0:02:03	2:42:59	France	
6a318a89-5eef-4cfb-b22c-fb55542dee08	5	Kristian Grue	M	MPRO	5	8:44:14	0:52:05	0:06:29	4:54:19	0:02:06	2:49:15	Norway	
cb54e08b-f4f4-41bf-97d2-9fb75e78d99f	6	Thomas Navarro	M	MPRO	6	8:46:51	0:56:27	0:06:25	4:56:25	0:02:51	2:44:44	France	
c3a432c4-f540-471d-934d-8ee6c27adacc	7	Justin Riele	M	MPRO	7	8:49:36	0:49:06	0:07:16	4:54:28	0:02:22	2:56:24	United States	
def1131a-9d59-4664-8781-8a982793cc98	8	Will Grace	M	MPRO	8	8:52:50	0:52:20	0:07:12	5:03:27	0:02:34	2:47:17	United Kingdom	
f74c7220-c12e-42fb-8f1e-8e7612ead5b6	9	Marc Eggeling	M	MPRO	9	8:53:56	0:50:51	0:07:10	4:59:00	0:02:27	2:54:28	Germany	
825852a6-25c1-ee11-9079-000d3a314329	10	Matthew Collins	M	MPRO	10	8:55:26	0:49:12	0:07:05	5:06:01	0:03:02	2:50:06	United Kingdom	
7093f0b8-5a69-4464-b6ac-e53300f7f4d4	11	Finn Arentz	M	MPRO	11	8:55:34	0:52:12	0:06:55	5:10:54	0:02:20	2:43:13	United Kingdom	
98448d00-7fb9-42d3-991a-c56700ac6156	12	Justin Metzler	M	MPRO	12	9:00:00	0:52:01	0:07:51	5:03:00	0:02:39	2:54:30	United States	
e783c8a1-fd92-46e2-9090-cbe64044b76b	13	Zack Cooper	M	MPRO	13	9:03:40	1:00:42	0:07:38	4:55:31	0:02:22	2:57:27	United Kingdom	
ff89e685-35e5-42f5-aef8-b9b7489adc8b	14	Dorian Muller	M	MPRO	14	9:05:23	0:52:16	0:06:17	4:59:09	0:02:48	3:04:53	France	
91b04652-63b0-4d62-a0d2-ea20824d1182	15	Lukas Stahl	M	MPRO	15	9:07:26	0:54:33	0:07:05	5:08:42	0:02:59	2:54:08	Germany	
dbc5bb7e-4a44-425f-a1a9-50647e329aa3	16	Vincent Größer	M	MPRO	16	9:08:02	0:56:26	0:06:57	5:02:30	0:02:36	2:59:34	Germany	
7eeaf959-3219-ef11-9f8a-6045bd012ace	17	Florent Lefebvre	M	MPRO	17	9:12:10	0:53:46	0:06:29	5:06:15	0:02:49	3:02:52	France	
93b92b8c-c08f-46fc-abd5-b35ab44e063b	18	Ole-Bernard Fuskevåg	M	MPRO	18	9:16:00	0:52:15	0:07:14	5:10:42	0:02:42	3:03:06	Norway	
097c9d9b-5a23-41aa-aea4-f794f2d1c23b	19	Liam Lloyd	M	MPRO	19	9:22:42	0:52:29	0:07:10	4:54:34	0:02:18	3:26:11	United Kingdom	
71f4b001-2dcb-4f0d-8c75-f198f30a51cd	20	Julen Díez Rodríguez	M	MPRO	20	9:25:24	0:56:34	0:06:52	5:13:05	0:03:06	3:05:49	Spain	
a3627eb0-d26f-4cb0-a684-d6cab8b0511e	21	Cameron Craik	M	M30-34	1	9:27:07	1:04:29	0:07:16	5:21:14	0:02:49	2:51:19	United Kingdom	
fd567b6e-a91c-40ec-a2b2-2cf3321a2962	22	Ben Goodfellow	M	MPRO	21	9:29:00	0:51:46	0:06:49	5:08:13	0:03:45	3:18:27	United Kingdom	
c0dfbf6f-5f4f-479f-9449-cf45788f6d4a	23	Fraser Minnican	M	MPRO	22	9:32:56	0:48:13	0:07:22	5:23:14	0:03:28	3:10:39	United Kingdom	
e01a2efa-a6ad-4f3e-b757-4b412b495c76	24	Lewis Eccleston	M	MPRO	23	9:34:13	0:57:34	0:07:32	5:13:32	0:03:28	3:12:07	United Kingdom	
9e9c36d1-d7c0-45ae-acd8-cfc77df63341	25	Robin Hermann	M	MPRO	24	9:38:12	0:55:39	0:07:30	5:01:47	0:06:55	3:26:21	Switzerland	
97755228-40a4-47ec-afdd-06df675a1a0b	26	Chris Fennell	M	M30-34	2	9:39:14	1:08:15	0:07:22	4:55:26	0:02:26	3:25:45	United Kingdom	
a81278a4-f081-480f-8b6b-520697fe2f41	27	Will Munday	M	M30-34	3	9:42:59	0:55:48	0:07:17	5:31:13	0:03:14	3:05:27	United Kingdom	
99c01b25-df7b-40d3-8aeb-c483667f1659	28	Nikki Bartlett	F	FPRO	1	9:45:37	1:01:51	0:07:35	5:29:00	0:03:11	3:03:59	United Kingdom	
54e72423-2f9e-4040-8709-9e145f28304b	29	Ryan James	M	M35-39	1	9:46:25	1:03:01	0:07:43	5:22:29	0:03:01	3:10:10	United Kingdom	
dac9fcc1-dcff-41c5-8c7d-775e0edf85aa	30	Gruffudd Lewis	M	M35-39	2	9:50:24	1:04:31	0:08:05	5:12:54	0:02:38	3:22:16	United Kingdom	
f44284e5-d154-f111-bec7-0022480b84a3	31	Eyal Weinstein	M	MPRO	25	9:50:51	0:51:47	0:06:48	5:28:42	0:02:32	3:21:02	Israel	
7fcd7d86-d555-ed11-bba3-000d3a31406e	32	Jack Hindle	M	MPRO	26	9:50:55	0:51:58	0:07:14	5:03:59	0:03:33	3:44:12	United Kingdom	
a2c90613-34a7-4086-9d11-95e1a6c7a3aa	33	Thomas Garbett	M	M30-34	4	9:53:29	0:59:51	0:07:39	5:30:10	0:03:37	3:12:12	United Kingdom	
80f1ec0b-e3ef-4635-a3e1-710e20cb6e3f	34	Laurie Corbel	M	M25-29	1	9:55:21	1:02:07	0:07:17	5:35:35	0:03:30	3:06:52	Jersey	
94347e09-8b50-49ab-afe4-5163edb46a83	35	Mark Mc Ginley	M	M25-29	2	9:58:59	1:03:49	0:08:48	5:34:25	0:03:56	3:08:01	Ireland	
ff83704c-3e4f-4df0-befa-78764ab00f53	36	Dan Elliot	M	MPRO	27	9:59:18	1:00:21	0:07:52	5:29:38	0:03:25	3:18:01	United Kingdom	
4b01e777-e589-4265-9b73-2fcea904a622	37	Myles Hall	M	M35-39	3	9:59:20	1:10:06	0:08:29	5:32:13	0:02:24	3:06:08	United Kingdom	
6e545653-3b2e-4166-a485-009208a16394	38	Andrew Gittins	M	M30-34	5	9:59:38	1:17:38	0:07:31	5:18:59	0:02:17	3:13:14	United Kingdom	
d53abecc-c549-49e9-9d83-11844009a92e	39	Aled Jenkins	M	M30-34	6	10:01:30	1:01:18	0:09:23	5:34:46	0:03:47	3:12:15	United Kingdom	
4337e8cf-ded9-e911-a97c-000d3a3740b7	40	Joel Davies	M	M30-34	7	10:04:44	1:14:59	0:07:32	5:30:08	0:02:50	3:09:15	United Kingdom	
747e1119-39c4-41c6-9c15-5f5452464f06	41	Alex Lambert	M	M30-34	8	10:05:08	1:02:04	0:07:45	5:46:37	0:02:47	3:05:55	United Kingdom	
f2d33776-53c2-44eb-9a87-a4d933066f78	42	Diede Diederiks	F	FPRO	2	10:07:15	1:03:14	0:07:40	5:31:40	0:03:12	3:21:29	Netherlands	
cd18e204-6777-49d7-913b-779fbdab6b62	43	Sam Griffiths	M	M30-34	9	10:08:59	1:05:17	0:08:09	5:43:28	0:03:09	3:08:57	United Kingdom	
2ec03793-4d57-f011-877a-002248098cfa	44	Léa Riccoboni	F	FPRO	3	10:14:08	1:03:40	0:07:52	5:41:34	0:03:10	3:17:51	France	
db07af68-a507-4827-8a4c-f9a9f2e5cd86	45	Merle Brunnée	F	FPRO	4	10:14:28	1:11:07	0:08:10	5:40:54	0:02:50	3:11:27	Germany	
2ba6d54e-740a-ee11-8f6e-000d3a314cac	46	Nathan Turner	M	M25-29	3	10:14:41	1:07:46	0:09:11	5:43:29	0:04:00	3:10:14	United Kingdom	
f6302952-83ec-4dc4-958e-5a180a6303aa	47	Patrick Hannah	M	M35-39	4	10:15:51	1:04:56	0:07:19	5:39:33	0:02:45	3:21:18	United Kingdom	
3288f4ce-00c1-4c1c-9c7d-f94e99fbbd35	48	Mimi Carlton	F	FPRO	5	10:17:37	1:07:59	0:08:09	5:44:22	0:02:30	3:14:36	United Kingdom	
ec6d7eea-ffa6-43ef-8539-f0f6a56cbf8f	49	Princess Shaddick	F	F30-34	1	10:22:15	1:07:23	0:08:30	5:42:54	0:03:34	3:19:54	United Kingdom	
2eb64e2e-3899-4cae-adde-f0fe6a70cddf	50	Daniel Colman	M	M30-34	10	10:22:25	1:09:47	0:09:06	5:30:57	0:02:24	3:30:11	United Kingdom	
3110f4e4-b4a5-ef11-8a69-6045bd018d16	51	Dylan Birch	M	M25-29	4	10:24:22	1:15:07	0:10:48	5:34:36	0:03:28	3:20:22	United Kingdom	
2899a8d9-89dc-4933-91ef-ac947ecd476d	52	Paul Wolf	M	M30-34	11	10:26:08	1:08:00	0:09:26	5:48:31	0:02:51	3:17:19	Germany	
184668cd-005c-4557-8185-83f63b29f391	53	Owen Drew	M	M30-34	12	10:28:41	1:07:45	0:07:49	5:31:39	0:02:58	3:38:30	United Kingdom	
c7e1a487-e6db-4a41-810d-6b2835ffea7a	54	Theo Lakin	M	M18-24	1	10:28:49	1:04:03	0:09:00	5:43:54	0:04:27	3:27:25	United Kingdom	
79d4a6bb-26fb-e811-a985-000d3a34e641	55	Andy Sloan	M	M40-44	1	10:30:33	1:15:25	0:09:31	5:37:20	0:05:15	3:23:02	United Kingdom	
9aaa5f51-3f8b-f111-ab0f-0022480b35b6	56	Joanna Wright	F	FPRO	6	10:31:20	1:07:58	0:07:27	5:45:00	0:02:33	3:28:22	United Kingdom	
5add51ce-5686-4fde-b855-c289aa1b1b9a	57	Jonathan Rae	M	M35-39	5	10:31:21	1:07:37	0:09:06	5:47:49	0:04:12	3:22:36	United Kingdom	
17496d21-c7f9-49b9-bb1f-bf9e1211615a	58	Daren Davies	M	M45-49	1	10:32:31	1:12:41	0:08:56	5:36:21	0:04:16	3:30:18	United Kingdom	
716f44a6-fa3e-4a84-b9ee-7e70a00be9bc	59	Colin Ramp	M	M45-49	2	10:32:44	1:08:22	0:09:15	5:36:47	0:04:19	3:34:00	Switzerland	
acc5fafb-c619-48e6-ad09-4367304bd5fb	60	Dale Lambrick	M	M35-39	6	10:33:27	1:10:29	0:10:25	5:35:16	0:04:37	3:32:40	United Kingdom	
1890ec56-793e-4349-8fb1-08818efe0758	61	Peter Hogben	M	M30-34	13	10:33:46	1:12:12	0:09:39	5:26:43	0:03:40	3:41:32	United Kingdom	
db671584-9a6a-400a-b911-282c0d17fe14	62	Antony Fitter	M	M40-44	2	10:34:36	1:02:24	0:08:06	5:34:20	0:03:17	3:46:29	United Kingdom	
4be1621c-044b-4023-8555-b3e83ace4095	63	Luke Cornish	M	M30-34	14	10:36:32	1:01:49	0:09:50	5:27:25	0:03:11	3:54:17	United Kingdom	
8598e398-c10e-476f-bce8-f416dba7f32d	64	David Dhooge	M	M45-49	3	10:36:56	1:01:30	0:09:51	5:46:42	0:04:28	3:34:26	Belgium	
50dfc955-510c-4011-a3d9-71da33f69c59	65	Max Zajdler	M	M25-29	5	10:37:15	1:22:29	0:09:30	5:40:27	0:02:33	3:22:16	United Kingdom	
d892f147-8107-490a-9fa2-ea6e20ec80ea	66	Rhys Howells	M	M18-24	2	10:39:59	1:12:01	0:08:40	5:50:43	0:04:01	3:24:34	United Kingdom	
319bbcec-f20f-4808-8a3e-0eb8a29cfe36	67	Jordi Checa Trabal	M	M40-44	3	10:40:12	1:02:32	0:09:06	5:53:10	0:03:18	3:32:06	Spain	
18bd36d5-e105-44aa-9b88-319d979e0ea2	68	Enda Bagnall	M	M45-49	4	10:41:14	1:12:04	0:10:15	5:49:57	0:06:31	3:22:26	Ireland	
69aa54f1-ad32-4d7f-900c-07fc1f5e893b	69	Jamie Lewis	M	M35-39	7	10:43:11	1:15:41	0:09:56	5:36:19	0:04:54	3:36:22	Cayman Islands	
810c7bbf-17f6-ef11-9342-6045bd018d16	70	Kai Swaine	M	M25-29	6	10:45:28	1:30:35	0:12:47	5:24:26	0:10:27	3:27:13	United Kingdom	
f24967ed-d9dd-4cb3-9612-1b80a1a650f9	71	John Hayden	M	M40-44	4	10:51:23	1:17:33	0:14:15	5:40:28	0:06:50	3:32:17	Ireland	
65727f04-b9f3-4cb0-8a3a-02c28e3bc82e	72	Gavin Stockman	M	M35-39	8	10:53:56	1:24:55	0:11:37	5:45:44	0:04:25	3:27:15	United Kingdom	
a1bf58b4-60d0-ef11-b8e9-000d3a5a1803	73	George Halfpenny	M	M25-29	7	10:56:23	1:15:52	0:09:43	6:09:31	0:03:20	3:17:57	United Kingdom	
bcbe6901-258e-f011-b4cc-002248098cfa	74	Fiona German	F	F25-29	1	10:57:30	1:02:39	0:08:04	6:09:01	0:02:18	3:35:28	United Kingdom	
654490b2-2961-45d5-8a20-b9e0516aee3b	75	Lewis Bowen	M	M40-44	5	10:58:17	1:18:15	0:09:28	5:49:36	0:03:11	3:37:48	United Kingdom	
c7e991c3-0fe7-4493-8e03-78e1acc219a9	76	Matthew Dewhurst	M	M35-39	9	10:58:38	0:58:33	0:08:20	5:46:47	0:04:01	4:00:58	United Kingdom	
22fed524-95f0-4876-b536-6aea72fc0454	77	Wouter Detemmerman	M	M40-44	6	10:58:52	1:17:38	0:09:05	5:53:14	0:03:23	3:35:33	Belgium	
35fb095f-079a-f011-b4cb-7ced8d70c1af	78	Finan Close	M	M18-24	3	10:58:55	0:57:39	0:10:10	6:08:36	0:08:46	3:33:44	United Kingdom	
8e053ffe-a67f-45d4-abfa-963ef7d9518b	79	Stefan Truog	M	M45-49	5	10:59:22	1:22:09	0:10:40	5:44:18	0:03:34	3:38:42	Switzerland	
ab8956fe-b4eb-476f-9793-58a5fe203011	80	Janik Ortanderl	M	M30-34	15	11:01:53	1:04:23	0:09:15	6:16:33	0:03:50	3:27:51	Germany	
ac7817bb-ff7b-ef11-a670-000d3a338a3c	81	Sebastian Greasley	M	M25-29	8	11:03:29	1:07:50	0:10:00	6:01:37	0:05:11	3:38:51	United Kingdom	
0589a0f4-d4a4-446e-9fe1-0429652655ba	82	Aidan Flanagan	M	M50-54	1	11:03:31	1:17:16	0:10:36	6:02:29	0:04:27	3:28:42	Ireland	
fe760d35-c976-ef11-a670-000d3a595126	83	Jordan Harris	M	M25-29	9	11:03:32	1:09:16	0:10:02	6:00:03	0:06:06	3:38:04	United Kingdom	
b8941d7a-3b57-4fad-b240-d070a4051532	84	Maja Indermühle	F	FPRO	7	11:04:41	1:11:13	0:08:20	5:53:07	0:05:46	3:46:15	Switzerland	
2ddc6d33-5179-401e-b88b-c0a26abe0ecd	85	Gregory Le Dret	M	M40-44	7	11:05:01	1:13:31	0:10:52	6:03:58	0:04:02	3:32:38	France	
7797481d-0e9a-f011-b4cc-000d3a5b50ba	86	Atro Autio	M	M25-29	10	11:05:28	1:22:26	0:13:03	5:55:40	0:07:31	3:26:49	Finland	
78ff24fb-6217-41b7-b2b9-b23973a50de8	87	Sonia Tomegros Regalado	F	FPRO	8	11:07:39	1:11:49	0:08:48	6:09:13	0:04:25	3:33:23	Denmark	
213076a1-f316-42f5-8c87-d3107393bdb2	88	Mike Tynan	M	M35-39	10	11:08:18	1:03:48	0:09:56	5:49:17	0:05:52	3:59:26	United Kingdom	
3037b103-b35a-41d9-9c58-c31610dd8e96	89	John Hampsey	M	M35-39	11	11:08:34	1:08:39	0:09:56	6:23:27	0:04:11	3:22:20	United Kingdom	
ea403708-8ca7-f011-bbd3-6045bd05fcc1	90	Harri Horwood	M	M25-29	11	11:09:23	1:21:09	0:12:01	5:51:04	0:05:29	3:39:40	United Kingdom	
eac91adc-bec7-42c4-bcbf-167db58e9fc9	91	Sam Cheverton	M	M30-34	16	11:09:27	1:15:30	0:08:55	6:11:03	0:05:03	3:28:56	United Kingdom	
e57a5551-e776-45e9-95ae-766d18774c3d	92	Ben Smith	M	M40-44	8	11:09:55	1:11:46	0:09:37	5:51:29	0:03:49	3:53:15	United Kingdom	
14bfbfb6-ba98-f011-b4cc-6045bd05f634	93	Chris Burton	M	M40-44	9	11:10:26	1:19:30	0:10:08	5:57:50	0:02:45	3:40:13	United Kingdom	
61c0456a-cf17-4bd4-a735-6f67eb8240e7	94	Thomas Parkinson	M	M35-39	12	11:10:35	1:18:03	0:11:37	5:48:26	0:06:51	3:45:39	United Kingdom	
bd4a7608-369d-f011-b41c-002248098cfa	95	Nick Baldwin	M	MPRO	28	11:10:44	1:02:35	0:08:39	6:36:45	0:03:12	3:19:33	Seychelles	
b06ffc43-9fd4-e911-a995-000d3a34ed47	96	Paul Ryman	M	M45-49	6	11:10:54	1:01:16	0:10:23	5:56:03	0:05:08	3:58:05	United Kingdom	
6cae9deb-0806-4720-9e84-a177e7421e7c	97	Sion Gallent	M	M35-39	13	11:11:21	1:19:19	0:10:35	6:10:10	0:05:27	3:25:50	United Kingdom	
cc7f0fcb-6676-ef11-a670-00224808894b	98	Kenny Bell	M	M35-39	14	11:11:55	1:05:49	0:11:55	6:16:17	0:05:26	3:32:28	United Kingdom	
b47f6ae9-3df2-4372-90ed-6e440c5ca737	99	Oli Freeman	M	M30-34	17	11:12:02	1:05:25	0:09:54	5:58:37	0:04:30	3:53:36	United Kingdom	
e9075a8b-099a-f011-b4cc-0022480c097c	100	Struan Simpson	M	M35-39	15	11:12:39	1:23:23	0:09:29	6:28:32	0:03:09	3:08:06	United Kingdom	
8bbf6fd9-0fa4-eb11-b1ac-000d3a3b541d	101	Julian Schepp	M	M35-39	16	11:13:23	1:31:50	0:11:26	5:56:25	0:04:12	3:29:29	Germany	
51c704a5-8a31-4318-aecf-d54408c0ba19	102	Francis Marsh	M	M40-44	10	11:14:39	1:20:52	0:11:50	6:07:56	0:03:38	3:30:24	United Kingdom	
8c442677-a37e-408c-a86a-6307773261cc	103	Tom Hellemans	M	M45-49	7	11:14:53	1:09:09	0:09:44	6:13:54	0:03:22	3:38:44	Belgium	
3c023c2f-c847-4d10-ae0e-f74bd5c65033	104	Alex Leverett	M	M35-39	17	11:15:09	1:04:07	0:11:01	6:04:50	0:05:27	3:49:43	United Kingdom	
b77b0698-d7cd-4f30-8c65-db474bc7d607	105	Ben Peever	M	M25-29	12	11:16:06	1:11:29	0:09:24	5:59:13	0:04:00	3:52:00	United Kingdom	
90a43df0-12de-ea11-a815-000d3a5913bd	106	Matthew Fallon		M25-29	13	11:16:27	1:14:06	0:11:39	6:04:35	0:04:54	3:41:12	United Kingdom	
e1073ba5-7c55-43b9-af67-091f01e64319	107	Loic Umbricht	M	M25-29	14	11:17:26	1:21:07	0:11:52	6:02:14	0:05:55	3:36:18	France	
e9b3cc72-6eb2-4856-a093-45496cf06b2f	108	Bleddyn Evans	M	M40-44	11	11:17:32	1:14:05	0:09:14	5:47:35	0:04:50	4:01:49	United Kingdom	
8a030590-9057-4705-a4b4-f261ee2a442f	109	Aled Keating	M	M30-34	18	11:17:40	1:11:38	0:09:42	6:18:52	0:03:32	3:33:56	United Kingdom	
3432dba9-e751-4592-9902-580664c16409	110	Shane Davies	M	M35-39	18	11:17:55	1:15:38	0:08:58	5:58:41	0:05:05	3:49:33	United Kingdom	
3c9aeb0f-4b78-4993-ab71-7001c3d036c2	111	Stephen George	M	M40-44	12	11:19:48	1:32:06	0:09:14	5:41:48	0:04:46	3:51:54	United Kingdom	
38b1f05e-2da7-473b-8aa3-0165e098dc61	112	Conrad Lawson	M	M50-54	2	11:20:05	1:19:44	0:11:45	6:00:28	0:05:38	3:42:31	United Kingdom	
e01725c4-6dca-459e-8916-1ad8f9c06feb	113	Robert Parinussa	M	M40-44	13	11:20:15	1:35:17	0:09:53	5:53:47	0:05:38	3:35:39	Netherlands	
8552bc5c-1309-49f4-a3f0-b21d186acb07	114	Wolfgang Schmatz	M	M60-64	1	11:20:33	1:11:30	0:09:22	6:06:12	0:03:57	3:49:33	Germany	
f2b4aace-8815-4287-9657-77e4ffe50442	115	Nino Gatti	M	M40-44	14	11:20:36	1:10:14	0:09:20	6:06:55	0:05:42	3:48:25	United Kingdom	
f807ad2f-3f52-44a7-997d-dfa265117a9f	116	Simon Levasseur	M	M50-54	3	11:21:35	1:17:02	0:09:59	6:12:33	0:03:40	3:38:20	Canada	
4135a1b8-2a2a-4d93-ad93-361fe2224e1d	117	Dee Allen	F	FPRO	9	11:21:39	1:07:48	0:08:19	6:41:12	0:03:00	3:21:20	United Kingdom	
b636b0df-45de-ef11-8eea-6045bd048089	118	Oliver Roberts	M	M18-24	4	11:21:49	1:20:30	0:09:33	6:07:50	0:05:46	3:38:10	United Kingdom	
0b468ead-caf5-4d64-99f8-14c596fd5260	119	Ryan Snee	M	M30-34	19	11:21:49	1:04:59	0:07:57	6:03:23	0:10:58	3:54:32	United Kingdom	
b1ee3ff4-d92b-476f-b8d9-89fb1acc6c83	120	Rhys Lane	M	M30-34	20	11:22:06	1:08:07	0:08:36	6:04:31	0:04:42	3:56:09	United Kingdom	
d453621b-296b-4708-b959-7d78c76bd2f2	121	Nathan Howells	M	M30-34	21	11:23:07	1:12:13	0:08:36	6:18:04	0:05:16	3:38:58	United Kingdom	
627870f0-7aa5-49d4-b1f5-d81abec5ef8e	122	Guto Edwards	M	M25-29	15	11:23:31	1:08:51	0:08:22	6:14:59	0:03:53	3:47:26	United Kingdom	
be4c9801-cab5-44e5-b729-1e7db46a05b9	123	Michael Jones	M	M30-34	22	11:23:53	1:24:39	0:14:32	6:06:55	0:04:10	3:33:37	United Kingdom	
d5cb6308-a394-f011-b4cc-6045bd09951e	124	Tobias Speckmann	M	M18-24	5	11:24:09	1:14:36	0:11:32	6:02:19	0:09:11	3:46:31	Germany	
0c4f8459-e877-ef11-a670-000d3a5b3d07	125	Jack Reddy	M	M18-24	6	11:24:14	1:16:01	0:09:36	6:14:11	0:04:41	3:39:45	United Kingdom	
0fb4cd55-1d9a-f011-b4cc-0022480c097c	126	Lloyd Roberts	M	M25-29	16	11:24:59	1:12:29	0:12:40	6:30:54	0:07:07	3:21:49	United Kingdom	
ac973578-03f4-ed11-8848-000d3a314329	127	Lloyd Williams	M	M30-34	23	11:25:14	1:30:49	0:11:49	6:27:27	0:04:58	3:10:10	United Kingdom	
ca24c90c-2cc7-4c53-a155-0654b7d9371c	128	Richard Stead	M	M40-44	15	11:25:28	1:13:06	0:15:07	6:06:20	0:11:32	3:39:23	United Kingdom	
d5f7a365-08af-4a1b-9e6a-44dd29118381	129	Michal Nesrsta	M	M45-49	8	11:25:30	1:09:17	0:10:28	6:11:36	0:03:43	3:50:26	Czech Republic	
272a703b-f988-4389-ac8b-14915d33cebb	130	Craig Hunter	M	M50-54	4	11:25:38	1:02:59	0:11:51	6:22:24	0:04:39	3:43:45	United Kingdom	
fb6d22a9-0278-ef11-a670-002248049fdc	131	Rhys Emanuel	M	M18-24	7	11:25:58	1:16:06	0:08:58	6:10:47	0:05:24	3:44:42	United Kingdom	
f1d2af23-392b-4755-b6d8-eba490a34ab6	132	Josh Rugen	M	M30-34	24	11:26:11	1:24:26	0:10:42	6:10:12	0:04:00	3:36:51	United Kingdom	
3db9a198-ce71-f011-bec2-0022480c097c	133	Jonathan Armitage	M	M35-39	19	11:26:41	1:30:52	0:11:42	6:01:32	0:05:45	3:36:51	United Kingdom	
89bc7ba6-a2c6-4719-b212-c649c11087f7	134	Joseph Witts	M	M30-34	25	11:27:23	1:12:33	0:10:07	6:06:59	0:04:04	3:53:41	United Kingdom	
8e5a9aa5-ea4b-ee11-be6e-000d3a314be4	135	Daniel Price	M	M40-44	16	11:27:26	1:25:41	0:10:32	6:11:52	0:03:56	3:35:26	United Kingdom	
16f97be3-9828-451e-a258-8d5806d2b77a	136	Daniel Collins	M	M30-34	26	11:27:28	1:13:37	0:09:54	6:01:16	0:04:37	3:58:04	United Kingdom	
9ea024a8-4627-4d53-af79-cafbf6d3daab	137	Dominic Allan	M	M25-29	17	11:27:41	1:12:08	0:09:19	6:15:03	0:03:57	3:47:12	United Kingdom	
61c5a028-77e2-ef11-8eea-6045bd088264	138	Rhodri Jones	M	M35-39	20	11:27:53	1:19:02	0:09:49	5:30:42	0:03:33	4:24:47	United Kingdom	
7c5b7802-13b1-4594-ad27-8c893455f38a	139	Craig Jones	M	M40-44	17	11:28:26	1:09:47	0:14:42	6:12:44	0:07:01	3:44:12	United Kingdom	
c0cdf9aa-859b-4d56-9cfb-40319181a806	140	Gareth Morris	M	M40-44	18	11:30:04	1:21:35	0:09:36	6:15:27	0:04:28	3:38:58	United Kingdom	
550dbaa9-9f8e-42a6-bb3f-56ea6d6d0dbc	141	Simon Wybenga	M	M30-34	27	11:30:10	1:09:47	0:09:47	6:11:37	0:04:16	3:54:44	Australia	
05a430ed-97fa-467e-a6c0-bb58d3fc4423	142	Haydn Gibson	M	M30-34	28	11:30:47	1:24:29	0:10:34	6:08:57	0:03:50	3:42:56	United Kingdom	
1b3472bf-0f52-4dfe-bf02-1b85c1c0fa60	143	James Sarginson	M	M25-29	18	11:30:56	1:09:38	0:09:16	6:23:50	0:06:52	3:41:20	United Kingdom	
15a402c0-1339-400c-87c4-00b2f32a58ab	144	Dirk Löwer	M	M55-59	1	11:31:04	1:20:06	0:11:04	6:07:11	0:04:33	3:48:10	Germany	
0f166a56-f378-ef11-a670-000d3a338a3c	145	Ronny Kynes	M	M40-44	19	11:31:16	1:28:41	0:09:55	6:06:12	0:02:38	3:43:49	United Kingdom	
7192e807-c741-4514-9d1e-bf5b20a0b507	146	Joel Knott	M	M35-39	21	11:31:16	1:26:16	0:10:23	6:14:23	0:05:08	3:35:06	United Kingdom	
802e0a3d-dbe8-4e99-b8e8-b0dd0da0c9e4	147	Luuk Pels	M	M25-29	19	11:31:38	1:25:11	0:10:46	6:00:57	0:05:35	3:49:10	Netherlands	
4320cf61-1ad0-457a-b9c4-ac348d360ed8	148	Steve Collins	M	M35-39	22	11:32:02	1:27:15	0:11:38	6:08:28	0:06:06	3:38:34	United Kingdom	
c1a83f18-e383-4812-af80-6136dc6e04d7	149	Christian Martin-Redman	M	M25-29	20	11:33:11	1:19:46	0:09:57	6:20:59	0:05:36	3:36:52	United Kingdom	
2a21b8bb-df31-45b3-8419-7594430edf6f	150	Thomas Dauncey	M	M35-39	23	11:33:24	1:04:40	0:13:06	6:29:31	0:08:46	3:37:21	United Kingdom	
2d1d2714-8737-4fe0-8143-cf2e5443bc50	151	Ceri Morgan	M	M35-39	24	11:33:32	1:15:30	0:10:39	6:05:15	0:05:49	3:56:18	United Kingdom	
00985edf-3e71-4b52-93c4-4000693f0bb1	152	Quintin De Raad	M	M35-39	25	11:33:37	1:07:37	0:10:02	6:21:42	0:05:48	3:48:28	United Kingdom	
27019291-ea73-ef11-a670-0022480ac0a9	153	Ben drennan	M	M25-29	21	11:33:42	1:12:37	0:08:48	6:15:47	0:02:53	3:53:37	United Kingdom	
4025cb7c-079a-f011-b4cc-0022480a7385	154	Rachel Baker	F	F40-44	1	11:33:52	1:11:00	0:11:11	6:13:31	0:05:10	3:53:00	United Kingdom	
7509f559-b575-498d-9a89-3a191daa9dc8	155	Richard Elgar	M	M35-39	26	11:34:35	1:10:00	0:08:35	6:50:30	0:06:03	3:19:26	United Kingdom	
b913182c-68ac-4b6c-b0fc-b14b833567cb	156	Ricky Pearson	M	M35-39	27	11:34:50	1:16:25	0:09:49	6:30:34	0:06:57	3:31:05	United Kingdom	
6ba0744b-96d5-ef11-8ee9-000d3a5ae96c	157	Aaron Felcher	M	M25-29	22	11:35:24	1:23:24	0:11:28	6:10:19	0:07:11	3:43:02	United States	
8f1741d2-82a6-42f4-b68d-dd9438e4705c	158	Christian Phillips	M	M45-49	9	11:35:26	1:26:37	0:12:25	5:47:29	0:07:42	4:01:12	United Kingdom	
ed2f8140-4f63-48a1-b107-40a141a0278c	159	Bertrand Leemans	M	M35-39	28	11:35:33	1:19:22	0:12:23	6:24:52	0:04:04	3:34:52	Belgium	
fbb2f754-d774-4c0b-adbb-01904d6e8792	160	Reno Van Heel	M	M30-34	29	11:36:22	1:07:45	0:09:13	6:16:55	0:04:59	3:57:31	Netherlands	
4a3c78ed-4db9-4675-ad01-234640efb2eb	162	Jake Howells	M	M25-29	23	11:36:39	1:11:01	0:08:53	6:08:11	0:03:47	4:04:47	United Kingdom	
adbe8697-b00b-42c8-9520-0d12945a9075	163	Cameron Swindells	M	M30-34	30	11:36:42	1:09:48	0:12:29	6:19:27	0:05:55	3:49:03	United Kingdom	
1c56a7aa-399a-f011-b4cc-000d3a5b7c3b	164	Julian Jarvis	M	M35-39	30	11:37:16	1:27:31	0:12:18	5:59:58	0:05:22	3:52:08	United Kingdom	
25a83ff2-f589-4997-83bf-bc0c3df8308b	165	Ben Probert	M	M40-44	20	11:37:54	1:13:24	0:12:34	6:06:05	0:05:36	4:00:15	United Kingdom	
b7728844-2365-ef11-bfe3-6045bd0953ac	166	Jack Curtin	M	M35-39	31	11:39:05	1:11:17	0:10:12	6:15:28	0:05:57	3:56:10	United Kingdom	
d7a3650c-033b-42c9-9b1d-aec36be269c3	167	Ethan Dunning	M	M25-29	24	11:39:28	1:12:53	0:09:23	6:21:55	0:04:20	3:50:58	United Kingdom	
c290e2c1-2382-410f-943e-2b143c29f671	168	Alex Lyne	M	M30-34	31	11:39:29	1:35:02	0:11:45	5:57:23	0:05:27	3:49:53	United Kingdom	
3e441621-6f1a-4a83-8032-ee962df572f1	169	Eamon Lewis	M	M30-34	32	11:39:32	1:15:02	0:13:04	6:18:29	0:06:02	3:46:54	Canada	
c5be46e1-54d8-465d-9e6b-604bb76fdaa8	170	Mike Lüthi	M	M35-39	32	11:39:54	1:16:27	0:09:59	6:09:52	0:03:49	3:59:48	Switzerland	
65785d84-079a-f011-b4cc-000d3a35ffc1	171	Dion Jac Hughes	M	M25-29	25	11:40:02	1:22:26	0:14:01	5:53:47	0:04:28	4:05:21	United Kingdom	
98a6b355-eb37-4660-a4d3-a9ae8ba7f043	172	Steve Clift	M	M50-54	5	11:40:18	1:26:42	0:10:23	6:02:00	0:06:11	3:55:03	United Kingdom	
aabfc9fe-16d9-e911-a988-000d3a364086	173	Sean Haddock	M	M45-49	10	11:40:50	1:28:47	0:13:37	6:00:16	0:03:56	3:54:14	United Kingdom	
9e17c7db-647a-ef11-a670-000d3a3126fd	174	Matthew Flood	M	M35-39	33	11:41:16	1:10:10	0:12:59	6:26:00	0:05:58	3:46:08	United Kingdom	
de1e5c28-7106-487c-9c4b-6941319c3f0c	175	Bieke Trenson	F	F35-39	1	11:41:16	1:13:58	0:09:27	6:20:58	0:03:12	3:53:40	Belgium	
d7d7888f-8f3f-45a8-82e6-f26a81499986	176	Ben Hill	M	MPRO	29	11:41:21	0:51:52	0:06:33	7:44:04	0:06:00	2:52:52	Australia	
159cb38c-96fe-408e-8fec-9096eaf03c37	177	Matthew Pottenger	M	M40-44	21	11:41:37	1:25:06	0:16:37	6:18:09	0:09:30	3:32:14	United Kingdom	
85d73121-fdf4-47c3-9bd6-1684fdc63833	178	Ifan Dafydd	M	M30-34	33	11:41:53	1:17:32	0:12:49	6:22:39	0:08:19	3:40:34	United Kingdom	
27699e88-2015-4b29-87f7-0b1a6b66e2cc	179	Stephen Stokes	M	M35-39	34	11:42:28	1:30:22	0:13:25	6:15:41	0:07:51	3:35:08	United Kingdom	
a7d13a4a-c44e-e911-a994-000d3a34ef1d	180	Gareth Selway	M	M45-49	11	11:42:31	1:18:45	0:10:01	6:12:28	0:04:58	3:56:18	United Kingdom	
26384a08-3ba7-4a7b-8546-dc4eda940a10	181	David Sheldon	M	M35-39	35	11:42:33	1:32:49	0:12:12	6:02:26	0:04:30	3:50:36	United Kingdom	
c32f9e13-e29a-f011-b4cc-6045bd09951e	182	Jac Evans	M	M35-39	36	11:43:24	1:18:57	0:11:13	6:01:22	0:04:43	4:07:10	Cayman Islands	
be367408-1a96-f011-b4cc-0022480a7385	183	Oliver Richards	M	M30-34	34	11:43:57	1:21:24	0:10:25	6:27:13	0:03:55	3:41:00	United Kingdom	
dbfb668e-42be-424d-9f18-447b0575e317	184	Nathan Evans	M	M25-29	26	11:44:00	1:16:13	0:11:47	6:12:01	0:04:48	3:59:11	United Kingdom	
554323f0-7ac5-402b-8023-dde7b58be9d2	185	Brian Stowe	M	M25-29	27	11:44:05	1:16:52	0:09:40	6:03:30	0:05:52	4:08:11	United States	
7a43a24d-9781-ef11-ac20-000d3a59a9a1	186	Frank Arentz	M	M25-29	28	11:44:25	1:30:01	0:10:59	5:28:58	0:04:04	4:30:22	United Kingdom	
736b70b6-9be7-ef11-8eea-002248049fdc	187	Rory Clements	M	M30-34	35	11:44:43	1:13:56	0:14:24	6:15:05	0:07:28	3:53:50	United Kingdom	
c6c9dbd2-c783-4712-82f3-9637919b5770	188	Stuart Clark	M	M40-44	22	11:45:50	1:16:35	0:09:35	5:57:00	0:08:42	4:13:58	United Kingdom	
fc867b92-9856-43cb-beb0-6de572c36cd2	189	Brian James	M	M45-49	12	11:46:18	1:33:26	0:10:06	6:06:52	0:03:49	3:52:05	United Kingdom	
335a616b-ea99-f011-b4cc-000d3a3173b5	190	michael hanley	M	M50-54	6	11:46:18	1:28:18	0:13:03	6:17:59	0:04:24	3:42:34	United Kingdom	
7dd62412-e4d5-4e40-b08c-73ca626e28ee	191	Steffan Kingdon	M	M25-29	29	11:46:52	1:10:18	0:13:39	6:31:17	0:05:45	3:45:53	United Kingdom	
61153784-0b97-f011-b4cc-000d3a5b7c3b	192	Matthew Juniper	M	M18-24	8	11:47:00	1:07:46	0:11:29	6:36:59	0:05:23	3:45:25	United Kingdom	
aa874a1b-8a88-47d8-8a83-a9e4485deb86	193	Glyn Tallon	M	M50-54	7	11:47:16	1:24:53	0:13:07	6:10:47	0:06:28	3:52:02	Ireland	
233bf037-6e0e-43f3-b2f8-a4ea4772f7a2	194	Gareth Hughes	M	M35-39	37	11:47:26	1:19:25	0:09:57	6:28:47	0:04:18	3:44:58	United Kingdom	
4bec8d46-d3e2-ef11-8eea-000d3a5ae96c	195	Tomos Jukes	M	M30-34	36	11:47:51	1:10:14	0:13:13	6:29:08	0:06:41	3:48:35	United Kingdom	
6d1175b3-3980-ef11-ac21-6045bd02949c	196	Joseph Powell	M	M25-29	30	11:48:02	1:07:50	0:12:35	6:04:47	0:05:49	4:17:00	United Kingdom	
f0153a6f-28d7-ee11-9079-000d3a314d17	197	Ben Hurn	M	M40-44	23	11:48:19	1:21:49	0:11:19	6:21:33	0:06:01	3:47:37	United Kingdom	
f8988b08-ac17-4322-9931-8512883bccd0	198	Rogan Matthews	M	M45-49	13	11:48:33	1:10:21	0:11:45	6:04:48	0:07:10	4:14:30	United Kingdom	
556a37d6-0d9a-f011-b4cc-0022480c097c	199	Hugo Marsh	M	M25-29	31	11:48:37	1:17:56	0:11:55	6:13:56	0:04:30	4:00:20	United Kingdom	
a57d440c-3508-40a0-ba4c-f553cd814af8	200	Josh Brown	M	M30-34	37	11:49:08	1:06:07	0:09:11	7:10:58	0:04:08	3:18:45	United Kingdom	
c7f9f9b9-b25e-4d51-a803-32ed391d7fe2	201	Chris Frearson	M	M40-44	24	11:49:10	1:30:37	0:10:53	6:05:17	0:05:07	3:57:16	United Kingdom	
bf9fba4e-d5c9-49af-83fa-3cdd4e9a50e5	202	Dries De Vos	M	M35-39	38	11:49:50	1:51:32	0:14:28	5:57:17	0:08:00	3:38:32	Belgium	
d33ab83c-0033-4c55-ad13-22ed7a336740	203	Scott Walker	M	M50-54	8	11:50:05	1:06:58	0:12:24	6:35:33	0:05:59	3:49:11	United Kingdom	
b06dcee8-d427-4e03-8a47-9b69e03c1691	204	Gareth Howarth	M	M35-39	39	11:51:18	1:19:28	0:10:01	6:20:32	0:04:39	3:56:38	United Kingdom	
c6ef1081-6b50-485e-87dc-b6ac5f90dc45	205	Philip Morgan	M	M45-49	14	11:51:31	1:28:08	0:14:36	6:11:14	0:05:10	3:52:23	United Kingdom	
6d8ea5b3-32af-f011-bbd3-000d3a5b50ba	206	Harry Farson	M	M25-29	32	11:51:54	1:12:44	0:11:52	6:52:09	0:06:39	3:28:29	Ireland	
f13e68a4-5479-46a9-81a0-fb3f5ad15821	207	Mason Pritchard	M	M25-29	33	11:52:04	1:24:11	0:09:45	5:58:20	0:04:32	4:15:17	United Kingdom	
9dd181c7-87b5-4a43-a98c-fb9f6eed6e0f	208	Edward Birch	M	M18-24	9	11:52:21	1:12:28	0:12:43	6:41:11	0:05:39	3:40:20	United Kingdom	
6079eda8-54fc-ef11-bae2-00224805ddb9	209	Aaron Mead	M	M35-39	40	11:52:39	1:19:09	0:12:20	6:21:38	0:05:13	3:54:19	United Kingdom	
4195a780-5999-f011-b4cc-000d3a5b7c3b	210	Marc Davies	M	M50-54	9	11:52:52	1:16:46	0:11:14	6:19:21	0:06:16	3:59:15	United Kingdom	
21fd09a1-5865-ef11-bfe3-000d3a367177	211	Rhys Evans	M	M25-29	34	11:53:04	1:20:47	0:10:37	6:31:27	0:04:15	3:45:59	United Kingdom	
a9c3f7e3-fd9e-4144-ba7f-197545563b1b	212	Ben Phillips	M	M35-39	41	11:53:06	1:31:49	0:14:47	6:08:11	0:07:05	3:51:13	United Kingdom	
5d2f8746-c2ed-4aeb-8278-d1292723ee4e	213	Sergey Korobov	M	M45-49	15	11:53:13	1:21:28	0:12:05	6:29:01	0:06:10	3:44:29	United Kingdom	
b5303333-618d-4c86-8ff4-ed9b9775d504	214	Simon Tubbs	M	M50-54	10	11:53:15	1:20:54	0:10:31	6:04:47	0:08:51	4:08:13	United Kingdom	
9be084a9-a19e-f011-b41c-0022480c097c	215	Owen Evans	M	M18-24	10	11:53:29	1:24:59	0:11:51	5:57:23	0:05:21	4:13:54	Cayman Islands	
58a64a2a-0214-4516-a0eb-565b90dbb9e0	216	Carl Singleton	M	M45-49	16	11:53:41	1:18:29	0:11:47	6:23:17	0:06:00	3:54:09	United Kingdom	
f560554f-2878-ee11-8179-000d3a314329	217	Rhys Jones	M	M25-29	35	11:53:42	1:15:13	0:12:16	6:22:18	0:05:12	3:58:43	United Kingdom	
4e0d7f45-47cc-4bf2-afa8-41a7cbbadce3	218	Rhys Jones	M	M30-34	38	11:54:00	1:32:25	0:14:49	6:14:53	0:04:52	3:47:00	United Kingdom	
e5bd1e02-72e5-4222-8f2f-5ef229ec3e05	219	Gareth Ryan	M	M45-49	17	11:54:30	1:33:44	0:09:54	6:13:55	0:03:36	3:53:21	United Kingdom	
3a771462-c448-4886-863a-ddbb2a5379cd	220	Fin Bowie	M	M25-29	36	11:54:44	1:13:52	0:09:01	6:02:57	0:04:27	4:24:27	United Kingdom	
0f21bc8e-1549-4002-a811-8353dc3291a5	221	James Wanless	M	M45-49	18	11:55:02	1:24:55	0:10:08	6:04:28	0:02:57	4:12:33	United Kingdom	
311a3e66-1fb9-43c1-8ca1-7456efedfd96	222	Michael Thomas	M	M50-54	11	11:55:29	1:23:17	0:11:40	6:23:42	0:05:30	3:51:20	United Kingdom	
84a9ac79-e343-4edd-ae05-17dde9e889c9	223	Huw Thomas	M	M45-49	19	11:55:33	1:21:32	0:12:14	6:00:07	0:07:52	4:13:48	United Kingdom	
8c4c26c0-007c-ef11-a670-000d3a5b3d07	224	Nathan Bruce	M	M25-29	37	11:55:44	1:24:59	0:11:57	6:25:04	0:08:02	3:45:42	United Kingdom	
dc71b1df-e999-f011-b4cc-000d3a5cf7d8	225	David kerr	M	M40-44	25	11:55:58	1:48:42	0:16:30	6:04:41	0:05:51	3:40:14	United Kingdom	
fc8eaa2d-ddc2-429a-b6c1-fa779d8325e9	226	Robert Atkin	M	M45-49	20	11:56:06	1:12:40	0:13:37	6:39:18	0:06:17	3:44:14	United Kingdom	
740c53d8-af85-ef11-ac21-000d3a338a3c	227	Liam Jenkins	M	M30-34	39	11:56:25	1:14:27	0:09:38	6:27:57	0:04:04	4:00:18	United Kingdom	
824c5b62-4b62-4986-97c8-0079acafeadf	228	Elly Blackwell	F	F35-39	2	11:56:44	1:14:28	0:10:48	6:22:36	0:07:33	4:01:19	United Kingdom	
c75a667b-75ab-ef11-b8e8-000d3a5a403c	229	Gian-Luc Angiolini	M	M30-34	40	11:56:45	1:27:49	0:16:15	6:18:45	0:09:27	3:44:29	United Kingdom	
895a01bd-b814-4c93-86e8-fcbaeb7166f3	230	Hendrik De Smet	M	M25-29	38	11:57:03	1:34:04	0:12:56	6:19:51	0:05:36	3:44:35	United Kingdom	
068817b7-8ba2-f011-bbd3-000d3a5b7c3b	231	Reegan Evans	M	M18-24	11	11:57:13	1:26:49	0:11:22	6:15:18	0:04:44	3:59:00	United Kingdom	
0a3296d3-9bec-4884-9729-14aec5b6c579	232	Benjamin Isinger	M	M25-29	39	11:57:24	1:14:37	0:09:05	6:36:03	0:04:30	3:53:09	Germany	
f5dd81a3-2ca3-ea11-a812-000d3a5a1bfb	233	Joel Elliott	M	M25-29	40	11:57:43	1:24:47	0:12:22	6:40:10	0:07:43	3:32:41	United Kingdom	
8ece2190-079a-f011-b4cc-0022480a7385	234	Sam Fleming	M	M30-34	41	11:58:27	1:25:59	0:13:18	6:11:56	0:06:29	4:00:44	United Kingdom	
babb33e1-0abd-499b-8f7f-d6e90412497c	235	Stephen Downing	M	M45-49	21	11:58:31	1:14:23	0:12:31	6:18:41	0:06:44	4:06:13	United Kingdom	
ec4bf421-677f-4fc1-8dc9-b19a75223af0	236	Harry Smallman	M	M25-29	41	11:58:33	1:20:47	0:10:18	6:32:04	0:05:12	3:50:13	United Kingdom	
3de29f0f-0e4c-ef11-a316-000d3a3b4ec1	237	Eoin WYLIE	M	M45-49	22	11:59:02	1:21:17	0:14:20	6:35:20	0:06:20	3:41:44	Ireland	
cd16cf26-089d-4552-8cb5-ca924e4fba55	238	Shaun Scrivens	M	M35-39	42	11:59:27	1:30:18	0:12:56	6:16:31	0:06:43	3:53:00	United Kingdom	
6894d3bd-176a-4da7-96bd-7b90586b82e7	239	Matt Luxton	M	M40-44	26	11:59:36	1:10:38	0:10:48	6:16:25	0:06:32	4:15:15	United Kingdom	
5a237bd6-8864-4763-b237-00a15a267cca	240	Andrew Tatton	M	M40-44	27	11:59:52	1:38:45	0:13:56	6:25:23	0:05:21	3:36:28	United Kingdom	
f7ffedc0-be6f-42d8-ae76-52c89fec104b	241	Darren Treadaway	M	M45-49	23	12:00:33	1:07:09	0:09:33	6:11:04	0:03:17	4:29:30	United Kingdom	
203d208d-2350-f011-877a-0022480c097c	242	Cory Thompson Leighton	M	M25-29	42	12:00:36	1:26:16	0:12:19	6:28:07	0:06:07	3:47:48	United Kingdom	
4d493549-4ea5-4947-89d9-b9263914821e	243	Drew Butchart	M	M30-34	42	12:01:05	1:34:01	0:24:38	5:52:37	0:13:29	3:56:20	United Kingdom	
d564d4f0-8586-f011-b4cc-000d3a5cf7d8	244	Ben Green	M	M30-34	43	12:01:16	1:03:30	0:12:17	6:19:30	0:05:59	4:20:00	United Kingdom	
bcdb8362-84d7-4849-896b-5a9264083794	245	Samuel Pickard	M	M30-34	44	12:01:31	1:21:25	0:12:55	6:28:58	0:07:22	3:50:51	United Kingdom	
9b75002b-d72f-4acf-8f92-58a8b692d76b	246	Ellison Griffiths	M	M35-39	43	12:01:36	1:17:34	0:11:28	6:16:20	0:05:01	4:11:13	United Kingdom	
34c68d9f-2996-f011-b4cc-6045bd05fcc1	247	Dylan Harcombe	M	M25-29	43	12:02:12	1:14:11	0:08:14	7:02:47	0:04:57	3:32:03	United Kingdom	
acaea9a2-146f-4c5b-ba68-37bd8043ee83	248	James Levannais	M	M45-49	24	12:02:23	1:18:06	0:17:09	6:20:27	0:05:04	4:01:37	United Kingdom	
a80e0075-7e9b-f011-b41c-000d3a35ffc1	249	Robert Riches	M	M25-29	44	12:02:42	1:16:20	0:10:28	6:18:53	0:05:01	4:12:00	United Kingdom	
fe5c2e56-e220-487b-8075-25a6d3af4557	250	Vincent Jaud	M	M50-54	12	12:02:49	1:22:51	0:14:23	6:32:22	0:05:49	3:47:23	France	
fe4a4e23-f950-406b-8edc-d02ff662067f	251	Paul Hampton	M	M40-44	28	12:02:54	1:09:06	0:12:26	6:29:29	0:07:46	4:04:07	United Kingdom	
d8218af2-fe7b-ef11-a670-000d3a5a1803	252	Olivia Stock	F	F25-29	2	12:02:59	1:20:58	0:11:21	6:46:45	0:03:57	3:39:58	United Kingdom	
c928d678-9eaf-ee11-a569-000d3a314ae2	253	laura davies	F	F35-39	3	12:03:08	1:46:38	0:14:37	6:25:35	0:04:34	3:31:44	United Kingdom	
ed603402-9fa2-f011-bbd3-000d3a5b50ba	254	Jac Bennett	M	M18-24	12	12:03:32	1:22:04	0:11:37	6:11:33	0:07:28	4:10:50	United Kingdom	
629ca55d-9e8c-ef11-ac21-6045bd048089	255	Phil Higley	M	M35-39	44	12:03:33	1:16:45	0:10:23	6:33:05	0:04:32	3:58:49	United Kingdom	
8bc0e08e-281f-4985-bdab-ca671a3e3961	256	Jamie Brown	M	M30-34	45	12:03:34	1:23:46	0:11:42	6:39:20	0:05:58	3:42:46	United Kingdom	
6b19d624-55cc-4233-8daf-48724a67604c	257	Mike Slack	M	M35-39	45	12:03:39	1:05:03	0:10:08	6:06:03	0:04:10	4:38:14	United Kingdom	
1e91a57d-81f5-4e7e-a271-1a5cace0e708	258	Ben Pleasants	M	M40-44	29	12:03:49	1:09:26	0:11:21	6:07:31	0:07:53	4:27:38	United Kingdom	
87916b5d-77ff-45f8-b3a1-c9bc9bd6eabd	259	Derek Clarke	M	M55-59	2	12:04:42	1:25:07	0:11:08	6:19:23	0:04:22	4:04:42	United Kingdom	
5282782c-2bad-f011-bbd3-000d3a5cf7d8	260	Michael Norris	M	M30-34	46	12:04:53	1:25:30	0:15:58	6:23:56	0:05:26	3:54:03	United Kingdom	
d8dca794-0f04-41c2-bedb-0e28f388f5c6	261	Liam Sullivan	M	M40-44	30	12:04:55	1:36:20	0:12:23	6:03:53	0:05:47	4:06:32	United Kingdom	
b327c2cb-5d32-46ef-8f4f-10a08fe5614b	262	John Crossland	M	M50-54	13	12:05:17	1:19:41	0:11:51	6:04:40	0:07:32	4:21:32	United Kingdom	
f21db3f8-6b1f-4c9a-8d35-a91ab923675e	263	Nick Miller	M	M35-39	46	12:05:26	1:56:48	0:16:58	6:22:31	0:08:41	3:20:29	United Kingdom	
fd6ec82b-459a-f011-b4cc-000d3a3173b5	264	Richard Wilson	M	M35-39	47	12:05:30	1:37:15	0:14:25	6:33:44	0:05:05	3:35:00	Bhutan	
47ce0c01-2d82-4d2c-b942-6d587bf4e30d	265	Rob Dwyer	M	M35-39	48	12:05:36	1:32:00	0:12:19	6:08:39	0:08:27	4:04:11	Ireland	
64a0b343-0a9a-f011-b4cc-6045bd09951e	266	Daniel Pettitt	M	M30-34	47	12:05:44	1:13:43	0:16:22	6:10:03	0:08:29	4:17:06	United Kingdom	
55d46363-7f4d-ee11-be6e-000d3a31458d	267	Byron Grey	M	M25-29	45	12:05:45	1:27:17	0:10:51	6:27:23	0:05:05	3:55:10	United Kingdom	
c7bc2baa-b6d6-46c3-9570-551e7be00f41	268	Neil Morgan	M	M50-54	14	12:06:31	1:03:50	0:12:23	6:19:51	0:06:41	4:23:46	United Kingdom	
aa8ba4da-0838-4124-82f7-068264c91640	269	Shane Pocock	M	M35-39	49	12:06:41	1:32:49	0:14:00	6:05:39	0:11:30	4:02:43	United Kingdom	
4be0fd85-fe9d-f011-b41c-6045bd09951e	270	Charlie Thorne	M	M30-34	48	12:06:49	1:07:04	0:15:01	6:21:03	0:08:09	4:15:32	United Kingdom	
48c541c4-a4a5-4027-a726-9f44471a78af	271	Michael Browning	M	M40-44	31	12:07:01	1:24:07	0:10:27	6:11:23	0:04:08	4:16:56	United Kingdom	
b7baf735-879c-f011-b41c-000d3a3173b5	272	Iestyn Comey	M	M18-24	13	12:07:08	1:28:34	0:10:47	6:22:43	0:04:17	4:00:48	United Kingdom	
1faee1f4-1e9a-44a6-90dc-d0063f2a7d6c	273	Michael MAXWELL	M	M35-39	50	12:07:11	1:37:30	0:10:33	6:17:25	0:06:01	3:55:42	United Kingdom	
9d4bbf41-bd4d-f111-bec6-0022480b3ee9	274	Cory Bayliss	M	M25-29	46	12:07:31	1:27:17	0:12:55	6:24:05	0:05:59	3:57:14	United Kingdom	
042d1554-6f84-ef11-ac21-002248049fdc	275	Tyler Dawe	M	M25-29	47	12:07:43	1:23:47	0:11:57	6:09:35	0:05:30	4:16:54	United Kingdom	
aff37ae2-2004-4a66-bdd9-b360a11fa485	276	Tamara Engel	F	F25-29	3	12:07:59	1:17:48	0:09:33	6:46:14	0:03:40	3:50:44	Germany	
7d59c9c7-134c-4510-8851-ca889ce728d6	277	Tim Hopkins	M	M50-54	15	12:08:18	1:18:11	0:10:55	6:12:10	0:04:50	4:22:13	United Kingdom	
d47386d1-16e0-4c55-81d3-7ef3556fb1bf	278	Simon Narbeth	M	M50-54	16	12:08:36	1:14:57	0:11:09	6:37:03	0:06:33	3:58:54	United Kingdom	
4d699934-957a-ef11-a670-002248049fdc	279	Lewis Howells	M	M25-29	48	12:08:42	1:37:09	0:12:26	6:22:36	0:06:49	3:49:41	United Kingdom	
4c65a59b-a2d8-e911-a988-000d3a364086	280	Tom Dunning	M	M25-29	49	12:08:58	1:22:04	0:10:37	6:03:32	0:03:06	4:29:38	United Kingdom	
61cb470d-00ef-42b2-88fb-375111c4bf99	281	Joe Day	M	M18-24	14	12:09:08	1:17:10	0:11:39	6:44:03	0:06:14	3:50:03	United Kingdom	
06f71e8b-8c97-ef11-8a69-000d3a5a403c	282	Matthew Neason	M	M25-29	50	12:09:18	1:25:47	0:13:10	6:26:23	0:05:11	3:58:47	United Kingdom	
5b73fd4a-d96c-4f09-bf8f-40f4f29269df	283	Jonathan Tyler	M	M40-44	32	12:09:27	1:12:31	0:11:08	6:50:46	0:05:38	3:49:24	United Kingdom	
f272a3e9-0b92-ef11-ac21-002248049fdc	284	Richard Harman	M	M35-39	51	12:09:32	1:14:04	0:12:33	6:08:03	0:07:57	4:26:55	United Kingdom	
71070349-efcc-415b-b373-5a2517abec6b	285	Royston Oxendale	M	M35-39	52	12:09:38	1:27:30	0:11:11	6:11:23	0:05:55	4:13:38	United Kingdom	
5e018986-5773-420e-84a0-d08c66603326	286	Joanne Pollett	F	F40-44	2	12:09:55	1:17:24	0:12:21	6:51:19	0:04:20	3:44:31	United Kingdom	
6a42e4e2-de80-4fd6-8ae2-88dad54523bc	287	James Morris	M	M40-44	33	12:10:19	1:15:56	0:10:53	6:53:36	0:04:46	3:45:08	United Kingdom	
a736f0ed-b659-ef11-a316-000d3a37be46	288	Ian Clinton		M35-39	53	12:11:28	1:20:24	0:14:14	6:18:46	0:09:07	4:08:55	United Kingdom	
46dd9ecd-057c-ef11-a670-000d3a5a1803	289	Gareth Jones	M	M40-44	34	12:11:47	1:17:03	0:10:26	6:44:07	0:07:04	3:53:07	United Kingdom	
ff6978f4-e72e-4b00-8269-2b555be0be6e	290	Ian Boyd-Wallis	M	M45-49	25	12:12:00	1:11:43	0:12:49	6:41:56	0:08:09	3:57:23	United Kingdom	
90cb6856-d096-f011-b4cc-000d3a3173b5	291	Rhodri Price	M	M25-29	51	12:12:07	1:26:22	0:14:02	6:28:12	0:07:33	3:55:57	United Kingdom	
f9914e45-5ec3-4dff-89ab-cce614e2ebc2	292	Allen Cameron	M	M50-54	17	12:12:35	1:22:42	0:14:59	6:29:51	0:05:01	4:00:01	United Kingdom	
6e7c659b-d924-f011-8c4d-000d3a35ffc1	293	Matthew Walker	M	M30-34	49	12:12:51	1:34:23	0:11:40	6:42:16	0:04:34	3:39:58	United Kingdom	
41b89dc9-5701-478e-88ae-cd474a732920	294	Scott Brown	M	M35-39	54	12:13:11	1:29:59	0:13:46	6:37:16	0:05:36	3:46:35	United Kingdom	
b7efea8b-54b9-ef11-b8e9-002248049fdc	295	Gregor MacDonald	M	M30-34	50	12:13:16	1:21:37	0:11:42	6:41:02	0:06:43	3:52:12	United Kingdom	
1a45c10d-d5c2-4188-b2d8-0e369a2e2b09	296	David Clark	M	M35-39	55	12:13:45	1:47:53	0:13:09	5:59:23	0:06:08	4:07:13	United Kingdom	
875c87bf-4f49-f011-877a-000d3a5b50ba	297	Matt Cooper	M	M30-34	51	12:13:53	1:34:37	0:11:44	6:42:29	0:08:13	3:36:49	United Kingdom	
ae0d9517-3fde-ef11-8eea-000d3a5ae96c	298	Olivia Michael	F	F25-29	4	12:14:11	1:04:24	0:12:46	7:08:26	0:07:35	3:40:59	United Kingdom	
2db57348-1196-f011-b4cc-6045bd05f634	299	Daniel Bevan	M	M50-54	18	12:14:23	1:18:08	0:12:19	6:13:46	0:07:19	4:22:52	United Kingdom	
e2bcc5f2-de97-f011-b4cc-0022480c097c	300	Connor Prosser	M	M30-34	52	12:14:31	1:14:05	0:11:43	6:48:42	0:05:59	3:54:03	United Kingdom	
425d6d75-3df6-4b3c-ae04-ca4fdec3421a	301	Jonny Williams	M	M45-49	26	12:14:45	1:34:39	0:13:05	6:12:43	0:07:21	4:06:58	United Kingdom	
f8e5d0fd-51a0-42bd-ba25-b21aaee6644d	302	Nick Sayers	M	M40-44	35	12:14:52	1:22:15	0:16:43	6:58:32	0:11:26	3:25:55	United Kingdom	
0de1749f-e9fc-4437-8320-41502c38f052	303	Gavin James	M	M40-44	36	12:15:12	1:18:13	0:13:12	6:18:33	0:05:13	4:20:01	United Kingdom	
58798ade-8708-4a55-88e2-183e0f7b4516	304	Alun Bonello	M	M40-44	37	12:15:34	1:16:03	0:12:10	6:24:26	0:06:48	4:16:07	United Kingdom	
c0e8f9b3-959f-4ca8-a4cf-62cfc46d0aad	305	Matthew John	M	M35-39	56	12:15:38	1:18:07	0:10:20	6:36:55	0:04:39	4:05:37	United Kingdom	
6421ace2-3c5c-4645-9c86-cc3422dd8a50	306	Tom Annetts	M	M30-34	53	12:15:39	1:15:06	0:11:47	6:30:52	0:07:40	4:10:15	United Kingdom	
d31f0b41-2fd7-4931-831d-b87de152f90b	307	Nicholas Glendon	M	M30-34	54	12:15:43	1:24:12	0:12:13	6:21:54	0:04:36	4:12:48	United Kingdom	
d0293884-a9f0-455c-b94d-a48103851866	308	Will Ricketts	M	M18-24	15	12:15:43	1:14:43	0:11:33	6:37:30	0:07:39	4:04:18	United Kingdom	
b5b23eba-6bab-ef11-b8e9-000d3a3126fd	309	Samuel Kipling	M	M30-34	55	12:16:06	1:28:01	0:13:21	6:36:03	0:06:05	3:52:36	United Kingdom	
00f38cc4-b8ff-4cbc-b5d5-05147ecfb7f6	310	Joseph Brooks	M	M30-34	56	12:16:26	1:23:13	0:14:20	7:02:12	0:04:30	3:32:11	United Kingdom	
4ad8b9ab-5a78-f011-b4cc-6045bd05f634	311	Ioan Hill	M	M25-29	52	12:16:28	1:27:59	0:11:03	6:37:24	0:06:19	3:53:44	United Kingdom	
aa44ff4d-ed9d-f011-b41c-000d3a5b50ba	312	carter Jeffries	M	M18-24	16	12:16:56	1:14:01	0:13:37	6:36:44	0:06:59	4:05:36	United Kingdom	
44b65a3f-5a2b-41b0-82a6-1c74c08a8c5a	313	Iestyn Jones-Evans	M	M25-29	53	12:17:05	1:18:11	0:10:17	6:33:08	0:03:24	4:12:05	United Kingdom	
8ad8fd7b-d270-45dc-bc5f-0b64133c925f	314	Matthew Payne	M	M40-44	38	12:17:05	1:32:46	0:15:54	6:23:02	0:06:14	3:59:09	United Kingdom	
e5c7bed2-5b75-47fc-99e7-6546a35ee28a	315	Richard Hopkins	M	M40-44	39	12:17:23	1:31:28	0:12:48	6:18:20	0:04:37	4:10:11	United Kingdom	
644d026e-1805-4e72-9a6f-d161afa1be8a	316	Ben Bremner	M	M30-34	57	12:17:39	1:13:03	0:09:44	6:11:10	0:07:51	4:35:52	United Kingdom	
f6d1ed84-7c5a-ef11-a317-6045bd0953ac	317	Calum Morse	M	M30-34	58	12:17:47	1:27:05	0:16:12	6:30:36	0:08:26	3:55:28	United Kingdom	
30c018c9-458e-4e38-9be7-d49cc513d556	318	Jake Davies	M	M30-34	59	12:18:26	1:15:42	0:14:47	6:47:41	0:11:24	3:48:53	United Kingdom	
d40da4dc-f59b-4699-80a5-aa96f1fc918c	319	Emily Musgrave	F	F25-29	5	12:18:30	1:24:29	0:10:16	6:53:18	0:05:42	3:44:45	United Kingdom	
2d079612-e736-46fd-b63d-0f32453e5264	320	Katharina Voelkel	F	F35-39	4	12:18:57	1:07:01	0:10:00	6:41:13	0:08:53	4:11:49	Germany	
009ce796-1b79-ef11-a670-002248049fdc	321	Harry Howells	M	M30-34	60	12:19:08	1:30:12	0:10:37	6:23:12	0:05:09	4:09:58	United Kingdom	
1d915e45-079a-f011-b4cc-0022480a7385	322	Thomas Pepall	M	M25-29	54	12:19:16	1:11:32	0:11:49	6:50:19	0:07:33	3:58:03	United Kingdom	
0d791f4e-cb48-4f1e-ac62-2b695048a151	323	Chris Wild	M	M55-59	3	12:19:32	1:18:31	0:10:11	6:27:06	0:03:47	4:19:58	United Kingdom	
c40435c3-fd1d-4488-aef1-6c85ec919bac	324	James Wilson	M	M40-44	40	12:20:14	1:15:39	0:15:00	6:43:21	0:05:33	4:00:41	United Kingdom	
0581a08b-f546-f011-8779-000d3a5c7ea4	325	Josh Griffiths	M	M30-34	61	12:20:20	1:18:04	0:13:17	6:25:55	0:07:18	4:15:46	United Kingdom	
42011d6d-3a95-f011-b4cc-000d3a5b50ba	326	Robert Davies	M	M40-44	41	12:20:35	1:22:34	0:13:24	6:30:59	0:06:08	4:07:29	United Kingdom	
1e662bb2-7a76-ef11-a670-000d3a364ad5	327	Daniel Jones	M	M25-29	55	12:20:45	1:03:14	0:10:47	6:44:36	0:07:47	4:14:22	United Kingdom	
3376b827-4878-f011-b4cc-6045bd05fcc1	328	Sion Ewart	M	M25-29	56	12:21:03	1:31:47	0:12:58	6:21:54	0:04:39	4:09:46	United Kingdom	
5e525aee-68ba-4318-9c2d-8baaf3022ede	329	Mark Mayers	M	M40-44	42	12:21:17	1:20:21	0:12:48	6:19:25	0:06:38	4:22:03	United Kingdom	
5891801c-85ff-ef11-bae2-6045bd09951e	330	Samuel Gwynne	M	M35-39	57	12:21:42	1:26:19	0:16:07	6:37:14	0:10:16	3:51:47	United Kingdom	
14841aea-42a7-4d12-98c9-9dc3788b7d82	331	Andy Bracegirdle	M	M40-44	43	12:21:47	1:16:03	0:13:03	6:21:46	0:08:04	4:22:50	United Kingdom	
ffdc2f98-46fa-433f-919d-c901d09d3029	332	Matthew Tatton	M	M35-39	58	12:21:57	1:38:38	0:13:59	6:14:51	0:04:57	4:09:32	United Kingdom	
5e357a7c-874e-4bbb-8bb9-8f8c5a9dba94	333	Angelo Ghisletta	M	M40-44	44	12:21:58	1:31:56	0:08:56	6:21:00	0:04:21	4:15:46	United Kingdom	
bef7f103-cc29-ed11-9db1-0022480a3574	334	Scott Ruse	M	M35-39	59	12:22:09	1:19:09	0:20:04	6:29:08	0:11:25	4:02:22	United Kingdom	
a6964bfb-3965-ef11-bfe3-00224808301f	335	Emily Hopkins	F	F30-34	2	12:22:25	1:25:30	0:12:12	6:43:44	0:09:14	3:51:46	United Kingdom	
4e6bd7e4-3ba1-f011-bbd3-000d3a5cf7d8	336	Benoit MORELLE	M	M40-44	45	12:22:45	1:33:27	0:20:30	6:14:54	0:09:37	4:04:18	Belgium	
352d0c4a-f078-f011-b4cb-000d3a5cf7d8	337	Mason Williams	M	M25-29	57	12:23:20	1:15:08	0:12:22	6:28:42	0:05:26	4:21:41	United Kingdom	
702838a1-8b7f-425d-8fb7-aee118f500a8	338	Jacques Menguy	M	M35-39	60	12:23:35	1:22:04	0:12:03	6:37:39	0:04:35	4:07:14	United Kingdom	
219e3ce1-16dd-4c8b-8558-ca79eea4c251	339	Karl Reese	M	M45-49	27	12:23:42	1:24:03	0:14:04	6:17:45	0:06:24	4:21:26	United Kingdom	
ba7c49af-1adb-42dd-bf14-a658eab77c8d	340	Billy Prescott	M	M35-39	61	12:23:44	1:24:30	0:14:01	6:34:14	0:10:15	4:00:44	United Kingdom	
95d9577c-229a-ef11-8a6a-000d3a59a9a1	341	Ryan Deakin	M	M40-44	46	12:23:56	1:22:19	0:12:42	6:56:33	0:06:50	3:45:33	United Kingdom	
2d9bdc9c-ba04-4828-8c1f-1bf8ed6a7d27	342	Aaron Gwilt	M	M35-39	62	12:24:09	1:31:09	0:16:38	6:10:56	0:10:26	4:15:00	United Kingdom	
1b539f84-e0cb-4289-859d-8d19fc24f229	343	Tom Graham	M	M30-34	62	12:24:44	1:23:23	0:10:24	6:28:53	0:05:14	4:16:51	United Kingdom	
219353af-f7d8-470a-9daa-1dbe5f7085e4	344	David Cleere	M	M35-39	63	12:24:49	1:24:23	0:14:07	7:05:10	0:07:38	3:33:32	United Kingdom	
d2126b3d-45d8-41a5-8c70-7ef3f856bd36	345	Wayne Jones	M	M60-64	2	12:24:50	1:26:30	0:13:16	6:42:23	0:05:53	3:56:48	United Kingdom	
8001094d-079a-f011-b4cb-7ced8d70c1af	346	Scott Davies	M	M35-39	64	12:24:56	1:10:21	0:11:18	6:34:11	0:05:37	4:23:28	United Kingdom	
459cd6ba-6236-46c8-88e5-73f79bf5d4a2	347	Stuart Helm	M	M35-39	65	12:25:13	1:31:30	0:13:19	6:46:12	0:05:58	3:48:15	United Kingdom	
7ff28568-051f-4381-ab65-8b4527851475	348	Huw Evans	M	M35-39	66	12:25:42	1:26:36	0:14:12	6:33:10	0:06:32	4:05:12	United Kingdom	
4dd47caa-1b13-45e7-9949-628f995c26f3	349	Gabe Lewis	M	M18-24	17	12:26:08	1:15:36	0:13:53	6:54:06	0:06:45	3:55:50	United Kingdom	
1c428ce0-5a6f-4279-b362-0f51ce5f2e2a	350	Andrew Conradi	M	M60-64	3	12:26:33	1:47:09	0:12:14	6:10:22	0:04:46	4:12:02	United Kingdom	
4bc2a89c-ab85-ef11-ac21-000d3a5b3d07	351	Jodie Bray	F	F35-39	5	12:26:34	1:25:46	0:15:07	6:47:44	0:06:16	3:51:40	United Kingdom	
489f832c-0b5a-46d7-8d29-35722630de9b	352	Andrew John	M	M40-44	47	12:26:36	1:15:31	0:10:37	6:37:19	0:05:42	4:17:27	United Kingdom	
3c8c5a44-35d1-f011-bbd3-000d3a35ffc1	353	Matt Goodall	M	M35-39	67	12:26:49	1:26:45	0:14:30	6:30:43	0:06:29	4:08:22	United Kingdom	
ef8eb41b-7529-467b-a6ab-cd75e5f4ac3b	354	Lawrence Austin	M	M40-44	48	12:26:53	1:20:33	0:14:22	6:21:11	0:06:57	4:23:50	Zimbabwe	
52da141d-a492-ef11-ac20-000d3a5a403c	355	Richard Vincent	M	M25-29	58	12:26:59	1:19:18	0:11:06	6:52:48	0:07:33	3:56:14	United Kingdom	
2be8689d-0e23-ef11-840b-6045bd08f8ed	356	Daniel Owen	M	M30-34	63	12:27:10	1:24:13	0:13:13	6:26:13	0:07:21	4:16:11	United Kingdom	
4cabc8dd-8247-437f-ae0f-93fafc2b53c1	357	Rhys Govier	M	M35-39	68	12:27:21	1:25:57	0:14:18	6:51:44	0:07:24	3:47:58	United Kingdom	
9acb4fa7-740e-f011-9988-000d3a5b50ba	358	Tom Hall	M	M30-34	64	12:27:24	1:16:55	0:19:52	6:32:00	0:11:37	4:07:00	United Kingdom	
5ee04fab-fd92-ef11-ac21-000d3a5a1803	359	OWEN DAVIS	M	M35-39	69	12:27:34	1:10:19	0:11:59	6:37:42	0:07:08	4:20:26	United Kingdom	
79aa42c5-85ea-4be8-99e9-567ee2ce2ed5	360	Richard Fauvel	M	M45-49	28	12:27:46	1:21:18	0:12:51	6:16:39	0:06:05	4:30:53	United Kingdom	
e2a5d007-2395-ef11-8a6a-002248049fdc	361	Richard Turner	M	M30-34	65	12:28:13	1:18:04	0:10:44	6:40:45	0:05:14	4:13:26	United Kingdom	
2ef538e6-3a6e-4d95-9e36-bb658933d4c1	362	Stuart Dunn	M	M35-39	70	12:28:18	1:18:52	0:12:35	6:32:58	0:05:06	4:18:48	United Kingdom	
d663d74b-fdf2-4912-bd41-4291f37a1dc0	363	Katie Beecher	F	F45-49	1	12:28:21	1:25:59	0:11:41	6:55:01	0:04:19	3:51:21	United Kingdom	
1e0d92a7-412f-40ad-b358-51bdc0590225	364	Cormac Killeen	M	M50-54	19	12:28:35	1:18:46	0:12:01	6:15:35	0:06:20	4:35:54	Ireland	
60b0c055-859b-4942-8545-729d6ef46893	365	Andrew Morgan	M	M45-49	29	12:28:40	1:26:11	0:13:05	6:43:00	0:09:09	3:57:14	United Kingdom	
ae7d5576-2d39-4e67-8298-f6161efab40f	366	Jonathan Farrell	M	M35-39	71	12:28:46	1:21:34	0:12:23	6:43:08	0:07:33	4:04:07	United Kingdom	
e0af66e3-6c4f-ef11-a317-000d3a367177	367	Jack Burton	M	M30-34	66	12:28:55	1:36:09	0:17:26	6:36:54	0:09:03	3:49:23	United Kingdom	
9e9a87b6-229b-4d1e-a1ba-e65a5b72b4c4	368	Bartosz Kurdziel	M	M40-44	49	12:29:07	1:22:56	0:12:06	6:35:05	0:07:01	4:11:59	Poland	
4a784801-7aa4-f011-bbd3-6045bd09951e	369	Geraint Lewis	M	M35-39	72	12:29:09	1:40:25	0:14:31	6:34:44	0:09:04	3:50:25	United Kingdom	
baed7b6c-6723-4d41-92f2-3b68428c8556	370	Matthew Bateman	M	M40-44	50	12:29:11	1:17:15	0:10:53	6:32:32	0:03:59	4:24:31	United Kingdom	
990346f8-84ff-ef11-bae2-000d3a5b7c3b	371	Jack Pontin	M	M18-24	18	12:29:15	1:24:08	0:15:37	6:51:37	0:10:14	3:47:39	United Kingdom	
f6c9ebf8-9397-f011-b4cc-000d3a5b7c3b	372	Alaw Davies	F	F18-24	1	12:29:35	1:03:51	0:10:10	6:52:25	0:05:56	4:17:13	United Kingdom	
dac156f8-df67-4d40-b658-159c83e5b13e	373	Rhys Ibbitson	M	M18-24	19	12:29:36	1:15:22	0:11:52	6:58:55	0:06:56	3:56:31	United Kingdom	
657ac1e5-f3a9-f011-bbd3-6045bd05fcc1	374	Harry Jenkins	M	M25-29	59	12:29:55	1:29:54	0:14:36	6:48:06	0:07:51	3:49:28	United Kingdom	
14e1b775-0c38-4f97-8837-89c5af9b141f	375	Nicolò Vianello	M	M60-64	4	12:30:22	1:17:09	0:13:51	6:26:46	0:06:03	4:26:33	Italy	
1c3574bb-2028-490a-a3ff-b0002837282c	376	Matthew Edge	M	M50-54	20	12:30:23	1:22:44	0:14:58	6:42:28	0:06:35	4:03:38	United Kingdom	
6ffa282b-8a1b-429f-aaf0-a403616563b1	377	Lois Davies	F	F18-24	2	12:30:39	1:00:04	0:11:03	6:57:27	0:05:03	4:17:01	United Kingdom	
6b03b577-7b5a-49bc-8f60-768cc9bf9c84	378	Ethan Thomas	M	M35-39	73	12:30:41	1:31:07	0:14:17	6:53:01	0:07:01	3:45:15	United Kingdom	
e25ada42-1c5f-f011-bec3-6045bd09951e	379	Dominic Lacey	M	M30-34	67	12:30:45	1:23:56	0:10:41	6:31:57	0:04:39	4:19:31	United Kingdom	
6abd88e6-2583-4552-9dc3-0e90aa357147	380	Robert Carling	M	M40-44	51	12:30:58	1:29:14	0:15:20	6:36:09	0:08:52	4:01:23	United Kingdom	
423298ab-1796-f011-b4cc-6045bd09951e	381	Lee Titcombe	M	M40-44	52	12:31:01	1:24:20	0:12:26	6:39:25	0:04:56	4:09:55	United Kingdom	
9baef730-1822-44c1-b0d0-a7bdb79730ba	382	Bevan Howells	M	M25-29	60	12:31:14	1:04:01	0:09:14	6:14:38	0:07:11	4:56:10	United Kingdom	
b4fbb77f-7f21-49b3-9f40-3d2f295025f5	383	Luke Marshall	M	M35-39	74	12:31:14	1:23:22	0:12:13	6:11:00	0:06:49	4:37:50	United Kingdom	
87ee4b95-3883-4b57-9f16-1e0ae2200078	384	Andy Riley	M	M50-54	21	12:31:22	1:22:17	0:13:12	6:07:49	0:05:39	4:42:25	United Kingdom	
e2e70b8e-7218-ea11-a811-000d3a5a1e46	385	Charlie Woolcock	M	M45-49	30	12:31:40	1:13:33	0:12:32	6:29:15	0:06:37	4:29:43	United Kingdom	
8ebbc079-559b-4b70-a674-a00a8e72b2c6	386	Tom Cowdale	M	M35-39	75	12:32:36	1:23:11	0:13:47	6:24:04	0:05:34	4:26:01	United Kingdom	
1dab33bd-9f86-f011-b4cc-000d3a5b50ba	387	Dom Smallwood	M	M25-29	61	12:32:55	1:19:32	0:12:07	6:52:47	0:05:34	4:02:56	United Kingdom	
02dae0bc-dfd4-f011-8544-000d3a35ffc1	388	Robbe Jacobs	M	M18-24	20	12:33:09	1:21:40	0:10:55	6:31:56	0:04:55	4:23:44	Netherlands	
1d489f87-9a22-ef11-840a-6045bd00e0b7	389	Eddie Sanderson	M	M18-24	21	12:33:49	1:19:14	0:09:35	6:41:57	0:04:52	4:18:10	United Kingdom	
c664bd5a-f899-f011-b4cc-000d3a5c3d6c	390	Sherrie Derrick	F	F40-44	3	12:33:53	1:41:18	0:12:53	6:52:22	0:07:10	3:40:09	United Kingdom	
97f4dc6a-3c69-ef11-bfe3-000d3a367177	391	Morgan Powell	M	M25-29	62	12:34:01	1:31:04	0:15:00	6:46:10	0:07:52	3:53:56	United Kingdom	
278ce551-5029-476f-bf44-2693518350b0	392	Neil Lonergan	M	M45-49	31	12:34:07	1:22:04	0:14:00	6:46:26	0:06:23	4:05:13	United Kingdom	
91400f4f-9e9e-4cb9-89bd-f9c9bf4d4385	393	Andrew Sturgess	M	M30-34	68	12:34:08	1:22:15	0:11:39	6:42:47	0:05:48	4:11:40	United Kingdom	
15802077-9784-ef11-ac21-6045bd02949c	394	Lewis Knott	M	M30-34	69	12:34:16	1:40:51	0:11:25	6:43:09	0:05:53	3:52:59	United Kingdom	
937a939b-e399-f011-b4cc-6045bd05fcc1	395	Craig Richardson	M	M35-39	76	12:34:17	1:22:11	0:12:52	6:38:27	0:07:45	4:13:02	United Kingdom	
4c0251f8-2a96-f011-b4cc-0022480a7385	396	Jack Harrison	M	M30-34	70	12:34:27	1:19:56	0:13:22	6:34:04	0:07:35	4:19:29	United Kingdom	
14e92305-650c-ef11-9f89-000d3a59e106	397	Nicholas Lewis	M	M35-39	77	12:34:33	1:29:25	0:15:44	6:27:59	0:10:32	4:10:53	United Kingdom	
45af9867-f914-4756-bb24-1b2ce2ffc77e	398	Ben Llewellyn	M	M30-34	71	12:34:40	1:34:48	0:11:21	6:34:38	0:04:42	4:09:11	United Kingdom	
091784c3-7c98-f011-b4cc-000d3a5b50ba	399	Nathan Haines	M	M35-39	78	12:34:46	1:21:47	0:12:45	6:33:27	0:06:51	4:19:57	United Kingdom	
cc6d1566-a6be-ef11-b8e9-002248049fdc	400	Max Harris	M	M18-24	22	12:35:01	1:10:13	0:11:05	6:42:12	0:08:56	4:22:35	United Kingdom	
6e0f4e82-835f-4a67-b6e3-e2951f0c004c	401	Hope Stanger	F	F25-29	6	12:35:15	1:15:35	0:11:53	6:47:34	0:05:36	4:14:37	United Kingdom	
09cff0cd-079a-f011-b4cc-6045bd05f634	402	Aidan Graetz	M	M18-24	23	12:35:36	1:15:28	0:14:17	6:00:01	0:07:18	4:58:32	United Kingdom	
05f95c54-1578-4161-bf56-4b15dc2ed3f9	403	Jakob Wanger	M	M25-29	63	12:36:04	1:20:22	0:10:26	7:05:13	0:06:27	3:53:35	United Kingdom	
62ab1993-d2d2-f011-8544-000d3a5cf7d8	404	Steve Cole	M	M50-54	22	12:36:05	1:31:19	0:16:21	6:38:27	0:06:58	4:03:00	United Kingdom	
8409e0cd-3fae-4eb8-b778-c694f833cd45	405	Mathew Lewis	M	M45-49	32	12:36:06	1:28:00	0:13:07	6:23:29	0:06:41	4:24:48	United Kingdom	
6e6cbb28-3182-4a6e-a702-50b564b82dec	406	Andrew Mason	M	M25-29	64	12:36:07	1:42:00	0:20:17	6:44:30	0:07:23	3:41:56	United Kingdom	
7bbb56a6-9266-4c72-9887-8dc0f0e24ddb	407	Dan Mctaggart	M	M40-44	53	12:36:08	1:31:54	0:14:08	6:25:28	0:06:59	4:17:39	United Kingdom	
14ccc11a-d285-463b-bd3c-0b3591b70cf3	408	Josh Turnbull	M	M35-39	79	12:36:19	1:44:06	0:19:41	6:15:44	0:10:03	4:06:45	United Kingdom	
43b1bfb2-9fbf-4150-855f-ddaca94ba9db	409	Justin Brown	M	M30-34	72	12:36:22	1:21:29	0:10:36	6:42:51	0:04:18	4:17:08	United Kingdom	
0bb97373-4c74-f011-bec2-000d3a5b7c3b	410	Miles Harding	M	M25-29	65	12:36:49	1:24:44	0:14:22	6:50:39	0:05:05	4:01:58	United Kingdom	
538b7932-db60-f011-bec3-000d3a5cf7d8	411	Aaron Marsh	M	M30-34	73	12:36:50	1:13:02	0:10:46	6:51:50	0:05:32	4:15:41	United Kingdom	
b9791f05-d211-ed11-b83d-0022480845b4	412	Jacek Cincio	M	M45-49	33	12:37:00	1:23:11	0:13:52	6:41:18	0:05:47	4:12:52	United Kingdom	
7072c722-e56e-4373-ac8a-14a7efea645d	413	Joe Andrews	M	M25-29	66	12:37:02	1:34:40	0:10:28	6:47:43	0:05:50	3:58:21	United Kingdom	
8f070a8c-504b-f011-877a-000d3a3173b5	414	Owen Lloyd	M	M35-39	80	12:37:10	1:10:18	0:12:48	7:05:07	0:10:21	3:58:36	United Kingdom	
2e02bc7e-9803-447d-a7c9-9f3ce62b9970	415	Josh Steel	M	M30-34	74	12:37:13	1:29:34	0:10:32	6:22:50	0:05:10	4:29:07	United Kingdom	
fbe5707b-ea80-ea11-a812-000d3a5a1cf8	416	Macauley Miles		M30-34	75	12:37:15	1:33:02	0:16:02	6:39:06	0:05:07	4:03:58	United Kingdom	
07df1d99-668e-48c7-8854-dc9c9234cd29	417	Daniel Amesbury	M	M18-24	24	12:37:23	1:14:07	0:13:18	6:49:15	0:13:09	4:07:33	United Kingdom	
f829d09c-77b5-f011-bbd3-000d3a35ffc1	418	William Fontana	M	M25-29	67	12:37:38	1:32:12	0:22:19	6:41:11	0:10:41	3:51:14	United Kingdom	
04dde3c9-41a5-f011-bbd3-000d3a5b7c3b	419	toby wolfenden	M	M30-34	76	12:38:22	1:08:30	0:10:29	6:44:56	0:04:11	4:30:16	United Kingdom	
ee338419-0dda-e911-a982-000d3a3749bc	420	Martin Fitzgerald	M	M40-44	54	12:38:24	1:19:59	0:10:26	6:29:25	0:05:42	4:32:53	United Kingdom	
be902d9c-eb66-ef11-bfe3-000d3a371e3b	421	Christopher Harris	M	M18-24	25	12:38:26	1:20:25	0:10:58	6:29:51	0:03:59	4:33:14	United Kingdom	
26d66bba-7269-4d78-b1b8-920157d59a5e	422	Dean Morris	M	M35-39	81	12:38:30	1:23:47	0:13:06	6:32:50	0:06:32	4:22:16	United Kingdom	
2fac7233-757c-4eca-a806-c4b41442096d	423	Robert Downes	M	M45-49	34	12:38:56	1:25:43	0:13:41	6:25:34	0:10:41	4:23:16	United Kingdom	
fb25311a-fc77-ef11-a670-002248049fdc	424	James Bevan-Smith	M	M35-39	82	12:39:24	1:18:45	0:10:59	6:40:50	0:04:52	4:23:58	United Kingdom	
6e1a9a22-9666-ef11-bfe3-6045bd0953ac	425	Mark Scruby	M	M45-49	35	12:39:26	1:27:14	0:16:32	6:19:27	0:10:25	4:25:49	United Kingdom	
0b0c67d3-98eb-42e9-856f-c63ef1d7c800	426	Genevieve Rochefort	F	F45-49	2	12:39:35	1:24:06	0:11:59	6:56:50	0:07:08	3:59:33	United States	
baed09cc-e296-f011-b4cc-000d3a3173b5	427	Iwan Lilley	M	M18-24	26	12:39:37	1:15:26	0:13:47	6:49:40	0:11:56	4:08:47	United Kingdom	
04775095-6478-438f-95d8-b200169ec2b3	428	Ade Price	M	M40-44	55	12:39:57	1:27:47	0:12:06	6:44:17	0:04:28	4:11:19	United Kingdom	
02cb5c3c-1042-ef11-8409-000d3a348633	429	Simon White	M	M45-49	36	12:40:10	1:24:42	0:11:57	6:40:30	0:04:14	4:18:48	United Kingdom	
97db11e8-e73b-4bbd-8eb1-665db4034532	430	Max Castiglione	M	M25-29	68	12:40:23	1:19:10	0:11:11	6:58:58	0:07:15	4:03:49	United Kingdom	
8f742ffb-0347-4201-902f-bcc2dc85d291	431	Dillon Pigman	M	M30-34	77	12:41:16	1:19:31	0:16:29	6:30:54	0:09:11	4:25:11	United States	
52f21241-c381-4914-a2db-3f4a69e65218	432	Christian Lloyd	M	M45-49	37	12:41:21	1:16:17	0:14:41	6:32:29	0:09:38	4:28:17	United Kingdom	
97218ce1-7546-4ec0-91ac-a555da2abf1d	433	William Rogers-Tizard	M	M30-34	78	12:41:29	1:17:17	0:12:52	7:00:29	0:07:57	4:02:55	United Kingdom	
c1a9546c-1a9a-f011-b4cc-000d3a5b7c3b	434	Alex Williams	M	M30-34	79	12:41:42	1:29:58	0:14:02	6:51:48	0:06:05	3:59:48	United Kingdom	
6e5862f3-6365-ef11-bfe3-000d3a367177	435	Adam Gardner	M	M30-34	80	12:41:55	1:31:03	0:14:10	6:54:17	0:05:27	3:56:58	United Kingdom	
50b06496-8e1f-ed11-b83e-000d3a3217e4	436	Jonathan James	M	M50-54	23	12:42:01	1:36:05	0:17:02	6:37:18	0:04:50	4:06:46	United Kingdom	
748265c4-a698-f011-b4cc-000d3a35ffc1	437	Tobias Brace	M	M40-44	56	12:42:08	1:21:24	0:12:21	6:25:03	0:06:33	4:36:47	United Kingdom	
a3157932-f1d8-4ea4-9e37-e8b3818a8103	438	Aled Rees	M	M35-39	83	12:42:35	1:36:53	0:10:01	6:15:01	0:03:39	4:37:01	United Kingdom	
25e3c394-c70d-4e04-85ab-40f20933a379	439	Chrissy Williams	M	M45-49	38	12:42:39	1:30:47	0:13:02	6:40:09	0:05:00	4:13:41	United Kingdom	
603513bf-bc67-f011-bec3-6045bd09951e	440	Elias Carroll	M	M18-24	27	12:42:40	1:21:47	0:17:26	7:17:20	0:09:02	3:37:05	United Kingdom	
111e6d72-8299-f011-b4cc-6045bd09951e	441	James Davies	M	M30-34	81	12:42:45	1:25:16	0:11:15	7:25:42	0:05:32	3:35:01	United Kingdom	
450d0ad5-079a-f011-b4cc-000d3a5b7c3b	442	Matthew Shaw	M	M25-29	69	12:42:59	1:39:49	0:14:57	6:30:42	0:10:42	4:06:49	United Kingdom	
01ff879e-4b98-49dd-8884-e24328ed53a0	443	Luke Youlden	M	M45-49	39	12:43:33	1:27:57	0:13:50	6:23:22	0:08:10	4:30:13	United Kingdom	
eb0fca58-e36a-f011-bec2-0022480a7385	444	Jordan Johnstone	M	M30-34	82	12:43:44	1:03:39	0:14:20	7:16:51	0:07:41	4:01:14	United Kingdom	
358bee73-3d9a-f011-b4cc-000d3a35ffc1	445	Karl Cornock	M	M30-34	83	12:43:50	1:18:23	0:13:28	7:06:23	0:06:46	3:58:50	United Kingdom	
1fc3df59-11d9-44b6-9821-575565ba17f1	446	Gethin Ellis	M	M60-64	5	12:43:51	1:47:55	0:12:54	6:23:45	0:04:15	4:15:02	United Kingdom	
26ca9fd7-0bff-46f3-add3-d7308bc3c7e2	447	Benjamin Morris	M	M45-49	40	12:44:01	1:37:41	0:15:43	6:30:29	0:06:56	4:13:12	United Kingdom	
d25a67c4-4be3-4d66-ab8a-8541314b2f5d	448	Jack Phillips	M	M30-34	84	12:44:09	1:14:44	0:12:37	6:33:17	0:06:47	4:36:44	United Kingdom	
5961d1e5-4477-f011-b4cc-6045bd09951e	449	Thomas Dines	M	M40-44	57	12:44:11	1:08:30	0:13:15	7:05:22	0:07:30	4:09:34	United Kingdom	
af33f46a-e841-4733-9e28-38142b6087aa	450	Emily Mounsey	F	F35-39	6	12:44:12	1:29:54	0:11:57	7:02:29	0:06:15	3:53:37	United Kingdom	
95d3ca4e-7165-ef11-bfe3-000d3a3b4ec1	451	Karl Mullin	M	M40-44	58	12:44:36	1:34:09	0:14:23	6:41:08	0:08:06	4:06:49	United Kingdom	
c26108b0-3dba-f011-bbd3-000d3a5b50ba	452	Morgan Jones	M	M25-29	70	12:44:45	1:26:05	0:13:17	6:48:17	0:10:34	4:06:32	United Kingdom	
a46cd4cb-ca96-f011-b4cc-000d3a5b7c3b	453	Lewys Jukes	M	M25-29	71	12:45:01	1:31:50	0:16:50	6:55:33	0:10:55	3:49:52	United Kingdom	
44fee909-aab1-f011-bbd3-000d3a5b7c3b	454	Michiel Mentink	M	M25-29	72	12:45:08	1:27:46	0:14:28	6:26:23	0:06:11	4:30:19	Netherlands	
b4579c6d-1ee8-4371-b707-723d4944739a	455	James Drake	M	M45-49	41	12:45:23	1:17:53	0:10:12	6:08:08	0:09:31	4:59:40	United Kingdom	
3f62ffc8-94ff-4dac-9727-79ad796b9c93	456	Ian Ellis	M	M45-49	42	12:45:30	1:25:39	0:20:13	7:00:25	0:09:07	3:50:05	United Kingdom	
434f414c-bcd8-e911-a982-000d3a3749bc	457	Sophie Thomas	F	F30-34	3	12:45:35	1:22:26	0:12:01	6:44:12	0:05:22	4:21:33	United Kingdom	
aa623d80-b89b-f011-b41c-000d3a3173b5	458	Iwan Heseltine	M	M25-29	73	12:45:42	1:17:46	0:12:14	6:50:51	0:08:01	4:16:51	United Kingdom	
5d7ab045-40ba-4163-9c56-35b346767e4e	459	Daniel Calland	M	M40-44	59	12:45:47	1:21:54	0:12:35	7:08:41	0:06:00	3:56:37	United Kingdom	
45227d70-4c07-48b3-b3ee-d0c9652a1e15	460	Arwel Davies	M	M50-54	24	12:45:50	1:26:32	0:15:25	6:32:42	0:06:48	4:24:24	United Kingdom	
0f6c8ea5-4174-ef11-a671-000d3a371e3b	461	Thomas Huckridge	M	M18-24	28	12:45:55	1:34:16	0:12:27	6:38:33	0:05:11	4:15:29	United Kingdom	
1f13b44d-d5c9-480c-a07b-e3cfd43ddc11	462	Paul Grabowski	M	M50-54	25	12:46:06	1:18:46	0:10:33	6:41:08	0:06:21	4:29:18	United Kingdom	
a0c86f41-129b-f011-b4cc-0022480c097c	463	Dries De Ghein	M	M18-24	29	12:46:44	1:24:40	0:17:37	6:45:01	0:06:39	4:12:47	Belgium	
bc36244c-199b-f011-b4cc-6045bd05f634	464	Will Bryant	M	M30-34	85	12:46:45	1:23:47	0:14:09	6:46:34	0:08:20	4:13:54	United Kingdom	
c6c1d27d-4377-4e99-bad6-12ce90607bd8	465	Nigel Williams	M	M60-64	6	12:46:49	1:39:29	0:13:28	6:25:32	0:05:37	4:22:43	United Kingdom	
a6ebbfda-45cc-4840-8cd7-2e4f5dfdf971	466	Sam James	M	M35-39	84	12:47:02	1:18:23	0:14:38	6:40:42	0:04:53	4:28:26	United Kingdom	
c989ceaa-759c-4a78-9699-1dd3963c14e2	467	Michael Jacobs	M	M50-54	26	12:47:12	1:35:27	0:12:33	6:47:33	0:05:52	4:05:48	Canada	
92735265-2762-421e-8aa4-9274f37a5000	468	Kenny Lannoy	M	M35-39	85	12:47:15	1:42:18	0:13:06	7:01:08	0:05:08	3:45:36	Belgium	
8e0aa177-0497-f011-b4cc-000d3a5b7c3b	469	Sion Davies-Rollinson	M	M35-39	86	12:47:28	1:24:31	0:11:03	6:35:58	0:05:28	4:30:28	United Kingdom	
e7a9f6f7-45bf-457e-b664-0bf91321afb1	470	Sean Adams	M	M35-39	87	12:47:30	1:22:59	0:14:12	6:37:14	0:06:27	4:26:37	United Kingdom	
3d2e7ee4-66cb-ef11-b8e8-000d3a5a403c	471	Pete Staples	M	M35-39	88	12:47:49	1:13:34	0:16:56	6:31:41	0:10:38	4:35:00	United Kingdom	
380e2504-ad84-ef11-ac21-002248049fdc	472	Fiona Clenahan	F	F25-29	7	12:48:18	1:22:05	0:12:49	6:51:24	0:05:35	4:16:25	United Kingdom	
8e7c6fa2-c03d-ef11-8409-000d3a367177	473	Iain Carr	M	M45-49	43	12:48:22	1:22:38	0:12:35	6:31:26	0:05:05	4:36:38	United Kingdom	
bfb56f48-16d5-ef11-8ee9-000d3a592251	474	Elliot Cooper	M	M30-34	86	12:48:36	1:30:40	0:10:34	6:39:21	0:07:47	4:20:14	United Kingdom	
ac53ddf7-2abd-403e-b1c3-ee6a6f94c7bc	475	Paul Slack	M	M55-59	4	12:49:22	1:02:53	0:11:30	6:58:46	0:07:14	4:28:58	United Kingdom	
8877e94d-b66e-ef11-a671-6045bd010fe7	476	John Martin	M	M45-49	44	12:49:22	1:34:24	0:15:24	6:41:31	0:11:40	4:06:24	United Kingdom	
aafd3c66-648a-f011-b4cc-6045bd05fcc1	477	Jon Tenney	M	M50-54	27	12:49:41	1:36:53	0:17:38	6:27:31	0:09:03	4:18:35	United States	
de3b577c-239c-ef11-8a6a-002248049fdc	478	Téo FITOUSSI	M	M25-29	74	12:49:51	1:33:00	0:14:49	6:37:25	0:05:02	4:19:35	France	
c8e42cf4-b65b-4d2c-8e5c-5f25a3ee4f71	479	Mario SCHREUER	M	M45-49	45	12:49:55	1:24:51	0:14:25	6:34:07	0:07:48	4:28:44	Germany	
67b2eef6-344c-ef11-a317-6045bd010fe7	480	Steven Davies	M	M40-44	60	12:50:06	1:31:39	0:13:32	6:53:59	0:06:53	4:04:03	United Kingdom	
cfe99483-119a-f011-b4cc-000d3a5cf7d8	481	Conor Close	M	M50-54	28	12:50:09	1:27:45	0:15:46	6:38:14	0:06:59	4:21:25	United Kingdom	
956e5d36-bdd9-4f0a-9af1-6be69d43bf95	482	Harry Taroni	M	M30-34	87	12:50:32	1:16:52	0:11:52	6:50:23	0:04:51	4:26:35	United Kingdom	
0566709c-ab97-f011-b4cc-002248098cfa	483	Jack Andrews	M	M25-29	75	12:50:56	1:23:54	0:09:57	6:58:55	0:04:38	4:13:33	United Kingdom	
116450b2-eb9d-f011-b41c-000d3a5b50ba	484	Daniel Knight	M	M35-39	89	12:51:01	1:24:54	0:13:12	6:52:00	0:07:04	4:13:50	United Kingdom	
6dee4a23-68cc-ef11-b8e9-002248049fdc	485	Oliver Brady	M	M18-24	30	12:51:33	1:23:07	0:13:55	6:45:37	0:06:05	4:22:49	United Kingdom	
4f69b6f4-39c0-47b2-be6e-2bf0acfef3b3	486	Richard Young	M	M45-49	46	12:51:50	1:42:06	0:12:48	6:34:38	0:06:46	4:15:33	United Kingdom	
4e6f88af-627a-ef11-a670-000d3a5b3d07	487	Joe Mann	M	M30-34	88	12:51:51	1:25:48	0:10:12	6:31:53	0:07:03	4:36:56	United Kingdom	
26ec504a-829c-4574-bd64-3947d21b1400	488	Christian Adams	M	M50-54	29	12:51:56	1:32:11	0:18:15	6:51:04	0:08:13	4:02:13	United Kingdom	
369e47be-5e96-4328-a895-96355503f13e	489	Ian Tilley	M	M45-49	47	12:51:56	1:29:16	0:14:35	6:34:45	0:08:43	4:24:37	United Kingdom	
5cf51aab-3483-49da-9fe2-e0681b895f60	490	Noah Hall	M	M25-29	76	12:52:00	1:37:12	0:11:13	6:57:07	0:03:41	4:02:48	United Kingdom	
e3a479d3-7b88-ef11-ac21-000d3a5a1803	491	Robbie Nimmo	M	M35-39	90	12:52:06	1:21:09	0:13:27	7:01:54	0:07:32	4:08:03	South Africa	
88ca9fc4-cc4f-42a9-8ad0-a63b6e405d76	492	Christian Madge	M	M35-39	91	12:52:13	1:47:47	0:14:48	6:49:33	0:07:58	3:52:07	United Kingdom	
45061cda-747e-ef11-ac21-000d3a5a1803	493	Aaron Rowling	M	M18-24	31	12:52:39	1:15:22	0:12:41	6:49:12	0:05:15	4:30:09	United Kingdom	
94a4b2f1-93f8-ed11-8849-000d3a3144b3	494	Chris Stokes	M	M35-39	92	12:52:43	1:38:19	0:16:05	6:36:05	0:05:12	4:17:02	United Kingdom	
f549558a-f2d8-425c-ae59-5c157515ade8	495	Leon Young	M	M40-44	61	12:52:48	1:30:55	0:10:52	7:03:49	0:04:43	4:02:30	United Kingdom	
75178ad5-82d1-4229-852a-6ff4c7e9b601	496	Oisin Higgins	M	M35-39	93	12:52:49	1:23:30	0:11:22	6:28:57	0:03:59	4:45:01	Ireland	
b0503270-159e-ef11-8a6a-002248049fdc	497	Joshua Winter	M	M25-29	77	12:52:55	1:16:35	0:12:14	6:16:16	0:17:10	4:50:39	United Kingdom	
31be4561-aed2-4fd4-bfd2-9b8e77d88733	498	Rob Murray	M	M50-54	30	12:52:58	1:23:09	0:18:25	6:45:27	0:06:51	4:19:05	United Kingdom	
927f5de4-13fd-ef11-bae2-6045bd085b42	499	Tom Davies	M	M35-39	94	12:53:08	1:36:42	0:13:24	6:55:51	0:04:41	4:02:30	United Kingdom	
c20f5c87-0b9b-f011-b4cc-000d3a5b7c3b	500	Ryan Thornhill	M	M30-34	89	12:53:20	1:41:11	0:12:54	6:47:57	0:04:54	4:06:23	United Kingdom	
90212249-b891-46b5-8359-12578ed898ae	501	Cameron Tallis	M	M25-29	78	12:53:50	1:20:33	0:15:09	6:44:57	0:06:12	4:26:59	United Kingdom	
48f965c2-a597-f011-b4cc-000d3a3173b5	502	Ryan Scourfield	M	M25-29	79	12:54:18	1:25:52	0:11:36	6:54:00	0:07:44	4:15:05	United Kingdom	
16f31414-d341-ee11-bdf3-000d3a314ae2	503	Scarlett Wells	F	F25-29	8	12:54:48	1:28:11	0:12:53	7:02:42	0:04:33	4:06:28	United Kingdom	
fb260f19-bfae-f011-bbd3-0022480a7385	504	Matt Grundy	M	M25-29	80	12:55:01	1:17:40	0:12:46	7:13:23	0:05:37	4:05:34	United Kingdom	
db36b01b-179a-f011-b4cc-0022480a7385	505	Luke Margrie	M	M30-34	90	12:55:17	1:45:08	0:16:08	6:50:08	0:08:28	3:55:25	United Kingdom	
299574e8-306b-4318-bd80-35e5c6f1360d	506	Dylan Foley	M	M25-29	81	12:55:30	1:20:16	0:11:15	6:39:27	0:04:18	4:40:14	United Kingdom	
c0e95406-69a4-f011-bbd3-0022480a7385	507	craig.venables@btinternet.com craig.venables@btinternet.com		M25-29	82	12:55:39	1:21:42	0:13:36	6:53:51	0:08:16	4:18:14	United Kingdom	
2f4e28fd-af52-4152-8ef5-708491f5a6be	508	Arthur Clarkson	M	M30-34	91	12:55:40	1:13:01	0:13:31	7:06:54	0:08:15	4:13:59	Australia	
570d0fbc-125b-4fcb-bf33-9f4cffa6285c	509	Robert Reid	M	M30-34	92	12:56:00	1:32:16	0:13:35	6:27:55	0:06:09	4:36:04	United Kingdom	
7cfad426-8a60-4660-95ce-bad5233a1c8a	510	Keenan Jones	M	M25-29	83	12:56:12	1:14:42	0:14:25	6:59:07	0:10:44	4:17:14	United Kingdom	
76453217-4a9a-f011-b4cc-6045bd05fcc1	511	Ellis Symons	M	M25-29	84	12:56:38	1:53:32	0:15:21	6:41:11	0:07:01	3:59:33	United Kingdom	
0fa6fb0a-9dbd-44b0-889b-3d8c12366338	512	George Hamblin	M	M25-29	85	12:56:53	1:28:55	0:13:26	7:17:05	0:07:20	3:50:08	United Kingdom	
560de276-3c33-4d4d-ae41-eb11414ae108	513	Hywel Davies	M	M35-39	95	12:57:03	1:19:36	0:10:38	6:51:23	0:06:01	4:29:25	United Kingdom	
7177795b-c8bf-f011-bbd3-6045bd05fcc1	514	Shuaib Blake	M	M30-34	93	12:57:19	1:18:40	0:13:03	6:45:59	0:06:38	4:33:00	United Kingdom	
7d82e93d-08ec-4c49-8713-d620301d0f09	515	David Smith	M	M40-44	62	12:57:20	1:23:56	0:14:03	6:39:09	0:07:56	4:32:15	United Kingdom	
962a9776-fa75-474c-918a-2ebe32884636	516	Matthew Sowerby	M	M25-29	86	12:57:20	1:29:47	0:15:35	6:26:08	0:09:20	4:36:29	United Kingdom	
f3661eaa-10a0-4ff1-88ae-994713ca8889	517	Ryan Doyle	M	M40-44	63	12:57:30	1:21:18	0:13:45	6:36:31	0:08:12	4:37:44	United Kingdom	
2e5848cb-4b07-4e25-955a-ae64ef989bc1	518	Robbie Innes	M	M35-39	96	12:57:34	1:07:19	0:11:41	6:43:50	0:07:32	4:47:13	United Kingdom	
1e24eb71-2f99-f011-b4cc-000d3a5b50ba	519	Ruaridh Moss	M	M25-29	87	12:57:44	1:20:50	0:15:50	7:00:18	0:11:49	4:08:56	United Kingdom	
389681c6-863e-ed11-9db0-00224806a6f0	520	Christian Regis	M	M45-49	48	12:57:50	1:49:30	0:17:37	6:38:59	0:12:06	3:59:38	United Kingdom	
9cb02497-e16d-ef11-a671-000d3a37be46	521	Owen Kelly	M	M18-24	32	12:57:51	1:27:53	0:13:53	7:25:57	0:09:17	3:40:52	United Kingdom	
f05a642e-079a-f011-b4cb-7ced8d70c1af	522	Aaron Walker	M	M30-34	94	12:58:24	1:02:37	0:10:19	6:55:51	0:08:09	4:41:27	United Kingdom	
46211332-c2e0-ef11-8eea-6045bd088264	523	Mark Schofield	M	M55-59	5	12:59:14	1:27:09	0:16:29	6:56:26	0:09:25	4:09:44	United Kingdom	
74e2b9ce-1cd5-ef11-8eea-000d3a3126fd	524	Geraint Evans	M	M40-44	64	12:59:37	1:28:37	0:13:50	6:46:15	0:06:43	4:24:12	United Kingdom	
91bbf38d-19dc-ef11-8eea-002248049fdc	525	James Jarvis	M	M35-39	97	12:59:48	1:11:05	0:12:17	7:00:05	0:05:33	4:30:49	United Kingdom	
7f9a8251-7499-f011-b4cc-000d3a3173b5	526	Thomas Griffiths	M	M40-44	65	12:59:48	1:26:25	0:17:20	6:56:11	0:11:37	4:08:15	United Kingdom	
3ed90d58-12c1-4ba3-b005-1815f83ef1e5	527	Alexander Simpson	M	M35-39	98	13:00:01	1:33:28	0:12:34	6:59:51	0:07:06	4:07:02	United Kingdom	
a61600d2-fd67-f011-bec2-000d3a5cf7d8	528	Arthur Jones	M	M25-29	88	13:00:02	1:19:52	0:12:18	7:10:18	0:05:58	4:11:36	United Kingdom	
d977413e-4f56-42ab-b65a-7306fd166990	529	Barry Parsons	M	M35-39	99	13:00:07	1:29:03	0:13:22	6:38:51	0:05:58	4:32:53	United Kingdom	
5902e759-21e6-ee11-904c-6045bd064839	530	James Knight	M	M18-24	33	13:00:13	1:28:57	0:12:30	7:07:14	0:06:34	4:04:58	United Kingdom	
016d35ae-bca3-f011-bbd3-0022480a7385	531	Mark Vines	M	M45-49	49	13:00:24	0:59:55	0:11:44	6:42:57	0:08:54	4:56:53	United Kingdom	
a67b95e9-f31c-45b5-98d8-a968508ee056	532	Kyle Mainwairing	M	M30-34	95	13:00:40	1:28:26	0:16:20	6:44:46	0:06:11	4:24:56	United Kingdom	
8e066de5-fe56-4184-90be-7fad43a3a41b	533	Cliff Price	M	M50-54	31	13:00:42	1:28:17	0:14:50	6:45:30	0:10:53	4:21:12	United Kingdom	
ef47becd-e7d0-f011-bbd3-6045bd09951e	534	oliver stevens	M	M50-54	32	13:00:46	1:25:58	0:12:54	6:41:06	0:09:29	4:31:19	United Kingdom	
20d42b84-d003-4a68-a9af-7d0257660d0c	535	Milosz Pytel	M	M45-49	50	13:00:55	1:17:03	0:16:17	6:45:03	0:07:46	4:34:46	Poland	
8e64fd75-7869-48a7-abab-88908e7bfe5d	536	Lori Westcott	F	F40-44	4	13:00:58	1:10:37	0:11:18	6:56:17	0:08:26	4:34:20	United Kingdom	
aaa5eaa2-a99a-f011-b4cc-6045bd05fcc1	537	Kane Kahaki	M	M35-39	100	13:01:04	1:34:25	0:21:25	6:33:45	0:08:25	4:23:04	United Kingdom	
4e3ec304-dbc1-ef11-b8e9-002248049fdc	538	Luke Whiting	M	M30-34	96	13:01:08	1:27:50	0:15:07	7:05:41	0:05:25	4:07:04	United Kingdom	
97b0fee2-ff41-f011-b4ca-000d3a5b7c3b	539	James Vecchio	M	M30-34	97	13:01:24	1:23:39	0:12:08	7:04:21	0:06:22	4:14:54	United Kingdom	
52219b5a-727a-ef11-a670-000d3a5a1803	540	Zac Byard	M	M25-29	89	13:01:28	1:26:12	0:12:28	6:47:09	0:08:09	4:27:30	United Kingdom	
d94736a1-d937-411d-8fd4-f2f99bdf2a1d	541	Charlotte Jones	F	F30-34	4	13:01:44	1:22:50	0:10:29	7:01:41	0:05:21	4:21:23	United Kingdom	
0c2abf68-429d-f011-b41c-000d3a5cf7d8	542	Guillaume Ploumen	M	M25-29	90	13:01:53	1:29:23	0:17:46	6:46:12	0:07:06	4:21:26	Belgium	
643e7e59-b2ba-e811-a97f-000d3a34e641	543	Craig Bowen	M	M35-39	101	13:02:04	1:17:10	0:13:09	6:43:37	0:08:24	4:39:44	United Kingdom	
fca23551-5a18-4707-8d79-e4be5472bc28	544	Ella Sibley	F	F35-39	7	13:02:05	1:29:15	0:12:18	7:04:38	0:05:16	4:10:39	United Kingdom	
9ede739f-6d19-f011-9989-000d3a5b7c3b	545	Nerijus Reklys	M	M40-44	66	13:02:12	1:27:17	0:16:31	6:39:48	0:07:04	4:31:31	Lithuania	
dd54400a-017c-ef11-a670-6045bd05c809	546	Will Holland	M	M45-49	51	13:02:18	1:27:40	0:18:48	7:08:01	0:09:52	3:57:56	United Kingdom	
47eea429-7aa0-f111-b8dc-6045bd08b1a2	547	Anwen Nesham	F	F18-24	3	13:02:30	1:10:44	0:10:06	7:03:49	0:04:57	4:32:54	United Kingdom	
f0198da2-a952-4662-ac1a-043929b25d24	548	Lee Evans	M	M45-49	52	13:02:30	1:28:55	0:15:44	6:38:27	0:05:37	4:33:47	United Kingdom	
a59c21b5-d9de-45ae-acc1-5ded1d5e32d7	549	Shaun Lewis	M	M40-44	67	13:02:46	1:37:25	0:14:06	6:42:11	0:07:45	4:21:18	United Kingdom	
71977c57-c9fa-ef11-9341-002248049fdc	550	Thomas Bunyan	M	M18-24	34	13:02:56	1:24:13	0:09:46	7:00:44	0:06:12	4:22:01	United Kingdom	
e406b1cd-a9e0-ef11-8eea-000d3a5a1803	551	Joshua Joyce	M	M30-34	98	13:03:12	1:20:16	0:12:00	6:54:14	0:05:22	4:31:19	United Kingdom	
755383bb-97b9-ef11-b8e9-002248049fdc	552	Joseph Bate	M	M30-34	99	13:03:22	1:23:29	0:14:01	6:56:24	0:06:57	4:22:31	United Kingdom	
ef6914d2-f443-4861-af89-beff1753cdd1	553	Louise Osgood	F	F35-39	8	13:03:26	1:16:09	0:13:39	7:14:35	0:08:13	4:10:51	United Kingdom	
7c0ca79b-1ea9-f011-bbd3-0022480c097c	554	Jasper Mentink	M	M25-29	91	13:03:35	1:34:57	0:15:40	6:51:01	0:07:17	4:14:41	Netherlands	
86595965-dbab-f011-bbd3-000d3a5b7c3b	555	William Banks	M	M45-49	53	13:03:47	1:29:01	0:13:44	6:57:53	0:05:31	4:17:39	United Kingdom	
ae1ffffd-c395-ef11-8a6a-6045bd048089	556	Menno RIJKAART	M	M35-39	102	13:03:50	1:29:46	0:14:24	6:38:12	0:09:03	4:32:25	Netherlands	
15523fcf-7915-42b3-9ca4-4cecee5b69ab	557	Gemma Lewis	F	F40-44	5	13:04:08	1:14:10	0:15:23	6:46:21	0:07:16	4:40:57	United Kingdom	
e7cfd2ec-8fe9-4255-8979-d926bf04f612	558	Jordan Mcqueen	M	M35-39	103	13:04:15	1:53:11	0:12:24	7:04:11	0:04:53	3:49:35	United Kingdom	
d8f3e274-2b7c-ef11-a670-000d3a338a3c	559	Ewan Quayle	M	M30-34	100	13:04:16	1:22:58	0:16:43	6:49:20	0:08:48	4:26:28	United Kingdom	
5671ceb2-089a-f011-b4cc-6045bd05fcc1	560	Joe Hawke	M	M30-34	101	13:05:05	1:27:15	0:14:22	6:52:23	0:08:34	4:22:32	United Kingdom	
2e3c3c8a-fc92-ef11-ac21-6045bd048089	561	Chris Zhao	M	M18-24	35	13:05:09	1:44:00	0:14:45	6:34:01	0:05:56	4:26:26	United Kingdom	
84419bc0-0dd4-4b7a-a914-0d8aa2e45b22	562	Olivia Mckie-Thomson	F	F18-24	4	13:05:12	1:23:51	0:11:05	6:43:53	0:05:14	4:41:08	United Kingdom	
1f974c2d-3cd9-48d4-9756-64f836849030	563	Brett Evans	M	M35-39	104	13:05:14	1:21:54	0:11:38	7:01:51	0:05:29	4:24:22	United Kingdom	
58e02aff-3c72-476a-9707-a708167a0fe5	564	Paul Flattery	M	M40-44	68	13:05:22	1:33:42	0:17:20	6:57:44	0:08:23	4:08:12	United Kingdom	
2b57f67b-6b7c-4908-ae8a-5872b566354c	565	James Davy	M	M40-44	69	13:05:41	1:24:45	0:13:48	6:35:42	0:09:28	4:41:57	United Kingdom	
b1301653-7898-f011-b4cc-000d3a5cf7d8	566	Phil Lewis	M	M35-39	105	13:05:42	1:30:43	0:14:35	6:38:30	0:08:34	4:33:20	United Kingdom	
fc31a1be-bc63-ef11-bfe3-000d3a3b4ec1	567	Ethan Millard	M	M18-24	36	13:05:44	1:35:44	0:13:46	7:09:24	0:07:49	3:59:01	United Kingdom	
1c922f5e-bdbe-4529-bee3-d4656b344447	568	Ben Whiteley	M	M18-24	37	13:05:59	1:30:20	0:11:16	6:46:21	0:08:00	4:30:01	United Kingdom	
81793e9c-0338-4529-8502-9163b8c5911a	569	Isabella Mcnally	F	F30-34	5	13:06:01	1:29:54	0:11:00	7:01:55	0:06:25	4:16:47	United Kingdom	
0a203aa6-ce9b-4f2e-9667-c50bb4fc17fa	570	Kevin Williams	M	M40-44	70	13:06:23	1:48:02	0:12:57	6:40:57	0:11:26	4:13:02	United Kingdom	
d5e9e58c-3a13-ed11-b83b-000d3a3af2ae	571	Andrew Williams	M	M50-54	33	13:06:34	1:27:22	0:12:05	6:44:29	0:07:43	4:34:55	United Kingdom	
f49f2eee-bfd1-4765-8b68-0992b510f970	572	Scott Barker	M	M35-39	106	13:06:38	1:35:04	0:14:06	6:42:41	0:08:35	4:26:12	United Kingdom	
f0962bf6-9bfb-41fa-97bd-62ca39a4864d	573	David Rowe	M	M40-44	71	13:06:51	1:32:18	0:13:30	6:32:30	0:10:25	4:38:08	United Kingdom	
d324d418-7543-408d-be56-1c5bf3c3f6a4	574	Adam Mccarthy	M	M45-49	54	13:06:59	1:28:12	0:14:37	6:40:09	0:08:27	4:35:34	United Kingdom	
063c3dd4-fdc0-4809-85fd-5045f38b99fd	575	Matthew Kidney	M	M25-29	92	13:07:01	1:22:13	0:15:41	6:54:29	0:12:10	4:22:28	United Kingdom	
2fcfb69a-5e27-4e0b-b250-8480f172c61e	576	Christopher Porton	M	M55-59	6	13:07:07	1:12:19	0:14:03	6:48:03	0:07:52	4:44:51	United Kingdom	
f7924ddb-e466-4b93-bb15-bf620e309e09	577	Simon Jones	M	M50-54	34	13:07:10	1:17:44	0:17:56	6:40:39	0:08:04	4:42:48	United Kingdom	
0a624037-ae03-f111-8406-00224803a1cd	578	Tom Smith	M	M25-29	93	13:07:19	1:16:02	0:17:05	6:50:44	0:08:42	4:34:46	United Kingdom	
e35c7d54-079a-f011-b4cc-000d3a35ffc1	579	Scott O'Connor	M	M30-34	102	13:07:21	1:24:44	0:12:36	6:59:04	0:06:18	4:24:39	United Kingdom	
287aa05b-b1d6-46e7-b04b-ed98f22356b1	580	Olivier Lugand	M	M35-39	107	13:07:23	1:28:37	0:14:13	7:13:37	0:07:47	4:03:09	France	
53f1b504-7a99-f011-b4cc-000d3a5cf7d8	581	Elliot Pritchard	M	M30-34	103	13:07:26	1:26:25	0:14:00	7:00:56	0:06:02	4:20:04	United Kingdom	
70ab901b-d31c-ef11-840b-000d3a314c24	582	Cameron Llewellyn	M	M25-29	94	13:07:37	1:42:49	0:14:49	6:45:18	0:08:57	4:15:43	United Kingdom	
2796e077-6479-446b-85bf-cffe21a7f63e	583	Gareth Howells	M	M40-44	72	13:07:54	1:18:36	0:13:53	6:44:38	0:11:48	4:38:59	United Kingdom	
5efe6778-079a-f011-b4cc-000d3a35ffc1	584	Cameron Spurling	M	M25-29	95	13:08:36	1:33:25	0:10:46	7:10:38	0:05:44	4:08:02	United Kingdom	
1f4c01c0-860b-4586-a9e3-b975b11d491d	585	Paul Morgan	M	M45-49	55	13:08:39	1:29:51	0:09:55	6:39:57	0:06:04	4:42:53	United Kingdom	
a50afe66-5c98-f011-b4cc-000d3a5cf7d8	586	Callum Powell	M	M25-29	96	13:08:44	1:30:45	0:13:51	7:10:28	0:11:36	4:02:03	United Kingdom	
86a59596-cac6-4ada-8ea1-bb20843a2c93	587	Matthew Powell	M	M18-24	38	13:08:51	1:14:25	0:13:15	7:16:57	0:06:20	4:17:54	United Kingdom	
26890879-aaaa-f111-aaac-0022480a5755	588	Phil Mataj	M	M30-34	104	13:08:58	1:37:50	0:14:50	6:36:59	0:07:25	4:31:54	Poland	
b800212d-0112-ef11-9f89-0022480a1ec4	589	Tristam Slater	M	M45-49	56	13:09:00	1:20:17	0:17:18	6:47:09	0:08:21	4:35:56	United Kingdom	
9736873e-23a1-f011-bbd3-6045bd05f634	590	Tom Powlesland	M	M35-39	108	13:09:10	1:30:40	0:14:40	7:05:13	0:07:36	4:11:02	United Kingdom	
275861e5-109a-f011-b4cc-002248098cfa	591	Harry Goffin	M	M18-24	39	13:09:12	1:29:07	0:12:52	7:15:30	0:08:43	4:03:00	United Kingdom	
018d8029-5655-44ae-a055-f5429a882456	592	Gareth Rees	M	M45-49	57	13:09:18	1:44:42	0:14:52	6:19:51	0:06:46	4:43:07	United Kingdom	
5a8aba01-697b-ef11-a670-000d3a59a9a1	593	David Jenkins	M	M45-49	58	13:09:33	1:36:53	0:18:21	6:39:58	0:09:44	4:24:37	United Kingdom	
860a90a4-3a6d-ef11-a671-6045bd0953ac	594	Tom Schofield	M	M35-39	109	13:09:35	1:49:42	0:11:44	6:34:58	0:06:17	4:26:54	United Kingdom	
e2fde4d8-90d3-41b3-8979-0c5363ae5a7e	595	Kevin Woodley	M	M50-54	35	13:09:56	1:25:32	0:13:37	7:03:48	0:08:46	4:18:14	United Kingdom	
422f435b-aa9e-f011-b41c-000d3a3173b5	596	Jai Robinson	M	M18-24	40	13:10:11	1:17:12	0:14:51	6:33:58	0:04:33	4:59:37	United Kingdom	
0f341930-b6d8-e911-a985-000d3a36478d	597	Adam Williams	M	M35-39	110	13:10:16	1:19:46	0:13:27	6:59:19	0:06:14	4:31:30	United Kingdom	
45c43217-ce0c-ef11-9f89-6045bd012ace	598	Benjamin Clow	M	M35-39	111	13:10:20	1:24:38	0:12:16	7:01:16	0:04:46	4:27:24	United Kingdom	
7b782e12-0a7c-ef11-a670-000d3a59a9a1	599	Matthew Roberts	M	M40-44	73	13:10:35	1:21:39	0:15:18	6:43:19	0:06:47	4:43:32	United Kingdom	
41c77b32-6f9d-f011-b41c-000d3a3173b5	600	Thomas Gale	M	M25-29	97	13:10:36	1:26:55	0:14:53	6:58:29	0:08:02	4:22:17	United Kingdom	
e8aa96be-4c9a-f011-b4cc-0022480a7385	601	James Clarke-Sawyer	M	M35-39	112	13:10:38	1:22:16	0:12:51	7:04:55	0:08:38	4:21:59	United Kingdom	
6ddf2438-5c6c-ef11-bfe3-000d3a37be46	602	Carwyn Kendry	M	M25-29	98	13:10:39	1:50:46	0:12:54	6:55:53	0:04:19	4:06:48	United Kingdom	
1b2f8707-f974-4052-a2df-61f97a37d420	603	Jonathan Williams	M	M50-54	36	13:10:40	1:31:29	0:12:37	6:28:35	0:05:58	4:52:00	United Kingdom	
89da3dce-539f-432c-9cec-e40d56e7b218	604	David Nield	M	M60-64	7	13:10:41	1:34:03	0:14:41	6:58:11	0:04:18	4:19:28	United Kingdom	
92a04dec-a76b-ef11-bfe3-6045bd0953ac	605	Stuart Goodwin	M	M35-39	113	13:10:44	1:30:44	0:12:12	6:49:50	0:09:05	4:28:52	United Kingdom	
33b65a33-7885-ef11-ac21-000d3a59a9a1	606	Charlie Williams	M	M18-24	41	13:10:56	1:14:30	0:15:14	6:50:02	0:06:51	4:44:19	United Kingdom	
02aa4072-ee8e-f011-b4cc-6045bd09951e	607	Lucy Parkinson	F	F25-29	9	13:10:59	1:33:50	0:13:20	6:52:41	0:07:54	4:23:14	United Kingdom	
a2037b6c-cead-46be-aaae-ec926d99138d	608	Rhys Williams	M	M25-29	99	13:11:01	1:24:45	0:13:29	6:33:39	0:06:24	4:52:44	United Kingdom	
a05afe9c-2907-4765-bea7-7698485fbdc2	609	Jessica Denman	F	F35-39	9	13:11:30	1:15:30	0:10:38	6:58:39	0:03:42	4:43:01	United Kingdom	
715b2921-a1f4-49c1-813a-555c7a1e7c3b	610	Matt Ward	M	M50-54	37	13:11:41	1:33:57	0:14:40	6:42:23	0:07:34	4:33:08	United Kingdom	
661aca2f-ff9f-45ce-a429-70cd0ed6c04e	611	Lauren Hancock	F	F30-34	6	13:11:52	1:29:29	0:12:59	7:07:11	0:05:38	4:16:34	United Kingdom	
fc084fac-f9fa-ee11-a1ff-000d3a314c24	612	Alex Chrysanthou	M	M35-39	114	13:12:17	1:15:30	0:18:21	7:09:47	0:12:00	4:16:39	United Kingdom	
7308db99-1080-f011-b4cc-000d3a5b50ba	613	Ryan Parry-Jones	M	M30-34	105	13:12:24	1:13:09	0:14:07	7:07:41	0:03:44	4:33:43	United Kingdom	
93814d47-effb-4922-b52f-9cf8301f5aa8	614	Rhys Thomas	M	M35-39	115	13:12:27	1:18:10	0:12:11	7:06:30	0:06:42	4:28:53	United Kingdom	
c15db8d9-d678-ef11-a670-000d3a5b3d07	615	Mitchell Davey	M	M18-24	42	13:12:44	1:16:36	0:12:30	7:05:20	0:09:46	4:28:32	United Kingdom	
fffbd134-493a-4a45-a874-da8c2ab2c05e	616	Cole Williams	M	M18-24	43	13:12:56	1:27:24	0:17:11	6:54:23	0:11:20	4:22:38	United Kingdom	
c92bb7cd-8ee3-4c68-9771-d2be606af4a8	617	Paul Caines	M	M50-54	38	13:12:59	1:41:44	0:12:46	6:12:36	0:04:55	5:00:59	United Kingdom	
440d133f-aeb0-4a7a-92a1-ae2a28c20cf8	618	Daniel Jankes	M	M45-49	59	13:13:10	1:14:46	0:11:58	6:51:37	0:08:45	4:46:03	United Kingdom	
5814d96c-149a-f011-b4cc-6045bd05fcc1	619	Jac Howells	M	M25-29	100	13:13:47	1:48:09	0:12:47	6:41:10	0:06:13	4:25:29	United Kingdom	
66c7a2f4-ecc0-43b7-8a62-c2791a1579af	620	Andrew Jones	M	M40-44	74	13:13:53	1:25:50	0:16:01	7:09:36	0:09:27	4:12:59	United Kingdom	
a9a5ba88-7bc4-f011-bbd2-000d3a5b7c3b	621	Liam Osborne	M	M30-34	106	13:13:55	1:07:16	0:14:14	7:08:00	0:07:28	4:36:57	United Kingdom	
70313a04-6e45-f011-877a-6045bd05fcc1	622	Kevan Gotobed	M	M50-54	39	13:13:56	1:30:30	0:13:45	6:48:17	0:08:48	4:32:35	United Kingdom	
003fe439-0fa5-f011-bbd3-6045bd09951e	623	Daniel Dyke	M	M25-29	101	13:14:03	1:22:03	0:13:51	6:44:56	0:08:46	4:44:27	United Kingdom	
0dc4a3ac-49db-427c-8c2d-ff6259b5f55d	624	Luisa Petta	F	F35-39	10	13:14:05	1:20:51	0:18:48	6:45:11	0:12:35	4:36:39	United Kingdom	
769b1c7b-e778-ef11-a670-000d3a5a1803	625	Mathew Mariani	M	M35-39	116	13:14:13	1:45:24	0:16:26	7:05:41	0:06:10	4:00:32	United Kingdom	
6cda9644-047c-4b3e-a4ec-3140e97b25d2	626	DAVID O DWYER	M	M40-44	75	13:14:23	1:35:22	0:15:06	7:10:09	0:08:13	4:05:33	Ireland	
3ccbbe86-04cf-f011-bbd3-000d3a35ffc1	627	George Heath	M	M18-24	44	13:14:23	1:08:01	0:14:54	6:52:36	0:09:05	4:49:48	United Kingdom	
6bed9fb5-6aab-ef11-b8e9-6045bd048089	628	Richard Jones	M	M30-34	107	13:14:27	1:17:15	0:15:23	6:36:46	0:07:25	4:57:39	United Kingdom	
76d0734a-2365-ef11-bfe3-00224809fd7c	629	Philip McKean	M	M25-29	102	13:14:34	1:27:01	0:15:31	6:52:06	0:08:04	4:31:52	United Kingdom	
561c43a7-9173-4aab-80a1-8423f71cd509	630	Jay Blanchard	M	M45-49	60	13:14:36	1:20:18	0:20:45	7:02:10	0:08:41	4:22:42	United Kingdom	
d55ed3c1-8979-ef11-a670-6045bd05c809	631	Daniel Simmonds	M	M40-44	76	13:14:48	1:39:55	0:15:50	6:42:12	0:08:58	4:27:54	United Kingdom	
a0b3ecf3-c446-f011-877a-6045bd05f634	632	Steffan Jeremiah	M	M30-34	108	13:15:03	1:21:39	0:14:21	6:58:20	0:09:25	4:31:18	United Kingdom	
879a54f5-81ed-46e9-b462-9fe71b8b556d	633	Kevin Murphy	M	M40-44	77	13:15:03	1:29:10	0:17:00	6:52:34	0:09:26	4:26:52	United Kingdom	
d2e5f999-cf71-4c96-b312-b71678034eac	634	Darren Baynham	M	M40-44	78	13:15:04	1:45:45	0:15:26	6:25:07	0:07:04	4:41:43	United Kingdom	
0581462e-9075-45c0-ba85-aa061772ae39	635	Robin Newbold	M	M35-39	117	13:15:17	1:34:06	0:15:10	6:48:19	0:11:14	4:26:28	United Kingdom	
211a2899-99a0-4b92-9f1d-57bb5c4763eb	636	Jérémy David	M	M35-39	118	13:15:21	1:38:07	0:14:55	6:32:38	0:04:45	4:44:56	France	
2e320ac2-997c-ef11-a670-000d3a338a3c	637	Matthew Rawlinson	M	M30-34	109	13:15:28	1:28:54	0:17:25	7:05:33	0:10:10	4:13:24	United Kingdom	
3bce9e1c-9c45-456c-89e6-eeeb63ee5b29	638	Robert Floyd	M	M40-44	79	13:15:33	1:14:24	0:12:43	7:24:24	0:06:55	4:17:07	United Kingdom	
51465101-d3c6-ef11-b8e8-000d3a5a403c	639	Josh Michaels	M	M18-24	45	13:15:35	1:30:58	0:13:05	6:59:21	0:06:32	4:25:41	United Kingdom	
e82ad105-e637-f011-8c4e-000d3a35ffc1	640	Anthony Luker	M	M40-44	80	13:15:39	1:41:43	0:21:44	7:01:22	0:09:14	4:01:37	United Kingdom	
6d87a79d-0e9a-f011-b4cc-000d3a3173b5	641	Helene Rittscher	F	F18-24	5	13:16:00	1:34:19	0:15:24	6:44:45	0:10:07	4:31:25	United Kingdom	
ee52404d-1255-46b0-ba61-1d61e46567ce	642	Ellis James	M	M30-34	110	13:16:08	1:36:21	0:14:17	7:14:42	0:06:31	4:04:18	United Kingdom	
c33b99fe-659d-f011-b41b-000d3a5a5dc2	643	Toby Walwin	M	M25-29	103	13:16:39	1:20:55	0:13:51	7:07:48	0:07:55	4:26:08	United Kingdom	
bb05c012-deb8-45ab-8bc9-e16dd26a9c35	644	Eduard Nakonechnyi	M	M40-44	81	13:16:41	1:26:32	0:14:03	6:44:00	0:07:31	4:44:36	Ukraine	
f60e08c0-6a98-4b45-90ca-d415654aa49c	645	Mark Butler	M	M40-44	82	13:16:42	1:30:26	0:13:35	6:40:03	0:08:43	4:43:56	United Kingdom	
73db05f9-f184-44b2-a2e3-3dabb3dbcad9	646	Conrad Anderson	M	M30-34	111	13:16:47	1:33:43	0:12:53	7:07:19	0:04:51	4:18:01	United Kingdom	
5cf56b09-cc72-440b-8fdd-f957eb06408e	647	Sarah Booker	F	F45-49	3	13:17:07	1:38:32	0:12:39	7:19:31	0:09:29	3:56:55	United Kingdom	
eba93fd2-7edf-44de-906c-1301db1e094f	648	Keith Chant	M	M55-59	7	13:17:14	1:33:05	0:17:36	6:43:33	0:10:10	4:32:50	United Kingdom	
49e5bc54-0027-4a8a-8047-5ab4b742c85f	649	Leigh Wallis	M	M45-49	61	13:17:30	1:29:01	0:15:52	7:10:06	0:08:17	4:14:13	United Kingdom	
565c6300-bfd6-43be-b101-df8a8eba55e6	650	Corey Butler	M	M30-34	112	13:17:31	1:32:14	0:12:10	6:48:31	0:07:02	4:37:34	United Kingdom	
3a117830-6127-4a6c-a243-e3e38ef98e3c	651	Ralf Battenfeld	M	M60-64	8	13:17:34	1:22:56	0:18:39	6:52:21	0:07:10	4:36:28	Switzerland	
4f68b17a-3aa4-f011-bbd3-000d3a5cf7d8	652	Max Benson	M	M18-24	46	13:17:38	1:25:48	0:13:05	7:04:24	0:08:57	4:25:24	United Kingdom	
15cc0560-6885-4965-a2a4-83e8a3d554e5	653	Alistair Drury	M	M35-39	119	13:17:48	1:27:58	0:12:52	7:21:41	0:05:43	4:09:34	United Kingdom	
f46b9b5b-85f8-47f8-a9ce-983269b6eada	654	Ryan Bagshaw-Morrin	M	M25-29	104	13:18:09	1:27:51	0:13:39	6:55:37	0:07:51	4:33:10	United Kingdom	
efb10a3f-16a9-48e6-b31a-251af731cc08	655	Dean Price	M	M50-54	40	13:18:27	1:18:57	0:11:55	6:54:57	0:09:04	4:43:34	United Kingdom	
9dac808a-9679-ef11-a670-000d3a5a1803	656	Cian Williams	M	M18-24	47	13:18:29	1:32:35	0:12:48	7:06:08	0:05:49	4:21:09	United Kingdom	
a69386a3-0a9a-f011-b4cc-6045bd09951e	657	Gareth mathias	M	M40-44	83	13:18:39	1:29:41	0:15:06	6:37:53	0:10:24	4:45:35	United Kingdom	
5748da4b-cb9d-f011-b41c-000d3a3173b5	658	Broderick Murphy	M	M40-44	84	13:18:45			6:48:06	0:06:00	4:55:38	United Kingdom	
d0720d41-1392-ef11-ac21-000d3a338a3c	659	Mathew Roberts	M	M35-39	120	13:18:49	1:18:27	0:14:14	7:05:29	0:07:57	4:32:42	United Kingdom	
1c7173aa-8ada-4972-8faa-fe7af790a333	660	Paul Fisher	M	M45-49	62	13:18:52	1:40:02	0:13:35	6:55:42	0:08:49	4:20:45	United Kingdom	
55b17621-999f-f011-b41c-000d3a3173b5	661	Sean Dinsdale	M	M45-49	63	13:18:52	1:32:13	0:14:13	7:07:08	0:07:47	4:17:30	United Kingdom	
9af53e88-d752-4094-9c4f-678ab47d49eb	662	Neil Lofthouse	M	M35-39	121	13:18:53	1:29:30	0:12:40	7:11:18	0:07:32	4:17:53	United Kingdom	
0d22f181-de72-ef11-a670-000d3a308d97	663	Rhodri Evans	M	M30-34	113	13:19:06	1:25:29	0:11:27	7:01:23	0:08:43	4:32:05	United Kingdom	
03284720-7e99-f011-b4cc-0022480a7385	664	Toby Price	M	M18-24	48	13:19:07	1:31:59	0:17:22	6:49:22	0:09:56	4:30:27	United Kingdom	
05f57997-cb50-f011-877a-6045bd05fcc1	665	Aidan Hennessey	M	M25-29	105	13:19:07	1:38:02	0:12:15	6:58:51	0:04:27	4:25:31	South Africa	
ae4750b9-c578-ef11-a670-000d3a32fefc	666	James Miller	M	M40-44	85	13:19:16	1:11:05	0:14:05	6:59:24	0:04:28	4:50:14	United Kingdom	
8bb66a07-b071-ef11-a672-00224809fd7c	667	Evangelos Patsourakos	M	M30-34	114	13:19:23	1:20:23	0:14:19	7:33:46	0:07:21	4:03:33	Greece	
92ad8997-7c01-4b14-b60d-0ca90d821e6b	668	Alek Piekarski	M	M25-29	106	13:19:46	1:15:28	0:12:02	7:31:22	0:04:10	4:16:45	United States	
dc8dd23d-b540-f011-b4cb-6045bd05f634	669	Tom Hodge	M	M25-29	107	13:19:49	1:30:47	0:12:30	6:40:52	0:05:58	4:49:41	United Kingdom	
9d334bdf-52d1-4efc-8712-d7fe8d2fddad	670	Sam Converso	M	M18-24	49	13:19:50	1:25:36	0:13:42	7:15:39	0:06:43	4:18:09	United Kingdom	
03da8693-d09a-f011-b4cc-0022480a7385	671	Tom Buckley	M	M30-34	115	13:19:50	1:30:29	0:15:54	7:03:37	0:10:20	4:19:30	United Kingdom	
ed8fdcfc-7f90-ea11-a811-000d3a5a1cf8	672	Ieuan Davies	M	M45-49	64	13:19:51	1:32:12	0:18:03	6:50:31	0:07:50	4:31:16	United Kingdom	
8e0863c5-6b47-f011-877a-000d3a5b50ba	673	Ben Waddington	M	M25-29	108	13:20:29	1:26:52	0:16:28	7:02:17	0:07:01	4:27:51	United Kingdom	
836932f8-c20f-411b-854d-eed01a485ed7	674	Dylan Davies	M	M50-54	41	13:20:32	1:35:54	0:14:33	7:09:20	0:08:42	4:12:03	Eswatini	
f1787c94-4fc1-4557-9586-5240955fc7d4	675	Charlie Lawton	M	M35-39	122	13:20:56	1:21:25	0:15:25	7:06:45	0:08:13	4:29:09	United Kingdom	
19616d26-4d5e-f011-bec2-0022480a7385	676	Lewis Rhys Morgan	M	M25-29	109	13:21:05	1:18:34	0:12:23	6:53:41	0:06:54	4:49:32	United Kingdom	
696597d5-8259-f011-bec2-000d3a5cf7d8	677	Stef Powell	M	M25-29	110	13:21:05	1:41:54	0:13:16	6:56:23	0:05:28	4:24:03	United Kingdom	
a1e4b8fc-a455-4f27-abd0-9b3762b1c35a	678	Nick Howells	M	M45-49	65	13:21:07	1:38:10	0:14:25	6:37:19	0:06:57	4:44:16	United Kingdom	
eca5dd02-32bb-ef11-b8e9-000d3a5a1803	679	Nandini Rawat	F	F25-29	10	13:21:14	1:22:54	0:15:49	7:14:52	0:06:24	4:21:15	United Kingdom	
859577cd-3846-f011-877a-6045bd09951e	680	Sam Hesford	M	M30-34	116	13:21:14	1:38:25	0:10:56	6:38:12	0:05:53	4:47:48	United Kingdom	
69ec1740-33af-f011-bbd3-6045bd09951e	681	James Abbatt	M	M18-24	50	13:21:20	1:13:23	0:14:18	7:06:42	0:09:32	4:37:24	United Kingdom	
8ae5f2b7-e675-4f3d-a724-ef14b930028e	682	James Donaldson	M	M40-44	86	13:21:24	1:17:43	0:13:19	7:11:40	0:06:17	4:32:26	United Kingdom	
d2fcf85d-2546-40c3-8c96-1238f53518cb	683	Kit Mccoll	M	M35-39	123	13:21:26	1:38:32	0:24:00	6:45:15	0:09:21	4:24:18	United Kingdom	
064b3d67-f075-4332-8f51-c12e05fec8b8	684	Jordan Pearce	M	M30-34	117	13:21:35	1:15:45	0:13:49	6:36:43	0:05:46	5:09:33	United Kingdom	
58975d55-bd14-4421-a98f-5007a0a17e88	685	Tibor Keresztfalvi	M	M35-39	124	13:21:38	1:25:27	0:17:14	6:56:31	0:09:01	4:33:26	Hungary	
9aa36ecb-5bdc-f011-8544-000d3a5cf7d8	686	Colm Tobin	M	M35-39	125	13:21:51	1:16:39	0:13:41	6:56:01	0:09:13	4:46:16	Ireland	
ac69b568-cc96-f011-b4cc-6045bd05fcc1	687	Martyn Deverell	M	M30-34	118	13:21:59	1:32:20	0:14:02	7:32:16	0:07:50	3:55:31	United Kingdom	
bcbdc40b-f3b2-46e0-87f8-f1d2d850cc71	688	Craig Harvie	M	M18-24	51	13:22:05	1:32:24	0:14:10	6:58:11	0:04:42	4:32:38	United Kingdom	
44426c64-917e-ef11-ac21-002248049fdc	689	Jimi Hewett	M	M45-49	66	13:22:15	1:17:59	0:14:05	7:01:56	0:09:17	4:38:58	United Kingdom	
315279d1-3736-4fdd-89a1-8d99dccf0b61	690	David Crawford	M	M40-44	87	13:22:17	1:30:52	0:19:34	6:59:59	0:08:28	4:23:23	United Kingdom	
b0c62fe2-cf78-ef11-a670-6045bd02949c	691	Samuel Townsend	M	M30-34	119	13:22:29	1:39:54	0:20:43	7:09:50	0:10:35	4:01:27	United Kingdom	
b70fc1d4-af37-ef11-840a-00224809fd7c	692	Malcolm Stephenson	M	M45-49	67	13:22:33	1:30:16	0:17:08	7:01:05	0:09:44	4:24:20	United Kingdom	
59f416d8-ced3-4741-baf3-918e526625e7	693	Simon Davies	M	M40-44	88	13:22:34	1:29:02	0:12:20	7:05:41	0:08:06	4:27:26	United Kingdom	
f6d33c16-5b59-4042-b170-792175c5341e	694	Richard Hunt	M	M40-44	89	13:22:35	1:28:40	0:16:21	7:18:27	0:05:03	4:14:05	United Kingdom	
962419e3-4cc5-f011-bbd2-000d3a5b7c3b	695	Oliver Knights	M	M30-34	120	13:22:51	1:04:45	0:20:03	6:48:25	0:09:22	5:00:17	United Kingdom	
461c506e-c02a-ee11-bdf4-000d3a3144b3	696	Carl Baldwin	M	M45-49	68	13:22:52	1:56:33	0:13:39	7:05:54	0:10:10	3:56:36	United Kingdom	
55a85e46-089a-f011-b4cc-6045bd05fcc1	697	Eleanor Pike	F	F18-24	6	13:22:52	1:22:30	0:15:30	7:19:30	0:11:11	4:14:12	United Kingdom	
04249590-cf07-4645-b02e-6e7cb9745856	698	Martin Bell	M	M35-39	126	13:23:23	1:30:11	0:12:06	6:48:40	0:05:11	4:47:15	United Kingdom	
76f7a7e1-5f38-4b44-951f-d37274719778	699	Chris Thorman	M	M35-39	127	13:23:40	1:41:13	0:12:47	7:37:26	0:06:16	3:45:57	United Kingdom	
18d9f92e-079a-f011-b4cc-0022480c097c	700	Ewan Walters	M	M25-29	111	13:23:53	1:08:53	0:12:36	6:55:40	0:07:53	4:58:51	United Kingdom	
227091ad-9534-e511-9403-005056951bf1	701	Josh George	M	M45-49	69	13:23:57	1:31:15	0:14:51	6:23:05	0:10:24	5:04:22	Ireland	
aafbf4f8-07d7-4e40-a33f-3294a7700dcd	702	Ryan Cooper	M	M40-44	90	13:24:07	1:32:47	0:14:49	6:46:35	0:06:56	4:43:00	United Kingdom	
181ee4cc-e814-434a-bfda-a28e99cd42b4	703	Ashley Taylor	M	M35-39	128	13:24:42	1:33:24	0:15:31	7:29:23	0:10:12	3:56:12	United Kingdom	
7d45150a-b455-4202-8ddf-8e0243d58b15	704	Calum O'Connell	M	M30-34	121	13:24:48	1:40:16	0:15:12	7:00:48	0:08:19	4:20:13	United Kingdom	
d646a0cb-2f29-f011-8c4e-000d3a5b50ba	705	Harry Sutton	M	M25-29	112	13:25:02	1:24:23	0:13:51	6:49:04	0:08:27	4:49:18	United Kingdom	
52361743-5c9c-f011-b41c-6045bd05fcc1	706	Struan Thomas	M	M25-29	113	13:25:05	1:17:40	0:16:07	7:44:00	0:11:07	3:56:10	United Kingdom	
918a6de8-c5aa-4ebc-bc7f-5b76b8ddfb1c	707	Kurtis Leadbeater	M	M30-34	122	13:25:05	1:37:57	0:12:32	6:38:20	0:07:28	4:48:48	United Kingdom	
cbc82d3a-5c9a-f011-b4cc-6045bd09951e	708	Dan Morris	M	M25-29	114	13:25:09	1:34:06	0:12:23	6:44:30	0:07:37	4:46:32	United Kingdom	
d552647c-2c9a-f011-b4cc-000d3a3173b5	709	Ross Harris	M	M40-44	91	13:25:10	1:42:55	0:17:49	6:34:36	0:07:54	4:41:57	United Kingdom	
5ad52485-209a-f011-b4cc-000d3a5b7c3b	710	clinton moore	M	M45-49	70	13:25:22	1:31:27	0:13:12	6:45:27	0:04:50	4:50:26	United Kingdom	
3b12a704-dac5-f011-bbd3-6045bd05fcc1	711	Jason Buddle	M	M35-39	129	13:25:32	1:24:37	0:13:07	7:00:03	0:08:43	4:39:02	United Kingdom	
75c37e7f-4622-4b94-9957-919b4fc02586	712	Joe Vassay	M	M30-34	123	13:25:36	1:43:23	0:13:45	6:37:59	0:08:06	4:42:24	United Kingdom	
6235519b-7d73-ef11-a671-00224808301f	713	Cameron Richardson	M	M18-24	52	13:26:01	1:05:38	0:13:22	7:00:25	0:07:01	4:59:35	United Kingdom	
b0aa0c8c-de67-f011-bec3-000d3a35ffc1	714	Lloyd Johnson	M	M30-34	124	13:26:07	1:44:00	0:13:58	7:30:43	0:09:28	3:47:59	United Kingdom	
46f4ec08-65cc-46b5-8040-11ac1e29a47c	715	Graham Borrett	M	M55-59	8	13:26:08	1:23:02	0:13:03	6:51:11	0:08:38	4:50:15	United Kingdom	
bbd095d2-956d-4602-8ed3-c886bedc0fb0	716	Rhys Evans	M	M30-34	125	13:26:12	1:17:03	0:13:23	6:51:54	0:05:59	4:57:53	United Kingdom	
081e14e5-ca61-47dd-96cc-09e5dd1567c4	717	Sam Harris	M	M40-44	92	13:26:18	1:27:14	0:14:00	7:06:41	0:12:00	4:26:22	United Kingdom	
9d153765-66a2-f011-bbd3-000d3a3173b5	718	Sam Buddle	M	M35-39	130	13:26:20	1:14:03	0:12:09	7:14:42	0:05:51	4:39:35	United Kingdom	
f66e0323-059a-f011-b4cc-000d3a3173b5	719	Jack Griffiths	M	M30-34	126	13:26:26	1:24:03	0:17:09	7:25:07	0:07:24	4:12:44	United Kingdom	
9da3dcbc-4da5-f011-bbd3-000d3a3173b5	720	Kane Watts	M	M30-34	127	13:26:31	1:36:38	0:12:52	7:09:38	0:06:27	4:20:56	United Kingdom	
1f88ef27-ba59-4267-a248-972aee599fad	721	Scott McLaughlin	M	M40-44	93	13:27:17	1:21:06	0:12:53	6:51:17	0:07:22	4:54:40	United Kingdom	
7a66ccf2-0a96-f011-b4cc-002248098cfa	722	Tristram Evans	M	M45-49	71	13:27:50	1:54:29	0:14:45	6:39:17	0:07:42	4:31:37	United Kingdom	
ff19dafa-418b-45a8-85be-2e73ab7745bb	723	Matthew Hooper	M	M40-44	94	13:28:00	1:20:26	0:14:52	6:48:02	0:05:37	4:59:03	United Kingdom	
d7346d35-10f7-f011-8406-00224806e833	724	Rob Huish	M	M45-49	72	13:28:13	1:18:29	0:14:24	7:06:35	0:12:42	4:36:05	United Kingdom	
263839b4-f933-4d95-9f91-42c4abbf34f0	725	Andrew Freegard	M	M40-44	95	13:28:18	1:27:53	0:16:08	7:23:21	0:08:00	4:12:57	United Kingdom	
4dc0c35c-a06b-4c3a-a111-2282939a4a66	726	Rhys Lewis	M	M35-39	131	13:28:44	1:16:45	0:11:26	7:27:25	0:05:18	4:27:49	United Kingdom	
e0ed79d9-5e2f-49f5-87dd-4b821a51b073	727	Kate Baldwin	F	F35-39	11	13:29:02	1:09:55	0:13:04	7:17:02	0:05:28	4:43:33	Australia	
17ee028a-acae-f011-bbd3-6045bd09951e	728	Max Miller	M	M18-24	53	13:29:19	1:31:57	0:17:39	7:14:33	0:11:47	4:13:23	United Kingdom	
d716f048-2226-4a37-a8f3-cd328df5d624	729	Tristan Finbow	M	M30-34	128	13:29:31	1:26:09	0:12:51	6:48:22	0:07:09	4:54:59	United Kingdom	
a0239768-ecbf-4de2-bfb5-bdaeca169b1a	730	Megan Edwards	F	F18-24	7	13:29:35	1:00:13	0:12:19	7:19:00	0:08:40	4:49:23	United Kingdom	
665eca16-9be6-426a-b0e3-8017bd549eaf	731	Rhys Davies	M	M30-34	129	13:29:43	1:53:13	0:15:21	6:48:58	0:06:55	4:25:15	United Kingdom	
4afeac37-c3e6-4266-9f85-3e03d9c7f6e7	732	Steven Williams	M	M40-44	96	13:29:47	1:42:25	0:12:35	7:07:18	0:06:15	4:21:15	United Kingdom	
f79c06c3-15ab-4aca-a426-6c6d4ca5d9af	733	Ceri Jones	M	M55-59	9	13:29:59	1:33:57	0:14:37	7:07:18	0:06:53	4:27:15	United Kingdom	
9948d7c0-b397-4202-9930-5400543d791b	734	Shaun Dayman	M	M50-54	42	13:30:02	1:37:57	0:12:20	6:32:26	0:05:23	5:01:55	United Kingdom	
f422c0b2-658e-4937-a5b5-01fb2a5ca51b	735	Jason Hutt	M	M40-44	97	13:30:34	1:20:20	0:13:15	6:45:04	0:07:43	5:04:12	United Kingdom	
24f6938b-38d7-ec11-a7b5-00224809f1d7	736	Anthony TC Gerundini	M	M55-59	10	13:30:36	1:41:17	0:17:45	7:37:06	0:07:29	3:46:59	United Kingdom	
4429901d-d296-f011-b4cc-000d3a35ffc1	737	Amy Clark	F	F25-29	11	13:30:45	1:41:12	0:10:16	7:16:31	0:03:36	4:19:10	United Kingdom	
ce97f70d-f493-ef11-8a6a-000d3a338a3c	738	Cal Mogridge	M	M25-29	115	13:30:46	1:19:10	0:14:25	6:43:10	0:07:31	5:06:30	United Kingdom	
d3b722ea-b6a2-f011-bbd3-000d3a5b7c3b	739	Samuel Halfpenny	M	M30-34	130	13:31:06	1:29:51	0:12:55	7:06:23	0:06:42	4:35:14	United Kingdom	
09afcb3b-be39-4fad-882c-8489ca3ff7dc	740	Kieran Hydes	M	M40-44	98	13:31:10	1:26:39	0:15:50	7:01:18	0:08:58	4:38:23	United Kingdom	
e79c8bef-07a2-f011-bbd3-6045bd09951e	741	Kieran Trow	M	M30-34	131	13:31:33	1:25:59	0:15:30	7:08:11	0:10:37	4:31:15	United Kingdom	
3c69424d-f8f0-44a4-835e-dc708476da77	742	Julian Hynam	M	M55-59	11	13:31:34	1:25:41	0:14:43	6:36:06	0:09:26	5:05:39	United Kingdom	
9df8bd77-bf88-455f-ab7a-12c89e475155	743	Peter Bacon	M	M50-54	43	13:31:40	1:06:57	0:13:28	6:24:43	0:07:38	5:38:53	United Kingdom	
3e16a89f-4880-4ae9-ae23-f67da8c625ff	744	Mark Thomas	M	M45-49	73	13:31:45	1:16:41	0:17:38	6:35:25	0:06:40	5:15:22	United Kingdom	
ddc9e0c2-f98f-f011-b4cc-000d3a5b7c3b	745	Willem Troch	M	M18-24	54	13:31:49	1:33:35	0:19:30	7:15:33	0:08:45	4:14:26	Belgium	
a2a34d23-7ab2-47a3-ae3a-b3fb8e6e7284	746	Johnathan Gray	M	M45-49	74	13:31:50	1:50:18	0:12:36	6:58:41	0:05:40	4:24:35	United Kingdom	
e0630b3f-4c1f-4b82-9896-f77a9f7821cd	747	Joseph Sanger	M	M30-34	132	13:31:52	1:32:46	0:14:17	6:57:02	0:08:04	4:39:43	United Kingdom	
eca2dc0f-2060-f011-bec3-0022480a7385	748	Martyn Ainsworth	M	M35-39	132	13:31:55	1:28:31	0:14:43	7:20:08	0:09:28	4:19:05	United Kingdom	
7e864652-777b-ef11-a670-000d3a338a3c	749	Christopher Jones	M	M40-44	99	13:32:15	1:21:05	0:16:05	7:22:17	0:10:10	4:22:37	United Kingdom	
f2560def-e846-ec11-8c62-002248086bcf	750	Kieran Williams	M	M25-29	116	13:32:19	1:03:50	0:11:22	6:47:07	0:07:30	5:22:30	United Kingdom	
5a26da36-ee67-f011-bec3-6045bd09951e	751	Liam Godfrey	M	M30-34	133	13:32:25	1:30:25	0:14:21	7:14:26	0:09:42	4:23:32	United Kingdom	
1f22b638-5807-4c51-a42c-0adfffe410c2	752	Megan Piper	F	F25-29	12	13:32:30	1:36:58	0:13:28	7:21:01	0:08:39	4:12:24	United Kingdom	
bf9148e1-8498-f011-b4cc-000d3a3173b5	753	George Howells	M	M30-34	134	13:32:33	1:31:22	0:13:02	6:59:28	0:08:00	4:40:41	United Kingdom	
709e50b3-714d-ee11-be6e-000d3a314ae2	754	Jonny Hyde	M	M40-44	100	13:32:34	1:34:05	0:14:26	6:50:11	0:07:06	4:46:47	United Kingdom	
a7e929ec-75b3-41aa-95f6-ecae7c61eb0f	755	Matt Strickland-Baker	M	M25-29	117	13:32:50	1:24:20	0:17:18	7:08:09	0:07:12	4:35:50	United Kingdom	
289c80eb-7c31-435a-93a1-981086e5dac5	756	Neil Jones	M	M60-64	9	13:33:12	1:29:37	0:17:03	7:01:38	0:07:42	4:37:12	United Kingdom	
eb5008ac-0163-43fe-af02-c73c0986b5a1	757	Charlie Steward	M	M18-24	55	13:33:49	1:42:33	0:17:05	7:52:38	0:09:03	3:32:30	United Kingdom	
ad9df924-099a-f011-b4cc-000d3a5b7c3b	758	Thomas Mohamed-Joy	M	M30-34	135	13:33:51	1:28:50	0:15:15	7:20:45	0:10:28	4:18:33	United Kingdom	
f0c2633a-3847-47ba-a79e-4477d53e6bb2	759	Laura Hickford	F	F40-44	6	13:33:51	1:26:44	0:14:20	7:12:45	0:08:57	4:31:04	United Kingdom	
0c977c37-bef2-41c7-8129-3d422af89e47	760	Paul Johnson	M	M55-59	12	13:34:02	1:25:03	0:13:15	7:03:36	0:06:18	4:45:51	United Kingdom	
b671c865-c08b-4047-b6ff-713bec41e6d7	761	Neil Taylor	M	M45-49	75	13:34:02	1:30:52	0:13:33	6:24:30	0:05:47	5:19:20	United Kingdom	
6f534dbc-2c47-ee11-be6d-000d3a314ae2	762	Alex Prance	M	M25-29	118	13:34:04	1:19:51	0:11:33	7:05:31	0:05:36	4:51:34	United Kingdom	
08657ac7-bc71-f011-bec2-000d3a5b7c3b	763	David Lewis Jones	M	M35-39	133	13:34:06	1:24:53	0:12:27	7:10:08	0:06:53	4:39:45	United Kingdom	
666f25fc-b9a3-f011-bbd3-6045bd05fcc1	764	Ollie Stansfield	M	M25-29	119	13:34:12	1:36:25	0:12:49	7:10:03	0:09:39	4:25:15	United Kingdom	
4e84ae50-e2d1-f011-bbd3-6045bd09951e	765	Berwyn Morgan	M	M35-39	134	13:34:22	1:42:16	0:13:04	7:01:08	0:05:08	4:32:46	United Kingdom	
88d39344-79cc-42ed-9092-c50ffff94877	766	Sophie Oddy	F	F25-29	13	13:34:35	1:18:38	0:15:48	7:27:04	0:06:01	4:27:03	United Kingdom	
1acb7686-a13e-ed11-9db0-00224806a3d3	767	Robert Crocker	M	M40-44	101	13:34:37	1:39:54	0:16:06	6:50:52	0:07:32	4:40:12	United Kingdom	
5b91cd61-469a-f011-b4cb-7ced8d70c1af	768	Drew Stephens	M	M25-29	120	13:34:39	1:24:27	0:16:39	7:06:56	0:08:54	4:37:42	United Kingdom	
38e4b3e6-76b3-f011-bbd2-000d3a59410f	769	Taylor Hansen	M	M25-29	121	13:34:42	1:32:09	0:16:45	7:13:08	0:11:28	4:21:12	United Kingdom	
86c34e34-72f0-4f4c-ad50-ee5b65af422b	770	Nathan James	M	M18-24	56	13:35:01	1:31:53	0:14:33	7:23:52	0:07:54	4:16:48	United Kingdom	
c30cb9be-6d8f-4695-aa0f-2773954ca7a5	771	Rob Harlow	M	M35-39	135	13:35:12	1:27:59	0:12:26	6:57:19	0:06:20	4:51:08	United Kingdom	
757135f8-2b2c-ef11-840a-6045bd010fe7	772	Nicholas Birt	M	M45-49	76	13:35:32	1:29:39	0:13:29	6:56:13	0:07:00	4:49:11	United Kingdom	
25bd92d0-2a4f-4c6a-b347-f80870bb4f76	773	Mike Rodgers	M	M40-44	102	13:35:53	1:38:27	0:13:22	7:06:19	0:07:43	4:30:02	United Kingdom	
a9cd50c7-079a-f011-b4cc-000d3a5cf7d8	774	Hywel Davies	M	M30-34	136	13:35:56	1:24:43	0:15:45	6:46:58	0:07:54	5:00:35	United Kingdom	
26c70388-1873-405c-a296-13461c728fd2	775	Josh Jones	M	M30-34	137	13:36:02	1:28:27	0:21:10	6:27:29	0:17:35	5:01:21	United Kingdom	
63f0c4dc-3899-f011-b4cc-0022480a7385	776	Sophie Hobbs	F	F25-29	14	13:36:03	1:27:33	0:12:17	6:52:14	0:06:13	4:57:46	United Kingdom	
58cf2872-53d0-f011-bbd3-6045bd05f634	777	Eleanor Davies	F	F45-49	4	13:36:15	1:32:49	0:15:02	7:15:21	0:06:43	4:26:20	United Kingdom	
3dce6a79-ed9d-f011-b41c-0022480a7385	778	Ian Wardle	M	M40-44	103	13:36:20	1:09:15	0:14:40	7:14:58	0:10:52	4:46:35	United Kingdom	
6ffe94b1-45c8-f011-bbd3-000d3a5b7c3b	779	Matthew Biddle	M	M35-39	136	13:36:21	1:29:05	0:16:32	7:06:37	0:10:43	4:33:24	United Kingdom	
ffd295e5-4878-f011-b4cc-000d3a5b50ba	780	Jamie Elliot	M	M45-49	77	13:36:22	1:24:15	0:13:56	7:16:46	0:08:46	4:32:40	United Kingdom	
3de67d94-cc96-f011-b4cc-000d3a3173b5	781	Jason Jones	M	M40-44	104	13:36:24	1:25:31	0:14:03	7:23:12	0:08:03	4:25:35	United Kingdom	
51f95a57-3630-f011-8c4d-000d3a318ff4	782	Rob Hughes	M	M30-34	138	13:36:38	1:24:05	0:15:33	7:35:09	0:09:00	4:12:51	United Kingdom	
a19c44c4-6a8e-ef11-ac21-000d3a338a3c	783	Steffan Jones	M	M35-39	137	13:36:41	1:37:07	0:14:04	6:46:07	0:07:19	4:52:05	United Kingdom	
a2c073f6-319a-f011-b4cc-6045bd05f634	784	Matthew Hughes	M	M35-39	138	13:36:56	1:40:05	0:12:58	7:04:31	0:06:44	4:32:38	United Kingdom	
69209d3c-a6dd-ef11-8eea-6045bd018d16	785	Christopher Thomas	M	M40-44	105	13:37:05	1:31:49	0:18:36	6:41:48	0:12:14	4:52:38	United Kingdom	
029edf49-779d-f011-b41c-6045bd09951e	786	Leighton Cove	M	M25-29	122	13:37:06	1:23:32	0:14:51	7:32:05	0:08:43	4:17:54	United Kingdom	
31340a94-e614-40d0-8a87-654c4ad770f4	787	David Lewis	M	M50-54	44	13:37:06	1:34:27	0:16:35	7:10:55	0:09:38	4:25:31	United Kingdom	
de181d87-19ad-f011-bbd3-000d3a3173b5	788	George Lindley	M	M30-34	139	13:37:07	1:25:07	0:15:49	7:23:55	0:09:31	4:22:45	United Kingdom	
3bffc4f2-b197-40f8-8a09-b8c099cdebe4	789	Rich Long	M	M40-44	106	13:37:11	1:13:02	0:13:12	6:59:35	0:08:17	5:03:05	United Kingdom	
9b96f2cf-f595-f011-b4cc-000d3a5b50ba	790	Evan Davies	M	M18-24	57	13:37:40	1:41:25	0:15:43	6:46:39	0:06:15	4:47:39	United Kingdom	
119dabb1-92d2-4e6c-9581-e9e267547605	791	James Spooner	M	M35-39	139	13:37:43	1:20:59	0:12:23	7:14:59	0:06:53	4:42:28	United Kingdom	
d4df3d60-306d-ef11-a671-6045bd010fe7	792	Rhiannon Taylor	F	F35-39	12	13:37:49	1:41:58	0:13:37	6:59:28	0:09:50	4:32:56	United Kingdom	
449fc854-4560-4255-bf40-5563f47e222e	793	Jeremy Griffiths	M	M55-59	13	13:38:05	1:35:59	0:16:36	6:45:55	0:09:01	4:50:34	United Kingdom	
a7e3ab9d-bd7c-ef11-a670-000d3a338a3c	794	Joel Willcocks	M	M25-29	123	13:38:36	1:24:10	0:17:01	7:24:45	0:16:13	4:16:27	United Kingdom	
85ed9c1d-54d0-ef11-b8e8-000d3a5a403c	795	Morgan Rees	M	M25-29	124	13:38:36	1:26:31	0:12:39	7:05:36	0:04:28	4:49:23	United Kingdom	
9aed86a9-d2a1-f011-bbd3-0022480a7385	796	Lloyd Gamble	M	M35-39	140	13:39:25	1:36:49	0:12:03	7:08:52	0:10:34	4:31:06	United Kingdom	
fa202dad-88c7-412e-a09b-5da4adad6f59	797	Callum O'sullivan	M	M30-34	140	13:39:33	1:28:36	0:16:25	7:21:52	0:09:13	4:23:27	Australia	
4e4780f5-ed02-4887-8cbf-783185362c33	798	Matthew Davies	M	M50-54	45	13:39:36	1:47:47	0:20:23	6:50:39	0:07:40	4:33:08	United Kingdom	
8078b84b-b83e-4cf6-b1d1-80c35d6e2a4d	799	Nicole Clarke	F	F50-54	1	13:39:36	1:14:02	0:11:47	7:21:43	0:08:09	4:43:55	United Kingdom	
6f3e9a4f-1600-45e0-83bf-4d6afca003d1	800	Adam Holmes	M	M30-34	141	13:39:56	1:27:45	0:22:49	6:50:45	0:09:52	4:48:46	United Kingdom	
e98287d5-127b-4524-b446-a057e83effb4	801	Lorenzo Di Gennaro	M	M50-54	46	13:40:01	1:26:46	0:17:05	6:59:38	0:10:11	4:46:20	Italy	
19be2c38-a498-f011-b4cc-6045bd05fcc1	802	Jonny McElhinney	M	M35-39	141	13:40:04	1:27:03	0:20:00	7:09:31	0:12:00	4:31:30	United Kingdom	
5c840db2-0e5a-ea11-a811-000d3a5a1bfb	803	Tom Wakefield	M	M45-49	78	13:40:50	1:22:20	0:15:47	6:56:30	0:08:21	4:57:51	United Kingdom	
47956144-53af-4045-b4a4-27f4288605bb	804	Mike Warburton	M	M35-39	142	13:41:02	1:13:08	0:11:18	7:21:26	0:06:20	4:48:49	United Kingdom	
03c04c6f-3b9b-4569-98c2-a94b1f4e7c9f	805	Jamie Page	M	M35-39	143	13:41:03	1:31:59	0:13:30	7:05:16	0:06:25	4:43:54	United Kingdom	
84536b3f-9382-ef11-ac21-002248049fdc	806	Luke Evans	M	M40-44	107	13:41:05	1:30:55	0:14:38	7:05:05	0:07:02	4:43:25	United Kingdom	
c93a7096-1b9a-f011-b4cc-002248098cfa	807	Louis Thomas	M	M25-29	125	13:41:06	1:33:09	0:19:54	6:43:56	0:10:55	4:53:12	United Kingdom	
fede466f-379d-f011-b41c-000d3a5b7c3b	808	Julien Jacquemin	M	M25-29	126	13:41:06	1:22:57	0:17:38	6:52:46	0:07:04	5:00:41	Belgium	
a9eacec2-4ca8-41bb-a18f-7d0bcefd5910	809	Gareth Thomas	M	M50-54	47	13:41:09	1:04:09	0:13:16	7:14:33	0:07:33	5:01:38	United Kingdom	
401b06a2-416b-ee11-8df0-000d3a314d17	810	Connor Thomas	M	M30-34	142	13:41:11	1:57:30	0:16:26	6:31:16	0:16:32	4:39:26	United Kingdom	
a726b0f0-08a2-440d-9c61-d1a68690bcb4	811	Joel Young	M	M30-34	143	13:41:16	1:29:57	0:14:04	7:13:26	0:06:00	4:37:49	United Kingdom	
f5c1cbb9-4f5d-ef11-bfe3-000d3a367177	812	Dan Horton	M	M30-34	144	13:41:16	1:06:42	0:14:51	7:08:08	0:09:33	5:02:01	United Kingdom	
4c93ce57-7798-f011-b4cc-000d3a5b7c3b	813	Dan Trowbridge	M	M40-44	108	13:41:24	1:23:44	0:15:07	7:27:10	0:09:16	4:26:06	United Kingdom	
008a9b7b-2785-ee11-8179-000d3a314d17	814	Nick Ball	M	M40-44	109	13:41:33	1:33:49	0:14:53	6:55:46	0:09:09	4:47:56	United Kingdom	
f9d06823-ecb7-4c40-b577-1c14244680fc	815	Steve Bottomley	M	M60-64	10	13:41:47	1:36:08	0:16:15	6:55:34	0:09:17	4:44:33	United Kingdom	
d9b0dc17-8650-4d3a-86d7-fbad4a7a086a	816	Neil Williams	M	M35-39	144	13:41:47	1:45:41	0:11:45	7:14:30	0:08:13	4:21:38	Ukraine	
c7691800-15af-4bf7-83f5-a9d1c56c3732	817	Rosie Cadwallader	F	F45-49	5	13:41:52	1:25:00	0:11:11	7:25:11	0:05:56	4:34:35	United Kingdom	
398cc24b-a838-4ef9-8d7f-2bcc31a1132f	818	Justin Davies	M	M55-59	14	13:41:53	1:23:01	0:15:46	6:13:56	0:07:09	5:42:02	United Kingdom	
25c43149-45a7-4b7d-899f-1b3aab7bee19	819	David Lamb	M	M45-49	79	13:42:07	1:27:36	0:18:22	7:13:07	0:08:40	4:34:22	United Kingdom	
d7867034-aa80-ef11-ac20-000d3a59a9a1	820	Thomas Davies	M	M30-34	145	13:42:18	1:12:24	0:12:17	7:07:13	0:11:00	4:59:24	United Kingdom	
cec544fb-649b-4db9-b0cd-c6183c617fff	821	Nerys Blue	F	F50-54	2	13:42:23	1:28:19	0:13:25	6:58:15	0:07:19	4:55:05	United Kingdom	
cdfc2c0a-1771-ef11-a670-000d3a308d97	822	Luke Britt	M	M35-39	145	13:42:24	1:32:12	0:16:13	7:04:27	0:10:05	4:39:26	United Kingdom	
551738c1-a6f0-4e6f-b945-6fc8d0565b60	823	Dustin Pritchard	M	M50-54	48	13:42:26	1:31:57	0:22:19	6:37:29	0:10:11	5:00:29	United Kingdom	
ce080510-c79b-f011-b41c-000d3a3173b5	824	Ioan Oldfield	M	M18-24	58	13:42:44	1:17:22	0:11:18	6:34:06	0:06:13	5:33:44	United Kingdom	
bb2a3093-801b-f011-9989-000d3a5b7c3b	825	Thies Dekker	M	M25-29	127	13:42:47	1:26:57	0:19:21	7:12:49	0:07:41	4:35:59	Netherlands	
f72d2368-079a-f011-b4cc-000d3a3173b5	826	Adam Malson	M	M30-34	146	13:42:54	1:14:08	0:15:22	7:22:38	0:06:33	4:44:14	United Kingdom	
abfdff07-29a4-4b51-ba57-21ec480ee811	827	Edward Morgan	M	M65-69	1	13:43:01	1:36:29	0:18:38	7:15:27	0:05:56	4:26:31	United Kingdom	
9ab814d7-ee5b-4bd4-9b7c-e76832cbdb6c	828	Paul Jones	M	M50-54	49	13:43:05	1:20:41	0:14:52	6:57:54	0:10:46	4:58:51	United Kingdom	
bd56a871-97f4-4c75-aa44-be1d674d5dca	829	Ricki Morgan	M	M45-49	80	13:43:13	1:27:24	0:10:43	6:48:43	0:04:52	5:11:32	United Kingdom	
56351fd6-05cc-4a06-800b-1ae638956f54	830	Huw Williams	M	M40-44	110	13:43:19	1:36:53	0:14:30	6:55:23	0:07:47	4:48:46	United Kingdom	
ec2f50a1-3c7e-44b0-964d-0059f901cb61	831	Matthew Jacob	M	M40-44	111	13:43:19	1:38:44	0:14:09	6:41:07	0:05:07	5:04:12	United Kingdom	
41b5abd4-1d7c-ef11-a670-000d3a338a3c	832	Luke Battisson	M	M35-39	146	13:43:27	1:25:45	0:18:17	6:40:19	0:08:20	5:10:46	United Kingdom	
09b72073-1f96-4f2c-94e2-d9a8610b953a	833	Christopher Teasdale	M	M35-39	147	13:43:34	1:19:22	0:13:29	7:16:04	0:07:19	4:47:20	United Kingdom	
dd7319c5-d379-ef11-a670-000d3a338a3c	834	David Bedwell	M	M18-24	59	13:43:37	1:19:31	0:17:25	7:25:29	0:09:54	4:31:17	United Kingdom	
ce152f38-089a-f011-b4cc-0022480a7385	835	david allen	M	M60-64	11	13:43:40	1:19:53	0:18:19	7:23:29	0:10:47	4:31:11	United Kingdom	
84e6c11e-6178-f011-b4cb-0022480c097c	836	Matthew Williams	M	M45-49	81	13:43:46	1:43:52	0:14:12	7:09:02	0:07:49	4:28:52	United Kingdom	
2abb686c-cd0b-4b77-9985-cdd45ea29b14	837	James Bolton	M	M25-29	128	13:43:51	1:20:48	0:11:12	5:56:51	0:08:14	6:06:47	United Kingdom	
7bcf71fa-139a-f011-b4cc-000d3a35ffc1	838	Jonathan Mackintosh	M	M50-54	50	13:43:51	1:33:02	0:15:31	6:59:04	0:07:54	4:48:20	United Kingdom	
f2c2f142-9b7c-ef11-a670-6045bd05c809	839	Rhys Davies	M	M25-29	129	13:43:54	1:23:56	0:15:41	6:57:21	0:10:46	4:56:10	United Kingdom	
6f936abd-9a59-4abf-aab8-086aebcc9d82	840	Melanie Holden	F	F35-39	13	13:43:56	1:28:15	0:16:19	7:20:06	0:07:42	4:31:34	United Kingdom	
f56e4277-079a-f011-b4cc-6045bd05f634	841	Richard Grimwood	M	M40-44	112	13:44:25	1:26:33	0:14:28	7:20:02	0:08:31	4:34:51	United Kingdom	
a8969d39-e789-4ddc-9be4-783349f2b6cf	842	Richard Goldston	M	M55-59	15	13:44:26	1:40:09	0:16:20	7:06:02	0:09:37	4:32:19	United Kingdom	
842d2582-60a7-f011-bbd3-000d3a5b7c3b	843	Jack Wild	M	M30-34	147	13:44:28	1:28:04	0:17:54	6:53:04	0:10:22	4:55:05	United Kingdom	
b2c5615c-4654-44b6-9123-fefb02ad8ff1	844	Joel Murray	M	M30-34	148	13:44:44	1:34:47	0:20:15	7:21:30	0:11:22	4:16:51	United Kingdom	
a5177c13-236a-ef11-bfe3-6045bd0953ac	845	Iwan Matthews	M	M18-24	60	13:44:47	1:37:00	0:14:49	7:19:25	0:07:20	4:26:14	United Kingdom	
289db9c5-cd96-f011-b4cc-000d3a5cf7d8	846	Ryan Jones	M	M40-44	113	13:44:48	1:19:34	0:13:09	7:04:10	0:11:31	4:56:25	United Kingdom	
bfeee253-079a-f011-b4cc-0022480c097c	847	Kate Holifield	F	F35-39	14	13:44:58	1:16:11	0:14:03	7:04:43	0:08:53	5:01:08	United Kingdom	
64bb6d53-fa8c-f011-b4cc-000d3a5b7c3b	848	Rebecca John	F	F40-44	7	13:45:20	1:24:19	0:15:55	7:22:22	0:08:57	4:33:47	United Kingdom	
46321d17-4b09-ea11-a811-000d3a5a1f86	849	Guy Player	M	M45-49	82	13:45:50	1:24:21	0:15:27	7:12:36	0:08:24	4:45:02	United Kingdom	
31f32440-089a-f011-b4cc-000d3a5cf7d8	850	Gavin Phillips	M	M35-39	148	13:46:14	1:38:01	0:13:42	7:23:13	0:05:54	4:25:23	United Kingdom	
ac848eb2-2c5f-4f96-8c67-8dde039ded29	851	Ben Rees	M	M50-54	51	13:46:31	1:36:21	0:14:52	7:05:31	0:09:22	4:40:25	United Kingdom	
588ce6ac-6a26-4ff6-a6c4-325d302adb2a	852	Gareth Renault	M	M40-44	114	13:46:33	1:15:49	0:19:38	7:02:34	0:13:14	4:55:18	United Kingdom	
dd2c1d49-1454-4fcb-b134-b533c2a0d5bf	853	Garcia Bailey	M	M25-29	130	13:46:39	1:46:38	0:11:33	7:16:15	0:05:50	4:26:23	United Kingdom	
1a87a65a-518a-f011-b4cc-6045bd09951e	854	Jaymee Toon	F	F25-29	15	13:46:47	1:31:56	0:14:37	7:22:22	0:06:30	4:31:22	United Kingdom	
b90a3601-d3a9-f011-bbd3-6045bd09951e	855	Guy Jones	M	M35-39	149	13:46:57	1:32:24	0:19:23	7:21:36	0:09:01	4:24:33	United Kingdom	
acdc2b36-279a-f011-b4cc-0022480c097c	856	Jamie Howells	M	M18-24	61	13:47:02	1:38:09	0:12:26	7:12:20	0:04:56	4:39:11	United Kingdom	
884feacd-1087-48fe-ac96-cc238af1129a	857	Martin Davies	M	M45-49	83	13:47:06	1:43:56	0:17:03	6:54:18	0:11:07	4:40:41	United Kingdom	
fbe63b2b-3865-ef11-bfe3-00224808301f	858	Aled Lewis	M	M25-29	131	13:47:08	1:50:00	0:16:43	7:33:03	0:07:37	3:59:45	United Kingdom	
8fa4ed88-bba5-ef11-8a6a-000d3a5a1803	859	Joe Musker	M	M25-29	132	13:47:11	1:26:32	0:11:42	7:22:59	0:07:12	4:38:46	United Kingdom	
c8e38799-35a4-f011-bbd3-000d3a35ffc1	860	Miles Brown	M	M60-64	12	13:47:25	1:10:53	0:14:01	7:04:14	0:10:26	5:07:52	United Kingdom	
5eaa01a1-f673-ef11-a670-000d3a595b58	861	Ali Maltby		M30-34	149	13:47:30	1:21:55	0:14:46	7:50:44	0:07:26	4:12:39	United Kingdom	
a30a7e25-32f8-454a-87ac-97d24e823d77	862	John Brotherton	M	M60-64	13	13:47:32	1:36:20	0:19:50	6:56:46	0:11:24	4:43:12	United Kingdom	
a030140d-1804-4b7c-ae8d-cc05124580ab	863	Neil White	M	M55-59	16	13:47:33	1:43:45	0:13:23	7:09:00	0:05:33	4:35:52	United Kingdom	
0b1d2704-5299-f011-b4cc-0022480c097c	864	Gavin Wathen	M	M45-49	84	13:47:33	2:01:46	0:16:38	6:50:16	0:10:37	4:28:16	United Kingdom	
05c639f8-893b-4952-b785-e6dccb31c033	865	Gavin Stenning	M	M35-39	150	13:47:42	1:13:05	0:12:32	7:19:28	0:07:52	4:54:45	United Kingdom	
ae0db7bf-72b6-f011-bbd2-6045bd050e4b	866	Tom Cowden	M	M30-34	150	13:47:44	1:26:46	0:17:54	7:11:09	0:07:22	4:44:33	United Kingdom	
01f87abe-0010-47dc-9e9f-a08767432cdc	867	Gareth Armstrong	M	M30-34	151	13:47:45	1:55:29	0:16:00	7:17:31	0:08:32	4:10:13	United Kingdom	
15abc5ee-03b6-4169-8a0a-1028d13e823d	868	Emily Mcilwee	F	F30-34	7	13:47:53	1:34:45	0:13:21	7:46:49	0:06:13	4:06:45	United Kingdom	
fc83f764-7495-f011-b4cc-0022480a7385	869	Carys Ratcliffe	F	F25-29	16	13:47:59	1:34:25	0:14:00	7:29:17	0:08:18	4:21:58	United Kingdom	
70592a78-1b7c-f011-b4cc-000d3a3173b5	870	Michael Lord	M	M35-39	151	13:48:00	1:20:43	0:14:43	7:15:04	0:09:33	4:47:58	United Kingdom	
c67203db-1940-457e-b30e-d4475a314560	871	Ash Winters	M	M40-44	115	13:48:06	1:11:10	0:14:34	7:14:09	0:07:36	5:00:36	United Kingdom	
5d4b5ecf-6478-f011-b4cc-000d3a5b50ba	872	mark griffiths	M	M45-49	85	13:48:06	1:30:33	0:15:55	7:03:12	0:11:10	4:47:15	United Kingdom	
cbe51f86-e125-49d2-9b20-271a57e3c738	873	Duane Henderson	M	M40-44	116	13:48:15	1:29:46	0:14:58	7:09:20	0:09:01	4:45:09	United Kingdom	
41bbcf42-0805-43f8-80f1-4961e4dc457c	874	Caroline Nicholas-Thomas	F	F50-54	3	13:48:29	1:29:08	0:16:03	7:32:36	0:07:42	4:23:00	United Kingdom	
e6770540-33cb-4a93-8eac-ce2561061921	875	Mike Murphy	M	M60-64	14	13:48:37	1:20:37	0:15:59	7:14:29	0:05:29	4:52:04	United Kingdom	
1ce183c3-cdae-f111-aaac-70a8a59af2e9	876	Ryan Simpson	M	M30-34	152	13:48:39	1:28:09	0:15:32	7:30:03	0:09:41	4:25:14	United Kingdom	
b8349e63-be67-f011-bec2-000d3a5cf7d8	877	Olivia Parkin	F	F25-29	17	13:48:41	1:21:05	0:16:04	7:50:12	0:08:54	4:12:26	United Kingdom	
48489705-8ea2-f011-bbd3-000d3a35ffc1	878	James Sidlow	M	M35-39	152	13:48:46	1:34:33	0:15:17	7:36:24	0:09:22	4:13:09	United Kingdom	
3f0b8644-91f6-4410-a5b6-ea8fc8c0d1e4	879	John Davies	M	M35-39	153	13:48:47	1:09:39	0:13:58	6:55:46	0:13:27	5:15:57	United Kingdom	
7b4279b9-1f29-4093-9090-67c722ff07ca	880	Laura Hoole	F	F40-44	8	13:48:55	1:25:35	0:17:37	7:38:42	0:12:26	4:14:35	United Kingdom	
0421c1c3-2772-4114-8d30-74ad7d49b4a8	881	Marc Tiplady	M	M50-54	52	13:48:57	1:13:02	0:14:06	7:11:17	0:08:36	5:01:55	United Kingdom	
99ad06d8-7f65-ef11-bfe3-000d3a37be46	882	Gary Staddon	M	M40-44	117	13:49:06	1:30:53	0:14:55	7:35:53	0:09:01	4:18:25	United Kingdom	
9915bce1-099a-f011-b4cc-0022480a7385	883	Charlie Parker	M	M30-34	153	13:49:10	1:36:24	0:13:49	6:57:38	0:08:06	4:53:13	United Kingdom	
e5c47dd3-fc88-f011-b4cc-000d3a3173b5	884	Tayler Barnes	M	M25-29	133	13:49:28	1:10:23	0:14:30	7:16:27	0:09:05	4:59:04	United Kingdom	
52d98747-b8fb-4e05-b2b4-f961e386f515	885	Mark Gabb	M	M45-49	86	13:49:36	1:18:33	0:17:29	7:26:05	0:09:56	4:37:32	United Kingdom	
cc6dc6cc-1a64-4b9a-a5fe-b8b6ea8fd97c	886	Alex Thomas	M	M35-39	154	13:49:44	1:26:27	0:19:16	7:02:51	0:08:46	4:52:24	United States	
96e6cd96-9149-4f3e-9aa6-057894fc622f	887	Steffan Rees	M	M25-29	134	13:49:48	1:52:40	0:21:16	6:43:00	0:09:19	4:43:33	United Kingdom	
96482226-e801-ed11-82e4-002248087bfd	888	Billy Turner	M	M18-24	62	13:49:49	1:35:31	0:12:42	7:13:10	0:05:33	4:42:53	United Kingdom	
a1743840-3665-ef11-bfe3-000d3a367177	889	Cameron Clayfield	M	M25-29	135	13:50:01	1:18:59	0:12:18	7:07:14	0:08:05	5:03:25	United Kingdom	
171025ae-7669-ef11-bfe3-00224808301f	890	Patrick Bosquette	M	M40-44	118	13:50:05	1:44:08	0:12:02	7:22:57	0:05:28	4:25:29	United Kingdom	
5d5b93c0-089a-f011-b4cc-000d3a3173b5	891	Morgan Scourfield	M	M25-29	136	13:50:10	1:30:00	0:15:28	7:20:30	0:08:12	4:35:59	United Kingdom	
384446b1-5f7c-f011-b4cc-0022480a7385	892	Jake Twells	M	M25-29	137	13:50:11	1:36:26	0:14:33	7:42:43	0:07:24	4:09:05	United Kingdom	
02afa3c1-0a9a-f011-b4cc-000d3a35ffc1	893	James Podbury	M	M45-49	87	13:50:20	1:28:31	0:13:23	7:16:07	0:04:43	4:47:37	United Kingdom	
c4cc1287-a7a7-4ec0-85ce-c9d0e57f113e	894	Dom Chaffey	M	M30-34	154	13:50:21	1:42:18	0:13:04	6:58:31	0:06:46	4:49:42	United Kingdom	
446b856c-a27c-ea11-a812-000d3a5a1cf8	895	Andy O’malley	M	M55-59	17	13:50:22	1:33:55	0:21:52	7:13:06	0:11:41	4:29:48	United Kingdom	
3a47029f-079a-f011-b4cc-000d3a5b7c3b	896	Luke Broadley	M	M30-34	155	13:50:35	1:39:56	0:15:20	7:00:06	0:09:04	4:46:09	United Kingdom	
05808b24-696b-4fe7-b05a-6640bb2595a6	897	Robert Stubbs	M	M35-39	155	13:50:38	1:50:46	0:13:38	6:47:26	0:08:43	4:50:04	United Kingdom	
221f83d6-8a9b-49f3-be8c-6773b0a29a20	898	Gavin Thomas	M	M45-49	88	13:50:42	1:26:55	0:15:55	7:18:38	0:06:57	4:42:17	United Kingdom	
66e5fa95-66e3-4846-af7b-57d884b6a517	899	Charlotte Jones	F	F30-34	8	13:50:50	1:17:36	0:13:04	7:56:38	0:10:31	4:13:01	United Kingdom	
59d0790c-7a9b-4aa7-8e88-6f9c7ac79d84	900	Ella Hamilton	F	F30-34	9	13:50:52	1:25:39	0:15:59	7:19:31	0:11:22	4:38:21	United Kingdom	
6b485c6a-1f7c-ef11-a670-000d3a338a3c	901	Rhys Williams	M	M35-39	156	13:50:54	1:36:28	0:16:56	6:50:06	0:08:39	4:58:45	United Kingdom	
dcbedbc8-2cc5-49f9-87f7-56929499caa1	902	Daniel Bell	M	M30-34	156	13:51:00	1:29:58	0:13:09	7:38:02	0:13:39	4:16:12	United Kingdom	
b37d4a89-3d8e-4f70-9d8d-eed146d43b87	903	Ryan Price	M	M40-44	119	13:51:02	1:34:04	0:15:07	6:46:48	0:07:37	5:07:26	United Kingdom	
fa9d4a1e-4d26-4a2b-a76a-8840f18e0ca8	904	Steve Germaney	F	M45-49	89	13:51:03	1:38:48	0:15:48	6:53:54	0:08:54	4:53:38	United Kingdom	
86ea3e4f-e967-4ba5-8a33-78df7e6b3d30	905	Jordan Collins	M	M30-34	157	13:51:12	1:35:51	0:17:15	6:56:36	0:09:20	4:52:11	United Kingdom	
55694ea2-702c-42a3-a804-2a35d6369fa8	906	Adam Freeman	M	M30-34	158	13:51:13	1:09:57	0:12:54	7:20:59	0:07:03	5:00:21	United Kingdom	
6c01458d-d1f2-4845-beb3-92b85553b895	907	Jamie Manning	M	M35-39	157	13:51:13	1:30:22	0:14:39	6:57:01	0:07:25	5:01:47	United Kingdom	
e5ddd56d-c76d-ee11-8df0-000d3a31406e	908	Ben Weymouth	M	M18-24	63	13:51:22	1:19:07	0:16:44	8:00:10	0:08:28	4:06:54	United Kingdom	
5a20919e-05c4-4812-b416-e72640a31854	909	Ranjit Rees-Sidhu	M	M50-54	53	13:51:31	1:27:18	0:12:34	7:09:48	0:07:15	4:54:36	Australia	
bddfdf91-35a9-f011-bbd3-000d3a5b50ba	910	Liam Rickard	M	M18-24	64	13:51:55	1:18:32	0:20:30	7:22:20	0:06:52	4:43:41	United Kingdom	
b6455895-71cb-430b-8389-62e68395586e	911	Tom Briggs	M	M35-39	158	13:52:05	1:27:43	0:13:51	7:12:53	0:12:09	4:45:29	United Kingdom	
4b09a13d-f73a-4e19-9e95-0f5e01311c66	912	Richard Walters	M	M60-64	15	13:52:08	1:26:19	0:17:50	7:49:06	0:08:07	4:10:47	United Kingdom	
4dea6f4b-a925-4663-9759-817dfe129fd0	913	Matt Parsons	M	M50-54	54	13:52:12	1:22:23	0:16:01	7:23:50	0:08:54	4:41:04	United Kingdom	
eeaf846a-079a-f011-b4cc-0022480a7385	914	Olivier Albersen	M	M30-34	159	13:52:29	1:51:03	0:14:47	6:49:42	0:07:31	4:49:26	Brazil	
558113c6-b519-4cc5-970d-ddc771e2eb6f	915	Mike George	M	M30-34	160	13:52:37	1:52:08	0:16:20	7:36:16	0:07:56	3:59:57	United Kingdom	
1b9f4c12-aade-49e9-bbc1-9899117822e3	916	David Schooling	M	M35-39	159	13:52:37	1:19:49	0:15:31	7:04:22	0:08:50	5:04:05	United Kingdom	
5986b2cd-bb93-f011-b4cc-0022480c097c	917	Jonathan Hooper	M	M40-44	120	13:52:51	1:27:24	0:18:10	7:44:13	0:11:50	4:11:13	United Kingdom	
0340cdc6-f8a2-f011-bbd3-6045bd05fcc1	918	Gemma Collins	F	F18-24	8	13:52:55	1:37:15	0:16:48	7:21:26	0:06:13	4:31:13	United Kingdom	
8c98df99-1da6-f011-bbd3-0022480a7385	919	Darren Pond	M	M50-54	55	13:52:59	1:34:08	0:18:19	7:04:23	0:10:17	4:45:52	United Kingdom	
c3516c90-6e2d-ef11-840b-00224809fd7c	920	Dafydd Woods	M	M25-29	138	13:53:23	1:19:39	0:15:09	7:10:49	0:10:06	4:57:39	United Kingdom	
97585925-696d-44d6-b93a-c20301ac28a8	921	Clay Gale	M	M30-34	161	13:53:23	1:42:57	0:14:53	7:19:08	0:07:33	4:28:52	United Kingdom	
b2558121-638d-ef11-ac21-000d3a59a9a1	922	Elliott Broadhurst	M	M25-29	139	13:53:54	1:25:51	0:17:42	7:48:48	0:09:25	4:12:08	United Kingdom	
e327738b-8270-48b5-9f68-122469a1107a	923	Sam Skinner	M	M25-29	140	13:54:06	1:29:23	0:13:03	7:19:04	0:09:44	4:42:52	United Kingdom	
9cde3cd8-58af-f011-bbd3-000d3a5cf7d8	924	Oliver Jones	M	M18-24	65	13:54:33	1:29:48	0:16:22	7:23:32	0:10:06	4:34:46	United Kingdom	
0104ccb4-7254-4de2-b31c-df212788b4c6	925	Jonny Holliday	M	M30-34	162	13:54:56	1:15:29	0:17:56	6:48:44	0:11:17	5:21:28	United Kingdom	
175d3cb9-3e78-4941-a9cd-a162a5f1629f	926	Tom Brewer	M	M45-49	90	13:55:23	1:31:50	0:19:01	7:30:39	0:11:08	4:22:45	United Kingdom	
817061d2-5394-ef11-8a69-000d3a5a403c	927	James French	M	M35-39	160	13:55:32	1:19:41	0:19:54	7:09:52	0:10:46	4:55:18	United Kingdom	
661b88ac-fe95-f011-b4cc-002248098cfa	928	Andrew Richley	M	M40-44	121	13:55:40	1:22:59	0:15:49	7:42:15	0:13:51	4:20:45	United Kingdom	
53d85344-17a4-f011-bbd3-002248098cfa	929	Tom Catalano	M	M35-39	161	13:55:47	1:35:05	0:14:27	7:03:57	0:06:34	4:55:43	United Kingdom	
25b7a165-6ed0-4053-b39a-62046f31ac70	930	Lou Dutch	F	F50-54	4	13:55:58	1:31:10	0:16:01	6:42:10	0:07:18	5:19:19	United Kingdom	
2c06dab5-179a-f011-b4cc-6045bd09951e	931	David Bailey	M	M35-39	162	13:56:09	1:28:23	0:20:12	7:32:08	0:12:09	4:23:17	United Kingdom	
5e67e7c5-279a-ef11-8a6a-000d3a59a9a1	932	Hayley Green	F	F30-34	10	13:56:34	1:50:39	0:19:28	7:12:14	0:18:44	4:15:30	United Kingdom	
62fc5255-079a-f011-b4cc-6045bd09951e	933	Guy Wilby	M	M45-49	91	13:56:37	1:33:49	0:17:14	7:20:03	0:09:05	4:36:25	United Kingdom	
18d18e90-a312-ef11-9f89-000d3a59e106	934	Liam Thomas	M	M30-34	163	13:56:43	1:38:08	0:12:13	7:18:11	0:06:54	4:41:17	United Kingdom	
ace000ec-23fe-470b-91d4-061d94328721	935	Conrad John	M	M55-59	18	13:56:44	1:34:31	0:12:53	7:06:44	0:06:16	4:56:20	United Kingdom	
3aafb975-b076-ef11-a670-00224808894b	936	Olivier McCormack	M	M30-34	164	13:57:00	1:19:54	0:16:04	7:27:31	0:17:07	4:36:24	United Kingdom	
0f03de9d-c91d-42ae-b888-887c48556d0b	937	Lloyd Mellens	M	M35-39	163	13:57:10	2:00:53	0:18:18	7:01:13	0:09:46	4:27:00	United Kingdom	
4e32aeea-67f2-414b-96a3-1d08f731461b	938	Becca Ryder	F	F25-29	18	13:57:15	1:39:40	0:12:06	7:15:49	0:08:01	4:41:39	United Kingdom	
4b1a6887-be8c-ef11-ac21-000d3a59a9a1	939	Joseph Camps	M	M25-29	141	13:57:33	1:23:43	0:13:34	7:50:55	0:06:04	4:23:16	United Kingdom	
15c752be-6bb5-4157-8e5e-a9242d9d66b8	940	Dean Llewellyn	M	M45-49	92	13:57:35	1:23:26	0:15:36	7:36:38	0:08:53	4:33:03	United Kingdom	
4eee6162-00a1-ef11-8a6a-000d3a3126fd	941	Scott Bambridge	M	M55-59	19	13:57:37	1:44:37	0:17:50	6:54:32	0:08:28	4:52:10	United Kingdom	
96a0b1c2-7894-ef11-8a69-000d3a5a403c	942	Bruno Nunes	M	M30-34	165	13:57:39	1:08:32	0:10:49	6:47:55	0:04:47	5:45:36	Brazil	
bd4f3b25-a1b2-f011-bbd3-6045bd05fcc1	943	Ron Coggins	M	M25-29	142	13:57:45	1:39:45	0:14:34	7:04:16	0:09:44	4:49:26	United Kingdom	
32b11dad-389a-f011-b4cc-6045bd05fcc1	944	Andrew Snell	M	M40-44	122	13:57:52	1:26:14	0:15:26	7:28:21	0:07:04	4:40:46	United Kingdom	
8038ceb7-d8b3-40b9-812c-01703be21eab	945	Matthew Smith	M	M30-34	166	13:57:57	1:34:45	0:13:45	7:42:02	0:05:12	4:22:14	United Kingdom	
403366d4-007c-ef11-a670-000d3a338a3c	946	Isabelle Rhead	F	F25-29	19	13:57:59	1:18:24	0:15:19	7:23:11	0:07:10	4:53:55	United Kingdom	
5957a647-ffab-ef11-b8e8-6045bd088264	947	Matthew Wearne	M	M35-39	164	13:58:01	1:36:35	0:14:13	7:05:56	0:11:12	4:50:05	United Kingdom	
fe86252a-4969-4534-b136-d597ffa7a1dd	948	Gareth Netherton	M	M40-44	123	13:58:21	1:24:16	0:15:17	6:47:09	0:08:17	5:23:23	United Kingdom	
0939aec3-7474-4a64-9b7d-9429f6e84e93	949	Ryan Evans	M	M40-44	124	13:58:22	1:33:10	0:14:23	7:52:22	0:06:09	4:12:18	United Kingdom	
303352fd-71a4-f011-bbd3-000d3a5b7c3b	950	Ioan Clatworthy	M	M25-29	143	13:58:24	1:14:45	0:13:45	7:42:42	0:11:01	4:36:11	United Kingdom	
db3ed82e-5e56-40e0-977f-65f90871d796	951	Cohen Lewis	M	M25-29	144	13:58:28	1:46:30	0:16:33	7:50:10	0:09:35	3:55:40	United Kingdom	
e3d0dd81-7f35-438f-9e90-ff00f72710cd	952	Craig Brandsma	M	M50-54	56	13:58:33	1:33:46	0:15:38	6:48:33	0:06:22	5:14:13	South Africa	
48e44c2e-8b97-ef11-8a6a-000d3a5a1803	953	Caitlin Lane-Jones	F	F25-29	20	13:58:43	1:31:04	0:12:20	7:23:10	0:10:31	4:41:38	United Kingdom	
3e622e95-f673-f111-ab0f-0022480b35b6	954	Ieuan Rowell	M	M35-39	165	13:58:52	1:30:03	0:12:59	7:10:14	0:07:19	4:58:17	United Kingdom	
b4ea6246-34d3-4942-8882-335e4cbc7551	955	Martin Hoole	M	M35-39	166	13:58:55	1:23:42	0:14:54	7:10:25	0:10:27	4:59:26	United Kingdom	
7ea112ab-f205-4ed1-92bf-ff6aae686fcd	956	Matt Thomas	M	M40-44	125	13:58:56	1:40:02	0:13:45	7:20:52	0:06:21	4:37:55	United Kingdom	
c9c31a23-9044-ed11-bba1-000d3a31458d	957	Natalie Buschman	F	F50-54	5	13:58:59	1:31:47	0:13:42	7:25:21	0:07:42	4:40:28	Netherlands	
90b8ad26-fe45-4b69-9967-ae2bb9ae3f14	958	Luis E Rubio	M	M60-64	16	13:59:06	1:29:14	0:17:25	7:15:14	0:12:07	4:45:06	Canada	
6ba868fc-1a96-f011-b4cc-000d3a5b7c3b	959	Michael O’Hanlon	M	M18-24	66	13:59:24	1:14:44	0:16:52	7:30:47	0:15:00	4:42:02	United Kingdom	
f4c0a4d0-4fa5-f011-bbd3-0022480c097c	960	Luke Ansell	M	M30-34	167	13:59:58	1:43:00	0:14:45	7:29:18	0:06:52	4:26:03	United Kingdom	
3af64921-c255-f011-877b-000d3a5cf7d8	961	Jamie Ward	M	M30-34	168	13:59:59	1:17:18	0:19:39	7:25:56	0:10:04	4:47:02	United Kingdom	
8ccaa76b-e359-f011-bec2-6045bd05f634	962	Morgan King	M	M18-24	67	14:00:16	1:36:36	0:15:23	7:35:58	0:08:25	4:23:54	United Kingdom	
096304c1-079a-f011-b4cc-000d3a5b50ba	963	Royston Lomas	M	M40-44	126	14:00:22	1:49:35	0:25:28	6:40:44	0:14:29	4:50:05	United Kingdom	
3c7bfbe8-346c-ef11-bfe3-000d3a371e3b	964	Steffan Elias	M	M18-24	68	14:00:23	1:22:27	0:13:23	7:54:04	0:07:46	4:22:42	United Kingdom	
e92490df-f3a2-4246-bc4d-e0b9b7b59555	965	Jacob Davies	M	M25-29	145	14:00:37	1:32:57	0:15:13	7:32:23	0:12:13	4:27:52	United Kingdom	
4385a4a9-177a-42f5-ae49-3059bee08327	966	Mark Davies	M	M50-54	57	14:00:42	1:39:01	0:16:44	7:09:15	0:09:27	4:46:15	United Kingdom	
5f0d7525-bf3e-ef11-8409-6045bd0953ac	967	Tom Jenkins	M	M25-29	146	14:00:56	1:37:40	0:12:55	7:25:44	0:04:59	4:39:38	United Kingdom	
3545bdb1-4a7f-455b-99bf-b96f842d1b15	968	Liam Gilby	M	M35-39	167	14:01:09	1:30:08	0:19:21	7:18:18	0:13:02	4:40:20	United Kingdom	
99997e00-1193-ef11-ac21-000d3a3126fd	969	Paul Simpson	M	M40-44	127	14:01:12	1:42:11	0:13:40	7:21:44	0:05:12	4:38:25	United Kingdom	
90f9db14-ab03-4c29-9827-5f5ffb7b597d	970	Leon Jones	M	M25-29	147	14:01:25	1:44:00	0:17:04	7:12:57	0:10:38	4:36:48	United Kingdom	
a46135fd-df97-f011-b4cc-6045bd05f634	971	Ben Langhorne	M	M30-34	169	14:01:41	1:34:08	0:17:41	7:23:23	0:12:21	4:34:09	United Kingdom	
3e414a55-578d-f011-b4cc-000d3a5cf7d8	972	James Harley	M	M45-49	93	14:01:47	1:13:40	0:14:51	7:36:44	0:08:15	4:48:16	United Kingdom	
ce475250-d69b-f011-b41c-000d3a5cf7d8	973	Callum Morgan	M	M25-29	148	14:01:54	1:23:49	0:19:02	7:17:58	0:09:25	4:51:40	United Kingdom	
e05b9f7d-f31a-f011-998a-000d3a3173b5	974	Ieuan Davies	M	M25-29	149	14:01:59	1:28:54	0:14:34	7:26:30	0:10:35	4:41:26	United Kingdom	
11ecee1d-9745-4820-acaf-548a99e2abe4	975	Ciara Albas-Martin	F	F30-34	11	14:02:02	1:31:49	0:16:52	7:20:38	0:07:46	4:44:57	United Kingdom	
9958ed77-dc5f-f011-bec3-000d3a5cf7d8	976	Tom Gower	M	M25-29	150	14:02:27	1:33:21	0:15:34	7:12:12	0:09:04	4:52:17	United Kingdom	
da2e4492-7391-f011-b4cc-6045bd09951e	977	Kaine Hart	M	M25-29	151	14:02:30	1:37:03	0:15:34	7:04:52	0:06:45	4:58:15	United Kingdom	
36e131b4-9ffe-4e25-8c81-447c63b2b0cb	978	Mark Edwards	M	M60-64	17	14:02:38	1:42:18	0:17:28	6:55:47	0:08:52	4:58:14	United Kingdom	
dfc5f89f-069a-f011-b4cc-6045bd05f634	979	Sean Turner	M	M40-44	128	14:03:07	1:55:18	0:16:24	7:22:11	0:07:48	4:21:27	United Kingdom	
3e28ce9a-934a-40d1-87c4-fba1384a9640	980	James Tatton	M	M35-39	168	14:03:19	1:40:25	0:16:20	6:42:39	0:06:06	5:17:48	United Kingdom	
900c652b-e17b-ef11-a670-6045bd05c809	981	Joe Godfrey	M	M30-34	170	14:03:39	1:41:24	0:16:27	6:27:23	0:09:35	5:28:49	United Kingdom	
0c1e4d8b-ec66-49d0-95a7-086349055632	982	Mark Allen	M	M45-49	94	14:03:55	1:27:55	0:12:28	6:52:31	0:07:05	5:23:57	United Kingdom	
44e7c85c-2d79-ef11-a670-002248049fdc	983	Carl Thomas	M	M25-29	152	14:03:58	1:29:19	0:14:50	7:10:28	0:07:51	5:01:30	United Kingdom	
9fc71976-6876-ef11-a670-000d3a3ad4c2	984	Adam Berry	M	M35-39	169	14:04:06	1:55:49	0:15:05	7:54:35	0:08:59	3:49:38	United Kingdom	
ac744e3a-7a4c-485f-8879-38ad8bcef147	985	Martin Peter Gartlan	M	M55-59	20	14:04:07	1:50:20	0:22:12	7:24:26	0:11:08	4:16:01	United Kingdom	
51ccca35-0338-453f-8efd-39467b656b17	986	Vasily Petukhov	M	M45-49	95	14:04:10	1:26:43	0:13:33	7:16:07	0:08:29	4:59:18	Kazakhstan	
c1585dc2-3767-f011-bec2-002248029ae7	987	Jon Thomson	M	M30-34	171	14:04:16	1:34:19	0:15:39	7:18:33	0:07:52	4:47:53	United Kingdom	
cf97af63-1193-479b-a186-66a50fced951	988	Kyle Jones	M	M35-39	170	14:04:26	1:26:37	0:13:06	7:20:16	0:05:35	4:58:53	United Kingdom	
7ac83f13-8a75-493e-92c3-2aaf4488e35d	989	Paul Hughes	M	M35-39	171	14:04:33	1:47:25	0:12:10	7:06:21	0:05:42	4:52:55	United Kingdom	
f31c4352-221b-4c0b-8c4c-66b79465d19c	990	Scott Beynon	M	M35-39	172	14:04:36	1:34:48	0:16:35	7:12:44	0:10:30	4:49:59	United Kingdom	
c443ab02-a75b-4bac-a157-5681b5d38556	991	Chris Johnson	M	M45-49	96	14:04:54	1:39:42	0:17:17	6:54:59	0:09:57	5:02:59	United Kingdom	
c99d847c-445f-45dd-9c04-3a4371fe1f85	992	Bleddyn Webster	M	M25-29	153	14:05:03	1:33:45	0:15:59	7:14:48	0:10:32	4:49:59	United Kingdom	
ad6e2225-be86-4b17-badc-ecdd0f057a10	993	Billy Barton	M	M40-44	129	14:05:12	1:30:45	0:20:17	7:05:09	0:17:22	4:51:38	United Kingdom	
5ceeff14-2e4b-48eb-a215-5c99cba26040	994	Adam Higgs	M	M45-49	97	14:05:22	1:28:45	0:12:47	7:16:20	0:08:48	4:58:42	United Kingdom	
9c10df6e-f205-4404-833e-3e89f7e39bb2	995	Paul Ahearn	M	M45-49	98	14:05:38	1:23:36	0:18:18	7:23:37	0:09:39	4:50:28	United Kingdom	
0bc4e2ef-f8ba-4af7-bb59-e37f4ff5836d	996	James Speak	M	M30-34	172	14:05:40	1:21:07	0:14:23	7:46:10	0:11:29	4:32:32	United Kingdom	
dc387fa7-4166-f011-bec3-000d3a35ffc1	997	Mark Andrews	M	M40-44	130	14:06:09	1:34:23	0:13:22	7:52:44	0:08:52	4:16:48	United Kingdom	
3d00ec27-be2a-4f31-8d97-328c5ad26954	998	Simon Venn	M	M35-39	173	14:06:16	1:42:49	0:18:56	7:13:05	0:06:06	4:45:20	United Kingdom	
12396843-c613-4a82-a3c1-54687a710a67	999	Chris Mackay	M	M45-49	99	14:06:17	1:26:14	0:16:32	6:39:37	0:07:23	5:36:31	United Kingdom	
d8f16c44-bb98-f011-b4cc-0022480a7385	1000	Liam Williams	M	M30-34	173	14:06:20	1:28:20	0:16:32	7:26:02	0:09:41	4:45:45	United Kingdom	
35f88d30-c097-f011-b4cc-6045bd09951e	1001	Helen Windsor	F	F25-29	21	14:06:52	1:26:42	0:11:59	7:42:49	0:05:45	4:39:36	United Kingdom	
413d0bca-e693-431d-a417-a4264ab46048	1002	Kelly Godden	F	F40-44	9	14:06:53	1:27:32	0:17:32	7:30:40	0:09:07	4:42:02	United Kingdom	
7d6f10d3-d601-4982-a3ef-6f207b00a5c8	1003	Sean Quinn	M	M55-59	21	14:06:56	1:28:18	0:17:37	7:18:26	0:13:27	4:49:06	United Kingdom	
ee3fd928-776f-45ed-a200-b184dbc40538	1004	Mark Scott	M	M45-49	100	14:06:56	1:26:07	0:16:58	7:08:54	0:08:43	5:06:14	United Kingdom	
66a1c714-b4d8-4875-ba64-43e1d388fac9	1005	Oliver Conlon	M	M35-39	174	14:07:01	1:41:05	0:18:13	7:29:35	0:08:09	4:29:58	United Kingdom	
0a46cbf9-0296-f011-b4cc-000d3a5cf7d8	1006	Ben Harris	M	M25-29	154	14:07:15	1:27:48	0:15:45	7:19:39	0:06:52	4:57:11	United Kingdom	
9feb46b3-c82a-f111-88b3-6045bd08b1a2	1007	Peter McMullan	M	M25-29	155	14:07:34	1:42:26	0:12:29	7:42:07	0:06:14	4:24:18	Ireland	
aa28e7c8-ced2-eb11-8235-000d3a37717a	1008	Victoria Prendiville		M18-24	69	14:07:53	1:41:44	0:16:07	7:24:21	0:07:35	4:38:06	United Kingdom	
19115a37-9681-45ea-a07a-071a0ed5adfa	1009	Jamie Wilson	M	M40-44	131	14:08:06	1:25:04	0:18:11	7:20:38	0:09:28	4:54:44	United Kingdom	
aa450b38-109a-f011-b4cc-000d3a5cf7d8	1010	Robin Shaw	F	F30-34	12	14:08:14	1:41:09	0:11:33	7:36:49	0:04:59	4:33:45	United Kingdom	
b2cb8ed9-f042-f011-b4ca-6045bd096846	1011	Ellie Holland	F	F25-29	22	14:08:31	1:45:33	0:14:35	7:25:53	0:07:36	4:34:53	United Kingdom	
104c4096-93c3-4b07-9b6b-3f76dd9d0968	1012	Joey Scutt	M	M35-39	175	14:08:47	1:44:56	0:13:57	6:51:16	0:13:40	5:04:58	United Kingdom	
16ef31c2-ca9b-f011-b41c-000d3a35ffc1	1013	Callum Thomas	M	M18-24	70	14:08:58	1:20:35	0:15:18	7:14:42	0:09:16	5:09:07	United Kingdom	
c19eaf0b-7451-438a-8af1-ba7db9bed5b1	1014	John Jones	M	M45-49	101	14:09:04	1:26:31	0:17:08	6:54:19	0:06:22	5:24:44	United Kingdom	
04da9016-cd68-f011-bec3-000d3a3173b5	1015	Thomas Sherman	M	M30-34	174	14:09:05	2:03:11	0:13:42	7:22:35	0:06:31	4:23:07	United Kingdom	
2a60050d-8ed0-ec11-a7b5-000d3a34fa1d	1016	Lee Collins	M	M50-54	58	14:09:15	1:27:09	0:14:23	6:53:44	0:14:04	5:19:55	United Kingdom	
e44e73a6-4f8d-498c-8273-aef3443985b9	1017	Joe Ercolano	M	M25-29	156	14:09:20	1:28:16	0:11:25	7:27:21	0:09:11	4:53:07	United Kingdom	
d6e014e7-1c2b-4947-b1cb-7a808926317e	1018	Robin Arkell	M	M55-59	22	14:09:20	1:49:40	0:15:35	7:20:12	0:11:43	4:32:10	United Kingdom	
f8971493-a230-497d-a65d-d18e7d1c77a0	1019	James Codd	M	M25-29	157	14:09:31	1:27:59	0:23:23	6:37:17	0:09:52	5:30:59	United Kingdom	
9f1c4bab-4b69-ef11-bfe3-6045bd0953ac	1020	Sam Owen	M	M35-39	176	14:09:33	1:27:44	0:16:10	6:49:15	0:08:42	5:27:41	United Kingdom	
59a4b92c-2666-42a4-8506-d462cf127468	1021	Jack Hannigan Popp	M	M35-39	177	14:09:52	1:50:37	0:16:59	7:00:20	0:12:07	4:49:50	United Kingdom	
1ccdeb9c-f19a-f011-b4cc-6045bd05f634	1022	Bleddyn Griffiths	M	M30-34	175	14:09:54	1:48:22	0:15:50	7:16:47	0:09:20	4:39:35	United Kingdom	
0bfcb6d8-9e7c-ef11-a670-002248049fdc	1023	Joe Menear	M	M25-29	158	14:09:54	1:33:40	0:16:49	7:41:07	0:10:57	4:27:21	United Kingdom	
b3ff4dc6-b6ab-45dd-b374-0d7e5a90711f	1024	Gavin Rowlands	M	M35-39	178	14:09:55	1:53:37	0:15:04	7:03:03	0:12:06	4:46:06	United Kingdom	
40ba84f6-eda2-f011-bbd3-0022480a7385	1025	Dexter Roper	M	M25-29	159	14:10:11	1:51:37	0:13:32	7:27:34	0:07:48	4:29:40	United Kingdom	
b7f75ae2-de5f-ef11-bfe3-000d3a367177	1026	Luke Sterry	M	M30-34	176	14:10:14	1:37:12	0:16:50	7:35:16	0:13:55	4:27:01	United Kingdom	
7844c239-5554-ed11-bba3-000d3a314be4	1027	Kay Bowen	F	M60-64	18	14:10:22	1:51:07	0:16:06	7:03:58	0:16:29	4:42:42	United Kingdom	
1abb31a0-075d-446e-bd12-4ff1136a279e	1028	Christopher Lovekin	M	M30-34	177	14:10:48	1:27:06	0:14:11	7:28:41	0:08:02	4:52:47	United Kingdom	
3016e249-0a05-f011-bae2-000d3a35ffc1	1029	Matthew ODonnell	M	M45-49	102	14:10:59	1:52:32	0:17:56	7:13:21	0:06:18	4:40:51	United Kingdom	
e50997d7-b17f-4ee1-8079-ce0a6c1f3c51	1030	Owain Thomas	M	M40-44	132	14:11:20	1:18:33	0:16:28	7:30:13	0:11:20	4:54:46	United Kingdom	
19c7d0ea-027c-ef11-a670-000d3a5a1803	1031	Matt Earing	M	M25-29	160	14:11:23	1:51:45	0:23:59	7:53:38	0:13:34	3:48:26	United Kingdom	
fc7545c5-34fc-ee11-a1ff-000d3a314d17	1032	Curtis Russell	M	M30-34	178	14:11:43	1:25:07	0:19:15	7:02:56	0:10:12	5:14:13	United Kingdom	
4f5c844b-d144-4e50-adc7-29fcb0240e05	1033	Mathew Morris	M	M40-44	133	14:11:53	1:46:44	0:13:30	7:24:09	0:05:48	4:41:43	United Kingdom	
605763e7-ac7a-4ea5-ab5e-fefe56c257bd	1034	Jim Hyden	M	M55-59	23	14:11:59	1:22:16	0:16:22	7:31:44	0:08:25	4:53:12	United Kingdom	
4eb2aca6-1d80-4e45-9e0d-283fac2aef04	1035	Aidan Lavin	M	M18-24	71	14:12:06	1:23:09	0:19:08	7:15:25	0:10:38	5:03:46	United Kingdom	
c1f16f9e-e46b-f011-bec3-000d3a5b50ba	1036	Michael Smith	M	M30-34	179	14:12:25	1:37:23	0:17:16	7:59:28	0:08:24	4:09:54	United Kingdom	
136035c5-8411-4849-aebb-8306a42bfb60	1037	Lauren Blake	F	F30-34	13	14:12:33	1:15:16	0:14:41	7:52:28	0:07:38	4:42:29	United Kingdom	
7db55c82-58ac-f011-bbd3-000d3a5cf7d8	1038	Harris Shewan	M	M18-24	72	14:12:40	1:20:41	0:12:49	7:16:49	0:11:29	5:10:53	United Kingdom	
29a6fc43-18eb-4294-998c-68f4b3b1946b	1039	Ian Lord	M	M40-44	134	14:12:41	1:22:25	0:13:23	7:22:42	0:08:45	5:05:26	United Kingdom	
a3a02ef5-e108-f011-bae2-000d3a5b50ba	1040	Tom York	M	M25-29	161	14:12:48	1:29:25	0:14:51	7:39:00	0:08:16	4:41:16	United Kingdom	
5674f4ed-60d3-421f-8842-37f076d66944	1041	Shaun Evans	M	M55-59	24	14:12:52	1:29:11	0:16:44	6:58:56	0:11:03	5:16:58	United Kingdom	
07d866f3-f794-ec11-b400-002248080987	1042	Matthew Park	M	M25-29	162	14:12:56	1:29:22	0:15:09	6:40:42	0:09:58	5:37:45	United Kingdom	
000b1de2-a80f-e511-9401-005056951bf1	1043	Adam Wells	M	M40-44	135	14:13:29	1:22:42	0:10:56	6:57:22	0:04:04	5:38:25	United Kingdom	
6ce38c4c-223b-4dcb-bf9c-ed15963378cf	1044	Justin Shepherd	M	M40-44	136	14:14:04	2:10:53	0:15:18	7:15:19	0:07:24	4:25:10	United Kingdom	
08ed1f55-6cc1-ef11-b8e8-000d3a5a403c	1045	Kara Griffiths	F	F25-29	23	14:14:05	1:32:47	0:13:43	7:38:50	0:10:33	4:38:12	United Kingdom	
52ffce75-54da-e911-a97c-000d3a3740b7	1046	Ian Davies	M	M60-64	19	14:14:10	1:22:08	0:17:07	7:04:32	0:07:38	5:22:45	United Kingdom	
9a780d1b-34c5-ef11-b8e8-6045bd018d16	1047	Cynyr Llewelyn-Jones	M	M18-24	73	14:14:18	1:36:30	0:15:44	7:14:35	0:10:25	4:57:02	United Kingdom	
85052db4-c39f-f011-b41c-000d3a5cf7d8	1048	Gregg Roantree	M	M35-39	179	14:14:18	1:33:39	0:13:54	7:21:24	0:07:56	4:57:25	United Kingdom	
b004c7cb-026e-45d5-b909-64408bfd3c2f	1049	Will Gardner	M	M40-44	137	14:14:19	2:09:32	0:10:03	6:59:37	0:04:50	4:50:16	United Kingdom	
135abd90-be19-4d61-a965-7939fe9161eb	1050	Taylor Anderson	M	M30-34	180	14:14:20	1:37:40	0:13:45	7:17:05	0:04:28	5:01:22	United Kingdom	
a1f477dd-30be-f011-bbd3-000d3a5cf7d8	1051	Matthew Atkinson	M	M18-24	74	14:14:22	1:28:03	0:16:10	7:25:30	0:07:36	4:57:03	United Kingdom	
05ad5d0b-a9b6-4e46-af72-9fa6dddb4b28	1052	Ed Houghton	M	M50-54	59	14:14:24	1:22:46	0:12:14	8:03:10	0:05:49	4:30:26	Australia	
899cf162-e89b-f011-b41c-000d3a35ffc1	1053	Rhys Jones	M	M35-39	180	14:14:51	1:54:03	0:11:11	7:18:23	0:04:59	4:46:15	United Kingdom	
3d1c4102-e23c-4211-b9d1-60df02a20aa3	1054	Michael Bagguley	M	M35-39	181	14:14:52	1:34:23	0:12:51	7:29:15	0:06:59	4:51:24	United Kingdom	
2cc99c9d-a19e-ef11-8a6a-000d3a5a1803	1055	Nathan Williams	M	M40-44	138	14:14:53	2:11:08	0:14:33	6:58:30	0:07:50	4:42:53	United Kingdom	
61852f11-4d78-f011-b4cc-6045bd05fcc1	1056	Tomos Northey	M	M25-29	163	14:14:54	1:33:16	0:12:46	7:22:50	0:07:41	4:58:21	United Kingdom	
96fe29bb-984e-4221-9a3a-8ab3ac950f1b	1057	Ellie Goss	F	F18-24	9	14:15:09	1:17:12	0:14:58	7:21:09	0:10:29	5:11:20	United Kingdom	
569a2826-9634-e511-9403-005056951bf1	1058	Russell Barnes	M	M45-49	103	14:15:18	1:32:37	0:16:01	7:28:11	0:07:36	4:50:52	United Kingdom	
61bacacf-7dbe-f011-bbd3-000d3a35ffc1	1059	Cameron Reedy	M	M25-29	164	14:15:28	1:17:29	0:19:46	7:09:00	0:13:49	5:15:25	United Kingdom	
6232aa76-d04b-ee11-be6e-000d3a31458d	1060	Lewis Poole		M25-29	165	14:15:40	1:28:28	0:13:21	7:04:03	0:08:05	5:21:42	United Kingdom	
9984e372-a53e-ed11-9db0-0022480296d3	1061	Samuel Dolling	M	M30-34	181	14:15:55	1:41:19	0:15:56	7:14:28	0:05:08	4:59:04	United Kingdom	
789a73b5-851f-f011-998a-0022480c097c	1062	Gabriel Boutier-Downey	M	M30-34	182	14:16:07	1:27:59	0:14:24	7:55:35	0:08:13	4:29:55	United Kingdom	
6267f40d-583d-f011-b4cc-6045bd05f634	1063	Jason Inglesant	M	M40-44	139	14:16:09	1:38:11	0:17:42	6:55:33	0:09:12	5:15:31	United Kingdom	
845f3bab-61de-421f-a60a-8932da1c4af8	1064	Brian Hussey	M	M50-54	60	14:16:10	1:38:40	0:16:51	7:06:22	0:12:27	5:01:51	United Kingdom	
49e712e8-5e7e-ef11-ac21-000d3a5b3d07	1065	Adrian Stuart	M	M35-39	182	14:16:14	1:37:45	0:16:28	7:41:37	0:08:48	4:31:36	United Kingdom	
1a155379-089a-f011-b4cb-7ced8d70c1af	1066	James Le Messurier	M	M18-24	75	14:16:21	1:33:27	0:13:23	7:14:18	0:09:08	5:06:05	United Kingdom	
513a68d5-4883-48f9-ab4b-b499dc505976	1067	Ryan Morris	M	M45-49	104	14:16:51	1:33:25	0:17:49	7:09:34	0:08:59	5:07:04	United Kingdom	
62893dcd-0dca-4a31-96d7-57b914fe7304	1068	Darren King	M	M35-39	183	14:17:03	1:32:29	0:15:01	7:16:01	0:09:07	5:04:25	United Kingdom	
8fc9f9d4-fcb7-ef11-b8e8-6045bd088264	1069	Emily Zakikhani	F	F35-39	15	14:17:06	1:23:59	0:15:29	7:29:18	0:10:19	4:58:00	United Kingdom	
f7dd943a-8aa6-f011-bbd3-000d3a5cf7d8	1070	Charlie Smith	M	M18-24	76	14:17:09	1:30:18	0:10:30	7:30:00	0:07:43	4:58:37	United Kingdom	
e56e8bc4-5687-4955-a67c-7f42939e1d7c	1071	Scott Pardoe	M	M40-44	140	14:17:30	1:57:35	0:16:43	7:18:31	0:08:36	4:36:05	United Kingdom	
638887e6-1769-f011-bec2-0022480a7385	1072	Stephen Connor	M	M50-54	61	14:17:39	1:31:23	0:15:47	7:02:54	0:15:32	5:12:04	United Kingdom	
a465a9c5-a9fd-4c5d-bfc1-896443bdd4af	1073	Alex Williamson	M	M35-39	184	14:17:46	1:28:57	0:15:17	6:56:33	0:09:04	5:27:55	United Kingdom	
b684a5b6-0e3e-ef11-8409-000d3a367177	1074	Mikey Wallis	M	M50-54	62	14:17:51	1:41:47	0:19:03	7:14:15	0:10:15	4:52:32	United Kingdom	
c36866b8-85dd-ef11-8eea-002248049fdc	1075	Luke Hayward	M	M35-39	185	14:17:53	1:58:56	0:13:33	7:22:47	0:08:22	4:34:15	United Kingdom	
d3f64064-1ac5-4930-bfec-db5c5ac0b5eb	1076	Adrian Müller	M	M40-44	141	14:17:54	1:31:21	0:21:24	6:50:15	0:09:46	5:25:07	Germany	
a4355ea1-824d-ee11-be6e-000d3a31406e	1077	Daniel Evans-Rees	M	M40-44	142	14:18:00	1:33:16	0:18:40	7:18:34	0:08:04	4:59:25	United Kingdom	
cebd6fe1-1e0e-f011-9988-6045bd05fcc1	1078	Cormac Mac Reamoinn	M	M25-29	166	14:18:09	1:20:09	0:16:35	7:27:38	0:07:47	5:06:01	Ireland	
1af95bf9-9fcb-4d79-a5d9-7e00bfc9f335	1079	Daniel Miles	M	M35-39	186	14:18:12	1:17:47	0:14:26	7:01:59	0:10:31	5:33:30	United Kingdom	
fdce863e-6bf0-4ca5-9a16-31b52705c793	1080	Dafydd Davies	M	M25-29	167	14:18:15	1:39:09	0:17:08	7:14:19	0:09:19	4:58:20	United Kingdom	
a246efdb-8c40-4fde-a5db-e53d9ad1ee87	1081	Anders Nilsson	M	M40-44	143	14:18:29	1:52:58	0:19:03	7:00:31	0:09:24	4:56:32	Sweden	
fadbdfba-fb74-44df-8890-557a6e572444	1082	Alex Jones	M	M40-44	144	14:18:44	1:29:26	0:14:59	7:45:20	0:08:45	4:40:14	United Kingdom	
041d1f77-eb89-ee11-8179-0022480acaa6	1083	Euan Wheel	M	M25-29	168	14:18:50	1:33:30	0:15:26	7:30:51	0:07:42	4:51:22	United Kingdom	
7089597c-48da-40c7-aa9d-b24cb1654e0e	1084	Nick Pratt	M	M45-49	105	14:19:05	1:29:40	0:17:25	7:07:38	0:07:23	5:17:00	United Kingdom	
fac53f02-31ef-44ec-a731-b41861bf95c3	1085	Llyr Morris	M	M30-34	183	14:19:18	1:28:27	0:17:35	7:47:23	0:12:09	4:33:43	United Kingdom	
f00a5714-2c8e-43ce-813d-49fa7d18e646	1086	Owen Lloyd	M	M40-44	145	14:19:38	1:23:47	0:23:39	7:31:28	0:09:17	4:51:28	United Kingdom	
751382aa-cc7b-ef11-a670-6045bd05c809	1087	Emilie James	F	F30-34	14	14:19:45	0:59:43	0:13:17	7:49:52	0:06:58	5:09:55	United Kingdom	
c4d7dede-517c-ef11-a670-000d3a59a9a1	1088	John Smith	M	M40-44	146	14:20:00	1:34:16	0:15:11	7:23:28	0:08:19	4:58:45	United Kingdom	
011204dd-a0ef-4b44-a87a-4f7fcc3fb212	1089	Viv Cornwell	F	F55-59	1	14:20:02	1:31:53	0:17:39	7:53:39	0:13:22	4:23:29	United Kingdom	
8d41d962-119a-f011-b4cc-0022480a7385	1090	Jon Evans	M	M40-44	147	14:20:07	1:46:40	0:15:03	7:32:29	0:06:40	4:39:15	United Kingdom	
c2a96363-4478-f011-b4cb-000d3a5b7c3b	1091	Peter Hughes Jones	M	M40-44	148	14:20:17	1:27:11	0:13:24	7:04:02	0:08:58	5:26:42	United Kingdom	
c0e55f17-1f96-f011-b4cc-000d3a3173b5	1092	Sophie Brisland-Hancocks	F	F30-34	15	14:20:24	1:47:04	0:15:23	7:37:01	0:09:13	4:31:43	United Kingdom	
e326292e-6c69-4031-890d-fc72cf3487bc	1093	Christopher Dunn	M	M50-54	63	14:20:36	1:27:28	0:15:00	7:10:54	0:07:28	5:19:45	United Kingdom	
1a689191-1b96-f011-b4cc-0022480a7385	1094	Corey Evans	M	M30-34	184	14:20:47	1:34:14	0:13:27	7:35:03	0:07:34	4:50:29	United Kingdom	
cd4a86dc-f594-4333-8b94-7f84fb990e18	1095	Chris Barrowcliffe	M	M45-49	106	14:20:57	1:12:18	0:16:09	7:41:00	0:09:56	5:01:34	United Kingdom	
ac17f7e5-a58e-ee11-8179-000d3a31406e	1096	Alexander Bays	M	M30-34	185	14:21:31	1:36:53	0:14:02	7:41:03	0:07:37	4:41:56	United Kingdom	
a1430b39-9791-f011-b4cc-000d3a3173b5	1097	Rory Thrush	M	M30-34	186	14:21:37	1:31:35	0:15:26	7:14:55	0:10:28	5:09:12	United Kingdom	
c7bc760b-4aac-f011-bbd3-000d3a5b50ba	1098	kieran ingram	M	M25-29	169	14:21:53	1:54:54	0:15:02	7:31:23	0:08:50	4:31:45	United Kingdom	
1b5aa162-4951-4688-98e8-7150ddcee030	1099	Christopher Shellard	M	M45-49	107	14:22:03	1:50:51	0:20:01	7:10:54	0:10:18	4:50:00	United Kingdom	
221dcfff-9a98-f011-b4cc-000d3a5b7c3b	1100	Lucy Carter	F	F25-29	24	14:22:06	1:02:29	0:11:28	7:46:17	0:06:05	5:15:47	United Kingdom	
820b97cb-a99c-4cf1-a284-036a72fc6647	1101	Ashley Elford	M	M40-44	149	14:22:13	1:31:55	0:14:55	7:20:25	0:08:12	5:06:46	United Kingdom	
745fb311-4c65-ef11-bfe3-6045bd010fe7	1102	Rebecca Lewis	F	F45-49	6	14:22:20	1:33:31	0:19:33	7:34:27	0:15:23	4:39:25	United Kingdom	
dab5853b-e13f-46f2-9079-d0b7f2c01de5	1103	Carl Harrington	M	M50-54	64	14:22:21	1:32:20	0:14:55	7:55:36	0:09:48	4:29:42	United Kingdom	
fc16f4e0-a31d-4487-b93c-b4d2b17d0bc6	1104	Jack Ramsay	M	M25-29	170	14:22:32	1:26:50			0:17:30	4:33:06	United Kingdom	
fc95aa63-cd2f-45a0-a048-ba8be5ea42eb	1105	Llyr Roberts	M	M30-34	187	14:22:34	1:21:13	0:13:56	7:31:49	0:11:15	5:04:21	United Kingdom	
d4b8b78d-14d5-4138-a99b-8341c4234edc	1106	Simon Colman	M	M40-44	150	14:22:34	1:40:18	0:14:39	7:18:33	0:07:25	5:01:40	United Kingdom	
9a9efd7d-db7b-4b9e-9cc9-2d58f776eae1	1107	Lewis Rawlings	M	M45-49	108	14:22:38	1:35:25	0:14:34	7:24:58	0:10:00	4:57:41	United Kingdom	
9ea45971-079a-f011-b4cb-7ced8d70c1af	1108	Jobe Urquhart	M	M30-34	188	14:22:46	1:24:04	0:14:05	7:41:38	0:11:15	4:51:43	United Kingdom	
33611a48-ebca-f011-bbd3-000d3a3173b5	1109	Alex Rice	F	F30-34	16	14:23:04	0:40:54	1:02:32	7:31:46	0:06:17	5:01:35	United Kingdom	
4606af41-55d4-ef11-8eea-000d3a30152c	1110	Rory Frizell	M	M25-29	171	14:23:05	1:39:50	0:16:03	7:11:40	0:10:26	5:05:07	United Kingdom	
6eecae47-6f36-4ec7-88ef-6c0df2b27b62	1111	Luke Jenkins	M	M35-39	187	14:23:07	1:44:20	0:14:23	7:46:28	0:07:33	4:30:22	United Kingdom	
cc94274b-e79d-f011-b41c-0022480c097c	1112	Jamie Leavy	M	M30-34	189	14:23:12	1:42:03	0:13:46	7:38:55	0:05:07	4:43:21	United Kingdom	
edd15959-984f-ef11-a317-000d3a367177	1113	Trent White	M	M25-29	172	14:23:13	1:27:37	0:15:49	8:20:49	0:04:26	4:14:33	United States	
b715d07d-079a-f011-b4cb-7ced8d70c1af	1114	Owen Archer	M	M35-39	188	14:23:33	1:20:04	0:15:53	8:23:25	0:11:35	4:12:36	United Kingdom	
0ae1ed00-7d19-ef11-9f8a-002248044460	1115	Kevin Carpenter	M	M50-54	65	14:23:36	1:57:39	0:19:43	7:34:44	0:09:54	4:21:36	United Kingdom	
4308893a-0d92-ef11-ac21-000d3a5a1803	1116	Jack Franklin	M	M30-34	190	14:23:39	1:51:44	0:15:56	7:26:59	0:08:07	4:40:53	United Kingdom	
8b0f9c39-aa6f-f011-bec2-000d3a5b7c3b	1117	Callum Greenoff	M	M30-34	191	14:24:04	1:38:25	0:13:24	7:25:18	0:06:04	5:00:53	United Kingdom	
9997853e-5ea3-f011-bbd3-6045bd05fcc1	1118	Amelia Drew	F	F18-24	10	14:24:07	1:25:22	0:17:08	7:28:57	0:08:24	5:04:15	United Kingdom	
783570aa-cb6c-4dea-9fed-80c6cd825a11	1119	Gareth Williams	M	M40-44	151	14:24:38	1:35:02	0:20:03	7:03:33	0:10:37	5:15:24	United Kingdom	
020d5c02-d7d1-f011-bbd3-000d3a5cf7d8	1120	Richard Webb	M	M40-44	152	14:24:43	1:33:28	0:17:21	7:32:26	0:10:44	4:50:43	United Kingdom	
6ab50870-3565-ef11-bfe3-00224808301f	1121	Craig Williams	M	M40-44	153	14:24:46	1:29:09	0:14:50	7:15:54	0:08:29	5:16:24	United Kingdom	
c526aaf0-c758-ef11-a316-00224808301f	1122	Alex Maddox	M	M25-29	173	14:24:58	1:23:00	0:11:49	7:00:43	0:07:58	5:41:29	United Kingdom	
baec9a58-4771-f011-bec2-0022480c097c	1123	tom miller	M	M18-24	77	14:25:16	1:25:27	0:12:55	7:28:03	0:09:44	5:09:07	United Kingdom	
f91a2e10-f816-f011-9989-000d3a5cf7d8	1124	Ben Morgan	M	M18-24	78	14:25:23	1:38:19	0:13:29	7:29:43	0:07:16	4:56:37	United Kingdom	
d9dfa159-117c-f011-b4cc-000d3a5c3d6c	1125	Jason Robbins	M	M35-39	189	14:25:24	1:23:15	0:14:48	7:35:58	0:09:05	5:02:18	United Kingdom	
dae93f02-0170-4fe4-a542-39a537340e05	1126	Abi Latimer	F	F40-44	10	14:25:26	1:14:48	0:15:25	7:59:21	0:11:02	4:44:50	United Kingdom	
80075c47-90da-4d6c-93d1-1f3e37c34b60	1127	Adam Cotterill	M	M40-44	154	14:25:28	1:39:07	0:16:57	6:59:35	0:11:40	5:18:08	United Kingdom	
49e7a77c-7865-ef11-bfe3-000d3a3b4ec1	1128	Luke Tellis-James	M	M35-39	190	14:25:43	1:38:39	0:15:08	7:30:43	0:08:31	4:52:42	United Kingdom	
ec3bc00e-9c52-4b60-8798-15df7002ec41	1129	Stuart Liggins	M	M40-44	155	14:25:59	1:23:59	0:14:23	7:06:35	0:09:59	5:31:02	United Kingdom	
df1ad6d9-a051-48cb-aabe-3cb536a5e080	1130	Richard Berry	M	M40-44	156	14:26:00	1:37:13	0:18:20	7:25:26	0:07:43	4:57:18	United Kingdom	
2a9e56c4-1777-4317-b9f5-5bdbfde01922	1131	Martin Richards	M	M55-59	25	14:26:13	1:39:32	0:14:45	6:54:27	0:09:51	5:27:39	United Kingdom	
d5741085-01d7-4001-a8f1-355336f04aae	1132	Sion Trowbridge	M	M25-29	174	14:26:18	1:29:20	0:15:06	7:18:19	0:08:44	5:14:49	United Kingdom	
df82ee24-a6b6-f011-bbd3-000d3a5b7c3b	1133	Luke Dipper	M	M40-44	157	14:26:24	2:06:31	0:22:04	7:13:53	0:12:10	4:31:46	United Kingdom	
f6498edd-6f7c-4ccc-a7c4-79439af7d6e7	1134	Sarah Jones	F	F30-34	17	14:26:31	1:41:06	0:13:04	7:29:31	0:07:21	4:55:29	United Kingdom	
94c5eed2-3fbe-ea11-a812-000d3a5a1cf8	1135	Gethin Harvey	M	M35-39	191	14:26:38	1:26:25	0:16:51	7:43:26	0:12:02	4:47:55	United Kingdom	
9ca0e3aa-8099-f011-b4cc-6045bd05fcc1	1136	rob knight	M	M50-54	66	14:27:20	1:58:40	0:18:00	7:23:14	0:10:14	4:37:12	United Kingdom	
3dd2739f-5c5a-f011-bec2-6045bd05fcc1	1137	Jeroen Straatman		M30-34	192	14:27:22	1:31:44	0:16:53	7:19:51	0:07:24	5:11:30	Netherlands	
c17972d7-0766-ef11-bfe3-000d3a3b4ec1	1138	Jordan Thomas	M	M35-39	192	14:27:22	1:25:27	0:10:47	7:31:42	0:06:16	5:13:10	United Kingdom	
50042649-7d1a-4d27-baba-f76c7d452af0	1139	Charlotte Porter-Sparks	F	F18-24	11	14:27:32	1:11:57	0:15:03	7:52:53	0:08:48	4:58:52	United Kingdom	
3e6d4ad0-7f7b-4281-b26c-7c87f54a16ae	1140	Matt Busby	M	M18-24	79	14:27:33	1:33:11	0:12:44	7:13:26	0:06:32	5:21:40	United Kingdom	
dbc929dd-f369-432f-9cda-93108feb68f8	1141	Jasmine Stubbs	F	F25-29	25	14:27:34	1:34:11	0:11:44	7:13:27	0:06:33	5:21:39	United Kingdom	
bab3f700-96ad-f011-bbd3-6045bd05f634	1142	Gabriel Shala	M	M25-29	175	14:27:48	1:56:40	0:14:11	7:52:32	0:07:52	4:16:33	United Kingdom	
11034ac9-8898-f011-b4cc-000d3a5b50ba	1143	Rachel Hill	F	F40-44	11	14:28:01	2:07:21	0:20:49	7:00:45	0:09:48	4:49:19	United Kingdom	
90acfb3b-3fb2-459a-9a1e-d572a2b30587	1144	Chris Thomas	M	M50-54	67	14:28:20	1:35:28	0:14:21	7:13:25	0:12:15	5:12:51	United Kingdom	
6da76994-8804-4bf7-b024-a28f421f72ef	1145	Lee Griffiths	M	M55-59	26	14:28:22	1:40:21	0:19:53	6:55:30	0:09:20	5:23:19	United Kingdom	
f97ca751-d293-ef11-8a69-000d3a5a403c	1146	Liam Doherty	M	M40-44	158	14:28:38	1:35:21	0:13:22	7:22:23	0:07:15	5:10:17	Ireland	
183a28ca-a788-ef11-ac21-6045bd05c809	1147	Luke Badley	M	M30-34	193	14:29:06	1:51:00	0:13:13	7:15:12	0:11:24	4:58:17	United Kingdom	
bf52033f-1e2b-41fe-82ee-a302e4bf9249	1148	Diarmuid Bailey	M	M18-24	80	14:29:07	1:13:12	0:10:09	7:11:36	0:08:51	5:45:19	United Kingdom	
c9dd7e91-2466-ef11-bfe3-6045bd0953ac	1149	Nathan Tall	M	M25-29	176	14:29:29	1:38:27	0:16:31	7:51:21	0:07:03	4:36:07	United Kingdom	
1418cf2c-f6b4-f011-bbd3-6045bd09951e	1150	Luke Horton	M	M30-34	194	14:29:33	1:31:10	0:17:13	7:17:09	0:07:51	5:16:10	United Kingdom	
6038ba61-99c1-4e3d-93e8-0f96f00952ff	1151	Dilwyn Griffiths	M	M45-49	109	14:29:34	1:28:16	0:15:22	6:42:36	0:07:28	5:55:51	United Kingdom	
230605b3-75f2-4c51-8186-5b8d1a97edf0	1152	Richard Porter	M	M40-44	159	14:29:53	1:29:49	0:18:39	7:46:25	0:08:41	4:46:19	United Kingdom	
0d18edb8-437b-ef11-a670-002248049fdc	1153	Mike Bellotti	M	M35-39	193	14:29:56	1:50:47	0:12:59	7:27:23	0:06:48	4:52:00	United Kingdom	
8955ce61-7d7c-47af-b2ba-9e32a8d845f1	1154	Ryan Phillips	M	M30-34	195	14:30:00	1:34:12	0:16:59	7:40:33	0:10:28	4:47:49	United Kingdom	
25f2ace7-3478-f011-b4cb-000d3a5b7c3b	1155	Mathew Hutchinson	M	M35-39	194	14:30:02	1:45:47	0:13:42	7:15:10	0:09:11	5:06:12	United Kingdom	
de8897f5-59ad-4996-8870-e13a27837df9	1156	Aaron Shingler	M	M35-39	195	14:30:07	1:16:36	0:15:09	6:23:29	0:06:42	6:28:11	United Kingdom	
469f7c23-58e2-ef11-8eea-000d3a5ae96c	1157	Kirsty Bailey	F	F30-34	18	14:30:12	1:32:37	0:13:15	7:21:59	0:07:16	5:15:05	United Kingdom	
212cd099-6595-f011-b4cc-6045bd09951e	1158	Louis Jones	M	M45-49	110	14:30:29	1:52:10	0:12:21	7:25:05	0:06:24	4:54:29	United Kingdom	
0ea1a772-eb7d-ef11-ac21-000d3a5a1803	1159	Antony Sherlock	M	M40-44	160	14:30:31	1:39:53	0:15:52	7:42:51	0:07:02	4:44:53	United Kingdom	
e00237a8-d564-4f89-88bd-c2fa0565714b	1160	Jonathan Samuel	M	M55-59	27	14:30:34	1:24:10	0:19:30	7:28:58	0:13:06	5:04:51	United Kingdom	
284ee5e2-f9f1-4b9b-9eb5-cfe2f2bfafb6	1161	Fabrizio Schifone	M	M30-34	196	14:30:47	1:24:55	0:15:42	7:22:40	0:07:31	5:19:58	Italy	
6f3b53d7-6e16-4405-ab84-b5109327c1fc	1162	Richard Bracken	M	M50-54	68	14:30:47	1:33:15	0:13:32	7:28:10	0:07:35	5:08:15	Ireland	
5360d62d-6151-45d4-8e57-cb2ec5613f06	1163	Peter Moore	M	M40-44	161	14:30:50	1:49:46	0:14:54	7:21:57	0:08:43	4:55:31	United Kingdom	
5b636e5a-36ac-ef11-b8e8-6045bd018d16	1164	Nicholas Bartle	M	M30-34	197	14:30:54	1:43:24	0:13:10	7:43:40	0:08:24	4:42:16	United Kingdom	
689eb199-81a6-f011-bbd3-6045bd05f634	1165	Niall Metcalf	M	M25-29	177	14:30:55	1:44:24	0:14:37	7:26:37	0:06:56	4:58:20	United Kingdom	
fc4c9c92-7c21-4f0e-9f7b-a342d5cc71fe	1166	Mark Prichard	M	M50-54	69	14:31:00	1:35:46	0:17:02	7:29:32	0:11:10	4:57:30	United Kingdom	
4e246737-e77d-4311-b244-9397ca6898fc	1167	Mark Roderick	M	M55-59	28	14:31:05	1:49:33	0:18:52	7:26:12	0:06:37	4:49:52	United Kingdom	
f9288d68-3e65-ef11-bfe3-6045bd0953ac	1168	Ben Vivian	M	M45-49	111	14:31:06	1:11:54	0:15:34	7:23:35	0:09:30	5:30:32	United Kingdom	
925efa90-6fa8-f011-bbd3-000d3a5cf7d8	1169	Enrico Ricciardi	M	M30-34	198	14:31:23	1:28:13	0:13:42	7:06:58	0:08:28	5:34:02	Italy	
04addab9-2367-4b43-824c-e5a1f27d028f	1170	Martin Roberts	M	M50-54	70	14:31:31	1:52:01	0:15:22	7:15:18	0:10:06	4:58:44	United Kingdom	
7c4bd868-0f6b-46f0-953b-49d5d68b43bd	1171	Matt Evans	M	M40-44	162	14:31:37	1:35:07	0:16:19	7:06:36	0:08:16	5:25:19	United Kingdom	
acb344bb-9ad6-f011-8543-000d3a5b5fc7	1172	John Brooks	M	M35-39	196	14:31:44	1:36:55	0:14:23	7:48:10	0:07:08	4:45:08	United Kingdom	
4d1b3864-ce8a-4009-a13b-0bb12b99ed37	1173	Anthony Watts	M	M40-44	163	14:31:46	1:26:23	0:13:25	7:39:55	0:06:52	5:05:12	United Kingdom	
cc3a0f5e-ce5f-f011-bec3-6045bd09951e	1174	Istvan Makany	M	M35-39	197	14:32:05	1:48:29	0:16:07	7:24:44	0:10:05	4:52:40	Hungary	
d4604890-260b-47fa-a8ce-e8b8bb91572d	1175	Josh Lewis	M	M35-39	198	14:32:19	1:34:08	0:16:11	7:35:09	0:10:22	4:56:29	United Kingdom	
d2fd6bfc-d496-f011-b4cc-000d3a5b50ba	1176	Chris Williams	M	M30-34	199	14:32:29	1:19:08	0:12:29	7:34:49	0:08:13	5:17:49	United Kingdom	
fbd89295-98c5-4ab0-8d17-bf79d93ed2a9	1177	Ella Yardley	F	F25-29	26	14:32:31	1:28:02	0:12:17	7:34:06	0:07:10	5:10:56	United Kingdom	
33662d44-0a92-ef11-ac20-000d3a5a403c	1178	Olivia Miles	F	F30-34	19	14:32:32	1:25:38	0:14:45	7:23:49	0:10:46	5:17:34	United Kingdom	
17357167-6e9b-ef11-8a6a-000d3a5a1803	1179	Harrison Dodds	M	M25-29	178	14:32:50	2:05:50	0:12:59	7:33:42	0:06:42	4:33:37	United Kingdom	
36d44fed-087c-f011-b4cc-6045bd05fcc1	1180	Jack Morgan	M	M35-39	199	14:33:07	1:55:32	0:13:29	7:30:43	0:06:57	4:46:26	United Kingdom	
6d4cb5b2-949b-f011-b41c-000d3a5cf7d8	1181	Dan Tenerife	M	M18-24	81	14:33:30	1:27:12	0:17:31	7:46:37	0:09:09	4:53:01	United Kingdom	
800d1dba-645b-4790-a85b-cada02fe68cf	1182	Andrew Phillips	M	M40-44	164	14:33:39	1:31:32	0:16:19	7:13:16	0:07:41	5:24:51	United Kingdom	
29bc6d9e-a2e4-ef11-8eea-000d3a5ae96c	1183	Amelia Anderson		F18-24	12	14:33:43	1:24:18	0:15:34	8:08:52	0:08:50	4:36:09	United Kingdom	
0ca2547e-94f1-4897-a647-1061ee02300e	1184	Victoria Moody-Smith	F	F50-54	6	14:33:45	1:31:53	0:13:31	7:32:27	0:09:54	5:06:00	United Kingdom	
bacec1b4-168f-ef11-ac21-000d3a5a1803	1185	Oliver Bladen	M	M18-24	82	14:33:49	1:27:56	0:13:51	7:25:03	0:07:39	5:19:20	United Kingdom	
d43ab9e4-4eb5-4d35-9836-970727406992	1186	Matthew Fry	M	M45-49	112	14:33:52	1:19:00	0:20:08	7:14:45	0:13:50	5:26:08	Ireland	
7c3d0c5a-027c-ef11-a670-000d3a5b3d07	1187	Bethan Birdsey	F	F35-39	16	14:33:53	1:43:23	0:17:44	6:52:24	0:11:54	5:28:27	United Kingdom	
305593bb-089a-f011-b4cc-6045bd05f634	1188	Jay Holmes	M	M30-34	200	14:33:54	1:40:01	0:12:08	7:17:52	0:05:59	5:17:54	United Kingdom	
23b5df2f-5680-4d65-9e2e-cf4f3b7612be	1189	Freya Rice	F	F40-44	12	14:33:58	1:23:12	0:13:45	7:50:03	0:07:49	4:59:10	United Kingdom	
3fa13a39-f909-ee11-8f6e-000d3a314cac	1190	Tomasz Semań	M	M35-39	200	14:33:59	1:35:24	0:15:57	7:04:38	0:07:40	5:30:19	Poland	
4fccefb0-ca9b-f011-b41c-000d3a3173b5	1191	DORIAN THOMAS	M	M40-44	165	14:34:32	1:37:24	0:15:54	6:57:14	0:09:21	5:34:39	United Kingdom	
3a785d2e-089a-f011-b4cc-6045bd09951e	1192	Gareth Fox	M	M40-44	166	14:34:39	1:29:30	0:18:04	7:23:36	0:16:17	5:07:13	United Kingdom	
9409eb93-85dd-ef11-8eea-002248049fdc	1193	Richard Gadd	M	M35-39	201	14:34:44	1:24:40	0:14:18	7:19:40	0:13:40	5:22:25	United Kingdom	
b57c1d91-c0d2-f011-8544-000d3a5cf7d8	1194	Christopher Pingree	M	M30-34	201	14:34:46	1:18:48	0:18:45	7:55:40	0:12:05	4:49:28	Ireland	
a5adf662-7650-4dd9-9815-25da92a13880	1195	David Francis	M	M35-39	202	14:34:50	1:24:44	0:13:25	7:24:07	0:10:28	5:22:06	United Kingdom	
b9f4bb39-b388-4830-931d-73c73579dbd9	1196	Sascha Kranen	M	M45-49	113	14:34:58	1:22:17	0:22:48	7:29:53	0:04:32	5:15:28	Germany	
19316dfa-7206-40be-856d-b517f3daa945	1197	Edward Grove	M	M30-34	202	14:35:10	1:35:40	0:17:57	7:49:11	0:10:42	4:41:41	United Kingdom	
b59af3dc-874d-ef11-a317-6045bd0953ac	1198	Lewys Herman	M	M30-34	203	14:35:11	1:34:43	0:14:05	7:28:40	0:08:01	5:09:42	United Kingdom	
3820dfff-1725-4ba5-a79a-4ea5babe75a6	1199	Pat Dore	M	M25-29	179	14:35:16	1:24:27	0:14:06	7:49:08	0:08:43	4:58:53	United Kingdom	
33f1fb26-9ad6-f011-8544-6045bd05f634	1200	Edward Fairhurst	M	M40-44	167	14:35:16	1:30:55	0:16:48	7:33:18	0:11:04	5:03:11	United Kingdom	
8f420bca-d893-ef11-8a6a-000d3a338a3c	1201	Hannah Miles	F	F25-29	27	14:35:18	1:42:42	0:16:11	7:21:57	0:09:44	5:04:45	United Kingdom	
7884c45b-cd9f-f011-b41c-6045bd05f634	1202	Victoria Stevens	F	F25-29	28	14:35:25	1:27:18	0:15:40	8:06:48	0:05:03	4:40:36	United Kingdom	
d59b9d9a-fa96-f011-b4cc-000d3a35ffc1	1203	Leigh Harteveld	M	M35-39	203	14:35:27	1:37:15	0:17:00	7:51:48	0:09:34	4:39:49	United Kingdom	
c0259569-3210-4dde-83c8-80b611eb1cdb	1204	Jason Bradley	M	M55-59	29	14:35:34	1:39:12	0:16:33	7:29:38	0:10:48	4:59:23	United Kingdom	
df0200c9-9de8-46f1-85fb-deff16440384	1205	Rhydian Reston	M	M45-49	114	14:35:42	1:33:30	0:15:42	8:01:35	0:08:44	4:36:10	United Kingdom	
4b42e4ef-d603-4963-a10c-d3e07d05bcb8	1206	Gareth Hession	M	M40-44	168	14:35:51	1:32:40	0:16:48	7:23:43	0:09:14	5:13:26	United Kingdom	
f0e6b1bd-409a-f011-b4cc-000d3a5b50ba	1207	Sally Norris	F	F45-49	7	14:36:02	1:31:24	0:16:04	7:47:31	0:06:03	4:55:00	United Kingdom	
2cfab98f-e596-f011-b4cc-000d3a3173b5	1208	Liz Bates	F	F35-39	17	14:36:12	1:22:14	0:15:51	8:12:15	0:10:03	4:35:49	United Kingdom	
0fc9367c-d98d-f011-b4cc-6045bd05f634	1209	Rhys Evans	M	M25-29	180	14:36:26	1:12:26	0:17:58	8:00:14	0:10:41	4:55:06	United Kingdom	
1bc76880-7b7a-ef11-a670-6045bd05c809	1210	Rhodri Abraham	M	M50-54	71	14:36:30	1:31:03	0:14:47	7:19:22	0:06:41	5:24:37	United Kingdom	
96d68ed1-8a35-45ec-94fe-97b8df0ccc51	1211	Ivan Horsfall-Turner	M	M55-59	30	14:36:36	1:30:38	0:14:26	7:14:17	0:07:58	5:29:16	United Kingdom	
53cfc1ea-ad2b-473b-ac23-7f948817402e	1212	Steve Wiggill	M	M30-34	204	14:36:39	1:32:49	0:15:38	7:30:42	0:06:41	5:10:49	United Kingdom	
789d1040-d946-f011-877a-000d3a5cf7d8	1213	India Hampshire	F	F18-24	13	14:36:51	1:24:15	0:14:10	7:51:59	0:08:43	4:57:45	United Kingdom	
3e213304-f37f-f011-b4cc-000d3a35ffc1	1214	Nan O’Sullivan	F	F30-34	20	14:36:56	1:35:48	0:13:15	7:52:41	0:09:28	4:45:45	United Kingdom	
eb789698-bbeb-4d73-9748-7eb2ccbc4124	1215	Rhodri Davies	M	M25-29	181	14:37:17	1:29:40	0:14:12	7:32:08	0:06:48	5:14:29	United Kingdom	
b37fb5fc-9bc8-4de8-8833-6c88767ebcb9	1216	Rich Williams	M	M40-44	169	14:37:31	1:27:22	0:16:54	7:35:45	0:10:05	5:07:25	United Kingdom	
3cdc7dd4-149a-f011-b4cc-000d3a35ffc1	1217	Harry Elms	M	M30-34	205	14:37:31	2:00:00	0:12:44	7:00:42	0:11:02	5:13:03	United Kingdom	
e23e028c-4c1c-4ce9-8c96-efe99ef29296	1218	Joshua Whiting	M	M25-29	182	14:37:50	1:22:56	0:12:51	8:19:38	0:04:31	4:37:54	United Kingdom	
23ace3f2-079a-f011-b4cb-7ced8d70c1af	1219	Russell Laugharne	M	M40-44	170	14:37:50	1:37:00	0:16:29	7:31:45	0:12:07	5:00:30	United Kingdom	
ff54458f-0696-f011-b4cc-000d3a5b7c3b	1220	Sophie Graham	F	F18-24	14	14:37:59	1:14:53	0:15:44	7:35:32	0:07:44	5:24:07	United Kingdom	
61a08c54-feb3-4a7d-815f-95ce1dbd1673	1221	Dean Obrien	M	M45-49	115	14:38:06	1:22:54	0:13:34	7:34:44	0:06:28	5:20:26	United Kingdom	
43e87eea-d5db-4faa-bef1-5be1c2d84c28	1222	Andy Lait	M	M40-44	171	14:38:17	1:53:34	0:23:21	7:27:39	0:09:53	4:43:50	United Kingdom	
87e7d7b2-0dc9-4e04-851c-37c5ea65727b	1223	Paul Clynes	M	M45-49	116	14:38:18	1:38:40	0:16:16	6:49:11	0:12:38	5:41:34	United Kingdom	
ed1d8b86-50e5-ef11-8ee9-000d3a592251	1224	Fengyuan Yang	M	M25-29	183	14:38:25	2:08:49	0:12:22	7:22:06	0:05:13	4:49:54	China	
10900d2b-dfd6-4fe3-956e-63389dd5d21e	1225	Kitty De Smet	F	F25-29	29	14:38:35	1:22:42	0:11:05	7:47:46	0:09:13	5:07:50	United Kingdom	
8ca085eb-d572-f011-bec2-0022480c097c	1226	Ollie Pugh	M	M18-24	83	14:38:38	1:25:19	0:16:03	7:27:10	0:09:15	5:20:51	United Kingdom	
5c32182f-879f-4b3d-a437-f6188afe5eba	1227	Gavin O’mahony	M	M40-44	172	14:38:48	1:21:50	0:14:03	7:08:59	0:07:43	5:46:13	United Kingdom	
751461f9-704c-f011-877a-000d3a5cf7d8	1228	Gabriel-Ilie Paicu	M	M25-29	184	14:38:57	1:39:28	0:19:31	7:40:49	0:10:17	4:48:53	Romania	
e6d91485-8283-4d25-b9a9-e26d4d858663	1229	Kian Eley	M	M25-29	185	14:39:05	1:38:09	0:13:08	7:22:02	0:05:46	5:19:59	United Kingdom	
19984975-c498-f011-b4cc-000d3a35ffc1	1230	Aston Radford	M	M30-34	206	14:39:10	1:25:29	0:17:55	7:42:41	0:10:09	5:02:57	United Kingdom	
702cea3a-c9ad-4ca9-896c-a2e3dc81f5ac	1231	Adam Carbis	M	M40-44	173	14:39:20	1:28:27	0:14:29	7:28:27	0:11:41	5:16:16	United Kingdom	
1b63b6b8-3fa3-4bb0-84e7-fc1fb1e840c5	1232	Aoife Sheil	F	F30-34	21	14:39:24	1:35:43	0:17:18	7:33:45	0:10:28	5:02:11	Ireland	
3210a46c-bc56-43de-bec5-cb61282debee	1233	Matthew Purcell-Herbert	M	M35-39	204	14:39:39	1:20:39	0:14:23	7:02:52	0:08:54	5:52:50	United Kingdom	
f6b3a2ec-bc84-ef11-ac21-6045bd048089	1234	Sharon Neville	F	F50-54	7	14:39:52	1:26:14	0:19:26	7:33:21	0:18:11	5:02:40	United Kingdom	
bdeaa426-cbda-45de-8cda-9653ff6ae1e0	1235	Callum Buttle	M	M25-29	186	14:40:12	2:05:02	0:13:57	7:31:38	0:08:01	4:41:33	United Kingdom	
6be63d4f-ee9b-4cad-8ef6-64d8f44ed606	1236	Alex Owen	M	M30-34	207	14:40:18	1:32:30	0:12:20	8:09:41	0:05:03	4:40:45	United Kingdom	
437475cf-d03e-ef11-8409-000d3a348633	1237	Jane Macnaughton	F	F40-44	13	14:40:19	1:32:15	0:14:51	7:43:26	0:09:42	5:00:06	United Kingdom	
06be5cc9-d6b5-4744-8a97-b0e8fa090fb1	1238	Daniel Parsons	M	M55-59	31	14:40:24	1:28:12	0:16:05	7:32:20	0:09:40	5:14:06	United Kingdom	
533b68ce-9465-f011-bec2-002248098cfa	1239	Madison Allen	F	F18-24	15	14:40:30	1:30:37	0:14:27	7:35:42	0:09:39	5:10:05	United Kingdom	
16d418af-079a-f011-b4cc-000d3a5b50ba	1240	Ryan Holmes	M	M25-29	187	14:40:31	1:22:54	0:13:43	7:22:05	0:07:47	5:34:01	United Kingdom	
da613121-4b99-f011-b4cc-000d3a35ffc1	1241	Andrew Moir	M	M40-44	174	14:40:31	1:31:27	0:16:51	7:50:08	0:08:13	4:53:52	United Kingdom	
bc5d4155-1863-47a5-b169-f784cd867734	1242	Anthony Bayley	M	M35-39	205	14:40:43	1:35:01	0:18:12	7:12:51	0:10:11	5:24:27	United Kingdom	
b2a3adbd-589d-f011-b41c-000d3a35ffc1	1243	Tim Spoormakers	M	M25-29	188	14:40:49	1:37:02	0:17:42	7:12:03	0:11:02	5:23:01	Netherlands	
1e8f724e-609c-f011-b41c-000d3a5b50ba	1244	Matthew Fleming	M	M35-39	206	14:40:51	1:22:30	0:19:05	7:26:19	0:12:54	5:20:03	United Kingdom	
148a169e-cf5f-f011-bec3-000d3a5cf7d8	1245	Gethin Kelly	M	M25-29	189	14:40:55	1:16:22	0:12:03	8:05:38	0:08:31	4:58:20	United Kingdom	
d358d571-d55f-f011-bec3-000d3a35ffc1	1246	Jake Burge	M	M25-29	190	14:40:58	1:36:38	0:18:40	7:28:25	0:11:28	5:05:46	United Kingdom	
28d95b61-377d-ef11-a670-000d3a5a1803	1247	Morgan Dowdeswell	M	M25-29	191	14:41:09	1:42:26	0:15:49	8:02:49	0:06:14	4:33:51	United Kingdom	
3b0081d1-2c47-ee11-be6d-000d3a314c24	1248	Thomas Lumb	M	M35-39	207	14:41:17	1:37:59	0:15:18	7:00:25	0:11:35	5:36:00	United Kingdom	
afb0f2dd-9334-44b3-8570-8bf8dcb7a432	1249	Lisa Wade	F	F35-39	18	14:41:27	1:42:21	0:14:47	7:44:26	0:10:44	4:49:08	United Kingdom	
891a4a45-437c-ef11-a670-000d3a59a9a1	1250	Iona McCaul	F	F25-29	30	14:41:28	1:24:50	0:14:47	7:46:24	0:08:40	5:06:47	United Kingdom	
7ce3d2ca-b018-410b-95e1-889194d13081	1251	Diane Hier	F	F60-64	1	14:41:29	1:21:55	0:14:50	7:53:02	0:09:20	5:02:22	United Kingdom	
480bd85e-904c-4e12-80fe-85c23b2c9599	1252	Andrew Carmichael	M	M45-49	117	14:41:37	1:33:40	0:20:37	7:13:01	0:09:59	5:24:19	United Kingdom	
139deb4a-48b2-4258-aaf6-07b0d9af2e65	1253	Chris Jones	M	M45-49	118	14:41:51	1:44:07	0:17:37	7:14:55	0:09:22	5:15:51	United Kingdom	
2f0d42f4-82a2-4dd7-9712-de366583b5bd	1254	Matt Davies	M	M30-34	208	14:41:52	1:14:04	0:13:03	7:46:40	0:06:34	5:21:31	United Kingdom	
96b2865d-0c9a-f011-b4cc-6045bd05fcc1	1255	Jimmy Altoft	M	M35-39	208	14:42:34	1:25:42	0:14:59	7:52:48	0:06:24	5:02:42	United Kingdom	
ccde091d-9af0-4593-bd43-bbfda6d2d967	1256	Dan Duggan	M	M40-44	175	14:42:40	1:22:55	0:13:28	7:26:09	0:09:53	5:30:15	United Kingdom	
290789a2-5b7e-f011-b4cc-000d3a5b50ba	1257	Lloyd Turner	M	M25-29	192	14:43:14	1:34:59	0:17:04	7:09:47	0:09:09	5:32:15	United Kingdom	
39fb58f8-a897-f011-b4cc-002248098cfa	1258	Orla Williams	F	F18-24	16	14:43:21	1:15:09	0:16:20	8:06:27	0:18:21	4:47:04	United Kingdom	
2ef4b353-7018-4d58-b615-57a4ff679216	1259	Simon Attwood	M	M65-69	2	14:43:26	1:20:55	0:16:26	7:21:29	0:10:27	5:34:08	United Kingdom	
99cf1108-b3aa-43a8-b8fd-9ec72298b416	1260	Chris Milburn	M	M35-39	209	14:43:44	1:29:12	0:17:03	7:25:32	0:12:26	5:19:30	United Kingdom	
fd91141c-c578-44c2-97af-49d0382db5fa	1261	Tracey Haseldine	F	F55-59	2	14:43:49	1:32:14	0:19:04	7:22:03	0:09:50	5:20:37	United Kingdom	
7de58f41-9098-f011-b4cc-6045bd05fcc1	1262	Chris Morris	M	M45-49	119	14:43:51	2:00:38	0:18:39	7:14:58	0:10:10	4:59:27	United Kingdom	
244e556f-0bb5-f011-bbd3-0022480a7385	1263	Finlay McColm	M	M25-29	193	14:44:01	1:49:21	0:16:48	7:13:15	0:11:31	5:13:06	United Kingdom	
548bcbc1-ad0d-4877-878c-a230e3870af1	1264	Gary Grist	M	M55-59	32	14:44:05	1:44:21	0:17:28	7:51:03	0:12:59	4:38:13	United Kingdom	
eaad7e68-56b1-42da-9db7-36b26454a6bc	1265	Anthony Maguire	M	M50-54	72	14:44:06	1:46:21	0:11:08	7:26:17	0:06:56	5:13:24	Ireland	
46cca951-5665-4418-a3db-a99a927e5c04	1266	Neil Jones	M	M50-54	73	14:44:12	1:25:28	0:13:51	7:00:25	0:06:53	5:57:35	United Kingdom	
6f1e8919-fb40-4abc-8f15-e150744354ba	1267	Mark Southall	M	M55-59	33	14:44:14	1:10:23	0:15:50	7:29:28	0:09:33	5:38:59	United Kingdom	
d0b1d1bc-d20f-ef11-9f8a-000d3a314c24	1268	Michael Bullen	M	M30-34	209	14:44:23	1:33:11	0:14:19	7:53:09	0:07:13	4:56:31	United Kingdom	
64ea74f0-0d97-f011-b4cc-000d3a5cf7d8	1269	Daniel Prickler	M	M30-34	210	14:44:33	1:27:22	0:16:24	7:21:53	0:12:31	5:26:23	United Kingdom	
b001ecb9-f679-47bf-8d84-08289d9f97dc	1270	Ben Gibson	M	M30-34	211	14:44:57	1:38:42	0:19:21	7:52:58	0:09:02	4:44:54	United Kingdom	
a10efcf9-5f6e-43c1-91f5-bfd33265ecc3	1271	Mike Wallbank	M	M35-39	210	14:45:05	1:30:26	0:18:21	7:56:44	0:11:52	4:47:42	United Kingdom	
a9f9975d-29a1-f011-bbd3-000d3a3173b5	1272	Peter Jarvis	M	M25-29	194	14:45:07	1:29:09	0:15:52	7:24:18	0:09:27	5:26:21	United Kingdom	
e2c0eaeb-77ae-f011-bbd3-000d3a3173b5	1273	Lorne Sinclair	M	M25-29	195	14:45:15	1:53:13	0:18:06	6:58:34	0:08:08	5:27:14	United Kingdom	
39e54b9c-28bb-4f95-b99d-a8cdb68493c8	1274	Anthony Gilbert	M	M40-44	176	14:45:29	1:25:20	0:13:08	7:48:38	0:06:01	5:12:23	United Kingdom	
17c0aadd-1494-445b-bcab-bacb6c2d03a0	1275	Gavin Hazlewood	M	M45-49	120	14:45:42	1:25:10	0:18:05	7:27:57	0:11:32	5:23:00	United Kingdom	
860c3778-0047-f011-8779-000d3a5c7ea4	1276	Matthew Bowen	M	M35-39	211	14:45:51	1:38:49	0:15:38	7:30:57	0:06:43	5:13:44	United Kingdom	
56568a54-2c96-f011-b4cc-000d3a3173b5	1277	Gruffudd Thomas	M	M18-24	84	14:45:56	1:31:39	0:17:07	8:00:36	0:06:48	4:49:46	United Kingdom	
70133bad-8a98-f011-b4cc-6045bd09951e	1278	Rhys Griffiths	M	M30-34	212	14:45:58	1:35:15	0:17:09	7:30:08	0:10:42	5:12:44	United Kingdom	
d3ce9355-dc62-ef11-bfe3-6045bd0953ac	1279	Rhys Thomas	M	M40-44	177	14:45:58	1:18:35	0:11:42	7:54:43	0:08:42	5:12:16	United Kingdom	
7438439c-c87b-ed11-81ad-000d3a314ae2	1280	Gareth Thomas	M	M35-39	212	14:46:06	2:09:41	0:18:49	7:25:20	0:09:44	4:42:32	United Kingdom	
efe6d6e7-6f65-ef11-bfe3-000d3a371e3b	1281	Thomas Yorke	M	M30-34	213	14:46:07	1:31:38	0:13:50	7:15:26	0:08:33	5:36:40	United Kingdom	
58f13f22-4baf-f011-bbd3-6045bd05f634	1282	Daniel Hutchison	M	M18-24	85	14:46:27	1:29:10	0:19:34	7:42:44	0:12:07	5:02:53	United Kingdom	
bc54cb4b-25ef-477c-98d7-5cdb0911002b	1283	Stephen Jones	M	M45-49	121	14:46:32	1:45:07	0:14:50	7:32:50	0:08:41	5:05:05	United Kingdom	
2f0a5247-b596-ea11-a811-000d3a5a1bfb	1284	Lilwen Banning	F	F18-24	17	14:46:36	1:13:28	0:19:12	7:38:19	0:11:07	5:24:31	United Kingdom	
f373b8d7-e36c-449c-a678-41d18b281e6e	1285	James Dilks	M	M50-54	74	14:46:38	1:19:28	0:14:14	7:36:24	0:10:10	5:26:23	United Kingdom	
d6cf97f7-a4dd-ef11-8eea-6045bd048089	1286	Gwion Brown	M	M18-24	86	14:46:44	1:22:41	0:12:47	7:56:38	0:05:51	5:08:47	United Kingdom	
f77f5bef-a918-f011-998a-000d3a5b50ba	1287	Vygantas Reklys	M	M35-39	213	14:46:45	2:01:55	0:15:38	7:16:25	0:07:22	5:05:25	Lithuania	
9ed7b221-945d-ef11-bfe3-000d3a371e3b	1288	Adam Gibbs	M	M30-34	214	14:47:12	1:11:07	0:12:01	7:22:31	0:07:02	5:54:33	United Kingdom	
ab419a2d-079a-f011-b4cc-6045bd05f634	1289	Ben Shariff	M	M30-34	215	14:47:16	1:20:19	0:13:54	7:38:26	0:09:09	5:25:28	United Kingdom	
26baba4e-1475-ef11-a670-000d3a5b2670	1290	Ray Selwood	M	M45-49	122	14:47:19	1:25:15	0:15:50	8:08:01	0:11:00	4:47:13	United Kingdom	
5766a8c2-c896-f011-b4cc-000d3a5b7c3b	1291	Patrick Terrett	M	M35-39	214	14:47:54	1:54:51	0:14:43	7:26:14	0:08:17	5:03:49	United Kingdom	
017a5284-0c7c-ef11-a670-6045bd05c809	1292	Lilly Walker-Arnold	F	F18-24	18	14:47:56	1:29:33	0:17:16	7:38:33	0:07:44	5:14:50	United Kingdom	
dc713fdf-a02b-4b64-866d-bdefd421fd95	1293	Scott Corkin	M	M45-49	123	14:48:02	1:53:00	0:17:22	7:22:09	0:09:11	5:06:20	United Kingdom	
8d5b3316-e478-ef11-a670-000d3a5b3d07	1294	Marc Harris	M	M30-34	216	14:48:04	1:51:58	0:17:53	7:31:25	0:18:16	4:48:32	United Kingdom	
75e719df-eefa-4119-aefb-c00fc988fc72	1295	Amy Saunders	F	F45-49	8	14:48:07	1:49:33	0:14:59	7:18:38	0:08:25	5:16:32	United Kingdom	
aafb2f82-a598-f011-b4cc-000d3a5cf7d8	1296	Jarrad Walters	M	M30-34	217	14:48:14	1:40:41	0:17:07	7:04:58	0:13:13	5:32:15	United Kingdom	
ac638426-3b65-ef11-bfe3-000d3a3b4ec1	1297	Aaron Williams	M	M30-34	218	14:48:25	1:34:18	0:18:37	7:50:47	0:09:04	4:55:40	United Kingdom	
7cd46966-ed78-f011-b4cb-000d3a5cf7d8	1298	Sally Smart	F	F25-29	31	14:48:28	1:39:39	0:14:22	7:30:57	0:07:18	5:16:12	United Kingdom	
a6e3bfc8-cb42-474e-8322-2b343c67985e	1299	Robert Boyns	M	M55-59	34	14:48:47	1:33:38	0:15:05	7:25:45	0:12:19	5:22:00	United Kingdom	
2fdc8ad6-5570-f011-bec3-6045bd05fcc1	1300	Ifan Hughes	M	M40-44	178	14:48:49	1:57:12	0:14:11	7:37:47	0:09:21	4:50:17	United Kingdom	
beb69bfc-ab6b-ea11-a811-000d3a5a1cf8	1301	Jonathan Northeast	M	M35-39	215	14:48:49	1:42:29	0:19:49	8:16:59	0:09:07	4:20:25	United Kingdom	
a1e25971-be02-419c-93b0-00cfc1935eb6	1302	Martin Davies	M	M40-44	179	14:48:56	1:44:18	0:18:02	7:44:44	0:11:25	4:50:28	United Kingdom	
6cf1b38b-4b86-4339-af67-a80832e6ea33	1303	Sian Elen Thomas	F	F30-34	22	14:49:00	1:47:41	0:12:45	7:52:06	0:03:54	4:52:33	United Kingdom	
d4633737-0828-461b-912d-359c0e959f41	1304	Damian Fitzpatrick	M	M50-54	75	14:49:08	1:43:25	0:15:46	7:13:34	0:10:25	5:25:58	United Kingdom	
0ad9e91b-099a-f011-b4cc-6045bd05f634	1305	Neil Graham	M	M55-59	35	14:49:26	1:37:44	0:15:32	7:30:36	0:09:27	5:16:07	United Kingdom	
6826b73c-bd90-4226-9dac-15a828954f9b	1306	Meirion Nelson	M	M50-54	76	14:49:31	1:36:00	0:14:06	6:52:33	0:08:17	5:58:34	United Kingdom	
22fe32e6-01ac-ef11-b8e9-000d3a5a1803	1307	beth lewis	F	F30-34	23	14:49:37	1:47:08	0:13:32	7:46:11	0:08:26	4:54:20	United Kingdom	
8934c465-1f7b-4e63-8576-0b70fb65dffc	1308	Mark Ahearne	M	M45-49	124	14:49:43	1:37:17	0:15:06	7:28:56	0:07:37	5:20:47	United Kingdom	
e59b4b4b-d796-f011-b4cc-6045bd05f634	1309	Chris Follis	M	M25-29	196	14:49:44	1:25:27	0:12:34	7:41:46	0:07:23	5:22:34	United Kingdom	
1c110d0f-4279-f011-b4cb-000d3a5b7c3b	1310	Jason Baxter	M	M30-34	219	14:49:46	1:36:30	0:15:16	7:43:13	0:10:31	5:04:17	United Kingdom	
ff44c5ad-327c-ef11-a670-000d3a5b3d07	1311	Andrew Davies	M	M35-39	216	14:49:58	1:51:17	0:14:22	7:24:44	0:14:30	5:05:06	United Kingdom	
546c736d-079a-f011-b4cc-000d3a5cf7d8	1312	Rob Jones	M	M45-49	125	14:50:04	1:31:20	0:14:12	7:43:21	0:07:09	5:14:02	United Kingdom	
143a1e66-4435-42f2-be6c-1b2f1b21a4ec	1313	Rob Brooks	M	M50-54	77	14:50:10	1:32:46	0:15:27	7:07:45	0:10:57	5:43:14	United Kingdom	
50737324-1a7c-ef11-a670-000d3a338a3c	1314	James Farrier	M	M40-44	180	14:50:15	1:45:24	0:18:14	8:04:28	0:09:32	4:32:37	United Kingdom	
deb85ac4-2843-45cd-bcb6-016c351d1c4e	1315	Jamie Platts	M	M35-39	217	14:50:20	1:38:12	0:18:15	7:51:40	0:13:28	4:48:44	United Kingdom	
a49a18a3-dba5-f011-bbd3-000d3a5b7c3b	1316	Greg Hope	M	M30-34	220	14:50:20	1:42:12	0:11:04	7:24:14	0:08:44	5:24:06	United Kingdom	
75f13828-d5d7-4883-bc0a-52236fe7a67f	1317	Sam Holmes	M	M30-34	221	14:50:33	1:39:58	0:18:47	7:53:09	0:10:39	4:48:01	United Kingdom	
5d0a815f-799d-f011-b41c-6045bd05f634	1318	Ryan Jordan	M	M40-44	181	14:50:42	2:06:49	0:15:56	7:20:27	0:10:46	4:56:44	United Kingdom	
a3bb3533-cd7b-4009-b169-e4fa9dcf994b	1319	Dafydd Morgan	M	M35-39	218	14:50:48	2:05:07	0:14:25	7:44:48	0:07:01	4:39:27	United Kingdom	
d8beb796-444d-49a1-a16b-746cf1c0c4a0	1320	John Willis	M	M40-44	182	14:50:50	1:46:48	0:19:23	7:52:55	0:07:27	4:44:17	United Kingdom	
9ff3db4c-fee1-4c16-89fd-2bc5620f5000	1321	Bradleigh Hughes	M	M30-34	222	14:50:50	1:33:33	0:17:35	7:50:03	0:10:27	4:59:11	United Kingdom	
073d9630-365d-4fcf-9907-47393403e2e7	1322	Benjamin Hill	M	M35-39	219	14:50:59	1:48:39	0:14:00	7:46:43	0:10:57	4:50:39	United Kingdom	
8637d049-0796-f011-b4cc-000d3a5b7c3b	1323	Declan Dalley	M	M30-34	223	14:51:02	1:18:25	0:10:51	7:37:49	0:05:36	5:38:21	United Kingdom	
4d2bd5da-bdfe-4bb5-8339-6fa35ff639a7	1324	Chris Harvey	M	M45-49	126	14:51:17	1:41:41	0:16:58	7:39:34	0:07:35	5:05:29	United Kingdom	
c49104a9-2613-4bfb-92e2-84d4e0199022	1325	Lee Glenn	M	M40-44	183	14:51:18	1:33:50	0:16:15	7:27:02	0:08:58	5:25:14	United Kingdom	
33b56f91-eae7-4a28-99a5-5e5545b10eb3	1326	Ryan Hughes	M	M25-29	197	14:51:29	1:25:57	0:17:58	7:29:10	0:14:28	5:23:55	United Kingdom	
73b178fb-d6d0-478a-9ff7-7e7bbe110985	1327	Chris Trueman	M	M50-54	78	14:51:31	1:46:00	0:16:58	7:32:50	0:08:39	5:07:03	United Kingdom	
ee448bb0-74cd-f011-bbd3-000d3a35ffc1	1328	James Tudway	M	M35-39	220	14:51:46	1:34:49	0:18:19	8:15:16	0:08:05	4:35:17	United Kingdom	
04b06526-3bb3-421c-b23f-c31e27c48f51	1329	Jayson Senchal	M	M55-59	36	14:52:04	1:44:10	0:18:11	7:19:51	0:13:08	5:16:44	United Kingdom	
cf644a59-934e-4389-aa7d-d4ac41278373	1330	Stefan Kool	M	M45-49	127	14:52:06	1:34:19	0:17:02	7:31:31	0:07:56	5:21:17	Netherlands	
97eac691-108d-ef11-ac21-002248049fdc	1331	Jess Helme	F	F30-34	24	14:52:27	1:38:49	0:14:11	7:49:53	0:06:23	5:03:11	United Kingdom	
0ab474ba-f799-f011-b4cc-0022480a7385	1332	Jack Lewis	M	M18-24	87	14:52:46	1:33:47	0:17:21	7:29:23	0:09:16	5:22:59	United Kingdom	
5359344f-9e9c-f011-b41c-000d3a5b7c3b	1333	Adam Goodfellow	M	M30-34	224	14:52:56	1:22:55	0:13:08	7:36:51	0:06:24	5:33:39	United Kingdom	
2f42a67d-06b1-f011-bbd4-6045bd08efa2	1334	Matthew Lavis	M	M40-44	184	14:53:05	1:46:34	0:15:32	7:17:34	0:08:55	5:24:32	United Kingdom	
2ea0202a-e836-4da1-b1da-b0a3c9134bcb	1335	Nicole Patterson-Lett	F	F55-59	3	14:53:15	1:08:02	0:19:07	7:38:53	0:13:53	5:33:20	United Kingdom	
e54fe8cd-cea6-4827-bdc7-2d475d30ebcf	1336	Darren Gregg	M	M55-59	37	14:53:16	1:35:51	0:16:32	7:48:14	0:09:29	5:03:10	United Kingdom	
cc4b9ee6-64a2-4858-8d23-226f53740feb	1337	Mark Davies	M	M55-59	38	14:53:34	1:47:16	0:19:07	7:48:07	0:09:31	4:49:34	United Kingdom	
187f1cb4-d9ab-ef11-b8e8-000d3a5ae96c	1338	Richard Carman	M	M60-64	20	14:53:50	1:24:35	0:17:51	7:25:53	0:17:03	5:28:27	United Kingdom	
3bd7d733-129a-f011-b4cc-6045bd09951e	1339	Mike Tinson	M	M45-49	128	14:53:52	1:46:05	0:14:35	7:32:55	0:07:20	5:12:57	Ukraine	
a9078183-e678-ef11-a670-000d3a5a1803	1340	Adam Wesbroom	M	M40-44	185	14:53:55	1:25:03	0:16:01	7:50:26	0:08:23	5:14:01	United Kingdom	
0fc294a6-8416-ef11-9f8a-000d3a3b5bb1	1341	Jordan Phillips	M	M18-24	88	14:54:00	1:47:33	0:19:32	7:08:41	0:06:02	5:32:12	United Kingdom	
19d3f0e1-b941-4add-98ab-ad732cbf44ea	1342	Chris Astley	M	M40-44	186	14:54:05	1:26:38	0:24:37	7:18:23	0:14:24	5:30:03	United Kingdom	
f6f09661-fe7b-ef11-a670-6045bd05c809	1343	Alasdair Townsend	M	M30-34	225	14:54:13	1:48:17	0:17:38	7:36:00	0:14:18	4:58:00	United Kingdom	
7bde816a-bcdf-ef11-8eea-000d3a5ae96c	1344	Dewi Voyle	M	M30-34	226	14:54:15	1:40:06	0:16:14	7:48:02	0:06:39	5:03:14	United Kingdom	
4fb997a1-ab98-f011-b4cc-0022480a7385	1345	Sam Sharrock	M	M25-29	198	14:54:17	1:21:41	0:14:21	7:28:47	0:09:14	5:40:14	United Kingdom	
83ef5721-85e7-42f9-aa26-5ded86b40d6c	1346	Leon Phillips	M	M50-54	79	14:54:35	1:33:34	0:17:25	7:38:12	0:09:54	5:15:30	United Kingdom	
40137f54-6776-ef11-a670-6045bd068c5b	1347	Kirst Field	F	F25-29	32	14:54:37	1:42:30	0:15:27	7:57:38	0:10:55	4:48:07	United Kingdom	
d89589f8-0dfe-4db1-8c18-a5a7667ee954	1348	Neil Hunkin	M	M50-54	80	14:54:49	1:12:30	0:14:39	7:16:56	0:10:01	6:00:44	United Kingdom	
dca19479-dfa1-f011-bbd3-0022480a7385	1349	Christopher Bell	M	M30-34	227	14:54:54	2:13:56	0:13:23	7:21:23	0:09:04	4:57:09	United Kingdom	
6288319a-66eb-421f-9887-75492d3a3498	1350	Mark James	M	M40-44	187	14:54:58	1:39:49	0:15:15	7:30:20	0:06:59	5:22:34	United Kingdom	
15db4dcd-7c97-4706-8e4d-7cbea84b4e42	1351	Steve Hustwayte	M	M45-49	129	14:55:04	1:35:51	0:14:51	7:47:10	0:12:50	5:04:22	United Kingdom	
0749c9cf-5d8c-44e9-8f26-ceb0ffb4c8db	1352	Alex Hopkins	M	M40-44	188	14:55:15	1:27:46	0:19:55	7:20:32	0:06:54	5:40:07	United Kingdom	
d7e7276f-079a-f011-b4cc-000d3a5b7c3b	1353	Guy Heywood	M	M18-24	89	14:55:31	1:34:12	0:14:22	7:29:15	0:07:18	5:30:24	United Kingdom	
d872c704-d03b-4c93-9c4c-d4fb12af0112	1354	Ben Appleby	M	M40-44	189	14:55:35	1:23:41	0:20:38	8:06:32	0:11:21	4:53:22	United Kingdom	
afc2d56f-b690-f011-b4cc-000d3a5b50ba	1355	Philip Morgan	M	M50-54	81	14:55:38	1:44:29	0:16:46	7:45:20	0:10:56	4:58:07	United Kingdom	
d1bc46a4-5318-4ea9-b966-7dad8fbf4796	1356	Amy Podmore	F	F40-44	14	14:55:43	1:27:02	0:17:01	7:34:07	0:08:26	5:29:07	United Kingdom	
3ccec05c-186b-f011-bec3-6045bd09951e	1357	Ceri Humphreys	F	F25-29	33	14:56:00	1:23:10	0:13:30	7:54:00	0:06:41	5:18:39	United Kingdom	
9d853a4b-9d7d-4be7-8583-d27e0f5861aa	1358	Harry Middleton	M	M25-29	199	14:56:02	1:07:47	0:15:03	7:48:19	0:07:05	5:37:48	United Kingdom	
a2d4f0a9-d299-4570-acf0-fd7c3104a4b8	1359	Lucy Mcdermott	F	F50-54	8	14:56:02	1:38:26	0:17:57	7:34:05	0:08:33	5:17:02	Ireland	
e353724e-c61b-f011-998a-002248098cfa	1360	Sam Evans	M	M18-24	90	14:56:03	1:35:19	0:16:49	7:07:43	0:18:30	5:37:42	United Kingdom	
d64b974b-84f8-4d59-8e97-ec6a17664428	1361	Matt Jones	M	M50-54	82	14:56:07	0:35:45	0:58:31	7:41:46	0:11:25	5:28:41	United Kingdom	
52ac6f64-079a-f011-b4cc-0022480a7385	1362	Howard Wingfield	M	M25-29	200	14:56:19	1:28:41	0:16:10	7:44:06	0:09:22	5:18:01	United Kingdom	
e70a7dc6-1e7b-ef11-a670-000d3a5a1803	1363	Daniel Feili	M	M25-29	201	14:56:31	1:50:29	0:15:41	7:30:20	0:06:01	5:14:00	United Kingdom	
b4a96869-be54-4d9a-8e15-4d671ab35a87	1364	Michael Mueller	M	M45-49	130	14:56:34	1:29:35	0:18:09	8:08:42	0:06:07	4:54:01	Canada	
9ba246d5-fa75-48f8-ade8-32b196c9842a	1365	Alex Middleton	M	M30-34	228	14:56:43	1:27:41	0:15:36	7:11:50	0:09:08	5:52:29	United Kingdom	
238817d7-007c-ef11-a670-000d3a5a1803	1366	Frances Bromley	F	F30-34	25	14:56:45	1:30:07	0:17:01	7:23:19	0:12:08	5:34:10	United Kingdom	
9162b4ea-5007-f011-bae2-000d3a5cf7d8	1367	Olivia Glover	F	F25-29	34	14:56:48	1:21:43	0:13:12	7:38:18	0:07:17	5:36:19	United Kingdom	
f1ead3f3-04ca-f011-bbd3-000d3a3173b5	1368	Daniel Wall	M	M25-29	202	14:57:02	1:46:21	0:21:46	7:25:53	0:08:35	5:14:27	United Kingdom	
6bfc3715-f13b-48f1-8f7e-97d14f05236a	1369	Emily Sams	F	F35-39	19	14:57:05	1:33:23	0:15:33	7:57:34	0:07:19	5:03:17	United Kingdom	
5a2e0b8e-86a6-f011-bbd3-000d3a5cf7d8	1370	Gareth James	M	M25-29	203	14:57:08	1:41:48	0:19:19	7:41:49	0:08:39	5:05:33	United Kingdom	
25b093d8-2396-f011-b4cc-6045bd05f634	1371	Neil Harris	M	M45-49	131	14:57:09	1:54:54	0:16:47	7:49:46	0:07:00	4:48:41	United Kingdom	
7246912a-a49c-f011-b41c-000d3a3173b5	1372	Damian Powis	M	M45-49	132	14:57:21	1:42:19	0:18:22	7:35:51	0:12:03	5:08:47	United Kingdom	
f6cf193d-057c-ef11-a670-000d3a338a3c	1373	Lucy Bessant	F	F45-49	9	14:57:35	1:02:18	0:18:36	8:17:38	0:17:12	5:01:51	United Kingdom	
3fd9477b-4099-f011-b4cc-000d3a5b7c3b	1374	Rory Price	M	M25-29	204	14:57:40	1:40:11	0:17:21	7:17:19	0:09:40	5:33:08	United Kingdom	
c1debb0d-4079-4ddc-a94e-c22074576629	1375	Simon Phillips	M	M45-49	133	14:57:48	1:20:47	0:14:57	7:03:51	0:12:30	6:05:42	United Kingdom	
ca55777e-327c-ef11-a670-000d3a338a3c	1376	Chris Wilmott Smith	M	M35-39	221	14:57:53	1:31:26	0:16:28	7:16:59	0:05:08	5:47:52	United Kingdom	
4ee06334-b0b1-f011-bbd3-000d3a5cf7d8	1377	Antoine Viard	M	M25-29	205	14:58:00	1:39:33	0:15:15	7:28:26	0:06:23	5:28:23	France	
99d74fbe-7870-ef11-a672-00224809fd7c	1378	David Doyle	M	M40-44	190	14:58:04	1:28:57	0:16:24	8:20:05	0:07:43	4:44:56	United Kingdom	
a7b926f1-cdeb-ed11-8849-000d3a31406e	1379	Sean Parkes	M	M35-39	222	14:58:19	1:17:18	0:16:44	7:39:15	0:12:28	5:32:33	United Kingdom	
e132947c-089a-f011-b4cc-6045bd05fcc1	1380	Lisa Speakman	F	F40-44	15	14:58:21	1:21:20	0:16:55	8:05:08	0:11:53	5:03:05	United Kingdom	
2db2d776-091d-4fcd-a665-6fcdeb1e29c9	1381	David Parkinson	M	M40-44	191	14:58:36	1:36:47	0:14:02	7:51:37	0:07:57	5:08:12	United Kingdom	
c6f6e21b-099a-f011-b4cc-6045bd09951e	1382	Toby Williams	M	M25-29	206	14:58:39	1:35:03	0:17:03	7:46:36	0:12:32	5:07:23	United Kingdom	
0ba96be4-d57c-f011-b4cc-000d3a3173b5	1383	David Walker	M	F35-39	20	14:58:48	1:34:13	0:20:13	7:47:57	0:13:24	5:03:01	United Kingdom	
3f2473c6-ca47-f011-8779-002248098cfa	1384	Craig Williams	M	M40-44	192	14:58:49	1:43:53	0:15:44	7:29:51	0:10:23	5:18:58	United Kingdom	
3619f6bc-539c-ef11-8a6a-000d3a59a9a1	1385	Sam Dykes	M	M25-29	207	14:58:50	1:35:32	0:12:27	8:05:38	0:05:36	4:59:37	United Kingdom	
6847a435-0f7e-45eb-b547-7f09359c758d	1386	Andrei Ene	M	M35-39	223	14:58:54	1:30:44	0:18:26	8:01:32	0:14:37	4:53:35	Romania	
5c30e6f2-0c74-ef11-a670-0022480ac0a9	1387	Peter Webb	M	M35-39	224	14:59:12	1:26:15	0:14:28	8:19:20	0:06:59	4:52:11	United Kingdom	
629a18d0-66a0-ef11-8a69-000d3a5a403c	1388	Sophie Bufton	F	F30-34	26	14:59:20	1:47:58	0:14:45	7:45:33	0:06:26	5:04:37	Monaco	
906d3d70-179a-f011-b4cc-6045bd05f634	1389	David Ashraf	M	M25-29	208	14:59:25	1:24:18	0:18:30	8:09:14	0:13:08	4:54:15	United Kingdom	
a6d1751e-309d-f011-b41c-6045bd05fcc1	1390	Gareth Burke	M	M40-44	193	14:59:27	1:46:08	0:16:52	7:57:15	0:10:02	4:49:10	United Kingdom	
25a61315-a460-450d-8f03-88c54f291261	1391	Rhys Lawrence	M	M18-24	91	14:59:32	1:51:08	0:14:54	7:43:46	0:07:23	5:02:21	United Kingdom	
00b12f59-ca4e-444f-b863-258c551160e5	1392	Chloe Woolf	F	F40-44	16	14:59:38	1:32:34	0:14:43	7:57:19	0:07:18	5:07:43	United Kingdom	
a59a2972-f301-4e86-b76d-cd00bd9141ac	1393	Christopher Hill	M	M35-39	225	14:59:44	1:31:49	0:18:40	7:10:01	0:11:42	5:47:32	United Kingdom	
e2775790-0d9a-f011-b4cc-000d3a35ffc1	1394	Harry Bailey	M	M30-34	229	15:00:03	1:27:54	0:16:03	7:34:50	0:09:19	5:31:57	United Kingdom	
1282c34b-8bf5-4de6-ba2b-5b909292a126	1395	Richard Neal	M	M45-49	134	15:00:28	1:40:21	0:14:52	7:52:48	0:07:51	5:04:37	United Kingdom	
e389d3f9-529d-418b-b92f-1524c48e51c5	1396	Mike Williams	M	M55-59	39	15:00:46	1:26:14	0:13:35	7:19:36	0:08:05	5:53:16	United Kingdom	
e2e76666-079a-f011-b4cc-000d3a35ffc1	1397	Kieran Crump	M	M18-24	92	15:00:52	1:28:55	0:18:21	8:08:58	0:09:23	4:55:14	United Kingdom	
6b04afdf-f5a1-f011-bbd3-000d3a3173b5	1398	Oliver Blake Harvey-Vallender	M	M40-44	194	15:00:55	1:54:30	0:17:02	8:03:19	0:09:11	4:36:53	United Kingdom	
96a6ae48-cc67-f011-bec2-002248098cfa	1399	Reece Roberts	M	M25-29	209	15:00:55	1:31:13	0:12:48	7:29:13	0:08:45	5:38:56	United Kingdom	
4e02e9a7-e5c5-476b-8491-b89c9e1c9479	1400	Aaron Chapman	M	M30-34	230	15:00:58	1:14:57	0:16:40	7:52:57	0:07:17	5:29:07	United Kingdom	
ed13a694-6490-4731-b62c-d80e1008cd92	1401	Mark Jones	M	M65-69	3	15:01:28	1:18:26	0:20:08	7:20:55	0:12:29	5:49:30	United Kingdom	
f68e052c-e979-ef11-a670-000d3a338a3c	1402	Graham Lee	M	M45-49	135	15:01:29	1:30:59	0:13:58	7:17:33	0:07:05	5:51:55	United Kingdom	
41841329-f8a5-4aad-a85e-da13131b9347	1403	Pete Tatton	M	M40-44	195	15:01:34	1:53:40	0:15:19	7:40:24	0:07:33	5:04:38	United Kingdom	
ff097d3f-3c4f-4c4e-b391-5db32c941eb2	1404	Jon Kojdic	M	M45-49	136	15:01:34	1:14:05	0:13:49	7:34:36	0:08:48	5:50:16	United Kingdom	
b4886c9a-4fad-42da-8206-1dc7e87cee64	1405	Jamie Street	M	M40-44	196	15:01:47	1:58:23	0:12:36	7:12:37	0:05:03	5:33:08	United Kingdom	
54a5f860-97a8-4dfc-a930-34261f0778cc	1406	Andy Merrick	M	M55-59	40	15:02:02	1:32:43	0:20:23	7:35:21	0:09:12	5:24:22	United Kingdom	
727e5f96-bbf4-43fb-9a22-a91967ec3acf	1407	Richard Davies	M	M45-49	137	15:02:09	1:34:14	0:19:08	7:52:09	0:16:41	4:59:58	United Kingdom	
cddbfb64-8f7b-4a6d-be5a-2de01b462ac0	1408	Ellie Atkins	F	F25-29	35	15:02:09	1:33:15	0:13:25	7:29:50	0:09:39	5:36:00	United Kingdom	
7dba97b6-3e78-f011-b4cc-6045bd05fcc1	1409	Sonny Wall	M	M30-34	231	15:02:39	1:33:23	0:18:55	7:50:57	0:14:59	5:04:25	United Kingdom	
4257586a-625f-4af2-b22a-8b14121173ef	1410	Ashley Blakeley	M	M30-34	232	15:02:40	1:47:09	0:18:26	7:47:27	0:12:27	4:57:11	United Kingdom	
f8bca460-e1d0-f011-bbd3-6045bd05f634	1411	Warren Thomasson	M	M30-34	233	15:03:01	1:51:13	0:15:00	7:35:43	0:09:15	5:11:49	United Kingdom	
09e7317c-4478-f011-b4cc-6045bd05f634	1412	Charlie Shingler	M	M18-24	93	15:03:12	1:47:03	0:15:28	7:57:14	0:06:54	4:56:33	United Kingdom	
1033c358-68cc-4953-9d6f-1850e688509c	1413	Nicola Lecchi	M	M50-54	83	15:03:13	1:34:44	0:15:50	7:49:25	0:06:39	5:16:34	Italy	
96cd2eba-4378-f011-b4cb-6045bd0258e2	1414	Ffion Randell	F	F18-24	19	15:03:14	1:30:37	0:13:15	7:38:32	0:09:08	5:31:42	United Kingdom	
9ab9955b-8dfe-4f01-8ac2-8f3e25e91221	1415	Dan Jackson	M	M30-34	234	15:03:20	2:02:04	0:13:35	7:38:42	0:07:34	5:01:24	United Kingdom	
bca9be51-e439-4732-a4b2-46eed888506e	1416	Alexander Aston	M	M25-29	210	15:04:06	1:19:54	0:17:20	7:48:41	0:10:03	5:28:08	United Kingdom	
68788992-0b9a-f011-b4cc-000d3a3173b5	1417	Dan Amsbury	M	M45-49	138	15:04:13	1:52:54	0:17:29	6:53:10	0:12:32	5:48:07	United Kingdom	
9a9c0e79-0b9a-f011-b4cc-6045bd05fcc1	1418	Zac Langhorne	M	M25-29	211	15:04:20	1:37:21	0:20:04	7:48:30	0:12:05	5:06:19	United Kingdom	
a5e4755a-079a-f011-b4cc-000d3a35ffc1	1419	Thomas Glover	M	M35-39	226	15:04:23	2:04:50	0:18:20	7:47:59	0:10:51	4:42:23	United Kingdom	
20a753f5-3ca7-4e09-9ec7-2ed4dbfcadad	1420	Lloyd Henry	M	M50-54	84	15:04:28	1:36:16	0:18:34	7:43:45	0:06:28	5:19:24	U.S. Virgin Islands	
aecd3b64-d84a-4b43-939e-60676ddda28b	1421	Carl Coninx	M	M35-39	227	15:04:44	1:43:09	0:14:12	7:49:14	0:08:23	5:09:46	Belgium	
161dc43b-34c8-ef11-b8e9-002248049fdc	1422	Matt Ricketts	M	M50-54	85	15:04:48	1:36:39	0:20:16	7:53:55	0:12:28	5:01:30	United Kingdom	
321ee503-db63-40fc-8ebc-622e7d3d2297	1423	Kevin Geer	M	M55-59	41	15:04:56	1:39:23	0:18:10	7:50:12	0:08:36	5:08:35	United Kingdom	
db931114-7bcf-4b35-86cf-67d746d3e41a	1424	Christian Hadfield	M	M50-54	86	15:05:02	1:30:31	0:17:50	7:18:42	0:10:38	5:47:21	United Kingdom	
5c97bf09-21d8-f011-8543-6045bd05fcc1	1425	Samuel MacDonald	M	M30-34	235	15:05:07	1:40:22	0:15:15	8:23:02	0:06:58	4:39:30	United Kingdom	
98679661-2bd8-45af-bf08-5f77a3d62c0d	1426	Elise Emmerson	F	F45-49	10	15:05:08	1:31:34	0:18:33	7:47:33	0:17:37	5:09:52	United Kingdom	
efd22ed2-9252-43fb-b3ea-8eb091528e32	1427	Hayley Ellis	F	F50-54	9	15:05:33	1:27:16	0:14:12	8:07:01	0:06:57	5:10:08	United Kingdom	
d507d7fd-099a-f011-b4cc-6045bd05fcc1	1428	Benjamin Davies	M	M30-34	236	15:05:36	1:40:28	0:12:22	7:58:17	0:04:35	5:09:54	United Kingdom	
5443c2b9-27bb-4c50-a389-8393c862fdff	1429	Nicola Lilley	F	F45-49	11	15:05:47	1:35:24	0:21:39	8:02:32	0:14:44	4:51:27	United Kingdom	
7cec7bd0-3c29-41a9-9443-98056fe96133	1430	Paul Jones	M	M35-39	228	15:06:04	1:29:03	0:18:23	7:39:02	0:12:33	5:27:03	United Kingdom	
3186d78c-e89d-4afa-9745-f41ce423bdf4	1431	Christophe Dekeukeleire	M	M40-44	197	15:06:07	1:42:27	0:14:18	7:48:09	0:06:26	5:14:47	Belgium	
e353e244-ce54-46ff-bebd-fefd1d993bc1	1432	Catherine Griffin	F	F45-49	12	15:06:30	1:28:33	0:14:01	8:02:44	0:08:09	5:13:03	United Kingdom	
a1b8df8c-559a-f011-b4cc-000d3a35ffc1	1433	Jason Morris	M	M55-59	42	15:06:46	1:53:19	0:20:09	7:31:04	0:10:23	5:11:51	United Kingdom	
f8f8aa32-419a-f011-b4cc-6045bd09951e	1434	Emilia Parry	F	F25-29	36	15:06:55	1:13:58	0:21:51	7:47:42	0:13:28	5:29:57	United Kingdom	
89fd6297-e496-f011-b4cc-000d3a3173b5	1435	Leon Collins	M	M40-44	198	15:06:56	1:26:47	0:15:29	7:08:10	0:12:09	6:04:21	United Kingdom	
5605cf46-c248-4937-873d-2508930b7333	1436	Jesse Govett	M	M45-49	139	15:06:58	1:40:37	0:15:00	8:03:27	0:10:30	4:57:24	United Kingdom	
cbab1112-c65c-f011-bec1-000d3a37479e	1437	joseph hawkins		M40-44	199	15:07:16	1:49:19	0:19:38	7:40:55	0:14:27	5:02:57	United Kingdom	
e92d8f57-9cb8-45d3-b98f-4b559536fe1f	1438	Barrie Waterer	M	M45-49	140	15:07:31	1:40:23	0:21:26	7:49:10	0:12:01	5:04:32	United Kingdom	
44733142-5450-44a9-884f-f5e3d05703ac	1439	Ollie Smith	M	M45-49	141	15:07:52	1:15:11	0:23:51	7:25:31	0:06:44	5:56:35	United Kingdom	
ad54f165-58ca-4e7b-b6a0-5a9514c290cf	1440	Ceriann Lewis	F	F40-44	17	15:07:55	1:26:49	0:19:31	8:00:07	0:10:46	5:10:42	United Kingdom	
4f45d791-1acb-f011-bbd3-6045bd05f634	1441	James Morgan	M	M45-49	142	15:07:59	1:11:41	0:13:40	7:19:10	0:10:14	6:13:15	United Kingdom	
8016a5e8-079a-f011-b4cc-0022480a7385	1442	Erin Smith	F	F18-24	20	15:08:06	1:25:27	0:13:46	7:25:33	0:06:46	5:56:35	United Kingdom	
bf078315-2fa2-f011-bbd3-6045bd05fcc1	1443	Will Davies	M	M25-29	212	15:08:08	1:25:52	0:16:49	8:02:07	0:11:40	5:11:41	United Kingdom	
7711893d-456e-4565-9505-d7f11e90cddc	1444	Jason Ingram	M	M40-44	200	15:08:09	1:34:08	0:18:22	7:31:31	0:09:02	5:35:05	United Kingdom	
2d7d7fde-1c9a-f011-b4cc-0022480a7385	1445	Damien Bannon	M	M30-34	237	15:08:20	1:50:19	0:14:29	8:03:23	0:06:49	4:53:20	Ireland	
77e29d60-6573-414f-a55c-297abdf1087e	1446	Victor Schildt	M	M35-39	229	15:08:35	1:31:25	0:16:32	8:17:57	0:13:21	4:49:19	Brazil	
d6653c24-35ee-4084-a8c8-e719a5c55056	1447	Steven Benger	M	M65-69	4	15:08:41	1:21:47	0:25:04	7:58:25	0:14:25	5:09:00	United Kingdom	
c8983b82-43a3-f011-bbd3-000d3a5cf7d8	1448	adam summerill	M	M30-34	238	15:08:50	1:47:03	0:17:29	7:42:00	0:08:56	5:13:22	United Kingdom	
1e66b7d3-87ce-4788-8c4e-c526b9be4a76	1449	Martyn Reeves	M	M40-44	201	15:09:07	1:34:38	0:17:38	7:24:35	0:06:53	5:45:23	United Kingdom	
2d01b4b9-caf0-4421-bd8f-a3f1ad2c78ef	1450	Amy Seppman	F	F40-44	18	15:09:27	1:35:14	0:18:50	7:47:24	0:06:58	5:21:01	United Kingdom	
04258b2c-3a9a-f011-b4cc-002248098cfa	1451	Daniel Dunkin	M	M45-49	143	15:09:33	1:24:34	0:20:35	7:56:36	0:13:32	5:14:16	United Kingdom	
f65c7e74-39a9-f011-bbd2-000d3a5a755f	1452	Matthew Hill	M	M35-39	230	15:09:34	1:28:01	0:14:18	7:45:42	0:08:46	5:32:48	United Kingdom	
2dfaeaa1-b0b0-48e1-a884-58c74d76b88f	1453	Carl Naylor	M	M60-64	21	15:09:39	1:50:01	0:16:44	6:51:37	0:14:35	5:56:42	United Kingdom	
ff1efbb4-673b-4d8b-b1c0-d216f8724188	1454	Michael Lee	M	M40-44	202	15:09:41	1:35:51	0:15:27	7:37:56	0:06:04	5:34:22	United Kingdom	
1ec18b9f-715c-456f-8926-769835e68b0f	1455	Jenny Cook	F	F45-49	13	15:09:49	1:58:39	0:16:21	7:49:43	0:10:06	4:54:59	United Kingdom	
c38aecb8-339a-f011-b4cb-7ced8d70c1af	1456	Lydia Gibbs	F	F50-54	10	15:09:49	1:39:20	0:17:45	7:45:51	0:09:37	5:17:16	United Kingdom	
cba1ce51-a87b-f011-b4cc-000d3a5b50ba	1457	Daniel Evans	M	M25-29	213	15:09:51	1:39:57	0:16:16	7:54:07	0:07:57	5:11:34	United Kingdom	
2c51c0c2-3c58-44c2-94c5-b4bb02cca504	1458	James Treviso	M	M35-39	231	15:09:53	1:30:44	0:16:43	7:46:32	0:09:10	5:26:43	United Kingdom	
77d54dd8-60b1-42f8-88b5-66daec3ff869	1459	Scott Dedoncker	M	M30-34	239	15:09:56	1:19:26	0:17:31	8:15:48	0:09:43	5:07:28	United Kingdom	
acadb2bc-b634-4372-8b56-cd844d9e064a	1460	Ian Denning	M	M65-69	5	15:09:56	1:28:04	0:18:32	7:33:16	0:07:33	5:42:31	United Kingdom	
a9dcd8d1-099a-f011-b4cc-6045bd09951e	1461	Olivia Brown	F	F30-34	27	15:10:16	1:47:20	0:14:17	7:36:13	0:09:42	5:22:45	United Kingdom	
0bc6362f-7db3-4ec8-af54-69a74173eae9	1462	Robbie Herbert	M	M45-49	144	15:10:23	1:45:23	0:16:57	7:32:53	0:10:36	5:24:35	Ireland	
1efe9ca9-9e8f-4573-9a8b-287608f784fa	1463	Marc Phillips	M	M40-44	203	15:10:34	1:27:09	0:16:18	7:32:43	0:08:51	5:45:34	United Kingdom	
27185d30-ebb7-4e81-aa04-e2d3f4617cf0	1464	Mark Jones	M	M50-54	87	15:10:38	1:35:05	0:17:54	7:25:58	0:09:31	5:42:11	United Kingdom	
6cfb5c47-ff7b-ef11-a670-000d3a59a9a1	1465	Rachel Mccurrie	F	F45-49	14	15:10:51	1:40:16	0:12:55	8:09:29	0:08:38	4:59:33	United Kingdom	
2c8812c3-0d9a-f011-b4cc-002248098cfa	1466	Adrian Bunting	M	M60-64	22	15:11:07	1:47:38	0:15:21	7:39:09	0:06:39	5:22:21	United Kingdom	
e656255e-7473-48fe-a0aa-7dd8e1fde4bf	1467	Kian Shepheard-Walwyn	M	M25-29	214	15:11:11	1:42:53	0:17:38	7:56:52	0:07:11	5:06:36	United Kingdom	
5174e1c6-4170-f011-bec2-000d3a5cf7d8	1468	Oliver Davies	M	M30-34	240	15:11:17	1:26:03	0:16:08	8:20:51	0:08:14	5:00:00	United Kingdom	
640eb5d9-8c72-ed11-9562-000d3a31440b	1469	Matthew Hudson	M	M25-29	215	15:11:28	1:28:30	0:15:07	7:30:55	0:08:09	5:48:48	United Kingdom	
39ea9430-0b97-f011-b4cc-000d3a35ffc1	1470	Danny Coull	M	M50-54	88	15:11:40	1:34:29	0:15:17	7:50:20	0:08:55	5:22:38	United Kingdom	
e255a02a-c54e-44d8-84be-bd381b56d5ec	1471	Matt Ball	M	M25-29	216	15:12:04	1:29:39	0:14:23	7:39:49	0:07:27	5:40:45	United Kingdom	
1a3e6cde-abce-4fc0-850a-8d5a4a629109	1472	Faye Barnes	F	F35-39	21	15:12:07	1:29:49	0:12:45	7:46:28	0:05:42	5:37:24	United Kingdom	
0d0036bd-e9bc-f011-bbd3-6045bd09951e	1473	Joseph Grant	M	M18-24	94	15:12:11	1:49:06	0:12:37	7:39:15	0:05:02	5:26:11	United Kingdom	
ad3e33a6-027c-ef11-a670-000d3a338a3c	1474	Daniel Carroll	M	M40-44	204	15:12:24	1:34:55	0:18:50	8:05:27	0:10:22	5:02:49	United Kingdom	
9a0630a7-b6aa-f011-bbd3-6045bd09951e	1475	Daniel Cielak	M	M25-29	217	15:12:33	1:23:56	0:16:22	8:17:06	0:09:12	5:05:58	United States	
b104fffe-ad79-ef11-a670-000d3a5a1803	1476	Harvey White	M	M25-29	218	15:13:09	1:31:40	0:17:09	7:55:52	0:10:12	5:18:17	United Kingdom	
bc48d2ea-0753-ef11-a317-000d3a3b4ec1	1477	Matt Merivale	M	M30-34	241	15:13:11	1:49:00	0:12:55	8:20:14	0:03:51	4:47:11	United Kingdom	
09014485-a2d1-f011-bbd3-000d3a3173b5	1478	Sjoerd Verkleij	M	M25-29	219	15:13:19	1:46:20	0:22:02	7:26:47	0:06:03	5:32:07	Netherlands	
6dd4af6b-3973-45ea-a67f-1e0bd6709966	1479	Sean Lambert	M	M55-59	43	15:13:20	1:34:37	0:15:25	7:39:47	0:06:17	5:37:14	United Kingdom	
013069cb-4960-42e1-ab47-250ae6c907ad	1480	Brandon Evans	M	M30-34	242	15:13:23	1:44:25	0:17:59	8:01:41	0:06:52	5:02:26	United Kingdom	
3d4de4ed-496f-4ee3-91a4-d661fbcb78ce	1481	Ed Gibbs	M	M40-44	205	15:13:24	1:56:09	0:16:48	7:40:27	0:09:55	5:10:05	United Kingdom	
c2cb6b4d-0f8f-4618-8bd3-579485b88a4b	1482	Paul Tuck	M	M55-59	44	15:13:44	1:16:10	0:18:23	7:22:53	0:11:29	6:04:49	United Kingdom	
e0c27932-1c19-f011-998a-002248098cfa	1483	Michael Betteridge	M	M18-24	95	15:13:51	1:51:05	0:17:48	7:46:08	0:06:35	5:12:15	United Kingdom	
bd7d49f9-6df4-49ed-8897-253901758c81	1484	Kelvin Down	M	M50-54	89	15:13:58	1:23:49	0:14:01	7:37:19	0:07:09	5:51:38	United Kingdom	
c4641aed-3878-f011-b4cc-6045bd09951e	1485	Aaron Kelly	M	M40-44	206	15:14:03	1:55:01	0:12:24	7:44:42	0:12:24	5:09:32	United Kingdom	
c7c052d4-b5d8-e911-a97c-000d3a3740b7	1486	William Edwards	M	M35-39	232	15:14:09	1:38:01	0:17:40	7:31:12	0:12:09	5:35:08	United Kingdom	
a19509b3-4827-46a8-b481-0eda79a375c3	1487	Ian Williams	M	M50-54	90	15:14:23	1:43:43	0:14:56	7:41:20	0:04:56	5:29:28	United States	
52c7e9e5-8773-ef11-a671-6045bd0953ac	1488	Owen Oxborough	M	M25-29	220	15:14:26	1:28:05	0:14:00	8:16:24	0:07:28	5:08:29	United Kingdom	
bf5c83e3-bf07-4327-b098-b01f6e5e85e5	1489	Nathan Hunter	M	M30-34	243	15:14:43	1:35:44	0:19:40	7:45:00	0:11:59	5:22:21	United Kingdom	
feb954d2-7734-48be-8692-a88045caf56d	1490	Moises Saez	M	M45-49	145	15:14:44	1:28:09	0:18:28	7:50:54	0:13:07	5:24:05	Spain	
028fa35c-5a7e-406e-9292-29617237ec01	1491	Richie Norman	M	M45-49	146	15:14:53	1:30:43	0:15:37	7:30:07	0:09:46	5:48:39	United Kingdom	
41383756-4b92-ef11-ac21-000d3a3126fd	1492	Andy Williams	M	M35-39	233	15:14:59	1:13:27	0:15:29	7:46:32	0:16:57	5:42:33	United Kingdom	
091b9ed1-ccef-4b55-b71b-042c42be67c9	1493	Pete Jones	M	M55-59	45	15:15:11	1:43:54	0:24:51	7:45:14	0:08:30	5:12:41	United Kingdom	
850cbf3f-bc61-f011-bec3-6045bd05f634	1494	Ryan Robertson	M	M25-29	221	15:15:11	1:47:08	0:13:32	7:53:34	0:13:02	5:07:56	United Kingdom	
7e988f87-e5e0-f011-8544-000d3a3173b5	1495	Steve Hollier-Cox	M	M50-54	91	15:15:30	1:31:02	0:18:57	7:51:40	0:08:41	5:25:11	United Kingdom	
91a664e2-f8a7-4f50-a7dd-e1f286a85c51	1496	Reagan Locke	M	M30-34	244	15:15:41	1:22:17	0:16:05	7:58:19	0:10:31	5:28:29	United Kingdom	
52b0de3e-c47e-f011-b4cc-0022480a7385	1497	Leah Morris	F	F18-24	21	15:15:43	1:30:11	0:14:18	8:05:16	0:08:47	5:17:11	United Kingdom	
47591462-c394-40b3-a6e4-0dc80a1b1155	1498	Hazel Robbie	F	F40-44	19	15:15:53	1:52:45	0:15:10	7:45:28	0:09:55	5:12:35	United Kingdom	
44f7d305-597b-ef11-a670-002248049fdc	1499	Rhodri Sennitt	M	M30-34	245	15:15:55	1:36:34	0:15:02	7:48:16	0:06:25	5:29:38	United Kingdom	
49a7c48b-d780-ef11-ac21-000d3a595b58	1500	Ben Chant	M	M18-24	96	15:16:12	1:44:30	0:14:09	7:29:49	0:08:22	5:39:21	United Kingdom	
3d7caa98-6dea-e911-a988-000d3a35f53a	1501	Kelvyn Davies	M	M55-59	46	15:16:51	1:44:31	0:20:51	7:28:02	0:11:34	5:31:53	United Kingdom	
8de34fd6-3f9a-f011-b4cb-7ced8d70c1af	1502	Ben Watt	M	M30-34	246	15:17:05	1:45:57	0:18:39	7:59:00	0:09:29	5:03:59	United Kingdom	
617a703d-a9c5-f011-bbd3-000d3a5b50ba	1503	Harry Adaway	M	M30-34	247	15:17:16	1:42:33	0:21:14	7:44:30	0:11:00	5:17:59	United Kingdom	
716ca0af-8288-4aeb-aabe-b178bc7aec91	1504	Ian Wardle	M	M45-49	147	15:17:26	1:52:17	0:15:36	7:56:00	0:07:20	5:06:13	United Kingdom	
1551d36b-6868-4af1-9cbc-90c506784d39	1505	Russell Bailey	M	M40-44	207	15:17:26	1:43:46	0:18:11	7:32:02	0:13:58	5:29:29	United Kingdom	
a20ddfbd-2f9a-f011-b4cc-000d3a5b7c3b	1506	Tomasz Tyczkowski	M	M40-44	208	15:17:45	2:06:04	0:15:07	7:40:17	0:14:10	5:02:08	Poland	
59326767-5a07-45fe-afb1-d044a8898251	1507	Tom Baker	M	M40-44	209	15:17:58	1:23:30	0:21:18	7:59:29	0:20:32	5:13:10	Ukraine	
5b397d4b-079a-f011-b4cc-0022480a7385	1508	Adam Callan	M	M35-39	234	15:18:02	1:38:01	0:16:50	7:43:44	0:13:53	5:25:35	United Kingdom	
2b15e115-097f-4995-b235-13b10ed87ab1	1509	Clare Hughes	F	F50-54	11	15:18:15	1:50:15	0:21:35	8:02:24	0:05:20	4:58:40	United Kingdom	
3623ebd5-f67b-ef11-a670-000d3a5a1803	1510	Marcus Thomas	M	M30-34	248	15:18:28	1:41:40	0:16:28	7:59:13	0:10:14	5:10:52	United Kingdom	
52e5aab3-1971-4d67-aa2a-f82bbe8b5e52	1511	Luke Simms	M	M35-39	235	15:18:28	2:00:41	0:16:33	7:59:14	0:08:02	4:53:59	Ukraine	
4f2ddda1-8a15-f011-998a-000d3a3173b5	1512	Owain Keane	M	M25-29	222	15:18:45	1:51:08	0:14:34	7:13:26	0:09:09	5:50:28	United Kingdom	
310c266e-ecca-ef11-b8e8-6045bd088264	1513	Luke Flanagan	M	M25-29	223	15:18:46	1:54:53	0:15:08	8:04:47	0:10:48	4:53:10	United Kingdom	
016092d6-b29a-f011-b4cc-0022480a7385	1514	jake williams	M	M18-24	97	15:18:58	1:57:52	0:14:27	7:56:58	0:04:50	5:04:51	United Kingdom	
65a107a3-ccf5-4dfd-a38b-1a82b4a89989	1515	David Miles	M	M60-64	23	15:19:25	1:16:43	0:19:15	7:37:09	0:09:56	5:56:21	British Virgin Islands	
43706447-d5fc-4e8b-b4e7-43fd744b984c	1516	Nicholas Jones	M	M35-39	236	15:19:44	1:55:23	0:13:19	7:22:58	0:11:35	5:36:28	United Kingdom	
e11eeefa-8084-ef11-ac21-000d3a5a1803	1517	Kengo Iwaizumi	M	M50-54	92	15:19:52	1:43:57	0:20:41	8:04:05	0:10:11	5:00:57	Japan	
9b0ca469-08c7-ef11-b8e9-002248049fdc	1518	ben trowell	M	M25-29	224	15:19:58	1:15:36	0:14:01	7:28:10	0:09:27	6:12:44	United Kingdom	
18f3eadd-fbc1-4520-9b21-7c3713538427	1519	John Elsworth	M	M45-49	148	15:20:03	1:22:08	0:16:26	7:23:01	0:10:12	6:08:16	United Kingdom	
37d06faa-30a9-4889-8800-b7f1e849f7b2	1520	Samuel Lunnon	M	M25-29	225	15:20:14	1:31:40	0:14:39	8:19:32	0:07:15	5:07:07	United Kingdom	
3737eba7-522e-4690-b384-8445bd9f676b	1521	Rob White	M	M40-44	210	15:20:17	1:46:12	0:17:40	7:41:04	0:06:45	5:28:35	United Kingdom	
2e2cc8cc-d68f-f011-b4cc-000d3a35ffc1	1522	Simon Slade	M	M30-34	249	15:20:22	1:29:01	0:17:31	8:06:37	0:08:43	5:18:30	United Kingdom	
0514398f-097f-ef11-ac21-000d3a338a3c	1523	Jishnu Nandy	M	M40-44	211	15:20:32	1:58:31	0:13:25	8:01:41	0:06:18	5:00:37	United Kingdom	
8a3d2ed7-549a-f011-b4cc-6045bd05fcc1	1524	Rob Ford	M	M55-59	47	15:20:37	1:37:39	0:15:00	7:28:26	0:05:39	5:53:53	United Kingdom	
f999e0c8-b4d7-f011-8544-000d3a3173b5	1525	Huw Waters	M	M40-44	212	15:20:51	1:28:45	0:16:33	8:11:47	0:08:00	5:15:46	United Kingdom	
3bc7ef78-cda2-f011-bbd3-000d3a5b7c3b	1526	Greg Firth	M	M55-59	48	15:20:52	1:30:51	0:26:48	7:52:30	0:14:00	5:16:44	United Kingdom	
c4e7e76a-56d8-ec11-a7b5-00224809f54c	1527	Peter Haigh	M	M55-59	49	15:20:58	1:32:29	0:18:52	7:50:08	0:11:05	5:28:24	United Kingdom	
dcb8f898-0e9a-f011-b4cc-000d3a35ffc1	1528	Luke Thornhill	M	M30-34	250	15:21:15	1:37:39	0:15:45	7:24:55	0:10:15	5:52:41	United Kingdom	
78a80378-079a-f011-b4cc-0022480c097c	1529	Dwayne Head	M	M45-49	149	15:21:23	1:35:30	0:18:58	8:20:00	0:09:56	4:56:59	United Kingdom	
68ba84ab-1666-ef11-bfe3-000d3a371e3b	1530	Andrew Edwards	M	M40-44	213	15:21:26	1:44:29	0:17:23	7:19:25	0:13:31	5:46:39	United Kingdom	
0aae60b1-ea11-ef11-9f89-0022480a1ec4	1531	Paul Lavery	M	M40-44	214	15:21:34	1:35:29	0:15:29	7:52:18	0:06:21	5:31:57	Ireland	
46ecb476-de04-47c4-845a-1ba47e881e86	1532	Alan Willbanks	M	M55-59	50	15:21:55	1:35:47	0:16:38	8:24:45	0:08:00	4:56:46	United States	
ff401eae-2c75-ea11-a811-000d3a5a1bfb	1533	Kirk Bace		M45-49	150	15:22:03	2:00:02	0:16:07	7:47:40	0:12:23	5:05:50	United Kingdom	
b3afd958-b155-4dbf-8ff6-253e00f02dc2	1534	Lee Morgan	M	M40-44	215	15:22:10	1:53:10	0:12:53	7:28:18	0:09:35	5:38:15	United Kingdom	
d900c4ac-936c-4790-9e96-ecc164542d02	1535	Aidan Sharples	M	M35-39	237	15:22:11	1:29:47	0:17:30	7:47:05	0:09:34	5:38:16	South Africa	
39fa5ab3-b4b1-f011-bbd3-000d3a3173b5	1536	Daniel Grout	M	M40-44	216	15:22:24	1:44:04	0:15:24	7:31:58	0:09:17	5:41:41	United Kingdom	
f424e7ae-daa5-f111-b8de-6045bd06566a	1537	Lara Griffiths	F	F25-29	37	15:22:32	1:35:42	0:16:27	7:37:14	0:09:40	5:43:29	United Kingdom	
947f0f29-af5b-473a-a5f4-952036eef8a1	1538	Richard Marsh	M	M50-54	93	15:22:34	1:54:24	0:17:10	7:39:24	0:09:03	5:22:32	United Kingdom	
37795e59-a97d-4e9d-b0be-45ed83bb4bff	1539	Rich Lewis	M	M40-44	217	15:22:55	1:45:01	0:14:29	7:39:25	0:08:52	5:35:09	United Kingdom	
d12925b7-e692-f011-b4cc-0022480a7385	1540	Luke Edwards	M	M30-34	251	15:23:16	2:02:14	0:15:44	7:40:49	0:10:55	5:13:35	United Kingdom	
d5b549fb-da93-f011-b4cc-000d3a5cf7d8	1541	Aaron Murphy	M	M35-39	238	15:23:19	1:47:18	0:15:22	8:06:56	0:07:54	5:05:48	United Kingdom	
2217d385-10a2-f011-bbd3-000d3a5cf7d8	1542	Dave Weller	M	M40-44	218	15:23:42	1:42:22	0:19:56	7:43:29	0:14:19	5:23:37	United Kingdom	
7c0e606b-9e31-ed11-9db1-000d3a338075	1543	Ian Sharp	M	M40-44	219	15:23:47	2:01:28	0:13:46	7:51:19	0:05:15	5:11:59	United Kingdom	
b77b571b-8fbc-47eb-850d-83d90eb243e9	1544	Angela Netherwood	F	F50-54	12	15:23:52	1:31:05	0:15:19	7:41:15	0:11:44	5:44:29	United Kingdom	
92648091-3452-41d8-92aa-880e1628071c	1545	Alastair Evans	M	M50-54	94	15:24:08	1:36:45	0:17:48	7:32:49	0:07:53	5:48:54	United Kingdom	
3af76b0d-03e0-42a5-9d01-ec004f6a13f3	1546	Edward Dunphy	M	M30-34	252	15:24:14	1:40:14	0:14:28	7:50:24	0:07:06	5:32:02	United Kingdom	
2aa2b0dd-d096-f011-b4cc-000d3a5cf7d8	1547	Nathan Ford	M	M25-29	226	15:24:19	1:37:49	0:16:30	7:47:29	0:07:12	5:35:18	United Kingdom	
2fd60acc-d396-f011-b4cc-000d3a35ffc1	1548	Matthew Owens	M	M40-44	220	15:24:39	1:39:03	0:17:09	7:21:03	0:07:04	6:00:20	United Kingdom	
559af39b-0b9a-4939-855a-698c0794795d	1549	Lee Meredith	M	M45-49	151	15:24:53	1:49:51	0:26:57	7:55:51	0:08:45	5:03:29	United Kingdom	
e4d61226-5d9a-4c02-8a31-19ee4f133051	1550	Robert James	M	M60-64	24	15:24:55	1:37:57	0:16:11	8:16:00	0:07:44	5:07:04	United Kingdom	
4b776f0a-1a48-4d41-886c-139b3cc3d0fb	1551	Joseph Painter	M	M35-39	239	15:25:08	1:45:16	0:22:53	7:42:06	0:19:01	5:15:52	United Kingdom	
8ffb7c39-10a8-ef11-b8e8-000d3a5a403c	1552	James Bunker	M	M30-34	253	15:25:15	1:40:40	0:15:39	7:24:11	0:06:10	5:58:35	United Kingdom	
126b0a88-f245-4e84-abcd-8202285f84b1	1553	Scott Burnell	M	M45-49	152	15:25:35	1:52:34	0:15:33	7:25:01	0:07:07	5:45:20	United Kingdom	
993630cd-f7e4-4876-ab96-1835fc444522	1554	Richard Babbage	M	M50-54	95	15:25:38	1:32:15	0:17:02	6:43:04	0:11:19	6:41:58	United Kingdom	
52526583-366f-4774-b782-19231b6259b7	1555	Stephen Atkinson	M	M55-59	51	15:25:48	1:20:54	0:20:36	7:35:29	0:13:34	5:55:14	United Kingdom	
258e65e0-77b8-4f8d-9c52-b2ed51df61b1	1556	Mark Lewis	M	M55-59	52	15:26:01	1:40:35	0:15:13	7:44:45	0:07:07	5:38:21	United Kingdom	
da101340-88b4-4f92-a018-d31397c6bd21	1557	Andrew Morgan	M	M45-49	153	15:26:01	1:39:40	0:15:07	7:31:47	0:05:27	5:54:00	United Kingdom	
58aea19b-9534-e511-9403-005056951bf1	1558	Iain Arnison	M	M50-54	96	15:26:07	1:22:51	0:13:58	7:15:18	0:10:56	6:23:04	United Kingdom	
2643e4bf-d9dc-ef11-8eea-6045bd048089	1559	Nathan Williams	M	M25-29	227	15:26:13	1:46:42	0:19:25	8:19:49	0:10:14	4:50:02	United Kingdom	
2c60da65-083c-4ca0-9734-904cc0f61a25	1560	Tony Gibirdi	M	M50-54	97	15:26:16	1:40:57	0:18:43	7:19:21	0:10:46	5:56:29	United Kingdom	
446c1c4c-1149-f011-877a-000d3a35ffc1	1561	Jake Richards	M	M35-39	240	15:26:50	1:38:02	0:15:24	7:46:39	0:07:15	5:39:32	United Kingdom	
32c98518-ebc5-4cf4-bf69-d5d31d8f628b	1562	Mike Spicer	M	M45-49	154	15:26:51	1:34:14	0:17:38	7:44:59	0:11:55	5:38:05	United Kingdom	
b45521b8-7986-ef11-ac21-000d3a59a9a1	1563	Terry John	M	M35-39	241	15:27:06	1:47:27	0:15:18	8:01:15	0:07:58	5:15:08	United Kingdom	
3bc55999-0b7c-ef11-a670-6045bd05c809	1564	James Palmer	M	M40-44	221	15:27:06	2:07:23	0:16:04	7:42:13	0:05:08	5:16:18	United Kingdom	
6169b664-267f-49a5-9787-e49d2b5a0a7d	1565	Gary Smith	M	M55-59	53	15:27:08	1:34:58	0:13:48	7:56:49	0:07:29	5:34:04	United Kingdom	
8fffe7b4-de4b-43cf-bc1d-2fbd608278c3	1566	Helen Loftus	F	F45-49	15	15:27:12	1:33:40	0:13:10	8:02:07	0:05:02	5:33:12	Ireland	
ddc49ba3-079a-f011-b4cb-7ced8d70c1af	1567	Will Owen	M	M40-44	222	15:27:21	1:09:27	0:18:07	7:33:32	0:07:21	6:18:53	United Kingdom	
7e5b93c0-089a-f011-b4cc-000d3a3173b5	1568	James John	M	M30-34	254	15:27:33	1:32:33	0:17:43	8:22:30	0:09:37	5:05:11	United Kingdom	
87f24471-4f65-ef11-bfe3-00224808301f	1569	Barrie Powell	M	M50-54	98	15:27:40	2:00:06	0:17:28	7:17:25	0:15:49	5:36:52	United Kingdom	
f7228e0f-5db0-4a61-843e-06054d7eaf37	1570	Amy Reynolds	F	F25-29	38	15:27:47	1:37:36	0:11:19	8:00:37	0:05:11	5:33:04	United Kingdom	
6a883433-7f9c-f011-b41c-6045bd05fcc1	1571	Rich perry	M	M45-49	155	15:28:09	1:43:41	0:17:33	8:04:30	0:14:48	5:07:36	United Kingdom	
1d6d678f-8265-ef11-bfe3-000d3a367177	1572	Richard Park	M	M40-44	223	15:28:14	1:40:31	0:19:12	7:49:54	0:12:57	5:25:40	United Kingdom	
e29c90bd-5ac3-435c-b53e-618f8dc1f50a	1573	Matt Attwood	M	M40-44	224	15:28:14	1:25:43	0:22:39	7:12:48	0:11:44	6:15:20	Ireland	
94d78e63-37a1-f011-bbd3-6045bd09951e	1574	Rhianna Cook	F	F18-24	22	15:28:24	1:18:49	0:13:43	8:11:51	0:08:21	5:35:41	United Kingdom	
79639551-ad9f-ef11-8a6a-002248049fdc	1575	Andrew Hodge	M	M55-59	54	15:28:33	1:37:14	0:19:06	7:34:36	0:11:39	5:45:58	United Kingdom	
e71bd7c5-90e9-e911-a98c-000d3a364086	1576	Daniel Robins	M	M50-54	99	15:28:42	1:12:49	0:13:27	8:19:27	0:09:54	5:33:05	United Kingdom	
f9ee1eae-ed5f-f011-bec2-000d3a5b7c3b	1577	James Mullins	M	M30-34	255	15:29:15	1:35:30	0:13:30	7:29:47	0:07:33	6:02:55	United Kingdom	
735800e2-0751-f011-877a-6045bd05f634	1578	Paul Ainedter	M	M30-34	256	15:29:28	1:29:47	0:19:01	8:15:50	0:08:18	5:16:33	Austria	
9ea2bdcc-1a92-ef11-ac21-002248049fdc	1579	Daniel Austin	M	M50-54	100	15:29:53	1:25:23	0:17:05	7:50:10	0:09:33	5:47:42	United Kingdom	
24fd06e3-469a-f011-b4cb-7ced8d70c1af	1580	Samuel Mahoney	M	M25-29	228	15:30:04	1:18:17	0:14:28	8:20:05	0:15:13	5:22:01	United Kingdom	
4593dfcb-bca7-f011-bbd3-000d3a5b50ba	1581	Ashley Frost	M	M30-34	257	15:30:05	1:29:45	0:16:39	7:55:16	0:11:01	5:37:25	United Kingdom	
0f0c1550-9a20-45be-b221-c5c95bb2752a	1582	Calum Serafini	M	M35-39	242	15:30:18	1:15:54	0:18:52	8:02:40	0:11:53	5:41:00	United Kingdom	
8d71c7a4-9a95-f011-b4cc-000d3a35ffc1	1583	Stephen Cooper	M	M40-44	225	15:30:21	2:13:45	0:14:05	7:32:53	0:06:38	5:23:00	United Kingdom	
8d9a72cd-1044-4599-884f-74ed21016382	1584	Srdan Majkic	M	M30-34	258	15:30:31	1:44:09	0:19:49	7:37:19	0:09:41	5:39:33	Croatia	
e52ed061-c0cd-4d68-9212-33b72eb66eb2	1585	Marc Williams	M	M45-49	156	15:30:41	1:54:06	0:17:36	8:04:54	0:12:03	5:02:01	United Kingdom	
686d8670-21af-e911-a985-000d3a35f53a	1586	Robert Hodgson	M	M60-64	25	15:30:41	1:38:27	0:17:15	7:56:52	0:14:20	5:23:47	United Kingdom	
3a3b609e-7e70-ef11-a670-000d3a308d97	1587	Scott Gray	M	M40-44	226	15:30:52	1:43:57	0:14:31	7:50:51	0:08:32	5:33:00	United Kingdom	
3e83e567-28b4-f011-bbd3-000d3a5cf7d8	1588	Luke Fisher	M	M18-24	98	15:31:04	1:34:36	0:13:53	7:51:09	0:12:55	5:38:31	United Kingdom	
5a1d1254-5eb3-4ed5-a467-aefbb06d6c93	1589	Ralph Winter	M	M50-54	101	15:31:19	1:58:44	0:18:24	7:53:49	0:14:02	5:06:20	United Kingdom	
40853d19-7192-ef11-ac21-000d3a5a1803	1590	Sean Crawford	M	M35-39	243	15:31:51	1:40:12	0:15:18	7:33:47	0:10:49	5:51:45	United Kingdom	
53e4ecdf-0108-4e34-819a-508804fc23cc	1591	Kimberley Stephens	F	F40-44	20	15:32:01	1:49:42	0:17:29	7:44:00	0:10:40	5:30:10	United Kingdom	
be4c212b-82d3-4e41-9a07-5ccfb2f29427	1592	Andrew Hodgson	M	M55-59	55	15:32:01	1:37:12	0:20:04	6:53:09	0:11:54	6:29:42	United Kingdom	
ef206f94-88b4-e511-940c-005056951bf1	1593	Tom Lewis	M	M40-44	227	15:32:20	2:09:50	0:13:06	8:02:22	0:06:13	5:00:49	United Kingdom	
805922cd-6c4a-4108-954d-7f21970799c8	1594	Ian Stringer	M	M50-54	102	15:32:22	1:12:40	0:25:46	8:36:21	0:20:46	4:56:50	United Kingdom	
e0364d9b-2b96-f011-b4cc-000d3a5b50ba	1595	Rhys Brooks	M	M35-39	244	15:32:31	1:20:43	0:19:56	8:09:59	0:13:13	5:28:40	United Kingdom	
670d09db-0e9a-f011-b4cc-0022480c097c	1596	Andy Coles	M	M45-49	157	15:32:36	1:36:15	0:17:23	8:14:35	0:12:16	5:12:07	United Kingdom	
1289367b-007c-ef11-a670-000d3a5b3d07	1597	Tom Prowse	M	M30-34	259	15:32:37	1:58:06	0:10:55	7:56:56	0:04:26	5:22:14	United Kingdom	
a4dc050d-2398-405c-9699-db2942cfa3b6	1598	Kelly Davies	F	F35-39	22	15:32:37	1:36:17	0:17:29	8:01:54	0:08:11	5:28:46	United Kingdom	
e9b5c37a-b1ab-4918-8216-d98f93d7578c	1599	David Phillips	M	M65-69	6	15:32:48	1:56:02	0:16:26	7:54:56	0:01:00	5:24:25	United Kingdom	
6b02dcf3-07f9-490e-b41c-6bcf196065c0	1600	Mal Evans	M	M60-64	26	15:32:59	1:43:27	0:35:47	7:31:34	0:22:44	5:19:27	United Kingdom	
f3af1a59-454b-4670-b72d-729434da9514	1601	Luke Matthews	M	M30-34	260	15:33:08	1:43:47	0:15:04	7:36:39	0:10:05	5:47:32	United Kingdom	
03f7d0e9-f1fc-442d-9824-b91c013e7840	1602	John Jepson	M	M55-59	56	15:33:21	2:03:50	0:15:35	7:40:18	0:08:11	5:25:27	United Kingdom	
d1749850-db25-4844-8458-a77f9d60723e	1603	Ross Pullin	M	M35-39	245	15:33:24	1:10:44	0:13:51	8:12:41	0:07:21	5:48:46	United Kingdom	
4fc01684-8c98-f011-b4cc-6045bd05f634	1604	Luke Brooke	M	M35-39	246	15:33:26	1:52:24	0:16:25	8:01:26	0:09:31	5:13:40	United Kingdom	
319bb500-72e1-4b49-9ddf-c6ad4203a725	1605	Alun Brain	M	M50-54	103	15:33:51	1:30:25	0:17:25	7:55:05	0:09:40	5:41:15	United Kingdom	
a586db74-d819-4c35-b0ff-80d103f892a7	1606	Samuel Zirbo	M	M18-24	99	15:34:10	1:40:50	0:16:11	7:58:35	0:09:32	5:29:02	Romania	
6b9438b6-cb30-4c0f-b39e-036b64af6341	1607	Jana Jilkova	F	F45-49	16	15:34:13	1:40:06	0:18:36	8:08:23	0:17:19	5:09:49	Czech Republic	
ff483778-e966-4729-b0f9-0a746e825b93	1608	Rhys Vowles	M	M30-34	261	15:34:30	1:45:57	0:16:51	7:56:16	0:09:54	5:25:32	United Kingdom	
05246cbd-edbb-f011-bbd3-0022480c097c	1609	Kyle James	M	M25-29	229	15:34:35	1:28:43	0:15:02	7:10:28	0:08:21	6:32:01	United Kingdom	
29c11701-c267-f011-bec3-000d3a5b50ba	1610	Conor Mohan	M	M25-29	230	15:35:04	1:45:04	0:15:59	7:55:36	0:09:10	5:29:14	Ireland	
d0a9b470-005b-4f24-932e-fe165c921588	1611	Phillip Boniface	M	M45-49	158	15:35:07	1:41:50	0:19:21	7:56:04	0:07:23	5:30:29	United Kingdom	
fb8a0a9a-cd77-4bed-841e-51de0f509e31	1612	Hans De Schuyter	M	M50-54	104	15:35:07	1:52:14	0:16:05	7:41:47	0:07:39	5:37:22	Belgium	
ffbc6f86-219e-f011-b41b-6045bd087c25	1613	Adam Ward	M	M45-49	159	15:35:12	1:30:36	0:20:53	7:06:52	0:13:48	6:23:04	United Kingdom	
fdb80352-aa97-ee11-be37-000d3a314d17	1614	Rosie Monk	F	F25-29	39	15:35:14	1:46:31	0:14:47	8:12:30	0:09:27	5:12:00	United Kingdom	
11a067f0-079a-f011-b4cc-000d3a35ffc1	1615	Mark Toms	M	M40-44	228	15:35:18	1:53:10	0:17:56	8:15:52	0:06:33	5:01:48	United Kingdom	
3568084a-d2a4-f011-bbd2-6045bd026214	1616	Neil Willis	M	M35-39	247	15:36:14	1:39:00	0:15:03	7:53:07	0:07:33	5:41:31	United Kingdom	
9da99569-3565-ef11-bfe3-6045bd0953ac	1617	Ria Evans	F	F30-34	28	15:36:16	1:13:54	0:13:18	8:29:26	0:09:43	5:29:54	United Kingdom	
80685010-9781-f011-b4cc-000d3a5b50ba	1618	Michael Dean	M	M30-34	262	15:36:25	1:41:45	0:14:18	8:11:15	0:07:40	5:21:26	United Kingdom	
8899fb63-401c-4587-ba4f-69278ab7a117	1619	Rhys Miller	M	M35-39	248	15:36:33	1:28:05	0:14:03	7:31:15	0:09:33	6:13:37	United Kingdom	
d728626e-300c-44af-8be2-a9d715c8ac69	1620	Gary Sanderson	M	M50-54	105	15:36:39	1:47:10	0:16:22	7:56:03	0:08:12	5:28:52	United Kingdom	
daffe860-f846-f011-877a-000d3a5b50ba	1621	Nia Phillips	F	F30-34	29	15:36:40	2:01:53	0:14:20	7:46:27	0:06:01	5:27:59	United Kingdom	
52e644ef-409a-f011-b4cc-6045bd05f634	1622	Chloe de Schoolmeester	F	F18-24	23	15:36:47	1:58:51	0:14:01	7:44:50	0:08:42	5:30:23	United Kingdom	
58299e96-357c-ef11-a670-000d3a3126fd	1623	Steven Phillips	M	M45-49	160	15:36:54	1:44:54	0:13:02	7:58:45	0:05:52	5:34:21	United Kingdom	
59d05950-d689-f011-b4cc-6045bd09951e	1624	Richard Ronald Smith	M	M25-29	231	15:37:05	1:45:14	0:19:08	7:55:27	0:06:48	5:30:29	United Kingdom	
a245d8e4-810d-f011-9988-000d3a5cf7d8	1625	Robert Godden	M	M40-44	229	15:37:10	1:29:44	0:14:51	8:00:06	0:07:55	5:44:35	United Kingdom	
70ce5dc7-4378-f011-b4cb-0022480a7385	1626	Rhys Evans	M	M25-29	232	15:37:18	1:30:59	0:18:27	7:58:38	0:12:23	5:36:51	United Kingdom	
f87fe5d9-4d70-4323-86bf-cf4dec0aa2e6	1627	Jessica Johnson	F	F30-34	30	15:37:25	1:51:19	0:12:32	7:44:39	0:07:11	5:41:45	United Kingdom	
7b53ec6b-0534-4101-9dfc-9fd0ca8e7d7b	1628	Ewan Elliott	M	M30-34	263	15:37:45	1:50:45	0:16:54	8:11:11	0:13:21	5:05:33	United Kingdom	
ac8af28a-149a-f011-b4cc-000d3a3173b5	1629	Joe Lewis	M	M25-29	233	15:37:49	1:45:21	0:16:32	7:57:08	0:07:24	5:31:25	United Kingdom	
d99962bc-9679-ef11-a670-002248049fdc	1630	Peter Jones	M	M30-34	264	15:37:56	1:47:25	0:14:26	8:06:05	0:08:48	5:21:12	United Kingdom	
af8b6254-509a-f011-b4cc-0022480a7385	1631	Ethan Williams	M	M25-29	234	15:38:07	1:59:22	0:14:55	8:12:53	0:06:16	5:04:42	United Kingdom	
015a349b-3a9a-f011-b4cc-000d3a3173b5	1632	Tyrone Stewart	M	M30-34	265	15:38:09	2:15:48	0:12:43	7:43:51	0:06:34	5:19:13	United Kingdom	
7203534e-81c0-4538-92de-a18d846c218d	1633	Kelly Griffiths	F	F45-49	17	15:38:34	1:46:39	0:16:47	8:07:01	0:10:14	5:17:53	United Kingdom	
7c94e2c4-80b5-ef11-b8e8-000d3a5a403c	1634	Gemma Williams	F	F25-29	40	15:38:40	1:54:30	0:19:07	8:02:40	0:12:08	5:10:14	United Kingdom	
70fd3ea6-959f-47c9-b59f-0082b90e7a56	1635	Thiago Pereira	M	M45-49	161	15:38:53	1:48:06	0:15:42	7:52:20	0:09:01	5:33:44	United Kingdom	
b8c9fa54-f864-429f-9e58-e5ce56e10681	1636	Philip Hill	M	M60-64	27	15:39:01	2:05:40	0:16:35	7:35:44	0:06:10	5:34:52	United Kingdom	
ef91b797-3bed-4133-87a7-60a47ab967ce	1637	Paul Bennett	M	M40-44	230	15:39:07	1:44:14	0:13:28	7:37:53	0:09:45	5:53:49	United Kingdom	
dfd7d1ac-1067-4d25-b5fb-443e5ca757ce	1638	Mark Angus	M	M30-34	266	15:39:24	1:16:59	0:16:56	8:08:24	0:09:26	5:47:39	United Kingdom	
6bb61922-58fc-ef11-bae2-6045bd05fcc1	1639	Eloise Shellman	F	F30-34	31	15:39:28	1:13:42	0:21:20	8:08:16	0:10:11	5:45:59	United Kingdom	
1e279300-77d3-49ea-acaf-e025b59aa1aa	1640	Jon Murgatroyd	M	M50-54	106	15:39:30	1:36:28	0:22:06	7:40:02	0:13:42	5:47:12	United Kingdom	
044fb2f4-6a96-f011-b4cc-6045bd05f634	1641	George Asbury	M	M30-34	267	15:39:32	1:28:45	0:16:40	8:06:12	0:08:43	5:39:12	United Kingdom	
da4c665c-4fe2-48cd-a819-368bc58e2cc3	1642	Cam Heath	M	M55-59	57	15:39:40	1:28:50	0:17:16	7:54:19	0:08:43	5:50:32	United Kingdom	
c90bc62b-9412-ef11-9f8a-00224809fd7c	1643	Courtney Booth	F	F35-39	23	15:39:47	1:48:02	0:17:01	7:43:48	0:11:04	5:39:51	United Kingdom	
088c5bf2-dbf0-4800-8aaa-ecba1b365eca	1644	Jodine Wilkes	F	F35-39	24	15:39:47	1:47:02	0:16:47	7:42:56	0:07:29	5:45:34	United Kingdom	
4a0e259f-9ead-ef11-b8e8-000d3a5a403c	1645	Rosanna Matthews	F	M40-44	231	15:39:54	2:02:48	0:13:03	7:48:27	0:06:23	5:29:13	United Kingdom	
2ebb8868-85f0-45fd-9901-eab824122432	1646	Llyr Tiplady	M	M18-24	100	15:39:54	1:36:51	0:21:24	7:46:09	0:12:46	5:42:45	United Kingdom	
6b5a3188-4878-f011-b4cb-0022480a7385	1647	Romao Rabaiotti	M	M18-24	101	15:40:01	1:25:10	0:13:06	8:00:02	0:07:56	5:53:47	United Kingdom	
259d3222-dffb-4bf4-b847-9a00dae5a538	1648	Daniel Brooks	M	M45-49	162	15:40:22	1:46:28	0:22:33	7:28:28	0:15:37	5:47:15	United Kingdom	
b2e8b6b5-61cf-4375-b495-09625e8855b4	1649	Andrew Stone	M	M45-49	163	15:41:03	1:27:35	0:14:31	8:33:21	0:09:34	5:16:02	United Kingdom	
9192da34-027d-ef11-a670-000d3a59a9a1	1650	Daniel James	M	M35-39	249	15:41:14	1:59:59	0:16:09	7:53:03	0:08:07	5:23:57	United Kingdom	
037d09d9-079a-f011-b4cc-000d3a5b50ba	1651	Michael Ramsden	M	M40-44	232	15:41:15	1:48:11	0:20:58	7:51:48	0:14:45	5:25:32	United Kingdom	
1ec37356-6d24-46f0-94fc-7ed18cac84e8	1652	Matthew Edwards	M	M30-34	268	15:41:18	2:02:27	0:16:37	7:42:23	0:10:55	5:28:56	United Kingdom	
72cf5938-b549-ef11-a317-6045bd08b27c	1653	Amy Edwards	F	F35-39	25	15:41:26	1:28:53	0:18:42	8:19:48	0:10:42	5:23:22	United Kingdom	
ae602148-b8a2-4852-b263-399d8910cafd	1654	Andrew Hughes	M	M45-49	164	15:41:42	1:28:58	0:20:12	7:21:50	0:10:42	6:20:00	United Kingdom	
3b816826-5a21-4c5d-afc4-978a656402a9	1655	Tim Berrow	M	M40-44	233	15:41:44	1:52:45	0:16:55	7:58:57	0:09:35	5:23:32	United Kingdom	
87c3e003-481e-4f7f-8a74-3fcba1bd4bb6	1656	Lisa Walker	F	F45-49	18	15:41:44	1:47:48	0:18:56	7:56:40	0:09:36	5:28:43	United Kingdom	
6a4e00c7-bbbe-45ee-acd1-f82a160fb53a	1657	Andrew Wykes	M	M50-54	107	15:42:01	1:16:59	0:17:10	7:51:41	0:09:22	6:06:48	United Kingdom	
31bbf8d7-7fdd-ef11-8eea-000d3a5a1803	1658	Jonathan Lloyd	M	M35-39	250	15:42:23	2:13:13	0:12:42	7:49:48	0:03:14	5:23:26	United Kingdom	
d0d42a89-7cab-f011-bbd3-000d3a35ffc1	1659	Jane Harwood	F	F35-39	26	15:42:31	1:29:14	0:19:47	8:25:48	0:08:37	5:19:05	United Kingdom	
a14cab47-2c3b-4b57-9777-8a02b834b516	1660	Alice Williams	F	F40-44	21	15:42:32	1:56:22	0:16:57	7:50:56	0:09:07	5:29:09	United Kingdom	
575b6891-68d8-e911-a99b-000d3a34ef1d	1661	Vanessa Roderick	F	F55-59	4	15:42:35	1:57:12	0:22:11	7:53:39	0:10:06	5:19:26	United Kingdom	
7be746f5-8980-4078-8ecb-6e41c6c20801	1662	Jack Richards	M	M35-39	251	15:42:43	1:31:34	0:15:26	8:09:05	0:08:38	5:38:00	United Kingdom	
16481ae6-8677-ef11-a670-6045bd05c809	1663	Tom Carter	M	M25-29	235	15:42:51	1:39:13	0:15:17	7:59:32	0:08:09	5:40:40	United Kingdom	
22d24338-1106-ed11-82e4-000d3a3b2cf8	1664	Dean Thomas	M	M55-59	58	15:43:02	1:38:26	0:18:06	7:35:20	0:13:42	5:57:28	United Kingdom	
8a402a51-0b9a-f011-b4cb-7ced8d70c1af	1665	Jackson White	M	M50-54	108	15:43:13	1:52:54	0:21:27	7:44:33	0:17:17	5:27:02	United Kingdom	
e17394e2-4bdb-ef11-8eea-6045bd088264	1666	Bec Stenner	F	F35-39	27	15:43:19	1:24:27	0:17:48	8:13:30	0:10:04	5:37:29	United Kingdom	
6a0f5a76-c0a8-4c31-9179-2b343bcb7741	1667	Liam O'Leary	M	M40-44	234	15:43:21	1:27:40	0:16:09	7:38:43	0:16:28	6:04:21	United Kingdom	
0c6139c3-2773-ef11-a671-6045bd010fe7	1668	Kieron Chambers	M	M45-49	165	15:43:27	1:39:18	0:17:46	8:18:29	0:11:01	5:16:52	United Kingdom	
5d9af691-1f4c-ee11-be6e-000d3a314d17	1669	Daniel Palmer	M	M45-49	166	15:43:31	1:31:45	0:18:32	7:45:03	0:09:17	5:58:53	United Kingdom	
661541d0-9e81-4368-a4cc-c2f8eb263512	1670	Ruud Meeren	M	M40-44	235	15:43:40	1:25:43	0:28:37	8:21:23	0:13:57	5:13:59	Netherlands	
da8f0630-4477-ef11-a670-000d3a5b88bd	1671	Carly Marsh	F	F40-44	22	15:43:59	1:38:14	0:17:36	8:20:46	0:03:24	5:23:58	United Kingdom	
81242fa1-1f43-4743-8c40-c590aea2fdd5	1672	Gavyn Marshall	M	M18-24	102	15:44:05	1:46:07	0:21:06	7:54:27	0:08:46	5:33:39	Sri Lanka	
034b4a42-079a-f011-b4cc-000d3a35ffc1	1673	Daniel Robinson	M	M40-44	236	15:44:27	1:23:02	0:15:53	7:50:20	0:06:33	6:08:40	United Kingdom	
94ff2c28-b819-49b0-8952-9a54c3c09916	1674	Will Smallman	M	M60-64	28	15:44:36	1:38:17	0:22:23	7:24:23	0:12:37	6:06:58	United Kingdom	
229ef422-eb46-f011-877a-000d3a3173b5	1675	Swyn Williams	F	F25-29	41	15:44:39	1:25:22	0:15:02	8:03:44	0:10:28	5:50:04	United Kingdom	
665c986d-e9d4-f011-8544-000d3a5b50ba	1676	Jesse de Witte	M	M18-24	103	15:45:21	1:52:11	0:14:43	7:17:16	0:08:08	6:13:03	Netherlands	
15d45cc0-da9a-f011-b4cc-0022480a7385	1677	Kelvin Bailey	M	M50-54	109	15:45:29	1:29:31	0:15:51	7:21:38	0:08:58	6:29:31	United Kingdom	
53596199-f981-44b5-831d-5fe1cb2ae7b5	1678	Sean Gilvear	M	M45-49	167	15:45:32	1:41:26	0:17:52	7:50:47	0:09:28	5:46:00	United Kingdom	
a0d75cb4-4f9a-f011-b4cc-000d3a3173b5	1679	Gary Owen	M	M50-54	110	15:45:33	1:40:50	0:17:38	7:58:54	0:09:25	5:38:47	United Kingdom	
8a35563f-4678-f011-b4cc-6045bd05f634	1680	Dion Robinson	M	M25-29	236	15:45:45	1:58:53	0:18:11	7:32:31	0:16:28	5:39:41	United Kingdom	
cb582bed-7b86-ef11-ac21-6045bd048089	1681	Lloyd Voaden	M	M18-24	104	15:45:52	1:47:00	0:20:22	8:07:14	0:12:36	5:18:40	United Kingdom	
17ca8b0e-089a-f011-b4cc-0022480c097c	1682	Jessica Bunting	F	F25-29	42	15:46:12	1:19:51	0:12:16	8:27:22	0:05:49	5:40:53	United Kingdom	
799b3c32-f72f-45a7-b716-dbbc9028f2c1	1683	Paul Gardner	M	M50-54	111	15:46:16	1:31:39	0:21:18	7:37:26	0:07:15	6:08:37	United Kingdom	
ae3f681d-2d85-4e67-ac69-332534f747d6	1684	Alyn Roberts	M	M35-39	252	15:46:24	1:25:48	0:19:04	7:48:13	0:10:56	6:02:23	United Kingdom	
f6ccb2b3-7d58-4e6b-8f91-70f29bd9e3aa	1685	Christopher Hall	M	M50-54	112	15:46:44	2:03:28	0:19:13	7:41:44	0:12:37	5:29:41	United Kingdom	
e3273a4e-f279-ef11-a670-002248049fdc	1686	Chris Hyde	M	M40-44	237	15:46:44	1:38:33	0:16:08	8:07:14	0:09:23	5:35:26	United Kingdom	
e6080564-8671-4039-af14-bc957a52a313	1687	Gethyn Joyce	M	M50-54	113	15:46:55	1:35:19	0:15:08	7:33:05	0:11:26	6:11:57	United Kingdom	
c1c473a7-3a65-ef11-bfe3-00224809fd7c	1688	Gemma Starks	F	F40-44	23	15:46:57	1:14:36	0:18:58	8:02:52	0:08:57	6:01:34	United Kingdom	
f248b208-de98-4522-ae86-ca1ccf64d7d8	1689	Mathew Bradbeer	M	M25-29	237	15:47:09	1:33:51	0:13:44	8:09:12	0:09:00	5:41:20	United Kingdom	
541309b5-b01d-47da-b0e3-608a13d2ba38	1690	Stuart Meddick	M	M45-49	168	15:47:10	1:33:33	0:22:40	8:10:30	0:14:27	5:26:01	United Kingdom	
83f12783-d92d-4099-9b1f-df63c37d3230	1691	Huw Jenkins	M	M50-54	114	15:48:13	1:46:14	0:17:24	7:52:01	0:14:23	5:38:12	United Kingdom	
ef015cd2-21ad-4ec8-9ecc-428573b4dc04	1692	Peter Mcdermott	M	M45-49	169	15:48:14	1:39:29	0:13:01	8:17:50	0:07:07	5:30:47	United Kingdom	
347a7126-0696-f011-b4cc-0022480a7385	1693	Alex Jones	M	M30-34	269	15:48:16	1:32:41	0:21:11	7:59:44	0:13:56	5:40:43	United Kingdom	
9dd9286a-af9e-ef11-8a6a-6045bd048089	1694	Richard Dunn	M	M45-49	170	15:48:16	1:34:35	0:23:48	8:09:58	0:16:36	5:23:20	United Kingdom	
3a0bd78f-a75e-49e2-81c1-875720dd58f2	1695	Henry Davies	M	M35-39	253	15:48:17	1:36:03	0:17:35	8:09:31	0:09:43	5:35:26	United Kingdom	
f87b1858-06b1-42a2-a5f9-7dfbafb7b5ab	1696	Mathew Pritchard	M	M50-54	115	15:48:21	1:37:32	0:13:29	7:36:26	0:10:13	6:10:41	United Kingdom	
1b176e20-9563-ec11-8f8f-0022480ad7f5	1697	George Dowie	M	M50-54	116	15:48:36	1:49:36	0:17:33	8:04:54	0:08:51	5:27:43	United Kingdom	
6b5902ae-dca0-41b1-987e-c1c2d2dbf8c5	1698	Dave Tonge	M	M40-44	238	15:48:39	1:06:46	0:15:52	8:40:15	0:08:48	5:36:58	United Kingdom	
e6ae9eec-197c-ef11-a670-002248049fdc	1699	Michael Lewis	M	M55-59	59	15:49:16	1:42:17	0:20:32	8:02:59	0:12:47	5:30:41	United Kingdom	
71fa5efe-5e89-ef11-ac21-6045bd05c809	1700	Paul Haslett	M	M40-44	239	15:49:17	1:43:54	0:14:17	7:22:18	0:08:31	6:20:16	United Kingdom	
981b78ef-006b-4073-92f7-504a49a80e79	1701	Mark Tyas	M	M40-44	240	15:49:29	1:41:54	0:19:05	7:50:09	0:21:43	5:36:38	United Kingdom	
224aff1d-3292-ef11-ac21-000d3a3126fd	1702	Shane Wallace	M	M35-39	254	15:49:43	1:37:53	0:20:04	7:43:52	0:10:36	5:57:17	United Kingdom	
7ecee104-179a-f011-b4cc-000d3a3173b5	1703	Jonathan Huxley	M	M30-34	270	15:50:01	1:26:13	0:15:43	8:20:08	0:09:08	5:38:50	United Kingdom	
8b4a3c6d-d567-ef11-bfe3-000d3a37be46	1704	Jordan Holdsworth	M	M30-34	271	15:50:05	1:51:33	0:14:14	8:03:58	0:11:44	5:28:37	United Kingdom	
794d9c79-4cdf-ec11-bb3d-000d3a5b45b0	1705	Simon Wilde	M	M55-59	60	15:50:13	1:52:26	0:16:38	8:06:51	0:09:46	5:24:32	United Kingdom	
9b8fee14-e300-f011-bae2-000d3a5b7c3b	1706	Tobie Scott	M	M18-24	105	15:50:42	1:44:56	0:16:44	8:10:55	0:12:17	5:25:49	United Kingdom	
4df243f7-95f6-4598-80be-82281038b7cd	1707	Ian Morrell	M	M50-54	117	15:50:48	1:30:57	0:18:45	7:48:20	0:12:43	6:00:03	United Kingdom	
e5a1c7ec-a74c-ee11-be6e-000d3a314be4	1708	Adrian Cole	M	M40-44	241	15:50:52	1:30:15	0:16:16	7:51:21	0:12:16	6:00:43	United Kingdom	
95188757-5c35-f011-8c4e-000d3a35ffc1	1709	Sinead Ryan	F	F25-29	43	15:50:56	1:34:20	0:21:56	8:18:55	0:11:05	5:24:40	United Kingdom	
9d15ff62-1eb0-4acf-b532-feb4685f8555	1710	Morgan Garrard	M	M18-24	106	15:51:07	1:30:58	0:15:38	7:36:20	0:13:11	6:15:00	United Kingdom	
92cabc05-567c-4ae8-8476-744318b667cc	1711	Craig Francis	M	M55-59	61	15:51:09	1:28:01	0:16:42	7:32:09	0:08:56	6:25:21	United Kingdom	
ab46bcf2-cb49-ef11-a317-6045bd010fe7	1712	Scott Donativo	M	M35-39	255	15:51:09	1:33:01	0:13:10	7:43:53	0:09:18	6:11:47	United Kingdom	
d57914be-f2b0-ef11-b8e8-000d3a5ae96c	1713	Ross Elliott	M	M25-29	238	15:51:12	1:59:15	0:19:38	7:49:57	0:13:20	5:29:02	United Kingdom	
c9f7a467-033b-46d6-bfa9-6aca0769a670	1714	Andrew Butland	M	M50-54	118	15:51:19	1:25:28	0:22:26	8:00:49	0:10:14	5:52:23	United Kingdom	
685c3e7f-094b-ee11-be6e-000d3a314c24	1715	Daniel Partridge	M	M25-29	239	15:51:32	2:02:03	0:13:09	8:00:40	0:03:54	5:31:46	United Kingdom	
7dca9030-079a-f011-b4cc-000d3a5b50ba	1716	Megan Inett	F	F40-44	24	15:52:12	1:15:40	0:22:30	8:01:48	0:12:59	5:59:15	United Kingdom	
167e0adc-2179-f011-b4cb-000d3a34f3f4	1717	Michelle Fowler	F	F55-59	5	15:52:47	1:46:59	0:20:39	7:47:58	0:14:33	5:42:39	United Kingdom	
ada91190-f325-f011-8c4e-6045bd05fcc1	1718	Ieuan Higgs	M	M25-29	240	15:52:58	1:42:47	0:14:53	7:11:31	0:07:47	6:35:59	United Kingdom	
7508f0bf-2a87-ef11-ac21-6045bd048089	1719	Jake Hayward	M	M30-34	272	15:53:01	1:38:19	0:18:08	8:21:56	0:08:31	5:26:06	United Kingdom	
c60dd30f-2a74-ef11-a670-000d3a308d97	1720	Karl Sepahpour	M	M55-59	62	15:53:17	1:43:17	0:15:21	7:50:22	0:10:51	5:53:26	United Kingdom	
6960dd59-bdd8-ee11-904d-000d3a31406e	1721	Toby Dixon	M	M25-29	241	15:53:42	1:47:54	0:25:03	7:58:41	0:08:55	5:33:08	United Kingdom	
4bdd34d8-6d7a-ef11-a670-6045bd05c809	1722	Bradley Thorne	M	M25-29	242	15:53:52	1:30:10	0:18:06	7:49:15	0:15:57	6:00:24	United Kingdom	
bb7505e7-4d98-430b-9b0d-0d9e623e6a78	1723	Rebecca Owen	F	F45-49	19	15:53:55	1:27:38	0:16:24	8:03:53	0:09:51	5:56:10	United Kingdom	
c5b985cc-9534-e511-9403-005056951bf1	1724	Keith Newell	M	M50-54	119	15:54:11	1:26:49	0:21:54	7:35:12	0:14:42	6:15:35	United Kingdom	
a180f921-e84d-f111-bec6-002248046ec8	1725	Andy Peel	M	M55-59	63	15:54:12	1:29:34	0:17:46	8:11:09	0:06:37	5:49:05	United Kingdom	
8fd94b9e-54d8-e911-a985-000d3a36478d	1726	Jonathan Williams	M	M35-39	256	15:54:36	1:33:56	0:19:54	8:03:58	0:09:08	5:47:39	United Kingdom	
9d91c7d7-f6bf-f011-bbd3-0022480c097c	1727	Jack Clipstone	M	M25-29	243	15:54:41	1:35:57	0:17:23	8:06:30	0:07:39	5:47:11	United Kingdom	
062274f9-7d71-4d3e-8190-aaff9c1c683b	1728	Scott James Gourlay	M	M25-29	244	15:54:52	1:44:08	0:16:16	7:53:03	0:10:10	5:51:14	United Kingdom	
a88aad27-81ef-4830-9ef8-7f952838d705	1729	Craig Colborne	M	M50-54	120	15:55:22	2:10:03	0:18:06	7:41:51	0:12:05	5:33:17	United Kingdom	
261ebdea-196e-41aa-acbd-fc27067a2a55	1730	Nathan Potter	M	M40-44	242	15:55:29	1:39:46	0:18:51	8:00:10	0:14:22	5:42:21	United Kingdom	
0506c331-a697-f011-b4cc-6045bd09951e	1731	Joshua Sanderson	M	M25-29	245	15:56:00	1:34:54	0:17:12	8:11:31	0:09:16	5:43:07	United Kingdom	
27f54279-99af-4c6e-93d7-8ce3fe32559c	1732	Martin Rogers	M	M40-44	243	15:56:17	2:08:10	0:16:38	7:58:20	0:08:56	5:24:13	United Kingdom	
ceedeb43-2783-f011-b4cc-6045bd05fcc1	1733	David Bradley	M	M30-34	273	15:56:19	2:08:31	0:18:23	8:00:23	0:07:46	5:21:16	United Kingdom	
5ad855be-c05c-f011-bec2-6045bd05fcc1	1734	Haani Samuels	M	M30-34	274	15:56:30	1:51:49	0:16:42	8:17:08	0:08:09	5:22:42	United Kingdom	
10b40022-2f13-456f-b786-e3cb8f70d93d	1735	Laura Crandon	F	F50-54	13	15:56:56	1:38:05	0:16:45	8:08:17	0:11:05	5:42:45	Ireland	
9f434ba3-5478-ef11-a670-000d3a5a1803	1736	Toby Bello	M	M30-34	275	15:57:21	1:38:08	0:17:33	8:11:41	0:09:40	5:40:19	United Kingdom	
a4ea41b1-1252-457d-ba25-cff4671cbf0f	1737	Matthew Greenstreet	M	M30-34	276	15:57:34	1:31:55	0:17:55	8:10:02	0:07:10	5:50:33	United Kingdom	
9e4775f6-a41d-4ee6-b74c-5da5d8219fef	1738	Gareth Rees	M	M55-59	64	15:57:38	1:41:24	0:17:25	7:43:04	0:11:02	6:04:43	United Kingdom	
ee599f94-c83f-ef11-840a-00224809fd7c	1739	Niclas Costello	M	M35-39	257	15:57:43	1:47:51	0:17:14	8:04:41	0:07:42	5:40:15	United Kingdom	
54a7922f-f563-ed11-9562-000d3a314be4	1740	Jay Howells	M	M30-34	277	15:57:47	1:51:33	0:13:13	8:15:57	0:06:28	5:30:36	United Kingdom	
5a529ce5-90a3-ef11-8a6a-000d3a338a3c	1741	Daniel Jones	M	M18-24	107	15:57:53	1:25:07	0:16:54	8:33:12	0:06:42	5:35:58	United Kingdom	
8afc3e08-eebb-4715-b0ac-26b918a2768e	1742	Abigail Croft	F	F30-34	32	15:58:26	1:40:19	0:13:19	8:07:44	0:05:55	5:51:08	United Kingdom	
3bc763d1-15a1-f011-bbd3-000d3a35ffc1	1743	Celyn Denman	M	M30-34	278	15:58:27	1:38:46	0:15:16	7:51:21	0:07:46	6:05:19	French Southern Territories	
faf4d14f-9684-49d1-b1a4-49b6db5cdba0	1744	Chris Basnett	M	M35-39	258	15:58:29	1:36:05	0:22:02	8:08:32	0:08:06	5:43:44	United Kingdom	
a3417962-41ed-477c-82ee-ce6acf02b7d4	1745	Conor Rourke	M	M30-34	279	15:58:31	1:35:40	0:17:25	7:43:40	0:09:14	6:12:32	United Kingdom	
86f3f9f0-7073-ef11-a671-6045bd0953ac	1746	Hadley Whiting	M	M25-29	246	15:58:40	1:32:42	0:15:40	7:58:05	0:06:27	6:05:47	United Kingdom	
19e39db7-cf00-40ea-ad5f-c182594f98c9	1747	Gareth Dixon	M	M40-44	244	15:58:43	1:59:10	0:16:55	7:35:55	0:09:00	5:57:43	United Kingdom	
7cb236ed-ebd7-ef11-8ee9-000d3a5ae96c	1748	Ashleigh rose Price	F	F30-34	33	15:59:06	1:48:17	0:15:33	8:06:47	0:12:22	5:36:08	United Kingdom	
15477224-c492-42c0-b395-a45b0b32e8c9	1749	Gruff Roberts	M	M25-29	247	15:59:18	1:33:06	0:15:56	8:23:19	0:07:28	5:39:30	United Kingdom	
edbeeb77-7666-f011-bec3-000d3a3173b5	1750	Paul Williams	M	M35-39	259	15:59:21	1:40:56	0:17:06	8:02:46	0:10:04	5:48:29	United Kingdom	
26f55495-854c-44a0-8e21-aa449a685d48	1751	Luisa Barnes	F	F25-29	44	15:59:24	1:44:14	0:17:25	8:16:49	0:07:11	5:33:45	United Kingdom	
0bd66553-3b9a-f011-b4cc-000d3a5b50ba	1752	Harrison Jenkins	M	M18-24	108	15:59:37	1:38:48	0:20:24	7:47:48	0:10:01	6:02:36	United Kingdom	
cf3bb062-8da3-f011-bbd3-0022480a7385	1753	Alex Thomas	M	M25-29	248	15:59:47	1:52:25	0:18:50	7:53:59	0:11:06	5:43:27	United Kingdom	
c21f6b54-1e50-42bb-8c7e-70dba55c9e4f	1754	Carwyn Evans	M	M50-54	121	15:59:55	1:29:25	0:21:24	7:53:44	0:14:44	6:00:38	United Kingdom	
2641f26c-2276-f111-ab0e-70a8a5aecb3f	1755	James Postle		M18-24	109	16:00:05	1:25:00	0:21:06	7:56:18	0:10:47	6:06:54	United Kingdom	
4396f5fb-7898-f011-b4cc-000d3a5cf7d8	1756	Gemma Wilkes	F	F35-39	28	16:00:12	1:23:37	0:24:09	8:30:02	0:22:20	5:20:04	United Kingdom	
d235ccce-8c57-4fe2-88a6-bc03bc3c080d	1757	Charlie Roberts	M	M25-29	249	16:00:19	1:32:38	0:15:04	8:14:36	0:06:27	5:51:35	Australia	
7ce4601b-1c99-f011-b4cc-000d3a5b50ba	1758	Ewan Calder	M	M25-29	250	16:00:28	1:33:26	0:17:02	7:51:52	0:11:06	6:07:02	United Kingdom	
7edc351d-e005-f011-bae1-6045bd05fcc1	1759	Jackson T.S. Cheung	M	M18-24	110	16:00:39	1:28:28	0:14:12	8:28:23	0:12:12	5:37:24	Hong Kong	
e971413d-1da1-4396-9dec-60b26823c32b	1760	Dan Smith	M	M30-34	280	16:00:56	1:48:00	0:20:07	8:06:08	0:11:26	5:35:14	United Kingdom	
93e22a17-7ef3-4323-a080-b29a4a44cea9	1761	Christopher Evans	M	M35-39	260	16:00:57	1:32:40	0:17:56	7:47:44	0:11:51	6:10:44	United Kingdom	
89bb9510-9d7f-417c-816d-3cad0b74f360	1762	Lindsay Barnes	F	F45-49	20	16:01:06	1:41:55	0:16:17	8:06:06	0:06:52	5:49:56	United Kingdom	
c8a5fc57-9c7e-ef11-ac21-6045bd05c809	1763	Aimee Watson	F	F25-29	45	16:01:10	1:56:14	0:18:14	7:59:13	0:11:15	5:36:14	United Kingdom	
756dab00-3cac-f011-bbd3-000d3a3173b5	1764	Jordan Downie	M	M30-34	281	16:01:23	1:26:55	0:13:47	7:37:46	0:10:31	6:32:23	United Kingdom	
21a8b06b-7190-492d-9746-baab24078128	1765	Sonya Brotherton	F	F50-54	14	16:01:29	1:43:44	0:20:53	8:22:28	0:07:44	5:26:40	United Kingdom	
5ec9effc-179a-f011-b4cc-0022480c097c	1766	Owen Hughes	M	M18-24	111	16:01:32	1:50:10	0:15:27	8:18:36	0:05:28	5:31:50	United Kingdom	
91fde91a-caac-4315-bae7-3a17b6b7f847	1767	Neil Probert	M	M50-54	122	16:01:33	1:45:54	0:17:58	7:50:31	0:10:49	5:56:20	United Kingdom	
4d710a6c-0f93-4828-a940-4e6c163d5160	1768	John Laird	M	M55-59	65	16:01:34	1:16:34	0:15:27	8:15:19	0:09:14	6:04:59	United Kingdom	
d6bab515-0e28-4db0-889a-f2d5024a1655	1769	Gary Parkinson	M	M45-49	171	16:01:59	1:44:28	0:18:50	8:08:08	0:06:57	5:43:37	United Kingdom	
ebca2289-1af7-40ee-9261-4db49bf9512b	1770	Adam Tuaima	M	M55-59	66	16:02:47	1:42:02	0:15:15	7:51:34	0:21:29	5:52:26	United Kingdom	
c79df7dd-0342-4b8f-9f28-07446f783d60	1771	Nigel Evans	M	M50-54	123	16:02:48	2:06:20	0:17:08	7:44:52	0:08:21	5:46:08	United Kingdom	
f6b2233a-079a-f011-b4cc-6045bd05f634	1772	James Drake	M	M25-29	251	16:03:13	1:46:14	0:15:38	8:13:14	0:09:53	5:38:14	United Kingdom	
b84007b8-6a21-4d12-b1a9-f6960c46183c	1773	Alan Adye-Rowe	M	M40-44	245	16:03:41	1:18:31	0:17:58	8:34:28	0:11:20	5:41:23	New Zealand	
077283e6-1638-f011-8c4e-6045bd09951e	1774	Emily Bond	F	F25-29	46	16:03:59	1:36:38	0:17:38	8:08:08	0:09:36	5:51:59	United Kingdom	
bee46342-e95f-f011-bec3-6045bd05f634	1775	Richard Haggerty	M	M50-54	124	16:04:11	1:42:34	0:20:44	8:10:00	0:09:25	5:41:28	United Kingdom	
85e29da8-d69b-f011-b41c-000d3a5b7c3b	1776	Benjamin Pittaway	M	M25-29	252	16:04:22	1:55:16	0:14:52	7:49:54	0:09:41	5:54:40	United Kingdom	
7c3c7dcf-3a4d-46d5-860f-397bec07dac3	1777	Jozsef Ivan	M	M55-59	67	16:04:34	1:33:31	0:17:05	8:20:24	0:11:26	5:42:08	Hungary	
5fe656a4-c6c4-f011-bbd3-000d3a3173b5	1778	Harry Stitt	M	M18-24	112	16:04:42	1:36:23	0:21:56	7:47:50	0:16:58	6:01:35	United Kingdom	
bcc060c2-5b4f-4929-b9cb-2061428f2091	1779	Olli Derham	M	M30-34	282	16:04:42	1:48:48	0:14:14	8:19:54	0:09:37	5:32:09	United Kingdom	
af089955-2140-479e-81df-4a5ffd53a313	1780	David Blick	M	M50-54	125	16:04:47	1:31:07	0:15:07	7:31:23	0:10:43	6:36:27	United Kingdom	
de8f0898-c56d-4931-93b8-bf0f615a4f29	1781	Michael Tew	M	M35-39	261	16:04:51	1:53:17	0:22:47	8:03:17	0:09:43	5:35:46	United Kingdom	
b8cf755e-9c5c-4f4b-b9d8-e90a5a8dfe32	1782	Dave Maule	M	M45-49	172	16:04:54	1:20:07	0:16:42	7:39:55	0:09:19	6:38:51	United Kingdom	
dc8a5698-ab9c-f011-b41c-6045bd09951e	1783	Dean HEUER	M	M40-44	246	16:05:00	1:45:26	0:21:10	8:20:22	0:09:53	5:28:08	United Kingdom	
6f9792d4-b578-ef11-a670-000d3a30152c	1784	Jonathan Rhead	M	M50-54	126	16:05:17	1:29:10	0:18:16	7:09:48	0:09:15	6:58:48	United Kingdom	
078f2e55-0e9a-f011-b4cc-000d3a3173b5	1785	Steve Loizou	M	M55-59	68	16:05:41	1:32:42	0:23:44	7:45:10	0:11:19	6:12:46	United Kingdom	
10a14612-f931-4590-a75a-8aefe0ec7726	1786	Michael O'Flaherty	M	M55-59	69	16:06:04	1:57:26	0:19:11	7:59:35	0:17:12	5:32:39	Ireland	
fd0132b8-b1da-474d-aa87-f359e2f74582	1787	Edward Fogg	M	M30-34	283	16:06:06	1:46:57	0:16:02	8:24:35	0:08:18	5:30:14	United Kingdom	
ca987357-ce39-4fab-b9b9-8f183afb0bde	1788	Owen Hammett	M	M35-39	262	16:06:08	1:35:15	0:13:19	8:12:57	0:05:14	5:59:22	United Kingdom	
65732d6a-0d71-4795-9eb3-16d84de62f64	1789	Sara Pearce	F	F45-49	21	16:06:13	1:36:27	0:18:43	8:12:07	0:11:17	5:47:39	United Kingdom	
df6c7a44-7128-4308-89db-1a98591d35f7	1790	Megan Holland	F	F25-29	47	16:06:45	1:31:45	0:18:00	8:22:04	0:12:16	5:42:42	United Kingdom	
01da99c0-f96b-46a5-9ea8-8d1ec1c7297d	1791	Valerie Collins	F	F50-54	15	16:06:53	1:40:46	0:16:00	8:09:29	0:10:05	5:50:34	Ireland	
2845d119-aa55-4636-9739-fbbd1ef812d4	1792	Imogen Adshead	F	F30-34	34	16:06:58	1:30:04	0:14:46	8:35:29	0:11:17	5:35:21	United Kingdom	
595ffb13-559a-f011-b4cc-000d3a5cf7d8	1793	Ryan Rees-Paton	M	M30-34	284	16:07:00	1:50:52	0:18:50	7:42:17	0:09:41	6:05:21	United Kingdom	
ec6cfbb6-8f40-4b2d-8841-f69d2adea6d8	1794	Andrew Pearson	M	M30-34	285	16:07:00	2:04:40	0:15:34	7:52:51	0:07:14	5:46:41	United Kingdom	
6e5d72fe-e79b-f011-b41c-6045bd09951e	1795	Matthew Craig	M	M35-39	263	16:07:26	1:58:44	0:16:13	8:13:55	0:06:25	5:32:09	United Kingdom	
64a5cfb3-97cc-f011-bbd3-000d3a5b50ba	1796	Helena King	F	F45-49	22	16:07:44	1:51:01	0:15:31	8:15:08	0:10:14	5:35:50	United Kingdom	
af13aa64-7eab-ef11-b8e9-002248049fdc	1797	Craig Hackett	M	M35-39	264	16:07:51	1:25:43	0:15:10	8:01:23	0:08:28	6:17:07	United Kingdom	
6bbe4b40-c6bd-4fbd-8134-0a35c750e9e4	1798	Jason Dixon	M	M55-59	70	16:07:55	1:40:35	0:17:18	8:03:35	0:10:27	5:56:01	United Kingdom	
094da365-c7e7-463e-b3c4-63263feb97a3	1799	Alex Biffen	M	M30-34	286	16:08:05	1:42:22	0:18:17	8:07:54	0:10:02	5:49:30	United Kingdom	
81682d3e-33ef-f011-8407-6045bd04a162	1800	BRANDON JOHN	M	M30-34	287	16:08:10	1:38:00	0:19:33	8:29:33	0:09:31	5:31:33	United Kingdom	
36aa1965-98f3-49c7-849e-87f408e950af	1801	Luís Da Cruz	M	M55-59	71	16:08:32	1:34:36	0:21:58	8:21:26	0:10:38	5:39:54	Brazil	
5a67a401-76d9-450f-8eaf-462024b9b3e0	1802	Mark O'Hanlon	M	M60-64	29	16:08:36	1:32:46	0:20:08	8:11:05	0:14:01	5:50:36	United Kingdom	
6eaddde9-fd1c-4db6-8319-b7d6131783f0	1803	Steven Kell	M	M40-44	247	16:08:48	1:36:09	0:19:37	8:16:42	0:10:41	5:45:39	United Kingdom	
600a7245-7c1a-4242-ae52-25ede6e963aa	1804	Arthur Van Den Aarssen	M	M55-59	72	16:09:10	1:52:49	0:18:02	7:57:40	0:10:23	5:50:15	Netherlands	
d04fe74e-cd3e-f011-b4cb-000d3a35ffc1	1805	Jake Stephens	M	M30-34	288	16:09:22	1:37:09	0:15:42	8:11:54	0:11:15	5:53:22	United Kingdom	
97b91247-cf84-ef11-ac21-000d3a338a3c	1806	Natalie Mcknight	F	F35-39	29	16:09:45	1:33:00	0:18:15	8:18:43	0:15:11	5:44:36	United Kingdom	
98c66a53-5e94-45f5-88b6-d5d610be61b0	1807	Jonathan Pinkney	M	M45-49	173	16:10:11	1:34:23	0:19:20	8:08:10	0:15:36	5:52:42	United Kingdom	
757362b7-d09d-f011-b41c-002248098cfa	1808	Nathaniel Ali J Swartland	M	M25-29	253	16:10:16	1:42:08	0:21:08	7:55:12	0:10:17	6:01:32	United Kingdom	
a91b14c9-2e7a-45c7-8bea-a146019a45c1	1809	Gareth Phillips	M	M45-49	174	16:10:40	1:32:36	0:17:50	7:53:50	0:06:46	6:19:37	United Kingdom	
3ac60ab2-1696-f011-b4cc-6045bd05fcc1	1810	Carys James	F	F25-29	48	16:10:48	1:27:34	0:16:07	8:21:44	0:08:02	5:57:22	United Kingdom	
36f3b4a3-1a39-45d3-a925-3df6c75b798c	1811	Helen Nash	F	F45-49	23	16:10:56	1:53:15	0:18:22	7:59:00	0:10:59	5:49:18	United Kingdom	
d294b4a7-add4-4bfd-8c33-f42066497074	1812	Mike Dilley	M	M40-44	248	16:11:02	1:48:22	0:17:43	7:57:34	0:11:28	5:55:55	United Kingdom	
7e365746-a956-f011-877a-0022480c097c	1813	Chris Lowe	M	M35-39	265	16:11:23	1:36:34	0:18:16	8:17:23	0:06:35	5:52:34	United Kingdom	
9a2c011f-099a-f011-b4cc-000d3a5b7c3b	1814	Rhodri Luff	M	M45-49	175	16:11:24	1:32:16	0:18:05	7:39:42	0:12:09	6:29:12	United Kingdom	
a0730090-e647-ee11-be6d-000d3a314329	1815	Edward Cann	M	M45-49	176	16:11:25	1:49:01	0:20:13	7:40:44	0:13:52	6:07:34	United Kingdom	
d3c47ede-d6e9-4d50-88d8-596bddcb74c6	1816	Amy Taylor	F	F30-34	35	16:11:26	1:39:22	0:17:50	8:08:02	0:10:00	5:56:12	United Kingdom	
afd6dca5-ecfd-4d3f-abb6-97b449228ad7	1817	Warren Reid	M	M50-54	127	16:11:31	1:43:08	0:19:01	7:08:19	0:08:39	6:52:23	United Kingdom	
a46d63f1-1c5d-4294-a649-ea5673005d07	1818	Michael Lloyd	M	M40-44	249	16:11:46	1:36:52	0:20:21	8:20:45	0:09:41	5:44:07	United Kingdom	
724c654b-7751-f011-877a-000d3a35ffc1	1819	Marcus Lewis	M	M55-59	73	16:11:51	2:03:26	0:19:59	7:44:59	0:11:01	5:52:25	United Kingdom	
12edfdea-dc14-4e78-ae38-076590d2663b	1820	Leigh Jones	M	M40-44	250	16:12:02	1:46:02	0:23:00	8:13:21	0:09:33	5:40:07	United Kingdom	
7c5eccdd-3fbb-f011-bbd3-002248098cfa	1821	Alan Field	M	M40-44	251	16:12:32	1:35:34	0:13:49	8:20:09	0:10:09	5:52:51	United Kingdom	
b76eb48e-201f-4308-acd7-fa6ab0304c54	1822	Sarah Weare	F	F50-54	16	16:12:45	1:31:49	0:15:32	8:04:08	0:10:11	6:11:06	United Kingdom	
7c70b912-a2d6-ef11-8eea-002248049fdc	1823	Matthew Theaker	M	M40-44	252	16:13:16	1:32:10	0:19:29	7:50:40	0:10:51	6:20:07	United Kingdom	
b68c9838-e4c3-4d76-8236-9896ac42423f	1824	Jeremy Rowe	M	M50-54	128	16:13:28	1:24:03	0:16:40	8:27:23	0:10:32	5:54:50	United Kingdom	
cef79441-d2fc-4a58-aa20-c5855b8c44db	1825	Simon Liles	M	M40-44	253	16:13:30	1:24:07	0:14:39	7:54:55	0:13:14	6:26:34	United Kingdom	
23dd9f95-4dfd-e911-a811-000d3a5a1cf8	1826	Herwig Spitaels	M	M50-54	129	16:13:40	1:38:19	0:18:53	8:10:33	0:15:42	5:50:12	Belgium	
3fa5c988-5b8a-ef11-ac21-000d3a5a1803	1827	Luke Playle	M	M25-29	254	16:13:50	1:49:29	0:18:21	8:12:45	0:08:15	5:44:59	United Kingdom	
8b07150e-fe99-f011-b4cc-0022480a7385	1828	Keira Stacey	F	F18-24	24	16:13:55	1:31:01	0:19:41	7:14:00	0:10:56	6:58:18	United Kingdom	
4c8aaa14-4e7c-ef11-a670-000d3a5a1803	1829	Katie Peters	F	F45-49	24	16:14:03	1:47:31	0:19:49	8:07:05	0:13:23	5:46:14	United Kingdom	
5a1f1a69-6477-f011-b4cc-6045bd05f634	1830	Tom Hong	M	M35-39	266	16:14:13	2:10:55	0:18:11	7:44:43	0:05:08	5:55:17	United Kingdom	
3ed3f846-715c-ee11-be6f-000d3a31458d	1831	Matthew Thomas		M30-34	289	16:14:16	1:10:34	0:14:43	7:45:39	0:09:33	6:53:46	United Kingdom	
a0f7168b-1965-ef11-bfe3-000d3a371e3b	1832	Grace Daniels	F	F25-29	49	16:14:26	1:28:10	0:19:11	7:57:11	0:11:49	6:18:06	United Kingdom	
4e463f34-428c-441d-bd46-162f9f1425b4	1833	Joanne Hawkins	F	F45-49	25	16:14:43	1:41:03	0:17:21	7:40:58	0:12:06	6:23:15	United Kingdom	
3b4488ae-dd24-4b91-835b-a4903faaf96c	1834	Andrea Bunn	F	F55-59	6	16:14:48	1:28:39	0:14:52	7:23:54	0:08:26	6:58:58	New Zealand	
f5ebf942-e4a7-49bc-af6c-c8c82bc227f1	1835	Gareth Williams	M	M40-44	254	16:14:59	1:23:19	0:20:02	8:25:26	0:09:43	5:56:29	United Kingdom	
67e19799-3e0d-ef11-9f89-000d3a59e106	1836	Kevin Jones	M	M60-64	30	16:15:07	1:20:46	0:18:44	8:04:39	0:11:43	6:19:15	United Kingdom	
a8265964-1058-43f4-a420-edafb9c66c52	1837	Owen Clutterbuck	M	M45-49	177	16:15:26	1:35:01	0:14:19	8:08:38	0:07:11	6:10:18	United Kingdom	
2f8c0a0b-024a-4244-8de6-5022a0fd3be0	1838	Chris Mcbeth	M	M55-59	74	16:15:54	1:42:23	0:18:48	8:22:32	0:08:37	5:43:34	United Kingdom	
29ca686c-079a-f011-b4cc-000d3a35ffc1	1839	Jake Thurlow	M	M18-24	113	16:15:57	1:43:56	0:17:10	8:12:59	0:07:44	5:54:08	United Kingdom	
08ebfb8a-6249-f011-877a-000d3a3173b5	1840	Ocean Allen	F	F25-29	50	16:16:26	1:51:45	0:16:16	8:01:58	0:09:46	5:56:42	United Kingdom	
14857c37-cd9b-f011-b41c-000d3a35ffc1	1841	Oliver Moruzzi	M	M18-24	114	16:16:41	1:54:25	0:15:30	7:27:52	0:11:51	6:27:03	United Kingdom	
dd8b8f78-b046-f011-877a-000d3a5b7c3b	1842	James Parry	M	M35-39	267	16:16:45	1:38:44	0:20:05	7:51:34	0:08:40	6:17:41	United Kingdom	
6b5a0081-12aa-f011-bbd3-0022480a7385	1843	Darren Marsh	M	M45-49	178	16:16:46	1:43:23	0:27:26	7:58:19	0:22:46	5:44:53	United Kingdom	
ea4aed1e-3cb4-486d-9491-f1559168c192	1844	Luke Porter	M	M45-49	179	16:17:09	1:44:46	0:19:39	8:09:05	0:11:19	5:52:20	United Kingdom	
729524f5-20cf-f011-bbd3-000d3a5b7c3b	1845	Mario Mateos	M	M30-34	290	16:17:09	1:47:02	0:18:42	8:01:45	0:09:32	6:00:08	Spain	
c1817bf1-a674-ed11-81ab-000d3a31458d	1846	Mark Payne	M	M60-64	31	16:17:09	1:38:02	0:21:42	8:12:18	0:14:20	5:50:48	United Kingdom	
41e7fdbb-613b-4e03-bf24-ea78ad0aebcb	1847	Bethan Schule	F	F30-34	36	16:17:28	1:49:41	0:18:49	7:45:38	0:10:21	6:12:58	United Kingdom	
a4d7ad56-6162-4f57-af60-082fc8e8c865	1848	Andrew Harries	M	M65-69	7	16:17:30	1:56:03	0:20:43	7:50:29	0:14:56	5:55:19	United Kingdom	
3b115b9a-4478-f011-b4cc-6045bd05f634	1849	John Cridland	M	M25-29	255	16:17:30	1:36:31	0:16:51	7:45:30	0:08:45	6:29:54	United Kingdom	
96adb4a5-fb11-46a8-889d-6ffa9b0b950e	1850	Dan Mcdermott	M	M35-39	268	16:17:38	1:35:35	0:16:02	7:59:06	0:06:12	6:20:43	United Kingdom	
69bad6a8-051f-41a3-96d0-1d634e5235ca	1851	Wayne Ormond	M	M40-44	255	16:17:46	1:46:02	0:15:45	8:12:01	0:06:06	5:57:52	United Kingdom	
9b976bc1-604d-ee11-be6e-000d3a314be4	1852	Sean Robinson	M	M35-39	269	16:17:59	1:53:33	0:16:35	7:46:28	0:07:20	6:14:03	United Kingdom	
624b6ca9-079a-f011-b4cc-6045bd09951e	1853	Ted Wignall	M	M35-39	270	16:18:34	1:37:56	0:18:54	8:06:02	0:13:45	6:01:58	United Kingdom	
d6cdc131-9c9e-f011-b41c-000d3a5cf7d8	1854	Lydia Wignall	F	F25-29	51	16:18:36	1:37:56	0:18:56	8:05:59	0:13:46	6:01:59	United Kingdom	
2aa79814-c155-4b07-8c45-f4f7428e5507	1855	Fiona Denton	F	F25-29	52	16:18:37	1:56:21	0:14:29	8:10:44	0:07:24	5:49:39	United Kingdom	
94f6bebb-9fd4-4613-8b3a-24fa54744219	1856	Katja Empson	F	F50-54	17	16:18:39	1:37:11	0:15:19	8:01:12	0:07:50	6:17:07	United Kingdom	
a56d74b3-2ba6-47f2-bf74-c0bf921ebadf	1857	Matthew Poultney	M	M35-39	271	16:18:44	1:29:53	0:15:55	7:46:15	0:12:20	6:34:20	United Kingdom	
72041881-079a-f011-b4cc-000d3a5b7c3b	1858	Alex Dart	M	M30-34	291	16:19:00	1:26:08	0:19:21	8:08:12	0:19:16	6:06:03	United Kingdom	
648bb711-b89c-4f03-b627-318ad1f78393	1859	Emma Ryan	F	F50-54	18	16:19:05	1:34:13	0:18:34	8:34:03	0:07:42	5:44:33	United Kingdom	
419c93b1-2d0e-42c5-8087-cd65c9c39728	1860	Sharon Trivett	F	F55-59	7	16:19:18	1:47:17	0:16:55	8:01:51	0:06:26	6:06:50	United Kingdom	
1bbfd5f8-ecdf-46a5-822b-4f65aa1aa4f5	1861	David Hutin	M	M60-64	32	16:19:22	1:42:06	0:29:49	8:02:23	0:11:46	5:53:18	United Kingdom	
2b54721e-3e79-f011-b4cb-000d3a5cf7d8	1862	Alun Stevens	M	M45-49	180	16:19:28	1:44:37	0:22:41	8:07:13	0:14:35	5:50:22	United Kingdom	
e2227960-0e9a-f011-b4cc-002248098cfa	1863	Bethany Wilson-Goodwill	F	F30-34	37	16:19:40	1:28:17	0:17:25	8:05:31	0:10:37	6:17:51	United Kingdom	
7beae157-e96a-4d00-ae72-5ab29d33670c	1864	Iola-Belle Lake	F	F18-24	25	16:20:50	1:28:00	0:13:06	8:08:16	0:10:34	6:20:54	United Kingdom	
9af76928-b29a-f011-b4cc-6045bd09951e	1865	Jasmin Sykes	F	F25-29	53	16:21:14	1:48:30	0:15:35	8:04:26	0:07:33	6:05:10	United Kingdom	
33ce09ea-d814-4792-9004-388e628a629e	1866	Daniel Bowden	M	M30-34	292	16:21:17	1:43:26	0:15:17	8:17:34	0:08:56	5:56:03	United Kingdom	
e3a48801-099a-f011-b4cc-0022480c097c	1867	Dease Kerrison	M	M30-34	293	16:21:18	1:41:58	0:20:05	8:21:50	0:16:38	5:40:47	United Kingdom	
8c39ce17-109f-f011-b41c-000d3a5b50ba	1868	Liam Trotman	M	M18-24	115	16:22:17	1:37:29	0:16:59	8:19:51	0:12:42	5:55:17	United Kingdom	
a0c46b4e-daae-497f-8c51-ad2370ba8fde	1869	Tim Booth	M	M40-44	256	16:22:27	1:28:23	0:17:10	8:18:39	0:07:34	6:10:41	United Kingdom	
9732800d-962e-f011-8c4d-000d3a5cf7d8	1870	Sophia Turnbull	F	F18-24	26	16:22:30	1:37:37	0:13:54	7:52:48	0:07:22	6:30:49	United Kingdom	
b78c0469-e800-f111-8406-002248046ec8	1871	Morgan Harris	M	M18-24	116	16:22:31	1:39:19	0:18:54	8:07:48	0:13:10	6:03:20	United Kingdom	
6a26093e-6365-ef11-bfe3-000d3a367177	1872	Natasha Street	F	F35-39	30	16:22:47	1:20:46	0:13:09	8:36:24	0:06:07	6:06:21	United Kingdom	
4bc8b2b2-2c34-ed11-9db1-000d3a33855d	1873	Vicki Cole	F	F50-54	19	16:22:51	1:32:49	0:21:42	8:17:48	0:12:38	5:57:52	United Kingdom	
e4136ae4-56d4-ef11-8ee9-00224806c129	1874	Chris Grice	M	M35-39	272	16:23:15	1:56:11	0:19:39	7:54:54	0:10:53	6:01:38	United Kingdom	
a0fb7332-ab77-421c-b875-c5f9c57cc87d	1875	Tom Judge	M	M30-34	294	16:23:15	1:59:52	0:16:44	7:58:04	0:08:03	6:00:32	United Kingdom	
c4865a18-db3e-4183-9fbc-6490f9b636f4	1876	Sharon Page	F	F55-59	8	16:23:37	1:37:35	0:17:20	8:02:41	0:07:12	6:18:49	United Kingdom	
bcf06cfc-cbf2-4639-9be6-0c552b197368	1877	Damian Aitchison	M	M45-49	181	16:23:43	1:41:39	0:15:52	8:32:12	0:07:56	5:46:05	United Kingdom	
5254b180-cb9b-f011-b41c-000d3a5b50ba	1878	carlos javier fernandez campillo	M	M40-44	257	16:23:45	1:57:09	0:19:15	7:48:18	0:12:14	6:06:49	Spain	
0ca30035-2e87-ef11-ac21-000d3a338a3c	1879	Matthew Clarke	M	M30-34	295	16:23:47	1:40:21	0:15:51	8:32:13	0:07:01	5:48:21	United Kingdom	
e2d72fce-680c-45b4-976b-36f921f3957f	1880	scott Cartwright	M	M50-54	130	16:23:55	1:30:50	0:15:23	8:27:21	0:08:08	6:02:13	United Kingdom	
c4df2be9-8298-456c-af68-aba81640b265	1881	Martin Fox	M	M35-39	273	16:24:16	1:40:10	0:15:22	8:14:22	0:08:16	6:06:05	United Kingdom	
c6d16542-8cc0-4023-918d-4cb3b76d86c0	1882	Andrew Bolton	M	M50-54	131	16:24:22	1:47:19	0:19:43	8:08:01	0:08:28	6:00:52	United Kingdom	
9f4b4195-5fb4-493e-8cd9-a15392d8c989	1883	David Morgan	M	M45-49	182	16:24:31	2:05:33	0:16:52	7:35:42	0:09:18	6:17:06	United Kingdom	
4e3d9a4a-0500-ef11-a1fd-6045bd07328d	1884	Torr Phillips	F	F35-39	31	16:25:08	1:20:53	0:14:14	8:14:54	0:06:04	6:29:03	United Kingdom	
5cfba907-6936-4b00-ad77-c51aa6d6c284	1885	Kevin Saunby	M	M40-44	258	16:25:23	1:57:08	0:14:01	8:11:08	0:07:47	5:55:19	United Kingdom	
a98272df-7ddf-46e0-8fba-a9a3c45b49ca	1886	Christopher Bloodworth	M	M65-69	8	16:25:53	1:37:19	0:17:01	8:11:18	0:11:15	6:09:00	United Kingdom	
3065dc23-ed23-ee11-9cbe-000d3a31440b	1887	Lisa Griffith	F	F25-29	54	16:26:09	1:35:46	0:17:04	8:20:25	0:14:32	5:58:22	United Kingdom	
4362614c-79ab-f011-bbd3-6045bd05fcc1	1888	steven clynes	M	M55-59	75	16:26:31	1:21:07	0:14:54	8:30:16	0:16:56	6:03:18	United Kingdom	
bceebfe1-ec07-43c3-9dc3-e64214ecf5f1	1889	Sara Birkett	F	F55-59	9	16:27:03	1:47:59	0:21:52	8:02:01	0:09:17	6:05:54	United Kingdom	
48f0869e-029a-4a4d-81ff-5456f984f12d	1890	Becky Varnouse	F	F45-49	26	16:27:19	1:40:36	0:17:32	8:10:30	0:11:41	6:07:00	United Kingdom	
06bf9f01-20a8-f011-bbd3-6045bd05fcc1	1891	Tom Mckeown	M	M30-34	296	16:27:40	1:43:41	0:19:13	8:24:43	0:07:13	5:52:49	United Kingdom	
f5ff34ba-0b97-f011-b4cc-6045bd09951e	1892	Iwan Evans	M	M25-29	256	16:27:43	1:33:49	0:18:33	8:04:16	0:11:17	6:19:48	United Kingdom	
a3cfa1d6-a4da-ef11-8ee9-6045bd018d16	1893	Steven Hazlerigg	M	M25-29	257	16:27:46	1:28:09	0:18:01	8:39:32	0:11:34	5:50:30	United Kingdom	
980827fb-8864-4d9e-a129-0b3b8fab4bc7	1894	Sean Ware	M	M40-44	259	16:28:41	2:06:15	0:17:50	7:53:41	0:12:06	5:58:49	United Kingdom	
fa4fb38a-599f-4ad9-9508-9b0d2751e107	1895	Robert Bennett	M	M50-54	132	16:29:37	1:56:39	0:17:53	8:13:46	0:07:46	5:53:34	United Kingdom	
48969dc0-151f-4fb3-a198-ad3bf571221c	1896	Ellie Morgan	F	F25-29	55	16:29:38	1:40:36	0:14:07	8:21:13	0:07:03	6:06:38	United Kingdom	
cf5eb71b-8f9c-f011-b41c-000d3a5b50ba	1897	Callum McLean	M	M25-29	258	16:30:06	1:31:51	0:19:49	8:27:30	0:11:16	5:59:39	United Kingdom	
5f78b348-fd80-4bb3-8ed7-c75f26218016	1898	Richard Lowe	M	M50-54	133	16:31:14	1:58:53	0:14:50	8:07:27	0:07:01	6:03:02	United Kingdom	
f0d4ecf7-9169-47a8-bd53-dd688746eee6	1899	Struan Lownie	M	M45-49	183	16:31:33	1:18:30	0:16:49	8:19:29	0:08:56	6:27:48	United Kingdom	
b0c6b0ad-e0da-470e-a974-25e04c9e8bfd	1900	Gareth Yeoman	M	M35-39	274	16:31:48	1:35:47	0:16:00	7:45:44	0:09:08	6:45:09	United Kingdom	
a45779b9-5cfd-4d87-b8f9-b78ddfa14586	1901	Martyn Pennell	M	M50-54	134	16:31:50	1:45:31	0:17:25	8:16:28	0:07:24	6:05:02	United Kingdom	
8baf7417-2fe3-412c-895d-99e8a305e8a7	1902	james gilzean	M	M40-44	260	16:32:05	1:46:12	0:17:36	8:07:15	0:11:54	6:09:07	United Kingdom	
fbfbd955-dbf9-473b-9b14-4c80fa032da4	1903	Jonathan Wales	M	M50-54	135	16:32:21	1:55:02	0:16:50	8:01:49	0:11:39	6:07:00	United Kingdom	
7bbcce71-f511-400b-af44-72607bdaecfe	1904	Alexa Sackmann	F	F35-39	32	16:32:24	1:52:16	0:19:45	8:12:32	0:07:24	6:00:27	United Kingdom	
9e45be96-4515-4ec7-a762-b0fc830e0194	1905	Jay Waddington	M	M50-54	136	16:32:33	1:41:10	0:22:32	8:10:13	0:14:13	6:04:24	United Kingdom	
46224f3d-71ea-e811-a977-000d3a34edeb	1906	Peter Wallis	M	M45-49	184	16:32:42	1:28:22	0:20:44	8:34:07	0:09:16	6:00:13	United Kingdom	
3b2a36ec-c19b-f011-b41c-000d3a3173b5	1907	Rebecca McDonald	F	F45-49	27	16:32:46	1:32:16	0:18:13	8:09:56	0:11:46	6:20:35	United Kingdom	
1f8c64c4-8b48-f011-877a-6045bd09951e	1908	Jay Owen	M	M25-29	259	16:32:55	1:43:20	0:15:19	8:00:17	0:10:13	6:23:45	United Kingdom	
83e9afe9-3395-f011-b4cc-6045bd05fcc1	1909	David Evans	M	M40-44	261	16:33:26	1:27:59	0:17:34	8:16:06	0:11:05	6:20:41	United Kingdom	
a5bd2485-6d19-486f-bc7a-caa15c630a46	1910	Craig Thomas	M	M55-59	76	16:34:08	2:03:34	0:17:01	7:48:44	0:10:10	6:14:38	United Kingdom	
dda895f5-017c-ef11-a670-000d3a5b3d07	1911	Yuichi Yoshinaga	M	M55-59	77	16:34:10	1:44:26	0:16:06	8:12:09	0:11:16	6:10:13	Japan	
b7b9b822-172c-4ac6-98d7-0f6429ddd8b5	1912	Dave Lawrence	M	M45-49	185	16:35:22	1:17:37	0:17:48	8:45:36	0:05:47	6:08:34	United Kingdom	
5d8051f9-a786-4617-a73b-7aa3f1aed9cd	1913	Martyn Beddows	M	M30-34	297	16:35:54	1:39:16	0:18:18	8:11:55	0:11:28	6:14:57	United Kingdom	
2fff7e2a-6587-f011-b4cc-6045bd05f634	1914	Rod James	M	M70-74	1	16:37:19	1:42:09	0:16:59	8:20:43	0:06:43	6:10:45	United Kingdom	
8e89b4f3-a9a0-ef11-8a6a-000d3a338a3c	1915	Frideric Prandecki	M	M35-39	275	16:37:54	1:33:33	0:19:56	8:07:17	0:10:36	6:26:32	United States	
52eeab17-05b9-f011-bbd2-000d3a5b7c3b	1916	Michael Hamer	M	M45-49	186	16:38:12	2:05:34	0:13:45	8:10:15	0:10:10	5:58:28	United Kingdom	
ef13802b-5772-4df8-a17f-01c281fadd4b	1917	Carrie-Ann Price	F	F50-54	20	16:38:29	1:48:36	0:16:30	8:17:58	0:12:07	6:03:17	United Kingdom	
47d7a9a6-0fa2-f011-bbd3-000d3a3173b5	1918	Hazel Davies		F45-49	28	16:38:31	1:45:21	0:14:35	8:08:07	0:09:46	6:20:42	United Kingdom	
66d97ad9-c866-ef11-bfe3-00224808301f	1919	Thomas Bell	M	M40-44	262	16:38:56	1:37:52	0:17:50	8:17:01	0:12:57	6:13:16	United Kingdom	
3730aa58-015d-4c78-8e8c-aa65784c8332	1920	Paul Hodgkinson	M	M50-54	137	16:39:27	1:19:37	0:21:58	8:37:47	0:10:08	6:09:57	United Kingdom	
a7c5d291-da62-ef11-bfe3-00224808301f	1921	Tarian Vaughan	M	M18-24	117	16:39:51	1:35:05	0:14:04	8:33:50	0:06:09	6:10:43	United Kingdom	
b8b9c774-7195-ef11-8a6a-000d3a30152c	1922	Nigel Frith	M	M55-59	78	16:40:59	1:52:33	0:18:37	7:59:00	0:09:43	6:21:06	United Kingdom	
6cb58bc2-793b-ed11-9db0-002248086e9d	1923	Jen Evans	F	F40-44	25	16:41:52	1:40:47	0:15:35	8:02:08	0:09:42	6:33:39	United Kingdom	
2c20e8b4-7e71-41c9-836a-9d606bba447d	1924	Izaak Duffy	M	M35-39	276	16:41:54	1:55:01	0:18:47	7:53:00	0:08:34	6:26:33	Ireland	
707423f6-faac-4080-a3e8-97cad79087f2	1925	Martin Reilly	M	M55-59	79	16:42:33	2:17:46	0:14:01	7:50:53	0:10:58	6:08:54	United Kingdom	
4e5a4106-3675-ef11-a671-6045bd010fe7	1926	Fabio Boscolo Agostini	M	M35-39	277	16:43:10	1:38:24	0:21:57	8:12:15	0:09:19	6:21:16	Italy	
eb9bf4da-4250-4048-b5c0-8e9bd11f1698	1927	Helen Davies	F	F50-54	21	16:45:38	1:44:08	0:17:06	8:28:29	0:12:36	6:03:20	United Kingdom	
77b77125-842c-4a19-a73b-9b0b3361c13d	1928	Stuart Davies	M	M50-54	138	16:47:31	1:48:19	0:18:34	8:21:53	0:07:32	6:11:13	United Kingdom	
7aa39f45-2165-ef11-bfe3-00224808301f	1929	Sophie Charles	F	F25-29	56	16:48:05	1:40:05	0:16:47	8:31:49	0:10:07	6:09:17	United Kingdom	
2d83be2a-de43-4a9d-928f-bbca03b8a624	1930	Dwayne Dawson	M	M65-69	9	16:48:13	1:53:37	0:22:16	7:56:13	0:15:21	6:20:46	United Kingdom	
c769d1c6-601a-42fa-b99b-289cc7c52edf	1931	Samantha Mazer	F	F40-44	26	16:48:45	1:19:14	0:20:26	8:08:43	0:12:29	6:47:52	United States	
d33b1c2c-0b58-f011-877b-6045bd05f634	1932	Paul Colley-Davies	M	M60-64	33	16:50:34	2:06:19	0:16:36	7:50:02	0:09:05	6:28:32	United Kingdom	
b73eda1a-ea3b-ec11-b6e5-00224808f5b8	1933	Steven Holford	M	M55-59	80	16:50:47	1:48:22	0:26:56	7:44:29	0:09:53	6:41:07	United Kingdom	
2f4a21d6-c2ec-4eab-a974-c6014a7554d2	1934	Daniel John	M	M50-54	139	16:51:02	1:24:14	0:23:35	7:55:35	0:11:25	6:56:14	United Kingdom	
47bdf32c-7295-f011-b4cb-000d3a3b2356	1935	Mathew Pritchard	M	M45-49	187	16:51:39	1:31:04	0:18:00	8:19:26	0:10:42	6:32:28	United Kingdom	
5752a47d-009b-f011-b4cc-000d3a3173b5	1936	Paul Quinn	M	M55-59	81	16:52:48	2:05:21	0:16:21	7:56:38	0:09:22	6:25:05	United Kingdom	
7acce6c5-7e52-4b81-afdc-1fcdab116518	1937	Graham Butler	M	M35-39	278	16:53:46	1:20:21	0:12:24	8:42:55	0:07:21	6:30:46	Ireland	
bc8f999f-36a1-f011-bbd3-000d3a5cf7d8	1938	D. Maurice McKeown	M	M55-59	82	16:54:23	1:35:01	0:22:52	8:17:37	0:12:33	6:26:19	United Kingdom	
a67acb2d-ad75-4fdd-943c-f60b7a550132	1939	Michael O'Brien	M	M40-44	263	16:55:33	1:56:38	0:18:36	8:02:56	0:08:39	6:28:44	United Kingdom	
eb061b07-5582-418e-a3a3-7f1c885c39bc	1940	Milind Soman	M	M60-64	34	16:56:20	1:26:05	0:26:24	8:34:53	0:10:16	6:18:42	India	
2e78bee6-84fb-44f3-b911-698da21aa70a	1941	James Mowbray	M	M50-54	140	16:56:29	1:27:05	0:20:02	8:18:56	0:10:18	6:40:07	United Kingdom	
90806591-5e60-481a-8ae7-0bdf4514788a	99999	Geoff Briggs	M	M45-49	99999							United Kingdom	DNS
e8cf517e-237d-4d73-aacc-77137cfb0a62	99999	Joel Dodds	M	M25-29	99999		1:53:36	0:16:55				United Kingdom	DNF
437e5943-4ebf-4aa5-9a48-ea52169c3a73	99999	Panorkwan Toparkngarm	F	F50-54	99999		2:15:21	0:19:34				Thailand	DNF
378cd4f0-6447-ee11-be6d-000d3a314d17	99999	Oliver Madden	M	M25-29	99999		2:11:48	0:14:57				United Kingdom	DNF
0943b967-1fd9-e911-a97c-000d3a3740b7	99999	Matthew Duggan	M	M40-44	99999		1:47:29	0:13:45				United Kingdom	DNF
94c7d580-3cbf-44b7-8435-109402e458bb	99999	Gwyn Everett	M	M55-59	99999							United Kingdom	DNF
231e42b1-b47d-ef11-ac20-000d3a59a9a1	99999	Jordan Brace	M	M25-29	99999		1:14:34	0:10:13				United Kingdom	DNF
bb98388f-4f42-4c63-b309-a0345a3ad124	99999	Nicola Sinclair	F	F45-49	99999		1:57:27	0:16:06				United Kingdom	DNF
1c440d1b-0b5a-4e12-8762-c85a4bcdb8e3	99999	Adam Gregory	M	M35-39	99999		1:44:50	0:20:20				United Kingdom	DNF
d8ba62ed-7845-4964-8fc6-9fbc80997b9c	99999	Sarah Bruce-Green	F	F45-49	99999		1:57:24	0:21:07				United Kingdom	DNF
9a076aef-9eb6-4215-9326-f4986ce80de3	99999	Gareth Morris	M	M45-49	99999		1:53:03	0:15:48	8:29:57	0:07:41		United Kingdom	DNF
47e0833f-7a12-4e2f-be75-7fdf8d2fb35b	99999	Robert Jones	M	M45-49	99999		1:21:39	0:16:34				United Kingdom	DNF
96abffe7-3268-ef11-bfe3-000d3a371e3b	99999	Glyn Price	M	M45-49	99999		2:23:00	0:14:08				United Kingdom	DNF
1df5fb19-7cbc-4657-9626-a5cfdaa4135c	99999	Stephen George	M	M45-49	99999		2:12:45	0:18:58				United Kingdom	DNF
6918d07f-6d48-4ca5-9265-c7ae8b5ad4e8	99999	Lukas Schnödewind	M	MPRO	99999		0:52:52	0:06:57	5:14:41	0:03:42		Germany	DNF
bc4516cb-3292-f011-b4cc-000d3a5cf7d8	99999	Marlon Trump	M	M35-39	99999		1:29:43	0:22:54				United Kingdom	DNF
ce7d71b0-47dc-e911-a987-000d3a36478d	99999	Dai Morgan	M	M45-49	99999		2:25:43	1:29:44				United Kingdom	DNF
6203c509-acb3-4d5d-a5c6-093a630bb6bb	99999	Neil Batsford	M	M45-49	99999							United Kingdom	DNS
85baa1de-55b0-4a9b-8b49-ebf4bee2086a	99999	Christopher Jones	M	M55-59	99999		2:14:52	0:18:48	8:03:29	0:08:07		Ireland	DNF
a6540089-3abb-44aa-afbf-30e838680667	99999	Jacob Keith	M	M18-24	99999							United Kingdom	DNF
86e30b54-0f06-423b-8f1c-f2c2c0934504	99999	Benjamin Sharp	M	M35-39	99999		1:07:57	0:14:32				United Kingdom	DNF
caf04556-a1e5-f011-8543-6045bd05fcc1	99999	Ben Chouhan	M	M25-29	99999		1:36:20	0:18:21				United Kingdom	DNF
39644a11-3c53-43f4-bcc0-c486868e4bfb	99999	Mike Evans	M	M55-59	99999							United Kingdom	DNS
38b9f7da-c6db-406d-ab0e-b2919fd6605a	99999	Kloe Gibson	F	F25-29	99999		1:36:46	0:12:07				United Kingdom	DNF
728772c1-0a92-ef11-ac21-002248049fdc	99999	Ellen Ardley	F	F35-39	99999		1:58:54	0:32:43				United Kingdom	DNF
06e7c6b1-dcaf-ee11-a569-000d3a314d17	99999	Kieran Dunne	M	M25-29	99999		2:23:46	1:24:03				Ireland	DNF
d9e65206-7dcc-f011-bbd2-000d3a5b5fc7	99999	Joshua Venning	M	M25-29	99999		1:56:12	0:17:28				United Kingdom	DNF
e4fbe587-1dc0-4c62-a9a9-084d3072fe83	99999	Emma Vincent	F	F45-49	99999		2:03:11	0:14:45				United Kingdom	DNF
2e065d30-7295-f011-b4cc-000d3a5cf7d8	99999	Phillip Smith	M	M55-59	99999							United Kingdom	DNF
9d4b06da-8b7e-ef11-ac21-000d3a338a3c	99999	Kiara Gorst	F	F50-54	99999		1:33:18	0:19:38	8:37:07	0:06:27		United Kingdom	DNF
6108c55d-a638-f011-8c4e-000d3a35ffc1	99999	Abbie Spencer	F	F35-39	99999		1:44:57	0:16:36				United Kingdom	DNF
ca213af1-3b98-4667-8558-f79aedec816e	99999	Kieran Tomlinson	M	M25-29	99999		1:44:50	0:11:51				United Kingdom	DNF
24d33a6b-ef57-46b4-94f1-cda7e679fbdd	99999	Jamie Woods	M	M50-54	99999		1:53:03	0:17:20				United Kingdom	DNF
007a1d26-eb18-48e3-8a2b-544c23aeb603	99999	Chris Lock	M	M40-44	99999							United Kingdom	DQ
94e81c2a-f957-4e24-9281-6fc48b1260e0	99999	Alexandre Nobre	M	MPRO	99999		0:50:43	0:06:56				Portugal	DNF
dbcfc7c5-9674-ef11-a670-0022480ac0a9	99999	Patrick Vo	M	M40-44	99999							United States	DNF
34dee76f-d41a-4264-afab-fcad9cc6b37f	99999	Belinda Channing	F	F60-64	99999							United Kingdom	DNF
d9392c5f-2058-f011-877a-002248098cfa	99999	Tam McNab	M	M35-39	99999							United Kingdom	DNF
d708ac51-dc3a-4dd2-82d1-c64836561d75	99999	Cameron Jones	M	M25-29	99999		1:53:02	0:15:35				United Kingdom	DNF
09b27a59-8f6a-4b71-b767-6743df31b75b	99999	Alex Chase	M	M30-34	99999		1:38:56	0:16:44	8:36:05	0:18:57		United Kingdom	DNF
7e263d48-01b6-4f03-b37a-112850203f9e	99999	Ian Smith	M	M55-59	99999		1:19:24	0:16:48				United Kingdom	DNF
b710aeca-a77a-ef11-a670-000d3a5a1803	99999	John Ritchie	M	M35-39	99999		1:19:39	0:11:08				United Kingdom	DNF
7cbacda7-973a-4323-a825-7e7c8d655a92	99999	Alex Knight	M	M25-29	99999		1:42:43	0:16:20				United Kingdom	DNF
e5c3148d-7902-44e1-b526-af80f741958b	99999	Liam Bennett	M	M45-49	99999		1:37:55	0:20:12	6:38:40	0:18:04		United Kingdom	DNF
afde4806-ce81-4001-bf4a-455b4e834e23	99999	Arnold Gad-Briggs	M	M40-44	99999		2:03:18	0:22:33				United Kingdom	DNF
6a3d2650-a987-4ec5-bedc-eec4d87cf817	99999	Natalia Piusinska	F	F40-44	99999		1:58:16	0:15:11				Poland	DNF
86a5f780-cd7c-eb11-a812-002248099e28	99999	Calum Jones	M	M30-34	99999		1:25:22	0:13:42				United Kingdom	DNF
bdad54d0-777a-ef11-a670-000d3a5a1803	99999	Natasha Hughes	F	F25-29	99999		1:59:56	0:12:34				United Kingdom	DNF
2bc3d8e7-093a-4b92-8b50-c4947e3d8c47	99999	Louis Dunne	M	M18-24	99999		0:55:44	0:07:12	6:23:07			United Kingdom	DNF
2807c4da-fbb7-f011-bbd3-000d3a5cf7d8	99999	Ewan Shek	M	M25-29	99999							United Kingdom	DNF
b6793e1a-c796-403b-aeef-4c862ad38a59	99999	Paul Jones	M	M50-54	99999							United Kingdom	DNS
44282ac6-939c-f011-b41c-6045bd05fcc1	99999	Harrison Davies	M	M18-24	99999		1:51:55	0:25:49				United Kingdom	DNF
7c64c2bc-2e9a-f011-b4cc-000d3a3173b5	99999	Sam Muirhead	M	M25-29	99999				8:08:38			United Kingdom	DNF
c4b61e0c-222b-4a21-854d-c644b49be1fe	99999	Richard Williams	M	M45-49	99999		2:10:34	0:20:51				United Kingdom	DNF
45ec417e-de81-f011-b4cc-000d3a5b50ba	99999	Callum Scott	M	M25-29	99999		1:30:00	0:16:47				United Kingdom	DNF
a33b2bb2-3665-ef11-bfe3-000d3a3b4ec1	99999	Martin Dermody	M	M45-49	99999		2:27:04	1:23:41				United Kingdom	DNF
146f0f2c-2232-ee11-bdf3-000d3a314d17	99999	Jason Drewett	M	M45-49	99999							United Kingdom	DNS
5ead36d0-7844-4065-905d-81cd96da2625	99999	Sophie Ellis	F	F25-29	99999		1:59:55	0:16:16				United Kingdom	DNF
5256834b-b723-ef11-840a-0022480bf80c	99999	Drew Mellor	M	M45-49	99999		2:08:00	0:13:43				United Kingdom	DNF
487d3e2a-835e-4dd2-8da8-6617d6f79aad	99999	Liam Rowlands	M	M25-29	99999							United Kingdom	DNS
b766a6f9-edbb-f011-bbd3-0022480c097c	99999	Hugo Bodory	M	M55-59	99999		2:07:36	0:24:33				Austria	DNF
2da7a332-a241-45ca-bc7a-c00741b745c5	99999	Sophie Braakenburg	F	F18-24	99999		1:14:20	0:14:38				United Kingdom	DNF
88206475-83a7-f011-bbd3-000d3a35ffc1	99999	Marc Oehler	M	M30-34	99999		2:15:03	0:18:25				Germany	DNF
ae761725-067c-ef11-a670-002248049fdc	99999	Owain Groves-Lock	M	M25-29	99999		1:12:40	0:10:57				United Kingdom	DNF
415934fd-ec7b-4d7f-ac3c-df830c0a8cbc	99999	Linzi Byrne	F	F45-49	99999		1:52:32	0:23:44				United Kingdom	DNF
65977e5d-cdad-4d8a-a422-cd8cb9e1d3bc	99999	Patrick James	M	M30-34	99999		1:25:23	0:10:46	6:09:02	0:03:56		United Kingdom	DNF
7a8999a9-5a52-443e-9473-7c2067bf5a18	99999	Bethan Taylor-Lloyd	F	F50-54	99999		1:59:41	0:18:43				United Kingdom	DNF
151d19fd-dac8-f011-bbd3-000d3a5cf7d8	99999	Jaydon Rickard	M	M18-24	99999		1:49:42	0:26:34				United Kingdom	DNF
61f51fd1-3196-f011-b4cc-6045bd05fcc1	99999	Robbie Waters	M	M40-44	99999							United Kingdom	DNF
2616679c-017b-ed11-81ad-000d3a314c24	99999	Ben Mirza	M	M40-44	99999		1:46:29	0:22:13	7:48:25	0:07:32		United Kingdom	DNF
f8cf83f0-42fa-4391-bc5c-041a872847db	99999	Brendan Monnelly	M	M40-44	99999		1:54:34	0:30:38				United Kingdom	DNF
74e28044-2ec9-f011-bbd3-000d3a35ffc1	99999	Stephen McCall	M	M40-44	99999							United Kingdom	DNF
b9913e29-5791-ee11-be37-000d3a31406e	99999	Matthew Harrison	M	M40-44	99999		1:41:15	0:18:29				United Kingdom	DNF
750e5129-379b-ea11-a811-000d3a5a1cf8	99999	Olena Orel	F	F40-44	99999							Ukraine	DNF
5afc4ed3-cafa-4792-99e1-a5ae5baa1657	99999	Saf Ahmed	M	M40-44	99999		2:05:27	0:25:43				United Kingdom	DNF
762d8134-7e9c-f011-b41c-6045bd09951e	99999	Pete Stevens	M	M50-54	99999		1:27:11	0:21:33	8:50:51	1:00:01		United Kingdom	DNF
4ce047dc-d096-f011-b4cc-000d3a5b7c3b	99999	Tomos Nesham	M	M25-29	99999		1:01:55	0:09:16	6:35:24	0:06:16		United Kingdom	DNF
96f95fe7-84d6-48cb-9c15-8cf064460586	99999	Lee Badrock	M	M40-44	99999		1:21:10	0:11:29				United Kingdom	DNF
e89fbfeb-9e08-452a-9a5e-a8885d9d3f22	99999	Arron French	M	M35-39	99999		1:34:25	0:17:49				United Kingdom	DNF
041386db-fe26-4c4b-88fa-08023c04fe66	99999	Henry Lamprell	M	M40-44	99999		2:00:59	0:17:23				United Kingdom	DNF
edacad4a-6c96-4fe9-b029-8e384b2a766a	99999	Yvan Jarrige	M	MPRO	99999							France	DNS
35822863-079a-f011-b4cc-000d3a5b7c3b	99999	Pippa Ullah	F	F25-29	99999							United Kingdom	DNF
7be633a9-734a-ef11-a316-6045bd07cb96	99999	Aaron Selway	M	M18-24	99999		1:51:42	0:21:01	8:39:19	0:06:44		United Kingdom	DNF
5b7a7373-8826-f011-8c4e-6045bd05fcc1	99999	Lizzie Forbes	F	F30-34	99999		1:59:04	0:15:05				United Kingdom	DNF
39f9186d-017c-ef11-a670-000d3a5b3d07	99999	Georgina Davies	F	F30-34	99999		1:47:33	0:20:58				United Kingdom	DNF
4f92c9dd-896c-f011-bec2-7ced8d3b672f	99999	Ben Wyatt	M	M30-34	99999		2:09:59	0:15:02				United Kingdom	DNF
a3ba516d-089a-f011-b4cb-7ced8d70c1af	99999	Larvin Pierce Paeste	M	M18-24	99999							Philippines	DNF
53d8877c-4578-f011-b4cc-000d3a5b50ba	99999	Bradley Walker	M	M30-34	99999		1:48:10	0:17:22				United Kingdom	DNF
6357a235-5dac-f011-bbd3-000d3a5cf7d8	99999	Neil Hendy	M	M45-49	99999							United Kingdom	DNF
2c316391-956c-f011-bec2-7ced8d3b672f	99999	Ryan Blackwood	M	M35-39	99999		2:21:42					United Kingdom	DNF
c33dffd7-5365-ef11-bfe3-000d3a37be46	99999	Chezerae Nihell	M	M35-39	99999		2:02:37	0:22:25				Bhutan	DNF
7eae43a7-d47b-ef11-a670-002248049fdc	99999	Nigel Chaney	M	M35-39	99999		1:37:50	0:23:27	8:26:42	0:11:59		United Kingdom	DNF
26c1ea31-d5e7-ef11-8eea-000d3a5a1803	99999	Andrew Pocock	M	M60-64	99999		1:47:15	0:19:17				Canada	DNF
cd33317b-b6ee-454d-92dc-0e8bca727416	99999	Cedrik Blais	M	M30-34	99999		1:08:41	0:10:38				Canada	DNF
fca8e3b5-0b68-f011-bec3-6045bd09951e	99999	Choon Kuok Gan	M	M40-44	99999		2:08:22	0:16:31				United Kingdom	DNF
415a0996-2d9e-f011-b41c-000d3a5cf7d8	99999	Simon Brown	M	M55-59	99999		1:47:16	0:21:16				United Kingdom	DNF
69cad7da-0e70-435f-83dc-e9a59b565964	99999	Beejal Gajjar	F	F45-49	99999		1:32:41	0:16:24				United Kingdom	DNF
98c29fcd-b89e-f011-b41c-000d3a5b7c3b	99999	Charlie Payne	M	M25-29	99999		1:30:31	0:18:58	8:21:55	0:09:08		United Kingdom	DNF
e77b3eaa-ed7b-ef11-a670-6045bd05c809	99999	Andrew Mitchell	M	M25-29	99999		1:43:37	0:15:12				Ireland	DNF
85dd7d7d-f6e7-4d47-995d-adf2b919b471	99999	Thomas Evans	M	M35-39	99999							United Kingdom	DNF
688f55bc-e731-47b8-ba13-c60509b97340	99999	Brian Evans	M	M45-49	99999		1:39:48	0:18:13	8:34:05	0:08:35		United Kingdom	DNF
1a7cad1e-380e-47fb-a2fc-f9959ae58900	99999	Gordon Fennell	M	M55-59	99999							United Kingdom	DNF
f6d7b7e8-b5d0-4d5b-8a2f-0d8a785b075d	99999	Chris Chucas	M	M35-39	99999		1:30:59	0:18:13	8:54:34	0:12:47		United Kingdom	DNF
0a2fea5d-446b-4558-9209-1e1ab9159ace	99999	Raza Barkatali	M	M50-54	99999		1:57:01	0:24:14				Pakistan	DNF
06798304-80a2-4fd4-b359-27082964ef8b	99999	Masao Matsumoto	M	M60-64	99999		2:10:10	0:25:44				Japan	DNF
b3b30ef3-61d6-f011-8544-000d3a35ffc1	99999	Joe Butcher	M	M35-39	99999		2:06:20	0:15:34				United Kingdom	DNF
c5863ff0-6b09-f011-bae2-000d3a35ffc1	99999	Henry Bellis	M	M25-29	99999		1:53:54	0:26:58				United Kingdom	DNF
886d69a1-0737-4a29-9d46-831a42fdcc59	99999	Mikel Txopitea	M	MPRO	99999		1:06:08	0:08:51	5:51:38	0:07:11		State of Palestine	DNF
be777c6c-f444-4b74-aa7e-68cc9b88bc32	99999	Llion Williams	M	M25-29	99999							United Kingdom	DNF
2df288b8-400c-46fa-b955-932f86f208fa	99999	Ben Hockett	M	M50-54	99999							United Kingdom	DNS
b2870197-bdeb-43da-9d2b-c1b1dfe3cf64	99999	Michiel De Bie	M	M35-39	99999		1:18:37	0:13:07				Belgium	DNF
ca64ad8a-76d9-433a-828f-95d54a6ada5d	99999	David Swan	M	M55-59	99999		2:23:24					United Kingdom	DNF
92478e1b-77f4-4f63-9afe-414897b9df48	99999	Marie Staunton	F	F60-64	99999		1:51:05	0:16:55	8:24:54	0:04:51		Ireland	DNF
39882b48-0497-f011-b4cc-000d3a5b50ba	99999	Charmian Martin-Evans	F	F30-34	99999							Cayman Islands	DNF
0c01366b-af36-4dce-9cf9-df4d12664540	99999	Mary Hall	F	F25-29	99999		1:49:10	0:16:32				United Kingdom	DNF
1646e83a-514b-483b-9ed8-c37921289372	99999	Lynsey Carpenter	F	F45-49	99999							United Kingdom	DNF
197f7f3e-2bc2-4426-98ea-b6b01fc5a9fa	99999	Tony Guymer	M	M50-54	99999							United Kingdom	DNF
6d2b027e-f1c6-ef11-b8e9-6045bd02949c	99999	Liam Hatherall	M	M30-34	99999		2:16:20	0:15:02				United Kingdom	DNF
a4251bb3-7d23-41cb-a031-7df478fcc337	99999	Andrew Horsfall-Turner	M	MPRO	99999		0:48:13	0:06:28				United Kingdom	DNF
91d81941-126b-f011-bec3-6045bd05fcc1	99999	Jennifer Carr	F	F35-39	99999		1:47:23	0:21:42				United Kingdom	DNF
674d895b-0dd6-4f1c-aaf4-88c4e78c9279	99999	Steven Snary	M	M40-44	99999		2:16:31	0:14:13				United Kingdom	DNF
26d4c19e-a0a7-4e8b-9012-bae99630f9d9	99999	Richard Garbett	M	M55-59	99999		1:14:38	0:10:53				United Kingdom	DNF
d1bf6948-a596-46f0-b9a5-6717cd26dafc	99999	Lee Kennedy	M	M50-54	99999		1:22:48	0:34:15	8:02:32	0:14:46		United Kingdom	DNF
fbf4c92f-5961-4b77-a4c6-fcdd07b3c156	99999	Scarlett Cox-Lomas	F	F18-24	99999		1:34:07	0:22:39	8:51:42	0:12:38		United Kingdom	DNF
c4bb100d-def9-4fd2-9ab9-8e78c48a22cf	99999	Malcolm Coakley	M	M60-64	99999		1:42:40	0:21:56				United Kingdom	DNF
191435f8-467c-ef11-a670-000d3a5b3d07	99999	David Walters	M	M50-54	99999							United Kingdom	DNF
422b2598-155e-434f-b0d9-7364994dc227	99999	Dan Kelly	M	M50-54	99999		1:56:22	0:18:58				United Kingdom	DNF
beb05dd9-b290-f011-b4cc-6045bd09951e	99999	Rupesh Purohit	M	M50-54	99999		2:06:20	0:20:34				United Kingdom	DNF
34946d32-63bd-4f41-9054-b44d30444ee3	99999	David Thomas	M	M55-59	99999	17:06:59	1:33:32	0:18:06	8:30:04	0:08:24	6:36:52	United Kingdom	
19537e4a-a23e-4d55-a3af-ad1b70b5bbed	99999	James Herman	M	M40-44	99999		1:12:42	0:12:48	6:05:07	0:06:07		United Kingdom	DNF
170b49df-3cd8-45eb-9ce2-18e0ad9841cc	99999	Mike Wilkes	M	M65-69	99999							United Kingdom	DNS
6dd26c02-32a9-48ce-9674-13f528e1bc84	99999	Kes Aleknavicius	M	M70-74	99999							Lithuania	DNF
2d7b694a-0127-4468-af4d-5d83a2f32346	99999	Adam Floyd	M	M45-49	99999		1:15:27	0:10:44				United Kingdom	DNF
030c3d4a-d176-440c-ae51-977c6a790645	99999	Kenneth Pang	M	M35-39	99999		1:46:26	0:18:11				Singapore	DNF
1184d59b-fed4-488e-a967-e3a95daca0fa	99999	Mike Christopher	M	M60-64	99999		1:52:00	0:17:34				United Kingdom	DNF
a4e1fb1c-2092-ef11-ac21-002248049fdc	99999	Ellie Mason	F	F30-34	99999		2:06:16	0:16:15				United Kingdom	DNF
35cf1b6f-2570-40f9-9d7b-bf2c89f947e1	99999	Anthony Thomas	M	M55-59	99999		2:23:28					United Kingdom	DNF
46477790-0d24-424d-9bf3-035e9e365f35	99999	Mat Goddard	M	M50-54	99999		1:38:57	0:11:50				United Kingdom	DNF
c31a206a-48dd-ef11-8eea-6045bd018d16	99999	Charlie Guyett	M	M18-24	99999		1:22:46	0:12:08				United Kingdom	DNF
79771a43-a989-ef11-ac21-000d3a5a1803	99999	Will Grove	M	M18-24	99999							United Kingdom	DNF
026bdb7c-caeb-4aa6-81d2-fe3ffcbca9fd	99999	Neil evans	M	M55-59	99999							United Kingdom	DNS
573404f4-3fa9-f011-bbd3-6045bd09951e	99999	Darren, Scott Wilkinson	M	M35-39	99999		2:03:08	0:21:44				United Kingdom	DNF
fe0a1aaa-e0e8-43fa-bf2c-de2789e31989	99999	Suzanne Field	F	F55-59	99999		2:06:43	0:16:12				United Kingdom	DNF
f47d61c8-6c7c-4a7f-9bab-2f1c35c6ae9a	99999	Iain Dawson	M	PC/ID	99999	13:20:47	1:22:23	0:13:31	6:43:01	0:08:54	4:52:59	United Kingdom	
f810839e-7a51-4aee-b8fc-b5aa6820751b	99999	Kim Campbell	F	F55-59	99999		1:30:52	0:18:11	8:35:03	0:10:23		Ireland	DNF
027dba85-e562-4259-8996-801f5f5d31bd	99999	Harry Major	M	M25-29	99999		1:27:00	0:13:12				United Kingdom	DNF
ab5e95a8-034f-4170-98df-1effd38cfc13	99999	Jonathan Brierley	M	M50-54	99999							United Kingdom	DNS
a615578f-8747-4382-a8dd-e93d569220a8	99999	Roxanne Jones	F	F40-44	99999		1:13:55	0:19:21				United Kingdom	DNF
727516cc-6e7c-49ab-b96d-2d79c4523a06	99999	Kirk Taylor	M	M55-59	99999		1:48:37	0:17:38				United Kingdom	DNF
dd257177-0eb2-ef11-b8e8-6045bd018d16	99999	Elizabeth Griffiths	F	F45-49	99999		1:49:45	0:24:30				United Kingdom	DNF
c5fa6157-1c4f-4fdf-9774-f6e7957a7471	99999	Christophe De Keyser	M	MPRO	99999		0:50:11	0:06:14	5:02:25	0:03:12		Belgium	DNF
6f2825e8-ad4a-f011-877a-000d3a3173b5	99999	Jonathan Wyatt	M	M30-34	99999		2:12:36	0:16:47				United Kingdom	DNF
a52ae46f-08b7-48d3-981e-c4ed23efdc7e	99999	Mike Mitchell	M	M70-74	99999							United Kingdom	DNF
df86742f-a09b-ef11-8a6a-000d3a338a3c	99999	Michael Johnston	M	M35-39	99999		1:54:55	0:21:01				United Kingdom	DNF
7e5bdb7b-ea40-4339-a5b4-8d70efbc0645	99999	Anthony Howarth	M	M65-69	99999		2:15:33	0:16:28				United Kingdom	DNF
07afd9ea-a8d8-e911-a988-000d3a364086	99999	Amanda Parry	F	F50-54	99999		1:43:46	0:23:38				United Kingdom	DNF
bc75b517-fa71-f011-b4cc-6045bd05f634	99999	Mia Shaw	F	F40-44	99999		1:53:32	9:26:57				United Kingdom	DNF
06341239-d4d7-47b7-a7b4-a3ee674e5794	99999	Pete Cornwell	M	M55-59	99999		1:18:32	0:11:39				United Kingdom	DNF
96b1b21d-109a-f011-b4cc-000d3a5b50ba	99999	Andrew Parnell	M	M45-49	99999		2:25:39					United Kingdom	DNF
eabd4d0b-3996-f011-b4cc-000d3a5b50ba	99999	Laura Harding	F	F40-44	99999							United Kingdom	DNF
274d63b8-39bb-f011-bbd3-000d3a5b50ba	99999	Tom Oram	M	M18-24	99999		1:25:12	0:23:45				United Kingdom	DNF
4c544f0b-e2bf-416b-9e82-d08c1c321f63	99999	Simon Stanford	M	M35-39	99999		1:43:41	0:28:37	8:21:33	0:10:59		United Kingdom	DNF
779adcea-f496-f011-b4cc-6045bd05f634	99999	Romily Barnett	M	M50-54	99999							United Kingdom	DNF
a8349ae7-74ab-ef11-b8e8-000d3a5ae96c	99999	Scott Addison-Evans	M	M45-49	99999		1:51:48	0:21:05				United Kingdom	DNF
1d88ea81-68ce-4a59-8b2d-cb49057aef12	99999	Eirian Evans	M	M45-49	99999							United Kingdom	DNS
de0a2752-c022-474b-a2b5-56a2daf0e070	99999	Toby Spink	M	M30-34	99999		1:18:03	0:09:19				United Kingdom	DNF
5e203dcd-e8d9-46df-87a7-6321925245ec	99999	Ruth Jeays	F	F40-44	99999		1:15:43	0:13:58	7:21:24	0:08:59		United Kingdom	DNF
89feda7f-37aa-4310-ac3e-d3264e75e22a	99999	Nathan Allen	M	M45-49	99999		1:24:34	0:19:21				United Kingdom	DNF
c74c6497-03b0-ef11-b8e8-6045bd088264	99999	Jasper Bowyer	M	M18-24	99999	12:07:36	1:21:52	0:16:01	6:06:59	0:06:20	4:16:24	United Kingdom	DNF
78e073f5-4e88-4be2-8b65-5118aba1754b	99999	Andrew Fitton	M	M40-44	99999		1:53:35	0:18:16				United Kingdom	DNF
181c7ff7-a6c0-f011-bbd3-6045bd05fcc1	99999	Louis Brudenall-Jones	M	M30-34	99999		2:06:29	0:13:44				United Kingdom	DNF
90571a96-66a0-f011-b41c-6045bd05fcc1	99999	Joseph Hughes	M	M40-44	99999		2:10:29	0:15:03				United Kingdom	DNF
3b736351-bb9b-f011-b41c-000d3a5b7c3b	99999	Yann Umbricht	M	M55-59	99999		1:50:10	0:18:03	8:20:30	0:28:51		United Kingdom	DNF
3b146627-b48c-ef11-ac21-000d3a59a9a1	99999	Eddie Ilic	M	M30-34	99999		2:08:01	0:18:25				United Kingdom	DNF
646faacd-9ee7-4cd7-9656-211c0570cdc9	99999	Luke Phillips	M	M35-39	99999		1:22:45	0:13:26				United Kingdom	DNF
5b80b03c-3ca2-f011-bbd3-000d3a5b50ba	99999	Jack Wright	M	M18-24	99999							United Kingdom	DNF
874540e6-870e-4799-a8ff-1ae8f19a255e	99999	Ankita Konwar	F	F35-39	99999		2:23:52					India	DNF
7c4029c3-669e-4c82-960c-2e18c1096688	99999	Lily Woods	F	F25-29	99999							United Kingdom	DNF
5e0780a1-ff4e-4b13-8bb8-1c2ca37a6cb4	99999	Jake Watson	M	M30-34	99999		1:00:49	0:08:13				United Kingdom	DNF
a2865c5b-0028-4adf-9c1e-3c890b4acb14	99999	Amanda Massopust	F	F45-49	99999		1:46:43	0:16:28				United States	DNF
e93237a4-1892-ef11-ac21-000d3a59a9a1	99999	Liam Owen	M	M40-44	99999		1:46:22	0:16:21	8:28:01	0:08:33		United Kingdom	DNF
a074c316-c911-4755-a6e3-0e2075d596a0	99999	Eamon Crowe	M	M60-64	99999		2:19:33	0:16:25				United Kingdom	DNF
ba3deb4d-05d9-4e95-832e-f359c3b98952	99999	Mark Jones	M	M30-34	99999							United Kingdom	DNS
df6c1c14-1015-4d24-8166-9204cdf06561	99999	Antony Costes	M	MPRO	99999		0:49:27	0:06:53				France	DNF
c57b9bda-f8f7-41e8-aa17-928ad379830c	99999	Mark Jennings	M	M50-54	99999		1:45:36	0:21:44				United Kingdom	DNF
9dd2a971-0312-ef11-9f89-00224806a367	99999	Ciera Atkins	F	F25-29	99999							United Kingdom	DNS
b188576e-7915-472c-afd7-02f8716b7528	99999	Bruno Carbonne	M	M60-64	99999		1:34:41	0:16:23				Monaco	DNF
bb7c85de-34ac-f011-bbd3-6045bd09951e	99999	Richie Rogers	M	M45-49	99999		1:55:38	0:15:02	8:23:25			United Kingdom	DNF
1060b0a1-bb15-ef11-9f8a-6045bd012ace	99999	Anthony Rouse	M	M40-44	99999		2:08:17	0:15:22				United Kingdom	DNF
acae3869-039b-f011-b41b-000d3a5cc053	99999	Sam Macrobbie	M	M18-24	99999		1:39:06	0:22:15				United Kingdom	DNF
9d0bcb96-a4c1-40bc-b321-4e1784b0c21b	99999	Phillip Mciver	M	M45-49	99999							United States	DNF
faa3f3e0-067c-ef11-a670-000d3a5a1803	99999	Carl Pocock	M	M40-44	99999		1:47:15	0:19:09				Canada	DNF
dc4e93ea-8c79-ef11-a670-000d3a338a3c	99999	Simon Lindley	M	M55-59	99999							United Kingdom	DNS
1cdd2ee2-d496-f011-b4cc-000d3a5b50ba	99999	Rebecca Kemlo	F	F40-44	99999		1:59:46	0:17:41				United Kingdom	DNF
d231e505-5868-490f-aa0a-d8914dcede68	99999	Michael Tresise	M	M65-69	99999		1:31:12	0:19:22				United Kingdom	DNF
93e00fd2-63d9-e911-a988-000d3a364086	99999	Sarah Morgan	F	F50-54	99999							United Kingdom	DNF
67bce7c2-fc34-4561-99f9-283a1d964fe3	99999	Thanaphat Yaphakdee	M	M25-29	99999							Singapore	DNF
14f2cf7b-6669-f011-bec3-6045bd05fcc1	99999	Luke Bewley	M	M18-24	99999		1:46:35	0:15:12	8:11:51	0:08:22		United Kingdom	DNF
448fd3df-367c-4fb1-9238-8d025c21f809	99999	Thomas Nicholas	M	M30-34	99999		1:48:30	0:18:48				United Kingdom	DNF
aae4b23b-73a7-4f6b-82d1-c67502c44b85	99999	mathieu charest	M	M50-54	99999		1:02:13	0:10:31				Canada	DNF
d3ea9f73-50ce-4ee7-8806-cdc4ece4528c	99999	Zak Pryor	M	M35-39	99999		1:20:17	0:13:44	9:09:11	0:11:15		United Kingdom	DNF
a7704a7f-1b8f-eb11-b1ac-000d3a5913bd	99999	Kit Walker	M	M35-39	99999		0:57:39	0:07:41				United Kingdom	DNF
510fa813-8e4d-ee11-be6e-000d3a314be4	99999	Freya Durban	F	F18-24	99999		1:18:24	0:14:23	9:02:34	0:03:23		United Kingdom	DNF
f06e451b-c6a5-f011-bbd3-000d3a5b7c3b	99999	Jason Kernohan	M	M18-24	99999		1:47:52	0:16:52				United Kingdom	DNF
03581d23-0b6b-f011-bec2-0022480a7385	99999	Dylan Roberts	M	M40-44	99999		1:34:27	0:18:29	7:18:37	0:12:42		United Kingdom	DNF
64ac4671-aad9-47f9-aa9a-2421686d0e9a	99999	Amie Davies	F	F45-49	99999		1:33:15	0:16:28				United Kingdom	DNF
b884cf3c-aa68-ef11-bfe3-00224809fd7c	99999	Matt Davies	M	M40-44	99999		1:51:12	0:14:02				United Kingdom	DNF
0e461b76-bd59-4a0d-b590-fb3828288ae7	99999	Mike Robinson-Charlton	M	M45-49	99999		1:49:29	0:16:56				United Kingdom	DNF
86415779-3f77-49ce-ac5e-ebdfffdbde77	99999	Christine Mardle	F	F45-49	99999		1:22:11	0:17:29	7:15:44	0:05:19		United Kingdom	DNF
19d74071-4878-f011-b4cc-000d3a35ffc1	99999	Christopher Bowditch	M	M40-44	99999		2:19:29	0:17:16				United Kingdom	DNF
bbec6124-079a-f011-b4cc-000d3a35ffc1	99999	Jessica Holifield	F	F30-34	99999							United Kingdom	DNF
f369cf92-0b9a-f011-b4cc-000d3a5cf7d8	99999	Steven Shankland	M	M25-29	99999		1:56:02	0:14:25	8:24:25	0:10:26		United Kingdom	DNF
23c4b63a-a80f-e511-9401-005056951bf1	99999	jamie underwood	M	M45-49	99999		2:03:00	0:16:14				United Kingdom	DNF
1104e957-8326-4638-a851-628eb76896db	99999	Russell Clarke	M	M45-49	99999							United Kingdom	DNF
5b845870-c9c6-4370-a61a-5fe2b6f18cde	99999	Gavin Jones	M	M45-49	99999		1:19:32	0:13:42	8:53:36	1:31:04		United Kingdom	DNF
f4e6dcd2-b1d6-4daa-80c4-47fbbf23dc58	99999	Ian Boshier	M	M60-64	99999		2:01:04	0:16:41				United Kingdom	DNF
525234b5-4243-4314-b909-93fa8f43d31e	99999	Andrew Wall	M	M40-44	99999		1:18:32	0:11:14				Ireland	DNF
7c36d2a0-e5c7-ea11-a812-000d3a5a1bfb	99999	Neil Jones	M	M50-54	99999		1:51:53	0:15:50				United Kingdom	DNF
82ec3491-fc75-ef11-a670-000d3a33bf80	99999	Daniel Money	M	M25-29	99999		2:12:09	0:19:40				United Kingdom	DNF
2e713140-d50c-4848-9d9a-4f697cf67163	99999	Andrew Gilmore	M	M35-39	99999		1:57:29	0:13:39				United Kingdom	DNF
eff3d61a-510c-ee11-8f6e-000d3a314ae2	99999	Megan Johnson-Clements	F	F30-34	99999		1:32:34	0:15:58	8:46:42	0:10:57		United Kingdom	DNF
fbd0361b-25c1-ed11-83ff-000d3a314c24	99999	Tom Underhill	M	M18-24	99999		1:28:51	0:18:49	7:21:23	0:13:55		United Kingdom	DNF
e089855d-4a2c-4125-822c-ce378af03bcc	99999	Kimberlee James	F	F40-44	99999							United Kingdom	DNF
b926ccba-6a1e-4044-bd0b-6485e777ea3f	99999	Jason Hanson	M	M35-39	99999		1:08:49	0:10:12				United Kingdom	DNF
50a4fb03-9745-421e-ab43-b910adfbbcec	99999	Daniel Weaver	M	M40-44	99999		1:47:00	0:16:50				United Kingdom	DNF
34b670ce-c1e0-4842-82e8-fcb8ba7a30c3	99999	Gen Gonzalez	F	F45-49	99999							United Kingdom	DNF
6a57be53-a1ca-4f04-b4f4-4c0fbddeaef7	99999	Rosanna Jackson	F	F35-39	99999		2:05:17	0:15:13				United Kingdom	DNF
086afca7-e353-44eb-9865-3d3c67e714b7	99999	Matt Ings	M	M40-44	99999							United Kingdom	DNS
e74912ae-523a-f011-b4cc-6045bd05fcc1	99999	Oliver Mackintosh	M	M25-29	99999							United Kingdom	DNS
ab877efe-598f-f011-b4cc-6045bd09951e	99999	Peter Harris	M	M30-34	99999				8:53:40	0:08:10		United Kingdom	DNF
0b316ed9-1c9d-4ee1-a474-8dd760dc408c	99999	Mike Clyne	M	M60-64	99999		2:03:48	0:16:36				United Kingdom	DNF
a476b5da-089a-f011-b4cb-7ced8d70c1af	99999	Wayne Davies	M	M35-39	99999							United Kingdom	DNF
383dbe70-9130-4dd1-ac9b-d9515fac2bf4	99999	Sam Morris	M	M25-29	99999							United Kingdom	DNF
9ea80378-079a-f011-b4cc-0022480c097c	99999	Katy Rees	F	F25-29	99999		2:01:23	0:16:57				United Kingdom	DNF
8402d66a-089a-f011-b4cc-000d3a5b7c3b	99999	Ben Cray	M	M40-44	99999		1:40:22	0:15:51				United Kingdom	DNF
9862f0e3-14b1-42ab-aa71-e4361f920269	99999	Gavin Waugh	M	M40-44	99999		1:46:56	0:19:44				United Kingdom	DNF
33ec0529-8d79-ef11-a670-000d3a5a1803	99999	Steven Williams	M	M50-54	99999							United Kingdom	DNF
31ab66b7-0d80-4483-a76f-8ad3a54d18a2	99999	Chung Chan	M	M25-29	99999		1:53:55	0:20:11				Hong Kong	DNF
308e8507-9f0c-41d5-9324-4fc1a583df01	99999	Brady George	M	M40-44	99999		2:08:55	0:18:34				United Kingdom	DNF
a83da72b-5d95-f011-b4cc-000d3a3173b5	99999	Greig Paterson	M	M45-49	99999							United Kingdom	DNF
450f8892-87ce-eb11-bacc-000d3a3adf86	99999	Shane Williams	M	M45-49	99999		1:24:54	0:12:35				United Kingdom	DNF
e6e25d2d-cbf5-4535-9ca3-961a19090c18	99999	Samuel Böttinger	M	MPRO	99999							Germany	DNS
471e1e52-c3dd-ef11-8ee9-000d3a592251	99999	Andrew Deans	M	M40-44	99999							United Kingdom	DNF
fb2dd1ba-8e79-ef11-a670-002248049fdc	99999	Angharad De Smet	F	F30-34	99999							United Kingdom	DNF
99865339-1b9a-f011-b4cc-000d3a3173b5	99999	Morten Lindstad	M	M35-39	99999							Norway	DNF
1429c6cb-7942-4216-839c-5cc32108642a	99999	Tanya Allen	F	F50-54	99999		1:42:42	0:19:16	8:31:09	0:01:26		United States	DNF
be6bec91-b6b0-f011-bbd3-0022480c097c	99999	Christopher Hadfield	M	M18-24	99999		1:18:36	0:18:43	9:07:19	0:01:09		United Kingdom	DNF
50de78cb-5568-4d3c-ab18-09e38f38a5c3	99999	Josh Burton	M	M30-34	99999							United Kingdom	DNS
cd07a78a-5fea-ef11-8eea-6045bd088264	99999	Lewis Fisher	M	M25-29	99999		1:44:37	0:12:21				United Kingdom	DNF
5e90a839-5b8e-ef11-ac21-000d3a59a9a1	99999	jonathan sheeley	M	M40-44	99999		1:47:00	0:20:23				United Kingdom	DNF
372a363b-75a3-f011-bbd3-6045bd09951e	99999	Ian Owens	M	M50-54	99999							United Kingdom	DNF
c006833d-b1a4-46e7-9e45-98d3484bedff	99999	Steven Rees	M	M50-54	99999		2:07:24	0:16:29				United Kingdom	DNF
356108c4-8bb6-4c91-a3f3-5da31105c544	99999	Kelly Vo	F	F40-44	99999							United States	DNF
21213981-adc4-4644-8082-1db20f49543d	99999	Mel Glover	F	F55-59	99999							United Kingdom	DNS
ce48c3c3-0530-4b2b-b199-c9439fec1e64	99999	Thomas Scott	M	M30-34	99999		1:47:34	0:17:40				United Kingdom	DNF
00dac8d7-6470-466b-9d4a-7f7a97a36c36	99999	Ross Wilkins	M	M35-39	99999		1:43:02	0:17:00	8:24:09	0:12:09		United Kingdom	DNF
b6b22c38-0fde-ee11-904d-000d3a314d17	99999	Raju Thota	M	M45-49	99999							United Kingdom	DNF
3e9ab258-08a5-f011-bbd3-000d3a35ffc1	99999	Tim Cresswell	M	M55-59	99999		2:20:27	9:14:06				United Kingdom	DNF
b1e58cce-057c-ef11-a670-000d3a59a9a1	99999	James Baker	M	M40-44	99999		2:12:54	0:13:52				United Kingdom	DNF
737c1448-9eba-4e30-bc3c-1f95181678a3	99999	David Charles Stallard	M	M50-54	99999		2:21:15	9:14:08				United Kingdom	DNF
30d6d201-3b94-ef11-8a6a-000d3a5a1803	99999	Hayden Peck	M	M25-29	99999		1:47:41	0:12:57	8:44:00	0:11:53		United Kingdom	DNF
0bf37083-5544-46c7-a22a-c9177c28bfd2	99999	Ryan Lam	M	M45-49	99999		1:20:21	0:15:38	9:03:34	0:06:26		United Kingdom	DNF
2e15f0be-da7d-4848-b897-fa043c193e27	99999	Tom Walters	M	M45-49	99999							United States	DNS
e315ea5d-4b35-436b-a16d-882e9101ac06	99999	Nathaniel Casey	M	M30-34	99999							United Kingdom	DNS
ec40c6dc-6c5f-47be-a7ed-a729e2274d7e	99999	Iain Smerdon	M	M35-39	99999							United Kingdom	DNS
898ff7cb-fa77-45c7-9c6b-e363b93cf87d	99999	Julen Lopetegui Garcia	M	MPRO	99999		0:56:31	0:06:34	4:59:59	0:02:44		Spain	DNF
0eadcf5d-20a1-f011-bbd3-6045bd05fcc1	99999	Drew Fenn	M	M40-44	99999							United Kingdom	DNF
32003d51-925d-402e-8931-542c674c4a1b	99999	Mark Edwards	M	M40-44	99999		1:41:20	0:15:56				United Kingdom	DNF
c2e5ca8d-0383-4cf5-b535-c25eb2b7709e	99999	Martin Hobson	M	M50-54	99999							United Kingdom	DNF
e5b5ee16-8e1a-44d1-8f85-7c64c438e9c4	99999	Leighton Williams	M	M40-44	99999							United Kingdom	DNS
77229849-fa5a-f011-bec1-002248098cfa	99999	Kate Metcalfe		F45-49	99999		1:35:12	0:17:10	8:45:19	0:10:38		United Kingdom	DNF
04b00911-f69a-f011-b4cc-000d3a5b50ba	99999	Asher Jones	M	M18-24	99999		1:39:10	0:14:32				United Kingdom	DNF
07b28296-3e35-487e-80d4-deea4e560ad3	99999	Wayne Elias	M	M50-54	99999		2:13:03	0:14:25				United Kingdom	DNF
7cc46cf9-16ef-4c7a-a4a7-18f649db318e	99999	Simon Walls	M	M35-39	99999		1:50:51	0:17:00	7:57:12	0:08:33		United Kingdom	DNF
d6cf7735-325f-4547-8b15-574f0c24b0a0	99999	Harry Hodell	M	M30-34	99999		1:40:11	0:22:00				United Kingdom	DNF
cef77148-e491-465b-aa91-8d2b3d490c45	99999	Anto Ohara	F	F50-54	99999							Ireland	DNS
23ac8c77-915b-46fc-b872-987ed7030cf6	99999	Richard Davies	M	M40-44	99999		2:09:13	0:17:10				United Kingdom	DNF
6f891301-b690-4c7b-b85d-ba90138065f2	99999	Aaron Straker	M	M35-39	99999		1:29:58	0:18:53	7:54:57	0:10:51		United Kingdom	DNF
fa8b44fb-736f-ef11-a671-6045bd0953ac	99999	Charlie Thompson	M	M30-34	99999							United Kingdom	DNF
0c8af38a-0afb-42b3-b05b-a8e95a85b111	99999	Daniel Morgan	M	M50-54	99999		1:27:55	0:12:05	7:14:35			United Kingdom	DNF
713c91e4-f19e-4e36-9fb7-c40f610c17ee	99999	Ronald Baxter	M	M65-69	99999							Germany	DNF
33b7fc2c-b89b-f011-b41c-000d3a5cf7d8	99999	Dean Harris	M	M40-44	99999		1:44:05	0:14:59				United Kingdom	DNF
da2efb7a-747f-42c4-b586-90dd8c1c28c7	99999	Josh Lewis	M	MPRO	99999		0:48:38	0:06:31	5:20:42	0:04:14		Guernsey	DNF
5503192a-4117-499e-8db2-fe98a0b27d0e	99999	Steven Liles	M	M55-59	99999		1:37:21	0:18:12				United Kingdom	DNF
00531e50-148f-ea11-a811-000d3a5a1cf8	99999	Nathan Jackson	M	M35-39	99999		1:33:02	0:18:23				United Kingdom	DNF
8a51448a-336d-ef11-a670-000d3a308d97	99999	Omar Abdeldayem	M	M30-34	99999		1:42:38	0:16:59				Egypt	DNF
7ec337c4-3c76-f111-ab0f-0022480a5755	99999	Stephen Murray	M	M35-39	99999		1:30:18	0:16:39	8:46:04	0:08:11		United Kingdom	DNF
8f8b61f0-88ad-f011-bbd3-000d3a5b7c3b	99999	Nishant SINDHU	M	M25-29	99999		1:59:03	0:16:26				India	DNF
53813c8c-dba8-f011-bbd3-6045bd05f634	99999	Ruth Watts	F	F65-69	99999		2:07:24	0:16:55				United Kingdom	DNF
4810ddf4-d516-467a-91aa-f6ed1f886d5d	99999	Samantha Percival	F	F35-39	99999		1:27:57	0:14:39				United Kingdom	DNF
cc68554e-68dd-4433-9cba-b218b513ff88	99999	Lee Ashton	M	M45-49	99999							United Kingdom	DNS
15432f7d-0373-4f42-97d7-f419f023a4cc	99999	Chic Wilkinson	M	M70-74	99999		2:21:10					United Kingdom	DNF
a831239e-17c5-4978-963f-ca9717b0b4ab	99999	Mark Neate	M	M45-49	99999		1:52:44					United Kingdom	DNF
9a94da7e-df9b-f011-b41c-000d3a35ffc1	99999	William Riches	M	M18-24	99999		1:33:39	0:16:43				United Kingdom	DNF
a941ac1d-d3ef-45bb-9875-84272a578ae1	99999	Neil Rourke	M	M60-64	99999							United Kingdom	DNF
3c6c490e-bdd1-46d7-8028-b626b9431edf	99999	Louis Richard	M	MPRO	99999		1:15:54	0:07:02	4:51:07	0:02:36		France	DNF
c8e24280-ce27-ed11-9db1-0022480a31b1	99999	Glenn Hobbs	M	M50-54	99999		1:24:30	0:15:10	7:19:04	0:08:30		United Kingdom	DNF
d7520f57-ca90-44a1-a67f-7b4d6193b4b6	99999	Karl Roberts	M	M40-44	99999		1:14:04	0:09:12				United Kingdom	DNF
3b0707f2-ac58-4559-9635-f1ebf1e89cb6	99999	David Smith	M	M50-54	99999		1:19:40	0:16:33				United Kingdom	DNF
c3c4a90f-10e7-ef11-8eea-000d3a5a1803	99999	Daniel Jephcott	M	M30-34	99999		1:36:03	0:16:06				United Kingdom	DNF
d73eaa4f-68a8-eb11-b1ac-002248096c65	99999	Jannik Stoll	M	MPRO	99999		0:49:08	0:06:42				Germany	DNF
420e47ab-02a3-f011-bbd3-000d3a5b50ba	99999	Riath Djaiz	M	M45-49	99999		2:05:27	0:16:53				United Kingdom	DNF
46ce9a2f-5a41-41f6-bb03-c0927ced6694	99999	Owain Phibben	M	M40-44	99999		1:25:23	0:15:49				United Kingdom	DNF
e82369a8-d2db-4016-a31c-40040ac620e3	99999	Arwyn Griffiths	M	M40-44	99999		1:29:08	0:12:58				United Kingdom	DNF
613abc8b-4b34-497e-b79c-ccc469e0b99f	99999	Steve Williams	M	M40-44	99999		1:32:01	0:18:28				United Kingdom	DNF
24e49375-2530-4ac0-957c-b9783c6f32d2	99999	Grace Jones	F	F35-39	99999		1:50:11	0:22:13				United Kingdom	DNF
f28f1ab0-fba3-499c-96b7-41f32781b1fa	99999	Danny Thomas	M	M45-49	99999		1:29:54	0:25:26	8:44:11			United Kingdom	DNF
abcb7226-ac55-43aa-821d-5caf38c6dcac	99999	Garin Edwards	M	M25-29	99999		1:35:49	0:17:06				United Kingdom	DNF
4fa51fb3-0a6f-f011-bec3-000d3a35ffc1	99999	Theodore Stanley	M	M35-39	99999		1:51:21	0:23:23				United Kingdom	DNF
bffb07de-49c7-4ed4-861e-923087b2e237	99999	john horncastle	M	M50-54	99999		1:52:06	0:19:00				United Kingdom	DNF
16754c7f-6010-4d40-8e68-a1ca6ce2a183	99999	Lee Jackson	M	M40-44	99999							United Kingdom	DNF
8d4acb94-95e7-4937-945e-98ce07c006ff	99999	Anita Davis	F	F55-59	99999		2:03:07	0:21:18				United Kingdom	DNF
843c7bb3-22db-4bde-8e8e-6ca72c74656a	99999	Rob Hughes	M	M50-54	99999							United Kingdom	DNF
42441b08-3fe3-489f-b860-0662dbc03687	99999	Julie Horbury	F	F60-64	99999		1:29:18	0:18:30	8:52:04	0:01:13		United Kingdom	DNF
c12bac5d-01b8-46a4-ba54-fdae79b2d007	99999	Josh Green	M	M25-29	99999	15:00:01	1:59:26	0:17:25	8:21:59	0:04:33	4:16:39	United Kingdom	
d896a8c4-27af-42ea-8c44-c7f617035d2b	99999	Tristan Noar	M	M50-54	99999		1:46:16	0:24:29				United Kingdom	DNF
460edb02-f258-4bb5-8be4-1b16d80b92e4	99999	Andrii Kolesnyk	M	M30-34	99999							United Kingdom	DNF
6bdf6ddc-d767-4e1d-8b3b-1a02c7713670	99999	Ken Goddard	M	M50-54	99999		1:40:34	0:18:20				United Kingdom	DNF
f138180f-d0ba-465d-af3d-44bcc23d317d	99999	Cai Barnaby	M	M30-34	99999							United Kingdom	DNF
1bf17251-1b16-46d6-a53b-659c2056d133	99999	Julian French	M	M60-64	99999		1:40:40	0:20:13				United Kingdom	DNF
fc143fbe-59a2-4b1a-8504-7d60bd26e5cf	99999	Intsar Ahmed	M	M55-59	99999		2:21:52					State of Palestine	DNF
b38a6a31-c11e-4605-b8a9-66ccc8768bda	99999	Mark Jones	M	M55-59	99999		2:21:00					United Kingdom	DNF
f361f550-079a-f011-b4cc-002248098cfa	99999	Tom Rees	M	M18-24	99999		1:32:09	0:12:15				United Kingdom	DNF
15383bf6-1a9a-f011-b4cc-000d3a5b7c3b	99999	Bridget Harpwood	F	F40-44	99999		1:47:28	0:21:19	8:26:00	0:10:40		United Kingdom	DNF
732357e0-52ee-43d8-ab86-48bb2cbb2e8d	99999	Chris Matthews	M	M40-44	99999		2:17:02	0:18:21				United Kingdom	DNF
6ab345db-596e-4452-9f85-3cab61510494	99999	Graeme Watson	M	M65-69	99999		1:56:38	0:19:19				United Kingdom	DNF
3eb0f347-1329-429e-93c1-3eed34edc1e5	99999	Chelsi Mason	F	F25-29	99999		1:50:53	0:16:58	8:33:32	0:04:42		United Kingdom	DNF
c717c278-8ddc-e911-a97e-000d3a3740b7	99999	Darren Samuel	M	M55-59	99999							United Kingdom	DNS
2f7efae8-bbce-f011-bbd3-000d3a5b7c3b	99999	Will Groves	M	M18-24	99999		1:29:48	0:18:17	8:42:49			United Kingdom	DNF
847d5c60-0150-41e2-8f69-fba3bf47529a	99999	Timothy Quast	M	M30-34	99999		1:52:36	0:13:25				United States	DNF
f77b2dff-839d-f011-b41c-0022480a7385	99999	Kieran Fuller	M	M18-24	99999							United Kingdom	DNF
60fbb564-8199-f011-b4cc-0022480c097c	99999	Ebony Whitfield	F	F25-29	99999		1:50:02	0:16:49				United Kingdom	DNF
69dd2c5d-97da-4b07-a561-6e896a902e17	99999	Kris Govers	M	M65-69	99999		1:27:41	0:15:00				Belgium	DNF
a88e98ef-eed6-4f53-a0f3-1951830d68c3	99999	Wayne Adams	M	M50-54	99999		1:54:32	0:16:04				United Kingdom	DNF
94d6934a-d0df-4e37-a25f-d726c200d8f5	99999	Carol Jones	F	F45-49	99999		1:47:27	0:16:11	8:28:45	0:09:50		United Kingdom	DNF
0c6b3bfe-edbb-409f-85ce-9b49f5f6263b	99999	Martin Green	M	M65-69	99999		1:32:35	0:17:41	8:19:50	0:08:58		United Kingdom	DNF
5f4b2168-82fb-4a1d-8682-855f4c2e7dd5	99999	Ian R Barr	M	M60-64	99999		2:11:56	0:16:51				United Kingdom	DNF
6618b551-d189-4d5c-8eb3-ee4ef1393382	99999	Konstantinos Leontaridis	M	M40-44	99999		1:05:50	0:11:01				Greece	DNF
4885adc6-b046-f011-877a-000d3a35ffc1	99999	Chris Blackall	M	M30-34	99999		2:12:21	0:14:42				United Kingdom	DNF
ac258412-ee9e-4a50-8223-a13ffa0c693a	99999	Charlie Langhorne	M	M60-64	99999		1:27:45	0:20:03				United Kingdom	DNF
8df02321-311e-407f-a3df-139a9741635d	99999	Nick Emde	M	MPRO	99999							Germany	DNS
e05bf616-8563-4f1b-b994-3556000dd02f	99999	Linsey Jones	F	F40-44	99999							United Kingdom	DNS
c9f57722-0b83-469f-b5b3-0da67b962316	99999	Ian Vickery	M	M65-69	99999		1:26:18	0:16:13				United Kingdom	DNF
80e14899-1a84-4075-a703-2ca6c7b17396	99999	Peter Stevens	M	M55-59	99999		2:18:59	0:17:57				United Kingdom	DNF
074dcb37-7765-ef11-bfe3-6045bd0953ac	99999	Hannah Burke	F	F40-44	99999		1:50:59	0:17:10				United Kingdom	DNF
cfe358b4-6d22-47c5-bfdd-e8be9508ff69	99999	Chris Brown	M	M35-39	99999							United Kingdom	DNF
f554b3e5-a48e-4007-af73-460df09865ff	99999	Giel Meesen	M	MPRO	99999		0:56:46	0:07:50	5:16:23	0:06:22		Netherlands	DNF
bd84c07f-da3c-4760-8f7a-ecd9cf35fb34	99999	Lloyd Williams	M	M40-44	99999		1:27:19	0:12:28				United Kingdom	DNF
3c4954a8-146a-49c7-aa3e-937db0440890	99999	Natascha Payrleithner	F	F50-54	99999		2:18:22	0:18:01				Austria	DNF
41911e34-b09d-44c9-9af9-177c2f117d3b	99999	Isaac Rawlins	M	M25-29	99999		2:16:10	0:11:48				United Kingdom	DNF
81c6e0f8-b584-ef11-ac21-000d3a30152c	99999	Victoria Price	F	F35-39	99999		1:50:57	0:15:46				United Kingdom	DNF
09e9e2e2-007c-ef11-a670-000d3a59a9a1	99999	Liam Heaton	M	M35-39	99999		1:20:12	0:12:03				United Kingdom	DNF
e314a5b1-824d-ee11-be6e-000d3a314be4	99999	Shaun Owens	M	M35-39	99999							United Kingdom	DNS
d96ffede-3075-ef11-a670-000d3a36a19e	99999	Jack Grant	M	M30-34	99999		2:26:14					United Kingdom	DNF
9be26ada-079a-f011-b4cc-6045bd05fcc1	99999	Kevin Thomas	M	M35-39	99999		2:12:12	0:14:47				United Kingdom	DNF
98188d52-cb9d-4d63-a6c1-39ef9c045136	99999	Tom Rudd	M	M30-34	99999		2:01:08	0:23:11				United Kingdom	DNF
2ef35d28-4f35-4d28-9782-488f9578cbe7	99999	Johannes Vogel	M	MPRO	99999							Germany	DNS
873101a1-a140-42a8-aae7-29d74f17cd9f	99999	Jack Hayes	M	M25-29	99999		1:44:28	0:16:41	9:46:21			Ireland	DNF
e8d545c3-f5a4-f011-bbd3-000d3a5b7c3b	99999	James Walker	M	M25-29	99999							United Kingdom	DNF
83868dd3-f071-4e61-b84f-c7c536fb8055	99999	Lysa Fairhurst	F	F55-59	99999		1:39:02	0:14:49				United Kingdom	DNF
1d42f54f-398e-4bf1-9a31-382f1312b314	99999	Sophie Day	F	F35-39	99999		1:46:22	0:14:05				United Kingdom	DNF
b6eab906-ad78-46e4-a942-da93ca753ee2	99999	Paul Davies	M	M45-49	99999		1:11:21	0:12:26				United Kingdom	DNF
27f42e16-a349-477b-a26c-c3b7225e96be	99999	Leonard Boey	M	M55-59	99999		1:46:16	0:22:45				Singapore	DNF
3f448547-0f3f-44a6-9370-51132ed33bdd	99999	Alison Tschanz	F	F40-44	99999		1:47:45	0:12:48	8:31:07	0:13:37		Switzerland	DNF
331629d9-2ea4-f011-bbd3-6045bd05fcc1	99999	Cameron M'Crystal	M	M30-34	99999		1:14:41	0:12:26	6:53:05	0:11:37		South Africa	DNF
b9535c7d-fe5e-ef11-bfe3-000d3a3b4ec1	99999	Miranda Bowen	F	F50-54	99999		1:59:28	0:16:42				United Kingdom	DNF
a7d4b5e8-c198-f011-b4cc-000d3a5b50ba	99999	Gareth Coles	M	M40-44	99999		2:23:38					United Kingdom	DNF
d28ccc02-df96-ea11-a811-000d3a5a1bfb	99999	Christopher Evans	M	M25-29	99999		1:56:29	0:18:40				United Kingdom	DNF
0b6e0259-b4c6-4d29-a475-15703d275003	99999	joel hardaker	M	M45-49	99999		1:52:39	0:16:32				United Kingdom	DNF
0bd5b716-39ce-4678-9531-63a1e586dc49	99999	Nicola Dunn	F	F45-49	99999		2:12:20	0:17:02				United Kingdom	DNF
