ContactId	Overall_Rank	Name	Gender	Division	Div_Rank	Total_Time	Swim	T1	Bike	T2	Run	Country	Status
2d494996-c3ae-43fb-b4db-08cbc9799f52	1	Damien Le Mesnager	M	MPRO	1	3:37:23	0:29:02	0:02:01	1:54:02	0:02:01	1:10:17	France	
9c029bc0-5b2f-4515-94e7-0c244a0a9417	2	Youri Keulen	M	MPRO	2	3:38:03	0:25:02	0:01:56	1:57:41	0:02:09	1:11:16	ES	
4c061839-2e8f-4e3c-b4d2-c53b42d7a193	3	Guillem Montiel	M	MPRO	3	3:40:11	0:24:53	0:02:01	1:58:03	0:01:55	1:13:18	ESP	
c6758da3-11b6-459e-a937-7ee897909938	4	Trent Thorpe	M	MPRO	4	3:41:39	0:24:52	0:02:06	1:57:43	0:02:07	1:14:50	NZ	
31206d4c-c583-4104-98ec-4252f7b6b86c	5	Casimir Moine	M	MPRO	5	3:42:54	0:24:56	0:02:02	1:57:56	0:01:58	1:16:02	FR	
677e59b2-c53a-f111-88b4-002248081bd6	6	Luis Steiert	M	MPRO	6	3:43:49	0:26:01	0:02:52	1:56:11	0:02:30	1:16:16	DEU	
5c2402cd-7194-f011-b4cb-002248098cfa	7	Rémi Delagarde	M	MPRO	7	3:44:43	0:25:45	0:01:59	1:59:32	0:02:05	1:15:23	FRA	
e8c74975-7790-4f88-a39f-254c4371540a	8	Jack Hutchens	M	MPRO	8	3:46:07	0:25:58	0:01:53	2:00:20	0:02:29	1:15:27	PT	
bc42f31a-73f5-4f70-9106-087f8cee6718	9	João Ferreira	M	MPRO	9	3:47:10	0:25:59	0:02:03	1:59:57	0:02:16	1:16:54	PRT	
91359fab-4fe8-402b-9a02-fab0de452433	10	Stenn Goetstouwers	M	MPRO	10	3:47:47	0:25:58	0:02:09	1:59:07	0:02:42	1:17:50	BE	
c5fa6157-1c4f-4fdf-9774-f6e7957a7471	11	Christophe De Keyser	M	MPRO	11	3:48:17	0:24:57	0:01:54	2:01:10	0:02:11	1:18:05	BEL	
50ba4cc4-fabd-e911-a985-000d3a35f53a	12	Emmanuel Lejeune	M	MPRO	12	3:49:56	0:25:58	0:02:05	2:04:39	0:02:15	1:14:59	BE	
3757bc2a-dd4b-4fae-a360-aa9fb5e2297c	13	Thibault Colard	M	MPRO	13	3:51:17	0:29:05	0:02:19	2:01:03	0:02:42	1:16:08	FR	
dc52a453-ef31-4096-8c1f-9453adc0c362	14	Mateo Reddy	M	MPRO	14	3:51:25	0:30:00	0:02:14	2:01:32	0:02:03	1:15:35	CH	
051ff3c4-a24c-ee11-be6e-000d3a31440b	15	João Dias	M	MPRO	15	3:52:30	0:25:41	0:01:57	2:07:54	0:01:59	1:14:59	PT	
6b37db8b-1fb2-ee11-a569-000d3a31406e	16	Raphael Dassonville	M	MPRO	16	3:54:07	0:27:46	0:02:03	2:04:05	0:02:03	1:18:10	France	
9cba1aef-b303-f111-8406-0022480b3ee9	17	Sergio Lopez	M	MPRO	17	3:55:04	0:27:56	0:02:08	2:01:08	0:02:25	1:21:26	ESP	
1be113c8-f965-437a-acd9-891301a46de1	18	Devlin Derudder	M	MPRO	18	3:55:16	0:29:29	0:02:01	2:03:57	0:02:19	1:17:30	BE	
11e2af3b-f7cd-467a-ab3b-421e4b7e34d6	19	Hugo Figueiredo	M	MPRO	19	3:58:46	0:25:45	0:02:05	2:06:37	0:02:14	1:22:05	Portugal	
27261e2e-40cd-ed11-b597-000d3a31458d	20	Jacob Lind Knudsen	M	MPRO	20	4:01:00	0:31:43	0:02:27	2:05:55	0:02:42	1:18:13	DK	
f3d21fca-edf2-4b0a-8b57-af077265e0bf	21	Quentin De Vos	M	MPRO	21	4:05:49	0:30:46	0:02:21	2:08:10	0:02:31	1:22:02	BE	
f7e88242-1ef6-f011-8406-000d3a5960e6	22	Damián Martínez Baz	M	MPRO	22	4:06:27	0:29:08	0:02:38	2:09:18	0:02:46	1:22:37	ESP	
b82bea47-f8a8-f011-bbd3-000d3a5cf7d8	23	Sergi Berga Llovera	M	M30-34	1	4:06:31	0:28:25	0:02:50	2:06:39	0:02:26	1:26:11	ES	
4138c5ee-7c68-4381-8f7e-04584074a17c	24	Yeray Medina	M	M25-29	1	4:09:01	0:31:34	0:03:02	2:07:45	0:02:33	1:24:08	ES	
cd4d6597-11e0-ec11-bb3d-00224809703b	25	Maxime BREARD	M	M30-34	2	4:10:23	0:30:47	0:02:28	2:08:47	0:02:41	1:25:39	FRA	
3c1ed1ea-008f-4c5c-9f37-00090122cda7	26	Natalie Van Coevorden	F	FPRO	1	4:11:18	0:28:16	0:02:19	2:15:57	0:02:01	1:22:44	AU	
1dc805d1-7fa3-4a67-8d67-d8e9771766ce	27	Gotzon Gondra Etxebarria	M	MPRO	23	4:12:01	0:33:29	0:02:57	2:03:41	0:02:12	1:29:41	ES	
2afb033d-a17e-4a2e-bab2-aa4fd75789b9	28	Joery Wouters	M	M30-34	3	4:13:41	0:27:57	0:02:57	2:13:22	0:02:53	1:26:31	BEL	
c2c994bc-49b1-4826-b855-79cd3aec2e66	29	Nina Derron	F	FPRO	2	4:13:44	0:31:21	0:02:03	2:13:41	0:02:01	1:24:38	CHE	
01d1eb35-51e8-49d9-983d-8eb81a7759d7	30	David Zaharakis	M	M35-39	1	4:13:46	0:30:03	0:03:32	2:11:57	0:02:22	1:25:51	aus	
17d69070-851b-4464-ad8c-9069ca81ee32	31	Jeanne Collonge	F	FPRO	3	4:15:26	0:34:02	0:02:27	2:15:44	0:02:17	1:20:56	FR	
f83a4522-1a9c-4d38-b8af-b295ce1df0bd	32	Justine Guerard	F	FPRO	4	4:17:10	0:29:04	0:02:20	2:17:35	0:02:15	1:25:55	FR	
03028a9e-25e2-4ff6-8790-67a5c1fa529e	33	Guillaume Grieve	M	M35-39	2	4:18:21	0:31:56	0:03:16	2:11:54	0:03:21	1:27:54	FR	
886d69a1-0737-4a29-9d46-831a42fdcc59	34	Mikel Txopitea	M	MPRO	24	4:18:41	0:32:27	0:02:51	2:15:17	0:02:42	1:25:24	ES	
013b7dfe-13ac-453e-bdac-294cae941ad9	35	Laura Addie	F	FPRO	5	4:20:16	0:31:24	0:02:40	2:15:08	0:02:36	1:28:28	GBR	
d3bceb62-b9f5-4750-94fa-dd153bfc0fa1	36	Chloe Nicolas	F	FPRO	6	4:21:59	0:32:01	0:02:14	2:18:12	0:02:07	1:27:26	FR	
dbc2c245-6d0b-ee11-8f6e-000d3a31406e	37	Xabier Amparan	M	M45-49	1	4:23:56	0:31:11	0:04:04	2:17:04	0:03:37	1:27:59	esp	
7ae2398a-5919-40f6-81a5-384e0f9378f6	38	Marcos García De Paz Fernandez	M	M55-59	1	4:24:11	0:36:05	0:02:44	2:21:59	0:02:08	1:21:15	esp	
ccbbf5d6-833d-4e15-85b1-d95be9d18088	39	Alvaro Heredero	M	M35-39	3	4:24:38	0:34:52	0:03:54	2:17:40	0:02:08	1:26:04	esp	
b2f898ca-ec5a-4bfa-bb2b-13a89cd32839	40	Juan Santos Benito	M	M35-39	4	4:26:24	0:32:03	0:03:10	2:23:27	0:02:19	1:25:25	esp	
8fc29bad-450e-ef11-9f8a-000d3a314c24	41	Ander Legorburu	M	M25-29	2	4:27:36	0:35:10	0:04:05	2:16:27	0:04:22	1:27:32	ES	
057df669-f64b-4db2-b252-9acd8887f20b	42	Jose Martinez Carrera	M	M45-49	2	4:27:40	0:42:45	0:03:03	2:13:13	0:02:14	1:26:25	esp	
b84ac0d7-e836-4242-a704-8e7312f384de	43	Pierre Rebion	M	M25-29	3	4:27:49	0:31:11	0:03:25	2:19:51	0:01:55	1:31:27	FR	
f85d140c-7dab-4d64-b523-6eaff7886ec8	44	Carlo Alberto Caruso	M	M40-44	1	4:29:32	0:31:44	0:03:44	2:19:23	0:02:45	1:31:56	IT	
9f4a628c-7983-f011-b4cc-6045bd05f634	45	Lucas Van engelen	M	M18-24	1	4:29:40	0:31:38	0:04:23	2:23:35	0:02:34	1:27:30	NLD	
865ddd47-b265-49af-911a-1956de41cd93	46	Marc Seriola	M	M40-44	2	4:30:02	0:39:04	0:04:01	2:17:28	0:02:17	1:27:11	esp	
01327005-297c-ef11-a670-002248049fdc	47	Tom Van Acker	M	M25-29	4	4:30:37	0:33:55	0:03:57	2:21:55	0:03:04	1:27:45	bel	
a6e545ed-c365-4338-abdd-4fa72a4a34be	48	Rafael Moraes	M	M40-44	3	4:31:10	0:35:03	0:03:45	2:20:28	0:02:50	1:29:04	bra	
b514d5f2-8721-4733-9a06-ed051eb978f5	49	Graziano Bortolotto	M	M55-59	2	4:31:35	0:34:52	0:03:54	2:21:48	0:03:18	1:27:44	ita	
e775445e-c06d-ef11-a671-00224808301f	50	Niek Keijzer	M	M18-24	2	4:32:02	0:34:02	0:03:40	2:23:41	0:03:17	1:27:22	nld	
ea7629f7-a6ce-47cb-9cfd-8cda89c6f73f	51	Tara Rooney	F	FPRO	7	4:32:24	0:36:48	0:03:30	2:22:22	0:02:28	1:27:16	ES	
087b3ec7-c83d-435f-991a-94189c3abdcb	52	Rodrigo Paiva	M	M30-34	4	4:32:41	0:30:37	0:03:52	2:18:32	0:02:37	1:37:03	PT	
2e56373c-99d8-411a-8291-cc295c9a9d3a	53	Javier Curto Cormenzana	M	M30-34	5	4:32:46	0:30:23	0:04:34	2:22:43	0:02:57	1:32:09	esp	
aeab36d8-94a5-ee11-be37-000d3a31406e	54	Diogo Vieira	M	M35-39	5	4:33:08	0:36:27	0:03:52	2:23:46	0:02:15	1:26:49	prt	
08717ea1-bc3f-4f9c-9dd3-17741fce6a5e	55	Xavier Garcia	M	M45-49	3	4:33:54	0:31:22	0:03:43	2:24:36	0:02:54	1:31:19	ES	
06bdd7ff-3395-4e0d-895b-c516f618c462	56	Maialen Azpiazu	F	FPRO	8	4:33:58	0:34:05	0:02:16	2:22:18	0:02:25	1:32:54	ES	
b35a836f-b737-46d3-a037-e59c52b56e71	57	Maxime Bourrel	M	M35-39	6	4:35:06	0:30:44	0:04:04	2:26:08	0:02:51	1:31:17	fra	
f832b231-d3bb-40d5-8cab-bf358c3444b7	58	Jaime Andueza	M	M18-24	3	4:36:01	0:35:01	0:04:10	2:20:34	0:02:50	1:33:25	esp	
59cfa0bf-be81-f011-b4cc-000d3a5cf7d8	59	Seth van Savooijen	M	M25-29	5	4:36:36	0:36:25	0:04:34	2:19:01	0:02:33	1:34:03	NLD	
ea7cfad5-6cf9-4fda-9f87-3d06e51c78ac	60	Melda Fatma İdrisoglu	F	F35-39	1	4:36:58	0:31:39	0:04:15	2:22:05	0:02:42	1:36:18	TR	
aa9e7d7a-f70f-47bc-94fa-c96c07ffed8b	61	Héctor Castro Pérez	M	M45-49	4	4:37:15	0:33:01	0:03:13	2:25:26	0:02:45	1:32:50	ES	
7717981b-8e5d-ef11-bfe3-6045bd0953ac	62	Linus Limmer	M	M25-29	6	4:37:48	0:38:54	0:04:16	2:12:57	0:03:28	1:38:12	DEU	
0f83fde6-2da8-f011-bbd3-000d3a3173b5	63	Julio Gallego Villalobos	M	M50-54	1	4:37:52	0:38:35	0:03:32	2:22:51	0:02:17	1:30:36	ES	
6ca98842-6a80-456f-bfcb-d97eae61148a	64	Joaquin del Rio	M	M30-34	6	4:38:01	0:37:38	0:04:07	2:22:31	0:03:17	1:30:28	ES	
8a02f3b3-7694-4605-ad5f-2428a3081c50	65	Georgina Canovas Alonso	F	F25-29	1	4:38:15	0:29:30	0:03:25	2:36:16	0:03:14	1:25:50	ESP	
d757b4f8-1ada-e911-a985-000d3a36478d	66	Oliver Martin	M	M50-54	2	4:38:21	0:38:29	0:04:30	2:18:07	0:02:25	1:34:49	GB	
b0854c9a-1ac1-ef11-b8e9-002248049fdc	67	José Ángel González Concepción	M	M40-44	4	4:38:25	0:33:19	0:03:23	2:25:10	0:02:09	1:34:25	ESP	
b2490900-f29e-f011-b41c-6045bd09951e	68	Alvaro Lurueña	M	M18-24	4	4:38:32	0:36:25	0:03:46	2:22:24	0:05:46	1:30:10	esp	
3e533506-1177-4f7b-9742-7fe19e455f26	69	Jérôme Barroso	M	M45-49	5	4:38:55	0:36:22	0:03:46	2:22:48	0:02:13	1:33:45	FR	
8738780c-2d2b-4352-8dba-e5b1edd13ff9	70	Borja Núñez De Aysa	M	M35-39	7	4:38:58	0:33:14	0:03:48	2:19:24	0:02:46	1:39:47	ES	
ed486894-ca52-f011-877a-000d3a5b7c3b	71	Pol Huertas Esquerrà	M	M30-34	7	4:39:38	0:41:25	0:05:38	2:23:59	0:05:08	1:23:28	ES	
adc3ebaf-ef6c-ef11-a670-000d3a308d97	72	Loïc Le Gall	M	M35-39	8	4:39:52	0:30:30	0:02:45	2:19:12	0:02:32	1:44:53	fra	
f2888d85-47cb-4e7d-82c0-2ce5a8cb6d0f	73	Florian Anne	M	M35-39	9	4:40:16	0:36:17	0:03:52	2:25:41	0:03:25	1:31:01	fra	
78721f68-8299-4d92-8c99-0ca6668b2eb6	74	Nicholas Georgiadis	M	M35-39	10	4:40:25	0:36:40	0:04:07	2:22:27	0:02:58	1:34:13	are	
e9c20e8a-c555-42bd-a2f6-ae3bf15f1de1	75	Ben Heckscher	M	M45-49	6	4:40:31	0:31:33	0:03:26	2:23:52	0:03:48	1:37:51	CN	
56d49949-7d08-4829-9e91-fc5f2fbd78cd	76	Víctor Rodríguez Ortiz	M	M35-39	11	4:40:42	0:31:10	0:04:02	2:29:46	0:05:08	1:30:35	ES	
da5236e2-d8b7-4a47-be1e-293e89c7253d	77	Dario Silvestre	M	M40-44	5	4:43:54	0:33:27	0:03:51	2:31:07	0:02:39	1:32:50	prt	
ab8226e9-883b-4a83-966b-a35dbcbff661	78	Lucas Julia Boquer	M	M25-29	7	4:44:24	0:37:00	0:04:29	2:27:32	0:03:44	1:31:40	ES	
9168f8ee-1a97-f011-b4cc-000d3a5b7c3b	79	Théo Da Costa	M	M18-24	5	4:44:27	0:34:45	0:04:00	2:23:06	0:03:30	1:39:06	BEL	
5faa1978-6892-f011-b4cc-000d3a5b50ba	80	Nicolas Martin	M	M55-59	3	4:45:01	0:28:27	0:03:36	2:26:28	0:02:51	1:43:40	FR	
92e571fe-0f6b-f011-bec3-6045bd09951e	81	Edwin jose Fuentes soyka	M	M35-39	12	4:45:33	0:30:30	0:03:07	2:33:10	0:02:24	1:36:21	ES	
7d2f35b8-8cfc-420f-98df-7e79f441dab8	82	Castor Benitez-Inglott Bellini	M	M40-44	6	4:45:37	0:37:29	0:04:22	2:25:36	0:04:19	1:33:52	ESP	
3ae1b2b6-f7a0-f011-bbd3-000d3a5b50ba	83	Iván Gil	M	M25-29	8	4:46:00	0:30:12	0:04:15	2:34:27	0:03:08	1:33:58	ES	
77488713-fb69-f011-bec2-00224809ec55	84	Rafel Galletero	M	M25-29	9	4:46:28	0:36:11	0:04:32	2:27:53	0:02:46	1:35:06	ESP	
099f1885-0a8a-4424-93ba-f62bf8a6f447	85	Özge Uzun	F	F35-39	2	4:46:37	0:33:48	0:04:01	2:25:15	0:04:04	1:39:29	TR	
779a0658-8c94-4be8-8de3-4a2541a60c23	86	Leo Babet	M	M25-29	10	4:46:43	0:30:21	0:02:50	2:31:42	0:02:51	1:38:59	FR	
8a12c116-5032-42d7-af8f-719e5f51bb7c	87	Carlos Casas	M	M40-44	7	4:47:12	0:34:38	0:03:22	2:26:49	0:03:19	1:39:04	ES	
b22815a8-d06f-44f3-bd0f-055a6727af8c	88	Pierre Pinquier	M	M35-39	13	4:47:32	0:32:13	0:04:43	2:20:53	0:02:48	1:46:54	fra	
e812dd0f-1244-4dbc-a684-216f918d1a73	89	Rober Hernandez	M	M30-34	8	4:47:34	0:35:18	0:04:32	2:27:02	0:04:34	1:36:08	ES	
6e7e0184-1e20-4866-a53f-87f4b8dcc138	90	Vincent Joussemet	M	M50-54	3	4:47:34	0:45:16	0:05:48	2:20:26	0:03:08	1:32:56	FR	
90e6d6ac-b0a5-f011-bbd3-000d3a5cf7d8	91	Manuel Pestana	M	M18-24	6	4:48:03	0:38:07	0:05:47	2:30:31	0:04:07	1:29:32	PT	
bf533725-ac77-4004-9d87-6909847b4e67	92	Tom Van Renterghem	M	M55-59	4	4:49:33	0:31:39	0:03:43	2:24:27	0:02:39	1:47:06	BE	
1a23edce-4faf-4420-b106-587dff2d3449	93	Arsenii Eliseev	M	M35-39	14	4:49:33	0:32:42	0:05:17	2:26:36	0:06:44	1:38:14	KZ	
3bfd4880-1e78-43b4-b56e-d63bb4a24c2b	94	Kenny Kroeze	M	M45-49	7	4:50:27	0:41:52	0:05:47	2:19:46	0:03:08	1:39:53	nld	
c3f1442b-05ea-4f36-ab7b-dd45b926ef83	95	Diogo Pina pereira	M	M50-54	4	4:50:38	0:36:02	0:03:47	2:29:31	0:02:20	1:38:58	prt	
c50f4377-0779-42c8-8260-aec2af00c46a	96	Bats Alexandre	M	M40-44	8	4:50:54	0:40:02	0:04:53	2:25:58	0:02:55	1:37:07	fra	
3041eb41-a093-f011-b4cc-000d3a5c3d6c	97	Antonin Simonot	M	M18-24	7	4:50:58	0:36:49	0:04:41	2:18:50	0:03:01	1:47:37	FR	
043f81d8-7bba-41cc-bdb3-4aab4609c7e3	98	Mariusz Chrobot	M	M45-49	8	4:51:14	0:37:43	0:04:51	2:20:21	0:02:39	1:45:41	pol	
69faef94-28cb-4862-bc84-59e0caeb0e04	99	Lucie Petrissans	F	F30-34	1	4:51:30	0:33:35	0:03:38	2:38:25	0:02:25	1:33:27	fra	
d6b7609c-0747-4f38-87ae-60fd4e75b7b9	100	Edwin Van Putten	M	M35-39	15	4:51:44	0:35:32	0:04:21	2:25:30	0:02:47	1:43:33	GB	
11eed985-5d89-ef11-ac21-002248049fdc	101	Jaron Lybeer	M	M18-24	8	4:53:01	0:43:11	0:04:49	2:28:14	0:03:27	1:33:20	BE	
2527c458-ade3-4d2b-bafb-28ee00f09683	102	Pau Borras	M	M25-29	11	4:53:07	0:40:47	0:04:57	2:32:13	0:02:48	1:32:22	esp	
5473ea23-7f31-4283-95e1-f69b14929066	103	Biel Serra Serra	M	M45-49	9	4:53:28	0:36:29	0:05:07	2:26:51	0:03:13	1:41:48	esp	
ec64aa1d-232e-4edb-a97c-66d3566d7b93	104	Alexis Seban	M	M30-34	9	4:53:47	0:33:25	0:05:05	2:31:08	0:02:41	1:41:28	FR	
a311afa9-af62-4ff0-8c61-27f0cfa8a3d8	105	Mary Hearty	F	F45-49	1	4:54:08	0:36:52	0:04:28	2:34:37	0:03:59	1:34:12	irl	
39c67770-8253-4000-aba8-950c4b8bbf05	106	Carles Taberne Barri	M	M50-54	5	4:55:19	0:39:23	0:04:57	2:32:55	0:03:30	1:34:33	ESP	
19c0f046-e451-4665-9788-14a94a573cec	107	Rodrigo Núñez De Aysa	M	M30-34	10	4:55:34	0:38:11	0:05:19	2:28:59	0:03:09	1:39:56	ES	
8ff039a2-9048-4d27-8271-3abca679d59c	108	Javier Puntero	M	M50-54	6	4:55:51	0:38:25	0:05:23	2:28:29	0:05:43	1:37:51	Spain	
e6c06415-71b9-ee11-a569-000d3a314d17	109	Benjamin Kasprzyk	M	M30-34	11	4:56:05	0:42:33	0:04:19	2:26:02	0:02:41	1:40:30	FRA	
89bedb2e-c42c-41df-89c5-d3600cf30ac3	110	Tiago Batista	M	M40-44	9	4:56:35	0:32:37	0:02:35	2:36:54	0:04:36	1:39:53	prt	
e5b8ec8e-ee39-4633-9171-5a2bde4f8d6f	111	Clement Peltier	M	M25-29	12	4:56:54	0:42:46	0:04:41	2:26:56	0:03:57	1:38:33	FR	
bdac36ad-1866-4a79-9610-5d0807e9d2df	112	Gino Aalbrecht	M	M35-39	16	4:57:12	0:37:07	0:05:13	2:21:47	0:03:23	1:49:42	nld	
7c565f36-c846-f011-877a-6045bd05fcc1	113	Ángel González Ballesteros	M	M25-29	13	4:57:22	0:41:49	0:04:25	2:29:50	0:03:56	1:37:23	esp	
da6b30e2-c607-4dd6-81b4-8263a9d1ac70	114	Bernardo Freitas	M	M35-39	17	4:57:38	0:32:52	0:04:08	2:29:12	0:02:37	1:48:49	PT	
88ae5d69-809c-4b5c-8641-c83cc1e0ae2f	115	Tom Dumas	M	M25-29	14	4:57:44	0:36:17	0:03:33	2:28:18	0:02:50	1:46:46	FR	
5353d1ee-964e-4b2b-9143-8e8ff9c1675b	116	Marcel Staviany	M	M35-39	18	4:57:45	0:42:25	0:04:46	2:32:06	0:03:31	1:34:58	CZE	
e8411964-42de-ef11-8eea-00224806c129	117	Hannelore Roth	F	F35-39	3	4:57:51	0:29:56	0:04:45	2:30:50	0:04:31	1:47:48	BE	
6a8b5f82-a305-4656-8cb7-59fc4ebadf9a	118	Laura Sogo	F	F30-34	2	4:58:04	0:37:37	0:05:33	2:41:28	0:03:22	1:30:04	esp	
2c66741c-a8ff-4e40-a2aa-e030fc6fc17a	119	Pierre-Antoine Papillon	M	M40-44	10	4:58:25	0:40:53	0:05:32	2:35:37	0:03:14	1:33:07	fra	
508379e8-93c5-481d-ac54-15414013d4a3	120	Joao Serralha	M	M45-49	10	4:58:25	0:32:25	0:04:34	2:34:47	0:02:36	1:44:03	PT	
6183729f-d19d-f011-b41c-000d3a5b50ba	121	Bart Vangheluwe	M	M35-39	19	4:58:45	0:37:23	0:06:22	2:30:39	0:03:53	1:40:28	BE	
508deb2c-cf55-4e6f-ad33-f17fb81f0a6c	122	Mathieu Lebuhotel	M	M30-34	12	4:58:57	0:39:54	0:04:12	2:24:53	0:03:49	1:46:08	FR	
d6afdf75-c73e-ea11-a812-000d3a5a1cf8	123	Necati Karabucak	M	M30-34	13	4:59:27	0:41:22	0:04:35	2:22:59	0:03:45	1:46:46	tur	
ac628142-2f3a-433e-8f96-8a60c16fe0be	124	Iaroslav Nyrka	M	M45-49	11	4:59:30	0:39:15	0:04:48	2:25:19	0:03:27	1:46:41	UA	
93c0e687-9e90-f011-b4cc-000d3a5cf7d8	125	Dany Lasnier	M	M55-59	5	4:59:54	0:44:50	0:04:47	2:22:39	0:03:44	1:43:54	FR	
577f8b22-6d79-4d14-9c62-e871b87f2cb6	126	Ken De Vos	M	M45-49	12	4:59:58	0:31:56	0:04:19	2:33:37	0:03:22	1:46:45	BEL	
eb87dcfb-ce77-4657-80f7-dd5138e937a0	127	Arne Huyghelier	M	M35-39	20	4:59:59	0:37:03	0:04:23	2:21:14	0:03:16	1:54:04	CH	
2933ee5b-d57e-ee11-8179-000d3a31406e	128	Olivier Robert	M	M40-44	11	4:59:59	0:34:31	0:04:13	2:31:05	0:03:15	1:46:55	FR	
fe962e4b-9742-ef11-840a-00224809fd7c	129	Isidoro Diaz Blanco	M	M50-54	7	5:00:10	0:34:32	0:03:42	2:41:11	0:02:54	1:37:51	ES	
7a671e31-1e5a-f011-bec2-6045bd09951e	130	Alexander Torres	M	M40-44	12	5:00:54	0:38:27	0:03:42	2:38:13	0:03:15	1:37:16	ESP	
9e29e553-bd85-f011-b4cc-000d3a5b50ba	131	Maxime FONCARNIER	M	M45-49	13	5:01:02	0:35:33	0:05:07	2:29:00	0:03:27	1:47:54	FR	
62782409-41a0-4e09-badd-c20cdac57083	132	Jesús Barranco Perez	M	M40-44	13	5:01:50	0:39:24	0:04:50	2:40:41	0:03:05	1:33:50	ES	
9d8ca475-bd9b-f011-b41c-6045bd05fcc1	133	João Francisco Pimentel Duarte dos Santos	M	M18-24	9	5:01:53	0:37:44	0:06:49	2:29:31	0:03:17	1:44:34	SE	
0bafdffd-a17c-ef11-a670-000d3a338a3c	134	mike greenwood	M	M30-34	14	5:02:31	0:37:42	0:05:25	2:25:10	0:03:51	1:50:22	GB	
a40905c0-d785-f011-b4cc-000d3a5b50ba	135	Oliver Weedon	M	M25-29	15	5:02:33	0:36:52	0:05:02	2:35:16	0:03:33	1:41:50	GBR	
9eed94f1-2b1a-46aa-ab13-1dd345b27e97	136	Celine Taubman	F	F25-29	2	5:02:34	0:38:58	0:03:35	2:34:40	0:02:51	1:42:30	FR	
e41718a5-6266-43d1-8cd0-afc7ea968739	137	Toni Cabezas ruano	M	M40-44	14	5:02:39	0:33:42	0:04:05	2:36:00	0:02:38	1:46:13	esp	
9e3bfa70-8671-425e-9ed4-91dcf95bd517	138	Tiago Rodrigues	M	M50-54	8	5:03:06	0:37:08	0:04:36	2:26:58	0:04:22	1:50:03	PT	
9839f262-c1cf-4f25-b2f2-f3d21a200123	139	Julie Laborde	F	F40-44	1	5:03:09	0:39:36	0:05:04	2:37:03	0:03:41	1:37:45	CAN	
ffaeff00-abfc-ee11-a1fe-6045bd075a4c	140	Fábio Amorim	M	M30-34	15	5:03:11	0:52:45	0:06:15	2:29:02	0:03:51	1:31:18	PT	
5fc9444d-5b3b-4325-970e-c90b0f3ced01	141	Ander Celaya Pérez	M	M30-34	16	5:03:16	0:29:53	0:05:15	2:31:37	0:04:16	1:52:15	ES	
53bc19a6-14e5-46a1-a658-e0d4ce6c9f68	142	Andres Jimenez	M	M45-49	14	5:03:29	0:36:04	0:04:31	2:33:13	0:05:31	1:44:10	esp	
ca0e8413-9a4f-4932-ae77-9ef9f217793a	143	Robin Matthijs	M	M40-44	15	5:03:33	0:44:07	0:05:49	2:28:12	0:02:58	1:42:27	BEL	
b1ce946f-cfa2-f011-bbd3-000d3a5cf7d8	144	ORIOL BATLLE GALLEGOS	M	M18-24	10	5:03:49	0:37:01	0:06:27	2:32:23	0:03:35	1:44:24	ES	
9e5efaa8-c732-42cf-abdc-d7e467c7d167	145	Cyril Voillequin	M	M55-59	6	5:04:06	0:41:38	0:06:58	2:34:01	0:03:57	1:37:32	FR	
ecfdef32-6bd1-4070-b7a7-33c4fdb1fd4f	146	Fernando Aleman Moreno	M	M55-59	7	5:04:10	0:33:47	0:04:03	2:34:53	0:05:07	1:46:20	ES	
27027956-7098-f011-b4cc-0022480a7385	147	Rodrigo Minguez	M	M25-29	16	5:04:13	0:40:38	0:05:45	2:34:27	0:02:26	1:40:57	ES	
91e53ae6-3784-f011-b4cc-000d3a5b7c3b	148	Daniel Martínez Cameno	M	M25-29	17	5:04:13	0:46:51	0:05:04	2:14:07	0:03:00	1:55:11	esp	
bd21ba58-2284-f011-b4cc-000d3a5b7c3b	149	Pedro Martin Booi	M	M45-49	15	5:04:17	0:38:03	0:04:07	2:32:21	0:02:54	1:46:52	ES	
90b599c3-d1d3-4396-b900-c1a60426ad60	150	matteo bonifacino	M	M45-49	16	5:04:18	0:37:27	0:05:16	2:30:23	0:04:09	1:47:04	IT	
599416fd-5a8d-400f-8d3f-4b6384eedf06	151	Dmitriy Korabelnikov	M	M35-39	21	5:04:36	0:43:42	0:05:50	2:33:30	0:04:08	1:37:26	KZ	
c3976ba5-db92-f011-b4cc-000d3a5b7c3b	152	Michelle Tramper	F	F25-29	3	5:04:43	0:38:09	0:05:26	2:30:15	0:03:17	1:47:35	NLD	
bb08814f-03b5-468b-93a3-7103e14b5c5d	153	Ewan Cameron	M	M55-59	8	5:04:51	0:36:27	0:04:49	2:31:20	0:02:52	1:49:22	gbr	
8f5703f2-c585-f011-b4cc-000d3a5b7c3b	154	João Gaspar	M	M40-44	16	5:04:55	0:32:44	0:05:32	2:33:02	0:04:34	1:49:03	PT	
2e4f63d1-d48c-4e21-a9c8-17e1878bb596	155	Timóteo Santana	M	M35-39	22	5:05:08	0:40:21	0:03:17	2:35:52	0:03:10	1:42:29	PT	
563da262-7292-f011-b4cc-000d3a5b50ba	156	Antonio De Diego Suanzes	M	M30-34	17	5:05:13	0:42:15	0:05:54	2:34:26	0:04:26	1:38:12	ESP	
976510ed-81ce-4c5f-9d7c-54ea63210a3e	157	Dragos Ionita	M	M35-39	23	5:05:19	0:42:16	0:03:52	2:36:18	0:03:01	1:39:52	AUT	
c81aa3e5-e081-f011-b4cc-000d3a5b50ba	158	Pablo de la Fuente	M	M25-29	18	5:05:25	0:33:48	0:05:52	2:39:48	0:03:25	1:42:32	ES	
f3844761-7e9a-40f3-b6cb-18682eee0d7a	159	Jimmy Caverzan	M	M35-39	24	5:05:29	0:34:42	0:04:03	2:38:01	0:03:21	1:45:21	FR	
f882c271-98c6-49cf-989d-f51e149b0bf9	160	Elly Verhoeven	F	F55-59	1	5:05:31	0:40:31	0:04:35	2:33:44	0:03:38	1:43:03	BE	
25024775-738d-f011-b4cc-000d3a5b7c3b	161	Marçal Robert Pérez	M	M18-24	11	5:05:40	0:38:02	0:04:44	2:35:22	0:02:51	1:44:41	ES	
d6a5eba5-36b6-43e6-a395-61c4f6130792	162	Nicolas Saux	M	M50-54	9	5:05:56	0:36:47	0:05:19	2:29:46	0:03:48	1:50:15	fra	
9a55ab6b-ee08-45c6-baad-5648fb05afe9	163	Paula Estrague	F	F18-24	1	5:06:13	0:30:43	0:04:08	2:41:35	0:04:25	1:45:23	ES	
407eac70-13ac-412e-9bc9-90a1eda6d9f6	164	Anton Zinakov	M	M40-44	17	5:06:34	0:38:45	0:04:50	2:28:06	0:03:04	1:51:49	RU	
fcc10231-3649-f011-877a-6045bd09951e	165	Xabier Antoñana	M	M30-34	18	5:06:38	0:40:19	0:05:09	2:34:42	0:03:41	1:42:47	esp	
2a7b4cf5-0a9e-f011-b41c-6045bd05f634	166	Carlos Ferrer	M	M25-29	19	5:06:42	0:33:43	0:05:39	2:39:06	0:04:09	1:44:04	ESP	
ad0c0ed0-9dcd-43f4-a82d-f426d533c99f	167	Sergio Sánchez Díaz	M	M45-49	17	5:07:05	0:44:54	0:06:43	2:29:46	0:03:35	1:42:06	ES	
a5312e55-be92-ef11-ac20-000d3a5a403c	168	Kendal Rose	F	F25-29	4	5:07:13	0:39:45	0:05:46	2:50:12	0:04:20	1:27:09	gbr	
849cc4e5-3abe-4ecd-8a42-c745dbc75cd8	169	Ricardo Couto	M	M35-39	25	5:07:36	0:35:57	0:04:29	2:46:57	0:02:36	1:37:38	PT	
8d7580ce-de4b-43d7-83f3-9661c31ef39c	170	Daniel Pérez Martín	M	M35-39	26	5:07:48	0:42:50	0:03:58	2:23:49	0:03:55	1:53:17	ES	
7cefa7f1-0784-f011-b4cc-0022480c097c	171	Félix Hernández López	M	M18-24	12	5:07:50	0:32:29	0:04:40	2:49:44	0:04:13	1:36:44	ES	
27b09cd7-2454-4d10-acde-0d7d2f2b3fe9	172	Holger Schuenemann	M	M55-59	9	5:07:57	0:37:27	0:04:05	2:34:41	0:02:54	1:48:51	ita	
4b64113b-0547-4d7a-a442-19a0f3a199c7	173	Aleksey Bannikov	M	F35-39	4	5:08:40	0:36:14	0:04:41	2:34:36	0:03:43	1:49:26	CY	
f6a133d7-0f84-f011-b4cc-6045bd09951e	174	Jorge Miguel González Hernández	M	M35-39	27	5:08:54	0:40:01	0:04:46	2:35:26	0:03:07	1:45:33	ES	
37e0a336-2f9e-f011-b41c-6045bd05f634	175	Andoni Garcia Muñoz	M	M35-39	28	5:08:57	0:35:26	0:06:24	2:31:22	0:06:33	1:49:12	ES	
5e10629e-8586-4e69-bcd0-4502e84728ba	176	Wouter Tielemans	M	M35-39	29	5:09:06	0:37:15	0:05:05	2:34:45	0:03:14	1:48:47	BE	
4571e9f5-4d52-4d2d-9127-3c84ea5d619c	177	Diego Miguel Hernandez Gomez	M	M45-49	18	5:09:20	0:38:20	0:05:29	2:38:31	0:02:54	1:44:06	ESP	
6403ffb8-b585-4116-89e8-879894477c44	178	Jean-Blaise Ripoll	M	M55-59	10	5:09:37	0:38:49	0:05:15	2:31:52	0:03:05	1:50:36	fra	
c54d8f26-5c3b-464c-aa95-11c0f575af3a	179	Didio Mauro Vicente Silvestre	M	M40-44	18	5:09:39	0:38:28	0:06:11	2:36:40	0:03:29	1:44:52	PT	
a1abe5ec-ee8f-490c-af2c-775d5f0e79bc	180	Patrick Sanchez	M	M50-54	10	5:09:42	0:45:49	0:06:32	2:36:37	0:03:30	1:37:14	FR	
b4f3c430-7613-47f6-946e-570a7e1081f7	181	Anthony Heaton-Jones	M	M45-49	19	5:09:42	0:33:28	0:03:42	2:26:00	0:04:53	2:01:40	gbr	
06959694-b557-4064-a368-739699afc57e	182	Can Aran	M	M35-39	30	5:09:50	0:40:26	0:05:45	2:29:38	0:05:00	1:49:01	US	
60fe9a52-a8f5-4f72-b529-2baf558f87e7	183	Oliver Clayton	M	M35-39	31	5:09:58	0:48:16	0:05:51	2:27:56	0:03:16	1:44:39	GB	
49c36d33-b59d-ef11-8a6a-002248049fdc	184	Rodrigo Taus	M	M18-24	13	5:10:01	0:36:01	0:03:54	2:38:35	0:02:42	1:48:49	esp	
3b38da5c-5263-f011-bec1-6045bd076d76	185	Rafael Colomina Salazar	M	M30-34	19	5:10:10	0:32:13	0:05:38	2:34:49	0:04:10	1:53:20	esp	
89e85d44-41d1-45d5-8df9-e68abbc33f23	186	Rafael Rodriguez	M	M35-39	32	5:10:17	0:53:36	0:07:21	2:23:39	0:04:19	1:41:22	esp	
c28f0cc1-121f-4bfa-9bcc-a644a2e44686	187	Felipe Donoso	M	M30-34	20	5:10:28	0:45:20	0:06:19	2:31:20	0:02:31	1:44:59	NL	
5a581cb5-5b82-ef11-ac20-000d3a59a9a1	188	Stephan Puchner	M	M40-44	19	5:10:34	0:39:06	0:05:11	2:33:55	0:04:43	1:47:40	aut	
804d60b2-7391-ef11-ac21-6045bd048089	189	Loïc De Jongh	M	M30-34	21	5:10:39	0:36:50	0:05:17	2:33:49	0:04:09	1:50:34	che	
c141f4e8-7992-f011-b4cc-000d3a3173b5	190	ADRIEN THEODORE	M	M40-44	20	5:11:26	0:41:23	0:04:38	2:40:22	0:02:56	1:42:06	FR	
ce8f0d4e-fe83-f011-b4cb-7ced8d3cd8e3	191	Joaquin Pousibet Puerto	M	M35-39	33	5:11:32	0:39:40	0:05:15	2:43:13	0:03:24	1:40:01	ES	
f30e56e4-6d94-f011-b4cc-0022480a7385	192	Will Harris	M	M35-39	34	5:11:35	0:45:32	0:05:59	2:37:39	0:03:53	1:38:32	ESP	
54b73f9d-518f-f011-b4cc-000d3a5b50ba	193	Imanol Ibarzabal Senar	M	M25-29	20	5:11:42	0:40:35	0:10:25	2:28:41	0:05:45	1:46:16	ESP	
c90663b3-a302-49c0-b62d-e6ab4443ef3b	194	Sami Darkazanli	M	M30-34	22	5:11:45	0:38:45	0:04:38	2:31:56	0:03:45	1:52:41	FRA	
419ea8dc-0c69-ef11-bfe3-00224808301f	195	Felix Kibgies	M	M30-34	23	5:11:48	0:34:03	0:06:59	2:40:04	0:03:37	1:47:06	DE	
9ea8acef-d430-4809-af51-792317d2fcce	196	Britt Gheysen	F	F30-34	3	5:11:50	0:29:11	0:04:49	2:37:17	0:03:46	1:56:46	BE	
a1b05a05-0792-4ef8-980d-b3c7072a6ce8	197	Arnaud Rullaud	M	M50-54	11	5:11:55	0:39:20	0:06:34	2:33:05	0:03:15	1:49:40	FR	
a3ad6071-e467-44bc-9397-0725675a41ee	198	Jonas Lybeer	M	M30-34	24	5:11:58	0:37:41	0:05:13	2:35:04	0:03:35	1:50:25	BE	
4c7d6869-9f4e-ef11-a316-000d3a3b4ec1	199	Gonzalo Serratosa De Caralt	M	M25-29	21	5:12:05	0:35:15	0:07:03	2:32:47	0:03:24	1:53:37	ES	
278530fa-9f53-4668-a7d6-86b864c82082	200	Jorge Banha	M	M45-49	20	5:12:16	0:44:21	0:04:31	2:30:26	0:03:11	1:49:47	prt	
ca3e55ec-30a8-f011-bbd3-6045bd05fcc1	201	Marc Erans	M	M35-39	35	5:12:22	0:37:54	0:04:17	2:45:30	0:03:08	1:41:33	ESP	
f2615774-e359-f011-bec2-6045bd05fcc1	202	Arnau Garcia	M	M18-24	14	5:12:31	0:41:25	0:05:02	2:41:53	0:03:18	1:40:53	ES	
d4eaf5d6-0695-4ad4-8908-d58e4f2d5ad3	203	Fran Loranca	M	M40-44	21	5:12:38	0:37:26	0:05:13	2:38:03	0:04:20	1:47:36	are	
8814020e-a7ee-ef11-9342-000d3a5ae96c	204	Timur Beket	M	M25-29	22	5:12:48	0:45:23	0:04:43	2:35:17	0:03:45	1:43:40	KZ	
f35598b5-9a12-ef11-9f89-6045bd00e0b7	205	Jose Picazo Navarro	M	M25-29	23	5:12:57	0:33:12	0:04:23	2:38:49	0:03:24	1:53:08	ES	
aa452e38-f2b0-f011-bbd3-000d3a5b7c3b	206	Casper Luykx	M	M35-39	36	5:13:16	0:43:31	0:08:07	2:31:20	0:05:18	1:45:00	NLD	
4220c177-79a4-4d76-9d35-643c20c0f805	207	Askar Medeuov	M	M40-44	22	5:13:16	0:43:32	0:05:02	2:33:49	0:03:44	1:47:10	KZ	
280cd249-f8a6-4044-87bb-cbab3d792446	208	Fran Salvador Montilla	M	M30-34	25	5:13:28	0:36:14	0:05:39	2:41:54	0:03:39	1:46:03	ESP	
116bd0a7-3974-4a75-a0dc-3c94a501d0b4	209	Luis Ignacio Urbina Martinez	M	M40-44	23	5:13:39	0:44:11	0:05:17	2:37:56	0:04:25	1:41:49	MX	
53edda50-8f8d-42c7-8063-4637204dd9c8	210	Miguel Martínez Molina	M	M50-54	12	5:13:42	0:35:40	0:05:26	2:43:44	0:03:29	1:45:22	ES	
18e25e52-ca8d-f011-b4cc-6045bd09951e	211	Roger Ordoño Manzanas	M	M25-29	24	5:14:15	0:43:22	0:06:34	2:43:49	0:04:49	1:35:41	ESP	
dc07420e-ad9b-ef11-8a69-000d3a5a403c	212	Ander Lopez Gonzalez de Chavarri	M	M35-39	37	5:14:20	0:36:13	0:04:47	2:35:46	0:03:19	1:54:14	ESP	
2eced16f-9587-ef11-ac21-6045bd02949c	213	Victor Manuel Vazquez Vega	M	M40-44	24	5:14:27	0:39:58	0:05:23	2:41:00	0:03:13	1:44:53	ES	
8746a758-cf8f-f011-b4cc-000d3a5b50ba	214	Juan Manuel González González	M	M35-39	38	5:14:28	0:35:26	0:05:03	2:44:20	0:04:53	1:44:47	ESP	
ca05913b-b7a9-f011-bbd3-000d3a5cf7d8	215	Isabel Hal	F	F25-29	5	5:14:32	0:37:35	0:06:16	2:49:38	0:04:08	1:36:55	GBR	
4c3294a3-0684-f011-b4cc-6045bd05fcc1	216	Carlota Moles Gual	F	F35-39	5	5:14:42	0:31:17	0:04:21	2:47:27	0:03:18	1:48:20	esp	
6537b99c-491e-4143-92c3-6df1af5d9d89	217	Jose Argiro	M	M35-39	39	5:14:47	0:49:20	0:04:56	2:25:05	0:05:06	1:50:20	dnk	
bc1d4f6b-c690-f011-b4cc-000d3a3173b5	218	Noé Bourdon	M	M18-24	15	5:14:58	0:41:24	0:04:56	2:33:14	0:03:12	1:52:12	FR	
bca743aa-3618-ef11-9f89-000d3a59e106	219	Laura Ortiz Lluveras	F	F25-29	6	5:15:13	0:37:06	0:04:22	2:45:24	0:03:50	1:44:31	esp	
c641e0dc-1b97-4257-90d7-928aaec69a92	220	Fernando Leal Cruz	M	M45-49	21	5:15:21	0:37:44	0:05:04	2:51:12	0:03:54	1:37:26	ES	
d2eec6ed-3f0d-4302-b755-66e4c20d61f7	221	Luis Benavides	M	M30-34	26	5:15:25	0:41:50	0:05:52	2:43:29	0:04:39	1:39:35	ESP	
92a50b65-e9dc-4949-ae34-17df6db59df0	222	Ben Cotton	M	M30-34	27	5:15:37	0:43:24	0:06:54	2:39:36	0:05:19	1:40:24	GB	
af665da7-0ede-ef11-8eea-6045bd048089	223	Wiebe Depoorter	M	M25-29	25	5:15:45	0:40:03	0:06:08	2:32:30	0:03:20	1:53:44	BE	
9bc916b0-7aa8-f011-bbd3-6045bd09951e	224	Kiko Bori	M	M25-29	26	5:15:49	0:41:01	0:04:30	2:35:36	0:04:04	1:50:38	ES	
19dfa1cb-e68e-f011-b4cc-000d3a5cf7d8	225	Ramses Devos	M	M25-29	27	5:16:07	0:43:45	0:05:50	2:38:27	0:03:24	1:44:40	BE	
52c27da1-206f-4f7c-9ceb-a855b219a241	226	Luis Pereira	M	M45-49	22	5:16:09	0:45:42	0:06:31	2:30:20	0:03:17	1:50:19	PT	
6c1a669c-0d25-44e8-8d00-d530717aafc9	227	Alvaro Paya	M	M30-34	28	5:16:50	0:40:51	0:04:20	2:38:06	0:03:35	1:49:58	ES	
628b5fe3-0684-f011-b4cc-000d3a5b7c3b	228	Alvaro Portugal	M	M25-29	28	5:16:51	0:47:19	0:04:57	2:30:45	0:03:50	1:50:00	ES	
3d16920c-d859-f111-bec7-0022480b35b6	229	Alejandro Gómez-Monedero González	M	M30-34	29	5:16:54	0:38:29	0:06:03	2:51:09	0:03:11	1:38:01	ESP	
218ba009-9294-ef11-8a6a-000d3a59a9a1	230	Elliot Whalley	M	M30-34	30	5:16:56	0:51:57	0:06:59	2:35:16	0:05:21	1:37:23	GB	
95515a73-b5a3-f011-bbd3-000d3a5b50ba	231	Gonzalo Hernandez	M	M30-34	31	5:17:02	0:42:03	0:08:50	2:39:18	0:04:43	1:42:08	NLD	
b756fdde-05a6-f011-bbd2-0022480b8f64	232	Luis Baon Sendagorta	M	M18-24	16	5:17:13	0:33:23	0:04:15	2:33:06	0:02:49	2:03:39	esp	
74743a8a-05a6-f011-bbd3-6045bd05fcc1	233	Luis Baon Martínez	M	M45-49	23	5:17:17	0:35:09	0:05:02	2:30:34	0:02:53	2:03:40	ESP	
33580ff9-2058-f011-877b-000d3a35ffc1	234	Benjamin ALLAIN	M	M25-29	29	5:17:37	0:39:35	0:04:55	2:43:46	0:03:42	1:45:39	fra	
f9251a4f-4677-f011-b4cb-000d3a5c3d6c	235	Juozas Piekuras	M	M35-39	40	5:17:57	0:45:24	0:05:37	2:35:47	0:03:28	1:47:42	LTU	
20fa1d55-0b72-4310-9cf0-e953cf87fbe8	236	José María Gallinas Ruiz	M	M50-54	13	5:18:05	0:38:10	0:08:20	2:45:35	0:04:46	1:41:16	ES	
f4dded25-3259-41c4-b719-45a2eb980d5b	237	Ugo Serpelloni	M	M45-49	24	5:18:10	0:39:03	0:04:26	2:32:53	0:05:39	1:56:10	Italy	
c3d88731-0c87-f011-b4cc-6045bd09951e	238	Nuno Neves	M	M25-29	30	5:18:16	0:43:59	0:03:34	2:26:40	0:02:37	2:01:26	PRT	
54d4d9bd-f34d-4abd-b318-fe0d1e774e2b	239	Javier Galan Barbudo	M	M35-39	41	5:18:19	0:40:54	0:05:35	2:35:31	0:04:48	1:51:32	ES	
a3924d88-dbb8-e911-a97a-000d3a3740b7	240	Sarah Van Gucht	F	F50-54	1	5:18:21	0:40:15	0:05:27	2:38:53	0:03:53	1:49:54	che	
e8ad4347-a52b-4cf1-9992-4b37d26972ff	241	Ricardo Schaefer	M	M45-49	25	5:18:28	0:40:05	0:05:21	2:37:54	0:03:14	1:51:55	GB	
37fbdc85-2171-4386-b71e-e036329defda	242	Nicolas Soubiran	M	M45-49	26	5:18:35	0:42:12	0:04:41	2:33:13	0:03:56	1:54:33	FR	
fe7bb9ec-69fc-4ca7-b06d-f39b22eab23b	243	Pedro Vargas	M	M40-44	25	5:18:37	0:46:42	0:05:59	2:39:50	0:04:48	1:41:18	PT	
f4edc711-b684-f011-b4cc-0022480a7385	244	Ross Yeates	M	M40-44	26	5:18:41	0:28:56	0:04:56	2:44:40	0:03:50	1:56:18	GBR	
768b77f9-4cae-420b-9be8-9ce242d3a200	245	Ana Cristina Castro Arreola	F	F18-24	2	5:18:48	0:38:15	0:04:04	2:48:04	0:02:40	1:45:46	mex	
aab32586-0542-4ab4-99cf-1dce9740e5ae	246	Gérard Guetrot	M	M60-64	1	5:18:50	0:39:54	0:05:49	2:23:08	0:06:13	2:03:45	FR	
8b630cec-ce96-4bbe-8219-19956886c668	247	Daniel Rose	M	M25-29	31	5:18:56	0:41:18	0:06:17	2:34:13	0:03:55	1:53:12	SOUTH AFRICA	
ced240f9-0b93-f011-b4cc-0022480a7385	248	Kenny Cole de Prada	M	M30-34	32	5:19:00	0:42:05	0:05:30	2:37:47	0:04:39	1:48:58	CH	
604dca1c-2283-f011-b4cc-000d3a5b50ba	249	Simon Palacin	M	M18-24	17	5:19:03	0:42:53	0:04:56	2:26:34	0:04:23	2:00:18	FR	
30b9a061-0784-f011-b4cc-002248098cfa	250	Enrique Zorita	M	M25-29	32	5:19:06	0:44:31	0:06:45	2:32:58	0:04:49	1:50:04	ES	
e405ce66-f0d8-4c19-bed4-2a0d3e1e7cac	251	Arthur Foncin	M	M30-34	33	5:19:24	0:43:14	0:05:13	2:38:27	0:03:49	1:48:42	FR	
f2aa046f-38ff-ee11-a1fd-000d3a5a4ecf	252	Pablo Marco Arcos	M	M30-34	34	5:19:38	0:41:16	0:05:55	2:38:39	0:04:24	1:49:24	ES	
eca6f3a3-7d87-f011-b4cc-0022480a7385	253	Markel Roldán	M	M18-24	18	5:19:46	0:36:45	0:05:39	2:39:29	0:03:43	1:54:10	esp	
d96134d7-0fa9-f011-bbd3-6045bd09951e	254	Julio Canuto García-Mina Peñarnada	M	M25-29	33	5:19:50	0:36:54	0:06:05	2:48:26	0:05:08	1:43:17	esp	
66cf92d6-cd97-f011-b4cc-002248098cfa	255	Kirsty Mcleod	F	F25-29	7	5:19:56	0:36:49	0:05:25	2:45:23	0:04:27	1:47:51	gbr	
c5ead8f3-cd58-4caf-809d-f9484985f5ee	256	Neal Beauchamp	M	M35-39	42	5:20:04	0:45:48	0:05:48	2:24:21	0:03:39	2:00:28	GBR	
fdd05aed-1067-f011-bec2-0022480a7385	257	Kirmen Brit Gil	M	M18-24	19	5:20:08	0:34:02	0:03:03	2:42:40	0:03:32	1:56:51	esp	
b8108176-fc84-f011-b4cc-000d3a5b50ba	258	Kimi Patova	M	M25-29	34	5:20:16	0:42:42	0:04:38	2:39:02	0:03:17	1:50:37	FIN	
91ece0cb-6958-48ac-97b3-bfff1c7a51e7	259	Tamara Vazquez	F	F35-39	6	5:20:31	0:45:36	0:05:04	2:45:36	0:02:39	1:41:35	ES	
dbbde0b4-bc09-ed11-82e4-000d3a3b2d39	260	Quentin Seychelles	M	M45-49	27	5:21:03	0:37:12	0:04:40	2:39:08	0:02:35	1:57:29	FR	
032c7935-7324-f011-8c4d-000d3a35ffc1	261	Borja Reig	M	M25-29	35	5:21:04	0:45:56	0:06:40	2:47:31	0:03:57	1:37:00	ES	
971d91a8-f788-f011-b4cc-000d3a3173b5	262	Quinten Noels	M	M25-29	36	5:21:13	0:42:04	0:06:04	2:38:52	0:04:14	1:49:59	bel	
570ec3cb-86d9-ee11-904d-000d3a314d17	263	Adam Gajdos	M	M18-24	20	5:21:14	0:39:34	0:05:03	2:31:02	0:03:41	2:01:54	SK	
79e82c54-28c1-ef11-b8e9-000d3a5a1803	264	Sara Gomes da silva	F	F40-44	2	5:21:17	0:38:54	0:04:30	2:57:54	0:03:49	1:36:10	prt	
86a1584f-6f9a-48ef-97a1-eaff48e6c659	265	Michael Deroost	M	M45-49	28	5:21:26	0:33:32	0:05:13	2:50:18	0:03:51	1:48:32	BE	
0ba99ef4-9366-f011-bec3-000d3a35ffc1	266	ALVARO CIBRIAN ORTIZ DE ZARATE	M	M40-44	27	5:21:28	0:40:09	0:07:27	2:40:49	0:04:35	1:48:28	ES	
0c518941-d96d-4855-8f50-57a99627fa88	267	Gian maria MARONGIU	M	M55-59	11	5:21:38	0:39:06	0:06:06	2:33:58	0:04:20	1:58:08	IT	
a2f48109-9df8-4e8d-842b-18c907d5599c	268	Frederick Chevalier	M	M60-64	2	5:21:45	0:43:28	0:05:00	2:31:42	0:03:39	1:57:55	fra	
bbcc184d-c6f8-4236-bba3-b3abe2a7e33d	269	Felix Vertommen	M	M35-39	43	5:21:45	0:41:23	0:08:00	2:27:09	0:04:58	2:00:15	BE	
62a1aa4d-248e-f011-b4cc-000d3a35ffc1	270	Maksym Yarosh	M	M40-44	28	5:21:51	0:44:39	0:05:22	2:30:06	0:04:39	1:57:04	BEL	
e7d06d01-94cd-46c2-bf1a-8855c3de9e3d	271	Diego López Cruz	M	M45-49	29	5:21:53	0:42:37	0:04:59	2:42:52	0:04:18	1:47:08	ES	
5ed2f9b4-7873-4c52-ad01-bdfe4cb73e19	272	Versteele Dimitry	M	M30-34	35	5:21:56	0:47:01	0:05:33	2:34:23	0:03:33	1:51:26	ES	
26c549db-b5a3-f011-bbd3-000d3a3173b5	273	Alex Pare	M	M30-34	36	5:22:05	0:43:26	0:07:23	2:45:21	0:03:21	1:42:35	nld	
84482546-0366-42ad-941f-8a5a6c991f03	274	Ernesto Arenas Azofra	M	M30-34	37	5:22:33	0:41:10	0:04:06	2:44:31	0:03:05	1:49:40	ES	
87bb0809-d494-4d23-bbc6-edc771910e6e	275	Diogo Cunha	M	M35-39	44	5:22:34	0:46:32	0:06:01	2:41:02	0:04:19	1:44:39	PT	
88e7d650-afb8-46ca-9be5-5fa1c4d59ad4	276	Javier García De Casasola	M	M25-29	37	5:22:35	0:39:12	0:04:41	2:48:29	0:03:01	1:47:11	ES	
9ffb42c4-bb34-4eaf-a4a1-724488e851fb	277	pedro lopez tejedor	M	M65-69	1	5:22:36	0:34:44	0:05:59	2:43:05	0:04:37	1:54:10	ES	
303fa72c-bdce-ef11-b8e8-6045bd088264	278	Josh Morris	M	M35-39	45	5:22:40	0:44:30	0:05:52	2:42:05	0:03:11	1:47:02	GB	
6a3ac3d2-3669-ef11-bfe3-6045bd0953ac	279	Ali Kethüda	M	M40-44	29	5:22:50	0:36:55	0:04:37	2:34:10	0:03:47	2:03:21	TR	
1611848a-d0ef-428c-bd7c-2a1d110f391b	280	Aylin Yanmaz	F	F35-39	7	5:23:07	0:43:07	0:06:29	2:49:03	0:04:59	1:39:29	deu	
d8b1aa12-3e50-461c-8709-b3c240b20e91	281	Stephane Vatin	M	M55-59	12	5:23:16	0:40:58	0:05:11	2:32:27	0:03:35	2:01:05	FR	
6161e820-7e1c-4d9a-9486-0823a039d099	282	Laura Marie Asche	F	F25-29	8	5:23:17	0:38:54	0:03:31	2:48:00	0:02:50	1:50:01	DE	
bf665ec4-7cf7-4641-9499-615d9e23a346	283	Inma Salas	F	F40-44	3	5:23:34	0:47:20	0:04:32	2:48:09	0:03:39	1:39:54	ES	
a2a00319-ec2f-4a3e-88dc-d446cb993ee9	284	Ashley Mclernon	M	M60-64	3	5:23:38	0:39:53	0:05:55	2:38:12	0:03:57	1:55:40	GBR	
437e2d0d-9990-ef11-ac20-000d3a5a403c	285	Pablo Gutiérrez Lopez	M	M25-29	38	5:23:46	0:34:21	0:05:10	2:38:33	0:06:22	1:59:20	ES	
bda01f79-1c8b-f011-b4cc-000d3a5cf7d8	286	Lamberto Juan Martin González	M	M55-59	13	5:24:08	0:40:07	0:06:01	2:38:06	0:02:59	1:56:55	ESP	
00c6cf28-76a8-f011-bbd3-6045bd09951e	287	Bregje De Lange	F	F25-29	9	5:24:10	0:40:05	0:05:41	2:41:45	0:03:29	1:53:11	nld	
a47187fa-92a9-ef11-b8e9-000d3a30152c	288	Sophie van der Vlies	F	F18-24	3	5:24:15	0:41:30	0:04:42	2:38:54	0:04:46	1:54:23	nld	
fe33f67e-b16b-4f0d-a1b5-aac340d8d96a	289	Francisco Ribeiro	M	M25-29	39	5:24:19	0:42:41	0:07:30	2:33:41	0:04:22	1:56:05	PT	
21f708fb-590e-f111-8406-000d3a302f4c	290	Julen Alonso Asenjo		M25-29	40	5:24:22	0:39:48	0:06:09	2:47:06	0:03:52	1:47:27	ESP	
56554aa0-c582-f011-b4cc-002248098cfa	291	Ian Hubert	M	M40-44	30	5:24:27	0:29:22	0:05:29	2:42:04	0:05:13	2:02:18	GB	
09a5629d-3697-437c-a5a3-eef7dc9573e4	292	Alexis DARDAINE	M	M30-34	38	5:24:33	0:50:17	0:07:33	2:41:47	0:04:34	1:40:22	fra	
260442ba-f120-ef11-840b-000d3a314c24	293	Andrea García Álvarez	F	F25-29	10	5:24:33	0:42:18	0:05:31	2:49:09	0:03:09	1:44:26	ESP	
74527576-b44d-45e4-b9f2-1f9d81538bd1	294	Amaury Derognat	M	M35-39	46	5:25:05	0:50:29	0:06:41	2:43:18	0:05:21	1:39:16	FRA	
d78b796b-db90-f011-b4cc-000d3a5b50ba	295	Filip Mozolak	M	M18-24	21	5:25:07	0:48:17	0:05:28	2:38:50	0:05:06	1:47:26	SVK	
9b744760-1d92-48c5-9511-b7e920799d5f	296	Roman Maslov	M	M40-44	31	5:25:17	0:47:06	0:04:52	2:37:31	0:02:52	1:52:56	ukr	
a442d093-83a4-f011-bbd3-6045bd05f634	297	Quim Comas	M	M18-24	22	5:25:36	0:36:06	0:05:57	2:44:51	0:02:56	1:55:46	ESP	
80d8160a-b885-f011-b4cc-000d3a3173b5	298	Peter Lind	M	M25-29	41	5:25:39	0:43:35	0:07:18	2:42:19	0:04:18	1:48:09	DNK	
ca75fa1d-0112-ef11-9f8a-00224809fd7c	299	Nacho Vicent Roca	M	M30-34	39	5:25:48	0:47:50	0:06:27	2:40:47	0:03:39	1:47:06	ES	
a84cb4c8-3ca9-40e1-a990-f2574c0564af	300	Alex Crocker	M	M25-29	42	5:25:59	0:38:04	0:05:57	2:47:27	0:05:27	1:49:05	GB	
68311211-5a05-eb11-a813-000d3a5a1bfb	301	Lars Aarts	M	M50-54	14	5:26:00	0:45:35	0:04:46	2:31:18	0:08:10	1:56:11	nld	
caf9f0e7-f865-4791-b72c-b3c17f6fa299	302	Jeanne Simonot	F	F25-29	11	5:26:06	0:34:41	0:04:57	2:40:43	0:03:29	2:02:17	GB	
ff197fe5-c28d-f011-b4cc-6045bd05fcc1	303	Claudia de las Heras	F	F30-34	4	5:26:14	0:41:42	0:05:55	2:51:43	0:04:16	1:42:38	ES	
c462650d-a19c-f011-b41c-6045bd05fcc1	304	James Key	M	M25-29	43	5:26:30	0:59:18	0:08:58	2:26:29	0:05:28	1:46:17	GBR	
90210eb8-ddfe-4b8f-aca0-85c209106d93	305	Adil Nurmukanov	M	M40-44	32	5:26:34	0:45:19	0:07:47	2:31:32	0:04:13	1:57:43	KAZ	
fbd5aaeb-2135-4b32-a0ae-f6c64a21074b	306	Jaime Abad Esteban	M	M50-54	15	5:26:42	0:44:29	0:05:26	2:51:06	0:03:26	1:42:15	ES	
e1daf619-fa9d-f011-b41b-6045bd087c25	307	Gabriel González	M	M35-39	47	5:26:47	0:39:25	0:05:51	2:46:27	0:04:33	1:50:32	ESP	
c3660f43-153a-43cf-b63d-6dce15ec18b1	308	Ioritz Telleria Casado	M	M30-34	40	5:26:48	0:41:09	0:06:58	2:44:03	0:03:48	1:50:50	esp	
541fef76-f08e-4850-aad7-48e1ef2662ae	309	Laura Algra	F	F30-34	5	5:27:01	0:40:19	0:05:33	2:45:02	0:03:46	1:52:21	nld	
11aff74c-a2b4-4436-8f37-f48aae7aa995	310	Pavel Rubakhin	M	M30-34	41	5:27:12	0:53:10	0:06:41	2:41:54	0:03:39	1:41:48	AR	
6f8673d8-a490-4ae0-b089-5fd09d90d043	311	Vincent Servaege	M	M50-54	16	5:27:18	0:38:17	0:05:00	2:41:40	0:04:09	1:58:11	BE	
0b2acdde-f424-f011-8c4d-000d3a5b7c3b	312	Tembol Zoloev	M	M50-54	17	5:27:20	0:42:11	0:05:30	2:40:22	0:05:00	1:54:17	MC	
63f13c6e-305e-f011-bec2-000d3a5cf7d8	313	Gorka Mejias Vernet	M	M30-34	42	5:27:33	0:41:35	0:09:47	2:34:16	0:08:47	1:53:08	ES	
b21ec5b1-ebbe-4f8e-b484-bdb5056a98a0	314	Fatma Ilayda Oral	F	F30-34	6	5:27:33	0:36:03	0:04:54	2:49:33	0:03:04	1:53:59	esp	
47c9f8e2-ce60-4c9c-aa5a-85529c1b4327	315	Mariano Jimenez De Castro	M	M40-44	33	5:27:39	0:43:13	0:05:31	2:51:03	0:04:13	1:43:38	ES	
7db767d8-e227-46a3-b6c0-3fe235279d86	316	Tiago Vitorino	M	M40-44	34	5:27:40	0:41:33	0:07:03	2:37:52	0:03:14	1:57:58	prt	
b0b0bffe-1c74-4430-b27b-b9085501f161	317	Andres Gonzalo	M	M35-39	48	5:27:41	0:43:49	0:08:25	2:36:47	0:04:54	1:53:45	ES	
13dc7b36-1e41-4ad0-917f-857cbbaf5dad	318	Ady Tester	M	M60-64	4	5:27:49	0:33:10	0:05:30	2:43:09	0:05:41	2:00:20	GBR	
01cc31d3-ac74-4547-97b3-39787aa819a0	319	Rubén Ayala	M	M30-34	43	5:27:51	0:39:08	0:05:29	2:43:37	0:03:30	1:56:07	ES	
6666f78d-0a45-46d6-8dad-a7544425554c	320	Jorge Mello	M	M35-39	49	5:27:59	0:40:28	0:05:20	2:41:21	0:04:20	1:56:30	ES	
5c3132ed-749d-f011-b41c-000d3a5cf7d8	321	Max Hale	M	M30-34	44	5:28:00	0:49:57	0:06:38	2:36:15	0:03:31	1:51:40	CH	
4a11b1a1-7513-49a4-bdfe-96ee3e4b6fe3	322	Dmitry Sokolov	M	M45-49	30	5:28:02	0:36:16	0:04:16	3:04:29	0:03:26	1:39:35	GBR	
37e87238-9b95-f011-b4cc-0022480a7385	323	Daan Hendriks	M	M35-39	50	5:28:05	0:51:58	0:07:22	2:40:51	0:07:37	1:40:17	NL	
28e7869e-9b93-f011-b4cc-000d3a5b50ba	324	Léo Baranger	M	M25-29	44	5:28:09	0:36:36	0:05:37	2:36:10	0:05:38	2:04:08	fra	
f8e413a9-6987-f011-b4cc-000d3a35ffc1	325	Iñaki Cabero Saez	M	M25-29	45	5:28:13	0:39:56	0:08:54	2:41:05	0:05:06	1:53:12	ESP	
a4114ded-8189-ef11-ac21-000d3a5b3d07	326	Robbe Loyson	M	M25-29	46	5:28:22	0:44:56	0:06:11	2:39:21	0:05:31	1:52:22	BE	
230c5fad-8e14-4a37-a70a-d3ab1b38ca0e	327	Livia Erminia Lisi Vega	F	F25-29	12	5:29:09	0:38:21	0:05:35	2:51:28	0:04:02	1:49:44	gbr	
c98cb59f-f24f-475a-a6ea-5bb217e8b49a	328	Nicolás Nogueira Cerqueiro	M	M30-34	45	5:29:11	0:40:30	0:07:42	2:50:51	0:05:32	1:44:36	ESP	
fa584f27-b3a9-ef11-b8e9-002248049fdc	329	Giuseppe Barreca	M	M35-39	51	5:29:13	0:41:47	0:06:29	2:53:24	0:05:31	1:42:02	ES	
9352ac11-9207-4d92-ab5f-6cfd56fc0a64	330	Guillermo De Lorenzo	M	M45-49	31	5:29:14	0:39:06	0:06:14	2:47:13	0:04:33	1:52:08	ES	
6b14c7b9-2095-f011-b4cc-0022480a7385	331	Aaron Thomas	M	M25-29	47	5:29:17	0:45:12	0:06:42	2:48:29	0:03:40	1:45:15	GB	
13cb8d76-78e6-44d0-962d-5a80660d9721	332	Pablo Turrado Martínez	M	M30-34	46	5:29:20	0:46:34	0:07:56	2:52:47	0:04:18	1:37:45	esp	
68080a46-c36e-ef11-a671-000d3a596351	333	Tom Van den Bossche	M	M50-54	18	5:29:23	0:43:45	0:06:00	2:42:29	0:04:16	1:52:52	BEL	
ebd2f0b1-f17c-f111-ab0e-0022480b35b6	334	Ella Baker	F	F18-24	4	5:29:39	0:33:34	0:03:19	2:53:53	0:02:32	1:56:21	GBR	
959b5980-d1a9-f011-bbd3-000d3a35ffc1	335	Evan COULANGE	M	M25-29	48	5:29:46	0:41:40	0:05:07	2:42:34	0:03:24	1:57:01	FRA	
21373a3d-5c16-4c85-9553-0a41d8a68b39	336	Thomas Lejeune	M	M35-39	52	5:29:51	0:47:12	0:05:41	2:47:04	0:03:09	1:46:44	BE	
032be61c-1d55-49e3-a34c-bceb0529dd37	337	CLAUDIA MONFREDA	F	F25-29	13	5:30:01	0:38:01	0:05:08	2:46:02	0:03:05	1:57:45	esp	
6a01399e-0984-f011-b4cc-000d3a5cf7d8	338	Miguel Madariaga	M	M35-39	53	5:30:04	0:42:31	0:06:28	2:45:43	0:04:38	1:50:45	ESP	
c5fa8fea-16bb-430b-9dc3-c2868f2fba2a	339	Serena Serra Maso	F	F35-39	8	5:30:09	0:37:44	0:03:58	3:00:07	0:03:27	1:44:52	esp	
2848486d-f2b3-4337-8e94-7d621ddcdd5f	340	Fabien Communal	F	M50-54	19	5:30:14	0:39:05	0:04:08	2:36:51	0:05:39	2:04:32	FR	
0383a347-0a95-ef11-8a69-000d3a5a403c	341	Yago Rodríguez Nogueira	M	M30-34	47	5:30:15	0:41:17	0:06:33	2:45:08	0:05:14	1:52:03	ES	
16b81014-d9d9-4c77-b0e7-d2d9e1f9526c	342	Annette de Wolf	F	F30-34	7	5:30:38	0:49:52	0:06:23	2:41:34	0:04:26	1:48:23	nld	
8dbf41d8-9616-434b-bc3c-5f596662c3b0	343	Stephen Bustos	M	M60-64	5	5:30:49	0:51:03	0:06:03	2:46:18	0:03:53	1:43:31	esp	
bba3c042-a159-444e-8c86-19717d30f242	344	Jerry Kenbeek	M	M50-54	20	5:30:52	0:48:36	0:05:38	2:33:23	0:05:25	1:57:50	Unknown	
48d58a57-d19d-f011-b41c-000d3a5cf7d8	345	Roberto Márquez Pais	M	M25-29	49	5:30:52	0:39:27	0:09:31	2:52:40	0:04:04	1:45:10	ESP	
68c7082c-36a0-f011-b41c-000d3a5b7c3b	346	Jordi Perera Vallés	M	M30-34	48	5:30:59	0:44:32	0:10:06	2:48:56	0:09:16	1:38:09	ES	
78312321-8934-43eb-ae3a-e7e98b43509d	347	Ailsa Cameron	F	F18-24	5	5:31:01	0:38:15	0:04:24	2:48:41	0:02:57	1:56:43	gbr	
e37f1c63-089a-4e61-b910-56395d0829ff	348	Nuno Reis	M	M45-49	32	5:31:12	0:45:20	0:05:59	2:46:59	0:09:54	1:43:00	PT	
4dd840b9-a1e2-41d5-a1f7-60e12be14791	349	Hector Lopez	M	M45-49	33	5:31:34	0:42:20	0:06:59	2:45:03	0:04:14	1:52:57	esp	
a19f7c32-bd00-470e-9a29-84c5ed2d1dd4	350	Miguel Cicenia	M	M40-44	35	5:31:40	0:51:16	0:05:01	2:37:47	0:04:45	1:52:50	esp	
c1a82bf9-db9d-f011-b41c-0022480c097c	351	Aline Yang	F	F30-34	8	5:31:46	0:39:35	0:04:41	2:47:02	0:03:28	1:56:59	BE	
ac9e5455-f33c-4595-a890-514ecc8c427e	352	Marc Morell	M	M40-44	36	5:31:50	0:40:30	0:06:13	2:39:07	0:05:24	2:00:36	ES	
1b797fbc-5c2b-4dd1-ab2a-214388f04166	353	Claudia Melegatti	F	F40-44	4	5:31:52	0:34:52	0:04:46	2:48:38	0:05:19	1:58:16	Italy	
8a2407bb-cb94-f011-b4cc-000d3a5cf7d8	354	Fernando Ribeiro	M	M50-54	21	5:31:57	0:50:54	0:08:06	2:41:28	0:04:22	1:47:07	PRT	
ff1d549f-27b3-4f7e-b384-32848ba59008	355	Raul De Sande Mazon	M	M40-44	37	5:32:23	0:30:34	0:06:01	2:55:57	0:03:57	1:55:54	ES	
bcb79084-40bf-4c98-8781-cc176fd809a9	356	Oliver Cameron-Hayes	M	M40-44	38	5:32:28	0:44:15	0:08:18	2:35:54	0:05:11	1:58:49	esp	
d2366644-9587-f011-b4cc-000d3a35ffc1	357	María López Pérez	F	F30-34	9	5:32:36	0:44:34	0:05:39	2:57:58	0:03:39	1:40:46	ESP	
8ee4410f-ff88-f011-b4cc-000d3a3173b5	358	Coline GUILLOUX	F	F18-24	6	5:32:50	0:37:10	0:04:38	2:41:18	0:03:49	2:05:55	FR	
436dde68-4d91-ef11-ac21-000d3a338a3c	359	Quentin Lamigou	M	M30-34	49	5:32:55	0:47:47	0:06:01	2:42:01	0:04:11	1:52:54	FRA	
0e43421a-1cef-46d9-b772-11b30b46c166	360	Koen Zang	M	M50-54	22	5:33:06	0:46:41	0:07:51	2:36:29	0:05:29	1:56:36	bel	
eaf15a10-c771-4682-a2a7-d32f72079e8f	361	Olzhas Chukuyev	M	M30-34	50	5:33:14	0:35:57	0:10:30	2:49:11	0:07:57	1:49:38	qat	
a1b56c7a-0b5a-4468-bcbd-4ec138a60bbd	362	Thomas Dekker	M	M50-54	23	5:33:28	0:38:47	0:06:49	2:32:04	0:04:25	2:11:23	fra	
d3ebaba8-8a92-f011-b4cc-000d3a5b7c3b	363	Rodolfo Santos	M	M35-39	54	5:33:34	0:46:42	0:06:55	2:45:59	0:04:10	1:49:48	BRA	
de4c3c93-6695-4862-b8ef-d4acef6f3257	364	Cem Demirci	M	M45-49	34	5:33:38	0:42:11	0:04:57	2:41:22	0:04:36	2:00:32	TR	
3cd64be6-c0a6-f011-bbd3-000d3a5b50ba	365	Wout Van den Bossche	M	M18-24	23	5:33:42	0:35:32	0:04:55	2:23:46	0:02:56	2:26:33	BEL	
fa9cc7ae-b3dc-ef11-8eea-000d3a5a1803	366	Mathieu Ort	M	M35-39	55	5:33:46	0:46:57	0:05:11	2:45:14	0:05:18	1:51:06	FR	
62e81f83-3ef3-4df0-be9b-d480d8901374	367	Frank Schilperoort	M	M25-29	50	5:34:07	0:45:09	0:05:12	2:33:54	0:02:51	2:07:01	NLD	
a2fdcc1b-7e66-4e0f-9512-71e2434343f4	368	Luca Bella Boone	F	F18-24	7	5:34:13	0:41:07	0:05:20	2:42:07	0:03:21	2:02:18	BE	
a5679535-a8c4-41bd-a6cc-af02aa557d85	369	Diego Perez	M	M45-49	35	5:34:15	0:36:07	0:06:02	2:41:25	0:04:08	2:06:33	ZA	
e0b57763-776b-4a9f-89ee-d8264702a0f0	370	Ainoa Gabancho De La Cruz	F	F30-34	10	5:34:47	0:36:27	0:04:55	2:57:46	0:03:39	1:52:00	ES	
4581099d-fcec-4f70-8b14-8f651adfc39d	371	Alp Aras	M	M40-44	39	5:34:54	0:42:57	0:05:56	2:45:56	0:04:39	1:55:27	GB	
3442e7a0-23b4-4720-81ff-660100b9c85b	372	Gregory Dewaele	M	M35-39	56	5:35:02	0:43:03	0:06:55	2:31:09	0:04:46	2:09:10	BE	
e1c97c90-34a9-f011-bbd3-000d3a3173b5	373	Alejandro Gimeno Calvo	M	M30-34	51	5:35:17	0:43:45	0:07:48	2:48:56	0:04:01	1:50:47	DE	
fa8aa19c-2ca9-f011-bbd3-000d3a5b50ba	374	Nikolai Smolarczyk	M	M35-39	57	5:35:32	0:44:54	0:07:51	2:51:12	0:04:39	1:46:56	ESP	
71ae6ed2-3702-46ec-9b98-dcb81324d7a9	375	Carlo Diban	M	M35-39	58	5:35:41	0:48:07	0:07:32	2:50:31	0:08:51	1:40:39	AU	
20ad355f-14ac-4dca-85fd-0116a838a9bf	376	Manon Peeters	F	F30-34	11	5:35:43	0:51:46	0:06:34	2:37:40	0:04:11	1:55:32	BE	
997923ae-c028-ef11-840a-6045bd010fe7	377	Jordi Ortiz	M	M18-24	24	5:35:46	0:35:55	0:05:30	2:56:35	0:06:55	1:50:51	ES	
8b689afa-6d94-f011-b4cc-0022480c097c	378	Dylan Goetgeluk	M	M25-29	51	5:35:48	0:46:40	0:08:26	2:37:22	0:05:19	1:58:01	BE	
6398986e-31a9-f011-bbd3-6045bd05fcc1	379	Ignacio Casas	M	M25-29	52	5:35:48	0:35:43	0:05:35	2:39:49	0:06:14	2:08:27	ES	
bb715917-c352-455d-a1b7-c717da10454c	380	Arturo Galofré Ferrer	M	M30-34	52	5:36:11	0:37:47	0:04:44	3:05:40	0:03:34	1:44:25	ES	
b6c5cd81-cea1-4964-86b9-4b8285499aef	381	Filip Fraeye	M	M55-59	14	5:36:13	0:41:18	0:06:51	2:39:37	0:03:37	2:04:49	BE	
8acdbc91-31f3-4997-bc64-a67ec9838117	382	Luis Eduardo Losada Alvarez	M	M40-44	40	5:36:17	0:45:43	0:09:35	2:38:03	0:08:43	1:54:14	ES	
ca762fc3-0684-f011-b4cc-0022480c097c	383	Max Kerkhof	M	M25-29	53	5:36:23	0:49:38	0:06:02	2:47:14	0:04:18	1:49:12	NLD	
3cb3f09a-4dab-4066-8b4b-533b5f43179a	384	Alexander Lee	M	M40-44	41	5:36:32	0:38:23	0:06:45	2:48:48	0:04:50	1:57:47	KZ	
d7af26a2-1ca9-f011-bbd3-000d3a5b7c3b	385	Joel Ramos	M	M35-39	59	5:36:33	0:41:40	0:07:07	2:38:34	0:04:59	2:04:12	PRT	
ac25404e-250a-4457-b0d6-2dcbd1f622bb	386	Denis Mahot	M	M60-64	6	5:36:36	0:37:56	0:07:10	2:50:46	0:05:25	1:55:19	FR	
94757968-0c84-f011-b4cc-6045bd09951e	387	Vitor Ferreira	M	M45-49	36	5:36:37	0:43:12	0:04:42	2:49:40	0:03:31	1:55:33	PT	
258700ed-7e36-43ea-8cb0-20dbcc4440f7	388	Karen Moons	F	F45-49	2	5:36:46	0:36:23	0:05:48	2:46:45	0:03:42	2:04:09	FR	
e223a138-52a8-f011-bbd3-000d3a5b50ba	389	Jaco de Snaijer	M	M25-29	54	5:36:49	0:37:10	0:05:09	2:47:19	0:04:52	2:02:20	NL	
d29f3bda-d62d-4081-bea5-a761bb8ee450	390	Joachim Doeding	M	M70-74	1	5:36:54	0:40:58	0:06:27	2:44:31	0:05:10	1:59:47	CH	
e68157dc-3a83-f011-b4cc-000d3a5cf7d8	391	Pablo Barbosa Clemente	M	M18-24	25	5:37:04	0:45:02	0:06:46	2:55:25	0:05:35	1:44:16	ES	
7a089a37-48a0-f011-b41c-000d3a5b7c3b	392	Sebastian Wiegand Møller	M	M25-29	55	5:37:05	0:44:09	0:05:45	2:38:22	0:04:08	2:04:41	DNK	
74b91a09-d5a2-f011-bbd3-000d3a5b50ba	393	Alex Pardilla	M	M25-29	56	5:37:09	0:42:07	0:05:09	2:41:10	0:03:21	2:05:21	ESP	
71acb8fd-81b8-ee11-a569-0022480acaa6	394	Faruk Sirin	M	M30-34	53	5:37:11	0:34:57	0:04:25	2:48:34	0:04:19	2:04:56	TR	
5070b69e-1766-4e52-8a15-b83de7a1b055	395	Alberto Cabestany Bau	M	M40-44	42	5:37:20	0:39:18	0:07:44	2:39:24	0:06:10	2:04:43	ES	
ab566108-8c8d-f011-b4cb-000d3a58b928	396	Ignacio Estop Tintore	M	M18-24	26	5:37:21	0:37:42	0:05:20	2:45:29	0:03:34	2:05:16	ESP	
aa199c52-a6c2-42c6-b120-fdb69712dfb9	397	Henry Karpin	M	M45-49	37	5:37:24	0:42:29	0:05:51	2:48:53	0:05:27	1:54:44	DE	
293ad637-0984-f011-b4cc-6045bd09951e	398	Axel van Kampen	M	M18-24	27	5:37:26	0:44:44	0:07:33	2:43:31	0:04:16	1:57:23	NL	
a89739d2-c040-ec11-8c62-002248098be2	399	Jesús Sarmiento Margol	M	M30-34	54	5:37:28	0:38:49	0:07:37	2:51:38	0:05:59	1:53:25	ES	
70babce7-8af9-45b1-a57e-6e834cca31c3	400	Franco Ganesio	M	M55-59	15	5:37:50	0:46:42	0:04:48	2:33:02	0:04:02	2:09:17	Italy	
0d1e92be-139f-f011-b41c-000d3a5b7c3b	401	Karl Smolka	M	M40-44	43	5:38:03	0:43:44	0:05:26	2:49:02	0:03:52	1:55:59	CAN	
1db65ea9-09a4-f011-bbd3-0022480c097c	402	Lieke Nijland	F	F25-29	14	5:38:13	0:36:17	0:04:13	2:54:59	0:03:02	1:59:42	NLD	
364ddfb9-c375-ef11-a670-6045bd05a110	403	Ahmet Akyildiz	M	M35-39	60	5:38:13	0:38:13	0:06:17	2:45:50	0:04:23	2:03:31	TR	
b1a87885-3eb9-440d-932c-de42ddf79aa3	404	Daniel Van Treeck	M	M45-49	38	5:38:22	0:38:43	0:06:55	2:52:53	0:04:07	1:55:43	SGP	
883e280e-7686-f011-b4cc-6045bd09951e	405	JOSÉ DANIEL PÉREZ LANDA	M	M25-29	57	5:38:24	0:40:40	0:05:25	2:51:11	0:04:45	1:56:23	ES	
6b9845c6-abea-41e1-a085-b47ea8bc4ab2	406	Pere Porta Sanuy	M	M55-59	16	5:38:35	0:41:55	0:05:24	2:44:08	0:04:42	2:02:27	ES	
db4f279a-479c-f011-b41c-6045bd05f634	407	Jonah Vandenbussche	M	M30-34	55	5:38:36	0:41:53	0:06:19	2:35:50	0:03:51	2:10:43	BE	
81b438ee-178e-f011-b4cc-0022480a7385	408	DANIEL MATA	M	M30-34	56	5:38:38	0:50:05	0:07:06	2:52:47	0:05:45	1:42:54	ESP	
30da3a46-d418-4fe8-9a1a-eecff0d8f837	409	Walter Caputo	M	M55-59	17	5:38:51	0:39:48	0:05:11	2:43:42	0:05:11	2:04:59	IT	
9f8fa337-d29d-f011-b41c-6045bd05f634	410	Diego José Ascanio Morera	M	M25-29	58	5:39:08	0:39:25	0:08:29	2:49:50	0:06:09	1:55:15	ESP	
0eceeb34-529a-f011-b4cc-000d3a5cf7d8	411	Andrea Rigobello	M	M35-39	61	5:39:14	0:41:52	0:06:50	2:43:41	0:03:44	2:03:08	IT	
02e57754-8c8d-f011-b4cc-000d3a5b7c3b	412	Jules Granier	M	M18-24	28	5:39:24	0:37:43	0:06:07	2:57:17	0:07:29	1:50:49	FRA	
5c4a6868-b8c6-4834-93b8-b45f8132b43e	413	Kenneth Weygers	M	M40-44	44	5:39:37	0:51:24	0:05:22	2:35:41	0:04:19	2:02:51	BE	
d24192b7-a861-4643-bbe7-c8ee362a654b	414	Jose Diaz Del Valle	M	M25-29	59	5:39:52	0:45:36	0:04:54	2:52:25	0:03:40	1:53:17	ES	
168b9646-15a6-f011-bbd3-000d3a5cf7d8	415	Carlos Carlos González	M	M30-34	57	5:40:03	0:49:58	0:06:32	2:41:39	0:04:02	1:57:52	ESP	
36c07f4d-fa75-ef11-a670-6045bd05c1dc	416	Lisa Petersen	F	F35-39	9	5:40:04	0:38:02	0:04:57	2:45:03	0:03:56	2:08:06	NL	
7f29d3f7-dc84-f011-b4cc-000d3a5b7c3b	417	SARA CARABALLO	F	F35-39	10	5:40:07	0:35:35	0:03:56	2:55:09	0:03:14	2:02:12	ES	
3fefd711-081b-4132-bae0-0160a4737fd5	418	Francisco Olcina Grande	M	M40-44	45	5:40:08	0:46:47	0:10:20	2:38:25	0:09:42	1:54:53	gbr	
96e9e41c-19de-44f4-82b8-3d7898da1162	419	Jérôme Buzos	M	M45-49	39	5:40:41	0:45:30	0:06:28	2:39:29	0:05:47	2:03:27	FR	
7abd6beb-4f0e-ef11-9f89-000d3a59e106	420	Darío García Pereira	M	M30-34	58	5:40:48	0:47:18	0:05:02	2:44:52	0:02:40	2:00:56	ES	
65e72537-8f9f-f011-b41c-0022480c097c	421	Charline Pendaries	F	F25-29	15	5:40:52	0:39:47	0:06:09	2:56:40	0:03:43	1:54:34	fra	
e9d894c5-d39d-f011-b41c-6045bd05fcc1	422	Pierrick Frech	M	M35-39	62	5:41:00	0:55:37	0:05:14	2:46:13	0:03:47	1:50:10	CH	
6d3a6333-6a89-f011-b4cc-000d3a5cf7d8	423	Quentin Dufour	M	M30-34	59	5:41:00	0:47:59	0:04:39	2:46:43	0:03:47	1:57:53	FRA	
29f4069d-2aaf-ee11-a569-000d3a314329	424	Gokhan Himmetoglu	M	M35-39	63	5:41:01	0:40:06	0:04:59	2:52:12	0:02:50	2:00:55	US	
e328273f-7827-4dbf-a9bb-e42be34d9668	425	patrick gilbert	M	M40-44	46	5:41:04	0:47:11	0:06:28	2:42:08	0:03:57	2:01:20	CH	
728edd0c-5b97-48e4-a864-71247d41199c	426	João Costa	M	M45-49	40	5:41:09	0:38:23	0:05:29	2:53:00	0:04:25	1:59:51	PT	
ceb11794-0786-f011-b4cc-000d3a5b7c3b	427	Loic Bousquet	M	M35-39	64	5:41:10	0:50:33	0:05:37	2:52:05	0:04:04	1:48:51	FRA	
1aeb5bd7-6fab-47f9-ac93-63b99756fe43	428	Bart Serroyen	M	M50-54	24	5:41:24	0:40:20	0:08:17	2:38:20	0:03:43	2:10:45	BE	
c8841972-2df7-4212-8020-d1d020ec33f6	429	Gerald Gaston	M	M40-44	47	5:41:39	0:43:00	0:06:00	2:38:42	0:03:45	2:10:12	FR	
6a166856-6f45-48c4-b3d8-94bf3336deaf	430	Dani Olmo Villanueva	M	M50-54	25	5:41:42	0:38:18	0:06:48	2:50:11	0:05:23	2:01:02	esp	
f9a67ad0-f7a1-f011-bbd3-000d3a5b50ba	431	José manuel Ferreira suarez	M	M40-44	48	5:41:45	0:45:59	0:08:59	2:35:43	0:04:42	2:06:22	ES	
a6102944-087d-49cb-96b5-a42efc7569a9	432	Natalia Rodriguez Morales	F	F40-44	5	5:41:47	0:46:32	0:06:05	2:50:07	0:04:50	1:54:14	ES	
001edebb-db90-f011-b4cc-6045bd05fcc1	433	maxime sarramiac	M	M18-24	29	5:41:50	0:40:06	0:05:22	2:47:43	0:04:38	2:04:00	FRA	
823f7980-3586-eb11-b1ac-000d3a591f9a	434	mari sanfeliu		F40-44	6	5:41:50	0:40:21	0:06:38	3:00:37	0:04:35	1:49:39	ESP	
ccbfeb2d-bea2-f011-bbd3-000d3a5b7c3b	435	PEDRO GONZALEZ PUELLES	M	M30-34	60	5:41:58	0:36:38	0:05:49	3:00:22	0:05:14	1:53:56	ESP	
2000b49f-a698-f011-b4cc-6045bd05f634	436	Ben Green	M	M25-29	60	5:41:59	0:40:12	0:05:32	2:50:03	0:04:25	2:01:47	GBR	
90f017dd-9fe7-4755-baa7-f41aee15bd33	437	Pierre Loustau	M	M40-44	49	5:42:04	0:35:35	0:07:53	2:50:03	0:05:00	2:03:34	FR	
ce567f7e-4d7e-4ce2-b072-08053d991974	438	Pablo Matesanz Rodríguez	M	M25-29	61	5:42:04	0:41:42	0:06:28	2:51:46	0:07:33	1:54:36	ES	
eb2c99f1-20a9-f011-bbd3-6045bd05f634	439	Daniel Alonso	M	M25-29	62	5:42:14	0:40:27	0:03:58	2:52:57	0:03:29	2:01:23	ESP	
f1f0b153-6f99-f011-b4cc-6045bd05f634	440	Ella Burnley	F	F18-24	8	5:42:17	0:36:14	0:05:14	2:59:57	0:03:47	1:57:06	GB	
093c6e2d-9d79-f011-b4cb-0022480a7385	441	Vadim GUENICHE	M	M40-44	50	5:42:18	0:41:21	0:06:10	2:50:46	0:04:05	1:59:55	FRA	
f019b47e-8ced-4c11-8b03-216dfd5c25e5	442	Florent Vignaux	M	M40-44	51	5:42:28	0:37:58	0:05:57	2:52:18	0:05:11	2:01:04	FR	
bea26b38-558b-4579-8a0a-b5a55724e619	443	Nelson Cegla	M	M35-39	65	5:42:39	0:41:02	0:06:25	2:54:26	0:04:25	1:56:20	esp	
d84e4f46-0f9a-4d92-9c40-512d24a9012a	444	Mustafa Yerlikaya	M	M35-39	66	5:42:51	0:51:05	0:07:49	2:41:32	0:05:04	1:57:21	tur	
6d306c8f-0ce4-49aa-841d-1cf7a3588a6c	445	Guillermo Martín Hafner	M	M30-34	61	5:42:51	0:39:53	0:05:11	2:49:11	0:03:57	2:04:38	ESP	
a15b76d4-6692-f011-b4cc-6045bd09951e	446	Bie Puttemans	F	F40-44	7	5:43:02	0:49:04	0:06:07	2:44:53	0:05:05	1:57:52	BEL	
019c93d6-0e39-4055-8eef-2257f63fa54d	447	Natasha Bartel	F	F50-54	2	5:43:12	0:34:41	0:06:25	2:48:10	0:04:03	2:09:53	ES	
6ca4b8f1-0294-f011-b4cb-6045bd0a1bec	448	Jose Miguel Insa Felez	M	M50-54	26	5:43:14	0:41:07	0:07:06	2:53:33	0:04:55	1:56:34	ES	
76cc6d3e-74a9-ef11-b8e9-002248049fdc	449	Laura Minderhout-Soares	F	F25-29	16	5:43:44	0:41:50	0:03:53	2:51:00	0:02:59	2:04:01	NL	
a1df4d0b-9180-4d3e-88bb-93d55d08f24d	450	Emilio Jesús Alconchel Rodriguez	M	M45-49	41	5:44:02	0:37:47	0:05:34	2:47:57	0:05:13	2:07:31	ES	
623a1ca7-1fd8-4152-b329-852b7a50153a	451	Mustafa Cagri Gurkan	M	M35-39	67	5:44:03	0:33:32	0:07:36	2:49:10	0:04:32	2:09:13	tur	
e9268b27-b296-f011-b4cc-6045bd05f634	452	Oliver Waddington	M	M18-24	30	5:44:13	0:41:15	0:05:55	3:05:00	0:04:09	1:47:54	GB	
3a0704aa-0b84-f011-b4cc-0022480c097c	453	Sacha Dreau	M	M30-34	62	5:44:14	0:37:09	0:07:00	2:52:17	0:05:17	2:02:32	FR	
0704eb11-0792-f011-b4cc-6045bd09951e	454	Joan Olivella Serra	M	M25-29	63	5:44:16	0:35:02	0:07:31	2:55:29	0:03:19	2:02:54	ES	
9e611f79-f293-f011-b4cb-002248098cfa	455	Constantin Baumann	M	M25-29	64	5:44:22	0:39:14	0:07:20	2:44:45	0:06:07	2:06:55	NL	
cf6c3dc5-bc0f-4139-aa8f-c3f496cacfa1	456	Paloma Silva Ghilardi	F	F30-34	12	5:44:25	0:41:09	0:05:34	2:49:23	0:04:49	2:03:31	esp	
0cd380ee-b89a-4c97-828d-0daf767a4318	457	Thibault Bourlès	M	M25-29	65	5:44:35	0:41:19	0:06:29	2:48:51	0:03:53	2:04:03	FR	
fbd409f3-2284-f011-b4cc-6045bd05fcc1	458	Andres Iráculis Garmendia	M	M50-54	27	5:44:36	0:38:43	0:05:43	2:42:39	0:04:41	2:12:50	esp	
bfa59a3f-fd48-43a6-9429-6b864713b480	459	Raul Villalba Trujillo	M	M30-34	63	5:44:52	0:38:31	0:06:47	2:56:00	0:04:23	1:59:11	ESP	
47947013-3ed8-ef11-8eea-000d3a5a1803	460	Federico Rojas	M	M25-29	66	5:44:58	0:41:51	0:05:56	2:55:34	0:03:26	1:58:13	ES	
b301af32-4deb-ee11-a204-6045bd0158c4	461	Sem Bonte	M	M18-24	31	5:45:03	0:29:46	0:04:32	2:42:53	0:03:30	2:24:21	NLD	
b9198a8d-4516-f111-8341-6045bd08b1a2	462	Jonatan Perez Morales	M	M40-44	52	5:45:06	0:40:44	0:07:00	2:50:16	0:03:47	2:03:18	ESP	
b37623d8-ec8b-f011-b4cc-000d3a5b50ba	463	Mathieu SARRAMIAC	M	M45-49	42	5:45:07	0:41:28	0:05:26	2:48:20	0:03:13	2:06:41	FRA	
2f871751-5e77-f011-b4cb-0022480c097c	464	Laura Fernández Carrasco	F	F25-29	17	5:45:08	0:44:40	0:06:32	2:58:07	0:07:55	1:47:54	ES	
aa97ce42-b5a3-f011-bbd3-000d3a5b50ba	465	Sergio Escosa	M	M30-34	64	5:45:14	0:42:28	0:09:21	2:51:16	0:07:35	1:54:34	NLD	
3f2aaf2b-4487-f011-b4cc-6045bd05f634	466	Florian Hemadou	M	M35-39	68	5:45:30	0:46:22	0:05:14	3:00:29	0:03:41	1:49:44	FRA	
fe2758b5-35a9-f011-bbd3-6045bd05f634	467	Alberto Sánchez Rodríguez	M	M30-34	65	5:45:38	0:49:06	0:06:43	2:47:02	0:03:42	1:59:05	ESP	
96207e6b-fec6-435a-94e9-bf0777985101	468	Maria del Mar Rodriguez Léon	F	F45-49	3	5:45:38	0:41:40	0:06:22	2:50:54	0:03:26	2:03:16	esp	
ec6e4cd3-2588-f011-b4cc-000d3a3173b5	469	Badets Alexis	M	M25-29	67	5:45:41	0:51:52	0:04:35	2:37:17	0:04:50	2:07:06	FRA	
7d9d19f7-deca-429d-8bc9-72ed7b4d6305	470	Denis Kieffer	M	M60-64	7	5:45:45	0:47:49	0:05:06	2:37:45	0:05:13	2:09:52	FR	
4a225631-bf46-47fd-9420-4218f4f18d79	471	Vildan Mutlu	F	F40-44	8	5:45:46	0:42:54	0:07:14	2:54:57	0:05:42	1:54:59	TUR	
06b21317-be56-f011-877a-002248098cfa	472	Kevin Levinson	M	M35-39	69	5:45:47	0:53:33	0:05:40	3:04:13	0:04:21	1:38:01	GB	
5617bc3c-a8b2-f011-bbd3-000d3a5cf7d8	473	Aaron Guimera	M	M25-29	68	5:45:48	0:43:39	0:08:45	2:56:17	0:07:10	1:49:57	ESP	
ee7f38dc-a859-ef11-a317-000d3a3b4ec1	474	Anna Chrobot	F	F45-49	4	5:45:50	0:51:32	0:05:36	2:46:03	0:03:21	1:59:18	pol	
620c9413-582c-4cdc-948d-b55d4a28a99d	475	Laura Dunz	F	F35-39	11	5:46:03	0:40:24	0:05:22	2:59:14	0:05:17	1:55:45	CH	
07727e98-04f5-4f9d-9fa5-8e1ba9ef06cb	476	Xavier Montañà Caelles	M	M45-49	43	5:46:06	0:42:55	0:06:21	2:45:44	0:05:37	2:05:28	esp	
3252b47f-cebe-4db5-bc1d-61069f74a265	477	Lucia Güitta López	F	F30-34	13	5:46:06	0:40:09	0:04:06	2:50:16	0:05:29	2:06:06	esp	
6b7cfffb-9f30-4b9c-b56e-3fef6809d6de	478	Stephen Kemp	M	M65-69	2	5:46:17	0:40:24	0:06:14	2:51:23	0:05:02	2:03:14	aut	
6ad42e97-8070-4716-81b4-c284997ebda9	479	Toni Valbuena Muñoz	M	M45-49	44	5:46:21	0:47:17	0:06:21	2:48:07	0:04:02	2:00:33	ES	
6d308348-ebcc-ef11-b8e8-000d3a5a403c	480	Philip Ghekiere	M	M50-54	28	5:46:28	1:03:52	0:07:41	2:43:10	0:04:51	1:46:53	BE	
bea3c203-e4a8-f011-bbd3-000d3a5b50ba	481	Juan Muñoz Navas	M	M50-54	29	5:46:31	0:32:06	0:05:24	2:46:42	0:04:45	2:17:33	esp	
f32eca8e-72d7-4d55-8427-80bad750f330	482	Thierry Pouget	M	M60-64	8	5:46:56	0:41:20	0:04:53	2:46:23	0:04:16	2:10:04	FR	
32ee5d08-535e-4c80-beaa-40f5525698c6	483	Christopher Carney	M	M30-34	66	5:47:13	0:39:18	0:06:44	2:38:49	0:04:34	2:17:48	CH	
2bd7e0d6-1cdb-4d75-9357-f708b2c7c9de	484	Mark Lancaster	M	M50-54	30	5:47:19	0:45:23	0:06:15	2:44:43	0:03:58	2:07:00	GB	
73685571-cc30-4ad9-953f-ec9e0f9d5f00	485	Yildirim Ulusoy	M	M50-54	31	5:47:20	0:40:48	0:07:15	2:38:12	0:07:19	2:13:46	TR	
602d0cf9-c113-4ac6-86c3-46b453461b14	486	Gina Lyons	F	F50-54	3	5:47:34	0:48:04	0:05:42	2:56:53	0:09:03	1:47:52	IE	
64b4ee80-5530-4903-ae77-25355aa8ce5b	487	Veronica Soriano Bugnion	F	F40-44	9	5:47:41	0:37:42	0:03:52	3:07:59	0:03:41	1:54:27	esp	
515ade2c-426b-4356-8c21-a07931b8c642	488	Borja Serra	M	M25-29	69	5:47:49	0:44:26	0:06:17	2:42:44	0:04:13	2:10:10	ES	
53891239-8c0e-443b-9214-d0a0ae0c44d8	489	Eric Martageix	M	M45-49	45	5:47:50	0:42:25	0:05:19	2:43:31	0:04:59	2:11:36	FR	
9e59f25d-4ca0-f011-b41c-000d3a5c3d6c	490	Giorgio Wingrove	M	M25-29	70	5:47:58	0:44:14	0:06:33	2:51:57	0:06:35	1:58:40	GB	
a7a1ed21-8f94-ef11-8a6a-000d3a5a1803	491	Henry Pickup	M	M30-34	67	5:47:59	0:45:47	0:06:04	2:51:11	0:04:00	2:00:56	GB	
62d23f78-4c82-4805-8006-c30c7c82b628	492	Will Earl	M	M30-34	68	5:48:00	0:42:01	0:08:07	2:53:19	0:07:02	1:57:32	GB	
5fe4b4aa-2d1f-4cd0-a0e7-9290e664f424	493	Guillermo Toledo	M	M25-29	71	5:48:00	0:35:46	0:05:18	2:54:13	0:03:59	2:08:45	ES	
154099c8-1567-f011-bec2-000d3a5cf7d8	494	Alex Reja Perez	M	M25-29	72	5:48:03	0:41:58	0:07:35	2:47:30	0:06:20	2:04:41	ES	
56591fc2-22dd-4723-b390-1a57ce52d1a8	495	Amparo Torres Lozano	F	F55-59	2	5:48:07	0:43:11	0:05:03	3:03:17	0:03:18	1:53:18	esp	
ba30f613-0532-ed11-9db1-000d3a33824e	496	Kelly Goelens	F	F40-44	10	5:48:24	0:48:59	0:08:31	2:41:36	0:09:42	1:59:36	BEL	
f067a932-bd41-454e-bc2d-adcb770d8d6e	497	Joao Cardoso	M	M35-39	70	5:48:30	0:49:22	0:06:47	2:49:43	0:04:08	1:58:30	PT	
0cccbcd1-8b85-ef11-ac21-000d3a5b3d07	498	Pablo Via Casals	M	M18-24	32	5:48:44	0:42:34	0:08:50	2:48:24	0:06:22	2:02:35	ES	
236b0e89-3b91-f011-b4cc-0022480a7385	499	Diego Huerta	M	M25-29	73	5:48:54	0:44:40	0:06:36	3:02:36	0:04:19	1:50:45	gbr	
ba61a07f-91aa-f011-bbd3-0022480c097c	500	Kay Skovgaard-Petersen	M	M30-34	69	5:48:56	0:39:57	0:07:03	2:59:36	0:04:35	1:57:45	GBR	
e6f3306a-4237-4f48-bafd-946ca8959eca	501	Javier Guerra	M	M25-29	74	5:49:18	0:41:50	0:06:27	3:01:54	0:05:10	1:53:56	ES	
bc322b35-7f99-f011-b4cc-000d3a3173b5	502	EDUARD RUANO	M	M45-49	46	5:49:20	0:51:44	0:09:04	2:46:24	0:06:20	1:55:48	ESP	
8576d9f3-ba8d-f011-b4cc-000d3a3173b5	503	Joaquín Salomon Sabaté	M	M30-34	70	5:49:22	0:45:14	0:06:34	2:52:16	0:03:49	2:01:31	ES	
d2c75bde-e762-4a0a-806a-ef08292f1fac	504	Alejandra Chávarri García De Fernando	F	F35-39	12	5:50:02	0:43:47	0:04:00	3:06:00	0:04:03	1:52:12	ES	
dca154ed-8552-f011-877a-000d3a35ffc1	505	ADAY DE LA CRUZ NUÑO	M	M35-39	71	5:50:11	0:41:37	0:05:05	2:43:40	0:04:40	2:15:10	ESP	
00b15706-2402-ef11-a1fd-6045bd00e0b7	506	Kaan Olcayto	M	M40-44	53	5:50:12	0:44:42	0:08:05	2:49:32	0:07:02	2:00:50	TR	
48a0910f-305b-f011-bec1-002248097e3a	507	Léonie NARDIN	F	F18-24	9	5:50:22	0:41:50	0:05:22	3:04:53	0:04:25	1:53:53	FR	
7b57f6c9-4566-433a-9985-c64246709c7f	508	Sebastian Bromberg	M	M25-29	75	5:50:23	0:44:05	0:07:38	2:52:31	0:05:18	2:00:51	GB	
3b57f123-5b9d-f011-b41b-000d3a5a5dc2	509	Jesús Sangüesa Sanz	M	M40-44	54	5:50:52	0:47:21	0:06:48	2:51:49	0:04:28	2:00:26	ES	
cc5c3e46-caad-ef11-b8e9-002248049fdc	510	Kelly Balanche	F	F30-34	14	5:50:59	0:32:25	0:05:02	3:00:28	0:05:21	2:07:43	fra	
20c524e2-2b8e-ef11-ac21-6045bd048089	511	Wouter Van Der Werf	M	M25-29	76	5:50:59	0:56:54	0:06:06	2:38:42	0:04:28	2:04:49	NL	
5c5ae01f-5036-4d1a-91b1-555d4aff3b30	512	Ignacio Romero Marín	M	M18-24	33	5:51:14	0:40:42	0:05:55	3:05:57	0:04:31	1:54:09	ES	
301f5c22-d688-f011-b4cb-7ced8d3c8393	513	Nette Vanderhoydonk	F	F18-24	10	5:51:26	0:40:44	0:05:29	2:45:19	0:05:20	2:14:34	BE	
75cd38f1-279a-404f-9c6c-1eb4cbfa8bfd	514	Eduardo Labrador Pirla	M	M30-34	71	5:51:54	1:01:54	0:08:38	2:48:01	0:04:24	1:48:58	ESP	
de946344-8a8e-f011-b4cc-0022480c097c	515	Miquel González de Sena	M	M30-34	72	5:52:13	0:48:44	0:06:26	2:47:55	0:04:22	2:04:45	ESP	
f1bf540b-d089-f011-b4cc-0022480c097c	516	Annemijn Meewisse		F30-34	15	5:52:19	0:51:04	0:07:06	2:49:57	0:08:38	1:55:34	NLD	
4b3ecc2a-1d8e-f011-b4cc-000d3a3173b5	517	Nacho Aguilar Pérez	M	M25-29	77	5:52:22	0:54:46	0:05:09	2:47:47	0:04:48	1:59:52	ESP	
8982ebd5-2b81-f011-b4cc-000d3a3173b5	518	Vasco Prazeres	M	M25-29	78	5:52:33	0:44:48	0:05:12	2:55:07	0:05:13	2:02:14	PRT	
491ff15b-b1f3-4a09-8f3b-967889635eb2	519	Natalia Clavel Claver	F	F50-54	4	5:52:37	0:41:16	0:06:39	2:58:43	0:05:29	2:00:30	ES	
115a368a-0651-f011-877a-6045bd05f634	520	Pascale Griveau	F	F60-64	1	5:52:40	0:49:56	0:04:34	2:58:55	0:04:52	1:54:23	fra	
05572d11-71a8-f011-bbd3-000d3a5cf7d8	521	Albert Nogué Ruiz	M	M35-39	72	5:52:41	0:48:02	0:06:33	2:55:09	0:05:32	1:57:25	ES	
a005112c-1210-f011-9988-000d3a5b50ba	522	Alonso Lopez	M	M45-49	47	5:52:44	0:45:28	0:07:55	2:45:18	0:05:13	2:08:50	esp	
f5691b1f-548f-f011-b4cc-6045bd09951e	523	SIMONA CERIANI	F	F30-34	16	5:52:48	0:39:21	0:05:29	3:07:28	0:03:47	1:56:43	ITA	
ecca3f63-5a39-4bbb-8d93-617bc88048b0	524	Lisa Pinney	F	F50-54	5	5:52:50	0:47:44	0:06:10	2:54:17	0:04:40	1:59:59	gbr	
eae84189-cc90-f011-b4cc-000d3a5b50ba	525	Artur Varmuza	M	M18-24	34	5:52:50	0:52:23	0:07:25	2:47:20	0:04:13	2:01:29	SK	
3aad70a3-9681-4d42-9564-e6f0ad177ace	526	Raul Alberti	M	M45-49	48	5:52:56	1:09:06	0:06:58	2:48:14	0:04:14	1:44:24	mex	
ad566871-0f84-f011-b4cc-0022480c097c	527	ESTIBALIZ URIARTE	F	F45-49	5	5:53:09	0:40:20	0:05:47	2:50:34	0:04:13	2:12:16	ES	
29a58605-af9b-f011-b41c-000d3a5cf7d8	528	Claudia Garcia Murcia	F	F30-34	17	5:53:10	0:42:46	0:06:25	3:02:16	0:05:25	1:56:18	ES	
4b1825fe-e6e0-4b48-98fc-06889bad250d	529	Ignacio de Ochoa	M	M25-29	79	5:53:21	0:40:04	0:05:06	2:35:55	0:03:43	2:28:32	ES	
23f533c1-5f4e-f011-877a-6045bd09951e	530	Santiago Capello	M	M40-44	55	5:53:24	0:41:32	0:06:30	3:05:14	0:05:29	1:54:40	ESP	
59827fe0-e383-465a-b162-7a1273995aeb	531	Barbara Carreño	F	F40-44	11	5:53:50	0:39:30	0:04:17	3:07:51	0:05:00	1:57:12	ES	
5e3be68b-0ec5-ec11-a7b6-000d3a3423dd	532	Christel Mathys	F	F40-44	12	5:54:20	0:47:29	0:04:23	2:51:52	0:03:26	2:07:11	BE	
e2445700-1454-42b4-94c4-63a0e7988b24	533	Javier De La Plaza Poza	M	M50-54	32	5:54:25	0:41:04	0:05:46	2:50:13	0:04:06	2:13:15	ES	
0b6aadbe-83e9-4089-a3d9-020b2bba8857	534	José Berríos Mójica	M	M50-54	33	5:54:27	0:49:38	0:08:13	2:49:25	0:06:12	2:01:00	PRI	
f277f491-0e83-491f-b9b2-63d09d3097b0	535	Ian Lloyd	M	M50-54	34	5:54:29	0:50:14	0:06:28	2:45:50	0:08:11	2:03:45	GB	
adba35f7-c75b-f011-bec1-000d3a3b5b93	536	Sami CHEMALA	M	M18-24	35	5:54:37	0:50:48	0:07:06	3:09:40	0:05:54	1:41:08	FR	
9964c1bb-0984-f011-b4cc-000d3a3173b5	537	Mark Smith	M	M55-59	18	5:54:42	0:48:55	0:05:37	2:53:30	0:03:24	2:03:15	CH	
c8fc074b-c5ec-4a4c-aebc-2ef6583a246c	538	Kirsty Gill	F	F50-54	6	5:54:53	0:39:33	0:05:45	2:54:11	0:05:12	2:10:12	gbr	
a3ec8e55-5a0c-42ed-9a97-76e35331de37	539	Alejandro Lechado Saenz	M	M25-29	80	5:55:00	0:44:59	0:05:27	2:57:24	0:04:28	2:02:41	ES	
ab5753b8-b399-f011-b4cc-6045bd05fcc1	540	Diego Ordóñez García	M	M30-34	73	5:55:08	0:51:23	0:06:48	2:45:45	0:05:29	2:05:43	ESP	
70bf9b4e-4da7-45b0-ad8c-a9c6ea53891c	541	José pablo Roviralta Martin	M	M35-39	73	5:55:22	0:37:34	0:03:04	2:48:43	0:04:29	2:21:32	ES	
3bb0a139-75d6-ef11-8ee9-000d3a5ae96c	542	Timothy Houghton	M	M30-34	74	5:55:51	1:03:50	0:08:11	2:47:23	0:04:33	1:51:54	FR	
0b34b9a4-b85f-ef11-bfe3-6045bd0953ac	543	Fleur Del'Haye	F	F25-29	18	5:55:54	0:51:48	0:05:20	2:47:17	0:04:56	2:06:33	BE	
55d5ef1c-06c3-ef11-b8e8-6045bd088264	544	Amedeo Cioffi	M	M40-44	56	5:55:54	0:39:50	0:06:47	2:55:38	0:05:50	2:07:49	esp	
824953ef-34b8-4b0c-9286-30054ac3a707	545	Sergio Garcia Rosa	M	M25-29	81	5:56:19	0:44:01	0:07:47	2:55:47	0:07:55	2:00:49	ESP	
5a025b6a-ef41-f011-b4cb-6045bd05fcc1	546	Martijn Mulders	M	M25-29	82	5:56:25	0:42:38	0:08:52	2:39:53	0:05:52	2:19:09	NL	
ce265239-d073-f011-bec2-002248098cfa	547	Robbie Davenport	M	M18-24	36	5:56:46	0:38:20	0:04:56	2:56:15	0:03:57	2:13:18	GBR	
b9426c7e-4891-ef11-ac21-000d3a338a3c	548	Cédric PARRAGA	M	M35-39	74	5:56:56	0:53:18	0:07:15	2:48:47	0:05:07	2:02:29	FR	
7536727c-d034-f011-8c4e-6045bd09951e	549	M Teresa González Coca	F	F45-49	6	5:56:59	0:44:51	0:05:35	3:00:48	0:04:06	2:01:40	ES	
73f8d829-2baf-f011-bbd3-000d3a5cf7d8	550	Rui Madruga	M	M40-44	57	5:57:04	0:39:49	0:04:48	2:50:54	0:05:45	2:15:47	PRT	
07faf3ea-6920-400c-9225-9ffda8238ddf	551	Can Ayvalioglu	M	M40-44	58	5:57:06	0:45:48	0:07:12	2:45:52	0:06:39	2:11:35	TR	
c8321a52-8649-ec11-8c62-0022480864c7	552	Anabel Martínez Heredia	F	F45-49	7	5:57:11	0:41:06	0:08:26	3:00:03	0:04:49	2:02:48	esp	
6263aa62-18a1-4725-a812-7a2f68b8c6fa	553	Amélie Garcia	F	F30-34	18	5:57:18	0:39:38	0:06:57	2:59:52	0:07:53	2:02:59	FR	
78bf4faf-617d-44ed-9811-6dd1a12e1148	554	Jean Weber	M	M60-64	9	5:57:19	0:43:15	0:07:32	2:49:52	0:04:31	2:12:10	fra	
ae3b5426-5fa0-f011-b41c-000d3a5b7c3b	555	Lucca van Holten Charria	F	F25-29	19	5:57:33	0:52:54	0:05:33	3:03:51	0:03:40	1:51:35	irl	
5027df97-0692-f011-b4cb-002248098cfa	556	Tommy Levasseur	M	M25-29	83	5:57:48	0:54:37	0:09:22	2:46:17	0:06:05	2:01:27	fra	
d95e7a1b-be84-f011-b4cc-000d3a5b50ba	557	Clàudia Plana Becerra	F	F30-34	19	5:58:01	0:39:51	0:07:38	3:11:45	0:05:26	1:53:20	ES	
cba5668a-2684-f011-b4cc-6045bd05f634	558	Grégory Noel	M	M45-49	49	5:58:01	0:45:06	0:07:33	2:50:47	0:05:10	2:09:25	FRA	
a523bb9c-4b8e-f011-b4cc-6045bd05fcc1	559	SANTIAGO Brox	M	M40-44	59	5:58:11	0:39:01	0:05:05	2:49:32	0:04:01	2:20:32	ES	
9ac790e7-b396-f011-b4cc-000d3a5cf7d8	560	Phil Antill	M	M40-44	60	5:58:13	0:42:16	0:06:56	3:00:57	0:05:35	2:02:28	GB	
6f6e00e7-728a-ed11-81ad-000d3a31440b	561	Beyza Karinca Kayansalçik	F	F30-34	20	5:58:27	0:43:47	0:05:48	2:59:27	0:04:15	2:05:09	TR	
4929d424-cc9d-f011-b41c-000d3a3173b5	562	Pablo Fajardo Calero	M	M25-29	84	5:58:27	0:49:56	0:08:16	3:06:27	0:05:53	1:47:55	ESP	
a3f3f659-07a1-f011-bbd3-000d3a5b50ba	563	Dídac Herrador	M	M25-29	85	5:58:48	0:34:45	0:07:23	2:42:34	0:04:27	2:29:39	esp	
90c629f7-2048-4fbb-bc3a-510acefada9d	564	Jon Duran	M	M40-44	61	5:58:49	0:57:32	0:10:49	2:50:56	0:05:27	1:54:05	FIN	
a1ffb456-ecfb-41d4-9902-3010d40f93d0	565	Daniel Ramírez Suárez	M	M25-29	86	5:58:59	0:49:54	0:09:39	3:03:11	0:07:56	1:48:19	ESP	
a2f50081-d384-f011-b4cc-6045bd09951e	566	Doriane Le Saux	F	F25-29	20	5:59:08	0:40:59	0:05:19	2:56:42	0:03:42	2:12:25	FR	
2bc61350-df84-f011-b4cc-6045bd05fcc1	567	Javier Gonzalez Arisketa	M	M50-54	35	5:59:12	0:50:50	0:05:51	3:04:12	0:04:33	1:53:47	ESP	
5c4ed494-6e57-44dc-a153-3a49c2e99956	568	Hannan Khan	M	M35-39	75	5:59:16	0:34:59	0:05:06	2:51:42	0:03:21	2:24:09	IN	
1345ef08-9374-4168-abf6-1f5f53ce8238	569	Victor De Paz Diaz	M	M45-49	50	5:59:20	0:45:13	0:09:58	3:07:27	0:04:12	1:52:30	ESP	
9ddfc85e-797c-f011-b4cc-000d3a5b7c3b	570	Carlos Ramon Blasco	M	M25-29	87	5:59:24	0:51:33	0:09:21	2:44:53	0:04:06	2:09:31	esp	
3633f49c-b69e-f011-b41c-6045bd09951e	571	Alan Zerbib	M	M35-39	76	5:59:26	0:51:40	0:07:56	2:58:14	0:04:39	1:56:58	fra	
5dae8f71-46a8-f011-bbd3-6045bd05f634	572	Maria Tagliaferri	F	F30-34	21	5:59:29	0:42:13	0:06:54	3:08:39	0:03:45	1:57:58	esp	
4c6c6566-74fc-f011-8406-0022480b35b6	573	Tomas Corredor	M	M60-64	10	5:59:57	0:37:31	0:05:34	2:53:52	0:04:47	2:18:12	ESP	
b6cdfd80-ae93-f011-b4cc-000d3a3173b5	574	Silvio Javier Toledo Pedro	M	M35-39	77	6:00:07	0:54:30	0:07:20	2:56:45	0:03:43	1:57:49	ES	
1684555d-c382-47a5-9913-1cf4ccb27561	575	Miguel Angel Rodriguez Lorenzo	M	M30-34	75	6:00:10	0:32:50	0:04:29	2:58:50	0:03:42	2:20:19	ES	
b615fd55-2ba8-f011-bbd3-000d3a35ffc1	576	Ignasi Oliver	M	M25-29	88	6:00:14	0:52:33	0:10:32	2:35:10	0:07:46	2:14:13	esp	
5cadc867-2996-f011-b4cc-000d3a35ffc1	577	Cristina Bordes Navarro	F	F35-39	13	6:00:14	0:34:58	0:05:29	2:46:14	0:06:40	2:26:54	FRA	
6da9585e-4686-43e5-aacd-12a6b6d616ea	578	Céline Soumier	F	F50-54	7	6:00:15	0:39:12	0:04:26	2:41:27	0:03:50	2:31:20	FR	
8c7b3bed-7493-ee11-be37-000d3a314ae2	579	Aylin Hazan Levi	F	F45-49	8	6:00:26	0:51:09	0:08:00	3:04:43	0:04:58	1:51:36	TR	
a24a72e6-1499-f011-b4cc-6045bd05fcc1	580	Steffan Cox	M	M30-34	76	6:00:26	0:54:16	0:05:53	2:46:53	0:08:25	2:04:59	NL	
158b7c45-6c90-ea11-a811-000d3a5a1cf8	581	José Matías Misiego Ruiz	M	M45-49	51	6:00:35	0:38:41	0:10:19	3:00:17	0:05:00	2:06:18	ESP	
88da0305-42ab-f011-bbd3-000d3a3173b5	582	Willem Valkenburg	M	M35-39	78	6:00:58	0:49:09	0:08:19	2:50:00	0:07:14	2:06:17	NLD	
544d1968-ae14-42d6-932a-110872f00b2a	583	Sergio Fernández Barriga	M	M40-44	62	6:01:02	0:45:23	0:04:21	2:59:15	0:03:05	2:08:58	ES	
f9757387-1290-f011-b4cc-0022480a7385	584	Xavi Estop	M	M18-24	37	6:01:23	0:40:52	0:06:04	2:59:20	0:05:47	2:09:19	ESP	
6af372fd-4184-f011-b4cc-0022480a7385	585	JOSÉ ANTONIO FERNÁNDEZ PRIETO	M	M50-54	36	6:01:39	0:41:33	0:06:59	2:53:51	0:05:38	2:13:37	ESP	
7b17e6cb-f3a5-f011-bbd3-000d3a3173b5	586	elisa neely	F	F25-29	21	6:01:39	0:48:25	0:06:24	3:13:14	0:06:27	1:47:09	CL	
2c5c953b-d4f7-4a02-8869-36a76c941393	587	Bruno Lima	M	M45-49	52	6:01:42	0:46:28	0:04:47	2:51:24	0:05:42	2:13:21	PT	
fe1e8e2e-76a0-f011-b41c-000d3a5cf7d8	588	Benjamin Michelsen	M	M30-34	77	6:02:12	0:51:14	0:05:53	2:53:24	0:05:04	2:06:36	PT	
079eb1c5-bfd1-4e7c-8142-746dadad5a7a	589	Laurent Simonot	M	M55-59	19	6:02:12	0:39:57	0:05:38	2:46:26	0:04:58	2:25:12	FR	
01a19680-22e6-4450-bf6b-06858ca8174f	590	Joe Andrew	M	M25-29	89	6:02:23	0:54:52	0:11:08	2:42:38	0:04:54	2:08:50	GB	
9722b0fa-79d8-4e86-8810-f29c8d3490b6	591	Case Tucker	F	F30-34	22	6:02:32	0:39:30	0:11:55	3:04:57	0:07:03	1:59:07	US	
ade407ad-77a4-f011-bbd3-000d3a35ffc1	592	Arjan Blok	M	M55-59	20	6:02:34	0:52:48	0:10:58	2:53:25	0:07:51	1:57:31	NLD	
6c87308b-8388-44f1-97a8-c975788a31aa	593	Raul Lopez De Armentia Sancho	M	M50-54	37	6:03:07	0:43:29	0:05:10	2:52:58	0:05:26	2:16:03	ES	
faa802de-3197-f011-b4cc-6045bd05fcc1	594	Esteban Gómez	M	M40-44	63	6:03:13	0:44:25	0:09:25	3:03:36	0:05:05	2:00:41	COL	
ecac6f3b-c67f-4488-af47-adbb007e015f	595	Tess Walter	F	F30-34	23	6:03:24	0:34:27	0:04:56	3:15:45	0:05:17	2:02:59	US	
a25149f7-e71c-ef11-840b-000d3a3b5bb1	596	Javier Rodríguez Velázquez	M	M25-29	90	6:03:28	0:43:29	0:09:37	2:57:39	0:04:17	2:08:25	ES	
4b7fe6fc-1344-4f65-a7d3-56a496a2b12c	597	Katrin Bragulla	F	F55-59	3	6:03:50	0:54:01	0:07:08	2:49:30	0:05:11	2:08:00	deu	
ad66f47c-54a9-f011-bbd3-000d3a5b50ba	598	Luiza Teixeira de Freitas	F	F40-44	13	6:03:52	0:49:03	0:04:50	3:06:40	0:03:50	1:59:29	PT	
89a39644-f4de-4aa6-9edc-f5b0f98b569c	599	André Pinto	M	M45-49	53	6:03:55	0:53:20	0:08:35	2:49:37	0:04:42	2:07:41	prt	
a9cc80bc-9fba-4b7c-a69d-571a39e0f0d3	600	Javier Contreras Amoedo	M	M50-54	38	6:04:04	0:38:42	0:05:26	2:59:41	0:04:36	2:15:39	ES	
7668d3c6-929c-f011-b41c-000d3a5cf7d8	601	Jop Cox	M	M25-29	91	6:04:04	0:50:08	0:12:22	2:51:47	0:06:35	2:03:12	NL	
473edbce-ac1c-4bd5-9590-dfcb1a7e6bd0	602	Jesus Peran Jarabo	M	M30-34	78	6:04:08	0:45:49	0:09:17	2:56:40	0:06:18	2:06:04	esp	
3991842c-9e7a-4ee8-ac56-a5376346805f	603	JOSÉ ANTONIO QUEVEDO MONEDERO	M	M60-64	11	6:04:12	0:49:04	0:08:17	2:34:35	0:07:38	2:24:37	ES	
d1a80f9c-057e-ef11-ac21-000d3a338a3c	604	Michael Albihn-Boland	M	M25-29	92	6:04:29	0:46:20	0:07:03	2:35:47	0:05:27	2:29:52	CH	
f5802484-fbc5-4f1e-9f7e-8afd0f63cafd	605	Maxim Behaeghe	M	M35-39	79	6:04:44	0:51:21	0:05:46	2:49:53	0:04:56	2:12:47	BE	
e9ce6d1d-5b37-4820-90ca-ffe03cf467f5	606	María Pérez Plaza	F	F45-49	9	6:04:52	0:54:31	0:05:20	3:02:56	0:04:17	1:57:49	ES	
3a51df25-fb62-f011-bec3-0022480a7385	607	Michael Cursons	M	M30-34	79	6:05:10	0:53:12	0:07:40	3:10:54	0:02:51	1:50:32	GBR	
8a59b513-8070-f011-bec3-6045bd05fcc1	608	Jordy Van Noten	M	M25-29	93	6:05:18	0:45:32	0:06:43	2:53:51	0:06:53	2:12:18	bel	
10f94771-ba93-ef11-8a69-000d3a5a403c	609	Tyla Rose	F	F25-29	22	6:05:45	0:40:37	0:06:50	2:55:04	0:04:48	2:18:26	ZA	
7c03f130-40a0-f011-b41c-6045bd09951e	610	Joran LYBEER	M	M18-24	38	6:05:46	0:43:00	0:08:18	2:53:14	0:05:42	2:15:33	BE	
feb4c7bd-e8dd-4ea8-ac5e-a47e91d924ad	611	Ahmet Karteper	M	M40-44	64	6:06:05	0:43:35	0:07:40	2:51:20	0:04:13	2:19:17	tur	
b46781fa-1984-f011-b4cc-0022480c097c	612	Maria Pilar Hernandez Garcia	F	F40-44	14	6:06:06	0:51:32	0:08:47	2:57:04	0:06:53	2:01:49	ES	
b3ae0c8b-4d8a-f011-b4cb-000d3a30a38f	613	Sergi Serra Espinosa	M	M25-29	94	6:06:17	0:48:17	0:06:49	2:50:09	0:05:02	2:16:00	ES	
38322932-03d8-4377-9a23-8f54279ea2de	614	Richard Coles	M	M45-49	54	6:06:37	0:49:52	0:07:22	2:55:24	0:06:37	2:07:23	GB	
81ec9c58-d10f-4e1f-bddb-d42e0550c62b	615	Márcio Nobre	M	M40-44	65	6:06:43	0:55:15	0:05:35	2:55:19	0:05:18	2:05:16	PT	
8284b3d2-b38b-41ff-81eb-49b6676f6969	616	Marta Riek	F	F55-59	4	6:06:51	0:56:18	0:05:16	3:00:11	0:03:58	2:01:07	che	
0a7f374e-c349-ef11-a317-000d3a5c08e8	617	Paula Lopez De Silanes	F	F40-44	15	6:07:00	0:47:00	0:06:58	2:57:26	0:06:23	2:09:13	FR	
e8915d91-fc84-f011-b4cc-6045bd05fcc1	618	Patrik Patova	M	M30-34	80	6:07:08	0:42:47	0:07:04	2:55:56	0:04:28	2:16:53	FI	
6e5e0f21-3546-f011-877a-000d3a3173b5	619	Ruben Garcia Miguelez	M	M60-64	12	6:07:13	0:48:00	0:07:57	2:50:26	0:06:43	2:14:08	ES	
dc8a822a-8298-f011-b4cc-002248098cfa	620	Alexandre Berthon	M	M30-34	81	6:07:14	0:46:34	0:09:23	2:49:48	0:05:19	2:16:09	FRA	
57e91a45-4d27-ed11-9db1-0022480a3574	621	David Rodriguez	M	M40-44	66	6:07:30	0:46:34	0:06:22	2:50:51	0:06:16	2:17:27	usa	
2462b01b-00a5-f011-bbd3-000d3a35ffc1	622	AXEL FLORENCIANO BEL	M	M30-34	82	6:07:33	1:01:45	0:05:51	2:58:33	0:04:08	1:57:16	ES	
355fb62d-6699-f011-b4cc-6045bd05f634	623	Kay Appeldoorn	M	M30-34	83	6:07:38	0:43:47	0:09:53	2:49:27	0:06:28	2:18:03	NL	
91ac5d38-77ba-e911-a984-000d3a36478d	624	Paddy Markey	M	M50-54	39	6:07:40	0:42:04	0:07:56	2:54:00	0:06:42	2:16:57	gbr	
72bc7765-74cd-4432-8e31-4c9869bedc86	625	Pascal Belanger	M	M55-59	21	6:07:50	0:48:29	0:06:19	2:47:40	0:06:01	2:19:21	CA	
0b6e02fb-9d9c-f011-b41c-6045bd05fcc1	626	Victor Sanz	M	M25-29	95	6:08:00	0:36:22	0:05:49	2:57:40	0:05:32	2:22:37	ES	
06e00c23-f68b-f011-b4cc-000d3a35ffc1	627	Zoe Colucci	F	F25-29	23	6:08:07	0:43:50	0:06:42	2:54:22	0:09:04	2:14:10	FRA	
77c63598-5b87-f011-b4cc-6045bd09951e	628	Álvaro Ruiperez	M	M25-29	96	6:08:09	0:35:23	0:06:26	3:01:18	0:05:27	2:19:35	ES	
f32c2f40-9a9e-f011-b41c-000d3a5b50ba	629	Vlad Pop	M	M25-29	97	6:08:42	0:52:41	0:08:18	3:02:23	0:06:41	1:58:39	ROU	
7b8f24f6-1188-f011-b4cc-000d3a5b50ba	630	Frank Laenens	M	M35-39	80	6:09:19	0:47:03	0:09:48	2:51:57	0:05:19	2:15:11	BEL	
830ceb58-1066-4e12-a1c6-61de0c8e7bef	631	Ashley Arens	M	M50-54	40	6:09:23	0:54:14	0:07:09	3:01:41	0:08:04	1:58:14	GB	
afc6f90f-1484-f011-b4cb-0022480b6d70	632	Miguel Angel López González	M	M40-44	67	6:09:40	0:41:52	0:05:36	2:52:42	0:04:52	2:24:39	ESP	
b776b25a-e383-f011-b4cc-000d3a3173b5	633	Fernando Orteso	M	M30-34	84	6:10:10	0:51:00	0:07:41	3:05:16	0:05:51	2:00:23	ES	
36cf350e-a591-f011-b4cc-0022480a7385	634	Artur Bardera Echeverria	M	M35-39	81	6:10:24	0:43:35	0:09:23	3:07:06	0:05:40	2:04:40	ES	
04b6621c-9285-f011-b4cc-000d3a35ffc1	635	Iñigo Diaz de Sarralde	M	M35-39	82	6:10:27	0:37:52	0:15:19	3:00:33	0:05:57	2:10:45	ES	
13cabca0-f1a4-f011-bbd3-000d3a3173b5	636	Dennis Camps Morillo	M	M25-29	98	6:10:44	0:49:07	0:07:02	2:54:34	0:04:05	2:15:55	ES	
64d5a5f4-4515-ef11-9f8a-6045bd012ace	637	Anita Nicholls	F	F30-34	24	6:10:48	0:54:08	0:06:48	3:03:55	0:06:03	1:59:54	GB	
403a71d9-0d84-f011-b4cc-000d3a35ffc1	638	Hugo Giovannoni	M	M25-29	99	6:10:51	0:40:18	0:05:13	3:01:22	0:03:23	2:20:35	FRA	
a68ce416-986a-426a-ae09-bfc3bb544e9f	639	Juan Sagalés Roca De Viñals	M	M25-29	100	6:10:53	0:47:31	0:09:25	2:56:33	0:04:43	2:12:41	ES	
7589fb1a-c285-f011-b4cc-000d3a35ffc1	640	José Manuel Cobos Acosta	M	M35-39	83	6:10:55	0:42:47	0:05:36	2:46:34	0:03:13	2:32:45	ESP	
3f2164f7-a3a6-4747-922f-95cbb8a6a738	641	Gert Prins	M	M55-59	22	6:10:58	0:43:35	0:06:26	2:42:38	0:05:07	2:33:12	nld	
109c5eac-e38f-f011-b4cc-6045bd05fcc1	642	Olivier VIDAL	M	M55-59	23	6:11:51	0:51:01	0:05:30	2:53:13	0:03:52	2:18:14		
796c2395-6165-f011-bec3-000d3a35ffc1	643	Lucas Marszalek	M	M35-39	84	6:11:59	0:57:10	0:05:14	2:51:36	0:04:35	2:13:23	FR	
e3c36753-c246-4bc3-a657-72c040a639aa	644	Javier Calucho Nicolás	M	M40-44	68	6:12:03	0:43:00	0:08:46	3:03:18	0:07:28	2:09:30	ES	
cb196930-df47-4f2a-9863-a372d29d9af7	645	Pedro Taranto Monteiro De Barros	M	M40-44	69	6:12:10	0:38:48	0:05:32	2:52:39	0:08:08	2:27:03	GB	
01707ec3-4cca-4249-b8fc-99d2b1fa9e27	646	Jorge Gonzalez Sepulveda	M	M40-44	70	6:12:16	0:49:49	0:06:52	2:49:01	0:03:43	2:22:51	CL	
326755ff-50b2-469c-8b09-427532483bb8	647	David Blazquez Arnedo	M	M55-59	24	6:12:37	0:40:32	0:06:57	2:55:54	0:04:09	2:25:06	ES	
33cf9861-fba8-f011-bbd3-000d3a3173b5	648	IVAN CISNEROS CABAÑAS	M	M50-54	41	6:12:55	0:53:49	0:09:48	3:10:19	0:05:08	1:53:50	ESP	
b77a58e1-fff8-4b77-bb79-ccf02c143bab	649	Anton Hanley	M	M40-44	71	6:13:05	0:54:12	0:11:08	3:09:05	0:07:35	1:51:05	gbr	
6be4f347-a384-f011-b4cc-000d3a5cf7d8	650	Miguel Angel Zapatero Gironda	M	M45-49	55	6:13:11	0:52:16	0:08:27	2:48:56	0:04:28	2:19:04	ESP	
3c74ecae-2953-4d01-9d68-bea93f103978	651	Elena Marzo	F	F50-54	8	6:13:14	0:34:06	0:06:26	3:15:54	0:04:39	2:12:09	IT	
8c144dd5-8713-ef11-9f8a-6045bd012ace	652	Nicoly Migliaccio Grandolfo	F	F40-44	16	6:13:18	0:53:29	0:08:53	3:14:59	0:05:34	1:50:24	ES	
f2953ddb-da36-47be-9d86-6c3f89a2c297	653	Juliette Frémy	F	F45-49	10	6:13:25	0:46:16	0:05:13	3:02:41	0:03:58	2:15:17	FR	
40772185-b79a-f011-b4cc-0022480a7385	654	Javier Berkenstadt	M	M35-39	85	6:13:40	0:43:57	0:07:13	3:09:52	0:04:48	2:07:51	esp	
8da182a5-c346-f011-877a-0022480a7385	655	Louis Ellis	M	M30-34	85	6:13:41	0:52:27	0:08:30	3:12:49	0:06:43	1:53:12	gbr	
12a1c6c8-971c-4360-b95e-6dd22aa4c615	656	Federico Valle	M	M60-64	13	6:14:20	0:42:28	0:06:41	2:59:20	0:06:26	2:19:25	arg	
a2eeea27-b749-ef11-a317-0022480acc6c	657	Ludovic BLATT	M	M45-49	56	6:14:38	0:39:42	0:06:26	2:49:43	0:04:52	2:33:55	FRA	
43e47d14-9c8d-4a18-b14b-9ca8af03370d	658	Bram Teuwsen	M	M25-29	101	6:14:42	0:45:47	0:08:32	2:57:37	0:05:17	2:17:28	NL	
79ec1311-e92c-ef11-840a-6045bd017e21	659	Claire Riley	F	F50-54	9	6:15:02	0:41:55	0:06:47	3:05:26	0:05:13	2:15:40	fra	
239527c5-509b-478c-81db-91075f65335b	660	Jose Luis Aguilar Diaz	M	M50-54	42	6:15:02	0:50:17	0:05:05	2:56:25	0:06:13	2:17:02	NLD	
3ad3a243-49a1-f011-bbd3-6045bd09951e	661	Dax Frame	M	M25-29	102	6:15:10	0:48:05	0:08:30	2:57:56	0:04:49	2:15:49	GB	
34435e76-21d2-4c47-a040-2e95c14c5ff3	662	Roberto Jesús López	M	M30-34	86	6:15:13	0:43:52	0:07:46	3:05:33	0:04:14	2:13:46	ES	
8bf8c167-fd83-f011-b4cc-000d3a3173b5	663	Laura Lopez Puerta	F	F35-39	14	6:15:22	0:46:08	0:05:50	3:29:09	0:03:41	1:50:34	ES	
b4282b1e-703d-4f15-8c62-66c6f4201870	664	Rowald Groenendaal	M	M35-39	86	6:15:24	0:53:12	0:07:28	2:43:14	0:05:14	2:26:16	NL	
bbdaed09-6c8d-f011-b4cc-000d3a3173b5	665	Daniel Castrillón Perez	M	M30-34	87	6:15:26	0:46:46	0:08:43	2:55:45	0:05:38	2:18:35	and	
7cd2ba49-ddbe-40a2-ba13-81917d69e24c	666	Marco Giuseppe Bisantino	M	M40-44	72	6:15:29	0:44:58	0:07:05	3:06:12	0:05:13	2:12:01	ITA	
4df14d57-6da4-f011-bbd3-000d3a5b7c3b	667	Paula Marti Serrano	F	F30-34	25	6:15:35	0:44:35	0:05:14	3:23:06	0:06:10	1:56:30	ESP	
247a7bdd-e28b-f011-b4cc-000d3a5cf7d8	668	Rosa Müller	F	F25-29	24	6:16:20	0:33:38	0:04:16	3:02:55	0:11:14	2:24:17	GB	
1fda16eb-f232-4150-afa6-7b00dc938b34	669	Richard Bobin	M	M40-44	73	6:16:22	0:47:46	0:06:43	2:51:57	0:06:04	2:23:53	FR	
0bb815a3-f47f-f011-b4cc-000d3a5cf7d8	670	Antonio Blanco Palmeiro	M	M30-34	88	6:16:37	0:52:35	0:10:08	2:55:48	0:05:57	2:12:09	ESP	
c9fdca61-3dfe-4980-b80b-fb062f9043f1	671	Rafael Becerro	M	M55-59	25	6:16:43	0:51:07	0:06:05	2:54:11	0:05:04	2:20:16	ES	
48ff70c9-d525-48b7-bcb8-6642d78a678a	672	Jeanne-Evelyne Turgeon	F	F50-54	10	6:16:44	0:49:42	0:11:35	3:12:46	0:08:10	1:54:31	CA	
293feb83-0684-f011-b4cc-000d3a3173b5	673	Pedro Grande	M	M55-59	26	6:16:52	0:47:33	0:07:25	3:10:23	0:05:19	2:06:12	ES	
d750b24a-8e91-f011-b4cc-000d3a5b50ba	674	Eva Criado	F	F25-29	25	6:17:01	0:53:26	0:06:46	3:04:05	0:05:12	2:07:33	DEU	
943ded0e-8f85-f011-b4cc-000d3a3173b5	675	fabio sole	M	M25-29	103	6:17:12	0:50:11	0:05:58	3:01:56	0:04:17	2:14:50	GBR	
99c43161-6703-eb11-a813-00224808bb10	676	Nurzhan Tagirov	M	M45-49	57	6:17:12	1:06:22	0:09:24	3:03:59	0:05:00	1:52:27	DE	
b7f396fc-39c1-41b6-9d9e-4d712a16b9ad	677	Alvaro Ramos Cuenca	M	M40-44	74	6:17:26	0:53:05	0:08:36	3:00:55	0:05:13	2:09:37	ES	
94abd430-f445-4f46-9ea2-eb81cff2c766	678	Adinel Tudor	M	M45-49	58	6:17:35	1:00:48	0:09:33	2:57:31	0:07:49	2:01:54	RO	
7d92e0c6-0684-f011-b4cc-000d3a5c3d6c	679	Christelle Manaud	F	F50-54	11	6:18:02	0:47:52	0:06:20	2:54:57	0:04:33	2:24:21	FR	
d9c4bc5a-1ce9-4f7c-8d0d-74f1ddabbb47	680	Lucia Castelli	F	F30-34	26	6:18:13	0:50:09	0:16:06	3:23:37	0:06:24	1:41:58	ES	
6bfc3715-f13b-48f1-8f7e-97d14f05236a	681	Emily Sams	F	F35-39	15	6:18:18	0:47:50	0:08:17	3:16:43	0:06:00	1:59:28	GBR	
6ea76608-6ef0-4e04-ab5d-9f9932bb61bc	682	Ann Lyons	F	F45-49	11	6:18:23	0:50:08	0:05:08	3:04:30	0:06:03	2:12:34	IE	
073a56c2-2eb9-4acd-9c38-38d3eca7791c	683	Selene Bruno	F	F30-34	27	6:18:26	0:49:17	0:07:06	3:13:43	0:06:55	2:01:26	ESP	
abf635b0-e038-f011-8c4e-000d3a5b50ba	684	Rodrigo Vianna	M	M55-59	27	6:18:32	0:45:44	0:07:44	2:48:14	0:06:21	2:30:29	usa	
67951fa2-2083-f011-b4cc-000d3a5b7c3b	685	Louis BELLIARD	M	M18-24	39	6:18:42	0:45:56	0:06:28	2:57:06	0:04:45	2:24:27	FR	
d5e0cd8f-7cf9-ed11-8849-000d3a31458d	686	Júlia Cervera	F	F30-34	28	6:18:44	0:41:08	0:05:33	3:19:05	0:03:51	2:09:06	esp	
3c4c24c1-1814-4a54-badd-6836e95e7065	687	Olivier Boileau	M	M40-44	75	6:19:06	0:53:33	0:03:40	2:40:14	0:04:18	2:37:20	FR	
42c90853-269a-f011-b4cc-6045bd05fcc1	688	Lisa Scholten	F	F30-34	29	6:19:22	0:49:26	0:07:13	2:49:38	0:04:24	2:28:42	che	
b18ef4aa-939c-f011-b41c-000d3a3173b5	689	Jean-Philippe Maitre	M	M40-44	76	6:19:35	0:55:19	0:06:17	2:57:08	0:06:03	2:14:48	FRA	
5b37a59d-c77c-f011-b4cc-000d3a5c3d6c	690	Nicolas Raimond	M	M35-39	87	6:19:41	0:41:47	0:08:03	2:51:51	0:04:42	2:33:18	FRA	
6f785ec8-4099-f011-b4cc-000d3a5cf7d8	691	Patrick TOUTON	M	M60-64	14	6:19:51	0:58:12	0:09:45	3:03:05	0:06:40	2:02:09	FR	
5da65086-f217-f111-8341-0022480994c2	692	Joana Berruezo Illescas	F	F25-29	26	6:20:13	0:48:27	0:04:49	3:03:51	0:06:51	2:16:15	ESP	
275c8898-0984-f011-b4cc-000d3a5c3d6c	693	Sophie AVERSENQ	F	F35-39	16	6:20:16	0:43:33	0:06:41	3:02:42	0:05:35	2:21:45	FRA	
04193a45-be94-f011-b4cc-6045bd05fcc1	694	Kenne Sykes	M	M35-39	88	6:20:33	0:43:10	0:08:01	3:26:58	0:05:00	1:57:25	GBR	
9fc4c013-0315-4321-b4b7-07a6cd2c030d	695	María Cristina Lama zuleta de reales	F	F30-34	30	6:21:03	0:46:34	0:06:29	3:17:35	0:04:48	2:05:37	ES	
6565807b-f2da-4677-bfce-78b0287ecc18	696	Alexander Thomassen Belmonte	M	M25-29	104	6:21:12	0:56:30	0:07:42	3:10:46	0:07:18	1:58:55	ES	
909cc87f-a8fd-4f04-b06d-d62059971261	697	Diana Fernández López	F	F45-49	12	6:21:20	0:46:06	0:07:22	3:09:22	0:08:02	2:10:29	ES	
7265fb35-d929-4ac5-9240-2d0d7e452d4b	698	Cristiano Ciotti	M	M30-34	89	6:21:29	0:41:05	0:07:46	3:26:30	0:07:33	1:58:35	ES	
0bab88c0-f44a-ed11-bba1-000d3a31458d	699	Bart BONGAERS	M	M45-49	59	6:21:50	0:37:45	0:09:25	2:57:08	0:06:59	2:30:32	BEL	
48439cad-6e7c-f111-ab0e-0022480b35b6	700	Filipe de Matos	M	M40-44	77	6:22:07	0:54:53	0:11:30	3:01:17	0:06:16	2:08:12	prt	
bf6c493c-8122-ef11-840a-000d3a59e106	701	Basak Oguz	F	F30-34	31	6:22:30	0:51:44	0:08:02	3:07:54	0:05:16	2:09:34	GBR	
049f8d10-f2f3-435e-9fbf-1583d33eabe5	702	Carlos Fabregas	M	M25-29	105	6:22:40	0:41:38	0:08:57	3:09:36	0:06:44	2:15:46	ESP	
a95f1797-a34c-4a49-aefd-ebf455250026	703	Alexander Zaytsev	M	M40-44	78	6:23:09	0:54:30	0:07:48	3:06:57	0:05:41	2:08:13	RU	
7952c9a5-91a7-f011-bbd3-6045bd05f634	704	karam zarkitou	M	M30-34	90	6:23:09	1:04:43	0:09:20	2:55:14	0:07:44	2:06:09	ESP	
f2fb785c-88a5-4e75-ad67-1ededb02d6d8	705	Liisa Sipilä	F	F40-44	17	6:23:14	0:46:08	0:06:24	2:57:57	0:06:34	2:26:12	fin	
e0fb9d57-8e9a-487a-89e9-d2ff4783e6a9	706	Stephen Corrigan	M	M45-49	60	6:23:30	0:44:27	0:06:26	2:42:10	0:05:17	2:45:09	IE	
b2ce1925-e80b-f011-9988-000d3a5b7c3b	707	Hannah Wilson	F	F25-29	27	6:23:30	0:45:46	0:09:13	3:09:41	0:08:11	2:10:38	GBR	
ac40dc25-061e-40d1-a969-57ad6f23815a	708	Iulian Sfecla	M	M55-59	28	6:23:38	0:43:15	0:08:24	2:59:57	0:08:07	2:23:56	US	
269365a1-bcf5-45e1-8a87-7e97a7f66210	709	Johana Escolano Rivas	F	F35-39	17	6:23:47	0:51:34	0:07:54	3:20:36	0:04:09	1:59:33	esp	
9d95a4e3-ff47-4136-b544-ad07debc62ef	710	Yannick Doms	M	M45-49	61	6:23:50	0:50:10	0:08:25	3:04:03	0:04:56	2:16:17	BE	
21c01b25-360d-4f73-a263-05d2f67da4ef	711	Christine Collienne	F	F50-54	12	6:24:04	0:56:11	0:07:15	3:02:05	0:08:02	2:10:31	BE	
141c3d66-c237-ef11-8409-000d3a367177	712	Cem Ozgur	M	M30-34	91	6:24:32	0:39:23	0:05:10	3:05:30	0:04:23	2:30:06	GBR	
17e0007a-3c69-47b6-a817-cf4b0be2bc2e	713	Stefanie Philipp	F	F40-44	18	6:24:33	0:45:14	0:06:16	3:00:53	0:06:10	2:26:01	deu	
a76ed4a6-fe3a-f011-b4cc-000d3a5b7c3b	714	Guillermo Noriega Sanmartí	M	M25-29	106	6:24:57	0:44:22	0:06:14	3:23:09	0:08:33	2:02:38	ESP	
743e245e-3459-4f3a-ad2b-1fa435884dd9	715	Curtis Mclernon	M	M35-39	89	6:25:01	0:49:31	0:07:54	2:52:24	0:06:03	2:29:09	GB	
20ae624e-4cec-4359-8c5c-0deb54fc4232	716	Fran Viedma Rus	M	M50-54	43	6:25:12	0:52:32	0:05:54	3:12:05	0:03:32	2:11:09	ES	
39c9c03b-f38c-f011-b4cc-000d3a5b50ba	717	Alvaro Martinez	M	M25-29	107	6:25:17	0:48:19	0:09:28	3:12:03	0:05:25	2:10:02	ES	
77d61369-a9c6-434d-820c-439f7ef2bed3	718	Yaiza Elena Rodríguez Aranda	F	F45-49	13	6:25:19	0:35:59	0:05:58	3:04:51	0:04:38	2:33:54	ES	
d47c9d59-0467-4867-b3ab-7e4db15c9b03	719	Jaume MB	M	M30-34	92	6:25:22	0:42:13	0:03:25	2:55:05	0:04:54	2:39:45	esp	
ee04a019-f805-41da-ac2e-6723fcb9fbfa	720	Danyel Cunha	M	M50-54	44	6:25:30	0:44:44	0:07:38	3:16:47	0:07:24	2:08:58	PT	
3be744d4-92d1-45f1-a5b2-301641461ab1	721	Miek Gambart	F	F50-54	13	6:25:40	0:48:17	0:06:38	3:07:45	0:04:46	2:18:14	BE	
913c4965-74a0-ef11-8a6a-6045bd048089	722	ignacio castillo alonso	M	M50-54	45	6:26:01	0:50:48	0:06:51	3:05:04	0:07:36	2:15:42	ESP	
097a0212-ab7e-4474-a91e-7cbe5725a860	723	Andrea Pons Thomas	F	F30-34	32	6:26:03	0:43:01	0:08:03	3:18:43	0:07:28	2:08:48	ES	
86978274-e7ad-4ab5-b488-9b273a8e99c2	724	Blaithin Johnston	F	F30-34	33	6:26:08	0:45:45	0:06:19	2:57:05	0:09:23	2:27:37	United Kingdom	
a0789257-aff1-4c5d-ad25-8c87c939af0b	725	Oliver Calzon Fernandez	M	M50-54	46	6:26:17	0:44:40	0:05:29	2:55:56	0:05:35	2:34:38	ES	
1c766bc5-0784-f011-b4cc-6045bd05fcc1	726	Marc Sanges Pradas	M	M18-24	40	6:26:30	0:46:01	0:06:31	3:11:22	0:07:57	2:14:38	ESP	
23b5c3d5-0684-f011-b4cc-6045bd05f634	727	daniel priego casado	M	M30-34	93	6:26:42	0:46:06	0:06:35	3:11:21	0:07:56	2:14:43	ESP	
5fcf0ce2-0684-f011-b4cc-6045bd05f634	728	jordi Serrat	M	M35-39	90	6:26:43	0:44:26	0:08:20	3:11:20	0:07:53	2:14:43	ES	
5328bc04-de00-4439-9394-b1e3a7710d11	729	Elena Sanchez Barbudo Miranda	F	F50-54	14	6:26:45	0:45:39	0:09:30	3:18:57	0:05:22	2:07:16	ESP	
c06d9a16-8685-f011-b4cc-000d3a5b7c3b	730	Pedro Sarmiento Robles	M	M30-34	94	6:26:50	0:58:44	0:08:17	3:06:14	0:06:53	2:06:40	ESP	
12eebf33-1f85-f011-b4cc-6045bd05fcc1	731	Oliver Mills	M	M25-29	108	6:26:52	0:53:58	0:07:09	3:14:05	0:04:43	2:06:57	GB	
68145810-45a8-f011-bbd3-6045bd05fcc1	732	Cèlia Berenguer Ponsa	F	F30-34	34	6:26:55	0:38:57	0:05:29	3:10:41	0:05:18	2:26:30	ESP	
e01c103b-71d2-4ea0-a379-ef4817f98e9e	733	Javier Ramos Rodríguez	M	M35-39	91	6:27:10	1:02:16	0:05:55	3:09:56	0:05:16	2:03:46	ES	
3c4ac38e-e033-42d7-8276-4369f0f1d608	734	Pilar Mugica Elorza	F	F50-54	15	6:27:20	0:46:34	0:08:14	3:18:07	0:06:37	2:07:47	esp	
adbbe387-ce89-f011-b4cc-000d3a3173b5	735	Luis Mansilla Roca de Togores	M	M25-29	109	6:27:38	0:44:30	0:08:56	3:13:27	0:10:05	2:10:41	ES	
20fdcc67-737a-ef11-a670-6045bd05c809	736	Manuel Michielin	M	M40-44	79	6:27:47	1:02:23	0:11:44	2:56:32	0:09:19	2:07:49	IT	
9b498a90-a265-4487-827d-9d20903553a5	737	Özgür Kiziloglu	M	M50-54	47	6:27:52	0:55:55	0:07:12	2:49:06	0:07:04	2:28:35	TR	
cf5cee92-0689-f011-b4cc-000d3a3173b5	738	Jonathan LLamas	M	M45-49	62	6:28:11	0:40:50	0:06:30	3:04:54	0:04:31	2:31:26	CHE	
9b6ee520-85d7-483e-8347-6396ac1a5da8	739	Kristian Jorgensen	M	M50-54	48	6:28:20	0:47:02	0:07:21	3:00:18	0:05:23	2:28:17	CH	
59e6e3f8-6991-f011-b4cc-000d3a5b50ba	740	Šimon Žilák	M	M18-24	41	6:28:25	0:53:24	0:07:50	3:07:55	0:08:47	2:10:30	SVK	
f2faeeb9-9030-4e18-a59e-b671e99d8e5b	741	Nele Niemegeerts	F	F30-34	35	6:28:29	0:57:48	0:06:43	2:57:07	0:09:20	2:17:31	BE	
1f572a82-ef36-492e-9acc-b575e767e095	742	Raquel Moreno Iniesta	F	F35-39	18	6:28:39	0:44:47	0:07:55	3:11:50	0:06:45	2:17:22	ES	
cee97ca1-7099-f011-b4cc-000d3a3173b5	743	Gregorio Cuerpo	M	M45-49	63	6:28:39	0:44:47	0:07:55	3:11:51	0:07:17	2:16:49	ES	
989c3b94-37c2-4736-9d19-3ceb0f2fd0dc	744	Ali Ersin Zumrutbas	M	M45-49	64	6:28:41	0:59:28	0:08:20	3:02:03	0:07:21	2:11:28	tur	
3688bf9e-e0a1-f011-bbd3-6045bd09951e	745	William Stevens	M	M18-24	42	6:29:02	0:38:39	0:05:55	3:09:58	0:04:20	2:30:10	GB	
c75238f0-9164-4c63-bacf-c7a60706e71d	746	Mark Jason Hadley	M	M50-54	49	6:29:12	0:53:54	0:05:30	2:48:58	0:05:02	2:35:49	GB	
7a31a1b4-9c8a-f011-b4cc-000d3a5b50ba	747	Guillermo Martínez	M	M35-39	92	6:29:13	0:49:42	0:15:46	3:17:48	0:08:19	1:57:39	ES	
070522a7-e0a4-f011-bbd3-000d3a5b50ba	748	jan ruben sigger	M	M35-39	93	6:29:21	0:58:32	0:07:20	3:01:50	0:05:00	2:16:38	ESP	
a10d04c7-2a53-ef11-a317-000d3a3b4ec1	749	Alejandro Bergaz	M	M50-54	50	6:29:23	0:51:08	0:07:36	3:06:16	0:06:45	2:17:39	ES	
22e336ee-f98c-f011-b4cc-6045bd09951e	750	Armando Gonçalves	M	M45-49	65	6:30:30	0:43:24	0:06:32	3:10:15	0:04:46	2:25:33	PRT	
de1219b4-3b9c-ef11-8a6a-000d3a595b58	751	George Mcallister	M	M25-29	110	6:30:38	0:52:14	0:05:33	3:15:20	0:05:11	2:12:19	GB	
55432141-1b3e-4d2f-a2e5-4e9ec604e263	752	Boris Bourdin	M	M55-59	29	6:30:50	0:49:12	0:05:44	3:01:34	0:05:02	2:29:17	nzl	
0fb258ab-508e-ef11-ac21-000d3a5b3d07	753	Maxime Dedecker	M	M35-39	94	6:31:14	0:52:12	0:09:51	2:54:46	0:06:04	2:28:20	BEL	
c0c0d79a-9684-f011-b4cc-6045bd09951e	754	Roel Stellinga	M	M25-29	111	6:31:40	0:47:50	0:06:23	3:38:12	0:04:25	1:54:49		
4ed09339-ed83-f011-b4cc-6045bd09951e	755	Andrea Espinosa	F	F30-34	36	6:31:50	0:48:52	0:08:00	3:18:11	0:05:18	2:11:29	ESP	
abb047e8-7e76-ee11-8179-000d3a314d17	756	Ana Belchior	F	F45-49	14	6:31:59	0:58:24	0:06:34	3:13:52	0:07:38	2:05:31	PT	
08af4777-43a2-4489-a4ee-49922da6564b	757	Manoj Jiwatramani	M	M40-44	80	6:32:07	0:46:01	0:07:42	2:55:53	0:05:49	2:36:42	US	
47596a42-596f-41b8-83c0-8003ea1a71e9	758	Rui André Silva	M	M40-44	81	6:32:24	0:47:17	0:06:45	3:24:01	0:05:58	2:08:23	PRT	
2716a412-658a-ef11-ac21-6045bd05c809	759	Tamara Casier	F	F40-44	19	6:32:37	0:58:30	0:07:49	3:09:48	0:06:05	2:10:24	bel	
433da32b-f293-f011-b4cc-6045bd05f634	760	Fenja Indorf	F	F25-29	28	6:33:25	0:45:18	0:08:53	2:59:36	0:09:47	2:29:52	NL	
1da0b70b-4503-4dce-82eb-37fc3402d6d5	761	Antonio Abad	M	M55-59	30	6:33:31	1:09:15	0:09:21	3:03:48	0:04:42	2:06:24	PRI	
bca2ceb0-3a3b-f011-b4cc-000d3a5b50ba	762	Jessica Durr	F	F18-24	11	6:33:45	0:54:18	0:08:04	3:27:19	0:06:56	1:57:09	GB	
5b703e4e-b3a3-42e0-981c-1422da7f199b	763	Ricardo Vizcarra Calle	M	M45-49	66	6:34:01	0:47:51	0:05:23	3:13:12	0:06:07	2:21:28	ES	
537d4c62-688b-f011-b4cc-000d3a5b7c3b	764	Andres Rodriguez	M	M50-54	51	6:34:33	0:55:26	0:08:59	3:18:29	0:09:11	2:02:28	VE	
ea1f72b0-5e62-4126-94ca-0a0cf8fd35f4	765	Loic Bloton	M	M40-44	82	6:34:48	0:58:53	0:13:16	3:04:13	0:10:13	2:08:13	FR	
38e3f11f-c146-f011-877a-000d3a5cf7d8	766	Laura Artigas Sancho	F	F25-29	29	6:34:52	0:48:12	0:07:38	3:29:34	0:07:35	2:01:52	ES	
ad7c1348-e397-f011-b4cc-000d3a35ffc1	767	JEROME HOUALLET	M	M60-64	15	6:34:56	0:48:48	0:10:02	3:02:16	0:06:48	2:27:03	FR	
e68ff137-779e-f011-b41c-000d3a5cf7d8	768	Daniel Ross	M	M30-34	95	6:35:17	0:44:04	0:07:27	3:11:21	0:04:21	2:28:04	US	
b21dec5b-2988-f011-b4cc-6045bd05fcc1	769	Xabier Eguren	M	M50-54	52	6:35:23	0:52:51	0:07:59	3:12:04	0:06:30	2:15:59	ESP	
ae0d4df0-16a2-f011-bbd3-6045bd05fcc1	770	Maialen Eguren	F	F25-29	30	6:35:26	0:50:58	0:09:15	3:12:49	0:06:26	2:15:57	ES	
6c5a8b6e-de9e-4adb-b06a-dd8d51f6142c	771	Javier Jorquera Pozanco	M	M35-39	95	6:35:28	0:52:53	0:10:52	3:21:38	0:06:35	2:03:30	ES	
24f6aa33-cc07-4197-a5e3-1d292a251f71	772	Griet De Wulf	F	F50-54	16	6:35:48	0:40:11	0:05:43	3:03:48	0:06:25	2:39:41	BE	
1469c91f-8c90-f011-b4cc-6045bd05fcc1	773	Eimear Bray	F	F50-54	17	6:35:56	0:49:09	0:08:11	3:15:21	0:08:10	2:15:05	IE	
e2f5f32d-519d-f011-b41c-6045bd05f634	774	Angel García Cañas	M	M30-34	96	6:36:10	0:48:30	0:09:15	3:17:30	0:05:25	2:15:30	ESP	
28158ac7-a4b4-4215-ba76-a0e9482c1ce4	775	ALAIN LEEMANS	M	M60-64	16	6:36:12	0:43:57	0:06:19	2:50:46	0:04:52	2:50:17	esp	
1c9dc51d-309e-f011-b41c-6045bd09951e	776	Petr Kvasnicka	M	M18-24	43	6:36:17	0:46:41	0:06:33	3:02:23	0:04:51	2:35:48	CZ	
349113b8-4bd5-4798-b045-418128be9038	777	Conrado Javier García Montiel	M	M40-44	83	6:36:27	0:39:50	0:19:21	3:14:44	0:06:24	2:16:08	ES	
42f0dd54-9465-4f86-85b9-af466b68e838	778	Juan Jose Fernandez Tebar	M	M40-44	84	6:36:31	0:50:52	0:08:21	3:14:51	0:06:16	2:16:11	ES	
55e8c9cd-be98-f011-b4cc-000d3a5b7c3b	779	Dominic Cantzler	M	M35-39	96	6:37:19	0:50:23	0:07:23	2:56:21	0:08:05	2:35:08	DE	
f16d1ac1-3eb2-405b-bbb1-d29be4dea077	780	Dmitrii Zabelskii	M	M30-34	97	6:37:22	0:57:06	0:06:04	3:21:31	0:05:50	2:06:52	DE	
30445e0a-f4b3-ef11-b8e8-000d3a5a403c	781	Andres Ortiz	M	M35-39	97	6:37:34	0:49:17	0:12:17	3:13:34	0:07:17	2:15:09	CO	
4f224626-ef99-4dac-b0c3-3d237577037c	782	Lucia De Vicente Alonso	F	F30-34	37	6:37:44	0:45:15	0:08:08	3:14:23	0:06:43	2:23:15	ES	
916729f3-165c-4f1c-85ef-46a663a03e00	783	Colum O Bric	M	M45-49	67	6:37:53	0:49:08	0:07:31	3:00:21	0:05:06	2:35:48	irl	
a2de78b3-adef-4ebc-a5fd-84bdbb41bbfa	784	José Manuel Rojas Martínez	M	M40-44	85	6:38:05	0:45:36	0:07:01	3:08:20	0:09:22	2:27:46	ES	
cd212cd5-e893-f011-b4cc-0022480a7385	785	Walid Nsouli	M	M18-24	44	6:38:19	0:59:31	0:09:23	3:14:39	0:05:15	2:09:30	GB	
d11e462a-aa57-40ff-97cf-e8b4384a7c90	786	Christian Cortes	M	M55-59	31	6:38:29	0:49:13	0:11:15	3:02:16	0:07:52	2:27:53	US	
8cade00d-ef67-4371-a42c-d826dc00db0f	787	Artur Shutko	M	M40-44	86	6:38:54	0:49:13	0:09:07	3:19:41	0:06:57	2:13:56	esp	
ab59bbd9-cb89-f011-b4cc-6045bd09951e	788	tara markey	F	F18-24	12	6:39:02	0:39:40	0:05:41	3:16:02	0:06:16	2:31:22	GBR	
e14217a4-c789-f011-b4cc-6045bd09951e	789	Yusa Batuhan Dursun	M	M30-34	98	6:39:03	0:49:08	0:10:26	2:55:13	0:07:23	2:36:52	TR	
bbebf42e-2eda-4ba3-957b-026a81cb5bf9	790	Onur Ozyurt	M	M45-49	68	6:39:17	0:51:35	0:08:14	3:20:57	0:07:03	2:11:28	tur	
8a224778-d9e6-47c9-b5db-317aa2e20375	791	Jean Coleman	F	F60-64	2	6:39:17	0:53:57	0:07:35	3:26:12	0:06:39	2:04:54	IE	
b878e449-1392-46a4-bf26-f07204102b63	792	Marine Pletsch	F	F40-44	20	6:39:23	0:48:13	0:06:31	3:23:04	0:05:14	2:16:21	FRA	
c3520add-f4ca-428b-a366-18edecfec787	793	Nicola Whitby	F	F50-54	18	6:39:31	0:35:40	0:08:18	3:16:48	0:05:59	2:32:47	GB	
f336ba26-f369-4cab-b5e3-78a0da1cf8c9	794	Dustin Smith	M	M50-54	53	6:39:37	0:47:04	0:08:45	2:48:27	0:08:49	2:46:32	US	
194417b3-8dad-f011-bbd3-000d3a3173b5	795	Kouros Jenabzadeh	M	M25-29	112	6:39:40	1:02:35	0:10:54	3:04:17	0:11:50	2:10:05	gbr	
dda32e34-0784-f011-b4cc-6045bd09951e	796	Corentin Goursaud	M	M25-29	113	6:40:34	0:47:35	0:06:00	3:13:09	0:03:08	2:30:41	fra	
902db61f-e221-f011-998a-000d3a3173b5	797	Aaron Ramos	M	M25-29	114	6:41:12	0:50:00	0:07:10	3:02:02	0:05:18	2:36:42	ESP	
8ba15e31-85a6-ef11-8a69-000d3a5a403c	798	Arnaud Duffour	M	M25-29	115	6:41:30	0:38:46	0:06:16	3:11:14	0:05:26	2:39:48	fra	
9814ac14-42cc-4256-94b9-beaa3bd69104	799	Aibek Karibzhanov	M	M50-54	54	6:42:09	1:02:35	0:09:13	3:13:48	0:10:48	2:05:45	KAZ	
95807cbd-d6a7-f011-bbd3-6045bd05f634	800	Tyler Burd	M	M30-34	99	6:42:20	0:41:52	0:09:22	3:18:55	0:09:18	2:22:53	USA	
895464d0-922a-4c1f-8881-aa1c10dbef12	801	Sonja Steiner	F	F50-54	19	6:42:23	0:53:57	0:08:25	2:56:59	0:08:03	2:35:00	che	
870650a9-3f93-f011-b4cc-6045bd05fcc1	802	Mario Cortell	M	M18-24	45	6:42:30	0:42:39	0:06:35	3:09:14	0:06:18	2:37:44	ES	
6cb07b07-632e-42e0-9a0e-8fff59818787	803	Lucie-Marie Hypolite	F	F35-39	19	6:43:03	1:02:13	0:08:16	3:11:04	0:11:57	2:09:32	FR	
cf188aaf-6e13-4922-92b1-f6fd4287387c	804	Joanna Mlynarczyk	F	F35-39	20	6:43:03	0:54:02	0:08:43	3:21:12	0:06:40	2:12:25	PL	
b644434a-afa3-f011-bbd3-000d3a5cf7d8	805	Steven Borey	M	M35-39	98	6:43:03	1:06:32	0:05:24	3:11:04	0:04:26	2:15:36	NOR	
20f8c483-3393-f011-b4cc-000d3a5b50ba	806	Emil Kunz	M	M18-24	46	6:43:15	0:46:03	0:06:28	3:10:14	0:05:30	2:35:00	DEU	
a20e9952-617a-47e3-b5c3-92c1970dd94b	807	Mickaël Gorriz	M	M30-34	100	6:43:25	0:44:12	0:06:59	2:51:36	0:05:05	2:55:31	FR	
b497cce1-2988-f011-b4cc-000d3a5b7c3b	808	Mateo Antoine	M	M18-24	47	6:44:39	0:50:56	0:09:31	2:59:40	0:08:35	2:35:58	FR	
060bce3d-7095-f011-b4cc-0022480a7385	809	Annie Marshall	F	F25-29	31	6:45:04	0:51:08	0:08:01	3:23:50	0:08:08	2:13:56	GBR	
700f4158-29a8-f011-bbd3-6045bd09951e	810	Núria Valldosera Escatllar	F	F30-34	38	6:45:27	0:56:20	0:07:53	3:22:33	0:06:02	2:12:39	ES	
9a3b58b9-06b7-4b7d-831b-18223ee66f02	811	Christian Bouton	M	M60-64	17	6:45:30	0:50:28	0:06:32	3:10:16	0:06:27	2:31:47	FR	
eb7ef080-674a-ef11-a317-000d3a367177	812	NAJIM SAIDI	M	M50-54	55	6:45:31	0:56:29	0:06:55	3:14:50	0:04:41	2:22:36	FRA	
f527ba2f-9934-ef11-840a-00224809fd7c	813	Alexandra Pavlova	F	F30-34	39	6:46:30	0:56:11	0:05:05	3:25:14	0:04:37	2:15:25	mda	
b5f9c174-63a0-f011-b41c-6045bd05fcc1	814	Janique Groenenberg	F	F25-29	32	6:47:17	0:47:37	0:09:24	3:07:35	0:08:10	2:34:32	NLD	
b59a3b3f-e2a5-f011-bbd3-000d3a5b50ba	815	Sonia Morera i Ausin	F	F25-29	33	6:47:28	0:47:48	0:06:08	3:30:05	0:05:47	2:17:41	NLD	
4b94978a-e995-4a66-a39e-6cfb2410042a	816	Francisco Javier Jimenez Sanchez	M	M55-59	32	6:47:43	0:51:23	0:08:30	3:19:28	0:04:50	2:23:32	ES	
8b6a1f2e-19a1-f011-bbd3-6045bd09951e	817	Tim van Pelt	M	M30-34	101	6:48:01	0:40:39	0:32:02	3:00:25	0:08:38	2:26:18	NL	
93f83023-b047-f011-877a-6045bd09951e	818	Paula Lucarini	F	F25-29	34	6:48:05	0:52:50	0:08:53	3:24:19	0:05:56	2:16:07	ESP	
4e9ec243-4338-4cf8-9557-a2dcf9234cb4	819	Antonello Pavan	M	M65-69	3	6:48:51	0:55:50	0:07:58	3:02:52	0:07:36	2:34:35	IT	
6c843d64-94e9-4150-b695-352980605fbe	820	Gianfranco Battistutta	M	M60-64	18	6:48:53	0:55:36	0:09:18	3:02:41	0:07:46	2:33:32	IT	
fe41d11f-16a1-f011-bbd3-6045bd09951e	821	Erik Matel	M	M30-34	102	6:49:05	1:07:01	0:06:44	3:00:23	0:08:40	2:26:17	NLD	
515d5e28-eac4-4fda-96c1-98ad75574eda	822	Shalimar Andrews	F	F45-49	15	6:49:10	0:37:36	0:10:35	3:18:36	0:06:04	2:36:18	usa	
267900a8-d2f6-4104-b278-31172ec61a14	823	Simay Ates	F	F25-29	35	6:49:23	0:49:12	0:08:08	2:54:10	0:08:52	2:49:02	TR	
4539d071-cc5e-ed11-9562-000d3a313cdf	824	Grace Broughton	F	F30-34	40	6:49:23	0:47:55	0:06:46	3:36:18	0:05:56	2:12:28	GB	
9e80ae44-1ff4-4521-9a57-a829b6d75019	825	Daniel Galvão	M	M40-44	87	6:49:26	0:49:06	0:04:57	3:12:00	0:04:47	2:38:36	PT	
85d9128f-1e9b-4d7d-bfea-07b69281b474	826	Kayley Griffiths	F	F35-39	21	6:49:27	0:47:44	0:06:12	3:11:46	0:07:47	2:35:57	gbr	
3524d834-ee34-4a5e-8542-8885d88abad3	827	Herve Picon	M	M55-59	33	6:49:40	0:44:00	0:07:29	3:19:16	0:04:51	2:34:04	fra	
c8218135-c08c-4c41-a386-d642bdd2d473	828	JESUS MARÍA SANCHEZ SAN FRUTOS	M	M50-54	56	6:49:58	0:50:45	0:06:39	3:12:36	0:04:07	2:35:51	ES	
7d9fcb30-6a4d-4a97-9910-9f47e4b55bd6	829	Dmitrii Nikeshkin	M	M35-39	99	6:50:01	0:54:40	0:10:54	3:21:47	0:06:50	2:15:50	NL	
8fe81883-bd3b-4c15-8374-bc04d9025916	830	Alberto Esteves	M	M55-59	34	6:50:01	0:41:50	0:09:24	2:55:10	0:09:01	2:54:36	prt	
46bee2c1-e291-43d9-80fb-3f0d3f51b437	831	Sagidulla Syzdykov	M	M35-39	100	6:50:29	0:51:56	0:07:12	3:12:37	0:06:35	2:32:10	KZ	
d573453d-f77f-f011-b4cc-000d3a5cf7d8	832	Nicolas BENATTI	M	M45-49	69	6:50:56	0:58:06	0:08:26	3:01:13	0:07:33	2:35:38	FRA	
42463f09-362f-499b-99bb-050accfe01c3	833	Ludovic Kolaczek	M	M50-54	57	6:51:02	0:46:43	0:10:41	3:07:26	0:07:15	2:38:58	CH	
d82dccce-478f-ec11-b400-002248083117	834	Gokhan Ozkan	M	M50-54	58	6:51:09	0:56:41	0:10:18	3:01:02	0:06:06	2:37:01	QA	
2f8ae533-f437-f011-8c4e-000d3a5b7c3b	835	William Goss	M	M18-24	48	6:51:55	1:03:19	0:09:22	3:33:38	0:05:36	2:00:00	GB	
1ffda822-0a84-f011-b4cc-000d3a35ffc1	836	FRANCISCO JESUS PEREZ DE URIGUEN	M	M55-59	35	6:53:20	0:49:04	0:10:38	3:26:52	0:04:23	2:22:23	ESP	
ece68667-1ba1-f011-bbd3-000d3a35ffc1	837	Jesús Ortín Aledo	M	M25-29	116	6:54:07	0:40:25	0:06:42	3:15:54	0:06:57	2:44:11	ESP	
8974ef63-bd92-ef11-ac20-000d3a5a403c	838	Beatriz Fernandez del Campo Calles	F	F30-34	41	6:54:17	0:53:39	0:09:10	3:35:45	0:08:53	2:06:50	GB	
f0dfca97-e1fb-4d9b-a673-2026f80c5d70	839	Becky Mccarthy-Smith	F	F30-34	42	6:54:29	0:50:05	0:09:11	3:35:13	0:10:19	2:09:41	GB	
876e6c26-d4a2-4205-ac2b-b5c1d6254e5b	840	Marcos Borrell	M	M50-54	59	6:55:16	0:58:40	0:08:24	3:16:55	0:06:44	2:24:32	US	
c2bff5d0-efa9-f011-bbd3-6045bd05fcc1	841	Emerson Alexander Calderon Deriglazov	M	M18-24	49	6:55:48	0:44:03	0:09:52	3:18:09	0:06:02	2:37:42	ES	
7940246e-4928-f011-8c4e-000d3a3173b5	842	Niall Solomon	M	M25-29	117	6:56:17	0:56:22	0:07:39	3:36:30	0:05:23	2:10:23	gbr	
c8dca79f-5478-f011-b4cb-6045bd0258e2	843	Ivan Vellarino	M	M35-39	101	6:56:19	0:46:25	0:07:00	3:21:39	0:04:41	2:36:34	ESP	
e3cb5507-299d-f011-b41c-000d3a5c3d6c	844	Leandro Martín Velázquez-Gaztelu	M	M30-34	103	6:57:06	0:44:23	0:08:54	3:30:32	0:08:16	2:25:00	ESP	
9a79f850-73a7-f011-bbd3-6045bd09951e	845	Dario Panza	M	M30-34	104	6:57:19	0:50:55	0:12:27	3:02:34	0:06:53	2:44:29	GB	
22c12231-d58b-ef11-ac21-6045bd05c809	846	Francesc Julià Ametller	M	M30-34	105	6:58:16	0:51:45	0:12:15	3:01:36	0:05:20	2:47:21	ESP	
355339a1-34a1-f011-bbd3-6045bd05f634	847	Jesús Ortín Mora	M	M55-59	36	6:58:22	1:00:12	0:08:31	3:17:43	0:07:34	2:24:23	ESP	
7036ba90-5a19-f111-8341-6045bd06566a	848	Alvaro Merle	M	M45-49	70	6:58:35	0:51:39	0:10:34	3:29:43	0:09:18	2:17:21	ESP	
f6184c0b-2de8-4856-98ce-b901d762e2da	849	Mike Taylor	M	M55-59	37	6:58:59	0:40:19	0:09:17	3:05:28	0:08:30	2:55:24	GB	
0a97e8c4-fa6a-ef11-bfe3-6045bd017e21	850	Elisa Sole	F	F25-29	36	6:59:05	0:42:59	0:08:47	3:32:07	0:11:57	2:23:15	GBR	
8c1f8948-8aa4-f011-bbd3-000d3a5b7c3b	851	Michal Hostak	M	M40-44	88	6:59:58	0:54:03	0:12:18	3:21:29	0:06:41	2:25:28	ESP	
d41cee16-5c61-f011-bec2-000d3a5b7c3b	852	Oscar Plaza Tendero	M	M25-29	118	7:00:06	0:45:36	0:09:28	3:12:37	0:08:59	2:43:27	ES	
d6a20d18-d6a1-f011-bbd3-6045bd09951e	853	Léa DUFAY	F	F18-24	13	7:01:00	0:49:09	0:05:50	3:24:00	0:03:13	2:38:48	FR	
c6b9599e-3393-f011-b4cc-000d3a3173b5	854	Lina Wypior	F	F18-24	14	7:01:23	0:39:40	0:05:50	3:34:18	0:04:55	2:36:40	DE	
2ed54fb2-768d-f011-b4cc-0022480c097c	855	Karmelo Virumbrales	M	M55-59	38	7:02:50	1:06:56	0:10:10	2:56:49	0:07:48	2:41:06	ESP	
91a19018-ddf9-4c45-a283-55072d682751	856	Annemiek Hernandez Koelemeij	F	F18-24	15	7:03:27	0:42:09	0:08:30	3:20:48	0:06:35	2:45:24	ES	
69ce47d4-8e5c-4d0c-b096-b5c330a41662	857	Ismael Eguskiza	M	M50-54	60	7:03:59	0:49:15	0:06:57	3:08:16	0:07:55	2:51:35	ES	
8e64b9c8-6eb3-44e2-8ab2-e5566399a1b2	858	Nancy Sterk	F	F55-59	5	7:04:22	0:59:08	0:10:06	3:23:45	0:06:41	2:24:43	BE	
1ed6a19b-ec81-ed11-81ad-000d3a31380b	859	Jose Juan Socas Alamo	M	M50-54	61	7:04:36	0:55:01	0:10:54	3:01:25	0:11:36	2:45:40	ES	
44737408-73a8-f011-bbd3-000d3a35ffc1	860	Lorna Baker	F	F55-59	6	7:04:45	0:52:26	0:06:38	3:30:23	0:06:06	2:29:13	GBR	
315d1fb1-331e-4a69-98a1-8756958a744f	861	Eveline Helene Kerkhof	F	F30-34	43	7:06:09	0:52:05	0:07:11	3:28:06	0:04:25	2:34:21	ES	
67eb909a-b749-ef11-a316-000d3a3b4ec1	862	sylvie MAY	F	F50-54	20	7:06:25	0:48:07	0:07:40	3:24:24	0:05:02	2:41:13	FRA	
da58680b-5bfe-ed11-8f6e-000d3a314d17	863	Diana Santelia	F	F50-54	21	7:06:46	0:48:07	0:08:20	3:13:27	0:09:06	2:47:46	CH	
0f30ac96-8b76-ef11-a670-00224809e5d5	864	Susan Kirstein	F	F40-44	21	7:06:49	1:06:34	0:06:25	3:19:24	0:09:55	2:24:31	DEU	
e79dd7e9-1da9-f011-bbd3-000d3a3173b5	865	Louis Bolze	M	M30-34	106	7:07:08	0:58:24	0:08:22	3:29:30	0:08:55	2:21:56	FR	
84521fbf-3e18-4744-a436-24b36a7f56f6	866	Lucas Xu	M	M30-34	107	7:08:42	0:51:51	0:11:25	3:47:35	0:08:51	2:09:00	GBR	
5ec71c25-0796-f011-b4cc-000d3a35ffc1	867	Dana Shamsutdinova	F	F35-39	22	7:08:53	1:03:50	0:08:06	3:27:14	0:05:48	2:23:56	ISR	
acb152bc-60c5-4173-9936-7d795708204f	868	Lawrence Ambrose	M	M55-59	39	7:08:55	0:51:32	0:08:26	3:22:20	0:07:58	2:38:40	ita	
eb9ad4cd-eba2-f011-bbd3-000d3a5cf7d8	869	Reggy Oquendo	M	M35-39	102	7:09:39	1:06:47	0:10:16	3:29:37	0:06:40	2:16:19	ESP	
2c4ec086-f15d-4137-9d4c-d2968eed9549	870	Jorge Ortiz	M	M40-44	89	7:09:55	0:52:51	0:11:49	3:34:56	0:07:29	2:22:50	ES	
397260a8-2f90-f011-b4cc-000d3a5b50ba	871	SONIA GARCÍA FERREIRA	F	F40-44	22	7:10:23	1:01:08	0:05:58	3:35:59	0:05:31	2:21:47	ESP	
614a00fc-0a84-f011-b4cc-6045bd05fcc1	872	Montserrat Cuevas Castillo	F	F65-69	1	7:10:30	0:46:48	0:06:18	3:47:40	0:04:18	2:25:26	ESP	
4506ff21-cab3-4517-936c-2ac389dc3f27	873	Clara Molina	F	F60-64	3	7:11:53	0:42:39	0:07:14	3:26:08	0:07:53	2:47:59	FR	
1149670c-b4a2-f011-bbd3-6045bd05fcc1	874	Santi Estrague Perez	M	M55-59	40	7:12:16	0:40:20	0:09:22	2:45:39	0:07:29	3:29:25	ES	
37742ea2-b9a4-f011-bbd3-000d3a3173b5	875	Ray Gerena	M	M25-29	119	7:12:29	0:51:39	0:11:53	3:30:04	0:04:57	2:33:57	PR	
953ac43f-a789-f011-b4cc-002248098cfa	876	Antonio Consuegra	M	M25-29	120	7:12:30	0:53:37	0:08:54	3:25:09	0:04:25	2:40:25	US	
c9ebfb88-df79-40ed-8558-c0e68755af74	877	ciara maccallum	F	F50-54	22	7:12:46	0:49:36	0:08:04	3:17:02	0:06:52	2:51:12	IE	
39675dd1-0dd7-ec11-a7b5-00224809f96f	878	Emma Mirabet	F	F50-54	23	7:13:06	0:45:27	0:08:09	3:36:17	0:06:44	2:36:29	ES	
315a283b-6a7f-ef11-ac21-000d3a338a3c	879	Heloise Leveque	F	F18-24	16	7:13:17	0:59:18	0:07:10	3:16:03	0:04:58	2:45:48	bel	
dbb187fa-7f92-f011-b4cc-000d3a5b7c3b	880	Lucie Levigoureux	F	F25-29	37	7:13:54	0:58:40	0:08:56	3:28:43	0:08:02	2:29:34	FR	
c38ecca9-9463-ee11-be6e-000d3a314ae2	881	Sabine Vanderweijschroth	F	F45-49	16	7:14:06	0:41:52	0:06:16	3:23:00	0:04:44	2:58:14	ES	
f0a4cf6d-779e-f011-b41c-0022480c097c	882	Vivek Ravishankar	M	M30-34	108	7:14:24	0:58:31	0:07:05	3:28:19	0:06:48	2:33:41	USA	
ce9071b2-b6c1-4f0d-aaef-6b44543c1f93	883	Maurice Shanley	M	M55-59	41	7:14:32	0:54:31	0:09:36	2:58:27	0:12:18	2:59:39	IE	
6dd2c1ae-c593-f011-b4cc-000d3a35ffc1	884	Sam Volckaert	M	M25-29	121	7:15:08	1:04:23	0:08:54	2:57:07	0:06:51	2:57:53	BE	
318135b4-3bb2-41b1-9305-649ed6736320	885	Antonio Ruiz Miranda	M	M50-54	62	7:15:35	0:49:32	0:09:13	3:29:41	0:06:01	2:41:09	ES	
6b4e1dc5-9455-453d-8eec-58c8c1abcc70	886	Maria Fanti	F	F45-49	17	7:15:58	0:59:35	0:14:04	3:27:25	0:13:24	2:21:29	USA	
0d8b50e6-0f8f-f011-b4cc-6045bd09951e	887	Charlotte Fraeye	F	F25-29	38	7:16:11	0:41:44	0:09:03	3:38:57	0:09:02	2:37:25	BE	
fd47b5cb-f600-40c9-9d79-f808a1f1e1c7	888	Andrew Mccarthy	M	M50-54	63	7:16:12	0:59:56	0:08:23	3:25:43	0:09:13	2:32:57	GB	
f130b655-b6bb-4997-9ad5-38a3b90c50ff	889	Aránzazu Palacios Sacedo	F	F50-54	24	7:16:58	0:55:33	0:06:14	3:32:30	0:05:41	2:37:00	ES	
7792a433-6da8-f011-bbd3-000d3a3173b5	890	Susan Hart	F	F55-59	7	7:17:36	0:53:28	0:07:44	3:37:48	0:05:32	2:33:04	GBR	
101c39c0-1783-f011-b4cc-000d3a3173b5	891	Alai Isuskiza Conde	M	M35-39	103	7:18:31	0:41:37	0:05:27	2:59:43	0:11:08	3:20:35	ESP	
444dbab5-b81f-41cb-941d-81fbcfb4fd2f	892	Juan Luis Trujillo	M	M60-64	19	7:18:32	1:05:44	0:08:28	3:09:01	0:06:41	2:48:39	ES	
b55a8c94-e697-f011-b4cc-6045bd05fcc1	893	david Keenan	M	M25-29	122	7:19:28	1:04:43	0:05:40	3:26:42	0:10:10	2:32:13	IE	
d91107de-d9a5-f011-bbd3-000d3a5b50ba	894	Navin Bhavnani	M	M40-44	90	7:20:01	0:53:59	0:07:47	3:35:34	0:07:40	2:35:02	gbr	
d251f5ce-5b96-f011-b4cc-6045bd05fcc1	895	James Kelly	M	M18-24	50	7:22:15	0:47:31	0:10:06	3:52:25	0:11:31	2:20:44	IRL	
8fbebee7-f9a8-f011-bbd3-6045bd05f634	896	Manuel Barbon Iglesias	M	M35-39	104	7:24:10	0:37:11	0:11:51	3:13:54	0:10:26	3:10:48	esp	
ef6f23b4-9a17-ed11-b83e-000d3a590f7b	897	Ramis Mahmoud	M	M60-64	20	7:24:45	0:47:16	0:11:10	3:18:46	0:07:24	3:00:09	US	
4200bfc0-9b5f-ed11-9562-000d3a314be4	898	Lucrecia Amado Weiseres	F	F45-49	18	7:26:20	0:59:18	0:08:01	3:44:04	0:06:52	2:28:05	ES	
81649fcb-bdda-4652-a48f-57ecee2824f7	899	Rebecca Rushe	F	F45-49	19	7:26:25	0:52:37	0:07:13	3:31:59	0:07:56	2:46:39	IE	
96b68505-cb6f-470b-8f67-165ff87454f5	900	Mircea Buga	M	M35-39	105	7:27:08	1:00:15	0:08:43	3:17:59	0:07:03	2:53:08	RO	
8b24b863-daa3-4072-961a-04cdfdaef0c1	901	Secil Budak	F	F40-44	23	7:27:15	0:57:50	0:09:13	3:30:29	0:06:11	2:43:33	TR	
f338e22f-4f21-4009-8b7f-44b709529554	902	Darren Baker	M	M55-59	42	7:27:49	0:56:28	0:06:31	3:17:49	0:05:46	3:01:16	GB	
5b947b93-e599-4595-937a-d22c698d9138	903	Zoe Murphy	F	F30-34	44	7:29:44	1:01:02	0:06:45	3:40:11	0:06:52	2:34:54	IE	
e6f68d57-a784-f011-b4cc-000d3a5b50ba	904	Carla Martínez	F	F25-29	39	7:31:07	1:06:17	0:08:23	3:22:39	0:08:47	2:45:02	ES	
256dcb01-5114-ef11-9f89-000d3a59e106	905	Sébastien TRAN	M	M45-49	71	7:31:35	0:48:40	0:08:26	3:11:02	0:07:21	3:16:06	fra	
ec5b341c-7095-f011-b4cc-000d3a3173b5	906	Emily Fisher	F	F25-29	40	7:31:42	0:54:56	0:06:57	3:49:36	0:09:14	2:30:59	GB	
94c2d26d-8d95-f011-b4cc-6045bd05fcc1	907	Peter Kelly	M	M18-24	51	7:33:26	0:51:58	0:09:46	3:59:43	0:05:36	2:26:23	IRL	
943047b3-1288-f011-b4cb-000d3a3af988	908	Simona Todorova	F	F30-34	45	7:33:58	1:05:13	0:05:22	3:49:11	0:06:19	2:27:54	ESP	
118bd051-5696-f011-b4cc-6045bd05fcc1	909	Joseph Carter	M	M50-54	64	7:34:51	0:48:10	0:07:27	3:35:58	0:08:17	2:54:59	GB	
04c96bef-3292-f011-b4cc-6045bd09951e	910	Marie Giroud	F	F30-34	46	7:35:12	1:02:07	0:07:09	3:43:57	0:06:08	2:35:51	FRA	
efb02141-0629-f011-8c4e-000d3a5b50ba	911	Kathryn Shiplee	F	F50-54	25	7:36:14	0:55:37	0:07:38	3:39:35	0:08:11	2:45:12	GB	
826e949a-07f3-ed11-8848-000d3a314329	912	Luisa Giua Marassi	F	F55-59	8	7:36:43	1:08:40	0:06:09	3:45:54	0:04:19	2:31:40	ITA	
3cf136de-0ccf-4414-8e5d-eb2f44d28219	913	Margarita Bromberg	F	F55-59	9	7:38:52	1:01:59	0:11:29	3:33:59	0:07:54	2:43:30	GB	
82e74ece-e692-f011-b4cc-000d3a5cf7d8	914	Frederic Joe Clemens Bierbaum	M	M25-29	123	7:43:07	1:01:16	0:08:08	3:25:15	0:15:39	2:52:49	DE	
5a754bc0-ce14-4d52-afa0-d23134af824a	915	Natalia Piccinin	F	F40-44	24	7:43:07	0:57:31	0:08:15	3:31:41	0:10:23	2:55:16	ESP	
00c9ed7e-333c-4090-a891-a9163ce8481b	916	Julen Álvarez González	M	M45-49	72	7:43:18	1:04:35	0:07:06	3:29:01	0:07:01	2:55:36	ES	
70352f15-e5a4-f011-bbd3-000d3a3173b5	917	Marco Russo	M	M40-44	91	7:43:23	0:54:38	0:09:43	4:04:03	0:04:46	2:30:12	NO	
237f351f-9178-4ae3-bc0d-345a8b864a32	918	Jacqueline Coca	F	F55-59	10	7:44:36	0:59:53	0:10:43	3:47:01	0:05:26	2:41:33	US	
2aa4c847-2f85-f011-b4cc-000d3a5cf7d8	919	Alejandro Moya	M	M25-29	124	7:48:13	0:49:10	0:08:07	3:44:29	0:09:07	2:57:20	esp	
545da9d0-bddb-404a-84de-c8aab2a81cf2	920	Emilio Previtali	M	M55-59	43	7:54:59	1:08:45	0:09:32	3:25:14	0:08:09	3:03:19	IT	
a80b4a11-2d7f-ed11-81ad-000d3a31458d	921	Patrizia Cimberio	F	F60-64	4	7:55:08	1:08:55	0:09:29	3:25:28	0:07:59	3:03:18	IT	
2ec2cab9-8d1b-462b-b056-e00cfa3aac1e	922	Tanya Miranda	F	F55-59	11	7:55:42	1:00:12	0:12:06	3:36:48	0:08:23	2:58:13	PT	
34fd29c2-dace-4142-8931-3ecaa79b22a3	923	Pierre Pezot	M	M45-49	73	7:55:44	1:08:18	0:09:19	3:36:38	0:09:24	2:52:05	FRA	
9996cdcf-a651-f011-877a-000d3a5b50ba	924	Javier Sancho González	M	M25-29	125	7:55:54	0:50:17	0:06:55	4:09:18	0:05:52	2:43:33	ESP	
597c9b23-35da-42bf-888c-6b4c5e75c6c4	925	Michaela Hill	F	F35-39	23	7:58:19	0:43:28	0:05:19	4:05:32	0:06:19	2:57:41	ES	
e32d85bc-5f8b-f011-b4cc-000d3a5cf7d8	926	Josephine Chartier	F	F25-29	41	7:58:26	0:57:31	0:09:34	3:54:17	0:11:29	2:45:35	FRA	
9d80bcd6-a1a0-f011-b41c-000d3a35ffc1	927	Alejandro Delgado	M	M18-24	52	7:58:50	0:52:30	0:10:32	4:15:37	0:05:39	2:34:31	ES	
6a454196-24a1-f011-bbd3-000d3a5b50ba	928	Conor Wood	M	M25-29	126	8:00:00	1:03:33	0:09:58	3:54:46	0:09:17	2:42:26	GB	
2ce0188b-3983-f011-b4cc-000d3a5b50ba	929	Raphael Bonnet Dumairir	M	M50-54	65	8:02:05	1:03:34	0:10:09	3:48:52	0:07:30	2:52:00	SGP	
2180e09f-03a5-f011-bbd2-6045bd026214	930	JULIEN TEISSEYRE	M	M40-44	92	8:02:37	0:53:38	0:10:00	3:27:08	0:09:27	3:22:24	fra	
31f14d66-258e-f011-b4cc-000d3a3173b5	931	Daniel DUFFOUR	M	M55-59	44	8:03:38	0:53:48	0:08:06	3:23:54	0:06:51	3:31:00	fra	
37c2d621-8192-40d3-be66-76e575cb0039	932	Laura Homer	F	F50-54	26	8:10:18	0:43:42	0:09:58	3:53:40	0:09:46	3:13:12	GB	
ef488851-749e-f011-b41c-6045bd05f634	933	Kylie Riddell	F	F30-34	47	8:13:44	0:55:19	0:07:52	4:09:03	0:06:23	2:55:07	USA	
381e1468-4355-48f4-be53-670714e5d4a9	934	Josep Colomé-Somoza	M	M75-79	1	8:18:10	0:54:40	0:10:03	3:38:11	0:08:38	3:26:37	esp	
1919e9ff-0684-f011-b4cc-000d3a5cf7d8	935	Marie HERCYK	F	F50-54	27	8:19:15	1:00:21	0:06:25	4:16:02	0:05:33	2:50:55	FRA	
97b5ec17-22a6-46ad-b527-4bdae5467231	936	Ignacio Ochoa	M	M55-59	45	8:23:17	0:51:41	0:16:24	3:54:32	0:12:48	3:07:52	ES	
be0db89b-14a2-f011-bbd3-000d3a5b50ba	937	Sandra Barrio Carvajal	F	F50-54	28	8:23:22	0:59:10	0:09:07	3:54:32	0:12:42	3:07:52	ESP	
307c51b2-9621-4923-ad53-89c6ef3efb06	938	Ryan Mclernon	M	M40-44	93	8:29:31	1:04:40	0:10:24	3:37:02	0:08:02	3:29:23	GB	
c695c876-1f85-f011-b4cc-000d3a35ffc1	99999	Toby Davis	M	M25-29	99999							GBR	DNF
e15c5702-95bb-46c2-b132-b00ab454f121	99999	Maryam Dehghani	F	F55-59	99999							GB	DNF
97fb1ab8-bf9b-4649-93bd-aad236bb6120	99999	Lucia Manzano Tomas	F	F40-44	99999							FR	DNS
6d0d56e6-663e-4e62-8340-b64d760759e8	99999	Paul Arthur	M	M60-64	99999							GB	DNF
6e606863-47ba-47f4-8a41-2d6952f49616	99999	Tiffany Dearman	F	F50-54	99999							US	DNS
13f413f5-6aa8-f011-bbd2-6045bd019463	99999	Victor Valldosera	M	M25-29	99999							ES	DNS
8c2da276-0884-f011-b4cc-0022480c097c	99999	Miguel Olagaray Pablo	M	M30-34	99999							ES	DNF
b32111b0-3a66-4a2a-94b8-93430a1a2a13	99999	Bettina Strobich	F	F55-59	99999	7:03:26	1:11:44	0:05:23	3:24:14	0:04:54	2:17:11	Austria	
f7de61f1-858d-f011-b4cc-000d3a3173b5	99999	Ignacio Diaz	M	M25-29	99999							ESP	DNS
c82e1b5d-5e73-422f-b576-ff17d867c202	99999	Filip Rigole	M	M55-59	99999		0:41:07	0:06:15	2:48:01	0:09:28		BE	DNF
d6c0d2f3-f566-f011-bec3-6045bd05fcc1	99999	Maria Descalzo Romance	F	F25-29	99999							ESP	DNS
370cf10f-821d-41a2-a95f-dcc9baa881ba	99999	Ines Aguilera Alvarado	F	F25-29	99999	5:48:04	0:37:11	0:06:21	3:05:03	0:04:00	1:55:29	ES	DNF
94b12248-1684-f011-b4cc-000d3a5b50ba	99999	Sergio Alanis	M	M50-54	99999		0:56:58					ES	DNF
39bf6072-0e24-4ddc-9394-710be88ed45d	99999	Aldo Lujan	M	M60-64	99999	9:01:15	1:05:16	0:07:53	4:12:03	0:06:18	3:29:44	US	
7a0192b3-5783-f011-b4cc-000d3a5b7c3b	99999	Marc Torres	M	M45-49	99999							ESP	DNF
144027d9-8e72-ef11-a671-000d3a371e3b	99999	Nahuel Reynoso	M	M35-39	99999							AR	DNS
5ed0b73d-3310-ef11-9f8a-000d3a314c24	99999	Steve Willis	M	M55-59	99999							gbr	DNF
b48d3a88-8f3e-4275-89b6-d8999ac08189	99999	Ian Walker	M	M65-69	99999							GBR	DNF
99e0a678-ac50-4da0-84a8-7ce122f0c73a	99999	Yves Matthys	M	M35-39	99999							BE	DNF
f22c12b5-cbee-4ca8-9220-0bfa86500f17	99999	Irati Egues Castellanos	F	F30-34	99999							esp	DNS
770d4339-e2a5-f011-bbd3-000d3a5b50ba	99999	Alessandro Caredda	M	M25-29	99999		0:46:50	0:06:52				NLD	DNF
96c18413-f40f-4065-b683-eced47deba28	99999	Takako Shiozawa	F	F65-69	99999	8:32:16	1:11:17	0:16:25	3:58:38	0:10:26	2:55:30	JP	
d7200edc-2b73-490c-aa66-1eda7eb041b2	99999	Antonio Battista	M	M60-64	99999		0:41:42	0:09:23	3:04:57	0:08:07		IT	DNF
6d8d4165-1206-ef11-9f89-6045bd00e0b7	99999	Ashleigh Georgiadis	F	F35-39	99999							ZAF	DNF
80a0dba3-054a-4c61-96fd-6f9e55b998b0	99999	Monica Espinosa	F	F60-64	99999	8:38:03	1:06:32	0:09:00	3:31:54	0:09:59	3:40:38	US	
bf4ee9f8-712f-4a81-821b-6fa294958eeb	99999	Julien Malet	M	M40-44	99999		0:36:53	0:04:06	2:22:07	0:02:59		FR	DNF
d8187951-3788-f011-b4cc-000d3a5cf7d8	99999	Axel Olivares	M	M25-29	99999							MX	DNF
b8b76c08-54a1-f011-bbd3-6045bd05fcc1	99999	Pedro Domínguez Carrasco	M	M35-39	99999		0:48:37	0:04:36				ESP	DNF
69eddc2a-8685-f011-b4cc-6045bd05fcc1	99999	Miguel Collado	M	M30-34	99999							ESP	DQ
460ba4f2-8002-4614-a1ac-3185324a0f7c	99999	Lily Herrera	F	F40-44	99999							usa	DNF
5b2e70de-30b5-4452-87d7-0ca982d161f7	99999	Frederic Fuseau	M	M55-59	99999	9:02:06	1:00:41	0:11:14	4:19:17	0:12:06	3:18:48	CN	DNF
720028c3-9b94-f011-b4cc-6045bd09951e	99999	Jack Keenan	M	M18-24	99999		1:16:21					irl	DNF
a5b6a86f-1aa9-f011-bbd3-6045bd05fcc1	99999	Inna Li	F	F45-49	99999	7:00:52			3:35:43	0:11:42	2:18:51	KAZ	DNF
c29bea44-fb83-f011-b4cc-6045bd05f634	99999	João Paulo Bessa	M	M40-44	99999	6:29:53	1:10:35	0:05:07	2:54:26	0:04:47	2:14:58	GB	
f1e6a540-cd8e-4b00-9900-d76d0968561b	99999	Bruce Griffiths	M	M60-64	99999	8:18:47	1:00:09	0:12:15	4:18:12	0:12:14	2:35:56	SOUTH AFRICA	
bca8e8c8-0015-4950-b525-b344131ea6e3	99999	Cristian Florez	M	M30-34	99999		0:54:45	0:07:14	2:51:09	0:03:56		CO	DNF
5a936b3b-16f4-4da3-a858-ca3cf6221197	99999	Allyson Goyco - Valentin	F	F50-54	99999		1:02:34	0:08:11	4:26:05	0:09:48		US	DNF
707dfa89-99ae-f011-bbd2-6045bd058582	99999	Pablo Poblet	M	M25-29	99999		0:42:13	0:07:47	2:29:40	0:05:53		ESP	DNF
84fa15ac-f322-4ee5-bb40-bf07e6e234a5	99999	Taissir Chouman	M	M50-54	99999		0:43:40	0:09:44	2:53:08	0:10:36		US	DNF
627f8cee-24a6-f011-bbd3-6045bd05f634	99999	Tommy Devine	M	M30-34	99999	7:38:27	1:11:41	0:09:47	3:31:20	0:11:56	2:33:44	IE	
acad8e22-29a8-f011-bbd3-000d3a5b7c3b	99999	Joan Biarnes Pellicer	M	M30-34	99999		1:20:19					ES	DNF
cfeb9fbc-cb11-48cb-a8cb-69f4f23a6421	99999	Kevin Reidy	M	M55-59	99999		1:30:42	0:35:12				IE	DNF
d054dee0-4c88-f011-b4cc-000d3a5cf7d8	99999	Roger Gonzalez Sedano	M	M25-29	99999		1:17:50					ES	DNF
03d3ad5c-0e4b-496d-8695-c643eda89a99	99999	Jan Petralia	M	MPRO	99999		0:31:56	0:02:12				BE	DNF
2c2dfff2-f6a2-f011-bbd3-000d3a3173b5	99999	Pierrick Françonnet	M	M30-34	99999		0:56:22					FR	DNF
ce4d6908-ef67-f011-bec3-000d3a35ffc1	99999	Jakub Lorenc	M	M30-34	99999		0:38:48					CZE	DNF
204a3509-1184-f011-b4cc-6045bd05fcc1	99999	ALEXEY TARANNIKOV	M	M45-49	99999							RUS	DNS
a5bfccc5-367a-459f-b19f-c138602ec0a0	99999	Alfonso Viñuela	M	M45-49	99999							ES	DNS
d8cc0170-13b1-44c8-8bb8-2d60244761f1	99999	Clément Cadot	M	MPRO	99999							FR	DNS
486033ab-dfc0-ee11-9079-000d3a31406e	99999	Jurgen Van Kerkhoven	M	M45-49	99999							BE	DNS
f86b81ea-5dd6-452f-913b-7fad752be9e4	99999	Adina Rebreanu-Iancu	F	F40-44	99999		1:09:32	0:15:46	4:22:03	0:09:53		rou	DNF
ed0dd55b-dd25-413c-b852-193c5133ab35	99999	Javier Torres Merino	M	M50-54	99999	7:08:08	1:10:53	0:05:37	3:10:44	0:07:11	2:33:43	esp	
4f9f7027-7e97-ef11-8a6a-6045bd048089	99999	Patricia Gil Wirth	F	F25-29	99999		0:43:01	0:05:41	3:17:29	0:05:21		ES	DNF
845ec642-899b-f011-b41c-000d3a5b7c3b	99999	Eser Talay	M	M40-44	99999							gbr	DNF
2ce0188b-3983-f011-b4cc-000d3a5b50ba	99999	Raphael Bonnet Dumairir	M	M18-24	99999		0:55:51	0:09:38	3:31:43	0:07:19		SGP	DNF
a5bcc20b-4786-45b9-a26d-4a464a7eeecf	99999	Evgeny Semenov	M	M50-54	99999							CY	DNF
896c660c-39a9-f011-bbd3-000d3a5b7c3b	99999	Sergio Campos	M	M30-34	99999		0:28:52	0:04:52				ES	DNF
8aa533e2-b997-f011-b4cb-002248098ff3	99999	Artem Pakalov	M	M18-24	99999							CZ	DNF
c3c25ac1-63cb-ee11-9079-000d3a31406e	99999	Mert Akbas	M	M35-39	99999							tur	DNS
0c55ce21-d265-f111-a826-6045bd06566a	99999	Pablo Abad Castillo	M	MPRO	99999		0:26:06	0:02:48	2:09:27	0:02:50		ESP	DNF
684f7896-9c58-ea11-a811-000d3a591109	99999	Ander Irigoyen Egia	M	MPRO	99999							ES	DNF
f91d43da-f848-ef11-a316-000d3a3b4ec1	99999	Johanna Barroso	F	F18-24	99999							FR	DNF
717b9840-d3e5-4fc1-bdf7-04a274071293	99999	Domenico Trotta	M	M45-49	99999							IT	DNS
f128e81e-9946-4fc4-b3d6-1cd3bcacd569	99999	Ievgen Samoilenko	M	M55-59	99999		1:20:42					ukr	DNF
c4f14b6f-ee52-4aed-8cdc-681cab7b4f7f	99999	Harol Alvarez Martinez	M	M45-49	99999		0:51:05					US	DNF
61ddc6c0-49a0-4779-adfc-8cfa0dc6577b	99999	Stefan Schaefer	M	M55-59	99999		1:02:44	0:08:45	3:11:08	0:10:20		DE	DNF
30c63505-4a5d-49a6-99c0-5cc0270e4c1b	99999	Mark Watson	M	M55-59	99999							GBR	DNF
c17e3aaf-2ea8-f011-bbd2-6045bd019463	99999	ERIC ORTIZ DE URBINA	M	M30-34	99999		0:33:10	0:05:03				esp	DNF
66c27d33-723d-4c1d-91e2-8dbb57c7b062	99999	Massimo Luzzati	M	M55-59	99999		0:37:23	0:05:25	2:26:38	0:03:29		Italy	DNF
d7b93ec6-7ed3-4121-b7ca-bfef52d7b5c5	99999	Martin Kremenchuzky	M	PC/ID	99999	7:23:18	1:00:41	0:10:52	3:35:25	0:10:03	2:26:17	AR	
24cde7d5-42b9-42a3-a706-54ee2594bc9d	99999	Mariano Hernandez Zapata	M	M40-44	99999							ESP	DQ
a68b881f-989d-f011-b41c-000d3a5b50ba	99999	Alberto López Castro	M	M18-24	99999							ESP	DNF
493ea166-5ca8-f011-bbd3-000d3a5b7c3b	99999	Jolanova Marzhan		F30-34	99999							KZ	DNS
074608cd-3c30-4f18-971d-503508369639	99999	Niamh Fleming	F	F55-59	99999		0:48:56	0:10:47	3:55:26			IE	DNF
2cdd57ec-4fac-f011-bbd3-6045bd05f634	99999	Camila Saraiva Fernandez	F	F30-34	99999							ITA	DNS
ee3afc8b-92c1-441c-9e55-557eb860113b	99999	Charlène Gasteau	F	F35-39	99999	5:00:31			2:39:28	0:03:02	1:44:29	fra	DNF
03c4a639-e995-ef11-8a6a-6045bd048089	99999	Antonio Manuel Carmona Sampedro	M	M40-44	99999		1:01:22	0:10:31				ES	DNF
3d3b914c-f488-f011-b4cc-000d3a35ffc1	99999	Borja Beraza	M	M45-49	99999							ESP	DNS
3705b04d-2171-ef11-a671-6045bd0953ac	99999	Kristof Desmedt	M	M45-49	99999		0:48:04	0:06:41				bel	DNF
8457fb3b-c151-4f9e-afe9-2740a52ecb5e	99999	Carlos Andrés Manzano	M	M35-39	99999							esp	DNF
920f5782-1b84-f011-b4cc-000d3a5b7c3b	99999	Simão Santos	M	M30-34	99999							PRT	DNS
50d55496-c062-f111-a826-0022480995bd	99999	Marta Borbón	F	FPRO	99999		0:32:06	0:01:59	2:18:55	0:02:07		ESP	DNF
faf4591a-f54a-ed11-bba1-000d3a314d17	99999	Annick Bleyen	F	F50-54	99999		1:04:05	0:10:06	3:16:17			BEL	DNF
07e86e95-a1a6-f011-bbd3-0022480a7385	99999	Aiima Bussakova	F	F40-44	99999							KZ	DNS
ba4b5f98-745f-42b7-913c-e405abe05859	99999	Robert Slater	M	M30-34	99999							GB	DNS
8db78f02-b4b0-4936-b8c9-ef23b17484d1	99999	Guillermo Alonso González	M	M35-39	99999							esp	DNF
4eb26637-1384-f011-b4cc-6045bd05f634	99999	IKER LARRIMBE SANCHEZ-DEHESA	M	M45-49	99999		1:12:29	0:07:21				ES	DNF
91157038-1502-4724-9880-eda3dcb468ba	99999	Deborah Corblet Viguie	F	F50-54	99999							FR	DNS
278d3b4f-f0e5-4b2e-8999-d4f5e8e9f2bb	99999	Matthew de Vroet	M	MPRO	99999		0:34:50	0:02:43	2:09:29	0:03:07		ESP	DNF
2ad7b77b-7ed2-4158-a545-2d89c36065db	99999	Tania Rojas Hernandez	F	F35-39	99999		1:00:25	0:09:14				US	DNF
6fe13702-949b-47cd-8cee-1646b43d9069	99999	ROBERTO MARTORELLI	M	M65-69	99999							IT	DNS
e991a80b-72a4-4b4a-83fe-0ca51c5ba2eb	99999	Jose Antonio Diaz Ibañez	M	M55-59	99999							ES	DNS
c559a080-6838-4959-bdc7-6c0ca240274e	99999	Francisco Javier Rojas Cruz	M	M55-59	99999	8:36:22	1:04:10	0:09:23	3:37:19	0:08:29	3:37:02	ES	
5014afe7-d77e-425b-8dca-b7e8c3a8639e	99999	Dzung Ly	M	M60-64	99999							CAN	DNF
959891f0-af50-4742-a197-2b39de2fa641	99999	Gregorio Mora	M	M50-54	99999		1:19:49					ES	DNF
7ee234ad-9751-479c-bcaa-65bc74927d00	99999	Paulino Galvan Alaiz	M	M30-34	99999							ES	DNF
84df6688-d7fc-4b35-bdfc-8559647cd39a	99999	Alvaro Bolinches Serrano	M	M45-49	99999		0:47:12	0:07:40	3:10:08	0:06:46		ES	DNF
c88a194f-0784-f011-b4cc-0022480c097c	99999	Jacobo Osuna de Miguel	M	M18-24	99999	6:23:43	0:40:36	0:05:34	3:01:59	0:05:55	2:29:37	ES	DNF
