ContactId	Overall_Rank	Name	Gender	Division	Div_Rank	Total_Time	Swim	T1	Bike	T2	Run	Country	Status
43dbec49-6921-447b-b82d-45ead1e201d7	1	Marc Dubrick	M	MPRO	1	3:39:18	0:22:36	0:02:05	1:56:03	0:01:31	1:17:04	United States	
4dc37a2d-4c96-43f8-a45d-3cf12a8ba1fc	2	Rodrigo Gonzalez	M	MPRO	2	3:46:34	0:23:12	0:01:33	2:03:48	0:01:24	1:16:36	Mexico	
b55484c5-913f-4fd2-b0d5-763cad92ab73	3	Lionel Sanders	M	MPRO	3	3:48:56	0:25:35	0:01:44	1:57:14	0:01:32	1:22:51	Canada	
e6c6d3d0-7e17-4bac-8ef7-7749f3186fb0	4	Dominik Sowieja	M	MPRO	4	3:49:51	0:26:15	0:01:56	2:00:09	0:01:49	1:19:42	Germany	
23892b53-b521-47d6-99b6-898897bef0a4	5	Flavio Morandini	M	MPRO	5	3:52:46	0:23:09	0:01:40	2:03:43	0:01:17	1:22:58	Argentina	
39e69a9d-1290-4389-852b-4fe6405df9ba	6	Danilo Pimentel	M	MPRO	6	3:56:04	0:23:14	0:01:42	2:03:36	0:01:42	1:25:50	Brazil	
cc3eb7f1-1a02-498c-ae43-de01c7db2334	7	Alejandro Guzmán Medina	M	MPRO	7	3:56:43	0:26:44	0:01:54	1:59:49	0:01:45	1:26:31	Colombia	
aa4d711c-d9ae-496a-af8b-1c8d33fbe5ff	8	Sebastian Fuchs	M	MPRO	8	4:00:04	0:28:03	0:01:54	2:03:22	0:02:05	1:24:41	Austria	
620cdf53-68b1-49af-ae5a-2b4940a55163	9	Dillon Longo	M	MPRO	9	4:02:37	0:25:04	0:01:48	2:07:03	0:04:56	1:23:46	Canada	
16cc0cdf-80e0-4294-89ca-43bd68adbee5	10	Martin Gallardo	M	M30-34	1	4:04:57	0:27:52	0:03:29	2:09:41	0:02:35	1:21:19	Argentina	
92161998-3bae-4dd9-8d5b-7c23de586a87	11	Francisco Serrano	M	M45-49	1	4:07:30	0:25:55	0:02:36	2:12:09	0:01:50	1:25:01	Mexico	
746beeb4-0981-4742-ab52-b2848aa947d1	12	Joaquin Pereda	M	MPRO	10	4:09:45	0:22:56	0:01:46	2:08:58	0:02:00	1:34:05	Mexico	
715747bb-02a0-f011-b41c-000d3a5b50ba	13	Ricardo Quintero Velazquez	M	MPRO	11	4:15:46	0:27:59	0:02:04	2:17:44	0:01:39	1:26:20	Mexico	
f16544ee-8be0-40c3-a496-62803bbeddf9	14	Jose Antonio Saenz Merida	M	M35-39	1	4:17:04	0:25:37	0:03:19	2:15:37	0:02:09	1:30:22	Guatemala	
08dcd206-324d-4b46-94cf-b91ac668cc72	15	Juan Carlos Ramirez De Nigris	M	M25-29	1	4:17:59	0:26:00	0:02:58	2:16:01	0:02:53	1:30:07	Mexico	
a6b04abe-d71f-43e8-8061-fc562f664071	16	David Sarmiento	M	M30-34	2	4:19:46	0:28:31	0:02:50	2:18:29	0:02:11	1:27:45	Colombia	
42066abc-7ba9-4676-a298-5e7f0b958a63	17	Loris Millot	M	M25-29	2	4:20:46	0:28:52	0:03:08	2:07:56	0:02:09	1:38:42	France	
51010d18-9de5-4a36-8762-127143979118	18	Cecilia Perez	F	FPRO	1	4:21:36	0:27:06	0:01:35	2:21:40	0:01:40	1:29:35	Mexico	
ee6560cd-e2de-4229-8411-b2a9c26eb60d	19	Arturo Mateos Aviles	M	M25-29	3	4:23:35	0:25:07	0:02:28	2:27:02	0:02:26	1:26:32	Mexico	
76350d0d-99ed-4ee7-b899-af57be2c790c	20	Eligio Cervantes	M	M50-54	1	4:24:49	0:25:22	0:02:50	2:22:45	0:01:40	1:32:12	Mexico	
afb2a784-9b1d-4d40-96c5-22d0174445cc	21	Jose Luis Orozco	M	MPRO	12	4:25:40	0:32:11	0:02:04	2:17:35	0:02:43	1:31:08	Mexico	
ecb8b060-58f1-4b51-8d17-c3dd7733dc92	22	Francisco Valtierra	M	M35-39	2	4:26:20	0:28:24	0:02:26	2:13:17	0:02:11	1:40:03	Mexico	
1a429679-d32b-483c-828c-6d03e044a4be	23	Erick Daniel R. Liceaga	M	M30-34	3	4:27:50	0:31:34	0:02:42	2:20:35	0:02:00	1:30:58	Mexico	
0c1d08f8-603e-4606-a3af-6bc589523394	24	Alberto jorge Gonzalez zermeno	M	M45-49	2	4:28:32	0:31:15	0:03:16	2:22:20	0:02:22	1:29:19	Mexico	
f374c6d6-4382-4dd3-8de2-985c7da7f0f8	25	Rodrigo García Yslas	M	M30-34	4	4:29:08	0:25:04	0:03:09	2:21:06	0:01:44	1:38:06	Mexico	
23537d15-b9ab-f111-aaab-6045bd08b1a2	26	Guillermo Perez Parra	M	M18-24	1	4:29:11	0:24:04	0:02:49	2:26:03	0:01:49	1:34:26	Mexico	
67a32740-e613-4291-9083-8ca2c2cf7c59	27	Juan M. Aguilar	M	M35-39	3	4:29:14	0:30:47	0:02:57	2:29:39	0:01:57	1:23:53	Mexico	
e4fb5ca4-2201-4482-a187-9676ac435abc	28	Jaime Reyes	M	M35-39	4	4:29:50	0:29:30	0:03:53	2:21:34	0:01:53	1:33:00	Mexico	
98fc90ec-5e7b-42c8-b9e0-11a1f7a3ef77	29	Mijail Espinosa	M	M35-39	5	4:30:37	0:31:52	0:04:40	2:22:49	0:02:11	1:29:05	Mexico	
10d4518e-430e-4db3-9c4d-287a5092e60e	30	André Gewehr	M	M40-44	1	4:31:00	0:30:01	0:03:50	2:20:29	0:02:19	1:34:20	Brazil	
e45b1bd9-1d7b-f111-ab0f-002248046ec8	31	Natalia Casas Gallegos	F	FPRO	2	4:33:57	0:27:14	0:02:13	2:33:25	0:02:04	1:29:01	Mexico	
e462f845-1808-43b8-829e-6773824c4e9c	32	Carlos Iván Hernández González	M	M30-34	5	4:34:14	0:26:31	0:03:08	2:28:46	0:01:40	1:34:09	Mexico	
32183dee-ef74-462b-a843-7212e2bb0b35	33	Julio Cesar Castaneda Rodarte	M	M35-39	6	4:34:17	0:27:08	0:03:46	2:21:10	0:01:55	1:40:18	Mexico	
285ccbdc-34c6-4309-8868-5e27ef54a4df	34	Rodrigo Camarillo	M	M25-29	4	4:34:30	0:29:47	0:03:04	2:31:07	0:01:39	1:28:52	Mexico	
3acd6305-83d1-448f-81a5-ada0626bdc31	35	Iñaki Moreno	M	M35-39	7	4:35:03	0:28:00	0:02:47	2:34:40	0:01:53	1:27:43	Argentina	
7c2a38a8-a9a0-48c9-ad89-9cefa17bcee7	36	Gonzalo Ruiz	M	M35-39	8	4:35:37	0:31:24	0:03:08	2:29:10	0:02:53	1:29:01	Argentina	
b9362a8e-e0c6-4990-98dd-ecddf60666f8	37	Jorge Saenz Ramírez	M	M30-34	6	4:35:52	0:25:25	0:03:10	2:26:17	0:02:28	1:38:32	Costa Rica	
e6586155-f885-f111-ab0f-0022480994c2	38	Nicolas MaLANO	M	M40-44	2	4:36:36	0:31:06	0:03:43	2:18:24	0:02:13	1:41:11	Argentina	
25dcd1ae-3c3b-4f7e-ba8a-df6b6d46d7f3	39	Hermes Ernesto Da Fonseca	M	M40-44	3	4:37:03	0:28:28	0:04:26	2:25:42	0:07:30	1:30:57	Brazil	
3b9e9e74-7909-4587-901b-c78611ace254	40	Leonardo Sanchez Ramirez	M	M30-34	7	4:37:22	0:26:58	0:04:28	2:23:41	0:02:24	1:39:51	Mexico	
8333d71e-e844-48e5-9c7c-31bac353b6ec	41	Donna Duncan	F	M30-34	8	4:37:33	0:27:54	0:03:44	2:22:33	0:02:20	1:41:02	Mexico	
0f608d29-00b0-4db3-8ad4-874395b8121c	42	Arlette Gonzalez	F	FPRO	3	4:37:40	0:28:11	0:02:15	2:28:45	0:01:50	1:36:39	Mexico	
8f2cc08d-65f5-417a-90fb-f9bb14e0a79d	43	Cesar Lopez Reyes	M	M30-34	9	4:39:15	0:27:21	0:03:24	2:21:02	0:04:11	1:43:17	Mexico	
28f08256-bb27-f111-8341-002248094c6b	44	Santiago Vazquez Le Blanc	M	M25-29	5	4:40:42	0:28:19	0:03:11	2:19:41	0:09:22	1:40:10	Mexico	
bbddc3b5-f76b-4cd3-a4c5-f42b4b5fa517	45	Brenda Schaupp	F	F40-44	1	4:40:45	0:30:17	0:03:26	2:22:40	0:01:54	1:42:28	Dominican Republic	
9b03c882-79b2-4f52-8e20-89d26c8500c5	46	Miguel Desentis	M	M35-39	9	4:40:58	0:27:45	0:03:39	2:21:11	0:03:10	1:45:12	Mexico	
e7d59d48-2e39-f111-88b4-002248046ec8	47	Juan Jose Orozco Gordillo	M	M18-24	2	4:41:22	0:29:35	0:03:19	2:26:21	0:02:22	1:39:45	Colombia	
386cd65e-2ab2-44c9-b059-0863dd7accf9	48	Diaz Pedro	M	M35-39	10	4:41:25	0:26:27	0:03:29	2:28:24	0:02:54	1:40:10	Mexico	
06b26198-c81c-f011-998a-000d3a5c3d6c	49	Kenzi Cook	F	F18-24	1	4:41:28	0:26:29	0:04:14	2:22:59	0:02:39	1:45:07	United States	
522365ad-796b-f111-a826-0022480b84a3	50	Felipe Alzate Toro	M	M18-24	3	4:42:32	0:25:34	0:02:52	2:20:31	0:02:08	1:51:27	Colombia	
9b10c2d9-bbdf-4793-b7d7-866bbe20c516	51	Till Von Bothmer	M	M45-49	3	4:42:34	0:28:21	0:03:24	2:20:51	0:02:13	1:47:45	Germany	
a8e157dc-4458-4917-be3e-aa8dfd609624	52	Juliette Lucet	F	FPRO	4	4:42:37	0:27:03	0:02:09	2:18:11	0:01:22	1:53:53	France	
b9162fa7-8cf7-4543-9450-22dab45a245a	53	Norma Coker	F	F35-39	1	4:43:07	0:28:54	0:07:06	2:22:35	0:03:34	1:40:58	Mexico	
ea6b3dae-fb02-40e3-84d5-d183d7f3969d	54	Roberto Sanchez Padilla	M	M30-34	10	4:43:55	0:30:03	0:05:14	2:28:33	0:01:52	1:38:13	Mexico	
63b1c726-11bc-4d0f-b20c-74ef03f3d22f	55	Niko Engel	M	M45-49	4	4:44:10	0:30:33	0:03:48	2:19:55	0:02:40	1:47:14	Germany	
75fce43f-8d6d-f111-ab0d-0022480b84a3	56	Emilia Martínez Mendivil	F	F18-24	2	4:44:28	0:31:12	0:03:08	2:35:25	0:01:56	1:32:48	Mexico	
3c8dd965-16db-4849-9b89-87fa1fab29e1	57	Hugo Martin	M	M18-24	4	4:45:30	0:35:22	0:03:12	2:29:28	0:03:13	1:34:16	Mexico	
a62bca39-6e74-475d-aa13-cc4fa99892f6	58	Manuel Fernando Cordoba Osorno	M	M55-59	1	4:46:31	0:26:53	0:03:54	2:27:06	0:03:56	1:44:43	Mexico	
fd2264a7-b02f-4bcd-89d8-b32ee7999daf	59	Allan Villanueva	M	M45-49	5	4:46:32	0:26:53	0:03:48	2:24:43	0:01:20	1:49:48	Mexico	
b29e798a-632c-4d96-9113-5e4cc0b43928	60	Maria Cristina Becerra Garzon	F	FPRO	5	4:46:48	0:27:35	0:02:13	2:31:27	0:02:14	1:43:19	Colombia	
9447ddda-f21b-f111-8341-0022480994c2	61	Emiliano Mirafuentes Resendez	M	M25-29	6	4:46:53	0:36:36	0:06:19	2:22:25	0:03:18	1:38:15	Mexico	
7f24c309-4fe3-41dc-b178-2b0075747b0f	62	Carlos Sequestration Guzman	M	M50-54	2	4:47:37	0:30:00	0:04:21	2:29:04	0:03:15	1:40:56	Costa Rica	
8e86e9ca-655c-f011-bec2-000d3a3173b5	63	MIGUEL ANGEL GIRON	M	M50-54	3	4:47:46	0:28:24	0:03:12	2:30:28	0:03:00	1:42:41	Mexico	
273a21e4-48ad-ec11-9841-000d3a3197f7	64	Felipe Balthazar	M	M40-44	4	4:49:02	0:31:58	0:03:27	2:21:02	0:01:52	1:50:43	Brazil	
e7548e6d-e770-f111-ab0d-0022480b35b6	65	Thomas Pérez Chaves	M	M18-24	5	4:49:47	0:24:09	0:02:54	2:34:55	0:03:22	1:44:28	Colombia	
5c93a239-f4db-4946-8c13-5a2e49782cea	66	Daniel Mejia Garcia	M	M30-34	11	4:50:56	0:30:29	0:04:30	2:36:24	0:02:25	1:37:08	Colombia	
d7e37d55-d680-4f8f-9c8f-2fabaab21cf3	67	Adrian Vasquez Reyes	M	M35-39	11	4:50:57	0:33:52	0:04:20	2:29:13	0:02:36	1:40:56	Mexico	
cfc04eb5-4348-49b5-bf9f-65b99791912f	68	Juan Diego Naranjo Toro	M	M40-44	5	4:51:08	0:33:57	0:04:31	2:27:02	0:03:14	1:42:23	Colombia	
ac643a74-97e7-45ae-a946-b9ece38c835e	69	Luis Felipe Gomez Ruiz	M	M45-49	6	4:51:14	0:36:08	0:04:33	2:25:34	0:03:56	1:41:03	Mexico	
e2e94224-2091-40b2-8aa9-34baf9661be2	70	Ezequiel Rodriguez	M	M50-54	4	4:51:39	0:33:11	0:03:03	2:20:03	0:02:26	1:52:56	Dominican Republic	
45840295-9bee-4f34-82b8-5276373f5350	71	Pablo Sánchez Reque	M	M25-29	7	4:51:42	0:33:12	0:04:16	2:26:55	0:02:35	1:44:44	Spain	
34390256-db11-f011-998a-000d3a35ffc1	72	Gerardo Godínez	M	M30-34	12	4:51:54	0:36:21	0:05:25	2:25:40	0:02:58	1:41:30	Mexico	
9eb5c191-81b2-4c7f-a03b-53571851ba35	73	Jose Cervera flores	M	M45-49	7	4:51:55	0:34:21	0:03:30	2:29:10	0:02:28	1:42:26	Mexico	
b2ff88b4-b9aa-4c02-87aa-8c991d5d4ec0	74	Jean-Baptiste D'Abbadie D'Arrast	M	M35-39	12	4:52:34	0:28:57	0:03:41	2:21:56	0:03:38	1:54:22	France	
dc0f1746-e68a-41ea-8f21-18b23a2ba8ae	75	Guillermo Antonio Mora Chaves	M	M30-34	13	4:52:39	0:29:49	0:03:44	2:28:58	0:02:03	1:48:04	Costa Rica	
a12fecfb-ddf0-4c1d-93dd-9b6ecf4a1795	76	Juan Sebastián Veintimilla Patiño	M	M18-24	6	4:52:52	0:31:00	0:03:44	2:37:35	0:03:23	1:37:09	Colombia	
c3f1442b-05ea-4f36-ab7b-dd45b926ef83	77	Diogo Pina pereira	M	M50-54	5	4:54:38	0:31:04	0:04:12	2:30:15	0:01:51	1:47:15	Portugal	
8bfb9a08-67d4-ef11-8ee9-6045bd018d16	78	Alejandro Cardona	M	M18-24	7	4:54:58	0:28:15	0:02:59	2:29:08	0:02:13	1:52:22	Colombia	
7f9bea04-d76b-f011-bec3-6045bd09951e	79	Alejandro Betanzos	M	M30-34	14	4:55:05	0:30:16	0:04:11	2:33:58	0:02:16	1:44:24	Mexico	
c5e03cd0-e87e-4861-aa9b-356d81d892a8	80	Victor Abraham Cano Rodriguez	M	M35-39	13	4:55:36	0:33:16	0:04:49	2:28:01	0:02:00	1:47:29	Mexico	
e47aaae8-0ec0-42d4-9581-81d3745166d8	81	Nicolas Grundnig	M	M40-44	6	4:56:06	0:31:39	0:03:19	2:30:10	0:02:37	1:48:21	Argentina	
6b4ef57c-4cf9-49bb-b1ec-0e0c384bf0ff	82	Juan Manuel Mendoza Reyes	M	M18-24	8	4:56:07	0:35:42	0:04:11	2:30:43	0:03:30	1:42:01	Mexico	
79ab0e71-0368-f011-bec3-000d3a5b50ba	83	Nicolas Rivas	M	M18-24	9	4:56:12	0:31:19	0:04:00	2:26:43	0:03:08	1:51:03	Mexico	
6dee3d10-146b-f011-bec3-000d3a35ffc1	84	URSULA LEGARIA	F	F35-39	2	4:56:37	0:30:40	0:04:02	2:33:10	0:02:21	1:46:23	Mexico	
5c20677c-9812-44b0-9392-a69d9f6471eb	85	Mario Villafana	M	M55-59	2	4:56:57	0:32:02	0:04:43	2:18:44	0:03:09	1:58:19	Mexico	
68239d80-599e-f011-b41c-000d3a5cf7d8	86	Gonzalo Torres	M	M30-34	15	4:57:36	0:33:03	0:04:06	2:33:49	0:03:15	1:43:25	Mexico	
2c361e87-4611-4231-b1eb-0b10f84d5012	87	Sofia Garcia Rodriguez	F	F30-34	1	4:57:52	0:34:18	0:03:36	2:36:48	0:02:05	1:41:05	Mexico	
c950ad6a-61a1-4fca-8c87-1424b1f1bda2	88	Alejandro Bonilla Rojas	M	M45-49	8	4:57:56	0:29:58	0:04:55	2:27:45	0:05:55	1:49:23	Costa Rica	
845ce8f0-2429-4ed6-85ba-10e5efb539ee	89	Gabriel Rico Goonzalez	M	M50-54	6	4:58:36	0:33:11	0:07:09	2:31:47	0:02:44	1:43:44	Mexico	
7fe3c0e2-88ca-4338-9d6c-c7ef8a6c02b8	90	Oscar baltazar lara solorzano	M	M35-39	14	4:58:52	0:29:05	0:04:03	2:30:21	0:02:22	1:53:02	Mexico	
f3dc267d-b57e-4c43-8dd7-ef0c55a6e749	91	Alejandro Valdes	M	M35-39	15	4:58:57	0:33:19	0:04:20	2:33:06	0:02:54	1:45:18	Mexico	
f9cf6870-53f2-4e0f-8320-0276ce521a4a	92	Alonso Pineda Courtney	M	M35-39	16	4:59:23	0:25:38	0:04:30	2:31:53	0:03:39	1:53:43	Mexico	
f9818cdc-37fb-f011-8406-6045bd06566a	93	Luis Diego Ortega Araya	M	M30-34	16	4:59:24	0:26:54	0:04:12	2:35:14	0:02:59	1:50:05	Costa Rica	
02d3dd2f-6c01-4561-9ebb-70044502b2ee	94	Federico Pardo	M	M50-54	7	5:00:03	0:33:38	0:05:31	2:36:40	0:04:26	1:39:47	Colombia	
99af7c23-6885-4459-90cc-b51141817ca3	95	Natalia Martínez Mendivil	F	F25-29	1	5:00:13	0:33:20	0:03:57	2:41:38	0:01:51	1:39:27	Mexico	
50ffed2f-ba6b-f011-bec3-000d3a35ffc1	96	Javier Mombiela	M	M25-29	8	5:00:15	0:32:03	0:04:22	2:26:27	0:02:51	1:54:33	Guatemala	
612176ab-46ee-48ec-b7bb-9aeea02887c9	97	Carolina Castillo Monroy	F	F30-34	2	5:00:18	0:27:50	0:03:00	2:38:59	0:02:08	1:48:22	Mexico	
6bc9d66a-4134-4a80-9597-846518f630d8	98	Ricardo Alberto Azcorra Quijano	M	M35-39	17	5:00:27	0:30:49	0:03:12	2:35:31	0:02:43	1:48:12	Mexico	
ce5cdc0e-c15e-f011-bec2-0022480a7385	99	Juan Pablo Antillon	M	M25-29	9	5:00:34	0:34:49	0:04:25	2:41:56	0:02:40	1:36:44	Mexico	
cb201bc2-4e73-f011-bec2-000d3a5cf7d8	100	Marco Ismael Mojica Caldelas	M	M18-24	10	5:00:45	0:37:16	0:03:32	2:36:43	0:01:36	1:41:39	Mexico	
ae15fbc2-479e-4f9a-9485-15587b3cfe0d	101	Kate Weaver	F	F40-44	2	5:01:01	0:30:48	0:03:52	2:33:29	0:03:06	1:49:46	United States	
1b6b2c18-fc7f-ed11-81ad-000d3a31440b	102	Jose Pimentel	M	M35-39	18	5:01:01	0:30:58	0:04:41	2:29:15	0:02:47	1:53:21	Panama	
4b3c186f-ce53-41f2-9cb8-545c01bcd296	103	Eduardo Giovanni De La Torre Vilchis	M	M30-34	17	5:01:24	0:35:37	0:04:43	2:29:48	0:02:24	1:48:52	Mexico	
117310cf-16f6-ee11-a1fe-000d3a314ae2	104	Mario Eduardo García Juárez	M	M35-39	19	5:02:23	0:36:55	0:03:22	2:34:20	0:03:17	1:44:28	Mexico	
b5bd05d1-32e6-4b9f-bb44-9d12bcb9d50b	105	Jose Francisco Landaverde Flores	M	M50-54	8	5:03:02	0:34:53	0:04:43	2:34:17	0:02:51	1:46:18	Mexico	
867ef9c4-a53b-45dc-ad2d-63a11f153330	106	Juan Octavio Moreno Mateos	M	M35-39	20	5:03:30	0:34:05	0:03:43	2:35:14	0:02:41	1:47:47	Mexico	
85e565a4-a6e0-f011-8544-000d3a35ffc1	107	João Paulo Ozório da Silva	M	M35-39	21	5:03:46	0:38:21	0:03:38	2:32:15	0:03:45	1:45:47	Brazil	
1d5c37f3-8193-476e-9ec8-322ab91c1753	108	Santiago Ruiz	M	M25-29	10	5:03:51	0:37:04	0:05:11	2:24:40	0:02:34	1:54:21	Colombia	
479b4f64-2bfa-f011-8406-6045bd06566a	109	Juan Carlos Utrilla Toledo	M	M18-24	11	5:04:17	0:35:38	0:03:23	2:37:24	0:01:34	1:46:17	Mexico	
30d36bd4-a699-4de7-983e-fcb5238eb943	110	Tomas Castillo	M	M35-39	22	5:04:21	0:33:45	0:03:13	2:26:47	0:03:05	1:57:31	Costa Rica	
087b79f5-a90e-4a5b-8943-df4ce618b833	111	Alan Valderrabano	M	M35-39	23	5:04:46	0:32:56	0:04:49	2:36:47	0:03:08	1:47:05	Mexico	
edae2115-c716-4a31-9e84-20edbebbe481	112	Cuspinera Limon Gustavo	M	M35-39	24	5:05:02	0:37:43	0:03:52	2:34:48	0:02:18	1:46:21	Mexico	
d87551f6-302d-f111-88b3-6045bd01b0df	113	humberto astudillo	M	M30-34	18	5:05:02	0:41:07	0:05:34	2:44:52	0:02:24	1:31:05	Mexico	
5156b852-5569-f111-ab0b-7c1e528d5074	114	Sander Dunnewijk	M	M25-29	11	5:05:12	0:33:05	0:04:00	2:30:52	0:02:55	1:54:20	Netherlands	
955b45f9-bd0b-f111-8406-0022480994c2	115	Andre Chavez	M	M25-29	12	5:05:36	0:27:39	0:03:47	2:33:45	0:01:32	1:58:54	Mexico	
579d83e4-55ac-ef11-b8e8-6045bd088264	116	Felipe Davalos	M	M18-24	12	5:05:38	0:28:15	0:03:10	2:38:50	0:01:39	1:53:45	Ecuador	
be5cb091-b180-4a87-afbb-4161a9a52537	117	Santiago Chávez Suastes	M	M25-29	13	5:05:39	0:25:35	0:03:08	2:29:25	0:02:27	2:05:05	Mexico	
7e3a20e8-d32d-4f60-9a45-2f2e4281e633	118	Tatiana Valerio	F	F45-49	1	5:06:15	0:33:56	0:06:13	2:47:57	0:04:26	1:33:43	Brazil	
97b3f4e0-45a5-f011-bbd3-002248098cfa	119	Javier Fernandez Vargas	M	M25-29	14	5:06:47	0:30:08	0:04:25	2:33:50	0:02:46	1:55:38	Mexico	
23dcc84c-6b3e-f111-88b4-0022480b35b6	120	Ana paula Hernandez	F	F18-24	3	5:06:57	0:33:44	0:03:46	2:44:06	0:01:58	1:43:25	Mexico	
3fad3d8a-32a9-f011-bbd3-000d3a5b50ba	121	Alonso Esquivel	M	M18-24	13	5:06:58	0:32:15	0:04:03	2:38:05	0:01:43	1:50:52	Mexico	
741b6771-2bd5-ef11-8eea-6045bd048089	122	SEBASTIAN GUTIERREZ	M	M30-34	19	5:07:07	0:43:24	0:04:15	2:06:53	0:02:47	2:09:49	Colombia	
66dc8574-ac8d-4110-92ea-4ca4c07fafc2	123	Augusto Garcia	M	M45-49	9	5:07:10	0:36:28	0:05:54	2:30:05	0:03:22	1:51:21	Venezuela	
f8367998-d4a2-4fcf-ac34-02e717a86cea	124	Marcel Nauer	M	M55-59	3	5:07:17	0:35:31	0:04:46	2:28:37	0:03:01	1:55:21	Switzerland	
c0fb90f1-95db-4060-b4c7-466533ec7c05	125	John Narvaez	M	M40-44	7	5:07:30	0:33:08	0:04:07	2:39:28	0:03:12	1:47:37	Colombia	
e1839f2e-9a1e-4c0d-85b8-6a7baa205165	126	Jorge Francisco Villalpando Castro	M	M35-39	25	5:08:07	0:30:14	0:04:27	2:30:41	0:02:20	2:00:26	Mexico	
27264d26-28ce-f011-bbd3-6045bd05fcc1	127	Carlos Emmanuel Nava Granados	M	M30-34	20	5:08:07	0:31:29	0:04:04	2:39:16	0:02:34	1:50:44	Mexico	
0cd6b73d-407f-ef11-ac21-000d3a338a3c	128	Angel Juárez	M	M18-24	14	5:08:38	0:27:57	0:04:30	2:23:03	0:02:56	2:10:11	Mexico	
f87e0dd2-50fd-f011-8406-0022480b35b6	129	Ricardo Castillo Rojo	M	M18-24	15	5:08:47	0:37:03	0:04:27	2:33:40	0:02:34	1:51:04	Mexico	
6478d848-1d60-f011-bec3-000d3a5b50ba	130	Mariano Attolini Gay	M	M25-29	15	5:09:16	0:31:25	0:05:22	2:37:46	0:02:34	1:52:09	Mexico	
bcb5a9a3-f732-465e-8a71-1f291bca3936	131	Cristian Fernandez	M	M35-39	26	5:09:24	0:27:43	0:03:44	2:42:13	0:03:18	1:52:27	Argentina	
d4be6155-b3a3-f011-bbd3-000d3a5cf7d8	132	Hugo Lazarus	M	M30-34	21	5:09:45	0:32:37	0:04:09	2:42:03	0:02:00	1:48:57	Costa Rica	
054f202b-e7a4-4adc-9166-09bcbba244a5	133	Andrea Tatiana Avila Caro	F	F35-39	3	5:10:10	0:28:54	0:03:49	2:42:07	0:02:35	1:52:46	Colombia	
5cc992f9-74c1-4aeb-9a15-2c9a53fb349e	134	kevin ellingford	M	M55-59	4	5:10:50	0:34:10	0:03:55	2:28:13	0:01:59	2:02:33	United States	
3d1bd28c-a17e-451b-a1d0-9c6d0c2d3389	135	Andre Gomez	M	M35-39	27	5:11:02	0:32:31	0:04:13	2:28:07	0:02:43	2:03:27	Costa Rica	
f0caf21b-e257-4935-9cb0-be17bd6232da	136	Melissa Cabodevila	F	F40-44	3	5:11:15	0:38:04	0:03:50	2:38:59	0:02:09	1:48:13	Mexico	
5a2bc3cf-4525-f011-8c4e-0022480a7385	137	Maria del mar Anitua	F	F40-44	4	5:11:16	0:36:22	0:03:21	2:43:15	0:01:55	1:46:23	Mexico	
ca84590e-47da-4e5b-9b24-3aeaf74edc61	138	Daniel Delgado Villalta	M	M40-44	8	5:11:16	0:32:56	0:04:43	2:32:18	0:03:36	1:57:44	Costa Rica	
37da97c0-8027-4e83-b5e3-147d75a0b450	139	Kai McCullagh	M	M25-29	16	5:11:17	0:32:35	0:04:59	2:40:50	0:03:12	1:49:41	Australia	
815402a5-8aff-f011-8406-0022480994c2	140	Gabriel Alfaro Garro	M	M25-29	17	5:11:19	0:33:33	0:04:24	2:41:20	0:03:30	1:48:32	Costa Rica	
e2deae73-386b-f111-ab0b-70a8a5ae429b	141	PAOLA JUDITH ZARATE LEON	F	F18-24	4	5:11:23	0:27:01	0:03:52	2:43:32	0:02:13	1:54:46	Mexico	
3d01aa3b-9eca-437c-80be-1a7b4feca65b	142	Emiliano Salazar	M	M18-24	16	5:11:39	0:31:41	0:06:29	2:44:57	0:03:37	1:44:54	Mexico	
b211d261-20ff-f011-8406-0022480b88da	143	LUIS ALBERTO ALANIZ BERUMEN	M	M30-34	22	5:11:47	0:37:05	0:05:43	2:37:14	0:03:58	1:47:46	Mexico	
e533f05a-2970-f111-ab0d-0022480994c2	144	Rodrigo Raúl Manzo Guzmán	M	M35-39	28	5:12:07	0:34:37	0:03:40	2:32:38	0:05:03	1:56:09	Mexico	
c7b5bf60-3409-f111-8406-002248046ec8	145	Alfredo Guerrero Rojas	M	M50-54	9	5:12:16	0:36:03	0:04:31	2:41:53	0:02:59	1:46:50	Mexico	
3b99e1b7-86ac-f111-aaac-70a8a59af2e9	146	Alexander del Jesús González Zavala	M	M30-34	23	5:12:17	0:29:16	0:02:49	2:47:47	0:03:22	1:49:04	Mexico	
ca13a8d9-326f-f011-bec2-000d3a5b7c3b	147	Diego Alvarez Ugena Arce	M	M30-34	24	5:12:35	0:39:53	0:05:54	2:33:39	0:02:32	1:50:37	Mexico	
5c0bb6b5-b08c-41cf-99ac-5b13c1577990	148	Marcelo Lobo	M	M25-29	18	5:12:57	0:35:33	0:05:12	2:45:00	0:03:07	1:44:05	Mexico	
ec659294-d1a4-41c4-a55a-86197584e8f6	149	Rachel Faulds	F	FPRO	6	5:13:31	0:30:33	0:02:02	2:40:59	0:02:41	1:57:15	Canada	
891c4912-f22a-f011-8c4d-000d3a5b7c3b	150	Samuel Monroy	M	M18-24	17	5:13:35	0:31:44	0:03:21	2:39:12	0:02:51	1:56:27	Mexico	
5aceeea9-a98a-441a-8643-dbd387987b8a	151	Marco Antonio Lavareda Santana	M	M45-49	10	5:13:44	0:34:47	0:04:27	2:33:53	0:02:39	1:57:58	Mexico	
6e29d9d3-988a-ef11-ac21-002248049fdc	152	Nicolas Jassan	M	M18-24	18	5:13:58	0:32:41	0:04:48	2:38:49	0:03:24	1:54:15	Mexico	
c08f1b94-303b-f111-88b3-0022480a5755	153	Sergio Raygada	M	M35-39	29	5:14:01	0:36:15	0:03:04	2:31:33	0:03:00	2:00:09	United States	
12ba5d31-dbbd-4a35-8855-b0942dcbf272	154	Franciele Henkes	F	F35-39	4	5:14:01	0:35:30	0:03:41	2:43:18	0:02:20	1:49:11	Brazil	
64f68b6a-a142-f111-88b4-0022480b88da	155	Andre Simsch	M	M18-24	19	5:14:06	0:29:13	0:05:10	2:40:40	0:03:13	1:55:50	Mexico	
8b8e98d1-1c64-453e-9f65-47a658cc7cde	156	Florencio Gabriel Cardenas Yam	M	M45-49	11	5:14:09	0:38:25	0:04:16	2:27:28	0:04:50	1:59:10	Mexico	
475354da-89ef-48ad-8f09-5fc8df8c9617	157	Aranza Marquez	F	F18-24	5	5:14:17	0:29:29	0:03:41	2:43:13	0:02:33	1:55:21	Mexico	
8975fe1d-9fe9-4c12-b423-6f37065b34bc	158	Mauricio Cedillo Hernández	M	M35-39	30	5:14:20	0:44:01	0:03:49	2:29:41	0:02:54	1:53:55	Mexico	
094a8f01-b6fe-49ca-a325-276df771c653	159	Valeria Zamora	F	F30-34	3	5:14:44	0:32:16	0:04:30	2:37:15	0:02:25	1:58:19	Costa Rica	
279e83de-cfc1-f011-bbd2-000d3a5b7c3b	160	Abram Arenas Sanchez	M	M40-44	9	5:14:48	0:32:01	0:05:10	2:46:03	0:02:31	1:49:03	Mexico	
30d196bf-d0fb-f011-8406-6045bd01ea76	161	Jair Córdova Báez	M	M30-34	25	5:14:55	0:33:38	0:04:08	2:40:09	0:02:51	1:54:09	Mexico	
70756fbb-294e-4a4c-8b2d-5dc949812492	162	Daud Carrillo	M	M50-54	10	5:15:23	0:34:57	0:03:57	2:49:06	0:02:33	1:44:50	Mexico	
356b83cc-e5a3-4594-8d27-98e3a2290fa4	163	Hiram Valdez	M	M40-44	10	5:15:33	0:36:39	0:04:35	2:32:27	0:04:23	1:57:30	Mozambique	
41cee926-a45f-f111-a826-0022480b3ee9	164	Alejandro Padilla	M	M65-69	1	5:15:36	0:28:19	0:04:39	2:39:50	0:02:43	2:00:05	Guatemala	
cd132b1c-7d55-f111-bec6-0022480b88da	165	Jose Valdes	M	M25-29	19	5:15:47	0:38:30	0:05:19	2:43:47	0:04:45	1:43:25	Mexico	
782b59b6-10f3-ef11-9341-00224808baeb	166	Raul Andres Hernandez	M	M18-24	20	5:15:50	0:35:17	0:02:55	2:43:20	0:02:22	1:51:56	Mexico	
c5ee3357-2e1b-4a04-b469-e4c8a5de5bee	167	Ilse Munguia	F	F40-44	5	5:16:15	0:35:02	0:05:00	2:47:12	0:02:29	1:46:32	Mexico	
de02b3c0-28ee-ef11-9342-000d3a5a1803	168	Xavier Leal	M	M18-24	21	5:16:15	0:31:15	0:02:28	2:26:39	0:02:02	2:13:51	Mexico	
9c9deca3-9d26-41c7-b2f1-3ad714b1b484	169	Raúl Ortega Ahedo	M	M25-29	20	5:16:21	0:32:24	0:05:41	2:43:53	0:03:24	1:50:59	Mexico	
c9546cdb-2f9d-4097-934a-11e9a179cade	170	Robin Grodziski	M	M25-29	21	5:16:26	0:38:58	0:05:53	2:36:25	0:06:12	1:48:58	France	
1479e245-a0bd-ed11-83ff-000d3a314d17	171	leandro anzaldo	M	M50-54	11	5:16:35	0:39:35	0:03:13	2:45:00	0:02:57	1:45:50	Argentina	
f8ae1c1c-751d-4ffa-8b86-d5df3ba3dabe	172	Antonio Carmona Madrazo	M	M35-39	31	5:17:06	0:35:04	0:05:05	2:32:48	0:03:09	2:00:59	Mexico	
2564fe95-18fd-f011-8406-6045bd06566a	173	Juan Garaventa	M	M35-39	32	5:17:10	0:29:42	0:03:41	2:41:47	0:02:54	1:59:06	Argentina	
c9beca09-1a90-f011-b4cc-000d3a5b50ba	174	Luz Staropoli	F	F25-29	2	5:17:15	0:32:13	0:04:08	2:45:20	0:02:47	1:52:46	Argentina	
373b49b4-e4ed-f011-8407-0022480c370f	175	Patricio Paxson	M	M18-24	22	5:17:25	0:42:59	0:03:08	2:36:14	0:02:38	1:52:26	Mexico	
f0aa8f37-9a65-f011-bec3-6045bd09951e	176	Enrico Trevisani Cadore	M	M35-39	33	5:18:00	0:34:23	0:04:06	2:33:56	0:02:19	2:03:16	Brazil	
a91ec6c1-0636-44c0-ade0-6fb0efdf4d81	177	Doniceth Escoffie	M	M40-44	11	5:18:16	0:35:14	0:05:25	2:34:43	0:04:14	1:58:40	United States	
081faec7-56a3-f011-bbd3-000d3a35ffc1	178	Matilde Cunha Vaz Freitas	F	F30-34	4	5:18:20	0:32:57	0:04:25	2:47:23	0:01:53	1:51:42	Portugal	
c19cefa7-e8fa-f011-8406-6045bd06566a	179	Ángel Gabriel López Pinzón	M	M25-29	22	5:18:37	0:31:51	0:05:23	2:41:37	0:03:20	1:56:27	Mexico	
6d97c4aa-5c0b-4c91-9593-d02f72bbf608	180	corey O'Connell	M	M40-44	12	5:18:51	0:40:13	0:04:52	2:35:20	0:03:08	1:55:18	United States	
7c78ed42-202e-47e8-bdb5-6bc5226b7882	181	Jorge Lira Quirarte	M	M40-44	13	5:19:16	0:35:44	0:04:50	2:40:06	0:04:30	1:54:06	Mexico	
9aac63eb-a192-f111-8076-70a8a5ae4d85	182	Ramses Flores	M	M30-34	26	5:19:19	0:27:54	0:05:12	2:49:35	0:04:36	1:52:03	Mexico	
282f0e08-2983-4f58-ab78-da3e8bca26d1	183	Sergio Cano Rodriguez	M	M40-44	14	5:19:25	0:37:36	0:05:29	2:37:36	0:02:59	1:55:45	Mexico	
17576068-419d-ee11-be37-000d3a31406e	184	thelma thelma de la garza	F	F30-34	5	5:19:34	0:30:47	0:03:24	2:43:37	0:01:47	1:59:59	Mexico	
36ad9f27-7c8a-4209-9fe5-fd08bb0d01df	185	Carlos Pellico	M	M18-24	23	5:19:43	0:33:47	0:04:32	2:39:25	0:02:39	1:59:20	Mexico	
12fdbdfb-7d2d-4708-8ce4-a3cdafe9bb60	186	Leslie Zavala	F	F45-49	2	5:20:07	0:36:10	0:05:11	2:37:21	0:03:07	1:58:18	Mexico	
93545227-1ab2-45e8-b30d-6b231107f77d	187	Rodrigo Medina Chacon	M	M50-54	12	5:20:10	0:38:50	0:04:11	2:38:40	0:01:49	1:56:40	Mexico	
31731ca6-a70b-f111-8406-0022480994c2	188	Jose Luis Sanchez	M	M25-29	23	5:20:13	0:33:28	0:04:15	2:44:22	0:03:58	1:54:09	Mexico	
2f3a0bda-e351-4ec1-bb02-0065e24da9b6	189	Jose Fernando Martinez Giorgi	M	M30-34	27	5:20:52	0:31:45	0:07:20	2:44:37	0:02:56	1:54:14	Mexico	
44dd16e9-8e67-f111-a826-0022480b84a3	190	Raul Fuentes	M	M18-24	24	5:21:03	0:30:01	0:03:36	2:41:03	0:02:31	2:03:51	Mexico	
a1679e49-c8a4-f011-bbd3-0022480a7385	191	Jesus Garcia	M	M18-24	25	5:21:21	0:32:26	0:03:57	2:49:12	0:01:58	1:53:49	Mexico	
62967206-29ef-4cf7-974a-1ee7f45dc3dc	192	Fernando Perez Lizardi	M	M40-44	15	5:21:23	0:30:43	0:06:41	2:36:43	0:03:48	2:03:30	Mexico	
0694b581-cbb8-48fe-bf7c-0214568fc9d5	193	Carlos Saldana	M	M45-49	12	5:21:27	0:35:00	0:06:58	2:46:16	0:06:46	1:46:27	Mexico	
8c49f8ad-41c9-ef11-b8e8-6045bd088264	194	Omar Iniguez	M	M25-29	24	5:21:35	0:35:29	0:04:08	2:30:33	0:02:53	2:08:32	Mexico	
2b15d574-f70d-f111-8406-6045bd08b1a2	195	ELIMAR BARRIOS	F	F30-34	6	5:21:44	0:26:11	0:04:00	2:51:32	0:02:44	1:57:17	Venezuela	
994cd3cf-342f-ef11-840b-00224809fd7c	196	Manuel Núñez Hernández	M	M30-34	28	5:21:58	0:26:36	0:03:53	2:43:00	0:01:48	2:06:40	Mexico	
5b62af6b-2cd2-ef11-8eea-000d3a3126fd	197	Eduardo Otero	M	M18-24	26	5:22:09	0:33:01	0:04:16	2:32:11	0:02:13	2:10:28	Mexico	
0bec98f7-e5b3-ef11-b8e8-000d3a5a403c	198	Jaime Buelvas	M	M35-39	34	5:22:12	0:47:05	0:03:17	2:36:43	0:03:48	1:51:19	Colombia	
356d4691-5a3b-f011-b4cc-000d3a5cf7d8	199	Daniela Juliana Salud Ramos	F	F25-29	3	5:22:12	0:28:18	0:03:03	2:47:57	0:02:57	1:59:58	Mexico	
11ac4148-e36f-454e-a927-ce94c9e44d72	200	Alejandro Medina Soberanes	M	M35-39	35	5:22:15	0:30:06	0:05:50	2:47:51	0:05:02	1:53:25	Mexico	
f0a22f5a-1990-f011-b4cc-000d3a5b50ba	201	Giorgio Elioenai Carrillo Rodriguez	F	M25-29	25	5:22:22	0:35:29	0:04:36	2:40:10	0:03:21	1:58:46	Mexico	
3782e0fb-cf80-ef11-ac21-000d3a30152c	202	Jack Devine	M	M25-29	26	5:22:25	0:31:28	0:05:20	2:33:18	0:02:27	2:09:52	Canada	
0e98a1cb-018e-4b0f-ab48-64073a6623ff	203	Arturo Martinez-Castellanos	M	M35-39	36	5:23:01	0:35:52	0:04:14	2:36:20	0:02:34	2:04:01	United States	
762c0443-8250-46af-bfaf-5fc9ae80093f	204	Agustin Gallardo Guzman	M	M55-59	5	5:23:21	0:36:07	0:05:35	2:41:45	0:04:10	1:55:44	Mexico	
f9f16366-dc8c-ef11-ac21-000d3a30152c	205	Alvaro Roldan	M	M18-24	27	5:23:30	0:32:51	0:06:41	2:40:43	0:03:35	1:59:41	Mexico	
744d6b8f-727d-f011-b4cc-000d3a3173b5	206	Diana Manrique	F	F35-39	5	5:23:58	0:32:03	0:04:16	2:46:57	0:03:19	1:57:22	Mexico	
cd2314bb-0ffb-f011-8406-002248046451	207	Jessica Itzel Lopez Reséndiz	F	F35-39	6	5:24:28	0:35:38	0:04:51	2:40:54	0:03:18	1:59:48	Mexico	
5bb7c47b-fb3c-4cdb-9f37-a00de6aa2a48	208	Cesar Caro Nova	M	M40-44	16	5:24:52	0:45:00	0:05:10	2:42:11	0:03:31	1:48:59	Colombia	
590e462b-801c-f111-8341-6045bd06566a	209	Geovanny Murillo González	M	M30-34	29	5:24:52	0:35:21	0:05:28	2:50:32	0:03:56	1:49:35	Costa Rica	
17ef26f8-ecae-403b-8ed6-475042e202de	210	Aramis Abrami	M	M55-59	6	5:24:53	0:30:58	0:03:43	2:34:21	0:02:00	2:13:51	Italy	
8a996dd6-6e9e-f011-b41c-002248098cfa	211	Pedro Cortés García Luna	M	M18-24	28	5:25:05	0:37:48	0:04:17	2:45:33	0:03:33	1:53:53	Mexico	
9f51f1f6-6ef8-4566-918a-4aeb713faac8	212	Ricardo Marin	M	M30-34	30	5:25:09	0:31:53	0:05:26	2:30:57	0:02:25	2:14:27	Mexico	
efeb9401-a5f8-f011-8406-6045bd0045e5	213	Elias Gonzalez	M	M18-24	29	5:25:11	0:32:19	0:03:57	2:46:05	0:02:52	1:59:59	Mexico	
20ce1559-22c0-f011-bbd3-000d3a35ffc1	214	Jonathan Osornio	M	M35-39	37	5:25:21	0:34:47	0:04:40	2:40:38	0:03:50	2:01:24	Mexico	
69601269-062e-4bb1-a88c-a08d723ed8fc	215	Carlos Manuel Olivos Cruz	M	M35-39	38	5:25:30	0:40:22	0:04:06	2:32:05	0:04:05	2:04:52	Mexico	
7bef8dea-cb49-ed11-bba2-000d3a313a12	216	Alejandro Cumming	M	M40-44	17	5:25:43	0:38:48	0:06:03	2:36:40	0:02:29	2:01:42	Mexico	
fa179922-858f-f111-8076-70a8a5af2bd0	217	Jose Ricardo Guzman Hernandez	M	M18-24	30	5:25:48	0:31:01	0:04:19	2:49:58	0:03:27	1:57:02	Mexico	
9204fec1-f10a-f111-8406-002248046ec8	218	Diego Martinez	M	M18-24	31	5:25:52	0:39:14	0:03:34	2:52:20	0:02:15	1:48:29	Mexico	
eb4d6bdb-a895-ef11-8a6a-000d3a3126fd	219	Tania Sánchez	F	F18-24	6	5:26:20	0:38:10	0:05:10	2:39:33	0:04:39	1:58:47	Mexico	
488c7910-77d8-f011-8544-000d3a5cf7d8	220	Valeria Bolanos	F	F18-24	7	5:26:23	0:29:19	0:04:24	2:54:04	0:02:54	1:55:42	Guatemala	
19a52327-842a-436c-a426-fe5ee4e14e7e	221	Ivonne De la Barrera Jimenez	F	F45-49	3	5:26:23	0:31:30	0:04:56	2:46:47	0:03:22	1:59:48	Mexico	
f81b3263-ac23-f111-8341-0022480b84a3	222	Carter White	M	M25-29	27	5:26:34	0:29:27	0:04:13	2:46:31	0:02:46	2:03:37	United States	
237d5459-0b0e-f111-8406-002248046451	223	ANGEL JEANTON	M	M40-44	18	5:26:43	0:30:59	0:04:01	2:40:17	0:02:54	2:08:32	Venezuela	
81029130-ab35-ef11-8409-6045bd0953ac	224	Emiliano Herrera	M	M25-29	28	5:26:53	0:42:29	0:04:42	2:43:10	0:03:26	1:53:07	Mexico	
e6bd98e0-0f6c-f011-bec3-6045bd09951e	225	Julián Luna Plascencia	M	M30-34	31	5:26:53	0:37:18	0:05:54	2:54:05	0:05:07	1:44:29	Mexico	
786edb54-3285-4fba-9b56-8003264b8109	226	Jose Maria Pinto	M	M18-24	32	5:27:19	0:31:46	0:03:35	2:41:11	0:01:58	2:08:50	Ecuador	
3bb312dd-6f66-ed11-9562-000d3a31458d	227	Leandro Alves	M	M40-44	19	5:27:19	0:41:13	0:05:50	2:41:37	0:03:30	1:55:11	Brazil	
80e3beea-d8af-4547-806b-318261064cbd	228	Leonardo Ortiz	M	M18-24	33	5:27:28	0:33:57	0:05:52	2:40:11	0:03:57	2:03:31	Mexico	
8aba7fe2-e4b3-42ad-827c-22b834a758bb	229	Marcela Alvarez	M	F50-54	1	5:27:30	0:31:41	0:04:05	2:40:31	0:01:46	2:09:28	Mexico	
fedb3a91-4679-ef11-a670-000d3a5a1803	230	Francisco Javier Vazquez Ovando	M	M55-59	7	5:27:31	0:34:55	0:04:11	2:33:09	0:03:13	2:12:03	Mexico	
262f7731-e61e-f011-9989-6045bd09951e	231	Emilio Lozano Solana	M	M18-24	34	5:27:32	0:33:30	0:04:45	2:50:07	0:03:21	1:55:48	Mexico	
a4ba97fd-f0d0-ef11-8ee9-000d3a5a403c	232	Daniela Garduño	F	F25-29	4	5:27:34	0:28:57	0:03:49	2:44:36	0:02:45	2:07:25	Mexico	
3abfeb0f-dca5-ef11-8a6a-000d3a59a9a1	233	Florencia Maria Gigena	F	F40-44	6	5:27:34	0:32:21	0:04:24	2:52:49	0:04:03	1:53:57	Argentina	
06afc1d0-2fb3-4b65-be54-817f15f86731	234	Richard Allgire	M	M55-59	8	5:27:42	0:34:07	0:06:18	2:42:26	0:03:06	2:01:45	Mexico	
d2183868-f7ad-f011-bbd3-000d3a5b50ba	235	Marco Olvera	M	M45-49	13	5:27:44	0:34:25	0:03:46	2:44:15	0:03:42	2:01:35	Mexico	
e57847b7-b045-e511-9409-005056951bf1	236	Harry Bijl	M	M40-44	20	5:27:49	0:39:51	0:05:38	2:30:34	0:03:10	2:08:36	Costa Rica	
42ee51cc-b9f0-45b8-971c-b3fcbe1eba72	237	Alonso Avila	M	M30-34	32	5:28:00	0:35:13	0:04:42	2:40:47	0:02:03	2:05:14	Mexico	
0c19e7d6-330a-f111-8406-002248046ec8	238	Victor Beltran Corona	M	M25-29	29	5:28:00	0:28:21	0:03:57	2:49:57	0:05:31	2:00:15	Mexico	
efd4bc79-d50c-f111-8406-002248046451	239	Mary Alexandrou	F	F30-34	7	5:28:09	0:33:28	0:05:14	2:55:20	0:04:16	1:49:51	Canada	
c47e0b99-3369-f111-a826-002248046ec8	240	Carlos Manuel Talamantes Ollivier	M	M35-39	39	5:28:12	0:41:54	0:04:32	2:42:40	0:03:14	1:55:51	Mexico	
2722d468-116b-4aa1-973b-f63b0fae78a4	241	Karlo Mendoza	M	M35-39	40	5:28:14	0:29:59	0:04:47	2:38:39	0:03:07	2:11:43	Mexico	
275ae736-8d9d-48e7-a0af-0a767d4e900e	242	Fernando Ortiz Barba	M	M25-29	30	5:28:25	0:36:25	0:05:27	2:45:56	0:02:53	1:57:44	Mexico	
13066af3-724b-f111-bec5-0022480b35b6	243	Cesar Douchet	M	M25-29	31	5:28:29	0:31:31	0:06:25	2:55:59	0:05:06	1:49:29	United States	
4d67ea08-588c-417d-a0ad-3c8175fcfe1b	244	Susanne Carpenter	F	F50-54	2	5:28:46	0:38:57	0:05:06	2:38:01	0:04:24	2:02:17	United States	
b67f4732-f848-4ddb-8a89-c266305adfcc	245	Luis Daniel Ramos Montes	M	M30-34	33	5:28:47	0:36:50	0:05:12	2:37:52	0:04:33	2:04:20	Mexico	
6d77d784-4a46-f111-bec5-0022480b35b6	246	Jose Pablo zuloaga	M	M18-24	35	5:28:54	0:32:39	0:08:09	2:47:04	0:04:37	1:56:26	Mexico	
9e48e2ce-aa8f-4c6c-b6fb-4535f0f42750	247	Mauricio Palma	M	M40-44	21	5:28:59	0:43:18	0:03:48	2:42:35	0:03:34	1:55:45	Mexico	
d2a2eda4-8b75-4795-94cf-f891a00f85c6	248	Eduardo Costa	M	M35-39	41	5:29:07	0:30:04	0:04:51	2:45:29	0:04:50	2:03:53	Brazil	
9b48f8d9-86e2-f011-8543-6045bd05fcc1	249	DANIEL MORALES	M	M30-34	34	5:29:23	0:36:09	0:06:29	2:43:22	0:03:44	1:59:39	Mexico	
0add6731-5703-4c33-ba3a-8d42e6065a33	250	Pablo Pages	M	M45-49	14	5:29:34	0:30:52	0:04:57	2:39:31	0:02:55	2:11:18	Mexico	
1bb6d1e7-f9a2-415a-9aa4-16fc54951849	251	Adriana Cano Rodriguez	F	F25-29	5	5:30:02	0:37:49	0:04:17	2:54:48	0:02:12	1:50:56	Mexico	
383700a5-93a2-ee11-be37-0022480acaa6	252	Thijs Sonneveld	M	M40-44	22	5:30:12	0:42:00	0:04:52	2:37:41	0:03:26	2:02:13	Curaçao	
df03208c-519e-481f-9794-afda2e6dc62f	253	Luis Bonilla	M	M55-59	9	5:30:41	0:35:53	0:04:20	2:38:51	0:03:42	2:07:54	Mexico	
f618c72b-0375-4394-9b12-6e14744c2cb2	254	Miguel Angel Sandoval Gomez	M	M40-44	23	5:31:11	0:35:59	0:04:57	2:48:23	0:01:49	2:00:04	Mexico	
7d9270e2-a1e3-445f-9543-2ec9189b0735	255	Pablo Gorozpe	M	M55-59	10	5:31:20	0:34:16	0:03:19	2:37:13	0:02:32	2:14:00	Mexico	
930ec0fa-268c-f111-ab0f-000d3a318ccc	256	Carlos Emiliano Ortiz Luna	M	M18-24	36	5:31:25	0:45:39	0:05:50	2:48:19	0:02:38	1:48:59	Mexico	
c0794126-23dc-ef11-8ee9-000d3a592251	257	SEBASTIAN GRADILLA JIMENEZ	M	M18-24	37	5:31:27	0:36:25	0:05:07	2:46:50	0:03:57	1:59:08	Mexico	
e9765402-81db-f011-8544-000d3a5cf7d8	258	Luis Báez.	M	M30-34	35	5:31:30	0:35:50	0:05:33	2:45:02	0:03:27	2:01:38	Mexico	
9675a007-98b2-f011-bbd3-000d3a35ffc1	259	Bruno Terrazas	M	M35-39	42	5:31:33	0:38:18	0:04:28	2:34:54	0:02:24	2:11:29	Mexico	
34045e85-ca22-f111-8341-002248046ec8	260	JONATHAN EMMANUEL DIAZ DE LA TORRE	M	M35-39	43	5:31:33	0:48:42	0:06:27	2:37:13	0:06:19	1:52:53	Mexico	
fac26a1d-d1fc-f011-8406-0022480a5755	261	Mateo Alfaro	M	M18-24	38	5:31:35	0:32:22	0:05:22	2:49:31	0:08:53	1:55:26	Panama	
399f7861-b0e9-497a-a553-caa5ff88276c	262	Cinthia Macedo	F	F45-49	4	5:31:40	0:42:26	0:03:55	2:48:22	0:03:21	1:53:36	Mexico	
769babf0-f8fb-f011-8406-0022480994c2	263	Nicolas Fonseca	M	M25-29	32	5:31:41	0:40:14	0:06:14	2:43:42	0:04:04	1:57:27	Mexico	
6398877e-7a2f-f111-88b3-6045bd06566a	264	Tamsyn Ryan	F	F30-34	8	5:31:46	0:31:56	0:07:33	2:52:40	0:05:06	1:54:30	United Kingdom	
78783961-f167-f011-bec3-6045bd09951e	265	Rodrigo Ríos	M	M30-34	36	5:31:50	0:37:40	0:04:52	2:50:03	0:02:53	1:56:22	El Salvador	
8bc94fea-1ef3-4e37-8f44-d5e73f9e84a3	266	Manuel Rodríguez	M	M35-39	44	5:31:58	0:36:01	0:04:15	2:42:15	0:02:59	2:06:27	Mexico	
20179a15-fb13-4bb6-b424-7ecb67cf2a3c	267	Alejandro Chung	M	M30-34	37	5:32:01	0:35:14	0:04:04	2:50:36	0:02:27	1:59:39	South Korea	
6ee48b80-cc58-4cb4-8b41-48d606dcc7c5	268	Paul Rosario	M	M35-39	45	5:32:10	0:34:37	0:06:42	2:37:32	0:07:41	2:05:38	United States	
7d7e319a-94d0-ef11-b8e8-000d3a5a403c	269	Sergio Arturo Ríos Castillo	M	M25-29	33	5:32:17	0:35:06	0:03:14	2:49:33	0:03:15	2:01:08	Mexico	
4dd9de2b-24bc-4b2e-80fd-58f237d1dbaa	270	Lizbeth Hernández Pedroza	F	F18-24	8	5:32:18	0:29:38	0:03:04	2:54:32	0:02:31	2:02:33	Mexico	
7f44cd58-ac8e-f011-b4cc-0022480c097c	271	Luis Manuel Guevara Ramirez	M	M25-29	34	5:32:24	0:34:29	0:04:27	2:41:37	0:05:14	2:06:37	Mexico	
4d7069c7-bf1f-4c10-a9e7-824b9518430f	272	Karla Tut Mengual	F	F30-34	9	5:32:40	0:37:01	0:06:31	2:45:30	0:03:34	2:00:04	Mexico	
aec1c860-9f76-49fa-bf46-e59aa1199f9d	273	Michael Slavin	M	M35-39	46	5:32:43	0:29:33	0:04:10	2:43:41	0:02:46	2:12:33	United States	
d5021c78-612a-48eb-aa1a-ac545d6b326b	274	Miguel Ángel Sánchez García	M	M30-34	38	5:32:51	0:31:51	0:06:23	2:43:45	0:03:52	2:07:01	Mexico	
92712e7b-0289-ef11-ac21-000d3a3126fd	275	Luis Bernardo Garcia Magaña	M	M18-24	39	5:32:57	0:36:06	0:04:25	2:34:12	0:02:12	2:16:03	Mexico	
845317b3-e86f-484f-b232-d7af51f0acec	276	Hector Jimenez	M	M30-34	39	5:32:58	0:31:53	0:03:41	2:34:42	0:02:19	2:20:24	Mexico	
396db75b-5984-4de5-b2d7-736a2bcd96f7	277	Renaud Dehareng	M	M18-24	40	5:33:05	0:39:23	0:06:14	2:55:14	0:03:22	1:48:52	Belgium	
23f98033-535a-ef11-a317-6045bd0953ac	278	Sofia Quental	F	F50-54	3	5:33:18	0:34:50	0:05:18	2:49:58	0:03:23	1:59:50	Portugal	
2a449b3b-06ef-4179-8e66-3ef8e56e246b	279	Armando Romo Salinas	M	M45-49	15	5:33:19	0:40:11	0:04:18	2:45:19	0:03:01	2:00:30	Mexico	
29b20735-d61c-f111-8341-0022480b35b6	280	Rodrigo Alejandro Sánchez Sánchez	M	M25-29	35	5:33:28	0:42:38	0:03:46	2:35:06	0:03:01	2:08:57	Mexico	
0c501da3-3ced-ef11-9342-000d3a5ae96c	281	Isaac Morales	M	M25-29	36	5:33:29	0:37:20	0:04:32	2:39:30	0:02:36	2:09:31	Mexico	
e91358ff-1080-ef11-ac21-000d3a5a1803	282	Félix Cantú Frei	M	M30-34	40	5:33:31	0:34:35	0:05:08	2:39:35	0:04:11	2:10:02	Mexico	
4a78e55c-b7e8-46bb-93d5-4b92875ca5dd	283	Eliud Rafael CASTAÑEDA SANCHEZ	M	M40-44	24	5:33:36	0:35:38	0:05:35	2:50:26	0:03:28	1:58:28	Mexico	
0c1f8d2f-620b-f111-8406-6045bd06566a	284	Michel Gonzalez	M	M35-39	47	5:33:43	0:50:47	0:05:14	2:39:08	0:03:24	1:55:10	Mexico	
33861822-82a8-49fa-8fd1-c41cd1382bcb	285	Manuel Medina	M	M55-59	11	5:33:46	0:37:29	0:06:00	2:39:38	0:03:57	2:06:42	Dominican Republic	
bf9f7e4b-f806-f111-8406-6045bd06566a	286	Gregorio Benitez Alberto	M	M50-54	13	5:33:56	0:37:42	0:04:00	2:43:28	0:03:10	2:05:36	Mexico	
0bf1afb2-e29c-4cdd-a060-9c064feac90f	287	Nelly Becerra Priego	F	F60-64	1	5:34:05	0:34:14	0:05:14	2:48:00	0:05:26	2:01:11	Mexico	
c703d3fe-7b83-49ab-a137-fbc73b4ae59b	288	Andrea Moreno	F	F30-34	10	5:34:09	0:31:35	0:04:23	2:51:32	0:04:20	2:02:19	Mexico	
90b850b3-0f87-4748-92c1-2df2630b798a	289	Vinicius Pickler Amaral	M	M40-44	25	5:34:10	0:41:42	0:06:37	2:45:11	0:04:27	1:56:13	Bahamas	
8d8f30ff-f593-f011-b4cb-6045bd0a1bec	290	Leticia Castellanos	F	F45-49	5	5:34:15	0:36:50	0:03:22	2:55:23	0:02:50	1:55:50	Mexico	
067d5ecf-2c47-4ed5-a162-96923a53ffb7	291	Carlos Tamés Mosiño	M	M40-44	26	5:34:39	0:33:09	0:04:11	2:42:53	0:03:54	2:10:32	Mexico	
52ee28ae-2680-4e00-9140-e2b11a60fa50	292	Jeremy Demont	M	M35-39	48	5:34:50	0:32:26	0:06:18	2:57:03	0:04:37	1:54:26	Switzerland	
d16e80c0-5669-f111-a826-0022480b3ee9	293	Jeroen Dunnewijk	M	M18-24	41	5:35:06	0:33:36	0:04:01	2:48:21	0:03:31	2:05:37	Netherlands	
64bd6407-ce9f-f011-b41b-6045bd077a67	294	Santiago Reyes	M	M25-29	37	5:35:07	0:33:25	0:05:00	2:35:42	0:03:08	2:17:53	Mexico	
8b1a4f9a-bbf0-44c9-b5a2-1b5e034607fd	295	Raysul De Los Santos	M	M40-44	27	5:35:07	0:39:46	0:04:48	2:40:42	0:04:25	2:05:27	Mexico	
f3230b4d-9667-f111-a826-0022480994c2	296	Jorge Juan Sierra Cruz	M	M35-39	49	5:35:12	0:40:32	0:04:41	2:46:58	0:03:41	1:59:20	Mexico	
80a171be-940d-f011-9988-6045bd05fcc1	297	Fernanda Alvarez	F	F18-24	9	5:35:15	0:37:21	0:04:14	2:41:22	0:01:48	2:10:29	Mexico	
6cc3d097-47db-4eca-9881-e31e9f6efd8a	298	Patrick Nestler	M	M35-39	50	5:35:18	0:33:45	0:05:03	2:28:06	0:02:35	2:25:49	Germany	
d3fcd1a7-7b96-f011-b4cc-6045bd05fcc1	299	Francisco Vergara	M	M18-24	42	5:35:20	0:41:39	0:05:08	2:49:54	0:02:19	1:56:21	Mexico	
58f20d86-f1fd-f011-8406-000d3a5d40b5	300	Eduardo Henrique Loss	M	M45-49	16	5:35:21	0:29:50	0:05:17	2:35:44	0:03:42	2:20:49	Brazil	
0dde97a7-dd2a-49ab-ac58-dc7a3d0979b1	301	Daniela Roman	F	F30-34	11	5:35:25	0:37:51	0:04:48	2:44:02	0:05:30	2:03:14	Mexico	
9dacd7a3-a02c-476c-ac1b-92a4327f8068	302	Rodrigo Munoz Canto	M	M40-44	28	5:35:32	0:38:43	0:04:37	2:46:16	0:02:53	2:03:02	Mexico	
20365f6e-d43d-4814-a982-90e1cfb98fff	303	Natalia Del Blanco Maafs	F	F30-34	12	5:35:42	0:33:06	0:05:29	2:50:03	0:02:31	2:04:33	Mexico	
60241743-4a7c-f011-b4cc-000d3a5b50ba	304	José de Jesús Medina Romero	M	M25-29	38	5:35:55	0:45:26	0:05:45	2:36:08	0:04:21	2:04:16	Mexico	
af8d90ae-c23b-46e0-9520-96879da3d3d1	305	Eduardo Bahena	M	M30-34	41	5:35:58	0:41:15	0:04:45	2:42:42	0:03:30	2:03:46	Mexico	
7d0b6a32-64bb-48e9-9ee4-b2533f48f936	306	Beto Cordoba	M	M40-44	29	5:36:02	0:52:38	0:03:21	2:38:45	0:03:35	1:57:43	Mexico	
e4dde5ff-a5df-448d-84f7-69ebb4ca6c2c	307	Fedra Vazquez	F	F45-49	6	5:36:03	0:35:55	0:05:03	2:50:21	0:04:27	2:00:17	Mexico	
fe7efd40-567c-4239-9017-8761ad993246	308	María Concepción Cruz	F	F25-29	6	5:36:07	0:30:10	0:03:02	2:46:08	0:04:12	2:12:35	Mexico	
06b07cb3-07fb-f011-8406-6045bd06566a	309	Danillo Vieira Nunes	M	M40-44	30	5:36:16	0:32:44	0:03:37	2:55:14	0:03:54	2:00:46	Brazil	
f552d386-0889-ef11-ac21-6045bd048089	310	Carlos Ledon	M	M30-34	42	5:36:20	0:41:26	0:04:10	2:54:58	0:02:55	1:52:51	Mexico	
2486b9b3-f909-f111-8406-6045bd08b1a2	311	JORGE ALEJANDRO ROJAS HUERTA	M	M25-29	39	5:36:29	0:39:12	0:06:40	2:51:41	0:03:49	1:55:07	Mexico	
afa5a73d-c851-f011-877a-000d3a5cf7d8	312	JORGE HERNAN RUIZ ORJUELA	M	M40-44	31	5:36:41	0:39:02	0:06:41	2:49:20	0:05:35	1:56:04	Colombia	
417f23ec-1c33-4eb9-b068-1577d851507c	313	Felix Lenin Gonzalez Martin	M	M25-29	40	5:36:48	0:35:27	0:03:02	2:42:50	0:05:47	2:09:42	Mexico	
c0a7af06-ef66-472e-aef2-2ca5ff2bbb6e	314	Tomas Quiroz Sala	M	M25-29	41	5:37:00	0:40:02	0:03:13	2:45:50	0:03:31	2:04:23	Argentina	
e71b87db-4025-454d-8512-6d847f8b28b6	315	Gabriel Espinoza	M	M35-39	51	5:37:00	0:33:19	0:04:22	2:42:55	0:02:19	2:14:05	Peru	
168831b3-dd92-f111-8077-70a8a5b19cbc	316	Eugenio Riojas	M	M18-24	43	5:37:02	0:34:27	0:04:29	2:45:57	0:03:06	2:09:04	Mexico	
c6e39b81-27d6-4224-aeaa-63374852d8a2	317	Wander Smelan	M	M45-49	17	5:37:03	0:34:31	0:05:32	2:25:30	0:04:21	2:27:10	Brazil	
4928b238-0637-4ed6-9602-25d0eff97d13	318	Alex Rahm	M	M25-29	42	5:37:04	0:31:26	0:05:59	2:46:19	0:04:08	2:09:11	United States	
f74713bb-ba7a-ef11-a670-000d3a3126fd	319	Victor Manuel Valdez Hernandez	M	M30-34	43	5:37:04	0:33:56	0:04:59	2:43:18	0:04:51	2:10:01	Mexico	
4372a73e-2a10-481d-b62a-5b3e22e2d4f4	320	Miguel Angel Garcia Beltrami	M	M25-29	43	5:37:14	0:35:45	0:07:03	2:52:32	0:04:34	1:57:21	Mexico	
1b2ffd1b-27fa-4b10-ab21-8fc7808a7c2e	321	Ben Moreton	M	M40-44	32	5:37:23	0:33:21	0:06:10	2:43:55	0:03:37	2:10:21	United Kingdom	
7edd818f-ad81-461a-bb1f-b62da9f3a68c	322	Alejandra Araya	F	F40-44	7	5:37:35	0:30:11	0:04:48	2:59:50	0:02:52	1:59:53	Costa Rica	
4fcdf254-a833-f111-88b4-0022480b35b6	323	Mason Martin	M	M25-29	44	5:37:38	0:39:52	0:04:57	2:39:58	0:03:55	2:08:56	United States	
6d19980e-01fb-f011-8406-002248046ec8	324	Sofia Silva salvador	F	F25-29	7	5:37:41	0:27:19	0:04:03	2:53:42	0:02:05	2:10:31	Mexico	
0b871316-0a90-474e-a803-fac426f45b24	325	Ruth Rodriguez Torres	F	F30-34	13	5:37:46	0:36:16	0:05:15	2:46:45	0:04:12	2:05:18	Mexico	
84d544de-d62e-43f1-afe4-b65ebb94750e	326	David Kempes Quiñones	M	M40-44	33	5:37:52	0:48:58	0:07:18	2:45:29	0:04:14	1:51:52	Mexico	
6fa08807-574b-f111-bec6-00224805c082	327	Sergio Sanchez Treviño	M	M18-24	44	5:37:52	0:40:56	0:03:59	2:57:27	0:03:08	1:52:22	Mexico	
52cfb3ac-b16c-4ca7-9393-8d8a63fcf000	328	Jeneffer Solano	F	F30-34	14	5:37:53	0:31:51	0:03:48	2:54:38	0:03:13	2:04:23	Colombia	
987eb43d-466d-4170-bd86-252d4d027371	329	Luke Muran	M	M45-49	18	5:37:55	0:26:59	0:05:06	2:42:36	0:04:11	2:19:02	United States	
375cb0a4-97a6-4f70-9e34-3baa2ea384f7	330	Mario Rodríguez Trejoluna	M	M25-29	45	5:37:55	0:49:43	0:04:40	2:47:19	0:05:21	1:50:52	Mexico	
1051dfd5-82f4-43f9-ae54-ed577d970a9b	331	Fernando Gaviria Santa	M	M50-54	14	5:37:56	0:39:11	0:03:19	2:38:41	0:02:43	2:14:02	Colombia	
28ce2c01-edab-ed11-aad1-000d3a31440b	332	Erin Langille	F	F25-29	8	5:37:58	0:35:02	0:04:53	2:52:00	0:03:02	2:03:01	United States	
69cd9dfd-5bdc-ef11-8eea-6045bd048089	333	Elmer Eduardo Arboleda Pava	M	M35-39	52	5:37:59	0:32:21	0:04:07	2:54:11	0:03:16	2:04:03	Colombia	
197b8066-d541-40f9-9627-197a27b29738	334	Andrei Mindriukov	M	M45-49	19	5:38:03	0:33:22	0:04:28	2:50:54	0:02:51	2:06:28	Mexico	
44fff4ea-6aec-4c5a-88cf-f9a851af6059	335	Vicky Falardeau	F	F45-49	7	5:38:03	0:43:32	0:04:58	2:42:02	0:03:37	2:03:54	Canada	
ba8fd3c0-3758-f011-877b-000d3a3173b5	336	cesar octavio velasquez larios	M	M35-39	53	5:38:06	0:40:58	0:05:28	2:44:26	0:03:03	2:04:11	Mexico	
9bf7b939-d2fe-f011-8406-0022480b35b6	337	Abraham Meneses	M	M25-29	46	5:38:14	0:31:28	0:03:49	2:41:00	0:03:17	2:18:40	Mexico	
4131a389-7ffc-f011-8406-0022480b84a3	338	Victor Hugo Ortiz Vargas	M	M45-49	20	5:38:16	0:32:09	0:07:39	2:38:57	0:07:41	2:11:49	Mexico	
b01a3f92-8efd-4328-9472-9122eb0ab02e	339	Natalia Arce Calva	F	F40-44	8	5:38:25	0:39:40	0:05:33	3:01:48	0:04:15	1:47:10	Mexico	
8aa84c8d-2681-4156-95a0-583fa23c040a	340	Karla Soraya Munguia Velez	F	F45-49	8	5:38:26	0:36:06	0:05:28	2:48:42	0:06:52	2:01:19	Mexico	
99ae866c-3623-f011-8c4e-6045bd05fcc1	341	David Mejia	M	M30-34	44	5:38:27	0:39:08	0:06:01	2:56:14	0:03:43	1:53:20	Mexico	
219a544a-dbd0-41f7-b701-65de07be2fe7	342	Isaac Elizondo Monge	M	M35-39	54	5:38:30	0:37:21	0:04:24	2:47:56	0:04:15	2:04:34	Costa Rica	
32f5ffd6-7bf9-4ba0-844b-a19eb2391a64	343	Abraham Flores Romo	M	M30-34	45	5:38:41	0:35:30	0:06:31	2:49:40	0:03:40	2:03:20	Mexico	
e0bcd67d-e0ed-f011-8407-0022480c370f	344	Diego López	M	M18-24	45	5:38:44	0:34:55	0:06:52	2:53:47	0:04:44	1:58:26	Mexico	
bd94c1a4-aced-f011-8543-00224804742c	345	Manuel Caluva	M	M25-29	47	5:38:47	0:30:42	0:04:31	2:42:30	0:03:55	2:17:11	Argentina	
72f454d4-fbd0-4f6c-8288-cdeaaab2c713	346	Ana Gabriela Riva Palacio Obregon	F	F45-49	9	5:38:54	0:38:59	0:03:47	2:44:48	0:01:56	2:09:24	Mexico	
4803e266-23ef-f011-8406-00224804742c	347	Mariana Sosa Treviño		F18-24	10	5:38:55	0:39:58	0:03:41	2:47:52	0:01:50	2:05:34	Mexico	
a627223e-1648-4afb-aeff-060a30d5f123	348	Alexia Anahí Zetina Martín	F	F25-29	9	5:38:57	0:32:06	0:05:56	2:48:18	0:03:31	2:09:07	Mexico	
2dd05d95-1ca0-f111-b8dc-70a8a5b19cbc	349	Carlos Gaviola	M	M40-44	34	5:39:04	0:35:04	0:04:38	2:50:10	0:05:48	2:03:24	Mexico	
b53d84f4-93c1-ef11-b8e9-002248049fdc	350	Ian González	M	M25-29	48	5:39:08	0:36:48	0:05:51	2:54:01	0:05:50	1:56:38	Mexico	
476f6922-776d-f011-bec3-6045bd05fcc1	351	Sebastian Sosa Briceño	M	M25-29	49	5:39:10	0:31:48	0:04:51	2:48:49	0:04:16	2:09:28	Mexico	
42427b4f-14ed-478e-b80e-d44f31a38eab	352	Carlos Javier Veintimilla	M	M50-54	15	5:39:11	0:40:01	0:03:36	2:42:18	0:03:22	2:09:53	Colombia	
8c24e818-1608-f111-8406-000d3a37e3f6	353	Antonella Gallo	F	F40-44	9	5:39:13	0:33:24	0:03:39	2:50:44	0:03:02	2:08:24	Mexico	
10b87c91-14fd-f011-8406-0022480b88da	354	Christopher Justice Acevedo	M	M18-24	46	5:39:27	0:27:09	0:03:50	2:47:24	0:03:41	2:17:23	United Kingdom	
94adc5e1-beac-ef11-b8e9-6045bd048089	355	Daniel Alejandro CARRILLO PÉREZ	M	M25-29	50	5:39:32	0:32:25	0:05:03	2:55:40	0:03:51	2:02:33	Mexico	
e6967b10-927d-ef11-ac21-6045bd05c809	356	Eduardo Quiroz	M	M35-39	55	5:39:33	0:31:11	0:04:27	2:39:33	0:02:19	2:22:03	Mexico	
cc24c338-f58b-f011-b4cc-000d3a5cf7d8	357	Magdalena Nunez castro	F	F18-24	11	5:39:43	0:42:11	0:04:08	2:52:09	0:02:20	1:58:56	Argentina	
ef3564e3-aae4-ee11-904d-000d3a314d17	358	Ayrton Eboli	M	M18-24	47	5:39:53	0:37:49	0:04:40	2:50:54	0:01:56	2:04:33	Mexico	
6448059b-e4fa-f011-8406-7ced8d3cd7d9	359	Charles Milkovits	M	M45-49	21	5:40:04	0:41:40	0:06:38	2:45:22	0:04:19	2:02:06	United States	
396db75b-5984-4de5-b2d7-736a2bcd96f7	360	Renaud Dehareng	M	M25-29	51	5:40:07	0:43:16	0:04:47	2:40:44	0:02:58	2:08:22	France	
29ff2628-d402-f111-8406-0022480b88da	361	Arbell Jesus Baah	M	M30-34	46	5:40:08	0:41:12	0:05:42	2:53:18	0:04:21	1:55:35	Mexico	
8f9480d1-02e3-4f49-8cb4-bd9f2c48856d	362	Mauricio Rodríguez Rodríguez	M	M40-44	35	5:40:10	0:48:38	0:05:49	2:38:40	0:03:57	2:03:05	Costa Rica	
789f4b6e-56bb-f011-bbd3-6045bd05f634	363	Felipe Pinto	M	M18-24	48	5:40:16	0:30:36	0:03:52	2:44:46	0:01:46	2:19:16	Ecuador	
d6266576-1888-f011-b4cc-000d3a5cf7d8	364	Diego Ortiz Lefort	M	M18-24	49	5:40:21	0:40:22	0:05:52	2:50:29	0:01:58	2:01:40	Mexico	
3844e432-a51a-46a9-a05a-314f8548d582	365	Stephanie Clark	F	F45-49	10	5:40:34	0:34:00	0:04:29	2:46:08	0:03:15	2:12:42	United States	
c7b7e6f8-396a-4344-b261-ca2bbf7b0eec	366	Carlos Jonatan Valera Espinosa	M	M30-34	47	5:40:40	0:30:16	0:04:20	2:47:02	0:04:32	2:14:29	Mexico	
3255de3b-be4b-4b1b-94a9-8d85cec39538	367	Patrick Paquette	M	M50-54	16	5:41:07	0:34:26	0:05:15	2:34:42	0:03:32	2:23:11	Canada	
3bef355c-ddda-f011-8543-6045bd05fcc1	368	Fernando Togo	M	M25-29	52	5:41:19	0:42:29	0:04:37	3:00:29	0:05:02	1:48:42	Mexico	
af525e94-5ea5-f011-bbd3-000d3a5b50ba	369	JOSE GIBRAN AVILA HUERTA	M	M25-29	53	5:41:21	0:30:21	0:04:14	2:51:33	0:04:54	2:10:18	Mexico	
eaf0dc5c-e2b6-4939-825f-6bd918c27d42	370	Carlos Enrique Arretche Ortíz	M	M35-39	56	5:41:22	0:38:59	0:05:48	2:45:19	0:04:13	2:07:03	Mexico	
e76f0b26-1e61-f011-bec3-6045bd09951e	371	Diego Sandoval Alvarado	M	M18-24	50	5:41:42	0:32:57	0:06:20	2:43:27	0:03:59	2:15:00	Mexico	
743bbbfd-41fa-f011-8406-6045bd06566a	372	Henrique Augusto Carvalho Rezende	M	M40-44	36	5:42:07	0:37:22	0:04:18	2:38:31	0:04:48	2:17:08	Brazil	
c7d4e965-5012-ef11-9f8a-000d3a314c24	373	Rodrigo Ignacio Araya Rojas	M	M40-44	37	5:42:16	0:38:53	0:04:33	2:49:07	0:03:20	2:06:22	Chile	
b4e15066-9161-4161-a1c1-f5685a2d302c	374	Rodriguez Mendoza Omar	M	M40-44	38	5:42:25	0:40:03	0:04:57	2:51:43	0:04:08	2:01:36	Mexico	
7e995d6e-9aa9-f111-aaac-6045bd06566a	375	Luis Samuel Guzmán Hernández	M	M18-24	51	5:42:27	0:39:29	0:04:14	2:57:57	0:02:58	1:57:50	Mexico	
e7361434-d8d3-f011-8544-000d3a5b50ba	376	Enrique Gonzalez Sanchez	M	M40-44	39	5:42:32	0:43:31	0:04:23	2:57:38	0:02:57	1:54:04	Spain	
9fbc405e-ab44-4a96-8faa-bd065491ebc7	377	Henrique Braga Da Silva	M	M30-34	48	5:42:33	0:35:52	0:05:31	2:46:22	0:04:09	2:10:39	Brazil	
a0c9f05f-716c-4990-b9c3-95f84d6bcb28	378	Adrián Corona	M	M30-34	49	5:42:36	0:35:45	0:06:35	2:39:43	0:02:06	2:18:27	Mexico	
b10df4ab-2718-f111-8341-0022480994c2	379	SILVIA PAOLA BOLAÑOS GALVAN	F	F25-29	10	5:42:37	0:36:46	0:06:03	2:54:20	0:05:20	2:00:07	Mexico	
9cb78d68-ec55-4cdf-bbd8-23a02aefe192	380	Robert Dolan	M	M40-44	40	5:42:40	0:34:52	0:04:33	2:37:13	0:06:04	2:19:58	Mexico	
469e58f0-e8e2-47bb-9539-8941c5b10e70	381	Germán Canales	M	M18-24	52	5:42:42	0:38:56	0:04:31	2:49:18	0:01:57	2:08:00	Mexico	
a000d3f3-7303-f011-bae2-000d3a3173b5	382	Roberto Paxson	M	M25-29	54	5:43:00	0:40:52	0:04:16	2:52:05	0:04:55	2:00:53	Mexico	
0ab3449d-c4fa-f011-8406-0022480b88da	383	Giselle Lozano Aquino	F	F30-34	15	5:43:04	0:40:16	0:05:14	2:44:05	0:07:37	2:05:52	Mexico	
ecdba6c7-a55b-f111-bec7-002248081bd6	384	Mario Ramirez Pilotzi	M	M25-29	55	5:43:11	0:54:59	0:05:54	2:49:41	0:02:49	1:49:48	Mexico	
71eda0c6-e409-445e-8009-896caee7ce4e	385	Salma Martinez Castillo	F	F35-39	7	5:43:15	0:38:23	0:05:22	3:00:06	0:04:30	1:54:54	Mexico	
b2dcb9d7-e40a-f111-8406-0022480b84a3	386	Renan Le gallic	M	M30-34	50	5:43:22	0:35:36	0:05:53	2:56:19	0:03:29	2:02:06	France	
ae43a1ab-f2b0-ef11-b8e8-000d3a5ae96c	387	Rolando Olvera Rodriguez	M	M35-39	57	5:43:27	0:35:58	0:05:49	2:51:34	0:03:41	2:06:25	Mexico	
4dad9549-b8b9-ef11-b8e8-6045bd018d16	388	Josué David Larrauri	M	M25-29	56	5:43:40	0:35:21	0:06:13	2:47:22	0:04:02	2:10:42	Mexico	
eb841cec-f9f2-463e-9063-98a34076e1fb	389	Christian Martello	M	M50-54	17	5:43:41	0:40:20	0:06:10	2:51:38	0:04:08	2:01:25	Germany	
ce43803c-f681-f111-ab0e-7ced8d3bf0f1	390	Ruben Mauricio Chavez Amador	M	M18-24	53	5:43:57	0:36:55	0:05:29	3:01:19	0:04:37	1:55:37	Mexico	
596b83f0-564b-f111-bec6-6045bd03fe64	391	Brady Janowski	M	M18-24	54	5:44:01	0:39:11	0:05:29	2:51:49	0:01:55	2:05:37	United States	
62c1dc28-0933-f111-88b4-0022480b84a3	392	Dionisio Flores Nunez	M	M40-44	41	5:44:04	0:39:51	0:05:16	2:55:46	0:03:37	1:59:35	Costa Rica	
0dbe6824-1041-f111-88b4-0022480b88da	393	mizrain mora	M	M30-34	51	5:44:04	0:39:04	0:06:31	2:43:37	0:03:19	2:11:33	Mexico	
47f51335-a9c8-ef11-b8e9-000d3a5a1803	394	Nicolás Armas Maza	M	M25-29	57	5:44:22	0:29:46	0:05:16	3:05:41	0:03:03	2:00:37	Guatemala	
164a2a43-c721-4937-bb4b-b78847fe58d4	395	Aaron Rojas Gutierrez	M	M45-49	22	5:44:25	0:35:39	0:05:28	2:43:07	0:05:44	2:14:28	Mexico	
2ac5463d-6d3f-43ea-b362-642386a9d1d5	396	Pernille Colkær	F	F35-39	8	5:44:52	0:37:07	0:07:07	2:40:26	0:04:23	2:15:50	Denmark	
ba5ca9ca-0005-f111-8406-0022480994c2	397	Alexander Jiménez	M	M30-34	52	5:45:09	0:37:44	0:06:25	2:47:07	0:04:14	2:09:40	Costa Rica	
693074f4-e2e8-46e6-af15-cfe232be6007	398	Miguel Angel Gonzalez	M	M50-54	18	5:45:20	0:35:33	0:08:46	2:45:20	0:05:12	2:10:29	Colombia	
63335ddc-e354-4921-bc35-4c5af8467d64	399	Steven Seedorf Díaz	M	M30-34	53	5:45:31	0:35:02	0:07:34	2:42:56	0:04:35	2:15:24	Mexico	
f38e3d60-c96b-4bed-b2f4-746a3dd74e4d	400	Maxime Boyer	M	M45-49	23	5:45:32	0:39:31	0:07:24	2:45:00	0:04:29	2:09:09	Canada	
2136fc64-a369-f111-a826-0022480994c2	401	Brittany Engleking	F	F35-39	9	5:45:33	0:42:03	0:06:52	2:50:28	0:03:31	2:02:38	United States	
23ba2843-f4ca-f011-bbd3-000d3a5b7c3b	402	Immer Malagón Huaracha	M	M25-29	58	5:45:45	0:46:32	0:04:17	3:01:09	0:02:44	1:51:03	Mexico	
4a3670b2-ec19-4c0e-bdc6-29a760c3cba3	403	Greivin Barrantes	M	M35-39	58	5:45:47	0:35:45	0:04:06	2:56:18	0:05:03	2:04:35	Costa Rica	
2ca0fad1-38ce-4e76-b01f-e399e85f4c2d	404	Evelyn Arleth Ku Rejon	F	F18-24	12	5:45:50	0:32:26	0:04:32	2:47:22	0:03:09	2:18:21	Mexico	
93b56336-e0be-ef11-b8e8-000d3a5ae96c	405	carlos mauricio saldana osorio	M	M35-39	59	5:45:53	0:48:19	0:04:24	2:49:25	0:03:26	2:00:20	Colombia	
6a8c2a4b-ecb3-ef11-b8e8-6045bd018d16	406	FREDDY VASQUEZ	M	M35-39	60	5:45:57	0:39:28	0:04:01	2:40:49	0:03:23	2:18:16	Colombia	
5d21842d-f56d-438f-b389-e8f2eda2a5f5	407	Adrian Pineda	M	M50-54	19	5:46:18	0:38:49	0:05:33	2:49:29	0:04:45	2:07:43	Mexico	
69a836d6-83f5-42d3-9719-2e79c8ab8961	408	Edwin Rager Perez Garcia Pinto	M	M40-44	42	5:46:25	0:34:11	0:05:30	2:53:15	0:04:27	2:09:01	Argentina	
f6671b3c-d5da-f011-8544-000d3a5b7c3b	409	Luis Santos Balderas	M	M25-29	59	5:46:28	0:37:23	0:07:59	2:40:58	0:05:02	2:15:07	Mexico	
30f25532-d123-f111-8341-0022480b35b6	410	Clayton Arhelger	M	M60-64	1	5:46:34	0:32:08	0:05:52	2:39:38	0:04:07	2:24:49	United States	
94811846-84f5-f011-8406-0022480994c2	411	Gustavo Luna	M	M25-29	60	5:46:41	0:45:33	0:04:35	2:41:55	0:03:07	2:11:32	Mexico	
373cf40c-eb98-f111-b8dc-6045bd06566a	412	Maria Mercedes Sánchez Márquez	F	F40-44	10	5:46:46	0:45:53	0:06:05	2:54:23	0:04:58	1:55:26	Mexico	
bc3e7833-1577-f111-ab0e-70a8a59b112b	413	José Juan Pineda Bautista	M	M25-29	61	5:47:02	0:38:31	0:06:22	2:53:54	0:03:27	2:04:47	Mexico	
23343f40-6c9a-4531-9c83-8f938f536606	414	Paulo Cuevas Islas	M	M18-24	55	5:47:03	0:32:56	0:04:01	2:56:24	0:03:13	2:10:29	Mexico	
25a350d5-b0e1-f011-8544-000d3a35ffc1	415	Manoel Reginaldo Ramos Batista 43	M	M40-44	43	5:47:10	0:36:40	0:04:14	2:56:26	0:04:38	2:05:13	Brazil	
46cc1ba8-96fc-f011-8406-6045bd06566a	416	Maximiliano Elizalde Aguilar	M	M25-29	62	5:47:11	0:33:41	0:05:29	2:52:25	0:03:53	2:11:43	Mexico	
8adcfbc0-012d-4b2f-8385-b05b4080ac5c	417	Emilio Calleja Salinas	M	M18-24	56	5:47:17	0:40:23	0:06:44	2:46:48	0:03:07	2:10:14	Mexico	
f00ca9d5-b6fb-f011-8406-002248046ec8	418	Emiliano Valdés	M	M18-24	57	5:47:18	0:35:41	0:05:41	2:49:25	0:03:22	2:13:09	Mexico	
25ac09e0-8d7f-40ff-a90b-bb9054b2f3eb	419	Maricruz Gaytán Zúñiga	F	F30-34	16	5:47:18	0:40:59	0:04:54	2:51:32	0:03:08	2:06:46	Mexico	
f2b4d789-54ca-454e-80a4-d4960da59435	420	Juan Pablo Elizondo Portilla	M	M40-44	44	5:47:29	0:30:15	0:04:44	2:57:26	0:06:01	2:09:02	Mexico	
a2e16aa9-f0a9-40ba-b9ce-218b04d44698	421	Ana Paola Antillon Costes	M	F25-29	11	5:47:33	0:36:07	0:06:15	3:02:33	0:03:36	1:59:02	Mexico	
d1571e8f-f404-4e53-bf62-0fa4fefd39ef	422	Carlos Ernesto Fernández Ibarra	M	M40-44	45	5:47:34	0:42:21	0:07:33	2:39:02	0:05:40	2:12:58	Mexico	
2de40f8b-e7fa-f011-8406-7ced8d6e0ae3	423	Dariana Muñoz	F	F25-29	12	5:47:40	0:37:24	0:05:47	2:54:35	0:02:45	2:07:09	Mexico	
faec536f-3709-4ebf-836e-22103555ad55	424	Paulina Galvan Duque Turrent	F	F18-24	13	5:47:52	0:33:43	0:05:58	2:55:19	0:03:33	2:09:19	Mexico	
a88ed842-2ef6-f011-8406-000d3a332079	425	Abdiel chavez reza	M	M18-24	58	5:47:53	0:26:26	0:03:31	2:37:55	0:04:28	2:35:32	Mexico	
7d5ab832-b2c7-ef11-b8e8-6045bd088264	426	Paulina Sosa	F	F25-29	13	5:48:20	0:37:19	0:04:29	2:57:56	0:03:49	2:04:46	Mexico	
e5c5f7f9-9f82-f011-b4cc-000d3a5c3d6c	427	David Calderón	M	M35-39	61	5:48:26	0:38:18	0:06:01	2:48:09	0:03:30	2:12:28	El Salvador	
a962fa0d-f99a-f011-b4cc-000d3a5cf7d8	428	Aldo Ruiz	M	M25-29	63	5:48:34	0:42:39	0:04:19	2:49:43	0:03:56	2:07:58	Mexico	
88334655-e9bb-46c4-a910-7daf812e2394	429	Omar Estudillo	M	M40-44	46	5:48:44	0:41:59	0:05:35	2:39:30	0:05:04	2:16:35	Mexico	
ad3501cd-b26b-4a96-bbee-f88b92432d91	430	MARCIA CAROLINA VALDIVIA CERECER	F	F35-39	10	5:49:03	0:40:28	0:05:59	2:52:52	0:07:15	2:02:28	Mexico	
e83685da-3e05-f111-8406-0022480b84a3	431	ELBA XARENI SILVA BARRIGA	F	F30-34	17	5:49:13	0:34:18	0:04:56	2:52:02	0:03:13	2:14:45	Mexico	
b19195f8-9682-f011-b4cc-000d3a3173b5	432	William Garcia	M	M30-34	54	5:49:16	0:49:34	0:05:40	2:39:18	0:02:42	2:12:03	El Salvador	
beafb3bc-18a0-f111-b8dc-7c1e528d5074	433	Ricardo Garcia	M	M55-59	12	5:49:16	0:38:51	0:08:01	2:52:36	0:03:48	2:06:01	Mexico	
f6ba0ee8-da86-f011-b4cc-000d3a5b7c3b	434	Jose Morales	M	M35-39	62	5:49:22	0:38:25	0:05:37	2:35:53	0:03:27	2:25:59	Guatemala	
40246394-dde5-f011-8544-0022480a7385	435	Joaquin Vega	M	M18-24	59	5:49:23	0:40:17	0:05:01	2:50:47	0:03:15	2:10:03	Mexico	
3dd22bec-f562-47b7-af43-d13b511b47f2	436	Abdechafi Messari	M	M30-34	55	5:49:26	0:42:02	0:05:53	2:48:05	0:03:36	2:09:50	Spain	
ed45290a-774f-4801-a94e-c2bf060caecf	437	Roberto Eder Gonzalez Moreno	M	M30-34	56	5:49:29	0:35:04	0:07:48	2:33:39	0:05:32	2:27:26	Mexico	
af30e1eb-da7e-f111-ab0f-0022480b84a3	438	Santiago Lozano Melo	M	M25-29	64	5:49:40	0:29:07	0:04:27	2:54:59	0:05:14	2:15:52	Colombia	
3da2d215-a8e9-ef11-8eea-000d3a5ae96c	439	Carlos Camargo	M	M18-24	60	5:49:42	0:38:17	0:04:15	2:53:16	0:03:29	2:10:24	Mexico	
2ac13cb2-a228-f111-8341-0022480b84a3	440	REGINA RIVERA AGUILAR	F	F25-29	14	5:49:43	0:37:28	0:05:45	2:55:05	0:03:36	2:07:49	Mexico	
5ab791d0-6166-f011-bec3-6045bd05fcc1	441	Luis Eduardo Cano Rubio	M	M18-24	61	5:49:45	0:36:41	0:03:57	3:01:58	0:03:30	2:03:39	Mexico	
ed8416fd-8e47-4ed2-b7a3-1ccc7ec27987	442	Jonathan Perez	M	M30-34	57	5:49:48	0:32:13	0:04:07	3:00:11	0:02:41	2:10:36	Puerto Rico	
429ce4e8-9565-f011-bec2-0022480c097c	443	Alfonso Guerrero Tello González	M	M18-24	62	5:49:53	0:36:29	0:06:39	2:54:13	0:04:30	2:08:02	Mexico	
ff162b31-a7ff-4d6a-bdd6-aabf035cff0c	444	Jose Antonio Sanchez Juarez	M	M30-34	58	5:49:54	0:34:37	0:07:33	3:11:54	0:05:17	1:50:32	Mexico	
60243b91-288e-4ecc-aa78-dee649b147e1	445	Iván Sánchez	M	M40-44	47	5:49:56	0:31:27	0:04:44	2:45:57	0:04:00	2:23:47	Mexico	
191ec3d4-bf1d-4645-b7b5-6d7cdbbc5929	446	David Sanchez Alcantara	M	M40-44	48	5:49:57	0:34:11	0:03:23	2:50:12	0:03:42	2:18:31	Mexico	
ede218fe-9f3a-f111-88b4-0022480994c2	447	Baptiste Sebille	M	M35-39	63	5:50:08	0:39:48	0:04:52	2:59:31	0:02:44	2:03:12	France	
0abef8c5-3a97-f011-b4cc-6045bd09951e	448	Dovile Ramanauskaite sakalauskas	F	F18-24	14	5:50:08	0:35:16	0:05:16	2:49:36	0:04:45	2:15:16	Lithuania	
6f4a2b5a-ee93-4bb7-9b9f-b7391aed1780	449	Juan Carlos Calderon Loya	M	M45-49	24	5:50:12	1:04:31	0:05:54	2:40:41	0:04:15	1:54:51	Mexico	
2282d511-e74a-ef11-a317-6045bd08b27c	450	Marcos Rodriguez	M	M35-39	64	5:50:16	0:30:05	0:04:47	2:50:01	0:02:42	2:22:42	Costa Rica	
a8b9cf2e-42da-483b-a49e-b0bdad849472	451	Alvaro Ascenzo	M	M35-39	65	5:50:17	0:35:09	0:05:49	3:04:22	0:06:22	1:58:34	Peru	
90ef1eaf-119f-f111-b8dc-6045bd08b1a2	452	Angel Madera Bacab	M	M18-24	63	5:50:19	0:39:18	0:05:52	2:45:02	0:04:36	2:15:32	Mexico	
3b52340a-f7bc-46ad-a01d-0c956d13756f	453	JAVIER DIAZ LOPEZ	M	M60-64	2	5:50:39	0:33:48	0:04:49	2:56:16	0:06:07	2:09:40	Mexico	
53be8b51-7fdb-4d65-9fa3-44e800fee977	454	Rodrigo Rasillo	M	M35-39	66	5:50:44	0:39:48	0:06:18	2:50:32	0:03:52	2:10:14	Mexico	
005a4c05-be6d-f011-bec2-000d3a5cf7d8	455	Frank Campos	M	M25-29	65	5:50:55	0:42:31	0:03:44	2:48:30	0:02:33	2:13:37	Panama	
93f165a0-3d37-f011-8c4d-6045bd05872f	456	Luis Enrique Toledo	M	M35-39	67	5:50:56	0:37:26	0:07:06	2:48:06	0:03:49	2:14:30	Mexico	
5b9151de-3e6e-f111-ab0d-0022480b88da	457	Roberto Arjona	M	M30-34	59	5:51:06	0:43:35	0:05:44	2:33:55	0:03:11	2:24:40	Mexico	
c3734224-02d6-4982-a458-439b25e49c20	458	Luis Ruiz	M	M40-44	49	5:51:08	0:34:20	0:05:56	2:44:12	0:04:02	2:22:38	Mexico	
be83c1be-5765-4b69-9d29-eb2c83fbb978	459	Sharlene Christiansen	F	F60-64	2	5:51:12	0:29:18	0:05:29	2:50:31	0:04:57	2:20:58	Canada	
d7988816-d218-4056-b55d-fb9cdaa47e69	460	Luis Enrique Ortiz Zequera	M	M50-54	20	5:51:20	0:36:49	0:07:23	2:42:04	0:05:15	2:19:48	Mexico	
8782a505-f085-f011-b4cc-000d3a5b50ba	461	Alejandro Toxqui	M	M40-44	50	5:51:28	0:33:40	0:06:02	2:57:34	0:06:09	2:08:03	Mexico	
3ff876a0-a766-ed11-9562-000d3a31440b	462	Suzana Aguiar	F	F45-49	11	5:51:29	0:38:47	0:05:38	2:52:27	0:02:50	2:11:46	Brazil	
c6875998-5c46-47de-bf87-a9dc5b5e216e	463	Mariano Dobranki	M	M45-49	25	5:51:30	0:32:30	0:04:37	2:41:13	0:04:43	2:28:27	Argentina	
ebcaa718-04e0-f011-8544-000d3a35ffc1	464	Henrico Teixeira	M	M35-39	68	5:51:36	0:32:18	0:05:13	2:50:48	0:03:45	2:19:31	Brazil	
76d76d2c-1914-f111-8406-6045bd08b1a2	465	Edgar Rafael Zaldivar Garcia	M	M30-34	60	5:51:41	0:37:06	0:05:18	2:49:33	0:02:50	2:16:55	Mexico	
caf57390-a20c-4852-b908-edf8d33a60e3	466	Sigurdur Nikulasson	M	M50-54	21	5:51:54	0:35:41	0:05:58	2:54:01	0:02:54	2:13:20	Iceland	
62353862-59f9-4826-9387-8849bdcc8050	467	Wendy Hammer a	F	F55-59	1	5:51:56	0:44:50	0:05:53	2:48:47	0:04:09	2:08:18	United States	
08b56082-f022-4ae8-8756-bd8aa89496aa	468	Anuar Torres	M	M25-29	66	5:52:12	0:39:14	0:08:41	2:52:13	0:05:40	2:06:24	Mexico	
909c4af2-30d1-ef11-8ee9-6045bd018d16	469	Natália Souza	F	F25-29	15	5:52:17	0:40:27	0:05:05	2:44:26	0:02:46	2:19:33	Brazil	
f4c07771-3169-f111-a826-6045bd08b1a2	470	Alfredo Sanchez Reyes	M	M35-39	69	5:52:19	0:41:55	0:09:09	3:02:03	0:04:35	1:54:37	Mexico	
6320233d-03fb-f011-8406-0022480994c2	471	Jairo Zuniga	M	M18-24	64	5:52:21	0:29:04	0:05:18	2:44:56	0:03:19	2:29:44	Mexico	
025fbbd2-ffe7-f011-8544-000d3a35ffc1	472	Armando Garcia ochoa	M	M30-34	61	5:52:22	0:41:52	0:07:19	2:48:21	0:04:42	2:10:08	Mexico	
fa12bcbb-8245-4c74-a813-bde9048e1a88	473	David Paquin	M	M40-44	51	5:52:22	0:34:10	0:06:42	2:53:52	0:05:02	2:12:37	Canada	
3ead3153-0a9e-4378-9752-af91ed166eba	474	Carlos Rosero Cardenas	M	M35-39	70	5:52:27	0:34:25	0:08:35	2:48:32	0:05:58	2:14:56	Colombia	
25fd38c3-dc49-4d89-b9eb-0ae4c5b51482	475	IZCHEL OLARTE	F	F40-44	11	5:52:29	0:35:29	0:04:02	2:55:35	0:04:19	2:13:04	Mexico	
158edc75-c103-f111-8406-002248046ec8	476	Emiliano Arceo García	M	M25-29	67	5:52:35	0:30:24	0:03:20	2:36:37	0:03:51	2:38:22	Mexico	
c67b01fb-d0a9-497a-a06f-724c9eef8ad0	477	Daniel Antonio Suárez Martínez	M	M35-39	71	5:52:43	0:42:42	0:04:38	2:52:38	0:04:08	2:08:37	Mexico	
2f9f4d31-8818-f011-998a-000d3a5b50ba	478	Juan Pablo Herrera Gonzalez	M	M25-29	68	5:52:47	0:37:50	0:03:38	2:47:48	0:02:47	2:20:45	Mexico	
8186978e-6b16-403f-a746-e48a4adb1c30	479	Gilberto Rodriguez	M	M35-39	72	5:52:49	0:39:53	0:05:25	2:41:59	0:03:47	2:21:45	Mexico	
5aa029d1-34fa-f011-8406-6045bd06566a	480	GIOVANNA TRILLO MAYA	F	F30-34	18	5:52:52	0:35:12	0:06:24	2:57:43	0:05:05	2:08:27	Mexico	
93efe937-e036-f011-8c4e-000d3a5c3d6c	481	Santiago Garcia	M	M18-24	65	5:52:53	0:45:22	0:04:43	2:47:03	0:02:31	2:13:14	Mexico	
21254f68-7ab3-f111-aaab-70a8a5b1a530	482	Maria Paulina Guerrero Garcia	F	F30-34	19	5:53:02	0:37:08	0:05:43	3:08:13	0:03:36	1:58:22	Mexico	
b4a376d1-7acf-4bd9-ae1d-e33f80a99c37	483	Elena Rodríguez Cacho Sn	F	F40-44	12	5:53:15	0:31:45	0:04:47	2:54:20	0:03:08	2:19:16	Mexico	
b5a68627-d191-f111-8077-70a8a5b19cbc	484	Manuel Garza López	M	M18-24	66	5:53:15	0:39:06	0:05:50	2:54:51	0:04:05	2:09:23	Mexico	
f6213ad9-a8be-f011-bbd3-6045bd05fcc1	485	Alejandro Martinez Aguilar	M	M30-34	62	5:53:17	0:39:05	0:06:07	2:47:05	0:03:55	2:17:05	Mexico	
3cbb0718-06fb-f011-8406-002248046ec8	486	Alvaro Rodriguez	M	M40-44	52	5:53:19	0:47:26	0:05:34	2:55:38	0:03:31	2:01:09	Costa Rica	
5bab1964-0c37-46f1-b3f6-af703f101cb7	487	Delia Moreya Perez Montiel	F	F40-44	13	5:53:30	0:42:26	0:04:40	2:59:49	0:03:43	2:02:52	Mexico	
58a4bace-15a9-4d8c-a086-e32d79b6adc7	488	Roberto Fernández Cano	M	M55-59	13	5:53:30	0:34:25	0:03:41	2:44:32	0:03:23	2:27:29	Mexico	
943a1a51-adff-ef11-bae2-6045bd09951e	489	Daniela Romero Esparza	F	F35-39	11	5:53:31	0:40:10	0:08:58	2:52:47	0:04:19	2:07:17	Mexico	
55aba865-17fe-f011-8406-0022480b35b6	490	Cristian Yair Sánchez Salazar	M	M30-34	63	5:53:32	0:47:03	0:07:10	2:50:34	0:04:40	2:04:04	Mexico	
c7e9be52-9c19-4766-89f5-1ad8b8d3c7be	491	Manuel Gutierrez Sola	M	M30-34	64	5:53:52	0:34:36	0:03:41	2:48:57	0:03:45	2:22:54	Mexico	
29c2e800-e9c7-f011-bbd3-000d3a5b7c3b	492	Alejandro Rubio	M	M18-24	67	5:53:52	0:43:04	0:04:43	2:51:37	0:02:21	2:12:07	Mexico	
293fbb0d-3ad3-4c01-8316-42876490e28b	493	Nora Gonzalez	F	F45-49	12	5:53:54	0:35:54	0:07:04	2:54:57	0:03:34	2:12:26	Mexico	
000d68b0-78fc-f011-8406-6045bd08b1a2	494	Luis Felipe Hernandez Calderon	M	M30-34	65	5:54:08	0:31:24	0:06:00	3:02:33	0:04:05	2:10:06	Mexico	
f2e5c266-3c8c-47d9-9832-1fbec2761d94	495	Sergio Hernández	M	M25-29	69	5:54:08	0:41:27	0:05:40	2:58:58	0:04:17	2:03:46	Mexico	
6d2e3a1a-a15f-f111-a826-0022480b3ee9	496	Ricardo Retteg vega	M	M18-24	68	5:54:19	0:32:38	0:04:44	3:03:05	0:03:35	2:10:17	Mexico	
ee7e476e-e742-ef11-8409-000d3a348633	497	Jaime Daniel Nuñez Azcorra	M	M40-44	53	5:54:20	0:38:17	0:05:13	2:43:28	0:05:49	2:21:33	Mexico	
be5f6991-c0ed-4c68-a60d-254aa4d6957f	498	Ricardo Garcia	M	M18-24	69	5:54:20	0:32:59	0:05:42	2:55:52	0:04:56	2:14:52	Mexico	
b15be80b-fa1f-48fc-8443-61ca2ca60436	499	Rafael Aldrete	M	M18-24	70	5:54:29	0:38:45	0:03:42	2:51:42	0:03:20	2:17:00	Mexico	
d7996d1e-0419-f111-8341-0022480b35b6	500	Samuel Peña	M	M35-39	73	5:54:37	0:42:21	0:05:17	2:48:36	0:05:21	2:13:01	Dominican Republic	
89e6a449-5eb0-415c-8031-3adfc4692f22	501	Abel Rosas	M	M35-39	74	5:54:39	0:30:33	0:04:17	2:43:37	0:03:21	2:32:51	Mexico	
da53c886-dcb9-4496-abc3-aa6de267c7dd	502	Karen Olsen	F	F35-39	12	5:54:55	0:34:59	0:04:25	2:48:23	0:04:01	2:23:07	Mexico	
ba909fb6-522d-f011-8c4d-002248098cfa	503	Maria Fernanda Ortega	F	M50-54	22	5:55:00	0:36:01	0:04:37	2:42:12	0:05:47	2:26:23	Mexico	
a4448188-bfa9-4128-ac99-ccb4bd11e0d9	504	Victor Torres	M	M65-69	2	5:55:00	0:30:19	0:04:31	2:50:04	0:03:53	2:26:14	Puerto Rico	
e8a965f2-65d4-449b-b84e-5e03a2f2edb2	505	Arturo Pando	M	M50-54	23	5:55:02	0:32:28	0:04:01	2:51:04	0:04:24	2:23:04	Mexico	
7c603ee0-de27-ec11-b6e5-000d3a5bb280	506	Emiliano Badillo	M	M30-34	66	5:55:07	0:53:57	0:06:58	2:59:08	0:03:06	1:52:00	Mexico	
08f8387f-446a-f111-a826-0022480a5755	507	Jose Akberto Lopez	M	M45-49	26	5:55:12	0:28:41	0:06:12	2:37:16	0:03:55	2:39:08	Mexico	
5982c231-7380-ef11-ac21-000d3a5b3d07	508	Luis Marcelo Garza Ayala	M	M35-39	75	5:55:15	0:35:07	0:06:09	2:46:47	0:03:20	2:23:51	Mexico	
054a327f-9582-f011-b4cc-000d3a5b50ba	509	Raul Gamez	M	M30-34	67	5:55:16	0:47:46	0:05:19	2:51:16	0:03:43	2:07:13	El Salvador	
c2cd2e3d-09dd-4eff-95ce-64d4b4ca37b6	510	Emilio Arellano Cazares	M	M35-39	76	5:55:17	0:34:27	0:04:39	2:55:32	0:03:57	2:16:42	Mexico	
6686ff11-bbe2-f011-8543-6045bd05fcc1	511	Gabriel Alejandro Rincon Gutierrez	M	M35-39	77	5:55:21	0:47:59	0:07:42	3:04:20	0:06:20	1:49:00	Mexico	
29bc3e1c-a05f-f111-a826-002248046ec8	512	SERGIO GODOY	M	M50-54	24	5:55:27	0:39:37	0:05:53	2:27:50	0:05:46	2:36:21	Guatemala	
1cecd7df-87aa-f011-bbd3-6045bd09951e	513	Conner Byerly	M	M18-24	71	5:55:27	0:37:21	0:05:12	2:56:19	0:04:43	2:11:52	United States	
d411f074-c189-f011-b4cc-000d3a3173b5	514	Jose Alfredo Garcia Mariscal	M	M30-34	68	5:55:31	0:37:35	0:05:11	2:53:51	0:03:00	2:15:55	Mexico	
b9da1d9e-3703-49b5-a7bd-0c363658eeea	515	Miguel Angel Palma Jiménez	M	M45-49	27	5:55:33	0:35:01	0:05:14	2:41:36	0:02:40	2:31:03	Mexico	
184bb443-f209-f111-8406-0022480994c2	516	Jaime Alan Castelan Maya	M	F25-29	16	5:55:34	0:30:17	0:04:48	3:01:16	0:06:02	2:13:11	Mexico	
449bb0f5-2644-46b5-866e-e827680315f4	517	Diana F fuentes Diaz	F	M18-24	72	5:55:44	0:32:37	0:05:42	2:39:22	0:06:57	2:31:06	Mexico	
db0e6ee4-6bf2-48a2-b747-bfef53a05a1f	518	Patricio Fernandez Gonzalez	M	M30-34	69	5:55:51	0:31:35	0:07:00	2:40:28	0:04:05	2:32:42	Mexico	
ce98b2f6-beed-f011-8544-0022480c097c	519	Ashanti Irai Pérez Solis	F	F30-34	20	5:55:53	0:40:37	0:05:28	3:01:37	0:03:55	2:04:16	Mexico	
ec777052-001d-ef11-840b-6045bd012ace	520	Alejandro Agustin Alvarez	M	M45-49	28	5:55:57	0:41:00	0:05:04	2:50:58	0:02:10	2:16:45	Argentina	
bc8ca90c-b86b-f011-bec3-000d3a5b50ba	521	Marc Dunnewijk	M	M65-69	3	5:55:59	0:40:50	0:08:16	3:05:24	0:04:26	1:57:02	Netherlands	
5d257e86-f5b8-ef11-b8e9-000d3a5a1803	522	Alexis Arce	M	M30-34	70	5:56:07	0:39:38	0:04:14	2:47:51	0:03:08	2:21:16	Mexico	
711294f6-e79e-4958-8199-b559e14954d8	523	Fausto RUSSI	M	M45-49	29	5:56:14	0:34:44	0:06:01	2:46:42	0:05:10	2:23:37	Mexico	
4ab976a1-7d5b-f011-bec2-6045bd05fcc1	524	Oscar De Lara	M	M25-29	70	5:56:15	0:54:36	0:07:40	2:49:00	0:05:25	1:59:34	Mexico	
67ecdb58-d827-f111-8341-6045bd06566a	525	Alejandro Mallet	M	M18-24	73	5:56:19	0:33:46	0:04:34	2:58:45	0:02:22	2:16:51	Mexico	
73ec7a31-d040-f111-88b4-002248046ec8	526	Danilo Skorlich Guasque	M	M35-39	78	5:56:31	0:35:04	0:05:56	3:02:56	0:05:44	2:06:50	Mexico	
c043f91c-c720-f111-8341-0022480b88da	527	Mariana Rau Frei	F	F18-24	15	5:56:46	0:35:10	0:05:50	2:53:28	0:03:57	2:18:21	Mexico	
60e00d59-e542-f011-b4cb-000d3a35ffc1	528	Jose Gallegos	M	M35-39	79	5:56:49	0:35:02	0:07:31	2:52:44	0:04:08	2:17:24	Mexico	
a59050bd-d50f-4ee5-9e58-25b685f63c79	529	Mateus Schroeder	M	M50-54	25	5:56:50	0:48:49	0:05:10	2:52:44	0:03:33	2:06:34	Brazil	
5cb48bbb-7eaf-f011-bbd3-6045bd09951e	530	Jaime Arturo Mondragon Ordoñez	M	M30-34	71	5:57:02	0:46:47	0:07:09	2:54:49	0:04:29	2:03:48	Mexico	
e5d46570-6c2b-f011-8c4c-6045bd09951e	531	vanina olavarria	F	F40-44	14	5:57:12	0:41:33	0:05:21	2:58:35	0:03:11	2:08:33	Argentina	
4ca30adf-20a1-41b1-be67-dd64ce2749ac	532	Miguel Martinez Muñoz	M	M30-34	72	5:57:13	0:30:29	0:05:35	3:08:36	0:02:40	2:09:53	Mexico	
87b8c9bd-d193-4fcc-90e2-2b0e2bdf8d56	533	JACOB ESAU LOPEZ LEYVA	M	M25-29	71	5:57:17	0:30:27	0:04:35	2:48:10	0:03:14	2:30:51	Mexico	
f26b5481-1124-40fb-ac27-dd8c38ce1489	534	Thomas Quirin	M	M18-24	74	5:57:18	0:32:22	0:08:18	2:51:46	0:05:35	2:19:19	Guatemala	
ae6bf524-da45-f111-88b3-6045bd06566a	535	Pedro Márquez	M	M25-29	72	5:57:27	0:38:21	0:06:03	2:56:34	0:03:49	2:12:40	Mexico	
1c1e0bf3-42af-4a79-8559-8468adaa6131	536	Jorge Iñaki Treviño Quintanilla	M	M30-34	73	5:57:28	0:46:26	0:04:33	2:54:19	0:04:06	2:08:04	Mexico	
ebb8f718-f06e-40b1-a844-28d855f9ac58	537	Juan Camilo Gomez	M	M45-49	30	5:57:28	0:34:51	0:04:15	2:58:48	0:03:31	2:16:03	Mexico	
5378c25d-b5c4-f011-bbd2-000d3a5b7c3b	538	Stefano Motti	M	M30-34	74	5:57:34	0:32:12	0:05:50	2:51:22	0:03:07	2:25:03	Mexico	
7901550d-cdaf-f111-aaac-70a8a59af2e9	539	David Poot	M	M18-24	75	5:57:41	0:38:31	0:05:10	2:58:37	0:04:11	2:11:13	Mexico	
1b189f77-4d7f-ea11-a812-000d3a5a1cf8	540	Eduardo Morales Vazquez	M	M30-34	75	5:57:47	0:35:07	0:04:37	2:49:18	0:02:25	2:26:21	Mexico	
63bfa2fd-e9fa-f011-8406-7ced8d704fdb	541	Oscar Macias Rodriguez	M	M25-29	73	5:57:56	0:38:27	0:07:08	2:35:15	0:04:03	2:33:02	Mexico	
9a67d084-6cd4-ef11-8eea-000d3a5a1803	542	Alfonso Chiquini	M	M25-29	74	5:58:18	0:39:23	0:05:22	3:04:27	0:02:36	2:06:30	Mexico	
04ba881a-e679-ef11-a670-000d3a59a9a1	543	María José Silvestre	F	F45-49	13	5:58:18	0:38:26	0:07:59	3:09:47	0:04:32	1:57:34	Argentina	
25e7c482-d885-f011-b4cc-000d3a35ffc1	544	Milena Beute	F	F18-24	16	5:58:27	0:36:34	0:05:21	2:58:45	0:04:34	2:13:13	Argentina	
e3a9a4eb-00fb-f011-8406-002248046451	545	Fernanda Pineda	F	F25-29	17	5:58:30	0:31:44	0:04:29	3:17:08	0:03:03	2:02:06	Mexico	
cedebf6f-06fe-f011-8406-0022480b84a3	546	Alfredo Marquez	M	M25-29	75	5:58:32	0:35:14	0:06:37	3:01:46	0:05:38	2:09:17	Mexico	
9eac1d99-a1fd-4be0-bc2e-20b043a8e7e1	547	Francisco Alanis	M	M30-34	76	5:58:39	0:36:27	0:06:06	2:47:24	0:03:26	2:25:16	Mexico	
677f4910-cbb8-ef11-b8e8-000d3a5ae96c	548	Carolina Carrillo Jimenez	F	F30-34	21	5:58:42	0:39:32	0:05:14	2:46:49	0:03:53	2:23:14	Colombia	
40541efe-bce7-4eaa-98ab-99486e837409	549	Rolando Cruz Campillo	M	M55-59	14	5:58:55	0:30:31	0:05:52	2:45:11	0:03:38	2:33:43	Dominican Republic	
b14ff7ba-cfa2-4299-9a67-049f5c57b082	550	Daniel González De Luna	M	M30-34	77	5:58:59	0:40:40	0:07:48	2:51:26	0:07:01	2:12:04	Mexico	
d16757da-2e93-4aed-a07c-0bb945c7b418	551	Mauro Villarreal Contrini	M	M18-24	76	5:58:59	0:32:06	0:05:20	2:49:00	0:06:21	2:26:12	Mexico	
6910d44a-4abf-4213-a3bf-88543f1dcc5c	552	Eduardo Gonzalez De Luna	M	M30-34	78	5:58:59	0:40:40	0:07:48	2:51:26	0:07:01	2:12:04	Mexico	
fc4beaef-2733-436f-837f-76c8f0228a91	553	Marcelo Leal	M	M18-24	77	5:59:00	0:39:09	0:05:49	2:49:00	0:03:59	2:21:03	Mexico	
ca95989c-b891-f111-8077-70a8a5b19cbc	554	Idan Manuel Diaz Ontiveros	M	M25-29	76	5:59:00	0:38:52	0:05:25	2:58:35	0:04:18	2:11:50	Mexico	
875db751-c2c4-ed11-83ff-000d3a314329	555	Luis Alberto Estrada Mosquera	M	M60-64	3	5:59:11	0:37:36	0:04:51	3:01:12	0:03:36	2:11:56	Colombia	
a4188a08-e6c5-42ce-bb9e-a63eb9c09032	556	Ana Elisa Pérez Navarro	F	F25-29	18	5:59:12	0:32:40	0:04:10	2:57:37	0:03:10	2:21:35	Mexico	
42c943b3-29ec-47d9-8d3e-21cd69ad9d67	557	Luis Alfonso Hernandez Salazar	M	M50-54	26	5:59:14	0:40:59	0:05:53	2:45:20	0:04:36	2:22:26	Mexico	
ff6c118e-ae0b-f111-8406-0022480b84a3	558	Luz Angelica Vargas Jimenez	F	F25-29	19	5:59:26	0:42:18	0:04:52	3:03:09	0:02:55	2:06:12	Mexico	
9192457a-517c-4fa0-865e-5e57869ba902	559	Jose Luis Ayala	M	M45-49	31	5:59:34	0:35:30	0:04:43	2:38:24	0:03:44	2:37:14	Mexico	
271d160f-24af-492c-ba14-6da288921e08	560	Andres Contreras	M	M35-39	80	5:59:41	0:47:41	0:04:29	2:57:08	0:04:03	2:06:20	Mexico	
c004fb60-b999-f111-b8dc-0022480a5755	561	Javier alonso Ulloa perez	M	M25-29	77	5:59:42	0:30:30	0:04:34	2:34:59	0:03:26	2:46:13	Mexico	
04e013f9-5933-f111-88b3-000d3a5c380f	562	Souhey Gonzalo Chacon Avila	M	M40-44	54	5:59:43	0:50:14	0:08:04	2:42:30	0:06:39	2:12:16	Costa Rica	
6887ceee-e0a2-4891-8627-dabe5c6d0bc2	563	Nelson Sanchez	M	M45-49	32	5:59:44	0:40:31	0:05:04	2:45:55	0:05:22	2:22:51	Venezuela	
2e848342-5eb6-ef11-b8e9-000d3a5a1803	564	RICARDO MENDOZA PULIDO	M	M40-44	55	5:59:44	0:47:45	0:07:24	2:47:11	0:05:43	2:11:40	Colombia	
5ca8b096-1d34-4c85-8d8c-eadb6730149a	565	Chantal Blouin-Cormier	F	F40-44	15	5:59:50	0:35:25	0:09:26	2:48:38	0:05:06	2:21:14	Canada	
4de25e14-b0d4-44df-af3a-2f49a4b23b12	566	Jose Carlo Linaldi	M	M45-49	33	5:59:58	0:34:39	0:04:10	2:58:45	0:04:08	2:18:16	Mexico	
82d7ea4a-0f37-4ec3-ab0f-bfb451acf65c	567	Maria Alejandra Renteria Quiroz	F	F35-39	13	6:00:01	0:41:46	0:04:55	3:03:20	0:03:58	2:06:02	Mexico	
b2df410f-e5b3-ef11-b8e8-6045bd018d16	568	Laura Echeverria	F	F35-39	14	6:00:09	0:36:19	0:04:45	2:53:37	0:02:43	2:22:44	Colombia	
247c61de-7e9d-485b-bcae-791b65114f89	569	Cristian Chavez	M	M45-49	34	6:00:10	0:32:38	0:06:15	3:00:15	0:04:59	2:16:04	Mexico	
9bc961cf-b402-4680-9868-bf3d1e71d73a	570	Rosa Maria Rivera Lopez	F	F60-64	3	6:00:20	0:41:49	0:05:10	2:51:01	0:03:39	2:18:41	Mexico	
ec0ed324-5db0-4eba-8d25-04471116f277	571	cherie Johnson	F	F65-69	1	6:00:30	0:34:06	0:05:39	2:56:12	0:04:52	2:19:41	United States	
1a636c97-a9e3-f011-8543-6045bd05fcc1	572	Mayra Alejandra Carrillo Ambriz	F	F45-49	14	6:00:34	0:44:08	0:05:48	3:02:06	0:05:09	2:03:23	Mexico	
28083f5b-06fb-f011-8406-002248046ec8	573	lorenzo gasque	M	M25-29	78	6:00:37	0:33:30	0:04:25	2:48:57	0:04:37	2:29:08	Mexico	
12cf2a97-d0ec-48b9-b49b-a78bfab8a761	574	Daniela Noyola Olivares	F	F18-24	17	6:00:57	0:29:58	0:05:44	2:53:40	0:03:53	2:27:41	Mexico	
0add6731-5703-4c33-ba3a-8d42e6065a33	575	Pablo Pages	M	M25-29	79	6:00:59	0:39:43	0:05:11	2:56:18	0:03:19	2:16:27	Mexico	
e04e5404-69f3-4e4e-bd9c-cb349084d24b	576	Héctor Gudiño Castillo	M	M30-34	79	6:01:08	0:41:00	0:05:53	3:05:42	0:03:33	2:05:00	Mexico	
009fdf4c-e296-f011-b4cc-000d3a3173b5	577	Agustin Borri	M	M35-39	81	6:01:13	0:36:22	0:06:26	2:59:36	0:04:41	2:14:09	Argentina	
8fe66533-2567-f011-bec3-000d3a5b50ba	578	Emiliano Perez	M	M25-29	80	6:01:27	0:45:22	0:05:23	2:50:42	0:03:58	2:16:02	United States	
419db2c1-d40f-f011-9988-6045bd05fcc1	579	KEVIN ALEJANDRO HERNANDEZ GOMEZ	M	M25-29	81	6:01:28	0:50:19	0:05:59	2:59:24	0:03:50	2:01:55	Mexico	
1df4c02b-2bab-ef11-b8e8-6045bd018d16	580	JORGE ERNESTO HERNANDEZ NERI	M	M30-34	80	6:01:30	0:36:41	0:05:51	2:58:00	0:03:14	2:17:44	Mexico	
3dfe6128-11f6-ee11-a1fe-6045bd0158c4	581	Viridiana Contreras Sanabria	F	F30-34	22	6:01:30	0:40:50	0:04:48	2:56:28	0:03:57	2:15:29	Mexico	
d13d853c-3752-f111-bec6-6045bd08b1a2	582	Talal Beidas	M	M30-34	81	6:01:32	0:38:53	0:06:23	3:03:20	0:07:27	2:05:29	United States	
37268595-52e2-4332-98fd-3a06d4b4000c	583	Ana Camila Amezquita Vaca	F	F25-29	20	6:01:36	0:44:08	0:04:25	2:49:08	0:03:52	2:20:02	Colombia	
184bb443-f209-f111-8406-0022480994c2	584	Jaime Alan Castelan Maya	M	M30-34	82	6:01:47	0:37:30	0:05:12	2:50:58	0:05:02	2:23:05	Mexico	
0fd66000-38fa-49f4-a5ce-51e524f9c916	585	Camilo Santos	M	M40-44	56	6:01:52	0:44:11	0:06:04	2:52:49	0:08:10	2:10:39	Mexico	
6ea1cc0b-1cff-457a-a2cb-563640e51815	586	Alejandra Maria Villena	F	F35-39	15	6:01:52	0:36:56	0:06:11	2:51:25	0:02:49	2:24:32	Mexico	
8a47e90d-f28e-f111-8077-0022480994c2	587	Aaron Miguel FLORES AGUILAR	M	M40-44	57	6:01:56	0:38:58	0:06:44	2:47:26	0:02:53	2:25:55	Mexico	
19ffc45e-f42b-4855-9582-9d19df2c18d1	588	Daniel Barbosa Carvajal	M	M30-34	83	6:02:01	0:30:52	0:04:09	2:36:10	0:06:05	2:44:45	Colombia	
f4489918-399e-f011-b41c-000d3a5b7c3b	589	Jorge Fabela	M	M35-39	82	6:02:05	0:39:48	0:10:31	2:49:08	0:10:51	2:11:47	Mexico	
54eb179b-0cc9-45ad-aaf5-78e5ff8f678d	590	Blanca Martinez	F	M55-59	15	6:02:05	0:35:32	0:08:40	2:44:45	0:07:21	2:25:46	Mexico	
bb2fe9a8-d42c-ef11-840a-000d3a367177	591	Ines Villafana	F	F18-24	18	6:02:06	0:34:58	0:03:52	2:55:24	0:03:54	2:23:57	Mexico	
00da153b-010e-4762-bd15-d2dedcee2b36	592	Daniel Dávila	M	M25-29	82	6:02:23	0:38:18	0:04:16	2:58:29	0:03:47	2:17:34	Mexico	
ee9e90be-04b9-ec11-983f-00224806dc78	593	Corby Bittner	M	M55-59	16	6:02:28	0:37:14	0:05:01	2:36:56	0:05:29	2:37:47	United States	
1be2f23a-549a-f011-b4cc-000d3a5cf7d8	594	Dominic BUSHER	M	M40-44	58	6:02:34	0:48:25	0:11:47	2:50:53	0:04:54	2:06:36	Mexico	
d9f7082a-0dfb-f011-8406-002248081bd6	595	Jesús Quijano	M	M35-39	83	6:02:39	0:37:52	0:05:38	2:49:06	0:03:53	2:26:10	Mexico	
ab0b7b17-a4e0-4565-b092-5d032af5f06c	596	Sofia Rodríguez Rios	F	F18-24	19	6:02:46	0:37:58	0:05:33	3:01:47	0:03:25	2:14:01	Mexico	
49414bd4-c8e4-461a-bc94-b55bb8dd365a	597	Nicolas Mena Lopez	M	M18-24	78	6:02:54	0:39:04	0:05:10	2:39:33	0:02:35	2:36:33	Mexico	
4f378801-2e67-f011-bec2-000d3a5b7c3b	598	CLAUDIA PORRAS CASTRO	F	F35-39	16	6:02:57	0:34:12	0:06:04	3:09:40	0:04:52	2:08:09	Mexico	
81e7ab9e-fa1f-f111-8341-0022480b35b6	599	Jorge Gil Ortiz	M	M35-39	84	6:03:05	0:39:06	0:05:21	2:53:36	0:03:32	2:21:31	Mexico	
627fe312-85db-4508-9a74-0d0ce2a9a764	600	Mario Shamir Morales Lara	M	M30-34	84	6:03:11	0:40:55	0:06:06	2:59:44	0:04:13	2:12:13	Mexico	
10dd0ddd-02ac-f111-aaab-7ced8d6ecc26	601	Aarturo Manuel Rodríguez Medina	M	M55-59	17	6:03:13	0:30:44	0:04:28	2:48:33	0:05:43	2:33:46	Mexico	
7a642efa-41c9-474b-91d5-2aa5ef43b075	602	Marco Vera	M	M35-39	85	6:03:14	0:41:04	0:07:54	2:48:49	0:05:17	2:20:10	Mexico	
223fa406-9761-ef11-bfe3-000d3a3b4ec1	603	Jeronimo Jacques	M	M18-24	79	6:03:18	0:31:30	0:06:50	2:48:36	0:06:28	2:29:54	Mexico	
9eac4411-b00b-f111-8406-6045bd06566a	604	Edwin Marco Antonio Umaña Reyes	M	M25-29	83	6:03:19	0:47:24	0:06:08	2:54:29	0:03:53	2:11:26	Guatemala	
29244576-27a9-f011-bbd3-000d3a5b50ba	605	SEBASTIAN DEL ANGEL LOPEZ	M	M25-29	84	6:03:20	0:34:49	0:04:58	2:57:19	0:02:37	2:23:38	Mexico	
f977f24a-2f63-4fd7-afb6-ee1beb3c124a	606	Gustavo Gutierrez Mora	M	M25-29	85	6:03:20	0:44:35	0:06:11	2:47:36	0:05:17	2:19:42	Mexico	
9e7c1760-1c01-f111-8406-002248046451	607	Allan Mendoza Dawe	M	M30-34	85	6:03:22	0:32:00	0:05:49	2:45:41	0:05:56	2:33:56	Mexico	
3aadc712-4650-f011-877a-0022480a7385	608	Estefania Vazquez	F	F30-34	23	6:03:31	0:48:36	0:06:44	2:55:24	0:04:24	2:08:24	Mexico	
134a1722-9582-f011-b4cc-6045bd09951e	609	Fabricio Rosa	M	M18-24	80	6:03:55	0:50:42	0:07:27	2:57:25	0:03:38	2:04:42	El Salvador	
bc166cf3-cd93-ef11-8a6a-002248049fdc	610	Marissol Barros	F	F50-54	4	6:03:56	0:37:30	0:06:18	3:07:09	0:03:29	2:09:30	Brazil	
403a5d0b-d80a-f111-8406-0022480994c2	611	Axel Sanchez	M	M18-24	81	6:04:07	0:36:33	0:08:38	2:51:43	0:04:07	2:23:06	Mexico	
38f50c3a-cd46-4e97-8a66-caf1a3e73242	612	Mauricio Edmundo Rocha Rascón	M	M40-44	59	6:04:23	0:40:38	0:05:48	2:54:04	0:05:13	2:18:40	Mexico	
380c0044-e1bb-4ea8-bc39-219a4d24274e	613	Jose Ignacio Olmos Rios	M	M45-49	35	6:04:26	0:37:15	0:05:50	2:56:48	0:04:23	2:20:11	Mexico	
64e1cc8f-4512-4393-86f2-abdfd53a0b64	614	Anda Isabel Madrid Gutierrez	F	F18-24	20	6:04:41	0:35:34	0:04:45	3:07:46	0:04:27	2:12:09	Guatemala	
9df54430-6b34-f111-88b4-0022480994c2	615	Oswald Gonzalez	M	M25-29	86	6:04:51	0:51:32	0:06:10	2:57:50	0:02:31	2:06:48	Mexico	
1718733c-5586-f111-ab0f-0022480994c2	616	Sergio Jonathan Alcocer Quiroz	M	M30-34	86	6:04:51	0:46:43	0:06:53	2:51:25	0:05:12	2:14:38	Mexico	
b6008d7e-785e-4ebf-a6a0-d0c9286f1aa3	617	Tomas Donadio	M	M35-39	86	6:04:52	0:47:57	0:04:28	3:01:49	0:03:18	2:07:20	Argentina	
e26ea0f0-e7fa-f011-8406-7ced8d3cd7d9	618	Adrian Noyola Gonzalez	M	M25-29	87	6:04:56	0:51:10	0:07:30	2:56:38	0:04:17	2:05:22	Mexico	
c933a9f2-5c6f-f011-bec3-6045bd05fcc1	619	Emmanuel Martínez	M	M35-39	87	6:04:57	0:35:34	0:05:17	2:57:17	0:04:01	2:22:49	Mexico	
e1bd5028-0438-ef11-8409-6045bd0953ac	620	SERGIO ISMAEL GRADILLA JIMENEZ	M	M25-29	88	6:04:58	0:41:35	0:05:03	2:59:36	0:05:24	2:13:19	Mexico	
b7886ef1-d7fa-f011-8406-0022480b84a3	621	Jose Alejandro Silva Uribe	M	M30-34	87	6:05:01	0:35:51	0:08:24	2:54:08	0:05:58	2:20:39	Mexico	
1b59af33-8ac0-4ce0-8de8-7b31f3ccfc69	622	Eduardo Comte López	M	M18-24	82	6:05:04	0:53:45	0:05:15	2:57:17	0:04:17	2:04:31	Mexico	
87312aa8-c49b-4327-9c0c-29e81799d239	623	Jorge Abreu Manzanares	M	M45-49	36	6:05:06	0:44:48	0:09:30	2:39:39	0:08:39	2:22:30	Mexico	
20ef5d86-beb5-f011-bbd3-000d3a5b7c3b	624	Pedro Cambuim	M	M18-24	83	6:05:26	0:45:43	0:05:24	2:59:38	0:03:12	2:11:29	Brazil	
ba954a89-b6fd-ee11-a1ff-000d3a314c24	625	Hector Llanos	M	M45-49	37	6:05:40	0:34:29	0:06:13	3:08:44	0:04:03	2:12:10	Mexico	
29eda476-3dfd-f011-8406-6045bd08b1a2	626	isabel rojo	F	F25-29	21	6:05:56	0:38:08	0:05:40	2:57:37	0:04:54	2:19:37	Mexico	
43379188-a00b-f111-8406-0022480b35b6	627	Javier Valdivia	M	M25-29	89	6:05:58	0:34:04	0:05:28	3:01:24	0:05:06	2:19:57	Mexico	
3ee2ac95-db43-f111-88b3-6045bd06566a	628	Paulina Vasquez	F	F30-34	24	6:06:09	0:36:53	0:07:36	3:09:03	0:06:51	2:05:46	Mexico	
80b8fd46-770b-f111-8406-0022480994c2	629	José Luis Vivas Dzib	M	M35-39	88	6:06:16	0:39:02	0:04:32	2:54:07	0:03:14	2:25:21	Mexico	
8b6ebe9f-09fb-f011-8406-0022480af2f3	630	Jose Manuel Fernandez Cupido	M	M18-24	84	6:06:17	0:40:36	0:06:19	3:00:30	0:04:15	2:14:37	Mexico	
b02c5d75-873a-f011-b4cc-000d3a5b7c3b	631	Andres Gomez	M	M25-29	90	6:06:21	0:40:48	0:04:21	2:59:34	0:05:03	2:16:35	Colombia	
193566d9-ec17-f111-8341-002248046ec8	632	JORGE MANUEL ORNELAS TISCAREÑO	M	M35-39	89	6:06:21	0:46:17	0:05:22	3:00:55	0:03:27	2:10:20	Mexico	
18868be5-a504-4462-bdab-ad177093f47f	633	Stephany Marie Robinson	F	F35-39	17	6:06:22	0:41:00	0:04:33	2:54:55	0:02:12	2:23:42	Panama	
3467d3f9-885c-4abb-83e7-ade561e2738d	634	Mario Magaña Oyosa	M	M40-44	60	6:06:27	0:34:04	0:06:18	2:54:06	0:03:50	2:28:09	Mexico	
f68e01a3-5deb-f011-8544-000d3a5b50ba	635	Roberto Castillo	M	M30-34	88	6:06:30	0:41:39	0:04:52	3:02:38	0:03:30	2:13:51	Mexico	
1648ac3b-820e-f111-8406-6045bd06f930	636	Maximiliano Huerta García	M	M30-34	89	6:06:47	0:39:19	0:08:01	3:03:11	0:06:50	2:09:27	Mexico	
f7152560-3b91-42e9-8b64-afd17f5d6cfd	637	Juan Pablo López Sousa	M	M25-29	91	6:06:52	0:31:44	0:05:23	2:58:36	0:04:42	2:26:27	Mexico	
7ca1f7bb-5d0f-f111-8406-0022480a5755	638	Alejandro Aguilera	M	M18-24	85	6:07:11	1:00:35	0:03:53	3:06:17	0:03:46	1:52:41	Mexico	
ec0cc987-400d-f111-8406-0022480994c2	639	Saul Retureta	M	M35-39	90	6:07:11	0:49:47	0:06:52	2:59:33	0:03:39	2:07:21	Mexico	
ec601007-b51f-f111-8341-0022480b84a3	640	Daniel Rodriguez	M	M25-29	92	6:07:13	0:47:43	0:08:21	3:09:36	0:05:00	1:56:33	Mexico	
4edbba61-e868-f011-bec3-6045bd09951e	641	Oswaldo Ramirez	M	M40-44	61	6:07:24	1:06:30	0:07:19	2:56:55	0:04:43	1:51:57	Mexico	
6bb17d96-a0b2-ef11-b8e9-000d3a30152c	642	Alan H Leon	M	M30-34	90	6:07:27	0:44:13	0:06:18	2:53:40	0:03:20	2:19:55	Mexico	
1dc031fe-96fc-f011-8406-6045bd06566a	643	María Isabel Rodríguez Jacinto	F	F30-34	25	6:07:29	0:33:59	0:06:11	2:59:08	0:04:38	2:23:33	Mexico	
0227b672-5d9e-4f97-844e-6efb941c1065	644	Rodrigo Menendez	M	M25-29	93	6:07:36	0:38:24	0:08:44	2:46:50	0:03:47	2:29:52	Mexico	
4ec588ad-d82f-f111-88b4-0022480995bd	645	MARIO HERNANDEZ	M	M30-34	91	6:07:37	0:41:45	0:13:16	3:01:29	0:07:32	2:03:36	Colombia	
58eb3947-5813-f011-998a-000d3a35ffc1	646	Esteban Gonzalez Guerra	M	M25-29	94	6:07:50	0:35:52	0:05:10	2:55:02	0:04:25	2:27:22	Mexico	
61fa79e8-ad4c-f111-bec5-0022480b35b6	647	Victor Saul Rodriguez Torres	M	M30-34	92	6:07:55	0:37:20	0:06:14	2:58:44	0:04:18	2:21:19	Mexico	
332c6cd6-5a17-4e51-bb86-9654d0f858da	648	Ruben Pichardo	M	M55-59	18	6:08:01	0:34:23	0:05:20	2:41:54	0:04:18	2:42:05	Mexico	
1b08158f-6d03-f111-8406-0022480b84a3	649	ALAN CARRANZA	M	M30-34	93	6:08:24	0:53:31	0:06:43	2:57:51	0:03:43	2:06:36	Mexico	
3117b657-d1b8-4a14-8d84-2ccd7a54a342	650	Edgar Fonseca		M45-49	38	6:08:27	0:29:49	0:03:14	2:39:17	0:03:24	2:52:43	Mexico	
c3e2754d-247a-ef11-a670-6045bd05c809	651	Imanol Cach Herrera	M	M25-29	95	6:08:30	0:37:10	0:05:38	3:07:41	0:05:35	2:12:26	Mexico	
33d5cd78-fcf0-f011-8406-00224804742c	652	Anna García Morineau	F	F30-34	26	6:08:33	0:34:08	0:06:22	3:09:36	0:05:17	2:13:10	Mexico	
3c77094b-d95f-ef11-bfe3-000d3a367177	653	Ana Sofia de Luna Mancilla	F	F18-24	21	6:08:37	0:27:08	0:06:02	3:12:35	0:06:05	2:16:47	Mexico	
a4ae55c3-7f9a-f011-b4cc-000d3a35ffc1	654	Javier Horta Ballesteros	M	M55-59	19	6:08:38						Mexico	
78177666-e744-f111-bec5-000d3a36fe5f	655	Guillermo Márquez	M	M25-29	96	6:08:42	0:40:19	0:06:34	2:55:36	0:05:12	2:21:00	Mexico	
e9161768-d8fc-f011-8406-002248046ec8	656	Mariana Gil	F	F18-24	22	6:08:46	0:35:34	0:10:05	3:03:23	0:06:20	2:13:25	Mexico	
60faaeeb-e5fa-f011-8406-6045bd08b1a2	657	Xavier Vazquez Ceja	M	M18-24	86	6:09:02	0:35:07	0:05:26	3:01:15	0:04:37	2:22:38	Mexico	
da7aa9de-873a-f011-b4cc-000d3a3173b5	658	Santiago Rojas Quintero	M	M30-34	94	6:09:06	0:37:18	0:04:56	3:00:13	0:04:40	2:21:59	Colombia	
c2603b13-7efd-f011-8406-0022480b88da	659	Yoidovina Vázquez López	F	F35-39	18	6:09:08	0:55:43	0:06:33	3:09:29	0:04:34	1:52:49	Mexico	
0fc84493-68b1-f111-aaac-70a8a59af2e9	660	Nahel JR Karame Lira	M	M25-29	97	6:09:08	0:45:45	0:06:56	3:16:22	0:04:56	1:55:08	Mexico	
ef3619b3-fa72-ef11-a670-0022480ac0a9	661	Richard Fernando Narváez Chaves	M	M35-39	91	6:09:13	0:41:30	0:06:23	2:49:06	0:04:10	2:28:05	Colombia	
9076a701-c8ec-ee11-a204-000d3a314c24	662	Maria Vanessa Zamora Mora	F	F40-44	16	6:09:19	0:38:38	0:06:15	3:10:16	0:06:13	2:07:58	Costa Rica	
5a5ae85e-4abe-4a31-975f-d8ad410176b9	663	Santiago Escarcega	M	M30-34	95	6:09:27	0:35:01	0:05:28	2:58:36	0:03:40	2:26:42	Mexico	
0adbe795-9f97-4dac-9d49-5adaec6c6ca1	664	Juan Jose Roman Cancino	M	M60-64	4	6:09:34	0:43:24	0:08:39	2:56:09	0:05:43	2:15:39	Mexico	
25271caf-e577-f111-ab0f-7c1e528d5074	665	CIRILO ALEJANDRO FLORES CRUZ	M	M40-44	62	6:09:37	0:31:24	0:06:49	3:17:01	0:07:07	2:07:17	Mexico	
21a8eabc-9d0b-f111-8406-0022480a5755	666	KATIA VERONICA NAVARRO PEDRAZA	F	F18-24	23	6:09:41	0:45:46	0:04:45	2:56:35	0:03:48	2:18:47	Mexico	
c0e1e1c3-f761-f111-a825-0022480b88da	667	Leonardo Bastianel	M	M18-24	87	6:09:42	0:50:07	0:06:38	3:06:54	0:03:15	2:02:49	Brazil	
c8c30609-cffb-f011-8406-0022480a5755	668	Andres Navar	M	M30-34	96	6:09:45	0:32:30	0:06:17	2:55:02	0:04:46	2:31:10	Mexico	
e60dbf0c-0fcb-ef11-b8e8-6045bd018d16	669	Luis Felipe Rodriguez Parga	M	M40-44	63	6:09:46	0:39:02	0:07:36	2:46:38	0:04:04	2:32:25	Mexico	
f9c54e84-16d7-f011-8543-6045bd05fcc1	670	José Israel Zaragoza Hernández	M	M35-39	92	6:09:53	0:48:28	0:06:27	2:52:33	0:06:54	2:15:31	Mexico	
45920e81-2fb0-ef11-b8e8-6045bd088264	671	Francisco Fonseca Aguilar	M	M35-39	93	6:09:54	0:34:16	0:04:16	2:43:13	0:16:56	2:31:14	Costa Rica	
d69b70df-996a-49fe-910c-3931313e893b	672	Uriel Rodriguez De La Rosa	M	M30-34	97	6:09:57	0:42:56	0:05:32	2:53:03	0:02:39	2:25:47	Mexico	
07e081ec-ea56-f111-bec7-6045bd08b1a2	673	Cesar Abrahan Herrera Coutiño	M	M35-39	94	6:10:12	0:36:15	0:06:14	3:06:14	0:04:15	2:17:15	Mexico	
ad3014ae-405b-f011-bec2-000d3a5b50ba	674	Jose Carlos Guerrero	M	M40-44	64	6:10:18	0:35:17	0:08:43	2:51:33	0:05:19	2:29:25	Mexico	
f5238431-4332-4a42-93db-c1a7c000970f	675	Francisco Torres Luquin	M	M50-54	27	6:10:24	0:40:14	0:06:07	2:53:35	0:06:07	2:24:21	Mexico	
fd846c68-cbff-f011-8406-0022480b35b6	676	Danilo Zanetti	M	M45-49	39	6:10:29	0:38:31	0:06:50	2:58:42	0:06:37	2:19:50	Brazil	
2c2f1c2f-de34-f011-8c4e-000d3a5cf7d8	677	Juan Antonio Muñoz	M	M25-29	98	6:10:36	0:30:54	0:04:39	2:50:06	0:04:52	2:40:05	Mexico	
6df1b2fe-7008-f111-8406-0022480994c2	678	Amaury Joffre Vilchis	M	M30-34	98	6:10:38	0:31:06	0:06:02	3:02:17	0:07:47	2:23:26	Mexico	
c5ffde9a-fde9-4f55-895a-08c54f97af56	679	Jorge Luis Gallardo Requena	M	M40-44	65	6:10:43	0:47:11	0:03:20	2:45:22	0:03:31	2:31:19	Mexico	
726955fd-3efb-f011-8406-002248046ec8	680	Salvador Abdala	M	M25-29	99	6:10:44	0:44:39	0:04:45	3:00:55	0:05:29	2:14:55	Mexico	
3d8f3d10-01fb-f011-8406-002248081bd6	681	Alan Eduardo Arredondo Bucio	M	M30-34	99	6:10:52	0:35:20	0:05:30	2:41:37	0:05:05	2:43:21	Mexico	
cc2da13c-7c4d-f111-bec5-6045bd06566a	682	Nayeli Casco Pérez	F	F25-29	22	6:11:05	0:39:47	0:04:39	3:06:59	0:04:10	2:15:30	Mexico	
d2ec4d9a-18a1-ef11-8a6a-002248049fdc	683	Erika Lissette Sánchez Astorga	F	F25-29	23	6:11:08	0:48:52	0:05:47	3:04:54	0:04:03	2:07:32	Mexico	
a783b593-510d-ef11-9f89-6045bd00e0b7	684	Ileana Ochoa herrera	F	F30-34	27	6:11:09	0:36:43	0:06:08	2:54:25	0:04:12	2:29:42	Mexico	
4f335b2c-3faf-48b3-b908-63417fc1602c	685	Alexa Natalia Aragón Gorocica	F	F25-29	24	6:11:13	0:36:25	0:04:22	2:56:52	0:02:57	2:30:36	Mexico	
95ff60e6-7ba4-f011-bbd2-000d3a36d180	686	Lilia Ireri Montalvo Aguilar	F	F40-44	17	6:11:16	0:40:30	0:03:27	3:11:07	0:03:24	2:12:48	Mexico	
915234e5-1ba5-432c-8073-636ad90fa795	687	Alberto Venado	M	M45-49	40	6:11:22	0:42:20	0:04:33	2:47:58	0:07:58	2:28:33	Mexico	
c5d36e4d-f395-ec11-b400-002248080987	688	Eduardo Juarez	M	M40-44	66	6:11:22	0:33:42	0:05:51	2:46:32	0:05:01	2:40:16	Mexico	
e2312c11-9e77-f011-b4cc-000d3a35ffc1	689	Ricardo Sánchez Ortiz	M	M25-29	100	6:11:43	0:43:11	0:05:27	3:10:52	0:03:50	2:08:23	Mexico	
f9e4b4f2-145c-41ee-b3ac-a3507c7b0c20	690	KEPLER SILVEIRA LEITE	M	M40-44	67	6:11:44	0:35:36	0:05:15	3:00:19	0:03:48	2:26:46	Brazil	
0d3dfb58-ee92-f111-8076-70a8a5b19cbc	691	Zuriel Mendoza	M	M30-34	100	6:11:46	0:38:36	0:06:01	3:00:28	0:05:44	2:20:58	Mexico	
50eeecab-7795-f011-b4cc-6045bd05fcc1	692	Luis David Zendejas	M	M30-34	101	6:11:50	0:41:18	0:04:14	3:00:10	0:02:57	2:23:12	Mexico	
0b4bdc09-4608-4eee-a3ed-28398234d5f5	693	Valeria Quintana	F	F18-24	24	6:11:51	0:37:51	0:05:35	3:10:21	0:06:14	2:11:49	Mexico	
a3d6a9dc-f815-f111-8341-002248046451	694	Mario Mesino Miranda	M	M35-39	95	6:11:58	0:36:04	0:06:21	2:58:35	0:09:57	2:21:01	Mexico	
a8c34987-13fa-f011-8406-002248046ec8	695	Jose Mombiela	M	M25-29	101	6:11:58	0:37:03	0:06:19	2:42:34	0:05:32	2:40:29	Guatemala	
e6d08919-6bba-4367-acde-25bce7ad50e2	696	Carlos Ponce	M	M55-59	20	6:12:13	0:34:29	0:04:29	2:51:39	0:04:24	2:37:11	Mexico	
f173f347-5b28-f111-8341-002248046451	697	Harry Putt	M	M25-29	102	6:12:20	0:43:03	0:06:36	2:56:53	0:05:00	2:20:48	United States	
c2aa838e-0550-f111-bec6-0022480b84a3	698	Jeronimo Mijares Carrillo	M	M18-24	88	6:12:24	0:48:01	0:06:18	3:05:38	0:07:39	2:04:48	Mexico	
1928bdc0-9520-f111-8341-0022480995bd	699	Marcelo De Lara	M	M18-24	89	6:12:35	0:36:39	0:06:37	3:04:29	0:04:44	2:20:06	Mexico	
ca0b9379-e62c-450a-8ac9-26ffe106349b	700	Andre Gonzalez	M	M18-24	90	6:12:35	0:44:17	0:04:48	3:06:48	0:02:25	2:14:18	Mexico	
3178b368-0c09-f111-8406-002248046ec8	701	Jose Carlos Solis Guillen	M	M25-29	103	6:12:37	0:32:06	0:06:34	3:02:10	0:03:45	2:28:02	Mexico	
21b6158e-fea9-4e3b-a68b-5430b640f506	702	Jaroslav Stern	M	M30-34	102	6:12:45	0:36:09	0:06:31	2:39:24	0:03:18	2:47:24	Mexico	
130f4c5b-6263-f111-a826-002248046ec8	703	Peter Smiechowski	M	M45-49	41	6:12:50	0:26:28	0:06:31	2:42:29	0:07:01	2:50:22	Canada	
122da5d2-f45c-f011-bec2-6045bd09951e	704	Sofia Olvera	F	F35-39	19	6:12:53	0:51:00	0:08:48	3:13:12	0:08:38	1:51:15	Mexico	
3c1daf9c-0efb-f011-8406-6045bd08b1a2	705	Oscar Antonio Diosdado Soriano	M	M40-44	68	6:12:53	0:30:59	0:07:02	3:14:55	0:05:21	2:14:36	Mexico	
f9a07df4-430f-f011-9988-0022480a7385	706	Ismael Montes	M	M45-49	42	6:12:56	0:37:14	0:09:52	3:07:58	0:07:43	2:10:10	Mexico	
275474e6-ae8e-f111-8077-0022480994c2	707	PATRICIO HERNANDEZ MEJIA	M	M30-34	103	6:13:14	0:41:21	0:06:24	3:01:06	0:04:08	2:20:15	Mexico	
8041da12-6436-4d1c-8da3-c56470f84c10	708	Denis Daniel May Martinez	M	M45-49	43	6:13:18	0:29:45	0:03:17	2:40:14	0:02:57	2:57:05	Mexico	
11cbd17d-b50b-f111-8406-0022480a5755	709	Nathalia Durán	F	F18-24	25	6:13:19	0:33:07	0:09:29	2:59:14	0:07:10	2:24:20	Mexico	
0564315a-1b0a-f111-8406-002248081bd6	710	Sebastián Cisneros Ramos	M	M25-29	104	6:13:28	0:40:41	0:05:32	3:00:47	0:04:35	2:21:52	Mexico	
b2bae2aa-fbec-45db-bd59-5d8661d0fa59	711	Victor González Bautista	M	M30-34	104	6:13:35	0:36:08	0:06:31	2:44:39	0:04:02	2:42:16	Mexico	
38803a67-6535-ef11-8409-6045bd0953ac	712	Karla Patricia Garcia Solis	F	F35-39	20	6:13:45	0:36:11	0:05:25	2:58:17	0:06:30	2:27:22	Mexico	
8b4edc77-5961-4eb6-9f04-3096b1ba8f6d	713	Jon Swenson	M	M55-59	21	6:13:50	0:36:28	0:06:59	2:45:17	0:03:16	2:41:50	United States	
45c4e209-6a46-40ee-9305-95e83e567b73	714	Maricruz Murillo Fonseca	F	F55-59	2	6:13:53	0:32:56	0:05:11	3:13:44	0:04:06	2:17:55	Costa Rica	
2da5d38e-b682-49e7-b3a8-dabeda051562	715	Valeria Alcantara Gloria	F	F30-34	28	6:13:53	0:39:36	0:05:05	3:01:27	0:05:04	2:22:42	Mexico	
8541691e-2943-f111-88b3-0022480a5755	716	Celso Campoy	M	M18-24	91	6:14:01	0:40:02	0:05:16	3:17:28	0:02:38	2:08:37	Mexico	
1450a055-169c-f111-b8db-6045bd0a8fc3	717	Fernando Rodriguez Osorio	M	M30-34	105	6:14:03	0:50:25	0:08:04	3:03:10	0:03:51	2:08:31	Mexico	
380832bd-198a-4e72-9c4f-56c472ebccd9	718	Max Aguilera	M	M25-29	105	6:14:06	0:56:47	0:03:46	2:58:17	0:03:03	2:12:14	Mexico	
acaab170-be8f-4356-8952-1b026abb879a	719	Jesus Antonio Zarco Inclan	M	M50-54	28	6:14:07	0:38:15	0:08:06	2:42:58	0:04:33	2:40:15	Mexico	
06d0e2cf-7aba-ef11-b8e8-000d3a5ae96c	720	Pablo Kompalka	M	M18-24	92	6:14:14	0:45:05	0:05:01	2:47:40	0:04:23	2:32:04	Mexico	
a93b5c54-ce53-f111-bec6-7ced8d3d129b	721	Mario Ledezma Segovia	M	M18-24	93	6:14:15	0:56:41	0:05:41	2:45:39	0:05:27	2:20:48	Mexico	
ffe45214-b19d-4c99-8b24-c10b4460df0a	722	Maria Eugenia Añez Marcano	F	F50-54	5	6:14:25	0:38:21	0:05:05	3:02:07	0:05:32	2:23:20	Mexico	
9ce469af-1740-427d-9a72-5021910f12d3	723	ALEJANDRO DIAZ GARCIA	M	M45-49	44	6:14:26	0:42:15	0:11:46	3:01:09	0:04:46	2:14:31	Mexico	
62518594-4b35-43ec-a69c-36afbc2df8f5	724	Carlos Nicolás Infante López	M	M50-54	29	6:14:30	0:36:55	0:05:13	2:57:45	0:05:50	2:28:47	Argentina	
7fa0f276-c35e-4431-b4a9-a4f72d0a60fd	725	Tania Flores	F	F35-39	21	6:14:37	0:45:12	0:08:09	3:08:59	0:09:18	2:03:00	Mexico	
dfc26b35-06fb-f011-8406-002248046451	726	Luis Eduardo Veytia Puga	M	M30-34	106	6:14:41	0:39:34	0:05:56	2:48:57	0:03:44	2:36:28	Mexico	
3d5348c1-3f72-f011-bec3-000d3a5b50ba	727	Fernando Noriega vargas	M	M50-54	30	6:14:42	0:39:19	0:06:08	3:28:52	0:05:31	1:54:53	Chile	
f5228fc6-1efb-f011-8406-0022480b84a3	728	Montserrat Ortuño	F	F30-34	29	6:14:49	0:27:01	0:06:12	3:19:33	0:03:06	2:18:58	Mexico	
ccad6b67-09a0-4815-a97e-1de2e3dbcb0e	729	Enrique Vera Del Castillo	M	M45-49	45	6:14:57	0:34:34	0:05:54	3:02:47	0:03:34	2:28:08	Mexico	
0cf1a210-f622-f111-8341-6045bd081bdb	730	Alejandro Urbano Buxados	M	M40-44	69	6:14:58	0:41:39	0:09:22	2:58:35	0:06:32	2:18:49	Spain	
30b0db60-b206-f111-8406-6045bd020af6	731	Alondra Mazariegos	F	F18-24	26	6:14:59	0:46:50	0:06:10	2:54:33	0:04:35	2:22:51	Mexico	
229f25c8-e1ad-f011-bbd3-6045bd09951e	732	Dulce Montecillo	F	F30-34	30	6:15:10	0:47:06	0:07:13	2:57:24	0:07:20	2:16:05	Mexico	
c234d5ae-5de6-f011-8544-000d3a5cf7d8	733	Eduardo Espinosa	M	M40-44	70	6:15:11	0:35:17	0:04:36	3:00:16	0:02:17	2:32:45	Mexico	
944cc8de-11fb-f011-8406-002248046451	734	Jesús Eduardo Molina Cuéllar	M	M25-29	106	6:15:11	0:46:44	0:04:48	2:52:04	0:03:06	2:28:29	Mexico	
fce88431-fa1a-ef11-840b-6045bd012ace	735	Paola Arellano	F	F35-39	22	6:15:16	0:40:56	0:07:12	3:01:27	0:04:16	2:21:23	Mexico	
ea43171f-91be-4a45-9dbd-c0eca22a6ed0	736	Omar Morales	M	M50-54	31	6:15:20	0:52:39	0:04:38	2:49:10	0:04:03	2:24:50	Mexico	
aa91d354-07d6-4999-9a30-fd9ea4128a0a	737	Alberto Dominguez	M	M30-34	107	6:15:23	0:43:20	0:05:32	3:05:59	0:04:42	2:15:49	Mexico	
a29d74b8-6d8f-f111-8076-000d3a3ab682	738	Susana Hernandez lopez	F	F45-49	15	6:15:31	0:42:46	0:05:03	3:12:32	0:05:05	2:10:06	Mexico	
af8f6699-7843-f111-88b4-0022480b88da	739	Paola Alejandra Hernandez Espinoza	F	F30-34	31	6:15:35	0:37:23	0:05:09	3:13:33	0:04:10	2:15:20	Mexico	
1a7806a2-ff4f-464b-8613-ba77776f403f	740	Esteban Yepes Giraldo	M	M35-39	96	6:15:37	0:33:07	0:03:58	2:46:05	0:04:27	2:48:00	Panama	
9b6384cf-0052-f011-877a-000d3a3173b5	741	Diana Silvia Robles	F	F35-39	23	6:15:38	0:35:56	0:06:46	3:04:21	0:05:02	2:23:32	Mexico	
06f416f4-79bc-ef11-b8e9-002248049fdc	742	Rodrigo Zamudio	M	M30-34	108	6:15:38	0:32:35	0:07:45	2:59:21	0:05:17	2:30:41	Mexico	
e8d7833d-04fb-f011-8406-6045bd06566a	743	Jorge Andres Hernandez Ascencion	M	M30-34	109	6:15:38	0:51:08	0:07:35	2:56:12	0:05:43	2:15:00	Mexico	
6e8584ce-f7d5-4c63-b42a-7e88d7da5c5c	744	Wezley Bass	F	F30-34	32	6:15:39	0:35:10	0:06:28	3:02:59	0:04:46	2:26:16	United States	
af3f518f-d9ed-f011-8407-6045bd09fcf5	745	JOSÉ GUILLERMO MORENO ESCALANTE	M	M40-44	71	6:15:41	0:28:37	0:07:23	2:57:27	0:06:17	2:35:56	Mexico	
1e89b7cf-3cf6-f011-8406-002248046ec8	746	Jesahel Valdivia Moreno	M	M45-49	46	6:15:49	1:09:36	0:12:27	2:28:53	0:10:18	2:14:36	Mexico	
141749cb-acfd-432a-b3ce-19a972c80db5	747	Luis Humberto Diaz Jouanen	M	M25-29	107	6:15:52	0:44:26	0:07:17	2:56:58	0:05:56	2:21:15	Mexico	
e2b0c829-a689-4501-a058-df53a8d42e78	748	Josh Pryor	M	M30-34	110	6:15:54	0:30:38	0:03:29	2:40:10	0:02:49	2:58:48	United States	
c52ee8f0-df66-ef11-bfe3-000d3a371e3b	749	Carlos Pecina	M	M35-39	97	6:15:55	0:41:19	0:06:06	2:51:24	0:04:51	2:32:15	Mexico	
52c274b4-bd0b-f111-8406-0022480b84a3	750	Ricardo Romo Méndez	M	M25-29	108	6:15:58	0:26:30	0:06:09	3:06:58	0:04:44	2:31:36	Mexico	
4a83522c-f617-f011-998a-000d3a5b50ba	751	Marcos Cerqueira	M	M45-49	47	6:16:02	0:56:36	0:06:45	2:47:45	0:06:28	2:18:28	Brazil	
2b403b8a-a9ac-f111-aaab-7c1e528d5074	752	Maria Del Carmen Ibarrola Martinez	F	F40-44	18	6:16:08	0:41:29	0:06:39	3:06:33	0:08:08	2:13:19	Mexico	
72c9ecec-9101-f111-8406-0022480a5755	753	Cesar De la Luz	M	M25-29	109	6:16:17	0:40:00	0:07:24	2:58:41	0:04:14	2:25:57	Mexico	
cf66051c-e9d0-408f-9494-791ba4026584	754	Emiliano Fraga	M	M18-24	94	6:16:30	0:35:49	0:07:29	3:20:39	0:04:52	2:07:41	Mexico	
2d4b8849-16dd-f011-8544-000d3a5b50ba	755	Samantha Aguero	F	F18-24	27	6:16:50	0:34:33	0:04:26	3:06:03	0:04:39	2:27:09	Mexico	
fb9110df-b80b-f111-8406-002248046ec8	756	victor hugo gomez zambrano	M	M40-44	72	6:16:52	0:40:43	0:04:01	2:52:18	0:04:28	2:35:22	Mexico	
e1087b1c-b09b-4bb8-9c5d-c0b1d4e6d571	757	Eduardo Gamez	M	M40-44	73	6:16:58	0:45:44	0:07:52	3:15:23	0:05:37	2:02:21	Mexico	
91742c2c-4844-4665-8f99-70373b3bf4c9	758	Zach Rahm	M	M25-29	110	6:17:00	0:27:52	0:04:31	2:30:48	0:03:45	3:10:04	United States	
0d14841c-04fb-f011-8406-0022480a5755	759	Fernando González Trejo	M	M18-24	95	6:17:03	1:03:16	0:09:37	3:06:28	0:03:37	1:54:06	Mexico	
f3f66523-17fb-f011-8406-0022480b35b6	760	Rubén Omar Sánchez	M	M30-34	111	6:17:05	0:36:24	0:06:45	3:14:52	0:04:35	2:14:28	Mexico	
fdc4109f-3d6e-f011-bec3-6045bd09951e	761	Edmundo Canales	M	M25-29	111	6:17:11	0:51:09	0:06:53	2:55:22	0:03:11	2:20:36	Mexico	
0b493505-a7bb-4665-a917-48bf10af9e8b	762	Hector Alejandro Garnica Torres	M	M30-34	112	6:17:11	0:34:58	0:07:06	3:00:23	0:04:11	2:30:33	Mexico	
fd798842-3b3e-f011-b4ca-000d3a5cf7d8	763	Diego Sosa	M	M25-29	112	6:17:20	0:44:39	0:04:39	2:52:02	0:04:29	2:31:31	Mexico	
6eeb355a-0bfb-f011-8406-0022480b3ee9	764	Rodrigo Riquelme	M	M18-24	96	6:17:20	0:41:19	0:04:44	3:13:48	0:03:08	2:14:20	Mexico	
1280e4d2-fadd-f011-8544-000d3a5b50ba	765	SAUL GOMEZ JR	M	M18-24	97	6:17:20	0:51:09	0:04:59	2:53:21	0:02:35	2:25:17	Mexico	
0fde2127-e9fa-f011-8406-7ced8d6e0ae3	766	Gabriela Perdomo	F	F30-34	33	6:17:22	0:42:54	0:06:27	3:14:53	0:04:24	2:08:46	Guatemala	
76ade06c-0eb8-ef11-b8e9-000d3a5a1803	767	Gerardo Lehne Marquina	M	M18-24	98	6:17:31	0:41:34	0:05:10	2:49:21	0:03:17	2:38:09	Germany	
574835a8-ca26-4e5b-bc1d-b68d930b20af	768	Fernando De La Isla Arriola	M	M30-34	113	6:17:37	0:33:22	0:10:23	3:07:09	0:03:49	2:22:53	Mexico	
5d8032df-2739-f111-88b4-0022480994c2	769	Derek Turley	M	M25-29	113	6:17:39	0:42:39	0:04:53	3:11:56	0:04:29	2:13:42	United States	
04aefb80-d7e1-4e8b-b3a7-3acdb7b5a9a5	770	Julio Kim Briseño	M	M45-49	48	6:17:49	0:39:47	0:07:11	2:46:22	0:06:09	2:38:20	Mexico	
3ba17ff1-e401-4490-9beb-32a98ddda5f2	771	Alejandro Sánchez González	M	M45-49	49	6:17:51	0:37:35	0:13:08	2:55:17	0:06:27	2:25:24	Mexico	
d4bb5586-0919-f111-8341-0022480b84a3	772	Ricardo Lara	M	M18-24	99	6:17:55	0:41:42	0:07:13	2:57:23	0:04:58	2:26:38	Guatemala	
4fca9cdb-93eb-457f-a62a-55d800dba49e	773	Julian Javier Chi Cen	M	M50-54	32	6:18:17	0:41:07	0:06:10	3:10:46	0:03:22	2:16:53	Mexico	
166ea4a2-ad77-4fe6-9882-59d20f271ff2	774	Alexandre Machado	M	M50-54	33	6:18:21	0:41:19	0:12:28	2:51:12	0:09:35	2:23:47	Brazil	
1d9cf644-dfb6-f011-bbd3-000d3a5cf7d8	775	BRENDA MIRANDA VAZQUEZ	F	F35-39	24	6:18:24	0:43:22	0:07:45	3:07:06	0:04:31	2:15:40	Mexico	
e84a36a4-3cbe-4326-8cac-92bcbc4500e7	776	Genaro Fernandez	M	M45-49	50	6:18:25	0:33:27	0:08:32	2:59:13	0:06:14	2:30:59	Mexico	
8561ba3d-6356-4218-8351-cd234170a8c1	777	Josué Ramirez	M	M40-44	74	6:18:30	0:44:00	0:06:25	2:55:57	0:05:25	2:26:43	Mexico	
725ab1e5-f671-ef11-a671-6045bd0953ac	778	Octavio sanchez	M	MGuide	1	6:18:31	0:43:33	0:06:07	2:52:31	0:06:32	2:29:48	Argentina	
557775c6-69a7-ef11-8a69-000d3a5a403c	779	Alan Alejandro Medina Granados	M	M25-29	114	6:18:33	0:46:01	0:05:06	3:06:33	0:03:45	2:17:07	Mexico	
e7a3573e-ebbf-ef11-b8e9-000d3a5a1803	780	Sebastian Fajardo	M	M30-34	114	6:18:34	0:38:58	0:07:07	2:51:46	0:03:24	2:37:19	Colombia	
49ec4a58-b223-41ee-ad3a-927c262d65c2	781	Fernanda Cancino	F	F30-34	34	6:18:44					2:22:08	Mexico	
c7a549c1-aaaf-f011-bbd3-6045bd05fcc1	782	Diego Gonzalez	M	M18-24	100	6:18:49	0:45:45	0:04:21	3:03:33	0:04:28	2:20:43	Mexico	
e702d6fc-df43-f111-88b4-002248046ec8	783	GRETTEL MARLENE	F	F18-24	28	6:18:57	0:41:41	0:07:06	3:07:02	0:10:22	2:12:46	Mexico	
290cef09-b1fb-f011-8406-0022480a5755	784	MAURICIO GALVEZ HERNANDEZ	M	M25-29	115	6:18:58	0:42:23	0:07:22	3:04:49	0:05:44	2:18:40	Mexico	
7adacd96-960b-f111-8406-002248046ec8	785	David Adrián Martinez Alvarado	M	M25-29	116	6:18:58	0:32:28	0:06:55	3:12:15	0:03:04	2:24:17	Mexico	
aaa0aa02-f3fb-f011-8406-002248046ec8	786	jose manuel velazquez mecott	M	M40-44	75	6:18:59	0:45:04	0:04:18	3:13:10	0:04:22	2:12:04	Mexico	
a3efdb6c-2227-41ef-9a25-a9b598bffecf	787	LORENA OSTOS RANGEL	F	F35-39	25	6:19:17	0:43:26	0:05:35	3:14:30	0:04:36	2:11:10	Mexico	
f9642a19-9fec-4271-af5c-43aeb0cf310e	788	Ana Lupita Morales Valencia	F	F50-54	6	6:19:20	0:39:02	0:05:11	2:55:34	0:04:28	2:35:05	Mexico	
43a2dc67-f564-f111-a825-0022480b35b6	789	Alberto Lopez Sanchezbedolla	M	M30-34	115	6:19:26	0:37:13	0:05:23	2:46:29	0:05:10	2:45:11	Mexico	
da4b4d85-537c-4b47-b6c6-b0552c67eb70	790	CARMEN GUADALUPE CANO QUIJANO	F	F50-54	7	6:19:28	0:40:43	0:05:18	2:58:41	0:07:11	2:27:33	Mexico	
92bb036e-0df3-f011-8406-00224804c237	791	Irving German Sánchez Hernández	M	M35-39	98	6:19:35	0:44:22	0:07:45	3:21:50	0:04:00	2:01:38	Mexico	
60e2c078-edae-4e2d-9b10-0916cb0b27a6	792	David Enrique Morales Rome	M	M40-44	76	6:19:39	0:43:29	0:05:48	2:48:33	0:04:19	2:37:31	Mexico	
d6ed076e-e4b3-ef11-b8e8-000d3a5a403c	793	Esteban Armas	M	M25-29	117	6:19:43	0:35:53	0:05:52	3:01:28	0:04:12	2:32:19	Guatemala	
9996878b-913a-43ab-8d05-f111ce644166	794	Alejandro Martinez Bogard	M	M50-54	34	6:19:57	0:34:54	0:03:30	2:52:51	0:04:03	2:44:39	Mexico	
ffc6c04d-ff02-f111-8406-6045bd08b1a2	795	HIRAM GARCIA	M	M50-54	35	6:20:05	0:32:01	0:09:50	3:02:46	0:04:53	2:30:35	Mexico	
579239ca-2977-4fa8-8dcf-5e8b38c45a8e	796	Gustavo Ganges	M	M55-59	22	6:20:13	0:53:25	0:05:42	2:53:22	0:05:11	2:22:33	Mexico	
5daaa9a4-c69b-4d0c-97a6-390363523724	797	Ernesto Sánchez Alcantara	M	M30-34	116	6:20:16	0:42:17	0:07:26	2:56:09	0:04:53	2:29:31	Mexico	
53030aa5-b1f5-f011-8406-6045bd08b1a2	798	Irán Martínez Duran	M	M40-44	77	6:20:29	0:50:20	0:05:51	2:47:16	0:06:15	2:30:47	Mexico	
1a7ffe71-737c-f011-b4cc-000d3a3173b5	799	Manuel Taboas	M	M25-29	118	6:20:34	0:35:38	0:05:41	3:03:06	0:03:25	2:32:44	Mexico	
6c145f22-808b-f111-ab10-002248046ec8	800	Paulina González	F	F25-29	25	6:20:36	0:39:20	0:07:40	3:30:38	0:05:39	1:57:19	Mexico	
71b5e6e1-6467-f111-a826-0022480b84a3	801	Sebastian Rodríguez	M	M18-24	101	6:20:38	0:30:53	0:04:33	2:43:09	0:03:20	2:58:44	Mexico	
8278ad48-52f7-4a0f-9dc7-84f8aeae5d2b	802	Iliana Jiménez	F	F40-44	19	6:20:43	0:49:46	0:06:18	3:03:29	0:04:33	2:16:37	Mexico	
ba909fb6-522d-f011-8c4d-002248098cfa	803	Maria Fernanda Ortega	F	F30-34	35	6:20:43	0:41:29	0:05:41	3:12:56	0:04:27	2:16:09	Mexico	
bb9cc2b1-2d22-4443-a7d8-155b2ee01c39	804	Sebastian Intriago	M	M25-29	119	6:20:43	0:48:23	0:05:07	3:06:34	0:03:17	2:17:21	Mexico	
a6fd54f5-7322-f111-8341-6045bd08b1a2	805	Iker monsech	M	M35-39	99	6:20:46	0:54:41	0:05:00	3:01:23	0:04:16	2:15:27	Mexico	
ac53047c-bf56-f111-bec7-0022480b84a3	806	Tamara Neuman	F	F55-59	3	6:20:59	0:31:13	0:05:36	2:53:29	0:03:44	2:46:57	Curaçao	
dd8a686d-30b6-4372-96d1-a695316a2994	807	Alma Skinfill Jarillo	F	F40-44	20	6:21:12	0:53:02	0:07:46	2:59:12	0:08:01	2:13:11	Mexico	
8e0d818d-b8d3-ef11-8ee9-6045bd018d16	808	Gustavo Bazan Rangel	M	M30-34	117	6:21:15	0:39:31	0:06:11	3:03:27	0:05:13	2:26:53	Mexico	
20df5a03-90f1-4757-b96f-14fbad5a25c7	809	Maria Pulido	F	F25-29	26	6:21:20	0:38:54	0:05:04	3:09:31	0:03:31	2:24:20	Mexico	
bc1d9457-29b5-4219-bddd-78986c6d231b	810	Christopher Francisco Pérez Martínez	M	M35-39	100	6:21:41	0:40:18	0:05:42	2:52:40	0:05:49	2:37:12	Mexico	
91236254-c922-4623-bda8-4a11bcf54185	811	Karla Berenice Garcia Barrera	F	F45-49	16	6:21:43	0:51:58	0:08:58	3:07:07	0:07:06	2:06:34	Mexico	
81500e20-f2e1-f011-8544-000d3a5b7c3b	812	Julio Penados	M	M25-29	120	6:21:46	0:35:18	0:04:59	2:55:43	0:04:24	2:41:22	Guatemala	
8cebf38c-a9ff-f011-8406-6045bd08b1a2	813	Joe Manier	M	M40-44	78	6:21:47	0:51:31	0:08:55	3:02:48	0:10:11	2:08:23	United States	
5b3b2e24-03fb-f011-8406-6045bd06566a	814	Daniela Valdez	F	F35-39	26	6:21:48	0:41:49	0:08:59	3:13:02	0:04:42	2:13:16	Mexico	
043d1bb8-1408-f111-8406-002248046ec8	815	Isaac de la peña	M	M18-24	102	6:21:48	0:41:38	0:05:13	2:50:24	0:04:29	2:40:03	Mexico	
27459857-6c9d-f111-b8dc-002248046ec8	816	Oscar Medina	M	M18-24	103	6:21:52	0:33:47	0:06:21	3:17:34	0:04:15	2:19:55	Mexico	
ee73ca5b-3c29-f111-8341-002248046ec8	817	Juan Diego Calderon Meza	M	M50-54	36	6:21:55	0:34:16	0:07:01	3:24:00	0:08:47	2:07:50	Costa Rica	
fe2a7c81-9c00-4098-b211-10b577e84976	818	Claudia Barrios	F	F60-64	4	6:22:00	0:35:00	0:06:12	3:04:35	0:05:00	2:31:13	Mexico	
e19bc911-b762-f111-a826-0022480a5755	819	Patrick Lenkeit	M	M30-34	118	6:22:00	0:38:13	0:10:40	2:57:23	0:06:22	2:29:21	Germany	
17110c16-fafb-f011-8406-0022480a5755	820	Urban Salvador Navarro Sanchez	M	M40-44	79	6:22:03	0:55:18	0:05:05	3:06:43	0:04:32	2:10:26	Mexico	
b7939ae6-7607-4a29-a49c-6e3ad0fc4843	821	Jose Alberto Rubalcava	M	M65-69	4	6:22:06	0:34:34	0:06:15	2:50:11	0:06:14	2:44:52	Mexico	
0f8b266e-d5bd-4acd-8faf-6f1cf972c067	822	Erik Ahroon	M	M45-49	51	6:22:09	0:33:29	0:06:41	2:51:28	0:04:29	2:46:03	United States	
2123398e-5b8f-f111-8077-6045bd08b1a2	823	SERGIO ALBERTO MORTERA CUSTODIO	M	M25-29	121	6:22:09	0:43:40	0:06:44	2:59:00	0:07:36	2:25:10	Mexico	
f2c59cc8-fab7-47ba-808c-557fa79bba30	824	Adriana Vianey Araujo Barrios	F	F35-39	27	6:22:09	0:57:48	0:05:39	2:58:32	0:04:06	2:16:04	Mexico	
e2cf7c16-bb3f-eb11-a813-00224808bb10	825	Joaquin Diaz Guevara	M	M30-34	119	6:22:20	0:45:43	0:04:12	2:58:17	0:04:52	2:29:15	Mexico	
ac98f6fb-c714-40c1-aada-8e8148e4ab11	826	Carlos Vicente Duran Cuevas	M	M35-39	101	6:22:27	0:31:54	0:07:02	2:56:15	0:05:56	2:41:20	Mexico	
2c070fe2-ff1b-f111-8341-002248046ec8	827	Ben St John	M	M25-29	122	6:22:35	0:57:58	0:06:05	3:03:54	0:03:49	2:10:50	United States	
14dce140-bc48-f111-bec5-0022480a5755	828	Adrian Molina		M30-34	120	6:22:38	0:39:50	0:05:42	3:12:13	0:04:58	2:19:55	Mexico	
cc98a11d-6bae-4da0-80aa-57798127d323	829	Daniel Fabela González	M	M30-34	121	6:22:40	0:36:19	0:07:31	3:02:05	0:06:20	2:30:26	Mexico	
84431dee-1082-4188-b54d-69ec12abab4a	830	giorgio villarello ahued	M	M25-29	123	6:22:47	0:37:05	0:04:27	3:10:55	0:06:11	2:24:09	Mexico	
290c5e93-f6ad-f011-bbd3-000d3a3173b5	831	Mariangel Centella	F	F18-24	29	6:22:47	0:37:44	0:04:21	3:03:13	0:02:13	2:35:15	Panama	
27b8925e-097e-4ed2-90d4-13c20576327c	832	Laura Olivia López Torres	F	F30-34	36	6:22:48	0:35:52	0:05:57	3:01:06	0:07:01	2:32:52	Mexico	
4a2a2812-8d95-f011-b4cc-000d3a35ffc1	833	Giovanni Fabricio Gomez Salas	M	M25-29	124	6:22:53	0:35:46	0:06:20	2:58:55	0:05:33	2:36:18	Mexico	
335c57a2-888b-f111-ab10-7c1e528d5074	834	Ivan Vega Veloz	M	M35-39	102	6:22:54	0:37:43	0:05:34	3:16:47	0:03:18	2:19:32	Mexico	
64894e3c-def7-4ed5-adc6-c34c3d11c592	835	Mónica Daniela Rivas Guerrero	F	F18-24	30	6:22:56	0:50:04	0:06:29	3:02:53	0:05:34	2:17:55	Mexico	
b84a25a3-00fb-f011-8406-002248046ec8	836	DAVID PANTOJA ALVARADO	M	M30-34	122	6:22:58	0:36:40	0:09:00	3:18:20	0:07:38	2:11:20	Mexico	
00cf14c7-3776-f111-ab0f-0022480a5755	837	Eric Jackwin	M	M35-39	103	6:23:06	0:24:23	0:05:01	3:00:00	0:04:45	2:48:57	United States	
57db28c4-a34f-4502-9275-371ef1528e62	838	Victor Andres Ortega Lopez	M	M40-44	80	6:23:07	1:00:21	0:04:45	2:51:19	0:02:53	2:23:49	Mexico	
1626571f-dd3a-f111-88b3-6045bd06566a	839	Ana Lucía Mena Rodríguez	F	F30-34	37	6:23:22	0:39:11	0:07:20	3:26:35	0:06:04	2:04:12	Mexico	
71e83f96-f0d1-ef11-8eea-002248049fdc	840	Francisco Covarrubias	M	M30-34	123	6:23:24	0:36:24	0:06:02	3:03:51	0:06:07	2:31:01	Mexico	
363d06f4-ee5d-f111-a826-0022480a5755	841	Sergio Eduardo Herrera Buenrostro	M	M25-29	125	6:23:28	0:46:09	0:09:19	3:21:45	0:08:29	1:57:46	Mexico	
61357794-808a-f011-b4cc-6045bd05f634	842	Xochiquetzal Guerrero Nolasco	F	F30-34	38	6:23:36	0:42:57	0:05:49	3:12:06	0:04:36	2:18:08	Mexico	
b0eefa79-af82-f011-b4cc-6045bd09951e	843	Rene Tobias	M	M30-34	124	6:23:37	0:51:12	0:07:31	2:55:51	0:03:37	2:25:26	El Salvador	
c9382e25-9749-470d-925e-c41d6eefef8d	844	Eduardo Chavarria Guzman	M	M40-44	81	6:23:39	0:39:30	0:06:43	2:54:13	0:03:35	2:39:38	Mexico	
719553d7-cb96-417b-8169-2f4b4a6170fe	845	Andrea Ponce de leon	F	F35-39	28	6:23:56	0:44:36	0:08:37	3:18:18	0:04:44	2:07:41	Mexico	
b0a3aaf9-abfb-f011-8406-6045bd0097c2	846	Carlos Manuel Alejandro Izquierdo	M	M30-34	125	6:23:56	0:59:33	0:10:01	3:00:39	0:04:40	2:09:04	Mexico	
cf1bb474-eb90-43de-b812-6af0657ec1cc	847	Freddy Alberto Ramirez Perez	M	M50-54	37	6:24:09	0:45:48	0:06:25	3:07:00	0:07:49	2:17:07	Venezuela	
eefd4dfe-7591-41bb-ac32-f73946bbdba0	848	Alexis Zabaco	M	M55-59	23	6:24:16	0:53:34	0:07:02	2:50:14	0:05:43	2:27:43	Venezuela	
50527802-8116-ed11-b83e-000d3a590897	849	Ricardo Vazquez		M25-29	126	6:24:38	0:53:57	0:07:54	3:04:58	0:04:21	2:13:28	United States	
e60e91d2-e8fa-f011-8406-6045bd08b1a2	850	Josue Murillo	M	M30-34	126	6:24:50	1:00:33	0:06:37	2:56:07	0:02:58	2:18:35	Costa Rica	
fcd8f62e-927b-f011-b4cc-000d3a3173b5	851	Diego Carreno	M	M30-34	127	6:24:51	0:41:04	0:06:44	3:05:39	0:05:53	2:25:30	Mexico	
c527df2d-c7b7-49b0-886b-d928230bf80f	852	Carlos Esparza	M	M55-59	24	6:24:53	0:41:09	0:05:44	3:14:58	0:03:41	2:19:21	Mexico	
dc7c3005-6b5d-4ecf-814d-abfba632f819	853	Socorro Jacuinde Vázquez	F	F50-54	8	6:24:58	0:53:26	0:05:05	3:07:03	0:06:05	2:13:19	Mexico	
135bea90-e22e-4dea-8281-07441636b611	854	Jesse Evans	M	M25-29	127	6:25:00	0:44:30	0:06:19	3:00:04	0:06:35	2:27:31	United States	
74bfa4d2-c84b-f111-bec5-6045bd06566a	855	Brandon Solano	M	M25-29	128	6:25:01	0:47:19	0:05:11	3:07:46	0:03:35	2:21:11	United States	
57d9d913-3fd1-f011-8543-6045bd045321	856	Alberto Rodriguez	M	M40-44	82	6:25:07	0:38:13	0:05:21	3:04:46	0:03:20	2:33:27	Mexico	
67d17f0d-3a26-f011-8c4e-000d3a5b50ba	857	Karla Maria Espino Mata	F	F40-44	21	6:25:09	0:44:12	0:08:58	3:06:51	0:06:13	2:18:54	Mexico	
a4ae55c3-7f9a-f011-b4cc-000d3a35ffc1	858	Javier Horta Ballesteros	M	M35-39	104	6:25:14	0:38:49	0:09:50	3:11:52	0:10:54	2:13:48	Mexico	
fad51d96-6deb-f011-8544-0022480c097c	859	Rodrigo Tost Sarraf	M	M25-29	129	6:25:18	0:52:19	0:04:58	2:59:55	0:05:31	2:22:36	Mexico	
4f107c08-06fb-f011-8406-0022480b84a3	860	Vania Rosas	F	F35-39	29	6:25:31	0:35:47	0:06:51	3:09:19	0:04:32	2:29:02	Mexico	
9c64cf22-6df5-4ebf-8d29-e9dfc6c9084c	861	Juan Carlos Romo Jimenez	M	M25-29	130	6:25:37	0:41:53	0:07:28	3:06:03	0:07:19	2:22:55	Mexico	
6850f9d8-1a38-f111-88b4-002248046ec8	862	Antonio Vargas Delgado	M	M35-39	105	6:25:41	0:43:35	0:05:13	2:51:56	0:03:18	2:41:39	Costa Rica	
2be2ffa2-fd73-f011-bec2-000d3a5b7c3b	863	Helmer Castaneda	M	M30-34	128	6:25:49	0:51:43	0:07:03	3:06:09	0:04:09	2:16:45	United States	
30e51bcb-d053-f011-877a-000d3a35ffc1	864	Joaquin Miguelez	M	M35-39	106	6:25:50	0:45:23	0:06:22	3:06:23	0:06:36	2:21:06	Mexico	
58e4abba-8604-f111-8406-0022480b84a3	865	Manuel Eckarth	M	M30-34	129	6:25:53	0:38:23	0:08:10	3:06:06	0:03:55	2:29:20	Germany	
92afbca5-f801-f111-8406-0022480b3ee9	866	Andres Alejandro Gonzalez Ramirez	M	M25-29	131	6:26:03	0:30:05	0:04:53	2:56:47	0:05:04	2:49:14	Mexico	
1db2319f-b7d9-4e07-8915-6b8060293846	867	Alvaro Poo	M	M25-29	132	6:26:11	0:52:25	0:07:25	3:12:00	0:06:04	2:08:18	Mexico	
08d30864-27ff-f011-8406-0022480994c2	868	KENNY SAMANTA GONZALEZ BARRERA	F	F30-34	39	6:26:17	0:42:50	0:05:40	3:23:06	0:05:26	2:09:15	Mexico	
1cd31ddd-3d57-f111-bec7-0022480b88da	869	Arturo Ancona	M	M30-34	130	6:26:17	0:36:19	0:05:58	3:07:10	0:05:27	2:31:24	Mexico	
35a751aa-321c-f111-8341-0022480994c2	870	Diego Marroquin	M	M25-29	133	6:26:19	0:46:51	0:06:40	3:03:48	0:04:05	2:24:54	Mexico	
f570b6fb-ad0e-f111-8406-0022480b35b6	871	Cristobal Santos Arana	M	M18-24	104	6:26:33	0:49:53	0:05:35	3:03:51	0:03:04	2:24:11	Mexico	
5ad0f232-7018-48a6-ac53-e2b541f1d699	872	Luis Díaz Molina	M	M40-44	83	6:26:50	0:51:57	0:06:04	3:12:54	0:05:52	2:10:03	Mexico	
5406a294-9e82-f011-b4cc-6045bd05f634	873	Álvaro Costa	M	M18-24	105	6:27:23	0:37:19	0:07:00	2:58:58	0:04:33	2:39:33	El Salvador	
11d1a3ce-7a3a-f011-b4cc-000d3a5cf7d8	874	YUNUELLY GUADALUPE MORENO VARGAS	F	F30-34	40	6:27:30	0:37:48	0:04:48	3:01:27	0:03:55	2:39:33	Mexico	
f93db31e-3805-f111-8406-002248046451	875	Maria Jose Franco	F	F30-34	41	6:27:33	0:37:36	0:06:55	3:26:53	0:04:05	2:12:05	Mexico	
bcd7ecfc-cf2a-4b17-a9fc-1c0bd254250e	876	Luis Jimenez	M	M35-39	107	6:27:36	0:38:50	0:06:31	3:02:47	0:04:26	2:35:02	Mexico	
64eb2b27-b0d9-ef11-8ee9-000d3a5ae96c	877	Rainier Ureña	M	M30-34	131	6:27:42	0:34:22	0:04:32	2:59:31	0:04:00	2:45:17	Costa Rica	
cada250c-d9b7-ef11-b8e8-6045bd088264	878	Eduardo Arrieta	M	M30-34	132	6:27:43	0:39:56	0:07:33	2:54:25	0:05:04	2:40:45	Mexico	
863976f4-a0ae-f011-bbd3-002248098cfa	879	Vanessa Dominguez Campa	F	F18-24	31	6:27:44	0:46:03	0:06:21	3:20:12	0:04:15	2:10:53	Mexico	
f2928402-1d8a-f111-ab10-0022480b84a3	880	JESÚS MIRANDA BONILLA	M	M35-39	108	6:27:52	0:41:39	0:05:02	3:14:45	0:03:54	2:22:32	Mexico	
f8902c19-38f9-4ef3-a0c8-817dd27f65ab	881	Victor Javier Hernández Novoa	M	M45-49	52	6:28:01	0:40:07	0:07:01	2:54:26	0:05:39	2:40:48	Mexico	
31085ebe-dba6-49e6-80d7-c311436d40b4	882	Elizabed Lopez Jimenez	F	F60-64	5	6:28:04	0:41:47	0:08:15	3:05:53	0:05:08	2:27:00	Mexico	
c46c3da9-9582-f011-b4cc-6045bd09951e	883	Gabriel Alvizures	M	M30-34	133	6:28:15	0:57:49	0:06:05	3:00:32	0:04:42	2:19:07	Guatemala	
76bde12e-9d62-f011-bec3-000d3a5b50ba	884	Santiago De Rubens	M	M35-39	109	6:28:18	0:33:28	0:06:10	3:15:14	0:04:02	2:29:24	Mexico	
5b67223b-241d-40d7-b9a5-f17cd3e12c0f	885	Julian Garcia	M	M40-44	84	6:28:24	0:47:32	0:07:58	2:52:22	0:05:41	2:34:52	Colombia	
d1046d27-2349-4b2e-935c-6b6d2b658ebb	886	Harold Ernesto Mora Guarin	M	M35-39	110	6:28:28	0:38:35	0:06:51	2:45:32	0:06:19	2:51:11	Colombia	
b4726b3c-02fb-f011-8406-6045bd08b1a2	887	Pedro Villarreal	M	M35-39	111	6:28:33	0:39:15	0:06:49	3:09:23	0:05:54	2:27:13	Mexico	
9f8be035-de8a-ea11-a812-000d3a5a1cf8	888	Victor Martinez	M	M50-54	38	6:28:33	0:49:45	0:07:02	2:59:31	0:04:13	2:28:02	Mexico	
335e80e1-5b2e-ef11-840a-6045bd010fe7	889	Diego Garcia	M	M30-34	134	6:28:35	0:50:18	0:06:29	3:04:05	0:05:26	2:22:17	Mexico	
c6aae4b7-0f09-f111-8406-0022480994c2	890	daniel duque	M	M45-49	53	6:28:36	0:45:22	0:08:31	2:57:29	0:08:06	2:29:08	Colombia	
43dc1589-4ad6-f011-8544-6045bd09951e	891	Alejandra Estrada	F	F30-34	42	6:28:38	0:44:27	0:06:37	3:15:33	0:05:42	2:16:18	Mexico	
ddb98b86-1efb-f011-8406-6045bd08b1a2	892	Eugenio Martinez Lozano	M	M30-34	135	6:28:38	0:44:04	0:09:04	3:08:29	0:04:41	2:22:20	Mexico	
52ae0a29-1855-f011-877a-0022480c097c	893	Mariana Guerra Vazquez	F	F35-39	30	6:28:52	0:38:32	0:07:53	3:05:08	0:06:42	2:30:37	Mexico	
21bd23dc-9319-f111-8341-6045bd06566a	894	JORGE EDUARDO GONZALEZ LOPEZ	M	M30-34	136	6:28:56	0:39:55	0:08:15	3:09:57	0:05:30	2:25:18	Mexico	
9efcab90-fa18-f111-8341-6045bd06566a	895	ALEXA CELESTE AVILA HUERTA	F	F18-24	32	6:28:57	0:34:08	0:05:47	3:16:37	0:06:09	2:26:17	Mexico	
afa5af87-43e1-f011-8543-000d3a5b5fc7	896	Horacio Cruz Lara	M	M35-39	112	6:28:59	0:35:03	0:07:35	3:02:43	0:04:45	2:38:54	Mexico	
18ace195-5445-49c6-9ad1-4366b746edd1	897	Rodolfo A. Robles Prieto	M	M40-44	85	6:28:59	0:39:48	0:04:32	3:07:07	0:04:26	2:33:07	Mexico	
428808eb-9b82-f011-b4cc-6045bd05fcc1	898	Marcelo Cifuentes	M	M40-44	86	6:28:59	0:51:08	0:08:41	2:57:27	0:04:26	2:27:18	Guatemala	
5f758ee2-77fe-ee11-a1ff-000d3a314ae2	899	Hector Rene Aguero Gonzalez	M	M45-49	54	6:29:03	0:41:23	0:08:05	3:02:07	0:06:05	2:31:25	Mexico	
96f59f3f-1c4d-ef11-a317-6045bd0953ac	900	Carlos Galvez Pineda	M	M40-44	87	6:29:08	0:42:05	0:05:48	3:19:52	0:04:37	2:16:46	Mexico	
6c2d0a68-deee-46f4-98b1-f44cb9768449	901	Mariana Seara	F	F35-39	31	6:29:10	0:39:56	0:04:17	3:13:33	0:04:19	2:27:03	Mexico	
bc71887b-9286-48a0-a4e0-4e2b1556eb22	902	Justin Ackermann	M	M18-24	106	6:29:20	0:35:53	0:03:16	3:09:57	0:02:25	2:37:49	Germany	
89a19a16-a361-f011-bec3-000d3a3173b5	903	Esteban Chung	M	M35-39	113	6:29:30	0:38:50	0:07:05	2:50:01	0:05:29	2:48:04	South Korea	
8afd8c22-9c45-f111-88b4-0022480994c2	904	Alberto Vargas	M	M18-24	107	6:29:31	0:45:31	0:04:35	3:00:09	0:02:06	2:37:10	Mexico	
4736d003-2718-45b9-b547-d23f77c3633e	905	Salvador Barajas Yam	M	M30-34	137	6:29:31	0:47:19	0:08:19	2:57:37	0:06:22	2:29:54	Mexico	
5317c136-b00b-f111-8406-0022480994c2	906	Ana Cecilia Fajardo	F	F25-29	27	6:29:41	0:34:41	0:08:40	3:21:24	0:06:33	2:18:22	Mexico	
ab0edf37-09fb-f011-8406-0022480b84a3	907	Andrea Isita	F	F35-39	32	6:29:42	0:37:33	0:06:17	3:14:11	0:05:46	2:25:56	Mexico	
3d9909c5-5b97-f111-8076-0022480a5755	908	Alan Lara Olivares	M	M35-39	114	6:29:43	0:49:03	0:06:34	3:09:17	0:04:53	2:19:56	Mexico	
1ac2c1a9-e9fa-f011-8406-0022480a5755	909	Kelli Roach	F	F25-29	28	6:29:54	0:57:17	0:07:58	2:59:06	0:04:42	2:20:51	United States	
c0e8a829-e1ee-ed11-8849-000d3a314c24	910	Carlos Emilio Morales Noguera	M	M40-44	88	6:29:54	0:51:56	0:05:11	2:48:49	0:07:02	2:36:56	Mexico	
8c76e5e2-c30a-f111-8406-002248046ec8	911	Damaris Juarez	F	F30-34	43	6:29:59	0:50:56	0:07:27	3:00:36	0:03:50	2:27:10	Mexico	
e2661f93-895e-f011-bec2-000d3a5b50ba	912	Alan Duro	M	M40-44	89	6:30:10	0:46:59	0:08:21	3:16:49	0:04:53	2:13:08	United States	
2de0b5e6-8784-4dc4-9e78-269c18a7635c	913	Marco Rojas	M	M40-44	90	6:30:10	0:52:20	0:07:45	2:55:37	0:04:20	2:30:08	Mexico	
b652c7a4-2f96-4411-a53f-02a869b1068b	914	Alice Obregon	F	F45-49	17	6:30:16	0:31:07	0:06:15	3:02:23	0:08:09	2:42:23	Mexico	
9f56c4c4-1b09-f111-8406-0022480b84a3	915	Marcela Karina López Ortiz	F	F30-34	44	6:30:46	0:37:47	0:06:07	2:57:24	0:03:37	2:45:51	Mexico	
84bbb5eb-0eef-f011-8407-6045bd04a162	916	Ivan Cruz	M	M25-29	134	6:30:47	0:45:15	0:08:35	2:57:33	0:08:06	2:31:18	Mexico	
d52cc917-b98d-43b8-a9e4-1f120fe8e99d	917	Rodrigo Alberto Lopez Flores	M	M45-49	55	6:30:53	0:52:12	0:09:37	2:55:23	0:06:49	2:26:53	Mexico	
2ae8d789-ea13-41be-807e-64deda178dd0	918	Kristin Mahendra	F	F50-54	9	6:30:55	0:44:20	0:08:14	3:03:51	0:05:39	2:28:51	United States	
449bb0f5-2644-46b5-866e-e827680315f4	919	Diana F fuentes Diaz	F	F45-49	18	6:30:56	0:38:48	0:05:02	2:48:39	0:09:24	2:49:03	Mexico	
815ad993-c1ac-430a-b66f-79b175e2c8e0	920	Mario Galera Olvera	M	M60-64	5	6:30:59	0:40:25	0:05:12	2:53:01	0:04:03	2:48:19	Mexico	
d48cdddb-ea75-ea11-a811-000d3a5a1cf8	921	Arianne Ferrer	F	F30-34	45	6:30:59	0:49:35	0:07:33	3:06:17	0:06:26	2:21:08	Mexico	
0a02ffe8-97fc-f011-8406-6045bd06ef2e	922	Alan Andrés Márquez Chaparro	M	M25-29	135	6:31:15	0:43:33	0:06:40	3:12:42	0:04:52	2:23:28	Mexico	
08172e8b-a618-f111-8341-6045bd08b1a2	923	Alexandro Iván Ambriz noguez	M	M25-29	136	6:31:17	0:30:58	0:04:03	3:21:05	0:06:57	2:28:14	Mexico	
cebb6b11-e3c3-f011-bbd2-6045bd005734	924	Mariana Jimenez		F30-34	46	6:31:23	0:37:30	0:08:42	3:22:42	0:04:01	2:18:28	Costa Rica	
48d75aac-b019-f111-8341-0022480b3ee9	925	Erica Bonilla Rojas	F	F40-44	22	6:31:24	0:35:48	0:06:55	3:27:05	0:05:14	2:16:22	Costa Rica	
791fc4aa-8069-f011-bec3-000d3a35ffc1	926	Kevin Alfaro Hutchinson	M	M30-34	138	6:31:28	0:46:48	0:06:45	2:54:14	0:03:54	2:39:46	Costa Rica	
2131bde9-3cef-f011-8407-0022480c097c	927	Luisa Fernanda Castillo Alvarado	F	F35-39	33	6:31:29	0:53:02	0:06:27	3:01:52	0:07:20	2:22:48	Guatemala	
746c897c-add6-ef11-8ee9-6045bd018d16	928	oscar mauricio patiño ortega	M	M50-54	39	6:31:31	0:47:05	0:08:21	2:49:12	0:06:55	2:39:58	Colombia	
903ccff5-b761-ee11-be6e-000d3a314329	929	Bernardo Andrade	M	M25-29	137	6:31:41	0:40:17	0:06:53	3:03:50	0:05:18	2:35:22	Mexico	
5d6412e4-238e-f111-8077-6045bd06566a	930	Sebastian Perez Bernal	M	M18-24	108	6:31:45	0:46:02	0:06:59	3:03:06	0:05:36	2:30:02	Mexico	
32761608-4d8a-f011-b4cc-6045bd05f634	931	Iker Ortega	M	M25-29	138	6:31:54	0:29:39	0:06:34	2:58:44	0:06:42	2:50:16	Mexico	
9079ccff-2242-4d38-92be-5957cbfce5f5	932	Daniel Fontana	M	M50-54	40	6:32:02	0:29:24	0:04:37	2:45:36	0:07:09	3:05:16	Mexico	
0f1e7e81-84df-f011-8544-000d3a5b7c3b	933	Mario Galvan Tapia	M	M35-39	115	6:32:11	0:31:45	0:06:15	3:07:47	0:03:46	2:42:37	Mexico	
7d0e847d-fe57-409a-995c-7851be5294c5	934	Claudia Lizeth Castaneda Vasquez	F	F35-39	34	6:32:15	0:39:37	0:05:34	3:04:15	0:02:18	2:40:31	Mexico	
5ba745f5-980a-4731-9859-f5e9a8b572e3	935	Alexei Augusto Cavazos Cuervo	M	M50-54	41	6:32:15	0:42:23	0:04:47	2:59:18	0:05:15	2:40:33	Mexico	
e635f237-c928-4f5c-8f37-267df718e669	936	Luis Humberto Diaz Jouanen	M	M55-59	25	6:32:26	0:37:30	0:08:16	2:56:34	0:07:58	2:42:06	Mexico	
47d9a46f-2834-f111-88b4-0022480b84a3	937	Eduardo Velázquez Kuri	M	M40-44	91	6:32:32	0:50:05	0:06:54	3:16:37	0:05:54	2:13:02	Mexico	
e904df06-c7fb-f011-8406-6045bd08b1a2	938	Hugo Olvera	M	M35-39	116	6:32:38	0:45:38	0:04:44	2:54:53	0:04:16	2:43:07	Mexico	
ae9361b2-5d2c-f111-88b3-0022480b84a3	939	Ana Paula Reyes Garcia	F	F25-29	29	6:32:41	0:33:59	0:09:56	3:24:28	0:08:06	2:16:13	Mexico	
2616bfbb-d079-4d57-ae0d-67d1a2bc7ad5	940	Jorge Iván Ramírez González	M	M40-44	92	6:32:42	0:52:52	0:04:57	3:16:31	0:03:26	2:14:56	Mexico	
36075ba5-c7c4-f011-bbd3-000d3a5b50ba	941	Daniel Poblano	M	M35-39	117	6:32:44	0:43:41	0:04:21	3:06:19	0:03:42	2:34:41	Mexico	
3554fa05-4b34-e911-a98c-000d3a34ef1d	942	Josh Wilhoit	M	M45-49	56	6:32:47	0:41:14	0:07:24	3:24:10	0:06:18	2:13:41	United States	
c137c413-4569-f111-a826-6045bd08b1a2	943	Eduardo Pacheco	M	M18-24	109	6:32:53	0:45:04	0:04:59	3:09:07	0:06:09	2:27:34	Mexico	
f080fad1-3726-f111-8341-0022480a5755	944	David E. Espino	M	M25-29	139	6:33:29	0:59:23	0:06:52	2:55:40	0:08:35	2:22:59	Mexico	
cd85ed68-8cfb-f011-8406-000d3a5ce00a	945	Miguel Robles Figueroa	M	M30-34	139	6:33:29	0:48:34	0:09:20	3:04:58	0:02:39	2:27:59	Mexico	
d6d44ada-8934-e511-9403-005056951bf1	946	Juan Pablo Mayen Garcia	M	M45-49	57	6:33:41	0:46:27	0:09:50	2:54:24	0:08:04	2:34:55	Guatemala	
b818f018-a40d-f011-9988-000d3a3173b5	947	Emiliano Valencia	M	M30-34	140	6:33:46	0:43:55	0:04:15	3:02:10	0:04:03	2:39:23	Mexico	
66e5f5e9-3afe-f011-8406-002248046451	948	Jacqueline Murillo	F	F45-49	19	6:33:56	0:41:40	0:05:03	3:21:46	0:04:47	2:20:41	Costa Rica	
fc63303e-8288-45b0-952b-7412de932d3d	949	Fabricio Cordero De La Riva	M	M50-54	42	6:33:57	0:52:47	0:08:51	3:01:19	0:05:16	2:25:45	Mexico	
f7292249-97fb-f011-8406-6045bd01ea76	950	Pablo Arouesty Letechipía	M	M18-24	110	6:34:13	0:39:39	0:09:08	3:02:27	0:07:05	2:35:54	Mexico	
a619d852-eb85-f011-b4cc-000d3a3173b5	951	Jorge Mario Marroquin Menendez	M	M50-54	43	6:34:17	0:58:28	0:09:31	2:57:34	0:06:03	2:22:41	Guatemala	
538d85d0-4c61-f111-a826-0022480a5755	952	Anne Vromans	F	F25-29	30	6:34:19	0:28:20	0:05:01	3:46:44	0:03:02	2:11:11	Netherlands	
37d70d14-9d27-f111-8341-002248046ec8	953	Lucas Ruiz	M	M18-24	111	6:34:30	0:38:14	0:08:43	3:16:30	0:05:12	2:25:51	Mexico	
396db75b-5984-4de5-b2d7-736a2bcd96f7	954	Renaud Dehareng	M	F25-29	31	6:34:32	0:39:20	0:05:26	3:19:43	0:03:30	2:26:33	Belgium	
8773e1ca-3b1e-4b89-8592-a443ce8e0261	955	Eduardo Esquivel Ochoa	M	M45-49	58	6:34:35	0:32:51	0:10:35	2:56:25	0:08:11	2:46:33	Mexico	
cceebb70-f81c-f111-8341-0022480b35b6	956	VICTOR DIAZ FLORES	M	M40-44	93	6:34:51	0:47:04	0:05:35	3:17:30	0:07:38	2:17:04	Mexico	
e3f911b0-8187-f111-ab0f-70a8a5ae8eaa	957	Erika Leticia Villegas Luna	F	F40-44	23	6:34:52	0:39:47	0:04:59	3:16:36	0:03:05	2:30:25	Mexico	
d055d0ef-563c-f111-88b4-002248081bd6	958	Ben Brooks	M	M30-34	141	6:34:53	0:48:10	0:07:21	3:15:10	0:05:47	2:18:24	United Kingdom	
c15efa97-fdcb-f011-bbd3-000d3a5cf7d8	959	Miguel Angel Mendoza Pérez	M	M50-54	44	6:35:03	0:46:07	0:07:23	3:14:01	0:08:06	2:19:26	Mexico	
2d5381a2-e0d9-41e2-b012-d88aa10938cc	960	Guillermo Cuadros	M	M55-59	26	6:35:12	0:41:04	0:10:48	3:16:37	0:07:52	2:18:53	Argentina	
1b641923-08f1-f011-8407-0022480b738e	961	Reynaldo Vieira	M	M45-49	59	6:35:20	0:46:32	0:08:38	2:44:57	0:05:19	2:49:53	United States	
9596816f-dffe-45a7-9347-f5f0d4aa0c93	962	Fernando Peñaloza	M	M35-39	118	6:35:31	1:07:06	0:08:14	3:05:15	0:06:30	2:08:27	Mexico	
6934ea14-38f2-f011-8406-000d3a5b5fc7	963	Oscar Emmanuel Ramírez Díaz	M	M25-29	140	6:35:31	1:02:26	0:06:40	3:06:54	0:05:51	2:13:40	Mexico	
48322d72-f1e0-f011-8544-000d3a5b50ba	964	Diego Alonso Sánchez Valdés	M	M18-24	112	6:35:32	0:55:15	0:06:40	2:51:59	0:03:38	2:38:00	Mexico	
f5f4d01c-a69a-f111-b8dc-002248046ec8	965	Jose de Jesus Mendoza Bravo	M	M30-34	142	6:35:32	1:04:44	0:05:46	3:08:12	0:03:39	2:13:11	Mexico	
0c3592e7-6df1-f011-8406-000d3a5c2bfb	966	Mario Josué Rodríguez Trejo	M	M25-29	141	6:35:34	0:38:46	0:06:19	3:00:32	0:05:48	2:44:09	Mexico	
d34df9c7-8691-f011-b4cc-6045bd09951e	967	Berenice Kantún	F	F25-29	32	6:35:37	0:49:04	0:05:45	3:17:37	0:04:19	2:18:53	Mexico	
0a38fffe-8b68-4131-b332-e6b42cc8cea7	968	Agustín Alejandro Zetina Perera	M	M55-59	27	6:35:39	0:37:28	0:07:10	3:15:52	0:05:34	2:29:33	Mexico	
38dbf2b9-2494-f111-8076-0022480a5755	969	Javier Santiago Sole	M	M18-24	113	6:35:53	0:47:26	0:13:28	3:22:47	0:05:20	2:06:52	Guatemala	
f8893e78-c6fe-f011-8406-0022480994c2	970	Sayuri Elizabeth Arteaga Guzmán	F	F35-39	35	6:36:00	0:55:01	0:08:06	3:14:24	0:04:24	2:14:06	Mexico	
7370b272-99ac-ed11-aad1-000d3a314be4	971	Diana Irizabella Aguirre Limón	F	F55-59	4	6:36:13	1:02:51	0:06:14	3:03:55	0:03:38	2:19:34	Mexico	
8713abec-39f2-f011-8406-000d3a5b5fc7	972	Humberto Javier Esparza Carranza	M	M25-29	142	6:36:14	0:35:44	0:05:57	2:57:34	0:05:40	2:51:20	Mexico	
797a6945-b3b2-f011-bbd3-000d3a3173b5	973	Leslie Ariadna Fernández Campos	F	F40-44	24	6:36:20	1:01:12	0:07:23	3:06:34	0:04:48	2:16:23	Mexico	
b09e36ee-a914-4970-b137-393009430624	974	Hector Vela	M	M35-39	119	6:36:21	0:40:38	0:06:10	3:12:51	0:04:18	2:32:23	Mexico	
9d86af07-603e-f111-88b4-0022480994c2	975	Stephan Dietze Tommasi	M	M18-24	114	6:36:23	0:31:00	0:23:55	3:04:50	0:03:16	2:33:21	Mexico	
12a9df95-bc8a-4cbd-9cd9-315723a419a2	976	Cristian Sandoval	M	M55-59	28	6:36:26	0:41:43	0:07:05	3:05:34	0:04:42	2:37:23	United States	
07b2e5f1-2961-f111-a825-70a8a5b1ba11	977	Jorge Peralta Tec	M	M30-34	143	6:36:32	0:40:07	0:06:42	3:10:10	0:06:56	2:32:37	Mexico	
446efcb1-94fb-f011-8406-0022480b84a3	978	GILBERTO RODRIGUEZ CABRIALES	M	M45-49	60	6:36:34	0:42:21	0:05:05	2:58:31	0:06:19	2:44:19	Mexico	
375f9861-a518-f111-8341-0022480b88da	979	Luis Humberto Cruz Marin	M	M25-29	143	6:36:39	0:42:04	0:04:51	2:57:17	0:04:14	2:48:13	Mexico	
be957758-e245-f111-88b4-002248046ec8	980	Victor De La Torre	M	M35-39	120	6:36:41	0:45:27	0:09:40	3:15:33	0:07:26	2:18:35	United States	
3a8f4818-b3ff-f011-8406-002248046ec8	981	Antonio Damián Cárdenas Ayala	M	M18-24	115	6:36:52	0:36:15	0:10:05	3:17:33	0:06:17	2:26:42	Mexico	
c8f85c56-ea68-4e10-925d-9bbdd0395b9b	982	Andrea Viteri	F	F40-44	25	6:36:54	0:51:20	0:07:19	3:03:52	0:06:20	2:28:04	Ecuador	
5d167428-984d-f111-bec6-002248046ec8	983	Alejandro Pinzon	M	M40-44	94	6:37:02	0:45:05	0:06:19	2:45:22	0:04:30	2:55:46	Guatemala	
36543b22-9de5-ef11-8eea-002248049fdc	984	Jose David Saldana Martinez	M	M35-39	121	6:37:02	0:38:34	0:07:03	3:01:26	0:04:17	2:45:43	Mexico	
9cd23951-9c33-4e93-9d99-f85102d09c1d	985	Juan Raya	M	M50-54	45	6:37:10	0:45:13	0:10:06	3:10:46	0:08:42	2:22:22	Mexico	
df36dbd9-2214-f111-8406-0022480b84a3	986	Julio Rene Flores	M	M35-39	122	6:37:18	0:49:18	0:06:40	3:02:14	0:05:41	2:33:25	United States	
3fc812f3-09fb-f011-8406-0022480b88da	987	Daniel Morales	M	M30-34	144	6:37:48	0:58:53	0:06:25	3:13:11	0:03:39	2:15:39	Mexico	
e3930f89-37d6-4624-8f4e-756e11751ee7	988	Jose Pokorny	M	M60-64	6	6:37:49	0:39:36	0:05:45	2:53:48	0:04:24	2:54:16	Guatemala	
44eac693-28f6-ef11-9342-6045bd088264	989	Paula Andrea Cintura Rojas	F	F25-29	33	6:37:49	0:36:53	0:06:16	3:21:20	0:08:24	2:24:56	Colombia	
601d25f9-02fb-f011-8406-6045bd06566a	990	Gabriel Andrés Olavarria Andrade	M	M30-34	145	6:37:51	0:36:36	0:05:55	3:02:21	0:03:49	2:49:09	Mexico	
3bcc7980-1e31-f011-8c4d-6045bd09951e	991	Gabriel Rosas	M	M30-34	146	6:37:55	0:51:04	0:05:20	3:09:33	0:07:02	2:24:56	United States	
88ea500c-f0fb-f011-8406-002248046ec8	992	Flor Isabel Aroche	F	F35-39	36	6:37:57	0:45:27	0:04:48	3:14:42	0:04:17	2:28:43	Mexico	
91dcf8c9-0132-f011-8c4d-000d3a5b7c3b	993	Uriel Serrano	M	M18-24	116	6:37:59	0:35:18	0:06:28	2:54:01	0:04:00	2:58:13	Mexico	
e0a41e2b-e0fe-f011-8406-0022480a5755	994	leonardo lugo lopez	M	M50-54	46	6:38:00	0:36:37	0:04:31	3:01:37	0:09:16	2:45:59	Mexico	
722d35b1-01fb-f011-8406-002248081bd6	995	Emiliano Villena Rodriguez	M	M18-24	117	6:38:02	0:35:05	0:05:04	3:08:47	0:06:35	2:42:31	Mexico	
34ae43a4-0c18-ec11-b6e6-000d3a5d36dd	996	Paulina Prieto	F	F45-49	20	6:38:06	0:38:35	0:07:00	3:15:39	0:06:08	2:30:44	Mexico	
ca9959d4-7db0-4728-a323-95f8628ee43d	997	Santiago Sedas	M	M25-29	144	6:38:09	1:03:00	0:07:47	3:11:13	0:06:24	2:09:45	Mexico	
67dd186a-400a-f011-bae2-000d3a3173b5	998	Daniel estupiñan	M	M25-29	145	6:38:10	0:50:23	0:06:57	2:52:25	0:05:33	2:42:53	Colombia	
add11dd9-e7fa-f011-8406-002248046ec8	999	MATHEUS BENZATTI	M	M18-24	118	6:38:13	0:44:45	0:05:33	3:04:53	0:05:26	2:37:36	Brazil	
d68f7e19-e7d5-ef11-8ee9-6045bd018d16	1000	Thilo Stelzenmüller	M	M50-54	47	6:38:14	0:36:03	0:08:28	3:07:22	0:06:58	2:39:24	Germany	
4de96610-40fd-f011-8406-6045bd08533b	1001	IRAN YAHIR CARRILLO	M	M25-29	146	6:38:29	0:39:41	0:06:45	3:17:25	0:03:11	2:31:27	Mexico	
8adb4c39-66e9-ef11-9341-6045bd05400c	1002	Rafael Ricardo Bernal Fajardo	M	M40-44	95	6:38:33	0:50:38	0:08:06	3:01:58	0:05:26	2:32:25	Colombia	
93787830-2782-ec11-8d21-0022480a1478	1003	Jorge Chavez Saenz	M	M45-49	61	6:38:42	0:37:41	0:05:08	3:12:02	0:05:49	2:38:02	Mexico	
b6fba9e0-8d74-f011-b4cb-7ced8d70235f	1004	Valeria Guadarrama Diaz	F	F25-29	34	6:38:48	0:40:05	0:04:49	3:02:25	0:05:09	2:46:20	Mexico	
0a849c00-fa12-f011-998a-6045bd05fcc1	1005	MICHAEL BOBADILLA	M	M35-39	123	6:38:50	0:54:46	0:09:45	2:56:39	0:06:03	2:31:36	Colombia	
c0b6270c-fe10-f011-9988-000d3a5b50ba	1006	Jorge Castilla de la Garza	M	M25-29	147	6:39:05	0:54:21	0:05:38	2:36:24	0:04:40	2:58:01	Mexico	
695bf985-b85a-44d3-b53f-b7ebc900fef7	1007	Emilio Zenteno Nava	M	M35-39	124	6:39:07	0:38:31	0:03:49	3:02:29	0:03:34	2:50:44	Mexico	
ad314c6e-c6fc-f011-8406-002248081bd6	1008	César Díaz Santoyo	M	M50-54	48	6:39:09	0:33:04	0:04:03	3:02:22	0:04:59	2:54:41	Mexico	
4b77b63f-b6ff-f011-8406-0022480994c2	1009	Francisco Javier Pilon Bandala	M	M18-24	119	6:39:16	0:47:20	0:05:29	3:16:37	0:05:35	2:24:14	Mexico	
58c2ec14-dcd3-f011-8544-000d3a5cf7d8	1010	Guillermo Ramirez Beltran	M	M35-39	125	6:39:22	0:42:54	0:07:45	3:12:39	0:05:40	2:30:24	Mexico	
02d7cd57-a0dd-4cf3-b4c7-047dc73275ff	1011	Alma Colin	F	F50-54	10	6:39:23	0:48:14	0:07:29	2:56:11	0:06:08	2:41:20	Mexico	
ab7b4d07-d3da-f011-8544-000d3a5b7c3b	1012	Alan Raya	M	M35-39	126	6:39:24	0:34:47	0:07:07	3:09:03	0:05:38	2:42:50	Mexico	
9ddc2758-34a4-4068-9945-7c5cacea7ac6	1013	Claudia Cristina Blanco Siller	F	F35-39	37	6:39:30	0:45:52	0:05:38	3:10:54	0:03:23	2:33:43	Mexico	
bd47aba8-450f-4eb0-b263-c6042b110bd6	1014	Gustavo Peralta	M	M50-54	49	6:39:31	0:36:50	0:05:43	2:55:42	0:12:17	2:48:59	Mexico	
b339a1e0-adbb-42ab-ba6c-c347fe7882c4	1015	Oscar Juarez	M	M55-59	29	6:39:38	0:39:45	0:08:01	3:12:23	0:06:28	2:33:00	United States	
1cef8e46-6b42-409d-80d8-629b6015186e	1016	Scott Weaver	M	M60-64	7	6:39:39	0:32:51	0:06:09	3:00:26	0:05:13	2:55:00	United States	
de98faa6-fba5-f011-bbd3-000d3a5b7c3b	1017	Miguel Alejandro Narvaez Ortiz	M	M18-24	120	6:39:40	0:33:45	0:04:59	2:55:23	0:02:41	3:02:53	Mexico	
79c38ff5-2cbc-ef11-b8e9-002248049fdc	1018	Erendira Avila Ulloa	F	F40-44	26	6:39:47	0:47:12	0:05:38	3:11:29	0:04:24	2:31:04	Mexico	
21e64c9d-5766-f011-bec2-0022480a7385	1019	Karlo Soto	M	M35-39	127	6:40:10	0:44:52	0:08:02	3:10:32	0:04:53	2:31:51	Chile	
891eb494-cfac-ef11-b8e8-6045bd018d16	1020	Jorge Tavares Robledo	M	M40-44	96	6:40:13	0:56:56	0:06:50	2:56:24	0:09:52	2:30:11	Mexico	
2bfd5f40-e958-f011-877b-000d3a35ffc1	1021	Jimmy Muñoz	M	M30-34	147	6:40:42	1:02:40	0:04:53	3:18:10	0:04:02	2:10:57	Peru	
b9d97cd5-3f9f-4950-9ccf-c66c79a7240a	1022	Irvin Hazael Arellano Licona	M	M25-29	148	6:40:45	0:39:52	0:05:39	2:58:56	0:03:16	2:53:02	Mexico	
30f9ece4-a7d4-ee11-9079-000d3a314d17	1023	Maria Martinez Quirarte	F	F18-24	33	6:40:45	0:43:34	0:05:30	3:13:35	0:03:16	2:34:50	Mexico	
1ed7c903-03fb-f011-8406-002248046ec8	1024	Claudia karina Ortega Gonzalez	F	F35-39	38	6:40:46	0:36:04	0:07:02	3:22:45	0:04:40	2:30:14	Mexico	
4afdf580-35c4-f011-bbd3-0022480c097c	1025	Angel Olvera	M	M30-34	148	6:40:55	0:58:35	0:06:35	3:13:01	0:06:25	2:16:19	Mexico	
075bf558-de0a-f111-8406-0022480994c2	1026	Héctor Gabriel Martínez Hernández	M	M30-34	149	6:40:56	0:51:10	0:06:17	3:20:40	0:03:57	2:18:53	Mexico	
5c5cb044-b10b-f111-8406-002248046ec8	1027	Jose Carlos Barrientos	M	M50-54	50	6:41:10	0:45:08	0:06:42	3:05:49	0:03:10	2:40:22	Guatemala	
c5134da2-00fb-f011-8406-6045bd062aa1	1028	Diego Morales	M	M30-34	150	6:41:26	0:48:45	0:07:27	3:24:09	0:05:34	2:15:31	Mexico	
61592734-3401-41fc-8de4-e77e30503fa6	1029	Fernando S Gutierrez Perez	M	M18-24	121	6:41:27	0:34:36	0:09:16	2:55:49	0:05:22	2:56:24	Mexico	
3636a88a-5caa-4b3d-920b-1f19cbd889f8	1030	Jorge Marichal	M	M50-54	51	6:41:29	0:43:21	0:06:53	2:56:42	0:07:23	2:47:09	Uruguay	
1b790668-0efb-f011-8406-002248046451	1031	Sergio Gomez Plaza	M	M30-34	151	6:41:30	0:36:04	0:09:06	2:55:25	0:09:51	2:51:03	Colombia	
aee3882b-821d-f111-8341-000d3a383e02	1032	Ana Karen Gonzalez	F	F35-39	39	6:41:31	0:48:02	0:06:36	3:16:40	0:04:33	2:25:40	Mexico	
1fb4b702-9ca4-407f-80bf-43dea2bc41c4	1033	Abraham Sanchez Hernandez	M	M45-49	62	6:42:02	0:48:05	0:06:05	3:03:11	0:04:38	2:40:03	Mexico	
aa995d64-4402-f111-8406-0022480b3ee9	1034	Alexander Ramírez	M	M45-49	63	6:42:07	0:34:14	0:09:13	2:52:01	0:06:28	3:00:11	Costa Rica	
b5178013-b4fb-f011-8406-0022480c4462	1035	Johana Solis	F	F40-44	27	6:42:11	0:52:14	0:07:18	3:16:44	0:06:35	2:19:19	Mexico	
e00bb266-3f67-f011-bec3-000d3a3173b5	1036	Amaury Ambriz	M	M30-34	152	6:42:21	0:33:53	0:05:08	3:21:09	0:03:27	2:38:44	Mexico	
50fcc642-2198-f111-8075-7ced8d3d2bea	1037	Honorio Hernandez Garcia	M	M45-49	64	6:42:23	0:45:54	0:06:39	2:56:17	0:03:33	2:50:01	Mexico	
7722a881-d9fa-f011-8406-0022480b88da	1038	Victor Marquez	M	M30-34	153	6:42:33	0:49:06	0:04:49	2:56:12	0:03:13	2:49:14	Mexico	
f813cd77-9623-4802-8a44-9358ad2112bb	1039	Alejandra Liceaga	F	F30-34	47	6:42:46	0:36:36	0:10:11	3:30:53	0:04:08	2:20:58	Mexico	
fb30ebf2-26fb-f011-8406-0022480995bd	1040	Fernando Dufour	M	M30-34	154	6:42:47	0:48:48	0:07:28	3:25:12	0:04:47	2:16:33	Brazil	
b735e76b-22fb-f011-8406-0022480b35b6	1041	Ana Ruth Villarreal	F	F30-34	48	6:42:52	0:38:36	0:05:59	3:11:58	0:05:13	2:41:06	Costa Rica	
11a1ac6e-f127-f111-8341-002248046ec8	1042	Jose Armando Pacheco	M	M25-29	149	6:42:56	0:48:04	0:07:33	2:49:17	0:04:26	2:53:36	Guatemala	
e8023c8c-dab9-f011-bbd3-6045bd09951e	1043	Antonio Alcantara	M	M25-29	150	6:42:57	0:40:53	0:05:56	3:19:25	0:05:01	2:31:41	Mexico	
a76f7618-8546-f111-bec6-0022480994c2	1044	Ana Lydia Matán Núñez	F	F40-44	28	6:42:58	0:46:21	0:05:26	3:17:11	0:03:30	2:30:28	Mexico	
606b69bc-25fb-f011-8406-0022480a5755	1045	Johanan Espinosa	M	M30-34	155	6:42:59	0:58:49	0:05:54	3:15:32	0:04:15	2:18:28	Mexico	
26cb3924-9ed3-4fc6-aa47-86f84ff8be2b	1046	Briseide Cruz	F	F45-49	21	6:43:01	0:46:32	0:07:15	2:59:13	0:05:15	2:44:45	Mexico	
9b04047a-954c-f111-bec6-002248046ec8	1047	Adriana Maria Delgado Alonso	F	F45-49	22	6:43:03	0:52:04	0:07:26	3:28:33	0:05:40	2:09:20	Mexico	
0e418253-95af-4720-a703-3b4bcc1f01f1	1048	Andres Villafana	M	M18-24	122	6:43:08	0:31:01	0:04:26	2:38:20	0:04:38	3:24:43	Mexico	
368038f6-ad9f-4ef6-9947-632feb6a13b4	1049	Rodrigo Lara	M	M35-39	128	6:43:27	0:51:51	0:06:50	3:21:02	0:05:00	2:18:43	Colombia	
9f7d99a7-de68-f011-bec2-000d3a5cf7d8	1050	Salvador Barrios Ovando	M	M35-39	129	6:43:51	1:04:01	0:10:26	3:22:46	0:04:50	2:01:48	Mexico	
9fb78494-1fc9-ef11-b8e9-002248049fdc	1051	IVAN ROCHA	M	M40-44	97	6:43:55	0:42:13	0:05:43	3:18:06	0:04:50	2:33:03	Mexico	
4d995253-8f46-f111-bec5-0022480a5755	1052	Andrés Salinas Espinosa	M	M25-29	151	6:43:59	0:54:44	0:06:12	3:05:15	0:04:45	2:33:03	Mexico	
3721b994-9b27-f111-8341-00224808eedf	1053	Dawson Victor	M	M25-29	152	6:44:05	0:49:25	0:06:10	3:07:38	0:05:28	2:35:24	United States	
46065825-9523-f111-8341-002248046ec8	1054	Maxwell Wuest	M	M25-29	153	6:44:11	0:45:07	0:07:09	3:06:46	0:03:37	2:41:32	United States	
4e227ca4-b9fa-f011-8406-0022480994c2	1055	Arturo Nino de rivera	M	M35-39	130	6:44:16	0:49:29	0:05:33	3:04:22	0:03:11	2:41:42	Mexico	
e21ea5ca-37ac-4663-9370-a1e7e8068b77	1056	Roberto Diaz	M	M35-39	131	6:44:16	0:38:12	0:07:36	3:02:06	0:06:37	2:49:46	Mexico	
2ea57021-a866-4097-9a28-28fd26cd1a30	1057	Ana Sofia Gea Morales	F	F30-34	49	6:44:21	0:47:10	0:05:17	3:05:30	0:04:06	2:42:18	Mexico	
ea7ee1ad-2e24-4cf8-ab0a-8938ae2bbbaf	1058	Omar Magid Garrido Assad	M	M35-39	132	6:44:23	0:40:09	0:07:35	2:56:06	0:05:09	2:55:24	Mexico	
0fc99260-aa32-f011-8c4d-6045bd09951e	1059	Morgan Fowler	F	F30-34	50	6:44:29	0:45:20	0:05:28	3:11:02	0:04:36	2:38:03	United States	
25823367-3c13-f011-9989-000d3a5cf7d8	1060	Andres Islas	M	M25-29	154	6:44:34	0:50:30	0:06:18	2:49:33	0:03:47	2:54:25	Mexico	
a708b8b0-7cc5-ef11-b8e8-000d3a5ae96c	1061	Mariana Perez	F	F25-29	35	6:44:37	0:42:11	0:05:48	3:18:27	0:03:56	2:34:15	Mexico	
0b086882-39fa-f011-8406-0022480b88da	1062	Germán Martínez Gutiérrez	M	M30-34	156	6:44:41	0:53:10	0:06:14	3:02:45	0:05:11	2:37:21	Mexico	
8e946957-1105-f111-8406-00224804679a	1063	Javier Gutierrez Rivera	M	M30-34	157	6:44:57	0:31:29	0:07:39	3:15:28	0:07:08	2:43:12	Mexico	
0f79bedd-709e-f011-b41c-000d3a5b7c3b	1064	Christopher Cabello Sánchez	M	M18-24	123	6:44:58	0:52:26	0:07:41	2:53:47	0:04:05	2:46:58	Mexico	
3d27f9a4-fdd9-49c8-81d0-7093b2e4b57c	1065	Emilio Remolina	M	M25-29	155	6:44:58	0:37:31	0:05:13	3:17:17	0:02:57	2:42:00	Mexico	
9d44bbdd-370b-ee11-8f6e-000d3a31440b	1066	Rodrigo Ojeda	M	M25-29	156	6:45:17	0:29:47	0:05:00	2:43:39	0:04:20	3:22:30	Mexico	
96275a0f-9eba-4365-8f84-b689cdefa7af	1067	Cindia Lopez Rodriguez	F	F40-44	29	6:45:21	0:53:46	0:10:05	3:16:43	0:06:35	2:18:11	Costa Rica	
d8c86a92-5b47-f111-bec6-002248046ec8	1068	JOSE DE JESUS LOPEZ SAID	M	M30-34	158	6:45:22	0:41:20	0:08:10	2:51:12	0:03:43	3:00:57	Mexico	
f15d0de5-e6ca-ef11-b8e8-000d3a5ae96c	1069	Anthony Murillo Jiménez	M	M35-39	133	6:45:27	0:39:32	0:07:08	3:47:20	0:05:34	2:05:52	Costa Rica	
023cf03d-8b53-f111-bec6-6045bd06566a	1070	Andres Ramirez Nieva	M	M25-29	157	6:45:32	0:45:01	0:09:46	3:18:05	0:09:14	2:23:26	Mexico	
670a6e33-f346-f111-bec6-002248046ec8	1071	Raul Alejandro Garcia Jasso	M	M25-29	158	6:45:35	0:37:03	0:05:39	2:53:21	0:06:51	3:02:42	Mexico	
db86b73e-a0e6-f011-8544-000d3a3173b5	1072	Miguel Angel Peñaflor Hinojosa	M	M35-39	134	6:45:39	0:52:03	0:07:31	2:52:31	0:08:43	2:44:51	Mexico	
b4e15066-9161-4161-a1c1-f5685a2d302c	1073	Rodriguez Mendoza Omar	M	F40-44	30	6:45:46	0:44:11	0:06:34	3:17:27	0:05:23	2:32:10	Mexico	
42c45be4-30fb-f011-8406-6045bd06566a	1074	Alexis Caso Lopez	M	M35-39	135	6:45:50	0:39:01	0:06:17	3:30:41	0:06:52	2:22:59	Mexico	
78524836-1e56-4b6e-b27f-7f9605d3d46d	1075	Ruben Dario Jimenez Millan	M	M50-54	52	6:45:51	0:36:27	0:09:50	3:17:25	0:06:23	2:35:46	Mexico	
6ad9e6db-00fc-f011-8406-0022480b35b6	1076	Gabriel Venegas	M	M30-34	159	6:45:54	0:39:21	0:06:41	3:02:54	0:04:12	2:52:45	Costa Rica	
391cc05a-a73b-4ab9-be7c-c694e01ba389	1077	Miyelli Ordaz	F	F40-44	31	6:46:03	0:52:57	0:07:05	3:00:14	0:05:21	2:40:26	Mexico	
fa8d2a01-04fb-f011-8406-0022480995bd	1078	satoshi nagahama	M	M50-54	53	6:46:17	0:33:15	0:13:33	3:20:22	0:08:26	2:30:41	Japan	
9ae5154a-a8c2-40ba-b4f4-430fac6b87bc	1079	Santa Urzua Vega	F	F55-59	5	6:46:17	0:49:45	0:06:14	3:10:11	0:04:28	2:35:38	Mexico	
3dd3bf8b-0e50-4979-85e9-11bbc2706469	1080	Eliseo Sanchez	M	M35-39	136	6:46:24	0:35:25	0:07:42	3:01:02	0:03:46	2:58:28	Mexico	
b1d5f688-95d0-40b1-9a7c-7d1f3e73b3dd	1081	Matthew Froese	M	M40-44	98	6:46:28	0:50:25	0:09:53	2:51:27	0:05:19	2:49:24	Canada	
b786703f-fd5d-f011-bec2-000d3a5cf7d8	1082	Graham Milligan	M	M40-44	99	6:46:42	0:49:13	0:06:50	3:08:54	0:05:21	2:36:24	United Kingdom	
e137fc92-93fb-f011-8406-6045bd01ea76	1083	Mario Milligan-Nagy	M	M40-44	100	6:46:44	0:51:32	0:06:52	2:58:24	0:05:16	2:44:40	Hungary	
b5fe23c5-e838-ef11-8409-000d3a367177	1084	Jorge Alejandro Barreto Rodriguez	M	M18-24	124	6:46:59	0:47:56	0:06:10	3:05:34	0:06:15	2:41:05	Mexico	
80c22391-6dc9-f011-bbd3-6045bd05f634	1085	Carlos Patricio Gómez Sanchez	M	M30-34	160	6:47:01	0:48:01					Mexico	
cccb6556-73cc-ef11-b8e8-000d3a5ae96c	1086	Lazaro Chable Garrido	M	M35-39	137	6:47:09	0:32:53	0:07:07	3:01:30	0:06:08	2:59:31	Mexico	
f3c07731-aeb2-f011-bbd3-000d3a5b7c3b	1087	Gerardo Verduzco	M	M25-29	159	6:47:11	0:54:37	0:04:09	3:04:13	0:07:54	2:36:17	Mexico	
4d477509-17b8-ef11-b8e8-000d3a5ae96c	1088	Daniela Castillo	F	F30-34	51	6:47:43	0:46:49	0:09:13	3:26:50	0:07:54	2:16:58	Mexico	
959c9654-6349-4fae-83d1-e6b9eb335563	1089	Fernando Reyes Enciso	M	M45-49	65	6:47:47	0:36:49	0:07:36	3:13:32	0:05:10	2:44:40	Mexico	
cd1d6ed0-565a-4272-8b61-db3c1fd8838d	1090	Daniel Conkle Diaz	M	M50-54	54	6:47:48	0:41:23	0:11:40	3:14:50	0:06:57	2:32:57	Mexico	
9c9910a0-c6b0-ef11-b8e8-000d3a5a403c	1091	Diego Ramos Gonzalez	M	M45-49	66	6:47:48	1:03:44	0:09:27	3:15:10	0:07:38	2:11:49	Mexico	
461bc30a-d7c5-4fcc-bd4d-751fa3a483ec	1092	Martin Antonio Herrera Garcia	M	M30-34	161	6:47:49	0:35:42	0:10:20	3:08:42	0:08:23	2:44:43	Mexico	
446fe1d7-1325-4898-91fd-a5c88c02f973	1093	Hugo García Mora V	M	M50-54	55	6:47:54	0:50:42	0:07:31	3:06:51	0:07:52	2:34:57	Mexico	
5b00269e-0d41-f111-88b4-002248046ec8	1094	Oscar Tenorio	M	M25-29	160	6:47:58	0:47:46	0:07:29	3:12:57	0:04:18	2:35:29	Mexico	
dc2e72bc-a86c-ef11-bfe3-000d3a371e3b	1095	Erik Carmona	M	M40-44	101	6:47:59	0:35:12	0:04:59	2:58:52	0:07:56	3:00:59	Mexico	
07d730ec-6028-f111-8341-0022480b88da	1096	Maty Licona Gonzalez	F	F30-34	52	6:47:59	0:49:31	0:05:28	3:23:43	0:04:08	2:25:09	Mexico	
7557a891-11c7-f011-bbd3-000d3a5b50ba	1097	Carlos Ramirez	M	M30-34	162	6:48:02	0:37:20	0:05:25	3:03:04	0:02:32	2:59:42	Mexico	
3c7eec83-ceb6-44a6-afdd-9f2eefed9df3	1098	Mauricio Villarreal Parra	M	M30-34	163	6:48:05	0:44:29	0:06:52	2:59:56	0:05:41	2:51:07	Mexico	
c0410e5e-a06e-f111-ab0d-0022480b35b6	1099	Jonathan Omar Cuevas Villa	M	M30-34	164	6:48:34	0:36:34	0:05:43	3:49:50	0:04:42	2:11:45	Mexico	
2faad88a-0ab1-4ece-838a-e1905ce915cb	1100	Robert Free	M	M45-49	67	6:48:36	0:32:41	0:07:17	2:58:28	0:03:08	3:07:01	United States	
47eb8e9b-4cbd-4a03-a50d-e295075e1839	1101	Jessica Aide Arevalo Soriano	F	F40-44	32	6:48:38	0:51:04	0:11:01	3:11:37	0:06:25	2:28:30	Mexico	
82b578b2-f2bc-ef11-b8e8-6045bd088264	1102	Leonardo Tucuch	M	M30-34	165	6:48:40	0:34:18	0:07:15	3:08:46	0:06:02	2:52:19	Mexico	
3590cc21-1b8d-f111-ab10-6045bd06566a	1103	Salvador Jantes	M	M55-59	30	6:48:48	0:32:53	0:06:33	3:16:31	0:07:45	2:45:05	Mexico	
2210ff66-97fb-f011-8406-0022480a5755	1104	Alejandra García Meneses	F	F25-29	36	6:48:54	0:53:34	0:08:22	3:28:45	0:05:03	2:13:10	Mexico	
6b3090e2-6da1-47d5-aaf2-33d36d2e58bf	1105	Daniela Valdés	F	F35-39	40	6:48:59	0:47:34	0:05:19	3:17:16	0:04:28	2:34:22	Guatemala	
35e47262-d4b9-4b6a-9ffe-9ba7ab2977d1	1106	Alma Natalia Garza Gonzalez	F	F30-34	53	6:49:02	0:48:01	0:06:58	3:07:48	0:04:10	2:42:05	Mexico	
d0e9557a-6e15-49ff-9188-384266d66963	1107	Carlos Cantu	M	M30-34	166	6:49:08	0:47:06	0:06:06	2:53:38	0:04:43	2:57:35	Mexico	
36b05ef2-518c-f111-ab10-0022480994c2	1108	SHERLIN ABIGAIL ALCOCER DIAZ	F	F25-29	37	6:49:10	0:47:23	0:06:32	3:04:11	0:04:33	2:46:29	Mexico	
47728eab-0ed2-f011-8543-000d3a344d4f	1109	Sophia Piza	F	F25-29	38	6:49:10	0:40:05	0:07:13	3:08:23	0:04:19	2:49:11	Mexico	
a0473a5f-cc0d-f111-8406-0022480b88da	1110	Mark Mower	M	M40-44	102	6:49:22	0:38:04	0:05:43	3:05:35	0:06:57	2:53:03	United States	
7786ad9b-94cc-f011-bbd2-6045bd09e913	1111	Dolores Josefina Rocha Gonzale		F40-44	33	6:49:33	0:47:44	0:06:40	3:19:25	0:05:06	2:30:39	Mexico	
ec576558-f2fb-f011-8406-0022480b84a3	1112	GUADALUPE AGUILAR APANCO	F	F40-44	34	6:49:45	0:48:26	0:05:48	3:19:29	0:04:04	2:31:59	Mexico	
99f4ddac-68fd-f011-8406-6045bd06566a	1113	Jessica Reyes Valdez	F	F30-34	54	6:49:46	0:47:58	0:07:41	3:16:47	0:07:26	2:29:54	Mexico	
5062ff50-c391-44c8-b1a2-832fa89adde0	1114	Christopher Prattos	M	M25-29	161	6:49:54	0:57:31	0:09:04	3:06:34	0:08:22	2:28:23	United States	
c1d943a9-5843-f111-88b3-6045bd06566a	1115	Armando Zavaleta Romero	M	M25-29	162	6:50:05	0:59:34	0:06:46	3:06:10	0:04:22	2:33:12	Mexico	
d68ef3b1-067c-ef11-a670-000d3a5b3d07	1116	Carlos Montiel	M	M40-44	103	6:50:11	0:39:42	0:05:55	3:22:42	0:03:47	2:38:05	Mexico	
ac35ea2f-8e58-f111-bec7-0022480b84a3	1117	DIANA LAURA ORTIZ ROMERO	F	F30-34	55	6:50:20	1:09:39	0:07:20	3:06:21	0:06:55	2:20:05	Mexico	
320a3cda-4bd7-41aa-9fa5-d9a84d64387e	1118	Cooper Swanson	M	M40-44	104	6:50:29	0:45:31	0:08:47	3:03:48	0:04:36	2:47:48	United States	
e12fbfb4-13d9-ef11-8ee9-6045bd018d16	1119	DIEGO ENRIQUE ALVAREZ ROJAS	M	M40-44	105	6:50:29	0:44:32	0:04:40	3:12:16	0:04:39	2:44:22	Colombia	
f8628bc8-23e4-f011-8544-000d3a5cf7d8	1120	Raul Resendiz Molina	M	M25-29	163	6:50:31	0:47:19	0:05:59	3:19:48	0:05:36	2:31:49	Mexico	
e40d43ca-c706-f111-8406-002248046451	1121	Juan Carlos Lopez	M	M18-24	125	6:50:36	0:33:12	0:06:23	3:27:47	0:03:07	2:40:08	Mexico	
09594b58-fd05-f111-8406-0022480b84a3	1122	Maria Fernanda Robles Siller	F	F30-34	56	6:50:38	0:49:25	0:08:26	3:25:29	0:05:10	2:22:09	Mexico	
fe87cb3a-c633-f111-88b4-6045bd06566a	1123	Margarita Chavez Ricalde	F	F25-29	39	6:50:41	0:44:54	0:05:54	3:18:27	0:04:17	2:37:09	Mexico	
4098ed19-6417-4bd5-b1a4-4a691c6c652e	1124	Chava Monroy	M	M45-49	68	6:50:43	0:39:02	0:07:41	3:08:38	0:05:14	2:50:07	Mexico	
3390f466-1afb-f011-8406-0022480b3ee9	1125	Martha Lizelle Forte Aguilar	F	F30-34	57	6:50:49	0:42:15	0:07:54	3:20:06	0:05:53	2:34:41	Mexico	
4b76de67-3bfc-ef11-bae2-00224805ddb9	1126	Uriel Garcia Moreno	M	M25-29	164	6:51:06	0:45:25	0:06:11	3:13:05	0:06:21	2:40:04	Mexico	
78c6a95a-30b7-4f0f-b675-2e15e6737f65	1127	Craig Noble	M	M55-59	31	6:51:09	0:36:05	0:04:35	2:54:21	0:05:33	3:10:35	Canada	
461bf224-2603-4cc8-ac3e-1079ef0f78f9	1128	Alfredo Castaneda	M	M40-44	106	6:51:24	0:46:24	0:07:19	3:00:02	0:05:30	2:52:10	Colombia	
05bbea5c-d86e-4c2b-b35f-b644aea09918	1129	Pia Barriot	F	F25-29	40	6:51:30	0:36:24	0:06:07	3:20:45	0:04:26	2:43:47	Mexico	
6c7ff007-9bf1-f011-8406-000d3a5b5fc7	1130	Luis Antonio Ramírez Flores	M	M18-24	126	6:51:33	1:05:09	0:06:16	3:14:32	0:05:05	2:20:33	Mexico	
50b3519c-d7ef-ef11-9342-000d3a5ae96c	1131	John Quevedo	M	M45-49	69	6:51:44	0:39:31	0:06:46	3:04:13	0:05:44	2:55:30	Colombia	
236a2ece-8392-f111-8077-0022480994c2	1132	Osvaldo Martínez	M	M45-49	70	6:51:46	0:31:39	0:08:15	3:22:55	0:06:07	2:42:50	Mexico	
cf91ef9d-4d04-f111-8406-0022480995bd	1133	James Houghton	M	M25-29	165	6:51:51	0:39:50	0:05:26	3:07:54	0:04:19	2:54:23	United Kingdom	
d07a4df9-3993-f111-8076-7c1e528d5074	1134	JORGE CARLOS ORTEGON RIVERO	M	M35-39	138	6:51:51	0:58:47	0:05:14	3:13:09	0:03:53	2:30:49	Mexico	
39118244-aa0b-4f39-a1a1-a6a6c7f2c1e5	1135	Ivan Gonzalez Carballo	M	M55-59	32	6:51:51	0:30:58	0:04:18	3:27:11	0:04:33	2:44:50	Mexico	
dde0e63e-a594-f011-b4cc-000d3a35ffc1	1136	Luis Fernando Sastré Castillo	M	M25-29	166	6:52:07	0:48:07	0:09:50	3:11:21	0:12:49	2:29:59	Mexico	
370dbc7f-6463-ef11-bfe3-6045bd0953ac	1137	Lizbeth Sarahi Aguillon Mar	F	F35-39	41	6:52:08	0:53:11	0:06:44	3:27:28	0:04:50	2:19:56	Mexico	
7ebede3a-c92d-f111-88b4-0022480994c2	1138	Ray Dennehy	M	M18-24	127	6:52:25	0:58:38	0:05:17	3:09:02	0:04:32	2:34:55	United States	
075921ae-1609-f011-bae2-000d3a5b50ba	1139	Nidia Buendia	F	F30-34	58	6:52:32	0:43:48	0:05:54	3:17:09	0:06:02	2:39:38	Mexico	
4e8dd72e-0ffb-f011-8406-0022480b84a3	1140	jesus alfredo jimenez wilson	M	M30-34	167	6:52:37	0:42:47	0:06:51	3:22:14	0:04:37	2:36:07	Mexico	
540ed32f-166a-ef11-bfe3-000d3a596351	1141	Luis Paulo Furtado Garcia	M	M35-39	139	6:52:45	0:34:22	0:07:08	3:01:56	0:05:01	3:04:19	Brazil	
2893a00b-24fb-f011-8406-002248081bd6	1142	Jacobo Sanfeliz	M	M18-24	128	6:52:47	0:52:30	0:09:14	3:05:06	0:06:34	2:39:24	Mexico	
88b93be6-253c-4fb6-a1a0-e642f3d986c2	1143	Jose Luis Bautista Muñoz	M	M45-49	71	6:52:54	0:47:33	0:10:09	3:14:54	0:06:31	2:33:47	Mexico	
5abac4fc-d120-4005-a041-41ea736daf27	1144	Roberto Soto Gonzalez	M	M50-54	56	6:52:58	0:47:52	0:07:50	2:56:56	0:05:28	2:54:53	Mexico	
0dccb291-29b8-ef11-b8e9-000d3a5a1803	1145	Juan Diego Pastor	M	M25-29	167	6:53:12	0:58:06	0:07:21	3:11:52	0:07:27	2:28:25	Colombia	
464519f6-23b0-ef11-b8e8-000d3a5a403c	1146	Ricardo Ferreira Brito	M	M35-39	140	6:53:16	0:39:56	0:06:24	2:51:54	0:04:32	3:10:29	Brazil	
9c9910a0-c6b0-ef11-b8e8-000d3a5a403c	1147	Diego Ramos Gonzalez	M	M25-29	168	6:53:17	0:51:26	0:04:44	3:05:30	0:04:23	2:47:14	Mexico	
980e6a73-4257-f111-bec6-70a8a5aef844	1148	Emilio Alcalá Escamilla	M	M18-24	129	6:53:18	0:44:27	0:07:01	3:02:55	0:04:06	2:54:50	Mexico	
8f16222c-acaf-f111-aaac-70a8a5b19cbc	1149	Roberto Antonio Hernandez Cruz	M	M40-44	107	6:53:24	0:47:13	0:08:31	3:23:28	0:09:48	2:24:24	Mexico	
1e4bb9ff-01fc-f011-8406-002248081bd6	1150	Amanda Redondo Rojas	F	F30-34	59	6:53:30	0:49:34	0:05:01	3:07:35	0:03:46	2:47:34	Costa Rica	
b2592c5d-d24e-4bf1-935e-c511edee8306	1151	Luis José Ramos González	M	M18-24	130	6:53:30	0:54:41	0:05:33	3:00:59	0:05:31	2:46:45	Mexico	
c6072332-c8af-4c47-9169-5881e5d93111	1152	Janet Wilson	F	F60-64	6	6:53:40	0:34:40	0:07:14	2:56:10	0:06:22	3:09:14	United States	
c2973d81-2efd-f011-8406-000d3a59e8ca	1153	Brian Smith	M	M65-69	5	6:53:56	0:32:58	0:07:59	2:49:57	0:08:58	3:14:03	United States	
bd1a0207-c91f-f011-998a-6045bd05fcc1	1154	Ramon Alday	M	M55-59	33	6:54:08	0:54:47	0:07:09	2:59:18	0:10:30	2:42:23	Mexico	
41a09f4d-aa70-f011-bec3-000d3a3173b5	1155	Rodrigo Cantú Reus	M	M45-49	72	6:54:10	0:42:36	0:10:09	3:14:11	0:08:37	2:38:36	Mexico	
3fe6d0ce-2d67-f011-bec2-000d3a5cf7d8	1156	Carlos Jimenez Palacios	M	M40-44	108	6:54:24	0:42:16	0:11:11	3:09:49	0:08:20	2:42:47	Mexico	
0c879994-7c5f-f011-bec3-000d3a35ffc1	1157	Tufik Cabrera Romero	M	M18-24	131	6:54:34	0:40:58	0:07:27	3:01:59	0:06:07	2:58:04	Mexico	
a27099af-01fb-f011-8406-002248046451	1158	Jean Carlo Jiménez Guzmán	M	M30-34	168	6:54:53	1:04:08	0:08:41	3:20:28	0:05:35	2:16:01	Costa Rica	
f4363e21-4e55-f111-bec6-70a8a5b034e5	1159	Carlos Ramirez Gallego	M	M40-44	109	6:54:59	0:41:56	0:11:13	3:11:20	0:07:55	2:42:34	Mexico	
b4b50f77-95bf-4fde-8d4d-4f2af7889536	1160	José De Jesus Ojeda	M	M50-54	57	6:55:04	0:42:11	0:06:23	3:08:46	0:07:47	2:49:57	Mexico	
959fab4e-82fd-f011-8406-0022480b35b6	1161	Andrea Martínez Rueda	F	F25-29	41	6:55:09	0:40:00	0:05:58	3:26:23	0:05:20	2:37:27	Mexico	
c85cdfef-5e4f-48c8-be68-d9f688ec1934	1162	Salvador Zambrano	M	M35-39	141	6:55:24	0:50:33	0:07:05	3:10:44	0:04:21	2:42:41	Mexico	
317e8ef9-2544-f011-877a-6045bd09951e	1163	César Martínez	M	M35-39	142	6:55:25	0:48:39	0:07:15	2:59:39	0:06:12	2:53:40	Mexico	
a7bad311-9486-421c-9a8e-ff824e7e0926	1164	Hector Ruiz Castellanos	M	M65-69	6	6:55:32	0:51:38	0:09:02	3:15:00	0:06:57	2:32:54	Colombia	
040ba2a8-47eb-f011-8544-000d3a35ffc1	1165	Marcia Lovato	F	F40-44	35	6:55:38	0:42:18	0:05:16	3:12:49	0:04:32	2:50:42	United States	
db5606da-9f96-f111-8076-0022480a5755	1166	Luis Miguel Castillo Cordero	M	M35-39	143	6:55:46	0:51:26	0:09:37	3:43:55	0:08:46	2:02:01	Mexico	
d693d689-61fd-f011-8406-6045bd08b1a2	1167	Jenny Wollmer	F	F30-34	60	6:56:06	0:49:27	0:07:09	3:39:04	0:06:02	2:14:25	Mexico	
2fc3242a-9999-4682-b6fd-9e06946eef97	1168	Joseph Casas	M	M50-54	58	6:56:09	0:53:57	0:09:31	3:02:17	0:05:33	2:44:51	United States	
27f020e3-bbf9-ee11-a1ff-000d3a314d17	1169	Luis Angel Perez Maldonado	M	M35-39	144	6:56:13	0:38:57	0:08:18	3:05:30	0:07:31	2:55:56	Mexico	
6e76a8c7-28ca-4add-92bd-159d54e14165	1170	Nichole Moon	F	F35-39	42	6:56:14	0:45:36	0:05:04	3:21:37	0:04:19	2:39:37	United States	
97f9625e-6258-f111-bec7-6045bd06566a	1171	Montserrat Cedillo Gonzalez	F	F25-29	42	6:56:20	0:40:47	0:07:30	3:24:24	0:04:11	2:39:28	Mexico	
892cf380-3255-f111-bec6-0022480b88da	1172	Daniel Ronquillo	M	M35-39	145	6:56:28	0:52:22	0:05:42	3:21:29	0:02:53	2:34:01	Mexico	
ebc99bab-fc86-ee11-8179-0022480acaa6	1173	Dean Motazedi	M	M55-59	34	6:56:31	0:36:09	0:06:04	3:03:25	0:04:31	3:06:22	United States	
e0fb5fa8-77a6-f111-b8de-70a8a5b19cbc	1174	Pilar Perezcalva Herrera	F	F30-34	61	6:56:49	0:53:17	0:06:50	3:02:44	0:05:09	2:48:49	Mexico	
5d80fbc9-7090-f111-8077-70a8a5b19cbc	1175	Jordan Furniss	M	M18-24	132	6:56:52	0:40:59	0:05:37	2:49:35	0:04:25	3:16:16	Mexico	
6480a50a-17e7-45ec-9286-ed345f8eca65	1176	Rodolfo Pardo	M	M50-54	59	6:57:18	0:51:01	0:07:54	3:21:16	0:06:39	2:30:28	Mexico	
c11f001d-e5fa-f011-8406-6045bd06566a	1177	Jorge Perez	M	M40-44	110	6:57:27	0:36:32	0:05:54	3:11:29	0:06:01	2:57:30	Mexico	
e9dd8ed5-3899-ef11-8a6a-002248049fdc	1178	TAEJIN HA	M	M45-49	73	6:57:34	0:50:24	0:09:08	3:04:16	0:05:55	2:47:51	South Korea	
f2794cd8-f2fb-f011-8406-0022480b35b6	1179	Zuriel Avila Martinez	M	M40-44	111	6:57:34	0:48:57	0:07:47	3:14:37	0:06:35	2:39:38	Mexico	
45336424-a2fb-f011-8406-6045bd08b1a2	1180	Andrea Padilla Alvarez	F	F25-29	43	6:57:40	0:38:23	0:07:05	3:24:12	0:06:28	2:41:33	Mexico	
8cea43ff-1191-f011-b4cc-000d3a5c3d6c	1181	Ricardo Romero	M	M30-34	169	6:57:42	0:51:29	0:11:58	3:21:54	0:07:34	2:24:47	Mexico	
8566d78a-b0fb-f011-8406-002248046ec8	1182	Aaron Sanchez Benitez	M	M45-49	74	6:57:46	0:46:20	0:10:10	3:19:55	0:11:19	2:30:01	Mexico	
c11e3373-6a8c-ed11-81ad-000d3a314329	1183	Myrsa Paulina Cano Samano	F	F18-24	34	6:57:51	0:48:37	0:06:50	3:19:09	0:03:15	2:40:01	Mexico	
e166995d-679f-4800-98a1-4e7e7c6be9e1	1184	ROBERTO ESCOTO	M	M50-54	60	6:57:51	0:47:05	0:08:25	3:27:22	0:04:26	2:30:33	United States	
c2bf84af-747e-f111-ab0f-0022480994c2	1185	Karelyn Morales	F	F40-44	36	6:58:01	0:38:18	0:09:53	3:12:18	0:05:44	2:51:48	Mexico	
283da04c-5db3-ef11-b8e9-000d3a5a1803	1186	Maria de la Luz Gasca Arpero		F25-29	44	6:58:06	0:50:49	0:07:44	3:28:45	0:07:16	2:23:33	Mexico	
a98b5c2c-93a0-ef11-8a6a-000d3a338a3c	1187	Aldo Schievenini Zanatta	M	M55-59	35	6:58:07	0:38:36	0:07:31	3:05:29	0:03:58	3:02:34	Mexico	
033e8e81-8aec-49f6-8e43-677d89afe557	1188	Pierre Lafontaine	M	M55-59	36	6:58:15	0:39:27	0:06:56	3:02:50	0:06:09	3:02:53	Canada	
88ec04f5-8c46-44eb-a78d-9fc24c80df90	1189	Rosalba Catalina Jimenez Padilla	F	F40-44	37	6:58:16	0:53:09	0:06:32	3:07:41	0:04:33	2:46:21	Mexico	
2fb04051-6c6e-480e-aeee-2328e31ca0f9	1190	Mario Sanchez	M	MGuide	2	6:58:18	0:43:36	0:07:23	2:46:34	0:11:54	3:08:51	Mexico	
3e88fc61-f808-f111-8406-0022480a5755	1191	Claudio Martínez Escobar Mendoza	M	M18-24	133	6:58:20	0:38:10	0:05:26	3:20:24	0:05:15	2:49:05	Mexico	
4cb995d5-cac8-f011-bbd3-6045bd09951e	1192	Alejandro Duran	M	M30-34	170	6:58:27	1:05:04	0:09:15	3:23:24	0:04:53	2:15:52	Mexico	
bf0743fb-1503-419c-864a-02cbbcc88f32	1193	Camila de FREITAS SALES	F	F45-49	23	6:58:43	0:44:59	0:05:20	3:09:49	0:05:21	2:53:15	Brazil	
11ddeae7-c07f-f111-ab0e-70a8a5ae49cc	1194	Cynthia Matus	F	F25-29	45	6:58:45	0:57:32	0:07:34	3:22:17	0:08:23	2:22:59	Belize	
b578cd5a-533f-f111-88b4-0022480b88da	1195	Camila Rodriguez	F	F18-24	35	6:58:48	0:48:47	0:05:27	3:12:58	0:03:34	2:48:01	Mexico	
4b190a97-bcaa-f011-bbd3-6045bd09951e	1196	RUBEN GONZALEZ	M	M35-39	146	6:58:49	0:55:43	0:07:43	3:32:39	0:09:40	2:13:05	Mexico	
2037e564-00c7-f011-bbd3-000d3a5b50ba	1197	jorge Alfredo sanen Jimenez	M	M18-24	134	6:58:50	0:41:17	0:03:59	3:15:07	0:04:28	2:53:59	Mexico	
dabbd4c7-6f72-4d72-8666-f17fdacd2898	1198	RAUL COBA	M	M50-54	61	6:58:55	0:46:21	0:10:54	2:54:26	0:10:34	2:56:40	Mexico	
c6da4e50-5e7f-4ded-93f7-48abcf5f187c	1199	Edgar Torres Lili	M	M45-49	75	6:58:58	0:42:52	0:08:16	3:22:16	0:05:26	2:40:09	Mexico	
a5384b70-6c43-f111-88b4-0022480b84a3	1200	McGregor Rowland	M	M25-29	169	6:59:14	1:00:21	0:06:37	3:35:29	0:06:21	2:10:26	United States	
ba3789f3-e805-f111-8406-6045bd08b1a2	1201	Andres Ham	M	M40-44	112	6:59:37	0:41:22	0:08:25	3:11:00	0:14:22	2:44:27	Mexico	
bb99a5c6-b3be-4d43-9210-b4fca0247754	1202	Pablo Hernandez Rojas	M	M30-34	171	6:59:40	0:54:44	0:08:27	3:11:07	0:07:02	2:38:20	Costa Rica	
18c796e1-baec-ef11-9342-000d3a592251	1203	Lucy Castillo	F	F45-49	24	6:59:51	0:36:00	0:11:20	3:22:02	0:04:40	2:45:49	Mexico	
295487d8-b5e1-4006-a450-eafdb362c32a	1204	Mario Baqueiro Oria	M	M40-44	113	6:59:55	0:46:12	0:06:45	2:52:31	0:07:14	3:07:13	Mexico	
36127646-7ece-419e-86c0-65f90ad9eb7b	1205	Luz Gonzalez	F	F45-49	25	6:59:57	0:52:21	0:08:56	3:30:49	0:06:11	2:21:39	Mexico	
f0390970-dcfa-f011-8406-0022480b88da	1206	Gerardo Marroquin	M	M25-29	170	7:00:28	0:43:54	0:06:47	3:01:36	0:05:09	3:03:02	El Salvador	
a53af773-153c-455b-881c-98e3a9dca11b	1207	Fernando Vargas de la Rosa	M	M55-59	37	7:00:28	0:41:58	0:13:14	3:15:30	0:08:48	2:40:58	Mexico	
a29da337-42d7-4211-9480-74586c134934	1208	Alberto Jasso	M	M40-44	114	7:00:28	0:36:08	0:04:58	2:54:05	0:03:45	3:21:32	Mexico	
b9f8d218-3255-f111-bec6-70a8a5b034e5	1209	Yasmine arroniz reyes	F	F30-34	62	7:00:29	0:42:47	0:08:35	3:22:51	0:05:54	2:40:21	Mexico	
49985182-0943-438b-9e54-6c5569446aee	1210	Carlos Alberto Novelo Salazar	M	M40-44	115	7:00:31	0:40:39	0:05:38	2:59:46	0:06:50	3:07:38	Mexico	
a18ec933-5c91-ea11-a811-000d3a5a1cf8	1211	Ana Rios	F	F50-54	11	7:00:40	0:39:55	0:09:02	3:13:08	0:06:11	2:52:24	Mexico	
07f889c0-84b0-ee11-a569-000d3a314329	1212	Larry Hipp	M	M45-49	76	7:00:40	0:33:26	0:07:07	2:40:13	0:06:30	3:33:24	United States	
9d91d77f-6a73-4a72-9c10-a18bd8526595	1213	Francisco Javier Perez Mendez	M	M30-34	172	7:00:43	0:53:33	0:07:14	3:25:12	0:04:51	2:29:52	Mexico	
60e28600-867f-4337-9ce3-2ae8ed67911d	1214	Jenny Tangarife	F	F35-39	43	7:00:47	0:47:37	0:07:05	3:14:48	0:04:14	2:47:01	Panama	
0871e429-4baf-f011-bbd3-000d3a5cf7d8	1215	Rodrigo Eder Miranda Rosa	M	M40-44	116	7:00:50	0:34:35	0:07:29	2:55:43	0:06:36	3:16:26	Brazil	
8fd15c2b-f505-f111-8406-0022480a5755	1216	Blake Smith	M	M45-49	77	7:00:57	0:58:58	0:11:32	3:37:15	0:06:48	2:06:24	United States	
d91ca79f-3d04-4f17-a7a5-e896cbe7cfce	1217	Tammy Motazedi	F	F60-64	7	7:01:08	0:46:00	0:06:20	3:09:47	0:04:12	2:54:49	United States	
4d8ae2da-d414-f111-8341-0022480b84a3	1218	Maria Dolores Flores Reyes	F	F40-44	38	7:01:17	0:40:00	0:14:11	3:19:02	0:09:26	2:38:38	Mexico	
32f17f92-5c66-f011-bec2-000d3a5cf7d8	1219	David Luna	M	M25-29	171	7:01:25	1:02:45	0:04:29	3:12:35	0:04:21	2:37:15	Mexico	
b11e08af-af18-f111-8341-6045bd06566a	1220	FRED Jiménez Cisneroz	M	M55-59	38	7:01:27	0:55:13	0:09:11	3:04:57	0:06:02	2:46:03	United States	
97ca6ee5-cde5-4795-9969-a670c25b8a3f	1221	J. Manuel Francos	M	M18-24	135	7:01:40	0:44:01	0:09:11	3:20:18	0:11:25	2:36:44	Mexico	
a5ebafcb-e089-f011-b4cc-002248098cfa	1222	Miriam Vargas Camacho	F	F50-54	12	7:01:41	1:02:11	0:09:32	3:07:20	0:07:25	2:35:13	Mexico	
e5778ca0-c4aa-f011-bbd3-6045bd09951e	1223	Sara Laslop	F	F30-34	63	7:01:53	0:48:02	0:07:00	3:24:36	0:04:26	2:37:50	Mexico	
b2ba9856-c691-4ffd-b929-84eb94ca9a6e	1224	Ilse Hinzpeter	F	F45-49	26	7:02:14	0:36:49	0:05:02	3:07:01	0:04:15	3:09:07	Mexico	
3a377966-0d61-eb11-a812-0022480a5ad9	1225	GILBERTO PEDRAZA VELASQUEZ	M	M60-64	8	7:02:21	1:01:04	0:07:36	3:02:11	0:05:27	2:46:03	Colombia	
faa9a775-9a07-f111-8406-6045bd08b1a2	1226	David Batalla	M	M35-39	147	7:02:42	0:51:35	0:06:11	3:27:31	0:05:59	2:31:25	Mexico	
c52eee5f-dfd3-ed11-a7c7-000d3a314ae2	1227	Alessandro Mone	M	M50-54	62	7:02:55	0:56:38	0:11:39	2:54:13	0:06:21	2:54:04	Canada	
b4e15066-9161-4161-a1c1-f5685a2d302c	1228	Rodriguez Mendoza Omar	M	M40-44	117	7:03:13	0:42:44	0:07:36	3:21:52	0:07:33	2:43:27	Mexico	
626d0619-e9fb-f011-8406-0022480994c2	1229	Alejandro Saenz Córdova	M	M30-34	173	7:03:18	0:53:46	0:06:14	3:01:02	0:04:52	2:57:24	Mexico	
cd0af5bc-30ba-ef11-b8e9-002248049fdc	1230	Gabriel Camargo	M	M30-34	174	7:03:19	0:55:49	0:10:00	3:31:02	0:06:36	2:19:52	Colombia	
ff99c7f5-0d36-f111-88b4-0022480994c2	1231	Juan Pablo Hernandez Ascencion	M	M25-29	172	7:03:29	0:55:22	0:06:13	3:28:03	0:07:07	2:26:43	Mexico	
9fdcfd8d-e680-40ad-b59a-e02ead9e1b72	1232	Daniel Otero	M	M35-39	148	7:03:31	1:07:22	0:07:42	3:14:38	0:05:03	2:28:47	Colombia	
479527cc-2055-f011-877b-000d3a5c3d6c	1233	Maximiliano Valadez Bustamante	M	M30-34	175	7:03:45	0:54:57	0:10:17	3:29:39	0:04:36	2:24:15	Mexico	
fd2c147a-6790-f111-8077-6045bd06566a	1234	Adam Silva	M	M30-34	176	7:04:05	0:46:48	0:07:04	3:30:03	0:06:32	2:33:37	Mexico	
5ecabc6e-5963-4cba-847a-84374d65de8c	1235	Desiree Valdovinos	F	F35-39	44	7:04:18	0:45:38	0:12:25	3:39:51	0:06:46	2:19:38	United States	
98f95b0c-ceb6-f011-bbd3-000d3a35ffc1	1236	Victor Barrett	M	M35-39	149	7:04:32	1:03:01	0:07:11	3:11:23	0:04:25	2:38:33	Mexico	
408de345-397c-49f4-8f49-5dc1841b1637	1237	Luz Angela Camargo Sepulveda	F	F35-39	45	7:04:58	0:52:13	0:06:20	2:59:35	0:05:13	3:01:38	Colombia	
c43557bd-9ce3-f011-8544-000d3a5b7c3b	1238	Carmen elisabet Larriva acosta	F	F30-34	64	7:04:59	0:41:52	0:11:52	3:30:33	0:11:57	2:28:45	Mexico	
3a3e9271-53c4-ef11-b8e8-000d3a5a403c	1239	ignacio sanchez navarro	M	M35-39	150	7:05:03	0:45:06	0:10:48	3:28:14	0:04:44	2:36:12	Mexico	
8f03f858-ee47-f111-bec5-7ced8d6fe4f6	1240	FERNANDO RENE DE LA O LOPEZ	M	M40-44	118	7:05:11	0:47:37	0:11:47	3:07:37	0:06:59	2:51:11	Mexico	
4da61d78-14b9-f011-bbd3-6045bd09951e	1241	Eduardo Vela	M	M30-34	177	7:05:39	0:41:44	0:09:08	3:19:56	0:05:07	2:49:44	Mexico	
c2c602a6-4bdf-4a8a-9d7e-d0ec1144cd62	1242	Bernardo Duhne Martinez	M	M40-44	119	7:05:40	0:47:32	0:07:59	3:03:56	0:05:01	3:01:10	Mexico	
3255c973-dbbe-4a01-871d-1f7000ff7d24	1243	Jeffry Jácamo Sandí	M	M45-49	78	7:05:43	0:44:08	0:10:10	3:15:26	0:10:24	2:45:35	Costa Rica	
3e61a64d-4694-49e5-bfa1-7df3a4d9793f	1244	Fernando Licerio Avila	M	M55-59	39	7:05:53	0:43:31	0:09:34	3:11:14	0:09:52	2:51:42	Mexico	
7ff7c7bf-4963-f111-a826-0022480b84a3	1245	Santiago Soulayrac	M	M25-29	173	7:06:02	0:46:05	0:07:55	3:24:27	0:05:57	2:41:37	Mexico	
58427bd5-9ad5-43ac-b613-bcc9d4c93777	1246	Lourdes Gabriela Muñoz Barreto	F	F35-39	46	7:06:07	0:47:55	0:08:16	3:40:21	0:04:37	2:24:59	Mexico	
b7d7f9c5-7e46-f111-bec5-0022480b35b6	1247	Lenin Andres Fonseca Garcia	M	M50-54	63	7:06:13	1:05:48	0:09:02	3:30:23	0:06:10	2:14:51	Mexico	
26d52c71-e42f-4433-ad63-626c879d45c6	1248	Luis Yong Guardado	M	M45-49	79	7:06:15	0:50:01	0:08:15	3:12:23	0:05:45	2:49:51	Mexico	
a6e3b5ab-2601-f111-8406-0022480b88da	1249	Paola Valencia	F	F25-29	46	7:06:20	0:45:19	0:09:49	3:45:35	0:07:18	2:18:20	Mexico	
28892aff-aa72-ef11-a671-00224808301f	1250	Eric Allen	M	M35-39	151	7:06:33	0:48:03	0:05:58	3:04:47	0:06:35	3:01:10	United States	
51cfb171-b189-f011-b4cc-002248098cfa	1251	Carlos Aguirre	M	M30-34	178	7:06:49	0:42:12	0:06:58	3:18:10	0:05:01	2:54:28	Mexico	
4f2db47e-9b3c-4f57-a6ab-00458a74c76c	1252	Jesús Vélez	M	M40-44	120	7:06:49	1:08:35	0:07:03	3:22:18	0:05:34	2:23:19	Mexico	
6b443475-a936-4354-a5f3-2eab68729e28	1253	Virgilio Ricardo Buenfil Concha	M	M55-59	40	7:06:51	1:00:54	0:09:44	3:19:50	0:07:39	2:28:45	Mexico	
b31bdca9-32bb-434a-9de4-7cfc6a05bd91	1254	Monica Perez Sagaon	F	F40-44	39	7:06:53	0:51:59	0:06:13	3:35:43	0:04:13	2:28:45	Mexico	
c3ac8433-8f13-f111-8406-0022480b88da	1255	ERIC HERNAN MARTINEZ MENA	M	M25-29	174	7:06:55	0:54:31	0:07:12	3:04:50	0:03:49	2:56:32	Mexico	
ea9781b5-6dd7-ef11-8eea-000d3a5a1803	1256	Juan Carlos Morales Robledo	M	M50-54	64	7:07:12	0:45:30	0:07:25	3:10:51	0:07:48	2:55:39	Mexico	
473a2c28-c750-f111-bec6-0022480b84a3	1257	Joel Shelton	M	M45-49	80	7:07:19	0:59:04	0:11:01	3:14:08	0:10:28	2:32:38	United States	
fed4bce9-d033-f111-88b4-002248081bd6	1258	Martha Yolanda Lopez Arias	F	F55-59	6	7:07:19	0:43:17	0:08:19	3:06:53	0:09:11	2:59:38	Mexico	
61592734-3401-41fc-8de4-e77e30503fa6	1259	Fernando S Gutierrez Perez	M	M50-54	65	7:07:36	0:53:39	0:10:57	3:07:51	0:10:30	2:44:39	Mexico	
7c4b5a11-1009-4f5b-856e-760d52f2a998	1260	Anna Arlette Garcia Aguirre	F	F35-39	47	7:07:57	0:46:18	0:11:12	3:35:22	0:06:57	2:28:07	Mexico	
b902a56e-b2fb-f011-8406-6045bd0097c2	1261	CESAR ALBERTO RODRIGUEZ AVILA	M	M35-39	152	7:07:59	0:38:34	0:05:20	3:19:01	0:05:50	2:59:13	Mexico	
cf3b61c8-9582-f011-b4cc-002248098cfa	1262	José Daniel Suarez rivas	M	M25-29	175	7:08:10	0:41:30	0:05:54	2:51:29	0:03:45	3:25:32	El Salvador	
bef82746-e2d1-ef11-8eea-6045bd048089	1263	Raul Cabra	M	M60-64	9	7:08:18	0:34:57	0:05:42	3:02:35	0:07:01	3:18:02	Mexico	
eb16389e-4afa-f011-8406-6045bd06566a	1264	Luis Valles	M	M35-39	153	7:08:22	0:32:51	0:07:43	3:20:11	0:05:44	3:01:53	Mexico	
ac6ac9b8-f5d3-f011-8543-00224804d41f	1265	Valeria Alvarez	F	F45-49	27	7:08:51	0:45:55	0:06:38	3:14:30	0:05:25	2:56:22	Argentina	
6b6dc597-00fb-f011-8406-002248046451	1266	Hugo Damian	M	M35-39	154	7:08:51	0:44:07	0:05:29	3:17:01	0:04:34	2:57:41	Mexico	
1d75c25b-8ec9-f011-bbd3-000d3a5b7c3b	1267	FRANCISCO SILVA	M	M30-34	179	7:08:56	0:51:07	0:08:06	3:39:00	0:06:14	2:24:29	Mexico	
7313ee5b-1f29-42a6-8694-f7054af1dfe5	1268	Juan Osorio	M	M60-64	10	7:09:20	0:40:45	0:06:50	3:17:04	0:04:54	2:59:47	Mexico	
405e0405-cb81-4f97-8cf0-b7fedf4a98ea	1269	Carlos Rodriguez Morales	M	M45-49	81	7:09:26	0:50:12	0:05:45	3:03:10	0:07:02	3:03:16	Guatemala	
c44e91af-c816-f111-8341-6045bd08b1a2	1270	Mario Dan Cabral Alamilla	M	M40-44	121	7:09:30	0:41:11	0:07:17	3:06:13	0:10:13	3:04:36	Mexico	
c75377d0-13e5-f011-8544-000d3a5b7c3b	1271	Ricardo Benjamin Barajas Pérez	M	M18-24	136	7:09:31	0:51:43	0:09:25	3:26:52	0:04:07	2:37:24	Mexico	
3820e9c0-9bfc-406a-8371-d378c216c6da	1272	Natalia Hernandez	F	F30-34	65	7:09:32	0:38:55	0:04:33	3:26:38	0:04:33	2:54:54	Mexico	
9e22e5d1-0728-f111-8341-002248046ec8	1273	MONICA CASAS	F	F45-49	28	7:09:48	0:57:48	0:08:42	3:21:01	0:05:28	2:36:50	Mexico	
16d3f99d-5481-f011-b4cc-000d3a5b50ba	1274	Laura Battistini	F	F25-29	47	7:09:51	0:35:12	0:05:17	3:22:12	0:20:13	2:46:56	Peru	
104bf71f-560b-f111-8406-002248046ec8	1275	Patricio Díaz	M	M35-39	155	7:09:54	0:46:00	0:05:13	3:20:33	0:06:13	2:51:55	Mexico	
1a8a17c9-fc32-f111-88b4-002248081bd6	1276	Pablo Rodiles	M	M35-39	156	7:10:05	0:43:36	0:06:42	3:14:17	0:04:58	3:00:32	Mexico	
7fa721d4-bac7-4c97-893b-0e65d9f6c7f7	1277	Alejandro Zala Gerard	M	M35-39	157	7:10:07	0:37:20	0:08:49	3:22:42	0:07:28	2:53:48	Mexico	
dea8152a-7eb3-f111-aaab-70a8a5b1a530	1278	Juan Rodrigo Cen Mukul	M	M35-39	158	7:10:10	0:41:54	0:05:47	3:21:10	0:05:02	2:56:17	Mexico	
d1455592-839a-f111-b8db-7ced8d6ecc26	1279	Saul Arellano Alcaraz	M	M25-29	176	7:10:11	0:41:02	0:07:52	3:12:22	0:07:32	3:01:23	Mexico	
0b2915ff-cec0-ef11-b8e8-6045bd088264	1280	Emmanuel Gaytán	M	M25-29	177	7:10:19	0:37:54	0:05:27	3:38:52	0:04:54	2:43:12	Mexico	
d2b23223-3508-f111-8406-0022480b84a3	1281	María José Mejía Medina	F	F18-24	36	7:10:32	0:40:03	0:12:11	3:37:26	0:06:36	2:34:15	Mexico	
5354c5b0-7cb8-4761-8999-1579372a213f	1282	Rodrigo Randolpho Hernández Guerrero	M	M35-39	159	7:10:58	0:48:26	0:06:12	3:27:16	0:06:00	2:43:04	Mexico	
1c219136-bc12-f111-8406-002248046ec8	1283	Sofia Souza Geber	F	F18-24	37	7:11:18	0:45:33	0:06:30	2:59:23	0:07:12	3:12:40	Brazil	
5519a1bf-6a2f-f011-8c4d-000d3a35ffc1	1284	David Barrón	M	M40-44	122	7:11:30	0:50:55	0:07:31	3:08:49	0:05:32	2:58:43	Mexico	
2ecc2692-49a4-4e2d-b6f5-88bd1a2d3ee3	1285	Jorge Alberto Gutierrez	M	M45-49	82	7:11:30	0:49:59	0:12:27	3:08:39	0:08:15	2:52:10	Mexico	
1cac8236-7163-f111-a826-0022480b84a3	1286	Steve Gagro	M	M55-59	41	7:11:45	0:50:54	0:14:04	3:29:58	0:07:11	2:29:37	Canada	
fb14eb0d-63fd-f011-8406-6045bd05f40b	1287	Aubrey Guillén	M	M30-34	180	7:11:49	0:43:08	0:08:13	3:13:16	0:07:03	3:00:09	Guatemala	
ac8a4784-f9b8-4be3-806b-e437f86baab5	1288	Edgar Ricardo Gaxiola Gonzalez	M	M35-39	160	7:11:56	0:51:20	0:08:48	3:26:26	0:08:32	2:36:50	Mexico	
4cfb602c-f634-f111-88b4-0022480994c2	1289	Leon Zlotnik	M	M35-39	161	7:11:59	0:49:22	0:06:29	3:30:39	0:06:34	2:38:55	Mexico	
700def59-0e76-4c24-a7c5-5003b93a701b	1290	Paulo Montes	M	M50-54	66	7:12:06	0:35:28	0:06:42	2:46:32	0:06:11	3:37:13	Mexico	
10873ed0-59a9-4c84-b068-ba1557f077f1	1291	Francisco Santisteban	M	M55-59	42	7:12:22	0:46:49	0:13:40	3:04:11	0:10:54	2:56:48	Mexico	
0737d1bf-05fb-f011-8406-002248046ec8	1292	Samantha Mares	F	F18-24	38	7:12:24	0:49:37	0:06:23	3:34:33	0:04:31	2:37:19	United States	
a2e14ba6-9cb9-f011-bbd3-000d3a5b50ba	1293	Maddison Reid	F	F25-29	48	7:12:39	0:41:22	0:06:22	3:38:16	0:05:40	2:41:00	Australia	
2ab63d78-b30a-f111-8406-0022480b35b6	1294	Francisco Toxqui Colula	M	M45-49	83	7:13:00	1:09:33	0:12:39	3:06:50	0:07:18	2:36:40	Mexico	
c092678f-aae9-f011-8544-000d3a5cf7d8	1295	Francisco Suarez Jacob	M	M25-29	178	7:13:14	0:51:37	0:08:47	3:22:13	0:13:15	2:37:23	Mexico	
09d96065-8f0b-f111-8406-0022480b88da	1296	Mariano Rodriguez Gutierrez de Quevedo	M	M18-24	137	7:13:19	0:51:54	0:06:20	3:30:02	0:04:33	2:40:29	Mexico	
7d96649d-a059-4b5c-b09e-f7574ed2e935	1297	TERE Pulido	F	M60-64	11	7:13:27	0:33:24	0:06:47	3:02:01	0:05:15	3:25:59	Mexico	
797b2497-14fb-f011-8406-002248081bd6	1298	LEONARDO REA FERNANDEZ	M	M25-29	179	7:13:45	1:01:17	0:06:34	3:25:29	0:07:39	2:32:47	Mexico	
47ab92a4-f4f6-f011-8406-6045bd063e42	1299	OSWALDO NICOLAS ANDRADE MELENDEZ	M	M40-44	123	7:13:53	0:39:49	0:08:02	2:58:09	0:03:59	3:23:55	Mexico	
0726137b-596c-f111-a826-002248081bd6	1300	Dara Hadlai Hernández Oñate	F	F40-44	40	7:14:06	0:47:46	0:09:32	3:12:36	0:06:32	2:57:41	Mexico	
d9add7e1-cbb9-431f-8f93-e448dd22c05f	1301	Rob Laing	M	M55-59	43	7:14:12	0:41:19	0:06:53	3:12:13	0:05:10	3:08:38	United Kingdom	
6bebc300-a506-ed11-82e4-00224808ab8e	1302	Lindsay Richardson	F	F40-44	41	7:14:15	0:55:05	0:06:42	3:06:53	0:03:49	3:01:46	Canada	
5a11129c-e8fa-f011-8406-0022480b88da	1303	Katia Posadas Vazquez	F	F30-34	66	7:14:16	1:06:05	0:07:31	3:34:55	0:07:27	2:18:18	Mexico	
a955ec6e-9f02-f111-8406-002248046ec8	1304	José María Martínez Lozano	M	M30-34	181	7:14:33	0:51:41	0:09:08	3:20:04	0:04:42	2:48:59	Mexico	
2cc5bb66-5226-f111-8341-0022480b35b6	1305	Jose Ivan Rodriguez Mendez	M	M35-39	162	7:14:52	1:00:34	0:10:22	3:31:40	0:06:22	2:25:53	Mexico	
4117ff91-28d2-44dc-bad9-67ccfe53754a	1306	Miguel Angel Reyes Obeso	M	M50-54	67	7:14:59	1:04:24	0:05:21	3:22:33	0:08:26	2:34:16	Mexico	
b5869db9-d917-f111-8341-002248081bd6	1307	Cristina Stancu	F	F35-39	48	7:15:06	1:02:14	0:07:54	3:35:51	0:04:17	2:24:50	Romania	
64624e0c-6195-ee11-be37-000d3a31440b	1308	David Lugo	M	M45-49	84	7:15:13	0:46:33	0:08:23	3:08:01	0:07:15	3:05:01	Mexico	
921ada64-6f90-f111-8076-7ced8d3b48fb	1309	JULIO SOLIS BALCAZAR	M	M25-29	180	7:15:20	0:52:13	0:06:29	3:19:45	0:04:04	2:52:49	Mexico	
c2c73362-587f-4b3e-99de-1c0a134e29cf	1310	Gerardo Lehne Strassburger	M	M50-54	68	7:15:24	0:46:31	0:05:32	3:01:59	0:04:46	3:16:37	Germany	
1c443436-34a4-45e1-b5d4-e5c5177bf2b3	1311	Salvador Solis	M	M50-54	69	7:15:25	0:37:45	0:07:33	3:32:03	0:04:39	2:53:26	Mexico	
595231b9-3644-f111-88b3-6045bd06566a	1312	Alejandro Solis Castellanos	M	M30-34	182	7:15:32	0:36:51	0:07:34	3:24:29	0:04:52	3:01:46	Mexico	
0381d3bd-83a7-46d2-83b2-32a84be6d2fe	1313	Clarisse Nascimento	F	F50-54	13	7:15:40	0:38:30	0:06:24	3:34:07	0:06:20	2:50:18	Canada	
ac9a3ddd-362b-4729-b4d2-2955a133273d	1314	Juan Jorge Martínez Alcíbar	M	M50-54	70	7:16:02	0:40:28	0:05:26	3:29:04	0:05:50	2:55:14	Mexico	
ffe3fda8-88c4-4f09-82da-f33c75c6c607	1315	Natalia Rodriguez Gutierrez De Quevedo	F	F18-24	39	7:16:08	0:42:02	0:05:59	3:27:52	0:04:32	2:55:42	Mexico	
3516f85c-91d3-f011-8544-000d3a35ffc1	1316	Bryan Lallo	M	M18-24	138	7:16:11	0:52:23	0:05:58	3:27:02	0:03:00	2:47:48	Brazil	
757599a4-c487-4b87-96af-14860a424d84	1317	Luis Jesus Muñoz Rascon	M	M40-44	124	7:16:18	0:41:20	0:05:12	3:08:41	0:04:23	3:16:43	Mexico	
7c770207-bb02-f111-8406-0022480a5755	1318	Elliot Abraham Cerda Jimenez	M	M30-34	183	7:16:26	0:32:04	0:10:10	2:56:17	0:07:29	3:30:26	Mexico	
5fdf9089-954e-f111-bec5-0022480b88da	1319	pedro eduardo diaz ramirez	M	M30-34	184	7:16:34	1:02:57	0:07:57	2:57:25	0:05:36	3:02:39	Mexico	
6415ad9f-187b-f111-ab0e-70a8a5b19cbc	1320	Jose Carlos Sanchez Carlon	M	M45-49	85	7:16:40	0:33:26	0:09:19	3:38:08	0:11:02	2:44:45	Mexico	
e43d4789-6456-f111-bec7-0022480994c2	1321	Bruno Carballido	M	M18-24	139	7:16:47	0:41:53	0:04:17	3:32:06	0:07:42	2:50:49	Mexico	
cc40d239-2bd5-f011-8543-000d3a5b5fc7	1322	Nick Leopold	M	M30-34	185	7:16:51	0:45:23	0:10:15	3:15:47	0:08:19	2:57:07	Mexico	
6c9797b4-414b-f111-bec6-0022480b84a3	1323	Juan Servando Mier Suarez	M	M30-34	186	7:16:52	1:02:55	0:07:34	3:32:30	0:04:31	2:29:21	Mexico	
a49622d0-8592-f111-8077-70a8a5b19cbc	1324	Maria Elena Lopez	F	F40-44	42	7:16:52	0:38:23	0:10:38	3:38:13	0:07:34	2:42:05	Mexico	
e7e627c7-57fe-ee11-a1ff-000d3a314d17	1325	Arantxa Tejeida	F	F30-34	67	7:17:22	0:36:25	0:06:44	3:22:41	0:04:53	3:06:38	Mexico	
40051e6d-7dcf-48d1-806b-d5521cebf68b	1326	Hugo Bonilla	M	M25-29	181	7:17:25	0:48:47	0:05:12	2:59:38	0:03:53	3:19:55	Mexico	
cb1aa0f9-a14c-f111-bec6-0022480b84a3	1327	Renan Vilar Correia de Lima Júnior	M	M50-54	71	7:17:26	0:39:18	0:06:24	3:42:33	0:05:52	2:43:19	Brazil	
616dc597-00fb-f011-8406-002248046451	1328	Diana Angelica Piña Moreno	F	F25-29	49	7:18:40	0:53:08	0:07:36	3:29:50	0:07:15	2:40:52	Mexico	
daf55279-e68e-ef11-ac21-000d3a5b3d07	1329	María Valiente	F	F30-34	68	7:19:08	1:04:16	0:02:32	3:35:28	0:03:46	2:33:06	Guatemala	
0fcab75d-04fb-f011-8406-0022480995bd	1330	Jordan Rosas	M	M30-34	187	7:19:14	0:50:57	0:06:48	3:20:47	0:07:54	2:52:48	Mexico	
0b22d037-5940-4da6-9d8d-cf003c81a620	1331	Jose Tobar	M	M40-44	125	7:19:23	1:02:22	0:06:32	2:56:30	0:04:09	3:09:50	Guatemala	
b0cbcd08-97a7-f011-bbd3-000d3a3173b5	1332	Carlos Habacuc	M	M18-24	140	7:19:42	0:52:09	0:06:33	3:20:08	0:05:09	2:55:42	Mexico	
9a9e49ad-9882-f011-b4cc-0022480a7385	1333	Luciana Molins Escobar	F	F18-24	40	7:19:43	0:37:24	0:07:11	3:16:06	0:05:50	3:13:11	El Salvador	
2f48af33-f155-f111-bec7-0022480b3ee9	1334	Guillermo Carrera Mendez	M	M25-29	182	7:19:45	0:42:57	0:07:53	3:34:28	0:06:02	2:48:26	Mexico	
0e3944a5-2723-4d15-afd8-d674c5b97560	1335	Pablo Sedano	M	M50-54	72	7:19:50	1:02:18	0:08:39	3:23:30	0:07:00	2:38:22	Argentina	
5ff3f9e7-ea62-ee11-8def-0022480acaa6	1336	Salvador Sanchez	M	M45-49	86	7:19:54	0:47:19	0:07:40	3:11:17	0:08:47	3:04:50	Mexico	
705fe2b8-6628-f111-8341-0022480a5755	1337	Nicolas Heeren	M	M25-29	183	7:20:02	0:41:52	0:06:25	3:17:22	0:06:55	3:07:29	United States	
f2ac4bec-419b-4c4f-ac68-ba11afb72750	1338	Eduardo Huerta Marcial	M	M50-54	73	7:20:07	0:54:30	0:11:34	3:24:15	0:06:47	2:43:02	Mexico	
50e96b73-4d36-f011-8c4d-00224804d68c	1339	Gabriela Cho Joo	F	M30-34	188	7:20:14	0:43:48	0:07:28	3:24:36	0:05:15	2:59:07	Mexico	
dfcac25d-a2ff-f011-8406-6045bd08b1a2	1340	Arsenio Guillen Oliva	M	M60-64	12	7:20:23	0:52:01	0:07:13	3:37:42	0:10:54	2:32:32	Guatemala	
062a909b-9816-f111-8341-6045bd06566a	1341	MARTIN PULIDO QUINTERO	M	M25-29	184	7:20:27	0:47:49	0:06:45	3:06:38	0:08:15	3:11:00	Mexico	
48e5ad22-02fb-f011-8406-002248081bd6	1342	Miguel Angel Martinez Gallegos	M	M30-34	189	7:20:31	1:01:33	0:10:29	3:16:38	0:05:03	2:46:47	Mexico	
11f30b9f-e357-4ada-8a2a-cc669210ca31	1343	Andrés Pineda Carbajal	M	M30-34	190	7:20:34	0:51:10	0:06:56	3:39:04	0:04:48	2:38:36	Mexico	
e0129d26-05fb-f011-8406-0022480b35b6	1344	Omar Hernandez Peña	M	M35-39	163	7:20:34	0:43:33	0:05:40	3:18:41	0:05:35	3:07:05	Mexico	
1ed87a1d-f0fb-f011-8406-0022480b88da	1345	carmen espinoza leon	F	F35-39	49	7:21:28	0:51:33	0:07:14	3:34:00	0:05:52	2:42:48	Mexico	
f1de6892-cccb-f011-bbd3-000d3a3173b5	1346	Gildardo Perez	M	M40-44	126	7:21:35	0:47:50	0:07:32	3:10:51	0:06:47	3:08:35	Colombia	
bf5fcffd-1039-f111-88b3-000d3a5a8e97	1347	Tlatoani Real	M	M25-29	185	7:21:56	0:42:12	0:06:09	3:26:50	0:06:20	3:00:25	Mexico	
4c8ead30-bb0b-f111-8406-0022480b35b6	1348	Maria Luisa Banuelos Cazares	F	F30-34	69	7:22:04	0:34:51	0:07:04	3:30:08	0:03:59	3:06:01	Mexico	
7910eee2-34e7-f011-8544-000d3a5b50ba	1349	Daniel Ruiz Guido	M	M35-39	164	7:22:11	0:58:08	0:07:12	3:15:13	0:05:27	2:56:11	Mexico	
18e7b64c-3efb-f011-8406-0022480b88da	1350	Roman Melquiades Velasquez Cameras	M	M35-39	165	7:22:37	0:34:59	0:05:46	3:18:24	0:07:51	3:15:37	Mexico	
771e51ca-c257-4c3d-b2f4-6702dea5130d	1351	Gustavo Corona Negrete	M	M60-64	13	7:22:50	0:45:06	0:07:52	3:22:39	0:07:22	2:59:53	Mexico	
2eaede56-e3df-4650-bd1b-74437838f5c0	1352	Jesus Diez	M	M60-64	14	7:22:56	0:44:32	0:08:52	3:30:20	0:08:49	2:50:22	Mexico	
493ec1a9-8801-f111-8406-6045bd08b1a2	1353	Sherly Jhoana García Chaire	F	F45-49	29	7:22:57	0:40:03	0:10:05	3:33:00	0:05:31	2:54:17	Mexico	
9aec3427-dbff-f011-8406-6045bd06566a	1354	Isabel Bañuelos	F	F30-34	70	7:23:55	0:49:44	0:11:11	3:39:14	0:06:43	2:37:03	Mexico	
09742e65-d72e-418d-829c-0052e25790cd	1355	Jessica Mower	F	F35-39	50	7:24:00	0:39:54	0:08:18	3:51:55	0:07:36	2:36:17	United States	
3356f611-2e7d-ef11-a670-000d3a5b3d07	1356	Victor Medina	M	M35-39	166	7:24:01	0:37:12	0:05:48	3:06:35	0:06:08	3:28:18	Mexico	
16c29678-170e-457c-b906-7332371d97ee	1357	Michael Mcconnell	M	M65-69	7	7:24:11	0:52:12	0:08:14	3:08:04	0:05:01	3:10:39	United States	
270203b3-bae3-f011-8544-000d3a3173b5	1358	Iñigo Rubio	M	M18-24	141	7:24:12	0:46:50	0:11:13	3:42:02	0:08:15	2:35:52	Mexico	
4e62dab3-7402-48cc-ab6d-a9789d619652	1359	Mario Alberto Monjaraz Ruedas	M	M35-39	167	7:24:20	0:46:08	0:07:20	3:22:41	0:04:45	3:03:26	Mexico	
12f0c2b5-9e60-496d-8612-1fe352cd6041	1360	Jorge Ortiz-Abundez	M	M45-49	87	7:24:25	0:39:19	0:07:41	3:14:13	0:07:48	3:15:24	Mexico	
4017c6b6-8825-f111-8341-6045bd08b1a2	1361	Manuel Alejandro Suastes Figueroa	M	M18-24	142	7:24:27	0:48:33	0:06:24	3:32:46	0:03:49	2:52:56	Mexico	
b7a88506-32fb-f011-8406-6045bd08b1a2	1362	Carlos Flores	M	M30-34	191	7:24:29	0:54:05	0:07:02	3:38:29	0:03:44	2:41:09	Mexico	
5fe12867-889a-f111-b8dc-002248046ec8	1363	Diego Armando Rodriguez Salvadivar	M	M30-34	192	7:24:36	0:47:21	0:08:13	3:30:32	0:08:05	2:50:25	Mexico	
fb5ac8ee-4bbb-f011-bbd2-7ced8d70f9fb	1364	Andrea Garcia	F	F25-29	50	7:24:49	0:52:07	0:05:57	3:37:42	0:04:18	2:44:44	Mexico	
6370d14e-6c73-f111-ab0f-7c1e528d5074	1365	Arturo Cavazos Castro	M	M35-39	168	7:25:00	0:54:57	0:09:43	3:31:52	0:06:40	2:41:47	Mexico	
0c61a57a-68db-f011-8543-000d3a5b5fc7	1366	Ricardo Chamorro	M	M50-54	74	7:25:08	1:03:29	0:07:14	3:20:44	0:07:43	2:45:57	Mexico	
bc37b094-e78d-f111-8076-70a8a5ae8eaa	1367	Enrique Iran Romero Chavez	M	M60-64	15	7:26:01	0:46:34	0:17:13	3:44:30	0:10:36	2:27:07	Mexico	
2ef3e5a7-1c17-f111-8341-0022480994c2	1368	Alvaro José Leiva Castillo	M	M25-29	186	7:26:05	0:35:51	0:06:27	3:21:43	0:06:24	3:15:41	Guatemala	
27554316-5b51-f111-bec6-6045bd06566a	1369	Laura Vega	F	M35-39	169	7:26:29	0:45:49	0:05:37	4:00:21	0:05:43	2:28:58	Costa Rica	
b3ecc6cf-0452-f011-877a-6045bd09951e	1370	Jesus Ignacio Olivas Cuevas	M	M30-34	193	7:26:29	0:47:19	0:06:08	3:07:33	0:03:53	3:21:35	Mexico	
b593d4c2-e5fa-f011-8406-002248046ec8	1371	JOSE EDUARDO LOPEZ BAUTISTA		M30-34	194	7:26:38	1:04:54	0:10:34	2:56:56	0:05:21	3:08:52	Mexico	
9086be62-cdfa-ef11-9341-002248049fdc	1372	Hector Emanuel Martin Alcala	M	M30-34	195	7:27:13	1:05:38	0:09:47	3:29:32	0:06:13	2:36:03	Mexico	
38d58d71-c003-4807-bc1b-5059acca83d9	1373	Uriel Rodriguez	M	M40-44	127	7:27:20	0:52:35	0:09:26	3:34:10	0:07:00	2:44:09	Mexico	
c41a4555-2b98-f011-b4cc-000d3a5b7c3b	1374	Khristian Hernandez	M	M45-49	88	7:27:26	0:38:42	0:08:03	3:12:02	0:06:21	3:22:18	Mexico	
77aa37bc-31c5-ef11-b8e9-002248049fdc	1375	Rafael Alejandro Gómez Hurtado	M	M30-34	196	7:27:33	0:52:17	0:13:26	3:44:43	0:05:56	2:31:11	Mexico	
de9ddf54-ac11-46b3-8559-100c31ea4f7f	1376	Alejandro Calvo Suasnavar	M	M50-54	75	7:27:42	0:50:35	0:09:42	3:20:07	0:08:33	2:58:45	Mexico	
968c0012-a9c4-4da2-bc1e-e0bac250b2a3	1377	Jorge Mario García	M	M45-49	89	7:27:47	0:49:02	0:10:41	3:27:51	0:07:29	2:52:45	Guatemala	
bb5b442a-fe56-48b0-b3d8-f99a7b1e4d05	1378	Fabiola Lama Navia	F	F45-49	30	7:27:49	0:34:49	0:07:21	3:47:48	0:08:51	2:49:01	Mexico	
07f7da37-8067-4be2-9e85-cdb49aebd0f4	1379	Mark Macinerney	M	M50-54	76	7:28:17	0:44:27	0:09:04	3:13:18	0:09:44	3:11:45	United States	
6897361f-21ac-ef11-b8e8-000d3a5a403c	1380	Diego Alberto Ibarra Gutiérrez	M	M18-24	143	7:28:22	0:51:34	0:07:12	3:42:06	0:05:23	2:42:07	Mexico	
659d3dde-5c80-f111-ab0f-002248046ec8	1381	Fernando López Castillo	M	M30-34	197	7:28:31	0:49:33	0:08:19	3:28:12	0:05:54	2:56:33	Guatemala	
98114e0f-3108-f111-8406-002248081bd6	1382	Alejandra del Rosario Gómez Gómez	F	F45-49	31	7:28:45	0:54:42	0:06:51	3:28:49	0:10:25	2:47:57	Mexico	
eb5fe919-b4fb-f011-8406-0022480a5755	1383	Víctor Hugo Bojórquez Mejía	M	M25-29	187	7:28:45	0:46:18	0:07:00	3:55:54	0:04:18	2:35:16	Mexico	
4dc2b86c-1113-4d7f-9077-c3b492d03ab7	1384	Zaid Pabon	M	M50-54	77	7:28:46	1:06:31	0:05:42	3:06:59	0:04:45	3:04:49	Colombia	
709570dc-04fb-f011-8406-6045bd06566a	1385	Arturo Sebastián Medina Rodríguez	M	M25-29	188	7:28:51	0:48:13	0:06:48	3:47:31	0:06:00	2:40:18	Mexico	
e9b15f24-71d7-ef11-8ee9-000d3a5ae96c	1386	Kristina Fitzer	F	F25-29	51	7:29:01	0:50:37	0:08:28	3:52:40	0:05:02	2:32:15	Canada	
e8f5e18e-e4e5-4327-af27-68dee1e9f175	1387	Jonathan Venne	M	M45-49	90	7:29:03	0:59:18	0:16:05	3:25:11	0:10:19	2:38:09	Canada	
5a79d844-8dc8-4708-8727-34173bd7605b	1388	Andres Pinto	M	M50-54	78	7:29:04	0:39:33	0:07:46	3:31:27	0:04:39	3:05:39	Ecuador	
200abf0d-7dfc-f011-8406-0022480a5755	1389	Andres Sosa	M	M25-29	189	7:29:10	0:52:36	0:08:38	3:35:39	0:10:43	2:41:35	Mexico	
77be598a-d7fa-f011-8406-0022480a5755	1390	Marilu Saggese	F	F50-54	14	7:29:16	0:47:34	0:09:27	3:23:55	0:09:50	2:58:30	Mexico	
f54bee76-b7cc-f011-bbd3-6045bd05fcc1	1391	Oliver Page	M	M30-34	198	7:29:24	0:55:01	0:15:58	3:27:22	0:06:59	2:44:04	Italy	
72044d26-409f-f011-b41c-000d3a3173b5	1392	Celine López	F	F25-29	52	7:29:24	1:05:25	0:18:04	3:41:08	0:04:35	2:20:12	Mexico	
bcd39871-84e7-487f-8bde-cc97755dd3dd	1393	Claudia Rodríguez	F	F50-54	15	7:29:25	0:47:55	0:05:30	3:46:23	0:06:56	2:42:41	Mexico	
c9d3d131-32dd-4209-81c5-48235874f112	1394	Steven Krisztin	M	M60-64	16	7:30:21	0:38:28	0:08:58	2:54:27	0:06:54	3:41:33	Mexico	
afdb92bc-3f14-4d8d-9cd3-bab4bb4c1490	1395	Judith Peñaflor Siller	F	F50-54	16	7:30:51	1:06:18	0:07:07	3:24:44	0:05:44	2:46:57	Mexico	
ffee545e-2f8f-f011-b4cc-6045bd05fcc1	1396	Paola karina Casarrubias cuevas	F	F35-39	51	7:31:00	0:58:01	0:12:11	3:37:26	0:11:50	2:31:31	Mexico	
db714b09-920b-f111-8406-002248046451	1397	Federico Jimenez O’Farril	M	M25-29	190	7:31:45	0:38:26	0:07:24	3:40:33	0:04:51	3:00:31	Mexico	
40f1bec3-ac58-f111-bec7-0022480b35b6	1398	LUIS RICARDO SANCHEZ RODRIGUEZ	M	M45-49	91	7:31:48	0:34:14	0:06:01	3:12:47	0:06:09	3:32:36	Mexico	
7abef41d-c9e9-f011-8544-000d3a5cf7d8	1399	Alan Freitag	M	M30-34	199	7:31:52	0:57:26	0:07:46	3:55:58	0:04:25	2:26:19	Brazil	
3ed1e3ba-aefa-ee11-a1ff-6045bd0158c4	1400	Alan Heriberto Montoya	M	M35-39	170	7:31:56	0:37:08	0:04:51	3:35:56	0:07:15	3:06:45	Mexico	
18fc0d89-f993-46f3-8391-d7a5aef07a82	1401	Diego Lopez Varela	M	M40-44	128	7:32:08	0:47:27	0:10:54	3:30:38	0:11:45	2:51:23	Argentina	
d520389d-8730-f111-88b4-0022480994c2	1402	MARIO ALEJANDRO SANDOVAL	M	M50-54	79	7:32:26	0:41:10	0:06:35	3:15:42	0:06:37	3:22:21	Guatemala	
1c4e8876-7e9d-f111-b8da-70a8a5b22bca	1403	Matt Conforti		M25-29	191	7:33:11	0:49:47	0:08:05	3:43:46	0:04:14	2:47:19	United States	
66957a6c-ceef-436a-b659-2a2aa9b50fc5	1404	Leticia Viveros Renteria	F	F50-54	17	7:33:14	0:36:30	0:08:02	3:22:19	0:07:41	3:18:42	Mexico	
181f21c0-0b1a-4bf0-8f5f-c935afc3318f	1405	Eugenia Aguilar	F	M45-49	92	7:33:29	0:51:26	0:07:27	3:30:44	0:05:52	2:58:00	Mexico	
d44c572e-d9c6-ef11-b8e8-000d3a5ae96c	1406	Talia Nallet Clavellina Sagaon	F	F40-44	43	7:33:40	1:06:26	0:06:48	3:40:48	0:04:35	2:35:02	Mexico	
4a6a1635-d1b6-f011-bbd3-0022480c097c	1407	Juan Luis Sanchez Gonzalez	M	M50-54	80	7:33:45	0:54:13	0:11:54	3:35:38	0:08:58	2:43:02	Mexico	
3a4688e2-de15-f111-8341-0022480995bd	1408	Rory Bennett	M	M35-39	171	7:33:46	0:58:21	0:08:27	3:29:56	0:03:13	2:53:50	Canada	
ff996841-cf31-f111-88b4-0022480b84a3	1409	Jose Alejandro Sandoval Gordillo	M	M30-34	200	7:34:05	0:49:15	0:10:36	3:12:26	0:04:46	3:17:03	Guatemala	
c02a8c45-8032-f111-88b4-0022480b35b6	1410	Andrea Maggi	M	M30-34	201	7:34:37	0:40:26	0:06:13	3:39:25	0:03:38	3:04:54	Italy	
07c5a589-6365-eb11-bb23-000d3a591109	1411	Santiago Nuñez Castro	M	M45-49	93	7:34:52	0:40:41	0:08:21	3:25:12	0:07:45	3:12:53	Argentina	
5b080b86-4bb6-ef11-b8e9-000d3a3126fd	1412	Anna Karen Ramos Villanueva	F	F18-24	41	7:34:53	0:48:58	0:05:53	3:55:18	0:03:53	2:40:50	Mexico	
130c0e1b-22cd-f011-bbd2-6045bd05deae	1413	Aaron Villarreal	M	M45-49	94	7:35:03	1:01:26	0:12:59	3:09:05	0:07:46	3:03:47	United States	
5f8e75e2-00fb-f011-8406-0022480b84a3	1414	Jesus Lopez Acevedo	M	M18-24	144	7:35:26	0:44:20	0:14:27	3:38:14	0:06:25	2:52:01	Mexico	
80bafed7-868d-41f6-bdf6-d71dcbbdc673	1415	Fatima Gonzalez	F	F25-29	53	7:35:27	0:46:58	0:07:37	3:23:38	0:05:57	3:11:18	Mexico	
f9693a53-5f0e-f111-8406-0022480994c2	1416	Joao Pedro freire	M	M35-39	172	7:35:30	1:09:51	0:10:40	3:30:04	0:05:05	2:39:52	Brazil	
b4e15066-9161-4161-a1c1-f5685a2d302c	1417	Rodriguez Mendoza Omar	M	F40-44	44	7:35:57	0:44:14	0:07:48	3:58:32	0:04:42	2:40:42	Mexico	
bc393460-963a-437c-8dfd-0c7af258b952	1418	Saul Alejandro Navarro	M	M25-29	192	7:35:59	0:40:44	0:20:40	3:38:05	0:16:20	2:40:10	Mexico	
eafbfc11-567b-4bb9-ab62-f079a825d4bc	1419	Travis Craig	M	M30-34	202	7:36:10	0:34:51	0:06:46	3:51:02	0:03:49	2:59:42	South Africa	
fe2f29d3-0a5f-4218-a5a9-e4b60c42ac81	1420	Mayra Cruz	F	F40-44	45	7:36:43	0:36:37	0:08:48	3:48:52	0:05:28	2:56:58	Mexico	
f2c5343e-7ddb-ef11-8eea-6045bd088264	1421	Gilberto Carlos Duran Venado	M	M25-29	193	7:36:53	0:42:05	0:08:20	3:24:02	0:06:18	3:16:08	Mexico	
f738fa71-2e2d-f111-88b3-6045bd01b0df	1422	David Vallejo	M	M30-34	203	7:36:56	0:36:27	0:10:09	3:31:02	0:08:05	3:11:13	Mexico	
e3d4d5dd-4bd0-f011-bbd3-000d3a35ffc1	1423	Cengiz Arici	M	M60-64	17	7:36:58	0:53:01	0:08:54	3:44:41	0:06:48	2:43:34	United States	
d6f4f1af-2617-f011-9989-000d3a5cf7d8	1424	Sócrates Fabian Bojorges venado	M	M35-39	173	7:37:13	0:47:26	0:08:26	3:02:04	0:06:31	3:32:46	Mexico	
c365c715-e769-4f02-8712-f610a9b7eb98	1425	Gerardo Sánchez Medina	M	M30-34	204	7:37:27	0:48:17	0:08:02	3:36:06	0:06:18	2:58:45	Mexico	
c99648d0-9ef1-4ff9-9a15-8885ba9e71fd	1426	Camila Maria Góngora Villanueva	F	F25-29	54	7:37:44	0:43:34	0:07:26	3:38:40	0:06:50	3:01:13	Mexico	
87466b8d-0efb-f011-8406-0022480af2f3	1427	Claudia Vianey Molina Cuellar	F	F30-34	71	7:37:49	0:50:03	0:07:50	3:21:57	0:06:14	3:11:45	Mexico	
648d2c98-e03b-4db9-9358-c6037b4e51c4	1428	Wendy Carolina Ruiz	F	F40-44	46	7:38:03	0:33:02	0:08:26	3:34:27	0:05:43	3:16:25	Colombia	
62905912-4f9c-ef11-8a69-000d3a5a403c	1429	Eloy Peniche	M	M30-34	205	7:38:08	0:42:14	0:07:19	3:19:20	0:05:27	3:23:48	Mexico	
44c3528e-8cd4-f011-8543-000d3a5b5fc7	1430	Ervin Martinez hernandez	M	M60-64	18	7:38:11	0:54:40	0:07:41	3:43:22	0:04:59	2:47:29	Mexico	
4a7cd0f9-1601-f111-8406-0022480b35b6	1431	Jorge Cuecuecha	M	M30-34	206	7:38:12	0:40:04	0:08:37	3:21:08	0:09:15	3:19:08	Mexico	
e2482bc1-ba09-f111-8406-0022480b35b6	1432	Lauren Dean	F	F25-29	55	7:38:19	0:50:25	0:05:50	3:27:05	0:06:16	3:08:44	Canada	
7c591311-674d-f011-877a-000d3a5cf7d8	1433	Miguel Laureano	M	M40-44	129	7:39:20	0:46:57	0:05:31	3:24:18	0:05:44	3:16:50	Puerto Rico	
e5964621-a10a-f111-8406-0022480994c2	1434	Janeyza Martinez Hernandez	F	F45-49	32	7:39:26	0:41:33	0:08:59	3:30:42	0:07:20	3:10:52	Mexico	
37ba548e-3616-f111-8341-6045bd06566a	1435	Ervin Martinez Valenzuela	M	M25-29	194	7:39:27	0:50:25	0:06:18	3:21:53	0:06:46	3:14:05	Mexico	
c32bd19c-2f05-f111-8406-0022480b84a3	1436	Victor Cabra Zurita	M	M60-64	19	7:39:39	0:54:00	0:11:32	3:38:26	0:07:26	2:48:14	Mexico	
5be4dcb9-3474-ee11-9ae7-000d3a314329	1437	Hector Sauza	M	M35-39	174	7:39:50	1:01:26	0:08:55	3:26:57	0:04:34	2:57:58	Mexico	
84968274-4c2d-f111-88b3-6045bd08b1a2	1438	RAQUEL FERNANDEZ CRISANTY	F	F40-44	47	7:39:51	0:42:25	0:07:33	3:38:17	0:04:51	3:06:45	Mexico	
1960f503-b7be-4f8b-b7b7-277528690bff	1439	Martin Mares Hernandez	M	M60-64	20	7:40:07	0:55:18	0:12:03	2:55:58	0:06:50	3:29:58	Mexico	
c2117783-998e-4222-8f56-cb4105d4ebc7	1440	Luis Antonio Gutierrez Mendoza	M	M35-39	175	7:40:23	0:36:55	0:08:26	3:24:38	0:04:17	3:26:06	Mexico	
ca6cb36d-6404-f111-8406-6045bd08b1a2	1441	Juan Francisco Campos Martinez	M	M40-44	130	7:40:58	0:55:48	0:06:56	3:29:05	0:07:57	3:01:13	Mexico	
c8a6f209-debd-4bab-a331-288088f2f74f	1442	Ares Ruiz Ledesma	M	M25-29	195	7:41:07	0:55:57	0:07:33	3:25:27	0:05:51	3:06:18	Mexico	
03c64324-6afe-f011-8406-002248081bd6	1443	Ivan Ramos Silva	M	M35-39	176	7:41:10	0:39:24	0:08:03	3:06:11	0:06:23	3:41:10	Mexico	
1b690ce3-770a-f111-8406-6045bd08b1a2	1444	Jose Daniel Sima Ramirez	M	M30-34	207	7:41:32	0:56:51	0:08:31	3:10:08	0:07:01	3:19:01	Mexico	
02b80af9-7720-f111-8341-0022480994c2	1445	Peterson Buzo	M	M50-54	81	7:41:58	1:03:24	0:11:01	3:43:15	0:04:11	2:40:06	Brazil	
6429f0c6-d7bd-f011-bbd3-000d3a35ffc1	1446	Javier Delgado	M	M30-34	208	7:42:03	0:45:29	0:08:44	3:20:00	0:10:15	3:17:34	Mexico	
3b9b6d42-11f5-4ba7-acae-700cf2b6f813	1447	Juan Felipe Acosta Lopez	M	M45-49	95	7:42:35	0:54:58	0:12:29	3:26:46	0:08:12	3:00:10	Colombia	
0f556857-8eb0-f111-aaac-70a8a59af2e9	1448	Adriana Puga Carbajal	F	F55-59	7	7:42:43	0:46:34	0:07:51	3:46:23	0:06:20	2:55:35	Mexico	
b840bca2-79ab-f011-bbd3-6045bd09951e	1449	Willian Polis	M	M40-44	131	7:42:48	1:04:04	0:09:02	3:27:26	0:06:10	2:56:06	Brazil	
16ae47ba-1944-48cc-95f3-7ab4f0d4d62e	1450	Mark Johnston	M	M55-59	44	7:43:04	0:46:15	0:06:53	3:16:28	0:04:21	3:29:07	United Kingdom	
18668a6f-9339-f011-b4cc-6045bd05fcc1	1451	Juan Arturo Portillo Rodriguez	M	M30-34	209	7:43:05	0:41:56	0:07:51	3:08:26	0:12:07	3:32:44	Mexico	
47126792-7c9e-f011-b41c-000d3a35ffc1	1452	Leonardo Daniel Álvarez Rodríguez	M	M30-34	210	7:43:08	0:49:26	0:07:33	3:24:39	0:05:07	3:16:23	Mexico	
b89b9a6a-27b1-f011-bbd4-6045bd08efa2	1453	Jonathan Jaret Lopez Llanos	M	M35-39	177	7:43:17	0:47:21	0:10:04	3:34:57	0:05:01	3:05:54	Mexico	
d66bbf3b-0e6f-f011-bec2-000d3a5b7c3b	1454	Hillary Valeria Hernández	F	F25-29	56	7:44:09	0:56:31	0:07:00	4:21:41	0:04:40	2:14:18	Mexico	
80d780f5-f5bb-4db9-892c-05142e2740ab	1455	Gabriel Leopoldo Gonzalez Montañez	M	M50-54	82	7:44:18	0:36:10	0:07:22	3:18:21	0:06:59	3:35:26	Mexico	
8375fc2c-bf27-4419-8fb6-0d2d95b86c99	1456	Ruben Flores	M	M55-59	45	7:44:38	0:40:56	0:07:12	3:29:47	0:09:16	3:17:27	Mexico	
bb5ea291-57d8-ef11-8eea-000d3a5a1803	1457	Maria Guadalupe Rodriguez Viveros	F	F35-39	52	7:44:40	0:57:42	0:07:57	3:30:42	0:07:05	3:01:14	Mexico	
e76ece5e-d089-ef11-ac21-000d3a5a1803	1458	Kacey Dickson	F	F25-29	57	7:44:41	0:38:40	0:09:26	3:51:08	0:06:10	2:59:17	United States	
6cd087d2-3209-f111-8406-002248081bd6	1459	Jacqueline Pérez Estrada	F	F45-49	33	7:44:46	0:51:08	0:12:42	4:01:09	0:05:18	2:34:29	Mexico	
8e39a5d4-d63b-f111-88b3-6045bd06566a	1460	José Luis Elizondo	M	M25-29	196	7:45:02	0:53:31	0:09:26	3:21:09	0:05:34	3:15:21	Mexico	
ca0f2313-ebe7-4c67-9fe7-ff2ab5df12dc	1461	Jannet Aline Garcén Arzate	F	F40-44	48	7:45:07	0:48:43	0:10:37	3:32:32	0:06:28	3:06:47	Mexico	
40effefd-a8ff-f011-8406-6045bd08b1a2	1462	Victor Manuel Huerta Monroy	M	M50-54	83	7:45:10	0:53:01	0:08:12	3:02:01	0:07:10	3:34:46	Mexico	
bb5ea291-57d8-ef11-8eea-000d3a5a1803	1463	Maria Guadalupe Rodriguez Viveros	F	M45-49	96	7:45:46	0:54:35	0:06:26	3:29:58	0:07:31	3:07:16	Mexico	
eb4e86ff-55ee-f011-8406-00224804742c	1464	Maria Alexandra Petrikowski montane	F	F35-39	53	7:45:49	0:51:16	0:09:41	3:41:44	0:05:59	2:57:09	Mexico	
63b8d17a-f3bb-f011-bbd3-0022480a7385	1465	Abigail Lopez	F	F25-29	58	7:46:01	0:46:53	0:07:13	3:45:56	0:03:34	3:02:25	Mexico	
5588f0c1-e6fa-f011-8406-7ced8d3bbd26	1466	Camila Betbeder Pesqueira	F	F18-24	42	7:46:14	1:00:08	0:07:14	3:51:28	0:03:54	2:43:30	Mexico	
69a1b337-58b3-40a6-bfdd-3dbf0f16b89e	1467	Isaac Estudillo	M	M45-49	97	7:46:28	0:53:42	0:11:05	3:10:36	0:07:05	3:24:00	Mexico	
0d542783-026c-f011-bec3-6045bd09951e	1468	Gerardo Ojeda	M	M30-34	211	7:46:34	0:45:02	0:06:28	3:27:47	0:04:42	3:22:35	Mexico	
2cec1ac0-7da2-437e-961b-ecef414ba4e1	1469	Ricardo Antonio Crespo Sánchez	M	M25-29	197	7:46:54	0:54:03	0:11:37	3:28:18	0:08:40	3:04:16	Mexico	
144f2968-8b36-f111-88b3-6045bd08b1a2	1470	Braulio Cesar Mayorga Gonzalez	M	M25-29	198	7:46:56	0:33:17	0:06:12	3:20:12	0:04:38	3:42:38	Mexico	
a854c516-cdaf-f111-aaac-6045bd06566a	1471	Kurt Kaaekuahiwi	M	M40-44	132	7:47:15	0:35:48	0:06:49	3:39:05	0:12:50	3:12:43	United States	
bdc67dc0-00fb-f011-8406-0022480a5755	1472	Jorge Adrián Espejel López	M	M35-39	178	7:47:20	0:38:43	0:09:05	3:25:47	0:07:00	3:26:46	Mexico	
b128696d-c040-4b9c-9c6c-f58430ff941b	1473	Alejandro Ortega Hernandez	M	M55-59	46	7:47:42	1:07:06	0:09:06	3:23:53	0:06:56	3:00:41	Mexico	
655e3edd-2bfb-f011-8406-6045bd08b1a2	1474	Claudia Samantha Ayala Moreno	F	F25-29	59	7:47:56	1:05:26	0:09:10	3:37:19	0:06:04	2:49:58	Mexico	
177d6e44-6604-f111-8406-6045bd08b1a2	1475	Adolfo De la Rosa	M	M55-59	47	7:47:57	0:40:37	0:04:35	3:13:39	0:04:42	3:44:24	Mexico	
f6a72b0e-7108-4792-a8c4-b3f6d9386249	1476	Diego Idarraga	M	M45-49	98	7:48:37	0:58:54	0:09:39	3:45:20	0:09:01	2:45:43	Colombia	
f0a06e42-8738-42a0-8419-b58eb390a6e6	1477	Laura Luna Iglesias	F	F50-54	18	7:49:14	0:54:00	0:11:36	3:20:19	0:06:57	3:16:22	Mexico	
9634d718-a93c-f111-88b4-002248046ec8	1478	Luan Braga Gutteres	M	M18-24	145	7:49:15	0:58:46	0:08:20	3:48:00	0:04:55	2:49:15	Brazil	
1a987623-84fb-f011-8406-0022480b35b6	1479	Daniela Sánchez	F	F25-29	60	7:49:16	0:51:16	0:07:14	4:01:59	0:03:18	2:45:29	Mexico	
ba391d06-4469-4c87-b86e-a2497e762aff	1480	Steve Lamantia	M	M65-69	8	7:49:31	0:33:18	0:10:00	3:45:36	0:08:42	3:11:54	United States	
3122f653-8eb9-474a-8459-cf101483d2e0	1481	Daniel Rosas Rivera	M	M55-59	48	7:49:35	0:40:34	0:11:15	3:25:06	0:14:40	3:18:01	Mexico	
1ae2cd87-e897-40dc-a612-7e8648412cb5	1482	Erick Saucedo	M	M25-29	199	7:49:49	0:44:40	0:09:34	3:50:34	0:05:08	2:59:52	Mexico	
69a72f82-fb81-f111-ab0e-70a8a5afb051	1483	Mario Gomez Del Rio	M	M50-54	84	7:50:00	1:03:23	0:04:32	3:28:14	0:04:06	3:09:45	Mexico	
5510e1be-3dad-44b7-aa80-03625f098666	1484	Mark Minnehan	M	M60-64	21	7:50:00	0:40:11	0:09:58	3:16:40	0:07:40	3:35:32	United States	
bee9bf4d-55e6-4f8c-b42d-cc8d646a0804	1485	Alek Howland	M	M25-29	200	7:50:09	0:42:39	0:11:08	3:50:51	0:06:17	2:59:14	Mexico	
c8686d2c-e7b9-4f8e-aabe-957a2533144c	1486	Robert Celaya Arvizu	M	M30-34	212	7:50:10	0:50:36	0:09:20	3:22:06	0:09:30	3:18:37	Mexico	
ef29e19d-cafe-4358-ace3-afcbda7dde0f	1487	Carlos Joao Saldivar	M	M45-49	99	7:50:12	0:46:08	0:07:34	3:42:18	0:06:32	3:07:41	Mexico	
71ccea3e-08b4-ef11-b8e9-000d3a3126fd	1488	MARCO ANTONIO ROBLES HERRERA	M	M45-49	100	7:50:24	0:50:47	0:08:19	3:45:37	0:06:48	2:58:54	Mexico	
7786ad9b-94cc-f011-bbd2-6045bd09e913	1489	Dolores Josefina Rocha Gonzale		F45-49	34	7:50:27	0:53:58	0:06:41	4:12:38	0:04:57	2:32:13	Mexico	
b5969a46-746e-4dbf-b9e4-c62be44a1069	1490	Carlos Tut	M	M65-69	9	7:50:49	0:50:57	0:06:47	3:25:18	0:05:51	3:21:55	Mexico	
a6e2d569-0907-f111-8406-0022480a5755	1491	Dayra Ramos	F	F45-49	35	7:50:56	0:47:43	0:11:41	3:42:03	0:12:12	2:57:16	Mexico	
d39724d0-7ebe-f011-bbd3-000d3a5cf7d8	1492	Alejandra Silva Hernández	F	F35-39	54	7:51:08	0:53:24	0:05:50	3:45:36	0:06:35	2:59:43	Mexico	
4a39ccb1-3d15-44fb-9441-8201bdbc21f5	1493	Marcela Ordoñez	F	F30-34	72	7:51:15	0:56:04	0:07:40	3:30:27	0:05:29	3:11:35	Mexico	
41017a80-52e8-4160-ba87-73cc910e7dd2	1494	Ana María Roda	F	F35-39	55	7:51:23	0:42:00	0:10:24	3:42:08	0:07:50	3:09:00	Costa Rica	
cd916393-5bbe-407c-9742-965ba52803f8	1495	Luis Ramirez	M	M55-59	49	7:51:26	0:38:53	0:07:44	3:44:13	0:07:51	3:12:45	Guatemala	
a286b6af-87af-f011-bbd3-000d3a5b50ba	1496	Cesareo Roldan	M	M30-34	213	7:51:32	0:38:47	0:11:50	3:56:46	0:06:43	2:57:26	Mexico	
2e6d3661-00fb-f011-8406-0022480b88da	1497	Roberto Enrique Pérez Flores	M	M50-54	85	7:51:41	1:07:38	0:09:57	3:29:40	0:07:44	2:56:41	Mexico	
8065a8bc-7500-f111-8406-0022480b3ee9	1498	Isabela Escobar Garzón	F	F25-29	61	7:51:51	0:51:36	0:17:09	3:46:13	0:07:51	2:49:02	Venezuela	
e9430791-a0fb-f011-8406-0022480994c2	1499	Leonardo Antonio Jimenez Camara	M	M25-29	201	7:53:14	0:48:56	0:06:54	4:06:11	0:09:47	2:41:27	Brazil	
45939527-6599-f011-b4cc-000d3a5b50ba	1500	Maria Diaz	F	F30-34	73	7:53:38	0:51:53	0:09:14	3:49:20	0:04:50	2:58:21	Guatemala	
392ae39b-2e89-4c7f-a2cb-19637f7b1fa1	1501	Yong Collins	F	F70-74	1	7:54:10	0:42:49	0:08:17	3:51:43	0:06:34	3:04:46	United States	
fe3a2353-be41-f011-b4cb-6045bd05f634	1502	Jorge Gonzalez	M	M45-49	101	7:54:11	0:49:51	0:09:47	3:23:40	0:04:53	3:26:00	Guatemala	
3b5d57a1-17d9-4a98-994e-f12f4c473919	1503	Mariana Sanchez Ahumada	F	F30-34	74	7:54:12	0:58:17	0:08:06	3:53:36	0:04:04	2:50:08	Colombia	
829eca67-5676-4140-86e8-104e442361c5	1504	Gabriela Pabon Avila	F	F25-29	62	7:54:17	0:45:17	0:07:53	3:42:24	0:07:30	3:11:14	Colombia	
3703b53d-13d2-f011-bbd3-6045bd09951e	1505	Melissa Jaqueline Becerril Alejandre	F	F25-29	63	7:54:47	0:53:44	0:08:27	3:42:03	0:06:58	3:03:35	Mexico	
15febaab-1009-f111-8406-0022480b88da	1506	Jesus Dorado Muro	M	M40-44	133	7:55:09	0:45:32	0:09:20	3:29:14	0:11:13	3:19:51	Mexico	
80a8e2d9-296a-4894-9c58-749a8b096564	1507	Lopez Rionda Vianney	F	F45-49	36	7:55:55	0:32:11	0:07:41	3:58:53	0:04:55	3:12:15	Mexico	
1bef4c5d-75fb-f011-8406-0022480994c2	1508	andrea de jesus	F	F45-49	37	7:56:07	0:51:50	0:09:02	3:31:19	0:05:13	3:18:43	Argentina	
83fed957-7ddc-f011-8544-000d3a3173b5	1509	Juan Gallo	M	M30-34	214	7:56:37	0:41:53	0:10:34	3:36:31	0:05:14	3:22:24	Argentina	
35d62635-d9b8-ef11-b8e8-000d3a5a403c	1510	Mario Castellanos	M	M30-34	215	7:56:43	0:38:19	0:05:43	4:33:08	0:03:52	2:35:41	Mexico	
c2ba78e6-320f-f011-9988-000d3a5b50ba	1511	Ricardo Huerta Gomez	M	M30-34	216	7:57:18	0:50:55	0:09:32	3:48:49	0:04:30	3:03:31	Mexico	
c1ee0789-892a-f011-8c4d-000d3a35ffc1	1512	Luis Bervera	M	M30-34	217	7:57:39	0:47:01	0:15:50	3:43:07	0:09:47	3:01:54	Mexico	
c2d556fa-28b4-f011-bbd2-7ced8d6f9293	1513	LUIS SANDOVAL	M	M35-39	179	7:57:40	0:41:56	0:12:02	3:36:04	0:12:56	3:14:43	Mexico	
577873ca-326b-4ec2-8f6c-5300d57e3572	1514	Fernando Bello Morales	M	M25-29	202	7:58:00	0:56:43	0:10:02	3:59:18	0:10:28	2:41:29	Mexico	
5c02ffab-7505-f111-8406-0022480b84a3	1515	EBERT CORONA MONTUFFAR	M	M45-49	102	7:58:02	0:58:56	0:10:37	3:26:42	0:08:26	3:13:21	Mexico	
0409ead5-87e0-424d-a940-4a1baa2da3a3	1516	Jose Luis Torres Ruiz	M	M60-64	22	7:58:16	0:48:48	0:12:46	3:29:46	0:08:29	3:18:27	Mexico	
66365ba5-b718-ef11-9f8a-00224809fd7c	1517	Mayra Myrsa Sámano	F	F50-54	19	7:58:36	0:59:32	0:08:25	3:49:23	0:07:43	2:53:33	Mexico	
cda7b22d-5e05-f111-8406-6045bd06566a	1518	Yesenia Martínez Benítez	F	F25-29	64	7:58:42	0:38:33	0:06:45	4:11:40	0:07:11	2:54:33	Mexico	
5ca7368c-a572-ef11-a670-0022480ac0a9	1519	Christopher Arias Acevedo	M	M25-29	203	7:59:41	0:57:47	0:11:17	3:41:40	0:07:25	3:01:31	Colombia	
f4bd9237-57fc-ee11-a1ff-000d3a314d17	1520	Luis Carlos Gonzalez Gil	M	M35-39	180	8:00:05	1:01:52	0:13:48	3:55:50	0:08:08	2:40:26	Mexico	
b0c643a0-2869-f111-a826-002248046ec8	1521	JOSE EMILIANO ALCAZAR MIRELES	M	M25-29	204	8:00:15	0:48:09	0:08:24	3:49:27	0:05:03	3:09:12	Mexico	
452c2776-5f04-f011-bae2-000d3a5b7c3b	1522	Ximena Gurza	F	F35-39	56	8:00:57	0:51:45	0:09:33	3:55:40	0:07:25	2:56:33	Mexico	
68344f19-fe50-4bfe-9fff-ae75b2cc6c6a	1523	Benjamin Casas	M	M18-24	146	8:01:00	0:44:11	0:07:03	3:31:06	0:09:43	3:28:57	United States	
5284face-21d6-f011-8543-000d3a34d92f	1524	Jazzely Acosta	F	F30-34	75	8:01:48	1:06:50	0:09:03	3:51:12	0:04:34	2:50:09	Mexico	
12fd2254-7912-f111-8406-6045bd08b1a2	1525	Juan Carlos Hasbun	M	M30-34	218	8:02:04	1:00:12	0:09:13	3:44:54	0:08:52	2:58:54	El Salvador	
a7dc489b-3f23-f111-8341-0022480b3ee9	1526	Alonso Leal	M	M18-24	147	8:02:35	0:35:38	0:04:05	4:48:41	0:06:03	2:28:09	Mexico	
0870ac5c-37ad-44dc-aa93-d351ddc2186b	1527	Erick Leonardo Carranza	M	M55-59	50	8:04:39	0:58:26	0:10:06	3:22:12	0:10:00	3:23:55	Mexico	
6e1878a2-8566-f011-bec3-000d3a35ffc1	1528	Andrea Paulina Morones León	F	F25-29	65	8:05:18	1:05:49	0:14:52	3:51:44	0:09:06	2:43:47	Mexico	
d9c9b0ef-5743-45f1-8d23-de02c112cf66	1529	Victor Hugo Careaga Lopez	M	M55-59	51	8:05:23	0:52:09	0:14:13	3:31:21	0:08:52	3:18:47	Mexico	
3b47996e-b2a8-497b-bd63-1bf9d57a2355	1530	Gabriela Bursese	F	F60-64	8	8:05:24	1:00:22	0:11:19	3:46:19	0:05:28	3:01:56	Argentina	
1766c2ee-1426-43b3-9773-532e1b9b3da6	1531	Felipe Gemesio Lemos	M	M40-44	134	8:05:35	0:46:23	0:13:40	3:45:43	0:09:20	3:10:29	Brazil	
cea50689-f506-4380-9c18-cc40a546292c	1532	Miguel Ángel Ortega Aznar	M	M70-74	1	8:06:00	0:37:00	0:14:23	3:29:12	0:09:54	3:35:32	Mexico	
88568b30-c28a-438b-99d0-7336f7aa9fa4	1533	Keri Venz	F	F40-44	49	8:06:45	0:50:52	0:07:51	4:02:39	0:04:28	3:00:56	Australia	
0f92717f-8c99-f111-b8dc-6045bd06566a	1534	Yolanda Villarreal	F	F70-74	2	8:07:05	0:50:52	0:06:19	3:43:10	0:06:00	3:20:44	Mexico	
d27485fd-ee35-4c1d-841f-4cd5e55e8465	1535	Aline Coronado Loredo	F	F45-49	38	8:07:17	1:05:31	0:13:47	3:42:24	0:07:06	2:58:30	Mexico	
fcba3245-0bfb-f011-8406-002248046ec8	1536	Jennifer Barajas	F	F25-29	66	8:07:24	0:58:24	0:11:09	3:36:06	0:10:06	3:11:39	Mexico	
6bfa6afb-08ee-ef11-9342-000d3a5ae96c	1537	Ceres Abril Rea Amaya	F	F40-44	50	8:08:19	0:59:48	0:09:13	3:45:43	0:08:03	3:05:31	Mexico	
afda7346-c682-f011-b4cc-000d3a5b50ba	1538	Andrea Méndez	F	F18-24	43	8:09:58	0:52:53	0:07:45	4:01:46	0:04:20	3:03:14	Guatemala	
db4ea806-3b9e-f011-b41c-000d3a5b7c3b	1539	Carlos Alfredo Del Valle Martinez	M	M45-49	103	8:10:02	1:08:53	0:06:34	3:31:09	0:03:43	3:19:43	Mexico	
b7ce3ea2-dd92-f111-8076-0022480994c2	1540	Oscar Ivan Jimenez Padilla	M	M40-44	135	8:10:14	0:59:24	0:09:29	3:43:44	0:07:20	3:10:18	Mexico	
d22f5073-598b-42be-a028-b39434dfb9f4	1541	Diana Karen LOPEZ LOPEZ	F	F30-34	76	8:11:01	1:03:47	0:07:38	3:32:15	0:07:32	3:19:48	Mexico	
67323599-7e82-f111-ab0f-70a8a5b19cbc	1542	Iber Viveros	M	M18-24	148	8:11:34	1:09:24	0:09:19	4:06:30	0:07:37	2:38:44	Mexico	
7991b9e1-bf44-f111-88b4-0022480b84a3	1543	Manuel Berlanga	M	M55-59	52	8:12:21	0:36:12	0:08:21	3:48:58	0:09:02	3:29:49	Canada	
04ad9111-eb06-f111-8406-6045bd06566a	1544	Arturo Banuelos	M	M60-64	23	8:12:53	1:07:03	0:10:36	3:53:39	0:08:11	2:53:24	Mexico	
ecdd7ef5-a306-f111-8406-6045bd08b1a2	1545	YASMERZY SANCHEZ	F	F25-29	67	8:14:06	0:59:16	0:11:47	3:55:27	0:08:50	2:58:47	Mexico	
2c2074ff-ffd5-4aa1-91f2-083491d31c76	1546	Armando Cervera Lugo	M	M40-44	136	8:14:13	0:50:06	0:08:29	3:25:08	0:09:42	3:40:48	Mexico	
8bac5bf0-a19d-4fae-91b2-4aabe702607c	1547	Mitchell Dickson	M	M25-29	205	8:14:39	0:38:42	0:07:23	3:53:10	0:06:11	3:29:13	United States	
f28553ab-b5d7-4c2d-a534-65e43fd8fc58	1548	Carlos Díaz Balcorta	M	M18-24	149	8:15:55	0:43:07	0:10:06	4:09:01	0:08:10	3:05:31	Mexico	
a3fa0bac-7c90-f111-8077-0022480b84a3	1549	Juan Arturo Mendoza Alcala	M	M40-44	137	8:17:10	0:52:08	0:10:35	3:51:25	0:06:17	3:16:45	Mexico	
d955951c-6bf0-4e5e-bb26-669a68578336	1550	Lee Viteri Viteri	M	M60-64	24	8:17:54	0:55:36	0:10:45	3:39:36	0:06:30	3:25:28	Ecuador	
b6471588-b20a-f111-8406-0022480994c2	1551	Juan Millan	M	M30-34	219	8:17:55	1:02:52	0:12:19	3:57:09	0:05:49	2:59:46	Mexico	
ee576dc8-8f03-ef11-a1fd-6045bd00e0b7	1552	Heriberto Salazar Eguiluz		M60-64	25	8:18:10	1:01:53	0:13:42	3:44:18	0:09:09	3:09:08	Mexico	
93c10d36-7407-f111-8406-7ced8d3da579	1553	Luis Alberto Lopez Bautista	M	M35-39	181	8:18:20	1:01:03	0:13:26	3:32:25	0:17:25	3:14:01	Mexico	
1aea8747-1f21-f011-8c4c-000d3a32b48d	1554	Edmundo Karim Urbina Ramirez	M	M40-44	138	8:19:35	0:48:43	0:12:42	3:32:00	0:07:53	3:38:16	Mexico	
01fe39e5-06fb-f011-8406-0022480a5755	1555	Sergio Gloria	M	M40-44	139	8:20:25	0:48:51	0:07:40	3:44:00	0:05:46	3:34:08	Mexico	
37968a5a-ea9a-4b2a-8610-8b4a6b091cac	1556	Vinicius Gonzaga	M	M40-44	140	8:21:50	0:47:46	0:06:39	4:01:38	0:07:16	3:18:31	Brazil	
714ed398-b93b-f111-88b3-70a8a59a60a5	1557	Helaman Quijano	M	M25-29	206	8:22:37	0:49:41	0:12:09	3:56:45	0:05:23	3:18:38	Mexico	
6ab5b8d4-b61b-4211-acb7-c174c076f18b	1558	Hugo Ruiz	M	M55-59	53	8:23:00	0:47:24	0:06:40	3:37:10	0:10:15	3:41:30	Mexico	
167ad08c-cd98-4a50-866f-97f8c08b99bd	1559	Fernando Arroyo Canseco	M	M45-49	104	8:23:33	1:00:16	0:07:24	3:53:59	0:07:08	3:14:46	Mexico	
89cf86b9-e2bd-4fba-ac11-5c6d46394407	1560	Patricia Fernández Morales	F	F45-49	39	8:23:48	0:45:26	0:09:37	4:07:28	0:06:13	3:15:04	Mexico	
c2e5555c-a19c-f011-b41c-6045bd09951e	1561	JOSE ADOLFO GARCIA	M	M35-39	182	8:24:41	1:01:02	0:06:54	3:47:22	0:04:44	3:24:40	Mexico	
95f8e004-cdec-f011-8544-6045bd04a162	1562	Yanina Villar	F	F45-49	40	8:25:16	0:56:28	0:05:36	3:58:20	0:03:01	3:21:51	Mexico	
499d3e18-4538-f011-8c4e-000d3a3173b5	1563	Sebastián Mealla	M	M45-49	105	8:25:43	0:50:19	0:08:10	3:50:45	0:06:42	3:29:47	Argentina	
d5ba2d89-2ead-f011-bbd3-000d3a3173b5	1564	Ricardo Lucio	M	M35-39	183	8:25:45	0:55:31	0:07:55	3:31:11	0:11:30	3:39:38	State of Palestine	
0167882c-caf3-4023-afe3-f7f1c7221c8e	1565	David Minkoff	M	M75-79	1	8:25:47	0:45:25	0:10:37	3:41:27	0:09:39	3:38:38	United States	
63eccf45-67df-f011-8544-000d3a5cf7d8	1566	Maricruz Martínez	F	F35-39	57	8:25:52	1:04:27	0:09:04	3:50:14	0:06:17	3:15:49	Mexico	
47a761ed-d3be-ef11-b8e8-6045bd018d16	1567	Eduardo Caridad	M	M35-39	184	8:25:58	1:01:03	0:07:38	3:58:49	0:04:15	3:14:12	Mexico	
382a7456-636b-f111-a826-0022480b84a3	1568	Benjamin Nathan Arellano Quijano	M	M18-24	150	8:26:47	0:54:04	0:06:59	3:43:09	0:06:50	3:35:44	Mexico	
4bad3aff-ec94-45be-8e35-c5e906dba971	1569	Arely Huerta	F	F40-44	51	8:27:14	1:01:13	0:14:52	3:36:15	0:09:11	3:25:43	Mexico	
cdcc8fb9-3e0e-4e41-aa17-04681477ba33	1570	EDUARDO RAYGADA	M	M70-74	2	8:27:25	0:59:45	0:08:06	3:49:28	0:09:19	3:20:46	Mexico	
7602af9b-5c10-f111-8406-0022480b84a3	1571	Jess Simonson	M	M50-54	86	8:28:59	0:58:04	0:09:16	4:05:59	0:08:28	3:07:11	United States	
c7ab7e31-68fe-f011-8406-0022480b88da	1572	América Bringas	F	F18-24	44	8:29:02	0:56:01	0:08:38	3:58:39	0:05:56	3:19:48	Mexico	
14b709fe-f90e-4e77-8a31-9c7437ff9324	1573	Jose Luis Velazquez Torres	M	M65-69	10	8:29:40	0:55:28	0:20:23	3:44:42	0:06:38	3:22:29	Mexico	
39ff8094-2f00-f011-bae2-6045bd05fcc1	99999	Adriana Escobar	F	F35-39	99999							Mexico	DNF
61a94f2d-21e4-f011-8544-000d3a5b7c3b	99999	Juan Pablo Arriaga Padron	M	M25-29	99999							Mexico	DNS
2b35dd96-1e86-f111-ab0e-7ced8d70bd7c	99999	JANET MUNGUIA MORENO	F	F35-39	99999	7:50:51	0:57:05	0:07:56	3:49:06	0:06:08	2:50:36	Mexico	DNF
f61de2a7-aafb-f011-8406-002248046ec8	99999	José Bernardo Tapia Caballero	M	M18-24	99999							Mexico	DNS
aec6fcda-aa34-4716-8f6b-b0faec4199f7	99999	Santiago Marina	M	M18-24	99999							Mexico	DNS
e30821d4-7b58-f111-bec7-0022480994c2	99999	Ivan Ayala	M	M30-34	99999							Mexico	DNS
1832bc58-503d-4c29-b07f-253e973fb6f5	99999	Camilo Ramirez	M	M40-44	99999							Colombia	DNS
e668a0dd-3306-f111-8406-0022480a5755	99999	alfredo robles cervantes	M	M30-34	99999		1:19:46					Mexico	DNF
ee912def-b3af-f011-bbd3-000d3a3173b5	99999	Valeria Berenis Garcia Alonso	F	F25-29	99999							Mexico	DNS
c8566029-9682-f011-b4cc-6045bd05f634	99999	Armando Morataya	M	M40-44	99999							El Salvador	DNS
ed928fa5-91a3-43ab-bccd-d648cc62f909	99999	Aly Treu	F	F35-39	99999							United States	DNS
4e7ad47c-80f1-4ac5-8453-8a40542d3ec9	99999	Jonathan Barber	M	M55-59	99999							United States	DNS
d85954ac-8e66-ed11-9562-000d3a31458d	99999	Eduardo Castillo Hernandez	M	M50-54	99999							Mexico	DNS
65f48cfc-df8b-426b-80b7-45ff63231ba2	99999	Nathan Drainville	M	M45-49	99999							United States	DNS
b4569163-ff83-4fa4-9bae-758b21a64d02	99999	Betzabet Sosa Flores	F	F35-39	99999		1:00:30	0:10:19	3:42:58	0:07:08		Mexico	DNF
0eb944db-a7ee-f011-8406-000d3a5b5fc7	99999	Jacob Breschi	M	M25-29	99999							United States Minor Outlying Islands	DNS
66e6b640-88b2-45f7-a4c6-cfed659eae88	99999	Gabrielle Jones	F	F30-34	99999							Jamaica	DNS
dae2e1dd-8323-f011-8c4d-6045bd09951e	99999	Peter Crescenti III	M	M45-49	99999							United States	DNS
fa7a8f35-06db-463c-8497-10ce4eb3c940	99999	Isaac Henares	M	M45-49	99999							Mexico	DNS
ea532599-76a1-f111-b8dc-70a8a5b19cbc	99999	Oscar Costa Filho	M	M70-74	99999		0:59:38	0:09:37	3:10:28	0:10:03		Brazil	DNF
a7dae9dc-b3fe-f011-8406-0022480994c2	99999	Juan Camilo MALDONADO	M	M25-29	99999							Colombia	DNS
75f6beb6-8539-4d63-af5c-cf387c3f5771	99999	Fernando Estefó	M	M40-44	99999							Chile	DNS
16e310ff-740d-4202-b5e5-5ed12f41f249	99999	Derrick Mackenzie	M	M40-44	99999							Brazil	DNS
a74fedf2-2c6f-f011-bec3-6045bd05fcc1	99999	Alejandra Avila	F	F18-24	99999		0:59:01	0:09:20	4:20:26	0:06:28		Mexico	DNF
8af4ba75-98da-f011-8544-6045bd05f634	99999	Gonzalo de la Torre	M	M35-39	99999							Spain	DNS
77d8c313-e628-40c2-9ddb-fa414935ba19	99999	Renato Paredes De Stefano	M	M45-49	99999							Peru	DNS
3c170b6d-6a85-f111-ab0f-6045bd08b1a2	99999	Natalia Cortés	F	F18-24	99999							Mexico	DNS
24a6ce48-39eb-f011-8544-000d3a3173b5	99999	DAVID MEDINA	M	M25-29	99999							Mexico	DNS
fbd3a577-7783-4199-a771-0f316263386d	99999	Lars Hanschke	M	M45-49	99999							Mexico	DNS
17e4aed0-ca57-f111-bec7-0022480994c2	99999	Karen Gabriela Alvarez	F	F30-34	99999		0:36:45	0:06:05	3:13:59	0:06:34		Mexico	DNF
c812fd84-f009-4176-9bcf-3dd531047cd1	99999	Alejandra Sanchez	F	F40-44	99999							Mexico	DNS
9ea7309d-2cfd-47d3-a287-507d7a3b60bf	99999	Fernando Gomez Gil Tenorio	M	M45-49	99999		0:30:58	0:06:11	2:51:39	0:05:55		Mexico	DNF
4186fb71-c46d-4771-9d1f-a9845effb45c	99999	Ines Andrade	F	F25-29	99999							Mexico	DNS
1ceffbd0-8036-f011-8c4e-0022480a7385	99999	Giovanny Salvador Haro Machuca	M	M30-34	99999		1:21:55					Mexico	DNF
82c16e65-5897-ed11-aad1-000d3a314ae2	99999	Derlys Hernandez	M	M30-34	99999	8:36:28	1:17:02	0:10:36	3:49:16	0:06:31	3:13:03	Colombia	
96321967-07fb-f011-8406-0022480b88da	99999	Stephania Frando	F	F35-39	99999							United States	DNS
a8d3aa58-8aed-4be2-99c1-40d0b1c61cf7	99999	Alex Obelink	M	M50-54	99999							United States	DNS
cb93e48c-b583-4b41-85ea-74f0e0dcd7d8	99999	Marcos Ojeda Cervantes	M	M45-49	99999							Mexico	DNS
1d0bf86e-f9e1-f011-8544-000d3a3173b5	99999	KARLA ROXANA IBARRA	F	F45-49	99999	8:39:39	1:06:00	0:13:46	3:47:34	0:09:30	3:22:48	Mexico	
643ef6be-a6ac-f011-bbd3-000d3a5b7c3b	99999	Mathew Martinez	M	M50-54	99999							United States	DNF
b307ad1a-ac6d-486e-96bf-b76e0b41128e	99999	Bryanna Nixon	F	F25-29	99999							United States	DNS
8717972c-3b4d-f111-bec5-6045bd06566a	99999	Carlos Javier Garcia Villanueva	M	M35-39	99999							Mexico	DNF
52d965bb-2c71-4da3-b757-7c54dffac875	99999	Hector Dagdug	M	M25-29	99999							Mexico	DNS
3f07ebd7-bfff-f011-8406-0022480b35b6	99999	Giulia Cajati	F	F30-34	99999	5:10:25	0:44:45	0:08:26			2:13:55	United States	DNF
a72a3d93-23fb-f011-8406-0022480b35b6	99999	Yesai Gonzalez	M	M30-34	99999	7:24:34	1:11:24	0:07:04	3:31:09	0:05:14	2:29:43	Mexico	
c2a22860-3cfd-f011-8406-000d3a59e8ca	99999	Harley Pineda	M	M30-34	99999	6:06:32	0:36:41	0:07:19	2:55:13	0:05:44	2:21:35	Mexico	DNF
73e87b30-0c97-45b8-b7d7-96a26ac5232d	99999	Fernanda Grimaldi	F	F30-34	99999							Mexico	DNS
ab6573be-db27-f111-8341-0022480a5755	99999	Faisal Raza	M	M18-24	99999							United States	DNS
84a849f3-3fb2-ea11-a812-000d3a5a1cf8	99999	Carlos Breceda	M	M45-49	99999	6:41:58	1:15:05	0:10:08			2:07:07	Mexico	
e799ebc7-0ae2-f011-8543-000d3a5b5fc7	99999	Andrea Araujo	F	F18-24	99999							Peru	DNS
f21d2ae6-63cd-ef11-b8e8-000d3a5a403c	99999	christopher Bedros	M	M30-34	99999							Canada	DNS
db6061bb-ef74-47d0-ade2-eb9e83e3fcf2	99999	Uli Ludwig	M	M55-59	99999		0:50:19	0:06:35				Mexico	DNF
110ef9fb-946d-48ac-8df9-b7e477aae925	99999	Oswaldo Martinez Gonzalez De Salceda	M	M45-49	99999							Mexico	DNS
aa7dd2a2-a40b-f111-8406-0022480994c2	99999	Santiago Enrique Magdaleno Hernández	M	M25-29	99999		1:15:30					Mexico	DNF
9d213fc0-ef34-4a33-ac1c-433be977c3a9	99999	Juan Pablo Alonso	M	M40-44	99999							Mexico	DNS
aca30bea-149c-4832-9a6b-c61de5685fc8	99999	Georgina Villa	F	F40-44	99999							Mexico	DNS
6d5fd141-7976-4b3c-9526-d1865086a53f	99999	Martin Treu	M	M45-49	99999		0:28:51	0:04:17	2:26:57	0:02:21		United States	DNF
756e4e5e-ad05-f011-bae1-000d3a5b50ba	99999	Veronica Brambila	F	F25-29	99999		1:05:03	0:12:11				Mexico	DNF
3b5b0949-27e9-4c76-bedc-f942d8f7b9d9	99999	Tere Garcia Gómez	F	F60-64	99999	6:30:56	0:46:20	0:07:50	4:39:04			Mexico	
0d37ddf7-6009-f111-8406-6045bd08b1a2	99999	Claudia Fuentes	F	F55-59	99999	7:20:06	0:56:33	0:08:14	4:26:36	0:03:21	1:45:22	Mexico	
52e92fc5-12fd-f011-8406-002248046ec8	99999	Miguel Dzay	M	M40-44	99999							Mexico	DNS
32a46fcf-ae48-f011-877a-000d3a3173b5	99999	JORGE LUIS NOVELO	M	M55-59	99999		0:37:34	0:06:15	2:58:43	0:04:53		Mexico	DNF
591e0877-11d6-4563-814a-de78aba9fadf	99999	Aguirre Gurrea Manuel	M	M40-44	99999							Mexico	DNS
0b401121-f216-4556-a2c4-12e9e62eb216	99999	Isabel Ramirez	F	F55-59	99999	6:25:33	0:51:58	0:09:37	3:29:43	0:08:41	1:45:34	Mexico	DNF
99b6db94-0b0f-ef11-9f89-6045bd00e0b7	99999	Holger Nestler	M	M55-59	99999		0:52:15	0:06:46	2:37:36			Germany	DNF
66b7221f-fc51-f011-877a-0022480a7385	99999	Carlos Barroso	M	M25-29	99999							Mexico	DNS
79af144d-a34c-f111-bec5-6045bd08b1a2	99999	Francisco Montes Sosa	M	M65-69	99999	6:18:37	0:56:33	0:05:29	3:39:01	0:06:56	1:30:37	Mexico	DNF
6b9f8deb-73d2-4f55-a703-3d8f7fc998b4	99999	Leslie Alcuri	F	F50-54	99999							United States	DNS
fe913d55-a15f-f111-a825-7ced8d705c94	99999	Alejandro Gabriel Arrieta Castañeda	M	M30-34	99999							Mexico	DNS
8fbb51aa-02f2-4ada-988f-04e59b537bfc	99999	Juan Pablo García De Luca	M	M18-24	99999		0:31:18	0:03:33	2:16:58	0:01:39		Mexico	DNF
0cd259d6-80f7-ed11-8848-000d3a314d17	99999	STEVEN CAMPOS SAENZ	M	M50-54	99999							Costa Rica	DNS
1242b4f3-c624-f111-8341-0022480b88da	99999	Gabriel Zavala Rosillo	M	M18-24	99999							Mexico	DNS
574269cd-9b00-f111-8406-6045bd06566a	99999	Erick Miranda	M	M40-44	99999		1:15:45					Costa Rica	DNF
322c4660-9cfb-f011-8406-6045bd08b1a2	99999	Monica Fuentes	F	F30-34	99999							Mexico	DNS
1ae277bd-0303-f111-8406-0022480b3ee9	99999	Omar Alberto Valdez López	M	M30-34	99999	7:58:29	1:17:17	0:09:04	3:37:43	0:07:15	2:47:11	Mexico	
db09e655-13ae-40a2-b8d5-3de632605372	99999	Mauricio Pasquel	F	M35-39	99999							Mexico	DNS
c7e100e9-20ff-f011-8406-0022480b88da	99999	Hector Amin Ramirez Romero	M	M30-34	99999							Mexico	DNS
c9509592-28fb-f011-8406-0022480a5755	99999	Carolina Cano Bustos	F	F30-34	99999							Mexico	DNS
62cdb9bb-87f7-40d9-a1a5-4f34eaf912e6	99999	Rodolfo Cepeda Alferez	M	M35-39	99999							Colombia	DNS
5309b3aa-18a7-4a67-9da5-565eec263762	99999	Allison Smith	F	F45-49	99999							United States	DNF
fef6341e-af1c-f111-8341-000d3a3af45c	99999	Kevin Paz	M	M30-34	99999							Honduras	DNS
aa26dc16-abb1-4ec4-ba43-bd617d41e226	99999	Adolfo Rodríguez Lira	M	M30-34	99999		1:04:51					Mexico	DNF
612bddc5-9014-4044-8cae-6fb87473912a	99999	Andrew Shellenberger	M	MPRO	99999		0:23:09	0:01:37	2:07:35	0:01:33		United States	DNF
86c56640-6406-f111-8406-002248081bd6	99999	SERGIO MARTINEZ COTA	M	M40-44	99999							Mexico	DNS
27b8925e-097e-4ed2-90d4-13c20576327c	99999	Laura Olivia López Torres	F	M35-39	99999							Mexico	DNS
c35225d3-cd22-ef11-840a-00224805d84a	99999	Sebastian Pelaez	M	M25-29	99999	5:53:02	0:44:29	0:05:22	2:54:38	0:04:27	2:04:06	Mexico	DNF
cff264ba-f3b4-476b-856b-8bd4cc627839	99999	Kris Meekins	M	M65-69	99999							United States	DNS
eee77939-2904-ef11-a1fd-6045bd012ace	99999	Sasha Goldsberry	F	F45-49	99999							United States	DNS
fb1f9dd0-14fb-f011-8406-0022480994c2	99999	Chrystal Bailey	F	F40-44	99999		1:08:29	0:11:42	3:52:16	0:07:26		Canada	DNF
92e900a3-45fd-f011-8406-0022480b35b6	99999	Carlos Fernando Mendez Sanchez	M	M55-59	99999							Mexico	DQ
0645be41-349b-ef11-8a6a-000d3a3126fd	99999	Carlos Alberto Martínez Jacinto	M	M25-29	99999							Mexico	DNF
2826df35-2106-f111-8406-0022480b84a3	99999	Gerardo Javier RIVAS GARCIA	M	M50-54	99999	7:21:28	1:11:04	0:04:59	3:30:53	0:03:54	2:30:38	Mexico	
1605d33b-5fe5-4631-a060-0242b3e347e3	99999	Álvaro Blanco Álvarez	M	M35-39	99999							Spain	DNS
37e30dee-83ff-f011-8406-0022480b84a3	99999	Erick Méndez	M	M25-29	99999							Mexico	DNS
964c6ac4-83cf-4d93-a31a-8e808393cc65	99999	Michael Black	M	M50-54	99999							United States	DNS
9e392878-0dd5-f011-8544-000d3a5b7c3b	99999	MARIA PAULINA GUERRERO GARCIA	F	M30-34	99999							Mexico	DQ
0d4c8a68-c7c0-4941-82a0-ab26355dc00c	99999	Isaac Ernesto Chanona Reyes	M	M45-49	99999							Mexico	DNS
0dae5551-04b5-ef11-b8e8-6045bd088264	99999	CARLOS GARZA	M	M45-49	99999							Mexico	DNS
48b37630-f2e4-4fba-9a5f-de732a29fdf5	99999	Luis Ricardo García Espinosa	M	M30-34	99999							Mexico	DNS
b24b5b67-e2fb-f011-8406-0022480a5755	99999	Oscar Leon George	M	M30-34	99999							Mexico	DNS
8e45d7e4-3ec6-f011-bbd3-000d3a5b50ba	99999	Amélie Côté	F	F30-34	99999							Canada	DNS
318c8f8e-730b-f111-8406-0022480a5755	99999	Andrei Post	M	M30-34	99999							Mexico	DNS
417d8869-a902-f111-8406-002248046451	99999	Ricardo Araujo Nunez	M	M50-54	99999	7:23:59	1:12:35	0:09:41			3:07:43	Mexico	
db2ec507-48b7-4164-b3d7-89fabc968a96	99999	Daniel Palacios	M	M40-44	99999							Colombia	DNS
e3592476-8f11-f111-8406-0022480995bd	99999	Lukasz Filipczuk	M	M35-39	99999							Poland	DNS
17a73875-e064-4e7f-9c96-ee26ac8888ae	99999	Javier Orozco	M	F18-24	99999							Mexico	DNS
aee8406f-ab90-4bf4-9089-1211c2040e85	99999	Kimberly Oppenheim	F	F30-34	99999							United States	DNS
841f46fb-ee0a-f111-8406-0022480b88da	99999	Eric Klann	M	M50-54	99999							United States	DNS
28ec2a45-a8d0-f011-bbd3-6045bd05fcc1	99999	Estefania Gonzalez	F	F18-24	99999	7:45:54	0:50:59	0:15:57	4:34:58	0:04:03	1:59:57	Mexico	DNF
29ec8a7d-5097-463f-8c7f-9064dfae4dfa	99999	Mike ABEL	M	M55-59	99999		0:47:48	0:08:16	2:57:19	0:10:07		United States	DNF
704d5592-a0bd-4871-bdc8-c1c7c06406dd	99999	Eduardo Marquez Certucha	M	M35-39	99999							Mexico	DNS
1f96bd27-a20b-f111-8406-002248046ec8	99999	LINDA NOEMI PARTIDA OROZCO	F	F18-24	99999							Mexico	DNS
471edeaf-d10a-f111-8406-0022480b84a3	99999	Dana Marlen Franco Lara	F	F18-24	99999	8:44:28	0:36:52	0:06:14	4:02:09	0:04:59	3:54:14	Mexico	
74c96f4b-2efa-475e-a850-fe6bfaa10214	99999	Vedharth Thappa	M	M30-34	99999							India	DNS
53040241-c6b5-f011-bbd3-002248098cfa	99999	Miguel Aaron Camarillo Prado	M	M35-39	99999							Mexico	DNS
f5fe18f5-5b03-f111-8406-6045bd06566a	99999	Francisco Cornejo	M	M35-39	99999	7:06:11	1:29:57	0:08:45	3:16:46	0:06:52	2:03:50	Mexico	
46b9c32d-3a08-f111-8406-0022480a5755	99999	Marco Andree Roblero	M	M25-29	99999		1:01:14	0:04:38	3:47:59	0:05:00		Guatemala	DNF
13e8e0c9-88b6-486b-b0fc-6e37c4639a85	99999	Valeria Ramírez Romea	F	F40-44	99999	7:20:37	1:13:27	0:09:11	4:08:07	0:07:00	1:42:52	Mexico	
c9f332c5-33e2-4bde-bad7-d69241f80ad2	99999	Sergio Sanchez	M	M30-34	99999							Mexico	DNF
09865126-c497-f011-b4cc-000d3a35ffc1	99999	Armando Campos	M	M25-29	99999							Costa Rica	DNS
7901b1e1-51d6-f011-8543-000d3a5b5fc7	99999	Enrique Cifuentes Bauer	M	M18-24	99999	8:06:12	1:12:57	0:08:18	3:30:18	0:06:23	3:08:16	Guatemala	
f1c42d2e-9658-48a7-ae90-4f7cc8369bb6	99999	Edward Rupp	M	M55-59	99999							United States	DNS
eab3e264-49ee-f011-8407-0022480c097c	99999	Alan Carrillo Arroyo	M	M18-24	99999	8:07:12	1:10:14	0:05:20	3:44:57	0:05:25	3:01:16	Mexico	
3be468e2-7fe6-4d7e-8f16-37a488ce1849	99999	Diego Lumbreras	M	M50-54	99999							Argentina	DNS
438ae690-40fd-f011-8406-000d3a369417	99999	Michelle Turnbull	F	F55-59	99999		1:04:46	0:11:17				Canada	DNF
5fbe32d4-0094-ef11-8a6a-000d3a5a1803	99999	Casey Branam	M	M25-29	99999							United States	DNS
a8fce9f8-0fc8-461d-acf7-92092f53c649	99999	Isidro Rivera Bravo	M	M60-64	99999	8:38:51	0:47:32	0:10:48	3:36:59	0:07:55	3:55:37	Mexico	
a4d64b0b-412e-436a-91ef-106d66853b09	99999	Benn Service	M	M45-49	99999							United States	DNS
79a2ec10-6c95-4753-884f-4a4e143ca978	99999	Martin Kaczmarski	M	M35-39	99999							Poland	DNS
dd31555c-322d-f111-88b3-000d3a5aba94	99999	Yael Camacho	M	M30-34	99999	5:53:56	0:50:37	0:11:03	3:28:22	0:09:17	1:14:37	Mexico	DNF
5713f529-b347-f111-bec6-0022480b3ee9	99999	Casey Feikema	M	M25-29	99999							United States	DNS
156c0c6a-daa6-4409-91fa-a1a945fb0dfc	99999	Monica Abad	F	F30-34	99999							Mexico	DNS
4faad020-220e-4756-8e5f-1fcbe66ca742	99999	Martin Fernando Castillo Mendoza	M	M50-54	99999		0:41:51	0:05:12	2:35:57	0:05:04		Mexico	DNF
3b5d57a1-17d9-4a98-994e-f12f4c473919	99999	Mariana Sanchez Ahumada	F	F50-54	99999	8:36:22	1:17:05	0:10:35	3:49:22	0:06:01	3:13:18	Colombia	
dabf5b6a-f4fc-4030-8173-78290e2f25c2	99999	Jose Antonio Garcia Diaz	M	M35-39	99999		0:38:54	0:10:02	3:34:16	0:09:32		Mexico	DNF
6e0353ee-6eb7-4b56-a505-4753ee8c5ec8	99999	SAUCEDA SAUCEDA	M	M55-59	99999							Mexico	DNS
b1b11d73-5fa8-40c8-a191-e93f72df7529	99999	Ricardo Najera	M	M55-59	99999							Mexico	DNS
841f46fb-ee0a-f111-8406-0022480b88da	99999	Eric Klann	M	F18-24	99999							United States	DNS
44346c3f-94cb-4da5-84f5-d7b78567213d	99999	David Leal	M	M25-29	99999							Colombia	DNS
aef6c0f5-bf36-f111-88b3-6045bd08b1a2	99999	Daniel Murte	M	M25-29	99999							Colombia	DNS
7a2f7fb2-c392-f111-8076-70a8a5ae4d85	99999	HALLY SUMANO	M	M40-44	99999							Mexico	DNF
bfd619ac-c202-f111-8406-0022480a5755	99999	Ivan Pacheco Romero	M	M40-44	99999	8:49:57	0:56:30	0:16:59	3:23:07	0:14:23	3:58:59	Mexico	
2497efaa-4e92-4914-8254-7ebe8388074f	99999	Mario de la Portilla	M	M45-49	99999	8:35:42					3:47:18	Mexico	
cfd352f7-e8df-42f8-b141-5043c6177d60	99999	Edward Enberg	M	M35-39	99999							United States	DNS
1abe1293-08af-f011-bbd3-000d3a5b50ba	99999	Jose Luis Valero	M	M35-39	99999							Mexico	DNS
b862aebf-7a9a-f111-b8dc-6045bd08b1a2	99999	Fernando Manuel Martinez Morales	M	M35-39	99999							Mexico	DNS
75466b8d-0efb-f011-8406-0022480af2f3	99999	Erick Omar Avila Chavez	M	M30-34	99999							Mexico	DNS
0226f9db-998e-f111-8077-70a8a5b19cbc	99999	Fernando Howland	M	M55-59	99999	7:49:20	0:44:08	0:09:20	3:50:51	0:06:21	2:58:41	Mexico	DNF
79903c51-0b94-400e-9a37-412ca3b0045b	99999	Alexander Williams	M	M40-44	99999		0:34:42	0:05:09				United States	DNF
f7b47a7b-8675-f111-ab0e-7ced8d6dc1b6	99999	Kitzia edith Rodriguez batista	F	F30-34	99999							Mexico	DNS
bd288df1-9ac2-4320-afb3-d36a79496c36	99999	Alejandro Menchaca	M	M50-54	99999							Mexico	DNS
cfbeaa22-7721-4c30-a973-3c3cd84fd015	99999	Salvador Herrera	F	M25-29	99999							Mexico	DNS
c62089dc-ca68-4eb1-bb4f-4f86e598282c	99999	Jorge Luis Vargas Valencia	M	M55-59	99999							Colombia	DNS
fa3a9295-28fc-ee11-a1ff-6045bd0158c4	99999	Esteban Herrera	M	M25-29	99999							Mexico	DNS
cffdca8a-b793-478b-8e4d-8c7144f487fd	99999	Yeshika Sanchez Munoz	F	F45-49	99999							Mexico	DNS
a7969e6e-849b-f111-b8dc-0022480a5755	99999	Eli McWard	M	MPRO	99999		0:23:16	0:01:47	2:23:46	0:04:24		United States	DNF
351bb18d-f7ab-4fcf-bce4-54174b782b28	99999	Elliot Bach	M	MPRO	99999		0:25:13	0:01:44	2:11:57	0:22:49		United States	DNF
bb5b38d7-5061-f111-a826-6045bd08b1a2	99999	paola san roman	F	F30-34	99999							Mexico	DNS
09d2105f-8583-f111-ab0f-70a8a5ae8eaa	99999	Narender Kheder	M	M18-24	99999							Canada	DNF
65ef1038-b082-4c1d-b1c5-5087921c5fc8	99999	Fernanda Fonseca	F	F18-24	99999							Mexico	DNS
fa021ebd-706c-f011-bec3-6045bd09951e	99999	Diego Valdivia Valdez	M	M40-44	99999							Peru	DNS
ff2ac0cf-930b-f111-8406-002248081bd6	99999	maria cecilia gomez garcia	F	F40-44	99999							Mexico	DNS
5f13fc63-9a52-f011-877a-000d3a35ffc1	99999	Paula Regina Martinez Sanchez	F	M30-34	99999							Mexico	DNS
1071b71d-2d02-f111-8406-6045bd08b1a2	99999	Santiago Bravo	M	M60-64	99999		1:20:14	0:13:25	4:27:58			Mexico	DNF
581cea78-81b4-4511-9dd4-870f8a198060	99999	Cris Garcia	M	M45-49	99999							United States	DNS
7a110805-d681-4085-85ad-b73b832a79a1	99999	Erick Enrique Lopez Estrada	M	M45-49	99999							Mexico	DNS
13e3eb54-d5fb-f011-8406-0022480a5755	99999	Dario Armando Martinez Alvarado	M	M18-24	99999							Mexico	DQ
54ea84a2-74b7-4099-8b8a-e12788e46fd5	99999	Arturo Salas	M	M60-64	99999							Bahamas	DNS
3bb7a558-db39-47b5-9b59-fa5458023940	99999	Dylan Medley	M	M45-49	99999							United States	DNS
2422c865-8b03-f111-8406-002248046ec8	99999	Iker Gonzalez	M	M18-24	99999							Mexico	DNS
40df1e62-520b-f111-8406-0022480a5755	99999	Monica Rivera Pico	F	F45-49	99999							Puerto Rico	DNS
734ba0a2-3a00-f111-8406-6045bd06566a	99999	Jose Pablo Brenes Chaves	M	M30-34	99999							Costa Rica	DNS
c1d8a5cf-3ba5-4cd8-a51d-6db2f294d062	99999	Fernando Alanis	M	M30-34	99999		0:40:31	0:06:48				Mexico	DNF
9cd82eab-d868-f111-a825-0022480b35b6	99999	Carlos Barajas Orozco	M	M40-44	99999		1:01:24	0:09:02	3:48:43	0:05:15		Mexico	DNF
96efd4b0-f9b8-4795-9aa9-fbd15e469a78	99999	Eduardo Cardenas Gonzalez	M	M25-29	99999							Mexico	DNF
56bf41d2-3837-4d54-9f37-11f750e1b95e	99999	Victor Becerra Sanchez	M	M55-59	99999							Mexico	DNS
f27370ca-8eb6-f011-bbd3-6045bd09951e	99999	Javier Sandoval Castillo	M	M30-34	99999							Mexico	DNS
7cca4f0f-c2cc-4690-be22-83028a49f82b	99999	Claudia Suarez	F	F40-44	99999							Mexico	DNS
65847388-76cb-ec11-a7b5-0022480497c1	99999	Rosa Pilar Rivas	F	F55-59	99999							Venezuela	DNS
edce908a-88f3-ed11-8848-000d3a314d17	99999	Frederic Vachon		M50-54	99999							Canada	DNS
7ba42479-fb9e-f011-b41c-6045bd05f634	99999	Carlos Román Hernández Murga	M	M35-39	99999							Mexico	DNS
475ed80b-10d9-42b0-bab9-d307e08a2457	99999	Francisco Javier Cardosa Torres	M	M50-54	99999							Mexico	DNS
2baae48f-092a-40a5-bd67-a4cce7c0343e	99999	Shonda Rocke	F	F55-59	99999		1:13:33					United States	DNF
baec5a5d-dd30-42be-9bea-2730dd32dd33	99999	Rocio Arizpe	F	F55-59	99999	7:46:45	1:29:24	0:09:56			3:12:20	Mexico	
c62cb345-135d-ee11-be6f-000d3a314d17	99999	Lukasz Chrzanowski	M	M35-39	99999							Poland	DNS
3c8dd965-16db-4849-9b89-87fa1fab29e1	99999	Hugo Martin	M	M45-49	99999							Mexico	DNS
a3af65a1-a30e-f111-8406-6045bd06f930	99999	Tamara Ruiz	F	F18-24	99999							Mexico	DNS
7dfdda33-a671-45ef-a3eb-5a8afe5d4b28	99999	Daniel Martinez	M	M40-44	99999							Mexico	DNS
083e0cab-14fb-f011-8406-0022480b84a3	99999	Anabel Flores	F	F55-59	99999	8:40:31	1:14:29	0:08:12	3:49:07	0:09:51	3:18:52	Mexico	
ed639156-7eee-479d-8b98-846bbc854e0b	99999	Rodrigo Castellanos	M	M40-44	99999							Guatemala	DQ
f4e0c3d9-6ef9-f011-8406-002248081c1e	99999	Nabor Morales de Jesus		M50-54	99999							Mexico	DNF
781b1705-65e8-4b5e-b986-60cd650970a8	99999	Daniel González Aguirre	M	M40-44	99999		0:54:57	0:10:50				Mexico	DNF
bea8dba1-163d-40ec-a4d3-cc42b6923338	99999	Mauricio Santos	M	M40-44	99999							Colombia	DNS
fa67c835-465c-f011-bec2-000d3a5b50ba	99999	Julio Garcia	F	F50-54	99999							Mexico	DNS
886b3b93-320b-4833-aaab-227fe114eeab	99999	Ricardo Vazquez	M	M60-64	99999	8:10:03	1:14:54	0:11:44	3:23:23	0:09:22	3:10:39	Mexico	
0919177f-e2e4-4e53-a86b-408b76f43029	99999	Juan Antonio Cordoba Jaime	M	M40-44	99999							Mexico	DNS
5878f978-fecd-47e0-80d5-7000e82c37e9	99999	Wayne Young	M	M55-59	99999							Canada	DNS
8d319a3c-b2fc-f011-8406-6045bd06566a	99999	Luis Moncada	M	M18-24	99999							Mexico	DNS
e4b78d4d-1347-f111-bec5-6045bd08b1a2	99999	Jaime Adrián Marín Sanchez	M	M30-34	99999		0:57:49	0:08:02	3:49:13	0:04:13		Mexico	DNF
41d046e2-c29d-412f-bf1e-d650823d72ab	99999	Alvaro Pulido Lozano	M	M45-49	99999		0:45:06					Colombia	DNF
16876643-8bfb-f011-8406-002248046451	99999	Cesar Diaz Ramirez	M	M25-29	99999							Mexico	DNS
987daf62-d502-f111-8406-6045bd08b1a2	99999	Karim Haddad	M	M18-24	99999							Mexico	DNS
faa839e6-b6b1-f011-bbd3-000d3a35ffc1	99999	Melissa Jouan-Sinke	F	F35-39	99999							Sint Maarten	DNS
e1a5ed15-ff39-f111-88b4-0022480b84a3	99999	Thil Arachchi	M	M40-44	99999		0:35:45	0:01:49				New Zealand	DNF
7d4b6fe4-6215-4c1e-b41c-69725b64d6bc	99999	Alicja Pyszka-Bazan	F	F30-34	99999							Poland	DNS
c54197dc-38ba-ef11-b8e8-000d3a5ae96c	99999	Nikol Schenk Pedroza	F	F25-29	99999							Mexico	DNS
6891dc44-05fb-f011-8406-0022480b35b6	99999	Maria eugenia Farias	F	F35-39	99999							Mexico	DNS
8b369be4-8264-f111-a825-0022480b35b6	99999	Fernanda Tecanhuey Guerrero	F	F25-29	99999							Mexico	DNS
bf6065e5-2eab-4b0c-a8fc-62eeba502a84	99999	Scott Hubbard	M	M55-59	99999							Mexico	DNS
a3cd9c0d-4a09-f111-8406-0022480b88da	99999	Jesus Menchaca Roldán	M	M18-24	99999							Mexico	DNS
d48c6821-2359-4805-b56b-4b4f377f2def	99999	Isaura C Reyes Rosas	F	F35-39	99999							Mexico	DNF
7fff4295-7994-4c36-92a4-a9e405d05517	99999	Omar Cervantes	M	M40-44	99999							Mexico	DNS
c80fb9b7-5c7d-4c06-9504-cafbdb994605	99999	Dimitri Fafutis	M	M55-59	99999	5:37:41	0:49:01	0:09:32	3:02:13	0:08:17	1:28:38	Mexico	DNF
5db14461-27d4-44a4-a006-19f49fa1ee38	99999	Matias Marquez	M	M55-59	99999							Argentina	DNS
30260a11-aefb-f011-8406-6045bd01ea76	99999	Alex Orihuela	M	M18-24	99999							Mexico	DNS
7ab5b202-7400-f111-8406-002248046ec8	99999	Dulce Marianna Vargas Ramírez	F	F25-29	99999							Mexico	DNF
83c0a1c3-204b-f111-bec5-7ced8d6f6eab	99999	José Antonio Montero Galicia	M	M35-39	99999	7:52:58	1:15:34	0:09:03	3:39:16	0:05:02	2:44:04	Mexico	
9664b481-393e-ef11-8409-000d3a367177	99999	Marcos Hollmann	M	M18-24	99999	8:50:21	1:13:39	0:07:06	3:57:16	0:04:23	3:27:56	Brazil	
5ecd695e-cc02-e911-a97e-000d3a34ed47	99999	Bianka Bonilla	F	F40-44	99999							Costa Rica	DNS
b6f41b07-b582-f011-b4cc-0022480c097c	99999	Jose Roque	M	M30-34	99999							El Salvador	DNS
7429797d-b333-f111-88b4-0022480994c2	99999	Max Castillo	M	M18-24	99999		0:52:33	0:09:45				Mexico	DNF
631fe7e3-bd56-f111-bec7-0022480b35b6	99999	JOSE MANUEL REYES	M	M40-44	99999	7:16:06	1:13:31	0:07:22	3:56:06	0:08:08	1:50:59	Mexico	DNF
b0f2444c-ba04-f111-8406-002248046ec8	99999	Diana Perez	F	F25-29	99999							Mexico	DNS
d22ee4d1-51b1-4ad1-8f08-1e1b0b5b8400	99999	Jeremy Flynn	M	M45-49	99999							United States	DNS
72339527-382d-4461-8132-853a3f6918df	99999	Nataly Jaramillo	F	F40-44	99999							Mexico	DNS
ff606e2e-9b57-f111-bec7-0022480b35b6	99999	Samuel Paredes	M	M45-49	99999							Mexico	DNS
13e08754-6236-4b6e-a0e8-fdbe43ea5ea3	99999	Roman Alejandro Salvatierra Reyes	M	M25-29	99999		0:34:53	0:05:54				Mexico	DNF
6869b529-0597-4ce4-91be-ea8e54f9669f	99999	Eduardo Alonso López Flores	M	M45-49	99999	6:24:36	0:51:41	0:14:48	4:04:19	0:06:44	1:07:04	Mexico	DNF
637bc7c3-5612-f011-998a-000d3a3173b5	99999	Guille Valderrama	F	F35-39	99999							Mexico	DNS
e406717c-44ce-f011-bbd3-6045bd09951e	99999	Omar Garcia	M	M30-34	99999							Mexico	DNS
b7eb5711-83e5-ee11-904d-000d3a314c24	99999	Luis Velázquez Sánchez	M	M50-54	99999	5:52:55	0:53:27	0:12:59	3:01:09	0:09:11	1:36:10	Mexico	DNF
67e96d4d-2708-f111-8406-0022480b88da	99999	José Emilio Romo Jaime	M	M18-24	99999							Mexico	DNS
6e1531a8-a3ea-4e74-b744-712a1da56ec8	99999	Valdez Miguel	M	M35-39	99999							Guatemala	DNS
d1f45a54-47fb-4620-b725-3a6a006cd0c8	99999	Ramirez Michel	M	M30-34	99999		1:01:55	0:10:58	4:04:26	0:04:10		Mexico	DNF
dc4adb77-9211-f111-8406-6045bd08b1a2	99999	Karol Baranowski	M	M40-44	99999							Poland	DNS
cf8a011b-d3be-48ee-a9ee-8482ef729661	99999	Mariana Rosas Huerta	F	F55-59	99999							Mexico	DNS
22d5a00a-143d-4862-8646-ba3eb904f519	99999	María Elizabeth Rodríguez Casillas	F	F25-29	99999							Mexico	DNS
4a4619a3-c9b2-f111-aaac-0022480a5755	99999	Ahmed rayyaan Riaz	M	M18-24	99999	7:04:56	0:23:48	0:06:52	3:29:03	0:08:01	2:57:11	India	DNF
47d9a46f-2834-f111-88b4-0022480b84a3	99999	Eduardo Velázquez Kuri	M	M25-29	99999	7:54:40	1:12:10	0:09:03	3:55:01	0:11:11	2:27:16	Mexico	
c72473bf-06d3-44cb-96fd-40e1db6ca785	99999	Vicente Suarez Salinas	M	M35-39	99999		0:33:53	0:04:52	3:10:40	0:04:04		Mexico	DNF
a15755c4-babc-ef11-b8e8-6045bd018d16	99999	Jorge Rodriguez	M	M40-44	99999							Puerto Rico	DNS
6885e760-5b6c-4262-9b3f-89bc40c3dd72	99999	Pablo Payan Flores	M	M18-24	99999							Mexico	DNS
e502bead-4b3c-f111-88b3-00224803f6a7	99999	Aleksander Casas	M	M35-39	99999	8:58:20	0:42:45	0:07:32	4:17:06	0:03:43	3:47:13	Mexico	
e1cad1ca-e8fa-f011-8406-0022480994c2	99999	SHIRLEY CRUMP		F50-54	99999	7:41:59	0:58:12	0:13:10	4:20:48	0:06:58	2:02:52	Mexico	DNF
8dd325ab-d69d-4d74-b3a8-69c147dfefd6	99999	Israel Lazcano	M	M45-49	99999		0:36:08	0:04:28	2:44:08	0:05:33		Mexico	DNF
2fd8b256-410e-491e-b4fa-93b8ea5d7c39	99999	Marco Aparicio	M	M45-49	99999	8:38:03	1:01:07	0:12:07	4:20:19	0:07:10	2:57:20	United States	
194d3088-756f-4472-a612-c5ae0db705de	99999	Donna Dean	F	F55-59	99999		0:44:43	0:07:54	4:30:23	0:06:09		Canada	DNF
b92d679e-9ac3-4f76-8f3a-7f22e897c4fe	99999	Alvaro Eloy Cerpa	M	M45-49	99999	8:58:21	0:42:38	0:11:58	4:03:16	0:06:45	3:53:44	Mexico	
36658d80-e916-ef11-9f89-000d3a59e106	99999	Elson Leopoldino	M	M45-49	99999							Brazil	DQ
f13bf12a-26fb-f011-8406-0022480b88da	99999	David Guzman Jimenez	M	M45-49	99999							Mexico	DNF
e394d245-f16f-413a-9ac5-d2e50793e0c9	99999	Israel De Lira Viveros	M	M45-49	99999		0:38:11	0:07:45	3:10:17	0:04:49		Mexico	DNF
dad101d7-efd4-4d5a-9497-52593a5062bc	99999	Benhadad Carrillo Valencia	M	M45-49	99999		0:40:25	0:06:19	3:09:43	0:05:37		Mexico	DNF
8c226db3-a4cf-f011-bbd3-000d3a5b50ba	99999	Alejandro Vargas	M	M25-29	99999							United States	DNS
bc940a34-4135-f111-88b3-6045bd08b1a2	99999	Diego Barra	M	M18-24	99999							Mexico	DNS
bcd28d0c-38d1-44c3-86b9-2c1756c7ee38	99999	Braulio Victor Campana Aguilar	M	M35-39	99999							Peru	DNS
e5daded1-e54a-4f64-8da1-478ef8ab32fd	99999	Marcelo Garza Herrera	M	M45-49	99999							Mexico	DNS
b5c08c42-47d9-ef11-8eea-6045bd048089	99999	Daniel Sierra	M	M35-39	99999	8:34:02	1:02:46	0:07:19	4:07:22	0:05:48	3:10:48	Mexico	
02a8ec81-8686-f011-b4cc-000d3a3173b5	99999	CARLOS ALBERTO ARANDA SALAZAR	M	M40-44	99999							Mexico	DNS
442226a1-0080-ee11-8179-000d3a314ae2	99999	Aaron Mendoza	M	M40-44	99999		0:52:14	0:08:37				Mexico	DNF
0e864f27-e2e8-f011-8544-000d3a5b7c3b	99999	JOHN SINKE	M	M55-59	99999							Sint Maarten	DNS
b7677160-9f22-4a1b-9e68-19217433ee41	99999	Alejandro Castro	M	M45-49	99999							Mexico	DNS
b5b8067b-9a19-f111-8341-002248081bd6	99999	Chad Lewis	M	M25-29	99999							United States	DNS
ccbe2ff2-87b8-4274-84ad-e46db689cc7a	99999	Gabriela Judith Leon	F	F60-64	99999	8:50:18	0:59:35	0:11:01	3:53:58	0:09:09	3:36:36	Mexico	DNF
912fd4d7-0745-f111-88b4-002248046451	99999	Sergio Villegas Villagomez	M	M30-34	99999							Mexico	DNS
bd434148-0bfb-f011-8406-0022480a5755	99999	Miguel Sandoval	M	M25-29	99999	7:02:31	1:12:41	0:05:30	3:15:07	0:04:42	2:24:32	Mexico	
8a79e71e-fd37-f011-8c4e-000d3a3173b5	99999	JESUS ENRIQUE KHAWAN HIDALGO	M	M35-39	99999							Venezuela	DNS
594b4e30-f1d5-f011-8544-000d3a3173b5	99999	Marcello Oliveira	M	M30-34	99999		0:47:40	0:08:24	4:25:49	0:03:45		Brazil	DNF
0f6ddce6-f418-4bd9-a5d3-02376f8f4642	99999	Raul Mendez Axotla	M	M25-29	99999							Mexico	DNS
28d0e17c-7324-eb11-a813-00224808bb10	99999	Ana Cecilia Castillo Alvarez	F	F40-44	99999							Guatemala	DNS
bce82121-534b-f111-bec5-0022480b88da	99999	Alberto Cibrián	M	M40-44	99999							Mexico	DNS
82a7f75e-e3c6-ef11-b8e8-000d3a5a403c	99999	Sandra Georgina Aceves Cahue	F	F30-34	99999	7:50:22	1:25:57	0:07:21	3:33:29	0:05:19	2:38:16	Mexico	
0bb0ce7a-218a-465f-bedf-3472bb7de26c	99999	Juan Manuel Ruiz Vazquez	M	M55-59	99999		0:49:35	0:05:47				Mexico	DNF
55ccc424-faca-f011-bbd3-000d3a3173b5	99999	EDUARDO PALENCIA	M	M30-34	99999							Mexico	DNS
b4a769e4-2147-ef11-a317-000d3a383830	99999	José Carlos Robles	M	M45-49	99999							Mexico	DNS
3b832a2f-1675-ea11-a811-000d3a5a1cf8	99999	Carolina Rivas	F	F50-54	99999							Mexico	DNS
57cbdc7f-e50a-f111-8406-0022480994c2	99999	Betsabe Jazmin García Aguirre	F	F30-34	99999							Mexico	DNF
c0e1e1c3-f761-f111-a825-0022480b88da	99999	Leonardo Bastianel	M	M18-24	99999							Brazil	DNS
54891a06-b60b-4279-802e-c51e7519fe43	99999	David Febres	M	M35-39	99999							Venezuela	DNS
15223bf2-6804-f111-8406-0022480b84a3	99999	Andrea Falcón Yuen	F	F18-24	99999							Mexico	DNS
7e655f24-397d-4d27-92c6-69743628a1b8	99999	Arpit Thakkar	M	M35-39	99999							India	DNS
38575af7-ee82-f011-b4cc-6045bd05fcc1	99999	Enrique Toriello	M	M40-44	99999							Guatemala	DNS
9eed4bf2-0ad5-f011-8544-6045bd09951e	99999	Harim Leal	M	M45-49	99999							Mexico	DNS
250de2cc-a881-4288-9927-0ce83aad8e1e	99999	ABBEY SAUNDERS	F	F40-44	99999		0:43:11	0:09:54	3:31:38	0:07:45		Canada	DNF
56fb88c5-faef-f011-8407-0022480b738e	99999	Oscar Zavaleta	M	M40-44	99999	7:25:02	1:10:17	0:10:42	3:16:47	0:10:29	2:36:47	Mexico	
18356302-516d-4e7b-b789-d23427c81bf5	99999	Angel Cruz Cruz	M	M60-64	99999							Mexico	DNS
e69526d5-45b4-f011-bbd3-000d3a3173b5	99999	Alejandro Castaño	M	M45-49	99999							Colombia	DNS
14c2ef13-5f18-f111-8341-0022480995bd	99999	Monica Holloway	F	F50-54	99999							United States	DNS
ca228d8e-c31f-40f2-8d78-93e4d1c2404c	99999	Israel Ordonez Centeno	M	M40-44	99999							Mexico	DNS
fe8dc775-4f53-ee11-be6f-000d3a314117	99999	Castuera Hector	M	M45-49	99999							Mexico	DNS
cd661f19-bdec-4ec5-8151-3da5d96dfffd	99999	Lino Ruiz	M	M55-59	99999							Mexico	DNS
ba1df469-c654-f111-bec6-0022480b88da	99999	Jesse Díaz	M	M30-34	99999							United States	DNF
e09336f8-3ac9-4296-bba8-7c4423b4204c	99999	Mitsuyuki Egawa	M	M50-54	99999							Japan	DNS
414a2eb3-f34b-40a4-a3b4-95216b3e521b	99999	Alejandro Torre	M	M45-49	99999							Mexico	DNS
3d4cab88-84fb-f011-8406-6045bd06566a	99999	Carlos Filho	M	M30-34	99999							Brazil	DNF
23264320-ed5d-f011-bec2-6045bd09951e	99999	YARID RIOS	M	M30-34	99999	6:54:50	1:14:54	0:06:26	3:10:03	0:03:53	2:19:33	Mexico	
c98aee89-4035-f111-88b4-002248046ec8	99999	Santiago Rosano	M	M18-24	99999		0:59:40	0:12:07	4:23:20	0:07:15		Mexico	DNF
254c8356-d5ff-f011-8406-002248046ec8	99999	Manuel Damian Martinez Molina	M	M35-39	99999							Mexico	DNF
e7f2e508-1f59-f111-bec7-0022480b84a3	99999	Jesús Endrick Medina Oscos	M	M25-29	99999	7:47:56	1:11:15	0:11:22	3:42:14	0:08:28	2:34:37	Mexico	
3a2cdd8d-a2b5-f011-bbd3-6045bd09951e	99999	Gaby Chabrand	F	F40-44	99999	7:57:27	1:16:38	0:13:21	3:18:59	0:09:13	2:59:16	Mexico	
e1901ba3-7876-430d-95c7-dbc2789c9446	99999	Gabriel Anaya	M	M25-29	99999							Mexico	DNS
4fc7f0b2-a60a-f111-8406-0022480b84a3	99999	Emiliano Arteaga Gomez	M	M25-29	99999		0:55:17	0:11:57	3:56:14	0:08:49		Mexico	DNF
322b8bd0-3014-f111-8406-002248046ec8	99999	Mauricio Cantú	M	M25-29	99999							Mexico	DNS
9ffffafa-8b1a-f111-8341-6045bd08b1a2	99999	Stephanny Lopez Velez	F	F30-34	99999							Colombia	DQ
f75a8903-3699-453e-b802-14307241862b	99999	Leonel Israel Rodriguez Rionda	M	M35-39	99999							Mexico	DNS
dc854503-09d8-48d6-a896-f03815d87683	99999	Ana Alvarez	F	F30-34	99999							Mexico	DNS
0f453a31-26fb-f011-8406-0022480995bd	99999	Adib Padilla	M	M45-49	99999							Mexico	DNS
0f3b45ba-cd27-438e-ae3c-34e6d5a5efa7	99999	Miguel Temblador Torres	M	M50-54	99999							Mexico	DNS
9f586acf-cc0a-f111-8406-002248046ec8	99999	Rosalinda Islas	F	F35-39	99999		2:18:29	0:02:04	4:14:36			Mexico	DNF
564bac3e-2274-4855-a923-b098a6b2d231	99999	Oscar Horacio Pacheco Magaña	M	M55-59	99999	8:33:14	0:51:09	0:10:46	4:03:05	0:07:41	3:20:33	Mexico	
5d932bbc-66ea-f011-8544-000d3a3173b5	99999	Arturo Ramirez	M	M35-39	99999							Mexico	DNS
7c3bffcf-3e17-f111-8341-6045bd0086d4	99999	Jorge Carrera	M	F45-49	99999							Guatemala	DNS
539d057e-0d43-46d1-9ea0-2a12e45acb8f	99999	Victoria Espinosa	F	F40-44	99999							Mexico	DNS
18270130-456a-40f5-bd73-f463f40006d1	99999	Rebeca Renteria Flores	F	F30-34	99999		0:45:13	0:08:08	3:03:10	0:07:56		Mexico	DNF
e2f86a34-5270-46c0-8ed0-cb1f758fb4ca	99999	Luis Isaza	M	M30-34	99999							Panama	DNS
4362a041-a28d-47ec-a832-e1106a785b1b	99999	Eduardo Alfredo Tijerina Cabrera	M	M35-39	99999							Mexico	DNS
009fec9f-6951-ef11-a317-6045bd010fe7	99999	Luis Donaldo Hernandez Sanchez	M	M30-34	99999	5:54:51	0:55:35	0:07:42	3:09:41	0:05:11	1:36:42	Mexico	DNF
f7c22817-5509-497a-a7bc-f60af9e86855	99999	Nestor Tous	M	M45-49	99999							Colombia	DQ
41fcadf3-c42f-4448-bf7c-a147ef35f478	99999	Rodrigo Guzman	M	M50-54	99999							Mexico	DNS
7bfdc84f-5c7e-4bd1-9aed-d9cea7fd1458	99999	Jason Roanhouse	M	M55-59	99999							United States	DNF
503191fd-fd00-ef11-a1fe-6045bd0158c4	99999	Sergio David Munguia Orozco	M	M30-34	99999							Mexico	DNS
7e5bff51-4964-f111-a826-0022480b84a3	99999	Mauricio Ramirez Gonzalez	M	M35-39	99999		0:40:26	0:05:10				Mexico	DNF
97b32775-bdfc-4f33-94e9-aa5c4bc5a462	99999	Francisco Ruiz Anitua	M	M45-49	99999							Mexico	DNS
09dc5a9e-101d-4873-9b20-409163f621bd	99999	Maritza Organista Díaz	F	F45-49	99999							Costa Rica	DNS
2737c62e-2a91-44f7-8778-5cb3ef1d75bd	99999	Edson Costa	M	M55-59	99999							Brazil	DNS
c7e1cf97-0348-f111-bec6-002248046ec8	99999	BYRON DAVIS	M	M60-64	99999		1:04:27	0:10:39				United States	DNF
bc64c4b2-321e-f111-8341-000d3a380b73	99999	Daniela Abigail Romero Cruz	F	F25-29	99999							Mexico	DNS
8c444f9a-28e3-4cce-b0cb-7f37f97a7b9a	99999	Pablo Andrés Lara Contreras	M	M35-39	99999							Mexico	DNS
43246e0f-12fb-f011-8406-0022480b88da	99999	Israel Navarro franco	M	M30-34	99999							Mexico	DQ
18328aa1-eb6d-4285-b73c-5fb63e66e8e3	99999	Juan Ignacio Chiusaroli	M	M30-34	99999							Argentina	DNS
396db75b-5984-4de5-b2d7-736a2bcd96f7	99999	Renaud Dehareng	M	M25-29	99999							France	DNS
df072afc-7d34-f011-8c4e-000d3a5c3d6c	99999	Xavier Ortega	M	M18-24	99999							United States	DNS
ecc0fb7d-2d03-f111-8406-0022480b35b6	99999	Gustavo Ortega	M	M30-34	99999	5:19:25	0:48:36	0:05:25			2:29:11	United States	DNF
6776d74f-5c77-4607-8fee-b72d4002f26a	99999	BREZNEV DE LA ROSA OSORIO	M	M40-44	99999							Mexico	DNS
50f0a120-7640-f111-88b4-0022480b84a3	99999	Isabella Orozco	F	F25-29	99999							Mexico	DNS
54b453b0-e6fa-f011-8406-0022480a5755	99999	Alberto Lara Flores	M	M25-29	99999							Mexico	DNS
2140b149-03f0-f011-8406-00224804c237	99999	Jorge Ordóñez Gutiérrez	M	M35-39	99999							Mexico	DNS
7e400fe5-9caa-ee11-be37-000d3a314c24	99999	Salomón Muralles	M	M40-44	99999							Guatemala	DNS
d5ee7bcb-bb1e-f011-998a-6045bd05fcc1	99999	Jonathan Yandle	M	M50-54	99999		1:04:33	0:15:14	3:53:26	0:10:45		United States	DNF
3865a096-4efd-f011-8406-0022480a5755	99999	Cesar Martin Morales Garcia	M	M30-34	99999							Mexico	DNS
c05d8220-12d9-4d9c-b436-79d79f95292a	99999	Humberto Vargas	M	M55-59	99999							Argentina	DNS
af19e3fc-0bac-40f3-99f8-a1ac420c6454	99999	Sergio David Hernandez Reyes	M	M45-49	99999							Mexico	DNS
bcc0ff37-0aea-403d-8655-940f85b91dc0	99999	Gerardo Guerra	M	M65-69	99999							Mexico	DNS
745ed593-9ad3-ef11-8ee9-000d3a5ae96c	99999	Pablo Reyes	M	M40-44	99999							Mexico	DNS
b345456a-2375-4120-9fb9-61551fd6da8f	99999	Airton Silva	M	M40-44	99999							Brazil	DNS
8f919d5c-da70-4bf2-bf7d-1b050d7868f0	99999	Patricia Colin Rivera	M	M30-34	99999							Mexico	DNS
ee9085e5-468a-48df-96d0-b4eb577b6f71	99999	Borja Rubio	M	M25-29	99999		0:46:39	0:09:43				Mexico	DNF
c1c170f6-3efb-f011-8406-002248046ec8	99999	Dehorali Miranda Arthur	F	F35-39	99999							Mexico	DNS
7b53cdb6-13f0-eb11-bacb-00224809aa82	99999	Allan Faulds	M	M60-64	99999		0:37:06	0:04:11	2:42:22	0:03:50		Canada	DNF
15e97980-db9e-f011-b41b-000d3a3ad8f1	99999	Jesus Ortiz	M	M35-39	99999							Mexico	DNS
86d8f15c-fbdc-ef11-8ee9-000d3a592251	99999	Antonio Mendizabal	M	M35-39	99999							Mexico	DNS
39f87986-01fb-f011-8406-002248046451	99999	Mariana Sanchez	F	F18-24	99999							Mexico	DNS
d2a1e1d6-5e09-f111-8406-6045bd06566a	99999	Itzel Vazquez	F	F50-54	99999							United States	DNS
b835cbb4-ae41-f111-88b3-0022480a5755	99999	jesus soto gonzalez	M	M35-39	99999							Mexico	DNS
5e2cff1a-a285-4d34-8735-d2fb05b4d0d7	99999	Borja Agudo Sansans	M	M35-39	99999							Mexico	DNS
46b06a6f-04f9-421d-a8d0-cc12d3e9a56e	99999	Alfonso Zamora Suasnavar	M	M45-49	99999							Mexico	DNF
79383f87-7125-f011-8c4d-000d3a35ffc1	99999	Brian Arian Espinoza Ceron	M	M25-29	99999							Mexico	DNS
457b8425-f269-4fbd-9503-eb8c7cf90341	99999	José Luis Diosdado Soriano	M	M40-44	99999		0:44:19	0:08:06	4:01:23	0:05:07		Mexico	DNF
4f562d6f-05fb-f011-8406-002248046ec8	99999	Amaia Lecumberri	F	F18-24	99999							Mexico	DNS
4e03517b-05fb-f011-8406-0022480b35b6	99999	Dinorah Moguel	F	F30-34	99999							Mexico	DNS
da4ad760-14e6-4c9f-b5e9-d7b216ecb30e	99999	Raul Zepeda Aguirre	M	M25-29	99999	8:38:08	0:59:10	0:10:34	3:46:21	0:06:03	3:35:59	Mexico	
5adade03-db24-4683-b8d2-0dc65104a0f0	99999	Ester Salazar Rojas	F	F40-44	99999							Costa Rica	DNS
db56aa48-3d02-f111-8406-0022480b88da	99999	Arturo Marcial Escamilla Euan	M	M30-34	99999	7:23:13	1:20:19	0:09:31	3:18:47	0:07:17	2:27:19	Mexico	
e9d99fac-ecc9-ef11-b8e9-000d3a3126fd	99999	Norman Burnett	M	M60-64	99999							United States	DNS
fa48747d-5109-4630-8080-7464b85052b5	99999	Evelyn Sosa	F	F25-29	99999							Dominican Republic	DNS
d7b93ec6-7ed3-4121-b7ca-bfef52d7b5c5	99999	Martin Kremenchuzky	M	PC/ID	99999	6:18:31	0:43:35	0:06:06	2:52:35	0:06:27	2:29:48	Argentina	
3fd173ad-bbef-4ac7-8e26-b63a38866585	99999	Humberto Díaz Coronato	M	PC/ID	99999	6:56:40	0:49:34	0:08:13	2:48:47	0:08:04	3:02:02	Mexico	
bae8f773-326d-f011-bec2-000d3a5b7c3b	99999	Guilherme Mortari Rodrigues	M	M35-39	99999	5:35:47						Brazil	DNF
2482a759-fbd8-42d3-82ba-0a414a4fe3f7	99999	Julie Salas	F	F55-59	99999							Bahamas	DNS
2eb72588-229a-425e-8c8a-64f5e737c344	99999	Agustin Mendoza Rincon	M	M60-64	99999	9:00:36	0:47:30	0:12:15	3:55:48	0:09:15	3:55:49	Mexico	
2211a5a7-58d4-4617-9294-5ccf5e1dfe0e	99999	Anthony Ruiz	M	M35-39	99999							Colombia	DNS
d87551f6-302d-f111-88b3-6045bd01b0df	99999	humberto astudillo	M	M45-49	99999							Mexico	DNS
8771975d-44e6-ef11-8eea-000d3a5ae96c	99999	Sara Celeste Beltran	F	M45-49	99999							Colombia	DNS
afb4af73-c50a-f111-8406-0022480b35b6	99999	Elias Dagdug	M	M18-24	99999							Mexico	DNS
98aa2930-3177-f111-ab0f-0022480a5755	99999	Gabriela Silva	F	F30-34	99999							Mexico	DNS
f9ea8232-5abb-ef11-b8e8-6045bd088264	99999	Karla Flores Cervantes	F	F35-39	99999							Mexico	DNS
2781a289-20c4-f011-bbd3-6045bd05f634	99999	Nahima Yuridia Ayala Grappin	F	F35-39	99999	4:45:59	0:42:14	0:05:26	2:56:21	0:05:50	0:56:08	Mexico	DNF
396db75b-5984-4de5-b2d7-736a2bcd96f7	99999	Renaud Dehareng	M	M50-54	99999		0:39:52	0:06:40				Belgium	DNF
17a73875-e064-4e7f-9c96-ee26ac8888ae	99999	Javier Orozco	M	M50-54	99999							Mexico	DNS
165e79df-debd-f011-bbd3-0022480c097c	99999	Gandhi Barradas	M	M18-24	99999	8:08:36	1:11:25	0:07:44	3:46:16	0:06:23	2:56:48	Mexico	
558097ba-64c8-ef11-b8e9-000d3a5a1803	99999	Nils Carstensen	M	M25-29	99999							Germany	DNS
32afa8c7-0a72-4a4d-9bfb-0c35239b29ff	99999	Andres De La Fuente Atilano	M	M25-29	99999							Mexico	DNS
5e4c96a5-5ca6-f111-b8de-6045bd06566a	99999	MARIA SABINA CIME UICAB	F	F30-34	99999							Mexico	DNS
31fd45a2-2209-455d-b2df-028877843f19	99999	Natalia Señkowski	F	F50-54	99999							Mexico	DNS
89cc9692-0604-4802-893f-80a6343d99cf	99999	Daniel Aceves	M	M40-44	99999							Mexico	DNS
68e410a5-feff-ee11-a1fe-6045bd0158c4	99999	Montserrat Dipp	F	F30-34	99999							Mexico	DNS
5fd4b5d6-6809-f111-8406-0022480b35b6	99999	Angel Balam Benitez Mata	M	M30-34	99999							Mexico	DNS
72ca0de4-5581-41f2-b81f-385e7a019dc2	99999	Miguel A Ramos	M	M60-64	99999							Venezuela	DNS
5e87f76b-e280-ea11-a812-000d3a5a1cf8	99999	Santiago Ulloa	M	M35-39	99999							Mexico	DNS
922a702a-eafa-f011-8406-7ced8d3bbd26	99999	Rachel Venegas castillo	F	F40-44	99999							Mexico	DNS
d3fc0d3e-c3c6-ef11-b8e8-6045bd088264	99999	Bryan Artemio Ulloa Góngora	M	M30-34	99999	8:39:51	1:05:29	0:10:06	3:51:36	0:05:27	3:27:14	Mexico	
