ContactId	Overall_Rank	Name	Gender	Division	Div_Rank	Total_Time	Swim	T1	Bike	T2	Run	Country	Status
3fe190d1-ed76-41e4-a8db-e4b0e33ecf54	1	Kiyan Sunderji	M	M18-24	1	8:26:53	0:57:27	0:03:26	4:27:37	0:01:28	2:56:55	CA	
525cb841-6955-4bcb-b2c4-b0a223cbf069	2	Luke Evans	M	M25-29	1	8:38:20	0:54:18	0:02:40	4:40:13	0:02:16	2:58:53	CA	
e886cfb7-2e6b-f011-bec3-000d3a3173b5	3	Trevor Harley	M	M35-39	1	8:40:18	1:06:57	0:03:46	4:34:31	0:02:24	2:52:40	can	
2da485c9-b6fa-4bdf-8c99-1881d8ea8bd1	4	Nicholas Thomas	M	M30-34	1	8:43:20	1:01:52	0:03:27	4:27:37	0:02:22	3:08:03	CA	
0a677069-52bf-4d52-bdda-813da9e2840e	5	Mathis Caron	M	M18-24	2	8:48:24	1:09:21	0:02:20	4:35:58	0:01:48	2:58:58	CA	
0e92e23b-8338-4a94-a23a-e46ec9a55c62	6	Jean-Baptiste Chamouleaud	M	M30-34	2	8:50:38	1:02:02	0:02:36	4:38:17	0:02:29	3:05:14	FR	
6022ce96-bd58-4c99-9f6d-a5fbe1d1e5b3	7	Charles Meilleur	M	M25-29	2	8:52:02	1:05:28	0:03:36	4:35:10	0:02:38	3:05:10	CA	
c32d0576-65d6-ea11-a813-000d3a5913bd	8	Alex Landry-Simard	M	M30-34	3	8:52:12	1:15:19	0:05:28	4:24:56	0:04:33	3:01:56	CA	
2b777f76-2803-4fb1-8a9e-f23c77cc4d2d	9	Nelson Alexander Doleman	M	M35-39	2	8:54:11	1:04:23	0:03:32	4:37:11	0:02:24	3:06:42	CA	
fbbb0393-d63e-4fc4-b027-c03b2849c802	10	Brad Fisher	M	M35-39	3	8:54:29	1:06:49	0:04:51	4:27:34	0:02:37	3:12:38	can	
b939dc42-2619-4f16-baf2-d2360491f5a1	11	Josh Seifarth	M	M35-39	4	9:03:23	0:57:35	0:02:32	4:35:54	0:03:16	3:24:06	CA	
981fb5cb-8329-4151-bbb1-236e1a43c1cf	12	Michael Nepton	M	M35-39	5	9:03:27	1:06:56	0:04:26	4:41:19	0:01:53	3:08:54	CA	
f4531de1-3816-4154-bde6-30b8d853f13a	13	Jesse Langevin	M	M35-39	6	9:03:42	1:06:14	0:04:44	4:36:14	0:03:26	3:13:05	CA	
835df6fd-60f3-46e0-bd99-ac6a622ea7a0	14	Caleb Bey	M	M18-24	3	9:05:35	1:05:53	0:02:37	4:33:53	0:02:27	3:20:46	US	
ed888b2f-77c7-49da-b4c8-70c7e2be1ef9	15	Maxime Brouillette	M	M40-44	1	9:06:57	1:13:54	0:04:28	4:25:55	0:03:04	3:19:37	CA	
b07ca84b-b479-49db-8e88-8b7bde72069d	16	Ben Besse	M	M30-34	4	9:09:19	0:58:53	0:03:09	4:33:02	0:03:26	3:30:50	US	
bc34a7c8-08cf-4ba1-9d60-acde6e61f6d5	17	Ariane Lalancette	F	F25-29	1	9:09:33	1:00:28	0:03:02	4:46:10	0:02:44	3:17:09	CAN	
ead540a5-778a-ef11-ac21-000d3a59a9a1	18	Louis Vallée	M	M18-24	4	9:09:42	1:12:44	0:05:41	4:48:43	0:02:41	2:59:52	CA	
4ea91897-1420-4e2f-a008-974fba22c084	19	Joshua Chang	M	M25-29	3	9:10:18	1:05:29	0:03:05	4:34:02	0:02:41	3:25:02	US	
5ab5a26e-8651-ed11-bba4-000d3a3130e8	20	Jake Wyatt	M	M30-34	5	9:10:34	0:54:21	0:03:23	4:44:18	0:02:55	3:25:38	usa	
cccad76d-1ba9-ee11-be37-000d3a31406e	21	Antoine Dupuis		M25-29	4	9:10:55	1:24:31	0:03:13	4:42:52	0:02:40	2:57:39	CAN	
c52ba8bd-003c-44fe-9e00-b6650eb7f80c	22	Guillaume Lalande	M	M40-44	2	9:11:23	1:15:07	0:02:50	4:30:09	0:02:36	3:20:40	can	
4eae3fae-ad32-40ef-951a-6bacb27b340c	23	Craig Hoogerwerf	M	M40-44	3	9:11:45	0:59:20	0:05:45	4:46:39	0:03:18	3:16:44	US	
376fcce4-6cc8-4092-9c5d-d403aadb0d71	24	Raphael Janssens	M	M45-49	1	9:12:21	1:13:59	0:05:00	4:31:15	0:02:21	3:19:45	BE	
ac8308a7-abee-4cd2-9a20-116aa26b9848	25	William Rooke	M	M25-29	5	9:12:41	1:10:26	0:02:43	4:38:10	0:03:49	3:17:33	CA	
74f0c826-d686-428d-a760-965f78cd6cdd	26	Alexandre Levesque	M	M35-39	7	9:13:01	1:12:47	0:03:06	4:31:53	0:02:43	3:22:32	CA	
5af88022-0428-4397-b260-5417a2ee70d2	27	Drew Scott	M	M30-34	6	9:15:22	0:56:11	0:04:07	4:39:36	0:04:06	3:31:22	US	
61eacaa8-aca4-4bc3-94bd-0ff8a492d60a	28	Eric Roy	M	M50-54	1	9:16:21	1:02:43	0:03:18	4:40:12	0:03:39	3:26:29	CA	
0a50846c-ce18-43d8-864f-f1a4ba994c10	29	Scott Catto	M	M30-34	7	9:16:29	1:08:56	0:02:14	4:41:32	0:02:18	3:21:29	US	
1a1d343e-790e-430f-8cc9-bf44c9fd8873	30	Jessey Elf	M	M30-34	8	9:17:22	0:53:56	0:02:13	5:02:44	0:01:35	3:16:54	CAN	
f5537dba-fb8b-401b-a9ed-2eb50db8394b	31	Michael Guidea	M	M25-29	6	9:18:18	1:04:52	0:03:13	4:37:22	0:02:31	3:30:20	CA	
20301a58-b044-400d-8e92-14687ca09854	32	Ryan Hiscox	M	M40-44	4	9:19:44	1:13:04	0:03:05	4:33:57	0:02:33	3:27:06	CA	
b0ce9406-5207-46d5-8f97-0d2890adc6c5	33	Sergio Soares	M	M35-39	8	9:19:55	1:08:58	0:03:10	4:38:33	0:02:44	3:26:29	CA	
d5ce6cd6-10ea-4d00-8781-ac52a86fb568	34	Bryan Rusche	M	M50-54	2	9:20:02	1:21:44	0:05:08	4:47:54	0:02:00	3:03:15	CA	
f5dfdf2d-d47f-488f-bc4e-82a80a1db677	35	Evert Lamb	M	M40-44	5	9:20:26	1:02:56	0:06:34	4:37:19	0:05:09	3:28:27	CA	
d581fcfa-a703-4342-804b-a9d321508e3d	36	Olivier Moraine	M	M40-44	6	9:20:29	1:15:24	0:03:09	4:42:36	0:02:55	3:16:26	CA	
c1d40c3e-c4ef-4d7e-b99c-0ec3951851ee	37	Patrice Brisindi	M	M55-59	1	9:20:50	1:05:16	0:05:31	4:41:34	0:05:16	3:23:13	CA	
723cd427-75fe-4e5c-b67f-85a3538f187e	38	Blake Fenlon	M	M18-24	5	9:21:14	1:05:09	0:03:24	4:40:49	0:02:44	3:29:09	CA	
d37cf5b9-c639-4d7e-811e-1591e7781cbc	39	Steven Boulianne	M	M35-39	9	9:21:28	1:09:01	0:05:26	4:51:53	0:03:41	3:11:27	CA	
d5e153af-033b-421e-b00a-5d93062e7e1e	40	Roger Menta	M	M40-44	7	9:21:57	1:14:26	0:04:30	4:37:54	0:03:35	3:21:33	CA	
75781d07-f443-ef11-8409-6045bd0953ac	41	Ian Ertzinger	M	M25-29	7	9:22:00	1:12:10	0:03:37	4:40:21	0:03:30	3:22:21	CA	
1abf1e2c-12fa-4ba9-8045-2a24c593f3a0	42	William Horkoff	M	M18-24	6	9:22:57	1:12:04	0:02:55	4:29:23	0:04:28	3:34:05	CA	
f387a4d1-1c8b-ef11-ac21-6045bd02949c	43	David Soen	M	M50-54	3	9:24:21	1:09:27	0:04:52	4:36:36	0:03:49	3:29:37	BE	
ba6347a5-3f07-488b-953b-73fc8ce1a33e	44	Ryan Briscoe	M	M45-49	2	9:25:57	1:10:45	0:02:53	4:51:35	0:02:17	3:18:27	USA	
169bc0dc-975d-4136-ab5e-a59f47b0ba89	45	Lishan Sharples	M	M35-39	10	9:27:30	1:11:10	0:04:29	4:50:43	0:04:15	3:16:52	CA	
7afe0d96-3a25-48dd-be93-b61aff4b2688	46	Justin Kerr	M	M45-49	3	9:28:15	1:29:25	0:07:26	4:35:25	0:03:02	3:12:57	CA	
d3ee59d2-0e26-42b4-a09e-1715ff97023e	47	George-Joseph Asher	M	M25-29	8	9:28:28	1:09:25	0:03:06	4:57:37	0:02:02	3:16:18	US	
6221d0cc-ef24-4d3f-baf2-5fda06506c32	48	Danovick Pitre	M	M25-29	9	9:28:37	1:11:29	0:02:32	4:48:12	0:02:46	3:23:38	CA	
126c9022-b329-4917-9f2d-02dd493cdfcf	49	Simon Paquette	M	M30-34	9	9:29:50	1:17:55	0:03:15	4:42:40	0:02:14	3:23:46	CA	
52b60d22-e90d-4523-a739-56f5510bfa03	50	Brendan Naef	M	M50-54	4	9:30:05	1:04:24	0:05:23	4:55:16	0:02:30	3:22:32	CA	
c980a9f4-ec87-43e2-bf62-fd78ecc2d021	51	Olaf Kasten	M	M50-54	5	9:30:16	1:05:17	0:04:49	4:49:30	0:01:46	3:28:55	MTQ	
8d69870a-3377-445f-88f3-d4b1fd75a727	52	Brendan White	M	M40-44	8	9:30:22	1:10:53	0:04:37	4:42:57	0:03:32	3:28:22	CA	
7c938ee2-fe7b-f011-b4cc-6045bd05f634	53	Grant Handrigan	M	M40-44	9	9:30:48	1:05:56	0:04:23	5:06:26	0:04:16	3:09:48	CA	
17fcac80-ef9e-ef11-8a6a-002248049fdc	54	Tomas Burke	M	M25-29	10	9:30:49	1:07:07	0:05:58	4:44:55	0:05:54	3:26:55	CA	
2b46124a-76d3-4d7f-887c-6f176c7bf047	55	Ryan Jones	M	M25-29	11	9:31:25	1:06:13	0:04:13	4:43:20	0:05:07	3:32:33	CA	
8362ad32-cbd3-4f48-9a9b-46b7b97923a4	56	Arek Podziewski	M	M50-54	6	9:32:43	1:16:02	0:03:44	4:30:09	0:02:58	3:39:50	pol	
bfc67883-72a8-ef11-b8e8-6045bd088264	57	Alexandre Le Blanc	M	M25-29	12	9:32:44	1:01:04	0:04:17	4:38:40	0:02:45	3:45:57	CA	
4802fd6f-5adb-470a-b603-8f7df7d5831e	58	Bryan Little	M	M35-39	11	9:32:55	1:14:13	0:06:03	4:40:28	0:05:20	3:26:50	CA	
2eccabb2-2262-4b36-833e-79eb1c99ee5d	59	Andrew Roberts	M	M45-49	4	9:33:05	1:11:07	0:03:36	4:47:27	0:02:54	3:28:00	CA	
7cd5d4d5-7587-475a-823b-26fa4f8ab3cf	60	Martin Lavigne	M	M25-29	13	9:33:41	1:16:52	0:02:18	4:42:15	0:02:11	3:30:04	CA	
ab3d2eb7-972a-46fa-b87c-34a2fcc33584	61	Andrew Flanagan	M	M35-39	12	9:34:05	1:06:26	0:03:55	5:00:01	0:03:11	3:20:33	CA	
978c8919-8fef-4c5d-96a6-b9456d5bb682	62	Nicholas Kerr	M	M30-34	10	9:34:29	1:11:36	0:03:41	4:54:06	0:02:39	3:22:27	CA	
de5391af-ceec-4d50-a737-f2d3228acea2	63	Chris Foster	M	M30-34	11	9:35:04	1:10:18	0:02:16	5:00:27	0:02:06	3:19:58	CA	
8578109c-0b42-4a93-9cca-d5c20e32cd18	64	Daniel Vincent	M	M40-44	10	9:36:26	1:08:37	0:05:18	4:51:26	0:05:27	3:25:38	CA	
b66c52ea-5a96-ef11-8a6a-000d3a59a9a1	65	Alexandre Geoffroy	M	M25-29	14	9:37:11	1:10:20	0:03:33	5:01:42	0:02:37	3:18:59	CA	
67fa2091-f4cf-f011-bbd3-000d3a3173b5	66	Aaron De Jong	M	M25-29	15	9:37:36	0:58:46	0:03:11	5:14:01	0:04:35	3:17:02	CAN	
4cf7bc8f-c1e3-4bb1-b000-839c64a392c7	67	Soheyb Lazrak	M	M35-39	13	9:38:00	1:13:34	0:04:01	4:58:58	0:03:57	3:17:30	MA	
e8d49b8b-a5a7-40c3-b95b-288bd127525b	68	Matthew Dexter	M	M40-44	11	9:38:05	1:19:16	0:03:58	4:50:59	0:03:11	3:20:41	CA	
7a78123d-7bea-459c-b174-e916fbec8b6e	69	Victor Cheeney	M	M25-29	16	9:38:11	1:07:41	0:03:44	5:04:40	0:02:36	3:19:31	CA	
e28f37ad-164a-44b8-a33f-afa2c9e3815f	70	Brett Faro	M	M40-44	12	9:38:35	1:11:15	0:03:52	4:51:21	0:04:36	3:27:30	US	
48ce7505-aaff-496b-8867-6beae3dfd119	71	Frederic Leroux	M	M40-44	13	9:38:44	1:19:39	0:04:47	4:56:54	0:03:27	3:13:57	CA	
ab6af021-4308-4ffb-8375-54c05548b6a5	72	Pierre Olivier Arès	M	M30-34	12	9:39:03	1:24:36	0:03:35	4:46:41	0:02:13	3:21:58	CA	
ff38d9de-04d1-ef11-8ee9-000d3a5ae96c	73	Jericho Balgos	M	M18-24	7	9:39:46	1:00:42	0:04:39	4:48:25	0:03:49	3:42:10	IE	
5e702705-63d8-4c5e-8072-8bec5a421727	74	Stella Kyriacou	M	M40-44	14	9:40:14	1:21:16	0:04:09	4:49:10	0:02:45	3:22:54	can	
1a0eb8a2-5cee-4ecc-ba78-5e9830dfd4f3	75	Antonino Alpha Olefs	M	M30-34	13	9:41:21	1:13:34	0:03:38	4:55:10	0:02:55	3:26:04	bel	
11a2d8fa-fc60-f011-bec3-000d3a35ffc1	76	Baptiste Nelaton	M	M25-29	17	9:41:54	1:11:19	0:04:50	5:03:34	0:04:29	3:17:43	CA	
b5ebb21c-cd4e-4980-a2c2-13acfb549426	77	Ludo Ros	M	M40-44	15	9:42:04	1:12:36	0:03:04	4:53:00	0:02:12	3:31:13	CA	
13798053-ef7f-4e8f-91ce-521a577a9a99	78	Adao Oliveira	M	M40-44	16	9:43:08	1:00:47	0:06:10	5:06:33	0:02:49	3:26:49	CAN	
d6882548-ca73-f011-bec2-000d3a5b7c3b	79	Martin SIMONEAU	M	M18-24	8	9:43:14	1:03:52	0:04:30	4:56:00	0:03:56	3:34:57	CA	
a0249adf-12c9-4763-a85b-5d69a57bd896	80	JP Bergeron	M	M40-44	17	9:43:28	1:05:37	0:03:08	4:40:59	0:02:32	3:51:12	CA	
6b957f99-915a-4d38-b805-7d97a3d0e449	81	Brandon Shamis	M	M25-29	18	9:44:29	1:21:45	0:04:22	4:46:22	0:04:55	3:27:06	can	
a662c3de-a773-f011-bec3-000d3a3173b5	82	Joey Tardif	M	M30-34	14	9:47:19	1:10:00	0:07:15	5:01:33	0:07:28	3:21:03	CA	
328cd540-409d-4a63-a498-d2a4d244f862	83	Adam Templeton	M	M35-39	14	9:47:27	1:12:19	0:04:47	4:57:01	0:04:50	3:28:30	can	
dcd8bd9e-f551-4109-981b-6a34e00b7735	84	Jonathan Dion	M	M35-39	15	9:47:46	1:15:24	0:04:16	5:17:44	0:05:20	3:05:02	CA	
442a6d74-24b8-4514-b894-9ec41e6adf70	85	Thomas Lajoie	M	M25-29	19	9:48:01	1:16:39	0:05:11	4:24:07	0:03:23	3:58:40	CA	
36cb9543-9134-4628-98de-8c0283c3d0b9	86	Jesse Bruce	M	M45-49	5	9:49:11	1:24:01	0:04:00	4:41:26	0:04:34	3:35:09	CA	
0364544f-6191-ee11-be37-000d3a314329	87	Kharim Schliewinsky	M	M55-59	2	9:49:37	1:12:34	0:03:40	4:55:10	0:02:32	3:35:40	CAN	
ffa936dd-06fc-450b-b943-005681a69298	88	Samuel Soucy	M	M18-24	9	9:49:41	1:07:22	0:04:12	5:15:36	0:04:33	3:17:59	CA	
201653e3-20dd-4fa3-b09f-40dfd3163fe8	89	Hussein Al-Mufti	M	M40-44	18	9:49:58	1:06:34	0:04:22	5:02:46	0:05:53	3:30:23	can	
b4362b52-286b-f011-bec3-000d3a3173b5	90	Brett Smith	M	M30-34	15	9:50:07	1:17:16	0:02:11	4:55:25	0:02:24	3:32:51	CAN	
2ab8cca0-3e77-42d0-b27a-90d1ee23a7bf	91	Beukes Vorster	M	M50-54	7	9:51:08	1:02:51	0:05:21	5:10:01	0:04:37	3:28:18	can	
0bff16c7-345c-ec11-8f8f-000d3a370199	92	Julien Laroche	M	M30-34	16	9:51:44	1:12:10	0:07:24	5:07:47	0:04:54	3:19:30	CA	
42789136-8b72-4c63-9917-160ab502f712	93	Robyn Hardage	F	F45-49	1	9:52:33	1:07:17	0:04:06	5:06:35	0:02:22	3:32:13	CA	
bfe25088-cd42-ef11-8409-000d3a383830	94	Mathis Roy	M	M18-24	10	9:52:35	1:17:03	0:05:15	5:07:59	0:04:15	3:18:02	CA	
8edfa23e-80ab-429b-878a-0652b5875778	95	Maxime Pruneau	M	M40-44	19	9:52:40	1:13:04	0:05:19	4:54:31	0:03:40	3:36:06	can	
aa2704d7-fc93-f011-b4cc-6045bd05fcc1	96	Christophe Blais	M	M18-24	11	9:53:33	1:09:25	0:11:51	4:53:02	0:05:19	3:33:57	CA	
3b90b90f-1060-479a-a1d1-be45fe53242a	97	Ethan May	M	M25-29	20	9:54:04	1:01:29	0:06:56	4:51:21	0:05:34	3:48:44	US	
d02620b5-c973-f011-bec2-000d3a5b7c3b	98	Anthony Fontaine	M	M30-34	17	9:54:06	1:15:54	0:05:43	5:09:07	0:04:30	3:18:52	FR	
986fa454-1abe-47fa-8bc8-7a2ee9ad0325	99	Hannah Fraser	F	F45-49	2	9:54:08	1:02:30	0:03:20	5:21:32	0:02:54	3:23:51	CA	
32ca971d-b673-45d8-9693-8540e05babf6	100	Jared Bourque	M	M25-29	21	9:54:21	1:22:14	0:02:55	4:59:45	0:03:19	3:26:07	CA	
b76cf4ee-6890-4907-8eec-d788cfbe0238	101	Alex Kellerman	M	M30-34	18	9:54:26	1:06:08	0:04:02	4:49:49	0:03:06	3:51:21	CA	
e7e54ca7-328b-f011-b4cc-000d3a3173b5	102	Aaron Admiraal	M	M25-29	22	9:54:43	1:05:39	0:03:41	5:04:58	0:02:24	3:38:02	US	
1d739972-dc17-42c1-882d-9437c697842d	103	Paolo Stasi	M	M45-49	6	9:54:59	1:11:16	0:05:24	4:29:56	0:04:47	4:03:37	US	
c5b8c767-c59b-49b8-bafe-95009277cf93	104	Greg Galloway	M	M40-44	20	9:55:41	1:11:28	0:06:09	5:07:43	0:06:14	3:24:07	CA	
08664bbb-0737-436c-aae0-1d9052ad1274	105	Janusz Mucha	M	M35-39	16	9:55:52	0:59:00	0:04:35	4:58:09	0:04:06	3:50:01	can	
51f4b1ef-0f2b-49f9-96f1-a4eeeaf753d5	106	Thomas Kowal	M	M45-49	7	9:56:10	1:09:27	0:04:29	4:49:25	0:04:47	3:48:02	US	
460fd292-d300-ef11-a1fd-000d3a5a4ecf	107	Madeline Schmidt	F	F30-34	1	9:56:17	1:06:48	0:03:29	5:02:23	0:06:10	3:37:27	CA	
6581f301-b407-4d9c-a1fd-4b0090ee0d2c	108	niels olsen	M	M40-44	21	9:56:21	1:27:48	0:04:35	4:51:38	0:05:10	3:27:10	MQ	
834754a3-9999-44a9-96d1-6e97e3f99e8f	109	Christian Pickering	M	M40-44	22	9:56:32	1:09:35	0:05:07	4:59:05	0:04:28	3:38:17	CA	
fe68d840-4b3e-4bb8-91ac-06dd40c3bdcf	110	Pieter Wijnhoven	M	M45-49	8	9:56:44	1:13:32	0:03:40	4:55:46	0:03:43	3:40:04	NL	
dfbd5845-42d1-4ae6-ac87-54e8dc17d780	111	Lauren Cadel	F	F30-34	2	9:56:49	1:18:09	0:02:41	5:07:58	0:02:05	3:25:56	can	
25b9bb9b-c8ec-ea11-a817-000d3a5913bd	112	Christina Charles	F	F35-39	1	9:57:05	1:04:07	0:03:42	5:13:19	0:05:06	3:30:50	CA	
2a0a1b2e-7571-4f70-98e1-5a62b05621e6	113	Hayden Clark	M	M30-34	19	9:58:02	1:07:23	0:04:21	4:51:11	0:02:35	3:52:31	CA	
56f1dfe0-9d56-4ae9-a160-59af5da4e4de	114	Julien Bellerose Dumontier	M	M30-34	20	9:59:02	1:09:34	0:05:05	5:05:45	0:02:54	3:35:45	CA	
5449b3c7-69f4-4ba6-b754-52bf3a641165	115	Wilhelm Menet	M	M35-39	17	9:59:20	1:05:22	0:07:52	5:20:38	0:08:23	3:17:04	CA	
c1e77535-31e7-ef11-8eea-002248049fdc	116	Jaxon Chisholm	M	M18-24	12	9:59:31	1:08:26	0:02:36	5:12:30	0:03:58	3:32:02	CA	
2343ef96-4550-ef11-a317-000d3a383830	117	Olivier Comeau	M	M25-29	23	9:59:32	1:28:13	0:03:45	5:08:50	0:02:55	3:15:50	can	
ee1b8275-5871-f011-bec3-6045bd05fcc1	118	Martin Degallaix	M	M35-39	18	10:00:10	1:08:38	0:03:50	4:52:49	0:03:13	3:51:40	CA	
c8ee30f5-b4fc-ee11-a1fe-000d3a5c3552	119	Brad Vlaming	M	M35-39	19	10:00:39	1:10:18	0:04:14	5:04:11	0:02:30	3:39:26	CA	
3742a0d8-b4ad-4917-a425-f8b7f7c553cf	120	Simon THIVIERGE	M	M35-39	20	10:00:47	1:13:19	0:07:31	5:02:23	0:05:12	3:32:22	can	
84d32a6b-c92e-4274-b600-b03ac65c6383	121	Garrett Hookey	M	M35-39	21	10:00:50	1:07:26	0:03:06	5:02:10	0:03:24	3:44:44	can	
e49a8e96-2f42-ef11-8409-000d3a348633	122	Kurt Vongrad	M	M30-34	21	10:01:02	1:10:48	0:03:23	5:12:12	0:04:02	3:30:37	CAN	
674f1369-2580-ef11-ac21-000d3a5b3d07	123	Hugolin Pinard	M	M30-34	22	10:01:36	1:15:01	0:05:22	4:50:37	0:05:59	3:44:37	can	
4f40af27-16b9-47b5-863c-05f318988f37	124	Dominik Rymsza	M	M35-39	22	10:01:44	1:03:26	0:04:55	4:51:18	0:05:20	3:56:45	CAN	
75b038b1-3457-4179-b169-eb414a9520f3	125	Rachelle Dion	F	F25-29	2	10:01:59	1:03:54	0:04:41	5:22:16	0:02:25	3:28:43	CA	
0939646a-13d4-48d8-baf9-533c013c21b9	126	Adam Pope	M	M30-34	23	10:02:01	1:17:14	0:04:08	5:12:22	0:02:06	3:26:12	CA	
e6f4b63f-d4b9-f011-bbd3-000d3a3173b5	127	Benjamin Horner	M	M18-24	13	10:02:33	1:14:42	0:03:59	5:10:08	0:03:36	3:30:08	CAN	
df73fcc8-3657-4947-9dca-abe547c2e2d6	128	Philippe Auclair	M	M25-29	24	10:02:50	1:07:05	0:03:13	4:55:48	0:04:13	3:52:31	CA	
31cd85d9-a769-f011-bec2-0022480c097c	129	Declan TRUEMAN	M	M25-29	25	10:03:10	1:10:47	0:05:44	5:15:35	0:06:37	3:24:28	can	
f4f38f0a-7168-ee11-9ae7-000d3a5ca14e	130	Sydney Moulton	F	F25-29	3	10:03:28	1:07:11	0:03:37	5:22:09	0:03:23	3:27:07	CA	
75062b70-0eda-4b03-b4aa-cd44ac7ea766	131	Julien White	M	M18-24	14	10:04:04	1:08:17	0:06:48	5:08:44	0:04:46	3:35:28	CA	
bf33063b-2695-46f9-a8c3-15705b208115	132	Cyril Neirynck	M	M55-59	3	10:04:21	1:25:52	0:05:06	4:52:09	0:04:35	3:36:40	CA	
f288b30a-83e6-4606-b34a-147635878ad3	133	Antoine Marliac	M	M35-39	23	10:04:45	1:17:27	0:06:15	4:57:49	0:04:52	3:38:22	CA	
82a53bcb-6101-ea11-a811-000d3a5a1bfb	134	David Helms	M	M45-49	9	10:04:56	1:07:39	0:03:57	4:37:59	0:03:25	4:11:57	US	
c42e096c-21e4-45ee-bcbb-1b741dd534c9	135	Maxime Frenette	M	M30-34	24	10:05:06	1:16:01	0:05:10	5:03:58	0:03:41	3:36:16	CAN	
e3bf3f20-9eeb-4746-8b2a-58a7db6cfe37	136	Lauren Lipsey	F	F40-44	1	10:06:01	1:08:46	0:03:05	5:01:10	0:02:13	3:50:47	USA	
2445e90f-b564-4700-a9dd-700320da890e	137	Brady Johnson	M	M30-34	25	10:06:43	1:15:43	0:05:54	5:03:16	0:07:02	3:34:48	CA	
4653ce2c-31f2-ec11-bb3d-000d3a376a56	138	Tom Licha	M	M30-34	26	10:07:10	1:13:14	0:05:08	5:01:02	0:05:31	3:42:15	CA	
85c315d6-5607-4955-8889-708333417fde	139	Adam Bouchard	M	M18-24	15	10:07:13	1:07:40	0:03:04	5:10:16	0:01:58	3:44:15	CA	
2c0ec670-a725-ef11-840a-00224803a83a	140	Michael Beck	M	M50-54	8	10:07:16	1:14:47	0:02:44	4:58:45	0:02:41	3:48:19	deu	
5ce0be6c-a6d5-4e1c-804d-d5967e141a83	141	Marc Charlebois	M	M40-44	23	10:07:41	1:18:10	0:06:38	5:20:47	0:08:38	3:13:28	CA	
d75556c4-55a4-474a-ae1e-ea3b5a37f56a	142	Steffen KARLSSON	M	M35-39	24	10:07:50	1:12:41	0:03:21	5:08:17	0:03:06	3:40:26	dnk	
6df8bd5a-b468-ec11-8941-002248090cb7	143	Matthieu Besse	M	M35-39	25	10:08:20	1:16:30	0:04:17	5:15:11	0:03:59	3:28:24	CA	
b5bca4e6-fd71-f011-bec3-6045bd05fcc1	144	Michael Holmes	M	M25-29	26	10:08:56	1:11:27	0:04:32	5:25:44	0:03:05	3:24:08	CA	
d8b634c4-406b-444e-9683-6af9abc8b7c6	145	François-Hubert Leduc	M	M25-29	27	10:08:59	1:20:30	0:04:36	4:48:38	0:03:12	3:52:02	CA	
ee79cb25-0e9b-474b-bbbd-046d540b385c	146	Mohamed Ali Rahmouni	M	M35-39	26	10:09:20	1:26:13	0:05:54	5:11:13	0:05:22	3:20:39	MA	
912b1f02-776a-47bb-b047-7a82b4368a9c	147	Rafael Silva	M	M35-39	27	10:09:39	1:34:22	0:02:42	5:03:25	0:02:37	3:26:34	CA	
7b574aef-efd2-ef11-8eea-000d3a3126fd	148	Ryan Frehlick	M	M30-34	27	10:10:05	1:12:04	0:03:52	5:06:16	0:03:48	3:44:06	CA	
72bde2b5-f86d-4f17-9dc9-66842f88dcb5	149	Fabrice Paquet	M	M50-54	9	10:10:08	1:07:34	0:06:03	5:05:04	0:05:37	3:45:51	CA	
ac1e8ada-11a6-4c61-a410-dee00dfbcf66	150	Paul McAneney	M	M55-59	4	10:10:25	1:10:37	0:04:58	4:52:07	0:04:08	3:58:35	CA	
9503e934-6d5b-447d-a581-fab9dc412986	151	Caitlin Gulik	F	F35-39	2	10:10:58	1:02:05	0:04:35	5:10:51	0:03:54	3:49:34	CAN	
e00ea7bc-992e-ef11-840a-000d3a348633	152	Jérémi Lévesque	M	M18-24	16	10:11:56	1:21:18	0:03:24	4:58:04	0:02:39	3:46:31	CA	
91a15f06-a240-f011-b4cb-6045bd05fcc1	153	yohan penasse	M	M18-24	17	10:11:56	1:16:57	0:04:26	4:55:05	0:03:54	3:51:33	CA	
f96f2341-b050-4ad9-a086-d95516a042cc	154	Jake Rivers	M	M35-39	28	10:12:19	1:03:08	0:03:09	5:15:07	0:05:06	3:45:50	CA	
2ab700a8-c3b9-4a0f-890a-f851e818fe20	155	Trent Gordon	M	M30-34	28	10:12:49	1:18:23	0:06:11	4:43:51	0:05:29	3:58:55	US	
1e92ec45-a380-ea11-a812-000d3a5a1cf8	156	Lee Hunt		M50-54	10	10:13:20	1:13:12	0:06:43	5:16:01	0:04:33	3:32:52	US	
8753da0e-ef80-4dda-b24e-bc874084c5f9	157	Solom Neto	M	M40-44	24	10:13:37	1:15:35	0:04:14	5:23:48	0:03:09	3:26:52	CA	
97c5ff7f-759d-f011-b41c-000d3a35ffc1	158	Alexandre Drouin-Raymond	M	M35-39	29	10:13:38	1:13:36	0:08:50	5:02:12	0:07:05	3:41:55	CA	
a38b67f8-fda1-f011-bbd3-000d3a5b50ba	159	Arnaud Latreille	M	M18-24	18	10:13:44	1:07:50	0:08:41	5:15:34	0:06:22	3:35:18	CA	
00c2351e-8db8-44e9-9503-4629379bc3a8	160	Matthieu Gagnon	M	M30-34	29	10:13:47	1:19:38	0:05:55	5:07:28	0:03:10	3:37:36	CAN	
1edfad81-3bca-49e8-a60b-d1236246a636	161	Michael Quintos	M	M35-39	30	10:14:13	1:27:31	0:04:01	5:10:43	0:03:25	3:28:33	US	
b1e3e378-48c4-4c5e-afef-a53358bcb58c	162	Pier-Olivier Crack	M	M25-29	28	10:14:17	1:14:19	0:04:17	5:05:19	0:03:55	3:46:27	CA	
aea778d9-8b9c-f011-b41c-000d3a3173b5	163	Liam MacPherson	M	M18-24	19	10:14:25	1:17:30	0:07:31	5:14:40	0:06:06	3:28:37	CA	
7114ff46-f2cd-ef11-b8e8-6045bd018d16	164	Simon-pierre Comeau	M	M35-39	31	10:14:37	1:26:17	0:05:31	5:17:38	0:03:42	3:21:30	CA	
5dc886bd-efe6-ef11-8eea-000d3a5ae96c	165	Paul Pahulje	M	M30-34	30	10:14:48	1:20:46	0:09:52	4:54:27	0:08:14	3:41:28	CA	
a26b5a31-41ad-f011-bbd3-6045bd09951e	166	Jacob Ringma	M	M18-24	20	10:14:50	1:15:51	0:04:05	4:49:41	0:02:27	4:02:46	CA	
6ddb8bad-f0a9-f011-bbd3-000d3a5cf7d8	167	DANIEL BERTIN	M	M25-29	29	10:14:50	1:21:18	0:04:20	5:18:58	0:03:11	3:27:04	CA	
f2168862-e7f6-4f14-bb8d-a5d8447ad246	168	Seth Bitting	M	M50-54	11	10:14:52	1:17:27	0:04:01	4:56:43	0:04:27	3:52:14	CA	
e480a86f-fbd9-4680-b7ee-2ee671d5a0bf	169	Germain Laigle	M	M30-34	31	10:15:28	1:14:45	0:05:26	4:56:57	0:04:32	3:53:48	CAN	
db8f11ed-b9d2-40dc-87d6-bfb57ff9d1da	170	Alastair Price	M	M35-39	32	10:15:44	1:16:44	0:04:23	5:02:00	0:03:09	3:49:28	CA	
c6fa46eb-82ff-ee11-a1fe-6045bd0158c4	171	Alec Main	M	M60-64	1	10:15:47	1:07:49	0:05:49	5:00:08	0:04:20	3:57:41	CA	
420729a5-6406-4cb5-983a-8162b18d4846	172	Kenton Wilkinson	M	M30-34	32	10:15:48	1:04:03	0:02:46	5:21:42	0:03:06	3:44:11	CA	
bfa69085-7187-f011-b4cc-000d3a3173b5	173	Félix Bédard	M	M18-24	21	10:16:18	1:24:04	0:08:37	5:18:01	0:05:56	3:19:39	CA	
47e025c9-ff96-4207-9203-3e94758bac5a	174	Jonas Caruana	M	M40-44	25	10:16:23	1:21:13	0:06:17	4:50:58	0:05:52	3:52:03	CA	
194cfc31-b229-423b-b43e-cd14c0c505f3	175	Olivié Dupuis	M	M25-29	30	10:16:33	1:13:54	0:06:15	5:15:37	0:04:00	3:36:47	CA	
47244110-9c8f-ee11-8179-0022480acaa6	176	Alexandre Legault		M25-29	31	10:16:34	1:20:11	0:04:27	5:10:31	0:05:28	3:35:57	CA	
e18d7240-3882-4839-9bb6-78f117aff762	177	Matthew Shriner	M	M25-29	32	10:16:37	0:56:14	0:04:47	5:15:35	0:08:41	3:51:20	US	
7c341865-daf4-e911-a812-000d3a5a1f86	178	Andrew Marion	M	M25-29	33	10:16:39	1:13:29	0:04:15	4:57:15	0:06:41	3:55:00	can	
139e4d6d-9283-ef11-ac21-000d3a59a9a1	179	Anthony Fluet	M	M30-34	33	10:16:40	1:21:43	0:04:51	5:04:12	0:03:51	3:42:02	CA	
cefb982c-e0b0-f011-bbd3-000d3a35ffc1	180	Porter Shawver	M	M18-24	22	10:17:00	1:11:32	0:03:20	5:24:29	0:04:16	3:33:22	USA	
856c3131-8696-f011-b4cc-000d3a5cf7d8	181	Dan Moore	M	M40-44	26	10:17:10	1:10:38	0:05:58	5:05:34	0:04:25	3:50:35	CA	
44e9ccdd-cee5-436a-9934-3266a54d3107	182	Brian Lafleur	M	M40-44	27	10:17:31	1:17:05	0:05:14	5:04:57	0:05:13	3:45:01	CA	
916eba4f-a8e9-f011-8544-000d3a5b7c3b	183	Ahmad Ibrahim	M	M18-24	23	10:17:52	1:05:00	0:07:01	5:12:51	0:04:17	3:48:44	CAN	
8fe1ca28-06fb-4c14-b712-520134a64c34	184	Nenad Ciric	M	M35-39	33	10:18:03	1:08:31	0:03:29	5:18:23	0:02:25	3:45:15	US	
d9296d0a-7a46-47d9-9a79-23d7f940acb5	185	Eric Drolet	M	M50-54	12	10:19:00	1:12:35	0:04:22	5:06:30	0:04:25	3:51:07	CA	
651424e0-f9fb-474a-acd2-93743b823714	186	Kentyn Decemme	M	M25-29	34	10:19:44	1:23:20	0:07:55	5:17:09	0:04:15	3:27:05	CA	
faec6061-e7fa-f011-8406-0022480b84a3	187	Sergio Raez Villanueva	M	M25-29	35	10:20:39	1:11:11	0:05:35	6:13:08	0:08:52	2:41:53	CAN	
3cf48db5-b280-ed11-81ad-000d3a313cdf	188	Sarah-Pascale Cousineau	F	F25-29	4	10:20:39	1:23:06	0:04:53	5:10:57	0:02:54	3:38:50	CA	
a525a4cc-fa2f-ef11-840a-000d3a367177	189	Gavin Westbrook	M	M25-29	36	10:20:44	1:12:37	0:04:52	5:23:56	0:05:41	3:33:39	CA	
5530894a-8de7-4454-a505-1dbaf36eabb3	190	Eli Cornblath	M	M30-34	34	10:20:50	1:02:28	0:05:45	5:05:16	0:08:44	3:58:37	US	
cebc4f4b-3b15-ee11-8f6e-000d3a314cac	191	Vincent Bourdeau	M	M25-29	37	10:20:51	1:33:31	0:02:43	5:10:44	0:02:59	3:30:55	CA	
9937d959-4704-f111-8406-002248046ec8	192	Alexandre Dauphin-Laprise	M	M25-29	38	10:21:08	0:55:40	0:05:33	5:37:15	0:05:05	3:37:35	CAN	
8787ed81-8a91-4b5b-a715-c75e9098210e	193	Victor Leblanc	M	M25-29	39	10:21:21	1:11:24	0:03:56	5:07:49	0:04:20	3:53:51	CA	
82f87ee6-a216-ef11-9f89-000d3a37ce29	194	Stuart Tabor	M	M25-29	40	10:21:24	1:07:03	0:04:32	4:52:05	0:03:38	4:14:07	CA	
20f7d685-bc89-4e26-a296-6e7073cc0c5c	195	Dylan Havelock	M	M25-29	41	10:21:25	1:09:40	0:04:45	5:25:08	0:04:19	3:37:32	CA	
6dc259de-3c33-4302-a65f-389d248683bc	196	Pascal Bessette	M	M50-54	13	10:21:39	1:27:19	0:08:36	5:19:21	0:05:49	3:20:33	CA	
2d8c96db-b364-ef11-bfe3-000d3a371e3b	197	Paulina Pronska	F	F25-29	5	10:21:41	1:21:33	0:04:31	5:31:18	0:02:12	3:22:06	CA	
839d7587-8f05-ef11-9f8a-000d3a314c24	198	Timothy Johan	M	M18-24	24	10:21:51	1:15:21	0:03:23	5:00:17	0:02:25	4:00:25	CA	
54a04885-6b08-45fa-9d4a-852cb51a05bf	199	Jérémy Picard	M	M30-34	35	10:22:16	1:06:32	0:05:29	5:30:16	0:06:23	3:33:36	CA	
2ef5e919-6eaf-4ad9-a19b-52437e6f4943	200	Mathieu Myre	M	M30-34	36	10:22:24	1:19:03	0:04:42	5:16:50	0:03:47	3:38:03	CA	
61d9231e-257f-4faf-9a1c-b847c13b182b	201	Charles-Antoine Vachon	M	M25-29	42	10:22:29	1:33:50	0:10:00	5:11:11	0:03:31	3:23:58	CA	
d21e170a-7e82-ef11-ac20-000d3a59a9a1	202	Oleksii Martishyn	M	M35-39	34	10:22:36	1:35:43	0:06:15	4:45:58	0:03:13	3:51:28	CA	
9fc3dd07-82dd-42fa-8394-17592d102c8c	203	José Galvão	M	M55-59	5	10:22:58	1:14:28	0:04:30	4:45:11	0:04:55	4:13:55	prt	
29f9f005-760f-476d-883b-b931d1d3b88b	204	Alexandre Goudreau	M	M30-34	37	10:23:06	1:20:05	0:05:04	5:15:16	0:04:32	3:38:09	can	
43edef0c-1b3e-4777-b609-461fd29f2d65	205	Pierre-Vincent Daigle	M	M45-49	10	10:23:08	1:22:50	0:03:01	4:58:59	0:06:19	3:51:59	CA	
b97b29c8-9d82-f011-b4cc-0022480a7385	206	Kyle Van Nest	M	M18-24	25	10:23:14	1:29:14	0:04:37	5:12:00	0:05:28	3:31:54	CAN	
ea83307c-f90e-49a5-95a1-a483ee09b8b9	207	Evan Saunders	M	M30-34	38	10:23:29	1:23:46	0:04:48	5:15:31	0:04:21	3:35:04	CA	
1fc56468-be52-46e6-bbed-d3dfc7a94b8b	208	EMILIANO BATTISTA	M	M45-49	11	10:23:46	1:08:42	0:04:21	5:25:59	0:04:42	3:40:02	ARG	
4f874320-aab8-4032-b1f9-34f7bfdf7982	209	Adam Upshaw	M	M45-49	12	10:23:47	1:17:54	0:05:13	5:13:24	0:03:57	3:43:19	CA	
2d1f213c-7c71-f011-bec2-0022480a7385	210	Félix Poiré	M	M25-29	43	10:23:53	1:13:47	0:05:01	5:11:19	0:03:55	3:49:50	CA	
ddb9dcfb-1280-ef11-ac20-000d3a59a9a1	211	Samuel Wood	M	M18-24	26	10:23:53	1:07:56	0:05:01	5:33:30	0:03:12	3:34:13	CA	
88d8bbd4-8a85-49ab-8808-ba13e5aa9cc2	212	Tomasz Tarski	M	M45-49	13	10:23:59	1:29:18	0:03:17	5:05:03	0:05:04	3:41:17	PL	
3d792082-bc3c-480d-b81c-5d0c11fa50d6	213	Alain Aubuchon	M	M65-69	1	10:24:45	1:20:14	0:04:00	5:12:22	0:06:07	3:42:03	CA	
24835fc5-6f6c-f011-bec2-000d3a5cf7d8	214	Adam Normandin	M	M40-44	28	10:24:50	1:27:15	0:03:59	5:09:54	0:04:10	3:39:33	USA	
ba3f6a56-7237-431e-ae7e-d1a170363db8	215	Steven Upton	M	M40-44	29	10:24:57	1:11:19	0:04:55	4:45:16	0:05:22	4:18:04	CA	
a66b522b-725b-4dd8-b600-92b430f7bb73	216	Erwan Louis	M	M25-29	44	10:25:07	1:12:07	0:04:03	5:14:50	0:04:41	3:49:26	CA	
82c7d8f1-9f87-f011-b4cc-000d3a35ffc1	217	Simon Desmarais	M	M18-24	27	10:25:28	1:19:21	0:05:36	5:10:36	0:02:48	3:47:08	CA	
6bc7d87e-4826-4b74-bbd4-e306a85c372a	218	Mateo Perri	M	M18-24	28	10:25:40	1:12:44	0:04:18	5:18:10	0:04:56	3:45:32	CA	
6abb5f20-5297-4982-8916-3028349afada	219	Cameron Patrick	M	M35-39	35	10:26:10	1:17:52	0:08:00	4:51:49	0:05:01	4:03:27	US	
31e357be-b973-f011-bec3-6045bd05fcc1	220	Karl Tessier	M	M45-49	14	10:26:42	1:10:34	0:05:12	5:00:58	0:04:01	4:05:57	CA	
12c5dc55-8edc-4fad-88b3-0f96c6b447d4	221	Jessica Turanec	F	F40-44	2	10:26:58	1:26:43	0:03:39	5:13:55	0:02:47	3:39:54	CA	
80b770c0-4bd0-4ed3-b7a1-31475864ace4	222	Francois Dionne	M	M25-29	45	10:27:10	1:12:33	0:06:20	5:32:23	0:05:43	3:30:11	CA	
b5bd76f0-f442-46aa-9d77-6fbe03254db4	223	Guillaume Thivierge	M	M50-54	14	10:28:18	1:33:13	0:09:24	5:06:40	0:04:40	3:34:20	CA	
8acdd26c-947b-ef11-a670-002248049fdc	224	Aaron Exley	M	M25-29	46	10:28:21	1:09:58	0:04:45	5:31:32	0:04:07	3:37:59	CA	
7a96e381-3d8b-4d1b-a62e-13cbd0dcf624	225	Dominic Belleville	M	M50-54	15	10:28:31	1:20:40	0:05:26	5:07:59	0:04:29	3:49:57	CA	
5498f188-8543-ef11-8409-000d3a367177	226	Marty Genest	M	M18-24	29	10:28:48	1:19:20	0:06:47	5:22:19	0:05:51	3:34:32	CA	
ab4001a4-e3ab-496e-bb64-5dd9e19f2953	227	Renaud Verdant	M	M18-24	30	10:28:55	1:05:23	0:04:47	5:26:01	0:02:57	3:49:46	CA	
fdb8c6fe-9f37-ef11-8409-00224805abd4	228	Marc-André Lepage	M	M30-34	39	10:29:22	1:13:01	0:05:58	4:55:44	0:06:42	4:07:56	CA	
4dfffb1a-5247-4af1-aa37-2b9d8a734a3b	229	Alexandre Therrien	M	M18-24	31	10:29:22	1:15:57	0:03:32	5:15:09	0:06:01	3:48:43	CA	
6e3680bd-0abb-4c8f-8820-c175b00ec386	230	Ethan Blake	M	M18-24	32	10:29:23	1:10:36	0:05:33	5:24:48	0:07:31	3:40:54	CA	
72483125-dd12-45ac-be08-30a3ae64e821	231	Matteo Laratta	M	M25-29	47	10:29:31	1:06:01	0:04:22	4:56:11	0:02:50	4:20:08	CA	
5be7d919-80f5-4b7b-8e6d-7e8cc9daa1c0	232	Lok Shun Ko	M	M35-39	36	10:29:34	1:18:32	0:04:11	4:54:33	0:01:59	4:10:20	CA	
a7f1becf-fb08-ef11-9f8a-00224809fd7c	233	Conway Nelson	M	M50-54	16	10:29:36	1:25:11	0:03:50	4:59:55	0:05:01	3:55:40	CA	
c409b6ee-46c9-4db3-a1f0-128da250eb5b	234	Pascal Couillard	M	M30-34	40	10:29:37	1:07:20	0:05:12	5:21:38	0:03:05	3:52:22	CA	
b3a442e7-a6ed-f011-8543-00224804c237	235	Marshall Campbell	M	M25-29	48	10:29:43	1:11:09	0:04:23	5:23:56	0:04:15	3:46:01	CAN	
c1981ed5-475b-ee11-be6f-000d3a31406e	236	Gabriel Côté	M	M25-29	49	10:29:43	1:29:50	0:06:07	5:15:12	0:04:21	3:34:13	CA	
e6654caf-f658-4fa4-9f22-7d146a9967ae	237	Brian Edmond	M	M50-54	17	10:30:13	1:24:07	0:07:00	5:16:51	0:04:23	3:37:52	CA	
adc4157b-c282-4d71-a356-c77984571243	238	Carl Bergeron	M	M45-49	15	10:31:01	1:21:33	0:07:02	5:16:47	0:10:58	3:34:40	CA	
82c3246b-12d6-4df9-b31f-942afdeb16bc	239	Kevin Mcgill	M	M40-44	30	10:31:12	1:20:00	0:03:26	5:15:14	0:04:15	3:48:18	CA	
38f393f1-c7c7-42fe-8c6b-cc1123a1c26a	240	Steeve Gauthier	M	M55-59	6	10:31:30	1:07:30	0:06:22	5:15:44	0:07:54	3:54:01	CA	
526154eb-63ec-4639-995d-2c062e453121	241	Kevin Higgins	M	M50-54	18	10:31:53	1:26:16	0:04:31	4:57:28	0:05:12	3:58:26	CA	
9a0d34af-251a-4e1a-87af-b729b9acebbb	242	Stewart Macdonald	M	M30-34	41	10:32:00	1:07:33	0:05:20	5:24:30	0:08:57	3:45:41	CA	
2061b697-0a72-f011-bec2-000d3a5cf7d8	243	Renaud Gourde	M	M35-39	37	10:32:13	1:17:21	0:04:23	5:17:19	0:05:04	3:48:06	CA	
73f7fcaa-f1b9-f011-bbd3-6045bd05fcc1	244	Alyssa Stowe	F	F25-29	6	10:32:21	1:18:21	0:05:45	5:39:30	0:06:22	3:22:23	CAN	
7e5ddcef-182d-44fc-a3b1-2bd940a99617	245	John Shelley	M	M40-44	31	10:32:24	1:11:50	0:06:04	5:21:24	0:05:12	3:47:53	CA	
93cf624a-3dfe-ee11-a1ff-000d3a314c24	246	Noah Bouffard	M	M25-29	50	10:32:36	1:23:28	0:03:43	5:19:25	0:03:42	3:42:18	CA	
dda36e70-1cb8-4907-b968-891e10e73328	247	Chris Williams	M	M45-49	16	10:32:40	1:22:40	0:04:30	4:50:11	0:02:09	4:13:09	US	
6ae46d93-cb65-42de-aab3-0a18ff27c4b8	248	Luca Raffaello	M	M45-49	17	10:33:08	1:09:17	0:03:13	5:24:47	0:03:04	3:52:46	CA	
7950ec16-1a4b-4e99-b11e-6fa644762519	249	Joe Haars	M	M45-49	18	10:33:11	1:10:10	0:03:50	5:22:53	0:05:24	3:50:55	CA	
d23e4946-158f-4b6d-8cb6-a61ffa829fed	250	Todd RICKETTS	M	M45-49	19	10:33:42	1:12:14	0:03:38	4:59:11	0:04:25	4:14:13	usa	
c3003ec1-a873-f011-bec3-000d3a3173b5	251	Jayden Reonegro	M	M18-24	33	10:33:42	1:20:05	0:05:06	4:50:10	0:04:24	4:13:57	CA	
85aae00f-70fa-44b0-896c-d9c070ab462d	252	Justin Brunings	M	M25-29	51	10:33:48	1:04:34	0:05:29	5:24:25	0:05:26	3:53:54	usa	
80c91f73-628e-4ad6-96c1-3cceb70b8ecb	253	Sebastien Bergeron	M	M40-44	32	10:33:50	1:29:14	0:06:04	4:57:37	0:04:05	3:56:50	CA	
9cb4d2b5-a3d0-4031-9b57-f6ec4694eb22	254	Johannes Kautz	M	M40-44	33	10:34:00	1:07:06	0:07:10	5:18:16	0:05:21	3:56:07	deu	
0b38ace4-4800-f011-bae2-000d3a5b7c3b	255	Tem Dossanov	M	M30-34	42	10:34:09	1:11:53	0:06:12	5:15:58	0:03:56	3:56:09	CA	
2ada3435-dca6-f011-bbd3-000d3a5b50ba	256	Maxence Rouillon-Leperd	M	M18-24	34	10:34:11	1:21:01	0:06:43	5:18:01	0:06:51	3:41:34	CA	
c9c67b5e-627d-4f66-ad1c-4c3ce9743e55	257	Eric Boulanger	M	M55-59	7	10:34:17	1:25:04	0:04:46	5:14:10	0:04:36	3:45:41	CA	
271f0474-2a9d-4339-925d-19d0ae902a68	258	Daniel Steiner	M	M35-39	38	10:34:24	1:12:55	0:02:58	5:07:09	0:02:35	4:08:47	US	
f1f8406f-3855-4eff-af61-5c1ed6b28bf3	259	Pierre Daigle	M	M45-49	20	10:34:32	1:15:39	0:04:55	5:33:39	0:03:57	3:36:21	CA	
6a192600-89e6-4dea-a446-ff27697d800e	260	Ludovic Boulanger	M	M25-29	52	10:34:44	1:08:46	0:04:33	5:38:10	0:04:09	3:39:06	CA	
a6505b4b-907c-4301-a92d-a28ad51d229b	261	Daniel Campeau	M	M50-54	19	10:34:50	1:29:31	0:08:18	5:10:37	0:07:52	3:38:33	CA	
38159178-1c34-4a8f-af60-e97440038a9a	262	Francis Lafrance	M	M25-29	53	10:34:57	1:21:19	0:06:11	4:46:50	0:04:06	4:16:32	CA	
90a189ee-1dd2-48d0-9a60-bcc9a1596693	263	Dominic Paquet	M	M50-54	20	10:34:59	1:16:09	0:05:27	5:20:51	0:05:42	3:46:51	CA	
b6dfc46a-27fa-4d43-951b-b8f178b792ac	264	Isadora Lussier	F	F25-29	7	10:35:31	1:06:12	0:04:46	5:35:39	0:03:58	3:44:56	CA	
f5c766a0-a80f-e511-9401-005056951bf1	265	JONATHAN BERNARD	M	M50-54	21	10:35:36	1:17:41	0:06:17	5:10:02	0:04:05	3:57:32	CA	
a1148e2e-c6b0-4add-946c-68395c252d61	266	Maud Lemonnier	F	F40-44	3	10:35:39	1:12:08	0:04:10	5:34:34	0:02:47	3:41:59	fra	
8d7285d9-1114-4876-a93c-c5db90a8c3bb	267	Colleen Smith	F	F25-29	8	10:36:10	1:18:47	0:04:31	5:20:31	0:04:15	3:48:06	CA	
6e9c906c-549c-4e60-9a5e-7e429f065a04	268	Brandon Mccrossin	M	M40-44	34	10:36:41	1:08:47	0:03:58	5:06:05	0:04:31	4:13:21	US	
f12b0c77-e1ed-f011-8406-00224804742c	269	Amir LaGasse	M	M18-24	35	10:36:57	1:07:48	0:05:18	5:12:40	0:03:33	4:07:38	USA	
88467205-c099-4364-9f66-58c42cc6a47b	270	Sabrina Maltais	F	F35-39	3	10:37:03	1:14:05	0:03:51	5:18:24	0:04:19	3:56:24	CA	
89d34170-030d-f011-9988-000d3a3173b5	271	Eric Scott	M	M18-24	36	10:37:15	0:58:54	0:06:23	5:11:45	0:03:48	4:16:25	US	
6aecc7a5-249f-4357-9a0d-592129d44f78	272	Joel Wilkinson	M	M60-64	2	10:37:46	1:16:38	0:05:12	5:14:31	0:03:18	3:58:06	CA	
d7f2d9b2-b290-467c-8e8c-23d3fed07292	273	Alexandre Turcotte	M	M25-29	54	10:38:06	1:23:09	0:07:21	5:17:00	0:08:07	3:42:28	CA	
6aa57a7c-3931-415c-a461-4c7314260322	274	Bernardo Majano	M	M40-44	35	10:39:29	1:09:24	0:04:40	5:09:23	0:04:13	4:11:49	CA	
4bddc953-58f1-f011-8406-00224804742c	275	Lucas Beaudre	M	M25-29	55	10:39:41	1:10:09	0:06:10	5:34:36	0:04:37	3:44:09	FRA	
00c63369-150a-488a-99ac-674c7b60eef8	276	Sean Kennedy	M	M50-54	22	10:39:49	1:15:56	0:03:31	5:06:03	0:03:25	4:10:54	CA	
9464088c-5d4a-4b76-9f1d-afa2d006ad99	277	Stephanie Ray	F	F45-49	3	10:39:53	1:17:10	0:05:26	5:20:46	0:02:51	3:53:39	CA	
be716d09-7c9e-4aa4-b0c4-5eb3a6fb596b	278	Sophie Hotchkiss	F	F30-34	3	10:40:10	1:08:41	0:05:18	5:28:59	0:03:29	3:53:43	CAN	
d7cfa99e-a456-4846-98c5-1beb2476af37	279	Sylvain Houle	M	M40-44	36	10:40:20	1:32:00	0:08:06	5:26:54	0:05:43	3:27:38	CA	
a3b9e8de-5a5d-473b-9866-6402883f240e	280	Meagan Perlstein	F	F45-49	4	10:40:44	1:12:21	0:05:21	5:05:56	0:02:40	4:14:26	US	
9c2750a6-f1c2-4f6f-83dc-de2ce9018ecd	281	Steve Vanderkooy	M	M50-54	23	10:41:02	1:14:30	0:05:55	5:21:31	0:06:45	3:52:21	CA	
9612ce2f-840f-4b65-879d-9c25cb4fc77c	282	Jason Hiebert	M	M55-59	8	10:41:11	1:16:14	0:05:40	4:54:53	0:05:07	4:19:17	CAN	
5cd632bc-01bc-f011-bbd3-000d3a35ffc1	283	Daniel McNiece	M	M40-44	37	10:41:14	1:24:02	0:06:38	5:08:13	0:07:08	3:55:14	CAN	
d54523d6-1f07-4a2b-beeb-c49ab32e4713	284	Jonathan Pesansky	M	M50-54	24	10:41:14	1:02:36	0:06:13	5:15:02	0:06:33	4:10:51	usa	
c4f75987-5ebf-4a88-af3c-4e95681930fc	285	Louis Latulippe	M	M25-29	56	10:41:14	1:05:03	0:04:09	5:08:26	0:08:13	4:15:23	CA	
c7b1b9e6-6006-422a-ac5e-af077579e4b5	286	Brennan Lupyrypa	M	M25-29	57	10:41:22	1:15:03	0:05:37	5:09:51	0:04:00	4:06:50	CA	
6eb40fef-99d7-ef11-8ee9-000d3a5ae96c	287	Jonathan Therrien	M	M18-24	37	10:41:40	1:08:55	0:04:05	5:28:59	0:03:10	3:56:31	CA	
c1507d0d-89b4-e511-940c-005056951bf1	288	Jay Pepper	M	M45-49	21	10:41:46	1:27:19	0:04:57	5:16:32	0:05:54	3:47:03	usa	
66662dfe-a790-4cc0-8495-8ca06220dd91	289	Tom Wallace	M	M30-34	43	10:41:52	1:24:08	0:05:59	5:40:20	0:05:28	3:25:56	GB	
461b6fe9-5a8c-4d33-a8bb-5bd67047b9ad	290	Michael Roper	M	M25-29	58	10:42:13	1:14:02	0:07:05	5:24:01	0:07:13	3:49:52	CA	
f4e1de41-a482-4947-904b-5f783769a598	291	Xiaobing Li	M	M40-44	38	10:42:14	1:25:00	0:05:46	5:18:52	0:05:01	3:47:34	CA	
53c0c404-a037-46fd-8a83-20038cce676b	292	Chris Swann	M	M40-44	39	10:42:17	1:21:56	0:07:22	4:53:56	0:08:28	4:10:35	usa	
15a399db-b08d-4a27-a91e-143c115d33dc	293	Marco Cote	M	M55-59	9	10:42:26	1:29:07	0:07:16	4:48:51	0:05:38	4:11:34	CA	
d5680cfd-d4ad-ee11-a569-000d3a314c24	294	Brandon Johnston	M	M30-34	44	10:42:32	1:11:35	0:05:36	4:58:25	0:06:14	4:20:42	USA	
74842b7b-e564-4807-9a4c-a4edb5a9a098	295	Taylor Corelli	F	F35-39	4	10:42:37	1:10:33	0:04:20	5:43:05	0:03:29	3:41:11	CA	
4583edc2-4c25-4cdf-a957-1e7a76440194	296	Hunter Padgett	M	M35-39	39	10:42:45	1:13:29	0:06:48	5:22:16	0:05:02	3:55:10	USA	
29266c80-a51e-44ea-b0a2-ac9e7ac056fc	297	Christina Howard	F	F30-34	4	10:42:46	1:17:20	0:03:53	5:29:21	0:02:24	3:49:48	CA	
e093d676-8720-46ee-b532-5b0922453a1f	298	Amanda Jett	F	F35-39	5	10:43:08	1:35:04	0:04:20	5:24:18	0:01:58	3:37:28	US	
68737535-b722-403e-b208-d232ac895fc8	299	Romain Granger-Naud	M	M18-24	38	10:43:23	1:30:19	0:05:19	5:22:47	0:11:43	3:33:15	CA	
ce49af63-9890-ef11-ac20-000d3a5a403c	300	Guillaume Proulx	M	M40-44	40	10:43:25	1:16:01	0:06:44	5:02:53	0:06:36	4:11:11	CA	
ac11959f-656f-4762-9aae-98ebd0a203b6	301	Jonathan Knisely	M	M45-49	22	10:44:01	1:24:57	0:04:07	5:11:17	0:02:55	4:00:44	US	
546182bc-1f7f-4eb5-882d-a612dbd951c4	302	Aaron Stead	M	M35-39	40	10:44:01	1:13:37	0:06:33	5:15:02	0:05:43	4:03:07	CA	
6e1c7752-5bd3-4fec-9bbb-de95e70ab71e	303	Jacob Pilon	M	M25-29	59	10:44:13	1:31:34	0:04:29	5:11:10	0:03:42	3:53:18	CA	
7fb4022b-9cde-470e-8057-8276b92a3a42	304	Kai Wang	M	M35-39	41	10:44:32	1:29:45	0:05:40	4:56:56	0:04:27	4:07:44	US	
730d0d3e-0525-4fd5-932c-6fd4b0a0faae	305	Stephen Koziarski	M	M40-44	41	10:44:37	1:09:23	0:05:41	5:28:18	0:04:59	3:56:16	can	
e39de8d3-1aad-417b-8d96-1a8ddad17a6f	306	Nicholas Halverson	M	M30-34	45	10:44:38	1:06:54	0:08:00	5:41:20	0:06:06	3:42:19	CA	
a07652ae-defa-46c2-b30b-d03cc9675f00	307	Philippe Lemay-Gelinas	M	M45-49	23	10:44:39	1:19:08	0:07:47	5:37:22	0:06:28	3:33:53	CA	
01d670fd-ddaf-45d1-abb3-8ce0ba7d78a8	308	Adam Krievins	M	M45-49	24	10:44:43	1:07:24	0:03:23	5:14:35	0:03:59	4:15:22	CA	
7962f4f1-738b-f011-b4cc-000d3a5cf7d8	309	Maxime LANGLOIS	M	M30-34	46	10:44:44	1:10:50	0:06:17	5:31:00	0:02:37	3:53:59	CA	
885f5014-5535-4b81-bf4b-cbf3e57f8492	310	Ignacio Carnevale	M	M25-29	60	10:44:45	1:07:44	0:05:55	5:20:51	0:04:11	4:06:03	CR	
4b614afc-eb22-4fea-8bfe-5b5d9df4f583	311	Daniel Pham	M	M30-34	47	10:45:02	1:00:38	0:05:19	6:05:13	0:05:08	3:28:45	CA	
03f2c943-e501-f011-bae2-000d3a5cf7d8	312	Noé Artru	M	M25-29	61	10:45:08	1:15:03	0:04:31	5:07:08	0:02:46	4:15:40	CA	
9ed981ff-884c-46da-bbe4-8feecece4c1d	313	Amelia Stash	F	F25-29	9	10:45:29	1:16:52	0:04:06	5:46:36	0:06:01	3:31:54	US	
a41db288-68f8-ef11-9340-6045bd05011a	314	Jacob McCormick	M	M18-24	39	10:46:12	1:16:55	0:05:33	5:41:53	0:05:19	3:36:33	CA	
ca4713de-9ea7-4e5a-8658-7e45e116fa97	315	Laurence Tessier-Proulx	F	F25-29	10	10:46:13	1:14:15	0:06:37	5:27:44	0:05:22	3:52:16	can	
fe9f6db9-2b1a-4dd0-b92e-b3a6e46c1600	316	Sebastian Tochowicz	M	M50-54	25	10:46:18	1:30:24	0:03:24	5:31:16	0:02:54	3:38:19	US	
3b63a12d-0b4a-4c8d-b323-108d0fcb79a6	317	Eric Rafael Rivera Govea	M	M35-39	42	10:46:27	1:14:05	0:05:52	5:23:24	0:07:50	3:55:17	MX	
74df9fee-8e71-f011-b4cb-7ced8d6dec27	318	Andrew Taylor	M	M18-24	40	10:46:40	1:22:37	0:11:11	4:49:13	0:06:20	4:17:19	CA	
993117fc-0470-4787-90f0-b015dcc3f022	319	Jean-Christophe Petit	M	M30-34	48	10:47:10	1:20:20	0:04:29	5:03:19	0:04:43	4:14:20	can	
88736353-df9b-4355-8150-9d44249ab324	320	julien tremblay	M	M18-24	41	10:47:11	1:11:28	0:03:29	4:56:08	0:03:41	4:32:25	CA	
1775dbde-c1d6-ef11-8eea-002248049fdc	321	Karl Kimmell	M	M25-29	62	10:47:21	1:14:33	0:04:41	5:14:22	0:04:26	4:09:19	CA	
8ad9f35f-c07a-426c-9669-9c35afe63942	322	Gabriel Harvey	M	M30-34	49	10:47:23	1:15:56	0:06:09	5:37:18	0:05:32	3:42:28	CA	
3f7ebf9b-f339-4800-909e-02754c6eab9f	323	Jérémie Cataphard	M	M30-34	50	10:47:26	1:23:37	0:05:49	5:15:22	0:03:48	3:58:51	CA	
e509c128-f684-f011-b4cc-000d3a5b50ba	324	Jack Halford	M	M25-29	63	10:47:29	1:21:59	0:07:47	5:30:33	0:05:20	3:41:50	CAN	
12ea8834-ca76-f011-b4cc-6045bd09951e	325	Ryan Arbuthnot	M	M40-44	42	10:47:35	1:22:18	0:05:34	5:15:42	0:06:08	3:57:52	CA	
5a85889b-6a6c-4866-bfdf-ec436e19b7f6	326	Santosh Karmacharya	M	M50-54	26	10:47:36	1:21:57	0:06:17	5:28:22	0:05:05	3:45:54	US	
3cd35449-0aa2-466f-b5d5-2fc815d9c65f	327	Richard Lajeunesse	M	M50-54	27	10:48:01	1:16:58	0:05:47	5:21:12	0:05:56	3:58:09	CA	
09fb84cd-8f53-ef11-a316-00224808301f	328	Julian Owen	M	M40-44	43	10:48:02	1:09:05	0:07:43	5:25:35	0:07:42	3:57:57	CA	
98d2a69f-b203-46ab-8612-1b6215ddd40f	329	Heather Statham	F	F35-39	6	10:48:07	1:21:56	0:03:55	5:38:40	0:03:01	3:40:35	GB	
d0c086ca-ca93-4346-8acc-a6975fc7403d	330	Nicholas Walton	M	M25-29	64	10:48:18	1:18:06	0:04:49	5:36:30	0:06:08	3:42:45	CA	
65f00ed5-325b-ef11-a316-00224808301f	331	Kevin Yergeau	M	M35-39	43	10:48:35	1:24:38	0:08:46	5:28:48	0:06:58	3:39:24	CA	
7262f330-6afd-4f8e-8e82-d3e183cad4d3	332	Adam Jones	M	M40-44	44	10:48:39	1:18:51	0:03:38	5:35:46	0:03:17	3:47:06	CA	
09533f38-f152-4a25-8762-540b624a6152	333	Raghul Sankaranarayanan	M	M35-39	44	10:48:40	1:21:37	0:05:01	5:11:12	0:03:37	4:07:12	IN	
852eb1b8-10bd-f011-bbd3-000d3a5b50ba	334	Edwing Yohany Martinez Morales	M	M30-34	51	10:48:52	1:23:01	0:04:02	5:28:12	0:03:10	3:50:26	CAN	
b87506e0-32a4-4134-a12d-f1f6bf4e536f	335	Jahn Fawcett	M	M40-44	45	10:49:16	1:19:34	0:09:21	5:30:54	0:10:23	3:39:04	CA	
873d123f-6a0a-4b06-b8b1-aa0b0660c7c6	336	Raymond Cagigas	M	M40-44	46	10:49:18	1:12:17	0:09:00	5:06:19	0:09:10	4:12:32	usa	
83683440-1eaa-4ad2-9f31-b1e00cad6b15	337	Alexandre Bérubé	M	M25-29	65	10:49:19	1:31:53	0:06:28	5:17:07	0:04:27	3:49:23	CA	
9d69b538-c027-48b2-a7d1-9701ae8d0f54	338	Owen Gorman	M	M18-24	42	10:49:25	1:13:05	0:04:49	5:06:19	0:02:52	4:22:19	CAN	
be5247ba-277b-ef11-a670-000d3a338a3c	339	Nykola Lemieux-Lafontaine	M	M25-29	66	10:49:49	1:27:40	0:07:13	5:29:14	0:07:45	3:37:56	CAN	
65cd389e-cb84-4cbd-b3e0-329559521d40	340	Benjamin Cohen	M	M35-39	45	10:49:58	1:14:43	0:05:15	5:38:40	0:04:28	3:46:52	CA	
27df7dc2-8b33-f011-8c4e-0022480c097c	341	Mason Broadfoot	M	M35-39	46	10:49:59	1:22:53	0:04:23	5:30:03	0:05:03	3:47:36	CA	
fd20499d-aa61-ea11-a811-000d3a5a1bfb	342	sebastien vallee	M	M55-59	10	10:50:00	1:19:33	0:03:06	5:18:18	0:02:46	4:06:17	US	
3334e4d6-be4f-4386-997c-de484aa880b0	343	Carley Kenwell	F	F40-44	4	10:50:15	1:09:50	0:05:35	5:28:45	0:05:40	4:00:26	CA	
8506a11f-bef2-4af8-be80-278091c10e25	344	Will Byker	M	M30-34	52	10:50:15	1:20:47	0:03:12	5:36:34	0:05:16	3:44:27	CA	
d9c25371-9b74-ef11-a671-000d3a37be46	345	Julien Roques	M	M25-29	67	10:50:20	1:11:03	0:05:28	5:23:18	0:04:47	4:05:44	CA	
4151d092-c9bc-41c2-abaa-128cc23f6c73	346	Olivier Lépine	M	M25-29	68	10:50:26	1:17:42	0:07:35	5:29:12	0:07:19	3:48:37	CA	
3de56fbf-e120-49af-bb72-6cc53c9b9eb5	347	Nick Sommers	M	M18-24	43	10:50:26	0:58:40	0:04:41	5:15:55	0:06:40	4:24:30	usa	
a8ec1acb-2cb7-e911-a980-000d3a3749bc	348	Huaizhi Li	M	M55-59	11	10:50:31	1:17:20	0:06:44	5:09:29	0:06:11	4:10:46	CN	
365ec4f4-9a3d-4a91-a744-d67d02b7bbae	349	Francis Theriault	M	M40-44	47	10:50:32	1:12:42	0:07:03	5:31:59	0:06:52	3:51:56	CA	
ade69fb2-3af9-477c-bad1-6d9e157c5604	350	Lars Heise	M	M50-54	28	10:50:44	1:25:33	0:04:51	5:21:24	0:04:52	3:54:03	US	
4340734f-c28f-ef11-ac21-000d3a338a3c	351	Aaron Aubertin	M	M25-29	69	10:50:44	1:32:42	0:10:05	5:18:20	0:11:51	3:37:47	CAN	
73aac2ec-36a2-f011-bbd3-000d3a3173b5	352	Philippe Gélinas	M	M18-24	44	10:50:45	1:14:44	0:05:29	5:24:28	0:03:16	4:02:48	CAN	
c6465a19-6bb0-44f4-be0c-c9d534629410	353	Alexander Pilipenko	M	M40-44	48	10:50:47	1:33:31	0:06:18	5:18:39	0:05:15	3:47:04	CA	
ef741078-7c74-f011-bec2-000d3a5cf7d8	354	Phillip Roebuck	M	M40-44	49	10:50:56	0:56:37	0:05:57	5:30:06	0:05:36	4:12:41	US	
128cd612-c6c8-ef11-b8e8-6045bd088264	355	Seth Peacock	M	M25-29	70	10:51:06	1:18:48	0:04:34	5:19:23	0:05:55	4:02:25	US	
a818a835-ac33-4611-ad32-c57c83cce502	356	Nikolai Ortiz	M	M18-24	45	10:51:08	1:03:34	0:05:46	5:16:52	0:05:42	4:19:14	usa	
692d8ad6-be93-4f72-bb07-ef32a9266e75	357	Klaudia Laszlo	F	F45-49	5	10:51:10	1:08:37	0:03:33	5:34:52	0:04:25	3:59:42	CA	
fb87daa7-33a5-f011-bbd3-002248098cfa	358	Christophe Talbot	M	M25-29	71	10:51:24	1:17:00	0:05:16	5:30:35	0:05:27	3:53:06	CAN	
54487fd9-6e41-f011-b4ca-0022480c097c	359	Matthew Chicko	M	M25-29	72	10:51:37	1:24:06	0:10:11	5:41:27	0:08:47	3:27:06	US	
440d2697-aa73-f011-bec3-6045bd05fcc1	360	Laura Miles	F	F40-44	5	10:51:44	1:16:33	0:04:28	5:45:45	0:02:57	3:42:00	CA	
d6021b03-3265-ef11-bfe3-6045bd0953ac	361	Derek Duncan	M	M30-34	53	10:51:45	1:30:47	0:03:19	5:17:06	0:03:37	3:56:56	US	
040e903f-cf73-4ca0-91c6-8457b0261c84	362	Ian Waugh	M	M50-54	29	10:51:57	1:13:44	0:06:26	5:17:58	0:06:14	4:07:35	CA	
4ff4705b-c5e7-4f7e-9ee0-88c6a5cf305e	363	Michele Carretta	M	M35-39	47	10:52:08	1:09:21	0:04:30	5:17:48	0:05:51	4:14:38	IT	
429634a2-2b37-ef11-8409-000d3a383830	364	Marc-Antoine Goulet	M	M25-29	73	10:52:21	1:11:22	0:08:53	5:36:47	0:04:36	3:50:43	CA	
8e53834b-a394-ef11-8a69-000d3a5a403c	365	Doug Harrison	M	M60-64	3	10:52:23	1:17:32	0:04:54	5:28:27	0:05:07	3:56:23	CA	
8a77a32e-3d41-429f-8735-f7616dce06b5	366	Wyeth Robertson	M	M25-29	74	10:52:46	1:18:48	0:05:22	5:39:17	0:08:44	3:40:35	CA	
c7713029-8832-4ec9-8c22-090e8bc27ee5	367	Juan Carlos Diaz Bernard	M	M55-59	12	10:52:48	1:15:32	0:04:49	5:30:19	0:04:13	3:57:56	MX	
b5ca01d8-af7b-ef11-a670-6045bd05c809	368	Chakib Lhachemi	M	M18-24	46	10:52:52	1:33:52	0:08:22	5:43:46	0:04:06	3:22:45	CA	
1a9f4f7c-4292-f011-b4cb-7ced8d700b9f	369	Stéphane Jolin	M	M45-49	25	10:52:58	1:17:06	0:11:34	5:29:44	0:10:47	3:43:47	CA	
ba40aae1-935e-4931-ab99-f2be87e3b9ec	370	Louis Chevrette	M	M35-39	48	10:53:03	1:18:08	0:06:07	5:15:49	0:05:06	4:07:54	CA	
eae0eabb-9177-4a8e-9a6e-a6f6bd8a008d	371	Emma Fontaine	F	F25-29	11	10:53:15	1:14:24	0:05:01	5:25:43	0:03:46	4:04:21	can	
698c80c3-a592-464f-989f-34188e2bfd39	372	Andrew Mckinnon	M	M60-64	4	10:53:25	1:26:15	0:08:28	5:28:45	0:06:38	3:43:19	US	
a0b7b09b-7c68-4628-9a8b-10ac4d44c31d	373	Audrey Mathieu	F	F25-29	12	10:53:34	1:17:13	0:03:48	5:32:35	0:02:55	3:57:02	CAN	
90140092-b610-43e6-9247-ffc19e053425	374	Andrew Staniland	M	M30-34	54	10:53:59	1:11:58	0:04:11	5:37:06	0:05:26	3:55:19	CA	
981f3241-80a4-ef11-8a6a-000d3a5a1803	375	Mauricio Uriel Navarrete Santamaria	M	M30-34	55	10:54:08	1:16:33	0:07:11	5:42:25	0:05:12	3:42:47	MX	
e89ce0d1-79f8-f011-8406-000d3a3af7e5	376	Charles Jenkins	M	M30-34	56	10:54:19	1:07:44	0:05:56	5:48:44	0:05:12	3:46:43	CAN	
f19baab9-b70c-49e0-870a-3ec2dd6b97d1	377	Erick Torres	M	M18-24	47	10:54:21	1:25:54	0:09:36	5:35:51	0:05:44	3:37:15	CA	
9c6451f5-5e78-40a4-9b52-0cad173d2b61	378	Sierra Skoropada	F	F30-34	5	10:54:26	1:12:30	0:06:29	5:53:03	0:04:33	3:37:51	US	
5f9abc26-65d1-4021-a42e-86a101888255	379	Marina Carr	F	F35-39	7	10:54:26	1:14:07	0:06:00	5:51:56	0:03:17	3:39:06	CA	
618f325d-7b4e-49a4-b209-85d02b1be2d6	380	Alexandre Duval	M	M45-49	26	10:55:09	1:15:19	0:10:28	5:27:25	0:05:58	3:55:58	FR	
2f973f73-7328-4568-bbb2-2c19c33cf19a	381	Jerome Bourdeau	M	M40-44	50	10:55:17	1:19:01	0:05:21	5:15:11	0:07:21	4:08:23	CA	
498a02d7-7b06-4374-866d-73143d6b0f06	382	Chris Campbell	M	M40-44	51	10:55:19	1:20:53	0:07:09	5:21:38	0:05:44	3:59:55	CA	
2b463c42-ebc2-ef11-b8e8-000d3a5a403c	383	Justin Deeley	M	M25-29	75	10:55:20	1:24:05	0:04:39	5:26:47	0:06:36	3:53:12	CAN	
26e9c47e-fcad-4134-9272-fb062e07a960	384	JEAN-MARC PALPANT	M	M50-54	30	10:55:21	1:15:30	0:04:26	5:16:08	0:05:39	4:13:37	FR	
a234a37a-3c81-4f97-b40a-0df35f6388bd	385	Sheldon Hawley	M	M30-34	57	10:55:25	1:10:22	0:07:07	5:31:12	0:06:21	4:00:24	CA	
9a7d32db-9981-4497-8eb8-4d2e68e79d5b	386	William Ducas	M	M25-29	76	10:55:40	1:13:24	0:08:33	5:15:02	0:08:06	4:10:35	CA	
d107bc09-6684-4f26-a776-49adde1e3861	387	Saïd Radhouani	M	M45-49	27	10:55:45	1:19:34	0:06:42	5:17:46	0:04:49	4:06:54	CA	
35a37726-f395-4b62-b713-b27d24dea835	388	Jessica Peixoto	F	F30-34	6	10:55:47	1:21:41	0:05:42	5:43:05	0:03:50	3:41:29	CA	
e3eedc1f-ecec-4253-ad54-8eeb2fbe025e	389	Yannik Trudeau	M	M35-39	49	10:55:50	1:18:23	0:04:33	5:28:32	0:05:34	3:58:48	CAN	
f5897385-0bb0-ef11-b8e8-000d3a5ae96c	390	Tristan Desormeaux	M	M18-24	48	10:55:57	1:08:08	0:04:36	5:40:35	0:06:29	3:56:09	can	
2356712b-f2be-4b0c-b1d4-6fe9e546b5bb	391	Jean Charles Breard	M	M40-44	52	10:55:59	1:43:30	0:06:14	5:04:08	0:04:18	3:57:48	FR	
db9560b3-0dcb-ef11-b8e8-6045bd018d16	392	Alexander Mongrain	M	M18-24	49	10:56:29	1:15:25	0:05:28	5:34:21	0:05:21	3:55:54	CA	
e11f244e-0b93-4510-8adc-191c8d2696a3	393	Tim Stapert	M	M45-49	28	10:56:37	1:30:18	0:06:35	5:26:34	0:05:15	3:47:54	US	
495d24af-6702-f011-bae2-6045bd05fcc1	394	Dominique Boucher	F	F25-29	13	10:56:37	1:18:08	0:04:27	5:39:50	0:03:57	3:50:15	CA	
9b43e954-aa43-41aa-a8f9-e309b024edda	395	Erik Stenlund	M	M35-39	50	10:56:39	1:27:55	0:06:52	5:35:59	0:06:43	3:39:10	CA	
fcf84709-bffb-eb11-94ef-0022480aaff1	396	Jacky Cao	M	M25-29	77	10:56:41	1:43:56	0:09:02	5:28:04	0:10:56	3:24:43	CA	
6ba0744b-96d5-ef11-8ee9-000d3a5ae96c	397	Aaron Felcher	M	M25-29	78	10:56:45	1:34:16	0:10:54	5:07:45	0:05:00	3:58:50	usa	
dd951c62-2259-4d6d-88a9-70187940401d	398	Calvin Zeelie	M	M30-34	58	10:56:53	1:12:46	0:05:00	5:03:49	0:03:09	4:32:10	zaf	
45afcd9e-c675-486a-8823-b7231db7264f	399	Malachi Scholl	M	M18-24	50	10:56:57	1:09:45	0:06:19	5:45:24	0:04:25	3:51:04	US	
31ed67a9-f386-4d22-be56-52a453a20a2c	400	Cederick Montplaisir	M	M18-24	51	10:57:01	1:20:01	0:06:06	5:24:11	0:08:31	3:58:12	CA	
cab06fb1-9ed9-4fe9-96ee-40eece283772	401	Jeff Raines	M	M40-44	53	10:57:13	1:12:42	0:04:13	5:26:19	0:07:49	4:06:11	US	
57d76dbd-01e8-f011-8543-6045bd05fcc1	402	Levi Reynolds	M	M30-34	59	10:57:16	1:29:40	0:08:33	5:38:38	0:04:40	3:35:46	USA	
7d270185-c229-4838-ac56-4faf4d46faf9	403	André Curiel	M	M35-39	51	10:57:19	1:31:39	0:06:04	5:22:15	0:05:15	3:52:06	US	
1606211a-d1b8-f011-bbd2-000d3a5b7c3b	404	Ian Roberge	M	M35-39	52	10:57:35	1:22:04	0:05:11	5:11:54	0:07:15	4:11:11	CAN	
b0b262bf-1479-4e53-aa48-e7669dcfc72e	405	Joseph Hyland	M	M30-34	60	10:57:44	1:29:04	0:04:30	4:56:13	0:04:36	4:23:21	CA	
acd92da8-c500-ef11-a1fe-000d3a314ae2	406	Stephen Kirby	M	M35-39	53	10:57:44	1:19:59	0:04:14	5:21:27	0:02:41	4:09:23	CA	
fe1000dd-ae73-f011-bec3-000d3a35ffc1	407	Juliette Soucy	F	F25-29	14	10:57:46	1:08:55	0:09:32	5:45:00	0:06:55	3:47:24	CA	
2bb8a3bd-0074-f011-bec2-000d3a5c3d6c	408	Jennifer Nicholson	F	F50-54	1	10:58:02	1:14:31	0:06:31	5:39:23	0:05:40	3:51:56	CA	
da76d06c-b357-f011-877b-000d3a3173b5	409	Joey Catto	M	M35-39	54	10:58:07	1:16:39	0:05:36	5:36:35	0:05:10	3:54:06	CA	
d39314cf-8199-4c2d-aea0-8225f5719306	410	David Copeland	M	M50-54	31	10:58:08	1:23:53	0:04:42	5:30:41	0:06:10	3:52:43	CA	
6faf8ced-e4d0-eb11-bacc-000d3a37737b	411	James worster	M	M45-49	29	10:58:12	1:17:03	0:04:47	5:12:04	0:05:09	4:19:09	usa	
c7671170-1cef-f011-8407-0022480c370f	412	Julian Black	M	M25-29	79	10:58:12	1:37:05	0:05:35	5:30:32	0:04:38	3:40:22	CAN	
3e144be2-f3ec-47b5-a2ff-181ddb3ad734	413	Louis-Germain Méthot	M	M60-64	5	10:58:21	1:24:34	0:06:41	5:19:04	0:08:37	3:59:24	CA	
fbd5a601-c285-f011-b4cc-000d3a5b7c3b	414	Lionel Roy	M	M35-39	55	10:58:26	1:16:26	0:07:34	5:31:26	0:06:55	3:56:04	CA	
15c327ad-3d2d-4904-822e-8e6db51ede1b	415	Chris Griffin	M	M40-44	54	10:58:26	1:16:28	0:07:52	5:40:43	0:04:27	3:48:56	CA	
7e4f29b8-e8e3-49b0-ae12-2f6a8b8a4fbd	416	Ann Hammer	F	F45-49	6	10:58:51	1:07:09	0:04:19	5:10:40	0:05:14	4:31:29	US	
ba6d8c1b-2dbf-40e0-aa43-68ac9eb4866f	417	Cindy Maloney	F	F50-54	2	10:59:01	1:26:46	0:04:53	5:29:39	0:03:20	3:54:23	CA	
0b0aad94-5d23-4741-9673-70fd1913ece8	418	David Wulff	M	M30-34	61	10:59:09	1:14:07	0:07:02	5:24:09	0:09:03	4:04:49	CA	
d33ae218-01c2-4bb3-9cf0-dde02612d7e0	419	Hunter Goodrich	M	M30-34	62	10:59:16	1:06:10	0:08:05	5:48:56	0:08:49	3:47:15	usa	
6a682c41-7b7b-f011-b4cc-0022480a7385	420	Kris Sakaluk	M	M35-39	56	10:59:21	1:18:25	0:05:25	5:44:46	0:05:06	3:45:38	CA	
c3c563af-3904-446e-93e7-90d83efeb706	421	Mikalai Malinouski	M	M40-44	55	10:59:24	1:34:33	0:04:57	5:25:46	0:05:25	3:48:43	US	
72d644cc-1f5a-49e4-808b-deb3191cc831	422	Alain Gilbert	M	M45-49	30	10:59:30	1:14:31	0:05:36	5:21:02	0:06:00	4:12:20	CA	
8219606e-9a7a-ef11-a670-000d3a59a9a1	423	Cédric Corriveau	M	M18-24	52	11:00:11	1:22:48	0:06:37	5:36:06	0:05:34	3:49:05	CA	
7e691e1c-3811-ee11-8f6d-000d3a31440b	424	Alex Heimpel	M	M35-39	57	11:00:14	1:18:59	0:07:40	5:21:42	0:05:31	4:06:21	CA	
ae938315-f9a6-4c3e-a0bb-964a77764191	425	Jed Joseph Azcueta	M	M40-44	56	11:00:21	1:19:55	0:06:59	5:42:05	0:04:38	3:46:44	CA	
633d27f5-5c72-f011-bec3-6045bd05fcc1	426	Bryan Van Boom	M	M45-49	31	11:00:21	1:16:56	0:05:48	5:26:45	0:05:51	4:05:00	CAN	
d6f32913-9715-4ed6-918c-854f2a8a29d8	427	Talat Gundogdu	M	M35-39	58	11:00:23	1:23:26	0:03:15	5:32:35	0:03:34	3:57:33	CA	
f3e5b0ac-232b-4658-a3bd-22da9a23adbd	428	steven gailliaert	M	M60-64	6	11:00:29	1:12:15	0:05:56	5:16:14	0:06:20	4:19:44	BE	
4409ca42-bce5-454b-bb75-f0514d9d5859	429	Thomas Piggott	M	M35-39	59	11:00:30	1:08:34	0:03:39	5:41:08	0:04:15	4:02:55	CA	
548645b9-7d32-4824-9930-e779ac48917d	430	Patrick Grzelak	M	M35-39	60	11:00:41	1:06:08	0:04:36	5:32:41	0:06:30	4:10:45	CAN	
65c07d4d-d1fe-f011-8406-6045bd06566a	431	Kya Chisholm	F	F18-24	1	11:01:22	1:17:17	0:04:49	5:35:38	0:04:27	3:59:11	CAN	
b86dffef-0182-4707-b4d4-341d12da063f	432	Simon Kulacz	M	M40-44	57	11:01:28	1:28:11	0:06:53	5:28:14	0:05:36	3:52:34	CA	
d18dd1e6-ff51-4333-917f-ab3ed6ebb01b	433	Derek Liou	M	M55-59	13	11:01:35	1:10:11	0:04:18	5:28:49	0:06:53	4:11:24	US	
f8562053-6129-4238-9b0b-37f519b5e319	434	Eren Perez	F	F35-39	8	11:01:36	1:09:19	0:04:50	5:55:32	0:04:33	3:47:22	can	
b2c1f751-ddce-ef11-b8e8-000d3a5a403c	435	Thomas Desrosiers	M	M18-24	53	11:01:43	1:21:50	0:05:19	5:22:36	0:04:02	4:07:55	CA	
521af02b-d985-4e04-bf1d-7f853ad80a37	436	Dougin Walker	M	M60-64	7	11:01:58	0:58:40	0:06:38	5:21:56	0:06:29	4:28:16	usa	
6af1c33a-e261-435b-89eb-fb8347560b14	437	Josee Courchesne	F	F40-44	6	11:02:05	1:20:17	0:03:53	5:27:27	0:03:40	4:06:48	CA	
706e0dbb-f245-4691-adb7-02d463a1ab3f	438	Becky Youngberg	F	F50-54	3	11:02:23	1:07:15	0:05:08	5:44:13	0:04:47	4:01:00	usa	
6582c958-bb48-4b76-8e6a-1d138f89c194	439	Maren Beck	F	F45-49	7	11:02:36	1:12:21	0:04:11	5:26:58	0:03:02	4:16:04	deu	
c7f2525f-b117-4cd2-bd29-f91a293a82e6	440	Yoann Briant	M	M40-44	58	11:02:37	1:26:05	0:06:15	5:10:21	0:07:03	4:12:53	CA	
7ead0951-20f9-4ca6-981c-55c87d19acf4	441	Andrew Thomas	M	M30-34	63	11:02:47	1:20:59	0:07:18	5:22:52	0:04:13	4:07:25	CA	
2f893677-1522-ef11-840a-6045bd00e0b7	442	Benjamin Bartlett	M	M30-34	64	11:02:54	1:14:43	0:05:15	5:42:20	0:04:27	3:56:10	CA	
92464f20-5dd9-430e-8b2e-f48f9d6efbb2	443	Lauryn Gehier	F	F25-29	15	11:02:55	1:19:41	0:04:18	5:51:01	0:03:08	3:44:46	FR	
4f1516f4-b002-465b-ac61-1493c474ad6c	444	Pierre Masselot	M	M18-24	54	11:02:57	1:34:12	0:06:07	4:49:42	0:04:20	4:28:35	CA	
c548ba83-fb19-ef11-9f8a-6045bd012ace	445	Mark Pétrin	M	M25-29	80	11:03:06	1:24:31	0:07:13	5:38:33	0:06:30	3:46:19	CA	
6d6dad53-02a7-49ba-ad93-7d4702ca94e5	446	Timothy Martin-Chan	M	M30-34	65	11:03:10	1:10:40	0:03:39	5:37:05	0:05:57	4:05:50	CA	
ee2d6362-f3b0-ef11-b8e9-000d3a5a1803	447	Brian Frederick Merker	M	M45-49	32	11:03:11	1:08:19	0:09:42	5:49:34	0:09:39	3:45:56	CAN	
031d3cd4-998f-ea11-a811-000d3a5a1cf8	448	Wes Bush	M	M30-34	66	11:03:28	1:10:40	0:07:15	5:37:22	0:08:53	3:59:17	CA	
84e09080-6275-43d7-81fc-bb0ecdcac9c0	449	Jonathan Duguay-Rheault	M	M35-39	61	11:03:43	1:31:30	0:05:08	5:26:31	0:07:44	3:52:50	CA	
1b2b373a-f66e-4013-b8e9-8824c2f43af5	450	Garet Lupyrypa	M	M25-29	81	11:03:44	1:06:54	0:03:38	5:05:02	0:04:33	4:43:35	CA	
adeab58a-88da-4326-b95b-ea026283bb67	451	Kristy Blair	F	F30-34	7	11:03:47	1:33:32	0:04:27	5:19:48	0:02:57	4:03:02	CA	
6209cf2b-ccf2-468c-b13b-360270b82143	452	Nicholas Severyn	M	M35-39	62	11:03:49	1:06:23	0:04:15	5:34:48	0:06:23	4:11:59	US	
8536b73d-2292-4b05-82de-2f0c42a6edc9	453	Jackson Konkin	M	M25-29	82	11:04:17	0:57:29	0:03:13	5:07:37	0:03:15	4:52:42	CA	
ef6b159f-08db-421e-a94e-63e69c2ff6ce	454	Ewan Hardie	M	M50-54	32	11:04:18	1:09:17	0:06:41	5:31:03	0:05:15	4:12:01	CA	
ddb9dc5e-998a-43b4-9cdf-bf690d4ba7e8	455	Mark Simons	M	M45-49	33	11:04:28	1:13:53	0:06:09	5:16:22	0:07:37	4:20:26	US	
df76209b-5b4a-ed11-bba1-000d3a31440b	456	Daniel Oliveira	M	M35-39	63	11:04:33	1:11:17	0:05:19	5:09:53	0:05:26	4:32:38	CAN	
4febf63f-aa06-4336-b70b-55cdc1db21a9	457	Drew Jett	M	M40-44	59	11:04:43	1:27:15	0:05:07	5:14:57	0:05:12	4:12:11	US	
0048bd3b-81ad-4455-84ee-3a5121c7b894	458	Laurence Jones	M	M55-59	14	11:04:43	1:45:34	0:04:57	5:15:57	0:07:26	3:50:50	usa	
a07b2508-0789-ef11-ac21-000d3a3126fd	459	Steven Cruise	M	M40-44	60	11:04:58	1:20:28	0:05:16	5:39:16	0:08:03	3:51:55	CA	
600840f0-cbaa-ef11-b8e8-000d3a5ae96c	460	Gavin Ritter	M	M25-29	83	11:05:02	1:08:39	0:07:38	5:42:15	0:05:15	4:01:14	US	
cfb43a9f-21fd-4b48-b7d3-ad6570c59f4c	461	Chris Polowick	M	M35-39	64	11:05:13	1:15:58	0:08:52	5:32:41	0:08:37	3:59:05	CA	
f3e400e3-7930-4f38-b5ab-76fbbbcd4d82	462	Margaret Lucas	F	F40-44	7	11:05:17	1:31:04	0:03:17	5:15:12	0:02:46	4:12:58	US	
a3d3dc6d-ffdf-49ef-9af2-e9a27addf7d9	463	Joshua Dyball	M	M35-39	65	11:05:19	1:32:25	0:05:50	5:23:18	0:06:04	3:57:42	BM	
29652160-4af9-4ea3-9c15-2e288199fd2a	464	Charl Volsteedt	M	M45-49	34	11:05:33	1:24:40	0:05:17	5:25:47	0:07:54	4:01:55	can	
fc37c606-ab69-4a75-9eaa-598961c0f817	465	Ken Mclaughlin	M	M60-64	8	11:06:12	1:42:07	0:08:18	5:06:45	0:04:46	4:04:16	US	
5f57a7ea-9315-4d57-91db-d119a49f22c6	466	Mathieu Nicole	M	M18-24	55	11:06:22	1:18:27	0:05:31	5:32:33	0:05:00	4:04:51	CA	
6650ba04-6a74-ef11-a670-000d3a308d97	467	Mathieu Turgeon	M	M18-24	56	11:06:25	1:21:31	0:05:35	5:10:18	0:05:37	4:23:23	CA	
1763a277-315c-f011-bec1-000d3a5b7c3b	468	Samuel Castilloux	M	M30-34	67	11:06:26	1:22:35	0:05:38	5:47:01	0:05:00	3:46:13	CAN	
92c50919-01ab-43f3-9592-4eb8c9645810	469	Carly Ross	F	F30-34	8	11:06:39	1:01:01	0:05:31	5:44:56	0:06:22	4:08:48	CA	
c980c204-e0e6-49e5-a843-546264e68ebc	470	Evan Londry	M	M45-49	35	11:07:04	1:23:00	0:04:09	5:15:20	0:04:15	4:20:19	CA	
014fd6cc-7cb6-f011-bbd2-6045bd050e4b	471	Philippe Beaudoin	M	M30-34	68	11:07:06	1:24:56	0:07:09	5:31:45	0:04:29	3:58:48	CAN	
0833058e-3c5e-ef11-bfe3-000d3a367177	472	William Fabi	M	M25-29	84	11:07:52	1:21:08	0:07:39	5:27:27	0:06:54	4:04:44	CA	
ca3e90a2-503f-42e5-9fde-3badac85ce0a	473	Karleen Scase	F	F45-49	8	11:07:54	1:09:40	0:04:51	5:41:26	0:04:50	4:07:07	CA	
b1487569-76f2-40d8-9720-1550b979d013	474	Sandra Wirth	F	F45-49	9	11:07:57	1:02:58	0:03:02	5:32:46	0:03:17	4:25:54	DE	
80406400-80b7-4b0f-9416-e8940f905a9b	475	Mark Montgomery	M	M40-44	61	11:08:08	1:20:24	0:03:18	5:22:54	0:03:23	4:18:09	CA	
396ec1ea-0ca5-f011-bbd3-000d3a5b50ba	476	Alain Doucet	M	M40-44	62	11:08:22	1:10:28	0:06:05	5:29:53	0:07:46	4:14:09	CA	
354ccc06-d570-4a00-a145-72acac6cc094	477	Sheima Marand	F	F30-34	9	11:08:28	1:28:40	0:03:58	5:30:06	0:02:47	4:02:56	USA	
f97a916f-ed01-426a-a623-ce9195283574	478	Dominick Cloutier	M	M30-34	69	11:08:41	1:26:54	0:04:53	5:26:48	0:04:48	4:05:17	CA	
dd2bbc1c-5729-45dd-99a6-bc8635782152	479	Heather Helms	F	F40-44	8	11:08:49	1:24:50	0:04:50	5:18:02	0:03:58	4:17:09	US	
2949eb4b-a2ee-4842-82f8-f6eee8044072	480	Seamus Mcconnell	M	M40-44	63	11:09:15	1:14:16	0:06:31	5:25:37	0:05:23	4:17:29	CAN	
4031f951-cb9d-441f-9377-2811fc4feecb	481	Alain Tremblay	M	M55-59	15	11:09:42	1:15:02	0:04:27	5:28:44	0:04:51	4:16:38	CA	
d4d44624-3819-4914-8ef0-91aa8813dc4e	482	Chinchin Wang	F	F30-34	10	11:09:52	1:33:00	0:07:09	5:43:48	0:05:54	3:40:01	CA	
679882b7-b76d-4a5e-a566-37daf1195683	483	Yinan He	M	M40-44	64	11:09:59	1:22:43	0:07:46	5:35:02	0:05:18	3:59:11	CA	
3787090f-bcc9-478f-b19f-34cb7d42fbfe	484	Garth BEHRJE	M	M55-59	16	11:10:01	1:25:52	0:10:49	5:20:54	0:08:55	4:03:31	usa	
84ac613f-2bca-47a5-92ad-5ddb4efe4c5f	485	Nicolas Bernier	M	M40-44	65	11:10:13	1:19:03	0:05:29	5:25:07	0:04:26	4:16:08	CA	
f7f7641a-8c7f-f011-b4cc-000d3a5cf7d8	486	Owen Flynn	M	M18-24	57	11:10:24	1:08:40	0:05:48	5:22:02	0:06:26	4:27:28	CA	
8808a59c-6e0f-4174-93b0-f8fae491c4ff	487	Patrick Chamberland	M	M55-59	17	11:10:31	1:36:20	0:06:57	5:21:18	0:04:53	4:01:05	CA	
2aa3dbdd-7aea-4bee-8a18-32dfcd28a951	488	Yossi Maman	M	M35-39	66	11:10:33	1:20:34	0:13:33	5:43:16	0:13:03	3:40:07	GB	
3684b6c9-9ae7-ee11-904d-000d3a314c24	489	Molly Silsby	F	F25-29	16	11:10:40	1:07:30	0:04:58	6:22:48	0:05:59	3:29:24	US	
a5fe2613-6ea7-ef11-8a69-6045bd018d16	490	Matilde Montero	F	F18-24	2	11:10:46	1:14:59	0:07:46	5:51:16	0:05:45	3:51:01	MX	
6049e0cc-2f76-f011-b4cc-000d3a35ffc1	491	Alex Laviolette	M	M30-34	70	11:11:07	1:17:39	0:09:03	5:56:46	0:06:35	3:41:05	CAN	
fcd57d32-8404-ef11-9f89-000d3a59e106	492	Mickael Bros	M	M35-39	67	11:11:27	1:31:30	0:05:06	5:18:22	0:03:33	4:12:55	CA	
f1a4d7c7-5d46-ef11-a316-000d3a3b4ec1	493	Pieter Wyminga	M	M25-29	85	11:11:49	1:30:53	0:08:40	5:45:30	0:07:55	3:38:51	CA	
0eeaec10-25c0-f011-bbd3-000d3a35ffc1	494	William Downey	M	M18-24	58	11:11:51	1:38:17	0:14:58	5:21:42	0:08:55	3:48:00	USA	
090729bd-7f02-493f-b6c5-3fe4bcafd092	495	Michael Nash	M	M35-39	68	11:11:53	1:27:22	0:06:44	5:23:30	0:06:13	4:08:03	CA	
d635fb94-4051-f011-877a-0022480c097c	496	Alexander Sun	M	M18-24	59	11:11:54	1:16:39	0:07:17	5:31:54	0:06:31	4:09:32	CAN	
8dd36f58-486b-4981-9c20-e330b1f3a454	497	Alessa Rickmers	F	F35-39	9	11:12:13	1:19:53	0:04:16	5:34:38	0:05:15	4:08:10	US	
65323287-26b6-420f-8500-096fdad54d13	498	Michael Kelly	M	M30-34	71	11:12:21	1:23:08	0:05:08	5:37:17	0:06:40	4:00:08	US	
17fa6011-1a6c-ec11-8941-002248090bde	499	Jonathan Dow	M	M35-39	69	11:12:28	1:05:21	0:04:46	5:08:21	0:04:46	4:49:14	CA	
5a5b0ac8-8ee1-412d-b96c-9b520a710748	500	Christopher Swann	M	M50-54	33	11:12:45	1:01:23	0:07:32	5:42:06	0:05:27	4:16:17	CA	
ce22225d-7e28-401a-8230-a172d4e3149d	501	Renee Tng	F	F35-39	10	11:12:46	1:18:01	0:05:07	6:05:35	0:05:58	3:38:05	SGP	
cc7186c4-bc63-ee11-be6e-000d3a314c24	502	Thierry Larocque	M	M25-29	86	11:12:48	1:27:25	0:06:52	5:27:38	0:05:07	4:05:47	CA	
bc68c731-b46e-4f35-9b29-96245d77c4c9	503	Adrian Constantinescu	M	M55-59	18	11:13:08	1:40:40	0:04:28	5:09:09	0:04:54	4:13:57	CA	
ff594202-8c20-478c-822b-137daade2753	504	Olivier Villeneuve	M	M30-34	72	11:13:22	1:16:40	0:10:24	5:35:57	0:10:23	3:59:58	CA	
b3a424e9-72b6-4550-965c-3cb7785f5820	505	Simon Drapeau	M	M35-39	70	11:13:35	1:38:26	0:06:48	5:21:47	0:05:27	4:01:07	CA	
cf401c13-37fd-f011-8406-0022480994c2	506	Alexander Kochoa	M	M18-24	60	11:13:35	1:09:18	0:08:19	5:29:39	0:08:27	4:17:53	USA	
935f1f55-dea4-498a-87c5-541888a5b1a9	507	Catherine Senez	F	F30-34	11	11:13:41	1:20:15	0:04:46	5:51:03	0:04:22	3:53:14	CA	
cd858e28-0c8b-ef11-ac21-000d3a5a1803	508	Richard Huie	M	M35-39	71	11:14:09	1:24:51	0:05:12	5:24:51	0:05:46	4:13:29	USA	
ea375a7c-4e71-f011-bec2-002248098cfa	509	Félix Auger	M	M25-29	87	11:14:16	1:15:01	0:05:28	5:35:18	0:07:12	4:11:17	CA	
35b4bb6e-1c34-4772-9b01-52d648121b3f	510	Simon Angers	M	M35-39	72	11:14:17	1:17:29	0:05:46	5:43:38	0:06:19	4:01:04	CA	
225a79cd-778d-4394-8776-6791faf207db	511	Christian Jacobsen	M	M50-54	34	11:14:21	1:17:41	0:04:57	5:06:24	0:06:05	4:39:15	US	
0ccb0765-b173-f011-bec2-000d3a5cf7d8	512	Vincent Mercier	M	M40-44	66	11:14:22	1:25:59	0:05:25	5:29:51	0:06:34	4:06:33	CA	
4ee24592-c7d8-4563-b9a2-43a2467c73f0	513	Curtis Arends	M	M40-44	67	11:14:47	1:26:51	0:10:38	5:52:37	0:06:44	3:37:57	CA	
eba617f9-b3d9-ef11-8ee9-000d3a5ae96c	514	Harrison Weiss	M	M25-29	88	11:14:49	1:19:41	0:10:45	5:40:13	0:09:04	3:55:07	US	
e2c50907-ec3e-42cc-8f78-97df552440d3	515	Katie Macaskill	F	F25-29	17	11:15:07	1:03:53	0:05:23	5:32:14	0:04:15	4:29:21	CA	
436f6b09-8f69-f011-bec3-6045bd09951e	516	Andy Melancon-Talboys	F	F35-39	11	11:15:15	1:15:20	0:05:33	5:48:19	0:03:41	4:02:21	CA	
077d513b-1a5d-439d-bb3e-e0a8937d0baf	517	Tao Fernandez	M	M40-44	68	11:15:28	1:17:38	0:08:39	5:35:23	0:10:09	4:03:39	CA	
c8d38710-5588-f011-b4cc-000d3a5cf7d8	518	Jessie Bazylinski	M	M35-39	73	11:15:41	1:25:41	0:07:49	6:01:15	0:07:27	3:33:29	can	
b10935d8-c5ba-f011-bbd3-000d3a5cf7d8	519	Luc AMAR	M	M35-39	74	11:15:42	1:16:56	0:07:17	5:30:17	0:04:15	4:16:58	FRA	
cc1b5dcd-ceca-ef11-b8e9-000d3a5a1803	520	Alex Robichaud	M	M30-34	73	11:16:24	1:18:29	0:07:09	5:41:08	0:05:10	4:04:28	CA	
fbc747d6-1b5c-ec11-8f8f-000d3a370c2c	521	Joanna Schmidt	F	F30-34	12	11:16:25	1:18:08	0:06:28	5:48:55	0:04:36	3:58:18	CA	
f1d36fce-f7c3-ef11-b8e8-000d3a5a403c	522	Alex Cheng	M	M25-29	89	11:16:31	1:28:18	0:08:15	5:16:41	0:09:25	4:13:52	CA	
73bce611-3675-f011-b4cc-000d3a35ffc1	523	Isaac Nichols	M	M25-29	90	11:16:44	1:24:09	0:05:48	5:54:26	0:09:24	3:42:58	CA	
3e147bc0-3132-4411-bcd4-0298a9a92338	524	Christopher Britton	M	M50-54	35	11:17:11	1:15:21	0:07:36	5:12:11	0:05:26	4:36:36	US	
40beff7f-4bac-ef11-b8e9-000d3a5a1803	525	Owen Streett	M	M18-24	61	11:17:18	1:13:01	0:08:13	5:50:53	0:05:45	3:59:25	US	
01a58eb0-97a1-432a-830c-4be49e094bc9	526	Charles Bouffard	M	M30-34	74	11:17:20	1:25:44	0:03:39	5:11:52	0:05:05	4:31:00	can	
1f80b695-cd5a-47f8-b525-d17ac1b9a6ec	527	Rosaly Bujold	F	F18-24	3	11:17:21	1:09:04	0:04:27	5:45:38	0:06:59	4:11:14	CA	
6fdbc6c8-3dba-4687-9cd7-ac37efd90b1d	528	Wojciech Pantera	M	M45-49	36	11:17:31	1:28:59	0:08:10	5:28:19	0:05:21	4:06:42	CA	
02eacac1-4be8-ee11-a204-000d3a314c24	529	Jonathan Samrai	M	M45-49	37	11:17:43	1:57:09	0:06:24	5:28:40	0:07:14	3:38:15	GB	
4c77cecd-305b-4a4a-8459-9cc6084b02e7	530	Lauren Groppi	F	F45-49	10	11:17:55	1:32:44	0:06:47	5:40:33	0:06:30	3:51:21	US	
a6e0a649-35a1-4386-8fbd-40250c1976b8	531	Liam Ostlund	M	M25-29	91	11:18:02	1:18:37	0:09:29	5:22:17	0:08:44	4:18:54	CA	
3b53ba81-b811-4a7e-8338-2d588b92fdb8	532	Jason Hervey	M	M50-54	36	11:18:04	1:16:53	0:05:11	5:22:22	0:03:16	4:30:22	CA	
0b1dd823-5ffe-4899-a5e6-fbebaf7897d7	533	Nicolas Bergeron	M	M50-54	37	11:18:12	1:21:59	0:03:42	5:25:56	0:03:11	4:23:24	CA	
eca86f96-80f3-4abf-b325-76d243ad59b1	534	MAURICIO DE MORAES LUZ	M	M40-44	69	11:18:14	1:27:50	0:05:10	5:12:00	0:06:10	4:27:05	bra	
de468e55-d6ff-4604-86d0-5fa01ee7b650	535	Murray Smith	M	M45-49	38	11:18:18	1:20:53	0:07:00	5:21:30	0:03:50	4:25:05	CAN	
1d23d067-b550-f011-877a-0022480a7385	536	Kristian Fury	M	M25-29	92	11:18:23	1:13:49	0:06:40	5:33:10	0:07:32	4:17:13	CAN	
1bf0a688-3297-f011-b4cc-000d3a5cf7d8	537	Thomas Hickerson	M	M25-29	93	11:18:24	1:08:38	0:09:43	5:26:38	0:05:19	4:28:06	US	
61c01468-2cc7-f011-bbd2-000d3a5b5fc7	538	Joao Pedro Perez Dias Pinheiro	M	M18-24	62	11:18:28	1:04:01	0:07:10	5:46:15	0:05:20	4:15:43	BRA	
647f32d6-5076-4454-9528-f7cdba193df0	539	Eric Huff	M	M55-59	19	11:18:35	1:02:45	0:04:34	5:24:39	0:04:32	4:42:04	CA	
82b08ddc-b4cc-4a96-99c4-83f55a75a198	540	Charles-Antoine Goulet	M	M18-24	63	11:18:38	1:13:16	0:07:44	5:31:34	0:06:54	4:19:10	CA	
e7119b5c-0085-ef11-ac21-6045bd05c809	541	William Sirois	M	M18-24	64	11:18:52	1:17:03	0:05:57	5:41:52	0:04:05	4:09:55	CA	
c6d17bc8-5e67-ef11-bfe3-6045bd0953ac	542	Scott Berg	M	M18-24	65	11:18:53	1:15:18	0:08:06	5:33:23	0:02:37	4:19:29	CA	
97de732e-5750-46de-99b1-ffd78bfe4a77	543	Alex Maisonneuve	M	M35-39	75	11:18:57	1:18:50	0:05:19	5:28:16	0:07:42	4:18:49	CA	
fbb68fb1-8443-ef11-8409-6045bd010fe7	544	Mat Bush	M	M30-34	75	11:19:15	1:06:36	0:05:34	5:49:02	0:05:55	4:12:08	CA	
0569868a-b1e2-4f5f-93e7-d0384aedd50d	545	Renato Dalboni	M	M45-49	39	11:19:16	1:03:58	0:03:42	5:09:28	0:05:01	4:57:07	CA	
2d88d43b-2753-ee11-be6f-000d3a31406e	546	Wendy Mehaffey	F	F45-49	11	11:19:30	1:23:11	0:04:04	5:34:37	0:03:25	4:14:14	usa	
49d4697a-f071-ef11-a670-000d3a308d97	547	Aashish Balani	M	M25-29	94	11:19:36	1:34:28	0:06:41	5:15:09	0:06:58	4:16:19	US	
bc8ad4ac-2b34-ef11-8409-6045bd0953ac	548	Matis Galipeau	M	M18-24	66	11:19:38	1:25:21	0:05:40	5:47:20	0:04:39	3:56:37	CA	
136ae8dc-b1d8-4fd6-815b-6f5303311522	549	Charles Etienne Dubuc	M	M35-39	76	11:19:51	1:27:15	0:03:58	5:44:31	0:03:36	4:00:31	CA	
207baa63-662f-45f8-a66c-6b1c61f12d22	550	Matt Bembridge	M	M18-24	67	11:19:59	1:25:08	0:04:43	6:04:51	0:06:38	3:38:40	CA	
957abaa3-cefb-4a6c-a5d0-91ee88d44b51	551	Simon Ringuette	M	M35-39	77	11:20:07	1:24:24	0:08:37	5:37:03	0:06:48	4:03:16	CA	
dcbb88eb-4f47-41c7-8c2e-64c1cad70c66	552	Aaron Glaeser	M	M50-54	38	11:20:10	1:09:08	0:07:19	5:17:08	0:04:58	4:41:37	US	
0091b17a-0178-4936-b9a3-82f0b5b1c1cc	553	Brian Jensen	M	M50-54	39	11:20:15	1:24:17	0:06:04	4:47:58	0:04:53	4:57:03	Denmark	
33509bfc-9e9c-f011-b41c-000d3a5cf7d8	554	Charles Brunelle	M	M25-29	95	11:20:23	1:23:29	0:08:50	5:27:06	0:05:45	4:15:13	CA	
098bc683-cd08-ec11-b6e6-000d3a5bdc75	555	Dustin Beach		M40-44	70	11:20:25	1:22:08	0:07:38	6:00:34	0:06:02	3:44:03	CA	
28f62fb8-1fef-f011-8406-00224804742c	556	Daniel Banville	M	M65-69	2	11:20:28	1:31:04	0:06:49	5:34:15	0:05:43	4:02:37	CAN	
4ceb7c26-baa4-49ff-8c9c-1f9e3ff5a57a	557	Steve Nguyen	M	M40-44	71	11:20:34	1:17:12	0:04:48	5:31:26	0:05:02	4:22:06	US	
7de9368b-1019-45ef-8fa8-ff8223dd25df	558	Gasc Olivier	M	M55-59	20	11:20:35	1:03:26	0:05:53	5:22:05	0:06:20	4:42:52	FRA	
78674270-1f73-4990-89a3-e25106adcc0b	559	Brendan Landreville	M	M18-24	68	11:20:38	1:18:39	0:07:09	5:28:08	0:06:20	4:20:21	CA	
fd473d82-880b-400f-a2d2-53617ae988cc	560	Frederic Gauthier	M	M25-29	96	11:20:45	1:27:06	0:06:42	5:37:23	0:06:30	4:03:03	CA	
2d79b138-b1ef-4014-9cd5-2b12b5ec824b	561	Philippe Guay	M	M50-54	40	11:20:47	1:13:26	0:04:30	5:11:37	0:04:46	4:46:28	CAN	
3b3ba43d-c4ec-4be9-bf67-0384e13ed564	562	David Maranger	M	M30-34	76	11:20:48	1:24:50	0:09:05	5:42:40	0:06:28	3:57:46	CA	
ba449073-9463-4a70-8bda-87b4815ca3dd	563	Molly Zahr	F	F45-49	12	11:20:51	1:17:15	0:06:37	4:59:13	0:03:30	4:54:15	US	
268683ff-fde5-41ff-97f0-93edad7b2919	564	Valerie Thibert	F	F30-34	13	11:20:57	1:05:25	0:05:41	5:54:25	0:08:41	4:06:45	CAN	
7c5aeaa2-45b7-43a6-9c93-4d25c782b046	565	Abdel Gomez-Perez	M	M40-44	72	11:21:04	1:23:24	0:05:14	5:03:19	0:08:00	4:41:07	US	
cf64a1bc-1887-ef11-ac21-002248049fdc	566	Mathieu Gauthier	M	M25-29	97	11:21:12	1:29:46	0:04:25	5:24:18	0:03:17	4:19:27	CA	
5d45fdd4-e35c-45bf-9a32-22724810ded3	567	Pier-Luc Lapalme	M	M25-29	98	11:21:27	1:23:19	0:08:16	5:34:33	0:05:35	4:09:43	CA	
caf34416-e2fb-f011-8406-0022480b84a3	568	Charles Glaeser	M	M18-24	69	11:21:30	1:22:48	0:04:46	5:47:56	0:03:58	4:02:02	USA	
cfbeaa22-7721-4c30-a973-3c3cd84fd015	569	Salvador Herrera	F	M25-29	99	11:21:32	1:19:31	0:08:16	5:33:48	0:07:35	4:12:23	mex	
939cf36e-072b-4606-ba14-1275f4e5d6b4	570	Antoine Decarie	M	M25-29	100	11:21:34	1:34:04	0:06:24	5:25:07	0:04:15	4:11:44	CA	
92fcd690-8f5c-49f2-85f0-5e84bf32aa5b	571	Tristan Sandhu	M	M35-39	78	11:22:03	1:16:24	0:09:19	5:32:42	0:08:44	4:14:54	CA	
931723d5-931a-4475-bc8f-df6568426053	572	Greg Hopson	M	M45-49	40	11:22:11	1:15:48	0:04:36	5:29:55	0:05:26	4:26:25	can	
4413ce49-feb9-f011-bbd3-000d3a3173b5	573	Kurt Storckman	M	M18-24	70	11:22:14	1:12:23	0:06:19	5:42:10	0:07:31	4:13:51	USA	
b38df2d6-f45c-4962-820c-fc871b44955e	574	Sarah Elliott	F	F40-44	9	11:22:16	1:13:47	0:07:03	5:35:29	0:06:30	4:19:28	CA	
52adc439-b35b-4c90-b424-0208657808f7	575	Kenneth Lowther	M	M25-29	101	11:22:17	1:10:54	0:04:37	4:59:13	0:04:53	5:02:40	CA	
94150254-ade8-ec11-bb3c-000d3a376055	576	Paul Robinson	M	M50-54	41	11:22:26	1:11:39	0:03:19	5:19:40	0:07:28	4:40:20	gbr	
bea3279c-bad5-49c1-b6d8-b47b12942ed0	577	Andy Shibata	M	M50-54	42	11:22:31	1:13:06	0:04:43	5:43:08	0:04:32	4:17:02	CA	
3aa9c66c-9f69-f011-bec3-6045bd05fcc1	578	Cody Thompson	M	M30-34	77	11:22:32	1:31:51	0:09:38	5:27:56	0:12:21	4:00:46	CAN	
67827922-156e-f011-bec2-000d3a5cf7d8	579	Doug James	M	M50-54	43	11:22:39	1:05:09	0:08:54	5:44:13	0:05:03	4:19:20	CA	
c5f12c0e-3b40-ef11-8409-6045bd010fe7	580	Brandon Peacock	M	M30-34	78	11:22:49	1:20:33	0:10:01	5:32:04	0:06:03	4:14:08	CA	
94914c9d-3867-f011-bec2-000d3a5cf7d8	581	Ludovic Garneau	M	M18-24	71	11:22:50	1:17:16	0:07:41	5:54:21	0:07:35	3:55:56	CA	
f7f5ef6e-6ef2-4b9a-b615-69d60a758f32	582	Rachel Taylor	F	F55-59	1	11:23:00	1:08:40	0:04:04	5:49:50	0:04:13	4:16:13	CA	
c2096bef-fe69-485f-9da6-c210af3567e9	583	Kevin Butterfield	M	M50-54	44	11:23:02	1:19:26	0:10:51	5:31:34	0:08:28	4:12:43	can	
a44a5284-62a1-441f-998d-ddaa359cdb7c	584	Fernando Javier Escamilla Garcia	M	M45-49	41	11:23:04	1:44:39	0:09:00	5:42:26	0:07:13	3:39:46	mex	
7abd8158-bd91-434d-9f51-36677e859b4d	585	RICARDO TOVAR	M	M25-29	102	11:23:18	1:20:03	0:06:04	5:56:51	0:04:48	3:55:32	CA	
27cf3ef9-d5b7-4042-bb64-f8c4d7107d9c	586	Leo Sanscartier	M	M30-34	79	11:23:52	1:05:38	0:05:13	5:59:11	0:07:23	4:06:27	CAN	
00fa3a0c-b1fe-ee11-a1ff-6045bd0158c4	587	Sheila Kealey	F	F60-64	1	11:23:58	1:21:16	0:10:14	5:34:16	0:09:26	4:08:46	CA	
b8359315-b2c2-ea11-a812-000d3a5913bd	588	Alex Murie		M35-39	79	11:24:13	1:30:00	0:09:47	5:36:24	0:07:11	4:00:50	CA	
d596c7f4-29fa-41ed-bdd2-5462b5912ce7	589	Charlie Garcia	M	M50-54	45	11:24:25	1:34:37	0:03:45	5:17:46	0:05:04	4:23:13	CA	
1767577f-86ce-4ac6-971f-e78038db7de6	590	Marie-Audrey Peel	F	F30-34	14	11:24:31	1:15:40	0:04:16	6:27:10	0:04:32	3:32:53	CA	
7313812b-723f-425e-a27e-e87bc4fc8c7f	591	Matthew Perry	M	M25-29	103	11:24:37	1:07:49	0:10:37	4:58:35	0:08:37	4:58:59	CA	
5934c16b-7d13-4353-ab06-b7b9961e118c	592	Kent Tilley	M	M55-59	21	11:24:51	1:18:22	0:05:51	5:39:12	0:07:27	4:13:59	CA	
f9a2c480-1877-f011-b4cc-000d3a35ffc1	593	HEMRICK DION	M	M18-24	72	11:25:00	1:09:45	0:05:45	5:44:35	0:03:41	4:21:13	CA	
6f7bd4cd-ab74-f011-bec2-000d3a5b7c3b	594	Simon Crewe	M	M18-24	73	11:25:22	1:12:48	0:09:09	5:50:08	0:07:30	4:05:47	CA	
cfb36189-6b41-4740-b811-4418fe2f714e	595	Robert Laborie	M	M60-64	9	11:25:26	1:17:00	0:07:46	5:34:16	0:04:50	4:21:35	can	
838ec67e-331f-4eb8-af3b-4dd5625e1409	596	James Macmillan	M	M40-44	73	11:25:41	1:26:27	0:06:16	5:15:41	0:08:04	4:29:13	CA	
e6f46632-a390-48df-9e4d-a2e6c8db0543	597	Craig Stoller	M	M65-69	3	11:25:42	1:40:07	0:07:20	5:33:21	0:06:48	3:58:06	usa	
e97834ce-1add-4394-a568-79c19a2affe1	598	Melissa French	F	F45-49	13	11:25:53	1:17:23	0:16:54	5:42:39	0:09:34	3:59:22	CA	
c7265510-fd7d-4a06-b73c-ebdaa12fbe3d	599	Jean-Christophe Rousseau	M	M18-24	74	11:26:06	1:29:54	0:05:51	5:47:31	0:05:16	3:57:33	CA	
6f6e9d14-dc43-ef11-8409-000d3a383830	600	Carolina Quintana Giraldo	F	F30-34	15	11:26:08	1:30:33	0:08:12	5:49:41	0:05:44	3:51:59	can	
45631d56-d291-f011-b4cc-6045bd05f634	601	Karina Pronska	F	F25-29	18	11:26:16	1:18:00	0:04:06	6:08:50	0:03:43	3:51:37	can	
7bf31cfc-5d57-4a74-bc37-9026430eabd3	602	Sean Lee	M	M40-44	74	11:26:33	1:12:09	0:03:45	5:33:51	0:02:41	4:34:08	CA	
8f1c2300-4dfd-f011-8406-6045bd06566a	603	Ben Roberts	M	M30-34	80	11:26:38	1:11:40	0:05:57	5:58:05	0:05:52	4:05:04	CAN	
65b52602-7774-f011-bec2-0022480c097c	604	Seamus Coyle	M	M18-24	75	11:27:08	1:17:27	0:08:02	6:03:57	0:10:32	3:47:10	US	
ea246820-1873-f011-b4cb-7ced8d6e777a	605	Marc-Antoine Chayer	M	M25-29	104	11:27:15	1:29:34	0:09:17	5:33:41	0:06:17	4:08:26	CA	
fd9f56cd-5d2b-40d9-a3ba-dac918eba8be	606	Dominik Roos	M	M45-49	42	11:27:18	1:19:28	0:05:12	5:39:13	0:05:29	4:17:56	CA	
4d33e1f0-edd3-4e5e-a283-60057cc7c9d1	607	Sarah Latonas	F	F35-39	12	11:27:20	1:11:45	0:06:11	5:43:56	0:07:21	4:18:07	CA	
0276ae52-8f83-4f2b-ba76-f57c3f240698	608	Kevin Vaughn	M	M40-44	75	11:27:45	1:18:16	0:05:49	5:50:42	0:06:54	4:06:04	US	
b43ddaee-7efd-4124-8641-2f24fb85afed	609	Robert Macarthur	M	M50-54	46	11:27:48	1:08:31	0:09:31	5:35:55	0:09:14	4:24:37	US	
375b764c-9055-4e08-94c2-9dac30af7725	610	Clayton Greer	M	M30-34	81	11:27:52	1:21:00	0:07:39	5:41:03	0:09:47	4:08:23	CA	
b97fad8b-47c9-ef11-b8e9-002248049fdc	611	Samuel Patt	M	M40-44	76	11:28:08	1:13:41	0:10:12	5:32:28	0:06:55	4:24:52	US	
77ae0df2-84ee-4522-b3c8-6b49e2f2368c	612	Jennifer Charvat	F	F50-54	4	11:28:11	1:25:27	0:07:16	5:40:31	0:03:40	4:11:17	US	
2e667bd9-4707-f011-bae2-000d3a5cf7d8	613	Leah Mccrossin	F	F45-49	14	11:28:17	1:42:38	0:04:28	5:35:41	0:04:07	4:01:24	US	
5194b737-63b3-4014-bfe7-b8c4c73658be	614	Angela Valdes	F	F35-39	13	11:28:17	1:14:55	0:05:33	5:59:47	0:07:15	4:00:48	CA	
943e8535-d552-4336-ab42-58604264be1f	615	Viviane Marcotte-L'Heureux	F	F30-34	16	11:28:19	1:21:31	0:13:58	5:37:44	0:14:34	4:00:33	CA	
d5d38f82-d714-43e2-ad98-2b965bf26525	616	Charlie Mueller	M	M30-34	82	11:28:33	1:23:44	0:07:45	6:03:24	0:04:30	3:49:10	US	
90c19c76-897e-ef11-ac21-000d3a5a1803	617	Peter Safieh	M	M30-34	83	11:28:37	1:17:30	0:06:51	5:48:49	0:04:53	4:10:33	CA	
1d7831ae-6774-41a0-ad57-edea2a057f82	618	Daniel Deternoz	M	M45-49	43	11:28:37	1:17:19	0:04:30	5:26:02	0:07:17	4:33:28	US	
15ae3369-8a77-f011-b4cc-6045bd05f634	619	Colin Gaines	M	M25-29	105	11:28:38	1:14:29	0:09:21	5:30:33	0:10:11	4:24:04	USA	
c9403ba3-3297-f011-b4cc-6045bd05f634	620	Matthew Marsh	M	M18-24	76	11:28:50	1:17:58	0:07:56	5:17:18	0:07:06	4:38:31	US	
4d579683-dd01-4e4a-903e-219fa9972a02	621	Daniel Heinrichs	M	M30-34	84	11:28:53	1:21:11	0:08:36	5:29:15	0:08:58	4:20:53	CA	
401c6c74-821f-4cb3-90a9-79c53aafb63f	622	Alisa Dicaprio	F	F50-54	5	11:29:03	1:13:17	0:07:28	5:49:37	0:04:12	4:14:30	US	
2620a4ea-f853-4f4b-abf7-a4f89a8c3e18	623	Kelly Legallais	F	F50-54	6	11:29:04	1:27:47	0:07:25	5:42:15	0:08:01	4:03:36	CA	
9e774dba-b0c7-f011-bbd2-000d3a5b5fc7	624	Vladimir Tsariabin	M	M40-44	77	11:29:07	1:21:47	0:09:23	5:28:20	0:07:15	4:22:22	CAN	
9b29d10d-5c94-4703-b4ef-c93d82fa2d06	625	Rebecca Wang	F	F25-29	19	11:29:16	1:09:33	0:05:21	5:49:52	0:05:47	4:18:43	CA	
d31c32ea-2f3f-ef11-840a-00224809fd7c	626	Keelin Nixon	F	F18-24	4	11:29:22	1:29:07	0:04:24	5:51:37	0:02:50	4:01:24	CA	
ae500bde-b50e-4678-a03e-756f2d51674c	627	Gregory Wilkie	M	M40-44	78	11:29:23	1:16:03	0:05:07	5:32:54	0:07:37	4:27:43	CA	
3fbbc8cc-30d6-4897-bff8-45aec1990bb8	628	Colin Stewart	M	M40-44	79	11:29:25	1:15:51	0:07:07	5:33:05	0:08:20	4:25:02	CA	
ddb20071-96a4-f011-bbd3-0022480c097c	629	Lucas Heafner	M	M18-24	77	11:29:48	1:24:18	0:04:45	5:20:18	0:03:58	4:36:29	USA	
619ba14d-9c81-ef11-ac20-000d3a59a9a1	630	Todd Brown	M	M50-54	47	11:29:54	1:30:56	0:06:18	5:46:19	0:09:43	3:56:39	CA	
8fbad69f-f6e4-4465-ae16-afa7a886949d	631	Haley Sturrock	F	F25-29	20	11:30:01	1:06:04	0:05:35	5:47:18	0:05:48	4:25:16	CA	
2862dc0a-23eb-442c-a3a0-4c3d8ed6b818	632	Samuel Armstrong	M	M40-44	80	11:30:02	1:17:27	0:05:23	5:41:51	0:07:04	4:18:16	CA	
12334011-51a1-f011-bbd3-6045bd05fcc1	633	Aidan Richardson	M	M25-29	106	11:30:03	1:12:27	0:06:56	5:49:32	0:05:45	4:15:24	CA	
13a5bbcf-17c4-436a-9639-d12a63078942	634	Pascal Lallemand	M	M55-59	22	11:30:25	1:19:30	0:05:07	5:47:17	0:02:55	4:15:37	FR	
ef59b0dd-e0fb-f011-8406-002248046451	635	Ethan Glaeser	M	M18-24	78	11:30:25	1:12:44	0:06:35	5:30:54	0:07:52	4:32:20	USA	
593d6ed4-cdaa-ef11-b8e9-000d3a5a1803	636	Richelle Weeks	F	F40-44	10	11:30:27	1:14:27	0:06:45	6:10:46	0:06:29	3:52:00	CA	
79048597-e26a-4579-b96f-923bba83b917	637	Logan Beaudoin	M	M30-34	85	11:30:29	1:22:50	0:05:37	5:50:33	0:04:41	4:06:48	US	
4d06db7d-6f56-e911-a98f-000d3a34ed06	638	Tom Pulham		M50-54	48	11:30:33	1:18:30	0:07:18	5:54:42	0:08:00	4:02:03	USA	
b4ee97ea-a332-46e4-84e5-60390c39cfd6	639	Danial Taggart	M	M35-39	80	11:30:38	1:21:26	0:07:08	5:31:53	0:07:43	4:22:27	CA	
1f2e8c07-7500-f111-8406-002248095bdd	640	Zander Hartsuff	M	M18-24	79	11:30:50	1:04:14	0:04:55	5:38:10	0:06:08	4:37:22	USA	
c016c385-30f1-ef11-9342-002248049fdc	641	Alexander Tarnowski	M	M30-34	86	11:30:52	1:14:52	0:07:07	5:47:36	0:07:46	4:13:32	CA	
d0588a98-d2d2-ef11-8ee9-6045bd088264	642	Bekkah Bond Phelps	F	F30-34	17	11:30:54	1:25:06	0:04:14	6:05:46	0:03:41	3:52:07	USA	
b8e13b4e-c680-42b8-a27c-20fd7c541e3a	643	Anthony Gicquel	M	M30-34	87	11:30:57	1:25:38	0:06:06	5:46:47	0:12:02	4:00:24	CA	
f2f00c65-9154-4344-b4da-878499961a89	644	Sydney Choquette	F	F25-29	21	11:31:09	1:15:05	0:04:34	5:56:09	0:03:18	4:12:02	CA	
9f49fe9d-f64d-4e96-9ce7-4ca5041576b0	645	Adam Lidam	M	M18-24	80	11:31:13	1:27:41	0:05:34	5:36:48	0:06:46	4:14:24	CA	
db3f8579-60a3-ef11-8a6a-000d3a338a3c	646	Julien Lies	M	M30-34	88	11:31:20	1:23:49	0:09:08	5:55:58	0:08:07	3:54:17	CA	
dc074434-a2ef-f011-8407-0022480a3d1e	647	ODRY Boris	M	M50-54	49	11:31:24	1:25:03	0:04:54	5:33:40	0:04:37	4:23:09	MTQ	
5c16bbf1-f32e-44fb-b64f-56ff39377ed7	648	Mark Davies	M	M40-44	81	11:31:26	1:16:55	0:04:47	5:24:59	0:02:19	4:42:27	US	
938e57d7-ce35-f011-8c4e-000d3a35ffc1	649	Heidi Akot	F	F18-24	5	11:31:40	1:05:09	0:04:24	5:29:31	0:04:31	4:48:05	CA	
6f0e93cb-2007-ef11-9f89-0022480a1ec4	650	Firmin Hendrick	M	M35-39	81	11:31:43	1:13:57	0:06:13	5:51:38	0:06:41	4:13:15	CA	
0632a41d-0617-ef11-9f89-6045bd00e0b7	651	Bradley Coates	M	M45-49	44	11:31:55	1:15:35	0:07:40	5:49:38	0:08:13	4:10:50	CA	
68850afc-1bfa-42d7-9707-b647530028ee	652	Samuël Moreau	M	M35-39	82	11:31:56	1:22:12	0:09:45	5:34:47	0:07:08	4:18:03	CA	
564f748b-5b26-40d1-a186-54047b862160	653	Christian Gosselin	M	M50-54	50	11:32:09	1:13:00	0:05:24	5:04:00	0:07:01	5:02:45	CA	
bad05c8c-195d-f011-bec1-000d3a37479e	654	Jackson Scott	M	M25-29	107	11:32:10	1:11:30	0:07:32	5:24:34	0:06:34	4:41:59	CAN	
8a21f145-9ce7-4429-bda6-1421210671bc	655	Jonathan Dingle	M	M50-54	51	11:32:16	1:12:50	0:04:23	5:49:12	0:05:15	4:20:36	CA	
fe5ff9d6-1f04-447b-a83c-9216b27f0138	656	Benoit Labreche	M	M55-59	23	11:32:18	1:36:14	0:04:07	5:43:49	0:05:15	4:02:52	CA	
4efe1ff4-ab40-4032-b9e2-22dc41697fdc	657	Juergen Kroeber	M	M50-54	52	11:32:56	1:30:41	0:04:50	5:22:20	0:05:23	4:29:43	DE	
07f8b2cf-3696-ef11-8a6a-6045bd048089	658	Bruno Carbonari	M	M40-44	82	11:33:01	1:27:47	0:04:44	5:45:31	0:03:24	4:11:35	CA	
a35be4d1-660f-4280-81b0-08a2d7303423	659	Benjamin De Villena	M	M35-39	83	11:33:04	1:32:57	0:05:42	5:28:05	0:07:14	4:19:05	CA	
07d7fef3-8d19-4f8a-9b63-d11cf8d248cb	660	Jean-François Grenier	M	M30-34	89	11:33:22	1:23:19	0:09:59	5:52:36	0:12:41	3:54:45	CA	
864cc553-a17e-f011-b4cc-6045bd09951e	661	emily prashaw	F	F40-44	11	11:33:39	1:25:15	0:06:41	5:45:43	0:06:40	4:09:20	CA	
63ba5100-591b-4531-bcae-41829cb41757	662	Gabriel Noriega de la Colina	M	M25-29	108	11:33:53	0:58:54	0:07:05	5:48:15	0:07:12	4:32:27	CA	
f7be1248-5765-4a65-ba4c-ba947bde2dbb	663	Francis Lavigne	M	M40-44	83	11:33:54	1:28:12	0:08:44	5:45:11	0:07:09	4:04:38	CA	
6b0149e1-9593-ef11-8a6a-000d3a3126fd	664	Christopher Tubale	M	M45-49	45	11:33:59	1:22:57	0:06:15	5:53:14	0:05:57	4:05:36	CA	
eb82ecf6-3de5-4979-b024-ef675127eceb	665	Maxim Pinault	F	F18-24	6	11:34:02	1:24:36	0:08:59	5:48:45	0:05:47	4:05:55	can	
c326ae7f-143d-4626-96d6-fb0967b78c6c	666	Vincent Couturier	M	M30-34	90	11:34:06	1:22:25	0:08:10	5:37:52	0:06:35	4:19:05	CA	
9d68b8c7-bda7-47e8-8a4c-e84731bd5ebe	667	Theresa Halliday	F	F50-54	7	11:34:17	1:08:19	0:06:40	5:41:43	0:04:24	4:33:11	CA	
8c13bb65-9be6-415a-a382-517b77b01089	668	Thomas Cere	M	M25-29	109	11:34:29	1:18:04	0:04:52	5:44:45	0:03:26	4:23:23	CA	
8c588508-4d97-f011-b4cc-000d3a5b50ba	669	alex cormier	M	M25-29	110	11:34:37	1:26:39	0:08:13	5:43:51	0:05:38	4:10:15	CAN	
8ce70bb3-8722-437a-8c63-dccfdc005d95	670	Gonzalo Cordova Molina	M	M45-49	46	11:34:59	1:19:37	0:04:37	5:35:35	0:05:58	4:29:11	US	
09c54c81-cd91-f011-b4cc-000d3a35ffc1	671	Claudia Angers	F	F50-54	8	11:35:16	1:21:44	0:06:55	5:59:28	0:06:57	4:00:13	CA	
40a550b8-044f-4842-86a5-859e3c4df8b4	672	Mohamed Benmouffok	M	M45-49	47	11:35:19	1:32:11	0:07:30	5:31:38	0:09:44	4:14:16	CA	
7c3efa50-9220-4828-be77-ed8bcd9f483b	673	Chrystina Perreault	F	F25-29	22	11:35:20	1:23:11	0:08:01	5:56:21	0:05:39	4:02:08	CA	
8a8207b7-9ced-400f-bc28-711f77693695	674	Sarah Leskosky	F	F45-49	15	11:35:29	1:22:35	0:05:49	5:32:32	0:06:58	4:27:36	US	
e2262243-c200-ef11-a1fd-6045bd07328d	675	William Cunningham	M	M45-49	48	11:35:34	1:19:25	0:08:40	5:32:00	0:06:00	4:29:29	CA	
62c1f63c-5e87-f011-b4cc-000d3a35ffc1	676	Spencer Brooks-Allemann	M	M30-34	91	11:35:36	1:24:02	0:06:25	5:42:16	0:05:06	4:17:47	CAN	
c60f79ec-1b0a-ef11-9f89-6045bd012ace	677	Jean-Nicholas Roy	M	M25-29	111	11:35:36	1:14:55	0:05:59	5:53:44	0:07:31	4:13:27	CA	
a6c6a3b0-eb46-ef11-a316-000d3a3b4ec1	678	Jerome Lefrancois	M	M25-29	112	11:35:42	1:25:12	0:07:31	5:26:12	0:09:07	4:27:40	CA	
3f9b3f2e-93ea-f011-8544-000d3a5b50ba	679	Mathis Bélanger	M	M18-24	81	11:35:53	1:16:03	0:07:09	5:59:49	0:03:23	4:09:30	CAN	
ccb8195b-db2c-45ae-bd34-76ad6a176e99	680	Slavi Krastanov	M	M45-49	49	11:36:02	1:36:41	0:08:42	5:29:34	0:06:27	4:14:38	usa	
11e341fd-f33e-46f9-9af3-69cbe2eb57d0	681	Blair Delean	M	M35-39	84	11:36:03	1:24:07	0:12:07	5:33:39	0:09:20	4:16:50	usa	
dd651a18-c0a0-4570-9c63-f844126cbb47	682	Marc-André Daoust	M	M50-54	53	11:36:05	1:19:09	0:06:24	5:28:22	0:05:25	4:36:44	CA	
693a7446-4a25-47f6-8250-c1a7807ebc81	683	François-Xavier Groulx	M	M18-24	82	11:36:05	1:27:11	0:05:41	5:52:48	0:04:44	4:05:42	CA	
374c8cd8-d58b-48c3-ab77-9195e1a685ef	684	Don Hills	M	M50-54	54	11:36:11	1:06:06	0:05:26	5:51:18	0:05:51	4:27:30	CA	
6d8f0ca2-dd09-4d47-9850-06e220b935c6	685	Ethan Piercey	M	M25-29	113	11:36:12	1:02:20	0:06:19	5:54:56	0:07:23	4:25:14	CA	
be2aa15b-c481-f011-b4cb-6045bd052386	686	Benjamin Filliol	M	M35-39	85	11:36:19	1:11:42	0:05:38	5:55:01	0:06:20	4:17:38	CA	
5d0bb976-3297-f011-b4cc-000d3a5cf7d8	687	Braxton Byrer	M	M18-24	83	11:36:35	1:08:57	0:08:07	5:36:00	0:04:26	4:39:05	US	
41be3b05-abf6-4e81-9b34-18181c152b99	688	Stephane Hebert	M	M50-54	55	11:36:44	1:20:23	0:09:50	5:14:32	0:11:01	4:40:59	CA	
d5bd2d9f-18a9-4875-afa1-c4cda32769c3	689	Leah Macfarlane	F	F25-29	23	11:36:50	1:25:24	0:06:05	5:59:45	0:08:27	3:57:08	CA	
e95e0868-3f0b-4a80-8b5d-98a69ed7b196	690	Luca Bédard	M	M18-24	84	11:36:54	1:26:15	0:07:35	5:55:32	0:13:52	3:53:40	CA	
b79b4b3c-4534-f011-8c4e-000d3a5b50ba	691	Alexis Paris	M	M18-24	85	11:37:14	1:17:08	0:05:38	5:22:56	0:03:42	4:47:51	CAN	
7c6fe27b-b970-f011-bec2-000d3a5b7c3b	692	Christian Lloyd-Kohls	M	M45-49	50	11:37:14	1:25:26	0:07:29	5:46:06	0:05:11	4:13:03	CAN	
6e802249-0d09-f011-bae2-6045bd05f634	693	Charles-Émile Leblanc	M	M18-24	86	11:37:15	1:12:57	0:05:50	5:45:17	0:08:28	4:24:43	CA	
404296c2-359c-49f9-b51f-c873da776443	694	Indra Haslam	F	F45-49	16	11:37:19	1:31:12	0:08:24	5:49:22	0:04:46	4:03:35	USA	
cf764945-67a5-4c87-a253-eee009a02708	695	Gali Bar-Ziv	M	M50-54	56	11:37:21	1:14:55	0:07:44	5:31:48	0:08:06	4:34:47	CA	
22246184-698c-443f-b28d-dc6256e3a9bb	696	Eric Gobiel	M	M40-44	84	11:37:30	1:30:49	0:13:05	5:51:34	0:08:49	3:53:13	USA	
10fde4df-c1fc-f011-8406-0022480a5755	697	Sasha Singer	M	M18-24	87	11:37:48	1:18:46	0:12:14	5:52:05	0:08:32	4:06:10	CAN	
6eff4fdc-b417-49fe-86be-b130318c5946	698	Martin Courtenay	M	M60-64	10	11:37:56	1:20:16	0:04:47	5:13:33	0:06:41	4:52:40	CA	
995b0563-50f8-43ec-a0e2-3065bde43325	699	Miguel Garzon	M	M40-44	85	11:38:15	1:26:03	0:07:56	5:45:17	0:06:51	4:12:07	CA	
ed6760ea-abff-44cc-bc5b-f95a8718cb3e	700	Jen Groleau	F	F40-44	12	11:38:16	1:21:16	0:04:24	5:35:37	0:04:42	4:32:17	CA	
d34fa410-5938-41ea-adb4-b13ae0f6c3ba	701	Gustavo Quevedo	M	M45-49	51	11:38:22	1:23:12	0:06:15	5:44:43	0:06:44	4:17:29	CA	
fe1feaec-f0bb-ef11-b8e9-000d3a5a1803	702	Michael Kier	M	M18-24	88	11:38:40	1:12:06	0:08:07	5:48:47	0:05:51	4:23:48	US	
bece419a-ca76-4a29-981f-f4c986f461f0	703	Keven Hernandez	M	M35-39	86	11:38:48	1:21:51	0:09:01	6:04:29	0:07:23	3:56:03	can	
48c711c1-9987-f011-b4cc-000d3a5b50ba	704	Rami Habib	M	M25-29	114	11:38:56	1:14:46	0:08:43	6:23:03	0:06:44	3:45:40	CAN	
68dbba96-9441-4af7-82e9-2ce249fcb4ca	705	William Trudel	M	M25-29	115	11:39:08	1:18:30	0:07:22	5:25:49	0:06:29	4:40:58	CA	
48f0dbb6-eaf2-4a43-8d85-75b2cccf4764	706	Jeramy Rugg	M	M40-44	86	11:39:16	1:19:41	0:08:04	5:11:24	0:11:20	4:48:48	CA	
8854542a-c500-ef11-a1fe-000d3a314d17	707	Micah Black	M	M25-29	116	11:39:24	1:14:13	0:04:14	4:38:34	0:10:01	5:32:22	CA	
a9766e6c-c828-45da-9726-a3cea2b03afc	708	Brent Pilon	M	M50-54	57	11:39:29	1:18:40	0:07:33	5:44:30	0:07:54	4:20:52	CA	
cd2e43e7-a2f5-4b61-9465-8f47568514a4	709	Laurent Dubé	M	M25-29	117	11:39:34	1:21:39	0:05:48	5:58:47	0:06:28	4:06:53	CAN	
31987bfe-47a6-f011-bbd3-000d3a3173b5	710	Christina Chirke	F	F40-44	13	11:39:41	1:08:31	0:05:13	6:01:54	0:06:45	4:17:19	CAN	
917aa879-1b8b-ef11-ac21-000d3a5b3d07	711	Myriam Lévesque	F	F25-29	24	11:39:48	1:31:31	0:05:13	5:31:21	0:04:48	4:26:55	CA	
1df6318f-f9fc-ef11-bae2-6045bd085b42	712	Gregory Hillion	M	M40-44	87	11:39:56	1:22:59	0:06:04	5:55:50	0:06:15	4:08:48	US	
bf54dbf9-2dc9-ef11-b8e8-000d3a5ae96c	713	Ridvan Song	M	M25-29	118	11:40:29	1:55:03	0:08:55	5:44:31	0:06:51	3:45:09	CA	
e33a51bc-b140-4900-bfa0-6a5eefb28a96	714	Nicholas Rafael	M	M35-39	87	11:40:33	1:24:39	0:05:53	5:14:25	0:05:45	4:49:52	CA	
57581552-11d9-f011-8544-000d3a5b50ba	715	Bradley Martire	M	M25-29	119	11:41:01	1:25:44	0:08:50	6:04:29	0:05:19	3:56:39	CAN	
17fb249c-5076-f011-b4cc-000d3a3173b5	716	Mathew Nicholas	M	M35-39	88	11:41:11	1:16:03	0:07:36	6:00:32	0:06:49	4:10:12	CA	
e35834fd-291f-4856-ab18-ccfbce3b7f98	717	Mathis Riel	M	M18-24	89	11:41:31	1:17:59	0:11:43	5:25:25	0:08:34	4:37:50	can	
5c62bb13-55f9-f011-8406-0022480b35b6	718	Tim Stewart	M	M50-54	58	11:41:33	1:06:12	0:05:04	5:51:59	0:05:32	4:32:47	CAN	
bc9e8110-2761-4827-af75-bd2baef58294	719	Brad Bissonnette	M	M50-54	59	11:41:35	1:35:42	0:05:35	5:49:18	0:06:09	4:04:52	CA	
3e4dba6a-d5a9-463e-a3fd-29264596e4ac	720	Connor Byrne	M	M30-34	92	11:41:45	1:22:33	0:08:22	5:43:59	0:07:05	4:19:46	CA	
76a18528-81d9-4aa3-82e6-85aec800e642	721	Rowan Rockley	M	M25-29	120	11:41:48	1:21:00	0:06:36	5:29:38	0:09:17	4:35:16	CA	
96fbc37c-5967-4808-a862-252a6543c91c	722	Robert Welsford	M	M50-54	60	11:41:51	1:22:27	0:05:26	5:36:42	0:06:38	4:30:37	CA	
0f125b80-92cc-ef11-b8e9-000d3a5a1803	723	Noel Belcourt	M	M50-54	61	11:41:56	1:34:48	0:08:31	5:42:34	0:05:38	4:10:25	CAN	
5a24bdb4-0a63-4771-a123-018ebc5b21e4	724	Nick Fidler	M	M45-49	52	11:41:58	1:29:44	0:05:18	5:35:04	0:04:21	4:27:32	CA	
1496e9ae-3077-4491-92e0-eea2b04f9888	725	Carl Desjardins Desjardins	M	M60-64	11	11:42:06	1:17:56	0:05:51	5:36:30	0:05:43	4:36:06	CA	
55f5049f-ee90-f011-b4cc-0022480a7385	726	Jordan Schimke	M	M30-34	93	11:42:11	1:23:39	0:05:57	5:54:26	0:05:31	4:12:37	CA	
1c7e727d-3e56-49b8-9e61-1f99be00b23c	727	Costin Antonescu	M	M45-49	53	11:42:13	1:10:22	0:09:54	6:08:56	0:07:17	4:05:44	CA	
3c8c433d-3da2-ef11-8a6a-6045bd048089	728	Jihwan Kim	M	M25-29	121	11:42:23	1:21:18	0:07:55	5:48:15	0:06:56	4:18:00	CA	
e81e2fb9-53a8-f011-bbd3-000d3a3173b5	729	Wesley Taylor	M	M30-34	94	11:42:23	1:07:53	0:07:37	5:45:42	0:05:47	4:35:24	CAN	
9936fcc5-c100-ef11-a1fe-000d3a314be4	730	Emily Bevington	F	F18-24	7	11:42:40	1:05:34	0:05:44	5:53:06	0:07:37	4:30:38	CA	
21787d79-6b81-ef11-ac21-000d3a338a3c	731	Eric Howieson	M	M35-39	89	11:42:47	1:21:26	0:07:59	5:22:39	0:11:17	4:39:26	CAN	
c45c2aac-29fc-ee11-a1fe-6045bd07b725	732	Jesse Jodoin	M	M50-54	62	11:42:54	1:03:32	0:06:03	5:55:08	0:07:09	4:31:02	CA	
2487e8bd-6450-4d57-807d-1a0c41c8dbca	733	Alex Sauvageau	M	M30-34	95	11:43:07	1:10:16	0:07:05	5:40:51	0:08:43	4:36:12	CA	
44b19332-87c2-4881-b3ac-cd72a08d5e3c	734	Jennifer Gallupe	F	F40-44	14	11:43:14	1:24:37	0:05:56	5:42:38	0:03:30	4:26:32	CA	
e26dfe60-1458-4ca7-9b74-2ddcdc21b5eb	735	Mitchell Schofield	M	M40-44	88	11:43:15	1:20:40	0:05:52	6:23:48	0:03:12	3:49:45	CA	
c6a7cac7-e072-f011-bec3-000d3a3173b5	736	Kurt Potter	M	M25-29	122	11:43:18	1:18:31	0:08:51	5:36:53	0:07:52	4:31:11	CAN	
479a3fa5-a1d7-4017-b28b-f01714b51142	737	David Morais	M	M30-34	96	11:43:19	1:25:47	0:07:14	5:53:53	0:06:17	4:10:08	CAN	
74f8f02d-c463-ef11-bfe3-00224809fd7c	738	Christopher Dini	M	M25-29	123	11:43:33	1:25:01	0:07:13	5:49:22	0:12:13	4:09:44	CA	
5ed1f68c-7c84-f011-b4cc-000d3a5cf7d8	739	Kevin Beaudette	M	M40-44	89	11:43:42	1:11:59	0:09:43	5:55:19	0:10:40	4:16:01	CA	
5754ed8a-2b04-f111-8406-6045bd08b1a2	740	Stephen Rueck	M	M18-24	90	11:43:57	1:26:14	0:05:19	6:03:32	0:04:17	4:04:36	USA	
053bd907-e19c-422a-991f-27c87e7cacf9	741	Nathan Riel	M	M25-29	124	11:44:03	1:22:52	0:11:13	5:29:32	0:16:04	4:24:23	CA	
9d83a2c7-1130-ef11-840b-00224809fd7c	742	Matthew Ieraci	M	M30-34	97	11:44:05	1:23:12	0:08:32	5:23:56	0:05:33	4:42:52	can	
dc2ec4f1-809e-f011-b41c-6045bd05fcc1	743	Kailey Webster	F	F25-29	25	11:44:06	1:32:14	0:05:09	5:42:28	0:06:41	4:17:33	CAN	
9a004b5a-7daf-ea11-a812-000d3a5a1bfb	744	John Timan	M	M55-59	24	11:44:15	1:19:50	0:05:22	5:31:49	0:07:42	4:39:32	USA	
dfebdf02-bb0c-f011-9988-000d3a35ffc1	745	Hardeep Singh	M	M25-29	125	11:44:28	1:38:26	0:10:17	6:07:26	0:08:14	3:40:06	CA	
4fa38c33-1b45-ef11-8409-000d3a383830	746	Coralie Berthiaume	F	F18-24	8	11:44:32	1:31:22	0:08:27	5:54:32	0:05:47	4:04:24	can	
1c54aae8-d897-f011-b4cc-002248098cfa	747	Alexis Dodd	F	F18-24	9	11:44:32	1:08:16	0:04:48	6:20:29	0:04:16	4:06:44	CAN	
dfb497ee-6156-4a15-b843-37c9ff97cc29	748	Jacob Anderson	M	M35-39	90	11:44:35	1:15:26	0:06:58	5:43:15	0:08:06	4:30:49	US	
5d00deb8-9994-ef11-8a6a-002248049fdc	749	Stephanie Chouinard	F	F30-34	18	11:44:40	1:31:14	0:06:47	5:48:35	0:06:18	4:11:45	CA	
cf335d09-e5e8-46c0-8dd0-f211e898d3d7	750	Michael Downer	M	M40-44	90	11:44:56	1:12:40	0:10:46	6:14:12	0:13:04	3:54:13	NL	
d187fd3d-51b0-4570-80cb-bf367105862e	751	Michael Lynch	M	M60-64	12	11:44:57	1:23:13	0:07:00	5:28:16	0:07:47	4:38:41	US	
5369869d-fc6a-f011-bec3-000d3a3173b5	752	Jordan Spevakow	M	M18-24	91	11:45:20	1:12:25	0:08:00	5:38:55	0:06:29	4:39:32	CAN	
41d1393c-3ab6-4b78-8556-c14b8f922c88	753	Oleksandr Bondarenko	M	M45-49	54	11:45:24	1:21:27	0:04:05	6:22:49	0:05:38	3:51:26	CA	
64fd5eeb-b1bb-ef11-b8e9-000d3a5a1803	754	Frédéric Ouimet	M	M25-29	126	11:45:38	1:24:49	0:05:08	5:39:55	0:04:28	4:31:18	CA	
7f91c238-b2a7-42d8-a20f-b67886e8118b	755	Abby Copeland	F	F25-29	26	11:45:48	1:29:32	0:06:29	5:53:26	0:06:19	4:10:02	CA	
3536ff91-a6f3-4635-a30a-2d244dab3997	756	Patrick Raymond	M	M55-59	25	11:45:54	1:21:57	0:07:12	5:27:43	0:08:06	4:40:56	CA	
d629af01-13e9-f011-8544-000d3a5b7c3b	757	Matthew Maccharles	M	M45-49	55	11:46:03	1:15:14	0:07:23	5:59:18	0:07:33	4:16:36	CAN	
54828312-1ba9-ef11-b8e9-6045bd048089	758	Erik Shantz	M	M35-39	91	11:46:03	1:19:58	0:06:11	5:52:52	0:06:22	4:20:41	CA	
982353c5-53ae-41fc-8e5c-5c4cae7ab0df	759	Jad Joulji	M	M35-39	92	11:46:05	1:27:14	0:11:37	5:41:10	0:08:21	4:17:44	CA	
643604c3-7020-4f7e-b3ea-afb51d0bd113	760	Jean-Philippe Gagnon	M	M35-39	93	11:46:13	1:15:29	0:04:22	5:58:35	0:06:25	4:21:21	CA	
7e50fe23-15cb-49fa-80e5-a6b7a65d2148	761	Todd Houston	M	M50-54	63	11:46:15	1:10:09	0:04:10	5:53:52	0:05:30	4:32:34	CA	
1755ccca-72cd-4e49-b070-86d1b83e0460	762	Melvin Pangan	M	M50-54	64	11:46:29	1:28:54	0:09:25	5:46:23	0:08:02	4:13:44	CA	
883db053-e2ea-4e60-982e-cf42807cdb40	763	Kevin Maguire	M	M30-34	98	11:46:34	1:34:25	0:05:04	5:41:47	0:05:05	4:20:12	CA	
7a368bd6-d967-44ba-977f-c67f694e4e75	764	Kenneth Tang	M	M45-49	56	11:46:36	1:07:50	0:07:53	5:31:46	0:08:00	4:51:06	CA	
2c3b677e-9b0c-ef11-9f89-002248044460	765	Charles-Antoine Giguère	M	M30-34	99	11:46:53	1:16:21	0:06:10	5:33:18	0:06:11	4:44:54	CA	
de27cc08-2a72-ef11-a670-0022480ac0a9	766	Théo Dubé-Gosselin	M	M18-24	92	11:46:54	1:17:01	0:05:19	5:39:09	0:04:27	4:40:58	CA	
8b250df3-e578-494d-a471-0eab5ad4489c	767	Anthony Donatelli	M	M50-54	65	11:47:30	1:13:07	0:06:11	5:41:00	0:04:11	4:43:01	CA	
ef3253d5-23c2-ef11-b8e9-000d3a5a1803	768	Manu Desjardins	M	M18-24	93	11:47:35	1:28:59	0:07:13	6:07:43	0:04:30	3:59:10	CA	
6cc04c50-d5bc-4cb0-a2f4-053aad455084	769	Line Vaillancourt	F	F45-49	17	11:48:11	1:14:29	0:05:45	5:32:16	0:04:05	4:51:35	CA	
dd0e77cf-01cf-f011-bbd3-000d3a5b7c3b	770	Mohammad Hossein Moslemi	M	M25-29	127	11:48:18	1:28:50	0:07:30	6:09:00	0:06:45	3:56:13	CAN	
f012356e-84e9-4c83-9527-c1f0d0b32394	771	Judy Lane	F	F30-34	19	11:48:24	1:15:45	0:06:57	5:42:06	0:08:54	4:34:42	CA	
7ef07932-c1d8-41d1-9730-58a320ed4b39	772	Karine Lepage	F	F45-49	18	11:48:24	1:38:40	0:06:03	5:41:18	0:06:48	4:15:35	CAN	
c74619de-9560-4a4b-8fc9-52d72b6c4bcb	773	Alina Katsev	F	F35-39	14	11:48:27	1:42:53	0:06:22	5:38:11	0:08:19	4:12:41	CA	
08a29615-dfd3-f011-8544-000d3a3173b5	774	Kayin McDonald	M	M18-24	94	11:48:28	1:19:33	0:05:45	6:07:07	0:04:59	4:11:04	USA	
f55b455c-4476-f011-b4cb-000d3a5b7c3b	775	Paul Janssen	M	M30-34	100	11:48:28	1:25:09	0:09:26	5:32:15	0:05:55	4:35:44	CA	
bfb848dc-1ecf-f011-bbd3-6045bd09951e	776	Elizabeth Edwards	F	F25-29	27	11:48:29	1:14:16	0:09:26	6:11:10	0:09:25	4:04:11	USA	
8774fb74-7de2-ef11-8eea-6045bd048089	777	Danica Silvestri	F	F25-29	28	11:48:31	1:29:35	0:05:39	5:55:25	0:03:42	4:14:09	US	
4c3ad98b-4b55-472e-a26b-bc065e6d67f9	778	Matthew Pisano	M	M40-44	91	11:48:33	1:37:02	0:08:31	5:31:39	0:08:44	4:22:36	usa	
7e742e70-6b86-ef11-ac21-002248049fdc	779	Rosalie Gaudet	F	F25-29	29	11:48:34	1:19:28	0:04:23	6:01:08	0:04:22	4:19:13	CA	
0fd59815-91d1-ea11-a816-000d3a591f2e	780	Frantisek Crkva	M	M55-59	26	11:48:38	1:16:41	0:04:48	5:35:02	0:06:43	4:45:24	cze	
19f4229a-b6c9-4252-a253-5999c6059743	781	Igor Yakushko	M	M45-49	57	11:48:47	1:20:19	0:06:11	6:00:52	0:04:47	4:16:38	US	
8d43a157-db6b-f011-bec3-000d3a35ffc1	782	Michael Scott	M	M45-49	58	11:49:09	1:24:41	0:05:43	5:43:44	0:04:22	4:30:40	usa	
c9401cfb-5db1-f011-bbd3-000d3a3173b5	783	Charles Quevillon	M	M18-24	95	11:49:16	1:15:21	0:09:37	6:15:27	0:07:06	4:01:44	CAN	
9c2d8706-9e1c-ef11-840a-000d3a59e106	784	Alyssa Shields	F	F25-29	30	11:49:27	1:19:35	0:06:34	6:16:24	0:06:54	4:00:00	CA	
17ceb132-e9bd-47a6-8d0b-c4a75740e940	785	Jason Schimke	M	M55-59	27	11:49:28	1:14:33	0:05:52	5:47:57	0:05:01	4:36:05	CA	
2c3d42c8-3024-4ae3-92fd-a4b4ee2f0e2d	786	Rudy Allen	M	M40-44	92	11:49:30	1:13:27	0:05:44	5:42:59	0:07:39	4:39:40	CA	
ba4f9a5b-e7b0-f011-bbd3-000d3a5b7c3b	787	Zackery Liberty	M	M30-34	101	11:49:30	1:25:35	0:10:54	6:31:21	0:12:44	3:28:56	CAN	
35748d6b-141a-4454-bc68-a08415a9ff76	788	Olivia Vallone	F	F25-29	31	11:49:38	1:10:17	0:07:46	5:52:25	0:05:36	4:33:34	US	
a6896f8a-b6cf-f011-bbd3-000d3a5b50ba	789	Kevin Williams	M	M35-39	94	11:49:45	1:15:37	0:07:16	5:30:44	0:10:13	4:45:55	CAN	
d9daa526-d62e-4cc6-b4bd-7fc6782086f4	790	Yannick Landry	M	M18-24	96	11:50:01	1:27:13	0:05:31	6:05:52	0:05:52	4:05:33	CA	
4e25d767-94b6-4661-ba17-3a9d4c2cfe68	791	Bill Jackes	M	M60-64	13	11:50:03	1:20:55	0:07:37	5:24:52	0:05:01	4:51:39	CA	
eda95799-3575-f011-b4cc-000d3a3173b5	792	Elliot Normand	M	M25-29	128	11:50:05	1:48:33	0:07:37	5:52:41	0:06:35	3:54:39	CA	
7488945f-7388-f011-b4cc-6045bd09951e	793	Kyle Yu	M	M25-29	129	11:50:06	1:28:57	0:07:15	5:40:20	0:05:22	4:28:11	CA	
429a82c0-8456-ef11-a317-000d3a367177	794	Todd Terzievski	M	M25-29	130	11:50:20	1:16:01	0:06:51	6:18:55	0:08:02	4:00:31	CA	
90b14a9b-7687-f011-b4cc-6045bd05f634	795	Alex Hazel	M	M25-29	131	11:50:26	1:19:03	0:06:50	5:54:54	0:06:19	4:23:21	CA	
2d98bc45-21b0-ef11-b8e9-000d3a5a1803	796	Rémy Champoux	M	M25-29	132	11:50:28	1:15:24	0:06:04	5:57:11	0:05:09	4:26:40	CA	
be595b04-af2f-44d0-98d9-3aea4599478d	797	Pierre Lassabliere	M	M35-39	95	11:50:43	1:08:23	0:08:43	6:00:06	0:06:24	4:27:07	CA	
af4c5175-f8c3-45c4-9918-1b6f3eb3ac27	798	Clinton de Tarnowsky	M	M50-54	66	11:50:45	1:34:05	0:11:37	5:56:35	0:09:50	3:58:37	GB	
747006bc-0251-ef11-a317-6045bd010fe7	799	Simon Lachaîne	M	M25-29	133	11:50:46	1:25:53	0:07:32	6:04:41	0:06:22	4:06:18	CA	
360b4f7f-fc52-4431-813b-fcbfafcf10d7	800	Nicholas Phillips	M	M40-44	93	11:50:56	1:16:15	0:11:03	5:47:08	0:06:59	4:29:31	usa	
e2a08883-b2aa-43de-b66e-4eb964ef31c8	801	Youssouf Zotskine	M	M45-49	59	11:51:18	1:29:34	0:09:53	5:40:42	0:05:10	4:25:59	US	
9779b9e9-597d-f011-b4cc-000d3a5b50ba	802	Linda Sun	F	F25-29	32	11:51:20	1:32:06	0:04:31	6:05:49	0:04:49	4:04:04	CAN	
ae74ab26-d060-4e32-b8c7-b93716ec7a07	803	Sara Reimer	F	F50-54	9	11:51:22	1:13:24	0:04:14	6:18:07	0:05:03	4:10:35	CA	
a95f8acb-d39e-41ac-ba5d-36f03694fae8	804	Paul Oliver	M	M55-59	28	11:51:28	1:25:07	0:07:48	5:49:24	0:06:04	4:23:06	CA	
3824fb7b-5e4f-ef11-a317-6045bd0953ac	805	Alexander Randall	M	M18-24	97	11:51:31	1:03:06	0:06:45	5:42:18	0:12:08	4:47:13	CA	
92369cd7-4341-4241-a0ef-0ea7d7b196b7	806	Francis SILVA	M	M35-39	96	11:51:40	1:43:22	0:05:54	5:41:31	0:07:30	4:13:24	can	
8319cc7b-19a2-4276-9c8b-302b725cb3da	807	Marcelo Akira Giuliani	M	M30-34	102	11:51:42	1:01:12	0:05:21	5:45:53	0:09:37	4:49:39	BR	
bf69f145-7beb-4bf2-8e5d-e73b9586bf44	808	Ted Lowther	M	M60-64	14	11:51:54	1:10:14	0:07:22	5:43:15	0:06:00	4:45:04	can	
5b87ec10-a6da-f011-8544-000d3a35ffc1	809	Nicholas Hall	M	M18-24	98	11:51:54	1:37:28	0:06:51	6:01:50	0:11:01	3:54:44	can	
57762ab7-458e-ef11-ac21-000d3a59a9a1	810	Braedon Caplan	M	M18-24	99	11:52:03	1:13:56	0:07:40	5:38:17	0:05:38	4:46:32	CA	
fa911e1e-b1f0-ec11-bb3d-000d3a376a56	811	Frederic Nolin	M	M45-49	60	11:52:11	1:23:47	0:04:49	5:12:37	0:06:55	5:04:03	CA	
aae9647a-579b-4440-a715-9c22b6de2fdd	812	Marianne Elie	F	F25-29	33	11:52:18	1:34:11	0:05:29	6:00:30	0:05:57	4:06:11	CA	
e94c5ee7-26d2-ef11-8ee9-000d3a5ae96c	813	Luca Curcio	M	M25-29	134	11:52:21	1:19:20	0:09:37	5:43:44	0:12:24	4:27:15	CA	
bc7d7ebd-1cfc-ee11-a1fe-6045bd064839	814	Mark Hiscocks	M	M45-49	61	11:52:26	1:18:03	0:08:44	5:31:19	0:09:57	4:44:24	CA	
9279f052-5a7a-f011-b4cc-0022480a7385	815	Allan Guegan	M	M25-29	135	11:52:31	1:28:55	0:07:04	5:51:02	0:07:53	4:17:38	CA	
38dac566-f431-466f-9d89-9f4603b31a63	816	Drew Blanchette	M	M45-49	62	11:52:31	1:17:01	0:08:14	6:04:49	0:10:16	4:12:11	CA	
a60883b9-8047-ef11-a317-000d3a5c08e8	817	John Van Heyst	M	M65-69	4	11:52:37	1:47:03	0:06:15	5:32:15	0:08:00	4:19:04	CA	
16cd047e-f709-4d8d-85e7-4ec1012857f0	818	Daniel Fallon	M	M40-44	94	11:52:40	1:05:54	0:08:30	5:42:39	0:07:30	4:48:06	US	
004da584-f47f-408e-bdbd-8444cb61ee96	819	Cody Jorgensen	M	M45-49	63	11:52:42	1:13:48	0:04:05	5:09:52	0:04:20	5:20:37	CA	
3f531f47-40f3-43e7-a2bd-15ef95fddb0d	820	Fernand Grupe	M	M40-44	95	11:52:45	1:48:02	0:04:53	5:22:49	0:05:45	4:31:16	CA	
3464218a-5a89-4c49-8835-860a0edde0a4	821	Alexandre Lalonde	M	M35-39	97	11:52:51	1:21:09	0:10:14	5:57:19	0:06:10	4:17:59	CA	
ef44ea3a-64f2-48a4-b127-21a350faf3c5	822	Mathieu Denis	M	M30-34	103	11:52:54	1:25:05	0:07:06	5:51:52	0:05:18	4:23:33	CA	
71c11929-fa8e-49ea-aaeb-a1391ba5e462	823	Kacie Gaustad	F	F30-34	20	11:53:02	1:33:38	0:04:29	5:42:36	0:18:12	4:14:08	US	
c9db5e43-a933-4e7f-b6eb-94da4b462b77	824	Sherri Burgess-Hertner	F	F50-54	10	11:53:03	1:14:33	0:08:42	6:06:30	0:05:17	4:18:02	can	
dd2d5854-04cf-4a7c-926e-47911825aecb	825	Marc Ellenwood	M	M45-49	64	11:53:04	1:25:38	0:06:39	6:02:26	0:07:59	4:10:22	usa	
d1f49b60-7019-ef11-9f8a-002248044460	826	Alex Beauchemin	M	M30-34	104	11:53:07	1:39:21	0:09:46	5:54:50	0:05:58	4:03:12	CA	
c194cbd9-efc9-407d-b6ba-74997831d6fe	827	Jill Walker	F	F55-59	2	11:53:22	1:27:55	0:04:55	5:45:51	0:04:08	4:30:33	usa	
1cb0d075-db9d-480e-abdb-771add7fdd36	828	Nicole Taylor	F	F30-34	21	11:53:23	1:32:13	0:08:29	5:51:01	0:08:30	4:13:10	CA	
b8f6a1b9-e97a-ef11-a670-000d3a59a9a1	829	Philippe Breton	M	M35-39	98	11:53:27	1:09:19	0:06:17	5:45:32	0:08:29	4:43:48	CA	
59f20a68-60ef-4540-9441-25b199df29a5	830	Jessica Mclean	F	F40-44	15	11:53:27	1:09:42	0:04:14	5:48:28	0:04:40	4:46:24	CA	
81bf215f-e906-4a9f-8d9d-ecbd877e8257	831	Heather Markham	F	F35-39	15	11:53:43	1:02:27	0:03:12	6:01:54	0:02:57	4:43:12	US	
ecc161a7-b09e-4a5d-8060-34d91bbfaad3	832	Melissa Braskie	F	F45-49	19	11:53:43	1:27:22	0:09:30	5:50:26	0:09:00	4:17:24	USA	
fed30347-ef87-4295-8890-c625f7750ed1	833	Dagobiet Morales Alfaro	M	M30-34	105	11:53:48	1:19:44	0:07:12	6:06:07	0:05:21	4:15:23	CA	
6f787f28-a58f-4ad9-a7a5-8eb13564e38e	834	Megan Piwowar	F	F40-44	16	11:53:49	1:11:57	0:03:44	5:56:01	0:03:20	4:38:46	US	
a2445ffc-8142-4806-a47a-b416953020e2	835	Stéphane Delmoitiez	M	M50-54	67	11:53:50	1:39:59	0:05:14	5:15:29	0:04:09	4:48:59	bel	
71d405ef-3ba4-4a1b-b623-d5f2ac61480e	836	Lesley Williams	F	F40-44	17	11:54:09	1:02:50	0:09:26	5:56:34	0:07:15	4:38:03	CA	
273f3627-d082-4a7d-be69-bed7e8afbdd1	837	Francis Tanguay	M	M50-54	68	11:54:14	1:30:17	0:06:55	5:36:12	0:06:32	4:34:19	CA	
ad9d66eb-95f3-4b81-a315-4a04668988b1	838	Ryan Lindsay	M	M25-29	136	11:54:18	1:18:46	0:04:34	5:44:57	0:04:00	4:42:00	CA	
201d314a-b3ad-4ce1-b581-4909a391888d	839	Dollar Luo	F	F25-29	34	11:54:20	1:43:07	0:04:34	6:06:33	0:04:39	3:55:27	CA	
dd96f5ac-3484-ee11-8179-0022480acaa6	840	Billy Eickholt	M	M45-49	65	11:54:34	1:29:44	0:06:21	5:51:31	0:04:37	4:22:21	CA	
531ab3a2-bd00-ef11-a1fe-6045bd0158c4	841	Fabi Gagné-Montcalm	F	F25-29	35	11:54:36	1:17:11	0:04:47	5:33:54	0:02:46	4:55:59	CA	
88af6570-f8c8-4792-ac12-7c59fbf30755	842	Anne Barre	F	F30-34	22	11:54:40	1:17:01	0:08:26	6:06:33	0:06:51	4:15:49	CA	
f20c3fd3-76bc-4899-9271-75743626205d	843	Eitan Leinwand	M	M18-24	100	11:54:44	1:30:08	0:04:20	5:45:11	0:05:51	4:29:14	US	
6e71be07-48f9-4169-8789-367d219b3283	844	Jj Neely	M	M55-59	29	11:54:53	1:06:32	0:07:14	5:25:11	0:09:36	5:06:19	CA	
c967fd2d-111b-4dfa-8483-f98ea12e5f1e	845	Kyle Quinn	M	M40-44	96	11:54:55	1:11:01	0:07:46	5:31:43	0:09:52	4:54:33	CA	
d2387289-b8c7-f011-bbd2-000d3a5b5fc7	846	griffin gillham	M	M30-34	106	11:54:55	1:28:43	0:11:43	6:19:47	0:08:26	3:46:16	CAN	
892a8cc4-430f-f011-9988-000d3a35ffc1	847	Sean Glenn	M	M25-29	137	11:55:14	1:22:24	0:05:34	5:50:47	0:04:22	4:32:07	CA	
a732241d-c417-4ea7-a82f-c20ba315bdec	848	Thomas Iannelli	M	M30-34	107	11:55:21	1:13:13	0:06:34	5:45:10	0:05:14	4:45:10	USA	
4ea3df87-f26a-ef11-bfe3-00224808301f	849	Carson Chircop	M	M25-29	138	11:55:35	1:41:33	0:11:09	5:55:12	0:10:38	3:57:02	US	
fde51ba9-7e13-482b-89fc-c4ecf54add47	850	Jose Fajardo	M	M25-29	139	11:55:38	1:30:37	0:08:31	5:47:32	0:14:42	4:14:15	CA	
1a13f0b0-3772-f011-bec2-0022480a7385	851	Jacob Kroon	M	M30-34	108	11:55:39	1:18:07	0:05:44	5:35:02	0:09:07	4:47:37	CA	
dd8a1527-46d1-4cf6-9e5f-aaecd6eafeee	852	Elyse Crochetiere	F	F45-49	20	11:55:40	1:04:00	0:05:21	5:59:54	0:03:58	4:42:27	CA	
d26a7135-552c-44ca-ba01-1e62158c1439	853	Laura Gfeller	F	F35-39	16	11:55:43	1:15:41	0:06:13	5:43:25	0:04:18	4:46:06	CA	
fbf1073d-6e4c-f011-877a-6045bd05fcc1	854	John Craig	M	M40-44	97	11:55:58	1:40:28	0:04:25	5:23:38	0:07:05	4:40:22	USA	
d9633a97-7754-41b8-b02d-1ccee6618146	855	Julia Ihli	F	F30-34	23	11:56:00	1:08:51	0:04:29	6:08:21	0:04:12	4:30:08	US	
6ababf35-3081-f011-b4cc-6045bd09951e	856	Nicolas Bellavance	M	M25-29	140	11:56:02	1:18:45	0:05:50	5:32:43	0:06:05	4:52:38	CA	
6f8de1ad-5a5b-4a78-b5ee-9f2109e9fcb6	857	Andrew Cober	M	M35-39	99	11:56:02	1:24:49	0:10:22	5:48:10	0:05:08	4:27:34	CA	
c4efcea3-b4e2-f011-8544-000d3a5b50ba	858	Justin De Meulemeester	M	M25-29	141	11:56:07	1:17:03	0:08:53	6:28:46	0:09:46	3:51:40	CAN	
644b5d97-53a2-ed11-aad1-000d3a314329	859	Océane Donato		F18-24	10	11:56:10	1:24:28	0:04:43	6:00:10	0:05:19	4:21:30	CA	
40afc8ed-c20c-4b6d-8325-841900976f76	860	Steve Savard	M	M40-44	98	11:56:19	1:34:41	0:08:10	5:38:27	0:08:36	4:26:25	CA	
3be82eab-a6bf-ef11-b8e8-000d3a5ae96c	861	Christopher Ferrante	M	M30-34	109	11:56:33	1:12:08	0:10:51	6:03:30	0:07:10	4:22:54	CA	
dbee5184-bfcc-4794-bb77-33b22a5f56ad	862	Joaquim Sancho-Fibla	M	M55-59	30	11:56:42	1:27:33	0:11:20	5:44:09	0:06:43	4:26:58	GB	
95feac53-283e-4762-bc9a-fbdf7b71fc2d	863	Victoria Bowen	F	F25-29	36	11:56:47	1:15:39	0:04:37	6:02:50	0:07:43	4:25:58	US	
a38acdf0-cc81-4391-a960-32d6602bac9f	864	Andrew Dowman	M	M50-54	69	11:56:49	1:24:06	0:09:00	5:34:08	0:07:15	4:42:20	CA	
47ed148f-4479-f011-b4cc-6045bd05fcc1	865	Hollis Maradyn Jowsey	M	M30-34	110	11:56:57	1:26:46	0:10:40	6:07:44	0:08:52	4:02:56	CA	
3825c75b-b2e7-4cf7-9411-fea9eef1094f	866	Olivier Courchesne	M	M25-29	142	11:57:02	1:19:11	0:04:50	5:10:33	0:06:04	5:16:24	CA	
dabe16d8-2190-439a-a313-81373b926203	867	Hedy Hislop	F	F50-54	11	11:57:10	1:18:58	0:10:20	5:54:41	0:04:44	4:28:28	CA	
08c9dffe-d6a8-477d-999e-bb6e65ca6aec	868	Florence Poissant	F	F25-29	37	11:57:32	1:10:35	0:05:22	6:04:03	0:03:53	4:33:40	CA	
9223e121-c1a9-f011-bbd3-000d3a35ffc1	869	Frédéric Roy	M	M35-39	100	11:57:34	1:12:36	0:06:09	5:22:36	0:06:14	5:09:59	CA	
39c2a82b-2ae2-44bd-95aa-b8b41d6e16b0	870	Anoop Banodkar	M	M35-39	101	11:57:36	1:56:08	0:09:14	5:55:39	0:07:10	3:49:24	CA	
5e9b10e2-cf73-4aa4-ab16-676ff28307fe	871	Lebis Alarcon	M	M30-34	111	11:57:41	1:27:35	0:09:40	5:57:47	0:09:48	4:12:51	CA	
d077826c-f289-f011-b4cc-0022480c097c	872	Antoine Labbé	M	M25-29	143	11:57:42	1:24:37	0:06:40	5:33:37	0:11:59	4:40:49	CA	
380f42cf-2e44-4701-b9e2-d6122ea52908	873	Austin Brown	M	M25-29	144	11:57:48	1:12:44	0:08:07	6:21:05	0:09:00	4:06:52	CA	
27793a5b-7a4f-ef11-a317-00224809fd7c	874	Lester Calderon	M	M40-44	99	11:57:58	1:23:21	0:05:55	5:58:55	0:06:51	4:22:56	qat	
3893fbd0-5313-4851-ad5d-2449d6ac8ab7	875	Amélie Leclerc	F	F50-54	12	11:58:01	1:13:09	0:08:12	5:55:54	0:08:18	4:32:28	CAN	
1223a866-3364-44dc-baf1-640e9ddf9073	876	Mylene Benoit	F	F30-34	24	11:58:21	1:21:11	0:07:06	6:06:39	0:05:34	4:17:50	CA	
cc910575-dcdc-f011-8544-6045bd09951e	877	Guillaume Grimard	M	M18-24	101	11:59:00	1:20:48	0:08:34	6:13:18	0:04:09	4:12:12	CAN	
32080f4e-c942-47df-b2fd-9c8dfa78cf36	878	Bryan Mayer	M	M40-44	100	11:59:05	1:15:21	0:07:14	6:07:48	0:10:15	4:18:27	CA	
da56c7ef-646b-4fe5-8401-96627e368219	879	Quinn Sully	M	M25-29	145	11:59:20	1:27:59	0:07:13	5:38:16	0:07:49	4:38:02	CA	
03f58dad-efd6-47f3-aaee-bcdad30f0f38	880	Genevieve Trahan	F	F40-44	18	11:59:22	1:18:21	0:04:44	5:44:09	0:05:24	4:46:44	CA	
281e34ba-abbb-4125-9ebc-a30419b25bb5	881	Gerardo Morales	M	M40-44	101	11:59:23	1:33:47	0:08:28	5:21:11	0:09:21	4:46:36	MX	
cd661283-ceef-f011-8407-6045bd015e4c	882	Zach Turlo	M	M18-24	102	11:59:40	1:20:58	0:05:53	5:51:38	0:07:07	4:34:04	USA	
1cac79cd-c474-4b84-883d-93d8ee2ca1cc	883	Eric Jobin	M	M50-54	70	11:59:41	1:20:18	0:05:28	5:47:21	0:07:01	4:39:33	CA	
73945de6-d3bc-ef11-b8e8-6045bd088264	884	Alexandre Grimard	M	M30-34	112	11:59:51	1:25:06	0:09:46	6:01:19	0:06:18	4:17:21	CAN	
18f124e2-a95a-4542-b840-6ebfc596a1c7	885	Howard Chan	M	M18-24	103	11:59:51	1:23:34	0:04:56	6:03:59	0:03:03	4:24:19	CA	
f55079ca-515d-4d02-9849-d73876496f07	886	Josh Blakeney	M	M40-44	102	12:00:00	1:23:04	0:06:02	5:56:31	0:06:32	4:27:52	CA	
b71d6642-72f8-4635-a8b4-29c9786a7c33	887	Ariane Chamberland	F	F45-49	21	12:00:13	1:06:25	0:06:26	6:05:23	0:06:36	4:35:23	CAN	
7f0c623a-f3a3-42d3-809d-d1a1023c439d	888	Rick Pais	M	M45-49	66	12:00:18	1:28:54	0:08:12	5:46:37	0:09:06	4:27:29	CA	
cc3a1766-1e35-4fc9-86cb-dac957a2de95	889	Shon Rhoton	M	M50-54	71	12:00:20	1:32:31	0:06:38	5:50:16	0:07:15	4:23:39	usa	
2a544e8f-b75b-4735-bd59-0e8c006ad0e1	890	Derry Walker	M	M55-59	31	12:00:27	1:20:15	0:09:03	5:35:22	0:05:50	4:49:57	gbr	
86bc557a-2972-f011-bec3-6045bd09951e	891	Brad Mason	M	M30-34	113	12:00:39	1:23:36	0:08:23	6:05:13	0:06:51	4:16:36	USA	
6d80e5ae-593a-469d-a194-d8d953a8f6b4	892	Tomasz Chlodecki	M	M35-39	102	12:00:45	1:24:20	0:13:48	5:51:52	0:10:21	4:20:25	PL	
ad5a6b4c-f25d-4098-ad1a-0e1adbe304cf	893	Patricia Thomas	F	F25-29	38	12:00:49	1:08:37	0:09:07	6:21:06	0:09:09	4:12:50	US	
b09ae2de-9f35-47be-bd07-609f473e6b31	894	Max Macemon	M	M35-39	103	12:01:20	1:16:08	0:07:35	6:10:32	0:08:50	4:18:15	US	
f8654717-34fd-40ad-98a8-61b17038cff6	895	Daniel Gregory	M	M50-54	72	12:01:55	1:14:54	0:10:39	5:45:08	0:08:09	4:43:04	US	
4e475787-3882-4718-9512-8eb887f26c4e	896	Gidget Belanger	F	F45-49	22	12:01:56	1:23:39	0:05:51	6:10:15	0:04:18	4:17:53	CA	
c54ac760-9ac5-457c-9f10-20beb077d36b	897	Caroline King	F	F25-29	39	12:02:02	1:12:36	0:07:01	6:09:03	0:05:53	4:27:30	US	
add7ca3e-56b1-403b-8a26-77b698ba09e2	898	Maxence Vacher	M	M30-34	114	12:02:08	1:18:43	0:05:35	5:32:34	0:04:52	5:00:24	CA	
7a2415a4-1839-4de2-bd0d-c1d7cb39d822	899	Ryan Abrahamsen	M	M35-39	104	12:02:20	1:18:13	0:09:37	6:00:25	0:12:03	4:22:02	USA	
4a06d1bd-2061-4920-abda-54181c941f0b	900	Nicholaus Leclair	M	M25-29	146	12:02:22	1:15:50	0:08:58	5:30:26	0:09:34	4:57:35	CA	
0921b406-5a06-4e28-8951-37e59fa4a063	901	Maude Soulières	F	F30-34	25	12:02:26	1:40:00	0:08:09	5:44:56	0:09:01	4:20:21	CA	
f32bcb7c-18bf-45a0-9dae-86984550ff97	902	Alexandre Comeau	M	M30-34	115	12:02:32	1:30:03	0:05:04	5:35:29	0:08:55	4:43:01	CA	
8bb30d9b-2c6f-f011-bec3-000d3a35ffc1	903	Simon Ibrahim	M	M18-24	104	12:03:00	1:03:24	0:06:22	6:09:05	0:10:51	4:33:18	CA	
3914d679-d79e-f011-b41c-6045bd05f634	904	Anne-Clara Belley	F	F18-24	11	12:03:02	1:22:31	0:07:58	5:45:25	0:08:55	4:38:13	CA	
0ca70df1-2488-ef11-ac21-000d3a5a1803	905	Kenny Falardeau	M	M35-39	105	12:03:03	1:29:36	0:08:41	5:53:10	0:07:03	4:24:33	CA	
4d7a5077-7f1c-45b3-afc1-bc2c012703ba	906	Martin Alberts	M	M45-49	67	12:03:09	1:14:11	0:08:01	5:30:15	0:09:07	5:01:35	CAN	
ed02ff2c-3a25-41fc-80e3-05985e35734b	907	John Corelli	M	M65-69	5	12:03:16	1:28:43	0:08:55	6:25:14	0:08:51	3:51:33	CA	
13775eac-3169-46a5-9f05-c1efa19c0bf8	908	Norman Fowler	M	M50-54	73	12:03:18	1:15:21	0:08:19	5:21:25	0:12:03	5:06:10	CA	
11259feb-e977-f011-b4cb-0022480c097c	909	Elliott Weinberg	M	M30-34	116	12:03:30	1:28:32	0:05:17	6:12:44	0:04:29	4:12:29	USA	
223ccaf4-7d92-ef11-ac20-000d3a5a403c	910	Vincent Cote brochu	M	M30-34	117	12:03:45	1:21:47	0:07:04	5:19:32	0:05:45	5:09:37	CA	
ffe182cf-b745-4c14-8ddc-a6c45a186227	911	Mike Konkin	M	M55-59	32	12:03:53	1:28:40	0:11:03	5:26:36	0:05:24	4:52:09	CAN	
0e82fc01-19db-4198-839d-97bb9c33754e	912	Maxime Berube	M	M45-49	68	12:03:55	1:18:38	0:05:07	5:39:12	0:05:08	4:55:51	usa	
83ac7185-9f73-f011-bec3-6045bd05fcc1	913	Allison Christie	F	F50-54	13	12:04:01	1:24:59	0:06:07	6:16:49	0:06:21	4:09:44	CA	
21b7285b-ba37-4405-8931-fa83f5414e87	914	Juan Salvador Herbas Andre	M	M45-49	69	12:04:06	1:13:16	0:08:17	5:23:49	0:10:49	5:07:56	CAN	
5be8a4e4-fe7d-40b2-ae84-bf7d3457cfec	915	Matteo Berton	M	M50-54	74	12:04:20	1:22:49	0:13:27	5:22:30	0:06:30	4:59:04	IT	
4e67bf81-9f73-f011-bec2-000d3a5cf7d8	916	Elizabeth Vigneault	F	F25-29	40	12:04:24	1:29:33	0:06:33	5:55:17	0:05:05	4:27:56	CA	
182ecdeb-5892-408f-98cc-c6b8995e8576	917	Simon Davis	M	M60-64	15	12:04:38	1:11:14	0:08:18	5:33:09	0:09:12	5:02:46	CAN	
24a4caec-7241-ef11-8409-000d3a348633	918	Matt Richling	M	M40-44	103	12:04:41	1:15:12	0:05:23	5:40:37	0:07:06	4:56:23	CA	
adca68fb-4c3d-ef11-840a-00224809fd7c	919	Melissa Rodriguez Arroyo	F	F30-34	26	12:04:50	1:30:50	0:06:16	6:06:31	0:06:52	4:14:21	US	
378b17a4-5c52-476e-a231-0526c19946b5	920	Simon Vanpeperstraete	M	M30-34	118	12:04:55	1:22:20	0:07:33	5:43:48	0:07:28	4:43:46	CA	
1d65fb30-15d8-ee11-9079-6045bd0158c4	921	Jean-Philip Cornellier	M	M35-39	106	12:05:11	1:13:11	0:09:16	6:26:59	0:09:25	4:06:21	CA	
1890abc2-a773-f011-b4cb-6045bd09bca8	922	Mike Burke	M	M30-34	119	12:05:21	1:12:34	0:07:52	5:55:37	0:05:10	4:44:08	CAN	
08ddf4a9-90c9-4a89-8f08-0cad3839b683	923	Dilan Trivedi	M	M25-29	147	12:05:25	1:16:08	0:06:18	6:26:20	0:06:40	4:09:59	US	
c70558ef-991a-4df5-bca2-0963d22cb257	924	Anne Gagné	F	F25-29	41	12:05:25	1:17:34	0:06:55	6:23:53	0:08:49	4:08:14	CA	
b31ad1d2-b778-f011-b4cc-000d3a35ffc1	925	Thomas Fortier	M	M25-29	148	12:05:30	1:09:35	0:07:55	5:43:54	0:07:28	4:56:38	CA	
44d49cd3-83ec-4ee8-9558-deef899d43ab	926	Ruth Henshaw	F	F50-54	14	12:05:42	1:31:48	0:06:13	6:07:33	0:06:05	4:14:04	CA	
75cfff67-8e61-f011-bec3-000d3a3173b5	927	Christopher Chabot	M	M25-29	149	12:05:50	1:20:18	0:07:48	5:51:00	0:07:33	4:39:11	US	
e9913fda-9e00-ef11-a1fe-000d3a314ae2	928	Ian Port	M	M55-59	33	12:05:54	1:06:19	0:08:25	5:40:14	0:09:07	5:01:49	CA	
def0c5de-7ba3-45b8-8361-28021e550dbf	929	Mairannika Martensson	F	F25-29	42	12:06:12	1:41:33	0:06:50	5:49:15	0:08:43	4:19:51	US	
3c0ede33-c0b2-48a8-885b-07b0925b7329	930	Gabriel Salabi	M	M18-24	105	12:06:20	1:31:10	0:07:10	6:13:10	0:04:41	4:10:08	CA	
78907c85-41f5-ef11-9342-000d3a5ae96c	931	Felix Cadorette	M	M18-24	106	12:06:42	1:22:17	0:07:25	7:08:33	0:06:11	3:22:16	CA	
bdddba53-1cbe-4164-8e62-aa13fc25c4d3	932	Christian Deschênes	M	M45-49	70	12:07:02	1:28:27	0:07:45	5:42:50	0:08:51	4:39:10	CA	
05b1d3d5-9ca1-4b4e-b8e5-5a72dde71096	933	Yutaka Jotaki	M	M35-39	107	12:07:03	1:16:23	0:09:23	5:04:56	0:05:15	5:31:06	JP	
b997e536-d8b7-43dd-922c-a2238939f5a8	934	Morag Mackenzie	F	F25-29	43	12:07:14	1:19:10	0:09:07	6:28:02	0:10:19	4:00:36	CA	
4ff1263f-5365-412c-a452-db3d32dbd891	935	Jean Francois Dansereau	M	M50-54	75	12:07:24	1:08:18	0:08:12	5:30:16	0:11:22	5:09:16	CA	
0c1ef0a0-0346-49e0-9616-5ecafffd91e7	936	Corby Purdy	M	M45-49	71	12:07:25	1:15:07	0:06:23	5:48:32	0:08:33	4:48:50	CAN	
b1d48802-bc70-f011-bec3-000d3a35ffc1	937	Keegan Brudnjak	M	M18-24	107	12:07:32	1:19:27	0:07:45	6:34:55	0:05:21	4:00:04	CAN	
6263764a-0e88-ee11-8179-000d3a314be4	938	Noah Corneau	M	M18-24	108	12:07:33	1:28:35	0:08:51	5:58:11	0:05:30	4:26:26	CA	
d18a7f16-5330-437c-8763-bce5943cf66a	939	Jill Chapman	F	F45-49	23	12:07:38	1:50:01	0:06:33	5:40:08	0:06:55	4:24:01	can	
e9fb690d-a615-4a75-9ac2-10fce7e3d15b	940	Michael Messina	M	M30-34	120	12:07:59	1:30:50	0:10:23	5:55:29	0:06:14	4:25:04	US	
a623df71-8ce1-4d1e-b81e-593dfc87a565	941	Jake Kehoe	M	M25-29	150	12:08:04	1:32:35	0:07:44	6:04:12	0:09:16	4:14:17	US	
11c50578-355f-ef11-bfe3-00224809ab10	942	Sheila Joyce	F	F25-29	44	12:08:04	1:03:46	0:07:04	6:20:58	0:07:58	4:28:18	usa	
f9eaab81-2afd-ee11-a1ff-000d3a314d17	943	Ross Reed	M	M35-39	108	12:08:05	1:28:14	0:10:32	5:49:04	0:12:19	4:27:55	CA	
1d6dc338-b4ff-481a-8db5-2e4138fd814c	944	Matt Cave	M	M50-54	76	12:08:09	1:22:26	0:05:35	5:44:20	0:04:05	4:51:43	CA	
80bca075-f956-43f6-a47a-fcbbdd8f0b92	945	Peter Bentley	M	M40-44	104	12:08:32	1:22:19	0:05:39	6:08:05	0:06:06	4:26:23	GB	
3467a278-9c68-4f86-a3a6-59faf3203e73	946	Ezequiel Aguilar	M	M55-59	34	12:08:34	1:21:03	0:07:42	5:35:10	0:04:23	5:00:16	CA	
debf5543-3fab-4ec3-819b-22c81e6c18a6	947	Rob Grant	M	M55-59	35	12:08:39	1:46:58	0:04:38	5:25:44	0:06:25	4:44:54	CA	
62bf80ac-1d2b-40e9-b207-89928b327051	948	Patrick Levesque	M	M55-59	36	12:09:02	1:19:22	0:05:56	6:06:15	0:04:48	4:32:41	CA	
eaa6befe-531f-ee11-9cbe-000d3a3144b3	949	Brad Andre	M	M35-39	109	12:09:35	1:24:52	0:08:30	6:01:34	0:05:46	4:28:53	CA	
b79571d6-0316-4cfe-b91a-80fccec9361c	950	Dave Donahue	M	M40-44	105	12:09:42	1:23:35	0:13:39	6:24:28	0:09:27	3:58:33	USA	
5374d6b4-4a2c-42c5-ad04-a4570d424dc6	951	Kyle Welham	M	M25-29	151	12:09:52	1:31:50	0:06:52	5:45:17	0:05:52	4:40:00	CA	
9ed91671-05ca-457c-a6e7-2afd3ff0c9cf	952	Andy Rosenman	M	M55-59	37	12:09:55	1:31:01	0:09:08	6:00:25	0:06:36	4:22:45	usa	
587eff44-267d-f011-b4cc-000d3a5b7c3b	953	Frederic Gagnon	M	M30-34	121	12:10:16	1:29:22	0:03:47	6:17:16	0:03:43	4:16:07	CAN	
83c62fa7-f8c0-40eb-a06a-0fab0888c3fb	954	Jean-Paul Beaulieu	M	M55-59	38	12:10:25	1:14:39	0:09:27	5:40:52	0:07:35	4:57:53	CA	
820fd5fb-908a-ef11-ac21-000d3a338a3c	955	Loïc Plamondon	M	M18-24	109	12:10:30	1:14:34	0:06:05	6:08:14	0:07:23	4:34:13	CA	
b71344b5-b355-4845-b26c-89abd18e1683	956	Sam Calandra	M	M55-59	39	12:10:34	1:24:23	0:09:45	5:34:50	0:07:32	4:54:04	US	
3ac1b7c2-29a4-ee11-be37-000d3a31458d	957	Thomas Faucher	M	M25-29	152	12:10:45	1:31:05	0:07:14	5:50:31	0:06:33	4:35:23	CA	
d9ebc534-8c0d-4867-b78d-64caba21a00d	958	Jonathan Brault	M	M45-49	72	12:10:46	1:11:47	0:05:01	4:54:33	0:05:20	5:54:05	CA	
99887854-00d3-47c4-9a56-29a98204b728	959	Nicolas Laliberté	M	M25-29	153	12:11:00	1:17:01	0:05:31	6:18:15	0:06:09	4:24:03	CA	
180bef97-cf6f-f011-bec2-000d3a5cf7d8	960	Kendall Cietek	F	F30-34	27	12:11:00	1:10:36	0:12:31	6:41:25	0:07:28	3:59:00	USA	
c3251670-567d-4156-8b7a-ebf8e308795a	961	Joel Nogueira	M	M50-54	77	12:11:01	1:16:30	0:07:55	6:13:03	0:07:04	4:26:28	CA	
6e167f20-c1f9-4cc3-962c-c1ffc5b484a5	962	Natalie Mullin	F	F40-44	19	12:11:01	1:12:42	0:07:10	5:52:45	0:07:45	4:50:39	CA	
386bbf1d-6e84-ea11-a812-000d3a5a1bfb	963	Joel Guillemin	M	M35-39	110	12:11:03	1:17:43	0:09:06	6:28:02	0:06:58	4:09:13	CAN	
77fb7524-929e-4243-8dfb-749114b1eeba	964	Julia Becker	F	F35-39	17	12:11:04	1:23:51	0:05:27	5:51:53	0:05:58	4:43:55	US	
ed520c6a-dd9b-495a-b5ca-47d4424169f6	965	Peter Voorhees	M	M55-59	40	12:11:13	1:15:13	0:12:53	5:34:55	0:10:10	4:58:01	US	
a21fd37f-2a20-ef11-840a-00224805a63a	966	Denys Neofitnyi	M	M40-44	106	12:11:17	1:20:25	0:07:42	6:09:25	0:03:35	4:30:10	UA	
b4c31879-1489-ef11-ac21-000d3a5a1803	967	James Nguyen	M	M18-24	110	12:11:32	1:22:16	0:07:39	5:50:44	0:06:49	4:44:04	CAN	
b9b912f2-fa8e-49e3-961e-e3922370ed33	968	Michael Benoit	M	M25-29	154	12:11:41	1:16:23	0:14:42	5:57:57	0:12:21	4:30:18	CA	
0dc5489e-e47b-4871-80e9-cacb0b3b7ef8	969	Joseph Traunfeld	M	M35-39	111	12:11:45	1:35:03	0:07:21	6:04:23	0:05:12	4:19:46	US	
198f0897-35fa-f011-8406-0022480994c2	970	Benjamin Fabre	M	M30-34	122	12:11:45	1:33:00	0:06:48	5:54:46	0:04:03	4:33:07	CAN	
4b57bd56-59e9-47b7-9f34-4cfc114a2b15	971	David Nable	M	M45-49	73	12:11:52	1:26:50	0:07:16	5:58:56	0:06:10	4:32:40	USA	
a16e8aec-b7a1-4ad6-a58a-e6c7b7e88f4a	972	Lina Tovbis	F	F35-39	18	12:11:53	1:16:55	0:05:59	6:28:08	0:03:46	4:17:05	CA	
dd000a8c-3762-448b-ad13-4c657b159feb	973	Jean-Philippe Chamberland	M	M30-34	123	12:11:56	1:35:25	0:07:13	5:54:07	0:05:28	4:29:44	CA	
e206b2db-2afa-4536-b644-399f9c4d4605	974	Sophie Wark	F	F25-29	45	12:12:02	1:22:26	0:07:35	5:51:38	0:05:14	4:45:08	CA	
0c1b8f18-d6d2-4afb-9dac-3e2b96dacf4c	975	Ben Lex	M	M30-34	124	12:12:04	1:20:25	0:09:18	5:56:54	0:06:30	4:38:57	US	
c60b748c-3297-f011-b4cc-0022480a7385	976	Logan Anderson	M	M18-24	111	12:12:11	1:33:01	0:07:30	5:51:26	0:08:03	4:32:10	US	
8fc5ed8c-b936-f111-88b3-0022480a5755	977	Risa Nakamura	F	F18-24	12	12:12:45	1:36:18	0:06:06	5:41:44	0:05:11	4:43:26	CAN	
4b2af951-33d3-4d42-9a82-f14f0de9885f	978	Gail Walker	F	F50-54	15	12:12:51	1:19:18	0:06:56	5:50:08	0:06:32	4:49:57	gbr	
608ec4f1-5355-48ca-9b84-73082b8caf97	979	Ian Sharpe	M	M35-39	112	12:13:01	1:20:16	0:10:34	6:00:59	0:07:46	4:33:25	CA	
4e6998df-a57f-4a7c-a848-92f30b86045f	980	Peter MacTavish	M	M50-54	78	12:13:03	1:17:24	0:10:13	5:16:59	0:08:30	5:19:57	CA	
c21f6c15-c176-4d6c-87ce-fb1fc1049904	981	Serge Béliveau	M	M55-59	41	12:13:04	1:31:15	0:12:36	5:51:03	0:10:35	4:27:35	CA	
fecdc30e-2cde-f011-8543-000d3a5b5fc7	982	Tanner Roy	M	M18-24	112	12:13:07	1:18:05	0:04:50	5:53:30	0:04:58	4:51:44	CAN	
6624cc1c-889e-4f07-95c7-d7c540a7bb0e	983	Charles Hoek Team Zoot	M	M40-44	107	12:13:11	1:41:01	0:09:57	5:22:15	0:06:00	4:53:58	AUS	
00f2b945-62de-ef11-8eea-002248049fdc	984	Victoria Taylor	F	F18-24	13	12:13:20	1:13:06	0:05:15	6:33:57	0:08:13	4:12:48	CA	
71087a32-b802-486a-bf35-0c9f7f2b588e	985	Nathan Zahm	M	M40-44	108	12:13:24	1:33:39	0:13:54	5:36:20	0:08:11	4:41:21	US	
551947b8-dc1c-4513-be83-6f380e9d68d5	986	Morgan Lamontagna	F	F30-34	28	12:13:27	1:16:31	0:05:50	6:15:21	0:05:12	4:30:32	CA	
ed89a947-88d5-4d34-9b71-d133932b994c	987	Stanford Skelton	M	M65-69	6	12:13:37	1:26:07	0:09:21	5:34:35	0:10:17	4:53:16	US	
c44fbae2-b689-4b6f-9dcb-00b4458dbae3	988	Jessica Warrack	F	F30-34	29	12:14:01	0:58:33	0:07:35	5:58:17	0:10:27	4:59:08	CA	
79cd7d2d-131c-ee11-8f6e-000d3a31440b	989	Ryan Graves	M	M40-44	109	12:14:04	1:29:07	0:06:06	5:49:40	0:04:19	4:44:52	US	
8f322041-0f81-4d54-a589-b51e67111678	990	Jacob Bray	M	M25-29	155	12:14:16	1:17:03	0:09:15	5:47:28	0:05:23	4:55:07	CA	
0809d085-d4f9-47b3-a009-ca6b17a91a94	991	Kevin Hatch	M	M40-44	110	12:14:18	1:21:49	0:06:36	5:47:23	0:06:19	4:52:11	CA	
b013a146-d9c0-4042-b91a-a7a6fa2bc745	992	Luisa Juhnke	F	F30-34	30	12:14:42	1:20:33	0:06:57	5:32:53	0:07:41	5:06:38	CA	
c96c96fa-8275-49e8-a2ea-079904cdc82a	993	Rina Toteda	F	F50-54	16	12:14:45	1:38:53	0:06:47	5:59:03	0:12:20	4:17:42	CAN	
c4177505-bf81-4061-9293-d7d4e263fdcf	994	Keiran Cooper	M	M35-39	113	12:14:46	1:24:24	0:10:26	5:49:55	0:08:31	4:41:31	CA	
a5946157-4262-40b7-895d-7d6b70c3804d	995	William Schoen	M	M30-34	125	12:14:51	1:24:51	0:07:19	6:07:09	0:05:55	4:29:36	US	
ac8855a9-91cf-4be5-b573-5740e0b05633	996	Nathan Austhof	M	M50-54	79	12:14:52	1:18:28	0:12:17	5:42:20	0:08:33	4:53:14	USA	
5796d981-9bff-ef11-bae2-000d3a3173b5	997	Michael Cooper	M	M25-29	156	12:15:01	1:09:49	0:10:15	6:04:55	0:13:22	4:36:40	US	
99985f69-7678-4d47-b922-d2bce9d96be5	998	Simon Codere	M	M35-39	114	12:15:01	1:24:28	0:10:45	6:42:29	0:11:53	3:45:27	CA	
2000d42f-afbf-4e98-ac3e-7fcaa8cfa9a5	999	Louise Taylor	F	F55-59	3	12:15:30	1:21:11	0:05:11	6:10:11	0:04:57	4:34:02	can	
9e88e389-eb4a-ef11-a317-000d3a5c08e8	1000	Bryan Caporicci	M	M35-39	115	12:15:46	1:06:35	0:08:20	5:42:25	0:06:11	5:12:16	CA	
65768f85-ec42-41e1-bc65-fe0174a2db4b	1001	Michael Zaro	M	M45-49	74	12:15:50	1:24:29	0:06:38	5:52:43	0:08:16	4:43:44	USA	
dfbaadd8-cb3a-4c88-bf42-c8bfa3f7f22c	1002	David Parsons	M	M60-64	16	12:15:53	1:29:16	0:07:34	5:19:48	0:06:51	5:12:24	US	
aa13325a-76e2-4609-93dd-029b1d120b27	1003	Terry Burt	M	M55-59	42	12:15:58	1:11:14	0:06:03	5:49:09	0:06:51	5:02:41	CAN	
0e87addc-d669-f011-bec2-000d3a5b7c3b	1004	Audrey-Ann Poulin	F	F30-34	31	12:16:03	1:41:10	0:08:39	6:22:07	0:06:38	3:57:28	CA	
c3adf1f8-7e9f-ef11-8a6a-002248049fdc	1005	Adrien Heurtebise	M	M40-44	111	12:16:03	1:30:51	0:09:07	5:40:37	0:11:51	4:43:37	FR	
96619c8e-ec6f-430e-afb3-8f7148efb91b	1006	Jamie Burdon	M	M60-64	17	12:16:09	1:22:47	0:10:06	6:00:58	0:08:26	4:33:52	CAN	
f918ed76-b6af-4ab1-a4bd-82558d324a9e	1007	Pier Alexandre	M	M35-39	116	12:16:17	1:32:05	0:11:18	5:52:57	0:23:11	4:16:44	CA	
8c1d8bb2-332e-4ee1-a201-596d524c6634	1008	Brian Whitesell	M	M45-49	75	12:16:20	1:05:39	0:07:43	5:41:29	0:12:26	5:09:03	USA	
05a9682e-0e70-4754-9989-6d1314eb9d1c	1009	Lisa Scott	F	F50-54	17	12:16:43	1:27:13	0:06:01	5:55:01	0:08:29	4:39:59	CA	
bd2bc5e3-9bd5-4c8a-b649-2c76edcd971c	1010	Connor Heggart	M	M30-34	126	12:16:43	1:39:49	0:10:19	5:59:00	0:07:47	4:19:48	CA	
3588ac40-0dff-ee11-a1fe-6045bd0158c4	1011	cameron vanoordt	M	M40-44	112	12:16:47	1:18:44	0:05:07	5:26:09	0:05:06	5:21:41	CA	
31b8e62e-ea5d-4377-bad8-e59979581793	1012	Belle Thomas	F	F35-39	19	12:16:48	1:25:31	0:07:52	6:12:37	0:09:16	4:21:32	US	
295bc8fa-ed05-f011-bae1-000d3a3173b5	1013	Megan Kamphuis	F	F30-34	32	12:16:55	1:31:55	0:14:25	5:52:14	0:08:53	4:29:28	CA	
7a9dba74-61f0-4068-8237-ced7202d246a	1014	Yahya Aliabadizadeh	M	M55-59	43	12:16:58	1:34:45	0:07:48	5:27:29	0:08:29	4:58:27	US	
3716e8ff-1aad-f011-bbd3-000d3a5b50ba	1015	Peter Johnson	M	M60-64	18	12:17:09	1:34:51	0:06:54	5:21:20	0:06:51	5:07:13	CA	
4bdfd1bf-d6e1-455e-9ef0-cc3d35d17566	1016	Paola Martinez	F	F45-49	24	12:17:13	1:20:17	0:07:10	5:55:55	0:09:26	4:44:26	CA	
120e7b7f-2939-44bb-bb09-d6b88d8d57aa	1017	Rishi Nangia	M	M50-54	80	12:17:21	1:24:02	0:14:06	5:44:31	0:14:46	4:39:56	usa	
21c5cb64-2800-4399-acb4-dd22250b122b	1018	Eric Hùng Nguyễn	M	M45-49	76	12:17:26	1:47:08	0:07:16	6:04:02	0:04:24	4:14:37	vnm	
20c55d52-e073-f011-bec3-6045bd09951e	1019	Kirby Le	M	M25-29	157	12:17:37	1:23:50	0:13:43	6:33:51	0:10:07	3:56:06	CAN	
71c8de03-d8dc-4511-aafe-a6da1b13276e	1020	Michael Morrison	M	M30-34	127	12:17:38	1:16:31	0:09:26	6:16:24	0:08:09	4:27:09	CAN	
fd00fd9c-8422-4d0b-b3bb-cedf8ddba303	1021	Brett Buchanan	M	M50-54	81	12:17:42	1:15:29	0:07:56	6:11:41	0:11:06	4:31:30	CAN	
50d1a1da-b00e-ec11-b6e6-000d3a5a5374	1022	Trevor Courtis	M	M35-39	117	12:17:49	1:17:51	0:07:36	6:16:50	0:08:55	4:26:37	CA	
425bd6dc-8f36-f011-8c4e-6045bd05f634	1023	Anthony Panza	M	M18-24	113	12:17:52	1:16:07	0:05:14	6:07:30	0:05:10	4:43:51	US	
2b266875-d6d9-ef11-8eea-000d3a5a1803	1024	Simon Li	M	M35-39	118	12:17:53	1:33:11	0:12:00	6:05:23	0:07:11	4:20:08	CAN	
5e3d5e54-ab54-48e2-947d-91a42b95164d	1025	Nick Gkikas	M	M45-49	77	12:18:12	1:28:09	0:07:19	6:07:30	0:07:47	4:27:26	GB	
b0d6ad8f-3c38-4214-8992-19afe8bbde53	1026	Anthony Carello	M	M25-29	158	12:18:13	1:25:35	0:09:46	5:56:57	0:07:45	4:38:11	CA	
a62fd0e1-8955-4416-b30b-367a13fa1d76	1027	Robert Schnell	M	M45-49	78	12:18:14	1:19:16	0:05:12	5:53:50	0:07:10	4:52:46	CAN	
aed61024-d482-47c6-9540-86628672f46c	1028	Crissy Pastorius	F	F35-39	20	12:18:18	1:11:29	0:06:08	6:10:34	0:08:47	4:41:20	CA	
f75a633e-4200-4409-842f-efcc4bac2c69	1029	Alexandre Blackburn	M	M45-49	79	12:18:21	1:18:25	0:07:57	5:56:17	0:09:43	4:45:58	CA	
623ed3f6-a37c-4f4c-a58d-611081c81a19	1030	Jessica Michalofsky	F	F55-59	4	12:18:27	1:17:02	0:05:07	6:05:20	0:06:47	4:44:12	CA	
b03cdeab-aac7-4f86-abef-c232fe032113	1031	Thomas Pobojewski	M	M40-44	113	12:18:27	1:19:32	0:09:33	5:51:18	0:10:44	4:47:21	CA	
a579f655-b1a9-46ac-8078-02f9461c58ea	1032	Steven Lee	M	M50-54	82	12:18:37	1:33:30	0:05:46	5:36:38	0:07:13	4:55:30	usa	
da280988-3678-42e8-b72f-dd4b1336182f	1033	Rachel Welsford	F	F18-24	14	12:18:50	1:18:29	0:06:11	6:10:17	0:05:34	4:38:20	CA	
bcb48d1d-548b-4b4e-ad6d-b78750b753cc	1034	Carol Ann Millner	F	F50-54	18	12:18:59	1:26:03	0:06:46	5:54:50	0:04:53	4:46:26	US	
d8166f34-ce77-f011-b4cb-6045bd04ab46	1035	Simon Trepanier	M	M30-34	128	12:19:12	1:17:50	0:10:31	6:09:34	0:15:31	4:25:47	CA	
b147e553-92e3-4415-bef3-d3ddaad6ced4	1036	Yannick Boulanger	M	M50-54	83	12:19:16	1:32:06	0:14:13	5:56:46	0:10:40	4:25:31	CA	
36023168-ea96-4df8-8d7b-e16634f1d72e	1037	Antoine Côté	M	M18-24	114	12:19:21	1:12:12	0:06:29	6:09:52	0:04:28	4:46:21	CA	
d15cae49-0de8-44c6-808d-a0c8a3803de8	1038	Marieve Tessier-Proulx	F	F25-29	46	12:19:37	1:22:46	0:06:04	5:59:59	0:08:43	4:42:05	can	
f92a5513-cf22-41f1-9d3f-e8987da9a95e	1039	Aidan Bain	M	M30-34	129	12:20:22	1:17:56	0:07:34	5:50:54	0:09:07	4:54:51	CA	
b8433b56-c801-ef11-a1fd-000d3a5a4ecf	1040	Patrick Timmons	M	M50-54	84	12:20:23	1:47:30	0:11:41	5:56:04	0:08:56	4:16:12	CA	
03523237-9f87-f011-b4cc-000d3a5b7c3b	1041	Evan Moquin	M	M18-24	115	12:20:24	1:23:17	0:06:53	6:14:37	0:07:06	4:28:30	CA	
cb5e8a18-07d2-4cf8-a196-b6989071ef67	1042	Christian Poiré	M	M55-59	44	12:20:33	1:20:28	0:08:58	5:45:02	0:08:28	4:57:37	CA	
6023ceb4-eaae-f011-bbd3-000d3a5cf7d8	1043	Connor Pashe	M	M18-24	116	12:20:38	1:18:16	0:04:42	5:57:26	0:03:23	4:56:51	CAN	
41d7eb6b-c75f-4284-9fcd-365b069003d1	1044	Myguel Bouchard	M	M35-39	119	12:20:51	1:27:35	0:09:29	5:45:34	0:09:07	4:49:06	CA	
9eb0aebc-3df3-4486-bb35-eaf85574038f	1045	Roger BILLINGS	M	M55-59	45	12:21:04	1:17:58	0:07:34	6:09:41	0:07:20	4:38:30	can	
b2261bc8-901d-4578-9973-1a8307e42a60	1046	Jon Graham	M	M45-49	80	12:21:05	1:20:48	0:08:13	6:11:16	0:08:19	4:32:29	CA	
d97ac818-e9fa-4622-a1e6-3455f5ac088b	1047	Jon Holt	M	M45-49	81	12:21:05	1:34:04	0:06:21	5:58:30	0:05:30	4:36:41	CA	
b685328e-44bc-f011-bbd3-000d3a5cf7d8	1048	Tina Perilli	F	F50-54	19	12:21:09	1:33:54	0:05:28	5:51:56	0:04:15	4:45:36	CAN	
0ec315d7-d7eb-4419-987c-16775dcd4d96	1049	Eric Fayard	M	M60-64	19	12:21:11	1:33:26	0:06:13	5:44:34	0:05:25	4:51:33	usa	
5d4f97e4-e032-4d3c-8146-6dca29e18f0e	1050	Marco Guerrini	M	M50-54	85	12:21:34	1:17:30	0:06:38	5:48:01	0:04:48	5:04:37	ita	
10311682-a174-f011-bec3-000d3a5b50ba	1051	François Hervieux	M	M45-49	82	12:21:41	1:52:33	0:06:28	5:27:15	0:10:10	4:45:16	CA	
2e918406-4cb4-ef11-b8e9-002248049fdc	1052	Sarahève Racette	F	F25-29	47	12:21:49	1:27:18	0:08:20	6:15:36	0:11:12	4:19:23	CA	
878480a8-5b71-f011-bec2-0022480a7385	1053	Deanna Bralten	F	F35-39	21	12:21:56	1:21:52	0:05:36	6:12:14	0:06:07	4:36:09	CA	
4dbd529c-dfb8-f011-bbd3-000d3a5cf7d8	1054	Erinn Stenman-Fahey	F	F25-29	48	12:22:02	1:20:05	0:08:00	6:44:43	0:08:37	4:00:36	USA	
1c4da494-6b75-ef11-a670-000d3a3444eb	1055	Mat Babol	M	M35-39	120	12:22:25	1:28:38	0:07:31	5:28:49	0:09:48	5:07:39	CA	
34ef4f67-e219-4415-b63a-46f22e6d3662	1056	Maheux Tony	M	M45-49	83	12:22:33	1:32:01	0:08:15	5:54:45	0:07:41	4:39:51	CA	
6e03c680-bd2e-42c1-b218-d8e6c124d62c	1057	Joris De la cruz	M	M35-39	121	12:22:47	1:11:53	0:09:55	6:10:13	0:08:47	4:41:59	CA	
9faebf52-3d79-ef11-a670-000d3a5a1803	1058	Trevor Tessier	M	M35-39	122	12:22:52	1:14:16	0:08:49	5:40:44	0:11:50	5:07:12	CA	
05968e2c-fcb9-476b-b6f1-bb7f48bf845c	1059	Clarence Paquin	F	F30-34	33	12:23:04	1:31:18	0:07:31	6:22:13	0:07:46	4:14:16	CA	
750870a7-8a7b-4dd2-86c9-d7def880e685	1060	Zach Pinault	M	M18-24	117	12:23:22	1:24:43	0:06:19	5:46:10	0:07:35	4:58:34	can	
0ca5d30a-6dcc-f011-bbd3-000d3a35ffc1	1061	Daniel Ouellette	M	M45-49	84	12:23:27	1:41:59	0:05:27	5:59:48	0:06:24	4:29:48	CAN	
b8ce375c-81a4-44fa-9e39-59ebb4f83c76	1062	John Brock	M	M30-34	130	12:23:27	1:20:51	0:16:11	5:56:10	0:14:10	4:36:06	USA	
f90a30c6-a749-403a-8d23-c40c200355a9	1063	Andy CHEN	M	M30-34	131	12:23:30	1:22:12	0:07:12	6:07:14	0:14:29	4:32:22	usa	
b5d9f265-8396-f111-8075-70a8a5aecbf0	1064	Griffin Mertz	M	M25-29	159	12:23:41	1:23:17	0:11:22	6:17:47	0:10:30	4:20:45	US	
f60a0557-e0f1-4043-b9f3-c572c25cad3d	1065	Emily Dye	F	F40-44	20	12:23:43	1:25:06	0:12:56	6:09:36	0:10:02	4:26:03	GB	
d94ca02d-26f8-460f-95a0-f9e1cf61b688	1066	Brian Irvine	M	M30-34	132	12:23:43	1:23:18	0:05:22	5:28:41	0:03:41	5:22:41	CA	
6be9ba3f-8b95-ef11-8a6a-000d3a338a3c	1067	Brayden Roy	M	M30-34	133	12:23:51	1:25:21	0:08:43	6:23:39	0:07:46	4:18:22	CA	
93012c56-6c7f-4546-874a-73c66cedcc36	1068	Nicole Byrne	F	F30-34	34	12:24:22	1:27:17	0:05:32	6:18:27	0:06:13	4:26:52	CA	
01a44c6b-6c79-4a9a-bf5a-eb5e1e93be6c	1069	Simon Jones	M	M50-54	86	12:24:26	1:04:23	0:05:42	5:25:51	0:06:11	5:42:20	can	
4cfc7844-3b71-ef11-a671-00224808301f	1070	Felipe Valenzuela	M	M30-34	134	12:24:35	1:24:40	0:05:25	6:11:27	0:06:03	4:37:01	CA	
1904ce41-69f3-4ba3-a387-55c593c013d9	1071	Alec Ferron	M	M50-54	87	12:24:35	1:37:30	0:05:50	5:35:36	0:06:01	4:59:39	CA	
085a18a4-fafa-ed11-8849-000d3a314be4	1072	Anass Ouliouel	M	M40-44	114	12:24:51	1:36:00	0:08:02	6:00:31	0:08:44	4:31:35	MA	
b1660e49-37e2-42fa-abae-fcbbb75f57b9	1073	Myron Martens	M	M60-64	20	12:25:05	1:19:23	0:10:28	6:10:27	0:07:36	4:37:10	CA	
7401676f-3eb8-f011-bbd3-6045bd05fcc1	1074	Siméon Bilodeau	M	M18-24	118	12:25:06	1:21:48	0:07:01	5:53:32	0:10:15	4:52:30	CAN	
c8eb309a-dce4-4177-a3d0-2afb8d23bbf8	1075	Sneeta Takhar	F	F55-59	5	12:25:08	1:36:46	0:05:27	6:11:49	0:04:44	4:26:23	can	
55f89b26-cc9d-4b1a-85b4-3c03b79e1b04	1076	David Mcstay	M	M40-44	115	12:25:16	1:35:24	0:07:17	6:06:34	0:04:54	4:31:07	GBR	
51ff83d2-6e9d-ef11-8a6a-000d3a338a3c	1077	Meghan Finley	F	F18-24	15	12:25:19	1:23:27	0:06:32	6:28:07	0:07:20	4:19:54	US	
728597a7-676d-49b1-a112-152879c22fa5	1078	Tess Johnston-Iafelice	F	F30-34	35	12:25:23	1:13:47	0:03:56	6:17:01	0:06:02	4:44:36	CA	
46e1bcae-f0f5-459a-950a-4d1a3c467abf	1079	Kirk Felton	M	M55-59	46	12:25:36	1:32:28	0:07:15	5:40:45	0:06:44	4:58:22	usa	
6d989dd7-004d-4b8b-81d7-7f196cd1ba10	1080	Richard Mills	M	M40-44	116	12:26:00	1:31:16	0:12:24	5:44:19	0:09:58	4:48:02	CA	
1d7b3289-f273-4c1f-aae8-58655185e5e6	1081	Jacob Fournier	M	M18-24	119	12:26:02	1:20:22	0:07:08	6:26:09	0:06:50	4:25:32	CA	
9644c89a-91dc-f011-8544-000d3a5b50ba	1082	Matthew Drown	M	M40-44	117	12:26:04	1:30:43	0:09:02	6:14:55	0:08:18	4:23:05	USA	
5247381b-3ac3-f011-bbd3-000d3a5b50ba	1083	Clarence Simon	M	M45-49	85	12:26:09	1:34:23	0:10:48	6:03:17	0:10:51	4:26:50	CAN	
1b0eafbc-423e-4b1d-ba59-b662f3ae0f94	1084	Olivier St-Jean	M	M30-34	135	12:26:13	1:15:30	0:06:09	5:50:41	0:07:54	5:05:59	CA	
c7d75ded-0563-ee11-be6e-000d3a314d17	1085	Paul Cabral	M	M50-54	88	12:26:22	1:25:09	0:08:48	5:36:31	0:08:05	5:07:49	US	
3d079dce-7fc7-40ae-bf39-c950bc8dd892	1086	Brian Silliphant	M	M40-44	118	12:26:34	1:30:59	0:10:44	5:59:42	0:12:40	4:32:29	CA	
e60ed0d6-cb9c-f011-b41c-6045bd05fcc1	1087	Mathis Beaudoin	M	M18-24	120	12:26:40	1:23:17	0:06:00	5:41:55	0:05:50	5:09:38	CA	
82b258f3-dc71-ef11-a671-6045bd0953ac	1088	Karianne Bélanger	F	F30-34	36	12:26:41	1:25:40	0:05:13	5:52:27	0:08:08	4:55:14	CA	
3d09bcb9-a7df-f011-8544-000d3a5b7c3b	1089	Matt Kostuch	M	M25-29	160	12:26:51	1:23:34	0:12:59	6:30:23	0:14:25	4:05:31	CAN	
6632e86f-6d48-405a-88b7-01b3013acfe5	1090	Britney Mosey	F	F35-39	22	12:26:52	1:21:19	0:06:39	6:22:03	0:04:42	4:32:09	US	
8fd29f32-2be9-4433-bc2a-77b34d0684a5	1091	Stephen MacDonald	M	M55-59	47	12:27:09	1:18:09	0:11:22	5:41:01	0:09:30	5:07:09	can	
fce6d69b-5cdd-4d6a-9e9b-4fb1672ed9c7	1092	Lucas Ibba	M	M30-34	136	12:27:25	1:12:20	0:06:31	6:06:33	0:07:15	4:54:46	CA	
63411b1c-bb6f-48f0-b471-5faa8311feab	1093	valerie deland	F	F45-49	25	12:27:25	1:35:19	0:06:26	5:56:04	0:05:41	4:43:55	CA	
46dc2b17-57e4-485f-87a7-4ce44c5c73ff	1094	Francois Guitard	M	M35-39	123	12:27:31	1:24:53	0:06:33	6:02:43	0:06:21	4:47:01	CA	
ec8f9388-d6d3-4133-a791-0d667c854062	1095	Bohdan Zanchetta	M	M30-34	137	12:27:49	1:58:26	0:05:13	5:40:42	0:07:29	4:35:59	can	
07ae26e3-5898-f011-b4cc-000d3a35ffc1	1096	Kelsey Gasparini	F	F30-34	37	12:28:00	1:21:24	0:09:44	6:32:25	0:05:34	4:18:53	CA	
c56dbf00-ff26-4c13-a178-6325842dee62	1097	Blair Guilfoyle	M	M45-49	86	12:28:11	1:23:44	0:07:51	6:31:22	0:11:32	4:13:44	CA	
69075569-0fca-f011-bbd2-000d3a5b5fc7	1098	Greg Rigo	M	M30-34	138	12:28:12	1:15:21	0:08:08	5:55:49	0:10:47	4:58:07	CAN	
2e682c87-9180-47fb-9e8e-9c640a3420c9	1099	Elizabeth Seamans	F	F45-49	26	12:28:27	1:14:50	0:09:19	6:20:42	0:08:23	4:35:13	CA	
a5569a8f-0b97-ef11-8a6a-000d3a5a1803	1100	Damian Blanco	M	M40-44	119	12:28:28	1:50:07	0:12:38	5:56:00	0:09:34	4:20:09	CA	
225ccc21-6e73-480b-9c0d-a1fa75b22a90	1101	Eric Tremblay	M	M55-59	48	12:28:28	1:18:17	0:06:56	6:05:56	0:08:30	4:48:49	CA	
bc88599b-ed07-f011-bae2-000d3a5b50ba	1102	Simon Azar	M	M40-44	120	12:28:46	1:33:48	0:07:48	5:44:50	0:05:54	4:56:26	MY	
ee84c257-cb69-f011-bec2-0022480a7385	1103	Jean-Pascal Voyer	M	M40-44	121	12:28:51	1:29:47	0:06:07	5:53:24	0:05:44	4:53:48	CA	
34feb914-88d0-f011-bbd3-6045bd05fcc1	1104	Kenjy Demeester	M	M35-39	124	12:28:56	1:09:46	0:05:07	6:13:59	0:07:02	4:53:03	CAN	
faf31a92-fad6-4069-a537-3190b22d8659	1105	Melanie Rocher	F	F50-54	20	12:28:58	1:23:03	0:05:26	5:51:03	0:04:40	5:04:46	CA	
68b111ef-7001-4945-b107-3ce7b92dcb86	1106	Stephane Fournier	M	M40-44	122	12:29:00	1:22:35	0:09:22	5:49:31	0:13:43	4:53:48	CA	
ed810272-32a8-4be4-8f82-b6ce2936fd03	1107	carl desforges	M	M45-49	87	12:29:02	1:30:52	0:08:08	5:55:46	0:08:30	4:45:46	CA	
b8b29603-c9ed-419d-b592-1ae4247a8901	1108	Martin Fontaine	M	M50-54	89	12:29:08	1:31:01	0:06:04	5:53:21	0:05:35	4:53:07	CA	
20f732e6-9f75-4590-a5a8-41eafcaebb1d	1109	Norman Marcotte	M	M60-64	21	12:29:09	1:27:53	0:10:45	6:14:15	0:06:28	4:29:48	CA	
cb2e5129-db5a-f011-bec2-6045bd09951e	1110	Jessica Reibel	F	F25-29	49	12:29:11	0:59:39	0:05:06	6:16:28	0:06:59	5:00:58	CAN	
4dcc1aaf-403b-4bff-9bf9-be9c06227d4d	1111	Keith Ramon	M	M45-49	88	12:29:22	1:14:50	0:07:58	5:38:39	0:10:04	5:17:50	CA	
84568012-c05b-4de4-b8d8-d5aae34e359f	1112	Bobbi Moushon	F	F45-49	27	12:29:25	1:38:14	0:09:01	6:46:38	0:06:44	3:48:48	USA	
5fa75b49-be73-f011-b4cc-6045bd05f634	1113	Christophe VILLERMET	M	M35-39	125	12:29:36	1:24:29	0:09:03	6:33:23	0:08:33	4:14:07	CA	
1bc912f3-b07b-482c-a774-df922f291b5c	1114	Julian Ortiz	M	M40-44	123	12:29:40	1:30:21	0:11:07	6:11:32	0:09:32	4:27:08	CA	
6f7f4fb2-f272-f011-bec3-6045bd05fcc1	1115	Philippe Lalancette-Morier	M	M18-24	121	12:29:43	1:17:53	0:09:12	5:56:06	0:06:29	5:00:03	CA	
f8c762ca-1cfb-4b88-98e9-d8d67f2b6ad7	1116	Vincent Dubé	M	M30-34	139	12:29:56	1:38:10	0:06:39	5:50:14	0:07:17	4:47:36	CAN	
7daa8d05-2198-f011-b4cc-6045bd05fcc1	1117	Fabien Cottin	M	M50-54	90	12:30:06	1:14:34	0:08:34	6:01:39	0:08:22	4:56:56	CA	
97c1f3fb-649f-4d95-9d05-3cc505e70c6e	1118	Samer Alzaim	M	M55-59	49	12:30:08	1:49:37	0:17:25	6:21:24	0:08:31	3:53:11	US	
cbc0b933-e1fa-ee11-a1ff-000d3a314d17	1119	Volodymyr Shustval	M	M40-44	124	12:30:12	1:40:03	0:08:36	6:20:39	0:06:27	4:14:26	CAN	
ee0b313f-e355-ef11-a317-000d3a3b4ec1	1120	Zach Waterfield	M	M30-34	140	12:30:20	1:20:53	0:10:47	5:38:57	0:09:32	5:10:11	CA	
9c3f4a89-9fbc-ef11-b8e9-000d3a5a1803	1121	Jay Hickey	M	M45-49	89	12:30:32	1:30:31	0:09:11	6:07:34	0:09:35	4:33:40	CAN	
9cadd142-1c36-4a40-8416-a7556b0f67e6	1122	Bradford Redpath	M	M40-44	125	12:30:32	1:29:02	0:12:47	5:36:12	0:16:20	4:56:11	CA	
4e3e4152-546a-4bfd-b35d-cdbd74693226	1123	Tim McNaughton	M	M50-54	91	12:30:44	1:31:48	0:10:51	5:32:06	0:09:18	5:06:40	CA	
06f8f945-a0de-48ec-a44d-dec097ceaddb	1124	Taylor Rennie	M	M30-34	141	12:30:48	1:27:09	0:07:12	6:01:28	0:09:19	4:45:39	CA	
86542175-5f71-f011-b4cb-7ced8d6dec27	1125	Christopher Lachapelle	M	M25-29	161	12:30:55	1:22:53	0:04:44	5:57:59	0:04:35	5:00:44	CA	
f27acfc0-8d67-f011-bec1-000d3a3277d4	1126	Elliot Miller	M	M18-24	122	12:31:17	1:12:56	0:05:12	6:37:21	0:08:05	4:27:43	US	
95779224-0bd6-474a-9e18-9a27fb32a71e	1127	Mark Stovall	M	M65-69	7	12:31:18	1:31:27	0:10:48	5:24:36	0:11:54	5:12:33	US	
945dc9a1-11eb-eb11-bacb-000d3a334dcc	1128	Michael Clark	M	M40-44	126	12:31:23	1:30:49	0:04:29	5:51:12	0:03:29	5:01:24	CA	
5dd4e9ae-f6e7-f011-8544-000d3a5b50ba	1129	Ashlyn Moffatt	F	F30-34	38	12:31:29	1:08:00	0:06:46	6:23:18	0:09:47	4:43:40	CAN	
1e37897e-bc4d-4258-940b-5f2e7395ac93	1130	Dmytro Shysh	M	M35-39	126	12:31:44	1:19:16	0:07:59	6:16:50	0:11:12	4:36:26	CA	
f1f9dba9-2b21-4ca1-9e87-84c8fbde383e	1131	Veronique Bessette	F	F45-49	28	12:31:46	1:22:36	0:10:58	6:19:28	0:08:58	4:29:47	CA	
6301a160-a28a-ef11-ac21-000d3a59a9a1	1132	James Quinlan	M	M25-29	162	12:32:07	1:24:31	0:09:24	6:22:15	0:07:02	4:28:55	CAN	
0248a631-8374-4cae-8f4b-7b5b71ef4853	1133	Casey Morgan	M	M40-44	127	12:32:13	1:20:53	0:04:35	5:54:04	0:04:21	5:08:20	US	
6618ded5-ab5b-4823-8c87-92f33b291e2a	1134	Richard Daley	M	M60-64	22	12:32:17	1:12:48	0:04:21	5:42:25	0:07:05	5:25:38	CA	
a387fad8-0844-f011-877a-000d3a3173b5	1135	rylan plante-crough	M	M25-29	163	12:32:32	1:30:17	0:05:51	5:45:39	0:05:55	5:04:50	can	
994b7d40-77ba-f011-bbd3-0022480c097c	1136	Tate Simpson	M	M30-34	142	12:32:33	1:17:13	0:07:04	5:59:20	0:08:19	5:00:36	CAN	
8d5f3b2d-ff78-4417-a619-3eda21e2b053	1137	Henry Leung	M	M45-49	90	12:32:44	1:24:43	0:08:02	6:10:11	0:05:39	4:44:10	CA	
56386183-b249-4cd7-8473-49d3180e23c5	1138	Harvey Dykes	M	M55-59	50	12:32:47	1:16:31	0:18:53	5:27:57	0:18:11	5:11:15	can	
4f82c18e-daf5-ee11-a1fd-6045bd07b725	1139	Kyle Furlong	M	M25-29	164	12:32:49	1:27:15	0:11:13	6:03:19	0:15:55	4:35:08	CA	
f1cec185-0476-f011-b4cb-000d3a5b7c3b	1140	Matthew Sirois	M	M30-34	143	12:32:52	1:12:48	0:05:40	6:31:30	0:06:03	4:36:51	CA	
d4586455-f1c4-402f-960e-c9f0f09ca1f3	1141	Vitor Guerra	M	M55-59	51	12:32:54	1:11:04	0:06:12	6:21:20	0:06:00	4:48:17	CA	
52b72859-117f-4d44-b43b-169ba46f36f6	1142	Terry Zorgel	M	M65-69	8	12:32:54	1:26:18	0:11:34	6:18:43	0:14:19	4:22:00	CA	
f12e7529-6b79-f011-b4cb-000d3a5cf7d8	1143	Michael Labatte	M	M30-34	144	12:33:19	1:16:21	0:09:27	6:17:59	0:10:04	4:39:27	CA	
e07c8b4f-13a6-4a35-a148-d92b481b0a45	1144	Alvaro Berrizbeitia Parra	M	M55-59	52	12:33:21	1:14:58	0:10:26	6:12:34	0:04:49	4:50:33	CL	
25f5ceda-8e8c-4a2d-8615-b06aafeed02e	1145	Alita Krickan	F	F45-49	29	12:33:25	1:21:31	0:07:49	5:55:55	0:06:54	5:01:15	CA	
0b921762-f510-4d63-b4e7-e6e7bd5a18c4	1146	Erin Gaughan	F	F50-54	21	12:33:28	1:23:21	0:11:12	6:26:50	0:13:20	4:18:46	CA	
bb1acd2c-add4-f011-8544-000d3a5b7c3b	1147	Antonio Carvalho	M	M25-29	165	12:33:32	1:13:16	0:10:24	6:16:29	0:08:00	4:45:24	USA	
9667fdaa-6080-ef11-ac21-6045bd05c809	1148	Jessica Yi	F	F25-29	50	12:33:33	1:20:17	0:06:37	6:31:14	0:08:40	4:26:44	CA	
afb90f5a-caf2-4084-b237-ca7fb9dc92cc	1149	Kevin Dai	M	M50-54	92	12:33:43	1:22:18	0:11:37	5:56:41	0:11:43	4:51:24	usa	
0d52c17c-6749-4093-9bb3-59df1af8ed41	1150	Kylan Vanwicklin	M	M45-49	91	12:33:50	1:48:14	0:06:27	6:39:12	0:05:37	3:54:19	CA	
9ee0517b-79aa-4dfa-8a16-3da9281f81d3	1151	Alfred Zelhof	M	M35-39	127	12:33:57	1:22:23	0:07:26	6:48:38	0:08:02	4:07:27	CA	
dd3829a2-2066-ef11-bfe3-6045bd0953ac	1152	Mary Rossetti	F	F45-49	30	12:33:58	1:22:42	0:09:02	6:27:06	0:08:32	4:26:36	GB	
4598d6d1-b609-4876-86fc-4ece59fb5823	1153	Jordan Zeelie	M	M30-34	145	12:34:01	1:12:43	0:05:21	6:07:13	0:09:50	4:58:53	SOUTH AFRICA	
af356421-3efd-ef11-bae2-0022480823e6	1154	Jens Watt	M	M25-29	166	12:34:19	1:02:40	0:05:25	5:31:34	0:03:53	5:50:46	CA	
942b78ee-59eb-47c2-b925-b3d38745f234	1155	Bruno Morin	M	M40-44	128	12:34:19	1:14:52	0:08:58	6:11:00	0:12:48	4:46:40	CA	
0f5bb9d1-df80-ef11-ac21-000d3a30152c	1156	Iwan Smiley	M	M18-24	123	12:34:31	1:34:22	0:07:09	6:20:20	0:07:21	4:25:18	CA	
f72b79df-3aed-4033-8473-1441769d703e	1157	Darren Levere	M	M30-34	146	12:34:44	1:24:42	0:06:50	6:30:39	0:14:57	4:17:37	CA	
f0c67c6b-6cff-4f72-8244-a1592f1a86e3	1158	Rodrigo Dantas	M	M40-44	129	12:34:49	1:15:56	0:05:45	5:52:02	0:04:24	5:16:42	CA	
20a2dfb6-ee29-ec11-b6e5-000d3a333555	1159	Sara Vollmerhausen	F	F30-34	39	12:34:50	1:12:25	0:04:51	6:00:23	0:04:46	5:12:25	CA	
d1c5216e-00c5-4db2-a924-acca1391a177	1160	Bernard Harvey	M	M55-59	53	12:35:02	1:27:30	0:11:42	5:37:52	0:06:28	5:11:30	CA	
d1a80998-872d-46ea-b2bb-3364fc14766c	1161	Josiane Houle	F	F30-34	40	12:35:04	1:36:17	0:08:01	6:05:32	0:08:53	4:36:21	CA	
5d416464-5645-4cba-8156-7cc8af023635	1162	Angelika Veens	F	F40-44	21	12:35:31	1:27:00	0:05:09	6:06:55	0:07:18	4:49:08	CA	
c021e32c-ef9f-4a08-9414-bc01d5008613	1163	Jessie Weaver	F	F45-49	31	12:35:54	1:23:30	0:05:57	6:10:08	0:07:25	4:48:55	can	
45d69c1c-80bc-45b7-9a13-390d6fa883b5	1164	Liam Sutherland	M	M18-24	124	12:36:06	1:27:14	0:07:15	5:57:55	0:08:34	4:55:08	CA	
f3f93670-d172-f011-bec3-000d3a35ffc1	1165	Jaclyn Benn	F	F35-39	23	12:36:12	1:10:02	0:06:32	6:27:15	0:08:51	4:43:32	CA	
906de827-d7ff-470d-9ffd-a473946dd484	1166	Cameron Ashe	M	M30-34	147	12:36:12	1:30:24	0:06:42	6:06:47	0:05:27	4:46:52	CA	
9f8295fd-23ec-f011-8543-6045bd05fcc1	1167	Landon O'Neill	M	M18-24	125	12:36:26	1:41:54	0:10:57	6:32:29	0:12:34	3:58:32	CAN	
8e38f712-a57f-ef11-ac21-002248049fdc	1168	Alexander D'Alessandro	M	M25-29	167	12:36:34	1:16:39	0:08:00	5:46:44	0:07:51	5:17:20	CA	
fc1b1269-be04-4505-86e3-1c3870bd2785	1169	Martin Mineault	M	M45-49	92	12:36:34	1:33:28	0:12:17	5:56:27	0:10:40	4:43:43	CA	
b9804ea1-8e35-f011-8c4e-000d3a5cf7d8	1170	Miguel Fernandez	M	M18-24	126	12:36:36	1:29:03	0:04:26	6:11:21	0:04:06	4:47:40	usa	
c669f018-2b20-ee11-9cbe-000d3a314c24	1171	Jack Quirion	M	M18-24	127	12:36:38	1:11:55	0:09:26	6:32:41	0:14:00	4:28:36	CAN	
fdbe7297-206f-f011-bec2-000d3a5cf7d8	1172	Emilie Roy	F	F18-24	16	12:36:40	1:25:59	0:11:30	5:57:41	0:11:31	4:49:59	CA	
3bef0b57-b8a2-41ae-a664-08856fd833c5	1173	Ross SAITO	M	M60-64	23	12:36:58	1:11:44	0:08:50	6:15:58	0:08:53	4:51:33	can	
44638187-2c00-ef11-a1fe-000d3a314d17	1174	Jeff Adams		M50-54	93	12:37:11	1:24:21	0:11:43	5:53:45	0:08:50	4:58:31	CA	
8824a054-f3fb-f011-8406-0022480995bd	1175	Nathan Wagenbach	M	M25-29	168	12:37:12	1:30:42	0:09:47	6:22:02	0:09:02	4:25:39	USA	
a6954666-9f4f-4890-b243-3735462619d1	1176	Edward Briggs	M	M18-24	128	12:37:14	1:25:59	0:07:12	6:31:04	0:05:36	4:27:23	GB	
c318bbf2-8ea1-ec11-b400-0022480c0007	1177	Gareth Bowley	M	M45-49	93	12:37:38	1:13:02	0:06:36	5:41:22	0:41:17	4:55:21	CAN	
d655e7ed-647d-f011-b4cc-000d3a5b7c3b	1178	Hailey Ryan	F	F30-34	41	12:37:44	1:27:09	0:06:52	6:02:05	0:08:46	4:52:52	USA	
0096779f-86ab-4805-bf50-ffa70273c9c6	1179	Yan Zhu	F	F50-54	22	12:38:02	1:46:07	0:11:33	6:20:38	0:08:00	4:11:44	CA	
142d3fda-a429-4e46-8394-684c2cbf463e	1180	Ben Wassell	M	M45-49	94	12:38:05	1:26:30	0:13:14	6:05:52	0:09:24	4:43:06	CA	
5900c5f6-be7c-4d7d-8256-d0a3dc5c9ee1	1181	Julie Gladstone	F	F45-49	32	12:38:08	1:10:58	0:04:43	5:58:05	0:05:35	5:18:47	CAN	
072bfb3e-4442-4c74-a1d5-68c4c9d16537	1182	Andrea Moccia	F	F35-39	24	12:38:10	1:22:28	0:05:35	6:09:23	0:06:15	4:54:28	CA	
5c0a3ccf-088d-4d87-86e7-40e7f4b2165e	1183	Rex Henry	M	M40-44	130	12:38:17	1:33:59	0:08:09	6:28:00	0:10:59	4:17:09	usa	
3e1b4dca-6120-49e6-8baf-e9dcbd74a6fa	1184	Jérémie Marquis	M	M25-29	169	12:38:22	1:23:29	0:06:35	6:03:43	0:07:52	4:56:42	CA	
af60cd87-9ef1-41c1-ac5b-bfc3beacf84d	1185	Olivier Levesque	M	M25-29	170	12:38:28	1:32:24	0:06:09	6:09:36	0:09:17	4:41:01	CA	
56ae3a3d-6177-427d-974c-4256f335a93e	1186	Benjamin Wilkinson	M	M30-34	148	12:38:44	1:20:17	0:10:51	6:26:49	0:06:21	4:34:26	CA	
d35e283c-4a71-49d9-85e9-69fc66dd13ce	1187	Olivier Saleh	M	M35-39	128	12:38:46	1:17:26	0:06:26	6:33:37	0:07:26	4:33:51	CA	
e47310ce-7c47-f011-8779-000d3a5c3d6c	1188	Thomas Baldauf	M	M18-24	129	12:38:52	1:14:14	0:04:44	6:14:19	0:05:40	4:59:55	USA	
0c38d2ee-914b-f011-877a-000d3a5b7c3b	1189	Jordan Sir Kwang Hu	M	M25-29	171	12:38:58	1:15:44	0:11:14	6:30:34	0:09:36	4:31:50	CAN	
1a64c767-1c46-4023-b41f-44fad4283d8f	1190	Catherine Robert	F	F45-49	33	12:38:58	1:11:30	0:05:11	6:06:40	0:05:50	5:09:46	CA	
052ed380-4471-f011-bec2-002248098cfa	1191	Jason Martin	M	M18-24	130	12:38:58	1:23:09	0:12:29	5:40:51	0:13:17	5:09:12	CA	
8e6beccf-9d99-44b6-aa79-c26997e501f6	1192	Alyssa Hillaby	F	F25-29	51	12:39:00	1:26:31	0:06:15	5:49:55	0:04:29	5:11:51	CA	
29c70e66-ce77-ef11-a670-000d3a3692b5	1193	Odilon Batista	M	M55-59	54	12:39:01	1:18:40	0:14:13	5:51:22	0:13:20	5:01:26	CA	
40febfad-d350-4b7d-a5dc-d73c4e41df45	1194	Francois Rouxel	M	M50-54	94	12:39:02	1:20:49	0:17:08	6:19:07	0:13:12	4:28:45	CA	
a0ac4aff-ff17-ed11-b83e-000d3a590c8e	1195	Rebecca Armbruster	F	F55-59	6	12:39:21	1:43:38	0:06:59	6:00:32	0:06:17	4:41:54	US	
0c6f8d5b-4c15-45ce-99c1-5881ac6ea0c9	1196	Chris Chambers	M	M50-54	95	12:39:21	1:45:58	0:11:06	6:15:16	0:12:16	4:14:46	CA	
a6892eb9-5062-4341-aa9e-9533166a04ca	1197	Benjamin Franich	M	M40-44	131	12:39:25	1:26:29	0:07:57	6:08:26	0:08:15	4:48:19	US	
3bb9b9e2-81da-ee11-904d-000d3a31406e	1198	Kevin Walder	M	M25-29	172	12:39:44	1:14:41	0:09:33	6:29:59	0:08:58	4:36:34	US	
5a4ca3fb-d491-ee11-be37-000d3a31458d	1199	Oscar Rodríguez Becerra	M	M40-44	132	12:39:44	1:38:02	0:11:49	5:35:33	0:11:20	5:03:00	MX	
9ac940c1-a012-4d45-8cfc-9499ee19476d	1200	Justin Pape	M	M40-44	133	12:39:45	1:21:40	0:07:15	5:20:50	0:06:28	5:43:32	US	
197dbc29-47d7-4cc9-bfdc-05620da49dc1	1201	Jean-Gabriel Thérien	M	M30-34	149	12:39:49	1:20:57	0:03:26	5:52:06	0:04:15	5:19:05	CA	
a6bb73a7-b6b0-ef11-b8e9-000d3a5a1803	1202	Jeremy Kolodziej	M	M35-39	129	12:39:50	1:17:48	0:07:45	6:17:53	0:08:45	4:47:39	CA	
1d11d967-1188-ef11-ac21-000d3a59a9a1	1203	Noah Jensen	M	M25-29	173	12:39:54	1:20:56	0:07:27	6:18:52	0:07:05	4:45:34	CA	
78dc8e02-743d-4faa-9140-ee7932a54c9e	1204	Darryl Hicks	M	M45-49	95	12:40:03	1:36:16	0:10:17	5:43:23	0:07:47	5:02:20	CA	
4210c8ed-f956-4889-8807-92fa0ba0be84	1205	Edward Guelfi	M	M60-64	24	12:40:03	1:26:07	0:07:47	5:59:13	0:08:12	4:58:44	US	
6aa5e689-4601-4a56-aa82-86b46b10224c	1206	Andrew Lagree	M	M35-39	130	12:40:03	1:30:52	0:09:31	5:43:36	0:06:58	5:09:06	CA	
a75eeb59-e981-433f-9e3f-f459483b6ecd	1207	Geovanny Rey González	M	M30-34	150	12:40:13	1:42:24	0:08:18	6:09:19	0:07:51	4:32:20	CR	
80752a0e-4a63-ef11-bfe3-00224808301f	1208	Thomas Vernon	M	M30-34	151	12:40:15	1:23:57	0:06:40	5:56:36	0:06:04	5:06:56	CA	
5bef152f-1481-f011-b4cc-000d3a5b50ba	1209	Brooklyn OReilly	F	F25-29	52	12:40:25	1:30:03	0:11:23	7:00:04	0:09:33	3:49:23	CA	
880d87e8-ec1a-40dd-9280-a86ef7cd2e2d	1210	Thomas Filter	M	M40-44	134	12:40:25	1:08:06	0:07:31	5:58:11	0:10:39	5:15:58	CA	
100ea0b5-e9f1-4e0a-a4dd-d4a53770f740	1211	Jackson Recht	M	M25-29	174	12:40:28	1:19:54	0:08:14	6:26:38	0:07:00	4:38:42	US	
f2c8ba68-4947-ee11-be6d-000d3a314d17	1212	Audrée-Anne Morin	F	F30-34	42	12:41:09	1:23:36	0:06:36	6:11:11	0:07:50	4:51:57	CA	
6fea0d22-b34a-f011-877a-6045bd05fcc1	1213	Andrei Banea	M	M30-34	152	12:41:25	1:24:31	0:05:14	5:58:13	0:04:16	5:09:12	CA	
7ba332a5-3c75-f011-b4cc-6045bd09951e	1214	Damon Brown	M	M25-29	175	12:41:34	1:27:03	0:07:23	5:43:51	0:07:27	5:15:50	CA	
feeba75f-2074-4808-8d16-7b6def70cd9d	1215	Amelia Decarie	F	F25-29	53	12:41:36	1:17:45	0:04:01	5:50:59	0:04:00	5:24:51	CA	
f83543d6-d7ab-4fe5-9e3d-448c0ce71642	1216	Cory Wietfeldt	M	M55-59	55	12:41:59	1:17:26	0:07:21	6:21:05	0:07:09	4:48:59	USA	
3170728e-5092-4a1b-96c7-6b527b76ac1d	1217	Jacob Graveldinger	M	M35-39	131	12:42:17	1:12:13	0:09:06	5:47:06	0:06:42	5:27:10	US	
04e222c4-0208-4e29-af3c-add88c071ec9	1218	Dominic Ouimet	M	M45-49	96	12:42:31	1:20:13	0:06:57	6:07:21	0:08:11	4:59:48	CA	
8ce239b0-eea8-4632-9937-a8ef1f946a63	1219	Robert Ryan	M	M30-34	153	12:42:47	1:23:40	0:15:25	6:02:05	0:10:44	4:50:54	US	
e292ac12-a1bc-492f-8704-4ea98fdd23a9	1220	Philip Macdonald	M	M50-54	96	12:42:54	1:19:06	0:08:42	5:52:01	0:07:44	5:15:21	can	
38e5dfd3-b6da-f011-8543-6045bd09af39	1221	Jean-Sebastien Lemire	M	M45-49	97	12:42:55	1:30:02	0:14:24	6:07:59	0:20:07	4:30:22	CAN	
fad51c3c-d505-4472-807e-25d8a8337790	1222	Dan Moroney	M	M50-54	97	12:43:03	1:41:04	0:05:37	5:38:22	0:09:30	5:08:29	USA	
23a7fac1-43aa-43cb-a3ca-3989a9a5c796	1223	Carolyn Fittipaldi	F	F30-34	43	12:43:18	1:00:29	0:04:28	6:12:15	0:05:24	5:20:42	US	
be90ac58-4532-4ab3-a148-711a6da801ac	1224	Diana Murillo Gonzalez	F	F45-49	34	12:43:27	1:22:00	0:09:04	6:47:18	0:05:46	4:19:19	CA	
cabd9a0f-9c3e-4ffb-9e3f-11f33c96c4ba	1225	François Turcot	M	M40-44	135	12:43:29	1:17:31	0:08:09	6:00:54	0:09:36	5:07:19	CA	
93de0d03-be5f-4231-8dc6-3f5cc071caef	1226	Rafael Leal De Azevedo	M	M45-49	98	12:43:32	1:18:00	0:09:00	6:20:43	0:08:34	4:47:14	CA	
253c67cd-5a9e-4144-ac7a-625b070c76b1	1227	Brian Hagan	M	M55-59	56	12:43:33	1:23:33	0:07:57	5:35:04	0:06:11	5:30:48	US	
7108552d-4809-414d-b268-5ab09cdc9b73	1228	Harry Chien	M	M40-44	136	12:43:36	1:19:41	0:09:44	6:12:21	0:11:41	4:50:09	usa	
c2174f53-1c5f-4313-80c0-1c462c9688db	1229	Jody Faught	F	F45-49	35	12:43:36	1:33:30	0:04:33	5:45:49	0:06:26	5:13:19	CA	
d513843e-34cb-4675-8c40-0d093d528598	1230	JF Lamarche	M	M55-59	57	12:43:42	1:23:44	0:09:28	6:02:45	0:10:03	4:57:43	CAN	
883797b2-c3b7-49d6-871a-6eb5773509d7	1231	Adam Vickers	M	M35-39	132	12:43:46	1:12:51	0:12:56	6:47:28	0:08:47	4:21:44	CA	
b4753053-aded-4323-9e60-65c8bbacdd12	1232	Dave Sonetto	M	M55-59	58	12:43:56	1:25:22	0:09:17	6:14:25	0:10:46	4:44:06	US	
b511e1bf-754a-e911-a98b-000d3a34ecdb	1233	Regina Gonzalez Balbontin	F	F30-34	44	12:44:00	1:37:18	0:17:52	5:30:16	0:09:45	5:08:49	mex	
e30a5c14-0672-f011-b4cb-7ced8d716334	1234	Sarah Chaddock	F	F25-29	54	12:44:06	1:46:13	0:12:05	6:05:51	0:08:54	4:31:02	CA	
aa78471f-e229-439e-80f5-aea69577ece8	1235	Stephane Leclair	M	M55-59	59	12:44:07	1:12:39	0:07:17	5:57:16	0:08:27	5:18:29	CA	
26679470-a80f-e511-9401-005056951bf1	1236	Kristine Urban	F	F50-54	23	12:44:13	1:27:17	0:08:32	6:08:52	0:04:04	4:55:27	usa	
c05225f8-19ed-4b01-b948-648f8c5db96c	1237	Yuan Yuan (Deborah) Li	F	F50-54	24	12:44:18	1:55:10	0:09:22	6:19:42	0:08:28	4:11:36	CA	
bf4c3563-ba34-f011-8c4e-000d3a5b7c3b	1238	Sophia Teng	F	F25-29	55	12:44:18	1:04:16	0:07:11	6:30:19	0:03:39	4:58:54	CA	
0d2961ba-ab51-4a1f-b1eb-497f7cb5f18b	1239	Michelle Owaki	F	F30-34	45	12:44:22	1:26:33	0:05:08	6:19:07	0:06:34	4:47:00	US	
4e5f8094-6b00-4cd3-965a-cb03d6573fc6	1240	Carl Vaillancourt	M	M60-64	25	12:44:37	1:22:19	0:08:20	5:57:19	0:14:12	5:02:26	CA	
475af7aa-8dc1-4aa8-868d-31af0343a042	1241	Cristina Mazza	F	F30-34	46	12:44:53	1:32:27	0:20:40	6:25:49	0:14:28	4:11:29	CA	
c19e1a7e-4084-f011-b4cb-0022480b6d70	1242	Jérémy Faubert	M	M18-24	131	12:44:58	1:26:13	0:06:13	5:43:34	0:06:41	5:22:17	CA	
d6e21c19-b6f2-4acb-a641-f16d2e7382fd	1243	Zack Click	M	M35-39	133	12:45:05	1:37:18	0:09:09	5:57:23	0:07:46	4:53:29	US	
35efd2b4-6b8c-4d77-a972-0f67562a565d	1244	Sabrina Angco	F	F30-34	47	12:45:10	1:25:05	0:07:56	5:53:04	0:06:28	5:12:37	CA	
93810009-4222-ed11-b83e-000d3a373b79	1245	Pascal Lapierre	M	M55-59	60	12:45:14	2:01:55	0:13:22	5:45:49	0:04:59	4:39:09	CA	
93121cb9-a943-49df-8c82-768983eb33cd	1246	Graeme Lue Qui	M	M35-39	134	12:45:19	1:19:56	0:05:10	6:03:40	0:07:49	5:08:43	CA	
d75c1d53-5cca-ef11-b8e9-000d3a5a1803	1247	Dorsa Nahid	F	F25-29	56	12:45:34	1:34:14	0:10:53	5:45:47	0:07:12	5:07:27	can	
72b70e0c-eece-4ae1-a0b5-6b27bb529302	1248	Elaine Reid	F	F55-59	7	12:45:37	1:33:43	0:05:29	6:07:29	0:07:39	4:51:16	CA	
bee8f273-6082-ef11-ac21-002248049fdc	1249	Steve Bennett	M	M40-44	137	12:45:49	1:23:28	0:09:03	6:06:31	0:06:13	5:00:34	can	
104990c4-d090-ef11-ac21-6045bd048089	1250	Dave Michaud	M	M18-24	132	12:45:51	1:11:00	0:07:05	6:13:09	0:09:20	5:05:17	CA	
02fb0cb7-5572-f011-bec3-6045bd09951e	1251	Scott Chadwick	M	M45-49	99	12:46:00	1:34:36	0:08:36	6:37:38	0:08:47	4:16:24	CAN	
4077ccf8-da3d-4f90-9bef-4a1d413f6a64	1252	David Rowe	M	M35-39	135	12:46:02	1:29:17	0:12:53	5:56:49	0:09:08	4:57:55	CA	
b5da8d35-f09b-4368-9cbb-6a4eba185933	1253	Coleman Farvolden	M	M18-24	133	12:46:26	1:24:12	0:05:20	5:58:11	0:03:28	5:15:15	CA	
79a2b9cd-94e1-46d0-884b-329af6412e85	1254	Regis Keller	M	M50-54	98	12:46:39	1:15:05	0:07:32	5:55:26	0:07:25	5:21:10	CA	
2e74a266-f86d-460e-95bf-2ce88357e829	1255	Louis-Philippe Maltais	M	M30-34	154	12:46:41	1:20:16	0:08:57	6:11:31	0:11:06	4:54:50	CA	
3851bce8-2c57-4adc-ab4d-23462fa5ca4f	1256	Don Gallagher	M	M65-69	9	12:46:42	1:26:22	0:10:39	6:24:06	0:06:44	4:38:51	CA	
dfa14134-b993-445a-a510-94354f6b30c5	1257	Olivia Andrews	F	F25-29	57	12:46:47	1:18:03	0:07:32	6:21:44	0:04:50	4:54:38	CA	
065a2a84-2e9d-48c7-b65f-4f40852aa1c5	1258	Gilles Fournier	M	M60-64	26	12:46:55	1:23:02	0:10:36	6:01:43	0:12:06	4:59:27	CA	
e32bc21a-dce8-42ca-b0a3-2d31ab8b6bf2	1259	Ryan Borchers	M	M30-34	155	12:47:14	1:25:38	0:13:35	6:32:39	0:07:10	4:28:13	US	
7fbb54d9-2878-458b-afc0-c6a30b1e3952	1260	Andrea Velas	F	F40-44	22	12:47:16	1:41:57	0:07:09	6:13:30	0:06:45	4:37:54	US	
cb19f12b-6571-f011-bec3-6045bd09951e	1261	Charles St-Amand	M	M18-24	134	12:47:24	1:30:02	0:07:01	6:23:30	0:09:10	4:37:41	CA	
bcc0bc0e-4178-4ddf-8426-c8a13844bbbf	1262	Kevin Langford	M	M25-29	176	12:47:30	1:19:54	0:07:59	6:01:30	0:06:12	5:11:54	CA	
29fc3f02-c39c-ef11-8a69-000d3a5a403c	1263	Joe Peterson	M	M35-39	136	12:47:34	1:23:34	0:08:25	6:23:36	0:07:44	4:44:15	US	
bbc00745-7183-4da5-b60c-8ee3ce00b78c	1264	Tony Xu	M	M55-59	61	12:47:54	1:28:54	0:08:34	6:07:16	0:08:32	4:54:38	CA	
842a4371-4fe6-ef11-8eea-6045bd018d16	1265	James Rassell	M	M30-34	156	12:47:58	1:24:11	0:08:39	6:00:47	0:08:36	5:05:45	CA	
f549469d-b6d2-4367-a3c6-dff3be810a84	1266	Martin Talbot	M	M50-54	99	12:47:59	1:24:04	0:12:33	5:55:35	0:09:01	5:06:47	CA	
692ddc21-5588-f011-b4cb-000d3a3af988	1267	Nicolas Joyal	M	M18-24	135	12:48:06	1:14:45	0:06:52	6:23:48	0:07:04	4:55:38	CAN	
e5c20aa6-18ff-ee11-a1fd-000d3a5a4ecf	1268	Andrew Snell	M	M55-59	62	12:48:07	1:34:18	0:10:18	6:18:04	0:08:19	4:37:08	CA	
480d6b66-d287-4782-9580-12f5a8c260fc	1269	Diego Chaves	M	M40-44	138	12:48:10	1:25:26	0:06:48	6:28:40	0:09:52	4:37:24	CR	
2b05325a-32ad-46ad-bd80-1e8a00c22a42	1270	Cole Della-Savia	M	M18-24	136	12:48:14	1:29:27	0:08:34	5:44:04	0:09:47	5:16:22	CA	
0399853d-8645-4c82-a854-83e61dd464e8	1271	Branden Rupert	M	M40-44	139	12:48:16	1:29:42	0:10:03	5:25:51	0:05:45	5:36:56	usa	
4c8e6d00-b392-45f1-a057-569dceb28b55	1272	Liam Gordon	M	M25-29	177	12:48:17	1:30:05	0:06:55	6:03:35	0:07:55	4:59:48	CA	
eda345e7-271f-4755-a3e4-73e6f94aaa5d	1273	Marco Joubran	M	M30-34	157	12:48:46	1:27:25	0:09:10	6:05:14	0:09:27	4:57:30	CAN	
b5788225-a1d7-465d-985f-56315141ed40	1274	Katherine Rheault	F	F50-54	25	12:48:59	1:25:32	0:08:41	6:40:43	0:12:23	4:21:41	CAN	
37bcb1f3-e212-4cd4-bf88-92b58cb0ce14	1275	Anne Carr	F	F30-34	48	12:49:04	1:17:00	0:07:48	6:18:02	0:08:14	4:57:59	CA	
df5f944a-ec45-463e-84b3-780a2b686137	1276	John Cappelletti	M	M65-69	10	12:49:04	1:21:41	0:12:03	6:09:29	0:14:04	4:51:46	CA	
b0775b7a-f91c-ef11-840b-6045bd08f8ed	1277	SANTANA PALESKE	F	F30-34	49	12:49:05	1:19:05	0:06:38	6:30:11	0:07:34	4:45:38	CA	
d8f767b5-d2d3-f011-8543-6045bd05fcc1	1278	Connor Deutsch	M	M25-29	178	12:49:41	1:18:01	0:10:38	6:19:00	0:06:39	4:55:24	USA	
61700c6b-6207-4400-9f86-ec759bedc930	1279	Mathieu Bercier Paiement	M	M25-29	179	12:50:00	1:24:14	0:09:27	5:55:36	0:07:08	5:13:34	CA	
954be7c6-1a45-40fa-9803-b5a680a30adc	1280	Herbert Tschinkel	M	M40-44	140	12:50:02	1:23:44	0:09:33	5:45:46	0:08:45	5:22:15	CA	
3197f160-917c-f011-b4cc-000d3a5b50ba	1281	Connor Kelley	M	M25-29	180	12:50:03	1:25:42	0:06:47	6:27:48	0:07:01	4:42:45	US	
83e5b533-136b-f011-bec3-6045bd09951e	1282	Michel Hamelin	M	M60-64	27	12:50:08	1:14:01	0:15:27	6:16:49	0:14:52	4:48:58	CA	
74b0c406-1182-f011-b4cc-000d3a3173b5	1283	Simon Sun	M	M30-34	158	12:50:17	1:25:57	0:14:31	6:30:58	0:09:38	4:29:13	CA	
8e4f1dc0-ae92-48af-9cf1-a8a73ffe6360	1284	Erin Carpenter	F	F55-59	8	12:50:34	1:07:15	0:04:56	6:10:46	0:06:45	5:20:53	US	
e42ff7dc-dd53-4765-ac05-fb998ce91c53	1285	Kathy Thompson	F	F40-44	23	12:50:48	1:22:24	0:07:45	6:30:16	0:07:59	4:42:23	CA	
7476c748-a946-4618-871a-79a17bb88345	1286	Taymour Elgamal	M	M18-24	137	12:50:58	1:24:28	0:07:43	6:48:35	0:08:36	4:21:37	CA	
3214cbf2-6e90-f011-b4cc-000d3a5cf7d8	1287	Clive Nazareth	M	M25-29	181	12:51:01	1:36:34	0:17:17	6:34:54	0:11:16	4:10:59	CA	
0cbbb82b-bbdd-495e-a3e3-28ba6c6cfbb8	1288	Lauren Liberty	F	F35-39	25	12:51:13	1:20:25	0:08:34	5:58:35	0:12:22	5:11:16	CA	
4a3ef119-d1ec-4d32-9406-a6d3e0a9b392	1289	Melanie Mar	F	F50-54	26	12:51:22	1:17:49	0:11:05	6:49:11	0:08:56	4:24:20	CA	
d4b753c8-c559-47ab-9c82-9d5c35e4b720	1290	Manon Bohemier	F	F60-64	2	12:51:28	1:33:49	0:08:12	6:19:34	0:07:53	4:42:00	CA	
6e14b560-dc3c-4727-8ff7-cafe92a92525	1291	Martin Skody	M	M55-59	63	12:51:31	2:07:22	0:05:53	5:54:08	0:06:32	4:37:37	CA	
14e3b95d-4466-ef11-bfe3-6045bd0953ac	1292	Mike Nemeth	M	M25-29	182	12:51:36	1:28:19	0:08:22	6:43:06	0:06:58	4:24:52	CA	
c356563a-a052-4c4e-83fd-46d56d86ee03	1293	Russell Holden	M	M35-39	137	12:51:40	1:10:19	0:05:22	6:15:12	0:06:56	5:13:50	USA	
2107d466-574c-f011-8779-6045bd0217ba	1294	Erin Daniels	F	F18-24	17	12:51:57	1:17:37	0:09:09	6:23:22	0:04:29	4:57:19	USA	
a687577f-f8c4-45c9-bf85-69130211cf0d	1295	Larry Somma	M	M60-64	28	12:52:00	1:10:25	0:09:37	5:54:53	0:09:24	5:27:42	USA	
7322652b-14e6-e911-a988-000d3a35f53a	1296	Andrés Ramírez Restrepo	M	M35-39	138	12:52:05	1:12:23	0:07:00	6:22:33	0:07:52	5:02:17	CA	
ed36cfb5-5e01-409c-a497-9ba34d0ebe56	1297	Steve Noonan	M	M50-54	100	12:52:05	1:36:28	0:14:06	6:09:04	0:11:41	4:40:47	CA	
ef1e3cfe-6e89-48b8-8844-ed00d17202df	1298	Marek Janecky	M	M18-24	138	12:52:11	1:15:57	0:09:48	6:10:52	0:08:19	5:07:15	CA	
394797e2-5d0f-44b8-aa9b-deea412c0a4a	1299	Dan Persaud	M	M55-59	64	12:52:23	1:36:19	0:11:47	5:55:15	0:12:53	4:56:10	US	
8d9c83fc-dce6-4e0d-86c3-925bcc3634b8	1300	Lisa Parker	F	F40-44	24	12:52:25	1:23:27	0:08:21	6:30:22	0:07:52	4:42:23	CA	
b5aef391-7b4f-41df-827a-9e42dfe7b836	1301	Mark Heung	M	M50-54	101	12:52:32	1:28:19	0:10:28	6:49:59	0:05:50	4:17:56	CAN	
bbfd6926-c07e-40fe-80fe-9bf641c2808a	1302	Osvaldo Ocampo	M	M50-54	102	12:52:32	1:31:05	0:05:33	6:06:13	0:06:46	5:02:56	US	
ea3e9e71-e867-4cc2-a229-7ecf4c183dd2	1303	Frédéric Vincent	M	M18-24	139	12:52:40	1:08:09	0:04:09	5:41:33	0:09:34	5:49:15	CA	
b1abc3cd-6fa0-ef11-8a6a-6045bd048089	1304	Ryoma Martin	M	M25-29	183	12:52:43	1:24:41	0:11:16	6:25:02	0:15:17	4:36:26	CA	
21881914-957c-f011-b4cc-000d3a5cf7d8	1305	Bradley Pickering	M	M50-54	103	12:52:48	1:21:10	0:16:01	6:23:47	0:11:15	4:40:36	CA	
24db01c3-502c-f111-88b3-002248046ec8	1306	James Jin	M	M55-59	65	12:52:48	1:36:23	0:08:05	6:30:30	0:07:52	4:29:57	CAN	
9c4fb8f9-1866-ef11-bfe3-00224808301f	1307	Alexander Macdonald	M	M25-29	184	12:53:01	1:14:47	0:08:10	6:49:04	0:09:30	4:31:31	CA	
56d3a23d-a9dc-451c-9d1b-e213fe524ca4	1308	Marie-Andrée Bourgeois	F	F45-49	36	12:53:02	1:26:34	0:06:29	6:24:49	0:05:28	4:49:44	CA	
e91f7114-4b01-f111-8406-002248081bd6	1309	Joan Serra	M	M30-34	159	12:53:14	1:26:34	0:08:14	6:10:34	0:08:49	4:59:03	CAN	
61ad9281-8c3d-ef11-8409-6045bd011ea9	1310	Mathieu Marciszewski	M	M35-39	139	12:53:22	1:24:13	0:08:57	6:04:16	0:08:44	5:07:11	CA	
e2b1e8a9-3ead-f011-bbd3-000d3a5b7c3b	1311	Jennifer Stein	F	F25-29	58	12:53:27	1:24:39	0:04:41	6:43:29	0:04:32	4:36:06	US	
3c6f2091-32d4-472e-a1a6-f564e39aedda	1312	Gabriella Hawes-Cote	F	F25-29	59	12:53:32	1:22:30	0:04:21	6:20:12	0:08:32	4:57:57	CA	
e08a2281-ae73-f011-bec3-000d3a5b50ba	1313	Katryna Hawes-Cote	F	F18-24	18	12:53:38	1:22:21	0:07:02	6:18:58	0:07:12	4:58:04	CAN	
75ab977e-9bba-f011-bbd3-000d3a5b50ba	1314	Jennifer Ouellette	F	F35-39	26	12:53:41	1:28:49	0:18:18	6:46:35	0:19:35	4:00:25	USA	
70a48202-b0b0-4d56-a959-cb952262d457	1315	Erik Blachford	M	M55-59	66	12:53:45	1:26:47	0:09:44	6:21:31	0:08:47	4:46:57	US	
7da3d0ec-2798-4aeb-af24-4efb588da3f0	1316	Robert Blodgett	M	M25-29	185	12:53:45	1:16:24	0:09:09	6:04:35	0:06:49	5:16:48	US	
0e3db459-908a-f011-b4cc-000d3a3173b5	1317	Rod Linttell	M	M60-64	29	12:53:46	1:25:09	0:15:23	6:10:55	0:13:27	4:48:53	CAN	
36d8776e-e8c3-4833-b419-8efb0cc650f2	1318	Timothy Scully	M	M30-34	160	12:53:54	1:09:07	0:07:28	6:51:11	0:10:33	4:35:33	US	
5fffbae3-9bed-48fb-bc6b-8036a8b91612	1319	Carol Carruthers	F	F55-59	9	12:53:58	1:27:58	0:05:42	6:10:05	0:07:53	5:02:21	CA	
df1cab91-ebf7-4d5f-8b08-e0e0e1289651	1320	Christopher Smith	M	M50-54	104	12:54:01	1:23:26	0:13:45	6:19:59	0:14:53	4:41:57	US	
8cd4d9ab-91b1-48da-a72b-b1929846b92d	1321	Charles Daigneault-Lanthier	M	M30-34	161	12:54:10	1:32:04	0:09:15	6:15:05	0:10:52	4:46:53	CA	
5cfc5ea8-8515-46be-9c74-3eb8eaa69e23	1322	Ian Moore	M	M55-59	67	12:54:18	1:28:44	0:12:37	5:59:52	0:09:24	5:03:41	gbr	
c535992c-d792-ee11-be37-000d3a314d17	1323	Alex Edward	M	M25-29	186	12:54:18	1:27:39	0:10:08	6:21:54	0:06:25	4:48:12	CA	
97ef2bf2-a763-4401-87ee-030ac9855aeb	1324	Lucia Castañeda Cabrero	F	F45-49	37	12:54:19	1:34:12	0:09:09	6:08:13	0:09:41	4:53:03	MX	
346f4edd-40fc-4db3-926a-fe7cf8e88381	1325	Val̩rie Michalk	F	F45-49	38	12:54:27	1:27:14	0:06:08	6:04:34	0:08:21	5:08:11	CA	
cfd2e46d-fed1-4251-9576-857b8c0094a3	1326	Rich Taylor	M	M50-54	105	12:54:28	1:29:09	0:11:10	6:38:38	0:09:27	4:26:05	CA	
4bde9aeb-3a45-4ce6-84f6-4acece0a593d	1327	Andrea McGuire	F	F35-39	27	12:54:32	1:10:09	0:05:33	6:20:50	0:09:26	5:08:34	US	
9a5548c5-4036-f011-8c4d-00224804d68c	1328	Michael Brookins	M	M55-59	68	12:54:34	1:34:55	0:09:29	5:55:45	0:08:36	5:05:48	US	
a04f5234-0630-4401-bc85-d998d515bf9a	1329	Marc-Antoine Theberge	M	M35-39	140	12:54:37	1:25:14	0:11:13	5:54:39	0:11:30	5:12:01	CA	
7a6ecf72-ab63-4770-9fda-26304831daef	1330	Philippe Trahan	M	M40-44	141	12:54:42	1:27:02	0:08:29	6:04:44	0:08:40	5:05:47	CA	
8761b678-87f6-f011-8406-0022480b84a3	1331	Mathew Palmer	M	M18-24	140	12:54:52	1:27:27	0:05:45	6:37:04	0:04:16	4:40:20	CAN	
fa23efe9-e73f-4853-a2dd-71c100a1db7d	1332	Chantale Garneau	F	F50-54	27	12:55:00	1:39:27	0:06:15	6:23:12	0:04:03	4:42:04	CA	
8b6d181c-d0b0-47ae-a8f2-ad4c05659e67	1333	Martin Minville	M	M50-54	106	12:55:04	1:35:40	0:09:47	5:53:56	0:07:38	5:08:02	CA	
4cbff6f8-6cb3-4523-81c8-6f7171448bfd	1334	Leigh Jacques	F	F50-54	28	12:55:08	1:37:18	0:06:55	6:46:04	0:08:23	4:16:29	CA	
c07e437f-156e-ef11-a671-00224809fd7c	1335	Julien FACQUET	M	M40-44	142	12:55:19	1:25:20	0:11:34	6:43:30	0:09:55	4:25:00	CA	
1c7a1364-74d2-418e-81c7-2c0c378409e8	1336	Roland Reichert	M	M45-49	100	12:55:32	1:18:42	0:08:50	6:00:19	0:08:13	5:19:27	CA	
4b44a1b8-e673-f011-bec3-6045bd05fcc1	1337	hugo Bauden-Poreye	M	M25-29	187	12:55:40	1:15:32	0:09:51	6:30:58	0:08:52	4:50:27	CA	
6d935e03-7415-488f-a0ce-d9da9490b60d	1338	Rémi Bélanger	M	M30-34	162	12:55:43	1:26:51	0:07:46	6:48:30	0:06:26	4:26:10	CA	
de0d4415-7f65-498d-8c60-f0d4d9f1b5cc	1339	Patrick Laliberté	M	M50-54	107	12:55:54	1:26:39	0:07:33	6:13:33	0:09:40	4:58:29	CA	
70d3e346-3c37-ef11-8409-000d3a367177	1340	Fabricia Joly	F	F45-49	39	12:56:05	1:46:11	0:09:05	6:14:26	0:06:40	4:39:43	CA	
808c6d2d-7fa9-e911-a995-000d3a34ed06	1341	Giles Atkinson	M	M50-54	108	12:56:09	1:13:27	0:07:08	6:17:57	0:09:41	5:07:56	CA	
61102145-b172-f011-bec3-000d3a3173b5	1342	Sean Green	M	M30-34	163	12:56:19	1:17:13	0:11:43	6:09:31	0:11:22	5:06:30	CA	
d8a6e468-718e-f011-b4cc-000d3a3173b5	1343	Lanson Van Dyke	M	M30-34	164	12:56:27	1:08:42	0:04:11	5:52:56	0:04:33	5:46:05	CA	
b558eccc-1502-f111-8406-00224803a1cd	1344	Adam G	M	M18-24	141	12:56:29	1:20:30	0:08:32	6:37:21	0:17:19	4:32:47	CAN	
44f729cc-bdd8-464a-9def-e54fb122728e	1345	Francis Crevier Raymond	M	M30-34	165	12:56:34	1:16:20	0:09:29	6:42:18	0:08:01	4:40:26	CA	
e071225e-170a-44c2-baf0-4991c39a5af2	1346	Rainer Torres	M	M50-54	109	12:56:49	1:26:21	0:06:59	5:41:57	0:05:09	5:36:25	CA	
a9bd7fe2-059f-f011-b41b-000d3a3ad8f1	1347	Andrew Cop	M	M18-24	142	12:56:53	1:28:36	0:07:38	6:02:07	0:10:15	5:08:17	CA	
64750fa8-7d97-48f9-b0b4-ca012ac7e147	1348	Theo Dumur	M	M30-34	166	12:56:57	1:20:28	0:08:27	6:13:22	0:10:21	5:04:19	CAN	
19987ed9-7154-49c1-a663-df68154716c1	1349	Roger Sias Monteiro	M	M55-59	69	12:57:12	1:24:25	0:07:07	6:32:39	0:08:02	4:44:59	CAN	
dc275a6c-3473-f011-bec3-000d3a5b50ba	1350	BOB LAUGHTON	M	M60-64	30	12:57:16	1:33:42	0:10:36	5:59:03	0:11:50	5:02:06	CA	
8538908a-3b42-ef11-840a-00224809fd7c	1351	Aira Paraan	F	F25-29	60	12:57:20	1:49:20	0:03:43	6:30:33	0:06:37	4:27:07	CA	
b5fbfb58-7a1c-4645-b5c5-3aca5b6c334e	1352	Ryan Zakariassen	M	M45-49	101	12:57:52	1:24:34	0:06:14	6:15:00	0:07:30	5:04:34	CA	
71db84eb-5fe4-44c1-9fe4-6f171b5974a2	1353	Daniella Cowden	F	F25-29	61	12:58:08	1:17:30	0:04:55	7:15:15	0:03:48	4:16:40	ARE	
9be5fedc-f22f-4255-b4ff-bf3315dbad9c	1354	Morgan Haslett	F	F18-24	19	12:58:09	1:28:48	0:11:31	6:08:38	0:08:38	5:00:34	CA	
de61546c-33c2-4dc1-8faf-ac7a531242ee	1355	Andrew Stone	M	M25-29	188	12:58:12	1:19:19	0:09:57	6:22:38	0:10:17	4:56:01	CA	
3fbecffe-ff96-4323-8cfd-f6bdef0e6a05	1356	Lucy Ryan	F	F25-29	62	12:58:19	1:25:01	0:07:29	6:38:55	0:07:33	4:39:21	CA	
42c67c96-2eac-4eb5-9e98-43baff56c87d	1357	Charlotte Van Audenrode	F	F35-39	28	12:58:26	1:11:49	0:05:26	6:36:34	0:04:39	4:59:58	CA	
0e4043ec-a662-4621-bd24-313fd703aff9	1358	Michelle Nordland	F	F55-59	10	12:58:28	1:20:39	0:08:10	5:50:37	0:08:14	5:30:48	US	
4f506327-ccc6-ef11-b8e9-002248049fdc	1359	Elliott Blokm	M	M40-44	143	12:58:33	1:36:16	0:05:51	6:30:08	0:04:01	4:42:17	BHR	
fdfd68d9-e62f-ef11-840a-6045bd0953ac	1360	Jason Sotzky	M	M35-39	141	12:58:33	1:54:47	0:09:16	6:17:06	0:07:13	4:30:10	CA	
6ba0d7df-4a32-480b-82e8-be271462e3e5	1361	Travis Smith	M	M45-49	102	12:58:41	1:27:13	0:08:28	6:05:29	0:04:07	5:13:24	usa	
2f5816a5-a9bb-4cc3-8a75-2073ae31a1ab	1362	Tanya Whysker	F	F50-54	29	12:58:48	1:17:05	0:07:36	6:20:06	0:09:49	5:04:12	CA	
6bceaaef-ecdd-4b21-a758-ccaa9501ae1b	1363	Sofiane Laliberte	F	F25-29	63	12:58:59	1:24:26	0:03:05	6:28:48	0:04:29	4:58:11	CA	
f3afa066-f231-4a15-879a-0b21195654e4	1364	Katrina Damiano	F	F50-54	30	12:59:02	1:29:50	0:08:44	5:49:37	0:12:53	5:17:58	CA	
dbcf42e3-a478-f011-b4cc-6045bd05fcc1	1365	Spencer Martin	M	M30-34	167	12:59:02	1:33:09	0:05:39	6:26:39	0:06:03	4:47:31	CA	
a4919d9a-3eac-4cdd-b10b-9dd76ff41e37	1366	Deanna Lavigne	F	F55-59	11	12:59:10	1:23:18	0:09:11	6:17:20	0:07:51	5:01:30	CA	
45be7a74-b2a3-45d7-b63f-ba10afaae6cb	1367	Kevin Lee	M	M25-29	189	12:59:15	1:25:14	0:13:22	6:21:30	0:07:02	4:52:07	US	
18923709-685b-4a0a-9d92-147a1aad189f	1368	Cherie Hendrickson	F	F40-44	25	12:59:16	1:36:09	0:05:01	6:01:59	0:03:44	5:12:22	usa	
3dc2b827-8766-499f-a1e7-4829569c92cb	1369	Mark Lavoie	M	M60-64	31	12:59:34	1:32:50	0:11:02	6:11:00	0:12:30	4:52:13	USA	
467e044f-e5cc-40aa-8118-b82a761b75e5	1370	Nathaniel Gordon	M	M30-34	168	12:59:47	1:18:06	0:11:30	6:10:41	0:08:17	5:11:13	CA	
3b572911-c200-ef11-a1fe-000d3a314d17	1371	Tyler Provost	M	M30-34	169	12:59:47	1:13:33	0:10:17	5:48:02	0:06:28	5:41:26	CA	
aa5dbc37-ef1c-4951-be38-8fcd83d6155c	1372	Laurie Hardage	F	F65-69	1	12:59:52	1:28:17	0:09:19	6:23:37	0:06:17	4:52:22	CA	
56ccd185-f546-4664-985d-bb458afabbe9	1373	Hugo Lemaire	M	M50-54	110	12:59:57	1:22:54	0:09:54	6:07:40	0:10:40	5:08:49	CA	
4293f813-f0fc-4f24-b411-0fa00524d5db	1374	Lee Marchionna	F	F50-54	31	13:00:11	1:39:42	0:33:00	6:00:07	0:09:41	4:37:41	US	
ab578e47-5e7a-413c-85db-11cec46fafcb	1375	Colin Winter	M	M35-39	142	13:00:33	1:29:51	0:08:08	6:01:26	0:07:59	5:13:08	CA	
c7616896-a31a-4725-80ff-a40f6cba2fd0	1376	Sylvain Decary	M	M60-64	32	13:00:38	1:40:27	0:07:20	5:51:59	0:12:25	5:08:27	CA	
0f07bad9-92d9-4062-8066-9d4a677497f7	1377	Amy Voorhees	F	F55-59	12	13:00:47	1:14:38	0:09:07	5:56:34	0:08:00	5:32:27	US	
248ebcb7-1046-45ee-9ea5-59e1e52475f5	1378	Claude Desroches	M	M60-64	33	13:01:09	1:31:22	0:13:49	6:10:36	0:14:46	4:50:36	CAN	
c2dae663-fced-4abb-a160-b5b2d5e61119	1379	Max Nykanorov	M	M45-49	103	13:01:34	1:16:53	0:10:35	5:56:52	0:09:28	5:27:46	Canada	
8f9585e0-a588-4878-a65e-d7d12464aadf	1380	Matthew Vass	M	M18-24	143	13:01:47	1:28:16	0:07:03	6:39:09	0:06:20	4:40:58	CA	
9d67837e-3297-f011-b4cc-000d3a5b7c3b	1381	Cobe VanHouten	M	M25-29	190	13:01:49	1:18:54	0:06:43	6:01:49	0:08:54	5:25:29	US	
28646697-5a87-f011-b4cc-000d3a35ffc1	1382	Lyle Brooks-Allemann	M	M30-34	170	13:01:51	1:06:18	0:08:32	5:58:32	0:13:03	5:35:26	CAN	
bc1305fd-2437-4957-97a3-8efb804c7a4b	1383	Sarah Power-Smith	F	F50-54	32	13:01:54	1:27:43	0:09:43	6:30:47	0:10:44	4:42:58	CA	
2d04e1a1-9cd3-40ec-b64d-680a907d4643	1384	Peter Smith	M	M45-49	104	13:01:58	1:25:39	0:13:16	5:53:49	0:14:01	5:15:12	CA	
e65a043a-4d5d-41ec-b2d8-56f0ed839a0d	1385	Geneviève Guay	F	F30-34	50	13:02:00	1:19:39	0:08:06	6:18:38	0:05:28	5:10:09	CAN	
960c6f1b-503d-f011-b4cc-6045bd09951e	1386	Jonathan Caron	M	M25-29	191	13:02:04	1:33:59	0:06:45	5:56:19	0:05:36	5:19:25	CA	
46292d73-b073-f011-bec3-000d3a3173b5	1387	jacob matheson	M	M18-24	144	13:02:06	1:35:54	0:08:51	6:46:49	0:07:06	4:23:26	CAN	
6dcd91a4-3c07-425b-9efd-cb7765c6b440	1388	Matteo Bozzo	M	M18-24	145	13:02:16	1:16:47	0:07:33	5:54:10	0:09:40	5:34:06	CA	
260e5dd3-1c8c-f011-b4cc-000d3a35ffc1	1389	Justin Malott	M	M18-24	146	13:02:30	1:23:23	0:04:20	5:41:56	0:05:30	5:47:20	CA	
b327e840-9f24-49a5-a7ee-a58bb512ce9c	1390	Paul Briggs	M	M55-59	70	13:02:47	1:23:31	0:11:14	6:06:44	0:13:22	5:07:56	CA	
e2560f21-fe03-4616-967d-3ccdf87d66cd	1391	Karen Kircher	F	F50-54	33	13:03:00	1:15:23	0:06:23	6:28:51	0:07:00	5:05:23	CA	
f3b54a83-35ab-4cfb-ba0a-2222865c12e3	1392	Ethan Corenflos	M	M25-29	192	13:03:08	1:11:41	0:10:21	6:31:03	0:06:27	5:03:36	USA	
409818f2-10b9-45d7-98df-d0842373cc16	1393	pascal nault	M	M45-49	105	13:03:10	1:34:02	0:13:19	6:14:14	0:11:29	4:50:05	CA	
c16569b1-daea-4583-9e6f-21781c6a0e1b	1394	Eric Biklo	M	M65-69	11	13:03:19	2:09:17	0:06:21	6:08:32	0:06:35	4:32:32	CA	
f811072d-ae96-ef11-8a6a-6045bd048089	1395	Melyna Fecteau	F	F25-29	64	13:03:24	1:35:01	0:08:20	6:19:08	0:12:21	4:48:34	CA	
3723fb32-8ac4-eb11-bacc-000d3a31d152	1396	William Morrissette	M	M25-29	193	13:03:28	1:27:39	0:08:09	5:56:36	0:06:54	5:24:10	CA	
41f2b60a-6c26-44b8-afcb-9b40fda013e1	1397	Suzanne House	F	F55-59	13	13:03:40	1:27:09	0:09:44	6:10:21	0:07:39	5:08:47	CA	
1f49223a-ba51-4d1d-9aad-b4ec077bbf9c	1398	Andrew Krochmal	M	M45-49	106	13:04:05	1:24:11	0:07:02	5:41:13	0:10:40	5:40:59	USA	
3c6d1348-7106-4d80-9c0d-9fc6b27f92b1	1399	Jan Prihoda	M	M45-49	107	13:04:07	1:32:00	0:11:39	6:28:59	0:15:24	4:36:05	US	
ae4a68d6-d8a1-48ad-8c58-3f458b17398a	1400	Alannah Beres	F	F30-34	51	13:04:51	1:14:01	0:14:31	6:42:09	0:10:28	4:43:42	can	
9c132fb4-a673-f011-bec3-6045bd05fcc1	1401	Sophie Duguay	F	F25-29	65	13:04:57	1:23:37	0:05:14	6:27:58	0:05:25	5:02:44	CA	
158c78da-e8bc-4aa2-be7b-e42df88b0fb8	1402	Drew Scholl	M	M45-49	108	13:05:06	1:13:53	0:08:47	5:59:34	0:07:41	5:35:12	US	
f0071c0e-b672-ee11-9ae7-000d3a314ae2	1403	Jeremy Kelly	M	M25-29	194	13:05:08	1:25:54	0:16:22	5:42:28	0:13:07	5:27:17	can	
d7707dbf-9fef-4604-81e5-35e0f3c1922e	1404	Gavin Aitken	M	M45-49	109	13:05:30	1:17:45	0:05:49	6:03:18	0:10:09	5:28:29	CA	
6eeeeaf7-011e-4a98-97c2-12a7f9f7567a	1405	Sara Reeves	F	F40-44	26	13:05:32	1:23:15	0:06:35	6:25:15	0:08:37	5:01:50	US	
d7f416c7-d2d2-4dd6-a030-42a1dc2a1c60	1406	Karen Guillemette	F	F50-54	34	13:05:32	1:23:45	0:07:45	6:10:40	0:07:19	5:16:04	CA	
9a00dc1b-3734-4961-a780-3ad8bee951b6	1407	Eric Labrie	M	M55-59	71	13:05:33	1:27:26	0:13:53	6:16:07	0:08:55	4:59:11	CA	
0197a076-8269-4438-8f3f-c304e26c7678	1408	Scot Brockbank	M	M55-59	72	13:05:44	1:13:22	0:14:44	5:59:26	0:10:42	5:27:29	CA	
5e6eca95-d95c-45f6-883b-07e2a4474092	1409	Jonathan Leroux	M	M40-44	144	13:05:50	1:36:56	0:08:44	6:35:59	0:08:16	4:35:55	CA	
d9c0520c-829d-f011-b41c-000d3a5b50ba	1410	Sam Pfotenhauer	M	M18-24	147	13:05:52	1:24:59	0:09:55	6:26:23	0:09:51	4:54:44	US	
31501696-becb-ef11-b8e8-6045bd088264	1411	William Koski	M	M30-34	171	13:05:55	1:32:35	0:09:30	6:30:24	0:09:39	4:43:47	US	
52e5ebd3-bccb-ef11-b8e8-000d3a5a403c	1412	Zoe Koski	F	F30-34	52	13:06:00	1:14:49	0:11:04	6:46:40	0:09:42	4:43:44	US	
57423fe5-cb2d-f011-8c4e-000d3a5b50ba	1413	Finn Aiston	M	M40-44	145	13:06:02	1:19:04	0:15:00	6:39:32	0:17:55	4:34:31	CA	
746c6c56-3123-4bc0-afe0-8aebee363715	1414	Jerry Bartolome	M	M50-54	111	13:06:05	2:18:18	0:07:15	5:56:42	0:06:56	4:36:53	usa	
36d3e2d6-c9ae-f011-bbd3-002248098cfa	1415	William Walton	M	M30-34	172	13:06:19	1:24:33	0:08:28	6:24:10	0:10:50	4:58:19	CAN	
a8269758-c350-4258-b687-c4a67d786d9c	1416	Erin Visser	F	F45-49	40	13:06:20	1:25:00	0:12:47	6:24:56	0:10:46	4:52:51	CAN	
63f32693-0c72-f011-bec3-6045bd05fcc1	1417	James Shaw	M	M40-44	146	13:07:04	1:30:26	0:10:29	6:16:41	0:07:28	5:02:00	CA	
34ee66e0-7d71-f011-bec3-6045bd09951e	1418	Ali Samhat	M	M25-29	195	13:07:13	1:31:56	0:07:39	6:03:34	0:06:50	5:17:15	CAN	
372fd8c3-41bc-4a74-a969-1c30c7087118	1419	Patrick Cote	M	M45-49	110	13:07:29	1:32:06	0:07:47	6:03:10	0:06:17	5:18:09	CA	
b7f4e310-54b8-f011-bbd3-000d3a35ffc1	1420	Leonardo Torres	M	M55-59	73	13:07:30	1:34:19	0:08:00	6:38:15	0:19:10	4:27:46	CAN	
41999775-0f95-4d26-a358-10574eb30538	1421	Sherri Mikita	F	F50-54	35	13:07:37	1:33:22	0:06:13	6:01:16	0:07:02	5:19:45	usa	
410514f6-bc31-ef11-8409-000d3a348633	1422	Louis-David Ouellet	M	M25-29	196	13:07:39	1:26:00	0:14:53	5:40:03	0:13:56	5:32:48	CA	
6062290b-bed4-ee11-9079-000d3a314c24	1423	Benjamin Hamilton	M	M25-29	197	13:07:48	1:23:16	0:08:05	5:38:27	0:09:19	5:48:42	CA	
bc0f2a28-d342-f011-b4cb-6045bd05fcc1	1424	Alain Pederian	M	M30-34	173	13:07:52	1:18:50	0:07:53	6:31:44	0:05:28	5:03:56	CA	
616e32ea-2713-4f0c-bb0c-8ff3ffc2c032	1425	Emilie Gourd	F	F18-24	20	13:07:58	1:27:01	0:08:01	6:22:06	0:09:20	5:01:30	CA	
faa7e1f1-9b86-4386-9c18-bd3fc90932bc	1426	German Aragon	M	M55-59	74	13:08:23	1:37:12	0:10:01	6:02:53	0:09:00	5:09:18	CA	
aff17975-5e14-4ad1-b192-b7545c376c6e	1427	Guillaume Paquin	M	M35-39	143	13:08:35	1:20:58	0:12:07	6:26:36	0:11:28	4:57:26	CA	
a728c41e-63e8-481c-8271-c1cd6b9e6743	1428	Peter Godfrey	M	M18-24	148	13:08:51	1:07:23	0:07:15	6:22:51	0:13:26	5:17:57	CA	
dbf857de-65f4-4afa-aaf5-24a66318a614	1429	Ian Godfrey	M	M55-59	75	13:08:52	1:06:03	0:08:36	6:22:50	0:12:41	5:18:43	CA	
2ab0b0b2-6ba4-4af1-a3d6-71751a5405c6	1430	Laurentiu Radacina	M	M35-39	144	13:08:55	1:30:10	0:11:01	6:47:49	0:11:40	4:28:15	CA	
5dc0f630-4951-4667-ae2a-ba577365ae35	1431	Martin Perrier	M	M40-44	147	13:09:07	1:35:33	0:05:26	5:54:37	0:08:52	5:24:39	CA	
5b65d663-1666-4df2-b796-6312b64f79d2	1432	Scott Mclallen	M	M55-59	76	13:09:08	1:06:09	0:06:01	6:21:18	0:08:43	5:26:58	US	
b0ade79e-b335-4bba-ab73-997bc5bc2ffc	1433	Jason Profetto	M	M40-44	148	13:09:26	1:27:17	0:10:32	6:06:04	0:09:38	5:15:55	CA	
dbf38998-f071-f011-bec2-0022480c097c	1434	Dan Valiquette	M	M60-64	34	13:09:27	1:16:12	0:05:14	5:46:03	0:07:19	5:54:39	CA	
b623adee-2769-4aea-baf9-ee3d9957af25	1435	Jennifer Landero	F	F40-44	27	13:09:29	1:19:27	0:09:51	6:20:51	0:11:25	5:07:55	CA	
13afce2d-c153-46c5-a390-da1bb7a2aa38	1436	Charles Normand	M	M30-34	174	13:09:41	1:32:17	0:07:12	6:02:11	0:06:15	5:21:46	CA	
f3c08876-99df-4bfc-8bef-b410aff877db	1437	Roby Brisson	M	M40-44	149	13:10:11	1:27:15	0:07:03	5:46:40	0:09:17	5:39:56	CA	
d4ea886e-fef2-f011-8406-00224804c237	1438	Deneen Mondejar	F	F50-54	36	13:10:55	1:33:50	0:06:24	6:39:26	0:11:00	4:40:16	USA	
1e9e955e-b52d-4191-9643-5b6a26c43df7	1439	Perry Cheung	M	M40-44	150	13:11:02	1:31:50	0:10:32	6:35:41	0:14:01	4:38:57	CA	
b3214957-c5c9-ed11-b597-000d3a314329	1440	Kaelan HODGINS	M	M30-34	175	13:11:13	1:08:56	0:10:57	6:28:32	0:11:14	5:11:33	can	
b1f364f8-d450-49a1-b3f0-a8135186baa2	1441	Jean-Sebastien Laberge	M	M35-39	145	13:11:17	1:29:31	0:14:55	6:03:13	0:21:28	5:02:09	CA	
1961105a-6b79-f011-b4cb-000d3a5c3d6c	1442	Ally Hurst	F	F25-29	66	13:11:46	1:27:26	0:06:04	6:46:00	0:04:50	4:47:26	CA	
276fddac-739c-41d2-97c4-72543504698e	1443	Robert Labelle	M	M60-64	35	13:11:53	1:18:33	0:10:25	6:00:08	0:05:29	5:37:17	CA	
f1656076-21d5-ef11-8eea-000d3a30152c	1444	Anthony Blouin	M	M25-29	198	13:11:57	1:25:14	0:11:23	6:09:07	0:12:59	5:13:14	CA	
0c05daff-ced7-45f8-85bd-7f72139900b0	1445	Michael Gartner	M	M40-44	151	13:12:17	1:16:47	0:13:11	6:07:56	0:11:50	5:22:32	CA	
b4d2fcc7-a673-f011-b4cc-6045bd05f634	1446	Jordan Stopciati	M	M35-39	146	13:12:31	1:23:03	0:12:46	6:29:13	0:10:43	4:56:45	CA	
bae1bcbd-7072-f011-bec3-000d3a5b50ba	1447	Wade Glasspoole	M	M45-49	111	13:12:37	1:19:32	0:10:47	6:36:06	0:10:14	4:55:59	CA	
738c129c-23a2-ec11-983f-000d3a5c8ea7	1448	Greg Steinberg	M	M50-54	112	13:12:46	1:20:16	0:11:22	6:00:34	0:08:17	5:32:17	USA	
1fb7a5f0-55c5-ef11-b8e9-000d3a5a1803	1449	Shane Latsky	M	M18-24	149	13:12:54	1:15:04	0:14:25	7:01:33	0:11:40	4:30:13	CAN	
ccad4012-d575-47d5-9804-60175102e0fc	1450	Michael Fournier	M	M25-29	199	13:13:07	1:23:50	0:09:42	6:27:04	0:07:08	5:05:23	CA	
04efdde3-03a9-4b07-925d-3199dd213a79	1451	Nicole Delaney	F	F45-49	41	13:13:12	1:17:56	0:04:35	5:58:39	0:05:37	5:46:25	CA	
8525e4ba-3c50-4500-a07b-8622ca45306e	1452	Amy Nolan	F	F45-49	42	13:13:27	1:30:07	0:08:48	6:38:08	0:08:34	4:47:49	CA	
d2c74f2b-e773-f011-bec3-6045bd05fcc1	1453	Martin Dugal	M	M55-59	77	13:13:37	1:22:27	0:09:09	6:19:33	0:14:22	5:08:05	CA	
c0518c05-b9ba-f011-bbd3-000d3a35ffc1	1454	Kyle Irwin	M	M50-54	113	13:13:38	1:25:00	0:10:39	6:22:59	0:10:42	5:04:17	USA	
55056944-10bc-425e-84c8-8180aa1ccdf8	1455	Mary Pope	F	F50-54	37	13:13:42	1:48:06	0:07:07	6:19:47	0:11:09	4:47:34	CA	
3b1c61da-1da9-481f-a7e2-e20d2aab616f	1456	Andrew Lin	M	M55-59	78	13:13:51	1:33:44	0:15:45	6:02:15	0:22:13	4:59:53	CA	
61ae93cd-c42a-4660-a1f3-0f062f4f451e	1457	Ivar Mclean	M	M50-54	114	13:13:55	1:23:24	0:08:20	5:54:33	0:07:42	5:39:56	CA	
a005cefa-d640-f011-b4cb-000d3a35ffc1	1458	Charlotte Dab	F	F30-34	53	13:14:05	1:27:03	0:11:53	6:54:19	0:08:39	4:32:10	can	
5d7e8d68-2795-4042-80d7-72c4d2fc2c2a	1459	Jeff Szabo	M	M45-49	112	13:14:16	1:23:20	0:10:07	7:04:02	0:07:35	4:29:12	CA	
44abc2d8-48fb-41b9-a73a-1a425691ad72	1460	Shane Wenzel	M	M25-29	200	13:14:23	1:18:51	0:05:45	6:21:57	0:07:42	5:20:08	CA	
7140c3ae-3a38-4784-aba8-07665ed8a740	1461	Michael Van	M	M40-44	152	13:14:30	1:31:32	0:12:16	6:12:28	0:08:43	5:09:31	CA	
d6b9fbd7-2c5d-4006-97aa-56a37cf51573	1462	Charles Horsey	M	M25-29	201	13:14:37	1:29:25	0:09:53	6:31:22	0:10:13	4:53:43	US	
13231ce2-be68-f011-bec3-6045bd05fcc1	1463	Ethan Smith	M	M25-29	202	13:14:47	1:29:34	0:09:49	6:31:24	0:10:12	4:53:49	USA	
ba72818d-9bae-ef11-b8e8-6045bd088264	1464	Arnav Bangera	M	M25-29	203	13:14:50	1:08:41	0:08:19	6:56:11	0:06:18	4:55:21	CA	
916fd6e7-08b0-41b1-8ebb-a06e42ecea54	1465	Jenny Miron	F	F45-49	43	13:14:55	1:18:20	0:05:23	6:13:13	0:05:45	5:32:14	CA	
cb4b9223-9677-ef11-a670-000d3a5b3d07	1466	Matthew Walmsley	M	M30-34	176	13:14:59	1:32:06	0:14:09	6:47:46	0:07:41	4:33:17	USA	
f4aaf9b4-c1d9-4c5b-93bb-f6820ce76b4b	1467	Doug Barrett	M	M55-59	79	13:15:09	1:17:21	0:09:26	6:03:39	0:13:15	5:31:28	CA	
2a2ccd85-af7e-f011-b4cc-0022480a7385	1468	Hannah Furyk	F	F25-29	67	13:15:18	1:18:09	0:08:39	6:10:49	0:09:11	5:28:31	CA	
a1e537ad-eaa5-ef11-8a6a-002248049fdc	1469	Thomas Richer	M	M25-29	204	13:15:19	1:27:11	0:10:08	6:29:28	0:08:33	5:00:00	CA	
46afe19d-b699-4566-b1bf-d66ce38803e9	1470	Juan Mata	M	M50-54	115	13:15:21	2:09:57	0:12:12	5:43:08	0:10:35	4:59:30	USA	
0d83a763-f44a-f011-877a-000d3a5b50ba	1471	Courtney Lambert	F	F40-44	28	13:15:39	1:16:04	0:09:25	6:30:20	0:10:46	5:09:04	CA	
6bb7048f-f2cb-4dee-8e9c-8160caf45c05	1472	Katie Mitchell	F	F40-44	29	13:15:56	1:40:15	0:05:58	6:47:56	0:07:36	4:34:11	CAN	
105b6e39-649b-4d22-94a8-7540f69c0d4e	1473	Clare Jervis	F	F40-44	30	13:15:57	1:11:21	0:07:06	6:21:01	0:08:44	5:27:45	CA	
02caa341-ce29-4f80-95bd-dc640d632436	1474	Ahlam Lahbyeb	F	F45-49	44	13:16:06	1:47:55	0:07:28	6:45:56	0:08:31	4:26:16	CA	
71077dcb-71f8-48d8-9327-a4a20c8e92ea	1475	Ron Kraynick	M	M60-64	36	13:16:32	1:33:32	0:15:59	6:19:29	0:13:54	4:53:37	US	
13d8a537-1103-4f99-9770-be71d2d26bd7	1476	Amy Brown	F	F55-59	14	13:16:33	1:26:44	0:07:22	6:05:43	0:05:14	5:31:29	CA	
84f94fb0-08ae-f011-bbd3-000d3a5b7c3b	1477	Karim Abouzeid	M	M40-44	153	13:16:36	1:37:34	0:05:10	5:59:41	0:07:18	5:26:53	CA	
71ca6f7b-e939-4f95-9755-2bf1954bd611	1478	Erick Decarie	M	M50-54	116	13:16:49	1:33:00	0:07:41	6:06:12	0:10:20	5:19:36	CAN	
e3d9889d-0dd1-4990-a35e-50657404121b	1479	Cam Della-Savia	M	M30-34	177	13:17:00	1:23:56	0:12:10	6:15:19	0:13:18	5:12:16	CA	
822cc058-ccdc-4984-923c-d273cd54c59d	1480	Ian Driver	M	M65-69	12	13:17:12	1:28:30	0:08:16	5:45:30	0:06:53	5:48:04	CA	
0af74130-c8f0-41c5-a577-5ca440497002	1481	Felicia Long	F	F55-59	15	13:17:28	1:23:46	0:06:27	6:05:01	0:08:44	5:33:29	CA	
d250ae8a-5959-4897-bb4a-f7879460b325	1482	Tim Odenweller	M	M45-49	113	13:17:52	1:34:11	0:04:55	6:07:08	0:03:59	5:27:39	US	
58e45dd9-1188-4de6-aebe-a4c74edfc4ba	1483	Colleen Horton	F	F35-39	29	13:18:07	1:23:23	0:11:47	6:36:42	0:11:05	4:55:10	US	
06648cb8-3473-f011-b4cc-6045bd05f634	1484	Jesula Drouillard	F	F60-64	3	13:18:15	1:40:33	0:06:01	6:56:08	0:05:21	4:30:11	CA	
a2c2dbaf-df5e-4730-aaee-19a12545d8af	1484	Tamara Paradis	F	F50-54	38	13:18:15	1:27:44	0:09:54	6:18:57	0:10:49	5:10:52	CA	
eab81957-9373-f011-bec3-000d3a5b50ba	1486	Matthew Hall	M	M40-44	154	13:18:17	1:27:14	0:09:51	6:04:32	0:14:56	5:21:44	can	
a5d51382-a773-f011-bec2-000d3a5cf7d8	1487	Klaude Dungca	M	M25-29	205	13:18:26	1:34:30	0:06:24	6:31:10	0:12:29	4:53:53	CAN	
f7cd620a-1077-f011-b4cc-6045bd09951e	1488	Jean Lapointe	M	M55-59	80	13:18:28	1:36:57	0:08:54	6:40:37	0:11:43	4:40:17	CA	
539f0441-677d-4507-808b-05967fabafdd	1489	Joe Thompson	M	M35-39	147	13:18:29	1:34:49	0:09:19	6:26:40	0:08:20	4:59:22	usa	
dfeaeb04-96eb-4e5c-8135-41975939ba81	1490	Zacharie Latour	M	M25-29	206	13:18:43	1:20:03	0:06:02	7:11:10	0:07:16	4:34:13	CA	
bca5897b-725d-44c1-9b68-41e53d056e68	1491	Chris Dempsey	M	M45-49	114	13:18:44	1:46:10	0:09:46	5:57:28	0:06:44	5:18:36	CA	
e559a566-3e79-4b46-a18c-6afd8aa08714	1492	Emilie Roussel	F	F18-24	21	13:18:59	1:23:39	0:07:12	6:18:14	0:11:37	5:18:17	CA	
a18a8d4b-709f-ee11-be37-000d3a314ae2	1493	Ruben Lujan Fleury	M	M18-24	150	13:19:05	1:15:07	0:08:49	6:13:32	0:08:29	5:33:07	CA	
c32324d1-0206-f011-bae1-6045bd05fcc1	1494	Marc Roberts	M	M45-49	115	13:19:17	1:22:48	0:10:08	6:20:54	0:11:49	5:13:38	CAN	
2791da0b-8201-ef11-a1fe-000d3a314ae2	1495	Aaron Moxley	M	M50-54	117	13:19:34	1:29:21	0:09:00	6:10:55	0:13:29	5:16:48	CA	
c6e950a0-e06a-4297-b0b5-cb38bcbecf34	1496	Tomás Ibarra	M	M50-54	118	13:19:37	1:18:49	0:09:00	6:03:47	0:05:55	5:42:07	CL	
f6cfe124-4279-f011-b4cc-000d3a3173b5	1497	Lawrence Mak	M	M25-29	207	13:19:38	1:29:30	0:09:50	6:26:38	0:07:11	5:06:29	CA	
835e312f-fbbe-4b81-96be-de11fc30b4cd	1498	Catherine Miah	F	F50-54	39	13:20:01	1:43:47	0:08:49	6:19:59	0:09:27	4:57:59	US	
fec93867-34f6-41fd-ad84-b30a99f7b7fe	1499	Matthew Pike	M	M35-39	148	13:20:03	1:22:56	0:12:36	6:20:45	0:11:51	5:11:56	CA	
22335e48-b5c9-49a6-9f2c-3ac6d80a049f	1500	Luc Milette	M	M60-64	37	13:20:12	1:33:31	0:10:14	6:14:00	0:09:31	5:12:56	CA	
53761877-b3bd-49b9-9a4e-bdbd5d592b5f	1501	Helen Bitz	F	F25-29	68	13:20:30	1:20:23	0:08:01	6:32:10	0:06:30	5:13:27	CA	
82e029db-9410-43e3-90be-d7cb7142dd06	1502	Brigitte O'Driscoll	F	F30-34	54	13:20:33	1:21:20	0:09:17	6:16:15	0:12:35	5:21:05	CA	
ea4e7d40-5205-f111-8406-002248081bd6	1503	Antoine Lavigne	M	M18-24	151	13:20:37	1:41:15	0:10:50	6:13:13	0:13:30	5:01:49	CAN	
1eedb5f4-3297-f011-b4cc-000d3a5b50ba	1504	Nathan Allard	M	M18-24	152	13:20:38	1:39:56	0:13:07	6:34:17	0:15:00	4:38:18	CA	
ed22cbd2-6b43-ee11-bdf4-000d3a31406e	1505	Gillian Mills	F	F40-44	31	13:20:49	1:36:03	0:04:17	6:45:31	0:05:36	4:49:22	CA	
4d0e57c1-3748-46d5-b1b9-f04887763260	1506	Daniel Edgcumbe	M	M40-44	155	13:20:55	1:14:55	0:13:24	6:20:46	0:12:56	5:18:55	CA	
a7d31c3c-dc0a-f111-8406-002248046ec8	1507	Alexis Loubert	M	M18-24	153	13:21:01	1:30:26	0:05:39	6:05:45	0:06:56	5:32:15	CAN	
0e6ce4ce-0f1d-4c6e-9189-fc69471edeba	1508	Glady Malvar	M	M50-54	119	13:21:12	1:27:13	0:06:10	6:17:11	0:06:41	5:23:57	CA	
e19c2d8d-0cb4-f011-bbd3-0022480c097c	1509	Anik Bouchard	F	F40-44	32	13:21:15	1:25:11	0:14:38	6:44:56	0:13:23	4:43:08	CAN	
9af605bb-d28b-4d1a-add5-d4daada0cd89	1510	Kristen K. Buck	F	F50-54	40	13:21:33	1:16:12	0:10:54	6:44:17	0:09:29	5:00:41	US	
18619957-52c9-ef11-b8e8-6045bd088264	1511	Kirk Johnson	M	M40-44	156	13:21:55	1:35:59	0:05:53	6:18:51	0:08:20	5:12:52	CA	
c91c5f3e-46e4-4132-85d6-03b21923a5ff	1512	Mike White	M	M55-59	81	13:21:55	1:24:11	0:07:34	6:05:17	0:09:32	5:35:21	can	
446dad35-21dd-47b9-8df0-e630af69a657	1513	Amy Valentin	F	F40-44	33	13:22:20	1:31:38	0:07:55	7:12:08	0:05:02	4:25:37	GB	
d3f6a721-8729-4eae-a8fb-ec5b6b36814a	1514	Béatrice Morel	F	F25-29	69	13:22:22	1:37:16	0:06:49	6:51:45	0:05:36	4:40:56	CAN	
b12ecc00-f011-49fb-804a-cd8b7c4ea3c8	1515	Julie Dale	F	F60-64	4	13:22:35	1:41:17	0:07:15	6:24:27	0:05:58	5:03:38	CA	
b9b3c1a9-2ba2-f011-bbd3-6045bd05f634	1516	Sara Mertz	F	F30-34	55	13:22:45	1:24:18	0:10:38	6:52:47	0:07:53	4:47:10	US	
58264636-1473-f011-bec2-0022480c097c	1517	Jonah Warner	M	M35-39	149	13:23:26	1:23:57	0:19:10	6:23:36	0:14:43	5:02:00	BEL	
baf7762d-56d0-f011-bbd3-000d3a5b7c3b	1518	Matthew Smyth	M	M25-29	208	13:23:32	1:16:46	0:12:15	6:27:58	0:13:37	5:12:56	USA	
eacf22c8-ab9b-ef11-8a6a-6045bd048089	1519	Jessica HOLMES	F	F30-34	56	13:23:42	1:38:51	0:11:14	6:20:11	0:09:59	5:03:27	can	
2dc5277c-208c-f011-b4cc-000d3a5b50ba	1520	Karen Hill	F	F45-49	45	13:23:43	1:21:43	0:07:22	6:47:15	0:07:13	5:00:10	CA	
24490f3d-84b1-4a92-81b2-e18ff536dfe7	1521	Anna Kornmuller	F	F30-34	57	13:23:44	1:31:06	0:08:17	6:21:28	0:08:44	5:14:08	US	
6490187d-d061-4696-a367-06cfc4adae37	1522	Carl Landry-Berthelot	M	M25-29	209	13:23:48	1:13:37	0:03:30	6:38:48	0:03:25	5:24:29	CA	
db35d7d7-ba85-f011-b4cc-000d3a5b50ba	1523	Jorge Ehlers	M	M35-39	150	13:23:58	1:21:51	0:08:26	6:16:45	0:05:20	5:31:36	CAN	
39e3107c-63df-4356-8d3b-9f70920f1808	1524	Andres Ariza	M	M45-49	116	13:24:06	1:33:57	0:05:47	6:09:56	0:06:49	5:27:38	US	
731d9eb5-6ad9-f011-8544-000d3a5b7c3b	1525	Maho Fukushima	F	F18-24	22	13:24:09	1:09:34	0:06:28	6:24:23	0:05:53	5:37:51	JPN	
776da13f-52af-f011-bbd3-6045bd09951e	1526	Florence Leclerc	F	F35-39	30	13:24:10	1:09:03	0:06:00	6:15:02	0:06:47	5:47:18	CAN	
648448cc-af73-f011-bec3-6045bd05fcc1	1527	Jacob Tanner	M	M25-29	210	13:24:14	1:29:14	0:12:04	6:37:17	0:09:48	4:55:52	CA	
27bff3a2-6810-4f0a-bbdc-e23f773229e3	1528	John Walsh	M	M50-54	120	13:24:16	1:47:55	0:10:11	6:40:01	0:08:25	4:37:44	CA	
4af393b0-1c83-ef11-ac21-6045bd048089	1529	Eric Forrest	M	M35-39	151	13:24:34	1:38:31	0:10:13	6:16:00	0:06:54	5:12:57	CA	
ee7382f6-aa90-ef11-ac21-000d3a5a1803	1530	Zach Thompson	M	M25-29	211	13:24:46	1:17:53	0:08:13	6:36:12	0:11:46	5:10:42	United Kingdom	
5f1e92f6-d37d-f011-b4cc-000d3a5cf7d8	1531	Catherine Tucker	F	F18-24	23	13:24:48	1:21:25	0:17:45	6:34:53	0:10:46	4:59:59	CAN	
726a4d42-fa60-4781-b2bc-5a9212e6d867	1532	Derek Tucker	M	M55-59	82	13:24:50	1:21:28	0:17:46	6:34:51	0:10:47	4:59:58	CA	
7cfacdc7-f375-f011-b4cb-000d3a5b7c3b	1533	scott gauthier	M	M35-39	152	13:24:57	1:32:37	0:12:05	5:45:53	0:14:11	5:40:11	CAN	
334422b9-b5e6-43e8-8614-17034cb280a3	1534	Alex Wasielewski	M	M60-64	38	13:25:05	1:34:20	0:06:41	6:17:21	0:06:48	5:19:54	CA	
79706ea6-75d5-4ee8-b2f1-d086094d53fc	1535	Luke Jackson	M	M40-44	157	13:25:11	1:27:52	0:13:21	6:05:28	1:03:08	4:35:22	CA	
709dc7da-6b7f-4218-8e68-7ac55ffa67f5	1536	Jennifer El Sherif	F	F55-59	16	13:25:12	1:03:27	0:05:55	6:40:14	0:08:03	5:27:32	USA	
ae2c4f5e-2848-492c-b47a-19fc72488015	1537	Joseph Gignac	M	M65-69	13	13:25:33	1:29:11	0:09:43	5:56:48	0:07:03	5:42:48	CA	
db7a36dd-37a3-4aa5-839a-26f343f3696b	1538	Philippe Bussière	M	M50-54	121	13:25:33	1:26:32	0:10:59	6:27:27	0:09:39	5:10:56	CA	
335e97ca-36b4-499f-aff1-56f82f254ec7	1539	Hanjiu Zhang	M	M50-54	122	13:25:36	1:36:39	0:09:02	6:39:12	0:07:56	4:52:47	CA	
e571748c-a598-f011-b4cb-6045bd006a29	1540	William Turcotte	M	M18-24	154	13:25:36	1:13:22	0:09:28	6:32:58	0:09:39	5:20:09	CA	
8bce20e0-974a-4856-adf2-6d88ec32afe3	1541	Pierre Adjoury	M	M60-64	39	13:25:41	1:21:43	0:07:44	5:53:55	0:07:32	5:54:47	CAN	
c6559808-7ba1-4793-9eaa-a85425cdec79	1542	Steve Hiscox	M	M65-69	14	13:25:48	1:26:34	0:10:13	6:14:29	0:10:23	5:24:09	CA	
ad09f07c-b9e3-f011-8543-6045bd05fcc1	1543	Ian Labrosse	M	M45-49	117	13:25:53	1:22:44	0:12:28	7:03:13	0:14:32	4:32:56	CAN	
3869dee0-062d-4f2d-963d-88d472b789a3	1544	Brian Lang	M	M50-54	123	13:26:36	1:27:57	0:10:36	6:52:31	0:12:38	4:42:54	US	
b125330b-02e1-43f0-bcb2-04e50c4f75ac	1545	Kim O'Callaghan	F	F60-64	5	13:26:37	1:27:53	0:10:28	6:17:15	0:10:13	5:20:48	US	
2fc9d11e-5741-ef11-8409-000d3a367177	1546	Mark Tanner	M	M55-59	83	13:27:09	1:23:06	0:08:51	6:09:23	0:09:58	5:35:51	CA	
f61618fd-bd52-ef11-a317-000d3a367177	1547	Kierstyn Cassidy	F	F25-29	70	13:27:09	1:00:28	0:06:57	6:46:36	0:07:12	5:25:56	US	
a9fe486c-d602-4b15-82b0-63776cdbf59c	1548	Payam Amirsayafi	M	M50-54	124	13:27:22	2:01:58	0:11:07	5:57:27	0:12:38	5:04:12	US	
6ec01943-e8ef-406e-bed2-0511b3f2f51d	1549	Patrick Cadieux	M	M50-54	125	13:27:38	1:16:12	0:09:13	6:35:36	0:10:54	5:15:42	CA	
e01b4790-6cd9-415a-bc10-4b850cc3baf1	1550	Jennifer Baudoux	F	F50-54	41	13:27:41	2:03:41	0:04:40	5:58:18	0:04:15	5:16:47	CA	
c7ea4642-5ead-f011-bbd2-000d3a351ec3	1551	Philip Hampton	M	M30-34	178	13:27:55	1:28:12	0:05:20	6:22:01	0:07:06	5:25:17	CA	
c3d97a3e-4608-47bb-8751-4840ec223a23	1552	Leslie Robertson	F	F50-54	42	13:27:58	1:31:56	0:05:46	7:03:04	0:07:28	4:39:45	CA	
2b843c34-8ba0-4721-8177-73f4a30b5e4d	1553	Isaac Gonzalez Garcia	M	M55-59	84	13:28:00	1:34:09	0:14:47	6:43:41	0:14:23	4:40:59	BE	
66cd14a8-7fa0-47c1-a7f0-55352caf9e60	1554	Carolina Gonano	F	F30-34	58	13:28:09	1:46:17	0:09:16	6:33:16	0:07:03	4:52:18	USA	
58c5bdb0-bc5e-408a-b21e-a87aacc46a88	1555	Aditya Joshi	M	M25-29	212	13:28:11	1:19:03	0:07:05	6:25:42	0:08:33	5:27:47	US	
0a636d55-fd69-440e-a994-46311a35dcef	1556	Andrew Coronas	M	M35-39	153	13:28:16	1:22:51	0:08:59	6:26:02	0:07:50	5:22:34	can	
ef103b07-ce4a-ef11-a317-6045bd0953ac	1557	Richard Lajoie	M	M60-64	40	13:28:17	1:20:35	0:09:02	6:37:00	0:07:47	5:13:53	can	
cdbe2e77-ac3d-44d4-b539-6c54fd6937f5	1558	Sharon Johnson	F	F45-49	46	13:28:19	1:15:51	0:05:26	6:04:37	0:07:05	5:55:19	CA	
f21e36b7-9390-ef11-ac20-000d3a5a403c	1559	Ava Schlesinger	F	F25-29	71	13:28:53	1:14:38	0:07:15	7:18:10	0:05:43	4:43:07	USA	
3cf01efa-57af-e911-a97e-000d3a37468c	1560	Marc Lavoie	M	M60-64	41	13:28:59	1:29:56	0:18:59	6:59:38	0:14:06	4:26:20	CA	
49dddbb4-1fa5-4c08-a85e-b71f22b4d2f9	1561	Derek Lai	M	M40-44	158	13:29:02	1:32:36	0:15:17	6:27:26	0:14:45	4:58:58	CA	
1e0bcce7-3efd-43a9-acbf-751272110f5d	1562	Jean-Francois Richard	M	M50-54	126	13:29:05	1:55:08	0:22:39	6:06:40	0:18:52	4:45:47	CA	
fc49af7a-8271-f011-bec2-0022480c097c	1563	Charles Fiset-Ross	M	M30-34	179	13:29:06	1:24:31	0:16:02	6:16:54	0:19:48	5:11:51	CA	
ece33cd9-d18d-41ea-9468-7e96209d5e9f	1564	Lorie Grooms	F	F45-49	47	13:29:06	1:30:53	0:10:06	6:48:46	0:08:46	4:50:35	USA	
11f9b804-dada-ef11-8eea-000d3a5ae96c	1565	Luis Trauwitz	M	M30-34	180	13:29:07	2:14:35	0:09:54	6:03:07	0:18:19	4:43:13	CA	
785b4091-d40b-41df-a2c2-b97d72336ee2	1566	Karen Sullivan	F	F50-54	43	13:29:14	1:17:55	0:09:28	6:16:50	0:06:18	5:38:43	CA	
f36ec83f-5414-47f4-bd2d-1ff0429ca90d	1567	Lindsey Reese	F	F50-54	44	13:29:31	1:26:11	0:08:44	6:40:43	0:10:26	5:03:27	US	
7862a654-820f-4bce-9f95-d1efb2db0cf3	1568	Kareen Bacinski	F	F50-54	45	13:29:40	1:16:44	0:07:21	5:48:06	0:12:50	6:04:39	USA	
9bcd41d4-318b-45b2-badb-c1b9da5a2b9f	1569	Brian Kelly	M	M70-74	1	13:29:40	1:37:48	0:10:54	6:20:10	0:09:06	5:11:42	CA	
23835241-a4b0-439c-a005-04c451130816	1570	Yanni Reklitis	M	M30-34	181	13:29:42	1:29:46	0:10:10	6:28:33	0:08:28	5:12:47	CA	
55f7e751-ebcf-f011-bbd3-000d3a3173b5	1571	Oliver Barber	M	M35-39	154	13:29:53	1:12:42	0:11:07	6:32:45	0:10:30	5:22:49	CAN	
d5ccd77d-efaa-4347-a2e3-0bfeec6f8f39	1572	Micah Hinely	M	M18-24	155	13:30:08	1:21:22	0:06:22	6:15:26	0:08:08	5:38:51	US	
c5356232-2ff9-46d9-9693-89242027f37a	1573	Xiao Wang	F	F40-44	34	13:30:12	1:42:10	0:11:43	6:36:59	0:09:02	4:50:18	USA	
3082e410-f909-f111-8406-0022480a5755	1574	Joseph Malloy	M	M18-24	156	13:30:12	1:48:10	0:07:41	5:58:01	0:06:39	5:29:41	USA	
a6e36c9f-a6dd-4f56-9888-87c014ec1411	1575	Nicolas Van Thielen	M	M50-54	127	13:30:16	1:47:21	0:11:46	6:19:23	0:12:27	4:59:18	BE	
50cc64ee-1306-43d2-983f-6372a078e6c0	1576	Phong Le	M	M45-49	118	13:30:20	1:39:30	0:07:29	6:11:11	0:06:14	5:25:55	usa	
c7f0da8e-6e58-4d2e-b288-0ff7ba1d4ba0	1577	Jonathon Grooms	M	M45-49	119	13:30:36	1:32:55	0:10:08	6:29:25	0:09:31	5:08:37	US	
37f85f01-f4a4-4d80-bb14-09d733ceee00	1578	Ashley Zahm	F	F40-44	35	13:30:39	1:25:59	0:10:50	6:38:54	0:09:35	5:05:21	US	
ef6c6703-50c1-4fad-b2f5-2dcb8c0d3ecb	1579	Sean Leclair	M	M55-59	85	13:30:47	1:18:20	0:13:28	5:41:35	0:11:27	6:05:58	CAN	
64399ef7-f632-4ea7-acd8-85cec1bc5da0	1580	Eric Johnson	M	M70-74	2	13:30:51	1:32:12	0:08:31	6:04:32	0:09:36	5:36:00	US	
02db7018-4b5c-f011-bec2-6045bd09951e	1581	Jacob Ventura	M	M25-29	213	13:30:52	2:07:13	0:07:19	6:23:04	0:08:38	4:44:38	CA	
5c65275c-783f-4b0d-aa03-0ed0e1920501	1582	Frédéric Fortin	M	M45-49	120	13:30:57	1:26:38	0:07:18	6:11:41	0:06:24	5:38:57	CA	
70b765b2-c21f-4f9d-b07f-bc2693537c38	1583	Janet Duga	F	F50-54	46	13:31:07	1:23:11	0:05:23	6:03:37	0:09:24	5:49:33	CA	
6a714865-5788-f011-b4cc-6045bd05fcc1	1584	Kevin Feely	M	M35-39	155	13:31:11	1:26:51	0:09:25	6:48:55	0:12:42	4:53:20	CA	
6b552268-9a3a-48f1-9902-a03d91a89cc4	1585	Tara Brossier	F	F45-49	48	13:31:17	1:12:12	0:08:34	6:27:51	0:13:06	5:29:33	CA	
b9b2ef68-7b50-4195-8298-139fd6eacf62	1586	Elizabeth Poeschl	F	F50-54	47	13:31:35	1:08:52	0:08:07	6:05:38	0:07:15	6:01:43	US	
98eb4d94-4b71-f011-bec3-6045bd05fcc1	1587	Matt Bruce		M30-34	182	13:31:36	1:26:21	0:10:25	6:48:35	0:10:21	4:55:55	CA	
609d244b-6129-4034-94cb-b193c5d5c303	1588	Michele Fuller	F	F60-64	6	13:31:48	1:19:26	0:08:06	6:34:37	0:07:46	5:21:53	CA	
92a1364c-eb52-45e1-ae11-786fec461950	1589	Vern Dinsmore	M	M65-69	15	13:31:53	1:23:07	0:06:24	6:32:23	0:05:57	5:24:02	CA	
93b0eafa-6a35-499b-9e4a-9e83e0571c9e	1590	Christine DiGangi	F	F35-39	31	13:31:57	1:24:08	0:07:16	6:34:26	0:10:50	5:15:18	US	
a519742d-9cd0-ed11-a7c7-000d3a314be4	1591	Rafael Mejia	M	M40-44	159	13:32:09	1:36:31	0:08:23	6:41:56	0:16:26	4:48:54	DO	
058e60ee-9172-4923-a812-4a1a7fe76431	1592	William Saxon	M	M25-29	214	13:32:21	1:29:12	0:12:54	6:31:00	0:07:44	5:11:31	CA	
6bba6c59-9274-f011-b4cc-6045bd05f634	1593	Amber Andrews	F	F50-54	48	13:32:35	1:36:46	0:06:44	6:22:26	0:08:35	5:18:04	CA	
07c12ea0-5cf8-435f-ab81-3e7713f36f22	1594	Sean Dukelow	M	M50-54	128	13:33:21	1:22:25	0:11:12	6:11:56	0:10:24	5:37:23	CA	
ade7b039-1eed-418e-8dde-a1c5b1cca964	1595	Pieter Severein	M	M50-54	129	13:33:23	1:09:58	0:08:47	6:57:15	0:12:09	5:05:14	GB	
bb447cb1-460f-47f1-9bc5-d4414293b601	1596	Kourtney Brunings	F	F25-29	72	13:33:38	1:08:22	0:07:14	6:26:46	0:08:50	5:42:26	USA	
c62afb2d-0bc4-414d-9597-70127aa2408a	1597	Chris Lincoln	M	M55-59	86	13:34:09	1:27:59	0:11:12	5:49:12	0:09:07	5:56:39	USA	
07d50fbd-dd10-4217-b39a-0618a145a2f9	1598	Cory Plant	M	M60-64	42	13:34:11	1:21:04	0:07:12	6:01:45	0:09:37	5:54:33	CA	
95fdda48-fe25-4475-9f58-7f6b317076c3	1599	Stephen Weiss	M	M55-59	87	13:34:17	1:33:34	0:13:05	6:22:56	0:12:21	5:12:21	US	
6444828d-d15f-4dd1-bf38-f2b170dc16c9	1600	William Farrell	M	M25-29	215	13:34:26	1:33:20	0:08:36	6:03:28	0:06:14	5:42:48	CA	
6604b5c8-73ac-41fb-b6c0-307d816554c0	1601	Elise Loftin	F	F60-64	7	13:34:27	1:43:26	0:06:08	6:02:31	0:06:04	5:36:19	usa	
55f040c5-eb73-f011-bec3-6045bd09951e	1602	François Bossé	M	M40-44	160	13:34:42	1:45:21	0:13:23	6:26:28	0:08:57	5:00:33	CA	
3984386f-689a-47cc-894a-4f3a4f9d77b3	1603	Monica Tice	F	F40-44	36	13:34:52	1:36:47	0:07:09	6:08:27	0:08:58	5:33:30	CA	
a9cbe96b-8f87-f011-b4cc-6045bd05fcc1	1604	Tanisse Epp	F	F30-34	59	13:35:13	1:14:27	0:06:31	7:01:24	0:08:56	5:03:54	CA	
cbcb343c-2761-ed11-9562-000d3a314be4	1605	Angel Lizama	M	M40-44	161	13:35:34	1:35:13	0:06:53	6:01:00	0:09:32	5:42:55	can	
5d816e59-1964-4650-b45f-c14f6c3ffe1e	1606	Sandra Sukstorf	F	F60-64	8	13:35:55	1:40:28	0:04:48	6:17:07	0:04:34	5:28:58	can	
c3427468-f1e8-4c7b-9430-66cee2cc8e40	1607	Timothy Wilson	M	M60-64	43	13:36:13	1:49:07	0:12:02	5:56:52	0:15:57	5:22:15	CA	
b796382e-81a4-4c94-8adc-278e2029c9cd	1608	Marie-Helene Dastous	F	F45-49	49	13:36:20	1:37:08	0:05:54	6:03:24	0:10:29	5:39:26	CA	
5cd8cd0c-0b88-f011-b4cc-6045bd09951e	1609	Patrick Morin	M	M50-54	130	13:36:28	1:23:27	0:07:09	6:33:30	0:07:14	5:25:09	can	
9ed55449-9b74-f011-b4cc-6045bd05f634	1610	Naomie hervieux	F	F18-24	24	13:36:28	1:25:47	0:06:16	6:44:26	0:05:42	5:14:17	CA	
2f616320-3419-f011-998a-0022480a7385	1611	Amy Yang	F	F18-24	25	13:36:32	1:24:02	0:06:14	7:15:22	0:08:41	4:42:13	US	
bc3cf84c-de25-426a-8161-b33a8c05b723	1612	Stefanie Heber	F	F50-54	49	13:36:32	1:30:47	0:07:23	5:32:43	0:09:42	6:15:57	CA	
e27f9459-1b81-ef11-ac21-6045bd05c809	1613	Blair Weyersberg	M	M30-34	183	13:36:36	1:20:00	0:07:48	7:01:24	0:08:30	4:58:54	CA	
f07d89d1-3e05-f111-8406-002248046ec8	1614	Aliya Curran	F	F25-29	73	13:37:27	1:08:28	0:10:48	6:51:48	0:09:00	5:17:22	USA	
9d331632-9eb6-42b2-b4ba-e49de999ef92	1615	Scott Lindsay	M	M30-34	184	13:37:37	1:15:22	0:12:04	6:33:36	0:10:57	5:25:38	CA	
62d86e04-890d-443f-861f-93e5e50f325d	1616	Mark Mcdonald	M	M40-44	162	13:37:37	1:38:08	0:07:39	6:29:25	0:07:11	5:15:15	CA	
7af2ad45-f980-4368-a6b6-2054bf8fcb07	1617	Jean Rompré	M	M45-49	121	13:37:40	1:37:48	0:15:06	6:03:38	0:11:51	5:29:18	CA	
5f64f8f3-7974-f011-bec3-6045bd05fcc1	1618	Sara Hiscoe	F	F45-49	50	13:37:41	1:33:04	0:18:27	6:53:35	0:11:45	4:40:51	CA	
461d0968-658e-f011-b4cc-6045bd05fcc1	1619	Dali Viscasillas	M	M18-24	157	13:37:44	1:37:33	0:12:01	6:22:58	0:10:04	5:15:08	CA	
81343bdc-8e97-4397-af99-24f847a93939	1620	Andrea Robinson	F	F50-54	50	13:37:45	1:40:53	0:08:59	5:58:27	0:06:50	5:42:37	CAN	
200d49ac-e095-4a05-af60-f7487954539d	1621	Michelle Campbell	F	F30-34	60	13:37:51	1:16:32	0:06:27	6:56:48	0:06:54	5:11:10	CA	
3991d77f-f233-45ef-8b87-d265bfb7926f	1622	Boyd Tomasetti	M	M55-59	88	13:37:54	1:24:53	0:12:23	6:15:33	0:19:26	5:25:39	USA	
ff4127c2-fd6f-442a-9fa9-32c0646e8a06	1623	Tanya Philp	F	F55-59	17	13:37:56	1:14:55	0:06:41	5:38:27	0:04:48	6:33:05	CA	
32ad0d74-4d80-f011-b4cc-000d3a5cf7d8	1624	Deven Kennedy	M	M35-39	156	13:38:20	1:37:09	0:12:08	6:24:12	0:08:14	5:16:36	CAN	
d7e40c7b-e721-48eb-a36f-ba9414be8baa	1625	Kreston Woods	M	M30-34	185	13:38:36	1:32:19	0:08:18	6:58:15	0:06:09	4:53:35	usa	
9c9c02c0-a1b1-ef11-b8e8-000d3a5ae96c	1626	Alex Geisler	M	M30-34	186	13:38:37	1:21:10	0:09:09	6:31:40	0:06:20	5:30:18	USA	
cad1f07b-da99-40e9-a6b6-fa8f5b7e94b8	1627	Stephen Black	M	M40-44	163	13:38:46	1:36:55	0:09:00	5:39:03	0:09:10	6:04:38	CA	
c0f646c2-b5fb-4b55-bf1b-ad4939edbb8c	1628	Luke Knechtel	M	M30-34	187	13:39:02	1:26:10	0:11:45	6:42:43	0:11:19	5:07:05	CA	
297b8a9d-3aac-4768-817a-af5e2f9f8edb	1629	Tijana Panic	F	F18-24	26	13:39:04	1:39:11	0:10:22	6:55:00	0:07:42	4:46:49	CA	
083b8261-2289-ed11-81ae-000d3a314c24	1630	Mayra Gonzalez	F	F45-49	51	13:39:09	1:18:27	0:08:00	6:20:38	0:07:31	5:44:34	usa	
36a327a1-4ff9-42d3-af85-9e28eb76526d	1631	Bruno Vaillancourt	M	M50-54	131	13:39:22	1:31:26	0:08:45	6:20:58	0:08:00	5:30:13	CA	
458f4b2b-6695-490c-a4a4-a6fae176d6a9	1632	Morgan Mckay	F	F35-39	32	13:39:23	1:35:02	0:07:00	6:37:49	0:05:46	5:13:46	CA	
edf3973d-0b4d-4e71-bdd6-9780ed712e13	1633	Haritha Potluri	F	F50-54	51	13:39:47	1:37:45	0:05:44	6:54:39	0:05:46	4:55:52	US	
e4f1744e-3a30-eb11-a813-000d3a5a1bfb	1634	Wilmar Quilingan	M	M40-44	164	13:40:07	1:33:24	0:09:41	6:18:30	0:11:55	5:26:37	CA	
25403e77-d0db-4d9c-a4bc-79f2c04125c8	1635	Laurie Svoboda	F	F45-49	52	13:40:07	1:31:59	0:20:47	6:13:25	0:06:30	5:27:26	US	
9ea795c9-7e82-4414-a16a-008f73f5ad28	1636	Reynante Razonable	M	M50-54	132	13:40:08	1:23:04	0:06:31	6:29:16	0:14:00	5:27:18	CA	
0ce4f543-f6eb-eb11-bacb-000d3a3340ef	1637	Sebastien Beaulieu		M50-54	133	13:40:27	1:03:41	0:06:24	6:35:52	0:10:33	5:43:58	CAN	
571594da-345e-4de0-8297-5667997f823c	1638	Vincent Sivirine	M	M55-59	89	13:40:50	1:29:48	0:09:11	5:53:56	0:07:51	6:00:04	US	
14a9d65d-6061-477d-ac4d-a0e0dacbd961	1639	Daphne Ducharme	F	F30-34	61	13:41:16	1:39:58	0:10:57	6:29:31	0:11:43	5:09:06	CAN	
54a31658-4224-4028-803a-2b4a473f56d4	1640	Heather Bullis-Cruz	F	F55-59	18	13:41:32	1:30:16	0:09:13	6:06:58	0:06:58	5:48:07	usa	
cfd4e9d5-d77b-f011-b4cc-6045bd05fcc1	1641	Chris Schmidt	M	M40-44	165	13:41:32	1:31:58	0:09:18	6:32:42	0:08:23	5:19:12	CA	
55d11183-374b-f011-877a-000d3a35ffc1	1642	Patrick Mackle	M	M25-29	216	13:41:32	1:34:15	0:09:56	6:52:06	0:12:14	4:53:02	US	
e2471516-7994-4d0c-8d5a-22c00522aa58	1643	Camille Champagne	F	F25-29	74	13:41:37	1:21:46	0:08:06	6:19:42	0:09:25	5:42:38	CA	
311fd9c1-3430-46c9-b3ad-8efcf839cf40	1644	Maggie Der Cola	F	F25-29	75	13:41:40	1:13:57	0:09:00	6:40:18	0:08:51	5:29:34	US	
0ef4fcb0-582a-4589-aeef-e20b1c7b4f41	1645	Isabelle Cyr	F	F55-59	19	13:41:48	1:23:13	0:08:17	5:58:04	0:14:49	5:57:25	CA	
f5bbd95f-7bee-f011-8407-6045bd04a162	1646	Daria Ruginis	F	F30-34	62	13:41:50	1:22:40	0:12:33	6:42:17	0:13:12	5:11:07	CAN	
8944681c-13b2-4f7c-9c15-5ba30fdeff65	1647	Fabian Pat	M	M40-44	166	13:41:51	1:36:06	0:13:14	6:27:48	0:09:31	5:15:12	CA	
e64e40c4-b897-ef11-8a69-000d3a5a403c	1648	Nicholas Vantfoort	M	M30-34	188	13:41:55	1:18:24	0:10:31	6:20:09	0:11:40	5:41:10	CAN	
ce77eaa2-ce97-4074-8805-27171c8f97c7	1649	Mark Plett	M	M50-54	134	13:41:55	1:11:34	0:12:54	6:12:04	0:13:47	5:51:36	usa	
9c639a62-cc19-4f01-89af-d51c19926f85	1650	Laura Mallory	F	F35-39	33	13:42:03	1:29:41	0:07:28	6:27:30	0:08:13	5:29:11	CA	
d86651e6-b3a8-ed11-aad1-000d3a31458d	1651	Walter Gilmore	M	M65-69	16	13:42:07	1:27:26	0:12:45	6:08:44	0:12:27	5:40:45	CA	
d2444dbc-757e-4f5f-a9ac-020844eea01c	1652	Ya Gao	F	F45-49	53	13:42:38	1:19:21	0:06:33	6:18:49	0:06:50	5:51:07	CA	
10aa1bbd-49bd-4cf2-afde-aa01712a8580	1653	Bruce Dolan	M	M30-34	189	13:42:39	1:11:01	0:11:46	6:56:07	0:07:39	5:16:05	CA	
9b7295a5-7427-4fa8-b7ed-ecedb71547db	1654	Laura Calle	F	F35-39	34	13:42:51	1:26:36	0:07:00	6:03:33	0:07:37	5:58:05	CA	
571fd801-5e21-f011-8c4c-000d3a32b48d	1655	Michael Sutera	M	M18-24	158	13:43:01	1:26:21	0:07:02	6:37:28	0:06:32	5:25:38	US	
3e62665a-377e-f011-b4cb-000d3a33b924	1656	David Heger	M	M45-49	122	13:43:03	1:53:46	0:13:36	5:38:27	0:14:15	5:42:59	USA	
87dc8c2a-6060-4ef4-8bfd-7a0cca806545	1657	Chad Aubin	M	M45-49	123	13:43:11	1:35:46	0:07:30	6:35:11	0:04:51	5:19:53	usa	
405d4923-2247-47ac-b91d-8ad27722d30f	1658	Michele Symanski	F	F50-54	52	13:43:14	1:21:55	0:15:11	6:36:30	0:08:11	5:21:27	US	
6bc8ac05-c17c-4d0d-aceb-37a85252c6c0	1659	Julianna Falzon	F	F30-34	63	13:43:16	1:26:35	0:09:26	6:47:26	0:11:38	5:08:11	USA	
c71a3dc0-744a-424b-b99b-494b44d0d67a	1660	Francisco Berrizbeitia	M	M45-49	124	13:43:16	1:21:40	0:10:06	6:36:45	0:09:43	5:25:03	CAN	
c7930c84-7e18-4837-ae39-e82b245155e5	1661	Robert Comello	M	M55-59	90	13:43:18	1:27:46	0:09:25	6:09:05	0:08:36	5:48:26	US	
89dc1035-1f98-410c-9e58-663a30524e23	1662	Chase Johnson	M	M18-24	159	13:43:25	1:37:29	0:06:07	6:43:15	0:05:23	5:11:10	US	
4ca3cd59-4e8b-462b-bee0-ed18496685a9	1663	Valéry Magny	F	F40-44	37	13:43:53	1:38:15	0:05:51	6:11:13	0:05:37	5:42:56	CA	
08cd4437-d649-ed11-bba1-000d3a314c24	1664	Hannah Ludlow	F	F30-34	64	13:44:04	1:28:54	0:07:25	7:02:39	0:06:38	4:58:29	USA	
0de508ed-54ef-f011-8407-6045bd09fcf5	1665	Matteo Puga	M	M18-24	160	13:44:08	1:32:31	0:05:35	7:07:43	0:07:00	4:51:20	CAN	
a0b21a2d-7029-44a7-b1c0-3315d41fd526	1666	Erin Pittman	F	F45-49	54	13:44:27	1:14:56	0:06:11	6:11:50	0:06:47	6:04:42	US	
1c4f94df-09e0-40c2-8a74-3f407aeef62e	1667	Gordon Mah	M	M55-59	91	13:44:29	1:53:42	0:08:08	5:54:36	0:06:59	5:41:04	CA	
59b54a00-db78-4a6d-bff0-5f4b81d90f69	1668	Jason Massie	M	M55-59	92	13:44:38	1:29:29	0:05:18	6:30:32	0:07:22	5:31:56	usa	
3c1e5c36-609e-f011-b41c-000d3a5b50ba	1669	Natalia Sitnikov	F	F35-39	35	13:44:39	1:22:35	0:10:17	7:10:34	0:09:32	4:51:41	USA	
77a1d01d-ddb1-47d0-97e9-c5dfaa6a813a	1670	Joseph King	M	M55-59	93	13:44:55	1:45:17	0:09:20	6:11:20	0:07:59	5:30:58	US	
790c488a-8bb7-46e7-acf5-1e45bc0a93ac	1671	Michael Monks	M	M35-39	157	13:45:27	1:26:48	0:14:30	6:32:17	0:12:40	5:19:13	CA	
35924d4e-b965-f011-bec3-000d3a5b50ba	1672	Simon Dauphinais	M	M45-49	125	13:45:37	1:33:51	0:08:33	6:08:14	0:08:44	5:46:14	CA	
01cfb441-569a-f011-b4cc-002248098cfa	1673	Christian Zarif	M	M35-39	158	13:45:43	1:26:14	0:16:03	7:14:45	0:16:01	4:32:41	CAN	
555d30b9-ad73-4d8f-b524-38f0add4162c	1674	Jared Smigal	M	M45-49	126	13:45:49	1:40:05	0:11:46	6:02:35	0:11:38	5:39:45	US	
c962f188-261d-415b-914d-7c59dd252411	1675	Dennis Kao	M	M45-49	127	13:46:05	1:36:37	0:07:48	5:59:07	0:08:45	5:53:48	US	
2706f025-a651-4d7e-bae6-86eecdce48e2	1676	Christopher Brown	M	M50-54	135	13:46:24	1:24:28	0:11:19	6:27:42	0:08:34	5:34:20	CA	
5d83a9d3-1217-4726-b471-417012cf89f9	1677	Patrick Lajoie	M	M55-59	94	13:46:30	1:34:40	0:06:38	5:46:43	0:06:28	6:12:01	CA	
82294eb1-6370-f011-bec3-000d3a5b50ba	1678	Antonina Pianykh	F	F35-39	36	13:46:31	1:21:28	0:08:10	7:02:06	0:08:16	5:06:31	CAN	
7ed45de2-6c42-4ac5-a6b5-dd23dd76b523	1679	Loren San Diego	F	F45-49	55	13:46:39	1:54:20	0:11:40	6:36:51	0:10:48	4:53:00	US	
1541892b-60cc-47d7-a644-07415eaadddd	1680	Isabelle Raymond	F	F40-44	38	13:46:39	1:34:48	0:10:42	6:27:26	0:13:01	5:20:43	CA	
0fcf59e1-129c-475f-a23a-23344c69480b	1681	Trisha Slater	F	F60-64	9	13:46:44	1:22:11	0:09:29	6:27:41	0:16:46	5:30:37	USA	
61227701-c400-ef11-a1fd-6045bd07328d	1682	Mark Allen	M	M50-54	136	13:47:11	1:35:53	0:07:08	6:01:37	0:08:27	5:54:06	CA	
f0103a60-7773-4dc5-a417-32b1f5534dfb	1683	Lindsay Rycroft	F	F40-44	39	13:47:14	1:18:47	0:07:58	6:49:55	0:11:17	5:19:18	CA	
d749a7ac-d303-4f33-b95d-2e2634b09d4d	1684	Collin Shaw	M	M45-49	128	13:47:25	1:32:44	0:12:18	6:32:00	0:14:24	5:15:59	CA	
6be6be1e-261d-4bb7-be78-4f4bc4395360	1685	Dora Tavel-Sanchez Luz	F	F50-54	53	13:47:27	1:34:59	0:05:48	6:31:41	0:05:52	5:29:07	US	
d0c259fb-8073-f011-bec3-000d3a3173b5	1686	Helen A. Harmer	F	F40-44	40	13:48:04	1:28:57	0:08:22	7:05:47	0:09:14	4:55:44	CA	
cd676a63-2473-4d77-a268-97dca1a85865	1687	Matthew Mcdevitt	M	M30-34	190	13:48:18	1:28:48	0:08:46	5:27:04	0:10:11	6:33:29	US	
9a29d0ff-bc9d-475c-b1f3-4bc2c2acd018	1688	William Stockwell	M	M55-59	95	13:48:19	1:53:39	0:13:53	6:18:57	0:16:59	5:04:52	US	
307cb0e7-b5b5-f011-bbd3-000d3a5b50ba	1689	Louis Laliberté	M	M18-24	161	13:48:28	1:40:47	0:07:48	6:35:03	0:14:49	5:10:02	CAN	
71fa5e84-a02e-ef11-840a-000d3a383830	1690	Guillaume Rivest	M	M25-29	217	13:48:59	1:28:24	0:11:32	6:34:15	0:10:22	5:24:26	CA	
02e092df-0d76-f011-b4cc-000d3a3173b5	1691	Jeremy Chappell	M	M50-54	137	13:49:04	1:33:44	0:09:25	6:50:08	0:08:44	5:07:03	GB	
3e8868f9-a159-ef11-a317-6045bd0953ac	1692	liza french	F	F45-49	56	13:49:06	1:22:37	0:09:02	6:40:54	0:08:56	5:27:37	GB	
39c66ab5-a5c1-49a5-a342-fc20760501b7	1693	Mike Rogers	M	M50-54	138	13:49:18	1:21:25	0:10:53	6:29:06	0:14:28	5:33:24	CA	
37dac898-40ef-4f5a-a79f-8f971de10e99	1694	Marie-Sophie Jobin	F	F45-49	57	13:49:28	1:36:35	0:10:46	6:31:08	0:10:29	5:20:31	CA	
d54443eb-f579-f011-b4cc-000d3a35ffc1	1695	Alexis St-Amour	M	M25-29	218	13:49:55	1:26:55	0:11:53	6:26:29	0:07:41	5:36:57	CA	
d1de4efd-d1d2-4131-8972-509b302df467	1696	Chris Kaczmar	M	M55-59	96	13:50:06	1:25:59	0:11:49	6:01:49	0:10:35	5:59:53	USA	
3d152da5-1b79-4877-a8ec-5f7abf90a0bc	1697	Cassandra Guelfi	F	F50-54	54	13:50:16	1:56:27	0:07:34	6:14:00	0:09:43	5:22:33	US	
eb61013d-2468-ee11-9ae7-000d3a314329	1698	David Nowak	M	M40-44	167	13:50:31	1:34:50	0:06:24	6:24:21	0:08:15	5:36:41	CA	
e27195d7-2610-454e-8e00-c910cf73fec9	1699	Jay Weber	M	M40-44	168	13:50:41	1:22:55	0:10:36	6:17:43	0:06:49	5:52:37	CA	
5b0040e9-504a-4a88-93ee-a3091c7ef5bf	1700	Stephanie Dunbar Cassese	F	F30-34	65	13:50:49	1:28:00	0:10:00	7:31:51	0:09:07	4:31:50	CA	
39dd766e-b25e-4f6c-b5fe-f1ce81820ed1	1701	Felix Rondeau	M	M30-34	191	13:50:58	1:18:31	0:08:41	5:56:28	0:07:44	6:19:34	CA	
958ab612-d63c-47f8-a18c-07bc506d1828	1702	Bram Navsaria	M	M18-24	162	13:50:58	1:36:51	0:07:24	5:40:46	0:06:36	6:19:21	US	
279d3175-f495-ef11-8a69-000d3a5a403c	1703	Brian Head	M	M45-49	129	13:51:37	1:23:50	0:09:52	6:38:40	0:15:32	5:23:44	CAN	
068bbfe6-fca8-f011-bbd3-000d3a5cf7d8	1704	Jonathan Martin	M	M50-54	139	13:51:39	1:32:38	0:12:59	6:07:35	0:12:34	5:45:53	USA	
335490d7-0e8b-4d9d-a8b1-4ccc1fc22cee	1705	John Dizon	M	M45-49	130	13:51:42	1:20:10	0:17:58	6:17:22	0:16:44	5:39:28	usa	
8f275b5c-3d8d-46ca-bdd8-92a0f16fca80	1706	Daniel Hight	M	M45-49	131	13:51:45	1:22:55	0:17:40	6:50:08	0:18:18	5:02:44	CA	
5eb31dc6-4e5d-4a93-969d-9aceab9cbfa0	1707	Christine Tremblay	F	F35-39	37	13:51:53	1:15:30	0:05:35	6:55:15	0:06:09	5:29:24	CAN	
3f7e2a50-ac73-f011-bec3-000d3a3173b5	1708	Owen Quick	M	M18-24	163	13:51:53	1:31:42	0:10:13	6:12:55	0:12:24	5:44:39	CA	
452bf676-c273-f011-bec2-0022480c097c	1709	Dave Wilson	M	M50-54	140	13:52:35	1:29:57	0:09:04	6:29:40	0:07:34	5:36:20	CA	
ade926d4-c9dc-f011-8543-6045bd05fcc1	1710	Taylor Yanagidaira	F	F18-24	27	13:52:53	1:22:12	0:08:27	6:52:14	0:16:35	5:13:24	CAN	
38c71ec6-3488-ef11-ac21-6045bd05c809	1711	Ellen Anderson	F	F25-29	76	13:52:54	1:27:51	0:05:33	7:09:50	0:05:08	5:04:32	US	
9fa9207e-d04f-f011-877a-000d3a5cf7d8	1712	Alexandre Castonguay	M	M18-24	164	13:53:20	1:34:39	0:06:45	7:00:20	0:08:45	5:02:51	CA	
5dd4d69c-3297-f011-b4cc-000d3a5b7c3b	1713	Colt Vanhouten	M	M18-24	165	13:53:24	1:13:24	0:09:41	6:39:49	0:09:12	5:41:19	US	
6998df8b-4958-ec11-8f8f-000d3a5cbbc1	1714	Mark Moeckel	M	M40-44	169	13:53:46	1:25:29	0:08:36	6:07:00	0:19:10	5:53:31	US	
900966fd-7f11-4acd-a71a-875b92605378	1715	Jonah Belle BURNS	F	F50-54	55	13:54:01	1:48:19	0:10:16	6:32:27	0:13:53	5:09:07	usa	
39f643f3-fa61-4cb9-9de8-b721b5d0074b	1716	Jack Lacey	M	M25-29	219	13:54:25	1:40:09	0:13:05	6:35:07	0:13:29	5:12:35	CA	
6feb4c26-bd24-4d5b-a759-1c1a344a1b4f	1717	Luca Rivera	M	M18-24	166	13:54:28	1:22:33	0:08:14	6:45:31	0:07:43	5:30:26	CA	
3a2826f1-70b3-f011-bbd3-000d3a5cf7d8	1718	James Napier	M	M18-24	167	13:54:31	1:38:44	0:15:33	7:02:41	0:10:30	4:47:02	GBR	
7c44b44c-e86f-f011-bec2-002248098cfa	1719	Danielle Hutcheson	F	F45-49	58	13:54:40	1:29:29	0:09:59	7:13:21	0:07:58	4:53:52	CA	
4f2247b1-b273-f011-bec3-6045bd09951e	1720	Karen Hoch	F	F55-59	20	13:54:48	1:35:27	0:13:44	7:23:21	0:13:33	4:28:43	US	
f21d9dd3-463d-4728-8231-00ecbbf9ca31	1721	Kyle Knudson	M	M25-29	220	13:54:51	1:28:51	0:13:26	6:43:44	0:13:35	5:15:15	CA	
87e6298f-0941-45e1-98c0-c83fda8cd422	1722	Matthew Apostolakos	M	M25-29	221	13:54:59	1:20:25	0:09:50	6:15:10	0:13:31	5:56:02	CA	
4654d47f-14e8-44fc-bc77-18b214da7d96	1723	Paul Marek	M	M55-59	97	13:55:00	1:33:30	0:07:30	6:10:20	0:07:44	5:55:56	US	
90e2d709-2890-4d14-a60a-71c316587a1d	1724	Loc Pham	M	M45-49	132	13:55:05	1:57:59	0:07:16	6:39:48	0:10:04	4:59:58	CA	
a6702c1f-726b-4b59-a05c-b8330f92fafd	1725	Nicole Noonan	F	F50-54	56	13:55:08	1:31:18	0:09:12	6:40:02	0:09:52	5:24:45	CA	
a1a86936-853c-4b80-b97c-e8997e8d76ff	1726	Abdalla Omar	M	M18-24	168	13:55:08	1:37:17	0:22:34	6:47:02	0:12:41	4:55:34	CA	
b2fd9617-1e7b-4e97-bf4e-87f0b3360649	1727	Todd Key	M	M55-59	98	13:55:17	1:23:39	0:07:05	6:13:07	0:06:16	6:05:10	usa	
12964751-da73-f011-bec3-6045bd05fcc1	1728	Michelle Dukowski	F	F40-44	41	13:55:24	1:29:53	0:10:11	7:02:06	0:12:05	5:01:08	CA	
fa925359-7247-4841-bec3-7b9529e1255a	1729	Wilson Lee	M	M45-49	133	13:55:33	1:41:15	0:11:53	6:36:00	0:04:59	5:21:26	CA	
c5e9a3ec-e904-4d50-9402-f54b12f5f2e1	1730	Jason Herbaugh	M	M40-44	170	13:55:38	1:39:38	0:08:19	5:57:23	0:08:01	6:02:17	usa	
e1f5ac33-4e54-41bb-b27f-a4d8bf2e29e4	1731	Jean-François LeMay	M	M55-59	99	13:55:39	1:08:55	0:09:35	6:39:55	0:11:55	5:45:18	CA	
2d6e5727-9092-44fe-91a6-59d3200363bf	1732	David Schwartz	M	M60-64	44	13:55:48	1:42:53	0:09:09	6:21:32	0:13:49	5:28:24	US	
ad52d81c-3c82-f011-b4cc-0022480c097c	1733	David Longfox	M	M60-64	45	13:55:49	1:27:50	0:12:48	6:52:11	0:08:40	5:14:21	US	
7ad9b23c-c598-f011-b4cc-000d3a3173b5	1734	Ahmed Madani	M	M18-24	169	13:55:50	1:35:24	0:04:25	6:38:23	0:06:11	5:31:27	CAN	
a801a9cf-f697-4fa2-b4e0-edec37b4ddf8	1735	Jonathan Szeto	M	M40-44	171	13:55:59	1:47:26	0:12:09	6:59:09	0:11:36	4:45:40	CA	
5fc58853-3c7b-410f-b090-73f5f90274e4	1736	Tim Manning	M	M40-44	172	13:56:20	1:41:40	0:06:38	6:29:12	0:07:09	5:31:41	CA	
82845eeb-c64a-4c87-bc17-d721c0b8700c	1737	Brad Mouser	M	M55-59	100	13:56:40	1:23:29	0:11:25	6:19:28	0:12:16	5:50:01	US	
6319c9fc-f4c6-ef11-b8e8-6045bd018d16	1738	John Blood	M	M40-44	173	13:56:45	1:12:49	0:06:52	6:10:26	0:18:19	6:08:20	USA	
70ffaee8-166e-43de-9659-0b5dde37af18	1739	Ryan August	M	M30-34	192	13:56:49	1:18:57	0:06:50	6:16:52	0:08:59	6:05:11	US	
18c6098f-b2a9-4d3e-9ea8-494d135d0afb	1740	Elizabeth Woodwell	F	F25-29	77	13:56:58	1:26:56	0:11:18	6:48:19	0:06:46	5:23:39	US	
390056fc-3b7a-4fe3-bef6-7df29c02aad8	1741	Krista Power	F	F50-54	57	13:57:03	1:20:12	0:09:24	6:26:31	0:11:38	5:49:18	CA	
efe7741f-0937-4f72-986b-380e75fd292b	1742	Christian Vitali	M	M25-29	222	13:57:23	1:41:45	0:14:42	6:22:50	0:13:26	5:24:39	CA	
42d7cea3-d27f-496d-a834-88af0ac966a8	1743	Stuart Ginn	M	M50-54	141	13:57:26	1:22:51	0:06:40	6:14:02	0:06:36	6:07:16	CAN	
60d74c1a-12f2-41e2-86b5-327c63f75615	1744	Bryan Terrio	M	M50-54	142	13:57:26	1:51:28	0:12:30	7:00:09	0:13:55	4:39:24	CA	
06bb1fd7-189c-4965-b0df-d68f1966cff9	1745	Craig Paterson	M	M35-39	159	13:57:44	1:33:01	0:08:21	6:59:57	0:08:29	5:07:55	CA	
3e227d75-2a3f-49dd-ac8e-01fce54f3ee9	1746	Audrey Belanger	F	F30-34	66	13:58:09	1:30:09	0:12:31	6:53:36	0:05:37	5:16:16	CA	
173d4092-7015-469a-8b1c-b3cb3173c0d2	1747	Robyn Macdonald	F	F50-54	58	13:58:10	1:23:43	0:07:49	7:12:14	0:08:06	5:06:18	can	
493feff1-00b7-4eae-bcee-70536243ec47	1748	Brennen Suni	M	M25-29	223	13:58:11	1:26:16	0:12:04	6:45:31	0:16:58	5:17:21	CA	
1dbdfb4a-5872-f011-bec2-0022480c097c	1749	Katie Noah	F	F30-34	67	13:58:14	1:16:09	0:11:51	7:10:10	0:12:08	5:07:56	CA	
89540f08-de95-4f6d-a09c-7146f8b64d19	1750	Jamison Hanzal	M	M40-44	174	13:58:28	1:31:34	0:15:15	7:04:41	0:08:01	4:58:57	CA	
4407c6bf-bb63-4533-bed5-f3a3c2167b97	1751	Laura Wilson	F	F35-39	38	13:58:30	1:40:31	0:14:34	7:11:36	0:14:44	4:37:05	CA	
9f44c91f-06b8-4a44-872d-450cf0ef3de6	1752	Kirby Mcburney	M	M55-59	101	13:58:43	1:27:47	0:12:06	6:35:00	0:11:58	5:31:53	CA	
1cc7b85c-15a1-ee11-be37-0022480acaa6	1753	Joe MacDonald	M	M60-64	46	13:58:44	1:23:23	0:12:24	6:47:16	0:08:51	5:26:50	US	
adf27b18-4826-f011-8c4e-000d3a3173b5	1754	Erin Mitchell	F	F18-24	28	13:59:43	1:17:16	0:05:19	6:32:06	0:05:47	5:59:16	CA	
0a5ebd86-afad-ef11-b8e8-6045bd018d16	1755	Douglas Killian	M	M50-54	143	13:59:57	1:34:47	0:09:38	6:28:32	0:10:24	5:36:36	US	
9616ace8-c0e6-f011-8544-000d3a5cf7d8	1756	Jody Nickerson	M	M50-54	144	13:59:58	2:13:46	0:18:31	5:57:34	0:18:14	5:11:55	CAN	
3c42150f-6bbf-475a-876a-b68b3b4fe939	1757	Frances Sherratt	F	F25-29	78	14:00:04	1:18:30	0:08:47	6:44:54	0:09:24	5:38:30	CA	
7b32d520-eb65-4ed1-8a6a-f6b1bc090b53	1758	Jennifer Denomy	F	F55-59	21	14:00:16	1:22:38	0:09:41	7:03:36	0:10:03	5:14:19	CA	
e9328bbe-f772-f011-bec3-000d3a5b50ba	1759	Mike Tabet	M	M25-29	224	14:00:19	1:18:33	0:13:27	7:01:45	0:13:12	5:13:22	CA	
ba402022-db8f-f011-b4cc-6045bd09951e	1760	Molly Venables	F	F25-29	79	14:00:21	1:21:21	0:18:04	6:55:26	0:12:00	5:13:31	CA	
841ed71d-70a9-f011-bbd3-000d3a5b7c3b	1761	Quayce Thomas	M	M30-34	193	14:00:30	1:33:10	0:09:58	6:43:37	0:10:14	5:23:31	CA	
1c6d9cfd-aa9f-f011-b41c-000d3a5b50ba	1762	Yevheniia Koval	F	F25-29	80	14:00:33	1:36:37	0:06:20	7:16:11	0:07:48	4:53:36	CA	
8aa77097-076d-41f1-b3dd-4bfc16a3dca3	1763	Mary Konsolaki	F	F65-69	2	14:01:08	1:37:32	0:18:13	6:24:55	0:13:44	5:26:44	USA	
2afcc758-0fb4-4389-8d9b-6106a9300beb	1764	Josee Adam	F	F50-54	59	14:01:09	1:31:15	0:09:35	6:48:14	0:08:18	5:23:46	CA	
7c177778-5b65-ef11-bfe3-00224809fd7c	1765	Nicole Grennier	F	F40-44	42	14:01:24	1:16:42	0:08:18	6:22:18	0:08:22	6:05:42	CA	
145017a5-52ed-454a-a78f-f4a486c98726	1766	Robert Dargue	M	M65-69	17	14:01:37	1:57:31	0:09:30	6:23:11	0:08:41	5:22:44	CA	
9b929f9c-33d8-f011-8543-000d3a5cbe50	1767	Marco De Freitas	M	M50-54	145	14:02:18	1:33:12	0:13:20	6:46:06	0:10:52	5:18:49	USA	
8eb271ea-25aa-4192-a819-299f4d7be73f	1768	Puneet Batra	M	M45-49	134	14:02:45	1:35:14	0:14:48	6:40:19	0:16:55	5:15:28	IN	
6375204f-7c48-f011-877a-000d3a5cf7d8	1769	Petro Giannarakis	M	M25-29	225	14:03:05	1:16:53	0:15:51	6:38:05	0:12:32	5:39:44	CAN	
b1d6df8c-a222-41ed-b06e-f6a2798ad2a4	1770	Pierre Lamarche	M	M60-64	47	14:03:09	1:23:24	0:09:15	5:39:26	0:08:04	6:43:01	CA	
1bcfd6b4-d715-456c-b9f4-ce831ab1c224	1771	Kyle Kiffer	M	M35-39	160	14:03:24	1:17:38	0:11:59	6:26:42	0:12:14	5:54:52	US	
42b3d9b7-9239-4ad6-911c-7410cc6ef759	1772	Katelyn Wilson	F	F35-39	39	14:03:46	1:21:54	0:07:53	6:20:48	0:09:05	6:04:07	CA	
2b7e7695-b28a-4902-af42-3f3774c5fe1e	1773	Renee Alderman	F	F50-54	60	14:03:54	2:04:53	0:06:29	6:12:23	0:07:06	5:33:04	US	
ea66a8f9-b0e0-4344-8353-a5256f1c54ae	1774	Geneviève Méthot	F	F45-49	59	14:03:59	1:32:27	0:06:44	6:42:35	0:10:30	5:31:43	CAN	
97f05e33-ee01-4ae4-895f-e071b13bad0d	1775	Kris Jacek	M	M45-49	135	14:04:10	1:27:41	0:08:56	6:22:24	0:13:11	5:51:57	CA	
e2d0b136-3c34-4f75-979b-2f3ad5cd6abe	1776	Julie Willin	F	F40-44	43	14:05:08	1:22:16	0:08:16	6:55:47	0:07:33	5:31:16	US	
705bf797-b182-4120-937b-9bee9880f783	1777	Aliesha Jeffery	F	F60-64	10	14:05:25	1:35:09	0:06:43	6:07:00	0:06:13	6:10:20	can	
6323ce19-5c3e-4280-a59d-51ca5e4c38ba	1778	Chris Edwards	F	F35-39	40	14:05:30	1:16:54	0:09:45	6:33:32	0:07:19	5:58:00	can	
634824da-787f-f011-b4cc-002248098cfa	1779	Karli Voskamp	F	F30-34	68	14:06:01	1:26:20	0:08:44	7:45:57	0:09:51	4:35:09	CA	
8dadc543-bafc-ee11-a1fe-6045bd07b725	1780	Laura BERRY	F	F18-24	29	14:06:08	1:26:59	0:09:25	6:59:38	0:07:50	5:22:15	can	
81a60577-859c-477c-a412-2e0f9afbb9bf	1781	Alberto Baladad	M	M60-64	48	14:06:41	1:36:08	0:10:55	6:18:28	0:06:47	5:54:23	CA	
add1db66-c68e-f011-b4cc-6045bd05f634	1782	Benjamin Fretz	M	M18-24	170	14:07:08	1:23:08	0:13:44	5:53:59	0:15:07	6:21:10	CA	
fece14b1-2847-4885-a0ab-d38252717df2	1783	Marc Sibal	M	M30-34	194	14:07:09	1:40:59	0:10:41	6:16:01	0:18:14	5:41:15	CA	
2fb74cf6-7551-40e4-bd7e-e4111de6ad15	1784	Brendan Charles	M	M40-44	175	14:07:14	1:46:53	0:09:16	6:57:54	0:09:05	5:04:06	CA	
5c8123e6-e135-f011-8c4e-0022480a7385	1785	Liam Jackson	M	M18-24	171	14:07:27	2:00:03	0:07:12	6:35:20	0:08:17	5:16:35	CA	
e7022e33-ec38-ef11-8409-6045bd0953ac	1786	Lauren Thies	F	F25-29	81	14:07:49	1:20:11	0:09:21	6:47:57	0:07:53	5:42:27	CA	
e3c4b31f-2cb5-f011-bbd3-6045bd05f634	1787	Kyle Higgins	M	M25-29	226	14:07:52	1:23:45	0:11:35	6:23:08	0:11:53	5:57:32	USA	
ca841adf-b42e-ef11-840a-000d3a367177	1788	My-An Auprix	F	F30-34	69	14:07:55	1:47:05	0:10:08	6:12:10	0:09:45	5:48:48	CA	
0d347d5a-0a7e-f011-b4cc-000d3a5b50ba	1789	Caitlin Williams	F	F40-44	44	14:08:14	1:39:17	0:10:14	7:25:55	0:10:20	4:42:29	CAN	
2578b76b-52d4-eb11-bacc-000d3a377bdb	1790	Tim Poeschl	M	M50-54	146	14:08:15	1:29:30	0:12:23	5:49:24	0:11:51	6:25:06	US	
856860d8-5b65-4bce-ac16-18d8f17d2ea4	1791	Thomas Laidman	M	M45-49	136	14:08:18	1:20:08	0:10:51	6:06:43	0:12:51	6:17:45	CA	
043338e7-8332-4955-b854-6a4e652b09df	1792	Niki Fitzgerald	F	F50-54	61	14:08:18	1:37:59	0:12:05	7:00:18	0:13:54	5:04:02	CA	
db33b92c-60f7-49f4-a8b1-7f364ae80a3c	1793	Harshal Vijapura	M	M30-34	195	14:08:40	1:22:52	0:05:02	7:21:15	0:07:28	5:12:02	GB	
be1fc65e-e940-f011-b4cb-6045bd05fcc1	1794	Zach McKeown	M	M35-39	161	14:09:15	1:20:27	0:11:34	7:01:06	0:16:44	5:19:26	CA	
4fdaf9ea-3c32-ef11-840a-00224809fd7c	1795	Alex Ouellet	M	M18-24	172	14:09:40	1:24:26	0:16:19	6:26:45	0:17:47	5:44:23	CA	
7f50c669-3a24-4385-b280-2d7c6bc066f8	1796	Tracy Fernandes	F	F55-59	22	14:09:53	1:36:33	0:11:06	6:52:56	0:09:16	5:20:02	CA	
76daa19a-6172-f011-bec3-6045bd09951e	1797	Michel Alejandro Cristerna Ruiz	M	M30-34	196	14:09:55	1:43:38	0:09:55	6:57:51	0:09:48	5:08:43	CA	
e7c5a171-2168-4bda-a6c8-29bf80790f2d	1798	Wendy Woods	F	F60-64	11	14:10:05	1:52:54	0:06:57	6:04:20	0:05:05	6:00:49	CA	
fd1526f3-bda1-47c2-b1c5-28ce8bc9cca4	1799	Dave Howlett	M	M65-69	18	14:10:34	1:20:06	0:10:52	6:50:54	0:10:16	5:38:26	CA	
ed4fd057-1499-ef11-8a6a-6045bd048089	1800	Jaekwang Kim	M	M40-44	176	14:10:37	1:23:23	0:10:35	6:30:14	0:08:34	5:57:51	CAN	
8c811007-dc70-48e4-8b53-4f1071d72678	1801	Jarret Clark	M	M35-39	162	14:10:37	1:22:19	0:12:37	7:02:39	0:12:05	5:20:56	USA	
7bc56688-4e71-f011-bec3-000d3a5b50ba	1802	Sarah Roberts	F	F45-49	60	14:10:39	1:19:26	0:07:51	6:42:55	0:11:43	5:48:44	CA	
02941967-78b9-4ffa-bfd9-cd6108a0bb12	1803	Jennifer Urbaniak	F	F35-39	41	14:10:48	1:22:19	0:07:06	6:35:53	0:07:40	5:57:50	usa	
bd167cfc-a181-4922-98d0-1d28ceebb4f7	1804	Catherine Marsden	F	F60-64	12	14:11:13	1:38:58	0:10:10	6:49:12	0:08:58	5:23:55	US	
432d8317-2858-f011-877a-000d3a5b7c3b	1805	Walter Gannon	M	M55-59	102	14:11:27	1:38:59	0:10:26	6:20:45	0:09:40	5:51:37	USA	
a0b141f9-fb27-ee11-9966-000d3a31458d	1806	Nancy Kaplan	F	F65-69	3	14:11:30	1:27:43	0:10:50	6:49:43	0:12:14	5:31:00	US	
0ff0d2c2-2085-f011-b4cc-000d3a5cf7d8	1807	Mark Trotter	M	M50-54	147	14:11:32	1:56:33	0:13:23	6:27:46	0:15:07	5:18:44	CA	
93ed1865-ee72-f011-bec3-6045bd09951e	1808	Quinleigh Bond	F	F35-39	42	14:11:39	1:28:18	0:11:47	7:04:58	0:14:12	5:12:23	CA	
13d33dcf-827d-4a4b-a1fc-9246cc3c405c	1809	Brady Vincent	M	M40-44	177	14:11:54	1:28:14	0:10:48	6:19:31	0:15:24	5:57:57	CA	
00022920-807e-485d-9427-cbe6e9467230	1810	Christine Ondro	F	F45-49	61	14:12:16	1:41:17	0:11:39	6:31:26	0:09:09	5:38:45	CA	
e1e0c089-c40a-43d9-b5cf-145b1c5b0ca3	1811	Michael Liou	M	M60-64	49	14:12:19	1:26:17	0:11:38	6:23:32	0:13:37	5:57:15	US	
a471b953-2b21-ef11-840b-002248044460	1812	Caitlin Preston	F	F35-39	43	14:12:21	1:37:14	0:15:20	6:54:36	0:12:13	5:12:58	CAN	
3a57d21a-013d-43fe-83e8-05b08c6cbcfd	1813	Anne-Marie Hurteau	F	F40-44	45	14:12:24	1:32:01	0:14:12	7:00:29	0:10:42	5:14:59	CAN	
26fb6d03-560b-4db6-b3c8-ce084a2ae532	1814	Martin Beaucage	M	M45-49	137	14:12:44	1:28:39	0:08:39	6:23:51	0:15:54	5:55:40	CA	
07c95736-3f88-46e5-91c9-a56c3cea592a	1815	Mathieu Payette-Prévost	M	M30-34	197	14:12:46	1:21:25	0:11:59	6:41:07	0:11:59	5:46:16	CA	
c5da9836-f2c2-ef11-b8e8-000d3a5a403c	1816	Adam Proulx	M	M25-29	227	14:13:26	1:18:33	0:10:59	7:12:03	0:10:16	5:21:35	CA	
8b7ecb1d-d8e1-4053-94c0-d460d7ff20ee	1817	Ian Sutherland	M	M50-54	148	14:13:31	1:28:16	0:17:22	6:33:14	0:19:15	5:35:24	CA	
9408a802-a004-4737-a8b4-071f962ac9c9	1818	Eric Patry	M	M60-64	50	14:13:51	1:25:59	0:20:07	6:23:26	0:20:31	5:43:48	CA	
06067ded-199f-487f-9b44-a914c228a86c	1819	David Boyette	M	M60-64	51	14:13:57	1:20:53	0:15:42	6:45:59	0:09:38	5:41:45	usa	
65578f8f-8a60-4521-8d8a-0a0d6e0e67a8	1820	Andre Lafreniere	M	M35-39	163	14:14:04	1:46:54	0:11:22	6:44:27	0:13:47	5:17:34	CA	
6c99f094-7466-ef11-bfe3-000d3a367177	1821	Presley Moyer Hall	M	M18-24	173	14:15:09	1:20:48	0:08:07	7:05:03	0:08:09	5:33:01	CA	
9fc85a40-b173-f011-bec3-000d3a35ffc1	1822	Claude Hamel	M	M35-39	164	14:15:18	1:55:52	0:11:08	6:40:34	0:14:15	5:13:29	CA	
28e1a878-8caa-f011-bbd3-000d3a5c3d6c	1823	Clara BALANDREAUD	F	F30-34	70	14:15:25	1:17:50	0:11:40	7:33:26	0:08:07	5:04:21	can	
63702433-4b3a-4698-965c-2f8f037e247f	1824	Jose Gonzalez	M	M50-54	149	14:15:44	1:44:29	0:09:02	6:38:56	0:11:33	5:31:45	usa	
b0414c38-d1bb-f011-bbd2-000d3a5b7c3b	1825	Angelo Ghantous	M	M30-34	198	14:15:51	1:40:09	0:09:47	6:53:39	0:10:39	5:21:36	CAN	
984c27fb-92f2-4961-844d-282678d9cdc3	1826	Mia Sams	F	F25-29	82	14:15:58	1:46:21	0:07:05	6:54:13	0:08:39	5:19:40	CA	
648c8ee1-a105-ef11-9f89-000d3a59e106	1827	Cassiane Goulet	F	F18-24	30	14:16:06	1:26:27	0:06:49	7:23:11	0:07:50	5:11:49	CA	
b5bfd2ef-9c63-ee11-be6e-000d3a314329	1828	ernest chuang	M	M25-29	228	14:16:22	1:33:14	0:13:16	6:43:47	0:12:08	5:33:57	CA	
d5ebc072-f316-4a3b-b531-5e2d8d57bcf1	1829	Mark Terrado	M	M50-54	150	14:16:29	1:48:00	0:07:10	6:26:48	0:13:10	5:41:22	CA	
b2e3f27b-66ea-40f1-8fbe-d1684aa6b499	1830	Laurent Matic	M	M50-54	151	14:16:51	1:29:27	0:16:32	6:48:38	0:08:02	5:34:12	CA	
80673e94-6fff-ee11-a1fe-6045bd0158c4	1831	Sean Flynn	M	M50-54	152	14:17:10	1:45:39	0:22:59	6:27:59	0:19:16	5:21:17	CA	
f152810b-5ee2-4190-b590-7491b1ad89a5	1832	Héloïse Paradis	F	F25-29	83	14:17:17	1:32:30	0:10:30	7:16:21	0:08:25	5:09:32	CA	
eb98e30e-4d7f-4114-8338-0a8639d21502	1833	Kristin Zeidler	F	F60-64	13	14:17:53	1:34:26	0:10:58	6:54:07	0:12:11	5:26:12	CA	
d394a678-56da-433e-8b1b-5007546e85ec	1834	Jean-Philippe Leblanc	M	M65-69	19	14:17:55	1:23:02	0:09:20	6:41:00	0:10:07	5:54:27	can	
33586108-b372-4b87-bf57-0d8d03b74141	1835	Carrera Caldwell	F	F25-29	84	14:18:21	1:23:49	0:07:10	6:35:04	0:07:14	6:05:03	CA	
4f1770aa-ac73-f011-bec3-000d3a3173b5	1836	Thomas Bourgault	M	M30-34	199	14:18:23	1:20:30	0:09:46	7:15:04	0:14:15	5:18:48	CA	
5d2bda87-3869-ef11-bfe3-000d3a367177	1837	JEFFREY GORDON	M	M40-44	178	14:19:00	1:38:36	0:11:02	7:20:46	0:12:17	4:56:19	CA	
6d4b432e-5583-ef11-ac21-000d3a5a1803	1838	Daniel Churchill	M	M50-54	153	14:19:09	1:25:16	0:15:34	6:10:34	0:15:27	6:12:18	CA	
5c08ca34-16bc-4e6b-ad1d-2ff7d288fe9e	1839	Brian Dunn	M	M50-54	154	14:19:10	1:27:16	0:25:23	7:17:55	0:15:23	4:53:13	US	
70429256-e80a-4db9-b647-c1962f8ba93f	1840	Jonathan Mcstay	M	M35-39	165	14:19:46	1:41:13	0:07:22	7:00:38	0:09:00	5:21:34	CA	
98eb49e7-8eba-46e4-a75e-bb670192d6d7	1841	John Weiman	M	M65-69	20	14:20:20	1:32:17	0:14:26	6:55:23	0:12:12	5:26:01	CA	
de25f664-1af2-f011-8407-0022480c097c	1842	Andrew Shaw	M	M35-39	166	14:20:29	1:51:07	0:09:41	6:57:34	0:09:54	5:12:14	CAN	
c8697f4f-3ead-f011-bbd3-000d3a5b50ba	1843	Kaitlyn Barlow	F	F25-29	85	14:20:37	1:36:33	0:05:27	6:38:28	0:08:15	5:51:53	US	
0b766ede-468b-ef11-ac21-000d3a5a1803	1844	Jessie Hall	F	F30-34	71	14:21:18	1:24:22	0:08:47	6:40:29	0:09:07	5:58:33	CA	
450ea1b5-62aa-f011-bbd3-0022480c097c	1845	Jeremy Close	M	M18-24	174	14:21:26	1:29:45	0:04:18	6:43:19	0:12:07	5:51:57	CA	
cae0f10c-d9bd-49fb-8724-84ce2a1ea697	1846	Brian Wiersma	M	M65-69	21	14:21:27	1:37:50	0:11:03	6:15:22	0:17:40	5:59:32	US	
859f0b42-8d99-4d48-b47a-fb27909297a0	1847	Mike Hanson	M	M55-59	103	14:21:40	1:22:05	0:10:34	6:02:07	0:13:34	6:33:20	US	
84d28579-b9c3-f011-bbd2-6045bd00e25d	1848	Kylee Hill	F	F25-29	86	14:21:46	1:34:13	0:13:14	7:20:10	0:11:38	5:02:31	USA	
9d6f7ebd-f6d2-4530-bf8d-a32af31f2b09	1849	Jill Livingston	F	F55-59	23	14:21:49	1:12:22	0:07:56	7:03:53	0:12:01	5:45:37	US	
86e03f7d-8377-f011-b4cc-000d3a5b50ba	1850	Jennifer Levenick	F	F50-54	62	14:21:51	1:36:58	0:13:35	6:48:51	0:12:30	5:29:57	CAN	
7ef6b2f1-0fe7-4f4d-92d1-d4f159c4506e	1851	Andre Golemiec	M	M65-69	22	14:21:54	1:05:59	0:05:55	6:10:36	0:05:56	6:53:27	CAN	
71b1294a-ecdc-ef11-8eea-002248049fdc	1852	Ryan Antle	M	M35-39	167	14:22:14	1:12:52	0:05:39	7:01:09	0:09:09	5:53:25	CA	
fba46c1f-226c-f011-bec3-6045bd05fcc1	1853	Travis Cullen	M	M35-39	168	14:22:29	1:28:22	0:13:45	6:51:19	0:14:10	5:34:53	CA	
d263f2b1-c607-f111-8406-0022480b84a3	1854	Jackson Gaffney	M	M25-29	229	14:22:37	1:34:54	0:12:29	7:28:54	0:09:04	4:57:17	USA	
c8089c77-d2c7-f011-bbd3-000d3a5cf7d8	1855	Krish Patel	M	M18-24	175	14:23:11	1:21:54	0:10:12	6:46:47	0:06:44	5:57:34	CAN	
919f6304-c1ba-f011-bbd3-000d3a3173b5	1856	Grant Thies	M	M55-59	104	14:23:14	1:28:44	0:13:34	6:47:25	0:13:24	5:40:07	CAN	
1729c3fb-de72-f011-bec3-000d3a35ffc1	1857	Amanda Domville	F	F30-34	72	14:23:40	1:38:48	0:09:50	6:42:05	0:10:53	5:42:04	CAN	
51b9ab7b-9aff-4cc8-8289-319e00022b0f	1858	Joseph Balbona	M	M50-54	155	14:23:57	1:30:15	0:13:39	7:10:17	0:16:49	5:12:57	CA	
57a61365-db20-488e-a1e6-4848344b60df	1859	Anthony North	M	M60-64	52	14:24:06	1:37:15	0:11:12	6:58:52	0:11:43	5:25:04	Canada	
1bd2221d-f36f-4f0a-a730-d647c38e8b61	1860	Danny Wong	M	M40-44	179	14:24:32	1:32:46	0:14:26	7:26:39	0:18:02	4:52:39	CA	
e49c187d-51e9-4847-b06c-0224f200d8ad	1861	Bruno Lafreniere	M	M65-69	23	14:24:33	2:13:43	0:06:48	6:52:03	0:06:39	5:05:20	CA	
d5bab3d0-de9a-f011-b4cc-000d3a5b7c3b	1862	Josh Kral	M	M25-29	230	14:24:40	1:49:29	0:14:13	7:21:52	0:23:20	4:35:46	CA	
b7b746a1-13b7-48af-b10f-e614342fab28	1863	Brad Ellis	M	M55-59	105	14:24:56	1:29:09	0:11:41	5:34:25	0:09:19	7:00:22	USA	
e526d20f-f2a5-f011-bbd3-6045bd05f634	1864	Jim Erbland	M	M40-44	180	14:24:56	1:30:21	0:07:35	7:10:15	0:12:03	5:24:40	USA	
53989da0-7554-f011-877b-000d3a5cf7d8	1865	Chance MacGregor	M	M25-29	231	14:24:56	1:24:21	0:20:27	6:29:11	0:12:16	5:58:41	CA	
5cfa466a-a37d-ef11-ac21-6045bd05c809	1866	Jayden Spencer	M	M18-24	176	14:24:57	1:37:26	0:12:01	6:34:53	0:16:33	5:44:05	CA	
6bda9991-2702-f111-8406-002248046451	1867	Ethan Belo	M	M18-24	177	14:25:04	1:34:19	0:11:52	7:18:01	0:10:36	5:10:16	CAN	
9ea8919e-bb78-f011-b4cc-000d3a35ffc1	1868	Marc Denault	M	M18-24	178	14:25:11	1:49:34	0:11:32	6:16:22	0:16:28	5:51:16	CA	
60d4f4db-54fb-4270-8586-821ddd8c22e6	1869	Rosby Ablang	M	M45-49	138	14:25:36	1:48:02	0:07:57	7:04:23	0:07:27	5:17:46	CA	
9fa86414-43ed-ef11-9342-000d3a5ae96c	1870	Evan Pero	M	M18-24	179	14:25:47	1:33:55	0:14:55	6:59:53	0:12:54	5:24:10	US	
499c3a49-602d-f011-8c4d-000d3a5cf7d8	1871	正己 稲岡	M	M75-79	1	14:25:53	1:41:18	0:15:34	6:17:26	0:12:25	5:59:10	JP	
2bb5ed2f-d35a-f011-bec2-000d3a35ffc1	1872	John Phillip Virgo	M	M25-29	232	14:25:59	1:31:54	0:08:05	6:40:01	0:08:29	5:57:30	CA	
82371fbb-1d10-4d77-87ac-6070544ec039	1873	Sean Welch	M	M50-54	156	14:26:01	1:46:50	0:11:19	6:34:11	0:14:02	5:39:38	USA	
d2d449d4-8b8a-ef11-ac21-000d3a5a1803	1874	Chloé Dionne	F	F18-24	31	14:26:02	1:36:40	0:11:32	7:19:45	0:11:19	5:06:46	CA	
19e62934-9a11-48db-b480-ead12902d924	1875	Bill Fallisi	M	M60-64	53	14:26:17	1:20:25	0:08:41	6:36:55	0:12:59	6:07:17	US	
e55da0ff-665b-4eea-ae2f-c032dfb33a6c	1876	Zhuo Lin(Allen) Chen	M	M40-44	181	14:26:20	1:32:59	0:13:54	6:54:57	0:19:03	5:25:27	CA	
67856792-54dd-f011-8544-000d3a5cf7d8	1877	Daniel Clarke	M	M25-29	233	14:26:20	1:01:04	0:05:07	6:20:26	0:04:00	6:55:43	CAN	
89712b11-d04d-4334-a4d2-021408091c23	1878	John Boudreau	M	M40-44	182	14:26:21	1:23:46	0:09:28	6:42:09	0:09:41	6:01:17	CAN	
96009de6-9426-4f43-acff-3d5a453e66cc	1879	Mike Hetherington	M	M50-54	157	14:26:26	1:51:16	0:09:07	7:01:26	0:06:42	5:17:54	CA	
e204248e-8492-ef11-ac21-6045bd048089	1880	Julia Irwin	F	F30-34	73	14:26:35	1:28:34	0:09:46	6:50:38	0:12:58	5:44:39	CA	
fc10d093-5fc9-f011-bbd3-000d3a5b7c3b	1881	Mathis Higgins	M	M18-24	180	14:26:37	1:57:50	0:05:34	6:33:50	0:07:39	5:41:44	CAN	
cba0bdc3-30cb-4ffb-adbd-8b56ca335611	1882	Borris Verdan	M	M50-54	158	14:26:41	1:34:11	0:16:02	6:57:44	0:09:55	5:28:48	CA	
7521e922-c386-f011-b4cc-000d3a5cf7d8	1883	Sean Thornton	M	M30-34	200	14:27:02	1:32:04	0:08:31	6:50:00	0:08:31	5:47:56	CA	
bb2ec90a-a8ac-45ec-b844-0589fb842171	1884	Derek Bushey	M	M40-44	183	14:27:12	1:24:26	0:07:55	6:19:13	0:09:23	6:26:15	US	
f6d4659d-6bd0-f011-bbd3-6045bd05fcc1	1885	Becca Kim	F	F25-29	87	14:27:13	1:39:32	0:10:50	7:00:42	0:06:08	5:30:01	CAN	
93d5388a-d550-4fb7-ad96-7db1e8bd53ce	1886	Andy Comstock	M	M60-64	54	14:27:35	1:22:33	0:09:05	6:25:08	0:13:20	6:17:28	CA	
8fb66226-e672-f011-bec2-0022480c097c	1887	Emily Dominey	F	F35-39	44	14:27:41	1:29:14	0:09:52	7:11:38	0:12:57	5:24:00	CA	
e0701d17-53a1-4879-9609-a8bd7a43e5b1	1888	Patricia Clifford	F	F65-69	4	14:27:51	1:21:31	0:08:32	6:27:22	0:09:55	6:20:30	usa	
009d1f51-c486-42b5-9ce0-3a82f3f48944	1889	Sung-Chi Wu	M	M18-24	181	14:28:03	1:22:30	0:13:22	6:44:42	0:16:38	5:50:51	CA	
7f908d4b-ad31-4ef2-ab83-e0c52778acc1	1890	James Rolfe	M	M50-54	159	14:28:17	1:27:22	0:07:05	6:02:57	0:08:16	6:42:37	GB	
e50f7f61-1bfb-4204-a329-ab307602f8bf	1891	Steve Ross	M	M55-59	106	14:28:25	1:13:44	0:11:28	6:51:23	0:12:30	5:59:20	CA	
f97b10b3-5dc2-f011-bbd2-000d3a5b7c3b	1892	Elyse Aucoin	F	F30-34	74	14:28:47	1:23:50	0:07:24	7:15:27	0:08:57	5:33:09	CAN	
70221d1a-d9ef-f011-8407-00224805e61c	1893	Stefan Boron	M	M30-34	201	14:29:06	1:16:04	0:13:07	6:45:50	0:07:28	6:06:38	CAN	
c8a597df-5afe-496b-9af9-ed882b72962b	1894	Caitlin TAM	F	F30-34	75	14:29:08	1:40:04	0:07:38	7:37:19	0:09:33	4:54:35	can	
f1df435e-8668-ef11-bfe3-00224808301f	1895	Antonio Dias	M	M45-49	139	14:29:41	1:28:44	0:11:30	6:57:13	0:18:12	5:34:02	CA	
c86a50a8-3deb-f011-8406-7ced8d3c43b2	1896	Matthew Schuetz	M	M25-29	234	14:29:41	1:10:21	0:16:45	6:28:24	0:12:01	6:22:09	USA	
df9dbe12-7c2f-ed11-9db1-000d3a359220	1897	Hannah May Schuetz	F	F25-29	88	14:29:41	1:10:21	0:16:46	6:28:24	0:12:00	6:22:10	US	
33c14199-f74a-4fe1-b727-ee83a46da664	1898	Adel Ratansi	M	M35-39	169	14:29:50	1:43:14	0:13:42	7:11:15	0:14:22	5:07:16	CA	
b550b195-d901-4fb8-b0b2-b00c500ae287	1899	Jean-Philippe Fortin	M	M45-49	140	14:29:51	1:33:59	0:08:55	6:27:24	0:14:28	6:05:05	CA	
d6321ab9-b438-4089-8bdf-d25e8952001f	1900	Emily Bruno	F	F45-49	62	14:30:09	1:39:38	0:07:37	6:30:17	0:11:49	6:00:47	US	
edb3528c-0396-49b8-820a-f4ea751abd74	1901	Barbara Beller	F	F60-64	14	14:30:30	1:48:32	0:12:05	6:41:54	0:09:42	5:38:17	CA	
ee5fe4d3-ed58-42de-bdf1-389e3c5eb4cc	1902	Scott Daniels	M	M50-54	160	14:31:00	1:31:17	0:04:57	6:14:12	0:08:20	6:32:15	US	
3d2ea2d3-afe1-f011-8543-000d3a5b5fc7	1903	Doug Parmiter	M	M35-39	170	14:31:05	1:17:33	0:07:47	6:01:31	0:12:06	6:52:07	CAN	
e5ae5543-99b3-470c-bc4e-735d57e284a2	1904	Wendy Galloway	F	F45-49	63	14:31:16	1:32:57	0:07:20	6:50:11	0:09:12	5:51:34	CA	
6a0fa40d-cebb-f011-bbd2-000d3a5b7c3b	1905	Allatt Summers	M	M30-34	202	14:31:18	1:41:58	0:08:56	6:35:54	0:12:51	5:51:40	GBR	
98cfb4dc-7bee-44a1-88c3-cb9d090a1e69	1906	Marvin Dancel	M	M45-49	141	14:31:24	1:27:50	0:08:12	6:51:18	0:12:47	5:51:17	US	
164abcd6-b62d-4cc9-9135-11c69f497308	1907	Kosuke Ito	M	M50-54	161	14:31:57	1:22:08	0:17:13	6:41:01	0:10:44	6:00:51	US	
3618c9a8-a310-4a53-81d9-7e81807a1cb4	1908	Pierre M Lacoste	M	M65-69	24	14:32:00	1:47:26	0:15:13	6:39:33	0:16:19	5:33:30	CA	
8e94a873-c931-4136-b2a2-ee7b4ae243e2	1909	Jim Malekos	M	M70-74	3	14:32:07	1:20:07	0:10:09	6:20:44	0:07:55	6:33:12	CA	
5af34aaa-e6ae-42d7-a407-5e7f5a0866bb	1910	Dave Thouin	M	M30-34	203	14:32:08	1:38:13	0:11:42	6:50:11	0:16:11	5:35:51	CA	
b4a5a8e3-7be3-4232-a727-9a6c6c6b4317	1911	John Fregonas	M	M55-59	107	14:32:11	1:43:56	0:09:01	6:31:31	0:13:01	5:54:41	CA	
c5fada6e-d4cf-47d7-a012-13b80b0a7761	1912	Tammie Wright	F	F55-59	24	14:32:47	2:16:44	0:11:15	6:26:29	0:12:21	5:25:58	US	
e5a9c625-9ab0-4687-9dd7-9ccc7710e747	1913	Rafael Arns Lessa	M	M45-49	142	14:33:07	1:42:31	0:10:15	6:34:30	0:08:58	5:56:53	CA	
9098e0b7-fbfc-ee11-a1ff-000d3a314d17	1914	Eric Boucher	M	M50-54	162	14:33:34	1:34:56	0:22:05	6:54:58	0:16:38	5:24:57	CA	
c9a54e96-298f-f011-b4cc-000d3a3173b5	1915	Benjamin Weiman	M	M18-24	182	14:34:10	1:30:41	0:05:55	6:20:44	0:09:22	6:27:28	USA	
23b14c52-3372-ef11-a670-0022480ac0a9	1916	Julia O'Loughlin	F	F25-29	89	14:34:16	1:29:11	0:10:51	7:49:36	0:10:01	4:54:38	USA	
f5e500be-94b5-f011-bbd3-000d3a5b7c3b	1917	Ariane Lessard	F	F35-39	45	14:34:30	1:34:00	0:10:29	6:41:36	0:19:37	5:48:48	CAN	
b5fc71e1-31e2-ee11-904d-6045bd0158c4	1918	Guilherme Brondi	M	M40-44	184	14:34:46	1:26:23	0:11:22	6:59:30	0:13:19	5:44:11	CA	
57cb082d-5008-f011-bae2-000d3a35ffc1	1919	Savannah Ottley	F	F18-24	32	14:35:19	1:41:06	0:07:25	7:33:36	0:08:31	5:04:40	US	
e3723b46-0ce2-46f0-8e2b-ed888389d70d	1920	James Cook	M	M55-59	108	14:35:22	1:32:12	0:09:27	6:04:19	0:08:53	6:40:31	US	
54ad1662-f59a-f011-b41b-000d3a5cc053	1921	Jacob Dugas	M	M18-24	183	14:35:26	1:24:42	0:07:28	6:53:24	0:14:35	5:55:16	CAN	
cf90ac6a-e94d-4f6a-9e2a-ae64f758ec9f	1922	Mars Nienhuis	F	F30-34	76	14:35:48	1:07:05	0:09:08	6:45:31	0:12:21	6:21:43	CAN	
ff66fcf0-c970-f011-b4cc-6045bd05f634	1923	Josh Robins	M	M25-29	235	14:35:51	1:30:01	0:11:33	7:07:44	0:07:33	5:38:59	CA	
8558a114-6770-4caf-9764-c0440a79f1d2	1924	Danielle Dube	F	F50-54	63	14:36:59	1:37:45	0:12:09	6:16:06	0:14:58	6:16:01	CA	
3becbc72-c458-f011-877b-000d3a35ffc1	1925	Austin Seibert	M	M30-34	204	14:37:08	1:21:29	0:11:59	6:46:40	0:08:50	6:08:09	USA	
28307fa6-6e90-4d14-aff8-596ce55d01a7	1926	Yosuke Ishida	M	M35-39	171	14:37:23	1:36:32	0:10:55	6:42:10	0:13:06	5:54:39	JP	
74f57d9f-7804-f111-8406-0022480b84a3	1927	Nick Gandotra	M	M30-34	205	14:37:34	1:34:50	0:21:28	7:08:05	0:18:19	5:14:52	CAN	
18e1e684-71f8-4f27-ac3b-2539596c0b3f	1928	Claude Brisebois	M	M60-64	55	14:38:15	1:44:51	0:10:55	6:36:21	0:12:36	5:53:31	CA	
18b9d57a-4cc8-ea11-a812-000d3a5a1bfb	1929	Amy Rosen		F60-64	15	14:38:32	1:13:02	0:09:45	6:39:40	0:11:26	6:24:40	US	
2e6d1312-9cc1-f011-bbd2-000d3a5b7c3b	1930	Richard Ballance	M	M65-69	25	14:38:36	1:49:00	0:12:15	6:35:27	0:18:49	5:43:05	CAN	
d1eb16dc-5d00-403e-b334-7d094872f69a	1931	Andrew Espiritu	M	M50-54	163	14:38:37	1:50:31	0:06:11	6:50:07	0:07:09	5:44:38	CAN	
4f96a354-0dcf-f011-bbd3-000d3a5b50ba	1932	Akiyo Nonaka	M	M50-54	164	14:38:39	1:38:20	0:11:17	6:50:43	0:13:23	5:44:56	JPN	
c52eee5f-dfd3-ed11-a7c7-000d3a314ae2	1933	Alessandro Mone	M	M50-54	165	14:38:41	1:44:50	0:16:28	6:33:22	0:17:15	5:46:45	CA	
fcbce7a5-6e07-4612-84e9-82f9707cd424	1934	Natalie Bradley	F	F40-44	46	14:38:56	1:27:04	0:11:55	7:08:47	0:11:28	5:39:42	CA	
9b3acce4-70fd-42b1-94d9-4bcf150af81b	1935	Adrian Brett	M	M40-44	185	14:39:10	1:27:11	0:16:01	7:07:08	0:28:36	5:20:13	CA	
1c732f4a-b77b-f011-b4cc-6045bd09951e	1936	Kim Cauley	F	F55-59	25	14:39:37	1:26:21	0:06:36	6:23:43	0:10:15	6:32:42	CA	
7340f1ff-4d16-4a05-adb7-18a50b2d5cc7	1937	Nicole Wright	F	F45-49	64	14:39:54	1:28:28	0:11:30	7:20:56	0:12:30	5:26:31	USA	
f77cbe1a-7270-45ad-871c-7bf240ae683c	1938	Bryan Garcia	M	M40-44	186	14:40:17	1:32:47	0:12:15	6:45:32	0:19:58	5:49:47	US	
5a386f16-c347-ef11-a317-00224809fd7c	1939	Luis Rendon	M	M30-34	206	14:40:29	1:45:55	0:12:32	7:20:37	0:11:29	5:09:57	CAN	
1ae121e5-bcd6-f011-8544-000d3a35ffc1	1940	Hannah Kallmeyer	F	F18-24	33	14:40:38	1:17:56	0:06:38	7:20:31	0:06:33	5:49:00	USA	
32b873eb-caf2-4e5c-a3e5-28e25b3ef749	1941	Sandra Hawryluk	F	F60-64	16	14:40:52	1:37:29	0:04:47	6:28:49	0:04:48	6:25:00	CA	
ac730e1d-64df-4a1e-9877-d6782369b452	1942	Isabelle Leclair	F	F40-44	47	14:41:01	1:24:33	0:10:52	6:44:23	0:11:29	6:09:44	CA	
04761cd0-57e5-4da6-b7ac-7547aad339ac	1943	Ed Castner	M	M55-59	109	14:41:36	1:46:05	0:08:28	6:47:18	0:06:21	5:53:24	USA	
47648b76-5319-f011-998a-000d3a5b50ba	1944	Justin Schutmaat	M	M40-44	187	14:41:37	1:34:57	0:07:40	6:30:10	0:07:18	6:21:32	US	
b1c3c5e1-8a9d-4154-9861-164ecc1bc887	1945	Paul Devlin	M	M30-34	207	14:41:59	1:35:42	0:05:54	6:48:12	0:14:10	5:58:00	CA	
48bff7cd-4a8a-474b-ad28-a45a036dbcfa	1946	Annabelle Mineault	F	F50-54	64	14:41:59	1:21:19	0:08:36	6:12:10	0:11:04	6:48:49	CA	
23cf8f16-b7fe-ee11-a1ff-000d3a314d17	1947	Steve Ingram	M	M55-59	110	14:42:12	1:29:59	0:08:00	6:24:31	0:11:15	6:28:26	CA	
988c7673-d211-4d5b-be9c-e65538e28e5e	1948	Peter Uguccioni	M	M60-64	56	14:42:28	1:23:33	0:14:25	6:46:31	0:16:23	6:01:36	CA	
0ad08a9f-a50b-f111-8406-6045bd08b1a2	1949	Kathryn Murphy	F	F35-39	46	14:42:31	1:16:16	0:05:01	7:05:19	0:03:49	6:12:05	USA	
94d25dd0-1774-f011-bec2-0022480a7385	1950	Ben Shkwarok	M	M25-29	236	14:42:32	1:32:41	0:06:59	6:38:23	0:10:42	6:13:47	CA	
2c7ad5bc-99a8-f011-bbd3-0022480a7385	1951	Andrea Foster	F	F40-44	48	14:42:51	1:26:28	0:09:19	7:02:52	0:09:35	5:54:37	CA	
597d972c-4734-4972-bf2e-99c519991ffb	1952	Peng Nian Li	M	M65-69	26	14:42:58	2:01:55	0:10:51	6:40:29	0:10:05	5:39:37	CA	
43896316-7b54-41af-bc66-d5d0ee37f586	1953	Aaron Horton	M	M40-44	188	14:43:00	1:24:14	0:16:58	7:05:34	0:10:40	5:45:33	US	
8d659181-2f4e-49ec-bd27-affb9a0f6f92	1954	Chris Robertson	M	M50-54	166	14:43:01	1:33:43	0:08:58	6:59:35	0:11:54	5:48:51	CA	
b14d3c88-1bb1-4d35-a226-cda2f294899c	1955	Albert Trowbridge	M	M50-54	167	14:43:12	1:36:22	0:09:00	6:00:08	0:19:18	6:38:23	CA	
2bf1c1ec-6276-f011-b4cb-6045bd05c8f9	1956	Sasha Holbrook	F	F18-24	34	14:43:21	1:50:46	0:09:04	7:15:26	0:07:17	5:20:49	CAN	
d6b8d30a-76e9-ef11-9341-6045bd05400c	1957	James Maclean	M	M55-59	111	14:43:29	1:42:10	0:09:04	5:58:20	0:17:07	6:36:48	CA	
3ba83937-616d-4040-8c06-4e0e8e686a83	1958	Jackie King	F	F25-29	90	14:43:31	1:27:11	0:11:37	7:30:21	0:08:13	5:26:10	CA	
c54580bf-21df-ea11-a813-000d3a5a1cf8	1959	Gihad Abdelhamid	M	M45-49	143	14:43:31	1:34:49	0:09:33	7:11:43	0:10:04	5:37:23	CA	
614d2feb-c6af-4010-94e7-1f290975d5d4	1960	Wendy Rockafellow	F	F65-69	5	14:43:33	1:20:37	0:10:53	6:46:26	0:09:24	6:16:14	CA	
40af535f-5c56-41e0-bc51-e9d05b1b5b6c	1961	Richard Trimon	M	M40-44	189	14:43:35	1:36:26	0:14:07	6:09:21	0:18:05	6:25:36	IND	
9090c123-0499-4770-b479-ca664870b17d	1962	Nancy Fleming	F	F65-69	6	14:43:36	1:33:51	0:11:41	6:50:39	0:14:31	5:52:55	CA	
f5a09c76-efb3-476a-82d9-9a6a9b882ab7	1963	Andrzej Szurkowski	M	M65-69	27	14:43:51	2:00:00	0:08:46	6:34:17	0:08:28	5:52:20	PL	
3e7ffb3c-6df9-4931-80ae-2be8f2678d0c	1964	Hugo Lavoie	M	M45-49	144	14:44:08	1:31:05	0:13:51	6:48:35	0:12:17	5:58:20	CA	
3472f6b6-2593-4bd8-9608-862858b4e385	1965	Mike Giles	M	M65-69	28	14:44:35	1:19:19	0:14:51	6:40:40	0:12:55	6:16:50	CA	
94f719ba-925b-4467-b308-a677673dbbf9	1966	Sydney Chinchana	F	F40-44	49	14:44:39	1:39:57	0:08:26	6:50:29	0:10:18	5:55:29	US	
2c6b41ba-9874-ef11-a671-6045bd010fe7	1967	Benoit Duchon	M	M45-49	145	14:45:23	1:25:33	0:17:07	7:08:13	0:17:25	5:37:04	CA	
5349e3c1-5f35-46b5-8b2a-4e08adc8cdbe	1968	Paul Rolanti	M	M50-54	168	14:47:00	1:32:00	0:12:26	6:52:35	0:17:21	5:52:38	US	
1c2f0157-e892-43ce-a4d1-f8a83d6d1177	1969	David Taylor	M	M55-59	112	14:47:48	1:33:02	0:04:44	7:02:57	0:08:24	5:58:41	CA	
17b1e18a-9d74-475c-925d-bd09964a457b	1970	Evan Knox	M	M30-34	208	14:47:48	1:34:44	0:14:56	6:52:27	0:13:40	5:52:01	CA	
3d803176-8a61-4844-a8bd-d59d4084f6e9	1971	Julia Viola	F	F35-39	47	14:48:17	1:35:31	0:16:32	6:59:57	0:12:53	5:43:24	CA	
882f2505-3dd3-457c-a4f9-52eaf90dc0a4	1972	Andy Garrow	M	M45-49	146	14:48:18	1:54:52	0:09:25	6:37:01	0:09:11	5:57:49	CA	
881ae7c9-2575-4d14-ac85-c4312b55fdb5	1973	Caitlin Lazo	F	F40-44	50	14:48:35	1:15:49	0:07:38	7:20:10	0:07:26	5:57:31	US	
bdd15ba6-b321-4c82-b151-473add2609f5	1974	Rachel Gallupe	F	F45-49	65	14:48:59	1:45:30	0:08:13	6:43:32	0:08:21	6:03:23	CA	
41a4c68a-b78f-ef11-ac21-000d3a338a3c	1975	Sarah Ragbir	F	F18-24	35	14:48:59	2:15:14	0:06:10	7:32:29	0:04:58	4:50:08	CA	
a327c53a-2a04-f011-bae2-000d3a35ffc1	1976	Abbey Kutyma	F	F18-24	36	14:49:14	1:28:21	0:06:37	7:17:07	0:08:52	5:48:18	CA	
a00cbd2c-2875-f011-b4cc-6045bd05f634	1977	Taimur Ghaznavi	M	M45-49	147	14:50:07	1:35:24	0:12:31	6:42:27	0:14:10	6:05:35	CA	
e8d54eea-d92c-4b20-b0b9-05b564b96a84	1978	Angela Arnold	F	F55-59	26	14:50:27	1:31:30	0:10:31	6:58:07	0:20:05	5:50:14	CA	
35d9e48d-3185-4d8f-9f43-29d67b2749af	1979	Casey Compton Labonte	F	F50-54	65	14:50:29	1:42:28	0:08:19	7:01:16	0:10:19	5:48:07	CA	
fa00ffaa-b999-f011-b4cc-000d3a5cf7d8	1980	Bupa Zhang	M	M18-24	184	14:50:35	1:57:26	0:07:27	7:03:35	0:11:03	5:31:03	CAN	
adf71d38-7176-4951-b75a-d632da2fea48	1981	Edmund Seng Kee Chan	M	M45-49	148	14:51:18	1:34:26	0:14:39	6:47:31	0:15:55	5:58:48	MY	
dae1b5e8-bb2a-f011-8c4d-000d3a5b7c3b	1982	Badamjunaa Erdenetsetseg	M	M25-29	237	14:51:31	1:21:54	0:09:52	6:33:58	0:18:41	6:27:06	CA	
df5af48a-f39b-4f80-a59f-67f5fad64be9	1983	Phil Cousineau	M	M45-49	149	14:51:42	1:34:26	0:12:51	6:49:38	0:14:35	6:00:11	CA	
ec4071de-2b7b-46e1-9129-963d4e6ad635	1984	Michele Younan	F	F18-24	37	14:51:46	1:24:22	0:07:51	7:14:51	0:11:12	5:53:30	CA	
156b7483-b4ab-4b83-832a-4ebeacb261f7	1985	Ben Etienne	M	M30-34	209	14:51:57	1:19:35	0:12:00	7:08:03	0:09:14	6:03:05	CA	
82c60816-153d-4ea1-941c-1460d94ad7ec	1986	Sebastien Paul-Hus	M	M45-49	150	14:52:50	1:28:55	0:08:27	6:19:51	0:11:11	6:44:26	CA	
fd60b183-b494-475c-aa60-8c7cf95fd1c3	1987	Chance Fox	M	M55-59	113	14:52:53	1:48:56	0:16:38	5:53:38	0:12:37	6:41:05	US	
a45424d6-9ed2-47b6-9f05-a0dd39cd88b3	1988	Sherri Fox	F	F50-54	66	14:52:56	1:35:18	0:11:27	6:17:01	0:07:12	6:41:58	US	
9213a0c2-d06f-ef11-a670-000d3a308d97	1989	Chloe Graham	F	F25-29	91	14:53:33	1:33:32	0:06:55	7:14:00	0:09:42	5:49:23	CA	
9f3c0ca2-3e95-4029-8690-a7ba1b524159	1990	Philip Bui	M	M25-29	238	14:53:38	1:28:54	0:14:14	7:17:19	0:17:47	5:35:25	CA	
72a08774-f35e-41a3-8a3a-771bc6b49722	1991	Nadim Elfangary	M	M30-34	210	14:53:38	1:29:49	0:17:05	6:33:14	0:16:41	6:16:49	CA	
47caaf9d-77f4-4136-971a-4d3a8b9bbb0a	1992	Tatiana Perez	F	F45-49	66	14:54:19	1:35:48	0:08:13	7:01:26	0:06:30	6:02:23	BR	
9a195919-7678-43ba-b821-40a964b1d43f	1993	Annabelle Elliott	F	F18-24	38	14:54:28	1:31:10	0:10:48	7:08:53	0:07:19	5:56:18	CA	
33a74dde-e2d1-4694-a57a-63cf4a91d78d	1994	Ashley Evans	F	F40-44	51	14:54:42	1:26:41	0:12:14	6:24:36	0:11:31	6:39:39	USA	
71183251-92a1-442b-9c65-245f7812bc93	1995	John-Charles Cary	M	M45-49	151	14:54:43	1:32:32	0:16:02	7:28:55	0:23:54	5:13:21	CA	
8d6f4fde-6974-f011-b4cb-7ced8d70235f	1996	Mike Baldesarra	M	M50-54	169	14:54:48	1:32:08	0:14:21	6:45:30	0:14:06	6:08:42	CA	
d7195887-53ff-438e-a5c2-cbc3d67f4690	1997	Leann Parmenter	F	F60-64	17	14:54:48	1:45:27	0:11:56	6:59:00	0:15:01	5:43:25	US	
1fa5bf81-5e8f-4f72-98b4-692966f57142	1998	William Davis	M	M40-44	190	14:54:58	1:42:21	0:18:16	7:08:46	0:19:48	5:25:47	CA	
89a90fbd-c586-4784-ac91-28cbd5a2efe7	1999	Dong Yuan Chen	M	M25-29	239	14:56:22	1:24:37	0:11:31	7:06:08	0:10:35	6:03:31	CA	
da55db5a-6fba-f011-bbd3-002248098cfa	2000	Moussa Tawakol	M	M18-24	185	14:56:36	1:33:35	0:07:12	6:57:45	0:07:14	6:10:51	CAN	
878f2220-05eb-405a-b600-f01efb53468f	2001	Chris Carlson	M	M40-44	191	14:56:50	1:24:24	0:10:31	7:05:44	0:11:01	6:05:10	US	
f2b42534-4ff5-f011-8406-0022480a5755	2002	James Carbone	M	M18-24	186	14:57:02	1:36:52	0:10:01	6:56:17	0:11:31	6:02:20	CAN	
b1a5194c-9a9a-49ff-9fe6-a1ef2065d73b	2003	Andrei Romanenco	M	M45-49	152	14:57:31	1:44:28	0:13:25	6:09:41	0:16:18	6:33:41	CA	
82525f70-819d-f011-b41c-6045bd05f634	2004	Cameron Woo	M	M25-29	240	14:57:44	1:43:00	0:08:33	8:01:17	0:06:02	4:58:52	CA	
53c78168-07e9-47fa-99e3-e0e7c5518150	2005	Linda Fischer	F	F60-64	18	14:57:44	1:26:52	0:15:39	6:44:38	0:14:54	6:15:42	CA	
af360d42-05a7-46a8-8c4f-3a84e6c7024f	2006	Jonathan Tepper	M	M55-59	114	14:57:47	1:20:44	0:14:59	6:28:52	0:17:56	6:35:14	CAN	
666fc0ba-b54c-425b-8d73-078a5042cf9a	2007	Amer Juntado	M	M35-39	172	14:58:05	1:15:03	0:05:52	6:41:45	0:12:57	6:42:28	USA	
13c46d09-4f0f-49ec-b14a-1d457ecd5f3a	2008	Judah Dal Cais	M	M60-64	57	14:58:05	1:43:18	0:16:41	6:41:20	0:17:07	5:59:40	US	
0fb2169d-204e-4eab-b57d-10380e4ef31f	2009	Kevyn F Thouin	M	M35-39	173	14:58:16	1:50:12	0:10:18	6:46:47	0:12:44	5:58:15	CA	
1e0a08c3-e164-4d78-bd2b-ff218db8ff1e	2010	Louise Marasco	F	F55-59	27	14:58:27	1:41:00	0:08:38	7:14:18	0:11:57	5:42:34	US	
0b728f82-3c81-434c-8556-c487eec38345	2011	Sue Watson	F	F65-69	7	14:59:05	1:13:28	0:11:20	6:15:48	0:11:42	7:06:48	CA	
e3cd2b48-6f77-45d1-a861-f681d6d4cb06	2012	Charles Drouin	M	M40-44	192	14:59:39	1:31:00	0:08:24	6:50:32	0:10:57	6:18:46	CA	
c45d3259-f093-ec11-b400-002248080c7b	2013	Celine Mitchell	F	F30-34	77	14:59:56	1:38:49	0:09:41	6:55:26	0:09:58	6:06:03	GB	
0496cefd-5a74-f011-bec2-0022480a7385	2014	Marian Tran	F	F18-24	39	15:00:17	1:31:31	0:12:41	6:57:46	0:09:41	6:08:37	CAN	
ece26a6f-699d-f011-b41c-6045bd05fcc1	2015	Nathan Smith	M	M25-29	241	15:00:19	1:42:33	0:08:09	7:39:30	0:08:09	5:21:59	CAN	
2cacab8d-dada-44b0-b88f-4ae650dac60c	2016	Athena Quitevis	F	F60-64	19	15:00:34	1:29:59	0:09:15	6:42:09	0:09:56	6:29:14	CA	
a29ecfe7-10f3-ef11-9342-000d3a5ae96c	2017	Ben Berger		M30-34	211	15:00:40	1:48:37	0:07:17	7:31:20	0:07:45	5:25:41	CA	
000e4131-5a87-f011-b4cc-6045bd05f634	2018	Matthew Krieger	M	M18-24	187	15:00:50	1:16:43	0:09:57	8:05:27	0:12:21	5:16:23	USA	
e894ad38-cd34-4229-a098-cfd16d7ba925	2019	Craig Ennis	M	M45-49	153	15:01:07	1:13:40	0:09:15	7:11:47	0:09:24	6:17:01	CA	
38cc176e-b0d8-ee11-904d-6045bd0158c4	2020	Renee Noronha	F	F18-24	40	15:01:17	1:29:34	0:05:51	7:21:21	0:11:04	5:53:28	gbr	
dcec2bb1-faca-47ef-ba3f-32da835e3299	2021	Ryan Hudson	M	M40-44	193	15:01:26	1:44:18	0:12:00	7:01:49	0:09:34	5:53:45	CA	
2531adb1-c3ea-ed11-a7c6-000d3a31406e	2022	Christian Giroux	M	M55-59	115	15:01:46	1:22:07	0:17:48	7:09:45	0:14:19	5:57:47	CA	
3d23ae54-e388-ea11-a812-000d3a5a1bfb	2023	Serge Dumoulin	M	M60-64	58	15:01:47	1:29:58	0:10:39	7:09:13	0:14:19	5:57:38	CA	
7e18c84a-94e7-4226-bde5-74d9bcc48e31	2024	Val Romualdo	M	M45-49	154	15:01:58	1:44:57	0:08:02	7:03:18	0:14:55	5:50:46	CA	
75614fed-410f-4af6-9240-0af43aaff322	2025	Alan Mallory	M	M40-44	194	15:02:31	1:25:20	0:06:40	6:57:08	0:09:58	6:23:24	CA	
5996e799-7491-4f22-bffb-428fc01f7475	2026	Patty Rawlings	F	F60-64	20	15:02:37	1:37:30	0:08:14	6:58:15	0:10:43	6:07:55	US	
9c0b78c9-dc50-457e-aa3f-ec152dbdf87b	2027	Dipak Patel	M	M50-54	170	15:02:40	1:28:23	0:10:45	6:42:18	0:07:33	6:33:40	US	
a9458629-f980-43b1-8689-9e510f9a8a41	2028	David Kulik	M	M60-64	59	15:03:17	1:23:37	0:15:42	6:47:17	0:15:36	6:21:04	US	
fc6147e0-15e4-4225-bee0-ae7aa664b5ee	2029	Michi Nagase	M	M50-54	171	15:04:09	1:23:05	0:10:18	7:24:41	0:10:35	5:55:30	CA	
2aa17df2-3a75-f011-b4cc-6045bd05fcc1	2030	Hassan Ali	M	M30-34	212	15:04:16	1:27:56	0:13:00	7:32:49	0:25:46	5:24:45	CA	
d634d854-56a7-4115-bdc8-1968d566578a	2031	Cathy Faulkner	F	F50-54	67	15:04:18	1:40:17	0:12:10	6:59:55	0:11:54	6:00:02	CAN	
caeb4e8c-5f69-f011-bec3-000d3a3173b5	2032	George Melancon-Talboys	M	M35-39	174	15:04:40	1:33:09	0:08:07	6:28:28	0:06:58	6:47:57	GB	
c1967bdd-7373-48ff-a382-80c5688de680	2033	Jenneka MacRae	F	F45-49	67	15:04:50	1:48:36	0:11:57	6:29:23	0:10:28	6:24:26	CA	
02adb9f3-aaf2-4e53-8a0c-5e010fb6929f	2034	Paul Morel	M	M65-69	29	15:04:54	1:27:17	0:17:08	6:30:48	0:07:37	6:42:03	CA	
1229faa4-a873-f011-bec3-6045bd09951e	2035	An Tran	M	M30-34	213	15:04:58	1:50:37	0:07:59	7:22:10	0:11:24	5:32:48	CA	
664a615a-0bbc-ec11-983f-00224806dd79	2036	William Van Nostrand	M	M65-69	30	15:05:52	1:09:57	0:10:18	6:30:43	0:13:36	7:01:18	US	
72da666a-dad3-42e2-851b-5d9a4d889772	2037	Julie Sanfaçon	F	F45-49	68	15:06:12	1:40:27	0:12:52	7:24:02	0:08:47	5:40:03	CAN	
e667b5a1-548a-f011-b4cc-000d3a35ffc1	2038	Elizabeth Hobbs	F	F30-34	78	15:07:04	1:28:20	0:09:14	7:31:51	0:08:59	5:48:40	CA	
c4afa4f6-8d72-41b7-951d-f8232bfabea6	2039	Shelley Wood	F	F50-54	68	15:07:17	1:53:14	0:09:29	6:49:21	0:10:29	6:04:44	CA	
6bd3c2d4-9e75-4fe6-8eec-f1cc65154efd	2040	Eric Mcdowell	M	M55-59	116	15:07:17	1:51:43	0:10:32	6:01:00	0:09:55	6:54:08	US	
42a2029c-fcb6-4480-bf12-f1a3c75ecab6	2041	Alistair Ellis	M	M55-59	117	15:07:18	2:15:38	0:18:48	6:26:56	0:19:30	5:46:26	can	
ca2c9fba-b347-ef11-a317-000d3a367177	2042	J L Charles Beaver	M	M60-64	60	15:07:24	1:12:39	0:15:21	6:38:09	0:18:14	6:43:00	CA	
65ee84b7-e858-ee11-be6f-000d3a314329	2043	Dawson Hinton	M	M25-29	242	15:07:26	1:21:29	0:15:47	8:04:54	0:10:12	5:15:05	CA	
d0d1fad7-18f0-4277-92fe-d033755153f6	2044	Patrick Lou-Poy	M	M55-59	118	15:07:44	1:28:22	0:12:53	7:23:14	0:11:52	5:51:22	CA	
033e8e81-8aec-49f6-8e43-677d89afe557	2045	Pierre Lafontaine	M	M55-59	119	15:07:47	1:55:53	0:08:27	6:36:42	0:13:52	6:12:54	CA	
f0018e4e-95c7-4640-a042-c008ed860739	2046	Sarah VanDoren	F	F35-39	48	15:08:02	1:03:57	0:11:12	6:46:51	0:15:53	6:50:08	usa	
5d75d18a-1501-ef11-a1fd-000d3a5a4ecf	2047	Brian Paquin	M	M60-64	61	15:08:04	1:47:59	0:13:31	7:01:37	0:21:18	5:43:40	CA	
c163f5bf-479e-f011-b41c-6045bd05f634	2048	Andy Danis	M	M18-24	188	15:08:08	1:25:43	0:10:48	7:09:00	0:17:28	6:05:09	USA	
1bab619c-8c8d-4fe0-9255-bae057428de0	2049	Jeffrey Lenker	M	M50-54	172	15:08:11	1:38:10	0:13:55	7:28:44	0:05:13	5:42:10	US	
092cd76a-c11e-4d43-b6f8-340300ce2654	2050	Waldo Jimenez	M	M50-54	173	15:08:25	1:42:39	0:10:35	6:56:18	0:05:14	6:13:39	CA	
717aa765-124b-4a9d-99cd-0e7da65bda0e	2051	Thomas Clemmitt	M	M18-24	189	15:08:40	1:34:24	0:10:27	7:30:52	0:07:06	5:45:52	usa	
acbe2c40-a6de-4214-9c05-40fb916491fb	2052	Cailey Shewchuk	F	F25-29	92	15:09:00	1:30:26	0:10:25	6:51:00	0:09:42	6:27:27	CAN	
2938c4d1-af98-4b64-923a-c7ff300d8a9c	2053	Olivier Dallaire	M	M18-24	190	15:09:05	1:31:20	0:05:46	6:59:38	0:05:17	6:27:05	CA	
7cbd309a-2aea-4201-99eb-51723f0d3df9	2054	Tanner Smith	M	M35-39	175	15:09:08	1:36:13	0:16:30	6:35:30	0:15:13	6:25:42	CA	
9fbc10cd-eb9b-ef11-8a6a-000d3a59a9a1	2055	Jackson Buck Hatton	M	M18-24	191	15:09:08	1:46:43	0:13:02	7:09:38	0:14:11	5:45:33	CA	
9737a376-9d87-f011-b4cc-000d3a5b7c3b	2056	Sandra Chong	F	F50-54	69	15:09:45	1:18:48	0:15:11	7:03:18	0:13:22	6:19:06	CA	
5a7f7063-2340-4c39-978d-6f4a3c3255d3	2057	Alisa Zabotka	F	F60-64	21	15:10:12	1:44:33	0:09:42	7:10:20	0:10:25	5:55:11	USA	
7656c93f-e2e3-456e-98c1-c66cf9fd579c	2058	Juan Arias	M	M45-49	155	15:10:24	1:26:44	0:08:09	7:06:30	0:07:19	6:21:42	CA	
8d2ae1e0-ecfa-e211-9ec7-005056956277	2059	Jennifer Eckhardt	F	F50-54	70	15:10:32	1:36:25	0:08:51	6:49:29	0:16:42	6:19:05	US	
d1641b12-705c-400a-bc49-348c88b40d5a	2060	Jean-Francois Chagnon	M	M50-54	174	15:11:17	1:45:05	0:11:07	6:03:51	0:12:31	6:58:43	CA	
27f93411-7a9b-48e2-853a-a15790927eb1	2061	Blaine Warmer	M	M60-64	62	15:11:31	1:12:12	0:08:03	7:00:49	0:12:24	6:38:04	CA	
ac6bfecd-64bb-47aa-8340-a4f92075e178	2062	Léa Mei Chicoine	F	F30-34	79	15:11:48	1:17:18	0:06:58	7:27:09	0:14:24	6:06:00	CA	
27b2a280-84b3-ef11-b8e8-000d3a5ae96c	2063	Jean-michel Boivin	M	M40-44	195	15:11:55	1:53:49	0:17:13	7:24:56	0:19:55	5:16:02	can	
c0b1698b-e54b-f011-877a-000d3a35ffc1	2064	Marcy Lampshire	F	F45-49	69	15:12:40	1:32:08	0:12:35	7:01:58	0:10:15	6:15:44	CAN	
e2a97d6c-f3ba-44dc-b02b-8263165d9533	2065	Sean Gorendar	M	M45-49	156	15:12:47	1:21:50	0:11:24	7:11:57	0:11:34	6:16:02	CA	
eddb313a-a678-f011-b4cc-000d3a5b50ba	2066	Bernard Merkley	M	M65-69	31	15:13:11	1:35:05	0:12:37	6:37:33	0:12:39	6:35:17	CA	
8fa2f11b-8230-4be3-84d4-7f643a0f96cf	2067	Stuart Ratcliff Ratcliff	M	M50-54	175	15:13:21	1:20:55	0:08:13	6:41:22	0:09:09	6:53:43	GB	
29dbbcfe-4b60-eb11-a812-0022480a5ad9	2068	Dennis Toquero	M	M50-54	176	15:13:51	1:37:10	0:08:40	7:00:29	0:15:43	6:11:49	CA	
d603782b-6e79-407a-9f83-7f859ca0cb96	2069	Hendrik Schuurmans	M	M60-64	63	15:14:13	1:34:13	0:06:43	6:39:36	0:06:26	6:47:15	Canada	
73df0b55-4e71-f011-bec2-0022480a7385	2070	Ali Aboubih	M	M25-29	243	15:15:15	2:07:07	0:12:58	7:18:07	0:10:24	5:26:40	CA	
feb4334e-53ea-f011-8544-000d3a3173b5	2071	Logan Watson	M	M30-34	214	15:15:19	1:38:59	0:13:05	7:36:56	0:14:17	5:32:01	CAN	
11ea9f24-ecb8-4ad7-9e33-d5b82df281ed	2072	Kait PRIMROSE	F	F30-34	80	15:15:29	1:48:43	0:07:36	7:28:53	0:08:36	5:41:41	aus	
fc32cf2c-0639-f011-8c4e-000d3a3173b5	2073	Alexandre Hagan	M	M50-54	177	15:15:55	1:39:54	0:12:15	8:10:22	0:09:06	5:04:19	CAN	
209e0c0f-9383-4621-b158-56be46005646	2074	Tracy Darmofal	F	F45-49	70	15:15:56	1:28:02	0:10:18	7:16:08	0:08:57	6:12:31	USA	
dd4fdf9d-5eff-44f9-aee4-671dd7864908	2075	Marie Walker	F	F18-24	41	15:16:51	1:21:12	0:06:52	7:48:14	0:13:31	5:47:02	CA	
b759372c-c947-f011-877a-000d3a3173b5	2076	Delvin Davies	M	M18-24	192	15:17:40	1:36:10	0:06:31	7:16:10	0:06:56	6:11:52	CAN	
1e15c592-8efe-4867-aedf-00c25cfb0df4	2077	Robert Klinkhammer	M	M60-64	64	15:17:45	1:50:15	0:12:46	6:26:46	0:10:02	6:37:55	US	
6a6f5af4-20d8-ef11-8eea-000d3a5a1803	2078	Imran Abdulla	M	M40-44	196	15:17:45	1:57:41	0:10:26	7:07:46	0:18:08	5:43:45	CA	
30a7fd86-8be2-ef11-8eea-6045bd018d16	2079	Isabel Child	F	F25-29	93	15:18:03	1:17:58	0:08:56	7:33:33	0:08:00	6:09:35	CA	
782440a8-7175-f011-b4cb-000d3a5cf7d8	2080	Richard Cheng	M	M25-29	244	15:18:06	1:31:52	0:07:38	7:49:40	0:10:47	5:38:09	CA	
af1362e8-b389-f011-b4cc-002248098cfa	2081	Brian Jung	M	M60-64	65	15:18:10	1:36:05	0:17:56	5:58:24	0:24:10	7:01:34	CAN	
0330e39c-f916-4d74-bd09-2b1df6991e84	2082	Colleen Hoffman	F	F60-64	22	15:18:13	1:30:24	0:07:05	6:08:31	0:08:16	7:23:57	USA	
bee37d34-45ce-433e-a4ca-748781cff5ef	2083	Guillermo Ruelas	M	M40-44	197	15:19:11	1:18:48	0:13:02	7:30:18	0:09:54	6:07:08	MX	
3c02dbfb-e2c9-4995-89c6-ac9d74ae4264	2084	Verni Chavarria	M	M60-64	66	15:19:22	1:35:54	0:15:55	7:01:43	0:16:28	6:09:23	USA	
b77ec677-9b89-4e91-98c5-016e44f11bf3	2085	Carolyn Thieme	F	F40-44	52	15:20:01	1:37:20	0:10:59	7:34:17	0:08:38	5:48:47	US	
d014f08f-5150-4a44-931b-6cb551f90a09	2086	Brent Wildman	M	M70-74	4	15:20:13	1:22:19	0:10:24	6:22:07	0:09:36	7:15:47	US	
3fe3b6e7-d7b9-f011-bbd2-000d3a5b7c3b	2087	Ryan Spriggs	M	M35-39	176	15:20:36	1:37:12	0:10:50	7:45:14	0:09:52	5:37:28	CAN	
2d6456a7-dd7c-4035-ad12-da95ddbd0154	2088	Evan Caplan	M	M18-24	193	15:20:40	1:29:58	0:08:55	7:08:10	0:07:31	6:26:06	CA	
f8bacbb0-b835-4a3a-b52a-75e0b2e73051	2089	GLEN SCOTT CROCKETT	M	M65-69	32	15:20:54	1:41:31	0:09:37	6:27:35	0:12:18	6:49:53	CA	
cda6b2b4-e4c3-451c-85e1-12b481aa77b8	2090	Kaushik Nagaraj	M	M35-39	177	15:20:59	1:31:39	0:15:46	7:21:42	0:12:44	5:59:07	usa	
742dd091-cd8c-ef11-ac21-6045bd048089	2091	Martin Coulombe Coulombe	M	M40-44	198	15:21:10	1:32:04	0:12:00	7:35:08	0:13:49	5:48:10	CA	
7f48b9cd-3fcd-434f-9f30-e72e3b84fc8a	2092	Noriaki Yamamoto	M	M55-59	120	15:21:20	1:44:24	0:11:44	6:50:02	0:07:58	6:27:12	jpn	
afe5582b-09a7-f011-bbd3-6045bd05fcc1	2093	Logan Castor	M	M18-24	194	15:21:34	1:11:39	0:06:15	6:50:47	0:06:29	7:06:24	USA	
e8b7a2c8-b573-f011-bec2-002248098cfa	2094	Pascal Smith	M	M25-29	245	15:21:37	1:39:06	0:10:50	7:11:16	0:10:37	6:09:48	CAN	
2ce475cf-1803-47f7-8162-a2f370e348af	2095	Mark Mcfadden	M	M65-69	33	15:21:41	1:40:21	0:10:23	7:23:45	0:12:04	5:55:08	CA	
fa532929-a65d-4d5f-9d6b-15397e214017	2096	Hélène Proulx	F	F60-64	23	15:21:45	1:45:13	0:12:30	7:01:52	0:11:59	6:10:11	CA	
beb0e4c6-c21d-40bf-83ee-023be8a02e47	2097	Gilles Duchesne	M	M50-54	178	15:22:20	1:17:17	0:15:01	7:08:55	0:16:50	6:24:16	CAN	
ee216553-7e7c-4104-8e11-351688841a3e	2098	Gilles Larivee	M	M65-69	34	15:22:49	1:49:36	0:19:47	7:12:20	0:18:41	5:42:26	CA	
22fef5c6-d47a-ea11-a812-000d3a5a1cf8	2099	Jonny Atkinson	M	M45-49	157	15:22:52	1:22:39	0:06:11	6:26:26	0:09:52	7:17:45	CA	
f5c08bdf-c6c4-4ef8-9ffd-b7941e01f2db	2100	Fauzia Hm	F	F40-44	53	15:23:35	1:45:46	0:07:28	7:07:07	0:12:09	6:11:05	CA	
7d43862c-0a82-4ead-ab06-315510fb4ced	2101	Michael Samson	M	M55-59	121	15:24:17	2:02:07	0:10:39	6:48:01	0:21:13	6:02:18	CA	
e411728a-209f-4830-98ae-e9a394f3357e	2102	David Heskett	M	M70-74	5	15:24:20	1:26:34	0:19:43	7:14:50	0:14:18	6:08:55	US	
a041a7e9-65c6-4c95-a76f-8f7e4cff950b	2103	Andrew Leung	M	M35-39	178	15:24:47	1:28:57	0:11:19	7:43:12	0:09:46	5:51:34	can	
508ab39b-bc7e-f011-b4cc-0022480c097c	2104	Craig McCue	M	M40-44	199	15:24:50	1:28:33	0:06:32	6:15:55	0:08:12	7:25:38	CA	
ee72d74f-c8c7-ee11-9079-000d3a31406e	2105	Jason Mach	M	M30-34	215	15:24:54	1:52:20	0:15:45	7:15:52	0:17:35	5:43:24	USA	
52d3f8e0-13d3-42fb-a004-b025b3c2ed16	2106	Stephane Bourcier	M	M40-44	200	15:25:05	1:41:06	0:14:21	7:22:33	0:14:48	5:52:17	CA	
ce3ab600-8b4b-4ca6-9f1c-baba348f8285	2107	Peyasu Wuttunee	M	M60-64	67	15:25:12	1:36:45	0:27:12	7:08:21	0:14:55	5:57:59	CA	
07c2412e-635e-4d0f-9538-63329dfc6153	2108	Mohammadreza Ebrahimi	M	M50-54	179	15:25:57	1:25:53	0:10:22	7:06:57	0:11:00	6:31:45	CA	
94a3889f-d0d7-ed11-a7c7-000d3a314d17	2109	Diego Calderon	M	M60-64	68	15:26:19	1:37:37	0:14:38	6:54:21	0:10:35	6:29:08	US	
d447964d-3265-4acd-92e5-da4c8463da44	2110	Edler Flores	M	M30-34	216	15:26:28	1:29:57	0:10:28	6:56:20	0:26:30	6:23:14	CA	
89d5f76b-60ce-e911-a998-000d3a34ed06	2111	Patrick Hage-Moussa	M	M35-39	179	15:26:39	1:27:46	0:12:20	7:05:14	0:14:25	6:26:53	CA	
5b458933-c100-ef11-a1fd-6045bd07328d	2112	Joshua Collins	M	M30-34	217	15:26:47	1:40:33	0:20:45	7:28:17	0:16:27	5:40:45	CA	
18b07638-0928-467d-99d1-88c4be654bab	2113	Nola Steininger	F	F60-64	24	15:27:22	1:29:18	0:09:52	7:15:47	0:06:07	6:26:19	CA	
749c3512-3202-4564-b71a-c33c9e2dcd42	2114	Erin Toole	F	F50-54	71	15:27:37	1:26:35	0:12:47	6:52:09	0:18:30	6:37:35	CA	
159ab00f-7db3-4abd-b040-daa53af2b14e	2115	Andrew Cooke	M	M50-54	180	15:27:47	1:28:10	0:10:07	6:42:49	0:14:20	6:52:21	CA	
a95ecf35-2049-43ce-8670-dd7aec851d2d	2116	Melissa Hogan	F	F40-44	54	15:28:16	1:41:26	0:07:55	7:22:47	0:06:32	6:09:35	CA	
fba7f0ca-595a-45f4-81ee-d852ee2f5d59	2117	Jacob Dumont	M	M25-29	246	15:28:35	1:44:41	0:09:26	6:39:48	0:16:18	6:38:23	CA	
169c10f2-ce73-f011-bec3-000d3a3173b5	2118	Tyler Shkwarok	M	M25-29	247	15:29:44	1:21:54	0:12:15	7:07:44	0:19:20	6:28:31	CA	
c4bd9dc7-877c-f011-b4cc-0022480c097c	2119	ARMAND ROBERT SIMPORE	M	M30-34	218	15:30:01	2:04:26	0:09:52	7:04:33	0:21:12	5:49:59	CA	
418360dd-80e5-4883-9bd3-dab371f16291	2120	Rafael Angel Reyna Hurtado	M	M55-59	122	15:30:28	1:30:21	0:06:52	7:45:11	0:09:13	5:58:50	MX	
e0fb546c-5b23-42d8-8c2b-c1dd1e68be77	2121	Lee-Anne Clare	F	F50-54	72	15:31:06	1:32:26	0:07:51	6:28:58	0:11:26	7:10:25	CA	
bf6342a8-9aec-4865-a767-22b27c3e24d6	2122	Troy Dumville	M	M55-59	123	15:32:43	1:52:39	0:09:42	7:19:11	0:11:51	5:59:19	CAN	
fe94662a-6524-4d78-982e-e3563e46b4eb	2123	Tracey West	M	M55-59	124	15:33:44	1:36:27	0:17:24	6:59:02	0:13:49	6:27:02	US	
d253913c-b7c8-40b3-a66f-3c5b41dd80fa	2124	Conrado Szilard	M	M40-44	201	15:33:55	1:48:44	0:15:24	6:51:58	0:19:20	6:18:29	CA	
a597b094-8ab0-42a3-b2e8-816646420954	2125	Ionel Deac	M	M55-59	125	15:34:00	1:37:33	0:12:58	7:09:39	0:24:20	6:09:30	CA	
2e687788-0c78-4ca9-89ef-db45909fa2cd	2126	Nick Jankowski	M	M50-54	181	15:34:01	1:25:54	0:14:02	7:49:06	0:12:45	5:52:14	CAN	
78dcf2ab-e949-4826-801a-66aa4f3dd305	2127	Kathleen Fritz	F	F60-64	25	15:34:06	2:01:01	0:07:46	7:20:22	0:08:54	5:56:01	US	
ff549399-f74a-46ed-9b88-50801d8692d8	2128	Elizabeth Gallacher	F	F40-44	55	15:34:45	1:33:24	0:10:32	7:19:58	0:11:30	6:19:22	US	
f5d2b67f-ce34-ee11-bdf4-000d3a31458d	2129	daniel PALACIOS	M	M65-69	35	15:36:02	1:30:31	0:09:17	7:20:49	0:08:35	6:26:49	MX	
394a5bc0-f9be-4f52-a2ce-738d7ef93dff	2130	Mandy Perl	F	F45-49	71	15:36:08	1:26:50	0:07:10	6:51:54	0:11:10	6:59:04	US	
77754f6d-b81f-4819-a074-f31b3e9e83f7	2131	Edward Hernandez	M	M50-54	182	15:36:10	2:12:38	0:09:32	7:08:24	0:07:47	5:57:50	US	
733de772-67e2-4be7-8f15-ea7d8e2c4b65	2132	Tracy Lempke	F	F55-59	28	15:36:13	1:47:21	0:08:02	7:03:37	0:16:59	6:20:14	usa	
3690366f-47ff-49b8-aab1-58ac26dc5ac9	2133	Kim Garland	M	M60-64	69	15:36:47	1:55:19	0:23:01	7:23:13	0:13:28	5:41:46	US	
ade7c19f-b008-48ba-b5c0-e0f2e6299112	2134	Daniel Mossman	M	M50-54	183	15:37:09	1:43:24	0:09:42	6:44:03	0:11:03	6:48:56	CA	
7369b474-e860-481d-b4bc-d27d03092ba5	2135	Lilianne Kho	F	F25-29	94	15:37:19	1:32:45	0:17:10	7:22:24	0:19:31	6:05:28	CA	
28b1a7af-5b92-ef11-ac21-6045bd048089	2136	Chris Harris	M	M50-54	184	15:37:21	1:25:19	0:13:34	6:29:57	0:17:52	7:10:39	usa	
1ef1f8c5-55f9-4897-adde-4493ee03c5da	2137	Chris Fortenberry	F	F50-54	73	15:37:43	1:41:13	0:10:16	7:44:08	0:07:13	5:54:53	US	
3428d69f-7c97-f011-b4cc-000d3a5cf7d8	2138	Petro Lazurko	M	M18-24	195	15:37:53	1:34:40	0:07:28	7:55:01	0:06:09	5:54:36	CAN	
3493c75c-5244-4fcc-9952-3a7276501517	2139	Kim Trethewey	M	M70-74	6	15:38:11	1:20:49	0:13:23	7:20:13	0:13:51	6:29:54	CA	
57c3df6f-2ca6-f011-bbd3-000d3a3173b5	2140	John O’Neil	M	M55-59	126	15:39:06	1:53:34	0:18:08	6:42:53	0:27:43	6:16:48	CA	
04c5ad8c-fe30-4d03-ba2f-4ec1bb37a286	2141	Carl Olson	M	M50-54	185	15:39:08	1:10:09	0:10:09	7:20:35	0:15:21	6:42:54	CA	
eb614823-27a5-4ebf-9cd3-bee0500714ba	2142	John Schultz	M	M65-69	36	15:39:32	1:34:58	0:15:51	7:41:23	0:14:48	5:52:32	US	
fd56f381-c855-4890-a1e8-cab379669e75	2143	Edwige Duclos	F	F25-29	95	15:39:48	1:28:42	0:10:05	8:02:18	0:06:54	5:51:48	CA	
47c0121a-a4e2-49f8-afad-b52dc19f579a	2144	Geiner Quintanilla	M	M40-44	202	15:40:19	1:33:05	0:14:24	6:58:57	0:19:07	6:34:46	CR	
24ba059f-d468-46d9-adc8-bcf3499e3055	2145	Emmett Young	M	M25-29	248	15:40:32	1:35:56	0:12:49	7:41:45	0:14:45	5:55:16	CA	
d4e478f8-41ac-ef11-b8e9-6045bd048089	2146	Shane FITZGERALD	M	M60-64	70	15:41:03	1:55:50	0:16:33	7:10:11	0:15:38	6:02:52	CA	
12e369c5-fb92-4f8e-ae46-fb5416075aaf	2147	Callen Christman	M	M25-29	249	15:41:20	1:47:50	0:07:27	7:10:29	0:11:41	6:23:53	US	
1eeee81a-9cd8-4478-8b95-80c3af9f797f	2148	Jordan Keyser	M	M40-44	203	15:41:58	1:35:17	0:10:49	6:49:58	0:08:46	6:57:09	US	
ae0e775f-8c20-417d-b5c7-33b9a40518a6	2149	Judith Wines	F	F45-49	72	15:42:00	2:03:23	0:13:14	7:23:04	0:13:24	5:48:55	US	
d192a815-c793-470c-9a30-c01776b42885	2150	Rebecca Bennett	F	F60-64	26	15:42:28	1:36:08	0:18:38	7:27:40	0:28:28	5:51:34	CA	
2ba4e773-eab1-43ef-914d-16a2b062c8c7	2151	Marius Oancea	M	M55-59	127	15:42:35	1:52:13	0:11:29	7:25:20	0:17:37	5:55:56	CA	
6850bc8d-554a-4809-9d17-fad38b397223	2152	Jason Marshall	M	M55-59	128	15:42:36	1:42:39	0:06:25	6:49:05	0:08:30	6:55:57	US	
06bb03cc-1cde-445c-8b6b-9f3ee0e90529	2153	Lianne Dulsrud	F	F55-59	29	15:42:38	1:31:22	0:09:43	7:12:44	0:10:25	6:38:23	CAN	
584d45ea-c819-4dd6-afee-7ba28d0f73b1	2154	Geoff Sieron	M	M35-39	180	15:42:43	1:55:19	0:10:23	7:39:56	0:10:53	5:46:13	USA	
69e84311-5903-f111-8406-6045bd08b1a2	2155	Alexandre Blais	M	M55-59	129	15:42:54	1:39:35	0:13:25	6:31:36	0:13:06	7:05:11	CAN	
b7ad3211-35d8-464f-a5cc-0a2a1de93ea7	2156	Rebekah Lawrence	F	F45-49	73	15:42:55	1:46:40	0:07:06	6:54:33	0:08:03	6:46:33	US	
f7eb5074-1001-49a8-b0a6-e4292f374dc3	2157	Angela Lisowski	F	F60-64	27	15:43:02	2:06:23	0:11:09	7:03:13	0:11:17	6:11:01	US	
a449e76e-d872-4999-9066-996636960985	2158	Yvan Bedard	M	M55-59	130	15:43:06	1:28:11	0:18:50	7:20:46	0:33:10	6:02:10	CA	
33c3d2f2-4064-43b7-b838-b255e311ace5	2159	Victoria Nerad	F	F35-39	49	15:43:15	1:55:16	0:10:23	7:39:54	0:10:52	5:46:49	USA	
e1783717-63fd-ee11-a1ff-000d3a314c24	2160	Swen-Joerg Wechner	M	M60-64	71	15:43:19	1:17:57	0:18:12	6:04:24	0:21:39	7:41:07	CA	
6f8c4a74-7c83-493f-9db5-c906338c146c	2161	Karine Molleur	F	F55-59	30	15:45:04	1:23:33	0:11:13	7:01:34	0:13:34	6:55:10	CAN	
0e5afa52-166e-490d-990e-2a3597003790	2162	Rowena Mulholland	F	F55-59	31	15:45:09	1:30:05	0:07:45	6:55:47	0:08:32	7:03:00	CA	
c7773887-de72-f011-bec3-000d3a3173b5	2163	Steve Deery	M	M30-34	219	15:45:32	1:25:32	0:13:21	7:43:40	0:11:07	6:11:52	CA	
e43c0244-1474-4bdc-b9fd-d4d8c52b3f87	2164	Joy Irwin	F	F50-54	74	15:46:07	2:05:29	0:08:21	7:12:52	0:10:30	6:08:56	US	
930bece1-71e2-f011-8544-000d3a3173b5	2165	Jake Hobson	M	M40-44	204	15:46:28	1:42:30	0:09:17	7:05:06	0:09:09	6:40:27	USA	
d23b1c26-48c7-4fe1-9ffc-433f884a1740	2166	Tricia harrington	F	F30-34	81	15:47:02	1:48:04	0:08:28	7:12:27	0:08:51	6:29:12	CA	
6e7c1809-662a-4e04-98cc-c48a7cd25b31	2167	Paul Broude	M	M45-49	158	15:47:23	1:42:59	0:16:44	6:44:33	0:12:09	6:50:58	usa	
b313658f-525f-4646-adf2-2e9c1bdb8238	2168	Joseph Scheuring	M	M55-59	131	15:48:04	1:37:20	0:15:56	7:30:20	0:23:35	6:00:53	CA	
349fcb17-51fc-43ef-85bb-8ee7b98cdd4f	2169	Tricia Mainil	F	F55-59	32	15:48:10	1:22:44	0:14:41	7:40:43	0:11:00	6:19:00	usa	
1e71f4f4-2a42-ef11-8409-6045bd079a13	2170	Neil Vyas	M	M35-39	181	15:48:46	1:54:38	0:14:46	6:34:40	0:12:27	6:52:15	CA	
cadf2686-c21e-479a-9849-c6f4ddcc7620	2171	Raul Larios Migoyo	M	M30-34	220	15:49:14	1:27:31	0:10:02	6:56:10	0:06:42	7:08:50	US	
fce96985-7825-4cc0-8c72-f00c5cc712f8	2172	Doug Sylvester	M	M60-64	72	15:49:54	1:23:49	0:10:56	7:08:45	0:17:47	6:48:37	CA	
a9c8855f-757b-f011-b4cc-000d3a5b50ba	2173	Natalie Hoffmann	F	F45-49	74	15:50:02	1:34:15	0:12:48	7:29:15	0:11:21	6:22:24	US	
dbaef438-256f-f011-bec2-7ced8d6e0e83	2174	Lisa Raftis	F	F65-69	8	15:50:06	1:46:58	0:12:32	7:31:31	0:13:48	6:05:16	CA	
b83ac290-674f-ee11-be6f-000d3a314c24	2175	Shane Smith	M	M55-59	132	15:50:29	1:27:53	0:17:20	7:15:15	0:18:53	6:31:08	usa	
df1373f9-7bc6-e811-a974-000d3a34edeb	2176	Doug Taylor	M	M65-69	37	15:50:35	1:43:22	0:18:17	6:41:20	0:20:07	6:47:30	CA	
738f0a2b-e286-4951-b101-14467d3ebcc8	2177	Anne Stevenson	F	F60-64	28	15:50:38	1:33:31	0:12:37	7:01:00	0:13:08	6:50:21	CAN	
ab3a8091-ba45-4957-bac5-bddd7cb1c24a	2178	Dhon Gumban	M	M45-49	159	15:50:44	1:46:26	0:16:12	6:45:01	0:19:42	6:43:21	can	
b9d26028-3ebb-4e63-a049-c749e4ec151f	2179	Brendan Noonan	M	M40-44	205	15:50:59	1:42:55	0:08:25	7:33:11	0:11:17	6:15:10	US	
08909512-6161-4334-a040-fd60cfac3f53	2180	Nicole White	F	F45-49	75	15:51:22	1:33:25	0:08:57	7:26:51	0:12:14	6:29:55	CA	
35e834b2-4509-4fff-ae05-a2dff911a044	2181	Mike Matthews	M	M35-39	182	15:51:27	1:43:35	0:12:28	6:44:33	0:21:07	6:49:43	CA	
07e3941a-ab73-f011-bec3-6045bd09951e	2182	Spencer Bergstrom	M	M25-29	250	15:51:29	1:22:01	0:19:33	7:35:13	0:17:30	6:17:11	CA	
a517d85a-e2b4-43d4-8fd7-bd66058d95a2	2183	Robert Stewart	M	M60-64	73	15:52:32	1:47:38	0:13:26	7:14:15	0:11:15	6:25:58	CA	
97a9fe6a-ab4c-f011-877a-000d3a35ffc1	2184	Cynthia O’Halloran	F	F60-64	29	15:52:38	1:59:18	0:11:52	7:09:53	0:15:27	6:16:08	can	
e149ff3a-8ae1-ef11-8ee9-000d3a592251	2185	Nicholas Krapf - Jones	M	M35-39	183	15:52:53	1:41:05	0:12:27	7:36:04	0:13:42	6:09:35	CAN	
51a0597c-4c71-f011-bec3-6045bd09951e	2186	Keith Henry	M	M50-54	186	15:52:57	1:49:27	0:11:23	6:39:53	0:09:58	7:02:17	CA	
0977a6db-e6d1-4593-a851-1ad04e6a3484	2187	Timothy Lyons	M	M60-64	74	15:53:07	1:38:16	0:26:00	6:15:28	0:27:20	7:06:03	US	
63f9b968-5a2e-4078-ab62-c211ca5b917f	2188	Danielle Dagounis	F	F35-39	50	15:53:30	1:32:56	0:12:06	7:53:51	0:09:53	6:04:44	US	
70a2e209-9517-ed11-b83e-000d3a590262	2189	Leah Weprich		F35-39	51	15:53:30	1:21:07	0:10:33	6:57:39	0:11:22	7:12:48	USA	
cd2a011d-aefd-49d6-8ab1-a43ea7e30ec7	2190	Shannon Mannix	F	F30-34	82	15:53:42	1:37:39	0:09:25	7:49:07	0:08:54	6:08:38	US	
aa33286e-e8b8-4b11-8300-d8df528bde01	2191	Jessica Dempsey	F	F40-44	56	15:54:15	1:48:07	0:08:49	6:57:35	0:12:48	6:46:56	CA	
91074693-09e9-40bf-8b0a-32ca8cbfe451	2192	Patrick Cross	M	M55-59	133	15:54:44	1:07:58	0:10:52	6:59:56	0:09:27	7:26:31	CA	
0044fffc-e859-48b1-93d0-93f9a6ef698c	2193	Melissa Gagnon	F	F40-44	57	15:54:50	1:50:21	0:08:51	7:11:33	0:07:47	6:36:18	CA	
8a3ecadd-4aa2-f011-bbd3-000d3a5b50ba	2194	Clint Cadio	M	M18-24	196	15:55:44	1:55:06	0:23:45	7:10:35	0:32:21	5:53:57	CAN	
8b1b1b6b-52d9-4525-8aee-5c4ff8e479b7	2195	Clayton Schwab	M	M55-59	134	15:55:52	1:27:28	0:11:52	7:34:22	0:10:37	6:31:33	US	
a3d3a630-c3b3-44c2-9211-bddba7afab3a	2196	Jean Maarouf	F	F65-69	9	15:55:56	1:34:14	0:12:51	7:26:43	0:11:34	6:30:34	CA	
579afc40-f7ba-4227-8c9d-c3246c0e0591	2197	Alfred Lam	M	M60-64	75	15:56:39	1:32:13	0:12:47	7:22:33	0:14:44	6:34:23	CA	
4abeace7-99a1-4f1c-89da-5be72d4c3abc	2198	Stéphane Lapointe	M	M55-59	135	15:56:50	1:26:11	0:09:24	7:25:18	0:17:49	6:38:08	CAN	
71e23672-22b1-f011-bbd3-000d3a5b7c3b	2199	Minsan Kwon	M	M18-24	197	15:58:10	1:23:24	0:14:37	7:48:48	0:15:32	6:15:49	CAN	
4edb4a4c-0caf-47a2-81e6-2b10c173e365	2200	Isabelle Lariviere	F	F50-54	75	15:58:24	1:23:44	0:09:02	7:24:30	0:09:48	6:51:20	CA	
23d61442-f00a-4b95-b209-3a79e377aad9	2201	Christina Kaufmann	F	F60-64	30	15:59:11	1:36:23	0:06:35	6:50:20	0:08:49	7:17:03	CA	
17b62b2e-6475-f011-b4cb-0022480c097c	2202	Édouard Lévesque	M	M18-24	198	16:00:00	1:54:53	0:09:05	7:42:59	0:10:23	6:02:40	CA	
d4c66ba6-c2ce-4b68-b7ce-a25bf307084d	2203	Edwin Siregar	M	M55-59	136	16:00:12	2:00:25	0:14:56	6:43:32	0:14:52	6:46:27	US	
da25e6d8-beec-44a9-ad7c-979788d0ab5d	2204	Michal Cerny	M	M60-64	76	16:00:28	1:53:45	0:15:36	6:29:10	0:13:19	7:08:37	CA	
bf9e4563-ea5b-4308-91f2-505cc4097888	2205	Elaine Laroche	F	F60-64	31	16:00:41	2:09:13	0:21:41	7:28:26	0:16:38	5:44:43	CA	
f288c159-7136-421c-b463-4c0e1a7e846c	2206	Linda Beale	F	F60-64	32	16:01:38	1:47:48	0:27:07	6:56:05	0:19:19	6:31:19	US	
613cb577-1679-ee11-8179-0022480acaa6	2207	Lynette Smith	F	F40-44	58	16:01:58	1:45:53	0:13:23	7:43:41	0:07:55	6:11:06	US	
846540ff-010a-ef11-9f89-000d3a59e106	2208	Bruce McLaurin	M	M70-74	7	16:02:19	2:12:49	0:14:09	7:22:23	0:13:52	5:59:06	CA	
b35500d8-39b5-4e20-a11d-8ff66c6f597c	2209	Jerome Aaron Mejia	M	M35-39	184	16:02:32	1:35:41	0:15:17	6:52:46	0:19:26	6:59:22	CA	
e2e14c7f-f657-4a3e-b7c5-185e08b7ee5e	2210	Sarah Powers	F	F45-49	76	16:04:24	2:06:14	0:07:15	7:12:19	0:09:11	6:29:25	US	
72a38ebd-5e74-f011-b4cc-6045bd05f634	2211	Elizabeth Mizikovsky	F	F18-24	42	16:06:02	1:36:08	0:05:43	7:29:39	0:09:23	6:45:09	CAN	
827c06dd-e44b-4484-89eb-ab0f5845c1cf	2212	Elizabeth Model	F	F65-69	10	16:06:09	1:31:13	0:08:50	7:09:04	0:09:16	7:07:47	CA	
2f9b50ea-6d59-4e18-87a3-36cd92fff4c2	2213	Jody Christopher	F	F60-64	33	16:06:45	1:27:47	0:09:06	7:41:46	0:09:42	6:38:24	USA	
550d86e8-649e-f011-b41c-002248098cfa	2214	Varun Kawley	M	M18-24	199	16:07:18	1:13:34	0:14:30	7:03:50	0:09:23	7:26:01	CA	
cf0ccdd2-9858-4615-95f9-ce55f3e90796	2215	Francois Duquette	M	M50-54	187	16:07:32	1:48:00	0:12:03	7:04:13	0:20:45	6:42:31	CA	
6bf473bf-fe58-434b-bf09-bbbf5dbec794	2216	Devon Sylvester	M	M30-34	221	16:08:10	1:27:41	0:11:39	7:21:09	0:18:52	6:48:49	CAN	
bf2d0327-b6a5-ee11-be37-000d3a314c24	2217	Sarah Verna	F	F30-34	83	16:08:14	1:37:36	0:05:57	6:53:28	0:05:27	7:25:46	US	
11beaf4a-cb73-f011-b4cb-6045bd09bca8	2218	Ciaran Allman	M	M25-29	251	16:08:51	1:30:21	0:13:04	7:33:22	0:17:38	6:34:26	CA	
8a31b0c6-3287-f011-b4cc-000d3a35ffc1	2219	Harvard Matt	M	M18-24	200	16:09:33	1:33:42	0:11:52	7:33:42	0:20:29	6:29:48	CA	
5ad77d34-8374-f011-b4cc-6045bd05f634	2220	Christa Boudreau	F	F40-44	59	16:09:44	1:21:44	0:08:44	6:16:03	0:05:53	8:17:21	CA	
9a831412-6d2d-4373-9247-2179b046b034	2221	Nancy Elwess	F	F70-74	1	16:10:30	1:32:44	0:11:01	7:17:10	0:11:45	6:57:49	US	
fd6fc0f9-4478-4a1c-9e86-64018d2f2d3b	2222	Edward Cruz	M	M65-69	38	16:10:55	1:38:09	0:12:03	5:44:54	0:11:50	8:24:00	usa	
28b54e55-2243-43d0-bd58-6e2a40b3abfd	2223	Ali Duke	F	F50-54	76	16:10:58	1:48:13	0:15:23	7:25:10	0:10:09	6:32:03	CAN	
42012415-0854-4042-8374-a67b8db2eb49	2224	Kara Little	F	F45-49	77	16:11:22	1:24:30	0:07:05	6:33:36	0:07:49	7:58:22	usa	
30929890-3819-4886-b52b-931d3ebbca23	2225	Timothy Andrews	M	M60-64	77	16:12:05	1:21:30	0:08:48	7:10:58	0:09:53	7:20:56	CA	
5677d884-34b2-4361-96c8-64428dd267ea	2226	Kanako Taguchi	F	F50-54	77	16:13:21	1:31:53	0:09:34	7:30:46	0:14:33	6:46:36	JP	
12e4ca55-17ce-f011-bbd3-000d3a35ffc1	2227	Nate Cooper	M	M18-24	201	16:13:22	1:23:18	0:06:57	7:34:37	0:08:32	6:59:58	CAN	
797dd188-f99a-ef11-8a6a-6045bd02949c	2228	Hannah Traynor	F	F25-29	96	16:13:44	1:39:57	0:06:20	7:45:21	0:07:57	6:34:10	CA	
6f3f5197-e45b-4cff-b192-86a795395fac	2229	David Kennedy	M	M50-54	188	16:14:40	1:39:58	0:14:52	7:21:55	0:13:23	6:44:31	CA	
9a358228-1a5f-4729-8578-2476c46927aa	2230	Pamela Pettie	F	F65-69	11	16:14:45	1:28:52	0:06:27	7:16:11	0:07:47	7:15:28	CAN	
a2e37309-92af-435b-a66f-77c169b4934b	2231	Ben Lycklama	M	M45-49	160	16:14:46	1:28:56	0:06:22	6:53:50	0:09:38	7:36:00	CA	
a93ea733-36f4-4d6a-9ff4-826a87b29b62	2232	Valerie Weber	F	F40-44	60	16:14:57	1:24:06	0:09:42	7:10:27	0:11:24	7:19:18	CA	
59db274d-1690-4ca7-bb72-a1b8d348f9d0	2233	Edwin Pabitu	M	M60-64	78	16:15:07	1:54:49	0:11:19	6:56:42	0:08:34	7:03:42	CA	
c71e893c-1663-4f2f-97ad-b7b989bac8cf	2234	Steve Putman	M	M55-59	137	16:16:27	1:31:47	0:10:11	8:00:07	0:09:39	6:24:42	CA	
87cfd1b8-40b9-41c6-a25a-1cbd7dcb1bbb	2235	Karine Champagne	F	F40-44	61	16:17:17	1:38:21	0:10:20	7:22:19	0:16:10	6:50:07	CA	
700d6c38-afe0-4489-9a04-46e255f53f13	2236	Daniel Dufour	M	M55-59	138	16:17:30	1:35:32	0:12:32	7:05:43	0:15:16	7:08:27	CA	
570c0a65-f7fe-41de-ba2c-a2e53ed8a1f2	2237	Craig Clow	M	M70-74	8	16:17:49	1:31:19	0:13:21	6:59:03	0:14:50	7:19:16	CA	
c23b24b4-45d4-4ad2-984b-3343e14ded73	2238	Grisel Saez	F	F65-69	12	16:18:41	1:44:24	0:08:39	7:18:51	0:12:03	6:54:44	USA	
e72bbbbd-e705-f111-8406-0022480b35b6	2239	PHILLIP CHONG	M	M55-59	139	16:18:49	1:49:05	0:23:03	7:39:52	0:22:05	6:04:44	CAN	
74ae3fc3-293c-4374-b9fa-f9a43dbd09ce	2240	John Josey	M	M50-54	189	16:19:04	1:27:43	0:15:28	7:15:57	0:34:06	6:45:50	CA	
5ddee9f3-e81a-f011-9989-6045bd05f634	2241	Kenzie Lorraine	F	F18-24	43	16:19:58	1:26:17	0:17:21	7:41:25	0:10:27	6:44:27	CA	
141fd569-ddd9-4a53-9661-78e661564617	2242	Virginia Mech	F	F60-64	34	16:19:58	1:25:03	0:13:01	7:46:57	0:11:32	6:43:26	CA	
1a1714ff-a919-ed11-b83e-000d3a590c8e	2243	Ben O'Donnell	M	M45-49	161	16:21:11	1:45:50	0:08:48	7:50:56	0:06:03	6:29:35	CA	
7e92421e-2568-f011-bec3-000d3a3173b5	2244	Joanie Gregoire	F	F40-44	62	16:21:21	1:29:10	0:11:15	7:02:40	0:12:13	7:26:04	CA	
38e68131-4de9-431e-9e7d-cd6efaf693b1	2245	Benoit Leglise	M	M55-59	140	16:21:38	1:41:11	0:15:15	6:46:53	0:16:52	7:21:26	CA	
0f10d77c-3fd1-4bb4-b0e5-7c65023de364	2246	Adam Szkraba	M	M30-34	222	16:21:39	1:24:13	0:13:36	6:54:51	0:13:48	7:35:11	CA	
6aad26b7-cd73-f011-b4cc-6045bd05f634	2247	Heather Canali	F	F50-54	78	16:22:32	2:06:55	0:15:09	7:24:11	0:11:11	6:25:06	CA	
69afae0c-ae17-f011-998a-000d3a5b50ba	2248	Gael Rayes-Dominguez	M	M18-24	202	16:23:25	1:59:18	0:07:56	8:20:25	0:08:13	5:47:33	CA	
07b20632-dcba-48c9-ac2b-4fc067614c1f	2249	Darren Helderweirt	M	M55-59	141	16:23:40	1:44:18	0:14:10	6:56:09	0:22:07	7:06:56	CA	
c738bb19-802b-4b70-b1d4-a37789839b66	2250	Sarah Robertson	F	F45-49	78	16:25:14	1:42:06	0:05:26	7:39:40	0:04:48	6:53:14	CA	
417660ee-8aba-ef11-b8e8-000d3a5a403c	2251	Mark Turney	M	M45-49	162	16:25:20	1:55:32	0:13:34	7:54:06	0:13:36	6:08:33	CA	
77d6af6a-3a6e-462a-92f2-5a1d1f319314	2252	Leah Mccann	F	F45-49	79	16:25:22	1:21:04	0:10:26	7:27:45	0:13:13	7:12:55	CA	
5fbc0b47-9571-f011-b4cc-6045bd05f634	2253	Florian Ménard	M	M25-29	252	16:25:24	1:43:59	0:08:38	8:29:50	0:04:17	5:58:39	CA	
28429780-fc7e-f011-b4cc-000d3a3173b5	2254	Alison Lavoie	F	F18-24	44	16:25:27	1:33:53	0:11:31	7:35:41	0:06:48	6:57:33	CAN	
ef676419-b1da-4678-93db-9306166b96af	2255	Benjamin Haithcock	M	M55-59	142	16:25:37	1:49:10	0:06:58	7:00:54	0:06:48	7:21:48	US	
208851f1-8d9c-4b2d-a9b0-600a6a371f0f	2256	Wesley Belanger	M	M55-59	143	16:26:29	1:59:48	0:09:25	7:14:37	0:08:05	6:54:34	CA	
8ec530d7-c000-ef11-a1fe-6045bd0158c4	2257	Alain Dube	M	M55-59	144	16:27:46	1:42:08	0:14:49	7:41:20	0:14:11	6:35:18	CA	
5530c30e-992e-4d84-aeb2-cd4c4cbcf970	2258	Benoît GAMACHE	M	M60-64	79	16:28:24	1:38:20	0:20:19	7:01:48	0:19:35	7:08:23	can	
9d180e11-fc30-4a30-bf22-832e29abd406	2259	Peter Smolik	M	M65-69	39	16:29:04	1:33:04	0:14:49	6:55:49	0:15:44	7:29:37	CA	
de26f058-2077-44f3-a63f-ba8ef4939023	2260	Scott Mcinnes	M	M50-54	190	16:29:29	1:18:30	0:10:32	7:31:55	0:17:15	7:11:17	CA	
5d3396d4-d6e2-f011-8544-000d3a35ffc1	2261	ken sidloski	M	M50-54	191	16:29:52	1:27:05	0:11:01	7:20:17	0:14:25	7:17:04	CAN	
19f416c7-cdae-463e-b66f-637c87fea76f	2262	Trevor Thieme	M	M40-44	206	16:29:54	1:42:20	0:16:05	7:36:10	0:15:20	6:39:59	US	
490faf97-3ae6-4e4b-937d-641445c9c21c	2263	Ron Plichta	M	M65-69	40	16:31:41	1:25:45	0:10:21	7:03:33	0:10:22	7:41:40	US	
257b589e-4565-43c5-aca1-dd793cf611b6	2264	Melissa Donahue	F	F40-44	63	16:32:17	1:56:40	0:09:05	7:09:26	0:14:04	7:03:02	US	
9301e1c7-01f7-f011-8406-0022480b35b6	2265	Yousef Hafez	M	M18-24	203	16:32:56	1:34:39	0:17:10	8:17:51	0:29:27	5:53:48	CAN	
dcd7dad9-9001-484b-b5de-e2f724b8d6be	2266	Maryann Keith	F	F45-49	80	16:33:08	1:30:56	0:09:50	8:04:51	0:12:18	6:35:13	usa	
0035e637-2dd1-f011-8543-000d3a34ed15	2267	SONJA ADCOCK	F	F65-69	13	16:33:10	1:50:40	0:17:43	7:24:19	0:14:24	6:46:04	CAN	
eb1d9a6e-5ef1-f011-8406-00224804c237	2268	Tiffani Morgan	F	F30-34	84	16:33:23	1:41:36	0:09:26	7:58:24	0:07:02	6:36:54	CAN	
f050392d-4d78-f011-b4cb-000d3a5b7c3b	2269	Adrien Dellah	M	M25-29	253	16:33:28	1:56:52	0:09:18	7:31:50	0:20:54	6:34:33	CAN	
a6be970d-0842-f011-b4cb-0022480a7385	2270	Dennis Getz	M	M30-34	223	16:33:44	1:46:32	0:11:15	6:46:50	0:14:40	7:34:27	DEU	
33a9ef4f-78b8-4572-9ea7-d194a054eed3	2271	Varun Singh	M	M30-34	224	16:33:46	1:37:38	0:10:56	7:41:05	0:15:08	6:48:59	IN	
998aa9a4-904e-f011-877a-000d3a5b7c3b	2272	Alexander Kavadas	M	M25-29	254	16:33:48	1:23:58	0:16:10	7:42:58	0:11:28	6:59:13	USA	
9a80e4bd-7d96-f111-8075-70a8a5aecbf0	2273	Lindsay Kavadas	F	F30-34	85	16:33:52	1:38:12	0:12:15	7:32:57	0:11:15	6:59:13	US	
ffd2185c-d291-ed11-aad1-000d3a31406e	2274	Leslie Boerkamp	F	F45-49	81	16:37:46	2:12:56	0:09:45	7:18:00	0:09:56	6:47:09	CA	
16638b56-807c-4c48-aeac-e209f5de7720	2275	Silvia Chaves Madrigal	F	F40-44	64	16:38:12	1:50:39	0:12:40	8:06:36	0:10:40	6:17:37	CR	
9dac0458-edcb-4a16-82f9-a46c273d4331	2276	Annie Gagnon	F	F50-54	79	16:39:23	1:33:44	0:10:36	6:30:20	0:17:31	8:07:12	CA	
61d42490-c6f3-4d80-ae04-c2821125d727	2277	wilfred Kimberley	M	M50-54	192	16:39:40	1:50:01	0:09:01	7:20:14	0:10:51	7:09:33	CA	
09fbd475-c795-47bd-ae2e-7ccdf01b3718	2278	Hisayo Tominaga	F	F45-49	82	16:40:51	1:58:18	0:20:16	7:27:50	0:25:21	6:29:07	JP	
5fd1987a-71ba-4db0-a98e-753ad6565077	2279	Amanda Harris	F	F40-44	65	16:42:49	1:28:17	0:21:00	7:44:27	0:16:28	6:52:36	US	
45287be0-2e73-f011-bec2-0022480c097c	2280	Pat Buchik	F	F70-74	2	16:43:25	1:43:43	0:18:17	8:19:15	0:12:01	6:10:10	CA	
9509762c-01ab-4b80-8158-fbbf072c72dc	2281	Michelle Rumney	F	F60-64	35	16:44:21	1:33:57	0:11:09	7:00:49	0:17:25	7:41:02	CA	
3bfd241d-71be-46d6-968e-8a444087e917	2282	Daniel Mallory	M	M75-79	2	16:44:46	1:30:57	0:15:45	7:18:33	0:23:55	7:15:35	CA	
31adac73-adba-f011-bbd2-000d3a5b7c3b	2283	Henrique Moreira	M	M18-24	204	16:44:53	1:38:03	0:07:15	8:27:36	0:09:19	6:22:41	CAN	
12b28d48-25e0-ef11-8eea-000d3a30152c	2284	kevin tonuzco	M	M18-24	205	16:46:47	2:04:16	0:12:34	7:56:07	0:07:19	6:26:31	CA	
4fc12dc8-545e-ef11-bfe3-00224808301f	2285	Megann Wall	F	F25-29	97	16:46:52	1:40:19	0:16:00	7:40:01	0:14:23	6:56:10	CA	
89929a4d-3a76-f011-b4cb-000d3a5b7c3b	2286	Kayla Delpino	F	F25-29	98	16:47:27	1:39:27	0:09:17	7:32:06	0:06:46	7:19:51	US	
84aa57c1-3f26-ec11-b6e5-00224809c538	2287	Lisa Stanton	F	F40-44	66	16:48:09	1:17:03	0:15:30	7:50:25	0:13:03	7:12:08	USA	
7dfa890c-59cc-f011-bbd3-6045bd09951e	2288	Blaise Power	F	F35-39	52	16:48:45	2:13:53	0:16:07	7:45:43	0:09:59	6:23:03	CAN	
9883b34d-d9d6-4599-929e-6c145b431904	2289	Jeff Roberts	M	M65-69	41	16:49:09	1:35:29	0:16:01	7:15:17	0:14:40	7:27:41	CAN	
9b2ea633-4580-4c05-90b4-957c05114c4b	2290	Jessica Gerdes	F	F40-44	67	16:49:11	1:38:27	0:11:30	7:31:09	0:12:36	7:15:29	US	
fc258a89-ac44-4a39-aaf0-06031e1f525b	2291	Steve Benoit	M	M60-64	80	16:50:02	1:45:17	0:14:49	7:04:21	0:11:32	7:34:03	US	
12a4a71b-c495-f011-b4cc-000d3a35ffc1	2292	Leslie Smith	F	F30-34	86	16:51:29	1:21:08	0:06:04	8:39:15	0:07:59	6:37:04	US	
c788a3c8-6599-40ee-ba17-f5c7a70edd0b	2293	Guy Prevost	M	M65-69	42	16:52:06	1:39:00	0:11:49	7:46:19	0:23:44	6:51:14	CA	
a3be5b4a-799b-4bcf-b3e1-b0bfb8f803ae	2294	Candy Giles	F	F65-69	14	16:52:22	1:40:24	0:12:04	7:16:23	0:10:14	7:33:17	US	
9eaf478e-89d9-ef11-8ee9-000d3a5ae96c	2295	Nelson Hernandez	M	M30-34	225	16:59:31	1:43:41	0:10:49	6:07:00	0:09:30	8:48:32	CA	
ea8455b7-0e9e-4b27-a096-3bf19804b455	2296	Kimberley Ouellette	F	F40-44	68	17:13:06	2:09:29	0:06:41	8:06:54	0:05:49	6:44:13	CA	
2b560710-de50-4edd-b6f0-44164c41a4b8	2297	Deborah Vincent	F	F60-64	36	17:16:35	1:28:26	0:12:43	8:28:10	0:16:55	6:50:21	CAN	
670e54f8-1f55-42cf-908e-685665ebc77e	2298	Jean Ste-Marie	M	M35-39	185	17:35:34	1:36:39	0:06:33	8:10:22	0:05:08	7:36:52	can	
c4ad01d8-ad23-4380-be5a-4878150e9179	99999	Rob Allen	M	M55-59	99999		1:08:42	0:04:06				CA	DNF
0079b7a3-159b-f011-b4cc-0022480a7385	99999	Kaja Neset	F	F18-24	99999	17:05:57	1:49:19	0:08:24	8:38:01	0:04:19	6:25:54	CAN	
7ad0b9a4-4fbd-4802-a51b-db4cfe4169d0	99999	Lamont Hames	M	M55-59	99999		2:35:26					usa	DNF
0d1c9274-f157-4512-90c5-497dd5082ffe	99999	Luc Cournoyer	M	M55-59	99999							CA	DNS
7d27c5d5-df65-48f3-bbf7-d634ab94d9fe	99999	Jessy Wang	F	F55-59	99999		2:25:19					usa	DNF
e5f32327-ad6d-402f-b260-af9ab2e8f51e	99999	Yannick Massicotte	M	M30-34	99999		1:16:50	0:05:15				CA	DNF
4e44bcd3-c12e-4bc1-b382-ab15d768f52d	99999	Marc Thibault	M	M70-74	99999		1:46:23					CA	DNF
2f59763c-6a99-4a7d-bb25-4e3bbf091770	99999	Frank Brennan	M	M75-79	99999		2:47:16	0:13:54	7:27:07			CA	DNF
4a3e8c40-721e-4687-bae3-cabe5d5f1220	99999	Laurent LEMONNIER	M	M40-44	99999		1:07:17	0:04:14	5:25:52	0:11:28		fra	DNF
5a8af3ad-d500-ef11-a1fe-6045bd0158c4	99999	Grace Pidduck	F	F65-69	99999		2:28:39	0:10:05				CA	DNF
4edb35cd-c943-4016-a06a-700b20b7b625	99999	Louis-Michel Lavallee	M	M35-39	99999							CA	DNS
854ef526-8747-4068-a566-1f0ac768c91b	99999	Wendy Tokach	F	F45-49	99999		1:28:44	0:12:43				US	DNF
0219c190-f602-4ee1-8c9c-37eccc7354db	99999	Lawrence Bautista	M	M40-44	99999		1:31:18	0:05:50				CA	DNF
2c5aade7-5c40-4e35-9752-0b7ed2c714b6	99999	Timothy Bracken	M	M50-54	99999							CA	DNS
2e59cfae-af05-4e17-a663-4ea35710f629	99999	Stephanie Rivest	F	F50-54	99999		1:23:33	0:09:01	7:24:50	0:42:10		CA	DNF
78332b9d-d974-f011-b4cc-000d3a35ffc1	99999	Jan Beltran	M	M18-24	99999	16:26:43	2:21:46	0:05:34	7:29:50	0:07:42	6:21:50	CA	
13df15f8-3cb5-459f-941c-ea9ee96dd95a	99999	Lindsay Craig	F	F40-44	99999		2:24:02	0:07:05	8:19:27	0:05:35		US	DNF
9ff13925-e473-4339-a563-21e5c11be714	99999	Manon Mercier	F	F65-69	99999		1:44:08	0:07:32				CA	DNF
b39d68ef-e37e-4426-a13b-e76e6b8d6b91	99999	Francois Nantel	M	M60-64	99999		2:04:27	0:05:40	6:51:06	0:06:49		CA	DNF
aaa7964f-5cab-ef11-b8e9-000d3a5a1803	99999	Jonathan Mai	M	M35-39	99999		2:42:13					US	DNF
2dc3d32d-feb8-f011-bbd2-00224808b75f	99999	brian wall	M	M60-64	99999	17:07:58	1:58:03	0:21:59	7:44:48	0:16:40	6:46:29	CAN	
a7b933da-4d1f-488d-87fd-8738696eae8e	99999	Laura England	F	F25-29	99999		1:12:04	0:11:46				CA	DNF
6e495f35-9e1c-ef11-840b-6045bd012ace	99999	Alexandra Vaillancourt	F	F18-24	99999	17:38:32	1:48:27	0:09:39	8:39:56	0:07:12	6:53:18	CA	
8ce0faef-9a95-4fdf-9cc9-e2593d06027a	99999	Colleen O'Brien	F	F55-59	99999		2:13:10					CA	DNF
749c518b-a650-4688-90ea-3c85eb80d513	99999	John Mitchell	M	M65-69	99999		1:38:55	0:07:59				CA	DNF
3a08a127-6371-f011-b4cc-6045bd05f634	99999	Jonathan Payne-adams	M	M35-39	99999		2:49:20					CAN	DNF
e325ae29-ed4b-4a33-9e9c-4f3d9868442e	99999	Beatrice Van Horne	F	F75-79	99999		1:42:25	0:13:05	7:07:04	0:09:52		US	DNF
c1c11a0e-4316-494f-8a3e-5c46603a505e	99999	Mackenzie Wilson	F	F30-34	99999		1:28:30	0:06:23				CA	DNF
3293c415-99a2-45b7-ad23-a0cea68da5a7	99999	Kassidy Greulich	F	F25-29	99999		1:22:22	0:05:31	6:44:42	0:07:50		CA	DNF
3c89cbdb-2851-4074-9ac5-7f0d013611b1	99999	Colum McKinley	M	M55-59	99999		1:34:10	0:12:06	5:46:06	0:08:33		CA	DNF
ab9ce72a-de2b-41a0-9893-315050d95624	99999	Marek Dobrzycki	M	M45-49	99999		1:06:29	0:03:35				pol	DNF
b998e64d-cdad-f011-bbd3-000d3a5b7c3b	99999	Tyler Murray	M	M25-29	99999		1:11:23					CA	DNF
0a953ae0-0e29-4b63-acf7-5a42730720d5	99999	Arie Merrin	M	M60-64	99999							CA	DNS
bd0501a5-7840-4327-94ff-e0bc979774ed	99999	Jeff Stoveld	M	M40-44	99999							CA	DNS
b7d32ebb-ae0d-4f77-8e74-fa7b5a260042	99999	Mélanie Levesque	F	F50-54	99999		1:37:40	0:12:45				CA	DNF
28cc69ec-4d5a-43cd-b782-e16c8c616c50	99999	Erin Mayo	F	F45-49	99999		1:23:15	0:04:46				CA	DNF
a5254882-a873-f011-b4cc-6045bd05f634	99999	Troy Hacke	M	M25-29	99999	17:06:12	1:50:57	0:10:48	7:53:23	0:13:36	6:57:27	CA	
2738e000-8bf8-f011-8406-000d3a3af7e5	99999	Alejandra Badillo-Taub	F	F50-54	99999		1:16:40	0:15:35				USA	DNF
ffda8494-fc7b-4473-8537-901801249348	99999	Molly English-Bowers	F	F65-69	99999		1:47:48	0:07:51				US	DNF
99e0bf97-a254-4fee-8b61-7edbb423c0e9	99999	Rick Hein	M	M60-64	99999		2:28:08					CAN	DNF
679dad5a-8fa7-f011-bbd3-000d3a5b7c3b	99999	Abraham Bollozos	M	M60-64	99999							USA	DNS
74e32e58-4e71-f011-bec2-002248098cfa	99999	Thomas Champagne	M	M18-24	99999							CA	DNS
7669685d-559c-4127-ad1c-ef6a4f097e81	99999	Meera Ruparelia	F	F45-49	99999		1:46:27					CA	DNF
c757e717-5153-49bd-ab67-a32b04fc184e	99999	John Wragg	M	M75-79	99999		1:33:06	0:10:14				CA	DNF
0ab6f2e2-b294-f011-b4cc-000d3a5cf7d8	99999	holly hayball	F	F30-34	99999		2:13:13					CAN	DNF
48725b13-d213-4021-8588-e804dd9dc0bb	99999	Glen Day	M	M40-44	99999							CA	DNS
7ecb32a8-630c-49c3-97e7-593e6f7c3b0e	99999	Vayzel Lee	M	M65-69	99999		1:33:31	0:13:47	7:38:36			CA	DNF
c5993978-99b1-4104-96f9-3ea2bde287bb	99999	Rengie Muelle	M	M40-44	99999							CA	DNS
5c2fbc38-cace-4721-9bdd-66ffc882b032	99999	Michael Pow	M	M45-49	99999							usa	DNS
8720e56c-8156-4647-adde-9643836e0e34	99999	Daniel segura	M	M55-59	99999		1:44:10	0:18:10	6:51:49	0:12:16		CA	DNF
ec0a0215-abec-4fb3-b5ba-1317d37ec8d0	99999	David Crone	M	M65-69	99999		1:17:00	0:06:22	5:49:38	0:04:27		can	DNF
0f71537f-040b-4f02-bb51-b3c625442763	99999	Leonardo Moreira	M	M50-54	99999		1:05:03	0:07:40	5:58:47	0:15:31		CA	DNF
60967f2a-d277-f011-b4cc-6045bd05fcc1	99999	Stephanie Rice	F	F30-34	99999		2:36:52					CA	DNF
3b7dfe61-5f75-f011-b4cc-000d3a5b50ba	99999	tania dean	F	F60-64	99999							CAN	DNF
0aa24436-02e0-4a9e-8707-35109e592aef	99999	stephen morris	M	M55-59	99999							CA	DNS
e699997a-30f0-f011-8407-0022480c097c	99999	Justin Belzner	M	M25-29	99999		1:50:35	0:12:45	7:27:35	0:13:30		CAN	DNF
f96409a9-c244-43e2-8502-d0ea5ee47809	99999	Gigi Jover	F	F55-59	99999		2:18:25	0:12:42	7:53:17	0:10:51		US	DNF
718cd092-6345-f011-877a-6045bd09951e	99999	Justin Gingras		M25-29	99999							CA	DNS
a72adeca-33f4-4276-80af-95659df1c3c3	99999	Pierre Plante	M	M60-64	99999							CA	DNF
03bab890-6d7c-4893-bf2d-f5073109db90	99999	Joel Koscielski	M	M35-39	99999							CA	DNS
56acfb0f-0c73-f011-b4cb-7ced8d6e777a	99999	Alireza Hashemi	M	M50-54	99999	17:02:34	1:51:32	0:10:48	7:12:53	0:15:07	7:32:13	CA	
3a6d59cb-2954-4bf0-b358-e70fd905c791	99999	Stan Large	M	M45-49	99999		1:30:54	0:14:46	7:53:04	0:14:57		CA	DNF
89ecd896-6e81-443a-8f2f-064d076006ee	99999	Steven Tobin	M	M55-59	99999							can	DNS
e58d28d2-dcb0-ec11-9840-000d3a5a3f0e	99999	Laury-Jade Mercier-Loyer	F	F25-29	99999		1:52:54	0:07:16	7:51:41	0:06:57		CA	DNF
c08cacba-717a-4ffb-a7e5-00a3112fc9e4	99999	Faizel Sunderji	M	M50-54	99999							CA	DNF
0a5fcd48-5c2e-41f0-856e-f3100b9c061c	99999	Michael Kilpatrick	M	M70-74	99999		2:59:59	0:11:29	6:16:28			CA	DNF
e8b3abf7-8642-ef11-8409-00224805abd4	99999	Lesley Rasmussen		F45-49	99999		1:11:30					CA	DNF
c3afbb01-078a-4857-981a-60c450843d4a	99999	Ken de Jong	M	M55-59	99999		1:33:33	0:11:51	7:13:27	0:14:21		CA	DNF
0939f2b1-d387-4721-b6a9-78214b38afd9	99999	Kris Plant	F	F60-64	99999							can	DNS
8eaeda89-8d30-430b-84a6-c731ca0d9ee0	99999	Perry Lupyrypa	F	F60-64	99999							CA	DNS
f29db5fa-6a84-ef11-ac21-000d3a5a1803	99999	Rama Subramania Raja Nanthial Alagesava Raja	M	M45-49	99999	17:28:23	1:49:23	0:14:06	7:49:24	0:13:04	7:22:26	CA	
45e3d368-b3cb-f011-bbd3-000d3a3173b5	99999	Kristine Sultmanis	F	F30-34	99999		2:05:25	0:09:52				can	DNF
298c8fa1-acd1-4dd6-aee3-616dff21bb32	99999	Raffaele Corbisiero	M	M65-69	99999	15:08:23	2:29:31	0:10:04	6:48:33	0:10:02	5:30:12	US	
a8d2f810-2605-f111-8406-6045bd08b1a2	99999	Felipe Castanho	M	M18-24	99999		1:12:22	0:09:31				USA	DNF
f87cbe30-e7bb-43a1-b800-29d6136b8cf2	99999	Philip Deeter	M	M60-64	99999		2:07:04	0:12:38				US	DNF
d53f2318-acba-f011-bbd3-6045bd05f634	99999	Erin Malley	F	F45-49	99999		1:42:43	0:17:01	7:32:18	0:22:29		CAN	DNF
bf45f7f7-7674-ec11-8943-000d3a34acc7	99999	Elizabeth Van Heusden	F	F40-44	99999		1:47:23	0:08:33	7:58:49			US	DNF
dbcd1c68-29bf-4b0f-885c-16476fae555d	99999	Kathleen Mccullough	F	F60-64	99999		1:30:41	0:13:52				US	DNF
6195ee29-f0a1-f011-bbd3-6045bd05fcc1	99999	Jason Adams	M	M45-49	99999		1:48:01	0:10:35	6:49:30			CA	DNF
80928826-1e19-41ee-9bc7-782b50625d23	99999	Emmett Cook	M	M30-34	99999							CA	DNS
21425d30-100f-4cad-acfb-d22a157d2ef6	99999	Erica Castner	F	F45-49	99999		1:54:36	0:08:02	7:42:47	0:12:04		US	DNF
c7379b1a-0301-ef11-a1fe-000d3a314d17	99999	Alex Parker	M	M35-39	99999							CA	DNS
e491af1c-26da-4359-b225-6238677b0361	99999	America Vergara	F	F50-54	99999		1:42:11	0:06:45				US	DNF
2c27b7f0-3187-ef11-ac21-000d3a5a1803	99999	Paul Mcneil	M	M40-44	99999		1:14:37	0:09:30				CA	DNF
4d509f36-9179-40ea-8c09-fab49f80d0e5	99999	Daniel Heath	M	M50-54	99999		1:33:54	0:03:55				CAN	DNF
194252b9-7605-4c74-ba66-605045a9714b	99999	Sophie Pugh	F	F50-54	99999							can	DNF
714e4f8b-d9fa-4e83-909f-be0943ecb13e	99999	Yves-Gabriel Leboeuf	M	M35-39	99999							CA	DNS
6c09c409-3751-4899-8c46-af4e5a8eba4d	99999	Jean-Francois Gagne	M	M65-69	99999							CA	DNS
dc301ed6-3f82-4469-9ab5-4d0c47f32d01	99999	Neil Lang	M	M40-44	99999		1:36:43	0:18:31				CA	DNF
5bf5bdb9-0837-ef11-840a-00224809fd7c	99999	Kasia Chichón	F	F50-54	99999							CA	DNF
ca900890-dcd7-4339-a25d-043049328c9e	99999	Christopher Crespo	M	M35-39	99999							CA	DNS
cda1bd3b-58c5-485b-940d-0f54f6461860	99999	Marc Therrien	M	M55-59	99999							CA	DNS
c856b7f9-5f31-467c-8583-8ae9a1c5e6aa	99999	Darcia Kmet	F	F55-59	99999		3:14:44					CA	DNF
3877c170-792a-4f74-818c-e9315db7ad89	99999	Susan Haag	F	F60-64	99999		1:59:37	0:16:01				usa	DNF
400038d4-6671-f011-bec2-000d3a5cf7d8	99999	Ronald Lucien	M	M40-44	99999		2:32:22					CA	DNF
7c62b4b4-9846-47d6-9d59-6f78d0744f93	99999	Cristina St. Pierre	F	F55-59	99999		1:52:17	0:14:15				CA	DNF
25e554f4-3afd-44c9-8a60-a481a642fa39	99999	Nick Cosman	M	M45-49	99999		0:57:50	0:04:05	4:44:48	0:04:53		can	DNF
bd21b7df-a099-f011-b4cc-6045bd05fcc1	99999	Julie Leroux	F	F18-24	99999	17:32:46	1:49:31	0:07:05	7:51:24	0:08:12	7:36:33	CA	
f33e408d-2004-45e3-9465-938e3c4ac735	99999	Dennis Wright	M	M50-54	99999		1:35:07	0:12:42	7:11:51			USA	DNF
5be18944-4e52-4277-bf3a-41c141d09b3e	99999	Stan Sinclair	M	M60-64	99999		3:00:59	0:19:46				CA	DNF
f55c0833-c63d-4642-895b-ffdda3e3cdd7	99999	Marie-Hélène Durivage	F	F40-44	99999		1:33:10	0:09:20				CA	DNF
01dcf2d7-a305-456d-93d9-529fa85d6de1	99999	Robert Berke	M	M80-84	99999		1:34:37	0:14:41				US	DNF
a5fc49ac-4773-4dd2-b03a-832b6b7607cb	99999	Sophia Cai	F	F25-29	99999		2:04:29	0:16:49				US	DNF
04404392-2e70-4c99-81e6-d58d2bde7d19	99999	Alejandro Chequer	M	M40-44	99999							CA	DNS
a3749fdb-db92-e511-9409-005056951bf1	99999	Marjorie Patrick	F	F55-59	99999							US	DNS
91187847-8775-f011-b4cc-000d3a3173b5	99999	Yasuhiro Nakamura	M	M45-49	99999							JP	DNS
eea77aa7-891a-4ddf-a8c2-27d2bb884db3	99999	Karen Arsenault	F	F55-59	99999		1:30:53	0:16:55	8:07:16	0:17:43		CA	DNF
9eede1b7-8003-4e9f-99b5-7e26896529d2	99999	Nolan Hunder	M	M35-39	99999	16:34:31	1:44:48	0:10:35	8:35:27	0:03:12	6:00:30	CA	
c14d2c0a-4ed3-4666-8f02-18ce42a4a01a	99999	Luann Babiak	F	F60-64	99999		1:44:15	0:06:18	8:06:00	0:13:07		CAN	DNF
80b770c0-4bd0-4ed3-b7a1-31475864ace4	99999	Francois Dionne	M	M60-64	99999		1:04:44	0:06:43	5:23:19	0:06:25		CA	DNF
a3ae9967-1c1b-4845-a34b-ae0ef5e21995	99999	Dawn Koenig	F	F55-59	99999		1:43:46	0:10:21				US	DNF
8f031c03-eb67-4f1f-a174-fdf826249b5c	99999	Richard Mcdonald	M	M60-64	99999		1:01:38	0:17:54	6:37:18	0:15:58		CAN	DNF
c45cf125-3274-4c92-b109-9cb26d23a231	99999	Hugo Asselin	M	M50-54	99999							CA	DNS
b1da29dd-c7a3-f011-bbd3-6045bd09951e	99999	Julia MacPhee	F	F18-24	99999		1:16:33	0:08:15				CA	DNF
b8f66403-c3d6-448c-9b05-00bff54d1e12	99999	Sue-Ann Campanelli	F	F60-64	99999		1:56:35	0:11:16				CA	DNF
56872891-e32f-4906-a1e9-d3e44e7e3688	99999	Michael Kraskouskas	M	M55-59	99999	17:25:11	1:18:36	0:11:18	8:20:24	0:11:19	7:23:35	US	
d51ae10c-b6f1-f011-8407-6045bd04a162	99999	Torin Blackstock	M	M18-24	99999		1:25:33	0:10:20				CAN	DNF
3e55815c-fb06-4349-933a-94469435d8ab	99999	Nicole Coulombe	F	F50-54	99999		1:51:06	0:19:06				CA	DNF
1b60ae18-253b-4f69-8a3c-ade8fed42109	99999	Treena Bellamy	F	F55-59	99999		1:36:29	0:12:16	7:19:22	0:11:21		CA	DNF
569576ea-0c20-43c6-832a-a739410f3d5a	99999	Mario Proulx	M	M65-69	99999		1:41:42	0:14:00				CA	DNF
abe6b1ba-82fe-ee11-a1ff-000d3a314c24	99999	Marie-Christine Lalonde	F	F45-49	99999	17:07:51	1:26:39	0:08:55	7:57:51	0:10:46	7:23:40	CA	
884bd53c-ca6b-411d-bf2a-d2228a28a057	99999	Isabelle Carrier	F	F25-29	99999		1:24:03	0:07:24	6:55:23	0:07:00		CA	DNF
c5950d10-c6e0-4ddd-94e7-c46058c9f119	99999	Charles Buisson	M	M25-29	99999		1:29:29	0:04:43	5:10:16	0:04:24		CA	DNF
b217f639-c492-eb11-b1ac-000d3a58b8eb	99999	Thuha Tran	F	F45-49	99999		1:50:14	0:11:00				HK	DNF
213e1892-9813-4e81-8478-eadc312bb2a6	99999	Jenny Lu	F	F30-34	99999		1:50:39	0:07:22				CA	DNF
420ed7da-4172-f011-bec3-6045bd09951e	99999	Jianguo Wu	M	M55-59	99999	15:53:02	2:28:05	0:08:47	7:07:49	0:15:19	5:53:02	can	
6d81c990-9a75-4cb8-a06c-9bb37db203f8	99999	Alex Fraser	M	M60-64	99999							CA	DNS
59f0e1de-4b92-f011-b4cc-000d3a5b7c3b	99999	Emma Lisson	F	F35-39	99999		1:40:50	0:10:01	8:17:47	0:06:43		CA	DNF
002a2ea4-e878-4358-a156-be343e17aa85	99999	Denise Gagnon	F	F45-49	99999	17:27:26	1:40:02	0:12:23	9:02:00	0:05:34	6:27:28	CA	
f1674c5d-b046-4e83-832c-97948cc26e5c	99999	Martin Gamache	M	M45-49	99999		1:33:46	0:07:47				CA	DNF
73da3d90-594f-4abb-b78a-89ce7bb5be76	99999	John Moler	M	M55-59	99999		1:28:39	0:05:57				US	DNF
15fc057b-c97b-40cc-a008-2513665a433d	99999	Adrianna Chang	F	F25-29	99999							CA	DNS
28c08593-cf3f-4db3-b0a6-f5493247250d	99999	Keegan Stueck	M	M45-49	99999		1:21:33	0:03:49				CA	DNF
700ee986-986a-42b0-9edc-8dab3c0e1481	99999	Michael Frothingham	M	M60-64	99999							usa	DNS
3bcd0186-372e-4c18-af8c-0922ad88181c	99999	Jon Tay	M	M35-39	99999	12:29:28	1:29:27	0:20:04	6:02:12	0:10:19	4:27:25	SG	DNF
4bad9ceb-2e18-ed11-b83e-000d3a590897	99999	Lisa Schefer	F	F60-64	99999		1:45:38					US	DNF
4f4c1329-60a1-405f-9716-a67553c9fe1d	99999	Paula Pequegnat	F	F40-44	99999		1:20:31	0:10:52	8:28:17	0:10:01		CAN	DNF
73ad1fe4-07ec-4f14-b83a-7dc2666b857d	99999	Jonathan Mcmillan	M	M40-44	99999							CA	DNF
aba0caea-c7e8-45ed-b7d4-0e8022a3091d	99999	Jennifer Rolfe	F	F40-44	99999		1:27:29	0:10:31	6:31:04	0:05:54		GB	DNF
1a300fe7-3b63-4369-adef-64df7bd4c5cc	99999	Steve Greulich	M	M55-59	99999		1:32:42	0:06:49	6:14:44	0:06:43		CA	DNF
8ab39630-b1a4-ed11-aad1-000d3a31458d	99999	Romain Coffinier	M	M35-39	99999		2:27:22					CA	DNF
53527321-9ed3-4680-953c-6cafb7534f10	99999	Ken Livingston	M	M55-59	99999		1:07:57	0:06:14	6:52:24	0:09:34		US	DNF
6010826e-b5ae-4fa6-8c2c-fe933bf5f375	99999	Christine Meyer	F	F40-44	99999							usa	DNF
6046fdf2-62ee-4521-9c09-d44b803747bc	99999	Trish Laliberte	F	F50-54	99999		1:27:11	0:04:53	5:59:31	0:05:47		CA	DNF
5b6c8f7c-56e2-451e-a186-5dfd9b83e51d	99999	Lauren Holm	F	F45-49	99999		2:02:36	0:11:00	7:46:34	0:10:23		US	DNF
9e8f6194-22f2-49fa-bacf-8c386f9a05ba	99999	David Kaplan	M	M50-54	99999							US	DNS
636397df-cdb6-f011-bbd3-000d3a3173b5	99999	Gino Granata	M	M40-44	99999		2:13:09	0:12:01				CAN	DNF
8a136959-ce52-4a5f-8084-1dd801c9d8da	99999	Isabelle Ethier	F	F55-59	99999		1:29:37	0:19:52	6:53:16	0:16:44		can	DNF
db7f4a43-8def-4266-84be-88c286836245	99999	Skye Kaiss	M	M45-49	99999		1:50:27					CAN	DNF
ac2a2b9a-2830-4a88-a7e7-20f937eb0210	99999	Nassim Ennabaoui	M	M30-34	99999		1:07:21	0:04:53	4:30:22	0:03:17		can	DNF
ca87e466-7d67-f011-bec1-000d3a3277d4	99999	Sergii Nikitchyn	M	M35-39	99999		2:22:19					CA	DNF
d6deee67-fefb-f011-8406-0022480a5755	99999	Pablo Ayala	M	M25-29	99999		2:37:34					CAN	DNF
67e4c58a-84ba-f011-bbd2-00224809087a	99999	Michael Moroz	M	M65-69	99999		1:28:40	0:13:14	6:30:17	0:13:42		USA	DNF
1c715617-53d3-41ce-ba4e-7874028f18bb	99999	Emma Scotchmer	F	F40-44	99999		1:30:22	0:10:46				CA	DNF
47481322-fef4-49c7-a362-7b8f811af444	99999	Eric Nielsen	M	M40-44	99999		1:10:17	0:03:17	4:48:24	0:04:41		CA	DNF
6888d17f-c6e6-ee11-904d-6045bd0158c4	99999	Warren Chin	M	M40-44	99999							usa	DNS
012a2b7b-b73d-4bdd-a56c-3e74033a9f71	99999	Ana Grajales Beltran	F	F45-49	99999							CA	DNS
3fcdb797-b0ce-4c1b-a937-31d85affbdc8	99999	Dana Zmeureanu	F	F50-54	99999		1:47:29	0:28:10				CA	DNF
c3c01eda-db16-446a-8d1d-488e92c9b769	99999	Jared Roddelt	M	M30-34	99999		1:42:03	0:17:11	7:43:58	0:15:30		CA	DNF
e1b73d81-dbcb-4f33-8da5-7ea0d568b2b3	99999	Julia Christman	F	F60-64	99999		1:48:17	0:10:09	7:51:50	0:10:00		US	DNF
685e0444-5e0d-4448-9b72-2234b5c4acc7	99999	Jyl Mcgunigal	F	F60-64	99999		1:30:38	0:14:09	6:51:36	0:16:27		CA	DNF
2e1040b7-6164-f011-bec2-0022480c097c	99999	Benjamin Douangphachanh	M	M18-24	99999							CA	DNS
1dcd8692-306f-f011-bec2-000d3a5cf7d8	99999	Gloria Cawthorn	F	F65-69	99999		2:36:50					CA	DNF
1ff4d75d-b53c-4be6-b7aa-50651989ee2f	99999	Zhihong Chen	F	F50-54	99999							CAN	DNS
32ceb685-b0f0-4768-ac81-40f84a0d8a70	99999	Shannon Lee	F	F55-59	99999		1:37:16	0:11:50				CA	DNF
d7f068ca-1128-4df7-91d0-649ae369eed9	99999	James Hollis	M	M50-54	99999		1:36:43					US	DNF
509d037b-cc57-467e-8a77-45704ff59b2d	99999	Jesenia Brown	F	F40-44	99999		2:35:00					US	DNF
998262e8-07a5-44cd-a4cb-44deae00fe8e	99999	Bob Jordan	M	M75-79	99999	16:14:57	2:37:16	0:10:11	6:21:49	0:09:20	6:56:20	USA	
9f01e7fb-7eda-4a9a-b73c-05fd4cf0b068	99999	Laura Stevenson	F	F55-59	99999		1:53:43	0:25:21				usa	DNF
d4953a84-c54c-41a4-8d2c-4f94011ae5c8	99999	Dmitriy Polushyn	M	M45-49	99999		1:55:02	0:06:40	5:42:35	0:04:14		CA	DNF
a3365d16-6f48-4f2d-91a6-6e9583689e40	99999	Jerome Reboul	M	M50-54	99999		1:21:49	0:09:48	6:26:38	0:08:51		FR	DNF
980dd049-ebc7-4847-bccb-576099b92ee5	99999	Julia Borgan	F	F50-54	99999		2:17:06	0:12:49				CA	DNF
3d368b0f-de1b-4add-bd06-c0f0de7e83f9	99999	Shauna Lou-Poy	F	F50-54	99999							CA	DNF
be5e1d2e-d1f3-f011-8406-6045bd08b1a2	99999	Thomas Karos	M	M35-39	99999							USA	DNS
a9762b46-b8dd-f011-8544-000d3a5b50ba	99999	Hazal Alenazi	M	M25-29	99999		2:09:16	0:10:38				SAU	DNF
0585b7eb-27c3-40dc-a114-acf05a8b88c6	99999	Geordon Rendle	M	M60-64	99999		1:22:54	0:08:17				CA	DNF
c7945b8e-25b5-4726-a216-89d5d0102b21	99999	David Burg	M	M70-74	99999		1:59:34	0:09:50	6:39:33	0:10:08		usa	DNF
c5f73a6e-8239-f011-b4cc-000d3a5cf7d8	99999	Manan Deep Singh	M	M18-24	99999		1:55:39	0:11:04				can	DNF
a854549b-4c8b-4291-b4bb-3e022a472011	99999	Taketoshi Nishimura	M	M60-64	99999							JP	DNF
9e13b219-646f-4177-b3ee-13a775f3ba8a	99999	Sonya Walker	F	F45-49	99999		1:46:48	0:08:50	7:25:33	0:09:51		CA	DNF
5e050dda-8dd5-4535-80bb-cffa6b16be56	99999	Trevor Finch	M	M50-54	99999							CA	DNS
796b472c-0c73-f011-bec3-6045bd09951e	99999	Simon Parenteau	M	M18-24	99999							CA	DNF
877d001c-ff3e-4255-8de7-05d6b4c56209	99999	Kerry Chancellor-Maddison.Com	F	F65-69	99999		1:46:43	0:08:39				CA	DNF
035912d5-b446-4060-80a6-4f8f3d2c2a2c	99999	Scott Jones	M	F55-59	99999							US	DNS
