ContactId	Overall_Rank	Name	Gender	Division	Div_Rank	Total_Time	Swim	T1	Bike	T2	Run	Country	Status
f0ff3412-47d0-ef11-b8e9-000d3a5a1803	1	Harry Lamb	M	M25-29	1	4:13:03	0:28:40	0:03:48	2:20:12	0:02:16	1:18:08	United Kingdom	
cf0e0ac3-c070-43a2-87f3-8f25f99cc33f	2	Chris Harris	M	M30-34	1	4:14:59	0:26:45	0:03:57	2:20:32	0:01:58	1:21:46	United Kingdom	
0090da48-8c96-4ca4-b9cb-f80e1745a70b	3	Charlie Macneice	M	M25-29	2	4:15:11	0:29:44	0:04:06	2:22:36	0:02:41	1:16:04	United Kingdom	
415bab19-713f-40b4-998d-2b4c22389b78	4	Jon Churchill	M	M35-39	1	4:16:49	0:32:46	0:04:44	2:20:06	0:02:35	1:16:39	United Kingdom	
c5e9b8f8-afa6-f111-b8dd-6045bd08b1a2	5	Charlie Sandison	M	M30-34	2	4:18:47	0:29:08	0:04:13	2:32:58	0:01:57	1:10:31	United Kingdom	
07a0110e-8afd-43ef-a85f-7ed110e55860	6	Angus Wilson	M	M30-34	3	4:19:07	0:30:00	0:04:05	2:18:53	0:02:19	1:23:50	United Kingdom	
e15afee3-d5d7-4f16-9358-6deaa73803f2	7	Luke Goldsworthy	M	M30-34	4	4:19:17	0:33:27	0:05:19	2:20:40	0:02:41	1:17:09	United Kingdom	
19712822-e603-ee11-8f6e-000d3a314ae2	8	Ethan Woodhead	M	M25-29	3	4:20:45	0:27:46	0:04:32	2:28:21	0:02:32	1:17:35	United Kingdom	
fbc247ea-f12a-4d21-ba4d-412295e68b12	9	Aalam Sulski	M	M18-24	1	4:21:11	0:28:33	0:04:39	2:19:26	0:02:28	1:26:05	United States	
4b7d43fb-ddec-4c75-adcd-378247ff763f	10	James Irvine	M	M30-34	5	4:23:46	0:28:22	0:03:57	2:28:18	0:02:59	1:20:09	United Kingdom	
32a7beae-861c-4154-b422-c1b560af1f7c	11	Oliver Demain	M	M18-24	2	4:24:42	0:33:06	0:04:26	2:30:57	0:02:00	1:14:13	United Kingdom	
9dd5000d-4847-4167-a9eb-a9ddce4e4cb3	12	Sebastian Bell	M	M18-24	3	4:27:43	0:26:29	0:04:34	2:30:28	0:01:55	1:24:17	United Kingdom	
372889d1-d4c3-f011-bbd3-6045bd05f634	13	Fraser Middleton	M	M25-29	4	4:28:12	0:33:22	0:04:51	2:25:18	0:02:49	1:21:52	United Kingdom	
6ed2c14b-1d58-4c87-b6ea-20579aa173e5	14	George Manning	M	M25-29	5	4:28:47	0:31:25	0:04:07	2:24:12	0:02:30	1:26:33	United Kingdom	
543a664b-074e-ef11-a317-6045bd08b27c	15	Thomas Mckee	M	M25-29	6	4:28:56	0:31:06	0:04:29	2:25:52	0:04:06	1:23:22	United Kingdom	
17490200-566c-4268-bf17-d927f8d417c8	16	Guto Morgans	M	M30-34	6	4:29:17	0:26:36	0:04:02	2:25:55	0:02:54	1:29:49	United Kingdom	
0f730052-01c0-f011-bbd2-000d3a5b7c3b	17	Sam Cartwright	M	M30-34	7	4:30:06	0:29:27	0:03:28	2:31:32	0:02:07	1:23:33	United Kingdom	
6dee9088-a96a-4488-9043-4dde5053b4c5	18	George Preece	M	M25-29	7	4:32:20	0:33:36	0:05:43	2:30:17	0:02:27	1:20:18	United Kingdom	
98126841-0287-ef11-ac21-000d3a59a9a1	19	Tom Houghton	M	M18-24	4	4:32:29	0:30:04	0:05:42	2:29:22	0:03:18	1:24:03	United Kingdom	
395c1eaf-1d0e-440f-befd-b30b842fea13	20	Joshua Weight	M	M25-29	8	4:32:49	0:26:09	0:04:37	2:31:48	0:02:31	1:27:43	United Kingdom	
c3c0227c-6567-48a5-b00e-38bc5618be8c	21	Andrew Luke	M	M50-54	1	4:34:00	0:28:18	0:04:26	2:33:07	0:03:07	1:25:02	United Kingdom	
07416cf6-509a-47db-ac59-06fd88ab6fc2	22	Bailey Clark	M	M25-29	9	4:34:29	0:30:41	0:04:45	2:27:54	0:03:25	1:27:43	United Kingdom	
28eb0ac6-6cbf-4a25-a93e-8537bc95e857	23	Tobias Morban	M	M30-34	8	4:35:03	0:31:25	0:04:48	2:30:23	0:03:26	1:25:00	Germany	
abf0197f-55de-492c-ad04-694f954b870a	24	Jamie Boxshall	M	M30-34	9	4:35:16	0:26:26	0:04:43	2:33:36	0:02:14	1:28:17	United Kingdom	
805e1b9a-be93-4c52-9f75-bd56ddbc8429	25	James Dyke	M	M30-34	10	4:35:42	0:29:15	0:06:13	2:28:23	0:04:33	1:27:19	United Kingdom	
7feedeb8-f6e7-4e25-9372-105dab5ad4bd	26	Phil Aspinall	M	M30-34	11	4:35:43	0:29:23	0:04:20	2:27:36	0:05:23	1:29:02	United Kingdom	
ddb048e4-da34-409a-b222-755d639e9552	27	Shaun Jasper	M	M35-39	2	4:35:52	0:31:24	0:05:28	2:29:33	0:02:28	1:27:00	United Kingdom	
c4319a02-3c8f-4f16-ba4d-eded61232461	28	Lucas Wise	M	M40-44	1	4:35:57	0:26:19	0:04:11	2:34:24	0:03:27	1:27:37	Australia	
3773b514-d8a2-4915-92cc-728dd8349fe0	29	Alistair Hopton	M	M35-39	3	4:35:59	0:33:57	0:04:23	2:25:46	0:02:37	1:29:15	United Kingdom	
b1d9c12e-5a70-4b58-9d5a-5d380e7143e0	30	Alistair Gower	M	M45-49	1	4:36:56	0:28:52	0:04:45	2:29:19	0:03:13	1:30:47	United Kingdom	
6afb1279-c06c-4ed5-bb55-a460073b6f56	31	Ollie Beilby	M	M45-49	2	4:38:34	0:30:53	0:04:32	2:32:16	0:03:10	1:27:44	United Kingdom	
90a7e2ac-4689-ef11-ac21-6045bd05c809	32	Cornelis Von Mollendorff	M	M40-44	2	4:40:15	0:31:07	0:05:51	2:32:26	0:02:42	1:28:09	United Kingdom	
a993e2da-5501-4183-a611-a50b8dfcf57b	33	Oli Allin	M	M18-24	5	4:43:28	0:31:59	0:06:00	2:34:28	0:02:37	1:28:24	United Kingdom	
cbbb05ac-60dc-4cf9-b83f-6833cc3087ce	34	Richard Booth	M	M30-34	12	4:43:44	0:30:44	0:05:18	2:34:49	0:03:15	1:29:38	United Kingdom	
85922c06-0886-4156-ab21-1948d3e6c69a	35	Adam Memery	M	M30-34	13	4:44:17	0:29:27	0:04:13	2:36:33	0:02:47	1:31:17	United Kingdom	
4551ecc8-21ba-4f67-ab51-8ec0de1c0d39	36	Robert George Wakefield	M	M35-39	4	4:44:21	0:29:08	0:04:26	2:38:38	0:03:43	1:28:25	United Kingdom	
58eabc39-121f-42ca-9616-97e1c4f31d8b	37	Rob Sansom	M	M35-39	5	4:44:24	0:30:28	0:06:20	2:33:52	0:04:29	1:29:15	United Kingdom	
c4928746-0287-ef11-ac21-000d3a5a1803	38	Ed Houghton	M	M18-24	6	4:44:44	0:32:40	0:05:29	2:36:12	0:02:45	1:27:38	United Kingdom	
8b4e75ed-2f8a-48b7-b4a8-52e0fd398ba1	39	Shing Lok Ho	M	M25-29	10	4:44:56	0:34:28	0:05:33	2:36:08	0:02:25	1:26:22	Hong Kong	
c6c13781-e4d8-4a18-a0d8-f565a929f9dd	40	Laurence Bolton	M	M30-34	14	4:45:21	0:33:49	0:05:07	2:34:10	0:03:26	1:28:49	United Kingdom	
3a44eb39-4048-f011-877a-000d3a35ffc1	41	Dean Rowland	M	M40-44	3	4:46:47	0:37:20	0:06:56	2:34:36	0:03:48	1:24:07	United Kingdom	
60f02ac2-2cdf-422a-8ceb-8c654c625331	42	Cedric Lery	M	M40-44	4	4:47:07	0:31:26	0:05:16	2:37:24	0:02:47	1:30:14	France	
27921950-a718-4f21-a7f2-c88504027f6d	43	Jack Billingsley	M	M18-24	7	4:47:52	0:30:50	0:04:22	2:34:59	0:02:23	1:35:17	Australia	
a879c54a-a261-4c80-8af7-7d051a725004	44	Adam Taylor	M	M35-39	6	4:48:05	0:35:55	0:05:01	2:36:07	0:03:04	1:27:58	United Kingdom	
8eecb015-6933-48e8-a592-628b35a9d3f2	45	Tom Cowan	M	M35-39	7	4:48:07	0:27:19	0:04:34	2:36:32	0:02:53	1:36:49	United Kingdom	
76a36a8e-4731-4908-b71b-10fe75f42458	46	Katherine Amps	F	F25-29	1	4:49:10	0:30:06	0:05:32	2:40:34	0:03:04	1:29:53	United Kingdom	
aeb953d9-370b-f011-bae1-6045bd05f634	47	Tomas Davey	M	M25-29	11	4:49:50	0:31:30	0:05:21	2:41:39	0:02:24	1:28:56	United Kingdom	
8a3a7d02-4190-4f4d-b0fb-6d29f440d034	48	Nick Mackenzie	M	M50-54	2	4:50:23	0:32:01	0:04:23	2:35:41	0:03:21	1:34:58	United Kingdom	
74fae0cb-e1b9-406d-babc-cc6f54ef3dc2	49	Holly Mei Jones	F	F25-29	2	4:50:31	0:28:33	0:04:23	2:43:28	0:01:53	1:32:13	United Kingdom	
e19da79e-75ec-f011-8544-0022480c097c	50	Sam Stephens	M	M25-29	12	4:51:24	0:33:46	0:05:04	2:38:39	0:02:53	1:31:02	United Kingdom	
db70dd90-8a03-43ba-b4f8-9724e363214e	51	Rob Kendrick	M	M35-39	8	4:51:43	0:31:27	0:07:02	2:39:51	0:03:32	1:29:50	United Kingdom	
4f93a21b-aa37-4fe9-a33f-73b71f988476	52	Théo Martel	M	M25-29	13	4:51:51	0:34:49	0:05:07	2:40:50	0:03:37	1:27:28	France	
d3b16824-6ae5-f011-8543-000d3a5b5fc7	53	Alexander Sydenham	M	M18-24	8	4:51:54	0:35:03	0:06:39	2:38:55	0:03:41	1:27:34	United Kingdom	
fe32dc33-cc20-f011-998b-000d3a35ffc1	54	Ben Kirby	M	M35-39	9	4:52:04	0:30:55	0:05:38	2:37:25	0:03:57	1:34:10	United Kingdom	
fa4ff12e-eea8-f011-bbd3-6045bd05fcc1	55	Liam Stephenson	M	M18-24	9	4:52:20	0:33:02	0:06:33	2:37:27	0:04:36	1:30:42	Ireland	
e49101aa-7ba4-f011-bbd2-000d3a36d180	56	Natasha Cooper-Smith	F	F25-29	3	4:52:29	0:28:36	0:04:50	2:43:51	0:04:05	1:31:08	United Kingdom	
bb26774f-c115-485e-919b-52a7781d0d62	57	Richard Hudson	M	M55-59	1	4:53:23	0:33:22	0:05:05	2:33:30	0:03:25	1:38:02	United Kingdom	
f405cb3e-df07-f111-8406-0022480b88da	58	Felix Pustelnik	M	M30-34	15	4:53:45	0:38:57	0:06:26	2:29:24	0:02:53	1:36:05	Austria	
ac19cab3-b9ee-422f-b2ec-40779f0d31e9	59	Dmitrij Savickij	M	M40-44	5	4:54:02	0:40:26	0:05:56	2:35:04	0:02:40	1:29:57	United Kingdom	
16c309ec-0fa5-f011-bbd3-6045bd05fcc1	60	Harry Mcmahon	M	M18-24	10	4:54:22	0:30:17	0:05:59	2:41:50	0:02:47	1:33:28	United Kingdom	
2641ca50-c555-4757-9c5d-ffc35d2be8fa	61	Ronald Beckers	M	M35-39	10	4:54:40	0:42:38	0:07:40	2:35:11	0:02:23	1:26:48	Belgium	
af225990-2c26-4fde-a90f-5a143043633a	62	Dom Lyndon	M	M35-39	11	4:55:12	0:34:25	0:05:46	2:38:06	0:03:58	1:32:56	United Kingdom	
048979ee-be67-f011-bec2-002248098cfa	63	Kallum White	M	M30-34	16	4:55:27	0:35:31	0:05:36	2:48:29	0:02:44	1:23:07	United Kingdom	
9f9d3a94-b41e-f011-998a-000d3a5b50ba	64	Frederik Heijbroek	M	M25-29	14	4:55:36	0:36:30	0:05:45	2:37:28	0:03:52	1:32:01	Netherlands	
93666ec9-18ac-f011-bbd3-6045bd09951e	65	David McGauran	M	M25-29	15	4:55:48	0:32:54	0:05:20	2:46:24	0:03:28	1:27:42	Ireland	
5f9407b0-dcf3-4a1a-8215-3e76b832d3e5	66	James Bevan	M	M45-49	3	4:56:08	0:33:17	0:05:46	2:42:02	0:02:47	1:32:15	United Kingdom	
c9a777d7-4bbf-f011-bbd3-6045bd05f634	67	Finn Johnson	M	M18-24	11	4:56:19	0:33:37	0:05:20	2:41:21	0:02:33	1:33:28	United Kingdom	
4e86ee84-816d-4a17-8902-0ca3dacdb557	68	Richard Birkett	M	M30-34	17	4:56:22	0:33:39	0:05:19	2:42:50	0:02:24	1:32:10	United Kingdom	
9ea8f422-d057-ee11-be6f-000d3a314ae2	69	Adam Hall	M	M40-44	6	4:56:26	0:32:11	0:05:16	2:42:50	0:03:52	1:32:16	United Kingdom	
892c2c9d-a9af-f011-bbd2-002248082f34	70	Morgan Lloyd	M	M18-24	12	4:57:06	0:38:35	0:07:26	2:37:07	0:03:06	1:30:51	United Kingdom	
9ebd2803-d315-468e-8239-1509c7b4c821	71	Stewart Conway	M	M50-54	3	4:57:14	0:35:37	0:04:13	2:38:30	0:03:31	1:35:23	United Kingdom	
79da6d46-8e78-4870-925b-fdaedf79f93b	72	David Rimmer	M	M40-44	7	4:58:09	0:29:49	0:05:28	2:39:32	0:03:28	1:39:52	United Kingdom	
f2715418-c5c4-f011-bbd3-0022480a7385	73	Ben Phillips	M	M18-24	13	4:58:44	0:29:38	0:05:27	2:43:32	0:03:08	1:36:58	United Kingdom	
0432cff3-6114-f011-998a-000d3a5c3d6c	74	Luke Gore	M	M35-39	12	4:58:59	0:30:20	0:05:43	2:44:12	0:04:47	1:33:57	United Kingdom	
f7a061ff-f451-f011-877a-002248098cfa	75	Bartek Górski	M	M35-39	13	4:59:47	0:34:20	0:06:56	2:49:24	0:03:11	1:25:56	Poland	
a9565623-905b-496a-88b1-501162f5b72f	76	Oliver Huse	M	M30-34	18	5:00:05	0:30:13	0:05:37	2:54:03	0:02:53	1:27:19	Australia	
b82c9255-29ce-f011-bbd3-6045bd05fcc1	77	Cathan Ivory	M	M18-24	14	5:00:06	0:31:08	0:06:21	2:50:14	0:03:54	1:28:28	United Kingdom	
0e92d348-d0c6-f011-bbd3-000d3a5cf7d8	78	Ian Mayhew	M	M40-44	8	5:00:10	0:35:10	0:06:07	2:38:47	0:03:53	1:36:13	United Kingdom	
d8f03273-b108-f111-8406-002248046ec8	79	Brandon Martland	M	M18-24	15	5:00:37	0:36:07	0:05:42	2:38:21	0:03:12	1:37:15	United Kingdom	
f751445e-34c5-f011-bbd3-000d3a35ffc1	80	Jonathan Broadhurst	M	M25-29	16	5:01:00	0:32:51	0:06:14	2:42:46	0:03:50	1:35:18	United Kingdom	
35b2358d-2dac-f011-bbd3-000d3a35ffc1	81	Harrison Dark	M	M30-34	19	5:01:08	0:36:40	0:05:16	2:44:30	0:02:54	1:31:50	United Kingdom	
ec51d8b9-bbee-f011-8407-00224805e61c	82	Zak Mitchell	M	M18-24	16	5:01:09	0:38:18	0:06:05	2:36:10	0:03:08	1:37:29	United Kingdom	
e3a128f0-4031-4019-b29d-1bc6987f2e54	83	Gavin Davies	M	M40-44	9	5:01:29	0:35:19	0:05:39	2:37:53	0:05:26	1:37:12	United Kingdom	
d881e8c3-2060-4624-ae58-a58c08598c02	84	Matt Puddicombe	M	M30-34	20	5:01:49	0:30:43	0:05:22	2:44:09	0:02:57	1:38:37	United Kingdom	
90596a49-8499-f011-b4cc-000d3a3173b5	85	Sam Carter	M	M25-29	17	5:01:52	0:34:16	0:07:50	2:45:41	0:03:57	1:30:10	United Kingdom	
7b72abcd-7cbb-480e-b539-ff3851ae61b1	86	Charlie White	M	M25-29	18	5:03:02	0:32:45	0:06:27	2:49:08	0:04:30	1:30:13	United Kingdom	
b59ca838-30f8-4d7b-bbeb-7a36cc5feb7b	87	Daniel Whatmore	M	M25-29	19	5:03:37	0:31:50	0:06:18	2:41:48	0:03:51	1:39:49	United Kingdom	
2695ec46-12a5-f011-bbd3-000d3a35ffc1	88	Chris Mills	M	M25-29	20	5:03:38	0:33:30	0:09:32	2:45:35	0:03:12	1:31:48	United Kingdom	
243e0810-05ea-4341-9308-a4dcf3bf677b	89	Andrew Hine	M	M25-29	21	5:03:58	0:34:06	0:05:47	2:45:34	0:03:05	1:35:25	United Kingdom	
c58af93d-e7c3-ef11-b8e9-000d3a5a1803	90	James Stoney	M	M25-29	22	5:04:01	0:34:21	0:05:26	2:51:07	0:03:42	1:29:24	United Kingdom	
90f3d813-652c-43b9-9fee-35316b420d24	91	Andres Donnadieu	M	M50-54	4	5:04:05	0:29:51	0:07:29	2:47:20	0:05:09	1:34:16	Argentina	
e5c3c9cc-24a5-f011-bbd3-6045bd05f634	92	Thomas Williams	M	M18-24	17	5:04:10	0:34:49	0:05:27	2:44:34	0:03:18	1:36:03	United Kingdom	
6a1874d1-c62e-425f-96ab-9f66bf78e627	93	Michael Rowe	M	M55-59	2	5:04:22	0:32:17	0:05:41	2:37:06	0:04:00	1:45:18	Ireland	
e2bd20a0-07d8-ef11-8eea-002248049fdc	94	Chester Clarke	M	M30-34	21	5:04:23	0:33:44	0:04:25	2:44:35	0:02:37	1:39:02	United Kingdom	
9fa451ce-8f07-f111-8406-6045bd06566a	95	Mel Morgan	F	F25-29	4	5:04:43	0:30:51	0:04:48	2:48:47	0:02:17	1:38:00	United Kingdom	
afe3caae-9fc1-4d55-8b2f-30efb7a93b6c	96	Henry Axon	M	M25-29	23	5:05:06	0:45:26	0:07:24	2:39:17	0:03:53	1:29:05	United Kingdom	
3d3bd30a-25be-41b4-8f3b-4f8bcbadfa02	97	Tom Nitti	M	M30-34	22	5:05:22	0:37:05	0:05:36	2:38:06	0:02:31	1:42:03	United Kingdom	
f9ebddd5-4787-4aa2-baba-49bc68ad16a8	98	William Sherwood	M	M30-34	23	5:05:50	0:33:49	0:05:35	2:46:24	0:03:05	1:36:57	United Kingdom	
cf013de1-375e-40d2-9158-9a827ba32448	99	Oliver Hamilton	M	M18-24	18	5:06:06	0:33:21	0:05:27	2:45:14	0:02:38	1:39:24	United Kingdom	
1bcde8cb-9020-f111-8341-002248046ec8	100	Oliver Murray	M	M18-24	19	5:06:28	0:37:50	0:06:53	2:43:34	0:03:42	1:34:29	United Kingdom	
09a53025-ce61-4c20-9d21-867a186c7d2a	101	Dale Woolley	M	M50-54	5	5:06:38	0:33:22	0:05:49	2:48:33	0:03:57	1:34:56	United Kingdom	
d75daa56-e8a8-430b-afb4-0eb6e9273026	102	Joshua Bray	M	M25-29	24	5:06:48	0:31:45	0:06:07	2:42:23	0:04:57	1:41:36	United Kingdom	
65bb483b-3587-f011-b4cc-000d3a5cf7d8	103	Nathan Boucquey	M	M25-29	25	5:06:52	0:32:46	0:08:42	2:40:13	0:03:53	1:41:18	Belgium	
06932030-37e3-f011-8544-000d3a3173b5	104	Thomas Jones	M	M35-39	14	5:07:01	0:34:31	0:04:38	2:47:01	0:03:51	1:36:59	United Kingdom	
8e117de8-0fb0-f011-bbd3-000d3a3173b5	105	Thomas Cran	M	M18-24	20	5:07:03	0:31:53	0:05:52	2:45:10	0:02:28	1:41:40	United Kingdom	
992a3307-db36-40e5-bf31-dba617d244bf	106	Sean Mcquillan	M	M55-59	3	5:07:07	0:38:16	0:08:25	2:43:20	0:05:19	1:31:46	Ireland	
07b862fd-a9e7-ef11-8eea-000d3a5ae96c	107	Aaron Baker	M	M40-44	10	5:07:18	0:37:13	0:06:34	2:47:44	0:03:44	1:32:04	United Kingdom	
9f2dbd6b-b88e-4271-a428-620aa987b20e	108	Liam O Connor	M	M25-29	26	5:07:46	0:41:59	0:06:29	2:43:12	0:05:28	1:30:39	Ireland	
0f9e5c9f-9ec6-f011-bbd3-000d3a3173b5	109	Luke Jones	M	M30-34	24	5:07:53	0:41:34	0:06:07	2:45:07	0:03:48	1:31:17	United Kingdom	
ac831b1f-76f6-f011-8406-0022480b88da	110	Joshua Morgan	M	M18-24	21	5:08:06	0:35:54	0:07:14	2:56:38	0:03:19	1:25:00	United Kingdom	
0fd0eaae-8804-f111-8406-002248046ec8	111	Nick Dymond	M	M25-29	27	5:08:22	0:34:31	0:06:20	2:46:03	0:03:25	1:38:04	United Kingdom	
efb51aca-47ee-f011-8407-0022480c370f	112	Max Sanderson	M	M18-24	22	5:08:44	0:35:30	0:04:40	2:44:41	0:04:29	1:39:24	United Kingdom	
34da9650-f6b8-f011-bbd2-000d3a5b7c3b	113	Alfie Meade	M	M25-29	28	5:08:49	0:34:25	0:06:31	2:52:14	0:05:56	1:29:42	United Kingdom	
362621de-e070-ef11-a670-000d3a308d97	114	Theo Kittler	M	M25-29	29	5:08:58	0:36:39	0:06:38	2:51:02	0:04:31	1:30:08	United Kingdom	
4ce281a3-3865-ef11-bfe3-000d3a367177	115	Matt Ball	M	M30-34	25	5:09:04	0:33:20	0:07:05	2:49:53	0:03:29	1:35:18	United Kingdom	
8be38b7a-06ec-f011-8544-6045bd09951e	116	Matthew Thorn	M	M30-34	26	5:09:15	0:35:40	0:06:27	2:52:53	0:03:49	1:30:26	United Kingdom	
06298802-1ff3-f011-8407-6045bd09fcf5	117	Tom Bryan-Isaacs	M	M25-29	30	5:09:38	0:33:04	0:08:19	2:50:58	0:04:00	1:33:16	United Kingdom	
8bd4aab7-8c6c-ef11-bfe3-00224809fd7c	118	Kieran Marshall	M	M30-34	27	5:09:50	0:37:40	0:06:33	2:45:36	0:03:53	1:36:08	United Kingdom	
ee6584e9-b3bd-f011-bbd3-6045bd05fcc1	119	Geoff Loveman	M	M55-59	4	5:09:55	0:32:48	0:07:46	2:40:10	0:03:36	1:45:34	United Kingdom	
8dd6bb10-3912-f111-8406-0022480b84a3	120	Alex Watkins	M	M30-34	28	5:10:00	0:40:21	0:07:35	2:35:16	0:03:31	1:43:17	United Kingdom	
5dd2e2e8-9f51-ef11-a317-6045bd0953ac	121	William Tregurtha	M	M25-29	31	5:10:04	0:35:02	0:04:54	2:36:51	0:03:14	1:50:03	United Kingdom	
1ee6b31c-83ae-f011-bbd3-000d3a3173b5	122	Ryan Phelps	M	M35-39	15	5:10:07	0:32:00	0:06:07	3:02:08	0:02:23	1:27:29	United Kingdom	
b0ff1dff-11f9-ef11-9341-6045bd018d16	123	Jack Arnold	M	M35-39	16	5:10:18	0:37:36	0:06:27	2:50:17	0:05:09	1:30:49	United Kingdom	
08079ed6-6a90-49c8-8dd8-5e8956494833	124	Philip Jansson	M	M30-34	29	5:10:33	0:32:33	0:05:38	2:44:54	0:02:16	1:45:12	Sweden	
39567b8d-afc8-f011-bbd2-000d3a5c3960	125	Rodrigo Alvarenga	M	M30-34	30	5:10:35	0:34:21	0:05:59	2:47:32	0:03:13	1:39:30	Brazil	
c809c138-7cbb-ea11-a812-000d3a5a1cf8	126	Adam Dower	M	M30-34	31	5:10:35	0:33:32	0:05:56	2:50:41	0:03:34	1:36:52	United Kingdom	
184672b7-95b4-4300-9fb3-ef1870f8ea81	127	Ian Wilson	M	M45-49	4	5:10:43	0:30:38	0:06:38	2:42:19	0:04:45	1:46:24	United Kingdom	
b77f4e07-6ab3-f011-bbd3-6045bd05f634	128	Edward Williams	M	M25-29	32	5:10:53	0:30:01	0:07:19	2:50:14	0:03:22	1:39:57	United Kingdom	
4ad56c5f-e895-ed11-aad1-000d3a31458d	129	Thomas Patchett	M	M40-44	11	5:11:03	0:32:29	0:05:19	2:46:58	0:03:14	1:43:03	United Kingdom	
0a51a93f-90df-f011-8544-0022480a7385	130	Jasper Trilk	M	M18-24	23	5:11:06	0:39:08	0:05:15	2:38:15	0:02:39	1:45:48	United Kingdom	
7ce888f5-7c22-ef11-840b-6045bd012ace	131	Clare Gwennap	F	F40-44	1	5:11:07	0:35:55	0:05:20	2:47:11	0:02:40	1:40:01	United Kingdom	
534337c0-350b-f111-8406-002248046ec8	132	Jake Gluyas-Harris	M	M35-39	17	5:11:10	0:35:21	0:07:34	2:57:08	0:03:43	1:27:24	United Kingdom	
3af8ffaf-984f-4399-8d7e-376aaa34d7f4	133	William Herbert	M	M45-49	5	5:12:02	0:32:21	0:05:39	2:49:01	0:04:52	1:40:10	United Kingdom	
01c8279a-4d85-4857-b56a-c11a2f45bd60	134	Luca Stringer	M	M18-24	24	5:12:20	0:34:39	0:06:33	2:38:35	0:04:45	1:47:48	France	
be35ba4c-e8a6-f011-bbd3-000d3a5b50ba	135	Barnaby Chapman	M	M25-29	33	5:12:28	0:34:27	0:05:58	2:48:19	0:03:16	1:40:27	United Kingdom	
c31302c6-e3e7-f011-8544-6045bd09951e	136	patrick welsh	M	M18-24	25	5:12:41	0:27:47	0:06:15	3:02:38	0:03:04	1:32:58	Ukraine	
27157504-a1cb-f011-bbd2-000d3a5b5fc7	137	Brad Thomas	M	M30-34	32	5:13:23	0:42:08	0:06:19	2:45:25	0:04:36	1:34:53	United Kingdom	
b852e61a-6071-ef11-a671-000d3a371e3b	138	Michael David	M	M30-34	33	5:13:26	0:38:17	0:06:32	2:53:46	0:04:45	1:30:07	United Kingdom	
edd47d83-6db9-42f2-97e5-fa4c2479c6c6	139	Steve Berry	M	M45-49	6	5:13:38	0:32:20	0:07:18	2:45:44	0:03:32	1:44:44	United Kingdom	
4634faea-f7d8-f011-8544-000d3a3173b5	140	Sam Bray	M	M18-24	26	5:14:09	0:30:38	0:08:39	2:47:44	0:03:51	1:43:16	United Kingdom	
32bb00c4-7465-ef11-bfe3-000d3a371e3b	141	Jamie Scutt	M	M18-24	27	5:14:18	0:26:10	0:04:53	2:56:48	0:02:46	1:43:41	United Kingdom	
ae0a6879-ca67-ef11-bfe3-00224808301f	142	Lewis Cholerton	M	M35-39	18	5:15:19	0:33:53	0:05:24	2:51:09	0:02:45	1:42:07	United Kingdom	
e1e2c3a4-d4ec-f011-8544-6045bd01eb6c	143	Alex Ottewell	M	M25-29	34	5:15:26	0:36:27	0:09:49	2:42:52	0:04:33	1:41:45	United Kingdom	
4bfceade-2845-4548-bd0a-d959b0b6ccc9	144	Pierre Dezoomer	M	M45-49	7	5:15:45	0:35:10	0:05:48	2:42:53	0:02:52	1:49:02	France	
09a63ace-47c6-f011-bbd3-000d3a5b50ba	145	William Fairbank	M	M30-34	34	5:15:54	0:32:25	0:06:45	2:54:11	0:03:27	1:39:06	United Kingdom	
0335e17f-8621-4bf9-b180-fff9d3a808ad	146	Charles Newman	M	M30-34	35	5:16:17	0:33:11	0:05:55	2:56:10	0:03:28	1:37:32	United Kingdom	
48559357-a1e6-f011-8543-6045bd05fcc1	147	Andrew Todd	M	M30-34	36	5:16:21	0:38:36	0:07:31	2:48:41	0:03:13	1:38:20	United Kingdom	
05b37873-d9b0-4ca1-bf8b-90a977614939	148	Brett Hazelwood	M	M35-39	19	5:16:34	0:42:24	0:06:18	2:43:32	0:03:25	1:40:54	United Kingdom	
d4acf7fe-7051-47d3-90d3-987f1b028b6c	149	Ross Crombie	M	M50-54	6	5:16:41	0:36:23	0:07:15	2:50:07	0:05:31	1:37:24	United Kingdom	
1f405c04-6cff-f011-8406-6045bd08b1a2	150	Flavia Forbes	F	F25-29	5	5:16:41	0:30:02	0:05:05	3:00:40	0:02:48	1:38:06	United Kingdom	
55c41392-9ce7-ee11-904d-000d3a314c24	151	Harry Bartlett	M	M30-34	37	5:16:45	0:34:37	0:07:29	2:57:13	0:04:05	1:33:20	United Kingdom	
beb3b7be-8448-4ad9-8f1e-738beba17875	152	Mark Zimmerman	M	M30-34	38	5:16:49	0:36:40	0:08:14	2:45:05	0:04:07	1:42:43	United Kingdom	
95c85b9b-7cf5-4dd9-af77-53d4dcfa72c7	153	James Blackwell	M	M35-39	20	5:16:56	0:32:01	0:05:52	2:46:15	0:03:14	1:49:34	United Kingdom	
3c5869ee-1bb3-f011-bbd2-7ced8d3c5c64	154	Charlie Cook		M18-24	28	5:16:57	0:33:05	0:05:54	2:43:50	0:04:46	1:49:22	United Kingdom	
7fa819c5-b147-f011-877a-000d3a3173b5	155	Paul Edwards	M	M30-34	39	5:17:00	0:38:49	0:09:23	2:38:06	0:04:21	1:46:21	United Kingdom	
78877391-f9b2-48eb-b55a-bf2e1452bf01	156	Benjamin Smith	M	M30-34	40	5:17:09	0:30:43	0:06:16	2:44:47	0:03:23	1:52:00	United Kingdom	
01b47289-a0fc-f011-8406-002248046ec8	157	Sophie Webb	F	F25-29	6	5:17:12	0:34:12	0:06:38	2:53:36	0:03:30	1:39:15	United Kingdom	
e70ef3ca-0bce-f011-bbd3-000d3a5cf7d8	158	Joshua Baldey	M	M30-34	41	5:17:19	0:37:24	0:07:06	2:51:41	0:02:56	1:38:12	Australia	
6a2008a0-191a-f111-8341-002248046ec8	159	Juliette Mauduit	F	F18-24	1	5:17:20	0:32:22	0:05:51	2:58:00	0:03:25	1:37:42	United Kingdom	
2d512e79-38e8-f011-8543-000d3a5b5fc7	160	James Cooke	M	M25-29	35	5:17:22	0:33:46	0:08:21	2:50:56	0:03:29	1:40:51	United Kingdom	
be2d90ac-43bf-f011-bbd3-000d3a35ffc1	161	Daniel La Braca	M	M25-29	36	5:17:29	0:33:02	0:07:02	2:50:51	0:05:20	1:41:13	United Kingdom	
938430c0-8996-4f72-97f7-d3e566158b11	162	Martin Abercromby	M	M35-39	21	5:17:32	0:47:28	0:07:06	2:44:56	0:03:19	1:34:44	United Kingdom	
66faf494-c424-4fca-8d8d-3f8b0d123ad9	163	Graham Nobbs	M	M40-44	12	5:17:34	0:39:16	0:07:45	2:48:27	0:04:48	1:37:18	United Kingdom	
c890a6fc-50c9-f011-bbd3-6045bd05f634	164	Oliver Cooper	M	M25-29	37	5:17:41	0:35:31	0:06:07	2:54:25	0:04:34	1:37:04	United Kingdom	
cf67edb3-d290-4fa4-b1a5-eaee2e444915	165	Marcos Silva	M	M45-49	8	5:17:48	0:38:22	0:07:22	2:55:35	0:04:52	1:31:37	Brazil	
251a6c86-7ca7-f011-bbd3-6045bd05fcc1	166	Owen Humphreys	M	M25-29	38	5:17:50	0:32:44	0:06:16	2:51:59	0:04:09	1:42:42	United Kingdom	
5f7eda5c-fd3b-ec11-b6e5-0022480833b3	167	David Lake	M	M40-44	13	5:18:07	0:35:14	0:09:48	2:47:35	0:04:54	1:40:35	United Kingdom	
d123def0-6fa8-f011-bbd3-000d3a35ffc1	168	Aidan Cooney	M	M25-29	39	5:18:10	0:36:02	0:06:50	2:42:09	0:03:30	1:49:39	United Kingdom	
96a0b1c2-7894-ef11-8a69-000d3a5a403c	169	Bruno Nunes	M	M30-34	42	5:18:13	0:29:58	0:04:55	2:39:30	0:04:41	1:59:09	Brazil	
6f81c704-21a5-f011-bbd2-6045bd026214	170	Andy Baldry	M	M25-29	40	5:18:21	0:35:10	0:07:02	2:45:17	0:04:35	1:46:17	United Kingdom	
6e88af9c-1401-f111-8406-0022480b88da	171	Davy Bax	M	M30-34	43	5:18:40	0:37:30	0:07:54	2:43:27	0:06:32	1:43:16	Netherlands	
a736d42f-63af-f011-bbd3-6045bd09951e	172	Alex Vass	M	M30-34	44	5:18:42	0:32:34	0:05:43	3:04:52	0:04:33	1:30:59	United Kingdom	
05dcaecc-ef30-f011-8c4d-000d3a5cf7d8	173	Oscar Eakin	M	M18-24	29	5:18:42	0:37:53	0:08:48	2:49:01	0:05:18	1:37:43	United Kingdom	
7eada145-763b-41c8-ac1a-8dda77263d13	174	Jeremy Andrews	M	M35-39	22	5:18:45	0:35:22	0:05:10	2:46:51	0:02:49	1:48:33	United Kingdom	
42ec2c52-07a5-f011-bbd3-6045bd05f634	175	Noah Bowles	M	M18-24	30	5:18:49	0:35:58	0:06:45	2:58:39	0:04:11	1:33:16	United Kingdom	
5d859b31-b8e5-40e6-a8f8-2bd19b2fc3a6	176	Matthew Dryden	M	M35-39	23	5:18:59	0:32:36	0:05:05	2:45:49	0:03:55	1:51:33	United Kingdom	
bfc9370b-1ee1-42f5-9565-e19ad3e2cb94	177	Edward Peek	M	M25-29	41	5:19:30	0:33:30	0:05:31	3:01:31	0:02:55	1:36:03	United Kingdom	
624b66cb-051e-ef11-840b-6045bd012ace	178	Andrew Dunlop	M	M35-39	24	5:19:32	0:30:44	0:05:36	2:47:36	0:03:47	1:51:50	United Kingdom	
fdad6628-3bc5-f011-bbd3-000d3a35ffc1	179	Henry Lloydlangston	M	M25-29	42	5:19:43	0:40:35	0:07:37	2:45:48	0:05:03	1:40:40	United Kingdom	
d6e33a83-3b92-ef11-ac21-000d3a59a9a1	180	Danny Harkin	M	M25-29	43	5:19:53	0:38:30	0:06:47	2:50:55	0:03:39	1:40:01	United Kingdom	
03016115-cd09-f111-8406-0022480994c2	181	Matthew Blow	M	M35-39	25	5:19:55	0:33:13	0:06:45	2:52:52	0:03:52	1:43:13	United Kingdom	
8459d554-567f-ef11-ac21-000d3a5a1803	182	Dean Hancock	M	M40-44	14	5:20:01	0:38:01	0:07:23	2:49:07	0:04:16	1:41:14	United Kingdom	
a08c5813-ea7c-f011-b4cc-000d3a5cf7d8	183	Oscar Howell	M	M18-24	31	5:20:08	0:36:11	0:05:50	2:55:33	0:03:23	1:39:11	United Kingdom	
3970b232-a1a9-f011-bbd3-000d3a35ffc1	184	Peter Thornley	M	M30-34	45	5:20:15	0:35:03	0:07:43	2:50:03	0:05:13	1:42:11	United Kingdom	
1f7b14cd-98ba-f011-bbd2-00224809087a	185	Matty Hodgson	M	M25-29	44	5:20:16	0:42:01	0:05:55	2:45:16	0:02:45	1:44:19	United Kingdom	
130ec5a4-14ce-426a-b9fd-b468c2a79ffe	186	Octavio Lopes	M	M55-59	5	5:20:23	0:35:20	0:09:04	2:45:58	0:06:31	1:43:29	Brazil	
42f68831-fbb8-f011-bbd3-6045bd05fcc1	187	Brendan Hourihan	M	M18-24	32	5:20:25	0:35:13	0:06:20	2:49:43	0:05:20	1:43:49	United Kingdom	
bad65d6d-98a5-f011-bbd3-000d3a5c3d6c	188	Ryan Wells	M	M30-34	46	5:20:30	0:35:34	0:06:37	3:03:08	0:04:00	1:31:11	United Kingdom	
c5ba09a6-99d7-f011-8543-6045bd05fcc1	189	Leandro Quinta	M	M25-29	45	5:20:48	0:36:42	0:09:08	2:49:22	0:04:53	1:40:44	United Kingdom	
554b4256-86b5-ef11-b8e8-000d3a5a403c	190	Amy Good	F	F25-29	7	5:20:52	0:37:45	0:06:01	2:51:19	0:04:02	1:41:45	United Kingdom	
485dab93-fc41-48b1-ab03-660135e563a5	191	Pete Robins	M	M55-59	6	5:20:53	0:32:09	0:06:39	2:57:26	0:04:59	1:39:40	United Kingdom	
39f3e1bc-e8c9-f011-bbd3-000d3a5b50ba	192	Rory Fagan-McNulty	M	M18-24	33	5:20:57	0:32:06	0:05:51	3:01:53	0:04:01	1:37:06	United Kingdom	
47854e3a-add6-f011-8544-6045bd05f634	193	Joseph West	M	M25-29	46	5:21:26	0:34:12	0:06:59	2:40:37	0:03:15	1:56:23	United Kingdom	
c756ce4f-6083-ef11-ac21-6045bd05c809	194	Jack Rules	M	M30-34	47	5:21:26	0:39:02	0:07:23	2:47:35	0:04:37	1:42:50	United Kingdom	
9d71c5dc-e7c9-f011-bbd3-000d3a5b50ba	195	Tomas Perry	M	M18-24	34	5:21:42	0:33:38	0:06:43	2:58:52	0:03:22	1:39:07	United Kingdom	
386268de-d98b-4e18-912b-2c4ecedfda13	196	Adam Lightowlers	M	M30-34	48	5:21:44	0:35:45	0:06:18	2:51:23	0:04:14	1:44:05	United Kingdom	
0d32823b-c9b1-f011-bbd3-000d3a5cf7d8	197	Oliver Shute	M	M18-24	35	5:21:46	0:39:00	0:06:54	2:57:14	0:04:44	1:33:54	United Kingdom	
69a3f7b8-e638-479f-8ca3-0550619ef82f	198	Michael Mcinerney-Heather	M	M25-29	47	5:21:59	0:35:11	0:05:23	2:50:39	0:03:21	1:47:24	New Zealand	
4c46124a-4c22-4041-be1a-76ec8e1086c7	199	Henry Brewster	M	M30-34	49	5:22:06	0:33:41	0:06:14	2:52:25	0:03:45	1:46:01	United Kingdom	
0764e36f-9c68-4c1a-99e7-8b2ac0a74f3c	200	Seb Navarro	M	M40-44	15	5:22:19	0:34:21	0:06:37	2:49:56	0:03:46	1:47:39	United Kingdom	
c5b62192-9feb-f011-8544-000d3a5b50ba	201	Dominic Cherry	M	M35-39	26	5:22:27	0:35:03	0:06:18	2:51:10	0:04:06	1:45:50	United Kingdom	
01b6c40b-f126-f111-8341-6045bd06566a	202	Eilidh Seaton	F	F25-29	8	5:22:29	0:34:40	0:05:23	3:04:35	0:03:28	1:34:22	United Kingdom	
cfc7eb2f-bd10-4f26-9507-2d0372fa548e	203	Matt Hickman	M	M40-44	16	5:22:30	0:31:14	0:10:59	2:49:17	0:08:20	1:42:40	United Kingdom	
14c70e07-0fe5-4fb2-9963-eb7e1da8e135	204	Richard Ward	M	M40-44	17	5:22:34	0:28:45	0:06:47	2:48:43	0:05:43	1:52:36	United Kingdom	
affcc187-7f44-ed11-bba1-000d3a314ae2	205	David Reynolds	M	M40-44	18	5:22:47	0:31:42	0:05:52	2:44:21	0:04:29	1:56:23	United Kingdom	
02bb90d3-428a-f011-b4cc-0022480a7385	206	Bryce Dunn	M	M25-29	48	5:23:03	0:40:29	0:08:22	2:52:51	0:05:14	1:36:07	United Kingdom	
7315523e-1ca8-f011-bbd3-000d3a3173b5	207	Roman Redziuk	M	M30-34	50	5:23:07	0:39:28	0:06:06	2:50:51	0:03:07	1:43:34	United Kingdom	
529ad546-4ffe-459a-91f1-b6b2525c44cf	208	James Dunning	M	M45-49	9	5:23:07	0:33:15	0:06:20	2:53:14	0:04:55	1:45:23	United Kingdom	
9be4c5e4-acbf-f011-bbd3-000d3a3173b5	209	Matthew Tallon	M	M35-39	27	5:23:09	0:36:07	0:06:15	2:50:02	0:02:53	1:47:51	United Kingdom	
229f9e80-bfd2-f011-8543-000d3a5b5fc7	210	Jay Woodall	M	M35-39	28	5:23:12	0:35:12	0:06:33	2:57:48	0:06:21	1:37:18	United Kingdom	
464b2fe7-7e03-4ebd-9512-1e34ff9697f7	211	Charles Perkins	M	M45-49	10	5:23:12	0:33:42	0:06:28	2:47:34	0:05:39	1:49:50	United Kingdom	
9aeeed60-9608-ef11-9f89-000d3a59e106	212	Russell Phelps	M	M40-44	19	5:23:17	0:33:20	0:07:30	2:49:59	0:06:08	1:46:19	United Kingdom	
fcd136e7-e6bc-f011-bbd3-000d3a5cf7d8	213	David Roberts	M	M30-34	51	5:23:20	0:36:21	0:08:11	2:54:33	0:03:26	1:40:49	United Kingdom	
2a923045-71ba-f011-bbd2-000d3a5b7c3b	214	Scott Buckland	M	M35-39	29	5:23:21	0:35:39	0:07:15	2:53:44	0:03:48	1:42:55	United Kingdom	
384b6cf0-13fd-f011-8406-002248081bd6	215	Sigve Hammar	M	M25-29	49	5:23:28	0:38:21	0:09:53	2:57:50	0:06:59	1:30:25	Norway	
7b6cd6b9-8f02-f011-bae2-000d3a3173b5	216	Edouard Lavoie	M	M25-29	50	5:23:30	0:35:57	0:07:21	2:44:49	0:03:27	1:51:55	Canada	
997dc1c3-bbff-ee11-a1fe-000d3a314c24	217	Jordan English	M	M25-29	51	5:23:32	0:40:13	0:07:41	2:41:27	0:07:37	1:46:34	United Kingdom	
90de9f7d-98c5-f011-bbd3-000d3a3173b5	218	Adam Murray	M	M30-34	52	5:23:38	0:42:06	0:06:54	2:42:01	0:04:38	1:47:58	Ireland	
66110164-7451-444c-b091-38637efe9232	219	Alexander Martin	M	M45-49	11	5:23:40	0:40:13	0:07:18	2:47:40	0:04:28	1:44:00	United Kingdom	
11086d74-7ddd-f011-8544-000d3a5b50ba	220	Jack Gibson	M	M25-29	52	5:23:44	0:36:48	0:06:01	2:45:31	0:04:05	1:51:18	United Kingdom	
04ff881e-dc0c-42b1-a122-ea622629caf5	221	Marwan Jamous	M	M50-54	7	5:23:56	0:39:04	0:06:52	2:51:48	0:04:03	1:42:09	Lebanon	
91549c7a-89d3-f011-8544-000d3a5b50ba	222	Michael Donaldson	M	M25-29	53	5:24:01	0:40:09	0:08:01	2:45:47	0:04:08	1:45:55	United Kingdom	
d8ae1e96-747b-f011-b4cc-6045bd05fcc1	223	Jon Powell	M	M45-49	12	5:24:10	0:37:16	0:07:14	2:46:28	0:04:42	1:48:29	United Kingdom	
268e1247-01dc-f011-8544-000d3a35ffc1	224	Billy Wilson	M	M35-39	30	5:24:14	0:40:01	0:07:34	2:55:43	0:04:55	1:36:01	United Kingdom	
8946af0b-7165-ef11-bfe3-000d3a371e3b	225	James Lee	M	M35-39	31	5:24:17	0:35:59	0:07:39	2:49:24	0:03:58	1:47:17	United Kingdom	
d15f627d-6c99-41ac-a3a5-479c2719e148	226	Paul Cameron	M	M50-54	8	5:24:20	0:34:34	0:05:31	2:53:07	0:04:12	1:46:56	United Kingdom	
6e2fda8f-09a5-f011-bbd3-0022480c097c	227	George Keldie	M	M40-44	20	5:24:21	0:43:39	0:09:05	2:44:40	0:04:53	1:42:05	United Kingdom	
a48924f4-28f5-f011-8406-002248081bd6	228	Oscar Bird	M	M25-29	54	5:24:21	0:33:12	0:06:11	2:49:54	0:03:17	1:51:47	United Kingdom	
94f309b7-dcb7-f011-bbd3-000d3a5b50ba	229	Luke Peet	M	M30-34	53	5:24:23	0:36:23	0:08:03	2:57:23	0:04:19	1:38:15	United Kingdom	
d37ebaa8-842b-f111-88b4-000d3a5c1a75	230	Robert Whitney		M35-39	32	5:24:29	0:45:39	0:09:12	2:35:27	0:05:33	1:48:38	United Kingdom	
55a129f1-8cd6-f011-8544-000d3a5b7c3b	231	Harry Bunting	M	M35-39	33	5:24:40	0:39:43	0:06:11	3:00:58	0:04:10	1:33:37	United Kingdom	
a9fbc9fd-c8a5-f011-bbd3-000d3a35ffc1	232	Oli Bayley	M	M25-29	55	5:24:51	0:37:31	0:08:44	2:45:23	0:04:08	1:49:05	United Kingdom	
325ae61b-1708-f111-8406-0022480b35b6	233	Julia Cash	F	F18-24	2	5:24:53	0:34:45	0:07:01	2:58:59	0:02:41	1:41:27	United Kingdom	
14a7d30d-430e-f111-8406-0022480a5755	234	Sol Pugh	M	M25-29	56	5:25:00	0:35:32	0:06:46	2:56:56	0:02:42	1:43:04	United Kingdom	
b9609316-d54d-ef11-a317-000d3a383830	235	Ben Large	M	M30-34	54	5:25:01	0:39:18	0:06:10	2:50:37	0:04:01	1:44:55	United Kingdom	
f87926bc-1035-4b0f-9819-67a89b92ed1a	236	Elspeth Bradshaw	F	F30-34	1	5:25:04	0:33:13	0:04:57	2:50:51	0:03:36	1:52:27	United Kingdom	
34a9f2ef-53b1-ef11-b8e8-6045bd088264	237	Jessica Hallett	F	F25-29	9	5:25:07	0:32:47	0:06:04	2:53:24	0:03:17	1:49:35	United Kingdom	
ad937455-08a5-f011-bbd3-002248098cfa	238	Dan Strutt	M	M30-34	55	5:25:14	0:39:33	0:09:03	2:58:25	0:04:52	1:33:21	United Kingdom	
166389dd-26ef-f011-8407-6045bd09fcf5	239	Gareth Jones	M	M35-39	34	5:25:17	0:35:00	0:07:57	2:59:47	0:05:00	1:37:33	United Kingdom	
06f9e79f-3683-4efd-bee9-876cc3d35fa0	240	Alexis Jardin	M	M35-39	35	5:25:19	0:36:09	0:06:15	2:54:17	0:03:07	1:45:32	France	
1f2c327c-2b5f-4fbd-bbb0-4cd25c77b55b	241	Adam Bartlett	M	M30-34	56	5:25:34	0:40:45	0:08:59	2:44:32	0:06:40	1:44:37	United Kingdom	
5165b06b-72ce-4cf6-91f1-6d53ae2121ec	242	Charlie Lawson	M	M40-44	21	5:25:41	0:38:16	0:07:28	2:51:23	0:04:09	1:44:23	United Kingdom	
cdcb5bfc-0da5-f011-bbd3-000d3a35ffc1	243	Daniel McGinley	M	M35-39	36	5:25:41	0:38:53	0:06:23	2:53:29	0:04:08	1:42:48	Ireland	
db4cdb44-1d79-ef11-a670-6045bd05c809	244	Calvin Anderson	M	M25-29	57	5:25:51	0:35:39	0:06:16	2:50:53	0:03:44	1:49:20	United States	
c9f73d94-25c9-f011-bbd3-000d3a5b7c3b	245	Kate Fawcett	F	F25-29	10	5:25:58	0:36:09	0:05:55	3:04:30	0:03:59	1:35:26	United Kingdom	
d5959652-ea07-40f5-ba60-533e4aa04e1a	246	Edward Evans	M	M35-39	37	5:26:17	0:35:30	0:07:03	2:55:59	0:05:01	1:42:45	United Kingdom	
f1308dc2-6aed-43ac-83b2-b3bf94f75f87	247	David Beggs	M	M45-49	13	5:26:23	0:33:22	0:06:10	2:47:11	0:03:58	1:55:42	Ireland	
21836014-49c3-4614-b305-374f8aaa62ec	248	Kerina Meadows	F	F35-39	1	5:26:25	0:37:03	0:06:18	2:50:59	0:03:44	1:48:21	United Kingdom	
92e3231f-22a5-f011-bbd3-000d3a3173b5	249	Benjamin Rose	M	M18-24	36	5:26:26	0:32:27	0:07:23	2:50:58	0:03:41	1:51:58	United Kingdom	
3aaf550b-b2d8-ec11-a7b5-00224809f1d7	250	Wayne Longshaw	M	M60-64	1	5:26:28	0:39:16	0:07:42	2:49:17	0:03:30	1:46:43	United Kingdom	
670519c4-3325-406c-80e4-9cf92f8761e3	251	George Stannett	M	M30-34	57	5:26:28	0:37:22	0:06:44	2:49:20	0:05:46	1:47:16	United Kingdom	
4d5e4b51-adfc-4f9d-b135-5877ce1ef957	252	Matty Waine	M	M25-29	58	5:26:39	0:36:43	0:07:10	2:50:27	0:06:20	1:45:59	United Kingdom	
1011c8da-f101-f111-8406-6045bd08b1a2	253	Michael House	M	M25-29	59	5:26:44	0:38:24	0:06:50	2:56:36	0:03:51	1:41:02	Canada	
91b169d7-fbab-f011-bbd3-6045bd05fcc1	254	Vincent Deganne	M	M50-54	9	5:27:16	0:37:43	0:07:06	2:55:06	0:03:12	1:44:08	France	
4bfceade-2845-4548-bd0a-d959b0b6ccc9	255	Pierre Dezoomer	M	M35-39	38	5:27:19	0:38:35	0:08:20	2:42:10	0:03:44	1:54:31	France	
580b2191-b484-ef11-ac21-000d3a3126fd	256	Finley Bird	M	M25-29	60	5:27:27	0:36:21	0:08:20	2:49:50	0:06:13	1:46:43	United Kingdom	
7ced3f62-8541-4467-9c17-504a91c863d1	257	Toni Senior	F	F45-49	1	5:27:36	0:33:59	0:05:22	2:53:36	0:04:15	1:50:24	United Kingdom	
e169745e-cfb5-f011-bbd3-0022480c097c	258	Ben Spannuth	M	M35-39	39	5:27:40	0:38:04	0:08:29	2:49:42	0:03:43	1:47:42	United Kingdom	
db205b1e-c1da-f011-8544-000d3a3173b5	259	Alexander Close	M	M25-29	61	5:27:41	0:36:40	0:07:00	2:51:33	0:05:07	1:47:21	United Kingdom	
cf6e0d4e-f720-4aa4-9a02-73fce1b5651e	260	Matthew Lam	M	M35-39	40	5:27:45	0:30:44	0:05:29	2:42:35	0:04:10	2:04:46	United Kingdom	
ffdbfab1-8815-f111-8341-0022480b84a3	261	Anton van Loggerenberg	M	M30-34	58	5:27:50	0:37:55	0:09:57	2:56:54	0:06:05	1:36:59	South Africa	
6f9f9eca-6de5-f011-8544-000d3a3173b5	262	Andrew Pedder	M	M35-39	41	5:27:53	0:34:10	0:07:16	2:49:42	0:04:57	1:51:48	United Kingdom	
f6953a16-809b-4fbe-b7d8-edb87b5f2dfa	263	Francesca Cuff	F	F35-39	2	5:28:02	0:35:39	0:05:29	2:54:30	0:03:43	1:48:40	United Kingdom	
d14afb52-09a5-f011-bbd3-6045bd09951e	264	Jack Hartwright	M	M18-24	37	5:28:07	0:33:47	0:06:38	2:57:26	0:03:47	1:46:29	United Kingdom	
5f94726b-830a-f111-8406-6045bd06566a	265	Luis Hatcher	M	M25-29	62	5:28:15	0:39:17	0:07:10	2:47:12	0:05:37	1:49:00	United Kingdom	
49b30222-fa1a-f111-8341-0022480b84a3	266	Oliver Matthews	M	M30-34	59	5:28:23	0:30:41	0:06:37	2:58:45	0:03:28	1:48:52	United Kingdom	
84fec29b-404d-4919-990d-a0515b94c7eb	267	Simon MacVicker	M	M60-64	2	5:28:30	0:37:49	0:09:14	2:51:12	0:05:46	1:44:29	United Kingdom	
3d958bd4-be8c-f011-b4cc-000d3a5b50ba	268	Sam Dickens	M	M25-29	63	5:28:32	0:38:27	0:09:28	2:58:38	0:04:52	1:37:07	United Kingdom	
effb8ad0-8911-4f7e-849d-cb29585475e5	269	Steve Richard	M	M35-39	42	5:28:32	0:34:56	0:05:59	2:46:49	0:03:30	1:57:18	Switzerland	
418ff68b-c3fd-f011-8406-0022480b88da	270	Alex Hodson	M	M18-24	38	5:28:40	0:39:05	0:05:27	2:50:59	0:04:02	1:49:07	United Kingdom	
b39065f3-26a5-f011-bbd2-6045bd026214	271	Jake Dane	M	M25-29	64	5:28:41	0:27:50	0:07:20	2:49:54	0:04:35	1:59:03	United Kingdom	
269c63f7-1149-4fab-943e-a43e1b4daa17	272	David Virden	M	M60-64	3	5:28:45	0:34:42	0:06:27	2:57:54	0:04:32	1:45:10	United Kingdom	
0e684f78-12a5-f011-bbd3-6045bd05f634	273	Max Peregrine	M	M18-24	39	5:28:47	0:34:58	0:09:24	2:59:04	0:03:38	1:41:43	United Kingdom	
49b9243b-2eca-4246-bae6-b4b388ea038c	274	David Tyrrell	M	M45-49	14	5:28:50	0:43:29	0:06:19	2:52:08	0:06:33	1:40:22	United Kingdom	
25b737c9-ca31-f011-8c4e-6045bd05fcc1	275	Daniel Maloney	M	M35-39	43	5:28:55	0:32:41	0:06:39	2:55:55	0:03:45	1:49:56	United Kingdom	
8e02f05d-d0a4-f011-bbd3-6045bd05fcc1	276	Aaron Burnett	M	M35-39	44	5:29:15	0:40:10	0:08:21	2:45:56	0:04:23	1:50:24	United Kingdom	
73b66058-1b25-f011-8c4d-000d3a5b7c3b	277	Adam Humphreys	M	M35-39	45	5:29:15	0:36:52	0:06:38	2:56:24	0:04:07	1:45:13	United Kingdom	
459562e7-0eb7-f011-bbd3-000d3a35ffc1	278	Charlie Brown	M	M18-24	40	5:29:16	0:38:25	0:07:21	3:01:00	0:03:43	1:38:45	United Kingdom	
6523657a-7ba7-4149-89b3-f0cc84111b35	279	Jean-Luc Hebert	M	M60-64	4	5:29:22	0:39:36	0:07:00	2:55:10	0:03:19	1:44:16	France	
ef0b241e-f2df-f011-8544-000d3a5cf7d8	280	Finlay Bradshaw	M	M18-24	41	5:29:26	0:31:49	0:10:34	2:50:36	0:06:27	1:50:00	United Kingdom	
b7d30998-015c-f011-bec2-000d3a3173b5	281	Herman Maritz	M	M40-44	22	5:29:35	0:37:45	0:06:31	2:55:36	0:02:56	1:46:46	United Kingdom	
d55ede55-f734-4861-94ee-df05c30e9aa4	282	Alex Pitt	M	M25-29	65	5:29:36	0:36:06	0:07:59	2:58:20	0:04:25	1:42:46	United Kingdom	
bd07fefb-9232-f011-8c4d-000d3a5cf7d8	283	Matthew Croft	M	M18-24	42	5:29:37	0:39:49	0:07:15	2:59:59	0:04:15	1:38:19	United Kingdom	
2a1f96e2-a8c0-f011-bbd3-000d3a5cf7d8	284	Benjamin Smith	M	M18-24	43	5:29:45	0:33:03	0:06:33	2:51:54	0:05:50	1:52:25	United Kingdom	
9acb4fa7-740e-f011-9988-000d3a5b50ba	285	Tom Hall	M	M30-34	60	5:29:47	0:33:35	0:11:06	2:55:12	0:07:30	1:42:24	United Kingdom	
8080eace-b2c0-f011-bbd3-6045bd05fcc1	286	Ash Holmes	M	M18-24	44	5:30:00	0:39:36	0:07:04	2:54:15	0:04:32	1:44:33	United Kingdom	
88c55f27-0bc0-f011-bbd2-000d3a5b7c3b	287	Daniel Baxter	M	M25-29	66	5:30:03	0:35:58	0:07:38	3:00:55	0:04:44	1:40:48	United Kingdom	
f0065fa0-8ed6-f011-8544-6045bd05f634	288	Jenson Holmes	M	M18-24	45	5:30:05	0:38:48	0:08:12	2:59:14	0:03:45	1:40:06	United Kingdom	
749b6e12-f632-ef11-840a-00224809fd7c	289	Jen Pudney	F	F25-29	11	5:30:05	0:31:48	0:05:18	3:03:58	0:03:49	1:45:12	United Kingdom	
cc9cf666-f0fd-ec11-82e5-002248045a0c	290	Alexander Charles Mackay	M	M45-49	15	5:30:07	0:33:26	0:07:20	2:56:21	0:04:49	1:48:12	United Kingdom	
a6d37f31-d284-f011-b4cc-6045bd09951e	291	Harvey Voller	M	M25-29	67	5:30:09	0:40:13	0:08:39	3:05:12	0:05:04	1:31:01	United Kingdom	
7224b225-3bf6-4749-b636-8a6b02fd1742	292	James Scotford	M	M45-49	16	5:30:09	0:36:22	0:07:20	3:08:32	0:02:51	1:35:04	United Kingdom	
98ade527-aaa9-f011-bbd3-6045bd05fcc1	293	Michael Burton	M	M25-29	68	5:30:20	0:35:48	0:06:08	2:50:00	0:03:11	1:55:12	United Kingdom	
b279d09f-c61f-ee11-9cbe-000d3a3144b3	294	Oliver Blakeman	M	M25-29	69	5:30:28	0:32:58	0:05:41	3:05:49	0:03:00	1:43:00	United Kingdom	
e892270b-a5dc-420d-afb1-3f468d2b7d99	295	Fraser Cottrell	M	M25-29	70	5:30:28	0:33:28	0:05:42	2:50:29	0:03:00	1:57:50	United Kingdom	
8b76a5b8-286e-4d58-ba91-266c62d609f9	296	Richard Wickins	M	M35-39	46	5:30:29	0:34:03	0:06:42	2:57:53	0:03:17	1:48:35	United Kingdom	
18330cfe-a7d7-4913-989e-2bcbfa628015	297	Andrew Sclater	M	M45-49	17	5:30:35	0:36:48	0:07:25	2:53:56	0:03:11	1:49:14	United Kingdom	
67e35576-f147-47d5-98d2-a1de9178339e	298	Jackson Morris	M	M25-29	71	5:30:49	0:37:17	0:06:31	2:54:47	0:03:53	1:48:20	United States	
ea0c5f9a-43fc-f011-8406-002248081bd6	299	Matthew Hughes	M	M18-24	46	5:30:51	0:35:58	0:07:32	2:56:37	0:04:08	1:46:35	United Kingdom	
424b04ab-2c97-f011-b4cc-6045bd05fcc1	300	Marc Bennell	M	M18-24	47	5:30:54	0:41:35	0:06:47	2:56:38	0:04:40	1:41:14	United Kingdom	
634a3c73-61ec-43e1-a6d4-dcc7e5ad8b80	301	Seamus Mckimm	M	M35-39	47	5:31:10	0:37:27	0:06:19	2:50:30	0:03:41	1:53:14	United Kingdom	
e89edd75-5919-f111-8341-002248046ec8	302	Vera Kjellberg	F	F18-24	3	5:31:20	0:40:10	0:08:22	2:50:32	0:06:18	1:45:58	Sweden	
60d2080a-07a5-f011-bbd3-6045bd09951e	303	Ben Richley	M	M18-24	48	5:31:22	0:39:49	0:07:13	2:52:52	0:03:20	1:48:07	United Kingdom	
4459c6a7-660e-f111-8406-6045bd06566a	304	Ruben Mennen	M	M25-29	72	5:31:24	0:41:15	0:09:50	2:50:43	0:07:18	1:42:18	Netherlands	
5b791695-df46-41f6-940b-cedae36a9866	305	Lucy Hamblin-Smith	F	F40-44	2	5:31:28	0:32:01	0:06:59	3:02:56	0:03:45	1:45:47	United Kingdom	
dd8f7623-fece-f011-bbd3-000d3a5b50ba	306	George Sweeting	M	M30-34	61	5:31:31	0:34:14	0:06:34	2:56:02	0:03:20	1:51:21	United Kingdom	
c36660f4-afe5-f011-8544-000d3a5b7c3b	307	Sam Feltham	M	M18-24	49	5:31:40	0:37:13	0:06:20	3:12:54	0:03:05	1:32:08	United Kingdom	
d86e2060-7602-f111-8406-0022480b88da	308	Jon Brooks	M	M30-34	62	5:31:43	0:36:24	0:08:00	2:57:06	0:04:22	1:45:52	United Kingdom	
ff00e5bb-d474-ef11-a670-00224809fd7c	309	Adam Cowin	M	M30-34	63	5:31:48	0:36:16	0:07:34	3:03:32	0:04:35	1:39:51	Isle of Man	
857764d6-b79f-f011-b41c-000d3a5b7c3b	310	David Portch	M	M25-29	73	5:31:51	0:36:17	0:09:01	2:50:44	0:06:39	1:49:11	United Kingdom	
80a6d3b9-0ba5-f011-bbd3-0022480a7385	311	Ashley Akerman	M	M35-39	48	5:31:52	0:35:21	0:06:33	2:52:33	0:04:12	1:53:13	United Kingdom	
40f5eb09-a6e3-ef11-8eea-002248049fdc	312	Alice McCormack	F	F25-29	12	5:31:56	0:42:29	0:07:08	3:01:33	0:04:30	1:36:16	United Kingdom	
69bdd9af-90fa-f011-8406-6045bd06566a	313	Mitchell Bailey	M	M18-24	50	5:31:56	0:39:36	0:06:18	2:59:25	0:03:49	1:42:49	United Kingdom	
9dffca80-f26b-4704-9ee4-2ecd20031290	314	Sophie Needham	F	F40-44	3	5:31:58	0:35:38	0:07:13	2:54:51	0:04:05	1:50:11	United Kingdom	
d436d333-09d8-ee11-9079-6045bd0158c4	315	Ollie Fox	M	M40-44	23	5:32:00	0:34:45	0:05:30	2:55:49	0:03:37	1:52:19	United Kingdom	
b6f74e2a-bba5-f011-bbd3-000d3a5c3d6c	316	Joe Wood	M	M18-24	51	5:32:07	0:31:26	0:08:21	3:00:40	0:07:09	1:44:31	United Kingdom	
018967d4-179a-f011-b4cc-6045bd09951e	317	Ruben Bell	M	M30-34	64	5:32:09	0:42:00	0:06:12	2:52:58	0:03:17	1:47:42	United Kingdom	
3f4bcf7c-06da-ee11-904d-6045bd0158c4	318	Sorcha Mcevoy	F	F30-34	2	5:32:10	0:41:09	0:06:13	3:02:55	0:03:36	1:38:18	Ireland	
568c3448-a1f4-f011-8406-6045bd08b1a2	319	Reece Miles	M	M18-24	52	5:32:13	0:35:58	0:09:58	2:55:43	0:05:45	1:44:49	United Kingdom	
98ad2cee-64ef-4840-9177-16aff524a5f3	320	Tom Lissett	M	M45-49	18	5:32:22	0:38:47	0:06:05	2:46:37	0:03:45	1:57:08	United Kingdom	
4108478c-0aa5-f011-bbd3-000d3a5cf7d8	321	Jack Stephens	M	M25-29	74	5:32:27	0:42:38	0:06:44	3:07:52	0:05:54	1:29:19	United Kingdom	
1248e7fb-b579-ef11-a670-000d3a5b3d07	322	Holly Smith	F	F30-34	3	5:32:29	0:30:14	0:05:40	3:05:30	0:04:01	1:47:05	United Kingdom	
32743c69-aea6-f011-bbd3-6045bd09951e	323	Hamish Merriman	M	M25-29	75	5:32:31	0:38:27	0:06:03	2:58:57	0:02:52	1:46:11	United Kingdom	
52659728-371d-f011-998a-000d3a5b50ba	324	Francis Whiteford	M	M40-44	24	5:32:31	0:36:43	0:09:07	2:53:00	0:04:27	1:49:14	United Kingdom	
afb77f65-5a54-4842-9520-f9e76cf577c3	325	Fergal Meegan	M	M45-49	19	5:32:33	0:41:41	0:06:00	2:49:29	0:06:05	1:49:17	Ireland	
59f13520-ee1d-f111-8341-002248046451	326	Charlie McGhie	M	M18-24	53	5:32:33	0:35:47	0:07:30	3:05:56	0:04:17	1:39:04	United Kingdom	
74e1587b-ca5e-ef11-bfe3-000d3a3b4ec1	327	Luke Quartermaine	M	M25-29	76	5:32:43	0:44:07	0:06:17	3:02:42	0:04:05	1:35:31	United Kingdom	
bc254a12-e7eb-f011-8544-0022480c370f	328	Alexander Macmillen	M	M18-24	54	5:32:54	0:40:13	0:07:41	2:57:50	0:05:06	1:42:04	United Kingdom	
e1d8a7ce-ca09-f111-8406-0022480b84a3	329	Alex McNulty	M	M30-34	65	5:33:09	0:29:00	0:08:05	3:07:58	0:06:55	1:41:11	Ireland	
b80a8f78-b8c3-f011-bbd2-000d3a5b7c3b	330	Shaun Noble	M	M25-29	77	5:33:12	0:31:31	0:05:58	2:57:40	0:04:11	1:53:52	United Kingdom	
4b18903a-6227-4c63-b76b-ab1ce3e3eed5	331	Ella Johnston	F	F18-24	4	5:33:19	0:32:33	0:06:17	3:06:52	0:02:49	1:44:48	United Kingdom	
d25d5c22-f878-441a-b94f-459e13d9a18e	332	Hannah Brown	F	F18-24	5	5:33:21	0:42:36	0:05:16	2:49:57	0:02:29	1:53:02	United Kingdom	
0180313b-11d7-ec11-a7b5-00224809f54c	333	Rolando Hutchinson	M	M50-54	10	5:33:21	0:35:11	0:08:41	2:47:46	0:05:06	1:56:38	United Kingdom	
bc2cdf10-51e9-f011-8544-000d3a5cf7d8	334	Dan Casson	M	M40-44	25	5:33:23	0:37:39	0:07:32	2:56:50	0:05:36	1:45:46	United Kingdom	
5b3666b9-b0c8-f011-bbd3-000d3a35ffc1	335	Luke McCormack	M	M25-29	78	5:33:25	0:49:42	0:06:57	2:59:41	0:04:04	1:33:00	Ireland	
a9c141cf-82a5-ef11-8a6a-000d3a59a9a1	336	Ryan Ashton	M	M30-34	66	5:33:27	0:31:24	0:06:45	2:56:59	0:06:02	1:52:17	United Kingdom	
cea52e1e-959b-ee11-be37-000d3a314ae2	337	Sam Pearce	M	M30-34	67	5:33:40	0:38:29	0:08:05	2:56:10	0:05:05	1:45:51	United Kingdom	
40864374-a30a-f111-8406-6045bd08b1a2	338	Benedict Moons	M	M18-24	55	5:33:42	0:35:48	0:10:10	2:57:22	0:05:02	1:45:20	United Kingdom	
58f2d52d-9ca7-f011-bbd3-6045bd09951e	339	Lennox Turner	M	M18-24	56	5:33:47	0:29:47	0:06:17	3:00:12	0:04:33	1:52:58	United Kingdom	
97dd3c16-b1d2-f011-8544-000d3a5cf7d8	340	Justin Bellis	M	M25-29	79	5:33:54	0:32:23	0:07:08	2:56:10	0:03:32	1:54:41	United Kingdom	
25969858-4e16-f111-8341-0022480b35b6	341	Aemilia Rugman	F	F18-24	6	5:34:01	0:30:34	0:05:17	3:00:40	0:03:26	1:54:04	United Kingdom	
e7390833-a486-468a-88c0-ceb446ab049f	342	Pru Harvey	F	F45-49	2	5:34:03	0:35:36	0:08:06	3:01:56	0:05:55	1:42:30	United Kingdom	
3a98581c-77f2-421d-9f2c-4663c6798ddf	343	Mark Harris	M	M40-44	26	5:34:15	0:47:39	0:07:51	2:47:54	0:04:33	1:46:18	United Kingdom	
ba0bdcb5-17b8-f011-bbd2-000d3a5b7c3b	344	Francis Ball	M	M25-29	80	5:34:17	0:30:48	0:05:11	3:08:01	0:03:56	1:46:20	United Kingdom	
cbd53922-baaa-4d37-aa8e-394290f9edbb	345	Nick Barton	M	M50-54	11	5:34:19	0:30:15	0:06:45	2:59:40	0:03:20	1:54:18	United Kingdom	
07049a27-ebe4-f011-8406-00224804d77b	346	Nard Bezembinder	M	M18-24	57	5:34:23	0:39:00	0:07:26	3:01:14	0:02:50	1:43:53	Netherlands	
cceb86ac-c467-f011-bec3-6045bd05f634	347	Callum Allcock-Green	M	M18-24	58	5:34:24	0:35:06	0:07:14	2:52:04	0:03:55	1:56:05	United Kingdom	
70e0bc56-1111-f111-8406-0022480b35b6	348	Milo Boirot	M	M25-29	81	5:34:31	0:39:29	0:07:46	2:54:54	0:03:16	1:49:06	France	
11b070ff-16e3-4aae-a6db-07ae64a3f919	349	Vincent Souillat	M	M25-29	82	5:34:46	0:41:38	0:05:39	2:47:14	0:03:26	1:56:48	France	
07d6b740-1f90-44a9-bbc3-7d18c90bdf6c	350	Adam Biddle	M	M35-39	49	5:34:49	0:39:24	0:05:35	2:55:10	0:03:27	1:51:12	United Kingdom	
3b577a28-07b8-f011-bbd3-6045bd05fcc1	351	Hayden Ball	M	M30-34	68	5:34:50	0:27:18	0:05:17	3:11:29	0:04:42	1:46:05	United Kingdom	
3cbd51ad-d284-f011-b4cc-6045bd05f634	352	Stephen Morris	M	M40-44	27	5:34:56	0:38:46	0:07:10	3:01:01	0:03:52	1:44:06	United Kingdom	
9682895d-4949-f111-bec5-70a8a5b0b075	353	Matthew Betts	M	M25-29	83	5:35:01	0:36:45	0:06:48	2:56:31	0:03:36	1:51:22	United Kingdom	
aef12fd3-2205-f111-8406-0022480994c2	354	Jessica Gavin	F	F25-29	13	5:35:05	0:35:48	0:06:27	3:11:17	0:03:29	1:38:03	United Kingdom	
9a0dead4-07a5-f011-bbd3-6045bd05fcc1	355	Hubert Paluch	M	M25-29	84	5:35:06	0:34:47	0:06:11	2:52:44	0:03:26	1:57:58	United Kingdom	
692f3e3f-62ac-f111-aaab-7ced8d6ecc26	356	Tom Bright	M	M30-34	69	5:35:07	0:34:18	0:08:42	2:57:34	0:06:11	1:48:22	United Kingdom	
d60fd43e-7e02-43b6-80df-c01c7649e60c	357	Mark Smith	M	M45-49	20	5:35:09	0:30:06	0:08:10	2:47:02	0:03:52	2:06:00	United Kingdom	
c5de689e-79a4-f011-bbd2-000d3a36d180	358	Connor Lovely	M	M30-34	70	5:35:15	0:36:00	0:06:59	2:54:02	0:05:23	1:52:51	United Kingdom	
b982abb9-843a-41e3-b274-73eebcba1ecf	359	Martyn Spencer	M	M40-44	28	5:35:22	0:33:20	0:07:52	2:51:19	0:05:28	1:57:23	United Kingdom	
5da4e635-3f0f-f111-8406-6045bd08b1a2	360	Daniel Cox	M	M18-24	59	5:35:26	0:45:42	0:08:46	2:57:24	0:05:30	1:38:04	United Kingdom	
d2c2c1ee-159a-ef11-8a6a-000d3a338a3c	361	Matt Francis	M	M50-54	12	5:35:31	0:32:37	0:08:50	2:50:17	0:06:19	1:57:29	United Kingdom	
d129eff1-cfbe-46cb-92f7-320a653c7c69	362	Abigail Barnes	F	F18-24	7	5:35:33	0:30:59	0:05:16	3:03:15	0:02:58	1:53:05	United Kingdom	
5f8e0682-5048-ef11-a317-000d3a383830	363	Diego Toffani	M	M18-24	60	5:35:36	0:38:41	0:09:29	2:54:27	0:06:21	1:46:38	Argentina	
96928e5c-4bfb-f011-8406-0022480b84a3	364	James Oades	M	M18-24	61	5:35:40	0:35:32	0:05:39	2:59:42	0:02:54	1:51:53	United Kingdom	
4f36ed0c-38be-4481-8e86-24d07fb99ea4	365	Will Scannell	M	M25-29	85	5:35:43	0:36:37	0:07:13	2:58:47	0:04:01	1:49:05	United Kingdom	
f1dbd3ee-a44a-f011-877a-000d3a5b50ba	366	Alexander Smith	M	M25-29	86	5:35:51	0:34:56	0:06:30	2:52:43	0:05:12	1:56:31	United Kingdom	
a2411858-0068-f011-bec3-6045bd09951e	367	Ryan Smith	M	M25-29	87	5:35:53	0:36:58	0:06:10	2:55:30	0:06:04	1:51:12	United Kingdom	
e4dae2f1-eae6-f011-8543-000d3a5b5fc7	368	Jack Tillett	M	M30-34	71	5:35:57	0:41:03	0:07:14	3:00:47	0:04:30	1:42:23	United Kingdom	
aa7c290a-c736-4d5f-899f-d5c5c0efbe84	369	Quentin Gallet	M	M30-34	72	5:35:58	0:37:27	0:06:26	2:40:26	0:04:48	2:06:51	France	
2cd4d85b-8fa7-f011-bbd3-6045bd05fcc1	370	Eleanor Bower	F	F18-24	8	5:35:59	0:36:35	0:07:33	3:08:50	0:04:14	1:38:47	United Kingdom	
0fe907b0-6fe9-44c3-b934-b42cbed6116b	371	Matthew Jewell	M	M55-59	7	5:36:00	0:39:16	0:08:12	2:47:15	0:06:22	1:54:54	United Kingdom	
2edbbfa2-9a64-f011-bec3-000d3a5b50ba	372	Samuel Cleasby	M	M25-29	88	5:36:10	0:34:24	0:07:32	2:54:38	0:04:51	1:54:45	United Kingdom	
a423bcb3-0aa5-f011-bbd2-6045bd026214	373	Steven Musson	M	M35-39	50	5:36:11	0:35:33	0:06:52	3:04:36	0:04:30	1:44:40	United Kingdom	
e0251185-02dc-f011-8543-000d3a5b5fc7	374	Zac Michaelides	M	M30-34	73	5:36:12	0:38:42	0:09:29	2:48:35	0:06:42	1:52:45	United Kingdom	
be3ac115-14a5-f011-bbd3-000d3a3173b5	375	Liam Parke	M	M30-34	74	5:36:27	0:38:01	0:07:41	2:56:17	0:04:34	1:49:54	New Zealand	
1e6b07f9-0fd8-eb11-bacb-00224802ae6c	376	Christopher Hodgson	M	M50-54	13	5:36:40	0:33:02	0:05:50	2:53:32	0:04:29	1:59:48	United Kingdom	
52a6422f-0799-4f70-bf8e-ef0c9cf73a28	377	Ian Crook	M	M45-49	21	5:36:42	0:33:29	0:08:10	2:56:04	0:04:05	1:54:53	United Kingdom	
b5182233-4ef9-46cc-a761-8727cb959783	378	Andre Le Brocquy	M	M35-39	51	5:36:43	0:44:00	0:07:47	2:48:58	0:07:16	1:48:41	Ireland	
4831adba-5cbe-f011-bbd3-0022480a7385	379	Lucas Tjeerde	M	M18-24	62	5:36:54	0:39:33	0:07:47	2:55:09	0:05:33	1:48:52	Netherlands	
0def7a4e-3ca5-f011-bbd3-000d3a5cf7d8	380	Harry Palmer	M	M18-24	63	5:37:07	0:36:56	0:06:55	2:54:44	0:04:11	1:54:21	United Kingdom	
e3356c4c-d1f6-f011-8406-002248081bd6	381	Antonio Insalata	M	M30-34	75	5:37:22	0:52:33	0:06:04	2:51:55	0:03:30	1:43:20	Italy	
3e0bb4e5-b33f-4afe-85ed-e8d99dba74af	382	Mark Higgins	M	M35-39	52	5:37:24	0:42:49	0:05:47	2:57:22	0:04:08	1:47:18	United Kingdom	
d8386cc8-c005-4f36-ba9f-70f1751e28a9	383	Neil Davies	M	M35-39	53	5:37:25	0:40:30	0:06:44	2:43:43	0:04:42	2:01:46	United Kingdom	
ceaf6929-94fe-f011-8406-0022480994c2	384	Will Hartshorne	M	M18-24	64	5:37:27	0:35:51	0:05:45	3:03:26	0:03:15	1:49:10	United Kingdom	
b304d5be-8cb6-f011-bbd3-000d3a5b7c3b	385	Teddy Bull	M	M18-24	65	5:37:33	0:37:19	0:09:14	3:08:35	0:04:47	1:37:38	United Kingdom	
857b05ce-f004-f111-8406-0022480994c2	386	Christopher Donaghue	M	M35-39	54	5:37:36	0:39:43	0:07:33	3:03:15	0:03:29	1:43:37	United Kingdom	
86725d8a-e5b3-48ef-9203-83ead7480118	387	Charlotte Dunkel	F	F35-39	3	5:37:44	0:35:40	0:06:26	3:03:27	0:03:33	1:48:38	Germany	
358ad8bd-85e8-f011-8544-000d3a5cf7d8	388	Mark Sears	M	M30-34	76	5:38:06	0:39:51	0:07:07	2:52:23	0:04:18	1:54:27	United Kingdom	
e3b569dc-b59a-f011-b4cc-000d3a5c3d6c	389	Owen Cawood	M	M18-24	66	5:38:09	0:37:13	0:07:17	2:52:08	0:04:42	1:56:49	United Kingdom	
9c3cbc84-1b9d-4996-a54f-a8eb8b6eb6d3	390	Mark Cawood	M	M55-59	8	5:38:09	0:35:00	0:09:27	2:51:56	0:04:56	1:56:49	United Kingdom	
098a6587-9bdb-f011-8543-6045bd073fca	391	Sophia Waddington	F	F18-24	9	5:38:20	0:38:41	0:06:36	3:02:08	0:03:50	1:47:04	United Kingdom	
d481877d-eea2-f011-bbd3-6045bd09951e	392	Daniel Adams	M	M18-24	67	5:38:24	0:26:56	0:06:03	2:58:10	0:04:40	2:02:34	United Kingdom	
c8f6ea91-73e6-f011-8544-0022480a7385	393	Lee Dare	M	M35-39	55	5:38:24	0:37:16	0:07:05	3:01:10	0:03:44	1:49:09	United Kingdom	
67f945ee-03a0-404c-a5af-1329ba382932	394	Henry Povey	M	M60-64	5	5:38:27	0:40:42	0:07:04	2:57:42	0:03:49	1:49:10	United Kingdom	
ae6047fd-c5bf-f011-bbd3-002248098cfa	395	Joe Bryce	M	M30-34	77	5:38:29	0:35:18	0:10:39	3:06:49	0:05:29	1:40:13	United Kingdom	
609e9720-aba3-45c8-a490-24f474720140	396	Michael Alexander	M	M35-39	56	5:38:31	0:42:35	0:07:00	2:48:09	0:03:34	1:57:12	United Kingdom	
a88e8e23-5a88-4028-a1fe-e8ffe895625c	397	Andrew Cook	M	M30-34	78	5:38:37	0:33:28	0:08:24	2:53:51	0:08:07	1:54:47	United Kingdom	
81cf01a5-2d30-417d-8b0f-1e5496df4d70	398	Ashley Hunt	M	M30-34	79	5:38:39	0:42:35	0:08:22	2:57:51	0:03:49	1:46:02	United Kingdom	
1fa219f2-acd3-f011-8543-000d3a5b5fc7	399	Dylan Gorrin	M	M18-24	68	5:38:46	0:41:26	0:06:31	2:42:39	0:07:01	2:01:08	United Kingdom	
0871c5a2-8cfc-f011-8406-6045bd06566a	400	Paul Lester	M	M60-64	6	5:38:46	0:33:34	0:09:04	2:56:05	0:04:17	1:55:46	United Kingdom	
0d08ca71-d1b5-f011-bbd3-000d3a3173b5	401	Aidan Taylor	M	M30-34	80	5:39:10	0:49:50	0:08:10	2:49:31	0:06:20	1:45:19	United Kingdom	
bfd8b7d2-1e78-4572-aa0d-9333c9507d4d	402	Keith Wale	M	M35-39	57	5:39:11	0:31:33	0:07:48	3:07:38	0:03:12	1:49:00	Zimbabwe	
f256a2a8-c962-ef11-bfe3-000d3a371e3b	403	Lee Havison	M	M30-34	81	5:39:27	0:35:02	0:05:43	3:04:53	0:03:51	1:49:57	United Kingdom	
318147c0-67a0-ef11-8a6a-000d3a59a9a1	404	Oliver Wilson	M	M25-29	89	5:39:28	0:37:05	0:08:01	2:53:56	0:03:32	1:56:54	United Kingdom	
43217a9a-f1ba-f011-bbd3-6045bd05f634	405	Daniel Delahunty	M	M30-34	82	5:39:33	0:41:23	0:06:45	3:02:49	0:03:32	1:45:04	United Kingdom	
6bcf17c2-c006-f111-8406-0022480b35b6	406	Elias Marton-Browne	M	M18-24	69	5:39:36	0:29:14	0:06:35	3:04:56	0:03:30	1:55:22	United Kingdom	
38416c00-a775-ef11-a670-00224804c366	407	Sam Lloyd	M	M40-44	29	5:39:49	0:38:01	0:07:56	2:52:23	0:04:26	1:57:03	United Kingdom	
e02557f9-e4ee-f011-8407-00224805e61c	408	Robert Fulford	M	M25-29	90	5:39:51	0:38:23	0:06:21	2:58:50	0:04:57	1:51:20	United Kingdom	
fecdfb3f-cf30-4746-855a-3129a4319ff9	409	Paul Brant	M	M55-59	9	5:39:52	0:40:21	0:07:57	2:39:13	0:05:05	2:07:16	United Kingdom	
c22a8e92-13e0-f011-8543-000d3a5b5fc7	410	Mia Selman	F	F25-29	14	5:39:54	0:33:59	0:06:17	2:59:41	0:04:00	1:55:58	United Kingdom	
816c8bbc-15ad-f011-bbd3-6045bd05fcc1	411	Aidan Rossiter	M	M35-39	58	5:40:04	0:38:55	0:07:07	3:01:24	0:04:57	1:47:40	United Kingdom	
31e8e536-3e9d-4aba-8479-4ca89ed12922	412	Andrew Greenlees	M	M35-39	59	5:40:05	0:31:09	0:06:33	2:56:06	0:06:37	1:59:40	United Kingdom	
4a869cb4-12ef-f011-8407-0022480a3d1e	413	Ben Sidwell	M	M25-29	91	5:40:19	0:37:10	0:09:55	3:01:40	0:04:05	1:47:29	United Kingdom	
24000ce3-4508-f111-8406-7c1e528d4877	414	Anderson Hotta	M	M30-34	83	5:40:21	0:31:41	0:05:53	3:09:49	0:03:00	1:49:58	Brazil	
5f6e28fe-fcce-f011-bbd3-000d3a3173b5	415	Harry Radford	M	M25-29	92	5:40:25	0:39:10	0:06:43	3:09:00	0:03:05	1:42:28	United Kingdom	
43965d29-2a8d-ef11-ac21-000d3a5a1803	416	James Tallon	M	M40-44	30	5:40:29	0:39:29	0:08:11	2:59:18	0:07:31	1:46:01	United Kingdom	
a20e9952-617a-47e3-b5c3-92c1970dd94b	417	Mickaël Gorriz	M	M30-34	84	5:40:32	0:34:29	0:10:40	2:58:19	0:03:52	1:53:12	France	
72126f11-1308-f111-8406-6045bd06566a	418	Alessandro Ladovaz Corral	M	M18-24	70	5:40:35	0:39:25	0:08:54	3:07:43	0:04:42	1:39:50	Spain	
9200f45f-43a5-f011-bbd3-000d3a3173b5	419	Joseph Evans	M	M30-34	85	5:40:37	0:30:58	0:06:38	3:08:31	0:04:28	1:50:02	United Kingdom	
5a326abe-4c13-43bc-b4d9-eefd70444f16	420	Paddy Trinder	M	M50-54	14	5:40:37	0:39:12	0:07:54	3:02:12	0:04:27	1:46:52	United Kingdom	
0e98c46e-8ee6-f011-8544-6045bd05f634	421	Charles Lester	M	M18-24	71	5:40:51	0:38:22	0:06:12	2:56:07	0:05:42	1:54:27	United Kingdom	
eac44ee3-bd8e-40b5-9add-01c0410b1ddc	422	Richard Brazier	M	M60-64	7	5:41:00	0:40:48	0:07:00	2:49:45	0:03:50	1:59:36	United Kingdom	
7aa6a05a-2307-4506-8fb0-91b35668b7ef	423	Ben Sutton	M	M35-39	60	5:41:08	0:34:00	0:07:49	3:08:53	0:04:51	1:45:35	United Kingdom	
2267be11-29b3-46e8-822e-8a6453ac6c17	424	Kim Pieterse	F	F40-44	4	5:41:13	0:35:05	0:08:36	3:07:51	0:04:30	1:45:11	South Africa	
d53c0d24-a5b2-f011-bbd3-000d3a5b50ba	425	Sam Evans	M	M40-44	31	5:41:25	0:40:01	0:07:27	2:58:28	0:04:11	1:51:18	United Kingdom	
9afa712c-afe9-f011-8543-6045bd05fcc1	426	Ben Lovejoy	M	M25-29	93	5:41:26	0:42:04	0:08:09	2:57:40	0:05:02	1:48:31	United Kingdom	
35d135b1-95ce-f011-bbd3-0022480a7385	427	Manon Deganne	F	F18-24	10	5:41:28	0:39:26	0:05:57	3:07:27	0:04:05	1:44:34	France	
3d8396c8-ca01-f111-8406-6045bd08b1a2	428	Will Hawk	M	M18-24	72	5:41:30	0:34:20	0:05:29	2:55:14	0:04:14	2:02:13	United Kingdom	
f8a3fd1f-3104-f111-8406-002248081bd6	429	Samuel wright	M	M18-24	73	5:41:31	0:37:41	0:07:08	2:53:41	0:04:53	1:58:08	United Kingdom	
d6de4861-81e1-f011-8544-000d3a35ffc1	430	Henri Lewis	M	M30-34	86	5:41:33	0:38:29	0:07:42	3:04:00	0:03:52	1:47:31	United Kingdom	
f72e0a19-a536-f111-88b4-002248046ec8	431	emma england	F	F25-29	15	5:41:34	0:29:19	0:07:04	2:58:56	0:04:01	2:02:13	United Kingdom	
2f39d7f2-09a5-f011-bbd3-6045bd09951e	432	Patrick Calvert	M	M35-39	61	5:41:37	0:38:48	0:07:52	3:00:35	0:05:49	1:48:34	Ireland	
4c035f00-899e-4e0a-9599-d0024113ff2b	433	Annemarie De Witte	F	F40-44	5	5:41:40	0:39:42	0:07:43	2:53:08	0:04:34	1:56:34	Netherlands	
16fe59b3-3f08-f111-8406-0022480b84a3	434	Ethan Paul	M	M18-24	74	5:41:42	0:44:33	0:06:36	2:56:10	0:06:02	1:48:21	United Kingdom	
3c380e14-9de9-f011-8544-000d3a3173b5	435	Joseph Robson	M	M25-29	94	5:41:42	0:34:43	0:07:03	3:12:23	0:04:02	1:43:31	United Kingdom	
3ca976c0-992b-f111-88b3-0022480a5755	436	Nick Jones	M	M30-34	87	5:41:45	0:37:29	0:08:36	2:58:26	0:05:47	1:51:26	United Kingdom	
a6b50b6d-0fa5-f011-bbd3-000d3a3173b5	437	Peter Hendrick	M	M35-39	62	5:41:55	0:39:26	0:08:03	2:55:08	0:03:18	1:56:00	United Kingdom	
35c91302-c2d9-f011-8544-000d3a3173b5	438	Corey Hailwood	M	M30-34	88	5:42:02	0:38:52	0:09:38	2:52:03	0:05:24	1:56:05	United Kingdom	
e704121d-c3a5-f011-bbd3-000d3a5b50ba	439	Iain cooper	M	M40-44	32	5:42:04	0:36:14	0:08:22	2:53:45	0:07:43	1:56:01	United Kingdom	
36598fb5-f798-ef11-8a6a-000d3a5a1803	440	Connor Clayton	M	M25-29	95	5:42:11	0:33:46	0:08:28	3:06:33	0:04:43	1:48:40	United Kingdom	
707ae080-6219-44f2-bdfc-dc3262770173	441	Owen Bodycombe	M	M45-49	22	5:42:12	0:38:18	0:09:08	2:56:32	0:03:29	1:54:44	United Kingdom	
4b31568d-e117-f111-8341-000d3a5c392e	442	Adam Johnson	M	M45-49	23	5:42:25	0:41:07	0:06:49	3:04:19	0:04:17	1:45:52	United Kingdom	
5849eaa7-07b1-f011-bbd3-000d3a5b50ba	443	Harry Levell	M	M25-29	96	5:42:31	0:39:18	0:06:13	3:01:40	0:03:21	1:51:59	United Kingdom	
0462a97f-7731-f011-8c4e-000d3a5b50ba	444	Peter Dunham	M	M40-44	33	5:42:36	0:38:29	0:09:53	3:07:04	0:06:04	1:41:07	New Zealand	
a08ed1fa-74e3-4a6f-ab31-802581629cc8	445	Molly Carrington	F	F18-24	11	5:42:39	0:37:31	0:06:17	2:52:18	0:04:06	2:02:26	United Kingdom	
859c0a80-cce8-f011-8544-000d3a5cf7d8	446	Ewan James	M	M30-34	89	5:42:40	0:44:54	0:10:54	2:56:38	0:05:07	1:45:06	United Kingdom	
852236ea-4f22-f111-8341-6045bd08b1a2	447	Barry Rodgers	M	M25-29	97	5:42:41	0:39:37	0:07:30	3:01:28	0:05:39	1:48:27	Ireland	
8274b750-51eb-f011-8544-000d3a35ffc1	448	roger pim	M	M50-54	15	5:42:44	0:38:17	0:06:50	3:05:31	0:04:43	1:47:22	Unknown	
8cf760bb-6ef8-41d6-ab59-11d031769b87	449	Callum Baker	M	M25-29	98	5:42:50	0:39:28	0:06:46	2:58:26	0:02:14	1:55:56	Antarctica	
54fd4256-6dbd-f011-bbd3-000d3a35ffc1	450	Alex Burden	M	M18-24	75	5:43:10	0:43:26	0:08:07	2:34:06	0:04:34	2:12:57	United Kingdom	
c553839d-6178-f011-b4cb-0022480c097c	451	Tom Squires	M	M35-39	63	5:43:10	0:39:47	0:07:17	3:03:56	0:04:46	1:47:23	United Kingdom	
ac9a31f8-a6ce-f011-bbd2-000d3a5b5fc7	452	Sage Hilton	M	M45-49	24	5:43:11	0:34:11	0:07:13	2:57:29	0:03:50	2:00:29	Germany	
7a89a5d5-0ab3-f011-bbd3-000d3a5cf7d8	453	Adam Conyers	M	M60-64	8	5:43:11	0:43:45	0:09:30	2:57:50	0:05:42	1:46:25	United Kingdom	
067f05a6-e089-f111-ab10-0022480a5755	454	Stuart Harris	M	M55-59	10	5:43:13	0:43:34	0:06:11	3:04:26	0:04:01	1:45:00	United Kingdom	
42955129-4db2-f011-bbd3-000d3a5b50ba	455	Fenella Ross	F	F30-34	4	5:43:16	0:39:39	0:05:34	3:12:43	0:03:04	1:42:16	United Kingdom	
bfb6f4fc-1967-f011-bec3-000d3a35ffc1	456	Enya Rabey	F	F25-29	16	5:43:18	0:33:37	0:06:52	3:02:45	0:03:15	1:56:49	Guernsey	
28598d9b-79d3-f011-8544-000d3a5cf7d8	457	Ollie Campbell-Lendrum	M	M25-29	99	5:43:18	0:41:25	0:08:54	3:03:03	0:03:46	1:46:10	United Kingdom	
ff3f7dfc-42e7-f011-8544-000d3a5b50ba	458	Joshua Stokes	M	M18-24	76	5:43:23	0:37:01	0:08:04	3:10:29	0:05:49	1:42:00	United Kingdom	
25bd92d0-2a4f-4c6a-b347-f80870bb4f76	459	Mike Rodgers	M	M40-44	34	5:43:25	0:41:12	0:07:22	2:57:27	0:03:51	1:53:34	United Kingdom	
187d1a84-fdeb-f011-8544-6045bd04a162	460	Madelyn Letendre	F	F18-24	12	5:43:35	0:26:53	0:05:33	3:14:32	0:04:17	1:52:20	United States	
543c123d-6d5e-4907-aef9-138067e2083b	461	Richard Eager	M	M45-49	25	5:43:36	0:33:08	0:07:29	3:04:40	0:06:35	1:51:45	United Kingdom	
3695a767-47eb-f011-8544-000d3a5b7c3b	462	Scott Davis	M	M30-34	90	5:43:48	0:37:40	0:07:48	3:01:04	0:03:58	1:53:17	United Kingdom	
1d1758e5-c2be-ef11-b8e9-002248049fdc	463	William Beardmore	M	M40-44	35	5:43:48	0:39:52	0:07:39	2:55:52	0:04:32	1:55:53	United Kingdom	
042cb91c-0494-f011-b4cb-6045bd0a1bec	464	Hanneke van Haeff	F	F30-34	5	5:43:51	0:46:27	0:08:38	2:51:50	0:05:58	1:50:58	Netherlands	
e961e99f-89db-f011-8544-000d3a5b50ba	465	Devan Jordan	M	M25-29	100	5:43:55	0:37:40	0:06:37	3:06:25	0:04:24	1:48:49	United Kingdom	
b9c7ed3b-3b31-ea11-a810-000d3a5a11b0	466	Daniel Wilkinson	M	M35-39	64	5:44:01	0:44:47	0:07:14	2:52:18	0:05:41	1:54:02	Ecuador	
42809b0d-4792-ef11-ac21-000d3a59a9a1	467	Karl Clements	M	M35-39	65	5:44:02	0:40:52	0:07:21	2:55:58	0:04:45	1:55:05	United Kingdom	
999ac3bc-99a0-f111-b8dc-70a8a5b19cbc	468	Jessica Chick	F	F25-29	17	5:44:06	0:37:42	0:09:07	3:03:27	0:05:58	1:47:51	United Kingdom	
0113a4d2-3877-ef11-a670-6045bd05c809	469	Fergus Linzee Gordon	M	M25-29	101	5:44:11	0:39:58	0:10:08	2:52:27	0:03:21	1:58:17	United Kingdom	
689f533c-717c-f011-b4cc-000d3a5b50ba	470	Owen Pritchard	M	M18-24	77	5:44:12	0:43:20	0:07:02	3:01:07	0:04:37	1:48:06	United Kingdom	
7d886edc-c836-f011-8c4e-6045bd05f634	471	Zak Starkey	M	M18-24	78	5:44:18	0:34:56	0:06:22	3:02:25	0:03:06	1:57:30	United Kingdom	
74a21de1-917b-f011-b4cc-6045bd05f634	472	Lewis Jackson	M	M18-24	79	5:44:32	0:37:38	0:08:03	3:01:42	0:05:46	1:51:23	United Kingdom	
522eae27-49b0-f011-bbd2-002248082f34	473	Ben Scotford	M	M25-29	102	5:44:33	0:38:35	0:08:23	3:10:39	0:04:07	1:42:48	United Kingdom	
c822fc5f-2208-f111-8406-002248046ec8	474	Mitch Zillig	M	M18-24	80	5:44:35	0:33:44	0:06:27	2:52:40	0:04:55	2:06:49	Netherlands	
1e8d0b38-de17-f111-8341-6045bd08b1a2	475	Stephen Munck	M	M25-29	103	5:44:40	0:36:44	0:08:01	3:06:54	0:05:37	1:47:24	United Kingdom	
5031f3a7-07a5-f011-bbd3-6045bd09951e	476	Josh Bailey	M	M30-34	91	5:44:40	0:35:14	0:09:55	2:58:38	0:06:39	1:54:14	United Kingdom	
a49a18a3-dba5-f011-bbd3-000d3a5b7c3b	477	Greg Hope	M	M30-34	92	5:44:43	0:39:04	0:06:38	2:52:51	0:03:57	2:02:13	United Kingdom	
c2bf883e-67f1-f011-8407-0022480a3d1e	478	Ryan Gemmell	M	M30-34	93	5:44:56	0:46:41	0:11:29	2:55:37	0:07:22	1:43:46	United Kingdom	
5551a681-1aa5-f011-bbd3-000d3a5b7c3b	479	Lee Mcdowell	M	M45-49	26	5:45:02	0:38:19	0:09:24	3:05:11	0:05:03	1:47:04	United Kingdom	
a072d171-09b4-f011-bbd3-6045bd05fcc1	480	Katie Cosh	F	F18-24	13	5:45:05	0:33:53	0:07:39	3:05:03	0:06:24	1:52:05	Grenada	
dfaa8bfc-9c58-4bc4-b730-1e9afaed7a76	481	Benjamin Martos	M	M25-29	104	5:45:07	0:32:26	0:06:59	2:57:57	0:04:04	2:03:41	France	
48d1dbcd-4792-ef11-ac21-002248049fdc	482	Samuel Harper	M	M40-44	36	5:45:12	0:41:35	0:08:10	3:07:43	0:06:33	1:41:10	United Kingdom	
48bbf9b3-e735-4a29-80f6-fad43ac168c2	483	Ross Bates	M	M30-34	94	5:45:12	0:35:03	0:07:36	3:02:54	0:04:30	1:55:08	United Kingdom	
537f1005-c04d-ee11-be6e-000d3a314be4	484	Beth Wood	F	F30-34	6	5:45:13	0:44:26	0:07:20	3:07:46	0:05:03	1:40:38	United Kingdom	
84e4872f-2f99-f011-b4cc-0022480c097c	485	nathan casburn	M	M50-54	16	5:45:18	0:40:43	0:08:16	2:53:33	0:06:42	1:56:04	United Kingdom	
5b4a8b47-3b7c-ef11-a670-6045bd048089	486	Mark Boland	M	M30-34	95	5:45:25	0:45:33	0:06:54	2:59:15	0:04:16	1:49:28	Ireland	
1a859f5e-5161-4600-b996-9c209c4653fc	487	Stephen Pate	M	M55-59	11	5:45:25	0:38:22	0:07:14	2:51:08	0:04:02	2:04:37	United Kingdom	
05e27c3d-3dca-f011-bbd3-000d3a5b50ba	488	Calum Feenan	M	M18-24	81	5:45:27	0:37:53	0:07:18	2:59:00	0:05:10	1:56:06	United Kingdom	
3ff2bb29-73f4-f011-8406-6045bd06566a	489	Robyn Bell	F	F25-29	18	5:45:43	0:40:39	0:06:22	3:07:02	0:03:05	1:48:34	United Kingdom	
d4e01715-33ad-f011-bbd3-6045bd09951e	490	Fin Coates	M	M30-34	96	5:45:47	0:39:44	0:09:16	3:11:23	0:06:48	1:38:36	United Kingdom	
dd1afdcf-a512-f111-8406-002248046ec8	491	Leon Clements	M	M18-24	82	5:45:47	0:36:27	0:06:22	3:00:24	0:04:09	1:58:26	United Kingdom	
0c244810-38c2-f011-bbd3-6045bd05fcc1	492	George Williams	M	M18-24	83	5:45:51	0:29:33	0:05:57	3:09:13	0:03:47	1:57:20	United Kingdom	
2cfaca51-3b9c-407b-9cca-dc05887084ff	493	Steven Bush	M	M40-44	37	5:45:51	0:44:48	0:07:22	2:56:42	0:05:00	1:51:59	United Kingdom	
5761bb1b-5384-4c82-9cf5-504017d64aca	494	Simon Crossman	M	M35-39	66	5:45:54	0:38:29	0:06:44	2:58:09	0:04:18	1:58:15	United Kingdom	
bc2fefab-acca-f011-bbd3-000d3a3173b5	495	Ivan McKeever	M	M40-44	38	5:45:54	0:43:46	0:07:27	3:12:16	0:03:45	1:38:40	Ireland	
132816f6-df04-f011-bae2-000d3a5b7c3b	496	Scott Dawson	M	M25-29	105	5:45:55	0:39:15	0:08:55	2:54:16	0:06:02	1:57:28	United Kingdom	
6132529a-4bb4-f011-bbd3-0022480c097c	497	Izzy Blake Hurworth	F	F18-24	14	5:46:02	0:33:36	0:06:01	2:52:58	0:03:45	2:09:42	United Kingdom	
57b26ab2-fcef-f011-8406-00224804c237	498	Samuel Lowe	M	M25-29	106	5:46:11	0:37:22	0:06:39	2:52:49	0:05:14	2:04:06	New Zealand	
1827bede-7ec1-46fb-8286-f4c21ed12da4	499	Guy Lavery	M	M40-44	39	5:46:14	0:47:49	0:08:24	2:56:36	0:05:09	1:48:15	United Kingdom	
d46ba282-0dfd-f011-8406-6045bd06566a	500	Martin Kettle	M	M45-49	27	5:46:14	0:39:52	0:09:35	3:00:55	0:04:52	1:51:00	United Kingdom	
a30a8c6b-2d9c-ef11-8a6a-000d3a59a9a1	501	Tom Fenyes	M	M30-34	97	5:46:23	0:40:57	0:07:08	2:53:01	0:04:46	2:00:30	United Kingdom	
49a78dec-394c-f011-877a-000d3a5cf7d8	502	Darshan K	M	M25-29	107	5:46:26	0:43:10	0:09:21	2:57:37	0:04:31	1:51:48	Singapore	
201d22bd-6dd4-f011-8544-6045bd09951e	503	Joe Fish	M	M30-34	98	5:46:27	0:36:41	0:07:24	2:59:52	0:05:31	1:56:59	United Kingdom	
305b840a-3c74-40df-b067-522b5618c446	504	Henrik Kjellberg	M	M55-59	12	5:46:31	0:40:23	0:08:57	2:58:04	0:05:11	1:53:57	Sweden	
7261fb6e-9cc5-f011-bbd3-000d3a5b50ba	505	Bruce Buchanan	M	M25-29	108	5:46:35	0:40:12	0:09:32	2:56:33	0:04:32	1:55:48	United Kingdom	
5dd201b6-4608-4027-a595-25872aadb86f	506	Robert Bailey	M	M55-59	13	5:46:35	0:40:29	0:08:44	3:00:18	0:07:00	1:50:04	United Kingdom	
9f043397-791c-4d14-b4df-5475c2cf03b2	507	Neil Griffiths	M	M55-59	14	5:46:40	0:39:59	0:07:26	2:49:54	0:05:38	2:03:42	United Kingdom	
94ddeb83-99e4-f011-8544-000d3a3173b5	508	Rachel Urquhart	F	F25-29	19	5:46:42	0:35:51	0:05:43	3:09:06	0:03:53	1:52:10	United Kingdom	
f8a2c562-8ff5-ee11-a1fd-6045bd064839	509	Simon Stone	M	M40-44	40	5:46:46	0:36:12	0:07:01	3:00:10	0:05:15	1:58:09	United Kingdom	
fa37adc7-9ca9-ea11-a812-000d3a5a1bfb	510	Kirsten Morris	F	F35-39	4	5:46:47	0:39:05	0:05:36	3:04:37	0:04:27	1:53:02	United Kingdom	
ca095de3-22e7-f011-8544-000d3a5cf7d8	511	Gordon Airlie	M	M25-29	109	5:46:54	0:31:30	0:08:00	2:56:45	0:05:25	2:05:14	United Kingdom	
f6dc6dd3-73b6-f011-bbd3-000d3a3173b5	512	Jacob Keers	M	M25-29	110	5:46:56	0:39:48	0:07:59	3:14:59	0:04:34	1:39:35	United Kingdom	
084436ae-217c-41a2-945b-21aa7323c8b1	513	Daniel Maher	M	M25-29	111	5:47:01	0:43:40	0:08:07	2:51:48	0:05:34	1:57:52	United Kingdom	
9dbb56d1-2eb6-4564-a9c4-703303e0a989	514	Donal Murphy	M	M45-49	28	5:47:03	0:33:43	0:07:11	2:50:28	0:04:33	2:11:07	Ireland	
d714bf13-3ffd-f011-8406-6045bd06566a	515	Jacob Wilmer-Barbrook	M	M18-24	84	5:47:04	0:40:17	0:07:24	3:14:30	0:04:31	1:40:23	United Kingdom	
d7c4298a-2201-f111-8406-002248081bd6	516	Thomas Hamlyn	M	M25-29	112	5:47:05	0:38:31	0:07:48	2:53:19	0:05:41	2:01:46	United Kingdom	
ed59bf92-12c0-f011-bbd3-6045bd09951e	517	Adam Bloomfield	M	M25-29	113	5:47:16	0:43:01	0:09:33	3:00:07	0:05:41	1:48:53	United Kingdom	
0558336f-4a34-43c8-87e8-d5b4b9da7945	518	Nathan Connor	M	M35-39	67	5:47:24	0:40:34	0:09:02	3:05:30	0:05:53	1:46:25	United Kingdom	
1f57bfc8-34b7-f011-bbd2-000d3a5b7c3b	519	Aidan Ng	M	M30-34	99	5:47:36	0:49:45	0:10:23	2:56:42	0:07:02	1:43:43	United Kingdom	
02d769f6-4a5b-4f7d-8644-96d54b35b24e	520	wayne flint	M	M50-54	17	5:47:36	0:38:37	0:05:20	2:56:25	0:03:22	2:03:52	United Kingdom	
cf5512e1-29a2-f011-bbd3-000d3a35ffc1	521	Louis Hanchett	M	M25-29	114	5:47:41	0:34:44	0:08:02	2:44:07	0:04:06	2:16:42	United Kingdom	
ccb02c3a-fafc-f011-8406-0022480a5755	522	Charlie Ware	M	M18-24	85	5:47:44	0:39:21	0:08:30	3:08:51	0:05:39	1:45:24	United Kingdom	
401c2f6a-d7cc-4258-996c-1d16a1ea7657	523	Scott Pretty	M	M30-34	100	5:47:45	0:36:43	0:06:00	2:59:21	0:04:46	2:00:56	United Kingdom	
af885bc6-4bc2-f011-bbd3-6045bd05fcc1	524	Liam Meisinger	M	M30-34	101	5:47:46	0:32:03	0:07:23	3:05:02	0:04:50	1:58:27	United Kingdom	
03dd1399-30ea-f011-8544-0022480a7385	525	Charlotte Gillam	F	F25-29	20	5:47:57	0:34:23	0:06:36	3:08:40	0:04:33	1:53:45	United Kingdom	
9f97bc68-f3ba-f011-bbd3-6045bd09951e	526	Tom Ellerton	M	M30-34	102	5:47:58	0:34:47	0:07:15	2:53:14	0:03:19	2:09:24	United Kingdom	
485f840b-0712-ef11-9f89-000d3a59e106	527	Finn Döbele	M	M18-24	86	5:48:02	0:31:17	0:08:09	3:12:28	0:04:05	1:52:02	Switzerland	
c0d5a10e-dd67-4d0c-8ea5-1c80cdc35320	528	Gemma Newbery	F	F40-44	6	5:48:02	0:47:25	0:07:21	3:09:27	0:03:34	1:40:14	United Kingdom	
b9caf337-44bf-f011-bbd3-000d3a35ffc1	529	KRISTOPHER Bull	M	M40-44	41	5:48:12	0:38:05	0:06:15	3:03:20	0:03:26	1:57:06	United Kingdom	
324bcab2-ce15-f111-8341-0022480a5755	530	Harry Tilling	M	M18-24	87	5:48:15	0:37:46	0:09:22	3:10:38	0:06:17	1:44:12	United Kingdom	
9eaf718e-37e3-f011-8544-000d3a5b7c3b	531	Malorie Han	F	F25-29	21	5:48:21	0:27:57	0:05:49	3:21:26	0:02:52	1:50:16	United States	
f5d51989-49ba-ea11-a812-000d3a5a1bfb	532	Ben Martin	M	M25-29	115	5:48:23	0:46:01	0:07:52	2:55:47	0:04:34	1:54:09	United Kingdom	
773ee453-7fe6-f011-8544-000d3a35ffc1	533	Gareth Thomas	M	M40-44	42	5:48:26	0:34:16	0:07:37	3:04:28	0:03:34	1:58:31	United Kingdom	
d82c83d2-fd75-f111-ab0f-7c1e528d5074	534	James Tudor	M	M25-29	116	5:48:27	0:30:22	0:06:28	3:11:13	0:04:27	1:55:58	United Kingdom	
5d7aaa77-aca4-f111-b8de-70a8a5b19cbc	535	Josh Kirby	M	M25-29	117	5:48:29	0:42:10	0:06:09	2:57:16	0:03:41	1:59:13	United Kingdom	
4f9939ed-92e5-f011-8543-000d3a5b5fc7	536	Philip Ball	M	M25-29	118	5:48:35	0:32:51	0:07:29	3:18:33	0:03:22	1:46:20	United Kingdom	
366a6af1-28cc-f011-bbd3-6045bd05fcc1	537	Hannah Neale	F	F30-34	7	5:48:36	0:37:06	0:09:15	3:12:25	0:06:12	1:43:39	United Kingdom	
5bd75d6d-b514-f111-8341-0022480994c2	538	Amelia Cobley	F	F30-34	8	5:48:44	0:38:41	0:07:01	3:07:26	0:05:28	1:50:08	United Kingdom	
0363efff-24ec-f011-8406-6045bd0a499d	539	Daniel Todd	M	M25-29	119	5:48:51	0:33:23	0:07:51	3:18:14	0:04:25	1:44:57	United Kingdom	
cdff4472-eace-f011-bbd2-000d3a5b5fc7	540	Sebastian Egan	M	M18-24	88	5:48:53	0:44:00	0:09:50	2:54:54	0:06:15	1:53:54	United Kingdom	
eaab4e3d-53e2-f011-8544-0022480a7385	541	Isabelle Jefferies	F	F25-29	22	5:48:55	0:35:55	0:06:31	3:01:33	0:05:37	1:59:20	United Kingdom	
f2d8a9a6-a50c-f111-8406-0022480b35b6	542	Ollie Lowther	M	M30-34	103	5:49:02	0:35:15	0:08:39	3:05:19	0:05:47	1:54:01	United Kingdom	
01b6022e-10a5-f011-bbd3-000d3a35ffc1	543	Ethan Netherton	M	M30-34	104	5:49:05	0:40:48	0:06:47	3:06:59	0:07:38	1:46:54	United Kingdom	
a3737c06-68ec-f011-8544-0022480b738e	544	Nathan Matthews	M	M30-34	105	5:49:07	0:32:28	0:08:56	2:56:59	0:04:27	2:06:17	United Kingdom	
f52df3fb-07a5-f011-bbd3-0022480c097c	545	Luke Mellor	M	M18-24	89	5:49:07	0:35:53	0:06:16	3:01:38	0:03:34	2:01:46	United Kingdom	
50cb6001-2f30-4739-8101-5235e9224560	546	Leo Todd	M	M40-44	43	5:49:10	0:42:35	0:06:16	3:01:14	0:04:32	1:54:32	United Kingdom	
b09def21-d8ce-f011-bbd3-6045bd05fcc1	547	Jas Bruce	M	M40-44	44	5:49:12	0:39:37	0:08:30	3:08:58	0:05:35	1:46:31	United Kingdom	
6e8df64f-b7c8-f011-bbd3-000d3a5b50ba	548	Stephen Flanagan	M	M30-34	106	5:49:13	0:51:13	0:07:55	3:00:28	0:06:01	1:43:35	United Kingdom	
e4459c00-70b6-f011-bbd3-6045bd05f634	549	Charles Smith	M	M18-24	90	5:49:14	0:39:07	0:06:28	2:59:03	0:04:32	2:00:04	United Kingdom	
99c4ec15-e305-f111-8406-002248046451	550	Harry McCarthy	M	M25-29	120	5:49:15	0:36:32	0:07:12	3:06:08	0:04:28	1:54:55	United Kingdom	
7c5058dc-d809-f111-8406-0022480b84a3	551	Calvin Rogers	M	M30-34	107	5:49:21	0:35:44	0:06:04	2:57:38	0:03:12	2:06:43	United Kingdom	
99eb8dc8-e1ea-f011-8544-000d3a5b50ba	552	Danny Jarvis	M	M18-24	91	5:49:29	0:35:11	0:09:15	3:01:23	0:06:26	1:57:13	United Kingdom	
a6238388-9b9b-f011-b41c-000d3a3173b5	553	Paul Pethick	M	M40-44	45	5:49:29	0:34:31	0:08:01	3:01:14	0:06:48	1:58:54	United Kingdom	
43a51f1e-9f66-496b-a3d1-8bd86c34d64b	554	Gary Bullen	M	M40-44	46	5:49:29	0:49:16	0:08:09	3:05:48	0:03:33	1:42:44	United Kingdom	
2da08678-bfbc-f011-bbd3-6045bd05fcc1	555	ALEXIS BOURSICOT	M	M30-34	108	5:49:32	0:39:27	0:07:22	2:58:48	0:06:18	1:57:37	France	
dbb6d3c0-db8d-4a24-9ba4-871a0e8602fa	556	Kevin Mccloskey	M	M60-64	9	5:49:33	0:32:55	0:06:33	2:49:05	0:04:34	2:16:25	United Kingdom	
7cb252cf-98aa-f011-bbd3-6045bd05fcc1	557	Lee Ellis	M	M30-34	109	5:49:33	0:35:35	0:09:33	2:56:02	0:04:49	2:03:34	United Kingdom	
b5b7fa17-5416-f111-8341-0022480b84a3	558	richard mills	M	M40-44	47	5:49:36	0:45:44	0:08:42	3:00:15	0:04:09	1:50:46	United Kingdom	
8a1a928d-d2d5-f011-8544-000d3a3173b5	559	Jamie Atkinson	M	M18-24	92	5:49:36	0:36:01	0:07:20	3:16:48	0:02:49	1:46:38	United Kingdom	
7f0ba418-fde8-f011-8543-000d3a5b5fc7	560	Ben Morris	M	M30-34	110	5:49:39	0:44:10	0:07:02	3:14:20	0:04:29	1:39:39	United Kingdom	
4aa2b1cb-2bc7-f011-bbd3-000d3a5b50ba	561	sasha edmunds	F	F18-24	15	5:49:53	0:37:40	0:07:54	3:16:10	0:03:58	1:44:12	United Kingdom	
6b0ee4c5-9bcc-f011-bbd2-000d3a5b5fc7	562	Andrew Lindsey	M	M30-34	111	5:50:04	0:35:37	0:06:52	2:59:38	0:05:31	2:02:26	United Kingdom	
cf1cfa53-b98e-4f7f-9bbc-dd44583d64fa	563	James Littleworth	M	M40-44	48	5:50:15	0:30:46	0:09:21	2:59:45	0:02:53	2:07:30	United Kingdom	
9bbcb3fe-cdb8-f011-bbd2-00224808b75f	564	Barnaby Williams	M	M18-24	93	5:50:18	0:30:30	0:07:38	3:01:10	0:06:31	2:04:28	United Kingdom	
df337223-86ed-f011-8543-00224804742c	565	Joe Davies	M	M25-29	121	5:50:21	0:35:41	0:07:57	3:10:18	0:05:39	1:50:46	United Kingdom	
2a605f02-1ef5-f011-8406-002248046ec8	566	Fran Tew	F	F30-34	9	5:50:22	0:35:28	0:06:05	3:10:00	0:04:23	1:54:25	United Kingdom	
9f2a12ed-ade1-f011-8543-000d3a5b5fc7	567	Casey Bande	M	M18-24	94	5:50:23	0:40:20	0:08:31	3:24:42	0:05:02	1:31:48	United Kingdom	
18e22f03-97ed-f011-8543-00224804742c	568	Sam Teed	M	M25-29	122	5:50:28	0:40:16	0:09:45	3:03:38	0:04:59	1:51:51	United Kingdom	
f3b9c67a-f4a4-f011-bbd3-000d3a5b7c3b	569	Peter Haynes	M	M30-34	112	5:50:32	0:43:08	0:08:18	3:11:41	0:03:54	1:43:31	United Kingdom	
9f0b1d5b-0b9d-ef11-8a6a-000d3a59a9a1	570	Myanna Duncan	F	F40-44	7	5:50:33	0:35:32	0:07:11	3:18:26	0:04:16	1:45:08	United Kingdom	
cb253f90-aca6-f011-bbd3-6045bd09951e	571	Aaron Venables	M	M35-39	68	5:50:34	0:41:56	0:08:37	2:58:14	0:04:01	1:57:45	United Kingdom	
d350c7e1-9850-ef11-a316-000d3a37be46	572	Jodie Hull	F	F25-29	23	5:50:35	0:29:47	0:06:33	3:00:56	0:04:02	2:09:17	United Kingdom	
e7a99915-c4a5-f011-bbd3-002248098cfa	573	Ashley Carter	M	M25-29	123	5:50:48	0:35:01	0:08:17	3:12:49	0:05:31	1:49:11	United Kingdom	
0b0cfbae-7c93-4e47-8191-43a5b14bbc9e	574	Daniel Grace	M	M30-34	113	5:51:02	0:44:52	0:07:34	3:00:13	0:04:53	1:53:31	United Kingdom	
ef882f2e-fcd9-45b3-ae97-4761fb1f2a34	575	Gavin Harbut	M	M55-59	15	5:51:08	0:32:54	0:08:21	2:50:55	0:05:51	2:13:06	United Kingdom	
a6c2e9a4-aae1-f011-8544-000d3a5b50ba	576	Harrison Thorpe	M	M18-24	95	5:51:08	0:42:31	0:08:26	3:07:00	0:05:48	1:47:23	United Kingdom	
661dd295-d1c9-f011-bbd3-000d3a5b50ba	577	Conar Aitchison	M	M18-24	96	5:51:09	0:39:04	0:06:56	3:06:24	0:04:30	1:54:15	United Kingdom	
ac9b9a27-7600-f111-8406-0022480994c2	578	Callum Weedon	M	M18-24	97	5:51:15	0:34:32	0:11:29	3:08:10	0:03:24	1:53:40	United Kingdom	
e7126395-16ec-f011-8543-6045bd05fcc1	579	Edward Limbrey	M	M30-34	114	5:51:15	0:39:16	0:07:02	3:06:46	0:04:15	1:53:56	United Kingdom	
f5427782-75bc-eb11-8236-0022480a2ab1	580	Chris Phillips	M	M40-44	49	5:51:18	0:35:03	0:07:08	3:00:59	0:04:39	2:03:30	United Kingdom	
edc8a7c6-b727-f011-8c4d-6045bd05f634	581	Edward Morris	M	M40-44	50	5:51:19	0:45:13	0:13:09	2:53:55	0:04:14	1:54:48	United Kingdom	
27bd4d79-6902-f111-8406-0022480a5755	582	Ricki Miles	M	M25-29	124	5:51:21	0:35:32	0:06:25	3:02:14	0:03:23	2:03:47	United Kingdom	
f3a9d087-a2eb-f011-8544-000d3a5b7c3b	583	Mark Verster	M	M35-39	69	5:51:34	0:35:21	0:07:51	3:01:16	0:03:50	2:03:16	United Kingdom	
aac0f03f-9bc5-f011-bbd3-6045bd09951e	584	Arnie Delstanche	M	M25-29	125	5:51:34	0:39:37	0:12:26	3:13:03	0:06:36	1:39:52	United Kingdom	
6a3aadf3-1fe0-f011-8544-000d3a5b50ba	585	Mark SPEER	M	M18-24	98	5:51:39	0:43:27	0:08:42	3:11:08	0:03:55	1:44:27	Ireland	
6c48ed59-5a15-f111-8341-0022480a5755	586	Peter Denholm-Blair	M	M30-34	115	5:51:51	0:38:16	0:07:46	3:04:46	0:04:50	1:56:13	United Kingdom	
bab6b065-a5da-f011-8543-6045bd09af39	587	Matthew Redwood	M	M25-29	126	5:51:53	0:45:03	0:11:00	3:03:57	0:04:26	1:47:28	United Kingdom	
8606f05d-ea5f-f011-bec3-0022480a7385	588	Sophie Williams	F	F25-29	24	5:51:54	0:40:25	0:07:58	3:12:21	0:05:16	1:45:55	United Kingdom	
e432f590-ef4c-4d87-98f5-ca41962ed55d	589	Symes Pearson	M	M60-64	10	5:51:58	0:42:00	0:07:23	2:55:33	0:02:50	2:04:13	United Kingdom	
810923d4-ce8e-4d88-9fb6-4da54fd9caa2	590	Ben Clevenger	M	M45-49	29	5:52:00	0:37:06	0:07:59	2:59:40	0:04:33	2:02:41	United Kingdom	
e40292c8-29e6-f011-8543-6045bd0921bf	591	Kelan Mahon		F30-34	10	5:52:00	0:33:25	0:07:48	3:20:01	0:04:04	1:46:42	United Kingdom	
d70c6bbb-a70e-f111-8406-6045bd081ccc	592	Aaron Dowse	M	M18-24	99	5:52:02	0:35:44	0:08:38	3:02:48	0:06:00	1:58:52	United Kingdom	
7c5995a4-10a5-f011-bbd3-6045bd05f634	593	James Egan	M	M30-34	116	5:52:04	0:41:25	0:09:12	3:00:50	0:06:42	1:53:54	United Kingdom	
a2e59fd5-1b0b-484d-894d-7c075305ab19	594	Chris Powell	M	M40-44	51	5:52:08	0:36:28	0:07:49	2:59:07	0:04:23	2:04:20	United Kingdom	
a945ba97-10a5-f011-bbd3-6045bd05fcc1	595	Peter Egan	M	M35-39	70	5:52:11	0:39:44	0:10:55	3:00:55	0:06:43	1:53:54	United Kingdom	
ba6697c4-d75c-400c-afaf-fb221ce59e9a	596	Cara Rawlinson	F	F35-39	5	5:52:12	0:35:51	0:07:02	2:53:37	0:04:53	2:10:49	United Kingdom	
377c34bd-ccc2-f011-bbd3-000d3a35ffc1	597	Manuel Pessanha	M	M35-39	71	5:52:19	0:38:08	0:09:00	3:01:46	0:07:05	1:56:20	Germany	
107c883a-82e6-f011-8544-000d3a5b50ba	598	Jon Baker	M	M40-44	52	5:52:23	0:37:11	0:10:05	3:02:53	0:04:40	1:57:35	United Kingdom	
845370b3-99c0-f011-bbd3-002248098cfa	599	Charlie Dyer	M	M25-29	127	5:52:23	0:39:57	0:09:34	3:06:37	0:03:55	1:52:20	United Kingdom	
c1002303-eb70-ef11-a670-000d3a308d97	600	Craig Mann	M	M40-44	53	5:52:25	0:37:29	0:06:20	3:06:16	0:03:16	1:59:04	United Kingdom	
7953c363-b0a9-ef11-b8e9-000d3a5a1803	601	Marc Ashley	M	M30-34	117	5:52:31	0:36:54	0:07:39	3:05:23	0:06:23	1:56:11	United Kingdom	
1b1a2146-e30b-f111-8406-0022480b35b6	602	Will Nisbet	M	M35-39	72	5:52:34	0:34:27	0:07:21	3:20:44	0:03:54	1:46:08	United Kingdom	
468fea29-8dbd-f011-bbd3-000d3a3173b5	603	Jack Baker	M	M18-24	100	5:52:35	0:48:05	0:07:14	3:04:03	0:04:02	1:49:11	United Kingdom	
1acc48ed-99ff-ed11-8f6e-000d3a31406e	604	Isabel Richardson		F25-29	25	5:52:39	0:38:13	0:06:18	3:19:28	0:03:53	1:44:46	United Kingdom	
e7007d30-62c8-f011-bbd3-6045bd05fcc1	605	Charlie Scott	M	M50-54	18	5:52:39	0:34:02	0:06:26	2:55:16	0:05:27	2:11:28	United Kingdom	
b31338cf-dca9-f011-bbd3-000d3a5b7c3b	606	Harry Secker	M	M25-29	128	5:52:40	0:39:27	0:07:04	3:05:52	0:04:25	1:55:52	United Kingdom	
3684ce14-68cf-f011-bbd2-000d3a5b5fc7	607	gavin aitken	M	M30-34	118	5:52:42	0:52:12	0:10:16	2:59:47	0:05:57	1:44:30	United Kingdom	
fdc18f47-53b3-f011-bbd2-000d3a59410f	608	George Harris	M	M30-34	119	5:52:42	0:39:10	0:06:39	3:06:33	0:03:03	1:57:17	United Kingdom	
810ce0d9-d352-4978-a212-6039262f0c29	609	Adrian Stohler	M	M45-49	30	5:52:44	0:40:48	0:07:19	2:49:15	0:04:01	2:11:22	Switzerland	
5ea101d9-c887-f011-b4cc-000d3a35ffc1	610	Davide Arcobello Varlese	M	M18-24	101	5:52:52	0:43:07	0:10:34	2:58:44	0:05:21	1:55:07	Italy	
00bd01a5-16f2-f011-8407-0022480b738e	611	Paul Craig	M	M35-39	73	5:52:53	0:39:13	0:07:39	2:57:30	0:04:10	2:04:22	United Kingdom	
fa8e9b61-fcea-f011-8544-000d3a35ffc1	612	Thomas Swift	M	M25-29	129	5:53:00	0:34:51	0:06:51	3:18:49	0:05:46	1:46:44	United Kingdom	
cdb92b91-cbe5-f011-8544-0022480c097c	613	Andrew Ward	M	M40-44	54	5:53:03	0:39:27	0:07:10	3:08:01	0:05:16	1:53:08	United Kingdom	
bf9b430c-04a6-f011-bbd3-000d3a3173b5	614	Gualter Graca	M	M40-44	55	5:53:04	0:31:21	0:08:17	3:00:35	0:04:29	2:08:22	United Kingdom	
f211e36d-aeb7-48b1-8c81-baf7eebfd162	615	Conor Beardow	M	M35-39	74	5:53:05	0:41:57	0:06:31	3:00:11	0:04:00	2:00:25	United Kingdom	
c7a284d2-0302-f111-8406-6045bd06566a	616	Leah Gill	F	F18-24	16	5:53:06	0:40:36	0:07:14	3:07:31	0:04:20	1:53:25	United Kingdom	
363e86b8-07a5-f011-bbd2-6045bd026214	617	Nick Appleby	M	M30-34	120	5:53:06	0:41:09	0:08:32	3:06:39	0:06:01	1:50:45	United Kingdom	
c2cd7737-397f-f011-b4cc-000d3a5b7c3b	618	Kirk Franks	M	M18-24	102	5:53:08	0:28:41	0:07:18	3:11:56	0:04:45	2:00:28	United Kingdom	
608040bf-3279-ef11-a670-000d3a32fefc	619	Crispin Orr	M	M60-64	11	5:53:16	0:35:07	0:07:15	3:08:41	0:05:47	1:56:26	United Kingdom	
db778ed9-a96b-f011-bec3-6045bd05fcc1	620	Oliver Johnston	M	M18-24	103	5:53:23	0:38:15	0:07:01	2:58:55	0:03:16	2:05:57	United Kingdom	
e4f85656-0da5-f011-bbd3-6045bd05fcc1	621	Will Davies	M	M25-29	130	5:53:23	0:37:28	0:07:26	3:08:17	0:04:59	1:55:13	United Kingdom	
35fefe5f-368c-43bc-9dc9-e13b8652a8ab	622	Eamonn Ferris	M	M30-34	121	5:53:30	0:39:16	0:07:15	3:12:17	0:05:13	1:49:30	Ireland	
00a508c9-64f2-f011-8407-00224805e61c	623	Ryan Baker	M	M30-34	122	5:53:39	0:34:28	0:09:03	2:56:23	0:05:22	2:08:22	United Kingdom	
b8853514-12c7-f011-bbd3-000d3a5cf7d8	624	Jason clarke	M	M35-39	75	5:53:39	0:45:40	0:08:29	2:54:09	0:05:44	1:59:37	United Kingdom	
863cee4f-a909-f111-8406-0022480b88da	625	Damian Rigozzi	M	M40-44	56	5:53:41	0:37:45	0:07:24	3:17:16	0:04:46	1:46:31	United Kingdom	
7b5af220-d5e0-f011-8543-6045bd05fcc1	626	Cory Davies	M	M25-29	131	5:53:53	0:40:48	0:09:33	3:03:58	0:04:59	1:54:33	United Kingdom	
299b58ef-19b8-f011-bbd3-000d3a3173b5	627	George Timbrell	M	M30-34	123	5:53:56	0:34:29	0:06:42	3:15:03	0:03:33	1:54:09	United Kingdom	
949340cf-4605-f111-8406-6045bd06566a	628	Alice Preston	F	F25-29	26	5:54:02	0:31:44	0:07:11	3:25:27	0:04:22	1:45:18	United Kingdom	
e64d1f3c-9cdf-f011-8544-6045bd09951e	629	Muhammad Fahmi Al Nassir	M	M18-24	104	5:54:03	0:42:54	0:07:28	3:08:47	0:04:53	1:50:01	Malaysia	
a72a039d-601a-40c1-ba32-fabfbbea3f36	630	Harry Norman	M	M30-34	124	5:54:10	0:40:39	0:07:42	3:00:11	0:03:37	2:02:02	United Kingdom	
a39963d3-6daf-f011-bbd3-6045bd05f634	631	Steven Swallow	M	M35-39	76	5:54:15	0:36:48	0:07:21	2:59:11	0:04:39	2:06:17	United Kingdom	
76405f5e-80e9-f011-8544-000d3a3173b5	632	Tony Cau	M	M30-34	125	5:54:23	0:46:01	0:10:28	3:04:27	0:10:23	1:43:05	United Kingdom	
3bd02072-60d3-f011-8543-6045bd05fcc1	633	Andrew Tickner	M	M30-34	126	5:54:38	0:48:20	0:09:15	2:56:22	0:05:37	1:55:04	United Kingdom	
8bff4f47-3f92-ef11-ac21-000d3a338a3c	634	Thomas Bennett	M	M25-29	132	5:54:38	0:40:24	0:06:43	3:03:37	0:03:20	2:00:35	United Kingdom	
6501de22-c5f2-f011-8407-0022480c370f	635	Tyson Willey	M	M40-44	57	5:54:44	0:41:16	0:08:04	3:12:20	0:04:42	1:48:23	United Kingdom	
8ec8a3a3-2fdc-f011-8544-000d3a35ffc1	636	FAISAL ALHAJRAF	M	M18-24	105	5:54:46	0:40:29	0:08:35	3:20:40	0:06:31	1:38:31	Kuwait	
2733e557-d30e-47e6-9009-d54382997ff2	637	Alice Hunt	F	F30-34	11	5:54:48	0:44:07	0:08:25	2:57:21	0:05:54	1:59:01	United Kingdom	
cce97ac2-a5e7-f011-8544-000d3a5b50ba	638	Devin Johnson	M	M30-34	127	5:54:49	0:39:03	0:07:08	3:09:35	0:04:49	1:54:14	South Africa	
b8cf2c59-d3b0-f011-bbd3-6045bd05f634	639	George Potter	M	M18-24	106	5:54:51	0:34:33	0:07:01	3:15:13	0:04:28	1:53:36	United Kingdom	
238b13c8-ce92-f011-b4cb-002248098cfa	640	Jamie Rogers	M	M25-29	133	5:55:04	0:42:08	0:06:54	3:13:16	0:04:51	1:47:56	United Kingdom	
a39e3996-eb19-ef11-9f8a-000d3a314c24	641	Ashley Renton	M	M35-39	77	5:55:06	0:36:09	0:06:33	3:09:12	0:04:04	1:59:09	United Kingdom	
97fac961-5700-f111-8406-0022480b84a3	642	vasco moreira	M	M25-29	134	5:55:12	0:43:47	0:09:31	3:12:51	0:06:03	1:43:00	France	
8e3c619d-1d19-4cb8-9afb-3eb649a507b5	643	Tom Carlisle	M	M35-39	78	5:55:16	0:38:35	0:07:47	3:08:03	0:05:14	1:55:36	United Kingdom	
de6e80b7-8fba-f011-bbd3-6045bd05f634	644	Matthew Baxter	M	M25-29	135	5:55:16	0:37:45	0:06:34	3:10:17	0:03:22	1:57:19	United Kingdom	
1cf94269-93a7-f011-bbd3-6045bd05f634	645	Alexander Smith	M	M25-29	136	5:55:18	0:38:15	0:08:42	3:08:03	0:04:00	1:56:19	United Kingdom	
bd41c92a-d702-f111-8406-6045bd06566a	646	Samantha Dunning	F	F25-29	27	5:55:19	0:31:12	0:07:49	3:09:40	0:04:52	2:01:46	United Kingdom	
d4513446-07a5-f011-bbd3-6045bd05f634	647	Owen Powell	M	M25-29	137	5:55:20	0:39:39	0:08:18	3:13:38	0:03:33	1:50:12	United Kingdom	
af9d8721-4015-ed11-b83d-002248084c68	648	Barry Parker	M	M40-44	58	5:55:31	0:36:49	0:06:22	3:10:56	0:04:17	1:57:07	United Kingdom	
5897e917-3d91-f011-b4cc-000d3a5b7c3b	649	Pawel Idziak	M	M40-44	59	5:55:33	0:47:51	0:09:55	2:52:09	0:05:26	2:00:12	Poland	
4181b8b8-aa8f-f011-b4cc-6045bd05f634	650	Jade Muirhead	F	F25-29	28	5:55:33	0:32:48	0:06:15	3:15:14	0:03:45	1:57:30	United Kingdom	
b80a83ef-46bf-f011-bbd2-000d3a5b7c3b	651	Adam Gallier	M	M45-49	31	5:55:36	0:39:57	0:08:48	3:08:51	0:04:25	1:53:36	United Kingdom	
a488f23d-0aa5-f011-bbd3-000d3a5cf7d8	652	William Selby	M	M30-34	128	5:55:53	0:37:21	0:10:16	2:56:37	0:09:21	2:02:19	United Kingdom	
056dbb6b-09fd-f011-8406-002248046451	653	George Pruden	M	M18-24	107	5:55:55	0:33:14	0:08:17	3:06:42	0:06:24	2:01:18	United Kingdom	
95d085cc-f3a1-f011-bbd3-000d3a5b7c3b	654	Elliot Das-Gupta	M	M18-24	108	5:55:58	0:35:11	0:10:31	3:27:32	0:07:53	1:34:50	United Kingdom	
70448a5c-edca-f011-bbd3-000d3a5b50ba	655	Chris Koster	M	M35-39	79	5:55:59	0:38:17	0:09:44	3:19:17	0:04:59	1:43:41	United Kingdom	
645ac910-28ef-f011-8407-0022480c097c	656	Tom Christian	M	M18-24	109	5:56:00	0:36:25	0:07:28	3:07:53	0:05:06	1:59:07	United Kingdom	
697b5a1e-2f09-f111-8406-0022480995bd	657	Ladislav Rampasek	M	M35-39	80	5:56:02	0:40:40	0:06:59	3:08:56	0:05:09	1:54:19	Slovakia	
49465f06-bbd9-f011-8543-000d3a5b5fc7	658	Chris Fish	M	M40-44	60	5:56:07	0:41:36	0:07:06	3:08:35	0:06:35	1:52:16	United Kingdom	
08c3481b-c3d1-ef11-8ee9-000d3a5ae96c	659	Adam Jaamour	M	M25-29	138	5:56:07	0:37:32	0:08:20	3:07:43	0:03:23	1:59:11	Monaco	
f1c2aaf1-3b93-f011-b4cb-7ced8d710867	660	Hailey Bye	F	F25-29	29	5:56:09	0:34:23	0:08:48	3:12:58	0:05:10	1:54:49	United States	
fb226a4c-a54e-437c-b58b-ef962e3d84dc	661	Mat Davies	M	M40-44	61	5:56:09	0:37:47	0:08:14	3:08:33	0:04:19	1:57:15	United Kingdom	
635dc2c8-0ad9-f011-8544-000d3a5b7c3b	662	Ben Shepherd	M	M18-24	110	5:56:09	0:43:43	0:09:28	3:17:40	0:06:53	1:38:25	United Kingdom	
b707dbf9-bff0-4f8a-b507-83cd6faff7d9	663	Perry Matterface	M	M35-39	81	5:56:12	0:27:26	0:05:57	3:12:20	0:05:41	2:04:47	United Kingdom	
64fb7ae3-d247-4ffe-9db6-d5c2acab848b	664	Peteris Baumanis	M	M40-44	62	5:56:13	0:42:06	0:07:32	2:59:12	0:04:55	2:02:28	Latvia	
15f92b20-f8f8-f011-8406-0022480994c2	665	Liam Bowater	M	M35-39	82	5:56:18	0:43:02	0:07:56	3:07:13	0:08:21	1:49:46	United Kingdom	
3c831b07-7dea-f011-8406-00224809f5be	666	Clementina Pim	F	F18-24	17	5:56:19	0:41:37	0:06:55	3:17:56	0:06:32	1:43:17	United Kingdom	
00202a59-06cf-f011-bbd3-000d3a35ffc1	667	Lucy Sullivan-Allsop	F	F25-29	30	5:56:25	0:40:24	0:06:51	3:12:24	0:03:19	1:53:28	United Kingdom	
4a8be1c4-82d6-f011-8544-000d3a5cf7d8	668	Steve Roberts	M	M45-49	32	5:56:28	0:35:45	0:07:45	3:21:56	0:06:27	1:44:35	United Kingdom	
7d464904-d634-f011-8c4e-6045bd05f634	669	Jonathan Colclough	M	M50-54	19	5:56:31	0:33:15	0:07:14	2:55:38	0:05:09	2:15:15	United Kingdom	
25287cb5-4a3c-ef11-8409-000d3a383830	670	Pepe Papen	M	M18-24	111	5:56:32	0:39:49	0:09:28	2:53:44	0:04:48	2:08:44	Netherlands	
a973feaf-8b8a-f011-b4cc-000d3a5b50ba	671	Camille Le Barch	F	F25-29	31	5:56:34	0:36:09	0:07:13	3:06:08	0:03:25	2:03:39	France	
839ce097-c7dd-f011-8544-000d3a5b50ba	672	Antonia Bowman	F	F35-39	6	5:56:36	0:42:16	0:08:49	3:09:45	0:05:55	1:49:50	United Kingdom	
3cdfcd68-179f-48ed-a4a2-6837840156fc	673	Ben Griffiths	M	M45-49	33	5:56:41	0:38:07	0:07:41	3:01:52	0:05:10	2:03:52	United Kingdom	
f1af0049-4e78-f011-b4cc-6045bd09951e	674	Robert Lindsay	M	M35-39	83	5:56:50	0:39:40	0:08:01	3:19:38	0:04:20	1:45:10	United Kingdom	
72e7e7d6-e2ea-f011-8544-000d3a5cf7d8	675	Jamie Lee	M	M30-34	129	5:56:53	0:40:37	0:06:42	3:13:53	0:03:50	1:51:51	United Kingdom	
f7123b65-73a8-f011-bbd3-000d3a5b7c3b	676	Louis Ord	M	M18-24	112	5:56:57	0:35:26	0:06:04	3:06:38	0:04:30	2:04:20	United Kingdom	
99d9d74b-a0cc-f011-bbd3-000d3a35ffc1	677	Loz James	M	M35-39	84	5:57:01	0:35:51	0:06:54	3:05:17	0:03:56	2:05:03	United Kingdom	
b073e9b0-48c8-f011-bbd2-000d3a5b5fc7	678	Ben Cloud	M	M35-39	85	5:57:08	0:39:55	0:10:51	2:55:37	0:04:47	2:05:58	United Kingdom	
12546ed0-9ce9-f011-8544-000d3a5b50ba	679	Flo Snelling	F	F25-29	32	5:57:10	0:31:41	0:06:38	3:17:39	0:03:18	1:57:54	United Kingdom	
d3818e5b-35a5-f011-bbd3-6045bd05f634	680	Joseph Slinn	M	M25-29	139	5:57:10	0:37:31	0:08:07	3:32:31	0:05:37	1:33:23	United Kingdom	
78eaf199-11b4-f011-bbd3-0022480c097c	681	Joss Fellowes	M	M25-29	140	5:57:11	0:38:08	0:09:57	2:54:45	0:10:09	2:04:12	United Kingdom	
4eeab93c-722a-f011-8c4d-6045bd09951e	682	Mitchell Coburn	M	M30-34	130	5:57:13	0:38:26	0:10:19	3:10:46	0:08:40	1:49:02	United Kingdom	
34c7e22f-1de5-4c9d-8467-ec91e558ff3e	683	Ryan Brough	M	M30-34	131	5:57:15	0:39:07	0:07:36	3:11:49	0:07:46	1:50:58	United Kingdom	
d9c6eea3-7ab7-f011-bbd3-000d3a35ffc1	684	James Shaw	M	M18-24	113	5:57:19	0:43:17	0:07:23	3:10:46	0:06:38	1:49:15	United Kingdom	
16098086-1d2a-f111-8341-0022480b84a3	685	Tom Moore	M	M35-39	86	5:57:19	0:39:37	0:09:09	3:05:22	0:06:00	1:57:12	United Kingdom	
a8ccd083-5ba8-493d-b0ec-da7ba7446178	686	Craig Miles	M	M30-34	132	5:57:25	0:38:18	0:07:30	3:03:13	0:03:46	2:04:38	United Kingdom	
baabd6e4-84df-f011-8543-000d3a5b5fc7	687	Robin Gibson	M	M35-39	87	5:57:39	0:41:38	0:09:58	3:03:34	0:05:24	1:57:06	United Kingdom	
915bded1-36a8-f011-bbd3-6045bd09951e	688	Robin Harris	M	M35-39	88	5:57:43	0:37:04	0:06:16	2:59:05	0:03:14	2:12:05	United Kingdom	
92c38a49-728e-411c-889f-c5a48953958b	689	Elliot Rides	M	M30-34	133	5:57:45	0:38:08	0:09:07	2:59:36	0:04:30	2:06:24	United Kingdom	
4c7ed528-1aad-f011-bbd3-000d3a35ffc1	690	Sam Mitchell	M	M18-24	114	5:57:45	0:36:45	0:07:26	3:09:51	0:06:26	1:57:16	United Kingdom	
38bec164-d4c9-f011-bbd3-0022480c097c	691	Daniel Martin	M	M18-24	115	5:57:49	0:32:31	0:07:09	3:05:04	0:03:49	2:09:15	United Kingdom	
54d86fe1-928a-f011-b4cc-000d3a5b7c3b	692	Dash Choy	M	M18-24	116	5:58:06	0:39:52	0:06:19	3:16:20	0:04:19	1:51:15	Singapore	
db2dc723-3fcf-f011-bbd3-000d3a5b50ba	693	Alex Blakeley	M	M18-24	117	5:58:17	0:38:12	0:10:20	3:04:45	0:07:30	1:57:29	United Kingdom	
53c76476-8b0b-442c-afc3-bc280b8e6fbc	694	Paul Beavis	M	M55-59	16	5:58:17	0:38:20	0:08:59	3:16:34	0:06:39	1:47:46	United Kingdom	
2fb84c06-fa36-41f8-8039-58c73ba0ea01	695	Anna-Roza Dimogkioka	F	F30-34	12	5:58:26	0:44:17	0:10:22	3:14:41	0:04:10	1:44:55	United Kingdom	
cd5b0700-fdf9-f011-8406-0022480994c2	696	Ronan Williams	M	M25-29	141	5:58:27	0:38:37	0:07:26	3:07:21	0:05:24	1:59:39	United Kingdom	
d0e068d0-b4e8-f011-8543-000d3a5b5fc7	697	Luca Wells	M	M25-29	142	5:58:30	0:46:14	0:07:06	3:06:12	0:03:12	1:55:46	United Kingdom	
2879a534-2ac2-f011-bbd3-0022480a7385	698	Oskar Powell	M	M18-24	118	5:58:30	0:34:40	0:06:49	3:07:10	0:06:02	2:03:49	United Kingdom	
0e8bd538-a4e9-f011-8543-6045bd05fcc1	699	Tommy Herman	M	M18-24	119	5:58:41	0:41:50	0:07:48	3:18:43	0:05:43	1:44:37	United Kingdom	
2041df74-38c9-f011-bbd3-6045bd09951e	700	Harvey Charles	M	M18-24	120	5:58:48	0:40:50	0:08:53	3:17:19	0:05:13	1:46:34	United Kingdom	
a05bed2f-6515-f111-8341-002248046451	701	Harry Chittenden	M	M25-29	143	5:58:50	0:44:18	0:07:14	3:01:34	0:04:36	2:01:08	United Kingdom	
7bccbddc-89c4-f011-bbd3-6045bd05fcc1	702	Samuel Richardson	M	M18-24	121	5:58:53	0:39:18	0:09:13	3:10:53	0:05:31	1:53:58	United Kingdom	
73b0363b-83e1-478f-be82-14b7adbe5841	703	Larbi Douieb	M	M40-44	63	5:58:53	0:42:13	0:12:05	3:02:04	0:05:04	1:57:26	Morocco	
ac08d603-5ef8-4721-9109-821a087181ae	704	Laura Richardson	F	F40-44	8	5:58:55	0:43:42	0:06:24	3:09:22	0:05:30	1:53:56	United Kingdom	
6bf34b34-67ed-f011-8543-00224804742c	705	Joe Jordan	M	M55-59	17	5:58:56	0:42:44	0:07:20	3:08:18	0:04:30	1:56:04	United Kingdom	
5bc599f6-9ee7-ef11-8ee9-000d3a592251	706	Sarah Fenyes	F	F30-34	13	5:58:58	0:34:56	0:07:26	3:05:55	0:05:57	2:04:43	United Kingdom	
ae88e4cf-61a5-f011-bbd3-0022480c097c	707	Noboru Uchiyama	M	M55-59	18	5:58:59	0:29:18	0:06:57	3:20:28	0:06:01	1:56:16	Japan	
bf0c06ab-aed4-431a-a19e-05e672a1e55e	708	Scott Caplin	M	M60-64	12	5:59:05	0:38:49	0:07:32	3:07:11	0:05:14	2:00:18	United Kingdom	
5d40cb69-5d08-f111-8406-0022480a5755	709	James Curtler	M	M18-24	122	5:59:09	0:36:11	0:06:20	3:11:38	0:05:08	1:59:52	United Kingdom	
c0e6a3d7-20e3-f011-8544-000d3a5b7c3b	710	Flora Insley	F	F25-29	33	5:59:16	0:38:28	0:06:45	3:11:40	0:05:52	1:56:31	United Kingdom	
5829fc37-75a6-f011-bbd3-000d3a5b50ba	711	Tom Wright	M	M30-34	134	5:59:16	0:40:14	0:07:11	3:10:44	0:04:33	1:56:33	United Kingdom	
f3f529ae-02aa-f011-bbd3-000d3a5b7c3b	712	Scott Harvey	M	M30-34	135	5:59:18	0:41:46	0:08:08	3:03:46	0:05:01	2:00:36	United Kingdom	
3bdd9b8b-2780-ef11-ac21-000d3a5a1803	713	Liam Griggs	M	M30-34	136	5:59:20	0:38:25	0:11:32	3:06:42	0:05:56	1:56:44	United Kingdom	
47957f82-3680-ef11-ac21-000d3a5a1803	714	Ryan Griggs	M	M25-29	144	5:59:20	0:42:04	0:09:05	3:05:33	0:05:53	1:56:44	United Kingdom	
9ce2e3c6-06a6-f011-bbd3-6045bd05fcc1	715	Andrew Grey	M	M45-49	34	5:59:25	0:34:31	0:06:32	3:20:42	0:03:14	1:54:26	Barbados	
081c5763-c8e1-f011-8544-0022480c097c	716	Rob Waterhouse	M	M45-49	35	5:59:27	0:36:08	0:09:21	3:03:28	0:07:06	2:03:23	United Kingdom	
33fbb7ab-bd43-f111-88b4-002248081bd6	717	Susanna Beard	F	F45-49	3	5:59:40	0:35:18	0:06:13	3:19:11	0:03:44	1:55:13	United Kingdom	
e565a25a-b4c6-ef11-b8e9-002248049fdc	718	Joe Thomas	M	M35-39	89	5:59:41	0:42:24	0:07:58	3:00:47	0:04:12	2:04:21	United Kingdom	
25c0aff3-051d-4bfe-b170-87cc0c00ee4e	719	Fei Pan	M	M30-34	137	5:59:42	0:50:16	0:08:34	3:05:58	0:06:51	1:48:03	Australia	
0ce164bc-7304-f111-8406-6045bd08b1a2	720	Aimee Elsden	F	F40-44	9	5:59:51	0:34:02	0:07:24	3:07:19	0:03:35	2:07:31	United Kingdom	
3b2783a2-e377-ef11-a670-000d3a5a1803	721	Timothy Egerton	M	M35-39	90	5:59:59	0:38:07	0:08:43	3:07:57	0:06:25	1:58:47	United Kingdom	
bc942b34-9130-f011-8c4d-0022480c097c	722	redmond peel	M	M55-59	19	6:00:08	0:34:09	0:09:18	2:55:31	0:06:33	2:14:38	United Kingdom	
e61edb0b-21df-f011-8544-000d3a5b7c3b	723	Cameron Taylor	M	M25-29	145	6:00:08	0:41:10	0:07:42	3:11:01	0:05:30	1:54:45	United Kingdom	
320ce830-0af3-40db-8a8c-726c89327418	724	Tim Kaard	M	M40-44	64	6:00:09	0:41:47	0:13:09	3:01:46	0:07:06	1:56:21	United Kingdom	
aa705655-90ae-f011-bbd3-002248098cfa	725	Inez Griffin	F	F25-29	34	6:00:10	0:30:08	0:09:24	3:26:45	0:05:16	1:48:36	United Kingdom	
82880b18-3179-ef11-a670-000d3a5a1803	726	Ben Edgar	M	M35-39	91	6:00:14	0:45:05	0:08:18	3:09:28	0:04:35	1:52:48	United Kingdom	
05e4c20c-bc04-4c5f-8a6b-7f87e117f3fc	727	Bruce Willerton	M	M65-69	1	6:00:15	0:38:49	0:07:35	3:03:40	0:05:58	2:04:13	United Kingdom	
e3cd7e83-6c1c-f111-8341-6045bd08b1a2	728	Ava Langridge	F	F18-24	18	6:00:16	0:41:16	0:09:26	3:02:10	0:05:42	2:01:42	United Kingdom	
b43aae51-5db2-f011-bbd3-000d3a5b50ba	729	Jonathan Bickers	M	M30-34	138	6:00:27	0:42:39	0:08:26	3:09:17	0:06:24	1:53:40	United Kingdom	
03b68502-5ba5-f011-bbd2-6045bd026214	730	Catherine Mills	F	F30-34	14	6:00:32	0:34:16	0:08:09	3:16:11	0:06:39	1:55:17	United Kingdom	
6860e5ed-494a-ed11-bba1-000d3a314d17	731	Scott Ambler	M	M40-44	65	6:00:38	0:40:12	0:09:16	3:05:10	0:03:49	2:02:10	United Kingdom	
3db5c815-41a5-f011-bbd3-0022480a7385	732	Charlie Smith	M	M18-24	123	6:00:45	0:40:58	0:08:24	3:25:10	0:07:50	1:38:23	United Kingdom	
8c56fd5d-4578-f011-b4cc-000d3a5b50ba	733	Amelia Cowan	F	F18-24	19	6:00:50	0:33:20	0:08:36	3:08:50	0:04:09	2:05:54	United Kingdom	
19720e55-9fe6-f011-8543-000d3a5b5fc7	734	Joe Soulsby	M	M18-24	124	6:01:01	0:41:37	0:07:14	3:13:25	0:04:45	1:53:59	United Kingdom	
a5a2897a-228d-468a-841e-0d039dc0c8fe	735	Walker French	M	M25-29	146	6:01:04	0:32:42	0:10:14	3:15:52	0:08:10	1:54:05	United States	
66508628-d688-f011-b4cc-000d3a5cf7d8	736	Peter Kiss	M	M30-34	139	6:01:05	0:43:41	0:07:31	3:10:53	0:04:22	1:54:38	Slovakia	
75581935-0a8d-45cb-a871-14f5c9bb2232	737	James Saunders	M	M35-39	92	6:01:06	0:41:45	0:08:42	3:07:41	0:05:09	1:57:48	United Kingdom	
eec04f16-c3fd-f011-8406-6045bd08b1a2	738	Joshua Bailey	M	M18-24	125	6:01:08	0:37:05	0:08:39	3:08:21	0:06:11	2:00:52	United Kingdom	
f269fb51-3cad-f011-bbd3-6045bd09951e	739	Chris Lovell	M	M40-44	66	6:01:13	0:36:39	0:07:02	3:03:57	0:06:37	2:06:59	United Kingdom	
b1d95837-4fe6-f011-8544-000d3a5b7c3b	740	Christiaan Starke	M	M25-29	147	6:01:20	0:43:18	0:13:35	3:03:16	0:10:07	1:51:03	Singapore	
a485b5cb-0af0-f011-8407-6045bd04a162	741	Dan Tout	M	M40-44	67	6:01:22	0:39:15	0:06:50	3:08:45	0:03:58	2:02:36	United Kingdom	
47186b40-5cb2-f011-bbd3-000d3a5b7c3b	742	Sean Tanner	M	M25-29	148	6:01:24	0:36:46	0:09:12	3:16:09	0:04:06	1:55:11	United Kingdom	
2320ae17-90f1-f011-8406-00224804c237	743	Zak Ogbe	M	M25-29	149	6:01:40	0:44:33	0:09:17	3:25:50	0:04:55	1:37:05	United Kingdom	
2451e101-37a3-ef11-8a6a-6045bd02949c	744	James Veale	M	M25-29	150	6:01:46	0:42:08	0:08:49	3:20:43	0:05:35	1:44:31	United Kingdom	
d29d8b57-42d7-4b19-99a7-d6f1dd3663f7	745	Richard Burditt	M	M45-49	36	6:01:54	0:33:29	0:07:58	3:03:56	0:03:51	2:12:41	United Kingdom	
b3538d40-f5ea-f011-8544-6045bd09951e	746	Oliver Stokes	M	M18-24	126	6:01:56	0:43:49	0:10:06	2:59:59	0:06:35	2:01:27	United Kingdom	
8ff7a1b5-8ade-f011-8544-000d3a5b50ba	747	Jack Button	M	M25-29	151	6:01:57	0:37:32	0:07:16	3:20:38	0:06:51	1:49:39	United Kingdom	
a3420500-994e-ef11-a317-6045bd0953ac	748	Oliver Blakemore	M	M18-24	127	6:02:00	0:39:17	0:07:29	3:07:32	0:06:21	2:01:21	United Kingdom	
2b901ebd-58a5-f011-bbd3-0022480a7385	749	Emma Tripp	F	F30-34	15	6:02:01	0:37:32	0:08:52	3:19:20	0:04:36	1:51:41	United Kingdom	
845ec642-899b-f011-b41c-000d3a5b7c3b	750	Eser Talay	M	M40-44	68	6:02:01	0:43:13	0:09:07	3:04:45	0:04:48	2:00:07	Turkey	
4d33dc6e-8baf-f011-bbd3-000d3a5b50ba	751	Matt Jackson	M	M18-24	128	6:02:07	0:42:21	0:08:01	3:06:22	0:04:20	2:01:02	United Kingdom	
74f5c139-6463-f011-bec3-000d3a35ffc1	752	Martin Thornton	M	M25-29	152	6:02:09	0:40:29	0:08:04	3:12:07	0:04:45	1:56:43	United Kingdom	
c8f50f27-24a5-f011-bbd3-6045bd09951e	753	Nicola Seabrook	F	F45-49	4	6:02:10	0:30:31	0:13:04	3:16:38	0:09:12	1:52:46	United Kingdom	
076e025a-1deb-f011-8544-000d3a5cf7d8	754	Archie Leaver	M	M18-24	129	6:02:10	0:37:09	0:07:09	3:15:30	0:04:18	1:58:04	United Kingdom	
6bfd8e03-1105-f111-8406-0022480b35b6	755	Robert Tilsley	M	M40-44	69	6:02:11	0:41:21	0:06:59	3:10:24	0:03:25	2:00:02	United Kingdom	
cb964e2d-22fc-f011-8406-0022480a5755	756	Ganesh Ale Magar	M	M25-29	153	6:02:13	0:48:15	0:07:55	3:16:16	0:06:15	1:43:32	Nepal	
ef958cdb-87d0-f011-bbd3-0022480a7385	757	Glenn Thomas	M	M35-39	93	6:02:16	0:38:12	0:08:35	3:16:57	0:05:00	1:53:33	United Kingdom	
141ff677-c506-f111-8406-002248081bd6	758	Joseph Pointon	M	M25-29	154	6:02:24	0:36:42	0:08:35	3:12:23	0:05:48	1:58:56	United Kingdom	
9debd1e9-ed5f-f011-bec3-000d3a35ffc1	759	Jac Owen	M	M18-24	130	6:02:27	0:44:56	0:07:46	3:03:55	0:08:22	1:57:28	United Kingdom	
5219d8f1-4bf1-f011-8406-00224804c237	760	Werner Luus	M	M45-49	37	6:02:29	0:40:22	0:07:55	3:08:26	0:05:14	2:00:33	South Africa	
7aee8494-07a5-f011-bbd3-6045bd05f634	761	Kirk Luciw	M	M35-39	94	6:02:34	0:46:21	0:07:44	3:21:01	0:04:55	1:42:33	Netherlands	
f325e02a-2bbb-f011-bbd3-000d3a3173b5	762	Lily Foster-Grellis	F	F25-29	35	6:02:40	0:36:51	0:07:55	3:16:23	0:05:00	1:56:32	United Kingdom	
c3b84ce3-0e1b-f111-8341-0022480b35b6	763	Sam May	M	M25-29	155	6:02:41	0:43:47	0:07:11	3:10:09	0:04:01	1:57:33	United Kingdom	
e86a1979-eeed-f011-8407-6045bd04a162	764	Raphael churlaud	M	M18-24	131	6:02:43	0:38:53	0:07:48	3:10:23	0:08:04	1:57:35	France	
f4f568fd-ba85-f011-b4cc-000d3a3173b5	765	Tyler Body	M	M30-34	140	6:02:48	0:44:34	0:07:29	3:19:27	0:04:40	1:46:37	United Kingdom	
037d9bd2-2d06-f111-8406-002248081bd6	766	Akef Akbar	M	M35-39	95	6:02:50	0:46:50	0:08:36	2:57:05	0:04:30	2:05:50	United Kingdom	
4122a065-62c8-f011-bbd3-000d3a5cf7d8	767	Brandon Short	M	M25-29	156	6:02:55	0:35:39	0:07:24	3:09:27	0:04:28	2:05:57	United Kingdom	
cb5a023b-471b-494a-8ec0-a9f694288466	768	Pascal Passeron	M	M45-49	38	6:03:09	0:33:07	0:07:16	3:03:52	0:05:56	2:12:57	France	
37782026-d89b-ef11-8a6a-000d3a338a3c	769	Louis Kirkham	M	M45-49	39	6:03:12	0:32:56	0:07:24	2:59:04	0:05:21	2:18:27	United Kingdom	
80774319-93f1-f011-8407-0022480a3d1e	770	Ethan Streatfield	M	M18-24	132	6:03:17	0:34:46	0:07:41	3:06:53	0:05:00	2:08:56	United Kingdom	
1827ff56-db0f-f111-8406-002248046ec8	771	Toby Ferrison	M	M25-29	157	6:03:18	0:43:56	0:08:31	3:09:21	0:04:24	1:57:05	United Kingdom	
702f8cb9-68d7-f011-8544-6045bd09951e	772	Jocelyn Greenwood	F	F25-29	36	6:03:18	0:34:31	0:08:05	3:17:18	0:08:26	1:54:57	United Kingdom	
035bdafc-3416-f111-8341-6045bd08b1a2	773	Archie Bullock	M	M18-24	133	6:03:19	0:40:46	0:06:54	3:24:35	0:04:28	1:46:36	United Kingdom	
aa6272c5-5d0f-f111-8406-0022480b84a3	774	Harry Brownlees	M	M25-29	158	6:03:20	0:42:10	0:07:46	3:12:58	0:03:54	1:56:32	United Kingdom	
c06932a8-db9d-f011-b41c-6045bd05fcc1	775	Gavin Alexander	M	M45-49	40	6:03:31	0:35:12	0:06:49	3:03:35	0:06:28	2:11:27	United Kingdom	
f49df6ca-93e1-f011-8543-000d3a5b5fc7	776	Matthew Rosbotham	M	M18-24	134	6:03:48	0:36:28	0:07:57	3:21:51	0:05:14	1:52:18	Ireland	
d515a2e1-02ca-f011-bbd3-000d3a35ffc1	777	Luke Pailing	M	M18-24	135	6:03:52	0:31:49	0:07:31	3:02:24	0:05:22	2:16:46	United Kingdom	
bbcc3c31-2880-ef11-ac21-6045bd05c809	778	Chris Head	M	M25-29	159	6:03:52	0:38:05	0:07:07	3:02:43	0:05:23	2:10:35	United Kingdom	
83cdf4aa-4338-ef11-8409-6045bd0953ac	779	Gareth Hewett	M	M50-54	20	6:03:55	0:36:38	0:10:11	2:59:16	0:03:44	2:14:05	United Kingdom	
ae996561-3f51-f011-877a-000d3a5cf7d8	780	John Leng	M	M40-44	70	6:03:56	0:40:02	0:10:04	3:09:07	0:07:09	1:57:33	United Kingdom	
8dacae7e-5de3-f011-8544-000d3a5cf7d8	781	Lana Klimas	F	F18-24	20	6:04:01	0:37:45	0:07:22	3:28:39	0:05:25	1:44:50	United Kingdom	
50ffed1d-51b7-f011-bbd2-000d3a5b7c3b	782	Tim Robinson	M	M45-49	41	6:04:05	0:38:11	0:09:38	2:52:35	0:08:33	2:15:10	United Kingdom	
6323ce19-5c3e-4280-a59d-51ca5e4c38ba	783	Chris Edwards	F	F35-39	7	6:04:10	0:34:22	0:07:30	3:09:09	0:03:34	2:09:34	Canada	
d6794df0-aaaf-4f29-a8f0-a40717d41fc1	784	Sebastian Larsen	M	M35-39	96	6:04:12	0:39:28	0:08:18	3:05:03	0:04:23	2:06:59	United Kingdom	
669a90ab-a419-f111-8341-6045bd06566a	785	Charlotte Wilson	F	F18-24	21	6:04:15	0:40:57	0:06:25	3:18:39	0:03:10	1:55:04	United Kingdom	
05b1ecfe-81d4-47ad-a31c-7db3a0c7d646	786	Lucy Wyatt	F	F40-44	10	6:04:21	0:43:14	0:09:11	3:05:22	0:06:53	1:59:41	United Kingdom	
b2b08397-9514-f111-8341-0022480b84a3	787	Jeffrey Senn van basel	M	M25-29	160	6:04:26	0:38:05	0:07:23	3:12:31	0:04:19	2:02:09	Netherlands	
e304503d-3fc1-f011-bbd3-000d3a5cf7d8	788	Tom Atkinson	M	M18-24	136	6:04:29	0:35:45	0:07:02	3:17:32	0:06:32	1:57:40	United Kingdom	
e196a4fe-0fa5-f011-bbd3-000d3a3173b5	789	Will Baines	M	M18-24	137	6:04:53	0:36:21	0:07:19	3:02:35	0:05:00	2:13:38	United Kingdom	
e02806d2-9e93-f011-b4cb-002248042c0b	790	David walsh	M	M35-39	97	6:05:01	0:37:11	0:07:59	3:26:49	0:04:13	1:48:50	Ireland	
4ea48621-df17-4445-9d1a-52149565cf43	791	Alex Chevis	M	M40-44	71	6:05:03	0:50:32	0:09:51	3:03:05	0:04:08	1:57:26	United Kingdom	
58ea88bb-fe5d-4fb9-b549-71ecc68ba769	792	Rob Johnson	M	M45-49	42	6:05:08	0:45:57	0:07:44	3:10:31	0:05:05	1:55:51	United Kingdom	
2859ef70-3fca-f011-bbd3-000d3a3173b5	793	Nathan Beale	M	M18-24	138	6:05:15	0:50:12	0:08:35	3:12:53	0:05:25	1:48:09	United Kingdom	
bb7d5cce-0e7c-4b86-ad02-562050461af0	794	Roland Whalley	M	M65-69	2	6:05:16	0:40:03	0:06:51	3:08:11	0:03:47	2:06:24	United Kingdom	
808351d8-0892-ef11-ac21-000d3a338a3c	795	Lewis Clements	M	M35-39	98	6:05:16	0:37:59	0:07:34	2:58:34	0:03:47	2:17:23	United Kingdom	
06654151-05b4-408d-9665-a03ada6b612b	796	Beverley Hodgson	F	F45-49	5	6:05:20	0:41:17	0:11:22	3:14:27	0:06:42	1:51:31	United Kingdom	
19dda97d-14a5-f011-bbd3-6045bd05f634	797	Warren Mayes	M	M18-24	139	6:05:25	0:41:30	0:07:01	3:12:00	0:07:41	1:57:12	United Kingdom	
365fbb88-0b04-f111-8406-6045bd06566a	798	Scott Morgan	M	M25-29	161	6:05:26	0:36:39	0:06:57	3:15:54	0:04:27	2:01:28	United Kingdom	
0baaeca9-1074-ef11-a671-6045bd0953ac	799	Gary Harvey	M	M40-44	72	6:05:33	0:49:59	0:08:24	3:13:15	0:04:46	1:49:09	United Kingdom	
db090856-ec9b-f011-b41c-002248098cfa	800	Daniel Kaye	M	M35-39	99	6:05:40	0:28:54	0:10:34	3:12:26	0:06:08	2:07:37	United Kingdom	
cc92fe55-b253-f111-bec6-0022480a5755	801	Hugh Blandy	M	M35-39	100	6:05:53	0:36:22	0:10:10	3:09:43	0:05:58	2:03:40	United Kingdom	
042bdf51-f1b8-f011-bbd3-000d3a3173b5	802	Ethan Wingrove	M	M18-24	140	6:06:00	0:34:51	0:08:30	3:10:01	0:04:40	2:07:58	United Kingdom	
75d65452-bd1b-4d64-b943-00113adf2d85	803	Heinrich Dedekind	M	M30-34	141	6:06:15	0:36:46	0:07:28	3:23:33	0:04:06	1:54:21	South Africa	
a6ef8834-c608-f111-8406-0022480b88da	804	Jack Robinson	M	M25-29	162	6:06:24	0:45:45	0:10:12	3:05:48	0:05:11	1:59:28	United Kingdom	
88700bd3-8948-43e1-b6fb-40e996267b0a	805	Lewis Whittaker	M	M40-44	73	6:06:24	0:47:12	0:06:54	3:12:53	0:06:20	1:53:06	United Kingdom	
aa95285a-c451-45bb-8d21-7737f55edd57	806	Gregoire Napoly	M	M45-49	43	6:06:25	0:39:27	0:09:41	3:03:58	0:04:17	2:09:03	France	
b5648593-03e3-f011-8543-6045bd05fcc1	807	Jono Gaydon	M	M35-39	101	6:06:25	0:37:10	0:07:56	3:21:35	0:04:16	1:55:29	United Kingdom	
b1700112-0aa5-f011-bbd3-6045bd09951e	808	James Redman	M	M25-29	163	6:06:38	0:44:21	0:08:51	3:16:49	0:10:13	1:46:25	Ukraine	
83eb6f19-5fc8-f011-bbd3-6045bd05fcc1	809	Christopher Winrow	M	M30-34	142	6:06:39	0:40:37	0:08:00	3:02:52	0:06:34	2:08:35	United Kingdom	
e589280b-77bd-f011-bbd3-6045bd05fcc1	810	Ella Maisie Bartlett	F	F30-34	16	6:06:41	0:37:20	0:11:45	3:16:04	0:06:01	1:55:31	United Kingdom	
f3c17afa-95f1-f011-8407-00224805e61c	811	Alfie Carter	M	M18-24	141	6:06:42	0:38:14	0:08:33	3:07:51	0:06:39	2:05:26	United Kingdom	
d5ea68bc-a5c3-f011-bbd3-000d3a35ffc1	812	Heng Di Ng	M	M25-29	164	6:06:45	0:37:42	0:06:58	3:01:58	0:04:47	2:15:21	Malaysia	
f342c8f0-c5e6-4d59-b758-23d692a45c2a	813	Tim Ponting	M	M50-54	21	6:06:46	0:37:26	0:10:41	3:07:32	0:05:34	2:05:33	United Kingdom	
c803bb27-abca-f011-bbd2-000d3a5b5fc7	814	Jon Boyd	M	M30-34	143	6:06:46	0:39:07	0:07:31	3:06:33	0:04:03	2:09:32	United Kingdom	
5b1825fd-b4ae-f011-bbd2-6045bd058582	815	Sophie Wheater	F	F18-24	22	6:06:47	0:36:42	0:10:22	3:08:21	0:06:38	2:04:43	United Kingdom	
b1ba319b-6ada-f011-8543-6045bd05fcc1	816	Jonjo Wring	M	M25-29	165	6:06:48	0:47:22	0:08:14	3:15:54	0:04:39	1:50:39	United Kingdom	
a0bf72ec-788d-4816-b601-f9f1f60c8d7e	817	James Webb	M	M45-49	44	6:06:49	0:33:55	0:10:46	3:07:25	0:05:59	2:08:43	United Kingdom	
6f6e0f7a-f0ea-f011-8544-6045bd09951e	818	Ryan Spragg	M	M25-29	166	6:06:53	0:42:48	0:06:57	3:18:59	0:03:45	1:54:23	United Kingdom	
bceaca44-78ba-f011-bbd3-000d3a3173b5	819	Luke O'Brien	M	M18-24	142	6:07:00	0:46:59	0:08:02	3:10:14	0:04:38	1:57:07	United Kingdom	
56cde653-a5f8-439f-a5b4-c64096e5b786	820	Peter Alexander	M	M45-49	45	6:07:01	0:41:36	0:05:47	3:11:35	0:04:55	2:03:08	United Kingdom	
32ee76df-1284-f011-b4cc-6045bd09951e	821	Toby Cooley	M	M45-49	46	6:07:02	0:48:11	0:09:22	2:59:28	0:06:57	2:03:04	United Kingdom	
19dbf3eb-acf8-f011-8406-0022480994c2	822	Euan Welsh	M	M35-39	102	6:07:05	0:37:38	0:06:37	3:03:55	0:05:00	2:13:55	United Kingdom	
6103ea4b-adfc-f011-8406-6045bd08b1a2	823	Kobe Spencer	M	M18-24	143	6:07:15	0:32:23	0:06:54	3:14:32	0:03:15	2:10:10	United Kingdom	
8d528962-a3b2-f011-bbd3-000d3a5cf7d8	824	Lucy Matthews	F	F30-34	17	6:07:16	0:38:57	0:10:04	3:23:56	0:05:12	1:49:06	United Kingdom	
3fab6513-de15-f111-8341-0022480a5755	825	Jack Morrison	M	M35-39	103	6:07:22	0:39:14	0:08:51	3:05:44	0:07:28	2:06:05	United Kingdom	
16c8b407-c67c-438a-b7c7-65fbe6a90912	826	Tim Newton	M	M55-59	20	6:07:22	0:36:28	0:07:49	3:06:46	0:04:55	2:11:25	United Kingdom	
eee26c69-a485-ef11-ac21-000d3a59a9a1	827	marc brant	M	M50-54	22	6:07:24	0:42:56	0:08:40	2:50:24	0:07:01	2:18:23	United Kingdom	
d5d1ab4a-cb67-f011-bec3-6045bd05f634	828	Ravi Prema	M	M25-29	167	6:07:40	0:39:39	0:07:59	3:31:44	0:03:41	1:44:37	United Kingdom	
251742b3-4378-f011-b4cc-6045bd09951e	829	Tom Trew	M	M30-34	144	6:07:43	0:38:17	0:06:50	3:10:53	0:03:43	2:07:59	United Kingdom	
f9cbee22-160c-f111-8406-6045bd08b1a2	830	Jack Weaver	M	M30-34	145	6:07:45	0:36:55	0:08:20	3:19:08	0:06:12	1:57:09	United Kingdom	
3e31ae64-1508-f111-8406-0022480a5755	831	Sonny Kennedy	M	M25-29	168	6:07:51	0:30:39	0:08:13	3:11:33	0:05:16	2:12:10	United Kingdom	
a152cb82-e9c3-f011-bbd3-6045bd09951e	832	Kyle Young	M	M35-39	104	6:07:55	0:38:50	0:07:01	3:19:20	0:02:48	1:59:56	United Kingdom	
fa92aa2b-07a6-f011-bbd3-000d3a5b7c3b	833	john grey	M	M18-24	144	6:07:56	0:34:04	0:08:08	3:18:33	0:04:06	2:03:04	United Kingdom	
2d3b61ec-65af-f011-bbd2-002248082f34	834	ELSPETH FORSDICK	F	F25-29	37	6:08:00	0:38:32	0:06:36	3:10:56	0:04:20	2:07:35	United Kingdom	
8c2e3072-1504-f111-8406-0022480b35b6	835	Amy Stenson	F	F30-34	18	6:08:01	0:34:05	0:06:57	3:22:33	0:03:36	2:00:49	United Kingdom	
6a63d977-0ad9-f011-8544-000d3a5b7c3b	836	Tom Shepherd	M	M25-29	169	6:08:08	0:43:48	0:09:18	3:09:05	0:03:43	2:02:15	United Kingdom	
63b57ded-1eef-f011-8407-0022480c370f	837	Joseph Macvicker	M	M25-29	170	6:08:12	0:37:22	0:09:04	3:06:51	0:05:22	2:09:34	United Kingdom	
88a8316a-f0de-ef11-8eea-002248049fdc	838	Harry Brewis	M	M25-29	171	6:08:13	0:29:23	0:06:43	3:19:21	0:06:04	2:06:41	United Kingdom	
fa43c354-5f04-f111-8406-6045bd06566a	839	Chloe Allin	F	F18-24	23	6:08:14	0:40:17	0:08:14	3:13:17	0:05:23	2:01:03	United Kingdom	
13f45108-37db-f011-8544-000d3a5b50ba	840	Daniel Troth	M	M25-29	172	6:08:16	0:43:06	0:08:59	3:12:33	0:05:28	1:58:10	United Kingdom	
811725c9-84cb-f011-bbd2-6045bd05deae	841	Sophie Hills		M30-34	146	6:08:28	0:37:16	0:09:12	3:11:31	0:06:46	2:03:43	United Kingdom	
f30640a0-c317-f111-8341-0022480b88da	842	Eva Delesse	F	F18-24	24	6:08:38	0:42:08	0:09:34	3:23:52	0:03:39	1:49:25	France	
7fb5eb1c-00ef-f011-8406-00224804742c	843	Tess Monks	F	F25-29	38	6:08:41	0:37:40	0:07:04	3:29:29	0:03:51	1:50:36	United States	
dbfccef8-ca6d-ee11-8df0-000d3a314329	844	Robert Bonham	M	M30-34	147	6:08:41	0:35:42	0:06:56	3:07:54	0:04:36	2:13:34	United Kingdom	
80df57a9-73e9-f011-8544-000d3a5cf7d8	845	Alex Blackall	M	M30-34	148	6:08:49	0:35:47	0:07:45	3:09:40	0:05:28	2:10:09	United Kingdom	
3d0f8c7b-9027-4e6d-b7c6-3cba482c6ab7	846	Luke Templeman	M	M45-49	47	6:08:55	0:38:49	0:05:54	3:17:59	0:06:13	1:59:59	Australia	
f0dbab90-d56d-494a-ad7c-4708058c209a	847	Guy Kitchen	M	M55-59	21	6:09:01	0:38:52	0:11:04	3:04:48	0:05:53	2:08:23	United Kingdom	
6e5e65e9-ab6b-f011-bec2-0022480a7385	848	Henry Edwards	M	M25-29	173	6:09:04	0:46:31	0:07:57	3:09:56	0:06:31	1:58:09	United Kingdom	
d1e94d58-2730-f111-88b3-6045bd08b1a2	849	Daisy Anderson-Lamb	F	F30-34	19	6:09:16	0:44:33	0:09:31	3:20:33	0:04:39	1:50:00	United Kingdom	
80c9497f-98ef-f011-8406-00224804c237	850	Glen Panico	M	M25-29	174	6:09:22	0:47:16	0:07:31	3:18:57	0:04:54	1:50:43	United Kingdom	
2e35f9fb-8451-4652-b955-cb9fa7b2753d	851	Tiger Ball	M	M50-54	23	6:09:22	0:43:04	0:07:51	2:51:03	0:05:34	2:21:50	United Kingdom	
473d13a9-67e2-f011-8544-000d3a3173b5	852	Rebecca Swallow	F	F35-39	8	6:09:24	0:37:56	0:07:37	3:32:22	0:04:10	1:47:20	United Kingdom	
51d0f962-67a0-f111-b8dc-70a8a5b19cbc	853	Thomas Le Marchant	M	M18-24	145	6:09:40	0:37:44	0:10:47	3:24:17	0:06:56	1:49:56	United Kingdom	
330b122b-0ceb-f011-8544-000d3a5cf7d8	854	Jay Page	M	M35-39	105	6:09:44	0:40:35	0:12:11	3:19:56	0:05:01	1:52:02	United Kingdom	
af849692-bfa7-f011-bbd3-6045bd09951e	855	Harry Sullivan	M	M25-29	175	6:09:51	0:41:46	0:08:08	3:29:16	0:04:33	1:46:07	United Kingdom	
ad06b774-5edc-f011-8544-000d3a3173b5	856	Finlay Ogilvie	M	M30-34	149	6:09:51	0:48:17	0:10:26	3:24:19	0:04:33	1:42:16	United Kingdom	
9add4f6a-89da-f011-8543-000d3a5b5fc7	857	Ayush Woodcock	M	M18-24	146	6:09:56	0:45:33	0:09:56	3:18:15	0:05:16	1:50:57	United Kingdom	
2d489c90-9276-f011-b4cc-6045bd05f634	858	Rebecca Romero	F	F45-49	6	6:10:02	0:39:16	0:08:46	3:12:27	0:04:59	2:04:34	United Kingdom	
11b2dab0-6e29-ef11-840a-6045bd0953ac	859	Sarah Dearman	F	F25-29	39	6:10:03	0:37:28	0:07:33	3:06:30	0:05:48	2:12:44	United Kingdom	
7594d282-9eaf-f011-bbd3-000d3a3173b5	860	Bianca Monteiro	F	F25-29	40	6:10:08	0:41:01	0:07:33	3:19:04	0:03:57	1:58:34	United Kingdom	
c3b5e195-621a-f111-8341-0022480b84a3	861	Chris Berry	M	M40-44	74	6:10:23	0:39:21	0:08:15	3:02:01	0:04:28	2:16:18	United Kingdom	
560bc508-0ba5-f011-bbd3-6045bd09951e	862	Jonah Fletcher	M	M30-34	150	6:10:25	0:38:33	0:07:02	3:16:33	0:06:18	2:01:58	United Kingdom	
db484845-28d4-f011-8544-000d3a5cf7d8	863	Chester Beecroft-Bates	M	M30-34	151	6:10:35	0:50:16	0:11:35	3:08:58	0:05:49	1:53:56	United Kingdom	
63e9a5c7-e8dd-f011-8544-000d3a5b50ba	864	Ryan Henshall	M	M25-29	176	6:10:37	0:34:59	0:09:12	3:06:35	0:04:44	2:15:07	United Kingdom	
11abd602-0ea5-f011-bbd2-6045bd026214	865	Joe Carter	M	M35-39	106	6:10:52	0:42:32	0:07:37	3:07:50	0:06:08	2:06:45	United Kingdom	
9755544f-caaa-f011-bbd2-000d3a3009e6	866	Adam Reynolds	M	M30-34	152	6:10:53	0:35:10	0:08:16	3:26:23	0:06:34	1:54:30	United Kingdom	
519fe804-aebd-f011-bbd2-000d3a5b7c3b	867	Alice Thelwell	F	F25-29	41	6:10:59	0:43:57	0:08:50	3:10:26	0:08:56	1:58:50	United Kingdom	
afeb6fab-b733-4dba-af49-4c2db716aef9	868	Fraser Barclay	M	M30-34	153	6:11:00	0:26:51	0:05:21	3:19:40	0:04:12	2:14:55	United Kingdom	
500273d7-6839-49cb-b748-e47ea38355ac	869	Clementina Fane Davies	F	F45-49	7	6:11:13	0:41:35	0:08:42	3:05:05	0:06:52	2:08:59	United Kingdom	
03029967-1bc3-f011-bbd3-000d3a5cf7d8	870	James Williams	M	M55-59	22	6:11:14	0:45:31	0:08:02	3:15:05	0:06:25	1:56:11	United Kingdom	
6b04afdf-f5a1-f011-bbd3-000d3a3173b5	871	Oliver Blake Harvey-Vallender	M	M40-44	75	6:11:16	0:42:31	0:09:14	3:23:34	0:05:55	1:50:02	United Kingdom	
955a8e57-34ca-f011-bbd2-0022480834b6	872	Rory Donley	M	M18-24	147	6:11:26	0:42:03	0:07:06	3:12:21	0:03:07	2:06:50	United Kingdom	
e2049db7-6cd4-f011-8543-000d3a5b5fc7	873	Adrian Wells	M	M30-34	154	6:11:29	0:45:59	0:08:04	2:59:38	0:05:15	2:12:33	United Kingdom	
cd23492f-41b5-4b84-8d2e-4c424cbd3500	874	Paige Alice Waters	F	F25-29	42	6:11:33	0:40:54	0:05:51	3:17:19	0:03:27	2:04:02	South Africa	
c90efc03-2cb6-f011-bbd3-000d3a5b50ba	875	Lois Stevenson	F	F25-29	43	6:11:42	0:37:41	0:06:50	3:13:47	0:04:58	2:08:26	United Kingdom	
4ac02fc6-21a5-f011-bbd3-6045bd05f634	876	Rory Shaffrey	M	M18-24	148	6:11:42	0:40:07	0:11:30	3:14:57	0:05:58	1:59:10	United Kingdom	
21e00cfe-21e6-f011-8544-0022480c097c	877	Phil Derrick	M	M35-39	107	6:11:48	0:43:00	0:08:33	3:17:07	0:05:29	1:57:40	United Kingdom	
9e196b27-7ad4-f011-8544-000d3a5b7c3b	878	Jessica Marengo	F	F35-39	9	6:11:52	0:34:19	0:06:43	3:28:51	0:04:21	1:57:39	United Kingdom	
5dae53fd-1ea1-f011-bbd3-000d3a5b50ba	879	Lucie Gale	F	F25-29	44	6:11:59	0:41:50	0:07:36	3:08:21	0:06:10	2:08:01	United Kingdom	
4db12117-c6a6-f011-bbd3-000d3a5cf7d8	880	Kieran Gower	M	M30-34	155	6:11:59	0:40:04	0:08:55	3:14:25	0:05:53	2:02:42	United Kingdom	
0e57b57e-01da-f011-8543-000d3a5b5fc7	881	Kirsten O'Brien	F	F18-24	25	6:12:00	0:33:49	0:06:19	3:19:34	0:04:22	2:07:56	United Kingdom	
fec96aef-3aa5-f011-bbd3-000d3a5cf7d8	882	Rocco Parr	M	M18-24	149	6:12:00	0:46:29	0:10:16	3:11:39	0:05:14	1:58:22	United Kingdom	
1cc6b14e-d8e2-ef11-8ee9-000d3a592251	883	Emily Court	F	F30-34	20	6:12:01	0:42:14	0:09:17	3:18:31	0:04:53	1:57:05	United Kingdom	
7566c424-01ce-f011-bbd3-000d3a5cf7d8	884	Meirwen Jenking-Rees	F	F25-29	45	6:12:03	0:35:09	0:06:36	3:14:12	0:04:49	2:11:16	United Kingdom	
0b18c48e-1cec-f011-8406-6045bd0a499d	885	Adam Leese	M	M25-29	177	6:12:07	0:42:26	0:11:01	3:18:49	0:05:40	1:54:12	United Kingdom	
1f77e8d6-f8a6-f011-bbd3-000d3a35ffc1	886	Hamish Russell	M	M30-34	156	6:12:13	0:38:59	0:08:17	3:11:18	0:04:07	2:09:33	United Kingdom	
865203b7-c3ca-ef11-b8e8-000d3a5ae96c	887	Orla Humphries	F	F25-29	46	6:12:19	0:31:43	0:07:24	3:17:35	0:06:05	2:09:33	United Kingdom	
0cc5d9b2-07a5-f011-bbd3-002248098cfa	888	Lucas Clarke	M	M18-24	150	6:12:27	0:34:05	0:08:44	3:18:28	0:07:46	2:03:24	United Kingdom	
8a0b34a9-0fe8-f011-8544-6045bd09951e	889	Ollie Groves	M	M25-29	178	6:12:36	0:37:17	0:08:08	3:13:59	0:05:19	2:07:54	United Kingdom	
1bc56aae-67e7-f011-8544-000d3a35ffc1	890	Daryl McIntyre	M	M35-39	108	6:12:39	0:43:46	0:08:01	3:12:25	0:03:56	2:04:31	United Kingdom	
c94ba754-3ab7-f011-bbd3-6045bd05fcc1	891	James Nicholson	M	M25-29	179	6:12:53	0:33:43	0:08:01	3:04:33	0:06:39	2:19:56	United Kingdom	
c1a69225-08a5-f011-bbd2-6045bd026214	892	Lucy Hilton	F	F25-29	47	6:12:56	0:38:21	0:07:04	3:09:58	0:06:01	2:11:33	United Kingdom	
4497beb4-0bec-f011-8544-000d3a5b50ba	893	Aeron Charity	M	M35-39	109	6:13:03	0:49:51	0:08:13	3:08:59	0:04:16	2:01:45	United Kingdom	
9b23e8f8-1b09-f111-8406-6045bd06566a	894	Connor McCarthy	M	M18-24	151	6:13:04	0:34:25	0:07:24	3:38:22	0:03:47	1:49:06	United Kingdom	
971b8edc-8043-42c4-9140-c03b8db56a3f	895	Angus Allsop	M	M60-64	13	6:13:06	0:45:19	0:10:31	3:02:13	0:07:17	2:07:46	United Kingdom	
d2d1f26a-3e52-46de-816e-3c1f4cf4c6e4	896	Craig Ulliott	M	M40-44	76	6:13:09	0:41:26	0:07:32	3:11:13	0:06:40	2:06:19	United Kingdom	
5d223ab6-33e0-f011-8544-000d3a5b7c3b	897	Lauren Jeal	F	F18-24	26	6:13:14	0:47:20	0:10:33	3:14:01	0:06:22	1:54:57	United Kingdom	
fa406fc9-79b2-f011-bbd3-000d3a3173b5	898	William Couzens	M	M30-34	157	6:13:18	0:38:11	0:08:41	3:19:37	0:08:41	1:58:08	United Kingdom	
b5490de2-8b87-ef11-ac21-000d3a5a1803	899	Owen Finnie	M	M50-54	24	6:13:19	0:31:35	0:07:50	3:12:16	0:05:32	2:16:05	United Kingdom	
7873e40a-7159-419e-ad28-f60179176048	900	Victoria Craven	F	F50-54	1	6:13:25	0:39:54	0:08:47	3:21:12	0:08:55	1:54:38	United Kingdom	
1313bcf4-f4a5-f011-bbd3-000d3a35ffc1	901	ben Newbury	M	M35-39	110	6:13:28	0:39:11	0:12:02	3:09:36	0:09:31	2:03:09	United Kingdom	
c55824a5-00cd-f011-bbd2-000d3a5b5fc7	902	Phillip Austen-Reed	M	M45-49	48	6:13:42	0:40:55	0:10:35	3:06:52	0:04:29	2:10:50	United Kingdom	
b4106e5f-4c04-f111-8406-002248046ec8	903	Rosie Williams	F	F18-24	27	6:13:42	0:41:56	0:08:14	3:13:09	0:04:21	2:06:02	United Kingdom	
f0577fc8-84b0-403d-8008-5d4aab9e028a	904	Nicolas Benielli Borrajo	M	M40-44	77	6:13:42	0:35:33	0:07:15	3:14:35	0:03:07	2:13:12	Argentina	
4ff86b8d-f9b1-f011-bbd3-000d3a5cf7d8	905	Edward Fiettkau	M	M25-29	180	6:13:47	0:40:46	0:08:56	3:27:09	0:04:41	1:52:14	United Kingdom	
ac63d392-d965-4785-bb02-d83700a02fe8	906	Nigel Trilk	M	M60-64	14	6:14:02	0:39:47	0:06:29	2:52:35	0:05:21	2:29:50	United Kingdom	
d4c2fb83-4316-f111-8341-0022480995bd	907	Jac Owen Evans	M	M25-29	181	6:14:06	0:36:48	0:07:31	3:41:52	0:03:20	1:44:35	United Kingdom	
9f8f6600-4715-f111-8341-0022480b35b6	908	Michael Moore	M	M35-39	111	6:14:07	0:42:05	0:09:01	3:16:23	0:05:23	2:01:15	United Kingdom	
b5e711f3-72f4-f011-8406-6045bd08b1a2	909	Luke Hull	M	M30-34	158	6:14:08	0:32:42	0:06:06	3:18:14	0:04:43	2:12:23	United Kingdom	
13866795-dc0d-f111-8406-0022480994c2	910	Stephen Brooks	M	M35-39	112	6:14:10	0:30:49	0:09:46	3:01:47	0:05:28	2:26:21	United Kingdom	
7a6d19e1-52ee-f011-8407-0022480a3d1e	911	Hannah Macaulay	F	F25-29	48	6:14:19	0:45:36	0:08:22	3:02:38	0:03:40	2:14:02	United Kingdom	
6e16f6e1-c4a5-f011-bbd3-000d3a3173b5	912	Hollie Mapp	F	F25-29	49	6:14:30	0:40:50	0:10:20	3:07:42	0:07:15	2:08:24	United Kingdom	
43face64-093d-404e-98ea-007e6f1619b9	913	Stuart Tait	M	M30-34	159	6:14:32	0:41:21	0:07:01	3:04:11	0:04:25	2:17:34	United Kingdom	
e526a4c3-2456-4b6d-ab9f-353943becf1e	914	Martin Ringrose	M	M60-64	15	6:14:55	0:34:01	0:08:10	3:09:38	0:05:42	2:17:24	United Kingdom	
bceb5fd2-55a5-f011-bbd3-6045bd05fcc1	915	Will Bright	M	M40-44	78	6:15:10	0:40:53	0:09:29	3:10:11	0:06:47	2:07:51	United Kingdom	
1a2635b9-e30c-f111-8406-6045bd05db02	916	Danielle Thomson	F	F35-39	10	6:15:11	0:41:08	0:09:08	3:35:46	0:06:12	1:42:57	United Kingdom	
7c1e0bf2-07a5-f011-bbd3-000d3a5b50ba	917	Charlotte Lucas	F	F30-34	21	6:15:20	0:41:01	0:05:32	3:27:35	0:03:50	1:57:22	United Kingdom	
12a35482-cfd4-ef11-8eea-000d3a5a1803	918	Cameron Howes	M	M25-29	182	6:15:28	0:30:29	0:06:17	3:33:07	0:04:17	2:01:17	South Africa	
5702f8ee-2ad9-f011-8544-6045bd05f634	919	Andrew Milne	M	M40-44	79	6:15:35	0:44:29	0:09:36	3:12:43	0:04:36	2:04:11	Ireland	
b1869baf-9bef-491b-aaa6-537e4c24a39c	920	Leigh Norris	M	M50-54	25	6:15:44	0:43:03	0:07:34	3:08:33	0:04:34	2:12:00	United Kingdom	
a193fef0-8af4-f011-8406-0022480a5755	921	Kate Layton-Matthews	F	F30-34	22	6:15:44	0:41:39	0:06:44	3:18:53	0:06:09	2:02:19	Norway	
7566e64a-c5e4-f011-8544-000d3a35ffc1	922	Dan Lace	M	M35-39	113	6:15:52	0:34:28	0:09:29	3:18:58	0:05:21	2:07:36	United Kingdom	
632ff2e3-3da5-f011-bbd3-6045bd05f634	923	Jake Ogden	M	M30-34	160	6:15:53	0:39:42	0:09:08	3:19:39	0:04:52	2:02:32	United Kingdom	
12cd9acb-edd6-f011-8543-000d3a5b5fc7	924	Achilles Georginis	M	M35-39	114	6:16:18	0:47:56	0:09:56	3:09:08	0:07:33	2:01:45	Greece	
6c71c655-15f3-f011-8407-0022480c370f	925	Julian Carelse	M	M40-44	80	6:16:23	0:41:46	0:07:33	3:18:53	0:05:23	2:02:48	United Kingdom	
4828ac70-8eab-f011-bbd3-000d3a3173b5	926	Alex Keyworth	M	M40-44	81	6:16:25	0:44:03	0:07:25	3:22:24	0:05:10	1:57:22	United Kingdom	
5a29d0e1-66f2-f011-8407-00224805e61c	927	Harry Steele	M	M18-24	152	6:16:26	0:42:35	0:07:16	3:20:28	0:04:45	2:01:22	United Kingdom	
76fc484f-e12c-43c7-b348-85351c272b1a	928	Jack Mc Dermott	M	M25-29	183	6:16:29	0:37:22	0:06:30	3:23:53	0:04:36	2:04:07	Ireland	
93378739-d4d5-f011-8543-000d3a5b5fc7	929	Hugh Crawford	M	M35-39	115	6:16:29	0:42:09	0:11:22	3:00:15	0:07:01	2:15:41	United Kingdom	
69e6ed3c-5fe7-f011-8544-000d3a3173b5	930	Rob Stokes	M	M40-44	82	6:16:30	0:40:21	0:08:18	3:17:16	0:05:12	2:05:23	United Kingdom	
c524b33d-6540-4855-a3bd-cf3765860815	931	George Dougherty	M	M25-29	184	6:16:36	0:39:20	0:08:34	3:23:54	0:06:24	1:58:23	New Zealand	
5d658dd7-6efc-f011-8406-0022480b3a8e	932	Sebastian Carnell	M	M30-34	161	6:16:40	0:42:14	0:08:44	3:16:21	0:05:17	2:04:04	United Kingdom	
0bd4753e-2f03-f111-8406-0022480a5755	933	Scott Mcpherson	M	M35-39	116	6:16:45	0:35:18	0:08:16	3:07:56	0:07:39	2:17:37	Guernsey	
dddc2941-78ba-f011-bbd3-000d3a5b50ba	934	Samuel Carter	M	M18-24	153	6:16:53	0:46:20	0:07:25	3:17:43	0:04:28	2:00:56	United Kingdom	
62089294-10bf-4dfe-8870-e042641c4918	935	Keith Irvine	M	M60-64	16	6:16:54	0:37:57	0:08:26	3:11:31	0:06:51	2:12:08	United Kingdom	
06b982bf-0beb-f011-8544-6045bd05f634	936	Isabel Armer	F	F18-24	28	6:17:05	0:39:19	0:08:32	3:12:08	0:03:45	2:13:21	United Kingdom	
85b62959-e60b-f111-8406-6045bd08b1a2	937	Martin Bull	M	M18-24	154	6:17:07	0:42:43	0:06:49	3:35:34	0:04:18	1:47:44	United Kingdom	
9d205a24-0de3-f011-8543-6045bd05fcc1	938	Jack Plummer	M	M35-39	117	6:17:15	0:41:44	0:08:17	3:20:27	0:08:36	1:58:13	United Kingdom	
bae156d1-1ac9-f011-bbd3-6045bd09951e	939	Daniel Clafferty	M	M35-39	118	6:17:24	0:53:37	0:09:39	3:08:38	0:06:58	1:58:31	United Kingdom	
a57a8d5c-0ba5-f011-bbd3-000d3a5b7c3b	940	Joe Dawson	M	M35-39	119	6:17:32	0:38:38	0:07:52	3:17:41	0:05:36	2:07:46	United Kingdom	
a22202b9-dc9f-f011-b41c-000d3a3173b5	941	Ben Rooney	M	M18-24	155	6:17:40	0:38:58	0:12:10	3:33:05	0:08:17	1:45:11	United Kingdom	
e92feb29-161d-4a8f-85e1-83918f4ea4b9	942	Oliver Zeldin	M	M40-44	83	6:17:40	0:33:37	0:05:59	3:04:04	0:05:12	2:28:48	United Kingdom	
3d1a7a3c-3ca5-f011-bbd3-000d3a5cf7d8	943	Hikaru Taylor	M	M25-29	185	6:17:45	0:40:34	0:08:40	3:13:57	0:06:39	2:07:55	United Kingdom	
7c9eec67-6140-f011-b4ca-000d3a5c3d6c	944	Jody Wainwright	M	M45-49	49	6:17:51	0:33:38	0:07:48	2:52:02	0:06:37	2:37:46	United Kingdom	
1dc537cc-3bca-f011-bbd3-000d3a5b7c3b	945	Louise Baxter	F	F25-29	50	6:17:56	0:36:22	0:05:46	3:21:49	0:02:44	2:11:14	United Kingdom	
47d89542-3aac-f011-bbd3-6045bd05fcc1	946	Brandon Burnard	M	M25-29	186	6:18:01	0:41:07	0:07:20	3:25:11	0:07:27	1:56:56	United Kingdom	
6ac6d818-29eb-f011-8406-6045bd021ca4	947	Henry Mutter	M	M25-29	187	6:18:02	0:46:02	0:06:56	3:18:40	0:04:36	2:01:48	United Kingdom	
c606cbcf-1ea5-f011-bbd3-6045bd05f634	948	Lewis Freeth	M	M30-34	162	6:18:03	0:44:27	0:07:56	3:19:03	0:06:08	2:00:30	United Kingdom	
7453db18-af72-45f5-8697-4cfb7302c4e0	949	Matt Bull	M	M55-59	23	6:18:06	0:37:09	0:08:57	3:19:22	0:04:23	2:08:16	United Kingdom	
66be7226-5ce3-f011-8544-0022480a7385	950	Grant Bowden	M	M50-54	26	6:18:10	0:29:14	0:09:00	3:25:56	0:05:27	2:08:34	United Kingdom	
2b64247e-cb09-f111-8406-6045bd06566a	951	Mark Bray	M	M40-44	84	6:18:16	0:41:36	0:11:45	3:16:06	0:05:49	2:03:01	United Kingdom	
c384e6d7-5dae-f011-bbd3-6045bd05fcc1	952	Sean Quinn	M	M35-39	120	6:18:24	0:36:31	0:09:13	3:14:31	0:07:14	2:10:54	United Kingdom	
e9652a54-a8fd-4ca2-9889-cf48e0601336	953	Bjarte Hetlevik	M	M60-64	17	6:18:32	0:47:40	0:10:22	2:57:53	0:06:17	2:16:19	Norway	
bd9bbb75-2bce-f011-bbd3-000d3a35ffc1	954	Gary Murphy	M	M30-34	163	6:18:38	0:49:57	0:08:37	3:16:49	0:05:53	1:57:22	Ireland	
12694d4f-04d5-f011-8544-6045bd05f634	955	Chris Massey	M	M35-39	121	6:18:49	0:42:44	0:08:43	3:27:36	0:04:50	1:54:57	United Kingdom	
9c849f3d-a258-ee11-be6f-000d3a314c24	956	Max Thorne	M	M25-29	188	6:18:57	0:37:49	0:07:26	3:13:16	0:05:56	2:14:30	United Kingdom	
9541087d-dae5-f011-8544-6045bd05f634	957	Owen Hughes	M	M25-29	189	6:19:01	1:02:23	0:09:57	3:03:27	0:07:01	1:56:14	United Kingdom	
92db1652-6fc3-eb11-bacc-000d3a31d152	958	Edmond Chhung	M	M35-39	122	6:19:06	0:46:39	0:07:14	3:00:13	0:03:13	2:21:48	United Kingdom	
cc7b016c-a57f-f011-b4cc-000d3a5b50ba	959	Luke Bailey	M	M25-29	190	6:19:07	0:39:16	0:08:05	3:39:06	0:04:29	1:48:11	United Kingdom	
ae3b7aee-c219-f111-8341-6045bd08b1a2	960	dillon creedon	M	M25-29	191	6:19:17	0:42:47	0:07:42	3:17:10	0:04:33	2:07:05	United Kingdom	
3c25c29f-8cb1-f011-bbd3-000d3a3173b5	961	Marcus Ellis	M	M45-49	50	6:19:18	0:33:02	0:06:50	3:18:06	0:04:25	2:16:55	United Kingdom	
5706da3d-df38-f111-88b3-6045bd06566a	962	Fraser Campbell-Brown	M	M18-24	156	6:19:30	0:37:46	0:08:16	3:25:57	0:05:40	2:01:50	United Kingdom	
be6c529c-fefc-f011-8406-6045bd06566a	963	Georgie Knatchbull	F	F18-24	29	6:19:36	0:31:57	0:07:02	3:09:19	0:05:48	2:25:31	United Kingdom	
0923f5a2-8c9d-f111-b8db-6045bd024750	964	Iona Lester	F	F18-24	30	6:19:45	0:40:42	0:08:20	3:20:13	0:06:23	2:04:07	United Kingdom	
6cf9557e-bace-f011-bbd3-000d3a5cf7d8	965	Grace Smart	F	F30-34	23	6:19:47	0:39:13	0:07:20	3:27:56	0:04:07	2:01:12	United Kingdom	
b163ba8c-03b4-f011-bbd3-000d3a5cf7d8	966	Thomas Stokeld	M	M18-24	157	6:19:49	0:39:30	0:11:51	3:27:40	0:08:12	1:52:37	United Kingdom	
61fbb11e-f545-4362-89ba-a00bba557d55	967	Alia Muhanna	F	F25-29	51	6:19:51	0:46:31	0:12:05	3:25:16	0:09:45	1:46:14	United Kingdom	
41e33a38-7dec-f011-8544-0022480c370f	968	Zachary Mckibbin-Lloyd	M	M30-34	164	6:20:01	0:39:21	0:07:30	3:19:23	0:06:28	2:07:19	United Kingdom	
4fff3c80-66a1-4006-816e-6e0e0db659e0	969	Stephen Ward	M	M45-49	51	6:20:02	0:34:53	0:09:42	2:58:57	0:06:08	2:30:22	United Kingdom	
6b795c04-aa19-f111-8341-002248046ec8	970	Ned Black	M	M18-24	158	6:20:06	0:40:04	0:08:09	3:10:09	0:05:02	2:16:42	United Kingdom	
73d03826-7c11-f111-8406-0022480a5755	971	Richard Burton	M	M18-24	159	6:20:11	0:41:01	0:08:58	3:20:28	0:04:59	2:04:47	United Kingdom	
bd923b0d-08a5-f011-bbd3-0022480a7385	972	Michael Osman	M	M35-39	123	6:20:21	0:38:20	0:08:57	3:22:06	0:05:12	2:05:46	United Kingdom	
9ca1689a-1e46-f011-877a-6045bd05fcc1	973	Zachary Michael	M	M18-24	160	6:20:22	0:29:19	0:07:32	3:37:32	0:09:11	1:56:48	United Kingdom	
41fc2a1b-68a6-f011-bbd3-000d3a3173b5	974	Edward Belson	M	M25-29	192	6:20:25	0:41:59	0:07:13	3:12:20	0:07:26	2:11:27	United Kingdom	
9d2ec302-cef2-458f-b761-006843bc479a	975	Jean-Marc Morel	M	M50-54	27	6:20:33	0:37:14	0:11:02	3:14:34	0:07:44	2:10:00	South Africa	
885927a4-7cc5-f011-bbd3-000d3a5b50ba	976	John Donnelly	M	M25-29	193	6:20:37	0:35:48	0:09:15	3:20:46	0:06:35	2:08:13	Ireland	
bb438d84-8f38-4a1a-b43f-3af98dd66cd5	977	John Evans	M	M45-49	52	6:20:41	0:41:36	0:07:18	3:11:12	0:06:32	2:14:03	United Kingdom	
3352ba12-1fa5-f011-bbd3-000d3a3173b5	978	Tom Beal	M	M25-29	194	6:20:44	0:37:31	0:11:49	3:22:56	0:07:37	2:00:51	United Kingdom	
bba7e671-7d0d-f111-8406-0022480b3ee9	979	Alex Scott	M	M40-44	85	6:20:45	0:39:33	0:08:02	3:11:13	0:05:56	2:16:01	United Kingdom	
34cf13fc-04b5-f011-bbd2-00224803e13c	980	Albert Hill		M25-29	195	6:20:47	0:44:22	0:09:37	3:38:33	0:07:23	1:40:52	United Kingdom	
47d719ac-0ee7-f011-8544-0022480c097c	981	Daniel Gannicott	M	M30-34	165	6:20:51	0:40:29	0:07:57	3:15:38	0:06:01	2:10:46	United Kingdom	
8732a7a6-cea8-f011-bbd2-000d3a5a7793	982	Kieran Searle	M	M25-29	196	6:20:51	0:38:35	0:07:30	3:21:48	0:06:37	2:06:20	United Kingdom	
4bfceade-2845-4548-bd0a-d959b0b6ccc9	983	Pierre Dezoomer	M	M30-34	166	6:20:57	0:39:24	0:06:46	3:13:49	0:04:51	2:16:07	France	
10177ed5-de46-f011-8779-000d3a5c7ea4	984	Hannah Roe	F	F35-39	11	6:21:00	0:44:36	0:07:41	3:22:06	0:06:03	2:00:34	United Kingdom	
88e6acc1-cd08-f111-8406-6045bd08b1a2	985	Nely Georgiou	F	F18-24	31	6:21:10	0:49:43	0:07:51	3:23:24	0:03:54	1:56:18	Cyprus	
8161223b-884f-f011-877a-000d3a5b7c3b	986	Benjamin Grether	M	M30-34	167	6:21:11	0:51:19	0:07:19	3:28:46	0:02:58	1:50:49	Germany	
76315287-4700-f111-8406-0022480994c2	987	Harrison Pote	M	M18-24	161	6:21:13	0:39:50	0:07:48	3:19:14	0:05:01	2:09:19	United Kingdom	
bf1a4979-bdcf-f011-bbd3-000d3a5b50ba	988	Isabel Harber	F	F18-24	32	6:21:24	0:32:41	0:07:35	3:24:44	0:04:11	2:12:14	United Kingdom	
d5f3a9cf-8bed-f011-8544-00224805e61c	989	Josh Croxford	M	M35-39	124	6:21:33	0:41:39	0:09:33	3:24:08	0:04:46	2:01:27	United Kingdom	
e5894eb0-830a-f111-8406-0022480b35b6	990	Michael Lewis	M	M30-34	168	6:21:38	0:35:15	0:06:59	3:13:31	0:06:11	2:19:41	United Kingdom	
65a2f71b-02c7-f011-bbd2-0022480a3726	991	Luke Jordan	M	M25-29	197	6:21:52	0:42:07	0:08:18	3:32:40	0:07:10	1:51:37	United Kingdom	
a7c5d291-da62-ef11-bfe3-00224808301f	992	Tarian Vaughan	M	M18-24	162	6:21:55	0:34:06	0:07:14	3:14:58	0:04:43	2:20:53	United Kingdom	
7da992d5-0da5-f011-bbd3-6045bd05fcc1	993	David Platt	M	M35-39	125	6:22:02	0:35:05	0:09:43	3:18:59	0:05:24	2:12:52	United Kingdom	
96790512-51a5-f011-bbd3-000d3a5b7c3b	994	Helen Marlow	F	F30-34	24	6:22:04	0:41:07	0:07:28	3:23:10	0:03:55	2:06:24	United Kingdom	
d04c39a2-c6c0-f011-bbd3-000d3a5cf7d8	995	Dinkar Bhagade	M	M25-29	198	6:22:08	0:47:40	0:07:27	3:25:54	0:05:39	1:55:29	India	
786bf920-65bd-f011-bbd2-000d3a5b7c3b	996	Gilan Kelly	M	M35-39	126	6:22:14	0:46:47	0:07:07	3:14:15	0:05:32	2:08:33	United Kingdom	
ff4aaddb-411b-f111-8341-0022480994c2	997	Joseph Ashton	M	M18-24	163	6:22:15	0:45:01	0:09:26	3:21:08	0:07:44	1:58:56	United Kingdom	
5d5e602f-59c6-f011-bbd2-000d3a5b7c3b	998	Thomas Taylor	M	M18-24	164	6:22:17	0:38:19	0:08:05	3:30:50	0:05:01	2:00:02	United Kingdom	
c26b9dae-4eb2-f011-bbd3-6045bd05fcc1	999	Mark Stewart	M	M40-44	86	6:22:20	0:43:14	0:09:35	3:30:35	0:04:33	1:54:23	United Kingdom	
005b99a3-0d92-ef11-ac21-000d3a5a1803	1000	Kevin Mc Donnell	M	M50-54	28	6:22:27	0:44:08	0:10:10	3:10:20	0:05:52	2:11:57	Ireland	
bd7bc202-bd74-f011-bec3-000d3a5b50ba	1001	Macauley Fenton		M30-34	169	6:22:29	0:54:01	0:09:59	3:16:19	0:05:19	1:56:52	United Kingdom	
486a1716-6ca4-f011-bbd3-6045bd09951e	1002	Thomas Gregg	M	M25-29	199	6:22:50	0:36:02	0:08:50	3:24:31	0:07:06	2:06:21	United Kingdom	
dada8719-dd59-f011-bec1-000d3a5b7c3b	1003	Alexis Barbieri	M	M25-29	200	6:23:07	0:40:59	0:06:15	3:17:06	0:03:59	2:14:49	France	
5f1a1936-46ac-f011-bbd3-000d3a5b7c3b	1004	Harry Garrod	M	M18-24	165	6:23:16	1:00:27	0:07:22	3:15:25	0:05:42	1:54:19	United Kingdom	
0aadc11a-bc6a-ef11-bfe3-6045bd0953ac	1005	Christopher Roper	M	M30-34	170	6:23:21	0:38:06	0:10:54	3:19:03	0:07:32	2:07:46	United Kingdom	
22c27b19-853c-43dc-b309-9568d352d384	1006	Fiona Betts	F	F55-59	1	6:23:23	0:40:36	0:08:36	3:25:38	0:06:39	2:01:54	United Kingdom	
ea5555cb-4f0a-f111-8406-6045bd08b1a2	1007	Russell Smith	M	M18-24	166	6:23:24	0:43:12	0:07:58	3:17:43	0:08:00	2:06:31	United States	
4c81f8e5-e810-f111-8406-000d3a355e28	1008	Karena Bahsoon	F	F25-29	52	6:23:49	0:43:26	0:06:39	3:23:13	0:03:07	2:07:26	United Kingdom	
6e4d37e2-d1d1-f011-bbd3-000d3a35ffc1	1009	Joey Burton	M	M18-24	167	6:24:01	0:36:38	0:06:35	3:36:01	0:04:46	2:00:03	United Kingdom	
9e5dda9d-dd90-f011-b4cc-000d3a3173b5	1010	Owain Turner	M	M25-29	201	6:24:03	0:41:35	0:08:31	3:32:53	0:05:15	1:55:48	United Kingdom	
3a9e1d74-63a5-f011-bbd3-0022480a7385	1011	Richard Harriford	M	M40-44	87	6:24:08	0:42:04	0:07:14	3:22:21	0:04:26	2:08:03	United Kingdom	
3ee3f9bb-d5b9-f011-bbd3-000d3a5cf7d8	1012	Jordan Biggins	M	M25-29	202	6:24:10	0:40:27	0:10:22	3:15:48	0:06:35	2:10:57	United Kingdom	
429ad00a-d0e8-f011-8544-000d3a5cf7d8	1013	Sam Parrish	M	M30-34	171	6:24:11	0:34:41	0:10:11	3:32:44	0:10:39	1:55:56	United Kingdom	
1871bc23-4deb-f011-8544-000d3a5b50ba	1014	aaron troung	M	M25-29	203	6:24:13	0:39:45	0:10:11	3:12:02	0:08:25	2:13:50	United Kingdom	
8bedd4be-a9a9-ef11-b8e9-000d3a3126fd	1015	Michael Fagan	M	M25-29	204	6:24:15	0:40:38	0:12:01	3:21:18	0:04:55	2:05:22	United Kingdom	
9ddd904c-08a5-f011-bbd3-000d3a3173b5	1016	Rhys Jones	M	M30-34	172	6:24:17	0:32:19	0:07:17	3:40:28	0:04:38	1:59:35	United Kingdom	
7190b720-3816-f111-8341-0022480b88da	1017	Peter Horne	M	M45-49	53	6:24:21	0:42:32	0:11:56	3:11:17	0:06:37	2:12:00	United Kingdom	
1e057546-65e6-f011-8544-000d3a5cf7d8	1018	Tom Ogg	M	M25-29	205	6:24:23	0:39:42	0:07:13	3:32:41	0:05:50	1:58:56	United Kingdom	
36506470-2ea5-f011-bbd3-000d3a3173b5	1019	Andrea Vicente Duran	F	F25-29	53	6:24:32	0:43:10	0:07:35	3:15:16	0:08:34	2:09:57	United Kingdom	
2dae2235-8fc0-f011-bbd3-6045bd09951e	1020	Alan Turner	M	M35-39	127	6:24:32	0:34:06	0:07:16	3:21:25	0:08:07	2:13:38	United Kingdom	
80e6650f-9fb8-f011-bbd2-00224808b75f	1021	Matt Harris	M	M45-49	54	6:24:37	0:54:23	0:09:10	3:19:02	0:06:50	1:55:12	United Kingdom	
3a0be06b-0fa5-f011-bbd3-000d3a5b7c3b	1022	Matt Wells	M	M25-29	206	6:24:56	0:34:36	0:06:39	3:14:20	0:05:33	2:23:48	United Kingdom	
4b6fb3e7-7afb-f011-8406-0022480b3ee9	1023	Thomas Jorgensen	M	M25-29	207	6:25:00	0:40:32	0:09:39	3:13:41	0:07:34	2:13:33	United Kingdom	
e8f5405d-0ab1-f011-bbd3-6045bd05fcc1	1024	Richard Morgan	M	M40-44	88	6:25:14	0:40:44	0:10:11	3:19:46	0:05:43	2:08:49	United Kingdom	
1f2a05ef-fef5-ef11-9341-6045bd079c86	1025	Kieran Garlick	M	M30-34	173	6:25:16	0:33:09	0:06:44	3:16:05	0:09:34	2:19:45	United Kingdom	
eeb8c46f-9613-f111-8406-0022480b3ee9	1026	Samuel Littlejohn	M	M35-39	128	6:25:21	0:48:31	0:09:33	3:04:00	0:04:07	2:19:11	United Kingdom	
bdf90b6a-82af-f011-bbd3-000d3a5b7c3b	1027	Luke McCoy	M	M30-34	174	6:25:33	0:43:55	0:09:19	3:28:44	0:07:32	1:56:04	Ireland	
8b7e02ef-0ba5-f011-bbd3-000d3a35ffc1	1028	Jack Richardson	M	M30-34	175	6:25:34	0:42:52	0:08:22	3:18:29	0:05:08	2:10:44	United Kingdom	
34ffa138-95b8-f011-bbd2-000d3a5b7c3b	1029	Emily Gent	F	F25-29	54	6:25:36	0:41:45	0:06:52	3:29:36	0:04:44	2:02:39	United Kingdom	
c5d4bb77-a30a-f111-8406-0022480b84a3	1030	Claudia Cole	F	F30-34	25	6:25:36	0:33:48	0:06:50	3:27:04	0:04:56	2:12:58	United Kingdom	
aea5c67a-9cde-f011-8544-6045bd09951e	1031	Muhammad fadhli Al nassir	M	M18-24	168	6:25:38	0:42:57	0:09:35	3:17:47	0:07:49	2:07:30	Malaysia	
f1e2d0bd-19a5-f011-bbd3-6045bd09951e	1032	Hatim LAHGAZI	M	M40-44	89	6:25:40	0:47:37	0:12:30	3:21:14	0:11:06	1:53:12	United Kingdom	
8073a2bc-8ce2-f011-8543-000d3a5b5fc7	1033	Mark Hellyn	M	M40-44	90	6:25:46	0:43:32	0:10:19	3:02:48	0:07:20	2:21:48	United Kingdom	
44f3c4c2-07a5-f011-bbd3-6045bd05fcc1	1034	Molly Jackman	F	F25-29	55	6:25:57	0:35:13	0:07:37	3:44:14	0:04:38	1:54:15	United Kingdom	
f22add5b-0d2a-4517-be59-7a00715ae697	1035	Nino Toto	M	M40-44	91	6:26:06	0:59:15	0:13:19	2:54:05	0:08:11	2:11:17	United Kingdom	
20b7a0b3-9dc1-f011-bbd2-000d3a5b7c3b	1036	Travis Buckley	M	M30-34	176	6:26:10	0:39:57	0:06:34	3:11:44	0:05:42	2:22:13	Ireland	
acee6527-39bf-f011-bbd3-000d3a5b50ba	1037	Michael Humpage	M	M30-34	177	6:26:10	0:41:16	0:10:29	3:25:19	0:07:53	2:01:13	United Kingdom	
933082db-f06a-f011-bec3-6045bd09951e	1038	Henry Maynard	M	M18-24	169	6:26:12	0:49:37	0:08:50	3:07:40	0:04:56	2:15:09	United Kingdom	
4188fa13-dc60-f011-bec3-0022480a7385	1039	Kayleigh Goodwin	F	F18-24	33	6:26:19	0:44:55	0:07:03	3:34:51	0:04:22	1:55:09	United Kingdom	
b9091812-3fe2-f011-8544-0022480a7385	1040	Harley Patton	M	M25-29	208	6:26:26	0:48:30	0:11:30	3:21:54	0:06:18	1:58:15	United Kingdom	
0e4db126-9292-41a7-acb2-0d1c144dd6a9	1041	Thomas Randall	M	M35-39	129	6:26:33	0:40:59	0:10:52	3:23:33	0:08:11	2:02:58	United Kingdom	
663bb33d-5bc0-f011-bbd3-6045bd05fcc1	1042	Joe French	M	M18-24	170	6:26:35	0:48:57	0:08:19	3:10:42	0:03:56	2:14:40	United Kingdom	
f2892441-8905-f111-8406-0022480a5755	1043	Robert Van Thal	M	M45-49	55	6:26:35	0:39:09	0:07:19	3:21:56	0:05:35	2:12:35	United Kingdom	
91f95f85-8c60-f011-bec3-000d3a35ffc1	1044	Josh Coombs	M	M35-39	130	6:26:37	0:38:21	0:10:02	3:15:41	0:09:05	2:13:28	United Kingdom	
9190aa67-10a5-f011-bbd2-6045bd026214	1045	Daniel Marsh	M	M35-39	131	6:26:51	0:46:32	0:10:47	3:14:42	0:04:14	2:10:36	United Kingdom	
ac33433d-2704-4935-b5c3-bbeec2815691	1046	Iain Mills	M	M60-64	18	6:26:52	0:39:29	0:08:05	3:12:20	0:07:46	2:19:11	United Kingdom	
8e4222a0-29d7-f011-8544-0022480a7385	1047	Joshua Halyckyj-Smith	M	M25-29	209	6:26:57	0:42:14	0:09:32	3:19:02	0:06:12	2:09:57	United Kingdom	
ea62a550-c413-48a5-bbe9-f4bb3be7d564	1048	Luke Thorne	M	M30-34	178	6:27:04	0:35:58	0:07:53	3:21:55	0:05:06	2:16:12	United Kingdom	
be3b0f27-72da-f011-8544-0022480c097c	1049	Daniel Harvey	M	M30-34	179	6:27:12	0:48:15	0:08:28	3:05:02	0:05:42	2:19:45	United Kingdom	
cdb2fce1-264d-f011-877a-0022480a7385	1050	Elizabeth Morrell	F	F25-29	56	6:27:13	0:42:30	0:09:49	3:19:36	0:06:14	2:09:03	United Kingdom	
72c09dc5-1dce-f011-bbd3-6045bd05fcc1	1051	Colin Wood	M	M25-29	210	6:27:21	0:31:43	0:07:11	3:30:07	0:05:58	2:12:22	United Kingdom	
c5c65cd7-33c9-40ca-bc2d-129526792c58	1052	Scott Cargill	M	M45-49	56	6:27:22	0:40:36	0:08:44	3:20:11	0:06:07	2:11:44	United Kingdom	
87ee4b95-3883-4b57-9f16-1e0ae2200078	1053	Andy Riley	M	M50-54	29	6:27:31	0:35:08	0:08:10	3:56:01	0:05:34	1:42:38	United Kingdom	
47dc79ef-4dd7-f011-8543-000d3a5b5fc7	1054	William Howard	M	M18-24	171	6:27:31	0:39:42	0:09:12	3:22:42	0:05:05	2:10:51	United Kingdom	
9f7fc5fa-2eea-f011-8543-000d3a5b5fc7	1055	Gorgi Makazliev	M	M18-24	172	6:27:36	0:37:59	0:09:55	3:32:48	0:07:40	1:59:14	North Macedonia	
e673073c-4b1a-f111-8341-0022480a5755	1056	John Gabbie	M	M30-34	180	6:27:39	0:41:38	0:09:59	3:16:03	0:06:07	2:13:52	Ireland	
4b9ea621-4b7f-4a68-8ece-3184e46f15b9	1057	Anna Moss	F	F35-39	12	6:27:42	0:38:14	0:07:37	3:35:50	0:06:31	1:59:30	United Kingdom	
45d59009-8cc7-f011-bbd3-000d3a3173b5	1058	Tom Wesson	M	M35-39	132	6:27:47	0:39:41	0:08:47	3:12:54	0:08:17	2:18:07	United Kingdom	
eb44bd39-7cb9-f011-bbd3-000d3a3173b5	1059	Jordan Pledger	M	M25-29	211	6:27:51	0:49:17	0:10:50	3:10:07	0:08:49	2:08:49	United Kingdom	
c032adb3-99b9-f011-bbd2-6045bd0050a6	1060	Richard Bisson	M	M50-54	30	6:27:54	0:46:15	0:09:35	3:38:07	0:07:01	1:46:57	United Kingdom	
02815b0c-32a5-f011-bbd3-6045bd05fcc1	1061	Josie Parry	F	F25-29	57	6:28:08	0:39:35	0:09:04	3:18:55	0:06:38	2:13:55	United Kingdom	
b56053fb-0205-f111-8406-0022480b35b6	1062	Joel Hodgson	M	M30-34	181	6:28:13	0:46:44	0:09:28	3:31:59	0:04:31	1:55:31	United Kingdom	
c14ce7bc-e304-4aaa-9a25-2f49b113cdb8	1063	Biswajit Chakraborty	M	M45-49	57	6:28:15	0:45:05	0:07:38	3:30:13	0:05:12	2:00:06	United Kingdom	
e9c79ed5-6d68-f011-bec3-6045bd09951e	1064	James Trowbridge	M	M25-29	212	6:28:22	0:41:32	0:09:44	3:42:33	0:05:50	1:48:42	United Kingdom	
79ee4bb6-7a1c-f111-8341-6045bd042748	1065	Tom Jeffers		M18-24	173	6:28:25	0:40:26	0:11:33	3:24:50	0:06:23	2:05:13	United Kingdom	
e328e0bf-9c04-467a-8e83-df39b9c68276	1066	John Wiles	M	M35-39	133	6:28:47	0:43:43	0:10:33	3:22:54	0:06:08	2:05:29	United Kingdom	
e0100c8a-3b08-f111-8406-0022480b35b6	1067	Emma Simpson	F	F30-34	26	6:28:59	0:39:31	0:09:08	3:29:46	0:05:43	2:04:50	United Kingdom	
e1bfb084-e6f7-f011-8406-000d3a311ad9	1068	Gretchen Ruschman	F	F25-29	58	6:29:03	0:45:57	0:09:37	3:18:46	0:07:48	2:06:55	United States	
062acfd0-bc82-ed11-81ad-000d3a314329	1069	Nicholas Pulman	M	M25-29	213	6:29:04	0:38:04	0:08:02	3:09:36	0:06:38	2:26:44	United Kingdom	
89c35a23-f0c0-f011-bbd3-000d3a3173b5	1070	Scott de Weymarn	M	M30-34	182	6:29:06	0:42:12	0:11:10	3:26:32	0:07:23	2:01:49	United Kingdom	
b4f03256-9314-ef11-9f89-00224805a63a	1071	Jay Sutherland	M	M35-39	134	6:29:08	0:54:47	0:11:06	3:05:10	0:08:51	2:09:14	United Kingdom	
482c3903-5c94-ef11-8a6a-002248049fdc	1072	Holly Willis	F	F25-29	59	6:29:11	0:39:21	0:10:32	3:16:09	0:07:23	2:15:45	United Kingdom	
62e8c05d-837d-4d9d-92c5-e54d8ac0faf8	1073	Stefan Woronka	M	M50-54	31	6:29:12	0:39:28	0:10:13	3:16:33	0:05:31	2:17:27	Germany	
835156f7-1bce-f011-bbd2-000d3a5b5fc7	1074	Sam O'Brien West	M	M30-34	183	6:29:35	0:40:09	0:07:42	3:38:31	0:05:33	1:57:39	United Kingdom	
865e443e-a9e5-f011-8544-0022480c097c	1075	Ray Saunders	M	M50-54	32	6:29:37	0:43:34	0:09:20	3:26:14	0:05:52	2:04:39	United Kingdom	
2345e43c-540e-f011-9988-000d3a5b50ba	1076	Ben Moseley	M	M25-29	214	6:29:38	0:39:23	0:06:18	3:20:17	0:06:16	2:17:25	United Kingdom	
fdcd4532-37ad-4f06-989e-e97dcf0efa70	1077	Daniel Grierson-Jackson	M	M35-39	135	6:30:06	0:37:11	0:07:11	3:18:18	0:07:08	2:20:18	United Kingdom	
e5c4f0a8-9316-f111-8341-0022480b3ee9	1078	Alex Scott	M	M30-34	184	6:30:08	0:28:53	0:08:52	3:18:09	0:10:37	2:23:38	United Kingdom	
acbff6cb-07a5-f011-bbd3-0022480c097c	1079	James McDermott	M	M18-24	174	6:30:21	0:38:32	0:07:31	3:29:55	0:05:57	2:08:26	United Kingdom	
57670d17-10a0-486e-8a63-b43aa8c65a02	1080	David Spry	M	M65-69	3	6:30:31	0:35:35	0:08:29	3:23:53	0:06:09	2:16:25	United Kingdom	
fcfd2f39-6f2d-ef11-840a-000d3a348633	1081	Edwina Banks	F	F30-34	27	6:30:32	0:47:18	0:08:26	3:35:14	0:03:59	1:55:35	United Kingdom	
36a8aad5-0aa5-f011-bbd3-0022480a7385	1082	Jay Jensen	M	M25-29	215	6:30:36	0:48:32	0:08:03	3:19:52	0:05:57	2:08:13	United Kingdom	
83eee43e-6883-ef11-ac21-002248049fdc	1083	Kate Follows	F	F50-54	2	6:30:42	0:46:22	0:07:11	3:16:38	0:04:41	2:15:51	United Kingdom	
2b2adeb2-0ba5-f011-bbd3-000d3a35ffc1	1084	Keith Dennis	M	M45-49	58	6:30:50	0:50:40	0:10:11	3:18:41	0:07:30	2:03:47	United Kingdom	
739fda66-55ae-ef11-b8e8-000d3a5ae96c	1085	Lizzy Doyle	F	F30-34	28	6:30:52	0:39:28	0:08:27	3:24:21	0:06:39	2:11:56	United Kingdom	
4a2a6364-3fb8-f011-bbd3-000d3a5b50ba	1086	Dmytro Kozhara	M	M35-39	136	6:31:06	0:53:36	0:10:42	3:16:14	0:04:38	2:05:56	Ukraine	
bf4a0e85-45b0-f011-bbd3-000d3a3173b5	1087	Chris Whellams	M	M35-39	137	6:31:13	0:38:57	0:08:04	3:25:59	0:03:23	2:14:51	United Kingdom	
ae2d12cd-1fd2-f011-8543-6045bd01e87a	1088	Mitchell Baugh	M	M25-29	216	6:31:14	0:47:55	0:08:38	3:18:57	0:04:47	2:10:57	United Kingdom	
a4c96724-28a5-f011-bbd3-0022480c097c	1089	Tony Muir	M	M30-34	185	6:31:22	0:37:50	0:06:03	3:10:35	0:04:03	2:32:50	United Kingdom	
aeb5e297-36c2-f011-bbd3-000d3a3173b5	1090	Daniel Monham	M	M45-49	59	6:31:23	0:48:48	0:09:10	3:21:11	0:06:45	2:05:28	United Kingdom	
2e1920c9-6515-f111-8341-002248046451	1091	Abbey Russell	F	F30-34	29	6:31:25	0:43:05	0:08:14	3:22:51	0:06:08	2:11:07	United Kingdom	
5dd19a6d-9905-f111-8406-0022480b35b6	1092	Daisy Wimberley	F	F18-24	34	6:31:29	0:46:44	0:08:51	3:20:55	0:04:06	2:10:53	United Kingdom	
6b65d98a-ef9f-f011-b41c-000d3a5b7c3b	1093	Aaron Runnacles	M	M35-39	138	6:31:38	0:47:30	0:09:41	3:20:59	0:08:54	2:04:34	United Kingdom	
34aa6c74-3fdc-f011-8544-6045bd05f634	1094	James Howell	M	M25-29	217	6:31:38	0:36:10	0:09:13	3:17:10	0:08:01	2:21:04	United Kingdom	
b5c7f012-10a5-f011-bbd3-000d3a5b50ba	1095	Alfie Etheridge	M	M25-29	218	6:31:45	0:41:36	0:09:53	3:30:21	0:04:27	2:05:28	United Kingdom	
4507aaf7-e988-f011-b4cc-6045bd05f634	1096	Leonard Frost	M	M25-29	219	6:31:46	0:43:08	0:10:38	3:21:01	0:07:05	2:09:54	United Kingdom	
d591c4a0-4d61-ef11-bfe3-000d3a3b4ec1	1097	Alexis Inguanez	M	M45-49	60	6:31:51	0:42:50	0:10:36	3:17:58	0:06:25	2:14:01	Malta	
be6705ea-6aaf-f011-bbd3-0022480c097c	1098	Tom Williamson	M	M25-29	220	6:31:52	0:40:12	0:07:23	3:22:03	0:04:38	2:17:36	United Kingdom	
8c01369a-08a5-f011-bbd3-000d3a5b7c3b	1099	Ed Seymour	M	M30-34	186	6:32:23	0:43:41	0:06:19	3:35:06	0:04:35	2:02:42	United Kingdom	
76c7a40d-36fe-f011-8406-002248081bd6	1100	Robert Beevers	M	M18-24	175	6:32:26	0:39:37	0:08:03	3:43:56	0:05:30	1:55:19	United Kingdom	
d3dc937b-5ba7-f011-bbd3-000d3a5cf7d8	1101	Timothy James	M	M50-54	33	6:32:27	0:41:33	0:08:40	3:33:39	0:05:15	2:03:20	United Kingdom	
75253842-6702-4e44-a417-37ee3855727b	1102	Richie Long	M	M45-49	61	6:32:29	0:37:07	0:08:01	3:12:53	0:05:46	2:28:42	Switzerland	
4b5d420d-f738-ee11-bdf4-000d3a31440b	1103	Luke Osmond		M30-34	187	6:32:33	0:45:50	0:09:31	3:14:14	0:05:28	2:17:30	United Kingdom	
b15fc798-8dbc-40b8-9065-b1eff30391ee	1104	Andy Velhosh	M	M45-49	62	6:32:41	0:42:20	0:09:29	3:23:26	0:06:32	2:10:53	Ukraine	
ca766d15-2aeb-f011-8544-000d3a5b7c3b	1105	Mat Wilson	M	M50-54	34	6:32:42	0:37:55	0:07:40	3:16:17	0:04:20	2:26:29	United Kingdom	
9aefb463-b031-42ae-b011-3845c48c1429	1106	Tamsin Warr	F	F30-34	30	6:32:47	0:36:37	0:06:33	3:16:15	0:03:54	2:29:28	United Kingdom	
6ecd95f3-6be2-f011-8543-6045bd05fcc1	1107	Harriet Simpson	F	F25-29	60	6:32:48	0:47:23	0:07:44	3:37:40	0:06:15	1:53:46	United Kingdom	
339b6a51-7aa8-f011-bbd3-6045bd05fcc1	1108	James Phillips	M	M18-24	176	6:32:49	0:46:49	0:08:27	3:26:26	0:04:35	2:06:33	Bahrain	
615ad8be-0ecb-44e5-991a-99d0883d4a15	1109	Clair Turner	F	F50-54	3	6:32:51	0:46:53	0:08:37	3:17:21	0:05:52	2:14:08	United Kingdom	
5215490b-12a5-f011-bbd3-000d3a5cf7d8	1110	Eloise Thurman	F	F25-29	61	6:33:07	0:39:23	0:12:13	3:13:57	0:07:14	2:20:20	United Kingdom	
1c363b3f-96ab-f011-bbd3-000d3a35ffc1	1111	Kendal Andreason	F	F40-44	11	6:33:16	0:39:14	0:07:31	3:21:04	0:05:16	2:20:11	United Kingdom	
f7e39357-8bd5-ef11-8ee9-000d3a5ae96c	1112	Adam Cobbold	M	M18-24	177	6:33:31	0:36:45	0:08:30	3:20:23	0:03:38	2:24:15	United Kingdom	
09d385c7-82d6-f011-8544-000d3a5b7c3b	1113	Jennie Thomas	F	F45-49	8	6:33:39	0:42:24	0:09:24	3:23:50	0:09:35	2:08:25	United Kingdom	
b891dde6-5dda-4f5d-a3c2-98670c21f341	1114	Sophie Brown	F	F45-49	9	6:33:52	0:42:05	0:07:46	3:25:58	0:06:54	2:11:08	United Kingdom	
9480a6d3-8ce2-f011-8544-000d3a5b50ba	1115	Alexander Langford-Pollard	M	M30-34	188	6:34:04	0:38:31	0:07:34	3:20:51	0:05:37	2:21:31	United Kingdom	
fa3bbe01-8d05-f111-8406-0022480b35b6	1116	Andrina Kreis	F	F25-29	62	6:34:06	0:34:31	0:10:49	3:18:15	0:06:08	2:24:23	Switzerland	
ac317c35-3b7c-ef11-a670-6045bd048089	1117	James Simons	M	M50-54	35	6:34:07	0:35:44	0:07:38	3:15:05	0:04:59	2:30:42	United Kingdom	
6cc5dc17-f4eb-f011-8544-0022480a7385	1118	Emma Baker	F	F40-44	12	6:34:16	0:51:12	0:12:18	3:26:55	0:06:35	1:57:17	United Kingdom	
3be5c227-f3e2-4bdf-892e-5e0d26d6c114	1119	David Taylor	M	M50-54	36	6:34:18	0:40:06	0:08:38	3:11:20	0:06:55	2:27:19	United Kingdom	
42da97d7-cc93-f011-b4cc-000d3a35ffc1	1120	Conor Allen	M	M30-34	189	6:34:21	0:39:25	0:07:38	3:18:50	0:04:56	2:23:31	United Kingdom	
4e2a6a7f-f60d-f111-8406-002248046ec8	1121	Tom McCoy	M	M25-29	221	6:34:25	0:44:39	0:12:49	3:21:44	0:09:26	2:05:46	United Kingdom	
925f63d8-bca5-f011-bbd3-6045bd05fcc1	1122	Patrick McPeake	M	M35-39	139	6:34:29	0:46:42	0:07:06	3:26:47	0:04:02	2:09:52	United Kingdom	
a5060d5a-0aa5-f011-bbd3-6045bd05f634	1123	Christopher Cooksley	M	M30-34	190	6:34:32	0:43:19	0:12:33	3:30:35	0:07:01	2:01:04	United Kingdom	
7b5fb91c-f2e7-f011-8544-6045bd09951e	1124	Liberty Young	F	F18-24	35	6:34:36	0:46:08	0:08:02	3:27:10	0:05:26	2:07:51	United Kingdom	
9ff33fb1-f23f-4565-8192-59c7ca1f4ae2	1125	Sean Wright	M	M30-34	191	6:34:43	0:43:01	0:08:58	3:34:26	0:07:47	2:00:30	United Kingdom	
0190e785-bb1b-f111-8341-002248081bd6	1126	Arthur Vickers	M	M25-29	222	6:34:44	0:42:31	0:10:03	3:37:54	0:05:00	1:59:15	United Kingdom	
ab55006f-13d3-4aff-9d2e-df77ae8206dd	1127	Julie Marschner	F	F45-49	10	6:34:44	0:35:50	0:07:32	3:20:23	0:05:01	2:25:58	United States	
f84d4483-42cc-f011-bbd3-000d3a5cf7d8	1128	william mcbride	M	M40-44	92	6:34:50	0:49:07	0:08:16	3:26:23	0:07:39	2:03:24	Ireland	
e2ab9f72-2fbe-f011-bbd2-000d3a5b7c3b	1129	James Bohrsmann	M	M35-39	140	6:35:09	0:46:44	0:12:32	3:22:02	0:05:29	2:08:22	United Kingdom	
87f2ebe7-4d0b-f111-8406-0022480b84a3	1130	Charlene Groenewald	F	F50-54	4	6:35:09	0:52:36	0:10:31	3:19:57	0:07:04	2:05:01	South Africa	
17f7eee6-fe4c-4043-85c0-c9067192e58d	1131	John Allen	M	M60-64	19	6:35:12	0:39:31	0:09:46	3:20:32	0:06:19	2:19:05	United Kingdom	
c0cfa0de-07ca-f011-bbd3-000d3a5b7c3b	1132	Shaun Osbourne	M	M40-44	93	6:35:20	0:43:16	0:08:09	3:06:23	0:05:08	2:32:24	United Kingdom	
b00bfb41-d6e0-ef11-8ee9-000d3a592251	1133	Sam Gill	M	M25-29	223	6:35:29	0:38:36	0:08:50	3:20:27	0:04:29	2:23:07	United Kingdom	
f0779495-b200-ef11-a1fe-000d3a314d17	1134	Jonathan Cummings	M	M40-44	94	6:35:33	0:48:19	0:07:56	3:24:41	0:05:19	2:09:19	United Kingdom	
a6ef970d-f3b3-f011-bbd3-000d3a3173b5	1135	Ingrid Stone	F	F45-49	11	6:36:03	0:37:01	0:08:43	3:30:27	0:07:29	2:12:22	Falkland Islands	
fa02c4a1-98c5-f011-bbd3-000d3a3173b5	1136	Ross Irvine	M	M30-34	192	6:36:14	0:39:38	0:05:53	3:50:12	0:02:51	1:57:40	Ireland	
32fe2340-46b0-f011-bbd3-000d3a3173b5	1137	Michal Kowalski	M	M35-39	141	6:36:31	0:41:20	0:10:04	3:16:24	0:06:28	2:22:16	Poland	
c0587d21-f384-f011-b4cc-000d3a5b7c3b	1138	Elizabeth Cheetham	F	F30-34	31	6:36:34	0:44:18	0:08:28	3:30:36	0:06:31	2:06:40	United Kingdom	
7504c654-6a86-f011-b4cc-0022480a7385	1139	Justin Lamport	M	M45-49	63	6:36:41	0:46:16	0:11:13	3:07:20	0:05:39	2:26:13	United Kingdom	
66f479d3-82a7-f011-bbd3-000d3a5b7c3b	1140	Ross Lasme	M	M30-34	193	6:36:41	0:42:24	0:08:09	3:16:38	0:06:34	2:22:55	United Kingdom	
5e4d5714-2c10-f111-8406-002248081bd6	1141	Matthew Stephens	M	M18-24	178	6:36:44	0:37:29	0:08:05	3:35:43	0:06:34	2:08:53	United Kingdom	
93aad88a-d2e8-f011-8543-000d3a5b5fc7	1142	Alex Wright	M	M30-34	194	6:36:45	0:39:11	0:09:24	3:17:57	0:05:45	2:24:27	United Kingdom	
97c2930d-01e0-f011-8544-000d3a5b7c3b	1143	Will Jack Robinson	M	M35-39	142	6:36:47	0:37:41	0:10:05	3:27:11	0:07:32	2:14:17	Jersey	
511398a9-09a5-f011-bbd3-6045bd09951e	1144	Katy Cross	F	F30-34	32	6:37:10	0:39:06	0:10:19	3:27:01	0:08:41	2:12:02	United Kingdom	
c644fef9-63e9-f011-8544-000d3a5b50ba	1145	Tom Saba	M	M18-24	179	6:37:10	0:36:56	0:08:09	3:40:28	0:07:34	2:04:04	United Kingdom	
64fe8dce-64ff-f011-8406-002248046ec8	1146	Daniel Burns	M	M30-34	195	6:37:11	0:52:56	0:14:17	3:15:38	0:04:27	2:09:54	United Kingdom	
e2b60115-88e6-f011-8544-6045bd05f634	1147	Callum Stewart	M	M25-29	224	6:37:18	0:42:33	0:10:17	3:18:18	0:08:33	2:17:36	United Kingdom	
3669227e-3565-ef11-bfe3-000d3a367177	1148	Lewis Griffin	M	M18-24	180	6:37:21	0:54:10	0:09:50	3:25:51	0:06:44	2:00:45	United Kingdom	
762b56f0-2eb4-f011-bbd2-000d3a59410f	1149	Kit Gordon Cumming	M	M25-29	225	6:37:21	0:50:22	0:09:54	3:30:28	0:05:11	2:01:26	United Kingdom	
f100c826-f2e3-f011-8544-000d3a35ffc1	1150	Kamila Lalmi	F	F25-29	63	6:37:22	0:46:49	0:07:56	3:36:00	0:06:51	1:59:45	United Kingdom	
2d3e8b1c-15b7-f011-bbd3-000d3a5b50ba	1151	Esther Lamsdale	F	F35-39	13	6:37:24	0:41:17	0:07:40	3:26:34	0:06:30	2:15:24	United Kingdom	
e3a03592-87de-4723-8afd-05823e511be9	1152	Ravi Joshi	M	M35-39	143	6:37:31	0:53:17	0:08:50	3:27:53	0:03:45	2:03:47	United Kingdom	
d61a535a-357d-ef11-a670-002248049fdc	1153	Helder Rodrigues	M	M40-44	95	6:37:44	0:48:17	0:10:44	3:09:51	0:09:15	2:19:38	United Kingdom	
a2c51e7d-eca4-f011-bbd3-6045bd05f634	1154	Darren Arnold	M	M40-44	96	6:37:48	0:45:52	0:10:03	3:25:47	0:08:51	2:07:14	United Kingdom	
2e2c8aa6-edd8-f011-8543-6045bd05fcc1	1155	Robert Davis	M	M30-34	196	6:38:02	0:43:53	0:08:15	3:18:41	0:04:27	2:22:45	United Kingdom	
dd2398cf-e8f5-453e-aad2-263fcfed05b4	1156	Tom Rides	M	M25-29	226	6:38:07	0:43:25	0:10:10	3:06:50	0:04:58	2:32:44	United Kingdom	
4ace529e-3967-f011-bec3-000d3a3173b5	1157	Reuben Swan	M	M30-34	197	6:38:22	0:41:57	0:11:52	3:32:43	0:04:05	2:07:44	United Kingdom	
b5e0fcae-0992-ef11-ac21-000d3a5a1803	1158	Jacqui Seall	F	F40-44	13	6:38:25	0:33:25	0:10:23	3:47:08	0:06:40	2:00:49	United Kingdom	
3aba97cc-70da-f011-8544-000d3a5cf7d8	1159	Chelsea Krist	F	F35-39	14	6:38:26	0:32:04	0:07:56	3:25:15	0:10:43	2:22:28	United States	
c382d344-4622-f111-8341-0022480b35b6	1160	Mark Schissler	M	M35-39	144	6:38:26	0:40:08	0:10:39	3:34:30	0:07:59	2:05:11	United States	
44be441b-41e6-f011-8544-002248098cfa	1161	Tegan Rickwood	F	F18-24	36	6:38:35	0:37:18	0:06:28	3:37:07	0:07:34	2:10:08	United Kingdom	
1593efd0-dad9-4718-8558-2337aeb0bc64	1162	Thomas Dollery	M	M45-49	64	6:38:35	0:38:58	0:08:17	3:28:39	0:05:02	2:17:39	United Kingdom	
f11b44c5-83a0-f011-b41c-6045bd09951e	1163	Liliia Dziatko	F	F18-24	37	6:38:38	0:40:55	0:06:50	3:06:03	0:05:53	2:38:57	Ukraine	
b85bea21-11a5-f011-bbd3-000d3a5b50ba	1164	Alan Petley	M	M40-44	97	6:38:49	0:46:43	0:08:57	3:33:42	0:03:42	2:05:47	United Kingdom	
dcd29ce6-3ac2-f011-bbd3-000d3a5cf7d8	1165	Adrian Way	M	M50-54	37	6:38:50	0:44:05	0:09:12	3:34:24	0:06:35	2:04:33	United Kingdom	
a747e508-2ebf-f011-bbd3-6045bd09951e	1166	Archie Bremner	M	M25-29	227	6:38:53	0:41:09	0:10:42	3:23:18	0:09:18	2:14:26	United Kingdom	
f47836e7-fd00-4230-871a-11b770b42277	1167	Carley Wilson	F	F35-39	15	6:39:00	0:38:08	0:06:02	3:21:56	0:04:41	2:28:13	United Kingdom	
a25d26f2-e0c0-f011-bbd3-000d3a3173b5	1168	Graeme Duff	M	M35-39	145	6:39:01	0:39:29	0:13:21	3:39:10	0:07:07	1:59:53	United Kingdom	
5141741e-0ba5-f011-bbd3-0022480c097c	1169	Lucy Hutley	F	F40-44	14	6:39:04	0:40:27	0:06:21	3:32:36	0:06:29	2:13:11	United Kingdom	
bd83f811-ba16-4f66-a24d-89259a4e22e8	1170	Sean Merritt	M	M60-64	20	6:39:06	0:37:50	0:07:19	3:24:50	0:04:41	2:24:26	United Kingdom	
f4605683-20a5-f011-bbd3-000d3a5b50ba	1171	Gracie Simons	F	F18-24	38	6:39:10	0:31:17	0:07:58	3:22:51	0:06:22	2:30:42	United Kingdom	
e44343ad-69e9-f011-8544-000d3a5cf7d8	1172	Oliver Nuttall	M	M18-24	181	6:39:19	0:50:35	0:09:30	3:20:47	0:04:51	2:13:35	United Kingdom	
ffe20dc0-16df-f011-8543-6045bd05fcc1	1173	Iona Bell	F	F18-24	39	6:39:23	0:29:49	0:08:12	3:43:11	0:07:44	2:10:27	United Kingdom	
38549c98-0014-f111-8406-002248081bd6	1174	Toby Madden	M	M25-29	228	6:39:29	0:43:48	0:08:37	3:23:30	0:04:41	2:18:54	United Kingdom	
5b7211d2-b5a5-f011-bbd3-000d3a5c3d6c	1175	Scott Cooper	M	M40-44	98	6:39:31	0:37:02	0:10:17	3:16:15	0:13:34	2:22:23	United Kingdom	
eae21f05-01f0-f011-8406-00224804742c	1176	Carlo Visser	M	M30-34	198	6:39:42	0:41:18	0:10:02	3:19:15	0:07:58	2:21:10	Netherlands	
f4735568-747c-f011-b4cc-6045bd05f634	1177	Theo Bubola	M	M25-29	229	6:39:51	0:47:36	0:08:35	3:33:42	0:07:27	2:02:31	France	
4c3edda6-51f1-f011-8407-6045bd09fcf5	1178	Hugo Warburton	M	M18-24	182	6:39:55	0:42:21	0:09:23	3:08:34	0:07:53	2:31:44	United Kingdom	
bdb6cce6-ac06-4e6b-9db7-9217cff22105	1179	Austen Thorne	M	M30-34	199	6:39:57	0:35:25	0:08:45	3:17:14	0:03:49	2:34:44	United Kingdom	
630c0295-04d9-49c4-93e9-19205e3ce566	1180	Vicky BRACKIN	F	F30-34	33	6:39:57	0:39:06	0:08:59	3:40:38	0:08:38	2:02:36	United Kingdom	
9342efe4-00ec-f011-8544-000d3a5b7c3b	1181	Heather Jones	F	F25-29	64	6:40:04	0:45:03	0:15:21	3:31:48	0:11:53	1:55:59	United Kingdom	
13d74faa-0873-44bd-9eb4-c66a81749ab7	1182	Bethany Jones	F	F25-29	65	6:40:34	0:39:14	0:07:22	3:44:58	0:07:03	2:01:57	United Kingdom	
b9f0dc2c-8607-f111-8406-7ced8d3c8048	1183	Paul-henri Ascarino	M	M25-29	230	6:40:38	0:57:39	0:07:08	3:21:38	0:03:09	2:11:04	France	
35e4983f-5b06-f111-8406-0022480b84a3	1184	Rhys Evans	M	M25-29	231	6:40:42	0:43:20	0:09:38	3:26:52	0:05:39	2:15:13	United Kingdom	
5a6399d6-5902-f111-8406-0022480a5755	1185	Joe Walker	M	M30-34	200	6:40:43	0:43:24	0:08:20	3:29:31	0:05:22	2:14:05	United Kingdom	
3a575202-7de2-f011-8544-000d3a5cf7d8	1186	Matthew Dyke	M	M35-39	146	6:40:46	0:40:13	0:09:20	3:27:57	0:04:32	2:18:45	United Kingdom	
1b467121-9350-4898-9744-64d402561fe9	1187	Adam Iredale	M	M25-29	232	6:40:47	0:35:19	0:08:23	3:24:15	0:07:08	2:25:41	United Kingdom	
2388e158-d0b4-f011-bbd3-002248098cfa	1188	Henry Ive	M	M18-24	183	6:40:54	0:39:37	0:09:31	3:44:17	0:06:40	2:00:50	United Kingdom	
a073c007-14a5-f011-bbd3-000d3a35ffc1	1189	Richard (Greg) Hely Hutchinson	M	M45-49	65	6:40:55	0:44:19	0:07:59	3:29:07	0:03:57	2:15:33	United Kingdom	
1d7f66b8-7bea-f011-8544-000d3a5cf7d8	1190	Sammy Pratt	M	M18-24	184	6:41:14	0:40:47	0:08:32	3:23:19	0:08:03	2:20:33	Ukraine	
7f2765e5-8c19-f111-8341-002248080fd7	1191	Diego Torralba	M	M18-24	185	6:41:25	0:33:25	0:08:13	3:27:33	0:04:09	2:28:05	Spain	
875a0b04-8f0b-44cc-8f56-6a46a6d480b6	1192	Keano De Lange	M	M25-29	233	6:41:25	0:47:59	0:09:49	3:26:06	0:06:12	2:11:19	South Africa	
2c069606-dee4-f011-8544-6045bd09951e	1193	Korey Moore	M	M30-34	201	6:41:27	0:44:46	0:09:51	3:25:36	0:06:33	2:14:42	United Kingdom	
13612087-de5c-f111-a826-6045bd06566a	1194	robert dafforn	M	M45-49	66	6:41:37	0:38:53	0:09:33	3:30:40	0:04:29	2:18:03	United Kingdom	
a8bd3249-bdd8-f011-8544-000d3a5b50ba	1195	Gerard O Regan	M	M35-39	147	6:41:42	0:44:33	0:07:50	3:19:22	0:06:14	2:23:42	Ireland	
151475fd-db5c-f111-a826-002248081bd6	1196	Lisa Dafforn	F	F45-49	12	6:41:43	0:46:33	0:07:12	3:25:20	0:04:33	2:18:04	United Kingdom	
6cd903fc-fdde-4124-a7bc-c0f335cc5273	1197	Jay Thomas	M	M40-44	99	6:41:51	0:43:11	0:10:34	3:13:37	0:07:18	2:27:11	United Kingdom	
5a705d20-feba-f011-bbd2-000d3a5b7c3b	1198	Isabella Brooke-Clarke	F	F18-24	40	6:42:01	0:52:43	0:12:32	3:18:40	0:07:14	2:10:52	United Kingdom	
e66619aa-17e7-f011-8544-000d3a5b50ba	1199	Jessica Clegg	F	F25-29	66	6:42:18	0:41:33	0:08:42	3:35:05	0:04:24	2:12:34	United Kingdom	
dee9398d-e087-f011-b4cc-000d3a5b50ba	1200	Oli Rayner	M	M35-39	148	6:42:34	0:39:51	0:08:05	3:14:18	0:08:14	2:32:06	United Kingdom	
1bf4ec48-e20b-4049-aa5f-3ff9f21f3b6b	1201	Daniel Mell	M	M25-29	234	6:42:35	0:38:53	0:11:58	3:22:27	0:07:15	2:22:02	United Kingdom	
67bb5b43-f0b4-f011-bbd3-000d3a5cf7d8	1202	Finn Bennett	M	M18-24	186	6:42:46	0:37:45	0:08:10	3:09:29	0:06:52	2:40:31	United Kingdom	
20d1f897-bb10-f111-8406-002248081bd6	1203	Kiara Taylor	F	F30-34	34	6:42:50	0:49:02	0:09:31	3:32:55	0:06:45	2:04:37	Australia	
2b654ede-d6c6-f011-bbd3-000d3a5b50ba	1204	Liam Gately	M	M30-34	202	6:42:59	0:42:29	0:10:58	3:32:02	0:06:22	2:11:07	United Kingdom	
ab005570-5350-ef11-a317-6045bd017e21	1205	Lewis Barnsley	M	M30-34	203	6:43:01	0:41:10	0:07:17	3:22:30	0:05:33	2:26:31	United Kingdom	
29054736-bea5-f011-bbd3-6045bd09951e	1206	Nicholas Hocking	M	M30-34	204	6:43:05	0:39:58	0:06:56	3:27:31	0:05:31	2:23:10	United Kingdom	
7eaa19b8-6bf1-f011-8407-6045bd04a162	1207	Charles Dunn	M	M25-29	235	6:43:07	0:35:45	0:09:31	3:50:14	0:05:05	2:02:32	United Kingdom	
5f302717-2305-f111-8406-0022480994c2	1208	Maksym Muzychenko	M	M25-29	236	6:43:08	0:51:39	0:10:18	3:20:08	0:06:33	2:14:30	Canada	
fd8bec63-75e9-f011-8543-6045bd05fcc1	1209	Ben Farragher	M	M30-34	205	6:43:10	0:43:45	0:08:22	3:38:44	0:05:36	2:06:44	United Kingdom	
cf4a25a3-00fb-f011-8406-002248046ec8	1210	Daniel Solloway	M	M25-29	237	6:43:16	0:42:21	0:07:49	3:31:52	0:04:56	2:16:17	United Kingdom	
6dbad92d-85b2-f011-bbd3-000d3a5b50ba	1211	David Mason	M	M40-44	100	6:43:24	0:40:17	0:09:33	3:24:27	0:07:22	2:21:46	United Kingdom	
0bc380d8-91e9-f011-8544-000d3a3173b5	1212	Jon Hughes	M	M40-44	101	6:43:27	0:44:11	0:06:49	3:29:35	0:05:35	2:17:17	United Kingdom	
c2f14e45-57e2-f011-8544-000d3a35ffc1	1213	Karl Nolan	M	M25-29	238	6:43:27	0:38:21	0:07:38	3:31:28	0:05:15	2:20:46	Ireland	
d0798df3-1bce-f011-bbd3-000d3a5b7c3b	1214	Andrea Valencia Silva	F	F30-34	35	6:43:27	0:40:34	0:08:56	3:43:21	0:04:51	2:05:46	Peru	
0d93f3b7-50c1-f011-bbd3-0022480a7385	1215	Craig Clayton	M	M50-54	38	6:43:49	0:38:37	0:10:00	3:17:30	0:08:12	2:29:30	United Kingdom	
0c0ab965-2ba9-f011-bbd3-000d3a5b7c3b	1216	Thomas Gahr	M	M18-24	187	6:43:55	0:48:37	0:10:05	3:37:20	0:03:58	2:03:55	United Kingdom	
4db9047d-a8d9-f011-8544-000d3a3173b5	1217	Paige Naylor-Morris	F	F30-34	36	6:43:58	0:44:21	0:07:43	3:38:48	0:05:08	2:07:58	United Kingdom	
6f740a03-700f-f111-8406-0022480b84a3	1218	Karen Clement	F	F45-49	13	6:44:08	0:52:17	0:10:25	3:25:11	0:07:30	2:08:45	United Kingdom	
f40f5116-5fb6-f011-bbd3-6045bd05fcc1	1219	Alexander Jones	M	M18-24	188	6:44:09	0:42:57	0:08:38	3:30:13	0:04:47	2:17:34	United Kingdom	
bcdd827d-40af-f011-bbd3-000d3a5b50ba	1220	Megan Crossman	F	F30-34	37	6:44:11	0:48:02	0:11:17	3:25:03	0:06:44	2:13:06	United Kingdom	
0c6760c2-8bec-f011-8544-6045bd09fcf5	1221	Rory Doyle	M	M25-29	239	6:44:29	0:44:41	0:07:45	3:34:07	0:05:36	2:12:21	United Kingdom	
836476ed-5dec-f011-8544-6045bd04a162	1222	Stacey Carder	F	F45-49	14	6:44:33	0:44:43	0:07:54	3:27:58	0:04:56	2:19:02	United Kingdom	
c1af94c7-1eef-f011-8407-6045bd09fcf5	1223	Dale Mawson	M	M30-34	206	6:44:34	0:37:14	0:11:15	3:37:23	0:09:08	2:09:34	United Kingdom	
bbc764ea-c7aa-f011-bbd3-6045bd09951e	1224	Liam Millichap	M	M35-39	149	6:44:36	0:39:50	0:10:19	3:27:05	0:04:35	2:22:47	United Kingdom	
ce29f2cd-6df8-f011-8406-0022480b84a3	1225	Grace Hunt	F	F25-29	67	6:44:38	0:33:30	0:09:07	3:27:42	0:07:34	2:26:45	United Kingdom	
5018735b-4aa5-f011-bbd3-0022480a7385	1226	Mark Gibbons	M	M40-44	102	6:44:39	0:41:14	0:09:47	3:35:00	0:07:33	2:11:04	United Kingdom	
493df7e9-5c5e-f111-a826-002248046451	1227	Lottie Allin	F	F25-29	68	6:44:40	0:37:36	0:07:39	3:39:02	0:04:14	2:16:08	United Kingdom	
bff3ecca-f4c5-f011-bbd3-6045bd05fcc1	1228	Conor Cullen	M	M25-29	240	6:44:45	0:39:01	0:08:26	3:41:29	0:06:06	2:09:44	Ireland	
292a1006-ff8b-413d-8099-a99302c6ba80	1229	George Kenny	M	M25-29	241	6:44:48	0:44:15	0:09:36	3:24:07	0:08:22	2:18:29	New Zealand	
a45b6e75-8cd7-f011-8543-6045bd05fcc1	1230	David Hilton	M	M35-39	150	6:44:49	0:44:38	0:09:15	3:43:43	0:07:29	1:59:44	United Kingdom	
df620d18-62e3-f011-8544-000d3a5b7c3b	1231	James Beacon	M	M25-29	242	6:44:54	0:41:07	0:08:48	3:40:22	0:06:41	2:07:57	United Kingdom	
ff8e1059-fb14-4fb3-8a56-ea231b1fa2dd	1232	Michael Parsons	M	M40-44	103	6:45:00	0:45:34	0:12:02	3:23:17	0:07:33	2:16:33	United Kingdom	
68125e76-880d-f111-8406-002248046451	1233	Tallulah Harper	F	F30-34	38	6:45:02	0:35:15	0:08:03	3:38:58	0:04:55	2:17:51	United Kingdom	
73873cc7-3605-f111-8406-0022480a5755	1234	Ellie Jane Owen	F	F25-29	69	6:45:05	0:42:25	0:07:45	3:19:50	0:04:50	2:30:14	United Kingdom	
96b176da-b806-f111-8406-002248046ec8	1235	Ruka Suda	M	M25-29	243	6:45:21	0:36:41	0:07:23	3:45:07	0:07:41	2:08:29	Japan	
ed2210a5-25a5-f011-bbd3-000d3a5b7c3b	1236	Harriet Jupp	F	F25-29	70	6:45:22	0:43:20	0:07:11	3:29:37	0:05:21	2:19:52	United Kingdom	
55830125-ab10-f111-8406-6045bd06566a	1237	Mara Gibb	F	F25-29	71	6:45:32	0:32:14	0:06:37	3:34:33	0:04:23	2:27:47	United Kingdom	
84032756-36e7-f011-8544-000d3a3173b5	1238	Natalie Bannister	F	F35-39	16	6:45:47	0:34:59	0:05:47	3:40:43	0:04:33	2:19:46	United Kingdom	
3a1e4e01-13d1-f011-bbd3-6045bd09951e	1239	Chris French	M	M50-54	39	6:45:49	0:40:04	0:07:33	3:34:23	0:06:00	2:17:49	United Kingdom	
2486e2df-575d-ef11-bfe3-000d3a371e3b	1240	Ritchie Bleackley	M	M35-39	151	6:45:52	0:41:03	0:11:04	3:25:04	0:05:32	2:23:10	United Kingdom	
840dca2a-13b8-f011-bbd3-000d3a5b50ba	1241	Abbie Williams	F	F18-24	41	6:45:55	0:33:53	0:07:36	3:41:25	0:06:50	2:16:10	United Kingdom	
9442f8e4-afca-f011-bbd3-000d3a5cf7d8	1242	Molly Fownes-Walpole	F	F25-29	72	6:45:57	0:39:54	0:07:44	3:35:10	0:04:15	2:18:53	United Kingdom	
a0f7f43a-239a-f011-b4cc-000d3a5b7c3b	1243	Richard Heath	M	M35-39	152	6:46:07	0:40:56	0:08:47	3:19:33	0:05:27	2:31:23	United Kingdom	
e95de85e-84de-f011-8543-6045bd05fcc1	1244	Molly LaPointe	F	F30-34	39	6:46:09	0:43:02	0:08:15	3:11:00	0:05:53	2:37:58	United States	
d694fff2-09a5-f011-bbd3-6045bd05f634	1245	Daryll Chase	M	M30-34	207	6:46:10	0:39:42	0:11:58	3:19:34	0:11:52	2:23:03	United Kingdom	
d2ca80aa-98a5-f011-bbd3-6045bd09951e	1246	Andy Mihell	M	M50-54	40	6:46:24	0:34:38	0:08:50	3:28:18	0:05:55	2:28:42	United Kingdom	
404d03bd-9890-f011-b4cc-000d3a35ffc1	1247	Samuel Simpson	M	M25-29	244	6:46:25	0:44:41	0:11:03	3:42:26	0:06:14	2:02:01	United Kingdom	
439b9a1a-e9b4-ef11-b8e8-6045bd018d16	1248	Morag Brown	F	F40-44	15	6:46:29	0:45:31	0:11:05	3:23:25	0:08:13	2:18:15	United Kingdom	
60b71912-246d-ef11-a671-00224808301f	1249	Anna Nudds	F	F45-49	15	6:46:33	0:36:21	0:08:19	3:39:35	0:05:36	2:16:42	United Kingdom	
a45e32c3-ac22-f011-9989-000d3a5b7c3b	1250	Benedict Steiert	M	M30-34	208	6:46:34	0:45:08	0:13:10	3:30:43	0:06:07	2:11:26	United Kingdom	
c09333e1-35ac-f011-bbd3-000d3a5b50ba	1251	James Webb	M	M25-29	245	6:46:37	0:43:53	0:11:25	3:34:58	0:09:07	2:07:14	United Kingdom	
817d88bc-03f6-f011-8406-002248046ec8	1252	Wessel Hoveling	M	M18-24	189	6:46:39	0:40:25	0:10:55	3:10:47	0:05:57	2:38:35	Netherlands	
5f268b23-5578-f011-b4cc-6045bd05f634	1253	James Eden	M	M35-39	153	6:46:43	0:48:06	0:09:06	3:20:15	0:06:36	2:22:39	United Kingdom	
543ab4a9-1931-4f5d-a166-d19ced2d79bd	1254	Peter Smith	M	M30-34	209	6:46:49	0:41:15	0:07:32	3:33:56	0:03:56	2:20:09	United Kingdom	
acf9ef77-f1a6-41f1-9ff4-37ade27f16db	1255	Michael James	M	M65-69	4	6:46:57	0:43:36	0:08:12	3:07:35	0:04:41	2:42:53	United Kingdom	
ec27e686-99e9-49b5-acf4-b828b45be020	1256	Ben Goodall	M	M35-39	154	6:47:03	0:40:06	0:07:28	3:22:59	0:05:01	2:31:29	United Kingdom	
094f53ec-b084-f011-b4cc-002248098cfa	1257	Liv Woods	F	F18-24	42	6:47:06	0:41:44	0:07:43	3:46:10	0:04:23	2:07:06	United Kingdom	
68ea44a0-2f1d-f111-8341-0022480b3ee9	1258	Joseph Twyford	M	M25-29	246	6:47:08	0:40:54	0:10:24	3:26:24	0:07:48	2:21:38	United Kingdom	
f92a337d-e3a5-f011-bbd2-0022480b8f64	1259	Scott Gardner	M	M35-39	155	6:47:09	0:54:00	0:08:37	3:29:15	0:06:15	2:09:01	United Kingdom	
ef683692-22eb-f011-8406-7ced8d3c43b2	1260	Charlie House	F	F25-29	73	6:47:31	0:43:22	0:08:29	3:44:34	0:05:44	2:05:22	United Kingdom	
c3be2040-d7b8-f011-bbd3-000d3a5cf7d8	1261	Ben Golding	M	M18-24	190	6:47:38	0:36:29	0:09:04	3:35:27	0:07:54	2:18:43	United Kingdom	
a9e790e1-4099-4f50-93a1-2e3068e432a7	1262	David Wright	M	M40-44	104	6:47:38	0:47:17	0:10:04	3:35:40	0:08:32	2:06:05	United Kingdom	
89889967-210e-491c-9517-d2ac8ddfb46c	1263	Alan Storrow	M	M60-64	21	6:47:48	1:00:35	0:10:12	3:14:20	0:08:07	2:14:34	United Kingdom	
593233d3-4deb-f011-8406-7ced8d3c43b2	1264	William Foster	M	M30-34	210	6:47:48	0:52:17	0:10:06	3:34:26	0:08:46	2:02:13	United Kingdom	
4dce8351-1f7a-f111-ab0f-0022480b84a3	1265	Kostiantyn Bazyk	M	M35-39	156	6:47:49	0:45:14	0:10:39	3:34:52	0:06:57	2:10:07	Ukraine	
492614c4-6e45-4a0b-a5d9-0873663a801d	1266	Chris Lowder	M	M50-54	41	6:47:50	0:44:17	0:08:01	3:22:19	0:05:07	2:28:06	United Kingdom	
104e303e-46b0-f011-bbd2-002248082f34	1267	Aleksander Malinowski	M	M35-39	157	6:47:55	0:42:27	0:07:34	3:11:13	0:06:38	2:40:03	Poland	
40c39cb4-dfe7-f011-8543-000d3a5b5fc7	1268	Daryl Clarke	M	M35-39	158	6:48:00	0:45:02	0:11:03	3:34:57	0:06:41	2:10:18	United Kingdom	
a2b8dc02-bea6-f011-bbd3-6045bd09951e	1269	Steven Pewsey	M	M25-29	247	6:48:05	0:48:32	0:12:01	3:31:46	0:07:19	2:08:27	United Kingdom	
c4e1da90-b79a-f011-b4cc-6045bd09951e	1270	Laurence Bohmer		M30-34	211	6:48:08	0:44:05	0:14:59	3:36:52	0:09:57	2:02:16	United Kingdom	
fd99e9bc-83d7-f011-8543-000d3a5b5fc7	1271	Alexandra Briggs	F	F18-24	43	6:48:12	0:37:21	0:07:42	3:36:41	0:05:26	2:21:01	United Kingdom	
7bacd8ac-8ee6-f011-8544-6045bd09951e	1272	Jagvir Gill	M	M25-29	248	6:48:16	0:45:09	0:12:12	3:22:23	0:09:15	2:19:18	United Kingdom	
0e5722c1-a968-f011-bec3-6045bd05fcc1	1273	Charles Cordier	M	M25-29	249	6:48:19	0:52:19	0:06:59	3:19:48	0:05:21	2:23:52	France	
65896bfd-4d78-f011-b4cc-000d3a5b50ba	1274	Ashleigh Davies	M	M30-34	212	6:48:26	0:40:55	0:08:03	3:17:04	0:07:26	2:34:57	United Kingdom	
1aa532f3-cab1-f011-bbd3-000d3a5b7c3b	1275	Noah Mccahill	M	M18-24	191	6:48:27	0:43:09	0:09:22	3:19:00	0:06:49	2:30:07	United Kingdom	
64181df4-a5e5-f011-8544-6045bd09951e	1276	Daisy Lancaster	F	F18-24	44	6:48:42	0:38:15	0:08:40	3:34:18	0:06:51	2:20:38	United Kingdom	
78d7a074-835b-f011-bec2-000d3a5cf7d8	1277	Matt Ellis	M	M18-24	192	6:48:44	0:45:50	0:09:20	3:29:49	0:07:58	2:15:47	United Kingdom	
f8b55dfd-00c7-41a5-9f16-9583e3305268	1278	Michael Wall	M	M60-64	22	6:48:56	0:50:13	0:08:52	3:41:20	0:07:58	2:00:34	Ireland	
da743da8-c0e7-f011-8544-000d3a3173b5	1279	Harrison Ornstien	M	M25-29	250	6:49:04	0:41:47	0:10:49	3:29:52	0:07:11	2:19:26	United Kingdom	
be5e63e8-42fb-ef11-9341-002248049fdc	1280	Danielle Hesketh	F	F30-34	40	6:49:19	0:39:32	0:08:37	3:35:07	0:05:51	2:20:12	United Kingdom	
6574aa03-dc4d-f011-877a-000d3a35ffc1	1281	Connor Hickinbottom	M	M30-34	213	6:49:24	0:51:47	0:12:45	3:31:37	0:09:34	2:03:42	United Kingdom	
2003c7f1-ddce-f011-bbd3-000d3a5b50ba	1282	Hannah Francis	F	F30-34	41	6:49:29	0:46:19	0:08:26	3:44:40	0:04:18	2:05:47	United Kingdom	
38a1c732-656d-f011-bec2-000d3a5b7c3b	1283	Anna-Lena Käufer	F	F18-24	45	6:49:30	0:47:18	0:06:44	3:27:51	0:04:38	2:23:00	Germany	
a1ffc97b-17a5-f011-bbd3-000d3a5b7c3b	1284	Jen Gallop	F	F40-44	16	6:49:31	0:44:27	0:10:33	3:26:25	0:08:20	2:19:46	United Kingdom	
aee6e609-57e6-f011-8544-6045bd09951e	1285	Adam Raymond	M	M30-34	214	6:49:34	0:40:49	0:08:30	3:21:22	0:05:01	2:33:53	United Kingdom	
502e3376-2ebf-f011-bbd3-6045bd09951e	1286	Aman Manoyee	M	M18-24	193	6:50:05	0:43:56	0:09:48	3:41:36	0:06:36	2:08:08	Ireland	
a8546854-24c2-f011-bbd3-6045bd05f634	1287	Liam Robinson	M	M30-34	215	6:50:05	0:45:03	0:10:43	3:43:20	0:05:47	2:05:11	United Kingdom	
a7f45fb0-14b0-f011-bbd3-6045bd05fcc1	1288	Raechel Kuik	F	F25-29	74	6:50:15	0:43:13	0:09:07	3:48:15	0:05:44	2:03:57	Singapore	
0b426c88-0da5-f011-bbd3-000d3a5b7c3b	1289	Emma Stewart	F	F35-39	17	6:50:19	0:38:18	0:08:17	3:49:07	0:07:20	2:07:17	United Kingdom	
e2c1c175-8ac1-f011-bbd2-000d3a370b81	1290	Freddy Nichol	M	M18-24	194	6:50:23	0:43:02	0:09:45	3:48:49	0:05:52	2:02:56	United Kingdom	
778f43cf-239e-ef11-8a6a-002248049fdc	1291	Andrew Wiles	M	M45-49	67	6:50:24	0:44:28	0:11:10	3:34:24	0:07:57	2:12:25	United Kingdom	
15cc2626-06e7-f011-8543-000d3a5b5fc7	1292	Sam Moalla	M	M18-24	195	6:50:25	0:54:14	0:09:42	3:30:26	0:07:53	2:08:10	United Kingdom	
79ea7081-fbe1-40d3-a64e-1ec2f460445e	1293	Martin Brockett	M	M40-44	105	6:50:25	0:47:48	0:08:51	3:19:23	0:06:27	2:27:56	United Kingdom	
7539b641-5898-4578-969d-9fe0768a9b12	1294	Richard Jr Delos Reyes	M	M35-39	159	6:50:32	0:59:15	0:10:53	3:29:30	0:05:16	2:05:38	Philippines	
99b850d7-76d0-f011-8543-000d3a3b6f62	1295	Maya Clowes	F	F18-24	46	6:50:40	0:44:39	0:06:57	3:24:48	0:04:41	2:29:34	United Kingdom	
529775c3-91b2-f011-bbd3-000d3a5b50ba	1296	Angela Ashton	F	F55-59	2	6:50:44	0:39:49	0:08:53	3:38:43	0:07:18	2:16:02	United Kingdom	
79329ff3-1216-f111-8341-0022480b84a3	1297	Katie Lawson	F	F30-34	42	6:50:48	0:41:50	0:09:00	3:27:31	0:08:45	2:23:41	United Kingdom	
3b22480b-07a5-f011-bbd3-002248098cfa	1298	Mitch Perridge	M	M30-34	216	6:50:50	0:41:34	0:08:13	3:23:24	0:04:41	2:32:58	United Kingdom	
a09919e8-0acd-f011-bbd3-000d3a5b50ba	1299	Emmylie Borg	F	F35-39	18	6:50:53	0:43:42	0:07:08	3:34:42	0:04:03	2:21:18	Sweden	
68a4577b-b7b7-f011-bbd3-000d3a35ffc1	1300	Hollie Grant	F	F35-39	19	6:50:54	0:42:37	0:08:29	3:30:16	0:05:40	2:23:52	United Kingdom	
1352297f-220e-f011-9988-000d3a5cf7d8	1301	LOUIS HALL	M	M35-39	160	6:50:56	0:37:49	0:11:31	3:23:53	0:07:07	2:30:36	United Kingdom	
9b73d193-3db0-f011-bbd3-0022480c097c	1302	Bridget Cerff	F	F25-29	75	6:50:58	0:37:39	0:07:41	3:42:56	0:07:58	2:14:44	United Kingdom	
68941a99-6ef5-f011-8406-6045bd06566a	1303	Jackson Goodrich	M	M18-24	196	6:51:13	0:48:12	0:07:30	3:36:02	0:04:53	2:14:36	United Kingdom	
baf24649-e66d-4ba2-a8ab-753059f9c173	1304	Maya Christopherson	F	F45-49	16	6:51:14	0:47:12	0:13:20	3:30:53	0:06:43	2:13:06	United States	
d7f66aa6-b46c-f011-bec2-000d3a5b7c3b	1305	Peter Williams	M	M30-34	217	6:51:18	0:43:45	0:10:06	3:37:27	0:07:19	2:12:41	United Kingdom	
94119628-e519-4a0e-b1b1-84bf2f96ff2d	1306	Louis Goring-Morris	M	M30-34	218	6:51:21	0:43:29	0:10:25	3:36:28	0:06:54	2:14:06	United Kingdom	
e4c9c610-b518-f111-8341-002248046ec8	1307	Thomas Sutheran	M	M40-44	106	6:51:29	0:41:34	0:10:39	3:58:01	0:04:06	1:57:10	United Kingdom	
d43257fc-f4bf-f011-bbd2-7ced8d711e4b	1308	Cameron Muc	M	M18-24	197	6:51:29	0:39:06	0:09:48	3:31:18	0:07:47	2:23:30	United Kingdom	
55bcbc19-d11a-f111-8341-6045bd08b1a2	1309	JoJo Gill	F	F18-24	47	6:51:44	0:34:08	0:08:21	3:18:02	0:04:44	2:46:30	United Kingdom	
1bdf30f7-5fbe-4da5-819d-1787a1d76b7a	1310	Marcin Sanocki	M	M45-49	68	6:51:47	0:42:24	0:14:07	3:36:06	0:06:59	2:12:11	United Kingdom	
553ffa5e-09b3-46d5-b657-73c54e4a588c	1311	Leah Powell	F	F30-34	43	6:51:53	0:46:12	0:08:05	3:42:47	0:07:37	2:07:11	United Kingdom	
20145dc2-3fd8-4517-a1cd-764707457583	1312	Alex Mccrea	M	M40-44	107	6:51:54	0:43:17	0:09:28	3:38:47	0:07:07	2:13:15	United Kingdom	
508b7b11-1c92-ef11-ac20-000d3a5a403c	1313	Ruby-Mae Earl	F	F18-24	48	6:51:57	0:42:47	0:10:00	3:38:52	0:07:04	2:13:15	Ukraine	
1caf1417-651a-f111-8341-0022480a5755	1314	Alex Clayton	M	M40-44	108	6:52:00	0:41:53	0:10:26	3:37:10	0:07:38	2:14:53	United Kingdom	
0c0b1b2b-7ae2-f011-8543-000d3a5b5fc7	1315	Amy Taggart	F	F35-39	20	6:52:10	0:45:03	0:08:47	3:52:57	0:07:06	1:58:17	United Kingdom	
be950624-76af-f011-bbd3-000d3a35ffc1	1316	Kevin Mowat		M50-54	42	6:52:10	0:46:35	0:10:29	3:15:48	0:07:42	2:31:37	United Kingdom	
e02a396b-680e-f111-8406-0022480b88da	1317	Tim Shaw	M	M45-49	69	6:52:26	0:38:35	0:11:47	3:21:05	0:07:32	2:33:27	United Kingdom	
1a2db191-1987-f111-ab0f-0022480a5755	1318	Ryan Pedley	M	M35-39	161	6:52:34	0:45:45	0:11:15	3:42:44	0:06:24	2:06:27	United Kingdom	
ca448740-b287-4eef-a826-294e9299a858	1319	Liam Jones	M	M35-39	162	6:52:48	0:40:30	0:10:17	3:19:16	0:07:04	2:35:42	United Kingdom	
d37fd811-f287-ef11-ac21-6045bd05c809	1320	Thierry Gallet	M	M55-59	24	6:52:49	0:42:22	0:09:28	3:17:03	0:09:31	2:34:24	France	
99f42011-27df-f011-8544-000d3a5cf7d8	1321	Victoria Boards	F	F35-39	21	6:52:53	0:38:31	0:15:26	3:36:01	0:12:43	2:10:11	United Kingdom	
6dbe2ff1-8da2-f011-bbd3-002248098cfa	1322	Martin McKain	M	M70-74	1	6:53:09	0:39:19	0:13:23	3:31:40	0:08:52	2:19:55	United Kingdom	
be19ad8f-5fe2-f011-8543-6045bd05fcc1	1323	Iona Fox	F	F18-24	49	6:53:20	0:37:25	0:10:10	3:27:49	0:06:51	2:31:06	United Kingdom	
0e5ae3f6-270a-418d-8443-bb3107e563d0	1324	Nelius Murphy	M	M40-44	109	6:53:33	0:57:25	0:11:21	3:22:16	0:09:13	2:13:19	United Kingdom	
cb4f9a0a-36aa-418f-9ae1-ed554dfb20e3	1325	Surjit Singh	M	M50-54	43	6:53:35	0:47:35	0:08:10	3:12:48	0:05:36	2:39:26	United Kingdom	
a1e074da-60d7-f011-8544-000d3a5cf7d8	1326	Ben Leighton	M	M25-29	251	6:53:53	0:44:09	0:10:26	3:43:24	0:08:57	2:06:57	United Kingdom	
27002819-38a5-f011-bbd3-0022480a7385	1327	Joanne Diduca	F	F55-59	3	6:54:05	0:38:51	0:09:25	3:35:51	0:07:24	2:22:35	United Kingdom	
0abe83c8-d142-ec11-8c62-00224809891e	1328	Andrew Rogers	M	M25-29	252	6:54:11	0:42:18	0:10:22	3:10:22	0:05:14	2:45:55	United Kingdom	
44efaa13-31bf-f011-bbd2-000d3a5b7c3b	1329	Sasha Weaver	F	F25-29	76	6:54:13	0:43:03	0:09:14	3:34:41	0:04:22	2:22:54	United Kingdom	
0ffc083d-ad15-f111-8341-0022480a5755	1330	Lottie Harlow	F	F18-24	50	6:54:26	0:39:04	0:07:58	3:46:04	0:06:46	2:14:34	United Kingdom	
f15981f7-bfb4-f011-bbd3-6045bd09951e	1331	Jamie Catterick	M	M18-24	198	6:54:28	0:56:30	0:09:35	3:38:02	0:03:43	2:06:39	United Kingdom	
6cae1f07-34f1-f011-8407-0022480b738e	1332	Ekaterina Zhukovskaia	F	F25-29	77	6:54:33	0:44:26	0:06:41	3:57:37	0:03:13	2:02:36	Unknown	
af021ce4-2ddf-4e25-9099-9cc14153ecba	1333	James Wyatt	M	M40-44	110	6:54:39	0:51:47	0:10:09	3:48:06	0:05:30	1:59:07	United Kingdom	
86f0d69c-daa8-f011-bbd3-000d3a35ffc1	1334	Tom Morton	M	M40-44	111	6:54:44	0:45:59	0:08:55	3:35:00	0:04:59	2:19:51	United Kingdom	
07cf69dd-5c78-f011-b4cb-000d3a5b7c3b	1335	Richard Thomas	M	M55-59	25	6:54:49	0:47:58	0:10:34	3:29:59	0:06:50	2:19:29	United Kingdom	
992af770-3565-ef11-bfe3-000d3a367177	1336	Jordan Bentley	M	M25-29	253	6:54:50	0:38:35	0:10:02	3:54:01	0:06:11	2:06:00	United Kingdom	
5903d883-57b7-f011-bbd3-000d3a5b50ba	1337	Rachel Scott	F	F25-29	78	6:54:51	0:43:46	0:09:48	3:44:00	0:06:16	2:11:01	United Kingdom	
c8d2647f-c3a5-f011-bbd3-000d3a3173b5	1338	Georgia Williams	F	F25-29	79	6:54:57	0:43:59	0:09:09	3:47:04	0:06:56	2:07:48	United Kingdom	
9bd232c2-8f53-f111-bec7-002248046ec8	1339	Toby Ricketts	M	M50-54	44	6:55:02	0:46:20	0:10:28	3:21:33	0:06:22	2:30:20	United Kingdom	
1f81c30c-1fa5-f011-bbd3-000d3a35ffc1	1340	Ben Mitchell	M	M25-29	254	6:55:10	0:43:06	0:10:46	3:34:27	0:07:49	2:19:01	United Kingdom	
e9909e1c-2e5d-ef11-bfe3-6045bd0953ac	1341	Yvonne Hetlevik	F	F55-59	4	6:55:16	0:45:26	0:10:34	3:14:31	0:05:54	2:38:52	Norway	
9e338c48-98a7-f011-bbd3-000d3a5cf7d8	1342	Alice Heap	F	F25-29	80	6:55:35	0:48:10	0:09:04	3:38:47	0:07:58	2:11:36	United Kingdom	
a30d222f-28b4-f111-aaac-6045bd06566a	1343	Luke Kilcoyne	M	M30-34	219	6:55:54	0:46:15	0:14:11	3:17:20	0:08:08	2:30:01	United Kingdom	
6c3fd761-0972-4433-b83e-6688d4b75d33	1344	Katie Richards	F	F40-44	17	6:55:56	0:43:59	0:10:52	3:47:08	0:03:45	2:10:12	United Kingdom	
077283e6-1638-f011-8c4e-6045bd09951e	1345	Emily Bond	F	F25-29	81	6:55:57	0:40:25	0:11:46	3:31:31	0:09:44	2:22:31	United Kingdom	
bddae29d-fca8-f011-bbd3-0022480a7385	1346	Mackenzie Gosling	M	M18-24	199	6:55:59	0:40:15	0:11:30	3:34:53	0:06:57	2:22:23	United Kingdom	
95c7b6c7-bfa5-f011-bbd3-000d3a3173b5	1347	Georgie Fenny	F	F25-29	82	6:56:05	0:45:35	0:11:04	3:46:45	0:07:30	2:05:11	United Kingdom	
70fb0dde-09ec-f011-8544-000d3a3173b5	1348	Jack Richards	M	M25-29	255	6:56:06	0:42:50	0:16:32	3:30:03	0:11:00	2:15:40	United Kingdom	
7fcafe8b-9315-f111-8341-0022480b84a3	1349	Raghav Sureshbabu	M	M18-24	200	6:56:23	0:43:41	0:10:28	3:43:32	0:06:51	2:11:52	United States	
75c3a1de-92b0-ef11-b8e8-6045bd018d16	1350	Jon Wilson	M	M40-44	112	6:56:40	0:44:59	0:08:38	3:24:36	0:06:47	2:31:40	United Kingdom	
4bf78071-26a5-f011-bbd2-6045bd026214	1351	Daniel Fulford	M	M30-34	220	6:56:49	0:44:02	0:12:03	3:51:36	0:06:47	2:02:21	United Kingdom	
9aefb463-b031-42ae-b011-3845c48c1429	1352	Tamsin Warr	F	M30-34	221	6:56:49	0:41:22	0:09:57	3:18:59	0:06:28	2:40:02	United Kingdom	
794218ed-bd46-f011-877a-000d3a35ffc1	1353	Dean Elder	M	M45-49	70	6:56:50	0:35:37	0:06:42	3:16:05	0:05:41	2:52:45	United Kingdom	
041ec2a9-13a5-f011-bbd3-000d3a5cf7d8	1354	Alan Ephgrave	M	M55-59	26	6:57:00	0:41:05	0:07:47	3:29:35	0:06:44	2:31:49	United Kingdom	
f4952f5d-2c44-f011-877a-6045bd09951e	1355	Jonathan Wood	M	M40-44	113	6:57:12	0:50:46	0:09:39	3:40:22	0:08:01	2:08:25	United Kingdom	
6bd4b94b-9209-f111-8406-002248046ec8	1356	Jake Holder	M	M30-34	222	6:57:22	0:40:19	0:10:07	3:18:58	0:06:39	2:41:19	United Kingdom	
2ea604b2-00cf-f011-bbd3-6045bd05fcc1	1357	Tom Crompton	M	M18-24	201	6:57:24	0:50:26	0:07:56	3:56:45	0:03:36	1:58:41	United Kingdom	
d4bae589-59ec-ef11-9341-6045bd05400c	1358	Zack Woolgar	M	M25-29	256	6:57:31	0:48:03	0:08:38	3:46:30	0:07:01	2:07:18	United Kingdom	
3895fc61-08a5-f011-bbd3-0022480a7385	1359	Mark Currie	M	M35-39	163	6:57:54	0:45:40	0:09:16	3:30:35	0:07:02	2:25:22	United Kingdom	
51e04fa1-e813-f111-8406-6045bd08b1a2	1360	Dylan Robinson	M	M18-24	202	6:58:01	0:42:50	0:10:45	3:48:52	0:07:04	2:08:30	United Kingdom	
0915227c-c085-f111-ab0f-0022480994c2	1361	Ethan Brice	M	M18-24	203	6:58:13	0:40:31	0:10:36	3:40:45	0:06:41	2:19:40	United Kingdom	
dc885dde-3548-ef11-a317-000d3a367177	1362	Luke Stoward	M	M30-34	223	6:58:44	0:43:48	0:08:12	3:22:26	0:06:24	2:37:56	United Kingdom	
a15cdcc1-09a5-f011-bbd3-000d3a3173b5	1363	Alan Inns	M	M45-49	71	6:58:48	0:40:59	0:08:05	3:34:57	0:07:38	2:27:08	United Kingdom	
9bb0a6ae-7126-487e-96ce-eab77f56f640	1364	Philip Mockett	M	M35-39	164	6:58:54	0:48:55	0:10:30	3:21:06	0:09:24	2:28:58	United Kingdom	
134a137d-f3d5-f011-8544-000d3a5b7c3b	1365	Jack Ray	M	M18-24	204	6:58:57	0:48:22	0:09:35	3:38:27	0:05:46	2:16:46	United Kingdom	
288fa14d-08a5-f011-bbd3-6045bd05fcc1	1366	Sadie Jones	F	F25-29	83	6:59:00	0:41:59	0:07:47	3:39:41	0:05:31	2:24:03	United Kingdom	
4532abaa-8329-460d-8a7a-f444d7c4a8b2	1367	Chris Robson	M	M55-59	27	6:59:05	0:38:18	0:11:06	3:33:55	0:06:42	2:29:05	United Kingdom	
7916085a-01eb-f011-8544-000d3a35ffc1	1368	Michael Goldingham	M	M45-49	72	6:59:11	0:42:33	0:15:37	3:44:05	0:07:44	2:09:12	United Kingdom	
0ff2c737-d2c2-f011-bbd3-000d3a5b50ba	1369	Joe Regan	M	M25-29	257	6:59:18	0:46:59	0:10:09	3:29:53	0:08:57	2:23:20	United Kingdom	
e0549e8d-e9a5-f011-bbd3-6045bd09951e	1370	Aisling Sparrow	F	F35-39	22	6:59:18	0:43:36	0:08:14	3:43:22	0:08:16	2:15:50	United Kingdom	
c39e782e-8371-4b5d-95bd-314878d67ae6	1371	Carlos da Rosa	M	M45-49	73	6:59:25	0:41:37	0:09:26	3:31:51	0:06:52	2:29:39	Portugal	
4b6814b6-c7d5-f011-8544-000d3a35ffc1	1372	Ryan Lane	M	M25-29	258	6:59:35	0:41:04	0:09:21	3:16:13	0:07:05	2:45:53	United Kingdom	
f2b172a4-5916-f111-8341-000d3a36a8bd	1373	Stijn Puik	M	M18-24	205	6:59:54	0:45:59	0:10:36	3:36:34	0:06:08	2:20:37	Netherlands	
9bce954d-bf7b-403c-8796-692623688d72	1374	Vitaliia Temianynets	F	F30-34	44	7:00:08	0:48:19	0:08:36	3:37:53	0:07:45	2:17:35	Ukraine	
34494664-d016-f111-8341-0022480994c2	1375	George Gratton	M	M18-24	206	7:00:18	0:54:04	0:10:37	3:49:29	0:05:35	2:00:33	United Kingdom	
991f8638-4cb4-f011-bbd3-0022480a7385	1376	Mousa Abdula	M	M25-29	259	7:00:19	0:58:16	0:10:14	3:34:47	0:04:25	2:12:37	United Kingdom	
a61931be-f614-f111-8341-6045bd06566a	1377	Andrew Mauldon	M	M45-49	74	7:00:27	0:47:03	0:08:44	3:14:39	0:08:18	2:41:44	Dominican Republic	
9fd147e7-37df-ea11-a813-000d3a5a1bfb	1378	Lewis Tew	M	M30-34	224	7:00:42	0:44:02	0:10:35	3:43:34	0:06:12	2:16:19	United Kingdom	
18cfe9fd-c242-f011-b4cb-6045bd05fcc1	1379	Ross Johnston	M	M25-29	260	7:00:42	0:45:42	0:10:07	3:56:08	0:08:05	2:00:41	United Kingdom	
8ccefdcd-83be-f011-bbd2-7ced8d70749f	1380	Benedict Winter	M	M18-24	207	7:00:50	0:51:57	0:09:35	3:18:15	0:03:27	2:37:36	United Kingdom	
9445727c-489d-ef11-8a6a-000d3a338a3c	1381	Niccci Kinsler	F	F35-39	23	7:01:14	0:40:46	0:08:43	3:42:51	0:07:03	2:21:51	United Kingdom	
871f3cd2-bbbf-ef11-b8e8-6045bd018d16	1382	Jeroen de Lange	M	M55-59	28	7:01:23	0:46:21	0:10:50	3:17:05	0:08:36	2:38:32	Netherlands	
0856f7be-3302-f111-8406-002248046ec8	1383	Lee Hogg	M	M40-44	114	7:01:27	0:54:31	0:13:19	3:44:29	0:09:12	1:59:56	United Kingdom	
2c32e702-c675-410f-917b-b5c5aba6ff93	1384	Abel De Lange	M	M18-24	208	7:01:28	0:46:25	0:10:51	3:17:01	0:08:38	2:38:33	Netherlands	
a4f9f84e-e5eb-f011-8543-6045bd05fcc1	1385	Ryan Healey	M	M25-29	261	7:01:34	0:53:09	0:13:21	3:36:30	0:07:28	2:11:06	United Kingdom	
5c507dd0-bca6-f011-bbd3-6045bd09951e	1386	Melvin Elford	M	M50-54	45	7:01:35	0:55:16	0:08:21	3:26:21	0:05:29	2:26:07	United Kingdom	
7c601ff9-7eea-f011-8406-6045bd0a2e6c	1387	Daniel Jolley	M	M40-44	115	7:01:49	0:49:31	0:11:14	3:42:24	0:06:53	2:11:47	United Kingdom	
28d8ed9d-09d9-f011-8544-000d3a5cf7d8	1388	john jednak	M	M60-64	23	7:01:51	0:43:22	0:13:00	3:12:10	0:07:26	2:45:53	United States	
64e60ee3-bbb8-f011-bbd3-000d3a35ffc1	1389	Luca Hidderley-Burton	M	M18-24	209	7:02:09	0:44:02	0:08:33	3:52:18	0:05:36	2:11:41	United Kingdom	
8e6398ea-a286-f011-b4cc-000d3a3173b5	1390	Chesney Smith	M	M35-39	165	7:02:15	0:47:01	0:07:22	3:48:27	0:04:45	2:14:39	United Kingdom	
751fae15-accf-f011-bbd3-000d3a35ffc1	1391	Emily Joss	F	F30-34	45	7:02:24	0:40:49	0:12:07	3:34:07	0:09:49	2:25:32	United Kingdom	
22c03a52-3491-406b-b218-111c6812eb38	1392	Chris Whalley	M	M35-39	166	7:02:31	0:36:46	0:07:09	3:26:56	0:09:56	2:41:43	United Kingdom	
eb2a2c9b-b811-49b6-89ae-b2664db9db0f	1393	Andrew Parsons	M	M45-49	75	7:02:32	0:42:51	0:07:47	3:42:15	0:06:48	2:22:50	United Kingdom	
2559a472-1ee8-f011-8544-000d3a35ffc1	1394	Quinn Anspach	M	M25-29	262	7:02:36	0:38:53	0:10:03	3:39:07	0:10:00	2:24:33	United States	
2270cdfc-36e4-f011-8543-6045bd01eb6c	1395	George Puckett	M	M30-34	225	7:02:45	0:44:28	0:11:13	3:32:47	0:04:55	2:29:21	United Kingdom	
f2f4b455-0a92-ef11-ac21-000d3a5a1803	1396	Steve Gates	M	M40-44	116	7:02:47	0:44:14	0:10:46	3:44:56	0:08:31	2:14:19	United Kingdom	
532f6b49-02cf-f011-bbd3-000d3a5b50ba	1397	Emily Biggar	F	F25-29	84	7:02:59	0:47:41	0:10:06	3:35:25	0:06:04	2:23:42	United Kingdom	
81156941-9dc7-f011-bbd3-000d3a3173b5	1398	Kirsty Newman	F	F35-39	24	7:03:03	0:41:50	0:06:39	3:46:50	0:05:38	2:22:06	United Kingdom	
6a649c19-cfc9-f011-bbd3-000d3a5cf7d8	1399	Alex Jarman	M	M18-24	210	7:03:09	0:50:42	0:08:00	3:37:31	0:04:53	2:22:03	United Kingdom	
8caa97f5-e3f5-4400-96c9-d5b231ae342b	1400	Sean Dickson	M	M25-29	263	7:03:32	0:38:13	0:08:48	3:33:22	0:07:46	2:35:23	United Kingdom	
6037b026-d79e-4e84-a53d-277e236ab2f7	1401	Olga Metropolskaya	F	F35-39	25	7:03:46	0:41:56	0:10:22	4:10:44	0:03:20	1:57:24	Unknown	
bc57fafc-970a-f111-8406-002248046ec8	1402	Isabel Webster	F	F18-24	51	7:03:47	0:45:59	0:09:31	3:39:54	0:07:36	2:20:47	United Kingdom	
66a5f6f9-dbd8-f011-8543-6045bd05fcc1	1403	Tanel Tin	M	M25-29	264	7:03:56	0:37:48	0:10:50	3:54:44	0:06:16	2:14:18	Cyprus	
8024e9db-d2ee-f011-8407-0022480b738e	1404	Owen Harries	M	M25-29	265	7:03:56	0:39:11	0:07:04	3:43:20	0:04:06	2:30:16	United Kingdom	
4486c698-da7d-4623-875b-4dca918e3173	1405	Chrissie Thomas	F	F40-44	18	7:04:16	0:40:57	0:08:11	3:30:47	0:04:49	2:39:33	United Kingdom	
f754b55e-8e07-4e63-858c-2de7b410745a	1406	Carl Lewis	M	M40-44	117	7:04:19	0:44:12	0:09:49	3:28:05	0:06:00	2:36:14	United Kingdom	
0e24fc11-e8ec-f011-8544-0022480c097c	1407	Harry Warren	M	M30-34	226	7:04:41	0:41:33	0:08:24	3:50:15	0:05:15	2:19:14	United Kingdom	
ce2ac35b-60ea-f011-8543-000d3a5b5fc7	1408	Reece Marsden	M	M25-29	266	7:04:47	0:47:42	0:08:47	3:28:34	0:06:03	2:33:42	United Kingdom	
379a409b-cda6-f011-bbd3-000d3a5b50ba	1409	Thomas Harrison	M	M30-34	227	7:05:12	0:44:16	0:07:10	3:42:03	0:05:55	2:25:47	United Kingdom	
5ddbbf1e-dce7-f011-8544-000d3a5b7c3b	1410	Julia Meazzo	F	F55-59	5	7:05:26	0:31:09	0:08:48	3:23:41	0:05:52	2:55:55	United Kingdom	
60f44e99-0787-ef11-ac21-000d3a5b3d07	1411	Rachel Judd	F	F30-34	46	7:05:57	0:43:48	0:08:41	3:46:06	0:08:37	2:18:46	United Kingdom	
11e14f23-0af7-f011-8406-00224802de2b	1412	Rosa Jackson	F	F18-24	52	7:06:00	0:40:35	0:07:43	3:43:56	0:06:07	2:27:39	United Kingdom	
71f0e6af-69b3-f011-bbd3-6045bd05fcc1	1413	Max Moore	M	M35-39	167	7:06:02	0:47:23	0:09:21	3:38:12	0:08:24	2:22:43	United Kingdom	
e6574799-b301-f111-8406-0022480b3ee9	1414	clifford marshall	M	M40-44	118	7:06:04	0:38:30	0:08:25	3:27:46	0:06:50	2:44:32	United Kingdom	
331f98fb-b4e2-f011-8544-6045bd09951e	1415	Ethan Butler	M	M18-24	211	7:06:07	0:32:36	0:09:29	3:45:18	0:06:01	2:32:42	Gambia	
9d8fa5e2-4c9a-f011-b4cc-000d3a5cf7d8	1416	Gareth Winnard	M	M40-44	119	7:06:15	0:45:32	0:09:48	3:49:24	0:05:27	2:16:04	United Kingdom	
eed370c0-0aa5-f011-bbd3-000d3a5b7c3b	1417	Toby Andrews	M	M30-34	228	7:06:29	0:36:05	0:09:35	3:34:14	0:08:11	2:38:24	United Kingdom	
a4cfb917-be9e-4d61-9352-d774ab4eabbd	1418	Fed Gibson	M	M50-54	46	7:06:45	0:36:33	0:07:58	3:20:55	0:05:59	2:55:20	United Kingdom	
127f6e67-87ea-f011-8543-000d3a5b5fc7	1419	Alex Naylor Beggs	M	M18-24	212	7:07:13	0:34:01	0:08:31	3:31:50	0:09:02	2:43:49	United Kingdom	
e2e67f27-a9d6-f011-8544-000d3a5cf7d8	1420	Jordan Hale	M	M25-29	267	7:07:33	0:39:09	0:08:58	3:43:30	0:07:16	2:28:40	United Kingdom	
a72d0809-f86d-ef11-a671-000d3a3bda64	1421	Joe Travetti	M	M35-39	168	7:07:37	0:45:33	0:12:28	3:20:56	0:08:37	2:40:04	United Kingdom	
962d8de5-07ec-f011-8544-00224805e61c	1422	Coby Didcock	M	M18-24	213	7:07:44	0:43:44	0:10:45	3:48:42	0:07:46	2:16:47	United Kingdom	
359b4d8f-a5fe-f011-8406-0022480b84a3	1423	Finn Hourigan	M	M18-24	214	7:07:56	0:40:59	0:08:41	3:32:49	0:06:44	2:38:43	United Kingdom	
0d1a5d9c-3d27-495d-a599-24ec30c416e2	1424	Matt Demain	M	M55-59	29	7:08:29	0:44:51	0:08:55	3:35:09	0:05:15	2:34:20	United Kingdom	
2c5fccb9-f909-f111-8406-6045bd08b1a2	1425	Kyle Smith	M	M25-29	268	7:08:40	0:40:31	0:09:22	3:38:23	0:06:47	2:33:37	United States	
d48e42d9-2ae8-f011-8544-000d3a3173b5	1426	Mark Mccornick	M	M30-34	229	7:08:47	0:54:46	0:12:51	3:35:21	0:08:12	2:17:37	United Kingdom	
250acee5-670b-f111-8406-0022480a5755	1427	Ben Vaughan	M	M18-24	215	7:08:47	0:52:52	0:07:45	3:32:40	0:06:55	2:28:35	United Kingdom	
c18664e7-9be8-f011-8544-000d3a5b50ba	1428	Toby Tee	M	M50-54	47	7:09:01	1:01:43	0:11:09	3:21:59	0:12:14	2:21:55	United Kingdom	
4edaf527-caf3-f011-8406-6045bd06566a	1429	Scott De La Mare	M	M45-49	76	7:09:01	0:42:43	0:12:57	3:40:33	0:10:40	2:22:08	Guernsey	
6d090ec3-d8be-417c-b19b-824906e02ebc	1430	David Browning	M	M50-54	48	7:09:02	0:39:02	0:07:26	3:12:03	0:06:50	3:03:41	United Kingdom	
cba8d808-7077-ef11-a670-000d3a30152c	1431	Luke Hope-Robertson	M	M30-34	230	7:09:05	0:42:54	0:09:31	3:30:37	0:05:14	2:40:49	United Kingdom	
99d28442-48df-f011-8544-000d3a35ffc1	1432	Amelia Bateman	F	F18-24	53	7:09:13	0:48:13	0:08:26	3:30:17	0:06:08	2:36:10	United Kingdom	
133f2a95-0bc7-f011-bbd3-000d3a3173b5	1433	Jordan Oliver	M	M30-34	231	7:09:16	0:41:49	0:09:12	3:56:26	0:05:32	2:16:17	United Kingdom	
56869a0d-d90f-f111-8406-0022480b35b6	1434	Craig Ward	M	M35-39	169	7:09:18	0:54:55	0:08:20	3:31:32	0:06:43	2:27:48	United Kingdom	
a164230a-ef7c-f011-b4cc-0022480a7385	1435	Katy White	F	F45-49	17	7:09:23	0:47:57	0:08:52	3:39:29	0:09:38	2:23:28	United Kingdom	
0a0efdd1-0ba5-f011-bbd3-0022480a7385	1436	Joshua Sherrin	M	M40-44	120	7:09:31	0:46:40	0:09:40	3:22:43	0:08:17	2:42:10	United Kingdom	
551c8e94-39d1-f011-bbd3-6045bd09951e	1437	Phil Wright	M	M40-44	121	7:09:39	0:41:16	0:13:50	3:46:46	0:08:51	2:18:55	United Kingdom	
da78bdcc-c067-f011-bec3-000d3a5b50ba	1438	Paul Craven	M	M45-49	77	7:09:45	0:41:41	0:09:16	3:34:12	0:07:40	2:36:56	United Kingdom	
ba15ffd1-a5e8-f011-8544-000d3a5b50ba	1439	Wesley Lawson	M	M30-34	232	7:09:58	0:40:57	0:08:28	3:54:37	0:06:04	2:19:51	United Kingdom	
aad369e4-bfaa-f011-bbd3-6045bd09951e	1440	Annie Starkey	F	F30-34	47	7:10:05	0:52:19	0:06:22	3:50:47	0:06:01	2:14:36	United Kingdom	
79a55cce-48ee-f011-8407-6045bd04a162	1441	Luke Hayes	M	M18-24	216	7:10:06	0:40:58	0:12:00	3:33:23	0:08:59	2:34:46	United Kingdom	
73749049-10a5-f011-bbd2-6045bd026214	1442	James Ackroyd	M	M40-44	122	7:10:23	0:44:35	0:10:22	3:56:02	0:05:31	2:13:51	United Kingdom	
8666dc40-a986-f011-b4cc-000d3a5b7c3b	1443	Nick Hill	M	M40-44	123	7:10:32	0:38:36	0:07:56	3:20:30	0:07:12	2:56:18	United Kingdom	
6e743882-5b68-4556-aa3d-c4244d9e8363	1444	Mark Jones	M	M65-69	5	7:10:41	0:46:36	0:10:29	3:27:23	0:09:31	2:36:42	United Kingdom	
782acc14-3f74-ef11-a670-00224809fd7c	1445	Stuart Gordon	M	M55-59	30	7:10:50	0:46:12	0:09:39	3:42:15	0:07:32	2:25:12	United Kingdom	
2ec48c11-a410-46d2-8d06-fcf7b4e779fc	1446	Joe Robb	M	M35-39	170	7:10:53	0:47:59	0:09:14	3:28:36	0:09:41	2:35:22	United Kingdom	
9d048c48-82a6-f011-bbd3-6045bd05f634	1447	Amy Foster	F	F40-44	19	7:10:53	0:44:34	0:09:02	3:50:35	0:05:21	2:21:20	United Kingdom	
9d2bbebc-13a5-f011-bbd3-000d3a5b50ba	1448	Helena Nunan	F	F45-49	18	7:11:05	0:44:56	0:10:14	3:36:56	0:08:02	2:30:57	United Kingdom	
0ace8a3e-cbff-450a-b88c-0c5d07a17a9f	1449	George Haywood	M	M35-39	171	7:11:07	0:50:19	0:09:01	3:36:25	0:05:59	2:29:23	United Kingdom	
dfffc8ee-4b9d-f011-b41b-000d3a5a5dc2	1450	Jenni Whale	F	F35-39	26	7:11:09	0:40:28	0:08:44	3:43:44	0:05:25	2:32:48	United Kingdom	
392e5116-8fca-ef11-b8e8-6045bd088264	1451	Jessica Elliott	F	F30-34	48	7:11:32	0:47:47	0:09:40	3:27:31	0:09:42	2:36:52	Guernsey	
d1cb34e6-5301-f111-8406-0022480b88da	1452	Chinmay Sharma	M	M18-24	217	7:11:42	0:44:12	0:12:51	3:48:37	0:06:30	2:19:32	United Kingdom	
dfc513f9-b906-f111-8406-002248046ec8	1453	Aaron McBride	M	M30-34	233	7:11:54	0:47:02	0:12:36	3:42:35	0:08:07	2:21:32	Ireland	
c0831a40-22b3-f011-bbd3-000d3a5cf7d8	1454	Elin Cox	F	F40-44	20	7:11:56	0:34:36	0:09:11	3:31:13	0:08:11	2:48:45	United Kingdom	
78663020-9634-e511-9403-005056951bf1	1455	Ross Gardner	M	M35-39	172	7:12:29	0:50:30	0:10:04	3:29:22	0:04:16	2:38:17	United Kingdom	
94ff661c-c805-f111-8406-002248081bd6	1456	TOBY GILLATT	M	M18-24	218	7:12:38	0:44:27	0:08:58	4:06:01	0:03:49	2:09:24	United Kingdom	
8f4254ef-00a6-f011-bbd3-000d3a5cf7d8	1457	Ellie Brown	F	F25-29	85	7:12:45	0:47:47	0:08:31	3:47:42	0:08:02	2:20:44	United Kingdom	
a11846d1-7ada-f011-8544-0022480a7385	1458	Stephen Hare	M	M30-34	234	7:12:46	0:45:47	0:09:36	3:28:08	0:05:29	2:43:45	United Kingdom	
5fae0ce2-32e7-f011-8544-000d3a35ffc1	1459	Will Smith	M	M25-29	269	7:12:48	0:42:56	0:10:48	3:48:20	0:10:17	2:20:27	United Kingdom	
faab1eef-aad3-f011-8544-000d3a5cf7d8	1460	Victoria Bray	F	F55-59	6	7:12:59	0:44:01	0:12:06	3:51:21	0:08:18	2:17:12	United Kingdom	
983ee798-1afe-f011-8406-000d3a5d40b5	1461	Isabella Moyles	F	F25-29	86	7:13:12	0:37:15	0:09:22	3:51:24	0:05:35	2:29:35	United Kingdom	
00845074-ee10-49bd-a89c-d3292bafdfb3	1462	Georgia Smith	F	F30-34	49	7:13:18	0:45:06	0:09:27	3:19:08	0:09:11	2:50:26	United Kingdom	
9c26669a-0ba9-f011-bbd3-000d3a5b7c3b	1463	Sam Slocombe	M	M18-24	219	7:13:20	0:41:54	0:11:46	3:24:41	0:15:06	2:39:53	United Kingdom	
b721d606-be46-f011-877a-0022480c097c	1464	Luke Thompson	M	M25-29	270	7:13:22	0:50:19	0:08:58	3:48:30	0:05:16	2:20:18	United Kingdom	
953f9204-b6a5-f011-bbd3-000d3a35ffc1	1465	Emily Sole	F	F35-39	27	7:13:22	0:41:07	0:07:17	3:53:28	0:06:31	2:25:00	United Kingdom	
926663f1-199c-4454-bf19-0a5946748e9b	1466	Sonia Latham	F	F50-54	5	7:13:25	0:42:09	0:09:09	3:38:05	0:05:31	2:38:31	United Kingdom	
ee998ebb-05a5-f011-bbd3-000d3a5cf7d8	1467	Rob Cowlan	M	M35-39	173	7:13:26	0:41:48	0:08:00	3:18:09	0:07:55	2:57:33	United Kingdom	
8893a98f-92ef-f011-8407-0022480b738e	1468	Jodie Wilmot Green	F	F25-29	87	7:13:29	0:51:01	0:09:58	3:35:15	0:06:08	2:31:08	United Kingdom	
df484420-f511-4c3d-b83b-fa4e0adebbe2	1469	Andrew Morris	M	M50-54	49	7:13:30	0:44:35	0:10:24	3:37:33	0:06:28	2:34:30	United Kingdom	
f1ddea58-23ee-4d4c-991d-90f2ef2c6e36	1470	Matthew Lambert	M	M55-59	31	7:13:46	0:44:58	0:10:18	3:38:42	0:06:35	2:33:13	United Kingdom	
f0cdba38-09a5-f011-bbd3-6045bd05fcc1	1471	Murray Coueslant	M	M25-29	271	7:13:55	0:32:38	0:08:15	3:46:00	0:09:50	2:37:12	United Kingdom	
85e26c8e-2ab8-f011-bbd3-000d3a5cf7d8	1472	Greg Stretton	M	M25-29	272	7:13:57	0:46:18	0:08:53	3:48:01	0:09:23	2:21:20	United Kingdom	
acce36cc-c399-f011-b4cc-000d3a3173b5	1473	Richard Large	M	M30-34	235	7:14:00	0:48:04	0:13:52	3:23:45	0:12:12	2:36:08	United Kingdom	
5722cc5d-4afd-f011-8406-0022480a5755	1474	Katie Errington	F	F25-29	88	7:14:03	0:38:17	0:08:37	3:28:39	0:09:19	2:49:11	United Kingdom	
9074e76e-78ce-4201-889d-c7032fe03157	1475	Elisabeth Oag	F	F30-34	50	7:14:11	0:41:58	0:07:28	3:52:00	0:06:26	2:26:18	United Kingdom	
12dd5c8c-0ba5-f011-bbd3-000d3a5b7c3b	1476	Steve Marsland	M	M55-59	32	7:14:14	0:45:57	0:11:08	3:35:15	0:07:39	2:34:15	United Kingdom	
6b84818d-0aa5-f011-bbd3-0022480a7385	1477	Joel Marsland	M	M25-29	273	7:14:14	0:42:00	0:10:06	3:40:14	0:07:41	2:34:14	United Kingdom	
6df9ef2f-e5cd-f011-bbd3-6045bd05fcc1	1478	Fabian Hasewinkel	M	M30-34	236	7:14:22	0:44:05	0:09:26	3:32:02	0:06:30	2:42:19	Netherlands	
9c85f0bd-6369-43f3-809d-53dcdc8c1831	1479	Tony Hoare	M	M70-74	2	7:14:34	0:44:13	0:12:09	3:33:53	0:07:48	2:36:29	United Kingdom	
bfb657ee-a67f-f011-b4cc-000d3a3173b5	1480	Ruth Gray	F	F45-49	19	7:14:49	0:44:01	0:08:43	3:34:46	0:06:20	2:41:00	United Kingdom	
4c72da41-ae92-ef11-ac21-000d3a5a1803	1481	Stephen Pickering	M	M60-64	24	7:14:50	0:43:26	0:08:59	3:34:39	0:05:44	2:42:02	United Kingdom	
60001d0a-fa7e-f111-ab0e-70a8a59b0458	1482	Ahyaan Ismail	M	M18-24	220	7:15:14	0:49:02	0:09:56	3:45:29	0:08:40	2:22:07	State of Palestine	
d36dcd37-2d16-f111-8341-0022480a5755	1483	Thomas Webb	M	M25-29	274	7:15:28	0:50:04	0:10:01	3:39:36	0:06:57	2:28:50	United Kingdom	
2b2b4f26-efa7-f011-bbd3-000d3a35ffc1	1484	Dave Tottman	M	M35-39	174	7:15:34	0:42:20	0:09:19	3:40:27	0:05:46	2:37:41	United Kingdom	
6ab9d9ec-3665-ef11-bfe3-00224809fd7c	1485	Matthew Willis	M	M25-29	275	7:15:42	0:41:56	0:13:38	3:54:51	0:06:46	2:18:31	United Kingdom	
9efab955-4900-f111-8406-0022480b88da	1486	William Jukes	M	M18-24	221	7:15:48	0:47:48	0:09:11	3:58:37	0:05:39	2:14:33	United Kingdom	
072a6cee-9fa0-f111-b8db-00224802f25a	1487	Jay C		M25-29	276	7:15:51	0:49:15	0:09:18	3:45:27	0:06:05	2:25:47	United Kingdom	
00cda536-4bd8-f011-8544-000d3a5b7c3b	1488	Endre Gal	M	M45-49	78	7:16:03	0:58:01	0:20:26	3:46:48	0:10:01	2:00:46	United Kingdom	
97876365-15a5-f011-bbd3-000d3a5b50ba	1489	David Edgar	M	M35-39	175	7:16:12	0:50:49	0:09:59	3:31:43	0:04:29	2:39:12	United Kingdom	
5de92420-ba55-ef11-a317-00224809fd7c	1490	Joe Cox	M	M25-29	277	7:16:26	0:37:01	0:08:35	3:49:04	0:05:41	2:36:05	United Kingdom	
9ed90159-0d04-f111-8406-002248046451	1491	Maxim Baekelandt	M	M18-24	222	7:16:30	0:45:51	0:11:39	3:35:59	0:07:57	2:35:05	Belgium	
2eef99dd-2aeb-f011-8406-7ced8d3c43b2	1492	Charlotte Francis	F	F30-34	51	7:16:35	0:45:51	0:13:33	3:59:33	0:04:59	2:12:39	United Kingdom	
9ab52aa3-f279-4494-9e4e-c488e4a7a369	1493	Steve Faulkner	M	M45-49	79	7:16:36	0:45:56	0:09:54	3:51:10	0:05:39	2:23:56	United Kingdom	
308e8507-9f0c-41d5-9324-4fc1a583df01	1494	Brady George	M	M40-44	124	7:16:46	0:47:50	0:10:55	3:39:16	0:08:01	2:30:43	United Kingdom	
8a31755e-1592-4070-ad9d-91f0e56be6c6	1495	Euan Leaver	M	M18-24	223	7:16:47	0:53:14	0:09:48	3:51:32	0:07:48	2:14:24	United Kingdom	
1f2eaa9c-d202-f111-8406-0022480b84a3	1496	James Hall	M	M30-34	237	7:16:50	0:44:58	0:10:25	3:29:27	0:09:00	2:42:59	United Kingdom	
00cf76ec-31a6-4102-a531-09b0172aae6c	1497	Albin Karlsson	M	M25-29	278	7:16:51	0:48:12	0:08:50	3:15:50	0:05:37	2:58:22	Sweden	
d9bd18a6-dec9-f011-bbd3-0022480a7385	1498	Aykut Ersoy	M	M40-44	125	7:17:04	0:53:20	0:09:29	3:28:56	0:06:43	2:38:37	United Kingdom	
8f2f89a5-cece-48b6-93fe-ac140223e1ba	1499	Jamie Cohen	M	M30-34	238	7:17:07	0:55:55	0:14:18	3:40:18	0:06:05	2:20:31	United Kingdom	
bd7382dc-3a07-f111-8406-002248046ec8	1500	Daniel Radoi	M	M50-54	50	7:17:11	0:47:24	0:13:16	3:56:38	0:08:13	2:11:39	Romania	
ca7bee45-79da-f011-8543-000d3a5b5fc7	1501	Mikey Wilson	M	M25-29	279	7:17:21	0:51:46	0:10:57	3:55:25	0:06:17	2:12:56	United Kingdom	
17eb6a35-7eba-f011-bbd2-000d3a5b7c3b	1502	Emma Perks	F	F25-29	89	7:17:35	0:45:20	0:09:51	3:50:51	0:07:34	2:23:58	United Kingdom	
c5bed019-a1b4-4827-9ad3-5829f97f1216	1503	Natalie Kennedy	F	F50-54	6	7:17:50	0:37:44	0:10:37	3:44:54	0:07:38	2:36:57	United Kingdom	
38bbd69d-92f0-f011-8407-0022480c370f	1504	Ritvik Joshi	M	M25-29	280	7:17:52	0:42:23	0:10:03	3:55:22	0:07:17	2:22:46	India	
6f516f33-85fc-f011-8406-6045bd08b1a2	1505	מחמוד סתיתיה	M	M18-24	224	7:18:14	0:49:53	0:10:24	3:48:29	0:05:15	2:24:13	Israel	
d98c6415-27e8-f011-8544-000d3a35ffc1	1506	Nicola Gallagher	F	F30-34	52	7:18:18	0:40:43	0:07:17	3:46:05	0:07:33	2:36:40	United Kingdom	
feb63ec5-4d27-f011-8c4d-000d3a5b7c3b	1507	Nason Ezhilchelvan	M	M30-34	239	7:18:21	0:50:21	0:12:26	3:37:29	0:09:27	2:28:38	United Kingdom	
96eae2c5-08a5-f011-bbd3-6045bd05fcc1	1508	Anton Fedotov	M	M25-29	281	7:18:23	0:49:09	0:13:04	3:41:04	0:07:22	2:27:44	United Kingdom	
d297b667-8e68-f011-bec3-6045bd05f634	1509	Daisy Merrell	F	F25-29	90	7:18:23	0:38:20	0:07:20	4:21:53	0:03:47	2:07:03	United Kingdom	
332e2fa5-07a5-f011-bbd3-000d3a3173b5	1510	Amy Kirby	F	F25-29	91	7:18:38	0:44:24	0:10:06	3:40:39	0:09:47	2:33:42	United Kingdom	
040113d4-c78d-f011-b4cc-000d3a3173b5	1511	Joel Sturgess	M	M30-34	240	7:18:44	0:50:42	0:10:31	3:38:29	0:08:08	2:30:54	United Kingdom	
ab549519-27ea-f011-8543-000d3a5b5fc7	1512	Owen Crouch	M	M18-24	225	7:18:45	0:35:04	0:06:20	3:45:41	0:06:34	2:45:05	United Kingdom	
18e10f02-a2fe-4607-97f1-235021894824	1513	Moritz Mueller	M	M40-44	126	7:19:14	0:43:43	0:13:31	3:28:28	0:06:20	2:47:12	Germany	
dd78caaf-980a-f111-8406-002248046ec8	1514	Grace Light	F	F18-24	54	7:19:15	0:43:16	0:11:00	3:48:57	0:07:30	2:28:32	United Kingdom	
4603939c-c759-4dfb-9a6b-c14fbbd3f344	1515	Bernd Starke	M	M60-64	25	7:19:35	0:46:24	0:15:52	3:16:39	0:10:21	2:50:18	Singapore	
85638e9f-734d-4cac-af93-e5129863a4c9	1516	Keith Gardner	M	M55-59	33	7:19:37	0:49:34	0:09:08	3:31:18	0:06:46	2:42:51	United Kingdom	
26831b79-6039-4665-89e0-b510e4682bdd	1517	Grace Hewett	F	F25-29	92	7:19:43	0:37:55	0:07:36	3:19:19	0:05:02	3:09:51	United Kingdom	
3c021930-9b1b-48f2-a03b-db733c73c08b	1518	Matthew Griffin	M	M30-34	241	7:19:45	0:50:10	0:10:22	3:37:12	0:07:34	2:34:26	United Kingdom	
9ebd973f-d1e7-f011-8544-000d3a5b7c3b	1519	Jamie Viner	M	M25-29	282	7:20:20	0:48:21	0:08:35	4:02:45	0:07:15	2:13:23	United Kingdom	
ba76b54b-21bc-f011-bbd3-000d3a35ffc1	1520	Elis Curling	M	M18-24	226	7:20:25	0:39:39	0:10:15	4:22:00	0:04:42	2:03:49	United Kingdom	
ad7081ba-07a5-f011-bbd3-000d3a5b7c3b	1521	Elisabeth Cheyne	F	F25-29	93	7:21:08	0:47:49	0:07:06	3:40:24	0:08:08	2:37:42	United Kingdom	
c4d98625-b3a3-f011-bbd3-6045bd09951e	1522	Tim Monaghan	M	M40-44	127	7:22:23	0:53:12	0:09:19	3:40:29	0:09:01	2:30:23	United Kingdom	
39455a09-51e0-4cea-9b1c-1868101ce62d	1523	Naomi Purssey	F	F35-39	28	7:22:30	0:41:40	0:08:17	3:40:24	0:07:19	2:44:49	United Kingdom	
f02f791a-71c6-f011-bbd2-000d3a5b7c3b	1524	Josh Logan	M	M30-34	242	7:22:34	0:42:20	0:11:30	3:23:12	0:11:50	2:53:42	United Kingdom	
b9c9f3c1-5cba-f011-bbd3-6045bd09951e	1525	Aria van Krimpen	F	F30-34	53	7:22:35	0:54:50	0:08:22	3:46:20	0:04:21	2:28:41	Netherlands	
4cf32d5d-7ec7-f011-bbd3-000d3a3173b5	1526	Lewis Quinn	M	M30-34	243	7:22:35	0:50:03	0:10:23	3:44:35	0:06:24	2:31:11	United Kingdom	
077a38cf-99aa-f011-bbd3-6045bd05fcc1	1527	Harriet Pickering	F	F25-29	94	7:22:37	0:45:33	0:15:36	3:41:47	0:07:58	2:31:44	United Kingdom	
1f50ec32-faf9-f011-8406-0022480a5755	1528	Patrick Doidge	M	M18-24	227	7:22:41	0:41:18	0:09:50	4:11:27	0:06:24	2:13:42	United Kingdom	
27a314b6-06dc-f011-8544-000d3a5b7c3b	1529	George Chambers	M	M18-24	228	7:22:51	0:52:46	0:08:14	3:52:57	0:06:36	2:22:19	United Kingdom	
ba54a9a4-dc6e-f011-bec2-000d3a5cf7d8	1530	Gemma Stokes	F	F30-34	54	7:22:54	0:34:21	0:07:40	4:02:46	0:05:53	2:32:15	United Kingdom	
47f38f22-52ef-48db-8abb-9d7cb3dbaaa5	1531	Jonathan Tytherleigh	M	M45-49	80	7:23:14	0:43:20	0:11:16	3:47:37	0:12:08	2:28:53	United Kingdom	
7e4dfd89-075e-4d71-b365-fdf3abac0be9	1532	Dani Cranton	F	F35-39	29	7:23:24	0:47:14	0:10:41	3:54:34	0:05:54	2:25:02	United Kingdom	
48a36df4-e0ce-ef11-b8e8-000d3a5a403c	1533	Annie Garrood	F	F25-29	95	7:23:32	0:45:07	0:09:02	3:55:02	0:06:06	2:28:15	United Kingdom	
82dcd355-e2bc-4cfb-b5d7-c35d40628a12	1534	Courtenay Smith	F	F30-34	55	7:23:40	0:47:18	0:07:49	3:45:41	0:05:49	2:37:02	United Kingdom	
253fa38f-c6aa-f011-bbd3-000d3a5b7c3b	1535	Maddy Parker	F	F30-34	56	7:24:21	0:35:52	0:09:46	3:58:08	0:09:23	2:31:12	United Kingdom	
4db08e04-1b98-4f65-9bf1-8940b1cabc46	1536	Dean Harris	M	M50-54	51	7:24:29	0:44:44	0:09:09	3:22:53	0:07:32	3:00:12	United Kingdom	
437d7fa9-f86b-f011-bec2-000d3a325bd8	1537	Michael Tison	M	M40-44	128	7:24:39	0:51:00	0:11:13	3:55:44	0:09:14	2:17:28	United Kingdom	
fe5d24aa-83ce-f011-bbd3-000d3a5b7c3b	1538	Ryan Whittaker	M	M50-54	52	7:24:49	0:43:35	0:08:56	3:40:07	0:07:03	2:45:08	South Africa	
d2125813-760b-4a07-b647-10a2ca3aec78	1539	Mark Tickner	M	M30-34	244	7:24:58	0:53:34	0:09:16	3:53:13	0:04:54	2:24:02	United Kingdom	
581e6812-c593-f011-b4cc-000d3a35ffc1	1540	Hope Liversidge	F	F25-29	96	7:25:07	0:40:30	0:08:49	3:51:18	0:05:33	2:38:57	United Kingdom	
34269556-0ba5-f011-bbd3-000d3a5b7c3b	1541	Martha Nutkins	F	F30-34	57	7:25:12	0:41:49	0:09:48	3:37:17	0:09:49	2:46:30	United Kingdom	
43e45026-04ec-f011-8543-000d3a5b5fc7	1542	Nancy Chen Yu Han	F	F18-24	55	7:25:18	0:36:09	0:08:40	3:58:11	0:06:32	2:35:46	United Kingdom	
d833f1bf-8a75-ee11-8179-000d3a314329	1543	Aryan Effat Parvar	M	M18-24	229	7:25:41	0:39:11	0:13:35	3:48:14	0:05:13	2:39:29	United Kingdom	
35a39243-6dea-f011-8544-000d3a5b50ba	1544	Ellie Nandhra	F	F18-24	56	7:25:53	0:56:43	0:09:21	4:12:41	0:06:31	2:00:37	United Kingdom	
86d1a5c6-cd47-4e88-8d78-2c30c0d740ff	1545	Pierre Passeron	M	M40-44	129	7:25:53	0:49:35	0:08:47	3:56:31	0:04:40	2:26:20	France	
bc92e9c8-dc9e-4ba0-906a-73d4295535ef	1546	Sal Mensah	M	M45-49	81	7:26:44	0:55:16	0:14:42	3:49:42	0:07:31	2:19:32	United States	
7ca2ded0-e6e8-f011-8544-000d3a35ffc1	1547	Chris Arriola	M	M30-34	245	7:26:58	0:46:05	0:11:44	3:47:59	0:08:51	2:32:18	Philippines	
88fc5005-eaeb-f011-8544-0022480a7385	1548	Louise Adams	F	F40-44	21	7:27:05	0:53:16	0:11:09	3:58:26	0:08:25	2:15:49	United Kingdom	
35d9e7d8-70c2-4153-91fc-fcaf9e85f2de	1549	Caroline Williams	F	F60-64	1	7:27:16	0:50:13	0:15:16	3:33:55	0:08:09	2:39:42	United Kingdom	
ac78a3d9-1f87-f011-b4cc-6045bd09951e	1550	Fraser Salkeld	M	M25-29	283	7:27:21	0:51:16	0:13:28	3:37:56	0:07:09	2:37:32	United Kingdom	
fd198bdf-4069-f011-bec3-6045bd05fcc1	1551	MaryAnne Jardine	F	F60-64	2	7:27:37	0:46:51	0:10:59	3:44:03	0:08:59	2:36:45	United Kingdom	
fc19a6ec-2efe-f011-8406-7ced8d6de6ad	1552	Hamish Pritchard-Wallace	M	M18-24	230	7:27:55	0:45:08	0:11:43	4:06:01	0:05:40	2:19:23	United Kingdom	
9eabdca5-52a5-f011-bbd3-6045bd05f634	1553	Sarah Crawley	F	F35-39	30	7:28:11	0:44:13	0:11:32	4:03:34	0:08:42	2:20:11	Ireland	
f29c5d9c-8115-f111-8341-002248046451	1554	Dan Pritchard	M	M25-29	284	7:28:35	0:51:26	0:10:32	3:44:22	0:08:35	2:33:40	United Kingdom	
56f60ccf-9d8c-f011-b4cc-0022480a7385	1555	Katherine Acaster	F	F25-29	97	7:28:37	0:58:34	0:14:03	3:54:57	0:04:53	2:16:10	United Kingdom	
eef5b0f7-4bef-f011-8407-0022480c370f	1556	Jonathan Beattie	M	M18-24	231	7:28:42	0:47:07	0:13:21	3:48:26	0:10:33	2:29:14	United Kingdom	
ed5ab4ac-33bb-4384-a3d5-23fc5eed7cd7	1557	Rhys Weeks	M	M35-39	176	7:28:43	0:41:09	0:09:44	3:43:46	0:05:54	2:48:09	United Kingdom	
e4ed0cfd-fd0a-42a2-b247-1faee94b8f2b	1558	Diane Potter	F	F60-64	3	7:29:13	0:56:18	0:13:31	3:33:42	0:11:56	2:33:46	United Kingdom	
cec21d4e-f2a0-41cb-845d-bccb677ad09d	1559	Olly Chanot	M	M30-34	246	7:29:18	0:44:53	0:13:02	3:54:03	0:08:47	2:28:34	United Kingdom	
fb6eec4d-bbde-f011-8543-000d3a5b5fc7	1560	Aishah Yusaf	F	F30-34	58	7:29:30	0:47:23	0:09:34	3:53:59	0:05:10	2:33:23	United Kingdom	
4857bdc0-1f05-f111-8406-0022480994c2	1561	Ian Foston	M	M50-54	53	7:29:49	0:31:29	0:12:12	4:14:14	0:12:38	2:19:16	Australia	
54477192-91ae-f011-bbd3-000d3a5b50ba	1562	Grace Clarke	F	F18-24	57	7:29:52	0:34:30	0:10:15	4:06:11	0:04:55	2:34:00	United Kingdom	
ce3c5bba-0da5-f011-bbd3-000d3a3173b5	1563	Matthew Gouws	M	M35-39	177	7:29:53	0:40:51	0:14:07	3:47:54	0:10:33	2:36:29	South Africa	
4f4942aa-cdee-f011-8407-0022480b738e	1564	Chris Tomlinson	M	M60-64	26	7:30:16	0:43:13	0:15:36	3:42:18	0:10:55	2:38:14	United Kingdom	
bd4d882c-6dd4-f011-8544-000d3a5cf7d8	1565	Graham Bray	M	M55-59	34	7:30:36	0:39:10	0:10:35	3:31:23	0:09:23	3:00:05	United Kingdom	
14ea5338-10a5-f011-bbd3-000d3a5b7c3b	1566	Chloe Easter	F	F35-39	31	7:30:47	0:42:32	0:08:06	4:02:00	0:06:26	2:31:44	United Kingdom	
55c60e28-e3dc-498a-b4b2-013f35ac6a54	1567	Celyn Hanks-Powell	F	F40-44	22	7:30:48	0:44:53	0:09:00	4:08:16	0:03:45	2:24:54	United Kingdom	
96151830-a110-f111-8406-0022480a5755	1568	Gurleen Mann	F	F30-34	59	7:30:48	0:54:50	0:06:22	4:08:09	0:05:18	2:16:10	United Kingdom	
fff18a94-9a65-f011-bec3-000d3a5b50ba	1569	Sophie Loveday	F	F25-29	98	7:30:51	0:38:17	0:07:34	4:25:44	0:05:31	2:13:45	United Kingdom	
5936229a-22f3-f011-8407-6045bd04a162	1570	Kerry McCallum	F	F40-44	23	7:31:00	0:47:16	0:11:17	3:44:59	0:07:53	2:39:35	United Kingdom	
126c96a5-5350-4f36-9e63-d0bf61694eda	1571	Joanne Street	F	F55-59	7	7:31:05	0:47:02	0:10:48	3:38:02	0:07:36	2:47:37	United Kingdom	
e6131fb3-1a16-f111-8341-002248046ec8	1572	Samuel Fullagar	M	M25-29	285	7:31:12	0:46:58	0:08:32	3:54:08	0:07:15	2:34:19	United Kingdom	
b539981f-13a5-f011-bbd3-000d3a5cf7d8	1573	Stephen White	M	M40-44	130	7:31:35	0:46:44	0:08:04	3:47:28	0:06:34	2:42:45	United Kingdom	
e26f199f-03d5-f011-8544-000d3a5b50ba	1574	Dominic Ashton	M	M30-34	247	7:31:52	0:41:04	0:07:43	4:03:39	0:06:31	2:32:56	United Kingdom	
08fd0c11-5fa8-f011-bbd3-6045bd09951e	1575	Owen Lambourne	M	M25-29	286	7:32:16	1:08:51	0:07:31	3:56:39	0:06:18	2:12:57	United Kingdom	
868903c2-267b-4e11-ac6a-bafe5f0c1abe	1576	Jonathan Fahey	M	M50-54	54	7:32:38	0:43:11	0:11:00	3:18:04	0:06:05	3:14:18	Ireland	
db76e689-74b9-f011-bbd2-000d3a5b7c3b	1577	Liza Davis	F	F55-59	8	7:32:39	0:44:16	0:12:37	3:59:20	0:09:12	2:27:15	Ireland	
9d7e4b88-b029-f011-8c4e-000d3a3173b5	1578	Alyssa Thurston	F	F25-29	99	7:32:46	0:39:21	0:10:55	3:35:53	0:08:43	2:57:53	New Zealand	
f3401268-eec3-f011-bbd3-6045bd05fcc1	1579	Harrison Brown	M	M18-24	232	7:32:51	0:57:54	0:18:30	3:29:30	0:13:45	2:33:12	United Kingdom	
edab7080-ef6e-48dd-b225-381f2b3cda9e	1580	Ruth Russell	F	F25-29	100	7:33:25	0:32:08	0:07:27	4:06:57	0:06:34	2:40:21	United Kingdom	
28583d09-0753-ef11-a317-6045bd0953ac	1581	Alexis Tonkin	F	F25-29	101	7:33:30	0:48:24	0:08:32	3:38:14	0:06:53	2:51:27	United Kingdom	
5cfc6a79-28a5-f011-bbd2-6045bd026214	1582	Alistair Downton	M	M60-64	27	7:33:37	0:47:30	0:11:59	3:51:29	0:06:44	2:35:55	United Kingdom	
79fa623a-b0bb-f011-bbd3-6045bd05fcc1	1583	El mehdi Chebbale	M	M35-39	178	7:34:00	1:06:41	0:12:28	3:56:15	0:05:29	2:13:07	Monaco	
15fe31c1-c0ae-490f-9475-46a44cc3e804	1584	Andy Davies	M	M55-59	35	7:34:02	0:33:38	0:10:57	3:39:41	0:09:38	3:00:06	United Kingdom	
9c068f3f-62f8-4b68-8e4b-68c52d8bdf56	1585	Rob Enderby	M	M55-59	36	7:34:14	0:47:17	0:08:24	3:49:59	0:05:58	2:42:37	United Kingdom	
665ba673-a196-ef11-8a6a-6045bd02949c	1586	Simon Kirby	M	M45-49	82	7:34:36	0:40:54	0:12:46	3:47:52	0:07:16	2:45:47	France	
1613851f-0fec-f011-8544-6045bd05f634	1587	Lynda Fox	F	F55-59	9	7:34:44	0:51:31	0:09:42	3:42:59	0:06:55	2:43:37	United Kingdom	
2ee6b854-afa5-f011-bbd3-000d3a5b7c3b	1588	Lucy Joyce	F	F25-29	102	7:34:53	0:37:36	0:07:31	3:52:45	0:13:56	2:43:04	United Kingdom	
0b7ea782-ae5f-427c-b0b9-823cb31fd9b0	1589	Yeslyn Casasola	F	F35-39	32	7:35:03	0:51:12	0:12:29	3:36:00	0:08:52	2:46:29	United States	
ebe83a68-02da-f011-8544-000d3a35ffc1	1590	Madeleine Symes	F	F25-29	103	7:35:07	0:46:38	0:08:21	4:07:45	0:05:04	2:27:18	United Kingdom	
4f53b811-c1cf-f011-bbd3-000d3a5b50ba	1591	Katherine McGorman	F	F25-29	104	7:35:12	0:50:21	0:12:32	4:06:58	0:04:36	2:20:45	United Kingdom	
90fb940d-04fa-f011-8406-0022480994c2	1592	Joseph Hearne	M	M18-24	233	7:35:27	0:36:19	0:08:32	3:38:37	0:06:22	3:05:37	United Kingdom	
d6500d1a-36b2-4d80-aff1-ce91f168509e	1593	Katie Arnold	F	F25-29	105	7:35:52	0:48:19	0:09:23	4:13:06	0:07:43	2:17:21	United Kingdom	
535355a0-e8b8-f011-bbd3-000d3a5b50ba	1594	Richard Gannon	M	M30-34	248	7:35:57	0:43:37	0:11:33	3:53:31	0:08:53	2:38:23	United Kingdom	
9b543754-b946-f011-877a-6045bd05f634	1595	Evan Scanlan	M	M18-24	234	7:36:03	0:50:39	0:17:03	4:00:57	0:11:59	2:15:26	United Kingdom	
270a6140-f4bc-f011-bbd3-000d3a3173b5	1596	Beth Payne	F	F35-39	33	7:36:10	0:45:16	0:06:46	3:57:21	0:04:01	2:42:46	United Kingdom	
95d70a8d-299b-f011-b4cc-6045bd05fcc1	1597	Lily Shepherd	F	F18-24	58	7:36:21	0:50:34	0:12:08	4:07:15	0:07:34	2:18:50	United Kingdom	
f51e19ce-1d45-4726-be7f-6f980d5edf72	1598	Gareth Driffill	M	M40-44	131	7:36:31	0:52:01	0:12:41	3:54:16	0:09:29	2:28:05	United Kingdom	
8a2ba594-b7d3-f011-8544-000d3a5cf7d8	1599	Rhiannon Simmons	F	F25-29	106	7:36:40	0:43:58	0:13:37	4:07:11	0:05:22	2:26:32	United Kingdom	
ecf90422-a89e-f011-b41c-6045bd05fcc1	1600	daniel aspinall	M	M18-24	235	7:36:41	0:45:43	0:08:56	3:48:24	0:05:32	2:48:05	United Kingdom	
861f377b-2392-f011-b4cc-000d3a5b50ba	1601	Gary Martin	M	M50-54	55	7:37:10	0:45:43	0:10:37	3:37:13	0:07:39	2:55:58	United Kingdom	
2f4b039e-950e-f111-8406-0022480a5755	1602	William Twyford	M	M18-24	236	7:37:19	0:47:51	0:09:21	4:04:53	0:06:45	2:28:29	United Kingdom	
a26cc299-b8ac-f011-bbd3-000d3a5cf7d8	1603	Jay Bullock	M	M25-29	287	7:37:21	0:42:15	0:09:48	4:14:25	0:04:33	2:26:19	United Kingdom	
725a78ef-7fb5-463d-99be-a0cf7f25c944	1604	Amy Cottrell	F	F30-34	60	7:37:36	0:42:39	0:09:26	3:53:32	0:07:09	2:44:50	United Kingdom	
1e29a364-9e38-ef11-8409-6045bd079a13	1605	Helen Plumridge	F	F50-54	7	7:37:37	0:48:18	0:09:42	3:59:03	0:08:00	2:32:33	United Kingdom	
cd11ceee-1ca5-f011-bbd3-000d3a35ffc1	1606	Joshua Smith	M	M30-34	249	7:37:53	0:42:39	0:08:23	3:52:35	0:06:27	2:47:50	United Kingdom	
3e42ae9a-5b5d-f011-bec2-000d3a5b50ba	1607	Sam Ablitt	M	M40-44	132	7:37:58	0:55:12	0:12:50	3:40:25	0:06:42	2:42:50	United Kingdom	
d66c9a2d-f0ba-f011-bbd3-000d3a5b50ba	1608	Tomasz Sobkowiak	M	M40-44	133	7:38:04	0:52:40	0:13:41	3:28:15	0:13:45	2:49:42	Poland	
90a1af4f-00ab-4122-9c08-10651fa13cc9	1609	Barbara Toffani	F	F55-59	10	7:38:28	0:46:33	0:10:04	3:46:53	0:08:21	2:46:37	France	
1fb2ba00-a2cc-f011-bbd3-000d3a35ffc1	1610	Samuel hadfield	M	M18-24	237	7:38:48	0:39:02	0:11:53	4:33:55	0:03:40	2:10:18	United Kingdom	
ed505f6c-e19c-f111-b8dc-0022480a5755	1611	Sujel Miah	M	M45-49	83	7:39:55	0:47:53	0:13:44	4:11:35	0:11:49	2:14:54	United Kingdom	
f7b8a1d7-4beb-f011-8544-0022480a7385	1612	MARK PAVER	M	M60-64	28	7:40:05	0:55:57	0:13:07	3:57:09	0:11:50	2:22:03	United Kingdom	
4bfceade-2845-4548-bd0a-d959b0b6ccc9	1613	Pierre Dezoomer	M	M35-39	179	7:41:41	0:45:07	0:07:04	4:30:19	0:05:42	2:13:28	France	
35c87703-8092-f011-b4cc-0022480a7385	1614	Klaus Stonewright	M	M30-34	250	7:42:04	0:47:07	0:08:33	3:55:36	0:07:54	2:42:55	United Kingdom	
9637c5bc-50b3-f011-bbd3-6045bd05f634	1615	Gareth Edgell	M	M45-49	84	7:42:09	0:47:46	0:13:57	3:49:40	0:06:26	2:44:19	United Kingdom	
e31b0f35-448f-456b-bc16-f7db6eefbfed	1616	Natalie Walters	F	F50-54	8	7:42:42	0:54:21	0:08:05	3:52:14	0:11:12	2:36:50	United Kingdom	
dd5008ef-0959-4414-b36b-39aacadd2aa4	1617	Darren Yearsley	M	M50-54	56	7:43:06	0:39:31	0:10:16	3:38:19	0:08:57	3:06:03	United Kingdom	
1f93e09f-1b99-f011-b4cc-000d3a5b7c3b	1618	Kiall Brown	M	M18-24	238	7:44:13	0:55:33	0:08:09	3:42:38	0:04:40	2:53:14	United Kingdom	
6a93cd17-b9a9-f011-bbd3-000d3a5b50ba	1619	Edward Salaman	M	M25-29	288	7:44:32	0:39:33	0:08:48	4:13:14	0:04:12	2:38:45	United Kingdom	
b02a8772-6d07-f111-8406-7ced8d3c89d9	1620	Rachel Heath	F	F30-34	61	7:44:38	0:47:07	0:10:04	4:06:22	0:05:57	2:35:08	United Kingdom	
86c2a62d-fa10-f111-8406-000d3a355e28	1621	Darren Matthews	M	M55-59	37	7:44:45	0:45:28	0:10:34	3:58:37	0:07:51	2:42:15	United Kingdom	
6df8e92b-0aa5-f011-bbd3-002248098cfa	1622	Alfie Pagan	M	M18-24	239	7:44:59	0:40:34	0:12:57	4:15:04	0:05:24	2:31:00	United Kingdom	
0ae16d36-2e14-f111-8406-0022480994c2	1623	Kyle Williams	M	M18-24	240	7:45:15	0:49:44	0:07:29	3:57:57	0:07:49	2:42:16	United Kingdom	
03640ddc-22ad-f011-bbd3-6045bd05fcc1	1624	Sarah Matthews	F	F30-34	62	7:45:17	0:57:53	0:08:40	4:05:17	0:07:19	2:26:08	Ireland	
e64a08b9-1d04-4a4e-b3e6-d5ef48179b65	1625	Karsten Jakuschona	M	M55-59	38	7:45:22	0:44:30	0:09:23	3:42:14	0:07:42	3:01:33	Germany	
e715d2c0-5bba-f011-bbd3-6045bd05fcc1	1626	Daryl Farmer	M	M50-54	57	7:45:45	0:51:08	0:12:08	4:04:38	0:08:39	2:29:11	United Kingdom	
31beb5f3-09d8-46ab-8357-e8ddc2112fb2	1627	Christian Heiler	M	M45-49	85	7:45:55	0:44:33	0:09:06	3:39:56	0:06:37	3:05:43	United Kingdom	
90e9a4e2-d3e7-f011-8544-6045bd09951e	1628	Angus Harrison	M	M30-34	251	7:46:25	0:46:42	0:08:43	4:26:53	0:04:22	2:19:43	United Kingdom	
e57c83ac-06a5-f011-bbd3-000d3a3173b5	1629	Sam Breaks	M	M25-29	289	7:46:36	0:36:38	0:07:03	4:07:55	0:04:36	2:50:24	United Kingdom	
28ba8862-d7b7-f011-bbd3-6045bd05fcc1	1630	Elliot Whitfield	M	M18-24	241	7:46:50	0:49:42	0:11:00	4:03:19	0:04:05	2:38:43	United Kingdom	
b829a636-f7be-f011-bbd3-000d3a3173b5	1631	Thea Kouraki	F	F40-44	24	7:47:01	0:51:07	0:10:32	4:03:17	0:05:59	2:36:05	United Kingdom	
f023466d-e0ce-f011-bbd3-000d3a35ffc1	1632	Charlotte Fox	F	F40-44	25	7:47:03	0:49:15	0:09:04	3:52:52	0:04:32	2:51:20	United Kingdom	
b7140e5e-b7b0-f011-bbd3-6045bd05fcc1	1633	Katie van der List	F	F18-24	59	7:47:26	0:45:21	0:09:01	3:54:44	0:08:55	2:49:26	United Kingdom	
7389de41-33ae-4f0f-8a6b-6d63885141bd	1634	Chris Orridge	M	M45-49	86	7:47:34	0:43:49	0:10:03	3:44:34	0:06:39	3:02:28	United Kingdom	
6812542d-5bd8-e911-a996-000d3a34ecdb	1635	Alun Rees	M	M40-44	134	7:47:44	1:01:09	0:11:56	3:43:12	0:07:48	2:43:38	United Kingdom	
277d0f7e-0aa5-f011-bbd3-000d3a5b7c3b	1636	Thomas Holl	M	M25-29	290	7:47:52	0:41:21	0:10:53	4:27:34	0:08:31	2:19:33	United Kingdom	
5a02e6f4-53eb-f011-8544-000d3a35ffc1	1637	Nick Pepin	M	M55-59	39	7:47:55	0:37:08	0:08:23	4:13:27	0:09:39	2:39:18	United Kingdom	
d2629111-d3c2-f011-bbd3-000d3a5cf7d8	1638	Ben Antrobus	M	M30-34	252	7:48:09	0:43:40	0:13:28	4:12:09	0:10:25	2:28:27	United Kingdom	
520886a2-01ec-f011-8406-000d3a5cc316	1639	Neil Macdonald	M	M45-49	87	7:48:19	0:56:30	0:10:32	3:59:34	0:05:57	2:35:47	United Kingdom	
8a7ba4e7-3565-ef11-bfe3-00224808301f	1640	Mari Wall	F	F55-59	11	7:48:23	0:43:09	0:13:45	3:59:25	0:09:07	2:42:58	Ireland	
082080f2-ce9a-412c-a87d-e046b8343d01	1641	Claire Morgan	F	F65-69	1	7:48:38	0:44:14	0:11:45	3:48:54	0:09:50	2:53:56	United Kingdom	
03d9becd-1c1b-f111-8341-6045bd06566a	1642	Phoebe Papandrea	F	F18-24	60	7:48:42	0:47:12	0:09:14	4:17:36	0:04:35	2:30:05	United Kingdom	
ea592d43-cb67-f011-bec1-6045bd09db3d	1643	Elissa Williams	F	F35-39	34	7:49:22	0:49:21	0:08:28	4:03:35	0:07:30	2:40:27	United Kingdom	
0ee39b99-a191-f011-b4cc-000d3a5b7c3b	1644	Dean Baber	M	M25-29	291	7:49:35	0:47:13	0:10:14	4:05:56	0:08:38	2:37:33	United Kingdom	
779b3922-38b3-ec11-983f-00224806b6e6	1645	Georgina Bailey	F	F25-29	107	7:49:51	0:39:35	0:08:28	3:52:38	0:04:33	3:04:36	United Kingdom	
66ebe71f-0ba5-f011-bbd3-6045bd05f634	1646	Olivia Monks	F	F25-29	108	7:49:52	0:37:29	0:11:53	3:56:38	0:12:07	2:51:46	United Kingdom	
20bc12da-763d-4859-83a3-6743b6562eac	1647	Stephen Allen	M	M70-74	3	7:49:54	0:51:30	0:18:00	3:51:43	0:07:06	2:41:35	United Kingdom	
2dc266e3-b2a9-f011-bbd3-6045bd05fcc1	1648	James Olley	M	M35-39	180	7:49:55	0:52:59	0:11:58	4:16:37	0:03:56	2:24:26	United Kingdom	
b66eba9e-c9eb-f011-8544-0022480c097c	1649	Steven Kilbourne	M	M60-64	29	7:50:25	0:44:07	0:10:05	4:02:14	0:08:02	2:45:56	British Virgin Islands	
89dbde3d-7cfb-4333-bb4c-d593927c942a	1650	Keeley Driver	F	F30-34	63	7:50:42	0:49:07	0:07:40	4:01:54	0:04:46	2:47:14	United Kingdom	
5c9907fc-4aa7-f011-bbd3-6045bd09951e	1651	Molly Hewer	F	F18-24	61	7:50:49	0:47:19	0:07:22	4:13:33	0:05:19	2:37:15	United Kingdom	
95dd0b7d-abc3-f011-bbd3-000d3a35ffc1	1652	Kai Pelle	M	M35-39	181	7:50:51	0:48:08	0:07:15	3:43:43	0:06:18	3:05:27	United Kingdom	
0dfbff52-6f9d-f011-b41c-6045bd05f634	1653	Lewis Dickson	M	M18-24	242	7:51:03	0:51:52	0:13:19	3:56:20	0:08:08	2:41:24	United Kingdom	
bb6fd630-0ba6-f011-bbd3-6045bd05f634	1654	Linsey Campbell	F	F30-34	64	7:51:03	0:56:10	0:11:12	3:44:41	0:12:29	2:46:31	United Kingdom	
935057aa-f200-f111-8406-0022480b84a3	1655	Robert Archibald	M	M25-29	292	7:51:04	0:44:17	0:13:12	3:48:35	0:07:05	2:57:55	United Kingdom	
89491176-e7e8-f011-8544-000d3a5b7c3b	1656	Paul Marsh	M	M45-49	88	7:51:27	0:54:01	0:15:02	4:05:31	0:08:26	2:28:28	United Kingdom	
214f5359-8cbe-f011-bbd3-6045bd05fcc1	1657	Eoin King	M	M40-44	135	7:52:00	0:50:03	0:08:55	3:56:22	0:07:08	2:49:32	Ireland	
4690d4de-01c2-f011-bbd3-000d3a35ffc1	1658	Daniel Cardwell	M	M40-44	136	7:52:16	0:48:37	0:17:29	4:02:40	0:06:56	2:36:34	United Kingdom	
9663c064-6b18-45d0-bcf7-231292733d07	1659	Luke Marshall	M	M35-39	182	7:52:50	0:48:30	0:08:10	3:45:51	0:05:13	3:05:05	United Kingdom	
4053e072-fc17-4ea7-810a-00cb292db73a	1660	Glen Westley	M	M55-59	40	7:53:17	0:47:28	0:09:57	3:48:58	0:06:32	3:00:22	United Kingdom	
7acd2d53-16a5-f011-bbd2-6045bd026214	1661	Claire Huang	F	F30-34	65	7:53:24	0:51:36	0:07:47	3:53:01	0:06:18	2:54:41	Taiwan	
b0e3d776-35a5-f011-bbd3-002248098cfa	1662	Lauren DiDuca	F	F18-24	62	7:54:15	0:47:08	0:08:52	3:55:17	0:06:05	2:56:54	United Kingdom	
5ea66f44-49e7-f011-8544-000d3a35ffc1	1663	Laura Horsley	F	F45-49	20	7:54:24	0:38:40	0:10:20	3:58:35	0:06:56	2:59:52	United Kingdom	
4401de35-ac20-4a5e-8265-369aaa3426b6	1664	John Moule	M	M60-64	30	7:55:51	0:47:39	0:13:11	3:38:45	0:10:52	3:05:24	United Kingdom	
4e1e346a-0f34-f111-88b4-002248081bd6	1665	Garv Tilokani	M	M18-24	243	7:55:58	0:58:12	0:08:52	4:05:50	0:10:03	2:33:01	Gambia	
5b55bd3f-75c4-f011-bbd3-000d3a5b50ba	1666	Jordan Quinn	M	M30-34	253	7:56:18	0:39:15	0:11:12	4:07:53	0:07:36	2:50:23	Ireland	
88c526a6-08a5-f011-bbd3-000d3a5b7c3b	1667	Abigail Binns	F	F25-29	109	7:56:27	0:51:05	0:11:36	4:13:02	0:05:58	2:34:45	United Kingdom	
5ff75543-953b-ee11-bdf4-000d3a314cac	1668	Jerome Cann	M	M40-44	137	7:57:10	0:43:07	0:08:50	4:04:03	0:04:43	2:56:26	United Kingdom	
7afe3527-db3f-448d-acd9-e0fbcfe96a70	1669	Christopher Clements	M	M60-64	31	7:58:09	0:49:41	0:12:19	4:06:48	0:08:18	2:41:02	United Kingdom	
770f5b89-a9c4-f011-bbd2-6045bd05deae	1670	David Gorton	M	M25-29	293	7:58:11	0:44:25	0:15:39	4:28:32	0:12:13	2:17:22	United Kingdom	
8ad5eb71-ce9e-f011-b41c-6045bd09951e	1671	Dante Reynolds	M	M18-24	244	7:58:15	0:45:09	0:08:08	4:24:16	0:03:50	2:36:52	United Kingdom	
f14b62a0-13a2-f011-bbd3-6045bd05fcc1	1672	Gillian Griffiths	F	F50-54	9	7:58:58	0:50:25	0:08:04	3:50:29	0:06:49	3:03:11	United Kingdom	
60d49d30-21ab-f011-bbd3-000d3a35ffc1	1673	James Woodford	M	M35-39	183	7:59:23	0:42:23	0:08:51	3:54:56	0:05:44	3:07:29	United Kingdom	
ff9a4ce5-5aac-f011-bbd3-000d3a5b7c3b	1674	Danika Castle	F	F25-29	110	7:59:43	0:49:55	0:11:22	4:01:56	0:09:08	2:47:22	United Kingdom	
51d89735-0bd8-ec11-a7b5-00224809f1d7	1675	Robert Squibb	M	M55-59	41	8:01:00	0:34:53	0:12:37	3:51:02	0:08:52	3:13:36	United Kingdom	
4612ea16-71aa-4769-8910-8d4af0fecf8e	1676	Ashley Kirk	M	M40-44	138	8:01:32	0:41:17	0:15:58	3:57:23	0:08:13	2:58:41	United Kingdom	
5f24869f-0ccd-f011-bbd3-000d3a3173b5	1677	Annie Jackson	F	F25-29	111	8:01:41	0:41:11	0:09:19	3:58:54	0:07:07	3:05:10	United Kingdom	
c968536d-a0b5-f011-bbd3-002248098cfa	1678	Jack Pengelly	M	M25-29	294	8:02:16	0:51:00	0:11:44	4:05:53	0:04:05	2:49:35	United Kingdom	
aa455036-0aa5-f011-bbd3-6045bd05fcc1	1679	Matt Farrell	M	M18-24	245	8:03:56	1:03:41	0:07:48	4:17:37	0:07:43	2:27:06	United Kingdom	
beefcf71-ed17-f111-8341-6045bd0329b3	1680	Jack Lockyer	M	M30-34	254	8:04:01	0:44:21	0:13:09	4:26:48	0:08:48	2:30:55	United Kingdom	
d2518b4d-36d1-ef11-8ee9-6045bd018d16	1681	Aaron Barzey	M	M40-44	139	8:04:16	0:50:27	0:11:38	4:19:14	0:06:37	2:36:19	United Kingdom	
271144af-3aac-f011-bbd3-000d3a5b7c3b	1682	Chloe Casserly	F	F25-29	112	8:05:47	0:53:11	0:08:32	4:25:27	0:04:55	2:33:42	United Kingdom	
cba9f703-08ec-f011-8544-00224805e61c	1683	Bradley Cumming	M	M25-29	295	8:05:58	0:46:03	0:15:03	4:00:47	0:06:00	2:58:06	United Kingdom	
765fde1e-8fec-f011-8544-6045bd09fcf5	1684	Cameron Walker	M	M25-29	296	8:07:40	0:48:39	0:10:50	4:02:55	0:05:18	2:59:59	United Kingdom	
8a5cc4cf-18a5-f011-bbd3-000d3a5b50ba	1685	Owen Lloyd	M	M25-29	297	8:07:59	0:39:50	0:10:14	4:13:07	0:05:43	2:59:04	United Kingdom	
3225b5a7-b7a5-f011-bbd3-000d3a35ffc1	1686	Kara White	F	F40-44	26	8:08:34	0:50:47	0:09:57	4:02:58	0:10:27	2:54:25	United Kingdom	
111d1c79-8e9b-f011-b41c-6045bd05fcc1	1687	Tegan Phillips	F	F25-29	113	8:08:51	0:38:18	0:09:05	4:25:00	0:06:43	2:49:44	United Kingdom	
9d9008cf-640b-f111-8406-0022480b88da	1688	Eleanor Hamilton	F	F30-34	66	8:08:57	0:46:53	0:09:03	4:17:44	0:04:32	2:50:46	United Kingdom	
763c8498-19ea-f011-8544-000d3a5cf7d8	1689	Hongyu Qi	M	M25-29	298	8:10:10	0:54:04	0:09:26	4:13:16	0:03:48	2:49:35	United Kingdom	
6b5204f0-0aa5-f011-bbd3-000d3a5b50ba	1690	Robin Doulton	M	M45-49	89	8:12:29	0:55:09	0:14:44	3:44:25	0:10:52	3:07:20	United Kingdom	
826bd5cf-3b10-f111-8406-0022480b84a3	1691	Sofia Victoria Lopez Lugo	F	F30-34	67	8:13:14	0:56:48	0:09:00	4:13:57	0:06:42	2:46:47	Paraguay	
cf01bcda-afc5-f011-bbd3-6045bd09951e	1692	Kitty Bennett	F	F18-24	63	8:14:05	0:54:32	0:09:16	4:16:42	0:08:05	2:45:31	United Kingdom	
b772f15f-7c06-f111-8406-6045bd08b1a2	1693	David Olive	M	M30-34	255	8:15:17	1:03:47	0:13:38	4:10:02	0:08:30	2:39:20	United Kingdom	
409a55b1-bc89-482c-9787-957b80c9d36e	1694	Dan Smith	M	M45-49	90	8:15:23	0:41:46	0:09:26	4:27:55	0:06:08	2:50:07	United Kingdom	
eecb5385-dc10-f111-8406-0022480b35b6	1695	George Waller	M	M18-24	246	8:16:43	0:48:51	0:09:49	4:13:15	0:04:25	3:00:22	United Kingdom	
26d60824-c791-ea11-a811-000d3a5a1bfb	1696	Manthan Manjrekar	M	M25-29	299	8:17:16	1:05:38	0:12:09	4:03:07	0:05:48	2:50:34	India	
57acd95e-160c-f111-8406-000d3a59060c	1697	Jerry Mason	M	M35-39	184	8:17:35	1:05:19	0:07:52	4:07:31	0:07:34	2:49:20	United Kingdom	
19efc8b0-0e92-ef11-ac21-000d3a59a9a1	1698	Karen Barnett	F	F55-59	12	8:19:37	0:53:36	0:12:52	4:11:19	0:08:36	2:53:13	United Kingdom	
9b12ef5f-1fa5-f011-bbd3-6045bd05f634	1699	Daniel Wrigglesworth	M	M30-34	256	8:19:51	0:46:57	0:10:57	4:11:40	0:05:20	3:04:56	United Kingdom	
e491a9ea-1108-f111-8406-0022480994c2	1700	Neve Gabriele	F	F18-24	64	8:20:08	0:58:04	0:11:03	4:20:14	0:03:44	2:47:02	United Kingdom	
c4615882-ad24-ef11-840a-0022480bf80c	1701	Tony Moss	M	M65-69	6	8:20:30	0:49:52	0:14:00	4:19:21	0:06:37	2:50:39	United Kingdom	
f131a7fb-e0a8-f011-bbd3-6045bd09951e	1702	Victoria Wright	F	F30-34	68	8:21:39	0:50:30	0:08:56	4:14:23	0:06:03	3:01:47	United Kingdom	
58d3e47b-7839-4a5b-ab1e-3470b8da6249	1703	Rishipal Yadav	M	M40-44	140	8:22:20	1:00:06	0:13:19	4:11:38	0:07:09	2:50:07	India	
4ca35cb0-494e-ef11-a317-6045bd0953ac	1704	Libby Crouch	F	F30-34	69	8:22:59	0:48:54	0:08:49	4:13:26	0:04:28	3:07:21	United Kingdom	
30337130-c6b1-f011-bbd3-000d3a5b7c3b	1705	Matt Hague	M	M30-34	257	8:23:55	0:46:20	0:13:09	4:21:29	0:10:24	2:52:33	United Kingdom	
100d3c51-09a5-f011-bbd3-6045bd05fcc1	1706	Kyle Smith	M	M18-24	247	8:24:01	0:47:53	0:10:28	4:31:28	0:05:19	2:48:54	United Kingdom	
8fd9ac75-d62b-4181-b85e-72c31ab4a713	1707	Charlie Ranson	M	M70-74	4	8:26:18	0:53:26	0:14:13	4:08:38	0:08:39	3:01:23	United Kingdom	
55e351f3-4c54-488a-b1c2-56a8fe6b71a5	1708	Achille Ramambason	M	M55-59	42	8:28:31	0:38:49	0:12:05	4:15:32	0:06:18	3:15:47	France	
a7eb5664-ce44-44d3-a5f8-983c240253c3	99999	Justin Lawrence	M	M50-54	99999							United Kingdom	DNS
d47d39d4-ace6-f011-8544-000d3a5b7c3b	99999	Jia Heng Chan	M	M25-29	99999		0:50:57	0:13:26				Malaysia	DNF
0be86cf2-39ff-ee11-a1fe-6045bd0158c4	99999	Fin Sinclair	M	M25-29	99999							United Kingdom	DNS
7795d0a9-13b1-f011-bbd3-000d3a5cf7d8	99999	Rob White	M	M18-24	99999		0:54:42	0:13:07				United Kingdom	DNF
effb8ad0-8911-4f7e-849d-cb29585475e5	99999	Steve Richard	M	M75-79	99999	6:59:08	0:57:00	0:15:01	3:26:28	0:12:15	2:08:24	Switzerland	DNF
a1c07616-5fa8-f011-bbd3-000d3a5b50ba	99999	Dominik Szewczyk	M	M25-29	99999		1:27:14	0:17:02				Poland	DNF
ba3189e9-963a-4aaf-a804-69c3c6eea5c7	99999	Stephen Chubb	M	M50-54	99999							United Kingdom	DNS
04a34d66-217c-f011-b4cc-000d3a5cf7d8	99999	Helena Steel	F	F40-44	99999		0:46:14	0:10:42				United Kingdom	DNF
06739d50-d541-4178-8bab-f735308beec4	99999	Nickki Chadwick	F	F35-39	99999		0:52:40	0:09:57				United Kingdom	DNF
88a2131b-fc8f-f011-b4cb-6045bd014966	99999	Alina Skiljic	F	F30-34	99999							Croatia	DNS
4d3867d2-aa66-405d-80b6-921359b78422	99999	Gabriel Toffani	M	M65-69	99999							Argentina	DNS
ca0859df-6815-4366-b91b-0f22e1b55b1a	99999	Mark French	M	M60-64	99999	8:43:00	0:45:57	0:14:28	4:06:39	0:13:27	3:22:29	United States	
5d1b40c4-9bc1-f011-bbd3-6045bd05f634	99999	Mijbil Al Mutawa	M	M18-24	99999							Kuwait	DNF
cc0a77a1-ee06-f111-8406-0022480a5755	99999	Poppy Cowell	F	F18-24	99999		0:52:53	0:08:09				United Kingdom	DNF
098122db-76be-f011-bbd3-6045bd09951e	99999	Jack Parkes	M	M30-34	99999		1:22:22	0:13:05				United Kingdom	DNF
733def96-aa4a-eb11-a813-00224808bb10	99999	Mohammed Alsuayegh	M	M35-39	99999	8:49:32	0:53:51	0:13:24	4:21:07	0:08:42	3:12:29	Saudi Arabia	
3526bbcb-f3df-f011-8544-000d3a3173b5	99999	James Guthrie	M	M35-39	99999	8:40:11	0:56:33	0:12:07	4:14:32	0:05:48	3:11:10	United Kingdom	
54cd508d-7fa4-f011-bbd3-000d3a5cf7d8	99999	Laura Hindley		F25-29	99999		0:32:02					United Kingdom	DNF
4dbafd60-66b3-f011-bbd3-000d3a35ffc1	99999	Liza Thomas	F	F60-64	99999							United Kingdom	DNF
5bf7791f-e6e3-f011-8543-000d3a5b5fc7	99999	Reanne Francis	F	F30-34	99999	6:08:33	0:47:34	0:07:13	3:59:48	0:06:18	1:07:40	United Kingdom	DNF
181646c3-81c8-f011-bbd3-000d3a5b7c3b	99999	Rob Johnson	M	M45-49	99999		0:42:13	0:22:44				United Kingdom	DNF
9348f153-29f7-4dd7-ad63-932a58c66a0a	99999	Andy Fletcher	M	M45-49	99999							United Kingdom	DNS
c4b4829a-2aeb-f011-8544-000d3a35ffc1	99999	Ali Akhavanrad	M	M30-34	99999							Iran	DNS
7c41957d-e1c9-ef11-b8e8-6045bd088264	99999	Fadi Sultagi	M	M50-54	99999	4:49:35	0:43:48	0:08:25	2:55:07	0:02:52	0:59:23	United Kingdom	DNF
8d9a0c6e-08a5-f011-bbd3-0022480a7385	99999	Joshua Reed	M	M25-29	99999							United Kingdom	DNS
26fdce19-5aac-f011-bbd3-000d3a5b7c3b	99999	Seth Why	M	M50-54	99999							United Kingdom	DNS
de3ec5b3-3e89-4248-90be-53f31b1a81c4	99999	Robert Ansari	M	M50-54	99999							United Kingdom	DNS
757a1a91-bbb1-f011-bbd3-000d3a5b7c3b	99999	MICHAEL WILSON	M	M40-44	99999							United Kingdom	DNF
2e7e745c-17b3-f011-bbd3-000d3a35ffc1	99999	Georgina Mills	F	F18-24	99999		0:42:29	0:09:56	4:43:56			United Kingdom	DNF
abc4ebf2-6f01-4985-b738-e9305fec9a9b	99999	Stewart Orrell	M	M60-64	99999		0:34:24	0:06:20	2:44:12			United Kingdom	DNF
b6250d04-a20d-4d6c-b135-d8d2c9e020ff	99999	Johnny Rogers	M	M50-54	99999							United Kingdom	DNS
886d7b2b-f466-4824-9542-a2bf774020b5	99999	Natalie Grainger	F	F35-39	99999							United Kingdom	DNS
446a3792-e6c5-f011-bbd3-6045bd05fcc1	99999	Joel Allen	M	M25-29	99999		0:34:14	0:11:05	4:45:39			United Kingdom	DNF
75c31fd1-83ac-f111-aaab-7c1e528d5074	99999	Diana Osipov	F	F25-29	99999		1:01:54	0:10:24				United Kingdom	DNF
065795f9-38b7-ef11-b8e8-000d3a5a403c	99999	James Cosh	M	M45-49	99999		0:55:00	0:13:01	4:24:17			United Kingdom	DNF
7cc33dd3-07a5-f011-bbd3-000d3a35ffc1	99999	Aled Jones	M	M40-44	99999		0:51:59	0:12:57	4:31:50			United Kingdom	DNF
90212619-7117-46ca-9e73-2ab27fb3bc83	99999	Dave Hamilton	M	M40-44	99999		0:38:30	0:05:53	2:59:18	0:04:37		United Kingdom	DNF
235d5557-387e-4dde-82d4-17645c09f175	99999	Andrew Logie	M	M55-59	99999							United Kingdom	DNS
e0d25e3d-2405-f111-8406-0022480b35b6	99999	Bohdan Naida	M	M25-29	99999							Ukraine	DNS
5bd5016f-53bc-f011-bbd3-6045bd05fcc1	99999	Thuwaini Althuwaini	M	M18-24	99999		1:30:02	0:10:59				Kuwait	DNF
0c4cb3c2-1da5-f011-bbd3-000d3a5b50ba	99999	Abbie Price	F	F18-24	99999							United Kingdom	DNS
0e9e8a08-4ef1-f011-8406-00224804742c	99999	Alex Hyslop	M	M25-29	99999		1:00:33	0:08:55	4:21:16	0:11:23		United Kingdom	DNF
796ada43-0aa5-f011-bbd3-000d3a5b50ba	99999	katie balmer	F	F35-39	99999		1:06:09	0:07:25				United Kingdom	DNF
d75b82e2-e9ea-f011-8544-000d3a5cf7d8	99999	Tom Barnes	M	M35-39	99999							United Kingdom	DNS
3e2b9f1c-5d20-471b-bd92-03839c5ae966	99999	Marie Casey-Breen	F	F70-74	99999		0:55:41	0:16:36	4:18:21			Ireland	DNF
3043f816-b231-f011-8c4e-000d3a3173b5	99999	Renier Helmbold	M	M45-49	99999		1:17:10	0:08:46				United Kingdom	DNF
bf3fa305-679a-f011-b4cc-6045bd09951e	99999	Jonathan Burton-Graham	M	M45-49	99999	8:46:44	0:53:49	0:08:56	4:00:51	0:07:07	3:36:01	United Kingdom	
6ff217ce-09a5-f011-bbd3-000d3a5b7c3b	99999	Jose Bento	M	M40-44	99999							United Kingdom	DNF
b4ee1a74-f45e-4a9b-824a-4ac75be4dacd	99999	Siobhan Murphy	F	F55-59	99999		0:45:12	0:09:27	4:35:50			Ireland	DNF
384419a5-d77e-f011-b4cc-000d3a35ffc1	99999	Phil Roodt	M	M45-49	99999		1:13:37					United Kingdom	DNF
2fc31fca-09a4-4cfb-811e-685af69bc15b	99999	Katharina Rey	F	F50-54	99999							Switzerland	DNS
2ab950c3-7af4-f011-8406-0022480b84a3	99999	Lydia Smith	F	F25-29	99999		0:39:17	0:06:51				United Kingdom	DNF
5e74d9a6-d496-4334-a711-f7414e549a0e	99999	Dermot Costello	M	M45-49	99999							Ireland	DNS
b2e6272a-0aa5-f011-bbd3-000d3a35ffc1	99999	Gideon Vallence	M	M25-29	99999		0:40:43	0:11:32	4:00:39	0:04:48		United Kingdom	DNF
306daca7-98b4-f011-bbd3-6045bd09951e	99999	Francis Owtram	M	M60-64	99999		1:05:51	0:12:01				Ukraine	DNF
0f869eb5-09a5-f011-bbd3-6045bd09951e	99999	Mihaela Madeva	F	F25-29	99999							Bulgaria	DQ
c05e8de4-3d99-ef11-8a6a-000d3a338a3c	99999	Ellie Malley	F	F30-34	99999		0:46:33	0:08:18	4:36:17			United Kingdom	DNF
29901c67-0fa5-f011-bbd3-000d3a35ffc1	99999	Daniel Robertson	M	M40-44	99999		1:11:34					United Kingdom	DNF
6efa99e6-55b0-f011-bbd3-000d3a5b7c3b	99999	Angela Lemkes	F	F35-39	99999	8:31:05	0:41:29	0:09:24	4:26:25	0:09:32	3:04:15	United Kingdom	
8ec76553-2e82-ef11-ac20-000d3a59a9a1	99999	Beverley Tipping	F	F40-44	99999		0:36:51	0:11:04	3:28:16			United Kingdom	DNF
350ea983-21a0-f011-b41c-6045bd05fcc1	99999	Lia Wyn Jones	F	F18-24	99999							United Kingdom	DNF
610d6081-a408-f011-bae2-000d3a5cf7d8	99999	Larisa Makarova	F	F30-34	99999		1:10:50					United Kingdom	DNF
eadf90be-8573-ef11-a670-000d3a308d97	99999	Kim Dempsey	F	F65-69	99999		1:07:32	0:13:09				United Kingdom	DNF
ecde0941-0314-f111-8406-002248081bd6	99999	Callum Dorbane	M	M18-24	99999		1:21:33					United Kingdom	DNF
388bfa6a-da7e-f011-b4cc-0022480a7385	99999	Audrius Puikys	M	M35-39	99999							Lithuania	DNS
ac2359e7-1d78-4302-84b4-90a82e6d9ac8	99999	Vinny Pitman	M	M60-64	99999		0:38:37	0:10:44	3:47:47			United Kingdom	DNF
b6ac0222-74de-414e-89e4-680658c278d9	99999	Nick Fagan	M	M45-49	99999		1:18:11	0:09:41				United Kingdom	DNF
809f9e24-5eda-f011-8544-000d3a35ffc1	99999	Hagar Reef	F	F18-24	99999		0:55:31	0:08:56				United Kingdom	DNF
24c52833-4cf2-f011-8406-6045bd082e57	99999	Jimmy Jung	M	M25-29	99999		0:54:28	0:28:19				United Kingdom	DNF
833a7cd6-c813-f111-8406-6045bd08b1a2	99999	Thomas Brind	M	M30-34	99999		0:59:50	0:09:49	4:13:11	0:07:47		United Kingdom	DNF
f9d903ba-b2a6-f011-bbd3-000d3a5b7c3b	99999	Rabbi Hossain	M	M18-24	99999							United Kingdom	DNF
d1055ecd-8107-f111-8406-7ced8d3c8048	99999	Kyle Sykes	M	M35-39	99999	6:08:14	0:41:11				1:56:05	United Kingdom	DNF
53f9263e-d9f9-4a1f-b3b5-7d99809ce19b	99999	Singh Gurpreet	M	M40-44	99999	8:31:22	0:51:47	0:09:40	4:07:10	0:07:28	3:15:17	India	
25bfa371-9690-f111-8077-6045bd06566a	99999	Pranav R	M	M30-34	99999		1:08:15	0:09:00				India	DNF
fa99555c-36bf-f011-bbd3-6045bd05fcc1	99999	Jimmy Peck	M	M18-24	99999		0:51:50	0:11:42				United Kingdom	DNF
189c1d0c-fc1a-f111-8341-0022480b35b6	99999	Matthew Little	M	M25-29	99999		1:01:46	0:11:34	4:16:46			United Kingdom	DNF
4950b880-1ab3-f011-bbd3-6045bd05fcc1	99999	Beatrice Richmond	F	F25-29	99999		0:46:39	0:09:53	3:17:46			United Kingdom	DNF
7c3f385f-aee2-f011-8544-000d3a35ffc1	99999	Georgia Glynn	F	F25-29	99999		0:56:56	0:09:55				United Kingdom	DNF
ec890d05-4106-4690-af0c-06b037638eb5	99999	Ben Brookes	M	M25-29	99999		0:31:21	0:05:10	2:28:43	0:03:29		United Kingdom	DNF
9cf22375-efa6-f011-bbd3-000d3a5cf7d8	99999	Gordon McNab	M	M40-44	99999		0:44:44	0:09:05	4:53:02			Ireland	DNF
c9a1f283-d233-f011-8c4e-000d3a3173b5	99999	James Hill	M	PC/ID	99999	7:21:20	0:41:55	0:11:27	3:44:29	0:07:19	2:36:11	United Kingdom	
a1597641-e0a4-f011-bbd3-000d3a35ffc1	99999	Igor VON OREL BRONTE	M	M35-39	99999							South Africa	DNS
352a93f0-7d86-f011-b4cc-000d3a5cf7d8	99999	Damian Pawlak	M	M40-44	99999	8:32:34	1:07:24	0:11:25	4:03:20	0:06:02	3:04:23	Poland	
87c6821d-f01f-ea11-a810-000d3a5a1bfb	99999	Artem Rudoi	M	M30-34	99999							Unknown	DNS
5ba10919-a484-f011-b4cc-0022480a7385	99999	Christina Kwong	F	F25-29	99999		0:51:04	0:10:02				United Kingdom	DNF
7fb41861-11de-f011-8544-000d3a3173b5	99999	Alice Keylock	F	F35-39	99999		1:03:50	0:09:05				United Kingdom	DNF
e30e7645-11c2-f011-bbd3-000d3a35ffc1	99999	Oliver Hammond	M	M18-24	99999		0:43:21	0:08:22				United Kingdom	DNF
952dd348-dabf-f011-bbd3-002248098cfa	99999	Sanika Argula	F	F35-39	99999							United Kingdom	DNF
d8347ca6-edea-f011-8544-000d3a35ffc1	99999	Nick Manning	M	M35-39	99999							United Kingdom	DNS
9cedac47-5bdc-f011-8543-000d3a5b5fc7	99999	Erin Connelly-Alcock	F	F25-29	99999		0:52:27	0:09:30				United Kingdom	DNF
6a6ff15b-a6a8-ef11-b8e8-000d3a5ae96c	99999	James Bourne	M	M55-59	99999							United Kingdom	DNS
463c5bde-b81b-f111-8341-0022480b35b6	99999	Lee PICKUP	M	F40-44	99999		0:50:39	0:09:03	4:36:37			United Kingdom	DNF
f5de5542-30c4-ef11-b8e8-000d3a5ae96c	99999	Eric Hutchins	M	M55-59	99999	8:52:41	0:44:51	0:15:29	4:07:37	0:08:41	3:36:03	United Kingdom	
82d81f32-f2eb-f011-8544-0022480a7385	99999	Jack Noble	M	M30-34	99999	6:18:14	0:42:33				1:47:47	United Kingdom	DNF
57b411a1-13a5-f011-bbd3-000d3a35ffc1	99999	Ellen Wilkinson-Skirvin	F	F30-34	99999		0:54:58	0:10:05	4:29:41			United Kingdom	DNF
408adcae-b9cb-f011-bbd3-000d3a3173b5	99999	Lewis Hawkes	M	M25-29	99999							United Kingdom	DNS
7a835e99-81cb-4511-ba08-5dc1a699350f	99999	Thomas Henderson	M	PC/ID	99999	6:33:58	0:32:25	0:11:53	3:23:02	0:06:55	2:19:45	United Kingdom	
0736d935-0184-4d7f-803a-e32f9c0bcee8	99999	Sally Nitti	F	F30-34	99999		0:35:01	0:07:30	3:02:46	0:04:28		United Kingdom	DNF
b6d36345-0d34-ed11-9db1-000d3a338089	99999	Donall Breen	M	M30-34	99999		1:01:33	0:11:31	4:17:33			Ireland	DNF
09bc862d-d31b-f111-8341-6045bd006e57	99999	Liam Budd	M	M18-24	99999		0:27:12	0:04:48	2:43:40	0:03:05		United Kingdom	DNF
4d6f50bd-0477-4ec9-afd9-0882ab2a42bf	99999	Daniel Stüdtgen	M	M45-49	99999							Germany	DNS
0f2e9cb0-b128-ef11-840b-00224809fd7c	99999	Dip Patel	M	M40-44	99999		0:47:07	0:19:54				United Kingdom	DNF
665904ba-86a0-f011-b41c-6045bd09951e	99999	Pietro Benatti	F	M18-24	99999							Italy	DNS
172363f0-02c0-4eb5-bc05-baab17007fb5	99999	Rob Young	M	M40-44	99999		0:41:22	0:09:43	3:02:54			United Kingdom	DNF
1943b0c0-07a5-f011-bbd3-6045bd09951e	99999	Lauren Manning	F	F30-34	99999		0:44:19	0:12:43	4:38:49			United Kingdom	DNF
c04cb59e-c893-f011-b4cc-000d3a5b7c3b	99999	Natasha Anderson	F	F35-39	99999		1:03:51	0:07:57				United Kingdom	DNF
8a81c704-21a5-f011-bbd2-6045bd026214	99999	Neil Biles	M	M65-69	99999		1:13:01	0:17:52				United Kingdom	DNF
73c7e3b5-4297-f011-b4cc-6045bd09951e	99999	Robin Bienenstock	F	F55-59	99999							Canada	DNS
82145395-4650-462b-a4ac-37d5840e4591	99999	Paul Cain	M	M55-59	99999							United Kingdom	DNS
