ContactId	Overall_Rank	Name	Gender	Division	Div_Rank	Total_Time	Swim	T1	Bike	T2	Run	Country	Status
5b06bcc5-5be6-4a57-90f7-26e66c6703cb	1	Conrad Sanders	M	M30-34	1	4:04:52	0:28:39	0:03:16	2:06:20	0:01:37	1:25:00	usa	
4906e70f-3751-444d-b17f-8421231d1785	2	Josef Stone	M	M18-24	1	4:13:03	0:29:28	0:03:41	2:11:26	0:01:21	1:27:07	usa	
a8acfb1d-0b50-4508-be39-857d41a472fa	3	Erik Mahoney	M	M35-39	1	4:17:00	0:29:04	0:03:14	2:13:42	0:02:01	1:29:00	usa	
ceafe3fc-9665-42e9-8007-a2feaf81e771	4	David Guenthardt	M	M45-49	1	4:25:22	0:32:37	0:04:07	2:14:49	0:01:47	1:32:01	usa	
623a5940-c73f-4302-8920-0b2a0dcd78f1	5	Shawn Clark	M	M45-49	2	4:25:46	0:32:20	0:03:29	2:13:23	0:01:49	1:34:44	US	
0d7e034f-4b6e-f011-bec3-6045bd05fcc1	6	Tyler Patterson	M	M18-24	2	4:25:47	0:26:20	0:03:59	2:18:33	0:01:46	1:35:10	usa	
c68f8a2a-bc74-4e79-961c-cf862b3ddef4	7	Tim Hola	M	M50-54	1	4:26:34	0:27:15	0:03:26	2:19:00	0:01:45	1:35:09	usa	
91d615a7-56c6-494e-aea6-865a64028625	8	John Evans	M	M35-39	2	4:27:10	0:31:51	0:04:57	2:19:56	0:01:59	1:28:26	usa	
692a750e-7487-4466-9a79-f0817a414286	9	Zachary Smith	M	M35-39	3	4:27:17	0:36:58	0:03:54	2:13:35	0:01:49	1:31:01	usa	
ab06e97d-6f47-4d86-91ad-de320ff1e8d3	10	John Seddon	M	M40-44	1	4:27:21	0:27:24	0:04:07	2:10:15	0:02:05	1:43:30	usa	
a1928729-c58e-4b86-aad8-a045245c32c4	11	Caio Baker	M	M25-29	1	4:27:35	0:30:28	0:04:25	2:15:22	0:02:19	1:35:00	bra	
87e62c4e-e4c3-ee11-9079-000d3a31406e	12	Rodrigo Hernandez		M18-24	3	4:28:53	0:29:22	0:03:17	2:25:46	0:01:19	1:29:10	US	
dbf5d197-36b7-414d-a943-3306c048e476	13	Romulo Osorio	M	M30-34	2	4:29:37	0:37:26	0:04:24	2:14:14	0:01:16	1:32:17	US	
9af2e994-fe53-4eb1-9093-4fdc5bbe9882	14	Alina Hanschke	F	F40-44	1	4:30:06	0:30:42	0:04:31	2:24:44	0:01:45	1:28:24	mex	
dceb3273-f5da-41e0-b3ed-d1742a116c08	15	Trent Hovis	M	M35-39	4	4:31:35	0:30:00	0:04:21	2:19:44	0:02:06	1:35:24	usa	
f6d56a2d-cfc4-4f93-ac55-0ed5cb9dbc35	16	Jared Marks	M	M30-34	3	4:33:08	0:32:52	0:03:58	2:19:38	0:01:30	1:35:10	usa	
fb4d7145-696f-4779-a2d7-45d97dea2e39	17	Matt Carson	M	M30-34	4	4:35:32	0:30:14	0:04:40	2:22:06	0:01:46	1:36:45	US	
7525a1e2-8d0d-470b-ac78-cb5b450ce651	18	Andrew Marschall	M	M30-34	5	4:36:10	0:33:29	0:03:17	2:23:58	0:01:34	1:33:52	US	
67a32740-e613-4291-9083-8ca2c2cf7c59	19	Juan M. Aguilar	M	M35-39	5	4:36:42	0:33:54	0:05:01	2:26:08	0:01:40	1:29:59	mex	
8bf8b98e-16af-4c1a-bc46-9331d86eb9d5	20	Payne Pachuda	M	M25-29	2	4:37:06	0:29:16	0:04:12	2:27:33	0:01:25	1:34:39	US	
1c5c41f4-59c8-ef11-b8e8-6045bd018d16	21	River Elms	M	M25-29	3	4:37:42	0:25:09	0:05:36	2:28:33	0:03:26	1:34:59	US	
8dea5001-6e33-f111-88b3-6045bd08d1c9	22	Anthony Zuber	M	M30-34	6	4:38:23	0:31:31	0:04:13	2:17:36	0:01:56	1:43:08	usa	
a7a265c0-811e-452c-ba37-4da38c95228d	23	everett sakai	M	M50-54	2	4:39:38	0:30:37	0:05:04	2:18:31	0:03:09	1:42:17	usa	
206dd884-06e8-41f8-bfc7-e53ae0a8888d	24	Rory Duckworth	M	M40-44	2	4:39:48	0:35:25	0:04:41	2:14:57	0:02:20	1:42:25	USA	
a3323572-c9c6-ef11-b8e8-000d3a5a403c	25	Shawn Moussou	M	M35-39	6	4:40:31	0:32:05	0:04:46	2:20:56	0:01:37	1:41:08	usa	
7ea362e3-698c-40e7-9d24-b7d6a41ad3b2	26	Amelia Zwiener-Bray	F	F30-34	1	4:42:08	0:32:24	0:04:26	2:23:31	0:01:52	1:39:56	usa	
0ee3f0e1-44eb-4d3e-856b-1e9df4943e27	27	Arturo Ornelas	M	M45-49	3	4:42:46	0:34:23	0:05:05	2:21:10	0:03:24	1:38:44	mex	
538ed62d-c789-4da6-9907-6fc2fc0e3593	28	Ariel Aponte	M	M45-49	4	4:43:39	0:35:50	0:04:11	2:25:00	0:01:53	1:36:45	usa	
f0d7d9bf-375e-43dc-b0f9-38eda58cd893	29	Austin Bray	M	M30-34	7	4:45:28	0:37:31	0:04:38	2:16:59	0:04:35	1:41:45	US	
4ca9f0ff-e1ed-43da-a1f7-a6ffc24ad353	30	Shawn Lehmann	M	M45-49	5	4:45:52	0:33:37	0:03:51	2:24:59	0:02:06	1:41:19	usa	
55550fe2-53d1-4fa4-928a-185dfb2c9847	31	Ryan Paxton	M	M30-34	8	4:45:55	0:34:52	0:05:08	2:18:39	0:01:56	1:45:21	US	
a51f5e70-8b72-45c8-aef5-657221db96b2	32	Andrew Dorr	M	M45-49	6	4:46:10	0:30:08	0:05:13	2:23:03	0:02:23	1:45:24	usa	
c8cf87be-b4f2-4f1b-a886-99d6948400b2	33	Michael Engle	M	M35-39	7	4:46:21	0:30:06	0:05:22	2:25:36	0:02:06	1:43:13	US	
28ddded2-68fd-4c3b-8b2a-966c1b3eb3c0	34	Peter Bosworth	M	M30-34	9	4:46:54	0:32:09	0:05:59	2:26:16	0:02:17	1:40:12	US	
65018393-fbed-447c-bc30-41a13ca5a94c	35	Elisa Woody	F	F30-34	2	4:47:12	0:36:31	0:04:15	2:18:04	0:02:01	1:46:21	usa	
9417d771-e26e-4c79-b048-781c2f7bd1d0	36	Andrew Roerick	M	M30-34	10	4:47:41	0:31:36	0:05:31	2:23:30	0:02:41	1:44:23	US	
bca3207b-ac9d-4388-a92e-c835a50cd07d	37	Austin Obrien	M	M30-34	11	4:48:45	0:35:18	0:04:53	2:21:37	0:01:38	1:45:19	US	
2e689d03-d17a-4e28-938e-15fe61821cfe	38	Bryan Dunn	M	M55-59	1	4:49:43	0:31:19	0:04:58	2:22:25	0:02:14	1:48:47	usa	
af41b3b6-e0dc-49cb-bbbb-9d8452c72d38	39	Grant Soehnel	M	M40-44	3	4:49:45	0:34:24	0:04:59	2:23:40	0:02:22	1:44:21	US	
2785e02e-f86f-452d-9853-ec5a3e0aeeb7	40	Ethan Nguyen	M	M25-29	4	4:49:56	0:29:34	0:04:46	2:26:46	0:02:25	1:46:26	US	
eaba1304-3a67-f011-bec3-000d3a35ffc1	41	Germain Degardin	M	M30-34	12	4:50:51	0:36:10	0:06:50	2:22:57	0:01:46	1:43:07	US	
737f5264-c300-419e-865c-ad36dc272c2e	42	Ian Weaver	M	M18-24	4	4:53:13	0:37:26	0:05:49	2:24:15	0:03:03	1:42:41	US	
dc54b7c0-a4e1-4ff9-ba90-4e5b6f527eba	43	Liz Miller	F	F40-44	2	4:54:14	0:34:19	0:05:03	2:28:34	0:01:32	1:44:46	usa	
27f3dab4-68cc-ef11-b8e9-002248049fdc	44	Raul Uranga Bremer	M	M30-34	13	4:55:23	0:30:46	0:04:45	2:24:25	0:02:04	1:53:24	MX	
255c7644-ec27-ee11-9966-000d3a314c24	45	John Cowart	M	M30-34	14	4:55:30	0:37:11	0:07:18	2:20:57	0:02:51	1:47:14	US	
17f7f837-4eb0-ef11-b8e8-6045bd088264	46	Jaycob Ross	M	M45-49	7	4:55:56	0:32:10	0:04:46	2:31:17	0:01:52	1:45:51	usa	
79ab0e71-0368-f011-bec3-000d3a5b50ba	47	Nicolas Rivas	M	M18-24	5	4:56:28	0:37:08	0:04:49	2:21:53	0:03:23	1:49:14	mex	
47b95d92-259e-4a25-8082-d91644a404ea	48	PIERRE GRANET	M	M45-49	8	4:56:28	0:35:17	0:05:35	2:29:37	0:02:22	1:43:37	usa	
a674db0e-1ef1-4e85-a600-2e53229ca8a1	49	Alexander Mccrohan	M	M55-59	2	4:56:36	0:25:57	0:04:42	2:26:34	0:02:50	1:56:33	US	
f383e2b6-a2d7-48e5-a0f6-46345acc3385	50	Dave Sheanin	M	M55-59	3	4:56:48	0:29:45	0:04:00	2:26:40	0:02:49	1:53:33	US	
4076c75b-b5e3-42a9-8118-14c05fa67f12	51	Mariana Martínez	F	F35-39	1	4:57:02	0:34:19	0:05:00	2:31:29	0:02:45	1:43:29	mex	
8739eb8e-ecf5-4e13-909d-52229eca7f29	52	Kris Carpenter	M	M50-54	3	4:57:08	0:37:44	0:04:50	2:27:38	0:02:10	1:44:45	US	
8382c653-404b-f111-bec5-6045bd06566a	53	Adam Oliver	M	M40-44	4	4:57:28	0:28:14	0:05:01	2:28:48	0:03:16	1:52:09	USA	
041e3878-2fbf-4afb-b1c8-61f34a43588f	54	Elias Salazar	M	M35-39	8	4:59:15	0:36:05	0:04:40	2:25:39	0:02:14	1:50:37	US	
bc440fe5-165e-4450-bdbb-00a03a34d253	55	Jax Heil	M	M25-29	5	4:59:32	0:35:30	0:05:12	2:30:05	0:02:44	1:46:02	USA	
6dee3d10-146b-f011-bec3-000d3a35ffc1	56	URSULA LEGARIA	F	F35-39	2	4:59:43	0:33:55	0:07:48	2:31:59	0:02:42	1:43:18	mex	
d8058e00-83d2-ee11-9079-6045bd0158c4	57	Thomas Martin	M	M40-44	5	5:00:17	0:41:11	0:04:58	2:24:25	0:02:18	1:47:25	CA	
9b58d1d9-7a0b-44c9-8ef5-9da88127dddf	58	Ashley Zaccaro	F	F30-34	3	5:01:21	0:38:44	0:06:12	2:29:32	0:02:55	1:43:59	usa	
c4f64e0e-2889-4915-8e94-15b67bf94d92	59	Molly Hummel	F	F40-44	3	5:01:43	0:35:31	0:03:59	2:25:02	0:02:32	1:54:39	usa	
8cb610cd-bbe9-425e-853a-4dd7127ac751	60	Matthew Giliotti	M	M35-39	9	5:02:01	0:32:35	0:04:53	2:38:19	0:02:45	1:43:28	USA	
94ea20e7-04a5-46f0-8100-75e00b9cdbab	61	Juan Fierro	M	M40-44	6	5:02:30	0:39:33	0:05:15	2:30:55	0:03:17	1:43:31	US	
1994662f-c0e1-4f38-a567-73a3303ec969	62	Angel Flores	M	M40-44	7	5:02:39	0:34:55	0:05:47	2:30:13	0:01:35	1:50:09	US	
1b67d3cd-79d4-49f8-a36b-ab17aedd206f	63	Robert Billette	M	M30-34	15	5:02:44	0:33:04	0:04:12	2:30:06	0:02:10	1:53:12	usa	
5d0186ed-cfb3-452c-b613-023b9403f6d1	64	Brendan Loehr	M	M45-49	9	5:02:50	0:35:20	0:04:50	2:22:58	0:01:43	1:57:58	US	
e08cbe03-4ee0-ef11-8eea-000d3a5a1803	65	Sam Bush	M	M25-29	6	5:03:04	0:34:29	0:07:18	2:33:52	0:04:22	1:43:02	US	
0666406f-4efe-4155-a7f5-f9ca9c32e5e1	66	Enrique Martinez	M	M40-44	8	5:03:19	0:32:52	0:05:26	2:26:22	0:03:27	1:55:12	MX	
3cc51bf8-5b3f-f011-b4cb-6045bd05f634	67	Jesus A Acosta Torres	M	M25-29	7	5:03:25	0:21:59	0:04:07	2:59:19	0:02:24	1:35:37	US	
c32542cb-7215-4ce0-930c-79cd25129c29	68	Scott Callahan	M	M55-59	4	5:03:45	0:34:13	0:05:25	2:30:44	0:02:35	1:50:47	usa	
f6962c16-ecb9-4cbe-9878-720aab93fb92	69	Victor Ignacio Berna Duran	M	M30-34	16	5:04:51	0:34:19	0:04:00	2:35:55	0:02:18	1:48:19	MX	
c264275a-4e76-f011-b4cb-000d3a5b7c3b	70	Garrett Zans	M	M35-39	10	5:04:52	0:29:08	0:04:05	2:44:17	0:02:08	1:45:13	US	
093c3675-2656-ed11-bba3-000d3a31406e	71	DEREK KULACH	M	M40-44	9	5:04:59	0:37:30	0:04:25	2:25:12	0:01:55	1:55:57	US	
8d20de44-63b8-4ef4-b096-4fc28c94fed2	72	Morgan Evans	F	F30-34	4	5:05:35	0:30:11	0:04:13	2:39:48	0:02:18	1:49:05	US	
386cd65e-2ab2-44c9-b059-0863dd7accf9	73	Diaz Pedro	M	M35-39	11	5:06:22	0:31:33	0:03:42	2:36:03	0:02:20	1:52:43	MX	
75f75bf8-7586-ef11-ac21-000d3a59a9a1	74	Rodrigo Martínez	M	M30-34	17	5:07:15	0:37:32	0:06:02	2:41:58	0:02:00	1:39:43	MX	
3cbecc3a-a15a-4a60-81ad-fa3b4a22df6a	75	Brantley Lutz	M	M50-54	4	5:07:17	0:45:50	0:09:10	2:35:45	0:04:45	1:31:47	US	
6c68537a-556e-eb11-a812-00224805c669	76	Joshua Savage	M	M40-44	10	5:09:11	0:35:59	0:06:29	2:33:50	0:03:39	1:49:14	US	
39ca48fe-556f-4be7-bcef-e3d5699cbb5e	77	Waverly Schnetzler	F	F25-29	1	5:09:56	0:31:30	0:03:55	2:42:06	0:02:13	1:50:12	usa	
a76a9732-1ddc-40b4-86bf-68778379d42e	78	Morgan Klein	F	F30-34	5	5:09:58	0:29:42	0:04:22	2:39:16	0:02:28	1:54:09	US	
788fda89-06c2-467e-b49f-6616659b09f0	79	Doron Reuveni	M	M60-64	1	5:10:39	0:39:02	0:06:31	2:34:21	0:02:41	1:48:05	US	
f1b2cddc-319b-f011-b4cc-000d3a3173b5	80	Cassaundra Pino	F	F25-29	2	5:11:05	0:27:31	0:03:35	2:42:03	0:01:35	1:56:21	USA	
fae0638e-0c3d-4acb-8566-b28fe6ed0910	81	Andrew Judkins	M	M55-59	5	5:13:11	0:42:53	0:05:05	2:23:46	0:02:44	1:58:44	usa	
8ffc9867-f41c-f111-8341-002248046ec8	82	Gabriel Akins	M	M25-29	8	5:13:17	0:30:36	0:06:54	2:47:01	0:03:43	1:45:04	USA	
1aa1ea15-e41b-f111-8341-002248046ec8	83	Mark Milam	M	M60-64	2	5:13:49	0:35:19	0:06:02	2:36:15	0:03:13	1:52:59	USA	
a655707b-e7b5-431b-9f75-6cb40906c2d7	84	Cassie MacRae	F	F35-39	3	5:14:07	0:34:32	0:05:19	2:35:27	0:04:18	1:54:32	usa	
a8297f3f-dbbd-f011-bbd2-000d3a5b7c3b	85	Craig Dye	M	M40-44	11	5:14:11	0:37:15	0:05:37	2:33:44	0:02:35	1:55:00	USA	
6f64367a-69a5-4af2-9ce3-e8425d2a00c7	86	Cody Leibel	M	M45-49	10	5:14:16	0:34:48	0:07:07	2:24:15	0:03:35	2:04:31	US	
57e82737-1221-f011-8c4c-000d3a32b48d	87	Al Unser Iii	M	M40-44	12	5:14:18	0:35:39	0:06:04	2:28:42	0:04:28	1:59:26	US	
88179e4f-3bd5-4981-9f5b-c5c8adc3f853	88	Jonathan Kulas	M	M55-59	6	5:14:49	0:46:03	0:06:20	2:28:33	0:04:21	1:49:32	US	
10a348fd-0252-4594-af37-a42d5e37da62	89	Andy Funk	M	M50-54	5	5:15:12	0:37:53	0:04:28	2:24:32	0:03:15	2:05:04	US	
69ef9cf6-914b-4ef4-90dd-a2b733295537	90	Keith Norsym	M	M50-54	6	5:15:14	0:38:48	0:06:24	2:25:41	0:03:40	2:00:40	US	
dea6e926-103f-f011-b4cb-6045bd09951e	91	Jacob Strelitz	M	M18-24	6	5:15:15	0:36:51	0:05:43	2:35:15	0:03:41	1:53:45	USA	
82305e49-150a-f111-8406-0022480a5755	92	Madison Hart	F	F30-34	6	5:15:34	0:30:40	0:05:47	2:45:56	0:03:52	1:49:19	USA	
e9ed3f8e-530c-40c0-8eae-768ad855aaed	93	Thomas King Jr	M	M40-44	13	5:15:53	0:41:35	0:06:38	2:34:56	0:02:41	1:50:03	US	
d50db916-2875-4b8a-a105-a190b2ba1a70	94	Marie Town	F	F40-44	4	5:15:58	0:37:43	0:04:58	2:33:16	0:01:56	1:58:04	usa	
05ea17f7-96a9-4ad7-85bb-927ac36f60c0	95	Andrew Striley	M	M35-39	12	5:16:21	0:37:13	0:05:18	2:29:55	0:02:19	2:01:34	US	
9c62a3f7-eb24-4a85-9e25-90d4d5efea5c	96	Glenn Goodman	M	M60-64	3	5:16:33	0:34:34	0:05:54	2:38:47	0:02:10	1:55:08	usa	
54c209f9-d740-4d5e-a13c-a144da921e29	97	Tom Lang	M	M40-44	14	5:16:36	0:31:53	0:06:47	2:34:08	0:04:27	1:59:21	USA	
1da34c39-8a4b-4b79-9f7b-bdba53548948	98	Jaime Alvelais	M	M30-34	18	5:16:53	0:31:04	0:06:46	2:49:21	0:02:26	1:47:16	MX	
16af4c77-c924-f011-8c4d-6045bd09951e	99	Jacob Danemann	M	M25-29	9	5:16:57	0:41:23	0:05:22	2:29:34	0:02:13	1:58:26	USA	
a194e65e-4320-4747-8710-7ae06b37e79b	100	Megan Flesch	F	F35-39	4	5:17:17	0:37:45	0:04:14	2:45:24	0:01:30	1:48:24	usa	
2ad17a3c-d972-4b22-8e33-1aa852d366fc	101	Rodolfo Ocejo	M	M50-54	7	5:17:39	0:36:49	0:06:18	2:38:34	0:04:48	1:51:10	USA	
bc09969f-d308-4c2e-8a89-112b8a737f25	102	Peter Ormsby	M	M50-54	8	5:18:10	0:36:35	0:05:41	2:37:12	0:02:49	1:55:53	US	
31f2fdbe-08a5-46b0-8d9f-b4b89b4330db	103	Diego Torres	M	M40-44	15	5:18:36	0:36:12	0:04:25	2:35:41	0:02:35	1:59:44	usa	
ab19e9ed-8f03-f111-8406-0022480994c2	104	Chris Holt	M	M35-39	13	5:19:09	0:41:39	0:05:17	2:36:55	0:03:01	1:52:17	USA	
bef0e7a6-b2d2-45ae-aed6-ba4595290d7e	105	Jose Carlos Hernandez	M	M35-39	14	5:19:18			2:45:33	0:03:55	1:41:08	US	
551ce4e6-8775-4e74-882f-f2d67b0c6eed	106	Hunter Boyer	M	M25-29	10	5:20:15	0:33:11	0:12:20	2:44:49	0:07:02	1:42:53	US	
909fdbbd-88f2-4ca8-b349-786338bb93bc	107	Molly Smith	F	F45-49	1	5:21:57	0:40:49	0:04:24	2:43:05	0:01:28	1:52:11	US	
1448d547-d052-4a7d-9fd5-010f8128cdf8	108	Zac Hake	M	M35-39	15	5:22:41	0:35:29	0:05:01	2:33:39	0:02:01	2:06:32	USA	
3ea19f9b-360d-44c7-a0eb-445983660c26	109	Daniel Riffe	M	M35-39	16	5:23:15	0:30:08	0:06:27	2:34:44	0:03:16	2:08:40	US	
1272927f-a723-4cee-8520-6c0b3a0c1533	110	Mario Valdes	M	M45-49	11	5:23:40	0:41:22	0:05:30	2:36:11	0:06:06	1:54:31	US	
b169328c-7163-493b-a1fb-31ad71ca4c26	111	Miguel Angel Maciel Aragon	M	M30-34	19	5:24:09	0:45:25	0:06:52	2:34:25	0:01:48	1:55:40	mex	
306f6f87-66f6-f011-8406-002248081bd6	112	Kilian Carey	M	M30-34	20	5:24:11	0:43:22	0:06:14	2:36:05	0:03:44	1:54:45	USA	
2e5e1698-9c48-441f-9c52-443804f6585c	113	Lani Seaman	F	F40-44	5	5:24:51	0:29:18	0:05:56	2:39:31	0:02:29	2:07:36	US	
6e602dd5-7c7b-4cd6-9c8d-fd6685731f53	114	Liz Cheli	F	F30-34	7	5:24:56	0:39:14	0:03:47	2:43:42	0:01:46	1:56:26	usa	
6af41364-33ab-441d-941d-9243f7b230ca	115	Lauren Bondly	F	F40-44	6	5:25:01	0:38:02	0:05:51	2:42:11	0:04:16	1:54:42	usa	
d9dd80b6-5db0-43c6-9fb3-7aa67d399d48	116	Javier Lopez	M	M45-49	12	5:25:16	0:36:30	0:06:14	2:32:21	0:03:11	2:07:00	US	
cebd6049-e931-f111-88b4-0022480994c2	117	Diego Diaz Aranda	M	M18-24	7	5:25:19	0:39:42	0:04:42	2:46:39	0:03:28	1:50:48	USA	
e3ae1f8c-5981-48f6-a645-89e67e8f9a86	118	Gage Bonestroo	M	M40-44	16	5:25:28	0:31:37	0:04:10	2:30:24	0:02:43	2:16:34	US	
c5b74f29-9020-f011-9989-6045bd057101	119	Joshua webb	M	M25-29	11	5:27:14	0:36:49	0:06:02	2:32:15	0:03:49	2:08:18	USA	
053eabdb-40c6-f011-bbd3-000d3a5b50ba	120	Ashton White	M	M18-24	8	5:27:21	0:31:59	0:06:54	2:30:09	0:04:30	2:13:48	USA	
8406491d-4f33-4b1c-9607-78dd94672fac	121	Jonathan Penner	M	M30-34	21	5:27:35	0:42:47	0:05:29	2:34:25	0:02:47	2:02:06	US	
0a7e3b8c-7b44-484f-a173-47c5a20d51ac	122	Jorge Arguello	M	M55-59	7	5:27:43	0:46:02	0:08:57	2:32:43	0:04:36	1:55:24	MX	
c9980241-1dcd-4732-84db-34e8bd2cc20f	123	Miguel Fernandez	M	M45-49	13	5:27:48	0:39:14	0:05:39	2:46:52	0:04:50	1:51:14	US	
bc002dec-d91e-4a38-a9a2-6bbc5bef01b5	124	Kirsten McCay	F	F50-54	1	5:28:11	0:34:13	0:05:07	2:45:38	0:03:04	2:00:08	usa	
8156f55b-d5f0-48f2-95b2-1a2981a4a16d	125	Dennis Penner	M	M35-39	17	5:28:45	0:39:20	0:08:01	2:37:27	0:04:25	1:59:32	US	
55e9a159-f627-f111-8341-6045bd06566a	126	Isaiah Griego	M	M25-29	12	5:28:45	0:54:33	0:08:57	2:35:32	0:05:41	1:44:03	USA	
3af09027-c328-42ba-b3e1-bc508d44d9fe	127	Adam Peacock	M	M45-49	14	5:28:59	0:38:11	0:04:17	2:33:41	0:02:29	2:10:22	US	
5869e2aa-3921-4e91-a843-80453ba86ec8	128	Karah Osterberg	F	F35-39	5	5:29:46	0:32:43	0:05:33	2:43:56	0:04:51	2:02:44	usa	
4d35bb1f-11ce-ef11-b8e8-000d3a5a403c	129	Hannah Levy	F	F30-34	8	5:29:48	0:34:00	0:04:58	3:01:04	0:02:35	1:47:12	USA	
7188d163-9a74-f011-bec3-000d3a5b50ba	130	Zigfried Hampel	M	M35-39	18	5:29:51	0:33:38	0:08:03	2:41:11	0:03:13	2:03:46	US	
cab06fb1-9ed9-4fe9-96ee-40eece283772	131	Jeff Raines	M	M40-44	17	5:30:03	0:35:51	0:05:37	2:38:40	0:03:48	2:06:08	US	
e40d5ab4-2532-f111-88b4-002248046ec8	132	Stephen Hogeman	M	M18-24	9	5:30:17	0:26:49	0:06:28	2:59:55	0:02:18	1:54:47	USA	
447eb88c-0b37-415b-b430-f100e78b9502	133	Thomas Ritchotte	M	M60-64	4	5:31:43	0:37:30	0:09:06	2:39:18	0:05:27	2:00:22	usa	
eba10bf0-88ae-ef11-b8e9-002248049fdc	134	Micah Wolbrecht	M	M18-24	10	5:32:26	0:36:53	0:08:43	2:41:16	0:03:55	2:01:39	USA	
fd2f1ff6-18b4-f011-bbd3-000d3a5cf7d8	135	Matthew Anderson	M	M45-49	15	5:32:58	0:29:38	0:06:16	2:45:22	0:03:02	2:08:40	USA	
c9daee38-e10b-4859-b0d3-a46e9b15594d	136	Savannah Carson	F	F30-34	9	5:33:04	0:31:32	0:04:29	2:40:31	0:02:57	2:13:35	usa	
dbb99e55-987c-4e3b-90d7-6d513f7991f8	137	Kevin Hause	M	M55-59	8	5:33:10	0:35:13	0:05:48	2:34:18	0:02:50	2:15:01	US	
cf998f20-2e6a-4b26-b9a5-5343cd51490e	138	David Walters	M	M35-39	19	5:33:26	0:32:00	0:06:45	2:35:58	0:02:37	2:16:07	usa	
782079d6-d3bf-44d1-bf88-339a4e03a198	139	Heather Yun	F	F50-54	2	5:33:28	0:41:31	0:06:04	2:51:56	0:03:04	1:50:53	usa	
84faf5a2-a001-445a-af06-3b488e4dc0ba	140	Stephanie Bruggink	F	F30-34	10	5:33:48	0:32:49	0:04:06	2:48:00	0:02:14	2:06:39	US	
fc3375fe-88d3-f011-8544-000d3a3173b5	141	Mario Sosa Jr	M	M30-34	22	5:34:47	0:43:35	0:09:11	2:38:30	0:06:48	1:56:43	USA	
151bd305-f778-4efa-a385-8d80e84b9242	142	Joseph Weiss	M	M50-54	9	5:34:54	0:36:54	0:07:25	2:56:59	0:03:04	1:50:32	US	
6a0dd55b-01fb-eb11-94ef-0022480aaff1	143	Jake Boyer		M30-34	23	5:34:54	0:34:17	0:07:24	2:35:50	0:04:54	2:12:29	US	
42ad0cd9-b707-45e7-be53-7b0833b1e34d	144	Gerd Pfister	M	M55-59	9	5:34:58	0:48:48	0:05:36	2:33:07	0:05:19	2:02:08	US	
9b127bf3-39af-46dc-ad70-846aeae222c2	145	Sarah Integlia-Hankla	F	F35-39	6	5:35:01	0:39:24	0:04:31	2:50:28	0:02:38	1:58:00	usa	
7bd4cb6d-5e5f-49eb-9527-ef5aab21e794	146	Sara Maas	F	F35-39	7	5:35:22	0:39:53	0:06:24	2:39:20	0:04:14	2:05:32	US	
41718507-db41-4dfd-a744-a2a7e0d1e371	147	Hannah Ramadan	F	F30-34	11	5:35:45	0:40:12	0:05:43	2:54:38	0:02:15	1:52:56	usa	
50045141-bd59-f111-bec7-0022480995bd	148	Steven Zarate	M	M40-44	18	5:35:50	0:47:23	0:05:21	2:41:16	0:02:15	1:59:35	USA	
2a12a81d-294d-4af6-a899-97d12e444501	149	Tucker Morris	M	M25-29	13	5:35:50	0:39:38	0:06:43	2:52:25	0:02:20	1:54:44	US	
839cd2f5-ed8b-ef11-ac21-002248049fdc	150	Carley Hake	F	F35-39	8	5:35:50	0:49:45	0:05:05	2:51:53	0:02:09	1:46:59	usa	
843e9d8a-1564-f011-bec2-000d3a5b7c3b	151	John Evans	M	M45-49	16	5:35:53	0:30:56	0:06:22	2:43:45	0:03:15	2:11:36	USA	
2bd11ead-d659-f111-bec7-002248046ec8	152	Italia Aguilera	F	F30-34	12	5:35:54	0:33:19	0:04:51	2:55:41	0:02:39	1:59:25	USA	
a39f42d4-f3fb-4f86-a2a0-4df102b3c197	153	Jim Lukanich	M	M65-69	1	5:36:00	0:44:11	0:09:51	2:31:02	0:03:28	2:07:27	usa	
0c5e60ca-11e8-f011-8543-6045bd05fcc1	154	Kenneth Huhn	M	M50-54	10	5:36:17	0:41:26	0:06:16	2:41:38	0:03:16	2:03:41	USA	
7fbe6ae6-1ac9-ef11-b8e8-000d3a5ae96c	155	Samantha Ramadan	F	F25-29	3	5:36:33	0:31:57	0:06:29	2:52:27	0:02:23	2:03:16	US	
f192c217-4566-4a68-a9bd-88a4bf7bdc38	156	Eduardo Nunez	M	M45-49	17	5:37:31	0:43:30	0:05:15	2:44:41	0:02:00	2:02:05	US	
261927a2-25c8-411c-be84-71a81aa1b9cc	157	Michael Mills	M	M40-44	19	5:37:43	0:38:04	0:06:44	2:42:12	0:03:51	2:06:53	US	
ce5aec18-12a0-4879-8e33-1c0aeac7432f	158	Chris (Stewart) Mickler	M	M50-54	11	5:38:27	0:45:04	0:06:54	2:41:50	0:03:35	2:01:03	usa	
740b8712-0c35-4b82-ae93-457653764ca1	159	Amanda Maciuszek	F	F40-44	7	5:40:06	0:39:11	0:05:42	2:48:19	0:02:37	2:04:16	usa	
bafada1e-4657-417e-abc4-fffc0fa373bc	160	Paul Crawford	M	M50-54	12	5:40:23	0:38:04	0:07:15	2:42:03	0:05:06	2:07:55	US	
b0388336-0b61-f011-bec2-000d3a5b7c3b	161	Vincent Bao	M	M18-24	11	5:41:09	0:35:59	0:05:55	2:41:25	0:03:14	2:14:37	USA	
32a69eba-213d-f111-88b4-0022480b35b6	162	Brendyn Taylor	M	M25-29	14	5:41:13	0:40:59	0:08:08	2:49:39	0:05:06	1:57:21	USA	
1d026273-57dc-4f47-9704-65f894fd8ad3	163	Homero Astudillo	M	M40-44	20	5:41:22	0:42:03	0:07:32	2:49:19	0:03:04	1:59:24	MX	
201495d0-c027-f111-8341-6045bd08b1a2	164	Brian McIntosh	M	M50-54	13	5:41:27	0:44:32	0:06:23	2:53:12	0:03:00	1:54:21	USA	
3f195530-1141-455e-b892-2497b556198b	165	Kevin Romero	M	M30-34	24	5:41:37	0:47:36	0:05:48	2:39:58	0:03:34	2:04:40	MX	
7ec3297e-be1b-4ccf-8b36-489143e1bd5c	166	Oscar Lugo	M	M40-44	21	5:42:00	0:45:47	0:06:59	2:36:10	0:03:20	2:09:44	US	
c086c483-294e-f011-8779-000d3a5a2350	167	Rene Enriquez	M	M40-44	22	5:42:13	0:37:48	0:05:53	2:47:58	0:03:16	2:07:18	mex	
f97ee8b8-2619-4262-b09d-d0a377a8bd1c	168	Chris Hall	M	M45-49	18	5:42:17	0:38:01	0:10:08	2:42:54	0:03:16	2:07:57	US	
889f37f4-17eb-f011-8544-000d3a5b7c3b	169	Zachary Eannarino	M	M40-44	23	5:43:17	0:57:34	0:07:14	2:30:57	0:05:20	2:02:12	USA	
8d888a1a-d9b6-462e-80a7-84967ed964d3	170	Laurel Billette	F	F25-29	4	5:43:22	0:45:33	0:05:36	2:45:02	0:02:33	2:04:37	US	
bbe92ad5-91d1-42f6-ba33-1e452da08442	171	Silvia yaneth Nuñez mendoza	F	F40-44	8	5:43:47	0:37:15	0:05:45	2:44:25	0:02:30	2:13:53	mex	
dbc2c8dc-854d-f111-bec5-0022480b35b6	172	Nikolas Vazquez	M	M18-24	12	5:43:51	0:40:42	0:06:13	2:49:55	0:02:28	2:04:34	USA	
8b8bde75-84de-f011-8543-6045bd05fcc1	173	Andrew Cook	M	M35-39	20	5:44:12	0:42:37	0:07:08	2:48:06	0:03:08	2:03:13	USA	
888a7e14-367e-f011-b4cc-0022480a7385	174	Miles Shelfer	M	M25-29	15	5:44:33	0:39:12	0:09:22	2:50:18	0:04:11	2:01:31	USA	
f43fec80-0061-f011-bec3-6045bd09951e	175	Philip McLaughlin	M	M18-24	13	5:44:38	0:32:56	0:08:12	2:55:56	0:03:52	2:03:43	US	
6921f461-ab04-f111-8406-0022480994c2	176	Ava Stratton	F	F18-24	1	5:44:47	0:41:28	0:09:48	2:56:03	0:07:12	1:50:16	USA	
83ce5741-75b0-f011-bbd3-000d3a3173b5	177	Ian Flynn	M	M25-29	16	5:44:52	0:36:21	0:06:55	2:54:01	0:03:26	2:04:08	USA	
3782f286-7788-f011-b4cc-000d3a5b7c3b	178	Shane Richardson	M	M40-44	24	5:45:05	0:40:59	0:07:26	2:39:36	0:05:17	2:11:46	USA	
f86745d9-6f24-485b-861e-3507dc82f9e4	179	Jeff Allen	M	M35-39	21	5:45:14	0:42:55	0:09:50	2:41:01	0:04:39	2:06:49	usa	
2ff6956d-9311-4f58-ba3b-1de33310f36e	180	Lee Rebodos	M	M55-59	10	5:45:19	0:37:48	0:07:11	2:52:03	0:04:21	2:03:57	US	
edc292c3-b7ab-41f8-887a-159937554d2c	181	Shaun Donovan	M	M40-44	25	5:45:23	0:42:21	0:06:22	2:47:27	0:03:54	2:05:19	US	
3e19af37-8007-4519-9a0a-e5aff8412940	182	Josef Torres	M	M40-44	26	5:45:54	0:40:36	0:06:42	2:39:59	0:03:26	2:15:11	USA	
0c3c0392-130a-f111-8406-0022480b88da	183	Chris Hart	M	M40-44	27	5:46:52	0:46:42	0:09:47	2:20:51	0:03:48	2:25:43	USA	
033710bc-4f89-4c4d-91b3-bf7d7375ddd5	184	Marco Tulio Cesar Barrera Reyna	M	M50-54	14	5:47:13	0:41:40	0:06:59	2:40:27	0:02:04	2:16:03	MX	
586c5812-3a54-ee11-be6f-000d3a314369	185	James Condon	M	M30-34	25	5:47:15	0:40:17	0:05:29	2:35:11	0:03:05	2:23:14	USA	
2ee54ce3-e234-4e19-bdf4-71c058a394af	186	Robert Urrea	M	M25-29	17	5:47:20	0:38:51	0:05:15	2:45:42	0:02:31	2:15:01	US	
9d6f0161-4b0f-4929-a337-bb3c13bd8350	187	Zita Gil	F	F40-44	9	5:47:38	0:41:07	0:08:00	2:51:22	0:03:08	2:04:01	mex	
f618effd-af0f-43fc-981b-72f60f964784	188	Jonathan Curran	M	M40-44	28	5:47:49	0:46:51	0:06:36	2:46:05	0:02:50	2:05:28	US	
d09e2d88-76f1-f011-8406-00224804742c	189	Emily Dye	F	F40-44	10	5:47:57	0:39:28	0:06:44	2:58:24	0:04:26	1:58:54	USA	
b7d5a324-a81f-4b6f-83e0-84375141c591	190	Chris Quintero	M	M45-49	19	5:47:58	0:43:37	0:08:18	2:45:23	0:02:28	2:08:12	usa	
48185882-738b-ef11-ac21-000d3a5a1803	191	Greg Bobo	M	M45-49	20	5:48:26	0:36:02	0:06:05	2:36:01	0:04:36	2:25:41	USA	
5f8a4d73-5a5f-4ca7-ad04-2ed9e97f4e08	192	Caitlyn Evett	F	F35-39	9	5:48:28	0:37:15	0:04:51	2:53:04	0:02:50	2:10:27	US	
0ca25c36-c3d5-ef11-8ee9-000d3a592251	193	Antonin LINOSSIER	M	M35-39	22	5:48:40	0:42:52	0:05:55	2:40:29	0:04:11	2:15:14	usa	
9578e2b8-e201-469d-9b8a-18b27e4adb87	194	Elijah Krajewski	M	M40-44	29	5:48:42	0:40:38	0:07:28	2:39:29	0:02:32	2:18:35	US	
0ad30ab2-e0ea-ee11-a204-6045bd0158c4	195	Daniel Gauna	M	M30-34	26	5:48:45	0:50:40	0:06:49	2:41:57	0:05:44	2:03:36	USA	
631b4a12-5a5e-f011-bec2-000d3a5cf7d8	196	Justin Mayorga	M	M35-39	23	5:48:47	0:51:23	0:05:53	2:44:01	0:01:56	2:05:33	US	
96746729-3b80-ef11-ac21-6045bd048089	197	Jorge Chavez	M	M25-29	18	5:49:26	0:50:37	0:08:40	2:51:16	0:04:53	1:53:59	US	
df665d03-c4c6-4eb9-822e-ab73a1b42ef4	198	Jason Lepage	M	M35-39	24	5:49:43	0:33:28	0:08:01	2:49:12	0:05:35	2:13:28	US	
944cae18-b8eb-4e47-9cb6-31b0686acc52	199	Ross Hennessy	M	M30-34	27	5:49:54	0:38:25	0:05:18	2:38:33	0:01:33	2:26:05	US	
dbae61a7-9526-4e92-8fc8-b3c19c8364cd	200	Carlos Garcia Mendoza	M	M40-44	30	5:50:02	0:42:16	0:10:23	2:41:56	0:05:29	2:09:58	MX	
374673a4-7f50-4644-bd04-a0c6a4ab5ca1	201	Tom Beckham	M	M55-59	11	5:50:10	0:45:26	0:07:19	2:40:06	0:03:25	2:13:55	US	
f40ef04b-0c7e-49f8-9d79-0241dcc75c29	202	Todd Pilger	M	M50-54	15	5:50:21	0:33:28	0:06:05	2:44:04	0:03:47	2:22:58	US	
378ef170-5920-f011-9989-6045bd09951e	203	J Ohm	M	M45-49	21	5:50:33	0:38:30	0:07:52	2:46:43	0:03:26	2:14:02	US	
1a021dff-8705-49a0-a79f-a95672861da8	204	Brent Gilliam	M	M45-49	22	5:50:48	0:37:20	0:07:13	3:01:02	0:02:33	2:02:41	US	
5bc6ed80-3e30-ef11-840a-000d3a367177	205	Keri Grosse	F	F60-64	1	5:51:23	0:40:53	0:06:19	2:48:04	0:03:33	2:12:34	usa	
91b0c632-75e6-46f4-a55f-8f4668c783c0	206	Brandon Robertson	M	M45-49	23	5:51:24	0:34:26	0:05:33	2:45:32	0:02:42	2:23:11	US	
d7a24cc7-f8b4-4f6f-ae20-1b8f8c72e6c1	207	Paul Gallardo	M	M60-64	5	5:51:25	0:38:03	0:06:47	2:40:14	0:04:06	2:22:16	usa	
eae944ab-ce52-f011-877a-000d3a5b7c3b	208	Kelli Watkins	F	F35-39	10	5:51:38	0:33:24	0:05:26	2:58:35	0:02:06	2:12:07	US	
d2eef6cf-4bcb-ec11-a7b5-002248049985	209	Blade Allen	M	M30-34	28	5:51:38	0:37:00	0:06:59	2:34:56	0:04:39	2:28:05	USA	
e8915306-1a49-4415-8238-9f2b321fa047	210	Mario Yague	M	M30-34	29	5:52:16	0:30:54	0:08:52	2:57:42	0:07:16	2:07:32	US	
7cf0929e-e5f2-f011-8407-6045bd04a162	211	Ramiro Calderon	M	M18-24	14	5:52:37	0:54:49	0:09:35	2:53:34	0:04:17	1:50:21	MEX	
cc68d10d-e715-f111-8341-0022480a5755	212	Gabriel Bayona	M	M25-29	19	5:52:38	0:38:58	0:07:56	2:46:48	0:04:15	2:14:41	USA	
bc9547eb-132b-47f8-a651-2db806680015	213	Cheryl Kohn	F	F55-59	1	5:52:44	0:32:45	0:06:06	2:48:14	0:02:48	2:22:51	usa	
479d68bb-d741-f111-88b4-002248046ec8	214	Clark Bearsmith	M	M35-39	25	5:52:45	0:36:54	0:07:08	2:51:10	0:03:32	2:14:01	USA	
9a656c00-55c5-f011-bbd3-000d3a35ffc1	215	Nick Cearley	M	M45-49	24	5:52:58	0:46:31	0:09:56	2:45:06	0:03:13	2:08:13	USA	
7d238b50-4bfd-f011-8406-0022480994c2	216	Diego Morales	M	M18-24	15	5:53:02	0:33:42	0:07:11	3:10:41	0:04:30	1:56:58	USA	
977f7409-12f1-4cf3-b2bf-090de1f79b4a	217	Otoniel Torres Abbud	M	M25-29	20	5:53:06	0:38:33	0:08:16	2:44:04	0:03:54	2:18:18	USA	
6dc17659-868d-4487-b82a-bfef3e45cd12	218	Justin Vassar	M	M40-44	31	5:53:08	0:37:03	0:06:02	2:48:27	0:03:46	2:17:50	US	
3cce4865-e43f-426d-a8b2-b2d7c5bab4a0	219	Jillian Chaney	F	F45-49	2	5:53:18	0:38:08	0:08:33	2:54:58	0:06:12	2:05:27	usa	
e1dc6e1f-95a2-4faf-b0e9-c440d165a169	220	Jose Botello	M	F35-39	11	5:53:33	0:30:06	0:07:59	2:57:06	0:04:25	2:13:57	MX	
074b853d-7395-4696-bf7b-0c05be8de89c	221	Jordan Boguszewicz	M	M30-34	30	5:53:46	0:57:06	0:06:08	2:48:50	0:05:22	1:56:19	US	
99806cd6-e7d1-4952-a947-de722e35c604	222	Luis Carlos Vargas Grajeda	M	M40-44	32	5:53:50	0:54:19	0:07:37	3:03:14	0:02:47	1:45:53	MX	
0f56b60a-62de-4a8f-ba8d-864f99c049ce	223	Brent Taylor	M	M40-44	33	5:54:09	0:47:28	0:06:30	2:44:40	0:04:01	2:11:30	US	
5daa6a4e-6c6a-f011-bec3-000d3a3173b5	224	Edwardo Pallares	M	M25-29	21	5:54:39	0:38:20	0:06:37	2:59:28	0:02:39	2:07:34	USA	
a6d4877b-f9c6-40a6-8fd9-b741e07674b8	225	Brett Barnes	M	M30-34	31	5:54:53	0:46:40	0:07:48	2:53:05	0:04:08	2:03:12	US	
530df4ff-5047-ef11-a317-6045bd08b27c	226	Craig Wolverton	M	M65-69	2	5:54:54	0:46:22	0:11:05	2:37:44	0:05:32	2:14:11	usa	
a5739e73-ae3e-43fd-be0f-a5b9f5b1fa48	227	Cortney Charlesworth	F	F35-39	12	5:55:02	0:45:29	0:06:47	2:49:27	0:02:44	2:10:34	usa	
d0c5505d-b8ab-ef11-b8e9-000d3a30152c	228	Gustavo De Santiago	M	M35-39	26	5:55:03	0:48:36	0:07:13	2:52:11	0:03:06	2:03:57	US	
9eafb8aa-aabe-4939-bc1d-396ad480704f	229	Lauren Preston	F	F30-34	13	5:55:08	0:30:05	0:05:02	2:49:47	0:02:48	2:27:27	US	
41d93077-02a4-472c-8b70-4b77d6e91087	230	Ben Collins	M	M25-29	22	5:55:19	0:44:06	0:06:01	2:48:19	0:03:21	2:13:31	US	
ed14d8c2-54cd-4b91-8083-488063935191	231	Ferris Thompson	M	M65-69	3	5:55:23	0:35:01	0:06:35	2:58:02	0:03:18	2:12:27	usa	
39a5eb5e-a1f8-403f-8245-1c82df7ebdd3	232	Rick Kimberlin	M	M50-54	16	5:55:34	0:40:03	0:05:16	2:44:08	0:01:57	2:24:11	US	
fb9612f7-1c1c-f111-8341-002248046ec8	233	Elise Miles-Colthup	F	F18-24	2	5:56:32	0:38:08	0:06:04	2:56:39	0:04:31	2:11:09	usa	
4d79806f-1575-ee11-9ae7-000d3a314329	234	Pablo Alberto Villaseñor Robles	M	M35-39	27	5:56:49	0:44:04	0:08:28	2:49:28	0:02:19	2:12:29	MX	
c73b9ae9-724d-f111-bec6-002248081bd6	235	Tanner Trovato	M	M25-29	23	5:56:52	0:51:49	0:08:47	2:49:38	0:06:51	1:59:47	USA	
9514ce2f-1df3-4132-a401-0a138816d2e9	236	Matt Mcgivney	M	M40-44	34	5:56:58	0:49:51	0:08:34	2:43:53	0:04:38	2:10:02	US	
9357f4e6-9942-f111-88b4-0022480b84a3	237	Lorenzo Dominguez	M	M25-29	24	5:57:20	0:47:25	0:06:55	2:44:21	0:03:32	2:15:06	USA	
63f66a93-b711-f111-8406-6045bd08b1a2	238	David Donley	M	M35-39	28	5:57:21	0:38:46	0:08:04	3:05:40	0:05:03	1:59:48	USA	
931a16b9-a6e9-4d03-8b8b-61461e22022a	239	Gregory Weinberg	M	M55-59	12	5:57:29	0:42:45	0:05:26	2:50:27	0:03:07	2:15:45	US	
5a9998e2-9e72-4261-badf-362bcb7a8cf2	240	Simon Gautrey	M	M50-54	17	5:57:31	0:42:43	0:07:50	2:52:26	0:04:32	2:10:00	US	
bf1e700d-5616-f111-8341-6045bd06566a	241	Rick Overton	M	M50-54	18	5:57:33	0:40:32	0:06:59	3:02:52	0:03:35	2:03:34	USA	
0d70e8de-b9a2-4a9b-a868-424bf0ecd093	242	Julian Schwartz	M	M55-59	13	5:57:49	0:37:58	0:07:39	2:51:59	0:03:18	2:16:55	US	
7eec9516-fecf-ed11-b597-000d3a314329	243	Austin Monclova	M	M30-34	32	5:58:07	0:39:51	0:06:54	2:57:04	0:02:45	2:11:34	US	
1dcedda3-8750-4fc7-a4ef-2f4aa11c8dea	244	Chris Horton	M	M40-44	35	5:58:27	0:36:55	0:06:51	2:41:34	0:02:58	2:30:10	US	
c080fd25-6fbf-ec11-983e-000d3a5d0f16	245	Gerald Jackson	M	M60-64	6	5:58:32	0:43:35	0:05:46	2:54:43	0:04:39	2:09:50	USA	
ce9ed33b-0f55-f111-bec7-002248081bd6	246	Trek Rundle	M	M30-34	33	5:58:35	0:49:54	0:06:57	2:46:38	0:01:54	2:13:12	USA	
3492623f-1ebd-494b-8c77-e8fdead080b3	247	Chris Salazar	M	M25-29	25	5:58:42	0:38:24	0:07:40	3:02:21	0:05:39	2:04:37	US	
33341006-835b-4930-81d5-9f8157f107fe	248	Jane Pilger	F	F50-54	3	5:58:45	0:33:21	0:05:26	2:47:07	0:05:33	2:27:19	usa	
a6106492-186a-4b57-8a2b-722ec1bb055c	249	Elisa Madrid	F	F40-44	11	5:58:49	0:38:16	0:09:24	3:07:10	0:02:37	2:01:21	mex	
6be5f64b-3ac9-ef11-b8e9-000d3a5a1803	250	Cory Hott	M	M30-34	34	5:59:19	0:47:01	0:06:54	2:41:11	0:03:15	2:20:58	US	
85eb33d6-3f59-ed11-9562-000d3a31440b	251	Adam Turrey	M	M40-44	36	6:00:03	0:42:18	0:05:56	2:58:25	0:04:19	2:09:04	USA	
786f99d1-4025-4ed2-bf5d-ac0db9525fb4	252	Kamren Belden	M	M25-29	26	6:00:08	0:38:41	0:06:59	3:05:33	0:06:04	2:02:51	US	
1dc7628a-4e3b-4e9f-82cf-303de8c9118f	253	Christopher Williams	M	M25-29	27	6:00:17	0:48:28	0:06:39	2:49:03	0:03:08	2:12:58	US	
0e7f537f-d6ca-ef11-b8e8-6045bd088264	254	Sterling Eckert	M	M30-34	35	6:00:58	0:40:09	0:08:55	3:05:58	0:08:12	1:57:44	US	
911b5f51-4f81-4236-acd6-61bd852b4e85	255	ROBERT MORALES	M	M50-54	19	6:01:00	0:39:31	0:08:34	2:51:45	0:04:42	2:16:28	US	
16633108-ce5d-ef11-bfe3-000d3a3b4ec1	256	Jose Galimberti	M	M40-44	37	6:01:31	0:39:52	0:10:25	2:52:21	0:04:43	2:14:11	MX	
989d0c33-6f63-4825-85f6-02c56444dab9	257	Bruce Belden	M	M60-64	7	6:01:41	0:36:31	0:07:31	2:50:39	0:03:52	2:23:08	US	
bad5f6d4-cfb0-4d02-a59f-1216a8c65957	258	Nicholas Sullivan	M	M45-49	25	6:02:15	0:31:01	0:08:59	2:50:51	0:04:15	2:27:07	US	
11071ad3-27c9-480c-bfc6-d660e1d02d8a	259	Stacy Barton	F	F50-54	4	6:03:08	0:39:24	0:06:55	2:47:25	0:04:53	2:24:31	USA	
ea9aad50-a7b7-4b39-9ef4-b6bf082e4de8	260	Nancy Price	F	F60-64	2	6:03:18	0:37:35	0:05:02	3:04:06	0:04:35	2:11:59	usa	
2543a9d6-827a-491d-be81-c54cb5055e77	261	David Baum	M	M45-49	26	6:03:18	0:48:36	0:07:47	2:44:09	0:04:39	2:18:07	US	
d10b4b56-f4e7-f011-8544-6045bd09951e	262	Kirk Kucin	M	M35-39	29	6:03:18	0:38:41	0:08:13	3:09:52	0:05:26	2:01:06	USA	
e2b0c829-a689-4501-a058-df53a8d42e78	263	Josh Pryor	M	M30-34	36	6:03:25	0:34:08	0:04:21	2:44:34	0:02:41	2:37:42	usa	
e90c7c37-c861-f011-bec3-000d3a5b50ba	264	Anthony Flamme	M	M40-44	38	6:03:26	0:38:50	0:06:05	2:53:20	0:03:43	2:21:29	US	
d93196b0-3c25-4bbe-988e-d9fb9d585788	265	Dave Goedecke	M	M60-64	8	6:04:05	0:38:28	0:06:22	2:54:48	0:02:14	2:22:13	usa	
47496423-ab0e-ed11-82e5-0022480c51f8	266	Matthew Hatch	M	M18-24	16	6:04:06	0:47:09	0:05:54	2:58:06	0:02:29	2:10:28	US	
c55e9c2b-d768-40c9-9e2d-2be16068a9fe	267	Chris Bevenue	M	M55-59	14	6:04:38	0:38:29	0:04:51	2:54:31	0:02:37	2:24:10	usa	
8fd676f0-9291-f011-b4cc-000d3a5b50ba	268	Jose-Carlos Herrera	M	M18-24	17	6:04:49	0:37:51	0:07:22	3:09:15	0:05:18	2:05:03	USA	
cb3a3837-5931-f111-88b4-0022480b35b6	269	Darren Figueroa	M	M18-24	18	6:05:08	0:45:21	0:06:11	3:14:21	0:02:14	1:57:01	USA	
e1421ba2-a6f4-4802-acd4-c34bfa588610	270	Chris Haniford	M	M50-54	20	6:05:32	0:58:36	0:09:22	2:52:20	0:04:22	2:00:51	USA	
023fe1e7-c07e-ef11-ac21-000d3a338a3c	271	gilberto hernandez castro	M	M30-34	37	6:05:46	0:50:50	0:09:28	2:46:48	0:03:42	2:14:57	MX	
9007e2af-566b-f011-bec3-6045bd05fcc1	272	Claire Soller	F	F18-24	3	6:06:08	0:42:35	0:07:27	3:03:25	0:04:30	2:08:11	USA	
d0b6cbe7-d248-4f40-9598-5647b296fa15	273	Carol Breglio	F	F65-69	1	6:06:32	0:40:00	0:07:21	2:54:34	0:03:11	2:21:25	US	
9ec304da-f272-4969-91fc-6b80df53f5ad	274	David Rios	M	M25-29	28	6:06:43	0:44:12	0:10:57	3:09:37	0:06:13	1:55:44	US	
808f267a-df98-4640-99ce-0054656dcdf6	275	Chelsea Mcgivney	F	F40-44	12	6:06:52	0:45:47	0:06:34	2:54:09	0:02:53	2:17:29	US	
6a863f3b-7ba3-ef11-8a6a-000d3a59a9a1	276	Michael Boyle	M	M45-49	27	6:07:27	0:45:13	0:08:10	2:56:28	0:05:46	2:11:50	US	
a9930e22-8494-42a1-aa95-6003aa683c7b	277	Sterling Williams	M	M35-39	30	6:07:29	0:50:34	0:09:12	2:47:43	0:04:29	2:15:31	US	
36c89939-f7f6-4f9a-b918-b74d3cfb9810	278	Tyler Harding	M	M18-24	19	6:07:54	0:38:01	0:06:09	2:58:13	0:05:22	2:20:09	US	
09bd6c35-9ef8-f011-8406-7ced8d3ce4b2	279	Liam Boyden	M	M18-24	20	6:08:24	0:35:25	0:06:12	3:03:19	0:02:40	2:20:49	USA	
9838ed2f-92b9-f011-bbd3-6045bd05fcc1	280	Kenneth Symsack	M	M40-44	39	6:08:25	0:40:45	0:06:40	3:01:58	0:04:37	2:14:25	USA	
2328e456-d904-461a-9d75-4befa8905a00	281	Mike Alvarado	M	M55-59	15	6:09:04	0:48:04	0:08:04	2:38:50	0:03:40	2:30:25	US	
8553471f-0dd6-4422-a123-733356d1cd5a	282	Robert Tait	M	M35-39	31	6:09:05	0:37:27	0:04:39	3:09:11	0:02:17	2:15:30	US	
dd176aec-c89d-45b2-b72b-953559a883b7	283	Claire Bowen	F	F35-39	13	6:09:29	0:43:02	0:06:01	3:09:52	0:04:22	2:06:12	US	
32d06a89-3938-f011-8c4e-000d3a3173b5	284	Mike D'Errico	M	M35-39	32	6:09:51	0:54:00	0:08:56	2:56:12	0:03:23	2:07:20	US	
ec1dfe96-a65f-f111-a826-002248046451	285	Dominic Oddo	M	M25-29	29	6:10:15	0:44:22	0:10:26	3:09:57	0:09:22	1:56:08	USA	
590bdf61-af1b-4784-8394-abcfc41f75a4	286	Nicole Mason	F	F35-39	14	6:10:21	0:42:14	0:07:04	2:56:34	0:05:30	2:18:58	US	
0353ad1f-8066-ef11-bfe3-6045bd0953ac	287	Michael Marin	M	M45-49	28	6:10:57	0:49:34	0:08:45	2:42:40	0:05:03	2:24:55	USA	
ea32e95d-f149-f011-877a-000d3a5b7c3b	288	Alanna Ortiz	F	F30-34	14	6:10:57	0:32:06	0:09:14	3:09:46	0:02:34	2:17:17	USA	
20f96382-df15-f111-8341-6045bd08b1a2	289	August Finke	M	M25-29	30	6:11:03	0:31:41	0:10:07	3:14:14	0:04:03	2:10:58	USA	
32e9afa4-765c-f011-bec1-000d3a5b7c3b	290	Robert Parra	M	M40-44	40	6:11:16	0:43:32	0:07:17	3:06:59	0:04:14	2:09:15	US	
301a8099-e356-4b91-8b97-3ab71bb043f1	291	Evan Roshak	M	M25-29	31	6:11:29	0:32:07	0:08:30	2:50:04	0:04:56	2:35:52	US	
6ea99c6c-f0e4-f011-8406-00224804d77b	292	Lillian Williams	F	F30-34	15	6:11:45	0:33:59	0:06:02	3:06:44	0:03:00	2:22:01	USA	
de58d957-1882-45f0-92c8-a7c315e0c212	293	Lisa Miller	F	F50-54	5	6:11:51	0:52:27	0:08:00	2:53:08	0:03:05	2:15:11	USA	
a88cf48c-5d3b-f111-88b3-0022480a5755	294	Jimmie Heath	M	M40-44	41	6:12:05	0:58:52	0:07:45	2:45:06	0:05:26	2:14:57	usa	
51283521-8c2c-48a9-b28c-18e754dd6b50	295	Nixo Lanning	F	F40-44	13	6:12:18	0:39:38	0:06:05	3:04:12	0:03:48	2:18:35	US	
6ec08f97-f822-f111-8341-0022480994c2	296	Raul Beltran	M	M30-34	38	6:12:18	1:07:40	0:10:20	2:48:52	0:04:16	2:01:10	USA	
774c868e-e91c-f111-8341-0022480b84a3	297	Marcus Pena	M	M40-44	42	6:12:44	0:48:59	0:08:45	2:42:13	0:04:40	2:28:08	USA	
a489804a-3796-f011-b4cc-000d3a35ffc1	298	Matthieu Paillard	M	M50-54	21	6:12:46	0:45:26	0:07:05	2:48:12	0:04:15	2:27:48	US	
55fdff52-8397-4d6c-8f65-1d2749a8e051	299	Laura Yamasaki	F	F40-44	14	6:12:53	0:45:49	0:05:06	2:50:58	0:01:58	2:29:02	US	
7139a985-d90a-f111-8406-0022480994c2	300	Payton Jones	F	F18-24	4	6:12:56	0:34:31	0:05:48	3:12:52	0:02:12	2:17:32	USA	
fd7508e3-decb-4f82-9455-26543813564a	301	Matthew Sapyta	M	M40-44	43	6:13:01	0:41:58	0:11:33	2:56:34	0:07:22	2:15:34	USA	
f51403f2-ec3e-437d-9b3a-f299fb02cbb0	302	Rick Teubner	M	M60-64	9	6:13:10	0:50:06	0:08:15	3:07:34	0:03:42	2:03:32	US	
3d6cbc58-8a22-f111-8341-6045bd08b1a2	303	Abdullah Eissa	M	M18-24	21	6:13:10	0:45:27	0:06:22	3:03:04	0:02:55	2:15:22	USA	
1e714ec1-410a-4a0b-b35c-4fc728b0df82	304	Adam Blythe	M	M45-49	29	6:13:35	0:44:55	0:09:23	2:45:04	0:05:19	2:28:54	US	
e7eb6bb4-ac94-4ebd-bec4-6516bcb762c1	305	Ramon Johnston	M	M40-44	44	6:13:48	0:34:23	0:06:27	3:03:49	0:03:02	2:26:08	US	
b4766d9b-51f5-4913-b719-30ad24859cbe	306	Ray RAMOS	M	M45-49	30	6:14:03	0:59:55	0:07:24	3:06:45	0:04:24	1:55:35	usa	
5d356069-b1e6-f011-8544-000d3a5b50ba	307	CARLOS Quiroz Alvarez	M	M50-54	22	6:14:11	0:58:20	0:08:44	3:07:52	0:02:52	1:56:23	MEX	
2e1742a6-b2ba-4caf-874f-0584d475eb61	308	Karin QUINONES	F	F50-54	6	6:14:15	0:41:03	0:13:01	2:57:01	0:08:14	2:14:55	usa	
91693161-7ce9-4346-a427-bf93d1c3a666	309	Rachel Ayala	F	F40-44	15	6:14:17	0:43:58	0:09:17	2:58:48	0:04:51	2:17:23	US	
56ec5d48-d234-4502-a887-7c21c32b57bc	310	Miguel QUINONES	M	M55-59	16	6:14:22	0:43:48	0:12:10	2:55:49	0:07:42	2:14:54	usa	
c454af53-1f6e-4a29-9568-730510a50f64	311	Christyn Gaa	F	F40-44	16	6:14:37	0:49:26	0:06:25	2:40:59	0:07:24	2:30:23	US	
492da61e-519b-f011-b41c-6045bd05fcc1	312	Eddie Gutierrez	M	M30-34	39	6:14:38	0:49:18	0:10:25	2:51:10	0:08:20	2:15:26	usa	
04f429c6-82be-f011-bbd3-000d3a5b50ba	313	Emmeline Wang	F	F30-34	16	6:14:40	0:42:59	0:07:03	3:01:16	0:06:22	2:17:00	USA	
ddaabe0c-4113-4cd9-807f-4e86e6a03b19	314	Doug Miller	M	M60-64	10	6:15:05	0:45:00	0:08:16	2:51:19	0:03:26	2:27:04	US	
2a9b9570-664a-40c0-b83c-b61f689beab4	315	Ronald Haugen	M	M45-49	31	6:15:19	0:53:31	0:07:16	2:58:39	0:03:02	2:12:52	US	
002660b8-bc20-f111-8341-0022480a5755	316	Jesus Osornio	M	M25-29	32	6:15:29	0:42:28	0:07:32	2:57:20	0:04:55	2:23:13	USA	
0fd07bd6-cccb-ef11-b8e8-6045bd088264	317	Tember Craig	M	M35-39	33	6:15:36	0:48:58	0:06:57	3:06:59	0:04:26	2:08:15	US	
60bd16cf-60f5-f011-8406-0022480994c2	318	Hailey Booth	F	F30-34	17	6:15:40	0:41:28	0:07:30	3:05:21	0:08:38	2:12:44	USA	
a1c61e14-c11b-f111-8341-0022480b84a3	319	Jimmy Perea	M	M30-34	40	6:15:50	0:48:23	0:08:37	3:00:04	0:03:33	2:15:13	USA	
c6c81e0d-5cf1-428e-b0d5-80ac23fb0275	320	Pablo Gonzales	M	M40-44	45	6:16:00	0:45:38	0:08:12	2:40:53	0:04:26	2:36:50	US	
60363181-5fd6-ed11-a7c7-000d3a31458d	321	Caleb Smyth	M	M30-34	41	6:16:08	0:39:50	0:10:27	2:47:59	0:04:25	2:33:27	US	
74a5ae86-b4ee-406e-8e6c-d40d801c5cb7	322	Joshua Rodriguez	M	M40-44	46	6:16:23	1:09:09	0:11:59	2:47:56	0:03:04	2:04:14	US	
747125ef-eb45-ed11-bba1-000d3a314c24	323	John Hannon	M	M60-64	11	6:16:39	0:34:50	0:07:54	2:57:47	0:04:13	2:31:55	US	
13d26948-9453-ef11-a317-00224809fd7c	324	Nicholas Letbetter	M	M18-24	22	6:16:46	0:44:41	0:04:56	2:51:06	0:04:45	2:31:18	USA	
4e2c73c6-1b89-49ea-936f-f898d84cb20c	325	Laurie Boggs	F	F40-44	17	6:17:06	0:31:20	0:06:29	2:53:34	0:05:15	2:40:28	USA	
025be06c-f21c-f111-8341-0022480a5755	326	Jaime Herrera	M	M25-29	33	6:17:20	0:47:48	0:06:32	3:04:56	0:03:13	2:14:51	USA	
6cc50cc6-9e5c-4a2e-b17c-58369d1a8384	327	Eloy Aragon	M	M18-24	23	6:17:36	0:45:33	0:09:31	2:47:25	0:03:58	2:31:08	US	
27bec0b2-eab3-4f19-ab5d-39325d445a44	328	Enrique Sanchez	M	M45-49	32	6:17:37	0:45:03	0:07:06	2:57:02	0:02:24	2:26:02	usa	
7f5a9cd6-3b34-f111-88b3-000d3a58c020	329	David Abate	M	M40-44	47	6:17:38	0:54:50	0:08:37	2:47:35	0:06:28	2:20:08	USA	
d22061d2-7750-40fd-86a1-7640b57695e7	330	Michael Gomes	M	M35-39	34	6:17:54	0:38:57	0:07:36	2:58:56	0:03:44	2:28:41	US	
757fb817-4129-f111-88b3-000d3a316c4b	331	Ethan Boehle	M	M18-24	24	6:17:59	0:31:33	0:08:03	3:05:57	0:03:43	2:28:43	USA	
3143861d-1ac7-44d7-a92e-1d167b274f22	332	Noah Batkin	M	M40-44	48	6:18:06	0:27:43	0:08:46	3:02:08	0:05:12	2:34:17	usa	
62680e5f-cf2e-4743-84cb-368830cc1daf	333	Angela Serna	F	F45-49	3	6:18:10	1:02:44	0:06:04	2:59:05	0:04:59	2:05:19	US	
bd4f7dd7-5ddf-4079-a7eb-f542f9aa2d4f	334	Donavon Lewis	M	M50-54	23	6:18:12	0:43:55	0:05:13	2:58:03	0:02:43	2:28:18	US	
2a924bb2-b841-f111-88b3-0022480a5755	335	Ariel Shlosberg	M	M30-34	42	6:18:38	0:45:14	0:08:45	2:44:43	0:06:25	2:33:32	USA	
ad3a4b4c-aacf-4438-b088-62ded3fa5b69	336	Tyler Vance	M	M50-54	24	6:18:39	0:48:48	0:08:10	2:37:11	0:03:48	2:40:42	usa	
77066f98-cceb-f011-8544-6045bd05f634	337	James Sanchez	M	M25-29	34	6:18:41	0:49:00	0:05:25	2:33:12	0:04:01	2:47:03	USA	
43ecb1b1-a9e9-f011-8543-6045bd05fcc1	338	CHRISTIAN PRIETO	M	M25-29	35	6:18:47	0:52:56	0:07:18	3:00:02	0:04:20	2:14:11	USA	
e1479d89-e791-4dfb-9c67-1a6628c2e064	339	Matt Dawson	M	M30-34	43	6:18:49	0:49:16	0:09:41	2:55:51	0:07:37	2:16:25	US	
0745d99a-70b0-4608-af1e-bfb52d0495a3	340	Robert Miller	M	M55-59	17	6:18:52	0:42:57	0:08:05	2:59:15	0:05:12	2:23:23	US	
f65886b5-310c-f111-8406-6045bd06566a	341	Peter Kimble	M	M30-34	44	6:18:53	0:57:10	0:07:46	2:50:20	0:05:59	2:17:39	USA	
756682d5-a300-ee11-8f6e-000d3a314d17	342	Alfonso Martinez Acosta	M	M40-44	49	6:18:56	0:39:39	0:07:41	2:44:53	0:05:01	2:41:42	MEX	
78c7e1eb-3dfe-f011-8406-0022480a5755	343	JESUS EDUARDO LUEVANO CERA	M	M25-29	36	6:19:15	1:01:52	0:07:18	3:02:33	0:03:11	2:04:20	MEX	
14e8a518-3bd9-4ed0-9f6b-c9a86ebfe9fd	344	Christine Pachuda	F	F50-54	7	6:19:23	0:46:38	0:07:01	3:01:19	0:02:53	2:21:32	US	
1cdc280e-764f-45ac-a1f9-42f6fac483bb	345	Michael Giesige	M	M30-34	45	6:19:56	0:33:59	0:08:33	3:16:01	0:04:28	2:16:56	US	
7f62ecb9-7ec6-48cc-8b6b-615a835dda34	346	Jose Juan Jaime Ortiz	M	M45-49	33	6:20:05	1:02:38	0:08:03	2:57:24	0:02:56	2:09:03	mex	
faab2521-dbf5-49ed-8403-dd52085f6344	347	Chris Green	M	M65-69	4	6:20:10	0:48:43	0:12:46	2:55:33	0:04:22	2:18:45	USA	
cb5009c2-5c78-4e64-8938-8273695b91ae	348	Luke Mcdivitt	M	M25-29	37	6:20:39	0:59:38	0:07:05	2:53:46	0:04:07	2:16:03	US	
130d9209-872b-4643-a845-333cb09b8bae	349	Jason Denton	M	M50-54	25	6:20:45	0:42:34	0:09:09	3:09:50	0:05:09	2:14:03	US	
8d08493c-0c59-4137-8a01-933a6b9e08cc	350	Erin Pettyjohn	F	F45-49	4	6:20:57	0:46:33	0:06:21	3:02:21	0:05:09	2:20:32	USA	
98a3eae5-92a3-4f9f-9b19-554f46006404	351	Catherine Offret	F	F40-44	18	6:21:12	0:46:11	0:06:54	2:51:49	0:04:53	2:31:24	usa	
a6ad9e40-7db9-4d50-9d8e-157f8ee24271	352	Nancy Goodnight	F	F60-64	3	6:21:37	0:47:24	0:07:27	3:03:01	0:04:37	2:19:07	usa	
6d9337af-3c5d-f111-a826-002248046ec8	353	Derek Davis	M	M50-54	26	6:22:22	0:38:49	0:07:41	3:11:03	0:06:48	2:18:02	USA	
077c0e58-e46f-f011-bec3-000d3a35ffc1	354	Sophie Blondel	F	F35-39	15	6:22:25	0:52:18	0:10:21	3:12:20	0:04:49	2:02:37	USA	
d30ec7a1-bb9d-4708-87f4-f566f3c6516e	355	John Trocko	M	M55-59	18	6:22:37	0:43:56	0:08:12	2:58:10	0:06:00	2:26:18	US	
ec7664bd-d7c7-4806-87d2-c72acf1d556e	356	Robbie Jacobo	M	M35-39	35	6:22:38	0:51:21	0:12:03	3:06:34	0:06:46	2:05:55	usa	
7c5ef85d-a782-4181-bc81-5ae8b0c19cb2	357	Michelle Blankenship	F	F55-59	2	6:22:41	0:42:15	0:07:55	3:05:33	0:03:12	2:23:46	US	
550fe49d-fe14-f111-8341-0022480b84a3	358	Matthew Smith	M	M25-29	38	6:22:57	0:48:26	0:05:37	2:52:55	0:05:56	2:30:03	USA	
5d1a6374-4ac7-f011-bbd3-6045bd05fcc1	359	John Ladd	M	M30-34	46	6:23:05	0:44:29	0:07:53	2:53:16	0:05:20	2:32:06	USA	
62b6bba6-40fe-f011-8406-0022480b3ee9	360	Eric Hoe	M	M18-24	25	6:23:20	0:42:50	0:05:50	3:11:53	0:02:52	2:19:55	USA	
830bd858-9229-f111-8341-0022480a5755	361	Fabian Osollo	M	M35-39	36	6:23:43	0:56:47	0:13:17	3:12:31	0:06:52	1:54:16	USA	
92ac10f3-3558-4d9d-a35a-c9d8e16d683a	362	Caitlin Mckenna	F	F30-34	18	6:24:00	1:06:48	0:06:28	2:47:03	0:04:38	2:19:03	US	
e3051af8-d115-f111-8341-6045bd08b1a2	363	Eugenio Garza Lerma	M	M35-39	37	6:24:01	0:46:20	0:17:00	2:46:34	0:09:29	2:24:38	MEX	
f4f1a37e-5eaf-45b4-b011-50a58e6ac757	364	Matthew Connelly	M	M55-59	19	6:24:06	0:36:59	0:10:03	2:46:10	0:04:35	2:46:21	US	
7805c64a-e915-f111-8341-6045bd06566a	365	Manson Huang	M	M25-29	39	6:24:39	1:05:38	0:07:35	2:41:58	0:03:03	2:26:25	USA	
9c8b81d7-23c7-ef11-b8e9-002248049fdc	366	Victor Adonis	M	M25-29	40	6:24:46	0:45:45	0:06:13	3:13:56	0:03:33	2:15:19	US	
b588ea45-7ac8-ef11-b8e8-000d3a5a403c	367	Patrick Juancorena	M	M45-49	34	6:24:50	0:38:49	0:09:12	3:11:34	0:06:36	2:18:39	USA	
dc573f34-53be-ef11-b8e9-000d3a3bee86	368	Patty Schmaedeke	F	F55-59	3	6:24:58	0:47:34	0:08:31	2:58:41	0:05:28	2:24:43	US	
40799010-ae59-ef11-a317-000d3a367177	369	Dexter Knight	M	M35-39	38	6:24:58	0:50:08	0:09:46	3:02:21	0:05:45	2:16:59	usa	
87c4c1f8-77ea-4a85-9aeb-4b048a9c6bda	370	Glen Colthup	M	M55-59	20	6:25:01	0:47:26	0:06:22	2:50:04	0:02:52	2:38:17	usa	
7c492c99-0638-4757-bfed-6ee187359f64	371	Julio Ruiz	M	M35-39	39	6:25:11	0:55:50	0:08:53	2:56:34	0:04:16	2:19:38	US	
33fc3739-80bf-47d7-bd21-40fb85b44bb3	372	Craig Van Dommelen	M	M60-64	12	6:25:33	0:38:02	0:09:02	2:56:22	0:03:14	2:38:53	US	
cf6e7c11-ef1c-f111-8341-6045bd08b1a2	373	Bernie Morales	M	M45-49	35	6:25:40	0:43:55	0:06:46	2:43:00	0:04:44	2:47:15	USA	
7171537d-f41c-f111-8341-0022480b84a3	374	Alexis Shirley	F	F25-29	5	6:25:50	0:31:25	0:07:14	3:12:14	0:03:47	2:31:10	USA	
f991a6f7-c191-f011-b4cc-000d3a5b7c3b	375	Tomas Sodini	M	M30-34	47	6:25:53	0:31:21	0:07:26	3:06:06	0:07:34	2:33:27	USA	
7913da4c-2247-f111-bec6-002248046ec8	376	BRETT DAVENPORT	M	M35-39	40	6:26:06	1:04:09	0:12:15	2:43:36	0:08:02	2:18:04	USA	
a972191d-2560-f011-bec3-000d3a5cf7d8	377	ISRAEL LUNA HERNANDEZ	M	M30-34	48	6:26:07	0:46:16	0:08:52	3:01:53	0:03:03	2:26:02	US	
03032223-cfa7-4849-8adc-bb3574689a46	378	Erick Ruiz	M	M45-49	36	6:26:14	0:49:01	0:07:05	2:48:17	0:04:03	2:37:48	US	
d11f27ec-8ecc-4895-9781-8e30031e96c1	379	Dustin Simon	M	M40-44	50	6:26:24	0:39:34	0:06:41	3:00:40	0:03:18	2:36:11	SG	
f67000de-47ed-4d94-b464-cabe41898fd5	380	Christine Desrochers	F	F55-59	4	6:26:41	0:44:32	0:05:44	2:58:31	0:02:43	2:35:10	usa	
0bdf5944-7a33-ef11-8409-6045bd0953ac	381	Huck Green	M	M30-34	49	6:26:56	0:33:08	0:05:39	2:50:44	0:02:48	2:54:37	US	
6a6cc051-f22c-ec11-b6e5-000d3a333555	382	ray brenn		F55-59	5	6:26:57	0:43:06	0:06:41	3:00:06	0:03:08	2:33:55	USA	
993ed7ad-6a50-49c1-801c-e60790269a25	383	Jasmine Johnson	F	F45-49	5	6:27:14	0:53:46	0:11:05	3:15:40	0:06:12	2:00:30	US	
83073356-3f45-f011-877a-000d3a3173b5	384	Alberto Linares Mercado	M	M18-24	26	6:27:20	0:57:34	0:05:02	2:56:37	0:02:58	2:25:08	USA	
3cda7c66-ef7a-4e30-b276-1dc915708a3c	385	Sarina Lieberman	F	F30-34	19	6:27:22	0:47:55	0:08:06	3:12:41	0:07:11	2:11:29	US	
400d037e-605f-ef11-bfe3-6045bd0953ac	386	Donivan Flowers	M	M45-49	37	6:27:55	0:44:22	0:07:04	2:56:33	0:03:30	2:36:25	US	
d86623b9-e0d1-ef11-8eea-002248049fdc	387	Mario Estrada	M	M35-39	41	6:28:31	0:57:18	0:09:02	3:09:56	0:04:53	2:07:22	MX	
9bbe5303-a347-f011-877a-000d3a5b50ba	388	Arturo. Sanchez	M	M30-34	50	6:28:44	0:53:05	0:12:08	3:16:42	0:06:03	2:00:46	USA	
48944dd5-70e5-4378-919f-99268219933f	389	Karina Zuniga	F	F40-44	19	6:29:27	0:51:03	0:05:53	3:13:43	0:02:16	2:16:32	US	
3a0a386c-74bd-4006-bee5-98136528ca38	390	Rebecca Torres	F	F40-44	20	6:29:33	0:44:13	0:06:04	3:03:14	0:04:06	2:31:57	US	
8da484ad-ad9d-4a88-915a-8681cc944980	391	Kari Thompson	F	F50-54	8	6:29:42	0:37:06	0:07:17	3:07:02	0:05:15	2:33:02	usa	
4339f8f8-17bc-f011-bbd3-002248098cfa	392	Jonathan Gardea	M	M30-34	51	6:29:55	0:47:34	0:05:22	3:09:36	0:04:42	2:22:41	USA	
bc7d6399-05b0-ef11-b8e9-000d3a5a1803	393	Tiffany Williams	F	F40-44	21	6:29:56	0:20:05	0:15:29	2:59:37	0:07:22	2:47:24	US	
cdb542a8-5367-f011-bec2-000d3a5b7c3b	394	Mick Martinez	M	M40-44	51	6:30:02	0:52:45	0:07:27	3:14:51	0:04:33	2:10:25	US	
9e7d95ba-38b1-4cc0-96ab-0f293c031c14	395	Carl Cook	M	M55-59	21	6:30:13	0:39:24	0:07:02	2:56:16	0:06:36	2:40:55	US	
815f687d-6131-f111-88b4-002248046ec8	396	Stephen Long	M	M40-44	52	6:30:15	0:55:32	0:07:59	2:51:42	0:05:37	2:29:25	USA	
5a9cf966-feb5-f011-bbd3-000d3a35ffc1	397	Diego Flores	M	M18-24	27	6:30:33	0:36:45	0:10:40	3:06:14	0:02:39	2:34:15	USA	
cf15e41e-3e09-f111-8406-002248046451	398	Marcos Zamora	M	M30-34	52	6:30:38	0:56:27	0:09:21	3:04:50	0:07:10	2:12:50	USA	
a7e7278a-fdee-f011-8407-6045bd04a162	399	Pierce Edwards	M	M18-24	28	6:30:41	0:36:49	0:07:21	2:52:43	0:03:58	2:49:50	USA	
3fe06a88-7120-f111-8341-002248046ec8	400	Hannah Riva	F	F35-39	16	6:31:01	0:38:39	0:07:06	3:25:02	0:10:43	2:09:31	usa	
33419564-0825-f011-8c4d-000d3a5a64d9	401	Jonathan Crutchfield	M	M30-34	53	6:31:15	0:39:37	0:08:16	2:56:35	0:02:33	2:44:13	US	
438b99fb-c684-46db-ab82-16cc4f51847e	402	Arianna Johnson	F	F30-34	20	6:31:29	0:51:18	0:09:01	3:27:51	0:05:21	1:57:59	US	
5bdba0ca-aa05-f011-bae1-000d3a5b50ba	403	GUILLERMO DELGADILLO	M	M50-54	27	6:31:35	1:05:42	0:07:18	2:57:11	0:03:43	2:17:40	MX	
688e4e97-03e2-454e-8730-d47665ca48ca	404	Michele Trujillo-Veit	F	F50-54	9	6:31:40	0:36:34	0:05:14	2:57:13	0:04:43	2:47:56	US	
9d5bf4dc-ab03-4ecb-801f-4ae8e2cf918f	405	Jesse Ritchey	M	M35-39	42	6:32:07	0:48:59	0:06:09	2:51:07	0:02:50	2:43:02	USA	
9c8135df-6bea-46b7-a112-d222f788bffe	406	Harper Cummins	F	F40-44	22	6:32:14	0:45:50	0:09:09	3:00:09	0:04:26	2:32:39	usa	
4ef595af-e2e2-f011-8544-000d3a5b7c3b	407	Chase Lewis	M	M25-29	41	6:32:22	0:54:25	0:07:08	3:08:41	0:04:46	2:17:22	USA	
6cfad084-d71b-f111-8341-0022480a5755	408	Liam Gallagher	M	M18-24	29	6:32:31	0:55:08	0:09:11	3:12:12	0:04:48	2:11:12	USA	
6b75b07d-905e-41c5-a73a-f025bb8b68a9	409	Nate Call	M	M40-44	53	6:32:51	0:50:53	0:08:27	2:57:01	0:03:39	2:32:51	US	
f413a8d8-0e1c-f111-8341-6045bd08b1a2	410	Jacob Gonzalez	M	M18-24	30	6:32:54	0:42:25	0:10:16	3:15:51	0:04:15	2:20:08	USA	
3cfec523-9945-f011-877a-0022480a7385	411	Liam Crowley	M	M18-24	31	6:33:02	0:51:16	0:09:24	2:59:24	0:03:37	2:29:21	USA	
7cb98e48-42f3-4594-b6f8-efd6d5fff1fa	412	Ian Smith	M	M30-34	54	6:33:25	0:36:36	0:08:49	3:05:04	0:09:31	2:33:25	USA	
1747f68f-0458-44ba-a091-b7fd6d497256	413	Brandon Brito	M	M30-34	55	6:33:30	0:41:56	0:06:32	3:17:28	0:07:01	2:20:33	US	
2495ede9-471b-f111-8341-0022480994c2	414	David Brandfas	M	M40-44	54	6:34:09	0:50:24	0:09:01	3:21:08	0:05:22	2:08:14	USA	
60374ef0-8212-f111-8406-0022480994c2	415	Joseph Valverde	M	M35-39	43	6:34:12	0:55:18	0:09:12	3:04:34	0:05:25	2:19:45	USA	
9b0dcf4f-381c-f111-8341-002248081bd6	416	Kathryn Doster	F	F30-34	21	6:34:26	0:58:55	0:07:02	3:08:51	0:04:48	2:14:50	USA	
2259e7b8-f927-f111-8341-002248046ec8	417	Liana Fernandez	F	F18-24	5	6:35:24	0:48:49	0:14:17	2:59:56	0:10:36	2:21:46	USA	
d1aeadfb-104e-f111-bec5-70a8a5af1714	418	Cody Rowell	M	M40-44	55	6:35:27	0:47:07	0:10:08	3:23:01	0:06:13	2:08:58	USA	
14a5e7d1-4da6-4e94-b217-43d95435b62d	419	Jennifer Mathe	F	F50-54	10	6:35:54	0:38:52	0:07:52	3:04:26	0:03:08	2:41:36	US	
b0ea37a4-a8f7-f011-8406-000d3a342026	420	David Clark	M	M40-44	56	6:36:03	1:05:00	0:12:38	2:53:42	0:07:20	2:17:22	USA	
85be1450-45a8-4668-9d70-ba93a93bd36f	421	Randy Rindlisbacher	M	M45-49	38	6:36:03	0:45:19	0:06:58	3:04:55	0:02:54	2:35:57	USA	
4e03dd55-631e-f111-8341-6045bd06566a	422	Colin Ross	M	M18-24	32	6:36:17	0:47:11	0:10:20	3:08:16	0:05:47	2:24:44	USA	
83d66342-f91c-f111-8341-002248046451	423	Luis Rico	M	M18-24	33	6:36:25	0:51:39	0:08:48	2:59:24	0:08:23	2:28:11	USA	
8be55da0-6576-4b65-b452-e493d0289726	424	Kara Sessums	F	F50-54	11	6:36:26	0:46:20	0:10:05	3:32:34	0:04:51	2:02:36	US	
b0f55342-c029-4d72-a77e-123ca704d0dd	425	Michelle Mosby	F	F40-44	23	6:36:44	0:38:00	0:07:04	3:15:57	0:05:24	2:30:19	US	
d077de1f-d468-4a57-ba22-0b4cb3c1737d	426	Meghan Wiebe	F	F30-34	22	6:36:47	0:37:42	0:08:06	3:05:40	0:08:24	2:36:54	US	
b6933b75-3d23-f111-8341-0022480b88da	427	Joshua Spessert	M	M18-24	34	6:36:49	0:29:32	0:06:09	3:22:42	0:04:34	2:33:53	USA	
16ff6d77-6927-f011-8c4e-000d3a5b50ba	428	Jelal Garcia	M	M35-39	44	6:37:04	0:43:34	0:06:15	3:28:07	0:03:28	2:15:40	US	
608c1f10-8b80-4f71-9461-2b317a675867	429	Dan Reinheimer	M	M60-64	13	6:37:37	0:50:50	0:10:23	2:53:21	0:04:23	2:38:39	usa	
186ac7da-9668-ef11-bfe3-6045bd0953ac	430	Edwin Widgeon	M	M40-44	57	6:37:43	0:53:21	0:06:58	2:59:48	0:07:49	2:29:47	US	
de02e5c3-1e0e-4c78-a3c3-a47ea6eca73d	431	Luis Mendoza	M	M25-29	42	6:37:44	0:49:01	0:09:58	2:53:26	0:04:21	2:40:58	US	
6974c685-9c01-443d-83d3-d75f029ff7b2	432	Cruz Rodriguez	M	M40-44	58	6:38:06	0:59:14	0:08:13	3:05:00	0:05:36	2:20:03	US	
c7c50034-fecb-45cd-af38-1ae4955184e9	433	Chiemi Muroi	F	F55-59	6	6:38:08	0:53:43	0:07:18	3:07:52	0:02:21	2:26:53	usa	
f54119ee-ad10-4583-9732-6e0eff8ce7d3	434	Steve Kortenkamp	M	M55-59	22	6:38:14	0:40:46	0:10:37	2:58:32	0:06:57	2:41:21	US	
19f8b5c0-9e66-f111-a826-002248046ec8	435	Robert Miranda	M	M40-44	59	6:38:46	0:51:26	0:10:48	3:02:35	0:07:14	2:26:44	USA	
ed3b57ec-5a01-f111-8406-0022480994c2	436	Daxton Rigdon	M	M18-24	35	6:38:56	0:49:46	0:05:55	3:18:16	0:03:50	2:21:09	USA	
a1ef7f63-3f89-f011-b4cc-000d3a35ffc1	437	Jerry Sano	M	M30-34	56	6:38:59	0:54:22	0:09:23	3:07:27	0:05:58	2:21:49	US	
bcf85b2b-9bd9-42c3-93fe-156ddd2a78fc	438	Stefan Lepkowski	M	M35-39	45	6:39:00	0:41:30	0:11:48	3:02:21	0:08:37	2:34:44	US	
8f8fbd07-1cf5-40d9-8e15-f9249e5d6d20	439	Katelyn Johnston	F	F25-29	6	6:39:19	0:46:08	0:09:57	3:20:43	0:06:16	2:16:14	USA	
588d7349-31ba-46d2-bacb-026d528e6ca1	440	Tara Dannehl	F	F45-49	6	6:39:36	0:54:32	0:09:44	2:54:52	0:03:33	2:36:55	US	
a7816992-1851-f011-877a-000d3a35ffc1	441	Juan Ramon Valenzuela	M	M30-34	57	6:39:36	0:43:02	0:09:47	2:56:43	0:04:25	2:45:40	USA	
7a8484bf-a16e-4f33-a63f-dfe2635821fd	442	Gilbert Mendoza	M	M35-39	46	6:39:41	0:51:29	0:09:53	3:09:38	0:06:12	2:22:29	US	
7d50017d-bd89-ef11-ac21-002248049fdc	443	Jenson White	M	M25-29	43	6:39:42	0:47:38	0:12:34	3:20:38	0:07:56	2:10:56	USA	
b5c6eb36-fdfd-ef11-bae2-000d3a5b7c3b	444	Jed Untereker		M50-54	28	6:40:01	0:41:59	0:08:22	3:08:28	0:06:53	2:34:19	USA	
f25cfa0a-a288-4c7b-adeb-4fdd02ed9ebc	445	Evan Zilliox	M	M45-49	39	6:40:03	0:44:44	0:07:41	3:00:45	0:01:41	2:45:12	usa	
28683be6-fc04-4e1d-9ad9-1fd5a3125ca5	446	Bonnie Ritchotte	F	F50-54	12	6:40:16	0:59:46	0:11:58	3:10:45	0:07:46	2:10:01	US	
7ff49aba-7d20-f011-998a-6045bd05fcc1	447	Jordan Montoya	M	M18-24	36	6:40:47	0:50:22	0:09:12	3:26:38	0:03:33	2:11:02	US	
ff6c645f-6239-4bd0-b6ab-565bb02b05d8	448	Tony Luu	M	M55-59	23	6:40:57	0:58:24	0:13:08	3:16:18	0:07:10	2:05:57	US	
eb731aac-5667-f011-bec3-000d3a35ffc1	449	Austin Sanchez	M	M30-34	58	6:40:59	0:45:05	0:09:21	3:05:06	0:03:48	2:37:40	USA	
1d546f19-126b-f011-bec3-6045bd09951e	450	Gabriel Collazo	M	M30-34	59	6:41:05	0:49:41	0:08:32	3:12:11	0:04:36	2:26:04	USA	
2c489221-7c07-f111-8406-7ced8d3c8048	451	Connor Toelle	M	M18-24	37	6:41:27	0:57:22	0:15:26	3:14:31	0:08:15	2:05:53	USA	
f1ad69b3-4747-49fc-bbe7-325370b36459	452	Duane Murphy	M	M55-59	24	6:41:37	0:40:10	0:13:17	3:16:14	0:06:28	2:25:27	USA	
1eb1f5ce-be47-448f-a0e2-90981f51b0ba	453	Christine Matteo	F	F55-59	7	6:41:37	0:50:08	0:08:34	3:01:19	0:06:14	2:35:22	US	
58f51a7f-bbad-f011-bbd3-000d3a35ffc1	454	Jacob Greenly	M	M25-29	44	6:42:35	0:45:18	0:09:59	2:58:21	0:06:36	2:42:22	US	
2eafb157-4e09-4fca-aff1-8a1790ced360	455	Ana Ruiz Luna	F	F25-29	7	6:42:40	0:48:28	0:10:07	3:03:46	0:07:05	2:33:14	usa	
a209ec64-8f84-f011-b4cc-000d3a3173b5	456	Matt Culbertson	M	M35-39	47	6:43:00	0:41:37	0:09:35	3:05:31	0:07:56	2:38:22	USA	
46167dd6-8833-443e-a8f0-ecb4a80d62c3	457	Hallye Fogtman	F	F30-34	23	6:43:42	0:43:25	0:12:09	3:11:20	0:06:44	2:30:04	US	
287352a9-44d2-f011-bbd3-000d3a5b50ba	458	Jonathan Ortiz	M	M18-24	38	6:43:43	0:43:12	0:12:06	2:54:37	0:05:08	2:48:40	USA	
70bcd4cb-6df1-4d38-97c7-a8f8f71858b5	459	Alejandra Martinez	F	F30-34	24	6:43:44	0:56:43	0:09:44	3:11:29	0:11:02	2:14:46	US	
c9aa6b5c-2c8e-49c2-b71f-932060c4ba26	460	Rolf Schindler	M	M65-69	5	6:43:45	0:43:51	0:07:19	2:57:40	0:04:12	2:50:42	US	
2ba9aa11-12e4-ef11-8eea-6045bd048089	461	Jonathan Coon	M	M25-29	45	6:44:00	0:41:56	0:07:02	3:23:06	0:05:24	2:26:32	US	
347a71b5-d3fd-4cb4-b03b-e251fb6d00ad	462	Madeline Kelty	F	F40-44	24	6:44:06	0:45:21	0:11:01	3:16:28	0:06:17	2:24:59	US	
7e46b904-5419-4656-8756-2413ee9c419d	463	Cameron Jones	M	M30-34	60	6:44:13	0:39:02	0:08:53	3:05:50	0:07:16	2:43:12	usa	
26a073d2-1923-f111-8341-6045bd06566a	464	Jerry Young	M	M25-29	46	6:44:51	0:48:16	0:08:22	3:22:30	0:04:18	2:21:26	USA	
b3cf7e95-7b72-456d-a677-2fa518b37203	465	Sheila Van Cuyk	F	F55-59	8	6:45:11	0:40:59	0:07:30	3:25:08	0:04:02	2:27:32	USA	
1f17a435-abd7-4801-9169-3f71643c8746	466	Donald Vallier	M	M35-39	48	6:45:38	0:57:25	0:13:34	3:00:45	0:07:47	2:26:07	usa	
130e2f8b-e1be-e511-940c-005056951bf1	467	Megan Cornett	F	F50-54	13	6:45:38	0:41:21	0:06:32	3:09:18	0:04:14	2:44:13	usa	
61beb6c6-5ac5-f011-bbd3-6045bd05fcc1	468	Adyson Cearley	F	F18-24	6	6:45:42	0:48:29	0:08:04	3:13:00	0:03:52	2:32:18	USA	
e7f51dc2-47fd-ef11-bae2-0022480823e6	469	Michael Malone	M	M55-59	25	6:45:52	0:40:30	0:09:25	3:24:04	0:04:58	2:26:55	US	
ef1c3f6e-2a1c-f111-8341-0022480b84a3	470	Rubie Chisholm	F	F30-34	25	6:46:16	0:56:10	0:10:12	3:09:02	0:04:09	2:26:43	USA	
fbb32c45-523d-4ba8-93b9-ba87b999a400	471	Nikki Jones	F	F35-39	17	6:46:29	0:46:03	0:09:31	3:09:24	0:08:03	2:33:28	US	
2b571d8e-0115-f111-8341-0022480a5755	472	Yasmel Garcia	F	F30-34	26	6:46:50	0:57:11	0:09:46	3:23:14	0:03:48	2:12:50	USA	
ea0daa73-9ccc-4975-81a6-3954749171be	473	Jonathan Latona	M	M35-39	49	6:46:53	0:35:07	0:06:57	3:10:22	0:07:12	2:47:16	US	
3aef0459-6a0f-43b7-8fd9-329bbe4a2a93	474	ana love	F	F25-29	8	6:47:01	0:40:41	0:08:27	3:10:36	0:07:54	2:39:24	US	
02ebfe89-6745-f111-88b3-0022480a5755	475	Miriam Swisher	F	F30-34	27	6:47:16	0:32:25	0:06:35	3:13:31	0:04:13	2:50:32	USA	
eaab069b-e4dc-ee11-904e-000d3a314d17	476	Gabriel Prieto	M	M35-39	50	6:47:27	0:51:16	0:06:30	3:02:37	0:02:39	2:44:24	USA	
7bb17764-8194-4860-afe8-91834415d7f2	477	Bernd Leinauer	M	M65-69	6	6:47:42	1:06:31	0:10:27	2:52:20	0:08:25	2:29:59	US	
ed7660bd-547e-4897-a73a-6b12bbf6a3a3	478	Heather Murphy	F	F40-44	25	6:47:43	0:53:53	0:10:08	3:16:56	0:06:47	2:19:59	USA	
1154dee3-843f-41ff-aeb2-c67d3afc0a4a	479	Ellen Camp	F	F70-74	1	6:47:51	0:48:37	0:08:16	3:13:17	0:03:46	2:33:54	USA	
6011c57e-0818-f111-8341-0022480a5755	480	Diego Vazquez	M	M25-29	47	6:47:53	1:09:51	0:06:29	3:06:59	0:03:39	2:20:56	USA	
3749e0f8-645d-f111-a826-0022480b84a3	481	Jose Solis	M	M25-29	48	6:48:00	0:46:33	0:13:38	3:12:37	0:06:33	2:28:40	USA	
41f415ff-6eaf-4679-8da7-a2f02c17d7aa	482	Shon Turner	M	M50-54	29	6:48:48	1:01:09	0:09:21	2:52:46	0:05:13	2:40:20	US	
5f307e1f-d52b-f111-88b3-0022480b84a3	483	Michaela Edwards	F	F30-34	28	6:48:58	0:48:51	0:06:02	3:14:59	0:02:59	2:36:07	USA	
74062094-b9cf-ef11-b8e9-000d3a5a1803	484	Katia Marie Blancas Touche	F	F25-29	9	6:49:02	0:47:54	0:08:36	3:17:08	0:04:32	2:30:53	usa	
8d2118e0-ac38-f011-8c4e-000d3a5cf7d8	485	Jaime Grechika	F	F50-54	14	6:49:10	0:41:26	0:06:28	3:19:39	0:04:25	2:37:11	USA	
78c29111-c41c-f111-8341-000d3a3af45c	486	Jon Floyd Dunn	M	M25-29	49	6:49:30	0:45:28	0:10:56	3:05:17	0:06:57	2:40:53	USA	
c473b54e-ad6a-ea11-a811-000d3a5a1bfb	487	Michelle Hopson	F	F55-59	9	6:49:31	0:47:53	0:06:58	3:09:38	0:06:05	2:38:58	US	
0bfd3cec-9566-f011-bec3-6045bd05fcc1	488	Sofia Nava	F	F30-34	29	6:49:35	0:48:43	0:09:07	3:03:04	0:06:56	2:41:46	USA	
09bdca44-3e1c-f111-8341-6045bd08b1a2	489	Bryan Rogala	M	M35-39	51	6:49:47	0:47:03	0:13:12	2:50:27	0:08:57	2:50:08	USA	
1ecd77c3-1f21-4bb0-9276-de6ca56f636c	490	Carolyn Taylor	F	F50-54	15	6:49:55	0:40:36	0:08:22	3:28:21	0:04:46	2:27:51	US	
17085094-fe01-4f27-8610-e439f392c9b2	491	Jami Callahan-Brill	F	F60-64	4	6:50:13	0:39:27	0:07:22	3:19:50	0:04:24	2:39:10	usa	
48854e43-88a0-f011-b41c-6045bd05fcc1	492	Nadeem Hajir	M	M25-29	50	6:50:19	0:47:23	0:07:17	3:05:58	0:03:15	2:46:27	USA	
c1e22a81-66f8-f011-8406-002248046ec8	493	Keegan Jones	M	M30-34	61	6:50:20	0:51:11	0:17:41	3:00:47	0:10:50	2:29:51	USA	
7144d7cf-8a3f-4ffb-b0ab-0c9aba5e899d	494	Allison Mills	F	F40-44	26	6:50:45	0:47:49	0:07:33	3:03:27	0:04:12	2:47:44	US	
324a426d-fa4a-f111-bec5-70a8a5aec4e5	495	Carlos Garcia	M	M30-34	62	6:51:14	0:52:14	0:11:47	3:15:10	0:04:36	2:27:28	USA	
352c9c0f-4a6e-ef11-a671-00224809fd7c	496	Luisa D Torres	F	F25-29	10	6:51:37	0:54:53	0:10:37	3:16:02	0:07:13	2:22:52	USA	
041c7b1c-6386-4510-8c18-e99a885d58aa	497	Dorian Cordova	M	M30-34	63	6:51:49	0:58:23	0:11:16	3:20:10	0:05:41	2:16:19	US	
777ecfcb-31da-477b-8d5f-bfe9e8a09b88	498	Jasmine Gaddy	F	F50-54	16	6:51:56	0:52:37	0:10:28	3:12:21	0:05:38	2:30:52	US	
727d9d0c-fa1e-f011-998b-000d3a35ffc1	499	Celeste Rivera	F	F35-39	18	6:51:59	0:43:36	0:07:50	3:08:50	0:09:14	2:42:30	US	
1bb0dc0c-98be-f011-bbd3-000d3a5cf7d8	500	Paulina Longenbaugh	F	F35-39	19	6:52:10	0:48:02	0:08:32	3:14:26	0:05:14	2:35:57	USA	
03544159-cd81-49ec-8424-dbfd2fbed26d	501	Jacob King	M	M35-39	52	6:52:11	0:48:51	0:06:45	3:00:19	0:02:39	2:53:37	US	
6ee947b3-fa66-f011-bec3-000d3a35ffc1	502	Albert Arellano	M	M45-49	40	6:52:13	0:48:23	0:09:46	3:15:15	0:04:08	2:34:40	US	
e4a679c2-c8f4-f011-8406-002248046ec8	503	Dustin Krier	M	M40-44	60	6:52:43	0:52:29	0:06:56	2:56:04	0:04:09	2:53:04	USA	
821d883f-2e26-f111-8341-002248046ec8	504	Andrew Dombrowski	M	M25-29	51	6:52:46	0:37:20	0:09:15	3:15:25	0:04:44	2:46:02	USA	
07def642-8da7-452d-baa3-5eb73cc980b9	505	Steve Duran	M	M55-59	26	6:54:27	0:45:23	0:09:45	3:12:22	0:04:45	2:42:13	US	
704d8801-859b-471e-8f63-b7b7fbdaf776	506	Brad Dunn	M	M40-44	61	6:54:46	0:42:33	0:07:28	3:00:42	0:05:23	2:58:40	US	
b5e10c36-24da-4c2b-b9bd-4af3e4b0f4ed	507	Daniela Castillejos	F	F25-29	11	6:54:49	0:56:01	0:10:15	3:03:24	0:05:39	2:39:30	US	
9a4a2c70-da5b-48f4-aaa5-1bb1d25dd250	508	Marianne Morrill	F	F65-69	2	6:54:50	0:50:25	0:11:43	3:14:23	0:08:14	2:30:04	usa	
73f8bd1e-4d26-f111-8341-6045bd06566a	509	Yair Diaz	M	M25-29	52	6:54:53	0:40:20	0:07:09	3:13:02	0:02:15	2:52:07	MEX	
051593bb-8d0d-4c63-8e07-cf2a6993b2d8	510	Michael Anderson	M	M50-54	30	6:54:54	0:49:08	0:08:46	3:06:19	0:03:08	2:47:33	US	
67dc93bf-b0ff-ef11-bae2-000d3a35ffc1	511	Angie Martinez	F	F45-49	7	6:55:06	0:47:32	0:08:47	3:20:21	0:03:24	2:35:03	USA	
5c012e10-8395-4bb7-afd8-6bd4ef5a2f8a	512	Jerrod Warr	M	M40-44	62	6:55:18	0:37:34	0:11:40	3:04:26	0:09:07	2:52:32	US	
1eaebe06-7425-f111-8341-0022480a5755	513	Payton Link	M	M18-24	39	6:55:59	0:43:41	0:13:30	3:30:23	0:09:50	2:18:35	USA	
cde165fd-d723-4760-b29b-e5cc2745f3fb	514	Trey Valadez	M	M35-39	53	6:56:02	0:47:56	0:09:03	3:04:49	0:08:03	2:46:10	US	
2c21423a-e6ee-ef11-9342-002248049fdc	515	LINDA ORTEGA TERRAZAS	F	F30-34	30	6:57:07	0:43:05	0:06:26	3:08:27	0:04:16	2:54:54	MX	
85b8ecc7-2622-f011-998a-000d3a3173b5	516	Eric Hoisington	M	M30-34	64	6:57:14	1:00:31	0:10:18	3:31:08	0:04:15	2:11:02	US	
ef45d945-562e-43c8-bfc0-3e876006614f	517	Shane Plymell	M	M55-59	27	6:57:37	0:47:08	0:07:54	2:57:53	0:07:39	2:57:04	US	
8c36ad41-c477-f011-b4cc-000d3a3173b5	518	Ivan Saucedo	M	M30-34	65	6:57:56	0:30:29	0:07:45	3:32:17	0:07:15	2:40:09	USA	
5624050a-8a2c-f111-88b3-6045bd06566a	519	Cory Christoffer	M	M50-54	31	6:57:59	0:57:53	0:13:58	3:11:35	0:08:47	2:25:47	USA	
1febfa06-793e-47ee-9f34-12dc5da7e947	520	Dave Roshak	M	M55-59	28	6:58:07	0:50:22	0:09:02	3:02:23	0:04:42	2:51:38	US	
fc011d99-e14b-4fb0-9dd6-0efbd57dea73	521	Michael Czarnik	M	M60-64	14	6:58:48	1:05:55	0:07:48	3:02:28	0:06:24	2:36:13	US	
d5da7fc6-f589-46ca-90b8-c0595aae0034	522	Ruben Alejandro Garcia Malvaez	M	M35-39	54	6:58:56	0:38:22	0:11:16	3:15:21	0:11:16	2:42:39	MX	
593e7358-bd61-40f3-b5c8-24af4a9813e5	523	Ángel Ramirez	M	M18-24	40	6:58:58	0:56:57	0:07:38	3:19:50	0:04:44	2:29:49	usa	
7bd53582-c829-4db9-9894-50894ad2c5aa	524	Susan Henning	F	F65-69	3	6:59:40	0:44:20	0:06:10	3:08:55	0:04:51	2:55:25	usa	
78b9f122-fda6-f011-bbd3-6045bd05fcc1	525	james coffel	M	M45-49	41	6:59:55	0:46:37	0:10:51	3:12:08	0:05:40	2:44:39	USA	
584fc4da-e3c2-4a5a-92cd-e8832153f064	526	Josef Jansen	M	M45-49	42	6:59:59	0:46:40	0:08:42	3:10:17	0:08:11	2:46:08	US	
140c1575-f5fd-4088-91bc-579df2ec2776	527	Janis Santistevan	F	F45-49	8	7:00:21	0:51:50	0:11:09	3:00:41	0:09:48	2:46:53	USA	
94a56241-1aec-f011-8544-000d3a5cf7d8	528	Kurt Haller	M	M25-29	53	7:00:48	0:52:19	0:14:38	3:14:20	0:08:35	2:30:57	USA	
ecf1ab89-12dc-4090-acdb-1e8761954859	529	Andrew Carrillo	M	M30-34	66	7:01:05	1:08:02	0:11:56	3:01:02	0:08:15	2:31:50	US	
fca04d29-94b0-4c8b-94fe-c5f1ebc07be5	530	Bernie De Alva	M	M25-29	54	7:01:12	0:38:05	0:08:18	3:15:08	0:09:30	2:50:10	US	
3ec0113d-62b7-4322-8150-c1e0b7e0074d	531	Abby Norwood	F	F35-39	20	7:01:22	0:59:46	0:11:57	3:11:02	0:04:43	2:33:55	US	
c378363e-42aa-f011-bbd3-000d3a3173b5	532	Carlos Emilio Chavira Olguin	M	M18-24	41	7:01:31	0:58:33	0:08:55	3:12:36	0:07:51	2:33:36	MX	
1617d7a4-ae65-41bc-9f43-28725936a1c8	533	Isaiah Otero	M	M25-29	55	7:01:38	0:46:28	0:08:22	3:23:20	0:05:03	2:38:25	US	
b378180f-6cca-46f6-8d6e-895e80c85d74	534	Crystal Mendoza	F	F40-44	27	7:01:41	0:49:32	0:14:03	3:18:33	0:05:12	2:34:21	US	
0135be91-272b-ef11-840a-000d3a367177	535	Renee Inarritu	F	F18-24	7	7:01:59	0:46:04	0:07:03	3:18:07	0:02:56	2:47:48	USA	
ed567c24-c864-f011-bec2-000d3a5b7c3b	536	Sage Anible	F	F30-34	31	7:02:24	0:42:03	0:05:24	3:28:31	0:07:10	2:39:16	USA	
3513490a-4021-f011-998a-000d3a5b50ba	537	Megan McFadden	F	F35-39	21	7:02:36	0:46:12	0:08:06	3:22:46	0:06:57	2:38:35	USA	
eac6c490-d51e-f011-9989-000d3a5b7c3b	538	Gabriela Raux	F	F50-54	17	7:02:59	0:50:52	0:08:51	3:11:56	0:04:20	2:47:01	usa	
f73b3a35-fda2-499a-9fdf-7ae17cca79e4	539	Mark Nash	M	M65-69	7	7:03:08	0:49:26	0:14:07	3:15:13	0:07:51	2:36:31	US	
3bdd4557-51ef-f011-8407-0022480c370f	540	Jackson O’Neill	M	M30-34	67	7:03:23	0:51:51	0:08:52	3:12:20	0:05:02	2:45:19	USA	
e241b4d5-58e5-4129-ae47-f95d8cef8f9e	541	Samuel Crozier	M	M40-44	63	7:04:01	0:43:34	0:08:31	3:21:52	0:05:33	2:44:31	US	
ae5e617f-59fc-4016-adc4-7d2a3020809a	542	Rodrigo Ortega	M	M25-29	56	7:04:54	1:01:05	0:07:19	3:35:13	0:02:56	2:18:22	MX	
d2246c8c-3f29-f011-8c4d-000d3a35ffc1	543	Andrew Torres	M	M40-44	64	7:05:22	0:45:57	0:13:03	3:15:13	0:16:58	2:34:10	USA	
1bed95ae-b754-f111-bec6-6045bd08b1a2	544	Tori Barnes	F	F35-39	22	7:05:26	0:46:36	0:09:49	3:44:39	0:06:33	2:17:50	USA	
aa152249-af61-f011-bec1-002248040153	545	Federico Reimers	M	M45-49	43	7:05:32	0:56:31	0:10:17	3:21:17	0:05:52	2:31:34	USA	
b9992a75-d5ae-4497-99ed-eac09bd8a7ca	546	Jeremy Mcelliott	M	M40-44	65	7:05:50	0:45:14	0:07:27	2:59:38	0:03:51	3:09:40	USA	
6414e5d0-e614-f011-998a-000d3a3173b5	547	Christopher Mickle Romero	M	M30-34	68	7:06:03	0:50:56	0:12:05	3:07:53	0:11:42	2:43:26	US	
c0b918cb-edf1-400b-85cf-d3fe66f5e2e1	548	Tim Matis	M	M50-54	32	7:06:14	0:56:43	0:08:58	3:22:33	0:04:01	2:34:00	United States	
80f32c17-3643-f111-88b3-002248085b29	549	Nathan Wolff	M	M18-24	42	7:07:19	1:00:25	0:12:27	2:52:13	0:06:00	2:56:13	USA	
e3c590fa-c4bf-467f-88d1-d76749743b8d	550	Wendy Martin-Strength	F	F45-49	9	7:07:39	0:54:54	0:08:24	3:04:47	0:06:01	2:53:33	US	
d38ff2ff-2238-4eb6-a220-5743f74c82ee	551	Oliver Hanfelder	M	M50-54	33	7:07:43	0:44:21	0:09:48	3:09:05	0:05:20	2:59:08	US	
b62958c1-d815-4c46-97f6-a99e476ba549	552	John Mincey	M	M40-44	66	7:07:44	1:00:27	0:09:26	3:18:33	0:02:48	2:36:29	usa	
70a87960-1d16-44da-9319-41cf8cd03627	553	Lindsey Babington	F	F40-44	28	7:08:15	0:40:46	0:09:36	3:17:17	0:06:33	2:54:04	usa	
9299534c-c059-40d5-939e-a84748228b58	554	Joe Wolff	M	M45-49	44	7:08:20	0:46:16	0:10:22	3:03:41	0:05:30	3:02:31	US	
45a03cd8-e747-4588-b1a7-de715b9826c8	555	Monica O'Malley	F	F50-54	18	7:08:27	0:49:46	0:10:04	3:16:22	0:07:30	2:44:46	US	
09484f6c-37dc-f011-8543-000d3a363b52	556	Dustin Soflin	M	M30-34	69	7:08:38	0:43:32	0:11:32	3:20:23	0:07:54	2:45:17	USA	
37f1e85a-0367-f011-bec3-6045bd09951e	557	Daniel Curtin	M	M40-44	67	7:08:40	0:51:54	0:09:00	2:58:34	0:03:43	3:05:29	USA	
ff57a508-8d1d-f111-8341-6045bd020daf	558	Jacob Rivera	M	M25-29	57	7:09:17	0:44:27	0:12:09	3:50:43	0:05:29	2:16:27	USA	
4e4efd3f-d9f6-4084-a0f6-b16007834c3e	559	Stephanie Dannenberg	F	F35-39	23	7:09:38	0:50:29	0:11:59	3:24:31	0:07:46	2:34:52	usa	
28d8bf4d-d81c-f111-8341-6045bd08b1a2	560	Edgardo Garza	M	M30-34	70	7:09:58	1:04:34	0:20:32	3:00:19	0:09:19	2:35:13	MEX	
1b25ce0a-89c8-f011-bbd2-000d3a5b5fc7	561	Chris Chiogioji	M	M25-29	58	7:10:12	0:43:17	0:09:28	3:08:41	0:09:49	2:58:57	USA	
9c0f6e94-2c09-4697-86e1-e820303d2012	562	William Crozier	M	M50-54	34	7:10:25	1:08:23	0:09:09	3:09:13	0:03:47	2:39:53	US	
9894c1a0-b5d0-47ff-a4fb-837e110cf1d7	563	Daniel Cooper	M	M40-44	68	7:10:38	0:42:35	0:09:15	3:10:38	0:06:18	3:01:52	US	
a209e306-d582-45cb-b1d3-6cba304dd7d4	564	Hector Granados	M	M50-54	35	7:10:50	0:40:52	0:13:39	3:12:18	0:07:19	2:56:42	US	
3f696ef0-3173-f111-ab0f-0022480b88da	565	Dylan Chavez	M	M18-24	43	7:10:58	0:47:13	0:07:55	3:24:25	0:06:06	2:45:19	USA	
3154b518-e3ea-f011-8544-000d3a5b7c3b	566	Arthur Gallegos	M	M30-34	71	7:11:02	0:56:37	0:09:43	3:03:50	0:05:51	2:55:01	USA	
e1f75f62-ef3e-4953-afd7-74113654d4ce	567	Ryan Glover	M	M18-24	44	7:11:09	0:48:37	0:09:00	3:44:18	0:05:13	2:24:02	usa	
1a7d4590-ee2e-f111-88b3-002248081bd6	568	Samuel Fonseca	M	M25-29	59	7:11:14	0:52:05	0:08:50	3:14:54	0:03:27	2:51:59	USA	
ba8c6580-9b5e-f011-bec2-000d3a5b50ba	569	Brianna Perez	F	F25-29	12	7:11:21	0:44:00	0:09:09	3:26:24	0:07:37	2:44:12	US	
d28cc559-00c7-f011-bbd2-000d3a36b9c4	570	Jilene Penhale	F	F30-34	32	7:11:26	0:56:04	0:11:15	3:25:03	0:07:01	2:32:03	usa	
0e1a6b73-c151-f111-bec6-6045bd08b1a2	571	Damian Jaquez	M	M18-24	45	7:12:07	0:41:59	0:12:46	3:40:03	0:04:02	2:33:18	USA	
3c84caa2-745d-f111-a826-0022480994c2	572	Trista Hughes	F	F40-44	29	7:12:12	1:05:10	0:08:54	3:25:48	0:07:24	2:24:56	USA	
7120b1c2-ef1c-f111-8341-002248046451	573	Keldon Clark	M	M18-24	46	7:12:46	1:00:31	0:07:35	3:40:35	0:03:38	2:20:28	USA	
c11fc013-f547-4f8a-9aec-d8dc31510f63	574	Mercedes Monasterio	F	F50-54	19	7:13:25	0:42:11	0:07:54	3:16:25	0:04:01	3:02:55	US	
9912e984-c7a9-41ec-a6c0-466fc71baf21	575	Cyndi Wells	F	F55-59	10	7:14:13	0:49:01	0:07:32	3:28:05	0:05:49	2:43:45	US	
a4d2a6b0-0f19-4e26-b166-df00b09dbdf7	576	Justin Brown	M	M35-39	55	7:14:22	0:40:00	0:11:01	3:13:52	0:05:52	3:03:37	US	
d827fdc0-93eb-4913-b1ac-6b32a886e732	577	Alberto Arrieta	M	M50-54	36	7:14:30	0:50:43	0:10:28	3:02:52	0:07:22	3:03:04	MX	
73fb9278-090e-f011-9988-6045bd05fcc1	578	Matthew Jacobs	M	M45-49	45	7:14:33	1:01:53	0:09:52	2:55:38	0:11:06	2:56:04	US	
5b3a1841-e0ae-4776-a57e-6a2dfcbf62ed	579	Stephenie Winter	F	F55-59	11	7:14:36	0:50:23	0:07:57	3:18:39	0:05:20	2:52:17	US	
49bba295-36df-48c3-b491-95f4b08bb850	580	Julie Gasper	F	F45-49	10	7:15:05	0:45:34	0:12:26	3:25:06	0:10:34	2:41:26	US	
e43cdde7-a4df-4a05-9401-3144dd34f7b6	581	Theresa Kester	F	F60-64	5	7:15:29	0:50:06	0:08:44	3:22:49	0:05:58	2:47:52	usa	
09a21347-d241-f111-88b4-0022480b35b6	582	Gavin Quigley	M	M55-59	29	7:15:48	0:53:06	0:09:43	3:14:06	0:07:33	2:51:19	USA	
edf7e9c3-e907-4f51-a8d4-ab3c0bd3091a	583	Amy Sharp	F	F55-59	12	7:15:58	0:58:53	0:10:35	3:08:43	0:09:33	2:48:15	US	
968cd1da-d808-4309-8a20-5e38ba15e335	584	Danielle Morrill	F	F30-34	33	7:16:07	0:43:16	0:12:33	3:25:17	0:08:35	2:46:26	USA	
75f68ea1-c5c5-4b11-a25d-42241658cf37	585	Andrea Vance	F	F50-54	20	7:16:26	0:50:52	0:09:45	3:15:59	0:08:48	2:51:03	usa	
328932ee-e582-452e-b3eb-bf4248fdc6e7	586	James Anderson	M	M50-54	37	7:16:57	0:55:07	0:10:14	3:14:57	0:05:10	2:51:28	US	
c1dc17b8-7566-f011-bec3-000d3a5b50ba	587	Kile Rains	M	M30-34	72	7:17:26	0:51:09	0:08:55	3:31:45	0:05:10	2:40:27	US	
5b83abb8-3d16-4401-af5c-62e0e48fffcc	588	Raul Contreras	M	M50-54	38	7:17:54	0:44:08	0:12:02	3:19:24	0:06:08	2:56:12	US	
bd0f95c2-25ce-f011-bbd3-000d3a5cf7d8	589	Mitchel DiLorenzo	M	M30-34	73	7:17:57	0:44:35	0:13:08	3:24:18	0:09:15	2:46:41	USA	
c1a5af25-dc59-4e6f-8ca6-8689528f30aa	590	Memo Santoyo	M	M50-54	39	7:18:07	0:50:56	0:11:14	3:31:34	0:09:02	2:35:21	usa	
89b8c54b-1135-442d-b1c2-512c7ffafb00	591	Aaron Quintero	M	M30-34	74	7:18:28	0:54:54	0:09:13	3:35:37	0:04:39	2:34:06	US	
3ed8735d-7ef5-406d-9b3a-0d3b4f8602e6	592	Steve BAIARDI	M	M25-29	60	7:19:19	0:59:10	0:11:29	3:15:25	0:06:07	2:47:08	usa	
4b7a90c9-995b-f111-bec7-0022480b3ee9	593	Paul Bellgraph	M	M60-64	15	7:19:49	0:38:12	0:09:05	3:26:03	0:05:40	3:00:49	USA	
7be9994a-e25b-f011-bec2-000d3a3173b5	594	Diego Chavez	M	M25-29	61	7:20:11	0:50:19	0:10:54	3:35:21	0:05:14	2:38:24	US	
246cbd72-6367-f011-bec3-000d3a3173b5	595	Trent Kasten	M	M25-29	62	7:20:12	0:46:35	0:08:19	3:37:25	0:03:40	2:44:13	USA	
14a2234d-893e-4a26-9942-2315567f9ba9	596	chad eckberg	M	M50-54	40	7:20:34	0:59:16	0:09:03	3:03:29	0:04:44	3:04:02	US	
200f2421-dd73-f011-bec3-000d3a3173b5	597	Nora Johnson	F	F18-24	8	7:20:49	0:42:32	0:04:26	4:06:43	0:03:04	2:24:04	US	
4bd5def2-c840-f011-b4ca-000d3a5b7c3b	598	Julia Mendez	F	F40-44	30	7:20:55	0:54:25	0:10:47	3:46:46	0:05:14	2:23:43	usa	
4e61ae11-ab1c-f111-8341-6045bd06566a	599	Erin Nelson	F	F25-29	13	7:21:18	0:39:17	0:10:05	3:32:58	0:07:44	2:51:14	USA	
2be10454-e7cf-452c-bae6-55bef9c9490f	600	Carlo Vazquez	M	M50-54	41	7:21:20	1:06:41	0:09:36	3:13:18	0:03:19	2:48:26	US	
9ce99866-e1b0-f011-bbd4-6045bd08efa2	601	Georgina Gibson	F	F50-54	21	7:21:37	0:51:03	0:07:03	3:37:33	0:03:27	2:42:31	USA	
c7d1e5b8-b1f4-4797-b204-a70b05fdb6c5	602	Justin Feldhaus	M	M40-44	69	7:21:41	0:50:42	0:06:35	3:24:46	0:06:58	2:52:40	US	
4a5e05d8-95dc-470f-b83d-10cdd2215009	603	Jorge Sanchez	M	M35-39	56	7:21:52	0:46:25	0:10:18	3:26:52	0:06:09	2:52:08	US	
6469fd5b-34be-4cb4-b5e9-5dc0d36178e6	604	Fr. Tom Baker	M	M65-69	8	7:22:04	0:41:20	0:08:53	3:14:49	0:08:42	3:08:21	US	
38a1d9bc-3c16-f011-998a-000d3a3173b5	605	Rodrigo Galindo	M	M18-24	47	7:22:22	0:44:36	0:08:10	3:31:46	0:05:26	2:52:25	USA	
5b1d2e52-222d-f011-8c4d-000d3a35ffc1	606	Adrian Young	M	M30-34	75	7:22:29	0:38:39	0:11:35	3:16:25	0:08:37	3:07:13	US	
4efb81b6-2e78-42a1-bbf8-6929c21b080d	607	David Wolfe	M	M65-69	9	7:22:32	0:46:54	0:15:40	3:11:28	0:13:20	2:55:11	US	
207b9862-63b8-4763-bd04-38c717b744bc	608	Kristy Money	F	F50-54	22	7:22:36	0:54:16	0:11:49	3:21:42	0:06:21	2:48:28	US	
9b9c548d-d9b8-4c1f-9179-1fbc6498c502	609	Kari Allan	F	F35-39	24	7:23:28	1:03:03	0:10:42	3:28:54	0:06:10	2:34:39	USA	
b811edde-4396-ef11-8a6a-000d3a59a9a1	610	Mackenzie James	F	F25-29	14	7:23:29	0:51:53	0:09:22	3:30:22	0:04:39	2:47:13	US	
ee492df6-2ccb-ec11-a7b5-0022480497c1	611	Wade Lambert	M	M65-69	10	7:23:30	0:57:25	0:14:01	3:25:51	0:08:18	2:37:55	US	
e5aebe1e-b6d7-490d-8821-2d1829e81186	612	Anne Curry	F	F35-39	25	7:23:46	0:54:15	0:07:13	3:20:48	0:04:51	2:56:39	US	
6f9fa2bd-8965-f011-bec3-6045bd05f634	613	Peter Leypold	M	M35-39	57	7:23:57	0:53:46	0:06:35	3:18:12	0:05:27	2:59:57	USA	
fa8b08cc-6aac-f011-bbd3-6045bd05f634	614	Ryan Nelson	M	M45-49	46	7:24:06	0:53:23	0:19:56	3:13:54	0:08:16	2:48:37	US	
968f34f9-47f7-4f1e-898f-24d786b33cd2	615	Reed Pruyn	M	M55-59	30	7:24:16	0:44:09	0:08:10	3:16:35	0:07:27	3:07:55	US	
aac76a3e-adf3-f011-8406-6045bd06566a	616	Jordan Dickey	M	M40-44	70	7:24:36	1:03:22	0:10:54	3:10:39	0:05:13	2:54:28	USA	
7ae824cf-be11-f111-8406-0022480994c2	617	Cody Coile	M	M35-39	58	7:24:38	0:55:46	0:10:18	3:19:03	0:03:27	2:56:04	USA	
21bbac0d-6711-4886-bfe2-312df2ecf747	618	Dennis White	M	M70-74	1	7:24:39	0:42:19	0:10:30	3:40:10	0:08:22	2:43:18	usa	
4eebe71b-f173-4f80-9900-0b7701ca98af	619	James Doyle	M	M55-59	31	7:24:50	0:42:21	0:11:52	3:27:16	0:06:41	2:56:40	US	
1472ace1-a783-49b4-9517-0b2b931e0970	620	Kevin Bishop	M	M45-49	47	7:25:01	0:36:49	0:12:35	3:18:09	0:11:06	3:06:22	US	
89ef5498-8304-f011-bae2-0022480c097c	621	Nathan Deychman	M	M25-29	63	7:25:47	0:59:22	0:10:51	3:18:40	0:05:29	2:51:26	USA	
d19ab698-fcc8-f011-bbd3-000d3a5b50ba	622	Daniel Deakins	M	M35-39	59	7:26:31	0:42:54	0:07:08	3:31:01	0:07:36	2:57:52	USA	
6cbd06ef-ebc6-ef11-b8e9-000d3a3126fd	623	Olga Fuerstenberg	F	F55-59	13	7:27:52	0:59:13	0:08:26	3:09:00	0:05:45	3:05:29	US	
c38cac15-0784-4df1-9fce-4af84d7783ef	624	Cam Mencio	M	M40-44	71	7:27:59	1:04:34	0:10:12	2:56:24	0:06:56	3:09:53	US	
8d16016b-2d02-f011-bae2-000d3a5cf7d8	625	Marco Tristan	M	M35-39	60	7:28:27	1:00:14	0:12:34	3:26:00	0:07:05	2:42:34	USA	
f5c22bc6-7832-f011-8c4e-000d3a3173b5	626	Benjamin Aguirre	M	M35-39	61	7:28:55	0:57:26	0:07:49	3:25:08	0:02:56	2:55:36	US	
85a952e2-bf27-f011-8c4e-000d3a3173b5	627	Jose Luna	M	M30-34	76	7:29:19	1:00:24	0:10:25	3:25:29	0:05:12	2:47:49	US	
229d5eba-ae12-f111-8406-6045bd08b1a2	628	Kevin Braden	M	M18-24	48	7:29:37	1:03:49	0:07:06	3:30:44	0:03:06	2:44:52	USA	
80e090e3-b02c-4fad-b8a0-d1e48272ea2c	629	Barry Boyer	M	M60-64	16	7:29:49	0:50:20	0:11:07	3:11:40	0:07:29	3:09:13	US	
432eeb8c-ad0c-4cfa-b758-9fe26b2ee83f	630	Catherine Woodworth	F	F40-44	31	7:30:00	1:05:23	0:15:29	3:05:22	0:05:37	2:58:09	US	
20c6823d-7fa0-4da0-b43e-3b1ff8528007	631	Scott Jackson	M	M30-34	77	7:30:44	0:53:13	0:11:43	3:49:40	0:06:53	2:29:15	US	
9cefa2ce-a3ea-43c9-8656-60cf923a0f9c	632	Jamie Dismuke	F	F45-49	11	7:30:51	0:44:41	0:07:13	3:27:48	0:05:04	3:06:04	usa	
1670c48d-7768-f011-bec3-000d3a5b50ba	633	Eduardo Chavez	M	M35-39	62	7:31:10	0:58:06	0:09:56	3:22:19	0:09:01	2:51:48	USA	
01a05268-473e-f011-b4cb-000d3a3173b5	634	David Reyes	M	M35-39	63	7:32:14	1:00:22	0:11:18	3:30:59	0:04:43	2:44:52	US	
1fe13306-a81c-f111-8341-0022480a4849	635	Felipe Leal	M	M25-29	64	7:32:18	0:50:01	0:11:29	3:12:25	0:07:16	3:11:06	USA	
7bc20ad1-5f7d-f011-b4cb-000d3a3bb0c8	636	iker garcia tovar	M	M18-24	49	7:32:24	0:46:34	0:09:03	3:41:59	0:05:31	2:49:18	MEX	
eb3d55ab-b47c-42a0-ad6b-6b6e60ab81a5	637	Thomas Dowd	M	M65-69	11	7:32:37	0:52:10	0:13:16	3:08:57	0:09:16	3:08:58	USA	
0bedfbd9-14fe-f011-8406-002248046ec8	638	Hayel Rafidi	M	M25-29	65	7:33:43	1:09:14	0:13:04	3:18:22	0:07:32	2:45:33	USA	
4903181d-8a64-43f8-8664-714caa56bb23	639	Kris Messner	F	F65-69	4	7:33:53	0:52:00	0:12:04	3:17:58	0:05:33	3:06:18	US	
956018a6-6eeb-40e0-93a0-c3812ef328c8	640	Drew Casey	M	M25-29	66	7:34:14	0:47:10	0:08:36	3:19:51	0:05:57	3:12:40	US	
eff078e5-f760-f111-a826-0022480a5755	641	Luis Seanez	M	M35-39	64	7:34:34	0:50:40	0:08:07	3:40:45	0:05:41	2:49:20	USA	
0c1a13fe-5342-43dd-9c4a-c4f4c9b36cab	642	Devin Munson	M	M25-29	67	7:34:51	0:55:56	0:11:19	3:12:32	0:09:40	3:05:24	US	
5ecaf84e-e437-4932-bf60-ad35ef3180ac	643	Valerie Denton	F	F50-54	23	7:35:05	0:54:12	0:07:51	3:36:50	0:05:06	2:51:07	US	
c0f52e91-6820-f011-998a-000d3a3173b5	644	Michael Magoffe	M	M18-24	50	7:35:50	0:42:00	0:08:06	3:49:53	0:06:30	2:49:21	USA	
62d1eb5e-701a-f111-8341-0022480994c2	645	Megan Weldy	F	F30-34	34	7:36:22	0:49:57	0:09:39	3:47:10	0:04:30	2:45:05	USA	
a62de569-b223-f011-8c4d-000d3a5b7c3b	646	Abby Mcclelland	F	F30-34	35	7:36:41	0:51:34	0:08:56	3:34:07	0:05:40	2:56:24	US	
61e0ef99-0242-f011-b4ca-000d3a5c3d6c	647	Morgan Sellers	F	F40-44	32	7:37:03	0:41:56	0:09:05	3:42:01	0:07:28	2:56:32	US	
77fabd39-45c4-ee11-9079-000d3a314ae2	648	Geoffrey Wolinetz	M	M50-54	42	7:37:48	0:54:35	0:10:58	3:32:02	0:05:05	2:55:09	US	
e8983082-3526-f011-8c4d-000d3a5b7c3b	649	Alan Ortega	M	M25-29	68	7:37:53	0:55:05	0:09:47	3:39:54	0:03:02	2:50:04	usa	
82e4683b-1dd1-f011-bbd3-6045bd05f634	650	mackenzie smith	F	F30-34	36	7:37:56	0:42:18	0:11:43	3:53:20	0:08:18	2:42:17	USA	
5f10cf00-6420-f011-998a-6045bd05fcc1	651	Jose Herrera	M	M18-24	51	7:38:03	0:39:59	0:08:18	3:41:46	0:03:59	3:04:02	US	
8a1257b4-4750-ef11-a316-000d3a3b4ec1	652	Sylvia Smith	F	F25-29	15	7:38:27	0:59:57	0:13:23	3:13:38	0:07:45	3:03:43	USA	
f31750f8-7543-444a-9cec-d577365bc879	653	Omar Saad	M	M40-44	72	7:38:31	0:55:43	0:09:23	3:24:51	0:05:59	3:02:36	US	
fe4a1870-1c34-ea11-a813-000d3a5a1f86	654	Mark Dailey	M	M60-64	17	7:38:38	0:58:07	0:12:56	3:07:00	0:07:14	3:13:20	US	
9e4b1817-2a1c-f111-8341-6045bd08b1a2	655	Nina Johnson	F	F18-24	9	7:38:44	0:43:56	0:09:04	3:42:35	0:06:13	2:56:56	USA	
761511da-c996-4a43-a136-47e812ba4f1a	656	Mary Alice Cusentino	F	F35-39	26	7:39:01	1:05:04	0:14:21	3:27:01	0:09:32	2:43:04	US	
3d74e131-e30d-4ed6-b034-0a9afef4f12b	657	David Russell	M	M35-39	65	7:39:21	1:00:23	0:07:29	3:34:50	0:03:57	2:52:42	US	
3f3a715a-0e1c-f111-8341-0022480b84a3	658	Michael Blackmon	M	M25-29	69	7:39:34	0:45:01	0:07:53	3:39:11	0:06:18	3:01:12	USA	
6e6c4164-e364-467d-9c56-6fb8128a74bd	659	Layna Rush	F	F50-54	24	7:39:44	0:44:17	0:09:32	3:28:26	0:07:41	3:09:48	US	
ac667c40-85ed-f011-8544-6045bd04a162	660	Erin Shea	F	F30-34	37	7:39:54	0:48:10	0:16:31	3:36:08	0:13:18	2:45:48	USA	
2eb95fac-967f-f111-ab0f-0022480a5755	661	Robert O'Mullan	M	M30-34	78	7:39:56	0:52:37	0:12:03	3:38:06	0:11:22	2:45:48	US	
a5158109-36c2-440a-b01d-3120d0b4b2ff	662	Chad Lawler	M	M50-54	43	7:40:15	0:50:26	0:13:46	3:23:45	0:10:34	3:01:44	USA	
d297c82b-9070-482f-899e-f83a45c34872	663	Jesse Roehling	M	M35-39	66	7:40:36	0:45:46	0:12:20	3:23:10	0:09:32	3:09:48	USA	
fa27d88a-7c0f-4d82-abcd-5b4ed79e9e3f	664	Jayson Villaflor	M	M45-49	48	7:40:40	0:51:33	0:15:38	3:19:24	0:10:02	3:04:04	US	
01596d26-dc4b-4694-80fa-688ff647a177	665	Rachel Danczyk	F	F45-49	12	7:41:11	0:51:25	0:10:03	3:16:20	0:08:52	3:14:31	US	
31ceb00b-e702-41f3-9866-fba593784cb1	666	Sarah Burney	F	F40-44	33	7:41:14	0:47:51	0:09:17	3:25:19	0:04:52	3:13:54	US	
0cde8361-5566-f011-bec3-000d3a5b50ba	667	Harry Johns	M	M30-34	79	7:41:25	1:05:10	0:11:44	3:13:35	0:08:52	3:02:04	USA	
8199a929-e01f-482e-bb05-574191943d7d	668	Gabriela Vega	F	F30-34	38	7:41:28	0:56:40	0:07:45	3:15:48	0:04:41	3:16:36	US	
704ae91e-4f08-405d-9539-3a186acb1feb	669	Gianna Vargas	F	F45-49	13	7:41:59	0:54:59	0:08:02	3:22:43	0:05:23	3:10:52	usa	
3485ad85-c052-f111-bec6-6045bd08b1a2	670	Michael Martinez	M	M30-34	80	7:42:01	0:57:29	0:12:46	3:42:45	0:04:19	2:44:42	USA	
f352b81c-6b6a-f111-a826-0022480b84a3	671	Mason Martinez	M	M30-34	81	7:43:00	1:09:35	0:16:45	3:31:36	0:06:43	2:38:22	USA	
887945f1-ed14-f111-8341-002248046ec8	672	Wyatt Middendorf	M	M18-24	52	7:43:01	0:54:13	0:10:10	3:34:45	0:05:28	2:58:24	USA	
bf098dfc-0f6e-f011-bec3-6045bd05fcc1	673	Jose Osollo	M	M25-29	70	7:45:26	0:56:30	0:07:35	3:22:34	0:04:24	3:14:23	USA	
7037cf58-a70f-435f-b72e-c978138f881f	674	Paul Ponzica	M	M50-54	44	7:45:36	1:06:15	0:12:14	3:09:12	0:08:41	3:09:14	US	
e6809630-571b-f111-8341-6045bd06566a	675	Giovanni Avila	M	M35-39	67	7:46:51	0:57:54	0:10:07	3:29:31	0:06:22	3:02:58	USA	
8e04627c-f5a1-49b5-b848-5cffd7a7c373	676	Van Billops	M	M60-64	18	7:46:58	0:58:01	0:12:14	3:22:29	0:10:03	3:04:11	US	
dd34c755-5f65-4965-9f6f-ed22b2aa6fb3	677	Robert Lopez	M	M45-49	49	7:47:19	0:49:08	0:10:41	3:40:59	0:05:21	3:01:10	US	
94027264-7ee3-f011-8543-000d3a5b5fc7	678	Christine Spiers	F	F25-29	16	7:48:03	0:41:13	0:07:41	3:36:42	0:06:03	3:16:24	USA	
dbe75122-d670-f011-bec3-000d3a35ffc1	679	Dylan Carrillo	M	M30-34	82	7:48:34	0:56:52	0:13:03	3:32:21	0:07:59	2:58:19	USA	
aa7dc323-ea1c-f111-8341-002248046ec8	680	Yeslie Carrillo Cabrera	F	F30-34	39	7:49:54	0:59:27	0:08:38	3:53:19	0:06:23	2:42:07	USA	
b4dfe9ae-2e35-4bd8-94c3-2658cf3cbb02	681	Jack Ramsey Iv	M	M40-44	73	7:49:54	0:55:20	0:10:58	3:45:46	0:06:03	2:51:48	US	
af953611-0c30-40cc-98ad-c9c43d8913f6	682	Rebecca Lawler	F	F50-54	25	7:50:37	0:50:11	0:13:54	3:25:29	0:08:54	3:12:10	USA	
a69f472c-790b-4ddd-8f48-2c896f61602c	683	Amanda Gaston	F	F45-49	14	7:50:59	0:54:02	0:10:14	3:19:16	0:03:51	3:23:37	US	
c6944207-37bb-4f3e-a95c-ff05b16dcc99	684	Myra Schwartz	F	F55-59	14	7:51:18	0:57:35	0:10:38	3:26:12	0:09:02	3:07:51	US	
23ccbc61-5b20-f011-998b-000d3a35ffc1	685	Caleb Garrett	M	M30-34	83	7:51:19	0:49:15	0:07:27	3:51:07	0:07:09	2:56:21	US	
97b3d58a-a6ec-f011-8544-6045bd015e4c	686	Nathan Gallegos	M	M25-29	71	7:51:21	1:07:22	0:08:43	3:33:37	0:05:51	2:55:47	usa	
3fd22e91-c741-4c07-8598-f2199c487d5e	687	Jana Johnson	F	F40-44	34	7:52:12	0:55:26	0:10:26	3:37:15	0:05:58	3:03:07	US	
05beb1fc-eea1-45de-8161-519b5debaeea	688	John Hunter	M	M45-49	50	7:53:11	0:47:39	0:09:23	3:20:27	0:11:03	3:24:38	US	
9b292d44-28b9-4cdb-aea2-c67205b5895b	689	Fidencio Tamez	M	M45-49	51	7:53:15	0:58:37	0:11:15	3:37:02	0:04:01	3:02:19	US	
318ba6da-f176-452f-a1e2-c4e7015e5cb6	690	Jake Garcia	M	M25-29	72	7:53:23	0:39:40	0:10:03	3:42:29	0:07:31	3:13:42	US	
32ef793a-79ff-4bb4-a5cc-ef67cff98618	691	Jacquie Craggett	F	F70-74	2	7:53:57	0:44:18	0:11:05	3:35:40	0:04:16	3:18:38	US	
335ca3d1-d57e-ef11-ac20-000d3a59a9a1	692	Thomas Eaton	M	M55-59	32	7:54:07	0:55:37	0:14:41	3:26:04	0:08:14	3:09:31	US	
9ac9b714-86a6-4614-a4ff-aade65d22452	693	Olivia Gosseries	F	F40-44	35	7:54:13	0:51:35	0:13:50	3:27:55	0:06:44	3:14:09	BE	
aadec5de-f633-ef11-8409-000d3a348633	694	Ryan Meili	M	M25-29	73	7:54:43	0:51:36	0:09:51	3:37:59	0:06:44	3:08:32	US	
ebae844f-07d8-4524-8a7f-41cd5c27c910	695	Anna Caldera	F	F35-39	27	7:55:03	1:08:23	0:08:50	3:29:35	0:14:46	2:53:29	US	
0c9bad67-2413-f111-8406-0022480b88da	696	Keith Fulton	M	M35-39	68	7:56:09	0:47:12	0:11:43	3:49:16	0:05:58	3:02:00	USA	
943f2304-e123-f011-8c4e-0022480a7385	697	Ashley Russell	F	F25-29	17	7:56:24	0:52:41	0:07:37	3:45:08	0:03:34	3:07:25	US	
ec538205-327a-f111-ab0f-002248046ec8	698	Tom Mossman	M	M65-69	12	7:57:18	0:48:56	0:11:19	3:36:40	0:06:09	3:14:15	USA	
a9acd500-a258-f111-bec7-0022480b35b6	699	O'Ryin Guhrke	M	M25-29	74	7:57:25	0:53:14	0:08:14	3:51:20	0:03:34	3:01:03	USA	
dad4e599-8320-f011-998a-000d3a3173b5	700	Shawna Donnelly	F	F40-44	36	7:57:40	0:42:57	0:12:41	3:06:55	0:16:44	3:38:24	US	
227172a9-d9f3-4077-b36c-817fbff63afd	701	Robert Mcgraw	M	M45-49	52	7:57:56	0:51:35	0:12:46	3:26:07	0:11:54	3:15:34	US	
5b3bbff2-7bb7-ec11-983f-00224806b1ef	702	Jayme Butts-Hall	F	F45-49	15	8:00:21	0:48:16	0:08:55	3:37:08	0:04:57	3:21:04	US	
80779bd9-2e8e-4381-98ac-4bc0ead8ab3b	703	Alejandro Puentes	M	M55-59	33	8:00:43	0:55:18	0:09:30	3:43:11	0:05:03	3:07:40	US	
680c88b1-9d41-4f5b-ba70-67ceb1bc41c5	704	Steve Grudziecki	M	M55-59	34	8:01:11	1:04:37	0:13:40	3:12:43	0:12:43	3:17:29	US	
eb89f95c-c73a-f111-88b4-0022480b35b6	705	Paige Cooper	F	F25-29	18	8:01:14	1:03:09	0:17:11	3:54:13	0:07:25	2:39:16	USA	
d28477ab-f7ab-4ba4-bb26-a89129e390ec	706	James Twyman	M	M70-74	2	8:02:32	1:02:17	0:11:52	3:36:25	0:06:30	3:05:28	US	
9881c9e6-1be9-f011-8544-6045bd09951e	707	Chelsea Cook	F	F35-39	28	8:02:42	0:44:35	0:06:21	3:47:10	0:07:04	3:17:32	USA	
2d9b2305-2620-f111-8341-0022480995bd	708	Claudia Gonzalez	F	F40-44	37	8:02:51	1:00:51	0:10:50	3:32:19	0:07:29	3:11:22	USA	
3ed082ed-3e69-4405-ad5f-adb6ef03081d	709	Susan Powell	F	F60-64	6	8:03:07	0:39:59	0:12:09	3:26:14	0:11:11	3:33:34	US	
5919e08e-b89c-487f-8847-8dda5e4eb4d3	710	Seth Garrett	M	M25-29	75	8:03:26	0:54:32	0:08:38	4:07:52	0:07:31	2:44:53	US	
0f982fa7-9e54-46b9-80fe-c654c55b5865	711	Gabriel Romero	M	M40-44	74	8:04:52	0:49:24	0:10:02	3:26:12	0:08:07	3:31:08	US	
941e730e-7de9-4e8e-86ae-551d01e573ce	712	Bobby Jack Whittington	M	M40-44	75	8:05:27	0:51:03	0:10:39	3:26:02	0:07:49	3:29:54	US	
fe6b03be-6dfc-4cda-a2d1-2989a27c4713	713	Steven Peterson	M	M35-39	69	8:05:30	0:38:57	0:13:47	3:51:14	0:10:01	3:11:31	US	
4e57aec8-e838-45f4-be7d-1b563a82d33c	714	Ellen Shortlidge	F	F40-44	38	8:05:54	0:42:13	0:08:09	3:34:39	0:08:53	3:32:01	US	
4c6d0e6a-ad06-f111-8406-6045bd020ba5	715	Josiah Burciaga	M	M18-24	53	8:05:56	1:07:37	0:12:48	3:40:20	0:04:46	3:00:25	USA	
e805988f-23ca-4583-9c9b-e08fe5a57b2c	716	Melissa Thompson	F	F50-54	26	8:06:18	1:01:07	0:13:19	3:19:47	0:05:09	3:26:56	US	
99fd2523-0131-f011-8c4d-00224805dfb3	717	JUAN GABRIEL ESCOBEDO GARCIA	M	M45-49	53	8:06:38	0:57:01	0:21:51	3:56:18	0:12:19	2:39:09	MEX	
50344d8c-28ae-4590-8ceb-9c6961c889d3	718	Michael D'Orio	M	M50-54	45	8:06:48	1:03:34	0:10:22	3:37:56	0:07:05	3:07:51	US	
995b99f5-9df8-412d-95b2-45c543e8a4fd	719	Bill Butzner	M	M70-74	3	8:06:51	1:05:41	0:10:41	3:31:48	0:05:36	3:13:06	US	
3eacf275-78a3-4eba-85ae-992d3ce8583b	720	David Barch	M	M55-59	35	8:07:21	0:52:42	0:14:17	3:44:35	0:07:47	3:08:00	US	
640792dc-f316-ed11-b83e-000d3a590388	721	Lauren Tischler	F	F45-49	16	8:08:05	1:03:26	0:16:00	3:46:58	0:09:17	2:52:25	US	
a6cfadfb-998b-4a1b-9f83-5b6c28695f35	722	Halee Watel	F	F35-39	29	8:10:32	0:52:05	0:09:05	3:50:02	0:06:50	3:12:28	US	
b9730054-60ff-f011-8406-6045bd08b1a2	723	Saul Trejo	M	M45-49	54	8:11:01	0:53:26	0:11:32	3:57:13	0:04:08	3:04:41	USA	
c99a73dd-4d59-eb11-a812-00224803bc42	724	Dave Kellerman	M	M45-49	55	8:11:20	0:46:53	0:10:57	3:47:51	0:05:51	3:19:47	US	
b0ec76b0-9f8b-4049-8b96-85a5d494a4f1	725	Chris Bustillos	M	M50-54	46	8:12:19	1:04:10	0:11:41	3:38:44	0:07:30	3:10:14	US	
3442834c-0422-f011-998a-6045bd05fcc1	726	Marissa Benton	F	F30-34	40	8:12:36	0:54:10	0:08:59	3:42:33	0:05:03	3:21:50	US	
7fecd536-a9f4-f011-8406-0022480b35b6	727	Joseph Kaplan	M	M50-54	47	8:13:46	0:56:59	0:12:56	3:36:19	0:16:09	3:11:23	USA	
789d16ce-bb75-418b-ad38-01c855291003	728	Michelle Mora	F	F30-34	41	8:14:48	0:47:44	0:06:47	3:45:27	0:03:02	3:31:48	usa	
a8f3a422-a3f4-f011-8406-6045bd06566a	729	Carly Kaplan	F	F18-24	10	8:16:02	0:41:05	0:08:41	3:53:16	0:10:16	3:22:44	USA	
e4117c90-08fe-ee11-a1ff-000d3a314d17	730	Erasmo Nogueira	M	M35-39	70	8:16:03	0:49:06	0:08:06	4:01:03	0:07:42	3:10:05	USA	
49f94751-bfe1-47e1-b531-69cec1b9b2a1	731	Lawrence Luepschen	M	M65-69	13	8:18:43	1:03:01	0:10:52	3:35:45	0:08:29	3:20:36	US	
7df926da-571e-f011-998a-000d3a3173b5	732	Armando Rodriguez	M	M30-34	84	8:19:00	1:09:17	0:08:30	3:35:49	0:04:56	3:20:27	US	
130d352a-25f6-4d42-91e8-83c8f8b96855	733	Eduardo Madero	M	M25-29	76	8:19:01	0:48:05	0:16:53	4:24:23	0:04:34	2:45:05	US	
183586bb-9a3a-4eee-a563-9190b759511e	734	Keith Barras	M	M60-64	19	8:19:05	1:01:16	0:09:39	3:29:54	0:06:31	3:31:44	US	
d57fc05f-49bb-f011-bbd3-000d3a5cf7d8	735	Anthony Conde	M	M50-54	48	8:20:13	1:07:32	0:10:39	3:42:04	0:09:50	3:10:08	USA	
8efb934e-9520-f011-998a-6045bd05fcc1	736	Eduardo Arreola	M	M30-34	85	8:21:17	1:08:01	0:08:07	4:02:46	0:05:14	2:57:10	US	
66fd4f67-f906-4e8c-bfcd-d169c5907220	737	Peggy Clews	F	F65-69	5	8:21:22	1:03:36	0:14:52	3:33:48	0:08:17	3:20:49	US	
72a13e03-8267-f011-bec1-000d3a3277d4	738	Reed May	M	M30-34	86	8:22:33	1:08:45	0:07:26	3:48:43	0:06:36	3:11:03	USA	
1a32a655-930b-f111-8406-0022480994c2	739	Samantha Hanfelder	F	F45-49	17	8:22:57	0:56:48	0:09:09	3:45:27	0:09:00	3:22:33	USA	
f44bad16-14f5-4d9b-99a4-a0119340347a	740	John De La Torre	M	M55-59	36	8:23:00	1:07:36	0:11:28	3:56:36	0:08:46	2:58:35	USA	
e9dd5dd7-c5a8-4837-a800-f23e957b6960	741	Britni Nelson	F	F50-54	27	8:23:15	1:00:18	0:20:09	3:31:51	0:11:46	3:19:11	US	
85c915c3-3811-4471-9f9e-9b8749e30f5a	742	sandi wiebe	F	F75-79	1	8:23:32	0:47:05	0:10:27	3:44:55	0:09:05	3:32:01	usa	
1ed5c8f8-f4e2-458c-8ae0-5f42b4523a75	743	Augustine Mendoza	M	M35-39	71	8:31:34	0:42:37	0:10:13	3:59:29	0:07:10	3:32:05	US	
4de16b08-f7d2-ef11-8eea-000d3a5a1803	744	Gabriella Molina	F	F30-34	42	8:33:14	0:57:01	0:11:33	3:57:53	0:06:43	3:20:05	US	
274171e7-97ff-4716-8124-73c0c2ae5a7f	745	David Dorchester	M	M60-64	20	8:38:06	0:54:53	0:18:38	3:43:02	0:11:52	3:29:40	US	
4e18cede-3fe1-f011-8544-000d3a5b50ba	746	RICHARD Flores	M	M30-34	87	8:49:01	0:54:29	0:10:07	3:59:14	0:03:58	3:41:14	USA	
cd9de84a-f381-4e9c-8337-fb0d900526ce	99999	Ryan Wolff	M	M50-54	99999	8:34:42	1:21:28	0:08:04	3:29:10	0:05:49	3:30:12	US	
135ee639-ee94-48ee-a6d8-fab1ef5875b2	99999	Jose Benjamin Franco Jabalera	M	M55-59	99999							MX	DNF
444cfd74-9acf-ef11-b8e8-6045bd088264	99999	Steven Roberts	M	M60-64	99999							US	DNF
ecd7e114-6e19-f111-8341-002248046ec8	99999	Jarrod Moseley	M	M18-24	99999							USA	DNF
11276e2c-11d6-44a7-839c-5826ab80a127	99999	Manuel Tejada Alvarez	M	M30-34	99999							usa	DNS
c21fe379-e132-4607-a144-ea1d6d0dbbb4	99999	Jorge Alvarado Garcia	M	M55-59	99999							MX	DNF
b5840377-d70e-f111-8406-002248046ec8	99999	Julio Espinoza	M	M25-29	99999	7:11:28	1:14:11	0:10:07	3:11:04	0:04:24	2:31:43	USA	
82478576-560a-4bf2-b23f-a2faeb1d3507	99999	Allyn Silver	F	F60-64	99999		0:50:05	0:12:56	4:00:22	0:11:23		USA	DNF
3131c4a6-2124-467c-a726-8b5c68987954	99999	Gary Metcalf	M	M45-49	99999							US	DNS
5aa7acf7-b11c-f111-8341-0022480994c2	99999	Carson Smith	M	M25-29	99999							USA	DNF
d661639e-d2b7-443d-b54f-262a5d1db1b3	99999	Laura Goff	F	F55-59	99999	8:03:55	0:56:21	0:09:11	4:08:47	0:04:51	2:44:45	US	DNF
19addc58-92e2-4c75-b000-09b6145e5c5c	99999	Cynthia Velarde	F	F40-44	99999							DE	DNS
1ceadfa6-69d1-f011-8543-000d3a3aec92	99999	Jace White	M	M18-24	99999		0:50:09	0:08:34	1:59:09	0:02:54		USA	DNF
cab8448f-5da9-f011-bbd3-000d3a35ffc1	99999	Ashley Hall	F	F35-39	99999							USA	DNS
30631ae8-fef3-4fad-a689-bd05ecd6bc89	99999	Sean Brockman	M	M35-39	99999		1:08:55	0:14:15				usa	DNF
ac2fe8aa-0b37-4ef4-bc50-23de38176321	99999	Aubrie Yarbrough	F	F25-29	99999							US	DNF
43e953e3-4853-4fa2-ad61-26e05515f755	99999	Andrew Harvey	M	M35-39	99999							US	DNF
f608604e-5e20-f011-998b-000d3a35ffc1	99999	Isaiah Esparza	M	M25-29	99999							US	DNS
2cd1632d-b288-ee11-8179-000d3a314ae2	99999	Nick Holder		M40-44	99999							USA	DNF
068d97f4-4363-ef11-bfe3-00224808301f	99999	Colton Dean	M	M25-29	99999							usa	DNF
885bbd18-8fc4-f011-bbd3-0022480a7385	99999	Michael Rodriquez	M	M18-24	99999							USA	DNF
a12f9d09-8be4-404e-967e-4df747abaf5a	99999	Kim Kieu	F	F55-59	99999							US	DNF
1b74f5ea-2a7c-4796-8b4f-855cde84cd18	99999	Gloria Vazquez	F	F60-64	99999		1:19:57	0:10:01				USA	DNF
684a4b5a-6a28-4e4a-a5ac-ccf5bbae9b67	99999	Mohammad Al-Raie	M	M45-49	99999							US	DNF
d708f8aa-0ff6-49d0-beb5-c0e12de1ed0b	99999	Robert Frodsham	M	M50-54	99999							US	DNF
3ad548d5-2106-f111-8406-0022480b84a3	99999	Sophia Sigstedt	F	F40-44	99999		1:02:46	0:14:53	4:25:31	0:28:09		USA	DNF
308c284d-04f9-4060-bbd6-409e4f054d35	99999	Brenton Rains	M	M50-54	99999							US	DNF
674e54a0-8be8-4dc7-87ab-0f4df41f203c	99999	Wendy Gray	F	F45-49	99999		0:48:51	0:07:44				US	DNF
d827fdc0-93eb-4913-b1ac-6b32a886e732	99999	Alberto Arrieta	M	F40-44	99999	7:45:51			3:16:20	0:08:55	2:54:57	MX	DNF
6dc9ceff-9989-f011-b4cc-000d3a35ffc1	99999	Drake Coburn	M	M25-29	99999		0:43:37	0:07:31	3:04:53	0:03:12		US	DNF
0508efbb-f3a6-45ac-a7cf-86afcddc0607	99999	Dylan Dilorenzo	M	M25-29	99999	8:08:33	1:15:28	0:06:40	3:58:23	0:04:16	2:43:45	US	
32558bca-fe1c-f111-8341-6045bd08b1a2	99999	Luis Devora	M	M35-39	99999		1:02:28	0:28:37	4:11:33	0:27:45		USA	DNF
7251f5e1-b5e1-4727-859f-c8afeaf37d0d	99999	Sheena Odom	F	F40-44	99999		0:45:38	0:07:52	3:31:25	0:05:50		USA	DNF
79fc65f6-2fd1-48e3-bbe6-8a7bd745d862	99999	Martin Goins	M	M60-64	99999							usa	DNF
6a8dd29a-9cde-ef11-8eea-000d3a5a1803	99999	Shawn McMillan	M	M55-59	99999	8:26:21	1:16:39	0:10:40	3:30:29	0:05:02	3:23:31	USA	
91ef9af9-3159-f111-bec7-6045bd06566a	99999	Max Wehri	M	M18-24	99999		0:52:53	0:08:32				USA	DNF
2a449b3b-06ef-4179-8e66-3ef8e56e246b	99999	Armando Romo Salinas	M	M45-49	99999							MX	DNF
0e2c73e4-0b46-4ba8-a765-8508a915290f	99999	Joe Contreras	M	M55-59	99999							US	DNF
30b5c506-e330-4b6e-8028-2d28ce38a97c	99999	Joel Adrian Urrutia Mendez	M	M35-39	99999		0:35:05	0:11:33	2:59:42	0:12:36		MX	DNF
da656598-8d49-4a74-9dde-5def09835249	99999	Michael Miller	M	M50-54	99999		0:52:32	0:10:06	4:40:08	0:28:06		US	DNF
4bca5818-ca6d-f011-bec3-000d3a3173b5	99999	Roberto Portillo III	M	M30-34	99999							US	DNF
7ffa07f0-d08f-4915-8750-f8935f6c13c0	99999	Tom Garrity	M	M60-64	99999							US	DNS
ca57e6a1-d365-4b1a-8146-9a9e3aec33ed	99999	Amanda Leonard	F	F45-49	99999		0:37:55	0:26:14				US	DNF
b7c75cc9-02b5-ef11-b8e9-000d3a5a1803	99999	Virginia Rodriguez	F	F30-34	99999							USA	DNF
285a926c-0cb1-ef11-b8e9-000d3a5a1803	99999	Jose Garcia	M	M70-74	99999		0:37:09	0:23:42	4:07:53	0:26:43		MX	DNF
40f9411d-6f83-f011-b4cc-6045bd09951e	99999	Loktao Shing	M	M30-34	99999		0:51:25	0:13:13				USA	DNF
ce9689db-5f20-f011-9989-6045bd05f634	99999	Anthony Bustillos	M	M45-49	99999		0:46:02	0:18:53	4:46:31	0:19:03		US	DNF
a7e861f1-3a8e-4078-bd96-e63b7f21f216	99999	Francisco Gonzalez-Rosales	F	M70-74	99999		1:00:04	0:17:44	3:32:19	0:27:07		US	DNF
21b0d96d-391c-f111-8341-002248081bd6	99999	Veronica Valenzuela	F	F25-29	99999		1:01:07	0:08:50	4:25:59	0:29:12		USA	DNF
d847da97-b449-4f76-95e7-56127507f70f	99999	Brent Aucutt	M	M50-54	99999							US	DNF
6e8b9163-ba19-f111-8341-0022480994c2	99999	Ryan Raboin	M	M25-29	99999	8:30:30	1:20:03	0:10:55	3:56:47	0:14:10	2:48:35	USA	
23a112a2-0c03-42a4-98c4-4bfb51a79721	99999	Karen Balbier	F	F45-49	99999	8:04:34	1:22:14	0:09:45	3:34:04	0:07:22	2:51:08	US	
151bff7a-652d-4587-aeb9-88e37b9eadd5	99999	Kevin Getchell	M	M60-64	99999							US	DNS
4defdac3-57b1-4f7b-a993-3bd89b710768	99999	Kimberly Wright	F	F45-49	99999							US	DNF
f032372b-4c5d-f111-a826-0022480b84a3	99999	ANTONY ROMERO	M	M40-44	99999							USA	DNF
663f4002-7d99-f011-b4cc-6045bd05fcc1	99999	Holden Ranker	M	M18-24	99999		1:18:19	0:10:59	4:19:23	0:07:50		USA	DNF
9ba7d343-8c3a-f011-b4cc-000d3a5b50ba	99999	Zachary Sapinsley	M	M35-39	99999	6:30:59	1:16:28	0:10:56	3:14:12	0:06:52	1:42:31	US	
24bf1cd8-126c-4112-a57a-53b774152cd2	99999	Allen Leibovitch	M	M55-59	99999							usa	DNF
f8333d3e-74e3-4253-9b31-6a44cf6daa71	99999	Wyeth Collo	M	M55-59	99999							US	DNF
cab1decd-0c20-f011-998a-6045bd05fcc1	99999	Daniel Kim	M	M55-59	99999							US	DNF
eac69963-2eb4-f011-bbd3-000d3a3173b5	99999	José Luis Paredes	M	M35-39	99999							MEX	DNF
5cbb3ae1-5d26-f111-8341-6045bd06566a	99999	Keagen Plymell	M	M25-29	99999	8:06:54	1:11:25	0:12:05	3:49:42	0:03:38	2:50:04	USA	
5f00b5c8-0320-f011-998a-6045bd05fcc1	99999	Harold Joy	M	M30-34	99999							US	DNF
b6b00ff5-d116-f111-8341-0022480a5755	99999	Javier Leon	M	M25-29	99999		1:04:58	0:08:21	4:20:15	0:04:26		USA	DNF
bf6a8828-131c-f111-8341-0022480a5755	99999	Dylan Chavez	M	M30-34	99999							USA	DNF
c6ec69b2-0720-497f-a64c-c40acc6cfd60	99999	Robert Nelson	M	M55-59	99999							US	DNF
bc21cf3e-76c2-f011-bbd3-6045bd05f634	99999	Julia Tatum	F	F40-44	99999							USA	DNF
3134b654-45e0-4bc5-a2b1-41e950bb85fb	99999	Enrique Doster	M	M35-39	99999	7:13:21	1:15:10	0:08:27	3:12:46	0:04:04	2:32:54	US	
433f5c34-4a0f-f111-8406-6045bd08b1a2	99999	DeBrylan Candelario	M	M18-24	99999							USA	DNF
7b6b37fb-1281-449b-aae5-f6cc01de5df0	99999	Servando Palomeque	M	M50-54	99999							US	DNS
c68d0d53-4276-f011-b4cc-000d3a5b50ba	99999	Marycruz Miranda	F	F30-34	99999		1:21:15	0:09:09				MEX	DNF
dafb490d-5cce-4d13-a627-28df135d3cea	99999	Michael Mills	M	M65-69	99999		0:59:56	0:12:56				usa	DNF
269e89d0-c41b-4516-ac99-69bb083732cd	99999	Mike Gile	M	M45-49	99999							usa	DNS
e36ba53b-3d47-f111-bec5-6045bd06566a	99999	mateo castillon-juancorena	M	M18-24	99999							USA	DNS
e05e8a6f-d2df-f011-8544-000d3a3173b5	99999	Sergey Smirnov	M	M40-44	99999							CAN	DNF
ec731483-7ae2-4ecc-89e0-d165bc1ef73f	99999	Jeffrey Peebles	M	M60-64	99999	7:35:00	1:11:32	0:08:58	3:19:41	0:04:46	2:50:03	US	
1e6ec5e6-583b-4a7f-af41-f7524f841578	99999	Dustin Romero	M	M45-49	99999		0:52:18	0:09:31				US	DNF
a3117a8a-9e36-f111-88b4-0022480994c2	99999	Benjamin Lahi	M	M18-24	99999	8:05:27	1:12:48	0:08:37	3:33:33	0:06:55	3:03:35	USA	
665350c6-eb3d-4161-9591-b10583a41322	99999	Jared Hellums	M	M50-54	99999							US	DNF
c21ffa3a-7871-428d-ae59-dd103c728889	99999	Adrienne Miller	F	F50-54	99999	8:22:16	1:11:34	0:10:30	3:19:59	0:07:22	3:32:51	US	
23a88219-ca6d-4c00-8342-20752e60f627	99999	Alejandro Delgadillo	M	M50-54	99999							United States	DNF
9f748ebc-e2f3-4010-b2dd-cf093eb2cbed	99999	Michael Dunn	M	M45-49	99999							US	DNF
fbd47056-2a1c-f111-8341-0022480a5755	99999	Keith Flynn	M	M25-29	99999							USA	DNS
96663686-a4da-f011-8544-000d3a3173b5	99999	Saige Soto	M	M30-34	99999							USA	DNF
8303fe5d-46f5-4643-9c01-38b1daf6e5ba	99999	John Ricciardelli	M	M65-69	99999		0:31:34	0:16:55	3:50:42	0:07:35		US	DNF
a2be24d7-e55c-4557-8b50-291dbdacfbaf	99999	James Kaufman	M	M40-44	99999							US	DNS
b3feefb2-9103-4a52-b408-55d7d5cb44f9	99999	Mark Guest	M	M55-59	99999							US	DNF
6a34bb97-de42-45a8-a8a0-030641b861e0	99999	Markus Ernst	M	M55-59	99999							US	DNF
21ddc454-2dd4-4fd4-91d0-e9d4f5335b15	99999	Kirk Torres	M	M50-54	99999							US	DNS
c67bf24d-0942-4a5e-bd49-f79c98f807f0	99999	Alex Maldonado	M	M30-34	99999							US	DNF
75aa3be7-11c3-4bef-b10d-77bfc982d947	99999	Sam Cox	M	M65-69	99999							US	DNF
111c035f-684e-f111-bec6-0022480994c2	99999	Nabuchi Buhendwa	F	F25-29	99999							USA	DNF
b7b69152-1929-4139-85a0-27697eac240f	99999	Robert Heister	M	M60-64	99999		1:01:34	0:13:59	3:56:09	0:07:10		US	DNF
98906c24-5034-4816-b6b5-825607109b37	99999	Lorena Weber	F	F45-49	99999							USA	DNS
3152d20d-0e09-f111-8406-002248046451	99999	Justin Crispin	M	M45-49	99999		1:08:33	0:08:11	4:08:21	0:03:56		USA	DNF
74f55d83-1e1c-f111-8341-0022480b35b6	99999	Joseph Wright	M	M25-29	99999		0:55:40	0:10:23				USA	DNF
ce74ac69-755c-f011-bec1-000d3a5b7c3b	99999	Aaron Bremser	M	M50-54	99999							USA	DNF
6a71fbce-3e67-f011-bec2-000d3a5b7c3b	99999	David Houston	M	M55-59	99999							US	DNF
0250bf69-51c2-4e1a-8681-eb91e410ab02	99999	Louis Salazar	M	M65-69	99999							US	DNF
7ca9fe47-2441-4ff1-b3e6-3264fbf7d623	99999	Nina Trevino	F	F50-54	99999							US	DNF
998b93f7-8de3-f011-8544-000d3a5b50ba	99999	Troy Svede	M	M35-39	99999							USA	DNF
21621060-13c9-461f-b994-71c3d77fcec8	99999	dena becker	F	F50-54	99999							usa	DNF
0c1f108b-b47d-467e-bb40-8c149b008511	99999	Julie Royal	F	F55-59	99999							US	DNS
ecc99aeb-701b-f111-8341-0022480b35b6	99999	Harry Gonzalez	M	M25-29	99999							USA	DNF
1e6f17bb-6135-47b0-b67a-3bf59cf87909	99999	Erika Martinez Samaniego	F	F50-54	99999							US	DNF
1a05689f-ed65-4e2c-b4cf-8df5859a40dc	99999	Connor Reynolds	M	M30-34	99999		0:28:54	0:04:23	2:25:01	0:03:48		US	DNF
2febf713-6042-f011-b4cb-000d3a3173b5	99999	Rudy Canales	M	M60-64	99999	8:07:26	1:18:31	0:07:56	3:27:10	0:07:53	3:05:57	usa	
b5aace7c-6ed6-4663-ac12-24507e5fe095	99999	David Brooks	M	M55-59	99999							US	DNF
b61dcc84-80b9-ef11-b8e8-6045bd088264	99999	Cristina Parada Zamarripa	F	F50-54	99999							MX	DNF
fe78c010-88b6-44fd-9d6f-482702ef0fe5	99999	Morgan Haynes	M	M65-69	99999							US	DNF
6f48745a-5885-450f-9357-627895b978d9	99999	Patrick Coleman	M	M45-49	99999	8:13:48	1:15:57	0:09:37	3:41:00	0:05:16	3:01:58	US	
82b938b6-7fb5-4180-a833-6e21d12972ef	99999	Ken Love	M	M35-39	99999		0:28:22					US	DNF
9a8964ee-ec5c-f111-a826-0022480b35b6	99999	Jason ward	M	M50-54	99999							USA	DNS
a95dd3f9-c20e-f111-8406-0022480b84a3	99999	Clinton Herrera	M	M55-59	99999							USA	DNF
89c396ef-9f5b-4a95-bcff-2a7dcd4b688f	99999	Robert Hopson	M	M60-64	99999							US	DNS
8eaab29d-aec2-4f2e-a9f2-92599d37b7f2	99999	Rachel Zambrano	F	PC/ID	99999							usa	DNS
5ec34d4b-5adf-f011-8543-6045bd05fcc1	99999	Jimmy Bell	M	M18-24	99999							USA	DNF
fcf2b965-84fb-48db-83bf-667dc4f52a59	99999	Jarod Theiss	M	M40-44	99999		0:49:34	0:09:51	3:29:04	0:07:37		US	DNF
39f373ad-890d-ef11-9f89-6045bd012ace	99999	SUSIE TOPE		F60-64	99999							USA	DNS
3f7694f6-4a53-436f-9ec9-fe05f8da3668	99999	Tony Freeburg	M	M55-59	99999							US	DNF
914d499d-4d73-4464-98b2-1e6d6698a1c0	99999	Ben Miller	M	M50-54	99999							USA	DNS
db4dbe37-f027-f111-8341-0022480994c2	99999	pedro vazquez	M	M60-64	99999							USA	DNF
26631505-d13d-f011-b4cc-000d3a5b50ba	99999	KEVIN DURAN-CABALLERO	M	M30-34	99999	6:32:53	1:25:48	0:06:26	2:55:18	0:03:32	2:01:49	US	
bb7fde62-9e6e-4fa8-8c9c-4caf65c51f99	99999	Todd Crandell	M	M60-64	99999							usa	DNF
80239143-35c3-42f6-90b7-83805334e50e	99999	Kathy Navarro	F	F45-49	99999		0:58:35	0:09:48	4:22:40	0:08:31		US	DNF
24ce0136-15b4-f011-bbd3-000d3a5b50ba	99999	Oscar Luevano	M	M18-24	99999							USA	DNS
5972aaca-f52a-4085-a195-bca9dadf5a7f	99999	Dave Richardson	M	M50-54	99999							USA	DNF
b57b0813-0fe8-45a3-9725-40730489c2e8	99999	Kendal Crenshaw	M	M30-34	99999		0:51:04	0:16:04	3:44:45	0:08:39		US	DNF
a6f73d16-6320-f011-998a-6045bd05fcc1	99999	Kenneth Chavez	M	M50-54	99999							US	DNF
af1ff15e-eeed-4e93-a661-a99de0817b80	99999	Rolando Rios	M	M18-24	99999							US	DNF
8fba96d3-b420-f011-9989-000d3a5cf7d8	99999	Perry Boyd	M	M55-59	99999	7:31:32	1:10:21	0:08:28	3:22:24	0:05:13	2:45:06	US	
