ContactId	Overall_Rank	Name	Gender	Division	Div_Rank	Total_Time	Swim	T1	Bike	T2	Run	Country	Status
4375a3a9-bf3d-440e-a24b-1577b6640230	1	Oscar Riis	M	M18-24	1	3:46:44	0:24:31	0:02:18	2:03:09	0:02:07	1:14:39	Denmark	
4fcb4da6-6547-ef11-a317-000d3a367177	2	Viktor Bertin	M	M18-24	2	3:50:14	0:26:26	0:03:21	2:06:15	0:02:01	1:12:11	Denmark	
e2edfed2-6952-4639-92b4-278dfacdd70d	3	Gauthier Mine	M	M30-34	1	4:00:52	0:27:42	0:02:33	2:09:17	0:02:47	1:18:33	Belgium	
cbc55aa0-23fd-4c50-8cac-a0b0f0d99d69	4	Erik Hoffmann	M	M18-24	3	4:01:32	0:25:52	0:04:07	2:08:23	0:02:19	1:20:51	Germany	
166daa1d-49b1-4a38-b6c7-b0e4a99137f4	5	Jonathan Pedersen	M	M25-29	1	4:01:41	0:29:00	0:02:22	2:07:48	0:02:32	1:19:58	Denmark	
c8e3022d-e283-41eb-b732-2809de416a41	6	Rasmus Hach	M	M30-34	2	4:02:27	0:28:05	0:02:51	2:08:00	0:02:20	1:21:10	Denmark	
337b3c64-3c49-ed11-bba1-000d3a31406e	7	Arthur Louis	M	M18-24	4	4:02:58	0:25:42	0:02:31	2:10:05	0:02:07	1:22:33	Belgium	
b232a584-3aad-f111-aaab-7c1e528d5074	8	Lukas Kuntermann	M	M25-29	2	4:06:19	0:28:12	0:02:38	2:07:57	0:02:25	1:25:08	Germany	
1bfed6d0-caba-4454-a689-a43233c1ba3e	9	Paolo Toua	M	M30-34	3	4:06:38	0:28:42	0:03:16	2:11:33	0:02:16	1:20:50	South Africa	
7aa68f30-05ce-43a1-8acc-478b28b08680	10	Andrew Isaac	M	M30-34	4	4:06:51	0:24:36	0:03:19	2:10:36	0:02:13	1:26:08	Isle of Man	
61392650-ef95-ee11-be37-000d3a314c24	11	Stan Bertram	M	M30-34	5	4:08:39	0:30:36	0:02:52	2:00:50	0:03:25	1:30:56	Netherlands	
21e1c6e5-adff-4b90-92c8-4d016a88ecbd	12	Marcus Gawlik	M	M35-39	1	4:08:50	0:30:53	0:02:36	2:11:30	0:03:51	1:20:00	Germany	
73eba341-02e3-f011-8544-000d3a3173b5	13	Lukas Ehrke	M	M30-34	6	4:11:21	0:26:57	0:03:12	2:11:58	0:02:24	1:26:50	Germany	
cee374cc-a39b-ef11-8a6a-000d3a338a3c	14	Ilias Jordaens	M	M18-24	5	4:11:26	0:36:28	0:03:58	2:09:08	0:02:56	1:18:56	Belgium	
e695146b-9ba0-f011-b41c-000d3a35ffc1	15	Rens van Beek	M	M18-24	6	4:12:39	0:25:25	0:03:58	2:16:29	0:04:59	1:21:49	Netherlands	
0c3b4036-7213-4f7c-961f-680fac851b4b	16	Dennis Schröer	M	M45-49	1	4:12:39	0:27:40	0:02:48	2:12:05	0:02:16	1:27:50	Germany	
29875db0-82d3-ef11-8ee9-000d3a5ae96c	17	Tim Bohndiek	M	M30-34	7	4:13:30	0:29:13	0:04:02	2:15:15	0:02:17	1:22:43	Germany	
c1a0e642-3e72-4ac3-9c31-98e37891d2fe	18	Gerrit De Pauw	M	M45-49	2	4:14:31	0:28:23	0:03:35	2:15:10	0:03:01	1:24:21	Belgium	
18ef725c-773c-f011-b4cc-000d3a5b7c3b	19	Corentin Trinchan	M	M25-29	3	4:14:41	0:30:47	0:03:51	2:13:39	0:02:13	1:24:10	Switzerland	
59f9bcec-4877-ef11-a670-6045bd05c809	20	Patrick Friedlein	M	M30-34	8	4:15:35	0:30:33	0:02:56	2:12:46	0:02:24	1:26:55	Germany	
546fd6b2-aea8-ee11-be37-000d3a314c24	21	Max Reinders	M	M25-29	4	4:15:46	0:29:15	0:04:22	2:16:31	0:03:26	1:22:11	Netherlands	
f0ec19d2-61a6-ef11-8a6a-000d3a3126fd	22	Lucas Saban	M	M25-29	5	4:16:39	0:35:15	0:03:48	2:15:18	0:02:21	1:19:58	France	
286e7d0d-12a1-f011-bbd3-000d3a5b7c3b	23	Matthias Küchler	F	M55-59	1	4:16:58	0:31:13	0:02:57	2:13:37	0:02:34	1:26:37	Germany	
049107a4-14ba-f011-bbd3-000d3a5b50ba	24	Mateusz Pietraszek	M	M18-24	7	4:17:08	0:29:45	0:02:41	2:13:58	0:02:18	1:28:26	Poland	
c1b14888-ca3f-f011-b4cb-000d3a35ffc1	25	Tobias Wahle	M	M30-34	9	4:17:12	0:33:11	0:03:26	2:07:56	0:02:29	1:30:11	Germany	
bc37224e-639c-451d-a64a-eff0ade4dc73	26	Konrad Gawel	M	M25-29	6	4:17:24	0:27:34	0:02:48	2:16:06	0:03:27	1:27:29	Germany	
c4c3aa5e-d52e-ee11-bdf3-000d3a31458d	27	Piotr Dominikowski	M	M40-44	1	4:18:49	0:33:27	0:03:08	2:12:07	0:02:51	1:27:16	Poland	
00e3415a-f3ae-ef11-b8e9-6045bd048089	28	Filippo Buscema	M	M30-34	10	4:19:00	0:29:34	0:03:37	2:19:57	0:02:12	1:23:40	Italy	
a9703527-d7a3-40d1-9e3b-e9c3fac9cdc0	29	Andy Mansfield	M	M40-44	2	4:19:03	0:33:56	0:04:19	2:13:52	0:04:01	1:22:55	United Kingdom	
1832b1c0-5b0c-4198-8604-d2bd15af2325	30	Jan-Philipp Wies	M	M30-34	11	4:19:28	0:28:00	0:02:55	2:18:05	0:02:31	1:27:57	Germany	
9bdf3a68-2024-44e2-98a4-befb051f19d5	31	Jiri Pospisil	M	M45-49	3	4:19:56	0:31:06	0:03:26	2:12:50	0:03:28	1:29:05	Czech Republic	
1bd9893d-16bb-ef11-b8e9-000d3a5a1803	32	josh schnell	M	M18-24	8	4:20:08	0:30:47	0:02:57	2:18:19	0:02:45	1:25:19	Ireland	
e9f2bd72-a69c-41c2-838d-7960be6a30a6	33	Anthony Foley	M	M30-34	12	4:20:10	0:27:32	0:03:35	2:18:28	0:03:13	1:27:21	Australia	
b4569368-9c3b-4697-840c-204dabbfe550	34	Kai Schirmer	M	M35-39	2	4:20:11	0:28:53	0:02:29	2:16:49	0:02:04	1:29:57	Germany	
000ec026-8824-ef11-840a-6045bd079a13	35	Laura Beer	F	F25-29	1	4:20:21	0:31:01	0:02:57	2:17:14	0:02:02	1:27:06	Austria	
58c055c6-ff83-4125-b563-e288dacc6be3	36	Max Ziegler	M	M25-29	7	4:20:24	0:29:05	0:03:40	2:14:34	0:03:17	1:29:49	Germany	
e4bd4fdb-7c6e-ef11-a671-6045bd036536	37	Eric Timmermann	M	M25-29	8	4:20:38	0:32:49	0:02:46	2:13:58	0:02:24	1:28:40	Germany	
d0cd388d-bc52-4aad-a797-f6130faf833c	38	Thomas Brueggemann	M	M35-39	3	4:21:09	0:32:15	0:03:12	2:15:07	0:04:01	1:26:34	Germany	
209e4cf1-f335-ee11-bdf4-000d3a31458d	39	Dougie Burke	M	M25-29	9	4:21:17	0:28:53	0:02:33	2:13:31	0:02:43	1:33:36	United Kingdom	
a91eb759-823a-43f5-8bae-81eef3175dfb	40	Friedrich Spielhagen	M	M40-44	3	4:21:18	0:31:59	0:04:03	2:16:48	0:02:50	1:25:38	Germany	
22983441-ca27-484a-92aa-07bc8c3e1460	41	Micki Dahl	M	M35-39	4	4:21:22	0:33:28	0:03:58	2:06:09	0:03:07	1:34:39	Denmark	
1457946e-a5dc-f011-8543-000d3a5b5fc7	42	Stefan Becker	M	M30-34	13	4:21:37	0:27:28	0:02:49	2:20:00	0:03:19	1:28:02	Germany	
87331d85-32ba-4813-94a9-80f101e208e0	43	Markus Mix	M	M25-29	10	4:21:54	0:28:11	0:04:31	2:18:56	0:04:16	1:26:02	Germany	
d66444b3-4b33-43f3-b9b9-a849a9453cc6	44	Hendrik Surmund	M	M45-49	4	4:21:58	0:30:10	0:04:39	2:15:25	0:02:12	1:29:32	Germany	
e04d3abd-23f6-ef11-9341-6045bd05011a	45	Marc Dörfer	M	M35-39	5	4:21:58	0:33:25	0:04:35	2:19:40	0:02:27	1:21:52	Germany	
c7fc4fd7-3af1-f011-8407-6045bd09fcf5	46	Mika Jagdmann	M	M25-29	11	4:22:00	0:35:08	0:02:58	2:15:46	0:03:08	1:25:00	Germany	
a922d5f3-c4c2-ef11-b8e8-6045bd088264	47	Lukas Thomalla	M	M30-34	14	4:22:16	0:29:19	0:04:18	2:12:20	0:04:31	1:31:48	Germany	
28f7e9f0-1605-4a47-85d6-388c9edff0ab	48	Niklas Herold	M	M45-49	5	4:22:30	0:31:17	0:03:39	2:15:21	0:03:00	1:29:15	Germany	
241f0e7b-ede9-ee11-a203-000d3a5c3552	49	Kevin Marchel	M	M35-39	6	4:22:45	0:38:16	0:03:18	2:14:17	0:03:14	1:23:40	Austria	
782e52d0-b66d-4c44-ad4d-36db80a98b5a	50	Sebastian Runkel	M	M40-44	4	4:22:47	0:29:26	0:03:47	2:11:17	0:03:05	1:35:12	Germany	
69e95b23-b8ff-ed11-8f6e-000d3a314ae2	51	Simon Thise	M	M30-34	15	4:23:04	0:35:20	0:04:15	2:08:53	0:02:39	1:31:57	Belgium	
7b2a0f30-0a2b-4344-bd6b-4319bf04cf6f	52	Radoslaw Andrzejewski	M	M30-34	16	4:23:33	0:34:39	0:02:42	2:15:35	0:02:41	1:27:56	Poland	
8cbcf046-f66f-ef11-a671-00224809fd7c	53	Andreas Mikeli	M	M25-29	12	4:23:35	0:30:52	0:03:36	2:21:04	0:03:00	1:25:02	Germany	
050fc057-d5cd-f011-bbd3-000d3a5b7c3b	54	David Egger	M	M25-29	13	4:23:46	0:34:16	0:04:14	2:13:16	0:02:19	1:29:41	Italy	
3068113d-4778-ef11-a670-000d3a32fefc	55	Robin Pohler	M	M30-34	17	4:24:04	0:33:30	0:03:00	2:16:53	0:02:33	1:28:08	Germany	
5a8afe55-e32c-423e-989c-88766cdf5169	56	David Weber	M	M35-39	7	4:24:15	0:32:41	0:03:43	2:16:56	0:03:08	1:27:47	Switzerland	
67d46876-7988-406a-8687-30ea18b56a80	57	Jens De Kanter	M	M50-54	1	4:25:05	0:37:32	0:02:54	2:12:04	0:02:40	1:29:55	Netherlands	
8cb00ce7-283b-4cb8-a194-3a0fdf1aae03	58	Gerald Gapmann	M	M35-39	8	4:25:07	0:33:20	0:03:39	2:16:49	0:03:00	1:28:18	Austria	
d9c3a1c9-02ca-4fb0-bff6-9fe832875e7f	59	Lucian Morariu	M	M45-49	6	4:25:22	0:30:13	0:04:19	2:17:11	0:03:05	1:30:35	Germany	
f135574f-cc93-f011-b4cb-002248098cfa	60	Yannick Heringer	M	M30-34	18	4:25:22	0:30:37	0:03:15	2:22:18	0:01:53	1:27:19	Germany	
ff2862bd-a059-4f80-89ef-af26d56ebddb	61	Wojciech Knop	M	M40-44	5	4:25:31	0:32:05	0:03:13	2:19:04	0:02:34	1:28:36	Poland	
c02f4fa2-cbda-f011-8543-002248047e5c	62	Jonas Felzmann	M	M18-24	9	4:25:58	0:31:40	0:04:01	2:21:38	0:01:58	1:26:40	Germany	
c9ca28c7-f0e5-4570-9d13-62739b417832	63	Torgeir Skårerverket Andersen	M	M35-39	9	4:26:00	0:33:05	0:03:14	2:20:53	0:02:29	1:26:19	Norway	
e182bbda-bbdf-ee11-904c-000d3a5c3552	64	Michael Grahl	M	M45-49	7	4:26:02	0:28:49	0:03:35	2:18:57	0:02:25	1:32:16	Germany	
15046e34-05aa-f011-bbd3-000d3a3173b5	65	Martin Schäfer	M	M35-39	10	4:26:15	0:32:51	0:04:24	2:17:21	0:02:17	1:29:23	Germany	
8c6dad2e-9ec1-f011-bbd3-000d3a5b50ba	66	Sebastian Schober	M	M18-24	10	4:26:20	0:30:28	0:03:43	2:17:59	0:02:37	1:31:33	Austria	
0399d4e6-ecb7-477c-b162-b3e8c2213cce	67	Corentin Boulleray	M	M25-29	14	4:26:21	0:27:26	0:03:49	2:23:25	0:02:00	1:29:40	France	
b93249d3-ada9-f011-bbd3-000d3a5b7c3b	68	Richard Krause	M	M35-39	11	4:26:32	0:33:19	0:04:07	2:17:08	0:02:34	1:29:23	Germany	
0440563f-3824-40e4-9ef7-6f1276b86ed4	69	Tomas Brabenec	M	M25-29	15	4:26:32	0:34:10	0:04:07	2:14:40	0:02:09	1:31:27	Czech Republic	
f4af6e38-1aa7-454e-bc99-81f4a46d70a7	70	Arne Brammertz	M	M40-44	6	4:26:52	0:33:32	0:03:04	2:19:39	0:02:52	1:27:45	Germany	
a64149f3-dbb9-45a6-98b2-04b4e958f588	71	Lucas Mantke	M	M35-39	12	4:26:59	0:36:05	0:04:53	2:10:29	0:02:32	1:33:01	Germany	
07bbe63e-f44c-f011-877a-000d3a3173b5	72	Leon Baron	M	M25-29	16	4:27:03	0:27:55	0:04:03	2:23:32	0:03:39	1:27:54	Germany	
7147888b-2a77-4636-a43a-a1df344bc87e	73	Robin Lamprecht	M	M35-39	13	4:27:07	0:33:45	0:03:15	2:15:21	0:03:18	1:31:28	Germany	
773e87d0-e15b-4442-b1af-838070aaa964	74	Henrik Meyer	M	M18-24	11	4:27:13	0:30:04	0:04:08	2:22:48	0:03:08	1:27:05	Germany	
66c2d528-95d9-46f6-aed0-c9f6957f87f1	75	Gudrun Steiner	F	F45-49	1	4:27:14	0:29:48	0:02:49	2:20:55	0:02:24	1:31:18	Austria	
9892c31a-3a6c-4c4e-80d8-1954f5fa8306	76	Lothar Bitz	M	M40-44	7	4:28:02	0:38:47	0:03:35	2:15:06	0:03:36	1:26:59	Germany	
57fb17f5-d3d1-ef11-8eea-000d3a5a1803	77	Mira Hippe	F	F25-29	2	4:28:15	0:32:49	0:03:03	2:19:47	0:02:22	1:30:14	Germany	
ae527b08-c666-ef11-bfe3-000d3a367177	78	Marcus Turner	M	M25-29	17	4:28:19	0:28:23	0:04:02	2:19:27	0:02:51	1:33:37	United Kingdom	
4f56cc7b-78fa-4152-820e-1f7acee96df2	79	Michael Leuven	M	M45-49	8	4:28:38	0:33:45	0:04:48	2:19:04	0:05:35	1:25:27	Netherlands	
99db9beb-c7a2-f011-bbd3-0022480a7385	80	Florian Müller	M	M25-29	18	4:28:50	0:35:49	0:04:29	2:15:37	0:03:09	1:29:45	Germany	
285d0c50-ab12-4ab1-9e3d-ca43310c0b90	81	Driek Van Den Beuken	M	M18-24	12	4:29:24	0:36:07	0:04:55	2:20:54	0:03:15	1:24:13	Netherlands	
280ced57-4af9-48d8-bf75-bc941908d2a0	82	Clara Isaac	F	F35-39	1	4:29:25	0:30:57	0:03:01	2:23:39	0:02:37	1:29:11	Isle of Man	
2cd6e83c-42e9-ef11-8eea-000d3a5a1803	83	Dennis Brumm	M	M40-44	8	4:29:33	0:30:18	0:02:55	2:25:12	0:02:37	1:28:32	Germany	
5ec1f316-2e8c-467c-9feb-7963df7bc635	84	Christian Jopt	M	M45-49	9	4:29:45	0:31:36	0:04:07	2:20:20	0:04:39	1:29:03	Germany	
bd074995-30ad-f111-aaab-7c1e528d5074	85	Carlos Mata Alvarez	M	M40-44	9	4:29:53	0:29:02	0:02:52	2:19:03	0:02:35	1:36:21	Mexico	
08facb5f-7cb9-f011-bbd3-000d3a5b50ba	86	Paul Raduenz	M	M18-24	13	4:29:54	0:33:56	0:04:36	2:21:49	0:03:51	1:25:42	Germany	
ab468092-478b-4e93-ad77-8a2a1352d0a7	87	Michael Rothfuchs	M	M50-54	2	4:30:18	0:32:57	0:03:25	2:15:27	0:03:18	1:35:11	Germany	
a11bc179-9526-f011-8c4e-000d3a3173b5	88	Martin Weltz	M	M35-39	14	4:30:39	0:29:49	0:04:15	2:13:56	0:04:25	1:38:15	Denmark	
1dffec87-0650-f111-bec6-0022480994c2	89	Geoffrey Geeraerts	M	M30-34	19	4:30:40	0:41:08	0:04:17	2:16:03	0:02:38	1:26:34	Belgium	
6e49879e-b49c-4c5c-a4f4-340fe8abd7a3	90	Tom Brinkmann	M	M25-29	19	4:30:56	0:34:24	0:03:46	2:23:21	0:01:49	1:27:35	Germany	
141df91f-aa3c-4ca1-9f69-e6634656355e	91	Laura Chacon Biebach	F	F35-39	2	4:31:13	0:33:46	0:03:02	2:24:15	0:02:39	1:27:31	Germany	
885ff206-d885-f011-b4cc-000d3a3173b5	92	Gabin Bruyat	M	M30-34	20	4:31:17	0:34:04	0:03:39	2:19:19	0:02:59	1:31:15	France	
6de2a42f-6e58-4c77-9efd-2db2e69f56f8	93	Sahin Kaplan	M	M30-34	21	4:31:37	0:33:47	0:03:15	2:20:37	0:03:28	1:30:31	Germany	
33ceaa60-b298-f011-b4cc-000d3a5cf7d8	94	Tobias Piekatz	M	M40-44	10	4:31:47	0:35:41	0:04:46	2:16:55	0:02:26	1:32:00	Germany	
760ad6af-e644-ee11-bdf3-000d3a314329	95	Francisco Giacosa	M	M35-39	15	4:31:59	0:33:17	0:03:24	2:21:44	0:02:46	1:30:49	Argentina	
7dac588d-ae52-4d2c-a688-e079060cb81c	96	Lindsey Lenaerts	F	F30-34	1	4:32:03	0:31:18	0:02:50	2:22:43	0:02:39	1:32:34	Belgium	
590a40a4-7fe5-f011-8544-000d3a5cf7d8	97	Linus Göhring	M	M18-24	14	4:32:09	0:31:48	0:04:59	2:24:48	0:04:20	1:26:14	Germany	
b5cc3c85-5e3d-4db6-a9cc-30097883286f	98	Ahmed Aljaryan	M	M30-34	22	4:32:21	0:32:45	0:03:46	2:26:40	0:02:05	1:27:04	United Kingdom	
63950202-d793-ef11-8a6a-000d3a59a9a1	99	Samuel Bock	M	M18-24	15	4:32:25	0:34:37	0:04:30	2:17:53	0:03:28	1:31:57	Germany	
20b77776-bb9e-4014-9d2e-96f2c3b77ff5	100	Pieter Roeloffs	M	M45-49	10	4:32:30	0:30:58	0:03:30	2:18:47	0:04:14	1:35:01	Netherlands	
e9312bed-18b8-f011-bbd3-6045bd05fcc1	101	Mathias Schwamm	M	M30-34	23	4:32:36	0:38:02	0:05:30	2:13:38	0:03:07	1:32:20	Germany	
2207f651-6745-4e13-a5eb-28cd8a7cf6fc	102	Patrick LOY	M	M35-39	16	4:32:38	0:31:00	0:04:23	2:26:01	0:02:51	1:28:23	Germany	
0f2645c3-adc5-ee11-9079-000d3a5ca14e	103	Viktor Lukas Mischke	M	M25-29	20	4:32:43	0:32:34	0:03:17	2:21:13	0:05:19	1:30:21	Germany	
ad027469-4cad-4af0-9ad6-ccbfe9e3a42c	104	Pavel Kumsta	M	M35-39	17	4:32:44	0:32:17	0:03:40	2:17:22	0:03:04	1:36:21	Czech Republic	
609c2f53-8f60-ee11-be6e-000d3a5ca14e	105	Szymon Kedzia	M	M25-29	21	4:32:45	0:31:50	0:02:48	2:20:18	0:02:35	1:35:15	Poland	
a902e471-93e7-46e5-ba92-da0586e42739	106	Patrick Fratczak	M	M35-39	18	4:32:52	0:36:25	0:04:04	2:22:15	0:02:44	1:27:24	Germany	
164f06a8-d999-f011-b4cc-6045bd05f634	107	Jona Murra	M	M18-24	16	4:32:58	0:30:34	0:02:54	2:20:59	0:02:42	1:35:48	Netherlands	
eb1e0bce-0205-4bb2-b8ec-257ec7e7ad3b	108	Erik Pones	M	M40-44	11	4:33:00	0:34:45	0:03:52	2:26:08	0:03:36	1:24:39	Germany	
6b5c6073-9297-f011-b4cc-000d3a5cf7d8	109	Timon Brunner	M	M25-29	22	4:33:34	0:34:54	0:04:07	2:20:54	0:02:23	1:31:15	Germany	
d57c857b-4cb7-ef11-b8e9-6045bd048089	110	Loïc Fabrizi	M	M25-29	23	4:34:03	0:34:43	0:04:29	2:20:04	0:04:23	1:30:23	France	
a080fc4f-c0c1-46ce-9eff-8d897c55ca6a	111	Johannes Hille	M	M40-44	12	4:34:11	0:33:47	0:03:18	2:21:44	0:02:00	1:33:20	Germany	
2322d915-ff71-448a-a478-663004e6e98d	112	Florian Gill	M	M18-24	17	4:34:14	0:33:04	0:04:03	2:17:11	0:03:11	1:36:45	Germany	
1e2f7f36-914d-4d8a-a245-8dc6a443e584	113	Malene Jensen	F	F30-34	2	4:34:35	0:34:28	0:04:00	2:24:43	0:02:17	1:29:06	Denmark	
7d26cbe8-f992-4fd2-b523-2e822dea669b	114	Andreas Schirnick	M	M55-59	2	4:34:57	0:31:31	0:04:33	2:20:59	0:03:45	1:34:08	Germany	
802b4dc7-0b69-ef11-bfe3-000d3a37be46	115	Jonas Loebe	M	M18-24	18	4:35:02	0:31:02	0:06:31	2:10:00	0:04:03	1:43:26	Germany	
431bbf16-e8f9-eb11-94ef-0022480aaff1	116	Florian Minin	M	M35-39	19	4:35:02	0:38:54	0:04:02	2:20:12	0:03:22	1:28:31	France	
701d8394-89a5-4302-87e9-8421bd0ba4e1	117	Stephan Scheffler	M	M40-44	13	4:35:10	0:36:09	0:05:16	2:23:03	0:03:30	1:27:13	Germany	
96eb607e-bc5c-f011-bec2-6045bd05f634	118	Christopher Weigel	M	M30-34	24	4:35:24	0:30:38	0:04:04	2:19:49	0:04:11	1:36:43	Germany	
99b1aa92-01a9-44db-96d6-0609197c8faa	119	Steffen Urbansky	M	M40-44	14	4:35:25	0:34:05	0:05:17	2:25:29	0:02:30	1:28:04	Germany	
154557a4-af67-4aa4-b505-929477738ffd	120	David Kommer	M	M45-49	11	4:35:28	0:36:27	0:03:55	2:13:24	0:03:13	1:38:29	Germany	
32953542-709d-f011-b41c-6045bd05fcc1	121	Lukas Brem	M	M30-34	25	4:35:35	0:34:58	0:03:56	2:12:16	0:03:27	1:40:57	Germany	
dc202bf2-4190-ed11-aad1-000d3a31380b	122	Karsten Luecke	M	M50-54	3	4:35:48	0:32:49	0:04:02	2:28:25	0:02:37	1:27:55	Germany	
d44c306a-5fcb-ef11-b8e8-6045bd088264	123	Thomas Langthaler	M	M45-49	12	4:35:49	0:33:05	0:05:20	2:20:34	0:04:22	1:32:27	Liechtenstein	
e9f8cd9d-f693-f011-b4cc-000d3a35ffc1	124	Benjamin Dröse	M	M30-34	26	4:35:58	0:36:28	0:03:23	2:16:26	0:02:38	1:37:04	Germany	
a608f16e-73d4-f011-8544-000d3a5b50ba	125	Levent Oguz	F	M30-34	27	4:36:07	0:37:58	0:04:20	2:28:03	0:03:01	1:22:46	Belgium	
d16651e7-37a5-f011-bbd3-002248098cfa	126	Timo Remmele	M	M30-34	28	4:36:32	0:39:39	0:04:34	2:19:08	0:02:09	1:31:02	Germany	
f9039f21-fbe4-f011-8544-000d3a5cf7d8	127	Rene Bernhard	M	M45-49	13	4:36:38	0:36:01	0:04:28	2:23:07	0:03:56	1:29:07	Germany	
178c33c4-7d82-ef11-ac20-000d3a59a9a1	128	Christian Ott	M	M40-44	15	4:36:40	0:29:48	0:05:26	2:26:58	0:03:45	1:30:43	Germany	
7bdf8724-f577-461d-b766-6b834f79ffa3	129	Nicklas Træholt	M	M18-24	19	4:36:53	0:29:19	0:04:39	2:19:38	0:03:46	1:39:30	Denmark	
7692b68c-f5d5-f011-8544-000d3a35ffc1	130	Cosimo Schüler	M	M18-24	20	4:37:09	0:27:14	0:04:39	2:26:21	0:04:31	1:34:24	Germany	
360ca287-3379-46d3-843d-0b35dac13a8d	131	Stefan Møller	M	M35-39	20	4:37:09	0:32:43	0:04:37	2:18:48	0:03:38	1:37:22	Denmark	
2085d05c-87c8-ef11-b8e8-6045bd088264	132	Malte Wortmann	M	M30-34	29	4:37:18	0:28:35	0:03:29	2:07:36	0:03:18	1:54:20	Germany	
9406a46f-68a3-ef11-8a6a-000d3a338a3c	133	Robert Rostas	M	M45-49	14	4:37:33	0:38:33	0:05:22	2:20:38	0:03:42	1:29:19	United Kingdom	
101698fe-7ad0-f011-bbd3-000d3a5cf7d8	134	Bastian Renz	M	M35-39	21	4:37:35	0:34:13	0:06:46	2:23:20	0:05:06	1:28:10	Germany	
e64823fd-fc73-4f2b-af07-ee8250971120	135	Holger Ludwig	M	M55-59	3	4:37:44	0:25:48	0:03:53	2:30:04	0:03:22	1:34:38	Germany	
90a2bf76-3e25-f011-8c4e-6045bd05fcc1	136	Oliver Huber	M	M30-34	30	4:37:53	0:34:58	0:04:45	2:21:37	0:04:15	1:32:17	Germany	
f5b08797-ef3e-f011-b4cb-000d3a35ffc1	137	Scott Hennig	M	M18-24	21	4:37:58	0:33:15	0:03:22	2:17:33	0:03:02	1:40:46	Germany	
f5276474-9199-f011-b4cc-000d3a5b50ba	138	Tim Kleijwegt	M	M18-24	22	4:38:15	0:33:53	0:04:37	2:17:21	0:03:26	1:38:59	Netherlands	
9d47a1bd-0cfe-4ca7-afc0-387f3e5d1f41	139	Björn Godehardt	M	M40-44	16	4:38:26	0:29:08	0:05:54	2:15:01	0:03:11	1:45:13	Germany	
36b6b614-5d99-f011-b4cc-000d3a5b50ba	140	Josef Neumann	M	M50-54	4	4:38:35	0:38:15	0:04:51	2:26:17	0:03:39	1:25:34	Czech Republic	
eb0fced0-9ae1-f011-8543-6045bd05fcc1	141	Silas Rothe	M	M18-24	23	4:38:44	0:36:21	0:04:18	2:20:57	0:02:52	1:34:17	Germany	
8119b67d-dcaf-f011-bbd3-0022480a7385	142	Tobias Sauermann	M	M30-34	31	4:38:47	0:39:13	0:05:12	2:21:16	0:02:56	1:30:10	Germany	
1bfa2544-b8d2-f011-8543-000d3a5b5fc7	143	Deik Bernör	M	M18-24	24	4:39:42	0:35:12	0:05:52	2:25:04	0:03:01	1:30:32	Germany	
b1e77abb-29a9-f011-bbd3-6045bd05fcc1	144	Doris Bakker	F	F30-34	3	4:39:44	0:35:22	0:04:35	2:30:57	0:02:46	1:26:03	Netherlands	
85e8d501-cb9b-4d4f-b116-18df3dadfba8	145	Andrea Zamboni	M	M40-44	17	4:39:51	0:31:30	0:04:41	2:16:13	0:03:46	1:43:40	Italy	
9d67a856-1390-416e-8082-3f4eb8e03c7f	146	Jason Lord	M	M40-44	18	4:40:01	0:32:20	0:04:17	2:24:22	0:03:17	1:35:45	Australia	
38898a0f-708d-ef11-ac21-000d3a3126fd	147	Hannes Wolf	M	M35-39	22	4:40:05	0:37:24	0:03:44	2:20:57	0:02:52	1:35:07	Germany	
55110bff-1496-4a54-bafe-7caab1f79d9d	148	Jan Alshuth	M	M18-24	25	4:40:10	0:38:20	0:04:07	2:23:46	0:03:30	1:30:27	Germany	
75f25a52-0b77-ef11-a670-000d3a594c00	149	Boris Lichtner	M	M30-34	32	4:40:12	0:33:00	0:05:17	2:26:44	0:02:36	1:32:34	Germany	
254feb3e-7152-4693-9cfe-a19f3ff80b2e	150	Alexander Flunk	M	M40-44	19	4:40:22	0:31:53	0:05:55	2:20:00	0:04:07	1:38:27	Germany	
ff8e77ba-13c4-47fc-ab97-32ad4aceebce	151	Thomas Hammermeister	M	M50-54	5	4:40:31	0:39:48	0:04:15	2:23:28	0:03:02	1:29:59	Germany	
a57cb4c0-ced3-4689-be62-f87ae1ba25c8	152	Fabio Rota	M	M35-39	23	4:40:44	0:33:45	0:03:35	2:16:15	0:09:22	1:37:45	Italy	
f804ea77-c77e-47c4-b7d8-38d67a1dcee7	153	Jochen Damm	M	M50-54	6	4:40:57	0:32:38	0:04:37	2:27:06	0:03:32	1:33:04	Germany	
e3af2fd4-e793-479f-a663-2815da324422	154	Ann-Elen Mey	F	F25-29	3	4:41:01	0:30:43	0:04:06	2:28:15	0:02:30	1:35:26	Germany	
fb1990a8-aa96-f011-b4cc-000d3a5cf7d8	155	Lars Knoke	M	M55-59	4	4:41:04	0:36:13	0:03:46	2:17:14	0:02:31	1:41:21	Germany	
e8dd4af9-bee5-f011-8543-000d3a5b5fc7	156	Tim Ligthart	M	M25-29	24	4:41:09	0:33:06	0:06:36	2:31:58	0:05:17	1:24:12	Netherlands	
df0e6b5c-7297-ef11-8a69-000d3a5a403c	157	August Ribera Tornøe	M	M18-24	26	4:41:13	0:37:18	0:04:53	2:24:09	0:03:23	1:31:30	Denmark	
17468f1e-57ec-4b36-b581-a7b7c54feb0e	158	Markus Spoecker	M	M55-59	5	4:41:13	0:32:19	0:05:08	2:22:47	0:03:22	1:37:38	Germany	
ade98418-8d16-4de9-a67d-6deb897b2b4e	159	Stephan Schuldt	M	M40-44	20	4:41:16	0:30:08	0:03:21	2:18:50	0:02:13	1:46:43	Germany	
c9428e01-4a6d-43f4-9f37-4fbf91a4c83e	160	Emma Mohr	F	F18-24	1	4:41:31	0:32:56	0:03:38	2:27:55	0:02:16	1:34:46	Germany	
b4243fae-f0e4-4be7-8e11-ad95aa14040c	161	Michal Vostrel	M	M35-39	24	4:42:00	0:29:46	0:03:35	2:29:07	0:02:21	1:37:11	Czech Republic	
6c21b849-c3e7-f011-8544-000d3a5b50ba	162	Dominic Mocker	M	M30-34	33	4:42:04	0:34:56	0:05:11	2:25:48	0:02:39	1:33:30	Germany	
8cbbe6f7-c093-f011-b4cc-0022480c097c	163	Christopher Dale	M	M30-34	34	4:42:21	0:35:28	0:04:08	2:24:17	0:02:12	1:36:16	Germany	
7a744762-c093-f011-b4cc-6045bd09951e	164	Daniel John	M	M25-29	25	4:42:22	0:36:03	0:05:14	2:27:37	0:04:26	1:29:01	Germany	
3c7c3594-fed8-f011-8543-000d3a5b5fc7	165	Lukas Kozub	M	M30-34	35	4:42:30	0:37:39	0:04:51	2:27:46	0:03:21	1:28:52	Germany	
235e094d-c393-f011-b4cc-000d3a5b50ba	166	Lucas Klink	M	M25-29	26	4:42:46	0:34:42	0:04:46	2:23:30	0:03:53	1:35:55	Germany	
87a87e7d-8209-4abc-8d20-a511f862465c	167	Maurice Stephan	M	M18-24	27	4:42:48	0:31:13	0:04:02	2:25:39	0:04:16	1:37:37	Germany	
0acc4816-9ec1-f011-bbd2-000d3a370b81	168	Valentin Palzenberger	M	M18-24	28	4:42:49	0:36:51	0:05:13	2:20:55	0:03:06	1:36:43	Austria	
a4f82e5a-cf75-ef11-a670-000d3a33bf80	169	Tristan Pauck	M	M18-24	29	4:42:53	0:36:12	0:04:51	2:21:25	0:03:11	1:37:13	Germany	
752d76a1-8a9e-ef11-8a69-000d3a5a403c	170	Nico Heß	M	M25-29	27	4:43:00	0:34:53	0:03:26	2:25:16	0:02:40	1:36:46	Germany	
17d9e4e8-3b3a-4a18-ba66-4fee74d9152a	171	Thomas Pöche	M	M40-44	21	4:43:07	0:35:01	0:04:05	2:25:46	0:02:48	1:35:27	Germany	
08584fd0-4a1b-4f00-b70e-0d8c3fec718c	172	Jeremy Leglise	M	M40-44	22	4:43:14	0:37:23	0:03:51	2:23:32	0:03:59	1:34:30	Belgium	
84aa8a5c-5226-4807-bc31-0d9f509ac22d	173	Signe Teuber Seger	F	F40-44	1	4:43:24	0:36:17	0:04:19	2:23:52	0:03:34	1:35:23	Denmark	
3bdf58ee-09db-45ed-ad17-93562efc9c0d	174	Christine Becker	F	F35-39	3	4:43:43	0:28:45	0:02:36	2:27:36	0:02:38	1:42:08	Germany	
f9145eea-d63a-f011-b4cc-000d3a5b50ba	175	David Ackerley	M	M45-49	15	4:43:50	0:37:47	0:07:29	2:16:12	0:04:43	1:37:39	United Kingdom	
19d0513e-b752-48a0-9926-531d030d9b14	176	Gert-Jan Stroetinga	M	M50-54	7	4:43:52	0:36:50	0:04:27	2:26:02	0:02:58	1:33:35	Netherlands	
bb584de7-9c07-4444-aadb-98b8cfa329b6	177	Paul Prehl	M	M35-39	25	4:43:55	0:41:55	0:05:12	2:18:22	0:02:43	1:35:42	Germany	
4dd8dc03-0f99-ef11-8a6a-000d3a59a9a1	178	Alper Güldali	M	M25-29	28	4:44:04	0:33:16	0:04:19	2:21:37	0:03:15	1:41:37	Germany	
2e196691-4376-ea11-a811-000d3a5a1bfb	179	Andre Kluge	M	M45-49	16	4:44:11	0:39:59	0:05:34	2:23:26	0:04:32	1:30:40	Germany	
82b1c0f0-1f3d-4904-8c5c-91344343f3aa	180	Michael Mark	M	M50-54	8	4:44:20	0:37:36	0:03:32	2:14:29	0:04:35	1:44:09	Denmark	
82e89bf1-d4d5-f011-8543-000d3a5b5fc7	181	Ilias Kemalidis	M	M30-34	36	4:44:31	0:33:27	0:05:25	2:24:45	0:03:59	1:36:55	Germany	
927f7f9d-08b0-4847-b62d-ef0bb1ff446a	182	Tim Lange	M	M35-39	26	4:44:38	0:38:04	0:03:56	2:23:16	0:02:57	1:36:25	Germany	
f9244094-f091-4c4b-b2fb-5a943b5bec41	183	Mischa Wolf	M	M35-39	27	4:44:42	0:39:04	0:04:22	2:17:44	0:03:18	1:40:14	Germany	
77b15715-2b27-42e5-84a4-258bbcecb0af	184	Emmanuel Höfer	M	M25-29	29	4:44:48	0:40:01	0:05:22	2:25:44	0:02:55	1:30:46	Germany	
9fe7ab6e-36cd-ef11-b8e9-000d3a5a1803	185	Chenoix Jayson	M	M30-34	37	4:44:49	0:38:59	0:05:19	2:20:15	0:02:47	1:37:28	Belgium	
da8653f8-bc93-f011-b4cc-0022480a7385	186	Patric Birr	M	M40-44	23	4:45:04	0:30:42	0:04:00	2:27:09	0:02:45	1:40:28	Germany	
e2dafaa5-260b-447a-85ab-c2b1532c0bbd	187	Coralie Andorf	F	F18-24	2	4:45:05	0:31:40	0:03:10	2:29:09	0:02:35	1:38:32	Germany	
a2fc74f2-4236-4c1e-af45-15d00f757cac	188	Mike Wegener	M	M35-39	28	4:45:08	0:31:18	0:03:58	2:22:37	0:02:38	1:44:37	Germany	
206cc5b0-4a96-f011-b4cc-6045bd05fcc1	189	Alex Duro	M	M35-39	29	4:45:12	0:35:11	0:04:50	2:28:55	0:03:25	1:32:51	Spain	
5dbc7e11-28b8-f011-bbd3-6045bd09951e	190	Thijmen van Hoof	M	M25-29	30	4:45:12	0:36:37	0:04:29	2:27:44	0:02:21	1:34:01	Netherlands	
791e0302-4099-f011-b4cc-000d3a5cf7d8	191	Jonte Bertram	M	M18-24	30	4:45:13	0:32:35	0:04:03	2:22:39	0:03:42	1:42:14	Germany	
0b966df1-f891-426b-be17-678ba78da6d8	192	Tom Ryom Jensen	M	M50-54	9	4:45:15	0:30:49	0:03:45	2:20:56	0:02:29	1:47:16	Denmark	
2f567580-b57f-4578-9f8f-5e4b1b69da8c	193	Andreas Rasmussen	M	M30-34	38	4:45:22	0:38:55	0:03:13	2:15:20	0:03:01	1:44:52	Denmark	
1114a817-ddcc-ef11-b8e8-000d3a5a403c	194	Tim Paulick	M	M25-29	31	4:45:28	0:36:01	0:04:31	2:24:45	0:02:29	1:37:42	Germany	
1247cb14-25b3-f011-bbd2-000d3a303d9d	195	Soenke Voges	M	M45-49	17	4:45:31	0:35:24	0:03:41	2:22:15	0:04:14	1:39:58	Germany	
c0a6df70-e5d6-472e-ae6e-bcdaf1490409	196	Lotte Braamhaar	F	F25-29	4	4:45:38	0:34:03	0:04:17	2:28:28	0:02:10	1:36:40	Netherlands	
61420048-1fdf-f011-8544-000d3a5cf7d8	197	Jonas Walker	M	M25-29	32	4:45:56	0:37:37	0:05:46	2:23:43	0:04:26	1:34:25	Germany	
c1eddbf6-b682-f011-b4cc-000d3a3173b5	198	Joran Sadon	M	M25-29	33	4:45:57	0:35:56	0:05:50	2:21:01	0:04:03	1:39:07	Netherlands	
8fffaf09-47e2-f011-8543-000d3a5b5fc7	199	Kjell Lüders	M	M18-24	31	4:46:02	0:36:08	0:05:51	2:27:14	0:04:31	1:32:18	Germany	
079dfe0c-de6e-ef11-a671-6045bd010fe7	200	Leoni Friedel	F	F18-24	3	4:46:26	0:33:39	0:03:02	2:29:34	0:01:58	1:38:13	Switzerland	
73438f25-79b7-41c4-9a16-33213dde364f	201	Björn Becker	M	M50-54	10	4:46:27	0:34:36	0:05:48	2:29:13	0:03:55	1:32:55	Austria	
5b4aafa9-6dc6-4e3e-a0f2-b4f7db73ecb2	202	William Giger	M	M40-44	24	4:46:28	0:37:29	0:03:14	2:22:43	0:02:57	1:40:06	Switzerland	
5be58c79-f9b0-42cb-b7f9-9977793a0685	203	Aldo Corso	M	M50-54	11	4:46:32	0:38:04	0:07:21	2:19:13	0:04:21	1:37:35	Italy	
c0f6b5ca-ecce-f011-bbd3-6045bd09951e	204	Sebastian Schwab	M	M35-39	30	4:46:38	0:36:53	0:06:17	2:27:03	0:03:22	1:33:03	Germany	
4890194a-a5ec-ef11-9342-000d3a592251	205	Carsten Krüger	M	M40-44	25	4:46:39	0:41:54	0:04:53	2:30:06	0:02:37	1:27:08	Germany	
59152e30-1cd9-f011-8544-000d3a5cf7d8	206	Srinivasan Rajendran	M	M30-34	39	4:46:40	0:34:55	0:03:19	2:26:11	0:04:06	1:38:09	Germany	
3d5a8bad-99ae-4300-9899-c8b07e0ca46b	207	Gabriel Levaillant	M	M25-29	34	4:46:41	0:32:43	0:03:55	2:28:19	0:03:14	1:38:29	France	
6db9bb78-e2dc-f011-8544-0022480a7385	208	Magdalena Bucher	F	F25-29	5	4:47:08	0:39:46	0:07:30	2:29:14	0:05:34	1:25:04	Germany	
e646928d-bd67-f011-bec3-6045bd09951e	209	Pieter Sluijter	M	M25-29	35	4:47:19	0:27:18	0:03:59	2:32:27	0:03:12	1:40:23	Netherlands	
ef148441-84e8-4e73-af3c-897603e17bc2	210	Nicolas Schreiber	M	M35-39	31	4:47:23	0:37:11	0:06:43	2:32:15	0:03:00	1:28:16	Germany	
34133f19-f2f0-41a9-96f3-dea4a1b20413	211	Jakob Baumgartner	M	M18-24	32	4:47:29	0:34:25	0:03:15	2:23:53	0:02:45	1:43:10	Germany	
e79bc61c-f8d9-f011-8544-000d3a3173b5	212	Tom Hamelink	M	M25-29	36	4:47:30	0:32:21	0:05:09	2:22:25	0:03:16	1:44:18	Netherlands	
68610b31-87b2-f011-bbd3-6045bd09951e	213	Jannik Theelen	M	M18-24	33	4:47:43	0:32:03	0:04:55	2:21:35	0:03:27	1:45:44	Germany	
9cc36ac0-4270-ef11-a672-00224809fd7c	214	Georg Bucher	M	M30-34	40	4:47:51	0:35:02	0:04:08	2:20:40	0:05:23	1:42:38	Austria	
20a93f7c-f093-f011-b4cc-6045bd05f634	215	Julian-Morris Mues	M	M18-24	34	4:47:52	0:34:42	0:04:05	2:26:30	0:02:52	1:39:43	Germany	
97702174-ebee-f011-8407-6045bd09fcf5	216	Lukas Lottner	M	M18-24	35	4:47:56	0:36:10	0:04:24	2:29:39	0:04:47	1:32:56	Germany	
ff9d5762-f976-4b36-8def-cc413aa46002	217	Paul Schindler	M	M25-29	37	4:48:01	0:31:01	0:05:21	2:36:12	0:03:48	1:31:38	Sweden	
74d7dc30-397a-ee11-8179-000d3a314c24	218	Richard Davies	M	M45-49	18	4:48:01	0:35:44	0:07:03	2:25:32	0:03:35	1:36:08	United Kingdom	
456cdbb1-e9ed-441c-820f-09536e46f4b7	219	Bernadett Selent	F	F35-39	4	4:48:02	0:37:43	0:03:39	2:24:20	0:02:09	1:40:12	Germany	
815a253c-f483-ef11-ac21-000d3a59a9a1	220	Robin Arkell	M	M35-39	32	4:48:16	0:34:17	0:05:12	2:37:21	0:04:08	1:27:18	South Africa	
46eb65fc-c2b4-f011-bbd3-002248098cfa	221	Michal Kastner	M	M18-24	36	4:48:20	0:35:40	0:05:05	2:15:24	0:02:57	1:49:14	Czech Republic	
ed531ef7-ec3d-f011-b4ca-000d3a5cf7d8	222	Patrik Ronschke	M	M18-24	37	4:48:46	0:34:00	0:04:01	2:17:55	0:02:08	1:50:42	Germany	
88c9dad5-fdac-f011-bbd3-000d3a3173b5	223	Caroline Wilkins	F	F40-44	2	4:48:49	0:34:10	0:04:07	2:34:22	0:03:01	1:33:09	United Kingdom	
f076fcac-d712-4119-b989-64630a96453c	224	Benjamin Kraus	M	M25-29	38	4:48:53	0:36:08	0:05:07	2:23:47	0:04:03	1:39:50	Germany	
345119b3-55e3-4e2b-a1ac-c88a9141b759	225	Liam Sheridan	M	M30-34	41	4:49:04	0:38:44	0:03:44	2:26:35	0:03:55	1:36:05	Ireland	
777374c3-79b2-f011-bbd3-000d3a3173b5	226	Hollie Saunders	F	F25-29	6	4:49:06	0:29:39	0:04:32	2:34:18	0:02:26	1:38:11	United Kingdom	
baef1408-899e-f011-b41c-6045bd05f634	227	Christian Bornhoff	M	M18-24	38	4:49:11	0:37:25	0:05:00	2:26:21	0:03:31	1:36:54	Germany	
5016569a-9b75-ef11-a670-000d3a5d50b6	228	Dennis Richter	M	M30-34	42	4:49:23	0:34:34	0:03:51	2:24:37	0:03:43	1:42:38	Germany	
279df634-3f53-f011-877a-6045bd05f634	229	Somar Mkdad	M	M25-29	39	4:49:26	0:35:07	0:04:12	2:26:49	0:03:51	1:39:28	Germany	
b1c2120e-054d-f011-877a-6045bd09951e	230	Felix Heimberg	M	M30-34	43	4:49:28	0:38:47	0:04:23	2:20:01	0:03:35	1:42:41	Germany	
4916dac8-60e9-f011-8544-000d3a35ffc1	231	Marc Baenkler	M	M18-24	39	4:49:35	0:40:15	0:05:40	2:26:03	0:03:30	1:34:08	Andorra	
6b4c8f05-9454-4b6d-ac23-4e5f36ecb3c6	232	Sebastian Möller-Petter	M	M35-39	33	4:49:41	0:34:32	0:05:22	2:26:51	0:02:41	1:40:16	Germany	
43f04e14-2b3a-f011-b4cc-000d3a5b7c3b	233	Richard Brázda	M	M50-54	12	4:49:43	0:39:05	0:06:39	2:29:39	0:04:18	1:30:02	Czech Republic	
9a40d7af-0cd9-f011-8544-000d3a5b7c3b	234	Sebastian Wessel	M	M25-29	40	4:49:43	0:46:23	0:05:16	2:18:36	0:04:57	1:34:31	Germany	
8307b349-44ab-f011-bbd3-000d3a3173b5	235	Jacob Fransen	M	M25-29	41	4:49:49	0:33:38	0:07:07	2:24:16	0:04:26	1:40:21	Denmark	
c8ff7076-8dd0-f011-8543-000d3a595c50	236	Sebastian Simmel	M	M25-29	42	4:49:55	0:38:24	0:05:20	2:24:04	0:04:08	1:38:00	Germany	
3e37d24c-ae98-f011-b4cc-000d3a5cf7d8	237	Michel Diester	M	M35-39	34	4:50:02	0:36:33	0:03:59	2:29:38	0:02:34	1:37:18	Germany	
290ecb91-2eea-f011-8543-6045bd05fcc1	238	Julius Walch	M	M18-24	40	4:50:06	0:37:22	0:03:24	2:26:30	0:03:38	1:39:11	United States	
a8ec3bd7-c7d9-4e45-8284-168b4d7b05f3	239	Elvis Januškevicius	M	M35-39	35	4:50:06	0:37:24	0:04:25	2:24:13	0:02:06	1:41:58	Lithuania	
366c91c8-8bbb-ef11-b8e8-000d3a5ae96c	240	Timo Dreger	M	M40-44	26	4:50:10	0:38:31	0:06:57	2:22:24	0:06:13	1:36:05	Germany	
84c39e4c-72d4-f011-8544-6045bd09951e	241	Julia Winther Riedel	F	F18-24	4	4:50:13	0:35:06	0:04:04	2:34:01	0:02:30	1:34:32	Denmark	
57da56b9-eda6-4bc7-a162-2a6f29a33193	242	Patrick Strauss	M	M40-44	27	4:50:25	0:32:58	0:04:39	2:17:50	0:03:50	1:51:08	Germany	
6748ee67-db12-4546-bc7a-9216c8e872e9	243	Torsten Pohlmann	M	M50-54	13	4:50:28	0:38:17	0:04:55	2:28:55	0:04:15	1:34:07	Germany	
7f24524a-c9d3-4f9a-a98f-3fa396da2a06	244	André Ide	M	M45-49	19	4:50:29	0:35:20	0:06:45	2:19:08	0:05:06	1:44:09	Germany	
08db77ee-86b4-4698-a94d-74f5a0daccb2	245	Andreas Krohn	M	M45-49	20	4:50:31	0:30:53	0:03:50	2:24:21	0:03:33	1:47:53	Germany	
a0bef09b-45d0-f011-bbd3-000d3a3173b5	246	Max Bressel	M	M30-34	44	4:50:34	0:39:38	0:07:21	2:24:32	0:05:19	1:33:44	Germany	
9f66d1b0-1b17-f011-998a-000d3a35ffc1	247	Floris van den Dungen Bille	M	M18-24	41	4:50:39	0:40:28	0:10:43	2:21:37	0:04:14	1:33:37	Netherlands	
456103f4-5c15-46c8-bc5e-2a5158a91c83	248	Kees van de Wetering	M	M60-64	1	4:50:40	0:32:39	0:03:25	2:26:10	0:02:54	1:45:32	Netherlands	
c798a6aa-fcbb-ef11-b8e9-000d3a30152c	249	Timo Kraft	M	M25-29	43	4:50:40	0:40:16	0:06:47	2:29:16	0:04:02	1:30:19	Eswatini	
fc609621-12e5-f011-8543-000d3a5b5fc7	250	Enrico Ohnemueller	M	M30-34	45	4:50:40	0:36:51	0:06:27	2:28:41	0:04:11	1:34:30	Germany	
054ceb44-beb0-4c4f-be59-f4496ee92c07	251	Jakob Kudlinski	M	M45-49	21	4:50:41	0:41:05	0:04:53	2:21:51	0:03:18	1:39:34	Germany	
5dea45f4-6d1d-4f67-9fe6-daaca9ff8f88	252	Sven Wolff	M	M50-54	14	4:50:42	0:33:36	0:04:39	2:28:27	0:04:33	1:39:27	Germany	
10e9e3f0-7484-49a0-957d-0a5258f4034e	253	Mark Van Ooij	M	M45-49	22	4:50:45	0:33:01	0:04:50	2:30:40	0:03:03	1:39:11	Netherlands	
a2c5d0a1-ef93-f011-b4cc-000d3a3173b5	254	Felix Kleinert	M	M18-24	42	4:50:46	0:36:12	0:04:27	2:31:10	0:03:56	1:35:01	Germany	
480379d4-24b8-4547-a191-55da0855cea1	255	Mirco Meyer	M	M40-44	28	4:50:51	0:33:05	0:06:06	2:24:19	0:04:24	1:42:56	Germany	
04a4fcc6-f3ab-ef11-b8e9-000d3a3bee86	256	Yannick Kull	M	M25-29	44	4:50:51	0:40:18	0:05:31	2:23:44	0:03:31	1:37:47	Germany	
8e20e195-6767-4239-893c-d26619f2d8a3	257	David Kudrna	M	M45-49	23	4:50:57	0:37:18	0:05:35	2:32:55	0:02:37	1:32:32	Czech Republic	
df23a212-9f93-ef11-8a6a-000d3a5a1803	258	Moritz Don	M	M25-29	45	4:51:01	0:34:22	0:04:51	2:27:52	0:04:08	1:39:48	Germany	
8d755a72-bcf2-f011-8407-0022480c097c	259	Jan Felix Böckendorf	M	M25-29	46	4:51:04	0:37:09	0:05:56	2:30:40	0:04:44	1:32:36	Germany	
6d155139-b584-4a43-9270-8dfa42ed2e44	260	Marcus Hertkorn	M	M35-39	36	4:51:06	0:35:32	0:04:00	2:26:25	0:02:51	1:42:18	Germany	
e19546b1-0a1b-44d1-bae3-cb83dc28ab61	261	Karol Wolk	M	M35-39	37	4:51:07	0:39:25	0:06:24	2:29:19	0:06:11	1:29:48	Poland	
53a585ec-8515-4fec-9256-df052d38e44a	262	Samuel Skytt	M	M25-29	47	4:51:10	0:33:20	0:05:22	2:33:12	0:03:58	1:35:18	Denmark	
f375c762-8175-ef11-a670-0022480aa71e	263	Christopher Schmahl	M	M30-34	46	4:51:18	0:39:24	0:03:23	2:22:42	0:03:16	1:42:33	Germany	
38c4102a-44cd-f011-bbd3-000d3a5b50ba	264	Joachim Schwab	M	M30-34	47	4:51:40	0:36:44	0:06:24	2:29:04	0:04:16	1:35:12	Germany	
6a8d9558-f841-484a-bd05-0a042ab5557f	265	Fausto Acernese	M	M40-44	29	4:51:43	0:40:53	0:04:59	2:26:00	0:02:12	1:37:39	Italy	
9bf1ac80-c093-f011-b4cc-6045bd05f634	266	Cevin Siepmann	M	M25-29	48	4:51:50	0:36:24	0:04:45	2:29:02	0:03:30	1:38:09	Germany	
be3a5d38-be93-f011-b4cc-000d3a5cf7d8	267	Paul Becker	M	M18-24	43	4:51:55	0:39:47	0:05:00	2:28:12	0:02:52	1:36:05	Germany	
f90e34f2-6c94-f011-b4cc-0022480a7385	268	Malte Jas	M	M35-39	38	4:52:01	0:37:58	0:04:03	2:30:17	0:03:48	1:35:54	Germany	
59590543-5495-f011-b4cc-6045bd05fcc1	269	Daniel Topolanek	M	M30-34	48	4:52:07	0:34:49	0:04:59	2:26:53	0:03:02	1:42:23	Austria	
ba550acb-2da9-f011-bbd3-000d3a5cf7d8	270	Erik Koningen	M	M30-34	49	4:52:13	0:43:57	0:06:51	2:27:51	0:04:00	1:29:34	Netherlands	
3521f8ef-43c6-42d6-a205-4a4bc21c52a9	271	Fred Whitfield	M	M35-39	39	4:52:17	0:39:23	0:04:43	2:29:56	0:04:03	1:34:12	United Kingdom	
bd289bc3-e69a-4365-82a4-8ca331c27b48	272	Marcel Vogler	M	M40-44	30	4:52:32	0:36:38	0:03:53	2:27:48	0:03:19	1:40:55	Germany	
45640943-f375-49ff-89cc-18f7edafde9f	273	Marcel Levin	M	M45-49	24	4:52:40	0:33:17	0:06:37	2:24:26	0:03:26	1:44:54	Germany	
a97710b4-e1c9-4fd6-99e1-455f01b03498	274	Alexander Thumwood	M	M30-34	50	4:52:44	0:29:25	0:04:17	2:36:22	0:02:36	1:40:05	Belgium	
63c1acdb-15e8-45e7-aa73-41bfc086d3e7	275	Mauricio Escamilla	M	M30-34	51	4:52:46	0:41:57	0:03:31	2:28:50	0:03:25	1:35:03	Mexico	
6518c57c-da97-f011-b4cc-6045bd09951e	276	André Rygiert	M	M30-34	52	4:52:56	0:46:24	0:08:18	2:19:24	0:04:54	1:33:56	Germany	
c52b7558-1255-4a6d-8fca-3418119d3136	277	Christian Schanz	M	M45-49	25	4:52:58	0:35:54	0:06:13	2:29:21	0:06:24	1:35:06	Germany	
3a89a34d-1547-421e-9c41-be6794e01ef4	278	Tobias Herbst	M	M45-49	26	4:53:01	0:37:06	0:05:55	2:23:23	0:03:20	1:43:19	Germany	
ad7cc28e-f1b8-f011-bbd2-00224808b75f	279	Nick Kutschke	M	M25-29	49	4:53:05	0:34:53	0:04:52	2:32:11	0:04:43	1:36:25	Germany	
749bd6b6-1c5f-45c2-9682-3e7d90aaeb3a	280	William Hall	M	M35-39	40	4:53:05	0:39:12	0:05:11	2:31:31	0:03:15	1:33:56	United States	
8ad0ebb4-1a50-ef11-a317-6045bd0953ac	281	Rasmus Nørgaard	M	M25-29	50	4:53:09	0:33:16	0:05:30	2:28:57	0:03:10	1:42:17	Denmark	
cdc6326d-7aa3-f011-bbd3-6045bd09951e	282	Thijs Weurman	M	M25-29	51	4:53:11	0:38:47	0:05:20	2:32:04	0:03:33	1:33:27	Belgium	
2f1c810e-5b90-4ab3-b1f4-b399171da2d2	283	Stephan Sinn	M	M40-44	31	4:53:20	0:42:16	0:04:33	2:24:55	0:03:45	1:37:51	Germany	
404d601b-25a1-f011-bbd3-002248098cfa	284	Kim Østergaard Nielsen	M	M35-39	41	4:53:23	0:41:26	0:05:00	2:23:43	0:02:30	1:40:43	Denmark	
49fc9ccc-97ad-f011-bbd3-000d3a5cf7d8	285	Denise Hoffmann	F	F18-24	5	4:53:25	0:26:47	0:03:47	2:39:31	0:02:57	1:40:23	Germany	
fb78ac35-a1bd-f011-bbd3-000d3a3173b5	286	Finn Kraft	M	M18-24	44	4:53:25	0:32:53	0:06:00	2:32:05	0:04:57	1:37:30	Switzerland	
b65674f9-736c-4bf0-bf81-daf455a43c88	287	Thomas Berger	M	M40-44	32	4:53:33	0:34:26	0:04:58	2:27:08	0:04:16	1:42:46	Germany	
3144d333-8f5e-f011-bec2-000d3a35ffc1	288	Valerian Weiß	M	M25-29	52	4:53:36	0:29:44	0:04:08	2:24:54	0:04:09	1:50:40	Germany	
755578ae-cfcc-44d3-8bfd-ae4a8ca87451	289	Adrian Schwarz	M	M30-34	53	4:53:37	0:36:42	0:05:11	2:27:05	0:03:15	1:41:23	Germany	
7700fe00-cea4-4eed-ab97-10a642cd6251	290	Marcin Preidl	M	M45-49	27	4:53:47	0:33:50	0:05:49	2:30:36	0:06:13	1:37:18	Germany	
46588721-7299-f011-b4cc-000d3a5cf7d8	291	Finn Rüb	M	M25-29	53	4:53:47	0:36:57	0:04:42	2:27:37	0:02:19	1:42:13	Germany	
6bbdb964-dbe6-462d-9fa5-b7571b830697	292	Robin Sy	M	M25-29	54	4:53:58	0:38:21	0:05:35	2:28:07	0:04:29	1:37:25	Germany	
fc12dd64-028f-f011-b4cc-000d3a35ffc1	293	Rebeka Rehakova	F	F18-24	6	4:53:58	0:32:33	0:04:21	2:31:33	0:03:02	1:42:28	Czech Republic	
fce32140-2a9a-ef11-8a6a-002248049fdc	294	Peter Neuböck	M	M30-34	54	4:53:59	0:38:24	0:06:56	2:24:54	0:05:17	1:38:29	Austria	
7c7e3c39-6d83-f011-b4cc-6045bd05fcc1	295	Denis Hirschinger	M	M18-24	45	4:54:03	0:33:41	0:05:36	2:34:36	0:04:26	1:35:44	Germany	
2dc1cd75-138a-4cbe-b30a-3c16ea165fda	296	Christian Sigl	M	M40-44	33	4:54:03	0:33:22	0:04:34	2:25:27	0:03:55	1:46:45	Germany	
2b796769-ef93-f011-b4cc-000d3a35ffc1	297	Christoph Rittstieg	M	M35-39	42	4:54:04	0:34:46	0:05:18	2:20:54	0:02:26	1:50:41	Germany	
32f0cbb9-3a97-f011-b4cc-6045bd09951e	298	Sven Lehmann	M	M40-44	34	4:54:07	0:32:51	0:05:12	2:27:45	0:02:35	1:45:45	Germany	
6f01db73-1f67-4a6c-9255-a0ab0ce475bc	299	Daniela Lichtenstein	F	F35-39	5	4:54:12	0:33:56	0:03:24	2:31:04	0:03:18	1:42:31	Germany	
b90c60a9-82ea-f011-8544-6045bd05f634	300	Kristyna Cade	F	F18-24	7	4:54:13	0:33:48	0:05:00	2:35:03	0:03:13	1:37:08	United Kingdom	
e51549d4-44e5-f011-8544-000d3a3173b5	301	Luca Sliwinski	M	M30-34	55	4:54:14	0:41:06	0:04:15	2:25:34	0:03:18	1:40:02	Germany	
4784f4cc-b2e9-f011-8544-000d3a5b50ba	302	Milan Jalový	M	M40-44	35	4:54:20	0:31:43	0:06:56	2:31:21	0:04:30	1:39:51	Czech Republic	
4b68db3f-1a9d-407b-b60c-17310ad1040e	303	Emilio Dirlikov	M	M40-44	36	4:54:21	0:31:16	0:04:48	2:37:28	0:03:03	1:37:46	Mozambique	
adea87d1-6243-ee11-bdf4-000d3a314ae2	304	Rene Spiegelberger	M	M50-54	15	4:54:31	0:31:33	0:04:17	2:34:04	0:03:52	1:40:45	United States	
5c22b755-cf93-f011-b4cb-6045bd0a1bec	305	Max Dometzky	M	M25-29	55	4:54:41	0:34:46	0:03:46	2:36:59	0:03:52	1:35:18	Germany	
2930c63e-8095-f011-b4cc-000d3a5b50ba	306	Bastian Sossalla	M	M40-44	37	4:54:43	0:43:34	0:04:49	2:25:35	0:02:46	1:37:58	Germany	
d56ec77b-9395-f011-b4cc-6045bd09951e	307	Patrick Geybels	M	M50-54	16	4:54:47	0:39:49	0:06:07	2:26:04	0:03:05	1:39:43	Belgium	
c8751d75-bbd2-ef11-8ee9-6045bd018d16	308	Yannik Ruch	M	M25-29	56	4:54:48	0:36:18	0:05:32	2:28:04	0:04:56	1:39:58	Germany	
392f9d94-0fb8-f011-bbd3-000d3a35ffc1	309	Markus Durst	M	M45-49	28	4:54:49	0:30:08	0:04:51	2:32:23	0:04:55	1:42:32	Germany	
f17d71cc-c293-f011-b4cb-6045bd0a1bec	310	Kevin Kolbow	M	M40-44	38	4:54:54	0:39:50	0:04:08	2:25:33	0:02:48	1:42:35	Germany	
add79335-8fd2-f011-8543-000d3a5b5fc7	311	Mateusz Tomaszewski	M	M30-34	56	4:54:54	0:38:41	0:05:16	2:23:56	0:03:15	1:43:45	Poland	
f9c16eb5-2628-4479-9c22-0216b0d59e65	312	Andreas Wicovsky	M	M45-49	29	4:54:56	0:33:25	0:04:27	2:32:00	0:04:18	1:40:45	Germany	
b673f47c-73d6-f011-8544-000d3a5b50ba	313	Moritz Dorau	M	M18-24	46	4:54:58	0:32:25	0:03:43	2:43:34	0:02:40	1:32:37	Germany	
37ecdfd8-a437-4515-99bf-7180802b8b1f	314	Fleur Hiensch	F	F30-34	4	4:55:05	0:31:55	0:04:08	2:30:54	0:03:03	1:45:06	Netherlands	
e5567078-079f-4795-8187-42f5fef386b9	315	Sarina Martens	F	F35-39	6	4:55:15	0:35:54	0:04:20	2:32:29	0:02:33	1:39:59	Germany	
83aec6a0-488b-402f-b7c0-ba90013d9bcb	316	Marc Trösken	M	M35-39	43	4:55:18	0:35:01	0:04:01	2:22:59	0:04:42	1:48:35	Germany	
b1487569-76f2-40d8-9720-1550b979d013	317	Sandra Wirth	F	F45-49	2	4:55:37	0:28:14	0:03:17	2:29:41	0:02:57	1:51:28	Germany	
cb8b29db-a337-47cd-9170-dd56c66cfc1e	318	Sebastian Harke	M	M45-49	30	4:55:38	0:39:09	0:06:57	2:26:48	0:04:42	1:38:03	Germany	
be6270b9-82d3-f011-8543-6045bd05fcc1	319	Fabian Greff	M	M35-39	44	4:55:46	0:35:59	0:05:17	2:23:48	0:04:12	1:46:30	Germany	
bbc34cdb-0ce4-488d-a590-1db7865e24bd	320	Benedikt Schenk	M	M25-29	57	4:55:52	0:31:42	0:04:44	2:36:28	0:03:58	1:39:00	Germany	
04f77ae8-8891-f011-b4cc-000d3a3173b5	321	Johannes Weigel	M	M30-34	57	4:55:54	0:35:39	0:05:07	2:29:05	0:05:00	1:41:04	Germany	
1d035579-5e99-f011-b4cc-000d3a5cf7d8	322	Carl William Rix	M	M25-29	58	4:56:00	0:39:07	0:05:19	2:30:50	0:03:11	1:37:33	Germany	
9c8d89e2-fc92-f011-b4cc-0022480a7385	323	Dominik Leo	M	M30-34	58	4:56:04	0:34:07	0:06:11	2:33:04	0:03:54	1:38:48	Germany	
cf3c36a3-35a5-f011-bbd3-000d3a5cf7d8	324	Patrick Maier	M	M25-29	59	4:56:08	0:37:35	0:04:13	2:24:39	0:03:27	1:46:13	Germany	
09968248-593f-418f-8c79-dd7b9a7abc14	325	Morten Kragh	M	M40-44	39	4:56:10	0:40:01	0:06:04	2:25:17	0:02:54	1:41:55	Denmark	
f96cd055-77c1-4b20-abfe-692cf2557b9c	326	Robert Sikora	M	M55-59	6	4:56:13	0:34:18	0:06:01	2:24:19	0:03:23	1:48:12	Germany	
c39042f8-b376-f011-b4cc-6045bd05fcc1	327	Robin Kaminski	M	M25-29	60	4:56:18	0:38:27	0:03:39	2:23:42	0:03:06	1:47:25	Germany	
685cff2d-14bf-f011-bbd3-0022480c097c	328	Joseph Aherne	M	M25-29	61	4:56:31	0:37:12	0:04:54	2:38:59	0:03:49	1:31:36	United Kingdom	
2d63060a-160b-4e15-b6db-44468ffc967a	329	Filip Mikus	M	M35-39	45	4:56:33	0:37:20	0:05:19	2:29:56	0:03:46	1:40:12	Slovakia	
e02ca730-b8c4-4fc1-820a-6ce71edbe5af	330	Vasco Wolfgramm	M	M50-54	17	4:56:49	0:44:59	0:04:30	2:27:47	0:02:50	1:36:44	Germany	
ef7f29e1-09be-f011-bbd2-000d3a5b7c3b	331	Ghiot Augustin	M	M18-24	47	4:57:00	0:41:30	0:06:00	2:22:48	0:03:46	1:42:57	Belgium	
d31f0731-9e98-4757-bca1-63e4d1a93e11	332	Bob Rekkers	M	M60-64	2	4:57:02	0:33:49	0:03:50	2:23:24	0:05:30	1:50:29	Netherlands	
e43ede3b-7f08-4128-9bd8-8c6823a4063a	333	Andre Gaylard	M	M50-54	18	4:57:03	0:38:45	0:07:21	2:37:00	0:03:07	1:30:51	Germany	
9e8c39c3-bc5c-f011-bec2-6045bd09951e	334	Tobias Pfeiffer	M	M35-39	46	4:57:11	0:38:58	0:04:33	2:30:01	0:02:35	1:41:04	Germany	
2b320b20-e2cb-4dbe-b3bc-e1b577e5fd3e	335	Hayco Beelen	M	M45-49	31	4:57:31	0:38:31	0:06:00	2:30:33	0:05:22	1:37:05	Netherlands	
54db304f-1573-495e-ae47-0fbebf7ca73a	336	Nick Reimer	M	M25-29	62	4:57:42	0:31:36	0:04:43	2:37:20	0:04:44	1:39:19	Germany	
5a65265f-3199-f011-b4cc-6045bd05fcc1	337	Jannis Liebig	M	M18-24	48	4:57:47	0:42:55	0:05:11	2:28:40	0:02:25	1:38:36	Germany	
e2928d2f-9295-f011-b4cc-6045bd05fcc1	338	Malte Paul	M	M45-49	32	4:57:51	0:36:07	0:04:02	2:24:46	0:03:38	1:49:18	Germany	
27e527a2-7f3c-4ed2-bea9-0d2e4938c9e2	339	Michael Nyholm	M	M55-59	7	4:58:16	0:36:45	0:06:26	2:23:10	0:07:38	1:44:16	Denmark	
0ff5c94f-a5dc-f011-8544-0022480a7385	340	Jasmin Possiel	F	F25-29	7	4:58:24	0:35:49	0:02:41	2:39:40	0:04:40	1:35:34	Germany	
81994cdd-30df-f011-8544-000d3a5b50ba	341	Timo Sachs	M	M25-29	63	4:58:24	0:38:21	0:05:47	2:29:33	0:04:00	1:40:43	Germany	
875ec9a6-540e-4530-8b15-2a354499e49f	342	Noel Magun	M	M18-24	49	4:58:25	0:29:23	0:02:57	2:24:18	0:04:23	1:57:24	Switzerland	
3dbf9ef3-a674-ed11-81ab-000d3a314ae2	343	Alejandro Cesar Gonzalez	M	M50-54	19	4:58:41	0:35:58	0:05:02	2:30:28	0:03:33	1:43:40	Argentina	
9509497a-bedd-f011-8543-000d3a5b5fc7	344	Torsten Schröder	M	M55-59	8	4:58:43	0:34:25	0:03:57	2:33:02	0:04:30	1:42:49	Germany	
2cfa88bc-383a-f011-b4cc-6045bd09951e	345	Edgar Block	M	M40-44	40	4:58:43	0:37:10	0:04:50	2:24:44	0:03:37	1:48:23	Germany	
4fdda6bf-ebe7-f011-8544-0022480a7385	346	Florian Veen	M	M25-29	64	4:58:46	0:37:47	0:07:55	2:36:32	0:05:01	1:31:31	Germany	
27eca6f5-caa1-ef11-8a6a-000d3a5a1803	347	Oleg Polovynko	M	M40-44	41	4:58:49	0:36:36	0:04:45	2:28:54	0:04:36	1:43:58	Ukraine	
3c5d2239-bac7-f011-bbd3-6045bd05fcc1	348	Lennart Robens	M	M18-24	50	4:58:52	0:41:04	0:05:00	2:27:49	0:02:51	1:42:07	Germany	
e28391dd-88ae-49d9-8f2f-4a553b6d5b74	349	Jan Havel	M	M40-44	42	4:58:58	0:34:21	0:03:44	2:29:32	0:06:30	1:44:50	Czech Republic	
8763e101-82a9-ef11-b8e9-000d3a5a1803	350	Max Stoop	M	M25-29	65	4:59:00	0:40:44	0:06:08	2:30:37	0:04:16	1:37:14	Netherlands	
0d81dda5-45e3-4ee3-a3c8-868f707f67a3	351	Marco Schmidt	M	M55-59	9	4:59:04	0:34:56	0:06:22	2:27:32	0:04:35	1:45:39	Germany	
6ba3fb69-7bad-45ca-8e3b-81326004cb18	352	Wiebke Arkenau	F	F40-44	3	4:59:07	0:39:51	0:05:08	2:26:03	0:04:17	1:43:48	Germany	
c2c01d29-05be-ef11-b8e8-6045bd088264	353	Mikhail Leshchenko	M	M18-24	51	4:59:10	0:33:03	0:04:24	2:36:48	0:02:29	1:42:26	Germany	
a4f6c921-e7d8-f011-8544-000d3a3173b5	354	Till bergmann	M	M18-24	52	4:59:13	0:36:36	0:04:53	2:36:10	0:04:58	1:36:36	Germany	
c16531e1-50f5-f011-8406-0022480994c2	355	Hannes Podzun	M	M35-39	47	4:59:15	0:46:43	0:05:50	2:30:15	0:04:09	1:32:18	Germany	
ac6ece90-1e36-4f80-b85a-e01d8532ad7c	356	Marcel Spaan	M	M35-39	48	4:59:18	0:33:37	0:04:16	2:25:50	0:02:58	1:52:36	Germany	
80ff00e0-7de9-f011-8544-000d3a3173b5	357	Fabian Traub	M	M25-29	66	4:59:19	0:35:37	0:04:23	2:34:44	0:03:25	1:41:11	Germany	
10df52de-dad9-f011-8544-000d3a5cf7d8	358	Jessie Heeman	F	F25-29	8	4:59:19	0:40:52	0:05:44	2:28:18	0:04:54	1:39:31	Netherlands	
3cb015f5-85ed-444b-916c-b2355f0d3693	359	Karsten Kummer	M	M40-44	43	4:59:20	0:43:14	0:04:47	2:30:17	0:04:18	1:36:44	Germany	
3ef1142e-3866-f011-bec2-000d3a3659e5	360	Kevin Tichy	M	M25-29	67	4:59:25	0:35:24	0:05:19	2:34:48	0:03:50	1:40:03	Denmark	
c8596517-92a0-4f64-9fe1-76d4a1917c6f	361	Laura Viehöfer	F	F35-39	7	4:59:32	0:37:53	0:02:56	2:27:38	0:03:05	1:48:01	Germany	
8a54832d-8125-48a3-a644-124dd4265426	362	Daniel Finck	M	M35-39	49	4:59:35	0:34:57	0:05:29	2:34:16	0:04:37	1:40:16	Germany	
5f797d14-7694-f011-b4cc-000d3a5b7c3b	363	Jonas Krah	M	M30-34	59	4:59:39	0:33:46	0:05:31	2:28:36	0:03:36	1:48:09	Germany	
69eb9cf0-3278-f011-b4cb-000d3a5b7c3b	364	Simon Le Cadre	M	M25-29	68	4:59:44	0:34:18	0:04:20	2:40:24	0:02:44	1:37:58	France	
be79a1b2-df5d-49f4-90d3-c952aeffe9d9	365	Leon Twelsiek	M	M30-34	60	4:59:46	0:36:29	0:05:25	2:34:04	0:02:46	1:41:03	Germany	
26c4dd8f-0aeb-f011-8543-000d3a5b5fc7	366	Libor Pozníček	M	M35-39	50	4:59:50	0:37:39	0:05:42	2:35:19	0:03:59	1:37:11	Czech Republic	
fe498522-fc72-f011-bec2-002248098cfa	367	Magnus Legahn	M	M18-24	53	4:59:53	0:39:59	0:05:01	2:18:39	0:02:49	1:53:25	Denmark	
76a0b5dd-77de-f011-8544-000d3a5b50ba	368	Ruben Imminkhuizen	M	M30-34	61	4:59:58	0:35:58	0:05:07	2:25:47	0:04:59	1:48:07	Netherlands	
44743a8f-6b7f-4a87-8a48-965a111a940b	369	Marcel Egger	M	M55-59	10	5:00:02	0:36:02	0:05:17	2:25:04	0:04:52	1:48:47	Switzerland	
3fa2b29b-30eb-f011-8543-6045bd05fcc1	370	Daan De Vos	M	M18-24	54	5:00:04	0:33:43	0:05:52	2:23:21	0:04:29	1:52:38	Belgium	
e1b1ebef-d99a-f011-b4cc-000d3a5b50ba	371	Adolfas Gelgota	M	M30-34	62	5:00:06	0:36:55	0:03:48	2:39:20	0:02:20	1:37:44	Lithuania	
b632f432-9ceb-f011-8544-000d3a35ffc1	372	Jan Lucas Ferschke	M	M25-29	69	5:00:11	0:29:24	0:02:45	2:27:13	0:02:58	1:57:52	Germany	
26776981-b3e5-47cf-b4d3-4794d18413ba	373	Emily Mücklich	F	F18-24	8	5:00:11	0:36:30	0:04:07	2:33:38	0:02:45	1:43:12	Germany	
df83e6da-9ce9-f011-8544-000d3a35ffc1	374	Kevin Fricke	M	M35-39	51	5:00:14	0:34:28	0:07:47	2:32:17	0:05:20	1:40:22	Germany	
79f3f6d0-2bdd-4099-a017-d3bcb9a713c0	375	Sarah Schnurr	F	F25-29	9	5:00:14	0:34:39	0:04:29	2:35:34	0:07:32	1:38:01	Germany	
f590739a-321a-401d-b55b-4e39bff10ca2	376	Marlow Blonde	M	M25-29	70	5:00:16	0:36:53	0:06:44	2:35:01	0:04:56	1:36:42	United Kingdom	
f54a38ec-7585-4074-bcce-d64e291e914e	377	Matthias Pelster	M	M40-44	44	5:00:17	0:30:46	0:03:04	2:39:52	0:05:27	1:41:08	Germany	
79a71176-0b79-4d13-a234-7146cc2252e1	378	Jon Sigfusson	M	M50-54	20	5:00:17	0:33:19	0:07:10	2:32:05	0:06:26	1:41:17	Denmark	
b417b579-2ddf-f011-8543-000d3a5b5fc7	379	Kristian Lønvig	M	M18-24	55	5:00:17	0:37:51	0:06:05	2:33:53	0:04:31	1:37:57	Denmark	
fd8944d2-2a28-4f27-bd34-f33662f9ad64	380	Philipp Rittgen	M	M25-29	71	5:00:23	0:36:09	0:05:21	2:20:03	0:05:23	1:53:28	Germany	
c7724249-cd69-4695-9c08-3dc89dfa3c2d	381	Enrique Pardo	M	M40-44	45	5:00:24	0:44:57	0:04:59	2:36:36	0:06:37	1:27:16	Colombia	
a62b7b1a-b46f-ef11-a671-00224808301f	382	Kai Stöberl	M	M25-29	72	5:00:26	0:40:09	0:06:57	2:26:17	0:03:59	1:43:04	Germany	
f0b746c7-d86a-475b-b115-968fb23398dc	383	Marcel Baltes	M	M35-39	52	5:00:28	0:40:11	0:04:04	2:27:53	0:03:47	1:44:32	Germany	
3a50bb7a-247b-4c44-8caf-1f53cb5e3526	384	Kevin Herzog	M	M45-49	33	5:00:36	0:36:21	0:05:42	2:21:33	0:04:18	1:52:43	Germany	
50796a27-18a2-f011-bbd3-000d3a3173b5	385	Benjamin Holland	M	M25-29	73	5:00:37	0:35:56	0:06:19	2:25:17	0:04:42	1:48:24	United Kingdom	
17d68a76-4095-f011-b4cc-0022480a7385	386	Ben Ocker	M	M18-24	56	5:00:40	0:35:19	0:03:52	2:31:50	0:05:31	1:44:08	Germany	
eb2fa619-4866-4b44-a205-1c6a22357b6f	387	Kirsty Odds	F	F40-44	4	5:00:42	0:30:19	0:03:36	2:39:02	0:02:40	1:45:05	United Kingdom	
e1d1d056-6c8c-410b-a000-fad14474835c	388	Julia Buschkamp	F	F25-29	10	5:00:44	0:33:35	0:05:05	2:35:26	0:04:44	1:41:53	Germany	
671bc5fa-9da1-48ab-8022-ee8e9ecc9a50	389	Katja Köhler	F	F40-44	5	5:00:45	0:33:35	0:04:12	2:33:57	0:03:39	1:45:22	Germany	
27e23ea7-e7ef-f011-8406-00224804c237	390	Daniela Beer	M	M55-59	11	5:00:49	0:36:30	0:04:08	2:32:08	0:03:32	1:44:31	Czech Republic	
67b7e2d1-c267-f011-bec3-000d3a3173b5	391	Iwona Jaruzel-Hans	F	F35-39	8	5:00:49	0:37:30	0:05:48	2:38:04	0:02:41	1:36:45	Poland	
a870b376-a2e8-f011-8544-000d3a3173b5	392	Tim Valks	M	M25-29	74	5:00:49	0:36:13	0:06:13	2:32:28	0:05:07	1:40:48	Netherlands	
66201ddd-ffa4-ef11-8a6a-000d3a338a3c	393	Michelle Martin	F	F45-49	3	5:00:50	0:35:35	0:05:47	2:33:08	0:03:26	1:42:54	Germany	
e93c0dce-c6f0-49cd-90a7-f59d0f58d090	394	Stéphane MALET	M	M50-54	21	5:00:55	0:36:10	0:04:53	2:26:39	0:03:39	1:49:33	France	
b3a2904d-71e6-45f9-b49a-4095a9f9b502	395	Stephan Ehl	M	M55-59	12	5:00:58	0:34:07	0:04:01	2:25:22	0:04:11	1:53:17	Germany	
ac6030a7-ce54-4100-b7e6-ce3878dcd8db	396	Steffen Konetzki	M	M45-49	34	5:00:59	0:39:09	0:06:03	2:25:02	0:04:12	1:46:33	Germany	
e2ee7176-44e7-f011-8544-6045bd09951e	397	Marlon Hafner	M	M25-29	75	5:01:07	0:35:51	0:04:36	2:28:49	0:03:41	1:48:09	Germany	
985ac9c6-f7d5-f011-8543-000d3a5c43a0	398	Ferdinand Schockenhoff	M	M35-39	53	5:01:22	0:42:58	0:06:39	2:24:23	0:03:53	1:43:30	Germany	
53d7d1d3-819b-f011-b41c-6045bd05fcc1	399	Philip Graszynski	M	M18-24	57	5:01:26	0:34:05	0:04:39	2:31:28	0:03:17	1:47:58	Germany	
ffa696eb-1ca3-ef11-8a6a-000d3a595b58	400	Yannick Jorens	M	M25-29	76	5:01:27	0:37:46	0:09:01	2:29:44	0:07:46	1:37:10	Belgium	
8dabc73d-7045-473e-8b5b-a743bb18627b	401	Lisa Hofheinz	F	F35-39	9	5:01:29	0:31:46	0:04:31	2:31:59	0:03:07	1:50:06	Uganda	
5bcff88d-6599-f011-b4cc-6045bd09951e	402	Peter Joe Rix	M	M18-24	58	5:01:30	0:42:52	0:06:49	2:27:57	0:05:14	1:38:38	Germany	
a738c1d2-d5a2-f011-bbd3-000d3a5b50ba	403	Hendrik Beyer	M	M30-34	63	5:01:38	0:41:12	0:05:14	2:20:44	0:06:19	1:48:09	Germany	
b434b7a4-e197-4a49-8ce9-b567e96e3ca0	404	Falk Mueller	M	M50-54	22	5:01:40	0:33:57	0:05:46	2:30:46	0:04:52	1:46:20	Germany	
f7492220-2c71-ef11-a671-000d3a371e3b	405	Jan Zeinstra	M	M40-44	46	5:01:41	0:36:17	0:03:59	2:25:14	0:02:43	1:53:29	Netherlands	
53b8fcb0-19c3-f011-bbd3-6045bd09951e	406	Janine Zeugner	F	F45-49	4	5:01:50	0:34:26	0:04:14	2:34:47	0:02:28	1:45:55	Germany	
783efc14-bbeb-f011-8543-000d3a5b5fc7	407	Lewin Fischer	M	M18-24	59	5:02:03	0:35:49	0:04:43	2:33:08	0:04:04	1:44:18	Austria	
8f770513-a8e8-f011-8543-6045bd05fcc1	408	Jessica Schraml	F	F30-34	5	5:02:09	0:35:36	0:05:08	2:32:51	0:03:12	1:45:22	Germany	
76d79396-5693-4813-a127-30606367f7d3	409	Gordon Gerlach	M	M50-54	23	5:02:11	0:37:47	0:04:17	2:32:40	0:02:27	1:45:00	Germany	
8e16b1bf-9f00-42ab-8c0f-dc6926079730	410	Mario Zerbe	M	M40-44	47	5:02:15	0:40:44	0:05:47	2:25:35	0:05:07	1:45:02	Germany	
61ed8137-34c2-4a6e-9608-b19487c9282a	411	Andy Gläsmann-Sturm	M	M45-49	35	5:02:19	0:34:41	0:06:13	2:27:04	0:04:47	1:49:34	Germany	
d549be66-8444-4857-b19f-ea2cab320620	412	Emily Schubert	F	F25-29	11	5:02:28	0:34:57	0:04:24	2:39:24	0:02:41	1:41:02	Germany	
15574431-afb6-4846-9737-56480e58f13a	413	Leon Eckert	M	M25-29	77	5:02:31	0:33:45	0:07:18	2:33:26	0:03:44	1:44:18	Germany	
1b55e9c9-c193-f011-b4cc-6045bd09951e	414	Christopher Metz	M	M35-39	54	5:02:40	0:33:28	0:03:44	2:23:19	0:04:53	1:57:16	Germany	
5bf444a5-ee90-4b12-8097-cae34dff9953	415	Joao Ladeira	M	M50-54	24	5:02:52	0:49:27	0:05:34	2:25:09	0:04:18	1:38:24	Portugal	
930131a3-1284-4601-9e79-acef2ec24fee	416	Cord Hecker	M	M50-54	25	5:02:52	0:38:56	0:04:36	2:31:42	0:06:39	1:41:00	Germany	
2ea08d53-e4cd-f011-bbd3-000d3a5b7c3b	417	Johannes Drayß	M	M35-39	55	5:02:57	0:36:07	0:05:14	2:36:48	0:05:17	1:39:31	Germany	
f095a90e-f1ec-f011-8544-6045bd015e4c	418	Oliver Renner	M	M18-24	60	5:03:00	0:30:53	0:04:18	2:28:26	0:04:44	1:54:38	Germany	
2038492e-7f85-f011-b4cc-000d3a5b50ba	419	Marcus Harrington	M	M25-29	78	5:03:09	0:41:31	0:04:45	2:22:04	0:02:54	1:51:55	Ireland	
d413454d-00c2-f011-bbd3-000d3a5cf7d8	420	Noah Aita	M	M18-24	61	5:03:18	0:34:58	0:04:01	2:31:15	0:03:44	1:49:20	Germany	
ff8e64e5-fc93-f011-b4cb-6045bd0a1bec	421	Kai Lamping	M	M30-34	64	5:03:22	0:36:12	0:04:59	2:32:02	0:03:46	1:46:23	Germany	
34bde0aa-0470-457a-bb58-0098c929fb2a	422	Benny Bosman	M	M45-49	36	5:03:22	0:38:05	0:06:40	2:26:05	0:04:08	1:48:24	Netherlands	
e0b9502e-34d1-f011-8543-000d3a3aec92	423	Maja Löbbecke	F	F18-24	9	5:03:22	0:37:09	0:04:51	2:30:26	0:03:02	1:47:54	Germany	
702ffd5e-f795-43f5-a221-535eec0deacd	424	Sebastian Seiffarth	M	M45-49	37	5:03:23	0:39:33	0:04:26	2:26:55	0:02:55	1:49:33	Germany	
c3d8f720-61e4-48f3-9055-58f8d4850b95	425	Julian Haupt	M	M35-39	56	5:03:23	0:39:31	0:05:00	2:16:07	0:03:49	1:58:56	Germany	
738e6c00-faa4-4faf-a6ce-c6b9893b2cd6	426	Stanislav Zhadan	M	M50-54	26	5:03:31	0:36:04	0:04:07	2:32:41	0:03:55	1:46:45	Ukraine	
bf467e3a-89e9-426b-b1b3-21b2b82b9973	427	Christoph Hussmann	M	M50-54	27	5:03:35	0:37:05	0:05:26	2:29:27	0:04:00	1:47:37	Germany	
7d17808d-21a3-ef11-8a69-6045bd018d16	428	Viacheslav Zadonskiy	M	M35-39	57	5:03:38	0:32:56	0:05:29	2:29:21	0:03:59	1:51:53	Germany	
1a917f35-c917-459d-a989-57dac5b76792	429	Markus Wicovsky	M	M45-49	38	5:03:46	0:32:34	0:04:00	2:33:35	0:03:55	1:49:42	Germany	
4efe1ff4-ab40-4032-b9e2-22dc41697fdc	430	Juergen Kroeber	M	M50-54	28	5:04:01	0:41:50	0:05:50	2:24:06	0:05:07	1:47:07	Germany	
2c131560-fa0c-4bb7-92a6-8d3ea10a214b	431	Axel Huuck	M	M45-49	39	5:04:01	0:39:33	0:06:26	2:28:31	0:03:30	1:46:01	Germany	
a2acc7ca-91d2-f011-8544-000d3a3173b5	432	Helge Kämmle	M	M45-49	40	5:04:08	0:33:56	0:04:49	2:37:57	0:04:39	1:42:48	Germany	
2126acb5-5196-f011-b4cc-6045bd05f634	433	Annabella Faul	F	F18-24	10	5:04:13	0:34:59	0:04:09	2:40:42	0:04:47	1:39:36	Germany	
f794e869-0e46-f011-877a-000d3a5b7c3b	434	Georgi Litivnov	M	M30-34	65	5:04:15	0:37:04	0:04:36	2:33:21	0:02:16	1:46:59	Ukraine	
ff011905-4a91-4c2f-95eb-3bf704f53939	435	Marco Stadler	M	M50-54	29	5:04:16	0:46:13	0:06:02	2:21:37	0:04:29	1:45:57	Switzerland	
bd3bd7a8-b48c-4686-8776-ab87c354ed7b	436	Pavel Jakl	M	M40-44	48	5:04:21	0:35:48	0:03:59	2:28:02	0:03:18	1:53:14	Czech Republic	
aab9bd46-e93d-f011-b4ca-000d3a5b7c3b	437	carolina gomez baumgartner	F	F18-24	11	5:04:23	0:29:11	0:03:00	2:46:29	0:02:14	1:43:29	Austria	
ce3302e4-3c9d-f011-b41c-6045bd09951e	438	Alexander Ehrling	M	M18-24	62	5:04:38	0:35:10	0:04:26	2:31:31	0:04:41	1:48:50	Germany	
fd9c9a9b-be6c-f011-bec2-7ced8d3b672f	439	Marcel Schulz	M	M35-39	58	5:04:39	0:41:22	0:06:23	2:37:12	0:03:34	1:36:08	Germany	
5ca9e56d-29e0-f011-8543-000d3a3b3ff7	440	Nick Roman	M	M25-29	79	5:04:40	0:37:19	0:06:27	2:37:53	0:03:43	1:39:18	United States	
b2ff9416-f372-496d-b0d7-c839f0f73074	441	Peer Görke	M	M55-59	13	5:04:46	0:37:52	0:06:49	2:31:09	0:04:25	1:44:31	Germany	
56442883-9e9f-f011-b41c-000d3a5b7c3b	442	Sindre Thompson	M	M30-34	66	5:04:51	0:37:07	0:05:20	2:32:54	0:05:15	1:44:15	Norway	
ba5e509a-53cb-4b6a-8d68-f43b53332599	443	Tomislav Tomljenovic	M	M35-39	59	5:05:01	0:42:50	0:07:09	2:28:35	0:05:53	1:40:33	Croatia	
f95fad15-96ec-f011-8544-0022480b738e	444	Daire Flavin	M	M18-24	63	5:05:05	0:34:12	0:05:22	2:36:52	0:04:17	1:44:22	Ireland	
93921dff-087f-4a70-91ad-0282572f6a18	445	Stefan Krall	M	M35-39	60	5:05:14	0:39:16	0:06:52	2:24:31	0:03:07	1:51:28	Austria	
62dbcb6c-5b9d-4caa-8b68-fec1520d8b6b	446	Aike Selent	M	M40-44	49	5:05:19	0:45:18	0:07:17	2:30:17	0:03:26	1:39:01	Germany	
9575ccdc-c693-f011-b4cc-000d3a35ffc1	447	Sebastian König	M	M40-44	50	5:05:21	0:39:31	0:05:25	2:38:37	0:02:55	1:38:54	Germany	
8007f3da-c781-4673-b8be-a5fcf3317896	448	Daniel Weise	M	M45-49	41	5:05:31	0:39:24	0:05:54	2:35:28	0:02:54	1:41:51	Germany	
ab77c25f-d2b2-4e72-ab59-1aa04b8d33d2	449	Sergi Gier Fortea	M	M25-29	80	5:05:32	0:35:20	0:05:10	2:44:59	0:04:52	1:35:10	Germany	
f65f1653-f398-4f26-ab6c-cf49e8ecf0f4	450	Oleg Konykhov	M	M30-34	67	5:05:33	0:35:03	0:04:09	2:40:30	0:03:36	1:42:16	Ukraine	
165bcdbd-6c32-49d9-85a3-a522bae65f35	451	René Rosso	M	M50-54	30	5:05:34	0:34:26	0:04:51	2:25:39	0:03:36	1:57:02	Germany	
0a5dbc6f-6055-ed11-bba3-000d3a314d17	452	Tim Wanner	M	M25-29	81	5:05:37	0:32:54	0:05:29	2:42:16	0:03:59	1:40:58	Germany	
78ca802e-baf7-4c00-aa3c-3e2e09d3a010	453	Maximilian Streit	M	M30-34	68	5:05:41	0:36:23	0:07:44	2:23:27	0:07:25	1:50:41	Germany	
17dc5608-dea2-f011-bbd3-000d3a5cf7d8	454	Francesco Mancuso	M	M30-34	69	5:05:42	0:41:30	0:05:24	2:31:20	0:04:07	1:43:21	Italy	
5a9708ea-7a5b-4cb1-939f-4eeba4533f32	455	Maarten de Vet	M	M35-39	61	5:05:44	0:32:30	0:04:37	2:28:09	0:04:01	1:56:27	Netherlands	
09f6ead5-299f-4ec3-b26b-184c49ab09f0	456	Ingo Lösche	M	M50-54	31	5:05:44	0:35:54	0:03:50	2:29:23	0:03:46	1:52:50	Germany	
28705433-5da1-f011-bbd3-000d3a5b50ba	457	Dennis Engelmann	M	M35-39	62	5:05:46	0:35:47	0:06:37	2:36:53	0:04:18	1:42:12	Germany	
cda2c715-4ca1-f011-bbd3-000d3a5b7c3b	458	Moritz Stockbrügger	M	M25-29	82	5:05:47	0:37:29	0:05:48	2:53:14	0:04:28	1:24:47	Germany	
eebcf10e-3b4b-4786-ada9-11b437e502f5	459	Simranjeet Singh Gill	M	M35-39	63	5:05:50	0:42:33	0:06:53	2:30:58	0:05:41	1:39:44	United Kingdom	
09126936-75ec-f011-8544-0022480c097c	460	Lukas Dirnberger	M	M25-29	83	5:05:52	0:48:53	0:08:15	2:21:18	0:05:11	1:42:15	Germany	
2301873d-abe8-f011-8544-6045bd09951e	461	Bernhard Stein	M	M40-44	51	5:05:53	0:45:03	0:07:12	2:29:47	0:06:13	1:37:39	Germany	
aa669023-1edf-f011-8544-000d3a5b7c3b	462	Naomi Heffernan	F	F35-39	10	5:05:54	0:35:21	0:04:29	2:38:20	0:02:07	1:45:37	United Kingdom	
6e4a8598-ed03-4880-84f3-c53fc1386c0c	463	Jack Lewars	M	M35-39	64	5:06:07	0:38:24	0:05:33	2:37:18	0:03:34	1:41:17	United Kingdom	
c8702a62-b9a1-f011-bbd3-000d3a3173b5	464	Jakob Feyer	M	M25-29	84	5:06:11	0:42:21	0:06:21	2:36:45	0:05:10	1:35:34	Germany	
8b5d1313-03bd-f011-bbd3-6045bd05fcc1	465	Adrian Breiter	M	M30-34	70	5:06:14	0:35:24	0:08:24	2:37:12	0:04:37	1:40:38	Germany	
31a4e6dc-01ce-f011-bbd3-000d3a5b50ba	466	Maxime Michaux	M	M25-29	85	5:06:25	0:37:20	0:04:00	2:37:38	0:04:01	1:43:25	Belgium	
7fe7300e-ee4d-f011-877a-6045bd09951e	467	André Hartmann	M	M40-44	52	5:06:31	0:36:05	0:06:04	2:25:04	0:04:00	1:55:18	Germany	
59cef2aa-3e96-f011-b4cc-000d3a5cf7d8	468	Christian Torben Heidtmann	M	M30-34	71	5:06:37	0:44:35	0:06:39	2:32:36	0:03:39	1:39:08	Germany	
ecea50f3-24d9-f011-8544-000d3a35ffc1	469	Manon Spruit	F	F30-34	6	5:06:38	0:35:00	0:03:36	2:26:44	0:02:26	1:58:53	Netherlands	
3a6d7613-cec3-f011-bbd3-0022480c097c	470	Moritz Lindow	M	M25-29	86	5:06:39	0:38:33	0:09:29	2:21:06	0:07:48	1:49:42	Germany	
8e722047-3265-ef11-bfe3-000d3a3b4ec1	471	Vincent Koks	M	M25-29	87	5:06:39	0:37:18	0:05:06	2:35:32	0:03:49	1:44:53	Luxembourg	
6f07b3de-f775-f011-b4cb-000d3a5b7c3b	472	Thomas Dieden	M	M25-29	88	5:06:39	0:35:50	0:05:28	2:39:52	0:03:50	1:41:40	Netherlands	
daf4c9d6-7299-f011-b4cc-000d3a5b7c3b	473	Julian Soldanski	M	M25-29	89	5:06:41	0:37:34	0:03:22	2:30:54	0:03:38	1:51:13	Germany	
5f8aff4c-508f-4a45-8436-e2d696cc2fe2	474	Chris Schmücker	M	M40-44	53	5:06:45	0:33:31	0:04:46	2:27:16	0:03:12	1:58:00	Denmark	
6054f504-68c1-f011-bbd2-000d3a370b81	475	Jesper Goertzen	M	M18-24	64	5:06:53	0:42:03	0:06:15	2:35:52	0:02:47	1:39:56	Netherlands	
ff07c9d2-66e3-f011-8544-000d3a5b7c3b	476	Lean Hamburg	F	F25-29	12	5:06:54	0:36:34	0:04:21	2:38:58	0:03:37	1:43:25	Netherlands	
bd7cdd0f-ead9-f011-8543-000d3a3791df	477	Viet Duc Dang	M	M40-44	54	5:06:54	0:41:47	0:06:46	2:30:42	0:06:04	1:41:36	Germany	
7c67edf2-e6ef-f011-8406-000d3a5b5fc7	478	Lennart Schuer	M	M25-29	90	5:06:59	0:29:10	0:05:55	2:28:21	0:04:48	1:58:45	Germany	
408a83c3-9a12-ef11-9f8a-000d3a314c24	479	Kemal Ulugbay	M	M45-49	42	5:07:03	0:35:46	0:05:50	2:35:56	0:04:23	1:45:07	Turkey	
6222146d-cdec-f011-8406-6045bd074bc4	480	Luca Spirgi	M	M30-34	72	5:07:04	0:40:00	0:04:58	2:30:31	0:05:00	1:46:36	Switzerland	
23958412-f1df-f011-8544-000d3a5cf7d8	481	Sina Pagel	F	F25-29	13	5:07:05	0:46:56	0:04:17	2:33:03	0:03:59	1:38:50	Germany	
7ae83c49-bfbd-4b89-9484-986d904055f2	482	Christoph Blickhan	M	M35-39	65	5:07:08	0:40:26	0:05:42	2:32:52	0:03:05	1:45:04	Germany	
d5f8e244-36bc-4ff9-82e5-135f4561754c	483	Allan Kirk	M	M55-59	14	5:07:13	0:36:33	0:06:20	2:39:32	0:02:50	1:41:58	United Kingdom	
5aaae78e-c293-f011-b4cb-6045bd0a1bec	484	Sebastian Seibt	M	M45-49	43	5:07:15	0:31:15	0:04:34	2:35:51	0:04:11	1:51:23	Germany	
99b55efd-f594-4151-bb03-161a74da3968	485	Jon Hegre	M	M55-59	15	5:07:23	0:40:44	0:05:41	2:25:06	0:04:44	1:51:07	Norway	
b5e87b39-48a8-f011-bbd3-6045bd05f634	486	Oliver Tibble	M	M25-29	91	5:07:26	0:55:03	0:05:11	2:26:24	0:04:25	1:36:24	United Kingdom	
bd6f30ed-6d88-ef11-ac21-000d3a338a3c	487	Barbara Kissing	F	F35-39	11	5:07:31	0:40:51	0:04:22	2:30:12	0:02:49	1:49:17	Germany	
b24278df-dde8-f011-8543-000d3a5b5fc7	488	Thorsten Bohnenberger	M	M30-34	73	5:07:31	0:36:34	0:06:29	2:19:24	0:04:35	2:00:29	Germany	
b9d5fea8-28ce-f011-bbd3-000d3a5cf7d8	489	Oliver Beckert	M	M30-34	74	5:07:36	0:32:20	0:05:22	2:29:11	0:04:24	1:56:18	Germany	
b3738fdc-7c17-4149-9964-2c6a513668e7	490	Thomas Wirth	M	M45-49	44	5:07:46	0:38:46	0:04:06	2:31:29	0:04:31	1:48:54	Germany	
94453453-b1a3-f011-bbd2-000d3a595e1f	491	Alexandros Zapartas	M	M30-34	75	5:07:49	0:35:44	0:03:28	2:33:39	0:03:48	1:51:10	Germany	
3b94a08f-cee7-f011-8544-000d3a5b7c3b	492	Daan De Vree	M	M18-24	65	5:07:58	0:36:59	0:09:29	2:32:22	0:06:14	1:42:53	Netherlands	
9b3eab97-37c0-42bb-9be7-2d9c2134e37a	493	Andreas Lehmann	M	M45-49	45	5:08:01	0:38:18	0:04:27	2:30:02	0:03:20	1:51:53	Germany	
a6a85758-9812-ef11-9f8a-002248044460	494	Philipp Schier	M	M45-49	46	5:08:04	0:43:36	0:05:05	2:34:36	0:02:39	1:42:08	Germany	
c9128ef7-1113-f011-9989-000d3a5cf7d8	495	Hanna Schemmer	F	F30-34	7	5:08:09	0:35:39	0:05:22	2:39:35	0:05:06	1:42:26	Germany	
11eb0172-5f96-f011-b4cc-000d3a5b50ba	496	Sophie Bünemann	F	F25-29	14	5:08:12	0:37:52	0:05:02	2:37:48	0:03:29	1:44:00	Germany	
942a3fe2-82b0-ec11-9840-000d3a5a3323	497	Andreas Hering	M	M50-54	32	5:08:17	0:37:29	0:06:27	2:35:04	0:04:46	1:44:32	Germany	
885c0a78-05a5-f011-bbd3-6045bd09951e	498	Maxi Lena Altermann	F	F18-24	12	5:08:21	0:33:13	0:04:19	2:39:03	0:04:06	1:47:40	Germany	
ede68f83-5c45-f011-8779-6045bd0871e8	499	Kevin Burghausen	M	M30-34	76	5:08:25	0:39:50	0:05:35	2:34:51	0:04:30	1:43:39	Germany	
f033edc4-e2ad-f011-bbd3-6045bd05fcc1	500	Matthias Kukorudz	M	M45-49	47	5:08:25	0:38:54	0:04:41	2:32:04	0:03:05	1:49:42	Germany	
d10c2fcb-a49d-4657-86dc-b8f8c1842b05	501	Sigurd Uyttebroek	M	M30-34	77	5:08:26	0:32:06	0:06:31	2:32:27	0:07:50	1:49:33	Belgium	
8a866712-b8bf-ef11-b8e9-000d3a5a1803	502	Marcella Oberst	F	F35-39	12	5:08:30	0:33:58	0:03:41	2:42:47	0:02:51	1:45:12	Germany	
3c06973c-bf93-f011-b4cc-6045bd05f634	503	Arne Beerberg	M	M25-29	92	5:08:30	0:39:48	0:04:30	2:28:55	0:04:13	1:51:04	Germany	
da720eb7-be93-f011-b4cb-6045bd0a1bec	504	Antonia Marie Kyeck	F	F25-29	15	5:08:33	0:42:01	0:05:27	2:41:09	0:05:44	1:34:13	Germany	
9eb12304-332b-43db-b9e0-13c5e0e42176	505	Bernhard Rehle	M	M60-64	3	5:08:35	0:38:31	0:07:08	2:28:19	0:05:48	1:48:50	Germany	
fbb8d8d4-49b7-473d-9649-10cac6b763f9	506	Sven Kopisch	M	M60-64	4	5:08:35	0:37:32	0:06:19	2:19:56	0:04:28	2:00:21	Germany	
68fa70c8-4fcf-f011-bbd2-000d3a5b5fc7	507	Simon Rezmer	M	M35-39	66	5:08:39	0:43:07	0:04:00	2:26:28	0:02:35	1:52:28	Germany	
39c9c892-9ebd-f011-bbd3-000d3a3173b5	508	Timon Rüb	M	M25-29	93	5:08:40	0:41:22	0:06:00	2:31:13	0:03:02	1:47:04	Germany	
302dfb78-3b74-ef11-a670-000d3a308d97	509	Stefanie Peter	F	M40-44	55	5:08:51	0:39:44	0:03:56	2:32:47	0:02:57	1:49:28	Germany	
4833354f-e743-445f-8398-587eb4d5580f	510	René Micheel	M	M50-54	33	5:08:55	0:43:30	0:05:40	2:27:46	0:04:05	1:47:55	Germany	
23ebdcee-cff5-4ea9-a703-89fe185eb929	511	Huxi Kongebech	M	M50-54	34	5:08:56	0:36:07	0:04:54	2:22:54	0:03:38	2:01:23	Denmark	
e9caaa23-52a4-475c-958a-144df474766f	512	Jan Schönke	M	M30-34	78	5:09:01	0:38:41	0:05:16	2:31:56	0:03:01	1:50:06	Germany	
3db0bafa-c293-f011-b4cc-6045bd09951e	513	Victor Nowotny	M	M18-24	66	5:09:03	0:35:40	0:07:50	2:38:24	0:04:45	1:42:24	France	
9b8b33c1-11ce-f011-bbd3-000d3a5cf7d8	514	Marco Hanna	M	M25-29	94	5:09:03	0:29:55	0:04:41	2:42:12	0:02:44	1:49:31	Austria	
c0c4fc6d-1d9e-f011-b41c-0022480c097c	515	Tician Boschert	M	M30-34	79	5:09:04	0:46:03	0:05:00	2:20:56	0:03:35	1:53:30	Germany	
4e98e4c6-cfc7-f011-bbd3-000d3a3173b5	516	Kate Smith	F	F30-34	8	5:09:06	0:37:28	0:03:37	2:33:32	0:02:33	1:51:55	New Zealand	
93cecc62-0cb5-f011-bbd3-0022480a7385	517	Gregor Mohr	M	M40-44	56	5:09:06	0:39:31	0:07:35	2:27:52	0:06:17	1:47:51	Germany	
a365908b-4c26-43ac-8692-bff9b83c8044	518	Yoran Joseph	M	M25-29	95	5:09:10	0:34:58	0:05:07	2:23:16	0:03:13	2:02:36	Belgium	
46ea798f-9200-4a30-b00e-666963549f99	519	Cansu Sakizligil	F	F30-34	9	5:09:23	0:41:19	0:04:29	2:31:10	0:04:08	1:48:18	Turkey	
31715c4c-8bd7-f011-8543-6045bd05fcc1	520	BMEN Hanenberg	F	F18-24	13	5:09:26	0:32:21	0:04:41	2:40:33	0:03:20	1:48:32	Unknown	
153cf11c-7cb3-f011-bbd3-6045bd09951e	521	William White	M	M25-29	96	5:09:33	0:35:16	0:04:30	2:43:38	0:03:21	1:42:47	United Kingdom	
0fbd745a-8064-f011-bec3-000d3a5b50ba	522	Marit Palisaar	F	F18-24	14	5:09:39	0:36:44	0:05:06	2:43:33	0:03:20	1:40:56	Germany	
8502b41a-f68e-f011-b4cc-6045bd05f634	523	Clara Iltgen	F	F30-34	10	5:09:44	0:44:20	0:04:40	2:42:02	0:04:30	1:34:12	Germany	
dbfba64b-09e6-4e49-be09-074b198ce994	524	Manuel Seidel	M	M35-39	67	5:09:48	0:38:14	0:06:34	2:43:09	0:02:34	1:39:17	Germany	
fa120011-26c3-f011-bbd3-000d3a5cf7d8	525	Lukas Nabbefeld	M	M30-34	80	5:09:59	0:43:49	0:06:04	2:21:20	0:04:02	1:54:44	Germany	
7efb6ee8-387e-4dba-af47-402046b8baf4	526	Bratislav Krastev	M	M35-39	68	5:10:09	0:35:37	0:11:31	2:30:36	0:07:58	1:44:27	Bulgaria	
93291f4c-caa6-f011-bbd3-000d3a5cf7d8	527	Edgar Meyerding	M	M30-34	81	5:10:09	0:37:05	0:04:01	2:37:26	0:03:19	1:48:18	Germany	
6e33ac9f-43d6-41b4-96f7-76130673ddfa	528	Andy Adams	M	M55-59	16	5:10:16	0:40:49	0:04:20	2:20:21	0:04:41	2:00:05	Germany	
e162568e-0aad-f011-bbd3-0022480c097c	529	Victor BRUAND	M	M25-29	97	5:10:18	0:34:12	0:08:45	2:46:57	0:04:39	1:35:45	Eswatini	
1ff48611-6ecd-f011-bbd2-000d3a5b5fc7	530	William Henrik Spring Pekilidi	M	M18-24	67	5:10:25	0:43:24	0:07:50	2:38:31	0:03:47	1:36:54	Denmark	
a04b8f16-846a-ee11-8df0-000d3a31406e	531	Phil Milton	M	M45-49	48	5:10:26	0:35:04	0:05:21	2:29:32	0:04:22	1:56:07	United Kingdom	
3226b840-72ed-f011-8544-0022480b738e	532	Jonas Döringer	M	M25-29	98	5:10:32	0:36:21	0:05:12	2:39:56	0:04:11	1:44:51	Germany	
1f29a1fa-e32e-41d7-a2ea-adcf104b2c56	533	Antonia Weber	F	F25-29	16	5:10:33	0:41:24	0:03:56	2:35:08	0:02:40	1:47:25	Germany	
f1521a27-5349-f011-877a-6045bd05f634	534	Franz Scharnweber	M	M25-29	99	5:10:34	0:36:22	0:04:05	2:31:43	0:03:37	1:54:47	Germany	
337e2dce-d5bd-ef11-b8e8-000d3a5a403c	535	Dirk Weber	M	M50-54	35	5:10:35	0:35:23	0:05:39	2:27:56	0:05:05	1:56:32	Germany	
7468c7a3-e0c4-f011-bbd3-000d3a35ffc1	536	Lukas Mitterwallner	M	M18-24	68	5:10:38	0:36:56	0:06:55	2:37:42	0:04:50	1:44:15	Austria	
936a77fe-aac3-4245-ac83-d763c8fa8cd5	537	Pascal Trouvé	M	M65-69	1	5:10:42	0:33:30	0:05:24	2:23:20	0:05:55	2:02:33	Belgium	
6a70e319-f497-4686-bade-5b6dc3e89d11	538	Julia Müller	F	F45-49	5	5:10:43	0:38:32	0:06:14	2:44:16	0:04:09	1:37:32	Germany	
7a1847f4-82f1-f011-8407-6045bd04a162	539	Loris Warmerdam badois	M	M18-24	69	5:10:56	0:36:13	0:05:16	2:44:26	0:03:29	1:41:33	Luxembourg	
e14000a2-b6f5-4ac9-b235-0fe739181165	540	David Ma	M	M30-34	82	5:11:07	0:35:44	0:05:38	2:34:11	0:05:39	1:49:55	Czech Republic	
16236134-9217-ef11-9f8a-6045bd012ace	541	Anatolii Konstantinov	M	M35-39	69	5:11:09	0:42:28	0:06:19	2:26:31	0:04:33	1:51:17	Netherlands	
eb1e3fdc-c793-f011-b4cc-6045bd05fcc1	542	Hannah Marienhagen	F	F25-29	17	5:11:16	0:36:48	0:04:01	2:40:39	0:04:51	1:44:56	Germany	
4468eb13-ebc6-f011-bbd2-0022480a3726	543	Stefan Kischel	M	M45-49	49	5:11:17	0:38:19	0:07:54	2:36:23	0:03:51	1:44:50	Germany	
8ae4aa2a-b5ad-f011-bbd3-000d3a5b50ba	544	Jill Knecht	F	M40-44	57	5:11:21	0:39:01	0:05:12	2:42:24	0:04:27	1:40:16	Germany	
0db544ea-4c6d-4f20-ab08-c5e0f6662593	545	Léo Morange	M	M25-29	100	5:11:23	0:37:38	0:05:05	2:33:10	0:06:01	1:49:29	Japan	
a6829401-04a2-ef11-8a69-6045bd018d16	546	Taron Miethling	M	M25-29	101	5:11:23	0:39:22	0:05:14	2:42:08	0:04:14	1:40:26	Germany	
7654bbf0-c9ef-f011-8407-6045bd04a162	547	Sam Jones	M	M35-39	70	5:11:30	0:36:23	0:06:40	2:35:59	0:03:34	1:48:54	United Kingdom	
3cf79ad2-e6c2-f011-bbd3-000d3a3173b5	548	Nils Brandt	M	M18-24	70	5:11:31	0:38:01	0:06:03	2:31:52	0:05:02	1:50:32	Germany	
a08eb789-e77f-f011-b4cc-000d3a5c3d6c	549	Martin Thorup Jensen	M	M25-29	102	5:11:32	0:39:21	0:04:23	2:32:57	0:03:23	1:51:28	Denmark	
03180463-42ac-ef11-b8e9-002248049fdc	550	René Schwarz	M	M30-34	83	5:11:33	0:44:14	0:05:44	2:32:24	0:04:07	1:45:04	Germany	
2763379e-889c-f011-b41c-000d3a5cf7d8	551	scott johnson	M	M25-29	103	5:11:35	0:38:37	0:05:04	2:40:29	0:03:11	1:44:14	United Kingdom	
a50a432e-3be9-f011-8544-000d3a5b7c3b	552	Jörn Kümmel	M	M30-34	84	5:11:39	0:38:52	0:07:07	2:39:19	0:05:25	1:40:55	Germany	
a3075452-e793-f011-b4cc-0022480c097c	553	Jakob Boehme	M	M18-24	71	5:11:42	0:45:41	0:06:16	2:23:34	0:04:54	1:51:17	Germany	
4ad0d024-8bc4-f011-bbd2-000d3a300765	554	anika busch		F25-29	18	5:11:47	0:37:52	0:05:10	2:38:32	0:03:32	1:46:41	Germany	
e83d6af6-f999-f011-b4cc-000d3a3173b5	555	Matteo Montagner	M	M35-39	71	5:12:01	0:39:54	0:07:26	2:33:19	0:06:03	1:45:18	Germany	
3310a871-76ae-f011-bbd3-000d3a5cf7d8	556	Silvio Baumgart	M	M50-54	36	5:12:10	0:41:22	0:05:37	2:30:04	0:05:02	1:50:04	Germany	
0ba1aa08-b1ba-f011-bbd2-000d3a5b7c3b	557	Tobias Cramer	M	M35-39	72	5:12:16	0:50:31	0:05:15	2:20:39	0:03:45	1:52:06	Germany	
5478f2a1-c8bf-f011-bbd2-000d3a5b7c3b	558	Evano Fredericko Ticoalu	M	M18-24	72	5:12:18	0:28:45	0:04:18	2:42:41	0:04:04	1:52:30	Belgium	
7c443ac7-6c89-f011-b4cc-000d3a5b7c3b	559	Moritz Hafner	M	M25-29	104	5:12:19	0:33:29	0:04:43	2:34:52	0:04:46	1:54:29	Germany	
8ae5527e-8ce5-f011-8543-6045bd05fcc1	560	Charlotte Rechtien	F	F25-29	19	5:12:34	0:46:00	0:05:03	2:38:48	0:04:58	1:37:45	Germany	
6be41482-9aa5-f011-bbd3-6045bd05fcc1	561	Nico Meyer	M	M35-39	73	5:12:44	0:40:26	0:06:16	2:37:29	0:04:25	1:44:07	Germany	
7d4341fd-43dc-f011-8544-6045bd09951e	562	Hugo Preusting	M	M18-24	73	5:12:49	0:36:12	0:06:46	2:35:26	0:04:59	1:49:26	Netherlands	
4d50d080-6835-41a7-9924-98c6a53dfeb1	563	Andreas Hildebrandt	M	M40-44	58	5:12:49	0:41:37	0:03:34	2:30:45	0:04:47	1:52:04	Germany	
8af2de43-0078-ee11-8179-000d3a31406e	564	Freja Hansen	F	F35-39	13	5:12:51	0:34:19	0:04:38	2:35:50	0:04:29	1:53:35	Denmark	
cefa7e91-39c3-f011-bbd3-0022480a7385	565	Rowan Iwankiw	M	M18-24	74	5:12:52	0:51:36	0:06:39	2:23:20	0:07:05	1:44:11	Belgium	
021a006f-0dcd-ef11-b8e9-000d3a5a1803	566	Sven Leineke	M	M18-24	75	5:13:01	0:43:56	0:06:40	2:22:24	0:05:35	1:54:26	Germany	
c0fac6ba-290e-f011-9988-000d3a5b50ba	567	Joey Belshof	M	M30-34	85	5:13:03	0:35:49	0:06:03	2:34:20	0:03:03	1:53:47	Netherlands	
42ff4553-13d2-f011-bbd3-000d3a5b50ba	568	Phillip Wallraf	M	M25-29	105	5:13:03	0:42:06	0:04:34	2:37:03	0:05:50	1:43:31	Germany	
65a961cc-1c28-4139-8c44-f94ace608271	569	Gonzalo Ruiz	M	M25-29	106	5:13:08	0:38:20	0:06:02	2:44:37	0:03:05	1:41:04	Spain	
47f2ee26-8cbc-44be-a413-312456d3bcd1	570	Wojciech Wieronski	M	M50-54	37	5:13:09	0:38:44	0:05:15	2:39:21	0:04:09	1:45:40	Poland	
a8d80eb2-3c95-f011-b4cc-000d3a5b7c3b	571	Luca Elmiger	F	F18-24	15	5:13:10	0:39:37	0:06:02	2:29:25	0:02:20	1:55:45	Germany	
0d2e695c-67a2-ef11-8a6a-000d3a338a3c	572	Lara Zimmermann	F	F18-24	16	5:13:13	0:33:13	0:05:06	2:42:38	0:03:07	1:49:09	Germany	
4d271310-90de-f011-8543-000d3a5b5fc7	573	Maximilian Schaumann	M	M30-34	86	5:13:17	0:40:24	0:04:58	2:36:01	0:05:24	1:46:30	Germany	
7f51ac3b-8056-4f18-a97c-75b4f8d793c8	574	Friederike Forsting	F	F30-34	11	5:13:17	0:36:58	0:05:55	2:42:41	0:04:13	1:43:31	Germany	
877d6d6e-65bd-ef11-b8e8-6045bd018d16	575	Lukas Niestrat	M	M30-34	87	5:13:20	0:36:38	0:04:39	2:34:16	0:04:41	1:53:06	Germany	
ae651461-729c-f011-b41c-000d3a5cf7d8	576	Viola Bassi	F	F25-29	20	5:13:25	0:38:15	0:08:50	2:38:02	0:06:07	1:42:10	Switzerland	
27f36857-88c7-f011-bbd3-000d3a5b50ba	577	Carl Köhler	M	M18-24	76	5:13:26	0:36:57	0:07:44	2:45:00	0:06:05	1:37:40	Germany	
46102889-e6d1-f011-bbd2-000d3a5b5fc7	578	Andreas Birkner	M	M25-29	107	5:13:31	0:39:52	0:06:36	2:29:27	0:04:38	1:52:59	Germany	
89a27beb-c93e-f011-b4cb-6045bd09951e	579	Adrian Diaz Martinez	M	M35-39	74	5:13:35	0:30:36	0:03:38	2:40:13	0:04:06	1:55:02	Spain	
1afd73b2-09f7-f011-8406-00224806e833	580	Finn Hannes Stepanek	M	M25-29	108	5:13:36	0:37:48	0:04:51	2:30:27	0:04:11	1:56:19	Germany	
2c6ea6c0-48a0-4fa8-97b1-f801dd0f78e6	581	Christian Maertens	M	M18-24	77	5:14:01	0:33:46	0:04:53	2:38:19	0:04:52	1:52:10	Germany	
50784b8d-9c95-f011-b4cb-000d3a3b2356	582	Cedric Ende	M	M25-29	109	5:14:01	0:42:49	0:05:37	2:34:10	0:04:47	1:46:39	Germany	
f79649dc-849c-f011-b41c-000d3a3173b5	583	Sven Walter	M	M45-49	50	5:14:13	0:43:10	0:09:47	2:26:16	0:03:32	1:51:28	Germany	
9d8ff02d-07c0-f011-bbd3-6045bd09951e	584	Daan Kempen	M	M25-29	110	5:14:14	0:43:33	0:07:16	2:31:37	0:04:32	1:47:17	Netherlands	
b707a97a-caa3-f011-bbd3-000d3a5b50ba	585	Kobe Lauryssen	M	M18-24	78	5:14:17	0:39:11	0:06:43	2:33:07	0:03:03	1:52:13	Belgium	
1a160cc2-95b8-f011-bbd3-6045bd05fcc1	586	Sebastian Roth	M	M25-29	111	5:14:27	0:40:49	0:06:40	2:40:38	0:03:38	1:42:44	Germany	
b7e62237-6b24-4dd8-b6c5-7f12141f3239	587	Oleksandr Hiliazov	M	M30-34	88	5:14:32	0:35:49	0:04:27	2:39:24	0:05:06	1:49:46	Ukraine	
9dadbfcb-be93-f011-b4cc-0022480a7385	588	Kathryn Bartolini	F	F35-39	14	5:14:32	0:39:09	0:04:57	2:41:07	0:04:55	1:44:24	United Kingdom	
8dcc40ed-da7b-ef11-a670-000d3a5b3d07	589	Carsten Mank	M	M40-44	59	5:14:34	0:43:24	0:08:36	2:32:05	0:05:02	1:45:26	Germany	
109b1118-c9e3-ee11-904d-6045bd0158c4	590	Dmytro Tovstoliak	M	M35-39	75	5:14:38	0:39:52	0:05:39	2:43:37	0:03:53	1:41:37	Ukraine	
3ac975bd-8ac7-485a-b671-e9621c09b3c7	591	Jens Kochanski	M	M50-54	38	5:14:40	0:34:10	0:04:54	2:28:29	0:04:27	2:02:40	Germany	
da1832fc-a894-f011-b4cc-000d3a5cf7d8	592	Clemens Rohling	M	M30-34	89	5:14:42	0:38:46	0:04:17	2:32:41	0:03:17	1:55:40	Germany	
efa03d9e-08c2-f011-bbd3-000d3a5b50ba	593	Kristian Tran	M	M25-29	112	5:14:46	0:43:47	0:04:44	2:35:25	0:03:46	1:47:04	Norway	
5ba1f3e9-c573-f011-bec3-6045bd09951e	594	David Kiesgen	M	M50-54	39	5:14:51	0:40:58	0:05:50	2:25:18	0:04:51	1:57:54	Germany	
de7a590b-d9d6-f011-8543-000d3a355889	595	Arian Krause	M	M18-24	79	5:14:51	0:41:29	0:05:49	2:39:39	0:04:24	1:43:31	Germany	
233e88fb-4453-f011-877a-0022480a7385	596	Frederikke Amalie Harbo	F	F25-29	21	5:14:54	0:39:41	0:05:17	2:38:19	0:04:03	1:47:34	Denmark	
3c46dff2-50ee-4a5f-9eeb-e844a2e4a08a	597	Niklas Faubel	M	M30-34	90	5:14:59	0:38:47	0:03:59	2:57:03	0:02:11	1:32:59	Germany	
59871f49-d6da-f011-8544-000d3a5cf7d8	598	Jules Pessers	M	M18-24	80	5:15:01	0:34:17	0:05:14	2:40:39	0:04:53	1:49:57	Netherlands	
86b7077c-79e6-465a-af46-9f4335b67333	599	Jens Heller	M	M45-49	51	5:15:03	0:47:43	0:06:17	2:18:57	0:04:22	1:57:43	Germany	
badff94d-9aa2-ef11-8a69-6045bd018d16	600	Leander Hägele	M	M25-29	113	5:15:05	0:40:09	0:06:16	2:26:21	0:06:10	1:56:10	Germany	
75836247-a834-eb11-a813-000d3a5913bd	601	Michael Edtbauer		M40-44	60	5:15:07	0:36:13	0:06:11	2:30:51	0:06:23	1:55:28	Germany	
09b96146-039b-f011-b4cc-000d3a5b7c3b	602	Timm Roth	M	M25-29	114	5:15:11	0:43:38	0:06:16	2:51:25	0:03:43	1:30:10	Germany	
60fe02d9-c693-f011-b4cc-0022480c097c	603	Deniz Savran	M	M30-34	91	5:15:14	0:41:30	0:06:08	2:33:22	0:04:37	1:49:36	Germany	
10e78c13-2ab3-ef11-b8e8-000d3a5ae96c	604	Fabian Hoffmann	M	M25-29	115	5:15:14	0:46:39	0:07:51	2:38:38	0:04:24	1:37:42	Germany	
97355db5-e9eb-f011-8543-6045bd05fcc1	605	Ann-Christin Rabe	F	F35-39	15	5:15:16	0:37:46	0:05:27	2:39:23	0:04:35	1:48:05	Germany	
4dbc0181-8d97-f011-b4cc-6045bd05fcc1	606	Niklas Geulen	M	M18-24	81	5:15:19	0:36:56	0:05:08	2:32:08	0:04:21	1:56:46	Germany	
72ea9d83-1dbc-f011-bbd3-002248098cfa	607	Sophie Ottenhus	F	F25-29	22	5:15:25	0:34:35	0:03:47	2:31:01	0:02:45	2:03:17	United Kingdom	
644c78b3-13ce-f011-bbd3-000d3a5b7c3b	608	Luis da Silva Hentis	M	M18-24	82	5:15:35	0:40:51	0:03:36	2:36:31	0:02:36	1:52:00	Germany	
8bd436e2-55bd-f011-bbd3-6045bd0194a5	609	Schneegans Carlo		M25-29	116	5:15:58	0:37:26	0:05:16	2:31:52	0:05:24	1:56:00	Germany	
f4ca4d36-0781-41a7-875a-254a6b6baa42	610	Anastasiia Biatova	F	F30-34	12	5:15:59	0:39:16	0:03:48	2:34:52	0:03:34	1:54:29	Ukraine	
160e61f9-889c-f011-b41c-000d3a3173b5	611	Florian Nagel	M	M45-49	52	5:16:06	0:36:00	0:14:03	2:24:34	0:04:33	1:56:56	Germany	
02ff2eaa-fdca-f011-bbd3-000d3a35ffc1	612	Alexander Noffke	M	M35-39	76	5:16:06	0:39:42	0:03:50	2:32:42	0:03:00	1:56:52	Germany	
c87b8e2a-f299-f011-b4cc-000d3a3173b5	613	Vera Birgel	F	F25-29	23	5:16:07	0:38:20	0:06:15	2:40:07	0:04:39	1:46:46	Germany	
d6eaf68a-f0ad-f011-bbd2-000d3a351ec3	614	Silke Brunner	F	F45-49	6	5:16:16	0:32:19	0:05:35	2:36:35	0:05:24	1:56:23	Germany	
4eb02c54-5313-ee11-8f6e-000d3a314329	615	Friedrich Matter	M	M18-24	83	5:16:17	0:37:58	0:04:42	2:30:36	0:03:36	1:59:25	Germany	
b26d9f3e-8bcc-f011-bbd3-000d3a3173b5	616	Julian Schroeder	M	M40-44	61	5:16:18	0:39:23	0:07:48	2:26:04	0:06:15	1:56:48	Germany	
002ef2ab-0dd2-f011-bbd3-6045bd09951e	617	Lucas Kallabis	M	M18-24	84	5:16:19	0:35:45	0:05:41	2:37:55	0:04:07	1:52:52	Germany	
a0736df2-d9b7-4ab0-82d4-7114887b25c9	618	Aurelio Soares	M	M40-44	62	5:16:28	0:38:27	0:04:05	2:37:50	0:02:44	1:53:22	Brazil	
12973bdb-559c-f011-b41c-000d3a5b50ba	619	Dennis Weber	M	M45-49	53	5:16:30	0:38:48	0:05:45	2:36:04	0:04:04	1:51:49	Germany	
36ed69ba-efcd-f011-bbd3-000d3a5b7c3b	620	Benjamin Swyter	M	M40-44	63	5:16:31	0:39:25	0:05:44	2:36:17	0:04:42	1:50:22	Germany	
026efd97-81bc-f011-bbd3-000d3a5c3d6c	621	Magnus Rud Lilholm	M	M18-24	85	5:16:31	0:36:00	0:06:02	2:29:34	0:04:37	2:00:19	Denmark	
6e0c9ab5-5a89-4200-9b69-ef21fc45a72e	622	Lukas Cordes	M	M30-34	92	5:16:39	0:31:13	0:05:40	2:36:40	0:04:09	1:58:56	Germany	
317b7ba7-f696-f011-b4cc-000d3a35ffc1	623	Nicola Selbach	F	F18-24	17	5:16:39	0:39:09	0:06:55	2:43:58	0:04:19	1:42:18	Germany	
32fe224c-b7b5-f011-bbd3-6045bd09951e	624	Jack Bond	M	M25-29	117	5:16:41	0:44:26	0:05:29	2:50:33	0:03:48	1:32:24	United Kingdom	
f5f4bdd3-9e9f-4390-8ddc-5576d4cb5a9e	625	Christian Göbser	M	M45-49	54	5:16:46	0:39:39	0:04:13	2:30:19	0:02:56	1:59:38	Germany	
a291acba-a63d-49ae-8c20-c7efdacc163a	626	Stephan Groll	M	M60-64	5	5:16:47	0:47:38	0:04:46	2:26:50	0:05:01	1:52:31	Germany	
cc1225d4-df41-f011-b4ca-002248098cfa	627	Felix Preuschoff	M	M25-29	118	5:17:02	0:35:47	0:07:17	2:39:36	0:05:33	1:48:48	Germany	
09c5f6de-f67f-f011-b4cc-000d3a5b7c3b	628	William Birtwhistle	M	M25-29	119	5:17:04	0:37:53	0:06:25	2:40:45	0:04:43	1:47:18	United Kingdom	
6b6cf778-6a51-f011-8779-000d3a30d031	629	Oliver-Wolf Franke	M	M60-64	6	5:17:16	0:40:59	0:05:42	2:26:58	0:05:12	1:58:24	Germany	
4cf54806-9e61-4a40-b4c6-83d55b4a7a4a	630	Louis Legai	M	M18-24	86	5:17:17	0:36:25	0:04:22	2:39:39	0:02:22	1:54:29	France	
22d9e0ed-4cd8-f011-8544-000d3a3173b5	631	Jan Christoph Meyer	M	M30-34	93	5:17:18	0:47:28	0:07:46	2:28:06	0:04:32	1:49:25	Germany	
68df1fd4-8e31-43fc-8884-f677e22bac97	632	Christian Bucher	M	M40-44	64	5:17:19	0:43:45	0:05:34	2:29:46	0:03:44	1:54:31	Switzerland	
d5f6edf2-0aac-48a7-beda-aade02b6fda4	633	Daniel Bendler	M	M35-39	77	5:17:20	0:37:21	0:06:02	2:34:10	0:05:26	1:54:21	Germany	
d421b8bc-e693-f011-b4cc-0022480c097c	634	Janine Klänelschen	F	F30-34	13	5:17:22	0:36:49	0:05:52	2:31:59	0:06:45	1:55:57	Germany	
79ea30e0-cac8-f011-bbd3-000d3a5b7c3b	635	Jacob Heise	M	M18-24	87	5:17:24	0:46:52	0:06:27	2:39:43	0:03:18	1:41:03	Denmark	
2931ca07-24a9-f011-bbd3-002248098cfa	636	Chantal Huurman	F	F25-29	24	5:17:29	0:37:09	0:06:30	2:46:06	0:04:14	1:43:30	Netherlands	
2af234b4-f4ea-f011-8544-000d3a3173b5	637	Dietmar Schulz	M	M50-54	40	5:17:30	0:35:52	0:08:18	2:37:14	0:03:43	1:52:24	Germany	
acb303f5-51a1-f011-bbd3-000d3a5b50ba	638	Tim Seifert	M	M30-34	94	5:17:35	0:34:44	0:05:09	2:37:49	0:04:24	1:55:30	Germany	
40b01826-3461-ef11-bfe3-000d3a37be46	639	Marco Ledermann	M	M40-44	65	5:17:37	0:47:44	0:09:42	2:35:40	0:05:37	1:38:54	Germany	
f06a4106-b2dd-4966-b68f-e37101c0c87e	640	Mathias Sprenger	M	M45-49	55	5:18:06	0:41:19	0:05:58	2:36:08	0:04:16	1:50:25	Germany	
fb200526-5b8a-ef11-ac21-000d3a5b3d07	641	Paul Grundmann	M	M18-24	88	5:18:09	0:39:13	0:04:57	2:31:25	0:04:07	1:58:28	Germany	
c2d06037-9245-4525-bfdf-fbe95a625b8c	642	Yanic Zunke	M	M35-39	78	5:18:10	0:41:58	0:06:45	2:26:23	0:05:43	1:57:21	Germany	
26d26e9a-c3c5-4a87-ad78-9a8ed2994581	643	Izzy Fowler	F	F25-29	25	5:18:10	0:41:00	0:06:09	2:39:47	0:04:37	1:46:37	United Kingdom	
2b3580a0-7b96-f011-b4cc-000d3a3173b5	644	Maxima Eder	F	F18-24	18	5:18:11	0:37:09	0:04:17	2:33:40	0:04:58	1:58:07	Austria	
997b7207-b7df-4df6-a26b-d3a03d49a79d	645	Dr. Stefanie Von Mechow	F	F50-54	1	5:18:13	0:45:35	0:07:36	2:41:04	0:04:52	1:39:05	Germany	
189727a1-8bad-f011-bbd3-000d3a5b50ba	646	Luca Schimweg	M	M25-29	120	5:18:21	0:38:42	0:08:18	2:30:33	0:04:24	1:56:24	Netherlands	
fd4d54bd-d093-f011-b4cc-000d3a5cf7d8	647	Benjamin Steckel	M	M35-39	79	5:18:23	0:36:43	0:06:53	2:32:38	0:04:52	1:57:17	Germany	
7b040bb5-fddb-f011-8543-000d3a5b5fc7	648	Kevin Willms	M	M30-34	95	5:18:24	0:45:20	0:08:11	2:27:05	0:03:33	1:54:15	Germany	
a1ab3ec6-a074-4bc6-9363-eeae3cf8f50c	649	Claus Myrthu-Nielsen	M	M55-59	17	5:18:25	0:27:43	0:04:23	2:15:55	0:02:49	2:27:34	Denmark	
0b8c4d0a-db94-f011-b4cc-0022480c097c	650	Helena Bang Nielsen	F	F18-24	19	5:18:30	0:36:48	0:04:52	2:45:33	0:02:49	1:48:27	Denmark	
72747d8f-d867-f011-bec2-0022480c097c	651	Rinke van Kraaij	M	M25-29	121	5:18:30	0:36:17	0:06:33	2:45:06	0:03:27	1:47:07	Netherlands	
49c10749-7c81-480f-9114-5b37dca6bba5	652	Stefan Krueger	M	M40-44	66	5:18:36	0:37:34	0:04:01	2:38:47	0:04:03	1:54:11	Germany	
aa535d78-559f-f011-b41c-000d3a5b7c3b	653	Christina Süfke	F	F30-34	14	5:18:44	0:36:40	0:05:05	2:26:59	0:04:20	2:05:40	Germany	
424e6745-64e3-f011-8544-0022480a7385	654	Tim Baas	M	M25-29	122	5:18:48	0:47:23	0:05:07	2:31:17	0:03:56	1:51:05	Netherlands	
c76048ba-8b94-f011-b4cc-000d3a35ffc1	655	Melvin Fenselau	M	M25-29	123	5:18:49	0:37:36	0:06:11	2:36:52	0:05:50	1:52:21	Germany	
947c2401-05c6-ef11-b8e8-000d3a5a403c	656	Timo Breuer	M	M30-34	96	5:18:59	0:36:15	0:07:40	2:45:10	0:04:26	1:45:28	Germany	
78f465ba-50ab-f011-bbd3-6045bd05f634	657	Maksym Zaichenko	M	M40-44	67	5:19:10	0:42:13	0:04:56	2:46:28	0:03:40	1:41:54	Ukraine	
5c871450-ade4-f011-8543-000d3a5b5fc7	658	Leon Beck	M	M25-29	124	5:19:16	0:36:58	0:04:57	2:32:30	0:04:03	2:00:48	Germany	
7ef0be8b-a3fe-4d12-8cec-c173b42d1f09	659	Florens Morgenroth	M	M18-24	89	5:19:16	0:38:26	0:05:38	2:38:00	0:03:49	1:53:23	Germany	
beac85f9-4346-47b4-8cae-6e2ae0b5c7b4	660	Helene Utsch	F	F18-24	20	5:19:19	0:35:57	0:05:43	2:41:56	0:03:26	1:52:17	Germany	
85a89fd8-fb9e-f011-b41b-000d3a3ad8f1	661	Pascal Arts	M	M30-34	97	5:19:22	0:36:26	0:05:00	2:47:12	0:03:44	1:47:01	Germany	
5f1dab99-6adb-f011-8544-6045bd05f634	662	Lennox Maaß	M	M18-24	90	5:19:23	0:35:34	0:05:28	2:24:45	0:03:19	2:10:17	Germany	
618b1091-2c6a-4c17-8150-06313d46c012	663	Marc Jones	M	M40-44	68	5:19:25	0:41:11	0:05:30	2:39:58	0:04:25	1:48:22	United Kingdom	
efc4adac-79a3-f011-bbd3-000d3a3173b5	664	Johann Leuschke	M	M25-29	125	5:19:27	0:42:23	0:06:15	2:39:50	0:06:11	1:44:49	Germany	
75aaf7ff-4ed7-f011-8543-6045bd05fcc1	665	Maurice-Alexander Fischer	M	M25-29	126	5:19:28	0:44:25	0:03:24	2:28:28	0:02:58	2:00:13	Germany	
4a9cf087-f9bb-ef11-b8e9-000d3a3126fd	666	Christopher Valenta	M	M25-29	127	5:19:28	0:43:25	0:05:20	2:36:26	0:04:18	1:49:58	Germany	
28d01ea2-7bcf-f011-bbd3-000d3a5b50ba	667	Nils Klottwig	M	M25-29	128	5:19:31	0:37:38	0:06:58	2:40:31	0:04:18	1:50:06	Germany	
3432993f-93c7-4bcc-85b7-9ea3c1ca78b4	668	Herve Leurs	M	M60-64	7	5:19:32	0:35:00	0:08:10	2:27:52	0:05:39	2:02:52	France	
a6bdba68-a3c7-f011-bbd3-6045bd05fcc1	669	Joshua Newby	M	M25-29	129	5:19:32	0:35:46	0:05:06	2:35:31	0:03:48	1:59:22	United Kingdom	
80769a08-48de-4ba5-be66-386135d2f357	670	Andre De Carvalho Jorge	M	M45-49	56	5:19:34	0:41:15	0:06:03	2:33:12	0:05:36	1:53:27	Brazil	
f3ab4b61-c193-f011-b4cc-0022480a7385	671	Jonas Körner	M	M25-29	130	5:19:37	0:36:07	0:05:49	2:46:09	0:04:05	1:47:27	Germany	
b7b02ee4-2dc5-ef11-b8e8-000d3a5ae96c	672	Carl Berriman	M	M55-59	18	5:19:37	0:42:20	0:04:54	2:41:45	0:02:31	1:48:07	United Kingdom	
b3ebb752-c8e4-f011-8544-000d3a5b50ba	673	Matthias Huch	M	M50-54	41	5:19:38	0:37:09	0:06:07	2:38:45	0:03:46	1:53:51	Germany	
8e3c303c-609c-f011-b41c-000d3a3173b5	674	Thomas Eyres	M	M25-29	131	5:19:40	0:36:51	0:06:34	2:44:04	0:05:55	1:46:16	United Kingdom	
481a5092-ac47-4084-94f3-a551d150c330	675	Stuart Weaver	M	M50-54	42	5:19:43	0:35:53	0:05:31	2:44:41	0:02:59	1:50:38	United Kingdom	
dde7d549-b07a-f011-b4cc-0022480a7385	676	Kristoffer Thierry	M	M30-34	98	5:19:44	0:47:39	0:05:56	2:37:01	0:04:33	1:44:35	Denmark	
4a9be32f-94ae-f011-bbd3-000d3a5cf7d8	677	Jonas Kristensen	M	M18-24	91	5:19:48	0:41:56	0:07:52	2:39:59	0:05:57	1:44:04	Denmark	
35d8fd98-5de5-f011-8544-000d3a5cf7d8	678	Nicklas Moos	M	M30-34	99	5:19:49	0:39:39	0:06:11	2:32:54	0:04:16	1:56:49	Germany	
45410ce8-f9d7-f011-8543-000d3a5b5fc7	679	CONNY STETEFELD	M	M45-49	57	5:19:52	0:38:55	0:09:12	2:41:07	0:06:14	1:44:24	Germany	
f790d154-0367-f011-bec3-6045bd09951e	680	Damian Wasik		M25-29	132	5:20:00	0:35:16	0:04:21	2:47:04	0:02:56	1:50:23	Poland	
001d8f43-9fcc-f011-bbd2-000d3a5b5fc7	681	Xenia Lojewski	F	F40-44	6	5:20:04	0:47:59	0:06:50	2:45:27	0:03:30	1:36:18	Germany	
281a8943-4dea-f011-8544-000d3a5b7c3b	682	Ferdinand Oscar Andrae	M	M18-24	92	5:20:09	0:40:25	0:08:04	2:43:14	0:05:29	1:42:58	Germany	
639b8122-4fa0-f011-b41c-0022480a7385	683	Philip Hafer	M	M25-29	133	5:20:10	0:41:51	0:06:22	2:49:52	0:04:32	1:37:34	Germany	
f5aa285d-5ffc-43e8-bf0c-8202276a3fe8	684	Harald Hiss	M	M50-54	43	5:20:12	0:35:15	0:07:58	2:33:05	0:04:51	1:59:03	Germany	
bea6c825-0d97-f011-b4cc-000d3a3173b5	685	Johannes Kallage	M	M25-29	134	5:20:12	0:32:08	0:08:36	2:31:34	0:06:19	2:01:35	Germany	
f2dbf2b2-e547-4a3f-9731-90a22871513f	686	Pavel Štika	M	M30-34	100	5:20:16	0:49:50	0:06:46	2:25:28	0:04:19	1:53:54	Czech Republic	
9a3fa04f-b594-f011-b4cc-000d3a5b50ba	687	Holger Schwenzer	M	M45-49	58	5:20:17	0:38:31	0:08:56	2:28:39	0:07:09	1:57:01	Germany	
16aff922-7293-ef11-8a6a-002248049fdc	688	Dawid Kubacki	M	M30-34	101	5:20:25	0:39:05	0:04:02	2:30:50	0:02:53	2:03:34	Poland	
53b82a80-00bb-ef11-b8e9-000d3a5a1803	689	Finn Sebastian Busmann	M	M25-29	135	5:20:25	0:43:14	0:05:16	2:27:05	0:03:56	2:00:53	Germany	
0dffff7c-50e9-f011-8544-000d3a5b50ba	690	Dario Müller	M	M18-24	93	5:20:40	0:39:23	0:08:10	2:38:12	0:05:16	1:49:39	Eswatini	
709b1600-c6d9-f011-8544-000d3a5cf7d8	691	Martin Jager	M	M35-39	80	5:20:41	0:47:28	0:07:55	2:39:09	0:04:37	1:41:31	Germany	
08381197-47e2-f011-8544-000d3a5b50ba	692	Haizea Ruiz Hueso	F	F35-39	16	5:20:48	0:41:44	0:06:11	2:39:04	0:05:10	1:48:40	Spain	
959563f9-edb4-4c6a-8576-a03edd043b32	693	Tom Harpin	M	M18-24	94	5:21:05	0:34:21	0:04:46	2:43:32	0:03:32	1:54:54	United Kingdom	
ca133180-81ba-f011-bbd2-00224809087a	694	Daniel Bausch	M	M35-39	81	5:21:14	0:41:27	0:08:03	2:42:54	0:06:09	1:42:40	Germany	
3eafe12e-16bd-48a7-bd5c-1e31247e0f76	695	Jörg Lautenschläger	M	M45-49	59	5:21:15	0:39:20	0:04:32	2:37:38	0:05:10	1:54:35	Germany	
454c09a4-1b7b-4c02-9f0c-34b0f129a3e3	696	Steffen Feuerpeil	M	M40-44	69	5:21:17	0:41:25	0:06:47	2:34:43	0:06:14	1:52:07	Germany	
5facb0b3-7b37-f011-8c4e-000d3a35ffc1	697	Max Emil Kosbothe	M	M25-29	136	5:21:23	0:36:57	0:03:51	2:49:11	0:02:32	1:48:52	Germany	
9921a6ea-a59a-f011-b4cc-6045bd05f634	698	Charlotte Albrecht	F	F25-29	26	5:21:25	0:40:13	0:04:46	2:35:48	0:05:34	1:55:03	Germany	
a59d36fc-a894-f011-b4cc-6045bd05f634	699	Luise Patitz	F	F18-24	21	5:21:33	0:37:12	0:06:45	2:37:38	0:03:27	1:56:31	Germany	
13f66614-c793-f011-b4cc-000d3a5b50ba	700	Ewa Zurmühle	F	F18-24	22	5:21:37	0:37:39	0:05:12	2:42:52	0:05:00	1:50:55	Switzerland	
298e806d-d9bb-ef11-b8e9-002248049fdc	701	Niklas Korsch	M	M25-29	137	5:21:39	0:41:46	0:05:11	2:43:27	0:05:01	1:46:14	Germany	
fc98b938-0f3b-4aa7-bb4b-faf05c23d89d	702	Roberto Riquelme	M	M35-39	82	5:21:42	0:45:12	0:06:12	2:35:05	0:05:12	1:50:01	Chile	
748de80e-edce-f011-bbd3-000d3a3173b5	703	Andreas Winkler	M	M45-49	60	5:21:43	0:36:30	0:06:46	2:46:05	0:04:13	1:48:09	Germany	
2d55c60c-0b94-f011-b4cc-0022480a7385	704	Niklas Vieillard	M	M18-24	95	5:21:45	0:36:08	0:06:11	2:39:22	0:04:08	1:55:56	Germany	
58716cbf-ff5c-4e94-aa50-d42f5797a414	705	Andreas Nisse	M	M45-49	61	5:21:48	0:46:27	0:05:55	2:24:45	0:05:15	1:59:26	Germany	
90fc54af-b5e7-f011-8543-000d3a5b5fc7	706	Gerrit Speh	M	M18-24	96	5:21:52	0:44:20	0:07:47	2:39:21	0:04:59	1:45:26	Germany	
384a1acb-9c23-4284-98b4-5a1fa9180b12	707	Diana Hussmann	F	F50-54	2	5:22:05	0:34:30	0:04:40	2:45:41	0:03:26	1:53:48	Germany	
c84a0fe1-6118-e911-a982-000d3a34ed06	708	Michael Maus	M	M55-59	19	5:22:07	0:50:46	0:04:41	2:38:29	0:03:47	1:44:25	Germany	
a191ded9-2ccc-f011-bbd2-000d3a5b5fc7	709	Patrick Belting	M	M40-44	70	5:22:09	0:34:46	0:06:34	2:38:48	0:05:13	1:56:49	Germany	
36514e26-54e3-f011-8544-002248098cfa	710	Malte Krause	M	M25-29	138	5:22:11	0:36:02	0:07:55	2:43:19	0:06:38	1:48:16	Germany	
69e9a1fa-02bd-f011-bbd3-000d3a5b50ba	711	LISA KRATZKE	F	F35-39	17	5:22:14	0:41:41	0:05:58	2:44:30	0:04:57	1:45:08	Germany	
4b7992ce-fad9-f011-8544-000d3a5b50ba	712	Linus Ersoy	M	M18-24	97	5:22:17	0:41:13	0:04:45	2:56:02	0:05:52	1:34:26	Germany	
a70ce7f2-d4dd-f011-8543-000d3a5b5fc7	713	Moni van Wyk	F	F40-44	7	5:22:21	0:41:34	0:07:18	2:44:38	0:05:12	1:43:38	Germany	
a2cd2e20-2de6-f011-8544-0022480a7385	714	Cécile van Poecke	F	F18-24	23	5:22:23	0:32:58	0:05:11	2:42:59	0:03:57	1:57:17	Netherlands	
977e1525-95ec-f011-8544-6045bd04a162	715	Thomas Parry	M	M25-29	139	5:22:23	0:53:18	0:05:14	2:41:39	0:02:41	1:39:31	United Kingdom	
c3c229ae-83a7-f011-bbd3-000d3a5b50ba	716	Alexander AURICH	M	M45-49	62	5:22:30	0:42:47	0:06:30	2:41:52	0:06:27	1:44:53	Germany	
1b877b78-8bcd-f011-bbd3-000d3a5cf7d8	717	Lukas Wolf	M	M25-29	140	5:22:32	0:44:34	0:07:02	2:29:24	0:04:52	1:56:40	Germany	
a15440f9-cbe5-f011-8544-6045bd05f634	718	Patrick Crown	M	M35-39	83	5:22:32	0:33:58	0:06:48	2:37:18	0:05:18	1:59:09	Ireland	
4e0e7a1b-e405-4b44-b48e-9f2f9448ee0a	719	Francisco Esteban Lopez	M	M55-59	20	5:22:32	0:39:01	0:05:25	2:38:54	0:03:50	1:55:22	Spain	
31183436-8f93-f011-b4cb-002248042c0b	720	Jeroen Kortus	M	M25-29	141	5:22:33	0:34:12	0:07:11	2:41:33	0:04:13	1:55:25	Netherlands	
2d9dc5f9-1bb9-460a-bf6b-78872f68d81a	721	Terry Harvey	M	M60-64	8	5:22:37	0:35:15	0:05:30	2:39:50	0:04:54	1:57:09	United Kingdom	
6269790d-4678-f011-b4cc-000d3a3173b5	722	Sam Eve	M	M18-24	98	5:22:42	0:34:16	0:06:22	2:48:20	0:05:24	1:48:20	United Kingdom	
dd7f4c14-90b6-f011-bbd2-6045bd050e4b	723	Roman Leongard	M	M30-34	102	5:22:46	0:40:12	0:08:16	2:37:53	0:05:09	1:51:16	Germany	
20dc5dd3-6240-f011-b4cb-000d3a5b50ba	724	Arthur Pfalzgraf	M	M30-34	103	5:22:47	0:38:52	0:04:50	2:41:48	0:04:34	1:52:42	France	
26234506-d096-f011-b4cc-6045bd05fcc1	725	luca Karlsson	M	M18-24	99	5:22:47	0:39:38	0:04:07	2:41:19	0:02:51	1:54:52	Denmark	
292cc07c-0f4e-4027-86cf-c7cf78f51edc	726	Sascha Kuntze	M	M35-39	84	5:22:50	0:34:48	0:05:24	2:41:32	0:04:51	1:56:14	Germany	
a3422ad8-d1cf-f011-bbd3-6045bd09951e	727	Julian Lagerstam	M	M18-24	100	5:22:53	0:36:31	0:07:25	2:42:30	0:04:56	1:51:31	Germany	
f33e3500-3faf-f011-bbd3-000d3a5cf7d8	728	Puck Romanesco	F	F25-29	27	5:22:58	0:39:12	0:05:15	2:46:19	0:05:21	1:46:51	Netherlands	
2ee4b9a9-be93-f011-b4cc-6045bd09951e	729	Tobias Ostermayer	M	M40-44	71	5:22:58	0:41:30	0:22:28	2:34:11	0:04:43	1:40:05	Germany	
ac079296-3aa8-f011-bbd3-6045bd05fcc1	730	Iurii Stepanov	M	M40-44	72	5:23:05	0:40:28	0:04:39	2:42:54	0:04:46	1:50:18	Ukraine	
2536fd76-69d0-f011-bbd3-6045bd05fcc1	731	Max Heidenreich	M	M25-29	142	5:23:10	0:36:39	0:05:43	2:47:05	0:04:46	1:48:57	Germany	
db1ea41c-1195-f011-b4cc-000d3a5cf7d8	732	Timo Rimatzki	M	M40-44	73	5:23:10	0:37:18	0:06:44	2:37:55	0:05:09	1:56:05	Germany	
6dc03217-361f-4e98-85dc-e1c74152adde	733	Franziska Horsch	F	F40-44	8	5:23:10	0:40:30	0:06:47	2:37:22	0:06:32	1:51:59	Germany	
8cd36cc1-709b-f011-b41c-000d3a35ffc1	734	Sander Pommé	M	M50-54	44	5:23:11	0:36:18	0:08:12	2:35:17	0:06:58	1:56:25	Netherlands	
1549418f-c993-f011-b4cc-000d3a3173b5	735	Christian Langer	M	M35-39	85	5:23:14	0:41:12	0:05:37	2:38:25	0:03:13	1:54:47	Germany	
4291e46a-bc91-f011-b4cc-6045bd09951e	736	Ingo Niemann	M	M55-59	21	5:23:15	0:35:47	0:06:37	2:35:39	0:05:13	2:00:01	Germany	
20e82c9f-79a4-f011-bbd3-000d3a3173b5	737	Márk Sinkai	M	M25-29	143	5:23:20	0:43:49	0:06:33	2:35:59	0:04:03	1:52:55	Hungary	
09f07a80-b0de-f011-8544-000d3a3173b5	738	Dario Förster	M	M35-39	86	5:23:21	0:35:37	0:07:24	2:38:50	0:06:30	1:55:00	Germany	
55dc6dc3-f1e6-f011-8543-000d3a5b5fc7	739	Bastien Autret	M	M30-34	104	5:23:25	0:49:00	0:08:56	2:48:49	0:06:15	1:30:26	Germany	
584d5a42-99b1-f011-bbd3-000d3a5cf7d8	740	Roman Karpenko	M	M35-39	87	5:23:27	0:35:35	0:04:00	2:42:46	0:03:52	1:57:13	Czech Republic	
ae8eb8ca-66f8-4533-81ab-c84040b1034b	741	Finn Harms	M	M25-29	144	5:23:29	0:36:07	0:05:19	2:35:42	0:03:11	2:03:09	Germany	
8b45e205-07ba-4f42-a9bf-3ff2ec50c04d	742	Kaiwen Zheng	M	M18-24	101	5:23:37	0:45:31	0:05:28	2:42:42	0:06:51	1:43:04	Germany	
f65294b4-a8f0-497b-bea3-1aa402981e75	743	Wolfgang Koester	M	M55-59	22	5:23:38	0:41:30	0:08:32	2:42:31	0:06:52	1:44:13	Germany	
1a2c46e0-7d3c-4c09-ad23-9c0319d54dbb	744	David Kunc	M	M60-64	9	5:23:39	0:35:32	0:06:20	2:38:57	0:04:22	1:58:28	Czech Republic	
f67f5779-a61e-f011-998a-000d3a3173b5	745	Maria Liess	F	F30-34	15	5:23:43	0:44:19	0:05:45	2:41:03	0:03:05	1:49:31	Germany	
8ec649a9-796a-4f56-b84c-511bd99af84d	746	Cedric Salokat	M	M25-29	145	5:23:44	0:38:54	0:07:15	2:41:37	0:05:02	1:50:56	Germany	
4c079923-1079-45f9-a109-099f42d15811	747	Mateo Ariza	M	M30-34	105	5:23:47	0:35:40	0:06:31	2:38:55	0:05:10	1:57:31	Colombia	
824169f8-6f71-4457-bd9a-421901321593	748	LEONARDO RANCAN	M	M40-44	74	5:23:49	0:38:52	0:07:48	2:43:48	0:04:27	1:48:54	Italy	
1aaa9461-5fd3-f011-8544-000d3a5b50ba	749	Noah Romeijn	M	M18-24	102	5:24:03	0:42:59	0:09:38	2:44:03	0:04:40	1:42:42	Netherlands	
87a1099e-f2e4-4e2d-a867-61c7fe5a59be	750	Nicola Carraro	M	M50-54	45	5:24:06	0:33:29	0:06:26	2:41:40	0:04:14	1:58:16	Italy	
2ca2ed9e-d625-4468-9764-6594ba9f983c	751	Jaroslav Bocek	M	M55-59	23	5:24:08	0:37:50	0:05:52	2:42:25	0:03:54	1:54:07	Czech Republic	
dad5ab79-edc7-f011-bbd2-000d3a5b5fc7	752	Luca Nicolis	M	M45-49	63	5:24:11	0:37:43	0:07:19	2:49:32	0:04:41	1:44:55	Italy	
2a0cb452-d5e0-f011-8544-6045bd05f634	753	David Gerhards	M	M30-34	106	5:24:12	0:34:07	0:04:46	2:40:09	0:05:20	1:59:49	Germany	
4b15a710-a0b1-f011-bbd3-000d3a3173b5	754	Stine Meyerjürgens	F	F25-29	28	5:24:12	0:38:00	0:04:26	2:45:37	0:03:57	1:52:12	Germany	
fdff69af-e0b5-f011-bbd2-000d3a318445	755	Marlon Garcia Orgaz	M	M30-34	107	5:24:18	0:42:05	0:06:07	2:46:47	0:03:49	1:45:30	Germany	
2d5b0227-cce5-f011-8544-000d3a5b50ba	756	Sam Hanley	M	M30-34	108	5:24:20	0:39:20	0:06:48	3:01:04	0:03:27	1:33:40	Ireland	
5c3b3e40-456c-408f-8add-a8930f59ad15	757	Anca Istrate	F	F50-54	3	5:24:26	0:44:11	0:06:58	2:46:26	0:04:35	1:42:16	Romania	
9fd9c458-9ee2-f011-8544-000d3a5b7c3b	758	Steffen Bekierz	M	M40-44	75	5:24:28	0:41:59	0:07:56	2:49:00	0:06:09	1:39:25	Germany	
dba25d17-ad61-f011-bec3-000d3a5b50ba	759	Mike Rosenfeld	M	M45-49	64	5:24:37	0:44:00	0:06:06	2:38:33	0:04:13	1:51:45	Germany	
1f4017e0-65a3-f011-bbd3-0022480a7385	760	Thilo Mohns	M	M35-39	88	5:24:47	0:50:37	0:05:56	2:30:24	0:04:12	1:53:38	Germany	
41dc58a0-f248-f011-877a-6045bd05fcc1	761	Nolan Knäblein-Greene	M	M25-29	146	5:24:52	0:42:10	0:05:16	2:38:53	0:04:34	1:53:59	United States	
e29b3435-7a4f-f011-877a-0022480c097c	762	Conrad Stofft	M	M18-24	103	5:24:54	0:50:35	0:08:20	2:43:03	0:08:51	1:34:04	Germany	
614cfa3b-59c8-f011-bbd3-000d3a3173b5	763	Emma Renz	F	F18-24	24	5:24:54	0:44:21	0:07:29	2:38:11	0:06:11	1:48:43	Germany	
1fa8a41e-905d-f011-bec2-000d3a5cf7d8	764	Fabian Popp	M	M30-34	109	5:24:59	0:35:51	0:05:39	2:52:13	0:03:53	1:47:22	Germany	
cb7c30a4-c293-f011-b4cc-6045bd05f634	765	Tim Badie	M	M25-29	147	5:25:00	0:37:48	0:05:11	2:39:43	0:04:35	1:57:44	Germany	
3d7a80e4-7694-f011-b4cc-0022480c097c	766	Noah Kohler	M	M18-24	104	5:25:03	0:41:17	0:05:34	2:46:56	0:05:46	1:45:30	Austria	
0b65dfac-4a9f-446e-809f-7a82f43329d1	767	Peter-Roman Persch	M	M55-59	24	5:25:03	0:41:54	0:05:25	2:36:03	0:04:02	1:57:40	Germany	
a61d7ac9-33ca-f011-bbd3-6045bd09951e	768	Martin Černý	M	M30-34	110	5:25:05	0:46:19	0:05:26	2:40:44	0:03:38	1:48:58	Czech Republic	
45603213-4a19-ef11-9f8a-00224809fd7c	769	Daan De Wit	M	M25-29	148	5:25:05	0:47:39	0:05:32	2:39:45	0:04:49	1:47:20	Netherlands	
343cdf3b-0ed8-f011-8544-000d3a5cf7d8	770	Christian Richter	M	M45-49	65	5:25:06	0:43:57	0:09:34	2:43:06	0:04:59	1:43:30	Germany	
e1e4e895-10d1-f011-bbd3-6045bd05fcc1	771	Fidan Aliu	M	M25-29	149	5:25:07	0:43:26	0:07:27	2:50:03	0:06:07	1:38:04	Germany	
5746e21e-2784-f011-b4cc-000d3a3173b5	772	Stefanie Weiher	F	F35-39	18	5:25:10	0:37:06	0:04:58	2:44:02	0:04:50	1:54:14	Germany	
07bc0a84-63e1-4650-a65c-fd0d0529fd40	773	Mie Leth Mark Warberg	F	F40-44	9	5:25:22	0:42:47	0:03:25	2:28:30	0:03:36	2:07:04	Denmark	
aa5712ee-104a-4eca-b09d-fb36cb71e917	774	Debora Dubbel	F	F45-49	7	5:25:22	0:41:41	0:06:23	2:42:09	0:04:16	1:50:53	Germany	
e7be30f3-5711-4412-8e19-9eef2a7d8779	775	Renke Pieters	M	M30-34	111	5:25:24	0:33:02	0:06:45	2:43:20	0:04:07	1:58:10	Belgium	
37bd2d2e-93d7-4bfc-9955-5dc79fd4ec1d	776	Marcin Leopold	M	M50-54	46	5:25:26	0:36:51	0:04:50	2:43:44	0:03:19	1:56:42	Poland	
2b20cdbb-a193-f011-b4cc-6045bd05f634	777	Jens Christian Laursen	M	M40-44	76	5:25:33	0:42:43	0:06:15	2:37:20	0:05:39	1:53:36	Denmark	
1b00748c-be93-f011-b4cb-6045bd0a1bec	778	Michael McAllister	M	M30-34	112	5:25:35	0:39:15	0:04:59	2:39:15	0:04:38	1:57:28	United States	
a23cc42a-2a3e-f011-b4ca-000d3a5b7c3b	779	Helmut Hoffer von Ankershoffen	M	M50-54	47	5:25:38	0:42:51	0:06:32	2:25:23	0:04:08	2:06:44	Germany	
c765c0df-3ea7-4405-8c4a-d7ee8e2b0c55	780	Mike Götze	M	M50-54	48	5:25:38	0:39:32	0:06:54	2:40:34	0:05:34	1:53:03	Germany	
7b7bd0a6-be93-f011-b4cc-6045bd05fcc1	781	Lukas Boes	M	M30-34	113	5:25:51	0:48:01	0:07:22	2:36:51	0:06:18	1:47:20	Germany	
194a9ced-c02f-40fe-bcd9-01ec48343ac1	782	Thomas Dol	M	M25-29	150	5:26:00	0:41:25	0:06:24	2:42:32	0:05:23	1:50:17	Netherlands	
df467b26-68c1-f011-bbd3-6045bd05f634	783	Noah Baggen	M	M18-24	105	5:26:05	0:32:37	0:06:50	2:38:10	0:03:43	2:04:44	Netherlands	
ff4dfa64-d838-4dcf-ad62-ab0ef2b21c89	784	Edwin Alexander Li	M	M35-39	89	5:26:08	0:35:55	0:05:14	2:51:09	0:04:06	1:49:44	Austria	
972d7c98-d7ce-f011-8543-6045bd02a841	785	Britt Lemmen	F	F30-34	16	5:26:13	0:43:19	0:09:23	2:45:17	0:05:55	1:42:19	Netherlands	
c6876176-b4b1-f011-bbd3-000d3a5b7c3b	786	Katherine Moloney	F	F25-29	29	5:26:16	0:35:59	0:04:28	2:39:05	0:04:06	2:02:38	United Kingdom	
2e22b5b5-e8b7-f011-bbd3-002248098cfa	787	Benjamin Riishede Jørgensen	M	M25-29	151	5:26:20	0:46:24	0:12:37	2:42:43	0:08:13	1:36:22	Denmark	
92ce75e4-ebb6-ef11-b8e8-6045bd018d16	788	Florian Thiel	M	M30-34	114	5:26:24	0:39:38	0:06:34	2:35:40	0:06:24	1:58:07	Germany	
e5e912b4-5657-f011-877b-000d3a35ffc1	789	Sina Georgi	F	F30-34	17	5:26:25	0:42:39	0:05:39	2:43:30	0:04:32	1:50:04	Germany	
4fff5be3-00b0-f011-bbd3-6045bd05f634	790	Yentl Loenders	M	M25-29	152	5:26:25	0:39:40	0:04:35	2:27:35	0:03:15	2:11:20	Belgium	
1aa2d1c5-f9e0-f011-8544-000d3a5cf7d8	791	Mattie Belcher	M	M25-29	153	5:26:26	0:38:45	0:05:09	2:42:21	0:06:13	1:53:57	United Kingdom	
2521a916-86b5-ef11-b8e8-000d3a5ae96c	792	Jonas Rissiek	M	M18-24	106	5:26:28	0:38:49	0:07:22	2:45:17	0:06:16	1:48:43	Germany	
c8f8290b-fded-ef11-9342-002248049fdc	793	Silvia Stangarone	F	F30-34	18	5:26:30	0:36:51	0:04:57	2:41:35	0:04:20	1:58:48	Italy	
f46b22c8-e6d2-4047-8bd5-a50a4f20564c	794	Viesturs Silis	M	M45-49	66	5:26:37	0:31:50	0:07:12	2:42:54	0:04:46	1:59:55	Latvia	
acab9aee-f95b-f011-bec1-000d3a5b7c3b	795	Tamara Stoiko	F	F40-44	10	5:26:37	0:44:17	0:05:01	2:44:12	0:03:30	1:49:37	Ukraine	
2fceba9d-be93-f011-b4cc-6045bd09951e	796	Rasmus Lehrmann	M	M18-24	107	5:26:46	0:53:03	0:07:08	2:30:19	0:06:29	1:49:46	Denmark	
fd46b663-0026-42bd-9d3b-b3639d0e9da9	797	Patric Schüle	M	M30-34	115	5:26:57	0:40:41	0:05:52	2:43:07	0:05:43	1:51:34	Germany	
4cb96689-9f55-4bc3-b189-52b5e60cd95c	798	Ament Thomas	M	M18-24	108	5:26:59	0:44:22	0:11:27	2:32:38	0:05:53	1:52:40	United Kingdom	
29d7f366-e081-f011-b4cb-6045bd052386	799	Wilfried Dardenne	M	M30-34	116	5:27:11	0:40:07	0:07:09	2:42:33	0:03:59	1:53:24	France	
046987f4-1646-f011-877a-6045bd09951e	800	Thomas Nickel	M	M30-34	117	5:27:12	0:40:44	0:08:32	2:37:11	0:04:58	1:55:48	Germany	
0ed5c815-6720-440a-a566-731739c27fe1	801	Lisa Wulf	F	F30-34	19	5:27:14	0:41:19	0:05:49	2:41:39	0:04:47	1:53:40	Germany	
b0c97ab6-8756-4457-b538-98f6d6aefc15	802	Marcus Bernstein	M	M35-39	90	5:27:18	0:38:14	0:05:01	2:49:27	0:02:45	1:51:50	Germany	
95902fdf-4982-f011-b4cc-000d3a5b7c3b	803	Nick Brabender	M	M25-29	154	5:27:21	0:40:04	0:07:18	2:43:04	0:05:07	1:51:48	Germany	
77db454d-46ea-4140-906a-756f568a2972	804	Florian Möschter	M	M40-44	77	5:27:22	0:40:26	0:07:57	2:37:43	0:05:18	1:55:58	Germany	
b1f05225-ca5c-4f79-a383-af46616a3503	805	Koen Van Der Kouwe	M	M45-49	67	5:27:26	0:32:09	0:05:39	2:32:47	0:03:27	2:13:23	Netherlands	
d30118b6-27ab-f011-bbd3-000d3a3173b5	806	Kira Gatza	F	F18-24	25	5:27:32	0:35:21	0:04:15	2:44:26	0:02:38	2:00:52	Germany	
0ad9db0e-9cb9-f011-bbd3-6045bd0194a5	807	Louis Leinenbach		M18-24	109	5:27:35	0:33:50	0:10:21	2:55:00	0:07:03	1:41:21	Germany	
eb3548a0-4378-f011-b4cb-000d3a5b7c3b	808	Joshua Howells	M	M25-29	155	5:27:37	0:36:21	0:08:35	2:35:53	0:04:27	2:02:21	United Kingdom	
dbaec4cb-63cf-4fda-8cf3-7a2b65e63acd	809	Marion Trowe	F	F45-49	8	5:27:38	0:41:24	0:05:19	2:45:36	0:02:56	1:52:24	Germany	
aa975f4d-50a1-f011-bbd3-000d3a5cf7d8	810	Philipp Krautenbacher	M	M35-39	91	5:27:39	0:40:55	0:05:28	2:46:37	0:02:45	1:51:54	Germany	
020e7fff-c888-48a6-a71b-9d85507621bb	811	Ivonne Lippold	F	F30-34	20	5:27:42	0:43:03	0:06:12	2:45:13	0:03:33	1:49:42	Germany	
4e86c174-65c1-f011-bbd3-000d3a5cf7d8	812	Hermann Müller	M	M18-24	110	5:27:51	0:38:45	0:06:31	2:42:31	0:06:13	1:53:51	Germany	
3b9bef1c-8dd0-f011-bbd3-6045bd05fcc1	813	Danny Mellor	M	M30-34	118	5:27:53	0:45:34	0:05:48	2:34:02	0:04:43	1:57:45	Germany	
ba9473f6-bcef-f011-8406-00224804742c	814	Jan-Niclas Weeser	M	M30-34	119	5:27:53	0:37:33	0:08:56	2:40:21	0:03:50	1:57:14	Germany	
0a25b350-6134-49e6-a6f7-33347d86180c	815	Archie Dent	M	M30-34	120	5:27:53	0:47:13	0:06:08	2:43:06	0:05:10	1:46:17	United Kingdom	
d2b28746-5344-484a-8ec0-58cbb08ecbab	816	Veronica Zarri	F	F40-44	11	5:27:54	0:41:45	0:05:35	2:51:51	0:03:40	1:45:04	Italy	
9b616823-86da-f011-8544-000d3a5cf7d8	817	Luuk van den Boogaard	M	M25-29	156	5:27:54	0:43:20	0:08:14	2:38:37	0:05:50	1:51:53	Netherlands	
2ee75778-6fc0-f011-bbd3-0022480c097c	818	Johannes Schädel	M	M40-44	78	5:27:57	0:37:48	0:07:31	2:40:40	0:04:59	1:56:59	Germany	
c6db4906-33ba-f011-bbd2-000d3a5b7c3b	819	Dawid Gancarz	M	M30-34	121	5:28:03	0:48:04	0:05:04	2:29:00	0:03:55	2:02:00	Poland	
73b6c9f1-cfd7-4d85-9f9e-db8110541554	820	Miri Jaa	F	F50-54	4	5:28:04	0:36:06	0:03:21	2:36:44	0:03:58	2:07:55	Germany	
1d4b9d56-e5c2-f011-bbd3-6045bd09951e	821	Florint Kroi	M	M30-34	122	5:28:09	0:39:45	0:08:58	2:32:22	0:06:10	2:00:54	Greece	
651d91b9-a6c6-f011-bbd2-000d3a5b5fc7	822	Martijn van Herk	M	M40-44	79	5:28:11	0:35:41	0:04:49	2:36:14	0:04:11	2:07:16	Netherlands	
06a59db6-ae9f-f011-b41c-000d3a3173b5	823	Håkon Jensen	M	M30-34	123	5:28:13	0:38:05	0:04:57	2:48:29	0:04:11	1:52:31	Norway	
782470be-d6f1-4ae0-b463-7ca2d9bb0e24	824	Luca Epe	M	M25-29	157	5:28:18	0:44:14	0:05:40	2:44:47	0:06:39	1:46:58	Germany	
8839f810-2969-498b-bef4-bfcbaa8fafde	825	Juan Miguel Delgado	M	M40-44	80	5:28:21	0:38:38	0:04:23	2:33:45	0:04:20	2:07:15	Costa Rica	
c48c7138-b559-f011-bec2-6045bd05fcc1	826	Jannes Matthes	M	M18-24	111	5:28:24	0:34:54	0:05:24	2:28:08	0:04:06	2:15:51	Germany	
454d398e-398b-4ef0-a4c2-6683c91d3056	827	Søren Sillesen	M	M55-59	25	5:28:38	0:41:21	0:06:39	2:36:32	0:08:02	1:56:04	Denmark	
b91192d4-c338-f111-88b4-0022480b84a3	828	Nicholas Dazzi	M	M18-24	112	5:28:38	0:43:56	0:04:21	2:37:24	0:04:44	1:58:14	Switzerland	
fd3f3f84-0ada-f011-8543-6045bd05fcc1	829	Tanja Pesamosca	F	F30-34	21	5:28:40	0:47:38	0:09:32	2:50:15	0:05:00	1:36:15	Germany	
3ee1c651-7474-412b-8270-aeb5f8a66f06	830	Bert Mueller	M	M55-59	26	5:28:45	0:38:08	0:06:46	2:37:43	0:06:57	1:59:10	Germany	
893e0dac-4d8f-4591-8f42-19bb6877ec17	831	Steffen Möller	M	M55-59	27	5:28:52	0:39:06	0:06:47	2:49:39	0:04:44	1:48:36	Germany	
c2ac0700-03d9-f011-8544-000d3a35ffc1	832	Rene Piper	M	M35-39	92	5:28:53	0:39:59	0:07:53	2:44:21	0:07:34	1:49:05	Germany	
d6c0efae-ee68-f011-bec3-6045bd05f634	833	Ola Kinserdal	M	M25-29	158	5:28:53	0:41:13	0:07:01	2:46:42	0:04:20	1:49:37	Norway	
28180e8d-9db8-ef11-b8e8-6045bd088264	834	Michael Slettebakk	M	M30-34	124	5:28:53	0:46:56	0:06:31	2:41:43	0:03:43	1:50:00	Norway	
95d6d9a5-ff1e-4f73-812f-30bcb2ce8fb1	835	Philipp Schwittek	M	M30-34	125	5:28:59	0:40:05	0:07:47	2:51:20	0:06:02	1:43:45	Germany	
bdc84987-cffc-43d4-a440-ffd8b266fde0	836	Sebastian Valet	M	M45-49	68	5:29:01	0:43:32	0:05:46	2:35:58	0:04:09	1:59:36	Germany	
c7c92d9f-86c8-f011-bbd2-6045bd09e913	837	Gregor Blaszczyk	M	M50-54	49	5:29:04	0:46:10	0:09:52	2:40:02	0:06:10	1:46:49	Germany	
e1cfd7d1-09d8-4139-861c-eeeda78672b9	838	Jens Trepke	M	M50-54	50	5:29:19	0:36:02	0:07:20	2:33:15	0:07:24	2:05:18	Germany	
9e503e0e-7564-45b4-9dcd-e19c74b854d4	839	gustavo Flamma	M	M60-64	10	5:29:20	0:34:09	0:03:56	2:40:16	0:03:50	2:07:09	Argentina	
6e1b3cf6-c5b0-ee11-a568-000d3a302ebf	840	Kasper De Vuyst	M	M60-64	11	5:29:25	0:36:30	0:09:10	2:35:17	0:11:11	1:57:18	Belgium	
d2c158c6-51de-f011-8544-6045bd05f634	841	Vanessa Peters	F	F30-34	22	5:29:28	0:37:18	0:05:07	2:42:31	0:03:49	2:00:42	Germany	
5ad22234-a80c-f011-9988-000d3a3173b5	842	Eric Föhrenbacher	M	M30-34	126	5:29:31	0:40:37	0:07:30	2:39:45	0:04:40	1:56:59	Germany	
0c5e9daf-0e42-f011-b4cb-000d3a35ffc1	843	Amelie Kersten	F	F18-24	26	5:29:32	0:36:18	0:06:07	2:44:18	0:05:18	1:57:30	Germany	
972f0afa-f7e6-f011-8544-000d3a5b50ba	844	Céline Fille	F	F25-29	30	5:29:32	0:32:20	0:05:44	2:43:51	0:02:54	2:04:43	Unknown	
e8eb9cb4-3916-f011-998a-000d3a35ffc1	845	Thies Marwitz	M	M30-34	127	5:29:33	0:41:10	0:06:36	2:45:35	0:06:09	1:50:03	Germany	
7f829c2d-45a1-f011-bbd3-000d3a5b50ba	846	Maximilian Lüders	M	M25-29	159	5:29:36	0:54:32	0:09:59	2:38:58	0:05:04	1:41:02	Germany	
8d70d6a8-dc93-f011-b4cc-000d3a5b7c3b	847	Ben Jürgens	M	M25-29	160	5:29:38	0:47:24	0:10:56	2:23:44	0:08:12	1:59:21	Germany	
00659bc7-c0e9-496b-91aa-945c2cca89cf	848	Udo Raumann	M	M55-59	28	5:29:40	0:31:22	0:06:00	2:42:33	0:04:22	2:05:23	Germany	
f842e3f6-15ef-f011-8406-6045bd01eb6c	849	Tomasz Burgiel	M	M35-39	93	5:29:43	0:43:02	0:04:15	2:49:33	0:03:06	1:49:47	Poland	
8f9c1618-0b76-ef11-a670-6045bd05a110	850	Kevin Hegemann	M	M30-34	128	5:29:46	0:35:12	0:05:09	2:30:49	0:03:54	2:14:42	Germany	
b6913c33-48a1-f011-bbd3-6045bd05fcc1	851	Benjamin von Hagen	M	M25-29	161	5:29:47	0:42:29	0:07:27	2:39:54	0:05:16	1:54:40	Germany	
3ccdabcc-1c91-ef11-ac21-000d3a5a1803	852	Julia Jansson Edling	F	F25-29	31	5:29:58	0:37:34	0:04:17	2:50:36	0:05:16	1:52:15	Sweden	
e4ff607a-4c94-f011-b4cc-0022480a7385	853	Jonas Petter	M	M25-29	162	5:29:59	0:42:27	0:06:12	2:53:54	0:04:13	1:43:13	Germany	
8e4237da-a7d9-f011-8543-6045bd05fcc1	854	Per Wagener	M	M18-24	113	5:30:05	0:30:56	0:06:14	2:52:03	0:04:44	1:56:09	Germany	
d4dd606e-74cb-f011-bbd2-000d3a5b5fc7	855	Lewis Moore	M	M25-29	163	5:30:15	0:47:20	0:06:40	2:50:52	0:06:00	1:39:23	United Kingdom	
40a47851-a7fb-45e7-bad2-26484a8eab75	856	Fritz Müller	M	M45-49	69	5:30:26	0:46:51	0:07:13	2:43:20	0:05:22	1:47:39	Germany	
ad3b20a1-1322-4797-b372-9acb261137e3	857	Matias Leonardo Bacci	M	M25-29	164	5:30:26	0:34:58	0:06:29	2:40:58	0:04:21	2:03:42	Italy	
be5dba39-ef94-49ee-a83e-6a02fd330a8d	858	Marius Bloch	M	M30-34	129	5:30:31	0:41:59	0:08:40	2:45:49	0:07:15	1:46:48	Germany	
7fd550d6-11e3-f011-8544-000d3a5b7c3b	859	Frances Schofield	F	F25-29	32	5:30:33	0:32:10	0:04:53	2:59:29	0:05:49	1:48:12	United Kingdom	
13f0a449-1499-f011-b4cc-6045bd09951e	860	Yannic Buchwalder	M	M18-24	114	5:30:36	0:41:50	0:06:52	2:51:29	0:03:13	1:47:12	Germany	
7bf3144c-6eb6-f011-bbd3-0022480c097c	861	Lars Behr	M	M50-54	51	5:30:40	0:38:55	0:08:15	2:40:51	0:05:21	1:57:17	Germany	
c0e25fa4-07e3-f011-8544-000d3a3173b5	862	Petter Gulliksen	F	M25-29	165	5:30:45	0:47:37	0:07:08	2:40:38	0:04:39	1:50:43	Norway	
6354db7c-83c8-f011-bbd3-000d3a5cf7d8	863	John Zumpe	M	M18-24	115	5:30:57	0:43:54	0:05:06	2:43:45	0:04:59	1:53:13	Germany	
3e8ed0b7-2d92-ef11-ac21-000d3a5a1803	864	Rick Baas	M	M18-24	116	5:31:00	0:47:36	0:07:36	2:47:14	0:04:57	1:43:36	Netherlands	
cd7d4c2a-3dd3-4c8f-ba85-753be50a98ac	865	Raphael Künzi	M	M35-39	94	5:31:01	0:38:29	0:06:18	2:45:34	0:05:18	1:55:22	Switzerland	
e9f48d43-18e7-4ab0-b3c2-e4bbf1de9423	866	Matthias Meixner	M	M60-64	12	5:31:05	0:44:35	0:06:44	2:43:04	0:05:35	1:51:07	Germany	
b2ac3883-65db-f011-8544-000d3a3173b5	867	Patrick Shortt	M	M25-29	166	5:31:11	0:45:53	0:05:32	2:53:03	0:04:58	1:41:44	United Kingdom	
6f7f4977-b1be-4833-bd35-2e930bab54c8	868	Ladislav Kratochvíl	M	M55-59	29	5:31:19	0:34:25	0:06:10	2:38:16	0:04:51	2:07:37	Czech Republic	
0448282f-6beb-40ae-a94d-b1482f05c3e3	869	Torsten SEIFERT	M	M45-49	70	5:31:27	0:45:25	0:05:14	2:40:26	0:04:27	1:55:55	Germany	
8bb93324-1b5b-f011-bec2-000d3a5cf7d8	870	Mathijs Kreisel	M	M18-24	117	5:31:30	0:40:38	0:07:51	2:52:49	0:07:24	1:42:48	Netherlands	
7c98a203-64ee-f011-8406-00224804742c	871	Benjamin Marz	M	M18-24	118	5:31:35	0:40:30	0:05:13	2:44:23	0:02:17	1:59:11	Germany	
84c0119f-ed5c-f011-bec2-000d3a35ffc1	872	Simon Seger	M	M18-24	119	5:31:40	0:42:26	0:06:39	2:43:24	0:04:29	1:54:42	Germany	
b7119c7f-a997-f011-b4cc-000d3a5b7c3b	873	Niklas Bomholdt Andersen	M	M18-24	120	5:31:44	0:42:47	0:09:11	2:35:32	0:05:59	1:58:15	Denmark	
4f9008b4-029b-f011-b4cc-000d3a3173b5	874	Robin Merten	M	M30-34	130	5:31:50	0:40:48	0:06:24	2:45:40	0:03:20	1:55:37	Germany	
6efd15b1-be93-f011-b4cb-6045bd0a1bec	875	Isabella Konzen	F	F25-29	33	5:31:51	0:42:43	0:06:18	2:56:02	0:06:55	1:39:54	Germany	
6fe09ec0-aac8-f011-bbd3-000d3a5cf7d8	876	Katherine Shiel-Rankin	F	F25-29	34	5:31:54	0:30:17	0:06:11	2:58:30	0:06:41	1:50:15	United Kingdom	
eb9dbd0f-4d3c-f011-b4cb-000d3a5c3d6c	877	Raphael Wulf	M	M40-44	81	5:31:57	0:37:38	0:06:06	2:45:28	0:04:15	1:58:29	Germany	
97ea24ec-335e-f011-bec1-0022480c097c	878	Marléne-Sophie Grün	F	F30-34	23	5:31:57	0:44:49	0:07:30	2:41:48	0:06:29	1:51:22	Germany	
b01c02a0-f39e-f011-b41c-6045bd05f634	879	Jan Schnatbaum	M	M30-34	131	5:31:59	0:42:33	0:10:16	2:40:01	0:07:11	1:51:59	Germany	
8ff368d7-0de1-f011-8543-6045bd05fcc1	880	František Petrouš	M	M30-34	132	5:32:00	0:36:39	0:07:18	2:43:07	0:07:15	1:57:41	Czech Republic	
48ef6f66-e39d-f011-b41c-6045bd05fcc1	881	Mariella Faul	F	F18-24	27	5:32:01	0:35:00	0:04:49	2:52:07	0:04:36	1:55:27	Germany	
e459fe62-d793-f011-b4cb-002248098cfa	882	Mona Lee Blanke	F	F25-29	35	5:32:04	0:39:17	0:04:21	2:41:23	0:02:49	2:04:14	Germany	
fb7b1c0c-8693-f011-b4cc-6045bd05f634	883	Fabian Braun	M	M25-29	167	5:32:20	0:45:43	0:05:16	2:46:44	0:04:03	1:50:34	Germany	
70a42497-a5f0-4fdf-b2f3-318618db3144	884	Frank Van Rooyen	M	M35-39	95	5:32:25	0:34:54	0:06:40	2:37:22	0:05:44	2:07:45	Germany	
eb717b48-bf93-f011-b4cc-000d3a5b50ba	885	Kim Pfefferkorn	F	F25-29	36	5:32:32	0:38:26	0:06:06	2:44:37	0:05:32	1:57:51	Germany	
66b88560-5d64-43dc-aa99-f63e09312405	886	Michael Maertens	M	M50-54	52	5:32:35	0:40:15	0:03:53	2:45:22	0:03:22	1:59:43	Germany	
6dd887e2-15cd-f011-bbd3-000d3a3173b5	887	Gerrit Voortman	M	M25-29	168	5:32:36	0:43:55	0:06:36	2:39:54	0:06:23	1:55:49	Netherlands	
9f00ff4a-18d4-f011-8544-000d3a5b7c3b	888	Jens Hertäg	M	M45-49	71	5:32:39	0:37:15	0:05:36	2:46:20	0:04:20	1:59:09	Germany	
97f4a1fb-8bab-f011-bbd3-000d3a5b50ba	889	Vegard Meek	M	M18-24	121	5:32:45	0:44:55	0:06:18	2:38:34	0:04:20	1:58:38	Norway	
a4b19a92-0dd8-f011-8544-000d3a5b7c3b	890	Boje Vermunt	M	M18-24	122	5:33:02	0:42:44	0:05:54	2:50:23	0:06:13	1:47:49	Netherlands	
80f3dbae-2849-4047-9366-0dd3a2be6a1d	891	Andre Herter	M	M50-54	53	5:33:03	0:40:06	0:05:19	2:39:48	0:05:37	2:02:15	Germany	
3ccce7e8-2f9e-f011-b41c-6045bd05fcc1	892	Johannes Dybbro	M	M18-24	123	5:33:07	0:38:39	0:05:12	2:28:05	0:03:52	2:17:18	Denmark	
db0595d1-aad2-f011-8543-6045bd05fcc1	893	Gheorghe Cîrjaliu	M	M40-44	82	5:33:10	0:43:22	0:05:57	3:01:22	0:05:52	1:36:37	Romania	
afe5f2bc-96ae-f011-bbd3-0022480c097c	894	Mattias Galeazzi	M	M30-34	133	5:33:12	0:39:17	0:06:49	2:45:13	0:04:19	1:57:34	Italy	
288e556b-54ee-f011-8407-6045bd09fcf5	895	Maximilian Franz	M	M30-34	134	5:33:16	0:36:27	0:08:48	2:48:41	0:05:59	1:53:21	Germany	
588fd6ce-6994-f011-b4cc-000d3a5b7c3b	896	Thomas Driessen	M	M18-24	124	5:33:28	0:49:12	0:05:19	2:46:01	0:09:17	1:43:39	Netherlands	
33c0a8e1-d999-f011-b4cb-7ced8d6e2ae5	897	Ineke Murra	F	F45-49	9	5:33:29	0:39:27	0:05:21	2:38:07	0:06:25	2:04:08	Netherlands	
f3905bca-4488-4b71-8aa2-d586b45dc06b	898	Anneke Van Paassen	F	F60-64	1	5:33:30	0:35:35	0:05:00	2:45:32	0:05:52	2:01:30	Netherlands	
b249edac-07e7-f011-8543-000d3a5b5fc7	899	Pavel Huza	M	M35-39	96	5:33:31	0:43:30	0:07:20	2:54:38	0:06:48	1:41:15	Czech Republic	
9828b493-7394-f011-b4cc-6045bd05f634	900	Yannis Schalla	M	M25-29	169	5:33:37	0:39:56	0:06:38	2:56:38	0:05:42	1:44:43	Germany	
47f5c18b-e393-f011-b4cc-000d3a35ffc1	901	Simon Breidenbach	M	M30-34	135	5:33:40	0:41:55	0:08:31	2:53:55	0:05:15	1:44:05	Germany	
88d37e04-db93-f011-b4cc-000d3a5b7c3b	902	Aelita Rahimov	F	F35-39	19	5:33:52	0:48:32	0:07:39	2:48:53	0:05:13	1:43:35	Germany	
5a936e0d-fb6c-ef11-a671-6045bd0953ac	903	Johann-Benjamin Kämpfe	M	M40-44	83	5:33:52	0:43:28	0:08:42	2:50:39	0:04:56	1:46:07	Germany	
e5554f7a-d451-f011-877a-6045bd05f634	904	Joel Wohlang	M	M18-24	125	5:33:55	0:39:31	0:04:54	2:44:35	0:06:24	1:58:32	Germany	
3bbf8dd4-badc-ef11-8ee9-000d3a592251	905	Quinten Hensen	M	M25-29	170	5:33:55	0:48:09	0:09:48	2:38:43	0:06:37	1:50:38	Netherlands	
0cef4387-e4d9-f011-8544-000d3a5b7c3b	906	Theresia Ketterer	F	F30-34	24	5:34:00	0:41:55	0:07:02	2:46:08	0:04:10	1:54:45	Germany	
b1a0b162-0672-4241-acf7-e1935ae996f4	907	Franz Kreuzer	M	M35-39	97	5:34:03	0:40:48	0:06:35	2:51:49	0:03:45	1:51:07	Germany	
89d7c4fd-f793-f011-b4cc-000d3a5cf7d8	908	Gero Saupe	M	M30-34	136	5:34:05	0:32:22	0:05:57	2:45:59	0:06:01	2:03:46	Germany	
540e3366-75b6-f011-bbd3-000d3a5b50ba	909	Hagen Heigel	M	M50-54	54	5:34:11	0:44:51	0:06:27	2:44:56	0:04:35	1:53:23	Germany	
5a027783-48a5-f011-bbd3-000d3a5b7c3b	910	Rene Vogt	M	M30-34	137	5:34:15	0:49:09	0:06:16	2:40:21	0:03:21	1:55:08	Germany	
740a3688-89a0-45a1-a397-8bb4a65631ed	911	Johan Carlstroem	M	M45-49	72	5:34:16	0:37:41	0:05:55	2:49:53	0:04:46	1:56:02	Sweden	
9a826d7c-f797-f011-b4cc-000d3a3173b5	912	Oscar González Couso	M	M40-44	84	5:34:24	0:37:51	0:07:52	2:42:01	0:05:26	2:01:14	Spain	
434543ea-13ad-f011-bbd3-000d3a5cf7d8	913	Christoph PSCHORN	M	M40-44	85	5:34:28	0:38:25	0:07:26	2:42:31	0:04:15	2:01:51	Germany	
4aefffb2-8b33-43b8-9377-13d620cf20f8	914	Alexander Goos	M	M40-44	86	5:34:38	0:38:20	0:10:23	2:46:11	0:07:52	1:51:52	Germany	
3686e966-a4eb-ef11-9341-00224808baeb	915	Anders Meyer	M	M25-29	171	5:34:40	0:42:05	0:05:37	2:26:53	0:05:00	2:15:06	Denmark	
d575fda6-3fb8-44ca-a7a4-8a854f11fc13	916	Lukasz Karwala	M	M45-49	73	5:34:48	0:35:54	0:09:05	2:44:14	0:06:55	1:58:40	Poland	
d01aa020-6de2-4c0d-b5c7-b253b371c6ef	917	Grzegorz Karpowicz	M	M40-44	87	5:34:51	0:50:02	0:05:26	2:40:24	0:03:50	1:55:08	Poland	
e05c802c-74af-f011-bbd3-000d3a5b7c3b	918	Jonas Just Pedersen	M	M18-24	126	5:34:54	0:40:51	0:05:49	2:34:13	0:07:09	2:06:52	Denmark	
79b65c88-67a6-f011-bbd3-6045bd05fcc1	919	Kim Kraushaar	F	F35-39	20	5:35:03	0:38:27	0:05:06	2:58:23	0:05:35	1:47:33	Germany	
025c3901-3be6-f011-8544-000d3a5b50ba	920	Jelle Flathmann	M	M25-29	172	5:35:14	0:41:40	0:07:57	2:33:41	0:04:52	2:07:04	Germany	
19c5d8ae-0ef4-487d-8a87-d7aa59924b4b	921	Rene Knohse	M	M35-39	98	5:35:22	0:39:23	0:07:03	2:30:40	0:07:10	2:11:05	Germany	
d937e0a5-6e6d-f011-bec3-000d3a35ffc1	922	Timo Maximilian Boekhoff	M	M30-34	138	5:35:27	0:44:37	0:06:36	2:40:43	0:07:25	1:56:06	Germany	
7f0feea0-a89f-f011-b41b-6045bd077a67	923	Max Haskell	M	M25-29	173	5:35:30	0:44:28	0:06:36	2:54:23	0:05:07	1:44:57	United Kingdom	
ae8030a1-01dd-f011-8544-000d3a5b7c3b	924	Benjamin Parker	M	M30-34	139	5:35:32	0:38:49	0:05:32	2:41:33	0:06:55	2:02:42	South Africa	
86e6e7d0-0ba5-f011-bbd3-000d3a35ffc1	925	Arnaud JUIN DE FAUCAL	M	M30-34	140	5:35:37	0:48:38	0:05:45	2:41:04	0:04:41	1:55:29	France	
15a8b5cd-c093-f011-b4cc-0022480c097c	926	Holger Schwencke	M	M40-44	88	5:35:42	0:37:48	0:06:16	2:46:57	0:04:18	2:00:23	Germany	
17c1ce8a-f34d-4b4b-bfe6-9f7ce16cb9cc	927	Théo Schifferli	M	M25-29	174	5:35:48	0:33:24	0:05:48	2:56:11	0:07:14	1:53:10	Switzerland	
ab208918-0c9d-ef11-8a6a-000d3a30152c	928	Alena Mara Brenner	F	F18-24	28	5:35:50	0:46:48	0:07:52	2:34:34	0:05:02	2:01:35	Germany	
c915bc01-9f61-f011-bec3-6045bd05fcc1	929	Philipp Stange	M	M35-39	99	5:35:51	0:48:46	0:04:37	2:35:47	0:02:33	2:04:09	Germany	
2e1b6ed3-2a28-4aa5-9633-daf396c8bd9d	930	Stephan Oestmann	M	M50-54	55	5:35:51	0:41:16	0:09:31	2:39:30	0:06:23	1:59:11	Germany	
0adf68c4-c9d6-f011-8544-000d3a5b50ba	931	Levi Krüger	M	M25-29	175	5:35:52	0:48:24	0:09:52	2:40:00	0:10:38	1:46:58	Germany	
e0c9be97-cc97-f011-b4cc-000d3a3173b5	932	Wiebke Beckers	F	F30-34	25	5:35:52	0:42:55	0:05:06	2:52:57	0:03:50	1:51:05	Germany	
9ee1ce01-ffd0-f011-bbd3-000d3a5b50ba	933	Philipp Siebelt	M	M45-49	74	5:35:55	0:44:32	0:07:15	2:46:52	0:05:01	1:52:14	Germany	
c5130f9d-0105-4a5e-a562-bac847e26a02	934	Björn Nowak	M	M55-59	30	5:35:57	0:40:10	0:05:26	2:36:55	0:07:48	2:05:37	Germany	
8b708137-25d5-f011-8544-000d3a3173b5	935	Dénes Ákos Tapasztó	M	M18-24	127	5:36:21	0:38:34	0:07:23	2:36:44	0:06:09	2:07:31	Hungary	
fc0ea69d-bcf6-f011-8406-6045bd06566a	936	Samuel Griffith	M	M25-29	176	5:36:21	0:37:16	0:05:48	2:53:29	0:03:46	1:56:01	United Kingdom	
51fdc3cb-600a-f111-8406-002248046ec8	937	Dmitrii Tsaregorodtsev	M	M25-29	177	5:36:25	0:44:18	0:06:47	2:49:47	0:04:50	1:50:43	Unknown	
0a06ad22-d2e8-f011-8544-000d3a5b50ba	938	Henrik Müller	M	M30-34	141	5:36:37	0:43:41	0:06:37	2:42:00	0:05:53	1:58:25	Germany	
0654a875-fa93-f011-b4cc-0022480c097c	939	Henning Boyens	M	M18-24	128	5:36:38	0:32:55	0:06:34	2:46:51	0:03:57	2:06:20	Germany	
cfef946a-07e3-f011-8544-000d3a5cf7d8	940	Zoe Koerber	F	F18-24	29	5:36:40	0:38:36	0:04:25	2:50:34	0:04:52	1:58:14	Germany	
13670713-2db5-4368-b173-6e93876a6e4f	941	Fine Bussing	F	F35-39	21	5:36:41	0:40:05	0:06:55	2:41:06	0:06:10	2:02:26	Germany	
af554967-979b-f011-b41c-0022480a7385	942	David Assmann	M	M25-29	178	5:36:42	0:47:40	0:11:52	2:27:27	0:06:42	2:03:01	Germany	
4fb68c15-cbc7-f011-bbd2-000d3a5b5fc7	943	Lousewies Steur	F	F18-24	30	5:36:44	0:37:31	0:05:01	2:43:58	0:03:58	2:06:16	Unknown	
39f95243-4ca1-f011-bbd3-000d3a5b50ba	944	Nils Stockbrügger	M	M18-24	129	5:36:49	0:39:40	0:06:41	2:43:00	0:05:58	2:01:28	Germany	
d79e32d6-2ee7-f011-8544-000d3a35ffc1	945	Luis Kesten	M	M25-29	179	5:37:11	0:36:34	0:07:47	2:55:11	0:08:33	1:49:06	Germany	
534c7db4-be79-4b57-b1f3-e127900ed26b	946	Kirsten Egelund Mouridtsen	F	F50-54	5	5:37:16	0:48:44	0:05:36	2:35:17	0:04:24	2:03:14	Denmark	
9681eed4-bc16-47e5-b58e-801f0b0c4034	947	Cornelia Krill	F	F40-44	12	5:37:16	0:34:41	0:05:07	2:42:18	0:06:42	2:08:28	Germany	
717b58e3-4fe9-f011-8544-000d3a5b7c3b	948	Tiegan Ball	F	F25-29	37	5:37:20	0:40:37	0:05:47	2:40:14	0:09:01	2:01:41	United Kingdom	
47ca6014-b771-ef11-a671-000d3a371e3b	949	Jannick Landwehr	M	M30-34	142	5:37:23	0:39:07	0:07:08	2:44:46	0:04:09	2:02:13	Germany	
6bc77a11-d3d4-f011-8544-000d3a3173b5	950	Victoria Honnen	F	F25-29	38	5:37:24	0:44:14	0:06:24	2:41:15	0:03:41	2:01:50	Belgium	
c41eb30f-87f1-4b58-855b-c6cc9410f0ec	951	Bernie Wolff	F	F45-49	10	5:37:28	0:38:08	0:07:10	2:49:03	0:04:34	1:58:34	United Kingdom	
f176a0fe-c893-f011-b4cc-000d3a35ffc1	952	Antje Wieneke	F	F30-34	26	5:37:31	0:42:26	0:03:50	2:45:14	0:03:21	2:02:39	Germany	
9af0abb6-91da-45b7-b7ee-d55dbd318545	953	Kyra Schlemminger	F	F25-29	39	5:37:33	0:30:58	0:04:00	2:43:46	0:04:14	2:14:33	Germany	
e3d197c7-c060-ef11-bfe3-6045bd0953ac	954	Moritz Pitka	M	M30-34	143	5:37:42	0:36:30	0:07:16	2:39:31	0:10:35	2:03:51	Germany	
3d73a584-b093-44a3-a8a8-9cb8068f613c	955	Laura Fremgen	F	F30-34	27	5:37:59	0:38:19	0:04:24	2:50:47	0:02:57	2:01:31	Germany	
73bcf06a-cde4-f011-8544-000d3a5cf7d8	956	Oliver Eifler	M	M40-44	89	5:37:59	0:41:07	0:07:58	2:36:20	0:07:21	2:05:14	Germany	
8abbd3d0-6d9d-f011-b41c-6045bd05fcc1	957	Johanna Dittmar	F	F18-24	31	5:38:00	0:42:01	0:05:55	2:49:52	0:04:25	1:55:47	Germany	
c6c9d44d-36e0-f011-8544-000d3a3173b5	958	Armin Ramic	M	M25-29	180	5:38:02	0:41:34	0:08:08	2:43:13	0:07:49	1:57:18	Germany	
d86aa075-db96-f011-b4cc-000d3a5cf7d8	959	Sebastian Fahr	M	M40-44	90	5:38:04	0:44:45	0:06:37	2:44:43	0:07:20	1:54:39	Germany	
45f7db87-0eea-f011-8544-6045bd09951e	960	Donna van Wijgerden	F	F18-24	32	5:38:13	0:42:56	0:04:59	2:47:38	0:06:26	1:56:14	Netherlands	
80f1ab30-3ace-f011-bbd3-000d3a5cf7d8	961	Daniel Hesse	M	M25-29	181	5:38:14	0:47:03	0:09:20	2:36:33	0:09:34	1:55:44	Germany	
032308b4-645d-f011-bec2-000d3a5b50ba	962	Aybike Alpaslan	F	F30-34	28	5:38:14	0:47:08	0:09:59	2:50:28	0:08:46	1:41:54	Turkey	
872c6359-c893-f011-b4cb-6045bd0a1bec	963	Alexander Fritzsche	M	M45-49	75	5:38:22	0:38:09	0:11:14	2:42:29	0:05:41	2:00:49	Germany	
e827321e-196a-ef11-bfe3-000d3a371e3b	964	Mille Erlandsson	M	M18-24	130	5:38:26	0:45:48	0:05:38	2:51:48	0:02:38	1:52:34	Sweden	
e8a6ec00-54d1-f011-bbd3-6045bd05fcc1	965	Daniel Izzo	M	M30-34	144	5:38:28	0:48:24	0:08:04	2:39:00	0:06:46	1:56:14	Germany	
96742ba5-3309-4dcf-950c-f50b2efc8e6c	966	Henrik Carlson	M	M45-49	76	5:38:39	0:40:53	0:05:34	2:35:34	0:05:40	2:10:58	Denmark	
918607d4-48d8-41ac-b7ee-e14c053235fe	967	Michael Krüger	M	M40-44	91	5:38:41	0:43:53	0:07:20	2:40:07	0:04:52	2:02:29	Germany	
0725cc6f-6bf1-f011-8407-00224805e61c	968	Aaron Friebel	M	M18-24	131	5:38:42	0:44:44	0:10:03	2:46:07	0:06:30	1:51:19	Netherlands	
bb8278c3-fb8b-47f0-bf77-90b08ab08114	969	Annika Ueberberg	F	F40-44	13	5:38:47	0:37:46	0:05:36	2:44:21	0:04:26	2:06:38	Germany	
64519326-a015-4c5f-9879-87d0dddb0e80	970	Marta Maksymyak	F	F30-34	29	5:38:57	0:43:23	0:08:06	2:48:23	0:04:41	1:54:25	Ukraine	
41351423-c672-4e88-9cc2-6bde05c733b1	971	Ernst Würger	M	M30-34	145	5:38:59	0:39:59	0:05:42	2:47:08	0:03:33	2:02:38	Germany	
8489592f-b49b-f011-b41c-000d3a35ffc1	972	Anneke Nijenhuis	F	F35-39	22	5:39:00	0:42:26	0:06:36	2:49:28	0:07:04	1:53:27	Netherlands	
2e2b86cf-dd93-f011-b4cc-6045bd09951e	973	Tobias Niemeier	M	M35-39	100	5:39:02	0:50:30	0:06:48	2:47:25	0:05:31	1:48:48	Germany	
c42b3964-5094-f011-b4cc-000d3a5b50ba	974	Sven Sprunck	M	M35-39	101	5:39:05	0:37:22	0:08:10	2:49:56	0:04:33	1:59:04	Germany	
b6cd5ac8-be93-f011-b4cc-000d3a5b50ba	975	Saskia Meenken	F	F30-34	30	5:39:06	0:42:02	0:06:47	2:55:49	0:05:44	1:48:44	Germany	
6710e4d2-6ac4-f011-bbd3-002248098cfa	976	Flo Schwehr	M	M25-29	182	5:39:08	0:44:15	0:09:25	2:45:51	0:05:22	1:54:15	Germany	
93f00659-c0e4-f011-8543-000d3a5b5fc7	977	Thomas Budding	M	M25-29	183	5:39:12	0:44:57	0:06:47	2:58:01	0:03:47	1:45:39	Netherlands	
5629ded5-4df2-f011-8407-0022480c370f	978	Nicole Unger	F	F30-34	31	5:39:15	0:42:37	0:06:31	2:50:26	0:05:03	1:54:38	Germany	
aef81681-1e82-4320-b940-dfc1c7c945ad	979	Christian Rix Winther	M	M30-34	146	5:39:23	0:43:28	0:06:08	2:29:04	0:06:26	2:14:18	Denmark	
18fbfcf6-32e5-486d-a795-b19c94514ace	980	Jesper Jonassen	M	M50-54	56	5:39:23	0:33:19	0:05:58	2:37:11	0:03:48	2:19:08	Denmark	
b3f18432-40d8-ef11-8eea-000d3a5a1803	981	Gaetano Scire	M	M30-34	147	5:39:24	0:42:36	0:06:42	2:52:53	0:04:40	1:52:33	Italy	
b5e5bcfe-3f64-ef11-bfe3-000d3a30abde	982	Dorian Laqua	M	M35-39	102	5:39:25	0:41:15	0:05:50	2:51:33	0:04:36	1:56:09	Germany	
5af71ba8-80c0-f011-bbd3-0022480c097c	983	Felix Bröhl	M	M35-39	103	5:39:31	0:36:25	0:07:47	2:46:16	0:04:33	2:04:29	Germany	
c0ce8eb0-222e-40f9-a91b-b8261556f741	984	Gianluca Fiorio	M	M55-59	31	5:39:31	0:33:17	0:07:54	2:42:02	0:03:53	2:12:25	Italy	
d4fda683-8c94-f011-b4cc-000d3a5b50ba	985	Dana Körner	F	F45-49	11	5:39:32	0:41:36	0:08:47	2:42:56	0:05:07	2:01:06	Germany	
1e1bc410-a577-f011-b4cb-000d3a5cf7d8	986	Leah Slattery	F	F18-24	33	5:39:38	0:32:52	0:05:20	3:04:21	0:03:41	1:53:24	United Kingdom	
edc0ee99-bf93-f011-b4cc-6045bd05fcc1	987	Paul Michael Stäudle	M	M35-39	104	5:39:38	0:45:32	0:08:07	2:43:56	0:07:26	1:54:38	Germany	
eddbe477-4580-f011-b4cc-000d3a35ffc1	988	Lynn Derksen	F	F18-24	34	5:39:39	0:38:51	0:04:50	2:52:06	0:03:52	2:00:00	Netherlands	
00f2ea73-71ec-f011-8544-6045bd09fcf5	989	Sophie Bär	F	F18-24	35	5:39:41	0:41:54	0:07:36	2:53:15	0:04:18	1:52:38	Germany	
0069c2bd-c493-f011-b4cb-6045bd0a1bec	990	Luc Debuch	M	M18-24	132	5:39:42	0:46:35	0:05:43	2:45:32	0:04:17	1:57:35	Germany	
4a8dd84e-3a9a-f011-b4cc-6045bd09951e	991	Tristan Deschler	M	M30-34	148	5:39:45	0:36:22	0:07:31	2:46:11	0:06:23	2:03:17	Germany	
49faa229-83a7-f011-bbd3-000d3a3173b5	992	Sebastian Chmurczyk	M	M40-44	92	5:39:46	0:43:57	0:11:11	2:52:38	0:09:38	1:42:22	Germany	
c3f6d202-58ef-f011-8407-6045bd09fcf5	993	Alexander Zverev	M	M35-39	105	5:39:47	0:31:15	0:07:14	2:52:15	0:05:47	2:03:15	Germany	
0589f62f-8a95-f011-b4cc-000d3a5b50ba	994	Chris Zhi Shen Woo	M	M30-34	149	5:39:47	0:32:47	0:06:09	2:51:05	0:04:29	2:05:17	Malaysia	
479ac487-be5b-43e4-b925-7aef9e9cf360	995	Lucie Kratochvilova	F	F30-34	32	5:39:54	0:36:14	0:04:27	2:52:24	0:04:19	2:02:30	Czech Republic	
bba23b86-5bae-f011-bbd3-000d3a5b7c3b	996	Jacob Knowles	M	M30-34	150	5:39:55	0:56:31	0:07:09	2:29:27	0:04:19	2:02:29	United Kingdom	
919fd308-bcd9-ef11-8ee9-000d3a592251	997	Nick Visser	M	M25-29	184	5:39:58	0:41:57	0:07:54	2:55:39	0:05:05	1:49:22	Netherlands	
59bfbe20-6ec1-f011-bbd3-000d3a5cf7d8	998	Tren Potma	M	M18-24	133	5:40:01	0:43:08	0:06:11	2:41:22	0:04:59	2:04:22	Netherlands	
9b4809ac-be93-f011-b4cb-002248098cfa	999	Dan O'Connor	M	M25-29	185	5:40:07	0:39:09	0:06:01	2:52:19	0:05:09	1:57:28	United Kingdom	
dde7a685-ef0d-46d6-b101-8b4bd82acad3	1000	Marvin Gutsche	M	M30-34	151	5:40:12	0:41:10	0:05:28	2:52:49	0:04:42	1:56:04	Germany	
f95e81e6-f5d8-f011-8543-000d3a5b5fc7	1001	Markus Prokopp	M	M40-44	93	5:40:13	0:36:04	0:03:49	2:45:22	0:07:10	2:07:47	Germany	
2b8f70dc-073b-f011-b4cc-6045bd05fcc1	1002	Wladimir Weber	M	M40-44	94	5:40:13	0:45:47	0:14:49	2:41:45	0:12:22	1:45:30	Germany	
aed8ba1b-d1e4-f011-8544-000d3a35ffc1	1003	Rene Richter	M	M40-44	95	5:40:18	0:41:53	0:08:13	2:35:10	0:06:36	2:08:26	Germany	
5686b609-a75d-416c-b9a9-9e0da586b7ed	1004	Patrick Quindel	M	M35-39	106	5:40:19	0:40:19	0:05:59	2:41:36	0:04:30	2:07:54	Germany	
d8b6a731-84ac-4fd4-9bc0-cb9d581579d9	1005	Katrin Erler	F	F55-59	1	5:40:20	0:44:07	0:04:24	2:42:33	0:04:44	2:04:32	Germany	
fe9404a2-2093-4585-9394-12ad98bf63ab	1006	Svea Richter	F	F30-34	33	5:40:24	0:43:28	0:04:46	2:40:43	0:03:08	2:08:18	Germany	
167db1e1-2ddb-f011-8544-000d3a5cf7d8	1007	Tommy Bar-Dayan	M	M18-24	134	5:40:32	0:37:31	0:08:19	2:37:35	0:10:22	2:06:44	Denmark	
79e06ed4-5db6-f011-bbd3-6045bd05fcc1	1008	Merten Klinger	M	M18-24	135	5:40:35	0:44:08	0:04:50	3:03:17	0:04:40	1:43:40	Germany	
db38a4ca-f39e-f011-b41c-000d3a35ffc1	1009	Martin Selecký	M	M25-29	186	5:40:38	0:40:11	0:06:31	2:54:39	0:05:10	1:54:06	Slovakia	
962b2b16-2f8a-f011-b4cc-002248098cfa	1010	Nele Wormsbächer	F	F30-34	34	5:40:44	0:32:52	0:04:50	2:44:50	0:04:43	2:13:30	Germany	
05622d56-219a-4584-a009-6bd11925fcb5	1011	Stefano Lombardi	M	M35-39	107	5:40:52	0:35:10	0:13:13	2:59:00	0:07:25	1:46:05	Italy	
526bd9fc-0bae-4182-8f97-dc35b88dff4b	1012	Leo Klopfer	M	M25-29	187	5:40:58	0:36:29	0:12:23	2:45:24	0:10:50	1:55:52	Germany	
2ab0da80-3df2-f011-8407-6045bd09fcf5	1013	Artur Krotkov	M	M40-44	96	5:40:59	0:42:14	0:06:15	2:50:21	0:04:10	1:57:59	Czech Republic	
c945fc30-31a1-f011-bbd3-000d3a5b7c3b	1014	Mark Østergaard	M	M45-49	77	5:41:00	0:48:34	0:05:27	2:45:46	0:03:14	1:57:59	Denmark	
9b943441-9df4-4038-b5e5-6b00650669df	1015	Nicolars Tondt	M	M50-54	57	5:41:02	0:35:39	0:07:50	2:48:00	0:07:27	2:02:06	Germany	
8450d28a-6395-f011-b4cc-000d3a35ffc1	1016	Christian Dauses	M	M30-34	152	5:41:05	0:42:03	0:08:53	2:53:04	0:09:10	1:47:55	Germany	
63de90d3-7a2b-ed11-9db1-000d3a359d65	1017	Kevin Pham	M	M30-34	153	5:41:06	0:43:38	0:08:24	2:50:51	0:05:37	1:52:37	Germany	
05abca0d-289e-f011-b41c-0022480c097c	1018	Catherina Herzer	F	F25-29	40	5:41:11	0:45:55	0:05:26	2:46:38	0:03:53	1:59:19	Germany	
e621f49d-87a7-f011-bbd3-000d3a3173b5	1019	Maurice Mühlbach	M	M25-29	188	5:41:13	0:38:49	0:05:16	2:45:32	0:03:51	2:07:45	Germany	
7449a35a-419e-4845-9262-8210b46fca49	1020	Jan-Gerhard Oosthuysen	M	M35-39	108	5:41:13	0:39:57	0:06:27	2:50:29	0:04:15	2:00:05	South Africa	
e6cd9cad-46dc-4e4c-acaf-3208fe202b80	1021	Alexander Hüsken	M	M45-49	78	5:41:14	0:41:12	0:06:36	2:49:52	0:04:27	1:59:08	Germany	
fcd65dee-d89b-f011-b41c-000d3a5cf7d8	1022	Charlotte Garnett	F	F18-24	36	5:41:19	0:42:36	0:06:05	2:41:26	0:05:35	2:05:37	United Kingdom	
f1e45e7c-78e6-f011-8544-000d3a5b7c3b	1023	Mees Anemaat	M	M18-24	136	5:41:24	0:52:37	0:07:05	2:45:48	0:04:43	1:51:11	Netherlands	
e5584d84-edad-f011-bbd3-000d3a5b50ba	1024	Toni Schmidinger	M	M25-29	189	5:41:27	0:39:59	0:07:54	2:55:49	0:06:01	1:51:43	Austria	
0f36fbbb-45d0-f011-bbd3-000d3a35ffc1	1025	Felix Henke	M	M30-34	154	5:41:28	0:44:39	0:08:33	2:38:03	0:04:59	2:05:14	Germany	
519ea4c2-52e9-f011-8544-000d3a5b7c3b	1026	Mona Wingerath	F	F55-59	2	5:41:30	0:40:49	0:06:11	2:53:12	0:04:32	1:56:46	Germany	
ed458b5f-48a4-f011-bbd3-6045bd05f634	1027	Jonas Troue	M	M30-34	155	5:41:34	0:34:32	0:07:20	2:44:09	0:05:47	2:09:47	Germany	
eb2839f2-e914-40f3-b0ee-1554a20f1f6d	1028	Jan Ole Cordshagen	M	M18-24	137	5:41:40	0:43:53	0:07:01	2:42:52	0:04:29	2:03:26	Germany	
2be6964f-faca-f011-bbd3-6045bd05fcc1	1029	Evelien Brouwer	F	F18-24	37	5:41:44	0:37:57	0:04:40	2:41:02	0:03:59	2:14:06	Netherlands	
9f2aa13e-c89a-f011-b4cc-6045bd09951e	1030	Hannah Boehme	F	F25-29	41	5:41:47	0:50:15	0:06:35	2:45:07	0:06:15	1:53:34	Germany	
bde5721e-01d9-f011-8544-000d3a35ffc1	1031	Hans Kozub	M	M60-64	13	5:41:56	0:56:01	0:08:24	2:45:35	0:04:07	1:47:48	Germany	
a253e3fa-53b6-f011-bbd3-000d3a5b50ba	1032	Jonathan Rimpl	M	M18-24	138	5:42:00	0:48:06	0:08:07	2:49:27	0:04:39	1:51:41	Germany	
be072e13-cf93-f011-b4cc-6045bd09951e	1033	Xaver Trettin	M	M25-29	190	5:42:10	0:45:40	0:07:27	2:39:21	0:04:12	2:05:30	Germany	
724d5a66-f8c3-f011-bbd3-6045bd05f634	1034	Lorenzo Natali	M	M35-39	109	5:42:12	0:36:28	0:07:58	3:07:57	0:04:11	1:45:39	Italy	
0831f49c-e4ef-4d49-a684-aacca7d40b2e	1035	Oliver Katins	M	M35-39	110	5:42:16	0:38:02	0:08:00	2:46:21	0:05:45	2:04:08	Germany	
690fb1ed-ea4b-489c-bb5f-558610567b46	1036	Vivienne Van Put	F	F25-29	42	5:42:31	0:41:44	0:05:10	2:44:52	0:05:46	2:04:59	Germany	
da5ab656-c7c4-f011-bbd3-6045bd05fcc1	1037	Mark McMahon	M	M40-44	97	5:42:32	0:37:38	0:05:50	2:50:29	0:05:01	2:03:34	Ireland	
ab330d3e-e6ca-f011-bbd2-000d3a5b5fc7	1038	Julia Ruiter	F	F18-24	38	5:42:38	0:32:20	0:07:12	2:59:07	0:03:25	2:00:34	Germany	
30c9f142-e6ca-f011-8543-6045bd02c3db	1039	Leonie Roosen	F	F18-24	39	5:42:38	0:32:20	0:07:13	2:59:07	0:03:24	2:00:34	Germany	
c76fe41d-fadb-f011-8544-6045bd05f634	1040	Torben Nagel	M	M25-29	191	5:42:42	0:35:18	0:06:37	2:42:17	0:05:17	2:13:14	Germany	
6dc88fff-c193-f011-b4cc-000d3a5cf7d8	1041	Dimitri Voß	M	M35-39	111	5:42:56	0:38:04	0:07:50	2:38:43	0:06:25	2:11:55	Germany	
962b2b16-2f8a-f011-b4cc-002248098cfa	1042	Nele Wormsbächer	F	M30-34	156	5:42:59	0:46:43	0:09:55	2:49:38	0:05:29	1:51:14	Germany	
0360a9f2-c208-ed11-82e4-000d3a3b2590	1043	Justas Cepenas	M	M35-39	112	5:43:01	0:44:05	0:10:37	2:42:39	0:05:53	1:59:47	Lithuania	
6ac5782f-44dc-f011-8543-000d3a5b5fc7	1044	Rick Van Den Boomen	M	M18-24	139	5:43:10	0:45:34	0:09:20	2:40:43	0:05:07	2:02:25	Netherlands	
3ab910f5-fad9-f011-8543-000d3a5b5fc7	1045	Janine Baden	F	F25-29	43	5:43:10	0:42:53	0:09:00	2:45:12	0:04:56	2:01:09	Germany	
5a4d825e-e858-f011-877a-002248098cfa	1046	Nils Windprechtinger	M	M25-29	192	5:43:18	0:41:06	0:05:11	2:42:40	0:03:35	2:10:46	Germany	
4585790a-49a9-f011-bbd3-6045bd09951e	1047	Fiona Campbell	F	F25-29	44	5:43:19	0:39:48	0:09:11	2:43:30	0:06:33	2:04:18	United Kingdom	
0ca23cf3-d399-f011-b4cc-000d3a5cf7d8	1048	Tanimo Leninduan	M	M25-29	193	5:43:21	0:40:20	0:06:47	2:38:40	0:05:54	2:11:40	Netherlands	
ed728bf1-c1d6-f011-8543-000d3a355889	1049	Jonas Trümpler	M	M18-24	140	5:43:22	0:43:12	0:04:21	2:40:14	0:02:37	2:12:58	Germany	
9674e865-7a36-4da8-8088-17b06e3d9626	1050	Franziska Tschöpe	F	F60-64	2	5:43:33	0:39:32	0:09:21	2:50:25	0:07:23	1:56:52	Germany	
b0ffdd06-b17f-467f-a36d-653af869d117	1051	Yngve NEHLS	M	M18-24	141	5:43:37	0:46:18	0:12:16	2:55:26	0:05:45	1:43:52	Germany	
243dc244-32b3-ef11-b8e8-6045bd088264	1052	Remy Finklenberg	M	M55-59	32	5:43:39	0:38:32	0:06:53	2:49:39	0:08:36	2:00:00	Netherlands	
cd71dc04-3ef2-4d58-949e-9e04d5b4a450	1053	Andreas Saul	M	F18-24	40	5:43:45	0:46:34	0:05:09	2:49:00	0:03:50	1:59:12	Germany	
23347de4-cb9f-f011-b41c-6045bd09951e	1054	Katharina Seifert	F	F18-24	41	5:43:48	0:44:23	0:05:49	2:48:23	0:02:47	2:02:26	Germany	
515c9dfb-86f1-ee11-904c-000d3a314ae2	1055	Marco Lehmann	M	M35-39	113	5:43:50	0:45:16	0:07:05	2:40:36	0:04:55	2:05:59	Germany	
32516efa-2a60-f011-bec3-000d3a5b50ba	1056	Fabio Hubel	M	M25-29	194	5:43:51	0:39:48	0:03:47	2:28:10	0:03:08	2:28:57	Germany	
dd057a1a-bc94-f011-b4cc-6045bd05fcc1	1057	Caitlin Grassick	F	F18-24	42	5:43:55	0:41:38	0:05:29	2:54:38	0:05:45	1:56:25	Germany	
330745cb-419f-f011-b41c-000d3a35ffc1	1058	Anna Wortelboer	F	F25-29	45	5:43:55	0:44:15	0:10:05	2:47:46	0:09:14	1:52:34	Netherlands	
d4ee8168-6fb7-f011-bbd3-000d3a5b50ba	1059	Tamas Flamich	M	M35-39	114	5:44:01	0:41:37	0:07:14	2:52:55	0:06:29	1:55:45	Hungary	
db9881b4-6989-f011-b4cc-000d3a3173b5	1060	Joshua Sanders	M	M40-44	98	5:44:01	0:37:43	0:06:33	2:50:25	0:04:59	2:04:21	Germany	
d4ec0ec7-30a9-4313-b261-23e56c1257da	1061	Adam Stevens	M	M35-39	115	5:44:02	0:37:42	0:06:42	2:44:44	0:04:22	2:10:31	United Kingdom	
ce575b08-d5ef-f011-8406-00224804742c	1062	Ole Gray	M	M25-29	195	5:44:08	0:39:48	0:04:36	2:53:22	0:02:24	2:03:59	United Kingdom	
587afd48-b1ef-f011-8407-0022480b738e	1063	Jakob Witte	M	M18-24	142	5:44:26	0:40:28	0:06:19	2:38:38	0:08:09	2:10:51	Germany	
8c9bfb25-5dbd-f011-bbd3-000d3a35ffc1	1064	Florian Fischer	M	M30-34	157	5:44:39	0:52:47	0:08:04	2:52:13	0:05:02	1:46:34	Germany	
e1e3ad5a-cc93-f011-b4cc-000d3a5b50ba	1065	Carolin Fröhlich	F	F30-34	35	5:44:43	0:41:54	0:06:41	2:53:56	0:02:32	1:59:40	Germany	
e8baee6f-dada-f011-8544-000d3a5b50ba	1066	Sven Reinhardt	M	M40-44	99	5:44:44	0:50:51	0:06:54	2:44:26	0:05:15	1:57:18	Germany	
ead14e27-224a-f011-8779-0022480c097c	1067	Philipp Diekmann	M	M35-39	116	5:44:44	0:33:58	0:05:08	2:40:47	0:05:15	2:19:37	Germany	
695a89f8-2194-ee11-be37-000d3a314c24	1068	Barbara Enckels	F	F45-49	12	5:44:45	0:41:08	0:04:41	2:53:43	0:05:48	1:59:26	Belgium	
739d6521-6f45-f011-877a-6045bd05f634	1069	Jonathan Jocham	M	M25-29	196	5:44:47	0:38:10	0:06:10	2:43:19	0:04:54	2:12:13	Germany	
1458e33e-23a6-f011-bbd3-000d3a3173b5	1070	Philippe Vryens	M	M35-39	117	5:44:53	0:40:42	0:10:05	2:40:19	0:05:05	2:08:41	Belgium	
50f51340-37a0-f011-b41c-000d3a5b50ba	1071	Joline Damm	F	F18-24	43	5:44:56	0:32:18	0:04:08	2:52:49	0:03:36	2:12:05	Germany	
3b672644-65f4-4e21-bac2-982abbd153ec	1072	Thomas Kowark	M	M40-44	100	5:45:03	0:42:58	0:04:40	2:40:17	0:04:07	2:13:01	Germany	
448c27b4-b2ad-f011-bbd3-000d3a5b7c3b	1073	Chris Conybeare	M	M18-24	143	5:45:10	0:41:11	0:07:58	2:46:53	0:04:31	2:04:36	United Kingdom	
f3aef020-98da-ef11-8ee9-000d3a592251	1074	Alexander Graute	M	M35-39	118	5:45:11	0:45:10	0:06:53	2:40:24	0:04:45	2:07:58	Germany	
a864c029-10e4-f011-8544-000d3a5b7c3b	1075	Janis Wingerath	M	M18-24	144	5:45:16	0:40:00	0:05:33	2:41:04	0:04:21	2:14:18	Germany	
475e27c0-ccc7-4fce-9254-08f766773c6a	1076	Anne Jørgensen	F	F50-54	6	5:45:16	0:36:29	0:05:20	2:54:08	0:04:52	2:04:28	Denmark	
ee94ae3a-014f-4fd8-b2da-2afdc4b4eab2	1077	Bianca Tondt	F	F50-54	7	5:45:17	0:39:14	0:08:35	2:54:08	0:06:51	1:56:29	Germany	
5db20d68-e09a-f011-b4cc-000d3a35ffc1	1078	Yasmin Bode	F	F18-24	44	5:45:20	0:40:21	0:05:50	2:44:36	0:07:26	2:07:06	Germany	
cab242d1-fc80-f011-b4cc-000d3a5b7c3b	1079	Gitta Nielsen	F	F25-29	46	5:45:20	0:37:13	0:05:57	2:52:17	0:04:01	2:05:52	Denmark	
d24f7a20-7aa6-4e96-ac3c-4e095d81dbca	1080	Larissa Melischek	F	F30-34	36	5:45:21	0:38:58	0:08:28	3:02:30	0:06:09	1:49:17	Austria	
0846e71e-40da-f011-8543-6045bd05fcc1	1081	Luca Hauser	M	M30-34	158	5:45:23	0:43:13	0:07:46	2:57:30	0:04:46	1:52:09	Germany	
be699266-6388-4e4f-bae3-d7cf1c328309	1082	Dieter De Caesemaeker	M	M40-44	101	5:45:32	0:43:22	0:09:01	2:49:11	0:04:45	1:59:13	Belgium	
6ea7d99b-15a8-f011-bbd3-000d3a5b7c3b	1083	Lukas Birner	M	M30-34	159	5:45:32	0:42:11	0:06:17	2:43:52	0:04:59	2:08:13	Germany	
4582d216-2611-42a3-9ae4-898fe601f07e	1084	Oliver Riley	M	M30-34	160	5:45:36	0:41:11	0:06:48	2:56:20	0:04:55	1:56:22	United Kingdom	
0daa1eb3-f193-f011-b4cc-6045bd05fcc1	1085	Sophia Beister	F	F25-29	47	5:45:37	0:47:21	0:06:15	2:49:49	0:05:31	1:56:41	Germany	
a529db88-7b7a-4684-91a0-1eb03f8f8fe7	1086	Corbin Zachary	M	M30-34	161	5:45:37	0:41:33	0:05:32	2:55:00	0:03:49	1:59:44	United States	
43cbc0cd-8a9f-4cda-90e3-03d09dc7773c	1087	Martin Gygax	M	M55-59	33	5:45:39	0:37:02	0:06:49	2:46:13	0:06:57	2:08:38	Switzerland	
cc9d0dc8-b4e8-f011-8544-000d3a5cf7d8	1088	Alexander Pentz	M	M25-29	197	5:45:40	0:48:46	0:05:42	2:56:37	0:03:31	1:51:04	South Africa	
b4a582ec-b13c-418f-8864-30b2aaf1500f	1089	Nadine Ostmann	F	F25-29	48	5:45:43	0:31:08	0:05:13	2:54:30	0:04:05	2:10:47	Germany	
e24396a6-c8d0-ef11-8ee9-6045bd088264	1090	Remco Snijders	M	M45-49	79	5:45:45	0:40:48	0:08:35	2:56:46	0:07:49	1:51:46	Netherlands	
fb059af9-4fe6-ef11-8eea-002248049fdc	1091	Ingo Ginkel	M	M50-54	58	5:45:46	0:43:33	0:06:14	2:40:29	0:04:30	2:11:01	Germany	
0d3783b6-d1ac-ef11-b8e9-000d3a5a1803	1092	Murat Köksal	M	M40-44	102	5:45:55	0:34:12	0:06:48	2:34:55	0:06:26	2:23:34	Turkey	
afe1c327-7be9-f011-8544-000d3a5cf7d8	1093	Tom Jeremy Schumann	M	M18-24	145	5:46:02	0:40:45	0:09:13	2:50:49	0:03:56	2:01:18	Germany	
1ff287f5-a1e8-f011-8543-6045bd05fcc1	1094	Hendrik Jordaan	M	M30-34	162	5:46:04	0:43:16	0:05:13	2:41:26	0:04:59	2:11:09	South Africa	
d1e42bfd-cba1-f011-bbd3-000d3a3173b5	1095	Jascha Malik Moritz Mai	M	M30-34	163	5:46:07	0:41:46	0:11:55	2:45:45	0:05:25	2:01:16	Germany	
bddf390d-2ad9-f011-8544-000d3a35ffc1	1096	Sascha Möller	M	M30-34	164	5:46:14	0:40:50	0:04:44	3:14:17	0:04:01	1:42:22	Germany	
c0762ed3-be93-f011-b4cc-0022480c097c	1097	Daniela Schels	F	F25-29	49	5:46:15	0:38:30	0:04:10	2:42:35	0:05:27	2:15:33	Germany	
2bdfdca7-da86-49af-af59-bcf758f9623f	1098	Katja Maus	F	F55-59	3	5:46:17	0:38:03	0:05:38	2:59:33	0:04:27	1:58:36	Germany	
58421fd4-cb93-f011-b4cc-000d3a5cf7d8	1099	Erik Berg	M	M35-39	119	5:46:18	0:42:57	0:05:44	2:44:23	0:03:21	2:09:53	Germany	
63984b92-7dc8-4518-a783-af6c111ee739	1100	Piyush Nangru	M	M40-44	103	5:46:19	0:42:59	0:11:07	2:45:05	0:04:56	2:02:11	India	
460ac883-ec92-ef11-ac20-000d3a5a403c	1101	Marco Suerz	M	M25-29	198	5:46:19	0:33:09	0:06:38	2:40:32	0:07:18	2:18:43	Italy	
3899e873-4c2a-4e09-8ac7-23beac336c1e	1102	Steffen Brinkmann	M	M55-59	34	5:46:21	0:39:34	0:08:00	2:45:07	0:05:18	2:08:22	United States	
ab52e5b4-10a2-f011-bbd3-000d3a35ffc1	1103	Barry McEvoy	M	M40-44	104	5:46:28	0:42:26	0:04:43	2:57:51	0:04:19	1:57:08	Ireland	
9d860289-1fef-f011-8407-6045bd09fcf5	1104	Trevor Nishio	M	M18-24	146	5:46:30	0:39:20	0:05:32	2:54:58	0:04:42	2:01:58	Canada	
32a82627-0d0e-f011-9988-000d3a5cf7d8	1105	Lauran De Dreu	M	M18-24	147	5:46:38	0:45:34	0:09:17	2:35:32	0:04:11	2:12:04	Netherlands	
d4a71c9f-44ea-f011-8544-000d3a5cf7d8	1106	Ivan Berezhnyi	M	M25-29	199	5:46:42	0:41:35	0:06:16	2:50:47	0:03:29	2:04:36	Ukraine	
c1940403-b6f6-4bb7-ad66-8743bc2a0c6d	1107	Kai Kunicki	F	F45-49	13	5:47:01	0:45:51	0:06:25	2:53:05	0:03:47	1:57:54	Germany	
3be468c6-8f97-f011-b4cc-000d3a35ffc1	1108	Anna Girndt	F	F18-24	45	5:47:12	0:42:34	0:06:53	2:46:19	0:04:39	2:06:47	Germany	
f703dc56-bbac-f011-bbd3-000d3a3173b5	1109	Jakub Jabłoński	M	M18-24	148	5:47:19	0:29:06	0:09:47	3:00:25	0:06:58	2:01:03	Poland	
27eb97c9-f7ce-f011-bbd3-000d3a5cf7d8	1110	Adrian Ruthe	M	M25-29	200	5:47:24	0:42:37	0:12:27	2:48:26	0:10:49	1:53:05	Germany	
5161faa0-dd95-f011-b4cc-6045bd05fcc1	1111	Leonard Wagenschütz	M	M25-29	201	5:47:26	0:43:09	0:08:34	2:58:18	0:03:47	1:53:37	Germany	
0843c1cf-c8da-f011-8543-000d3a5b5fc7	1112	Leon Siems	M	M25-29	202	5:47:38	0:41:40	0:08:11	2:45:17	0:10:48	2:01:42	Germany	
a4d464e7-e36d-4558-80ad-a78f3687237c	1113	Katja Eckermann	F	F55-59	4	5:47:41	0:42:46	0:06:38	2:45:54	0:07:08	2:05:15	Germany	
e587a584-94ce-4da3-a903-616fd59e214b	1114	Nikos Späth	M	M45-49	80	5:47:43	0:49:02	0:08:11	2:36:31	0:05:28	2:08:30	Germany	
b9fe1ef6-9175-ef11-a670-0022480b0a9a	1115	Mirko Zimmermann	M	M35-39	120	5:47:43	0:55:52	0:07:50	2:43:33	0:06:37	1:53:50	Germany	
7edd9cd7-c4de-f011-8544-000d3a5b7c3b	1116	Kennedy Strong	M	M25-29	203	5:47:45	0:34:16	0:07:38	2:54:50	0:06:50	2:04:10	Canada	
2aafd968-7bb6-ed11-83fe-000d3a314329	1117	Falko Graul	M	M45-49	81	5:47:47	0:48:05	0:08:14	2:50:12	0:04:13	1:57:04	Germany	
f931c8d3-8bb6-f011-bbd3-6045bd09951e	1118	Marcel Korzen	M	M40-44	105	5:47:49	0:41:03	0:06:22	2:53:21	0:05:12	2:01:51	Germany	
d8e68ad6-bade-f011-8544-000d3a5b50ba	1119	MacKenzie Strong	M	M25-29	204	5:47:49	0:35:52	0:06:11	2:54:28	0:07:10	2:04:09	Canada	
e88db8c5-de93-f011-b4cc-0022480c097c	1120	Lea-Sophie Denzler	F	F18-24	46	5:48:04	0:41:31	0:05:38	2:50:28	0:03:59	2:06:28	Germany	
b174ecfc-7923-45e7-a45d-b5acd84dba2f	1121	Tobias Consmüller	M	M40-44	106	5:48:04	0:47:35	0:07:08	2:50:21	0:05:11	1:57:49	Germany	
7ce1b0b4-447f-4a65-b147-a162b3f3589d	1122	Toby Courtis	M	M25-29	205	5:48:07	0:38:29	0:07:04	2:50:34	0:05:28	2:06:32	United Kingdom	
ba6b2260-4e7a-ef11-a670-000d3a338a3c	1123	Micael Duarte Melao	M	M35-39	121	5:48:19	0:44:02	0:05:25	2:35:07	0:05:44	2:18:01	Germany	
ad1d824b-37be-f011-bbd3-6045bd05f634	1124	Thibaut Pittomvils	M	M18-24	149	5:48:30	0:43:23	0:06:20	2:49:18	0:02:57	2:06:31	Belgium	
8e274cfc-ec93-f011-b4cc-000d3a35ffc1	1125	Hannah-Marie Laabs	F	F18-24	47	5:48:34	0:45:43	0:07:22	2:49:55	0:03:29	2:02:04	Germany	
6768c69d-ad8d-ef11-ac21-6045bd048089	1126	Jasmine Tang	F	F25-29	50	5:48:54	0:37:22	0:05:36	2:59:40	0:03:47	2:02:29	Malaysia	
84f8c2d8-e82c-4e59-b3e3-729169508eff	1127	Andy Durning	M	M55-59	35	5:48:56	0:43:19	0:05:53	2:49:23	0:05:09	2:05:13	United Kingdom	
565167bf-c9d2-f011-8544-000d3a5b50ba	1128	Mara Lange	F	F25-29	51	5:48:56	0:41:56	0:07:51	2:49:30	0:05:07	2:04:31	Germany	
ca597999-a2d6-4dd5-a03b-1ad12077b5f3	1129	Torsten Pflister	M	M65-69	2	5:49:07	0:41:28	0:05:10	2:42:12	0:05:38	2:14:40	Germany	
84588b0a-bf9e-f011-b41c-000d3a5b7c3b	1130	Paul van Gemen	M	M30-34	165	5:49:12	0:46:05	0:09:23	2:51:18	0:04:58	1:57:28	Netherlands	
c0ad59c0-9eb6-f011-bbd2-6045bd050e4b	1131	David Goddard	M	M55-59	36	5:49:17	0:53:45	0:07:23	2:56:59	0:06:17	1:44:53	United Kingdom	
bff38284-4f98-f011-b4cc-0022480a7385	1132	Alexander Boldt	M	M40-44	107	5:49:20	0:38:20	0:07:39	2:51:08	0:04:54	2:07:19	Germany	
645b7392-6f1d-ee11-9cbe-000d3a314d17	1133	Marie Bakken Sørensen	F	F25-29	52	5:49:22	0:43:19	0:06:49	2:44:33	0:03:52	2:10:49	Norway	
db2bd370-bf5c-f011-bec2-000d3a3173b5	1134	Livia Manghetti	F	F25-29	53	5:49:28	0:41:34	0:07:04	2:51:05	0:09:55	1:59:51	Switzerland	
7b38cb6f-7ce8-f011-8544-000d3a5cf7d8	1135	Anders Moeskau	M	M18-24	150	5:49:40	0:40:12	0:04:47	2:37:14	0:05:59	2:21:28	Norway	
18c17bce-dbd1-f011-bbd3-6045bd05fcc1	1136	Frederik Lonnemann	M	M30-34	166	5:49:40	0:52:07	0:09:50	2:56:18	0:08:13	1:43:13	Germany	
05fa6f99-f384-ef11-ac21-000d3a5b3d07	1137	Dieter Fritsche	M	M30-34	167	5:49:52	0:44:30	0:08:14	2:48:29	0:06:00	2:02:39	Germany	
c608f194-669f-ef11-8a6a-000d3a5a1803	1138	Luis Maldonado	M	M40-44	108	5:49:55	0:53:50	0:06:35	2:45:05	0:06:07	1:58:18	Colombia	
39519432-eccd-f011-bbd3-000d3a3173b5	1139	Yvonne Radermacher	F	F35-39	23	5:50:02	0:42:53	0:05:40	3:03:54	0:03:30	1:54:06	Germany	
8455dfda-6221-ec11-b6e6-000d3a3ab303	1140	Rico Böhme	M	M50-54	59	5:50:03	0:41:18	0:06:19	2:47:23	0:04:31	2:10:31	Germany	
b5f1f861-35d1-f011-bbd3-0022480a7385	1141	Daniel Mirenson	M	M25-29	206	5:50:07	0:50:56	0:09:11	3:00:57	0:06:15	1:42:48	Germany	
fd96f1f0-bb4a-414c-b643-385338a865f2	1142	Nadja Draxinger	F	M55-59	37	5:50:09	0:42:07	0:05:26	2:57:44	0:05:26	1:59:26	Germany	
01ff941f-a663-f011-bec3-000d3a35ffc1	1143	Marco Schmidt	M	M50-54	60	5:50:11	0:44:23	0:07:52	2:53:36	0:04:58	1:59:22	Germany	
42fe9442-a2bd-f011-bbd3-6045bd09951e	1144	Markus Schmidt	M	M18-24	151	5:50:12	0:51:25	0:07:06	2:45:42	0:05:08	2:00:51	Germany	
8ae4aa2a-b5ad-f011-bbd3-000d3a5b50ba	1145	Jill Knecht	F	F30-34	37	5:50:18	0:41:04	0:08:28	3:03:41	0:05:19	1:51:46	Germany	
ffb5877d-b6a1-f011-bbd3-6045bd05fcc1	1146	Manuela Derksen	F	F55-59	5	5:50:25	0:45:52	0:05:44	2:50:29	0:05:13	2:03:07	Netherlands	
f955aee1-2ca2-f011-bbd3-6045bd09951e	1147	Jay Bourne	F	F18-24	48	5:50:32	0:45:29	0:08:19	2:55:13	0:04:37	1:56:54	United Kingdom	
9b9f2822-c628-ef11-840b-00224809fd7c	1148	Lars Bohle	M	M18-24	152	5:50:33	0:47:13	0:07:36	2:41:11	0:06:25	2:08:08	Germany	
541eff6d-015d-f011-bec2-000d3a5b50ba	1149	Florian Hamann	M	M35-39	122	5:50:38	0:48:43	0:11:31	2:37:34	0:08:51	2:03:59	Germany	
a8c90c1f-0bca-f011-bbd3-000d3a35ffc1	1150	Lewis Jackson	M	M25-29	207	5:50:40	0:55:48	0:05:45	2:44:57	0:05:38	1:58:31	United Kingdom	
b65ceafb-42c2-f011-bbd3-6045bd05f634	1151	Anne Sophie Beranek	F	F30-34	38	5:50:49	0:37:57	0:05:28	2:58:58	0:05:20	2:03:05	Germany	
dd964f22-15d9-f011-8543-000d3a5b5fc7	1152	Hanna Sudau	F	F18-24	49	5:50:53	0:37:49	0:05:40	2:57:35	0:05:29	2:04:20	Germany	
6f61375b-70f8-4f22-9a82-e84b2e7ec833	1153	Razvan Cighi	M	M55-59	38	5:50:53	0:46:27	0:07:00	2:57:48	0:05:01	1:54:37	Germany	
3e124435-8edc-f011-8544-000d3a3173b5	1154	Noah Schneider	M	M18-24	153	5:50:55	0:44:46	0:07:44	3:02:49	0:07:10	1:48:25	Germany	
bc67b765-8b94-f011-b4cc-000d3a5b7c3b	1155	Lars Gänsicke	M	M40-44	109	5:50:56	0:40:46	0:08:46	2:55:23	0:07:35	1:58:26	Germany	
0420971d-87e3-f011-8544-000d3a5cf7d8	1156	Kai Schnaderbeck	M	M30-34	168	5:50:57	0:47:16	0:04:20	2:39:51	0:05:12	2:14:19	Germany	
500627ae-43e3-f011-8544-000d3a5cf7d8	1157	Franziska Krätzig	F	F40-44	14	5:51:01	0:42:18	0:04:21	2:49:07	0:05:40	2:09:36	Germany	
b0a452e7-4b79-f011-b4cb-000d3a34f3f4	1158	Sophie Hopfe	F	F30-34	39	5:51:02	0:43:04	0:07:09	2:49:51	0:04:54	2:06:04	Germany	
65398fac-48eb-f011-8543-00224804742c	1159	Michael Ginter	M	M18-24	154	5:51:03	0:40:19	0:07:32	2:51:24	0:06:25	2:05:22	Germany	
e57c5f5e-539d-424a-9e54-a92ce2a4d4e1	1160	Katharina Grocholl	F	F25-29	54	5:51:07	0:38:04	0:05:04	2:47:12	0:03:57	2:16:50	Germany	
ff57fb35-fbd0-f011-bbd3-000d3a5cf7d8	1161	Mathias Teichert	M	M35-39	123	5:51:13	0:51:43	0:06:42	2:45:22	0:04:36	2:02:49	Germany	
107762de-e465-ef11-bfe3-000d3a3b4ec1	1162	Ross Greenhalgh	M	M25-29	208	5:51:16	0:41:07	0:07:15	3:04:33	0:03:40	1:54:41	United Kingdom	
dc39e571-c498-f011-b4cc-0022480a7385	1163	Daniel Scholz	M	M30-34	169	5:51:17	0:45:09	0:09:35	2:34:55	0:07:39	2:13:59	Germany	
0b0d7c2d-b01e-42c7-b4a8-648bea28cc86	1164	Dennis Voogt	M	M55-59	39	5:51:24	0:42:23	0:09:38	2:43:04	0:06:52	2:09:26	Netherlands	
89c044f4-26b3-f011-bbd3-6045bd05f634	1165	Lukas von Sturm	M	M30-34	170	5:51:31	0:42:30	0:12:06	2:45:14	0:08:43	2:02:58	Germany	
c782da11-9cdd-f011-8544-000d3a35ffc1	1166	Torben Krause	M	M35-39	124	5:51:33	0:46:28	0:07:46	2:47:32	0:06:50	2:02:57	Germany	
d7dd1463-9023-48aa-9f79-f470d1cb5335	1167	Lisa-Maria Knauth	F	F30-34	40	5:51:34	0:45:42	0:06:37	2:43:00	0:07:28	2:08:46	Germany	
9dc38047-93da-ef11-8ee9-6045bd088264	1168	Ane Garay Escuza	F	F30-34	41	5:51:36	0:38:24	0:06:34	2:46:09	0:06:40	2:13:50	Spain	
b3fc8804-e893-f011-b4cc-000d3a5b7c3b	1169	Marie May	F	F25-29	55	5:51:42	0:37:46	0:07:52	2:58:22	0:07:39	2:00:02	Germany	
6557d659-729c-f011-b41c-6045bd05fcc1	1170	Jill Bernagozzi	F	F25-29	56	5:51:45	0:43:43	0:05:23	2:54:38	0:05:28	2:02:33	Switzerland	
7768a052-a4ca-f011-bbd3-000d3a3173b5	1171	Anna Fußhöller	F	F25-29	57	5:51:45	0:38:08	0:05:30	2:50:19	0:03:12	2:14:36	Germany	
22e88f1a-1f4e-4d8c-a439-30154ba6b769	1172	Torben Muller	M	M45-49	82	5:51:53	0:54:08	0:06:40	3:01:00	0:05:47	1:44:18	Germany	
c4f50607-82ce-45de-9f43-500a69bb1a14	1173	Paul Nillesen	M	M50-54	61	5:51:57	0:37:15	0:06:50	2:40:11	0:06:09	2:21:31	Netherlands	
88d81169-489c-4623-b216-1f5632e263b1	1174	Corrado Pesce	M	M60-64	14	5:51:59	0:43:34	0:06:04	2:47:39	0:06:27	2:08:16	Italy	
1eaab9f9-de3f-4a05-b9a9-ccba84b08dc9	1175	Niels Kyewski	M	M55-59	40	5:52:01	0:37:37	0:09:40	2:56:40	0:06:47	2:01:16	Germany	
cfbee595-9616-ef11-9f89-6045bd00e0b7	1176	Susanna Belli	F	F25-29	58	5:52:04	0:47:14	0:05:48	2:55:02	0:04:18	1:59:42	Italy	
bd71a644-2cc5-f011-bbd3-000d3a5b50ba	1177	Emil Henriksen	M	M30-34	171	5:52:05	0:45:13	0:06:45	2:42:40	0:04:15	2:13:12	Norway	
f6974854-8cbd-ef11-b8e8-6045bd018d16	1178	Oleksandr Riepkin	M	M45-49	83	5:52:09	0:46:01	0:06:25	2:46:52	0:06:05	2:06:46	Ukraine	
e6fb0bf9-6d94-f011-b4cb-000d3a302c61	1179	Christoph Krüger	M	M35-39	125	5:52:11	0:59:29	0:07:37	2:46:33	0:05:26	1:53:07	Germany	
005cea1f-bdbf-f011-bbd2-000d3a5b7c3b	1180	Tom Kodat	M	M18-24	155	5:52:12	0:43:20	0:07:47	2:55:01	0:05:14	2:00:50	Germany	
35dea201-d9d4-f011-8544-000d3a5b7c3b	1181	Lukas Merten	F	M25-29	209	5:52:15	0:45:49	0:07:22	2:37:32	0:05:33	2:16:00	Germany	
5d4a98e9-fbd9-f011-8543-6045bd05fcc1	1182	Benjamin Haulrich	M	M18-24	156	5:52:23	0:42:49	0:06:55	2:54:25	0:04:55	2:03:20	Denmark	
eb045b5a-371a-4db3-bbc2-0c042a86987b	1183	Virginia Schlange	F	F25-29	59	5:52:42	0:49:29	0:10:16	2:46:11	0:07:11	1:59:34	Germany	
a8dddc83-d393-f011-b4cc-000d3a5cf7d8	1184	Nils Böhme	M	M18-24	157	5:52:58	0:44:37	0:07:19	2:56:33	0:04:07	2:00:21	Germany	
cafda31c-c893-f011-b4cc-6045bd05f634	1185	Theo Oesterreich	M	M18-24	158	5:53:02	0:33:24	0:07:45	2:59:07	0:06:07	2:06:39	Germany	
4def6921-33eb-f011-8544-6045bd01eb6c	1186	Lukas Schoeneberg		M40-44	110	5:53:04	0:50:47	0:05:39	2:51:21	0:05:52	1:59:26	Germany	
a91c3d36-3ad5-f011-8544-000d3a35ffc1	1187	José Carlos Tejeda Guzmán	M	M18-24	159	5:53:05	0:45:22	0:07:31	3:02:43	0:05:59	1:51:29	Mexico	
ebd4743e-6a37-4ddd-9b02-a8b50a13605f	1188	Nicolas Barthod-Tonnot	M	M30-34	172	5:53:10	0:49:17	0:08:18	2:41:37	0:07:53	2:06:05	Luxembourg	
c8a7ace3-a1f0-f011-8406-00224804c237	1189	Marloes Kalma	F	F30-34	42	5:53:14	0:42:48	0:08:11	2:54:23	0:06:05	2:01:48	Netherlands	
31d9d158-86f3-f011-8406-0022480a5755	1190	Alexander Tucker	M	M25-29	210	5:53:22	0:46:10	0:09:22	2:56:49	0:08:30	1:52:31	Australia	
86565231-1ae6-f011-8543-6045bd05fcc1	1191	Nicholas Sotiriou	M	M30-34	173	5:53:30	0:42:02	0:11:33	2:49:31	0:05:30	2:04:55	United Kingdom	
e090db4b-26d1-f011-bbd3-0022480a7385	1192	Judyta Chec	F	F40-44	15	5:53:43	0:42:54	0:06:10	2:57:36	0:03:33	2:03:30	Poland	
430f1fb9-01dd-f011-8543-0022480ba1a1	1193	Claire Kruyshaar	F	F30-34	43	5:53:45	0:35:07	0:07:40	2:49:07	0:05:10	2:16:40	South Africa	
86c55b8e-79de-40b9-8519-34408e47723d	1194	Jan Mutter	M	M50-54	62	5:53:48	0:36:28	0:06:32	2:44:39	0:07:22	2:18:47	Germany	
6fd38600-d893-f011-b4cb-002248098cfa	1195	Julia Seine	F	F25-29	60	5:53:50	0:46:33	0:04:26	2:43:05	0:06:24	2:13:22	Germany	
a5adf926-269e-f011-b41c-0022480a7385	1196	Elisa-Laurentia Herzer	F	F25-29	61	5:53:52	0:39:01	0:05:07	2:53:47	0:05:57	2:10:00	Germany	
066ff050-71d3-f011-8544-000d3a5b7c3b	1197	Floor Bertrams	F	F18-24	50	5:53:52	0:41:05	0:04:46	2:44:04	0:05:09	2:18:47	Netherlands	
1ca0cc07-a99c-f011-b41c-6045bd05fcc1	1198	Steffen Luther	M	M40-44	111	5:53:52	0:45:31	0:05:44	2:50:09	0:05:00	2:07:29	Germany	
d15e7353-72ea-f011-8543-6045bd05fcc1	1199	James Blades	M	M25-29	211	5:54:07	0:41:06	0:08:14	2:59:32	0:03:45	2:01:29	Portugal	
73970290-803a-4453-acd7-5781c2bd4590	1200	Jan Wilmes	M	M30-34	174	5:54:20	0:43:43	0:07:10	2:52:27	0:04:48	2:06:13	Germany	
4ccc1447-8401-49e5-8532-3ec354377d0d	1201	Ellie Wigginton	F	F18-24	51	5:54:29	0:41:29	0:04:44	3:00:50	0:04:37	2:02:50	United Kingdom	
c1c689c4-6b21-4bc2-a8c2-dc8f91ebe98c	1202	Filippo ROSSI	M	M55-59	41	5:54:32	0:39:01	0:11:03	2:48:22	0:07:27	2:08:39	Italy	
c02b2095-b575-ef11-a670-0022480ae005	1203	Andreas Ballof	M	M45-49	84	5:54:37	0:44:00	0:07:45	2:52:55	0:06:50	2:03:07	Germany	
3a90bebc-deaa-4943-a788-ff139a3071e1	1204	Ralf Wingerath	M	M60-64	15	5:54:41	0:44:31	0:08:38	2:42:09	0:06:31	2:12:51	Germany	
5279a7fd-229e-f011-b41c-000d3a5cf7d8	1205	Tim Kowalski	M	M30-34	175	5:54:44	0:45:26	0:10:36	2:59:52	0:05:57	1:52:53	Germany	
dd2d350a-6378-f011-b4cc-6045bd09951e	1206	Frida Pilgaard	F	F18-24	52	5:54:45	0:35:44	0:05:06	3:01:44	0:05:55	2:06:16	Denmark	
dacf3d5e-a38f-48cd-a50c-bfa949cfe461	1207	Anne Bandmann	F	F18-24	53	5:54:46	0:39:46	0:05:10	3:07:03	0:03:07	1:59:40	Germany	
79490c01-d5b0-450f-bc85-702487a27900	1208	A Jovanovic	M	M60-64	16	5:54:50	0:42:16	0:07:43	2:56:38	0:05:42	2:02:32	Netherlands	
f3e3d775-10f2-ef11-9342-002248049fdc	1209	Isabel Schwebig	F	F25-29	62	5:54:58	0:41:32	0:05:58	2:48:02	0:05:54	2:13:32	Germany	
a6f1a5cf-e70b-43be-8717-9561bc705207	1210	Anna Peny Friberg	F	F40-44	16	5:55:01	0:42:15	0:06:15	2:59:05	0:04:50	2:02:37	Sweden	
b13ba677-97a7-f011-bbd3-000d3a5b50ba	1211	Jessica Rollwage	F	F30-34	44	5:55:01	0:36:07	0:04:37	2:52:01	0:02:43	2:19:33	Germany	
fee478f0-c793-f011-b4cc-6045bd09951e	1212	Ellen Duwe	F	F40-44	17	5:55:11	0:44:12	0:07:18	2:56:26	0:04:14	2:03:02	Germany	
e488605f-c193-f011-b4cc-6045bd05f634	1213	Tomke Baum	F	F30-34	45	5:55:12	0:39:03	0:06:09	2:42:28	0:04:22	2:23:09	Germany	
2d26298e-4fa0-f011-b41c-000d3a5cf7d8	1214	Bernhard Knuth	M	M60-64	17	5:55:16	0:49:13	0:09:59	2:57:47	0:06:02	1:52:15	Germany	
2cc5e7a7-bc04-4de7-9bc7-357323306b83	1215	Jerome Blondin	M	M50-54	63	5:55:17	0:42:15	0:10:58	2:37:35	0:10:03	2:14:27	France	
07b1cdb3-be5c-f011-bec2-000d3a5cf7d8	1216	Vincent Brosow	M	M25-29	212	5:55:25	0:48:18	0:05:55	2:55:46	0:04:45	2:00:41	Germany	
7826aab3-6bbb-f011-bbd3-6045bd0194a5	1217	Thomas Cordwell	M	M30-34	176	5:55:30	0:42:12	0:06:23	3:03:31	0:04:30	1:58:53	United Kingdom	
1876d9e9-d693-f011-b4cc-000d3a3173b5	1218	Kim-Alexander Krappel	M	M35-39	126	5:55:31	0:53:22	0:05:05	2:42:04	0:05:44	2:09:16	Germany	
6f1392e7-0888-f011-b4cc-0022480c097c	1219	Roman Veis	M	M30-34	177	5:55:34	0:42:26	0:05:39	2:59:58	0:04:55	2:02:36	Czech Republic	
4248d66c-cd93-f011-b4cc-000d3a5cf7d8	1220	Camila Teixeira de Carvalho	F	F35-39	24	5:55:37	0:48:50	0:05:24	3:02:12	0:05:10	1:54:01	Brazil	
8da8cca1-0594-f011-b4cc-000d3a5b7c3b	1221	Cedric Madsen Ahrendtsen	M	M25-29	213	5:55:40	0:38:07	0:09:27	2:40:38	0:04:07	2:23:20	Germany	
26bf53d3-cb25-4360-b123-b4720d285ffb	1222	Andrea Keller	F	F40-44	18	5:55:44	0:38:35	0:05:42	2:41:43	0:05:50	2:23:53	Germany	
91db4f9b-ee9b-4043-bbc1-4e5de2dcbfdf	1223	Benedikt Stefani	M	M25-29	214	5:55:47	0:43:41	0:10:56	2:54:36	0:07:27	1:59:07	Austria	
c1333b98-ff9e-f011-b41c-000d3a35ffc1	1224	Lukas Delbeck	M	M25-29	215	5:55:53	0:49:36	0:09:05	2:42:46	0:07:10	2:07:15	Germany	
dc69a32d-6e52-f011-877a-000d3a5cf7d8	1225	Daniel van Acken	M	M35-39	127	5:55:53	0:30:38	0:06:31	2:45:28	0:06:31	2:26:45	Germany	
4ed3b9d2-bd10-4886-ba6c-149704e8958b	1226	Doreen Krüger	F	F50-54	8	5:55:55	0:43:11	0:04:52	2:51:41	0:05:06	2:11:05	Germany	
bb180cbf-4a9d-f011-b41c-0022480a7385	1227	Jonas Lange	M	M30-34	178	5:56:00	0:41:09	0:08:08	2:59:28	0:07:39	1:59:36	Germany	
d20a3c68-4a9d-f011-b41c-6045bd05f634	1228	Kristian Reif	M	M30-34	179	5:56:00	0:44:42	0:10:27	2:51:48	0:09:28	1:59:36	Germany	
2065b89a-b8fa-4ffe-8787-4b8f0107ea8a	1229	Ole Petter Studsvik	M	M30-34	180	5:56:01	0:44:05	0:05:12	2:55:21	0:03:38	2:07:46	Norway	
c35e4800-2ab6-409f-a3ec-39a6a527d588	1230	Herwig Assler	M	M55-59	42	5:56:03	0:44:36	0:05:44	2:49:17	0:04:13	2:12:13	Germany	
5bf444a5-ee90-4b12-8097-cae34dff9953	1231	Joao Ladeira	M	M40-44	112	5:56:11	0:46:22	0:08:50	3:01:35	0:06:27	1:52:56	Portugal	
b817fc86-89df-f011-8543-000d3a36aad5	1232	Cem Torun	M	M25-29	216	5:56:21	0:49:48	0:05:34	2:53:14	0:04:07	2:03:38	Canada	
54d5bdc5-d8ff-465b-843f-323cb335cf9f	1233	Dirk Habenicht	M	M55-59	43	5:56:34	0:52:20	0:11:28	2:51:25	0:09:29	1:51:52	Germany	
68cf83bb-cfe1-4419-8880-e705a000c113	1234	Mike Bockfeld	M	M40-44	113	5:56:37	0:46:10	0:09:57	2:53:43	0:06:18	2:00:29	Germany	
e7c7315a-3acd-4bfc-ad62-a6d47aee7b2d	1235	Colin Creagh	M	M55-59	44	5:56:42	0:31:29	0:05:58	2:45:33	0:06:51	2:26:51	Ireland	
1441552a-d3b1-ef11-b8e9-6045bd048089	1236	Isabel Gerencer	F	F25-29	63	5:56:42	0:40:49	0:08:26	2:47:12	0:06:16	2:13:59	United States	
e579a539-a2b5-44d0-a65b-8d2d2c5aa5ce	1237	Thomas De Spiegeleire	M	M30-34	181	5:56:46	0:36:27	0:06:45	2:55:55	0:06:39	2:10:59	Belgium	
4d813d81-5b2a-4955-9cfe-72b753a34f9d	1238	Isabell Conrad	F	F30-34	46	5:56:56	0:46:34	0:05:53	2:51:44	0:05:37	2:07:08	Germany	
4bc0f9d6-02ad-f011-bbd3-000d3a3173b5	1239	Sebastian WALTER	M	M40-44	114	5:56:59	0:44:19	0:06:58	2:58:57	0:06:56	1:59:49	Germany	
31c98630-69db-f011-8544-6045bd05f634	1240	Aamir Nurmahomed	M	M25-29	217	5:57:19	0:42:08	0:06:33	2:55:15	0:06:48	2:06:35	United Kingdom	
d2e14a1f-fc38-4db6-ab34-f45ddd7070f5	1241	Dirk Bussing	M	M55-59	45	5:57:21	0:43:46	0:08:13	2:50:45	0:06:24	2:08:13	Germany	
2ada0632-d4a5-f011-bbd2-0022480b8f64	1242	Sanket Pacharne	M	M30-34	182	5:57:22	0:47:11	0:11:47	2:58:12	0:05:29	1:54:43	India	
e120700f-58f1-f011-8407-0022480c370f	1243	Pascal Wiedekind	M	M25-29	218	5:57:37	0:43:24	0:14:13	2:58:39	0:06:44	1:54:37	Germany	
7abbcf2b-7f37-4eaf-b0ab-8a9518c9f9d5	1244	York Werther	M	M25-29	219	5:57:38	0:41:11	0:05:21	2:38:05	0:03:53	2:29:08	Germany	
853ad221-6dd0-f011-bbd3-000d3a3173b5	1245	Juan Posada	M	M25-29	220	5:57:44	0:40:50	0:06:29	2:46:05	0:13:16	2:11:05	Colombia	
6054d730-5fe6-f011-8543-6045bd05fcc1	1246	Joost Vermare	M	M18-24	160	5:57:45	0:34:03	0:06:39	2:39:09	0:05:03	2:32:51	Netherlands	
f251d106-0b94-f011-b4cc-6045bd05fcc1	1247	Jakob Andersen	M	M50-54	64	5:57:47	0:47:25	0:09:39	2:52:37	0:06:04	2:02:01	Dominica	
5bdd78d9-036a-4aa9-a170-5aac11f96b7b	1248	Marc HENNING	M	M25-29	221	5:57:47	0:44:24	0:09:23	3:00:21	0:06:33	1:57:06	Germany	
8a0eda0b-abf7-4831-88a1-d157f7eed920	1249	Mert Aktas	M	M35-39	128	5:57:55	0:42:56	0:09:28	3:01:29	0:04:18	1:59:44	Turkey	
25e08a11-ca37-f011-8c4e-000d3a35ffc1	1250	Fredrik Dalborg	M	M50-54	65	5:57:58	0:48:32	0:09:37	2:55:08	0:10:11	1:54:30	Sweden	
2a61823b-5e80-463a-a7aa-ff4ed26cf29f	1251	Julien Declercq	M	M40-44	115	5:58:12	0:30:41	0:06:15	2:48:42	0:06:41	2:25:52	France	
ee6333ae-f093-f011-b4cc-6045bd05fcc1	1252	Rodolfo Christiansen	M	M40-44	116	5:58:12	0:40:42	0:06:42	2:52:50	0:04:04	2:13:55	Argentina	
56e09ee1-ab98-f011-b4cc-0022480c097c	1253	Janne Spechtmeyer	F	F25-29	64	5:58:16	0:47:42	0:06:51	3:02:36	0:04:33	1:56:34	Germany	
6e76cc5d-4f94-f011-b4cc-6045bd05f634	1254	Haris Kottwitz	M	M30-34	183	5:58:25	0:44:47	0:10:24	2:48:04	0:07:08	2:08:03	Germany	
129a1a4f-13ee-ef11-9342-002248049fdc	1255	Sandra Zulauf	F	F30-34	47	5:58:33	0:44:48	0:06:02	2:53:47	0:03:58	2:09:59	Germany	
e0eab96c-98c3-ef11-b8e8-6045bd018d16	1256	Christian Schreiber	M	M50-54	66	5:58:41	0:43:18	0:10:14	2:49:01	0:05:19	2:10:49	Germany	
54bc188b-a6ab-4107-a0ad-4df976e00df5	1257	Nico Kermer	M	M45-49	85	5:59:00	0:39:50	0:05:42	2:43:48	0:03:49	2:25:51	Germany	
5f699e65-5699-ef11-8a6a-000d3a338a3c	1258	Kush Sharma	M	M30-34	184	5:59:03	0:48:46	0:07:57	2:54:21	0:04:25	2:03:34	Germany	
98b6c79f-5083-f011-b4cc-6045bd09951e	1259	Patrick Czorek	M	M45-49	86	5:59:07	0:40:29	0:07:34	2:56:42	0:07:33	2:06:49	Germany	
bf0a0b0f-ef93-f011-b4cc-000d3a35ffc1	1260	Matthew Hay	M	M25-29	222	5:59:11	0:40:57	0:06:33	2:54:46	0:05:37	2:11:17	United Kingdom	
6936f589-10a6-f011-bbd3-000d3a3173b5	1261	Elena Pérez	F	F18-24	54	5:59:19	0:55:23	0:06:14	2:58:47	0:06:01	1:52:55	Spain	
4d1ef92e-6f6b-40ae-a2ae-98a155828807	1262	Laura Schön	F	F30-34	48	5:59:19	0:42:21	0:06:35	2:56:44	0:05:05	2:08:34	Germany	
b0a7f686-5d59-4a25-bc56-80526e47ff19	1263	Christian Bartzsch	M	M50-54	67	5:59:24	0:46:29	0:12:39	2:44:33	0:08:55	2:06:47	Germany	
8b176a6a-24cc-f011-bbd2-000d3a5b5fc7	1264	Piyush Garg	M	M30-34	185	5:59:24	0:49:31	0:10:08	2:42:15	0:07:01	2:10:29	India	
360297a9-98e8-f011-8544-000d3a5cf7d8	1265	Daniel Nadler	M	M18-24	161	5:59:32	0:43:43	0:08:17	2:50:46	0:07:54	2:08:51	Germany	
86488127-eaac-f011-bbd3-6045bd09951e	1266	Jasmine Dunkin	F	F25-29	65	5:59:36	0:50:09	0:07:15	2:58:51	0:04:53	1:58:27	United Kingdom	
aaf3d027-c0de-f011-8544-000d3a5b50ba	1267	Lucas Balcilar	M	M30-34	186	5:59:36	1:01:50	0:06:55	2:53:43	0:03:23	1:53:45	Germany	
507db7b8-4aee-f011-8407-00224805e61c	1268	Christoph Geisler	M	M45-49	87	5:59:36	0:45:33	0:09:41	2:42:10	0:09:11	2:13:00	Germany	
d73c1de5-33be-45a7-b90c-a761fbe9d64e	1269	Richard Schüßler	M	M35-39	129	5:59:37	0:45:26	0:06:44	3:02:39	0:04:02	2:00:46	Germany	
bc8dc086-8db6-f011-bbd3-000d3a35ffc1	1270	Kiara Schreider	F	F25-29	66	5:59:46	0:43:59	0:07:06	2:57:37	0:05:36	2:05:29	Germany	
896bbae1-a9e9-f011-8544-000d3a5b50ba	1271	Fallon Arnott	F	F25-29	67	5:59:56	0:42:46	0:05:27	2:56:19	0:06:54	2:08:31	United States	
41d68102-9115-4d81-905d-fc7d18caaf99	1272	Moritz Wanner	M	M25-29	223	6:00:12	0:42:47	0:07:51	2:56:39	0:06:03	2:06:52	Germany	
6e28f0d5-c4d6-f011-8544-000d3a5b50ba	1273	Arkadius Chmurczyk	M	M40-44	117	6:00:20	0:51:20	0:11:00	2:47:41	0:07:57	2:02:22	Germany	
81a1eeb8-6198-f011-b4cc-002248098cfa	1274	James Wilson	M	M30-34	187	6:00:41	0:39:31	0:08:39	2:49:55	0:06:34	2:16:02	United Kingdom	
c96250a3-7bc9-f011-bbd2-000d3a5b5fc7	1275	Ole Jacobsen	M	M18-24	162	6:00:51	0:42:03	0:06:05	2:52:30	0:04:06	2:16:07	Germany	
d5f73502-d193-f011-b4cc-6045bd09951e	1276	Jan-Ole Köster	M	M18-24	163	6:00:53	0:40:59	0:11:16	2:42:48	0:07:25	2:18:24	Germany	
18def3bc-6acb-440a-a89c-3981197ecfbb	1277	Poul Pedersen	M	M55-59	46	6:00:56	0:46:43	0:06:17	2:47:32	0:05:52	2:14:33	Denmark	
1ae73c24-6127-4213-a731-d52f7dfed850	1278	Brendan Meehan	M	M45-49	88	6:01:04	0:42:52	0:07:16	2:52:45	0:03:55	2:14:16	Ireland	
4b8586b6-92ad-f011-bbd3-000d3a5cf7d8	1279	Patrick Günser	M	M30-34	188	6:01:10	0:34:12	0:07:29	3:08:00	0:06:46	2:04:43	Austria	
cde64d8e-7baf-f011-bbd3-000d3a35ffc1	1280	Will Hilton	M	M30-34	189	6:01:11	0:37:19	0:05:24	2:47:57	0:04:52	2:25:39	United Kingdom	
b3fb5676-429c-4077-8693-69ed76e66cf0	1281	Robert Weber	M	M30-34	190	6:01:13	0:41:30	0:12:29	2:54:33	0:12:35	2:00:06	Germany	
620f62de-98ca-f011-bbd3-000d3a5b50ba	1282	Stefan Dorfling	M	M30-34	191	6:01:28	0:51:02	0:08:15	3:05:34	0:09:27	1:47:10	South Africa	
6a8741c5-d2d9-f011-8544-000d3a5b7c3b	1283	Katharina Hattermann	F	F30-34	49	6:01:38	0:46:33	0:07:57	3:05:16	0:05:41	1:56:12	Germany	
04e554e3-43a1-f011-bbd3-000d3a5b7c3b	1284	Oliver Kasten	M	M40-44	118	6:01:45	0:41:45	0:08:53	3:00:44	0:08:18	2:02:06	Germany	
1e14cafb-31d7-f011-8543-6045bd05fcc1	1285	Nikol Studihradová	F	F18-24	55	6:01:54	0:42:47	0:08:40	2:56:07	0:03:16	2:11:04	Czech Republic	
9a09406a-8327-47ec-a221-2800615d016c	1286	Esther Wörner	F	F45-49	14	6:01:57	0:41:43	0:08:24	2:57:15	0:08:54	2:05:40	Germany	
78ea0256-51a1-f011-bbd3-000d3a5cf7d8	1287	Simone Weigel	F	F30-34	50	6:01:59	0:38:57	0:06:33	2:59:34	0:07:13	2:09:42	Germany	
dfcb8409-44dc-f011-8543-6045bd05fcc1	1288	Rick Verkuijlen	M	M18-24	164	6:02:05	0:43:52	0:07:55	2:56:04	0:04:30	2:09:44	Netherlands	
18359025-a46a-4f86-ab0d-d07732308419	1289	Martijn Janssen	M	M50-54	68	6:02:15	0:33:06	0:05:03	2:43:25	0:06:47	2:33:53	Netherlands	
8aa043b7-c093-f011-b4cb-6045bd0a1bec	1290	Elisabeth Müller	F	F30-34	51	6:02:16	0:43:35	0:06:11	3:11:34	0:04:39	1:56:17	Germany	
fc6ecc3b-4558-438d-8c1c-f1c2cd2c584d	1291	Anna Gördes	F	F25-29	68	6:02:18	0:44:28	0:07:27	2:58:58	0:04:32	2:06:53	Germany	
71c35900-de0e-42ee-b0b2-03f1c1174b11	1292	Kerstin Henze	F	F55-59	6	6:02:20	0:45:34	0:05:18	2:50:15	0:03:36	2:17:36	Germany	
405437bc-c357-4abf-8598-03fbabc919fe	1293	Andreas Brod	M	M60-64	18	6:02:20	0:46:25	0:09:26	2:54:32	0:06:36	2:05:21	Germany	
93b0eafa-6a35-499b-9e4a-9e83e0571c9e	1294	Christine DiGangi	F	F35-39	25	6:02:21	0:36:49	0:06:40	3:11:09	0:05:32	2:02:10	United States	
707d466e-eed8-f011-8543-6045bd05fcc1	1295	David Großhennig	M	M25-29	224	6:02:25	0:52:54	0:09:54	2:53:53	0:06:29	1:59:15	Germany	
f78162b8-1484-f011-b4cc-6045bd05fcc1	1296	Jörg Karkossa	M	M55-59	47	6:02:34	0:43:41	0:07:44	2:50:27	0:07:12	2:13:29	Germany	
5968292f-b661-4434-b5c5-dffea6af6d56	1297	Joachim Braun	M	M45-49	89	6:02:43	0:39:56	0:06:31	2:41:13	0:03:33	2:31:30	Germany	
ec9b19b1-ac87-ef11-ac21-002248049fdc	1298	Francis Mc Namara	M	M35-39	130	6:02:50	0:35:57	0:10:38	2:56:57	0:11:52	2:07:27	Ireland	
631728ca-8589-f011-b4cc-000d3a5cf7d8	1299	Jassem Medini	M	M40-44	119	6:02:54	0:44:59	0:06:03	2:56:17	0:04:29	2:11:07	France	
4ed550f4-f350-4566-a072-9d84173bce2e	1300	Leonie Hutmacher	F	F35-39	26	6:03:00	0:40:08	0:06:57	3:01:29	0:07:12	2:07:14	Germany	
a2e895b2-1766-f011-bec3-000d3a3173b5	1301	Johannes Krause	M	M25-29	225	6:03:03	0:44:12	0:08:38	3:04:21	0:07:35	1:58:16	Germany	
70c161c9-6662-4e55-bbe2-835a16c398b9	1302	Thomas Dera	M	M40-44	120	6:03:04	0:37:42	0:14:06	2:44:33	0:10:57	2:15:46	Germany	
f8a86b2f-3ef6-f011-8406-000d3a5cd7e7	1303	David Baum	M	M18-24	165	6:03:07	0:34:55	0:09:55	2:56:15	0:06:47	2:15:15	Germany	
4766e1f8-cb93-f011-b4cb-6045bd0a1bec	1304	Pelle Scupin	M	M18-24	166	6:03:07	0:45:15	0:07:14	2:57:15	0:06:17	2:07:06	Germany	
5a660fa2-0c92-f011-b4cb-002248098cfa	1305	Mads Krogh	M	M18-24	167	6:03:11	0:43:53	0:09:47	2:54:01	0:05:05	2:10:25	Denmark	
dea4dd76-3fe8-f011-8543-000d3a5b5fc7	1306	Grace Fone Hawkins	F	F18-24	56	6:03:25	0:39:03	0:05:29	3:03:57	0:05:51	2:09:05	United Kingdom	
5f2399ad-8b95-f011-b4cc-000d3a3173b5	1307	Arjan Miethling	M	M18-24	168	6:03:26	0:38:58	0:07:30	2:59:10	0:05:29	2:12:18	Germany	
994b8834-012a-f011-8c4d-6045bd09951e	1308	Xian Wang Seow	M	M30-34	192	6:03:27	0:44:19	0:05:27	3:19:45	0:05:47	1:48:10	Singapore	
32ee7db4-c593-f011-b4cc-6045bd05f634	1309	Frederike Tschakert	F	F18-24	57	6:03:27	0:53:58	0:07:55	2:44:37	0:09:28	2:07:29	Germany	
bac4b382-6ced-f011-8544-00224805e61c	1310	Ibrahim Kocabasa	M	M25-29	226	6:04:04	1:00:08	0:08:14	2:45:03	0:05:26	2:05:13	Turkey	
cbb3ec7f-5d98-f011-b4cc-002248098cfa	1311	Rosie Morgan	F	F25-29	69	6:04:04	0:41:04	0:05:32	2:57:39	0:03:56	2:15:54	United Kingdom	
989efa6d-94ae-f011-bbd2-6045bd058582	1312	Fabian Hager	M	M30-34	193	6:04:25	0:52:04	0:06:34	3:02:16	0:04:10	1:59:22	Italy	
9330c32b-2ad9-f011-8544-000d3a35ffc1	1313	Mona Klotz	F	F30-34	52	6:04:32	0:45:58	0:04:48	2:52:35	0:04:54	2:16:17	Germany	
74b6f008-bfcf-41b8-8004-df89c8c3fcd3	1314	Esther Jongsma	F	F45-49	15	6:04:35	0:38:57	0:05:57	2:46:03	0:06:31	2:27:07	Netherlands	
934d87e0-d2e8-f011-8543-6045bd05fcc1	1315	Lara Müller	F	F25-29	70	6:04:39	0:43:17	0:09:05	2:47:32	0:06:51	2:17:53	Germany	
6d2295fd-259a-f011-b4cc-0022480a7385	1316	Janne Medenwald	M	M18-24	169	6:04:44	0:43:45	0:05:51	2:58:01	0:06:43	2:10:24	Germany	
ca1fea29-be93-f011-b4cc-000d3a3173b5	1317	Tom Horack	M	M25-29	227	6:04:57	0:49:29	0:07:23	3:06:13	0:03:41	1:58:11	Germany	
e29d3088-890e-46e3-b850-f3c5bd825f00	1318	Vera Torotenkova	F	F35-39	27	6:05:06	0:48:04	0:07:13	2:59:46	0:04:13	2:05:49	Unknown	
6871d6b6-bbd2-f011-8543-6045bd05fcc1	1319	Gian Luca Estivariz Lopez	M	M30-34	194	6:05:10	0:41:54	0:12:55	2:48:44	0:08:31	2:13:05	Germany	
794175e7-db5d-ee11-be6f-000d3a31406e	1320	Rainer Zindler	M	M65-69	3	6:05:22	0:38:31	0:08:51	2:50:36	0:05:38	2:21:46	Germany	
248418b3-35a5-f011-bbd3-002248098cfa	1321	Rabea Steinle	F	F25-29	71	6:05:36	0:48:37	0:09:23	2:58:55	0:06:53	2:01:49	Germany	
bc5df16e-3795-f011-b4cb-002248098cfa	1322	Tom Kruse	M	M25-29	228	6:05:46	0:46:45	0:10:16	2:59:43	0:06:52	2:02:09	Germany	
b5286be8-51ae-f011-bbd3-002248098cfa	1323	Alexander Lind	M	M30-34	195	6:05:53	1:03:48	0:05:26	2:40:41	0:06:55	2:09:03	Germany	
8659cba2-09d7-4356-8a3a-666a900de1e8	1324	Ulrike Levold	F	F55-59	7	6:05:58	0:32:46	0:06:41	3:05:49	0:03:35	2:17:07	Germany	
b8fddb4a-d7ea-f011-8543-000d3a5b5fc7	1325	Jana Auer	F	F18-24	58	6:05:59	0:38:21	0:04:40	2:53:12	0:03:15	2:26:31	Germany	
ebb69de3-59c1-ef11-b8e8-6045bd088264	1326	Marcus Bates	M	M50-54	69	6:06:07	0:39:45	0:06:37	3:01:04	0:04:05	2:14:37	United Kingdom	
036d4c41-41ca-f011-bbd3-6045bd05fcc1	1327	William Barnard	M	M18-24	170	6:06:17	0:43:01	0:09:35	3:00:05	0:07:05	2:06:32	United Kingdom	
6929a351-11e3-f011-8544-000d3a5b50ba	1328	Julia Fischer	F	F25-29	72	6:06:22	0:44:17	0:08:52	2:59:36	0:05:39	2:07:58	Germany	
2f0259cf-77aa-f011-bbd3-000d3a5c3d6c	1329	David Sirch	M	M40-44	121	6:06:22	0:43:03	0:08:08	2:46:35	0:05:20	2:23:17	Germany	
7fd0d552-90b5-ef11-b8e9-000d3a5a1803	1330	Melanie Weiser	F	F25-29	73	6:06:22	0:46:18	0:09:16	2:52:14	0:05:45	2:12:50	Germany	
0b3e8075-7595-f011-b4cc-000d3a35ffc1	1331	Moritz Gundlach	M	M18-24	171	6:06:23	0:48:08	0:07:36	2:55:37	0:05:54	2:09:08	Germany	
596ce96c-0b61-f011-bec3-6045bd05f634	1332	Wolfram Schmied	M	M55-59	48	6:06:25	0:50:09	0:07:14	2:46:47	0:06:13	2:16:01	Germany	
fdb725c9-e970-4218-8f8b-641075051894	1333	Juliane Nisse	F	F40-44	19	6:06:30	0:51:54	0:05:49	2:56:44	0:05:37	2:06:26	Germany	
74b7c71c-9cd2-4f5c-b96d-836ee718dcdf	1334	Helene Gress	F	F50-54	9	6:06:33	0:43:23	0:07:26	2:56:53	0:06:35	2:12:15	Germany	
9def43ec-f893-f011-b4cc-0022480c097c	1335	Björn Papke	M	M45-49	90	6:06:36	0:49:35	0:10:06	3:02:56	0:07:26	1:56:33	Germany	
491bcaeb-66ec-f011-8544-0022480c370f	1336	Alina Sedach	F	F35-39	28	6:06:46	0:50:24	0:05:12	2:55:38	0:03:26	2:12:06	Czech Republic	
173d92b3-f623-ee11-9cbd-000d3a31458d	1337	Christoph Würger	M	M30-34	196	6:06:56	0:40:00	0:05:37	2:52:45	0:05:44	2:22:51	Germany	
87a11894-3595-f011-b4cc-000d3a5c3d6c	1338	Alexander Kunkel	M	M35-39	131	6:06:58	0:40:20	0:13:10	3:01:56	0:07:06	2:04:26	Germany	
99a2999e-f993-f011-b4cc-0022480c097c	1339	Maya Zornow	F	F18-24	59	6:06:58	0:49:13	0:09:14	2:55:24	0:07:31	2:05:36	Germany	
4a605149-15ef-f011-8407-6045bd09fcf5	1340	Albert Lindner	M	M25-29	229	6:07:08	0:46:34	0:09:40	2:53:17	0:06:29	2:11:08	Germany	
2630fd3e-bf93-f011-b4cc-000d3a35ffc1	1341	Patrick Wiese	M	M30-34	197	6:07:19	0:40:44	0:08:33	3:00:36	0:03:54	2:13:32	Germany	
fc6ff546-83f7-ef11-9341-000d3a5ae96c	1342	Dariia Tilgen	F	F40-44	20	6:07:49	0:54:09	0:09:25	2:51:59	0:07:46	2:04:30	Ukraine	
4916dac8-60e9-f011-8544-000d3a35ffc1	1343	Marc Baenkler	M	M45-49	91	6:07:54	0:49:13	0:08:53	2:54:39	0:06:07	2:09:02	Andorra	
b0b35bc6-af0d-40ac-9173-6448644d2736	1344	Ingo Peper	M	M45-49	92	6:07:57	0:34:26	0:05:57	2:41:03	0:06:15	2:40:16	Germany	
21ddd6c1-6115-f011-998a-000d3a35ffc1	1345	Alexander Kittel	M	M30-34	198	6:08:04	0:47:35	0:08:31	2:52:18	0:06:25	2:13:14	Germany	
ab2674e6-5fc8-f011-bbd3-000d3a5b50ba	1346	Natasja van Asch	F	F25-29	74	6:08:11	0:36:36	0:08:03	3:00:56	0:06:28	2:16:07	Netherlands	
74af8e25-9809-45b9-9627-4c02ec7a0711	1347	Olaf Feuchter	M	M60-64	19	6:08:54	0:47:47	0:09:20	2:53:36	0:07:13	2:10:58	Germany	
9f647d98-f0d9-f011-8543-6045bd01aedd	1348	Josefin Stiel	F	F30-34	53	6:08:56	0:48:56	0:06:29	2:53:39	0:07:43	2:12:09	Germany	
4f03108b-febb-f011-bbd2-000d3a3402d5	1349	Christoffer Jørgensen	M	M25-29	230	6:09:06	0:47:41	0:07:32	2:45:48	0:05:40	2:22:26	Denmark	
e2dd5ad0-ced6-f011-8543-00224806a08a	1350	Christian Döbbelin	M	M40-44	122	6:09:10	0:42:57	0:11:07	2:54:32	0:09:03	2:11:31	Germany	
67da7e0d-a0b1-f011-bbd3-6045bd09951e	1351	Carina Schröder	F	F35-39	29	6:09:23	0:40:15	0:05:40	2:50:49	0:05:46	2:26:52	Germany	
31111e05-0eba-f011-bbd2-6045bd0050a6	1352	xinyu jing	F	F30-34	54	6:09:24	0:43:31	0:09:18	3:11:03	0:06:08	1:59:24	China	
c44c4f94-c35c-f011-bec2-000d3a5cf7d8	1353	Benjamin de Pree	M	M25-29	231	6:09:24	0:49:21	0:07:00	2:58:59	0:04:43	2:09:21	Switzerland	
db23ec68-1f95-f011-b4cc-000d3a5b7c3b	1354	Dawn Allum	F	F55-59	8	6:09:40	0:44:08	0:06:55	3:07:33	0:04:54	2:06:10	United Kingdom	
9721b7ee-77b8-f011-bbd3-002248098cfa	1355	Leonard Steinmaurer	M	M18-24	172	6:09:40	0:41:49	0:08:45	2:57:38	0:06:32	2:14:57	Germany	
67a9c820-bda3-f011-bbd2-000d3a595e1f	1356	Daniel Heine	M	M40-44	123	6:09:40	0:46:09	0:10:06	2:54:25	0:08:16	2:10:44	Germany	
32662594-43eb-f011-8544-000d3a3173b5	1357	Vincent Spirgi	M	M25-29	232	6:09:41	0:49:34	0:06:45	3:02:23	0:06:13	2:04:46	Eswatini	
cd71dc04-3ef2-4d58-949e-9e04d5b4a450	1358	Andreas Saul	M	M45-49	93	6:09:52	0:44:15	0:10:41	2:58:45	0:05:58	2:10:14	Germany	
86486738-c29b-41c7-abea-ef273b7f2ebd	1359	Ravi Ganti	M	M50-54	70	6:09:55	0:39:08	0:10:44	2:48:59	0:06:26	2:24:39	Germany	
44daf1af-7b64-4f1c-97a7-644ad2b7d0a6	1360	Katharina Spiliotis	F	F45-49	16	6:09:58	0:51:27	0:07:47	2:59:06	0:07:02	2:04:37	Germany	
abdcf0dc-8de9-f011-8544-000d3a5cf7d8	1361	Ophélie Deckers	F	F18-24	60	6:09:58	0:44:22	0:09:29	3:17:14	0:05:44	1:53:10	Belgium	
ee7c72b9-f9e0-f011-8544-000d3a3173b5	1362	Clark Henfrey	M	M30-34	199	6:10:00	0:42:55	0:06:19	2:56:36	0:08:01	2:16:10	United Kingdom	
4ccf6748-9491-f011-b4cc-6045bd05fcc1	1363	Ane Miren Irisarri Arruabarrena	F	F35-39	30	6:10:01	0:42:26	0:06:37	3:14:25	0:04:41	2:01:51	Spain	
65973275-ece4-f011-8544-000d3a35ffc1	1364	Jacqueline Dallmann	F	F25-29	75	6:10:16	0:44:24	0:05:59	2:59:19	0:06:05	2:14:29	Germany	
86ae0fb6-29a2-f011-bbd3-6045bd05fcc1	1365	Muhammad Shujaat Iqbal	M	M25-29	233	6:10:22	0:49:17	0:17:04	3:09:21	0:09:19	1:45:21	Pakistan	
efd9fbbd-be93-f011-b4cb-002248098cfa	1366	Sophia Marie Peters	F	F18-24	61	6:10:26	0:38:21	0:07:55	2:59:48	0:05:10	2:19:12	Germany	
0bec4af7-02d6-f011-8544-000d3a35ffc1	1367	Florian Bauer	M	M30-34	200	6:10:46	0:48:24	0:05:47	2:38:31	0:05:27	2:32:36	Germany	
84059c45-c497-ef11-8a6a-002248049fdc	1368	Franziska Alberts	F	F30-34	55	6:10:48	0:37:52	0:07:48	3:10:07	0:08:40	2:06:20	Germany	
cb07e280-029f-f011-b41b-000d3a3ad8f1	1369	Morgan Smyth	M	M35-39	132	6:10:58	0:42:38	0:11:23	3:08:01	0:06:25	2:02:30	Ireland	
69559f8c-a6e5-f011-8544-0022480c097c	1370	Kerri-Anne Northrop	F	F35-39	31	6:11:03	0:41:19	0:05:36	3:05:41	0:04:12	2:14:16	United Kingdom	
c2176ee2-07ce-f011-bbd3-000d3a3173b5	1371	Nicolas Merker	M	M40-44	124	6:11:05	0:56:35	0:08:49	2:50:37	0:08:33	2:06:31	Germany	
d9b4a5b3-8217-f011-998a-0022480c097c	1372	Franziska Neubauer	F	F18-24	62	6:11:05	0:41:58	0:06:21	3:05:55	0:03:36	2:13:15	Germany	
effd8337-48e7-f011-8544-000d3a5b7c3b	1373	Lotte Vandermeulen	F	F25-29	76	6:11:16	0:49:31	0:07:19	2:58:32	0:04:48	2:11:06	Belgium	
0b31d147-6d9d-f011-b41c-000d3a5b7c3b	1374	Bennit Theinert	M	M25-29	234	6:11:29	0:39:49	0:06:14	2:42:42	0:05:24	2:37:20	Germany	
835a022b-c993-f011-b4cc-0022480a7385	1375	Camilla Dent	F	F25-29	77	6:11:29	0:42:13	0:05:41	3:06:58	0:05:32	2:11:05	United Kingdom	
321a9259-a1f0-f011-8406-00224804c237	1376	Ellena Pasveer	F	F25-29	78	6:11:30	0:47:02	0:07:50	2:54:49	0:03:57	2:17:52	Netherlands	
d4b4788c-76de-43f3-9126-9f05525e90c7	1377	James Downey	M	M45-49	94	6:11:35	0:44:08	0:09:18	2:50:18	0:03:49	2:24:03	United Kingdom	
aa66e2cf-dfde-f011-8544-000d3a5b50ba	1378	Areez Kanji	M	M25-29	235	6:11:38	0:51:11	0:07:00	3:04:56	0:05:02	2:03:29	United States	
f590d191-1eaf-f011-bbd3-6045bd05fcc1	1379	Vighnesh Kulkarni	M	M30-34	201	6:11:39	0:44:10	0:06:43	3:02:38	0:04:59	2:13:08	India	
7bb17764-8194-4860-afe8-91834415d7f2	1380	Bernd Leinauer	M	M65-69	4	6:11:41	1:00:54	0:10:22	2:57:58	0:05:55	1:56:33	Germany	
25884ad3-9ec8-f011-bbd3-6045bd05fcc1	1381	Marie Däumichen	F	F25-29	79	6:11:42	0:42:28	0:06:49	3:11:25	0:06:36	2:04:25	Germany	
0c6b3eb1-2a21-4a56-b121-b02b5dd07bda	1382	Tomas Kubista	M	M30-34	202	6:11:45	0:36:44	0:08:09	2:51:26	0:06:31	2:28:54	Czech Republic	
d5b7e6de-bbd5-f011-8544-6045bd09951e	1383	Florian Staehr	M	M30-34	203	6:11:56	0:40:57	0:08:31	2:56:48	0:05:44	2:19:56	Germany	
41b373f0-15cd-f011-bbd3-6045bd05fcc1	1384	Esmee Gijsberts	F	F25-29	80	6:12:07	0:42:48	0:05:26	3:02:27	0:06:29	2:14:57	Netherlands	
61762327-c0de-f011-8544-000d3a3173b5	1385	Oliver Elias Balcilar	M	M30-34	204	6:12:09	1:08:02	0:08:47	2:44:12	0:05:49	2:05:18	Germany	
722fff16-de44-4075-add6-74529ff5aea5	1386	Patrizia Scarfone	F	F50-54	10	6:12:13	0:46:03	0:06:07	2:57:58	0:03:38	2:18:27	Italy	
7955daf1-bf93-f011-b4cc-000d3a3173b5	1387	Nico Meyer	M	M18-24	173	6:12:19	0:37:25	0:07:51	3:09:13	0:07:39	2:10:11	Germany	
b92751a0-ef17-ee11-8f6e-000d3a314be4	1388	Florian Bauer	M	M35-39	133	6:12:37	0:33:50	0:06:41	2:54:22	0:07:43	2:30:01	Germany	
53fc36e1-1ef9-f011-8406-002248046ec8	1389	Nils Bachmann	M	M18-24	174	6:12:46	0:49:55	0:05:22	3:04:09	0:03:05	2:10:14	Germany	
86d3e4dc-979d-4a4c-b3b5-cfce00163524	1390	Annegret Mutter	F	F45-49	17	6:12:47	0:43:29	0:08:00	2:55:40	0:06:29	2:19:10	Germany	
d7225012-c8ef-f011-8407-0022480c097c	1391	Josephine Schmidt	F	F18-24	63	6:12:58	0:50:54	0:04:34	3:04:59	0:03:38	2:08:52	Germany	
5cfc25e1-1376-f011-b4cb-000d3a5b7c3b	1392	Chris Grunwald	M	M40-44	125	6:12:58	0:54:58	0:09:39	2:45:49	0:06:17	2:16:14	Germany	
c0166dea-bdf1-489b-886b-3ba8a220652b	1393	Salvador Victoria Bolivar	M	M55-59	49	6:12:59	0:42:08	0:10:52	3:03:04	0:06:52	2:10:04	Spain	
ee98006f-eece-f011-bbd3-000d3a5b7c3b	1394	Stephanie Höhn	F	F35-39	32	6:13:02	0:43:52	0:06:53	2:59:23	0:07:15	2:15:40	Germany	
59853c23-5fd7-f011-8544-000d3a5b50ba	1395	ben rothacher	M	M18-24	175	6:13:10	0:42:30	0:07:08	2:50:30	0:05:59	2:27:03	Switzerland	
89562ec2-dc24-4729-8ea0-a9c8a888ea77	1396	Kateryna Mohylnytska	F	F40-44	21	6:13:12	0:54:26	0:06:45	2:53:07	0:07:57	2:10:57	Ukraine	
096c47b0-94ed-f011-8544-0022480b738e	1397	Calle Jansell	M	M18-24	176	6:13:54	0:47:11	0:05:53	3:03:20	0:04:40	2:12:50	Sweden	
64c20c10-3902-ef11-a1fe-000d3a314c24	1398	Björn Jorns	M	M40-44	126	6:13:55	0:39:40	0:08:00	2:56:16	0:03:17	2:26:42	Germany	
c9743d7c-34be-f011-bbd3-6045bd09951e	1399	Matti Duwe	M	M18-24	177	6:13:58	0:50:36	0:11:57	2:53:13	0:05:43	2:12:29	Germany	
413e24f5-e3e7-f011-8544-000d3a5b7c3b	1400	Ross Milne	M	M25-29	236	6:13:59	0:51:25	0:08:56	2:51:41	0:05:42	2:16:15	Unknown	
1d6f3cee-000c-4c5a-8ac1-75f58a17ddfe	1401	Linda Jansell	F	F55-59	9	6:14:00	0:38:44	0:07:45	2:52:50	0:06:42	2:27:59	Sweden	
524caafb-dc93-f011-b4cc-000d3a5cf7d8	1402	Jana Biedermann	F	F25-29	81	6:14:05	0:44:22	0:06:00	2:58:35	0:05:18	2:19:51	Germany	
e1dc4167-09eb-f011-8544-6045bd09951e	1403	Michael Pitschen	M	M40-44	127	6:14:41	0:53:59	0:08:47	2:47:35	0:07:38	2:16:42	Germany	
35a7284f-c593-f011-b4cc-000d3a5b7c3b	1404	Keira Duncan	F	F35-39	33	6:14:59	0:47:52	0:06:14	3:10:54	0:06:06	2:03:54	United Kingdom	
872230ba-9337-402e-9660-637d0b7a6bbb	1405	Alessandro Bettini	M	M60-64	20	6:15:04	0:48:10	0:10:24	2:48:15	0:05:25	2:22:49	Italy	
0e439f62-697b-f011-b4cc-6045bd05f634	1406	Julie Brændgaard Sørensen	F	F18-24	64	6:15:11	0:53:04	0:05:16	2:59:52	0:04:59	2:12:00	Denmark	
e1995997-4ee6-f011-8544-000d3a5cf7d8	1407	Martin Laskowski	M	M30-34	205	6:15:19	0:53:55	0:10:32	2:58:44	0:08:46	2:03:22	Germany	
5deed74d-0ba5-f011-bbd3-0022480a7385	1408	Cillian Bass	M	M30-34	206	6:15:28	0:43:25	0:10:56	3:08:49	0:07:58	2:04:20	Ireland	
12217299-1b77-f011-b4cc-000d3a5b50ba	1409	Eoghan Neary	M	M30-34	207	6:15:28	0:42:23	0:12:03	3:08:43	0:08:00	2:04:20	Ireland	
58cbdc89-b8e7-f011-8544-000d3a5b7c3b	1410	Rohan Tiwari	M	M25-29	237	6:15:28	0:42:01	0:06:10	3:08:35	0:04:45	2:13:57	India	
7910ce8f-d83f-f011-b4ca-000d3a5b7c3b	1411	Carina Endres	F	F30-34	56	6:15:34	0:45:05	0:05:26	2:49:52	0:03:35	2:31:35	Germany	
59112e2d-34f0-ef11-9341-6045bd05400c	1412	Nathan Danielczok	M	M30-34	208	6:16:32	0:46:03	0:06:38	2:43:27	0:04:56	2:35:28	Germany	
ab2d6f92-97aa-f111-aaac-70a8a5b19cbc	1413	Filip Slepcev	M	M18-24	178	6:16:32	0:44:09	0:06:43	3:10:51	0:07:26	2:07:23	Canada	
d8485e3a-2474-40d6-a1b4-5ed36462fa92	1414	Robert Hans Hagen Schaupmann	M	M25-29	238	6:16:34	0:38:40	0:06:10	2:56:23	0:07:29	2:27:52	Germany	
8860c1f3-a822-43db-b3b3-3ba4e01e53b7	1415	Anna Bruhn	F	F30-34	57	6:16:44	0:44:52	0:05:04	2:54:51	0:04:11	2:27:46	Germany	
1042a5ad-fade-f011-8544-000d3a5b50ba	1416	Karan Tibriwal	M	M25-29	239	6:16:46	0:44:15	0:06:20	3:33:28	0:05:13	1:47:30	Canada	
4e39baab-a234-45a5-95e1-2e03370a6434	1417	Anika Friedl	F	F40-44	22	6:16:47	0:46:08	0:06:49	2:55:08	0:05:51	2:22:51	Germany	
fcdeab00-bed6-f011-8544-000d3a5b50ba	1418	Amy-sophie Zug	F	F18-24	65	6:16:50	0:40:42	0:07:46	2:57:09	0:08:02	2:23:11	Germany	
76bc949f-7394-f011-b4cc-000d3a5cf7d8	1419	Jule Kapell	F	F25-29	82	6:16:55	0:53:42	0:10:16	2:59:41	0:08:36	2:04:39	Germany	
6491f90d-9452-f011-877a-0022480a7385	1420	Sean Siemers	M	M18-24	179	6:17:12	0:42:08	0:08:06	2:56:15	0:06:42	2:24:00	Germany	
03610fbe-75a4-f011-bbd3-000d3a35ffc1	1421	Indigo Sadon	F	F30-34	58	6:17:29	0:48:05	0:10:08	2:53:02	0:07:26	2:18:48	Netherlands	
771eeb78-c293-f011-b4cc-000d3a35ffc1	1422	Cesar Jara	M	M25-29	240	6:17:30	0:42:59	0:05:48	2:55:22	0:03:38	2:29:43	Ecuador	
19bd0188-3f70-4627-824f-542b1bd2c718	1423	Janine Pöttger	F	F45-49	18	6:17:31	0:44:33	0:06:28	2:57:43	0:05:35	2:23:12	Germany	
3e44d39f-e993-f011-b4cc-0022480c097c	1424	Nina Studer	F	F30-34	59	6:17:37	0:44:38	0:07:18	3:10:56	0:06:46	2:07:59	Switzerland	
0d3659b1-d34c-4c0c-8439-c41136886551	1425	René Baumgart	M	M40-44	128	6:17:41	0:41:48	0:09:08	3:09:31	0:03:59	2:13:14	Germany	
d676d9c8-a64d-45d8-a5ec-d5047f874978	1426	Monty Holzheimer	M	M50-54	71	6:17:43	0:42:05	0:10:56	2:42:35	0:06:53	2:35:14	Germany	
1060633f-59e0-ee11-904c-6045bd064839	1427	Alexander PELZ	M	M40-44	129	6:17:44	0:53:27	0:11:23	3:10:28	0:10:07	1:52:18	Germany	
668f7307-cb93-f011-b4cc-000d3a3173b5	1428	Franziska Manko	F	F40-44	23	6:17:47	0:44:10	0:10:32	3:05:51	0:04:56	2:12:19	Germany	
00fbdb8e-4f64-416d-a8ef-59d64c99f934	1429	Sarah Miksa	F	F35-39	34	6:18:03	0:40:03	0:06:42	3:02:24	0:05:28	2:23:27	United States	
9d99a118-5ce9-f011-8544-000d3a3173b5	1430	Wesley Borrenbergs	M	M25-29	241	6:18:10	0:47:23	0:08:03	3:07:38	0:05:59	2:09:07	Netherlands	
d6afc504-c0ad-f011-bbd3-6045bd05fcc1	1431	Anja Fröschle	F	F35-39	35	6:18:20	0:47:13	0:08:24	3:06:06	0:06:56	2:09:41	Germany	
a914cda8-5f52-ef11-a316-00224808301f	1432	Danielle Jovanovic	F	F30-34	60	6:18:40	0:55:03	0:10:55	3:05:00	0:08:15	1:59:26	Netherlands	
b746c1b6-e8a2-f011-bbd3-000d3a5b7c3b	1433	Carolin Reske	F	F40-44	24	6:18:41	0:48:52	0:06:41	3:08:36	0:06:02	2:08:29	Germany	
a9832c13-5ba4-f011-bbd3-6045bd09951e	1434	Sebastian Rohde	M	M30-34	209	6:18:45	0:50:51	0:07:48	3:01:01	0:04:47	2:14:18	Germany	
243a08c9-1597-f011-b4cc-6045bd05fcc1	1435	Kim-Lea Molitor	F	F30-34	61	6:18:45	0:48:26	0:05:05	2:56:29	0:03:18	2:25:27	Germany	
0cdfc466-dbcd-45ae-b260-d5d8c01479f1	1436	Jin Hua Kao	F	F35-39	36	6:18:50	0:47:37	0:12:38	2:55:56	0:06:58	2:15:41	Unknown	
bc401c47-5ecc-4171-a937-80e9d894dbd9	1437	Florian Luczak	M	M45-49	95	6:18:54	0:35:45	0:11:01	3:05:46	0:11:32	2:14:49	Germany	
0d45958f-fd93-f011-b4cc-6045bd09951e	1438	Johannes Erbert	M	M25-29	242	6:18:58	0:36:59	0:06:32	2:54:14	0:07:01	2:34:12	Germany	
e0fba04b-aa6c-f011-bec3-6045bd09951e	1439	Christian Hofacker	M	M50-54	72	6:19:24	0:43:29	0:12:30	2:59:19	0:12:00	2:12:06	Germany	
d7381f24-b8e8-f011-8544-000d3a5b50ba	1440	Garrit Franke	M	M25-29	243	6:19:26	0:43:01	0:08:10	3:07:46	0:05:43	2:14:46	Germany	
949cf023-6578-446f-a696-bc727b6ac3bb	1441	Rens Van Leeuwen	M	M30-34	210	6:19:26	0:35:58	0:04:41	2:36:16	0:05:45	2:56:47	Netherlands	
8ac3deab-cdcb-f011-bbd3-000d3a35ffc1	1442	Ali Oktay	M	M35-39	134	6:20:06	0:42:12	0:07:54	2:54:33	0:04:37	2:30:51	Turkey	
706df06c-bf93-f011-b4cc-6045bd05f634	1443	Carina Findeiß	F	F18-24	66	6:20:11	0:46:47	0:07:18	3:04:31	0:05:15	2:16:19	Germany	
f8ecea17-01bc-f011-bbd3-000d3a5b50ba	1444	Jasmine Edwards	F	F18-24	67	6:20:33	0:33:09	0:04:30	3:22:15	0:02:43	2:17:55	United Kingdom	
903c1bad-8cae-f011-bbd3-000d3a3173b5	1445	Lena Hoffmann	F	F35-39	37	6:20:47	0:51:28	0:06:59	3:06:02	0:04:10	2:12:09	Germany	
729dc9f2-d793-f011-b4cc-0022480a7385	1446	Patricia Hollack	F	F35-39	38	6:20:48	0:48:35	0:05:54	3:08:37	0:06:39	2:11:02	Germany	
9bad11be-00cb-f011-bbd3-000d3a5b50ba	1447	Alexander Schlosser	M	M25-29	244	6:20:50	0:37:30	0:07:30	3:14:29	0:07:42	2:13:38	Germany	
7f4347d9-8793-f011-b4cc-6045bd05fcc1	1448	Jessica Nuss	F	F30-34	62	6:20:52	0:41:24	0:04:57	3:03:42	0:04:17	2:26:32	Germany	
93c9b5aa-c89b-f011-b41c-6045bd09951e	1449	Robert Hesse	M	M45-49	96	6:20:55	0:52:20	0:09:01	2:48:06	0:07:32	2:23:56	Germany	
a177546d-10bc-f011-bbd3-6045bd09951e	1450	Nira Halfpap	F	F40-44	25	6:21:00	0:49:54	0:07:13	2:57:22	0:06:40	2:19:51	Germany	
f10aaaae-be93-f011-b4cc-000d3a35ffc1	1451	Noah Reh	M	M18-24	180	6:21:01	0:43:34	0:10:44	3:00:28	0:06:14	2:20:01	Germany	
ab0ce307-2071-4f46-81f8-891c25eae057	1452	Laura Promehl	F	F30-34	63	6:21:12	0:41:01	0:06:55	2:55:56	0:06:04	2:31:15	Germany	
e80fca8f-3691-f011-b4cc-000d3a5cf7d8	1453	Miriam Vanurova	F	F40-44	26	6:21:21	0:47:34	0:06:05	3:15:49	0:07:09	2:04:44	Czech Republic	
e99de6bf-a89f-f011-b41c-000d3a5b50ba	1454	Grace Mayne	F	F25-29	83	6:21:36	0:38:08	0:06:32	3:18:13	0:07:36	2:11:07	United Kingdom	
9384f710-aa88-4eb6-8689-612923992563	1455	Richard Crossland	M	M35-39	135	6:21:59	0:49:06	0:07:26	3:10:09	0:05:39	2:09:40	United Kingdom	
c0305e27-c593-f011-b4cc-000d3a3173b5	1456	Marouane Slaaouiter	M	M35-39	136	6:22:02	0:42:31	0:09:49	2:56:06	0:05:39	2:27:57	Morocco	
e390bbaf-329d-ef11-8a6a-6045bd048089	1457	Franziska Ebeling	F	F30-34	64	6:22:13	0:38:41	0:07:41	3:13:22	0:05:51	2:16:38	Germany	
5c63d749-34d8-f011-8544-000d3a5b7c3b	1458	Jan Simon Großheide	M	M25-29	245	6:23:03	0:39:44	0:08:19	2:47:16	0:07:40	2:40:05	Germany	
2605c3fa-8b76-4536-878b-0e7d3ea5e18a	1459	Dr . DEVENDER SINGH KHURANA	M	M50-54	73	6:23:09	0:44:15	0:10:24	3:08:59	0:06:34	2:12:58	India	
2d7f504a-5cdc-f011-8544-000d3a35ffc1	1460	Isabel Schreiber	F	F25-29	84	6:23:29	0:41:59	0:09:39	3:13:29	0:05:18	2:13:04	Germany	
7e845f1d-ccc0-f011-bbd3-000d3a35ffc1	1461	Manuel Friedrich	M	M18-24	181	6:23:34	0:44:42	0:07:58	3:14:21	0:08:45	2:07:47	Germany	
df010131-dda5-f011-bbd3-6045bd05fcc1	1462	Raphael Ermold	M	M30-34	211	6:23:45	0:41:46	0:06:45	2:54:42	0:05:50	2:34:42	Germany	
a151808a-aac8-f011-bbd2-000d3a5b5fc7	1463	Dan Eccles	M	M25-29	246	6:23:59	0:29:34	0:05:50	3:12:56	0:07:09	2:28:29	United Kingdom	
03d94e44-9a2a-4613-a3e8-b436f5321bbb	1464	Brian Nors Jensen	M	M45-49	97	6:24:09	0:47:44	0:10:52	2:55:24	0:06:37	2:23:33	Denmark	
c43f385d-a094-f011-b4cb-6045bd09e182	1465	Pavel Glazkov	M	M40-44	130	6:24:13	0:53:33	0:09:36	3:13:31	0:06:42	2:00:51	Czech Republic	
011d678d-81f0-f011-8406-00224804742c	1466	Petyo Damyanov	M	M40-44	131	6:24:28	0:48:37	0:09:50	2:59:38	0:07:50	2:18:32	Bulgaria	
812ea75f-c52d-f011-8c4d-000d3a5cf7d8	1467	Dominique Böhler	M	M18-24	182	6:24:33	0:46:50	0:07:28	3:01:45	0:05:38	2:22:52	Germany	
f229ce7e-6fc2-f011-bbd3-6045bd05f634	1468	Zouhair Guijjane	M	M30-34	212	6:24:33	0:58:39	0:07:05	2:47:29	0:03:50	2:27:31	Morocco	
b9a6bf72-852f-4cfe-958e-36b730a358ae	1469	Kevin Hille	M	M40-44	132	6:24:34	0:50:29	0:10:10	3:00:45	0:06:56	2:16:14	Germany	
8423ec39-63c3-4a5f-a122-4ee8a2ccca9e	1470	Christian Trompeter	M	M40-44	133	6:24:52	0:43:09	0:09:20	2:55:35	0:07:24	2:29:23	Germany	
0dd0e43f-94aa-f011-bbd3-0022480a7385	1471	Tomasz Jabłoński	M	M50-54	74	6:24:53	0:37:36	0:14:28	2:57:49	0:13:53	2:21:07	Poland	
0551a959-7fe8-f011-8544-000d3a5cf7d8	1472	Radek Černý	M	M25-29	247	6:25:08	0:47:01	0:09:40	2:58:03	0:07:22	2:23:02	Czech Republic	
ebdde51e-0a9a-f011-b4cc-000d3a35ffc1	1473	Clemens Nickel	M	M35-39	137	6:25:13	1:03:31	0:08:02	3:07:59	0:04:59	2:00:42	Switzerland	
5c83f82e-b6aa-42ba-9610-d4c43aac1c13	1474	Kolja Reimann	M	M45-49	98	6:25:32	0:48:18	0:05:58	2:55:21	0:06:52	2:29:03	Germany	
f8c2c9df-34cf-4ea5-a8e2-ef0ac56d529e	1475	Wolfgang Albert	M	M55-59	50	6:25:48	0:56:22	0:07:32	2:59:33	0:07:07	2:15:13	Germany	
10e78c13-2ab3-ef11-b8e8-000d3a5ae96c	1476	Fabian Hoffmann	M	M25-29	248	6:26:11	0:50:17	0:08:15	2:43:06	0:05:49	2:38:44	Germany	
930166a4-b445-46e9-b2bb-b76cbf26ed33	1477	Manuela Hüttl	F	F45-49	19	6:26:32	0:47:09	0:08:09	3:02:51	0:06:15	2:22:07	Germany	
04381a84-19d3-4e2c-a502-0c8e17083a06	1478	Lorne Cremona	M	M40-44	134	6:27:17	0:43:07	0:05:32	3:05:02	0:05:44	2:27:52	Malta	
5d5fa96b-bf93-f011-b4cc-000d3a5cf7d8	1479	Emily Drexler	F	F25-29	85	6:27:21	0:39:13	0:05:23	2:55:40	0:05:11	2:41:54	Germany	
6fdf5e61-8599-4062-acfe-85f11db40c64	1480	Mandy Schulze	F	F45-49	20	6:27:24	0:52:31	0:09:29	2:57:25	0:05:25	2:22:35	Germany	
bf92e23f-f3ea-f011-8544-000d3a35ffc1	1481	Tomas Reger	M	M18-24	183	6:27:25	0:44:00	0:09:33	3:05:44	0:10:12	2:17:55	Germany	
d04c847f-55e7-f011-8543-6045bd05fcc1	1482	Thomas Füßer	M	M25-29	249	6:27:26	0:56:18	0:06:12	2:59:01	0:04:45	2:21:10	Germany	
3b2694a2-d6c1-4916-9221-e47edaa5f16f	1483	Torsten Jahn	M	M55-59	51	6:27:30	0:34:43	0:07:17	3:03:40	0:06:41	2:35:09	Germany	
25ea928c-1bf1-4d4a-b796-887f078cb07d	1484	Uwe Riedel	M	M55-59	52	6:27:32	0:38:51	0:09:26	3:39:25	0:06:41	1:53:08	Germany	
23bf3c7b-36e7-f011-8544-000d3a35ffc1	1485	Emma Pfalzgraf	F	F25-29	86	6:27:41	0:47:32	0:04:47	3:08:03	0:04:53	2:22:25	France	
c2ade79b-9cf0-f011-8406-6045bd00b7dd	1486	Martin Adam	M	M40-44	135	6:27:54	0:48:13	0:10:29	2:59:42	0:10:00	2:19:32	Germany	
2369870a-4b00-f111-8406-0022480a5755	1487	Janek Wehrstein	M	M30-34	213	6:28:01	0:45:58	0:09:42	2:54:48	0:06:39	2:30:54	Germany	
b0e5fac1-2506-473e-9dd8-4c49cfe19030	1488	Jakub Robinski	M	M35-39	138	6:28:04	0:46:24	0:09:33	2:51:58	0:06:46	2:33:22	Poland	
39a8beef-fb98-4aaf-8a76-0c3076962493	1489	Rhodri Lane	M	M40-44	136	6:28:10	0:53:21	0:07:14	3:16:55	0:06:08	2:04:32	United Kingdom	
5d92e6d9-9cd5-f011-8544-6045bd05f634	1490	Judith Bartsch	F	F40-44	27	6:28:15	0:50:29	0:07:46	3:12:43	0:04:33	2:12:44	Germany	
df090c64-25df-f011-8544-000d3a35ffc1	1491	Paul Wulf	M	M18-24	184	6:28:21	0:46:52	0:08:42	3:05:30	0:06:51	2:20:25	Germany	
644f5515-fd9e-f011-b41c-6045bd05fcc1	1492	Sandy Pohl	F	F45-49	21	6:28:36	0:49:29	0:07:22	3:24:05	0:06:29	2:01:11	Germany	
e33da071-be93-f011-b4cc-000d3a3173b5	1493	Leonie Klimpke	F	F35-39	39	6:28:52	0:41:10	0:10:06	3:14:35	0:06:24	2:16:36	Germany	
1c681b5f-d693-f011-b4cc-000d3a35ffc1	1494	Jasmine Boote	F	F25-29	87	6:28:55	0:40:34	0:06:25	3:09:34	0:04:06	2:28:16	United Kingdom	
478483b9-dcd1-f011-bbd3-000d3a5cf7d8	1495	Frida Solum	F	F25-29	88	6:29:05	0:47:29	0:09:47	3:02:35	0:09:51	2:19:23	Norway	
4e6d33ce-bd93-f011-b4cc-6045bd05f634	1496	Elisa Schwiete	F	F18-24	68	6:29:22	0:41:51	0:08:06	3:07:55	0:06:23	2:25:06	Germany	
0d5d6cb5-6ed8-f011-8544-000d3a5b7c3b	1497	Julia Stallmach	F	F25-29	89	6:29:23	0:54:48	0:09:11	2:56:52	0:06:18	2:22:15	Germany	
82980f47-f6c8-f011-bbd2-000d3a5b5fc7	1498	David Albrecht	M	M25-29	250	6:29:40	0:55:26	0:05:37	2:55:41	0:07:04	2:25:53	Germany	
05150238-644a-484c-8f5a-5ae93f00e0ba	1499	Louis Chan	M	M30-34	214	6:29:59	0:51:46	0:07:03	2:41:37	0:05:22	2:44:10	Malaysia	
ad0cab85-1897-f011-b4cc-000d3a5b50ba	1500	Max Jenak	M	M18-24	185	6:30:02	0:48:51	0:06:39	3:10:16	0:03:34	2:20:43	Germany	
d9a253ed-2201-4c0b-bcf3-b77bcdab4152	1501	sarah parkes metaireau	F	F55-59	10	6:30:08	0:46:08	0:07:16	3:29:02	0:05:52	2:01:49	United Kingdom	
b9f1ab14-b00b-f011-9988-000d3a3173b5	1502	Laura Hentzschel	F	F18-24	69	6:30:11	0:42:09	0:06:08	2:54:46	0:08:07	2:39:00	Germany	
fb55487b-13b3-eb11-8236-00224809adaa	1503	Olaf Sempf		M55-59	53	6:30:26	0:43:28	0:11:07	3:01:15	0:06:17	2:28:18	Germany	
a397a933-0565-4221-b6b4-36fa9841262b	1504	Leif Hartman	M	M70-74	1	6:30:26	0:50:45	0:11:02	2:58:23	0:07:32	2:22:44	Denmark	
3ca05104-4da5-4e3b-8e8f-cde4a9c32cbd	1505	Jens Pernak	M	M50-54	75	6:30:32	0:38:24	0:08:44	2:59:16	0:06:47	2:37:21	Germany	
f7edc33b-34d8-f011-8544-000d3a5b50ba	1506	Christoph König	M	M50-54	76	6:30:35	0:57:50	0:09:42	2:52:35	0:09:56	2:20:33	Germany	
677c4c3a-f9b0-44e0-bf64-6f79a69d8786	1507	Jeremy Meyer	M	M18-24	186	6:30:37	0:56:15	0:08:19	3:26:23	0:05:41	1:53:59	Germany	
52647b8c-be93-f011-b4cc-000d3a5cf7d8	1508	Hannah Cunningham	F	F30-34	65	6:30:47	0:34:56	0:06:51	3:36:25	0:04:56	2:07:37	United Kingdom	
1d8e637a-d3ba-4d84-8658-8e2ca55dd3ac	1509	Bernd Lewandowski	M	M60-64	21	6:30:56	0:51:22	0:09:11	2:53:18	0:05:45	2:31:20	Germany	
fd01c67c-4320-482d-9217-6d2038555b21	1510	Marco Weber	M	M30-34	215	6:31:06	0:46:30	0:09:00	3:06:26	0:07:37	2:21:33	Switzerland	
171a80f0-03d8-f011-8543-6045bd05fcc1	1511	Jan Altmann	M	M60-64	22	6:31:30	0:37:37	0:13:13	3:20:27	0:05:18	2:14:55	Germany	
0d543a4e-b1d1-f011-bbd3-000d3a3173b5	1512	Louise Anderson	F	F30-34	66	6:31:31	0:33:01	0:04:51	3:12:19	0:05:10	2:36:11	United Kingdom	
9d0d2297-bce7-f011-8544-000d3a35ffc1	1513	Camila Andrea Moreno Mora	F	F25-29	90	6:31:33	0:39:39	0:07:36	3:17:42	0:07:34	2:19:02	Colombia	
9a836192-865c-f011-bec2-6045bd05f634	1514	Tobias Mevißen	M	M35-39	139	6:32:16	0:46:33	0:12:24	3:15:38	0:06:27	2:11:13	Germany	
8ce8df52-1c92-ef11-ac21-002248049fdc	1515	Teodora Badarau	F	F30-34	67	6:32:17	0:44:12	0:07:27	3:16:39	0:05:20	2:18:39	Romania	
363f1ba0-9fec-f011-8543-6045bd02bc02	1516	Teresa Gaspar	F	F25-29	91	6:32:21	0:40:14	0:09:06	3:14:59	0:08:16	2:19:46	Portugal	
8a77a477-74db-f011-8544-000d3a5cf7d8	1517	Marius Hartmann	M	M40-44	137	6:32:31	0:59:41	0:09:25	2:46:23	0:05:15	2:31:48	Germany	
6de06186-47a7-f011-bbd3-6045bd09951e	1518	Christian Koch	M	M40-44	138	6:32:36	0:48:20	0:08:44	3:02:19	0:07:12	2:26:01	Germany	
ac5b0989-66de-4a53-a666-4b983fb697a8	1519	Alan Burns	M	M50-54	77	6:32:36	0:51:55	0:06:13	2:58:03	0:06:10	2:30:15	United Kingdom	
ee598c64-a194-f011-b4cc-000d3a3173b5	1520	Lluís Merlos Pieri	M	M25-29	251	6:32:37	0:47:34	0:10:36	3:23:06	0:09:42	2:01:39	Spain	
df010131-dda5-f011-bbd3-6045bd05fcc1	1521	Raphael Ermold	M	M30-34	216	6:32:45	0:47:57	0:06:55	3:07:46	0:06:10	2:23:57	Germany	
d097374f-b243-4cd3-bec6-91cb15f07009	1522	Maria Camilia Pinzon Arciniegas	F	F30-34	68	6:32:52	0:42:28	0:06:51	3:18:03	0:09:51	2:15:38	Colombia	
0ebca5a2-89e2-f011-8543-6045bd05fcc1	1523	Youri Dolman	M	M30-34	217	6:32:52	0:34:49	0:10:07	3:03:34	0:10:30	2:33:53	Netherlands	
4f155b52-c2ec-4d05-8693-616a3e633168	1524	Astrid Dietrich	F	F60-64	3	6:33:19	0:43:50	0:06:24	2:52:54	0:04:32	2:45:39	Germany	
c7755755-57df-f011-8544-000d3a5cf7d8	1525	Richard Harpin	M	M60-64	23	6:33:20	0:47:30	0:06:47	3:09:01	0:06:06	2:23:56	United Kingdom	
77ff49c3-09e4-f011-8543-6045bd05fcc1	1526	Michel Singer	M	M18-24	187	6:33:25	0:52:08	0:05:49	3:15:57	0:05:19	2:14:11	Germany	
4c93d3cd-5595-f011-b4cc-000d3a5b7c3b	1527	Saskia Grossmann	F	F35-39	40	6:34:10	0:45:19	0:09:33	2:53:45	0:05:35	2:39:59	Germany	
7d6d9e03-6498-4ea0-9556-5dfba9a4eddf	1528	Luke Mills-Fleming	M	M25-29	252	6:34:14	0:42:06	0:08:51	2:46:19	0:05:19	2:51:38	United Kingdom	
63dcbcd4-5c60-429b-bbc8-d153e2406a2b	1529	Shields Tiffany	F	F30-34	69	6:34:32	0:49:23	0:08:40	3:03:36	0:08:37	2:24:16	United States	
ac78acc2-34e0-f011-8544-000d3a35ffc1	1530	Sebastian Moen	M	M18-24	188	6:34:34	0:48:14	0:06:33	3:09:06	0:08:57	2:21:43	Norway	
42f9bd53-31e0-f011-8544-000d3a3173b5	1531	Wladimir Zielke	M	M45-49	99	6:34:42	0:46:03	0:11:04	3:19:05	0:07:23	2:11:07	Germany	
e271922c-dbcd-f011-bbd3-000d3a3173b5	1532	Paul Möller	M	M18-24	189	6:34:44	0:55:09	0:08:51	2:59:11	0:12:43	2:18:50	Germany	
e9f9d3b5-d293-f011-b4cc-6045bd09951e	1533	Larissa Zimmermann	F	F35-39	41	6:34:50	0:48:08	0:07:59	3:16:48	0:05:16	2:16:38	Germany	
5bc08171-0b08-f011-bae2-000d3a5b50ba	1534	ELIOT GASPAROTTO	M	M25-29	253	6:34:58	0:41:54	0:08:59	3:14:37	0:07:34	2:21:54	Belgium	
101e2d94-6e96-f011-b4cc-6045bd09951e	1535	Nico Gold	M	M50-54	78	6:35:03	0:51:41	0:13:54	2:58:51	0:06:19	2:24:19	Germany	
8affa64e-1c1d-f111-8341-002248046ec8	1536	Pål Hausken	M	M25-29	254	6:35:04	0:53:38	0:06:42	3:16:09	0:05:01	2:13:34	Norway	
71723ba8-289e-f011-b41c-000d3a35ffc1	1537	Marcel Schmidt	M	M30-34	218	6:35:09	0:50:29	0:06:29	3:16:05	0:05:45	2:16:22	Germany	
9041a1b5-4269-f011-bec3-000d3a5b50ba	1538	Pascal Theuer	M	M25-29	255	6:36:31	0:46:36	0:08:35	2:59:27	0:08:38	2:33:15	Germany	
8f182e37-7d48-4c63-9786-0b7410ef33b6	1539	Kishore Yuvraj	M	M40-44	139	6:36:42	0:50:42	0:10:48	3:02:43	0:05:18	2:27:10	India	
4967b401-38d0-f011-bbd3-000d3a5b50ba	1540	Annabelle Maillot	F	F25-29	92	6:38:45	0:46:34	0:06:26	3:31:43	0:06:05	2:07:56	United Kingdom	
634f13b2-d5e9-f011-8544-000d3a3173b5	1541	Ali Yakamercan	M	M40-44	140	6:38:48	0:47:22	0:08:17	3:13:20	0:05:48	2:24:02	Turkey	
4474f6c9-5566-f011-bec2-0022480c097c	1542	Lars Ackermann	M	M45-49	100	6:38:49	0:37:06	0:06:47	3:39:26	0:03:55	2:11:35	Germany	
e59619b1-66d8-f011-8544-000d3a3173b5	1543	Aditya Shantaram Sawant	M	M30-34	219	6:39:17	1:09:59	0:11:41	3:07:30	0:05:38	2:04:29	India	
1f496154-bf93-f011-b4cc-000d3a3173b5	1544	Sarah Heck	F	F25-29	93	6:39:18	0:48:53	0:07:29	3:13:15	0:07:30	2:22:11	Germany	
c9021bf8-44bc-4311-a0ed-107252f0f9e9	1545	Julia Prätorius	F	F30-34	70	6:39:25	0:40:49	0:05:28	3:00:45	0:06:29	2:45:55	Germany	
0cb0aafc-6a94-f011-b4cc-6045bd09951e	1546	Henning von Buttlar	M	M40-44	141	6:39:38	0:44:25	0:06:43	3:18:22	0:05:05	2:25:03	Germany	
84c2633c-de6e-4144-a70e-ac8fe25b3691	1547	Jens Klasing	M	M50-54	79	6:40:23	0:53:17	0:07:33	2:47:31	0:07:20	2:44:42	Germany	
b84e239b-137d-f011-b4cc-000d3a5b7c3b	1548	Frank Kolath	M	M45-49	101	6:40:30	0:52:01	0:09:15	3:06:12	0:05:15	2:27:48	Germany	
a6ee6466-80ce-f011-bbd3-6045bd05fcc1	1549	Conrad Stetter	M	M35-39	140	6:40:41	0:39:45	0:07:47	2:51:59	0:06:15	2:54:55	Germany	
d9e25288-a677-4276-8a41-e44157f253e9	1550	Gitte Drøger	F	F50-54	11	6:40:45	0:48:13	0:07:10	3:03:30	0:07:03	2:34:50	Denmark	
02fccf9e-fad9-f011-8544-000d3a5b7c3b	1551	Anzhelika Mustafina	F	F25-29	94	6:41:12	0:42:49	0:07:31	3:19:54	0:08:01	2:22:57	France	
c94a34ec-11be-f011-bbd2-000d3a5b7c3b	1552	Chamèlle Venema	F	F25-29	95	6:41:48	0:38:05	0:06:10	3:15:05	0:04:01	2:38:27	Netherlands	
47f5c18b-e393-f011-b4cc-000d3a35ffc1	1553	Simon Breidenbach	M	F30-34	71	6:42:09	0:44:58	0:12:32	3:06:18	0:07:00	2:31:20	Germany	
173a1c04-9031-f011-8c4d-000d3a5b7c3b	1554	Oliver Sauer	M	M25-29	256	6:42:19	1:03:32	0:10:30	2:52:10	0:10:12	2:25:54	Germany	
fbf83698-faf5-4301-9c87-91ebd8231d49	1555	Sascha Saßen	M	M50-54	80	6:42:48	0:46:34	0:07:08	3:07:04	0:07:36	2:34:26	Germany	
4d81bdce-2512-f111-8406-0022480b88da	1556	Christina Chadzijiannika	F	F55-59	11	6:42:48	0:39:58	0:10:15	3:10:53	0:07:08	2:34:35	Greece	
6f138f0b-bf93-f011-b4cc-000d3a5cf7d8	1557	Florian Heise	M	M18-24	190	6:42:49	0:43:22	0:09:01	2:52:59	0:05:25	2:52:03	Germany	
e0b58ebc-ccb9-4223-9b8b-f66523a505ad	1558	Joma Cameron	M	M35-39	141	6:43:01	0:49:01	0:08:55	3:39:36	0:06:01	1:59:28	United Kingdom	
517f1988-b176-ef11-a670-00224808894b	1559	Caspar Suelze	M	M30-34	220	6:43:31	0:55:51	0:10:06	3:15:43	0:10:00	2:11:50	Belgium	
759d56d2-33a2-4b9e-850c-b84c66d176e3	1560	Eloy Cosijn	M	M60-64	24	6:43:31	0:42:38	0:08:56	2:50:49	0:07:24	2:53:44	Netherlands	
fa5a9b7b-c69b-f011-b41c-000d3a5b50ba	1561	Kati Fritzsche	F	F40-44	28	6:43:55	0:46:04	0:08:05	3:20:48	0:03:55	2:25:03	Germany	
81a437de-8f59-42c0-80b4-378d80d35279	1562	Hajo Dobbenga	M	M65-69	5	6:44:05	0:46:50	0:11:33	3:04:02	0:10:31	2:31:09	Netherlands	
615c346c-bc44-f011-877a-6045bd05f634	1563	Kenyo Zimmermann	M	M18-24	191	6:44:19	0:54:04	0:06:55	2:58:03	0:05:06	2:40:11	Germany	
f635fce7-955c-f011-bec1-000d3a5b7c3b	1564	Jona Bender	M	M18-24	192	6:44:40	0:56:06	0:06:27	3:10:52	0:04:52	2:26:24	Germany	
fbce6202-8fc5-f011-bbd3-000d3a35ffc1	1565	Galina Barati	F	F40-44	29	6:45:01	0:52:32	0:08:19	3:26:26	0:06:40	2:11:03	Slovakia	
51e23f47-1ee0-f011-8544-000d3a35ffc1	1566	Thomas Balcombe	M	M18-24	193	6:45:04	0:42:57	0:09:05	3:24:38	0:05:48	2:22:36	Ireland	
ba696be3-cde7-f011-8543-000d3a5b5fc7	1567	Katrine Eskildsen	F	F18-24	70	6:45:05	0:53:59	0:09:59	3:23:20	0:07:11	2:10:37	Denmark	
6c571b62-5cbd-f011-bbd3-6045bd05fcc1	1568	Martina Werner	F	F30-34	72	6:45:09	0:46:43	0:07:05	3:12:44	0:09:59	2:28:37	Germany	
6d9306c1-14ea-46eb-8c57-76f356c3447f	1569	Tina Wessfeldt	F	F45-49	22	6:45:13	0:52:05	0:11:16	3:00:15	0:04:45	2:36:52	Sweden	
afc65bea-c42a-4237-b26f-dbf092facacc	1570	Tina Hölscher	F	F55-59	12	6:45:22	0:46:17	0:08:44	3:21:11	0:06:11	2:22:58	Germany	
71037e3b-f4d9-f011-8544-000d3a5b50ba	1571	Taavishe Gupta	F	F25-29	96	6:45:26	0:52:40	0:07:06	3:05:36	0:07:22	2:32:41	India	
93a4ad04-1d93-f011-b4cc-0022480c097c	1572	Jovin Serrao	M	M25-29	257	6:46:21	0:56:28	0:08:27	3:20:36	0:06:20	2:14:29	India	
cf4dff44-bf93-f011-b4cc-000d3a35ffc1	1573	Felix Stute	M	M30-34	221	6:46:30	0:44:19	0:11:48	3:13:29	0:07:29	2:29:26	Germany	
8d7b9e7b-9575-ef11-a670-000d3a3444eb	1574	Alexander Aulinger	M	M25-29	258	6:46:40	0:42:57	0:10:43	3:06:51	0:07:12	2:38:57	Germany	
c7129306-bf93-f011-b4cc-6045bd05f634	1575	Lea Oehme	F	F30-34	73	6:47:17	0:43:59	0:08:02	3:04:33	0:06:59	2:43:44	Germany	
a23ca3ba-b9bd-f011-bbd3-0022480a7385	1576	Louis Hauptmann	M	M18-24	194	6:47:19	0:51:30	0:10:00	2:45:42	0:07:05	2:53:02	Germany	
73d134d9-a314-f011-998a-6045bd05fcc1	1577	Tahlia Juggins	F	F18-24	71	6:47:22	0:41:05	0:09:53	3:29:44	0:07:39	2:19:01	United Kingdom	
ea031f64-b4de-f011-8544-000d3a3173b5	1578	Camille Vandeuren	F	F25-29	97	6:47:40	0:40:52	0:07:28	3:14:57	0:05:14	2:39:09	Belgium	
437a573a-1f20-4bd6-ab52-727a9209350f	1579	Leon Gribet	M	M40-44	142	6:47:40	0:49:55	0:10:54	2:57:56	0:08:26	2:40:29	France	
674ce163-fea5-f011-bbd3-6045bd05fcc1	1580	Sophie Oestreicher	F	F25-29	98	6:47:50	0:46:06	0:07:04	3:24:04	0:06:23	2:24:13	Germany	
fc7e8330-db43-f011-877a-000d3a5cf7d8	1581	Pedro Lemos	M	M35-39	142	6:47:53	0:44:36	0:10:22	3:16:05	0:07:46	2:29:04	Brazil	
9dcfe743-f24f-44ea-9925-e46b5038802e	1582	Holly Quasem	F	F60-64	4	6:47:53	0:41:57	0:08:20	3:24:37	0:08:22	2:24:37	United States	
213d2691-7754-ed11-bba3-000d3a313cdf	1583	Adam Piekarski	M	M50-54	81	6:48:04	0:44:12	0:08:18	3:16:58	0:06:45	2:31:51	Poland	
1ca7f5fc-d4c4-ec11-a7b6-000d3a3423dd	1584	Ralph Illing	M	M55-59	54	6:48:16	0:43:06	0:08:32	3:03:26	0:04:54	2:48:18	Germany	
ef4100fd-bfd1-f011-bbd3-000d3a5cf7d8	1585	Tom Jones	M	M30-34	222	6:48:21	1:06:52	0:07:35	2:59:28	0:09:22	2:25:03	United Kingdom	
f0c0b2b1-0194-f011-b4cc-6045bd09951e	1586	Andre Runnebaum-Suszka	M	M50-54	82	6:48:32	0:50:06	0:13:03	3:14:10	0:07:12	2:24:02	Germany	
858fb5a6-9dd9-f011-8544-000d3a3173b5	1587	Renato Lopes pereira	M	M25-29	259	6:48:36	0:56:05	0:09:25	3:22:51	0:08:04	2:12:12	Portugal	
fdb80eb5-69ff-f011-8406-0022480b88da	1588	Joshua Fröhlich	M	M30-34	223	6:48:58	0:49:41	0:10:37	3:23:44	0:07:43	2:17:13	Germany	
3d4112cd-fb93-f011-b4cc-000d3a5b7c3b	1589	Carolin Saupe	F	F25-29	99	6:49:14	0:50:35	0:08:46	3:24:44	0:05:10	2:19:58	Germany	
26cc248e-5489-f011-b4cc-6045bd05fcc1	1590	Laura Kubitza	F	F18-24	72	6:49:52	0:56:26	0:06:10	3:21:44	0:06:28	2:19:04	Germany	
5c3ef308-8dd9-f011-8544-6045bd09951e	1591	Derek Prof. Dr. Zieker-Fischer	M	M50-54	83	6:49:55	0:58:44	0:10:59	3:09:02	0:09:41	2:21:29	Germany	
15ed8899-b7d2-f011-8544-000d3a3173b5	1592	Melissa Scharrighuisen	F	F25-29	100	6:50:56	1:06:48	0:08:56	2:59:04	0:08:26	2:27:42	South Africa	
69e46975-12e2-474b-b2d2-eca83d2908d8	1593	Sergii Deshunin	M	M60-64	25	6:51:14	0:47:06	0:09:33	3:19:38	0:07:20	2:27:38	Ukraine	
0501e064-18a7-40d2-a40c-7563113672fa	1594	Anthony Van Herck	M	M30-34	224	6:51:20	0:46:08	0:09:29	3:08:17	0:17:51	2:29:34	Belgium	
2595c778-56fe-4247-8483-49f2641c2488	1595	Mark Hackbarth	M	F30-34	74	6:51:55	0:46:09	0:12:23	3:06:57	0:07:43	2:38:42	Germany	
a5bd866e-2af4-4d11-805f-15b38444fad1	1596	Oliver Brendel	M	M55-59	55	6:52:16	0:44:49	0:06:25	2:58:02	0:09:43	2:53:17	Germany	
99c972a6-bc46-f011-877a-000d3a3173b5	1597	Sophie Haase	F	F18-24	73	6:52:19	0:46:01	0:10:22	3:23:57	0:09:20	2:22:38	Germany	
18d6ff88-1b76-ed11-81ab-000d3a314329	1598	Ole Skydtsgaard Nielsen	M	M55-59	56	6:53:02	0:45:28	0:11:28	2:53:15	0:08:05	2:54:46	Denmark	
438a03a2-af94-f011-b4cc-000d3a5b50ba	1599	Sylvia Thieme	F	F55-59	13	6:53:03	0:58:40	0:08:06	3:16:43	0:04:52	2:24:42	Germany	
729c5f7f-bda3-f011-bbd3-000d3a3173b5	1600	Sarah Kipshagen	F	F40-44	30	6:53:30	0:50:18	0:11:08	3:13:44	0:09:51	2:28:28	Germany	
87c21ece-6194-f011-b4cc-000d3a5cf7d8	1601	Marco Dei Rossi	M	M30-34	225	6:53:32	0:44:50	0:08:01	3:21:01	0:06:32	2:33:08	Italy	
063783a8-b09a-f011-b4cc-000d3a3173b5	1602	Jonas Tybussek	M	M18-24	195	6:54:02	0:40:13	0:08:35	3:27:42	0:06:26	2:31:06	Germany	
68c239a4-44db-f011-8544-000d3a5cf7d8	1603	Dennis Künzle	M	M18-24	196	6:54:30	0:46:54	0:13:42	3:25:58	0:09:41	2:18:15	Switzerland	
dc36b849-4fa7-f011-bbd3-000d3a5b50ba	1604	Carolin Englert	F	F30-34	75	6:54:37	0:52:17	0:10:09	3:14:36	0:04:26	2:33:08	Germany	
996c9f56-49d7-f011-8544-000d3a35ffc1	1605	Lars Meier	M	M18-24	197	6:54:47	0:47:02	0:13:43	3:26:17	0:09:19	2:18:26	Switzerland	
2ee4b9a9-be93-f011-b4cc-6045bd09951e	1606	Tobias Ostermayer	M	M35-39	143	6:55:00	1:05:40	0:12:27	3:11:04	0:08:00	2:17:49	Germany	
e53e89ec-1ede-4369-ab5b-400590e083b4	1607	Tatjana Kindsvater	F	F40-44	31	6:55:24	0:58:10	0:08:22	3:01:45	0:06:01	2:41:06	Germany	
602888c0-c49a-f011-b4cc-6045bd05fcc1	1608	Pascale Schmidt	F	F30-34	76	6:55:44	0:44:58	0:08:21	3:15:59	0:05:51	2:40:35	Germany	
80adb5cd-cf23-47ed-836a-41818c512c90	1609	Lluís Codina Prat	M	M25-29	260	6:55:54	0:45:11	0:06:53	3:12:01	0:07:21	2:44:28	Spain	
f6d9d53c-7238-4225-9faa-d7378fe93ce6	1610	Herve Biele	M	M50-54	84	6:56:20	0:51:07	0:11:29	3:28:14	0:09:22	2:16:08	Germany	
b686ca51-2933-4aa2-bb02-1a6fe428f6b6	1611	Jonathan Tilsley	M	M55-59	57	6:56:48	0:44:45	0:09:32	3:25:39	0:06:49	2:30:02	United Kingdom	
76ae9186-314c-f011-877a-000d3a5cf7d8	1612	Melanie Steuerer	F	F50-54	12	6:57:07	0:54:33	0:08:50	3:20:43	0:05:52	2:27:10	Germany	
e2cfcc9c-8bd0-f011-bbd2-000d3a5b5fc7	1613	Maximilian Weiß	M	M18-24	198	6:57:40	0:59:55	0:11:35	3:10:41	0:05:31	2:29:58	Germany	
d4455e06-c733-ef11-8409-000d3a348633	1614	Matthew Wilcox	M	M40-44	143	6:58:51	0:49:13	0:07:48	2:59:29	0:05:16	2:57:05	United Kingdom	
5646c462-02d8-f011-8543-000d3a5b5fc7	1615	Patrick Schneider	M	M45-49	102	6:59:04	0:37:41	0:08:30	3:24:13	0:08:38	2:40:02	Germany	
106eb5d5-e2c3-f011-bbd3-6045bd05f634	1616	Radoslav Nikolov	M	M25-29	261	6:59:09	0:53:49	0:08:40	3:20:59	0:05:49	2:29:54	Bulgaria	
e3894fde-40d1-f011-8543-000d3a34ed15	1617	Varun Joshi	M	M30-34	226	6:59:38	0:47:13	0:10:50	3:11:32	0:06:32	2:43:31	India	
31168129-4217-4e81-be6e-3730cd284cdd	1618	Stefan Kusay	M	M40-44	144	7:00:12	0:55:41	0:08:45	3:15:35	0:07:40	2:32:31	Germany	
7f551579-2fdb-f011-8544-000d3a3173b5	1619	Abheeuday Singh Kalsi	M	M30-34	227	7:00:20	0:46:35	0:10:28	3:10:32	0:06:18	2:46:27	India	
9430b9a2-be93-f011-b4cc-000d3a35ffc1	1620	Josephine Weston-Ross	F	F30-34	77	7:00:42	0:51:02	0:07:23	3:00:50	0:05:58	2:55:29	United Kingdom	
b86cca3d-15db-f011-8544-6045bd05f634	1621	Maurice Lopez	M	M25-29	262	7:00:56	0:52:54	0:10:34	3:16:12	0:08:16	2:33:00	Germany	
ca387d74-6b1b-f011-998a-000d3a3173b5	1622	Hind Fathallah	F	F45-49	23	7:01:37	0:55:51	0:12:17	3:20:23	0:14:39	2:18:26	Morocco	
78f326c9-c193-f011-b4cc-000d3a3173b5	1623	Ollie Wright	M	M30-34	228	7:01:49	0:48:21	0:08:00	3:07:55	0:07:16	2:50:18	United Kingdom	
1aedef92-2393-f011-b4cc-000d3a5cf7d8	1624	Bernadette Schiller	F	F30-34	78	7:02:46	0:41:06	0:10:49	3:10:20	0:09:40	2:50:52	Germany	
70cd71a3-04aa-f011-bbd3-6045bd05fcc1	1625	Seoyeon Lee	F	F30-34	79	7:03:57	1:02:26	0:08:08	3:19:04	0:05:29	2:28:50	United Kingdom	
99c0089f-4acc-f011-bbd3-000d3a5b50ba	1626	Daniela Parra Davila	F	F30-34	80	7:04:05	0:57:43	0:08:40	3:38:10	0:07:21	2:12:11	Germany	
2c3aef83-a831-43b1-b290-d77aaaebe8de	1627	Young Cheol Koh	M	M45-49	103	7:04:36	0:52:44	0:14:00	3:12:21	0:08:17	2:37:13	South Korea	
5756ea2a-daed-42b8-8c79-f8edf4399e24	1628	Declan Rogers	M	M60-64	26	7:04:44	0:44:24	0:14:15	3:26:38	0:10:14	2:29:12	Ireland	
ea1356c6-d5cc-43bd-9113-127fe8c0af32	1629	Viera Zihlavnikova	F	F25-29	101	7:05:14	0:46:46	0:06:58	3:14:34	0:05:19	2:51:36	Slovakia	
87b2e0f0-fb9e-f011-b41b-000d3a3ad8f1	1630	Theresa Kollender	F	F25-29	102	7:05:35	0:51:14	0:10:18	3:21:56	0:05:04	2:37:03	Germany	
8f242e30-7d94-f011-b4cc-000d3a5b7c3b	1631	Alexander Wolf	M	M25-29	263	7:05:40	0:53:10	0:06:55	2:51:18	0:05:16	3:09:02	Germany	
9ff709d0-0cc6-f011-bbd2-000d3a5b7c3b	1632	Jara Steiner	F	F18-24	74	7:06:17	0:47:15	0:07:04	3:13:27	0:03:33	2:54:57	Switzerland	
2b12873e-46bb-4f67-abd7-b932e1d11295	1633	Jürgen Leitloff	M	M60-64	27	7:06:52	0:53:08	0:12:09	3:26:25	0:08:08	2:27:03	Germany	
3526c5cb-4e95-f011-b4cc-0022480c097c	1634	Simon Göller	M	M25-29	264	7:08:13	0:44:21	0:12:49	2:55:20	0:05:24	3:10:19	Germany	
840b964f-16e1-f011-8543-6045bd05fcc1	1635	Mohamad Issa	M	M25-29	265	7:08:53	0:44:25	0:06:54	3:46:56	0:04:10	2:26:29	Lebanon	
4c78bebb-6f90-ef11-ac21-000d3a595b58	1636	Sanny Chaudhary	M	M40-44	145	7:09:05	0:51:46	0:11:19	3:25:42	0:07:04	2:33:15	India	
c30e7936-c693-f011-b4cc-000d3a3173b5	1637	Madita Schwandt	F	F25-29	103	7:10:10	0:48:57	0:08:31	3:36:21	0:02:52	2:33:29	Germany	
5d4ac471-f7c9-f011-bbd2-000d3a5b5fc7	1638	Timo Hein	M	M40-44	146	7:10:30	0:47:09	0:09:53	3:02:22	0:06:57	3:04:08	Germany	
fe12d003-f393-f011-b4cc-000d3a5cf7d8	1639	Yuki Bensmann	M	M30-34	229	7:11:26	1:03:51	0:09:43	3:25:43	0:05:13	2:26:55	Germany	
d3c711a0-c193-f011-b4cc-000d3a5b7c3b	1640	Sertan Aydin	M	M25-29	266	7:11:29	0:54:22	0:06:27	2:57:15	0:08:01	3:05:24	Germany	
bc21e3ef-f861-443d-b76b-cfb01e9b5283	1641	Christian Benesch	M	M60-64	28	7:11:56	0:43:06	0:05:31	3:46:01	0:05:52	2:31:26	Austria	
afedb354-12df-f011-8543-000d3a5b5fc7	1642	Sylvia Stoyanova	F	F18-24	75	7:12:12	1:02:58	0:06:56	3:40:22	0:07:37	2:14:19	Bulgaria	
022c2d41-d69d-f011-b41c-000d3a5cf7d8	1643	Carolyn Bartsch	F	F50-54	13	7:12:40	0:48:28	0:09:21	3:18:58	0:08:59	2:46:53	Germany	
e404672a-1e17-409f-8414-b10a2ec485b0	1644	Beatriz Garcia Bunger	F	F55-59	14	7:13:04	0:52:45	0:10:37	3:43:58	0:08:22	2:17:22	Spain	
5802b16a-42e0-f011-8543-000d3a3b3ff7	1645	Stefanie Barthelme	F	F25-29	104	7:13:39	0:49:25	0:06:25	3:02:15	0:03:42	3:11:53	Germany	
9c098ddd-ea36-4aab-97b5-ca71674f3b6a	1646	Kerry Seaston	F	F50-54	14	7:14:17	0:53:33	0:09:32	3:23:30	0:07:45	2:39:57	Unknown	
0a4547e6-8d7b-ef11-a670-000d3a59a9a1	1647	Ingibjörg Garðarsdóttir	F	F25-29	105	7:14:32	0:31:46	0:06:32	3:42:15	0:05:31	2:48:28	Iceland	
92bcd7c4-c446-f011-877a-000d3a5b50ba	1648	Jeremy de Combas	M	M25-29	267	7:16:51	0:54:06	0:12:58	3:50:18	0:10:57	2:08:32	France	
607108e5-21d4-f011-8544-000d3a5b7c3b	1649	Damian Dreßler	M	M25-29	268	7:17:51	0:57:56	0:07:17	3:28:19	0:04:51	2:39:27	Germany	
9d96f62b-6ff0-f011-8407-0022480c097c	1650	Kim Wiesenhütter	F	F18-24	76	7:18:05	0:50:30	0:07:11	3:36:31	0:07:20	2:36:33	Germany	
d9891fd6-4ec5-44a2-9614-53423cfc53f9	1651	Amanda Messer	F	F50-54	15	7:18:35	0:55:32	0:08:27	3:41:21	0:08:37	2:24:38	United Kingdom	
81d0c113-4e72-4e59-a523-84b165e2da07	1652	Isa Holm	F	F40-44	32	7:19:12	0:54:02	0:12:00	3:25:12	0:11:16	2:36:42	Sweden	
c8c765ee-a3b2-f011-bbd3-000d3a35ffc1	1653	Oriola Alhasa	F	F30-34	81	7:20:56	0:49:54	0:07:25	3:33:14	0:05:27	2:44:56	Albania	
cb3aebc4-c3ac-f011-bbd3-000d3a5b7c3b	1654	Luca Émile Kinzel	M	M18-24	199	7:22:02	0:59:18	0:11:03	3:24:05	0:07:15	2:40:20	Germany	
cec83a1c-4ae5-491f-ac62-b589cdf10169	1655	Georges Colbach	M	M35-39	144	7:22:18	0:46:31	0:09:05	3:26:08	0:07:26	2:53:09	Luxembourg	
782cdb1d-0a62-f011-bec3-6045bd05f634	1656	Sophia Colbach	F	F30-34	82	7:22:19	0:46:36	0:09:05	3:26:14	0:07:18	2:53:05	Germany	
4265a975-f8e5-ee11-904c-000d3a5c3552	1657	SHIVANI NALWAYA	F	F30-34	83	7:23:13	0:53:03	0:09:17	3:56:54	0:05:47	2:18:13	India	
7dc4d518-9df0-f011-8407-6045bd09fcf5	1658	aymen jarmouni	M	M25-29	269	7:23:35	0:51:00	0:10:37	3:25:43	0:11:14	2:45:01	Morocco	
b1cb18e4-62f1-f011-8407-0022480c370f	1659	Benjamin Steil	M	M40-44	147	7:26:19	0:46:52	0:11:49	3:36:35	0:08:38	2:42:24	Germany	
84145829-cac3-f011-bbd3-000d3a5b50ba	1660	Ella King	F	F18-24	77	7:27:19	0:59:30	0:10:52	3:52:44	0:06:58	2:17:16	United Kingdom	
f171d968-b9fc-ee11-a1ff-000d3a314ae2	1661	Joey Rogers	M	M25-29	270	7:27:20	0:46:18	0:12:24	3:26:36	0:11:36	2:50:26	Ireland	
faa1402a-4924-eb11-a813-000d3a5913bd	1662	Ashley Stevens	M	M50-54	85	7:27:40	0:48:57	0:17:53	3:18:23	0:08:55	2:53:32	United Kingdom	
4533b7c3-db97-4d15-819a-e847325bfdde	1663	Beate Schlemminger	F	F50-54	16	7:27:51	0:43:00	0:08:09	3:02:43	0:08:52	3:25:07	Germany	
f2bc9f36-4fce-f011-bbd3-000d3a35ffc1	1664	Laura Ringoir	F	F30-34	84	7:27:57	1:01:13	0:06:57	3:24:50	0:06:07	2:48:50	Belgium	
2fd517ee-2bef-f011-8407-0022480b738e	1665	Anna Weber	F	F40-44	33	7:29:31	0:57:32	0:13:54	3:26:24	0:09:17	2:42:24	Germany	
67858eda-d7f0-f011-8407-0022480b738e	1666	Claudia Londoño	F	F35-39	42	7:30:29	1:00:26	0:12:35	3:14:39	0:10:04	2:52:45	Colombia	
796595aa-cf93-f011-b4cc-000d3a35ffc1	1667	Christine Olschewski	F	F40-44	34	7:30:35	0:52:45	0:11:15	3:03:42	0:08:51	3:14:02	Germany	
312b338c-47e7-f011-8544-000d3a3173b5	1668	Lewis Wulff	M	M18-24	200	7:32:44	0:45:55	0:04:55	2:42:38	0:03:48	3:55:29	Germany	
c57108db-867b-ef11-a670-6045bd05c809	1669	Alexander Schwarz	M	M25-29	271	7:33:34	0:49:45	0:14:52	3:07:16	0:09:57	3:11:44	Germany	
a0cfa4b2-8781-f011-b4cc-000d3a3173b5	1670	Nina Betz	F	F25-29	106	7:34:14	0:42:21	0:10:31	3:34:20	0:08:22	2:58:41	Germany	
0dc2269a-061d-f011-9989-000d3a5b7c3b	1671	Anthony Gastañadui	M	M30-34	230	7:34:19	1:06:55	0:06:13	3:05:22	0:10:32	3:05:17	Peru	
7ebcd10e-f9a4-f011-bbd3-000d3a35ffc1	1672	Ravjot Bhasin	M	M35-39	145	7:34:25	0:57:54	0:09:55	3:34:30	0:08:51	2:43:15	United States	
3cafd50e-09a5-f011-bbd3-6045bd05fcc1	1673	Justin de Wit	M	M25-29	272	7:35:26	0:56:23	0:10:29	3:32:24	0:07:13	2:48:56	Netherlands	
44479d75-63e2-f011-8544-000d3a5b7c3b	1674	Celine Teichmann	F	F18-24	78	7:38:38	0:49:46	0:08:08	3:20:47	0:07:22	3:12:35	Germany	
0c195f2c-55ca-4377-866a-9d1b9ff62d13	1675	Girish Verma	M	M55-59	58	7:40:09	0:46:19	0:08:59	3:46:01	0:07:21	2:51:29	India	
6e9604f2-cfa7-4382-b7df-12c3141947e2	1676	Marcus Zeppenfeld	M	M60-64	29	7:40:33	0:50:40	0:08:33	3:10:34	0:04:54	3:25:52	Germany	
b5cb4bb3-160e-ef11-9f89-6045bd012ace	1677	Predrag Lončar	M	M30-34	231	7:40:46	1:09:39	0:10:08	3:04:34	0:10:20	3:06:04	Serbia	
5313df46-90e1-f011-8544-000d3a5cf7d8	1678	Lorenzo Gerardi	M	M25-29	273	7:42:56	0:51:18	0:06:54	3:08:44	0:06:24	3:29:35	Germany	
2ca2642a-7ecc-f011-bbd3-000d3a5b7c3b	1679	Carolyn Wollny	F	F25-29	107	7:43:26	0:49:02	0:07:20	3:18:37	0:06:53	3:21:34	Germany	
1d194a0b-978a-f011-b4cc-000d3a5b7c3b	1680	Tiffany Scieur	F	F25-29	108	7:43:35	0:45:18	0:06:13	3:37:38	0:07:18	3:07:08	Belgium	
2bd12f4f-062f-f011-8c4d-6045bd05f634	1681	Héloïse Wal Cadias	F	F50-54	17	7:44:57	0:53:34	0:07:48	3:50:21	0:09:59	2:43:15	France	
ba2798a1-f77a-4339-adb5-a36711bae60e	1682	Keir Doubas	M	M45-49	104	7:45:14	0:45:40	0:07:45	3:30:57	0:04:30	3:16:22	Australia	
b24780c6-f134-40ca-82fa-9d69474d9844	1683	Harshit Agarwal	M	M35-39	146	7:46:44	1:04:49	0:08:46	3:34:51	0:08:00	2:50:18	India	
35ee81bd-90e1-f011-8544-000d3a3173b5	1684	Leonardo Gerardi	M	M25-29	274	7:55:31	0:53:40	0:07:47	3:22:52	0:04:51	3:26:21	Germany	
071a77c9-a94c-4f21-b263-005f08a84f85	1685	Iris Varty	F	F60-64	5	7:56:34	0:47:52	0:25:19	3:47:28	0:07:59	2:47:57	South Africa	
55cc83d1-a79e-f011-b41c-000d3a35ffc1	1686	Lauren Varty	F	F25-29	109	7:56:40	0:53:46	0:19:27	3:47:32	0:07:58	2:47:57	United Kingdom	
e6cc9de5-50a8-f011-bbd3-6045bd05fcc1	1687	Pablo María Arranz Pou	M	M25-29	275	7:57:31	0:58:36	0:11:25	4:05:05	0:06:51	2:35:34	Spain	
7f178094-6294-f011-b4cc-6045bd05f634	1688	Sven Seidemann	M	M35-39	147	7:58:44	0:53:45	0:13:11	4:17:42	0:05:02	2:29:04	Germany	
ee1683cd-b6bc-f011-bbd3-000d3a5b50ba	1689	Fabiënne van den Hombergh	F	F25-29	110	7:59:54	0:51:09	0:08:20	3:28:23	0:08:08	3:23:54	Netherlands	
76b5c8f6-f20f-f011-9988-000d3a5cf7d8	1690	Simon Juggins	M	M55-59	59	8:01:05	0:43:57	0:07:49	3:25:28	0:05:45	3:38:06	United Kingdom	
a311ca03-32ee-f011-8407-6045bd09fcf5	1691	Marek Strieker	M	M25-29	276	8:07:03	1:02:52	0:16:05	3:30:56	0:09:02	3:08:08	Germany	
bd0483c7-66e9-f011-8543-000d3a5b5fc7	1692	Caitilín Coffey	F	F18-24	79	8:13:01	0:49:41	0:06:56	4:13:29	0:03:39	2:59:16	Ireland	
1e8efe5c-e093-f011-b4cc-000d3a5b7c3b	99999	Mhari Johnston	F	F30-34	99999		0:33:28	0:06:30				United Kingdom	DNF
f80c4386-e883-ef11-ac21-6045bd05c809	99999	Patrick Matuschek	M	M30-34	99999							Germany	DQ
f80c5972-87c8-f011-bbd3-6045bd05fcc1	99999	Hoorzad Vaziry	M	M50-54	99999							Australia	DNF
12b9214b-7a23-4919-9693-ee3ae6eb47b1	99999	Matthias Schmaler	M	M55-59	99999							Germany	DNS
f35e2369-e476-4f8b-95ef-78dfedac48ec	99999	Loïc Fredric Fernau	M	M30-34	99999							Germany	DQ
3d5024df-426f-4211-81ec-42d350ed25d3	99999	Manar Dohaithem	F	F25-29	99999	6:18:17	0:53:06	0:25:44	1:55:44	0:08:04	2:55:39	Saudi Arabia	DNF
b517e472-c093-f011-b4cc-0022480c097c	99999	Henning Beestermöller	M	M30-34	99999							Germany	DNS
5907eee8-7473-458b-a19a-8978fd96bf85	99999	Markus Sinn	M	M50-54	99999							Germany	DNF
5437cba1-0783-ef11-ac21-000d3a595b58	99999	Jemima Harpin	F	F25-29	99999		0:35:51	0:05:01	2:35:48			United Kingdom	DNF
4b5ae525-b894-f011-b4cb-6045bd09e182	99999	Julia Däumler	F	F35-39	99999							Germany	DNS
0eae5457-0ac8-4a5d-9aae-c3145303c0c0	99999	Patrick-Leon Müller	M	M25-29	99999							Germany	DQ
497a8564-ebde-49ac-bb61-e7d4511567c5	99999	Wilhelm Kaden	M	M25-29	99999		0:33:24	0:04:15	2:46:57	0:07:05		Germany	DNF
ae82796a-adac-f011-bbd3-0022480c097c	99999	Parth Shukla	M	M25-29	99999							India	DNF
e5fb9cd4-dc31-4903-ba79-805e8a5db3bf	99999	Alison Siepker	F	F55-59	99999							United States	DNF
a074a29d-48c1-f011-bbd3-6045bd09951e	99999	Lewis Mclester	M	M25-29	99999							United Kingdom	DQ
68ceced7-a436-4b06-b641-9f8631574aa1	99999	Florian Margaretha	M	M45-49	99999		0:33:01	0:08:52	2:27:47	0:07:14		Germany	DNF
ff5c3af9-23cc-ef11-b8e8-6045bd018d16	99999	Manuel Möller	M	M40-44	99999							Germany	DQ
2fa0ae54-a4a0-f011-b41c-000d3a5cf7d8	99999	Julian Aigelsdorfer	M	M25-29	99999		0:47:07	0:12:27				Austria	DNF
54537dfb-0a4f-4b6b-aa2b-cc0af8eecbfd	99999	Manfred Spellitz	M	M60-64	99999							Austria	DNS
08362263-c593-f011-b4cc-000d3a5b50ba	99999	Justine Thiemann	F	F25-29	99999	5:53:33	0:48:06	0:09:40	2:38:00	0:10:12	2:07:34	Germany	DNF
063856b2-3795-f011-b4cc-000d3a35ffc1	99999	Leonard Vincent Bergmann	M	M25-29	99999							Germany	DNS
38197ff0-e2aa-4155-a1ab-7a81f9f9c676	99999	Krzysztof Skubisz	M	M30-34	99999							Poland	DQ
416877c6-dfbc-f011-bbd3-6045bd05fcc1	99999	Gearóid Collins	M	M30-34	99999		0:41:00					Ireland	DNF
dc2d7480-727d-4828-be90-37b98b93da30	99999	Damnjan Jovanovic	M	M40-44	99999							Germany	DNS
bc488696-066b-ef11-bfe3-6045bd010fe7	99999	Tom Steckbauer	M	M35-39	99999							Germany	DQ
25044462-fcbe-46d6-8882-d896f1f9ac96	99999	Tabea Klatt	F	F25-29	99999							Germany	DNS
e86d93ff-ce6d-44ad-898d-05bae4f87569	99999	Susanne Horndt	F	F40-44	99999							Germany	DNS
6916f8e3-61b3-4084-bbef-930be4f10bd5	99999	Jan Kolbe	M	M50-54	99999		1:02:37	0:10:59				Germany	DNF
9c9a867e-b992-43c3-ae19-805a2b3223f4	99999	Brian Thumwood	M	M55-59	99999		0:55:35	0:13:29	3:17:55	0:08:52		Belgium	DNF
f8370d98-be93-f011-b4cc-000d3a5b50ba	99999	Pia Blümig	F	F18-24	99999							Germany	DNS
b347e778-33cc-4e74-bd67-bcf35e4ffa60	99999	Dimitrios Lolis	M	M18-24	99999							Greece	DNS
75241295-52e1-4681-9865-2721f949c9b3	99999	Alex Richter	F	F50-54	99999							United Kingdom	DQ
2a62b9e6-cba6-4947-9b8c-4d945d4b04ae	99999	Aleksandra Rzeszotarska	F	F25-29	99999		0:30:37	0:03:15	2:22:10	0:03:14		Poland	DNF
1c6ab609-d0fd-f011-8406-002248046ec8	99999	Martin Schuh	M	M45-49	99999							Germany	DNS
358bd77e-53fb-4f4c-974c-d8272893d130	99999	André-Philippe Przybyl	M	M55-59	99999							Germany	DNS
c3ea460a-a598-4cb8-a8cf-8e85ecf429dd	99999	Fabian Murrmann	M	M30-34	99999							Germany	DNS
d028d93e-3993-f011-b4cc-0022480a7385	99999	Razi Abdul Rasheed	M	M30-34	99999							India	DNF
56352e6b-aa37-4bc8-84fd-4269807195ec	99999	Fabio Fregnan	M	M25-29	99999		0:38:09	0:04:44	2:30:20	0:04:02		Italy	DNF
1c53da74-a350-447d-8a84-6fdcee0f032f	99999	Hsin Yun Lin	F	F45-49	99999		1:10:57					Taiwan	DNF
fe9b5eb2-4979-4cdd-b727-c2c2d421284f	99999	Tobias Ziemann	M	M30-34	99999							Germany	DQ
2f71f4a5-8276-f011-b4cc-000d3a5b50ba	99999	Josephine Aldag	F	F18-24	99999		0:45:48	0:05:26				Germany	DNF
b9ad429a-41f2-f011-8407-0022480b738e	99999	Ana Clara Marques Duran	F	F30-34	99999							Brazil	DQ
854a892e-f6d1-f011-bbd3-0022480a7385	99999	Caroline Baier	F	F25-29	99999							Germany	DNS
d966563f-5be9-f011-8544-000d3a5cf7d8	99999	Maram Dohaithem	F	F25-29	99999		1:15:42					Saudi Arabia	DNF
e38af229-1097-f011-b4cc-000d3a35ffc1	99999	Marie Tietz	F	F18-24	99999							Germany	DNF
05360901-76ba-f011-bbd3-0022480a7385	99999	Merlin Steinbrück-Welp	M	M35-39	99999		0:45:16	0:07:44	2:44:44	0:07:12		Germany	DNF
2ef73b23-c1c0-f011-bbd3-6045bd09951e	99999	Daniel Henriquez	M	M18-24	99999		0:50:12	0:55:36				El Salvador	DNF
7556b7db-d7d4-ef11-8ee9-000d3a5ae96c	99999	Alejandro Ramirez	M	M40-44	99999							Guatemala	DQ
21f88bf9-60ee-4b70-aeb9-4fd8678cb013	99999	Lisa Dinges	F	F40-44	99999		0:45:45	0:04:50	2:39:17	0:05:01		Germany	DNF
ae3f77c6-0cc6-f011-bbd3-000d3a35ffc1	99999	Clare Brennan	F	F30-34	99999		0:49:42					Ireland	DNF
8d80fd87-cd93-f011-b4cc-6045bd05f634	99999	Hannah Badie	F	F18-24	99999							Germany	DNS
444ab448-4511-4fd1-b3b1-6839fd841753	99999	Nick Thompson	M	M35-39	99999		0:42:20	0:05:19	2:29:18	0:06:57		United Kingdom	DNF
8a533fe7-8f97-f011-b4cc-000d3a5b7c3b	99999	Matěj Vančura	M	M30-34	99999							Czech Republic	DNS
faf4b8e2-be93-f011-b4cc-6045bd05fcc1	99999	Fabian Trumpf	M	M18-24	99999							Germany	DNS
bad6135e-e3c9-f011-bbd3-6045bd09951e	99999	Marco Turiel	M	M18-24	99999		0:54:39					Italy	DNF
1e8eac25-6ecc-f011-bbd3-000d3a5b50ba	99999	Stefan Böhler	M	M55-59	99999		1:28:01					Germany	DNF
9490ac73-50e9-f011-8543-6045bd05fcc1	99999	Björn Moos	M	M18-24	99999		0:48:51					Eswatini	DNF
a58227b4-6699-f011-b4cc-000d3a3173b5	99999	Lukas Filz	M	M18-24	99999							Germany	DNS
8c08fcf8-c649-ef11-a317-6045bd010fe7	99999	Sigurd Nilsen	M	M35-39	99999							Norway	DNF
5c80aa52-c16f-44de-b20a-f4a38e5aba4c	99999	Mikhail Perunov	M	M40-44	99999							Germany	DNS
fe63ee34-cf85-f011-b4cc-000d3a5cf7d8	99999	Mikhail Mokeev	M	M30-34	99999							Montenegro	DQ
be50eba2-0f1d-f011-998a-000d3a5b50ba	99999	Leef Dierks	M	M45-49	99999							Germany	DNS
63a5a193-67ff-48f9-8f85-e0dddda9e8f9	99999	Vladyslav Malovanyi	M	M25-29	99999							Ukraine	DQ
b91909a2-7d94-f011-b4cc-000d3a35ffc1	99999	Julia Pillwein	F	F35-39	99999							Austria	DNS
452456b6-4474-f011-bec3-6045bd05fcc1	99999	Jan-Hendrik Diederich	M	M40-44	99999							Germany	DNS
2b878474-3da7-f011-bbd3-0022480a7385	99999	Charlotte Ziehm	F	F30-34	99999		0:36:29	0:05:43	2:36:51	0:03:49		Germany	DNF
bc924a71-b9de-f011-8544-000d3a35ffc1	99999	Zain Huda	M	M25-29	99999		1:21:50					Canada	DNF
c7622dc9-ae58-f011-877b-000d3a3173b5	99999	Franziska Berlin	F	F35-39	99999							Germany	DNS
cfa440e0-8f8a-f011-b4cc-6045bd05fcc1	99999	Mick Jezuita	M	M25-29	99999							Germany	DNS
c84a908e-769b-f011-b41c-000d3a5b7c3b	99999	Jaro Timmermans	M	M25-29	99999							Netherlands	DQ
673d68d3-bd67-f011-bec2-000d3a5cf7d8	99999	Tizian Hauck	M	M25-29	99999							Germany	DNS
be642f12-1c37-418f-a597-db0ff985906a	99999	Marco Resech	M	M55-59	99999							Germany	DNS
cb8f7f9c-7599-f011-b4cc-000d3a5b7c3b	99999	Meiko Merda	M	M45-49	99999							Germany	DNS
f2164669-429d-f011-b41c-6045bd05f634	99999	Domenique Meine	M	M35-39	99999		0:45:37	0:08:13				Germany	DNF
0d3bc639-57e6-f011-8544-000d3a5b7c3b	99999	Yannick de Combas	M	M50-54	99999		0:54:13	0:12:59	3:50:17	0:10:57		France	DNF
9b0e33f6-e9a4-ef11-8a6a-002248049fdc	99999	Ellen Meister	F	F25-29	99999	7:29:03	0:38:38	0:05:48	4:17:44	0:05:05	2:21:48	Germany	DNF
700d7d23-80e5-f011-8543-000d3a5b5fc7	99999	Marius Vößing	M	M30-34	99999							Germany	DNF
4f5ea632-b1c0-4037-8db2-a4ab78745404	99999	Steffen Kuffner	M	M40-44	99999							Germany	DNS
5d6ee5bc-fa85-ef11-ac21-000d3a338a3c	99999	Andrew Holland	M	M40-44	99999							United Kingdom	DNS
7d10bb63-c493-f011-b4cc-6045bd05fcc1	99999	Orhan Demirbilek	M	M30-34	99999	6:29:19	1:04:54	0:08:34	2:21:47	0:07:19	2:46:45	Germany	DNF
647e5525-7587-4823-ae61-0a1db600af5a	99999	Toby Barnard	M	M50-54	99999	5:55:26	0:52:36	0:09:30	2:37:00	0:10:06	2:06:14	United Kingdom	DNF
109bcef8-f20f-43ab-94c1-82b191426944	99999	Simon Mccune	M	M45-49	99999							United Kingdom	DNF
a9a3237b-bef3-4208-98d6-45e7825bc95b	99999	Dirk Erdmann	M	M45-49	99999		0:42:52	0:04:27	2:35:10	0:05:21		Germany	DNF
90db26a2-8834-498e-93fc-31eb8796bfef	99999	Jonas Rahm	M	M25-29	99999							Germany	DNS
15f88f9b-433c-43ac-bca7-03d898c41675	99999	Sebastian Pöttger	M	M45-49	99999							Germany	DNS
d06ab35e-48d4-f011-8544-000d3a5b50ba	99999	bodhi domig	M	M25-29	99999							Switzerland	DNS
c658cea1-6c2c-4f74-b7a0-79a975d74fb1	99999	Marcus Oertelt	M	M40-44	99999							Germany	DQ
050690e1-52a0-f011-b41c-6045bd05f634	99999	Leon Schröer	M	M18-24	99999		0:41:11	0:07:44				Germany	DNF
7871142e-b002-41d1-8c3d-6df2896b770a	99999	Iris Gajar	F	F25-29	99999							Austria	DNF
37103a4f-5d94-f011-b4cc-000d3a35ffc1	99999	Hanna Ibing-Alosman	F	F40-44	99999							Germany	DNS
1608f25b-95de-f011-8544-000d3a5cf7d8	99999	Nelson Everia Makokha	M	M30-34	99999							Kenya	DNF
530352bd-c293-f011-b4cb-002248098cfa	99999	Sam Mahling	M	M18-24	99999							Germany	DNF
4c894dbc-c7e7-f011-8543-000d3a5b5fc7	99999	Darryl Dunne	M	M25-29	99999							Ireland	DNF
e0910e30-44a1-ef11-8a6a-000d3a3bee86	99999	Martin Hodder	M	M65-69	99999							United Kingdom	DNS
cdbb253f-6b33-481d-acb6-adbe09dfc13b	99999	Dylan Dissanayake	M	M25-29	99999		0:42:16	0:09:29	2:17:48	0:19:08		United Kingdom	DNF
f9bd27cb-6005-4382-aaf6-8ff849192dca	99999	Marcel Schroeder	M	M30-34	99999							Germany	DNS
25b398ac-2318-4038-9eea-2437d44a2489	99999	Matti Schau	M	M25-29	99999							Germany	DNS
8ea43d91-c815-4277-b351-640d589b6ddd	99999	Gregory Stevens	M	M35-39	99999		0:50:11	0:06:56				United Kingdom	DNF
c5aecb76-ea3f-f011-b4cb-0022480a7385	99999	Patrick Veyel	M	M25-29	99999		0:27:22	0:03:25	2:15:58	0:03:20		Germany	DNF
e4d22002-c066-425c-aca3-045b7633fe71	99999	Alp Cingi	M	M35-39	99999							United States	DNS
