ContactId	Overall_Rank	Name	Gender	Division	Div_Rank	Total_Time	Swim	T1	Bike	T2	Run	Country	Status
30251138-96c3-4bae-9286-a221c071ea13	1	Cameron Wurf	M	MPRO	1	7:13:52	0:58:04	0:02:56	3:26:09	0:02:33	2:44:11	Australia	
1253e7e1-53ec-4cfe-a0be-3e47ced5b118	2	Federico Scarabino	M	MPRO	2	7:14:17	0:51:40	0:02:44	3:32:30	0:02:47	2:44:35	Uruguay	
821bb615-510a-4b11-b91d-990f4fb9c771	3	Ognjen Stojanovic	M	MPRO	3	7:22:29	0:51:40	0:03:04	3:34:49	0:02:57	2:49:59	Serbia	
b9bc6f27-c119-4832-be9f-ab73a4caa5b8	4	Luke Tasker	M	MPRO	4	7:25:51	0:54:32	0:02:50	3:34:06	0:02:53	2:51:29	Canada	
7fd0a0e7-8871-471b-8448-3b749ee5600a	5	Cody Beals	M	MPRO	5	7:28:26	0:54:14	0:02:51	3:37:41	0:02:56	2:50:45	Canada	
28c04036-d661-46f9-91d8-3392cf9be735	6	Andy Krueger	M	MPRO	6	7:28:58	0:57:58	0:02:57	3:32:45	0:03:31	2:51:48	United States	
e1d2c7a8-8e81-4f67-bcf5-bf9ba144c9ac	7	John Killeen	M	MPRO	7	7:30:19	1:03:35	0:02:42	3:31:45	0:03:32	2:48:45	United States	
0d67d0e1-14bd-ec11-9840-002248085ca7	8	Benjamin Zorgnotti	M	MPRO	8	7:30:50	0:55:35	0:02:30	3:32:20	0:02:52	2:57:33	French Polynesia	
c7ddfe5c-44e1-49a4-a2e8-4bc61eb820b9	9	Frederik Wester	M	MPRO	9	7:31:56	0:54:09	0:02:23	3:30:06	0:02:42	3:02:36	Denmark	
1aa164a4-913f-4c51-b357-6e4a6aeda6e6	10	Timmo Jeret	M	MPRO	10	7:33:44	1:03:39	0:02:59	3:37:00	0:02:31	2:47:35	Estonia	
bef5a462-9e4b-4a39-8911-6065117805e2	11	Gustav Palm-Henriksen	M	MPRO	11	7:35:44	0:54:05	0:02:28	3:36:01	0:03:04	3:00:05	Denmark	
807e4655-d6c3-4109-9544-77c7f03459e1	12	Mitchell Ott	M	MPRO	12	7:38:00	0:59:22	0:03:26	3:39:23	0:02:22	2:53:26	United States	
588ba993-56d7-488d-99d4-723c3a849530	13	Matthew Richard	M	MPRO	13	7:47:24	1:02:25	0:03:29	3:41:47	0:02:46	2:56:57	United States	
f94c9b6e-2a9e-4590-800d-bf4adbd8bed6	14	Matthew Dochnal	M	MPRO	14	7:48:44	1:02:20	0:02:56	3:49:26	0:02:34	2:51:27	United States	
f3d21fca-edf2-4b0a-8b57-af077265e0bf	15	Quentin De Vos	M	MPRO	15	7:52:29	1:02:22	0:02:42	3:42:24	0:03:20	3:01:41	Belgium	
a4c2b21a-332a-48e9-ba58-668cbb7afc33	16	Matthew Guenter	M	MPRO	16	7:53:13	0:51:27	0:02:53	3:43:14	0:04:07	3:11:32	United States	
a7f4f6ff-6a3d-4320-888b-2d5ed10cc434	17	Thomas Inigo	M	MPRO	17	7:57:10	1:02:12	0:04:22	3:44:11	0:05:33	3:00:53	United States	
0be87e60-b7da-440a-8761-4a0e887ae692	18	Matt Jackson	M	MPRO	18	8:00:12	1:02:21	0:03:17	3:51:05	0:02:31	3:00:58	United States	
74880c28-66d3-f011-8544-000d3a3173b5	19	Alexander Brennecke	M	M30-34	1	8:01:30	1:02:11	0:07:32	3:50:49	0:04:03	2:56:55	Germany	
c77079eb-9bdb-4d33-80a5-a5d2df473653	20	Brian Tsau	M	M25-29	1	8:01:45	0:55:05	0:04:17	3:59:48	0:03:37	2:58:58	United States	
56be295e-c710-44d7-a0df-af73e4476f68	21	Robby Webster	M	MPRO	19	8:07:42	1:04:35	0:03:09	3:50:13	0:06:10	3:03:35	United States	
d1f31b2b-5a41-419f-82de-3beb34bf1666	22	Yang Pan	M	MPRO	20	8:08:19	1:13:13	0:03:11	3:50:03	0:03:34	2:58:17	United States	
2408f09f-03a7-40f8-9de3-7a6fb8f10a2a	23	Julien Couderc	M	M30-34	2	8:14:22	1:15:38	0:03:32	3:45:13	0:03:17	3:06:43	France	
db5267b0-d725-f011-8c4d-000d3a5b7c3b	24	Landon Dolvin	M	M18-24	1	8:17:56	1:04:03	0:04:09	4:01:28	0:03:18	3:04:58	United States	
b54e85e7-39d3-4ba6-a0c5-aa18977b46f9	25	Jamie Hayes	M	MPRO	21	8:18:04	0:57:07	0:03:14	3:37:58	0:03:11	3:36:34	United States	
cb9e3400-8090-ee11-8179-000d3a314329	26	Lars Hultgren	M	M25-29	2	8:23:43	1:02:04	0:04:10	4:09:55	0:04:04	3:03:31	United States	
85a76dc0-605c-4167-a89b-d5de84457e3a	27	Mirco Fuhrmann	M	M30-34	3	8:24:49	0:57:13	0:04:35	3:54:17	0:03:02	3:25:42	Germany	
e438ffdd-c618-4539-b5d2-81ef5b451c16	28	Hayden Sikora	M	M25-29	3	8:24:52	1:02:18	0:05:13	3:56:38	0:05:08	3:15:36	United States	
7e7f24c0-93cb-4ec4-9cf2-026fe0b3d5ea	29	Zach Aldrich	M	MPRO	22	8:25:45	1:09:53	0:03:25	3:46:15	0:05:29	3:20:43	United States	
7648fd79-e9aa-4e75-b50f-d6f574aa652c	30	Max Kohll	M	MPRO	23	8:26:11	1:00:53	0:02:26	3:44:03	0:04:37	3:34:13	United States	
50cd53a4-5aef-4df5-b7ce-c3a7809515dc	31	Alex Bergeson	M	M35-39	1	8:32:42	1:01:58	0:05:04	4:08:17	0:04:35	3:12:48	United States	
6c9b2367-49d0-4a06-8f20-24df66ef2773	32	Evan Gruda	M	M30-34	4	8:33:11	1:10:34	0:04:55	4:07:04	0:04:41	3:05:58	United States	
55e979c5-f796-48e5-ac0b-16f9a315a956	33	Will Hopkins	M	M25-29	4	8:35:37	1:16:52	0:04:42	4:09:08	0:03:16	3:01:40	United States	
a376c13c-f9b0-4e60-97cc-9959955992a2	34	Emma Alitz	F	F25-29	1	8:38:13	1:10:22	0:04:05	4:01:48	0:02:54	3:19:05	United States	
69cd255d-6245-4a94-b3ff-d6d52cf83f7f	35	Kyle Bresnahan	M	M25-29	5	8:42:05	1:18:29	0:04:33	4:05:04	0:05:10	3:08:48	United States	
07c1cea1-0271-4ee4-bfe4-90b92c0a95ec	36	John Condon	M	M40-44	1	8:42:59	1:11:57	0:04:41	3:52:31	0:03:28	3:30:22	United States	
c4fab056-4654-44c6-9de6-120878505f4b	37	Andrey Zabinsky	M	M40-44	2	8:43:49	1:17:57	0:03:38	4:05:49	0:03:47	3:12:38	United States	
fc9d744b-9306-46ac-9930-bf1747d177b2	38	Michael Goentgens	F	M45-49	1	8:44:07	1:12:56	0:03:51	4:04:54	0:03:52	3:18:34	Germany	
d9135df2-3b71-4148-b4b3-1670216dd327	39	jochen maes	M	M35-39	2	8:44:47	1:15:14	0:04:55	4:01:28	0:04:00	3:19:11	Belgium	
126f3383-ac01-425c-b98d-d59276bb362d	40	Ignacio Mendez-Nunez	M	M30-34	5	8:45:45	1:13:14	0:04:43	3:55:58	0:05:44	3:26:06	Spain	
cc20b34a-42ef-45ab-8064-f7ba5e15829e	41	Pascal Stutz	M	M30-34	6	8:47:09	1:02:10	0:03:22	3:49:28	0:04:35	3:47:35	Switzerland	
001b17d9-30f0-4901-9187-95a91d925925	42	Jack Di Palo	M	M18-24	2	8:47:16	1:09:56	0:04:44	4:11:36	0:04:47	3:16:13	United States	
4cf8bcca-57d2-4787-8af1-1d05ab0dc112	43	Mena Suter	F	FPRO	1	8:49:15	1:03:45	0:03:35	4:36:22	0:02:55	3:02:37	Switzerland	
5b3807d3-ebf2-ef11-9342-6045bd088264	44	Benjamin Miller	M	M40-44	3	8:52:07	1:20:10	0:05:24	4:00:09	0:03:30	3:22:55	United States	
349951e4-de81-ef11-ac21-002248049fdc	45	Christopher Christiano	M	M18-24	3	8:55:32	1:14:52	0:04:23	4:08:41	0:03:25	3:24:11	United States	
ee5c4f56-aa77-483d-a952-f0ea82a4a76d	46	Harrison Schell	M	M30-34	7	8:56:10	1:06:44	0:04:13	4:02:50	0:03:13	3:39:10	United States	
0489b0b7-b51d-471b-817c-1957125cf44d	47	Easton Syvertson	M	M25-29	6	8:57:30	1:07:30	0:04:45	4:06:19	0:03:50	3:35:06	United States	
2c0e1189-3651-49ec-aa10-b6ab01df9162	48	Michael Harker	M	M35-39	3	8:57:41	1:06:42	0:04:43	4:15:10	0:05:03	3:26:03	United States	
65d7019c-8455-4502-be16-9773c8713f89	49	Jonathan Porter	M	M40-44	4	8:57:44	1:14:57	0:03:58	4:09:28	0:03:35	3:25:47	United States	
1d1b309f-44f7-47ea-98b3-5c5bc27c9aac	50	Lucas Pardew	M	M35-39	4	8:58:34	1:15:55	0:06:15	4:11:10	0:04:10	3:21:04	United States	
5610a873-6835-440b-b3f7-6613bd807a7b	51	Landon Dinkel	M	M18-24	4	9:01:30	1:22:09	0:04:08	4:11:24	0:04:52	3:18:56	United States	
6b957f99-915a-4d38-b805-7d97a3d0e449	52	Brandon Shamis	M	M25-29	7	9:01:51	1:14:23	0:05:13	4:11:21	0:05:09	3:25:44	Canada	
23d0b44b-52a1-f011-bbd3-6045bd09951e	53	Noah Rutberg	M	M18-24	5	9:03:12	0:59:18	0:08:26	4:24:08	0:05:58	3:25:23	United States	
99e7428f-6d51-4dec-901c-f30baab159c7	54	Wilm Schneider	M	M40-44	5	9:05:10	1:09:31	0:04:41	4:09:51	0:04:16	3:36:51	Germany	
17b0ed71-2028-4457-9502-7d3cf38d056c	55	Rodrigo Cancino Martinez	M	M35-39	5	9:09:04	1:11:32	0:05:53	4:15:36	0:04:19	3:31:45	Colombia	
4eba16a0-ab8e-4b86-bc67-7d7a42fb18f1	56	Ilje Van Der Ploeg	M	M45-49	2	9:10:09	1:03:01	0:04:54	4:12:54	0:05:24	3:43:55	Netherlands	
538db189-91af-4fc5-a7b5-b8a7ed33f6dd	57	Jehovah Tavares	M	M40-44	6	9:11:00	1:34:44	0:03:49	4:17:36	0:03:06	3:11:43	Brazil	
92ea4099-b6b6-40b0-829a-6a20ed679892	58	Jen Keith	F	F40-44	1	9:11:59	1:09:36	0:03:41	4:20:55	0:04:27	3:33:20	United States	
c94a3186-13aa-48c2-8988-0ad9b7e602d2	59	Federico Pittaluga Federico Pittaluga	M	M45-49	3	9:13:40	1:17:30	0:05:43	4:08:26	0:04:32	3:37:29	Uruguay	
a5c31ee5-33ec-4b58-818a-788bb7be986c	60	Ethan Dolin	M	M18-24	6	9:14:37	1:19:14	0:04:52	4:20:35	0:03:36	3:26:19	United States	
ed012e5e-9356-4080-87a4-85f846eb5c36	61	TJ Zegarelli	M	M30-34	8	9:15:46	1:26:01	0:04:28	4:06:10	0:05:15	3:33:51	United States	
e8dcb89c-3d2f-4b7a-9ff9-c2732dd5fca9	62	Richard Walker	M	M30-34	9	9:16:15	1:16:44	0:05:32	4:21:11	0:04:22	3:28:27	United States	
a91b2d75-bf94-ef11-8a6a-002248049fdc	63	Max Antonio	M	M25-29	8	9:16:32	1:11:31	0:04:15	4:26:48	0:05:15	3:28:44	United States	
ea7629f7-a6ce-47cb-9cfd-8cda89c6f73f	64	Tara Rooney	F	FPRO	2	9:17:55	1:11:15	0:03:40	4:47:48	0:03:14	3:11:59	United States	
82fc4c87-d46b-4e70-80f9-e318b09f6d4f	65	Corry Marcincin	F	F40-44	2	9:18:28	1:05:45	0:07:02	4:31:55	0:06:19	3:27:27	United States	
b8f4d1b5-b717-414f-92b0-a3264de5fa4a	66	Michael Newbry	M	M35-39	6	9:18:50	1:17:43	0:04:19	4:14:48	0:05:52	3:36:08	United States	
f30701e6-3250-4907-8f2d-20cc1f64af83	67	Katie Colville	F	FPRO	3	9:19:53	1:08:36	0:03:13	4:51:53	0:03:17	3:12:54	United States	
36258a1f-2e9c-4461-ae62-7ae5c5851547	68	Christopher Kostelni	M	M25-29	9	9:20:04	0:54:54	0:04:47	4:07:25	0:04:46	4:08:12	United States	
71b92b94-0ac8-40b9-8369-8748853b4b4c	69	Kevin Reagin	M	M40-44	7	9:21:29	1:10:27	0:04:52	4:08:17	0:04:43	3:53:09	United States	
3be18b0b-92a1-4c24-a0fd-a3095b56eca2	70	Thijs Blondeel	M	M35-39	7	9:21:34	1:11:36	0:03:37	3:59:37	0:04:11	4:02:34	Belgium	
26c03b6e-d510-40fe-81cc-2bae417e1660	71	Cole Moecklin	M	M25-29	10	9:21:35	1:13:53	0:06:11	4:14:51	0:04:56	3:41:44	United States	
4f79efd0-d8e6-4d46-a74d-54f019764d4d	72	Carolyn Olsen	F	FPRO	4	9:22:14	1:12:25	0:04:14	4:47:13	0:03:20	3:15:03	United States	
ba01c177-66d5-4ac9-a1be-7a444da17a60	73	Geoffrey King	M	M40-44	8	9:23:27	1:08:16	0:06:34	4:29:57	0:03:57	3:34:43	Australia	
e8c0945a-d2bf-4874-92cc-8ceeaae6bc94	74	Benjamin Daugreilh	M	M35-39	8	9:23:58	1:28:58	0:07:05	4:12:25	0:06:03	3:29:27	France	
2454f61e-4b62-4d0d-a118-364476154cc4	75	Sebastian Mladenovic	M	M18-24	7	9:24:49	1:17:34	0:05:43	4:06:26	0:05:12	3:49:52	United States	
f5457260-106b-f011-bec3-000d3a3173b5	76	Alex Fontaine	M	M40-44	9	9:24:55	1:32:08	0:05:21	4:09:52	0:04:22	3:33:13	Canada	
ffda8c62-2ad2-4d1d-ad48-630c327f98a4	77	Dana Glodek	F	F35-39	1	9:26:36	1:04:06	0:04:10	4:29:07	0:04:13	3:45:00	United States	
1c2c0f4b-15d1-4a30-b79a-028f1052b975	78	Annamarie Strehlow	F	FPRO	5	9:27:34	1:07:28	0:03:20	5:05:16	0:02:57	3:08:33	United States	
bde90a22-d5e7-4722-8d75-7ca961afa757	79	Allison Jacob	F	FPRO	6	9:30:36	1:10:44	0:03:52	4:52:45	0:04:17	3:18:59	Canada	
9ba333bc-e1be-471c-a4aa-68f882395e05	80	Erle Craven	M	M30-34	10	9:32:14	0:59:53	0:05:09	4:46:09	0:06:28	3:34:35	United States	
4f812b40-0243-48b2-877b-8b030b254abf	81	Andrew Langston	M	M30-34	11	9:32:17	1:28:44	0:05:03	4:03:44	0:04:20	3:50:26	United States	
5baefc67-7d10-f011-9988-000d3a5cf7d8	82	Lindsay Mustard	F	F25-29	2	9:33:43	1:21:58	0:06:37	4:37:22	0:04:11	3:23:35	Canada	
03b864e9-e67b-498c-8a74-6737a3249a3b	83	Brendan Jones	M	M35-39	9	9:34:42	0:58:54	0:04:35	4:21:37	0:03:40	4:05:56	United States	
b2373450-f819-42e4-83aa-33c2fae52745	84	Peter Resch	M	M50-54	1	9:36:06	1:14:03	0:03:18	4:10:06	0:04:02	4:04:37	Austria	
204f49c0-51f6-4cae-8db8-abbf7e8c267d	85	Dana Stowell	F	F30-34	1	9:37:24	1:26:03	0:05:10	4:37:38	0:05:24	3:23:08	United States	
25f8280d-664d-41fa-9781-e01b35e3fe61	86	Scott Kellie	M	M45-49	4	9:37:27	1:14:16	0:07:51	4:28:39	0:06:54	3:39:47	United States	
479dc7a9-c8a0-465a-954f-5c5ccf52c84b	87	Jonathan Vassallo	M	M45-49	5	9:38:31	1:15:54	0:07:10	4:34:01	0:04:42	3:36:44	Malta	
d53c4926-5f6f-45d3-98e3-fa0b8e2dd98e	88	Corinne Mouw	F	FPRO	7	9:38:37	1:11:17	0:04:39	5:02:45	0:04:10	3:15:46	United States	
82944df6-3bad-f011-bbd3-000d3a5b7c3b	89	Roberto Vilanova	M	M35-39	10	9:39:01	1:18:56	0:06:32	4:33:46	0:06:20	3:33:27	United States	
af7021c6-0534-4eaf-b861-ad880a824aa8	90	Konstantin Shabelko	M	M35-39	11	9:40:55	1:24:12	0:06:59	4:17:57	0:05:50	3:45:57	United States	
f46f1392-254a-42ed-a564-70ec0a26c963	91	Billie-Lee Haresnape	F	F30-34	2	9:42:38	1:18:09	0:04:58	4:48:08	0:03:34	3:27:49	New Zealand	
444e855d-16d6-ef11-8eea-000d3a5a1803	92	Vincent Demario	M	M30-34	12	9:43:23	1:19:13	0:05:51	4:29:52	0:05:16	3:43:11	United States	
127f5fd2-95ef-49a1-9da0-164bf42dd189	93	Krista Levito	F	F35-39	2	9:43:34	1:26:42	0:04:47	4:22:29	0:04:54	3:44:40	United States	
c1b8d03a-9ed5-4ed4-8d7b-888eb9377d5e	94	Alonzo Marsh	M	M25-29	11	9:44:03	1:07:50	0:04:04	4:13:57	0:03:32	4:14:40	United States	
0543a4df-d189-ef11-ac21-000d3a3126fd	95	Shane Baker	M	M18-24	8	9:46:04	1:17:59	0:04:55	4:28:52	0:04:56	3:49:22	United States	
78fa0a84-2d12-43e6-bcea-fd35e1e0d2f7	96	Aliisa Heiskanen	F	FPRO	8	9:46:09	1:14:04	0:03:42	4:53:59	0:03:24	3:31:00	Canada	
85931a6d-25d4-ef11-8eea-000d3a3126fd	97	Ronan Gorman	M	M25-29	12	9:46:58	1:05:25	0:06:27	4:39:55	0:05:00	3:50:10	Ireland	
4209705b-ed87-42f2-9f8d-ecf191742603	98	Clarice Chastang	F	FPRO	9	9:47:06	1:13:51	0:03:34	5:01:00	0:03:23	3:25:17	United States	
588ae967-5ef6-4217-8908-0d509d42a01e	99	Michael Wolf	M	M18-24	9	9:47:26	1:09:56	0:04:06	4:05:07	0:03:07	4:25:11	United States	
46395bbf-adad-43b9-8dda-63b6d90fc9d4	100	Evan Nitchman	M	M18-24	10	9:47:42	1:09:46	0:03:43	4:38:52	0:05:13	3:50:08	United States	
ffbb4937-9f71-49d6-a2aa-dd1d847da378	101	Mishu Biswas	M	M35-39	12	9:47:46	1:28:04	0:05:54	4:35:10	0:07:12	3:31:27	Bangladesh	
eb4f43e0-8d8e-4cb9-bbd7-411853e8016a	102	James Krant	M	M40-44	10	9:47:56	1:23:55	0:05:16	4:11:53	0:04:59	4:01:53	United States	
260e43d9-fdbf-4389-a018-212e22e55028	103	Jennifer Smith	F	F55-59	1	9:48:06	1:21:58	0:05:09	4:29:33	0:05:52	3:45:32	United States	
debd6b59-77b5-4252-ad83-9fe362f61c08	104	Simone Veale	F	F25-29	3	9:48:53	1:32:49	0:05:17	4:37:03	0:03:54	3:29:49	United States	
b2b32f4e-09bd-4551-9e87-562e74514990	105	James Russo	M	M45-49	6	9:49:18	1:07:41	0:06:49	4:49:55	0:07:11	3:37:41	United States	
fd6f11f6-d048-ee11-be6d-000d3a314329	106	Harrison Brenner	M	M30-34	13	9:49:32	1:22:47	0:08:01	4:17:38	0:07:34	3:53:32	United States	
4be762be-cff4-f011-8406-6045bd06566a	107	Elijah Sayre	M	M18-24	11	9:49:36	1:14:42	0:08:33	4:43:52	0:06:21	3:36:08	United States	
7c0fdd62-5dd9-f011-8543-000d3a5b5fc7	108	Harrison Azrak	M	M18-24	12	9:50:14	1:20:52	0:05:24	4:14:44	0:04:30	4:04:45	United States	
5e1f6634-b2cd-ef11-b8e8-000d3a5a403c	109	Yoad Hordan	M	M25-29	13	9:52:37	1:12:52	0:05:58	4:48:20	0:06:06	3:39:22	Israel	
ba2c11b6-4453-4f5b-b5f6-b4fb59e354ea	110	Jose Massella	M	M30-34	14	9:53:35	1:26:44	0:05:21	4:38:42	0:05:06	3:37:42	Guatemala	
68a4bb90-f76a-f011-bec2-0022480c097c	111	Austin Severance	M	M25-29	14	9:53:37	1:10:07	0:05:47	4:36:05	0:04:24	3:57:13	United States	
1ec8ee4c-7f9a-ee11-be37-000d3a31406e	112	Cyrille Antoine	M	M55-59	1	9:53:57	1:23:16	0:06:46	4:25:13	0:06:22	3:52:19	France	
abf7af0e-7b8d-f011-b4cc-000d3a5b50ba	113	Charley Monroe	M	M40-44	11	9:54:07	1:16:31	0:07:00	4:31:42	0:07:41	3:51:13	United States	
ac51a292-1d1e-f111-8341-0022480994c2	114	Miles Miller	M	M18-24	13	9:54:34	1:29:36	0:05:20	4:22:15	0:08:11	3:49:12	United States	
7bd4cb6d-5e5f-49eb-9527-ef5aab21e794	115	Sara Maas	F	F35-39	3	9:55:33	1:19:07	0:05:50	4:26:22	0:04:29	3:59:45	United States	
324e7e43-44f1-ef11-9342-000d3a5ae96c	116	Nate Bruno	M	M55-59	2	9:56:03	1:23:12	0:06:41	4:26:27	0:07:30	3:52:12	United States	
f99dab09-54e7-48e7-bfc1-77bc17f99916	117	Garrick Gan	M	M30-34	15	9:56:12	1:26:32	0:07:32	4:40:41	0:07:20	3:34:09	United States	
b0090dbd-4571-4dae-82d3-71fa32664595	118	Joseph Rego	M	M25-29	15	9:56:15	1:29:59	0:07:49	4:34:39	0:06:12	3:37:36	United States	
05bad946-163c-493c-9577-aeac58cfe52a	119	Daniel Shuman	M	M40-44	12	9:56:20	1:05:08	0:08:19	4:16:05	0:05:49	4:20:59	United States	
d24eee0d-79c0-ef11-b8e9-002248049fdc	120	Jared Kornetti	M	M25-29	16	9:56:37	1:23:07	0:07:01	4:34:01	0:07:06	3:45:23	United States	
f41b3b9e-0fab-409f-8034-915cc75ae16b	121	Madison Rodenstine	F	F30-34	3	9:56:51	1:15:49	0:04:28	4:25:33	0:06:17	4:04:45	United States	
3a61a69e-05fc-4d1d-9406-9810bdc5494a	122	Claus Unkel	M	M55-59	3	9:57:29	1:34:40	0:06:43	4:11:50	0:05:47	3:58:29	Germany	
2ed4f879-9e82-4887-85fb-ab56b294e785	123	Kelly Cory	F	F45-49	1	9:57:29	1:26:48	0:04:44	4:40:38	0:03:26	3:41:53	United States	
27b702fc-e44d-f011-877a-000d3a5b7c3b	124	Theo Davis	M	M25-29	17	9:57:34	1:20:20	0:08:10	4:25:09	0:05:35	3:58:20	United States	
485bb215-006d-4fb0-94b6-65378e21c17a	125	Morten Andersen	M	M50-54	2	9:59:07	1:28:51	0:07:24	4:13:46	0:05:36	4:03:30	Norway	
83cda408-9ed6-f011-8544-0022480a7385	126	Drew Addis	M	M25-29	18	9:59:27	1:15:11	0:05:27	4:29:17	0:06:43	4:02:49	United States	
49d006de-b9f8-46e8-9c18-a2ad888f3cf0	127	Leonardo Zucchetti	M	M30-34	16	9:59:55	1:29:09	0:04:22	4:47:06	0:04:57	3:34:22	Italy	
28224684-fe41-4aee-af20-1dc4aeaf9e55	128	Anders Broussard	F	F25-29	4	10:01:31	1:09:38	0:04:25	4:58:01	0:07:45	3:41:41	United States	
7281256d-097b-41b9-bee5-20eb7b039c08	129	Gabrielle Suver	F	FPRO	10	10:01:42	1:16:22	0:05:06	5:12:18	0:05:48	3:22:08	United States	
f4f779a4-27d2-f011-bbd3-000d3a5cf7d8	130	William Rice	M	M25-29	19	10:02:46	1:28:38	0:05:29	4:36:33	0:03:31	3:48:35	United States	
4fe0dfa4-fd50-ef11-a316-000d3a3b4ec1	131	Éric Lemoine	M	M45-49	7	10:03:27	1:20:15	0:04:28	4:22:59	0:04:15	4:11:30	Canada	
84dd662a-1e46-f011-877a-000d3a3173b5	132	Kourtney Brussell	F	F35-39	4	10:03:40	1:38:20	0:06:11	4:42:34	0:04:04	3:32:32	United States	
644cb748-ab53-4e37-8cec-92817aeb17c8	133	Justin Maratea	M	M25-29	20	10:03:56	1:03:48	0:04:38	4:07:17	0:03:45	4:44:29	United States	
4fdc8ca4-7a7c-f011-b4cc-6045bd09951e	134	James Nilsen	M	M18-24	14	10:04:04	1:22:28	0:06:22	4:59:42	0:06:11	3:29:21	United States	
44871dc8-f0e1-4f47-a9b8-493157464d11	135	Jessica Touve	F	F25-29	5	10:04:50	1:04:49	0:03:31	4:47:32	0:02:57	4:06:00	United States	
1e87a23c-78ed-f011-8544-00224805e61c	136	Damian Kozak	M	M25-29	21	10:05:05	1:20:36	0:04:55	4:37:57	0:05:06	3:56:31	United States	
3394d854-ced3-f011-8544-000d3a5cf7d8	137	Simeon Lovric	M	M18-24	15	10:05:27	1:29:22	0:04:25	4:45:40	0:02:52	3:43:09	United States	
39b2a9e4-9a69-4833-bec9-d9c0f67d836a	138	Jackson Isaacs	M	M35-39	13	10:06:19	1:19:17	0:06:08	4:40:19	0:06:31	3:54:03	United States	
aa254ac5-e7f5-4fe0-a6b5-2b8be565e1a6	139	Olivia Flatt	F	F18-24	1	10:07:08	1:20:27	0:04:42	4:52:28	0:04:11	3:45:19	United States	
1969e791-44e4-4ad7-b587-82120381bf6e	140	Harrison Warns	M	M25-29	22	10:07:08	1:23:06	0:07:13	5:08:54	0:05:22	3:22:34	United States	
50e3089b-9423-41a3-9f10-34bfc99ff93b	141	Jennifer Hellmuth	F	F25-29	6	10:07:32	1:18:29	0:07:20	4:24:27	0:04:49	4:12:26	Germany	
42edc1e3-475e-471e-be6b-f06ff32eddb2	142	Greg Duncan	M	M25-29	23	10:07:43	1:14:42	0:05:28	4:16:44	0:05:54	4:24:56	United States	
dd124291-d917-4143-a0be-2fa03d70987e	143	Conor Doyle	M	M40-44	13	10:08:46	1:08:51	0:05:15	4:26:16	0:05:24	4:23:00	United States	
24683c59-6ea7-49bf-bd90-87a62f24ac82	144	Ryan Koepke	M	M40-44	14	10:09:18	1:26:10	0:06:31	4:29:57	0:05:23	4:01:17	United States	
60cc5958-ab1c-4fcf-b42e-04cd1e2c848b	145	Caleb Wyninger	M	M25-29	24	10:09:45	1:00:02	0:07:47	5:14:21	0:05:23	3:42:13	United States	
9cf5c712-3632-ee11-bdf3-000d3a314c24	146	Frank Herrera	M	M40-44	15	10:10:19	1:26:17	0:04:52	4:28:12	0:04:45	4:06:11	Costa Rica	
693726e3-f5bf-4144-9b11-3f81fbd364c9	147	David Schatz	M	M45-49	8	10:10:44	1:46:43	0:08:31	4:20:16	0:05:41	3:49:33	United States	
0108ea5d-9a77-4a24-a2a3-2dabfca2edb8	148	Meghan Shue	F	F35-39	5	10:10:57	1:01:11	0:06:26	4:44:35	0:05:55	4:12:50	United States	
eb58a3bf-6f30-f011-8c4d-0022480a7385	149	Nicholas Ereno	M	M18-24	16	10:11:16	1:13:09	0:07:24	5:00:52	0:08:12	3:41:38	United States	
abd5f99c-8d05-f011-bae1-000d3a5b7c3b	150	Kenneth Yanga	M	M30-34	17	10:11:22	1:15:44	0:07:26	4:11:20	0:07:50	4:29:00	United States	
69b80857-c5e6-f011-8544-6045bd09951e	151	Jordon Sum		M25-29	25	10:11:34	1:23:35	0:07:33	4:35:31	0:06:04	3:58:51	Canada	
b5437047-c8ee-4cfa-84f0-057e85a89c21	152	Holly Koksel	F	F35-39	6	10:11:51	1:12:53	0:05:05	4:34:47	0:05:06	4:13:59	United States	
db0eeba1-ae6d-f011-bec3-000d3a35ffc1	153	Katy Parkinson	F	F25-29	7	10:12:18	1:20:36	0:04:54	5:01:27	0:05:57	3:39:24	United States	
3e53169c-a052-4ef5-a3e9-226070d853a4	154	Wesley Boer	M	M40-44	16	10:12:36	1:26:31	0:05:25	4:29:06	0:04:32	4:07:01	Netherlands	
f4fb54f2-7db6-4b2d-a251-6a4f9b9bb21c	155	Samantha Costas	F	F35-39	7	10:12:42	1:23:28	0:07:00	4:36:00	0:05:47	4:00:27	United States	
49d6d75f-98b3-4d54-a770-3d2d4c6d479b	156	Matt Clark	M	M35-39	14	10:12:48	1:17:40	0:07:16	5:02:12	0:07:26	3:38:14	United States	
8465757b-7a6e-4e3c-9668-d2ea20ad7674	157	Meghan Grant	F	FPRO	11	10:13:03	1:12:12	0:03:41	5:18:42	0:04:35	3:33:54	United States	
bce51ff5-b32b-f111-88b3-0022480b88da	158	Garrett Marcum	M	M25-29	26	10:13:21	1:22:12	0:07:04	4:38:21	0:08:46	3:56:58	United States	
3a881af8-710d-4b28-a30e-2e31d3a1b8dd	159	Greg Martinelli	M	M60-64	1	10:13:23	1:29:07	0:06:14	4:42:01	0:05:58	3:50:02	United States	
f1d99bda-b8c8-4f82-997c-bd31ff0340cd	160	Thomas Thai	M	M35-39	15	10:14:01	1:23:59	0:05:14	4:33:43	0:06:12	4:04:53	Canada	
6bf2982c-5490-411f-b46d-63b9fd4abe32	161	Andrew Willis	M	M35-39	16	10:14:22	1:25:39	0:05:14	4:54:42	0:06:16	3:42:31	United States	
0e4b18e5-8e78-4068-83d2-1d07c3447284	162	Brian Lafferty	M	M30-34	18	10:14:57	1:27:02	0:09:41	4:44:42	0:07:53	3:45:40	United States	
cd6f9a80-89b4-e511-940c-005056951bf1	163	Nathan Brown	M	M35-39	17	10:15:00	1:09:23	0:04:46	4:26:51	0:05:47	4:28:12	United States	
558694f2-5812-40d8-9f35-de7324614e4c	164	Libor Vanicek	M	M55-59	4	10:16:28	1:30:36	0:07:18	4:34:52	0:05:12	3:58:29	Czech Republic	
5b65e64a-fa12-492c-8756-0e30655a1872	165	Kirsten Ward	F	F30-34	4	10:17:36	1:23:01	0:06:40	4:45:32	0:08:09	3:54:14	United States	
ee785ecc-1093-f011-b4cc-6045bd05fcc1	166	Ryan Keleher	M	M40-44	17	10:17:59	1:33:15	0:09:12	4:38:38	0:05:32	3:51:22	United States	
28ddded2-68fd-4c3b-8b2a-966c1b3eb3c0	167	Peter Bosworth	M	M30-34	19	10:18:02	1:15:09	0:06:16	4:16:10	0:05:25	4:35:01	United States	
cac16fef-853e-4b5c-8444-4005297d2801	168	Max Schettewi	M	M25-29	27	10:18:11	1:14:35	0:04:36	4:13:09	0:03:21	4:42:30	United States	
c5842303-8118-49aa-a215-6c4f4482054c	169	Kevin Schwartz	M	M60-64	2	10:18:53	1:14:11	0:07:57	4:56:11	0:10:15	3:50:19	United States	
7b384901-fe87-4799-835b-3c85cc709fd9	170	Alonso Marchinski	M	M35-39	18	10:19:45	1:07:47	0:07:06	4:32:54	0:04:58	4:27:00	United States	
bbde1f56-df8e-ef11-ac21-000d3a338a3c	171	Aaron Payne	M	M40-44	18	10:21:02	1:06:35	0:06:15	4:54:33	0:06:09	4:07:31	United States	
427d117e-9411-f011-9988-6045bd05fcc1	172	Christopher Mandrino	M	M40-44	19	10:21:03	1:27:22	0:06:37	4:44:43	0:06:20	3:56:01	United States	
e94c8c13-f9a8-438d-9e9c-a9051b896522	173	Jonathan Compas	M	M40-44	20	10:22:59	1:11:46	0:06:13	4:34:54	0:06:11	4:23:55	United States	
9df738d1-9f65-4a1d-953c-8f7bf5855ede	174	Christopher Azzopardi	M	M45-49	9	10:23:32	1:26:24	0:07:21	4:24:00	0:06:11	4:19:36	Malta	
b492efb0-65f5-f011-8406-0022480b88da	175	Jacob Ferman	M	M25-29	28	10:24:27	1:27:32	0:09:55	4:47:51	0:06:12	3:52:57	Cocos Islands	
c3ab09c3-a1e5-f011-8544-000d3a5cf7d8	176	David Foust	M	M18-24	17	10:24:36	1:22:54	0:05:36	4:29:09	0:04:26	4:22:32	United States	
73ee4988-bd7c-41b3-8e8d-feb0ffee0818	177	Sean Ozyazgan	M	M25-29	29	10:25:06	1:22:49	0:03:56	4:46:23	0:07:18	4:04:40	United States	
8bfa9c21-eb54-4263-bd7f-5865b5373094	178	Jonathan Zimmerman	M	M40-44	21	10:25:24	1:27:59	0:07:22	4:16:20	0:06:34	4:27:09	United States	
52ddff46-d574-47c2-ab97-601b3a886bcb	179	Megan Bernard	F	F30-34	5	10:25:29	1:36:13	0:06:10	4:36:07	0:03:59	4:03:00	United States	
9f2b00fd-662e-421d-b6c2-cb072766251c	180	Cameron Upshaw	M	M30-34	20	10:25:40	1:27:17	0:05:44	4:59:50	0:07:40	3:45:09	United States	
1625ec55-0be7-4e1f-8251-2cc42b884323	181	Colton Brown	M	M25-29	30	10:26:50	1:26:40	0:06:37	4:49:37	0:07:28	3:56:29	United States	
72cf1fcc-4eb7-f011-bbd3-000d3a5b50ba	182	Thomas Noonan	M	M18-24	18	10:26:55	1:15:35	0:06:01	4:43:53	0:06:15	4:15:13	United States	
04cdadc1-c3d6-40c8-a742-1af8dd2aa145	183	Diego Ibarra	M	M25-29	31	10:26:59	1:29:10	0:08:45	4:45:03	0:05:54	3:58:06	El Salvador	
37d63e4f-3476-f111-ab0e-7ced8d3be0d3	184	Ash Adams	M	M40-44	22	10:27:04	1:32:59	0:10:24	5:02:39	0:06:26	3:34:36	United States	
a1d1c60b-e381-43a7-b294-b06a09fd6b7f	185	Charlie Proctor	M	M18-24	19	10:27:21	1:23:21	0:08:05	4:14:58	0:08:08	4:32:49	United States	
dd972d84-41d4-ef11-8ee9-6045bd088264	186	Connor Smalley	M	M18-24	20	10:27:24	1:32:38	0:08:49	4:33:38	0:08:19	4:04:01	United States	
dd5a74be-70c3-f011-bbd3-000d3a5b50ba	187	Christopher Kinsella	M	M18-24	21	10:28:27	1:06:30	0:06:47	4:50:23	0:05:44	4:19:03	United States	
5532081e-a5ab-4c7d-bee0-a581234d93f5	188	Brooke McGrath	F	F40-44	3	10:28:34	1:21:50	0:05:54	4:43:14	0:05:32	4:12:04	United States	
36c31f46-2540-41f9-81cf-2a1a3183d4d6	189	Dewitt Revels	M	M45-49	10	10:28:46	1:40:11	0:09:53	4:29:16	0:08:50	4:00:37	United States	
2826e531-7276-4ee1-bbc4-b5714cf36e08	190	Andres Gallego	M	M35-39	19	10:29:05	1:34:11	0:03:36	4:21:39	0:05:22	4:24:17	Colombia	
c922b94c-d8e4-f011-8544-000d3a35ffc1	191	Brent Lewis	M	M55-59	5	10:29:11	1:31:37	0:07:21	4:19:38	0:06:31	4:24:04	United States	
0c636ad9-3afd-f011-8406-0022480994c2	192	Vincent Kahng	M	M18-24	22	10:30:16	1:07:57	0:08:49	4:47:17	0:05:55	4:20:18	United States	
f8928789-f149-4164-83d6-72768e9a6ce7	193	Lorenzo Granata	M	M30-34	21	10:30:40	1:24:46	0:07:37	4:50:30	0:09:01	3:58:47	Italy	
d51a070e-1a34-4114-8ad5-9bbb0ff07e3b	194	Lito Michaelidou	F	F25-29	8	10:31:26	1:30:01	0:06:52	4:57:01	0:07:53	3:49:39	Cyprus	
20621308-3ce9-4d36-9db9-4f092fa7c89e	195	David Scott	M	M60-64	3	10:32:35	1:23:12	0:07:11	4:36:22	0:05:16	4:20:34	United States	
682d340f-66c9-f011-bbd3-6045bd09951e	196	Sebastian Cowan	M	M18-24	23	10:32:51	1:14:02	0:04:59	4:32:32	0:06:28	4:34:50	United States	
05c21c99-8bf9-ed11-8849-000d3a31406e	197	Kaique Carneiro Rodrigues	M	M25-29	32	10:33:02	0:58:09	0:03:59	3:53:00	0:04:31	5:33:23	Brazil	
eb492396-f392-423d-b913-23c0d675daeb	198	NAYARA MAGESTE	F	F35-39	8	10:34:19	1:30:06	0:08:27	4:48:20	0:08:20	3:59:07	Brazil	
ec4cc39a-ef38-f111-88b3-6045bd08b1a2	199	Asha Marwaha	F	F18-24	2	10:34:44	1:21:57	0:06:17	4:58:54	0:09:39	3:57:57	United States	
0569d27e-3535-f111-88b4-0022480b88da	200	Jing Seto	M	M18-24	24	10:34:44	1:29:50	0:06:33	5:05:26	0:04:50	3:48:06	United States	
688cb483-cac5-427e-ac60-9682d9c8f790	201	Alba Gaona	F	F45-49	2	10:35:00	1:29:55	0:05:38	4:52:46	0:05:40	4:01:00	Paraguay	
bb661c1f-0f41-472d-a38e-3923e845ab06	202	Ryan Eisel	M	M18-24	25	10:35:18	1:06:51	0:07:06	4:22:01	0:07:17	4:52:04	United States	
dff39f1c-49f3-f011-8407-0022480c370f	203	Michael McGrath	M	M18-24	26	10:35:44	1:04:13	0:08:38	5:48:02	0:08:11	3:26:39	United States	
2bef1d95-3594-40d3-804d-8c753e91369d	204	Pearce Kieser	M	M25-29	33	10:36:08	1:06:07	0:09:47	4:54:50	0:07:16	4:18:08	United States	
cc1e4777-00f3-49c9-afa1-243035a07229	205	John Schneider	M	M60-64	4	10:36:17	1:08:28	0:06:42	4:49:25	0:06:40	4:25:02	United States	
118d4352-5ff9-f011-8406-002248046ec8	206	Owen Kelly	M	M25-29	34	10:36:24	1:03:48	0:05:00	4:41:50	0:04:57	4:40:50	United States	
7cdee794-d7ce-4661-8ff6-d50e9aacb680	207	Sasha Burton	F	F25-29	9	10:36:34	1:18:57	0:05:17	4:25:51	0:05:07	4:41:21	United States	
2c2653ba-2869-f111-a826-0022480994c2	208	Victoria Heiligenthal	F	F25-29	10	10:37:07	1:25:51	0:11:55	5:24:41	0:12:01	3:22:39	United States	
e9dd4770-1842-4a4f-823f-6fdb800bde6a	209	Alex Korine	M	M30-34	22	10:37:52	1:31:33	0:08:35	4:40:36	0:06:14	4:10:55	United States	
340bf6b9-c308-48b3-a79f-2402a3d4b59d	210	Jamie Goldenberg	M	M30-34	23	10:38:11	1:20:18	0:05:35	5:03:37	0:06:14	4:02:26	United States	
09d64da7-aad9-ef11-8ee9-6045bd088264	211	Simon Bahena	M	M25-29	35	10:38:16	1:24:12	0:04:52	4:30:27	0:05:46	4:32:58	United States	
84c268c7-8869-f111-a825-6045bd06566a	212	Vincent Kilpatrick	M	M18-24	27	10:38:16	1:22:30	0:04:42	5:12:14	0:07:10	3:51:40	United States	
473891bc-78d0-ef11-b8e8-000d3a5a403c	213	Brayden Thompson	M	M18-24	28	10:39:16	1:24:15	0:09:38	4:48:16	0:09:08	4:07:59	Canada	
7bc32bf8-334b-465b-954f-d9f1e6f3b118	214	Michael Marquardt	M	M40-44	23	10:39:23	1:17:40	0:06:12	4:39:17	0:06:51	4:29:22	United States	
58fce9dc-cc34-f011-8c4e-000d3a5b7c3b	215	Emilio Fernandez	M	M18-24	29	10:39:47	1:13:48	0:07:53	5:04:03	0:07:36	4:06:28	Puerto Rico	
aca726e1-541b-f111-8341-0022480b35b6	216	Hayden Rue	M	M18-24	30	10:40:10	1:17:24	0:04:31	5:04:26	0:08:54	4:04:55	United States	
22672ce9-cf36-f111-88b4-002248046ec8	217	Diego Guerrero	M	M25-29	36	10:40:12	1:33:02	0:11:26	4:45:34	0:09:48	4:00:22	United States	
5581382f-5bed-f011-8544-0022480a3d1e	218	Sophia Blunk	F	F18-24	3	10:40:31	1:20:39	0:04:32	4:52:26	0:03:45	4:19:09	United States	
818a7636-2047-f111-bec5-6045bd06566a	219	Mark Morgan		M35-39	20	10:40:58	1:22:07	0:07:09	5:01:40	0:05:45	4:04:16	United States	
10872e68-8ea1-f011-bbd3-6045bd05fcc1	220	Andy Kung	M	M30-34	24	10:41:30	1:32:13	0:06:19	5:07:48	0:06:22	3:48:47	United States	
f711fc3e-ad59-f011-bec2-000d3a5cf7d8	221	Alex Shakibnia	M	M40-44	24	10:41:52	1:14:26	0:07:59	4:55:04	0:09:10	4:15:13	United States	
c0bc828d-51ca-f011-bbd3-000d3a5b50ba	222	Tom Dinzeo	M	M50-54	3	10:42:08	1:41:40	0:08:53	4:53:53	0:09:52	3:47:49	United States	
70225323-c0a3-f011-bbd3-6045bd05fcc1	223	Felipe Remon	M	M18-24	31	10:42:30	1:14:48	0:06:27	4:53:32	0:06:59	4:20:44	United States	
c20f7e5b-8d3e-4483-be4e-327f02b64762	224	Ivan Chumachenko	M	M40-44	25	10:42:32	1:26:11	0:08:16	4:49:33	0:08:01	4:10:31	United States	
9ce54cfa-3c78-4b39-a32b-ea7761f0f320	225	Jack Simon	M	M25-29	37	10:43:07	1:26:15	0:05:20	4:48:19	0:09:11	4:14:02	United States	
b4969d9f-4653-4062-aca7-a1ee96caa425	226	Taylor Cox	M	M40-44	26	10:43:27	1:29:37	0:06:29	4:43:24	0:05:00	4:18:58	United States	
8cc168bf-f3eb-4063-af2d-d8374563ada1	227	Renee Kunnen	F	F40-44	4	10:43:38	1:22:11	0:05:53	4:48:36	0:06:45	4:20:14	United States	
a8814377-6ff1-4811-9613-7af223cd3cd4	228	John Bond	M	M30-34	25	10:43:43	1:04:06	0:05:19	4:52:52	0:05:41	4:35:45	United States	
709a86f6-71d2-ee11-9079-000d3a314c24	229	David DeHaven	M	M50-54	4	10:43:58	1:35:07	0:06:05	4:37:06	0:05:34	4:20:05	United States	
9b3a457b-98d9-ef11-8ee9-6045bd018d16	230	Oleksandr Bron	M	M35-39	21	10:44:19	1:23:38	0:06:46	4:48:43	0:06:54	4:18:19	Ukraine	
d657bd26-5f24-4031-b6df-ee5c1637b044	231	Phillip Cyphers	M	M35-39	22	10:44:54	1:21:51	0:09:31	4:44:21	0:08:22	4:20:48	United States	
e561f786-fd35-4cce-aad1-ea6e94aa33f2	232	Dennis Breen	M	M55-59	6	10:44:58	1:29:44	0:06:30	4:36:29	0:07:16	4:24:58	United States	
08a9a8f6-3a50-4056-b4e9-9f15d461c938	233	Daniel Bullis	M	M60-64	5	10:45:22	1:11:33	0:08:00	4:49:12	0:06:34	4:30:02	United States	
fe83dbc8-026e-4e6b-aace-24ee5a9975d1	234	Brian Boyle	M	M40-44	27	10:45:57	1:26:21	0:07:14	5:04:17	0:04:41	4:03:24	United States	
7b2c6d72-db14-4011-986a-9d21e9d94a90	235	Nick Stephens	M	M30-34	26	10:46:21	1:26:18	0:08:39	4:38:22	0:07:42	4:25:19	United States	
61139d90-73fc-f011-8406-0022480b3a8e	236	Drew Rhodes	M	M25-29	38	10:46:46	1:15:10	0:07:57	4:58:19	0:06:20	4:19:00	United States	
79b2d3a9-27ec-f011-8544-6045bd09fcf5	237	Patrick Kelly	M	M25-29	39	10:46:50	1:28:38	0:09:15	5:06:51	0:06:35	3:55:32	United States	
af20e100-831b-4fba-bf0e-0e5edd7b9187	238	Mitchell Lauria	M	M25-29	40	10:47:25	1:20:47	0:07:21	5:01:35	0:05:44	4:11:57	United States	
b773604d-6a56-4a1e-b9be-7b82ce1d3a56	239	Elise De Francesco	F	F30-34	6	10:47:57	1:19:34	0:06:33	4:46:53	0:13:46	4:21:11	Canada	
96ffa025-df39-41d1-8530-166ea575fc62	240	Natalie Rice	F	F40-44	5	10:48:01	1:24:12	0:07:32	5:19:49	0:06:31	3:49:57	United States	
1de7f3c7-1b5c-f011-bec2-000d3a3173b5	241	Michael Rogerson	M	M18-24	32	10:48:10	1:14:44	0:07:43	4:55:59	0:05:54	4:23:49	United States	
4330e736-0819-f111-8341-0022480b35b6	242	Cannen Harlow	M	M18-24	33	10:49:29	1:17:07	0:05:06	4:49:27	0:05:28	4:32:22	United States	
af388fab-8e37-f011-8c4e-000d3a5cf7d8	243	Tommy Simpson	M	M18-24	34	10:49:46	1:25:35	0:15:51	5:05:49	0:06:49	3:55:43	United States	
438603b1-bc94-ef11-8a6a-000d3a59a9a1	244	Ethan Hochstetler	M	M18-24	35	10:50:04	1:19:56	0:07:52	4:37:49	0:09:26	4:35:01	United States	
d3242b16-7e32-f011-8c4d-000d3a35ffc1	245	Michael Anderson	M	M18-24	36	10:50:09	1:07:57	0:03:16	5:14:32	0:04:48	4:19:35	United States	
58476be5-4c33-4971-a546-6c67c17d421b	246	Oksana Loi	F	F30-34	7	10:50:18	1:27:17	0:04:15	5:16:43	0:05:09	3:56:55	Ukraine	
aea95f10-80f8-ef11-9341-000d3a5ae96c	247	James Mcguire	M	M30-34	27	10:50:26	1:28:32	0:07:33	4:58:52	0:06:45	4:08:45	United States	
85d04584-a7f9-40d3-8913-3d00649d641b	248	Drew Karpen	M	M25-29	41	10:51:06	1:25:46	0:06:10	4:22:47	0:06:06	4:50:17	United States	
e2cc3998-dea4-ee11-be37-000d3a5ca14e	249	Sammy Semia	M	M30-34	28	10:51:48	1:24:34	0:08:48	4:36:23	0:06:18	4:35:45	United States	
382a0ae9-8b96-493b-815c-3b6275a8647c	250	Ido Heller	M	M40-44	28	10:51:54	1:23:41	0:07:09	5:21:04	0:05:51	3:54:08	Israel	
da0963c9-f261-4f87-8565-9b89308fd055	251	Zach Junkin	M	M35-39	23	10:52:09	1:22:32	0:10:04	5:04:55	0:10:30	4:04:09	United States	
ee802adb-37c9-4804-ad84-f0ad42759127	252	Benedikt Barthel	M	M30-34	29	10:52:10	1:25:28	0:05:27	4:14:13	0:03:57	5:03:06	United States	
cceb39dd-a0f4-f011-8406-0022480994c2	253	Alex Simaitis	M	M25-29	42	10:52:25	1:23:17	0:07:03	5:01:48	0:06:47	4:13:30	United States	
22153776-93cd-f011-bbd2-000d3a5b5fc7	254	Tyler McClimans	M	M30-34	30	10:52:31	1:26:16	0:06:28	4:35:56	0:05:13	4:38:38	United States	
4c3b47b4-a420-f011-998a-6045bd05fcc1	255	Brian Beasley	M	M40-44	29	10:52:39	1:29:27	0:06:12	4:40:08	0:07:57	4:28:55	United States	
67a5857c-da61-f111-a826-002248046ec8	256	Adam Lee	M	M18-24	37	10:52:59	1:38:06	0:07:29	5:26:10	0:05:00	3:36:14	United States	
fb5ba51d-6d5c-494c-969a-534e338432c4	257	Steven Gia Yupang	M	M25-29	43	10:53:09	1:22:08	0:15:27	4:50:48	0:10:59	4:13:46	Brazil	
3f09df01-1c38-413c-a5e0-9ea370b0e799	258	Rob Scherer	M	M35-39	24	10:53:12	1:22:53	0:05:42	4:49:49	0:07:32	4:27:16	United States	
345525a3-ee8f-ef11-ac21-000d3a338a3c	259	Nathaniel Tyrell	M	M25-29	44	10:53:19	1:01:13	0:10:02	4:53:43	0:11:30	4:36:51	Saint Kitts & Nevis	
f90566f2-db9f-4225-b933-f501117fd20b	260	Michael Courson	M	M35-39	25	10:53:45	1:17:20	0:04:56	5:01:45	0:06:44	4:22:59	United States	
78a3b788-1bc2-44a3-9cc2-7e353be41e6d	261	Rick Malo	M	M55-59	7	10:53:54	1:25:26	0:09:31	4:28:19	0:07:45	4:42:53	United States	
93aa6f18-35dd-f011-8544-000d3a5b50ba	262	JOSHUA BARON	M	M30-34	31	10:54:00	1:28:33	0:07:09	4:52:07	0:05:15	4:20:57	Canada	
9b122027-2138-f111-88b3-6045bd0882bb	263	Kasey Broers	M	M18-24	38	10:54:36	1:19:41	0:15:01	5:01:06	0:09:10	4:09:38	United States	
e80c0e21-2238-f111-88b3-000d3a3b65b1	264	Boaz Kim	M	M18-24	39	10:54:41	1:26:07	0:08:41	5:01:21	0:08:55	4:09:37	United States	
db307ad5-c628-4eec-b9a1-e1c2dfaa544a	265	Keyton Macinnis	M	M18-24	40	10:54:43	1:13:24	0:04:03	5:13:07	0:06:01	4:18:08	United States	
889bafdd-b93e-f111-88b4-0022480994c2	266	Henry Gemerek	M	M18-24	41	10:54:49	1:21:25	0:08:55	5:15:55	0:06:32	4:02:02	United States	
521af02b-d985-4e04-bf1d-7f853ad80a37	267	Dougin Walker	M	M60-64	6	10:55:04	1:00:24	0:28:54	4:58:20	0:10:28	4:16:57	United States	
3ca4e4e8-cb3b-4b47-8568-9c4c4d3bf10c	268	R Stephen Stigall	M	M55-59	8	10:55:12	1:15:40	0:06:07	4:39:23	0:06:39	4:47:24	United States	
19a25124-9be1-40b3-87a4-200f9bff3d08	269	Ryan Grubb	M	M45-49	11	10:55:14	1:26:10	0:06:19	4:29:34	0:04:36	4:48:36	United States	
b0b262bf-1479-4e53-aa48-e7669dcfc72e	270	Joseph Hyland	M	M30-34	32	10:55:27	1:38:40	0:05:50	4:20:11	0:06:08	4:44:38	Canada	
0a392303-6e8e-f011-b4cc-6045bd09951e	271	Kyle Zhou	M	M18-24	42	10:55:39	1:28:41	0:06:06	5:23:39	0:05:55	3:51:17	United States	
e1d8c3fe-3649-f111-bec5-6045bd06566a	272	Simon Gallagher	M	M40-44	30	10:55:42	1:10:09	0:07:32	4:47:18	0:10:12	4:40:31	United Kingdom	
897c7941-3088-40c3-8325-4653503cd93d	273	Justin Kirk	M	M45-49	12	10:55:43	1:26:57	0:06:06	4:55:06	0:06:08	4:21:25	United States	
c1a1b477-95f1-f011-8407-0022480b738e	274	Max Hagans	M	M18-24	43	10:55:54	1:27:51	0:07:17	5:15:04	0:07:23	3:58:20	United States	
d11b9a9f-97cd-47cc-90d7-3382668840e1	275	Allyce Mcwhorter	F	F35-39	9	10:55:57	1:12:26	0:04:25	5:15:16	0:05:35	4:18:15	United States	
b8ecbd24-8359-4132-99c2-260e8842ea8a	276	Michael Steinly	M	M40-44	31	10:56:31	1:27:59	0:05:51	4:27:57	0:12:33	4:42:12	United States	
8145a583-6b3c-413a-bed9-3708175bfb76	277	Sean Henry	M	M40-44	32	10:57:18	1:30:01	0:14:29	5:14:15	0:08:08	3:50:25	United States	
643954af-8ceb-47d2-9794-ffd084633d95	278	Ryan Jacobs	M	M30-34	33	10:57:21	1:25:48	0:17:46	5:11:06	0:14:20	3:48:21	United States	
95e7559d-f5b1-f011-bbd3-0022480a7385	279	Abby Loyd	F	F25-29	11	10:57:21	1:13:13	0:06:06	5:18:06	0:09:04	4:10:52	United States	
7db08559-ff13-f111-8341-000d3a300d85	280	Jacob Schellhous	M	M18-24	44	10:57:43	1:31:25	0:04:06	5:02:10	0:06:45	4:13:17	United States	
5b1a787c-7c3b-44dd-84c2-9d03ef44021b	281	Rajbir Singh Josan	M	M40-44	33	10:57:53	1:37:21	0:08:00	5:03:40	0:07:08	4:01:43	United Kingdom	
b62aaf23-ec90-f111-8077-6045bd08b1a2	282	Roie Tal	F	F18-24	4	10:57:59	1:34:52	0:06:05	5:01:09	0:04:54	4:11:00	Israel	
d2f6126c-7e70-4c9b-be29-700b77e6c705	283	Carolina Quiroga	F	F45-49	3	10:58:10	1:34:06	0:07:03	4:47:01	0:06:47	4:23:13	United States	
671c2d92-89de-ef11-8eea-000d3a5ae96c	284	Tyler Corbo	M	M30-34	34	10:58:14	1:24:27	0:08:35	5:02:52	0:07:07	4:15:12	United States	
5d3b59af-b433-4a34-aaf0-7fcabe3b2a48	285	Scott Padgett	M	M40-44	34	10:58:38	1:21:15	0:05:10	4:38:20	0:05:11	4:48:41	United States	
bbe730d9-e578-4da5-88e6-89548b8a2c71	286	Lauren Brown	F	F40-44	6	10:59:26	1:26:19	0:05:23	4:56:41	0:05:29	4:25:35	United States	
caf41dfc-3608-f011-bae2-000d3a5b7c3b	287	Brandon Raudenbush	M	M25-29	45	10:59:27	1:32:26	0:08:34	4:57:04	0:06:46	4:14:37	United States	
a76e6738-a818-f111-8341-6045bd08b1a2	288	Bradford Woodhouse	M	M18-24	45	10:59:44	1:25:37	0:07:29	5:05:50	0:08:49	4:11:58	United States	
727fffb7-acd9-ee11-904d-000d3a314329	289	Matt Eikenberg	M	M40-44	35	11:00:36	1:31:06	0:06:18	4:47:05	0:06:13	4:29:55	United States	
d65e71f6-9c52-47f2-aa5e-5b487efaaa7f	290	Sarah Karpinski	F	FPRO	12	11:00:39	1:21:44	0:04:54	5:25:40	0:05:22	4:02:59	United States	
f3dec3d2-5679-4f01-a68b-58aa1942f7b5	291	Benjamin Koziner	M	M18-24	46	11:00:39	1:33:34	0:07:23	4:45:22	0:06:56	4:27:24	United States	
02245c64-aa95-f111-8075-7ced8d6ecc26	292	Samuel Collingwood	M	M18-24	47	11:00:53	1:04:24	0:08:08	5:27:30	0:09:44	4:11:06	United States	
5adcacd1-7dfa-4a9e-984f-e0ec7ca906bb	293	Ryan Donnelly	M	M30-34	35	11:00:53	1:33:16	0:11:15	5:05:24	0:11:40	3:59:19	United States	
27b4f9b6-827f-f011-b4cc-000d3a5b50ba	294	Robert Williams	M	M40-44	36	11:00:54	1:32:11	0:08:36	4:39:42	0:06:20	4:34:06	United Kingdom	
f2406497-c513-4d64-a76d-d844e7177435	295	James PALLITTO	M	M40-44	37	11:01:24	1:32:02	0:10:27	5:17:26	0:05:22	3:56:08	United States	
8c13e271-35fc-440f-b743-114c7832d911	296	Brant Pittman	M	M25-29	46	11:01:40	1:27:13	0:06:31	5:23:51	0:06:26	3:57:39	United States	
2eb8184c-b380-4eb8-930d-4cac08af54f0	297	Michelle Nunez	F	F50-54	1	11:02:20	1:42:20	0:07:38	4:49:28	0:08:42	4:14:12	United States	
5751bd86-67c7-e911-a99f-000d3a34e641	298	Marin Markov	M	M45-49	13	11:02:43	1:31:36	0:09:43	5:04:53	0:08:47	4:07:45	Bulgaria	
d571cc60-1588-f011-b4cc-0022480a7385	299	Kimiko Marinacci	F	F25-29	12	11:03:21	1:29:41	0:10:30	4:57:56	0:08:44	4:16:31	Canada	
f7f1094d-319a-4f36-b5c5-d17daa568ae2	300	Malachi Seib	M	M25-29	47	11:03:21	1:18:23	0:05:10	4:13:54	0:05:55	5:20:00	United States	
6d45ef8e-e91a-47f8-87d8-2a58ef964b3e	301	Herbie Reeves	M	M60-64	7	11:03:45	1:14:59	0:08:24	4:55:31	0:09:28	4:35:22	United States	
1d0d37cb-efeb-f011-8544-6045bd09951e	302	Sjon Mulder	M	M45-49	14	11:04:15	1:39:38	0:10:49	4:47:58	0:07:05	4:18:45	Netherlands	
305aad0e-958c-ef11-ac21-002248049fdc	303	Sean Morin	M	M40-44	38	11:04:20	1:29:42	0:06:03	4:39:06	0:06:59	4:42:30	United States	
7396d60f-d103-4f83-92a6-fb7357e114cc	304	Junho Lee	M	M40-44	39	11:04:32	1:17:13	0:05:53	4:51:59	0:08:25	4:41:02	South Korea	
9b0d2f0a-9261-43d4-b121-36d50116b700	305	Dominique Thuot	M	M45-49	15	11:04:43	1:17:32	0:06:30	4:48:32	0:06:03	4:46:06	Canada	
fde00fc1-c88c-43a6-a234-220ce313d18b	306	Peter Conti-Brown	M	M45-49	16	11:04:47	1:44:15	0:09:06	4:32:33	0:06:54	4:31:58	United States	
66eb6432-784f-4439-b891-dd1551d8e48a	307	Carl Girouard	M	M50-54	5	11:04:52	1:25:20	0:08:42	4:34:39	0:05:19	4:50:52	Canada	
d995da67-1aa4-ee11-be37-000d3a314c24	308	Kenneth Moore III	M	M25-29	48	11:05:35	1:18:10	0:06:07	5:04:53	0:06:42	4:29:43	United States	
30458157-a189-4b42-8832-29bbdf528f8e	309	Adam Sierakowski	M	M35-39	26	11:05:53	1:14:49	0:03:56	4:41:15	0:04:56	5:00:57	United States	
641169c4-9367-f011-bec3-000d3a5b50ba	310	Alp Guneri	M	M18-24	48	11:05:54	1:26:55	0:11:31	5:18:10	0:04:58	4:04:20	Turkey	
8d0b0c90-4fdd-f011-8543-000d3a5b5fc7	311	Chris Wingard	M	M40-44	40	11:06:06	1:28:11	0:08:49	5:03:45	0:09:47	4:15:34	United States	
b1440b04-702a-4afe-89cc-e72a6d18e1f0	312	Dillon Bradshaw	M	M30-34	36	11:06:11	1:41:53	0:08:44	4:52:22	0:08:12	4:15:00	United States	
ba3991b8-6d8d-4df1-9b4e-3ccc60714527	313	Mariana Gonzalez Barragan	F	F25-29	13	11:06:35	1:18:00	0:07:01	5:19:43	0:05:58	4:15:54	Mexico	
b11cec25-2ed3-4528-b4d4-a1106fc2fad9	314	Robert Mccallum	M	M55-59	9	11:06:41	1:21:17	0:09:24	5:13:43	0:09:51	4:12:26	United States	
551291ae-8721-f011-998a-000d3a3173b5	315	James O'Toole	M	M30-34	37	11:06:45	1:14:51	0:10:19	4:47:36	0:11:02	4:42:57	United States	
112d876c-3e23-f111-8341-0022480b84a3	316	Charlotte Ryder	F	F18-24	5	11:07:05	1:16:10	0:06:59	5:00:54	0:07:03	4:35:59	United States	
729e42a3-8fd0-ef11-b8e9-000d3a5a1803	317	Michael Higgins	M	M25-29	49	11:07:15	1:12:30	0:04:07	5:17:41	0:04:26	4:28:30	United States	
b4f3f7aa-a665-f111-a825-6045bd07208e	318	Maxwell Meland	M	M25-29	50	11:07:20	1:18:31	0:11:59	5:01:36	0:12:57	4:22:17	United States	
b30147c7-a3c9-f011-bbd3-6045bd05fcc1	319	Max Merklinger	M	M18-24	49	11:07:28	1:18:42	0:05:51	5:03:22	0:07:36	4:31:57	United States	
4d3287f3-0874-4c4c-93a3-e174f7b9db6f	320	Caitlin Thompson	F	F35-39	10	11:08:00	1:21:34	0:06:10	4:36:11	0:07:30	4:56:35	United States	
82d348e5-22e3-f011-8544-0022480c097c	321	Addison Reeves	F	F25-29	14	11:08:07	1:25:35	0:07:10	4:55:34	0:07:20	4:32:29	United States	
7dfc2ea5-5c70-4400-88af-45564ebe7fe5	322	Eric Li	M	M55-59	10	11:08:20	1:32:52	0:07:43	4:53:19	0:06:33	4:27:53	Taiwan	
3fe5b40c-0a43-f011-b4cb-6045bd05fcc1	323	Dominic Feightner	M	M25-29	51	11:08:30	1:30:53	0:07:57	4:40:17	0:09:21	4:40:02	United States	
da3133ef-1b78-4fa5-bf59-5fec88d68586	324	Steven Moody	M	M50-54	6	11:08:43	1:39:32	0:06:37	4:44:41	0:10:07	4:27:47	Ireland	
0b513ddf-4282-4658-a5e4-bbaca9db71a0	325	Bill Brundage	M	M50-54	7	11:08:44	1:18:04	0:05:51	5:02:40	0:06:28	4:35:42	United States	
87f3f9ee-6530-ef11-8409-6045bd0953ac	326	Kenneth Weitzman	M	M30-34	38	11:08:49	1:22:03	0:06:09	4:50:16	0:06:40	4:43:41	United States	
af818d29-1c88-f011-b4cc-000d3a5b50ba	327	Emika Marinacci	F	F30-34	8	11:08:49	1:37:54	0:09:39	5:20:25	0:08:43	3:52:07	Canada	
fbef95da-bec1-f011-bbd3-000d3a35ffc1	328	Garrett Crownover	M	M18-24	50	11:08:52	1:08:32	0:05:41	5:02:32	0:05:38	4:46:28	United States	
74be15ea-e0bc-ef11-b8e8-000d3a5a403c	329	Caleb Shulman	M	M25-29	52	11:08:53	1:32:26	0:09:10	4:55:05	0:08:00	4:24:13	United States	
78cab24f-7097-f111-8076-6045bd06566a	330	Kellan La Belle	M	M18-24	51	11:08:56	1:29:08	0:07:47	5:12:39	0:07:05	4:12:18	United States	
e6a99cb4-96f4-4199-8161-e176d7b33ba6	331	Barrett Pittman	M	M25-29	53	11:08:57	1:11:38	0:11:32	5:28:11	0:13:19	4:04:18	United States	
e1afb05c-1f21-f111-8341-0022480b88da	332	Neave Anderson	F	F18-24	6	11:09:15	1:25:40	0:10:32	5:12:48	0:09:15	4:10:59	United States	
e093d676-8720-46ee-b532-5b0922453a1f	333	Amanda Jett	F	F35-39	11	11:09:32	1:41:59	0:05:14	5:02:12	0:04:38	4:15:28	United States	
c267e838-aef3-ef11-9342-000d3a5a1803	334	Connor McAndris	M	M18-24	52	11:09:34	1:14:01	0:09:05	4:47:20	0:07:00	4:52:07	United States	
af132ded-0c06-f111-8406-0022480a5755	335	Zander Johnson	M	M18-24	53	11:09:53	1:17:27	0:06:18	4:31:10	0:05:20	5:09:38	United States	
6a70c621-8b1e-4331-903a-ebb79f75ace0	336	Janna Perry	F	F55-59	2	11:09:58	1:33:03	0:08:36	5:07:50	0:08:06	4:12:23	United States	
928c0da1-c74b-4786-ae37-dbd79ab08dce	337	Mandy Fisher	F	F45-49	4	11:10:17	1:25:54	0:06:11	4:55:36	0:05:59	4:36:37	United States	
4aa13a01-0f10-4539-ba21-0b1b185c558c	338	Nathan Soltes	M	M18-24	54	11:10:31	1:25:54	0:06:26	4:49:34	0:06:19	4:42:17	United States	
66c906a1-45bb-ef11-b8e9-000d3a5a1803	339	Brenda Johnson	F	F35-39	12	11:10:34	1:12:31	0:05:44	4:54:08	0:09:01	4:49:09	United States	
3c72022d-279d-4a82-b92d-ecfb3fb9994e	340	Jason Resch	M	M40-44	41	11:10:46	1:18:55	0:04:29	4:23:19	0:04:39	5:19:24	United States	
97113ed8-2d95-4493-9658-97d4c2e7f605	341	Christian Graber	M	M25-29	54	11:10:53	1:21:42	0:06:50	4:53:25	0:06:41	4:42:15	United States	
0c078bda-d318-f011-998a-000d3a35ffc1	342	Kasey Baumgart	M	M25-29	55	11:11:04	1:18:24	0:05:03	5:04:16	0:05:12	4:38:08	United States	
cceb6231-50fa-ed11-8849-000d3a31406e	343	Brett Hadden	M	M50-54	8	11:11:38	1:31:14	0:10:29	4:43:28	0:11:53	4:34:34	United States	
2085db40-2755-f111-bec6-6045bd08b1a2	344	Naomi Dieken	F	F18-24	7	11:12:11	1:16:17	0:05:21	5:09:45	0:06:53	4:33:55	United States	
9f214577-776f-f111-ab0d-0022480b35b6	345	Eric Shao	M	M25-29	56	11:12:14	1:35:50	0:08:14	5:07:07	0:08:35	4:12:27	United States	
095489cf-c987-45bb-b777-c4d312d0af8e	346	Tadhg Gutch	M	M25-29	57	11:12:33	1:30:56	0:05:56	5:32:46	0:07:14	3:55:41	United States	
193d8a2c-6989-f111-ab10-6045bd06566a	347	Farres Kamel	M	M18-24	55	11:12:38	1:24:42	0:10:59	4:25:58	0:08:10	5:02:50	United States	
6f2ff070-a91e-ef11-840b-002248044460	348	Warren Miller	M	M50-54	9	11:13:02	1:13:10	0:07:26	5:16:46	0:08:09	4:27:30	United States	
415b9954-22ce-f011-bbd3-000d3a35ffc1	349	Jackson Graham	M	M18-24	56	11:13:08	1:11:27	0:10:53	4:45:50	0:07:50	4:57:08	United States	
2dd67478-5613-f011-998a-6045bd05fcc1	350	Timothy Burge	M	M50-54	10	11:13:23	1:36:52	0:05:57	4:50:36	0:04:46	4:35:12	United States	
d0ebbc5b-d244-44a3-9590-83ca0d110093	351	Christina Powell	F	F35-39	13	11:13:33	1:19:38	0:10:24	5:18:10	0:09:47	4:15:34	United States	
e3c69fcc-4e28-4675-91d3-b62c0983e6b2	352	Donald Havard	M	M45-49	17	11:13:43	1:40:24	0:13:51	4:46:51	0:07:40	4:24:56	United States	
80806d49-231e-4cc1-bb49-21a07205b063	353	Simon-Pierre Jacques	M	M25-29	58	11:14:03	1:22:26	0:06:09	4:35:05	0:07:36	5:02:47	Canada	
ccedea44-1249-ef11-a317-000d3a383830	354	Elena Makarevich	F	F45-49	5	11:14:26	1:44:17	0:06:10	5:23:51	0:08:23	3:51:45	United States	
e7e2e0af-2a7a-46de-9ad9-171278ca95a3	355	Joseph Plouffe	M	M35-39	27	11:14:44	1:28:34	0:07:31	4:46:03	0:07:00	4:45:36	United States	
e3c79cd3-ce71-4ecb-b908-b76e5b6d458c	356	Brett Manning	M	M40-44	42	11:15:23	1:38:21	0:06:51	4:36:04	0:06:47	4:47:20	United Kingdom	
08270958-29e1-40be-a668-da2a6c158795	357	Simon Oldacre	M	M55-59	11	11:15:37	1:30:24	0:05:38	4:18:19	0:04:24	5:16:52	United Kingdom	
614928ea-6a52-ef11-a317-000d3a3b4ec1	358	Will Herring	M	M40-44	43	11:15:53	1:37:31	0:14:18	4:56:56	0:10:50	4:16:19	United States	
c64dbdb9-e20f-f011-9988-6045bd05fcc1	359	Aidan Pruiksma	M	M25-29	59	11:16:16	1:47:50	0:09:14	4:22:45	0:05:52	4:50:36	United States	
21f56e33-13c0-48a6-9451-38a65c8b9dd6	360	Joseph Navarro	M	M35-39	28	11:16:25	1:18:39	0:06:23	4:51:04	0:07:15	4:53:03	Peru	
96742432-85aa-ef11-b8e8-6045bd088264	361	Ava Svindland	F	F18-24	8	11:17:03	1:24:56	0:06:00	4:57:00	0:05:38	4:43:29	United States	
1f311cf3-129d-4c00-b3a1-142ff382771a	362	Eric SUAUT	M	M65-69	1	11:17:07	1:40:50	0:10:02	4:42:29	0:08:42	4:35:04	France	
9d15aa7c-f7bf-f011-bbd3-6045bd09951e	363	Jesse Neighbour	M	M30-34	39	11:17:17	1:30:10	0:07:07	5:00:31	0:06:06	4:33:23	United States	
17a13763-413f-44ac-9eef-a087326a17f6	364	Haydn Simpson	M	M18-24	57	11:17:27	1:34:05	0:11:01	4:32:41	0:09:17	4:50:23	United States	
126c9f4e-1ce4-f011-8544-000d3a35ffc1	365	Kelsey Nolan	F	F30-34	9	11:17:34	1:24:49	0:09:16	5:22:22	0:08:11	4:12:57	United States	
ce908d4c-c6fd-ef11-bae2-6045bd05fcc1	366	Evan Eldred	M	M25-29	60	11:17:57	1:18:51	0:07:42	5:20:13	0:07:37	4:23:34	United States	
56d2a2c0-5396-4df8-ae04-7d83864d9f82	367	Christopher Richards	M	M30-34	40	11:18:17	1:26:08	0:06:01	4:50:07	0:05:34	4:50:27	United States	
94de213c-459c-ef11-8a6a-6045bd048089	368	Marrina Brown	F	F25-29	15	11:18:38	1:19:52	0:07:17	5:14:36	0:07:04	4:29:49	United States	
80e30980-fa22-f111-8341-0022480b35b6	369	Lucca Mazzola	M	M18-24	58	11:18:50	1:22:01	0:06:09	4:56:50	0:07:14	4:46:37	United States	
0fe3ef9e-dada-ef11-8eea-002248049fdc	370	Jacob Chambers	M	M25-29	61	11:18:57	1:28:03	0:09:55	5:09:51	0:09:28	4:21:40	United States	
d5184fd8-c375-ef11-a670-6045bd05a110	371	Richard Heaton	M	M45-49	18	11:19:14	1:27:30	0:08:27	5:04:03	0:06:54	4:32:20	United Kingdom	
545ee404-76aa-ef11-b8e9-000d3a5a1803	372	Tyler Ritzert	M	M30-34	41	11:19:16	1:24:29	0:07:18	4:42:55	0:09:08	4:55:26	United States	
ea86293d-1090-f011-b4cc-6045bd09951e	373	Nicholas Skacel	M	M25-29	62	11:19:25	1:15:20	0:06:58	5:23:57	0:07:56	4:25:14	United States	
c4090810-b682-f011-b4cc-0022480c097c	374	Herbert Pereira	M	M18-24	59	11:19:45	1:18:23	0:11:47	5:25:23	0:05:48	4:18:24	El Salvador	
b03843e7-8337-f011-8c4e-6045bd09951e	375	Kieran Redington	M	M18-24	60	11:19:49	1:30:38	0:10:40	5:27:43	0:09:18	4:01:30	United States	
c99a99d7-ff99-ee11-be37-000d3a314d17	376	Tristan Massicotte	M	M18-24	61	11:19:55	1:20:37	0:10:02	5:18:52	0:08:28	4:21:57	Canada	
746d081d-ed85-f011-b4cc-000d3a5b7c3b	377	Adam O'Hern	M	M30-34	42	11:19:57	1:30:30	0:07:20	5:25:47	0:06:41	4:09:39	United States	
3dcf63a3-56a9-f011-bbd3-000d3a5cf7d8	378	Gabe Nelson	M	M55-59	12	11:20:16	1:24:25	0:11:09	4:39:28	0:08:39	4:56:35	United States	
ff8a3c6b-9a14-4f43-82ab-d6c4809c2559	379	Blaine Knox	M	M35-39	29	11:20:39	1:27:08	0:08:23	4:48:47	0:09:45	4:46:37	United States	
e6638bf4-5aa7-4e4d-baac-6ec7f887b783	380	Emilie Jacobs	F	F35-39	14	11:20:55	1:11:46	0:05:22	5:30:39	0:08:13	4:24:56	United States	
202dc7fa-13de-f011-8543-6045bd05fcc1	381	Guillaume Viejo	M	M35-39	30	11:21:09	1:28:24	0:10:09	5:22:59	0:06:12	4:13:25	France	
e5225c24-d97a-f011-b4cc-0022480a7385	382	Alex Pansini	M	M25-29	63	11:21:12	1:24:03	0:08:22	5:37:00	0:08:42	4:03:05	United States	
226794a1-45d6-f011-8543-000d3a5b5fc7	383	Marcos Whelton	M	M18-24	62	11:21:12	1:22:57	0:07:22	5:25:23	0:05:52	4:19:38	United States	
21041889-faff-471d-8079-c70fcb985e33	384	Glenn Rolbiecki	M	M65-69	2	11:21:29	1:24:09	0:05:44	4:53:12	0:07:10	4:51:14	United States	
5a644c3d-24cb-f011-bbd3-000d3a5b7c3b	385	Shane Neyer	M	M18-24	63	11:21:34	1:15:41	0:11:10	5:04:23	0:10:33	4:39:48	United States	
967ca9ab-d3b1-454e-ae3e-f4d8f36db3b1	386	Mallory Murray	F	F25-29	16	11:21:39	1:29:03	0:07:28	5:03:11	0:07:39	4:34:17	United States	
96310ebf-b26b-488a-bfc2-7b28a19f0758	387	Mitchell Nelsen	M	M25-29	64	11:21:53	1:28:28	0:06:06	5:10:01	0:06:33	4:30:46	United States	
214e74c7-7321-f111-8341-002248046ec8	388	Zander Simone	M	M18-24	64	11:22:21	1:30:48	0:08:17	5:10:36	0:10:03	4:22:37	United States	
3f0b4d32-87b3-f011-bbd3-000d3a5cf7d8	389	Anthony Lombardo	M	M25-29	65	11:23:08	1:20:15	0:07:32	5:07:16	0:07:40	4:40:26	United States	
87cf3bca-9907-f111-8406-0022480a5755	390	Thorsten Muehlbauer	M	M18-24	65	11:23:15	1:20:41	0:05:57	5:01:45	0:12:46	4:42:07	United States	
c40dffbf-8144-f111-88b4-0022480994c2	391	Luke Maier	M	M18-24	66	11:23:19	1:22:59	0:09:02	4:53:17	0:07:01	4:51:00	United States	
7e888380-559f-f111-b8dc-70a8a5b19cbc	392	Ella Korb-Nice	F	F18-24	9	11:23:29	1:35:47	0:08:16	5:39:36	0:07:16	3:52:34	United States	
ce3b845a-951d-f011-998a-6045bd05fcc1	393	Masashi Nishiguchi	M	M25-29	66	11:23:49	1:25:52	0:15:29	5:37:26	0:09:26	3:55:36	Japan	
84f25ee4-4bbe-f011-bbd2-7ced8d70749f	394	Kacey Carrig	M	M30-34	43	11:24:10	1:26:32	0:09:43	5:02:30	0:08:27	4:36:59	United States	
034b0957-6979-f011-b4cb-000d3a5c3d6c	395	Brian Murphy	M	M35-39	31	11:24:27	1:23:52	0:06:04	5:06:14	0:06:40	4:41:37	United States	
b268dfe2-a701-4f0a-88d2-69b84a33a833	396	Zachary Kahley	M	M35-39	32	11:25:29	1:32:49	0:08:49	4:47:48	0:08:54	4:47:10	United States	
8779beb8-39d9-44ab-b0e2-ec5d1c9d3115	397	J. Royston	M	M45-49	19	11:25:31	1:32:15	0:21:52	5:06:22	0:15:57	4:09:04	United States	
b73eb8b1-2dd8-49ce-94ec-5ac895508c19	398	Anderson De Paula	M	M40-44	44	11:25:36	1:24:44	0:06:31	4:48:24	0:09:12	4:56:46	Brazil	
f090cc27-2e5a-f111-bec7-0022480a5755	399	Brendan Walsh	M	M18-24	67	11:25:54	1:17:45	0:05:39	5:00:09	0:04:43	4:57:37	United States	
2c3dbcfa-1163-f011-bec1-6045bd076d76	400	Brad Donohue	M	M30-34	44	11:25:56	1:04:24	0:08:26	4:59:33	0:06:56	5:06:37	United States	
6aa2f696-8883-f011-b4cb-000d3a5a8f33	401	Shane Starner	M	M25-29	67	11:26:03	1:27:37	0:08:55	4:46:57	0:07:44	4:54:50	United States	
41880a28-710b-f111-8406-0022480b88da	402	Drew Yager	F	F25-29	17	11:26:06	1:24:19	0:05:34	5:09:52	0:06:12	4:40:09	United States	
8be9466e-4ca4-475c-888a-d84c8042fc1d	403	Kelly Willoughby	F	F45-49	6	11:26:14	1:27:33	0:09:35	4:48:12	0:10:00	4:50:53	United States	
73508041-ac8b-f111-ab10-6045bd08b1a2	404	Zachary Gutekunst	M	M18-24	68	11:26:15	1:23:01	0:08:33	5:32:58	0:06:26	4:15:17	United States	
0bf7f3dd-e6a7-4650-aa1a-c4569f6e751c	405	Eric Metcalf	M	M55-59	13	11:26:30	1:22:15	0:10:06	4:56:01	0:08:32	4:49:36	United States	
82b517f9-a035-41e5-a1eb-31ec1ed0fcfe	406	Rollo Lutz	M	M30-34	45	11:26:30	1:20:14	0:06:53	5:15:54	0:06:23	4:37:06	United States	
388544fa-4d0f-4d21-9650-2d05a866f120	407	Elizabeth Flynn	F	F55-59	3	11:26:38	1:18:19	0:06:12	5:07:35	0:09:29	4:45:02	United States	
971e60d8-6ae3-4f9f-a965-77480dbf2b2a	408	Kara Kenter	F	F40-44	7	11:26:47	1:17:32	0:13:09	5:12:40	0:12:10	4:31:16	United States	
e00e092b-1731-4019-8752-0bcf26d7b809	409	Mark Rogerson	M	M25-29	68	11:26:47	1:18:37	0:06:33	5:05:02	0:06:39	4:49:56	United States	
99739560-82a0-f011-bbd2-0022480868e2	410	Ezekiel Salvo	M	M30-34	46	11:27:06	1:31:56	0:06:50	5:15:50	0:06:29	4:26:01	United States	
7e689bfa-6fb1-ef11-b8e9-6045bd048089	411	John Romano	M	M40-44	45	11:27:29	1:29:56	0:08:04	4:55:13	0:09:09	4:45:07	United States	
b20cd6be-1138-ef11-8409-000d3a348633	412	Madeline Wieber	F	F18-24	10	11:27:37	1:24:43	0:09:47	4:45:29	0:07:12	5:00:25	United States	
7ad54221-bd15-f111-8341-0022480994c2	413	Jake Cantrell	M	M18-24	69	11:27:57	1:22:01	0:09:36	5:40:17	0:06:23	4:09:41	United States	
816da538-e0c1-4d8a-84f6-2cc00b84154d	414	Mark DeSatterlee	M	M65-69	3	11:28:04	1:32:48	0:07:19	4:48:45	0:12:07	4:47:05	United States	
7bfb8073-dbd5-49e6-9b45-e75bf706b0f8	415	Sara Allen	F	F25-29	18	11:28:16	1:24:35	0:07:49	4:50:13	0:07:19	4:58:20	United States	
ff0abd43-69fb-42d8-b08d-8030394024c2	416	Sarah Kennedy-Smith	F	F30-34	10	11:28:29	1:47:24	0:12:30	4:30:52	0:15:44	4:41:59	United States	
05be19c0-3188-f011-b4cc-6045bd05f634	417	JOSEPH POLESTICO	M	M30-34	47	11:29:06	1:41:20	0:10:08	5:04:43	0:11:27	4:21:28	Philippines	
fa4c99b7-7ba8-f011-bbd3-6045bd09951e	418	Andrea Passalacqua	M	M40-44	46	11:29:48	1:14:36	0:14:55	5:05:01	0:15:39	4:39:37	Italy	
0f887f80-eda9-ef11-b8e8-6045bd088264	419	Leah Yost	F	F30-34	11	11:30:38	1:26:16	0:09:49	5:24:03	0:10:20	4:20:11	United States	
700f7731-cf02-f011-bae2-0022480a7385	420	Austin Ogule	M	M25-29	69	11:30:52	1:19:56	0:05:45	5:08:41	0:06:35	4:49:54	United States	
7cd7ad7a-7949-4375-88d3-a02248c1b18c	421	Andrea Scott	F	F25-29	19	11:31:07	1:28:13	0:09:31	5:42:30	0:06:37	4:04:15	United States	
832feee2-88f4-ef11-9342-000d3a3126fd	422	Matthew Stewart	M	M25-29	70	11:31:27	1:17:43	0:09:09	5:02:28	0:08:34	4:53:32	United States	
0d59f535-2809-f111-8406-0022480b35b6	423	Carter Van Hammond	M	M18-24	70	11:31:30	1:17:22	0:06:09	5:18:34	0:08:31	4:40:54	United States	
2305b060-8420-433b-af0a-1f1a026beace	424	Kyle Bergman	M	M35-39	33	11:31:43	1:22:44	0:04:22	4:51:46	0:06:06	5:06:45	United States	
a966a27e-f7ac-f011-bbd3-000d3a35ffc1	425	Joseph Gerardi	M	M25-29	71	11:32:06	1:23:24	0:11:23	5:20:06	0:08:03	4:29:11	United States	
e2b60b00-2cdd-4b14-a376-263ca6a0e2e9	426	Elizabeth Kenska	F	F40-44	8	11:32:08	1:28:47	0:11:28	5:15:58	0:08:17	4:27:38	United States	
e43aabca-9db5-4cda-8a14-a46c136752d1	427	Bart Stevens	M	M45-49	20	11:32:19	1:19:09	0:18:04	4:49:02	0:10:05	4:55:58	United States	
2b288d0a-bc3e-46ff-b0f2-4c3988ea5bb5	428	Clare Williams	F	F25-29	20	11:33:04	1:17:47	0:06:20	4:49:31	0:08:35	5:10:51	United States	
15d8dc89-bd83-ee11-8179-000d3a314ae2	429	Brandon Cerdas Gomez	M	M30-34	48	11:33:25	1:43:27	0:08:05	5:09:25	0:08:17	4:24:11	Costa Rica	
c194cbd9-efc9-407d-b6ba-74997831d6fe	430	Jill Walker	F	F55-59	4	11:33:32	1:32:08	0:07:56	5:03:17	0:05:43	4:44:29	United States	
d6abf3e6-9c2e-452a-802d-808fd840a24a	431	Matt Dunn	M	M45-49	21	11:33:55	1:10:01	0:07:07	4:42:00	0:09:16	5:25:31	United States	
327d38a3-f2df-4b6c-b365-9b9039e5137a	432	Brett Beeson	F	F30-34	12	11:34:37	1:30:26	0:09:32	4:57:13	0:07:27	4:49:59	United States	
0315720d-b94d-437e-9dfa-d05f1df09958	433	Elchin Bakirov	M	M35-39	34	11:35:02	1:28:41	0:05:04	4:28:10	0:05:15	5:27:52	Azerbaijan	
9515c2bf-f34b-f111-bec6-002248046451	434	Zach Overstreet	M	M18-24	71	11:35:16	1:11:40	0:11:48	5:03:10	0:10:07	4:58:30	United States	
9df50268-eb23-41e0-8271-d07ed1130750	435	Morgan Manglaviti	F	F25-29	21	11:35:17	1:08:17	0:04:18	5:23:35	0:07:18	4:51:49	United States	
065c445c-a22c-f111-88b4-0022480994c2	436	Juan Hinojosa	M	M18-24	72	11:35:17	1:33:16	0:10:56	5:29:03	0:09:57	4:12:05	United States	
910abe94-259f-f011-b41c-6045bd09951e	437	Luke McGalliard	M	M45-49	22	11:35:40	1:35:34	0:09:05	5:01:39	0:09:52	4:39:30	United States	
a8c0c478-5d3e-400f-87de-fa35d3ad0622	438	Mark Hurwitz	M	M70-74	1	11:35:54	1:16:34	0:05:30	5:01:32	0:04:23	5:07:55	United States	
cc85fbec-ea57-4a41-8593-d9c3624baa93	439	Rebecca Blumberg	F	F45-49	7	11:36:19	1:31:11	0:09:59	5:11:29	0:10:34	4:33:06	United States Minor Outlying Islands	
3225abf0-1999-f111-b8dc-6045bd06566a	440	Kyle Miller	M	M18-24	73	11:36:37	1:18:40	0:05:53	5:10:30	0:07:52	4:53:43	United States	
db52f8c2-2c56-f111-bec6-70a8a59bbccb	441	Logan Sweeney	M	M25-29	72	11:37:50	1:21:39	0:10:54	5:36:01	0:07:35	4:21:41	United States	
50990506-da10-f111-8406-0022480994c2	442	Natalie Briggs	F	F35-39	15	11:38:19	1:09:01	0:06:30	5:33:04	0:08:27	4:41:18	United States	
6cadd925-e92a-4fe9-a08a-456347971c89	443	John Lackey	M	M50-54	11	11:38:42	1:27:02	0:06:27	4:38:03	0:10:17	5:16:53	United States	
a114d892-7442-f011-b4ca-0022480c097c	444	Maria Sandor	F	F18-24	11	11:38:45	1:54:41	0:05:08	5:46:12	0:07:29	3:45:16	Canada	
27647ad0-2f3c-4a2f-bbae-35407a4f31fe	445	Caterina Liseo	F	F25-29	22	11:38:54	1:16:22	0:06:25	5:19:46	0:09:15	4:47:06	United States	
991a324e-5cfa-4f2c-b1b1-cb3f84ecd513	446	Jarrod Baranowski	M	M50-54	12	11:39:03	1:29:51	0:06:24	5:12:21	0:05:33	4:44:54	United States	
7fcb9eaf-7e6b-4099-8f04-2ce7ccdcb7b5	447	Jason Wong	M	M40-44	47	11:39:10	1:16:57	0:06:43	5:00:58	0:06:47	5:07:46	United States	
c4d26482-ba82-40ef-afbf-15bbf2baf7f5	448	Jon Roberts	M	M25-29	73	11:39:12	1:29:26	0:10:26	5:21:46	0:08:08	4:29:25	United States	
207f1f78-576d-f011-bec3-6045bd05fcc1	449	Clay Stuckey	M	M18-24	74	11:39:15	1:42:51	0:11:07	5:39:43	0:07:28	3:58:06	United States	
9b94c2de-1143-4536-875c-a53f5078a411	450	Gillian Staudt	F	F35-39	16	11:39:28	1:13:06	0:06:01	5:32:36	0:06:47	4:40:58	United States	
feeba75f-2074-4808-8d16-7b6def70cd9d	451	Amelia Decarie	F	F25-29	23	11:39:33	1:23:51	0:04:10	5:06:23	0:06:14	4:58:55	Canada	
c8251707-27f6-463f-ad42-1a3410947947	452	Stephen Lee	M	M30-34	49	11:40:16	1:28:33	0:10:13	4:45:07	0:06:16	5:10:05	United States	
7e3a5349-68bf-f011-bbd2-6045bd01f23b	453	Colleen Jurgens	F	F35-39	17	11:41:06	1:24:27	0:08:53	5:03:47	0:10:14	4:53:45	United States	
d73d920d-9105-47ee-a1fb-bf703d5d8ddb	454	Simon SLOMA	M	M25-29	74	11:41:09	1:17:56	0:09:11	4:45:18	0:08:28	5:20:16	France	
1a4f7a81-09b4-4e46-879a-7b1953545274	455	Hannah Jarrett	F	F30-34	13	11:41:20	1:32:44	0:08:58	5:27:50	0:09:17	4:22:32	United States	
50539623-e7cf-4ec9-8ec2-e6cd3545a98e	456	Gabriel Spencer	M	M18-24	75	11:41:24	1:22:13	0:13:56	5:15:18	0:08:53	4:41:04	United States	
4219f731-1da9-f011-bbd3-6045bd05fcc1	457	Julia Bagley	F	F25-29	24	11:41:25	1:19:21	0:05:37	5:19:23	0:07:22	4:49:42	United States	
ded76437-f351-f011-877a-0022480a7385	458	Robert Pena	M	M25-29	75	11:41:26	1:25:15	0:08:23	5:01:46	0:08:41	4:57:20	United States	
17c12fc4-6cca-4e4a-8ba4-40747bec218f	459	Brendan Stuhan	M	M45-49	23	11:41:30	1:19:35	0:09:49	5:34:31	0:12:21	4:25:15	United States	
4377edfa-769c-ef11-8a6a-000d3a5a1803	460	Avery Zeigler	M	M18-24	76	11:41:39	1:35:32	0:07:08	5:02:39	0:07:26	4:48:54	United States	
535e3f95-e652-49d3-8708-ac3c7cc347b1	461	Neil O'Connor	M	M45-49	24	11:41:43	1:20:06	0:08:22	5:38:42	0:10:43	4:23:50	United States	
4969f98a-c84a-41cb-bd58-266d8598315e	462	Joy Braun	F	F50-54	2	11:41:53	1:25:15	0:06:17	5:21:17	0:08:02	4:41:02	United States	
f047e340-5d46-472c-a9ef-1a23f7a8328d	463	Merete Conley	F	F18-24	12	11:42:06	1:16:54	0:04:59	5:25:44	0:05:50	4:48:40	United States	
ea6540bb-c423-f011-8c4e-6045bd05fcc1	464	Autumn Welsh	F	F25-29	25	11:42:16	1:31:25	0:07:58	5:45:02	0:08:40	4:09:11	United States	
e34c07be-962e-f111-88b3-0022480b88da	465	Ryan Hornickel	M	M25-29	76	11:42:22	1:26:22	0:14:44	5:51:50	0:19:42	3:49:45	United States	
a8c0c7e6-b25c-4dc1-9ae0-1ae7e088a6ea	466	Edward Roberts	M	M55-59	14	11:42:58	1:28:46	0:11:19	4:42:07	0:08:39	5:12:07	United States	
7c0201e6-babb-45f6-b223-7f4650791268	467	Pj Collins	M	M25-29	77	11:43:45	1:23:04	0:06:19	5:05:36	0:07:14	5:01:32	United States	
39db6aca-d3da-4606-be90-affe1785250a	468	Erin Goelitz	F	F45-49	8	11:43:49	1:35:59	0:06:41	5:04:24	0:07:49	4:48:57	United States	
d33b4bdf-7ee2-f011-8544-000d3a5cf7d8	469	Joseph Loesner	M	M18-24	77	11:43:51	1:22:51	0:12:22	5:22:34	0:10:59	4:35:05	United States	
c6ea8f64-0c6c-f011-bec2-0022480a7385	470	Matt Shaw	M	M25-29	78	11:43:58	1:28:10	0:13:04	5:45:32	0:10:15	4:06:57	United States	
314b4d76-d2cb-f011-bbd3-000d3a35ffc1	471	Ryan Parsons	M	M40-44	48	11:44:01	1:37:01	0:11:40	5:23:23	0:10:57	4:21:00	United States	
2161d6cf-c297-4175-a71a-cec8fcc0a16e	472	David Orme	M	M45-49	25	11:44:07	1:37:19	0:10:27	5:29:58	0:08:29	4:17:53	United States	
4ab28bfe-e2eb-4ee9-bbab-f9380dc029a7	473	David Plachno	M	M45-49	26	11:44:17	1:25:31	0:13:28	5:15:38	0:12:42	4:36:58	United States	
3486f0ef-be94-f111-8076-7c1e528d5074	474	JD Peck	M	M18-24	78	11:44:21	1:34:21	0:11:54	5:50:55	0:07:47	3:59:24	United States	
6383b91b-ec21-f011-8c4c-000d3a331cdb	475	Ryan Williams	M	M25-29	79	11:44:28	1:18:56	0:09:01	5:00:09	0:06:34	5:09:49	United States	
b58c76d4-299a-f011-b4cc-000d3a3173b5	476	Donald Riblet	M	M25-29	80	11:44:49	1:22:39	0:08:56	4:49:51	0:09:35	5:13:48	United States	
8511d8b3-6038-4058-96a9-4af560b1e1c0	477	Aimee Pressman	F	F35-39	18	11:45:05	1:32:48	0:10:22	5:02:59	0:09:18	4:49:38	United States	
f06894a1-02a4-f111-b8de-70a8a59af2e9	478	Jason Tovar	M	M25-29	81	11:45:14	1:06:41	0:05:30	5:39:10	0:08:06	4:45:48	United States	
2632ccfe-d5ef-f011-8406-00224804c237	479	Payton Andrews	M	M25-29	82	11:45:16	1:20:18	0:06:49	5:16:58	0:05:59	4:55:12	United States	
98a1c955-4fb7-f011-bbd3-6045bd05fcc1	480	Isaac Ponder	M	M18-24	79	11:45:22	1:26:00	0:05:34	5:05:20	0:07:46	5:00:41	United States	
97bf0367-2ed8-ef11-8ee9-6045bd088264	481	Tom Piercey	M	M35-39	35	11:45:51	1:24:08	0:08:14	4:52:39	0:06:01	5:14:49	United Kingdom	
d69ce1d4-886f-f111-ab0d-0022480994c2	482	John szymanik	M	M40-44	49	11:45:52	1:17:25	0:07:39	5:17:03	0:06:42	4:57:02	United States	
74e3800e-d23c-f111-88b3-70a8a59d3462	483	Matthew Davis	M	M18-24	80	11:45:57	1:22:35	0:07:36	5:39:42	0:08:51	4:27:13	United States	
a03bc7b3-68ac-41b9-8fc0-0f3dddaecb38	484	Christopher Noll	M	M35-39	36	11:46:35	1:24:19	0:05:29	4:44:39	0:04:20	5:27:47	United States	
9ecd8806-a9d5-ef11-8ee9-000d3a592251	485	Samuel Moore	M	M25-29	83	11:47:32	1:25:39	0:08:53	5:27:52	0:12:01	4:33:07	United States	
0a5f0509-93b6-ef11-b8e9-002248049fdc	486	Yuji Suzuki Michael	M	M50-54	13	11:47:36	1:29:20	0:08:13	4:49:47	0:08:20	5:11:56	Japan	
7a8a0cca-04fc-4f8f-b7f6-21a0bcc02b46	487	Jonathan Benner	M	M40-44	50	11:47:44	1:14:24	0:07:46	4:45:43	0:05:43	5:34:09	United States	
4486a193-1895-48e9-9b49-afaf19765664	488	Russell Rankin	M	M55-59	15	11:47:48	1:29:32	0:07:14	5:36:11	0:07:51	4:26:59	United States	
3caeefe3-206e-f011-bec3-6045bd05fcc1	489	Kevin Doty	M	M25-29	84	11:48:03	1:32:00	0:07:15	5:06:04	0:09:17	4:53:27	United States	
bfee9fb1-fec9-f011-bbd3-000d3a5b50ba	490	Nick Beninato	M	M30-34	50	11:48:17	1:23:45	0:10:51	4:41:22	0:09:18	5:23:02	United States	
0149560b-ec89-f011-b4cc-6045bd05fcc1	491	Katlyn Geiger	F	F30-34	14	11:49:03	1:27:31	0:15:13	5:05:09	0:10:29	4:50:41	United States	
dd215149-66d5-f011-8543-6045bd05fcc1	492	Lexi Krobath	F	F25-29	26	11:49:25	1:31:36	0:08:46	5:29:47	0:09:00	4:30:16	United States	
c6895df4-6e61-4268-b388-f67c24ef8ae4	493	Brennan Cox	M	M45-49	27	11:49:27	1:37:35	0:07:40	5:18:50	0:06:10	4:39:12	United States	
b4f287d3-3e7a-f111-ab0f-0022480b84a3	494	Anthony Johnson	M	M30-34	51	11:49:35	1:08:12	0:05:37	5:16:06	0:04:56	5:14:45	United States	
63730d14-9f3a-f111-88b3-6045bd009513	495	Joseph Zhang	M	M50-54	14	11:49:39	1:43:23	0:10:52	5:10:59	0:13:52	4:30:33	United States	
ca6713b4-bf3e-423f-992d-f21d6efbf9fd	496	Daniela Lulli	F	F25-29	27	11:49:43	1:24:28	0:06:12	5:28:17	0:08:11	4:42:35	United States	
ed95477f-d6c0-4a26-815a-a9d7f178c03a	497	Christopher Romeo	M	M45-49	28	11:50:01	1:28:29	0:17:04	5:15:10	0:14:43	4:34:36	United States	
a519dcc2-6414-484a-8e50-dd8bb9a081cc	498	Daniel Bozzo	M	M25-29	85	11:50:17	1:38:41	0:06:37	5:15:12	0:07:46	4:42:01	Canada	
0ee6a9ed-cbf6-49f5-8614-5655e4ee3426	499	Lucas Schoolfield	M	M35-39	37	11:50:35	1:37:01	0:09:46	4:30:41	0:08:46	5:24:21	United States	
ef166e1f-9714-4d50-a395-284039ebb69a	500	Tracy Ringel	F	F35-39	19	11:50:36	1:13:10	0:05:20	5:59:01	0:07:29	4:25:38	United States	
478533ae-768b-4377-bc10-6e1fb3cd6422	501	Wesley Fry	M	M40-44	51	11:50:58	1:37:27	0:10:38	4:58:28	0:12:01	4:52:25	United States	
1f58ef03-ff87-4746-8c1f-005f8bb2f503	502	Luke Tilley	M	M45-49	29	11:51:12	1:30:52	0:08:13	4:34:57	0:05:35	5:31:34	United States	
2578621e-3447-f111-bec5-0022480a5755	503	David Henderson	M	M30-34	52	11:51:48	1:23:23	0:17:50	5:48:13	0:13:24	4:08:58	United States	
6c9ffd71-b643-4357-8f51-0ac3d1fb93c2	504	Christian Garruppo	M	M25-29	86	11:51:58	1:28:13	0:05:21	5:00:20	0:04:27	5:13:38	United States	
8e234a87-89d0-4086-af5a-3e610aa28f49	505	Amanda Field	F	F30-34	15	11:52:24	1:22:38	0:04:35	5:41:31	0:05:52	4:37:49	United States	
a03702e8-8eeb-4457-a9c1-26dce1c79470	506	Daniel Everhart	M	M35-39	38	11:52:31	1:39:23	0:08:36	5:26:35	0:06:24	4:31:33	United States	
98049cac-a550-f111-bec6-002248046ec8	507	Jacob Godec	M	M30-34	53	11:52:41	1:22:30	0:05:56	5:36:10	0:04:43	4:43:22	United States	
8f401b36-84fc-427b-9959-18af67f9b498	508	Mateo Zepeda	M	M45-49	30	11:52:59	1:28:15	0:06:03	4:47:18	0:07:29	5:23:55	United States	
7da88346-43dd-4b98-965c-f0e10d13567a	509	April Soto	F	F40-44	9	11:53:12	1:47:46	0:08:28	5:41:10	0:09:10	4:06:39	United States	
f3dbe050-1ae7-f011-8544-000d3a5cf7d8	510	Kaitlyn Crouthamel	F	F18-24	13	11:53:45	1:02:29	0:07:30	6:00:29	0:08:31	4:34:45	United States	
282ac229-cb66-f111-a826-002248046ec8	511	Liam Parsons	M	M18-24	81	11:53:50	1:57:05	0:06:54	5:13:45	0:06:35	4:29:32	United States	
90145764-c414-f011-998a-6045bd09951e	512	Matt Keough	M	M25-29	87	11:53:52	1:25:34	0:11:45	4:46:21	0:10:53	5:19:19	United States	
bfd25fb8-cbc4-f011-bbd2-6045bd09e913	513	Michael Russo	M	M18-24	82	11:53:57	1:23:25	0:10:13	5:07:34	0:08:59	5:03:46	United States	
4f295a5e-96c2-f011-bbd3-6045bd09951e	514	Ryan Pavlik	M	M25-29	88	11:54:00	1:24:32	0:11:01	5:24:45	0:10:09	4:43:34	United States	
a0904a9e-53e3-f011-8543-000d3a5b5fc7	515	Jonathan Chamountry	M	M25-29	89	11:54:39	1:38:00	0:04:40	5:24:34	0:07:24	4:40:00	United States	
ec392877-b831-4664-ad3d-1c515a5d43db	516	Susan Faulkner	F	F45-49	9	11:54:42	1:12:01	0:07:34	5:32:58	0:06:24	4:55:45	United States	
190b494f-15b0-4086-bb6c-10995497db46	517	Christopher Semick	M	M40-44	52	11:54:46	1:27:09	0:06:17	4:40:17	0:08:41	5:32:22	United States	
01bc61b0-5a25-45a2-8603-cbe1ce134b3a	518	Brandon Hernandez	M	M30-34	54	11:54:49	1:38:12	0:05:37	5:38:23	0:08:19	4:24:18	United States	
0dc1d4e5-3b29-f011-8c4d-000d3a5cf7d8	519	Tyler Monroe	M	M30-34	55	11:55:07	1:29:50	0:08:00	5:02:49	0:09:10	5:05:18	United States	
4d381980-2e32-43d4-b229-a57f0faf1776	520	Jeff Bostic	M	M55-59	16	11:55:48	1:17:07	0:09:50	5:18:05	0:09:12	5:01:34	United States	
b785a880-c7e2-f011-8544-0022480a7385	521	Franklin Diaz	M	M40-44	53	11:56:49	1:26:01	0:18:18	5:38:21	0:10:10	4:24:00	Dominican Republic	
7b855427-9e1e-4bdb-a5be-930db3cebfbf	522	Jesse Oostema	M	M45-49	31	11:57:00	1:36:17	0:11:57	5:11:13	0:10:58	4:46:35	United States	
38a9e8a7-f66f-f111-ab0d-7c1e528d5074	523	Jordan Finch	M	M30-34	56	11:57:01	1:37:10	0:08:18	4:59:25	0:12:34	4:59:34	United States	
713b82de-0fe8-f011-8544-6045bd09951e	524	Rachel Lorenc	F	F25-29	28	11:57:38	1:28:49	0:15:12	5:26:31	0:08:18	4:38:46	United States	
e5ab951f-86c8-f011-bbd3-6045bd05fcc1	525	Aiden Elliott	M	M18-24	83	11:57:54	1:20:53	0:09:08	4:50:34	0:10:15	5:27:04	Canada	
6b785c2b-1fbd-44ef-86f7-4005b25f6cc8	526	Shawn Macinnis	M	M50-54	15	11:57:55	1:18:33	0:06:54	5:16:19	0:09:25	5:06:44	United States	
7cd82f5b-4101-f111-8406-6045bd08b1a2	527	Eoin Costelloe	M	M30-34	57	11:58:46	1:27:28	0:12:33	5:41:04	0:17:08	4:20:32	Ireland	
648de23a-7442-f011-b4cb-000d3a35ffc1	528	Doru Sandor	M	M50-54	16	11:58:50	1:35:49	0:08:04	5:28:07	0:14:00	4:32:51	Canada	
3c3be735-08aa-f011-bbd3-000d3a35ffc1	529	Jack Camarote	M	M18-24	84	11:59:44	1:34:27	0:08:49	5:44:03	0:07:46	4:24:40	United States	
ae4dde3c-c64d-ef11-a317-000d3a383830	530	Gert Schmitt	M	M50-54	17	12:00:01	1:39:58	0:09:12	4:55:37	0:10:55	5:04:19	Germany	
df0c9e87-67a4-ef11-8a69-000d3a5a403c	531	Jackson Glenn	M	M18-24	85	12:00:33	1:24:12	0:09:54	5:37:02	0:10:55	4:38:30	United States	
a1c2b916-bad8-4eb0-89ff-f509394f1c22	532	Lee Clasby	M	M45-49	32	12:00:36	1:16:23	0:08:16	4:45:51	0:08:30	5:41:36	Ireland	
79e6bfea-19f3-f011-8407-0022480c097c	533	Sam Woodworth	M	M35-39	39	12:01:29	1:31:44	0:06:10	5:17:31	0:07:49	4:58:15	United States	
d241bacf-7f82-ef11-ac21-002248049fdc	534	Bob Price	M	M55-59	17	12:01:50	1:32:15	0:12:56	5:51:36	0:10:11	4:14:52	United States	
4ade0b55-5785-ea11-a812-000d3a5a1cf8	535	Addison Myrick	F	F40-44	10	12:01:58	1:28:52	0:10:51	5:04:59	0:07:59	5:09:16	United States	
a1c22019-c150-4cfe-8025-8c3250d3f369	536	Kimberly Ohmes	F	F50-54	3	12:02:15	1:42:47	0:07:50	5:35:10	0:07:55	4:28:34	United States	
21d8a4bd-f66c-ec11-8943-002248090b48	537	Julia Martin	F	F30-34	16	12:02:18	1:33:35	0:08:28	5:36:32	0:08:01	4:35:43	United States	
f76a09e6-99f9-4d0f-8d12-78fa392db679	538	Shawn Lawson	M	M55-59	18	12:02:22	1:18:40	0:07:32	4:45:48	0:08:04	5:42:18	United States	
34971a58-aef2-4d5c-a61b-621689c5c588	539	Adam Gaughan	M	M25-29	90	12:02:30	1:36:07	0:11:17	5:39:21	0:11:10	4:24:34	United States	
2658b9a2-3047-f011-877a-000d3a3173b5	540	Christopher Millili	M	M40-44	54	12:02:47	1:31:29	0:06:44	5:48:32	0:08:40	4:27:22	United States	
af68224d-5c54-f111-bec6-6045bd06566a	541	Teddy Lansing	M	M18-24	86	12:02:49	1:24:41	0:07:04	5:54:22	0:07:54	4:28:48	United States	
0a939328-b661-4a75-8436-b9a86e7f9611	542	Christopher Bettwy	M	M35-39	40	12:02:50	1:35:23	0:09:35	5:28:08	0:06:05	4:43:38	United States	
acd11090-32e4-f011-8544-000d3a5cf7d8	543	Grant Holmes	M	M25-29	91	12:02:53	1:12:11	0:10:38	5:44:43	0:10:17	4:45:04	United States	
04288ccd-fd18-f111-8341-0022480b84a3	544	Patrick Lydon	M	M18-24	87	12:03:09	1:41:41	0:10:20	5:36:29	0:11:05	4:23:34	United States	
5c68dc46-1ef8-4cea-b268-c8ddf30c55ed	545	Scott Nussel	M	M35-39	41	12:03:17	1:50:25	0:18:39	5:15:32	0:11:58	4:26:43	United States	
7ef18116-f9f6-ef11-9340-6045bd05011a	546	Russell Messner	M	M55-59	19	12:03:27	1:33:39	0:07:43	5:14:52	0:08:48	4:58:24	United States	
b2261bc8-901d-4578-9973-1a8307e42a60	547	Jon Graham	M	M45-49	33	12:03:46	1:29:31	0:12:45	5:28:38	0:10:29	4:42:23	Canada	
39682d98-a2a3-f011-bbd3-6045bd05fcc1	548	Chelsea Heier	F	F30-34	17	12:03:50	1:33:08	0:11:03	5:30:02	0:11:01	4:38:35	United States	
9cd59a28-0539-4f79-8502-7a9d55c18519	549	Meredith Green	F	F40-44	11	12:03:57	1:00:16	0:05:56	5:14:12	0:06:57	5:36:36	United States	
b9e43d7c-9bd0-f011-bbd3-6045bd09951e	550	Hugh Quinn	M	M25-29	92	12:04:12	1:10:57	0:08:03	5:48:32	0:08:10	4:48:31	United States	
e4ece695-fd2f-f011-8c4e-000d3a3173b5	551	Koleman Powell	M	M25-29	93	12:04:35	1:46:43	0:09:23	4:50:04	0:12:48	5:05:37	United States	
f1fc2415-84f9-f011-8406-0022480b35b6	552	Warner Wiebe	M	M18-24	88	12:04:36	1:37:17	0:06:16	5:23:09	0:07:26	4:50:28	United States	
80b9f09d-3916-ef11-9f8a-000d3a314c24	553	Michael Breit	M	M55-59	20	12:04:44	1:48:29	0:11:40	5:35:39	0:20:53	4:08:03	United States	
c107d4d4-c2e9-4049-bfe5-870b47cf55ee	554	David Taylor	M	M25-29	94	12:04:47	1:33:11	0:16:22	5:22:29	0:11:16	4:41:30	United States	
5c5a4c0e-cd08-4258-8798-2d28371166f8	555	Keith Radcliff	M	M30-34	58	12:05:10	1:22:44	0:10:16	5:39:21	0:06:06	4:46:42	United States	
1f6fcb36-ab8c-4f06-a55f-ee9a94e649f5	556	Bradon Woodby	M	M50-54	18	12:05:36	2:06:12	0:11:42	5:27:21	0:14:56	4:05:25	United States	
05ff7811-3cc6-f011-bbd3-000d3a5b50ba	557	Anthony Holmes	M	M25-29	95	12:05:45	1:34:40	0:04:10	4:57:28	0:05:21	5:24:07	United States	
03060bc3-b3c6-4144-b53b-71997a17e426	558	Nathalie Evans	F	F45-49	10	12:05:50	1:25:42	0:05:35	5:05:25	0:05:54	5:23:14	United States	
e25ba89e-750b-f011-9988-000d3a3173b5	559	Allie Fitzgerald	F	F18-24	14	12:06:01	1:28:17	0:07:13	5:34:44	0:08:23	4:47:24	United States	
84f15b44-4a1b-f111-8341-0022480a5755	560	Chantz Ilgenfritz	M	M30-34	59	12:06:19	1:38:12	0:08:02	5:22:58	0:10:19	4:46:48	United States	
8e4cfc8d-381c-41fd-8412-30c3e2c4d813	561	Jacob Snodgrass	M	M45-49	34	12:06:46	1:42:08	0:06:42	5:29:00	0:08:45	4:40:11	United States	
985a0566-48c5-4c7f-a050-8b77c271a869	562	Sydney Vandemeulebroecke	F	F25-29	29	12:06:53	1:25:11	0:09:02	5:38:04	0:08:38	4:45:58	United States	
f7e78547-0e0f-4913-9d7a-d69e93b59e34	563	Brooke Haynes	F	F30-34	18	12:06:59	1:35:30	0:06:07	5:20:10	0:07:06	4:58:06	United States	
f029d5e3-f33e-f011-b4cb-0022480a7385	564	Anthony Dinh	M	M30-34	60	12:07:23	1:28:53	0:09:31	4:46:52	0:09:01	5:33:06	United States	
fa06f564-32ab-f011-bbd3-000d3a35ffc1	565	Cody Peters	M	M30-34	61	12:07:23	1:31:16	0:07:12	5:28:47	0:10:53	4:49:16	United States	
4ffa85c0-ee48-4b27-b503-8487eeecb9b5	566	Janice KORBELY	F	F50-54	4	12:07:31	1:30:30	0:11:54	5:29:14	0:06:42	4:49:11	Canada	
bba60b5c-38e4-48e9-bb4f-674b769fef26	567	Yugo Tsukikawa	M	M50-54	19	12:07:37	1:09:17	0:08:04	4:58:24	0:09:23	5:42:30	United States	
4ccd4c40-0ef3-42ae-8353-5ffbec0ff72e	568	Brian Thomas	M	M40-44	55	12:07:41	1:49:47	0:11:49	5:08:34	0:08:27	4:49:03	United States	
38c5d1aa-9253-4978-932e-5e17e7276d27	569	Sebastian Kressley	M	M30-34	62	12:07:44	1:20:49	0:10:35	4:58:28	0:11:31	5:26:21	United States	
0c11de94-1c7c-4c72-ac61-94495519add0	570	Jason Wistehuff	M	M45-49	35	12:08:28	1:34:32	0:08:35	5:06:54	0:13:15	5:05:11	United States	
9bdd4272-b57b-4b9e-9e54-b975217b5b22	571	Alex Herman	M	M25-29	96	12:09:22	1:22:23	0:05:07	5:04:48	0:07:26	5:29:39	United States	
459944b4-a77e-ef11-ac21-000d3a338a3c	572	Gianna Minasian	F	F25-29	30	12:09:24	1:15:17	0:05:45	6:13:51	0:08:07	4:26:24	United States	
f74285a4-7a45-f011-877a-000d3a35ffc1	573	Matthew Tronieri	M	M18-24	89	12:09:40	1:34:41	0:22:47	5:26:52	0:12:36	4:32:45	United States	
ab036359-9487-f011-b4cc-000d3a5b7c3b	574	Vaibhav Sharma	M	M25-29	97	12:10:12	1:29:11	0:12:31	5:35:57	0:07:25	4:45:09	United States	
efd40747-0fdd-4bee-8b06-f54491afa2b1	575	Eric Savini	M	M30-34	63	12:10:22	1:23:26	0:08:24	5:02:39	0:09:56	5:25:57	United States	
3257e324-b298-f011-b4cc-6045bd05f634	576	Madison Ruff	F	F18-24	15	12:11:49	1:27:09	0:08:38	5:47:59	0:06:34	4:41:29	United States	
c43a3802-b3c5-ee11-9079-000d3a314ae2	577	Shawn Aulbach	F	F55-59	5	12:12:16	1:42:16	0:09:08	5:36:43	0:07:28	4:36:42	United States	
dae2e70c-55e4-f011-8544-000d3a5b50ba	578	Rayne Sheats	F	F18-24	16	12:12:20	1:11:32	0:07:50	5:39:41	0:06:49	5:06:29	United States	
c30c28e4-7b2e-48f2-87ff-477c7ba7a64e	579	Scott Whittle	M	M40-44	56	12:12:21	1:23:48	0:09:45	5:20:21	0:10:23	5:08:05	United States	
5996ea46-d098-4475-9134-678671e9a5d7	580	Jack Bahouth	M	M18-24	90	12:12:42	1:27:11	0:12:41	5:46:13	0:14:22	4:32:15	United States	
07f0c910-75f5-45d4-bfc1-02380f2a798f	581	Brendan Lloyd	M	M30-34	64	12:12:59	1:13:31	0:06:49	5:16:43	0:06:16	5:29:40	United States	
902224de-2549-4569-bb0f-79de4f0d5fa7	582	Jeff Mayer	M	M45-49	36	12:13:13	1:28:36	0:11:06	5:32:34	0:08:29	4:52:28	United States	
2c009f51-9f02-429c-bfd3-0706186ffd80	583	Matthew Getz	M	M40-44	57	12:13:43	1:31:45	0:14:15	5:36:19	0:15:26	4:35:58	United States	
f16772f5-9e01-4a29-8f7d-5858fbb53574	584	Erin Martino	F	F45-49	11	12:13:52	1:29:15	0:10:48	5:19:54	0:06:57	5:06:59	United States	
ef1b8103-5c6d-473b-a9c6-8d9aa4efc65e	585	Ion Scerbatiuc	M	M40-44	58	12:14:04	1:41:31	0:07:16	4:59:30	0:07:57	5:17:50	United States	
e302ec50-a5d2-ef11-8ee9-000d3a5ae96c	586	Joseph Meyer	M	M30-34	65	12:14:29	1:24:48	0:09:03	5:32:25	0:10:55	4:57:19	United States	
493d8900-1dd3-f011-8544-000d3a5b50ba	587	John Weibel	M	M30-34	66	12:14:41	1:43:04	0:06:45	5:57:53	0:08:07	4:18:51	United States	
6fbefd06-66ef-4980-bd84-e4b0dddff0df	588	Jennifer Ruch	F	F40-44	12	12:14:42	1:22:51	0:07:31	5:42:10	0:08:34	4:53:36	United States	
da91da09-d629-4fba-87f4-38aa596998aa	589	Blair Schiff	M	M45-49	37	12:14:52	1:44:41	0:13:03	5:35:35	0:12:15	4:29:17	United States	
c8d4005f-d2f2-4429-b24f-9dcbfd2319dc	590	Sunday Phoenix	F	F30-34	19	12:14:53	1:34:39	0:08:48	5:19:11	0:08:23	5:03:52	United States	
ba209b5c-c49c-f011-b41c-000d3a5b7c3b	591	Tim Rackowski	M	M30-34	67	12:15:05	1:15:51	0:06:32	5:26:03	0:06:50	5:19:49	United States	
75c947f8-da43-f111-88b4-0022480994c2	592	Laura Kate Holden	F	F18-24	17	12:15:11	1:35:12	0:04:20	5:54:45	0:04:56	4:35:57	United States	
f531a74f-a532-4e37-b460-a7cced0bf2d9	593	Brian Gilbert	M	M50-54	20	12:15:31	1:28:07	0:09:42	5:04:42	0:06:45	5:26:15	United States	
ccd5d965-3d74-ed11-81ab-000d3a313da3	594	Kayla Bozovsky	F	F30-34	20	12:15:40	1:38:04	0:12:45	5:05:44	0:18:34	5:00:32	United States	
9471aa52-4a53-4d14-a4ab-d85a66f8c36e	595	Jennifer Green	F	F50-54	5	12:15:40	1:28:35	0:13:54	5:19:33	0:08:43	5:04:54	United States	
0b10dda9-6705-f111-8406-6045bd08b1a2	596	Joseph Lee	M	M18-24	91	12:15:49	1:48:08	0:06:15	5:40:34	0:07:01	4:33:51	United States	
63cf8a7f-1f7e-f111-ab0f-0022480994c2	597	Daniel Gluschuk	M	M18-24	92	12:15:58	1:14:28	0:06:17	5:13:34	0:09:38	5:32:01	United States	
f1e7e1b8-866a-f111-a826-0022480a5755	598	Joseph Corral	M	M30-34	68	12:15:58	1:29:33	0:12:09	5:44:59	0:08:17	4:40:59	United States	
dfb5a287-0c6a-f011-bec2-000d3a5cf7d8	599	Tyler Degenhardt	M	M40-44	59	12:16:12	1:37:58	0:09:28	5:34:35	0:09:29	4:44:43	United States	
f982278c-03d2-439f-afb5-cc528dcac132	600	Jason Mccullough	M	M50-54	21	12:16:44	1:27:54	0:13:27	4:54:10	0:15:34	5:25:39	United States	
c4cd42ef-b3d8-46c1-b4c9-5b0212f8a610	601	Clint Tebbetts	M	M55-59	21	12:16:50	1:37:03	0:13:59	5:11:47	0:12:20	5:01:40	United States	
bcda8718-5125-f011-8c4d-000d3a5cf7d8	602	Tyson Mast	M	M18-24	93	12:17:03	1:39:23	0:09:02	5:44:30	0:07:47	4:36:20	United States	
33545507-015a-4d96-951f-489d025328e3	603	Jake Rogerson	M	M30-34	69	12:17:19	1:17:11	0:05:13	5:02:37	0:05:21	5:46:56	United States	
45a57648-99fc-40cf-9c88-46f4650d6014	604	DJ Pantino	M	M35-39	42	12:17:23	1:19:43	0:17:36	5:04:09	0:14:39	5:21:16	United States	
34eff374-a1ae-4ed3-8515-24e5a37a3937	605	Jody Hagenow	M	M55-59	22	12:18:05	1:27:03	0:09:21	5:04:23	0:06:38	5:30:39	United States	
71717fc1-53ab-f011-bbd3-6045bd09951e	606	Peter Adams	M	M40-44	60	12:18:31	1:22:14	0:08:39	5:13:23	0:11:02	5:23:13	United States	
b4ea1333-a8c0-ef11-b8e9-000d3a5a1803	607	Hawk Hammer	M	M30-34	70	12:19:46	1:26:40	0:10:41	6:06:49	0:07:12	4:28:24	United States	
aa8b3c4d-51eb-f011-8544-000d3a3173b5	608	Eva Harper	F	F30-34	21	12:19:52	1:40:28	0:06:15	5:39:57	0:06:51	4:46:21	United Kingdom	
7428fbd3-6ba2-f011-bbd3-000d3a35ffc1	609	Dominic Moccio	M	M18-24	94	12:20:14	1:41:51	0:11:53	5:15:57	0:12:51	4:57:42	United States	
40c66348-4e31-f111-88b4-0022480b88da	610	Owen Wang	M	M25-29	98	12:20:15	1:20:26	0:10:13	5:32:41	0:09:32	5:07:23	China	
f14137c9-e58a-482e-a456-92db67fa2d6b	611	Jeff Haley	M	M25-29	99	12:20:16	1:25:51	0:11:04	5:36:04	0:11:57	4:55:20	United States	
1ec53ea9-a20b-4380-9b17-4d0d0c2078d4	612	Howard Nilson	M	M40-44	61	12:20:24	1:47:57	0:11:10	5:07:31	0:09:16	5:04:30	United States	
fe581a02-3a78-47d9-a67c-d4a56452cefe	613	Chris Buckle	M	M55-59	23	12:20:33	1:27:29	0:14:45	5:06:01	0:15:05	5:17:13	United States	
2c972571-b8e1-ef11-8eea-000d3a5a1803	614	Dayton Boquist	M	M25-29	100	12:20:38	1:19:06	0:13:58	6:06:19	0:11:41	4:29:34	United States	
82150419-d21b-f111-8341-6045bd08b1a2	615	Troy Edwards	M	M35-39	43	12:22:03	1:23:15	0:10:02	5:40:25	0:11:11	4:57:11	United States	
14516632-dffe-46fe-ba9a-cb9d5ca49edd	616	Reich Gapasin	M	M45-49	38	12:22:23	1:32:45	0:09:59	5:04:37	0:11:26	5:23:36	Philippines	
08ef4c7b-d5e1-f011-8544-0022480a7385	617	Myles Pittman	M	M25-29	101	12:22:54	1:29:24	0:17:02	5:48:44	0:13:29	4:34:15	United States	
9b43d8e9-af06-4f27-abb6-7d1eecc34158	618	Alyssa Largay	F	F25-29	31	12:23:03	1:21:25	0:05:43	5:33:10	0:07:14	5:15:31	United States	
6ad02610-1d9c-4d75-bcb9-b6c1a50b88e5	619	Andrea Carbonell	F	F55-59	6	12:23:31	1:24:37	0:08:03	5:20:00	0:06:12	5:24:39	United States	
06c432aa-51b3-f011-bbd3-000d3a5b7c3b	620	Ian Yu	M	M18-24	95	12:23:57	1:25:18	0:11:56	6:00:33	0:08:16	4:37:54	United States	
5c53f108-f611-4744-8dfa-33866c7392a2	621	Candice Harris	F	F45-49	12	12:24:06	1:30:14	0:07:21	5:16:48	0:10:40	5:19:03	United States	
ae63ad6f-a072-4682-b082-26726a00a4a8	622	Tom Germain	M	M60-64	8	12:24:33	1:33:19	0:09:43	4:48:05	0:11:22	5:42:05	United States	
417f447e-6705-ef11-9f89-6045bd00e0b7	623	Karen Lockhart	F	F30-34	22	12:24:40	1:39:35	0:08:37	5:15:28	0:09:55	5:11:04	United States	
530376fd-c237-f011-8c4e-000d3a3173b5	624	Maggie Mallon	F	F40-44	13	12:25:10	1:27:01	0:08:31	5:17:56	0:08:43	5:22:59	United States	
18923709-685b-4a0a-9d92-147a1aad189f	625	Cherie Hendrickson	F	F40-44	14	12:25:18	1:43:15	0:05:47	4:58:52	0:05:56	5:31:28	United States	
98fe3a49-2356-f111-bec6-70a8a5b17967	626	Jacob Bowman	M	M18-24	96	12:25:22	1:17:24	0:09:10	5:39:23	0:13:40	5:05:46	United States	
cdb01aa5-6e62-f011-bec2-000d3a5b7c3b	627	Collin Smith	M	M35-39	44	12:26:08	1:27:02	0:15:33	5:36:41	0:11:02	4:55:50	United States	
efd9f563-9f4b-4ead-9e96-634d09174119	628	Thomas Revelle	M	M40-44	62	12:26:22	1:31:47	0:08:34	5:02:50	0:07:12	5:35:59	United States	
98945900-c202-42f1-b8ad-001042433813	629	Steven Weber	M	M45-49	39	12:26:25	1:49:35	0:10:40	5:15:01	0:10:38	5:00:32	United States	
272d7862-8d32-f011-8c4d-000d3a5b7c3b	630	Brendan Bozick	M	M25-29	102	12:26:31	1:49:34	0:06:20	5:22:25	0:18:46	4:49:27	United States	
4ca15839-133d-f111-88b4-0022480b88da	631	Connor Nielsen	M	M30-34	71	12:26:38	1:27:23	0:07:01	5:20:48	0:16:19	5:15:07	United States	
36f11660-b27f-f011-b4cc-000d3a5b7c3b	632	Petr Cernohorsky	M	M45-49	40	12:26:42	1:45:22	0:08:53	5:48:41	0:06:43	4:37:03	Czech Republic	
fa1df419-cf93-49a4-885c-0dc00c0e2e83	633	Dominic Fischer	M	M35-39	45	12:26:46	1:33:30	0:19:23	5:05:26	0:16:59	5:11:27	United States	
873493d4-4b13-f111-8406-6045bd06566a	634	Amanda DeMarco	F	F35-39	20	12:26:51	1:30:10	0:10:12	6:09:48	0:13:19	4:23:22	United States	
71e42a02-63e3-f011-8544-6045bd09951e	635	Mostafa Jabassini	M	M35-39	46	12:26:52	1:30:20	0:10:29	4:44:21	0:11:52	5:49:51	United States	
a13c2713-a631-f011-8c4e-000d3a3173b5	636	Jaime Swartzwelder	F	F35-39	21	12:26:58	1:39:55	0:08:52	5:29:59	0:09:32	4:58:40	United States	
e667aa8c-f5fc-42f4-95e2-0234a00fe72e	637	Emily Gump	F	F18-24	18	12:27:09	1:20:30	0:05:47	6:07:44	0:08:08	4:45:01	United States	
f2dd3ff6-73be-412b-8d16-b7ce99006fcd	638	Shari Rummel	F	F60-64	1	12:27:14	1:45:00	0:09:13	5:19:29	0:08:58	5:04:34	United States	
f5db6987-ccea-4881-89f7-84585fc39280	639	James Putt	M	M30-34	72	12:27:18	1:34:12	0:10:39	5:36:01	0:08:10	4:58:15	United States	
af25fb4c-32ec-4eca-903c-12cf3ea4416c	640	Nathan Fridley	M	M40-44	63	12:27:39	1:26:57	0:09:36	5:05:32	0:05:41	5:39:52	United States	
4240f8e4-77e3-f011-8544-6045bd09951e	641	Sophie Shi	F	F30-34	23	12:27:44	1:27:06	0:11:25	5:42:36	0:10:02	4:56:35	United States	
cbbf7663-fb94-4440-bc7b-5ad0d8de560b	642	Rachel Schwaab	F	F30-34	24	12:27:51	1:24:04	0:06:56	5:22:50	0:09:16	5:24:46	United States	
f19f79b8-1be4-ef11-8eea-000d3a5ae96c	643	Brad Foster	M	M25-29	103	12:27:59	1:28:26	0:08:21	5:23:07	0:09:08	5:18:56	United States	
a1f8c2c7-9efd-402c-b1b2-f401e53d21a5	644	Kathryn Jenks	F	F25-29	32	12:28:06	1:21:37	0:09:49	5:38:55	0:13:09	5:04:37	United States	
c7dc10ca-b68d-43f8-9164-53ce36bf3bc5	645	Carolyn Adams	F	F40-44	15	12:28:16	1:33:19	0:13:17	5:42:41	0:09:33	4:49:27	United States	
7412f167-5d06-f011-bae1-000d3a5cf7d8	646	Scott Scheinson	M	M35-39	47	12:28:44	1:27:12	0:14:32	5:53:51	0:10:42	4:42:27	United States	
15de2789-f40f-f111-8406-002248046ec8	647	Alexander Cain	M	M30-34	73	12:28:50	1:25:53	0:11:06	6:34:13	0:07:06	4:10:32	United States	
3483cdf4-cad1-ef11-8ee9-000d3a5a403c	648	Christian Bryner	M	M25-29	104	12:28:53	1:29:26	0:11:32	5:57:31	0:11:34	4:38:50	United States	
1f4c4f1e-11af-41cf-bab8-8ed90a2339c5	649	Dann Gladnick	M	M30-34	74	12:28:57	1:23:47	0:08:10	5:19:08	0:07:06	5:30:47	United States	
bf5432fb-7ca5-41f5-b10d-4cd225638063	650	Tim Sullivan	M	M45-49	41	12:29:56	1:38:36	0:10:42	5:22:46	0:10:50	5:07:03	United States	
a59369ed-6554-4a47-a983-bd14cd9f50a9	651	Dwayne Smith	M	M55-59	24	12:29:57	1:16:54	0:05:29	4:32:38	0:06:07	6:28:50	United States	
826615ec-1fb2-f011-bbd3-000d3a5b50ba	652	Ian Rinker	M	M18-24	97	12:30:40	1:21:18	0:11:55	5:23:42	0:11:24	5:22:21	United States	
06b122c2-230c-f111-8406-0022480b88da	653	Diego Fagot	M	M25-29	105	12:31:13	1:28:04	0:08:00	5:02:43	0:08:03	5:44:24	United States	
c670b1e0-5d39-ef11-8409-6045bd0953ac	654	Zachary Corbitt	M	M25-29	106	12:31:21	1:24:18	0:10:14	5:32:49	0:13:01	5:10:59	United States	
e8b47f5e-50c5-ee11-9079-6045bd0158c4	655	Daniel Bogota	M	M40-44	64	12:31:57	1:32:06	0:07:10	5:14:01	0:07:51	5:30:48	United States	
dc259590-1184-ef11-ac21-000d3a338a3c	656	Michael Oneil	M	M45-49	42	12:31:58	1:23:38	0:10:11	5:41:46	0:09:48	5:06:36	United States	
44ac644a-20d5-f011-8543-6045bd0080f9	657	Peyton Oh	M	M18-24	98	12:33:09	1:21:06	0:07:58	6:10:50	0:09:38	4:43:36	United States	
f8233051-2745-4a69-85a8-4696d4e06b55	658	丸山 誠二	M	M60-64	9	12:33:22	1:30:29	0:11:48	6:13:48	0:12:26	4:24:50	Japan	
e1b2bb9e-06fc-4f08-a827-8388cd9dbf59	659	Katelyn Brady	F	F35-39	22	12:33:39	1:27:02	0:13:36	5:47:08	0:11:25	4:54:27	United States	
37f9b366-8fa7-f011-bbd3-000d3a5b7c3b	660	Dylan DeChiara	M	M25-29	107	12:33:47	1:15:54	0:10:20	6:02:01	0:07:49	4:57:45	United States	
5b65d663-1666-4df2-b796-6312b64f79d2	661	Scott Mclallen	M	M55-59	25	12:34:16	1:08:20	0:06:51	5:16:48	0:08:04	5:54:14	United States	
7bf386df-3295-47c3-9272-138386a39875	662	Tim Timmerman	M	M55-59	26	12:34:16	1:37:41	0:09:47	4:53:10	0:09:12	5:44:27	United States	
a497936d-48e7-f011-8544-000d3a5b7c3b	663	Joe Dutton	M	M55-59	27	12:34:29	1:10:40	0:13:58	5:23:35	0:12:57	5:33:19	Ireland	
cb021780-2d84-ef11-ac21-002248049fdc	664	Aristidis Mereos	M	M18-24	99	12:34:30	1:19:03	0:07:09	5:40:28	0:06:53	5:20:58	Greece	
66e52dad-6251-f011-877a-000d3a5b7c3b	665	Timothy Hartung	M	M25-29	108	12:35:33	1:37:27	0:15:59	6:02:23	0:11:24	4:28:19	United States	
c8d08c40-b322-498a-b540-8d36ee077de6	666	Jonah Simon	M	M18-24	100	12:36:12	1:23:16	0:06:51	5:39:59	0:11:41	5:14:26	United States	
4674736d-b3a0-4da9-93ea-76034e875476	667	Gary Ott Jr	M	M40-44	65	12:36:41	1:16:26	0:09:28	5:32:44	0:11:07	5:26:55	United States	
d454077c-5c79-f011-b4cc-6045bd05f634	668	Jason Tierney	M	M25-29	109	12:36:44	1:38:24	0:09:36	5:31:52	0:11:23	5:05:30	United States	
cf9dfdd5-c09a-478d-a626-560f3eecf772	669	Lorenz Konstantin	M	M50-54	22	12:36:57	1:19:51	0:12:21	5:37:17	0:11:34	5:15:54	Canada	
0d341b57-9ef2-4b76-a321-6f6f1b31ae97	670	Coleen Dever	F	F50-54	6	12:37:01	1:39:36	0:07:51	5:36:13	0:11:05	5:02:15	United States	
f0ffb03f-42a4-4de4-9f18-4c13ca37b03e	671	Kurt Jamora	M	M35-39	48	12:37:28	1:49:48	0:09:27	5:06:42	0:11:17	5:20:14	United States	
b401f205-0f05-423b-b7dc-5e7b1d4638d9	672	Jorge Valladares	M	M35-39	49	12:37:37	1:34:41	0:09:06	5:15:27	0:11:10	5:27:12	El Salvador	
d0d39ef5-9d94-46c9-a5c7-095c59cf7567	673	Sean Kulkarni	M	M45-49	43	12:37:49	1:45:27	0:12:28	5:32:44	0:13:40	4:53:30	United States	
1a885e96-4cd9-f011-8544-000d3a5cf7d8	674	Sam Duman	M	M25-29	110	12:38:05	1:36:37	0:16:49	5:53:41	0:13:12	4:37:46	United States	
c0ecb8ba-ca92-f111-8077-70a8a5b19cbc	675	Marti Distura	M	M18-24	101	12:38:15	1:23:48	0:07:23	5:56:13	0:12:45	4:58:06	United States	
a74b3002-955e-f111-a826-0022480b35b6	676	Dan Rohan	M	M30-34	75	12:38:57	1:23:09	0:07:48	5:45:37	0:10:04	5:12:18	United States	
7399a646-0d6b-f111-a826-6045bd08b1a2	677	Jackson Quenzer	M	M18-24	102	12:39:08	1:39:59	0:15:53	5:24:53	0:10:36	5:07:46	United States	
d3c591f9-69fc-f011-8406-6045bd06e531	678	Benjamin Damon	M	M25-29	111	12:39:28	1:21:12	0:11:39	5:29:15	0:09:10	5:28:12	United States	
a3410f4a-9634-e511-9403-005056951bf1	679	Jeff Gilbert	M	M50-54	23	12:39:54	1:42:36	0:06:39	5:00:52	0:06:11	5:43:36	United States	
a9fe486c-d602-4b15-82b0-63776cdbf59c	680	Payam Amirsayafi	M	M50-54	24	12:40:05	2:01:04	0:07:07	5:08:53	0:09:32	5:13:29	United States	
6f8af9b9-eb93-ef11-8a6a-000d3a338a3c	681	Ashley Carney	F	F35-39	23	12:40:07	1:42:18	0:10:13	5:50:38	0:11:36	4:45:21	United States	
b073e4b0-87f9-f011-8406-6045bd06566a	682	John Latterner	M	M25-29	112	12:40:16	1:51:50	0:05:09	5:08:47	0:06:33	5:27:58	United States	
4beea065-99ae-ef11-b8e9-000d3a5a1803	683	Lauren Visconti	F	F30-34	25	12:40:29	1:26:28	0:14:29	6:09:05	0:20:25	4:30:03	United States	
3fa06b74-18a1-ea11-a812-000d3a5a1cf8	684	Michael Gregory	M	M35-39	50	12:40:30	1:25:56	0:14:28	5:32:35	0:14:23	5:13:08	United States	
7224492e-70cc-f011-bbd3-000d3a5b50ba	685	Schafer Heiner	M	M25-29	113	12:40:44	1:34:42	0:10:28	5:48:39	0:08:22	4:58:33	United States	
5bce789a-2a71-f011-b4cc-6045bd05f634	686	Dom SCIFO	M	M25-29	114	12:40:50	1:10:17	0:12:11	6:20:23	0:15:33	4:42:25	United States	
e2734474-f3c6-f011-bbd3-6045bd05f634	687	Nathan Howard	M	M25-29	115	12:41:35	1:19:20	0:11:59	5:54:01	0:09:46	5:06:28	United States	
15432413-e535-4fd7-a166-8a5eb39a7a79	688	C. Ozgur Guneri	M	M50-54	25	12:41:48	1:57:46	0:11:34	5:38:10	0:11:05	4:43:11	Turkey	
1a87f563-5ebe-f011-bbd3-002248098cfa	689	Timoty Thivierge	M	M35-39	51	12:41:57	1:30:50	0:14:49	5:02:12	0:11:08	5:42:57	Canada	
1476cb2b-8e07-4e4c-95a3-b40aa7affed8	690	Timothy Sowa	M	M30-34	76	12:42:15	1:25:23	0:15:48	5:44:54	0:08:58	5:07:11	Finland	
2ffa1c34-bece-f011-bbd3-000d3a35ffc1	691	Caleb Miller	M	M18-24	103	12:42:20	1:34:09	0:11:02	5:34:20	0:11:17	5:11:32	United States	
277a23ac-439e-ef11-8a6a-6045bd02949c	692	John Tropeano	M	M18-24	104	12:42:41	1:48:44	0:07:48	5:18:07	0:09:15	5:18:47	United States	
0a5970a2-0a5a-f111-bec6-70a8a59b58e6	693	Cary Brown	M	M18-24	105	12:42:47	1:36:51	0:09:04	5:36:29	0:10:40	5:09:43	United States	
0c703f6e-2b55-f111-bec7-002248081bd6	694	Amal Patel	M	M18-24	106	12:42:55	1:26:38	0:11:36	5:26:53	0:09:23	5:28:24	United States	
547c4a81-0231-4943-9550-6838cd67643f	695	Amore Fryman Jr	M	M40-44	66	12:42:56	1:45:17	0:13:43	4:38:38	0:12:16	5:53:01	United States	
e74cdc59-35c2-4922-905a-92fc71f8f7f6	696	Michael Kemp	M	M55-59	28	12:43:05	1:26:52	0:07:07	4:56:09	0:05:49	6:07:08	United States	
9b62edc0-1a8c-424e-8014-5dec47973100	697	Kimberly Plewa	F	F40-44	16	12:43:26	1:22:15	0:12:27	6:14:18	0:15:00	4:39:26	United States	
72740faf-2e96-41ce-9e9c-e7c40d13c003	698	Traci Heiner	F	F60-64	2	12:43:40	1:46:46	0:09:22	5:40:35	0:11:47	4:55:10	United States	
43ba473d-5eaa-415f-b0f6-96e825fd8e01	699	Ashli Collins	F	F50-54	7	12:43:59	1:33:03	0:09:54	5:23:59	0:08:22	5:28:42	United States	
53a3eb63-12c8-4503-9a35-32adc33109fb	700	Jamila Allen	F	F35-39	24	12:44:04	1:26:17	0:09:31	5:52:52	0:09:32	5:05:52	United States	
2d9702e4-b960-f011-bec3-0022480a7385	701	Erika Stephens	F	F18-24	19	12:44:25	1:24:20	0:14:29	6:31:47	0:11:25	4:22:24	United States	
958d53c8-03f7-f011-8406-0022480b84a3	702	Joe Phillips	M	M45-49	44	12:44:29	1:26:28	0:12:31	5:29:06	0:08:53	5:27:32	United States	
63601a1f-a632-f011-8c4e-000d3a3173b5	703	Juan Deleon	M	M40-44	67	12:44:44	1:31:27	0:13:28	5:44:41	0:16:19	4:58:48	United States	
f83ff835-3fe4-f011-8543-6045bd05fcc1	704	Joseph Wheeler	M	M30-34	77	12:45:25	1:54:57	0:06:56	5:45:36	0:07:22	4:50:34	United States	
ab05c66b-e2cd-ef11-b8e8-6045bd088264	705	Josh Edwards	M	M30-34	78	12:45:29	1:45:16	0:10:31	5:59:23	0:14:24	4:35:55	United States	
51232486-9738-4716-bee9-b0ad080745e0	706	Steve Kanovsky	M	M60-64	10	12:45:46	1:25:34	0:10:03	5:38:00	0:09:44	5:22:26	United States	
6a7386a7-ef90-f111-8076-6045bd07ecb3	707	Abraham Baca	M	M35-39	52	12:45:52	1:36:20	0:09:20	5:36:03	0:13:34	5:10:35	United States	
8206734a-05ec-493c-bee0-a320c447830f	708	Brittany Forgione	F	F40-44	17	12:45:53	1:38:35	0:09:16	6:06:57	0:08:00	4:43:04	United States	
d9bedaf9-2352-f011-877a-0022480a7385	709	Charlie Keiser	M	M18-24	107	12:46:11	1:37:56	0:09:32	5:56:14	0:11:15	4:51:13	United States	
67e52447-f6a3-f011-bbd3-000d3a35ffc1	710	Kristen Poe	F	F35-39	25	12:46:27	1:28:27	0:16:36	5:47:06	0:14:56	4:59:23	United States	
9beba29b-391b-444c-a229-edccf851cca0	711	Natalie Ruffner	F	F25-29	33	12:46:34	1:25:35	0:06:16	5:40:53	0:07:32	5:26:19	United States	
45ff8995-3a18-f111-8341-0022480b88da	712	Allen Fang	M	M18-24	108	12:47:11	1:31:38	0:16:16	5:46:46	0:16:48	4:55:42	United States	
3f0d74ef-6c5e-f011-bec2-000d3a5cf7d8	713	Gabriel Fountain	M	M18-24	109	12:47:18	1:38:28	0:07:00	5:41:48	0:07:29	5:12:33	United States	
ee51d531-48bf-ec11-983e-000d3a5aab84	714	Jonathon Ostrander	M	M50-54	26	12:47:22	1:23:33	0:11:27	4:55:49	0:17:01	5:59:33	United States	
370651e9-649d-f011-b41c-000d3a5cf7d8	715	Savannah Hays	F	F25-29	34	12:47:23	1:49:19	0:10:27	5:45:00	0:11:10	4:51:28	United States	
81aa821d-6157-4295-85c7-a2cdff679f47	716	Trebor Zaldivar	M	M25-29	116	12:47:38	1:30:20	0:15:20	5:45:13	0:11:29	5:05:17	Mexico	
f25cfa0a-a288-4c7b-adeb-4fdd02ed9ebc	717	Evan Zilliox	M	M45-49	45	12:48:08	1:32:25	0:07:42	4:47:51	0:09:02	6:11:08	United States	
e2cfce79-0ccf-4175-ad13-0984e429f209	718	Rachel Leach	F	F30-34	26	12:48:09	1:34:55	0:15:00	5:40:28	0:08:18	5:09:28	United States	
9ada91ee-3dc8-450a-8a0f-3e90e35a6c72	719	Halden Dimogerodakis	F	F45-49	13	12:48:44	1:29:29	0:11:21	5:46:07	0:10:35	5:11:12	United States	
2bc5e05d-0f8d-f111-ab10-6045bd08b1a2	720	Jade Peterson	F	F30-34	27	12:49:05	1:51:45	0:06:31	6:23:44	0:12:34	4:14:32	United States	
b37cc839-fff1-45d7-8d08-d3eb0665b488	721	Matthew Weissberg	M	M45-49	46	12:49:12	1:28:21	0:09:05	5:41:47	0:12:40	5:17:20	United States	
7976fb0e-94c9-4b4b-a25f-a79de10644a3	722	Melanie Brown	F	F40-44	18	12:49:14	1:46:04	0:10:47	5:30:08	0:09:50	5:12:25	United States	
e3c7965e-3ce8-f011-8543-000d3a5b5fc7	723	Joshua Leidy	M	M30-34	79	12:49:15	1:19:27	0:06:25	5:45:53	0:06:55	5:30:35	United States	
edcde979-d5e3-411c-bee9-eceac986141c	724	Dustin Brown	M	M50-54	27	12:49:16	1:21:20	0:12:17	5:10:04	0:09:41	5:55:55	United States	
73dd4115-2bc1-428e-b87a-34d1901cef2b	725	Steven Vaccaro	M	M50-54	28	12:49:37	1:35:46	0:08:38	5:50:17	0:06:48	5:08:09	United States	
34f20fab-ab5f-4b18-a15b-7aa88f75d8c2	726	Mark Simonsen	M	M25-29	117	12:49:43	1:20:36	0:15:17	5:48:58	0:11:01	5:13:52	United States	
26f9132f-db62-f111-a826-6045bd06566a	727	Sarah Cote	F	F30-34	28	12:49:43	1:54:43	0:12:01	6:16:05	0:10:06	4:16:48	United States	
a9743780-bbcc-4781-be75-259c40cf8f28	728	Andres Angel	M	M50-54	29	12:49:49	1:32:22	0:09:29	4:47:13	0:14:26	6:06:20	United States	
5b5fb8d5-dc66-4a5e-a29d-e5dbabeba3eb	729	Patrick Landrigan	M	M30-34	80	12:49:51	1:29:52	0:11:26	6:09:03	0:08:58	4:50:32	United States	
4faa2427-e798-4fb6-9896-c535290b4491	730	Mark Hanlon	M	M65-69	4	12:49:57	1:37:40	0:13:30	5:07:31	0:10:59	5:40:16	United States	
dcb2e24a-dac3-f011-bbd3-6045bd09951e	731	Noah Sternick	M	M18-24	110	12:49:59	1:29:04	0:06:57	6:00:07	0:13:12	5:00:40	United States	
6f52526e-0565-4728-adb6-8777fe8cd25a	732	Ricardo Santos	M	M50-54	30	12:50:31	1:31:09	0:11:20	5:12:39	0:08:48	5:46:35	United States	
c01bf1a0-38a9-4769-a09e-07531859bf34	733	John Grieco	M	M60-64	11	12:51:02	1:28:46	0:11:51	5:09:38	0:10:18	5:50:30	Italy	
876d9085-3dbd-4c39-bcde-60cb15312150	734	Gandy Pierre-Louis	M	M55-59	29	12:51:28	1:38:58	0:12:39	5:22:31	0:08:32	5:28:47	United States	
5220dc96-fad9-4402-9c9d-b512539fdaa7	735	Jennifer Coyne	F	F50-54	8	12:51:40	1:29:54	0:12:49	5:28:25	0:09:33	5:30:59	United States	
bd1ba816-646c-ef11-bfe3-000d3a371e3b	736	Noah Johanningsmeier	M	M18-24	111	12:51:55	1:32:54	0:08:06	6:00:24	0:10:05	5:00:27	United States	
b0f48b4e-bcc8-40a2-8d3e-da8b56ab8640	737	William Lauffer	M	M35-39	53	12:52:03	1:45:14	0:17:28	5:28:06	0:17:09	5:04:05	United States	
1b9a9375-460c-45cc-bc91-21560c9319ec	738	Luis Lopez	M	M45-49	47	12:52:15	1:52:29	0:08:55	6:03:59	0:08:54	4:37:57	Guatemala	
db904e99-e7ce-f011-bbd3-000d3a35ffc1	739	Nicolas Gutlove	M	M25-29	118	12:52:17	1:30:18	0:15:47	5:38:13	0:16:10	5:11:48	United States	
813760ae-869e-4cb5-9777-1434bc0e67b6	740	Randy Roberts	M	M40-44	68	12:52:40	1:43:04	0:15:12	5:11:59	0:09:10	5:33:14	United States	
1b98f43f-d216-45a0-aea0-74693abe6311	741	Kim Irons	F	F40-44	19	12:52:44	1:34:18	0:08:58	5:37:20	0:09:41	5:22:27	United States	
2efc5362-4e25-f011-8c4d-6045bd09951e	742	Ambrose Castillo	M	M18-24	112	12:52:53	1:52:13	0:05:32	6:47:11	0:05:11	4:02:45	United States	
433eda17-f601-4d42-a698-19495a98cdbf	743	Bo Petkovich	M	M55-59	30	12:52:58	1:35:18	0:05:50	4:58:56	0:11:25	6:01:28	Serbia	
4772439f-8024-f111-8341-0022480a5755	744	Aiden Gormley	M	M18-24	113	12:53:11	1:22:56	0:10:17	6:11:30	0:19:25	4:49:03	United States	
f38b56fc-069c-f111-b8dc-0022480994c2	745	Clay Gibson	M	M18-24	114	12:53:43	1:32:29	0:07:57	5:54:36	0:11:28	5:07:13	United States	
0ff59f1a-44df-f011-8543-000d3a5b5fc7	746	Joseph Pipoli	M	M30-34	81	12:53:50	1:31:39	0:06:14	6:01:00	0:09:31	5:05:26	United States	
fcb148a9-e1dc-4fbf-9414-d173d44061c0	747	Miles Hubscher	M	M30-34	82	12:53:50	1:50:23	0:11:49	5:36:44	0:11:55	5:03:00	United States	
0771facf-65d6-4d8f-adfc-096068f2f514	748	Stephen Warren	M	M45-49	48	12:53:58	1:41:50	0:11:18	5:50:23	0:11:16	4:59:12	United States	
30a5490f-e8a2-ef11-8a6a-002248049fdc	749	Blair Budlong	M	M50-54	31	12:54:18	1:28:10	0:14:11	5:36:37	0:11:05	5:24:16	United States	
c2f7e6aa-5208-4d59-9747-eaf113d6d495	750	Kirsten Lee	F	F35-39	26	12:54:23	2:14:44	0:10:24	5:57:53	0:10:37	4:20:46	United States	
381892a6-0c59-44c8-a541-8bc49e50078c	751	Annemarie Spragins	F	F35-39	27	12:54:24	1:46:00	0:05:15	5:17:35	0:08:47	5:36:46	United States	
89fb96ae-4e13-443a-982e-f56564071775	752	David Purkert	M	M35-39	54	12:55:00	1:28:26	0:06:32	6:03:03	0:10:01	5:06:58	United States	
eb7d0aec-4798-ef11-8a6a-002248049fdc	753	Nina Rosado	F	F25-29	35	12:55:17	1:27:01	0:10:08	6:22:01	0:12:26	4:43:41	United States	
fa9b1ac4-05a7-f011-bbd3-000d3a35ffc1	754	Talia Hayes	F	F25-29	36	12:55:26	1:35:04	0:08:22	5:56:13	0:10:12	5:05:35	United States	
db26231d-f1f0-f011-8407-6045bd04a162	755	Joshua Von Seggern	M	M25-29	119	12:55:29	1:19:23	0:16:38	5:46:54	0:11:19	5:21:15	United States	
998e371d-52f5-4090-9930-3e17f12d82a3	756	Matt Oblender	M	M40-44	69	12:55:30	1:33:15	0:11:56	5:49:24	0:11:53	5:09:03	United States	
1b895bf3-f19d-f011-b41c-6045bd05f634	757	Christopher Klug	M	M30-34	83	12:55:53	1:23:43	0:13:28	5:24:05	0:12:21	5:42:16	United States	
cfae8904-fc70-4129-8a3f-d4b11f14bec4	758	Louis Lammers	M	M25-29	120	12:56:19	1:32:01	0:11:24	5:55:20	0:13:29	5:04:06	United States	
fc1d1cce-ecc3-4082-9fed-e6bbc48f57ff	759	Miguel Martinez	M	M25-29	121	12:56:22	1:37:45	0:09:19	5:37:51	0:11:22	5:20:05	United States	
8d6d0e04-3542-f011-b4cb-000d3a3173b5	760	Aaron Cox	M	M18-24	115	12:56:33	1:18:10	0:14:26	5:50:47	0:10:46	5:22:23	United States	
86029f4c-0e62-494c-8f46-6a1a8350c4e4	761	Bobby Cox	M	M25-29	122	12:56:37	1:23:41	0:09:06	5:50:42	0:10:43	5:22:24	United States	
a96c0ff2-6dbd-4651-8d38-c338b8a990fb	762	Sidney Uriarte	F	F25-29	37	12:56:57	1:34:51	0:12:50	6:01:52	0:14:01	4:53:23	United States	
fc3abe00-1ca5-ef11-8a6a-000d3a5a1803	763	Andrew Wagner	M	M25-29	123	12:56:58	1:27:13	0:09:02	5:38:35	0:11:57	5:30:11	United States	
cc06392b-7999-ef11-8a6a-000d3a59a9a1	764	Dominick Jimenez	M	M18-24	116	12:57:15	1:43:43	0:11:42	6:10:40	0:15:18	4:35:52	United States	
3aeb4cc5-9436-4401-bab3-55c305badd6f	765	Brandon Probst	M	M50-54	32	12:57:27	1:37:39	0:14:07	5:35:12	0:13:03	5:17:27	United States	
78b9fd9c-86e3-f011-8544-002248098cfa	766	Stephanie Nichols	F	F30-34	29	12:57:51	1:35:16	0:09:25	6:02:00	0:11:00	5:00:11	United States	
b3f6a8ce-d3c2-4e64-9637-3c6cd653a91e	767	Bryan Eberl	M	M30-34	84	12:57:55	1:24:39	0:08:06	5:15:32	0:11:10	5:58:27	United States	
10257fc9-5b47-f111-bec5-7ced8d6ddef7	768	Becca Vavasseur	F	F25-29	38	12:58:28	1:29:57	0:09:31	6:04:21	0:09:22	5:05:17	United States	
269ab243-36c5-4df1-b052-a169e3d54420	769	Dustin Baellow	M	M35-39	55	12:58:59	1:46:16	0:09:21	6:05:52	0:12:07	4:45:23	United States	
2a1a4dbc-2060-f011-bec3-6045bd05f634	770	Steven Rodriguez	M	M18-24	117	12:59:01	1:34:55	0:07:16	6:28:57	0:14:28	4:33:24	Dominican Republic	
1e8390bf-cec6-f011-bbd3-000d3a5b50ba	771	Molly Borillo	F	F30-34	30	12:59:10	1:27:48	0:11:53	6:16:56	0:14:38	4:47:54	United States	
e809aa32-e79e-f011-b41c-6045bd05fcc1	772	Patrick Walsh	M	M55-59	31	12:59:41	1:31:44	0:08:47	4:58:43	0:06:47	6:13:39	United States	
2e60b527-449a-f011-b4cc-000d3a5b50ba	773	Alfredo Hernandez Franco	M	M35-39	56	12:59:44	1:43:01	0:10:02	5:52:10	0:14:15	5:00:16	Mexico	
7dfe0177-8cee-f011-8406-00224804742c	774	Sam Duncan	M	M25-29	124	13:00:04	1:25:22	0:06:58	5:08:24	0:08:03	6:11:17	United States	
cfd5f927-9771-4464-87bb-2fff0fe1a208	775	Alex Miller	M	M25-29	125	13:00:22	1:32:08	0:10:48	6:01:44	0:11:44	5:03:58	United States	
0e79186b-2b96-f011-b4cc-6045bd05fcc1	776	Luke Finestone	M	M25-29	126	13:00:34	1:27:23	0:10:17	6:05:19	0:10:54	5:06:41	United States	
7b115ad0-01f8-f011-8406-6045bd06566a	777	Lillian Kistner	F	F18-24	20	13:01:00	1:24:33	0:08:33	5:54:32	0:12:22	5:21:00	United States	
b2f57f23-e3a6-ef11-8a6a-000d3a59a9a1	778	Matthew Distefano	M	M30-34	85	13:01:08	1:22:06	0:07:55	5:38:18	0:06:49	5:46:00	United States	
a1d19205-145d-f011-bec2-000d3a5cf7d8	779	Jason Douglas	M	M50-54	33	13:01:20	1:56:29	0:09:42	5:12:40	0:09:51	5:32:37	United States	
662126e2-8582-4e30-b186-c9e491eff68e	780	Christina Hotsko	F	F40-44	20	13:01:24	1:43:22	0:09:18	5:33:34	0:10:58	5:24:11	Panama	
4406598e-b377-44dc-b400-3168d0451b52	781	Abigale Skaudis	F	F25-29	39	13:01:25	1:27:16	0:09:33	5:45:00	0:09:02	5:30:34	United States	
f8a8b187-f160-ef11-bfe3-00224808301f	782	Justin Lotter	M	M40-44	70	13:01:53	1:29:57	0:12:40	5:33:03	0:14:52	5:31:21	United States	
8d3387b1-6c3b-41ae-aea0-9e8ea8c13704	783	David Watts	M	M60-64	12	13:03:02	1:53:35	0:09:35	5:33:18	0:07:18	5:19:15	United States	
ee6e17a2-b533-ef11-8409-6045bd017e21	784	Megan Haigler		F25-29	40	13:03:10	1:30:44	0:12:01	6:02:36	0:17:03	5:00:46	United States	
3dd688a2-f9b0-4510-a2f5-368ce4bd1812	785	Paul Fonte	M	M45-49	49	13:03:18	1:25:51	0:09:04	5:15:14	0:09:16	6:03:53	United States	
d10e6512-e31b-4ad9-be96-df9e6f92901e	786	Thomas Yourkiewicz	M	M35-39	57	13:03:43	1:31:55	0:09:37	5:25:44	0:11:06	5:45:21	United States	
a43b7c2e-1778-4efc-b6eb-73bf969458ef	787	Alayna Blazakis	F	F45-49	14	13:03:46	1:31:56	0:09:38	5:31:14	0:06:29	5:44:29	United States	
c01943b6-e58b-49fb-beeb-011503858fa9	788	DEREK BRAXTON	M	M35-39	58	13:03:49	1:43:34	0:13:54	5:38:53	0:15:20	5:12:08	United States	
9cbed125-a066-f011-bec3-6045bd05f634	789	michael fialho	M	M18-24	118	13:03:52	1:22:15	0:06:11	6:13:11	0:06:56	5:15:19	United States	
d7525d95-aedb-4da5-aeda-60b930b227c9	790	Michael Friis	M	M40-44	71	13:03:57	1:30:28	0:07:54	6:04:32	0:10:02	5:11:01	United States	
5323245b-e9ce-f011-bbd3-000d3a35ffc1	791	Daniel Turskey	M	M35-39	59	13:04:04	1:25:57	0:08:21	5:53:16	0:08:57	5:27:33	United States	
a984ca73-ea6d-43d7-9865-cc0f0bd9576e	792	Christopher Violanti	M	M60-64	13	13:05:21	1:29:34	0:08:16	5:09:26	0:10:11	6:07:55	United States	
6b731f5a-8629-f111-8341-0022480994c2	793	Eileen Hu	F	F18-24	21	13:05:37	1:45:24	0:04:52	5:24:18	0:05:59	5:45:03	United States	
36a0c9d3-1922-442f-b259-0d7ae9a771ec	794	Byron Burrell	M	M18-24	119	13:05:43	1:25:23	0:15:50	6:36:40	0:12:23	4:35:27	United States	
fe0e2106-285a-f111-bec7-0022480994c2	795	Nicholas Moore	M	M30-34	86	13:06:03	1:35:33	0:05:00	5:31:53	0:05:08	5:48:29	United States	
f4c0ca25-182d-f011-8c4d-000d3a3ba383	796	Dilan McArthur	M	M18-24	120	13:06:13	1:29:19	0:10:59	5:53:34	0:08:07	5:24:13	United States	
c99e5762-c2da-f011-8544-000d3a5b7c3b	797	Robert Niscior	M	M30-34	87	13:06:22	1:42:25	0:09:36	6:13:52	0:08:42	4:51:47	United States	
f0cd64bf-abee-4631-a50a-fe7492f5d9c7	798	Robin Laubaugh	F	F65-69	1	13:06:22	1:24:53	0:07:24	5:42:15	0:09:52	5:41:58	United States	
fb9139e4-9e45-4d58-91ed-3dba5de040f3	799	Scott Moore	M	M60-64	14	13:06:47	1:35:25	0:14:32	5:38:37	0:10:34	5:27:39	United States	
533007f0-8c69-ef11-bfe3-000d3a371e3b	800	Christian Guglielmini	M	M30-34	88	13:07:30	1:36:06	0:16:22	6:17:07	0:11:39	4:46:16	United States	
552511fd-bd39-f111-88b3-6045bd08b1a2	801	Frederic Lotti	M	M50-54	34	13:07:32	1:50:52	0:11:15	5:46:04	0:09:44	5:09:37	United States	
742d949a-4428-4195-9aa4-30cf9704d0bf	802	Richard Ennis	M	M40-44	72	13:07:33	1:26:33	0:17:56	5:36:14	0:12:23	5:34:27	United States	
d32ac732-049a-479a-b441-90f56a0ac354	803	Katherine Gage	F	F35-39	28	13:07:34	1:15:47	0:08:39	6:27:40	0:11:42	5:03:46	United States	
1857c6d3-9e6f-4f98-9f74-ece98a0b1ad6	804	Andrew Lucas	M	M55-59	32	13:09:14	1:37:50	0:08:04	5:10:45	0:10:55	6:01:41	United States	
d51c30a6-0f09-f111-8406-6045bd06566a	805	David Hasegan	M	M30-34	89	13:09:27	1:18:59	0:08:38	5:46:31	0:10:00	5:45:19	United States	
cc3981b8-bf8e-4e56-985d-832ab2b9d695	806	Jean Compton	F	F65-69	2	13:09:50	1:39:02	0:17:42	5:58:18	0:18:58	4:55:50	Canada	
963f14b6-926c-42a2-b061-6b9c5fe47cd6	807	Yali Fu	F	F60-64	3	13:10:20	1:42:34	0:13:02	5:40:31	0:08:12	5:26:02	United States	
1a823a28-8d7f-f111-ab0f-002248046ec8	808	Guy Adami	M	M25-29	127	13:10:43	1:33:50	0:11:51	4:49:44	0:05:49	6:29:30	United States	
0b8924dc-9e2b-40c8-87fb-cd1c9c6fd4ab	809	Devin Ream	M	M40-44	73	13:11:51	1:35:20	0:09:34	6:01:55	0:10:49	5:14:13	United States	
b1cc2ebd-51b1-e911-a999-000d3a34ef1d	810	Leo Huang	M	M50-54	35	13:11:57	1:32:14	0:13:46	5:41:11	0:12:01	5:32:44	United States	
9f55acdf-c07b-f111-ab0f-0022480994c2	811	Adrian alvarez	M	M25-29	128	13:12:09	1:38:10	0:07:59	6:23:12	0:06:46	4:56:02	United States	
086fe127-09ab-4bf6-ae15-2bcbc3114201	812	Kaylee Conklin	F	F25-29	41	13:12:18	1:19:03	0:10:42	5:57:57	0:09:19	5:35:17	United States	
96c494b4-d0fe-44aa-8f1f-337f268c91b6	813	Robert Ginsberg	M	M65-69	5	13:12:37	1:32:33	0:07:30	5:59:37	0:10:28	5:22:30	United States	
640c7af2-7192-f011-b4cc-000d3a5b7c3b	814	Lester Cheng	M	M18-24	121	13:13:19	1:45:24	0:12:00	5:55:30	0:12:04	5:08:21	Taiwan	
307db6fc-6ebb-46bd-8214-d140f270c53b	815	Nathan Perry	M	M25-29	129	13:13:20	1:36:06	0:08:02	6:22:56	0:10:16	4:56:01	United States	
06c9f0ff-5080-4e3a-be87-83769203fbcf	816	Kathy Crawford	F	F55-59	7	13:13:43	1:42:39	0:09:40	5:50:17	0:10:07	5:21:00	United States	
157a8bad-0a84-488e-9d5b-51ab1565c63a	817	Rachel Lin	F	F25-29	42	13:14:01	1:20:53	0:09:42	6:34:04	0:13:34	4:55:48	United States	
d5c63d84-e7e1-f011-8543-6045bd05fcc1	818	Ryden Suzuki	M	M18-24	122	13:14:08	1:44:34	0:09:07	5:37:36	0:11:10	5:31:42	United States	
526a6cb7-0b25-f011-8c4d-000d3a35ffc1	819	Tessa Parker	F	F30-34	31	13:14:46	1:39:25	0:08:31	5:42:48	0:10:16	5:33:47	United States	
f6d0d568-595f-f111-a826-0022480a5755	820	Jamie Groshong	M	M18-24	123	13:14:51	1:28:58	0:10:50	5:45:51	0:06:35	5:42:38	United States	
091a9fd6-66da-ef11-8ee9-6045bd088264	821	Sasha Umansky	F	F18-24	22	13:14:55	1:30:02	0:08:04	6:02:51	0:09:53	5:24:05	United States	
804b5c22-7a4c-f111-bec5-6045bd08b1a2	822	Celine Diz	F	F25-29	43	13:15:08	1:37:35	0:13:07	5:55:55	0:10:22	5:18:09	United States	
2a976ed9-9ccc-f011-bbd3-000d3a5b7c3b	823	Christopher Hanlon	M	M25-29	130	13:15:11	1:46:54	0:07:09	6:02:36	0:07:37	5:10:56	United States	
56d3b246-4b02-40dd-ac46-02e5091fe623	824	Richard Pitt	M	M50-54	36	13:15:27	1:18:11	0:06:44	5:20:41	0:09:42	6:20:09	United Kingdom	
59bd5c9c-2d81-4499-97c2-a735c47b7043	825	Kevin Diep	M	M35-39	60	13:15:48	1:27:49	0:13:43	5:34:42	0:13:45	5:45:48	United States	
4378934b-ae0d-4476-8ede-5a75f3e8e92b	826	Bobby Moore	F	M60-64	15	13:15:54	1:21:20	0:09:01	5:11:57	0:08:54	6:24:42	United States	
e88a95d1-0e9f-40fd-a602-d27c51302962	827	Eric Shelton	M	M30-34	90	13:16:15	1:24:58	0:17:24	6:18:54	0:18:41	4:56:19	United States	
c510f758-6cf4-481e-ae8a-720bde3c8f97	828	Victoria Reed	F	F40-44	21	13:16:29	1:45:08	0:10:16	5:49:34	0:11:00	5:20:31	United States	
b3c42129-bf1b-ef11-840b-6045bd012ace	829	Erika Ringling	F	F35-39	29	13:17:02	1:30:38	0:16:08	6:24:28	0:08:12	4:57:35	United States	
c87a2723-8538-f111-88b4-002248081bd6	830	Raymond Lursen	M	M18-24	124	13:17:15	1:40:28	0:12:47	6:15:56	0:12:18	4:55:47	United States	
355acc7d-8e18-4d0f-8895-4d41df510161	831	Dan McCaughan	M	M45-49	50	13:17:17	1:37:55	0:12:49	5:54:43	0:10:39	5:21:11	United States	
8c22766a-f23f-44eb-b120-fa8a11501395	832	Brian Rogerson	M	M60-64	16	13:17:50	1:28:30	0:10:03	5:25:27	0:08:24	6:05:27	United States	
e4456710-f521-429d-ab01-17c825617841	833	Hang Kei Simon Wong	M	M40-44	74	13:17:53	1:42:08	0:18:36	5:38:39	0:12:47	5:25:43	United States	
a6cfd849-f152-f111-bec6-6045bd08b1a2	834	Jacob Ewen	M	M25-29	131	13:17:59	1:20:57	0:16:29	6:10:28	0:29:03	5:01:02	United States	
804c0a58-844e-ee11-be6e-000d3a314be4	835	Dave Capitano	M	M60-64	17	13:18:31	1:57:43	0:12:35	6:01:09	0:12:03	4:55:00	United States	
171b6f7f-5830-f011-8c4e-6045bd05fcc1	836	Jack Posner	M	M25-29	132	13:18:35	1:33:22	0:12:02	6:25:28	0:08:50	4:58:54	United States	
5997773b-f935-f011-8c4e-000d3a35ffc1	837	Ernest Kim	M	M40-44	75	13:19:24	1:45:21	0:10:37	5:25:34	0:16:19	5:41:32	South Korea	
df07ee83-5f5e-f011-bec1-0022480c097c	838	Juan Sanchez Zinny	M	M40-44	76	13:19:30	1:22:04	0:09:21	5:50:44	0:11:38	5:45:43	Argentina	
14423505-b03e-f111-88b3-6045bd08b1a2	839	Andrew Larkin	M	M30-34	91	13:19:43	1:22:16	0:08:35	6:00:54	0:11:24	5:36:34	United States	
3b21e2ac-512e-4054-ae51-a0b2530a7e0f	840	Louis Ortiz	M	M35-39	61	13:19:47	1:34:16	0:09:28	5:58:27	0:10:11	5:27:26	United States	
3defacaf-80af-ef11-b8e8-6045bd088264	841	Maddy Reilly	F	F25-29	44	13:20:01	1:16:12	0:06:12	6:06:54	0:09:28	5:41:15	United States	
687a798f-8946-4143-9fbb-2c8e83d7de80	842	Mark Trebatch	M	M35-39	62	13:20:04	1:37:48	0:12:45	6:01:55	0:14:13	5:13:22	United States	
6e631c09-b17d-429e-9241-0b1fb279f446	843	Erik Torres	M	M40-44	77	13:20:11	1:32:12	0:12:27	5:35:54	0:09:43	5:49:55	Puerto Rico	
5d488aef-9148-f011-877a-0022480c097c	844	Catherine Keve	F	F30-34	32	13:20:15	1:21:26	0:08:36	6:07:08	0:13:23	5:29:43	United States	
200d2a4c-6cf3-ef11-9342-000d3a5ae96c	845	Christopher Calderon	M	M50-54	37	13:20:43	1:47:10	0:16:49	6:01:21	0:14:38	5:00:45	United States	
9e6fb55c-a5c8-f011-bbd3-6045bd05fcc1	846	Francis Notarianni	M	M30-34	92	13:21:17	1:31:13	0:11:59	5:47:04	0:12:13	5:38:48	United States	
72c17b06-502c-43cb-b17c-ab25011d93d7	847	Pedro Perezreyes	M	M45-49	51	13:21:30	1:42:22	0:13:44	5:52:04	0:12:05	5:21:14	El Salvador	
64b6f4d7-5d54-ef11-a316-00224808301f	848	Jarrod Branch	M	M35-39	63	13:21:38	1:35:09	0:08:18	6:08:26	0:10:02	5:19:44	United States	
de4f80f4-ac95-f111-8076-0022480a5755	849	Jadon Brooks	M	M18-24	125	13:21:58	1:37:38	0:09:32	6:06:50	0:12:43	5:15:16	United States	
40034502-1c92-4509-a7ef-7b937eec3de5	850	Jordan Fortunato	M	M25-29	133	13:22:29	1:26:46	0:09:14	6:02:58	0:07:28	5:36:02	United States	
167b93e0-119b-f011-b4cc-000d3a5cf7d8	851	Leonard McCauley	M	M50-54	38	13:22:32	1:29:43	0:11:14	4:58:18	0:11:10	6:32:07	United States	
e16fc0f3-0347-f111-bec5-0022480a5755	852	YIYUAN SHEN	M	M25-29	134	13:22:33	1:49:32	0:17:34	5:56:56	0:08:20	5:10:10	China	
9604b0fc-4b5c-f111-a826-6045bd08b1a2	853	Noah Kasper	M	M18-24	126	13:23:01	1:12:34	0:06:33	6:03:54	0:09:10	5:50:50	United States	
d3b882f5-cc5a-ec11-8f8f-000d3a5cb314	854	Sanjana Reddy	F	F25-29	45	13:23:10	1:34:06	0:08:56	5:33:36	0:10:44	5:55:48	India	
3b8ca495-626e-4d19-9500-f64328fffbd2	855	Kenneth Lane	M	M60-64	18	13:23:49	1:33:28	0:16:06	5:38:07	0:14:28	5:41:41	United States	
cc71fad6-bdb5-f011-bbd2-000d3a318445	856	Alex Ludwig	M	M18-24	127	13:24:04	1:25:07	0:11:18	5:53:44	0:07:44	5:46:11	United States	
95d2a9d5-6edb-4f55-9740-6ef27e6aac2b	857	Nick Bartlow	M	M45-49	52	13:24:30	1:41:36	0:09:54	6:04:01	0:09:19	5:19:39	United States	
9e42c86a-4e55-4de5-94ba-ee757de81549	858	Danielle Mcgregor	F	F60-64	4	13:25:15	1:40:06	0:09:29	5:31:05	0:10:11	5:54:24	United States	
a5e9be6e-a88b-418c-8702-ba89e6c0cc4c	859	Molly Serfass	F	F30-34	33	13:25:43	1:09:16	0:07:43	5:39:23	0:08:34	6:20:46	United States	
1be2c536-68e4-f011-8543-000d3a5b5fc7	860	Michael Phillips	M	M40-44	78	13:25:45	1:38:14	0:09:12	6:17:00	0:12:47	5:08:32	United States	
0b47b239-c8c4-4c15-86c8-43d8ab2693fc	861	Colin Moran	M	M25-29	135	13:26:03	1:34:26	0:08:47	5:47:57	0:09:31	5:45:22	United States	
a5b9c559-1a41-41a0-b256-86273b9dace3	862	Krista Harms	F	F60-64	5	13:26:14	1:32:56	0:13:12	5:42:10	0:11:50	5:46:06	United States	
4eabfbc9-47c3-4f2b-929d-de951510e509	863	Adam Howard	M	M30-34	93	13:26:33	1:42:47	0:11:48	6:18:11	0:10:17	5:03:30	United States	
f3bf4d75-8b6c-4a67-9ae7-adc899868f6e	864	Jon Tsatsonis	M	M45-49	53	13:26:43	1:31:34	0:08:50	5:28:09	0:07:58	6:10:12	United States	
f1ce57df-e52d-41fe-ab35-a5836bd3cab8	865	Mitchell Grijalva Zepeda	M	M40-44	79	13:27:09	1:24:31	0:10:24	5:25:22	0:11:33	6:15:19	Nicaragua	
ee36cae9-6d55-f111-bec6-0022480a5755	866	Kayla Russello	F	F25-29	46	13:27:22	1:40:29	0:06:26	6:44:35	0:13:55	4:41:57	United States	
e1061463-b30a-4c9d-99b2-a09e671b8e69	867	Micho Arias Vazquez	M	M45-49	54	13:27:23	1:34:27	0:18:52	6:24:27	0:15:59	4:53:38	Mexico	
bca8270b-cd97-f011-b4cb-002248098ff3	868	Beth Rosenblum	F	F45-49	15	13:28:26	1:33:10	0:11:06	5:40:38	0:11:28	5:52:03	United States	
927dfe84-3394-f111-8076-6045bd06566a	869	Thomas Hehre	M	M30-34	94	13:28:54	1:37:02	0:13:03	6:12:24	0:11:42	5:14:44	United States	
398e1014-6f97-f111-8076-6045bd06566a	870	Troy OConnor	M	M25-29	136	13:29:14	1:38:33	0:09:11	6:11:47	0:11:16	5:18:28	United States	
191b6ee4-04e9-f011-8544-000d3a5cf7d8	871	Drake Weissman	M	M25-29	137	13:29:14	1:25:49	0:11:41	5:59:34	0:17:32	5:34:38	United States	
689ac5cb-6206-f011-bae1-000d3a5b50ba	872	Cole Simon	M	M18-24	128	13:29:15	1:32:54	0:09:50	5:43:19	0:09:17	5:53:54	United States	
6b6f92e5-cc09-4aa1-b1b7-45aa9b44adda	873	Greg Franca	M	M40-44	80	13:29:28	1:40:36	0:08:20	5:24:37	0:09:46	6:06:10	United States	
723ed640-6afe-45b8-985c-bde4beec03c3	874	Tatum Angerthal	F	F18-24	23	13:29:33	1:21:37	0:09:37	5:32:29	0:12:45	6:13:04	United States	
404d6d11-a485-4d91-b048-ab8f678a4ec7	875	Brad Olsen	M	M60-64	19	13:29:33	1:27:53	0:12:22	5:40:57	0:15:15	5:53:07	United States	
118dc94b-d072-ee11-9ae7-000d3a314ae2	876	Garry Mestel	M	M60-64	20	13:29:45	1:38:04	0:12:50	5:56:34	0:10:39	5:31:39	United States	
0dd6fc23-fd05-47f3-82a6-87a7fe205635	877	Michael Mathesz	M	M40-44	81	13:30:19	1:48:42	0:14:46	6:05:02	0:13:51	5:07:58	United States	
5603bb2c-50c1-43eb-b360-2ff24687d380	878	Desiree Denison	F	F40-44	22	13:31:30	1:37:59	0:12:59	5:39:53	0:10:58	5:49:40	United States	
679c0ad3-0e6a-4c34-9a41-9ae248d18052	879	Christopher D'Emic	M	M60-64	21	13:31:32	1:47:29	0:11:31	5:47:27	0:10:14	5:34:50	United States	
46dab7de-ae36-472c-aaa7-bbaeb055984a	880	Robert Mcgoff	M	M25-29	138	13:31:46	1:51:53	0:13:13	5:56:04	0:10:17	5:20:19	United States	
2ff07059-1568-f011-bec3-000d3a35ffc1	881	Judson Martin	M	M18-24	129	13:32:08	1:27:24	0:08:25	6:12:05	0:10:47	5:33:27	United States	
5f6e32a1-7f84-f111-ab0f-6045bd06566a	882	Chris Dattoli	M	M18-24	130	13:32:57	1:42:13	0:13:43	6:19:07	0:10:53	5:07:01	United States	
7e5da34c-fb50-40f6-aa1f-8655ca9af483	883	Ronald Porter	M	M65-69	6	13:33:05	1:40:38	0:11:36	5:16:14	0:07:49	6:16:48	United States	
f57f38bf-5480-f011-b4cc-000d3a5b7c3b	884	Daniel Seiche	M	M50-54	39	13:33:07	1:19:14	0:09:07	6:01:50	0:14:02	5:48:54	Spain	
e5f6567e-180a-4e3e-8391-d91d48c31833	885	Mar Lu Martinez	M	M45-49	55	13:33:16	1:59:34	0:15:12	5:29:47	0:12:03	5:36:39	United States	
21dc67c8-7aee-4e45-b5a6-d5fa09e0eef5	886	Wilson Friestad	M	M25-29	139	13:33:26	1:21:30	0:10:25	6:54:29	0:10:14	4:56:49	United States	
cfe87e30-ce9f-f011-b41c-000d3a5b50ba	887	Jeffrey Johnson	M	M40-44	82	13:34:05	1:24:05	0:16:34	5:56:08	0:20:23	5:36:56	United States	
6f687e1c-8001-f111-8406-0022480994c2	888	Lorenzo Papworth	M	M25-29	140	13:34:32	1:48:32	0:08:49	6:16:55	0:09:50	5:10:26	United States	
f5933ad6-78f6-42f1-8cc3-d7450cea2278	889	Michelle Kang	F	F18-24	24	13:34:36	1:35:07	0:14:00	5:53:45	0:09:16	5:42:27	United States	
0b9dced8-0226-f011-8c4d-000d3a5cf7d8	890	Dawn Belamarich	F	F40-44	23	13:35:22	1:44:33	0:08:32	5:50:23	0:10:14	5:41:40	United States	
183bd52c-ab90-4e1a-9043-e60fcd3de172	891	Jennifer Goldberg	F	F60-64	6	13:35:49	1:34:29	0:11:44	5:33:15	0:10:16	6:06:05	United States	
41fecc6b-f66e-4c02-9258-ff218517903f	892	Tommy Brown	M	M55-59	33	13:36:08	1:40:01	0:13:17	5:25:48	0:20:47	5:56:15	United States	
1276fcf9-2b25-437c-9df9-6600a1336b18	893	Steve Mccormick	M	M75-79	1	13:36:44	1:35:06	0:14:12	5:30:49	0:11:29	6:05:08	United States	
81692a08-bdd4-f011-8543-6045bd05fcc1	894	Thomas Fitch	M	M25-29	141	13:36:52	1:34:16	0:11:33	6:10:21	0:12:12	5:28:31	United States	
cd402300-c9ec-f011-8544-0022480c097c	895	Laura Wixon	F	F35-39	30	13:36:57	1:48:40	0:09:19	6:05:57	0:11:41	5:21:20	United States	
284d1f2c-6043-4403-b7c8-0911ee9c66ff	896	Michael Mcdermott	M	M60-64	22	13:37:06	1:43:17	0:13:11	5:51:27	0:11:32	5:37:39	United States	
0cf08baf-954c-43b8-bec7-98eb1d6c1cb1	897	Tiona Wright	F	F45-49	16	13:37:30	1:47:45	0:08:51	5:49:28	0:12:30	5:38:57	United States	
2c288002-69d8-4d5e-a964-aa9a7561a64b	898	Katerina Fernandez	F	F45-49	17	13:38:39	1:49:26	0:09:10	5:52:50	0:10:02	5:37:11	Dominican Republic	
1f75320c-726a-f111-a826-002248046ec8	899	Veronica Conklin	F	F18-24	25	13:38:52	1:48:47	0:09:14	6:05:55	0:18:40	5:16:16	United States	
b2624ee7-04f4-4baa-afbd-b9a0ad3bb1a5	900	Keith Groleau	M	M40-44	83	13:39:12	1:36:12	0:19:11	5:52:06	0:12:21	5:39:21	United States	
fffe2ae2-e0ff-4b05-a052-0bf0b13aaa8f	901	Brian Klemenz	M	M35-39	64	13:39:14	1:53:17	0:12:10	5:43:46	0:11:10	5:38:50	United States	
415585b7-da44-4fb4-8fec-1ccdce34bc5c	902	David Terry	M	M40-44	84	13:39:56	1:49:39	0:12:18	5:51:19	0:11:54	5:34:45	United States	
08e8c4fc-8f3e-f011-b4ca-000d3a5cf7d8	903	Carson Shive	M	M18-24	131	13:40:12	1:51:58	0:09:58	5:37:54	0:09:38	5:50:44	United States	
247856fe-062d-f011-8c4d-000d3a35ffc1	904	Natalie Peck	F	F25-29	47	13:40:38	1:34:31	0:07:36	5:58:42	0:09:22	5:50:27	United States	
55c73d15-2d1c-f111-8341-0022480b88da	905	Andrew Croonquist	M	M30-34	95	13:40:41	1:50:39	0:14:42	6:03:14	0:15:41	5:16:25	United States	
32c1a953-e0c6-f011-bbd3-000d3a5b50ba	906	Nikki Hamon	F	F25-29	48	13:40:54	1:43:21	0:04:59	5:38:38	0:04:17	6:09:40	United States	
78d45197-04b4-4f1c-aa34-6db68cf2333b	907	Sarah-Jane Gawrys	F	F25-29	49	13:41:01	1:45:43	0:15:14	6:17:35	0:12:42	5:09:47	United States	
cbce2751-7927-4a2c-8216-dfe274e15d1b	908	Therese Dymek	F	F50-54	9	13:41:07	1:20:51	0:11:01	5:59:39	0:10:27	5:59:09	United States	
22bdb25d-ac47-ef11-a317-000d3a383830	909	Peter Deskovich	M	M40-44	85	13:41:21	1:39:42	0:14:24	5:50:56	0:14:39	5:41:40	United States	
615e2a3a-c4d1-ef11-8ee9-6045bd088264	910	Rhiannon Jacobs	F	F30-34	34	13:41:34	1:44:04	0:06:38	5:44:07	0:07:03	5:59:41	United States	
741e3480-ec01-4cf9-809e-ab02efeecdd1	911	Dale Woodring	M	M60-64	23	13:41:40	1:36:45	0:12:35	5:32:50	0:10:22	6:09:09	United States	
144cc945-198e-4ffa-95ac-9cae4e138d29	912	Sarit Markovich	F	F55-59	8	13:41:53	1:31:02	0:19:49	6:08:46	0:09:35	5:32:41	United States	
0cb3105b-d154-407a-a2d9-daacbde6723f	913	Codie Bascue	M	M30-34	96	13:42:19	1:36:29	0:05:15	4:45:47	0:07:13	7:07:36	United States	
d47f01bb-b2c9-4f76-bcd1-4965c2938893	914	Eyal Markovich	M	M55-59	34	13:42:25	1:37:03	0:12:56	6:10:10	0:11:05	5:31:11	United States	
ba96b815-5e28-f111-8341-002248081bd6	915	Wesley Gant	M	M18-24	132	13:42:34	1:26:24	0:08:00	6:12:02	0:07:24	5:48:43	United States	
2b689ead-82cd-f011-bbd3-6045bd05fcc1	916	Elena Conklin	F	F18-24	26	13:43:22	1:24:42	0:05:21	6:21:01	0:08:21	5:43:57	United States	
efd17d5c-3634-f011-8c4e-000d3a5b50ba	917	William Galvin	M	M18-24	133	13:43:44	1:24:02	0:09:03	6:57:20	0:08:13	5:05:07	United States	
aff1f8dd-3824-f011-8c4d-000d3a35ffc1	918	Michael Di Francisca	M	M50-54	40	13:44:07	1:50:14	0:07:31	5:56:58	0:11:36	5:37:48	United States	
452e6294-f999-4939-802c-b6ad6630b533	919	Paige Simonsen	F	F25-29	50	13:44:24	1:39:17	0:13:24	5:56:24	0:11:07	5:44:14	United States	
ce91c53f-391d-4d4a-bebe-3168f5b9dd16	920	David Andrews	M	M50-54	41	13:44:50	1:46:36	0:09:46	6:13:37	0:11:20	5:23:30	United States	
6d1cc095-59fd-f011-8406-6045bd06566a	921	Stephen Paschos	M	M30-34	97	13:44:52	1:22:35	0:09:03	5:25:18	0:09:03	6:38:53	United States	
5ff82ac9-a54a-4180-8d64-293494d99e88	922	Victor Halmy	M	M25-29	142	13:44:59	1:04:28	0:06:41	4:52:00	0:06:26	7:35:24	United States	
8e59abd3-b14c-f111-bec5-6045bd08b1a2	923	Jayden Nguyen-Do	M	M18-24	134	13:45:01	1:20:12	0:14:39	5:53:15	0:12:29	6:04:27	Canada	
2a2ef1b3-1698-f011-b4cc-002248098cfa	924	Dylan Taylor		M50-54	42	13:45:31	1:27:14	0:10:18	6:04:30	0:11:03	5:52:26	Canada	
91096161-f731-f111-88b4-002248046ec8	925	Elizabeth Licata	F	F45-49	18	13:46:00	1:42:28	0:13:04	6:01:01	0:12:23	5:37:05	United States	
c125001f-870d-f011-9988-000d3a5cf7d8	926	William Folks	M	M30-34	98	13:46:03	1:24:15	0:16:17	6:04:00	0:16:03	5:45:29	United States	
1eb4a373-960e-40d1-9271-9e3f5f49168b	927	William Eisenhart	M	M55-59	35	13:46:12	1:40:17	0:10:18	5:59:13	0:13:17	5:43:06	United States	
8b298ea2-fa01-42dd-ba3d-ffeb3fd78767	928	Luke Holland	M	M25-29	143	13:46:16	1:26:15	0:11:19	5:58:54	0:10:08	5:59:40	United States	
8db8d562-edad-403b-a563-5a138c8af1da	929	Ty Martin	M	M30-34	99	13:46:42	1:32:02	0:07:52	5:43:48	0:10:03	6:12:57	United States	
0941cfcc-c8d5-ee11-9079-000d3a314d17	930	Carlos Martinez	M	M50-54	43	13:46:44	1:57:08	0:23:43	5:19:57	0:19:44	5:46:12	United States	
abfc3aa7-1357-f111-bec7-002248046ec8	931	Braam Hattingh	M	M18-24	135	13:46:45	1:37:02	0:04:26	6:53:08	0:06:27	5:05:41	United States	
499541bc-dfed-4345-bdbc-98baebb0c246	932	Ron Aulbach	M	M55-59	36	13:46:47	1:23:10	0:06:01	5:14:59	0:09:04	6:53:33	United States	
c60025fa-a765-f011-bec3-6045bd05fcc1	933	Jacob Bianchi	M	M18-24	136	13:46:49	2:01:01	0:09:55	5:58:46	0:09:01	5:28:06	United States	
2aa7b2e5-fb30-f011-8c4e-000d3a3173b5	934	Judson Clarkson	M	M40-44	86	13:47:04	1:47:58	0:16:05	5:52:07	0:11:48	5:39:06	United States	
a1765ceb-f881-f011-b4cc-000d3a5b7c3b	935	Micah King	M	M18-24	137	13:47:07	1:48:18	0:09:51	6:11:44	0:09:02	5:28:10	United States	
d81a3ba3-04b0-47da-86ce-eabaa9a2c43b	936	Eric Segal	M	M35-39	65	13:47:37	1:28:07	0:12:20	6:06:21	0:12:51	5:47:58	United States	
b359dc93-17a2-f011-bbd3-6045bd05fcc1	937	Chantal Héroux	F	F55-59	9	13:48:07	1:44:08	0:11:08	5:23:14	0:13:42	6:15:55	Canada	
327569e6-5320-438d-88ff-5c61d3d4c425	938	Chris Perry Vi	M	M35-39	66	13:49:23	1:29:26	0:11:17	5:30:16	0:11:29	6:26:55	United States	
3991d77f-f233-45ef-8b87-d265bfb7926f	939	Boyd Tomasetti	M	M55-59	37	13:49:40	1:35:41	0:12:35	5:18:16	0:19:45	6:23:22	United States	
fd1201a7-a415-f111-8341-0022480a5755	940	Kevin Tokarick	M	M60-64	24	13:50:31	1:26:35	0:12:44	6:04:43	0:13:46	5:52:43	United States	
749efc98-cad9-48f0-a8fb-f68ce1ca3246	941	Kristin Paintal	F	F40-44	24	13:50:37	1:33:47	0:16:34	6:23:08	0:11:17	5:25:52	United States	
b5229133-5401-4b00-b4d9-53f067771b28	942	Doug Glorie	M	M55-59	38	13:50:41	1:43:16	0:16:15	6:05:36	0:11:30	5:34:04	United States	
dc5365b1-6ef3-ee11-904c-000d3a314ae2	943	Maxwell Sessions	M	M30-34	100	13:51:00	1:28:49	0:12:16	5:34:43	0:14:45	6:20:28	United States	
223f780b-851b-f111-8341-002248046ec8	944	Josh Kosecki	M	M35-39	67	13:51:17	1:36:14	0:07:03	6:12:00	0:11:17	5:44:42	United States	
f2629a32-4a84-43e1-9bc1-85b2dc256b82	945	Peter Goff	M	M45-49	56	13:51:38	1:34:51	0:11:16	6:09:51	0:11:24	5:44:17	United States	
7a457450-599e-f011-b41c-6045bd05fcc1	946	Jake Cohen	M	M18-24	138	13:51:55	1:51:20	0:05:33	6:30:12	0:07:50	5:16:59	United States	
34e4cb28-e967-f011-bec2-000d3a5cf7d8	947	Thomas Bovino	M	M30-34	101	13:51:56	1:44:17	0:12:52	6:46:43	0:06:20	5:01:44	United States	
6e18653f-232c-ef11-840b-00224809fd7c	948	Adam Miller	M	M35-39	68	13:51:57	1:21:02	0:10:51	6:33:45	0:12:11	5:34:08	United States	
c9855bdf-fee0-4085-ac81-ec0cc6fbc070	949	James Watson	M	M35-39	69	13:52:17	1:31:54	0:11:20	5:19:11	0:16:57	6:32:54	United States	
396b6e01-6188-f011-b4cc-000d3a5b50ba	950	Brian McDonald	M	M25-29	144	13:52:53	1:34:58	0:09:21	6:22:59	0:14:56	5:30:40	Canada	
b11c155d-47fc-4797-9995-a6b587a2040f	951	Jen Hayashi	F	F55-59	10	13:53:48	1:33:30	0:15:59	6:22:17	0:12:22	5:29:40	United States	
c0b4e480-ab8d-4609-a3b5-29a3f7f4cad4	952	Steve Harvey	M	M70-74	2	13:54:11	1:51:02	0:09:00	6:02:04	0:09:51	5:42:13	United States	
3f5d1fef-680f-f111-8406-0022480b35b6	953	OLUWAFEMI ODUNLAMI II	M	M35-39	70	13:54:26	1:54:59	0:20:11	5:38:17	0:16:19	5:44:40	United States	
e2e4bed2-0b8c-f011-b4cc-000d3a5b50ba	954	Lucas Cremers	M	M25-29	145	13:54:53	2:00:26	0:07:00	5:43:33	0:12:07	5:51:48	United States	
5e409493-ec01-f111-8406-6045bd06566a	955	Peter Donaldson	M	M25-29	146	13:54:54	1:34:24	0:22:39	6:28:41	0:25:31	5:03:39	United States	
899c8fcd-7d95-4ac0-b779-283bfae2616e	956	Jialin Chen	F	F55-59	11	13:55:09	1:58:00	0:19:02	5:59:07	0:15:50	5:23:09	United States	
8fe1d9e5-a987-4206-8ee8-7eb1cbe84817	957	Cory Angerthal	M	M55-59	39	13:56:19	1:40:50	0:11:16	5:34:16	0:11:09	6:18:49	United States	
5970b28e-0061-4482-8a95-f13f600e8034	958	Ralph Beidelman	M	M60-64	25	13:56:53	1:27:35	0:15:32	6:16:26	0:13:24	5:43:56	United States	
f8e0c225-e422-f111-8341-6045bd06566a	959	Morgan Griffin	F	F25-29	51	13:56:57	1:42:06	0:10:39	6:15:18	0:09:49	5:39:04	United States	
db1060e7-2950-4b7e-9cab-77f6ffb67bd0	960	Hillary Carnell	F	F40-44	25	13:57:24	1:33:17	0:12:53	5:51:06	0:14:36	6:05:31	United States	
ea182d26-3e58-f111-bec7-6045bd08b1a2	961	James Logan	M	M35-39	71	13:57:31	1:32:26	0:15:41	5:51:06	0:13:42	6:04:36	United States	
1acec7fc-8caa-f011-bbd3-000d3a5b50ba	962	Kyle Kohinke	M	M25-29	147	13:57:33	1:44:26	0:10:02	6:15:09	0:15:04	5:32:51	United States	
03d335c0-027c-ef11-a670-000d3a5a1803	963	Louis Fiacco	M	M25-29	148	13:58:33	1:40:42	0:10:54	5:47:44	0:11:23	6:07:49	United States	
83d03aea-876e-4564-9af9-c0bdbf8e7d22	964	Jen Barja	F	F40-44	26	13:58:49	1:28:04	0:11:52	5:44:57	0:13:37	6:20:18	United States	
dc6a66d4-b7f0-410c-b95f-b84a645180d5	965	Jana Riedmann	F	F50-54	10	13:58:52	1:37:48	0:12:16	5:59:27	0:10:52	5:58:28	Czech Republic	
c609a6b8-7cd0-ef11-b8e9-002248049fdc	966	Joe Vaskas	M	M35-39	72	13:58:58	1:56:03	0:11:41	5:46:39	0:25:52	5:38:44	United States	
2bd20ee9-41b3-f011-bbd3-000d3a35ffc1	967	Nicole Pandak	F	F30-34	35	13:59:01	1:24:50	0:13:27	6:19:19	0:13:16	5:48:09	United States	
31ab43c7-799a-f011-b4cc-000d3a35ffc1	968	Ryan Brannon	M	M35-39	73	13:59:42	1:30:30	0:12:00	6:06:04	0:13:10	5:57:58	United States	
46b2b720-14d1-ef11-8ee9-6045bd088264	969	Brendan Rolla	M	M25-29	149	13:59:43	1:31:51	0:11:58	5:50:09	0:08:45	6:17:00	United States	
a0d4edae-0177-f011-b4cb-0022480c097c	970	Colin Means	M	M25-29	150	13:59:56	1:34:34	0:06:25	7:02:35	0:06:13	5:10:08	United States	
a5ee59b4-ad7a-4d00-9ce8-6e60a7647a67	971	Dana Clewlow-Bray	F	F50-54	11	14:00:07	1:47:02	0:12:34	5:36:50	0:10:20	6:13:21	United States	
1dca3199-46af-4ff8-9fc7-58088abeb30c	972	Stephanie Senigo	F	F35-39	31	14:00:10	1:39:34	0:11:28	5:59:50	0:10:37	5:58:42	United States	
4ed47123-d179-f011-b4cb-000d3a5b7c3b	973	Sebastian De la torre	M	M35-39	74	14:00:38	1:45:33	0:11:25	5:44:32	0:19:14	5:59:54	Ecuador	
9b599ecb-0426-4abd-8259-6b3a0da453a2	974	Sara Lappano	F	F45-49	19	14:00:39	1:54:30	0:13:23	5:56:48	0:17:31	5:38:27	United States	
671895be-6d50-415b-bae7-340438723348	975	Timothy Schaffling	M	M18-24	139	14:00:51	1:11:15	0:09:14	6:30:48	0:09:19	6:00:15	United States	
fceee223-e866-4145-b177-ee232f6bc521	976	Krista Campbell	F	F50-54	12	14:01:00	1:57:20	0:10:32	5:59:46	0:10:19	5:43:04	United States	
921cd272-e43d-f111-88b3-6045bd08b1a2	977	William May	M	M30-34	102	14:01:31	1:57:34	0:10:46	6:03:08	0:14:22	5:35:41	United States	
2ea2ff67-a715-4e55-b67f-f5893268febe	978	Ciaran Oneill	M	M25-29	151	14:02:31	1:40:59	0:15:26	6:38:27	0:09:00	5:18:39	United States	
b7685427-05ab-f111-aaab-70a8a5b1a530	979	Alex Paredes	M	M18-24	140	14:02:41	1:21:23	0:08:04	6:15:34	0:12:39	6:05:01	United States	
84609f38-7400-4d36-8490-7ba46713ad34	980	Candido Hernandez	M	M40-44	87	14:02:41	1:41:52	0:08:26	5:51:11	0:11:39	6:09:32	Mexico	
b1d13660-509d-f011-b41c-6045bd05f634	981	Joshua Harmon	M	M25-29	152	14:02:51	1:27:52	0:08:20	6:01:22	0:07:16	6:18:01	United States	
02fe817a-9837-f111-88b3-6045bd06566a	982	Deven Labovitch	M	M25-29	153	14:03:05	1:57:32	0:14:31	6:34:00	0:11:20	5:05:43	United States	
10ae159b-def0-4562-9302-3ca8d60cb2b1	983	William Rodriguez	M	M45-49	57	14:03:10	1:54:57	0:10:55	5:48:04	0:11:55	5:57:20	Puerto Rico	
0ad24824-e4c8-43f7-b781-0d3358a73144	984	Mike Lombardi	M	M40-44	88	14:03:38	1:45:05	0:27:45	6:06:18	0:11:24	5:33:04	United States	
e08f6672-b94b-42c7-881a-07edd26f137a	985	John Liu	M	M55-59	40	14:03:51	1:54:42	0:16:58	6:11:16	0:15:41	5:25:15	United States	
a10d57d9-4bde-448e-a7f2-037df42fd0c1	986	Craig Lukavec	M	M50-54	44	14:04:01	1:39:30	0:10:05	5:39:03	0:10:26	6:24:56	United States	
3b39a057-c39b-4fcf-943e-454cadc9bd98	987	David Thibou	M	M40-44	89	14:04:09	2:12:34	0:08:58	6:29:24	0:11:34	5:01:39	United States	
2d18bde8-4c31-f111-88b4-0022480994c2	988	U Jin Seah	M	M25-29	154	14:04:50	1:49:55	0:17:22	6:21:10	0:11:16	5:25:06	Singapore	
8bee00f1-844b-41dc-8f90-ce972c7d24e1	989	Scott Lewis	M	M60-64	26	14:06:04	1:24:31	0:09:02	5:09:03	0:08:18	7:15:11	United States	
63a63e0a-76f9-f011-8406-0022480b84a3	990	Bobby Crawford	M	M60-64	27	14:06:16	1:53:35	0:17:33	5:53:09	0:15:24	5:46:35	United States	
18adcbfc-02b1-f011-bbd3-000d3a5b50ba	991	Elias Zehr	M	M18-24	141	14:06:19	1:30:51	0:07:09	5:55:34	0:11:26	6:21:19	United States	
de4e384f-94c0-f011-bbd3-000d3a5cf7d8	992	Donnelly Carroll	F	F30-34	36	14:06:30	1:37:31	0:06:00	5:40:57	0:14:38	6:27:23	United States	
d75908a8-4445-419a-83b6-17eb52a5730a	993	Dante Ottolini	M	M45-49	58	14:06:35	1:31:52	0:17:10	6:13:46	0:18:23	5:45:24	United States	
17951510-8090-47d4-b3a3-aee11d410f5b	994	Ryan Owrey	M	M45-49	59	14:06:57	2:01:23	0:10:17	5:35:23	0:09:30	6:10:23	United States	
ee225774-3ab8-f011-bbd2-000d3a5b7c3b	995	Russell Garner	M	M40-44	90	14:07:33	1:38:39	0:17:53	6:17:07	0:18:12	5:35:42	United States	
da8da2b6-2636-454b-b16e-8a016fabaa19	996	Ronaldo Barrios	M	M25-29	155	14:07:55	1:27:25	0:10:37	5:52:29	0:10:46	6:26:39	Guatemala	
48100493-6381-4f96-8f2d-e5be560fd5cf	997	Todd Arjes	M	M55-59	41	14:08:03	1:31:26	0:11:24	5:42:52	0:09:36	6:32:45	United States	
1630fbf6-e65c-4674-a876-275f46d1e78b	998	Amanda Montour	F	F35-39	32	14:08:12	1:39:25	0:11:12	6:06:00	0:11:48	5:59:46	United States	
33cd7e98-4285-422b-95f7-093afacdc8fa	999	Roshan Rana	M	M40-44	91	14:08:15	2:13:12	0:13:35	5:55:27	0:11:29	5:34:33	India	
e39d78b4-a28b-4474-be26-65bab37eca17	1000	Craig Pleskac	M	M55-59	42	14:08:42	1:51:20	0:15:30	5:55:05	0:11:40	5:55:07	United States	
c2a0fa93-62de-ed11-a7c7-000d3a314ae2	1001	Bob Scheidler	M	M40-44	92	14:09:00	1:28:11	0:09:54	5:21:04	0:14:58	6:54:53	United States	
70e4a041-4d2f-4fd7-b1da-4e1423407c52	1002	Jessica Van Atta	F	F35-39	33	14:09:54	1:27:01	0:05:54	6:49:07	0:07:41	5:40:10	United States	
bca799e4-9d12-4c84-b5e5-71aaa978c203	1003	Megan Behrle	F	F35-39	34	14:10:03	1:34:27	0:14:23	6:05:53	0:12:57	6:02:23	United States	
a79aa08d-cb96-47c5-bee2-b3e3ba28cfe9	1004	Paul Glatzhofer	M	M45-49	60	14:10:07	1:30:59	0:10:15	5:47:19	0:10:50	6:30:45	United States	
63fdb2dc-a9fd-4304-9305-86e8b2d5893e	1005	Erica Parriott	F	F30-34	37	14:10:17	1:27:34	0:10:40	5:54:20	0:08:38	6:29:06	United States	
a62bfc3b-3180-ef11-ac21-000d3a5a1803	1006	Caryn Mcinerney	F	F18-24	27	14:10:20	1:24:34	0:06:57	6:12:14	0:10:20	6:16:16	United States	
fde03d48-dd5f-4049-99d1-09f7459a3878	1007	Jeremy Provenzano	M	M50-54	45	14:10:27	1:42:46	0:09:54	5:56:01	0:11:55	6:09:51	United States	
a09397d2-d873-4395-bb21-dc359dba9b12	1008	Michael Reiser	M	M55-59	43	14:10:49	1:53:05	0:11:05	5:45:38	0:13:03	6:07:58	United States	
af142d79-57f3-4448-9de7-d0ecc7f76111	1009	Cameron Collins	M	M25-29	156	14:11:20	1:39:10	0:15:52	5:43:01	0:09:24	6:23:53	United States	
8ea9f9c9-2680-4f7d-b12c-b89ac8808c42	1010	Darren Set	M	M45-49	61	14:11:42	2:03:22	0:11:26	5:49:22	0:10:53	5:56:39	United States	
7161e54e-cbe1-f011-8544-000d3a5b7c3b	1011	Alexander Alexandrov	M	M25-29	157	14:11:50	1:22:08	0:14:00	6:24:07	0:14:13	5:57:21	Bulgaria	
9820efa7-d9c6-ef11-b8e9-002248049fdc	1012	Oliver French	M	M30-34	103	14:11:53	1:01:11	0:07:30	5:51:57	0:11:44	6:59:31	United States	
17cf7974-86c0-434c-8ac2-34953e55c010	1013	Cheryl Perry	F	F60-64	7	14:11:58	2:02:45	0:07:44	6:10:18	0:09:26	5:41:46	United States	
e95c169b-9577-f011-b4cc-6045bd05fcc1	1014	Jason Estevan	M	M45-49	62	14:12:52	1:39:48	0:11:07	6:20:23	0:12:38	5:48:56	Canada	
7b0673bb-c2a0-ee11-be37-000d3a31406e	1015	Chip Barrett	M	M50-54	46	14:13:04	1:47:11	0:20:57	6:29:01	0:15:26	5:20:28	United States	
ec28c5e7-d237-ee11-bdf4-000d3a314cac	1016	Andrew Cookson	M	M25-29	158	14:13:17	1:45:44	0:08:45	5:31:32	0:12:11	6:35:05	United States	
67da9581-041f-4b9c-b165-0d6399838fc6	1017	Stephen Mazzola	M	M55-59	44	14:13:23	2:02:35	0:09:00	5:56:42	0:07:30	5:57:36	United States	
d75b4421-9e36-4c7d-b51b-ae20d346f25d	1018	Kristen Bieling	F	F35-39	35	14:13:41	1:58:11	0:13:41	5:31:18	0:13:11	6:17:21	United States	
88d488ff-7924-f111-8341-0022480b88da	1019	Joshua Nordt	M	M35-39	75	14:15:09	1:51:23	0:08:34	5:44:08	0:10:45	6:20:20	United States	
e3eb37c3-1a31-446b-9807-c4eaf152d4d9	1020	Andrew Goldstein	M	M40-44	93	14:15:21	1:28:49	0:17:44	6:24:44	0:18:29	5:45:35	United States	
7305abbc-1aa3-f011-bbd3-6045bd05f634	1021	Lance Shakespeare	M	M35-39	76	14:15:32	1:39:26	0:13:20	5:34:02	0:18:05	6:30:39	United States	
5b175910-1775-4aba-82e5-07af1e800574	1022	Robert Scott	M	M55-59	45	14:15:35	1:52:48	0:14:46	6:09:15	0:14:03	5:44:43	United States	
d7a1f7f5-c02b-f111-88b3-002248046ec8	1023	Josh Goodrich	M	M18-24	142	14:16:20	1:38:17	0:07:21	5:57:28	0:09:50	6:23:22	United States	
bda1f086-2934-f111-88b4-6045bd06566a	1024	Elijah Mackey	M	M25-29	159	14:16:28	1:41:43	0:10:14	6:34:13	0:09:49	5:40:29	United States	
a3c3af2c-86b3-f011-bbd3-000d3a35ffc1	1025	David Thome	M	M45-49	63	14:16:34	1:34:45	0:10:35	6:45:06	0:09:02	5:37:07	United States	
3d06fb2e-1378-43ea-8b46-12a63b6767ec	1026	Janet Witkowski	F	F60-64	8	14:17:32	1:30:02	0:07:21	6:14:18	0:10:39	6:15:13	United States	
5e91c9ab-0121-f111-8341-0022480b84a3	1027	Joseph Jens	M	M18-24	143	14:17:39	1:25:45	0:09:28	6:09:03	0:09:05	6:24:17	Australia	
57c6c5bf-c72b-4810-8ac2-aecffdbaf072	1028	Robert Chado	M	M30-34	104	14:18:23	1:38:47	0:15:09	6:22:02	0:10:31	5:51:55	United States	
2087dcfe-1fbd-43d0-bcc9-cf01c4875924	1029	Carol Kamin	F	F55-59	12	14:19:28	1:42:02	0:12:04	5:55:43	0:13:10	6:16:29	United States	
a04a89ed-6286-42a5-82eb-200b4f2f1622	1030	Sean Cosgriff	M	M55-59	46	14:19:43	1:51:29	0:16:38	5:59:32	0:11:56	6:00:09	United States	
a348e1ed-5cc5-4b24-84fc-5962d090a536	1031	Jennifer Collias	F	F55-59	13	14:19:46	1:19:26	0:10:29	6:31:41	0:13:57	6:04:14	United States	
c61ccb5e-b76c-f011-bec3-000d3a3173b5	1032	Keegan Miller	M	M25-29	160	14:19:59	1:34:07	0:12:58	6:37:43	0:14:40	5:40:32	United States	
e54ffd3c-a489-f011-b4cc-0022480c097c	1033	Carla Setzler	F	F45-49	20	14:20:07	1:31:27	0:13:24	6:18:45	0:16:15	6:00:16	United States	
b5c40953-0318-f011-998a-000d3a5b50ba	1034	Ravi Patel	M	M40-44	94	14:20:18	1:46:38	0:16:10	6:39:26	0:08:30	5:29:35	United States	
eb3e235a-3ab9-481d-a367-62ed29769375	1035	Rachel Franklin	F	F45-49	21	14:20:50	1:29:21	0:09:37	5:30:34	0:13:32	6:57:46	United States	
195d2a24-3a6c-4ff1-8ca5-d134e6a0c4a5	1036	Bryan Shuler	M	M18-24	144	14:21:13	1:57:14	0:12:06	6:15:23	0:09:11	5:47:20	United States	
d065cbd0-0d1b-f111-8341-6045bd08b1a2	1037	Tom Gawel	M	M45-49	64	14:21:21	1:51:35	0:13:09	6:11:28	0:10:59	5:54:10	United States	
d75f03c7-3785-f111-ab0e-70a8a5af2bd0	1038	Dejan Mladenovic	M	M45-49	65	14:21:39	1:51:48	0:13:16	6:07:10	0:15:10	5:54:15	United States	
dcd4e151-4ee4-f011-8543-6045bd05fcc1	1039	David Bryant	M	M60-64	28	14:21:48	1:29:18	0:27:02	6:00:33	0:25:50	5:59:05	United States	
5ab80c08-7e8c-426f-ae36-1502a48f6c1d	1040	Daniel Sierra	M	M55-59	47	14:21:57	1:30:38	0:10:33	5:58:11	0:20:36	6:21:59	United States	
d5c3915a-a7ec-46cc-93c2-d251cf5705f0	1041	Sarah Bell	F	F50-54	13	14:23:51	1:25:09	0:10:27	6:30:12	0:11:13	6:06:50	United States	
ab750f88-1e89-f111-ab10-70a8a5b19cbc	1042	Scott Pedersen	M	M25-29	161	14:24:28	1:42:21	0:12:16	6:13:39	0:11:47	6:04:24	United States	
7942f4c9-5fa4-4dc2-9d58-652d88d1bc44	1043	Edward Canete	M	M45-49	66	14:24:48	1:50:32	0:10:17	6:45:35	0:08:00	5:30:24	United States	
8520ced9-ae45-f111-88b3-0022480a5755	1044	Liam Nesmith	M	M18-24	145	14:25:02	1:45:17	0:10:51	7:08:58	0:08:18	5:11:37	United States	
b34a3f9c-4553-4152-b93a-d3c767597239	1045	David Miranda	M	M50-54	47	14:25:14	1:31:21	0:09:01	5:24:13	0:12:00	7:08:40	United States	
0fa1b5a4-f132-4e08-996f-51388dd06786	1046	Todd Nitchman	M	M50-54	48	14:25:25	1:43:01	0:07:07	6:00:54	0:07:25	6:26:58	United States	
cdc29e1f-33e8-44c1-b19e-40635d14ba15	1047	Sundy Grubel	F	F50-54	14	14:26:34	1:28:42	0:12:00	6:11:37	0:19:00	6:15:14	United States	
318ce8d8-485e-ef11-bfe3-000d3a367177	1048	Garett Bonasorte	M	M40-44	95	14:27:10	2:06:01	0:14:10	6:22:06	0:10:56	5:33:58	United States	
05648cef-3dcd-ee11-9079-000d3a314329	1049	Reese Endresen	M	M18-24	146	14:28:05	1:47:40	0:11:32	5:56:42	0:09:16	6:22:54	United States	
ac6b98c7-e883-ef11-ac21-000d3a338a3c	1050	Brandon Hallbrook	M	M25-29	162	14:28:19	1:32:11	0:13:00	6:02:10	0:13:12	6:27:46	United States	
7077128d-e10e-484f-876f-c77e739e43f5	1051	Abbey Carlson	F	F25-29	52	14:28:21	1:36:57	0:06:20	6:10:50	0:11:27	6:22:48	United States	
c2bca668-d3f6-f011-8406-0022480995bd	1052	Guilherme Elias	M	M18-24	147	14:28:40	1:38:31	0:11:10	6:29:34	0:13:24	5:56:01	Brazil	
0dfe7f64-8564-f111-a826-002248081bd6	1053	Justin Li	M	M18-24	148	14:28:54	1:41:44	0:14:19	7:07:36	0:06:00	5:19:14	United States	
8109da9c-bc26-4fcb-be60-2c0d6275acab	1054	Mark Smith	M	M65-69	7	14:29:28	1:31:13	0:12:19	6:41:36	0:10:49	5:53:31	United States	
ba961a54-bd4a-4983-97c8-835cc9077e40	1055	Ray Miraflor	M	M50-54	49	14:29:39	1:02:34	1:23:13	5:55:16	0:12:55	5:55:41	United States	
e6839a2a-a9fa-ef11-9341-000d3a3126fd	1056	Nellie Adams	F	F25-29	53	14:29:42	1:23:15	0:07:34	6:22:25	0:11:42	6:24:47	United States	
288ccac1-0552-4d31-8eaf-19b911fcdb85	1057	Taylor Anderson	M	M30-34	105	14:29:57	2:18:36	0:15:19	5:58:50	0:13:33	5:43:40	United States	
e48816f0-9501-4f62-8167-9149a97b3b7e	1058	Dan Gambogi	M	M55-59	48	14:30:01	1:41:14	0:14:35	6:28:54	0:14:04	5:51:14	United States	
685d48a7-7460-44c3-a1a6-b807e7d76698	1059	Jiahong Li	M	M55-59	49	14:30:23	1:24:49	0:11:29	6:40:38	0:12:09	6:01:18	United States	
d0461a71-8be6-48a2-bce4-d5f2e252fb87	1060	Gustavo Angarita	M	M50-54	50	14:30:32	1:26:44	0:08:55	5:54:43	0:09:12	6:50:57	Colombia	
32f674fd-7f2e-4034-9906-07d25a2caaa1	1061	Alyssa Anderson	F	F50-54	15	14:31:00	2:00:44	0:10:51	6:10:15	0:11:07	5:58:03	United States	
6bdf0a98-d2a2-ef11-8a6a-000d3a338a3c	1062	Daryl Jaeger	M	M50-54	51	14:32:00	1:18:46	0:11:13	6:55:10	0:11:45	5:55:06	United States	
4548dd39-bcd4-4a64-b7f5-0235c510143d	1063	Jack Peplinski	M	M25-29	163	14:32:23	1:27:26	0:11:23	6:11:43	0:09:55	6:31:55	United States	
65f64506-380e-418f-8a92-02f15c0ca979	1064	David Heard	M	M30-34	106	14:32:31	1:42:00	0:10:27	6:09:38	0:08:55	6:21:31	United States	
9e77c3fa-3254-ee11-be6f-000d3a3148fb	1065	Michael Santos	M	M35-39	77	14:32:45	2:05:56	0:15:14	6:22:52	0:13:08	5:35:36	United States	
ef28e6d8-14ff-4099-8ebf-50a2d3f2d01a	1066	Julia Bryant	F	F30-34	38	14:34:01	1:18:22	0:13:06	6:21:56	0:13:14	6:27:24	United States	
9079c54c-0dfe-f011-8406-7ced8d6de6ad	1067	Gabrielle Croto	F	F18-24	28	14:35:04	1:51:40	0:08:15	6:51:49	0:07:16	5:36:05	United States	
d898b60a-eb12-f011-998a-000d3a5b7c3b	1068	Brian Snow	M	M30-34	107	14:35:35	1:30:07	0:12:54	6:26:43	0:11:10	6:14:41	United States	
8e2d8708-be61-4a91-b576-b293d57928e4	1069	Dale Carrick	M	M65-69	8	14:35:36	1:26:09	0:15:17	5:58:20	0:19:35	6:36:15	United States	
5e4a2854-0b47-f111-bec5-6045bd08b1a2	1070	Steven Rosso	M	M30-34	108	14:35:42	1:28:28	0:13:59	6:29:26	0:11:51	6:11:58	United States	
fc8be942-d7aa-4785-8de8-437dbf64e2a8	1071	Erika Kuehn	F	F40-44	27	14:35:46	1:30:39	0:14:05	6:05:04	0:18:26	6:27:32	United States	
b0f1d9db-d08a-f111-ab10-0022480994c2	1072	Nicholas Alechammas	M	M25-29	164	14:36:36	1:39:08	0:09:43	6:22:41	0:12:33	6:12:30	United States	
963d74e8-248c-f111-ab10-0022480b84a3	1073	Tiger Winston	M	M18-24	149	14:36:55	1:59:35	0:14:12	6:50:20	0:10:37	5:22:12	United States	
e23431b1-32de-f011-8544-000d3a3173b5	1074	Jacob Davis	M	M18-24	150	14:37:03	1:43:46	0:07:59	6:23:08	0:07:59	6:14:10	United States	
30051e66-5182-40a6-a218-67c380d63dff	1075	Prafulla Gaikwad	M	M35-39	78	14:37:04	1:52:02	0:17:35	5:42:46	0:21:00	6:23:42	India	
38d403a8-6aeb-f011-8543-000d3a5b5fc7	1076	Benjamin Doelle	M	M18-24	151	14:37:17	1:32:35	0:07:28	6:47:41	0:13:09	5:56:24	United States	
16d5cdad-8964-4abd-a4e5-3d810cd9feab	1077	Jim Kilian	M	M60-64	29	14:38:10	1:49:22	0:18:48	6:29:42	0:15:08	5:45:10	United States	
914b3c80-ae68-f011-bec2-000d3a5cf7d8	1078	Erik Sparby	M	M25-29	165	14:38:45	1:39:51	0:14:49	6:02:00	0:15:19	6:26:46	United States	
f064de3a-670c-f111-8406-002248046ec8	1079	Cole Duckett	M	M30-34	109	14:38:53	1:13:43	0:07:07	6:30:20	0:09:20	6:38:23	United States	
0c493b9a-1b34-40a4-b963-eac187fb7981	1080	Mallory ROSSO	F	F30-34	39	14:39:04	1:39:18	0:13:50	6:21:59	0:11:59	6:11:58	United States	
31aeb456-076b-f011-bec3-000d3a35ffc1	1081	Seth Gregory	M	M40-44	96	14:39:06	1:26:18	0:19:19	5:40:55	0:10:57	7:01:37	United States	
b3dece4a-2e31-419b-8444-4e5e2c225278	1082	Hailey Karroum	F	F30-34	40	14:39:28	2:00:03	0:06:38	6:00:33	0:13:39	6:18:35	Syria	
35466f40-c510-f011-9988-000d3a5cf7d8	1083	Alyssa Klalo	F	F25-29	54	14:39:43	1:36:26	0:07:32	6:30:15	0:11:52	6:13:38	United States	
1d3f4b25-4e42-4fbd-b4f3-6c18f8fddc62	1084	Charles Zappala	M	M35-39	79	14:40:08	1:33:49	0:17:12	6:37:32	0:08:55	6:02:39	United States	
d92362e7-d35a-40ab-8a16-7a41ab635756	1085	Claire Giordano	F	F35-39	36	14:40:44	1:31:19	0:13:39	6:41:45	0:08:27	6:05:35	United States	
412b8df8-2954-414c-bfc6-d37ed3243108	1086	Tonnie Warfield	F	F45-49	22	14:41:52	1:41:03	0:20:01	6:15:54	0:14:43	6:10:10	United States	
12c409cb-626e-ed11-9562-000d3a31458d	1087	Rory Applegate	F	F40-44	28	14:42:16	1:51:42	0:13:30	6:49:07	0:09:18	5:38:38	United States	
c844a987-b0c3-4acd-a31a-fb11867325bc	1088	Katharine Biagi	F	F45-49	23	14:42:52	1:55:54	0:11:00	6:24:41	0:08:37	6:02:40	United States	
13c46d09-4f0f-49ec-b14a-1d457ecd5f3a	1089	Judah Dal Cais	M	M60-64	30	14:43:31	1:54:42	0:22:44	6:00:31	0:15:00	6:10:34	United States	
53e39fc5-4b32-47fd-93bc-c0dc2dd20058	1090	Danny Smail	M	M25-29	166	14:43:41	1:31:02	0:07:13	7:07:47	0:07:11	5:50:28	United States	
20e5789b-b323-4527-b11e-225c2df687a5	1091	Dan Shalev	M	M70-74	3	14:44:03	2:02:34	0:13:55	5:38:39	0:17:23	6:31:32	Israel	
82d03cb1-78d3-4f07-8478-7ee8298de3b8	1092	Francis Mann	F	F40-44	29	14:44:10	1:34:30	0:13:38	6:15:42	0:14:07	6:26:13	United States	
429014ad-21e8-f011-8544-0022480a7385	1093	Cyrus Darvish	M	M25-29	167	14:44:22	1:50:29	0:11:00	6:48:44	0:11:17	5:42:53	United States	
5cf7afe2-84fa-413d-8868-eaf8de8d7648	1094	Eve Millner	F	F55-59	14	14:44:30	1:37:01	0:08:33	6:05:14	0:11:04	6:42:37	United States	
3c19c140-d352-f011-877a-6045bd09951e	1095	Dora SantaMaria-Yao	F	F55-59	15	14:44:32	1:46:46	0:09:21	6:10:00	0:10:14	6:28:12	Guatemala	
57c2428a-a783-f011-b4cc-6045bd05fcc1	1096	Cianna Ferraro	F	F18-24	29	14:45:04	1:25:49	0:07:33	6:13:00	0:15:42	6:43:00	United States	
4ccd24ab-d126-4322-863e-694fd4de5790	1097	Tess Balsley	F	F60-64	9	14:46:05	1:48:25	0:09:13	6:04:47	0:12:09	6:31:31	United States	
5722e25e-a3a8-4880-b448-41461990f53d	1098	Frank Brunke	M	M50-54	52	14:46:09	1:17:39	0:20:55	6:11:35	0:17:39	6:38:21	United States	
6b5ac550-77e5-4949-9e2e-fd2af3cab625	1099	Ryan Tatu	M	M50-54	53	14:46:38	1:58:34	0:09:34	6:04:31	0:07:19	6:26:39	United States	
43121672-fbb4-f011-bbd3-000d3a5b50ba	1100	Jerlisa Bowser	F	F35-39	37	14:46:55	2:13:05	0:12:07	6:33:58	0:15:45	5:32:00	United States	
d7c631d5-c05b-474b-b0b3-876461563790	1101	Frank Tatu	M	M45-49	67	14:47:03	1:50:57	0:09:35	5:59:35	0:11:50	6:35:06	United States	
ecb41b42-1db8-f011-bbd3-6045bd05fcc1	1102	Brooks Smith	M	M55-59	50	14:47:33	1:49:56	0:09:21	6:22:35	0:12:44	6:12:56	United States	
1a3f54cc-d02f-4365-bdae-94b2cd1223b0	1103	Jennifer Lucas	F	F55-59	16	14:47:40	1:32:53	0:10:06	5:52:44	0:10:18	7:01:39	United States	
bdf36688-f380-ef11-ac21-6045bd02949c	1104	Jennifer Matsumoto	F	F40-44	30	14:48:04	1:52:50	0:12:56	6:23:03	0:17:30	6:01:45	United States	
e0158498-cf44-4dae-840d-48c2cedc9b95	1105	Brian Iwashyna	M	M50-54	54	14:48:24	1:43:06	0:14:18	6:24:21	0:13:49	6:12:51	United States	
1f8dbb76-19ae-4b87-b6fb-d77654f17438	1106	William Pederson	M	M70-74	4	14:49:21	1:56:01	0:13:05	5:28:37	0:11:25	7:00:12	United States	
ccbbed55-ac8c-ef11-ac21-000d3a5b3d07	1107	Alexander Duly	M	M25-29	168	14:49:43	1:38:47	0:10:35	5:58:37	0:18:57	6:42:47	United Kingdom	
bc2a0562-cd70-4f38-914a-4d35414260f9	1108	Stephen Mccorry	M	M25-29	169	14:49:57	1:43:03	0:09:19	5:57:47	0:11:11	6:48:38	Ireland	
11e063f3-c235-f111-88b4-0022480b84a3	1109	Josh Cohen	M	M40-44	97	14:50:17	1:37:41	0:10:41	5:50:59	0:19:53	6:51:03	United States	
a48ce57e-7a5d-4b93-a114-60b2ed74f965	1110	Eric Yeakel	M	M60-64	31	14:50:22	1:32:11	0:11:20	6:06:57	0:11:33	6:48:20	United States	
236be089-f7f6-f011-8406-0022480994c2	1111	Evan Gibson	M	M30-34	110	14:50:41	1:23:02	0:11:53	6:06:13	0:17:47	6:51:47	United States	
9fc047c0-9ae3-f011-8543-6045bd05fcc1	1112	Raphael Gonzalez-Monroy	M	M18-24	152	14:51:58	1:56:04	0:16:01	6:30:58	0:11:08	5:57:47	United States	
5eee0fe0-c9c8-f011-bbd3-6045bd05f634	1113	Paul Duncan	M	M60-64	32	14:52:08	1:49:28	0:13:20	6:41:39	0:08:56	5:58:45	United States	
3dbc91ac-77b5-ef11-b8e9-002248049fdc	1114	Jeanette Rivers	M	M50-54	55	14:52:10	1:30:52	0:14:48	5:46:55	0:19:51	6:59:44	United States	
fe1f9340-fce3-f011-8544-000d3a5b7c3b	1115	Dan Sutton	M	M35-39	80	14:52:16	1:58:24	0:08:30	6:20:00	0:14:03	6:11:19	United States	
96244c39-57bc-4871-9fc4-b1b2efd3ae7c	1116	Geoffrey Giller	M	M35-39	81	14:52:16	1:42:52	0:11:05	6:32:45	0:12:44	6:12:50	United States	
5ecf263c-7b67-f111-a826-0022480994c2	1117	Ryan Dunford	M	M40-44	98	14:52:28	1:59:26	0:16:47	6:58:03	0:11:55	5:26:17	United States	
5714a2d4-399b-f011-b4cc-6045bd05fcc1	1118	Megan Cadavid	F	F40-44	31	14:52:35	1:42:04	0:08:35	6:58:14	0:06:42	5:57:00	United States	
98561b9b-1fd4-4e8a-ba32-623209184b4b	1119	Omar Guerrero	M	M30-34	111	14:52:49	1:31:50	0:14:17	5:32:41	0:12:49	7:21:11	United States	
e7a8a3e4-5a9a-4ff4-b797-e7666106d072	1120	Kara Guerrero	F	F30-34	41	14:53:04	1:35:53	0:14:21	6:07:46	0:09:41	6:45:23	United States	
d91f1d65-5fe7-4e55-bd83-f99b80dd7006	1121	Jeffrey Miscikowski	M	M55-59	51	14:53:07	1:15:20	0:17:57	5:45:00	0:14:18	7:20:33	United States	
994df9c3-8a2f-42ec-994a-e9c82958f754	1122	Troy Mcbride	M	M55-59	52	14:53:52	2:08:37	0:13:35	6:44:59	0:16:09	5:30:32	United States	
b550b195-d901-4fb8-b0b2-b00c500ae287	1123	Jean-Philippe Fortin	M	M45-49	68	14:54:44	1:38:47	0:11:20	6:19:13	0:15:09	6:30:15	Canada	
952ba45b-18a9-ef11-b8e9-000d3a5a1803	1124	Chitti Korukonda	M	M50-54	56	14:55:04	1:56:32	0:20:47	6:28:05	0:25:25	5:44:15	United States	
349c8033-8ee5-45e1-b647-bc5fc63f6cd5	1125	Barbara Jewell	F	F60-64	10	14:55:11	1:50:04	0:14:49	6:12:44	0:14:17	6:23:17	United States	
f43fd7eb-77bb-419c-8ef9-89652e8fbb80	1126	Staci Molinar	F	F35-39	38	14:55:34	1:34:24	0:11:45	6:09:49	0:12:45	6:46:52	United States	
68611cd9-5437-f111-88b4-0022480994c2	1127	Kent Land	M	M65-69	9	14:55:50	1:25:05	0:13:23	6:34:02	0:16:06	6:27:13	United States Minor Outlying Islands	
3f432a93-8194-4106-87bd-002b9a95257b	1128	Conor McGuigan	M	M30-34	112	14:55:52	1:34:14	0:21:11	6:10:50	0:15:31	6:34:07	United States	
41999f2f-21fb-48cc-bf08-733327c396de	1129	Noah Klemm	M	M25-29	170	14:56:04	1:33:30	0:14:22	6:17:51	0:46:06	6:04:15	United States	
5ff5a678-533d-f011-b4cc-6045bd05fcc1	1130	Miranda Cesped	F	F25-29	55	14:56:25	1:28:55	0:10:00	7:04:50	0:07:45	6:04:55	United States	
e2818d0f-3d02-4764-971f-a15125f3b250	1131	Jay Spafford	M	M30-34	113	14:56:44	1:51:47	0:13:54	6:35:57	0:16:18	5:58:47	United States	
f0cefa5f-83bd-f011-bbd3-000d3a5cf7d8	1132	Kasey Runyon	F	F30-34	42	14:57:15	1:27:03	0:09:06	7:15:39	0:07:15	5:58:11	United States	
07281943-be15-f111-8341-0022480b84a3	1133	Robert Gorvetzian	M	M35-39	82	14:57:36	1:49:57	0:17:29	6:30:46	0:11:13	6:08:12	United States	
ad41c34b-85a0-f011-b41c-000d3a5cf7d8	1134	Jon Hammer	M	M30-34	114	14:58:26	1:37:20	0:08:24	6:22:38	0:12:14	6:37:49	United States	
2a77ca2c-64ef-f011-8407-00224805e61c	1135	Caleb Brown	M	M25-29	171	14:58:35	1:21:08	0:11:49	6:21:22	0:10:35	6:53:41	United States	
9abf681e-3781-f011-b4cc-002248098cfa	1136	Kjirstin Osland	F	F25-29	56	14:58:44	1:49:06	0:15:15	6:37:41	0:23:18	5:53:25	United States	
b4c28f03-5198-48f5-b84a-13705507ee51	1137	Sarah Price	F	F25-29	57	14:58:54	1:48:16	0:11:32	7:00:44	0:09:19	5:49:02	United States	
670911d5-84ee-4816-bbae-d2e744639cc4	1138	James Hutzel	M	M55-59	53	14:59:09	1:28:46	0:16:07	5:45:13	0:14:12	7:14:50	United States	
e67f89d5-a225-ef11-840a-000d3a367177	1139	Lauren Crawford	F	F25-29	58	14:59:19	1:53:45	0:14:44	6:42:28	0:10:53	5:57:29	United States	
7bbd7bc8-5df8-ef11-9341-002248049fdc	1140	Len Turpin	M	M50-54	57	14:59:27	1:35:51	0:11:29	5:59:06	0:12:43	7:00:17	United States	
8ea52fc5-9fd9-ed11-a7c7-000d3a314d17	1141	John Jones	M	M40-44	99	14:59:51	2:09:03	0:25:23	6:26:42	0:17:03	5:41:41	United States	
e10e7f41-75a2-f011-bbd3-000d3a35ffc1	1142	Marvin Garcia	F	M30-34	115	15:01:01	1:59:26	0:11:05	7:01:03	0:09:51	5:39:37	Guatemala	
944a0288-43d2-f011-bbd2-000d3a5b5fc7	1143	Charles Matson	M	M65-69	10	15:01:13	1:37:05	0:15:42	6:42:50	0:11:53	6:13:44	United States	
dab79e5a-3c73-410e-8b1f-0a1a9fdef092	1144	Jill Anderson-Kratzer	F	F55-59	17	15:01:21	1:52:24	0:18:56	6:35:00	0:20:43	5:54:18	United States	
83cb3ddc-f5e7-f011-8544-6045bd09951e	1145	Howard Hammer	M	M65-69	11	15:02:09	1:50:01	0:14:08	6:21:29	0:15:54	6:20:36	United States	
553a8687-a90c-4ab3-a79b-48800785c655	1146	Mary Kate Weiser	F	F25-29	59	15:03:05	1:35:46	0:10:21	5:59:39	0:11:56	7:05:22	United States	
33d076be-cf55-f011-877b-6045bd09951e	1147	Matthew Pitell	M	M25-29	172	15:03:06	1:40:29	0:18:13	6:10:44	0:14:52	6:38:47	United States	
c96e63b1-33c0-f011-bbd3-000d3a5b50ba	1148	Brittany Colasanto	F	F35-39	39	15:03:06	1:54:25	0:09:59	6:09:08	0:18:59	6:30:35	United States	
bfdbeb6b-9b5c-4f50-a5c6-012e223b23be	1149	Matthew Van Marter	M	M65-69	12	15:03:39	1:29:13	0:09:49	6:32:07	0:15:27	6:37:03	United States	
b970f109-a1f5-f011-8406-0022480b88da	1150	Travis Losh	M	M35-39	83	15:04:49	2:14:49	0:09:39	6:41:40	0:10:16	5:48:25	United States	
a3db2bb4-cbd1-ef11-8eea-000d3a3126fd	1151	Dan Gately	M	M40-44	100	15:05:06	1:22:18	0:10:40	6:34:07	0:10:39	6:47:22	United States	
760a6224-1951-f011-877a-6045bd05f634	1152	Matt Phelps	M	M25-29	173	15:05:09	2:05:34	0:08:01	6:22:30	0:10:51	6:18:13	United States	
f7eb5074-1001-49a8-b0a6-e4292f374dc3	1153	Angela Lisowski	F	F60-64	11	15:06:13	1:57:23	0:10:10	6:04:02	0:12:12	6:42:25	United States	
52919901-368f-f011-b4cc-6045bd05fcc1	1154	Nader Elsharkawy	M	M18-24	153	15:06:14	1:46:52	0:07:51	6:38:30	0:11:55	6:21:07	Egypt	
3bc48f15-bdc0-f011-bbd3-000d3a5cf7d8	1155	Nathan Sachs	M	M50-54	58	15:06:17	1:57:19	0:11:44	6:04:28	0:11:10	6:41:36	United States	
d008ed54-ee96-4dd5-bda0-c4a9845abbde	1156	Heather Rogers	F	F45-49	24	15:06:55	1:38:19	0:05:06	6:32:44	0:10:49	6:39:57	United States	
0ac70d59-61d2-4ca8-a968-35f6dcd4e10b	1157	Emily Blakeslee	F	F35-39	40	15:08:40	1:32:45	0:10:11	6:44:31	0:10:31	6:30:41	United States	
5410b17c-189a-f011-b4cc-000d3a5cf7d8	1158	Charlie Boles	M	M30-34	116	15:08:56	1:55:27	0:10:41	6:24:08	0:14:00	6:24:39	United States	
76865ba3-cbcb-f011-bbd3-6045bd05fcc1	1159	Anthony Damico	M	M18-24	154	15:08:57	1:47:55	0:10:01	7:00:05	0:07:58	6:02:57	United States	
60557d7f-aebe-4144-a4f9-f2d9cbcadd6c	1160	Joseph Beltran	M	M55-59	54	15:09:05	1:33:31	0:19:14	5:48:02	0:13:48	7:14:29	Philippines	
6014151f-83c8-47e4-9e9f-ae74dc896ff2	1161	Pierre Long	M	M50-54	59	15:09:11	1:47:58	0:12:01	6:44:16	0:11:25	6:13:31	Brazil	
247d7a4b-9b50-f011-877a-000d3a5b7c3b	1162	Evan Stokdyk	M	M18-24	155	15:10:17	1:44:43	0:12:31	6:31:09	0:12:35	6:29:18	United States	
52975ebc-767c-f011-b4cc-0022480c097c	1163	Andrew Spence	M	M18-24	156	15:11:32	1:45:23	0:11:47	6:48:12	0:10:30	6:15:41	United States	
2b34f45a-516b-ef11-bfe3-000d3a367177	1164	Justin Chipkin	M	M40-44	101	15:12:21	1:38:05	0:19:00	7:02:39	0:13:30	5:59:06	United States	
d296f828-dc88-4f98-a7c8-2ffb0584accb	1165	Karen Long	F	F45-49	25	15:12:22	1:43:46	0:12:18	7:12:19	0:08:36	5:55:25	United States	
ea0c22a3-92ad-ef11-b8e9-000d3a5a1803	1166	Keith Murphy	M	M25-29	174	15:13:22	1:46:48	0:09:39	6:37:01	0:08:14	6:31:41	United States	
064da2d7-3de2-ef11-8eea-002248049fdc	1167	Jason Jaworski	M	M35-39	84	15:13:36	1:58:12	0:08:52	5:49:29	0:09:10	7:07:53	United States	
35d6cca8-33dc-ef11-8eea-000d3a5ae96c	1168	Patrick Hardin	M	M25-29	175	15:13:41	1:36:06	0:11:40	6:03:55	0:14:44	7:07:15	United States	
95f666bc-e5a1-4646-8e6d-ba8411b214ee	1169	Curtis Throop	M	M65-69	13	15:14:13	1:35:36	0:14:21	6:14:44	0:11:13	6:58:20	United States	
edd3bf1e-28cf-ed11-b597-000d3a314329	1170	Daniel Mackowiak	M	M45-49	69	15:14:32	1:49:12	0:16:48	5:55:36	0:17:03	6:55:53	Poland	
ffe17d54-7699-f011-b4cc-000d3a5b50ba	1171	Sarah Saylor	F	F45-49	26	15:15:02	2:00:15	0:18:28	6:41:29	0:15:58	5:58:51	United States	
30f713bb-0044-4c86-beca-27ed291ba222	1172	Scott Alexaki	M	M50-54	60	15:15:17	1:44:20	0:07:09	5:15:35	0:11:31	7:56:42	United States	
9e1fcb13-f44f-4eb1-b296-1d0d45d1714b	1173	Grady Olson	M	M30-34	117	15:15:25	1:15:01	0:33:36	7:16:19	0:24:15	5:46:14	United States	
798a2b31-1d31-f111-88b3-6045bd08b1a2	1174	Jonathan Bledsoe	M	M30-34	118	15:15:30	1:52:47	0:09:16	6:46:15	0:08:42	6:18:30	United States	
56135a9c-2179-f011-b4cb-002248098cfa	1175	Geoffry Genna	M	M45-49	70	15:16:48	1:35:20	0:16:00	6:12:36	0:15:05	6:57:48	United States	
f3f5a874-6da8-f111-b8de-70a8a59af2e9	1176	Sammit Tovar	M	M30-34	119	15:16:50	1:15:54	0:07:34	6:31:35	0:10:40	7:11:07	United States	
92c6c75d-b477-4b04-bda3-6f103b0625d9	1177	Kera Ritter	F	F50-54	16	15:17:03	1:54:58	0:10:29	6:57:18	0:10:44	6:03:35	United States	
9a0fec50-5da4-f011-bbd3-000d3a3173b5	1178	Dennis Novello	M	M40-44	102	15:17:12	1:45:25	0:16:31	7:11:09	0:11:31	5:52:36	United States	
671895be-6d50-415b-bae7-340438723348	1179	Timothy Schaffling	M	M60-64	33	15:17:39	1:21:56	0:10:49	6:31:06	0:13:55	6:59:54	United States	
8949c388-a63f-4474-8fab-1f784a86052b	1180	Scott Giffin	M	M60-64	34	15:17:40	2:02:18	0:07:41	5:57:11	0:14:03	6:56:26	United States	
aa7871a7-e37d-4543-bc3c-d223e9a97b46	1181	Anne Re	F	F55-59	18	15:18:42	1:54:49	0:20:49	6:12:00	0:12:54	6:38:09	United States	
b2bb807e-3b8f-46f0-9d1c-91401a669190	1182	Dane Adams	M	M40-44	103	15:19:29	1:21:12	0:17:15	5:55:46	0:12:59	7:32:18	United States	
775fd514-a21a-f111-8341-0022480994c2	1183	Matthew McGeachy	M	M25-29	176	15:21:02	1:56:20	0:07:33	6:52:21	0:11:36	6:13:11	United States	
1e762c9b-e2d8-4404-a2d8-8cf7d46c905f	1184	Edna Cohen	F	F60-64	12	15:21:47	1:49:35	0:11:02	5:57:16	0:08:41	7:15:14	Israel	
26d88aaf-9e26-f011-8c4e-000d3a5b50ba	1185	David Correira	M	M40-44	104	15:21:54	1:21:38	0:12:09	6:45:12	0:13:19	6:49:36	United States	
e0046fe7-554b-f111-bec5-7c1e528d2b5c	1186	Jaron Ellis	M	M25-29	177	15:22:24	1:40:03	0:12:10	6:33:17	0:10:39	6:46:14	United States	
b5325ed7-a945-f011-877a-000d3a5cf7d8	1187	Chris CARDINAL	M	M40-44	105	15:22:52	1:41:36	0:12:57	6:06:30	0:20:58	7:00:51	United States	
2d11a890-e74d-42b9-9de4-5cea2caf0837	1188	Trevor Pool	M	M35-39	85	15:23:56	1:53:23	0:09:19	6:37:18	0:10:46	6:33:08	United States	
c9f4fc54-1e6c-42f8-bb7d-5617ed5228e1	1189	Ted Tone	M	M55-59	55	15:24:18	1:34:46	0:17:49	6:36:09	0:12:25	6:43:07	United States	
c729799c-4ba2-f011-bbd3-6045bd09951e	1190	Donald Tran	M	M35-39	86	15:24:50	1:43:01	0:18:58	6:35:34	0:16:10	6:31:08	United States	
1bb4caeb-bd76-4436-8dca-1b1a41fe0b85	1191	John Fox	M	M45-49	71	15:25:34	1:28:15	0:09:06	6:25:44	0:09:25	7:13:03	United States	
ef7a33d3-1a35-4c80-8091-5be3a62b632e	1192	Brandon Lewis	M	M55-59	56	15:25:58	1:33:27	0:14:25	6:31:10	0:13:50	6:53:07	United States	
4751ae88-c4f4-45c2-9384-1b5ffc566896	1193	Keith Warren	M	M55-59	57	15:27:04	1:47:37	0:10:14	6:02:11	0:16:54	7:10:07	United States	
6e9ff2e6-ba8e-4bc5-b84b-dabcc328049b	1194	Crystal Pomeroy	F	F65-69	3	15:27:26	2:00:54	0:16:32	5:47:06	0:15:14	7:07:41	United States	
b68df57c-250a-457a-97f2-3bfe3e197002	1195	Mark Van Kirk	M	M65-69	14	15:28:00	1:42:50	0:11:37	6:40:40	0:13:30	6:39:24	United States	
b31bf7cb-7312-f111-8406-000d3a316ce3	1196	Joshua Weaver	M	M35-39	87	15:28:38	1:40:52	0:11:08	5:53:07	0:11:52	7:31:38	United States	
d9141b4d-50ea-ef11-8eea-6045bd088264	1197	Emma Smith	F	F18-24	30	15:28:53	1:15:47	0:10:05	7:08:26	0:07:47	6:46:49	United States	
2df1f3c4-0c88-4c40-bfb3-c0beda1c5f1d	1198	Chris Martino	M	M45-49	72	15:29:54	1:44:37	0:07:02	6:09:59	0:08:31	7:19:45	United States	
4276a2ae-b26e-f111-ab0d-0022480b84a3	1199	Jonathan Whitney	M	M25-29	178	15:30:28	1:49:20	0:12:25	6:57:01	0:06:36	6:25:05	United States	
7316b82f-7b42-44a0-b369-ba68600c316f	1200	Michael Villacarlos	M	M45-49	73	15:31:08	1:26:38	0:15:01	6:50:23	0:09:08	6:49:58	United States	
ef976541-5a99-f011-b4cc-000d3a35ffc1	1201	Colter Bergh	M	M35-39	88	15:31:52	2:07:44	0:12:57	6:43:45	0:11:37	6:15:49	United States	
5cddfceb-34b0-4ad2-8bad-5b7f237582a5	1202	Nish Vadalia	M	M30-34	120	15:33:28	1:39:11	0:15:42	6:44:37	0:27:28	6:26:30	United States	
b3d1f234-dba3-48bb-8de9-9f2d51473c9b	1203	Clement Allen	M	M60-64	35	15:33:35	1:54:25	0:16:34	6:31:13	0:17:15	6:34:08	United States	
ffcd3886-48b8-4b09-8e13-ae68bd4425e9	1204	Raul Antonio Gonzalez Escobar	M	M45-49	74	15:33:47	1:36:46	0:16:09	6:48:04	0:27:05	6:25:44	Mexico	
25ea8971-c0d1-4b5f-93ab-d373c36fc183	1205	Julie Michels	F	F55-59	19	15:34:22	1:52:49	0:09:52	6:32:16	0:14:41	6:44:44	United States	
8e6d2135-8aa6-4e8c-b15b-bc50983f37fd	1206	Todd Michels	M	M55-59	58	15:34:23	1:38:07	0:24:31	6:32:14	0:09:17	6:50:13	United States	
bf73e668-9856-4704-9d12-f51d53282010	1207	Christopher Woodworth	M	M45-49	75	15:34:53	1:33:47	0:12:23	6:00:56	0:14:06	7:33:40	United States	
0ed2e54b-46cf-4389-833a-2bac60ca7a9d	1208	Dante Distefano	M	M25-29	179	15:34:59	1:47:42	0:12:16	6:45:18	0:15:24	6:34:18	United States	
78d14677-7d40-4c8e-b29e-d1972cf6799a	1209	John Kellogg	M	M40-44	106	15:37:04	2:01:57	0:09:49	6:41:39	0:08:25	6:35:14	United States	
8ae91131-2585-f111-ab0f-0022480994c2	1210	Anna Erskine	F	F18-24	31	15:37:09	1:16:30	0:15:56	6:39:59	0:18:41	7:06:02	United States	
cf742b97-b47b-f011-b4cc-000d3a5b7c3b	1211	Andrew Kestler	M	M30-34	121	15:38:58	1:31:41	0:07:42	5:53:20	0:08:47	7:57:28	United States	
84052b65-ccae-f011-bbd3-002248098cfa	1212	Riann DeCesaris	F	F45-49	27	15:42:47	2:00:22	0:18:13	6:41:34	0:13:08	6:29:31	United States	
410cf094-8988-4dde-9f71-517531804646	1213	Mark Brueckner	M	M40-44	107	15:45:30	1:38:19	0:13:16	6:36:02	0:15:38	7:02:16	United States	
e18e0f74-d4e1-f011-8544-000d3a35ffc1	1214	Michelle Furuseth	F	F55-59	20	15:45:54	2:00:38	0:13:17	6:37:04	0:07:10	6:47:45	United States	
c30fae37-ce8b-ee11-8179-000d3a314ae2	1215	Shane Costa	M	M30-34	122	15:46:15	1:53:40	0:22:39	6:44:36	0:16:55	6:28:25	United States	
2f557565-a42a-f011-8c4d-000d3a37926f	1216	Daniella Leifer	F	F35-39	41	15:46:53	2:16:08	0:08:10	6:45:17	0:11:42	6:25:36	United States	
cf912051-5eb4-f011-bbd3-6045bd09951e	1217	Heather Walsh	F	F55-59	21	15:47:07	1:56:04	0:14:51	7:01:27	0:12:07	6:22:38	United States	
58146041-86af-ee11-a569-000d3a314c24	1218	Avikar Kaul	M	M25-29	180	15:47:39	1:49:03	0:10:54	7:06:00	0:11:47	6:29:56	United States	
8b95c252-04b8-40e0-8174-a4fe0b619a9f	1219	Rose Coleman	F	F60-64	13	15:49:01	2:08:04	0:14:50	5:49:17	0:23:57	7:12:53	United States	
4047ba44-e2b9-4111-be93-e39c6193e361	1220	Thomas Boschuetz	M	M65-69	15	15:50:26	1:49:43	0:10:40	6:11:19	0:13:26	7:25:19	United States	
36937d63-aa44-442c-b1ba-0004cdfd8f9d	1221	Kiran Balram	M	M55-59	59	15:51:35	1:42:05	0:09:43	6:58:13	0:15:08	6:46:25	India	
38f0bd14-9ef5-f011-8406-002248046ec8	1222	Bill Begg	M	M60-64	36	15:52:57	1:56:24	0:12:53	6:13:32	0:23:23	7:06:46	United States	
c7c6f3f5-0e6b-f011-bec2-000d3a5cf7d8	1223	Wilson Bao	M	M35-39	89	15:53:07	1:59:42	0:09:50	6:31:54	0:13:54	6:57:48	United States	
39805c5c-5922-4228-bb14-fb4e34fe3bfc	1224	Steve Framil	M	M55-59	60	15:53:28	1:59:51	0:20:34	6:33:09	0:16:03	6:43:51	United States	
acf34737-7fd4-4147-a50d-0dbb48128fd7	1225	Dean Demetropoulos	M	M55-59	61	15:56:05	2:01:30	0:17:23	6:09:06	0:17:58	7:10:08	United States	
1505d588-4726-f111-8341-0022480994c2	1226	Barbara Land	F	F60-64	14	15:59:04	2:14:17	0:11:10	6:56:57	0:18:13	6:18:27	United States	
31b52496-4d6e-4724-a774-7c10dd247739	1227	William Caywood	M	M75-79	2	16:05:32	1:40:17	0:14:07	6:42:53	0:15:19	7:12:55	United States	
44289b85-7d7a-f111-ab0f-0022480a5755	1228	David Jho	M	M50-54	61	16:06:11	1:51:00	0:14:51	6:56:01	0:13:40	6:50:39	United States	
981ec9f8-85e2-f011-8544-000d3a5b50ba	1229	Tim Steele	M	M30-34	123	16:09:51	1:23:10	0:11:31	6:53:23	0:15:11	7:26:36	United States	
8c3a10ab-f2f3-4fc5-b2d8-876e4c4600c3	1230	Brianna Lowry	F	F30-34	43	16:10:06	1:50:28	0:34:42	6:33:47	0:15:49	6:55:20	United States	
2b33764f-5b16-48f7-870d-cc808ddbd6d9	1231	Jessica Mcgrail	F	F55-59	22	16:11:56	1:55:17	0:13:50	6:52:04	0:11:10	6:59:35	United States	
6b0a78bb-8b40-f011-b4cb-6045bd05f634	1232	Rachael Moore	F	F25-29	60	16:12:31	1:48:19	0:22:31	7:18:17	0:09:45	6:33:38	United States	
687db523-1e5e-4e0a-9b09-5cad0801c64a	1233	Jessica Landry-Lyons	F	F35-39	42	16:12:49	2:03:45	0:09:24	6:54:07	0:17:28	6:48:05	United States	
b5ff42d5-0178-4158-8da9-48eec95adc1a	1234	Shannon Luckenbill	F	F40-44	32	16:15:56	1:54:33	0:15:21	7:12:33	0:12:20	6:41:09	United States	
9b41d2c5-ac99-49ab-8172-f5ad88f58e72	1235	Crystal Zamfino	F	F40-44	33	16:16:52	2:14:20	0:08:28	6:24:34	0:09:01	7:20:29	United States	
e423c3bb-e67e-f011-b4cc-000d3a5cf7d8	1236	Caitlyn Wermuth	F	F25-29	61	16:20:17	2:09:53	0:07:46	6:54:42	0:09:30	6:58:25	United States	
c0cb36e7-d1c5-4b72-8be7-34395618a4c9	1237	Jonathan Woodhull-Smith	M	M45-49	76	16:28:13	1:28:31	0:15:09	7:15:24	0:11:07	7:18:03	United States	
361c71e6-56f0-49d1-8392-0621648b4d5e	99999	Herb Spicer	M	M70-74	99999							United States	DNS
de520a7f-eda2-f011-bbd3-6045bd05fcc1	99999	Mustafa Hazime	M	M40-44	99999		2:06:44	0:14:54	7:41:58			United States	DNF
f2c67a5d-0129-4a9f-baf2-9977a224ea84	99999	Joe Aardema	M	M50-54	99999	15:56:05	1:57:34	0:09:53	6:07:06	0:12:32	7:28:58	United States	DNF
5ba35501-cabd-4c9d-9352-6d7737a70fa4	99999	John Hoskins	M	M55-59	99999		1:57:39	0:15:19	6:15:38	0:17:09		United States	DNF
3cb0cb10-0f1e-43ae-9561-3eed117858a8	99999	Timothy Gerry	M	M50-54	99999	10:35:31	1:21:04	0:07:28	4:27:08	0:06:18	4:33:33	United States	DNF
a4bb92a0-6ad1-41cd-a564-c5665f8dbf68	99999	James Johnson	M	M40-44	99999		2:17:57	0:12:26	7:17:57			United States	DNF
42b53037-8b04-4593-b4d2-9cd12d87dcc5	99999	Lauren Malan	F	F45-49	99999		1:29:14	0:20:42				United States	DNF
78cd6cd0-03e6-4c09-87a6-2f776f710649	99999	Junior Mamedio	M	M45-49	99999							Brazil	DNF
22e6fc38-19b2-404e-8e18-271929c4cef0	99999	Sean Harrison	M	M45-49	99999		1:48:19	0:09:29	6:57:30	0:25:41		United States	DNF
eb3a8c77-a7df-456b-b72f-ef9bf214b1a1	99999	Jeff Bachman	M	M40-44	99999							United States	DNF
78048b93-7376-4c38-875b-04acdeabde24	99999	Denis Chevrot	M	MPRO	99999							France	DNS
ed4a1666-78d1-446b-ac6a-b48d987c6082	99999	Michael Brady	M	M80-84	99999							Canada	DNF
8a141c58-3b9e-4830-813e-2c40a44fe0ee	99999	Jordan Mcammond	F	F50-54	99999							United States	DNS
815bad2d-97bc-4303-8774-7814a9f7550e	99999	Greg Hammer	M	M70-74	99999		1:53:09	0:14:00				United States	DNF
1e0b3c10-29e1-f011-8544-000d3a5b7c3b	99999	Edrick Edwards-Lunsford	M	M25-29	99999							United States	DNF
abfeb74d-71a5-44d4-a401-38dc6c62e802	99999	Josh McDaniel	M	M25-29	99999		2:21:34	0:09:16	6:47:22	0:10:00		United States	DNF
900b8f10-a628-f111-8341-6045bd08b1a2	99999	Scarlett Cruz	F	F25-29	99999	14:39:03	2:14:48	0:08:12	7:14:03	0:08:16	4:53:45	United States	
e37de864-c50a-ee11-8f6e-000d3a314ae2	99999	Seid Lejlic	M	M25-29	99999	8:51:18	1:15:16	0:04:51	3:50:14	0:05:14	3:35:43	Bosnia and Herzegovina	DNF
9e8f6194-22f2-49fa-bacf-8c386f9a05ba	99999	David Kaplan	M	M50-54	99999							United States	DNS
784fdce1-0b79-4459-b459-60ad0a26bd4a	99999	John Hoffman	M	M60-64	99999		1:35:59	0:06:16	5:13:41	0:10:31		United States	DNF
068c54ba-a32b-4d24-bd5b-bd157bb33a9f	99999	Marius Bjerkeset	M	MPRO	99999		1:00:16	0:02:48	3:33:56	0:03:20		Norway	DNF
e1d0b1ff-f479-438a-bd9d-6538134a084f	99999	Jennifer Summers	F	F50-54	99999							United States	DNF
edacad4a-6c96-4fe9-b029-8e384b2a766a	99999	Yvan Jarrige	M	MPRO	99999							France	DNS
b6639a5f-a1bb-ec11-983f-00224806df9f	99999	Lisa Stephenson	F	F50-54	99999		1:22:06	0:12:02				United States	DNF
cc2846b2-48b9-ec11-983f-00224806de2c	99999	Matthew Morabito	M	MPRO	99999		1:16:10	0:07:01				United States	DNF
225698d2-37fe-4e5b-9163-ac7d7e5d6002	99999	Sloane Tilley	F	FPRO	99999							United States	DNS
1e3896de-4a18-4fd6-acd5-23f05ff5786e	99999	Monty Moreau	M	M18-24	99999	10:03:49	1:22:52	0:07:44	4:29:01	0:08:17	3:55:55	Canada	DNF
31c6a83e-5d26-f111-8341-0022480a5755	99999	Maxwell Finch	M	M25-29	99999		1:03:31	0:06:30	4:46:32	0:06:50		United States	DNF
d7ae5dcb-1c5d-41dd-9db8-1e1724b0a653	99999	Xu Feng Jiang	M	M50-54	99999		2:06:02	0:10:33	5:46:43	0:13:14		China	DNF
22d75a61-069b-4bab-8da8-3d86d1980d85	99999	Rudy Christian	M	M55-59	99999		2:21:35	0:11:55	6:22:00	0:09:38		United States	DNF
2463f5a6-3706-4868-a3d8-6b9cec794a90	99999	Mirjana Rankovic	F	F45-49	99999		1:10:51	0:05:19				Serbia	DNF
3fc4382b-ec43-f111-88b3-6045bd08b1a2	99999	Joe Klingbeil	M	M65-69	99999		1:41:18	0:17:58	7:14:25	0:14:56		United States	DNF
a60d85f5-57db-4154-a6bd-e3a73e61fdc7	99999	Stephan Fauerbach	M	M65-69	99999							United States	DNF
5a2234c7-e870-4eb0-8c5a-c95f2a686387	99999	Mark Graminski	M	M70-74	99999							United States	DNS
af0bb733-865c-4efb-a2e9-6b3e43c628d7	99999	Jamie So	F	F45-49	99999		1:20:06	0:07:37	4:43:57	0:07:43		United States	DNF
3fd2bf0a-ed8c-f011-b4cc-6045bd05f634	99999	Nathan Bradstreet	M	M25-29	99999		1:44:22	0:20:39	7:01:56	0:14:13		United States	DNF
6db609ff-90c2-4b24-aa67-bcb04258f75b	99999	Benjamin Whitehill	M	M45-49	99999		1:25:40	0:08:19				United States	DNF
7d8a319e-8a45-40ff-8738-68f9d699a9f2	99999	Tj Lato	F	F55-59	99999		1:56:45	0:12:00				United States	DNF
a0b946d1-a3e8-eb11-bacb-000d3a334dcc	99999	Marc Galietta		M50-54	99999		1:11:27	0:05:22	4:23:42	0:04:57		United States	DNF
12935365-b0a9-4317-9f43-b757dd5aeeaa	99999	Matthew Jenco	M	M40-44	99999							United States	DNS
d68da192-fd39-4506-82cb-7d680fbe6c5f	99999	Connor Kinkema	M	MPRO	99999	8:23:52	0:55:32	0:03:12	3:55:12	0:04:25	3:25:32	United States	DNF
3877c170-792a-4f74-818c-e9315db7ad89	99999	Susan Haag	F	F60-64	99999		1:20:08	0:28:15	7:18:45	0:26:27		United States	DNF
a71a3b20-4cb3-4976-a480-2ed8e75c790b	99999	Pieter Heemeryck	M	MPRO	99999		0:54:23	0:02:32	3:41:22	0:07:28		Belgium	DNF
5fcac672-814f-4983-a309-f4728ea4b7b0	99999	Michael Tate	M	M40-44	99999		1:18:46	0:06:39	4:30:36	0:10:52		United States	DNF
d8940cd9-17f8-42f2-8980-7b677d49d233	99999	Katherine Dagenais	F	F35-39	99999		2:27:35	0:07:53				United States	DNF
9c7b7a9b-a575-f111-ab0e-70a8a59b112b	99999	Nash Bernhart	M	M25-29	99999		1:39:01	0:18:05				United States	DNF
b42e55c8-111a-4da1-ac94-6ec2c77c5f96	99999	John Bayone	M	M55-59	99999							United States	DNF
4835e06b-9acb-490e-acbb-98de94424a65	99999	Matthew Singleton	M	M40-44	99999		1:20:42	0:05:34	4:31:12	0:07:01		United States	DNF
81d4e52e-290d-f111-8406-0022480b84a3	99999	Gael Trejo	M	M18-24	99999							United States	DNF
2bb297af-6c8e-402f-9d7c-99daf53c8bbc	99999	Tracey Turner	F	F55-59	99999	13:12:56	1:34:59	0:11:52	5:58:08	0:02:54	5:25:03	United States	DNF
e3c8435a-a11b-4ec4-a5e7-82b608cc71ab	99999	Tom Meehan	M	M50-54	99999		1:45:21	0:12:55	6:04:27	0:17:05		United States	DNF
fa7e15cc-86f3-4ca1-9fe0-bb176daa25f9	99999	Bhaven Murji	M	M30-34	99999							United Kingdom	DNS
24feb959-68cd-4798-87e2-3c24e1ebb9e3	99999	Kevin Fon	M	M35-39	99999							United States	DNF
66c8a9df-c576-f011-b4cb-000d3a5cf7d8	99999	Wayne Graves	M	M55-59	99999	14:12:22	1:50:34	0:17:19	6:24:47	0:19:47	5:19:55	United States	DNF
cf890cc5-ee32-4eb4-b5ce-1d65c2a3ad0f	99999	Christopher Titas	M	M40-44	99999		1:26:50	0:07:00				United States	DNF
67eb1c0a-9b13-44cd-95c1-577a07bc7dc2	99999	Finn Große-Freese	M	MPRO	99999		0:51:32	0:03:07	3:31:33	0:02:48		Germany	DNF
4a06aa24-6759-4382-b259-6a99fa6e7489	99999	Kevin Ahl	M	MPRO	99999		1:02:22	0:04:08	4:01:22	0:03:30		Canada	DNF
c1d2b033-08f2-4e16-8853-403abae86745	99999	Mark Julier	M	M50-54	99999							United Kingdom	DNF
ea85aefa-d53a-4c7c-ab9c-60059ab7aa67	99999	Kevin London	M	M50-54	99999	14:47:38	2:04:52	0:09:45	6:17:50	0:10:35	6:04:37	Canada	DNF
a2d73a24-a451-41f5-ba2e-46a410d32a4d	99999	Bruno Martins	M	M35-39	99999		1:22:26	0:05:15	4:33:58	0:05:26		Brazil	DNF
aa23c301-4d5c-4717-a389-23e0c753ea86	99999	jane wright	F	F65-69	99999		1:50:04	0:07:34				United States	DNF
646fd43b-8025-406b-99eb-e1f7ab8603b9	99999	Paul Cashmore	M	M50-54	99999		1:31:15	0:08:19	5:11:05	0:10:40		United Kingdom	DNF
2787afb7-074c-483e-853a-adfeb5f6a394	99999	Sean Elliott	M	M50-54	99999	15:57:50	2:08:18	0:14:16	7:11:03	0:09:47	6:14:26	United States	
ea122fa7-0888-4aa1-bec5-9e1d12d8fdd3	99999	Richard Weinbrandt	M	M80-84	99999	11:15:01						United States	DNF
fabf444a-4b47-f111-bec5-0022480a5755	99999	Wyatt Campbell	M	M45-49	99999		1:54:46	0:19:11				United States	DNF
71141df8-e2cf-4fde-9406-63e6d8a36b71	99999	Mihaela Sandor	F	F50-54	99999		2:06:37	0:08:54				Canada	DNF
dfcfe868-542c-4bab-8eff-0b5cc3c4434e	99999	Penny Monnig	F	F45-49	99999		2:16:26	0:12:08				United States	DNF
a555c130-2955-4e85-ae33-eb353c8c237d	99999	Jared O'Haire	M	M35-39	99999							United States	DNF
9e0ed2ea-2843-4548-9936-f90a550117f3	99999	Dennis Dimaculangan	M	M55-59	99999							Philippines	DNF
a2d994aa-482f-4aad-a0df-80429b57e973	99999	Gus Nicoll	M	M60-64	99999		1:27:37	0:13:06	5:22:17	0:11:12		United States	DNF
7f50abc2-7033-f011-8c4e-000d3a35ffc1	99999	Cheney Sung	M	M25-29	99999	15:34:08	1:52:36	0:12:33	6:22:13	1:27:00	5:39:46	United States	DNF
61ab8071-1e22-464f-8a0c-af61cccd1148	99999	Raechel Krause	F	F50-54	99999		2:01:34	0:15:09	6:14:23	0:12:43		United States	DNF
ab1aa9b4-eeca-f011-8543-6045bd02c3db	99999	Estevan Crispin	M	M35-39	99999							United States	DNF
55f42c46-11fe-f011-8406-6045bd08b1a2	99999	Max Rueda	M	M18-24	99999		1:44:04	0:06:03	7:02:05	0:07:55		El Salvador	DNF
2e506029-c9e6-4d8b-a1d0-1f179779c087	99999	James Armistead	M	M35-39	99999		1:43:09	0:21:29	5:50:49	0:28:38		United States	DNF
c0d36282-d15c-4d65-b08f-a4793e9953cf	99999	Robert Macdowell	M	M50-54	99999		1:25:12	0:04:05	4:44:06	0:19:11		United States	DNF
1198e9f2-9332-4678-8844-4a8c54de37f3	99999	Caitlin Alexander	F	FPRO	99999		1:10:15	0:03:41	4:54:22	0:05:03		United States	DNF
0ba14773-778e-432c-8157-05f05a8ce8cd	99999	Sara Hagan	F	F45-49	99999							United States	DNF
cd1328a0-7a15-f111-8341-0022480b3ee9	99999	Jai Salters	M	M40-44	99999							United States	DNF
69ebb9e8-18fa-40b9-b0ad-95b1032f42fd	99999	Matt Shealer	M	M45-49	99999	10:18:04	1:19:46	0:04:42	4:18:40	0:03:49	4:31:07	United States	DNF
17232cca-6d41-f111-88b4-002248081bd6	99999	Rachel Giercyk	F	F40-44	99999	14:30:42	2:18:05	0:09:00	6:25:26	0:11:35	5:26:36	United States	DNF
c2f24708-b89a-ee11-be37-000d3a31458d	99999	Deivid Aguilar	M	M45-49	99999	10:45:33	1:23:47	0:09:23	4:36:21	0:11:38	4:24:24	Colombia	DNF
46610c5b-08de-4301-a8aa-9c259e92e4ab	99999	Caela Long	F	F30-34	99999		1:44:49	0:16:21	6:27:36			United States	DNF
7d5d004d-b5d0-4752-ab9f-77992742cf53	99999	Austin Williams	M	M25-29	99999							United States	DNF
f9096cbe-5bfe-e911-a811-000d3a591109	99999	Joseph Farmer	M	M35-39	99999		1:08:21	0:08:22				United States	DNF
116c404c-c979-ef11-a670-000d3a338a3c	99999	Zach Arnold	M	M30-34	99999							United States	DNS
3dac1285-e87a-ef11-a670-000d3a338a3c	99999	Jasmine Parreno	F	F45-49	99999	15:25:58	2:15:38	0:11:36	6:55:11	0:05:24	5:58:09	United States	DNF
49800800-4ec8-47f5-b1eb-3ce596e28a55	99999	Keith Vaughn	M	M60-64	99999		1:40:41	0:17:32	6:16:33	0:14:31		United States	DNF
5a1b4e00-b978-4e87-8a0d-e4102ff93c36	99999	Thomas Burke	M	M55-59	99999		1:23:07	0:08:37	4:55:00	0:10:05		United States	DNF
0fa3c6fd-b841-4201-ae3d-d762d4486c33	99999	Marshall Kronewitt	M	M50-54	99999		1:17:57	0:04:35	5:02:33	0:43:54		Canada	DNF
98d1a4ab-3ce0-49a0-8ff7-9214b076e754	99999	Jeap Mogilski	M	M40-44	99999		1:39:26	0:09:48	5:55:05	0:14:09		United States	DNF
827cfa91-1e3c-4ab7-9603-50d979ebc94c	99999	Ken Fiacco	M	M60-64	99999		1:44:00	0:10:07				United States	DNF
bf7de80d-0622-f011-9989-000d3a5b7c3b	99999	Logan Gilbert	M	M25-29	99999							United States	DNS
c20e5ee1-3af2-4aac-9366-d3deab196ae2	99999	Michael Weiss	M	MPRO	99999		1:01:37	0:03:17				Austria	DNF
fc1dc6ee-855d-49af-9e1d-b0b200da566e	99999	Anthony Morelli	M	M40-44	99999	13:35:14	1:37:49	0:11:52	6:44:01	0:09:32	4:52:00	United States	DNF
05f52726-bfef-407a-8091-eabe5a26e029	99999	Kristina German	F	F35-39	99999	16:18:54	1:44:43	0:14:23	7:24:00	0:09:06	6:46:41	United States	
cbbde2ec-f8a5-4d33-acfa-ecb4e3315851	99999	Zachary Brown	M	M30-34	99999		1:26:16	0:12:31	5:27:18	0:18:05		United States	DNF
aa0a58a2-7a96-f111-8075-7ced8d6ecc26	99999	Michael Magee	M	M18-24	99999							United States	DNS
d2df07e5-b74e-440a-88d4-95853503fc3f	99999	Bruno Achard	M	M65-69	99999		0:56:58	0:08:52	3:07:00	12:52:16		France	DNF
64cef449-c986-f011-b4cc-0022480a7385	99999	Mick Hodgins	M	M45-49	99999							United States	DNF
b5636236-d812-4a97-869f-362e0c470147	99999	Daniel Quevedo	M	M60-64	99999		1:22:01	0:06:08	5:04:53	0:08:05		United States	DNF
e96c98a5-bd92-458b-a634-df6f1082658c	99999	Caro Tobar	F	F30-34	99999		1:46:36	0:10:52				United States	DNF
33951b9b-04f8-4c14-beee-82fc5c87d9cc	99999	Rodrigo Alvarez Manzo	M	MPRO	99999		1:04:44					Mexico	DNF
24475aca-9f20-f111-8341-0022480b88da	99999	Peiyu Wang	M	M35-39	99999							China	DNF
8e1bc3bd-bcd5-41e4-877a-6fac2a168480	99999	Jackline Scott	F	F50-54	99999							United States	DNF
f23db27d-8ff9-ed11-8849-000d3a314c24	99999	Emma Uvena	F	F40-44	99999		1:29:04	0:07:18				United States	DNF
c2d0aa95-cebc-f011-bbd2-000d3a5b7c3b	99999	Michael Savchuk	M	M30-34	99999	11:27:38	2:01:04	0:05:53	5:16:24	0:00:56	4:03:20	United States	DNF
ad0d073d-496b-492d-a565-3f22d29d6bec	99999	Britt Landrum	M	M55-59	99999		1:36:04	0:10:10	6:15:48	0:09:09		United States	DNF
bfdfa01b-27a6-4a4e-a508-a6e7bcc01f2b	99999	Travis Clevenger	M	M40-44	99999		1:31:24	0:11:59				United States	DNF
fa8b35e0-3706-497c-a126-ac7edb69f2e4	99999	Abhinandan Gupta	M	M35-39	99999	15:09:00	2:20:39	0:13:52	6:53:18	0:11:04	5:30:06	India	
5afff4d0-01a5-43ea-a30d-4246bc29922c	99999	Barbara Phillips	F	F60-64	99999		2:07:38	0:13:44	6:47:13	0:12:30		United States	DNF
d0a807c6-b34e-4d85-a427-5dba61ec3bc2	99999	Matthew Grube	M	M55-59	99999		1:47:22	0:17:05	7:27:20	0:14:41		United States	DNF
626c8be2-cf5f-ee11-be6e-000d3a314ae2	99999	William Mcgregor	M	M25-29	99999		1:40:48	0:11:30	6:31:05	0:24:29		United States	DNF
ec37c500-047b-f111-ab0f-002248046ec8	99999	Roberta Young	F	F40-44	99999		1:37:52	0:15:18	7:26:13	0:21:36		United States	DNF
b7c98c39-a42e-4ff1-8b5a-0d3385bd160b	99999	Jessica Macleod	F	F50-54	99999		2:07:42	0:09:11	6:37:59	0:09:41		United States	DNF
a7faca2b-b11c-4a5f-a994-3893b1a7b379	99999	Katherine Hallock	F	F35-39	99999							United States	DNS
efb9ad8f-56ea-4e23-89f2-1e63f5c27ddf	99999	Colin Kirk	M	M25-29	99999		1:28:46	0:10:57	5:36:46	0:13:01		United States	DNF
2d2e594d-0271-41d9-8cee-7449c34f3dad	99999	Matthew Curry	M	M30-34	99999		1:53:16	0:16:29				United States	DNF
006ed0f5-c6f8-f011-8406-6045bd08b1a2	99999	Tobias King	M	M18-24	99999	12:59:00	1:36:37	0:10:22	4:53:45	0:00:53	6:17:23	United States	DNF
4ae8b74f-c853-4157-96c7-5028afb03f2b	99999	Robert Budaj	M	M35-39	99999							Slovakia	DNS
03aadfc7-a754-492f-bacb-599cc4f58cd3	99999	Marco Suozzi	M	M50-54	99999		1:26:56	0:04:31				Switzerland	DNF
0cccb4f3-d210-f111-8406-6045bd07a55a	99999	nolan Okstad	M	M18-24	99999							United States	DNS
79fcb9a7-9217-4a1b-bc5d-122d2c8ba6ba	99999	Robert Kallin	M	MPRO	99999		0:53:39	0:03:41	3:22:41	0:02:46		Sweden	DNF
3b92b4e4-af14-446c-add5-95802904a9d1	99999	Jessica Miller	F	F45-49	99999							United States	DNS
673e9a4d-5974-4234-be2e-aa92e5d160e7	99999	Brendan Cryan	M	PC/ID	99999	11:12:56	1:32:37	0:08:39	4:31:48	0:08:59	4:50:53	United States	
ea98d74a-b446-4616-afd3-c0ff26eb1b89	99999	Mark Walker	M	M60-64	99999	15:08:47	2:11:57	0:18:45	6:36:32	0:12:56	5:48:37	United States	DNF
1c6670aa-b22f-f111-88b3-6045bd06566a	99999	Daniel Reyes Aguilar	M	M18-24	99999							United States	DNS
446a29bf-e04a-f011-877a-6045bd05fcc1	99999	Valentina Micheli	F	F30-34	99999		1:43:14	0:10:27	6:11:21			Italy	DNF
a9b9122b-fbc5-ef11-b8e8-6045bd088264	99999	Marcus Zinger	M	M70-74	99999		1:31:49	0:11:35	6:09:03	0:13:42		United States	DNF
068616e6-063c-ef11-8409-000d3a367177	99999	Travis Romine	M	M30-34	99999		1:38:47	0:12:03	7:57:57	0:09:34		United States	DNF
bd6fc2ae-77de-f011-8543-6045bd05fcc1	99999	Jeremy Hritz	M	M45-49	99999							United States	DNF
7f2771fb-79fe-4ac7-929f-912b6cf57209	99999	Kasi Karnati	M	M50-54	99999		2:10:39	0:17:17				United States	DNF
0be6d531-f08f-49b6-a911-becb7e601768	99999	Pete Van Horn	M	M35-39	99999		1:29:54	0:12:59				United States	DNF
aa45f3b4-2c00-f011-bae2-000d3a3173b5	99999	Micheal Moore	M	M30-34	99999		1:22:48	0:05:59				United States	DNF
2448b22f-269a-ef11-8a69-000d3a5a403c	99999	Mae Elise Cannon	F	F50-54	99999		1:40:53	0:09:47	6:03:35			United States	DNF
baace4bc-aeff-4ddc-a45e-7f7d74388f65	99999	Marc Kennedy	M	M55-59	99999		1:31:58	0:14:07	7:37:21	0:06:54		United States	DNF
d54d0467-d13a-ef11-8409-6045bd0953ac	99999	Greg Gustitis	M	M40-44	99999		1:35:46	0:10:27	8:18:05			United States	DNF
8ba33586-5803-404b-8693-62197c6416b0	99999	Joseph Campisi	M	M50-54	99999		1:45:11	0:09:11	8:04:03			United States	DNF
3b5f2602-a0f9-46fc-96cf-60449dfed92e	99999	Wilberto Ayala	M	M25-29	99999		1:38:10	0:06:37	4:33:52	0:05:07		El Salvador	DNF
53277e42-d83e-4fc7-9fc6-056969ebed78	99999	Fred Stevens	M	M55-59	99999							United States	DNS
d52a31c4-6814-4e48-b03d-bee5856ad634	99999	Nicholas Bowers	M	M30-34	99999	16:01:15	1:39:03	0:11:56	7:23:51	0:09:18	6:37:07	United States	
12ac974b-21bb-4f4f-8ef7-6fa7a4655db9	99999	Don Cain	M	M65-69	99999		2:00:25	0:09:17	5:05:17	0:33:01		United States	DNF
a0b4da23-f0b9-44e1-9d96-43cf622e993e	99999	Connor Ruggles	M	M30-34	99999		2:14:22	0:06:38	6:10:56	0:11:46		United States	DNF
e383ed1c-4fb1-4fdd-b0b5-eab7e1956171	99999	Noel Dickens	M	M18-24	99999	13:10:43	1:11:04	0:25:45	5:49:21	0:17:23	5:27:09	United States	DNF
23d8b6fb-4a65-f011-bec3-000d3a5b50ba	99999	Renan Silva	M	M35-39	99999							Brazil	DNF
eccbc45d-0a70-f111-ab0c-7ced8d6ebf84	99999	Kaleb Anthony	M	M30-34	99999							United States	DNF
4e180801-7dd0-4493-be3d-e055b64bdd60	99999	Nelson Rodriguez	M	M65-69	99999		2:22:50	0:19:03	6:35:15	0:10:18		United States	DNF
e1e1389f-17e2-4060-847b-af56204ec7b1	99999	Renata Varga	F	F40-44	99999		1:15:15	0:11:46	2:53:28			United States	DNF
4978d6aa-bf4f-4882-98ee-e68167d144b0	99999	BRUNO MENDONCA CUNHA	M	M45-49	99999		1:09:49	0:05:57	4:41:29	0:05:02		Brazil	DNF
711ffe14-bd8c-49c5-bf43-1bed8287714a	99999	Keith Hescock	M	M40-44	99999							United States	DNF
117ffb41-50fa-497a-afc2-61fbb628cf9f	99999	Robin Barth	F	F35-39	99999		1:18:24	0:05:01				United States	DNF
df7066be-58bd-49a6-99b5-d3845a22176c	99999	Nicole Fiorilla	F	F35-39	99999		1:45:11	0:19:28				United States	DNF
86165cf1-3c49-f111-bec6-002248046451	99999	Gage Diffenbaugh	M	M18-24	99999	15:25:40	1:12:00	0:12:15	8:09:11	0:07:17	5:44:57	United States	DNF
bfe05913-0020-4d1a-89f6-554d0d70b0e6	99999	Maggie Freeman	F	F55-59	99999							United States	DNF
54e6b9fa-ed54-4f1f-9187-ed57f976aa82	99999	Heather Durrell	F	F40-44	99999							United States	DNF
4a690020-3cf7-4ecf-a052-469877f296b9	99999	Greg Johnson	M	M70-74	99999	15:17:12	1:59:45	0:21:08	7:03:21	0:07:08	5:45:49	United States	DNF
7e558489-d55b-4ac5-8169-73c270cd7c2a	99999	Eddy Koos	M	M65-69	99999							United States	DNF
df8b6807-89b4-e511-940c-005056951bf1	99999	Michelle Jeitler	F	F50-54	99999		1:53:45	0:08:45	6:23:38	0:10:47		Canada	DNF
20f10cb2-acf8-ef11-9341-6045bd088264	99999	Shayan Butt	M	M18-24	99999							Pakistan	DNF
06c04419-3aa5-f011-bbd3-000d3a35ffc1	99999	Vladimir Stanislavsky	M	M60-64	99999							United States	DNF
586f8d2d-dfdc-f011-8544-000d3a5cf7d8	99999	Jackie Rairden	F	F35-39	99999		1:29:37	0:11:05	7:24:59	0:09:03		United States	DNF
49c7b554-a3fe-f011-8406-0022480a5755	99999	Ellie Keck	F	F25-29	99999	10:21:14	1:05:02	0:05:13	5:01:27	0:05:05	4:04:27	United States	DNF
d4643e19-388f-f011-b4cc-6045bd09951e	99999	Yusef Ismail	M	M18-24	99999		1:51:15	0:07:37				Egypt	DNF
38f0bd14-9ef5-f011-8406-002248046ec8	99999	Bill Begg	M	M30-34	99999		1:13:31	0:13:34	6:25:00	0:17:58		United States	DNF
94e67468-5106-446d-a633-3c0f9d12ca7c	99999	Kathryn Rodger	F	F40-44	99999		1:04:44	0:04:09	4:18:12	0:04:12		Canada	DNF
816d9b5f-6fd3-ef11-8ee9-6045bd088264	99999	Jacob Nostrand	M	M25-29	99999		2:08:10	0:10:19				United States	DNF
2301c6d8-9eaf-45bd-a956-1347c99f1d6d	99999	Angela Naeth	F	FPRO	99999							Canada	DNS
9a431485-0ee9-4941-88f5-2e83c95e1eee	99999	Mark Gaynor	M	M40-44	99999	12:18:53	1:38:53	0:12:20	5:23:48	0:12:50	4:51:02	United States	DNF
