ContactId	Overall_Rank	Name	Gender	Division	Div_Rank	Total_Time	Swim	T1	Bike	T2	Run	Country	Status
0c670106-27e8-ee11-a204-6045bd0158c4	1	Alexandre Caille	F	M30-34	1	8:31:29	0:57:22	0:03:33	4:41:44	0:02:37	2:46:12	Unknown	
e0c41960-f86b-485e-8269-bc11870aa3fe	2	Amandin Colvray	M	M30-34	2	8:52:43	0:58:15	0:03:05	4:49:18	0:02:34	2:59:31	FR	
58d8930c-922d-f011-8c4e-6045bd05fcc1	3	Niels Vandenbroele	M	M35-39	1	8:56:09	0:56:13	0:03:39	5:06:21	0:03:36	2:46:20	BE	
8c939381-6e99-4414-95ab-ca79ed6275cc	4	Bram Van Der Plas	M	M30-34	3	9:01:31	0:55:59	0:03:50	5:10:26	0:04:07	2:47:09	BE	
ec357742-3d79-4cc9-9b16-257a5fdf3a71	5	Louis Leoni	M	M25-29	1	9:08:05	0:59:49	0:03:00	5:03:24	0:02:43	2:59:10	fra	
70c30f13-f1d9-4998-8800-097b3bf48660	6	Zsolt Szollar	M	M30-34	4	9:13:27	0:59:38	0:04:25	5:05:47	0:03:01	3:00:35	hun	
802065ea-795f-ee11-be6e-000d3a314ae2	7	Pierre Valette	M	M25-29	2	9:15:39	1:02:20	0:05:38	5:08:28	0:03:08	2:56:05	fra	
9f70dcff-8889-f011-b4cc-000d3a5cf7d8	8	Victor Pinthon	M	M30-34	5	9:18:34	1:01:43	0:05:01	5:08:02	0:02:57	3:00:51	fra	
07a0110e-8afd-43ef-a85f-7ed110e55860	9	Angus Wilson	M	M30-34	6	9:21:12	1:00:40	0:03:55	5:13:15	0:02:40	3:00:41	gbr	
f8fd1501-4d43-4805-9c1e-15ba8fb91521	10	Félix Choquet	M	M30-34	7	9:24:17	1:02:31	0:04:42	5:17:16	0:02:53	2:56:54	FR	
7de782ec-5397-4168-8ae2-9961de3b0fce	11	Augustin Marot	M	M25-29	3	9:26:58	1:00:41	0:03:51	5:23:26	0:03:17	2:55:44	bel	
34551a82-b62e-4d69-a8b1-baebe2359aab	12	Loic Bergeron	M	M35-39	2	9:30:44	1:01:32	0:05:23	5:16:33	0:02:37	3:04:39	fra	
ac9c9f43-64ae-49e6-8d0c-68699ae5c2e4	13	David Portier	M	M40-44	1	9:33:34	0:58:42	0:05:01	5:21:29	0:03:28	3:04:54	fra	
325496d5-cdf8-ef11-9341-6045bd088264	14	Florian Mopin	M	M30-34	8	9:33:47	0:57:57	0:05:05	5:19:26	0:03:33	3:07:46	Unknown	
0e78f835-378a-f011-b4cc-0022480a7385	15	Matthieu Rubert	M	M30-34	9	9:34:51	1:03:11	0:05:01	5:19:58	0:03:50	3:02:51	nld	
0658a8e6-4e69-4997-9d7a-e2c0f233a61d	16	Riko Haase	M	M25-29	4	9:37:06	1:04:01	0:04:18	5:20:38	0:03:19	3:04:51	deu	
6ff068f4-a133-4179-958f-902f2a738a5e	17	Fabrice Bost	M	M40-44	2	9:37:34	1:06:04	0:04:28	5:15:09	0:03:06	3:08:47	Unknown	
42b90ae0-0a58-f011-877a-0022480c097c	18	Geoffrey Zietek	M	M25-29	5	9:37:46	1:01:34	0:04:33	5:28:04	0:02:53	3:00:43	Unknown	
1a9b8f7c-a389-f011-b4cc-000d3a5cf7d8	19	Baptiste Curely	M	M30-34	10	9:39:26	1:00:03	0:04:57	5:21:52	0:03:02	3:09:33	FR	
48724f62-4cd5-4cfe-9366-31b53a344957	20	Sven Vietmeier	M	M45-49	1	9:41:30	1:06:42	0:06:05	5:30:17	0:03:12	2:55:14	che	
60d349f3-7846-448c-b742-4215f69917dc	21	Samuel Hervieu	M	M35-39	3	9:41:57	1:14:45	0:04:34	5:05:42	0:03:26	3:13:31	Unknown	
4ab71c26-ff3f-4d6b-885c-30d807052103	22	Brent Van Lierde	M	M30-34	11	9:42:08	1:04:20	0:05:10	5:22:24	0:02:57	3:07:17	BE	
fa2fe02e-d792-4907-8417-e1a3740354ae	23	Alain Schutjes	M	M50-54	1	9:44:38	1:01:28	0:05:19	5:17:42	0:05:02	3:15:07	bel	
250487f4-7e7d-46de-a2cc-faaee73fd45f	24	Wouter Sijssens	M	M40-44	3	9:46:15	1:10:30	0:06:25	5:14:46	0:02:50	3:11:44	che	
07c31fe8-b828-42d3-9ec6-a5cb139934b4	25	Jesse Massez	M	M35-39	4	9:48:58	1:11:58	0:05:08	5:33:30	0:04:05	2:54:16	bel	
20aafb2f-22be-f011-bbd2-000d3a5b7c3b	26	Sture Thoresen	M	M18-24	1	9:50:07	1:09:59	0:05:15	5:19:46	0:03:00	3:12:07	NOR	
b6261418-fb8d-404e-921d-35fe4da79a2f	27	Damien Fasquel	M	M35-39	5	9:50:38	1:12:05	0:06:33	5:23:47	0:03:29	3:04:45	Unknown	
5fa0143b-49c9-f011-bbd3-000d3a5cf7d8	28	richard price	M	M30-34	12	9:51:46	1:24:46	0:08:17	5:13:03	0:05:07	3:00:33	fra	
4e852b15-4b24-42e3-a76f-5886941e2a76	29	Alexandre FLORIMOND	M	M45-49	2	9:54:58	1:02:18	0:05:26	5:21:18	0:04:13	3:21:43	FR	
77e3acc2-cb65-4b6c-ac89-b6ab5e21d64a	30	Dominik Marek	M	M40-44	4	9:55:15	1:02:38	0:04:01	5:35:43	0:03:06	3:09:49	aut	
4bf509a3-de81-f011-b4cc-000d3a5b50ba	31	Paul GALVIN	M	M25-29	6	9:55:27	1:02:07	0:04:24	5:19:14	0:03:48	3:25:53	fra	
60aa5a64-9f80-4ae9-83b0-b0c2bbb7e064	32	Stijn Van Den Wijngaert	M	M35-39	6	9:55:37	1:13:57	0:07:27	5:23:27	0:05:27	3:05:19	bel	
17d802bc-137c-4c4c-80b4-aecb897ff451	33	Patrick Roos	M	M45-49	3	9:57:53	1:06:54	0:05:20	5:30:49	0:02:38	3:12:12	deu	
f6ac25a8-3923-4cca-b2c9-2b4c1a5441cf	34	Cédric Dumont	M	M25-29	7	9:58:43	1:04:34	0:04:46	5:34:34	0:03:10	3:11:38	FR	
0aeace28-466c-ef11-bfe3-000d3a371e3b	35	Jules-Théo ROBIN	M	M18-24	2	10:00:15	1:11:43	0:06:37	5:28:49	0:04:32	3:08:34	fra	
572f78fb-fac0-409b-9c7b-39cb2f46a61f	36	Nicolas Antoine	M	M35-39	7	10:00:58	1:12:06	0:06:00	5:35:37	0:03:22	3:03:53	Unknown	
a110f180-7c3b-4b67-aafd-ff2a3995c1a1	37	Dino Heinert	M	M25-29	8	10:01:23	1:04:34	0:04:02	5:40:24	0:03:14	3:09:08	DE	
e493defd-8f8f-43d9-9c3e-a4df3cf12e50	38	Thomas Clatot	M	M25-29	9	10:01:49	0:55:22	0:03:11	5:18:38	0:03:46	3:40:51	fra	
3f86d84e-29fe-4f70-907d-c19bf9c09f3c	39	Maxence Charbonnel	M	M30-34	13	10:02:35	1:05:07	0:05:49	5:41:04	0:03:44	3:06:50	FR	
5e871f80-ddef-4b6c-b374-255af6ddf879	40	Philipp Sahm	M	M45-49	4	10:04:00	1:05:45	0:04:50	5:26:27	0:02:36	3:24:22	deu	
c3554710-682c-4d9f-9636-993c931aa7d6	41	Ramiro Ruiz Mendiguren	M	M30-34	14	10:04:01	1:05:14	0:05:11	5:33:43	0:02:38	3:17:15	ES	
ed2f448a-94c1-f011-bbd2-000d3a370b81	42	Arnaud LACOMBE	M	M25-29	10	10:05:18	1:06:06	0:06:07	5:39:55	0:03:49	3:09:21	FRA	
254f5acc-a71d-440d-8f5c-a0572b28f894	43	Amelie Ingenbleek	F	F30-34	1	10:05:41	1:04:23	0:04:42	5:40:29	0:03:05	3:13:02	deu	
d1fd2134-3961-43cc-912e-b912fe77ee90	44	Thomas Egiziano	M	M50-54	2	10:05:54	1:02:29	0:05:32	5:37:50	0:03:48	3:16:14	fra	
1d8d8ae4-b28c-4e04-a255-f99a06923da6	45	Maxime Gaymard	M	M25-29	11	10:06:39	1:21:58	0:05:45	5:31:54	0:03:45	3:03:17	FR	
fd2cf88f-181c-4854-95ec-1ffc1ad20834	46	Yurii Khrystianovych	M	M40-44	5	10:08:10	1:11:55	0:05:17	5:42:21	0:03:31	3:05:06	che	
dfe7e5fd-69c9-ef11-b8e9-002248049fdc	47	Christian Tai	M	M25-29	12	10:08:27	0:57:09	0:05:12	5:30:26	0:03:38	3:32:02	GB	
ccfa711e-adbb-4154-9846-6b40152665cf	48	Axel Vanderthommen	M	M30-34	15	10:09:10	1:10:59	0:05:38	5:28:20	0:03:06	3:21:08	BE	
64af9a6f-fd83-ef11-ac21-6045bd05c809	49	Pierre Chipault	M	M35-39	8	10:10:51	1:09:34	0:04:06	5:35:45	0:03:18	3:18:08	Unknown	
aeee3480-42fd-49b3-b214-cd3857e6b6ef	50	Yorick Montagnon	M	M30-34	16	10:10:58	1:10:23	0:07:18	5:25:38	0:04:40	3:22:58	FR	
698ce394-35ec-468c-9ef2-68dfa5d12948	51	Anais Robin	F	F40-44	1	10:11:51	1:02:24	0:05:10	5:50:55	0:02:40	3:10:42	Unknown	
8c494ae4-ef60-f011-bec3-0022480a7385	52	Michel Muller	M	M30-34	17	10:11:51	1:13:02	0:06:36	5:31:41	0:04:08	3:16:24	Unknown	
9c5109b4-af01-4003-9e1b-8eb9cfbbb941	53	Benoît Lafuma	M	M40-44	6	10:12:25	1:00:21	0:04:33	5:41:25	0:03:12	3:22:53	fra	
b35a836f-b737-46d3-a037-e59c52b56e71	54	Maxime Bourrel	M	M35-39	9	10:12:25	0:59:42	0:05:39	5:31:19	0:04:17	3:31:29	fra	
f26f7660-4719-4d3c-acbf-703bf2d9db58	55	Marc Fayet	M	M45-49	5	10:14:00	1:04:39	0:05:16	5:46:18	0:04:55	3:12:52	fra	
288e0307-4bea-4366-88da-413c7aed2fe9	56	Jurgen Schetske	M	M45-49	6	10:14:58	1:09:19	0:04:10	5:43:02	0:02:48	3:15:39	bel	
952765c0-f0cd-f011-bbd3-6045bd05fcc1	57	Joe Beavis	M	M30-34	18	10:15:02	1:03:16	0:05:13	5:35:24	0:02:49	3:28:21	GBR	
651078c3-343a-43c8-b911-950c765e790f	58	Maarten Van Wesemael	M	M30-34	19	10:15:34	1:13:00	0:06:32	5:37:23	0:04:42	3:13:57	BE	
d1f63f7e-6e93-ed11-aad0-000d3a314c24	59	Maxime Fugier	M	M35-39	10	10:15:42	1:12:01	0:05:04	5:28:18	0:03:30	3:26:49	fra	
afb60152-e502-482e-94c6-fff477ae5c71	60	Julien Blondiaux	M	M35-39	11	10:16:56	1:04:54	0:05:05	5:35:32	0:02:51	3:28:35	fra	
e06e8c05-a774-ed11-81ab-000d3a314ae2	61	Kevin van Dronkelaar	M	M40-44	7	10:17:00	1:00:12	0:04:11	5:31:22	0:03:29	3:37:48	NL	
10542416-8a2c-4d57-a043-6ffb860429da	62	Lea Vieljeuf	F	F30-34	2	10:17:20	1:12:07	0:05:57	5:32:45	0:02:27	3:24:04	fra	
1b12eb80-3fd7-4b1c-9ca2-f443e677dd0a	63	Samuel Barwood	M	M25-29	13	10:17:57	1:12:30	0:06:02	5:50:54	0:04:06	3:04:25	GB	
38f3621c-bdf9-ef11-9340-6045bd05011a	64	Justin Den tenter	M	M25-29	14	10:20:54	1:14:21	0:05:01	5:29:34	0:02:52	3:29:06	Unknown	
6e0a6292-213b-4163-825b-831da7efe1e2	65	Valentin Charasse	M	M30-34	20	10:22:09	1:06:50	0:05:05	5:40:17	0:04:00	3:25:57	FR	
0969f092-d084-4d9f-82aa-7067f829bd19	66	Walter Hermes	M	M45-49	7	10:22:22	1:05:53	0:04:49	5:26:48	0:03:58	3:40:54	deu	
5fd8b256-87b9-4d66-a8a2-df941663dab1	67	Mees Boskamp	M	M18-24	3	10:22:22	1:06:13	0:05:56	5:33:25	0:03:51	3:32:57	NL	
b0fe83d8-47af-463b-9802-b733f289dc70	68	Miguel Ruiz Fernandez	M	M40-44	8	10:23:50	1:01:22	0:04:27	5:54:10	0:04:42	3:19:09	SPAIN	
3978466f-97ae-ef11-b8e9-002248049fdc	69	Bart Zoutendijk	M	M35-39	12	10:24:25	1:13:03	0:05:21	5:14:08	0:05:48	3:46:05	NL	
b937c86a-9297-4c14-8cdb-16f0e6f43ee9	70	Daan Vanacker	M	M25-29	15	10:25:08	1:04:59	0:05:30	5:44:33	0:03:17	3:26:48	BE	
de0761dd-7884-4908-a18a-aa6b9db2d1ea	71	Lionel Bonifacio	F	M45-49	8	10:26:35	1:08:29	0:04:13	5:35:49	0:02:46	3:35:18	Unknown	
07374238-6500-49ac-b828-05b77787d4fc	72	Dietmar Engel	F	M40-44	9	10:27:48	1:09:09	0:05:22	5:41:59	0:02:55	3:28:22	Unknown	
2dbf0cc3-a331-f011-8c4d-6045bd06b432	73	Tommy REYNAUD	M	M45-49	9	10:28:22	1:08:21	0:05:45	5:38:29	0:03:07	3:32:41	fra	
330e6e4f-7378-4b85-a5a5-6a844fe9f848	74	Elise Ferreira	F	F25-29	1	10:28:36	1:04:36	0:06:15	5:44:21	0:02:35	3:30:49	FRA	
dfc7bed0-b13a-474e-90c3-7fa26a919b85	75	Nicholas Foster	M	M30-34	21	10:29:39	1:12:21	0:07:00	5:54:45	0:03:42	3:11:51	AU	
ae29f680-6182-f011-b4cb-000d3a34bfba	76	Davy Filipe	M	M30-34	22	10:29:45	1:21:27	0:05:59	5:47:32	0:03:06	3:11:41	FRA	
44246946-fa57-4c55-9bd6-695059586d9c	77	Florian Hanakam	M	M50-54	3	10:30:17	1:11:47	0:05:52	5:53:14	0:03:30	3:15:53	DE	
0ebe7717-f94d-f011-8779-000d3a5a2350	78	Mathis Le Bayon	M	M25-29	16	10:31:32	1:14:02	0:06:09	5:44:30	0:03:37	3:23:14	Unknown	
eeaad333-d785-45c4-91cc-df0782bc8a84	79	Federico Procopio	M	M55-59	1	10:31:48	1:02:22	0:05:33	5:55:03	0:04:10	3:24:40	ita	
b93fe4d1-0a58-f011-877b-6045bd05f634	80	Paul WATTIEZ	M	M25-29	17	10:32:01	1:13:27	0:07:48	5:43:21	0:03:36	3:23:48	FRA	
7c821b76-8b5a-f011-bec2-000d3a35ffc1	81	Fabio Lardo	M	M30-34	23	10:35:15	0:55:23	0:05:32	6:01:42	0:04:02	3:28:35	Unknown	
e98c116e-6615-ef11-9f8a-00224809fd7c	82	Aurélien Laurant	M	M25-29	18	10:35:40	1:01:59	0:06:01	5:36:22	0:03:06	3:48:11	fra	
bdacd2c2-1f99-ef11-8a6a-000d3a3126fd	83	Daan Kleinlugtenbeld	M	M18-24	4	10:37:14	1:19:40	0:05:24	5:41:34	0:04:03	3:26:32	NL	
d271e91b-8253-40ee-bbd8-5e23f55f7bbd	84	Johannes MERTENS	M	M25-29	19	10:38:27	1:05:18	0:04:16	5:58:32	0:04:00	3:26:21	deu	
f3438ec9-3a7a-4f57-a682-e23445a05a51	85	Jean-Baptiste Rose	M	M35-39	13	10:38:31	1:11:48	0:06:31	5:43:35	0:05:44	3:30:53	FR	
bd3f257e-0558-f011-877b-6045bd05fcc1	86	NICOLAS COTREL	M	M30-34	24	10:38:42	1:14:34	0:06:30	5:43:30	0:04:12	3:29:57	Unknown	
e97382b6-ab6e-4c15-ba08-5f79cd1aa226	87	Jean-Marc De Middelaer	M	M40-44	10	10:39:13	1:09:37	0:05:10	5:39:25	0:05:23	3:39:38	bel	
a7f18078-c504-42b1-bf33-b4f81fd38110	88	Louis Dedeycker	M	M30-34	25	10:39:23	1:18:13	0:06:03	5:55:55	0:04:18	3:14:55	BE	
9a79855a-22bf-4d8b-8693-878aad0fce84	89	Julien Gay	M	M35-39	14	10:39:43	1:10:33	0:06:35	5:39:00	0:07:21	3:36:14	Unknown	
0146ea17-e7d0-4f0f-a0e6-bcb3150cbb5f	90	Mathis Ibanez	M	M25-29	20	10:39:43	1:02:37	0:07:19	5:17:15	0:03:49	4:08:43	fra	
5143a493-e0a9-4133-8e52-f25b15ee59d1	91	Carolina Keller	F	F30-34	3	10:40:39	1:01:12	0:03:59	5:46:48	0:03:47	3:44:53	aut	
97fecce7-ffa0-4f8b-abd4-7eda99b261de	92	Daniel Mattes	M	M30-34	26	10:41:06	1:06:58	0:05:09	5:48:12	0:04:10	3:36:37	DE	
3533fc25-e2b7-4aa4-84a7-8fa2b255a798	93	Mathilde Gay	F	F30-34	4	10:42:07	1:08:45	0:05:18	5:55:59	0:04:23	3:27:42	fra	
4faefcfd-a3c5-ef11-b8e8-000d3a5ae96c	94	Maxence Casala	M	M18-24	5	10:42:55	1:15:21	0:05:53	5:44:16	0:04:06	3:33:18	Unknown	
ea2498bd-c2d5-ee11-9079-000d3a31406e	95	Karim Moussaid	M	M18-24	6	10:43:10	1:06:11	0:06:10	5:59:20	0:03:15	3:28:14	lux	
31b37d60-5b56-f011-877b-0022480a7385	96	Maxence Abraham	M	M18-24	7	10:43:42	1:11:55	0:08:36	5:50:18	0:03:44	3:29:09	Unknown	
ff6944b7-3871-ef11-a670-000d3a308d97	97	Josh Browne	M	M25-29	21	10:45:34	1:11:17	0:06:26	6:08:25	0:03:54	3:15:31	gbr	
7dab4394-761e-ef11-840b-002248044460	98	Mathias Deibl	M	M35-39	15	10:46:12	1:08:46	0:07:36	5:57:53	0:04:16	3:27:40	deu	
1a083945-1b8e-4664-8bb3-7ff926371d00	99	Marine Dulau	F	F25-29	2	10:46:28	1:09:19	0:04:17	6:02:27	0:02:55	3:27:31	fra	
54e887d8-eef4-4f32-b8c0-c30b921d3d15	100	Markus Bertsch	M	M40-44	11	10:47:36	1:09:35	0:05:50	5:47:13	0:03:58	3:41:01	DE	
3850cf5b-1b24-40dc-b262-5e4d280bd851	101	Laura Gautier	F	F30-34	5	10:48:00	1:10:11	0:05:17	6:04:06	0:03:00	3:25:26	FR	
234d8fa9-4bf0-4a0e-bd63-a9f57b16a688	102	Richard Maddox	M	M30-34	27	10:48:13	1:09:42	0:07:18	5:56:05	0:07:30	3:27:38	gbr	
cdc97664-2adf-4b20-8c28-74872331f49a	103	Thomas Becaud	M	M35-39	16	10:49:50	1:03:39	0:05:32	5:46:09	0:03:25	3:51:04	fra	
9cb4d2b5-a3d0-4031-9b57-f6ec4694eb22	104	Johannes Kautz	M	M40-44	12	10:50:14	1:02:55	0:09:55	5:55:08	0:05:44	3:36:31	deu	
2f9b1bd2-9eb1-ef11-b8e8-000d3a5ae96c	105	Aurélien Vidal	M	M25-29	22	10:50:34	1:08:05	0:07:05	6:04:13	0:03:59	3:27:11	Unknown	
79e5ee7c-3278-f011-b4cc-6045bd09951e	106	Kilian Jasek	M	M18-24	8	10:51:15	1:11:24	0:04:39	5:58:23	0:03:55	3:32:55	FRA	
17abd6c2-0533-454f-a8b6-a8a93eb0a246	107	Hervé Pellissier	M	M50-54	4	10:51:53	1:04:57	0:04:16	5:54:03	0:04:14	3:44:23	FR	
89b01aed-8689-f011-b4cc-000d3a5b50ba	108	Jarno Meul	M	M25-29	23	10:52:01	1:08:06	0:07:04	6:03:54	0:05:03	3:27:52	NL	
14d0a07c-8689-f011-b4cc-000d3a5b50ba	109	RAPHAËL DÉPRÉ	M	M35-39	17	10:52:01	1:16:49	0:07:50	5:52:31	0:03:50	3:31:02	fra	
4a6d5798-8289-f011-b4cc-000d3a3173b5	110	Thibault CARRER	M	M25-29	24	10:52:03	1:01:04	0:05:01	6:11:16	0:03:01	3:31:40	FR	
31d36b47-b0bb-4055-bfe0-3bfabf6dea67	111	Adrien Boullier	M	M50-54	5	10:52:06	1:10:54	0:04:22	5:51:00	0:05:07	3:40:43	fra	
379722f6-3c0c-4d2d-a563-cf007da12ce1	112	Yordi Claessens	M	M35-39	18	10:52:14	1:16:02	0:08:54	5:44:48	0:04:47	3:37:42	BE	
34c1e77e-09d9-f011-8543-6045bd05fcc1	113	Benjamin Reiner	M	M18-24	9	10:53:23	1:14:26	0:07:50	5:59:17	0:05:32	3:26:19	DEU	
7ace8166-1fc4-f011-bbd3-000d3a5b50ba	114	Theodor Bublitz	M	M18-24	10	10:53:36	1:14:10	0:05:43	6:04:19	0:03:03	3:26:21	deu	
d069772f-71e9-4d5e-aa66-3f0702addbce	115	Victor Corra	M	M25-29	25	10:53:56	1:07:57	0:05:49	5:41:57	0:04:28	3:53:45	bel	
1074381a-620a-4667-89c7-9b83d9332a63	116	Rémi Grauliere	M	M35-39	19	10:54:06	1:00:14	0:04:45	5:41:33	0:03:02	4:04:32	FR	
3be4ff43-8989-f011-b4cc-0022480a7385	117	Alexandre Deville Cathonnet	M	M35-39	20	10:54:35	1:06:39	0:06:21	5:37:20	0:04:29	3:59:47	FR	
3d4a9da5-3993-f011-b4cc-0022480c097c	118	Sébastien Dieleman	M	M30-34	28	10:54:45	1:19:49	0:07:44	5:47:17	0:05:37	3:34:18	bel	
c8cee5f6-d9d6-450f-aeee-1aad2c8422c0	119	Piotr Slonicz	M	M45-49	10	10:55:33	1:05:30	0:04:14	5:47:26	0:03:14	3:55:10	deu	
6657d3ee-3229-f011-8c4e-6045bd05fcc1	120	Florent Madie	M	M35-39	21	10:56:15	1:18:17	0:07:19	6:01:44	0:05:17	3:23:38	fra	
2d804cd0-b0c4-f011-bbd3-6045bd09951e	121	Ruben Serneels	M	M35-39	22	10:56:42	1:20:02	0:07:21	5:40:09	0:04:14	3:44:56	BEL	
e93ce44d-4a55-4f5b-8a86-e63385a6f169	122	Apolline Cellier	F	F25-29	3	10:57:07	1:12:25	0:04:26	6:10:46	0:02:19	3:27:12	fra	
6da94e4a-e7d7-4b64-91b2-e1f288569e49	123	Theo Pupier	M	M25-29	26	10:57:27	1:10:16	0:09:04	5:35:35	0:06:46	3:55:45	FRA	
29dcaa83-1fc7-f011-bbd3-6045bd05f634	124	Matthew Lynn	M	M35-39	23	10:58:34	1:24:18	0:07:52	5:40:05	0:04:54	3:41:25	GBR	
99334fd1-7337-4994-8f93-d326919acb52	125	Julie Hemar	F	F45-49	1	10:59:03	1:12:17	0:06:44	5:55:17	0:03:32	3:41:13	fra	
85edfa04-e742-4248-8141-59274153f12a	126	Mathis Lefebvre	M	M18-24	11	11:01:21	1:09:27	0:05:27	5:52:38	0:03:53	3:49:56	FR	
a7a7f245-78b2-47e5-bab7-bd0b7c27656e	127	Hank Mees	M	M55-59	2	11:01:25	1:18:26	0:06:05	5:48:59	0:04:11	3:43:44	bel	
24c3ef33-c0aa-f011-bbd3-000d3a5cf7d8	128	Leonard Borgmann	M	M18-24	12	11:01:27	1:13:44	0:07:09	5:48:42	0:04:52	3:47:00	DE	
4a3252f5-958b-ef11-ac21-6045bd05c809	129	Wladimir Guitel	M	M50-54	6	11:01:39	1:16:01	0:06:06	5:54:26	0:04:44	3:40:23	fra	
adb4ba5c-6413-44a1-930f-329fb0d97427	130	Jorge Vieira	M	M55-59	3	11:01:49	1:14:24	0:05:28	6:19:27	0:03:54	3:18:35	prt	
b40065d4-82fe-ec11-82e5-00224808c792	131	Jérôme GOURBÉ	M	M45-49	11	11:02:12	1:11:10	0:06:57	6:12:13	0:05:36	3:26:15	FR	
c8780b39-7bfc-4ef1-a07e-8c47410f5c02	132	Valentin Laborde	M	M25-29	27	11:04:01	1:11:20	0:07:21	6:04:23	0:03:20	3:37:37	FRA	
bdee1f96-e6d1-ef11-8ee9-000d3a5ae96c	133	Brent Van Tigchelt	M	M25-29	28	11:04:04	1:11:08	0:08:19	5:54:47	0:05:20	3:44:30	BE	
e4ab7b10-fe31-4cd9-b799-57456c7bd042	134	Jean-Gabriel Barbaud	M	M50-54	7	11:05:15	1:10:14	0:07:10	5:52:45	0:05:37	3:49:29	fra	
db66723f-9a36-4b34-b0fe-a425b812f095	135	Rémy Grenier	M	M30-34	29	11:05:33	1:14:45	0:07:31	6:06:37	0:05:16	3:31:26	Unknown	
0c26e350-6849-ee11-be6d-000d3a314be4	136	Matéo Suquet	M	M25-29	29	11:06:49	1:19:50	0:06:01	5:52:56	0:04:17	3:43:45	FR	
59a2b918-83ba-f011-bbd3-000d3a5b50ba	137	Thomas Robert	M	M18-24	13	11:06:50	1:22:05	0:06:29	5:59:55	0:05:35	3:32:45	Unknown	
8fa65e30-1d8c-f011-b4cc-000d3a5b7c3b	138	Francois Altmeyer	M	M30-34	30	11:08:55	1:10:38	0:05:39	6:10:46	0:06:15	3:35:36	Unknown	
dc6defbe-4e78-ea11-a811-000d3a5a1cf8	139	Michael Späth	M	M40-44	13	11:08:55	1:23:18	0:07:13	6:21:26	0:04:15	3:12:44	deu	
702c41b3-32d7-f011-8544-000d3a5cf7d8	140	George Polyviou	M	M25-29	30	11:09:21	1:17:16	0:05:51	6:07:49	0:04:15	3:34:09	CYP	
c095dd40-b675-ef11-a670-6045bd068c5b	141	Ruben Andre Hanssen Johannessen	M	M25-29	31	11:09:56	1:18:31	0:07:25	5:59:21	0:05:50	3:38:49	NO	
17d9f83d-4982-4e4c-b849-1acec73fa477	142	Clément Dorschner	M	M30-34	31	11:09:57	1:13:26	0:07:24	6:03:04	0:04:17	3:41:46	fra	
b4bbcde1-5d56-f011-877b-000d3a5b50ba	143	Dany Nomine	M	M25-29	32	11:10:08	1:04:19	0:05:03	6:02:38	0:04:47	3:53:21	Unknown	
80382abd-b932-43ff-9046-31cbcfe00ef0	144	Christophe Loubatié	M	M45-49	12	11:10:10	1:06:48	0:06:35	5:43:44	0:05:07	4:07:56	FR	
c553da58-5789-433e-b48d-e709882fe782	145	Bart De Beul	M	M55-59	4	11:11:15	1:11:28	0:06:52	5:59:06	0:03:35	3:50:14	BE	
32553333-7ff1-41ec-a19f-479000be195f	146	Victor Seyeux	M	M18-24	14	11:11:25	1:13:35	0:05:28	5:56:35	0:04:43	3:51:05	FR	
c1d9653a-d455-f011-877b-6045bd09951e	147	Julien Veyne	M	M45-49	13	11:12:34	1:03:23	0:07:40	6:23:30	0:04:39	3:33:22	Unknown	
cea25413-018f-4f3e-bde3-a9e879ccc4fd	148	Víctor Hernandez Romero	M	M35-39	24	11:12:42	1:05:54	0:06:28	5:58:19	0:05:26	3:56:36	Unknown	
a56f8dce-47a3-4062-9407-94d92cbb11d6	149	Will Morris	M	M18-24	15	11:13:21	0:56:41	0:05:08	6:26:42	0:04:15	3:40:34	GB	
4e191754-8f2a-4903-93df-a5b4a6cdd4ae	150	Stijn Vanacker	M	M55-59	5	11:13:37	1:18:32	0:07:36	5:54:41	0:05:22	3:47:25	BE	
51b7c9d1-1258-f011-877b-6045bd05fcc1	151	Christophe JOMAS	M	M60-64	1	11:13:48	1:01:02	0:05:34	6:07:55	0:03:15	3:56:02	fra	
f9b3c313-67d8-f011-8543-6045bd05fcc1	152	Louis NUGUE	M	M25-29	33	11:13:58	1:19:25	0:08:27	6:03:17	0:03:26	3:39:23	fra	
e7a598d6-6c03-40e4-8c6b-d24e5359e4cf	153	Björn Oris	M	M25-29	34	11:14:07	1:07:42	0:09:11	5:59:55	0:05:05	3:52:15	BEL	
dbee98f6-77a2-4a84-ad01-e41a73fa2c59	154	Beno Krasovec	M	M55-59	6	11:14:39	1:09:57	0:06:10	6:08:57	0:03:49	3:45:46	che	
c5d7576d-fd30-f011-8c4d-000d3a5cf7d8	155	Tom Chauviere	M	M25-29	35	11:15:02	1:16:49	0:09:02	5:58:15	0:06:14	3:44:42	Unknown	
0312e7d9-607f-f011-b4cc-6045bd09951e	156	Vincent Devaux	M	M30-34	32	11:15:51	1:10:40	0:07:40	5:59:25	0:05:10	3:52:57	Unknown	
a21c7b53-a0c1-f011-bbd3-6045bd05fcc1	157	thomas boukoucha	M	M25-29	36	11:16:04	1:14:53	0:06:33	6:10:17	0:07:04	3:37:16	FRA	
15592432-a2d0-451a-af2d-4e6b67cea1a4	158	Noé Girardet	M	M25-29	37	11:16:28	1:01:26	0:05:54	6:30:24	0:04:42	3:34:02	Unknown	
3af0c035-7a1c-4586-a35a-10b3dd69fd73	159	Stijn Vorsselmans	M	M25-29	38	11:16:54	1:05:43	0:07:09	6:06:53	0:06:07	3:51:02	BEL	
468ed896-fd80-ef11-ac21-6045bd02949c	160	Léo Sauvain	M	M18-24	16	11:16:59	1:10:21	0:06:18	6:05:27	0:02:56	3:51:56	FR	
26805d91-2432-4c4d-a771-9b73596764d8	161	Pier Giovanni Furlanis	M	M55-59	7	11:17:04	1:13:01	0:05:25	5:51:21	0:04:31	4:02:45	ita	
b5205bb4-d4ce-4f5e-b0eb-081b94b77060	162	Birke Thielen	F	F45-49	2	11:18:27	1:13:30	0:06:04	6:08:37	0:05:57	3:44:19	deu	
918c5766-979c-f011-b41c-000d3a5b7c3b	163	Paul Biscaye	M	M18-24	17	11:18:41	1:22:33	0:06:32	6:17:55	0:06:43	3:24:59	FRA	
2bc44925-abf4-45f8-8ec0-864251712bc8	164	Maxime Alexandre	M	M35-39	25	11:19:06	1:03:41	0:06:34	6:23:38	0:05:03	3:40:10	FR	
e4976f3c-9389-f011-b4cc-000d3a5b7c3b	165	Marius Croz	M	M18-24	18	11:19:46	1:12:04	0:05:42	6:07:42	0:03:41	3:50:37	FR	
7754d354-5973-ef11-a670-0022480ac0a9	166	Mathias Desmarets	M	M45-49	14	11:20:34	1:14:08	0:06:00	5:50:19	0:03:58	4:06:10	BE	
da3d582c-a4cd-4a7c-92d9-e667e040f266	167	Boris Meier	M	M25-29	39	11:20:47	1:18:23	0:08:28	6:08:33	0:06:43	3:38:39	CH	
8468c300-6957-f011-877b-000d3a3173b5	168	Chesro Lerminez	M	M25-29	40	11:21:10	1:11:07	0:06:16	5:54:00	0:04:36	4:05:12	Unknown	
7555f520-b612-4f46-b489-f05adfaf8fce	169	Davide Peschiaroli	M	M50-54	8	11:21:32	1:21:15	0:07:17	6:18:23	0:03:18	3:31:19	ita	
0b70713e-cb87-ef11-ac21-000d3a5a1803	170	Aleksi Airas	M	M40-44	14	11:22:00	1:12:21	0:06:21	6:03:09	0:06:56	3:53:13	fin	
cc9c1303-71ee-4ef8-9cd5-99c6035323db	171	Valentin Metge	M	M18-24	19	11:22:23	1:11:15	0:06:44	5:49:01	0:03:05	4:12:18	Unknown	
a903b242-3306-40c6-b329-b067abada22f	172	Hugo Maurin	M	M30-34	33	11:22:26	0:59:05	0:05:23	6:05:33	0:03:38	4:08:47	FR	
181e70cc-bc53-455c-886b-09c701421d22	173	Rémi Pullara	M	M30-34	34	11:23:07	1:16:09	0:07:18	6:05:50	0:04:53	3:48:57	Unknown	
f882c271-98c6-49cf-989d-f51e149b0bf9	174	Ely Verhoeven	F	F55-59	1	11:23:07	1:17:49	0:06:33	6:05:26	0:04:58	3:48:21	bel	
d4e08259-3275-4675-b48b-7a856cf8898a	175	Guillaume Pochon	M	M40-44	15	11:23:10	1:08:04	0:08:01	6:14:59	0:05:49	3:46:17	FRA	
23f62861-b426-4f3c-bf9f-1ea1f69dc9f7	176	Maxime Casado	M	M40-44	16	11:23:21	1:19:43	0:07:38	6:11:04	0:05:48	3:39:08	FR	
3f2b0f46-27a1-42f7-a80c-1c64d28214ca	177	Steffen Hönicke	M	M25-29	41	11:23:35	1:18:42	0:09:40	5:57:38	0:05:39	3:51:56	Unknown	
3e9637bb-e66f-f011-bec2-000d3a5b7c3b	178	Hugo Sechier	M	M30-34	35	11:23:41	0:57:15	0:05:26	6:37:13	0:04:40	3:39:06	Unknown	
5357eb06-cd28-41b2-989d-1cd61784b5f2	179	Jérôme Richard	M	M35-39	26	11:24:00	1:23:27	0:07:44	6:11:26	0:06:11	3:35:12	FR	
cbf9cb53-79f7-ef11-9341-000d3a5ae96c	180	Clara David	F	F18-24	1	11:24:13	1:08:36	0:06:35	6:00:38	0:07:48	4:00:37	fra	
3b55b1d2-f479-45b3-b911-08a931a08808	181	Annelies Van Der Zwart	F	F50-54	1	11:24:17	1:15:59	0:05:40	6:15:21	0:03:16	3:44:01	nld	
1ac118fc-96b0-4a00-b396-acd20e672c04	182	Manon Riccetti	F	F30-34	6	11:24:22	1:28:00	0:05:37	6:07:50	0:03:44	3:39:11	fra	
3ca96d3a-ae58-f011-877a-000d3a5b7c3b	183	Jean Jardel	M	M30-34	36	11:24:25	1:02:12	0:08:49	6:02:22	0:05:00	4:06:01	Unknown	
1024362a-9389-ef11-ac21-000d3a59a9a1	184	MATHIEU CARRER	M	M30-34	37	11:24:48	1:00:03	0:05:45	5:53:38	0:04:58	4:20:23	FR	
d4673d1d-03d5-f011-8543-000d3a5b5fc7	185	Kevin De Man	M	M25-29	42	11:24:53	1:15:55	0:07:30	5:58:36	0:07:02	3:55:50	BEL	
50063186-d877-43f7-930d-686c79f0e8cd	186	Guillaume Roump	M	M25-29	43	11:25:39	1:13:00	0:09:30	6:11:13	0:05:12	3:46:44	Unknown	
2ce834ad-ad3b-45ba-b912-200c313b652d	187	Alexis Hupin	M	M30-34	38	11:26:02	1:07:42	0:10:34	5:55:40	0:06:23	4:05:42	FR	
dfc6fa31-6677-ef11-a670-6045bd05c809	188	Raul Delhaas	M	M25-29	44	11:26:14	1:33:16	0:08:39	6:21:56	0:06:15	3:16:07	nld	
8eeaef7f-750e-4f84-9cb0-43b540e6bab0	189	Léa Curély	F	F25-29	4	11:26:26	1:01:48	0:05:37	6:04:40	0:05:06	4:09:15	FRA	
53755abc-a8a6-f011-bbd3-000d3a5cf7d8	190	Charles DESCOMBAZ	M	M35-39	27	11:26:35	1:25:28	0:09:11	6:29:09	0:05:29	3:17:19	FR	
44111808-187e-ec11-8d21-000d3a595a98	191	Andy Deweirt	M	M40-44	17	11:26:59	1:12:34	0:10:32	6:02:24	0:05:25	3:56:04	bel	
404dbf2b-d395-f011-b4cc-000d3a35ffc1	192	Yanis Ahermouch	M	M25-29	45	11:27:11	1:01:50	0:07:08	6:33:21	0:06:03	3:38:50	Unknown	
f12be90f-098b-4ef3-901e-7dad81583fd6	193	Els Goris	F	F35-39	1	11:27:57	1:16:12	0:06:24	6:18:00	0:03:46	3:43:36	BE	
9357bcfa-7cc5-ec11-a7b6-00224802c879	194	jean pasquier--guillard		M30-34	39	11:28:39	1:17:44	0:07:44	6:11:17	0:03:58	3:47:58	FR	
88978ae6-8394-4192-bb66-e330ddf22a83	195	Manuela Serra	F	F40-44	2	11:28:47	1:09:14	0:07:23	6:32:08	0:07:16	3:32:46	ita	
b7aaeb32-f83c-ee11-bdf4-000d3a314117	196	Denis Guskov	M	M45-49	15	11:28:48	1:19:17	0:09:30	6:11:14	0:05:48	3:42:59	CH	
393184ed-4d84-f011-b4cc-6045bd05f634	197	Michael Bieri	M	M30-34	40	11:29:04	1:20:33	0:05:28	6:03:52	0:03:16	3:55:55	Unknown	
ed678369-5fbf-f011-bbd2-6045bd01f23b	198	Jelle Kleinlugtenbeld	M	M18-24	20	11:29:08	1:15:49	0:04:19	5:55:52	0:03:10	4:09:58	NLD	
a63b7cb5-fc39-ef11-8409-000d3a383830	199	Adrien Combet	M	M35-39	28	11:29:26	1:19:33	0:10:39	6:30:40	0:08:49	3:19:46	fra	
b86819cd-a45f-49cb-aa22-e1def105acc9	200	Thomas Hogan	M	M30-34	41	11:29:54	1:14:51	0:06:07	6:04:40	0:04:07	4:00:09	GB	
ae327e49-f4f9-4dfc-911f-7ab38e2ebf55	201	Andreas Vicedom	M	M50-54	9	11:30:06	1:15:19	0:08:06	6:12:36	0:06:10	3:47:54	DE	
ab4ef768-cd89-f011-b4cc-6045bd05fcc1	202	Dries Seys	M	M40-44	18	11:30:24	1:12:08	0:06:59	6:35:18	0:05:01	3:30:57	BE	
18b26e3c-b3c8-f011-bbd3-000d3a5b50ba	203	Sixte Labouche	M	M25-29	46	11:30:30	1:18:14	0:08:42	6:05:58	0:04:55	3:52:41	FRA	
a02ff814-23d6-f011-8544-000d3a5b50ba	204	Théo PETIT	M	M18-24	21	11:30:47	1:23:41	0:08:19	6:07:18	0:06:28	3:45:01	FRA	
7b3be48d-3b58-f011-877b-000d3a3173b5	205	sasha brzezinski	M	M18-24	22	11:30:53	1:09:53	0:05:30	5:51:40	0:04:36	4:19:14	fra	
c417e2de-90a1-4ca1-b4eb-197ff4ad7ca8	206	Pascal Ryser	M	M25-29	47	11:31:05	1:15:24	0:08:00	6:14:12	0:04:24	3:49:06	Unknown	
796ef87e-eac2-f011-bbd3-6045bd09951e	207	Joost van de Kam	M	M18-24	23	11:31:33	1:13:59	0:09:09	5:45:42	0:05:47	4:16:56	NLD	
581f8735-f457-f011-877a-000d3a5b7c3b	208	Clément Gentilhomme	M	M25-29	48	11:32:24	1:13:05	0:06:34	6:02:54	0:04:32	4:05:19	Unknown	
032819ea-50ab-ee11-be37-000d3a314329	209	Cesar Bosc	M	M30-34	42	11:32:34	1:04:04	0:05:50	6:14:53	0:07:08	4:00:40	Unknown	
41e7b6fd-90ff-4b34-8d76-886d70bd83d2	210	Clement Perella	M	M30-34	43	11:32:34	1:16:14	0:08:38	6:12:10	0:03:51	3:51:41	fra	
336b90e6-5ab5-4cc0-9d71-c082d23a5f1e	211	Michael Postel	M	M50-54	10	11:33:02	1:02:20	0:10:41	6:18:45	0:07:33	3:53:44	DE	
5056e554-648b-f011-b4cc-000d3a3173b5	212	Mathilde Breuil	F	F25-29	5	11:33:04	1:08:59	0:07:33	6:15:14	0:05:29	3:55:50	FRA	
d5fac083-8365-ef11-bfe3-000d3a3b4ec1	213	Arnaud Coutin	M	M30-34	44	11:33:17	1:13:43	0:07:32	6:17:32	0:04:51	3:49:38	Unknown	
db3a0dc6-a5c3-ef11-b8e8-6045bd088264	214	Remi Boulade	M	M25-29	49	11:33:48	1:10:48	0:06:47	6:10:42	0:04:35	4:00:57	FR	
69a5d9f4-0558-f011-877b-6045bd09951e	215	Maxime Baudry	M	M40-44	19	11:35:22	1:14:21	0:07:38	6:23:43	0:05:12	3:44:27	FR	
fc712323-9b21-49eb-a004-07e23b408411	216	Gregory Wagner	M	M30-34	45	11:35:29	1:09:22	0:06:12	6:00:39	0:04:39	4:14:36	gbr	
8c38e5d3-3c54-ed11-bba3-000d3a31458d	217	Maciej Zelewski	M	M35-39	29	11:35:35	1:07:42	0:07:28	6:13:50	0:04:47	4:01:47	Poland	
b19a0f30-c5d6-4972-b7fa-97255a028525	218	Maxime Chamfray	M	M30-34	46	11:36:16	1:22:20	0:10:27	6:42:49	0:07:11	3:13:29	Unknown	
44b87244-6e5d-4865-ac4b-eac1d9ed1405	219	Alexis Massenaux	M	M25-29	50	11:36:26	1:37:27	0:05:41	5:47:05	0:04:26	4:01:47	FR	
245ede9e-6622-4cf3-b4dd-3963dbf28000	220	Fabien Durif	M	M60-64	2	11:36:35	1:17:47	0:08:15	6:00:14	0:06:10	4:04:09	fra	
ad5ed97c-5e99-f011-b4cc-000d3a5b50ba	221	Denis Makarenko	M	M35-39	30	11:36:58	1:13:20	0:07:00	6:18:51	0:03:55	3:53:52	Unknown	
bf489b5c-9e76-43bb-9115-fc2cb1f5fd39	222	Victor Pierreuse	M	M25-29	51	11:37:01	1:06:14	0:08:31	6:16:48	0:09:44	3:55:43	FR	
57f7f454-ddee-43ec-96f9-0ed2213b31de	223	Rémi Eugène	M	M35-39	31	11:37:27	1:25:21	0:07:35	6:02:11	0:05:11	3:57:10	Unknown	
126854c5-0a71-f011-bec2-000d3a5b7c3b	224	aaron Cheshir	M	M25-29	52	11:37:51	1:10:26	0:07:47	6:03:57	0:06:01	4:09:40	Unknown	
0b1ab0c1-3939-4f2c-aa57-43e73236aa7c	225	Arabella Cox	F	F25-29	6	11:37:52	1:24:24	0:06:33	6:21:53	0:04:06	3:40:55	Unknown	
0850b51a-7e5d-4c52-b78a-6e0a911c506f	226	Vincent Buclin	M	M35-39	32	11:38:06	1:17:15	0:08:23	6:16:16	0:06:49	3:49:24	Unknown	
d2c5bd38-eff0-ee11-904c-000d3a314d17	227	Victor Bou-Khaled	M	M25-29	53	11:38:33	1:09:58	0:07:55	6:22:26	0:06:15	3:51:59	fra	
13a0bdfb-504c-4ad6-ac4b-a69bbbd89770	228	Tiphaine Housseau	M	M35-39	33	11:38:49	1:06:08	0:05:17	6:18:06	0:03:35	4:05:43	fra	
6b12dcc3-90c4-ef11-b8e8-6045bd018d16	229	Ben Parkhurst	M	M25-29	54	11:39:22	1:20:17	0:05:12	6:42:12	0:04:26	3:27:16	GB	
23857750-17b0-48b8-b8fd-981ba0b6d5af	230	Jens Thuys	M	M35-39	34	11:39:39	1:20:42	0:07:36	6:10:43	0:04:17	3:56:21	NL	
704588af-d38b-4ccd-a89d-838c28bc69b7	231	Valentin Chambriard	M	M30-34	47	11:39:52	1:13:50	0:06:18	6:38:55	0:04:41	3:36:08	FR	
c5547f35-6dea-4425-bf98-530edeab9cf7	232	Geoffrey Koekelberg	M	M45-49	16	11:39:57	1:18:03	0:06:26	6:11:40	0:05:18	3:58:30	BE	
59f2bae0-83db-f011-8544-6045bd05f634	233	Guillaume Manta	M	M40-44	20	11:40:19	1:23:31	0:07:39	5:53:02	0:04:20	4:11:47	FRA	
645067e4-038b-ef11-ac21-000d3a338a3c	234	Mathéo Jelin	M	M18-24	24	11:40:19	1:06:16	0:06:42	6:04:21	0:04:51	4:18:09	FR	
e9edbf78-a580-f011-b4cc-000d3a5b50ba	235	Clément Schmitt	M	M35-39	35	11:40:24	1:03:23	0:10:18	6:19:12	0:05:35	4:01:56	Unknown	
bcd229f6-66a9-4904-b093-226b56bcb3e3	236	Clément Costes	M	M35-39	36	11:41:00	1:33:11	0:06:27	5:39:57	0:04:24	4:17:00	fra	
a795e8ae-8f5c-ef11-bfe3-000d3a371e3b	237	Hugo Burdin	M	M25-29	55	11:41:21	1:19:50	0:10:37	6:02:42	0:06:32	4:01:40	fra	
d433ab16-67da-f011-8544-000d3a5b7c3b	238	Benoit Gacougnolle	M	M45-49	17	11:41:43	1:11:39	0:06:14	5:59:57	0:05:49	4:18:03	fra	
f098d1dd-311c-48fe-a209-75a2cd74c69e	239	Andreas Kaufmann	M	M30-34	48	11:41:46	1:21:45	0:07:33	6:16:21	0:05:10	3:50:57	CH	
d16e354f-67aa-4a96-88a8-10be8d9cc9ca	240	Isabel Striebig	F	F35-39	2	11:42:11	1:12:33	0:06:18	6:21:50	0:05:38	3:55:53	deu	
e8b548e3-173c-4094-8557-492673511157	241	Alessandro Circelli	M	M45-49	18	11:42:13	1:17:46	0:08:16	6:19:57	0:06:13	3:50:00	Unknown	
78a2ed55-a29b-f011-b41c-000d3a5b7c3b	242	Mathias Dos Santos	M	M25-29	56	11:42:14	1:11:59	0:04:07	6:30:09	0:03:32	3:52:28	FR	
4da429f9-38c1-f011-bbd2-000d3a3b0749	243	Israel Benagou	M	M25-29	57	11:42:44	1:25:23	0:04:43	6:34:16	0:02:59	3:35:23	ISR	
75de8e51-a31f-4b9b-b71c-f8aa5c46cd8c	244	Harry Biemans	M	M45-49	19	11:43:24	1:16:44	0:06:44	6:18:48	0:04:01	3:57:07	NL	
521af02b-d985-4e04-bf1d-7f853ad80a37	245	Dougin Walker	M	M60-64	3	11:44:26	0:59:54	0:08:17	6:23:51	0:05:42	4:06:41	usa	
622540c2-569c-f011-b41c-000d3a5b50ba	246	Frederik Dhont	M	M45-49	20	11:45:13	1:10:16	0:08:51	6:17:50	0:05:21	4:02:55	BE	
2a11c0ed-bbac-4cf7-ac01-363c311bf37f	247	Stephen Saint Ghislain	M	M45-49	21	11:45:32	1:10:06	0:06:13	6:38:27	0:04:12	3:46:35	BE	
63f04e32-0a58-f011-877b-000d3a5b50ba	248	Mattéo Le Gall	M	M18-24	25	11:45:42	1:42:32	0:11:48	6:18:51	0:09:21	3:23:10	Unknown	
e34f04d7-024b-ee11-be6e-000d3a314ae2	249	Lucie Goibier	F	F30-34	7	11:46:09	1:17:40	0:08:08	6:31:53	0:05:37	3:42:51	fra	
b311b466-4b6f-4030-bbff-eeb64b7358bc	250	Göran Vansteenkiste	M	M25-29	58	11:46:36	1:15:40	0:05:09	5:43:15	0:06:36	4:35:56	Unknown	
e9739943-d74e-4a46-b7dd-d67fa173884b	251	Arnaud Douroux	M	M40-44	21	11:46:36	1:07:49	0:07:16	6:26:11	0:04:27	4:00:53	FR	
743b16e2-415c-f011-bec2-000d3a5b50ba	252	Marceau Depras	M	M25-29	59	11:47:07	1:30:18	0:05:27	6:04:03	0:04:17	4:03:02	Unknown	
75824545-a29b-f011-b41c-6045bd05fcc1	253	Lisa Roux	F	F18-24	2	11:47:14	1:00:37	0:04:29	6:19:23	0:04:04	4:18:40	FRA	
96a325d8-daba-49f7-a3e4-cb564e4452b7	254	Alexis Riboulet	M	M30-34	49	11:47:44	1:15:54	0:09:39	6:25:50	0:04:47	3:51:34	Unknown	
ca8af57c-04a9-f011-bbd3-000d3a5b7c3b	255	Thijn Damhuis	M	M18-24	26	11:47:47	1:23:19	0:09:32	5:54:20	0:05:39	4:14:56	NLD	
d6324a42-ab76-ef11-a670-00224809e5d5	256	Etienne Colombel	M	M30-34	50	11:47:48	1:13:30	0:07:51	6:33:02	0:07:07	3:46:18	FR	
63a43076-c4b0-ef11-b8e8-000d3a5ae96c	257	Zoé Vermeil	F	F18-24	3	11:48:20	1:14:28	0:06:58	6:19:23	0:04:31	4:02:59	FR	
d609afc0-ca3d-ef11-8409-6045bd0953ac	258	Maxime Gasnier	M	M25-29	60	11:48:31	1:16:10	0:08:22	5:59:53	0:08:54	4:15:12	Unknown	
eb3b31ab-1c8e-f011-b4cc-0022480c097c	259	Joe Rice	M	M35-39	37	11:49:24	1:14:05	0:09:04	6:44:19	0:09:54	3:32:02	GB	
5fe56f24-9af1-46c4-ba88-514e69ab9135	260	Laurent Milecamps	M	M35-39	38	11:49:42	1:27:15	0:07:50	6:13:55	0:05:30	3:55:13	FR	
04a2b07b-8821-4e4c-992d-201b5cc96b02	261	Michele Quagliaroli	M	M40-44	22	11:50:08	1:21:21	0:09:13	6:04:20	0:04:51	4:10:23	ita	
5c10eda7-649b-ef11-8a6a-000d3a3126fd	262	David Muff	M	M30-34	51	11:50:09	1:16:11	0:06:37	6:03:54	0:04:18	4:19:08	che	
1eacd6da-27c6-f011-bbd3-000d3a5cf7d8	263	Malthe Simony	M	M25-29	61	11:50:19	1:21:53	0:08:02	6:13:45	0:06:33	4:00:07	DNK	
d187cd78-152f-ef11-840a-6045bd0953ac	264	Arnaud Turel	M	M35-39	39	11:50:34	1:23:15	0:07:17	6:09:03	0:07:58	4:03:01	Unknown	
14bd3eb7-dba0-ef11-8a6a-000d3a338a3c	265	Dorian Broccardo	M	M35-39	40	11:51:18	1:23:56	0:10:46	6:22:17	0:07:05	3:47:15	Unknown	
9852d154-dead-f011-bbd2-000d3a351ec3	266	Florian Caillet	M	M18-24	27	11:51:52	1:12:13	0:13:17	6:18:30	0:13:29	3:54:22	Unknown	
93bd65b2-e607-f011-bae2-000d3a5b50ba	267	Jamie Chaumarat--Gendre	M	M18-24	28	11:52:03	1:09:12	0:05:26	6:18:55	0:03:20	4:15:10	FR	
70de50fd-557f-f011-b4cc-000d3a5b7c3b	268	Oscar André	M	M25-29	62	11:52:22	1:18:55	0:08:58	6:51:23	0:05:33	3:27:32	BE	
224cb590-b9ab-ea11-a814-000d3a591f2e	269	Laetitia Mottier	F	F25-29	7	11:53:00	1:17:03	0:06:00	6:29:13	0:05:50	3:54:53	CHE	
1162e5ab-f287-f011-b4cc-0022480c097c	270	Rémi GANTOIS	M	M30-34	52	11:53:05	1:18:56	0:08:08	6:34:02	0:05:02	3:46:58	Unknown	
1060be2b-dadc-4eb1-93d5-f4ac30bc3426	271	Loïc Ousset	M	M25-29	63	11:53:07	1:14:34	0:06:27	6:26:50	0:04:11	4:01:05	fra	
80a5af4d-fd5c-f011-bec2-000d3a3173b5	272	Jérôme Berset	M	M30-34	53	11:53:52	1:12:55	0:10:17	6:15:54	0:04:42	4:10:05	CHE	
882cbcd2-71b1-45dc-bdd0-3809cffc77b6	273	Davide Corti	M	M40-44	23	11:54:13	1:12:57	0:08:44	6:24:32	0:08:45	3:59:15	ita	
c63b82f2-e758-f011-877b-000d3a5b50ba	274	Lilian Baconnais	M	M18-24	29	11:55:19	1:11:54	0:09:56	6:15:19	0:04:07	4:14:03	Unknown	
7cd3a691-8030-ef11-8409-000d3a367177	275	Liam Tith	M	M25-29	64	11:55:45	1:13:21	0:06:44	6:18:46	0:08:59	4:07:54	Unknown	
cf7a70c4-8689-f011-b4cc-000d3a3173b5	276	Gaston Muller	M	M30-34	54	11:55:48	1:29:19	0:10:04	6:40:46	0:04:30	3:31:08	FR	
a463b37e-0f6c-f011-bec2-0022480a7385	277	Tristan Kilian	M	M25-29	65	11:56:00	1:04:36	0:08:14	6:17:56	0:09:39	4:15:34	Unknown	
38c07c86-7557-f011-877b-6045bd05fcc1	278	ugo arruego	M	M25-29	66	11:56:36	1:16:53	0:06:48	6:23:02	0:05:17	4:04:35	Unknown	
7f1952fc-fd5a-f011-bec2-0022480a7385	279	Quentin Bourguignon	M	M25-29	67	11:56:43	1:30:12	0:07:36	6:37:10	0:07:55	3:33:51	FR	
3b7d5ea7-0fc9-ef11-b8e8-000d3a5a403c	280	Matko Kuna	M	M40-44	24	11:56:53	1:19:46	0:11:52	6:17:26	0:04:16	4:03:32	HR	
d8e4d8f1-551c-4ab1-b2b7-aa209155c16e	281	Simon Perrod	M	M25-29	68	11:57:13	1:21:12	0:06:56	6:15:31	0:07:35	4:05:59	Unknown	
80654538-ca4e-f011-877a-000d3a5cf7d8	282	Luc Beirinckx	M	M55-59	8	11:57:24	1:34:21	0:11:11	6:31:11	0:07:23	3:33:17	bel	
3eff5702-10d8-4337-91d2-496fad7bd586	283	Julien Papuga	M	M40-44	25	11:57:26	1:14:29	0:07:04	5:49:28	0:06:59	4:39:27	FR	
6d2845df-a993-f011-b4cc-6045bd05fcc1	284	Damian Snijders	M	M25-29	69	11:57:29	1:04:43	0:08:24	6:30:58	0:09:06	4:04:18	NL	
0f96bc41-144b-ef11-a317-6045bd08b27c	285	Glenn Bercx	M	M35-39	41	11:57:49	1:10:53	0:08:51	5:58:10	0:05:20	4:34:34	BE	
df79aecb-1fdb-f011-8544-000d3a5cf7d8	286	Irmantas Dumbliauskas	M	M18-24	30	11:57:54	1:22:20	0:08:34	6:47:55	0:07:23	3:31:42	LTU	
8585f216-0977-ef11-a670-002248049fdc	287	Thomas CHARRIER	M	M35-39	42	11:58:26	1:26:49	0:06:20	6:29:34	0:05:30	3:50:13	FR	
39406752-c183-ef11-ac21-000d3a338a3c	288	Noah Lasselin	M	M18-24	31	11:58:44	1:19:38	0:06:49	6:18:00	0:04:22	4:09:54	FR	
4b0f7639-9339-f011-b4cc-000d3a35ffc1	289	Thomas Labonne	M	M30-34	55	11:58:48	1:16:48	0:05:49	6:27:21	0:04:02	4:04:48	FRA	
8dd62337-5ecb-f011-bbd2-000d3a5b5fc7	290	Samy Moussaïd	M	M30-34	56	11:59:23	1:18:29	0:09:31	6:42:42	0:05:10	3:43:30	LUX	
ce8405ac-b4ee-ef11-9341-6045bd05400c	291	Toni Shnoro	M	M30-34	57	11:59:43	1:20:52	0:10:29	6:36:52	0:10:50	3:40:41	FI	
33d8a3bf-d272-ef11-a670-0022480ac0a9	292	Lisa Huygen	M	F25-29	8	11:59:44	1:23:33	0:07:57	6:30:58	0:04:35	3:52:42	Unknown	
2fc96d76-a504-4857-ab8b-ca4b6871b682	293	Amandine Drouot	F	F25-29	9	11:59:58	1:11:07	0:08:47	6:27:28	0:06:40	4:05:57	che	
c446f42f-8a92-442f-8a85-b40ab92d205d	294	Jonathan Dutheil	M	M30-34	58	12:00:04	1:13:17	0:06:17	6:14:31	0:03:57	4:22:01	Unknown	
bd7d2df7-e390-f011-b4cc-6045bd05fcc1	295	Axel Bruget	M	M25-29	70	12:00:56	1:21:57	0:08:54	5:51:35	0:08:23	4:30:06	FR	
7e3d57fe-8568-4a2b-ac15-d7565ff644b8	296	Samuel Vouters	M	M18-24	32	12:01:12	1:07:06	0:05:45	6:34:38	0:03:23	4:10:20	Unknown	
55e55ba2-ef9d-f011-b41c-000d3a5b7c3b	297	Tom Askew	M	M40-44	26	12:01:26	1:04:56	0:08:21	6:27:46	0:04:53	4:15:30	GB	
0810e4cf-dda6-f011-bbd3-000d3a3173b5	298	Melanie Bollier	F	F35-39	3	12:01:50	1:19:08	0:07:08	6:30:18	0:05:21	3:59:55	FR	
86511490-4a9b-ef11-8a6a-6045bd048089	299	Laura Da Costa	F	F25-29	10	12:02:10	1:11:41	0:05:57	6:33:18	0:05:26	4:05:47	Unknown	
79cff0d9-55c5-4238-b504-f9e1baadc6bc	300	Edoardo Boetti	M	M30-34	59	12:02:12	1:22:22	0:12:18	5:55:09	0:07:36	4:24:47	Unknown	
68c25d06-7fd2-f011-8544-0022480a7385	301	Pieter Devolder	M	M25-29	71	12:02:17	1:19:14	0:13:54	6:15:43	0:09:36	4:03:51	BEL	
08ab2340-2357-4db5-9572-abb71ed0b7d5	302	Arkadiusz Grzybowski	M	M35-39	43	12:02:38	1:17:24	0:06:36	6:20:58	0:05:19	4:12:21	deu	
41d0486b-6e62-4bac-be2e-0546b18d4d6e	303	Alexandre Dobinet	M	M30-34	60	12:02:49	1:08:03	0:06:58	6:30:43	0:08:12	4:08:54	FR	
7a3f8b77-b7d9-f011-8544-6045bd09951e	304	Yassine HAOUCHAT	M	M25-29	72	12:03:57	1:49:52	0:06:08	6:34:10	0:03:41	3:30:07	Unknown	
1a479e65-2fc4-4fa4-9ed6-9c3aa49f5d55	305	Edward Whitfield	M	M25-29	73	12:04:11	1:11:58	0:09:09	6:03:39	0:07:47	4:31:38	GB	
b6248660-3ab0-f011-bbd3-000d3a5b50ba	306	Antoine SAULES	M	M25-29	74	12:04:11	1:07:44	0:05:09	5:58:49	0:02:42	4:49:46	Unknown	
68413126-c4d8-48f6-a745-a64ab4eaae79	307	Kevin Muller	M	M50-54	11	12:04:13	1:05:01	0:08:23	6:35:05	0:05:06	4:10:39	GB	
19cce999-9d59-4c53-ba0b-e48de3fedc37	308	Simon Medlicott	M	M30-34	61	12:04:15	1:19:22	0:07:54	6:23:24	0:07:24	4:06:11	gbr	
09a41465-eef2-4184-8991-4ad033b24ffa	309	Jorge Benitez Vega	M	M45-49	22	12:04:21	1:14:07	0:05:11	6:22:22	0:06:12	4:16:29	esp	
59a5db17-0e73-f011-b4cc-6045bd05f634	310	Alison Chupin	M	F35-39	4	12:04:32	1:01:03	0:06:00	6:56:13	0:04:29	3:56:48	Unknown	
a6e6f6a2-b2f6-46b4-bbff-8917f588f6ec	311	Heimdall Geyer	M	M60-64	4	12:04:33	1:12:48	0:05:49	6:31:29	0:05:30	4:08:57	AT	
cfb20135-7d6a-4afb-b54f-8b5cbff1f365	312	Joe Jepps	M	M30-34	62	12:05:00	1:26:03	0:07:40	6:16:20	0:05:59	4:08:58	CA	
8d3e5954-19a8-4b42-b980-47a22871b253	313	Mathieu Carlino	M	M30-34	63	12:05:27	1:10:40	0:10:29	6:46:44	0:08:54	3:48:40	Unknown	
5f89a96d-827d-4919-a284-d741d15d75b6	314	Rafal Medak	M	M55-59	9	12:05:49	1:15:23	0:07:49	6:12:39	0:13:22	4:16:36	lux	
7a1adb94-fb57-f011-877b-0022480a7385	315	Julien Doublet-Mas	M	M25-29	75	12:05:54	1:24:22	0:08:45	6:51:48	0:06:25	3:34:35	Unknown	
1b3d8597-7f0c-423d-92d5-d425df9d78ea	316	Dylan Mathay	M	M25-29	76	12:06:19	1:04:37	0:06:16	6:26:32	0:06:03	4:22:52	lux	
431bfc17-32fb-49cd-af88-33b1ad7a5b42	317	Patrick Kodjayan	M	M50-54	12	12:06:20	1:14:51	0:06:10	6:19:38	0:03:42	4:21:59	deu	
0cc2fdb9-78d0-f011-8543-6045bd0542b2	318	benoit defretin	M	M40-44	27	12:06:59	1:25:11	0:06:45	6:29:41	0:06:44	3:58:39	FRA	
a0dea01f-7898-4926-bec1-932e028ef77d	319	Thibault Parent	M	M30-34	64	12:07:05	1:08:55	0:11:24	6:51:26	0:08:08	3:47:12	Unknown	
89c5f5b3-15ff-ef11-bae2-000d3a3173b5	320	Issa Kraev	M	M30-34	65	12:07:07	1:12:45	0:05:24	6:30:21	0:03:26	4:15:11	Unknown	
ddc7fd95-8789-f011-b4cc-0022480c097c	321	Arthur Legrand	M	M25-29	77	12:08:27	1:13:10	0:05:40	6:31:27	0:05:05	4:13:05	FR	
ea955cfc-8d89-f011-b4cc-000d3a35ffc1	322	Lucas Dubreuil	M	M25-29	78	12:08:43	1:14:05	0:09:38	6:52:08	0:06:19	3:46:33	FR	
ea7fffe7-1758-f011-bec1-000d3a5942b7	323	Julie Hue	F	F35-39	5	12:08:53	1:08:44	0:08:25	6:41:09	0:04:04	4:06:31	Unknown	
9353fddd-c1a9-ef11-b8e9-002248049fdc	324	Nicolas Goupil	M	M45-49	23	12:09:05	1:16:38	0:07:15	6:11:43	0:06:15	4:27:14	FR	
cee1c992-22a9-4392-a5f5-0c1acad3a710	325	Markus Heidelberg	M	M40-44	28	12:09:13	1:24:15	0:08:33	6:38:09	0:07:05	3:51:12	DE	
fc8e38e9-eb57-f011-877b-000d3a5b50ba	326	Killian Warin	M	M18-24	33	12:10:07	1:05:00	0:07:33	6:00:01	0:06:26	4:51:07	Unknown	
5a840d08-68c0-4b93-802c-0876e1f2f827	327	Mirko Zimmer	M	M55-59	10	12:10:14	1:14:24	0:06:52	6:40:25	0:03:47	4:04:47	DE	
bd8a5b2d-63b6-f011-bbd2-6045bd050e4b	328	Arthur Gijsels	M	M25-29	79	12:10:17	1:13:36	0:09:59	6:33:13	0:04:59	4:08:30	bel	
efbe81de-1e76-4347-8887-4e09f866b1a0	329	Antoine Dumain	M	M30-34	66	12:10:19	1:18:31	0:07:43	6:13:16	0:06:14	4:24:34	FR	
f90d4ce5-fc67-426b-80e1-c2a86aea5073	330	Matěj Rakovič	M	M35-39	44	12:10:32	1:20:59	0:07:20	6:40:26	0:04:56	3:56:50	CZ	
f1e8c56b-7db6-f011-bbd3-6045bd05fcc1	331	Jay Lenz	M	M18-24	34	12:10:44	1:15:03	0:07:01	5:51:14	0:06:17	4:51:09	Unknown	
c8538e08-313a-402b-93d0-dd3644e8a613	332	Niels Moens	M	M35-39	45	12:10:49	1:16:58	0:07:35	6:03:49	0:05:42	4:36:45	BEL	
4c6a732b-c98c-f011-b4cc-6045bd05fcc1	333	Erwan Fournial	M	M40-44	29	12:11:05	1:15:19	0:07:08	6:13:29	0:05:49	4:29:21	FRA	
c8c21c4f-1610-437f-927b-21936325f1c0	334	Valentin Hubert-Bouvier	M	M30-34	67	12:11:47	1:26:18	0:07:09	6:53:31	0:05:20	3:39:28	FRA	
dc15b4be-2ee4-4cf6-bc83-75a267f62b91	335	Sacha Vedrine	M	M30-34	68	12:11:52	1:15:50	0:09:40	6:37:26	0:07:41	4:01:15	FR	
ce92b2ec-7356-f011-877b-0022480a7385	336	Guillaume Hoff	M	M25-29	80	12:11:59	1:13:26	0:09:12	6:28:09	0:07:09	4:14:03	Unknown	
c1965778-8389-f011-b4cc-0022480a7385	337	Noémie OURY	F	F25-29	11	12:12:13	1:00:57	0:08:31	6:52:12	0:07:14	4:03:19	FR	
722ec594-8e8c-f011-b4cc-000d3a5b7c3b	338	Julie Rogge	F	F18-24	4	12:12:38	1:18:37	0:07:20	6:57:27	0:05:00	3:44:14	BE	
86195ca8-3cb2-f011-bbd3-000d3a5b7c3b	339	Mathieu Laurent	M	M18-24	35	12:12:45	1:20:00	0:07:57	6:30:10	0:09:21	4:05:17	Unknown	
e1c294f3-daa6-f011-bbd3-000d3a5b50ba	340	Elise THIBAUD	F	F35-39	6	12:12:47	1:20:16	0:05:17	6:34:37	0:04:29	4:08:08	FR	
8bdd79cf-0dd9-f011-8543-000d3a5b5fc7	341	Mathis CHOQUET	M	M18-24	36	12:12:47	1:26:06	0:10:30	6:35:45	0:06:48	3:53:37	FRA	
05ac2074-3bd8-eb11-bacb-002248040199	342	Daniel Dyck	M	M50-54	13	12:12:48	1:35:13	0:09:53	6:11:39	0:07:58	4:08:04	DEU	
f22562af-bdeb-ee11-a204-6045bd0158c4	343	Antoine villeroy	M	M35-39	46	12:13:12	1:01:33	0:07:38	6:43:22	0:05:07	4:15:33	Unknown	
aca9ab62-f7b3-43a3-a54a-3b25bbd86758	344	Sandie Roussel	F	F35-39	7	12:13:18	1:20:00	0:06:14	6:45:57	0:04:42	3:56:25	FRA	
69375141-0d88-ef11-ac21-6045bd05c809	345	Reynald Lemonnier	M	M25-29	81	12:14:03	1:22:43	0:08:06	6:36:12	0:04:23	4:02:39	FR	
817e3edc-c37c-4e34-8f11-4abfee016763	346	Michael Carpentier	M	M40-44	30	12:14:05	1:13:13	0:08:13	6:46:01	0:04:46	4:01:51	FR	
0098d1e9-697a-ef11-a670-000d3a5a1803	347	Bruce Vercaemst	M	M45-49	24	12:14:24	1:20:02	0:08:47	6:31:09	0:07:03	4:07:24	BE	
b5e33634-2925-f011-8c4d-6045bd09951e	348	Pierre Rivier	M	M40-44	31	12:14:25	1:14:09	0:09:27	6:31:11	0:04:25	4:15:12	FR	
af7f387b-bb1b-ec11-b6e6-000d3a336cdc	349	Romain Lerou	M	M45-49	25	12:14:27	1:07:42	0:07:55	6:38:36	0:07:10	4:13:04	Unknown	
2cc8bdbf-6ad8-f011-8544-000d3a5cf7d8	350	Sébastien Teston	M	M40-44	32	12:14:41	1:25:42	0:11:44	6:19:39	0:06:55	4:10:41	FRA	
d94559b0-c097-4d6b-b9a1-2ca868a66bab	351	Sami Niska	M	M50-54	14	12:15:17	1:29:29	0:05:49	6:19:56	0:06:58	4:13:04	FI	
147e4d63-da07-44fa-86ee-6b408d1a92b6	352	Vilde Bye	F	F30-34	8	12:15:33	1:05:39	0:07:21	7:16:08	0:03:35	3:42:51	NO	
e8759d97-196e-4cbe-afb3-e720ecaced52	353	Koen Geerinck	M	M50-54	15	12:15:52	1:29:03	0:11:59	6:35:21	0:07:49	3:51:40	BE	
af604244-e1f1-4a94-81b6-86d46983be2b	354	Mathieu Naudin	M	M45-49	26	12:15:53	1:03:51	0:07:37	6:28:10	0:05:41	4:30:33	Unknown	
f43aadc2-9589-f011-b4cc-6045bd05fcc1	355	Theo Argent	M	M25-29	82	12:16:00	1:21:51	0:08:58	6:49:49	0:06:33	3:48:49	FR	
7398346e-255f-f011-bec3-6045bd09951e	356	Gabriel Elie	M	M18-24	37	12:16:37	1:22:33	0:09:36	6:35:32	0:08:49	4:00:06	Unknown	
5ff0cd33-e98e-f011-b4cc-000d3a5b7c3b	357	Yannig Troel	M	M40-44	33	12:16:42	1:18:46	0:04:21	6:32:32	0:05:12	4:15:51	FR	
9e746989-7529-45c1-834f-4e69a7c0c464	358	Pieter Phlypo	M	M40-44	34	12:17:17	1:04:21	0:06:56	6:14:36	0:03:59	4:47:25	BE	
96f8ff00-11da-4a4d-8424-ac2b1a93c9ab	359	Arman Gandjizadeh	M	M25-29	83	12:17:19	1:20:52	0:05:41	6:14:09	0:04:51	4:31:46	fra	
76d143d1-232a-42fd-bbaa-aa7e80f06e67	360	Gilles Kempeneers	M	M25-29	84	12:17:22	1:19:08	0:08:25	6:15:30	0:05:51	4:28:28	BE	
b68bc444-e13d-48ec-927a-34f34cb5145c	361	Anthony Benarroch	M	M30-34	69	12:17:59	1:22:55	0:11:01	6:34:16	0:11:11	3:58:36	CA	
fe49cc7e-fe1b-4d86-9c9d-91b6c3c6bfe8	362	Stephan Gründig	M	M55-59	11	12:18:08	1:18:48	0:09:32	6:43:41	0:06:03	4:00:03	DE	
3c6a7d12-4177-4b0e-b0f6-6f5db64d387f	363	Jérôme Boissou	F	M50-54	16	12:18:29	1:18:05	0:14:27	6:58:40	0:07:38	3:39:39	Unknown	
255c6499-f166-f011-bec3-000d3a35ffc1	364	BENJAMIN BESOLI	M	M25-29	85	12:18:43	1:19:16	0:09:08	6:34:39	0:04:57	4:10:42	Unknown	
18577426-6f47-430c-a824-b033d6feb6ac	365	Lennert Vangerven	F	M25-29	86	12:18:52	1:23:17	0:09:59	6:37:40	0:06:47	4:01:09	Unknown	
a2c5b8c1-70db-4dd8-8be1-f12742c83932	366	Cosmin Bustan	M	M45-49	27	12:18:53	1:16:24	0:10:37	6:35:27	0:04:49	4:11:36	RO	
611875a4-87db-f011-8544-000d3a3173b5	367	Leandro Tienda Iglesias	M	M18-24	38	12:19:02	1:15:29	0:09:16	6:20:09	0:06:32	4:27:35	DEU	
a7032e17-f5d1-47be-beaf-e96f8852beef	368	Maxime Stirmlinger	M	M40-44	35	12:19:13	1:07:51	0:05:05	6:19:53	0:05:26	4:40:57	Unknown	
fd09b306-58b3-f011-bbd3-000d3a3173b5	369	Killian Meystre	M	M25-29	87	12:19:16	1:14:34	0:07:23	6:49:26	0:08:03	3:59:51	Unknown	
f9966a94-8568-4a2a-94e6-350fa3783004	370	Michel Hamers	M	M40-44	36	12:20:12	1:18:41	0:09:16	6:23:57	0:07:45	4:20:33	FR	
b1fd37e9-0726-f011-8c4d-6045bd09951e	371	Sami Boudrir	M	M30-34	70	12:20:58	1:17:38	0:07:56	6:37:02	0:06:34	4:11:48	fra	
a25269bd-0d6e-45ed-96a3-1f24f9031cf8	372	Gunnar Anger	M	M45-49	28	12:21:02	1:09:01	0:05:02	6:08:58	0:07:15	4:50:45	Unknown	
42890cb2-3947-4f1f-b2e1-69c84399b211	373	Paolo La Guardia	M	M50-54	17	12:21:11	1:28:35	0:09:23	6:24:37	0:05:43	4:12:52	NL	
5d33ba04-fd88-4c1e-a68b-6ea0bbf7b9fd	374	Victor Guitel	M	M25-29	88	12:21:24	1:16:43	0:06:12	6:37:46	0:05:52	4:14:52	FR	
10b654e3-413d-4dab-a5a6-8115107fb032	375	Alicja Medak	F	F50-54	2	12:21:27	1:24:42	0:07:50	6:54:25	0:09:11	3:45:20	lux	
0f0ac336-56c5-f011-bbd3-6045bd09951e	376	Abel Chevalier	M	M25-29	89	12:21:40	1:12:53	0:11:31	6:34:37	0:09:14	4:13:25	FRA	
36efbcea-f3b8-f011-bbd3-000d3a5cf7d8	377	Aidan Pond	M	M30-34	71	12:22:10	1:25:07	0:09:57	6:50:50	0:08:41	3:47:35	GBR	
1e4713ad-6fd8-f011-8543-6045bd05fcc1	378	Antoine Massonnet	M	M18-24	39	12:22:13	1:19:28	0:10:32	6:32:59	0:10:38	4:08:36	FRA	
3d730093-9a58-f011-877b-6045bd05fcc1	379	Victor Gasse	M	M35-39	47	12:22:26	1:07:37	0:14:23	6:51:42	0:17:36	3:51:08	Unknown	
478d0c1e-84c0-f011-bbd2-000d3a5b7c3b	380	Mikas Mühring	M	M25-29	90	12:22:53	1:23:27	0:09:12	6:12:45	0:07:09	4:30:21	dnk	
a039b6b6-b4b8-f011-bbd3-000d3a3173b5	381	Gaël Franquinet	M	M18-24	40	12:23:24	1:30:23	0:06:36	6:19:26	0:05:58	4:21:01	Unknown	
e10a4e2d-eac2-f011-bbd3-6045bd05f634	382	valentin armand	M	M25-29	91	12:23:45	1:27:00	0:16:28	7:02:13	0:08:56	3:29:08	FRA	
86ded336-43b8-f011-bbd2-000d3a5b7c3b	383	Kai Patel	M	M18-24	41	12:23:48	1:11:13	0:05:01	6:34:04	0:04:32	4:28:58	GBR	
65e1180b-ca89-f011-b4cb-000d3a30a38f	384	Johan Boury	M	M30-34	72	12:23:54	1:17:14	0:08:26	6:53:54	0:05:25	3:58:54	FRA	
fe09ad48-9b30-4864-99ce-a68c4bae859b	385	Timo Koch	M	M30-34	73	12:23:55	1:19:13	0:08:38	6:37:01	0:06:48	4:12:15	Unknown	
1eaa25ec-cc29-455a-a062-b14c849c5d83	386	Selen Eryüce	F	F50-54	3	12:24:04	1:15:41	0:06:03	6:48:30	0:05:07	4:08:42	TR	
50c4763b-3532-452c-be7e-69f239bb284a	387	Lars Maebe	M	M25-29	92	12:24:17	1:22:58	0:08:38	6:32:02	0:06:18	4:14:21	BE	
4e2ed607-0ae0-4fad-b956-697baaaefcf8	388	Gert Van Vliet	M	M60-64	5	12:24:20	1:12:05	0:07:57	6:11:29	0:06:04	4:46:46	Unknown	
73ef6379-c19a-ef11-8a69-000d3a5a403c	389	Stef Van Daele	M	M25-29	93	12:24:58	1:18:16	0:11:14	6:19:05	0:09:03	4:27:20	BE	
52322267-d4c0-4fb3-ba1f-474c4c62a0b7	390	Arnaud Legendre	M	M40-44	37	12:26:19	1:12:07	0:07:45	6:26:15	0:06:09	4:34:03	FR	
770b12e1-0621-42e0-a82a-e5ccba2946bf	391	Roberto Garcia Ramos	M	M50-54	18	12:27:14	1:15:50	0:09:58	6:53:30	0:06:59	4:00:57	GB	
5f70d980-0a57-ee11-be6f-000d3a314c24	392	Frederic Caron	M	M55-59	12	12:27:24	1:15:41	0:07:04	6:25:12	0:04:16	4:35:12	FR	
5508d7a3-6611-45a9-a09f-65d1ba203ba1	393	Anneleen Steurs	F	F35-39	8	12:27:39	1:28:34	0:05:53	6:49:24	0:05:07	3:58:41	bel	
e48d1e74-4e47-f011-877a-000d3a3173b5	394	Thibaut Romarin	M	M30-34	74	12:27:58	1:18:09	0:11:20	6:47:48	0:08:38	4:02:04	fra	
e7cc7a86-ea13-f011-998a-000d3a5b7c3b	395	Willem Peeters	M	M25-29	94	12:28:06	1:17:58	0:12:57	6:41:43	0:09:53	4:05:35	NL	
1cc103bf-a69b-f011-b41c-000d3a5cf7d8	396	Menno Janssen	M	M30-34	75	12:28:19	1:10:08	0:07:56	6:26:13	0:04:53	4:39:09	NL	
545925d5-4aa1-ef11-8a6a-000d3a5b50a4	397	Maxime Veyssieres	M	M18-24	42	12:28:20	1:34:01	0:08:20	6:24:58	0:06:58	4:14:02	Unknown	
c4be898d-2e1e-f011-998a-000d3a5b50ba	398	Camille Delhorme	M	M30-34	76	12:28:21	1:18:46	0:07:00	6:20:02	0:06:00	4:36:33	fra	
1e8376eb-6feb-4bdf-a946-2ef5cb1c586d	399	Arthur Canel	M	M25-29	95	12:28:22	1:39:52	0:12:13	6:46:54	0:08:29	3:40:53	FR	
d3406293-e32b-40cc-9796-17abc932ff6c	400	Corina Bots	F	F50-54	4	12:28:29	1:25:34	0:05:23	6:52:22	0:04:43	4:00:27	nld	
d113e7d5-bb46-f011-877a-000d3a35ffc1	401	Marco Grange Bardin	M	M18-24	43	12:28:56	1:16:41	0:08:01	6:34:18	0:07:29	4:22:27	FRA	
3964df10-0255-ef11-a316-000d3a371e3b	402	Vincent Hirth	M	M30-34	77	12:28:59	1:18:22	0:08:00	6:45:43	0:05:09	4:11:44	Unknown	
45be0092-1559-42db-9fc9-0fe85a3f562e	403	Caroline Richet	M	F30-34	9	12:29:00	1:06:14	0:06:12	6:47:09	0:05:35	4:23:49	Unknown	
22bd9fc1-92de-f011-8544-000d3a5b7c3b	404	Jordy Senna van der Galiën	M	M18-24	44	12:29:17	1:09:27	0:10:47	6:27:54	0:09:32	4:31:37	NLD	
fcd490eb-449e-f011-b41c-0022480c097c	405	Eddie Preston	M	M25-29	96	12:29:23	1:23:27	0:11:55	6:56:36	0:08:01	3:49:25	GB	
2e5f4176-f32e-4c23-88ea-16ba56deb9b4	406	Blas Zubillaga Garcia	M	M45-49	29	12:29:44	1:16:27	0:09:27	7:21:43	0:08:24	3:33:42	ES	
1a6e06dc-7e9c-f011-b41c-000d3a5b50ba	407	Ella Perry	F	F18-24	5	12:29:48	1:10:02	0:07:07	6:29:07	0:05:19	4:38:13	gbr	
20e3121c-3ca8-f011-bbd3-0022480a7385	408	Valentin Grilo	M	M30-34	78	12:30:11	1:14:51	0:09:18	6:33:43	0:08:28	4:23:50	FRA	
5cc3d7ec-7dc7-ef11-b8e8-000d3a5ae96c	409	Mehdi Boutatss	M	M25-29	97	12:31:28	1:52:20	0:15:54	6:51:48	0:09:05	3:22:23	Unknown	
b6c57905-ea77-480e-a67c-1b1dffa55ad0	410	Romain Loriolle	M	M40-44	38	12:31:43	1:13:55	0:10:09	6:45:50	0:09:00	4:12:50	FR	
86059f82-277f-4ce4-9086-79d7018d0ceb	411	Dylan Geldhof	M	M25-29	98	12:32:17	1:15:31	0:06:52	6:14:12	0:05:05	4:50:36	BE	
6ea5aed5-acb1-ef11-b8e8-6045bd018d16	412	Pierre De Pauw	M	M35-39	48	12:32:19	1:12:47	0:10:03	6:47:29	0:10:35	4:11:25	Unknown	
4c645375-77a0-4e18-a798-092e0be4ee15	413	Victor Roche	M	M25-29	99	12:32:20	1:22:24	0:09:03	7:04:01	0:05:16	3:51:35	FR	
2ad6c346-a7aa-ef11-b8e8-000d3a5a403c	414	Lawrence Rice-Williams	M	M30-34	79	12:33:07	1:14:47	0:08:02	6:49:22	0:06:06	4:14:49	GB	
0563db99-856c-ef11-bfe3-00224808301f	415	François Hauser	M	M40-44	39	12:33:16	1:07:28	0:07:10	6:34:31	0:06:53	4:37:13	CH	
5612eef3-d76d-4172-ab03-740b0bcf2047	416	Helen Burke	F	F30-34	10	12:33:18	1:22:47	0:07:31	6:47:05	0:05:07	4:10:50	GB	
855627c7-982d-40eb-bfbe-a567c06725eb	417	Maria Zandoná Libardi	F	F40-44	3	12:33:24	1:28:30	0:06:06	6:41:58	0:05:49	4:11:02	fra	
c3b028c8-7cd4-f011-8544-000d3a5b50ba	418	Matteo FERRERA	M	M18-24	45	12:33:25	1:19:14	0:12:12	6:35:11	0:11:25	4:15:22	FRA	
d9c5951e-d6a2-44ef-85b0-e736c66548fc	419	Martin Toulmonde	M	M25-29	100	12:33:29	1:09:02	0:09:23	6:58:07	0:10:40	4:06:17	BE	
547946e4-1b58-f011-877b-6045bd05f634	420	Maxime REMY	M	M40-44	40	12:34:35	1:23:30	0:09:44	6:18:27	0:08:35	4:34:19	Unknown	
54a1ff31-962c-453e-b272-efae8a64b194	421	Sybren Vansteenkiste	M	M25-29	101	12:34:36	1:24:22	0:05:44	6:26:12	0:03:30	4:34:49	Unknown	
d0ee35b7-fa46-4add-a0dd-a9b73fdce24f	422	Christophe Durbec	M	M40-44	41	12:35:08	1:06:09	0:05:53	6:40:19	0:04:49	4:37:58	FR	
ce030a9a-e95c-ed11-9562-000d3a314329	423	Tony Grippon	M	M50-54	19	12:35:31	1:25:23	0:08:38	6:53:10	0:05:03	4:03:18	fra	
1f132611-d56b-ef11-bfe3-000d3a371e3b	424	Alexander Hughes	M	M25-29	102	12:35:34	1:23:12	0:08:30	7:00:42	0:07:32	3:55:38	GB	
c5c46ae1-95f3-46a3-8271-84f0651eb1a1	425	Andreas Van Assche	M	M30-34	80	12:35:53	1:27:16	0:08:14	6:47:37	0:06:12	4:06:33	BE	
31f3669a-4bdb-42f6-92f7-32d2237ce533	426	Jörg Pipo	M	M55-59	13	12:35:54	1:07:44	0:06:00	6:35:17	0:07:25	4:39:28	deu	
8b3b310e-052f-ef11-840a-000d3a383830	427	Hugo Gagnier	M	M30-34	81	12:36:27	1:21:47	0:10:46	7:03:48	0:09:04	3:51:01	Unknown	
92a61d47-961e-4438-894b-805e7826f529	428	Gabriel Deaconu	M	M35-39	49	12:36:32	1:17:19	0:09:03	7:03:22	0:07:39	3:59:07	rou	
2412fd54-87ad-4361-b683-51730b77ce06	429	Guillaume van Eeckhout	M	M40-44	42	12:36:47	1:18:29	0:13:42	7:08:46	0:05:41	3:50:10	GB	
256a9805-5658-f011-877b-000d3a3173b5	430	Thomas Roullier	M	M25-29	103	12:36:51	1:14:49	0:12:53	6:51:51	0:04:56	4:12:22	fra	
bb6b6316-cda8-ef11-b8e8-000d3a5ae96c	431	Morgan Jacob	M	M18-24	46	12:37:06	1:28:05	0:07:17	6:54:02	0:05:06	4:02:36	FR	
44213a13-2e5c-47a1-9232-8a272bc3b179	432	Alexandre Djahanbini	M	M30-34	82	12:37:16	1:09:55	0:12:07	6:45:41	0:11:07	4:18:27	Unknown	
3f74891d-7e8a-f011-b4cc-000d3a5b7c3b	433	Damien BLANC	M	M40-44	43	12:37:42	1:19:59	0:09:41	6:26:05	0:06:41	4:35:16	FRA	
7bedc769-fdf0-4426-8c16-c22964db4208	434	Mathis Launay	M	M25-29	104	12:38:04	1:16:51	0:09:06	6:49:23	0:03:39	4:19:05	FR	
401a30df-0558-f011-877b-000d3a35ffc1	435	Theo Deyrolle	M	M18-24	47	12:38:08	1:40:58	0:09:44	6:34:16	0:07:08	4:06:02	Unknown	
1ebfda80-2ad8-4f8a-b853-4b93a733aadd	436	Johan Blanc	M	M25-29	105	12:38:14	1:16:08	0:08:58	6:51:34	0:08:06	4:13:29	Unknown	
ec59de9a-8cba-41aa-b383-cce4bb312b89	437	Marie Ferrari	F	F25-29	12	12:39:29	1:17:09	0:08:41	6:59:35	0:08:35	4:05:28	BE	
442e59e3-82a7-ef11-8a69-6045bd088264	438	Samuel Newbery	M	M25-29	106	12:39:35	1:17:53	0:09:36	6:34:29	0:05:01	4:32:36	GB	
d3ecdc22-0b58-f011-bec1-000d3a5942b7	439	Jerome Schneider	M	M40-44	44	12:39:51	1:27:01	0:10:24	6:52:13	0:09:15	4:00:58	Unknown	
f02f0dfe-8e8a-46e6-b5e0-a86617975478	440	Greg Vanhoucke	M	M40-44	45	12:41:03	1:19:16	0:09:02	6:36:47	0:08:02	4:27:56	bel	
ee6f2965-b989-f011-b4cc-6045bd09951e	441	Lydie Roatta	F	F40-44	4	12:41:07	1:20:09	0:06:56	6:56:49	0:07:09	4:10:05	FR	
a8d9ee5d-a572-48ac-8257-ab457011bf99	442	Vincent Pelletier	M	M25-29	107	12:41:12	1:09:18	0:05:59	6:49:55	0:04:23	4:31:37	FR	
9d868664-cac0-f011-bbd2-000d3a5b7c3b	443	Kyllian Van Den Abbeele	M	M18-24	48	12:41:27	1:25:15	0:08:17	6:33:41	0:06:11	4:28:03	BEL	
b844630b-3895-f011-b4cc-000d3a5b7c3b	444	quentin Moutard	M	M30-34	83	12:41:35	1:29:47	0:06:24	6:55:38	0:05:04	4:04:42	fra	
4e9ac926-5758-f011-877b-000d3a35ffc1	445	loic JOANNY	M	M35-39	50	12:41:41	1:14:10	0:07:35	6:26:31	0:06:00	4:47:25	Unknown	
4b5b8da7-bca5-f011-bbd3-6045bd05fcc1	446	Vincent Brostin	M	M25-29	108	12:41:44	1:21:15	0:07:58	6:39:12	0:05:57	4:27:21	FRA	
c72443c7-6b95-ef11-8a6a-000d3a5a1803	447	Paul Crivelli	M	M35-39	51	12:41:44	1:38:38	0:10:56	6:23:40	0:09:22	4:19:08	Unknown	
7b0451e3-096c-4f35-8bb3-f84a0c3efd5b	448	Antoine Charote	M	M35-39	52	12:41:51	1:31:44	0:18:30	6:31:54	0:11:21	4:08:22	FR	
55efceb6-013b-4881-8991-686db2b3f72d	449	Cédric Joanny	M	M30-34	84	12:41:54	1:12:59	0:07:35	6:00:15	0:04:51	5:16:14	fra	
424bbda8-bf32-434e-99b1-2aba18fc4ed7	450	Chrystelle Marillier	F	F45-49	3	12:42:30	1:24:10	0:07:36	6:46:09	0:05:23	4:19:13	FR	
7022b415-b5e1-4ffe-b54e-c73d01c0c174	451	Jerome Schmid	M	M25-29	109	12:42:50	1:21:52	0:07:00	6:33:02	0:07:10	4:33:45	Unknown	
64b15a80-012f-ef11-840a-6045bd0953ac	452	MATHIS TASTET	M	M25-29	110	12:42:50	1:20:21	0:10:35	5:33:51	0:05:52	5:32:11	FR	
4d268736-eb80-ef11-ac21-6045bd048089	453	Clémence Moalic	F	F18-24	6	12:42:59	1:10:25	0:08:33	6:47:46	0:07:40	4:28:35	FR	
7255ee16-ea85-488e-911d-b6853a2839c0	454	Nicolas Favier	M	M45-49	30	12:43:25	1:04:17	0:06:43	6:53:05	0:05:06	4:34:13	FRA	
e27ff91c-f1be-f011-bbd3-000d3a35ffc1	455	Roy van Weezep	M	M18-24	49	12:43:32	1:12:20	0:08:45	6:40:56	0:09:37	4:31:54	NLD	
e79678dc-d799-4ad0-ad0d-9107d66252bd	456	Peer Depping	M	M30-34	85	12:43:34	1:15:43	0:11:10	6:31:41	0:09:48	4:35:12	GB	
cdd51837-b93e-4f44-a2e7-f589058246fc	457	Mathys Baillargeat	M	M18-24	50	12:43:44	1:15:25	0:11:19	6:39:16	0:08:16	4:29:28	FR	
720228f7-ca46-f011-877a-000d3a5b7c3b	458	Robin Vernusse	M	M25-29	111	12:43:45	1:12:33	0:07:36	7:09:32	0:04:10	4:09:54	FRA	
f3270a35-2649-4f03-a2c4-a1ecd938874c	459	Camilla Fontana	F	F40-44	5	12:44:10	1:33:17	0:06:21	7:18:20	0:04:40	3:41:32	CH	
52a9a14e-4100-4063-8b7a-26d7a76c70eb	460	Nicolas Zenon	M	M45-49	31	12:44:17	1:18:38	0:07:28	6:42:18	0:05:55	4:29:58	FRA	
0508ef94-5f91-ef11-ac20-000d3a5a403c	461	William Villard	M	M30-34	86	12:44:46	1:20:10	0:11:33	6:50:15	0:09:28	4:13:20	Unknown	
b20444b6-0c7d-f011-b4cc-0022480c097c	462	TOM Zilles	M	M18-24	51	12:45:50	1:21:06	0:09:05	6:42:17	0:06:10	4:27:12	FR	
8a69e1d6-4290-4ed3-ae84-06c796502678	463	Clément Vernisse	M	M35-39	53	12:45:52	1:17:26	0:12:52	6:31:45	0:09:04	4:34:44	fra	
e557db2f-d27a-4929-a8d5-e5aabea30398	464	Bard Spaun	M	M30-34	87	12:45:58	1:23:34	0:08:15	6:59:39	0:05:04	4:09:28	NO	
5981640d-0188-462d-9a07-d3d2dcbbd8ca	465	Mike Nash	M	M45-49	32	12:45:58	1:09:22	0:07:47	6:36:42	0:06:18	4:45:49	GB	
65fd65d6-0b9b-44d6-9486-0e3dc9c155dc	466	Arnaud Darchu	M	M45-49	33	12:45:59	1:29:46	0:06:31	7:00:56	0:05:57	4:02:49	FR	
a65fbce3-cc53-ed11-bba3-000d3a31458d	467	Nasilevitch Glorieux	M	M40-44	46	12:46:02	1:24:21	0:09:34	7:19:31	0:06:47	3:45:50	Unknown	
657fc6f7-4fb0-f011-bbd2-002248082f34	468	Guillaume Conreur	M	M30-34	88	12:46:16	1:18:38	0:07:55	6:21:23	0:07:26	4:50:54	BEL	
2353515e-907d-f011-b4cc-000d3a5b50ba	469	Mathieu Ferreira	M	M18-24	52	12:46:16	1:29:35	0:09:33	7:04:40	0:06:53	3:55:33	Unknown	
e12de6dc-b1d2-ef11-8eea-002248049fdc	470	Thomas FORCET	M	M18-24	53	12:46:41	1:22:09	0:12:21	6:57:18	0:07:05	4:07:48	Unknown	
49ce60a7-5e89-f011-b4cc-000d3a5cf7d8	471	Finn Salamon	M	M25-29	112	12:46:53	1:13:40	0:08:25	6:46:58	0:10:38	4:27:12	DE	
6d3e60f1-8702-4466-9a58-641493f90763	472	Jose Luis Gomez Carmona	M	M50-54	20	12:47:08	1:16:24	0:11:22	7:07:32	0:07:07	4:04:42	esp	
56230ccf-8689-f011-b4cc-6045bd05f634	473	Romain KRATZ	M	M35-39	54	12:47:26	1:21:34	0:12:46	6:33:03	0:12:17	4:27:47	FR	
93bdbbbd-a8c0-f011-bbd2-000d3a5b7c3b	474	Craig Roberts	M	M25-29	113	12:48:15	1:22:49	0:06:29	7:18:39	0:04:23	3:55:55	GGY	
ec5387f3-3192-f011-b4cc-6045bd05f634	475	Axel Juery	M	M30-34	89	12:49:19	1:24:02	0:11:12	6:22:33	0:07:58	4:43:34	FR	
fcc79637-1b77-460c-8c61-41d95d718700	476	Mirna Marovic	F	F50-54	5	12:49:38	1:14:57	0:08:19	6:40:28	0:07:45	4:38:08	hrv	
22bd6f0d-feb4-4e53-b313-9eab87dededd	477	Tom Mcwaters	M	M35-39	55	12:50:09	1:06:11	0:11:38	7:01:34	0:15:44	4:15:02	Unknown	
4cbd378e-4153-4a01-8882-d1701e13ed76	478	Jack Mcwaters	M	M35-39	56	12:50:14	1:13:43	0:10:31	6:43:50	0:14:56	4:27:14	Unknown	
afabd4da-73a7-f011-bbd3-000d3a3173b5	479	Sam Smith	M	M25-29	114	12:50:25	1:26:01	0:07:16	6:45:34	0:05:15	4:26:18	GB	
268e6951-7c3a-4153-a49e-44f0c4481d14	480	Eric Gilles	M	M55-59	14	12:50:31	1:21:12	0:10:55	6:34:49	0:07:09	4:36:25	FR	
df0cc9bc-5be4-ef11-8eea-000d3a5a1803	481	Thomas Chabert	M	M18-24	54	12:50:58	1:23:42	0:07:23	6:39:34	0:05:06	4:35:12	FR	
5b037c13-3f8a-f011-b4cc-0022480a7385	482	Ryan Clarke	M	M30-34	90	12:51:52	1:21:42	0:08:21	7:01:44	0:05:32	4:14:33	GB	
1e167bb9-338b-4887-9a90-ea2857b1a214	483	Benjamin Willetts	M	M30-34	91	12:52:12	0:59:35	0:07:42	6:46:19	0:09:05	4:49:31	GB	
5edd906f-f5bc-f011-bbd3-0022480a7385	484	Victor Paulinelli Miranda	M	M30-34	92	12:52:22	1:16:03	0:10:56	7:18:33	0:07:31	3:59:19	BRA	
b45fef4f-28db-f011-8543-000d3a5b5fc7	485	Thomas Borro	M	M25-29	115	12:52:27	1:20:51	0:08:11	6:49:39	0:05:41	4:28:05	NLD	
19339467-aea6-4c75-8b16-414de83a4630	486	Titouan Guérinon	M	M30-34	93	12:52:31	1:25:58	0:06:40	7:05:34	0:03:38	4:10:41	CH	
8eb7c29b-e4d5-4093-909c-568d738d3890	487	Wouter Ruissen	M	M25-29	116	12:52:44	1:22:35	0:11:40	7:16:36	0:06:10	3:55:44	NLD	
f82ef8bc-96bd-f011-bbd3-6045bd09951e	488	Xavier Caminada	M	M55-59	15	12:52:54	1:14:12	0:07:30	6:50:01	0:07:00	4:34:11	FRA	
9f391817-758f-47fd-951d-f2685ed8b760	489	Pierre Guy	M	M25-29	117	12:52:55	1:15:01	0:08:20	6:50:16	0:06:01	4:33:17	FR	
06767c39-1b5f-4574-93ad-6644346625e8	490	Kevin Instance	M	M55-59	16	12:53:05	1:02:58	0:06:39	7:11:42	0:07:27	4:24:19	GBR	
5cbe1dde-459e-f111-b8dc-7c1e528d5074	491	Leroy Sanja Mauter	M	M25-29	118	12:53:44	1:08:52	0:09:17	6:24:59	0:07:59	5:02:36	DEU	
d138ecfc-1d68-4e9e-9671-7fd9561c5e1c	492	Tom Travis	M	M30-34	94	12:53:57	1:16:17	0:11:00	7:02:40	0:08:56	4:15:04	GB	
62eace3c-e4f4-4417-b2d8-eb1e0f6db747	493	Jean-Charles Lebourg	M	M45-49	34	12:54:00	1:16:21	0:14:17	7:07:44	0:10:57	4:04:41	FR	
429399c3-489b-44c8-af97-b63fba6305a9	494	Serge Kiffel	M	M55-59	17	12:54:02	1:16:04	0:08:35	7:01:21	0:07:11	4:20:50	FR	
d6695832-0958-f011-877b-6045bd09951e	495	Julien Perruchoud	M	M30-34	95	12:54:20	1:22:57	0:07:38	6:33:56	0:11:42	4:38:06	Unknown	
20a5793a-31bf-f011-bbd3-000d3a3173b5	496	hugo bethleem	M	M25-29	119	12:54:38	1:44:16	0:07:31	6:28:23	0:07:12	4:27:16	FRA	
3871fb2e-a835-4a98-a5d6-3db64d888938	497	Robin Kachkachi	M	M25-29	120	12:55:40	1:10:04	0:08:37	6:40:32	0:06:30	4:49:56	Unknown	
0d972c60-b38b-ef11-ac21-000d3a5b3d07	498	Jazmin Giles-Reffell	F	F25-29	13	12:56:18	1:13:04	0:07:35	7:23:25	0:04:20	4:07:53	gbr	
25f4f163-d2ff-4038-99f3-53a5195916dc	499	Pete Woodroffe	M	M40-44	47	12:56:28	1:01:43	0:10:22	6:39:29	0:07:22	4:57:33	GB	
92647954-134b-4327-b2e3-5d4db7029760	500	Cristian Prete	M	M55-59	18	12:56:32	1:16:45	0:11:55	7:25:30	0:05:23	3:57:00	ita	
50b4320c-048c-f011-b4cc-000d3a5b7c3b	501	Fabian Pracht	M	M25-29	121	12:56:50	1:19:41	0:08:50	6:55:09	0:04:56	4:28:15	DE	
04ffdef8-98a1-471a-a33a-bf48747f0bdb	502	Paul Lamb	M	M50-54	21	12:56:59	1:23:15	0:08:00	7:07:05	0:06:29	4:12:10	gbr	
fc555c3e-ebcf-f011-bbd2-000d3a5b5fc7	503	Anthony Logghe	M	M25-29	122	12:57:04	1:17:57	0:14:09	6:35:55	0:08:03	4:41:01	BEL	
d304cc71-1c99-ef11-8a6a-000d3a338a3c	504	Francois PERNIN	M	M60-64	6	12:57:18	1:26:10	0:09:13	6:50:46	0:11:00	4:20:09	FRA	
46211332-c2e0-ef11-8eea-6045bd088264	505	Mark Schofield	M	M55-59	19	12:58:04	1:17:18	0:12:34	6:37:10	0:07:59	4:43:03	GBR	
7a4eefb1-9189-f011-b4cc-000d3a5b7c3b	506	Daniel Hottin	M	M65-69	1	12:58:29	1:28:29	0:08:19	6:53:35	0:05:39	4:22:27	fra	
33834b47-0fb2-4551-8901-4e4b1e3642a0	507	Ben Sumner	M	M25-29	123	12:58:43	1:22:24	0:10:23	6:56:35	0:06:27	4:22:53	GB	
91392b64-8789-f011-b4cc-000d3a5cf7d8	508	Corentin Magne	M	M18-24	55	12:58:45	1:10:33	0:07:13	6:40:51	0:05:52	4:54:16	FRA	
720cd6ee-4991-ef11-ac21-000d3a59a9a1	509	Bonnie Murphy	F	F25-29	14	12:58:47	1:09:25	0:08:28	7:11:56	0:09:17	4:19:40	GB	
b30fdffd-f5ac-f011-bbd3-6045bd05fcc1	510	Estella eto	F	F25-29	15	12:58:47	1:12:34	0:10:13	7:07:03	0:09:17	4:19:40	GBR	
f22a782b-f7bc-f011-bbd3-000d3a5cf7d8	511	Enzo Faliguerho-Caplain	M	M25-29	124	12:59:16	1:32:17	0:10:59	6:25:43	0:08:48	4:41:29	Unknown	
f0aa02e4-869c-4400-9dbf-8cc70a4370df	512	William Floret	M	M25-29	125	12:59:23	1:25:51	0:07:57	6:40:58	0:04:27	4:40:10	FR	
c703a701-7802-ef11-a1fe-000d3a314c24	513	Daniel Weatherhead	M	M40-44	48	12:59:24	1:28:56	0:07:46	6:21:06	0:07:30	4:54:06	GB	
88c38614-3c2f-4d97-a067-92a8420ebe80	514	Davide Luigi Brambilla	M	M30-34	96	12:59:49	1:09:55	0:05:58	6:12:39	0:05:38	5:25:39	Unknown	
daab9a0c-f6af-f011-bbd3-6045bd09951e	515	David Robinson	M	M25-29	126	13:00:40	1:11:14	0:06:12	6:37:02	0:06:49	4:59:23	AUS	
cd56a09f-224f-4e14-b566-630d32231dc9	516	Hicham Benabdelkrim	M	M45-49	35	13:01:18	1:13:06	0:08:52	6:58:22	0:07:12	4:33:47	FR	
9353e710-9a9e-f011-b41c-000d3a35ffc1	517	Guillaume Feron	M	M18-24	56	13:01:52	1:33:47	0:11:44	7:29:42	0:07:41	3:38:59	BE	
32efba52-7a7e-f011-b4cc-000d3a5cf7d8	518	Eliott Desmettre	M	M30-34	97	13:02:31	1:31:23	0:12:58	6:51:56	0:06:19	4:19:55	Unknown	
3aa56c30-90d0-f011-bbd3-6045bd09951e	519	Christopher Pugh	M	M35-39	57	13:02:58	1:17:22	0:08:40	6:46:25	0:06:30	4:44:01	GBR	
cf6bc145-ce70-ef11-a671-6045bd0953ac	520	Joffrey Dupeyron	M	M45-49	36	13:03:00	1:28:25	0:08:43	6:54:48	0:07:00	4:24:04	Unknown	
00eaa60e-647c-f011-b4cc-6045bd09951e	521	Jari Dubaere	M	M30-34	98	13:03:42	1:21:57	0:11:24	6:45:18	0:08:57	4:36:06	Unknown	
d807e7a2-9158-4e1f-a1e1-19f3d8797736	522	Karen Van Den Wijngaert	F	F35-39	9	13:03:59	1:28:18	0:12:24	7:15:56	0:07:59	3:59:23	bel	
04e7a724-0558-f011-877b-000d3a5c3d6c	523	Arthur Gomanne	M	M25-29	127	13:04:04	1:17:24	0:08:31	6:59:29	0:03:40	4:35:00	fra	
18237fb9-a7a5-ed11-aad1-000d3a31406e	524	Roberto Leanza	M	M50-54	22	13:04:16	1:32:43	0:12:19	6:55:29	0:08:20	4:15:25	ita	
968f45e2-8c23-43ab-974c-d15d4a85c447	525	Sylvain Wagner	F	M45-49	37	13:04:23	1:29:51	0:10:13	6:40:20	0:07:19	4:36:40	Unknown	
59078852-e3a4-ef11-8a6a-000d3a59a9a1	526	Mathis Crémer	M	M18-24	57	13:04:38	1:37:51	0:06:58	6:40:54	0:04:43	4:34:12	bel	
8bb969a7-2ad5-f011-8544-000d3a35ffc1	527	octaaf fieremans	M	M40-44	49	13:04:40	1:23:00	0:11:33	6:53:02	0:11:01	4:26:04	BEL	
02602743-c628-4b9b-af4e-3541e5b1bf5b	528	Marie Geloen	F	F40-44	6	13:04:41	1:12:37	0:07:29	7:10:14	0:05:12	4:29:10	fra	
9adb8ee1-57b3-f011-bbd3-000d3a3173b5	529	Loik Michel	M	M25-29	128	13:04:42	1:35:21	0:09:47	6:54:07	0:05:06	4:20:21	Unknown	
35d01388-4948-ef11-a317-000d3a5c08e8	530	Arthur Maertens De Noordhout	M	M25-29	129	13:05:33	1:32:10	0:07:29	6:47:29	0:05:02	4:33:24	bel	
e122502f-3199-4c19-9981-497ffa2b874c	531	Patrice Salvi	M	M40-44	50	13:05:37	1:39:54	0:06:42	6:58:01	0:04:43	4:16:17	FR	
9986de88-9b62-ef11-bfe3-00224808301f	532	Jaimy Meyer	M	M25-29	130	13:06:26	1:24:03	0:08:13	6:30:36	0:05:19	4:58:15	NL	
48b43e0c-d5be-f011-bbd2-000d3a5b7c3b	533	Stan Kleen	M	M18-24	58	13:06:29	1:18:31	0:10:40	6:42:13	0:07:26	4:47:39	NLD	
d97150f1-faef-470a-baa6-70f38ba3795f	534	Chiara Pettinelli	F	F40-44	7	13:06:38	1:19:06	0:08:46	7:06:51	0:08:28	4:23:27	FR	
c3fce7e4-448a-f011-b4cc-6045bd05f634	535	Tom Robinson	M	M30-34	99	13:07:08	1:21:43	0:07:31	6:30:09	0:08:49	4:58:56	gbr	
1112e87e-67c9-f011-bbd2-00224806dde8	536	Manea Bui-thé	M	M18-24	59	13:07:18	1:31:43	0:09:27	7:06:43	0:07:16	4:12:09	FRA	
7e62e375-03d9-f011-8544-000d3a5b7c3b	537	Loes Veenje - Smits	F	F35-39	10	13:07:22	1:16:22	0:08:04	6:50:33	0:08:09	4:44:14	NLD	
64e90518-3bc9-440f-b33e-30df37d21c50	538	Arnaud Wilhelm	M	M40-44	51	13:07:36	1:18:53	0:10:12	6:22:07	0:06:23	5:10:02	fra	
eab9e91a-5f22-4be8-ba76-5506a4588810	539	Ewen Queffelec	M	M30-34	100	13:08:25	1:17:13	0:05:11	6:32:35	0:04:28	5:08:58	FR	
b010fcd4-aea2-491b-8854-63f7621c02d5	540	Fabien Jammot	M	M30-34	101	13:08:32	1:24:28	0:12:06	6:44:51	0:10:09	4:36:57	FR	
b1157afa-268b-f011-b4cc-6045bd05fcc1	541	Antoine Ciccarelli	M	M18-24	60	13:08:35	1:14:12	0:08:54	7:10:11	0:05:10	4:30:08	Unknown	
d5e0e5a7-8b94-f011-b4cc-0022480c097c	542	Malo Levillain	M	M30-34	102	13:08:48	1:20:04	0:10:52	7:08:32	0:09:47	4:19:33	FRA	
d21fad51-1ce7-ef11-8eea-000d3a5ae96c	543	Finn Harb	M	M18-24	61	13:08:54	1:06:03	0:07:05	6:38:03	0:10:45	5:06:58	AUT	
14dbadfe-0583-f011-b4cc-6045bd09951e	544	flavien renard	M	M25-29	131	13:09:11	1:18:20	0:07:16	6:22:07	0:05:12	5:16:15	fra	
8dc89ae9-71e9-4b13-a14c-8ccc010a76e3	545	Tony Bernardini	M	M50-54	23	13:09:35	1:10:02	0:08:15	6:44:34	0:06:35	5:00:09	Unknown	
4b6084d7-2297-f011-b4cc-0022480c097c	546	Frederic Caruelle	M	M45-49	38	13:09:58	1:24:32	0:05:53	6:52:44	0:08:12	4:38:36	Unknown	
99ad2b6e-67f4-ef11-9342-002248049fdc	547	Plamen Valchanov	M	M50-54	24	13:10:16	1:24:14	0:07:05	7:20:23	0:05:20	4:13:15	GB	
60a0f39b-0558-f011-877b-000d3a5b50ba	548	Dimitri Masson	M	M50-54	25	13:10:26	1:27:31	0:07:58	7:14:41	0:05:38	4:14:38	Unknown	
cf896ab6-eecb-420d-b9ce-5a5eef21a186	549	Hugo Kopp	M	M60-64	7	13:10:43	1:17:04	0:11:53	6:50:55	0:06:39	4:44:12	CH	
fd1f98cf-efb5-f011-bbd3-000d3a5b7c3b	550	Stefan Baychev	M	M40-44	52	13:10:58	1:32:57	0:13:42	7:05:46	0:10:15	4:08:19	BGR	
24fd846e-87b2-454e-81f8-78fcf4fa654d	551	Kévin Guerioune	M	M35-39	58	13:11:46	1:11:49	0:05:48	6:53:50	0:04:01	4:56:18	fra	
3875c625-bd85-f011-b4cc-000d3a35ffc1	552	Kirsch Julio	M	M18-24	62	13:13:04	1:20:17	0:11:19	7:10:12	0:05:47	4:25:28	lux	
0fa1ce68-4495-ef11-8a6a-000d3a3126fd	553	Gérard Lasbleiz	M	M55-59	20	13:13:41	1:33:38	0:07:16	6:58:27	0:04:17	4:30:03	DE	
a7ec63b1-53d6-4047-9557-f440a54aae37	554	Mychal Rogers	M	M40-44	53	13:13:51	1:19:00	0:06:51	7:26:46	0:08:28	4:12:45	DE	
2d15fa8b-f93c-ef11-8409-000d3a348633	555	Valentin Zaninetti	M	M30-34	103	13:14:59	1:18:11	0:11:43	7:10:47	0:07:11	4:27:07	che	
b6e58049-44e7-48b1-9e1d-1da86f394940	556	Florian Kirchhof	M	M45-49	39	13:15:27	1:20:47	0:09:03	7:27:06	0:09:34	4:08:57	CH	
5f6b9ca9-3d54-f011-877a-000d3a5b7c3b	557	Côme Poupeau	M	M25-29	132	13:16:06	1:21:05	0:12:43	6:31:58	0:08:46	5:01:35	Unknown	
040a268e-97a4-48a8-95e3-5becc7a32790	558	Olivier Rey	M	M45-49	40	13:16:10	1:27:45	0:08:29	7:21:16	0:09:40	4:08:59	CH	
2014984f-5d5e-f011-bec1-000d3a5b7c3b	559	Enzo BARBARA	M	M30-34	104	13:16:36	1:27:30	0:08:04	7:28:48	0:06:57	4:05:17	FRA	
b67c42fd-ec3f-f011-b4ca-000d3a5cf7d8	560	Timothée Hardy	M	M30-34	105	13:17:02	1:26:23	0:09:25	7:08:11	0:08:00	4:25:04	FRA	
e5d3e886-468a-f011-b4cc-000d3a5b50ba	561	Alexandre Faure	M	M25-29	133	13:17:04	1:28:03	0:11:21	7:22:29	0:06:40	4:08:31	Unknown	
437ee9ce-0b86-ea11-a812-000d3a5a1cf8	562	Thomas Schlaeppi	M	M18-24	63	13:17:08	1:11:32	0:07:52	6:46:31	0:05:38	5:05:34	CHE	
e3b82974-2539-478c-9e77-15469e234f58	563	Eve Hewett	F	F18-24	7	13:17:11	1:01:09	0:06:57	6:55:21	0:07:02	5:06:43	GB	
059da6ff-71c0-f011-bbd3-000d3a5cf7d8	564	Arno Lemmens	M	M25-29	134	13:17:24	1:29:10	0:12:03	7:24:19	0:05:49	4:06:02	BEL	
0af98a74-186b-f011-bec3-6045bd05fcc1	565	Mathieu PENEL	M	M35-39	59	13:17:36	1:15:32	0:08:08	6:47:54	0:05:14	5:00:48	FR	
148e47e7-4d48-ef11-a317-000d3a5c08e8	566	Charles Vaillant	M	M30-34	106	13:17:48	1:28:08	0:14:19	7:06:11	0:09:45	4:19:25	FR	
7370a02d-ce3c-4193-8126-8b43da955b17	567	Guillaume Possamai	M	M30-34	107	13:17:48	1:15:15	0:07:17	7:18:27	0:04:24	4:32:24	FR	
cbd2209c-5099-f011-b4cb-7ced8d6e2ae5	568	julien gitton	M	M18-24	64	13:18:03	1:14:19	0:07:38	6:58:00	0:10:58	4:47:09	FR	
05cc4e93-e2fb-4ac0-8e74-8636c30208a3	569	David Rouland	M	M50-54	26	13:18:04	1:49:39	0:11:08	6:39:48	0:06:10	4:31:19	FR	
d1f31fad-7031-4640-b41d-0c13fb51636f	570	Carolane Gaillard	F	F30-34	11	13:18:06	1:18:09	0:05:22	7:03:28	0:03:38	4:47:28	FRA	
f09eaa0e-098a-ef11-ac21-000d3a3126fd	571	Said Ouchnak	M	M45-49	41	13:18:14	1:32:58	0:08:24	7:25:38	0:11:15	4:00:00	FR	
bcf0fccf-3387-ef11-ac21-000d3a5a1803	572	Marina Shynkarenka	F	F30-34	12	13:18:31	1:21:27	0:05:05	6:58:42	0:03:57	4:49:20	gbr	
482a394b-b132-4d1f-b574-1c9364210803	573	Théo Egal	M	M30-34	108	13:18:40	1:15:09	0:11:32	6:58:46	0:09:52	4:43:21	Unknown	
741280fc-a4b4-ee11-a569-000d3a314c24	574	Francisco Ureña Cámara	M	M30-34	109	13:19:17	1:20:18	0:08:37	7:14:02	0:05:40	4:30:40	ES	
25ad694f-175f-f011-bec2-000d3a5b50ba	575	Clémence Leclerc Hallouin	F	F35-39	11	13:19:19	1:25:00	0:08:37	7:20:55	0:05:41	4:19:06	Unknown	
04e77b09-7da8-ee11-be37-000d3a5ca14e	576	Léonard Bourdot-Fournier	M	M25-29	135	13:19:20	1:29:19	0:10:15	7:12:08	0:06:52	4:20:46	fra	
5eba600a-6b40-4be5-89de-0a2a0ed79cb1	577	Kim Rochat	M	M45-49	42	13:19:55	1:20:28	0:09:30	7:29:34	0:06:53	4:13:30	CH	
f83f0c92-c3b9-f011-bbd3-6045bd09951e	578	George Thomas	M	M25-29	136	13:19:59	1:12:34	0:06:50	7:34:07	0:06:53	4:19:35		
56e2e1f7-19dc-f011-8544-6045bd09951e	579	Christophe LEMETAYER	M	M50-54	27	13:20:02	1:25:52	0:18:54	6:26:09	0:14:07	4:55:01	FRA	
d9fac506-3046-4930-8ca7-29edce720387	580	Rich Engelstad	M	M55-59	21	13:20:38	1:50:37	0:09:36	6:49:00	0:07:20	4:24:06	US	
670dce08-0658-f011-877b-000d3a5c3d6c	581	Eliott POIVERT	M	M18-24	65	13:20:49	1:37:11	0:09:42	6:56:25	0:05:40	4:31:52	fra	
8adc17e2-cc9f-4506-b4d9-2900db2c5bcf	582	Thomas Holmesland	M	M35-39	60	13:21:44	1:15:58	0:07:54	6:29:17	0:12:41	5:15:54	nor	
c0b83396-bca6-f011-bbd3-000d3a5b7c3b	583	Rhianne Oscroft	F	F30-34	13	13:21:50	0:59:21	0:08:15	7:42:00	0:10:20	4:21:54	gbr	
b26767d2-0458-f011-877b-000d3a3173b5	584	Matteo Goncalves	M	M18-24	66	13:21:55	1:28:38	0:09:03	7:11:57	0:05:40	4:26:37	Unknown	
c8b66c62-7f6d-f011-bec3-6045bd05fcc1	585	Lucas Bournillat	M	M30-34	110	13:22:01	1:24:27	0:13:22	7:31:01	0:08:50	4:04:21	FR	
c486e6bc-e65f-f011-bec3-6045bd05fcc1	586	Thomas Mininger	M	M35-39	61	13:22:15	1:20:11	0:10:34	6:57:17	0:07:07	4:47:05	FRA	
2e10f936-c5d7-ef11-8eea-000d3a5a1803	587	Alexandre Rodrigues	M	M30-34	111	13:22:18	1:16:21	0:09:42	6:54:54	0:10:12	4:51:09	fra	
f6b4f9ae-285f-f011-bec3-000d3a35ffc1	588	Philippe MISSLIN	M	M35-39	62	13:22:23	1:16:40	0:10:39	6:55:00	0:12:59	4:47:05	FR	
683643b8-0565-ef11-bfe3-000d3a37be46	589	Maximilien Berettini	M	M30-34	112	13:22:40	1:22:48	0:08:51	6:59:59	0:07:08	4:43:53	lux	
86f1aeb1-8689-f011-b4cc-6045bd09951e	590	Lucas Magne	M	M25-29	137	13:24:15	1:18:17	0:06:47	7:11:11	0:04:16	4:43:42	FR	
6a4d36e6-0f3c-47b7-a426-7ff686e76895	591	Stephan Hensel	M	M50-54	28	13:24:20	1:33:52	0:10:40	6:58:59	0:06:46	4:34:04	deu	
9897d650-b68c-ef11-ac21-000d3a338a3c	592	Steffi Seynaeve	F	F25-29	16	13:24:51	1:00:07	0:08:28	6:58:52	0:08:18	5:09:05	BE	
5d723ac3-baa8-ef11-b8e9-000d3a5a1803	593	Jérémy Vincent	M	M25-29	138	13:25:12	1:20:11	0:10:35	6:44:38	0:06:47	5:03:00	FR	
7e4d524d-8670-f011-bec3-000d3a35ffc1	594	Dorian Ducretot	M	M25-29	139	13:25:37	1:31:39	0:12:50	6:35:50	0:09:26	4:55:52	Unknown	
7467d502-959f-ef11-8a6a-000d3a59a9a1	595	Sophie Abrahams	F	F25-29	17	13:26:36	1:05:41	0:09:20	7:56:33	0:07:52	4:07:10	GB	
0611b792-77d4-f011-8544-000d3a3173b5	596	Yannick Baden	M	M18-24	67	13:27:24	1:40:34	0:13:09	6:47:27	0:07:17	4:38:57	LUX	
e2a7d191-2c22-ed11-b83b-002248083205	597	Ludivine Astier	F	F30-34	14	13:27:32	1:22:40	0:07:57	7:11:59	0:08:34	4:36:22	fra	
b9e58d1a-7419-ee11-8f6e-000d3a314c24	598	Marc Letort	M	M45-49	43	13:28:01	1:30:05	0:10:13	6:41:34	0:11:32	4:54:37	Unknown	
bc792564-91f7-eb11-94ef-0022480aa4a7	599	Pierre Botha	M	M18-24	68	13:28:04	1:26:31	0:07:41	7:00:30	0:08:22	4:44:59	GB	
cfaf5d72-39ad-4c24-b4a0-88ab1dceb894	600	Steve Seguna	M	M35-39	63	13:28:41	1:25:27	0:09:30	7:05:40	0:05:41	4:42:22	MLT	
a3a6feaf-054f-47c8-a67e-c723ff25f19c	601	Yann Hoffmann	M	M45-49	44	13:28:47	1:38:41	0:06:09	6:54:57	0:03:40	4:45:20	lux	
eba58321-8689-f011-b4cc-000d3a3173b5	602	Benjamin Vande Casteele	M	M30-34	113	13:28:58	1:18:50	0:10:46	7:03:23	0:06:45	4:49:14	BE	
3ceaab0a-f928-ef11-840a-6045bd0953ac	603	Caroline Peyrin	M	F25-29	18	13:29:03	1:16:34	0:17:05	7:02:30	0:10:49	4:42:05	Unknown	
c66a019a-0a74-ef11-a671-000d3a596351	604	Julien Coray	M	M25-29	140	13:29:56	1:13:39	0:09:06	7:17:11	0:08:28	4:41:32	LU	
c16f42f6-c37c-ef11-a670-000d3a5a1803	605	Luuk van Zuijlen	M	M30-34	114	13:30:13	1:30:16	0:09:51	7:09:06	0:06:51	4:34:08		
e3df8f3d-4083-f111-ab0f-6045bd08b1a2	606	Ari Suokas	M	M45-49	45	13:30:18	1:32:17	0:12:07	7:03:58	0:08:18	4:33:39	FIN	
02faced7-a3b0-f011-bbd3-000d3a3173b5	607	Charley THOMAS	M	M40-44	54	13:30:20	1:23:37	0:12:36	7:21:55	0:08:36	4:23:36	Unknown	
ca2d2fb1-789b-4ebf-944e-7ee201cd5510	608	Neil Crust	M	M50-54	29	13:31:00	1:14:48	0:05:49	6:47:49	0:05:27	5:17:07	gbr	
03cd3781-8f89-f011-b4cc-000d3a3173b5	609	Guillaume Dublanchy	M	M25-29	141	13:31:19	1:39:30	0:10:59	7:09:43	0:07:56	4:23:11	FR	
14ac0b6c-a284-ef11-ac21-000d3a3126fd	610	Gaëtan Marie	M	M25-29	142	13:31:56	1:20:34	0:06:15	6:40:18	0:04:55	5:19:53	FR	
7f441624-d294-f011-b4cc-000d3a5b50ba	611	Dalish BAKARALY	M	M25-29	143	13:32:35	1:40:59	0:08:47	7:27:46	0:05:08	4:09:55	FR	
56e8677b-ef53-f011-877a-6045bd05f634	612	Benjamin MULLER	M	M35-39	64	13:32:36	1:07:56	0:09:00	7:05:31	0:05:26	5:04:44	FR	
2d22fbca-2175-ef11-a671-000d3a3bda64	613	Luke VENN	M	M35-39	65	13:32:57	1:21:38	0:10:03	7:11:14	0:08:32	4:41:31	gbr	
94941039-cfc6-f011-bbd3-000d3a3173b5	614	Anjali Santana	F	F18-24	8	13:32:59	1:48:22	0:07:22	7:17:33	0:06:51	4:12:51	AUT	
15714a63-10b5-f011-bbd3-6045bd06578c	615	Clément Devestele	M	M25-29	144	13:33:27	1:34:16	0:13:00	7:35:06	0:06:21	4:04:45	FRA	
3f1a75ec-1350-f011-877a-000d3a5cf7d8	616	Loona Digard	F	F25-29	19	13:33:36	1:35:20	0:09:51	7:47:36	0:06:22	3:54:27	CHE	
4f60b54a-1088-f011-b4cc-6045bd05f634	617	Thomas Wallet	M	M25-29	145	13:34:09	1:34:35	0:06:28	6:47:48	0:03:03	5:02:15	FR	
52d1fdaf-4393-4089-9278-2f3ec8e1a521	618	Rafael Nunez	M	M35-39	66	13:34:40	1:26:37	0:07:52	7:04:50	0:06:26	4:48:54	GB	
60fd862c-2ece-f011-bbd3-6045bd05fcc1	619	Ioana Lazăr	F	F30-34	15	13:34:54	1:17:11	0:12:21	7:34:13	0:08:56	4:22:13	ROU	
6e3011c5-309b-f011-b4cc-000d3a3173b5	620	Noe Faucher	M	M18-24	69	13:34:55	1:08:47	0:11:57	6:56:01	0:14:10	5:04:01	FRA	
68db55a5-7837-43e5-87c8-24f4a5049e12	621	Swann Labenne	F	F18-24	9	13:35:26	1:41:22	0:08:32	7:12:21	0:06:11	4:26:59	France	
f7130154-0aac-4e06-9113-86767f058683	622	Camille Bonne	F	F18-24	10	13:36:02	1:26:45	0:11:49	6:46:22	0:08:46	5:02:22	fra	
5cae3f95-85f3-4930-a2e5-9a5b00a05ae6	623	Pierpaolo Marchetti	M	M55-59	22	13:36:08	1:19:10	0:09:59	7:21:52	0:07:08	4:37:59	ita	
03087c89-0989-f011-b4cc-000d3a5cf7d8	624	Jeremy Clerc	M	M35-39	67	13:36:46	1:31:02	0:08:43	7:07:04	0:06:38	4:43:20	Unknown	
8e45d61e-658a-f011-b4cc-000d3a3173b5	625	Alexane Deltrieu	F	F18-24	11	13:36:48	1:40:04	0:10:48	7:20:36	0:07:31	4:17:49	FR	
0e05e0af-bb46-f011-877a-6045bd05fcc1	626	Hugo Martin	M	M25-29	146	13:37:24	1:55:13	0:08:50	7:08:07	0:04:53	4:20:21	FR	
368e90a9-78ef-ef11-9342-000d3a5a1803	627	Minna Wallin	F	F40-44	8	13:37:34	1:26:47	0:06:47	7:14:56	0:09:38	4:39:26	FI	
8fb118ed-bc7b-42d0-a00c-1c586b84498d	628	Hanna Khrystianovych	F	F45-49	4	13:37:57	1:20:04	0:09:14	7:44:06	0:04:51	4:19:42	CH	
8ee3f4cc-d4d1-4537-9119-6bfd8be22ff0	629	Chris Smith	M	M35-39	68	13:38:11	1:25:21	0:12:19	7:34:30	0:09:05	4:16:56	GB	
e865b519-cb93-f011-b4cc-0022480a7385	630	Maxime Doudard	M	M18-24	70	13:38:23	1:28:46	0:08:18	7:10:51	0:11:08	4:39:20	Unknown	
088d7f7e-0608-4e79-93f5-d68b45a8e25d	631	Melih Simsek	M	M30-34	115	13:39:01	1:33:34	0:10:30	7:20:50	0:07:14	4:26:53	CH	
145283c3-cb75-ef11-a670-6045bd05a110	632	Thomas Grue Olsen	M	M30-34	116	13:39:42	1:26:17	0:10:48	7:04:57	0:10:28	4:47:12	nor	
5b43a696-96bf-f011-bbd3-6045bd05f634	633	Scott Tovell	M	M40-44	55	13:39:50	1:09:25	0:09:13	7:18:43	0:06:54	4:55:35	GBR	
3d387317-bc99-41ee-bc35-efe71cd83dd5	634	Celine Perroux	F	F40-44	9	13:39:57	1:22:19	0:09:54	7:06:52	0:05:50	4:55:02	FR	
34391f80-f8ce-4e83-aeb8-dfffd0efecd4	635	Jose Antonio Rodriguez Quintana	M	M40-44	56	13:40:14	1:13:45	0:14:34	7:09:56	0:11:29	4:50:29	esp	
a276ad56-d457-f011-877b-6045bd09951e	636	Aaron Ottevaere	M	M30-34	117	13:40:15	1:20:34	0:08:11	6:49:12	0:07:36	5:14:42	Unknown	
6e137179-5bdb-f011-8544-000d3a5cf7d8	637	Jack Gaudion	M	M18-24	71	13:40:16	1:15:18	0:09:37	7:29:15	0:05:53	4:40:12	GGY	
88b68f8d-fd44-f011-877a-000d3a35ffc1	638	Warre Van Biervliet	M	M25-29	147	13:40:22	1:14:51	0:09:40	6:27:59	0:10:07	5:37:45	Unknown	
a94eb902-fed4-445f-9095-170bf8a39d53	639	Dirk Depouillon	M	M55-59	23	13:40:30	1:42:02	0:10:18	7:11:03	0:07:31	4:29:36	BE	
20054660-5289-f011-b4cc-6045bd05fcc1	640	William Felices	M	M25-29	148	13:40:39	1:32:49	0:14:05	7:02:55	0:08:35	4:42:15	FR	
885de9f7-d780-410e-99fc-0f650352401e	641	Christophe Betirac	M	M35-39	69	13:41:03	1:25:46	0:11:40	7:28:11	0:07:55	4:27:30	fra	
6d64f717-2a77-499e-985e-07af07a8f28e	642	Jordi Agustin	M	M45-49	46	13:41:18	1:17:50	0:10:14	6:35:59	0:06:59	5:30:17	ES	
51ffce7e-178e-f011-b4cc-000d3a3173b5	643	Tarik Harvey	M	M35-39	70	13:42:14	1:30:24	0:09:03	7:42:22	0:07:01	4:13:24	GBR	
576e3c3c-a46f-ef11-a670-000d3a308d97	644	Ruben Fierens	M	M18-24	72	13:42:21	1:32:45	0:12:55	6:42:39	0:09:39	5:04:23	bel	
93165b40-1c74-4e4f-8ea7-e76c80724e2d	645	Willy Romer	M	M35-39	71	13:42:25	1:46:13	0:12:46	7:55:38	0:06:15	3:41:34	FR	
3d4b07b5-a785-4032-8f1b-e662f5e53cf7	646	Silvio Krallert	F	M45-49	47	13:42:27	1:35:53	0:10:11	6:49:59	0:07:14	4:59:09	Unknown	
2ff29d6f-6992-f011-b4cc-000d3a5b50ba	647	Benjamin Ledeux	M	M35-39	72	13:42:36	1:15:07	0:09:45	6:18:27	0:07:41	5:51:36	Unknown	
414fe4b4-07eb-42aa-87ce-f17a9cba4f65	648	Andreas Dillig	M	M40-44	57	13:42:38	1:26:44	0:10:11	6:56:26	0:09:21	4:59:56	Unknown	
0ce96624-b631-4300-a88e-5cf08ac825c2	649	Francois Goutte	M	M25-29	149	13:42:40	1:16:19	0:08:58	7:24:34	0:08:41	4:44:09	fra	
1b705149-8a94-f011-b4cb-6045bd09e182	650	Tim Hieronymus	M	M18-24	73	13:44:26	1:22:54	0:14:27	7:35:07	0:10:58	4:21:00	DE	
c071c565-6c09-4f24-a028-db477ac6905b	651	Maxence Bas	M	M25-29	150	13:44:54	1:20:45	0:08:04	7:12:24	0:04:29	4:59:11	FR	
e1f5172c-424b-4adb-af09-239b7930ec71	652	Mascha Verloop	F	M30-34	118	13:45:09	1:07:08	0:06:30	7:21:03	0:13:39	4:56:49	nld	
43d35e1c-9360-f011-bec3-6045bd05f634	653	Jason Tumsonet	M	M30-34	119	13:45:34	1:21:16	0:10:38	6:52:47	0:08:38	5:12:15	FR	
c194cbd9-efc9-407d-b6ba-74997831d6fe	654	Jill Walker	F	F55-59	2	13:45:34	1:21:12	0:08:38	7:24:38	0:07:20	4:43:45	usa	
f8b98dfe-9a56-f011-877a-000d3a5b7c3b	655	Colin Glâtre	M	M25-29	151	13:46:18	1:17:08	0:12:00	6:55:52	0:15:26	5:05:52	Unknown	
dfdcacd7-c2cf-f011-bbd3-000d3a5b50ba	656	Geoffroy Fraipont	M	M45-49	48	13:46:19	1:25:26	0:07:24	6:38:07	0:07:51	5:27:32	BEL	
19cacb71-0558-f011-877b-000d3a5b50ba	657	Thomas Fleury	M	M18-24	74	13:46:34	1:19:06	0:08:49	6:54:04	0:08:29	5:16:06	Unknown	
6e9829fe-2fe2-4fc9-9fe3-b90845c646a1	658	Guillaume Lariviere	M	M35-39	73	13:47:09	1:13:25	0:11:20	7:03:06	0:14:05	5:05:12	BE	
d3ed0a8d-a09a-49a7-9354-592587ba9e24	659	Quinten Mollema	M	M30-34	120	13:47:36	1:23:14	0:14:39	7:43:12	0:07:36	4:18:54	NL	
24143501-8789-f011-b4cc-6045bd09951e	660	agathe chazarin	F	F40-44	10	13:47:50	1:31:52	0:09:33	7:37:19	0:07:09	4:21:56	FR	
3d44ec40-92bc-f011-bbd3-000d3a5c3d6c	661	Nick Markham	M	M35-39	74	13:48:32	1:34:14	0:10:24	7:23:37	0:09:30	4:30:47	DEU	
2ca27bad-61c0-f011-bbd2-000d3a5b7c3b	662	Axel Descormes	M	M18-24	75	13:48:33	1:26:20	0:07:55	7:07:28	0:05:31	5:01:19	FRA	
9337d4c5-d141-45d0-8e2b-e64f52fedbc6	663	Stephane Blanc	M	M50-54	30	13:48:39	1:22:52	0:09:42	7:15:54	0:06:10	4:54:00	FR	
79611ab1-d00c-f011-9988-000d3a5b50ba	664	Conor Roche	M	M25-29	152	13:48:46	1:08:56	0:07:33	7:23:29	0:06:45	5:02:03	IE	
2b87bec9-0f47-f011-877a-6045bd05fcc1	665	Paul MECA	M	M25-29	153	13:49:01	1:52:49	0:10:32	7:05:31	0:06:26	4:33:42	FRA	
03fb4b19-209e-f011-b41c-000d3a3173b5	666	Vincent Nuttin	M	M25-29	154	13:49:14	1:20:13	0:09:04	7:59:20	0:10:21	4:10:16	BE	
61df80b2-e38e-46c9-a410-a4e48f06a34a	667	Michaël Binacchi	M	M30-34	121	13:49:49	1:18:13	0:17:12	7:58:58	0:15:07	4:00:19	Unknown	
abdbd8b9-4045-4496-94ef-7c9dcff29794	668	Mathieu Perrin	M	M40-44	58	13:50:06	2:02:16	0:11:55	6:57:28	0:07:47	4:30:41	FR	
297adc79-b0a0-f011-b41c-0022480a7385	669	Maxence Tavaud	M	M18-24	76	13:50:55	1:18:18	0:17:40	6:56:52	0:10:35	5:07:30	Unknown	
ed81a263-d4be-f011-bbd3-0022480c097c	670	Luca Beller	M	M25-29	155	13:51:04	1:59:05	0:09:56	7:06:52	0:05:32	4:29:38	DEU	
e66562a2-a060-4181-8101-1989d9bf7cc3	671	Philip Marmarinos	M	M45-49	49	13:52:00	1:21:01	0:07:25	6:46:16	0:07:24	5:29:54	NL	
bba81425-9562-ed11-9562-000d3a31458d	672	Daniel Boyd	M	M35-39	75	13:52:11	1:35:36	0:07:12	7:36:31	0:08:14	4:24:38	GB	
aee71c23-1b01-4c60-bd32-7970a2a40564	673	Michael Skerwiderski	M	M55-59	24	13:52:42	1:20:52	0:09:03	6:30:22	0:06:36	5:45:49	DEU	
046c64d1-b6c5-43df-8e55-014fe7a5d83f	674	Andree Behrens	M	M55-59	25	13:52:48	1:22:23	0:10:22	7:06:23	0:06:27	5:07:13	deu	
ee3cbbf1-e6db-4e3d-a24d-fb340b368933	675	Jade Anstis	F	F35-39	12	13:53:07	1:16:16	0:07:15	6:45:42	0:06:42	5:37:13	GB	
e279c940-e7eb-4dfc-9e82-0213d41303f7	676	Veronique Baux	F	F55-59	3	13:53:23	1:16:26	0:11:34	7:35:50	0:09:54	4:39:38	fra	
38f12c66-1091-4d39-91ab-34d64d0cc18b	677	Pierre Baux	M	M50-54	31	13:53:24	1:19:14	0:07:27	7:17:20	0:07:16	5:02:07	fra	
42e5aadc-8e4a-f011-877a-000d3a5cf7d8	678	Tom Nocerra	M	M30-34	122	13:53:54	1:38:43	0:07:01	7:57:19	0:06:12	4:04:39	Unknown	
26a6ee72-4ea0-ef11-8a6a-6045bd048089	679	Pasqualino Federico	M	M30-34	123	13:54:07	1:21:56	0:11:28	7:36:59	0:07:19	4:36:26	ITA	
ec12b51a-13c9-f011-bbd2-000d3a5b5fc7	680	Bastien Paris	M	M25-29	156	13:54:07	1:01:31	0:06:42	7:11:51	0:04:55	5:29:08	FRA	
ebe5f0ec-2403-4887-8207-fca0776e97ea	681	Lionel Piessens	M	M30-34	124	13:55:11	1:26:55	0:07:57	7:11:03	0:06:29	5:02:47	BE	
d33af408-e89c-40d4-9f4c-f1c051cd5b4d	682	Clarisse Fouquet	F	F25-29	20	13:55:33	1:22:36	0:12:52	7:40:00	0:10:49	4:29:16	FR	
ac39b3b3-7aa7-ef11-8a6a-002248049fdc	683	Christer Köhler	M	M55-59	26	13:55:42	1:19:40	0:08:21	6:56:00	0:08:40	5:23:01	SWE	
fa3f257e-0558-f011-877b-6045bd05fcc1	684	Arnaud Boscher	M	M35-39	76	13:56:01	1:26:34	0:11:47	6:47:44	0:07:13	5:22:43	Unknown	
a8c27eb9-201e-f011-9989-6045bd09951e	685	Clement Clauson	M	M18-24	77	13:56:27	1:27:03	0:08:43	7:11:54	0:07:02	5:01:46	NL	
54ded2d9-7fc2-4cfe-8390-6a954bae4390	686	Thomas Feidieker	M	M40-44	59	13:56:34	1:34:12	0:10:46	6:11:18	0:05:38	5:54:41	DEU	
c28dd548-e874-eb11-b1ab-000d3a5913bd	687	Candice BOUDET	F	F40-44	11	13:56:48	1:40:46	0:08:33	7:17:40	0:10:09	4:39:40	FRA	
a5b7e0eb-11d7-4ef9-a6d5-a31e87fae0cf	688	Sarah Emorine	M	F30-34	16	13:56:56	1:25:53	0:08:36	7:00:35	0:06:43	5:15:09	Unknown	
bc7efdea-4d62-ef11-bfe3-6045bd0953ac	689	Sam Devinck	M	M30-34	125	13:57:05	1:24:40	0:12:58	6:43:58	0:12:00	5:23:29	BE	
3d6e9003-901b-4653-9d78-e31321bb52f7	690	Jean-François Zimierski	M	M55-59	27	13:57:15	1:10:57	0:08:19	7:12:52	0:06:12	5:18:55	fra	
410dd4e5-1b84-f011-b4cc-000d3a5cf7d8	691	Kilian Maître	M	M18-24	78	13:57:20	1:15:31	0:08:30	6:57:37	0:06:32	5:29:10	Unknown	
1521846c-a980-43fd-aa37-dda3e7107a12	692	Romain Hulot	M	M40-44	60	13:57:58	1:35:14	0:12:45	7:30:21	0:06:27	4:33:11	Unknown	
c8b013d2-cfdc-42c2-9659-2bd6c12d24a7	693	Andreas Fischer	M	M60-64	8	13:58:06	1:39:16	0:13:10	7:25:30	0:09:35	4:30:36	deu	
3d3552b4-9320-4876-a26b-08bbbc6bc958	694	Faisel Rüppel	M	M45-49	50	13:58:26	1:42:23	0:08:27	7:03:47	0:07:02	4:56:48	deu	
e1a2e832-aaa3-f011-bbd3-000d3a5cf7d8	695	Leonard Esch	M	M18-24	79	13:58:27	1:17:02	0:09:34	8:02:17	0:04:11	4:25:23	DEU	
f813700f-8f44-4de6-9333-d176be26ad3b	696	Aurélie Vouters	M	M25-29	157	13:58:31	1:26:48	0:06:55	7:50:57	0:04:57	4:28:54	Unknown	
5124bd5b-2c38-429e-82b6-3b2b8848c1c6	697	Debapriya Biswal	M	M45-49	51	13:59:04	1:30:43	0:09:17	7:16:44	0:09:59	4:52:22	ita	
ca723286-0458-f011-877a-000d3a5b7c3b	698	Baptiste Duvernay	M	M25-29	158	13:59:08	1:18:21	0:10:43	7:32:25	0:07:37	4:50:03	Unknown	
2b9a9ff2-2183-4991-9356-2f88ca5fa3a4	699	Maarten Willems	M	M45-49	52	14:00:09	1:19:21	0:11:57	7:12:25	0:09:43	5:06:42	bel	
2f4176f1-b9ce-ef11-b8e9-000d3a3126fd	700	Hendrik Keipert	M	M25-29	159	14:01:01	1:24:36	0:08:20	6:40:15	0:12:39	5:35:12	DE	
dca68bc2-645b-f011-bec2-6045bd09951e	701	Sandro BONACCORSI	M	M25-29	160	14:01:19	1:29:21	0:11:46	7:52:17	0:08:16	4:19:39	Unknown	
b6ef6bad-dae7-ef11-9341-6045bd05400c	702	Thomas Kaiser	M	M18-24	80	14:02:02	1:34:43	0:10:49	7:19:21	0:05:20	4:51:48	FR	
dec8b65e-cc0b-4d33-87bc-a64e53e9544f	703	Loïc Bartolomeu	M	M30-34	126	14:02:13	1:15:22	0:07:36	7:09:12	0:04:13	5:25:50	FRA	
14045401-6d43-4b7c-b9ff-a44b77607c22	704	Arthur Palanga	M	M35-39	77	14:02:18	1:37:23	0:08:01	7:04:39	0:06:30	5:05:45	FR	
ecdde23d-9b5d-4d17-b318-3944131edbd2	705	Jeremie Cowell	M	M35-39	78	14:02:32	1:40:48	0:08:09	7:12:00	0:06:40	4:54:54	gbr	
29475c04-ad92-ef11-ac21-000d3a3126fd	706	Flore-Lou Laboisse	F	F30-34	17	14:02:36	1:41:21	0:12:03	7:48:51	0:09:15	4:11:05	DE	
d3dc68ca-0ec0-f011-bbd3-6045bd09951e	707	Marie Vallet	F	F35-39	13	14:03:42	1:58:49	0:08:32	7:36:08	0:08:04	4:12:10	fra	
dd0f64cd-f4bc-f011-bbd3-6045bd09951e	708	Henri Dabout	M	M18-24	81	14:03:44	1:25:34	0:08:18	7:36:02	0:08:01	4:45:49	FRA	
25bc09f2-8bd6-4372-a18b-3dae5ae78339	709	Evangelos-Alexandros Souliotis	M	M50-54	32	14:03:45	1:27:42	0:11:49	7:12:04	0:07:50	5:04:20	Unknown	
9849ad93-449a-f011-b4cc-000d3a5b50ba	710	Corentin Billon	M	M25-29	161	14:04:20	1:15:16	0:09:54	7:29:49	0:12:09	4:57:13	Unknown	
670de5eb-7883-f011-b4cc-6045bd05fcc1	711	Thibaut Alu	M	M25-29	162	14:04:24	1:10:02	0:10:55	7:23:59	0:08:21	5:11:08	Unknown	
1f372260-3112-446b-9478-1a5a5b512392	712	Baptiste Roulet	M	M30-34	127	14:04:44	1:23:00	0:08:25	7:35:28	0:10:37	4:47:14	FR	
5311109b-79c1-f011-bbd3-6045bd05fcc1	713	Jörg Bauer	M	M55-59	28	14:04:45	1:11:17	0:07:27	6:43:48	0:07:45	5:54:27	DEU	
88ec0af3-b920-ee11-9cbe-000d3a31406e	714	Laura Merisier	F	F30-34	18	14:04:49	1:01:29	0:05:54	7:37:53	0:05:15	5:14:18	fra	
4f65d0f7-fa74-ef11-a670-00224808894b	715	Valentin LE MEUR	M	M25-29	163	14:05:11	1:20:41	0:09:46	7:14:58	0:06:49	5:12:57	Unknown	
197dc5d3-b910-44f4-a29b-0e1a2f602d21	716	Michal Bisztyga	M	M40-44	61	14:05:48	1:38:49	0:06:07	7:23:54	0:04:32	4:52:26	fra	
208c76bd-3420-4d73-8c40-d1715385d5d9	717	Alban Vernet	M	M40-44	62	14:07:50	1:18:35	0:10:16	7:21:19	0:07:27	5:10:13	FR	
c493d1c7-d1d5-4737-819e-c904fcfa6998	718	Wolfgang Eberding	M	M55-59	29	14:08:10	1:22:32	0:07:59	6:54:14	0:04:33	5:38:52	deu	
d8aa9dde-9c28-4ba5-a283-e222859ab6eb	719	Paul Aberson	M	M40-44	63	14:08:17	1:25:18	0:10:30	7:23:58	0:09:36	4:58:54	GB	
10aa2c76-578d-f011-b4cc-000d3a35ffc1	720	Théo PARDO	M	M18-24	82	14:08:41	1:21:39	0:10:24	7:35:01	0:07:45	4:53:52	Unknown	
9e9eb56f-2958-4bcc-8bbd-cccc087d1774	721	Nicola Lanzarini	M	M50-54	33	14:10:21	1:13:01	0:07:50	7:12:28	0:07:12	5:29:50	ita	
c0252284-82b5-f011-bbd3-000d3a35ffc1	722	Leo Bermond	M	M25-29	164	14:10:50	1:26:30	0:11:11	7:40:55	0:09:14	4:43:00	Unknown	
e774265b-7c5b-4aa9-8715-b1e4b28919af	723	Yoann Perque	M	M18-24	83	14:11:19	1:24:51	0:09:29	7:52:22	0:13:34	4:31:03	Unknown	
e8f406c6-062f-f111-88b3-6045bd06566a	724	Alexandre Haret	M	M30-34	128	14:11:21	1:26:28	0:10:28	7:46:11	0:09:13	4:39:01	Unknown	
dacca791-8a89-f011-b4cc-6045bd05fcc1	725	Romain Bichet	M	M25-29	165	14:11:44	1:23:48	0:11:06	7:42:59	0:07:38	4:46:13	FR	
421b2d5e-4b37-4004-980e-fe453ceba28e	726	Arie Heddema	M	M55-59	30	14:12:19	1:25:25	0:10:18	7:24:56	0:07:36	5:04:04	NL	
c2c7db33-4629-ed11-9db1-0022480a3bb0	727	Corentin Jouet	M	M25-29	166	14:12:40	1:20:48	0:09:45	7:17:20	0:05:03	5:19:44	fra	
c60f59a2-0ba2-f011-bbd3-000d3a35ffc1	728	Maxime Créteau	M	M25-29	167	14:12:56	1:29:29	0:11:01	7:50:15	0:07:17	4:34:53	FR	
7b77a038-a1cc-f011-bbd3-6045bd05fcc1	729	Valentin Ribes	M	M30-34	129	14:12:56	1:30:23	0:09:10	7:01:36	0:10:26	5:21:20	FRA	
d4fab2a2-4757-f011-877b-000d3a3173b5	730	D'Haene Austin	M	M30-34	130	14:13:08	1:16:09	0:10:45	6:53:44	0:09:32	5:42:58	Unknown	
17d6412c-e812-ef11-9f8a-6045bd012ace	731	Alcide Cros	M	M30-34	131	14:13:14	1:31:42	0:11:12	7:31:10	0:07:19	4:51:51	fra	
fe571d09-5d95-ef11-8a6a-002248049fdc	732	Ethan Dubreuil	M	M18-24	84	14:13:46	1:26:12	0:11:19	7:52:06	0:05:54	4:38:14	Unknown	
d2759793-c4e4-4d43-a5c0-76e814368398	733	Robin Puzin	M	M18-24	85	14:13:59	1:29:07	0:09:20	7:29:56	0:06:13	4:59:22	FR	
7d467ccd-0dc4-4da4-a33f-5cc011755b44	734	Franck Benech	M	M50-54	34	14:14:31	1:21:53	0:10:27	7:30:07	0:07:35	5:04:30	FRA	
e227398d-5864-478f-96c0-b9cb60061167	735	Miquel Yafari Duran	M	M50-54	35	14:14:34	1:15:53	0:06:10	7:13:40	0:05:32	5:33:18	ES	
d073e371-198a-f011-b4cc-002248098cfa	736	Charlie Payne	M	M30-34	132	14:14:42	1:25:52	0:10:36	7:38:53	0:08:12	4:51:10	GB	
6bbeba2b-1bd0-f011-bbd3-0022480c097c	737	Steve Cox	M	M60-64	9	14:14:44	1:46:03	0:12:51	7:49:19	0:06:43	4:19:48	GBR	
1f520847-7ccc-f011-bbd3-6045bd05fcc1	738	LUDOVIC MECK	M	M30-34	133	14:15:08	1:23:01	0:09:20	7:10:44	0:10:02	5:22:01	FRA	
ce949855-4ddb-f011-8544-000d3a5b7c3b	739	Theo Le Tissier	M	M18-24	86	14:15:29	1:18:32	0:09:48	7:52:37	0:09:32	4:44:59	GBR	
09553f45-9ed3-f011-8544-000d3a5b7c3b	740	Max Bränzel	M	M18-24	87	14:15:50	1:18:48	0:14:38	7:54:34	0:12:34	4:35:17	DEU	
0e12c489-a5dc-49fc-8e74-4b4306e6e113	741	Didier Le Bastard	M	M60-64	10	14:17:32	1:20:13	0:08:06	7:10:21	0:08:08	5:30:45	FR	
b35b6620-0c87-4a44-a949-b4c06a580076	742	Sarah Gleeson	F	F35-39	14	14:17:39	1:22:21	0:12:39	8:00:29	0:07:35	4:34:35	GB	
9f5dea0c-8358-ed11-9562-000d3a31380b	743	Albrecht Trölsch	M	M55-59	31	14:17:52	1:21:20	0:11:57	7:29:32	0:08:43	5:06:20	DE	
fd79097e-6e5c-4dfe-9d46-cd85e661486a	744	Simon Beal	M	M45-49	53	14:18:08	1:27:24	0:07:32	7:53:41	0:05:06	4:44:25	gbr	
25bb8ba5-c367-f011-bec3-000d3a3173b5	745	Rudolf van Dam	M	M35-39	79	14:18:09	1:37:12	0:12:17	6:37:40	0:07:55	5:43:05	NL	
a4071af6-91cf-f011-bbd3-000d3a5b50ba	746	Clement David	M	M35-39	80	14:18:46	1:44:32	0:08:43	7:44:30	0:05:32	4:35:30	FRA	
c2b61efa-9492-f011-b4cc-6045bd09951e	747	Jules Arnoux	M	M30-34	134	14:19:08	1:00:47	0:12:43	7:58:38	0:15:57	4:51:04	FR	
bd107387-1ae7-457e-a432-1961d9902e3a	748	Michael Bolli	M	M50-54	36	14:19:56	1:15:45	0:09:15	7:42:04	0:07:16	5:05:37	CH	
f69886cf-f58a-f011-b4cc-0022480a7385	749	Stuart McLean	M	M50-54	37	14:21:17	1:26:39	0:08:49	7:17:54	0:05:10	5:22:46	GB	
bf17bd15-0ba3-4b0a-90ad-98a88c1db13f	750	Jack Church	M	M25-29	168	14:21:21	1:08:19	0:06:12	7:30:47	0:08:54	5:27:08	gbr	
fd74a730-8cd5-4e09-8eb0-92e4c3b4a9f3	751	Tim Ryder	M	M60-64	11	14:22:10	1:18:52	0:09:23	7:56:36	0:06:23	4:50:56	GB	
e901f7fd-c047-44be-8c30-d74720241317	752	Dmitry Nikolaev	M	M40-44	64	14:22:26	1:05:27	0:07:33	6:55:25	0:09:30	6:04:31	NL	
cd56b0d1-0dc6-45e1-926f-624ac332de65	753	Babak Erfani	M	M40-44	65	14:23:25	1:52:20	0:12:07	7:21:25	0:10:37	4:46:56	Unknown	
59f84728-c4db-489e-bd39-60e059e69e5c	754	Jérôme Bitaud	M	M50-54	38	14:23:55	1:30:46	0:11:00	7:29:11	0:12:33	5:00:24	FR	
397ce8c1-64b6-f011-bbd2-6045bd050e4b	755	Cyril Bleuse	M	M40-44	66	14:24:11	1:20:53	0:11:11	7:22:03	0:08:03	5:22:00	FRA	
5ece0870-fd75-f011-b4cb-000d3a5b7c3b	756	Julien Conti	M	M18-24	88	14:25:14	1:53:51	0:10:15	7:38:04	0:07:17	4:35:46	FR	
dc52c2a4-afb2-455b-a703-3490905cec90	757	Guilhem Sérane	M	M30-34	135	14:25:24	1:23:09	0:07:53	7:01:45	0:04:52	5:47:45	fra	
fde457ab-24a0-ef11-8a6a-000d3a59a9a1	758	Raphaël Ourth	M	M18-24	89	14:26:02	1:24:43	0:10:56	7:08:02	0:07:17	5:35:04	BE	
36639fe5-8639-40d9-b4e4-0ed9e45d8227	759	Wouter Wingelaar	M	M30-34	136	14:26:02	1:12:38	0:11:19	7:23:13	0:07:12	5:31:40	NL	
153fe6d0-d458-f011-877b-000d3a5b50ba	760	Martin Anhalzer	M	M25-29	169	14:26:12	1:48:35	0:09:51	7:26:10	0:07:44	4:53:52	Unknown	
5f0fe2e0-b575-ef11-a670-000d3a5d50b6	761	Thomas Gotchac Campos	M	M25-29	170	14:26:53	1:23:58	0:12:21	7:50:09	0:05:57	4:54:29	FR	
60717f05-7214-f011-998a-6045bd05fcc1	762	VICTORIA GRECK	M	F30-34	19	14:27:03	1:21:28	0:10:57	7:45:39	0:09:18	4:59:41	Unknown	
6e2ca265-bd8f-f011-b4cc-6045bd09951e	763	Florent Bourmault	M	M25-29	171	14:27:45	1:12:27	0:09:24	7:27:35	0:08:25	5:29:54	FR	
a1ee7c1c-58dc-f011-8544-000d3a3173b5	764	Charlotte Martino	F	F30-34	20	14:27:48	1:31:58	0:14:08	7:18:57	0:14:11	5:08:35	AND	
efdd432b-e86e-f011-bec2-7ced8d6e0e83	765	Kato Jacobs	F	F25-29	21	14:28:10	1:31:33	0:11:11	7:20:01	0:08:34	5:16:51	NL	
f3cc7274-519d-460d-aed5-7da295a85c2c	766	Aleksandr Kuchin	M	M35-39	81	14:28:23	1:43:02	0:08:41	7:49:20	0:08:28	4:38:53	Czech Republic	
de57f6c0-b2d2-f011-8544-000d3a3173b5	767	Charlie Quetstroey	M	M35-39	82	14:28:29	1:27:11	0:09:57	7:37:20	0:06:07	5:07:54	AND	
b23b893d-e2e0-f011-8544-000d3a5cf7d8	768	Giovanni Tolboom	M	M18-24	90	14:28:57	1:34:08	0:12:14	7:34:19	0:07:53	5:00:24	NLD	
e4a29ca4-8d9c-f011-b41c-000d3a5b50ba	769	Mariska Klaver	F	F25-29	22	14:29:21	1:38:39	0:08:39	7:22:58	0:09:28	5:09:37	NL	
671e9183-6987-f011-b4cc-000d3a5b7c3b	770	Marlow Devoldere	M	M25-29	172	14:29:45	1:39:20	0:10:53	8:09:36	0:14:00	4:15:55	FRA	
78d2384f-96b4-4ae3-a9bc-149647c6c411	771	Théo DESACHY	M	M25-29	173	14:30:17	1:19:00	0:12:34	7:52:17	0:08:53	4:57:34	FR	
8fb5e4a3-47d1-f011-8543-000d3a3aec92	772	Atahan Diamond	M	M18-24	91	14:30:38	1:26:00	0:13:35	7:32:42	0:12:08	5:06:12	GBR	
ad1c3889-0edb-410f-9456-3fd8cdb19594	773	Nghi Huynh	F	F35-39	15	14:31:00	1:29:35	0:12:02	7:42:47	0:10:32	4:56:04	fra	
18b66b36-9689-f011-b4cc-6045bd05fcc1	774	Thomas Vullien	M	M18-24	92	14:31:43	1:47:42	0:09:43	7:28:11	0:10:54	4:55:12	FR	
ebd8aefa-f378-ef11-a670-002248049fdc	775	VIRGINIE BOHR	F	F50-54	6	14:32:00	1:23:32	0:12:23	7:46:27	0:09:02	5:00:35		
b2aa1011-81cc-46c1-b3b7-a9e5ccd8ba30	776	Ernest Suleymanov	M	M50-54	39	14:32:12	1:29:10	0:08:49	7:10:50	0:05:39	5:37:44	IE	
4a6109da-a8ca-4243-84e4-d347d57d1530	777	Stuart Sadler	M	M55-59	32	14:33:34	1:10:02	0:16:02	7:47:13	0:08:15	5:12:02	gbr	
150ed595-fca5-f011-bbd3-000d3a3173b5	778	Flavie Monnet	F	F25-29	23	14:34:18	1:18:16	0:09:49	8:00:39	0:08:41	4:56:53	FR	
ea8ba99f-3ba2-41da-85b8-6b339171b4bf	779	Unn Marit E Forrestad	F	F40-44	12	14:36:29	1:17:11	0:10:01	7:41:19	0:13:13	5:14:44	nor	
eb458e8a-1e6d-f011-bec2-000d3a5b7c3b	780	Hardy Valentin	M	M18-24	93	14:37:14	1:23:39	0:07:52	7:31:41	0:10:38	5:23:23	Unknown	
75adad4a-bdf3-ef11-9341-6045bd05011a	781	Conor O'Brien	M	M25-29	174	14:37:59	1:33:50	0:12:15	8:03:33	0:09:33	4:38:49	IE	
815c52e1-7aab-4d15-9414-116e96c730af	782	Jules Chesneau	M	M25-29	175	14:38:22	1:37:20	0:11:04	8:02:03	0:07:35	4:40:20	FR	
c0d66e56-4b56-4815-9b36-05170b762480	783	Michaël Touati	M	M35-39	83	14:39:16	1:24:25	0:12:53	7:34:20	0:09:40	5:17:57	Unknown	
7c146628-81d0-f011-bbd3-000d3a3173b5	784	Pierre-Yves Burgaud	M	M55-59	33	14:40:11	1:41:57	0:10:16	8:09:08	0:07:53	4:30:57	FRA	
ea14d3ee-4ea7-f011-bbd3-000d3a5b7c3b	785	Giles Wright	M	M30-34	137	14:42:59	1:14:27	0:09:51	7:52:02	0:05:21	5:21:19	GB	
9a3c7a86-575e-f011-bec2-6045bd05f634	786	Quentin Palmisano	M	M25-29	176	14:43:05	1:51:06	0:13:45	7:33:19	0:07:31	4:57:24	Unknown	
2fd0b6c4-bd22-4440-a85c-722746541cb8	787	Massimiliano Arcieri	M	M50-54	40	14:43:43	1:24:17	0:12:05	7:59:48	0:10:18	4:57:15	IT	
add8629e-6367-ed11-9562-000d3a314c24	788	Elsa Dumont	F	F25-29	24	14:43:51	1:33:05	0:09:13	7:11:32	0:06:57	5:43:03	FR	
da958d22-c8f7-40e5-ba28-88eda57c62dc	789	Noora Monte	F	F40-44	13	14:44:00	1:26:56	0:06:38	7:55:00	0:07:18	5:08:07	FI	
26fd7cbd-7e1a-4f75-94e6-2af99851df20	790	Kyrian Parent	M	M30-34	138	14:46:37	1:06:50	0:11:46	8:15:56	0:06:17	5:05:49	Unknown	
22133681-fbd4-ef11-8ee9-6045bd088264	791	Bastien Moynat	M	M25-29	177	14:46:39	1:18:13	0:12:06	7:40:02	0:10:03	5:26:15	Unknown	
ef8ce56d-cb8b-4a32-ab54-d3b66cf6c6e2	792	Payam GANDJIZADEH	M	M35-39	84	14:47:24	1:23:08	0:09:35	7:15:30	0:08:12	5:50:58	fra	
5173aeab-7876-ee11-8179-0022480acaa6	793	Reijer Assink	M	M30-34	139	14:47:57	1:16:00	0:09:14	8:25:05	0:07:41	4:49:57	NLD	
af2fc2cf-46c8-ef11-b8e9-000d3a5a1803	794	Erynn Palmer	F	F18-24	12	14:49:08	1:06:58	0:09:37	7:39:13	0:10:15	5:43:05	GBR	
41d8f196-c82d-4b5c-8117-9362ae1c9648	795	Pierpaolo Zeni	M	M55-59	34	14:49:32	1:24:52	0:08:16	7:28:25	0:14:39	5:33:19	GB	
0f2d11bd-0658-f011-877a-002248098cfa	796	Thomas Loquen	M	M18-24	94	14:49:39	1:18:32	0:08:31	7:27:11	0:07:11	5:48:14	Unknown	
d0ef714a-94a3-f011-bbd3-000d3a5cf7d8	797	Bastien Ivars	M	M30-34	140	14:49:55	1:27:46	0:15:12	7:38:34	0:09:29	5:18:54	FR	
8575a616-01be-4d45-b78e-388b51cab9e8	798	Chia-Hsien Hsu	M	M45-49	54	14:50:18	1:45:16	0:10:15	7:32:48	0:09:27	5:12:32	TW	
93c607d9-1fd2-f011-8543-6045bd01e87a	799	Jérémie Petit	M	M30-34	141	14:50:30	1:32:47	0:13:51	7:36:48	0:08:42	5:18:22	Unknown	
d19760c3-d05e-44c3-bfef-42675a1f98c9	800	Didier Schellemans	M	M55-59	35	14:51:01	1:33:03	0:11:28	7:36:15	0:10:18	5:19:56	Unknown	
26672596-0b93-f011-b4cc-000d3a35ffc1	801	Maxime Hérauville	M	M40-44	67	14:51:06	1:16:46	0:09:42	6:23:32	0:08:37	6:52:29	Unknown	
3d8cc621-68d9-e911-a97c-000d3a3740b7	802	Jérôme Parenton Maridet	M	M45-49	55	14:51:55	1:23:29	0:08:23	7:50:49	0:08:01	5:21:13	Unknown	
c3451442-15c9-ef11-b8e9-6045bd048089	803	Maxime Travers	M	M35-39	85	14:52:07	1:23:00	0:13:45	7:39:21	0:08:03	5:27:58	FR	
a0f81c04-a9ad-f011-bbd3-6045bd05fcc1	804	Viktor Andersen	M	M18-24	95	14:52:30	1:55:15	0:16:46	6:55:43	0:06:38	5:38:09	DK	
61d5249e-73cf-ef11-b8e8-000d3a5a403c	805	Ella Espling	F	F25-29	25	14:52:37	1:36:19	0:09:04	7:38:55	0:08:11	5:20:08	SWE	
5896bdc5-33a8-4485-a8de-6874f383f16a	806	Becky Day	F	F30-34	21	14:53:36	1:18:54	0:09:22	8:15:25	0:09:10	5:00:44	gbr	
4dd78cd9-0d07-48e2-b2c0-f4f607d196ee	807	Fabrice Joachim	M	M50-54	41	14:54:15	1:35:40	0:13:24	7:10:00	0:15:53	5:39:18	FR	
0a88b315-4e37-4dee-b116-4001e5c09640	808	Rachid Lefheiel	M	M40-44	68	14:54:21	1:39:01	0:13:10	8:34:12	0:08:18	4:19:40	fra	
2dd65486-afed-4219-8adb-361c105f2537	809	Maxime David	M	M30-34	142	14:54:59	1:23:05	0:10:11	7:03:34	0:07:24	6:10:46	FR	
ba95a280-461f-4585-9ec3-b3fb5b751d07	810	Sarah Glynn	F	F40-44	14	14:55:04	1:20:30	0:10:05	8:21:04	0:08:27	4:54:59	GB	
a633bb47-b203-44b4-9211-25e7016a70bf	811	Guillaume Retif	M	M50-54	42	14:55:23	1:44:49	0:14:06	7:44:46	0:07:31	5:04:11	fra	
d79b2ca4-cccf-f011-bbd3-000d3a5b50ba	812	Martin Sebban	M	M25-29	178	14:56:48	1:25:12	0:10:05	8:01:33	0:12:48	5:07:10	FRA	
f8841329-65d0-f011-bbd3-6045bd05fcc1	813	Ethan Murphy	M	M18-24	96	14:56:53	1:24:46	0:17:11	8:04:16	0:09:31	5:01:09	GBR	
8b97d3bd-6989-f011-b4cb-000d3a30a38f	814	Jack Magee	M	M40-44	69	14:57:10	1:21:02	0:13:51	8:26:30	0:10:46	4:45:02	gbr	
7ea3b789-6d2a-4242-815c-70c97de12e08	815	Manon Vandemeulebroucke	F	F30-34	22	14:57:32	1:26:44	0:14:28	7:47:04	0:06:55	5:22:23	FR	
f3aec0c1-a989-f011-b4cb-000d3a30a38f	816	Matthew Downes	M	M45-49	56	14:57:33	1:34:45	0:09:53	8:15:12	0:08:12	4:49:32	GB	
8f8f118c-0758-f011-877b-6045bd09951e	817	Laura Valbousquet	M	F40-44	15	14:57:47	1:36:02	0:10:10	7:58:42	0:07:32	5:05:22	Unknown	
cdb99adc-5c14-f011-998a-000d3a5b7c3b	818	Beth Hargreaves	F	F30-34	23	14:57:51	1:10:28	0:12:52	8:34:34	0:11:05	4:48:52	GB	
0517a994-666b-4a61-bf66-f7d4e9f3bc4d	819	Andrea Hick	F	F60-64	1	14:58:22	1:46:45	0:13:41	7:40:16	0:07:28	5:10:12	DE	
5b5452d8-158d-4a97-9466-056e9ffbc2df	820	Ludovic Montastruc	M	M50-54	43	14:58:38	1:20:43	0:09:12	7:18:40	0:08:05	6:01:57	FR	
422ab87b-9864-48da-8984-4b4973389b76	821	Aaron Montgomerie	M	M40-44	70	14:59:27	1:34:16	0:12:06	7:43:17	0:08:17	5:21:31	GB	
ed60694a-1f58-f011-bec1-000d3a5942b7	822	Clémence Gallo	M	M25-29	179	15:00:03	1:10:37	0:14:14	7:37:10	0:10:36	5:47:26	Unknown	
e7531341-cfc6-f011-bbd3-000d3a3173b5	823	Tiana Milosevska	F	F18-24	13	15:00:13	1:42:08	0:08:35	8:12:50	0:04:30	4:52:10	DEU	
27470a39-2d0c-4d8d-9576-109647bc2a6d	824	Fabien Roussel	M	M40-44	71	15:00:30	1:18:55	0:12:29	7:25:56	0:09:44	5:53:26	US	
6f0559b1-e5cb-4bb8-99ef-91a18732a9a0	825	Stephanie Benedetti	F	F40-44	16	15:00:35	1:36:08	0:09:29	7:22:04	0:09:26	5:43:28	fra	
098fda79-e5f4-ef11-9342-000d3a3126fd	826	Geoffrey Hardy	M	M35-39	86	15:01:03	1:11:39	0:17:16	8:06:26	0:09:09	5:16:34	IE	
d85f243e-0fd6-f011-8544-6045bd09951e	827	Benjamin Schmidt	M	M18-24	97	15:01:09	1:24:39	0:11:19	8:05:42	0:06:02	5:13:27	DEU	
7b5059ab-1b57-f011-877b-6045bd05fcc1	828	Allan Monchany	M	M18-24	98	15:01:48	1:25:19	0:08:02	8:03:28	0:06:09	5:18:50	Unknown	
70f5bb72-0558-f011-877a-000d3a5b7c3b	829	Lucas DEMOUSTIER	M	M25-29	180	15:02:12	1:31:01	0:07:48	7:48:55	0:04:36	5:29:52	FRA	
e9e3e6c6-5532-f011-8c4d-000d3a35ffc1	830	Michele Porro	M	M25-29	181	15:02:57	1:27:54	0:10:33	8:05:16	0:10:03	5:09:10	Unknown	
771a57e4-84c9-f011-bbd3-000d3a5b7c3b	831	nathan gray	M	M25-29	182	15:03:22	1:36:53	0:11:31	8:06:23	0:10:43	4:57:51	FRA	
bd6b8404-7e2b-f011-8c4d-000d3a5b50ba	832	Pierre Mourier	M	M18-24	99	15:04:31	1:35:43	0:10:58	8:20:16	0:11:01	4:46:33	Unknown	
293805f5-5063-4f1c-b6bf-ebe898664b38	833	Marine Migeon	F	M30-34	143	15:05:08	1:30:37	0:14:06	8:05:51	0:10:16	5:04:18	fra	
ee300cb0-fb2a-f011-8c4e-000d3a3173b5	834	Patrick Owens	M	M18-24	100	15:05:26	1:33:16	0:13:25	8:10:20	0:12:25	4:56:00	IRL	
10a3bf31-28c1-f011-bbd3-6045bd09951e	835	Simon Schroff	M	M25-29	183	15:05:34	1:28:59	0:12:05	7:29:41	0:13:05	5:41:44	DEU	
fa21279c-49c8-ef11-b8e9-000d3a5a1803	836	Natasha Jelley	F	F30-34	24	15:05:37	1:20:40	0:08:39	7:46:26	0:10:14	5:39:38		
31955d51-8789-f011-b4cc-000d3a5b7c3b	837	Stephane Gaudin	M	M50-54	44	15:05:48	1:42:12	0:11:10	8:05:48	0:08:56	4:57:43	FR	
fdbe9f1d-c18f-f011-b4cc-000d3a5b50ba	838	Christian Aboud	M	M35-39	87	15:08:33	1:20:33	0:08:19	8:12:39	0:04:05	5:22:56	FR	
ae2979f1-6973-4bcc-befc-b8b441b913ed	839	Maxime Cabiron	M	M45-49	57	15:09:29	1:25:16	0:10:35	7:24:50	0:09:33	5:59:15	fra	
f74938b0-8b50-46ef-8025-cf109bf17e1c	840	Paul ROCHAS	M	M25-29	184	15:09:29	1:24:02	0:09:22	7:03:07	0:06:13	6:26:45	FRA	
ee8d7814-9289-f011-b4cc-000d3a35ffc1	841	Geoffrey ANDRES	M	M25-29	185	15:10:25	1:44:05	0:08:18	8:00:33	0:07:51	5:09:38	FR	
bc8122e3-99dd-f011-8544-000d3a5b50ba	842	Julius Härkki	M	M25-29	186	15:10:28	1:48:22	0:09:18	8:17:54	0:06:18	4:48:36	FIN	
265963c4-7d9f-46d3-b559-2739440f82fa	843	Jason Parker	M	M55-59	36	15:11:10	1:29:52	0:10:33	7:20:21	0:06:45	6:03:40	gbr	
6eaddde9-fd1c-4db6-8319-b7d6131783f0	844	Steven Kell	M	M40-44	72	15:11:44	1:26:55	0:16:41	8:14:38	0:09:17	5:04:13	GB	
75021ea5-83ff-482f-adab-17d83658a6ee	845	Bart Vangeel	M	M60-64	12	15:11:47	1:22:27	0:07:57	8:11:19	0:09:41	5:20:24	bel	
8f97db40-3a6f-ef11-a671-6045bd0953ac	846	SOPHIE TAPIA	F	F35-39	16	15:13:12	1:32:33	0:09:40	8:09:20	0:16:52	5:04:47	fra	
80381d70-395f-ef11-bfe3-6045bd0953ac	847	Florian Saintot	M	M25-29	187	15:13:13	1:28:29	0:13:10	8:07:33	0:14:44	5:09:17	Unknown	
47160375-3492-47b5-ba08-6e4ca395de59	848	Thomas Le Tallec	M	M30-34	144	15:13:46	1:22:04	0:07:16	8:05:16	0:07:03	5:32:06	FR	
2400ca7e-0ed4-f011-8543-6045bd05fcc1	849	ZAKARIA DEZZAZ	M	M30-34	145	15:15:21	1:36:24	0:11:19	7:59:50	0:08:58	5:18:49	FRA	
628f1fcd-2dba-f011-bbd3-6045bd09951e	850	Romain Pomarelle	M	M35-39	88	15:15:29	1:39:51	0:17:47	8:08:37	0:11:13	4:58:01	FRA	
e8c09ed6-429e-4300-9715-f76b2a05ccd4	851	Thomas Soudain	M	M25-29	188	15:16:51	1:28:00	0:08:38	8:04:52	0:12:25	5:22:55	FR	
cf3e4dcb-507a-4788-af7f-19fde2c730f5	852	Anne Muth	F	F25-29	26	15:18:31	1:19:39	0:07:50	8:15:05	0:09:23	5:26:34	DEU	
f032bb62-0980-f011-b4cc-000d3a5b7c3b	853	TJ Rowlands	M	M50-54	45	15:19:27	1:20:09	0:13:59	7:41:26	0:11:55	5:51:58	GBR	
e7feaf6e-ab3f-4a63-a606-b51c42223697	854	Peter Overvoorde	M	M65-69	2	15:21:35	1:22:56	0:11:13	7:49:30	0:08:18	5:49:38	GB	
4e08aaab-bc8c-f011-b4cc-0022480a7385	855	Verhaeghe Julien	M	M40-44	73	15:22:27	1:32:34	0:14:19	7:32:13	0:13:37	5:49:44	FR	
8e40e18f-f240-4470-8c80-9367aa41806f	856	Florian Bassetto	M	M35-39	89	15:25:48	1:38:09	0:06:32	7:14:27	0:11:01	6:15:39	FR	
a160a00f-c2d7-47a3-8e27-62048a8b0f92	857	Jörg Saatkamp	M	M60-64	13	15:26:59	2:03:48	0:11:57	7:08:54	0:07:51	5:54:29	DE	
ef5ecc2c-20b0-f011-bbd3-6045bd05f634	858	Maxwell George	M	M18-24	101	15:27:03	1:02:58	0:13:35	7:54:56	0:12:30	6:03:04	GBR	
fb954efc-5598-f011-b4cc-000d3a5c3d6c	859	Premysl Malis	M	M45-49	58	15:27:43	1:41:12	0:14:42	7:51:35	0:15:50	5:24:25	CZE	
e6aff301-640b-ee11-8f6e-000d3a314329	860	Ange Mercoyrol--Dol	M	M18-24	102	15:28:22	1:36:05	0:13:17	8:09:34	0:11:25	5:18:01	FR	
3cd54aed-9b19-405c-9fc5-1ebccdc1f4f1	861	Daniel Thebaud	M	M40-44	74	15:28:25	1:49:02	0:06:43	8:21:28	0:06:23	5:04:50	DEU	
f0e8cb6e-fcb6-ef11-b8e9-002248049fdc	862	Anne Blanchard	F	F25-29	27	15:29:20	1:31:16	0:08:35	8:01:47	0:09:06	5:38:36	LU	
93bf7daf-cf38-f111-88b3-000d3a3067ef	863	Ruben Schlink	M	M30-34	146	15:29:42	1:28:34	0:12:13	7:58:58	0:06:42	5:43:15	nld	
6272f91e-084d-f011-877a-000d3a5b50ba	864	guillaume chauvier	M	M25-29	189	15:30:08	1:34:47	0:13:30	8:24:28	0:07:17	5:10:05	FRA	
651e40a0-7eb4-ef11-b8e8-000d3a5ae96c	865	Sebastian Gessner	M	M35-39	90	15:30:35	1:33:47	0:16:29	7:54:12	0:11:50	5:34:16	Germany	
33da36ae-c996-f011-b4cc-000d3a5b7c3b	866	Fraser Benjamin	M	M30-34	147	15:31:21	1:43:32	0:11:15	8:08:13	0:07:29	5:20:52		
114fe866-9627-4f22-823d-acbf4c42fe94	867	Amanda Criscuolo Church	F	F30-34	25	15:31:48	1:20:55	0:08:41	8:41:47	0:05:57	5:14:28	gbr	
334fd29c-189d-4e54-b4d2-c2d2eb57ff30	868	Thomas Maringues	M	M35-39	91	15:31:57	1:11:42	0:13:54	8:18:31	0:09:34	5:38:17	Unknown	
9fc2bf37-06a1-f011-bbd3-000d3a3173b5	869	Felicia Carendi	F	F30-34	26	15:32:15	1:28:25	0:10:05	8:51:57	0:03:29	4:58:19	GB	
c45d3a04-99ee-43c0-8b79-eefd5122d56e	870	Thibaud Vie	M	M35-39	92	15:34:21	2:02:26	0:09:16	8:01:19	0:13:14	5:08:06	Unknown	
105bf40a-98e1-ef11-8ee9-000d3a592251	871	Craig Scaife	M	M50-54	46	15:34:49	1:20:19	0:15:32	6:42:39	0:14:44	7:01:35	GB	
1fdba15f-bfbc-f011-bbd3-000d3a5b50ba	872	Toby Radbourne	M	M18-24	103	15:34:57	1:45:30	0:09:05	8:30:10	0:06:29	5:03:43	GBR	
486d5b81-f0b8-41a3-9292-1d723adcee71	873	Jérémy Martin	M	M35-39	93	15:35:21	1:43:27	0:13:01	7:58:25	0:10:51	5:29:37	FR	
ab456e7c-22bc-f011-bbd3-000d3a5b50ba	874	Maximiliane Fink	F	F35-39	17	15:35:37	1:34:42	0:10:11	8:24:04	0:08:53	5:17:47	DEU	
e142e356-e079-f011-b4cc-000d3a5b50ba	875	Ruben Sero	F	M25-29	190	15:36:30	1:43:48	0:12:37	8:26:53	0:13:10	5:00:02	Unknown	
f5f6263d-4081-4772-ac55-4bcabf31297c	876	Thibaud Bataille	M	M35-39	94	15:38:22	1:26:57	0:12:07	8:17:04	0:08:08	5:34:06	FRA	
683a7a43-95b1-4776-8bfa-6b69b50b816d	877	Florian Gallo	M	M30-34	148	15:39:00	1:16:56	0:11:28	7:33:40	0:13:13	6:23:44	Unknown	
1597c31d-73a7-f011-bbd3-000d3a5b7c3b	878	Luc Bruchez	M	M18-24	104	15:40:23	1:29:40	0:13:39	8:38:54	0:05:02	5:13:08	Unknown	
81771c00-daea-426e-89ee-2dccc59197fa	879	Pauline Le Vu	F	F35-39	18	15:40:58	1:37:59	0:13:51	8:08:40	0:09:54	5:30:35	GB	
f850dc3e-04ad-f011-bbd3-000d3a5cf7d8	880	Corentin Godart	M	M25-29	191	15:41:13	1:29:04	0:09:59	8:32:39	0:08:48	5:20:43	BE	
35be19bd-05e2-42bb-be5e-96c698ad8789	881	Sebastien Guerin	M	M50-54	47	15:41:45	1:36:53	0:12:42	8:21:12	0:07:51	5:23:08	Unknown	
a400bf15-13f0-42da-8cf3-c26d3c85886f	882	Mélissa Pelikan	F	F30-34	27	15:44:37	1:28:58	0:11:13	8:12:02	0:04:56	5:47:28	FR	
5056f33f-c363-f011-bec3-000d3a3173b5	883	Gilles THOMAS	M	M55-59	37	15:45:28	1:16:34	0:12:12	7:34:31	0:12:18	6:29:54	Unknown	
f5713d65-d0bb-ef11-b8e9-002248049fdc	884	Johann Sage	M	M18-24	105	15:46:01	2:05:09	0:09:18	8:01:23	0:09:36	5:20:35	FR	
d1d44eb0-15a2-f011-bbd3-6045bd09951e	885	Quincy Karman	F	F18-24	14	15:46:15	1:32:55	0:07:28	8:25:07	0:08:04	5:32:42	nld	
df45d1fc-0558-f011-877b-000d3a5c3d6c	886	Marie Hoëdts	M	F30-34	28	15:47:32	1:28:41	0:16:58	8:17:03	0:11:49	5:33:01	Unknown	
a5648eee-e8e4-4819-b481-0e105454248f	887	Cyprien Pernot	M	M35-39	95	15:51:21	1:36:26	0:14:18	8:21:12	0:13:20	5:26:04	Unknown	
f0a16e6b-da6d-f011-bec2-0022480a7385	888	Tobie Legge	F	F30-34	29	15:51:45	1:12:23	0:10:17	8:56:02	0:05:29	5:27:34	Unknown	
f4d16384-66b2-f011-bbd3-000d3a3173b5	889	Leanne McCloskey	M	F40-44	17	15:52:47	1:54:03	0:10:36	8:15:58	0:07:10	5:25:01	GBR	
4e89a007-b875-ef11-a670-6045bd05c1dc	890	Lodoïs SAINT-CIREL	M	M35-39	96	15:54:39	1:30:08	0:10:20	8:29:31	0:07:53	5:36:47	GLP	
8d077763-3a47-45da-ae07-80eda815b90e	891	Jasmin Weeger	F	F40-44	18	15:55:39	1:37:18	0:11:42	8:41:49	0:07:30	5:17:20	DE	
10326692-0079-4fd4-9748-404490453a23	99999	Damian George	M	M50-54	99999	16:01:24	1:09:39	0:20:58	8:27:13	0:12:18	5:51:15	GB	
9a8f0ae1-00a0-4fc9-a5ee-e77de82bd1ff	99999	Des Burke	M	M55-59	99999							GB	DNF
e4876f7d-8590-44a3-b322-f76477cb763c	99999	Cyrille Tuffin	M	M50-54	99999		1:26:54	0:12:36	6:17:01	0:06:52		Unknown	DNF
d51ccdaa-eba2-4aa3-bab6-deacc9808cf7	99999	Alexander Thulin	M	M45-49	99999		1:25:57	0:11:04	7:19:22	0:11:28		swe	DNF
990f886f-7cd2-40d9-b263-582acd96d5ba	99999	Frank Greminger	M	M55-59	99999		1:22:36	0:06:59				deu	DNF
c1413f92-9dc8-4d51-b314-3526821b1527	99999	Tefau Mahiti	M	M30-34	99999							FR	DNS
114b8c8a-2960-f011-bec2-000d3a5b7c3b	99999	Léo Garnier	M	M25-29	99999		1:26:07	0:08:50	7:29:08	1:13:51		FRA	DNF
12bca660-dbae-41eb-a912-4f662194477f	99999	Benoit DESACHY	M	M60-64	99999		1:57:30	0:13:54				FR	DNF
9fe0edf9-eb89-4c42-8754-b9013e0462f8	99999	Ingrid Heroguel	F	F40-44	99999							DE	DNS
af20fdcc-184c-4ab5-af62-81eda091b0dd	99999	Valentin Chesneau	M	M30-34	99999		1:48:10	0:14:18	8:27:23	0:11:27		fra	DNF
3fd03c28-0dee-4342-9e78-54277c2f9d0f	99999	Viet Nguyen	M	M45-49	99999	14:55:43				0:27:15	4:47:20	Unknown	DNF
b895675a-9af1-4068-a4e8-58672be2e6ea	99999	Jochen Meul	M	M40-44	99999		0:57:40	0:06:19	5:59:02	0:06:09		bel	DNF
6334133c-6e39-4dec-9410-6a77aa3f1c98	99999	Claude Cauet Un	M	M60-64	99999		1:23:16	0:09:02				FR	DNF
e986797f-a170-4e89-8549-b6775511ad14	99999	Jean-Hubert Salmon	M	M30-34	99999	16:04:35	1:25:23	0:16:46	8:17:07	0:11:25	5:53:54	FRA	
0749c9cf-5d8c-44e9-8f26-ceb0ffb4c8db	99999	Alex Hopkins	M	M40-44	99999	15:08:17	1:17:21	0:08:14	8:17:35	0:06:55	5:18:12	GB	DNF
b1919313-bfa6-f011-bbd3-000d3a3173b5	99999	Niels Rousseau	M	M18-24	99999		1:32:42	0:18:29				FRA	DNF
bd0e03af-519d-f011-b41c-6045bd09951e	99999	Mattys Billard	M	M18-24	99999		2:05:06	0:06:43				Unknown	DNF
86d8e112-a776-ef11-a670-6045bd04a304	99999	Yann Eveillé	M	M18-24	99999		1:31:28	0:11:10				fra	DNF
f5f683c5-30e3-ef11-8eea-6045bd088264	99999	karim selami	M	M35-39	99999		1:53:38	0:06:08				Unknown	DNF
8da87e04-3c74-414d-9fe4-16aad7fa2870	99999	Tanya Brouwers	F	F50-54	99999	16:05:03	1:21:27	0:08:10	8:40:14	0:07:53	5:47:20	BEL	
5a9e2775-af6a-4a7b-93e2-588c793c75c3	99999	Franck Volterrani	M	M50-54	99999		1:33:50	0:12:21	7:43:15	0:10:58		fra	DNF
143ee658-8a9b-f011-b41c-000d3a5b50ba	99999	Theo Lepere	M	M18-24	99999		1:40:47	0:08:19	3:58:54	0:07:15		FR	DNF
c8cc1261-427f-4d25-a918-f610f83f9665	99999	Thomas Taledec	M	M35-39	99999		1:08:06	0:05:36	6:38:21	0:05:52		fra	DNF
c823d2b6-79c5-f011-bbd2-000d3a5b7c3b	99999	Bart Cael	M	M40-44	99999		1:15:21	0:07:42	6:41:01	0:05:00		BEL	DNF
9b1a4659-2fc5-f011-bbd3-6045bd05fcc1	99999	Christophe Guichemerre	M	M30-34	99999		1:18:54	0:09:07				FRA	DNF
7f5e72aa-bdb6-f011-bbd3-000d3a5b50ba	99999	JERRY QUINTOS	M	M30-34	99999		2:08:12	0:17:44				usa	DNF
6929ecae-21a8-f011-bbd3-000d3a3173b5	99999	Charles Vignon	M	M35-39	99999		2:14:07	0:15:13				FRA	DNF
823e862e-4403-4bc7-af2d-34f1116c3155	99999	JEAN-MARIE CHEVASSUT	M	M55-59	99999		2:04:36	0:15:35				fra	DNF
df11d104-282b-f011-8c4d-000d3a5cf7d8	99999	Fritz Ulrich Kuehnle	M	M35-39	99999		2:04:30	0:10:35	7:54:48	0:06:54		DE	DNF
ba7c1f27-dccd-f011-bbd3-000d3a5b7c3b	99999	Neil Gillespie	M	M60-64	99999		1:18:23	0:10:36	8:17:30	0:09:32		GBR	DNF
a39c0906-e554-479a-a53d-8ff936479014	99999	Fabrice Bonheme	M	M45-49	99999	16:01:17	1:35:44	0:13:33	8:37:30	0:13:00	5:21:30	FRA	
289a4f16-e3d1-422d-8f42-f703eceb76ac	99999	Harrison Bradford	M	M30-34	99999		1:11:34	0:10:33	8:04:41	0:09:56		GB	DNF
f6681057-5d7a-4531-ac6a-a451b5ada158	99999	Michael Vanes	M	M45-49	99999							gbr	DNF
ac3c4b57-e358-4ce9-b657-a45831edde8f	99999	Bertrand Gozard	M	M40-44	99999		1:51:07	0:08:52	8:39:35			FR	DNF
31292759-de74-ef11-a671-6045bd036536	99999	Silje Birgitte Grue Olsen	F	F25-29	99999		1:28:54	0:10:07	8:51:12	0:07:49		nor	DNF
29b611db-84aa-43eb-8b85-0cacac0c13a0	99999	Stéphane Pajot	M	M40-44	99999		1:36:01	0:12:27	8:30:40	0:12:33		FR	DNF
b325d7c0-dd65-43fe-a69e-663ea7158c6c	99999	Enzo Couhe	M	M18-24	99999	14:05:43	1:23:42	0:08:18	6:45:52	0:05:00	5:42:51	Unknown	DNF
33a3b3fa-af8d-f011-b4cc-6045bd05fcc1	99999	ROWAN BAILEY	M	M45-49	99999		1:58:22	0:10:39				GB	DNF
9412dc57-2ed9-407c-a3fa-453b73176916	99999	Geoffrey Tisserand	M	M35-39	99999		1:06:55	0:05:06				FRA	DNF
e3c73f9d-811b-43a2-a8d7-ade3d7e4966b	99999	Christophe Pithon	M	M50-54	99999							FR	DNS
d376a41a-2450-43a5-a5ac-753191d622e6	99999	Laurent Lazarowicz	M	M55-59	99999		1:11:51	0:07:07	6:16:39	0:06:15		Unknown	DNF
fb3dca66-2ab8-f011-bbd3-000d3a35ffc1	99999	Emmi Heindl	F	F18-24	99999		1:46:49	0:11:45				DEU	DNF
22f87f53-2383-ef11-ac21-000d3a5b3d07	99999	Joram Van Den Heuvel	M	M18-24	99999		1:44:50	0:09:07				nld	DNF
696b6f72-fee1-ef11-8eea-000d3a3126fd	99999	daniil Nedoshovenko	M	M18-24	99999	13:45:31	1:25:44			0:58:03	5:03:21	Unknown	DNF
b288bdce-ac2a-4d5c-94fd-a95d32ae24c2	99999	Devon Stone	M	M30-34	99999		1:05:43	0:08:17	6:16:37	0:06:40		GB	DNF
53c95209-199c-4b13-a125-e225c0688956	99999	Pierre Ameglio	M	M35-39	99999		1:12:32	0:06:33	6:10:29	0:06:35		FR	DNF
bb7383c3-b349-ef11-a317-0022480acc6c	99999	Maxime Coisy	M	M30-34	99999		1:18:36	0:08:55	8:10:34			FRA	DNF
678e9a94-8f8a-470b-b5fe-d17cda5d774f	99999	Matis Stein	M	M60-64	99999		1:40:21	0:17:32	8:22:01	0:09:32		DE	DNF
ee507dd0-7d51-4854-833f-2bb6f2e19051	99999	Alberto Teodori	M	M30-34	99999		1:04:39	0:05:12	5:49:19	0:03:56		ita	DNF
39c74dfe-fa1e-4564-8954-08ca23a5b4a3	99999	Julia Esther Jones	F	F65-69	99999		1:32:48	0:12:59	8:56:30			IT	DNF
b91e1f4a-cc70-43d5-9418-8732362c35c2	99999	Francois Djian	M	M60-64	99999		1:36:07	0:11:43	8:28:06	0:05:15		fra	DNF
19015cc2-0ebb-41a5-865c-a14c520fa196	99999	Michiel Van Thienen	M	M50-54	99999							bel	DNS
630b4b96-2e04-47af-9df5-480f010eac6a	99999	Detlef Redante	M	M55-59	99999							deu	DNS
e56e300d-8986-f011-b4cc-000d3a5b50ba	99999	Loic Richard	M	M30-34	99999		1:17:30	0:06:48	7:10:20	0:07:07		FRA	DNF
942e30ac-2a41-428a-80af-b97daf7d67ec	99999	Philippe Binacchi	M	M65-69	99999		1:37:37	0:18:38	8:42:54	3:39:48		Unknown	DNF
6b3b02a4-b593-428c-928b-21718cefa61b	99999	John Criscuolo Church	M	M30-34	99999		1:04:20	0:06:44				gbr	DNF
86b2dd12-87b5-f011-bbd3-0022480a7385	99999	Jake Lowe	M	M18-24	99999		1:32:17	0:13:25					DNF
b108ca62-84ac-ef11-b8e8-6045bd088264	99999	Matthijs Van der Graaf	M	M35-39	99999		1:01:42	0:05:31	5:28:34	0:02:30		NLD	DNF
f6ea0692-8a7e-f011-b4cc-000d3a5b50ba	99999	Chris Prince	M	M30-34	99999		1:40:27	0:11:37				GB	DNF
87ab9f04-ce4c-4733-8d5e-c27372264497	99999	Médéric Pion	M	M45-49	99999		1:05:50	0:05:31	5:39:29	0:04:04		FR	DNF
e9a698a1-d449-4b98-8b2c-48d093c18ba5	99999	Anne-Sophie Hazard	F	F35-39	99999		1:41:14	0:09:47				fra	DNF
ce8428fc-0f63-ef11-bfe3-00224808301f	99999	Yannick Jestin	F	M25-29	99999							fra	DNS
d47c9f2d-d2d8-470e-8203-173bca835fec	99999	Mark Handley	M	M50-54	99999	16:17:04	1:11:04	0:10:27	8:31:14	0:07:40	6:16:39	GB	
940ddc02-38b0-f011-bbd3-6045bd09951e	99999	Julian Dethoor	M	M25-29	99999		1:13:25	0:07:03				fra	DNF
5f1c8d15-45a0-4787-908f-b5ac2d6cb0ef	99999	Jonas Lechhab	M	M30-34	99999		1:19:42	0:08:56				aut	DNF
34948a96-98b4-f011-bbd3-6045bd05f634	99999	Mohamed Berriah	M	M18-24	99999		1:53:23	0:11:29				FRA	DNF
5ab4f187-b38f-4ba1-9e23-5ca86b0ebfe8	99999	Xavier Plessier	M	M55-59	99999		1:30:42	0:18:46	7:56:09	0:08:23		FR	DNF
45a014d9-9a02-f011-bae2-000d3a3173b5	99999	Ana Camino Lacarte	F	F30-34	99999		1:15:45	0:05:39	6:07:32	0:04:59		esp	DNF
64cef226-1ea2-40f2-b239-5aec5970a5ad	99999	Craig Mullen	M	M35-39	99999		1:46:01	0:08:25	8:19:03	0:11:24		GB	DNF
71fd418b-978a-4539-8135-55eea963085a	99999	Thomas SPRINGER	M	M40-44	99999		1:12:05	0:05:41				deu	DNF
2fac5ec6-15ac-4dfc-9f23-6a03fb5154b8	99999	Guillaume Briffault	M	M50-54	99999							Unknown	DNS
486f20cd-d24d-4423-946b-d592e18f2827	99999	Anthony Lassave	M	M30-34	99999		1:15:35	0:06:09	6:36:50	0:07:49		FR	DNF
e8e2f349-8e89-f011-b4cb-000d3a30a38f	99999	Thibault DELECRAZ	M	M18-24	99999		2:00:58	0:12:02				FR	DNF
d3e09210-4389-49f3-bf45-6b24684a421d	99999	Ben Knowles	M	M35-39	99999							GB	DNF
f3f62627-43d1-f011-bbd3-6045bd05fcc1	99999	Ivan Diamond	M	M50-54	99999		2:05:13	0:22:05				GBR	DNF
16f2b6ed-33b3-f011-bbd3-6045bd05f634	99999	Louis Le Cheminant	M	M25-29	99999		1:12:42	0:07:17				GBR	DNF
5b52d379-578d-f011-b4cc-0022480c097c	99999	Matt Minter	M	M50-54	99999		1:35:51	0:25:50	8:13:25			GB	DNF
a1faabaa-dca2-47ba-8248-6a73e997e169	99999	Ralf Geßner	M	M65-69	99999		1:57:33	0:11:57	7:47:53	0:20:10		Germany	DNF
1643534a-15b0-ef11-b8e9-000d3a5a1803	99999	Martina Bolli	F	F40-44	99999		1:35:21	0:09:29	8:30:59	0:07:42		CHE	DNF
b08e1f21-8889-f011-b4cc-0022480a7385	99999	Lode Nolf	M	M40-44	99999		1:21:28					bel	DNF
335c8afc-7b05-4ea4-8b14-5a4db6855b2a	99999	Mark Wilson	M	M55-59	99999		1:19:46	0:10:14	6:47:21	1:05:14		NLD	DNF
3eff5702-10d8-4337-91d2-496fad7bd586	99999	Julien Papuga	M	M45-49	99999		1:28:05	0:08:25	9:16:17			FR	DNF
ef47e771-6285-428e-a8b2-5eed316bb4db	99999	Thomas Kilian	M	M65-69	99999		1:30:27	0:12:21	8:05:30	0:06:29		DE	DNF
36d53e9a-467b-ef11-a670-002248049fdc	99999	Povilas Adomas LIMONTAS	M	M25-29	99999								DNF
e27d148c-1719-451d-90e6-6549111aa576	99999	Veronique Gourgeon	F	F50-54	99999							fra	DQ
3ea84227-c5b5-f011-bbd3-0022480c097c	99999	William Passignat	M	M25-29	99999		1:07:29	0:04:25				fra	DNF
6f7a6638-b8cb-4337-96ea-f864bb10ff2e	99999	Martijn Dost	M	M40-44	99999		1:29:13	0:10:18	8:41:17	0:11:59		NL	DNF
7130cfff-6681-ef11-ac21-000d3a338a3c	99999	Hugo Ferchaud	M	M18-24	99999		1:32:13	0:08:27	7:33:13	0:05:27		fra	DNF
559539c1-1cb3-423f-a21d-cb2b4ad0bad0	99999	Hugo Ecija Bernal	M	M55-59	99999		1:01:11	0:05:31	6:07:36	0:04:58		esp	DNF
91d4f1c5-092f-f111-88b3-0022480b3ee9	99999	Eva Lemarchand	F	F40-44	99999		1:34:00	0:18:15	8:01:41	0:12:41		FRA	DNF
de2546de-109f-4325-8ec4-0004525d1c84	99999	Feng Yang	M	M45-49	99999		1:49:58	0:09:24				CN	DNF
f8d4da2d-0558-f011-877a-0022480c097c	99999	Gregory Ver Eecke	M	M30-34	99999	12:09:58	1:17:11	0:06:33	6:23:16	0:05:29	4:17:27	Unknown	DNF
c2505a13-a79c-f011-b41c-000d3a35ffc1	99999	Andrew Pressner	M	M18-24	99999							CH	DNS
29a58e1d-03b8-f011-bbd3-000d3a3173b5	99999	Ben Kew	M	M30-34	99999		1:15:46	0:08:43				GBR	DNF
8b5e5aa4-cf65-469a-9df2-d161dc5f3ab6	99999	Enrica Ferrini Tinguely	F	F55-59	99999		1:38:44	0:10:26	8:19:04	0:12:04		CH	DNF
6b450a93-1a9b-4957-be0d-5ad0ed970c79	99999	Aurore Simons	F	F30-34	99999		1:18:29	0:05:57				FR	DNF
df11d104-282b-f011-8c4d-000d3a5cf7d8	99999	Fritz Ulrich Kuehnle	M	M60-64	99999							DE	DQ
19039eec-d193-f011-b4cc-000d3a5b50ba	99999	Remco Schrans	M	M30-34	99999		2:05:07	0:19:42	8:12:35			NLD	DNF
