ContactId	Overall_Rank	Name	Gender	Division	Div_Rank	Total_Time	Swim	T1	Bike	T2	Run	Country	Status
c49943da-be3f-421e-8855-06a430ecb99b	1	Emil Holm	M	MPRO	1	3:34:34	0:22:25	0:02:44	1:54:32	0:01:22	1:13:31	DNK	
94448416-23eb-492a-861e-c9a184b620d5	2	Leonard Arnold	M	MPRO	2	3:37:19	0:23:47	0:03:07	1:57:22	0:01:22	1:11:40	DEU	
da69b1ae-5cdb-4910-a7a2-0beafc3fa4dd	3	Janne Büttel	M	MPRO	3	3:38:36	0:23:17	0:02:38	1:55:37	0:01:11	1:15:53	Germany	
2a81ccc7-31b2-4e7c-b8f5-282d48ae5f30	4	Arthur Serrieres	M	MPRO	4	3:38:55	0:23:29	0:02:58	1:59:02	0:01:35	1:11:51	FR	
4828e5db-7595-f111-8075-0022480b35b6	5	Michal Oliwa	M	MPRO	5	3:39:09	0:22:25	0:02:53	1:58:12	0:01:31	1:14:08	Poland	
50ba4cc4-fabd-e911-a985-000d3a35f53a	6	Emmanuel Lejeune	M	MPRO	6	3:39:54	0:23:27	0:02:49	2:00:29	0:01:38	1:11:31	bel	
ac0811cb-0fb6-461f-b158-7d3129e50776	7	Jacek Krawczyk	M	MPRO	7	3:40:43	0:24:39	0:02:51	1:56:41	0:01:27	1:15:04	PL	
2b46280b-0781-f111-ab0f-0022480a5755	8	Dorian Horsten	M	MPRO	8	3:42:20	0:23:12	0:02:47	1:56:09	0:01:57	1:18:15		
52d6df4f-3d86-4fd2-bcfb-a67a011711ee	9	Louis Buttrick	M	MPRO	9	3:43:04	0:23:21	0:03:00	1:59:06	0:01:51	1:15:44	United Kingdom	
6ea51b12-5f98-466d-95de-e9a0d6a9c6ef	10	Mathieu Merland	M	MPRO	10	3:43:16	0:23:29	0:02:58	1:59:36	0:01:27	1:15:46	France	
ed584577-5be3-4eb5-b888-55631ce13604	11	Filip Szymonik	M	MPRO	11	3:48:35	0:24:44	0:02:50	2:03:52	0:01:39	1:15:30	POL	
d9d66ed5-89f8-424b-b22a-74f9f2d8b3fc	12	Gabor Faldum	M	MPRO	12	3:49:04	0:23:16	0:02:48	2:00:16	0:01:50	1:20:54	Hungary	
76c479a2-4e7b-ea11-a812-000d3a5a1bfb	13	Kuba Maliszewski		MPRO	13	3:51:15	0:23:21	0:03:11	1:59:30	0:01:41	1:23:32	PL	
218949dc-b9bc-4501-9595-b520508e048a	14	Milosz Sowinski	M	MPRO	14	3:53:17	0:23:33	0:03:03	1:58:49	0:01:51	1:26:01	Poland	
85f4b62f-b56d-4b53-82be-785419a76458	15	Oliver Waymark	M	MPRO	15	3:53:27	0:24:45	0:03:28	2:05:32	0:01:43	1:17:59	GB	
db6ad87a-bba9-ec11-983f-000d3a31c120	16	Thomas Vandeperre	M	M30-34	1	3:56:03	0:26:11	0:03:30	2:06:12	0:01:52	1:18:18	bel	
876e416d-fdbd-4d87-91ce-d90db9615c30	17	Gediminas Pajeda	M	M35-39	1	3:56:11	0:28:19	0:03:23	2:02:16	0:01:32	1:20:41	ltu	
083b862a-4318-4b4e-bdee-3bd02f72f066	18	Jean-Vincent Vallee	F	M30-34	2	3:56:38	0:25:20	0:03:19	2:01:10	0:01:46	1:25:02	Unknown	
1c56a0ae-a371-495a-a038-83d182f3e01b	19	Bastien Poupelain	M	M35-39	2	3:59:01	0:26:51	0:03:13	2:07:59	0:01:33	1:19:25	fra	
12d9dfab-7518-410c-a597-03cdbee1d4f2	20	Rafael Turtera	M	M25-29	1	3:59:53	0:25:44	0:04:14	2:08:06	0:02:00	1:19:50	DEU	
5a1b0a3a-1a04-f011-bae2-000d3a5b50ba	21	Maxence Castel	M	MPRO	16	3:59:55	0:25:10	0:03:24	2:02:59	0:01:39	1:26:43	ES	
0cfc41c9-5fc3-44c7-90b4-b00a0b3ad157	22	Maciej Skornicki	M	M30-34	3	4:00:20	0:26:53	0:03:30	2:07:24	0:01:41	1:20:53	Poland	
90eef229-5242-4f2e-9a1b-d72fadb84619	23	Brecht Roelans	M	MPRO	17	4:00:35	0:23:32	0:03:35	2:10:19	0:01:40	1:21:30	BE	
849d9e57-fce3-4aac-97e5-091b993bf792	24	Xabier Tijero	M	MPRO	18	4:03:27	0:27:27	0:03:13	2:10:34	0:02:10	1:20:04	ESP	
ce321e94-75ba-f011-bbd3-000d3a3173b5	25	Radoslav Lajevski	M	M30-34	4	4:03:51	0:29:25	0:03:23	2:09:11	0:01:48	1:20:05	Lithuania	
3eac0d2e-13ac-47ae-8a58-0c9b8c65af72	26	Jannes Wolf	M	M18-24	1	4:04:16	0:28:37	0:03:35	2:05:59	0:02:10	1:23:55	deu	
515a5c44-33b6-4ca0-81e2-54f3ead8e682	27	Dziugas Zarauskas	M	M25-29	2	4:04:52	0:30:08	0:04:20	2:08:04	0:01:58	1:20:22	ltu	
720c71b6-36ee-eb11-bacb-00224808ebcb	28	Pawel Mitrus	M	M30-34	5	4:05:09	0:28:24	0:03:53	2:05:27	0:02:10	1:25:15	pol	
60e4a3ec-5993-4184-a4fd-178c929210d5	29	Agnieszka Gadomska	F	FPRO	1	4:05:41	0:27:05	0:02:57	2:14:15	0:01:32	1:19:51	POL	
29c0d065-ef7e-f111-ab0e-70a8a59b0458	30	Mateusz Majak	M	MPRO	19	4:06:54	0:24:47	0:03:03	2:16:02	0:01:36	1:21:27	Poland	
7fc663e4-088c-42dd-bd69-93de74716b9e	31	Mattes Kuntermann	M	M18-24	2	4:08:12	0:27:04	0:03:32	2:15:35	0:03:23	1:18:39	DE	
59991b8e-6041-424a-aa0e-be01429a47cb	32	Sujay Shalawadi	M	M30-34	6	4:08:36	0:28:41	0:04:05	2:13:49	0:02:33	1:19:27	dnk	
b5dfe709-75ba-f011-bbd3-000d3a5cf7d8	33	Wojciech Parcheta	M	M25-29	3	4:08:40	0:29:26	0:03:40	2:09:22	0:01:45	1:24:28	Poland	
38a35822-da6c-4bff-8e45-59d878c39c32	34	Jenny Jendryschik	F	FPRO	2	4:09:01	0:27:06	0:03:32	2:10:19	0:01:40	1:26:24	Unknown	
166daa1d-49b1-4a38-b6c7-b0e4a99137f4	35	Jonathan Pedersen	M	M25-29	4	4:09:09	0:29:26	0:03:35	2:09:45	0:01:51	1:24:33	DK	
82964c55-8d91-4b11-97ef-d854b8d7d7ee	36	Lukas Ries	M	M25-29	5	4:09:36	0:28:04	0:03:48	2:05:39	0:01:55	1:30:09	nld	
31ea6516-7582-f011-b4cc-6045bd09951e	37	Almog Elazary	M	MPRO	20	4:10:21	0:23:13	0:03:05	2:25:49	0:01:32	1:16:42	ISR	
267f0c90-a94f-41a1-8100-48af66330dcd	38	Carolin Meyer	F	FPRO	3	4:10:35	0:27:07	0:03:17	2:11:23	0:01:36	1:27:13	DE	
6ada2f95-d54c-4f42-932f-218225de3509	39	André Wagner	M	M30-34	7	4:12:06	0:28:54	0:04:08	2:14:11	0:02:11	1:22:41	DEU	
0cd0ce19-c116-4a36-a0ee-7daf86d6744c	40	Jerome Burlet	M	M25-29	6	4:12:23	0:28:19	0:03:47	2:11:01	0:01:57	1:27:18	Belgium	
e9184251-3a23-4abc-9ef1-ec41ced0f0a9	41	Lukasz Lis	M	M40-44	1	4:13:02	0:25:24	0:03:07	2:07:34	0:02:08	1:34:49	Poland	
e2fac1bc-4b62-4a64-9965-a2aaee285a3c	42	Keith Galea	M	M35-39	3	4:13:16	0:27:58	0:04:01	2:14:17	0:01:59	1:25:02	MLT	
7c00bf63-ea89-4908-88b7-3ebff82974d1	43	Henrike Güber	F	FPRO	4	4:13:41	0:30:02	0:03:15	2:08:24	0:01:37	1:30:23	Germany	
11f3f032-0e2a-4d64-b3d3-c5467869b35d	44	Piotr Szczesniak	M	M45-49	1	4:13:51	0:32:28	0:03:26	2:11:31	0:01:49	1:24:37	Poland	
dfd98e14-7086-41a7-b616-238fb9cde574	45	Mateusz Grzybek	M	M40-44	2	4:14:21	0:32:04	0:03:50	2:13:35	0:01:41	1:23:12	Poland	
7bc591de-37a1-f011-bbd3-000d3a5cf7d8	46	Florian Schaar	M	M25-29	7	4:14:31	0:29:26	0:04:08	2:12:18	0:01:33	1:27:06	DE	
145b9228-65a1-406f-a81e-f49aef9e45a5	47	Jonasz Stelmaszyk	M	M40-44	3	4:14:37	0:30:44	0:03:43	2:11:17	0:01:51	1:27:02	Poland	
dd8a8631-c566-499b-9823-af0490de8827	48	Vincent Gottschling	M	M30-34	8	4:14:54	0:31:24	0:04:48	2:12:16	0:01:59	1:24:26	Germany	
18344aa4-df81-f011-b4cc-000d3a5b7c3b	49	Jannik Hilburger	M	M25-29	8	4:15:21	0:28:34	0:04:10	2:10:50	0:01:38	1:30:08	DEU	
da5d5022-146b-f011-bec3-000d3a35ffc1	50	Rikke Bjerg	F	FPRO	5	4:16:03	0:30:51	0:03:22	2:11:13	0:01:46	1:28:51	DK	
795e8fbc-f812-f111-8406-0022480b35b6	51	Mario Radevic	M	M45-49	2	4:17:17	0:29:59	0:04:07	2:11:02	0:02:42	1:29:28	Germany	
3a40368c-04aa-f011-bbd3-6045bd05f634	52	Szadi Zair	M	M30-34	9	4:17:55	0:29:15	0:03:49	2:16:52	0:01:27	1:26:32	Poland	
747c7fd2-162d-4674-8a14-ffae7d905664	53	Lukas Kuntermann	M	M25-29	9	4:18:12	0:28:31	0:03:35	2:09:57	0:02:15	1:33:54	DE	
e0d32355-c545-41dd-82dd-e2a9574188e9	54	Matheus Pontes	M	M25-29	10	4:18:47	0:31:01	0:03:41	2:16:09	0:01:58	1:25:59	lux	
476469df-c635-4590-8c13-3c3788763982	55	Tomasz Sawicki	M	M45-49	3	4:19:25	0:27:08	0:04:07	2:12:16	0:02:07	1:33:48	Poland	
3ed0e97e-0b57-4e1c-a436-d34f18340cec	56	Wojciech Meissner	M	M30-34	10	4:19:50	0:35:58	0:03:49	2:11:23	0:01:58	1:26:42	Poland	
f8eb4600-fbc3-4476-801b-df810a07a13c	57	Karolina Jahnz	F	F40-44	1	4:20:52	0:29:06	0:03:52	2:19:20	0:01:40	1:26:54	pol	
540a0025-7d59-487f-9c56-79e1f60e8053	58	Aleksandra Banbor	F	FPRO	6	4:21:18	0:27:03	0:03:33	2:11:32	0:01:38	1:37:32	PL	
3d34dd9e-f955-4c99-be27-f9271beede30	59	Til Bauer	M	M25-29	11	4:21:42	0:29:26	0:04:53	2:11:51	0:02:00	1:33:32	deu	
e029bf48-b85d-4910-be40-cfbb60ffdc8f	60	Waldemar Nowak	M	M45-49	4	4:21:43	0:29:30	0:04:02	2:12:59	0:01:53	1:33:19	pol	
576dd790-ad60-f011-bec3-6045bd05fcc1	61	Lars Van Bocxlaer	M	M25-29	12	4:21:57	0:31:09	0:03:53	2:15:03	0:01:58	1:29:53	Belgium	
5e6d65f7-40ee-ef11-9342-000d3a5ae96c	62	Matěj Múdrik	M	M25-29	13	4:22:04	0:28:22	0:03:55	2:11:40	0:02:26	1:35:41	Czech Republic	
adf8c650-38da-4a56-8828-d9c014b57d7e	63	Karol Lopata	M	M35-39	4	4:22:04	0:30:02	0:04:09	2:12:50	0:01:57	1:33:05	Poland	
0057982b-082f-4f13-b6cd-0ea20ca10c91	64	Eve Sealy	F	FPRO	7	4:22:51	0:30:26	0:03:45	2:19:52	0:02:14	1:26:34	GB	
c893eaf3-b2d0-4eba-98e9-d6031e39470a	65	Petr Vabrousek	M	M50-54	1	4:23:41	0:28:47	0:06:28	2:11:32	0:02:20	1:34:35	cze	
cfa9ba55-46c5-f011-bbd3-0022480c097c	66	Paul Hilgenstock	M	M30-34	11	4:24:31	0:34:04	0:04:30	2:14:49	0:01:58	1:29:09	Germany	
e49ab9d9-85b4-460e-9e99-97889a4d19cc	67	Tomasz Sliwa	M	M30-34	12	4:24:51	0:32:23	0:03:51	2:16:01	0:02:01	1:30:35	Poland	
074379c2-2a52-f011-877a-6045bd09951e	68	Krzysiek Kowalski	M	M30-34	13	4:24:55	0:32:53	0:03:32	2:16:36	0:01:46	1:30:08	pol	
84ece568-3f5c-f011-bec1-000d3a327e19	69	Robert Schönberger	M	MPRO	21	4:25:11	0:27:43	0:03:13	2:11:12	0:02:23	1:40:40		
1045b352-9bee-4b51-bac0-aac8be7cfd70	70	Jens Frederik Vittrup	M	M30-34	14	4:25:24	0:27:00	0:03:50	2:12:25	0:02:05	1:40:04	dnk	
db98cebe-5f81-ef11-ac21-002248049fdc	71	Victor Buck	M	M18-24	3	4:25:31	0:26:27	0:03:28	2:15:10	0:01:48	1:38:38	dnk	
e304b529-a68b-ef11-ac21-000d3a595b58	72	Julius Ellegaard	M	M25-29	14	4:26:39	0:34:15	0:04:42	2:15:27	0:01:58	1:30:18	dnk	
5388c0bc-4f45-47b4-8417-a3ebd5288aee	73	Piotr Wlodarczyk	M	M45-49	5	4:27:48	0:33:23	0:04:47	2:15:20	0:02:25	1:31:53	POL	
87d318f5-3fdb-4e5e-a177-80bf6f64eb0d	74	Karol Bryla	M	M25-29	15	4:28:04	0:31:20	0:03:53	2:11:44	0:01:38	1:39:29	pol	
500623b6-e2d4-483e-a3ef-80fdd4d0386f	75	Adam Misków	F	M40-44	4	4:28:18	0:37:23	0:04:00	2:12:21	0:02:34	1:32:01	Unknown	
6c24160b-5077-f011-b4cc-6045bd05f634	76	Marc Wiederholz	M	M25-29	16	4:28:26	0:30:59	0:05:13	2:20:49	0:02:40	1:28:45	deu	
e43fd02d-f9ed-4598-81fd-23de563be2e4	77	Ondrej Brokeš	M	M25-29	17	4:28:50	0:36:07	0:03:26	2:16:55	0:02:57	1:29:24	Czech Republic	
651f31b4-d18e-ef11-ac21-000d3a59a9a1	78	Kacper Papiernik	M	M25-29	18	4:29:05	0:35:12	0:03:49	2:17:43	0:01:53	1:30:28	Poland	
a76da5bb-4732-4f21-9548-45166d221e1e	79	Krystian Tomczak	M	M30-34	15	4:29:07	0:32:13	0:03:37	2:16:57	0:01:35	1:34:44	Poland	
a4cde30c-a77d-4905-9367-85c39441a1c3	80	Dawid Różewski	M	M25-29	19	4:29:12	0:31:02	0:04:48	2:19:31	0:02:32	1:31:19	Poland	
56de15c2-0542-f011-b4ca-000d3a5c3d6c	81	Daniel Kroemer	M	M35-39	5	4:29:22	0:33:06	0:05:03	2:18:24	0:02:12	1:30:37	deu	
0c1d534e-7ef8-44cd-9aba-3d491ae63ea1	82	Grzegorz Bednarz	M	M40-44	5	4:29:25	0:33:47	0:04:32	2:19:52	0:01:57	1:29:18	Poland	
a2507d37-f8fb-4270-822b-58624d256d46	83	Marcel Ratzel	M	M35-39	6	4:29:27	0:32:30	0:05:41	2:16:22	0:02:12	1:32:42	deu	
a98dbfa1-667d-4056-9668-b3a1f5257589	84	Adam Jelenek	M	M18-24	4	4:29:49	0:32:19	0:03:44	2:15:15	0:01:41	1:36:50	Czech Republic	
e151b99f-c6ab-4b45-b161-f1afe132c26a	85	Marcin Celmer	M	M45-49	6	4:30:11	0:35:15	0:03:48	2:17:03	0:01:51	1:32:14	pol	
611fb49c-e808-f011-bae2-000d3a5cf7d8	86	Bartosz Cierniewski	M	M30-34	16	4:30:58	0:30:14	0:03:53	2:20:40	0:02:09	1:34:02	Poland	
11c96068-9fe6-45d7-b8d2-a00ddae28e4e	87	Wojciech Wójtowicz	M	M40-44	6	4:31:34	0:29:35	0:03:56	2:11:33	0:02:41	1:43:49	pol	
5e17cb77-831c-f011-998a-000d3a3173b5	88	Matthew Ferris	M	M30-34	17	4:31:39	0:28:39	0:04:41	2:17:02	0:02:34	1:38:43	gbr	
106e1c2e-ed1b-f011-9989-6045bd05f634	89	Seb Porter	M	M18-24	5	4:32:08	0:30:13	0:04:41	2:27:11	0:02:22	1:27:41	AU	
a2f2fefb-92e7-4675-97dc-b90c6bd6e798	90	Barry Keane	M	M45-49	7	4:32:25	0:32:03	0:05:43	2:16:52	0:02:57	1:34:49	gbr	
b36ab1b1-96e7-437b-8ded-f56df9209cb6	91	Bertuzzi Olivier	M	M50-54	2	4:32:26	0:31:35	0:05:29	2:19:29	0:02:07	1:33:46	FR	
284b1fb7-b749-ef11-a316-6045bd07cb96	92	Dennis Dreier	M	M35-39	7	4:32:38	0:34:09	0:05:47	2:10:31	0:02:22	1:39:50	deu	
c4c3aa5e-d52e-ee11-bdf3-000d3a31458d	93	Piotr Dominikowski	M	M40-44	7	4:33:33	0:33:23	0:04:06	2:12:37	0:02:11	1:41:16	pol	
9168cd66-93fc-4173-b201-cd3a4087a905	94	Mantvydas Žilinskas	M	M30-34	18	4:33:48	0:37:16	0:05:51	2:14:56	0:02:54	1:32:50	ltu	
07e862df-c32d-f011-8c4d-000d3a5cf7d8	95	Wojciech Mężykowski	M	M18-24	6	4:35:03	0:32:43	0:04:32	2:26:48	0:01:46	1:29:14	PL	
231f86a7-75f9-4c81-bfd9-22333164fb4d	96	Martyna Lewandowska	F	F30-34	1	4:35:09	0:34:59	0:03:50	2:20:30	0:01:57	1:33:53	Poland	
1241b954-25f4-4f8a-b7da-ea42304223aa	97	David Mantle	M	M55-59	1	4:35:22	0:29:26	0:05:17	2:14:36	0:03:10	1:42:53	gbr	
fbb4d7ce-a94c-4483-be3e-53f1baf6a94e	98	Jonathan Webb	M	M40-44	8	4:35:29	0:27:52	0:03:51	2:23:57	0:02:20	1:37:30	GB	
92b66949-b341-4ace-81a6-8affc6b3f4df	99	Giovanni Bavutti	M	M50-54	3	4:35:33	0:32:49	0:04:48	2:17:02	0:04:01	1:36:53	ita	
a9bf5e91-2af7-49f2-b7e9-2880e0cff2f5	100	Mateusz Grajewski	M	M30-34	19	4:35:58	0:34:14	0:03:54	2:18:44	0:01:35	1:37:31	Poland	
c9179715-a8a2-4980-843e-8ee795fd2bfe	101	David Sladecek	M	M45-49	8	4:36:44	0:32:20	0:04:14	2:20:15	0:03:09	1:36:47	cze	
f336a815-0b87-4ff7-8469-e2fd3db8cecb	102	Raoul Schuler	M	M35-39	8	4:36:53	0:31:41	0:04:47	2:22:26	0:02:17	1:35:42	DE	
ed13364e-31a3-ef11-8a6a-002248049fdc	103	Aurelie Morizot	F	FPRO	8	4:37:01	0:33:46	0:03:28	2:19:32	0:02:11	1:38:05	France	
715ea87e-82b3-f011-bbd3-000d3a5b50ba	104	Patrick Harris	M	M35-39	9	4:37:35	0:33:51	0:05:22	2:24:21	0:03:27	1:30:35		
a6ba95c5-95b2-f011-bbd3-6045bd09951e	105	Konstantin Meier	M	M25-29	20	4:37:56	0:33:16	0:05:18	2:20:40	0:02:12	1:36:31	DEU	
dc994890-76ba-f011-bbd3-000d3a5cf7d8	106	Marcin Burchacki	M	M25-29	21	4:38:14	0:39:21	0:05:23	2:16:10	0:01:54	1:35:26	Poland	
8032b3ca-275d-4088-91dc-a83253fd56a8	107	Mateusz Wójtowicz	M	M35-39	10	4:39:01	0:37:04	0:05:29	2:17:35	0:03:04	1:35:49	pol	
98d2a3f7-821a-f111-8341-0022480b35b6	108	Mattia Mattia Bassignana	M	M30-34	20	4:39:15	0:34:55	0:06:37	2:21:25	0:02:53	1:33:24	Netherlands	
178a8840-5fb6-4fae-82ee-0bc6e9fc5f34	109	Kacper Czarnota	M	M35-39	11	4:39:34	0:33:09	0:04:35	2:27:32	0:01:59	1:32:18	Poland	
a103f5f0-9c3c-4d07-8e2f-ab34e200b990	110	Lars Winkler	M	M45-49	9	4:39:56	0:30:35	0:05:50	2:23:27	0:03:23	1:36:41	deu	
fed17b8c-aef4-f011-8406-6045bd06566a	111	Oliver Safcak	M	M35-39	12	4:40:00	0:31:17	0:04:35	2:22:41	0:02:04	1:39:24	Slovakia	
bdf867ca-ed50-f011-877a-0022480a7385	112	Hubert Kulczyk	M	M25-29	22	4:40:16	0:36:39	0:04:56	2:16:38	0:02:57	1:39:05	POL	
e07fdea6-7728-460b-a050-2715833ed75d	113	Anna Zagórska	F	F25-29	1	4:40:29	0:29:43	0:04:10	2:29:17	0:03:06	1:34:12	Poland	
8b6422e7-74ba-f011-bbd2-000d3a5b7c3b	114	Bartosz Musiał	M	M25-29	23	4:40:44	0:34:41	0:04:28	2:26:48	0:01:58	1:32:48	Poland	
5a043bb1-f8d8-4b22-bd1c-60ebd074326b	115	Sophie Fischer	F	FPRO	9	4:41:21	0:26:18	0:03:43	2:30:05	0:02:23	1:38:52	DE	
0f77ebb2-6d6a-41e3-a80b-03c58171b573	116	Freddie Brook	M	M18-24	7	4:41:23	0:27:02	0:06:53	2:32:13	0:02:45	1:32:30	gbr	
eba614cf-56ab-ef11-b8e8-000d3a5a403c	117	Duilio Paciello	M	M35-39	13	4:41:43	0:31:49	0:05:50	2:20:43	0:02:17	1:41:03	ita	
79b6ca38-13fd-f011-8406-0022480a5755	118	Szymon Wieja	M	M45-49	10	4:42:38	0:27:39	0:04:19	2:29:26	0:02:27	1:38:46	Poland	
5aba294f-2fff-4de4-a0ba-9078296a3fc8	119	Lara Zwiener	F	F18-24	1	4:42:39	0:27:06	0:04:38	2:26:54	0:01:55	1:42:06	deu	
6d50dc4d-8c92-4413-a169-ba3cc8bd025b	120	Jirí Wallerer	M	M30-34	21	4:42:43	0:35:27	0:05:32	2:25:40	0:03:07	1:32:58	Czech Republic	
45a190e6-32df-f011-8543-000d3a5b5fc7	121	András Sinka	M	M30-34	22	4:42:57	0:32:22	0:05:12	2:25:29	0:02:48	1:37:05	Hungary	
9feb91b5-2e38-484f-b12d-de6b601949cb	122	Sebastian Kostrubala	M	M40-44	9	4:43:00	0:39:00	0:05:12	2:10:37	0:02:44	1:45:27	pol	
744d1236-0e92-ef11-ac21-000d3a59a9a1	123	Marcel Kaminiarz	M	M18-24	8	4:43:18	0:29:20	0:03:52	2:26:50	0:01:45	1:41:32	pol	
b413dff5-b9a0-f111-b8dc-7c1e528d5074	124	Adrian Łazowski	M	M35-39	14	4:43:24	0:33:00	0:04:13	2:18:02	0:01:57	1:46:13	Poland	
13782511-6d42-43b0-88e0-816d79a05ba9	125	Marcin Podwysocki	M	M35-39	15	4:43:31	0:28:29	0:04:47	2:20:55	0:02:19	1:47:02	Poland	
e3a1ec4b-bd4a-4009-8531-3e2d755f8d2e	126	Łukasz Górniak	M	M45-49	11	4:43:34	0:33:41	0:06:13	2:18:02	0:02:48	1:42:50	pol	
3f93322f-0333-4ea1-b17a-4aaa48a017eb	127	Tobias Kersten	M	M55-59	2	4:44:03	0:35:20	0:05:11	2:19:08	0:02:52	1:41:32	deu	
46013598-6cba-4963-bfd4-e02305b943af	128	Anna Szczygiel	F	F35-39	1	4:44:06	0:31:40	0:04:43	2:27:17	0:02:18	1:38:08	pol	
bd892ad6-4919-4c1c-93ee-01990b991c26	129	Roman Šinkovský	M	M50-54	4	4:44:10	0:36:41	0:04:52	2:19:19	0:01:58	1:41:20	Czech Republic	
0344204b-6f3a-f111-88b4-0022480994c2	130	Michał Cieślak	M	M18-24	9	4:44:24	0:36:48	0:05:24	2:24:06	0:01:37	1:36:30	Poland	
fcb6f0d2-9ce9-445b-936e-bbb8ecec74af	131	Przemyslaw Rzeczkowski	M	M40-44	10	4:44:36	0:31:10	0:05:28	2:23:07	0:02:39	1:42:11	che	
6743e844-227b-4b78-bf5d-2e6aa13c9476	132	Jan Resek	M	M40-44	11	4:44:44	0:33:07	0:05:14	2:20:48	0:02:52	1:42:43	cze	
c91abfcc-530e-4bf1-8d38-4edf7ade35a2	133	Paulina Prugar Fukowska	F	F40-44	2	4:44:56	0:33:52	0:04:49	2:27:56	0:02:05	1:36:16	pol	
12dd3e7e-0acc-ef11-b8e8-6045bd088264	134	Christopher Schnell	M	M35-39	16	4:45:02	0:31:52	0:04:30	2:23:11	0:02:20	1:43:09	deu	
6bf2982c-5490-411f-b46d-63b9fd4abe32	135	Drew Willis	M	M35-39	17	4:45:06	0:32:14	0:04:39	2:34:05	0:02:25	1:31:43	usa	
6aa0c0dd-5ffd-44b6-b453-47e1f658e634	136	Nick Taylor-Komar	M	M55-59	3	4:45:08	0:34:19	0:05:27	2:21:58	0:02:15	1:41:09	gbr	
e2ad0751-b9bd-f011-bbd3-000d3a5b50ba	137	Piotr Jakubowski	M	M30-34	23	4:45:10	0:34:37	0:05:14	2:28:52	0:02:17	1:34:10	Poland	
c28edddc-c45d-f011-bec2-000d3a3173b5	138	Marvin Gräber	M	M25-29	24	4:45:25	0:34:53	0:04:01	2:20:28	0:02:00	1:44:02	deu	
7f77b768-7d99-f011-b4cc-000d3a3173b5	139	Mikolaj Szelc	M	M50-54	5	4:45:33	0:38:52	0:05:25	2:21:58	0:02:05	1:37:13		
f3b8d9dc-02b0-45d1-af8d-438f13bb1622	140	David Raymen	M	M50-54	6	4:46:02	0:34:04	0:05:02	2:20:40	0:02:06	1:44:10	gbr	
c3563cc1-9592-4fee-b7a6-ed5055549e6b	141	Fabian Rupp	M	M40-44	12	4:46:17	0:36:52	0:05:09	2:17:15	0:02:50	1:44:11	deu	
1010be3c-0954-f011-877b-6045bd05fcc1	142	Mateusz Czerniak	M	M25-29	25	4:46:33	0:31:16	0:04:43	2:27:28	0:02:47	1:40:19	PL	
bcaf53ab-55bf-449e-a38b-7d21938ae225	143	Blazej Kaczor	M	M35-39	18	4:46:37	0:32:09	0:05:50	2:24:42	0:02:30	1:41:26	Poland	
1acd1036-25ce-4323-a2ea-d4d5fd3d290f	144	Efstratia Papadopoulou	F	F35-39	2	4:46:57	0:32:50	0:06:11	2:29:41	0:02:45	1:35:30	grc	
963ecb66-0e3f-47a8-8e5f-aa8d4a69eaf3	145	Michal Kukucz-Legien	M	M40-44	13	4:46:58	0:30:00	0:05:24	2:17:46	0:03:22	1:50:27	pol	
04fc417a-05fd-49d7-8304-a16e55aafbc7	146	Pawel Szkudlarek	M	M25-29	26	4:47:02	0:33:45	0:04:31	2:27:53	0:01:27	1:39:27	Poland	
a00cafdf-8480-4587-85a0-659fe57d0e52	147	Zbigniew Chrzanowski	M	M40-44	14	4:47:16	0:32:12	0:04:31	2:21:11	0:04:09	1:45:13	pol	
f3a3251f-7300-ef11-a1fd-6045bd07328d	148	Matej Koci	M	M30-34	24	4:47:19	0:34:17	0:04:29	2:34:16	0:02:26	1:31:50	SK	
94bb00e0-6621-467e-b86c-d8fadf1c86f0	149	Jaroslaw Sosnowski	M	M45-49	12	4:47:20	0:27:46	0:03:54	2:20:31	0:02:25	1:52:43	Poland	
91b1df7c-8e8c-42ad-8922-c8f2b342ddb8	150	Mateusz Wisniewski	M	M30-34	25	4:48:10	0:31:47	0:04:12	2:24:42	0:02:07	1:45:23	pol	
7a2bfcbe-80ea-f011-8406-00224809f5be	151	Viktor Yatsiuryk	M	M18-24	10	4:48:12	0:36:21	0:06:20	2:30:16	0:03:22	1:31:54	Ukraine	
11c7cf78-7b4d-44c6-9bbe-9718a800977e	152	Dawid Krakowski	M	M35-39	19	4:48:18	0:27:39	0:05:29	2:21:26	0:02:22	1:51:22	Poland	
a215c6c8-55bc-4c97-b0d6-4e5424a8cc66	153	Maciek Marosz	M	M35-39	20	4:48:41	0:48:22	0:04:39	2:12:59	0:03:03	1:39:37	Poland	
e8e0b341-1d34-ed11-9db1-000d3a3385d8	154	Robert Pasiak	M	M45-49	13	4:48:43	0:34:31	0:04:51	2:26:22	0:02:17	1:40:42	POL	
27403d89-2b95-4ed4-8b00-e6046be9c5aa	155	Riccardo Raso	F	M25-29	27	4:49:03	0:29:49	0:04:06	2:23:28	0:02:32	1:49:07	Italy	
edec1a18-5bf9-45ec-8d76-8e9e81907091	156	Frauke Pobric	F	F35-39	3	4:49:04	0:31:50	0:03:58	2:29:48	0:03:03	1:40:25	DE	
9b19155a-028e-4c50-a664-5cdda3db24c9	157	Radoslava Halásová	F	F18-24	2	4:49:10	0:34:04	0:03:45	2:31:04	0:05:49	1:34:27	Slovakia	
8eb733f8-61f8-f011-8406-6045bd06566a	158	Szymon Zmyslony	M	M30-34	26	4:49:11	0:31:34	0:06:15	2:24:27	0:02:19	1:44:38	Poland	
2e6f9d04-2308-4304-bd1d-32aeb05341b0	159	Piotr Hudowicz	M	M30-34	27	4:49:34	0:32:25	0:03:58	2:17:31	0:02:27	1:53:13	pol	
be71024a-98e7-46bd-8355-7b7344b70b8f	160	Tomasz Górski	M	M40-44	15	4:49:36	0:29:42	0:04:23	2:19:03	0:02:56	1:53:33		
311fd024-8505-f111-8406-0022480b3ee9	161	Filip Żok	M	M35-39	21	4:49:41	0:32:09	0:04:53	2:23:38	0:02:27	1:46:34	Poland	
9f30a3bb-705f-4d5c-b28e-47d9d615d71b	162	Patryk Dybal	M	M35-39	22	4:50:02	0:37:59	0:05:31	2:19:18	0:02:15	1:44:58	Poland	
83a0015f-8c1d-4748-9023-e18231b395f0	163	Sarah Thorsen Streit	F	F40-44	3	4:50:14	0:34:38	0:04:46	2:31:25	0:02:34	1:36:50	dnk	
e03d806e-aa94-4c98-a577-0ee4a3bb3c45	164	Jan Drahoš	M	M35-39	23	4:50:36	0:30:15	0:03:59	2:26:01	0:01:49	1:48:32	Czech Republic	
4271b385-fc51-4739-be96-6d21fe2df0d8	165	Brian O Riordan	M	M45-49	14	4:50:36	0:28:32	0:05:21	2:39:53	0:02:19	1:34:31	IE	
3eb29ab8-5454-f111-bec7-0022480b3ee9	166	Maciej Jasiński	M	M30-34	28	4:50:38	0:38:33	0:04:22	2:10:53	0:02:30	1:54:21	Poland	
219fd925-4e38-f111-88b3-6045bd06566a	167	Marian Bendik	M	M40-44	16	4:50:42	0:28:38	0:04:34	2:27:45	0:03:12	1:46:33	Slovakia	
b4d737c2-8c4c-47a5-925f-d191e25e60d0	168	Juan Nicolas Benitez	M	M35-39	24	4:50:45	0:30:33	0:07:00	2:39:34	0:02:30	1:31:08	US	
ab4ca901-0ee5-4899-9c2e-33b25f16c90e	169	Orla Murphy	F	F30-34	2	4:51:02	0:29:25	0:04:52	2:36:42	0:02:49	1:37:13	gbr	
39eee015-0363-4089-89f6-84b16056d0fe	170	Tomas Pucek	M	M40-44	17	4:51:29	0:36:01	0:04:58	2:26:02	0:03:08	1:41:20	svk	
fb3c9e3c-3cbb-f011-bbd2-000d3a5b7c3b	171	Patryk Kurasz	M	M18-24	11	4:51:30	0:39:30	0:06:01	2:34:19	0:02:10	1:29:31	Poland	
be1a75c9-082d-42d9-b5e9-033fb26bcc1d	172	Milan Harnischfeger	M	M30-34	29	4:51:34	0:34:10	0:04:30	2:21:47	0:02:45	1:48:22	CH	
60b08fe5-91c0-47d6-9ff5-e3eaf8a29258	173	Miguel Steinforth	M	M25-29	28	4:51:48	0:28:24	0:05:52	2:26:42	0:02:56	1:47:54	DE	
eacf7e95-c41b-49f3-a335-3c0251a986c8	174	Wytse Vries	M	M25-29	29	4:51:56	0:31:04	0:04:50	2:17:16	0:03:00	1:55:45	nld	
f9714ece-6615-f011-9989-000d3a5cf7d8	175	Ondřej Procházka	M	M30-34	30	4:51:58	0:31:22	0:05:43	2:23:07	0:02:55	1:48:51		
50157768-9dad-ee11-a569-000d3a314329	176	Michal Wójcik	M	M25-29	30	4:52:00	0:39:18	0:06:23	2:13:49	0:02:37	1:49:54	pol	
d9726c0b-d627-f111-8341-6045bd06566a	177	Ross Middleditch	M	M30-34	31	4:52:02	0:35:55	0:04:22	2:30:45	0:02:59	1:38:01	United Kingdom	
58587bc6-35b1-45bc-b6e0-48c752dc5e21	178	Tommaso Bellorio	M	M50-54	7	4:52:02	0:29:07	0:05:24	2:22:01	0:03:09	1:52:20	IT	
059b2249-22c8-4f3b-bb6a-0e86bc383cc5	179	Piotr Szrajner	M	M50-54	8	4:52:05	0:37:12	0:05:10	2:27:38	0:02:13	1:39:52		
da702aa5-79a4-f011-bbd3-000d3a3173b5	180	Antoni Brodzik	M	M18-24	12	4:52:24	0:34:25	0:04:56	2:27:42	0:02:06	1:43:15		
3f8fcf61-b93a-f111-88b4-002248046ec8	181	John Carter	M	M18-24	13	4:52:30	0:35:31	0:06:54	2:27:57	0:04:09	1:37:59	United Kingdom	
58a9360b-80e6-43ea-99eb-e6150f0d52ae	182	Boyan Todorov	M	M35-39	25	4:52:38	0:33:39	0:05:50	2:26:28	0:03:02	1:43:39	Poland	
fb7bf3a5-5ae1-48d4-ba43-de056975b227	183	Jeffrey Brophy	M	M35-39	26	4:52:39	0:35:44	0:04:32	2:26:41	0:02:12	1:43:30	IE	
0ac35c89-3046-f011-877a-000d3a5b50ba	184	Marcin Zieba	M	M30-34	32	4:52:41	0:36:30	0:04:56	2:21:49	0:02:31	1:46:55	pol	
15859c4e-aa98-4c0c-91ea-790601d9381f	185	Michal Kenski	M	M35-39	27	4:52:49	0:38:31	0:04:55	2:20:25	0:02:35	1:46:23	pol	
7bf80100-e6dc-ef11-8eea-002248049fdc	186	Murray Hunter - Bell	M	M18-24	14	4:53:17	0:37:59	0:05:42	2:29:54	0:02:30	1:37:12	GB	
5b0ad582-b60a-42c9-97f1-0152548e3528	187	Mikolaj Jaks	M	M30-34	33	4:53:19	0:37:15	0:05:46	2:27:39	0:02:50	1:39:49	Poland	
13f5a265-a571-453b-b392-52528ad7465b	188	Kamil Pawlowski	M	M30-34	34	4:53:45	0:36:13	0:05:42	2:26:08	0:02:24	1:43:18	Poland	
80fdc1e9-1b02-f111-8406-0022480b35b6	189	Florian Kappel	M	M30-34	35	4:53:51	0:43:11	0:05:40	2:28:58	0:02:29	1:33:32	Denmark	
0c0c4dfd-8e2d-449f-a3e5-6e0571e3385b	190	Fabian Wanner	M	M40-44	18	4:53:52	0:32:21	0:05:10	2:17:05	0:01:57	1:57:20	DE	
d76f408f-7232-ef11-8409-000d3a383830	191	Andrzej Ciepiela	M	M40-44	19	4:54:05	0:38:41	0:05:08	2:24:18	0:02:23	1:43:35	PL	
1b1b46b9-eb6d-ef11-a671-6045bd0953ac	192	Adam Depa	M	M30-34	36	4:54:08	0:35:32	0:04:55	2:18:48	0:03:37	1:51:16	PL	
a1c5b6b2-4370-4c6a-800f-a25b48ac3c18	193	Miroslav Hájek	M	M35-39	28	4:54:09	0:37:10	0:05:58	2:20:43	0:02:04	1:48:14	svk	
40071372-80f3-eb11-94ee-000d3a341363	194	Karol Kocjan	M	M40-44	20	4:54:22	0:36:52	0:04:57	2:26:03	0:02:19	1:44:10	PL	
bedfe749-c421-4bb4-a451-d27754a9663c	195	Adam Rogulski	M	M35-39	29	4:54:29	0:31:26	0:04:06	2:18:58	0:03:00	1:56:59	Poland	
d0da75cf-75a0-ef11-8a6a-000d3a5a1803	196	William Poynton	M	M18-24	15	4:54:30	0:30:10	0:04:41	2:26:48	0:02:49	1:50:02	GB	
c594b62e-1400-41bf-bd5d-2d19f39638f8	197	Wiktor Seba	M	M18-24	16	4:54:55	0:33:37	0:05:45	2:29:15	0:03:11	1:43:07	Poland	
9e2d258d-657a-4e7e-8106-320595a72fe3	198	David Lidstone	M	M18-24	17	4:55:17	0:30:56	0:06:00	2:23:42	0:03:26	1:51:12	GBR	
69a892d6-25b7-4d49-8e59-6c8829fd9fc3	199	Timm Fabian	M	M35-39	30	4:55:22	0:32:00	0:04:01	2:24:07	0:02:29	1:52:45	DEU	
1b4fb34d-6f3a-f111-88b4-0022480b35b6	200	Christopher Krämer	M	M25-29	31	4:55:26	0:40:23	0:05:34	2:28:59	0:02:53	1:37:37	Germany	
b75a9360-3c8f-ec11-b400-6045bd009114	201	Jan Höing	M	MPRO	22	4:55:28	0:58:00	0:06:06	2:12:27	0:04:58	1:33:58	DEU	
ad91d750-9bbc-41cc-b845-d96bf754b211	202	Marcin Buszta	M	M35-39	31	4:55:29	0:34:10	0:05:03	2:18:52	0:03:15	1:54:08	Poland	
fad751de-769e-48ab-b994-bed31b032367	203	Tomasz Pomykala	M	M40-44	21	4:55:38	0:32:23	0:04:33	2:18:36	0:02:53	1:57:12	pol	
3ec3fe25-cfef-f011-8406-00224804c237	204	Pavol Sabo	M	M18-24	18	4:55:46	0:29:48	0:06:51	2:28:13	0:02:30	1:48:24		
202f18ce-ce00-4a7b-ae8b-c6e959c51e98	205	Daniel Kowalikowski	M	M35-39	32	4:55:55	0:33:23	0:04:35	2:27:28	0:02:11	1:48:17	Poland	
edec2883-de77-ea11-a811-000d3a5a1bfb	206	Jakub Szczesniak	M	M30-34	37	4:56:14	0:32:56	0:06:04	2:24:22	0:02:13	1:50:39	Poland	
0641a159-707e-4975-b02a-766493e84898	207	Tomasz Krajewski	M	M45-49	15	4:56:18	0:31:19	0:04:54	2:36:58	0:01:49	1:41:18		
4e12c206-474d-4c80-a528-dbfe00f80dd3	208	Anders Moore Lundell	M	M40-44	22	4:56:26	0:34:43	0:04:23	2:24:20	0:04:23	1:48:37	SE	
1ba085d2-550f-46b8-8781-a0b364c5da75	209	Michal Konewka	M	M25-29	32	4:56:34	0:30:51	0:04:38	2:28:14	0:02:33	1:50:18	POL	
203bfcc6-e5bd-4510-9c3f-f09011609cb2	210	Piotr Kaszkowiak	M	M30-34	38	4:56:57	0:33:43	0:03:46	2:27:22	0:02:02	1:50:04	PL	
a479f961-bc5c-f011-bec2-0022480a7385	211	Tom Vetters	M	M25-29	33	4:57:02	0:33:36	0:04:33	2:34:19	0:01:54	1:42:40	deu	
9e5bb714-d34a-4c71-8bd1-bed97a26612b	212	Slawomir Deren	M	M40-44	23	4:57:12	0:36:31	0:06:01	2:30:07	0:03:56	1:40:37	Germany	
668043c3-c170-48d5-b11e-18f969cf7251	213	Federico Marinone	F	M50-54	9	4:57:17	0:36:32	0:05:40	2:33:32	0:02:18	1:39:14	Unknown	
52f7a851-947a-ef11-a670-6045bd05c809	214	Nicolas Robert	M	M30-34	39	4:57:18	0:32:19	0:05:27	2:25:35	0:02:38	1:51:20	BE	
7e2fe407-360d-f111-8406-0022480a5755	215	Jan Solarz	M	M25-29	34	4:57:19	0:37:25	0:04:59	2:25:27	0:01:46	1:47:43	Poland	
cdc8058c-3d58-4f0d-811c-91959ec53f4b	216	Petr Sara	M	M45-49	16	4:57:25	0:40:16	0:06:16	2:33:43	0:02:48	1:34:21	CZ	
faffa9e5-763e-f111-88b4-0022480b84a3	217	Fridolin Sonntag	M	M18-24	19	4:57:30	0:38:17	0:06:05	2:36:34	0:02:52	1:33:42		
61ab270c-8863-f011-bec3-000d3a3173b5	218	MACIEJ NAZIEBLLO	M	M45-49	17	4:57:37	0:33:26	0:07:12	2:27:10	0:03:53	1:45:55	pol	
0b0ceb74-deb0-4d27-ba4b-6680c392479e	219	Papadavid Dimokritos	M	M45-49	18	4:57:51	0:32:32	0:05:43	2:23:51	0:02:08	1:53:37	cyp	
eb40eb48-f1a6-46fe-b6c2-88dfdc185bbb	220	Marek Soremski	M	M40-44	24	4:58:06	0:38:21	0:05:04	2:35:41	0:02:20	1:36:40	Poland	
cf013de1-375e-40d2-9158-9a827ba32448	221	Oliver Hamilton	M	M18-24	20	4:58:15	0:35:50	0:07:08	2:28:42	0:02:22	1:44:13	GB	
dbf0c714-af94-ef11-8a6a-000d3a338a3c	222	Niall O'Riordan	M	M30-34	40	4:58:19	0:42:00	0:05:13	2:29:01	0:02:03	1:40:01	deu	
70430755-ccdb-464e-b59f-a1e89be737bb	223	Sara Owczarczak-Garstecka	F	F35-39	4	4:59:03	0:32:49	0:05:43	2:27:08	0:01:56	1:51:27	gbr	
1f180fa3-81fc-f011-8406-0022480a5755	224	Karl Lander	M	M18-24	21	4:59:06	0:38:22	0:04:55	2:35:37	0:01:59	1:38:11	Germany	
041e4ccb-9205-4eee-ac4a-cf879a5e0ea4	225	Fabian Filipiak	M	M25-29	35	4:59:08	0:36:46	0:04:19	2:28:07	0:02:08	1:47:48	Poland	
4f5a5d7b-9773-4c01-ae7d-a84074e0e923	226	Andrius Bružas	M	M35-39	33	4:59:09	0:43:31	0:05:06	2:23:42	0:02:53	1:43:57	Lithuania	
8e4d090e-c029-4f02-b3f4-0d845d8aca03	227	Bartosz Dymek	M	M40-44	25	4:59:12	0:32:46	0:04:18	2:34:20	0:02:41	1:45:07	POL	
2b3327fb-b90c-4552-8d3e-ca5a02563cd1	228	Luiz Felipe Mello	M	M40-44	26	4:59:13	0:34:58	0:05:10	2:25:58	0:02:24	1:50:43	Poland	
9615334f-1a06-f111-8406-002248046451	229	Folkert Bergsma	M	M30-34	41	4:59:21	0:32:46	0:06:06	2:20:29	0:02:38	1:57:21	nld	
60b02ce8-9465-46df-97e2-8c72dabb8f1d	230	Karin Van Leersum	F	F35-39	5	4:59:28	0:30:04	0:04:27	2:41:07	0:01:36	1:42:14	NL	
af8ce7d8-fa03-4949-9670-1cbda943b24c	231	Adriano Arcuri	M	M40-44	27	4:59:31	0:34:48	0:05:24	2:29:37	0:03:02	1:46:40	IT	
83ca4b9f-7586-4906-99ae-217fe1e8c894	232	Matthias Friedrich	M	M50-54	10	4:59:39	0:29:49	0:05:26	2:27:12	0:03:38	1:53:35	DEU	
e28391dd-88ae-49d9-8f2f-4a553b6d5b74	233	Jan Havel	M	M40-44	28	4:59:43	0:33:26	0:04:36	2:27:24	0:04:32	1:49:45	Czech Republic	
2d3d4737-93a1-ef11-8a6a-000d3a338a3c	234	Sonja Forstner	F	F35-39	6	4:59:55	0:34:34	0:05:25	2:26:46	0:02:12	1:50:58	Germany	
97cc984f-459a-f111-b8dc-6045bd06566a	235	Szymon Wróbel	M	M30-34	42	4:59:56	0:45:14	0:06:09	2:26:57	0:02:01	1:39:36	Poland	
451ca80b-c82a-f111-88b3-6045bd06566a	236	Bruno FIORE	M	M55-59	4	5:00:04	0:31:27	0:05:49	2:29:28	0:02:26	1:50:54	France	
1cd92462-03f4-46f0-bd25-12de97d73b47	237	Slawomir Pruchniewski	M	M45-49	19	5:00:08	0:33:41	0:04:23	2:27:33	0:02:11	1:52:21	Poland	
043c483d-7600-f111-8406-0022480b88da	238	Christos Priniotakis	M	M25-29	36	5:00:19	0:37:00	0:05:58	2:31:24	0:02:31	1:43:26		
49d72fef-20b5-4d7a-aa01-af734111c1e4	239	Madeleine Budd	F	F30-34	3	5:00:23	0:36:49	0:05:35	2:23:31	0:03:25	1:51:03	gbr	
442199ed-3045-4a17-a8de-8d310bc865e3	240	Jan Bielewicz	M	M18-24	22	5:00:28	0:27:17	0:04:08	2:36:05	0:02:36	1:50:23	Poland	
f368034e-eb8b-ef11-ac21-000d3a5a1803	241	Cristian Luca	M	M45-49	20	5:01:07	0:35:06	0:05:19	2:31:54	0:02:28	1:46:20	ROU	
bb15f034-8fcd-42cb-9030-8cdbcec748ff	242	Kamil Pastor	M	M40-44	29	5:01:10	0:37:07	0:04:29	2:26:55	0:02:19	1:50:20	POL	
da42caf8-6d21-40ac-84f1-b6dda0a06d9e	243	Joanna Żmich-Fórmaniak	F	F50-54	1	5:01:17	0:34:07	0:04:46	2:35:22	0:02:12	1:44:52	POL	
736c4da2-f03d-4a5e-9a9d-6be030f679cf	244	Jesper Dall	M	M45-49	21	5:01:37	0:36:23	0:05:30	2:27:05	0:02:59	1:49:40	DK	
2c558797-859d-4774-9f5b-90f01638b498	245	George Pawley	M	M35-39	34	5:01:40	0:39:54	0:07:19	2:35:12	0:02:39	1:36:36	gbr	
6eaf7601-fa74-41ac-906c-78d65bf30f40	246	Marielle Kugler	F	F25-29	2	5:01:43	0:31:54	0:06:13	2:31:22	0:02:42	1:49:32	deu	
fba80a3d-fc3e-f111-88b4-0022480994c2	247	Adam Palivec	M	M25-29	37	5:02:00	0:31:46	0:07:20	2:38:09	0:03:59	1:40:46	Czech Republic	
43dbbdff-059a-f011-b4cc-002248098cfa	248	Kamil Chybała	M	M18-24	23	5:02:08	0:30:38	0:05:03	2:37:42	0:01:38	1:47:07		
ef6fa241-36ae-44ae-9d13-b2cd029e5d94	249	Marc Hentschel	M	M35-39	35	5:02:10	0:36:56	0:05:05	2:26:07	0:01:59	1:52:02	deu	
3344fc0b-aa47-4595-8a92-58c116c3fa8b	250	Dorothy Bouck-Standen	F	F35-39	7	5:02:20	0:32:53	0:04:39	2:29:56	0:02:48	1:52:03	gbr	
85eeb517-39f7-4d46-baa3-a4bb3d70122b	251	Jacek Owczarek	M	M50-54	11	5:02:23	0:39:51	0:05:45	2:21:36	0:03:02	1:52:09	pol	
d291c6db-a332-f111-88b4-6045bd06566a	252	Krzysztof Grobelny	M	M18-24	24	5:02:29	0:39:35	0:05:52	2:33:13	0:02:32	1:41:18	Poland	
d4be3bb6-ac4b-4c31-9d4e-87340eda0f14	253	Ewelina Tarnawa	F	F35-39	8	5:02:34	0:41:11	0:04:29	2:25:13	0:02:02	1:49:39	Poland	
63bd83a6-07a5-f011-bbd3-6045bd05f634	254	Nico Wagner	M	M35-39	36	5:02:42	0:42:30	0:05:31	2:27:52	0:02:29	1:44:20	DE	
25c91b25-e2fc-f011-8406-002248046ec8	255	Barbara Nadolska-Bocheńska	F	F40-44	4	5:02:45	0:36:30	0:04:25	2:35:36	0:02:08	1:44:07	POL	
6db8068c-4b8d-f011-b4cc-000d3a3173b5	256	Amon Hagolani	M	M25-29	38	5:02:56	0:51:49	0:06:55	2:30:04	0:03:49	1:30:20		
01bbfd11-b398-4b0a-aff3-78c4beba8691	257	Kamil Karnowski	M	M30-34	43	5:02:59	0:39:24	0:04:53	2:29:20	0:02:09	1:47:12	Poland	
8b243255-9780-482c-acff-4e49e7de7884	258	Stefan Rieger	M	M45-49	22	5:02:59	0:36:23	0:06:34	2:27:02	0:03:38	1:49:22	aut	
93258a6c-900a-4640-bea7-55380ceafa8d	259	Piotr Wasilewski	M	M45-49	23	5:03:04	0:32:46	0:06:41	2:27:58	0:03:57	1:51:42	Poland	
2f47879f-716a-4bd0-a348-1ed22271be5b	260	Jimmy Mccann	M	M40-44	30	5:03:12	0:35:29	0:06:52	2:33:35	0:02:47	1:44:29	GB	
01502df9-88c6-f011-bbd2-000d3a5b7c3b	261	Mimi Houlihan-Burne	F	F25-29	3	5:03:26	0:31:29	0:05:03	2:36:40	0:02:42	1:47:33	United Kingdom	
2e2b65d5-87af-4732-b318-8fb4acca2e1d	262	Marcin Bielski	M	M40-44	31	5:03:32	0:39:32	0:05:16	2:28:09	0:04:47	1:45:48	PL	
6a711885-c97f-ef11-ac21-6045bd048089	263	Maximilian Pawlaczyk	M	M30-34	44	5:03:39	0:36:28	0:04:55	2:32:05	0:01:43	1:48:28	pol	
213e822e-3235-f111-88b4-0022480b35b6	264	Patryk Chorągwicki	M	M25-29	39	5:03:40	0:33:58	0:05:34	2:29:06	0:03:04	1:51:58	Poland	
7f458c26-7f79-f111-ab0f-002248046ec8	265	Marcin Łepkowski	M	M35-39	37	5:03:43	0:40:06	0:06:05	2:30:47	0:06:17	1:40:27	Poland	
18bb47df-0947-442a-9527-8854b243012f	266	Patrik Søgart	M	M40-44	32	5:03:46	0:36:35	0:04:44	2:29:04	0:03:59	1:49:24	dnk	
6e9d87fa-de6f-e811-941f-005056951bf1	267	Anna Ranoszek	F	M18-24	25	5:03:49	0:35:27	0:04:42	2:40:38	0:02:19	1:40:44	PL	
4ede2181-363e-4e3a-a6b3-d8d3ca75a67b	268	Sergey Chernykh	M	M45-49	24	5:03:55	0:37:44	0:06:08	2:29:38	0:02:57	1:47:28	MD	
75232b7c-b081-f011-b4cc-000d3a3173b5	269	Herman Blom	M	M25-29	40	5:03:59	0:37:57	0:06:36	2:43:26	0:03:03	1:32:57	NO	
4bb8e3da-ba87-ea11-a812-000d3a5a1cf8	270	Adrian Sloma	M	M35-39	38	5:04:07	0:39:18	0:05:30	2:36:14	0:03:04	1:40:01	Poland	
710eb05f-a984-4082-a491-a4835811c084	271	Ali Imam	M	M35-39	39	5:04:32	0:33:04	0:05:01	2:31:43	0:02:51	1:51:53	USA	
7320f1e9-821a-f111-8341-002248046ec8	272	Oliver Hickling	M	M18-24	26	5:04:52	0:32:45	0:06:02	2:41:46	0:02:41	1:41:39	United Kingdom	
04a435d9-e4c5-478c-a0d3-5c07f8aaa63a	273	Dariusz Lapawa	M	M40-44	33	5:04:54	0:35:18	0:06:16	2:29:57	0:03:57	1:49:26	Poland	
f8f29916-7b16-ee11-8f6e-000d3a31458d	274	Antoine Filoni	M	M25-29	41	5:05:03	0:34:00	0:05:14	2:18:15	0:02:42	2:04:53	fra	
7ffb11fd-5ef3-45b0-8a23-bb5caac5fec0	275	Wojciech Goraczkowski	M	M35-39	40	5:05:05	0:50:44	0:05:49	2:27:11	0:03:26	1:37:55	Poland	
08637f40-8be8-4f5b-8ec5-12e07338f7c2	276	Thomas Sobczak	M	M45-49	25	5:05:06	0:34:53	0:04:06	2:23:43	0:03:10	1:59:14	DE	
e01295e8-ec83-f011-b4cc-6045bd05fcc1	277	Szymon Jakub Stodulski	M	M25-29	42	5:05:15	0:35:16	0:05:27	2:18:11	0:02:55	2:03:27	pol	
38bd0f2d-097c-ef11-a670-000d3a5b3d07	278	Alessandro Nuzzi	M	M35-39	41	5:05:16	0:34:52	0:07:07	2:34:23	0:02:52	1:46:02	IT	
b40651ab-61ed-f011-8544-0022480c370f	279	Franciszek Serafiński	M	M18-24	27	5:05:16	0:38:46	0:05:38	2:35:05	0:02:13	1:43:34		
2bb2ad74-fed5-f011-8543-000d3a34d92f	280	Adam Dusinski	M	M30-34	45	5:05:22	0:36:33	0:04:31	2:32:57	0:02:24	1:48:56	Poland	
41e9d8cd-566e-4ffa-a724-3f5109617018	281	Tomasz Zdanowski	M	M50-54	12	5:05:28	0:36:15	0:04:25	2:31:34	0:02:49	1:50:25	Poland	
5b62e636-ec60-4b5f-9e12-1ff17c4672f7	282	Anita Klinkosz	F	F35-39	9	5:05:35	0:38:36	0:05:19	2:38:10	0:02:57	1:40:33	gbr	
a54a0f74-e8bd-4f29-a720-91a56316419d	283	Alicja Stepien	F	F50-54	2	5:05:40	0:36:15	0:06:00	2:27:58	0:03:37	1:51:51	pol	
8d4d7bb8-473f-f111-88b3-6045bd08b1a2	284	Mikołaj Napierała	M	M25-29	43	5:05:59	0:35:49	0:05:49	2:38:09	0:01:58	1:44:15	Poland	
b660f963-b88b-4380-963a-aecf4aaf9c42	285	Felix Knoblich	M	M40-44	34	5:06:06	0:30:19	0:04:39	2:28:47	0:02:05	2:00:16	DE	
edfff6d4-821a-f111-8341-002248046ec8	286	Maciej Korn	M	M18-24	28	5:06:19	0:28:56	0:06:47	2:42:45	0:02:37	1:45:14	Poland	
a855f376-5ce1-49a9-bdcb-d2b2d6b0af15	287	Wanda Brewka	F	F40-44	5	5:06:28	0:39:39	0:05:50	2:34:52	0:02:23	1:43:43	Poland	
2eda720d-a5ff-f011-8406-0022480b84a3	288	Ollie Nail	M	M30-34	46	5:06:42	0:39:08	0:06:10	2:30:43	0:03:11	1:47:29		
48bd8032-e66e-401f-a441-eec3df7a544b	289	Marcin Holobut	M	M35-39	42	5:07:08	0:40:30	0:05:02	2:34:29	0:02:18	1:44:50	Poland	
1f35b0f4-046e-ef11-a671-000d3a37be46	290	Julia Carus	F	F18-24	3	5:07:12	0:37:17	0:05:22	2:32:58	0:02:06	1:49:30	deu	
0e76460a-8f2c-ed11-9db0-002248084b62	291	Hilke Decker	F	F25-29	4	5:07:15	0:32:54	0:05:37	2:37:52	0:02:44	1:48:08	DE	
c96e5afd-2b69-f011-bec3-000d3a35ffc1	292	Dawid Lehmann	M	M35-39	43	5:07:31	0:34:55	0:05:01	2:38:19	0:02:16	1:46:59	Poland	
843bb6b7-5050-4f5d-a5d5-018d0ff7c125	293	Marek Folga	M	M50-54	13	5:07:37	0:35:53	0:06:46	2:30:53	0:03:59	1:50:05	Poland	
57936ff1-c8b4-f011-bbd3-000d3a5b7c3b	294	Michał Kot	M	M30-34	47	5:07:44	0:37:01	0:05:40	2:42:10	0:02:32	1:40:21	POL	
95cd6e86-6b06-412b-8500-b11564098c7f	295	Waldemar Groch	M	M50-54	14	5:07:52	0:51:31	0:05:45	2:32:18	0:02:20	1:35:58	pol	
a859b55f-7e42-4837-9c5a-db1410f9d328	296	Robert Rozek	M	M45-49	26	5:07:59	0:35:14	0:05:52	2:25:47	0:02:59	1:58:07		
c3ad962f-74ba-f011-bbd3-000d3a35ffc1	297	Tomasz Truszkowski	M	M18-24	29	5:08:03	0:27:01	0:04:55	2:31:36	0:02:05	2:02:26	Poland	
19c6c466-1b69-4966-8432-d2161726561a	298	Lukasz Malaczewski	M	MGuide	1	5:08:10	0:28:11	0:05:26	2:34:25	0:03:21	1:56:47	POL	
3bc316ca-58be-f011-bbd3-000d3a35ffc1	299	Marcin Michalski	M	M25-29	44	5:08:14	0:38:38	0:05:15	2:29:47	0:02:34	1:52:00	Poland	
a15b590b-07ce-f011-bbd3-000d3a5b7c3b	300	Wojciech Szelewski	M	M18-24	30	5:08:24	0:37:33	0:07:09	2:43:15	0:02:32	1:37:56		
259666bf-be00-4ed9-933d-13df6c9024b0	301	Szymon Antkowiak	M	M35-39	44	5:08:29	0:37:04	0:05:15	2:25:43	0:03:27	1:56:59	Poland	
e49b438a-bb38-f111-88b4-0022480994c2	302	Dawid Ptaszynski	M	M35-39	45	5:08:35	0:37:43	0:05:43	2:42:49	0:03:05	1:39:15	pol	
4bfddc87-4ef4-ef11-9342-002248049fdc	303	Pierre Acker	M	M30-34	48	5:08:37	0:42:58	0:06:38	2:37:18	0:03:12	1:38:31	DE	
2d6c02e3-1673-4dc6-988f-079cd1050fa4	304	Daniel Vašták	M	M35-39	46	5:08:40	0:39:58	0:08:22	2:44:07	0:03:38	1:32:34	Czech Republic	
d5e3812a-73ba-f011-bbd3-000d3a35ffc1	305	Tobiasz Flak	M	M18-24	31	5:08:47	0:36:20	0:05:32	2:46:03	0:02:09	1:38:43	Poland	
0091b17a-0178-4936-b9a3-82f0b5b1c1cc	306	Brian Jensen	M	M50-54	15	5:08:53	0:39:28	0:07:06	2:21:54	0:04:29	1:55:55	Denmark	
33352be3-8611-42e7-8158-fe72d013a69a	307	David Coast	M	M60-64	1	5:09:25	0:33:11	0:06:22	2:39:10	0:03:09	1:47:33	lux	
16207d84-c324-4e0e-b92e-5c91b91acdc2	308	Matthew Knight	M	M35-39	47	5:09:32	0:46:46	0:04:27	2:32:23	0:01:57	1:43:59	GB	
53606212-a863-4b3c-bbcb-b65d7dc5e975	309	Karolina Lubiszewska	F	F40-44	6	5:09:38	0:39:46	0:04:16	2:32:50	0:02:30	1:50:16	Poland	
a07307bc-2175-ea11-a811-000d3a5a1bfb	310	Patryk Ciupka	M	M45-49	27	5:09:52	0:32:37	0:04:50	2:39:23	0:02:20	1:50:41	Poland	
d412b44b-f933-f011-8c4e-000d3a35ffc1	311	Fabrizio Pereira	M	M30-34	49	5:10:00	0:39:17	0:05:59	2:33:35	0:03:39	1:47:28	GB	
07343a34-2526-432a-a6b7-2b4e459bbe8e	312	Charlie Craven	M	M30-34	50	5:10:02	0:35:27	0:05:30	2:47:37	0:03:47	1:37:42	GB	
5f10c21b-f2f2-f011-8407-0022480c370f	313	Jonas Aiglstorfer	M	M18-24	32	5:10:19	0:35:17	0:06:51	2:41:18	0:03:52	1:43:02		
3c06c707-95f6-f011-8406-0022480995bd	314	Mariusz Hoffmann	M	M45-49	28	5:10:25	0:34:45	0:05:49	2:36:02	0:03:15	1:50:34	Poland	
997c8cf3-71cd-4fe0-be8a-2be0af0b7aad	315	Katarzynakrupiak@gmail.Com Krupiak	F	F40-44	7	5:10:25	0:32:58	0:04:11	2:36:22	0:01:46	1:55:07	Poland	
63194f25-2ee3-4956-a464-0cb82726a556	316	Alexandr Shulgan	M	M40-44	35	5:10:45	0:39:12	0:04:58	2:39:17	0:02:20	1:44:58	Poland	
90c2a8a6-793e-4520-b1f9-169cb38e084d	317	Filip Baranowski	M	M40-44	36	5:10:55	0:36:43	0:06:13	2:34:40	0:03:34	1:49:47	Poland	
93144a32-e454-4bb7-9f6f-a13e34b1e26e	318	Michal Rakoczy	M	M40-44	37	5:10:58	0:40:23	0:05:39	2:27:04	0:02:48	1:55:04	Poland	
498d723a-53ff-f011-8406-6045bd06566a	319	Aaron Kruse	M	M25-29	45	5:11:04	0:45:19	0:07:46	2:35:09	0:04:18	1:38:32	deu	
f66d93dc-0639-4068-a9c3-8ce5b098c350	320	Magdalena Biskupska	F	F40-44	8	5:11:07	0:34:39	0:05:06	2:42:03	0:02:13	1:47:06		
8a821017-6ffa-4539-9792-c0ac1c596c8e	321	Maciej Gajewski	M	M30-34	51	5:11:20	0:36:58	0:05:41	2:29:31	0:02:44	1:56:25	Poland	
c3c42cd7-7055-4dc4-937c-4256f26e5295	322	Maciej Bagrowski	M	M35-39	48	5:11:47	0:40:32	0:05:40	2:37:17	0:03:08	1:45:10	pol	
905b653c-70e2-ed11-a7c7-000d3a31440b	323	Jona Motta	M	M30-34	52	5:12:04	0:33:57	0:06:20	2:38:23	0:03:08	1:50:17	FR	
1688ede2-f63e-f011-b4cb-6045bd09951e	324	Kristan Mcilveen	M	M30-34	53	5:12:13	0:32:15	0:05:41	2:38:00	0:02:42	1:53:34	GB	
15a09772-7641-470f-be8c-e05c2a2764ac	325	Maja Haastrup Ishøi	F	F45-49	1	5:12:17	0:37:05	0:04:32	2:35:21	0:02:53	1:52:26	dnk	
e4005e1a-c083-4f5c-b8d9-2cd620e6ba41	326	Tomasz Garczarek	M	M50-54	16	5:12:26	0:38:55	0:06:02	2:26:16	0:03:00	1:58:13	pol	
5089ab37-9f31-f111-88b4-002248046ec8	327	Andrew Clark	M	M30-34	54	5:12:28	0:32:25	0:05:34	2:33:59	0:02:58	1:57:32	GBR	
a5d017e4-050c-470b-a543-4f2d9dc61d63	328	Paulina Lepka	F	F40-44	9	5:13:04	0:38:13	0:05:04	2:30:50	0:03:07	1:55:50	pol	
c4854f29-42dd-4075-bafe-ec1e5f2c4020	329	Claudia Lengfelder	F	F40-44	10	5:13:10	0:39:43	0:06:16	2:34:59	0:03:04	1:49:08	deu	
f75ce4d1-5bb5-4388-ba6f-b93a42a9bd94	330	Lukasz Kunicki	M	M40-44	38	5:13:29	0:34:57	0:05:18	2:29:21	0:02:38	2:01:15		
95187508-ed84-f011-b4cc-6045bd05fcc1	331	Antoni Rymarczuk	M	M18-24	33	5:13:40	0:29:49	0:05:35	2:42:09	0:02:30	1:53:37		
addc4ca7-bb86-f011-b4cc-0022480c097c	332	Krzysztof Wiercigroch	M	M40-44	39	5:13:55	0:42:58	0:05:26	2:29:38	0:02:31	1:53:22	Poland	
118e5076-985c-ef11-bfe3-6045bd0953ac	333	Ksawier Pedziwiatr	M	M18-24	34	5:14:05	0:34:36	0:04:28	2:17:26	0:02:26	2:15:10	pol	
51f5a9b7-ecca-f011-bbd3-000d3a5b7c3b	334	Kamil Dudek	M	M25-29	46	5:14:26	0:35:15	0:07:44	2:43:28	0:03:27	1:44:33	Poland	
a0b267a8-732d-4a31-8a64-b7e09a9c36a7	335	Simon Machalek	M	M30-34	55	5:14:33	0:40:41	0:05:38	2:41:11	0:03:13	1:43:49	usa	
35f0ec57-1a06-f111-8406-0022480b88da	336	Erik De Groote	M	M45-49	29	5:14:33	0:29:31	0:05:25	2:39:29	0:02:59	1:57:09	Netherlands	
6e27f2c4-ecca-f011-bbd3-000d3a5cf7d8	337	Jakub Krych	M	M40-44	40	5:15:02	0:37:57	0:06:12	2:41:16	0:02:30	1:47:07	Poland	
e758a1fb-a6e1-f011-8544-000d3a3173b5	338	Hugo Smeele	M	M30-34	56	5:15:12	0:37:26	0:06:20	2:44:10	0:03:19	1:43:58	Netherlands	
94d87c3b-6934-f111-88b4-6045bd06566a	339	Jan Kaiser	M	M30-34	57	5:15:30	0:39:13	0:04:51	2:37:01	0:01:33	1:52:52	Germany	
fa2450dd-da73-4906-8f05-737974f45a1b	340	mark king	M	M60-64	2	5:15:31	0:38:41	0:07:11	2:36:39	0:05:29	1:47:31	gbr	
a5985c35-1fc7-f011-bbd3-000d3a35ffc1	341	Chris Lawson	M	M18-24	35	5:15:43	0:35:34	0:06:04	2:53:26	0:03:11	1:37:29	United Kingdom	
d44d73b1-0c83-4079-8de5-2a613dc55f73	342	Eugeniusz Waraksa	M	M40-44	41	5:15:54	0:39:52	0:03:47	2:23:54	0:02:22	2:05:59		
039e7f26-6b62-478a-86ff-1d794621001c	343	Ariel Kowalski	M	M35-39	49	5:16:04	0:42:11	0:05:18	2:48:30	0:02:51	1:37:14	Poland	
3178fb8b-b300-f111-8406-0022480995bd	344	Tomasz Leszczyński	M	M45-49	30	5:16:10	0:37:03	0:07:09	2:35:01	0:03:26	1:53:30	Poland	
cb4e15c9-1378-4465-9f30-02fa884618fe	345	Zuzanna Swiatek	F	F30-34	4	5:16:14	0:37:48	0:05:00	2:40:38	0:02:56	1:49:52	pol	
c68609e9-a48b-4cc1-b49b-9ed92dcb601d	346	Jan Kyncl	M	M25-29	47	5:16:16	0:34:01	0:05:53	2:28:11	0:01:56	2:06:16	cze	
fa549c64-2bea-f011-8544-6045bd05f634	347	Henrik Groß	M	M18-24	36	5:16:44	0:32:20	0:07:26	2:34:17	0:02:59	1:59:42	deu	
aecbdb5d-3c0c-ef11-9f89-00224805a63a	348	Dawid Pawlus	M	M35-39	50	5:16:50	0:41:14	0:05:17	2:40:20	0:02:20	1:47:39	Poland	
48cde804-a144-49fe-b5f6-3d18fa5e5b28	349	Alexis Ritter Kempski Von Rakoszyn	M	M18-24	37	5:16:51	0:40:52	0:06:31	2:40:48	0:02:23	1:46:16	DE	
b4d1d36b-1bae-424d-ab17-c0fc87c6f4dd	350	Marko Tomic	M	M50-54	17	5:16:56	0:37:55	0:05:09	2:35:18	0:03:19	1:55:15	svn	
b972a656-ecc2-ef11-b8e8-000d3a5a403c	351	Cillian Duffy	M	M18-24	38	5:17:22	0:40:05	0:05:48	2:36:57	0:02:25	1:52:07	irl	
1cfeb1dc-dd29-4f4f-8fa4-1debb1693cb0	352	Rafal Kowalski	M	M25-29	48	5:17:32	0:28:03	0:05:05	2:35:19	0:02:54	2:06:11	Poland	
0d247485-d5d2-4e2d-9fa5-b18877f491c0	353	Alicja Stepien	F	M55-59	5	5:17:36	0:45:34	0:06:42	2:21:23	0:04:02	1:59:54	pol	
4ac16c21-6bb1-f011-bbd3-000d3a35ffc1	354	Sławomir Kowalski	M	M50-54	18	5:17:40	0:43:37	0:06:04	2:27:12	0:03:14	1:57:33	pol	
6385817c-d317-f111-8341-002248046ec8	355	Wojciech Honkisz	M	M40-44	42	5:17:53	0:46:09	0:06:04	2:40:08	0:02:42	1:42:50	Poland	
92af38e7-93d1-483c-9f22-0a6b5ba64734	356	Hussien Moustafa Abdelkhalek	M	M35-39	51	5:18:02	0:32:14	0:04:55	2:42:53	0:02:26	1:55:33	EG	
71311c43-bee4-4459-b762-ddd497177a15	357	Aliaksandr Kaspiarovich	F	M45-49	31	5:18:06	0:39:39	0:05:23	2:34:27	0:02:53	1:55:44	Unknown	
61f13a07-ca6e-f011-bec2-000d3a5cf7d8	358	Grzegorz Awiżeń	M	M40-44	43	5:18:25	0:37:12	0:05:29	2:29:03	0:02:46	2:03:55	Poland	
c7579cf0-810b-f111-8406-0022480994c2	359	Stefan Krafcik	M	M35-39	52	5:18:28	0:37:54	0:06:17	2:40:38	0:03:32	1:50:07	Czech Republic	
19b4b172-0c72-4fb1-a625-e88ca3100579	360	Robert Wawrzyniak	M	M45-49	32	5:18:28	0:40:40	0:05:40	2:48:08	0:03:16	1:40:45	POL	
4b408ba0-c748-4353-be3b-d7a074027519	361	Thibaud Piquet	M	M40-44	44	5:18:31	0:36:45	0:04:52	2:34:19	0:03:39	1:58:56	FR	
d34e946d-09e7-4594-b56f-df73e1315411	362	Krzysztof Sierpowski	M	M40-44	45	5:18:32	0:52:53	0:06:26	2:33:09	0:02:48	1:43:16	Poland	
95c1688f-9cd2-490f-8862-3d70319bbddf	363	Jürgen Balg	M	M65-69	1	5:18:56	0:32:41	0:06:09	2:43:02	0:02:43	1:54:22	DE	
3c9f84d9-6b9f-f011-b41c-000d3a5c3d6c	364	Aisling Begley	F	F25-29	5	5:19:00	0:42:52	0:06:25	2:35:30	0:02:15	1:51:59	United Kingdom	
6eb87dcf-ae2d-4c57-97ef-4c8a2cc69385	365	Bartosz Baczynski	M	M30-34	58	5:19:16	0:38:14	0:05:07	2:37:46	0:01:31	1:56:38	GB	
64c4b0f3-e087-427b-9569-9b3e72218b9f	366	Jaroslaw Korzeniewski	M	M50-54	19	5:19:17	0:41:42	0:06:18	2:49:12	0:02:52	1:39:13	pol	
d84ebdeb-7221-f111-8341-6045bd012bd1	367	Piotr Dukała	M	M40-44	46	5:19:20	0:43:00	0:06:54	2:42:11	0:03:24	1:43:52	Poland	
280b2d2d-d97c-4060-9938-102f0420c7ba	368	Gary O'Brien	M	M50-54	20	5:19:20	0:44:19	0:08:50	2:43:42	0:05:14	1:37:16	IE	
cba8689a-3341-f111-88b3-6045bd06566a	369	Radomir Korcek	M	M30-34	59	5:19:27	0:49:33	0:07:11	2:35:36	0:04:35	1:42:32		
058bf722-a6bd-f011-bbd3-000d3a35ffc1	370	Wojciech Kaźmierski	M	M30-34	60	5:19:39	0:47:36	0:08:26	2:41:03	0:05:05	1:37:29	POL	
83d5e311-8505-f111-8406-002248046ec8	371	Kjell Erik Bardenhagen	M	M30-34	61	5:19:44	0:41:38	0:08:09	2:44:35	0:04:20	1:41:02	Germany	
96042e9d-76ba-f011-bbd3-6045bd05f634	372	Aleksandra Rostkowska	F	F35-39	10	5:19:50	0:39:22	0:04:43	2:48:04	0:02:40	1:45:01	Poland	
d795165c-b98f-4f17-8ed0-6d1413b7a9bd	373	Lukasz Hucz	M	M40-44	47	5:19:55	0:33:15	0:05:01	2:36:34	0:03:49	2:01:16	Poland	
5a59a559-962a-f111-88b3-6045bd08b1a2	374	Andrea Del Buono	M	M25-29	49	5:19:57	0:34:43	0:05:12	2:48:58	0:01:58	1:49:05	che	
923ee67d-35c1-43dd-8302-3d5b1e9e5ca4	375	Piotr Rzasa	M	M30-34	62	5:20:03	0:41:53	0:11:13	2:37:44	0:03:50	1:45:22	Poland	
d8890999-6b7c-f111-ab0f-0022480b84a3	376	Szymon Tomaszewski	M	M25-29	50	5:20:04	0:35:36	0:05:14	2:38:06	0:03:11	1:57:57	Poland	
527d110e-6bdb-4aa8-89dd-0531d8aecb95	377	Krzysztof Dresler	M	M50-54	21	5:20:30	0:34:57	0:04:13	2:45:19	0:02:55	1:53:06	Poland	
05d5f79a-aa41-f111-88b4-0022480b35b6	378	Amelie Flatt	F	F25-29	6	5:20:47	0:34:56	0:08:47	2:39:32	0:05:15	1:52:17	Germany	
1200e6dd-6030-f111-88b3-6045bd08b1a2	379	Aike de Buhr	M	M30-34	63	5:20:48	0:37:42	0:08:56	2:50:05	0:04:47	1:39:18	deu	
deaf2318-b048-f111-bec5-6045bd08b1a2	380	Maksymilian Budych	M	M18-24	39	5:20:49	0:39:29	0:05:45	2:45:48	0:03:41	1:46:05	Poland	
77481b13-e834-f111-88b4-6045bd06566a	381	Jeremy Syllow	M	M18-24	40	5:20:56	0:44:19	0:07:07	2:39:29	0:02:55	1:47:06	deu	
dc5328f6-6a2f-f011-8c4e-000d3a3173b5	382	Mateusz Bazior	M	M30-34	64	5:21:03	0:36:52	0:05:31	2:36:26	0:02:32	1:59:42		
67d2c501-540c-f111-8406-6045bd08b1a2	383	Veronika Bušková	F	F18-24	4	5:21:08	0:41:30	0:07:11	2:48:13	0:03:55	1:40:19	Czech Republic	
68db6f01-0f48-ef11-a317-6045bd0953ac	384	Martyna Neneman	F	F25-29	7	5:21:15	0:37:01	0:05:25	2:28:45	0:03:30	2:06:35	pol	
9a288e4f-ecea-f011-8544-000d3a5b7c3b	385	Taylor Berry	M	M30-34	65	5:21:18	0:39:06	0:07:09	2:39:20	0:03:31	1:52:14	United Kingdom	
85b0bacb-c7ad-47a3-958c-597b17cd763c	386	Slawomir Zielinski	M	M45-49	33	5:21:19	0:43:40	0:05:54	2:33:25	0:02:50	1:55:31	PL	
547e708b-80d5-f011-8544-0022480a7385	387	Oskar Frydrykiewicz	M	M30-34	66	5:21:23	0:39:08	0:05:36	2:44:02	0:02:57	1:49:39	pol	
03158010-d627-f111-8341-002248046ec8	388	Cameron Hunt	M	M25-29	51	5:21:29	0:40:36	0:04:49	2:33:49	0:02:48	1:59:27	JEY	
7df6abef-db79-ef11-a670-000d3a5a1803	389	Marloes Wurkum	F	F25-29	8	5:21:35	0:37:25	0:08:07	2:37:14	0:07:59	1:50:49	nld	
77a2fe7b-f478-4bf7-bc6f-f702b8f184d8	390	Maria Czekalska	F	F40-44	11	5:21:56	0:38:23	0:05:45	2:39:13	0:04:36	1:53:58	pol	
1b797fbc-5c2b-4dd1-ab2a-214388f04166	391	Claudia Melegatti	F	F40-44	12	5:22:03	0:32:57	0:07:13	2:41:56	0:04:07	1:55:49	Italy	
1812071f-efc0-4f37-9417-e3cbc4e621cf	392	Jean-Paul Arismendi	M	M40-44	48	5:22:06	0:40:44	0:06:14	2:53:51	0:03:04	1:38:13	FR	
389d80ae-f9a7-ef11-b8e9-000d3a5a1803	393	Aliaksandr Hancharou	M	M35-39	53	5:22:07	0:34:35	0:06:46	2:40:36	0:03:56	1:56:14	Poland	
09a23456-1567-f011-bec3-000d3a3173b5	394	Lucas Ehrlich	M	M25-29	52	5:22:08	0:37:27	0:05:04	2:45:32	0:03:36	1:50:30	nld	
ac1bc12b-4746-4999-95a2-d475d3b0c7fb	395	Maximilian Kreuzer	M	M35-39	54	5:22:09	0:39:21	0:06:50	2:32:40	0:04:29	1:58:50	deu	
c01e6994-b1bb-f011-bbd3-6045bd05f634	396	Bjarne Lahrsen	M	M25-29	53	5:22:20	0:35:28	0:05:48	2:43:55	0:03:33	1:53:36	deu	
a8d42bfd-946f-f011-bec2-000d3a5cf7d8	397	Christian Kosiol	M	M35-39	55	5:22:21	0:35:23	0:06:17	2:27:47	0:02:32	2:10:22	deu	
cf9961b5-a103-4204-8590-e2ed8d36847d	398	Laurence Hodgkins	M	M30-34	67	5:22:31	0:38:09	0:07:15	2:43:01	0:05:26	1:48:39	gbr	
f5f2ffeb-e101-f111-8406-0022480995bd	399	Adrian Kordas	M	M25-29	54	5:22:32	0:39:37	0:07:26	2:44:59	0:04:27	1:46:03	Poland	
28843e34-0f33-f111-88b4-6045bd06566a	400	Bora Yapan	M	M18-24	41	5:22:33	0:37:04	0:06:11	2:36:18	0:02:33	2:00:27		
b9729b39-d793-4e74-8e38-8c926fc74e1d	401	Mario Millé	M	M60-64	3	5:22:37	0:31:51	0:05:58	2:32:53	0:04:29	2:07:25		
aa976558-469a-f111-b8db-7ced8d3d0f3e	402	Paweł Błażewicz	M	M30-34	68	5:22:37	0:37:04	0:04:37	2:44:18	0:02:27	1:54:12	Poland	
6be5307f-434e-f111-bec5-70a8a5b0b075	403	Natalia Konczalska		F18-24	5	5:22:39	0:45:30	0:06:20	2:26:58	0:03:48	2:00:02	POL	
e87e35ee-0211-f111-8406-0022480994c2	404	Jan Błachut	M	M18-24	42	5:22:47	0:38:59	0:05:15	2:45:41	0:02:32	1:50:20	Poland	
1727e51f-8fb0-45e3-b394-86432edcc34f	405	Marcin Domagala	M	M40-44	49	5:22:55	0:33:20	0:05:39	2:40:13	0:03:20	2:00:22	pol	
8d969220-a7b0-ef11-b8e8-000d3a5a403c	406	Tobias Bähr	M	M30-34	69	5:23:00	0:31:24	0:05:05	2:28:27	0:02:35	2:15:29	deu	
4ce7bd59-5ae5-f011-8544-000d3a3173b5	407	Szilveszter Bózsó	M	M18-24	43	5:23:03	0:31:48	0:05:43	2:37:37	0:03:17	2:04:38	Hungary	
3e1b4111-3b2d-f111-88b4-0022480994c2	408	Florian Wilfert	M	M30-34	70	5:23:03	0:36:36	0:06:16	2:54:40	0:02:26	1:43:05	deu	
002a24f8-9f3b-f011-b4cc-0022480a7385	409	Luiz Gustavo Malvezzi Vasques	M	M18-24	44	5:23:04	0:36:00	0:06:10	2:31:27	0:03:23	2:06:04	deu	
191a61d3-a8cf-447f-a56d-24f6e99179ff	410	Aziz Ketari	M	M30-34	71	5:23:21	0:35:58	0:04:40	2:45:02	0:01:58	1:55:43	can	
0b700790-aef4-f011-8406-0022480b35b6	411	Bryan Jansen	M	M30-34	72	5:23:54	0:41:37	0:05:04	2:40:12	0:03:22	1:53:40	Netherlands	
b20540de-abcf-f011-bbd3-000d3a5b50ba	412	Kacper Mikos	M	M25-29	55	5:24:13	0:36:00	0:06:09	2:47:38	0:02:59	1:51:27	Poland	
fdca1d18-dd38-f111-88b4-0022480b35b6	413	Jaume Torrens	M	M25-29	56	5:24:21	0:38:57	0:07:34	2:46:03	0:05:13	1:46:34		
d643cad5-13e2-f011-8544-000d3a3173b5	414	Barbora Kopec	F	F40-44	13	5:24:22	0:39:58	0:07:17	2:37:50	0:05:56	1:53:21	cze	
78d40542-0ec9-f011-bbd3-6045bd05fcc1	415	Lewis Dow	M	M18-24	45	5:24:30	0:36:25	0:05:53	2:44:13	0:02:26	1:55:33	Unknown	
caf4617f-b300-f111-8406-002248081bd6	416	Karol Janusz	M	M35-39	56	5:24:36	0:38:51	0:05:52	2:36:14	0:02:37	2:01:02	pol	
b3ad1037-a2da-ef11-8eea-002248049fdc	417	Wiktoria Maliszak	F	F25-29	9	5:24:38	0:37:54	0:05:04	2:51:03	0:02:08	1:48:29	gbr	
0a5c73c8-0585-f011-b4cc-000d3a5b7c3b	418	Jan Łuczak	M	M25-29	57	5:24:52	0:37:33	0:05:51	2:45:20	0:02:12	1:53:56	Poland	
f9914efe-a7bf-f011-bbd3-000d3a5cf7d8	419	Robin Grangård	M	M30-34	73	5:25:02	0:37:22	0:06:22	2:40:36	0:03:10	1:57:32	Norway	
e05f58df-9102-f111-8406-0022480994c2	420	Manuel Wassertheurer	M	M25-29	58	5:25:05	0:37:00	0:06:34	2:36:20	0:02:56	2:02:16	Austria	
09f6ead5-299f-4ec3-b26b-184c49ab09f0	421	Ingo Lösche	M	M50-54	22	5:25:06	0:38:00	0:05:34	2:39:34	0:03:50	1:58:09	DEU	
cc48bc34-d972-4127-af44-7b3ef2455815	422	Cesar Jimenez	M	M45-49	34	5:25:18	0:33:41	0:07:27	2:42:12	0:04:53	1:57:05	MX	
44e84b53-744c-429b-b402-465c7d539363	423	Florian Rother	M	M25-29	59	5:25:22	0:35:52	0:12:19	2:27:57	0:02:43	2:06:31	DE	
4d638711-74ba-f011-bbd3-000d3a35ffc1	424	Tomasz Zięba	M	M25-29	60	5:25:23	0:33:14	0:05:38	2:29:27	0:02:09	2:14:55	Poland	
8cbadd73-7ee1-f011-8544-000d3a5b50ba	425	Adam Jambrich	M	M25-29	61	5:25:25	0:42:17	0:05:19	2:25:53	0:03:08	2:08:48	Slovakia	
e5ab27dd-ca11-f111-8406-6045bd06566a	426	Jakub Cyndrowski	M	M25-29	62	5:25:29	0:38:56	0:06:31	2:40:45	0:02:28	1:56:49	Poland	
ea16e05d-7528-4411-8714-5816f8c8fbb4	427	Jacek Gasiorowski	M	M55-59	6	5:25:35	0:42:47	0:06:07	2:46:03	0:05:09	1:45:29	Poland	
b425f56f-5a01-f111-8406-6045bd08b1a2	428	Marco Kenneder	M	M35-39	57	5:26:00	0:42:34	0:08:27	2:43:32	0:03:11	1:48:17	Germany	
1251ad30-292c-f111-88b4-0022480994c2	429	Jan-Robin Rüttermann	M	M25-29	63	5:26:01	0:43:33	0:07:17	2:46:25	0:04:20	1:44:27	deu	
3b53ed7b-bc1c-f111-8341-00224808c1c1	430	Pablo Mailänder	M	M18-24	46	5:26:07	0:38:59	0:06:57	2:45:30	0:03:21	1:51:20	Germany	
cd24181d-439c-f011-b41c-000d3a5cf7d8	431	Jess Moorehead	F	F30-34	5	5:26:27	0:37:57	0:05:21	2:59:10	0:05:49	1:38:10	Ireland	
66aeb0be-a67e-4fa9-abc5-74b20c1bef89	432	Marcin Kasperowicz	M	M45-49	35	5:26:27	0:36:56	0:04:57	2:26:42	0:02:24	2:15:29		
be310856-26fa-f011-8406-0022480b35b6	433	Felix Brehl	M	M25-29	64	5:26:39	0:46:45	0:07:00	2:34:14	0:05:03	1:53:37	deu	
52d47414-556c-f011-bec2-000d3a5cf7d8	434	Andrzej Pająk	M	M40-44	50	5:26:44	0:39:31	0:05:38	2:23:04	0:03:01	2:15:30	Poland	
d1543cae-77b1-f011-bbd3-000d3a3173b5	435	Maksym Chertienkov	M	M35-39	58	5:26:48	0:48:08	0:07:21	2:45:46	0:02:53	1:42:40	POL	
14c353cd-7809-f111-8406-0022480b88da	436	Sebastiano Lacroce	M	M25-29	65	5:26:54	0:37:16	0:06:08	2:46:25	0:03:14	1:53:51	ITA	
9e47595c-bfb8-f011-bbd3-000d3a3173b5	437	Paweł Borcoń	M	M25-29	66	5:27:01	0:35:23	0:05:43	2:50:04	0:02:48	1:53:04		
1f920225-b6b4-f011-bbd3-0022480c097c	438	Sam Gwilliam	M	M35-39	59	5:27:04	0:41:06	0:06:39	2:38:18	0:03:17	1:57:43		
62af4027-0c43-f111-88b4-0022480b84a3	439	Frytz Martinek	M	M18-24	47	5:27:07	0:42:27	0:07:23	2:41:19	0:02:49	1:53:08	Germany	
2b247df7-7043-f011-877a-000d3a3173b5	440	Fabio Görke	M	M25-29	67	5:27:09	0:35:52	0:06:00	2:36:54	0:04:16	2:04:07	deu	
c93491f3-278c-4a0a-b1bc-58664c207811	441	Ian Mcilveen	M	M60-64	4	5:27:34	0:36:45	0:06:39	2:39:52	0:02:35	2:01:42	GB	
750a469e-5fed-f011-8544-0022480b738e	442	Kamil Wierzbicki	M	M30-34	74	5:27:34	0:44:08	0:05:41	2:47:56	0:02:49	1:47:00	Poland	
7d3e12e7-90c4-f011-bbd3-000d3a35ffc1	443	Jakub Jarzwiec	M	M25-29	68	5:27:35	0:33:16	0:04:25	2:43:46	0:02:02	2:04:06	Poland	
8bf5d137-41fd-f011-8406-0022480b84a3	444	Jacek Łuczak	M	M55-59	7	5:27:36	0:38:19	0:05:54	2:45:28	0:02:48	1:55:08	Poland	
a73f35dd-fba9-f011-bbd3-000d3a5b50ba	445	Thomas Roussel	M	M35-39	60	5:27:38	0:35:28	0:05:32	2:53:35	0:03:41	1:49:23	Poland	
94b649b6-d68a-495e-a950-57839a124b80	446	Michal Antoni Dudek	M	M18-24	48	5:27:42	0:31:48	0:03:51	2:31:22	0:02:30	2:18:11	Poland	
30cf3aa5-af61-f011-bec3-0022480a7385	447	Neele Rheinländer	F	F25-29	10	5:27:43	0:39:45	0:05:17	2:46:47	0:02:31	1:53:23	deu	
f5f40767-bd34-4570-8b18-16c7c1c294dc	448	Nadja Minke	F	F35-39	11	5:27:57	0:37:00	0:06:00	2:41:03	0:05:09	1:58:44	deu	
8b015073-cdc0-496c-81c9-f774642ca810	449	Regardt Kruger	M	M45-49	36	5:28:10	0:38:47	0:07:10	2:43:14	0:03:25	1:55:34	ZA	
a9011486-7dc1-f011-bbd3-002248098cfa	450	Paweł Bucki	M	M25-29	69	5:28:11	0:36:31	0:06:19	2:52:25	0:02:24	1:50:31	pol	
13b13ae8-b9ef-4999-8757-fca580f16c33	451	Adam Mcaviney	M	M35-39	61	5:28:21	0:46:04	0:06:27	2:45:40	0:02:43	1:47:26	gbr	
aa317354-c555-f111-bec7-002248046451	452	Mateusz Apiecionek	M	M35-39	62	5:28:23	0:38:25	0:05:10	2:48:15	0:03:29	1:53:04	Poland	
227f8fc4-c06b-f011-bec2-0022480a7385	453	Jan Lalinský	M	M40-44	51	5:28:24	0:40:39	0:05:58	2:41:18	0:04:26	1:56:03	Czech Republic	
3f6a20c3-8db8-f011-bbd3-000d3a3173b5	454	Kovács Csenge	F	F25-29	11	5:28:25	0:39:51	0:05:29	2:53:41	0:03:14	1:46:10	ROU	
38dd5130-82ca-4137-8fe9-ea13e6c6d740	455	Kristina Albers	F	F50-54	3	5:28:29	0:34:02	0:06:16	2:45:25	0:03:04	1:59:41	DEU	
16643218-73ba-f011-bbd3-000d3a5b50ba	456	Kacper Zawadzki	M	M25-29	70	5:28:45	0:39:29	0:07:07	2:37:43	0:04:56	1:59:29	Poland	
4e64273d-7600-f111-8406-0022480b35b6	457	Lenos Antonis Patatas	M	M25-29	71	5:28:45	0:53:43	0:08:11	2:35:36	0:04:56	1:46:21		
6978aabb-3837-f111-88b4-0022480994c2	458	Emanuele Borrelli	M	M18-24	49	5:28:47	0:41:46	0:07:27	2:52:21	0:05:31	1:41:42	Italy	
d336fa9b-56cc-f011-bbd2-000d3a5b5fc7	459	Michael Stawik	M	M40-44	52	5:29:13	0:39:20	0:07:09	2:36:05	0:03:38	2:03:00	deu	
42be5ea9-d3df-ef11-8eea-000d3a5ae96c	460	Kristoffer Anglevik Erlien	M	M35-39	63	5:29:14	0:42:26	0:07:07	2:40:25	0:03:03	1:56:12	SE	
5f900733-8706-f111-8406-0022480b84a3	461	Martin Krchnavy	M	M40-44	53	5:29:17	0:43:29	0:07:15	2:44:44	0:04:10	1:49:38	Slovakia	
467f63ba-19b8-f011-bbd3-6045bd05fcc1	462	Jan Piątkowski	M	M18-24	50	5:29:24	0:46:56	0:05:49	2:33:06	0:02:42	2:00:52		
1efbc4b4-7a5f-ed11-9562-000d3a31440b	463	Robert Gerula	M	M55-59	8	5:29:28	0:37:58	0:05:48	2:32:54	0:03:03	2:09:46	Poland	
6fb5ce8e-18e1-f011-8544-6045bd09951e	464	Michał Jaskóła	M	M18-24	51	5:29:39	0:36:20	0:06:39	2:53:50	0:05:12	1:47:39	Poland	
88595509-cbde-4041-b01c-10ffc9f694cb	465	Robert Rohde	M	M55-59	9	5:29:40	0:41:44	0:07:10	2:46:47	0:04:20	1:49:38	Germany	
810e306f-5f75-44a5-8bf6-5792652e0175	466	Emilia Kubica	F	F18-24	6	5:29:54	0:35:56	0:05:25	3:00:20	0:02:19	1:45:54	Poland	
e33dcce1-140d-417f-adf5-15af7ce0cc67	467	Dawid Sworek	M	M35-39	64	5:29:59	0:33:44	0:05:20	2:36:31	0:03:04	2:11:20	PL	
7a755ac3-2ecb-f011-bbd3-000d3a35ffc1	468	Conor O Driscoll	M	M25-29	72	5:30:15	0:35:42	0:07:13	2:52:42	0:04:03	1:50:35	Ireland	
104c12c4-75fb-f011-8406-0022480a5755	469	Rafał Gryga	M	M40-44	54	5:30:19	0:31:35	0:05:32	2:33:37	0:02:38	2:16:57	Poland	
f7d354c3-a30b-468d-87d5-40b6cc1fd4c3	470	Sonia Fryske	F	F30-34	6	5:30:22	0:36:52	0:04:09	2:42:17	0:02:40	2:04:24	pol	
ed485965-382d-4cdc-8c93-52029f42d390	471	Grzegorz Trocki	M	M45-49	37	5:30:25	0:36:55	0:05:53	2:43:04	0:03:54	2:00:38	Poland	
2e5a7bba-82eb-f011-8544-000d3a5b7c3b	472	Olivier Ignaszak	M	M25-29	73	5:30:29	0:41:58	0:05:37	2:47:25	0:02:16	1:53:13	Poland	
f46b78c4-74ba-f011-bbd2-00224809087a	473	Dawid Zemanek	M	M25-29	74	5:30:44	0:36:08	0:06:44	2:46:25	0:04:41	1:56:47	Poland	
3aed0f83-7ccc-4bc9-a4a8-ff8e3a523f03	474	James Mitchell	M	M30-34	75	5:30:47	0:36:01	0:06:14	2:36:35	0:04:01	2:07:56	gbr	
ef428d51-cc6c-f011-bec3-6045bd09951e	475	Kamil Kopa	M	M25-29	75	5:30:50	0:38:13	0:08:27	2:55:52	0:04:37	1:43:41	Poland	
b4cdff83-890f-f111-8406-0022480a5755	476	Jules Esick	M	M35-39	65	5:30:51	0:38:14	0:09:28	2:45:19	0:03:51	1:53:59	deu	
24091cbd-59b5-40ac-9b02-49016cebdd97	477	Gerald Russbueldt	M	M70-74	1	5:30:52	0:39:42	0:06:37	2:40:57	0:04:10	1:59:26	deu	
5e01ae9a-76ba-f011-bbd3-000d3a5b50ba	478	Katarzyna Warych	F	F35-39	12	5:30:54	0:46:54	0:05:48	2:45:11	0:02:41	1:50:20	Poland	
9eb04f51-75ba-f011-bbd3-000d3a3173b5	479	Damian Łazarski	M	M35-39	66	5:30:55	0:41:46	0:05:49	2:40:22	0:02:49	2:00:09	pol	
2b688967-74ba-f011-bbd3-0022480a7385	480	Michał Makowski	M	M30-34	76	5:31:00	0:34:13	0:05:28	2:43:56	0:02:42	2:04:41	Poland	
de010177-73ba-f011-bbd3-000d3a3173b5	481	Łukasz Boguszewski	M	M45-49	38	5:31:01	0:40:28	0:04:52	2:31:33	0:02:43	2:11:25	Poland	
137de5c6-a19b-4fdd-8b50-7c32fecd11b6	482	Maciej Piwowarski	M	M40-44	55	5:31:03	0:39:02	0:05:56	2:45:44	0:02:53	1:57:28	Poland	
b8034201-dd0d-f111-8406-6045bd06566a	483	Claudiu Toth	M	M45-49	39	5:31:06	0:37:58	0:08:09	2:45:24	0:04:50	1:54:45	Romania	
3b08917c-381d-4ca7-8c8e-c56b5a1f1217	484	Tony Corcoran	M	M40-44	56	5:31:14	0:43:43	0:07:21	2:34:36	0:03:12	2:02:22	irl	
13f59350-a033-f111-88b3-6045bd02442d	485	Lars van den Bosch	M	M30-34	77	5:31:15	0:41:23	0:07:02	2:47:00	0:03:04	1:52:46	Netherlands	
3d102364-2c31-475d-befc-6da9b5bf810d	486	Bartlomiej Nalecz	M	M35-39	67	5:31:18	0:37:10	0:05:06	2:30:43	0:02:33	2:15:47	POL	
dc3c7d65-8aa2-f011-bbd2-000d3a5c6334	487	René Göhr	M	M35-39	68	5:31:19	0:37:29	0:05:06	2:47:22	0:04:04	1:57:18	deu	
b8f15d98-aad4-41b2-a3e3-bd7743e2a185	488	Jan Cermak	M	M60-64	5	5:31:21	0:35:38	0:06:32	2:34:47	0:03:40	2:10:44	CZ	
1ee0d2bf-241e-4fcf-8e7f-102773ef585e	489	Krzysztof Broz	M	M50-54	23	5:31:22	0:36:03	0:05:46	2:34:36	0:02:08	2:12:49	Poland	
528e6702-19aa-f011-bbd3-000d3a5b50ba	490	Łukasz Ziemba	M	M40-44	57	5:31:31	0:37:29	0:05:38	2:57:23	0:02:00	1:49:02	pol	
149c80a4-baea-4271-8320-8680b746c5d5	491	Lukasz Kawczynski	M	M35-39	69	5:31:38	0:40:29	0:06:47	2:19:57	0:02:28	2:21:57	Poland	
a32cef29-ecea-f011-8544-000d3a35ffc1	492	Saphira Förster	F	F30-34	7	5:31:54	0:38:37	0:04:46	2:47:51	0:02:27	1:58:13	Germany	
78e30c0a-d7a4-4b57-a1ec-1f131a32e11d	493	Klaudiusz Balcerzak-Kochan	M	M60-64	6	5:31:57	0:41:34	0:07:54	2:33:24	0:04:02	2:05:04	deu	
aceead32-32ac-f011-bbd3-6045bd05fcc1	494	Pippa Whewell	F	F25-29	12	5:31:59	0:40:47	0:04:55	2:50:06	0:02:55	1:53:16		
8e16b1bf-9f00-42ab-8c0f-dc6926079730	495	Mario Zerbe	M	M40-44	58	5:32:03	0:41:18	0:09:06	2:32:51	0:02:57	2:05:50	DE	
1d90a4c8-06e6-42a7-920a-f70b0939a3cb	496	Stefan Koller	M	M40-44	59	5:32:09	0:37:25	0:06:16	2:41:33	0:02:20	2:04:35	che	
c2a00353-2e30-f111-88b3-6045bd08b1a2	497	Wessel Hermkens	M	M25-29	76	5:32:10	0:41:47	0:07:16	2:16:28	0:04:09	2:22:30		
24d71d25-469a-f111-b8dc-0022480b84a3	498	Sławomir Grzebień	M	M35-39	70	5:32:17	0:45:49	0:05:49	2:35:40	0:03:26	2:01:32	Poland	
e0a48f50-72ba-f011-bbd3-0022480a7385	499	Ethan Cameron	M	M25-29	77	5:32:29	0:45:18	0:07:59	2:34:46	0:04:11	2:00:15	United Kingdom	
5ed74820-292c-f111-88b3-002248081bd6	500	Kevin Cruz Sønsterud	M	M25-29	78	5:32:29	0:42:11	0:08:06	2:51:20	0:03:30	1:47:23	Norway	
87f2c92e-75ba-f011-bbd3-6045bd05fcc1	501	Dawid Sołtysiak	M	M25-29	79	5:32:47	0:42:21	0:06:52	2:45:16	0:02:37	1:55:41	Poland	
1b4259a4-793d-f111-88b4-002248046451	502	Egor Nikitin	M	M30-34	78	5:32:55	0:39:41	0:06:55	2:48:41	0:02:57	1:54:41	esp	
a2ee0280-17b9-ea11-a812-000d3a591f9a	503	Anna Pawlok	F	F35-39	13	5:32:59	0:35:18	0:05:09	2:48:54	0:03:17	2:00:22	Poland	
301f5c22-d688-f011-b4cb-7ced8d3c8393	504	Nette Vanderhoydonk	F	F18-24	7	5:33:00	0:37:26	0:09:01	2:40:15	0:03:10	2:03:07	BE	
fd5738c1-15fa-4712-abe1-374e25fb95b3	505	Dariusz Kowalczyk	M	M60-64	7	5:33:14	0:40:19	0:04:38	2:37:13	0:03:47	2:07:17	Poland	
71348515-7841-f111-88b3-0022480a5755	506	Gijs Van der Worp	M	M18-24	52	5:33:15	0:42:57	0:06:42	2:39:01	0:03:51	2:00:44	nld	
626fbe1c-6008-ef11-9f8a-000d3a314c24	507	Gianluca Naldi	M	M25-29	80	5:33:15	0:38:47	0:05:37	2:38:09	0:03:10	2:07:31	IT	
03228e8c-7680-f011-b4cc-000d3a35ffc1	508	Ludvig Lund	M	M25-29	81	5:33:18	0:36:21	0:05:42	2:31:32	0:02:11	2:17:31		
6e127748-526a-f011-bec3-000d3a3173b5	509	Andreas Scharnhorst	M	M40-44	60	5:33:19	0:38:48	0:07:12	2:41:46	0:04:11	2:01:23	Germany	
293c3c33-e8d8-f011-8544-6045bd05f634	510	Nicholas Boudreau	M	M30-34	79	5:33:20	0:31:14	0:05:00	2:55:21	0:01:50	1:59:56	Canada	
b23db0dc-7d7c-f011-b4cc-000d3a35ffc1	511	Masih Mansouri	M	M35-39	71	5:33:24	0:34:53	0:07:23	2:45:58	0:03:04	2:02:06	deu	
dba56437-1a83-ee11-8179-000d3a314d17	512	Louise Brandon	F	F50-54	4	5:33:26	0:36:09	0:04:56	2:56:35	0:02:59	1:52:47	che	
628805d7-d935-4925-90f0-437d43cd9db3	513	Zbigniew Doga	M	M50-54	24	5:33:32	0:48:59	0:08:22	2:38:36	0:04:20	1:53:14	Poland	
09e9226d-25bb-4429-bb4b-3eb02e1e4fe0	514	Tomáš Hucl	M	M50-54	25	5:33:37	0:45:07	0:05:59	2:41:01	0:02:25	1:59:05	Czech Republic	
5fedaa8e-000a-f111-8406-0022480b35b6	515	Andzej Skindel	M	M40-44	61	5:33:37	0:37:14	0:06:58	2:45:42	0:03:26	2:00:17	ltu	
1f341278-7db9-f011-bbd3-6045bd05fcc1	516	Isaac Houston	M	M25-29	82	5:33:57	0:39:05	0:08:22	2:51:30	0:04:42	1:50:17		
b588e1b9-6323-4f46-a964-15a76f5caae5	517	Bohdan Bodyanchuk	M	M35-39	72	5:33:57	0:42:41	0:07:23	2:44:59	0:02:49	1:56:04	PT	
95d927e5-99d5-469d-872c-59d0f0db6ccb	518	Jaroslaw Czaja	M	M45-49	40	5:33:58	0:51:53	0:10:05	2:37:02	0:03:26	1:51:32	Poland	
e78f22d2-125f-465b-9d9f-f8780587c99c	519	Elzbieta Pohl - Duczmal	F	F50-54	5	5:34:01	0:41:06	0:04:57	2:46:17	0:02:21	1:59:20	PL	
de99dc55-1169-f011-bec2-000d3a5b7c3b	520	Joanna Bednarska	F	F35-39	14	5:34:08	0:38:07	0:05:43	2:50:54	0:03:16	1:56:09	Poland	
98614507-4e0c-4354-b2ad-3ed7f50d51de	521	Matt Swann	M	M35-39	73	5:34:12	0:40:31	0:06:15	2:38:23	0:03:48	2:05:16	gbr	
ec51aac5-9f2e-f111-88b3-0022480a4a58	522	Dawid Kolasiński	M	M18-24	53	5:34:14	0:52:51	0:06:02	2:41:13	0:02:46	1:51:21	Poland	
b031b50d-a0d3-4d45-8073-cea0b74379b5	523	Abigail Bohlin	F	F30-34	8	5:34:35	0:39:43	0:07:12	2:42:23	0:04:00	2:01:18	svk	
cb0caeac-821a-f111-8341-0022480b88da	524	Jan Guzik	M	M18-24	54	5:34:36	0:46:46	0:06:41	2:45:38	0:03:16	1:52:15	Poland	
92bc64f7-d4c5-4704-b777-e62670beaf6d	525	Zsolt Szegedi	M	M45-49	41	5:34:37	0:43:22	0:06:49	2:53:15	0:02:58	1:48:13	Hungary	
c89463cf-9a4b-f111-bec5-7c1e528d32d8	526	Patryk Groehl		M18-24	55	5:34:43	0:43:20	0:08:00	2:36:46	0:07:06	1:59:31	POL	
0ba760ff-1b43-4ca0-a22c-5a69b6979c0a	527	Andrzej Lewandowski	M	M65-69	2	5:34:49	0:36:41	0:05:54	2:52:03	0:03:26	1:56:46	POL	
b851cc85-74ba-f011-bbd3-000d3a5cf7d8	528	Jacek Kropacz	M	M50-54	26	5:34:53	0:40:15	0:07:56	2:39:40	0:04:19	2:02:43	Poland	
062549cf-55d5-f011-8544-000d3a5cf7d8	529	Adam Roscoe	M	M25-29	83	5:34:57	0:35:32	0:06:31	2:51:58	0:03:50	1:57:05	United Kingdom	
f299b834-53ff-f011-8406-0022480a5755	530	Antonín Breznický	M	M18-24	56	5:34:58	0:41:42	0:09:07	2:44:31	0:05:00	1:54:38	Czech Republic	
8ff7093e-3bec-f011-8544-6045bd09951e	531	Krzysztof Pokolenko	M	M40-44	62	5:34:59	0:41:33	0:04:54	2:45:52	0:03:01	1:59:39	Poland	
ecef6937-f22c-f111-88b3-6045bd08b1a2	532	Tim Gläser	M	M30-34	80	5:34:59	0:44:19	0:09:14	2:38:35	0:04:01	1:58:50	Germany	
7cea0486-f7d1-f011-bbd3-6045bd09951e	533	Andrea Lillacci	M	M30-34	81	5:35:00	0:41:29	0:05:19	2:43:51	0:02:23	2:01:59	Poland	
68013c0c-1a66-4ad6-97ef-2a0c27e22302	534	Luke O’dea	M	M30-34	82	5:35:01	0:39:45	0:07:21	2:53:33	0:04:29	1:49:53	GBR	
7cd510bc-131d-4f30-9988-3f5e88cc1a7e	535	Jaroslaw Przybylski	M	M50-54	27	5:35:04	0:34:02	0:06:55	2:44:26	0:05:17	2:04:24	Poland	
fcc3da7c-dc41-f111-88b4-0022480b84a3	536	Tom Lichenheim	M	M18-24	57	5:35:06	0:48:01	0:08:01	2:38:54	0:04:11	1:55:58	deu	
e2163fcc-eede-f011-8544-000d3a5b50ba	537	Gideon Lidstone	M	M18-24	58	5:35:11	0:35:02	0:07:46	2:50:08	0:03:50	1:58:24	United Kingdom	
2b6eb269-1fc7-f011-bbd2-000d3a5b5fc7	538	Sam Lamen	M	M30-34	83	5:35:17	0:40:45	0:06:00	2:53:04	0:02:23	1:53:06	United Kingdom	
a8506716-bb23-435e-bad6-ab039c096722	539	Domenico Serratore	M	M45-49	42	5:35:23	0:31:51	0:07:21	2:41:53	0:03:06	2:11:11	IT	
23f7e8be-e5f6-f011-8406-0022480a5755	540	Craig Griffin	M	M40-44	63	5:35:27	0:33:42	0:07:59	2:50:44	0:04:23	1:58:39		
05a779be-15aa-f011-bbd3-000d3a5b50ba	541	Rafał Grzegorzek	M	M35-39	74	5:35:46	0:36:01	0:05:46	2:56:53	0:05:16	1:51:51	Poland	
fc54416c-1026-f111-8341-0022480a5755	542	Łukasz Adamczyk	M	M40-44	64	5:35:52	0:38:06	0:06:34	2:46:32	0:02:43	2:01:58	Poland	
44199d8e-bbf0-ee11-904c-000d3a314c24	543	Nicolas Léger	M	M35-39	75	5:35:56	0:42:10	0:07:18	2:47:32	0:04:47	1:54:08	fra	
96692287-f187-ef11-ac21-002248049fdc	544	Bartosz Nimsz	M	M45-49	43	5:36:02	0:44:19	0:06:09	2:44:21	0:04:27	1:56:46	pol	
1464492d-2aef-4df4-af35-30a29357ede5	545	Moritz Kühl	M	M35-39	76	5:36:05	0:34:03	0:07:40	2:38:01	0:04:35	2:11:46	deu	
fef3c4e8-1b02-f111-8406-000d3a36ae11	546	Jakob Gmoser	M	M30-34	84	5:36:10	0:39:52	0:06:57	2:45:03	0:03:01	2:01:17	Austria	
290e3197-b300-f111-8406-002248046451	547	Carl Moritz Spanier	M	M18-24	59	5:36:14	0:39:26	0:07:33	2:49:48	0:05:02	1:54:25	Germany	
011ba8c3-a23c-4a60-b348-551e7b04f442	548	Benjamin Schwalm	M	M35-39	77	5:36:17	0:36:52	0:07:03	2:42:06	0:04:34	2:05:42	SG	
eb0686f0-36be-f011-bbd3-0022480a7385	549	Alan Tomaszewski	M	M18-24	60	5:36:25	0:40:48	0:05:39	2:52:29	0:03:11	1:54:18	Poland	
bebeacb5-242d-f111-88b4-0022480994c2	550	Jakub Pietrzak	M	M18-24	61	5:36:31	0:38:08	0:07:17	2:55:12	0:03:17	1:52:37	Poland	
17664620-1d13-f111-8406-0022480b84a3	551	Ruta Pakstaite	F	F30-34	9	5:36:35	0:45:38	0:05:59	2:48:40	0:04:46	1:51:32	LTU	
2ee73fff-5cac-f011-bbd3-000d3a5cf7d8	552	Jakub Hladik	M	M30-34	85	5:36:44	0:40:25	0:05:45	2:32:16	0:03:12	2:15:05	cze	
99f2ae44-87c3-ef11-b8e9-000d3a5a1803	553	Stanislav Bilek	M	M50-54	28	5:36:46	0:40:05	0:06:58	2:42:43	0:03:45	2:03:15	CZ	
87bd0f8d-c167-f011-bec3-6045bd05fcc1	554	Kevin McBride	M	M40-44	65	5:36:46	0:34:20	0:08:18	2:52:37	0:04:21	1:57:09		
05b59639-af42-f011-b4ca-000d3a5cf7d8	555	Wojtek Krzyżostaniak		M25-29	84	5:36:50	0:35:51	0:06:27	2:36:29	0:03:37	2:14:26	POL	
af5f08b6-b626-f111-8341-000d3a5c1a75	556	Eryk Dziubalka		M35-39	78	5:36:53	0:40:53	0:09:18	2:41:04	0:07:25	1:58:13	DEU	
09f0e818-a3e0-f011-8544-000d3a3173b5	557	Mikołaj Klauz	M	M25-29	85	5:37:14	0:41:51	0:05:23	2:53:02	0:02:26	1:54:33	Poland	
3cb43faa-bcef-f011-8407-6045bd09fcf5	558	Michael Hofmann	M	M50-54	29	5:37:21	0:37:27	0:08:23	2:46:11	0:03:51	2:01:28	Germany	
c0198344-0589-4743-a15d-2416c7c20deb	559	Wojciech Krynicki	M	M45-49	44	5:37:21	0:41:32	0:07:46	2:39:35	0:03:39	2:04:49	Poland	
8a01886f-5827-f111-8341-002248081bd6	560	Dawid Klabisz	M	M40-44	66	5:37:38	0:41:45	0:11:31	2:47:52	0:05:01	1:51:31	Poland	
734ce38b-b305-ef11-9f8a-000d3a314c24	561	Marie-Claire MCKENNA	F	F30-34	10	5:37:47	0:44:38	0:08:15	2:54:51	0:05:30	1:44:33	irl	
c6fac337-8d6e-f111-ab0d-0022480994c2	562	Bartosz Libera	M	M35-39	79	5:37:53	0:45:03	0:06:00	2:36:16	0:02:44	2:07:51	Poland	
e01c3570-64c1-f011-bbd3-6045bd09951e	563	Maciej Biały	M	M40-44	67	5:38:01	0:39:40	0:06:27	2:50:58	0:03:30	1:57:26	Poland	
4852e5fb-2b15-f111-8341-6045bd08b1a2	564	Arnaud CLYTI	M	M25-29	86	5:38:01	0:40:43	0:07:06	2:48:39	0:04:34	1:56:59	France	
dd83f5b8-d94e-40be-8c8c-7ccfc341474a	565	Jacek Machata	M	M45-49	45	5:38:05	0:37:42	0:06:37	2:48:34	0:03:07	2:02:05	pol	
60c6a8a7-973e-f111-88b3-7ced8d6e9ced	566	Timothy Rumary	M	M25-29	87	5:38:15	0:42:32	0:10:33	2:37:37	0:04:11	2:03:22	gbr	
899eb760-1fc7-f011-bbd3-000d3a5cf7d8	567	Tomasz Talarski	M	M25-29	88	5:38:39	0:42:40	0:07:09	2:50:45	0:02:46	1:55:19	Poland	
8fea99fb-75ba-f011-bbd3-000d3a3173b5	568	Filip Wesołowski	M	M18-24	62	5:38:45	0:38:29	0:05:06	2:46:20	0:03:28	2:05:22	Poland	
39219c4e-0ec9-f011-bbd2-000d3a5b5fc7	569	Jan Reinisch	M	M18-24	63	5:38:54	0:38:23	0:07:07	2:49:19	0:03:36	2:00:30	Czech Republic	
147cedd6-75ba-f011-bbd3-000d3a3173b5	570	Szymon Dominik	M	M18-24	64	5:38:58	0:37:40	0:07:09	3:02:41	0:03:17	1:48:10	Poland	
a896fe0f-7b0f-4455-a324-84a37b8c2727	571	Anna Kupczak	F	F25-29	13	5:38:59	0:41:48	0:04:43	2:42:45	0:02:19	2:07:25	Poland	
405d8ccf-208f-ef11-ac21-000d3a338a3c	572	Marc Behnam	M	M25-29	89	5:39:00	0:34:00	0:07:14	2:42:11	0:03:03	2:12:32	Egypt	
3355cf2e-ceda-f011-8543-6045bd05fcc1	573	Sarah PRALLET	F	F25-29	14	5:39:00	0:42:32	0:06:06	2:57:49	0:02:42	1:49:51	deu	
e54056ae-8618-4297-ae50-0e16769f4db0	574	Krzysztof Przybylski	M	M40-44	68	5:39:03	0:46:23	0:07:46	2:48:07	0:02:45	1:54:03	Poland	
a46e41b2-982a-f111-88b3-6045bd06566a	575	Youp Terberg	M	M18-24	65	5:39:05	0:37:38	0:05:42	2:54:50	0:02:43	1:58:12		
a7ae4438-9523-f011-8c4d-000d3a35ffc1	576	Hendrik Koop	M	M50-54	30	5:39:09	0:28:40	0:05:50	2:36:25	0:02:52	2:25:21	DE	
853358b3-76b2-f011-bbd3-0022480b33c8	577	kacper kucharski		M18-24	66	5:39:10	0:44:21	0:05:56	2:47:23	0:01:55	1:59:34		
8ca3fdd3-5342-4e55-b70c-c9be5e8ddb61	578	Magdalena Fast	F	F45-49	2	5:39:25	0:38:20	0:05:34	2:36:42	0:03:36	2:15:13	Poland	
8708fc0f-2afd-f011-8406-0022480994c2	579	Susan Nisbet	F	F50-54	6	5:39:29	0:37:10	0:06:02	2:47:14	0:02:24	2:06:38	gbr	
f0cf3f85-4b3a-4b63-8a5f-2b6ea2f09a95	580	Xavier Aubert	M	M35-39	80	5:39:29	0:43:33	0:07:18	2:47:28	0:03:02	1:58:09	fra	
a2a1bfe5-6f3f-438f-ad74-2ed0c7f627ca	581	Reina Blechschmidt	F	M60-64	8	5:39:47	0:39:44	0:06:28	2:44:23	0:03:37	2:05:35	DE	
98e85fb6-49e6-f011-8544-0022480a7385	582	Mateusz Kiersnowski	M	M25-29	90	5:40:02	0:37:07	0:07:59	2:51:14	0:03:09	2:00:34		
27ea57d1-4e9e-4b5c-9e53-c66d5b22b18f	583	Michael Nanz	M	M45-49	46	5:40:03	0:38:52	0:06:34	2:33:22	0:02:28	2:18:46	DE	
394f5de5-4a3d-f111-88b4-002248046451	584	Andre Chou	M	M30-34	86	5:40:06	0:43:46	0:06:45	2:42:44	0:06:51	2:00:00	United Kingdom	
08845234-2a63-f111-a826-0022480994c2	585	Mateusz Ciechomski	M	M30-34	87	5:40:15	0:42:32	0:06:04	2:41:17	0:02:50	2:07:32	Poland	
0278b96c-de23-f111-8341-0022480994c2	586	Riccardo Scarpelli	M	M40-44	69	5:40:20	0:40:26	0:08:51	2:44:14	0:04:37	2:02:11	ita	
dbc5c605-addc-f011-8544-6045bd09951e	587	Adam Sawicki	M	M25-29	91	5:40:27	0:38:28	0:05:53	2:50:23	0:02:41	2:03:01	Poland	
e1cff40d-cf4c-4dbb-a98e-b95a2d593b6f	588	Knut Bergo	M	M55-59	10	5:40:32	0:44:40	0:08:11	2:47:23	0:05:02	1:55:17	NO	
a868840c-043b-f111-88b4-0022480b3ee9	589	Dinis Fernandes	M	M25-29	92	5:40:35	0:41:31	0:05:58	2:48:24	0:02:49	2:01:54		
eb8aeead-57aa-ee11-be37-000d3a314d17	590	Dmitrij Malinin	M	M40-44	70	5:40:36	0:39:49	0:05:34	2:48:24	0:03:15	2:03:35	Lithuania	
3ed0fb5b-a656-ed11-bba3-000d3a314c24	591	Milosz Maciejczak	M	M30-34	88	5:40:38	0:45:23	0:08:37	2:32:22	0:04:15	2:10:01	GB	
a0f65913-48ac-4ecb-83b1-f84bfc5b700d	592	Gunnar Ralf	M	M45-49	47	5:40:43	0:50:01	0:07:33	2:45:32	0:05:02	1:52:34	DE	
77270117-0c43-f111-88b3-7ced8d70ea23	593	Simon Lewis	M	M30-34	89	5:40:48	0:36:34	0:08:50	2:27:53	0:04:18	2:23:13	United Kingdom	
ddb5014b-26fa-f011-8406-0022480b84a3	594	Matthias Zelazny	M	M40-44	71	5:40:49	0:52:51	0:07:28	2:49:54	0:03:36	1:47:01	Germany	
6f1f8dc1-960f-4a03-9a6f-cd7e87b76848	595	Krzysztof Pruchniewski	M	M50-54	31	5:40:53	0:41:44	0:05:25	2:42:18	0:04:36	2:06:50	POL	
541ab579-ce4e-f011-877a-000d3a5cf7d8	596	Kamil Tyl	M	M30-34	90	5:40:57	0:37:04	0:07:09	2:54:27	0:04:42	1:57:35	Poland	
eb3b5451-693d-412f-b66e-69d50a847f95	597	Oliver Schmidt	M	M35-39	81	5:40:58	0:38:52	0:08:01	2:53:52	0:04:45	1:55:27	DE	
865e50d9-6833-f011-8c4e-000d3a5b7c3b	598	Jack Love	M	M30-34	91	5:41:01	0:35:38	0:09:02	2:47:08	0:04:42	2:04:32	United Kingdom	
07b89aab-a458-f011-877a-000d3a5b7c3b	599	Mark Müller	M	M25-29	93	5:41:02	0:34:02	0:08:05	2:46:11	0:03:37	2:09:08	DE	
fdedb348-2bb0-ef11-b8e8-6045bd088264	600	Luka Henshaw	M	M30-34	92	5:41:10	0:33:54	0:06:45	3:01:12	0:06:28	1:52:51	GBR	
94cb4292-fee6-433b-a386-9b4716628a0b	601	Mariusz Fajok	M	M55-59	11	5:41:22	0:42:14	0:07:27	2:36:10	0:04:40	2:10:51	pol	
2477edf3-17fd-f011-8406-0022480994c2	602	Anastazja Domek	F	F25-29	15	5:41:30	0:31:08	0:04:18	2:54:40	0:02:33	2:08:51	Poland	
f413bafc-55a0-4c7b-8947-fe64e8e30b0d	603	Demetrious Kalli	M	M60-64	9	5:41:35	0:45:08	0:08:35	2:39:16	0:03:50	2:04:46	cyp	
ddc604d8-0211-f111-8406-6045bd06566a	604	Lubomír Mik	M	M40-44	72	5:41:40	0:41:28	0:05:48	2:46:49	0:02:23	2:05:12	Czech Republic	
f5a75572-1417-4e56-875d-8f309f850d3e	605	Sascha Kleber	M	M25-29	94	5:41:41	0:46:29	0:09:02	2:51:31	0:04:27	1:50:12	DE	
d9e1157a-ea36-4951-a7b6-b53676c10a73	606	Tomasz Ochrymowicz	M	M50-54	32	5:41:42	0:40:53	0:04:48	2:46:13	0:06:01	2:03:48	Poland	
2a62c37f-a22d-f111-88b3-6045bd08b1a2	607	Tomáš Přikryl	M	M35-39	82	5:41:52	0:40:59	0:06:32	2:42:01	0:04:15	2:08:05	Czech Republic	
3e9b5b3a-992d-f111-88b3-002248046ec8	608	Marek Polák	M	M35-39	83	5:41:53	0:38:53	0:05:16	2:53:46	0:02:39	2:01:19		
9201ba02-1746-ed11-bba1-000d3a31440b	609	Marek Ratajczak	M	M60-64	10	5:41:54	0:44:05	0:08:19	2:41:59	0:05:19	2:02:12	Poland	
4e3575f3-3933-47b7-a5b3-0e85675ee76b	610	Vera Nordmann	F	F30-34	11	5:41:58	0:32:27	0:05:56	2:42:43	0:02:08	2:18:44	DE	
c9585bd6-c0fb-f011-8406-6045bd08b1a2	611	Fabienne Maus	F	F25-29	16	5:41:59	0:38:45	0:06:23	3:02:06	0:04:23	1:50:21	Germany	
19fd1895-b300-f111-8406-002248081bd6	612	Eliasz Pawlak	M	M35-39	84	5:42:03	0:42:07	0:05:41	2:52:07	0:03:08	1:59:00	Poland	
a4378c72-56f1-f011-8407-00224805e61c	613	Krzysztof Jesionek	M	M45-49	48	5:42:07	0:40:01	0:07:11	3:01:39	0:03:58	1:49:17	Poland	
4827e51a-ba9d-4c12-abd4-6df3fcbb2922	614	Pawel Wasniowski	M	M50-54	33	5:42:11	0:42:59	0:09:15	2:50:43	0:04:20	1:54:54	PL	
47c917b8-c60a-4596-8313-6e5de24a26b7	615	Johann Waldemar Brillat Arce	M	M35-39	85	5:42:13	0:52:05	0:07:47	2:39:42	0:05:22	1:57:16	deu	
daa5e42b-211d-f111-8341-0022480b3ee9	616	Kareem Alabd	M	M25-29	95	5:42:13	0:44:02	0:07:10	2:52:52	0:04:17	1:53:51	GBR	
4e306bad-b300-f111-8406-002248046451	617	Mohamed Laifi	M	M25-29	96	5:42:24	0:49:19	0:06:38	2:46:40	0:03:52	1:55:54	Germany	
aa5012c0-7183-4b8a-9c06-0f39b81cce23	618	Maciej Król	M	M55-59	12	5:42:24	0:38:25	0:05:07	2:44:08	0:03:15	2:11:29	Poland	
debbf8de-9654-ef11-a316-000d3a371e3b	619	Marek Zelek	M	M50-54	34	5:42:27	0:42:48	0:08:20	2:38:25	0:04:19	2:08:35	Poland	
00c7ad62-5ae5-f011-8543-6045bd05fcc1	620	Anna Bódi	F	F18-24	8	5:42:34	0:36:12	0:08:26	2:56:44	0:03:41	1:57:31	Hungary	
3de7451d-d108-4c9e-af86-58ed735d7950	621	Karol Morawski	M	M30-34	93	5:42:35	0:41:01	0:06:59	2:53:15	0:02:58	1:58:22	Poland	
c0024c44-5fd0-4a14-8dc9-a08bf5cdcb45	622	Karol Glowacki	M	M40-44	73	5:42:56	0:36:12	0:07:12	2:27:31	0:05:23	2:26:38	POL	
7dbde077-30e7-f011-8543-000d3a5b5fc7	623	Krzysztof Bernacki	M	M35-39	86	5:43:01	0:42:56	0:10:18	2:52:47	0:06:47	1:50:12	Poland	
9b4b19c4-6609-eb11-a813-00224808bb10	624	Jakub Rosiński		M35-39	87	5:43:01	0:37:32	0:05:42	2:41:39	0:02:52	2:15:16		
b3fff811-c220-f111-8341-0022480a5755	625	Filip DUDZIK	M	M18-24	67	5:43:04	0:39:01	0:08:22	2:55:15	0:04:40	1:55:47	Poland	
393011c2-521d-f111-8341-6045bd06566a	626	Rob Tobey	M	M35-39	88	5:43:09	0:45:17	0:06:35	2:51:03	0:03:24	1:56:50	United Kingdom	
1e3d89ea-8633-f111-88b3-6045bd04ad26	627	Koen Gielis	M	M30-34	94	5:43:14	0:39:10	0:07:00	2:45:25	0:04:26	2:07:14	Netherlands	
42484fe3-821a-f111-8341-002248046ec8	628	Rafael Chudzik	M	M40-44	74	5:43:20	0:31:40	0:09:02	2:53:35	0:06:04	2:02:59	Germany	
6f91568b-b035-f111-88b3-0022480a5755	629	Steven Wiora	M	M18-24	68	5:43:29	0:39:00	0:09:39	2:52:44	0:04:08	1:57:58	Germany	
bd067619-b806-ef11-9f89-0022480a1ec4	630	Zaneta Leszczynska	F	F30-34	12	5:43:32	0:39:26	0:04:53	2:51:14	0:02:39	2:05:19	POL	
44626185-da04-46b4-8d78-87dfae747fe8	631	Krzysztof Skiba	M	M40-44	75	5:43:32	0:37:00	0:06:06	2:54:16	0:02:24	2:03:47	United Kingdom	
87852791-ab03-f111-8406-0022480b88da	632	Nathan Hathaway	M	M18-24	69	5:43:33	0:34:43	0:05:48	2:52:42	0:03:08	2:07:11		
788caf6d-5ef5-f011-8406-002248046ec8	633	Karsten Handrick	M	M50-54	35	5:43:35	0:46:11	0:07:56	2:45:01	0:04:46	1:59:42	Germany	
0ac3c952-bb23-f011-8c4e-000d3a5b50ba	634	Roo Black	F	F30-34	13	5:43:43	0:35:03	0:05:27	2:47:53	0:02:41	2:12:41	gbr	
10d8eee2-b0bd-f011-bbd3-6045bd05fcc1	635	Aidan Kane	M	M18-24	70	5:43:48	0:42:03	0:06:22	2:59:54	0:02:34	1:52:54		
d91b9cd7-fc70-4021-b447-c2a632271bac	636	Laimonas Rimkus	M	M40-44	76	5:43:50	0:38:46	0:05:11	2:38:36	0:03:26	2:17:50	Lithuania	
04fbd52c-4a81-4293-82cd-93252d9237d3	637	Ben Clarke	M	M30-34	95	5:43:57	0:37:25	0:04:40	2:43:05	0:03:05	2:15:41	GB	
5e8ef2a5-a15d-4fea-a845-f4cbdc5417ee	638	Scott Mckenzie	M	M18-24	71	5:44:04	0:38:40	0:05:47	2:51:29	0:03:15	2:04:53	AU	
c5261ccc-0dce-f011-bbd3-6045bd05fcc1	639	David Szmaragowski	M	M18-24	72	5:44:07	0:36:04	0:08:42	2:47:59	0:03:37	2:07:45		
3d27568a-377f-48c5-a4fc-f5ecb96ffad1	640	Bartosz Poliszewski	M	M40-44	77	5:44:13	0:44:34	0:07:53	2:33:07	0:02:52	2:15:47	Poland	
6e055683-c743-ed11-bba1-000d3a314c24	641	sergio leal aguilar	M	M18-24	73	5:44:19	0:35:57	0:07:56	2:32:18	0:03:09	2:24:59		
c899f7d6-cb6e-f011-bec3-000d3a35ffc1	642	Rafał Olichwer	M	M35-39	89	5:44:35	0:42:11	0:05:14	2:42:33	0:02:14	2:12:23	Poland	
c1242292-b6f5-ef11-9342-000d3a5a1803	643	Michal Kanak	M	M30-34	96	5:44:42	0:43:00	0:06:20	2:41:54	0:02:58	2:10:31		
e79be8ae-8963-f011-bec3-000d3a5cf7d8	644	Mateusz Gruszczyński	M	M40-44	78	5:44:45	0:44:51	0:04:58	2:28:40	0:03:14	2:23:02	PL	
375b1c2d-0a82-ef11-ac21-000d3a5a1803	645	Tiago D. Rodrigues	M	M40-44	79	5:44:45	0:45:07	0:09:09	2:35:55	0:02:58	2:11:37	AE	
104ff1eb-9c52-476e-8490-2f31288eb520	646	Stefan Roganovic	M	M30-34	97	5:44:52	0:42:20	0:07:14	2:52:21	0:02:40	2:00:18	US	
0007c3a5-97ec-f011-8543-00224804742c	647	Roman Makarov	M	M35-39	90	5:45:00	0:40:16	0:08:34	2:51:20	0:04:48	2:00:02	United Kingdom	
353e3769-0ff2-f011-8407-0022480b738e	648	Olivia Smith	F	F25-29	17	5:45:04	0:37:12	0:06:16	3:02:55	0:04:41	1:54:01	United Kingdom	
f18618aa-968e-f011-b4cc-000d3a35ffc1	649	Elias Schächl	M	M25-29	97	5:45:16	0:41:36	0:08:55	2:40:22	0:05:20	2:09:03		
ff9644be-454a-4f0c-833d-9aad718c7278	650	Claudia Victoria Perez Barba	F	F30-34	14	5:45:21	0:42:56	0:07:08	2:52:03	0:05:20	1:57:54	mex	
f83f5328-df6b-4db3-8a38-57895264a591	651	Denny Donath	M	M35-39	91	5:45:25	0:52:19	0:06:04	2:43:27	0:03:23	2:00:12	DE	
1b1a3da9-170e-449a-a5b4-8c6988ac5364	652	Lukasz Kalbarczyk	M	M35-39	92	5:45:26	0:49:01	0:06:35	2:40:26	0:03:07	2:06:17	Poland	
99dad0bc-7443-4a84-8d4f-bded1c277a3b	653	Natalia Bruska	F	F35-39	15	5:45:27	0:37:13	0:04:55	2:53:28	0:03:05	2:06:46	Poland	
d475ec37-61b7-f011-bbd3-000d3a3173b5	654	Michał Czech	M	M18-24	74	5:45:35	0:39:44	0:05:55	2:53:08	0:02:44	2:04:05	Poland	
46ddfa57-75ba-f011-bbd3-000d3a5cf7d8	655	Olaf Makuchowski	M	M25-29	98	5:45:38	0:43:41	0:06:45	2:42:28	0:03:00	2:09:43	Poland	
253283e3-71c5-f011-bbd2-6045bd05deae	656	Filip Załudzki	M	M18-24	75	5:45:55	0:48:47	0:06:03	3:01:13	0:01:48	1:48:04	Poland	
d3ec90f9-fcbd-f011-bbd3-002248098cfa	657	Conor Smyth	M	M18-24	76	5:45:58	0:49:49	0:07:22	2:59:45	0:03:00	1:46:02	Ireland	
35161bf8-74ba-f011-bbd3-6045bd05f634	658	Tomasz Gonciarz	M	M25-29	99	5:46:15	0:43:45	0:07:25	2:52:52	0:02:04	2:00:09	Poland	
c84a0fe1-6118-e911-a982-000d3a34ed06	659	Michael Maus	M	M55-59	13	5:46:25	0:51:01	0:06:34	2:48:50	0:04:14	1:55:46	DE	
56599710-b142-f011-b4ca-000d3a5b7c3b	660	Kamil Ciepiela	M	M18-24	77	5:46:37	0:42:34	0:06:56	2:57:16	0:03:23	1:56:28		
e5f95e7c-f7d1-f011-8543-6045bd01e87a	661	Oskar Cedro	M	M30-34	98	5:46:42	0:39:43	0:09:51	2:54:38	0:03:45	1:58:43	Poland	
a8606272-a1f5-f011-8406-0022480a5755	662	Joseph McNeil	M	M30-34	99	5:46:51	0:34:50	0:09:35	2:58:10	0:05:42	1:58:34	United Kingdom	
33864d5c-df86-48e5-8c1a-51f9cf9e43c7	663	Šimon Peter Bari	M	M30-34	100	5:46:59	0:39:28	0:05:03	2:29:29	0:03:04	2:29:55	Czech Republic	
7ff17947-9a7c-42d0-9ab3-cf638da3a307	664	Henry Graham	M	M30-34	101	5:47:10	0:43:03	0:07:32	3:14:02	0:03:20	1:39:13	gbr	
da65afe4-75fb-f011-8406-6045bd06566a	665	Anuar Zhangozin	M	M40-44	80	5:47:12	0:42:23	0:10:53	2:46:29	0:03:46	2:03:41	BEL	
f195a8a1-c200-4d2f-bfdc-cd97893f1c8a	666	Robert Hellwig	M	M45-49	49	5:47:13	0:40:14	0:07:51	2:50:45	0:03:33	2:04:50	DE	
6581a997-912b-f111-88b3-0022480b35b6	667	Agata Dobrzyńska	F	F35-39	16	5:47:18	0:42:32	0:05:27	3:01:15	0:03:19	1:54:44	Poland	
028d886d-292c-ef11-840b-00224809fd7c	668	Ollie Smith	M	M30-34	102	5:47:19	0:44:23	0:07:58	2:48:39	0:06:01	2:00:18	United Kingdom	
92ac3b05-2c15-f111-8341-002248046ec8	669	Hippolyte Robinne	M	M25-29	100	5:47:19	0:42:18	0:07:15	2:46:41	0:02:53	2:08:12	fra	
ac53360a-b3bc-ef11-b8e8-000d3a5ae96c	670	Eurico Pinheiro Gandra Filho	M	M35-39	93	5:47:32	0:39:44	0:07:06	2:39:33	0:03:26	2:17:42	AT	
99ca7597-9ffe-f011-8406-0022480b35b6	671	Eva Petrecká	F	F30-34	15	5:47:43	0:39:41	0:08:29	2:46:09	0:10:09	2:03:15	Czech Republic	
28724c33-c26c-f011-bec3-6045bd05fcc1	672	Piotr Szczepaniak	M	M35-39	94	5:47:48	0:42:19	0:07:05	2:57:50	0:03:10	1:57:24	Poland	
b6a8e8bb-c45d-4397-b0d9-24b78069da6c	673	Orbélinda Quin Ore	F	F30-34	16	5:47:53	0:29:58	0:06:01	2:56:20	0:02:22	2:13:12	FR	
63248bfb-5fde-4eaf-a108-0220dc870283	674	Lucie Rudolfova	F	F40-44	14	5:47:58	0:36:23	0:05:55	2:59:07	0:02:46	2:03:47	Czech Republic	
1eacdb9e-3e7c-47e9-98f1-6076885cb7ec	675	Niamh Tierney	F	F25-29	18	5:48:13	0:32:50	0:06:48	3:09:38	0:04:13	1:54:44	Ireland	
242b2346-371c-f111-8341-002248046451	676	Oleksandr Romanenko	M	M40-44	81	5:48:21	0:40:38	0:06:59	2:54:59	0:03:21	2:02:23	Germany	
93e580bf-cd3d-f111-88b4-002248046ec8	677	Tomáš Solich	M	M45-49	50	5:48:30	0:43:42	0:05:38	2:38:33	0:03:44	2:16:53	Czech Republic	
a4f49d08-6d4f-4634-85d6-7ad058969e56	678	Paul Knight	M	M55-59	14	5:48:44	0:43:53	0:08:54	2:47:52	0:05:23	2:02:43	GBR	
846f968d-73ba-f011-bbd2-000d3a5b7c3b	679	Piotr Wesołowski	M	M18-24	78	5:48:47	0:48:00	0:07:39	3:04:07	0:04:01	1:45:00	Poland	
21495d97-1e1d-f011-998a-000d3a5b50ba	680	Laura Bingham	F	F18-24	9	5:48:49	0:37:44	0:07:04	3:07:29	0:04:44	1:51:48	GB	
c90e364b-c3e9-f011-8544-7ced8d6df9f5	681	Andrew Emad		M25-29	101	5:48:50	0:37:34	0:06:09	3:02:45	0:03:34	1:58:47	EGY	
6f6e03ad-9e1d-f111-8341-0022480994c2	682	Oskar Rajski	M	M18-24	79	5:48:59	0:31:41	0:05:36	2:40:16	0:02:39	2:28:47	United Kingdom	
467455a3-b300-f111-8406-0022480a5755	683	Lucas gornall	M	M18-24	80	5:49:11	0:40:36	0:07:09	3:03:58	0:06:51	1:50:37	United Kingdom	
2d18db3f-5f2b-f111-88b3-0022480a5755	684	Peter Schüttler	M	M18-24	81	5:49:12	0:42:08	0:06:25	3:01:39	0:04:04	1:54:56	Germany	
5258e295-890f-f111-8406-0022480b35b6	685	Erik Thomas Enger	M	M50-54	36	5:49:33	0:46:05	0:09:39	2:33:56	0:03:18	2:16:35	nor	
1bfa3add-9640-f111-88b4-0022480994c2	686	Pawel Makowski	M	M30-34	103	5:49:37	0:39:53	0:10:52	3:04:43	0:06:46	1:47:24	Poland	
77339ec4-a05d-4605-bdc4-510bef4a72aa	687	Nicolas Vanvarenbergh	M	M30-34	104	5:49:41	0:37:05	0:07:49	2:49:56	0:02:40	2:12:11	bel	
f49b0a55-60f2-4916-9ed5-2403738769f0	688	Caleb Ward	M	M25-29	102	5:49:42	0:46:12	0:07:00	2:52:16	0:04:49	1:59:25	GBR	
2aaa8ebe-f415-f111-8341-0022480b3ee9	689	Martin Hartl	M	M30-34	105	5:49:46	0:33:10	0:05:37	2:51:40	0:02:19	2:17:00	Czech Republic	
c6870a76-b300-f111-8406-6045bd08b1a2	690	Eleanor Priestley	F	F18-24	10	5:49:50	0:34:53	0:06:14	3:07:30	0:03:07	1:58:06	Germany	
4d221909-8723-4cc4-93c7-073a80bbc995	691	Adarsh Ankush	M	M30-34	106	5:50:06	0:40:43	0:07:48	2:57:54	0:04:42	1:58:58	deu	
561dc422-23d8-f011-8543-6045bd05fcc1	692	Katarzyna Jarzyńska	F	F18-24	11	5:50:14	0:38:19	0:05:32	3:09:42	0:05:20	1:51:20	Poland	
bb925cbb-22fe-f011-8406-0022480bc126	693	Richard Pražan	M	M18-24	82	5:50:18	0:39:19	0:10:45	2:45:08	0:04:59	2:10:07	Czech Republic	
8fa68e4e-26de-42a7-ba46-be06bd813d8b	694	Urszula Łapawa	F	F40-44	15	5:50:19	0:36:43	0:07:01	2:43:49	0:03:59	2:18:48	pol	
f84c0402-accf-f011-bbd3-6045bd05fcc1	695	Artur Faruga	M	M35-39	95	5:50:22	0:44:01	0:09:41	2:46:59	0:06:13	2:03:28	Poland	
db8ca5bf-da96-ef11-8a6a-000d3a338a3c	696	James Martin	M	M35-39	96	5:50:23	0:49:41	0:08:16	2:42:27	0:05:39	2:04:20	gbr	
013352b0-bcef-f011-8407-0022480c370f	697	Heiko Hoffmann	M	M45-49	51	5:50:30	0:41:07	0:10:44	2:58:16	0:04:43	1:55:41	Germany	
665f6024-3c8c-4614-9cde-f5c85d251dfc	698	Meinhard Meier	M	M60-64	11	5:50:35	0:41:15	0:08:05	2:44:41	0:03:50	2:12:44	DE	
934ea23e-3c1f-4d2e-84a0-83c7d5442db8	699	Steven Abrams	M	M40-44	82	5:50:46	0:38:50	0:07:39	2:54:38	0:05:12	2:04:26	CH	
8f5d553d-a8b8-f011-bbd3-000d3a3173b5	700	Jonathan Dearden-Williams	M	M30-34	107	5:50:50	0:47:30	0:08:19	2:49:36	0:03:16	2:02:09		
92c96fc3-5dd9-f011-8544-000d3a5cf7d8	701	Martin Vnouček	M	M50-54	37	5:50:58	0:40:25	0:07:10	2:44:45	0:04:06	2:14:32	cze	
f5895b8b-7ae9-f011-8544-000d3a5b50ba	702	Edoardo Grillo	M	M25-29	103	5:51:15	0:32:58	0:08:54	2:51:22	0:03:13	2:14:47	Italy	
85c3cac0-3971-4327-b30d-752ff6272267	703	Martin Navrátil	M	M40-44	83	5:51:45	0:29:57	0:04:52	2:24:41	0:05:36	2:46:39	Czech Republic	
aa08da91-74ba-f011-bbd3-000d3a5cf7d8	704	Łukasz Wawrzyniak	M	M35-39	97	5:51:45	0:39:34	0:06:31	2:56:04	0:02:55	2:06:41	Poland	
5d497e7e-b300-f111-8406-002248046451	705	Darragh Scanlon	M	M30-34	108	5:51:50	0:41:04	0:05:37	2:58:25	0:02:25	2:04:20	Ireland	
af27b567-b300-f111-8406-6045bd06566a	706	Maciej Stelmachowski	M	M30-34	109	5:52:01	0:42:50	0:06:43	2:48:21	0:03:37	2:10:29	Poland	
d0bbc7e3-52ff-f011-8406-6045bd06566a	707	Rafal Wierzbicki	M	M30-34	110	5:52:10	0:50:36	0:09:35	2:52:27	0:04:47	1:54:44	United Kingdom	
94da9183-b300-f111-8406-0022480b88da	708	Tomasz Dajczak	M	M30-34	111	5:52:10	0:45:46	0:07:17	2:58:38	0:04:10	1:56:19	Poland	
2d03770c-28bb-f011-bbd3-6045bd05f634	709	Jamal Adadi	M	M30-34	112	5:52:18	0:47:57	0:08:07	2:58:37	0:03:58	1:53:38	gbr	
83962f19-1487-f011-b4cc-0022480c097c	710	Catherine Matthews	F	F60-64	1	5:52:20	0:34:29	0:07:14	3:05:44	0:03:59	2:00:55	gbr	
bbd14c13-dec0-f011-bbd3-000d3a5b50ba	711	Kacper Rzadkiewicz	M	M18-24	83	5:52:21	0:37:54	0:06:44	2:46:03	0:05:01	2:16:40	Poland	
64dfe8c6-2153-f011-877a-0022480a7385	712	Edward Hook	M	M18-24	84	5:52:21	0:40:07	0:06:53	2:41:07	0:04:58	2:19:16	gbr	
ae007e1c-148d-4c7a-a7d0-295ee3ae9cb7	713	Egle Ciuzaite	F	F45-49	3	5:52:23	0:52:03	0:07:24	2:58:44	0:03:58	1:50:13	ltu	
92b3403b-9297-f011-b4cc-6045bd05fcc1	714	Mathias Chicha-Munkes	M	M30-34	113	5:52:34	0:46:32	0:08:09	3:01:28	0:02:58	1:53:27	deu	
1b73e915-8d65-f011-bec2-000d3a5b7c3b	715	Filip Horák	M	M30-34	114	5:52:38	0:47:08	0:06:32	2:43:03	0:04:10	2:11:45	CZ	
bf1a9019-2c15-f111-8341-0022480a5755	716	Cemil Aslan	M	M18-24	85	5:52:43	0:44:01	0:08:24	2:59:00	0:06:20	1:54:58	Austria	
b76e8d86-fec2-456f-8938-8e216c4bee7a	717	Gert Møller	M	M65-69	3	5:52:43	0:36:37	0:09:03	2:50:50	0:09:24	2:06:50	DK	
26a1e536-8c21-f111-8341-0022480994c2	718	Max Wyatt	M	M25-29	104	5:52:46	0:37:44	0:06:13	2:53:08	0:03:43	2:11:58		
e9d530dc-5b13-f111-8406-000d3a5c1a75	719	Charly Teixeira Miotti		F35-39	17	5:52:52	0:41:57	0:07:49	2:57:00	0:04:39	2:01:27	NLD	
67df6628-a931-f111-88b4-0022480b35b6	720	Kacper Kołacz	M	M25-29	105	5:52:53	0:40:59	0:07:12	2:55:19	0:06:31	2:02:52	Poland	
a1c2be2f-852e-f111-88b3-0022480b35b6	721	Noel Schulz	M	M18-24	86	5:52:59	0:38:52	0:06:21	2:42:27	0:02:01	2:23:18	Germany	
77be7c5c-75ba-f011-bbd3-000d3a35ffc1	722	Kamil Hyla	M	M25-29	106	5:53:03	0:45:10	0:09:29	3:04:46	0:04:29	1:49:09	Poland	
f5d6669f-8ab9-f011-bbd3-000d3a5cf7d8	723	Asta Haastrup Ishøi	F	F18-24	12	5:53:12	0:36:03	0:04:09	2:43:48	0:05:06	2:24:07		
7d22b7be-84bd-f011-bbd3-6045bd06578c	724	Frederik Hjermind	M	M18-24	87	5:53:13	0:36:21	0:07:10	2:58:18	0:03:36	2:07:48	Denmark	
7dd8ecb1-e501-f111-8406-0022480b3ee9	725	Jeremias Golaszewski	M	M18-24	88	5:53:16	0:54:05	0:07:04	2:48:20	0:05:20	1:58:27	Germany	
e4b49c49-1288-40fd-8e4b-eb2bdadaebeb	726	Sergiusz Malczewski	M	M55-59	15	5:53:16	0:40:37	0:06:08	2:43:22	0:06:32	2:16:38	Poland	
85b70fb4-7081-4251-ab87-69d69072bca1	727	Zana Lah	F	F30-34	17	5:53:18	0:43:38	0:08:06	2:47:08	0:04:15	2:10:11	United Kingdom	
b66b4fc0-2c29-f111-8341-6045bd06566a	728	Mirko Ravasio	M	M35-39	98	5:53:23	0:46:09	0:07:25	2:51:08	0:03:37	2:05:04	Italy	
365719f8-184e-f111-bec5-70a8a5b0b075	729	Marcin Żyliński		M30-34	115	5:53:26	0:39:58	0:10:37	2:49:36	0:06:04	2:07:11	POL	
5cfc6a70-7e68-48a0-812e-13f03ca6dd31	730	Ben Hunter	M	M35-39	99	5:53:27	0:34:08	0:05:08	2:32:13	0:05:05	2:36:53	United Kingdom	
77299463-c3e4-f011-8544-000d3a5cf7d8	731	Oliwia Kochańska	F	F25-29	19	5:53:35	0:44:31	0:06:40	2:54:47	0:03:08	2:04:29	Poland	
62248fbb-6695-434d-bcd9-818e4dc3d359	732	Wojciech Dudzinski	M	M40-44	84	5:53:40	0:37:05	0:07:25	2:59:51	0:03:01	2:06:17	Poland	
c3b2e642-76ba-f011-bbd3-6045bd05f634	733	Thijmen Lodewijk	M	M30-34	116	5:53:47	0:42:53	0:07:59	3:03:02	0:05:02	1:54:52	Netherlands	
771d696d-b03c-f111-88b4-002248046451	734	Thomas Dray	M	M18-24	89	5:53:59	0:34:48	0:05:53	2:44:21	0:04:12	2:24:45	United Kingdom	
f62b0352-02f5-f011-8406-002248046ec8	735	Samuel Coppard	M	M30-34	117	5:54:04	0:46:26	0:07:04	3:11:51	0:05:25	1:43:19	United Kingdom	
918cb886-a957-4933-a3ae-42b0b3005c46	736	Piotr Piechota	M	M30-34	118	5:54:15	0:33:26	0:05:16	2:41:38	0:04:24	2:29:32	Poland	
01eafd8e-a4aa-ef11-b8e8-6045bd018d16	737	Sietse Hermans	M	M30-34	119	5:54:16	0:46:53	0:06:32	3:02:54	0:04:38	1:53:19	EE	
f54cc86c-e8ff-479f-ba11-c6c9f22804d2	738	Berit Franke	F	F40-44	16	5:54:26	0:46:04	0:06:33	2:54:14	0:02:41	2:04:53	DE	
5f838983-d41c-f111-8341-0022480994c2	739	Adela Novakova	F	F25-29	20	5:54:29	0:36:44	0:06:03	3:07:33	0:04:16	1:59:52	Czech Republic	
fbd8ee8a-bf5c-f011-bec2-0022480a7385	740	Arthur Johann Ziegler	M	M18-24	90	5:54:31	0:44:11	0:07:30	2:53:37	0:04:14	2:04:59	deu	
ef26c283-3a9e-f011-b41c-6045bd05fcc1	741	Agata Sadowska	F	F45-49	4	5:54:40	0:42:49	0:11:58	2:46:41	0:05:23	2:07:50		
63565faf-9924-f111-8341-6045bd08b1a2	742	Igor Skowronek	M	M30-34	120	5:54:56	0:42:35	0:07:25	2:41:58	0:02:56	2:20:03	Poland	
9ef3839d-9988-f011-b4cc-0022480a7385	743	Craig Perks	M	F18-24	13	5:55:03	0:27:43	0:05:50	3:02:30	0:05:46	2:13:13	GBR	
36120386-fa0d-4295-87ec-16ce15680701	744	Martyna Korczyk-Kita	F	F30-34	18	5:55:05	0:35:28	0:05:51	2:51:17	0:04:20	2:18:09	Poland	
1df5aaf3-8624-4fdd-87a4-538eb1031b0c	745	Joe Roberts	M	M25-29	107	5:55:16	0:49:30	0:07:44	3:01:47	0:03:55	1:52:20	United Kingdom	
fa412a31-bb2d-f111-88b3-002248046ec8	746	Gustaw Wytykowski	M	M18-24	91	5:55:18	0:39:29	0:07:54	3:03:10	0:03:12	2:01:33	Ireland	
a57caf03-53ff-f011-8406-0022480a5755	747	Max Jurisch	M	M18-24	92	5:55:21	0:41:20	0:08:10	2:59:03	0:04:49	2:01:59	Germany	
e0f7a4a8-d15d-f011-bec2-6045bd09951e	748	Aaron Stróżyński		M18-24	93	5:55:35	0:47:11	0:07:37	2:57:30	0:03:22	1:59:55		
ad897af6-fc3c-f111-88b3-6045bd06566a	749	Mikołaj Józefiak	M	M18-24	94	5:55:53	0:34:09	0:05:53	2:58:05	0:03:54	2:13:51	Poland	
1dde6ff3-cd29-f111-8341-0022480994c2	750	Mateusz Rak	M	M30-34	121	5:56:06	0:46:21	0:08:56	2:43:17	0:04:23	2:13:09	Poland	
810c3a50-d4fb-431c-8f9e-2ff22ed6eaf1	751	Antoni Nowak	M	M25-29	108	5:56:18	0:36:46	0:06:07	2:43:34	0:02:50	2:27:02	PL	
39b7b8b5-821a-f111-8341-002248046ec8	752	LEONARDO FRANCO CHAVEZ DIAZ	M	M25-29	109	5:56:19	0:31:17	0:05:11	3:18:27	0:05:01	1:56:23	Peru	
c13e5e55-e7cd-f011-bbd3-000d3a3173b5	753	Kamil Tafelski	M	M40-44	85	5:56:24	0:40:41	0:09:30	2:58:43	0:03:41	2:03:49	United Kingdom	
f02fa7e1-a20b-4836-8e04-3c49e82aace1	754	Marek Reda	M	M45-49	52	5:56:27	0:45:45	0:05:42	2:45:03	0:02:38	2:17:18	Poland	
aad11dfa-7e2f-f111-88b3-000d3a5985f2	755	Sebastian Bässler	M	M30-34	122	5:56:27	0:39:01	0:10:26	3:02:32	0:03:20	2:01:09	Germany	
19233871-732c-f111-88b3-002248086d6c	756	Gabriela Ozimek	F	F25-29	21	5:56:29	0:40:23	0:07:43	2:56:42	0:02:46	2:08:54	Poland	
16366189-4284-ee11-8179-000d3a314329	757	Jan-Niklas Garand	M	M25-29	110	5:56:53	0:35:33	0:05:02	3:17:13	0:02:53	1:56:13	DE	
43cf1200-18fd-f011-8406-0022480994c2	758	Terezie Mojžíšková	F	F30-34	19	5:56:54	0:41:15	0:07:57	2:59:44	0:03:46	2:04:11	Czech Republic	
5df976cc-4fe7-4c03-888a-7609eb6a2bec	759	Bartosz Donke	M	M45-49	53	5:56:55	0:45:05	0:06:54	2:44:16	0:04:09	2:16:32	Poland	
f04c33ff-79c7-eb11-8235-000d3a5a1479	760	Martin Friis	M	M35-39	100	5:57:04	0:30:34	0:04:53	2:38:00	0:03:39	2:39:58	dnk	
3833bc5f-6829-f111-8341-0022480a5755	761	Jasper Von Montgelas	M	M18-24	95	5:57:06	0:37:36	0:07:35	2:47:21	0:04:21	2:20:13	Germany	
3cce2a42-a067-4582-b096-886878cc2f5d	762	Norbert Smigaj	M	M50-54	38	5:57:09	0:41:09	0:07:00	2:49:16	0:02:47	2:16:57	Poland	
76b9aebf-5dd9-f011-8544-6045bd05f634	763	Patricius Drewniak	M	M25-29	111	5:57:09	0:41:52	0:08:43	2:57:49	0:04:27	2:04:18	Germany	
31f5ed61-72ba-f011-bbd3-6045bd05f634	764	Paweł Kajrys	M	M25-29	112	5:57:11	0:53:53	0:07:51	2:49:02	0:04:09	2:02:16	Poland	
015a2637-9823-f011-8c4d-6045bd05f634	765	Stefanie Koop	F	F45-49	5	5:57:18	0:41:41	0:05:57	2:50:15	0:03:12	2:16:13	DEU	
9ef3839d-9988-f011-b4cc-0022480a7385	766	Craig Perks	M	M50-54	39	5:57:25	0:37:54	0:06:51	2:50:42	0:06:50	2:15:09	GBR	
dd81f4f0-8405-f111-8406-0022480b3ee9	767	Dziugas Butkus	M	M25-29	113	5:57:28	0:43:46	0:05:48	3:05:40	0:03:38	1:58:36	United States of America	
4057717e-9bfa-f011-8406-0022480b35b6	768	Andrii Varich	M	M35-39	101	5:57:34	0:47:12	0:08:26	2:53:05	0:06:01	2:02:50	fra	
043796f5-d375-409b-bf9c-8822c20e749b	769	Roaa Abdellatif	F	F40-44	17	5:57:39	0:40:58	0:09:08	2:52:06	0:04:43	2:10:43	Egypt	
54a5f1a2-b429-4dca-a649-55195e44b801	770	Sasha Bausovac	M	M45-49	54	5:57:43	0:51:45	0:07:49	2:56:13	0:04:29	1:57:27	NO	
ec2685ed-73ba-f011-bbd3-000d3a35ffc1	771	Karol Kossek	M	M18-24	96	5:57:46	0:36:36	0:07:34	2:38:17	0:04:43	2:30:36	Poland	
6451247f-be39-f111-88b3-0022480a5755	772	Marzel Gora	M	M25-29	114	5:57:48	0:41:20	0:07:23	2:42:17	0:03:35	2:23:12	Germany	
14d4b99c-890f-f111-8406-6045bd06566a	773	Monika Pichova	F	M45-49	55	5:57:51	0:37:32	0:08:04	2:42:57	0:04:34	2:24:44	Czech Republic	
0ebe447f-62b9-f011-bbd3-6045bd05fcc1	774	Łukasz Blozik	M	M18-24	97	5:57:52	0:46:03	0:07:51	3:06:19	0:03:53	1:53:46	Poland	
45e96629-1940-f111-88b4-002248046451	775	Max Hubrich	M	M18-24	98	5:57:53	0:31:54	0:06:16	2:57:36	0:03:23	2:18:43	United Kingdom	
976bcf52-1fc7-f011-bbd2-000d3a36b9c4	776	Kate Turnau	F	F30-34	20	5:58:02	0:40:12	0:05:00	3:02:28	0:03:32	2:06:51	Poland	
c4948198-b300-f111-8406-002248046ec8	777	Nils Lenke	M	M18-24	99	5:58:06	0:39:34	0:07:26	2:57:25	0:04:58	2:08:44	Germany	
891026a1-aef4-f011-8406-002248046ec8	778	Uldis Zandovskis	M	M30-34	123	5:58:08	0:43:50	0:07:49	3:01:10	0:04:07	2:01:12	lva	
ad1749e1-0211-f111-8406-6045bd08b1a2	779	Lukáš Skalka	M	M40-44	86	5:58:26	0:41:27	0:06:39	2:53:28	0:02:54	2:13:57	Czech Republic	
3e92a6c5-50da-f011-8544-000d3a3173b5	780	Andrzej Tłomak	M	M25-29	115	5:58:29	0:30:43	0:08:56	3:00:54	0:04:02	2:13:54	Poland	
05c540c8-909b-4d47-a12f-5c8bb0f08faf	781	adam vomacka	M	M30-34	124	5:58:57	0:41:46	0:07:55	2:40:10	0:04:51	2:24:14	cze	
fc2c1c13-4eeb-f011-8544-000d3a5b50ba	782	Vladyslav Makhomed	M	M18-24	100	5:59:02	0:40:07	0:07:12	3:06:32	0:03:15	2:01:56	aut	
66616abf-b124-4cda-90e0-e8674f82167e	783	Krzysztof Swigon	M	M40-44	87	5:59:06	0:46:11	0:07:32	2:45:18	0:03:15	2:16:51	Switzerland	
ddbb6d3d-199d-4d58-b0e0-d11cd6fd6940	784	Javier Gutierrez Carrasco	M	M35-39	102	5:59:19	0:36:44	0:10:45	3:06:45	0:09:05	1:55:59	IT	
7cd6e54a-e2d2-ef11-8eea-6045bd048089	785	Petr Machac	M	M18-24	101	5:59:20	0:40:37	0:07:29	2:56:49	0:04:16	2:10:10	CZ	
c396439b-7c92-4f93-a5b3-1e76fcc3fe08	786	Martin Antalík	M	M35-39	103	5:59:26	0:36:30	0:06:00	2:52:36	0:04:43	2:19:37	Slovakia	
cdad6b76-bdd3-484f-beef-6a29ff83a052	787	Izabela Babis	F	F40-44	18	5:59:32	0:44:40	0:09:44	3:12:40	0:06:12	1:46:15	POL	
282d6d67-12fe-f011-8406-000d3a5aefc5	788	Štěpán Moravec	M	M18-24	102	5:59:53	0:46:05	0:07:52	2:55:10	0:04:24	2:06:22		
ec7813ef-57dc-f011-8544-000d3a35ffc1	789	Mateusz Sikora	M	M18-24	103	5:59:55	0:45:30	0:07:31	3:00:56	0:03:56	2:02:01	Poland	
2429996a-3a83-4887-af0c-f243540ff5e3	790	Manuel Jesus Dominguez Franco	M	M35-39	104	6:00:06	0:37:14	0:07:18	3:00:22	0:04:57	2:10:15	DE	
af357de9-34bf-f011-bbd3-0022480c097c	791	Darius Leinartas	M	M45-49	56	6:00:09	0:47:49	0:08:39	2:43:31	0:05:43	2:14:28	Switzerland	
9c3e5178-76ba-f011-bbd3-000d3a5cf7d8	792	Michał Górniak	M	M25-29	116	6:00:30	0:41:15	0:08:28	3:03:04	0:03:31	2:04:12	Poland	
5e0b12cb-9956-4d5a-b583-a65e57f73eb9	793	Grzegorz Dziewiaty	M	M40-44	88	6:00:45	0:44:52	0:09:36	2:57:18	0:04:55	2:04:05	Poland	
05be2621-2c15-f111-8341-6045bd06566a	794	younes el khannouch	M	M18-24	104	6:00:48	0:48:20	0:09:49	2:54:53	0:05:44	2:02:01	Italy	
7b9574d2-17aa-f011-bbd3-6045bd05fcc1	795	Krystian Grzembski	M	M30-34	125	6:01:04	0:43:06	0:05:15	3:14:17	0:02:53	1:55:33	Poland	
cff0756c-a9ba-4ebb-b459-e51a577387cb	796	Eryk Niciejewski	M	M18-24	105	6:01:04	0:38:01	0:06:22	2:51:53	0:03:05	2:21:43	Poland	
ff9644be-454a-4f0c-833d-9aad718c7278	797	Claudia Victoria Perez Barba	F	F30-34	21	6:01:05	0:45:51	0:08:03	3:04:07	0:05:10	1:57:54	mex	
7f655b4a-4331-f111-88b4-0022480994c2	798	Joanna Gropp	F	F50-54	7	6:01:10	0:51:20	0:05:15	3:03:49	0:04:01	1:56:45	Germany	
07e4261c-ea5b-477c-91f9-5c02ad807163	799	Emil Szweda	M	M60-64	12	6:01:15	0:44:55	0:05:07	2:57:49	0:02:56	2:10:28	Poland	
9ac47c2e-0441-4a64-92fe-10de72bfcbd3	800	Piotr Mosionek	M	M30-34	126	6:01:51	0:44:03	0:09:23	2:52:01	0:03:58	2:12:26	pol	
4c34745c-84ee-4245-976b-f33fc21006ee	801	Robert Wanski	M	M50-54	40	6:02:03	0:48:11	0:07:01	2:46:42	0:04:43	2:15:25	PL	
336dadce-821a-f111-8341-002248046ec8	802	Stanisław Gołdyn	M	M18-24	106	6:02:06	0:43:17	0:08:27	2:55:55	0:04:16	2:10:10	Poland	
fa3b9f2c-ef1b-f111-8341-0022480b84a3	803	Tristan Drake	M	M25-29	117	6:02:07	0:32:06	0:08:42	3:02:23	0:05:36	2:13:20		
0fe3da28-21f0-f011-8406-00224804742c	804	Florian Hyseni	M	M30-34	127	6:02:22	0:45:53	0:08:06	2:53:47	0:03:21	2:11:16	Switzerland	
a5af441d-8505-f111-8406-0022480b3ee9	805	Danny Hughes	M	M35-39	105	6:02:25	0:41:32	0:06:38	3:06:35	0:02:58	2:04:41	Spain	
85de9305-15e8-f011-8544-000d3a3173b5	806	Sibylle Reffelmann	F	F18-24	14	6:02:30	0:47:06	0:06:18	3:06:40	0:02:55	1:59:30		
c7455a91-b7d0-f011-bbd3-6045bd09951e	807	Stephen Rhodes	M	M45-49	57	6:02:31	0:43:40	0:08:34	2:55:53	0:05:13	2:09:12	United Kingdom	
780474e5-2d33-4a01-ab04-47611188a0a5	808	Marek Licznierski	M	M40-44	89	6:02:37	0:35:39	0:06:32	2:43:04	0:03:31	2:33:52	Poland	
191b764b-d4a8-ef11-b8e9-002248049fdc	809	Christian Hummel	M	M30-34	128	6:02:51	0:38:04	0:09:27	2:54:58	0:04:16	2:16:06	DE	
9c388b61-76ba-f011-bbd3-002248098cfa	810	Marcela Nieto-Kuczyńska	F	F18-24	15	6:03:05	0:39:36	0:07:50	3:05:24	0:02:44	2:07:32	Poland	
137e51ae-601f-494c-9326-ac9461b19d8f	811	Valerii Kuznetsov	M	M18-24	107	6:03:07	0:42:51	0:06:24	3:09:32	0:03:05	2:01:16	Poland	
2b2a4ec5-810b-f111-8406-002248046ec8	812	Tomasz Ogrodnik	M	M40-44	90	6:03:13	0:41:51	0:12:25	2:40:09	0:09:46	2:19:02	Poland	
22a65560-2be8-f011-8544-000d3a5b7c3b	813	Aleksandra Monkos	F	F35-39	18	6:03:25	0:49:06	0:04:31	3:03:46	0:03:28	2:02:33	Poland	
ce6687f7-0035-f111-88b3-000d3a365686	814	Szymon Dorabiała	M	M40-44	91	6:03:32	0:42:01	0:07:03	2:51:05	0:03:27	2:19:57	Poland	
6ae16a98-5fed-f011-8544-0022480a3d1e	815	Angelika Płaska	F	F30-34	22	6:03:43	0:43:21	0:07:19	3:08:35	0:03:41	2:00:46	Poland	
d06cf809-0db4-f011-bbd3-000d3a5cf7d8	816	Nina Battelino	F	F50-54	8	6:03:58	0:48:28	0:07:34	2:58:55	0:03:35	2:05:26		
21db0902-8505-f111-8406-6045bd06566a	817	Andrew Beatty	M	M35-39	106	6:03:58	0:39:23	0:08:20	3:04:26	0:04:07	2:07:43	Ireland	
566e22d6-cdca-ef11-b8e9-000d3a5a1803	818	Panagiota Themistokleous	F	F25-29	22	6:04:17	0:32:09	0:07:04	3:13:32	0:07:43	2:03:48	CY	
ddcc4bec-32fe-f011-8406-0022480994c2	819	jesse arenson	F	F25-29	23	6:04:27	0:39:26	0:07:39	3:07:02	0:04:14	2:06:06		
2cd6e335-e914-48d9-9113-13bc0924b40e	820	Pawel Sokalski	M	M55-59	16	6:04:28	0:47:19	0:07:49	3:05:26	0:06:11	1:57:42		
af4f245e-00a6-f011-bbd3-000d3a5b7c3b	821	Johannes Schröter	M	M60-64	13	6:04:30	0:43:36	0:09:52	2:56:24	0:05:53	2:08:46		
d22fc582-80d5-f011-8544-000d3a5b7c3b	822	Márton Kolonics	M	M25-29	118	6:04:42	0:35:55	0:08:12	2:59:43	0:03:45	2:17:08	Hungary	
6a658a9f-72ba-f011-bbd3-002248098cfa	823	Jakub Mrówczyński	M	M25-29	119	6:04:45	0:39:15	0:08:17	2:59:58	0:03:39	2:13:37	Poland	
b11749bd-14ef-f011-8407-6045bd09fcf5	824	Tobias Hildebrandt	M	M35-39	107	6:04:50	0:48:46	0:07:39	3:03:54	0:03:23	2:01:08	Germany	
fb6757b3-f09f-f111-b8dc-70a8a5b300ab	825	Bartosz Wieczorek	M	M40-44	92	6:04:52	0:42:03	0:08:49	2:53:31	0:05:21	2:15:08	Poland	
5dfef346-2eb7-44f2-ab2f-8da607980008	826	Cihan Kamil Ögüt	M	M40-44	93	6:04:53	0:38:01	0:07:47	2:54:35	0:04:07	2:20:23	TR	
d1a7b442-33db-f011-8544-000d3a5b7c3b	827	Hubert Sermak	M	M18-24	108	6:04:53	0:44:10	0:08:45	3:02:57	0:02:31	2:06:29	Poland	
38108900-76ba-f011-bbd3-6045bd05f634	828	Vanessa Kuntze	F	F25-29	24	6:05:11	0:55:28	0:05:03	3:01:11	0:03:01	2:00:28	Germany	
21ed09c6-972f-f111-88b3-002248046ec8	829	Constantin Villnow	M	M25-29	120	6:05:24	0:41:32	0:09:20	3:08:32	0:05:16	2:00:44	Germany	
281239c2-821a-f111-8341-002248046ec8	830	Mikołaj Pieprzyk	M	M18-24	109	6:05:28	0:35:44	0:07:03	2:50:32	0:03:57	2:28:13	Poland	
94cf9842-74ba-f011-bbd2-00224809087a	831	Szymon Grunt	M	M30-34	129	6:05:34	0:45:31	0:07:36	2:52:45	0:04:17	2:15:25	Poland	
970e123f-6934-f111-88b4-002248046ec8	832	Mark Stubbs	M	M40-44	94	6:05:38	0:51:05	0:07:50	3:01:26	0:04:01	2:01:16	United Kingdom	
3bca3f67-e6f1-f011-8407-0022480b738e	833	Eli Barshishat	M	M50-54	41	6:05:47	0:45:57	0:12:06	2:59:30	0:05:46	2:02:28		
38618a4c-02f5-f011-8406-0022480b88da	834	Daniel Botero	M	M35-39	108	6:05:52	0:31:36	0:08:28	3:01:55	0:06:57	2:16:57	United Kingdom	
56d5279e-050b-f111-8406-6045bd06566a	835	Alfredo De cecco	M	M40-44	95	6:06:09	0:41:27	0:09:55	3:02:05	0:02:40	2:10:02	ita	
caddaf0d-76ba-f011-bbd2-00224809087a	836	Hubert Skrzypczak	M	M25-29	121	6:06:11	0:40:35	0:14:09	3:12:29	0:07:55	1:51:02	Poland	
5b5f0f7d-5688-4362-bce8-dc8b4fa90ac6	837	Dariusz Gnieciak	M	M45-49	58	6:06:23	0:46:40	0:12:44	2:57:50	0:05:53	2:03:15	Poland	
412c4eae-5f1c-4a36-b072-74f4eefc6099	838	Zuzana Petr Ernestová	F	F50-54	9	6:06:27	0:43:09	0:07:19	3:13:03	0:03:58	1:58:58	cze	
8d6019e0-c545-4e0f-be23-7884e6af06cf	839	Veronica Warneskog	F	F55-59	1	6:06:52	0:35:28	0:09:04	2:44:30	0:06:07	2:31:42	swe	
1ece4c2b-76ba-f011-bbd3-0022480a7385	840	Karol Matysiak	M	M50-54	42	6:07:21	0:46:55	0:06:48	2:55:30	0:02:43	2:15:25	Poland	
85aeb18e-f3ce-f011-bbd3-000d3a5b7c3b	841	Robert Kaptur	M	M18-24	110	6:07:32	0:36:56	0:08:52	3:14:07	0:04:29	2:03:08	Poland	
b64e8029-76ba-f011-bbd3-6045bd05fcc1	842	Dominik Jankiewicz	M	M25-29	122	6:07:34	0:48:04	0:08:31	2:55:07	0:03:45	2:12:07	Poland	
a155f425-0010-f111-8406-6045bd0aaf2d	843	Emil Sitarz		M18-24	111	6:07:42	0:38:45	0:05:42	3:00:12	0:03:33	2:19:30	POL	
1a39117f-e172-47fb-8704-bd6841013e41	844	Bartlomiej Kornaszewski	M	M40-44	96	6:07:43	0:42:18	0:08:11	2:50:33	0:04:14	2:22:27	Poland	
a0b2704d-fed5-f011-8544-000d3a5b50ba	845	Grzegorz Mosurek	M	M50-54	43	6:08:08	0:48:32	0:07:16	3:01:09	0:04:10	2:07:02	Poland	
3f451bdb-43c9-491a-bf7d-4a53e8c7972e	846	Nikki Jordan	F	F45-49	6	6:08:16	0:39:04	0:06:14	2:58:40	0:02:48	2:21:30		
442471d5-97b5-f011-bbd3-0022480a7385	847	Moritz Müller	M	M25-29	123	6:08:18	0:42:01	0:07:10	2:48:58	0:03:22	2:26:47	DEU	
67015266-76ba-f011-bbd3-000d3a5cf7d8	848	Alexandre Collet	M	M35-39	109	6:08:18	0:40:11	0:06:11	2:49:09	0:04:39	2:28:07	Poland	
cb03a839-d435-f011-8c4e-000d3a3173b5	849	Diego Oultram	M	M25-29	124	6:08:19	0:41:39	0:07:45	3:03:38	0:03:25	2:11:52	gbr	
afc28648-fed5-f011-8544-000d3a5cf7d8	850	Patryk Prządka	M	M18-24	112	6:08:27	0:42:56	0:06:57	2:58:35	0:05:44	2:14:14	Poland	
f1bd29e5-763d-48ab-bcf5-52fbfe3f06ff	851	Alexander Reichardt	M	M30-34	130	6:08:29	0:47:10	0:06:46	2:54:43	0:03:20	2:16:29	CH	
a350639d-f3ce-f011-8543-6045bd02a841	852	Sylwester Woźniak	M	M18-24	113	6:08:30	0:45:29	0:12:46	3:07:05	0:05:12	1:57:57	Poland	
bfa85d31-0ec9-f011-bbd3-000d3a5b50ba	853	Matěj Pešek	M	M18-24	114	6:08:34	0:36:53	0:07:38	2:54:39	0:04:14	2:25:10	Czech Republic	
ac464a7a-a1f5-f011-8406-6045bd06566a	854	David Krause	M	M25-29	125	6:08:38	0:40:40	0:06:33	2:50:38	0:05:03	2:25:44	Germany	
02e74fea-9bab-f011-bbd3-6045bd05f634	855	Piotr Kozak	M	M30-34	131	6:08:51	0:54:33	0:08:34	3:02:30	0:05:48	1:57:27	pol	
bb4a9575-7a42-4e66-b908-219648946dd5	856	Aleksandra Kania	F	F40-44	19	6:08:58	0:42:52	0:06:29	2:54:31	0:03:19	2:21:47	Poland	
d82ed50a-2c15-f111-8341-6045bd06566a	857	Thibaut Briand	M	M25-29	126	6:09:02	0:47:23	0:09:00	3:02:22	0:05:37	2:04:40	France	
29c04bb0-1f25-47eb-8b66-a5a645c04a44	858	Joanna Górniak	F	F50-54	10	6:09:30	0:45:25	0:07:54	3:00:57	0:04:20	2:10:54	pol	
00161f9e-95aa-f011-bbd3-000d3a3173b5	859	Radek Novak	M	M25-29	127	6:09:32	0:54:46	0:06:22	2:58:37	0:05:29	2:04:18	Czech Republic	
b9a992f3-e1b3-ef11-b8e8-000d3a5a403c	860	Márton Radványi	M	M25-29	128	6:09:42	0:34:28	0:06:58	2:49:32	0:03:09	2:35:35	HU	
9e26068e-b7d0-f011-bbd3-0022480a7385	861	George Rhodes	M	M18-24	115	6:09:56	0:39:43	0:08:28	3:06:54	0:05:36	2:09:15	United Kingdom	
e203ef87-5c1b-f111-8341-6045bd06566a	862	Edita Fišer	F	F25-29	25	6:09:57	0:41:12	0:06:53	3:07:24	0:04:28	2:10:00	Czech Republic	
bdb4bdce-f85b-4a57-918c-2dfa95f2e75e	863	Tomasz Misiak	M	M25-29	129	6:10:13	0:44:01	0:08:43	3:00:00	0:04:50	2:12:38	Poland	
4af034eb-813e-f111-88b3-6045bd08b1a2	864	Serafin Höll	M	M18-24	116	6:10:14	0:44:06	0:08:03	2:55:56	0:05:14	2:16:56		
8a5177eb-6a37-f111-88b4-002248046ec8	865	Aleš Veselý	M	M30-34	132	6:10:24	0:47:44	0:10:36	2:45:23	0:06:54	2:19:47	Czech Republic	
747c5e56-2010-f111-8406-6045bd06566a	866	Willem van der Plas	M	M30-34	133	6:10:25	0:50:21	0:09:23	2:56:44	0:05:18	2:08:40	Netherlands	
1df7ceed-477e-4c69-b46d-24852f58a387	867	Pawel Gebczynski	M	M45-49	59	6:10:33	0:44:28	0:08:29	2:53:33	0:05:39	2:18:24	Poland	
61cb268e-d548-ef11-a317-000d3a5c08e8	868	Anil Suter	M	M40-44	97	6:10:34	0:40:04	0:09:00	2:48:36	0:05:06	2:27:48	Czech Republic	
daf1276e-a2c1-4775-b59d-dfacb51dba91	869	Torsten Fähnrich	M	M40-44	98	6:10:49	0:35:33	0:06:32	2:58:44	0:01:58	2:28:01	DE	
fb9412fa-5c1b-f111-8341-002248046ec8	870	Katie Bishop	F	F18-24	16	6:10:54	0:43:25	0:05:45	3:09:55	0:03:05	2:08:44	JEY	
b6a2a1da-2fdb-f011-8544-000d3a5cf7d8	871	Robin Trujillo Meyer	M	M18-24	117	6:11:05	0:41:24	0:07:46	3:22:26	0:06:43	1:52:46	Germany	
6d374a9b-6435-f111-88b4-0022480b35b6	872	Mario Benz	M	M35-39	110	6:11:07	0:43:00	0:09:09	3:00:11	0:06:52	2:11:54	deu	
5a73f719-9726-f111-8341-6045bd0233f8	873	Maxim Van den Bempt	M	M30-34	134	6:11:08	0:44:08	0:07:52	2:52:40	0:02:47	2:23:41	bel	
beada9c2-0211-f111-8406-0022480b84a3	874	Matěj Vrána	M	M18-24	118	6:11:19	0:59:37	0:08:46	2:52:04	0:09:32	2:01:19	Czech Republic	
003ec1a7-76ba-f011-bbd3-6045bd05fcc1	875	Patryk Leśniewski	M	M30-34	135	6:11:28	0:48:56	0:10:29	3:05:37	0:04:56	2:01:29	Poland	
03a1e84c-324c-ef11-a317-6045bd0953ac	876	Daniel J Gillie	M	M30-34	136	6:11:28	0:44:19	0:09:05	2:58:57	0:03:46	2:15:21	GB	
f6e19525-9131-f111-88b3-6045bd08b1a2	877	Damian Chromy	M	M25-29	130	6:11:29	0:58:49	0:07:22	2:52:33	0:03:28	2:09:18	Poland	
0470779c-166b-f111-ab0b-7c1e528d5074	878	Michał Bańkowski	M	M18-24	119	6:11:38	0:41:17	0:08:12	3:19:48	0:03:32	1:58:48	Poland	
2409acc9-5dd9-f011-8543-000d3a5b5fc7	879	Magdalena Stelmaszczyk	F	F35-39	19	6:12:00	0:50:11	0:08:23	3:12:56	0:04:55	1:55:36	Poland	
2f56f03c-7503-f111-8406-00224804679a	880	Mateusz Hernik		M30-34	137	6:12:00	1:03:57	0:07:51	2:58:06	0:06:27	1:55:38	POL	
5460e930-6150-4839-8d0a-29ddc9614baf	881	Lukasz Szóstak	M	M45-49	60	6:12:05	0:40:24	0:07:25	3:01:22	0:04:09	2:18:46	Poland	
97e3d456-6829-f111-8341-6045bd06566a	882	Jonathan Koehnen	M	M25-29	131	6:12:07	0:37:55	0:06:26	2:50:52	0:04:16	2:32:38	Germany	
04ef5ed2-f8ba-4092-aa5f-657130533b4c	883	Denis Salnikov	M	M35-39	111	6:12:08	0:55:09	0:07:54	3:12:55	0:04:23	1:51:46	pol	
0b3e394a-cd5d-472c-8023-f8ab2818cca7	884	Petr Sramek	M	M30-34	138	6:12:10	0:39:35	0:06:10	2:58:53	0:02:41	2:24:51	CZ	
bb79937e-f555-f011-877b-000d3a5cf7d8	885	Graham Thom	M	M35-39	112	6:12:10	0:45:36	0:07:39	2:41:40	0:06:24	2:30:52	GBR	
0754252e-7462-f111-a825-7ced8d3bd021	886	Artur Tybura	M	M18-24	120	6:12:17	0:41:54	0:08:42	2:54:43	0:03:05	2:23:52	Poland	
40ba0982-d5e9-468f-8067-216dfda9ced7	887	Tomasz Zielinski	M	M50-54	44	6:12:20	0:36:43	0:07:23	2:52:45	0:03:55	2:31:34	Poland	
aa47e941-8fbd-f011-bbd3-000d3a3173b5	888	Jakub STANIAK	M	M18-24	121	6:12:25	0:41:55	0:11:08	2:56:54	0:06:13	2:16:15	Poland	
5301ae2e-e847-497d-a398-24c32080da9c	889	Julia Neukirchner	F	F25-29	26	6:12:31	0:39:24	0:05:54	2:59:51	0:03:05	2:24:16	aut	
2e65cf8a-a315-f111-8341-0022480b88da	890	Leonhard Skayas	M	M18-24	122	6:12:33	0:42:58	0:10:39	2:55:20	0:06:29	2:17:07		
bee952bd-4322-f111-8341-000d3a3acfa8	891	Daryl McGrory	M	M25-29	132	6:12:33	0:45:34	0:06:42	3:19:56	0:03:29	1:56:52	IR	
b56aee32-7651-ee11-be6f-000d3a3148fb	892	Maurizio Malomo	M	M40-44	99	6:12:35	0:39:44	0:10:54	3:01:49	0:04:06	2:16:02	ita	
e0d972d7-2531-ee11-bdf3-000d3a31406e	893	Michalis Partzilis	M	M40-44	100	6:12:43	0:36:51	0:10:27	3:06:26	0:05:01	2:13:58	CY	
893475db-99a8-42e5-9f89-5454353b418a	894	Petra Messner	F	F40-44	20	6:12:50	0:39:40	0:07:22	2:52:06	0:03:59	2:29:42	AT	
cd367e35-6d9a-4468-b991-39aa8d58c2fe	895	Aleksandra Piskorska	F	F50-54	11	6:12:51	0:42:30	0:07:39	3:06:33	0:06:21	2:09:48	Poland	
485503d7-73ba-f011-bbd3-6045bd05f634	896	Maksymilian Kaczmarek	M	M18-24	123	6:13:02	0:33:57	0:06:12	3:06:35	0:04:16	2:22:02	Poland	
acc787d4-2f2b-41b7-9cf4-7d3093e380a5	897	Arif Babacan	M	M40-44	101	6:13:08	0:46:18	0:06:25	3:03:15	0:05:10	2:12:00	TUR	
277a44b8-b51f-f111-8341-6045bd08b1a2	898	Martin Neuhäuser	M	M35-39	113	6:13:24	0:43:34	0:09:48	3:05:16	0:04:56	2:09:49		
9708437e-72ba-f011-bbd3-6045bd09951e	899	Małgorzata Jędrzejak	F	F30-34	23	6:13:27	0:33:48	0:07:59	3:11:15	0:06:18	2:14:08	Poland	
4255a9ef-570a-f111-8406-002248046ec8	900	Marius Langeland	M	M18-24	124	6:13:35	0:48:03	0:10:51	2:51:23	0:07:50	2:15:28		
40e76195-8444-4b2c-afd0-31eca847a9b2	901	Jernej Hajdinjak	M	M30-34	139	6:13:40	0:45:58	0:10:54	2:48:07	0:05:40	2:23:01	svn	
ef91a8e3-bc15-4340-a01a-30a35d9d1525	902	Marek Cebula	M	M60-64	14	6:13:42	0:46:23	0:06:57	2:33:19	0:03:56	2:43:08	PL	
5b40c7f5-f933-f011-8c4e-6045bd09951e	903	Manuel Juarez	M	M40-44	102	6:13:50	1:02:16	0:09:02	2:54:11	0:04:32	2:03:48	GB	
38214a0a-addc-f011-8544-000d3a5cf7d8	904	Mateusz Wesołowski	M	M18-24	125	6:13:53	0:45:15	0:09:22	3:16:08	0:05:13	1:57:54	Poland	
0f30813c-25f1-f011-8407-6045bd09fcf5	905	Frantisek Kall	M	M35-39	114	6:13:54	0:55:11	0:10:28	3:10:56	0:06:34	1:50:45	Slovakia	
5580ab16-18c3-ef11-b8e9-000d3a5a1803	906	Lennart Bolle	M	M25-29	133	6:13:55	0:39:49	0:08:25	3:06:53	0:03:41	2:15:08		
3b8d8bb9-bcef-f011-8407-6045bd04a162	907	Thais Freitas Bohn	F	M30-34	140	6:14:00	0:40:48	0:09:24	3:05:23	0:03:22	2:15:04	Germany	
9e3ce8e6-f92a-f111-88b3-6045bd06566a	908	Andrew Blackwood	M	M25-29	134	6:14:44	0:57:11	0:06:55	3:06:00	0:03:20	2:01:17	Ireland	
9dc373e5-923b-4745-a948-8687a7ad59ee	909	Matthias Rüttermann	M	M55-59	17	6:14:45	0:39:57	0:07:15	3:01:19	0:06:12	2:20:03	deu	
4d84466b-80d5-f011-8544-000d3a5b50ba	910	Michael Stock	M	M25-29	135	6:14:53	0:38:30	0:06:32	3:13:57	0:03:59	2:11:55	United Kingdom	
c41bf0b9-5174-45ac-bc4c-510c2f7c7c48	911	Bjarnfridur Sveinbjornsdottir	F	F45-49	7	6:14:57	0:42:10	0:07:55	3:16:43	0:06:23	2:01:47	BE	
082b4c46-20f8-f011-8406-6045bd08b1a2	912	Branislav Machava	M	M35-39	115	6:15:03	0:56:53	0:07:50	3:13:48	0:03:38	1:52:55		
ba3540fe-3fbc-f011-bbd3-6045bd05f634	913	Piotr Żbik	M	M55-59	18	6:15:09	0:46:12	0:07:17	2:53:21	0:03:56	2:24:23	Poland	
7275421d-98f3-f011-8406-0022480b84a3	914	Paweł Kaszuba	M	M35-39	116	6:15:11	0:41:01	0:07:20	3:00:13	0:05:38	2:21:00	Poland	
fe6699c5-0261-4432-8f66-c828ba46b7cb	915	Tatiana Mišíková	F	F25-29	27	6:15:14	0:42:08	0:07:44	3:04:05	0:04:02	2:17:15	Slovakia	
36459fa8-ddec-49be-b950-1d4dbf9d8926	916	Veronica Campanini	F	F35-39	20	6:15:15	0:37:58	0:06:34	2:51:17	0:04:14	2:35:12	ita	
31a8e15b-bb1b-f111-8341-002248046ec8	917	Maximilian Yoshiro Maurer	M	M18-24	126	6:15:19	0:40:33	0:09:49	3:20:17	0:07:05	1:57:35		
c46dcdc2-76ba-f011-bbd3-6045bd09951e	918	Christian Bach	M	M25-29	136	6:15:34	0:43:04	0:07:43	2:56:44	0:05:20	2:22:43	Denmark	
7ac1d93f-bb76-41ce-b797-d92ac7d72a71	919	Przemyslaw Markowski	M	M50-54	45	6:15:42	0:36:21	0:07:43	3:19:42	0:04:13	2:07:44		
1108755e-c49b-4730-a9b8-04396a983773	920	Niranjan Soman	M	M45-49	61	6:15:53	0:50:52	0:08:30	3:03:41	0:06:20	2:06:30	IND	
581e8cdf-8d4e-f011-877a-000d3a5b50ba	921	Mateusz Wich	M	M18-24	127	6:16:01	0:42:13	0:06:28	3:01:43	0:02:36	2:23:01	Poland	
9a8e8904-9f73-ef11-a671-000d3a37be46	922	Lukasz Kajoch	M	M45-49	62	6:16:02	0:42:38	0:09:55	2:49:00	0:05:57	2:28:31	GB	
403a9088-76ba-f011-bbd3-000d3a35ffc1	923	Krzysztof Urbanski	M	M25-29	137	6:16:04	0:46:52	0:05:18	3:03:43	0:02:14	2:17:57	Poland	
4f3f0693-3bbd-4d2b-84ed-81a63819e0aa	924	Marcin Miskiewicz	M	M45-49	63	6:16:08	0:44:03	0:08:46	2:44:44	0:06:36	2:32:00	Poland	
5482de70-6d2f-f011-8c4d-000d3a5b7c3b	925	Oleksandr Trunov	M	M30-34	141	6:16:13	0:54:45	0:09:30	3:10:31	0:04:09	1:57:17	DE	
1b620931-e510-f111-8406-0022480994c2	926	Lisa Petersen	F	F35-39	21	6:16:17	0:49:14	0:05:49	3:10:48	0:02:41	2:07:46	Germany	
eafd8ed0-75ba-f011-bbd3-6045bd05f634	927	Sarah Dehnz	F	F45-49	8	6:16:18	0:43:38	0:10:09	3:09:47	0:04:39	2:08:05	deu	
50b81d79-a826-f111-8341-0022480b88da	928	Ihor Zhuravlov	M	M25-29	138	6:16:23	0:41:07	0:07:33	2:50:51	0:05:51	2:31:00	Poland	
03b281c0-6495-4fc2-93db-5755cecbe09d	929	Chris Barlow	F	F55-59	2	6:16:33	0:41:52	0:06:07	3:14:11	0:04:20	2:10:05	GB	
92b26e56-834e-46c9-ad02-219d2e31a21e	930	Dina Daoud	F	F35-39	22	6:16:38	0:47:07	0:08:26	3:03:36	0:04:14	2:13:15	EGY	
aa445f5a-d964-494c-ae77-80a423b671cc	931	Pawel Bugajny	M	M60-64	15	6:16:49	0:47:59	0:09:05	2:58:03	0:05:39	2:16:02	Poland	
73c550e6-b761-f011-bec3-6045bd09951e	932	Mateusz Sikora	M	M30-34	142	6:16:51	0:44:22	0:08:07	3:07:26	0:06:30	2:10:26	POL	
21d2db26-911d-4aeb-b49a-4c1bcfff9fd4	933	Marton Janosy	M	M18-24	128	6:16:53	0:44:39	0:08:07	2:57:35	0:03:49	2:22:42	Hungary	
ce16603b-760d-ed11-82e5-0022480c51cb	934	Ernest Misiejuk	M	M50-54	46	6:17:01	0:39:16	0:06:20	3:02:48	0:03:42	2:24:55	POL	
4123784a-1621-491e-8e37-81383a238dec	935	Mateusz Kubczak	M	M35-39	117	6:17:17	0:45:06	0:06:36	2:59:01	0:03:33	2:23:01	Poland	
7c4d619f-5ae3-f011-8544-000d3a5b7c3b	936	Manasvin Mahajan	M	M18-24	129	6:17:20	0:41:05	0:06:19	2:50:44	0:03:34	2:35:39		
14c9cd1c-68e6-4a88-9426-8634ceec6350	937	Steffen Schrödter	M	M55-59	19	6:17:24	0:45:55	0:08:43	3:16:03	0:05:33	2:01:10	deu	
cb46cf76-80d5-f011-8544-000d3a5b7c3b	938	Miłosz Bieniek	M	M25-29	139	6:17:47	0:37:59	0:07:33	2:58:25	0:04:05	2:29:44	Poland	
4482ed04-40bc-f011-bbd3-6045bd05fcc1	939	Małgorzata Lewalska	F	F25-29	28	6:17:48	0:40:01	0:09:55	3:03:42	0:06:31	2:17:37	Poland	
5c83894a-030b-f111-8406-6045bd08b1a2	940	STAVROS ELLINAS	M	M40-44	103	6:17:57	0:52:04	0:11:11	2:57:03	0:04:01	2:13:38	cyp	
4292a390-5f8b-f011-b4cc-000d3a5b50ba	941	Eugune Mikoen	M	M35-39	118	6:17:58	0:43:59	0:13:06	2:55:41	0:08:20	2:16:52		
df403b08-b721-496f-81dd-6cb7c405a3d8	942	Wojciech Tomaszewski	M	M35-39	119	6:18:03	0:53:38	0:06:19	2:51:33	0:04:01	2:22:31	POL	
08987e8f-c1aa-f011-bbd3-000d3a3173b5	943	Daniel Bečvář	M	M25-29	140	6:18:07	0:43:56	0:07:21	3:09:24	0:04:43	2:12:43	Czech Republic	
af86fc13-3a5e-4822-a9d6-3abdba6dc0d4	944	Krzysztof Majewski	M	M40-44	104	6:18:12	0:36:33	0:06:30	3:05:01	0:04:22	2:25:45	Poland	
687e708b-80d5-f011-8544-0022480a7385	945	Paweł Kojma	M	M25-29	141	6:18:14	0:50:04	0:11:20	3:15:40	0:11:27	1:49:44	Poland	
7d78e10e-4c44-4ba8-9d68-558ec45accbd	946	Jakub Madziara	M	M18-24	130	6:18:20	0:44:14	0:08:48	2:55:17	0:04:40	2:25:22	Poland	
16072696-aef4-f011-8406-0022480b35b6	947	Pierre Nadler	M	M25-29	142	6:18:24	0:41:24	0:08:25	3:19:35	0:04:01	2:05:01	deu	
8aaeb057-9334-4e15-ab4a-85e8e2931442	948	Ievgen Strukov	M	M35-39	120	6:18:25	0:40:29	0:07:19	3:05:40	0:02:50	2:22:07	Poland	
843ed14b-0429-f111-8341-0022480994c2	949	Patrik Bálint	M	M25-29	143	6:18:28	0:50:36	0:05:47	3:11:21	0:03:36	2:07:07	Hungary	
dac7fcc0-8736-f111-88b4-0022480b35b6	950	Wojciech Wójtowicz	M	M18-24	131	6:18:41	0:37:46	0:09:50	3:10:07	0:06:37	2:14:22	Poland	
0699733e-01a8-4032-8325-0f179a432f8a	951	Adam Jaruszewski	M	M50-54	47	6:18:41	0:46:13	0:09:33	2:56:25	0:07:37	2:18:55	Poland	
c91c0cd8-17b9-f011-bbd3-000d3a3173b5	952	Carlos Andrés Treviño Medellín	M	M25-29	144	6:18:55	0:37:53	0:07:49	3:01:19	0:07:12	2:24:43	MEX	
88f97acb-75ba-f011-bbd2-00224809087a	953	Daniel Arian	M	M35-39	121	6:18:57	0:41:49	0:07:30	3:08:07	0:04:54	2:16:37	Germany	
d10446f2-a327-f111-8341-0022480a5755	954	Simona Klučková	F	F25-29	29	6:19:32	0:46:12	0:07:19	3:09:22	0:04:01	2:12:38	Slovakia	
198c3e46-6934-f111-88b3-6045bd08b1a2	955	Reece Butterworth	M	M35-39	122	6:19:40	0:38:25	0:09:43	3:06:12	0:06:55	2:18:26	United Kingdom	
d55052ca-0886-450a-8964-10d6e03ece9b	956	Lukasz Kaczmarek	M	M35-39	123	6:19:41	0:53:55	0:07:15	2:39:10	0:03:58	2:35:22	POL	
bf5ac2ed-0c32-f111-88b3-6045bd08b1a2	957	Justin Burklé	M	M18-24	132	6:19:46	0:41:55	0:07:58	3:08:26	0:04:18	2:17:09	France	
fb449f3f-bcfb-4919-b37e-4cddbbb131ef	958	Paul Wilmes	M	M45-49	64	6:19:52	0:42:22	0:08:47	2:58:09	0:04:56	2:25:38	lux	
e1997e55-9f28-f111-8341-0022480b3ee9	959	Caleb McKinnie	M	M18-24	133	6:19:57	0:47:12	0:06:45	3:03:14	0:05:50	2:16:56	Ireland	
cf36723f-e7ce-f011-bbd3-000d3a35ffc1	960	Razvan-George Moldovan	M	M25-29	145	6:19:58	0:41:50	0:07:07	3:18:45	0:03:20	2:08:57		
4161e55c-74ba-f011-bbd2-000d3a5b7c3b	961	EMILY QUIN	F	F40-44	21	6:20:10	0:37:08	0:06:35	3:27:08	0:05:30	2:03:49	United Kingdom	
73326148-1fc7-f011-bbd2-000d3a5b7c3b	962	Tomasz Chrapek	M	M30-34	143	6:20:30	0:44:50	0:08:47	2:54:29	0:03:16	2:29:07	Switzerland	
a548f894-f74c-f011-877a-6045bd09951e	963	Michel Versmissen	M	M25-29	146	6:21:19	0:49:32	0:09:54	2:55:43	0:04:14	2:21:57	DE	
bc3bfce8-772b-f111-88b4-0022480994c2	964	Benedek Szabó	M	M25-29	147	6:21:50	0:46:16	0:07:23	3:06:31	0:03:22	2:18:18	Hungary	
e4f1c2e0-8b39-f111-88b4-0022480994c2	965	Jamie Keen	M	M30-34	144	6:22:03	0:37:37	0:08:24	2:56:23	0:03:39	2:36:00	United Kingdom	
d357cd41-08ff-46e8-b518-60fa9f246ebe	966	Jakub Banka	M	M40-44	105	6:22:26	0:39:22	0:08:09	2:59:32	0:05:00	2:30:23	pol	
bb433f0b-deab-477c-bd79-7f7f371c8786	967	Amira Hafner	F	F30-34	24	6:22:34	0:38:34	0:06:56	3:09:09	0:02:47	2:25:09	DEU	
c8662570-61bd-f011-bbd3-000d3a5cf7d8	968	Davide Galeotti	M	M35-39	124	6:22:37	0:34:40	0:08:00	2:56:02	0:03:37	2:40:18	CHE	
3370e3eb-74ba-f011-bbd3-0022480a7385	969	Konrad Zajączkowski	M	M25-29	148	6:22:38	0:46:29	0:08:14	3:05:07	0:04:08	2:18:39	Poland	
c2108c29-7abc-40b6-b5b0-1ba6c0f788db	970	Max Spencer	M	M18-24	134	6:22:43	0:39:59	0:07:40	2:59:06	0:05:06	2:30:52	GB	
ec9ba697-e96e-f111-ab0d-7c1e528d5074	971	Łukasz Nowak	M	M35-39	125	6:22:44	0:49:38	0:08:06	3:09:27	0:04:32	2:11:03	Poland	
953e4cfb-8405-f111-8406-0022480a5755	972	Soňa Jamrišková	F	F25-29	30	6:22:47	0:44:37	0:06:26	3:04:22	0:03:16	2:24:05	Slovakia	
d18a4596-a6c5-f011-bbd3-000d3a35ffc1	973	Jared Ollenberger	M	M30-34	145	6:22:53	0:43:54	0:05:31	3:08:39	0:02:21	2:22:28	usa	
a637950a-541a-f111-8341-6045bd06566a	974	Miłosz Konieczny	M	M18-24	135	6:23:07	0:27:45	0:07:41	3:22:15	0:08:13	2:17:13	Poland	
768097ee-ebde-f011-8543-000d3a5b5fc7	975	Izabella Bladt	F	F50-54	12	6:23:19	0:54:53	0:08:17	3:04:21	0:05:33	2:10:15	Germany	
e1b59620-e7fc-f011-8406-0022480b84a3	976	Nikita Kuzminskyi	M	M18-24	136	6:23:34	0:48:54	0:08:42	3:20:31	0:04:34	2:00:52	Poland	
c0bfcc27-292c-f111-88b3-0022480b35b6	977	Jack O'Beirne	M	M18-24	137	6:23:36	0:34:26	0:06:55	3:03:47	0:04:28	2:33:59	Ireland	
737c5e56-2010-f111-8406-6045bd06566a	978	Anna Lasecka	F	F30-34	25	6:23:36	0:42:59	0:07:26	3:03:20	0:04:32	2:25:20	Poland	
d5b914bc-ed33-f111-88b3-00224809ac8f	979	Alicja Boczula	F	F18-24	17	6:23:43	0:55:54	0:08:00	3:01:17	0:04:32	2:13:59	Poland	
a8ba01ec-b176-44b1-bf07-50cdf0a7c2be	980	Jesse Cripps	M	M50-54	48	6:23:47	0:43:52	0:08:04	2:55:02	0:05:41	2:31:08	usa	
47834ae5-73ba-f011-bbd3-000d3a3173b5	981	Michał Widzisz	M	M30-34	146	6:24:01	0:42:12	0:07:18	3:01:08	0:02:54	2:30:28	Poland	
51497e7e-b300-f111-8406-002248046451	982	Szymon Szczepański	M	M25-29	149	6:24:07	0:45:02	0:07:18	2:56:52	0:03:50	2:31:04	Poland	
407729a4-d721-f111-8341-6045bd06566a	983	Dávid Starovič	M	M30-34	147	6:24:09	0:42:30	0:08:50	3:03:50	0:05:00	2:23:58	Slovakia	
38618050-b6d5-4ef4-9061-d1ff3c473afc	984	Rusen Kocoglu	M	M45-49	65	6:24:43	0:40:08	0:07:41	2:55:10	0:06:56	2:34:47	TR	
14923ffc-95cf-f011-8543-6045bd02315f	985	Peter Freeman		M25-29	150	6:24:53	0:39:51	0:08:09	3:32:20	0:04:56	1:59:38		
5a87206b-e0ba-f011-bbd2-000d3a5b7c3b	986	Alex Grobelny	M	M18-24	138	6:24:58	0:58:54	0:06:58	3:01:40	0:03:46	2:13:40	POL	
7f4eddcb-73ba-f011-bbd2-000d3a5b7c3b	987	Gabriela Czapska	F	F18-24	18	6:24:59	0:39:11	0:08:15	3:07:39	0:04:41	2:25:13	Poland	
8b25e9ba-74ba-f011-bbd3-6045bd05fcc1	988	Katarzyna Lammek	F	F30-34	26	6:25:06	0:45:58	0:06:57	3:12:34	0:02:37	2:16:59	Poland	
095831b5-5678-f011-b4cc-6045bd05fcc1	989	Lucy Ruddle	F	F25-29	31	6:25:10	0:46:04	0:07:58	3:11:11	0:05:58	2:13:59	GB	
261e2f51-6816-f111-8341-000d3a3bbc83	990	Marek Radecki	M	M30-34	148	6:25:20	0:48:43	0:10:22	3:16:26	0:05:49	2:04:01	Norway	
e203ef87-5c1b-f111-8341-6045bd06566a	991	Edita Fišer	F	M30-34	149	6:25:42	0:36:59	0:09:03	2:56:33	0:04:43	2:38:24	Czech Republic	
8cf4a61f-238d-4c6b-a593-c422a0d24238	992	Maikel Melzen, Van	M	M30-34	150	6:26:08	0:33:14	0:08:07	3:00:53	0:03:25	2:40:29	NL	
000d4ca6-1d09-f111-8406-002248046ec8	993	Katrin Fröhlich	F	F25-29	32	6:26:27	0:44:12	0:07:06	3:03:40	0:07:22	2:24:07	Austria	
636a0198-a0cc-f011-bbd2-000d3a5b5fc7	994	Tautvydas Sniaukas	M	M35-39	126	6:26:30	0:41:22	0:10:12	3:16:33	0:05:36	2:12:47	Lithuania	
9d807bd0-50b3-f011-bbd3-6045bd0194a5	995	Tina Šmuc	F	F50-54	13	6:26:38	0:39:01	0:09:03	3:12:18	0:04:14	2:22:01		
812e986d-3b02-40a3-87ac-a86f1e2e1e40	996	Javier Maggi Brito	M	M35-39	127	6:26:44	0:41:32	0:09:38	3:12:25	0:05:45	2:17:23	fra	
6bbf1faf-13aa-f011-bbd3-6045bd09951e	997	Agnieszka Paszkowska	F	F30-34	27	6:27:10	0:46:58	0:07:02	2:57:05	0:03:16	2:32:49	Poland	
9ebaa33d-0c6b-f111-a826-002248046ec8	998	Michał Parucki	M	M45-49	66	6:27:15	0:49:03	0:09:59	3:10:06	0:07:39	2:10:27	Poland	
0ce70a78-ddf2-f011-8406-00224804742c	999	Mateusz Krzemieniewski	M	M25-29	151	6:27:17	0:50:25	0:08:15	3:02:20	0:03:28	2:22:50		
33c0a349-73ba-f011-bbd3-000d3a5b50ba	1000	Gabriela Ławrynowicz	F	F18-24	19	6:27:20	0:31:20	0:07:37	3:07:32	0:07:22	2:33:29	Poland	
6c271650-b476-f111-ab0f-0022480a5755	1001	Marlena Roguszewska	F	F30-34	28	6:27:22	0:50:23	0:08:39	3:10:52	0:03:26	2:14:01	Poland	
ae1e6541-5f2b-f111-88b3-6045bd08b1a2	1002	Georgia Evans	F	F25-29	33	6:27:27	0:41:19	0:09:56	3:20:39	0:06:49	2:08:44	United Kingdom	
8b4f941b-c162-4e9a-9fbb-7648409b84a5	1003	Ravil Fischer	M	M60-64	16	6:27:40	0:47:16	0:13:04	3:06:11	0:06:45	2:14:24	deu	
b474e386-80f5-f011-8406-002248081bd6	1004	Kacper Bednarczyk	M	M18-24	139	6:27:42	0:41:07	0:07:23	3:19:54	0:05:12	2:14:07	Poland	
54e07b97-9ccb-f011-bbd3-000d3a5b7c3b	1005	Bartosz Kluszczyński	M	M18-24	140	6:27:50	0:51:04	0:08:30	3:01:45	0:05:58	2:20:33	Poland	
39d69af4-1e8b-454e-93d4-14a7afc7280b	1006	Renata Wroclawska	F	F35-39	23	6:27:51	0:50:22	0:06:40	3:04:26	0:04:52	2:21:31	Poland	
2666858a-d342-f111-88b4-002248081bd6	1007	Marcin Stasiuk	M	M35-39	128	6:28:09	0:46:32	0:09:04	3:09:32	0:03:25	2:19:37	Poland	
4e4fdef9-e6fc-f011-8406-0022480994c2	1008	Sébastien Van Someren	M	M30-34	151	6:28:17	0:36:31	0:09:55	3:03:52	0:06:09	2:31:49	Belgium	
b93fb5bf-a036-f111-88b4-0022480b35b6	1009	Łukasz Grzelczak	M	M45-49	67	6:28:29	0:47:03	0:10:26	3:08:41	0:05:17	2:17:02	pol	
cf40f396-80f5-f011-8406-0022480b35b6	1010	Karolína Garaiová	F	F18-24	20	6:29:01	0:39:19	0:07:36	3:18:10	0:03:57	2:19:58	Czech Republic	
b59c30aa-469a-f111-b8db-70a8a5b300ab	1011	Dominik Czapczyk	M	M45-49	68	6:29:13	0:43:40	0:08:56	3:27:06	0:03:10	2:06:22	Poland	
4cd356a4-a0cc-f011-bbd2-000d3a5b5fc7	1012	Poppy Duncan	F	F25-29	34	6:29:18	0:46:17	0:07:59	3:22:07	0:06:52	2:06:03	United Kingdom	
4286d125-24e6-f011-8543-6045bd05fcc1	1013	WOJCIECH SZOPA	M	M45-49	69	6:29:35	0:54:03	0:08:36	3:15:30	0:05:16	2:06:11	Poland	
fc42b1f5-4ca7-4938-b614-b4a550f72385	1014	Norbert Lis	M	M18-24	141	6:29:50	0:50:06	0:07:15	2:54:07	0:04:17	2:34:05	Poland	
59e90be3-5fb3-f011-bbd3-6045bd06578c	1015	Marta Wieteska	F	F25-29	35	6:30:09	0:41:53	0:06:57	3:18:11	0:05:13	2:17:55		
c88da347-027d-ef11-a670-000d3a59a9a1	1016	Rey Stiegler	F	F35-39	24	6:30:17	0:50:53	0:06:34	3:20:48	0:08:23	2:03:39	che	
d839d150-3646-f011-877a-000d3a35ffc1	1017	Livia Bee	F	F35-39	25	6:30:39	0:49:55	0:10:06	3:00:08	0:05:19	2:25:12	che	
21995306-e983-f011-b4cc-6045bd09951e	1018	Halina Juskowiak	F	F35-39	26	6:31:09	0:52:07	0:09:57	3:13:09	0:04:32	2:11:24	Poland	
bcd4cad3-74ba-f011-bbd3-6045bd05f634	1019	Michał Szerszeń	M	M45-49	70	6:31:22	0:39:46	0:08:58	3:13:23	0:03:19	2:25:56	Poland	
f5a7ca0a-73ba-f011-bbd3-0022480a7385	1020	Wojciech Michalski	M	M30-34	152	6:31:58	0:50:18	0:09:33	3:07:52	0:05:31	2:18:44	Poland	
6619ec84-2abf-f011-bbd3-000d3a3173b5	1021	Aga Kuffel	F	F35-39	27	6:32:17	1:07:34	0:08:18	3:15:58	0:04:56	1:55:32	Poland	
6c74307b-5a01-f111-8406-002248081bd6	1022	Tom Yeoman	M	M30-34	153	6:32:24	0:41:22	0:08:08	2:52:29	0:04:27	2:45:59	United Kingdom	
ba351cac-64d4-f011-8544-000d3a5b50ba	1023	Roy Hendel	M	M18-24	142	6:32:46	0:46:59	0:09:02	3:16:22	0:04:07	2:16:16	Israel	
37bacbc1-75ba-f011-bbd3-6045bd05fcc1	1024	Łukasz Gaża	M	M40-44	106	6:32:57	0:56:41	0:10:34	3:21:02	0:09:16	1:55:24	Poland	
824b733c-492c-f111-88b3-0022480b84a3	1025	curtis murray	M	M30-34	154	6:33:01	0:51:07	0:07:46	3:17:37	0:03:30	2:13:01	gbr	
abb06e25-1282-4cad-87a6-c6142b4c32c8	1026	Karolina Niementowska	F	F45-49	9	6:33:08	0:49:53	0:08:19	3:13:24	0:03:02	2:18:29	Poland	
53b8b3f6-52ff-f011-8406-0022480b84a3	1027	Frederik Hosbond Nielsen	M	M30-34	155	6:33:18	0:47:44	0:08:40	2:53:03	0:06:36	2:37:15	dnk	
878e8747-6cfd-4c3f-8135-d1caa72500a4	1028	Trine Lamers	F	F50-54	14	6:33:19	0:40:35	0:08:09	3:08:02	0:04:05	2:32:29	DK	
68ff3e6f-d5f3-47ab-a3a4-286fca2bbfd7	1029	Svea-Luise Tollhagen	F	F25-29	36	6:33:35	0:45:34	0:07:28	3:10:41	0:03:10	2:26:43		
42226b06-b3c6-4b13-a9b8-1da48aa6d6f4	1030	Michael Krebs	M	M40-44	107	6:34:08	0:45:49	0:07:57	2:59:40	0:04:38	2:36:04	DEU	
b4496aca-001c-f111-8341-00224803f050	1031	Rebekka Rein	F	F30-34	29	6:34:17	0:44:11	0:09:40	3:07:59	0:07:34	2:24:53	Germany	
e5bc26ed-74ba-f011-bbd2-000d3a5b7c3b	1032	Dawdi Nidzworski	M	M40-44	108	6:34:24	0:44:46	0:07:38	3:12:37	0:04:56	2:24:27	Poland	
284fe4ff-1a08-f111-8406-6045bd08b1a2	1033	Wojciech Jagiełka	M	M25-29	152	6:34:29	0:51:36	0:08:47	3:01:29	0:05:50	2:26:47	Poland	
f26500f8-2ed7-ef11-8ee9-6045bd088264	1034	Jacek Kociucki	M	M55-59	20	6:34:29	0:41:15	0:08:06	2:56:12	0:06:53	2:42:04		
7846bb6a-5ef5-f011-8406-0022480a5755	1035	Miriam Gehrt	F	F30-34	30	6:34:30	0:39:47	0:07:12	3:14:08	0:05:38	2:27:45	Germany	
f0b86792-a0cc-f011-bbd3-000d3a5cf7d8	1036	Tomas Struopus	M	M30-34	156	6:34:43	0:38:10	0:08:49	3:10:27	0:05:05	2:32:13	Lithuania	
e3adaaa9-dc20-f111-8341-6045bd08b1a2	1037	Jakub Cabanowski	M	M25-29	153	6:34:45	0:47:20	0:08:12	3:04:12	0:10:27	2:24:34	Poland	
696e7dbe-77a3-f011-bbd3-6045bd05fcc1	1038	Hanna Kunecka	F	F18-24	21	6:35:07	0:47:06	0:07:17	3:05:39	0:05:30	2:29:36		
b11c317f-1641-ef11-8409-000d3a383830	1039	Maarja Park	F	F35-39	28	6:35:15	0:46:44	0:07:20	3:24:34	0:06:50	2:09:46	Estonia	
30960ee8-810b-f111-8406-0022480b35b6	1040	Viktorie Vráblíková	F	F18-24	22	6:35:32	0:35:22	0:07:29	3:37:18	0:03:48	2:11:36	Czech Republic	
d159dff1-97e9-f011-8543-000d3a5b5fc7	1040	Gina Spölgen	F	F25-29	37	6:35:32	0:49:49	0:11:14	3:08:47	0:04:16	2:21:27		
c8591322-9dc8-f011-bbd2-000d3a5b5fc7	1042	Justas Asakavičius	M	M35-39	129	6:35:42	0:42:51	0:10:40	3:20:43	0:05:49	2:15:40		
e425498d-d13e-4473-8b9f-de122f6c9203	1043	Yevhen Liubich	M	M35-39	130	6:35:44	0:50:37	0:08:41	2:59:11	0:04:55	2:32:20	pol	
471e9301-74ba-f011-bbd3-000d3a5cf7d8	1044	James Veale	M	M25-29	154	6:35:52	0:34:28	0:08:17	3:15:04	0:06:38	2:31:25	Ireland	
086b303b-c6a1-ef11-8a6a-000d3a338a3c	1045	Jasper Tan	M	M25-29	155	6:36:11	0:50:44	0:11:15	3:09:59	0:04:30	2:19:43	chn	
64102f8f-5260-41e2-8236-35def2e3e1ab	1046	Filip Lakomy	M	M35-39	131	6:36:20	0:49:39	0:07:14	3:09:09	0:03:54	2:26:23	Poland	
89cc8dcb-c060-43a0-a930-b58cf89ed1b6	1047	Tomáš Brokeš	M	M30-34	157	6:36:21	0:40:35	0:07:28	2:57:20	0:04:18	2:46:40	CZ	
e0d4c488-75ba-f011-bbd2-00224809087a	1048	Wiktor Warzecha	M	M18-24	143	6:36:22	0:30:11	0:10:33	3:19:22	0:06:08	2:30:08	Poland	
9c63ac50-88e6-f011-8544-000d3a5b50ba	1049	Arkadiusz Żurek	M	M25-29	156	6:36:24	0:44:19	0:07:21	3:22:01	0:03:47	2:18:57	Poland	
dd27868d-fa40-f111-88b4-0022480994c2	1050	Janusz Biedroń	M	M25-29	157	6:36:30	0:39:03	0:10:08	2:55:04	0:05:08	2:47:07	pol	
782dc4ef-72ba-f011-bbd2-000d3a5b7c3b	1051	Patryk Mordasewicz	M	M25-29	158	6:36:38	0:47:46	0:08:50	3:13:56	0:04:12	2:21:53	Poland	
f8c9da54-73ba-f011-bbd2-00224809087a	1052	Jakub Smoliński	M	M25-29	159	6:36:57	0:30:32	0:06:55	3:07:10	0:03:01	2:49:18	Poland	
26da3cad-2814-f111-8406-0022480b84a3	1053	Thomas Williams Leppich	M	M18-24	144	6:37:21	0:38:32	0:14:14	3:39:03	0:07:12	1:58:20	Switzerland	
c72190f0-3240-f111-88b4-0022480b88da	1054	Damian Staszewski	M	M40-44	109	6:37:23	0:46:47	0:10:08	2:54:59	0:11:12	2:34:17	Poland	
174b9a0f-75ba-f011-bbd3-000d3a5b50ba	1055	Szymon Pasieczny	M	M18-24	145	6:37:24	0:40:34	0:08:21	2:57:00	0:08:09	2:43:20	Poland	
b72235e0-8405-f111-8406-002248046451	1056	Eugen Prejger	M	M35-39	132	6:37:35	0:47:46	0:10:49	3:03:55	0:09:28	2:25:37	Germany	
d8337aec-54d0-f011-bbd3-000d3a5b50ba	1057	Emma Taylor	F	F35-39	29	6:37:40	0:46:35	0:12:04	2:49:30	0:04:43	2:44:48	gbr	
df8465b2-8736-f111-88b4-0022480b84a3	1058	Maksym Bezverkhyi	M	M40-44	110	6:38:08	0:42:25	0:12:11	3:09:29	0:05:09	2:28:55	Germany	
543b2554-4053-4b7f-91cf-741e492c33d8	1059	Jaroslava Vavrochova	F	F50-54	15	6:38:15	0:42:10	0:07:58	3:02:05	0:07:03	2:39:00	CZ	
d5f2cb2c-0c43-f111-88b4-0022480b88da	1060	Jarosław Kurzych	M	M30-34	158	6:38:17	0:47:10	0:08:47	3:18:15	0:07:12	2:16:54	Poland	
bf743c08-7cb9-f011-bbd3-000d3a35ffc1	1061	Mateusz Rogaliński	M	M25-29	160	6:38:31	0:46:18	0:12:09	3:14:43	0:06:39	2:18:42		
db4fc6cd-a0a5-f011-bbd3-000d3a5cf7d8	1062	Tomer Cahal	M	M18-24	146	6:38:31	0:44:53	0:12:37	3:11:27	0:05:13	2:24:21		
00f10a02-540c-f111-8406-0022480994c2	1063	Simona Brokešová	F	F25-29	38	6:39:26	0:42:47	0:06:39	3:09:47	0:03:18	2:36:55	Czech Republic	
fa2da7cb-810b-f111-8406-0022480994c2	1064	Peter Raczkowski	M	M18-24	147	6:39:32	0:43:39	0:08:19	2:47:43	0:07:17	2:52:34	United States of America	
3ab65ae8-301b-f111-8341-6045bd06566a	1065	Daniel Klamrt	M	M25-29	161	6:39:34	0:38:45	0:10:34	3:00:30	0:04:00	2:45:46		
0a42cfa8-b300-f111-8406-0022480b88da	1066	Łukasz Kowalski	M	M30-34	159	6:39:38	0:43:52	0:13:11	3:17:16	0:05:06	2:20:12	Poland	
6ba865f6-821a-f111-8341-0022480994c2	1067	Jacek Baranek	M	M18-24	148	6:39:54	0:52:04	0:11:49	3:11:41	0:11:18	2:13:02	Poland	
0f3bcdfb-f0f2-f011-8407-0022480c370f	1068	Katrin Wisniewska	F	F30-34	31	6:40:32	1:02:39	0:05:56	3:13:57	0:03:08	2:14:52	Switzerland	
5e5b2b1b-98f3-f011-8406-002248046ec8	1069	Grzegorz Smoczyk	M	M35-39	133	6:40:52	0:52:56	0:06:16	2:55:13	0:03:08	2:43:18	Poland	
a7fa29ca-f415-f111-8341-0022480994c2	1070	Jakub Prošek	M	M30-34	160	6:40:58	0:48:32	0:09:38	3:16:32	0:05:50	2:20:25	Czech Republic	
be2d03f5-7e35-ef11-840a-00224809fd7c	1071	Rowen Cropper	M	M18-24	149	6:40:58	0:46:04	0:06:01	3:10:07	0:05:23	2:33:23	GB	
ee443f5a-152c-4d46-b762-62629fd0b652	1072	Patryk Przybylski	M	M30-34	161	6:41:14	0:48:53	0:07:28	3:07:53	0:07:06	2:29:55	GBR	
bc261772-aaaa-4f5e-8f56-a82b341ce7d7	1073	Szymon Celka	M	M35-39	134	6:41:51	0:56:30	0:07:11	2:48:26	0:03:56	2:45:47	DE	
b69635d4-18c8-ef11-b8e8-000d3a5ae96c	1074	Zantel West	F	F30-34	32	6:41:54	0:43:59	0:07:03	3:08:47	0:04:03	2:38:02	NL	
11282092-d342-f111-88b4-0022480b35b6	1075	Elmar Grünwald-Plank	M	M40-44	111	6:42:01	0:48:40	0:09:40	2:54:51	0:07:10	2:41:40	Austria	
12c75af5-6030-f111-88b4-6045bd06566a	1076	Aleksandar Rakocevic	M	M25-29	162	6:42:09	0:45:49	0:08:55	2:51:58	0:04:16	2:51:12	Germany	
ec84900a-69de-f011-8544-000d3a5b50ba	1077	Agnese Logina-Vilkaste	F	F35-39	30	6:42:20	0:51:14	0:11:40	3:13:48	0:05:48	2:19:49	Latvia	
fc84dfd8-dc58-ef11-a317-000d3a367177	1078	Reilly Tarbet	F	F25-29	39	6:42:23	0:40:03	0:05:53	3:13:19	0:03:37	2:39:31	US	
adf0a6aa-a37d-f011-b4cc-000d3a3173b5	1079	John Maxwell	M	M25-29	163	6:42:53	0:45:30	0:07:36	3:28:19	0:03:20	2:18:08		
2eee5618-ba9f-f011-b41c-6045bd09951e	1080	James Cusack		M45-49	71	6:42:59	0:45:55	0:08:27	3:07:35	0:06:21	2:34:41		
6ded7ec2-35f5-f011-8406-6045bd08b1a2	1081	Kostiantyn Poliak	M	M30-34	162	6:43:12	0:57:25	0:08:57	3:00:39	0:04:32	2:31:39		
4803facd-5034-f111-88b4-0022480994c2	1082	Antoni Ulbin	M	M18-24	150	6:43:15	0:42:29	0:07:54	2:58:07	0:04:11	2:50:35	Poland	
496ddc31-3bec-f011-8544-000d3a5cf7d8	1083	Zuzanna Kawczynska	F	F30-34	33	6:43:18	0:43:42	0:10:17	3:28:37	0:04:58	2:15:44	Poland	
c9f17466-2010-f111-8406-0022480b35b6	1084	Paul Przewloka	M	M25-29	164	6:43:29	0:57:55	0:08:03	3:21:55	0:03:14	2:12:22	Germany	
ec41e7e2-88e1-f011-8544-000d3a5b7c3b	1085	Alexandra Ulyatt	F	F18-24	23	6:43:31	0:40:41	0:08:25	3:12:56	0:06:18	2:35:12	GBR	
9a0c51c5-2833-407e-955a-33035d3b336c	1086	Sebastjana Nagode	F	F40-44	22	6:43:54	0:46:36	0:08:28	3:14:33	0:05:31	2:28:46	svn	
28a43f4a-100d-f111-8406-6045bd08b1a2	1087	Oscar Nightingale	M	M18-24	151	6:44:55	0:36:40	0:08:06	3:19:04	0:02:57	2:38:07	United Kingdom	
aa0a15bb-cd1c-ef11-840b-002248044460	1088	Mert Süder	M	M45-49	72	6:44:56	0:49:55	0:08:10	3:01:28	0:04:42	2:40:40	TR	
10f4b477-0b97-ef11-8a6a-000d3a3126fd	1089	Malte Knudsen	M	M30-34	163	6:45:14	0:44:56	0:08:37	3:19:57	0:04:28	2:27:16	DE	
f38cc926-215e-f011-bec2-0022480a7385	1090	Luise Schneider	F	F35-39	31	6:45:17	0:47:18	0:09:50	3:28:51	0:05:23	2:13:56		
3b0f5622-531e-f111-8341-0022480b35b6	1091	Ben Hogan	M	M25-29	165	6:45:33	0:37:39	0:07:53	3:42:59	0:04:13	2:12:47		
5289a7e9-3274-ef11-a671-6045bd0953ac	1092	Marnix Roelandt	M	M30-34	164	6:45:52	0:45:57	0:07:27	3:10:17	0:03:48	2:38:22	BE	
a2041c91-20e3-f011-8543-6045bd05fcc1	1093	Jerry Jackson	M	M65-69	4	6:45:58	0:45:21	0:11:39	3:17:37	0:07:07	2:24:15	United Kingdom	
c769cf2c-24e6-f011-8544-000d3a5b7c3b	1094	Tomasz Kisielewicz	M	M40-44	112	6:46:00	0:45:54	0:07:19	3:22:42	0:03:51	2:26:14	Poland	
7e8d0b04-8fff-45d6-a418-d9ae8ab3c754	1095	Olivier Dal Vecchio	M	M55-59	21	6:46:09	0:42:06	0:10:10	3:00:30	0:06:43	2:46:40	Poland	
aa691458-0ec9-f011-bbd3-6045bd05fcc1	1096	Igor Strzeliński	M	M25-29	166	6:46:17	0:47:29	0:07:56	3:00:33	0:03:12	2:47:08	Poland	
5d1324fc-ea86-ef11-ac21-000d3a338a3c	1097	Sarah Bollinger	F	F35-39	32	6:46:32	0:40:39	0:10:50	3:32:41	0:05:04	2:17:17	deu	
7145ffe9-40c7-f011-bbd3-6045bd05f634	1098	Serhii Tiukh	M	M25-29	167	6:46:32	0:59:34	0:06:56	3:36:14	0:02:12	2:01:37	Slovakia	
db019de7-5f25-f111-8341-0022480b84a3	1099	Isabelle Novák	F	F18-24	24	6:46:33	0:50:32	0:12:09	3:12:20	0:06:26	2:25:06	Germany	
eca382f0-fc3c-f111-88b3-70a8a59ab279	1100	Thomas Ménard Orven	M	M25-29	168	6:46:53	0:41:43	0:07:54	3:00:08	0:07:59	2:49:09	France	
cbc4dabe-051a-ef11-9f8a-000d3a314c24	1101	Irlanda Plascencia	F	F25-29	40	6:47:00	0:50:07	0:13:16	3:24:09	0:06:53	2:12:35	DE	
71a41cbf-a0c8-435f-8d64-6c174fa6986a	1102	Oliwier Idasiak	M	M18-24	152	6:47:01	0:39:35	0:07:37	3:17:20	0:05:33	2:36:55	Poland	
139334c9-0b73-f011-bec2-000d3a5b7c3b	1103	Oliwia Heleniak	F	F18-24	25	6:47:21	0:44:43	0:07:05	3:18:06	0:04:15	2:33:12		
159f6410-40bc-f011-bbd3-002248098cfa	1104	Rafał Ostrowski	M	M40-44	113	6:47:45	0:48:47	0:06:28	2:58:17	0:03:57	2:50:15	Poland	
07bc9752-fed5-f011-8543-6045bd05fcc1	1105	Renata Palka	F	F40-44	23	6:48:08	0:46:48	0:07:32	3:23:21	0:06:20	2:24:07	Poland	
20d1c705-c82a-f111-88b3-0022480b84a3	1106	Paulina Tomaszewska	F	F18-24	26	6:48:12	0:42:53	0:06:09	3:19:53	0:04:04	2:35:13	Poland	
e08a0e50-07ad-ef11-b8e9-000d3a5a1803	1107	Aleksandra Rodak	F	F30-34	34	6:48:18	0:46:46	0:10:39	3:16:54	0:06:23	2:27:37		
7ac6db43-9f33-4e16-bb50-abba37d80027	1108	Ronald Visscher	M	M55-59	22	6:48:36	0:32:38	0:08:00	3:01:01	0:04:34	3:02:24	Netherlands	
6170715c-ef32-f111-88b4-002248046ec8	1109	John Michniewicz	M	M30-34	165	6:48:39	0:43:51	0:07:23	3:13:45	0:06:06	2:37:34	United Kingdom	
30b67036-b51b-f011-9989-000d3a5b7c3b	1110	Bruce Tanke	M	M45-49	73	6:48:41	0:43:20	0:08:56	3:22:21	0:05:24	2:28:41	nld	
3f20bb59-a9a5-f011-bbd3-6045bd09951e	1111	RON SOURY	M	M18-24	153	6:48:49	0:50:31	0:13:24	3:10:37	0:05:50	2:28:26		
1c7883e8-388d-4e54-bba1-df59b5015373	1112	Marcin Babol	M	M35-39	135	6:49:03	0:44:00	0:07:22	3:11:16	0:05:56	2:40:29	Poland	
a22346f5-1b02-f111-8406-0022480a5755	1113	MICHAŁ PARTYKA	M	M30-34	166	6:49:21	0:48:09	0:07:47	3:10:17	0:03:37	2:39:31	Poland	
fa81d3a0-18ff-4de5-a892-29b5e2c5f22e	1114	Jennifer Fairfield	F	F40-44	24	6:49:36	0:45:20	0:08:25	3:29:31	0:05:37	2:20:43	GB	
4fac083d-e8d8-f011-8544-000d3a3173b5	1115	Isaiah Parker	M	M25-29	169	6:50:06	0:47:17	0:09:16	3:15:14	0:03:38	2:34:41	Germany	
5d81657f-000a-f111-8406-0022480b84a3	1116	Katarina Kubinova	F	F45-49	10	6:50:07	0:42:28	0:12:00	3:11:54	0:07:04	2:36:41	Czech Republic	
32ccc6bc-05c1-f011-bbd2-000d3a5b7c3b	1117	Chris Cox	M	M40-44	114	6:50:12	0:46:48	0:10:08	2:59:31	0:03:39	2:50:06	Canada	
04e44e75-7944-4de4-b6b3-7ac4a150c672	1118	Bartosz Horowski	M	M45-49	74	6:50:17	0:46:01	0:08:10	3:16:19	0:05:45	2:34:02	Poland	
64f51f9d-2abf-f011-bbd3-000d3a5b50ba	1119	Jozef Senohradský	M	M30-34	167	6:50:27	0:44:01	0:06:53	3:07:00	0:02:51	2:49:42	svk	
1f25e947-841d-f111-8341-002248046ec8	1120	Nikola Mieszczak	F	F18-24	27	6:50:51	0:42:10	0:09:31	3:26:52	0:04:47	2:27:31	Poland	
b8e69e9a-3548-f011-877a-0022480c097c	1121	Anil Balci	M	M30-34	168	6:51:11	0:47:19	0:07:57	3:10:00	0:06:06	2:39:49	DE	
086eb41c-24e6-f011-8544-0022480a7385	1122	Weronika Śliwińska	F	F30-34	35	6:52:02	1:07:40	0:09:40	3:03:40	0:06:03	2:24:59	Poland	
da4027b5-be93-f011-b4cc-0022480c097c	1123	Adam Volfík	M	M18-24	154	6:52:04	0:46:44	0:10:52	3:31:28	0:04:44	2:18:16	Czech Republic	
699e2582-80d5-f011-8544-0022480c097c	1124	Monika Behnam	F	F30-34	36	6:52:20	0:37:59	0:08:45	3:25:38	0:05:10	2:34:47	Egypt	
ac03b6a2-e3c3-41c9-a043-3259a43c3ed6	1125	Przemyslaw Wawrzyniak	M	M60-64	17	6:52:46	0:48:07	0:09:29	3:16:24	0:09:01	2:29:45	Poland	
ed03c4c3-a8a5-f011-bbd3-6045bd05fcc1	1126	Łukasz Burzyński	M	M45-49	75	6:52:48	0:42:13	0:07:45	3:19:11	0:04:32	2:39:07		
38657ba5-e3e0-f011-8544-000d3a3173b5	1127	Cole Gilfillan	M	M25-29	170	6:53:00	0:45:32	0:09:01	3:12:01	0:05:32	2:40:53	United Kingdom	
a343e8d9-74ba-f011-bbd3-000d3a5cf7d8	1128	Isabel Moulton	F	F25-29	41	6:53:09	0:43:24	0:11:41	3:24:07	0:09:01	2:24:56	Ireland	
3f9e743b-b624-42e5-9a50-81657fd1f91f	1129	Tarek Rashid	M	M50-54	49	6:53:14	1:07:47	0:12:24	3:06:02	0:10:31	2:16:30	egy	
612204cc-2740-f111-88b4-0022480994c2	1130	Samuel Moir	M	M18-24	155	6:53:28	0:43:51	0:10:55	3:13:30	0:05:30	2:39:43	gbr	
75098350-1525-f111-8341-6045bd06566a	1131	Tomáš Dyk	M	M30-34	169	6:53:45	0:40:20	0:14:15	3:29:45	0:08:38	2:20:47	Czech Republic	
6f916a8f-fd31-f111-88b3-6045bd08b1a2	1132	Yehezkiel Yance Tengker	M	M30-34	170	6:53:58	0:37:22	0:08:24	3:21:53	0:05:16	2:41:02	Germany	
9ec4f0a7-890f-f111-8406-0022480b35b6	1133	Marie Pařezová	F	F18-24	28	6:53:59	0:48:11	0:09:49	3:33:01	0:03:01	2:19:57	Czech Republic	
f8bb4275-73ba-f011-bbd3-000d3a5b50ba	1134	Wojciech Styranka	M	M25-29	171	6:54:04	0:43:15	0:07:35	3:27:48	0:06:56	2:28:30	Poland	
e339e06f-d193-ef11-8a6a-000d3a338a3c	1135	Juliana M	F	F35-39	33	6:54:06	0:51:18	0:09:02	3:13:05	0:06:16	2:34:26		
3c93447a-f335-f111-88b4-0022480b88da	1136	Gabriela Mikołajczyk	F	F18-24	29	6:54:12	0:39:35	0:07:51	3:08:21	0:05:28	2:52:58	Poland	
bc4d44e4-a2c2-f011-bbd3-000d3a35ffc1	1137	Paweł Mielech	M	M25-29	172	6:54:19	0:42:22	0:11:07	3:29:52	0:04:21	2:26:38	Poland	
e6f0d543-88e6-f011-8544-000d3a5b50ba	1138	Thomas Broughton	M	M30-34	171	6:54:20	0:57:07	0:11:56	3:21:27	0:05:47	2:18:04	United Kingdom	
12f735fb-78f5-441b-bfde-f8ce896b1535	1139	Mykyta Tkach	M	M18-24	156	6:54:20	0:44:50	0:10:06	3:13:29	0:04:50	2:41:04	Germany	
0c642878-0542-f011-b4ca-002248098cfa	1140	Nico Rinke	M	M18-24	157	6:54:52	0:47:54	0:10:35	3:12:18	0:04:48	2:39:18	DE	
45041e9e-d77a-4a94-b93a-0ecfd08a664d	1141	Joshua Rowley	M	M18-24	158	6:55:06	0:46:16	0:06:53	3:44:56	0:03:26	2:13:34	GB	
c1de2270-ecbb-f011-bbd3-6045bd05fcc1	1142	Sofie Hager	F	F25-29	42	6:55:06	0:50:47	0:07:36	3:13:39	0:06:43	2:36:21	Denmark	
5a46e1e1-8ea8-ef11-b8e9-000d3a3126fd	1143	Wilhelm Khumalo	M	M35-39	136	6:55:16	0:46:31	0:13:31	3:06:21	0:06:34	2:42:19	ZAF	
a3c60912-5fe2-f011-8543-000d3a5b5fc7	1144	Jakub Lum	M	M25-29	173	6:55:23	0:53:53	0:09:32	3:22:53	0:05:04	2:24:02	Poland	
061edf63-6eca-f011-bbd3-6045bd09951e	1145	Andrzej Czpak	M	M18-24	159	6:55:27	0:47:53	0:08:07	3:17:30	0:05:39	2:36:18	Poland	
82b8694b-b12f-f111-88b3-0022480a5755	1146	Alexandre Perrier	M	M25-29	174	6:55:52	0:40:46	0:09:15	3:08:41	0:07:15	2:49:56	France	
19d9c78a-56b2-4515-9ffa-453d40bf84ce	1147	Helen Harrison	F	F60-64	2	6:56:01	0:43:53	0:09:46	3:16:38	0:04:18	2:41:25	GB	
85270689-b9f0-473a-b9f6-fd1e13c46809	1148	Sebi Suárez Katainen	M	M55-59	23	6:56:01	0:48:20	0:12:18	3:02:44	0:05:44	2:46:55	FI	
5ae255f3-9af1-f011-8407-0022480b738e	1149	Jona Groen	M	M18-24	160	6:56:21	0:56:01	0:12:16	3:06:11	0:06:57	2:34:56	DEU	
29238764-5bb0-f011-bbd3-6045bd05f634	1150	DHAIRYA JAIN	M	M25-29	175	6:56:30	0:53:51	0:13:18	3:34:58	0:06:36	2:07:47	IND	
6f556c8a-c654-44bf-a526-9fc8fbb2a227	1151	Jacek Cymbrylowicz	M	M50-54	50	6:56:37	0:46:57	0:08:26	3:09:20	0:06:17	2:45:37		
f2728287-a5b2-4704-9664-4d3e2c2c570f	1152	Maciej Sawicki	M	M40-44	115	6:56:41	0:44:46	0:06:54	3:07:01	0:05:16	2:52:43	PL	
e25fd9cb-50da-f011-8544-000d3a5b7c3b	1153	Kamil Surowiak	M	M30-34	172	6:56:56	0:40:32	0:10:50	3:05:40	0:05:43	2:54:11	Poland	
46d1cd73-fed5-f011-8544-000d3a5cf7d8	1154	Luca Terwesten	M	M25-29	176	6:57:03	0:47:50	0:08:59	3:15:23	0:04:32	2:40:19	Germany	
cf093a2e-323c-f111-88b4-002248046ec8	1155	Adrianna Mynarska	F	F25-29	43	6:57:09	0:40:46	0:07:21	3:29:19	0:06:11	2:33:31	Poland	
f25b5f19-53c3-f011-bbd3-000d3a35ffc1	1156	Sergii Novosolov	M	M40-44	116	6:57:31	0:42:34	0:10:13	3:42:04	0:04:48	2:17:52	Ukraine	
e2a4d649-76ba-f011-bbd2-000d3a5b7c3b	1157	Daniel Mroczkowski	M	M25-29	177	6:57:53	0:53:14	0:08:42	3:20:40	0:04:07	2:31:09	Poland	
6a1879aa-eb95-ef11-8a6a-000d3a3126fd	1158	Lotty Jackson	F	F50-54	16	6:58:03	1:00:53	0:08:24	3:05:36	0:08:27	2:34:43	GB	
a8a4de80-30e7-f011-8544-000d3a35ffc1	1159	Jiří Holakovský	M	M55-59	24	6:58:23	0:49:16	0:12:52	2:58:15	0:07:19	2:50:41	cze	
976168ad-75b9-f011-bbd3-000d3a3173b5	1160	Robin Rzeszut	M	M18-24	161	6:58:24	0:52:24	0:09:40	3:29:34	0:09:31	2:17:15		
7e970287-a0cc-f011-bbd3-000d3a5b50ba	1161	Lennart Gamstedt	M	M18-24	162	6:58:28	1:01:12	0:06:24	3:19:32	0:03:57	2:27:23	Sweden	
1b46794c-53ff-f011-8406-0022480b84a3	1162	Gintaras Krivickas	M	M18-24	163	6:58:34	0:45:28	0:13:50	3:09:30	0:07:01	2:42:45	Lithuania	
d2504571-962a-f111-88b3-002248046ec8	1163	Błażej Hulbój	M	M30-34	173	6:58:42	0:45:50	0:14:06	3:26:42	0:07:45	2:24:19	Poland	
48caff96-5c1b-f111-8341-002248046451	1164	Marek Zíta	M	M25-29	178	6:59:00	0:50:22	0:10:38	3:16:55	0:05:17	2:35:48	Czech Republic	
e4cc0342-53ff-f011-8406-0022480a5755	1165	Luca Lili Kovács	F	F25-29	44	6:59:16	0:44:02	0:09:35	3:36:00	0:07:44	2:21:54	Hungary	
b06f6b88-732c-f111-88b3-000d3a5c00f8	1166	Michal Konieczny	M	M18-24	164	6:59:48	0:49:12	0:08:06	3:30:05	0:05:49	2:26:36	Poland	
38824b3b-193c-f111-88b4-0022480b84a3	1167	Shekar Ollie	M	M18-24	165	7:01:00	1:01:31	0:11:17	3:30:02	0:06:31	2:11:38	United Kingdom	
a7a4d649-76ba-f011-bbd2-000d3a5b7c3b	1168	Matan Ben Yehuda	M	M30-34	174	7:01:14	0:46:46	0:12:03	3:12:23	0:09:56	2:40:06	Netherlands	
4c7588b7-9013-f111-8406-002248081bd6	1169	James Izod	M	M18-24	166	7:01:41	0:44:27	0:09:18	3:08:29	0:06:53	2:52:35	United Kingdom	
23977f76-732c-f111-88b3-000d3a5c00f8	1170	Florian Dismann	M	M35-39	137	7:01:52	0:48:33	0:07:54	3:25:42	0:05:10	2:34:32	Germany	
770f8e1a-74ba-f011-bbd2-000d3a5b7c3b	1171	Anna Šmírová	F	F18-24	30	7:02:30	0:45:15	0:07:44	3:28:51	0:05:02	2:35:38	Czech Republic	
4a371adc-af81-49d5-a6e9-a0a906ba4a31	1172	Joshua Dlugay	M	M30-34	175	7:02:38	0:43:51	0:15:16	3:10:39	0:08:12	2:44:40		
cd313130-413e-f111-88b3-7ced8d3b3862	1173	Jakub Pojnar		M25-29	179	7:02:44	0:50:01	0:04:49	3:18:37	0:05:30	2:43:47	POL	
6682cfde-a539-f111-88b4-0022480b84a3	1174	Daniel Voros	M	M25-29	180	7:04:00	0:47:41	0:07:31	3:22:34	0:04:46	2:41:28	Hungary	
d62442b3-74ba-f011-bbd3-000d3a3173b5	1175	Jakub Kaczmarek	M	M30-34	176	7:04:01	0:57:52	0:10:26	3:10:00	0:04:31	2:41:10	Poland	
ccc4da17-65c4-f011-bbd2-000d3a5b7c3b	1176	Sascha Wiegmann		M50-54	51	7:04:10	0:37:25	0:06:35	3:07:44	0:08:50	3:03:36	DEU	
e04db1e1-41e3-f011-8544-000d3a5cf7d8	1177	Aleksandra Niedzielin	F	F35-39	34	7:04:20	0:49:40	0:09:37	3:21:50	0:08:53	2:34:20	Poland	
0a570fa7-0402-f111-8406-002248046451	1178	Živilė Repšytė	F	F25-29	45	7:04:28	0:49:01	0:07:19	3:31:25	0:04:32	2:32:11	Lithuania	
c03fb82d-2bf3-f011-8407-0022480b738e	1179	Dermot Murphy	M	M45-49	76	7:05:08	0:47:57	0:07:50	3:14:13	0:04:33	2:50:35	Ireland	
b554c4c7-75ba-f011-bbd3-6045bd05fcc1	1180	Charlotte Ball	F	F30-34	37	7:05:24	0:37:25	0:08:57	3:49:03	0:08:35	2:21:23	United Kingdom	
24a2863a-a4c1-f011-bbd3-000d3a5cf7d8	1181	Niamh McNally	F	F18-24	31	7:05:46	0:42:09	0:07:48	3:33:22	0:06:06	2:36:20	United Kingdom	
6d2688d0-4bc4-ef11-b8e9-002248049fdc	1182	Anna Tumanova	F	F25-29	46	7:05:56	0:40:19	0:11:17	3:41:32	0:04:42	2:28:05	Poland	
dc3c20e3-0ef6-f011-8406-6045bd06566a	1183	Lowri Wislocka	F	F18-24	32	7:05:59	0:39:33	0:10:18	3:36:35	0:04:22	2:35:11	United Kingdom	
cb58d448-eee4-f011-8544-000d3a5b50ba	1184	Petra Vávrová	F	F30-34	38	7:06:36	0:52:59	0:10:27	3:19:13	0:10:42	2:33:15	Czech Republic	
862892c8-9dd6-ef11-8ee9-6045bd088264	1185	Aditya Kulkarni	M	M30-34	177	7:06:38	0:49:07	0:08:05	3:15:24	0:04:38	2:49:24	DE	
c9a3b8cd-c0fb-f011-8406-6045bd06566a	1186	Joanna Bogna Nowak	F	F35-39	35	7:06:54	0:58:43	0:08:56	3:31:20	0:06:56	2:20:58	Poland	
d880c091-14aa-f011-bbd3-6045bd09951e	1187	Anita Musialska	F	F35-39	36	7:07:21	0:43:07	0:06:45	3:19:41	0:04:39	2:53:08	Poland	
533ccf0d-8628-f111-8341-7ced8d71577c	1188	Nina Worrall	F	F18-24	33	7:07:23	0:44:45	0:07:26	3:31:55	0:04:50	2:38:27	United Kingdom	
959801e5-61f8-f011-8406-0022480a5755	1189	Mateusz Puto	M	M18-24	167	7:07:40	0:46:54	0:08:09	3:34:37	0:03:10	2:34:50	Poland	
2c57f424-d352-f111-bec6-7ced8d6ff2af	1190	Bertalan Lovas	M	M25-29	181	7:08:14	0:49:55	0:07:51	3:35:22	0:03:20	2:31:45	HUN	
15632f1b-0639-f111-88b3-6045bd06566a	1191	Connor Dott	M	M18-24	168	7:08:21	0:41:54	0:09:26	3:14:13	0:06:50	2:55:58	United Kingdom	
2eda79f1-8633-f111-88b3-6045bd02442d	1192	Daniel Noga	M	M30-34	178	7:08:40	0:54:24	0:11:21	3:24:07	0:08:06	2:30:42	Poland	
3b054eb4-106c-f011-bec3-6045bd09951e	1193	Krystian Jurczak	M	M30-34	179	7:08:57	0:52:43	0:08:23	3:16:52	0:04:53	2:46:07		
e48e548b-4fea-4ef6-b936-997779dac354	1194	Andrzej Niechcial	M	M40-44	117	7:09:09	0:48:07	0:09:26	3:40:28	0:06:57	2:24:13	Poland	
f347f2dd-75fb-f011-8406-0022480b84a3	1195	Areta Ivanauskaite	F	F35-39	37	7:09:17	0:52:47	0:13:37	3:24:11	0:10:15	2:28:27	Lithuania	
84d236e5-c52d-eb11-a813-000d3a591f9a	1196	Dobromil Bugajny	M	M25-29	182	7:09:25	0:47:12	0:09:19	3:04:25	0:05:15	3:03:14		
21dd3a40-06d8-ef11-8ee9-6045bd018d16	1197	Magdalena Gutowska	F	F25-29	47	7:09:41	0:49:48	0:08:15	3:40:04	0:06:09	2:25:24	POL	
5b6b9ca6-9769-4829-9e70-2c4b9f41a1eb	1198	Gauri Salvi	F	F40-44	25	7:10:14	0:49:36	0:07:49	3:39:39	0:05:26	2:27:44	IN	
8ba383e8-f6e0-f011-8544-6045bd09951e	1199	Albert Jagiełło	M	M35-39	138	7:10:20	0:43:29	0:07:58	3:18:39	0:03:56	2:56:18	Poland	
af510a91-912b-f111-88b3-6045bd06566a	1200	Petr Benisek	M	M50-54	52	7:10:23	0:49:03	0:08:38	3:16:21	0:05:54	2:50:27	Czech Republic	
99acc64c-5379-f011-b4cb-000d3a34f3f4	1201	Benjamin Boje	M	M40-44	118	7:10:44	0:46:31	0:08:05	3:07:57	0:06:27	3:01:44	deu	
7f852f62-eae0-4236-b297-7f8a8bae6b2f	1202	Ayrat Ikhsanov	M	M45-49	77	7:10:52	0:43:26	0:08:15	3:05:22	0:04:53	3:08:57	GB	
e97191e3-a42c-4bea-b048-337a6df2cd26	1203	Damian Szafran	M	M35-39	139	7:10:59	1:10:48	0:07:53	3:05:35	0:04:14	2:42:30	Switzerland	
442796fd-8a27-f111-8341-002248081bd6	1204	Jan Nowiński	M	M25-29	183	7:11:02	0:55:07	0:11:52	3:16:34	0:06:33	2:40:55	Poland	
d729bcf3-24ce-f011-bbd3-6045bd05fcc1	1205	Darius Mucinskas		M35-39	140	7:11:29	1:13:18	0:11:46	3:28:13	0:06:53	2:11:18		
e8cca88e-30e7-f011-8543-6045bd05fcc1	1206	Kirsty Fitzsimmons	F	F55-59	3	7:11:56	0:47:37	0:08:59	3:36:40	0:03:15	2:35:25	cyp	
c93646d2-12d7-f011-8544-000d3a3173b5	1207	Nicolas Duquenne	M	M30-34	180	7:12:05	0:38:10	0:10:05	3:15:24	0:03:47	3:04:38	Belgium	
654fdaa3-1e29-f111-8341-6045bd06566a	1208	Tyler Hofmann	M	M18-24	169	7:12:13	0:47:20	0:13:19	3:33:12	0:07:17	2:31:05	Germany	
8569d367-1563-f011-bec3-000d3a5b50ba	1209	Jordan Capel	M	M30-34	181	7:12:14	0:47:05	0:10:15	3:46:03	0:07:27	2:21:24	gbr	
b45ef12d-3dd5-f011-8543-000d3a5b5fc7	1210	Layla Elsalamony	F	F18-24	34	7:12:22	0:41:38	0:11:02	3:25:11	0:07:08	2:47:22		
7c8f85fd-88c6-f011-bbd3-6045bd05fcc1	1211	Dominika Cichoń	F	F18-24	35	7:13:15	0:50:40	0:09:19	3:39:31	0:04:29	2:29:15	Poland	
f29013ba-821a-f111-8341-0022480a5755	1212	Ralph Kells	M	M25-29	184	7:13:15	0:50:51	0:13:14	3:32:16	0:06:55	2:29:59	United Kingdom	
eba713b2-e11e-4d9e-89bf-cfff33fbbd30	1213	Grzegorz Fast	M	M45-49	78	7:13:41	0:36:31	0:08:17	3:03:54	0:05:44	3:19:15	PL	
3c2d6083-76ba-f011-bbd3-000d3a3173b5	1214	Ela Mederska	F	F35-39	38	7:14:16	0:44:30	0:07:40	3:26:54	0:05:29	2:49:43	United Kingdom	
d729bcf3-24ce-f011-bbd3-6045bd05fcc1	1215	Darius Mucinskas		M35-39	141	7:14:23	1:05:17	0:19:47	3:28:16	0:06:52	2:14:11		
07775d11-a3e0-f011-8544-6045bd09951e	1216	Jack Harris	M	M18-24	170	7:15:13	0:40:43	0:08:14	3:24:58	0:05:24	2:55:54	United Kingdom	
d3f3ad9d-1d09-f111-8406-002248081bd6	1217	René Petr Macháček	M	M18-24	171	7:15:18	0:34:08	0:09:37	3:30:56	0:06:07	2:54:30	Czech Republic	
7b71c68b-f431-f111-88b3-6045bd08b1a2	1218	Jakub Labocha	M	M18-24	172	7:16:21	0:45:20	0:08:00	3:24:54	0:06:28	2:51:39	Poland	
33711425-dec0-f011-bbd3-000d3a35ffc1	1219	Estelle Signorato	F	F25-29	48	7:18:07	0:45:37	0:10:28	3:18:02	0:08:00	2:55:59	Belgium	
65c2497e-f2fb-f011-8406-0022480995bd	1220	Tom Dreßler	M	M25-29	185	7:18:12	0:45:05	0:11:21	3:29:43	0:07:24	2:44:39	Germany	
57a579a3-20e3-f011-8544-0022480c097c	1221	Anna Kirchmaier	F	F18-24	36	7:18:18	0:43:04	0:07:46	3:28:31	0:05:40	2:53:17	Germany	
f8db82c9-0bc4-f011-bbd3-6045bd05fcc1	1222	Radosław Tabisz	M	M35-39	142	7:19:03	1:08:23	0:07:33	3:24:58	0:04:08	2:34:01	Poland	
00bfb5c6-c1b9-f011-bbd2-000d3a5b7c3b	1223	Karol Szpilski	M	M40-44	119	7:19:23	1:09:53	0:11:08	3:18:31	0:07:32	2:32:19		
f41d8753-7127-f111-8341-0022480b84a3	1224	Cornelius Giulini	M	M18-24	173	7:20:30	0:49:59	0:11:03	3:22:40	0:07:13	2:49:36	aut	
6880440e-a6da-4a14-91c8-43fed7900b85	1225	Julia Drotschmann	F	F25-29	49	7:20:50	0:40:24	0:08:22	3:34:23	0:08:42	2:49:00	DE	
30bf8a80-9c18-43b3-8e05-71c77d0936cb	1226	Maksymilian Swierkowski	M	M18-24	174	7:21:45	0:55:51	0:10:40	3:35:21	0:10:09	2:29:44	Poland	
ed6ee34a-e7cd-f011-bbd2-000d3a5b5fc7	1227	Jan Mikuła	M	M18-24	175	7:21:55	0:55:07	0:10:12	3:17:17	0:08:08	2:51:10	Poland	
be8323d9-41e3-f011-8544-000d3a3173b5	1228	Krzysztof Niedzielin	M	M65-69	5	7:22:55	1:01:54	0:16:17	3:24:14	0:10:24	2:30:06	Poland	
1669f2e0-3fea-f011-8544-000d3a5cf7d8	1229	Amangeldi Akmatov	M	M30-34	182	7:24:23	0:56:16	0:09:56	3:34:24	0:03:41	2:40:06		
01cc424a-75ba-f011-bbd2-000d3a5b7c3b	1230	Viktorija Matulevičiūtė	F	F25-29	50	7:24:23	0:52:26	0:07:43	3:44:01	0:04:17	2:35:56	Lithuania	
71fc4836-f1bb-f011-bbd3-000d3a3173b5	1231	Alan Gomon	M	M18-24	176	7:26:27	0:56:57	0:12:21	3:32:06	0:10:37	2:34:26		
6b1d7ef9-a31c-f111-8341-0022480b84a3	1232	Louie Osborne	M	M18-24	177	7:26:48	1:06:26	0:10:19	3:22:11	0:07:53	2:39:59	United Kingdom	
19bb461d-5dea-f011-8543-6045bd05fcc1	1233	Nicholas Barnfield	M	M30-34	183	7:26:49	0:48:20	0:08:10	3:56:17	0:03:51	2:30:12	GBR	
bc41a5e2-b802-f111-8406-002248046451	1234	Bredo Furnes	M	M55-59	25	7:27:46	0:47:27	0:11:10	3:16:43	0:07:28	3:04:59	Norway	
92c6d29d-5c31-4ded-82fd-b667cfb5270c	1235	Jan-Niklas Gerdes	M	F60-64	3	7:27:54	0:45:11	0:12:28	3:18:21	0:08:22	3:03:32	DE	
3a7ee7d2-73ba-f011-bbd3-000d3a3173b5	1236	Piotr Majstrak	M	M25-29	186	7:27:55	1:08:28	0:10:29	3:37:46	0:06:42	2:24:29	Poland	
92c6d29d-5c31-4ded-82fd-b667cfb5270c	1237	Jan-Niklas Gerdes	M	M30-34	184	7:27:59	0:42:57	0:14:36	3:19:41	0:07:05	3:03:38	DE	
2608c4a8-dc60-f011-bec2-0022480c097c	1238	Hannah Poschen	F	F18-24	37	7:28:03	0:55:16	0:10:50	3:37:50	0:09:37	2:34:31		
3b8d8bb9-bcef-f011-8407-6045bd04a162	1239	Thais Freitas Bohn	F	F30-34	39	7:28:09	0:53:05	0:11:13	3:33:45	0:06:33	2:43:34	Germany	
7c43f7ea-8405-f111-8406-0022480b3ee9	1240	Bartosz Wesołowski	M	M40-44	120	7:28:22	0:54:53	0:12:44	3:22:13	0:08:45	2:49:47	Poland	
e381e84b-75ba-f011-bbd3-000d3a5cf7d8	1241	Šimon Šimko	M	M18-24	178	7:28:44	0:54:59	0:11:09	3:34:57	0:05:30	2:42:08	Slovakia	
27f46510-21f0-f011-8407-6045bd09fcf5	1242	Ladislav Mihalko	M	M18-24	179	7:28:52	0:43:32	0:07:30	3:30:28	0:06:26	3:00:57	Slovakia	
308843cf-06ef-f011-8406-00224804c237	1243	Stela Bortňáková	F	F18-24	38	7:28:52	0:43:33	0:08:31	3:29:27	0:06:24	3:00:58		
f5bccfa9-973e-f111-88b4-0022480b35b6	1244	Marek Novacek	M	M30-34	185	7:29:13	0:57:10	0:10:58	3:23:04	0:06:58	2:51:03	Czech Republic	
738bf0da-2f00-f111-8406-0022480b35b6	1245	Ewa Poduszyńska	F	F30-34	40	7:29:14	0:45:49	0:15:20	3:47:47	0:07:29	2:32:48	Poland	
85bb9fe5-ca59-f011-bec1-000d3a5b7c3b	1246	Emmanuel Farsi	M	M35-39	143	7:29:51	0:46:31	0:08:38	3:39:27	0:06:02	2:49:12		
55027753-8610-f011-9988-000d3a5b50ba	1247	Maja KODRIČ	F	F30-34	41	7:30:06	1:06:10	0:11:22	3:17:17	0:07:53	2:47:22	svn	
07e301b3-f242-f111-88b4-0022480b88da	1248	Adéla Chloupková	F	F25-29	51	7:30:44	0:46:43	0:11:10	3:44:36	0:07:54	2:40:21	Czech Republic	
fb0acf63-1002-f111-8406-6045bd0991a2	1249	Dina Sairally	F	F18-24	39	7:32:00	0:47:23	0:11:00	3:28:53	0:09:02	2:55:42	Germany	
da92fb03-1c02-f111-8406-0022480994c2	1250	David Schwuchow	M	M18-24	180	7:32:01	0:47:24	0:11:00	3:28:52	0:09:02	2:55:43	Germany	
6fcda5ea-0115-4551-8ed6-31a3632fed5f	1251	Nele Melchert	F	F25-29	52	7:33:02	0:47:15	0:09:23	3:19:23	0:04:04	3:12:57	deu	
44d47a8b-a22d-f111-88b3-0022480a5755	1252	FILIP Zmonarski	M	M18-24	181	7:33:45	0:46:36	0:10:27	3:51:19	0:07:02	2:38:20	Poland	
6517d54c-1e9e-f011-b41c-0022480c097c	1253	Vaibhav Gupta		M18-24	182	7:34:05	0:44:46	0:10:37	3:24:28	0:06:01	3:08:13	IND	
c5a5e63e-76ba-f011-bbd3-000d3a3173b5	1254	Suzanne Saunders	F	F45-49	11	7:34:51	0:44:20	0:13:13	3:33:12	0:10:34	2:53:32	United Kingdom	
116caa65-80d5-f011-8544-0022480a7385	1255	Marcin Koziura	M	M30-34	186	7:35:05	0:59:10	0:11:31	3:30:59	0:05:49	2:47:35	Poland	
378131ed-8483-f011-b4cc-6045bd05f634	1256	Kate Smith	F	F18-24	40	7:35:28	0:51:48	0:12:05	3:58:01	0:05:50	2:27:44		
11afaddc-cdcf-f011-bbd3-000d3a5b7c3b	1257	August Stenberg	M	M25-29	187	7:35:30	0:50:08	0:10:18	3:56:30	0:04:08	2:34:26	Norway	
4f5493e6-64c1-f011-bbd3-6045bd05f634	1258	Karolina Bohdanowicz	F	F25-29	53	7:35:33	0:54:33	0:07:56	3:43:28	0:08:45	2:40:52	Poland	
244acbd6-1120-406e-bfa7-e82c36108a5e	1259	Andrzej Markiewicz	M	M25-29	188	7:36:33	0:50:44	0:09:44	3:57:10	0:04:11	2:34:42	Poland	
ebfd283e-e081-417a-b8c3-d8c73cbdffbd	1260	Marcin Matusiak	M	M35-39	144	7:38:16	0:47:47	0:10:26	3:38:11	0:05:07	2:56:46	Germany	
718020b5-1f37-f111-88b3-6045bd08b1a2	1261	Mirosław Linke	M	M55-59	26	7:39:47	0:50:54	0:08:08	3:40:02	0:06:10	2:54:34	Poland	
eaf75cda-ec38-f111-88b3-000d3a343a63	1262	Nardeen Boulos	F	F35-39	39	7:40:30	1:00:40	0:09:41	3:49:02	0:05:28	2:35:39	United States of America	
cfbf10a7-73ba-f011-bbd3-000d3a5b50ba	1263	Jakub Gutt	M	M18-24	183	7:40:41	0:48:48	0:09:04	3:32:55	0:06:59	3:02:55	Poland	
2de3423d-e7cd-f011-bbd3-000d3a5cf7d8	1264	Léa Desfonds	F	F30-34	42	7:40:46	0:49:07	0:08:30	3:40:41	0:07:10	2:55:18	France	
1e05f1fb-e6fc-f011-8406-6045bd08b1a2	1265	Eduarda da Silva Gomes	F	F30-34	43	7:41:18	0:53:26	0:09:35	3:39:04	0:04:20	2:54:53	Germany	
f6611e37-8ba2-4935-90e2-9e8abb106849	1266	Piotr Fogiel	M	M50-54	53	7:41:20	1:02:22	0:14:29	3:19:48	0:10:16	2:54:26	Poland	
b91765a5-9b22-f111-8341-0022480994c2	1267	Andreas Marten	M	M40-44	121	7:41:51	0:56:39	0:13:04	3:32:31	0:07:50	2:51:47		
73306fc5-b24e-f111-bec6-0022480994c2	1268	Serhii Aharzaiev	M	M35-39	145	7:42:06	0:46:05	0:08:30	3:43:08	0:04:44	2:59:40	Poland	
847b1650-a669-f011-bec3-6045bd05fcc1	1269	Beata Koper	F	F30-34	44	7:43:22	1:07:44	0:10:04	3:30:40	0:05:20	2:49:33		
8e0bd293-d4f3-f011-8406-0022480b35b6	1270	Markus Keller	M	M35-39	146	7:44:15	0:56:08	0:10:11	3:27:52	0:07:58	3:02:06	Germany	
6e17508a-76ba-f011-bbd3-000d3a5cf7d8	1271	Daria Anikina	F	F25-29	54	7:44:21	0:49:47	0:14:02	3:38:36	0:07:26	2:54:30	Poland	
f94d1521-d531-4956-b45e-acdcaa192bbc	1272	Venkatesh Viswanathan	M	M55-59	27	7:45:35	0:51:37	0:11:36	3:19:47	0:06:14	3:16:22	IN	
b0c5b5df-0365-44ea-8f01-edc558d442f5	1273	Lorraine Christian	F	F65-69	1	7:46:23	0:48:27	0:12:56	3:38:59	0:07:46	2:58:16	usa	
3509285b-613f-f111-88b3-6045bd06566a	1274	Dominik Wcześniak	M	M25-29	189	7:48:44	0:48:28	0:11:41	4:08:42	0:06:40	2:33:13	Poland	
4a3bcee8-e729-f111-8341-002248046451	1275	laurent goergen	M	M40-44	122	7:49:10	0:50:56	0:06:41	3:31:00	0:08:34	3:11:59	Luxembourg	
8339da90-61b5-ef11-b8e8-6045bd018d16	1276	Joanna Cempla	F	F45-49	12	7:52:54	1:05:56	0:11:50	4:02:11	0:06:25	2:26:33		
0758a68f-d5fb-46d2-b889-de8cb000ed7a	1277	Alison Barclay	F	F45-49	13	7:54:10	0:40:52	0:11:28	3:41:36	0:07:50	3:12:24	United Kingdom	
629a2fbb-0bc4-f011-bbd3-000d3a35ffc1	1278	Elijah Lopez	M	M25-29	190	7:54:42	1:01:30	0:08:40	3:37:34	0:05:29	3:01:29	Poland	
f9c031f8-7b12-f111-8406-7ced8d701140	1279	Joanna Ostrowska	F	F40-44	26	7:56:47	0:47:56	0:07:50	3:46:16	0:04:10	3:10:36	Poland	
b0fe7cc6-6fc0-ef11-b8e8-6045bd088264	1280	Harshal Dambe	M	M40-44	123	7:57:42	1:08:22	0:11:00	3:51:00	0:05:02	2:42:18	IN	
df0e952a-ebdf-f011-8544-000d3a5b7c3b	1281	Péter Vaskó	M	M40-44	124	7:58:07	0:52:11	0:12:12	3:36:46	0:08:08	3:08:49	Hungary	
5e4b22a7-1e2e-f111-88b3-0022480a5755	1282	Laimis Leonavicius	M	M30-34	187	7:58:27	1:12:23	0:07:21	3:52:22	0:05:55	2:40:26	Ireland	
b8dd8e51-2310-407d-a068-476876151b8e	1283	Kedar ravangave	M	M40-44	125	7:58:32	0:44:00	0:22:39	3:27:37	0:10:35	3:13:42	IN	
72e9c595-8106-f111-8406-6045bd06566a	1284	Dóra Molnár	F	F30-34	45	8:00:04	0:48:06	0:11:12	3:50:59	0:06:26	3:03:20	Hungary	
427ca6ac-76ba-f011-bbd3-000d3a35ffc1	1285	Sofiya Koshko	F	F25-29	55	8:04:05	1:05:09	0:08:07	3:51:27	0:05:38	2:53:44	Poland	
ea144610-2f32-f011-8c4e-6045bd05fcc1	1286	Karan Darda	M	M40-44	126	8:04:58	0:49:52	0:10:20	4:01:07	0:05:09	2:58:29	IN	
21bff9ad-9013-f111-8406-0022480994c2	1287	Jayce Emmanuel	M	M18-24	184	8:05:12	0:42:57	0:08:03	3:29:33	0:05:41	3:38:58	United Kingdom	
e6da3ba3-76ba-f011-bbd3-6045bd05f634	1288	Marcin Krzywdziński	M	M30-34	188	8:05:42	1:02:21	0:07:35	3:46:32	0:03:15	3:05:58	Poland	
92f5e593-74ba-f011-bbd3-0022480c097c	1289	Brian O'Sullivan	M	M55-59	28	8:05:55	1:06:51	0:09:49	3:34:26	0:08:31	3:06:17	United Kingdom	
1cc5f786-5a01-f111-8406-0022480994c2	1290	Elle Smith	F	F25-29	56	8:06:16	0:52:48	0:09:53	4:22:17	0:04:01	2:37:17	United Kingdom	
cbee8d6c-ed01-f111-8406-0022480994c2	1291	Gabriel Ramos	M	M30-34	189	8:06:30	1:02:06	0:06:44	4:04:38	0:04:46	2:48:15		
c2548aa5-3837-f111-88b4-0022480b88da	1292	Maciej Linke	M	M45-49	79	8:06:35	1:04:00	0:11:58	3:58:48	0:05:50	2:45:59	Poland	
9226e29f-a0cc-f011-bbd3-000d3a3173b5	1293	Madhup Mudiraj	M	M40-44	127	8:10:23	1:10:40	0:08:00	3:32:06	0:06:13	3:13:24	Australia	
f9e9e358-1f39-f111-88b3-6045bd06566a	1294	Lauren Hobday	F	F25-29	57	8:15:33	0:58:44	0:12:34	3:54:57	0:10:29	2:58:50	United Kingdom	
d4a9c896-47a0-4f86-a966-794ac65f2fed	1295	Nitin Ghorpade	M	M45-49	80	8:16:29	0:49:37	0:22:05	4:01:09	0:06:32	2:57:07	IN	
2b57c30f-8505-f111-8406-002248081bd6	1296	Svenja Heins	F	F25-29	58	8:19:05	0:59:56	0:10:09	3:45:04	0:03:14	3:20:42	Germany	
70c1b430-4486-f011-b4cc-000d3a5b7c3b	1297	Nora Karlsen	F	F25-29	59	8:23:08	1:04:12	0:09:37	3:48:22	0:09:11	3:11:45	Norway	
187d5c33-5619-f111-8341-0022480a5755	1298	Tobias Schäflein-Chang	M	M18-24	185	8:26:00	1:06:55	0:08:53	3:40:05	0:04:37	3:25:30		
98831546-b875-ef11-a670-0022480ae005	99999	Dominik Hundseder	M	M30-34	99999							DE	DNS
8a18a511-f1c7-f011-bbd3-000d3a5cf7d8	99999	Ian Hiley	M	M45-49	99999							United Kingdom	DNS
8983aefd-fc3c-f111-88b3-70a8a59ab279	99999	Ignas Navickas	M	M35-39	99999							Lithuania	DNS
147eab98-6997-ef11-8a6a-000d3a59a9a1	99999	Coco Miller	F	F18-24	99999							GB	DNS
8b93ea2a-f14a-f111-bec5-70a8a5aee42c	99999	Maciej Bocheński	M	M45-49	99999		0:50:06	0:07:31				Poland	DNF
74c1ea98-8b83-4959-9c97-f0295b10ee76	99999	Lisa Johnson	F	F45-49	99999							IT	DNS
1d3eb3ad-b7e2-4247-a8aa-42c350dbb43c	99999	Nicolas Poppe	M	M35-39	99999							BE	DNS
efc6e86c-756e-4cdd-a199-89e308570e62	99999	Finnur Björnsson	M	M25-29	99999							isl	DNS
b0ef633f-8370-f011-bec3-000d3a3173b5	99999	Ryan Quinn	M	M30-34	99999								DNS
e0adccfd-b6cc-4d11-b062-5b66fb9afb75	99999	Lukasz Trafialek	M	M30-34	99999							Poland	DNS
5af78532-6790-433c-8726-a4153c049a97	99999	Ronald Richardson	M	M55-59	99999							NL	DNS
367d8751-9c11-ee11-8f6d-000d3a31406e	99999	Thomas Rent	M	M35-39	99999							aut	DNS
3304344a-7ead-4712-8c38-d7b816f767f9	99999	Miroslava Valasikova	F	F40-44	99999							SK	DNS
7cdd944a-b7ab-436f-81c3-edf14eb1370f	99999	Molly Savill	F	FPRO	99999		0:25:29	0:03:26				GB	DNF
0789f207-41f2-45e4-8d33-7316169e8bf6	99999	Wojtek Makowski	M	PC/ID	99999	5:13:06	0:33:08	0:05:26	2:34:29	0:03:17	1:56:46		
79e5c13b-dfbc-f011-bbd3-0022480a7385	99999	Pavlo Tolubyak	M	M30-34	99999							Poland	DNS
4142c111-10b0-426c-b931-dbed9e94c653	99999	Sebastian Zaremba	M	M50-54	99999								DNS
8f6dfba0-727e-f011-b4cc-000d3a5cf7d8	99999	Maciej Rudziński	M	M50-54	99999							Poland	DNS
ea5fd7c5-358e-4378-967a-1b68bf822d36	99999	Marta Sroka	F	F45-49	99999							gbr	DNS
e18f6ec1-74ba-f011-bbd3-002248098cfa	99999	Adam Maciąg	M	M25-29	99999							Poland	DNS
856487c4-30bc-ef11-b8e8-000d3a5a403c	99999	Hussein Seoudi	M	M25-29	99999							are	DNS
23687a2a-3a67-f011-bec2-002248029ae7	99999	Victoria Bay	F	F25-29	99999							DK	DNS
84c420dc-ca3c-f111-88b3-7ced8d6e9a8d	99999	Mark Vasilkov	M	M30-34	99999							United Kingdom	DNS
2ffe0b9d-4dc9-40d5-aa01-198d1415de96	99999	Lukasz Bartkowiak	M	M35-39	99999							POL	DNS
15e141f2-6712-f111-8406-000d3a59222e	99999	Saee Tilak		F18-24	99999							IND	DNS
03244740-c4f6-4cf1-80b6-9a5fa4825598	99999	Krzysztof Lopuszynski	M	M40-44	99999							Poland	DNS
5b76a1d7-f317-4982-9bb7-6a52095c587a	99999	Marcel Fron	M	M40-44	99999							Germany	DNS
512651f3-bab9-f011-bbd3-6045bd05f634	99999	Marek Papież	M	M25-29	99999							Poland	DNS
f215a3cf-ca11-f111-8406-00224805c9c6	99999	Derek Hurtado	M	M30-34	99999							United States of America	DNS
1673752e-c00e-f111-8406-6045bd08b1a2	99999	sandra solowiej	F	F25-29	99999							Poland	DNS
a7033129-a762-f011-bec3-0022480a7385	99999	Danilo Kim	M	M30-34	99999							BR	DNS
81bc50b1-c3c7-f011-bbd3-000d3a3173b5	99999	Kacper Goździewicz	M	M18-24	99999							Poland	DNS
4f2fa4ff-32f5-f011-8406-002248081bd6	99999	Witas Weber	M	M18-24	99999		0:34:52	0:05:05					DNF
09b8d2ea-8aab-42ae-9870-f1b22027a48f	99999	Alessio Latini	M	M55-59	99999							ita	DNS
ea11b74d-9dbc-47b9-b9eb-248e50c86c41	99999	Robert Bartczak	M	M40-44	99999							Poland	DNS
0ed62467-1aaa-f011-bbd3-000d3a35ffc1	99999	Tomasz Zagdański	M	M35-39	99999							Poland	DNS
c90860ae-0d0b-f111-8406-002248046451	99999	Jakub Sobolewski	M	M18-24	99999								DNS
1884736b-8e29-418c-a970-3d40c449016c	99999	Olek Lakomski	M	F18-24	99999							pol	DNS
ade60907-6217-4f89-9579-9cb03051119b	99999	Loïc Nawrot	M	MPRO	99999							DE	DNF
7163d8d8-f70b-f111-8406-0022480b84a3	99999	Pawel Krol-Paprot	M	M35-39	99999								DNS
21f01017-0b6f-f111-ab0d-0022480994c2	99999	Justyna Bombol	F	F30-34	99999							Poland	DNS
a588df7b-cc13-f111-8406-002248046ec8	99999	Wiktor Olszewski	M	M25-29	99999		0:40:22	0:06:01	2:39:13	0:02:35			DNF
79cd7f84-cec4-49dd-8e56-0c1ef06955a4	99999	Nicole Wass	F	F40-44	99999							DE	DNS
8b726301-e27b-4fe2-b789-ef65aa717b3b	99999	Henrik Bonnerup	M	M60-64	99999							dnk	DNS
41835a6a-cc4b-486b-bfb2-7802c2e60337	99999	Carl Craig	M	M40-44	99999							IE	DNS
7ce3e209-d86d-494d-a88a-7ba8dc21b68f	99999	Pawel Stapf	M	M50-54	99999								DNS
65fc460b-a582-f011-b4cc-000d3a5b50ba	99999	Lukács Adorján	M	M35-39	99999								DNS
4d57bb7d-a4e8-ec11-bb3c-000d3a597e2f	99999	Klaus Pagh	M	M50-54	99999							DK	DNS
9527c164-73ba-f011-bbd3-000d3a3173b5	99999	Rafał Banasiak	M	M18-24	99999							Poland	DNF
dde597da-e6e7-f011-8544-000d3a35ffc1	99999	Josh Baxendell	M	M18-24	99999								DNS
8315668a-b01b-f111-8341-002248081bd6	99999	Krzysztof Krasnodebski	M	M40-44	99999							Poland	DNS
0ab19549-4db3-49e5-816c-98551b815f3f	99999	Shandar Kooij	M	F35-39	99999							NL	DNS
834d1e8b-2b5e-ef11-bfe3-00224808301f	99999	Roland Beisteiner	M	M35-39	99999							aut	DNS
c00f428d-c341-f111-88b3-6045bd08b1a2	99999	Šimon Šnejdar	M	M18-24	99999							Czech Republic	DNS
8ce67d41-ab9f-f011-b41c-6045bd05f634	99999	John Beitinger	M	M18-24	99999							DE	DNS
f2c503cf-d90c-f111-8406-0022480b88da	99999	Matyáš Rada	M	M25-29	99999							Czech Republic	DNS
ab8c6668-6098-42ac-8391-8a5266fef131	99999	Harriet Delbridge	F	F35-39	99999							GB	DNS
76d3e2be-75ba-f011-bbd3-0022480a7385	99999	Laura Bell	F	F30-34	99999							United Kingdom	DNS
c93f5757-a543-f011-877a-6045bd05f634	99999	Maik Müller	M	M18-24	99999							DE	DNS
5e0c8454-2f1d-40b1-a2c6-ce36ce8764a8	99999	Yftach Paschur	M	M30-34	99999							Israel	DNS
84e099d2-9aac-4d43-9cff-674f37572f51	99999	Andrea Pucci	M	M45-49	99999							ITA	DNS
db05da86-91a5-4195-8764-393a468db67e	99999	Oskar Szczepanski	M	M40-44	99999								DNS
74e1d4e1-098f-f011-b4cc-000d3a35ffc1	99999	Iryna Brezytska	F	F30-34	99999								DNS
c965bdea-c6a3-4c49-996d-3661881f2b69	99999	Bart Witzier	M	M50-54	99999							NL	DNS
118e8f20-3a79-f111-ab0f-6045bd08b1a2	99999	Shiva Leisner	F	FPRO	99999							Denmark	DNS
ead4907e-efc6-45d8-b694-05c0ddf826a1	99999	Robert Puch	M	M50-54	99999		0:32:31	0:04:17	2:13:46	0:02:20		pol	DNF
9780244f-a2c9-ef11-b8e8-6045bd088264	99999	Marta Goc-Kozakiewicz	F	F50-54	99999							Poland	DNS
93f3666f-5527-f111-8341-0022480b35b6	99999	Marie Hovemann	F	F18-24	99999							Germany	DNS
0e4087dd-3213-f111-8406-6045bd06566a	99999	Marcin Gwistka	M	M35-39	99999							Poland	DNS
5c6af031-ecea-f011-8543-6045bd05fcc1	99999	Noa Marie Hörster	F	F25-29	99999							Germany	DNS
27abe404-b5a8-41d0-bd8b-3699901a2042	99999	Lukasz Tchórz	M	M40-44	99999							Poland	DNS
73e42e8f-d8e6-421d-a8da-8eb7946987b5	99999	Michal Sroka	M	M45-49	99999							gbr	DNS
905c6a2d-3235-f111-88b4-0022480b84a3	99999	Mikołaj Bąk	M	M18-24	99999							Poland	DNS
0ab19549-4db3-49e5-816c-98551b815f3f	99999	Shandar Kooij	M	M50-54	99999							NL	DNS
c7ba7c39-323c-f111-88b3-0022480a5755	99999	Matt Cain	M	M35-39	99999							United Kingdom	DNS
9c40f475-b755-4356-9bdc-8f2ec394427c	99999	Zsofia Kovacs	F	FPRO	99999		0:26:24	0:03:27	2:29:11	0:02:45		HK	DNF
fa681ff8-821a-f111-8341-0022480a5755	99999	Adam Waluśkiewicz	M	M25-29	99999							Poland	DNS
2bae3d5c-6829-f111-8341-6045bd08b1a2	99999	David Hanke	M	M25-29	99999							Germany	DNS
2e887111-a7e1-f011-8543-6045bd05fcc1	99999	Elise Bouter	F	F30-34	99999							Netherlands	DNS
3308bfe6-85b9-f011-bbd3-6045bd05fcc1	99999	Benjamin Weis	M	M45-49	99999							Germany	DNS
550bc38f-5f41-f111-88b4-002248081bd6	99999	Magda Korpal	F	F30-34	99999							Poland	DNS
38cd715c-853d-47df-ae75-39c1b4c4dee8	99999	Mathias Kramer	M	M65-69	99999							deu	DNS
ac2a9a41-a5f7-f011-8406-002248081bd6	99999	Jonah Franke	M	M18-24	99999								DNS
59268def-a7f2-ef11-9342-6045bd018d16	99999	Filip Zmyslony	M	M18-24	99999								DNS
e378f2d7-fe4c-f011-8779-000d3a5c3d6c	99999	Martijn Versmissen	M	M25-29	99999							BE	DNS
dee79887-973a-429c-9010-6bd40377f5e9	99999	Michal Durkalec	M	M35-39	99999							POL	DNS
5e061d45-face-410a-8a5c-ce307bd7d4ec	99999	Jan Van Liempt	M	M60-64	99999							NL	DNS
cf4b9ed2-4d18-4e77-a4d0-c33119390540	99999	Cedric Hainaut	M	M40-44	99999							Belgium	DNS
16957099-9aa6-ea11-a812-000d3a5a1bfb	99999	Angelika Kowalska	F	F45-49	99999								DNS
9724dd26-1bb5-47e9-8c3f-8f14f1801c90	99999	Jakub Zyczynski	M	M18-24	99999							Poland	DNF
f417650a-57bc-4202-a186-2330c95177fb	99999	Sebastian Oehlert	M	M40-44	99999							DE	DNS
eb1db7a1-e1cf-414d-a6f1-21de018aaed2	99999	Louise Taylor	F	F35-39	99999							GB	DNS
ab239e13-323c-f111-88b4-0022480994c2	99999	Kipras Streimikis	M	M35-39	99999							Lithuania	DNS
7c6d8cfc-eb15-4a92-9705-92f9b05af9ab	99999	Francois Martin	M	MPRO	99999		0:24:45	0:03:36	2:05:13	0:02:27		FR	DNF
6eec701f-344c-4afb-aed9-5e217d41f85e	99999	Marc Kooijman	M	M45-49	99999							NL	DNS
d7eff4e9-5adb-ec11-a7b6-000d3a373993	99999	Szymon Fajok	M	M25-29	99999							pol	DNS
c2535364-5c60-4d51-beed-9acb8ea4a7d0	99999	Michal Wójcik	M	M45-49	99999							PL	DNS
c7a9a20e-be32-f111-88b4-6045bd06566a	99999	Matyáš Bureš	M	M18-24	99999							Czech Republic	DNF
56b11d3d-1baa-f011-bbd2-6045bd03d968	99999	Eoghan Burke	M	M25-29	99999							Ireland	DNS
09a861b5-890f-f111-8406-0022480b35b6	99999	Szymon Nika	M	M18-24	99999							Poland	DNS
32428dd8-2fba-46fb-956a-2ea1ce9d88ea	99999	Davide Verzella	M	MPRO	99999							Italy	DNS
9eaf7ce8-6d77-4cef-8e48-cc038a795da7	99999	Tomáš Procházka	M	M25-29	99999							Czech Republic	DNS
1dd4dabf-972f-f111-88b3-0022480b84a3	99999	Johann Villnow	M	M18-24	99999							Germany	DNS
010d969f-196e-ef11-a671-00224808301f	99999	Joran bentveld	M	M18-24	99999							Netherlands	DNS
46db1f69-50d6-40e8-b1ff-13849ad9d75e	99999	Artur Czerwiec	M	M50-54	99999							POL	DNS
feb5d6da-4297-4f83-aa65-4605cc91c0fb	99999	Marty Murray	M	M35-39	99999							GB	DNS
ac445501-64eb-42f3-b59c-a0f7efb64086	99999	Marek Plawgo	M	M45-49	99999							Poland	DNS
b96906f4-9cc8-f011-bbd3-000d3a35ffc1	99999	Sarukesh Boominathan	M	M18-24	99999								DNS
ea2abdaa-d739-f111-88b4-0022480b84a3	99999	Jakub Mikołajczyk	M	M25-29	99999							Poland	DNF
743904cb-61f8-f011-8406-0022480b84a3	99999	Leonard Kintscher	M	M25-29	99999							Germany	DNS
0c34b7e9-0151-f011-877a-6045bd05f634	99999	Thomas Nielsen	M	MPRO	99999		0:23:20	0:03:14	1:57:49	0:01:33		Denmark	DNF
7b88ed18-9a78-4f0c-a458-238e7a6c5933	99999	Darek Berger	M	M40-44	99999							POL	DNS
434018c9-b3ec-4b18-be8c-863d627e8d44	99999	Saud Humaid	M	M25-29	99999							AE	DNS
62508510-dd0d-f111-8406-0022480a5755	99999	Marte Furnes	F	F18-24	99999							Norway	DNS
95a567e7-4eb3-4235-b8c7-6bf1ebbe3286	99999	Pawel Kalinowski	M	M40-44	99999		0:28:38	0:04:26	2:10:10	0:02:14		PL	DNF
4f332354-e423-f011-8c4e-6045bd05fcc1	99999	Avdhut Ponkshe	M	M45-49	99999	7:48:59	1:14:47	0:10:03	3:39:32	0:05:07	2:39:29	IN	DNF
4da91376-13ab-4ee3-9c2c-940ba247b7e1	99999	Bruno Carvalho	M	M45-49	99999							ES	DNS
2c8a2f74-2537-41a7-8ecf-eba23226e1aa	99999	Lukasz Ferfecki	M	M35-39	99999							Poland	DNS
a241a848-ed5f-f011-bec3-000d3a5cf7d8	99999	Vojtěch Frouz	M	M25-29	99999								DNS
a5cbc732-73ba-f011-bbd3-000d3a3173b5	99999	Jakub Jasiński	M	M25-29	99999							Poland	DNS
b8e8c1e2-ef74-4b85-a538-e8ddb4e6ea1e	99999	Claudio Versi	M	M30-34	99999							AU	DNS
aadc4a84-bb38-f111-88b4-0022480b35b6	99999	Maciej Obrochta	M	M18-24	99999							Poland	DNS
08b75472-c5a6-442a-94b7-225578b976b3	99999	Karina Kroll-Anisimowicz	F	F50-54	99999							Poland	DNS
d3f0f5c8-e0c0-f011-bbd3-000d3a35ffc1	99999	Yevhenii Lohinov	M	M30-34	99999								DNS
4d493612-f0e1-4053-bfe8-e75c47e9cafb	99999	Julia Roman	F	F25-29	99999		0:33:32	0:04:04	2:23:22	0:02:17		Poland	DNF
584bf1b2-1baa-f011-bbd3-000d3a3173b5	99999	Michał Sienicki	M	M25-29	99999							Poland	DNS
3ab89841-7098-4662-ba67-2ca4dcd9f660	99999	Marcin Kuczkowski	M	M45-49	99999							POL	DNS
70a61df5-bd88-f011-b4cc-6045bd05fcc1	99999	Dawid Czubek	M	M40-44	99999		1:27:35						DNF
c4db309d-20e3-f011-8543-6045bd05fcc1	99999	Dario Dressler	M	M25-29	99999							Germany	DNS
023636d8-7db2-f011-bbd3-000d3a35ffc1	99999	Teodor Petré	M	M25-29	99999								DNS
ae876491-b035-f111-88b3-0022480a5755	99999	Tymoteusz Klonecki	M	M18-24	99999							Poland	DNS
cc75f686-1d97-4c63-b48d-108cebd28c36	99999	Kamil Nogaj	M	M35-39	99999							Poland	DNS
aa8b18dc-e9d0-450d-ba16-8dffe68bbf4c	99999	Steven Ho	M	M50-54	99999							chn	DNS
5f556cd5-386f-f111-ab0d-0022480a5755	99999	Lora Žuliček Dumančić	F	FPRO	99999		0:29:59	0:03:37					DNF
a1d547fa-f0c7-f011-bbd3-000d3a5b7c3b	99999	Łukasz Goździewicz	M	M50-54	99999							Poland	DNS
695124da-4396-ef11-8a6a-000d3a3126fd	99999	Enda Conneely	M	M45-49	99999							IE	DNS
1d4a4e95-f1a0-ef11-8a69-000d3a5a403c	99999	Wojciech Kopyciński	M	MPRO	99999		0:25:09	0:03:12	2:01:14	0:01:16		POL	DNF
328ad922-53c3-f011-bbd3-000d3a3173b5	99999	Aurelijus Šapranauskas	M	M40-44	99999							Lithuania	DNS
1aebdff1-ce76-4208-9d99-ddbd71c5edd4	99999	Lukasz Kmuk	M	M45-49	99999								DNS
254f5165-f39e-f011-b41c-6045bd09951e	99999	Nicolai Kalauch	M	M30-34	99999								DNS
819e8ac3-61f8-f011-8406-002248046ec8	99999	Emilia Dattner	F	F18-24	99999							Poland	DNS
2e7ba867-b300-f111-8406-0022480a5755	99999	Tomasz Marczewski	M	M30-34	99999							Poland	DNS
12eae3f4-1ebf-417f-8949-d8c290666015	99999	Lukasz Koltko	M	M35-39	99999							Poland	DNS
7df742f5-ca57-f011-877a-000d3a5b7c3b	99999	Robert Lowe	M	M60-64	99999								DNS
4f488721-671e-f111-8341-002248046ec8	99999	Jan Nowak	M	M18-24	99999							Poland	DNS
79df00ca-972f-f111-88b3-0022480b35b6	99999	Jakob Essmann	M	M18-24	99999							Germany	DNS
274ce0e4-3be6-4f36-9f51-960ebb722ebf	99999	Anders Toft Nielsen	M	MPRO	99999							DNK	DQ
941a95c1-cdcf-f011-bbd3-000d3a5b50ba	99999	Dawid Waloszek	M	M18-24	99999							Poland	DNS
1180ccd6-6127-f111-8341-6045bd06566a	99999	Stephanie Haspel	F	F30-34	99999								DNS
e41d356a-fec6-4099-a0e0-c2f6d558a8fc	99999	Alia Rimatzki	F	F25-29	99999		0:30:57	0:03:48	2:23:35	0:02:01		deu	DNF
b308427f-73ba-f011-bbd3-000d3a35ffc1	99999	Mikołaj Elbe	M	M25-29	99999							Poland	DNS
490abff6-65d7-f011-8544-000d3a5cf7d8	99999	Carlos Octavio Ramirez Langarica	M	M30-34	99999							Ireland	DNS
01081b5c-603b-ef11-8409-000d3a3bda64	99999	Oliver Booth	M	M55-59	99999							GB	DNS
66557307-f1f2-f011-8407-0022480b738e	99999	Daniil Pastukhov	M	M25-29	99999							Czech Republic	DNS
90e3bdab-3bd4-f011-8544-000d3a35ffc1	99999	Mikkel Kramer	M	M30-34	99999								DNS
202269c2-001a-4305-b93b-00e06c0b5763	99999	Piotr Majewski	M	M40-44	99999							Poland	DNS
89860caf-b638-f011-8c4e-000d3a35ffc1	99999	Lidiya Petruk	F	F50-54	99999							KZ	DNS
d74011ae-8e65-4294-ab6f-53ca8a468724	99999	Tomasz Rudnik	M	M45-49	99999							POL	DNS
504e9cef-75ba-f011-bbd2-00224809087a	99999	Benjamin Holeniewski	M	M25-29	99999							Poland	DNS
b1a8c8b2-3e6b-f111-a826-0022480994c2	99999	Maciej Sypuła	M	M40-44	99999								DNS
8f844083-7949-481a-88f8-78ce4c583eba	99999	Piotr Wysocki	M	M50-54	99999								DNS
92ff9dec-f92a-f111-88b3-002248046ec8	99999	Vanessa Suen	F	F25-29	99999							Ireland	DNF
500b66db-59fc-f011-8406-0022480b84a3	99999	Frederik Holm Wester	M	MPRO	99999		0:23:26	0:02:49	1:59:46	0:03:38		Denmark	DNF
cc04148d-11ce-f011-bbd2-000d3a5b5fc7	99999	Vidhi Gupta	F	F18-24	99999							India	DNS
68b9ceeb-1594-f011-b4cc-6045bd05fcc1	99999	Dylan Killeen	M	M25-29	99999							Ireland	DNS
c905d5eb-8f97-f011-b4cc-0022480a7385	99999	Mathieu Linel	M	M30-34	99999								DNS
9fb02bfd-eca1-492c-8996-152c61e32774	99999	Sarah Abdou	F	F40-44	99999							gbr	DNS
f2f73d9d-46b4-f011-bbd2-000d3a59410f	99999	Michel Kuratli	M	M18-24	99999							CHE	DNS
bf51ac87-0b85-f011-b4cc-6045bd09951e	99999	Zuzanna Kuklinska	F	F25-29	99999								DNS
8f069fc5-7f90-4ed4-bb10-13d5996a5059	99999	Mikolaj Rubenczyk	M	M40-44	99999							Poland	DNS
b75255d6-d356-4eb1-be26-73860803e44b	99999	Ewelina Junczyk-Jaskula	F	F30-34	99999							Poland	DNS
20b8a5b2-1848-f011-877a-6045bd05f634	99999	Simen Sandlie	M	M25-29	99999		0:34:45	0:04:49	2:32:02	0:02:03		NOR	DNF
76f8d623-ebdf-f011-8544-000d3a5b50ba	99999	Marcin Jędrzejewski	M	M30-34	99999							Poland	DNS
f4dded25-3259-41c4-b719-45a2eb980d5b	99999	Ugo Serpelloni	M	M45-49	99999							Italy	DNF
8efec6b5-29c6-f011-bbd3-000d3a5cf7d8	99999	Marta Majewska	F	F18-24	99999	8:32:34	0:49:08	0:09:12	4:04:05	0:06:37	3:23:32	Poland	
23324739-0ec9-f011-bbd3-0022480a7385	99999	Tiggy Wallace	F	F18-24	99999							United Kingdom	DNS
d0d6c5a7-a46e-49d4-8b5f-c66209a66acb	99999	Kristofe Shu	M	M45-49	99999							chn	DNS
bfd14b83-c341-f111-88b3-0022480a5755	99999	Lukáš Hingar	M	M18-24	99999							Czech Republic	DNS
0d4c292b-323c-f111-88b3-6045bd06566a	99999	Filippe Vlavianos	M	M30-34	99999							Brazil	DNS
c2e2751a-723a-40d9-b1a3-27d82a95b083	99999	Pawel Durnowski	M	M45-49	99999								DNS
4766c8af-f0c0-ef11-b8e8-000d3a5ae96c	99999	Seungjin Yun	M	M35-39	99999		0:59:02	0:14:35	4:16:22	0:07:49		deu	DNF
f7a7312f-e7c3-4cf2-8869-c976107f8a8b	99999	Krzysztof Urban	M	M45-49	99999							Poland	DNS
f5a42576-a3c3-f011-bbd3-0022480a7385	99999	Lukas Breunlich	M	M30-34	99999							Austria	DNS
0a9d19c4-0bc4-f011-bbd3-000d3a3173b5	99999	Wiktoria Tabisz	F	F30-34	99999		1:17:14					Poland	DNF
a82fbf3a-19c5-47d7-b434-da7a19023be0	99999	Mischa van Damme	F	F30-34	99999		0:35:57	0:05:24	2:43:18	0:03:58		DE	DNF
7a1a655b-c324-f011-8c4e-000d3a5b50ba	99999	Manuel Lessing	M	MPRO	99999		0:23:25	0:02:57	2:00:23	0:01:58		DE	DNF
9f28ca59-74ba-f011-bbd3-002248098cfa	99999	Krzysztof Borowiak	M	M35-39	99999							Norway	DNS
18f31997-aa4f-ee11-be6f-000d3a314d17	99999	Konrad Imianowski	M	M25-29	99999							pol	DNS
2ad04e81-3566-f011-bec2-000d3a5cf7d8	99999	Robert Majewski	M	M40-44	99999							Poland	DNS
37f8237e-6c38-4503-a7ac-62d73b83517f	99999	Felix Heimrich	M	M40-44	99999							DE	DNS
52beac18-7182-4c63-bc1b-a3afa0193d45	99999	Marek Smolen	M	M50-54	99999							Poland	DNS
84b439b3-d239-48d0-b94c-3641c0ec3831	99999	Maurycy Jasielski	M	M45-49	99999							Poland	DNS
8c4c9dfc-73ba-f011-bbd3-6045bd09951e	99999	Yehor Chekshturin	M	M30-34	99999		1:16:59					Poland	DNF
f8b682c1-b069-4623-9b13-3e6f38623d1d	99999	Leonie Richardson	F	F50-54	99999							NL	DNS
2b25a7a7-6157-474f-9c5d-274c6989fa3a	99999	Lesley Mainwaring	F	F55-59	99999							gbr	DNS
40180eb5-f812-f111-8406-0022480a5755	99999	Patrik Vér	M	M25-29	99999							Hungary	DNS
e2510b65-7582-4360-88c6-c3c8133e86e5	99999	Martin Holona	M	M45-49	99999							CZ	DNS
3c5c8ebb-cdcf-f011-bbd3-000d3a5b50ba	99999	Krzysztof `Majchrzak	M	M35-39	99999							Poland	DNS
ef58cdcd-fb3b-f011-b4cb-6045bd06a8ad	99999	Laura Schoneberg	F	F25-29	99999							deu	DNS
37965c78-f587-f111-ab10-70a8a5b19cbc	99999	Mateusz Głuszkowski	M	MPRO	99999		0:22:25	0:02:43					DNF
4f1c7997-1e29-f111-8341-6045bd06566a	99999	Mark Csomos	M	M18-24	99999							United Kingdom	DNS
6ca16736-5317-f111-8341-0022480a5755	99999	Bartlomiej Wytykowski	M	M50-54	99999								DNF
1b836a76-01b7-4a1e-811f-668e9711b397	99999	Andrzej Sowa	M	M50-54	99999							pol	DNS
3a308e45-d1fc-4323-b2cd-749835800882	99999	Maciej Jaros	M	M35-39	99999		0:35:00	0:05:25	2:34:21	0:05:08		Poland	DNF
597de2f5-e01b-f111-8341-002248046ec8	99999	Rasmus Hansen	M	M25-29	99999		0:36:16	0:04:54	2:31:59	0:02:03		Denmark	DNF
141ca08d-99e4-f011-8544-000d3a35ffc1	99999	Lilian Schnitzerling	F	F30-34	99999							Germany	DNS
0f9e2530-1465-4a58-bd3d-868d456f611f	99999	Andrzej Korejwo	M	M45-49	99999							Poland	DNS
1898fe58-4b22-f111-8341-000d3a35d1c7	99999	Jonáš Weselý	M	M18-24	99999								DNS
d8c2b066-0c08-f111-8406-0022480a5755	99999	Isaac Camilleri	M	M25-29	99999								DNS
06d5cb26-f081-f111-ab0f-002248046ec8	99999	Katarzyna Remlein	F	F45-49	99999							Poland	DNS
b1032a39-6982-f011-b4cc-000d3a5c3d6c	99999	Marcin Puziak	M	M40-44	99999							pol	DNS
c8e957e0-133c-4da4-94a4-ee5b08da5ee0	99999	Naomi Johnson	F	F30-34	99999							United Kingdom	DNS
ae7497f2-60a8-f011-bbd3-000d3a5b50ba	99999	Alex Lajtman		MGuide	99999		0:44:20	0:06:12					DNF
22ce1621-323c-f111-88b4-0022480b35b6	99999	Samuel Pressling	M	M30-34	99999							United Kingdom	DNS
b30dd21d-14ef-f011-8407-6045bd09fcf5	99999	Sławomir Pawlak	M	M50-54	99999							Poland	DNS
698fa213-dd0d-f111-8406-6045bd08b1a2	99999	Dawid Figurski	M	M18-24	99999							Poland	DNS
a4a5a2c7-a244-f011-877a-6045bd09951e	99999	MUBARAK ALMANNAI	F	M18-24	99999		0:45:21	0:08:08				qat	DNF
1a6274e4-2d4d-eb11-a813-000d3a5a1bfb	99999	Tim Pardoel	M	M40-44	99999							esp	DNS
cc455580-bc46-f011-8779-002248098cfa	99999	Lottie Latham-Taylor	F	F25-29	99999								DNS
412c03ff-77e7-f011-8544-000d3a3173b5	99999	Martyna Kuś	F	F18-24	99999							Poland	DNS
788cbf2b-4f49-f111-bec6-002248081bd6	99999	Krzysztof Warchoł	M	M50-54	99999							Poland	DNS
b32f52d0-ff06-ef11-9f8a-000d3a314c24	99999	Ammentorp Kjeld	M	M50-54	99999							DK	DNS
0690a3f9-b66a-f011-bec3-000d3a3173b5	99999	Rebecca Hartmann	F	F40-44	99999							deu	DNS
d1312cb4-0268-f011-bec3-6045bd05f634	99999	Paweł Czerwiński	M	M30-34	99999							pol	DNF
00d47757-13aa-f011-bbd3-6045bd09951e	99999	Filip Śnieg	M	M25-29	99999							Poland	DNS
ae7497f2-60a8-f011-bbd3-000d3a5b50ba	99999	Alex Lajtman		PC/ID	99999		0:49:19	0:06:11					DNF
508a53bc-7194-f011-b4cc-0022480c097c	99999	Kamil Kuczynski	M	M25-29	99999							Norway	DNS
7c3aa84f-f619-4e94-8344-3f6da07bcb56	99999	Zbigniew Deptula	M	M45-49	99999							Poland	DNS
c4e8178c-b914-458a-8b5e-2fbfab3b1090	99999	Mark Hill	M	M60-64	99999							GBR	DNS
785602b3-eebb-f011-bbd2-000d3a3402d5	99999	Tomasz Jawor	M	M30-34	99999							Poland	DNS
67d42dc6-4f3c-4f39-b199-fd5d377abeaf	99999	Vinod Patel	M	M55-59	99999							GB	DNS
cadf185a-1fc7-f011-bbd2-0022480a3726	99999	Mateusz Janczak	M	M35-39	99999							Poland	DNS
27ac99b6-72ba-f011-bbd3-0022480a7385	99999	Ewa Warczyńska-Brych	F	F30-34	99999							Poland	DNS
aa1895cf-a3a2-435a-987f-c251c0baee61	99999	Benjamin Pernet	M	M45-49	99999							FR	DNS
fc9d679e-8e7c-4cc7-b8bb-5a060cddbd89	99999	Piotr Kucharczyk	M	M55-59	99999							PL	DNS
08961c79-76ba-f011-bbd3-6045bd05f634	99999	Bartosz Mucha	M	M18-24	99999		1:18:29					Poland	DNF
fb959b51-f374-4e8e-9831-c80aa7605596	99999	Wojciech Nalecz	M	M50-54	99999							PL	DNS
6c807261-74ba-f011-bbd3-0022480c097c	99999	Magdalena Baranowska-Wawrzyniak	F	F35-39	99999							Poland	DNS
71cb5440-574c-440d-a119-890eb6d3c4f7	99999	Max Groß	M	M30-34	99999							DE	DNS
ef2e7504-5109-f111-8406-0022480994c2	99999	Jakub Knesl	M	M30-34	99999							Czech Republic	DNS
1884736b-8e29-418c-a970-3d40c449016c	99999	Olek Lakomski	M	M50-54	99999							pol	DNS
594d8438-40d3-4ef9-bf6c-e9724a688294	99999	Manish Gupta	M	M45-49	99999							IN	DNS
2121bae4-84b9-f011-bbd3-6045bd0194a5	99999	Jakub Skowron	M	M18-24	99999							Poland	DNS
481af6ac-74ba-f011-bbd3-000d3a5b50ba	99999	Abhijit Selukar	M	M40-44	99999							India	DNS
6f595566-d15d-f111-a826-0022480b35b6	99999	Marcin Kubiak	M	M50-54	99999							Poland	DNS
7e4e905c-778e-4e80-84ea-5118328fc331	99999	Pierre-Eudes THOUZEAU	M	M35-39	99999		0:46:20	0:16:01	4:28:21	0:07:53		fra	DNF
013b7dfe-13ac-453e-bdac-294cae941ad9	99999	Laura Addie	F	FPRO	99999							GBR	DNS
a9f29cb9-05e7-f011-8544-6045bd09951e	99999	Patryk Izowit	M	M35-39	99999							Poland	DNS
84f11170-1a06-f111-8406-0022480b35b6	99999	Moritz Bente	M	M25-29	99999							Germany	DNS
bf0304e4-3fd5-f011-8544-000d3a5cf7d8	99999	Krzysztof Sikora	M	M35-39	99999							Poland	DNS
0e368355-9467-f011-bec2-000d3a5b7c3b	99999	Niklas Bruun	M	M25-29	99999								DNS
19808e7b-ea87-4ecc-893c-429d4361275b	99999	Benjamin Brown	M	M30-34	99999							US	DNS
169ee7cd-cce8-4df9-851d-ae984430a997	99999	Przemyslaw Zachwieja	M	M45-49	99999							Poland	DNS
9deb3c35-fc7a-ea11-a812-000d3a5a1bfb	99999	Katie Green	F	F35-39	99999		0:36:15	0:06:55	2:53:40	0:11:27		United Kingdom	DNF
445d5533-a253-ef11-a316-00224809ab10	99999	Philip Postek	M	M18-24	99999							US	DNS
3ef47505-3ae6-4174-a696-da8a2c5588d0	99999	Neil Castree	M	M55-59	99999							United Kingdom	DNS
243e798b-f7d1-f011-bbd3-000d3a5b7c3b	99999	Marek Krotiuk	M	M40-44	99999							Poland	DNS
22c76f6b-da26-f111-8341-0022480994c2	99999	Karol Kuczyński	M	M30-34	99999							Poland	DNS
bb621ad5-773d-f111-88b3-7ced8d3b3ce6	99999	Elgizbek Makambaev	M	M30-34	99999							Kyrgyztan	DNS
900861a4-b300-f111-8406-0022480995bd	99999	Eveline Wahlen	F	F40-44	99999							Switzerland	DNS
f872b461-75ba-f011-bbd3-0022480c097c	99999	Igor Hudziński	M	M25-29	99999							Poland	DNS
cf4b9ed2-4d18-4e77-a4d0-c33119390540	99999	Cedric Hainaut	M	M40-44	99999							Belgium	DNS
09f760a9-75ba-f011-bbd3-6045bd05fcc1	99999	Jakub Piskorski	M	M18-24	99999							Poland	DNS
1c2f1dec-4614-40a7-8a10-a7bb0b02044f	99999	Mariusz Zaniewski	M	M30-34	99999							Poland	DNS
0c27cd48-42ee-4f67-9920-c2528eccf070	99999	Georgie Shanahan	F	F55-59	99999							GB	DNS
9afa158b-18e1-f011-8544-000d3a3173b5	99999	Markus Ødegård Østbye	M	M30-34	99999							Norway	DNS
bee7d8c7-74ba-f011-bbd3-000d3a5cf7d8	99999	Bartosz Milewski	M	M35-39	99999							Poland	DNS
1f4ba57e-8cb2-f011-bbd3-000d3a35ffc1	99999	Emily Campbell	F	F35-39	99999							gbr	DNF
406482db-e729-f111-8341-0022480b3ee9	99999	Daan de Boer	M	M25-29	99999							Netherlands	DNS
d4cacebe-a8b9-f011-bbd3-6045bd09951e	99999	Jakub Michałowski	M	M18-24	99999								DNS
cde8e0af-492c-44e3-bee5-eb450fdb41d0	99999	Adriana Jasielska	F	F45-49	99999							Poland	DNS
4fe11dfb-7601-4a77-a2eb-a3ac9856ea8b	99999	Przemyslaw Szuder	M	M45-49	99999							POL	DNS
7e77bb7f-0703-f111-8406-0022480b88da	99999	Tom Cruise	M	M25-29	99999							Indonesia	DNS
