ContactId	Overall_Rank	Name	Gender	Division	Div_Rank	Total_Time	Swim	T1	Bike	T2	Run	Country	Status
72548975-72c2-ef11-b8e9-002248049fdc	1	Fenghang Wu	M	M25-29	1	8:47:00	1:08:11	0:03:32	4:26:38	0:01:37	3:07:01	China	
9dff0fc0-57e6-436d-93ec-6b52d276c0e8	2	Daniil Ermakov	M	M25-29	2	9:00:41	1:03:59	0:02:39	4:29:52	0:02:15	3:21:57	Unknown	
fb308366-9d80-4c2a-a6f2-bba6dbfedfba	3	Fang Yu Hoo	M	M25-29	3	9:04:16	1:05:45	0:02:54	4:36:10	0:01:42	3:17:45	Singapore	
743ec6d6-c3c9-4ef0-8348-a943884ed000	4	Chen Wei	M	M30-34	1	9:07:11	0:56:29	0:03:22	4:46:26	0:02:36	3:18:18	China	
a2108958-e3c0-ef11-b8e8-6045bd018d16	5	BONGJUN AN	M	M35-39	1	9:20:40	1:03:26	0:04:14	4:50:56	0:02:17	3:19:47	South Korea	
a9770684-3ce9-ef11-8ee9-000d3a592251	6	家杰 冯	M	M35-39	2	9:22:52	0:59:09	0:03:26	4:49:45	0:02:05	3:28:27	China	
cdaa7f8a-751d-f111-8341-00224806d04e	7	Stanislav Stefanovskii	M	M40-44	1	9:23:55	1:15:01	0:02:54	4:43:38	0:01:38	3:20:44	Spain	
a7fb252c-dec9-4e15-ae32-33318e54dfdf	8	PengHsin Ko	M	M35-39	3	9:29:04	1:09:04	0:02:48	4:48:11	0:02:20	3:26:41	Taiwan	
2ea15b67-8ddc-4cf3-8a5b-1974daccbe4b	9	Ines Joelly	F	F35-39	1	9:29:24	1:08:31	0:03:05	4:56:33	0:02:20	3:18:55	Austria	
6da1476c-3c68-40bc-9c7f-559f64c157bd	10	HAEHO HA	M	M45-49	1	9:31:40	1:04:31	0:03:55	4:47:41	0:03:08	3:32:25	South Korea	
3062fabf-8375-40e6-b7e1-7ec3090ceec4	11	Jose Mompo	M	M35-39	4	9:31:46	1:05:05	0:03:54	4:51:29	0:02:45	3:28:33	Spain	
9fb1c0b5-ec77-48d3-9dda-8b7fec5d159b	12	Dongkyu Kim	M	M35-39	5	9:32:54	1:11:44	0:05:18	4:50:21	0:03:00	3:22:31	South Korea	
930dbd20-deae-4de6-9e48-6489e55519f7	13	Ingon Park	M	M40-44	2	9:34:52	1:15:14	0:05:52	4:57:10	0:06:40	3:09:55	South Korea	
5b8260e1-a0d2-43f2-9b03-e7abd32a13e6	14	Jinhong Park	M	M40-44	3	9:37:00	1:11:30	0:06:32	4:36:40	0:07:42	3:34:36	South Korea	
b97baff7-de31-45fc-a027-7e4272885708	15	Eduard Moix	M	M40-44	4	9:41:19	1:08:16	0:03:29	4:50:16	0:02:47	3:36:31	Spain	
2d34683b-ae54-495d-afe3-a3dd2c247a93	16	Sang Ho Lee	M	M35-39	6	9:42:26	1:15:55	0:01:59	4:55:00	0:01:19	3:28:13	South Korea	
cd771fbb-3176-4cf8-915e-66a86a7458c2	17	Juo Park	M	M45-49	2	9:42:43	1:15:34	0:03:48	4:43:26	0:04:01	3:35:54	South Korea	
f6c2a609-1b07-4558-b70e-fa6ac7becb62	18	Liyun Chen	F	F35-39	2	9:43:28	1:16:05	0:03:45	4:47:55	0:01:46	3:33:58	Taiwan	
71f21f93-5ff8-430f-959d-01a943c337ba	19	Yassine Lajmi	M	M45-49	3	9:44:48	1:13:43	0:04:02	4:56:16	0:02:28	3:28:20	Tunisia	
f7e09d71-09e0-f011-8543-6045bd05fcc1	20	Kangsuk Lee	M	M50-54	1	9:45:23	1:17:50	0:03:51	5:01:03	0:01:41	3:20:58	South Korea	
4441b57e-3a71-476f-bcf5-e4fcef37ca54	21	Seong Junhyeok	M	M35-39	7	9:46:54	1:17:42	0:03:32	4:37:45	0:02:40	3:45:15	South Korea	
e7dfe187-fa79-f011-b4cc-000d3a3173b5	22	Ilia Murlin	M	M35-39	8	9:47:01	1:13:16	0:04:25	4:57:44	0:02:23	3:29:14	Unknown	
67c2ec7d-eeb7-4249-95f9-f36a1d809e4d	23	Yonghu Lee	M	M35-39	9	9:47:49	1:07:16	0:02:36	4:55:10	0:02:17	3:40:29	South Korea	
9c61478d-3af0-4acd-a03c-18292d19cca2	24	Nicolas Galmiche	M	M40-44	5	9:50:00	1:07:03	0:03:15	4:54:47	0:02:13	3:42:42	France	
b21cb6f2-21ae-f011-bbd3-000d3a3173b5	25	Chaojun Peng	M	M40-44	6	9:50:49	1:07:39	0:02:21	4:49:04	0:02:12	3:49:34	China	
1e4fff97-0198-ed11-aad1-000d3a314329	26	Do Hyun Park	M	M45-49	4	9:52:08	1:19:50	0:04:13	4:59:20	0:02:41	3:26:04	South Korea	
54324fb6-f0d1-f011-bbd3-6045bd05fcc1	27	시훈 이	M	M35-39	10	9:53:30	1:22:11	0:05:22	4:46:30	0:03:29	3:35:58	South Korea	
eff73f75-731a-41af-b53c-fc7def90fd34	28	Shenhui Li	M	M40-44	7	9:53:56	1:18:49	0:02:41	5:02:35	0:02:56	3:26:55	China	
feb18388-e7e6-4bb8-9d57-76745b96a205	29	Aleksandr Starikov	M	M40-44	8	9:54:07	1:15:29	0:05:33	4:55:13	0:04:55	3:32:57	Unknown	
55cf32bc-90e7-4a51-94ac-93333784bb2f	30	Teng Yu Liang	M	M40-44	9	9:56:26	1:03:02	0:05:16	5:11:05	0:02:59	3:34:02	Taiwan	
210f040c-9433-4ed5-9333-8f2224cd4844	31	Jingjun Zhou	M	M40-44	10	9:57:22	1:13:22	0:04:31	4:58:56	0:03:01	3:37:32	China	
d154736d-8d41-4ac5-8f1f-59593f1b747c	32	Byung-Soo Lee	M	M40-44	11	9:57:49	1:17:42	0:03:01	5:01:13	0:02:49	3:33:04	South Korea	
4adb1c3f-9bb9-472f-800b-90b603394c03	33	Sangkook Lee	M	M45-49	5	9:57:52	1:13:16	0:03:57	5:01:14	0:02:29	3:36:56	South Korea	
cf497899-cf79-4183-8799-4d8ef7cc1c2b	34	Sookjin Kang	F	F40-44	1	9:59:17	1:17:42	0:04:18	5:03:35	0:02:44	3:30:57	South Korea	
db8fe10c-208a-4ff5-bd69-efe454a11140	35	ByungSoo Koo	M	M45-49	6	10:00:37	1:08:10	0:02:02	5:02:43	0:02:10	3:45:31	South Korea	
8544fb22-5d05-f111-8406-6045bd08b1a2	36	阳 李	M	M30-34	2	10:00:43	1:29:47	0:10:34	5:11:36	0:03:28	3:05:18	China	
f9f3731e-07fc-f011-8406-0022480a5755	37	Sungmin Chae	M	M45-49	7	10:00:54	1:16:46	0:06:52	5:09:27	0:03:27	3:24:21	South Korea	
0506c7a6-4534-41fa-955b-736cfdd3c511	38	JAEHOON LEE	M	M50-54	2	10:03:04	1:20:59	0:04:27	4:55:21	0:02:57	3:39:20	South Korea	
088850c1-de12-42a1-acc5-c789d404a05c	39	LIN XU	F	F45-49	1	10:03:13	1:07:34	0:02:37	5:09:28	0:01:42	3:41:52	China	
48de0987-6116-47a8-92e7-8c714a402222	40	Jamie Bubb	M	M30-34	3	10:03:23	1:08:59	0:03:33	4:56:18	0:02:35	3:51:58	United Kingdom	
549a685e-8230-45dd-9e36-f9dba8ed3c35	41	동천 박	M	M45-49	8	10:03:31	1:19:09	0:04:02	4:58:45	0:03:33	3:38:01	South Korea	
4f9bcc24-53e7-ef11-8eea-000d3a5a1803	42	WEI YIN	M	M40-44	12	10:04:30	1:22:34	0:05:34	5:01:22	0:02:23	3:32:37	China	
e6ef996b-b570-444c-9283-59f3dc4fd5a6	43	Byungeun Lee	M	M30-34	4	10:05:00	1:20:50	0:03:51	4:54:59	0:02:34	3:42:47	South Korea	
dbd32017-efde-f011-8543-6045bd05fcc1	44	Sojin Park	M	M25-29	4	10:05:33	1:12:12	0:03:56	5:01:50	0:02:02	3:45:32	South Korea	
284aa72f-cfb2-4268-bfb8-72f720fcedad	45	MINHOE GU	M	M40-44	13	10:06:00	1:14:27	0:03:06	5:05:59	0:03:13	3:39:16	South Korea	
b961ce7b-1790-ee11-8179-000d3a31458d	46	Yongsik Im	M	M50-54	3	10:06:25	1:19:13	0:02:50	4:53:26	0:04:10	3:46:47	South Korea	
a281a399-4f2c-4ef8-89c7-bc8aec34bc3f	47	Chia Han Chang	M	M45-49	9	10:07:51	1:21:19	0:04:20	5:01:21	0:02:53	3:37:58	Taiwan	
dc54e4b4-ea8a-4f8a-8983-c701a2337fec	48	Yeongrae Lee	M	M45-49	10	10:08:45	1:14:52	0:03:37	4:57:21	0:02:18	3:50:37	South Korea	
dc3b140f-2f8e-ef11-ac21-000d3a3126fd	49	Xinxiao Gong	M	M35-39	11	10:09:20	1:15:58	0:04:20	4:46:04	0:03:23	3:59:35	China	
d9a9faf5-1f7b-4092-b70e-d2a6a0cc4ea2	50	Hyekyeong Seo	F	F35-39	3	10:10:24	1:07:29	0:02:29	5:05:55	0:03:12	3:51:19	South Korea	
4985d19f-b3fe-eb11-94ef-0022480aa4a7	51	Pavel Zhidelev	M	M50-54	4	10:11:44	1:32:01	0:05:36	5:09:32	0:04:51	3:19:45	Kazakhstan	
a8eaa650-08ac-4e14-8583-5abb651818d7	52	동식 신	M	M45-49	11	10:13:18	1:21:07	0:04:15	4:58:22	0:02:36	3:46:58	South Korea	
5032b386-56d0-4d65-887d-dcb28c4764b5	53	Alab Adviento	M	M30-34	5	10:14:43	0:57:15	0:05:29	5:03:19	0:04:00	4:04:40	Philippines	
66055203-048d-ef11-ac21-000d3a5b3d07	54	Bai Meng	F	F40-44	2	10:15:06	1:17:37	0:03:14	5:09:14	0:01:47	3:43:14	China	
01d1531f-31fc-f011-8406-002248046ec8	55	태일 전	M	M55-59	1	10:15:49	1:11:05	0:03:37	5:19:51	0:02:25	3:38:50	South Korea	
d73f8b12-be51-4988-aaa1-4e545929733b	56	Andrew Shen	M	M25-29	5	10:16:08	1:17:18	0:03:16	4:54:23	0:03:10	3:58:01	United States	
ffaaf770-3ef9-4b7d-a510-65830eb9e0d4	57	Hyungbae Chun	M	M45-49	12	10:16:27	1:14:02	0:03:46	5:16:23	0:02:41	3:39:35	South Korea	
19562247-23ee-4534-8c46-f7fc0ecf52fe	58	Jungwoo Suh	M	M40-44	14	10:16:31	1:12:36	0:03:16	5:10:28	0:02:33	3:47:39	South Korea	
78dca415-d13f-ea11-a812-000d3a5a1f86	59	태진 김	M	M40-44	15	10:17:04	1:17:51	0:03:16	4:58:35	0:03:15	3:54:07	South Korea	
1793432f-6cde-f011-8544-000d3a3173b5	60	chang jo Kim	M	M45-49	13	10:17:08	1:19:13	0:02:17	4:56:39	0:01:47	3:57:12	South Korea	
b674c494-11d3-ef11-8eea-002248049fdc	61	taesung kwon	M	M45-49	14	10:17:20	1:23:02	0:04:28	5:10:24	0:02:37	3:36:48	South Korea	
3c2dddfa-82cc-418e-927a-6e4d4e81b9a7	62	Dong ho Kim	M	M50-54	5	10:18:35	1:21:33	0:05:17	5:06:08	0:04:36	3:41:01	South Korea	
cae72fcf-648b-44ca-8e53-231ea4c0137c	63	ERIC ZHOU	M	M50-54	6	10:18:49	1:18:35	0:04:37	5:08:58	0:03:25	3:43:13	China	
68c282c5-0b6b-f011-bec2-000d3a5b7c3b	64	Roman Girshfeld	M	M45-49	15	10:20:03	1:09:26	0:04:58	5:03:55	0:05:16	3:56:29	Ukraine	
a33ad4eb-b2e7-407a-892b-732cac73c5b4	65	Jong Kyung Kim	M	M45-49	16	10:20:28	1:19:50	0:03:42	4:50:52	0:03:22	4:02:42	South Korea	
0b6e5bb3-c80d-45ed-8321-2d40841c13fc	66	gyu heo	M	M40-44	16	10:20:35	1:32:03	0:05:01	4:54:02	0:03:19	3:46:10	South Korea	
6d50dc4d-8c92-4413-a169-ba3cc8bd025b	67	Jirí Wallerer	M	M30-34	6	10:21:16	1:17:14	0:03:53	5:09:56	0:02:38	3:47:35	Czech Republic	
f11bbf88-d0d4-ef11-8ee9-6045bd018d16	68	YISOO KIM	M	M30-34	7	10:21:48	1:16:10	0:05:18	5:21:38	0:03:14	3:35:28	South Korea	
4913df83-496b-417d-aacf-5aa22bf0784e	69	Wim Verdeyen	M	M50-54	7	10:23:52	1:04:49	0:02:57	5:07:47	0:03:31	4:04:48	Belgium	
4441f4e7-a4c9-ef11-b8e8-6045bd088264	70	WOOHYUN ROH	M	M35-39	12	10:24:29	1:16:48	0:03:51	4:59:37	0:03:28	4:00:46	South Korea	
ad77acbe-b32b-4deb-bfa4-1696d0af40b7	71	Seongbeom Park	M	M35-39	13	10:24:50	1:04:33	0:04:23	5:06:31	0:09:00	4:00:23	South Korea	
361453f2-df96-4daa-bfdd-3440829382f6	72	Hanlong Zheng	M	M35-39	14	10:26:16	1:23:09	0:04:13	5:06:35	0:03:38	3:48:41	China	
afb221da-48cd-ee11-9079-000d3a31406e	73	Younghyoun Kim	M	M40-44	17	10:26:33	1:14:01	0:03:26	4:59:03	0:02:50	4:07:13	South Korea	
807fac32-73eb-4b64-ab0f-a45954d5d1a3	74	Nicolas Lagier	M	M40-44	18	10:27:25	1:12:31	0:03:33	5:02:35	0:02:26	4:06:19	France	
70b5369d-ad60-434c-94ee-4246cec679c2	75	Youngchul Kim	M	M40-44	19	10:27:28	1:17:03	0:06:14	5:02:58	0:04:00	3:57:13	South Korea	
debdb2af-345d-4f4c-ae41-b2d2d5d96bbc	76	Yeoji Seong	F	F30-34	1	10:27:34	1:20:29	0:02:46	5:11:02	0:02:08	3:51:09	South Korea	
12396161-1dc0-ef11-b8e9-000d3a5a1803	77	JONGBEOM PARK	M	M35-39	15	10:27:37	1:21:47	0:05:20	5:01:37	0:02:27	3:56:26	South Korea	
6eed143b-749a-ee11-be37-0022480acaa6	78	Anna Balabaeva	F	F40-44	3	10:27:40	1:19:50	0:05:35	5:08:54	0:03:05	3:50:15	Turkey	
409b4dce-2127-f111-8341-0022480b35b6	79	成东 郭	M	M40-44	20	10:27:47	1:19:56	0:04:01	5:20:05	0:03:04	3:40:41	China	
2ca1d602-7868-ef11-bfe3-6045bd010fe7	80	lingfeng Guan	M	M35-39	16	10:28:29	1:35:19	0:07:28	4:52:25	0:05:07	3:48:11	China	
338fd2b3-ae4c-f011-877a-6045bd05fcc1	81	Fan Feng	M	M35-39	17	10:28:42	1:19:23	0:05:04	4:59:13	0:03:02	4:01:59	China	
d0cdc4e8-35fc-41e5-9c0a-22158a88ec37	82	Jaturon Jeenjitman	M	M30-34	8	10:28:49	0:59:17	0:03:36	5:12:23	0:03:18	4:10:15	Thailand	
9ea81b04-96bb-ef11-b8e8-000d3a5a403c	83	Lei Jiang	M	M35-39	18	10:29:32	1:18:40	0:02:55	5:03:03	0:02:49	4:02:06	China	
9b85ee72-8be7-ef11-8eea-6045bd088264	84	Yunxiao Wang	M	M25-29	6	10:30:11	1:21:10	0:04:14	5:06:07	0:02:49	3:55:51	China	
d31cc8c1-f2de-f011-8544-002248098cfa	85	Nam Jaehyun	M	M50-54	8	10:30:54	1:18:44	0:07:33	5:13:33	0:06:18	3:44:45	South Korea	
29464b30-dd87-4b45-8296-81d6525b3954	86	CHOI Youngjin	M	M50-54	9	10:31:19	1:21:01	0:04:32	5:06:35	0:01:48	3:57:23	South Korea	
73c408ef-2ef2-40e3-9e5c-57eb643041a1	87	성현 Park	M	M45-49	17	10:32:23	1:32:42	0:04:17	5:05:54	0:04:07	3:45:23	South Korea	
3cdc0fd6-920f-49fa-96e7-d25811a69939	88	Wonseok Choi	M	M40-44	21	10:33:04	1:13:02	0:02:58	4:58:52	0:04:00	4:14:11	South Korea	
13be0bd3-08b0-4e49-9b7d-a8b318f8c4be	89	Dohyoung Kim	M	M45-49	18	10:34:18	1:32:12	0:03:40	5:01:22	0:02:22	3:54:43	South Korea	
371099f0-f5de-f011-8543-000d3a5b5fc7	90	SEONG WOOK CHOI	M	M35-39	19	10:34:36	1:12:53	0:04:08	5:06:51	0:03:22	4:07:21	South Korea	
e89e746a-a491-44b5-b505-674d110e0e09	91	Wonseok Jeong	M	M45-49	19	10:35:33	1:22:24	0:03:56	4:57:26	0:04:44	4:07:04	South Korea	
cfb6bc74-ba30-4893-8a7f-2da7359af2be	92	Yiseul Son	F	F35-39	4	10:35:41	1:15:34	0:04:06	5:20:19	0:04:24	3:51:18	South Korea	
a8f4b0d8-8203-4681-96da-81f27e23aa08	93	Runze Zhang	M	M25-29	7	10:35:59	1:27:21	0:05:41	5:04:03	0:05:09	3:53:46	China	
e58dc233-7cb7-4eac-a88f-e33619b1aff0	94	Yeongbok Noh	M	M50-54	10	10:36:30	1:13:45	0:03:49	5:18:43	0:02:03	3:58:10	South Korea	
9e5efaa8-c732-42cf-abdc-d7e467c7d167	95	Cyril Voillequin	M	M55-59	2	10:36:44	1:21:14	0:06:35	5:15:35	0:07:05	3:46:15	France	
43e7ee26-e892-4329-8c39-7e276e7a8032	96	Leo Hoihang Wong	M	M30-34	9	10:37:00	1:18:18	0:04:23	5:17:20	0:02:52	3:54:08	United Kingdom	
dd81967b-97ac-ef11-b8e8-000d3a5a403c	97	Nartay Kaziyev	M	M18-24	1	10:38:04	1:04:00	0:04:22	5:52:01	0:02:39	3:35:03	Kazakhstan	
70cb5562-e6df-f011-8544-000d3a3173b5	98	jinhee kim	M	M40-44	22	10:39:41	1:20:04	0:09:24	4:56:37	0:06:25	4:07:11	South Korea	
d354327a-d2bc-49bd-8345-30230c366c12	99	Kang kitae	M	M50-54	11	10:40:54	1:16:41	0:02:49	5:04:00	0:02:47	4:14:38	South Korea	
7f549224-7e03-4571-8ac9-72b3d6fe6711	100	SeongBong Hwnag	M	M50-54	12	10:41:08	1:17:05	0:11:04	5:20:37	0:05:07	3:47:15	South Korea	
555e2b3e-e54d-f111-bec6-0022480b3ee9	101	Jiho Lee	M	M40-44	23	10:41:22	1:14:40	0:04:50	4:53:49	0:06:58	4:21:05	South Korea	
122215b5-a4d9-f011-8544-000d3a5cf7d8	102	ZHIJING Wu	F	F25-29	1	10:42:23	1:18:18	0:05:14	5:06:43	0:03:00	4:09:08	China	
19abbecf-c6ed-413a-9038-ee7f8738c074	103	홍 해룡	M	M30-34	10	10:42:31	1:17:45	0:04:56	5:12:38	0:04:36	4:02:35	South Korea	
2260005e-88b4-e511-940c-005056951bf1	104	Seongweon Seo	M	M55-59	3	10:43:47	1:22:41	0:05:26	5:10:28	0:03:46	4:01:26	South Korea	
8b500272-8692-4ec2-a54c-1ca444ca950f	105	Yonghee An	M	M40-44	24	10:45:23	1:27:47	0:03:17	5:02:17	0:02:34	4:09:28	South Korea	
9800433f-afae-4491-8557-07c883a87c20	106	Lianqin Yu	M	M50-54	13	10:45:35	1:27:54	0:05:48	5:17:00	0:03:13	3:51:40	China	
3f5e28a1-1a2d-4574-b9fb-91417ef76185	107	Seonghun Ji	M	M50-54	14	10:45:49	1:15:20	0:08:07	5:15:59	0:03:20	4:03:04	South Korea	
ac4b895d-0506-4902-ab7d-60cb36c39e5f	108	JEONGWOO SEO	M	M45-49	20	10:46:05	1:25:41	0:04:28	5:15:36	0:03:40	3:56:40	South Korea	
8cda56df-1353-489d-80d7-9af7abe02203	109	Seunghan Baek	M	M45-49	21	10:46:23	1:20:14	0:04:45	5:16:24	0:03:26	4:01:34	South Korea	
142cbb9a-03d6-4d19-a0d0-3c742241a08d	110	Sungmin Cho	M	M50-54	15	10:46:23	1:24:55	0:03:58	5:22:03	0:04:12	3:51:15	South Korea	
1fb930bb-38ff-ef11-bae2-6045bd05fcc1	111	Jieun Lee	F	F40-44	4	10:46:35	1:20:00	0:06:09	5:13:18	0:03:46	4:03:22	South Korea	
4952ef9c-fefa-4493-8017-f90508ca99d9	112	Kyunbum Jung	M	M40-44	25	10:46:54	1:25:30	0:06:27	5:28:17	0:03:10	3:43:30	South Korea	
5fb6dc83-16bc-ef11-b8e8-000d3a5ae96c	113	Yidan Xue	M	M40-44	26	10:46:56	1:32:57	0:04:51	5:05:21	0:03:49	3:59:58	China	
419253ba-ecd1-474d-8c9a-aed18bd39f07	114	Jaewon Kim	M	M40-44	27	10:47:14	0:57:06	0:03:12	5:17:16	0:06:09	4:23:31	South Korea	
687bf234-b347-4ef0-8616-d6f38364b0b5	115	Xueyan Jiang	F	F30-34	2	10:47:34	1:21:21	0:03:11	5:14:06	0:01:48	4:07:09	China	
9b76183d-c73f-4e94-872b-0e64777a315b	116	Junghyun Cho	M	M60-64	1	10:48:24	1:19:32	0:04:57	5:06:54	0:06:43	4:10:17	South Korea	
f65deda5-16d9-40cd-99c3-2ac8d8a34968	117	Yoongi Jin	M	M45-49	22	10:49:12	1:21:49	0:04:40	5:20:04	0:04:07	3:58:32	South Korea	
b4ede50e-0f22-4a6d-9106-554413128ce4	118	Vladimir Rodionov	M	M35-39	20	10:49:41	1:26:00	0:06:23	5:35:42	0:02:23	3:39:13	South Korea	
63a210ca-adb3-41df-97ef-95a287bb2b10	119	Jiyoung Kim	F	F40-44	5	10:50:09	1:18:01	0:04:43	5:36:17	0:04:14	3:46:54	South Korea	
e30b5a09-dfde-f011-8544-000d3a5b50ba	120	SEONGWON HONG	M	M35-39	21	10:50:19	1:19:22	0:06:24	5:05:37	0:04:26	4:14:30	South Korea	
bc27b713-dd46-4758-85d9-012de45317e4	121	KiM YOUNGCHUL	M	M55-59	4	10:50:34	1:29:35	0:04:21	5:19:47	0:02:42	3:54:09	South Korea	
c30aadc9-0d97-49c5-9550-8915541164d8	122	Junbum Cho	M	M40-44	28	10:50:59	1:18:58	0:04:17	5:17:47	0:02:16	4:07:40	South Korea	
11e600ba-007e-43c9-9f42-fb63934651ed	123	Sinyoung Jeong	M	M35-39	22	10:51:25	1:20:45	0:04:06	5:18:35	0:05:36	4:02:22	South Korea	
1cdeff05-66f6-f011-8406-6045bd08b1a2	124	GYEWON PARK	M	M40-44	29	10:52:17	1:25:31	0:08:02	5:26:57	0:05:43	3:46:03	South Korea	
8eef3d2a-6ebf-ef11-b8e8-000d3a5a403c	125	SANGHYUK WON	M	M40-44	30	10:52:47	1:34:15	0:06:55	5:21:18	0:03:13	3:47:07	South Korea	
09cface4-a213-f111-8406-002248046ec8	126	haojie yu	M	M30-34	11	10:53:35	1:19:08	0:03:37	5:08:55	0:03:40	4:18:14	China	
26ee124e-be3d-4874-8947-c630ee907202	127	Weiguo Xin	M	M55-59	5	10:53:50	1:21:08	0:03:20	5:12:58	0:01:55	4:14:29	China	
c4de3881-8e2c-4fb9-ace5-c635ee15c79b	128	Wang-Woo Nam	M	M35-39	23	10:54:02	1:19:19	0:08:45	5:18:41	0:06:22	4:00:54	South Korea	
a8ec1acb-2cb7-e911-a980-000d3a3749bc	129	Huaizhi Li	M	M55-59	6	10:54:47	1:19:49	0:05:46	4:59:42	0:02:44	4:26:46	China	
a44ae965-c1e1-4682-a737-1eab4a4aa731	130	Jokyun Jeong	M	M55-59	7	10:55:16	1:35:40	0:04:54	5:10:46	0:03:49	4:00:07	South Korea	
359702b7-5555-4647-906c-3287d83c8c88	131	Hyungkoo Kim	M	M40-44	31	10:55:29	1:40:06	0:04:55	5:28:30	0:03:09	3:38:49	South Korea	
05b18d05-eb04-46aa-9a52-ba558b304c5f	132	HOJEONG CHA	M	M35-39	24	10:55:49	1:40:40	0:03:41	5:05:50	0:04:21	4:01:16	South Korea	
c8084aa5-6311-4fff-8cd8-cd5c24a6d278	133	Soongi Cho	M	M45-49	23	10:57:15	1:39:44	0:06:06	5:05:38	0:05:34	4:00:14	South Korea	
e0eaf92d-ec2b-4e0f-b001-7bf776628578	134	경근 김	M	M50-54	16	10:57:25	1:21:42	0:04:40	5:05:54	0:04:55	4:20:13	South Korea	
a4a728b8-c608-4c8a-99f9-83019eb7a25e	135	Hyo Min Kim	M	M40-44	32	10:57:38	1:12:05	0:02:58	5:03:17	0:03:17	4:36:01	South Korea	
102eedb7-18fc-f011-8406-6045bd08b1a2	136	준한 장	M	M55-59	8	10:57:45	1:15:19	0:07:12	5:17:49	0:03:49	4:13:36	South Korea	
b1d83c9c-d897-ee11-be37-000d3a314d17	137	EUNHYANG SHIN	F	F45-49	2	10:57:55	1:26:51	0:04:53	5:41:19	0:01:56	3:42:56	South Korea	
a037a3c0-e0dd-4746-82dd-5eddfa1c34a9	138	Yoonseok Sim	M	M40-44	33	10:58:01	1:23:39	0:05:17	5:30:18	0:02:58	3:55:48	South Korea	
be0c150a-bee0-f011-8543-6045bd05fcc1	139	Kilwoo Lim	M	M40-44	34	10:58:30	1:31:40	0:07:40	5:31:35	0:04:47	3:42:48	South Korea	
758d9133-0483-4925-a244-5fff75c145a0	140	Artem Alekseev	M	M40-44	35	10:58:32	1:29:02	0:03:30	4:57:07	0:02:27	4:26:26	Unknown	
b34fee9f-d0c1-ef11-b8e9-000d3a5a1803	141	Minji Song	F	F35-39	5	10:58:36	1:25:48	0:03:23	5:37:49	0:03:25	3:48:12	South Korea	
186b00ae-754d-444f-8691-73c119b5a66a	142	Azamat Zhumagazin	M	M35-39	25	10:58:50	1:20:41	0:05:34	5:16:48	0:05:44	4:10:03	Kazakhstan	
52265b76-24df-f011-8544-000d3a3173b5	143	yu taehoon	M	M45-49	24	10:59:17	1:23:32	0:09:35	5:12:43	0:04:57	4:08:29	South Korea	
7543b751-2ddf-f011-8544-000d3a5b50ba	144	Nam Do Hyun	M	M18-24	2	11:00:36	1:14:48	0:03:55	5:29:48	0:07:46	4:04:19	South Korea	
67f09503-51fe-4f22-aa7e-c80af075922c	145	Inchul Hwang	M	M50-54	17	11:01:35	1:17:33	0:04:00	5:28:08	0:02:28	4:09:26	South Korea	
b11fc787-ed1f-47dd-af0a-6f82688f202e	146	Hyoin Park	M	M45-49	25	11:01:47	1:26:03	0:10:20	5:20:03	0:05:53	3:59:27	South Korea	
b6b4d018-3745-42b2-9081-46dc179a8ccd	147	Juhyuk Park	M	M45-49	26	11:03:00	1:31:40	0:08:05	4:51:12	0:05:53	4:26:10	South Korea	
bb2ce592-e8c0-ef11-b8e8-6045bd018d16	148	sungyeon hwang	M	M50-54	18	11:03:21	1:28:04	0:10:12	5:29:52	0:08:47	3:46:25	South Korea	
6f1618b3-3e26-4937-a1b3-8c4b7f3feb80	149	Jianwei Luo	M	M35-39	26	11:03:31	1:25:07	0:07:45	5:07:14	0:04:25	4:18:59	China	
9526d6a6-0849-4fa4-b842-ef6034c1f2dd	150	seungyeol cho	M	M50-54	19	11:04:13	1:26:27	0:06:52	5:37:06	0:04:21	3:49:27	South Korea	
a031f904-ebc0-ef11-b8e8-000d3a5a403c	151	Jungyun Choi	F	F25-29	2	11:04:22	1:24:23	0:04:35	5:07:51	0:04:45	4:22:48	South Korea	
3c5a6c1e-0342-48c9-90ec-3079763ef10e	152	Karan Rajpal	M	M35-39	27	11:04:23	1:19:15	0:05:35	5:35:48	0:04:28	3:59:16	India	
aa4772b9-c7e7-ef11-8eea-6045bd018d16	153	QIJUN XIA	M	M18-24	3	11:05:15	1:23:05	0:04:37	5:23:08	0:01:36	4:12:49	China	
da22f0bb-10df-4728-9551-c11216d6c5f3	154	Younghwa Kim	M	M55-59	9	11:06:06	1:19:57	0:09:52	5:39:34	0:10:45	3:45:57	South Korea	
9dbb2ec1-3595-4278-8e0f-30c283d2aa83	155	Ippei KANAZAWA	M	M50-54	20	11:06:22	1:23:06	0:05:28	5:26:39	0:03:47	4:07:22	Japan	
d65b233f-2742-457c-8734-60749d38e99e	156	hyunmo YANG	M	M50-54	21	11:06:46	1:27:59	0:07:00	5:12:31	0:04:52	4:14:23	South Korea	
7ad5a0cc-e8bd-4bd7-a437-df927b2873e2	157	Wonseok Lim	M	M40-44	36	11:07:46	1:36:15	0:05:54	5:16:50	0:04:56	4:03:51	South Korea	
75887718-6456-4bef-b581-55a6ba6fadc1	158	Sangchul Kim	M	M45-49	27	11:07:59	1:16:37	0:05:22	4:58:03	0:04:07	4:43:51	South Korea	
ad7429b7-5dce-4f43-9e11-eb16782becc7	159	Uihyeong Jeong	M	M50-54	22	11:08:46	1:11:19	0:04:59	5:20:42	0:02:58	4:28:47	South Korea	
fa1232c5-a43d-48ad-b60f-c3f7fec02e20	160	Yoo Youngjin	M	M35-39	28	11:09:15	1:14:54	0:03:50	5:46:48	0:05:01	3:58:41	South Korea	
aba067da-d8c0-ef11-b8e8-000d3a5ae96c	161	LEE HEEYEON	M	M40-44	37	11:09:26	1:28:29	0:04:10	5:26:15	0:03:42	4:06:49	South Korea	
d190a40c-80d5-f011-8543-000d3a5b5fc7	162	Jingyi Wu	M	M25-29	8	11:09:37	1:12:13	0:05:11	4:56:11	0:05:27	4:50:35	China	
d65b67ef-1b42-f111-88b4-002248046ec8	163	Olga Dudar	F	F50-54	1	11:09:51	1:18:33	0:03:23	5:29:53	0:02:37	4:15:24	Unknown	
fb2c3e1d-49d3-4110-a815-fd76cbe3b9b0	164	Jeon Je Guy	M	M60-64	2	11:09:53	1:18:47	0:03:43	5:26:34	0:04:51	4:15:58	South Korea	
cff167b7-9e95-4573-89d3-90d255f3d301	165	Eunchun Sun	M	M55-59	10	11:09:53	1:16:21	0:05:29	5:37:28	0:04:14	4:06:21	South Korea	
75fc8ee2-8f7f-4a24-86bb-6560df477684	166	Sung Jun Hwang	M	M50-54	23	11:09:57	1:18:33	0:08:22	4:56:46	0:03:29	4:42:47	South Korea	
7475d558-429b-4845-be5f-5ff9ef3b5f9d	167	Eui Joo Kim	M	M40-44	38	11:11:14	1:21:42	0:06:18	5:06:31	0:03:09	4:33:33	South Korea	
da873b9a-f812-f111-8406-002248046ec8	168	ji hwan kim	M	M40-44	39	11:11:16	1:18:47	0:07:46	5:31:07	0:04:10	4:09:25	South Korea	
838d3890-772b-ef11-840a-000d3a383830	169	Jungwoo Lee	F	M40-44	40	11:12:07	1:25:42	0:05:22	5:19:36	0:04:19	4:17:08	South Korea	
c8ab2bd1-f3c0-ef11-b8e8-6045bd018d16	170	Hoon Kim	M	M45-49	28	11:12:27	1:49:28	0:07:23	5:01:36	0:06:39	4:07:22	South Korea	
8e976488-00c1-ef11-b8e8-000d3a5ae96c	171	SUNG MIN YOO	M	M45-49	29	11:12:42	1:36:11	0:07:31	5:29:58	0:04:37	3:54:24	South Korea	
eee3a046-c438-4865-87b9-3871b144c184	172	KYOUNGHWAN KIM	M	M45-49	30	11:12:49	1:23:36	0:05:08	5:16:21	0:02:34	4:25:10	South Korea	
c9dd08e7-e9bc-457f-8f00-6660a3b57e96	173	Liu Maodi	M	M40-44	41	11:13:04	1:17:02	0:03:27	5:13:50	0:04:07	4:34:38	Chile	
90107b2c-7423-4082-b05b-86099c118364	174	Inna Alekseeva	F	F45-49	3	11:13:25	1:24:32	0:04:31	5:49:48	0:02:30	3:52:04	Kazakhstan	
5e70265b-b378-4ce2-8565-8cec9f712a9b	175	Hyeonjong You	M	M65-69	1	11:13:58	1:28:08	0:06:13	5:10:06	0:04:34	4:24:57	South Korea	
09e3a247-be3e-f011-b4cb-000d3a35ffc1	176	Chengxiang Wang	M	M40-44	42	11:14:24	1:13:15	0:06:58	5:29:44	0:02:31	4:21:56	China	
dd860810-4efd-4689-b5cc-922279906a28	177	Soonyoung Jeong	F	F45-49	4	11:14:26	1:19:05	0:04:23	5:45:14	0:02:50	4:02:55	South Korea	
29cb6058-fc13-4603-b160-c5b0b6c7e0bb	178	jae il Shin	M	M50-54	24	11:15:29	1:32:44	0:06:10	5:22:59	0:04:52	4:08:44	South Korea	
d5713ebb-6270-f111-ab0d-0022480b84a3	179	Hyungwon MOON	M	M50-54	25	11:15:34	1:22:58	0:05:02	5:42:13	0:03:48	4:01:34	South Korea	
6d71c567-42ac-4f71-895d-feaec37afcf5	180	Younghan Cheon	M	M50-54	26	11:15:41	1:30:31	0:09:18	5:32:23	0:09:07	3:54:22	South Korea	
4b3ff96b-7281-f011-b4cc-000d3a5cf7d8	181	SUNG HO HONG	M	M40-44	43	11:16:06	1:35:49	0:03:19	5:11:16	0:02:25	4:23:17	South Korea	
a7cc6e0d-6b56-4ea1-b358-f4b3d00acc9c	182	Younggyo Jo	M	M40-44	44	11:16:31	1:21:21	0:03:59	5:26:00	0:05:49	4:19:22	South Korea	
3498d640-734a-47c1-b570-e37a3fa9d988	183	Jung Mo Kim	M	M55-59	11	11:16:40	1:34:30	0:08:19	5:36:31	0:04:06	3:53:14	South Korea	
f9e68302-63fc-f011-8406-6045bd08b1a2	184	JEKON HONG	M	M45-49	31	11:17:16	1:25:01	0:08:22	5:15:20	0:06:48	4:21:45	South Korea	
268fadbc-cb13-f111-8406-0022480b35b6	185	weiwei wang	M	M40-44	45	11:18:03	1:31:45	0:05:37	5:36:41	0:02:58	4:01:02	China	
0fe350b5-95be-ef11-b8e8-6045bd088264	186	일 임	M	M35-39	29	11:18:35	1:21:14	0:03:05	5:37:09	0:02:38	4:14:29	South Korea	
57760bc8-82de-f011-8543-6045bd05fcc1	187	tae ho song	M	M35-39	30	11:19:44	1:18:19	0:03:47	5:29:09	0:05:53	4:22:35	South Korea	
e0e1e1b3-de3a-f011-b4cc-000d3a5b50ba	188	GANGJUN LEE	M	M30-34	12	11:19:54	1:31:28	0:07:24	5:51:49	0:04:38	3:44:34	South Korea	
c51febac-735b-4f95-bec9-b81610e3a7d3	189	Yoshinori Kikuchi	M	M55-59	12	11:19:58	1:17:51	0:03:16	5:27:40	0:02:36	4:28:34	Japan	
53d6e989-e1a1-428f-b41d-9550351e12e3	190	Sujin Jeon	F	F30-34	3	11:20:04	1:18:09	0:04:28	5:39:25	0:01:47	4:16:15	South Korea	
9734e794-aa8a-ee11-8179-000d3a314d17	191	Alexey Leonov	M	M40-44	46	11:20:09	1:22:48	0:06:26	5:04:59	0:05:04	4:40:52	Unknown	
f3edc648-82ed-ef11-9342-000d3a592251	192	Hye Rin Hong	F	F30-34	4	11:20:34	1:17:55	0:04:11	5:35:16	0:03:06	4:20:07	South Korea	
993a16ef-c2de-416f-ada6-369582fc5347	193	Wooey Park	F	F30-34	5	11:20:55	1:19:08	0:02:38	5:38:47	0:01:33	4:18:49	South Korea	
74f19b65-c9c5-f011-bbd2-000d3a5b7c3b	194	Kiseob Han	M	M30-34	13	11:21:19	1:23:22	0:07:01	5:23:46	0:03:09	4:24:01	South Korea	
3c92bad5-d965-4c46-919b-100ffeb4ae56	195	Yongwoo Lee	M	M50-54	27	11:21:38	1:31:09	0:06:11	5:33:56	0:07:33	4:02:49	South Korea	
1cbecafa-8adf-f011-8544-0022480c097c	196	봉흠 백	M	M55-59	13	11:22:11	1:22:54	0:07:44	5:29:26	0:04:39	4:17:28	South Korea	
2035d4a9-6755-4246-aa00-0bc5e2b43007	197	Doojin Yoon	M	M45-49	32	11:22:24	1:35:02	0:04:28	5:30:51	0:03:19	4:08:44	South Korea	
11381175-fe0a-4b50-9368-d909f51b6f1b	198	자덕 구	M	M40-44	47	11:22:47	1:26:41	0:07:45	5:36:41	0:05:38	4:06:02	South Korea	
614d2090-8e57-44b7-8a21-00287cfc282d	199	Dokyoung Choi	M	M35-39	31	11:23:15	1:32:39	0:07:07	5:22:00	0:03:51	4:17:38	South Korea	
e0b96015-deb6-4fb8-8542-7a3336573912	200	Vitaly Savin	M	M40-44	48	11:24:13	1:37:28	0:04:46	5:16:23	0:04:09	4:21:26	United States	
780126a8-c026-4962-967c-184eaae3775f	201	RYU JINHO	M	M40-44	49	11:24:43	1:21:54	0:04:43	5:36:52	0:03:35	4:17:40	South Korea	
940cfaa5-f2c0-ef11-b8e8-6045bd088264	202	Jinwook Choi	M	M35-39	32	11:25:17	1:17:49	0:05:16	5:47:38	0:05:52	4:08:42	South Korea	
c01b6fe2-6a39-4528-b14c-196ff2d8aa22	203	Dongeun Lee	M	M45-49	33	11:26:11	1:31:38	0:07:28	5:24:42	0:05:49	4:16:34	South Korea	
98cb3683-4371-4d38-9b8a-6ec5aaea025b	204	Aleksandr Pak	M	M40-44	50	11:26:40	1:30:07	0:04:00	5:28:27	0:01:48	4:22:19	Australia	
e147be30-af0b-43e1-9539-bbd592af7627	205	Kyungwon Kang	M	M50-54	28	11:26:41	1:21:21	0:07:13	5:30:09	0:03:05	4:24:54	South Korea	
2ae5316e-8aac-ef11-b8e8-6045bd018d16	206	Jun Shin Park	M	M40-44	51	11:26:52	1:31:23	0:05:12	5:32:11	0:03:51	4:14:15	South Korea	
c006be00-d2c1-ef11-b8e8-6045bd088264	207	KWANSU KIM	M	M45-49	34	11:27:37	1:31:22	0:07:41	5:31:12	0:04:57	4:12:25	South Korea	
fdc86d35-ddd6-4c31-a18f-9b2eb4b73b19	208	Namsoo Cho	M	M50-54	29	11:28:20	1:15:11	0:06:44	5:28:56	0:06:54	4:30:34	South Korea	
f0528231-5624-47fd-a387-f6b7419673fd	209	Sukjai Hong	M	M50-54	30	11:28:33	1:16:12	0:04:57	5:47:40	0:04:16	4:15:29	South Korea	
aa797d59-d7d2-4cef-9432-4dadbc32cc8b	210	Seongho Bae	M	M60-64	3	11:29:02	1:28:16	0:10:32	5:36:20	0:07:24	4:06:29	South Korea	
804684ae-b46d-4130-b539-ac7412dc67bb	211	Rustam Kadersizov	M	M40-44	52	11:29:31	1:25:39	0:05:52	5:29:38	0:04:26	4:23:56	Kazakhstan	
ff215cb5-f3e8-ef11-8eea-000d3a5a1803	212	鼎超 杨	M	M25-29	9	11:30:14	1:25:56	0:04:44	5:13:55	0:06:56	4:38:42	China	
5ef6826d-e79e-41a1-9239-37bb81b94e4c	213	지윤 박	M	M35-39	33	11:31:06	1:06:03	0:03:21	5:32:59	0:07:08	4:41:35	South Korea	
b2080137-55fa-4d7a-baf8-324a1c8fb77f	214	JONH HYUN LEE	M	M60-64	4	11:31:55	1:31:58	0:07:35	5:28:32	0:08:34	4:15:16	South Korea	
978c4b4c-4efd-ef11-bae2-0022480823e6	215	Myeoun DaeHyeoun	M	M40-44	53	11:31:59	1:20:00	0:04:57	5:34:42	0:03:38	4:28:43	South Korea	
a0578522-ec12-f111-8406-0022480b84a3	216	chao guo	M	M35-39	34	11:32:01	1:32:50	0:06:50	5:34:38	0:04:30	4:13:13	China	
f452a56a-e7e1-4770-9bfa-74e784123970	217	영재 이	M	M50-54	31	11:32:39	1:34:18	0:07:18	5:44:07	0:05:52	4:01:04	South Korea	
492bee4c-09ee-ef11-9342-002248049fdc	218	Chao Gao	M	M40-44	54	11:32:50	1:17:01	0:08:55	5:40:46	0:02:41	4:23:27	China	
fd62b807-a3bf-ef11-b8e8-6045bd088264	219	Kyungwook Cho	M	M30-34	14	11:33:07	1:18:37	0:06:57	5:38:13	0:06:37	4:22:42	South Korea	
322ecf52-3d9d-4b9b-b2c8-3923c32c17af	220	Jaeo Lee	M	M40-44	55	11:33:41	1:32:30	0:04:45	5:27:38	0:03:57	4:24:51	South Korea	
e9f02c43-95a9-4138-bb8b-fd1e26539226	221	Jongcheol Sun	M	M60-64	5	11:34:00	1:21:03	0:05:40	5:52:35	0:03:38	4:11:04	South Korea	
a73e9919-e748-434e-b3e1-3d1756f8b1c9	222	Hee Soo Choi	M	M55-59	14	11:34:19	1:27:15	0:05:16	5:49:37	0:08:54	4:03:18	South Korea	
9dc0d391-85d8-41bf-a5c6-c8b2927d851b	223	Changyu Kim	M	M30-34	15	11:34:35	1:08:30	0:02:42	5:30:16	0:02:25	4:50:43	South Korea	
8ae4ec72-2217-4df7-a7e3-5b87123ce1ba	224	Huan Xia	M	M45-49	35	11:34:36	1:12:53	0:03:49	5:41:28	0:03:24	4:33:03	China	
d9316992-8872-437b-a825-994e50555038	225	MANIL HAN	M	M45-49	36	11:34:51	1:27:52	0:11:02	5:45:31	0:07:08	4:03:17	South Korea	
221dc32e-b214-f111-8341-002248046ec8	226	경훈 서	M	M45-49	37	11:35:04	1:50:08	0:08:49	5:22:06	0:08:36	4:05:26	South Korea	
36373a2a-b977-ea11-a811-000d3a5a1bfb	227	Andrew Walthern	M	M40-44	56	11:36:06	1:21:43	0:07:41	5:24:03	0:09:35	4:33:04	Philippines	
411f69c0-659e-f011-b41c-0022480a7385	228	KIM SEUNGHUN	M	M35-39	35	11:36:40	1:15:42	0:05:21	5:47:37	0:02:22	4:25:37	South Korea	
aaa16578-4c98-4429-ad18-e8f35d0d62ea	229	Bohyun Yoon	M	M50-54	32	11:38:38	1:27:00	0:10:33	5:42:09	0:06:31	4:12:26	South Korea	
5ff52af3-3861-474e-84e6-aed49f021cbe	230	Keehyoung Jung	M	M50-54	33	11:38:39	1:19:18	0:03:28	5:40:36	0:03:53	4:31:23	South Korea	
bf98453a-03c7-4e8a-a987-e5f1d79efbc6	231	Jaejin Kim	M	M55-59	15	11:38:50	1:18:54	0:06:01	5:57:30	0:05:05	4:11:20	South Korea	
eeae4869-6fbb-43f5-b661-c4573b4abe90	232	Sardar Samidenov	M	M30-34	16	11:38:53	1:16:16	0:06:18	5:53:46	0:05:14	4:17:18	Kazakhstan	
41f4fb33-b261-4235-a23c-6fe93dee3f0d	233	BongGyun Sin	M	M55-59	16	11:39:27	1:19:20	0:06:26	5:34:32	0:05:15	4:33:54	South Korea	
127445a2-089e-4cf6-a896-e62116a09c5e	234	Ma Zexi	F	F30-34	6	11:39:32	1:11:59	0:04:16	5:57:56	0:03:52	4:21:29	China	
9d607a88-fc00-f111-8406-6045bd06566a	235	인선 최	M	M50-54	34	11:40:41	1:44:57	0:14:09	5:30:52	0:05:50	4:04:52	South Korea	
8a72ae56-4ba1-4bbc-a874-a71d6a1c7b72	236	Seung-Ha Shin	M	M60-64	6	11:40:44	1:27:06	0:06:33	5:39:32	0:03:52	4:23:40	South Korea	
6b2f8b7a-1c5c-4234-90e8-6b4ffd6c83cc	237	Kihong Woo	M	M50-54	35	11:40:47	1:21:11	0:05:45	5:36:22	0:06:09	4:31:21	South Korea	
9aa10523-4172-f111-ab0f-0022480994c2	238	SEOK JU IM	M	M30-34	17	11:41:29	1:17:06	0:06:05	6:20:06	0:03:35	3:54:37	South Korea	
ed3998b3-9ca5-4ca3-8a57-683989ebe14b	239	광민 안	M	M50-54	36	11:41:54	1:14:32	0:03:54	5:06:09	0:03:18	5:14:01	South Korea	
d135527c-3c31-4e24-883b-13863d1b0e18	240	Chungryeol Shin	M	M40-44	57	11:42:17	1:20:02	0:08:07	5:14:55	0:09:44	4:49:29	South Korea	
9d918a25-5024-ee11-9cbd-000d3a314cac	241	Konstantinos Evangelides	M	M25-29	10	11:42:27	1:04:13	0:07:57	6:29:38	0:05:24	3:55:16	Cyprus	
ba84b818-3ecd-44a1-9f29-16410a0d9b8a	242	Jung Nam Kung	F	F45-49	5	11:42:51	1:23:17	0:06:30	5:44:13	0:06:42	4:22:09	South Korea	
11c2e910-f319-4a5c-9dcd-0173c70b762d	243	Kyu Chul Nam	M	M50-54	37	11:43:37	1:14:10	0:05:22	5:36:45	0:05:52	4:41:28	South Korea	
322f99da-07fc-f011-8406-0022480b84a3	244	Kim kwon ho	M	M45-49	38	11:43:51	1:44:25	0:08:54	5:57:06	0:05:29	3:47:58	South Korea	
94dcdf25-0f90-42fb-ad32-2bec09efdf9c	245	Derek Chen	M	M45-49	39	11:44:03	1:35:45	0:05:40	5:11:37	0:02:49	4:48:12	Taiwan	
ffb954f5-1656-4cf5-ab14-13570eafbbff	246	Su Ryung Kang	M	M40-44	58	11:44:07	1:14:06	0:06:55	5:31:40	0:05:41	4:45:46	South Korea	
903f9786-c3df-f011-8544-000d3a3173b5	247	Yeonghun Yu	M	M40-44	59	11:44:08	1:34:32	0:13:36	5:34:49	0:08:54	4:12:18	South Korea	
4d26f32d-0292-ef11-ac21-002248049fdc	248	junho park	M	M45-49	40	11:44:09	1:42:36	0:09:13	5:48:12	0:08:04	3:56:04	South Korea	
93f64a2f-375e-f111-a826-0022480b84a3	249	Aaron Wang	M	M18-24	4	11:44:14	1:01:00	0:07:12	5:53:49	0:09:26	4:32:46	United States	
28da728b-b7a3-ea11-a812-000d3a5a1cf8	250	K Ironmin		M35-39	36	11:44:53	1:33:55	0:09:24	5:38:42	0:06:18	4:16:35	South Korea	
26e7b9f1-39f5-4e97-bd30-4a67e9a828f2	251	기문 최	M	M40-44	60	11:45:17	1:32:49	0:09:57	5:31:24	0:06:57	4:24:10	South Korea	
a7a33059-62bc-ec11-983f-00224806dc78	252	Seungsun Kim	M	M50-54	38	11:45:25	1:21:18	0:06:06	6:21:33	0:05:35	3:50:53	South Korea	
f8a2878c-f3c0-ef11-b8e9-002248049fdc	253	정열 이	M	M45-49	41	11:45:31	1:15:42	0:07:00	5:52:18	0:06:13	4:24:19	South Korea	
6b818588-4302-f111-8406-002248046451	254	Chanju Jeong	M	M30-34	18	11:45:42	1:34:06	0:10:33	5:32:55	0:04:48	4:23:20	South Korea	
47da47f4-f3de-f011-8544-000d3a3173b5	255	Kim Sunmyung	M	M25-29	11	11:45:49	1:15:48	0:04:50	5:36:43	0:03:00	4:45:28	South Korea	
c4f4e8c5-9bdf-f011-8543-6045bd05fcc1	256	junho choi	M	M50-54	39	11:46:03	1:25:26	0:06:38	5:26:51	0:06:27	4:40:41	South Korea	
6831df79-03f3-ef11-9342-002248049fdc	257	Jong hun Park	M	M45-49	42	11:46:25	1:28:05	0:08:00	5:25:26	0:05:11	4:39:43	South Korea	
d9da4a2b-d350-f011-877a-000d3a5b7c3b	258	Wonki Park	M	M50-54	40	11:47:08	1:25:04	0:04:32	5:32:19	0:06:07	4:39:06	South Korea	
9e114922-9074-4e2a-b130-17617da3c76d	259	Hochul Kim	M	M45-49	43	11:47:40	1:21:17	0:06:31	5:45:51	0:03:06	4:30:55	South Korea	
cbbe5a2a-6814-f111-8341-0022480b84a3	260	시우 문	M	M40-44	61	11:47:48	1:26:02	0:06:02	5:30:15	0:05:28	4:40:01	South Korea	
2baa2fdd-31d9-42f4-bf04-d37c91e56d2c	261	Kyungjae Han	M	M40-44	62	11:47:58	1:22:15	0:10:47	5:44:34	0:06:47	4:23:35	South Korea	
e03f7f49-ad3d-ea11-a812-000d3a5a1bfb	262	GEUNUI RYU	M	M50-54	41	11:48:02	1:26:50	0:10:28	5:44:14	0:11:53	4:14:37	South Korea	
d5e097c4-83e6-4b91-8b73-0fd5fdde7a06	263	Nigel Young	M	M30-34	19	11:48:22	1:32:59	0:08:29	5:38:05	0:06:03	4:22:47	Philippines	
6b0404fe-40d6-f011-8544-6045bd09951e	264	JEONGHOON KIM	M	M40-44	63	11:48:42	1:20:26	0:08:37	5:40:44	0:05:42	4:33:13	South Korea	
396f6bf8-fdde-f011-8543-6045bd05fcc1	265	kim yong tae	M	M50-54	42	11:49:00	1:17:35	0:04:55	5:39:19	0:03:07	4:44:04	South Korea	
e774004a-6c31-43bc-8f3f-90c833a3c07c	266	Hyoung Soon Kim	M	M55-59	17	11:49:09	1:21:44	0:09:39	5:37:47	0:10:21	4:29:38	South Korea	
4fc0547e-0f44-469f-9e5c-53bfd37ed736	267	Dax Halili	M	M35-39	37	11:49:25	1:28:19	0:09:42	5:36:55	0:07:07	4:27:22	Philippines	
4e98f752-04c1-ef11-b8e9-000d3a5a1803	268	wan sik JUNG	M	M50-54	43	11:49:28	1:24:00	0:06:18	5:33:43	0:04:42	4:40:44	South Korea	
c857a131-4216-4562-a5e3-eeeb14166907	269	seong gu kim	M	M60-64	7	11:49:38	1:22:15	0:06:21	5:52:28	0:06:13	4:22:21	South Korea	
f6812fef-ac20-f011-998a-000d3a3173b5	270	妍 王	F	F35-39	6	11:49:43	1:10:13	0:05:15	5:35:32	0:07:00	4:51:42	China	
166215ae-968f-ee11-8179-0022480acaa6	271	Justin McGill	M	M30-34	20	11:50:02	1:20:48	0:07:09	6:02:35	0:07:03	4:12:27	Ireland	
a51e5f8a-ae69-4edb-8f4f-cf29403bb887	272	JAE HO LEE	M	M60-64	8	11:50:08	1:37:26	0:07:20	5:31:55	0:05:41	4:27:46	South Korea	
9ff911ea-3f40-4383-9711-a0f56a141c85	273	Hyungkon Ryu	M	M35-39	38	11:50:12	1:52:45	0:06:33	5:28:18	0:03:16	4:19:20	South Korea	
89e65a7a-8720-46db-9ecf-d6a45b39f833	274	Minsoo Kim	M	M50-54	44	11:50:31	1:38:10	0:07:57	5:40:38	0:06:46	4:17:00	South Korea	
38a5baee-fc26-4f39-a75c-f235fea74cfe	275	Ilhwan Oh	M	M55-59	18	11:50:32	1:16:44	0:09:37	5:22:54	0:06:20	4:54:57	South Korea	
415439de-9094-4dd1-9232-86062899512a	276	Changmin Choi	M	M50-54	45	11:50:37	1:31:24	0:06:59	5:36:36	0:05:00	4:30:37	South Korea	
6785d191-c13c-4444-8c11-58cbbc794be0	277	Dong Hun Ha	M	M40-44	64	11:51:12	1:29:35	0:07:52	5:44:03	0:05:12	4:24:30	South Korea	
8dd9bb86-0d6d-4208-8d9c-2c3424889746	278	Jihwang Lee	M	M40-44	65	11:51:19	1:22:50	0:06:01	5:21:28	0:04:15	4:56:45	South Korea	
47b57f34-ac2a-f111-88b3-0022480a5755	279	Nam Kangmin	M	M18-24	5	11:51:32	1:15:52	0:08:33	5:55:51	0:05:39	4:25:37	South Korea	
3b66f4a8-0edf-f011-8544-000d3a3173b5	280	DAEHYUK KIM	M	M50-54	46	11:51:44	1:33:47	0:07:00	5:47:46	0:04:54	4:18:17	South Korea	
14e21a0f-b8e4-f011-8544-000d3a3173b5	281	KYOUNGHYEON SUN	M	M30-34	21	11:52:33	1:17:24	0:07:52	5:55:01	0:07:10	4:25:06	South Korea	
7a17e3b2-ea57-46ff-b27f-6ffd283744b3	282	Keon Hwang	M	M40-44	66	11:52:35	1:29:01	0:04:54	5:44:01	0:06:23	4:28:16	South Korea	
5c4d8cde-f6de-f011-8544-000d3a5b7c3b	283	Kyuseok Jin	M	M30-34	22	11:52:39	1:21:16	0:05:58	6:12:03	0:05:07	4:08:16	South Korea	
cadbb340-2eb9-ef11-b8e8-6045bd088264	284	Sumin Kim	F	F30-34	7	11:52:53	1:25:44	0:04:21	6:01:11	0:09:46	4:11:52	South Korea	
df6fd361-e0df-f011-8544-000d3a5b50ba	285	Jungtaek Song	M	M50-54	47	11:53:06	1:36:16	0:15:14	5:29:31	0:07:19	4:24:46	South Korea	
c0082c29-f5de-f011-8543-6045bd05fcc1	286	TAEYOON KIM	M	M35-39	39	11:53:10	1:50:20	0:04:05	5:40:05	0:06:02	4:12:38	South Korea	
321602e4-fae8-ef11-8eea-6045bd088264	287	Chang Lin	M	M45-49	44	11:53:19	1:31:52	0:08:17	5:46:46	0:07:33	4:18:52	China	
a4ce5c3c-477e-ef11-ac21-6045bd05c809	288	Dadong Wang	M	M30-34	23	11:53:26	1:14:30	0:04:30	5:44:11	0:02:14	4:48:01	China	
9e8b6fa1-72da-46ec-9ac3-975ea50603a9	289	Gn Ok Mo	M	M45-49	45	11:53:26	1:51:58	0:07:49	5:24:13	0:11:27	4:17:58	South Korea	
e9da942f-52ff-f011-8406-6045bd06566a	290	manhee lee	M	M55-59	19	11:53:28	1:26:57	0:09:05	5:57:14	0:05:53	4:14:19	South Korea	
a4c3585a-b795-4573-a32f-cd68c585e923	291	JungKyu Kim	M	M45-49	46	11:53:30	1:41:36	0:11:26	5:29:36	0:05:49	4:25:03	South Korea	
f96a038f-1e20-f111-8341-0022480b35b6	292	François de Neuville	M	M35-39	40	11:53:33	1:20:01	0:06:06	6:12:52	0:02:50	4:11:44	Belgium	
22dd006c-f9de-f011-8544-0022480a7385	293	SOO RYONG KIM	M	M35-39	41	11:53:57	1:30:17	0:08:08	5:37:48	0:05:39	4:32:05	South Korea	
f2c674ad-8be7-41f6-8176-9e45b622fa8e	294	Jeoung Ho Baek	M	M55-59	20	11:54:10	1:20:47	0:05:59	5:41:14	0:03:08	4:43:02	South Korea	
c15df53a-f06e-4b4e-a008-35e264ef3461	295	Youngdeuk Cho	M	M65-69	2	11:54:32	1:28:04	0:07:19	5:13:47	0:05:51	4:59:30	South Korea	
9e540d1e-a07f-ee11-8179-000d3a314d17	296	준환 김	M	M35-39	42	11:54:35	1:19:49	0:08:45	5:32:23	0:06:53	4:46:45	South Korea	
4ff1cc5c-3d1d-4ba5-b530-5d7d4c13166a	297	Seunghyuk Shin	M	M45-49	47	11:54:41	1:42:15	0:16:28	6:00:11	0:13:06	3:42:41	South Korea	
6f8154f6-b46c-4f4a-a415-efb3fdea6c98	298	Boyoung Kim	F	F40-44	6	11:55:22	1:31:26	0:05:23	5:56:55	0:05:18	4:16:19	South Korea	
8e1556a3-aec5-4f6c-bb79-37b7f7b526a9	299	Bongho Ko	M	M50-54	48	11:55:29	1:32:26	0:08:00	5:51:19	0:05:46	4:17:57	South Korea	
a1703754-671a-f111-8341-0022480a5755	300	Johnny Lye	M	M18-24	6	11:55:34	1:30:54	0:06:13	5:41:50	0:05:51	4:30:45	United Kingdom	
5339cdb0-8ee4-ef11-8eea-002248049fdc	301	Xinlei Zhang	F	F40-44	7	11:55:46	1:17:39	0:07:31	6:02:48	0:05:42	4:22:06	China	
4bbc83d2-05fc-f011-8406-0022480994c2	302	TAEHO KANG	M	M45-49	48	11:55:54	1:44:19	0:09:02	5:44:21	0:06:08	4:12:04	South Korea	
cb65c080-4f83-ee11-8179-000d3a314329	303	Moonsik Kang	M	M45-49	49	11:56:00	1:52:24	0:06:39	5:28:38	0:04:38	4:23:40	South Korea	
672fd82b-38df-f011-8544-000d3a35ffc1	304	JAE HYEON JEONG	F	F35-39	7	11:56:03	1:17:56	0:08:25	5:50:28	0:05:24	4:33:49	South Korea	
9cd19d0d-08fc-f011-8406-6045bd06566a	305	손수환 손수환	M	M50-54	49	11:56:12	1:29:25	0:06:29	5:51:49	0:03:17	4:25:13	South Korea	
5b26157c-ef91-ee11-be37-000d3a31406e	306	Hanho Choi	M	M50-54	50	11:56:26	1:19:54	0:06:39	5:39:01	0:05:57	4:44:56	South Korea	
586a411e-bd9b-40c8-9691-2fead6f5cd66	307	Seungki Lee	M	M50-54	51	11:57:01	1:31:36	0:07:23	5:28:06	0:03:54	4:46:02	South Korea	
8a617cb2-18fc-f011-8406-0022480b88da	308	Максим Лебедев	M	M35-39	43	11:57:09	1:26:27	0:04:50	6:02:54	0:04:01	4:18:57	Unknown	
2f990b97-11cd-e911-a981-000d3a3749bc	309	Zhizhen Huang	M	M30-34	24	11:57:09	1:26:19	0:06:58	5:35:52	0:04:31	4:43:30	China	
bc43e123-a8e1-4796-bdf3-124d2cdbe671	310	Krzysztof Piotrowicz	M	M55-59	21	11:57:11	1:33:42	0:06:35	5:49:32	0:04:23	4:22:59	Poland	
0c1335c9-817e-ed11-81ad-000d3a31440b	311	SEUNGJUN LEE	M	M35-39	44	11:57:12	1:38:50	0:09:17	5:33:03	0:03:04	4:32:58	South Korea	
35faf1f6-d1ad-42a0-8077-0ff0fe3f6d13	312	Jeonggyo Seo	M	M55-59	22	11:57:43	1:25:45	0:06:22	5:52:09	0:05:07	4:28:20	South Korea	
59c15359-86fa-43c2-bb48-0b4b18ed0a7b	313	Jingyu Maeng	M	M40-44	67	11:58:32	1:38:10	0:05:31	5:22:20	0:08:52	4:43:39	South Korea	
1137d68b-f2ab-4d95-93d8-2b2f9ea2f9c5	314	Ruqiang Wang	M	M35-39	45	11:59:20	1:22:01	0:05:15	5:37:33	0:07:08	4:47:23	China	
8c2a01c9-d7c0-ef11-b8e8-000d3a5a403c	315	Sanghyub Lee	M	M45-49	50	11:59:37	1:35:46	0:09:40	5:27:31	0:04:18	4:42:23	South Korea	
754b7a75-0810-f111-8406-0022480b84a3	316	GYEONGHUN JEON	M	M30-34	25	11:59:46	1:19:58	0:07:39	6:10:27	0:07:11	4:14:31	South Korea	
ea36be6a-27ed-4dc0-a189-74cf51db3c33	317	Sehoon Ban	M	M55-59	23	11:59:50	1:18:53	0:13:30	6:01:23	0:07:44	4:18:21	South Korea	
78ef238a-ca02-48d5-838d-7f748cad24ef	318	Je Hoon Kim	M	M45-49	51	12:00:07	1:17:08	0:05:11	5:53:53	0:06:22	4:37:33	South Korea	
b3729dca-33ea-4aec-9793-0f39a95a9b7f	319	Dong Hyun Lee	M	M45-49	52	12:00:20	1:26:22	0:09:47	5:40:26	0:06:40	4:37:06	South Korea	
d7c27a7d-f96d-4e24-964e-0be779b49df9	320	Ui Jeong Jeong	M	M50-54	52	12:00:24	1:27:24	0:08:36	5:07:56	0:04:39	5:11:50	South Korea	
3f7905c4-a4ad-ed11-aad1-000d3a314be4	321	Bator Rabdanov	M	M55-59	24	12:01:12	1:51:05	0:04:40	5:51:45	0:04:33	4:09:08	Unknown	
51194fe7-bd08-44db-bb8c-9d8ec423d547	322	Junho Shin	M	M40-44	68	12:01:26	1:32:10	0:04:50	5:40:55	0:05:09	4:38:23	South Korea	
0305661f-a9e8-4e7c-a98d-ed8755a73239	323	준하 이	M	M40-44	69	12:01:55	1:47:58	0:05:23	5:31:30	0:05:28	4:31:35	South Korea	
a88de39b-e1bb-ef11-b8e9-000d3a5a1803	324	Kevin Yi	M	M25-29	12	12:02:07	1:27:04	0:09:45	5:55:24	0:07:41	4:22:13	United States	
395796f5-8780-439c-86c6-95f5a7f07701	325	Kaiyuan Gan	M	M50-54	53	12:02:11	1:28:32	0:05:15	5:40:29	0:06:07	4:41:49	Taiwan	
2fbab86c-6cd5-f011-8544-000d3a3173b5	326	bohye choi	F	F40-44	8	12:02:51	1:32:59	0:12:00	5:37:18	0:06:08	4:34:27	South Korea	
ca88f936-0fe5-ef11-8eea-000d3a5ae96c	327	任薇 段	F	F30-34	8	12:03:20	1:33:45	0:06:26	5:44:59	0:07:37	4:30:33	China	
4262f848-d299-f011-b4cc-6045bd09951e	328	무열 류	M	M40-44	70	12:03:52	1:38:01	0:09:15	5:53:01	0:07:29	4:16:06	South Korea	
3a868293-06fc-f011-8406-002248046ec8	329	YU CHANG	M	M50-54	54	12:04:22	1:37:35	0:11:09	5:33:13	0:05:12	4:37:14	South Korea	
9fe1c22e-36f6-498a-814c-ac49e5554c74	330	Won Seob Yang	M	M50-54	55	12:04:34	1:23:14	0:07:53	6:42:21	0:04:04	3:47:01	South Korea	
159201aa-07c1-ef11-b8e9-000d3a3126fd	331	Jaehyung Yang	M	M35-39	46	12:04:38	1:31:41	0:06:47	6:11:42	0:05:43	4:08:46	South Korea	
c4911191-afa7-448e-b50e-e6c12cdb6b46	332	Minkyun Jung	M	M45-49	53	12:05:16	1:21:53	0:06:41	5:49:03	0:02:59	4:44:40	South Korea	
0d5e9c01-f6c0-ef11-b8e9-002248049fdc	333	minseob shin	M	M45-49	54	12:05:38	1:30:51	0:08:19	5:41:51	0:05:33	4:39:04	South Korea	
fba633ce-53a8-4c04-ab1e-f36a406090a9	334	Hanjoo Lee	M	M50-54	56	12:05:44	1:49:12	0:11:14	5:37:15	0:04:30	4:23:33	South Korea	
ccafb104-97bf-4895-91db-f11a85aa222f	335	Kwanki Kim	M	M40-44	71	12:06:10	1:30:54	0:08:48	5:37:17	0:04:00	4:45:12	South Korea	
165a5bb9-d5df-f011-8544-000d3a5cf7d8	336	seongwoo baek	M	M50-54	57	12:06:34	1:38:44	0:08:03	5:40:14	0:03:49	4:35:44	South Korea	
3f7a8cbb-684e-f111-bec6-0022480994c2	337	SENYONG YU	M	M35-39	47	12:07:10	1:19:49	0:03:37	5:33:47	0:03:11	5:06:46	South Korea	
2199772e-f9ba-ec11-983f-00224806de2c	338	Kwang Soo Choi	M	M45-49	55	12:07:11	1:21:59	0:04:29	5:48:26	0:06:16	4:46:01	South Korea	
1a51d5d0-09df-f011-8544-000d3a5b50ba	339	minje kim	M	M35-39	48	12:08:26	1:16:43	0:06:21	5:50:28	0:10:00	4:44:54	South Korea	
6edb8bf2-e8c0-ef11-b8e8-6045bd088264	340	KYOUNGPYO KO	M	M50-54	58	12:08:27	1:32:10	0:11:55	5:35:57	0:10:45	4:37:40	South Korea	
7647ede4-1da7-ef11-8a6a-000d3a5a1803	341	Yuheng Huang	M	M25-29	13	12:08:33	1:26:35	0:06:54	5:39:05	0:06:26	4:49:33	China	
6d6ae880-4afc-f011-8406-002248046ec8	342	Jong Chul Park	M	M50-54	59	12:08:55	1:30:50	0:13:40	5:18:45	0:09:27	4:56:13	South Korea	
e2683b7a-ebc0-ef11-b8e8-6045bd088264	343	Dongsoo Seo	M	M55-59	25	12:09:13	1:29:53	0:11:58	5:59:56	0:07:10	4:20:16	South Korea	
acf620ce-08fc-f011-8406-002248081bd6	344	승윤 최	M	M45-49	56	12:09:36	1:18:42	0:07:25	5:21:35	0:07:01	5:14:53	South Korea	
28e56a18-2f71-46f6-82c0-50b465f45f28	345	Seo Minkwan	M	M50-54	60	12:09:36	1:21:36	0:07:16	5:38:30	0:04:03	4:58:11	South Korea	
3ef226e8-5d2f-4893-97db-9bcfaf17a493	346	Soungjin Jeon	M	M40-44	72	12:10:52	1:27:43	0:09:12	5:25:18	0:06:50	5:01:50	South Korea	
2c5a4805-3f92-ee11-be37-000d3a314be4	347	Taehun Kim	M	M35-39	49	12:11:10	1:31:31	0:07:29	5:51:57	0:07:43	4:32:30	South Korea	
26cfa356-7cff-4f94-b682-a4839f2e8a9a	348	정오 권	M	M50-54	61	12:11:22	1:22:03	0:07:00	5:37:47	0:09:45	4:54:47	South Korea	
e985a2e6-b30c-4bb2-9a7b-ddfb55f0f12a	349	Byung-Ku Kim	M	M45-49	57	12:11:22	1:26:52	0:08:07	5:58:39	0:05:30	4:32:15	South Korea	
c9b87239-7b72-4efe-8dcb-124b33942821	350	Sunghun Hwang	M	M60-64	9	12:11:28	1:18:22	0:06:52	6:08:12	0:06:20	4:31:42	South Korea	
2e4756f4-e9c1-f011-bbd3-6045bd05f634	351	Brian Payne	M	M50-54	62	12:11:44	0:59:56	0:05:59	5:40:35	0:06:20	5:18:54	United States	
ed0a83d8-7182-f011-b4cc-0022480a7385	352	Stepan Ivanov	M	M35-39	50	12:11:52	1:44:33	0:04:54	5:58:58	0:07:08	4:16:19	Unknown	
28842c3c-8d69-4e2f-8eb9-4283c2f456c1	353	창환 이	M	M45-49	58	12:11:57	1:25:53	0:08:21	6:17:38	0:04:09	4:15:56	South Korea	
0f162a33-a6d9-42bd-b08f-c4eab7e981f2	354	Tae Hyoung Kim	M	M45-49	59	12:11:58	1:21:24	0:06:44	4:44:28	0:08:19	5:51:04	South Korea	
94550086-c908-4e66-a53c-61be65803fc0	355	Kyung Soo Kim	M	M45-49	60	12:12:10	1:48:42	0:10:16	5:30:21	0:05:08	4:37:42	South Korea	
ea690cb8-92a6-ed11-aad1-000d3a31406e	356	Boris Ivanov		M35-39	51	12:12:11	1:27:06	0:09:15	6:09:06	0:07:45	4:18:58	Unknown	
1319b95b-acd5-f011-8544-000d3a3173b5	357	euiho choi	M	M55-59	26	12:12:11	1:33:01	0:08:31	5:49:49	0:04:08	4:36:42	South Korea	
510e9c05-3981-4685-9630-55dfed0d1ee0	358	Jong Lee	M	M55-59	27	12:12:20	1:53:35	0:09:10	5:50:49	0:08:44	4:10:02	South Korea	
6218e15b-153d-4bca-87d7-5d3bf9f91186	359	Yeon Soo Shim	M	M45-49	61	12:12:36	1:37:57	0:07:18	6:29:52	0:08:09	3:49:20	South Korea	
3958a807-f2c3-4552-932e-220115247309	360	Kyun-Sam Kim	M	M45-49	62	12:12:55	1:20:00	0:04:14	5:49:11	0:04:06	4:55:24	South Korea	
5e889435-dc78-f011-b4cb-000d3a5cf7d8	361	Dai zhiheng	M	M25-29	14	12:13:01	1:30:34	0:05:29	5:51:31	0:03:23	4:42:06	China	
d6ef0ee9-fade-f011-8544-000d3a5b7c3b	362	SEUNGJOON CHOI	M	M30-34	26	12:13:14	1:27:32	0:10:03	5:31:47	0:08:21	4:55:33	South Korea	
4f2b1337-0725-f011-8c4e-000d3a3173b5	363	Martial Velia	M	M30-34	27	12:13:25	1:14:24	0:05:02	5:14:40	0:03:29	5:35:51	France	
4ce49ba6-ea89-4891-be1f-cb6e5eaa90fd	364	규훈 이	M	M55-59	28	12:13:48	1:28:29	0:08:45	5:43:51	0:05:19	4:47:24	South Korea	
cbfb8893-f8de-f011-8543-000d3a5b5fc7	365	Hyeongseok han	M	M35-39	52	12:14:09	1:22:01	0:05:35	5:48:29	0:04:55	4:53:09	South Korea	
9cdb913c-d06e-f011-bec2-000d3a5b7c3b	366	Semen Nil	M	M40-44	73	12:15:01	1:53:38	0:06:00	6:02:49	0:04:32	4:08:02	Unknown	
c5c06fec-ec14-4bfc-8c06-154d31097073	367	YUHUA TAO	F	F60-64	1	12:15:05	1:38:24	0:04:12	5:55:25	0:02:36	4:34:27	China	
7df9f9f1-740c-ef11-9f8a-00224809fd7c	368	Mariia Mezentseva	F	F40-44	9	12:15:08	1:25:53	0:06:11	6:22:40	0:03:55	4:16:30	Unknown	
e7818130-7968-43b7-917a-951f46425cc8	369	형준 이	M	M50-54	63	12:15:15	1:17:32	0:08:10	5:38:39	0:08:32	5:02:22	South Korea	
12713e24-f7de-f011-8544-000d3a5b7c3b	370	KIM JUHYUN	M	M18-24	7	12:15:30	1:15:38	0:10:22	5:52:07	0:05:38	4:51:46	South Korea	
9dd7d67b-9a90-4b6b-bd11-71f1de7e389b	371	Youngsoo Yoo	M	M50-54	64	12:15:31	1:36:44	0:08:49	6:06:46	0:04:55	4:18:17	South Korea	
2b7a5de0-192d-4613-a5b8-32d85197684e	372	Seung Hyun Song	M	M50-54	65	12:15:41	1:33:18	0:06:19	5:32:36	0:06:02	4:57:26	South Korea	
dcbb9479-137b-417d-ae15-68eba6e9ed8c	373	Je Sang Yun	M	M45-49	63	12:15:44	1:27:38	0:06:53	5:41:30	0:06:11	4:53:32	South Korea	
be86daf9-1189-4a22-b300-af721099378b	374	Jonghyun Lim	M	M40-44	74	12:15:46	1:32:48	0:06:57	5:40:51	0:05:00	4:50:10	South Korea	
274e8f41-7c1d-4380-9078-053f0cdc008e	375	Min Cheol Jeong	M	M55-59	29	12:15:50	1:34:51	0:10:20	5:46:58	0:08:10	4:35:31	South Korea	
51252148-1880-481b-b84b-138f95ff2e82	376	Ilchan Ahn	M	M50-54	66	12:15:57	1:35:38	0:14:37	5:48:28	0:07:15	4:29:58	South Korea	
be0927f4-7596-4940-aa48-9d3e7f478ebe	377	Matthew Yaquinto	M	M55-59	30	12:16:02	1:25:28	0:06:44	5:19:07	0:03:50	5:20:54	United States	
6359eeec-20df-f011-8544-000d3a5b7c3b	378	지혜 최	F	F30-34	9	12:16:07	1:27:43	0:07:46	5:41:38	0:04:44	4:54:16	South Korea	
9115c141-ec15-4cb2-8466-21e44e2dbd96	379	jun hwan pak	M	M45-49	64	12:16:29	1:31:14	0:08:33	5:42:05	0:06:26	4:48:11	South Korea	
cdfb0de4-f0de-f011-8544-002248098cfa	380	KYEONG JIN LEE	M	M45-49	65	12:16:33	1:29:21	0:12:46	6:10:59	0:08:25	4:15:02	South Korea	
cc3d3126-bac0-ef11-b8e8-000d3a5ae96c	381	YOUNGJEH CHO	M	M40-44	75	12:16:49	1:30:50	0:10:11	6:19:00	0:06:28	4:10:19	South Korea	
7caf22f3-db27-4c73-adbb-7c76f747f509	382	YEAJIN KIM	F	F40-44	10	12:16:52	1:26:46	0:04:41	5:49:38	0:04:34	4:51:13	South Korea	
3dc0c2d3-e5db-4a9d-ada2-979d3c809f57	383	Jaechoun Kim	M	M45-49	66	12:16:55	1:53:20	0:04:04	5:19:24	0:05:12	4:54:56	South Korea	
7591827e-f8de-f011-8544-0022480c097c	384	jung bokyoung	M	M45-49	67	12:17:03	1:32:12	0:10:55	6:06:19	0:07:02	4:20:35	South Korea	
cf6542df-a461-4f2f-bccd-8abd7364bd98	385	Yang Hu	M	M30-34	28	12:17:03	1:51:42	0:06:00	5:23:11	0:02:58	4:53:11	China	
6fdfd756-0f4e-42eb-9085-90a865552b76	386	Byung Kyu Jung	M	M55-59	31	12:17:51	1:18:08	0:06:29	5:17:57	0:05:53	5:29:24	South Korea	
a6f68c56-3210-4e1d-adc3-eee23bf0097a	387	Hui Zhou	M	M40-44	76	12:18:00	1:40:13	0:09:04	5:40:36	0:03:50	4:44:18	China	
b2cafd38-94ba-43f9-9d5d-363ae0ac6b8e	388	병률 정	M	M40-44	77	12:18:01	1:18:33	0:08:13	5:44:34	0:08:11	4:58:31	South Korea	
aa444930-81fe-ef11-bae2-000d3a3173b5	389	Lee Doyun	M	M25-29	15	12:18:18	1:36:29	0:09:37	5:28:09	0:04:34	4:59:27	South Korea	
a08fc1cf-b5d1-ef11-8ee9-6045bd088264	390	Sangwoon Na	M	M25-29	16	12:19:15	1:15:15	0:07:20	5:14:02	1:08:35	4:34:01	South Korea	
ac257f69-6bb7-4a2e-a71a-b3c632da34f1	391	Mun Jinyoung	M	M35-39	53	12:19:31	1:20:14	0:05:20	5:34:40	0:05:21	5:13:55	South Korea	
cff0afbd-8b11-41ca-b951-7aa2d0586140	392	Kweonsoo Kim	M	M40-44	78	12:19:35	1:23:29	0:12:28	5:59:01	0:04:56	4:39:42	South Korea	
c945c06c-1164-49f7-bd78-c84cbb912fd2	393	HYUNGJUN KIM	M	M45-49	68	12:19:36	1:26:25	0:05:41	6:22:48	0:02:28	4:22:14	South Korea	
efc84681-06fc-f011-8406-0022480b84a3	394	Sungwon Suh	M	M40-44	79	12:19:47	1:44:15	0:07:58	6:09:08	0:10:40	4:07:46	South Korea	
3eef5333-b0d8-ef11-8eea-002248049fdc	395	SUNGJIN PARK	M	M50-54	67	12:19:48	1:21:28	0:10:55	5:54:33	0:19:48	4:33:05	South Korea	
8637f51c-b36e-f111-ab0d-0022480b84a3	396	Minsun Kim	F	F60-64	2	12:19:53	1:31:11	0:07:47	6:02:23	0:06:25	4:32:07	South Korea	
68ac58d5-308d-432d-9a5f-28b756ff1a7a	397	Li Fengguo	M	M40-44	80	12:20:18	1:45:07	0:10:39	5:55:56	0:04:27	4:24:09	China	
ec211285-e212-f111-8406-002248081bd6	398	Eunhee Yoon	F	F60-64	3	12:20:22	1:20:06	0:06:40	5:48:43	0:07:29	4:57:23	South Korea	
4965254e-01df-f011-8544-000d3a5b50ba	399	YOUNGWOO KIM	M	M50-54	68	12:20:34	1:22:38	0:10:27	5:38:49	0:09:18	4:59:22	South Korea	
0f42f5b6-6b7b-4389-aea2-dc92114bb744	400	Keonwang Lee	M	M40-44	81	12:21:01	1:42:38	0:11:43	5:38:32	0:10:34	4:37:35	South Korea	
b852d6e3-05fc-f011-8406-6045bd08b1a2	401	dou june seok	M	M50-54	69	12:21:11	1:31:03	0:13:59	6:05:20	0:06:51	4:23:58	South Korea	
eb94ba6c-55c1-4e8e-8523-1c84992ea14b	402	Ju Seok Lee	M	M55-59	32	12:21:12	1:22:25	0:07:07	6:00:22	0:04:41	4:46:37	South Korea	
3ed74298-f4de-f011-8544-000d3a3173b5	403	지안 정	M	M45-49	69	12:21:21	1:57:07	0:07:51	6:03:22	0:09:22	4:03:38	South Korea	
4758a648-6822-f111-8341-6045bd08b1a2	404	Fei Zhu	F	F25-29	3	12:21:35	1:28:53	0:05:39	6:22:18	0:04:51	4:19:54	China	
2315749c-0071-4449-ae8c-94336f94bedd	405	Jaeho Kang	M	M60-64	10	12:22:09	1:22:21	0:05:49	5:16:19	0:02:55	5:34:45	South Korea	
2d90175c-f3de-f011-8544-6045bd05f634	406	Junhyung Kim	M	M35-39	54	12:22:18	1:33:00	0:11:57	5:47:39	0:06:20	4:43:22	South Korea	
5d2d7b7f-51a9-46a1-ae5c-48994a211ad9	407	Sangtae Lee	M	M45-49	70	12:22:42	1:30:43	0:08:54	5:49:26	0:06:44	4:46:55	South Korea	
6eb954c6-15d6-ef11-8ee9-000d3a592251	408	Hyejin park	F	F50-54	2	12:22:45	1:17:39	0:05:26	5:56:03	0:13:23	4:50:14	South Korea	
d7ad103a-b7b0-4e4f-bddb-beb64835a467	409	Jinhwan Kim	M	M60-64	11	12:22:49	1:28:23	0:11:09	6:02:00	0:06:26	4:34:52	South Korea	
3f2d1df4-f505-46ce-bb34-d9126f67440c	410	Jaepil Jung	M	M45-49	71	12:23:09	1:19:25	0:04:36	5:27:12	0:04:26	5:27:30	South Korea	
7b862055-c7e5-ef11-8eea-000d3a5a1803	411	Zhifneg Wu	M	M30-34	29	12:24:18	1:09:53	0:07:02	5:02:44	0:04:36	6:00:03	China	
6fc29c75-bed8-43e7-87d0-a81b6eeef06c	412	Wookyeong Jeong	M	M50-54	70	12:24:24	1:34:36	0:06:51	5:42:37	0:04:18	4:56:03	South Korea	
21dfaff9-f851-4951-ae68-83c8bd819874	413	Tae Joon Lee	M	M60-64	12	12:24:32	1:26:57	0:09:14	5:56:03	0:07:20	4:44:58	South Korea	
3f14f14c-61c9-ee11-9079-000d3a31406e	414	동환 홍	M	M40-44	82	12:24:46	1:35:51	0:11:01	5:48:18	0:07:48	4:41:48	South Korea	
923dca2e-ecde-f011-8544-0022480c097c	415	SEONGJAE LIM	M	M30-34	30	12:25:09	2:02:52	0:07:52	5:30:42	0:07:24	4:36:19	South Korea	
60e2dca4-e107-f011-bae2-6045bd05fcc1	416	SUNGJIN HAN	M	M45-49	72	12:25:14	1:25:51	0:08:34	6:07:55	0:06:21	4:36:33	South Korea	
85bf74f2-fcbc-4139-8308-b7d6c2ba9e72	417	Migyeong Bae	F	F50-54	3	12:25:16	1:24:55	0:06:21	6:01:27	0:05:24	4:47:09	South Korea	
405effb5-b447-4125-887e-d6492ee9bead	418	Myeunghoon Kang	M	M45-49	73	12:25:53	1:23:55	0:11:44	6:21:09	0:06:28	4:22:38	South Korea	
fd7fe20a-629c-4270-a3ec-898f3959494b	419	Hyeonseok Jang	M	M45-49	74	12:25:54	1:32:31	0:15:46	5:56:17	0:07:10	4:34:09	South Korea	
010b27ea-cca0-4e3e-8125-dbfd11a4f7a2	420	Sanghwa Jung	M	M45-49	75	12:26:05	1:36:59	0:05:48	5:35:55	0:04:27	5:02:57	South Korea	
1a7fda69-3f89-4015-9894-6eaca38103ff	421	KOTA SUDA	M	M35-39	55	12:26:33	1:13:46	0:04:30	5:57:13	0:05:19	5:05:44	Japan	
49e44974-9ac7-4f99-be61-c57457028563	422	우섭 유	M	M40-44	83	12:26:41	1:30:36	0:14:38	6:06:05	0:06:45	4:28:37	South Korea	
10e7c4c1-3e5f-4e80-b03f-6ec74e94b4a8	423	Seungyong Na	M	M30-34	31	12:26:43	1:16:40	0:08:16	6:08:04	0:07:36	4:46:06	South Korea	
672812dd-3e82-4433-82c1-c28b3d70e0f7	424	명숙 범	F	F55-59	1	12:26:45	1:31:12	0:06:35	5:40:36	0:04:24	5:03:58	South Korea	
e64ec750-6507-4c28-b147-db29fd37fa0c	425	Kwangwoo Son	M	M45-49	76	12:27:12	1:25:10	0:05:14	5:45:24	0:05:52	5:05:32	South Korea	
78f7abf1-b497-4693-a434-791a0f8f3358	426	Xi Li	F	F45-49	6	12:27:37	1:35:13	0:09:48	5:33:56	0:05:07	5:03:33	China	
d182c5dd-97e5-4ab3-b073-cf308ce0c12e	427	kyu tae ahn	M	M45-49	77	12:28:19	1:53:03	0:06:09	5:50:46	0:03:39	4:34:42	South Korea	
0d6d52ed-fcc0-ef11-b8e8-00224806c129	428	Deokyong Kim	M	M25-29	17	12:28:37	1:21:08	0:07:41	5:49:25	0:10:06	5:00:19	South Korea	
0c841b8b-1830-4de4-b8ce-31ae04d4c1a2	429	Jong Yeob Shin	M	M55-59	33	12:28:57	1:40:19	0:09:12	5:57:38	0:07:39	4:34:08	South Korea	
544a2e85-c877-4183-8d64-0099583da527	430	Seokhoon Yoon	M	M50-54	71	12:28:57	1:42:14	0:07:11	5:54:48	0:04:07	4:40:38	South Korea	
76af9489-a6c1-ef11-b8e9-000d3a5a1803	431	SANGBIN PARK	M	M45-49	78	12:29:34	1:21:27	0:07:43	6:06:03	0:08:00	4:46:21	South Korea	
933148fa-b9f3-418d-a28c-ba7249d4912e	432	Kuo-Chih Chen	M	M50-54	72	12:29:43	1:32:46	0:06:42	5:42:51	0:06:47	5:00:36	Taiwan	
dd1c3da8-e6bd-4a2a-9b7f-2c17b748cb78	433	영 장	F	F50-54	4	12:29:47	1:32:33	0:10:57	5:47:01	0:05:47	4:53:29	South Korea	
119d1bed-e6de-f011-8544-000d3a5b50ba	434	SEOHAN CHOI	M	M35-39	56	12:30:07	1:19:52	0:05:54	6:17:44	0:08:33	4:38:04	South Korea	
b0cbdfea-d879-ed11-81ad-000d3a31440b	435	주영 최	M	M50-54	73	12:30:21	1:27:30	0:11:54	6:02:37	0:07:35	4:40:45	South Korea	
0ac1e838-5c79-ee11-8179-000d3a314d17	436	DongKyu Lee	M	M40-44	84	12:30:21	1:31:48	0:06:29	6:14:51	0:04:53	4:32:21	South Korea	
e545051d-4b64-43dc-b36f-23498f662341	437	Tsuyoshi Ohtani	M	M55-59	34	12:30:46	1:26:43	0:08:43	6:08:59	0:05:59	4:40:23	Japan	
fedd9645-9de0-f011-8544-000d3a3173b5	438	kim seung il	M	M35-39	57	12:31:56	1:18:35	0:07:05	5:52:30	0:09:26	5:04:20	South Korea	
22aebccc-f23e-4944-af0c-cc2a645562b9	439	Jianan Song	M	M35-39	58	12:32:00	1:23:55	0:09:07	5:45:20	0:03:23	5:10:15	China	
7fb0c587-057d-ed11-81ad-000d3a314be4	440	Hyun Heo	M	M45-49	79	12:32:01	1:13:23	0:08:15	5:54:34	0:09:47	5:06:02	South Korea	
92bf9f7c-d5de-f011-8544-000d3a5b50ba	441	hyunki min	M	M40-44	85	12:32:04	1:32:28	0:05:05	5:45:56	0:06:20	5:02:14	South Korea	
9d446c8a-daaf-ef11-b8e9-002248049fdc	442	JINHOON KIM	M	M35-39	59	12:32:10	1:28:23	0:05:41	5:53:41	0:05:44	4:58:42	South Korea	
0a3cbd40-29cc-43c6-8bdb-3038bace0eed	443	지웅 정	M	M45-49	80	12:32:21	1:24:38	0:11:33	5:56:56	0:05:32	4:53:42	South Korea	
a6b55523-3c6d-f111-ab0d-6045bd06566a	444	Roh Hyoung Jun	M	M45-49	81	12:32:48	1:18:41	0:06:57	6:00:52	0:09:29	4:56:50	South Korea	
13e8b5d8-2fc6-4440-95a8-989bd72cd1bb	445	경식 손	M	M50-54	74	12:32:56	1:18:42	0:09:46	6:25:36	0:08:37	4:30:15	South Korea	
1f9f86e4-52b3-4d5e-a885-6c2b522fcdbc	446	정기 김	M	M35-39	60	12:33:05	1:39:02	0:07:01	5:59:21	0:05:42	4:41:59	South Korea	
71dc9253-f8ae-f011-bbd3-000d3a35ffc1	447	Park Youngjin	M	M25-29	18	12:33:26	1:26:20	0:08:28	5:55:42	0:10:31	4:52:25	South Korea	
58a3af84-88e7-ef11-8ee9-000d3a592251	448	sangwon kang	M	M45-49	82	12:33:33	1:27:26	0:07:22	6:02:34	0:05:31	4:50:40	South Korea	
76faf59e-1ac2-ef11-b8e9-000d3a5a1803	449	Seung Jun Lee	M	M25-29	19	12:33:37	1:10:21	0:04:05	6:54:51	0:02:35	4:21:46	South Korea	
0189fa4d-e6de-f011-8543-000d3a5b5fc7	450	Junseok Lee	M	M40-44	86	12:33:38	1:31:12	0:05:34	5:39:05	0:05:28	5:12:19	South Korea	
9375401b-e875-466c-9eeb-74498807f2eb	451	Juho Lee	M	M30-34	32	12:33:45	1:24:09	0:10:50	5:42:30	0:11:44	5:04:32	South Korea	
e54d9418-07fc-f011-8406-0022480994c2	452	Ahmi Jeon	F	F45-49	7	12:33:52	1:46:23	0:06:43	6:00:23	0:05:33	4:34:50	South Korea	
db1164e6-a4bd-ef11-b8e8-000d3a5ae96c	453	Moon Sehyung	M	M45-49	83	12:34:10	1:29:15	0:11:29	6:21:03	0:05:18	4:27:05	South Korea	
edcde4bf-df75-f111-ab0f-0022480a5755	454	Marat Ashrapov	M	M45-49	84	12:34:24	1:26:45	0:07:30	6:13:48	0:07:39	4:38:43	Unknown	
63a38bc1-f3de-f011-8544-0022480c097c	455	GIWOOK NA	M	M35-39	61	12:34:27	1:26:04	0:09:37	6:12:35	0:07:57	4:38:14	South Korea	
3f349885-fdd7-498b-b242-ed881cc87086	456	Minkuk Lee	M	M45-49	85	12:35:25	1:22:43	0:06:01	5:49:19	0:09:15	5:08:08	South Korea	
1c3fe151-427d-44be-9eba-baab1a3539fe	457	Kim Taehoon	M	M60-64	13	12:35:46	1:50:14	0:11:15	6:07:25	0:05:47	4:21:05	South Korea	
ce261a92-eae6-ef11-8eea-6045bd088264	458	byoungin Kwon	M	M50-54	75	12:35:50	1:45:57	0:08:40	5:44:45	0:12:29	4:43:58	South Korea	
a65939f7-fe34-4e61-9624-5c03f959f4c7	459	Sung-Hwon Bae	M	M50-54	76	12:36:09	1:56:10	0:11:44	5:45:54	0:08:53	4:33:28	South Korea	
6a0fc669-3ac7-4c40-938c-e3dc2db809f9	460	Khee Dong Lee	M	M45-49	86	12:36:31	1:19:01	0:07:10	6:00:09	0:05:19	5:04:52	South Korea	
10f52fb3-06fc-f011-8406-0022480b84a3	461	JEONG MYEONG CHEOL	M	M40-44	87	12:36:37	1:17:04	0:05:55	5:50:48	0:06:50	5:15:59	South Korea	
6b9efc32-2068-4188-8e8d-b540f87b43f0	462	Turar Abish	M	M60-64	14	12:37:02	1:28:52	0:09:58	6:07:52	0:05:26	4:44:54	Kazakhstan	
a14ade9e-d01f-ea11-a810-000d3a5a1cf8	463	Taeho Yun	M	M45-49	87	12:37:06	1:46:16	0:10:31	5:59:01	0:06:18	4:34:59	South Korea	
3120748c-7c11-f111-8406-0022480b88da	464	Eon Woo Lee	M	M25-29	20	12:37:07	1:31:37	0:06:55	6:02:08	0:04:56	4:51:31	South Korea	
922ac542-a8a6-ed11-aad1-000d3a314d17	465	Iurii Spirov		M35-39	62	12:37:09	1:34:09	0:05:53	6:26:48	0:07:16	4:23:02	Unknown	
bd18c4b8-615b-f111-bec7-0022480b88da	466	YUE CHENG	F	F40-44	11	12:37:16	1:28:21	0:05:02	6:13:51	0:03:25	4:46:38	China	
d056fa5e-dad3-ef11-8eea-002248049fdc	467	daehwan kim	M	M35-39	63	12:37:39	1:39:55	0:06:59	5:50:35	0:06:06	4:54:04	South Korea	
844fa183-3088-ee11-8179-000d3a314c24	468	Sujin Kim	F	F45-49	8	12:37:49	1:35:18	0:06:14	6:09:05	0:04:06	4:43:07	South Korea	
72cacc84-8e9b-4083-a710-ced5da0729a5	469	SHOJI MATSUMOTO	M	M50-54	77	12:39:25	1:22:39	0:06:10	6:12:02	0:04:35	4:53:59	Japan	
a4bab6ea-edc0-ef11-b8e9-000d3a5a1803	470	CHANGMIN MUN	M	M40-44	88	12:39:53	1:23:19	0:07:11	6:08:37	0:09:48	4:50:58	South Korea	
39bb8bb8-39f3-4690-8c1f-9500e16c3481	471	Jin Kyu Shim	M	M45-49	88	12:39:55	1:34:07	0:09:02	5:48:16	0:07:25	5:01:03	South Korea	
d928273a-368f-4e05-8a08-b7bdb5f6758e	472	Steven Van Why	M	M50-54	78	12:40:23	1:32:17	0:05:42	6:49:09	0:02:45	4:10:30	United States	
00011021-a126-448a-88fc-631dd376dfcc	473	Min U Lee	M	M50-54	79	12:40:57	1:25:30	0:07:44	6:13:11	0:04:54	4:49:38	South Korea	
d44e5070-8d09-f111-8406-6045bd08b1a2	474	JIHOON KIM	M	M35-39	64	12:41:26	1:40:49	0:08:03	7:00:44	0:05:43	3:46:07	South Korea	
cd146ae7-b39b-4ba4-ae2f-380b1fc8077e	475	Seung Hwan Shin	M	M45-49	89	12:41:27	1:29:54	0:05:51	5:45:40	0:04:12	5:15:50	South Korea	
a22063ba-7b80-4b4b-8de6-32c407e1544e	476	덕룡 윤	M	M50-54	80	12:41:31	1:33:13	0:10:31	6:16:05	0:07:31	4:34:11	South Korea	
0702590a-2430-4455-a261-18cebde6bbec	477	Kyungjin Oh	M	M45-49	90	12:41:57	1:30:12	0:07:59	5:52:13	0:04:25	5:07:08	South Korea	
fddb29fa-03f2-4a1c-a20e-37ab5e1352c7	478	지아 최	F	F35-39	8	12:42:31	1:32:47	0:09:22	6:24:57	0:09:00	4:26:25	South Korea	
9a2ea569-579f-40ac-9d1e-fee1fa3a14cf	479	Gitak Bok	M	M50-54	81	12:42:38	1:24:45	0:09:48	5:36:37	0:07:44	5:23:45	South Korea	
ac5957a9-8375-4ffc-acc7-07b4a0fd87a9	480	Chang Geun Lee	M	M50-54	82	12:43:31	1:26:55	0:05:57	6:04:12	0:09:52	4:56:35	South Korea	
e79fa5e2-0a73-f111-ab0f-0022480994c2	481	Yujin Ko	M	M40-44	89	12:43:50	1:49:43	0:13:05	6:03:19	0:05:54	4:31:49	South Korea	
6df4d622-29c9-4f4f-bfd6-83ebb5b77bb4	482	Wonsung Kim	M	M60-64	15	12:44:13	1:31:04	0:08:25	6:05:39	0:05:10	4:53:56	South Korea	
bfaaeaec-4679-4bdd-81cf-2b39c40a6135	483	Hugues Chocart	M	M25-29	21	12:44:15	1:18:34	0:05:31	6:12:32	0:06:25	5:01:13	France	
ef00807e-4a70-f111-ab0d-002248046ec8	484	WONJUN JANG	M	M35-39	65	12:44:26	1:24:36	0:08:46	6:47:37	0:07:31	4:15:56	South Korea	
66419ede-06fc-f011-8406-0022480a5755	485	JEOGNBIN YU	M	M30-34	33	12:44:29	1:24:32	0:10:11	6:08:19	0:07:22	4:54:04	South Korea	
e88b2cdf-6a7a-4381-8031-9e70c7c1c4ed	486	Sejin Kim	M	M45-49	91	12:44:34	1:15:24	0:09:42	5:35:51	0:08:27	5:35:11	South Korea	
2a1309a7-4d00-44be-bd2e-835fa7fb7ed8	487	Sehyeok Kang	M	M55-59	35	12:44:49	1:43:37	0:09:23	6:26:45	0:07:57	4:17:06	South Korea	
581b02f6-e573-431f-a68b-8b94a781faf0	488	Yunsuck Hong	M	M50-54	83	12:45:02	1:29:48	0:10:01	6:07:03	0:05:24	4:52:47	South Korea	
3e1b3998-b62f-4ac4-8999-c5a22e7d4505	489	Sung Soo Heo	M	M50-54	84	12:45:12	1:14:04	0:12:02	5:06:32	0:05:56	6:06:38	South Korea	
6baec22a-d4ec-4a78-a452-476099263269	490	SEONGIL PARK	M	M40-44	90	12:45:36	1:25:52	0:05:32	5:51:23	0:04:52	5:17:56	South Korea	
7b89483a-9d10-f111-8406-0022480a5755	491	혜경 이	F	F60-64	4	12:45:51	1:34:19	0:06:21	6:16:17	0:04:11	4:44:42	Antigua and Barbuda	
e1f46f7f-0dfc-f011-8406-0022480b35b6	492	hyun ah choi	F	F35-39	9	12:46:07	1:35:25	0:10:57	5:46:25	0:07:11	5:06:09	South Korea	
84f860bc-5ed0-4143-89cf-20231523b151	493	병정 최	M	M60-64	16	12:46:19	1:25:57	0:08:15	6:21:51	0:05:11	4:45:05	South Korea	
878f9e2d-56dd-ef11-8eea-6045bd018d16	494	SangYoung Nam	M	M35-39	66	12:46:19	1:47:15	0:10:00	6:01:48	0:10:07	4:37:09	South Korea	
07c31fd4-d4f7-4859-9076-70a5ff1138bc	495	Myeongsik Yun	M	M40-44	91	12:46:36	1:31:47	0:10:40	6:06:15	0:10:06	4:47:49	South Korea	
19677a78-403f-ef11-8409-000d3a383830	496	Youngjin Paik	M	M50-54	85	12:46:55	1:23:40	0:09:22	6:07:20	0:07:20	4:59:13	South Korea	
c9cb3de6-e3be-45e7-8cab-fe20ceacea7c	497	Dmitry Lukyanov	M	M50-54	86	12:47:02	1:32:20	0:08:52	6:12:53	0:04:12	4:48:45	Unknown	
9a960ffb-031f-f011-9989-000d3a5cf7d8	498	HyunSung Choi	M	M50-54	87	12:47:15	1:47:04	0:15:54	6:06:58	0:02:35	4:34:43	South Korea	
2c7a8015-5d12-496c-aeb2-f30f74b7a048	499	Choi Jintaek	M	M50-54	88	12:47:15	1:23:31	0:06:53	5:50:33	0:07:52	5:18:26	South Korea	
8b762920-7081-ef11-ac21-000d3a338a3c	500	Dong Sin Lee	M	M65-69	3	12:47:55	1:23:38	0:11:55	6:24:33	0:09:15	4:38:33	South Korea	
165a5bb9-d5df-f011-8544-000d3a5cf7d8	501	seongwoo baek	M	M50-54	89	12:48:18	1:34:55	0:10:53	5:54:04	0:06:02	5:02:25	South Korea	
b9ab3685-dddf-422e-a739-e4e3c88ece66	502	Hyunsoo Um	M	M45-49	92	12:48:24	1:49:37	0:08:28	5:56:54	0:08:45	4:44:39	South Korea	
ec629727-2bfb-f011-8406-0022480994c2	503	Ариан Ыракыев	M	M30-34	34	12:48:55	1:26:20	0:07:07	6:10:51	0:08:56	4:55:41	Unknown	
fe42a059-03c2-ed11-83fe-000d3a31440b	504	Munseok Kim	M	M60-64	17	12:49:09	1:24:19	0:10:28	6:20:37	0:11:23	4:42:23	South Korea	
ce6f442a-0ad6-4b08-842c-33171d173c95	505	Kwangduck Park	M	M55-59	36	12:49:11	1:31:51	0:05:44	5:39:26	0:05:21	5:26:49	South Korea	
91d7a282-9a8b-ef11-ac21-000d3a59a9a1	506	Wing Yi Cheng	F	F25-29	4	12:49:21	1:18:33	0:05:27	6:26:31	0:05:41	4:53:09	Hong Kong	
985b2230-3e38-477a-b030-ec27b157b0f0	507	玮 曹	M	M35-39	67	12:49:54	1:35:58	0:06:19	6:12:32	0:09:59	4:45:06	China	
8a6dcc0b-2528-4e84-864a-080d5e9c08e5	508	상달 이	M	M50-54	90	12:49:59	1:33:27	0:06:54	5:52:39	0:08:33	5:08:26	South Korea	
4dfd41cd-2fdf-f011-8544-000d3a5b7c3b	509	Cheol Baek	M	M45-49	93	12:50:50	1:16:58	0:07:22	5:46:50	0:03:59	5:35:41	South Korea	
bc8c61b9-5394-4c36-9501-73c68e6d7581	510	Myung Sik Choi	M	M65-69	4	12:50:54	1:48:50	0:07:36	6:15:04	0:06:17	4:33:06	South Korea	
b828d5f7-30df-f011-8543-6045bd05fcc1	511	JungHo Lee	M	M50-54	91	12:50:57	1:49:15	0:11:10	5:46:40	0:07:21	4:56:32	South Korea	
28a3f4c0-27d4-ef11-8ee9-6045bd088264	512	YUNPYO LEE	M	M40-44	92	12:51:07	1:27:49	0:05:06	6:10:53	0:05:46	5:01:33	South Korea	
de44acb9-0c1a-4825-8051-b6733e707f88	513	혜영 김	F	F50-54	5	12:51:26	1:33:48	0:06:41	6:26:10	0:05:42	4:39:05	South Korea	
3bb960a4-f667-4da6-95c0-b67533836522	514	Eri Ogi	F	F55-59	2	12:51:50	1:40:25	0:06:18	6:19:34	0:07:19	4:38:14	Japan	
1bd4f97f-8b71-4b5f-9a00-f7ad2175732a	515	PING ZHENG	F	F55-59	3	12:52:13	1:39:51	0:08:16	6:08:50	0:07:47	4:47:29	China	
33dcb43d-39bb-4405-8db6-c006b466d2e8	516	Jong Hwan Lee	M	M60-64	18	12:52:24	1:36:51	0:15:14	6:04:05	0:10:26	4:45:48	South Korea	
491e131f-83e3-f011-8544-000d3a3173b5	517	성훈 정	M	M45-49	94	12:52:41	1:14:53	0:08:57	6:01:32	0:06:30	5:20:49	South Korea	
a3bce2c3-d7fd-4544-bb80-f9e3165059ec	518	Myungsoon Seok	M	M60-64	19	12:52:41	1:41:48	0:10:57	6:19:59	0:07:25	4:32:32	South Korea	
7054e0ad-8dea-401d-9b23-8c8444ffa77c	519	병기 오	M	M55-59	37	12:52:43	1:43:48	0:08:49	5:55:51	0:06:49	4:57:25	South Korea	
4ee169f0-d2bc-ef11-b8e9-000d3a5a1803	520	sunkeun lee	M	M45-49	95	12:53:38	1:31:40	0:05:30	5:47:13	0:09:01	5:20:14	South Korea	
4e1fbd56-ab29-f011-8c4e-6045bd05fcc1	521	Shunrie Geldore	M	M40-44	93	12:54:11	1:39:03	0:06:21	5:42:52	0:04:16	5:21:38	United States	
c6da8396-6d78-4f25-be16-259c7eb1f1d2	522	Jongmin Han	M	M45-49	96	12:54:14	1:14:11	0:05:54	6:20:37	0:09:52	5:03:41	South Korea	
211cc489-09fc-f011-8406-6045bd06566a	523	Lee Dohak	M	M50-54	92	12:54:53	1:30:25	0:09:41	6:12:08	0:05:07	4:57:31	South Korea	
6aaf3e4b-23c3-4e94-95c3-9a5e8b922f65	524	HAEJAE JUN	F	F50-54	6	12:55:10	1:41:39	0:08:03	6:19:01	0:07:06	4:39:21	South Korea	
b38d246b-03c8-4a7a-8ad4-a095eef127af	525	Aditya Rathi	M	M35-39	68	12:55:16	1:26:49	0:09:27	6:25:18	0:05:49	4:47:53	India	
c13e540d-3cb9-4065-83fc-182ec79c4245	526	Hakjae Ro	M	M50-54	93	12:55:43	1:46:02	0:12:28	6:17:31	0:04:59	4:34:44	South Korea	
065e45db-b5bf-f011-bbd3-6045bd05f634	527	Grzegorz Krupa	M	M40-44	94	12:55:51	1:50:05	0:08:03	5:37:04	0:07:38	5:13:01	Poland	
1967d48a-e8e7-463a-a781-e328e4e92dd6	528	Bernardo Vegelio Jr	M	M35-39	69	12:55:54	1:38:55	0:05:00	6:12:09	0:05:26	4:54:25	Philippines	
2c13937d-0cc1-ef11-b8e9-000d3a30152c	529	Jiseok Bu	M	M40-44	95	12:55:55	1:35:00	0:07:54	6:26:36	0:05:40	4:40:45	South Korea	
9b0fd397-3ce3-4225-a47b-b7e9145dfa1a	530	Hyungju Kim	M	M35-39	70	12:56:33	1:31:41	0:10:28	6:09:45	0:05:30	4:59:09	South Korea	
787d1f2a-f8de-f011-8544-000d3a5cf7d8	531	Moonhee Lee	F	F30-34	10	12:56:47	1:36:50	0:09:46	6:17:22	0:05:31	4:47:18	South Korea	
d5ff96e0-b073-f111-ab0f-0022480b84a3	532	Seungyun Baek	M	M30-34	35	12:56:53	1:27:42	0:10:02	6:23:25	0:09:41	4:46:04	South Korea	
cc3a4df5-41ff-4713-a632-084286011ae8	533	재현 임	M	M35-39	71	12:57:18	1:48:13	0:09:27	6:37:09	0:08:57	4:13:31	South Korea	
e11573f8-1f6c-f011-bec3-000d3a5b50ba	534	youk taek Shim	M	M60-64	20	12:57:48	1:41:41	0:09:03	6:09:32	0:07:37	4:49:54	South Korea	
3ff4d580-f7de-f011-8544-0022480c097c	535	충기 이	M	M35-39	72	12:57:55	1:27:50	0:08:12	5:53:18	0:05:33	5:23:03	South Korea	
eca9be12-0c33-4812-b816-4bedb72b7268	536	Haitao Yang	M	M45-49	97	12:58:03	1:40:14	0:15:57	6:06:43	0:06:52	4:48:17	China	
b8fc868c-c1be-ef11-b8e8-6045bd088264	537	LEE JOONHO	M	M35-39	73	12:58:04	1:21:42	0:07:10	6:28:51	0:16:40	4:43:42	South Korea	
55c7b238-a84a-ef11-a317-000d3a367177	538	Nikita Mezentsev	M	M35-39	74	12:58:26	1:47:44	0:08:17	6:00:51	0:08:43	4:52:52	Unknown	
9ad5ba19-b09d-48a6-a3e4-ea2552d8fff1	539	Yeonggil Kwon	M	M50-54	94	12:58:26	1:34:32	0:09:13	7:13:55	0:04:52	3:55:55	South Korea	
853c7304-718f-4322-a3b7-a0aba267d599	540	Amar Naikwadi	M	M40-44	96	12:58:36	1:21:21	0:10:39	6:21:51	0:06:13	4:58:31	India	
be23147e-e4d4-ef11-8eea-6045bd048089	541	Jacques Le Clech	M	M25-29	22	12:58:43	1:38:11	0:11:19	6:05:19	0:04:47	4:59:07	France	
9ce6de4b-10fc-f011-8406-6045bd08b1a2	542	jaesun Kim	M	M30-34	36	12:59:05	1:38:24	0:08:09	6:27:03	0:04:27	4:41:01	South Korea	
d47ae20b-90e4-ef11-8eea-6045bd088264	543	Shan Gao	F	F30-34	11	12:59:23	1:39:48	0:09:17	6:19:44	0:05:54	4:44:41	China	
4ea8c4fc-e8fa-42f2-98e5-4d249d1f8eec	544	Myung Jin Yoon	F	F55-59	4	12:59:32	1:33:21	0:07:45	6:10:45	0:03:47	5:03:54	South Korea	
f5c583db-b400-f111-8406-002248081bd6	545	JAEYEON KIM	M	M60-64	21	12:59:49	1:17:14	0:08:24	6:20:12	0:08:07	5:05:51	South Korea	
d657e889-fdde-f011-8543-000d3a5b5fc7	546	전 원	M	M45-49	98	12:59:55	1:31:10	0:06:20	6:00:20	0:05:52	5:16:12	South Korea	
bf94ca1b-6be9-48f6-a96d-bf3447c9305c	547	Yong Hwa Shin	M	M55-59	38	13:00:40	1:33:25	0:11:20	5:51:45	0:05:55	5:18:14	South Korea	
0650242b-63a4-ee11-be37-000d3a314c24	548	kilho Choi	M	M50-54	95	13:00:41	1:27:06	0:07:15	6:07:11	0:05:47	5:13:22	South Korea	
9044b567-4ddb-4916-89bc-61c511302812	549	Akihiko Takata	M	M65-69	5	13:00:42	1:32:44	0:07:27	6:04:08	0:04:09	5:12:12	Japan	
251fce3e-c2c0-ef11-b8e9-000d3a5a1803	550	YONGHEE PARK	M	M50-54	96	13:01:40	1:24:59	0:10:37	6:20:04	0:08:21	4:57:38	South Korea	
7034cd4b-f8de-f011-8544-000d3a5cf7d8	551	pilju Kang	M	M45-49	99	13:03:04	1:35:49	0:06:28	6:23:56	0:08:02	4:48:49	South Korea	
75bc74b4-ece3-f011-8544-000d3a5b50ba	552	JAE KWANG SHIN	M	M50-54	97	13:03:39	1:41:57	0:09:26	5:50:00	0:03:59	5:18:16	South Korea	
3dc2e824-01c8-4ab0-9c0c-4aa76f71c4cd	553	Anthony Bastien	F	F30-34	12	13:03:48	1:14:36	0:04:46	6:02:36	0:02:29	5:39:21	France	
653ee1d5-8e3c-4075-8599-58e3f1c84f76	554	SHI YONG TAN	M	M50-54	98	13:03:53	1:39:27	0:12:09	6:03:49	0:07:28	5:01:01	Singapore	
3e1858d8-02f3-447a-b1c7-47648431a8a7	555	Tomoshige Ikeda	M	M65-69	6	13:04:02	1:28:02	0:07:25	6:11:03	0:05:00	5:12:31	Jordan	
fcd5a634-6ffb-f011-8406-6045bd06566a	556	HYUNSANG LEE	M	M40-44	97	13:04:19	1:32:33	0:11:03	6:02:25	0:08:13	5:10:04	South Korea	
b15edc73-c946-4800-9754-42d14589d2da	557	Jae Sang Yoon	M	M50-54	99	13:04:19	1:18:48	0:07:01	5:41:37	0:05:17	5:51:37	South Korea	
65c3c13b-6bad-49c7-9d6c-17aa8627f11f	558	Caroline Chartier	F	F30-34	13	13:04:25	1:16:39	0:08:00	5:59:18	0:09:07	5:31:20	Canada	
959dd4eb-6007-4a1f-92e1-265aa7bc9f4c	559	Robert Tuttle	M	M55-59	39	13:04:34	1:23:30	0:10:28	6:27:07	0:09:05	4:54:24	Canada	
91207008-f4de-f011-8544-6045bd05f634	560	woojin jung	M	M45-49	100	13:04:52	1:28:12	0:08:34	5:49:21	0:09:30	5:29:14	South Korea	
9be72e0d-f0dd-4ec4-a953-01f2f6c687d4	561	Hyeon Jin Lee	M	M35-39	75	13:05:06	1:15:25	0:07:01	5:51:54	0:07:26	5:43:19	South Korea	
cd3219b7-8093-f011-b4cc-6045bd05fcc1	562	Tae-Shik Kim	M	M65-69	7	13:05:30	1:56:07	0:07:13	6:07:20	0:10:22	4:44:27	South Korea	
eb71002b-2928-f011-8c4d-6045bd05f634	563	NAMYEOL LEE	M	M60-64	22	13:06:41	1:40:31	0:10:28	6:33:30	0:05:46	4:36:26	South Korea	
799dec2e-1030-4213-a4a3-4d481d9c2d93	564	Amod Karpe	M	M40-44	98	13:06:48	1:38:29	0:09:21	6:26:34	0:07:39	4:44:44	India	
993172d6-08c1-ef11-b8e8-000d3a5ae96c	565	Nowon Park	M	M50-54	100	13:06:48	1:35:15	0:07:06	6:21:41	0:04:11	4:58:35	South Korea	
16a0828a-1b1b-4c6c-ba2e-3abe8ea04c9c	566	SEONGIL LEE	M	M40-44	99	13:07:01	1:30:25	0:10:10	5:53:15	0:07:36	5:25:35	South Korea	
21c54e3e-4edd-453d-95cc-07ddde8f4e40	567	Min Ho Lee	M	M45-49	101	13:07:38	1:30:28	0:05:26	5:46:16	0:08:54	5:36:35	South Korea	
8aaecea6-fade-f011-8544-0022480a7385	568	Kyunghan Kim	M	M40-44	100	13:07:51	1:34:58	0:09:10	6:08:39	0:05:42	5:09:23	South Korea	
86b6e1eb-5ae3-4da6-8154-581158f5a96f	569	규인 장	M	M35-39	76	13:07:53	1:38:40	0:11:06	6:03:33	0:07:05	5:07:29	South Korea	
d122369a-e719-4000-9d97-38b1e9d5909a	570	Byunggi Lim	M	M45-49	102	13:08:12	1:37:14	0:10:03	5:53:36	0:07:58	5:19:20	South Korea	
23e423c6-8bdd-f011-8544-000d3a5cf7d8	571	Kang Myeong Gwan	M	M30-34	37	13:08:48	1:37:56	0:09:43	6:22:30	0:11:30	4:47:09	South Korea	
31d4fb99-228d-4748-b4b1-d904aa94b38a	572	태경 이	M	M50-54	101	13:08:55	1:35:39	0:18:07	5:34:17	0:08:43	5:32:09	South Korea	
23669e7a-0542-f011-b4cb-6045bd09951e	573	김 민우	M	M40-44	101	13:08:59	1:31:47	0:09:02	5:35:52	0:17:25	5:34:52	South Korea	
9c0e703b-7804-f111-8406-0022480994c2	574	Andrew Hyde	M	M35-39	77	13:09:10	1:36:35	0:09:50	6:21:47	0:09:02	4:51:56	United Kingdom	
4654f5c5-08fc-f011-8406-6045bd08b1a2	575	anmo kim	M	M30-34	38	13:09:22	1:29:48	0:07:04	6:09:35	0:05:15	5:17:40	South Korea	
c977e9cf-c4e2-ef11-8eea-6045bd088264	576	Doogo Choi	M	M50-54	102	13:09:51	1:40:28	0:11:54	6:26:59	0:10:24	4:40:06	South Korea	
5e9fba19-64ed-402e-8611-304d3c8a2b5e	577	희수 장	F	F50-54	7	13:09:53	1:24:26	0:07:09	7:01:48	0:04:54	4:31:36	South Korea	
356c2974-31cc-48ee-a8a9-c2c3456bd18d	578	Ki Jun Kang	M	M55-59	40	13:09:57	1:52:14	0:12:24	6:02:53	0:06:51	4:55:34	South Korea	
b8654fce-32ec-f011-8544-000d3a5b7c3b	579	Hyungmin Um	M	M45-49	103	13:09:58	1:47:29	0:10:52	6:24:55	0:11:02	4:35:40	South Korea	
037cd880-0afc-f011-8406-0022480a5755	580	HONGTAE KIM	M	M25-29	23	13:10:05	1:13:54	0:10:25	6:47:40	0:10:27	4:47:38	South Korea	
02106fad-61db-f011-8544-000d3a5b50ba	581	PILWOO KOO	M	M30-34	39	13:10:15	1:42:13	0:07:26	6:25:40	0:04:30	4:50:26	South Korea	
9abee5a9-e570-4efa-bce7-3eebc3a580f2	582	장 영근	M	M55-59	41	13:10:31	1:30:40	0:07:45	6:27:11	0:06:18	4:58:37	South Korea	
0a432f90-b1df-f011-8543-6045bd05fcc1	583	JU DAE GEON	M	M30-34	40	13:10:33	1:30:37	0:14:57	6:32:39	0:07:51	4:44:29	South Korea	
b0667363-cee0-ef11-8eea-6045bd088264	584	yong hun HONG	M	M45-49	104	13:10:46	2:07:37	0:09:43	6:08:37	0:07:49	4:37:01	South Korea	
9c1b89af-fcde-f011-8544-000d3a3173b5	585	일란 황	F	F45-49	9	13:10:53	1:40:51	0:12:59	6:51:48	0:05:53	4:19:23	South Korea	
5332908a-adf4-ef11-9342-002248049fdc	586	wonchul lee	M	M55-59	42	13:11:12	1:29:18	0:10:48	6:07:48	0:11:46	5:11:33	South Korea	
1909688d-1daf-465a-b270-84a0c06d543a	587	Park Dongin	M	M65-69	8	13:11:32	1:39:38	0:09:35	5:51:04	0:04:31	5:26:43	South Korea	
688d8782-6d92-ee11-be37-000d3a314c24	588	Byeongwoo Keum	M	M35-39	78	13:12:12	1:42:17	0:13:26	6:23:06	0:05:54	4:47:30	South Korea	
70755b59-1ac2-ef11-b8e8-000d3a5ae96c	589	Park Jungsoo	M	M35-39	79	13:12:35	1:15:32	0:06:32	6:41:47	0:11:55	4:56:49	South Korea	
6636ca37-1be3-4414-a1bc-273e73e6799e	590	Yuyeon Hwang	M	M60-64	23	13:13:09	1:44:31	0:05:44	5:52:31	0:03:04	5:27:19	South Korea	
c8d28787-93d1-f011-bbd3-000d3a5b7c3b	591	KYUNGMIN KIM	M	M40-44	102	13:13:20	1:27:49	0:10:09	6:32:44	0:05:15	4:57:23	South Korea	
fcf0ea14-11c0-4527-85b4-6d0ee24e2023	592	도현 장	M	M45-49	105	13:13:56	1:22:17	0:12:23	6:15:41	0:10:15	5:13:21	South Korea	
58fac697-cbdf-f011-8544-000d3a5b7c3b	593	Junwook Lee	M	M40-44	103	13:13:59	1:52:19	0:09:18	6:23:44	0:08:29	4:40:10	South Korea	
826c9c83-e8e3-f011-8543-000d3a5b5fc7	594	SIHA LEE	M	M30-34	41	13:14:06	1:16:27	0:11:31	5:53:35	0:15:22	5:37:11	South Korea	
2b4b48b8-1b64-4a0a-b35e-52eef518ffef	595	Youngkwan Jung	M	M50-54	103	13:14:31	1:17:45	0:09:52	6:36:55	0:09:32	5:00:26	South Korea	
038378d9-93bf-ef11-b8e8-6045bd088264	596	Alyssa Song	F	F35-39	10	13:14:35	1:43:42	0:07:37	6:20:52	0:09:12	4:53:12	Canada	
b021c0e3-1954-4824-bd4f-6e638deb239d	597	Andrea Bruhin	F	F50-54	8	13:15:02	1:40:32	0:07:24	5:38:27	0:04:36	5:44:04	Switzerland	
3eac48f4-5369-f111-a826-0022480b84a3	598	youn pyo choi	M	M40-44	104	13:15:37	1:31:48	0:13:24	5:59:32	0:11:41	5:19:13	South Korea	
f734fc39-d7dc-4f29-80b8-7facd7991e6d	599	Kwang_Bo Shim	M	M50-54	104	13:15:55	1:34:44	0:10:00	6:02:33	0:08:38	5:19:59	South Korea	
20aeb1ae-fade-f011-8543-6045bd05fcc1	600	Namgyu Park	M	M45-49	106	13:16:03	1:26:24	0:12:06	5:52:07	0:09:15	5:36:12	South Korea	
369b0679-e112-f111-8406-002248046451	601	chen bai	F	F35-39	11	13:16:19	1:38:19	0:08:04	6:51:24	0:04:15	4:34:17	China	
f7684a08-5c18-f111-8341-002248046451	602	Kin Ming Simon Chan	M	M50-54	105	13:16:57	1:38:22	0:14:18	6:55:46	0:14:00	4:14:31	Hong Kong	
e1169bac-f5de-f011-8544-6045bd09951e	603	WOOSEOK CHOI	M	M40-44	105	13:16:58	1:21:50	0:04:23	5:56:14	0:06:58	5:47:34	South Korea	
1734d6ac-762e-4407-8976-ffa075f75cc5	604	Jisoo Lee	M	M40-44	106	13:17:20	1:34:53	0:11:21	6:35:38	0:07:49	4:47:38	South Korea	
481cc199-4c06-4d99-8896-c6bb300eeae0	605	Changgon Kim	M	M55-59	43	13:17:22	1:34:42	0:06:23	6:15:56	0:07:12	5:13:09	South Korea	
41e29a46-44d6-4151-839b-ded69b59f52c	606	Kazuma Tokizane	M	M50-54	106	13:17:39	1:30:05	0:08:05	6:24:07	0:10:03	5:05:20	Japan	
d39a5e5d-f190-ee11-be37-000d3a314c24	607	Dongwook Kim	M	M30-34	42	13:17:46	1:40:17	0:06:54	6:48:55	0:04:22	4:37:16	South Korea	
c59d4eda-792c-47f1-8489-165928fae565	608	Chang-Eob Cheon	M	M50-54	107	13:18:25	1:38:46	0:10:16	6:21:51	0:03:48	5:03:45	South Korea	
0d8535c0-c02f-ef11-840a-6045bd0953ac	609	HANEAL LEE	M	M40-44	107	13:18:25	1:17:40	0:08:03	6:14:27	0:06:32	5:31:44	South Korea	
2f773c25-82b0-ef11-b8e9-002248049fdc	610	Jungsoon Park	M	M45-49	107	13:19:10	1:19:28	0:07:14	6:13:37	0:09:14	5:29:37	South Korea	
aebff3e1-2fe8-ef11-8eea-002248049fdc	611	Xiaoguang Zhang	M	M35-39	80	13:19:49	1:32:34	0:09:04	6:19:23	0:11:15	5:07:32	China	
2f9f3fd3-3312-45c0-8a16-ccb244ae15b9	612	Hyeonmin Kwak	M	M45-49	108	13:20:18	1:48:51	0:08:46	6:24:12	0:06:57	4:51:32	South Korea	
1d7b6632-a0e3-f011-8544-000d3a5b7c3b	613	주성 부	M	M50-54	108	13:20:35	1:26:06	0:08:12	6:27:15	0:08:35	5:10:27	South Korea	
0b1e3c75-fdde-f011-8544-000d3a3173b5	614	Kim junhyeok	M	M30-34	43	13:21:21	1:30:53	0:10:35	6:05:50	0:09:17	5:24:45	South Korea	
e2b3aa08-c0c5-f011-bbd3-000d3a3173b5	615	Ke chen	M	M40-44	108	13:21:53	1:46:28	0:11:43	5:53:17	0:14:10	5:16:15	China	
f7081e3d-7de4-f011-8543-6045bd05fcc1	616	BORA IM	F	F40-44	12	13:23:20	1:28:38	0:08:05	6:44:04	0:08:17	4:54:15	South Korea	
5d773884-fede-f011-8544-000d3a5b7c3b	617	Do-Hyeon IM	M	M25-29	24	13:23:54	1:18:49	0:04:24	6:10:03	0:10:24	5:40:14	South Korea	
76ec0d87-e879-f011-b4cb-0022480a7385	618	Dmitrii Nechaev	M	M45-49	109	13:24:16	1:45:31	0:10:22	5:52:01	0:07:21	5:29:02	Unknown	
b1191fb1-633e-470f-8440-581ecb3f06a4	619	SUNGWUK JANG	M	M45-49	110	13:24:18	1:43:26	0:07:59	6:01:04	0:04:33	5:27:16	South Korea	
5b6c1c79-f8ca-409d-a15b-b0b0cc87003e	620	성범 박	M	M40-44	109	13:24:36	1:31:41	0:15:14	6:53:30	0:10:18	4:33:54	South Korea	
453cb796-5fe0-43ee-bb38-5feee242448b	621	Gerrie Calinawan	M	M40-44	110	13:24:42	1:17:03	0:07:22	5:54:52	0:07:24	5:58:01	Philippines	
47f4e61a-eed4-ef11-8eea-000d3a5a1803	622	김 현우	M	M55-59	44	13:24:45	1:33:24	0:10:19	6:35:43	0:06:10	4:59:09	South Korea	
e9bb0c8d-78d5-f011-8544-002248098cfa	623	James Pipoly	M	M40-44	111	13:24:52	1:24:10	0:08:57	6:10:19	0:11:26	5:30:01	United States	
6d6771b3-32b2-4c49-aec4-5d715b802df9	624	Daniel Maher	M	M45-49	111	13:25:28	1:47:36	0:08:14	5:53:53	0:06:32	5:29:12	Australia	
22ceff45-fffc-f011-8406-6045bd06566a	625	SangSoon Kang	M	M70-74	1	13:25:35	1:41:11	0:10:38	6:40:48	0:05:54	4:47:04	South Korea	
3683d4b9-08fc-f011-8406-6045bd08b1a2	626	Seon il Choi	F	F35-39	12	13:25:45	1:50:05	0:14:48	6:46:13	0:12:34	4:22:04	South Korea	
e894c754-45c2-43d9-8bfe-cbd670b31764	627	Seunghun Oh	M	M35-39	81	13:26:06	1:19:35	0:07:38	6:08:43	0:10:37	5:39:34	South Korea	
d96a0248-7e56-4eb0-a850-edb3ae257cb7	628	Kyubong Jung	M	M35-39	82	13:26:35	1:34:35	0:09:59	6:25:39	0:07:00	5:09:22	South Korea	
e784f85a-fade-f011-8544-000d3a5b7c3b	629	Lee Joo hee	F	F40-44	13	13:27:26	1:39:24	0:09:23	5:58:18	0:07:14	5:33:08	South Korea	
1b2a0e77-2814-4278-b400-9c450638dfd0	630	TAEHOON KIM	M	M50-54	109	13:27:29	1:29:50	0:13:35	6:20:14	0:10:45	5:13:05	South Korea	
aecf0080-f6de-f011-8544-0022480c097c	631	kim joo hong	M	M55-59	45	13:27:36	1:37:46	0:19:42	6:04:47	0:11:07	5:14:14	South Korea	
c88e6adf-fb59-4683-8411-0332ea22b12c	632	Yongchol Lee	M	M50-54	110	13:27:53	1:39:02	0:13:14	6:48:33	0:07:41	4:39:23	South Korea	
ce0b026a-0cdf-f011-8544-6045bd05f634	633	seongmin cho	M	M45-49	112	13:28:07	1:36:42	0:07:03	6:00:44	0:07:28	5:36:10	South Korea	
23bf5650-1fb3-4efa-bb0d-515f34b882f3	634	Gyeongyong Park	M	M60-64	24	13:28:16	1:43:48	0:07:01	6:28:31	0:04:27	5:04:28	South Korea	
b240378a-b9e3-f011-8543-000d3a5b5fc7	635	JEONGHWAN KIM	M	M30-34	44	13:28:18	1:29:37	0:10:05	6:15:20	0:11:46	5:21:31	South Korea	
faed107b-f3c0-ef11-b8e9-000d3a5a1803	636	HyeonGeun Lee	M	M30-34	45	13:29:00	1:32:40	0:08:06	6:18:07	0:11:17	5:18:50	South Korea	
9af3945b-6bfd-f011-8406-0022480b35b6	637	순영 김	F	F50-54	9	13:29:03	1:31:33	0:09:56	6:41:38	0:04:35	5:01:21	South Korea	
40fa39a3-15b4-4245-a6f7-aaeb8a88ee2c	638	Yuha Kim	F	F40-44	14	13:29:04	1:35:56	0:04:51	6:42:49	0:06:48	4:58:40	South Korea	
de6c3a09-8554-43ae-bcbe-e09480178f10	639	SUNWOO LEE	M	M35-39	83	13:29:05	1:37:56	0:12:46	6:10:37	0:06:56	5:20:49	South Korea	
a636c1ff-55e4-46c2-976d-f8abce7a854c	640	PARK INSOO	M	M45-49	113	13:29:26	1:27:50	0:12:07	6:35:40	0:06:58	5:06:51	South Korea	
c0b45175-6566-4ee4-b4a9-4811b7d450e6	641	희정 김	F	F50-54	10	13:29:47	1:45:49	0:08:15	6:20:36	0:08:07	5:06:59	South Korea	
3fce10a9-f7de-f011-8544-0022480a7385	642	백 병호	M	M50-54	111	13:30:27	1:27:51	0:18:05	6:00:15	0:15:27	5:28:50	South Korea	
de6d6a5d-66b8-49cc-bee2-ada60ed32bed	643	Juwan Ha	M	M50-54	112	13:30:40	1:30:13	0:08:16	6:14:11	0:07:09	5:30:51	South Korea	
8fa512e3-06fc-f011-8406-002248081bd6	644	MINA CHO	F	F25-29	5	13:31:11	1:27:49	0:11:40	6:55:10	0:05:50	4:50:42	South Korea	
845ee6f4-b610-f111-8406-002248046451	645	Minpyo Oh	M	M35-39	84	13:31:12	1:42:03	0:08:05	7:12:01	0:05:20	4:23:43	South Korea	
3ac73660-7173-4cfa-b25e-10d883e7498d	646	Sangmin Park	M	M45-49	114	13:31:46	1:48:59	0:06:46	6:09:17	0:10:14	5:16:29	South Korea	
c9540a0d-0bc0-ef11-b8e8-6045bd018d16	647	Dong il Kim	M	M45-49	115	13:31:51	1:31:18	0:08:17	6:06:06	0:04:23	5:41:47	South Korea	
da95258b-0ab8-44fc-8aee-f111f9e25175	648	Okhyun Yoon	M	M55-59	46	13:32:04	1:30:01	0:13:16	6:08:55	0:06:38	5:33:13	South Korea	
fb481ee1-29c9-4962-a5a8-86f3c60a5a61	649	Jin Bae Lee	M	M45-49	116	13:32:17	1:31:39	0:08:03	6:39:48	0:07:15	5:05:32	South Korea	
e9cf1d3d-a818-4d37-ad2e-328e07ff4e9c	650	Byungkil Kim	M	M45-49	117	13:32:45	1:29:58	0:07:51	6:19:56	0:06:03	5:28:58	South Korea	
89ebf87d-1ea3-472d-879b-26adbba314c2	651	Oh Jun Kwon	M	M45-49	118	13:32:50	1:32:56	0:06:52	6:59:51	0:04:34	4:48:36	South Korea	
7ede7883-de7a-424c-acef-520e6508156c	652	Chun Keung Lee	M	M55-59	47	13:33:13	1:31:55	0:14:26	6:44:51	0:06:44	4:55:16	Hong Kong	
d53b7fc7-fd05-f111-8406-6045bd06566a	653	Michael Hyde	M	M30-34	46	13:34:39	1:28:29	0:13:10	6:11:30	0:10:03	5:31:28	United States	
649e6ba4-b5df-f011-8544-000d3a5b7c3b	654	Jeremy Yang	M	M25-29	25	13:34:48	1:31:17	0:08:41	6:04:49	0:09:31	5:40:30	South Korea	
e3a6bdfb-f2de-f011-8544-000d3a5b50ba	655	Jang Hyun	M	M40-44	112	13:34:59	1:31:45	0:13:45	5:44:00	0:12:41	5:52:49	South Korea	
8f869a0a-08fc-f011-8406-0022480a5755	656	Kwangjin Kim	M	M45-49	119	13:35:30	1:25:14	0:12:36	6:07:23	0:11:52	5:38:26	South Korea	
8e288b12-f2ed-4ede-aa13-f854a7c2a7fa	657	慧菁 浦	F	F30-34	14	13:35:40	1:38:21	0:07:45	6:18:36	0:04:34	5:26:23	China	
37bb0576-e591-42f4-8b46-bb8faa582a48	658	seungyong Ji	M	M35-39	85	13:35:46	1:39:03	0:10:19	6:39:38	0:11:50	4:54:57	South Korea	
f57352b9-fec9-4590-a2cb-cf35321e482c	659	Hyukdong Kim	M	M65-69	9	13:35:52	1:30:41	0:08:01	6:15:26	0:03:49	5:37:55	South Korea	
bc592aa0-6cba-46cd-8ab5-c11a5a55eaa2	660	Hyeji Kang	F	F35-39	13	13:36:05	1:43:41	0:06:30	6:31:11	0:06:07	5:08:35	South Korea	
68f2c131-831a-4072-a6e7-4c312880cd0b	661	Soonkook Kang	M	M50-54	113	13:36:57	1:36:41	0:12:42	6:22:04	0:05:52	5:19:37	South Korea	
c6819a10-fae7-ee11-904d-000d3a314d17	662	Chung Ho Yi	M	M35-39	86	13:37:20	1:30:51	0:11:43	6:13:45	0:05:41	5:35:20	Hong Kong	
a6b7844c-0ffc-f011-8406-0022480b35b6	663	seongyong moon	M	M50-54	114	13:37:24	1:29:05	0:08:07	6:59:01	0:04:07	4:57:04	South Korea	
9310f615-0701-f111-8406-002248081bd6	664	Kwon Hyojune	M	M35-39	87	13:38:29	1:39:31	0:06:41	6:10:12	0:04:36	5:37:30	South Korea	
71e63c47-6dd1-ef11-8ee9-6045bd018d16	665	junyup kim	M	M50-54	115	13:39:09	1:36:50	0:09:01	6:36:56	0:07:46	5:08:35	South Korea	
db5ec5ad-4c40-43f6-87fe-06f76b07a467	666	재홍 정	M	M50-54	116	13:39:13	1:27:34	0:09:45	6:15:58	0:06:51	5:39:05	South Korea	
af5354b4-7bcb-4faa-84a0-254732d8f881	667	규현 황	M	M55-59	48	13:39:13	1:42:28	0:10:00	6:31:24	0:13:37	5:01:44	South Korea	
694d0a2a-aafc-f011-8406-0022480b84a3	668	Lee Jongchan	M	M40-44	113	13:39:35	1:36:47	0:11:05	6:46:27	0:14:11	4:51:05	South Korea	
25703cd3-f4c0-ef11-b8e8-000d3a5ae96c	669	CHUN SIG KIM	M	M65-69	10	13:40:14	1:33:28	0:09:30	6:16:43	0:09:41	5:30:52	South Korea	
0c6e8da4-0d17-4951-85c6-ecd712bd553a	670	sumi kang	F	F55-59	5	13:40:28	1:50:54	0:07:53	6:37:52	0:04:53	4:58:56	South Korea	
3b61506d-99e3-44bd-8c72-79e3b4f75c74	671	Gyeongseop Gwak	M	M60-64	25	13:40:29	1:25:08	0:07:19	5:31:42	0:07:11	6:29:09	South Korea	
d915df45-8e9c-ee11-be37-000d3a31406e	672	병규(BYOUNGKUE) 전(JEON)	M	M50-54	117	13:40:52	1:23:23	0:10:03	7:02:30	0:10:30	4:54:26	South Korea	
2785d57f-aaef-f011-8407-0022480a3d1e	673	Joe Gerdes	M	M35-39	88	13:41:29	1:15:46	0:09:24	6:04:20	0:16:56	5:55:04	United States	
33ce5e88-76ed-4ccf-b3b6-394c0ee38df8	674	Ho Chul Lee	M	M45-49	120	13:41:31	1:24:44	0:06:06	5:52:59	0:05:24	6:12:19	South Korea	
c6a3aa91-d9df-f011-8544-000d3a3173b5	675	지우 김	F	F40-44	15	13:41:45	1:47:35	0:10:24	6:25:56	0:05:39	5:12:11	South Korea	
8b5e82f7-eec0-ef11-b8e9-000d3a5a1803	676	Sang Myeong Ko	M	M30-34	47	13:41:47	1:43:32	0:08:53	6:58:07	0:05:29	4:45:46	South Korea	
0823f608-9c59-f111-bec7-0022480994c2	677	Keum Dong Kuk	M	M55-59	49	13:42:29	1:53:57	0:14:09	6:27:18	0:04:59	5:02:05	South Korea	
47b06c15-e7dd-4a73-881c-0ce65816e956	678	JinBong Jung	M	M50-54	118	13:42:42	1:47:00	0:07:59	6:27:24	0:05:11	5:15:08	South Korea	
65596d9a-b11a-4045-b978-608d3159bda2	679	Chia-Ching Wu	M	M50-54	119	13:43:02	1:30:06	0:10:37	5:53:36	0:06:30	6:02:13	Taiwan	
9a240349-aa36-4a45-bd6c-a5e227ef24a8	680	호경 한	M	M55-59	50	13:43:03	1:57:30	0:13:20	6:25:09	0:09:24	4:57:41	South Korea	
6530d3d4-c902-f111-8406-002248081bd6	681	youngae Kim	F	F55-59	6	13:43:09	1:36:48	0:11:19	6:45:51	0:06:33	5:02:38	South Korea	
3b28765c-7057-4a33-a54f-38704831ef4b	682	Hoyoung Lee	M	M60-64	26	13:43:13	1:21:32	0:06:04	6:27:28	0:04:21	5:43:48	South Korea	
f8226449-f4de-f011-8543-000d3a5b5fc7	683	Jaenam Lee	M	M35-39	89	13:43:44	1:32:01	0:10:52	7:16:36	0:05:58	4:38:17	South Korea	
afab6ea3-19d2-ef11-8eea-002248049fdc	684	Hwang Sungmo	M	M40-44	114	13:43:53	1:42:22	0:14:53	6:40:43	0:08:57	4:56:57	South Korea	
a8954d60-9e6f-f111-ab0d-6045bd08b1a2	685	dongwoo kim	M	M30-34	48	13:44:22	1:39:32	0:09:52	6:43:22	0:05:44	5:05:51	South Korea	
c6f83d7c-b958-f111-bec7-002248046ec8	686	Dong-hoon Kang	M	M50-54	120	13:44:54	1:44:47	0:15:31	6:17:28	0:12:42	5:14:24	South Korea	
42db25bc-dbd8-4732-8d56-73f0d2242e8c	687	현석 김	M	M45-49	121	13:45:22	1:32:12	0:08:17	6:21:38	0:05:36	5:37:39	South Korea	
cc498b0e-40e5-ef11-8eea-6045bd088264	688	영호 권	M	M40-44	115	13:45:58	1:42:09	0:12:05	6:18:36	0:10:51	5:22:17	South Korea	
e1c0f102-fbde-f011-8544-000d3a5b7c3b	689	taewoo kim	M	M55-59	51	13:46:02	1:51:43	0:08:42	6:18:38	0:08:30	5:18:30	South Korea	
3c0a1c66-6fc4-4484-91ea-81e40656ea79	690	Chanhong Han	M	M55-59	52	13:46:17	2:05:41	0:07:46	6:21:34	0:05:53	5:05:24	South Korea	
ddb39067-fdde-f011-8544-0022480a7385	691	dongyeop shin	M	M45-49	122	13:46:45	1:59:53	0:09:28	7:01:36	0:08:00	4:27:48	South Korea	
8ca36eb2-6b97-4419-8a3b-e7a1785aaea9	692	Hansun Choi	M	M55-59	53	13:47:00	1:33:43	0:08:08	6:38:43	0:03:44	5:22:43	South Korea	
d7de951b-9e6e-f111-ab0d-0022480b35b6	693	DAVID RICARDO PEREZ RODRIGUEZ	M	M35-39	90	13:47:04	1:26:42	0:06:07	5:51:14	0:05:56	6:17:05	Colombia	
ad3f4d76-d8d3-f011-8544-000d3a5b50ba	694	KIM SEOK-MIN	M	M50-54	121	13:47:38	1:34:54	0:09:29	6:43:12	0:08:07	5:11:56	South Korea	
c2424342-447b-48ac-8b2b-1c2d007cb0be	695	Byungwon Jin	M	M50-54	122	13:47:41	1:41:39	0:19:19	6:49:39	0:08:33	4:48:30	South Korea	
e7947c25-3674-f111-ab0f-0022480b35b6	696	LIM Munchae	M	M60-64	27	13:48:07	1:29:33	0:15:07	6:21:09	0:11:35	5:30:43	South Korea	
a9cb7eba-fda3-41d7-8769-2437600192be	697	Daeyoung Park	M	M50-54	123	13:48:19	2:10:56	0:12:30	6:37:38	0:06:36	4:40:39	South Korea	
86e5b691-88bc-4520-996f-8282d59bc0ed	698	SANGHO CHANG	M	M50-54	124	13:48:24	1:21:34	0:09:38	6:56:33	0:11:30	5:09:09	South Korea	
7b198c47-9d96-4dfa-8429-c7c278785eb4	699	Jaeseok Hwang	M	M40-44	116	13:48:30	1:16:21	0:06:28	6:30:41	0:06:50	5:48:10	South Korea	
c0125ac1-36fe-f011-8406-000d3a5d40b5	700	SEUNGGU LEE	M	M40-44	117	13:48:37	1:24:06	0:05:57	7:20:37	0:07:29	4:50:28	South Korea	
b7682f20-00df-f011-8543-6045bd05fcc1	701	JINCHEOL LEE	M	M40-44	118	13:48:42	1:29:31	0:08:01	6:03:24	0:09:53	5:57:53	South Korea	
56b66ed2-3ffb-f011-8406-0022480994c2	702	SUNWOO LEE	M	M30-34	49	13:48:49	1:34:00	0:12:06	6:34:28	0:08:05	5:20:10	South Korea	
da3a44c6-884b-48c0-91f5-1057e1af3344	703	성진 송	M	M45-49	123	13:48:53	1:34:26	0:12:22	6:40:31	0:07:15	5:14:18	South Korea	
5193bc6a-2f89-43ad-8a09-79d5a3598508	704	Dong Gi Kim	M	M50-54	125	13:49:07	1:47:38	0:16:32	6:01:25	0:07:35	5:35:57	South Korea	
b6668a69-eaa4-46b1-aedc-1186178846c9	705	Cheolkyoung Park	M	M55-59	54	13:49:10	1:54:48	0:10:45	6:23:17	0:07:26	5:12:53	South Korea	
4ef5e5fe-be61-4722-b66f-8527ddc0455f	706	Junghwa Baek	F	F50-54	11	13:49:26	1:22:55	0:07:59	6:00:21	0:06:56	6:11:16	South Korea	
7843e4a8-fa72-4a93-891d-531a7d19d412	707	Jooshin Park	M	M50-54	126	13:49:38	1:34:58	0:13:29	6:29:24	0:08:12	5:23:35	South Korea	
6c1989ed-48bf-ef11-b8e8-000d3a5a403c	708	Jonghyuk Lee	M	M40-44	119	13:49:44	1:27:06	0:12:07	6:48:14	0:08:53	5:13:24	South Korea	
8a5c1d5e-c6ae-4f93-8d19-c4e045dec4b0	709	Mon Dimalanta	M	M40-44	120	13:49:47	1:27:54	0:08:11	6:24:54	0:05:47	5:43:00	Philippines	
a77b89ec-be79-ed11-81ad-000d3a314c24	710	Youngkwan Ahn	M	M50-54	127	13:49:59	1:18:14	0:08:53	6:34:55	0:07:15	5:40:42	South Korea	
f9f6ac77-4b92-ee11-be37-000d3a31406e	711	Sangphil Cho	M	M50-54	128	13:50:05	2:05:22	0:07:55	5:43:47	0:07:44	5:45:17	South Korea	
0e4479f0-d4d4-f011-8544-000d3a5cf7d8	712	QINGTONG XU	F	F30-34	15	13:50:11	1:52:14	0:08:09	6:28:14	0:08:54	5:12:40	China	
de9cc6fa-e535-f011-8c4e-000d3a35ffc1	713	CHUL HOI JEONG	M	M60-64	28	13:50:14	1:41:09	0:11:23	6:22:39	0:08:42	5:26:21	South Korea	
4e45eb59-9ae7-ef11-8eea-000d3a5a1803	714	jae wang an	M	M35-39	91	13:51:23	1:39:24	0:05:41	6:43:19	0:05:19	5:17:40	South Korea	
aaf60f56-b0dc-f011-8543-000d3a5b5fc7	715	현진 이	M	M35-39	92	13:51:45	1:40:24	0:11:36	6:31:43	0:05:27	5:22:35	South Korea	
d64ec4dc-f5a9-4a8a-a005-f15d1cba37fb	716	Jeongmi Moon	F	F50-54	12	13:52:10	1:29:31	0:07:12	7:29:42	0:03:58	4:41:47	South Korea	
478dc6d6-9fca-46a5-b069-99b52b0dec72	717	종훈 박	M	M45-49	124	13:52:28	1:43:14	0:08:01	6:01:37	0:09:52	5:49:44	South Korea	
deebfbde-9ccb-4858-9c90-d2a49039e19f	718	Junghun Lee	M	M50-54	129	13:52:44	1:24:26	0:09:22	6:18:27	0:06:38	5:53:51	South Korea	
75f8a31e-1e5e-40bc-8e9a-55ff94e38f98	719	Byoung Hoi Kim	M	M55-59	55	13:52:53	1:42:23	0:06:09	5:50:02	0:08:02	6:06:17	South Korea	
39739ad3-4457-f111-bec7-002248046ec8	720	seolyeong kim	F	F30-34	16	13:52:56	1:32:48	0:18:27	6:46:03	0:08:33	5:07:04	South Korea	
552cbaa3-056f-f111-ab0d-0022480b35b6	721	jaeho pyo	M	M35-39	93	13:53:29	1:14:53	0:06:05	6:50:13	0:08:17	5:34:00	South Korea	
74257cd0-a1f7-40a3-afa2-a4d713d517c4	722	Jea Hun Lee	M	M30-34	50	13:53:41	1:26:36	0:10:23	6:54:58	0:11:03	5:10:41	South Korea	
c6d5edac-6fe0-f011-8544-000d3a3173b5	723	Myeongjin Kang	M	M30-34	51	13:53:51	1:26:49	0:09:27	6:19:46	0:04:58	5:52:51	South Korea	
42601b44-c7af-4719-a677-1a61b28feabb	724	Donghoon Lee	M	M35-39	94	13:54:18	1:26:24	0:07:17	6:43:59	0:09:27	5:27:11	South Korea	
3d9fc533-b1c7-e911-a986-000d3a35f53a	725	Andy Tai	M	M50-54	130	13:54:31	1:22:49	0:05:32	5:47:14	0:07:28	6:31:27	Hong Kong	
8b292d2b-6a6c-f111-ab0d-6045bd06566a	726	seok ju lee	M	M60-64	29	13:54:40	1:44:33	0:15:00	6:58:52	0:07:07	4:49:07	South Korea	
3b502f66-cac0-ef11-b8e8-000d3a5ae96c	727	Yongchae Jeong	M	M50-54	131	13:56:05	1:31:26	0:11:22	7:05:59	0:10:26	4:56:53	South Korea	
962c356f-f3de-f011-8544-002248098cfa	728	byoungjong kim	M	M45-49	125	13:56:34	1:26:28	0:09:52	6:52:23	0:11:42	5:16:09	South Korea	
0a8f61cc-2e8d-40f1-b963-c18c449d8b13	729	Hing Lung Tsang	M	M45-49	126	13:56:55	1:55:02	0:08:45	6:57:44	0:07:34	4:47:50	Hong Kong	
cc18b9d2-2ddf-f011-8543-6045bd05fcc1	730	수아 김	F	F45-49	10	13:58:24	1:49:14	0:12:00	6:37:20	0:04:45	5:15:05	South Korea	
23a0a064-1948-f011-877a-0022480c097c	731	Eunmi Choi	F	F50-54	13	13:58:49	1:29:41	0:19:34	6:32:44	0:11:54	5:24:56	South Korea	
f832b410-88fd-418b-8a57-bfdf5db1c998	732	lee hae seong	M	M55-59	56	13:59:28	1:27:42	0:21:10	6:01:54	0:12:43	5:55:59	South Korea	
d152f162-e215-4664-be49-8906b93cf58d	733	Yew Zhong Wong	M	M18-24	8	13:59:43	1:35:06	0:04:28	6:53:43	0:05:04	5:21:22	Singapore	
2842e368-f2de-f011-8544-002248098cfa	734	Seungwon Ko	M	M35-39	95	13:59:48	1:11:15	0:05:11	6:53:02	0:11:56	5:38:23	South Korea	
5ccef2a6-f800-f111-8406-0022480b84a3	735	na namgyun	M	M50-54	132	14:00:11	1:34:15	0:12:01	6:54:35	0:07:00	5:12:20	South Korea	
96f6fa53-ab81-ed11-81ad-000d3a31406e	736	Hong Joo Kang	M	M50-54	133	14:01:14	1:33:46	0:07:30	6:00:55	0:06:20	6:12:43	South Korea	
c81df5e7-1e11-f111-8406-0022480b88da	737	kyedong kim	M	M40-44	121	14:01:26	1:41:24	0:12:18	6:45:37	0:10:39	5:11:27	South Korea	
57b844c3-f2c0-ef11-b8e9-002248049fdc	738	Jinsoo Ha	M	M45-49	127	14:01:33	1:48:31	0:13:51	6:32:00	0:10:51	5:16:20	South Korea	
0d246174-dcde-f011-8543-000d3a5b5fc7	739	Kim Yeongseok	M	M50-54	134	14:01:33	1:46:37	0:10:15	6:33:00	0:14:30	5:17:11	South Korea	
d6fda86d-fade-f011-8544-000d3a5cf7d8	740	SEONGSOO JIN	M	M60-64	30	14:01:38	1:49:37	0:12:25	6:27:39	0:07:43	5:24:16	South Korea	
5690ef40-d679-ed11-81ad-000d3a31406e	741	Kyeong Min Cho	M	M30-34	52	14:01:45	1:40:21	0:06:52	6:57:01	0:05:10	5:12:20	South Korea	
6f48ef80-33df-f011-8544-000d3a35ffc1	742	SUNG JIN YANG	M	M50-54	135	14:01:52	1:37:21	0:07:46	6:31:16	0:08:04	5:37:26	South Korea	
6dc495a9-f7de-f011-8544-6045bd05f634	743	boram Kim	M	M40-44	122	14:02:37	1:46:39	0:07:43	7:10:20	0:06:16	4:51:39	South Korea	
2ef46ae2-3fbd-f011-bbd3-000d3a35ffc1	744	Nicholas Park	M	M50-54	136	14:02:58	2:02:58	0:11:43	6:09:08	0:12:48	5:26:22	United States	
3671c3ee-2adf-f011-8544-000d3a5cf7d8	745	SeongMin Ko	M	M30-34	53	14:03:07	1:46:01	0:14:51	5:54:44	0:11:50	5:55:41	South Korea	
e83f3524-dd36-f111-88b3-6045bd06566a	746	eunsoon park	F	F55-59	7	14:03:25	1:35:21	0:14:37	7:01:10	0:07:29	5:04:47	South Korea	
1fb2ef2e-56a2-436d-8434-0c1a42cd53e0	747	Eunbyul Koh	F	F30-34	17	14:03:30	1:35:36	0:15:41	6:47:55	0:15:29	5:08:49	South Korea	
3237a560-e850-48f1-80d1-d2686a88c5cf	748	Kiyang Heo	M	M55-59	57	14:03:31	1:34:35	0:11:51	6:30:29	0:07:18	5:39:17	South Korea	
44444d2d-b60a-492b-bfe8-1dc4c297be09	749	daejin kim	M	M40-44	123	14:03:36	1:25:53	0:12:37	6:34:32	0:07:53	5:42:40	South Korea	
9cef230b-bd29-47d2-a1e2-fab2b5eef54e	750	Hoonsung Lee	M	M55-59	58	14:03:48	1:55:44	0:11:00	6:17:02	0:08:44	5:31:18	South Korea	
af80c502-8b9a-4c4b-af46-e2f5b8dbf431	751	상인 이	M	M45-49	128	14:04:20	1:33:41	0:09:38	7:03:24	0:05:58	5:11:38	South Korea	
4a5ba6c1-f7de-f011-8544-0022480a7385	752	Myunghoon Yoo	M	M45-49	129	14:04:33	1:33:13	0:13:27	6:53:15	0:12:21	5:12:18	South Korea	
d8bd2caa-9b3c-438e-a4a5-3a0921b3c721	753	Soon Gyoo Ahn	M	M50-54	137	14:04:51	1:38:49	0:15:02	7:05:47	0:08:27	4:56:46	South Korea	
a7e00f7c-9a07-f111-8406-7ced8d3c89d9	754	Andrew Hammond	M	M25-29	26	14:05:24	1:24:46	0:12:09	7:23:07	0:07:59	4:57:23	United States	
04c9d520-bdd0-477b-9476-1504ec83c8c3	755	Hee Kyung Kwak	F	F50-54	14	14:05:26	1:48:56	0:11:39	6:41:20	0:07:27	5:16:04	South Korea	
b84f1a97-d2ad-ed11-aad1-000d3a31458d	756	Kim Hyunwoo	M	M50-54	138	14:06:08	1:18:05	0:05:46	6:03:24	0:09:23	6:29:30	South Korea	
8202627e-7a76-44fe-af97-a48a7c06a14f	757	Eiji Noguchi	M	M55-59	59	14:06:33	1:39:03	0:06:51	6:43:54	0:06:52	5:29:53	Japan	
1af2f4d8-a014-f111-8341-0022480b35b6	758	JINHAO MA	M	M40-44	124	14:07:05	1:46:07	0:08:38	6:28:27	0:05:20	5:38:33	China	
4a11f5c5-a837-4a0a-af03-94fb76cba5f1	759	Teaksang Ryu	M	M65-69	11	14:07:10	1:43:31	0:14:37	6:27:55	0:09:02	5:32:04	South Korea	
1c7a2d23-e0b7-4e89-97ed-7f5046046a62	760	Marvin Espino	M	M55-59	60	14:07:27	1:43:08	0:07:58	6:10:43	0:02:59	6:02:39	United States	
379d7b5c-61a8-4aa4-8e2f-2da415e2d3a7	761	Tae Dong Noh	M	M55-59	61	14:07:53	1:38:40	0:16:23	6:38:58	0:17:37	5:16:14	South Korea	
c7b02dc0-53c4-45dd-a482-da98cad08f67	762	Seung Hwan Kim	M	M55-59	62	14:08:11	2:11:32	0:08:00	6:27:53	0:04:59	5:15:47	South Korea	
e65dbc6d-fdde-f011-8544-000d3a3173b5	763	Chihoon Lee	M	M40-44	125	14:08:22	1:27:41	0:07:49	6:21:24	0:08:52	6:02:35	South Korea	
89bb1a21-122f-ef11-840a-6045bd0953ac	764	Ki Han Lee	M	M45-49	130	14:08:36	1:31:04	0:10:25	6:17:48	0:10:21	5:58:58	South Korea	
99eb481a-c57f-41be-8b33-97929985074f	765	Youngkyu Kim	M	M55-59	63	14:08:39	1:34:25	0:14:34	6:42:05	0:10:26	5:27:09	South Korea	
15afe8ee-6711-4ebe-b06a-74caefaab25a	766	Seok-Hoon Kang	M	M50-54	139	14:08:54	1:32:15	0:10:46	6:48:03	0:13:53	5:23:57	South Korea	
e7a0d827-f8c8-483a-bce0-7bc9be1d093c	767	Jurgen Freier	M	M60-64	31	14:09:10	1:36:47	0:08:38	6:21:29	0:10:08	5:52:09	Germany	
ede5d226-2be5-f011-8544-6045bd05f634	768	CHIHUN JO	M	M50-54	140	14:10:03	1:31:26	0:11:34	6:45:01	0:06:54	5:35:08	South Korea	
c5f93d31-0afc-f011-8406-6045bd08b1a2	769	희범 이	M	M40-44	126	14:11:58	1:27:17	0:12:35	7:29:23	0:09:52	4:52:50	South Korea	
7c7d71fb-5fc3-ef11-b8e8-6045bd018d16	770	JEONGHO LEE	M	M45-49	131	14:12:24	1:23:46	0:08:15	6:09:59	0:09:44	6:20:39	South Korea	
01cce710-dcc0-ef11-b8e8-6045bd018d16	771	yeonghwa Cho	M	M30-34	54	14:12:50	1:49:02	0:12:26	6:21:36	0:08:25	5:41:21	South Korea	
04735bb8-1eb3-4dde-bfe2-36423f244c93	772	Sung-Hwan Kwon	M	M65-69	12	14:12:59	1:33:00	0:14:14	6:21:02	0:06:08	5:58:36	South Korea	
7657e0f9-e863-47e7-a36e-e84545cbbf40	773	효범 권	M	M60-64	32	14:13:22	1:51:29	0:09:00	6:06:34	0:05:56	6:00:24	South Korea	
17348204-3023-4a2f-880c-69c94e827d68	774	Junho Lee	M	M45-49	132	14:13:26	1:31:32	0:06:25	6:04:18	0:08:21	6:22:49	South Korea	
6575b258-9e96-4945-8fcc-0b119e0f11e2	775	Sang Kyu Jang	M	M50-54	141	14:14:22	1:38:53	0:06:36	6:40:35	0:04:26	5:43:52	South Korea	
bf3084da-05fc-f011-8406-0022480b88da	776	JONG BAE PARK	M	M55-59	64	14:14:24	1:30:14	0:15:43	6:58:07	0:11:12	5:19:08	South Korea	
3876eb51-efc0-ef11-b8e8-000d3a5ae96c	777	JAMIN kim	M	M40-44	127	14:15:20	1:48:17	0:14:36	6:17:07	0:07:13	5:48:07	South Korea	
ca5136eb-0957-427c-80a9-c01b168ebc0b	778	JUSEON KIM	M	M60-64	33	14:15:35	1:35:03	0:11:27	6:50:46	0:11:07	5:27:12	South Korea	
ab9d3611-a849-f111-bec6-002248046451	779	성훈 유	M	M55-59	65	14:15:40	1:48:29	0:09:36	7:04:16	0:07:21	5:05:57	South Korea	
08f5e8cd-4727-f011-8c4d-000d3a5b7c3b	780	Narkes Bokhanov	M	M30-34	55	14:16:22	1:38:41	0:11:37	6:52:42	0:08:35	5:24:47	Kazakhstan	
603506e3-83cd-48a4-86b5-ecb8c4d6efcb	781	Richard Evans	M	M50-54	142	14:17:02	1:42:46	0:08:01	7:10:34	0:04:52	5:10:49	Australia	
8f0cb387-511b-f011-998a-6045bd05fcc1	782	JUNHA SONG	M	M40-44	128	14:17:06	1:29:03	0:15:36	6:23:54	0:10:51	5:57:42	South Korea	
f3c97cce-08fc-f011-8406-0022480994c2	783	형진 강	M	M45-49	133	14:17:34	1:29:23	0:07:59	7:09:53	0:06:58	5:23:21	South Korea	
3ee3f932-7f55-f011-877b-000d3a5cf7d8	784	이 은희	F	F45-49	11	14:17:41	2:05:58	0:09:08	6:23:37	0:05:57	5:33:02	South Korea	
8e70e060-3e33-43c3-9b77-5d622be6f27c	785	Seonghwan Hwang	M	M70-74	2	14:17:57	1:40:53	0:10:40	7:05:18	0:07:23	5:13:43	South Korea	
43be260f-6ac3-4f45-8a93-4c5c68533f77	786	Jong-Jin Lee	M	M60-64	34	14:18:12	1:29:26	0:11:14	6:11:16	0:06:17	6:19:59	South Korea	
8129a53c-b478-4025-a2e2-7d06767b7500	787	Seung Hun Han	M	M40-44	129	14:19:11	1:31:30	0:09:01	6:23:50	0:04:46	6:10:04	South Korea	
eac1de1e-ddfb-f011-8406-0022480994c2	788	Je seung Lee	M	M30-34	56	14:19:23	1:47:08	0:13:43	7:29:27	0:09:38	4:39:27	South Korea	
b6233741-bd96-4243-aaa6-66d320d54c9e	789	Rodrigo Bonggao	M	M45-49	134	14:19:53	1:39:02	0:07:34	6:39:47	0:05:05	5:48:24	Philippines	
d9006d80-44dd-486c-a5fd-e9ed2501076b	790	Lawrence Maliwat	M	M35-39	96	14:20:00	1:37:53	0:12:47	6:43:52	0:06:49	5:38:39	Philippines	
29e356a8-17fc-4cb0-879f-56db2ea9c2fb	791	Sang Myeong Lee	M	M55-59	66	14:21:42	1:55:30	0:07:31	6:24:32	0:11:13	5:42:55	South Korea	
9891af67-0ee9-4283-ba78-b6ea3ff9fba5	792	Narendra Avasthi	M	M50-54	143	14:23:19	1:51:04	0:17:27	7:16:53	0:14:36	4:43:20	India	
45cca124-609f-4e23-bfa4-7d155dd8eb7d	793	Zhuangye WANG	M	M40-44	130	14:23:21	1:30:29	0:09:36	5:56:16	0:10:31	6:36:30	China	
09e74324-f611-f111-8406-6045bd06566a	794	SUNG SOO KIM	M	M30-34	57	14:23:25	1:07:19	0:10:26	6:27:39	0:12:56	6:25:06	South Korea	
2ce89166-6f73-f111-ab0f-7c1e528d5074	795	희선 임	F	F55-59	8	14:23:57	1:45:54	0:20:23	7:23:00	0:08:44	4:45:56	South Korea	
3c1412ae-8055-4eb8-beb6-9100778be6c6	796	Han Dongho	M	M50-54	144	14:23:58	1:30:30	0:14:21	6:44:38	0:17:16	5:37:13	South Korea	
ee8e31d6-eec0-ef11-b8e9-000d3a5a1803	797	JaeHoon Yoon	M	M30-34	58	14:24:13	1:59:53	0:12:59	6:16:32	0:07:18	5:47:30	South Korea	
6daef6a1-9f37-41f8-88e4-72f7af275d54	798	미숙 이	F	F50-54	15	14:25:31	1:25:15	0:10:13	6:50:16	0:04:50	5:54:58	South Korea	
24358577-0389-ed11-81ad-000d3a31458d	799	Eun Ju Choi	F	F45-49	12	14:25:54	1:54:18	0:08:45	6:58:17	0:07:09	5:17:25	South Korea	
32c3c207-edc1-ef11-b8e8-000d3a5a403c	800	Seungyoul Yoo	M	M45-49	135	14:26:29	1:24:47	0:18:19	6:46:53	0:16:29	5:40:01	South Korea	
f2b383f0-e5c1-ef11-b8e8-000d3a5a403c	801	Minkyung Jeong	F	F40-44	16	14:26:36	1:30:16	0:12:54	6:47:00	0:16:23	5:40:02	South Korea	
962ad619-8a75-ea11-a811-000d3a5a1bfb	802	zhu haisheng	M	M45-49	136	14:27:27	1:57:27	0:08:02	5:59:45	0:07:03	6:15:11	China	
14c7a61d-d2f5-4cd8-a7b3-e251d5899d45	803	의수 송	M	M50-54	145	14:27:28	1:29:38	0:10:48	6:55:41	0:05:13	5:46:08	South Korea	
0f9b5bc9-f50d-4ddd-8d2b-f37049f6fffe	804	지호 서	M	M35-39	97	14:27:41	1:48:06	0:09:18	6:51:45	0:07:26	5:31:06	South Korea	
049bf76a-255b-4f07-a26c-bc531d8faf29	805	찬일 정	M	M45-49	137	14:28:59	1:44:56	0:09:30	6:00:07	0:04:19	6:30:08	South Korea	
d4037531-b6dc-ef11-8eea-002248049fdc	806	SeokHwan Kim	M	M25-29	27	14:29:13	1:39:20	0:07:15	6:16:42	0:08:18	6:17:38	South Korea	
b11075d3-36b5-4b74-ae08-e7c6075ca6e9	807	금숙 황	F	F50-54	16	14:30:03	1:35:40	0:14:11	6:49:00	0:10:21	5:40:51	South Korea	
c907938d-f812-488d-9f03-46a746f46dd4	808	Yangho Kim	M	M60-64	35	14:30:11	1:51:26	0:16:42	6:31:58	0:08:56	5:41:09	South Korea	
e20fe38f-4acd-4c32-a7cf-e2b144c10c4c	809	Doo Gon Yu	M	M45-49	138	14:30:52	2:00:40	0:15:27	6:04:30	0:06:41	6:03:34	South Korea	
5e687d96-13fc-f011-8406-0022480a5755	810	Ayane Jige	F	F18-24	1	14:32:07	1:25:14	0:16:52	7:02:47	0:12:10	5:35:04	Japan	
b92c9d48-ca6f-f111-ab0d-0022480994c2	811	JAEYUN KIM	M	M18-24	9	14:32:15	1:38:01	0:08:49	6:46:16	0:08:06	5:51:03	South Korea	
c0dc974b-ccc0-ef11-b8e8-6045bd088264	812	jieun lee	F	F45-49	13	14:32:43	1:49:50	0:10:15	7:14:35	0:05:41	5:12:22	South Korea	
bf0da9ee-0cdf-f011-8544-6045bd09951e	813	Hanhee Lee	M	M50-54	146	14:33:27	1:29:00	0:09:04	6:40:08	0:20:18	5:54:55	North Korea	
47b50bbc-14fc-f011-8406-0022480a5755	814	Chil Sung Youn	M	M50-54	147	14:33:42	1:38:18	0:11:19	7:11:05	0:05:14	5:27:46	South Korea	
23f22727-fadd-4d8f-b036-786d85e2e27c	815	Eonyong Ryu	M	M60-64	36	14:34:06	1:38:39	0:14:31	6:58:20	0:13:08	5:29:29	South Korea	
946d4e06-a0b3-f011-bbd3-6045bd05fcc1	816	Nicholas Kai Pong Liu	M	M30-34	59	14:34:27	1:29:06	0:07:11	7:28:22	0:06:13	5:23:34	Malaysia	
17e0f4e7-896f-f111-ab0d-0022480a5755	817	Jae Won Lee	M	M40-44	131	14:35:01	1:46:18	0:10:10	7:09:06	0:09:02	5:20:24	South Korea	
747d9bfe-9b6e-f111-ab0d-0022480994c2	818	Junghwan Lee	M	M40-44	132	14:36:13	1:58:53	0:11:42	6:50:20	0:05:07	5:30:10	South Korea	
a314c9ac-226f-49b8-a5db-86c223cea520	819	Sinyoung Hong	M	M55-59	67	14:36:30	1:56:38	0:06:58	7:14:02	0:04:44	5:14:06	South Korea	
1a8e5293-091f-4d7c-b809-1496ceb37f4d	820	Jinsuk Heo	M	M45-49	139	14:36:31	1:17:39	0:09:58	7:09:17	0:08:37	5:51:00	South Korea	
62247211-c836-442d-9086-e269b8295211	821	Sukhwan Yun	M	M30-34	60	14:37:45	1:38:33	0:15:24	6:56:53	0:11:17	5:35:39	South Korea	
1ddba9b5-52fc-f011-8406-0022480994c2	822	Xingpeng SONG	M	M55-59	68	14:38:37	1:59:53	0:12:07	6:58:52	0:11:03	5:16:42	China	
dc644d55-1067-4e70-b2af-4f5ed8db1eec	823	Phil Sang Jung	M	M55-59	69	14:39:00	1:37:09	0:05:49	6:39:34	0:06:08	6:10:21	South Korea	
20e20b94-2177-f111-ab0f-7c1e528d5074	824	jeonghun Lee	M	M55-59	70	14:39:21	1:40:43	0:11:00	7:04:33	0:12:33	5:30:33	South Korea	
a5edf11d-9ec7-4aa3-ace2-9bdbacae83e4	825	Jhongsu Lee	M	M50-54	148	14:39:47	1:37:07	0:07:01	6:53:40	0:07:27	5:54:31	South Korea	
6a41ce9b-b8eb-40b9-b119-2e2f840873d4	826	임선 송	F	F60-64	5	14:39:57	1:40:52	0:09:35	7:13:52	0:06:54	5:28:44	South Korea	
bfcb69de-917e-f011-b4cc-0022480c097c	827	jiayun li	F	F25-29	6	14:40:02	1:39:46	0:11:58	6:51:08	0:09:23	5:47:47	China	
dd1b520d-3592-ee11-be37-000d3a314329	828	Hana Yoon	F	F45-49	14	14:40:15	1:35:20	0:14:36	6:23:34	0:05:55	6:20:50	South Korea	
814d78ec-f4de-f011-8544-000d3a3173b5	829	Jahye Kim	F	F40-44	17	14:40:49	2:06:52	0:06:01	7:05:59	0:05:25	5:16:32	South Korea	
4f892386-144c-f111-bec5-0022480b88da	830	Ping Lun Ng	M	M45-49	140	14:41:01	1:36:31	0:23:20	7:17:26	0:14:14	5:09:29	Hong Kong	
c91d79e3-fcde-f011-8544-000d3a5b7c3b	831	HYEOK LEE	M	M50-54	149	14:41:17	1:39:49	0:09:33	7:50:26	0:05:47	4:55:42	South Korea	
46147a8d-4d4b-f111-bec6-0022480b3ee9	832	Noah Burchardt	M	M25-29	28	14:41:23	1:43:02	0:11:45	7:05:05	0:08:56	5:32:35	United States	
c1d9146e-94fb-f011-8406-0022480b84a3	833	wonjoon lee	M	M35-39	98	14:41:39	1:21:14	0:05:38	6:38:31	0:32:30	6:03:45	South Korea	
792c171f-09df-f011-8544-6045bd09951e	834	JOONSHIK LIM	M	M60-64	37	14:41:53	1:52:03	0:14:37	7:26:18	0:07:40	5:01:14	South Korea	
a46c7cc6-98df-f011-8544-000d3a5b50ba	835	Lee Cheol	M	M45-49	141	14:42:10	1:47:07	0:06:04	6:11:30	0:10:58	6:26:32	South Korea	
ca37a16c-f496-45f0-aa57-112f2a43892b	836	Yoon Moo Jung	M	M40-44	133	14:42:24	1:40:56	0:10:33	6:53:59	0:08:04	5:48:51	South Korea	
eb544e46-f2de-f011-8544-0022480a7385	837	SEONGYUN LEE	M	M30-34	61	14:42:30	1:38:28	0:22:48	7:12:45	0:12:09	5:16:19	South Korea	
b7fc9dbd-da79-ed11-81ad-000d3a31406e	838	yun heui ra	F	F55-59	9	14:43:09	1:51:24	0:09:09	7:25:48	0:10:06	5:06:42	South Korea	
60d9fbc5-f2de-f011-8544-000d3a5b50ba	839	DONGHYOK KIM	M	M30-34	62	14:43:21	1:56:00	0:10:32	6:37:50	0:09:15	5:49:44	South Korea	
65f32bd5-1afc-f011-8406-6045bd06566a	840	Hyunjik Kim	M	M50-54	150	14:43:41	1:27:20	0:09:35	6:23:12	0:16:03	6:27:30	South Korea	
d54e74cc-5e1e-f011-998a-000d3a5b50ba	841	Nicole Kim	F	F30-34	18	14:44:47	1:53:38	0:09:59	7:07:13	0:12:13	5:21:44	United States	
89ceac6d-f6de-f011-8544-0022480a7385	842	MINJAE YEO	M	M70-74	3	14:44:48	1:37:32	0:08:10	7:05:08	0:08:54	5:45:04	South Korea	
c40681d0-3a11-f111-8406-0022480b3ee9	843	순영 오	M	M60-64	38	14:45:18	1:51:20	0:10:59	7:28:35	0:07:29	5:06:55	South Korea	
03fb5c4b-eb01-449d-a1c1-1c8461f95a55	844	Junbyeong Park	M	M40-44	134	14:46:04	1:33:26	0:09:29	7:05:50	0:10:51	5:46:30	South Korea	
5cc75ead-2efc-f011-8406-6045bd08b1a2	845	Ok Ryong Hwang	M	M55-59	71	14:47:59	2:03:43	0:13:30	6:57:29	0:10:50	5:22:28	South Korea	
caad3a26-e36b-42e5-b3bd-665d6494496f	846	Hyeonjeong Lee	F	F35-39	14	14:48:13	1:52:54	0:09:32	6:56:54	0:07:46	5:41:07	South Korea	
c6b3b460-20a3-4877-9124-83e374e729bc	847	Chi Tang Jacky Kam	M	M45-49	142	14:48:17	1:54:27	0:14:12	7:36:11	0:11:48	4:51:38	Hong Kong	
5def4183-3be3-f011-8544-002248098cfa	848	Jong Joo Kim	M	M65-69	13	14:48:40	1:47:59	0:14:17	6:54:21	0:08:42	5:43:21	South Korea	
91f3456a-2758-4270-844e-3c2c3460c42c	849	Taeyoung Lee	M	M40-44	135	14:48:58	1:17:18	0:11:58	7:45:53	0:09:53	5:23:55	South Korea	
75e48067-2e11-f111-8406-0022480b84a3	850	동하 이	M	M65-69	14	14:49:02	1:55:50	0:07:59	6:46:45	0:06:13	5:52:14	South Korea	
d0981fdc-d1be-ef11-b8e8-000d3a5ae96c	851	승언 임	M	M30-34	63	14:50:16	1:38:32	0:10:11	7:47:45	0:06:39	5:07:09	South Korea	
39cfc151-3804-499e-9cbf-fad745316875	852	JungPyo Lee	M	M55-59	72	14:50:26	1:35:56	0:09:25	6:45:51	0:06:25	6:12:50	South Korea	
476c2baf-bef3-405a-822f-c8bcdd10ded9	853	Kyu Baek Lee	M	M40-44	136	14:50:36	1:43:21	0:10:19	6:52:57	0:07:26	5:56:32	South Korea	
bd132190-ab55-f111-bec6-6045bd08b1a2	854	Damian Olmo	M	M25-29	29	14:51:02	1:44:19	0:11:02	7:09:39	0:07:14	5:38:48	United States	
da6ea4e3-ec7f-415d-a884-641ff5277b76	855	Yeonsoo Shin	M	M55-59	73	14:51:22	1:12:13	0:09:48	6:38:29	0:07:14	6:43:38	South Korea	
26984d49-5508-45ac-b065-e32233d76db7	856	Sangmyeong Kang	M	M65-69	15	14:52:18	1:34:20	0:07:51	6:22:11	0:10:03	6:37:53	South Korea	
1215b890-eb89-49b9-b458-e662044f9941	857	Kyung Hyun Moon	M	M45-49	143	14:53:14	1:38:10	0:11:08	6:43:00	0:10:12	6:10:43	South Korea	
f564f22e-16c8-ef11-b8e8-000d3a5ae96c	858	Jongkyu Song	M	M45-49	144	14:53:21	2:01:07	0:10:12	6:14:29	0:12:41	6:14:53	South Korea	
946eda20-22c3-40c1-a362-da913cdc003a	859	현모 진	M	M40-44	137	14:53:22	1:36:55	0:08:30	6:31:52	0:04:25	6:31:40	South Korea	
59de460c-eb99-4b2a-ae07-cc38b1ba4157	860	BOMOON JUNG	M	M45-49	145	14:53:31	1:27:23	0:12:01	7:16:37	0:10:37	5:46:53	South Korea	
f0bee77e-1549-4730-ad29-ed3095c9889c	861	Jihyeon Mun	F	F45-49	15	14:53:59	1:46:14	0:08:46	6:34:39	0:06:46	6:17:34	South Korea	
b5ee9780-9551-f011-877a-0022480c097c	862	Kevin Chu	M	M35-39	99	14:55:30	1:32:30	0:07:34	6:51:17	0:06:18	6:17:51	United States	
7b33774d-f1de-f011-8543-6045bd05fcc1	863	ILNAM YANG	M	M55-59	74	14:56:08	1:44:00	0:17:31	7:15:24	0:14:50	5:24:23	South Korea	
16c280a5-08fc-f011-8406-0022480b88da	864	DOOUP KIM	M	M60-64	39	14:56:21	2:00:06	0:14:39	7:25:40	0:07:30	5:08:25	South Korea	
01b99cbd-eae3-4da4-8e4c-4e4e811d5df3	865	Sanjay Vikhe	M	M50-54	151	14:56:34	2:10:25	0:09:54	6:44:19	0:11:36	5:40:20	India	
950af97f-9f3c-44bb-b324-ac33d50a4042	866	동현 정	M	M45-49	146	14:57:36	1:23:15	0:10:09	7:08:32	0:10:19	6:05:21	South Korea	
3f989291-344b-f111-bec6-0022480b84a3	867	David Sjoeberg	M	M25-29	30	14:57:44	1:31:33	0:07:08	6:59:36	0:08:01	6:11:26	Sweden	
cb2bd9e4-e604-f111-8406-6045bd08b1a2	868	Kazuaki Kobari	M	M35-39	100	15:00:09	1:34:55	0:21:14	7:21:50	0:09:33	5:32:38	Japan	
9865c782-5b74-f111-ab0f-0022480b88da	869	Ha Song	F	F30-34	19	15:00:54	1:31:43	0:21:02	7:24:48	0:07:59	5:35:22	South Korea	
eb4f0cbf-df37-470b-95b6-44f2286aceee	870	Min Ho Yeom	M	M50-54	152	15:02:36	1:29:41	0:15:49	7:05:31	0:07:27	6:04:07	South Korea	
bb51a44d-9ae9-46a4-9f8a-ed38b864b824	871	Mija Lee	F	F50-54	17	15:02:51	1:42:12	0:16:12	6:27:07	0:14:35	6:22:45	South Korea	
d2696c82-14f3-ef11-9342-000d3a5a1803	872	Jinho Hong	M	M18-24	10	15:03:09	1:28:00	0:13:02	7:05:31	0:10:37	6:06:00	South Korea	
0e72970c-2e12-4615-9445-977763af05ca	873	JUNG JIYEON	F	F55-59	10	15:03:34	1:46:58	0:10:52	7:21:27	0:07:17	5:37:01	South Korea	
7bb69c7b-36df-f011-8543-6045bd05fcc1	874	Chandae JUNG	M	M40-44	138	15:05:30	1:27:18	0:15:00	6:56:31	0:07:40	6:19:01	South Korea	
156b3bd5-b3e0-f011-8543-000d3a5b5fc7	875	Chunja Jung	F	F65-69	1	15:05:48	1:44:06	0:09:30	6:43:55	0:07:34	6:20:42	South Korea	
5e235b06-d167-48d5-9002-5275c4e07eb9	876	현근 박	M	M50-54	153	15:05:56	1:39:50	0:14:44	7:07:43	0:11:02	5:52:36	South Korea	
bcf7e8ba-07fc-f011-8406-0022480b84a3	877	Woo Young Jeon	M	M55-59	75	15:06:10	1:42:40	0:09:04	7:00:12	0:11:33	6:02:43	South Korea	
368ca053-905b-4d74-840d-643b10474e64	878	Lee Jung Rog	M	M45-49	147	15:07:06	1:42:21	0:12:16	7:14:00	0:04:53	5:53:37	South Korea	
ff41b159-17c7-ef11-b8e8-000d3a5a403c	879	Cheon in jae	M	M50-54	154	15:07:57	1:34:17	0:13:46	6:29:39	0:12:28	6:37:47	South Korea	
d71b97c9-e4df-f011-8543-000d3a5b5fc7	880	CHOONGOK CHUNG	M	M65-69	16	15:08:34	1:43:47	0:09:17	7:00:53	0:11:01	6:03:36	South Korea	
53b19a28-5911-4a01-a293-9886f870b457	881	Chang Ho Eom	M	M65-69	17	15:09:19	2:07:26	0:11:39	6:45:15	0:06:04	5:58:55	South Korea	
92a9a97a-f036-f111-88b3-6045bd08b1a2	882	HYELYUN PARK	F	F45-49	16	15:09:38	1:48:38	0:15:46	7:22:44	0:12:41	5:29:50	South Korea	
4b53f56c-f61a-4324-974f-c34361c97b03	883	Hyun Seok Choi	M	M50-54	155	15:11:08	1:23:46	0:12:10	7:31:48	0:13:04	5:50:20	South Korea	
a7ffc927-2194-ee11-be37-000d3a31440b	884	우성 위	M	M50-54	156	15:11:35	1:46:04	0:08:37	6:55:52	0:06:08	6:14:53	South Korea	
f2591c70-4239-f111-88b4-0022480b35b6	885	Man Yin Cheung	F	F40-44	18	15:12:02	1:52:55	0:10:00	7:39:52	0:06:18	5:22:57	Hong Kong	
b26898bf-176b-f111-a826-002248081bd6	886	dahee kim	F	F30-34	20	15:13:00	1:29:35	0:09:24	7:14:30	0:14:42	6:04:50	South Korea	
d84123ab-c6d3-416c-bbe6-61479e1d2665	887	Sangwoo Lim	M	M50-54	157	15:13:05	1:47:43	0:10:52	6:49:09	0:09:38	6:15:42	South Korea	
69c8a857-06fc-f011-8406-6045bd06566a	888	sunghwan yoon	M	M40-44	139	15:13:06	1:35:04	0:13:14	6:59:39	0:09:25	6:15:44	South Korea	
466e50cd-349b-ef11-8a6a-000d3a5a1803	889	Lira Choi	F	F45-49	17	15:13:21	1:52:18	0:07:54	6:48:25	0:04:00	6:20:44	South Korea	
a662d857-18c1-ef11-b8e9-002248049fdc	890	Ji Hun Kim	M	M40-44	140	15:13:21	1:17:57	0:14:43	6:24:41	0:04:08	7:11:52	South Korea	
d9d079c3-360c-4882-9856-fc6aa2828f58	891	Chia-Ching Lin	M	M50-54	158	15:13:56	2:13:11	0:13:58	6:44:05	0:06:19	5:56:23	Taiwan	
c9797afb-331d-f111-8341-0022480b84a3	892	Sajia Sultana Happi	F	F40-44	19	15:16:34	1:49:44	0:08:43	8:19:57	0:07:31	4:50:39	Bangladesh	
804aa476-5ab2-4aba-a481-4ea9ac3564c1	893	Yang Youngnam	F	F50-54	18	15:18:44	1:46:12	0:10:55	6:49:55	0:10:23	6:21:18	South Korea	
1a7a45d1-fede-f011-8543-000d3a5b5fc7	894	Kang SinJae	M	M45-49	148	15:18:53	1:48:13	0:09:47	7:57:33	0:08:16	5:15:03	South Korea	
46481e7b-1a37-432c-b013-058d0544c49c	895	Wai Man Cheng	M	M55-59	76	15:18:57	2:06:12	0:12:32	7:42:02	0:06:34	5:11:36	Hong Kong	
4735e9aa-590d-419b-bc54-e38abc32e703	896	Danilo Zapanta	M	M55-59	77	15:18:58	1:38:47	0:12:25	6:46:23	0:17:17	6:24:07	Philippines	
a47ba885-06fc-f011-8406-002248046ec8	897	형근 윤	M	M30-34	64	15:19:27	1:32:47	0:14:16	7:32:43	0:11:48	5:47:52	South Korea	
04abd4ac-f4ff-f011-8406-6045bd08b1a2	898	승렬 임	M	M60-64	40	15:19:35	1:41:26	0:12:01	7:12:49	0:12:19	6:01:01	South Korea	
55a6b712-235f-4a35-b399-5c36cf8fd241	899	Kyoosang Song	M	M50-54	159	15:20:35	1:46:57	0:12:40	7:00:31	0:05:46	6:14:41	South Korea	
1b76dd35-8c44-f111-88b4-002248081bd6	900	Mahesh Zawar	M	M35-39	101	15:20:38	1:42:57	0:17:32	7:17:01	0:06:52	5:56:17	India	
df6333b9-f7de-f011-8543-000d3a5b5fc7	901	Bae Hyoungjin	M	M45-49	149	15:21:20	2:01:14	0:08:46	6:20:11	0:10:46	6:40:22	South Korea	
ad6e12b8-07fc-f011-8406-6045bd08b1a2	902	sunghyun jeon	M	M40-44	141	15:21:23	1:34:41	0:14:52	7:32:09	0:09:14	5:50:27	South Korea	
f14afc30-d1de-f011-8544-000d3a5b50ba	903	Youngkwang Jang	M	M50-54	160	15:21:49	1:36:21	0:13:11	6:50:48	0:08:16	6:33:14	South Korea	
9ae56b45-a0cb-ee11-9079-000d3a314329	904	철 박	M	M45-49	150	15:22:33	1:19:32	0:06:13	6:18:11	0:00:50	7:37:46	South Korea	
913eaec8-df81-4254-8215-b9a4279473d9	905	SEONGIN LEE	M	M50-54	161	15:22:54	1:24:20	0:15:43	6:47:40	0:09:21	6:45:50	South Korea	
cc538f27-9a38-f111-88b3-6045bd08b1a2	906	HYEON SU HAN	M	M55-59	78	15:23:14	2:19:12	0:09:25	6:55:23	0:09:03	5:50:12	South Korea	
17f6842e-c279-ed11-81ad-000d3a31406e	907	Sangho Cho	M	M40-44	142	15:24:21	1:32:38	0:11:36	6:59:04	0:06:56	6:34:07	South Korea	
71f8b1a1-a6a7-477e-abd8-4d33bbb55553	908	진수 김	M	M45-49	151	15:24:36	1:25:55	0:09:33	6:34:55	0:21:09	6:53:04	South Korea	
59697cc9-11fd-f011-8406-0022480a5755	909	Suk Young Lee	F	F25-29	7	15:25:27	1:56:23	0:12:08	7:18:25	0:10:58	5:47:34	South Korea	
07a42fee-53e9-ef11-8eea-000d3a5ae96c	910	靖 王	F	F45-49	18	15:25:40	1:47:53	0:08:34	7:00:09	0:09:47	6:19:17	China	
d4f54c14-09df-f011-8544-000d3a5b7c3b	911	KYUNGHWAN HWANG	M	M40-44	143	15:25:54	1:49:40	0:09:12	7:19:53	0:06:01	6:01:08	South Korea	
fe322875-f658-f011-877b-6045bd05fcc1	912	SEOK SONG	M	M45-49	152	15:27:13	1:50:49	0:14:57	7:07:46	0:08:15	6:05:26	South Korea	
a2f7130f-58dd-ef11-8eea-6045bd048089	913	IL JUNG	M	M35-39	102	15:27:36	1:49:20	0:16:12	7:20:00	0:16:08	5:45:55	South Korea	
0b185231-ddf2-f011-8406-00224804c237	914	JIAWEN GE	F	F35-39	15	15:28:28	2:12:13	0:05:28	6:36:02	0:04:46	6:30:00	China	
d78e1ec8-383e-466a-9a30-5a83bd703238	915	Jaegon Shim	M	M50-54	162	15:28:46	2:05:45	0:07:43	6:40:19	0:05:33	6:29:27	South Korea	
9a733b01-98e0-f011-8543-6045bd05fcc1	916	Junghun shin	M	M40-44	144	15:29:41	1:43:05	0:10:44	6:49:51	0:12:15	6:33:46	South Korea	
173c466b-f967-41df-aecc-86436f057424	917	Jeonghyeon Kim	F	F30-34	21	15:29:45	1:31:47	0:11:08	7:21:31	0:03:50	6:21:29	South Korea	
23ec904d-3d5c-f111-a826-6045bd08b1a2	918	Kaitlyn Cavera	F	F30-34	22	15:29:45	1:28:02	0:11:54	7:19:32	0:07:39	6:22:38	United States	
559133b2-05cd-424a-88df-8fa1b8a18064	919	Hyung-Gil Kim	M	M60-64	41	15:33:04	1:26:02	0:11:39	7:06:32	0:07:22	6:41:29	South Korea	
0ee96c22-a8fc-f011-8406-0022480b88da	920	Kang min Lee	M	M55-59	79	15:33:23	1:45:02	0:11:55	7:39:28	0:08:47	5:48:11	South Korea	
cadf2686-c21e-479a-9849-c6f4ddcc7620	921	Raul Larios Migoyo	M	M30-34	65	15:34:01	1:31:14	0:10:42	7:07:47	0:07:19	6:36:59	Cuba	
78a0d365-2597-ef11-8a6a-000d3a338a3c	922	ryu sung ho	M	M50-54	163	15:34:55	1:29:04	0:15:09	7:24:45	0:15:52	6:10:05	South Korea	
c1ec79a0-855d-f111-a826-002248081bd6	923	Yun Yu	F	F50-54	19	15:35:15	2:17:57	0:08:43	7:18:36	0:05:43	5:44:16	China	
e981bc2f-08fc-f011-8406-0022480b88da	924	HEEDO JUNG	M	M40-44	145	15:37:30	1:25:25	0:19:07	7:12:54	0:18:04	6:22:00	South Korea	
a91406d9-194e-f111-bec5-6045bd08b1a2	925	TAEHWAN KIM	M	M35-39	103	15:37:32	1:28:37	0:10:43	7:30:51	0:11:07	6:16:15	South Korea	
22c56ee7-cafc-f011-8406-6045bd08b1a2	926	Kye soo Kang	M	M55-59	80	15:39:13	1:38:18	0:24:00	7:11:15	0:13:45	6:11:56	South Korea	
e6671037-04df-f011-8544-6045bd05f634	927	Daesun Han	M	M45-49	153	15:39:35	1:33:18	0:07:46	7:28:42	0:11:19	6:18:30	South Korea	
fac5771b-f919-4f2f-8caa-c29ba2295be2	928	Minseok Shin	M	M50-54	164	15:39:39	1:32:46	0:09:51	7:58:30	0:04:58	5:53:33	South Korea	
e63701ec-d466-441a-a253-283fa2570071	929	Woo Sik Kim	M	M60-64	42	15:40:11	1:31:25	0:13:22	6:46:49	0:07:48	7:00:47	South Korea	
688ef90d-ddfb-f011-8406-0022480b35b6	930	Jaehyun Lee	M	M30-34	66	15:40:35	1:27:03	0:11:58	7:56:48	0:15:12	5:49:34	South Korea	
5855af98-c989-ef11-ac21-000d3a5b3d07	931	aola hansen	M	M30-34	67	15:40:50	1:29:05	0:08:27	7:06:14	0:07:11	6:49:53	China	
cf58ec3d-a7d7-4709-a558-0db4c17fae54	932	Hyekyung Kim	F	F50-54	20	15:40:53	2:14:42	0:08:53	7:30:35	0:10:12	5:36:31	South Korea	
d6ffb425-7ea7-4ba6-be67-2830e98cff57	933	ki yeon Kim	M	M50-54	165	15:40:59	2:09:07	0:10:17	7:45:46	0:07:45	5:28:05	South Korea	
a91145dc-7acd-421e-a309-48b2baafc155	934	Youn Gi Park	M	M60-64	43	15:41:07	1:46:50	0:11:05	6:45:21	0:12:46	6:45:06	South Korea	
1f30558a-06fd-f011-8406-6045bd08b1a2	935	jeun myeongil	M	M50-54	166	15:41:53	1:54:16	0:13:09	7:18:48	0:09:18	6:06:23	South Korea	
96dc3ccd-8034-4e9f-9132-01b96df34967	936	King Lam Lau	M	M40-44	146	15:42:02	1:44:31	0:14:52	7:23:23	0:09:57	6:09:20	Hong Kong	
afd029a3-f8f3-43bb-9361-c952f63f7db1	937	Myungjong Kim	M	M55-59	81	15:42:53	1:29:44	0:17:45	5:52:50	0:14:43	7:47:51	South Korea	
55044556-55e6-4e43-9d0f-76c2faa61b95	938	Jungyoon Kim	M	M35-39	104	15:43:07	2:00:45	0:09:48	7:50:55	0:05:34	5:36:06	South Korea	
9afb1cf4-f6de-f011-8544-000d3a5b50ba	939	DONGKYU BACK	M	M45-49	154	15:44:34	1:41:13	0:12:32	7:38:15	0:11:39	6:00:57	South Korea	
2b3a01b6-3a07-f111-8406-6045bd08b1a2	940	Junki Bae	M	M45-49	155	15:44:43	1:38:57	0:13:09	6:53:30	0:07:46	6:51:21	South Korea	
0404d7c5-31a4-498d-a8ea-f7efe6296ee4	941	SEUNGYEON YEOM	M	M45-49	156	15:45:13	2:09:31	0:35:58	6:54:05	0:07:06	5:58:34	South Korea	
122eedf0-12ad-4f87-aa86-53a3f577c473	942	Leslie Er Loong Lim	M	M50-54	167	15:45:58	1:47:10	0:11:16	6:39:32	0:06:27	7:01:34	Singapore	
cdad50b3-9410-f111-8406-0022480a5755	943	KYE JIN JUNG	M	M65-69	18	15:46:05	2:13:20	0:14:35	7:09:27	0:12:18	5:56:25	South Korea	
f4b550d4-ff43-4598-a9dd-7ce2fe5fd7a3	944	Eungyu Choi	M	M40-44	147	15:46:18	2:19:05	0:08:37	6:19:14	0:10:10	6:49:13	South Korea	
b1f484b2-8ac5-ef11-b8e8-000d3a5ae96c	945	wonjong Lee	M	M45-49	157	15:46:53	2:00:02	0:06:40	7:44:33	0:05:37	5:50:01	South Korea	
2dd8e640-bd51-4c83-9574-611899d617f6	946	Po Ling Tang	F	F40-44	20	15:50:19	1:59:01	0:14:27	7:44:41	0:07:46	5:44:24	Hong Kong	
94a0ba8c-0eae-ef11-b8e9-000d3a5a1803	947	우빈 지	M	M40-44	148	15:50:49	2:09:36	0:12:18	6:41:33	0:10:46	6:36:37	South Korea	
aca6c102-bd79-ed11-81ad-000d3a314329	948	Duyeon Kim	M	M40-44	149	15:52:47	1:53:34	0:14:33	6:53:16	0:10:51	6:40:34	South Korea	
2afbd077-7f6d-412a-941e-4ef5b81ca337	949	Simon Lee	M	M50-54	168	15:52:57	1:17:24	0:10:39	7:09:43	0:07:57	7:07:16	Hong Kong	
89193061-c452-f111-bec6-0022480b88da	950	Minsu Park	M	M30-34	68	15:54:22	1:47:56	0:12:47	7:19:29	0:11:52	6:22:18	South Korea	
5eb7bf69-2afc-f011-8406-6045bd08b1a2	951	대현 김	M	M50-54	169	15:54:32	1:24:55	0:08:26	7:27:52	0:07:01	6:46:18	South Korea	
38c7b5cd-1d4d-495a-afd1-e93a7f5e5b2b	952	Hyoungjin Kim	M	M40-44	150	15:54:45	1:48:22	0:12:39	7:40:47	0:09:05	6:03:51	South Korea	
eaa4f3c1-3867-4fc6-a7c2-c560e472409a	953	이 은희	F	F45-49	19	15:55:40	1:56:39	0:11:14	7:28:31	0:09:57	6:09:20	South Korea	
2a35fb3e-bcdf-f011-8544-000d3a5b50ba	954	Heon Cho	M	M18-24	11	15:55:52	1:25:47	0:12:04	7:08:16	0:10:05	6:59:40	South Korea	
5f2f9fa2-4cc4-4064-bf12-e5c994c74350	955	Changgeun Jeon	M	M25-29	31	15:57:33	2:06:08	0:07:49	7:34:06	0:06:29	6:03:01	South Korea	
4dc96d4b-5eff-479a-b3f0-6879089d4724	956	Jose Raphael Zapata	M	M45-49	158	15:57:59	1:36:16	0:18:28	7:31:12	0:12:53	6:19:11	Philippines	
0ebd96c7-9add-43fd-93de-edb463e5a31a	957	Sungjae Lee	M	M18-24	12	15:58:08	1:55:08	0:11:28	7:32:21	0:05:30	6:13:40	South Korea	
4f4da523-a0fc-f011-8406-6045bd06566a	958	JUNSEOK DAN	M	M30-34	69	15:59:21	1:42:52	0:10:46	7:32:34	0:11:39	6:21:30	South Korea	
c5539aa8-08fc-f011-8406-0022480994c2	959	Seokki Youn	M	M60-64	44	15:59:39	2:16:23	0:07:03	7:33:46	0:05:34	5:56:54	South Korea	
7c83ddc1-5bf5-4d6d-a212-2d68c5096450	960	Kwangyoul Park	M	M55-59	82	16:01:26	1:37:45	0:13:42	7:27:11	0:09:39	6:33:09	South Korea	
42422b5a-ff03-4ee1-97a5-6df99060c2f1	961	jun-hyeok park	M	M50-54	170	16:01:30	1:44:25	0:12:31	7:41:31	0:12:11	6:10:52	South Korea	
8169c3a9-0ce5-4262-8780-d179b8bb0f7a	962	양중 김	M	M60-64	45	16:02:25	1:58:32	0:10:31	7:13:32	0:05:36	6:34:15	South Korea	
91be0dd1-f5de-f011-8544-000d3a5b7c3b	963	JAEHO WEE	M	M45-49	159	16:03:48	1:48:51	0:14:56	7:27:52	0:07:15	6:24:55	South Korea	
78ac914c-09fc-f011-8406-002248081bd6	964	Gyunggeun Ji	M	M45-49	160	16:05:35	2:13:55	0:09:17	7:06:29	0:06:03	6:29:51	South Korea	
0ba97220-0318-ee11-8f6e-000d3a314be4	965	Inyoung Chung	M	M45-49	161	16:06:42	1:26:15	0:11:30	7:28:43	0:06:41	6:53:33	South Korea	
4b2e6ddc-0e8d-4d56-a05d-e945bb58060c	966	Joonhyung Kim	M	M55-59	83	16:07:01	1:53:43	0:14:39	7:53:27	0:07:49	5:57:22	South Korea	
2500c31f-2479-4b84-b1ca-c3d60fba565f	967	IK SOO CHOI	M	M60-64	46	16:11:30	1:35:16	0:09:53	7:37:37	0:13:36	6:35:08	South Korea	
743c5193-0147-44cb-8056-25c67f633037	968	Kyounghoon Han	M	M50-54	171	16:12:28	1:31:53	0:10:52	7:06:41	0:08:46	7:14:16	South Korea	
1fe7ee1b-98c3-4270-bcb4-68f714d8a9ef	969	Jung-Lee Seo	F	F65-69	2	16:12:29	1:45:55	0:07:48	7:29:33	0:11:53	6:37:20	South Korea	
b18e21e5-3a19-4e2d-8917-53b8eca8ffbd	970	Gyung Moo Baek	M	M50-54	172	16:13:25	1:40:01	0:10:01	7:14:59	0:17:54	6:50:30	South Korea	
37344b1f-cac0-ef11-b8e8-6045bd018d16	971	Seongil Bae	M	M45-49	162	16:13:55	1:29:46	0:18:14	7:16:50	0:11:17	6:57:48	South Korea	
2c10bb54-bcc2-ef11-b8e9-000d3a5a1803	972	영래 주	M	M45-49	163	16:13:56	1:35:47	0:12:07	7:16:38	0:11:18	6:58:06	South Korea	
31c33843-6750-4021-901f-4147b082aaab	973	Donghuy Park	M	M50-54	173	16:14:03	1:33:54	0:13:54	7:16:56	0:11:20	6:57:58	South Korea	
e2b9e3a4-ed32-48f0-bf32-8669a087688c	974	YeongSik Han	M	M65-69	19	16:14:32	2:02:20	0:15:10	7:44:32	0:07:32	6:04:57	South Korea	
2c0c12d1-2312-f111-8406-002248046ec8	975	Vilas Krushnarao Patil	M	M45-49	164	16:23:05	2:02:56	0:13:15	7:30:49	0:09:53	6:26:12	India	
62e4650e-b973-f111-ab0f-0022480a5755	976	UNJAE BAEK	M	M35-39	105	16:24:06	1:40:32	0:12:24	7:36:50	0:15:37	6:38:42	South Korea	
49879ec4-c301-f111-8406-6045bd06566a	977	Pengqiu Xu	M	M30-34	70	16:25:36	2:02:11	0:11:59	7:24:29	0:07:29	6:39:29	China	
92f79da8-e95b-f011-bec2-000d3a5b50ba	978	SEOK MIN YOON	M	M50-54	174	16:27:34	1:35:42	0:18:40	7:31:22	0:12:24	6:49:25	South Korea	
9f2f526a-fc98-433c-a3de-d119eb1e8c20	979	Hey Jung Park	F	F60-64	6	16:29:10	1:57:19	0:10:47	7:44:16	0:08:48	6:28:01	South Korea	
50306cee-2672-f111-ab0f-6045bd08b1a2	980	Sanghyeon Park	M	M30-34	71	16:29:22	1:35:31	0:26:49	7:56:02	0:09:30	6:21:29	South Korea	
dfbfba23-1dfe-f011-8406-0022480b84a3	981	Daehag Kim	M	M55-59	84	16:29:32	1:23:23	0:09:06	8:07:57	0:09:15	6:39:50	South Korea	
fe079cc3-f678-f111-ab0f-0022480994c2	982	Sangin Nam	M	M70-74	4	16:32:48	1:58:27	0:13:42	7:56:50	0:08:32	6:15:18	South Korea	
5240a703-3c1e-40ae-ad01-75aeb1d8c0aa	983	동길 김	M	M55-59	85	16:38:33	1:31:24	0:10:37	7:30:46	0:09:18	7:16:28	South Korea	
b57f72dc-6178-4f51-8612-2e51a9a13bf5	984	Hag Soo Kim	M	M60-64	47	16:41:18	1:58:17	0:11:52	7:58:55	0:07:19	6:24:54	South Korea	
2772455c-466c-489c-b44a-077c5bd43083	985	Sungyong Choi	M	M65-69	20	16:41:32	1:37:10	0:12:52	7:04:54	0:06:29	7:40:08	South Korea	
85c3dc46-886f-f111-ab0d-0022480b88da	986	sungjin an	M	M40-44	151	16:45:58	1:49:50	0:09:43	7:39:45	0:07:41	6:58:59	South Korea	
fc6598f6-f186-4e00-9650-ef81db07514e	987	Chang Gyu Hwang	M	M65-69	21	16:56:18	1:44:11	0:15:43	7:26:27	0:05:12	7:24:45	South Korea	
ecb9eff0-1fb9-4073-93ed-734d3eae2c2e	988	Kilnyung Cha	M	M55-59	86	16:56:20	2:16:34	0:14:50	7:38:15	0:07:20	6:39:20	South Korea	
66f732ec-f304-f111-8406-0022480994c2	989	석완 주	M	M60-64	48	16:58:40	1:34:49	0:10:33	8:18:01	0:08:47	6:46:30	South Korea	
4862ae14-9721-46c3-8f88-8bcc9d18930c	99999	Kin Tak Law	M	M45-49	99999		1:54:36	0:22:14				Hong Kong	DNF
cdf808d0-285a-47c8-9f66-e66c11aad785	99999	Jang Kyung Il	M	M50-54	99999							South Korea	DNS
f78678c2-937f-ef11-ac21-002248049fdc	99999	정식 임	M	M55-59	99999							South Korea	DQ
5c1b8203-ccc9-4c77-84f5-50f66dd82410	99999	Inseon Chung	F	F35-39	99999							South Korea	DNS
01679d89-8270-4a11-a2d0-b3f1be284565	99999	Young Rae Jung	M	M60-64	99999		1:20:07	0:05:41				South Korea	DNF
e18f76cd-8b1c-4387-aa3a-fb4a117a6b8d	99999	Kyoung Moon Kang	M	M55-59	99999							South Korea	DNS
0d834e8e-2435-f011-8c4e-0022480c097c	99999	kim junghee	M	M50-54	99999							South Korea	DNS
022a0c6c-3ec1-ef11-b8e9-002248049fdc	99999	Soyul Kim	F	F30-34	99999							South Korea	DNS
167b05ed-f79c-4b72-9c20-ad3110878de3	99999	석원 강	M	M40-44	99999							South Korea	DQ
4f5a1f9f-835a-4b65-b5b0-d613d4573474	99999	Kihyun Chung	M	M55-59	99999							South Korea	DNS
d4443c64-6a3c-4cce-a774-42d895b669a0	99999	Deayoung Kim	M	M55-59	99999		1:17:26	0:05:25	4:58:01	0:03:13		South Korea	DNF
7c67758c-4892-ee11-be37-0022480acaa6	99999	황 재규	M	M50-54	99999		1:34:53	0:11:54				South Korea	DNF
80124460-c658-f111-bec7-6045bd08b1a2	99999	HYUNG CHUL PARK	M	M45-49	99999		0:58:49					South Korea	DNF
d3a7a846-44f4-ef11-9341-6045bd05011a	99999	JAEMAN SONG	M	M55-59	99999							South Korea	DNS
23bf4b1a-05df-f011-8544-000d3a5b50ba	99999	JOUNG SHINWOOK	M	M55-59	99999							South Korea	DNS
76fb2ffd-c637-4b06-95bb-5bcd419bc1c3	99999	Hyunseok Bae	M	M45-49	99999							South Korea	DNS
de0951df-0a9c-43a1-9285-589b36a984f7	99999	Trevor Pratt	M	M30-34	99999							United States	DNS
7552dcf9-60f4-ed11-8848-000d3a31458d	99999	용래 조	M	M35-39	99999		1:21:25	0:04:25	5:07:53	0:05:53		South Korea	DNF
57e70d69-96f2-4796-a192-4ca8456b77ab	99999	Sungdo Jang	M	M50-54	99999		1:47:43	0:11:53	8:02:22	0:09:35		South Korea	DNF
6f56f712-c91e-4be1-8e6a-283f694d231d	99999	주경 배	F	F45-49	99999		0:10:38					South Korea	DNF
37ce481e-28e2-4c36-b5f3-f1ac3e218726	99999	Yongmin Kim	M	M35-39	99999							South Korea	DNS
7e7f1c00-e760-4102-9f3f-e6657cf05dc5	99999	Sangsu Jang	M	M60-64	99999		1:48:10	0:12:54	6:54:22	0:08:25		South Korea	DNF
20149d09-d4e2-ef11-8eea-000d3a5ae96c	99999	용묵 최	M	M55-59	99999							South Korea	DNS
15653b5b-68c7-4398-8f7b-8b9c3f264a13	99999	Shigeki Sakamoto	M	M70-74	99999		1:50:54	0:10:57	8:12:53	0:08:15		Japan	DNF
099026c9-9f1b-4ff0-87ab-c561be1b60d9	99999	석기 이	M	M55-59	99999							South Korea	DNS
7d2ebd41-c624-4554-af00-08a209dfa60e	99999	Seokwoo Joh	M	M40-44	99999							South Korea	DNS
6e9d810d-390a-4543-830e-b463eb93f622	99999	Namgwan Jeong	M	M50-54	99999							South Korea	DQ
0a99737e-6de1-4300-a67a-9334149db092	99999	Junghun Lee	M	M45-49	99999							South Korea	DNS
0071b855-a358-448d-9639-6d3e42aa3c2a	99999	Yerkin Kurmanov	M	M50-54	99999							Kazakhstan	DNS
a820777a-23a3-4f0f-91f1-8b363d0b82f1	99999	Tomohiro Ishida	M	M60-64	99999							Japan	DNS
84413bc3-0afc-f011-8406-002248046ec8	99999	JONGKEUN LEE	M	M55-59	99999		2:10:21	0:19:09	7:27:48			South Korea	DNF
f9d24f60-7c95-4f6a-9eef-598f502eb569	99999	Daehyeon Kim	M	M40-44	99999							South Korea	DNS
ba53c54e-13e5-ef11-8eea-000d3a5a1803	99999	Haocheng Liu	M	M25-29	99999							China	DQ
bb7a5c87-d8de-f011-8543-6045bd05fcc1	99999	HyoungHoon Lee	M	M40-44	99999							South Korea	DNS
fc3fe4bc-ba6b-f111-a826-002248081bd6	99999	Steven Han	M	M35-39	99999		2:34:14					United States	DNF
5725d0ad-05cc-497c-8ce3-b5902aeb4997	99999	A Qiang Mao	M	M30-34	99999							China	DNS
6b5ff69a-ccdf-f011-8543-000d3a5b5fc7	99999	시중 김	M	M45-49	99999		0:49:04					South Korea	DNF
270fea36-6bcb-4cd6-955a-ab9368706bf0	99999	Sangcheole Lee	M	M45-49	99999							South Korea	DQ
3a6c314e-b9a0-4a9c-a982-ae3e1002d096	99999	Kevin Kyunghyun Kim	M	M30-34	99999		1:17:07	0:04:50	5:48:25	0:06:54		Australia	DNF
44235ba5-e7ef-4c03-9481-5d2d129cdaa1	99999	Kyeongchun Min	M	M55-59	99999		1:56:45	0:09:16	8:03:36	0:08:25		South Korea	DNF
6a4a20de-880b-f111-8406-6045bd029198	99999	Ajaipaul Grewal	M	M30-34	99999							Canada	DQ
e47297cb-867e-440f-bea7-44cd65bdce16	99999	Geunbae Yoo	M	M60-64	99999	17:11:55	1:51:37	0:09:40	8:08:07	0:05:45	6:56:46	South Korea	
4757b832-6183-4853-901c-5c7d9cfb3cbd	99999	Han Kwon Yoo	M	M45-49	99999		1:53:34	0:07:39				South Korea	DNF
6065a922-53ac-4e4e-a07d-e629688725d2	99999	Hungi Lee	M	M60-64	99999							South Korea	DNS
d9eda568-a891-ee11-be37-000d3a31458d	99999	상석 (Sang Soak) 안 (Ahn)	M	M45-49	99999							South Korea	DNS
b8f7012b-c154-4901-96bd-b632c6f62e49	99999	Masao Kikuoka	M	M70-74	99999		1:18:45					Japan	DNF
6006b8f4-221c-f011-998a-6045bd09951e	99999	Jie Shao	M	M30-34	99999							China	DNS
cccdc4aa-8088-4fbf-bdf0-44d86aaeacb6	99999	Samsul Bahari Adnan	M	M50-54	99999							Malaysia	DNS
b9a2a953-fade-f011-8544-000d3a3173b5	99999	Myeong gyu Han	M	M35-39	99999		1:33:07	0:12:50				South Korea	DNF
6a55d518-1dde-ef11-8ee9-000d3a592251	99999	EUNCHUL JUNG	M	M35-39	99999		1:34:45	0:07:45				South Korea	DNF
a2bc3b07-91c4-4d22-baf5-4211ff97cc8a	99999	Jung Dong Kim	M	M45-49	99999		1:29:01	0:03:44				South Korea	DNF
18888243-105e-4286-8127-e4c34efbb385	99999	Seongsu Kim	M	M55-59	99999		1:23:16	0:03:36	5:19:22	0:06:48		South Korea	DNF
1dd5955a-f1b4-ef11-b8e8-6045bd018d16	99999	은식 장	M	M30-34	99999		1:21:22	0:02:54				South Korea	DNF
b9d2cf15-de61-4e98-ba1b-4bbd37823f35	99999	Chulsun Yoo	M	M50-54	99999							South Korea	DNS
30a34c2b-da10-4023-8bb7-c3701df0a447	99999	Chu Lin Hsiao	M	M50-54	99999							Taiwan	DNS
d62fd032-a8f4-ef11-9342-6045bd018d16	99999	JAESOO NAM	M	M55-59	99999							South Korea	DNF
79ff435f-bff5-45c8-a86a-fea25cff6d21	99999	Patrick Guinet	M	M50-54	99999							France	DNS
a073d87c-0edf-f011-8544-000d3a5b50ba	99999	JUNMOK JO	M	M35-39	99999							South Korea	DNS
54949f54-7dbb-4184-9fbc-6f08e3d0534d	99999	JONG WON SHON	M	M65-69	99999							United States	DNS
23865c88-0fe7-f011-8544-000d3a5b7c3b	99999	SEHOON KIM	M	M40-44	99999		1:29:40	0:08:20	6:39:53	0:07:34		South Korea	DNF
5ead0d00-8bfe-f011-8406-6045bd08b1a2	99999	Ryan Devlin	M	M25-29	99999							United Kingdom	DNS
54a10398-da49-f111-bec6-002248081bd6	99999	Dong Yan	M	M35-39	99999							China	DNS
0df19a95-a298-44cd-97d2-b81fb85d9dd9	99999	Vincent Cremers	M	M50-54	99999							Belgium	DNS
659af989-adfc-f011-8406-6045bd06566a	99999	한신 정	M	M55-59	99999							South Korea	DNS
b431e9ac-958b-412a-86c1-232fe2295f38	99999	기영 이	F	F30-34	99999		1:21:07	0:06:25				South Korea	DNF
b8fc90c1-f6de-f011-8544-0022480a7385	99999	yoonduk chang	M	M45-49	99999							South Korea	DNS
6694fee8-0afc-f011-8406-0022480994c2	99999	Seoksoon Yim	M	M45-49	99999							South Korea	DNS
63aaf318-dd43-f111-88b3-7ced8d3c2f45	99999	Kapil Chandak	M	M40-44	99999							India	DNS
c1ac3393-fc79-4665-9144-48765aa7b9d2	99999	Min Keun Lee	M	M55-59	99999	17:11:33	1:49:10	0:13:37	7:25:07	0:04:37	7:39:02	South Korea	
dbfb4529-ec51-440f-b9b9-6b2635b1e9cb	99999	Yunsun Lee	F	F55-59	99999							South Korea	DNS
c40436cb-f538-49da-af16-8c18c2beeec5	99999	NISHANT BHARDWAJ	M	M35-39	99999							India	DNS
028e8f83-a601-4d0f-a3fb-fab913dc0fea	99999	경수 윤	M	M45-49	99999							South Korea	DNS
0d943846-28bf-4ddf-8433-58f53f8c181a	99999	Dongwoo Kim	M	M50-54	99999		1:14:51	0:06:35	5:31:49	0:06:13		South Korea	DNF
004d2a47-38d9-4204-9b04-8092f852a28a	99999	은하 이	M	M35-39	99999							South Korea	DNS
fbf94822-dae9-f011-8544-000d3a5cf7d8	99999	Junyan He	M	M40-44	99999		2:25:33					China	DNF
3f842751-fb9a-ee11-be37-000d3a314d17	99999	Ryosuke Iwasaki	M	M50-54	99999							Japan	DNS
c2773fd2-b666-4cc4-9e79-83e41e398834	99999	Nils Koblitz	M	M40-44	99999		1:14:35	0:06:32				Germany	DNF
903bde30-8f7a-ef11-a670-6045bd05c809	99999	Sergey Pozdniakov	M	M40-44	99999		1:52:08					Romania	DNF
0f6992e9-1c2d-4ce2-97e7-cb3239a5f467	99999	Kanat Zhanatov	M	M40-44	99999							Kazakhstan	DNS
fc9fdd8e-2fa6-46f1-8119-1b432611282b	99999	Yangsu Park	M	M70-74	99999							South Korea	DNS
5fa63ce7-1527-ef11-840a-000d3a383830	99999	hyunwoo lee		M40-44	99999							South Korea	DNS
2951f6ea-6fc3-f011-bbd3-6045bd05f634	99999	Chen Jing	F	F45-49	99999							China	DNF
8b2730cf-0a09-4ee5-9346-6eb0e7d2aa6c	99999	달곤 김	M	M60-64	99999		1:47:35	0:17:40	7:44:24	0:12:55		South Korea	DNF
a56d77dd-11fc-f011-8406-002248081bd6	99999	Yang Chanhee	M	M35-39	99999							South Korea	DNS
bb0732c9-f243-f111-88b3-7c1e528d1d48	99999	Brandon Roux	M	M25-29	99999							United States	DNS
6bc3264b-1e1e-4f10-9ddc-b3dc52f17eee	99999	MYUNG CHUN JO	M	M65-69	99999							South Korea	DNS
d22d12bb-9f7c-4268-ac50-09fb87c03157	99999	Rupesh S	M	M45-49	99999							India	DNS
c7232550-54ce-451b-83e5-e2a7fd276796	99999	Hyemin Yoo	M	M40-44	99999							South Korea	DNS
222b9564-5f4b-4950-ab6f-810362ed5242	99999	중돈 최	M	M70-74	99999		1:52:17	0:11:26	7:46:41	0:08:53		South Korea	DNF
664ad270-d642-443c-ab39-538da1234aa4	99999	정이 이	F	F60-64	99999							South Korea	DNS
84666c19-3341-47d1-9a42-894562da5e09	99999	Young Hoon Kim	M	M60-64	99999							South Korea	DNS
6e445a06-febc-4f2a-85f4-9779fcf0e725	99999	Rahul Tambe	M	M40-44	99999		2:29:00					India	DNF
5f99fc9f-a902-4e76-968a-bdb7f616e6fb	99999	Kiran Shahu	M	M40-44	99999							India	DNS
248472a3-075b-430c-8ed8-6316f384f158	99999	Joonho Cha	M	M55-59	99999							South Korea	DNS
4ba91b36-ace6-f011-8544-000d3a5cf7d8	99999	Jarim Shin	M	M40-44	99999							South Korea	DNS
1afe1284-29fc-f011-8406-0022480b88da	99999	Woonjae Jeong	M	M60-64	99999		2:00:04	0:20:41	7:44:47			South Korea	DNF
d6dd68dc-deea-457b-a8ef-a79d236ac2d3	99999	Kumar Kishlay Rai	M	M35-39	99999							India	DNS
a6296fbf-b34d-449e-928f-70e952dacec9	99999	현원 임	M	M45-49	99999							South Korea	DNS
1a09e5a8-fef5-f011-8406-0022480a5755	99999	HOJUN LEE	M	M40-44	99999							South Korea	DNS
5b7f05b5-a423-46cc-8cc2-5157786b5829	99999	Seok Hee Hwang	M	M25-29	99999		1:02:54	0:02:38	4:45:40	0:01:33		South Korea	DNF
b9b7223e-9293-4860-a6ad-dafbb8eff6fe	99999	경남 김	M	M35-39	99999		0:25:35					South Korea	DNF
19155556-63d1-46c7-af51-b9529c4e7e9f	99999	Kylie Lloyd	F	F40-44	99999							Australia	DNS
32ceb835-a7ef-44ae-8730-3e5cefba0e17	99999	Cheonseok Lee	M	M40-44	99999							South Korea	DNS
a88b0cfa-dbfb-f011-8406-0022480a5755	99999	Soyeon Jun	F	F45-49	99999		2:25:21					South Korea	DNF
d514ddde-d554-f111-bec6-0022480b35b6	99999	Dohyeon Kim	M	M18-24	99999							South Korea	DNS
ede6d0b7-b1e6-f011-8544-000d3a3173b5	99999	samel choi	M	M40-44	99999							South Korea	DNS
08c3363b-732c-43f4-a720-56205c599497	99999	환진 김	M	M30-34	99999							South Korea	DNS
a014a741-c7c0-4562-a88e-ae67a36c5529	99999	Sanghoon Oh	M	M60-64	99999							South Korea	DNS
cd2def72-1a5f-4598-ada8-5112cec37ba6	99999	Ka Pik Chan	F	F50-54	99999		2:27:43					Hong Kong	DNF
87441637-c4d1-ef11-8eea-002248049fdc	99999	Sureshkumar Krishnarao Bhusange	M	M55-59	99999		0:56:12					India	DNF
a141a0d0-709a-f011-b4cc-000d3a5b50ba	99999	Lee Mijeong	F	F40-44	99999							South Korea	DNS
0acd71d8-7047-48c3-9562-e02848408b75	99999	myungsik hong	M	M60-64	99999		1:17:01	0:06:14				South Korea	DNF
088f8101-81c1-ef11-b8e9-002248049fdc	99999	성범 변	M	M50-54	99999		1:22:12	0:13:06	6:39:43	0:07:04		South Korea	DNF
653df49b-7b13-f111-8406-002248046451	99999	LEE JEWON	M	M40-44	99999		2:04:22	0:07:46	7:44:36			South Korea	DNF
5c0099d7-89a9-4da9-8aad-a6a29b917d72	99999	Есеней Кочеганов	M	M40-44	99999							Kazakhstan	DNS
3601b39b-b7fc-f011-8406-0022480994c2	99999	향수 허	F	F60-64	99999							South Korea	DQ
8108dfea-63b9-4903-8ea4-7455b561c089	99999	kim taegyun	M	M55-59	99999		0:57:12					South Korea	DNF
8dcac582-c7a0-4c12-af1a-a42b0bd2373a	99999	Uiin Kim	M	M60-64	99999							South Korea	DNS
1144600a-3e1d-f111-8341-000d3a5983f6	99999	Santino Crespo		M25-29	99999							United States	DNS
793c2322-d923-ea11-a810-000d3a5a1e46	99999	Choong Hon Kim	M	M55-59	99999							South Korea	DNS
e8611856-ff7a-4159-b0e9-6f4f81737830	99999	Jaisung Yang	M	M60-64	99999		0:26:54					South Korea	DNF
ab8e207e-6bef-4246-962f-251ee7bbfd52	99999	Sung Do Lee	M	M65-69	99999							South Korea	DNS
ba598d1d-a801-4e88-9f40-0f5ebe01acb6	99999	Taehoon Kim	M	M55-59	99999		1:24:02	0:11:22				South Korea	DNF
508d6a4d-9cbc-ec11-983f-00224806dd79	99999	Myeongsu Kim	M	M45-49	99999		1:24:30	0:10:00	5:04:01	0:05:27		South Korea	DNF
81912455-6f86-41ba-b2bd-ea00f1926863	99999	Kugcheol Lee	M	M65-69	99999		1:40:24	0:10:30	5:56:57	0:11:30		South Korea	DNF
58541fb5-c637-411d-a4b6-66f4b70f5ab1	99999	외용 김	M	M65-69	99999		1:46:18	0:08:59	6:04:16	0:06:41		South Korea	DNF
bfcc6391-2344-4a8d-856c-69a9bf60ff4f	99999	Valentina Kukrus	F	F50-54	99999							Kyrgyzstan	DNS
28aaa2c9-49ef-ef11-9342-000d3a5ae96c	99999	DAQING MAO	M	M55-59	99999							China	DNS
1f615384-9e4c-4b43-9ba5-caaf8b052622	99999	You Sook Lee	F	F60-64	99999							South Korea	DNS
192fae01-4e53-48db-9eea-36159cc89288	99999	Park Byunghoon	M	M45-49	99999							South Korea	DNS
3118bb52-f76d-ea11-a811-000d3a5a1cf8	99999	KIM DONGMYOUNG	M	M45-49	99999							South Korea	DNS
49299c98-5398-43a1-b128-ce61ae2aa82b	99999	Francis Liwas	M	M35-39	99999		0:27:20					United States	DNF
a55a2b9e-7232-45a6-b338-04aef095419e	99999	Insoo Kim	M	M40-44	99999							South Korea	DNS
57d37b6f-23bf-ec11-983f-000d3a5d040c	99999	Mihye Park	F	F50-54	99999		2:07:19	0:12:35	4:33:29	0:09:03		South Korea	DNF
9a8960c5-57b1-4243-bc88-834c6be28292	99999	Seung chul Hyun	M	M40-44	99999		1:33:11	0:05:20				South Korea	DNF
25b63cb0-d2fd-407f-b3b1-96270d527c87	99999	재혁 김	M	M40-44	99999		2:35:38					South Korea	DNF
4e5184b0-4835-48dc-b8e3-30a17bbadd3c	99999	Yangim Jeong	F	F55-59	99999							South Korea	DNS
5db72003-4f59-ef11-a316-000d3a371e3b	99999	Hyungjun Park	M	M45-49	99999	16:39:09	2:20:29	0:11:59	7:19:56	0:07:06	6:39:39	South Korea	
2359e1c2-fae9-ef11-8ee9-000d3a592251	99999	Jie Yin	F	F55-59	99999							Cuba	DQ
b90eb12e-a104-f111-8406-0022480b88da	99999	Keumja Lee	F	F45-49	99999							South Korea	DNS
d28b550b-ca96-439e-815f-07487a61df74	99999	Hong Jun Kim	M	M50-54	99999							South Korea	DNS
b802dbe1-0071-4e2e-bbf7-e91667ec0599	99999	Seong Chan Cheong	M	M65-69	99999							South Korea	DQ
3ba4b015-35c6-f011-bbd3-6045bd05f634	99999	HONGYIN TANG	M	M18-24	99999							China	DNS
553fde2d-0945-4ab0-a4d4-8d771d90c1d8	99999	DONGJAE YOO	M	M60-64	99999							South Korea	DNS
9f30cb6d-dfdb-4122-880c-56c630623e5e	99999	Taegeun O	M	M55-59	99999							South Korea	DNS
3601b39b-b7fc-f011-8406-0022480994c2	99999	향수 허	F	F50-54	99999		1:57:01	0:10:23				South Korea	DNF
cf8c3c62-fe75-40ba-8dab-3e6f106369b4	99999	Bokhun Lee	M	M50-54	99999							South Korea	DNS
87a078a6-d8d4-4eb1-9a8e-90b5bc2e605f	99999	Sang Woo Joo	M	M40-44	99999	16:15:12	2:11:01	0:10:29	8:11:51	0:03:17	5:38:34	South Korea	DNF
5414b8e7-cec0-ef11-b8e8-000d3a5ae96c	99999	BYUNG JUN KWAK	M	M30-34	99999		1:31:22	0:04:41	5:47:43	0:04:55		South Korea	DNF
b5c5c74a-253a-f011-b4cc-000d3a5b7c3b	99999	DOO HWAN HWANG	M	M45-49	99999							South Korea	DNS
1e63927a-2382-42b6-b6e4-38dbc284896a	99999	하동 성	M	M40-44	99999		1:53:47	0:10:46	7:56:14			South Korea	DNF
ca436ad7-d6fc-f011-8406-002248081bd6	99999	태준 이	M	M25-29	99999							South Korea	DNS
87b0da8e-2c0e-447d-83a8-ab4da41d819d	99999	Paul Brown-Kenyon	M	M60-64	99999							Malaysia	DNS
ac545c7f-05df-f011-8544-0022480c097c	99999	JEONGGU NA	M	M35-39	99999							South Korea	DNS
3f04c230-bb8e-4b04-a0ea-f40cb311bded	99999	Youngki Noh	M	M40-44	99999							South Korea	DNS
53f0c5ec-16fc-f011-8406-6045bd06566a	99999	dogil lee	M	M35-39	99999							South Korea	DNS
fd17b0a3-6d6b-ee11-8def-0022480acaa6	99999	Lim Ayung	F	F45-49	99999							South Korea	DQ
b65dfabf-52ee-45ee-8863-957e1a07dbe5	99999	Dong Hyun Lim	M	M50-54	99999							South Korea	DNS
7ccaf402-9d60-4aa5-b66e-aac609c8d26a	99999	Seung Soo Choi	M	M60-64	99999							South Korea	DNS
