ContactId	Overall_Rank	Name	Gender	Division	Div_Rank	Total_Time	Swim	T1	Bike	T2	Run	Country	Status
bec6df89-be8e-ef11-ac21-000d3a3bee86	1	Corentin Sandeau	M	M25-29	1	3:55:40	0:26:39	0:03:57	2:06:25	0:02:03	1:16:36	France	
63501253-981b-ef11-840b-002248044460	2	Jordi Vanovertveldt	M	M30-34	1	4:00:51	0:27:00	0:04:30	2:05:17	0:02:01	1:22:04	Belgium	
ca82b2db-ad9b-ef11-8a6a-000d3a338a3c	3	Romain Ducassou	M	M18-24	1	4:01:35	0:24:23	0:03:16	2:08:41	0:02:42	1:22:32	France	
41d266e8-dda6-495a-aaef-7d12348410fd	4	Andrew Brown	M	M30-34	2	4:02:15	0:26:40	0:03:27	2:07:28	0:02:26	1:22:14	Australia	
3cf5d27e-171b-445b-8532-f7dd46ceece9	5	Jost Joller	M	M35-39	1	4:02:49	0:26:39	0:03:16	2:06:42	0:02:20	1:23:51	Switzerland	
20607f15-d723-495e-9cf1-fce4b1458244	6	Thibault d'Argent	M	M30-34	3	4:03:40	0:28:27	0:03:32	2:10:43	0:02:15	1:18:44	Belgium	
13148d69-aa20-4e05-837c-778cf8dcc9d2	7	Samir Varma	M	M18-24	2	4:03:59	0:24:30	0:03:16	2:09:18	0:02:09	1:24:45	Singapore	
a6de1a58-4692-43b4-86bd-3647e0b9480f	8	Michael Zolcer	M	M35-39	2	4:06:30	0:26:53	0:03:31	2:07:03	0:02:33	1:26:29	Czech Republic	
aee426df-47a3-ef11-8a6a-000d3a595b58	9	Nikola Djordjevic	M	M30-34	4	4:06:46	0:25:01	0:03:47	2:13:35	0:02:47	1:21:37	Serbia	
83b42c68-8a02-4e2e-9f28-0f2200139a8b	10	Mihajlo Bolic	M	M18-24	3	4:07:33	0:30:24	0:03:34	2:09:34	0:02:38	1:21:22	Serbia	
949add16-500f-42ed-a88d-f7457a266385	11	Iensen Van Belleghem	M	M30-34	5	4:08:13	0:27:56	0:04:12	2:19:54	0:02:25	1:13:46	Belgium	
565914fe-aa07-4e73-be8b-58df61878e8b	12	Luka Novak	M	M40-44	1	4:09:06	0:29:58	0:05:01	2:11:22	0:02:44	1:20:02	Slovenia	
af352945-1017-4892-8ab9-a38112a7ae59	13	William Callanan	M	M18-24	4	4:09:25	0:24:55	0:03:37	2:16:47	0:03:17	1:20:49	United Kingdom	
0de34cf3-22b1-4d0b-8cbd-26dd769cbc25	14	Pavel Ivanov	M	M35-39	3	4:09:27	0:29:44	0:04:03	2:11:18	0:02:50	1:21:31	Cyprus	
79191761-de6e-ef11-a671-6045bd010fe7	15	Edoardo Santucci	M	M18-24	5	4:09:37	0:28:16	0:04:55	2:12:15	0:02:42	1:21:30	Italy	
6e184a8b-b1ea-49ac-8fce-3407471252ee	16	Ed Wilson	M	M25-29	2	4:09:52	0:25:00	0:03:31	2:14:43	0:02:54	1:23:44	United Kingdom	
6e0aec14-3488-f011-b4cc-000d3a5b7c3b	17	Jenrik Hermann	M	M25-29	3	4:10:23	0:29:26	0:04:27	2:15:57	0:02:21	1:18:12	Germany	
7e431d1e-cf31-4b7a-a245-3f422618aca8	18	Maksim Tyurin	M	M35-39	4	4:11:13	0:29:31	0:04:27	2:12:54	0:03:12	1:21:09	Unknown	
a574a843-0309-432e-8300-9da95d6e597c	19	Dusan Milosevic	M	M40-44	2	4:11:15	0:28:02	0:04:16	2:15:11	0:03:03	1:20:43	Montenegro	
9a64dcd1-2eca-4782-92f2-0a37c79e2bfa	20	Pascal Deubel	M	M35-39	5	4:11:45	0:27:35	0:04:17	2:10:56	0:02:37	1:26:19	Germany	
89b243ca-4958-f111-bec7-002248046ec8	21	Yannick Limmer	M	M25-29	4	4:12:02	0:33:56	0:03:59	2:12:46	0:02:55	1:18:25	United Kingdom	
1a4341be-9561-4994-bcb8-c3d89b718660	22	Dimitrios Tsiaras	M	M30-34	6	4:12:31	0:28:29	0:04:04	2:14:53	0:02:34	1:22:31	Greece	
dc7f2411-7122-41ca-b9a1-c4c76c460521	23	Aleš Czucz	M	M18-24	6	4:12:32	0:26:21	0:03:33	2:06:43	0:02:18	1:33:37	Slovakia	
e0d32355-c545-41dd-82dd-e2a9574188e9	24	Matheus Pontes	M	M25-29	5	4:13:01	0:27:58	0:04:33	2:14:57	0:02:55	1:22:38	Luxembourg	
55dc22b8-a019-4f7c-9dbf-5b580529cb4f	25	Luke Evans	M	M30-34	7	4:13:05	0:26:26	0:03:44	2:08:42	0:02:50	1:31:23	United Kingdom	
597ad9fc-13b4-4dd4-bf7b-82ba9c3f785b	26	Pedro Baeta	M	M35-39	6	4:13:07	0:29:08	0:04:03	2:12:10	0:03:07	1:24:39	Brazil	
dc611479-8a0c-ef11-9f89-6045bd012ace	27	Aldo Zgraggen	M	M40-44	3	4:13:27	0:28:46	0:04:03	2:10:26	0:03:07	1:27:04	Switzerland	
dc16157d-270d-4b4d-9364-eb0e11ad871d	28	Giovanni Battista Fadigati	M	M35-39	7	4:13:32	0:26:33	0:03:38	2:17:40	0:03:03	1:22:37	Italy	
dc54841d-93cf-ef11-b8e8-000d3a5a403c	29	Jean Baptiste Lousberg	M	M35-39	8	4:14:52	0:34:34	0:04:44	2:11:53	0:02:21	1:21:21	Belgium	
7e5e8212-6dae-4368-acc5-64e05df1453e	30	Ian Dempsey	M	M45-49	1	4:15:01	0:25:19	0:04:12	2:18:00	0:03:16	1:24:15	United Kingdom	
e94a151d-db3c-42eb-90d7-55b06feb73f6	31	Adi Musli	M	M40-44	4	4:15:02	0:31:21	0:04:13	2:11:16	0:02:58	1:25:13	Bahrain	
0840979d-984e-f011-877a-0022480c097c	32	Jeremy Sannier	M	M35-39	9	4:15:13	0:26:44	0:04:22	2:16:14	0:02:48	1:25:04	France	
73d03d95-0bfd-4544-878d-82c906bba00c	33	Ruben Jumelet	M	M30-34	8	4:15:19	0:30:41	0:04:34	2:11:22	0:02:12	1:26:29	Netherlands	
2415db95-c329-f011-8c4e-000d3a5b50ba	34	Enzo Maria Savelli	M	M35-39	10	4:15:52	0:27:34	0:04:23	2:14:13	0:03:13	1:26:28	Italy	
0025921d-2980-ea11-a812-000d3a5a1bfb	35	Nemanja Ristovic	M	M35-39	11	4:16:02	0:30:59	0:04:09	2:11:21	0:02:53	1:26:40	Serbia	
92cb2d13-20e9-45df-ac2e-e2999592e0aa	36	Graham Borg	M	M45-49	2	4:16:06	0:27:58	0:04:35	2:13:09	0:02:26	1:27:58	Italy	
2fc030da-bb13-4695-a0fd-d7efcd8e2063	37	Mitchell Teeuw	M	M35-39	12	4:16:18	0:33:06	0:04:57	2:11:58	0:02:18	1:23:58	Netherlands	
b03e571b-d426-411a-89f0-ba3e2922e28e	38	Lukas Tvrz	M	M30-34	9	4:16:43	0:31:14	0:04:51	2:09:38	0:03:10	1:27:49	Czech Republic	
fafb238b-a52c-4edc-9305-604951cdd8f0	39	Josef Bonavia	M	M45-49	3	4:16:52	0:32:05	0:04:02	2:13:54	0:03:06	1:23:45	Malta	
ce516db5-75c1-f011-bbd3-6045bd06578c	40	Pascal Schenk		M40-44	5	4:17:50	0:30:18	0:04:29	2:10:16	0:02:36	1:30:12	Switzerland	
f1554976-268f-4297-b95b-5a0516ef0233	41	Luca Giammatteo	M	M25-29	6	4:18:00	0:26:09	0:05:00	2:16:48	0:02:41	1:27:22	Italy	
1411843b-3d93-4bee-b5a6-b33329cb012a	42	Dragoslav Jotanovic	M	M45-49	4	4:18:19	0:29:55	0:05:06	2:14:20	0:02:26	1:26:32	Bosnia and Herzegovina	
bc763352-3051-4058-920b-9a4390da9993	43	Barlas Kazanci	M	M45-49	5	4:18:28	0:24:52	0:03:53	2:18:57	0:02:33	1:28:13	Turkey	
3e63ad31-1fad-4ba7-838b-4a31f2b60407	44	Artem Sitnikov	M	M45-49	6	4:19:10	0:33:14	0:04:55	2:14:33	0:02:12	1:24:17	Cyprus	
1c585330-8fa6-4bfa-8a89-f7f08fd40f7e	45	Valéry Fabre	M	M50-54	1	4:19:18	0:33:06	0:04:27	2:14:57	0:03:53	1:22:56	France	
9673d792-47c8-439d-88c8-5e35036b776f	46	Michel Thierry Voutat	M	M30-34	10	4:19:25	0:29:20	0:04:44	2:13:46	0:02:36	1:28:59	Switzerland	
127db0ba-e4a1-ef11-8a6a-6045bd048089	47	Julius Pisati	M	M25-29	7	4:19:25	0:28:20	0:04:51	2:15:43	0:02:39	1:27:53	Italy	
be8e9263-6ae2-ef11-8eea-6045bd018d16	48	Ole Hartvik Skogstad	M	M40-44	6	4:19:30	0:36:17	0:04:27	2:17:44	0:02:20	1:18:42	Norway	
19200aeb-1322-4b54-a01a-d4d1459edff7	49	Abdulla Almuftah	M	M30-34	11	4:20:02	0:33:35	0:04:53	2:13:44	0:03:22	1:24:28	Qatar	
897d43f8-fbb8-4695-a7a6-04bacbf375b4	50	Daurian Garrandes	F	M30-34	12	4:20:04	0:29:42	0:04:17	2:12:01	0:02:37	1:31:26	France	
77bd6c75-9823-f011-8c4d-000d3a35ffc1	51	Alberto Pavesi	M	M25-29	8	4:20:05	0:34:09	0:04:53	2:19:34	0:02:16	1:19:13	Italy	
d67f4768-48d5-44d3-9867-3c0b73f29f76	52	Nicolas Betti	F	M40-44	7	4:20:07	0:30:25	0:04:35	2:14:45	0:02:59	1:27:23	France	
9d552d75-b487-e511-9409-005056951bf1	53	Matjaž Bizjak	M	M50-54	2	4:20:28	0:30:12	0:05:21	2:14:12	0:02:23	1:28:21	Slovenia	
266748c0-02c5-42b9-8ac8-5f620fa67782	54	Mattia Masciullo	M	M25-29	9	4:20:53	0:25:48	0:03:40	2:18:20	0:02:50	1:30:15	Italy	
b68d62b6-7c41-f111-88b4-0022480b84a3	55	Nathaniel Parmenter	M	M25-29	10	4:20:57	0:28:16	0:04:41	2:17:20	0:03:02	1:27:38	United Kingdom	
736adfe1-d5d3-442e-a0fd-fe73b57e57d8	56	Matteo Vatalaro	M	M30-34	13	4:21:00	0:35:59	0:03:36	2:13:58	0:02:34	1:24:54	Italy	
6cfef00a-bcec-4642-84e1-58e180d4d253	57	Fynn Rittersberger	M	M30-34	14	4:21:27	0:35:29	0:04:48	2:15:41	0:02:50	1:22:39	Germany	
57b8ba9f-067c-f011-b4cc-000d3a5cf7d8	58	MILAN DAVIDOVIĆ	M	M30-34	15	4:21:50	0:30:17	0:04:47	2:15:50	0:02:53	1:28:03	Serbia	
ac331a74-50f4-47a0-9297-0d680d862c61	59	Markus Buchler	M	M40-44	8	4:21:57	0:29:31	0:03:54	2:12:13	0:02:41	1:33:38	Switzerland	
2c43f949-06ea-49da-b025-adec663b4a46	60	Vojtech Joza	M	M40-44	9	4:22:48	0:30:54	0:04:27	2:15:00	0:02:23	1:30:02	Czech Republic	
c2afb50d-4dea-4199-8742-9a0e13c0864f	61	Petar Peregi	M	M40-44	10	4:22:56	0:31:39	0:03:55	2:16:47	0:02:50	1:27:45	Montenegro	
c1ba30ca-0463-4965-813b-ae0b746a7efb	62	Victor Vanhullebusch	M	M25-29	11	4:22:57	0:29:52	0:05:24	2:17:02	0:02:08	1:28:32	Belgium	
90d54348-5d67-4e9b-aa25-69fc2d3bd9b5	63	Keith Murray	M	M50-54	3	4:23:09	0:29:09	0:03:32	2:10:07	0:02:33	1:37:48	United Kingdom	
05a57672-9b0b-44d5-9491-7fc0bc2ed029	64	Ben D'Hooge	M	M30-34	16	4:23:28	0:28:02	0:05:12	2:14:30	0:03:15	1:32:30	Belgium	
1c7eb8c4-bbc5-42a2-a4e4-1b68e352f6b1	65	Arif Emre Karaosman	M	M25-29	12	4:23:29	0:31:30	0:04:42	2:14:02	0:02:27	1:30:48	Turkey	
feba7a89-79a7-ef11-8a6a-000d3a5a1803	66	Alexander Borghøj	M	M18-24	7	4:23:39	0:36:12	0:04:57	2:17:38	0:02:17	1:22:35	Denmark	
d519e06c-29de-ef11-8ee9-000d3a592251	67	Simen Alexander Strømstad	M	M25-29	13	4:23:54	0:31:55	0:04:32	2:17:28	0:03:04	1:26:55	Norway	
fa6636a7-149f-4c36-9eab-2875cb0f7a67	68	Andreas Amri	M	M35-39	13	4:24:27	0:28:37	0:04:29	2:13:50	0:02:38	1:34:54	Austria	
4e5d799a-cc3d-45fd-b8fa-1897161d8984	69	Maciej Turski	M	M35-39	14	4:25:01	0:35:07	0:04:57	2:16:25	0:02:15	1:26:16	Poland	
baf8f9e9-58b1-ef11-b8e8-6045bd018d16	70	Miljan Bojić	M	M25-29	14	4:25:22	0:31:43	0:05:26	2:12:44	0:02:35	1:32:53	Bosnia and Herzegovina	
23e00f77-fda5-ef11-8a6a-000d3a59a9a1	71	Adam Lengyel	M	M35-39	15	4:25:35	0:30:08	0:06:04	2:12:47	0:03:18	1:33:18	Hungary	
9df92233-d7fd-f011-8406-0022480b35b6	72	Christian Heer	M	M50-54	4	4:25:39	0:33:29	0:04:09	2:20:39	0:02:41	1:24:41	Germany	
f6b1b5e1-9a96-f011-b4cc-0022480c097c	73	Pablo Erat	M	M55-59	1	4:25:41	0:26:33	0:03:58	2:12:48	0:03:17	1:39:05	Switzerland	
4c2fe80a-28db-41ae-817a-b06142a33101	74	Stavros Neris	M	M25-29	15	4:25:42	0:27:58	0:03:40	2:18:04	0:02:29	1:33:31	Greece	
dda5c1a4-dbaa-46a5-a6cb-002c506089ae	75	Dario Dolenc	M	M35-39	16	4:25:43	0:32:41	0:04:39	2:12:43	0:03:30	1:32:10	Slovenia	
a9e04bd0-62e9-41b1-8689-3e6093267170	76	Luis Diogo Silva Santos	M	M50-54	5	4:26:23	0:28:06	0:04:42	2:18:19	0:02:57	1:32:19	Portugal	
4743b277-c96e-40cb-8eb9-dea92b760b26	77	Luis Fabricio Gonzalez Garcia	M	M18-24	8	4:26:38	0:31:59	0:05:16	2:22:49	0:02:54	1:23:40	Mexico	
1d5c39cb-d5f9-4236-a149-8ca2e567343e	78	Selcuk Bertan	M	M45-49	7	4:26:55	0:32:29	0:04:18	2:13:17	0:02:49	1:34:03	Turkey	
14d9e67a-c53d-464d-8d70-25bd5c73fe98	79	Maksim Orlov	M	M50-54	6	4:27:06	0:31:40	0:05:33	2:16:12	0:02:47	1:30:54	Unknown	
02021e13-a8eb-ef11-9342-002248049fdc	80	Marcus Nymoen	M	M25-29	16	4:27:19	0:32:45	0:04:46	2:18:31	0:02:25	1:28:52	Norway	
9eb5ecde-c5b6-41ef-bb79-cadafe399426	81	Aleksandr Kivit	M	M25-29	17	4:27:22	0:32:28	0:05:43	2:23:32	0:02:20	1:23:19	Serbia	
4e707513-e540-4001-87fe-9bdbb566cb86	82	Sergei Arkhitckii	M	M45-49	8	4:28:16	0:31:37	0:04:31	2:13:50	0:03:32	1:34:47	Unknown	
f1f371a7-9e6b-4631-af35-5c33f68abfe1	83	Dino Pjanic	M	M50-54	7	4:28:23	0:30:52	0:05:09	2:17:15	0:03:36	1:31:32	Bosnia and Herzegovina	
c8099034-e994-4c6a-a55d-959947c4ac14	84	Kai Biermann	M	M35-39	17	4:28:42	0:32:53	0:05:00	2:21:47	0:02:50	1:26:13	Germany	
04af9fb3-5278-4a54-b358-4e9d301aaeb8	85	Nicola Repetto	M	M35-39	18	4:28:45	0:26:28	0:04:21	2:20:28	0:02:29	1:34:58	Italy	
4124ab79-7d12-ec11-b6e6-000d3a5a5374	86	Alessio Lulli	M	M40-44	11	4:29:34	0:27:35	0:06:02	2:12:52	0:03:33	1:39:31	Italy	
6e2886a9-d295-ef11-8a6a-6045bd048089	87	Mirza Gazdic	M	M30-34	17	4:30:11	0:33:49	0:04:24	2:21:46	0:02:47	1:27:26	Bosnia and Herzegovina	
440a402f-6209-eb11-a813-000d3a5a1bfb	88	Valerio Manfrini	M	M50-54	8	4:30:12	0:34:08	0:04:32	2:18:15	0:02:41	1:30:36	Italy	
56f357a7-1adf-ef11-8ee9-000d3a592251	89	Dario Grubesic	M	M25-29	18	4:30:23	0:31:03	0:04:57	2:14:03	0:02:54	1:37:26	Bosnia and Herzegovina	
3e128e3e-dabc-4a83-9ee8-a5b8ba66418d	90	Mark Žižmond	M	M25-29	19	4:31:02	0:31:28	0:05:06	2:24:25	0:03:44	1:26:19	Slovenia	
5a8da414-6cc9-4479-83c3-f05d34798a9a	91	Michal Chudý	M	M45-49	9	4:31:06	0:34:00	0:05:03	2:20:05	0:02:49	1:29:10	Slovakia	
f549bed5-275f-ef11-bfe3-000d3a367177	92	Maximilian Schnitzler	M	M30-34	18	4:31:09	0:31:09	0:04:45	2:20:36	0:02:38	1:32:00	Germany	
f1e2835a-f0c3-f011-bbd3-000d3a5b50ba	93	Alexander Bischof	M	M30-34	19	4:31:12	0:33:12	0:05:29	2:21:31	0:02:58	1:28:02	Germany	
ca67f7c9-e942-4341-a437-ab20f770221a	94	Sara Durazzi	F	F30-34	1	4:31:31	0:26:13	0:04:08	2:29:40	0:02:51	1:28:40	Italy	
503750e9-21c2-f011-bbd3-0022480c097c	95	Miha Remec	M	M18-24	9	4:31:56	0:33:01	0:05:48	2:17:03	0:02:57	1:33:08	Slovenia	
000f723f-5981-4996-9b17-550bbc03a6b1	96	Mauro Giaconia	M	M55-59	2	4:32:02	0:26:34	0:05:01	2:24:25	0:04:38	1:31:25	Italy	
e6746eb4-18af-f011-bbd3-6045bd05fcc1	97	Michela Santini	F	F45-49	1	4:32:11	0:31:00	0:04:47	2:18:45	0:02:43	1:34:56	Italy	
ae253d96-c2c0-f011-bbd2-7ced8d3c9f47	98	Romain Noel	M	M45-49	10	4:32:13	0:35:54	0:04:57	2:22:29	0:02:45	1:26:08	France	
2eeeda4f-27f6-4700-a008-1a15c8bd4e18	99	Jakob Magnusson	M	M25-29	20	4:32:19	0:34:38	0:04:27	2:23:29	0:02:25	1:27:20	Iceland	
0ea740f1-8642-f111-88b3-0022480a5755	100	Amir Nakić	M	M25-29	21	4:32:24	0:29:57	0:04:46	2:26:54	0:03:30	1:27:17	Bosnia and Herzegovina	
fd5ca6a4-066a-ef11-bfe3-00224809fd7c	101	Adriel Soares	M	M35-39	19	4:32:40	0:35:07	0:04:58	2:18:25	0:04:00	1:30:11	Portugal	
c4eb0da4-17d1-46ae-b850-149360cacf55	102	Baloffier Romain	M	M55-59	3	4:32:49	0:30:07	0:04:12	2:16:18	0:02:43	1:39:30	France	
9c0484bb-4eb9-404c-b2d3-f87ab601072a	103	Fabio Conti	M	M40-44	12	4:32:51	0:29:35	0:04:15	2:25:48	0:02:31	1:30:43	Italy	
b0ad244a-8674-4fe0-8eb1-90625bda8e8b	104	Nino Petrovic	M	M40-44	13	4:32:53	0:31:44	0:06:20				Serbia	
6f3cfd68-65a8-4d07-bb7f-a3cb1f47fb17	105	Ivo Rusev	M	M40-44	14	4:32:57	0:35:58	0:07:44	2:20:55	0:03:13	1:25:07	Bulgaria	
d755f967-fdc6-4ae3-828b-c484fcfd14eb	106	Jordan Manning	M	M40-44	15	4:33:02	0:33:21	0:05:24	2:20:53	0:02:44	1:30:40	United States	
20d7f2e4-de72-f111-ab0f-002248046ec8	107	Rashid Almesaifri	M	M30-34	20	4:33:08	0:33:35	0:05:59	2:29:39	0:02:50	1:21:04	Qatar	
dce86878-9228-4b75-b9bc-f33e0c089a61	108	Vladimir Belyaev	M	M25-29	22	4:33:25	0:31:28	0:04:30	2:17:18	0:02:58	1:37:11	Cyprus	
21fd035b-2562-f011-bec3-000d3a5cf7d8	109	Daniel Silaghe	M	M35-39	20	4:33:34	0:27:32	0:04:22	2:33:54	0:02:25	1:25:21	Romania	
f1496b4f-afd8-ef11-8ee9-000d3a592251	110	Arthur Cohan	M	M25-29	23	4:33:37	0:26:25	0:04:59	2:23:12	0:02:52	1:36:09	France	
4920719c-267a-ee11-8179-000d3a314d17	111	Nemanja Ristic	M	M18-24	10	4:33:53	0:25:11	0:03:41	2:30:44	0:05:43	1:28:35	Serbia	
aabcd50c-f88b-ef11-ac21-000d3a5b3d07	112	Yuval Khachaturov	M	M25-29	24	4:33:56	0:32:29	0:04:23	2:25:04	0:02:34	1:29:25	Israel	
ada5ba04-c35b-44d3-997c-4e44bee82159	113	Vasile Gosa	M	M50-54	9	4:34:44	0:32:04	0:04:54	2:22:54	0:03:17	1:31:35	Romania	
8a15bca1-c374-f111-ab0f-002248046ec8	114	Sebastian Hehn	M	M30-34	21	4:34:53	0:31:34	0:05:19	2:22:14	0:02:54	1:32:51	Germany	
8218dc1f-c2ac-ef11-b8e8-000d3a5ae96c	115	Ivan Savin	M	M35-39	21	4:34:54	0:36:45	0:05:00	2:19:47	0:02:44	1:30:39	Serbia	
7d853b2e-16d3-ef11-8eea-000d3a5a1803	116	Urban Maloprav	M	M30-34	22	4:35:03	0:33:02	0:04:47	2:27:10	0:02:41	1:27:23	Slovenia	
cf29e94b-8ed5-f011-8544-000d3a35ffc1	117	Kemal Artemel	M	M35-39	22	4:35:03	0:31:09	0:05:29	2:24:34	0:03:14	1:30:37	Cyprus	
73914338-4796-43ab-974d-a34c8b6eb85e	118	Emir Hodzic	M	M45-49	11	4:35:29	0:35:23	0:04:12	2:15:56	0:02:54	1:37:04	Bosnia and Herzegovina	
49d8667e-20d9-f011-8544-000d3a5b7c3b	119	Nik Alenabi	M	M18-24	11	4:35:40	0:30:43	0:04:43	2:20:02	0:03:13	1:36:59	Slovenia	
42a393f5-b088-ef11-ac21-000d3a59a9a1	120	Mirco Boccaccini	M	M35-39	23	4:36:14	0:31:49	0:03:18	2:26:21	0:02:27	1:32:20	Italy	
34dd2062-707a-4ec3-9d09-87b7346abbbb	121	Marin Sesar	M	M30-34	23	4:36:25	0:33:08	0:04:50	2:21:14	0:02:56	1:34:17	Croatia	
b0946c41-b13d-f111-88b3-0022480a5755	122	Vedran Cingarski	M	M18-24	12	4:36:37	0:33:31	0:05:29	2:22:38	0:03:23	1:31:36	North Macedonia	
7693a904-599b-4121-b61c-cda9066e3e92	123	José Fernando Reynoso	M	M25-29	25	4:36:44	0:34:11	0:05:37	2:25:46	0:03:00	1:28:12	Mexico	
a9bac269-b58f-45b1-ad29-1e8d1c505505	124	Erik Grimstad	M	M35-39	24	4:36:45	0:31:31	0:05:39	2:21:58	0:03:19	1:34:18	Norway	
ceee2d10-4e57-f011-877b-000d3a35ffc1	125	Wolfgang Tengg	M	M40-44	16	4:37:01	0:33:37	0:04:59	2:25:11	0:03:11	1:30:04	Austria	
a9483f71-9d75-f111-ab0f-0022480994c2	126	Ilija Kocic	M	M18-24	13	4:37:18	0:26:45	0:05:07	2:29:11	0:03:16	1:32:58	Serbia	
bc77a1b6-f00e-4aad-a9b5-b61bd30a3966	127	Tobias Kübler	M	M30-34	24	4:37:52	0:31:48	0:04:49	2:17:49	0:03:08	1:40:19	Switzerland	
a4f0f0fc-546a-f111-a826-6045bd08b1a2	128	Yannick Hildebrandt	M	M25-29	26	4:37:57	0:34:38	0:04:53	2:21:30	0:02:38	1:34:18	Germany	
468ff14c-4a8a-f011-b4cc-6045bd09951e	129	Eren Celik	M	M50-54	10	4:38:04	0:25:34	0:04:33	2:17:51	0:03:55	1:46:12	Turkey	
75cc0e64-0e72-4c51-9871-c6d8574cffc6	130	Davide Ciulla	M	M40-44	17	4:38:06	0:30:47	0:05:00	2:24:18	0:02:41	1:35:20	Italy	
6f8cb72c-2ff0-ef11-9342-000d3a5a1803	131	Kristers Laicans	M	M30-34	25	4:38:06	0:32:37	0:04:51	2:11:50	0:03:11	1:45:37	Latvia	
da8c67e3-f15e-494f-9de5-4be64f89aac5	132	Michal Gorol	M	M35-39	25	4:38:28	0:33:48	0:05:02	2:20:18	0:02:51	1:36:29	Poland	
58f5f414-f179-4b13-a20b-3cef6cf4e685	133	Nicholas Foulcher	M	M35-39	26	4:38:54	0:34:37	0:05:06	2:23:17	0:03:47	1:32:08	United Kingdom	
aad5b99a-b828-ef11-840a-6045bd010fe7	134	David Rigaux	M	M30-34	26	4:39:13	0:34:02	0:05:21	2:23:13	0:03:12	1:33:24	France	
7dd270ae-3c9e-4960-83aa-cdbfccd862f6	135	Dušan Gleich	M	M50-54	11	4:39:29	0:36:04	0:06:11	2:20:17	0:03:26	1:33:31	Slovenia	
992e183f-9cbc-ee11-a569-000d3a31406e	136	Daniel Michalski	M	M25-29	27	4:39:37	0:34:11	0:03:46	2:21:17	0:03:10	1:37:14	Poland	
9e2895d4-220f-44f2-96bb-3a7f322fe14b	137	Saqr Almohannadi	M	M25-29	28	4:39:41	0:34:37	0:06:27	2:28:01	0:03:09	1:27:27	Qatar	
494a491d-6bf5-f011-8406-0022480b35b6	138	Jovan Anđić	M	M35-39	27	4:39:41	0:35:27	0:04:49	2:29:46	0:02:41	1:26:57	Serbia	
f61b4659-2ed0-44e7-bcc9-0e27ba9f21e3	139	Marcin Zasepa	M	M40-44	18	4:39:46	0:36:36	0:07:06	2:25:28	0:04:30	1:26:07	Poland	
f29320af-1738-ef11-840a-00224809fd7c	140	Anna Ivanova	F	F40-44	1	4:39:58	0:28:58	0:04:02	2:27:52	0:02:30	1:36:37	Palau	
2e5a5a2f-f546-ee11-be6d-000d3a314c24	141	Tobiasz Slowioczek	M	M25-29	29	4:40:01	0:33:28	0:04:21	2:29:18	0:02:45	1:30:09	Poland	
0717213b-7810-f111-8406-0022480a5755	142	Sabit Badem	M	M35-39	28	4:40:20	0:35:05	0:05:46	2:21:16	0:03:32	1:34:41	Turkey	
80445b01-4c97-4782-817f-7b9fdfd9eb9a	143	Lazar Vuckovic	M	M30-34	27	4:40:37	0:37:09	0:04:48	2:31:53	0:02:58	1:23:49	Serbia	
e6720732-8a78-ec11-8d21-0022480b6e05	144	Dimitrios Pantelis	M	M45-49	12	4:40:52	0:32:53	0:06:40	2:22:57	0:05:05	1:33:17	Greece	
ac6b70fe-a27f-4441-aba3-bc1a213ae474	145	Andrei Hurmuz	M	M40-44	19	4:41:00	0:36:45	0:04:34	2:20:40	0:02:39	1:36:23	Romania	
f8c64a93-8530-ed11-9db1-000d3a359cdf	146	Alessandro Scollo	M	M30-34	28	4:41:05	0:35:15	0:05:26	2:30:22	0:02:46	1:27:16	Italy	
16a701ae-d81d-4fe4-a5e3-3657b219fb91	147	Tiziano Luciani	M	M40-44	20	4:41:09	0:35:32	0:05:48	2:15:47	0:04:08	1:39:54	Italy	
bf3fcbcf-8a65-f111-a825-0022480b88da	148	Moritz Münch	M	M30-34	29	4:41:16	0:34:23	0:05:15	2:22:04	0:02:38	1:36:57	Germany	
4cd7daf6-cac4-4591-9e87-56ba4ef4fd17	149	Ibrahim Bendeq	M	M30-34	30	4:41:18	0:34:08	0:06:17	2:23:19	0:03:06	1:34:28	Morocco	
66858634-0278-463c-8000-c24511078b5e	150	ADOLFO DAVID DE BOLD	M	M50-54	12	4:41:39	0:36:40	0:05:40	2:21:18	0:03:47	1:34:13	Argentina	
f0e556c2-4e5f-f111-a826-0022480b88da	151	Tiberiu-Paul Banu	M	M35-39	29	4:41:42	0:35:31	0:05:50	2:20:00	0:03:18	1:37:03	Romania	
35fa8c7c-9c2e-45bb-b6c6-f7da30f53257	152	Ludvik Simek	M	M40-44	21	4:41:47	0:33:34	0:07:25	2:21:40	0:03:49	1:35:18	Czech Republic	
59968b4b-b368-f111-a826-0022480995bd	153	Ahmed Alkholaifi	M	M18-24	14	4:41:58	0:34:29	0:04:32	2:21:42	0:02:56	1:38:20	Qatar	
56b88e62-50e7-4ec2-bfd6-125502feae61	154	Kevin Rasponi	M	M30-34	31	4:42:00	0:31:17	0:04:33	2:28:27	0:03:24	1:34:20	France	
9f6cae95-9765-4688-b06d-29f26ef3d655	155	Jani Kocjancic	M	M30-34	32	4:42:14	0:33:57	0:04:37	2:25:27	0:03:28	1:34:46	Slovenia	
391a1da6-a444-47aa-8f4e-43cbbc4d77e5	156	Savo Kovacevic	M	M50-54	13	4:42:20	0:32:20	0:05:15	2:24:03	0:04:18	1:36:24	Bosnia and Herzegovina	
35a6a31d-444c-f011-877a-000d3a5cf7d8	157	Alberto Ziliotto		M25-29	30	4:42:21	0:31:20	0:05:43	2:31:22	0:02:24	1:31:32	Italy	
45530687-e637-f011-8c4e-6045bd09951e	158	Simone Franceschini	M	M30-34	33	4:42:30	0:34:42	0:05:29	2:27:24	0:02:49	1:32:06	Italy	
e16676b2-791c-f111-8341-002248046ec8	159	Lukáš Matej	M	M25-29	31	4:42:50	0:37:01	0:04:43	2:21:09	0:03:22	1:36:34	Slovakia	
4382640a-b5ff-4e8a-b66e-a1fc8485cb99	160	Ipek Onaran Sezer	F	F40-44	2	4:43:04	0:32:32	0:05:14	2:28:05	0:03:13	1:34:01	Turkey	
908d44d6-8410-f011-9988-000d3a5b50ba	161	Thanos Gontikas	M	M35-39	30	4:43:08	0:31:34	0:05:20	2:25:12	0:03:38	1:37:24	Greece	
3d286c10-089a-f011-b4cc-6045bd05fcc1	162	Tommaso Canali	M	M25-29	32	4:43:10	0:31:10	0:04:42	2:37:44	0:03:02	1:26:32	Italy	
59959647-2057-4c9a-91b2-c868762c3be7	163	Nemanja Drazovic	M	M30-34	34	4:43:22	0:38:11	0:05:17	2:16:48	0:03:21	1:39:44	Serbia	
a0fb98c8-17dc-f011-8543-000d3a5b5fc7	164	Radek Joachimsthaler	M	M30-34	35	4:43:43	0:32:36	0:05:38	2:24:10	0:03:28	1:37:51	Czech Republic	
80fb7c21-c9d7-f011-8544-000d3a3173b5	165	filippo tenca	M	M25-29	33	4:43:48	0:27:44	0:06:13	2:33:04	0:03:56	1:32:52	Italy	
a3729f90-d9b0-4844-858b-a940d0b041c7	166	Javier ANGULO GAONA	M	M55-59	4	4:43:55	0:34:25	0:06:13	2:27:26	0:03:25	1:32:25	Spain	
af44630a-5900-4d38-8ab7-9463c2f244d7	167	Neil Mcloughlin	M	M60-64	1	4:43:57	0:33:46	0:05:38	2:26:23	0:04:04	1:34:06	United Kingdom	
ab5a1356-b9ad-43d6-914d-19a14eaaafce	168	Benjamin Skok	M	M50-54	14	4:44:05	0:35:56	0:04:58	2:25:03	0:03:57	1:34:11	Slovenia	
027cc9db-3d4a-f111-bec5-0022480b35b6	169	Dominika Josefova	F	F30-34	2	4:44:26	0:25:51	0:03:24	2:32:44	0:02:34	1:39:53	Czech Republic	
2d1fbb21-802b-4cfe-8c93-438b93a5854c	170	Martin Fuchs	M	M50-54	15	4:45:09	0:32:31	0:05:30	2:23:20	0:03:08	1:40:40	Switzerland	
a6f0b8d8-5313-ea11-a811-000d3a5a1477	171	Meriç Aser	M	M35-39	31	4:45:24	0:37:53	0:04:20	2:19:02	0:03:03	1:41:05	Turkey	
98da477d-1e7b-ee11-8179-000d3a314d17	172	SIMONE WALTER	F	F40-44	3	4:45:24	0:33:36	0:05:17	2:30:57	0:03:02	1:32:32	Germany	
f0b3e253-1af8-4cfa-80da-2e390001771c	173	Martin Lukáš	M	M40-44	22	4:45:52	0:40:47	0:04:20	2:23:21	0:03:53	1:33:30	Czech Republic	
c264d23d-1e96-f011-b4cc-000d3a5b50ba	174	Nikolai Rehnen	M	M25-29	34	4:45:54	0:37:33	0:05:18	2:23:07	0:03:28	1:36:28	Germany	
bf18d529-dcca-495e-b85d-388b32c180e2	175	Lucian-Petru Popescu	M	M45-49	13	4:46:01	0:36:06	0:07:17	2:23:16	0:03:19	1:36:02	Romania	
120ddb20-f96b-f011-bec2-000d3a5cf7d8	176	Simon Trygg	M	M40-44	23	4:46:14	0:43:19	0:06:29	2:22:01	0:03:30	1:30:55	Sweden	
7575b209-72d6-ef11-8ee9-6045bd088264	177	Mika Colic	M	M18-24	15	4:46:29	0:32:09	0:05:57	2:23:43	0:02:59	1:41:41	Serbia	
4ea80d25-4a57-458a-8669-a45353e6d299	178	Matej Tvrz	M	M25-29	35	4:46:31	0:32:47	0:04:53	2:32:54	0:02:57	1:32:59	Czech Republic	
f48a2451-c741-f111-88b4-0022480b35b6	179	Asta Run Ingvadottir	F	F18-24	1	4:47:05	0:36:48	0:05:03	2:32:29	0:02:33	1:30:11	Iceland	
44634277-6352-ef11-a317-00224809fd7c	180	Mustafa Çaglar	M	M35-39	32	4:47:07	0:37:00	0:06:00	2:29:15	0:02:45	1:32:06	Cyprus	
ea7d426d-63e6-448d-9e7c-ea50eef10db1	181	Christoula Valazioti	F	F25-29	1	4:47:16	0:33:54	0:04:26	2:30:29	0:02:46	1:35:42	Greece	
b61d5f40-190b-f111-8406-0022480b84a3	182	Iben-Armann Jeppesen	M	M25-29	36	4:47:21	0:37:51	0:04:56	2:32:15	0:03:35	1:28:45	Norway	
4a3caa64-4924-4f27-bfa8-27c1a7937fdf	183	Primoz Robinik	M	M45-49	14	4:47:27	0:32:19	0:06:05	2:24:58	0:03:20	1:40:45	Slovenia	
dfeeaf48-3d2e-ee11-bdf3-000d3a314be4	184	Lauris Estner	M	M18-24	16	4:47:31	0:33:55	0:05:33	2:33:58	0:03:00	1:31:06	France	
265ec947-c71b-473d-a325-f99820897977	185	Eva Bezlaj	F	F18-24	2	4:47:39	0:29:21	0:04:12	2:40:56	0:02:14	1:30:56	Slovenia	
de2adb16-8063-4538-b35b-1eff3549a6ed	186	Matt Ryley	M	M55-59	5	4:48:03	0:32:30	0:04:33	2:25:09	0:03:24	1:42:28	United Kingdom	
336a8e86-99c8-4ddb-8333-502cb466ee2b	187	Arnaud De Canson	M	M30-34	36	4:48:04	0:32:53	0:04:33	2:39:35	0:03:23	1:27:41	France	
15f6cd0f-6b8d-f011-b4cc-0022480c097c	188	Branko Markovic	M	M40-44	24	4:48:05	0:39:25	0:05:10	2:10:11	0:02:52	1:50:28	Serbia	
f11c3264-0248-ee11-be6d-000d3a314c24	189	Zsolt Kazamér	M	M45-49	15	4:48:21	0:34:38	0:05:51	2:23:52	0:03:40	1:40:20	Hungary	
247fa0f9-fb5c-490f-b40c-95e4ab07014a	190	Sebastian Siwy	M	M50-54	16	4:48:24	0:37:29	0:05:59	2:24:23	0:03:28	1:37:04	Poland	
6e1419c6-fceb-f011-8544-000d3a5cf7d8	191	Tudor Segarceanu	M	M18-24	17	4:48:32	0:35:02	0:05:31	2:23:36	0:03:11	1:41:13	Romania	
a71d2f37-190b-f111-8406-002248046ec8	192	Tim Edvard Pettersen	M	M35-39	33	4:48:33	0:38:04	0:05:50	2:29:34	0:03:52	1:31:13	Norway	
c6e378bf-03e8-f011-8544-6045bd09951e	193	damiano galassi	M	M25-29	37	4:48:35	0:35:22	0:05:58	2:30:20	0:03:07	1:33:49	Italy	
0110cb8a-3958-4ffc-a2e3-375cbb07e44d	194	Tjaša Žnidar	F	F45-49	2	4:48:43	0:30:25	0:05:40	2:29:00	0:02:32	1:41:06	Slovenia	
b2050dd1-e7ed-ef11-9342-002248049fdc	195	Igor Kosanovic	M	M18-24	18	4:48:45	0:38:03	0:05:40	2:34:30	0:03:30	1:27:02	Norway	
129182d5-e38d-4ef4-9e1b-c1b4a3b4bc5c	196	Dominik Siwy	M	M45-49	16	4:48:59	0:34:36	0:06:08	2:21:33	0:02:53	1:43:49	Poland	
31e42ce3-e932-48e2-95e7-60d679fcf4c2	197	Ignacio Fort	M	M30-34	37	4:49:03	0:35:00	0:05:48	2:30:13	0:02:49	1:35:14	Spain	
0c00f047-87c7-f011-bbd3-000d3a5cf7d8	198	Igor Bekić	M	M50-54	17	4:49:11	0:34:15	0:06:45	2:26:28	0:03:20	1:38:23	Bosnia and Herzegovina	
941b18d1-475f-f111-a826-0022480b3ee9	199	Sebastian Peter Wagner	M	M40-44	25	4:49:12	0:33:49	0:06:16	2:26:32	0:04:16	1:38:18	Germany	
55d8e269-c2d5-4407-bf6b-4f26c5cc74d0	200	Konstantinos Kapopoulos	M	M45-49	17	4:49:26	0:35:03	0:05:40	2:24:35	0:03:24	1:40:46	Greece	
b8734b22-c6ac-4313-9809-918045f6d065	201	Flander Marci	M	F35-39	1	4:49:31	0:27:49	0:04:44	2:34:58	0:02:42	1:39:17	Hungary	
6d95f893-2216-4f48-9d50-bd03eeb8cc7f	202	Hüseyin Onur Aydemir	M	M40-44	26	4:49:47	0:30:18	0:05:56	2:25:43	0:03:02	1:44:48	Turkey	
dd7cc387-d980-44c2-bf0b-ca7192dd2298	203	Semih Ural	M	M40-44	27	4:49:49	0:33:13	0:07:06	2:28:39	0:04:09	1:36:42	Turkey	
63e79ad9-b978-ee11-8179-0022480acaa6	204	Artem Kupratsevich	M	M30-34	38	4:49:53	0:34:21	0:06:24	2:35:14	0:03:14	1:30:39	Serbia	
e61d32df-2ecf-49e6-a61c-56020fe55967	205	Dominik Lenz	M	M30-34	39	4:49:59	0:29:37	0:04:49	2:17:57	0:02:57	1:54:39	Germany	
d1923e14-b012-ef11-9f8a-000d3a3b5bb1	206	Teddy RAMOS	M	M25-29	38	4:50:03	0:36:56	0:05:19	2:31:31	0:03:25	1:32:52	France	
e0127c39-8f60-ef11-bfe3-00224809fd7c	207	Mihailo Vorotovic	M	M45-49	18	4:50:15	0:36:17	0:05:24	2:29:15	0:03:31	1:35:49	Montenegro	
496f7bfa-f741-ea11-a812-000d3a5a1f86	208	Aleksei Maksimkin	M	M35-39	34	4:50:21	0:34:46	0:05:21	2:25:06	0:03:11	1:41:57	Unknown	
cb865543-416b-4255-a082-5a3a7677e4ca	209	Tatsuya Imai	M	M55-59	6	4:50:22	0:29:01	0:04:54	2:36:10	0:02:27	1:37:49	Japan	
7998b0a5-608f-4a2e-b354-7348e28113ec	210	Federico Dall'Olio	M	M45-49	19	4:50:23	0:33:04	0:06:11	2:22:08	0:03:11	1:45:49	Italy	
116bd0a7-3974-4a75-a0dc-3c94a501d0b4	211	Luis Ignacio Urbina Martinez	M	M40-44	28	4:50:33	0:36:45	0:05:49	2:29:28	0:03:46	1:34:45	Mexico	
8298a441-9232-4ef3-bf2c-0eb52c13f808	212	Lazar Kaljevic	M	M25-29	39	4:50:37	0:32:23	0:05:11	2:35:28	0:03:24	1:34:11	Serbia	
2b533832-9354-4ccb-8051-0f610a66d6d7	213	Nigel Camilleri	M	M45-49	20	4:50:46	0:36:28	0:06:16	2:25:59	0:04:06	1:37:58	Malta	
e1d82b14-7852-f111-bec7-0022480b3ee9	214	Edoardo Regruto Tomalino	M	M18-24	19	4:51:25	0:30:13	0:04:58	2:39:07	0:03:01	1:34:05	Italy	
d333a59e-1a15-f011-998a-002248098cfa	215	Karlo Juricic	M	M25-29	40	4:51:33	0:39:08	0:05:07	2:27:00	0:03:27	1:36:51	Croatia	
0b912d2b-8460-4135-a2d8-1abc7582cbb8	216	Theofanis Kidonis	M	M40-44	29	4:51:36	0:35:31	0:05:29	2:22:56	0:04:18	1:43:24	Greece	
1f864199-9b1f-ef11-840b-002248044460	217	Marko Babin	M	M25-29	41	4:51:38	0:32:36	0:06:06	2:25:27	0:03:58	1:43:32	Serbia	
f9c38f88-dc72-45dc-a50a-597fb16835ca	218	Marius Bernatonis	M	M35-39	35	4:51:43	0:37:28	0:06:19	2:24:04	0:03:39	1:40:14	Lithuania	
d0977eeb-dc23-ef11-840a-6045bd0554da	219	RAFFAELE TENTORI	M	M55-59	7	4:51:47	0:32:04	0:05:51	2:28:38	0:03:15	1:41:58	Italy	
44e9d5a1-0944-ef11-8409-6045bd010fe7	220	Bojan Stekic	M	M30-34	40	4:51:50	0:36:33	0:05:59	2:32:38	0:03:17	1:33:23	Serbia	
1f203451-8845-ee11-be6d-000d3a314c24	221	Filipe Matos	M	M40-44	30	4:51:54	0:36:05	0:04:57	2:26:05	0:03:41	1:41:06	Portugal	
051c82ce-f86c-4889-a535-9583d608627a	222	Vera Kagan	F	F35-39	2	4:52:14	0:38:35	0:05:10	2:27:02	0:03:08	1:38:19	Israel	
cc3c6248-cc87-f011-b4cc-000d3a5cf7d8	223	Riccardo Brunazzo	M	M25-29	42	4:52:15	0:38:02	0:05:17	2:26:30	0:02:41	1:39:44	Italy	
a5b1e528-0d18-f111-8341-6045bd0329b3	224	Tomáš Zámecčník	M	M35-39	36	4:52:25	0:32:08	0:04:31	2:25:50	0:03:01	1:46:54	Slovakia	
f06e0a4c-5995-ef11-8a6a-6045bd02949c	225	Ralph Abi Ghanem	M	M30-34	41	4:52:41	0:36:43	0:06:49	2:33:50	0:03:07	1:32:12	Lebanon	
d9d60665-ac09-4c94-9314-c84f72136440	226	Bakó Attila	M	M45-49	21	4:52:49	0:40:36	0:06:39	2:19:35	0:03:29	1:42:29	Hungary	
c4cf8a03-5651-4439-995c-fbe9ade47efc	227	Michaela Chromik	F	F40-44	4	4:52:50	0:35:55	0:05:12	2:30:00	0:03:55	1:37:47	Czech Republic	
56cc6b76-c057-44ce-84df-93cd25b05f1d	228	Nezka Kavcic	F	F40-44	5	4:52:56	0:34:56	0:06:06	2:34:32	0:03:51	1:33:31	Slovenia	
1564328a-4809-f111-8406-0022480b3ee9	229	Daniel Hasson	M	M18-24	20	4:53:09	0:24:56	0:04:07	2:38:44	0:02:29	1:42:53	Canada	
1341d976-21cd-4a8a-81f3-fb6e7bfd48af	230	Abdulaziz Jassim Alkuwari	M	M25-29	43	4:53:19	0:39:16	0:06:01	2:36:22	0:03:08	1:28:32	Qatar	
9c79a972-75fc-f011-8406-0022480b3a8e	231	Sebastiaan Möckel	M	M25-29	44	4:53:40	0:34:07	0:06:12	2:28:07	0:03:11	1:42:03	Netherlands	
8db26f5f-5f06-4129-b428-5a70eb8987c9	232	Mircea Meici	M	M45-49	22	4:53:48	0:36:47	0:04:50	2:31:44	0:03:19	1:37:07	Romania	
96074f92-21eb-4596-b61a-939be39b06b2	233	Baker Josh	M	M40-44	31	4:53:51	0:30:04	0:04:34	2:27:47	0:03:14	1:48:12	United Kingdom	
016be16d-f7af-f011-bbd3-6045bd05fcc1	234	Sascha Bihler	M	M45-49	23	4:54:08	0:33:48	0:07:20	2:21:23	0:03:30	1:48:07	Germany	
fac0375d-7fd6-ea11-a813-000d3a591f9a	235	Davide Devidè	M	M50-54	18	4:54:35	0:34:07	0:07:36	2:32:13	0:04:04	1:36:34	Italy	
d605508e-4592-f011-b4cc-6045bd05fcc1	236	Caterina Rinaldi	F	F25-29	2	4:54:37	0:33:56	0:04:39	2:43:12	0:02:31	1:30:19	Italy	
2c5b70a3-5652-44bd-a531-968d2b1700c3	237	Igor Vukovic	M	M45-49	24	4:54:52	0:34:34	0:05:10	2:23:52	0:02:56	1:48:20	Serbia	
0ffc6bb3-cc0a-ea11-a811-000d3a5a1cf8	238	Emre Aydin	M	M45-49	25	4:54:55	0:33:46	0:05:16	2:28:07	0:04:04	1:43:42	Turkey	
880ea36c-8f0a-42a2-b1ae-e5ef8ea0488f	239	Adam Krenek	M	M35-39	37	4:54:55	0:35:08	0:04:53	2:21:59	0:03:28	1:49:28	Czech Republic	
5e66c365-a873-f111-ab0f-0022480b35b6	240	Mohammed Alnuaimi	M	M35-39	38	4:54:56	0:35:04	0:05:23	2:27:25	0:03:31	1:43:33	Qatar	
e17d476d-ebab-478e-aa5c-cacc1b64a487	241	Michal Navrátil	M	M45-49	26	4:55:02	0:34:26	0:05:05	2:25:00	0:03:45	1:46:46	Czech Republic	
3e8f3246-10fa-4149-92d7-753dddc73146	242	Charalampos Patoulios	M	M30-34	42	4:55:14	0:34:46	0:04:43	2:33:46	0:03:14	1:38:45	Greece	
e1cccd16-7266-f111-a825-0022480b35b6	243	Fraser Baggaley	M	M18-24	21	4:55:23	0:31:08	0:03:58	2:43:19	0:02:56	1:34:02	United Kingdom	
19c5e4ef-7c55-ef11-a317-6045bd0953ac	244	Jovan Stevanovic	M	M25-29	45	4:56:15	0:34:14	0:04:41	2:25:18	0:03:03	1:49:00	Serbia	
462a84a4-5bfb-4aeb-a110-78f2b08442b4	245	Ioannis Chouilidis	M	M35-39	39	4:56:21	0:36:01	0:05:43	2:35:23	0:02:50	1:36:24	Greece	
c8f35eb4-ab39-4c73-b5b0-a6be55c7997c	246	Carl Sjöstrand	M	M45-49	27	4:56:30	0:36:03	0:05:38	2:21:51	0:03:33	1:49:24	Sweden	
1e8e23b3-bd67-f011-bec3-6045bd05f634	247	Nico Jansen	M	M25-29	46	4:56:40	0:33:26	0:07:26	2:33:43	0:04:02	1:38:03	Germany	
3ffa1d46-fdcf-f011-bbd3-002248098cfa	248	Nebojsa Radanovic	M	M30-34	43	4:56:43	0:38:05	0:04:30	2:31:15	0:04:20	1:38:33	Kuwait	
954285fe-54da-478b-a17c-448fa2738f90	249	Mazin Al-Omairi	M	M30-34	44	4:56:44	0:34:40	0:05:04	2:23:04	0:02:32	1:51:24	Oman	
40d5d485-78c0-4a74-a2bd-4bd84c8b992f	250	Filippo Cavadini	M	M55-59	8	4:56:45	0:33:51	0:04:28	2:29:57	0:03:13	1:45:16	Italy	
36391151-e19e-f011-b41c-6045bd05fcc1	251	Alberto Nolli	M	M30-34	45	4:56:49	0:32:21	0:06:37	2:32:18	0:03:16	1:42:17	Italy	
72298cf6-24dc-4142-b7b9-632d04f5d1ad	252	Andrea Stefanini	M	M50-54	19	4:56:52	0:32:24	0:05:42	2:24:09	0:03:35	1:51:03	Italy	
0a72798c-2c25-f111-8341-6045bd08b1a2	253	Alina Sticher	F	F18-24	3	4:56:57	0:32:48	0:05:03	2:37:47	0:02:32	1:38:47	Switzerland	
20921d00-6748-f011-8779-000d3a305078	254	baptiste geiger	M	M25-29	47	4:57:05	0:40:49	0:05:18	2:35:27	0:02:33	1:32:59	France	
87e7e65a-00fa-49ff-8271-3907573b99a0	255	Aris Saltagiannis	M	M25-29	48	4:57:13	0:42:38	0:05:28	2:24:52	0:03:01	1:41:15	Greece	
36b19468-c77f-ea11-a812-000d3a5a1bfb	256	Rikardo Marenzi	M	M30-34	46	4:57:36	0:30:29	0:05:45	2:24:01	0:02:38	1:54:42	Croatia	
126d035d-eb82-e911-a98d-000d3a34ecdb	257	Rolf Olmesdahl	M	M60-64	2	4:57:37	0:31:14	0:05:37	2:23:32	0:03:02	1:54:11	Switzerland	
b9fbe44e-ce75-ef11-a670-6045bd05c1dc	258	Slaven Mustapić	M	M25-29	49	4:57:37	0:36:57	0:05:22	2:33:03	0:02:52	1:39:22	Bosnia and Herzegovina	
4c439a17-24e9-f011-8544-000d3a35ffc1	259	Salman Alfarsi	M	M25-29	50	4:57:44	0:32:46	0:05:14	2:23:20	0:03:04	1:53:19	Qatar	
915f08b2-ac8d-f011-b4cc-000d3a3173b5	260	LOKMAN ALTIN	M	M35-39	40	4:57:44	0:36:21	0:05:56	2:20:59	0:03:26	1:51:02	Turkey	
751b803a-4dd6-4f43-8390-f798c47f8899	261	Frantisek Vorel	M	M40-44	32	4:57:45	0:36:59	0:04:43	2:21:22	0:03:13	1:51:28	Czech Republic	
3fb2c09e-ed78-f011-b4cc-000d3a3173b5	262	Emre Mesutoğlu	M	M18-24	22	4:57:50	0:31:57	0:05:12	2:26:33	0:03:39	1:50:30	Turkey	
0049adef-cc5b-47f1-a30c-3e039d5f8ce4	263	Franziska Weiß	F	F25-29	3	4:58:03	0:32:40	0:04:55	2:39:51	0:02:44	1:37:53	Germany	
cfe49ff1-296b-4b35-9026-72ab07a358e9	264	Andrea Maggiulli	M	M55-59	9	4:58:07	0:31:53	0:06:12	2:34:37	0:03:06	1:42:19	Switzerland	
96c97a8b-fd4a-4af9-b2b1-3e158ed0fbae	265	Branko Trajkovski	M	M40-44	33	4:58:12	0:38:44	0:07:49	2:28:02	0:05:42	1:37:55	North Macedonia	
90467924-145a-43b2-ad6e-c3fc38840f06	266	Pavel Teslov	M	M50-54	20	4:58:18	0:35:09	0:06:39	2:29:56	0:05:04	1:41:29	Georgia	
d4527a35-a81f-f011-998a-000d3a5b50ba	267	Ivan Marušić	M	M40-44	34	4:58:19	0:39:30	0:06:20	2:31:11	0:03:36	1:37:42	Croatia	
5a12c0b9-0c63-f111-a825-002248046451	268	Dumitriu Marius	M	M45-49	28	4:58:30	0:38:44	0:06:33	2:30:18	0:03:31	1:39:23	Romania	
e418d8d4-f694-40cd-873b-87781c86fb02	269	Ida Jarner	F	F45-49	3	4:58:37	0:33:38	0:04:48	2:28:57	0:03:17	1:47:58	Denmark	
d7f3d971-dc99-41a8-bc0f-a5d8a6595f2d	270	Joe Lovell	M	M35-39	41	4:58:39	0:32:58	0:07:45	2:37:33	0:04:13	1:36:10	United Kingdom	
4b560760-a868-492e-ae36-8fbac6b4ae93	271	Nenad Milic	M	M50-54	21	4:58:53	0:37:02	0:05:36	2:28:19	0:03:41	1:44:16	Serbia	
8376aa15-a06a-4b45-b9cf-763366567baf	272	Theodoros Angelidis	M	M40-44	35	4:59:02	0:42:06	0:05:04	2:25:55	0:03:00	1:42:57	Greece	
ec766064-97c0-f011-bbd3-000d3a5b50ba	273	Ivan Savić	M	M18-24	23	4:59:06	0:38:59	0:04:16	2:38:21	0:02:40	1:34:49	Serbia	
a6cf6014-c3ef-f011-8406-000d3a5b5fc7	274	Leonardo Biggio	M	M40-44	36	4:59:12	0:35:37	0:07:54	2:29:12	0:05:34	1:40:56	Italy	
b212c138-4496-ef11-8a6a-002248049fdc	275	Vladimir Mitić	M	M35-39	42	4:59:17	0:40:09	0:05:45	2:37:30	0:03:17	1:32:37	Serbia	
c71f717f-7576-4486-9ef6-757194512678	276	JACQUES TROTTIER	M	M55-59	10	4:59:28	0:34:14	0:05:31	2:39:27	0:03:04	1:37:13	France	
8f679873-bdd1-488d-bf01-21222c4beee8	277	Zan Pece	M	M30-34	47	4:59:28	0:37:15	0:06:06	2:31:52	0:03:24	1:40:51	Slovenia	
1331b352-7c88-f111-ab10-6045bd06566a	278	Tamás Szarka	M	M45-49	29	4:59:43	0:35:11	0:05:13	2:31:36	0:02:54	1:44:49	Hungary	
7cdfca3b-7fab-4fc4-b086-48ab3b2b294e	279	Jonathan Dhayer	M	M25-29	51	4:59:45	0:36:34	0:06:17	2:37:35	0:03:39	1:35:41	France	
3beaad5a-6fdd-ee11-904d-000d3a314c24	280	Dylan Park	M	M30-34	48	4:59:49	0:31:01	0:05:15	2:42:18	0:02:45	1:38:30	South Africa	
21d003b4-2a47-f111-bec6-0022480994c2	281	Ivan Uroševic	M	M18-24	24	4:59:52	0:38:19	0:05:51	2:41:41	0:03:43	1:30:18	Serbia	
39752545-0b18-f111-8341-6045bd08b1a2	282	Richard Konta	M	M35-39	43	4:59:56	0:43:43	0:04:27	2:30:02	0:02:34	1:39:10	Slovakia	
81a46184-f779-44b7-a876-bf55469a0a59	283	Nemanja Kršljanin	M	M30-34	49	5:00:00	0:40:45	0:05:43	2:31:02	0:04:00	1:38:30	Serbia	
133e77bf-c7f6-ef11-9341-6045bd088264	284	Antonijo Matijaševic	M	M30-34	50	5:00:26	0:37:11	0:06:28	2:35:54	0:03:30	1:37:23	Croatia	
215c8d4f-ca9a-f011-b4cc-000d3a3173b5	285	Fernanda Bettim	F	F35-39	3	5:00:40	0:32:10	0:05:04	2:39:29	0:03:17	1:40:40	Italy	
7d2a32e8-e572-4385-807f-caa4e9d455b6	286	Çağrı Öncü	M	M40-44	37	5:00:57	0:42:29	0:06:04	2:28:50	0:02:47	1:40:48	Turkey	
455549bd-0298-4738-9b80-c82f2d31aa61	287	Kamal Fouad	M	M45-49	30	5:01:18	0:28:44	0:05:38	2:36:59	0:02:47	1:47:11	Egypt	
e2d547df-5f3c-4258-b8b1-454cc3e48b91	288	Ionut Silinc	M	M40-44	38	5:01:20	0:37:36	0:06:17	2:33:24	0:03:33	1:40:30	Romania	
a21314ba-7ecd-437d-9da9-f07c3fd20fa4	289	Frederic LEBLANC	M	M60-64	3	5:01:33	0:37:28	0:05:09	2:31:30	0:03:27	1:43:59	France	
56c4cce3-3b80-4143-8746-feba597acef8	290	Federico Amate Di Pietro	M	M50-54	22	5:01:50	0:44:35	0:04:57	2:29:38	0:03:54	1:38:45	Spain	
e69c1b39-67f9-f011-8406-002248046ec8	291	Anna Katalin Kis	F	F25-29	4	5:01:50	0:29:21	0:04:34	2:49:33	0:03:02	1:35:20	Hungary	
c66f1868-1091-ef11-ac21-000d3a30152c	292	PAULA CANIZAL	F	F30-34	3	5:01:55	0:32:43	0:04:12	2:40:47	0:02:14	1:41:58	Spain	
eaeda57f-b2b3-ef11-b8e8-000d3a5a403c	293	Fedor Juric	M	M30-34	51	5:01:57	0:37:06	0:05:12	2:42:44	0:02:57	1:33:59	Serbia	
ea9ec46a-03c8-4754-878f-f72a29bd57aa	294	Richard Bumann	M	M35-39	44	5:01:59	0:36:40	0:06:16	2:33:22	0:03:46	1:41:55	Switzerland	
251504ea-fbf5-ee11-a1fd-6045bd07b725	295	Sölvi egilsson		M18-24	25	5:02:07	0:33:24	0:04:16	2:46:06	0:02:19	1:36:01	Iceland	
0f08af1a-23d7-ee11-9079-000d3a314c24	296	Igor Fokin	M	M30-34	52	5:02:07	0:32:58	0:07:39	2:40:35	0:03:00	1:37:55	Serbia	
3cc99362-2caa-41b6-8538-9b8c15e6316b	297	Vladimir Rziankin	M	M40-44	39	5:02:17	0:40:48	0:06:14	2:28:49	0:03:31	1:42:56	Unknown	
e02caac6-d952-f111-bec6-0022480b88da	298	Jiří Tuček	M	M30-34	53	5:02:23	0:33:11	0:05:33	2:25:33	0:03:39	1:54:26	Czech Republic	
55459cca-7b42-f111-88b3-6045bd08b1a2	299	Mon Miseur	M	M25-29	52	5:02:27	0:38:33	0:05:19	2:28:02	0:02:59	1:47:33	Belgium	
caf404cb-ef52-f111-bec6-0022480a5755	300	Lajos Torok	M	M40-44	40	5:02:38	0:35:02	0:06:31	2:23:47	0:04:05	1:53:14	Hungary	
7356bfb0-eafd-f011-8406-6045bd08b1a2	301	Alfie Richardson	M	M18-24	26	5:02:56	0:43:06	0:04:47	2:39:41	0:03:01	1:32:20	United Kingdom	
c56bce69-ea4e-f111-bec5-0022480a5755	302	Will Dean	M	M18-24	27	5:02:59	0:36:56	0:05:21	2:47:43	0:03:12	1:29:48	United Kingdom	
824faf99-3c58-4f81-8f72-4bfaa2cc644e	303	George Mountis	M	M45-49	31	5:03:22	0:35:56	0:08:09	2:36:44	0:03:42	1:38:51	Cyprus	
6b4edeef-15f5-4456-9cc8-c511c2ad2bd5	304	Mohamed Almulla	M	M25-29	53	5:03:25	0:38:31	0:05:18	2:32:29	0:03:42	1:43:25	United Arab Emirates	
8f9b9c39-d4cd-f011-bbd3-6045bd05fcc1	305	Timo Kasper	M	M30-34	54	5:03:26	0:42:22	0:06:04	2:32:39	0:04:06	1:38:15	Germany	
ce1208f0-86d0-4ddb-b151-16b871948800	306	Aneta De Kandija	F	F40-44	6	5:03:26	0:32:48	0:05:29	2:33:13	0:03:48	1:48:07	Serbia	
875634c7-9bc0-f011-bbd3-000d3a5b50ba	307	Niklas Etter	M	M18-24	28	5:03:43	0:37:49	0:05:39	2:33:20	0:02:44	1:44:11	Switzerland	
59e50760-62ea-f011-8544-000d3a3173b5	308	Lucas Goossens	M	M25-29	54	5:03:46	0:37:07	0:06:13	2:44:00	0:03:46	1:32:39	Belgium	
2cedafba-47c7-4e7b-affa-c71f4213e768	309	Claudio De Marchi	M	M55-59	11	5:03:47	0:34:37	0:06:27	2:34:44	0:04:19	1:43:40	Italy	
fa82b161-63f0-4173-94c7-3eab6f9f57e5	310	Mirza Jamakovic	M	M45-49	32	5:03:54	0:36:04	0:06:38	2:34:56	0:03:24	1:42:52	Bosnia and Herzegovina	
b2416ef3-e4dc-ef11-8eea-002248049fdc	311	Patricia Schwärzler	F	F30-34	4	5:03:59	0:35:38	0:05:13	2:33:31	0:02:50	1:46:48	Austria	
a6c46269-2989-4fb7-b929-98b86907ca1c	312	Elisa Ferrari	F	F25-29	5	5:04:02	0:32:05	0:04:51	2:30:33	0:02:54	1:53:39	Italy	
ff73ad70-9ba2-46d8-9d8f-ef979d5d3bf1	313	Lukáš Felis	M	M35-39	45	5:04:13	0:30:41	0:05:59	2:42:12	0:03:22	1:41:58	Slovakia	
a5a7e4cd-73a6-ea11-a812-000d3a3809d1	314	Liviu Chirita	M	M40-44	41	5:04:16	0:43:50	0:05:43	2:32:01	0:03:17	1:39:25	Romania	
0fcb50a8-4a3d-f111-88b4-0022480994c2	315	FINLAY OVEREND	M	M18-24	29	5:04:18	0:34:43	0:08:01	2:39:04	0:02:54	1:39:36	United Kingdom	
40423883-2e17-45d9-b8ce-85efcccd1923	316	Aleksey Vdovin	M	M35-39	46	5:04:34	0:37:26	0:06:49	2:29:47	0:03:53	1:46:39	Unknown	
44041f44-02f0-4ad4-8ab2-ccafd1d32f11	317	Estève Dal Gobbo	M	M50-54	23	5:04:39	0:37:42	0:06:00	2:28:35	0:04:15	1:48:08	France	
4214de12-c0d2-f011-8543-6045bd05fcc1	318	Omer Toker	M	M25-29	55	5:04:46	0:31:16	0:06:10	2:34:55	0:03:07	1:49:18	Turkey	
cea07b2f-4654-4cde-808b-38ff2e730470	319	Szilard Csizmadia	M	M45-49	33	5:04:52	0:38:47	0:06:48	2:30:36	0:03:55	1:44:46	Hungary	
c3528ef0-e9fe-f011-8406-6045bd06566a	320	Robert Maurer	M	M50-54	24	5:05:05	0:34:47	0:06:12	2:34:00	0:04:25	1:45:41	Austria	
0d1eb4e6-b170-449a-bba6-7fb43e04ddec	321	Vojislav Popovic	M	M40-44	42	5:05:08	0:39:06	0:05:31	2:34:37	0:03:38	1:42:16	Serbia	
ddf37e7d-b747-f111-bec6-0022480b84a3	322	Lazar Jelic	M	M25-29	56	5:05:14	0:34:59	0:06:58	2:42:10	0:03:09	1:37:58	Serbia	
8ff3a16b-2d7a-4046-8018-6c4449538376	323	Sébastien Celor	M	M40-44	43	5:05:23	0:33:50	0:05:10	2:25:17	0:04:13	1:56:54	France	
8f02f5a0-a25d-f111-a826-0022480b35b6	324	Isabella Gollin	F	F35-39	4	5:05:32	0:35:12	0:06:31	2:43:24	0:02:53	1:37:32	Italy	
8b768dc7-fb3c-ed11-9db0-00224806ae7d	325	Dušan Kašcelan	M	M40-44	44	5:05:36	0:38:05	0:06:05	2:33:48	0:03:40	1:43:57	Montenegro	
1f8f6b48-797f-f111-ab0e-70a8a5b19cbc	326	Martin Teplan	M	M30-34	55	5:05:40	0:45:50	0:07:25	2:27:48	0:03:49	1:40:48	Slovakia	
509789b4-fa15-48f0-8732-c223fb73680c	327	Dusan Novakovic	M	M40-44	45	5:05:50	0:32:23	0:05:33	2:22:28	0:03:48	2:01:38	Sweden	
8424cf7d-a2dd-f011-8544-000d3a3173b5	328	Dusko Azmanov	M	M40-44	46	5:05:55	0:40:20	0:05:35	2:33:34	0:03:12	1:43:14	North Macedonia	
6c71ad32-c83c-f111-88b3-6045bd08b1a2	329	Sorin Bundurus	M	M40-44	47	5:05:55	0:35:51	0:06:53	2:31:31	0:04:20	1:47:20	Romania	
cc9fcbe7-ce11-f111-8406-7ced8d70ba1a	330	Georgian Popovici	M	M30-34	56	5:06:09	0:44:06	0:04:29	2:36:35	0:03:14	1:37:46	Romania	
6f528aff-d409-f111-8406-6045bd06566a	331	Domokos Takacs	M	M40-44	48	5:06:22	0:34:43	0:07:21	2:40:33	0:03:53	1:39:51	Hungary	
fbc3d2e4-8857-4603-9b75-52899b6d516d	332	Luca Agosti	M	M45-49	34	5:06:22	0:33:38	0:07:27	2:32:16	0:04:28	1:48:32	Italy	
8960d97c-1bdc-f011-8544-000d3a5b50ba	333	Zbynek Olmer	M	M30-34	57	5:06:27	0:35:53	0:06:32	2:33:03	0:03:21	1:47:38	Czech Republic	
d34785ff-4a3d-f111-88b3-6045bd06566a	334	Maximilian von Fuchs-Nordhoff	M	M18-24	30	5:06:30	0:34:49	0:05:42	2:23:47	0:05:06	1:57:06	Germany	
c0c73951-5fe4-f011-8544-0022480a7385	335	Nicolas Quiñonez Townson	M	M18-24	31	5:06:32	0:31:26	0:06:01	2:47:31	0:03:08	1:38:26	Guatemala	
dd79a972-943e-4f1d-875f-cc8296b2d534	336	Francesco Miccoli	M	M50-54	25	5:06:37	0:30:08	0:04:56	2:45:22	0:04:04	1:42:08	Italy	
5a229a61-3b4c-f011-877a-0022480a7385	337	Marko Sindjic	M	M35-39	47	5:06:41	0:36:16	0:05:26	2:43:28	0:03:30	1:38:00	Serbia	
914cc240-0437-435c-a776-41aa1e008f66	338	Michal Bureš	M	M50-54	26	5:07:08	0:34:52	0:06:34	2:36:08	0:03:23	1:46:12	Czech Republic	
4a567870-f3b3-ef11-b8e9-002248049fdc	339	Patrik SEMELBAUER	M	M30-34	58	5:07:13	0:42:21	0:05:49	2:34:42	0:03:51	1:40:30	Slovakia	
d5a0540d-05c3-f011-bbd3-000d3a5b50ba	340	Vladislav Kondratev	M	M25-29	57	5:07:16	0:42:21	0:05:43	2:38:55	0:03:22	1:36:55	Unknown	
06fd8527-b17c-ef11-a670-000d3a59a9a1	341	Özgür Ergün	M	M40-44	49	5:07:25	0:35:07	0:06:45	2:32:24	0:03:29	1:49:41	Turkey	
c6db127d-6c07-f111-8406-000d3a37e3f6	342	Jon Bartolj	M	M18-24	32	5:07:42	0:35:28	0:05:14	2:35:40	0:03:16	1:48:04	Slovenia	
e83d337c-bad5-42e3-a4d5-1845ab42d0b2	343	Amur Bašic	M	M55-59	12	5:07:45	0:33:32	0:06:26	2:34:54	0:03:25	1:49:27	Bosnia and Herzegovina	
b5a57920-d346-f011-877a-6045bd09951e	344	Erhan Günem	M	M50-54	27	5:07:50	0:31:57	0:06:13	2:34:48	0:04:59	1:49:52	Turkey	
3b6fa79c-a182-f111-ab0f-0022480a5755	345	Marko Azaric	M	M18-24	33	5:08:19	0:33:46	0:04:49	2:54:23	0:02:58	1:32:24	Serbia	
1ada1364-4058-f111-bec7-6045bd06566a	346	Samuel Maloš	M	M18-24	34	5:08:21	0:48:13	0:05:21	2:20:01	0:03:03	1:51:43	Slovakia	
481fcb66-d407-f111-8406-0022480994c2	347	Abdulrahman Almuftah	M	M25-29	58	5:08:22	0:47:56	0:06:41	2:22:28	0:02:51	1:48:26	Qatar	
bb795b61-cd6f-f011-bec3-6045bd05f634	348	Marie Van de Velde	F	F25-29	6	5:08:31	0:35:42	0:05:14	2:39:16	0:03:13	1:45:06	Belgium	
c5cf714d-e13c-f111-88b3-6045bd08b1a2	349	Ali Alhitmi	M	M18-24	35	5:08:36	0:40:27	0:06:41	2:36:45	0:04:20	1:40:23	Qatar	
996fb28f-1561-ee11-be6e-000d3a31406e	350	Vuk Nikolic	M	M18-24	36	5:08:48	0:34:49	0:06:52	2:50:48	0:02:47	1:33:32	Serbia	
cf3a6b37-7e3f-f011-b4ca-000d3a5b7c3b	351	Michaël Smets	M	M35-39	48	5:09:09	0:38:29	0:07:14	2:37:34	0:03:55	1:41:57	Belgium	
8665ace4-cbb5-f011-bbd3-0022480a7385	352	Adnan Čelik	M	M35-39	49	5:09:10	0:38:27	0:05:30	2:38:03	0:02:40	1:44:31	Bosnia and Herzegovina	
a41b998e-ea7d-4dbb-8e54-c34933356b51	353	Roin Diasamidze	M	M55-59	13	5:09:17	0:39:56	0:05:57	2:30:35	0:03:41	1:49:08	Georgia	
14ca0f6a-3ccc-4648-8ead-959b0b5e5a40	354	Miran Žgajnar	M	M55-59	14	5:09:21	0:36:51	0:07:28	2:35:33	0:04:00	1:45:28	Slovenia	
697bf8a8-1c42-f111-88b4-0022480995bd	355	Ricardo Walter Medem	M	M18-24	37	5:09:30	0:35:24	0:08:18	2:42:35	0:03:19	1:39:53	Spain	
ba718a5d-d1a0-ef11-8a69-000d3a5a403c	356	Melanie Souchois	F	F25-29	7	5:09:44	0:33:41	0:05:15	2:43:24	0:03:12	1:44:11	France	
1e02d8f4-d961-f111-a825-0022480b88da	357	Marian Wirth	M	M18-24	38	5:09:46	0:44:14	0:07:24	2:34:24	0:04:03	1:39:42	Germany	
5c06d50c-9d4e-f111-bec5-0022480b35b6	358	George Pettifor	M	M18-24	39	5:09:47	0:31:29	0:05:31	2:49:44	0:03:51	1:39:11	United Kingdom	
b5ab57b0-98a7-f011-bbd3-6045bd05fcc1	359	Patrik Sárdi	M	M35-39	50	5:10:03	0:31:05	0:06:44	2:29:23	0:05:51	1:56:59	Hungary	
22bad24d-c89e-f011-b41c-000d3a5b50ba	360	Emir Osmanovic	M	M30-34	59	5:10:05	0:29:20	0:05:21	2:37:36	0:04:33	1:53:14	Serbia	
6b6c7ba4-6782-f011-b4cc-000d3a3173b5	361	Andrew Pryke	M	M65-69	1	5:10:14	0:34:20	0:06:04	2:34:36	0:04:05	1:51:08	United Kingdom	
6cd1a17a-3c7f-f011-b4cc-000d3a5b7c3b	362	jorge Ferrer Pilato	M	M25-29	59	5:10:24	0:35:38	0:05:16	2:40:50	0:02:46	1:45:54	Spain	
4cde18e1-6757-4479-97f4-3e657f3adc2a	363	Charis Mountis	M	M40-44	50	5:10:25	0:35:37	0:08:27	2:34:07	0:06:21	1:45:53	Cyprus	
32732dfb-a784-f011-b4cc-000d3a35ffc1	364	Dominik Palcic	M	M35-39	51	5:10:25	0:34:47	0:06:52	2:42:42	0:03:36	1:42:28	Croatia	
e4c02682-8f40-f011-b4cb-000d3a5b50ba	365	Veres David	M	M35-39	52	5:10:39	0:33:40	0:07:10	2:35:42	0:04:09	1:49:57	Hungary	
f88b90a3-fc4e-4d94-a159-5609879f08ed	366	Mine Devrim	F	F30-34	5	5:11:11	0:39:03	0:05:58	2:47:51	0:03:03	1:35:16	Cyprus	
1f69174d-1fd4-4470-9988-3dcab9fc8818	367	Domen Tivadar	M	M25-29	60	5:11:14	0:37:38	0:05:54	2:42:48	0:04:17	1:40:37	Slovenia	
f915f51c-ec25-f111-8341-002248046ec8	368	Kilian Franzel	M	M18-24	40	5:11:15	0:35:08	0:06:10	2:44:21	0:03:05	1:42:30	Austria	
0718d399-dfa6-f011-bbd3-6045bd05fcc1	369	Ermin Mehmedinovic	M	M25-29	61	5:11:34	0:43:42	0:04:36	2:40:53	0:02:55	1:39:29	Bosnia and Herzegovina	
8a96f1a4-8e97-45d3-acc6-a7c2e9d0ced7	370	Alexander Troitskiy	M	M35-39	53	5:11:52	0:40:14	0:06:18	2:39:57	0:03:38	1:41:44	Cyprus	
b7d12de0-d835-f111-88b4-002248046ec8	371	Eyal Amrani	M	M18-24	41	5:11:54	0:36:05	0:05:19	2:43:20	0:04:25	1:42:45	Israel	
733665ae-1504-f111-8406-002248046451	372	Milovan Basurić	M	M25-29	62	5:11:56	0:34:11	0:07:57	2:27:38	0:04:38	1:57:32	Bosnia and Herzegovina	
227ceeaf-1208-f111-8406-002248046ec8	373	Eren ozsoy	M	M25-29	63	5:12:03	0:42:39	0:06:34	2:35:07	0:04:06	1:43:37	Turkey	
ba58da0d-266e-f011-bec2-002248098cfa	374	Jimmy Borgh	M	M40-44	51	5:12:08	0:36:34	0:06:21	2:20:10	0:03:54	2:05:10	Sweden	
bf92b831-247e-ee11-8179-000d3a314c24	375	Stefan Stanic	M	M30-34	60	5:12:10	0:42:20	0:06:04	2:32:32	0:04:56	1:46:19	Croatia	
e62ef7ca-ce11-4c22-9d8a-6b78a45e5f1f	376	Andrej Bencic	M	M30-34	61	5:12:16	0:42:06	0:06:27	2:33:41	0:03:13	1:46:49	Serbia	
7647de7d-3173-f111-ab0f-6045bd06566a	377	Thibault Betti	M	M25-29	64	5:12:22	0:42:01	0:07:17	2:37:27	0:03:54	1:41:43	France	
da5b0611-3136-4787-8f05-7a1ebd8ba63b	378	Roman Cakajda	M	M40-44	52	5:12:30	0:27:20	0:07:27	2:44:27	0:04:54	1:48:23	Slovakia	
614a0a8b-cdc0-f011-bbd3-000d3a5b50ba	379	Timothee Volpi	M	M25-29	65	5:12:34	0:38:49	0:08:26	2:36:13	0:03:19	1:45:46	Slovakia	
dae04bcd-d326-4bcb-9896-f048b97d1fdc	380	Attila Beszteri	M	M35-39	54	5:12:36	0:41:14	0:07:51	2:35:22	0:03:59	1:44:09	Hungary	
a501b259-1642-4719-9b75-fb57c1c7a35d	381	Christian Patzig	M	M30-34	62	5:12:43	0:35:18	0:08:11	2:44:37	0:05:00	1:39:38	Germany	
8a62f081-634d-f111-bec5-70a8a59b12e5	382	Pietro Orelli	M	M18-24	42	5:12:49	0:34:13	0:05:50	2:47:36	0:03:05	1:42:05	Switzerland	
99608c67-a922-4336-88a7-c21e3ad6db37	383	Nikola Kosanovic	M	M40-44	53	5:13:06	0:38:24	0:07:16	2:36:13	0:03:36	1:47:37	Serbia	
7b50bc4a-f11e-f111-8341-0022480a5755	384	Ioannis Nikolakakis	M	M30-34	63	5:13:06	0:35:10	0:05:33	2:45:22	0:02:59	1:44:02	Greece	
11428c12-1b6f-f011-bec2-7ced8d6e0e83	385	Cornelis Laméris	M	M18-24	43	5:13:13	0:39:20	0:07:05	2:34:50	0:03:30	1:48:27	Netherlands	
9cf4077c-8a6c-4467-98d5-a93efab490f6	386	JEAN-MICHEL GARDEUX	M	M60-64	4	5:13:18	0:40:44	0:06:19	2:29:58	0:05:02	1:51:16	France	
8d2b398d-0d3c-44d8-acd5-4c259b9ca8ea	387	Davor Okanovic	M	M45-49	35	5:13:18	0:39:28	0:08:12	2:34:44	0:04:36	1:46:19	Bosnia and Herzegovina	
77d94d34-9311-4c5b-babb-36a6b1cccda7	388	Tamara Eipl	F	F35-39	5	5:13:33	0:41:21	0:06:00	2:41:20	0:03:24	1:41:29	Hungary	
972fff55-8410-f011-9988-6045bd05fcc1	389	Vasilis Sakellariou	M	M30-34	64	5:13:36	0:33:10	0:06:33	2:35:35	0:03:48	1:54:30	Greece	
5cc313d9-32a8-f111-b8dd-6045bd08b1a2	390	Nikola Draskovic	M	M35-39	55	5:13:37	0:35:21	0:06:19	2:38:13	0:04:29	1:49:16	Serbia	
bcaad289-92f1-f011-8407-0022480a3d1e	391	Benjamin Kujundžić	M	M25-29	66	5:13:38	0:37:38	0:08:01	2:39:43	0:03:48	1:44:27	Serbia	
b556ce12-3f51-4266-80d2-bebd7072ab8d	392	George Bennett	M	M45-49	36	5:13:46	0:36:58	0:06:57	2:43:56	0:04:36	1:41:19	United Kingdom	
118abee2-c818-4a4e-913b-8981fc986cb3	393	Milán Dr. Jancsikin	M	M35-39	56	5:13:46	0:39:39	0:05:27	2:27:41	0:04:45	1:56:14	Hungary	
56498d32-d543-f111-88b3-70a8a59a53fc	394	Ane Jensen	F	F25-29	8	5:13:53	0:35:29	0:05:16	2:49:17	0:03:11	1:40:39	Norway	
96a5d425-22b3-ef11-b8e8-000d3a5a403c	395	Dragan Klobučar	M	M35-39	57	5:13:54	0:34:18	0:06:23	2:35:01	0:04:07	1:54:04	Serbia	
ab588363-7d4a-4379-a523-e2d1b2359b9c	396	Lampros Florakis	M	M55-59	15	5:14:05	0:36:10	0:06:15	2:30:34	0:04:27	1:56:39	Greece	
4b06d49b-86de-49ad-a376-10754581c91a	397	Rory Foster	M	M25-29	67	5:14:17	0:35:27	0:06:14	2:47:42	0:03:00	1:41:54	Ireland	
52edae3f-eb5f-f111-a826-0022480994c2	398	Daniel Hluchý	M	M35-39	58	5:14:41	0:37:10	0:05:21	2:42:43	0:03:38	1:45:48	Czech Republic	
d6f7e249-7d5a-ed11-9562-000d3a31458d	399	Raghid Daou	M	M30-34	65	5:15:17	0:34:10	0:06:28	2:32:14	0:03:37	1:58:49	Lebanon	
ab44f354-c435-f111-88b3-0022480a5755	400	Csaba Mihucz	M	M25-29	68	5:15:18	0:31:28	0:07:19	2:39:14	0:06:16	1:51:02	Hungary	
add923bf-1f3c-4fc5-b79c-01e1c60e5019	401	Özgür Yalçin	M	M50-54	28	5:15:21	0:36:53	0:06:01	2:28:56	0:03:24	2:00:08	Turkey	
9d2e2b11-a43b-4a17-aa83-98949e634c08	402	Barbora Kováč Šuchová	F	F25-29	9	5:15:28	0:27:47	0:05:16	2:53:55	0:03:10	1:45:19	Slovakia	
d51e9fa1-20bb-f011-bbd3-002248098cfa	403	Artem Tskhai	M	M35-39	59	5:15:34	0:34:55	0:06:27	2:50:00	0:03:49	1:40:22	Serbia	
0c36d2ca-3ec1-4700-8062-99ece228c2c1	404	Peter Gabrhel	M	M45-49	37	5:15:39	0:43:48	0:05:57	2:35:18	0:03:03	1:47:34	Slovakia	
ba117729-3b38-41ad-bdf4-f9f7eef34f8c	405	Jeff Boldt	M	M65-69	2	5:15:47	0:38:54	0:08:02	2:31:31	0:03:39	1:53:42	United States	
847cbefc-7166-47f3-92a6-22a80b045aa1	406	Jernej Adlešič	M	M50-54	29	5:15:49	0:37:09	0:06:26	2:35:22	0:03:39	1:53:13	Slovenia	
8ed34ea8-4776-f111-ab0f-0022480994c2	407	Elia Bazzacco	M	M30-34	66	5:15:55	0:31:23	0:08:06	2:41:06	0:04:53	1:50:28	Italy	
77f64a6d-76c3-ef11-b8e8-6045bd088264	408	Marko Stojanović	M	M30-34	67	5:16:02	0:42:52	0:05:15	2:42:54	0:03:23	1:41:37	Serbia	
f54bf5e5-9389-4562-a19c-cde701b44d1c	409	Giorgio Stellin	M	M45-49	38	5:16:03	0:39:00	0:06:06	2:39:54	0:04:15	1:46:47	Italy	
361b26d5-15dd-491c-a68f-0d414fde930b	410	Vladimir Stankovic	M	M35-39	60	5:16:04	0:31:37	0:06:40	2:33:25	0:05:16	1:59:06	Serbia	
fd4f66bb-804f-f111-bec5-0022480b35b6	411	Marlon Blank	M	M18-24	44	5:16:10	0:36:53	0:07:29	2:49:19	0:04:05	1:38:23	Germany	
a5572882-d266-48d2-8574-45aa22e216ef	412	Aleksandar Marinkovic	M	M35-39	61	5:16:16	0:38:14	0:05:42	2:49:50	0:03:10	1:39:21	France	
76df4aa6-9853-f111-bec6-0022480b35b6	413	Pavel Mizgulin	M	M30-34	68	5:16:18	0:36:15	0:05:35	2:40:43	0:02:41	1:51:04	Cyprus	
bccd2484-ee07-eb11-a813-000d3a591f2e	414	Josef Vomacka	M	M45-49	39	5:16:22	0:33:20	0:05:35	2:28:47	0:03:29	2:05:12	Czech Republic	
117ae9fb-dc4b-f111-bec5-0022480a5755	415	Mary Zayed	F	F25-29	10	5:16:27	0:34:28	0:06:36	2:46:24	0:03:50	1:45:08	Israel	
4ce03c2e-6505-4a22-9f6c-636433581036	416	Thibaut Martin	M	M30-34	69	5:16:28	0:40:05	0:08:11	2:40:19	0:03:41	1:44:11	France	
1f62fd58-002e-f111-88b3-6045bd08b1a2	417	Harrison Prout	M	M18-24	45	5:16:38	0:34:00	0:05:49	2:47:07	0:03:31	1:46:11	United Kingdom	
06e8ff83-566a-f111-a825-002248046451	418	Laura Hildebrandt	F	F30-34	6	5:16:54	0:35:47	0:06:01	2:48:38	0:03:15	1:43:13	Germany	
20e21eda-271b-f111-8341-0022480b84a3	419	Stefan Anđelić	M	M30-34	70	5:17:17	0:39:54	0:07:10	2:48:03	0:03:42	1:38:29	Serbia	
290c5c21-b2ae-f011-bbd3-000d3a5b50ba	420	Ecevit Karabagli	M	M50-54	30	5:17:27	0:35:03	0:06:48	2:43:54	0:04:26	1:47:16	Turkey	
e4161693-e3f6-f011-8406-6045bd063e42	421	Adrian Napoles	M	M30-34	71	5:17:29	0:41:57	0:05:36	2:51:08	0:03:31	1:35:17	Cuba	
5cc37a50-c770-f111-ab0c-7ced8d3cab0b	422	Teodor Marinov	M	M18-24	46	5:17:32	0:36:59	0:05:03	2:52:45	0:04:14	1:38:33	Bulgaria	
d44d06ae-9404-4be2-a276-323b18b0d86b	423	Raffael Braunsteiner	M	M40-44	54	5:17:41	0:34:01	0:05:37	2:39:44	0:03:08	1:55:11	Austria	
01fe6c43-5997-f111-8075-70a8a5b173e5	424	Dominik Jelečević	M	M25-29	69	5:17:48	0:49:51	0:06:55	2:40:11	0:03:09	1:37:42	Croatia	
fa000eb5-2747-f111-bec5-6045bd08b1a2	425	Alon Maor	M	M25-29	70	5:17:48	0:32:01	0:06:26	2:44:43	0:03:56	1:50:43	Israel	
daf93347-2b47-f111-bec5-0022480b35b6	426	Liam Leiderman	M	M25-29	71	5:17:50	0:31:29	0:06:59	2:44:41	0:03:59	1:50:42	Israel	
064924e7-2a75-447b-a88f-b5592318ad38	427	Kurt Hulsmans	M	M40-44	55	5:17:52	0:31:55	0:07:25	2:35:58	0:04:33	1:58:02	Belgium	
bb765338-1d4a-f111-bec6-002248046451	428	Rasmus Goette	M	M18-24	47	5:18:08	0:40:02	0:06:17	2:48:27	0:03:13	1:40:10	Austria	
ce5ddf17-7864-4061-af84-a5db4a10cc80	429	Danaja Alauf	F	F18-24	4	5:18:13	0:33:38	0:04:51	2:47:19	0:04:03	1:48:22	Slovenia	
35d35ea6-0455-f111-bec6-0022480b35b6	430	Nikita Suprun	M	M18-24	48	5:18:14	0:37:03	0:06:25	2:59:53	0:02:22	1:32:31	Ireland	
c38c02e3-98c1-f011-bbd3-6045bd0194a5	431	Marko Marjanović	M	M30-34	72	5:18:25	0:37:48	0:09:57	2:50:18	0:03:45	1:36:36	Serbia	
06b4a8ed-7e49-f111-bec6-0022480994c2	432	marko sikirica	M	M30-34	73	5:18:26	0:40:20	0:09:01	2:37:32	0:05:48	1:45:45	Croatia	
34fdb7eb-75cf-4aff-8062-2a4cbacc1eaa	433	Abdulla Alhemaidi	M	M40-44	56	5:18:32	0:34:29	0:06:04	2:29:18	0:03:47	2:04:54	Qatar	
e23a6394-e816-4c02-95ea-e05f05c641c3	434	JACEK STRADOMSKI	M	M60-64	5	5:18:37	0:36:38	0:06:01	2:40:45	0:05:21	1:49:51	Poland	
9ccf3f91-3502-4c57-8919-608bf0e1751f	435	Vicky Deligeorgi	F	F55-59	1	5:18:46	0:38:26	0:05:41	2:40:41	0:04:02	1:49:57	Greece	
a7722170-b2fe-ef11-bae2-0022480c097c	436	Will Baker	M	M25-29	72	5:18:49	0:36:34	0:08:49	2:40:27	0:05:03	1:47:55	United Kingdom	
c46912c0-b203-f111-8406-00224803a1cd	437	David Penkov	M	M25-29	73	5:18:51	0:44:42	0:06:26	2:36:00	0:03:36	1:48:08	Bulgaria	
776b27c7-261d-4987-9006-9e5ba82adf06	438	Mikhail Shchukin	M	M50-54	31	5:19:08	0:31:30	0:05:08	2:36:13	0:04:20	2:01:58	Germany	
52a3631b-b901-f111-8406-6045bd08b1a2	439	Tea Turković	F	F30-34	7	5:19:13	0:37:15	0:05:08	2:53:09	0:02:58	1:40:43	Serbia	
67107ebb-0574-453d-b256-9d5d272053cd	440	Marek Skala	M	M50-54	32	5:19:30	0:38:24	0:06:56	2:41:53	0:04:11	1:48:06	Czech Republic	
55746440-b113-f111-8406-002248081bd6	441	Ines Mahovlić Krpan	F	F45-49	4	5:19:30	0:42:42	0:05:21	2:45:57	0:03:58	1:41:33	Croatia	
6f12e816-cf1b-f111-8341-00224803f050	442	Kanat Murzagulov	M	M35-39	62	5:19:56	0:32:23	0:06:09	2:41:27	0:04:52	1:55:04	Kazakhstan	
e1d8a92f-382e-484b-9bc6-e15242ac7623	443	Dino Tabakovic	M	M45-49	40	5:20:05	0:51:00	0:05:44	2:37:10	0:03:46	1:42:25	Bosnia and Herzegovina	
e9e43606-163c-f111-88b3-0022480a5755	444	Milos Jovanovic	M	M35-39	63	5:20:05	0:33:16	0:06:38	2:40:27	0:03:20	1:56:24	Serbia	
b0bd00fe-5f63-f111-a825-70a8a5b04ccb	445	Tamás Szabó	M	M35-39	64	5:20:06	0:27:16	0:05:37	2:41:16	0:04:38	2:01:19	Hungary	
1810e30f-77f0-f011-8407-0022480c370f	446	George Goucher	M	M30-34	74	5:20:08	0:36:41	0:07:06	2:47:46	0:04:55	1:43:39	United Kingdom	
b394e56b-2a6d-449e-b34f-b0cce90a4c41	447	Maurus Markwalder	M	M40-44	57	5:20:24	0:37:25	0:06:40	2:30:35	0:04:27	2:01:18	Switzerland	
b75c3653-6179-f111-ab0e-0022480b35b6	448	Simon Frommenwiler		M25-29	74	5:20:32	0:38:42	0:07:08	2:43:19	0:04:41	1:46:42	Switzerland	
b25eca87-e642-f111-88b3-0022480a5755	449	Ádám Skribek	M	M18-24	49	5:20:41	0:36:42	0:07:35	2:47:00	0:03:01	1:46:23	Hungary	
ef76f711-b45e-45d4-a008-f917583429e0	450	Boštjan Gaberšek	M	M55-59	16	5:20:48	0:30:00	0:07:27	2:35:11	0:04:25	2:03:46	Slovenia	
7bb2e7ce-794d-f111-bec6-002248046ec8	451	Andrea Prina	M	M18-24	50	5:20:57	0:29:30	0:06:21	2:56:15	0:03:58	1:44:53	Italy	
4d6314ff-6720-f011-998a-000d3a5b50ba	452	Milan Blažic	M	M40-44	58	5:20:59	0:41:57	0:08:03	2:46:24	0:05:33	1:39:02	Serbia	
78d773e0-4533-f111-88b4-6045bd06566a	453	Matthias Moser	M	M18-24	51	5:21:04	0:37:06	0:06:03	2:39:24	0:03:17	1:55:14	Austria	
6128c3d0-2e83-ea11-a812-000d3a5a1bfb	454	Ahmet Aktan	M	M45-49	41	5:21:11	0:37:25	0:08:27	2:37:02	0:04:12	1:54:06	Turkey	
685e507c-a115-4b8f-888f-e5839c5e294b	455	Teodora Zivkovic	F	F30-34	8	5:21:19	0:42:13	0:04:59	2:45:45	0:03:19	1:45:03	Serbia	
fad5adcb-98c0-f011-bbd3-000d3a5cf7d8	456	Branko Nikolic	M	M35-39	65	5:21:24	0:44:59	0:08:25	2:40:44	0:04:10	1:43:05	Croatia	
5be841f6-bdf9-419f-a846-ac00dc139143	457	Luke George	M	M40-44	59	5:21:35	0:36:58	0:08:38	2:28:15	0:07:48	1:59:56	United Kingdom	
64f38015-556e-ee11-8df0-000d3a31440b	458	Boris Lakic	M	M40-44	60	5:22:03	0:36:52	0:06:32	2:31:01	0:04:33	2:03:05	Croatia	
04813db0-32c7-4ac4-8e35-487ef0ebd447	459	Stephen Ormson	M	M50-54	33	5:22:04	0:33:58	0:05:35	2:32:39	0:03:35	2:06:16	United Kingdom	
bb2ea7d0-5460-f111-a825-7ced8d3b9443	460	Ammar Yasir çelik	M	M18-24	52	5:22:09	0:43:57	0:05:11	2:46:00	0:03:15	1:43:45	Turkey	
33042b5b-ad9d-45b7-bfc2-69f5f817cf6b	461	Emrah Yildirim	M	M35-39	66	5:22:09	0:39:29	0:05:51	2:44:02	0:03:02	1:49:45	Turkey	
3928f081-6884-f111-ab0f-6045bd08b1a2	462	Dimitar Dimitrov	M	M35-39	67	5:22:16	0:38:10	0:05:11	2:39:04	0:03:32	1:56:20	Bulgaria	
bb22e79c-9160-f011-bec3-000d3a35ffc1	463	Thomas Boels	M	M25-29	75	5:22:17	0:46:03	0:06:12	2:44:00	0:04:31	1:41:32	Belgium	
d909d3c0-653a-f011-b4cc-000d3a5b50ba	464	Dusan Ivljanin	M	M35-39	68	5:22:22	0:39:00	0:08:37	2:30:20	0:04:44	1:59:41	Serbia	
f970ca74-150e-f011-9988-000d3a3173b5	465	Hermann Hollering	M	M25-29	76	5:22:26	0:39:59	0:05:42	2:27:41	0:04:04	2:04:59	Germany	
380ab0ec-4e6f-ef11-a671-00224809fd7c	466	Melanie Zgraggen	F	F25-29	11	5:22:35	0:36:52	0:06:21	2:43:55	0:03:15	1:52:11	Switzerland	
782e73c9-0073-ec11-8943-000d3a34a686	467	Gokhan Ceylan	M	M40-44	61	5:22:36	0:44:01	0:07:27	2:30:50	0:03:24	1:56:54	Turkey	
cfd495d3-bd9a-4c5d-9eed-2f1c6c453b37	468	Giorgia Campolongo	F	F50-54	1	5:23:07	0:39:28	0:06:54	2:45:37	0:03:32	1:47:36	Italy	
65ce1c17-058d-f111-ab10-70a8a5ae8eaa	469	Dušan Petković	M	M30-34	75	5:23:08	0:37:28	0:08:13	2:45:04	0:06:01	1:46:22	Serbia	
c33e5631-156d-417e-a906-c1b42e4188fd	470	Peter Pece	M	M60-64	6	5:23:10	0:38:26	0:07:50	2:42:24	0:04:50	1:49:40	Slovenia	
306a34b6-2cc1-f011-bbd3-0022480a7385	471	Tomo Novak	M	M50-54	34	5:23:14	0:36:17	0:07:16	2:36:08	0:04:29	1:59:04	Slovenia	
322bf21f-6cc6-ef11-b8e8-6045bd018d16	472	Nurdin Ibrisimovic	M	M25-29	77	5:23:25	0:20:21	0:06:00	2:45:03	0:03:05	2:08:57	Bosnia and Herzegovina	
aaffae2a-b618-f111-8341-0022480b88da	473	Luis Thiere	M	M18-24	53	5:23:32	0:42:05	0:07:02	2:39:21	0:03:47	1:51:18	Germany	
f2731d92-735f-f111-a825-7ced8d705c94	474	Dominik Ferkl	M	M18-24	54	5:23:34	0:39:13	0:06:36	2:37:13	0:04:32	1:56:00	Czech Republic	
4f4ac98f-7f3c-f111-88b4-002248081bd6	475	Žan Gliha	M	M25-29	78	5:23:37	0:40:32	0:06:22	2:39:34	0:03:33	1:53:35	Slovenia	
6a54aa92-8332-f111-88b4-6045bd06566a	476	Milan Pešić	M	M40-44	62	5:23:41	0:45:21	0:05:56	2:44:09	0:03:46	1:44:30	Serbia	
cda4ec9e-bcd5-ef11-8eea-002248049fdc	477	Maksim Gorshkov	M	M35-39	69	5:23:48	0:43:15	0:07:12	2:46:48	0:02:41	1:43:52	Unknown	
b2cd431f-0fbd-ee11-9079-000d3a314329	478	Milan Ostojic	M	M30-34	76	5:23:54	0:32:55	0:06:43	2:40:42	0:03:54	1:59:39	Serbia	
e374630e-7fd0-f011-bbd3-000d3a5cf7d8	479	Jana Mitrovic	F	F25-29	12	5:23:57	0:36:11	0:05:54	2:45:01	0:03:06	1:53:44	Montenegro	
75c20fd5-e331-47b2-a059-d9ddf32b8fa9	480	Petra Svrckova	F	F40-44	7	5:24:07	0:38:15	0:07:12	2:38:53	0:03:34	1:56:12	Slovakia	
68877ace-6cf0-f011-8407-00224805e61c	481	Rob Good-Stephenson	M	M30-34	77	5:24:10	0:34:29	0:07:00	2:50:02	0:04:51	1:47:47	United Kingdom	
13dcfd13-2989-f111-ab10-70a8a5ae8eaa	482	Louis BENOIT	M	M25-29	79	5:24:13	0:26:05	0:07:39	2:35:49	0:04:33	2:10:07	France	
37976cf2-636e-ee11-8df0-000d3a314d17	483	Marcus Naughton	M	M45-49	42	5:24:29	0:34:41	0:06:49	2:44:55	0:03:40	1:54:23	Australia	
06cab452-d934-f011-8c4e-000d3a5cf7d8	484	Zoi Zogopoulou	F	F30-34	9	5:24:31	0:39:26	0:05:21	2:51:46	0:03:08	1:44:50	Greece	
d08a8aae-6306-43f0-8393-0d71960615b0	485	Gilles Fontaine	M	M65-69	3	5:24:35	0:33:06	0:06:22	2:33:54	0:04:42	2:06:30	France	
8bd53ebf-0671-f011-bec3-6045bd09951e	486	Peter Spál	M	M40-44	63	5:24:40	0:40:38	0:07:18	2:35:03	0:06:28	1:55:13	Slovakia	
df0ec5b5-49d9-4787-a2ca-deeb6fd64fd4	487	Sebastian Sprigade	M	M40-44	64	5:24:45	0:39:40	0:06:15	2:34:43	0:04:53	1:59:14	Germany	
73c97d75-2f65-ef11-bfe3-000d3a3b4ec1	488	Yunus Emre Elmas	M	M40-44	65	5:24:51	0:39:25	0:06:02	2:32:40	0:02:54	2:03:51	Turkey	
2eb268c8-bea2-4283-8b8c-444649d5e148	489	Rubén Enrique Acuña Perera	M	M35-39	70	5:24:53	0:35:24	0:06:17	2:49:12	0:03:06	1:50:53	Venezuela	
25c7a0b1-f26b-f111-a826-0022480b84a3	490	Abdulla Al-Baker	M	M30-34	78	5:24:54	0:45:51	0:06:58	2:34:15	0:03:13	1:54:37	Qatar	
30ff6bd8-e91a-f111-8341-6045bd08b1a2	491	Jasmina Mehmedović	F	F40-44	8	5:24:54	0:44:27	0:06:02	2:45:31	0:03:13	1:45:41	Bosnia and Herzegovina	
06a9b515-8fd6-f011-8544-000d3a5b7c3b	492	Daria Menshikova	F	F30-34	10	5:25:30	0:36:12	0:06:47	2:43:28	0:04:27	1:54:35	Unknown	
9b21c5e8-d5ac-f011-bbd3-6045bd09951e	493	Philippe Bessieres	M	M25-29	80	5:25:32	0:41:19	0:08:56	2:49:20	0:04:16	1:41:40	France	
e53762dc-ffe3-4f82-9e27-4d165894e1a1	494	Delphine Riat	F	F45-49	5	5:25:32	0:32:30	0:05:03	2:41:08	0:03:10	2:03:42	Switzerland	
489b83cf-cf09-f111-8406-0022480a5755	495	Eirik Grip Haugland	M	M25-29	81	5:25:34	0:37:05	0:06:00	2:44:19	0:04:33	1:53:36	Norway	
aaf78777-3038-f111-88b4-0022480994c2	496	Srdan Zecevic	M	M50-54	35	5:25:36	0:42:34	0:08:20	2:41:15	0:04:26	1:49:01	Serbia	
dbf119fc-3001-4f82-87a3-3a2abee647aa	497	Natália Kolencíková	F	F35-39	6	5:25:39	0:36:26	0:06:16	2:44:10	0:04:13	1:54:34	Slovakia	
c2fb5261-2116-4e88-ac00-be7ffdf68671	498	Daniel Hernandez Assunçao	M	M30-34	79	5:25:40	0:44:49	0:08:43	2:46:32	0:04:31	1:41:05	Guatemala	
c04b7842-2bbb-ec11-983f-00224806dd79	499	Jose Beltran	M	M55-59	17	5:25:46	0:35:16	0:06:18	2:41:15	0:03:48	1:59:09	Mexico	
9c93c3ec-368b-4289-9003-0ce8a1c8894a	500	Tomislav Cvitanusic	M	M55-59	18	5:25:47	0:39:48	0:05:27	2:34:24	0:04:05	2:02:03	Bosnia and Herzegovina	
d69dc600-6fb6-f011-bbd3-6045bd05fcc1	501	Akos Mayer	M	M18-24	55	5:25:50	0:30:26	0:05:48	2:47:50	0:03:30	1:58:16	Hungary	
33082ba0-d6be-4057-a30f-b5a221be5be1	502	Fiona Westcough	F	F25-29	13	5:25:54	0:28:23	0:04:42	3:03:10	0:02:42	1:46:57	United Kingdom	
6f98ec12-4e3b-f111-88b4-002248046ec8	503	DIMITRIOS DOUFAS	M	M25-29	82	5:26:03	0:31:49	0:05:00	3:02:49	0:02:50	1:43:35	Greece	
da9fe5b9-f493-f011-b4cc-000d3a5b7c3b	504	Benjamin Sparks	M	M18-24	56	5:26:04	0:35:26	0:05:57	2:49:21	0:03:51	1:51:29	Italy	
bf657e4a-e82e-4799-9e09-7bd1bd12e5c2	505	Jan Slowik-Sulkowski	M	M40-44	66	5:26:04	0:38:33	0:06:31	2:35:54	0:04:12	2:00:54	Poland	
0809b04c-2e42-f111-88b4-0022480b35b6	506	Theodore Kelly	M	M25-29	83	5:26:17	0:46:03	0:05:58	2:55:06	0:03:07	1:36:03	United Kingdom	
f9fb4260-3f38-f111-88b3-6045bd0882bb	507	Valentin Goldkamp	M	M18-24	57	5:26:25	0:36:14	0:10:07	2:46:14	0:04:16	1:49:34	Switzerland	
ec1b1d63-a47a-4d0d-a9b8-7422a2b10bef	508	Bastian Stieg	M	M40-44	67	5:26:38	0:36:26	0:07:33	2:35:18	0:04:28	2:02:52	Austria	
82c76e1a-4559-f111-bec6-7ced8d3c64cd	509	René Bürgin	M	M18-24	58	5:26:44	0:36:48	0:07:12	2:45:51	0:02:58	1:53:55	Germany	
e5dadd1a-12ad-f011-bbd3-6045bd09951e	510	Federica Speranza	F	F40-44	9	5:26:46	0:40:09	0:05:18	2:47:55	0:02:50	1:50:33	Italy	
b0233bb5-98c3-f011-bbd3-6045bd05fcc1	511	Branko Vlahovic	M	M35-39	71	5:26:52	0:40:37	0:05:37	2:41:41	0:02:47	1:56:10	Montenegro	
27b17031-1dc5-4bb8-8468-5c6814306b06	512	Mitja Licar	M	M35-39	72	5:26:54	0:39:29	0:07:00	2:43:53	0:03:37	1:52:56	Slovenia	
4ecef3ec-bb46-f011-877a-0022480a7385	513	Mike Kusters	M	M30-34	80	5:26:57	0:40:31	0:06:20	2:44:13	0:03:57	1:51:57	Netherlands	
7806e0ae-8a0c-4dd4-8632-ff962afb9d38	514	Tamás Farkas	M	M55-59	19	5:27:01	0:36:50	0:08:56	2:38:08	0:06:08	1:57:00	Hungary	
c66d5d78-2008-f111-8406-0022480b35b6	515	Halil Ibrahim Kilic	M	M30-34	81	5:27:03	0:36:44	0:05:47	2:52:46	0:04:09	1:47:37	Turkey	
f2d98aec-0b4a-f111-bec5-0022480a5755	516	Finlay Kelly	M	M18-24	59	5:27:09	0:42:31	0:06:16	2:58:07	0:03:38	1:36:37	United Kingdom	
d6a59099-f60f-f011-9988-6045bd09951e	517	Aleks Javornik	M	M35-39	73	5:27:12	0:49:04	0:06:40	2:33:16	0:04:34	1:53:37	Slovenia	
f5f40767-bd34-4570-8b18-16c7c1c294dc	518	Nadja Minke	F	F35-39	7	5:27:19	0:35:25	0:05:48	2:44:28	0:03:40	1:57:58	Germany	
b0d63217-1e0b-f111-8406-0022480a5755	519	Natalie Charity	F	F18-24	5	5:27:19	0:32:31	0:05:50	3:05:03	0:03:41	1:40:14	United Kingdom	
900fb04a-6485-ef11-ac21-6045bd05c809	520	Elvir Zolj	M	M40-44	68	5:27:33	0:43:34	0:08:06	2:39:37	0:03:51	1:52:25	Bosnia and Herzegovina	
4a6352fe-fdc2-f011-bbd3-000d3a35ffc1	521	Urška Živič	F	F25-29	14	5:27:35	0:30:44	0:06:56	2:59:10	0:04:21	1:46:24	Slovenia	
f94c13b5-3f0f-f111-8406-6045bd06566a	522	Dorin Ceacla	M	M18-24	60	5:27:41	0:40:17	0:05:50	2:46:12	0:04:25	1:50:56	Italy	
1c57fa7a-0564-f111-a826-0022480a5755	523	Andrej Gluščević	M	M25-29	84	5:27:47	0:29:00	0:05:55	2:51:15	0:04:17	1:57:20	Serbia	
511c8df8-e7b3-f011-bbd3-000d3a5cf7d8	524	Maksymilian Chiliński	M	M25-29	85	5:28:05	0:41:01	0:06:38	2:49:36	0:04:26	1:46:23	Poland	
a14d6fde-74d2-ee11-9079-000d3a314329	525	Nikolche Taseski	M	M50-54	36	5:28:23	0:43:23	0:07:17	2:40:28	0:05:38	1:51:38	North Macedonia	
1323f24c-8811-f111-8406-6045bd06566a	526	Daniele Ferri	M	M30-34	82	5:28:28	0:40:36	0:08:01	2:45:47	0:04:32	1:49:31	Italy	
294368c6-588f-4593-a889-74d2269256c0	527	Christian Sokop	M	M45-49	43	5:28:37	0:39:52	0:06:36	2:38:45	0:03:21	2:00:04	Austria	
64b35972-0d91-42c2-b09a-def2a6b371ed	528	Ilia Iliukhin	M	M35-39	74	5:28:43	0:48:41	0:06:49	2:41:22	0:04:18	1:47:33	Unknown	
e2cd8e09-35a8-ef11-b8e8-000d3a5a403c	529	Milos Mirkovic	M	M40-44	69	5:28:52	0:36:25	0:07:03	2:57:43	0:03:27	1:44:14	Serbia	
da5e37d7-4b25-474d-b5f5-7f2623358864	530	Urte Bernataviciute	F	F30-34	11	5:29:10	0:40:50	0:05:58	2:53:33	0:03:41	1:45:10	Lithuania	
1d20a0d6-d70f-f111-8406-002248046ec8	531	Maximilian Stölzl	M	M18-24	61	5:29:22	0:37:23	0:07:10	2:35:16	0:02:55	2:06:38	Austria	
98a5e390-b01c-410b-ac39-f827cc00d760	532	Adam Swida	M	M45-49	44	5:29:33	0:44:20	0:05:01	2:37:47	0:04:05	1:58:20	Poland	
842583a3-2f6e-f011-bec2-000d3a5cf7d8	533	Jovan Ilic	M	M35-39	75	5:29:37	0:35:46	0:06:35	2:59:52	0:04:04	1:43:21	Serbia	
d8611866-22ce-f011-bbd3-000d3a5b7c3b	534	Lorenz Merker	M	M18-24	62	5:29:38	0:43:44	0:06:10	2:49:51	0:03:43	1:46:11	Germany	
7149b22d-126f-4523-baf9-7103f7880cbb	535	Malin Månsson	F	F35-39	8	5:29:38	0:39:08	0:06:19	2:44:07	0:04:11	1:55:53	Sweden	
2d3cbe42-6988-ef11-ac21-000d3a338a3c	536	Asia Marozzi	F	F30-34	12	5:29:41	0:34:59	0:05:26	2:42:36	0:03:59	2:02:41	Italy	
f0568729-8db3-4984-b8b4-4a875169f2b0	537	Manuel Lesky	M	M35-39	76	5:30:06	0:40:10	0:06:13	2:42:02	0:03:20	1:58:22	Austria	
45a47dcb-df6a-4c79-8fa4-56de811a06df	538	Daniel Cassar Darien	M	M50-54	37	5:30:20	0:33:37	0:06:21	2:53:54	0:05:15	1:51:14	Malta	
00ad4c2b-ac6f-f111-ab0d-6045bd08b1a2	539	Nikola Rađenović	M	M25-29	86	5:30:26	0:38:59	0:05:42	2:55:44	0:02:44	1:47:16	Serbia	
b73b2ce9-c01e-f111-8341-0022480994c2	540	Sebastian Prieto Vasquez	M	M30-34	83	5:30:37	0:43:45	0:07:59	2:40:08	0:04:14	1:54:31	Switzerland	
06feb1ad-3eba-f011-bbd3-6045bd05fcc1	541	Coosje van Beek	F	F25-29	15	5:30:46	0:45:35	0:07:11	2:54:00	0:03:45	1:40:14	Netherlands	
3b687777-1d9b-4470-b22a-09a2282f99d1	542	Teitur Arason	M	M30-34	84	5:30:47	0:43:12	0:10:21	2:47:53	0:05:07	1:44:15	Iceland	
37593960-313c-ef11-8409-000d3a367177	543	Aleksandr Kanivetc	M	M35-39	77	5:31:10	0:41:00	0:06:14	2:43:02	0:05:01	1:55:53	Unknown	
b516b6bc-dcdf-470b-8c72-b4b5bbd4aef5	544	Luca Franceschin	M	M50-54	38	5:31:11	0:42:35	0:07:03	2:31:43	0:05:17	2:04:33	Italy	
4d33fb37-b33f-f111-88b3-6045bd08b1a2	545	Sani Bucko	M	M25-29	87	5:31:16	0:45:48	0:06:43	2:52:33	0:03:48	1:42:25	United Kingdom	
f74bab99-f2f7-4021-99db-3bf5dde6eaa9	546	Gözde Kocabas	F	F35-39	9	5:31:18	0:42:04	0:05:44	2:41:38	0:04:12	1:57:40	Turkey	
4cbcc330-aa96-4837-97d5-b77c58bc98b1	547	Ulli Deckenbrock	M	M50-54	39	5:31:28	0:34:26	0:10:40	2:35:45	0:05:14	2:05:23	Germany	
5c906c2c-6f53-4796-af34-32fd006f92ac	548	Zoran Rakcevic	M	M50-54	40	5:31:34	0:43:52	0:06:56	2:47:41	0:05:05	1:48:00	Montenegro	
db14b8d7-817c-4ef4-b61f-9c91ad52442f	549	Oksana Karbovska	F	F40-44	10	5:31:41	0:43:15	0:06:00	2:52:19	0:03:43	1:46:23	Ukraine	
4a8b87c8-61a5-442c-8c40-007755a2abd5	550	Igor Šajber	M	M50-54	41	5:31:45	0:40:16	0:08:43	2:43:21	0:04:28	1:54:58	Croatia	
06e36fba-f3cc-ef11-b8e9-6045bd02949c	551	Milos Masarik	M	M45-49	45	5:31:51	0:35:25	0:06:53	2:52:01	0:03:54	1:53:39	Slovakia	
ec01404e-a488-4911-a5dc-c2b78de522ab	552	Sandrine Martinot	F	F50-54	2	5:31:57	0:44:31	0:07:11	2:48:36	0:03:37	1:48:03	Belgium	
3581a3b3-ec1a-f111-8341-6045bd06566a	553	Mujo Mehmedović	M	M40-44	70	5:32:07	0:40:56	0:07:52	2:40:15	0:05:18	1:57:46	Bosnia and Herzegovina	
1602f027-c7b0-4fa9-916c-bef0058d80dc	554	Evgenia Usoltseva	F	F45-49	6	5:32:07	0:40:22	0:05:32	2:54:35	0:03:25	1:48:14	Serbia	
104ff1eb-9c52-476e-8490-2f31288eb520	555	Stefan Roganovic	M	M30-34	85	5:32:10	0:41:55	0:05:26	2:50:40	0:03:22	1:50:46	Serbia	
9246fb57-9bc0-f011-bbd3-6045bd05f634	556	Valentin Georgiev	M	M45-49	46	5:32:40	0:48:40	0:05:54	2:35:03	0:05:11	1:57:51	Bulgaria	
e4544b17-3725-f111-8341-0022480994c2	557	Javier Echevarría Cuesta	M	M25-29	88	5:32:41	0:32:00	0:05:46	3:08:45	0:02:25	1:43:44	Spain	
954db1d6-49bc-ef11-b8e9-6045bd048089	558	Koray Okurer	M	M35-39	78	5:32:45	0:37:44	0:06:14	2:46:02	0:04:45	1:58:01	Turkey	
aa488350-95c1-4741-99fc-6cbc7e11fb62	559	Massimiliano Braida	M	M60-64	7	5:32:53	0:39:08	0:06:25	2:44:08	0:03:26	1:59:46	Italy	
76283254-1534-f111-88b4-0022480b88da	560	Roee Bengal	M	M18-24	63	5:33:00	0:48:34	0:07:48	2:50:10	0:03:57	1:42:31	Israel	
5ed32760-59c8-ef11-b8e9-002248049fdc	561	Nikola Prvulovic	M	M30-34	86	5:33:04	0:34:46	0:06:36	2:41:57	0:04:32	2:05:13	Serbia	
53632961-4dfd-f011-8406-0022480b35b6	562	Vladimir Dima	M	M25-29	89	5:33:13	0:36:43	0:05:29	2:48:40	0:03:45	1:58:35	Romania	
5985fe80-6104-f111-8406-0022480b84a3	563	Lukas Henning	M	M25-29	90	5:33:22	0:42:17	0:08:54	2:54:11	0:04:34	1:43:26	Germany	
b8abba5a-5751-f111-bec7-0022480994c2	564	leonardo fusco	M	M30-34	87	5:33:38	0:37:32	0:09:37	2:50:46	0:03:37	1:52:06	Italy	
aed62f0f-0a61-f111-a826-002248046ec8	565	Giulio Cecchi paone	M	M25-29	91	5:33:42	0:36:11	0:08:34	2:48:50	0:05:09	1:54:57	Italy	
a12a7659-34aa-ea11-a814-000d3a3809d1	566	Markus Potthast	M	M55-59	20	5:33:53	0:41:00	0:05:24	2:37:38	0:03:28	2:06:23	Germany	
bb3d6856-23b2-4f4c-a856-95596a7b33d5	567	Amber Milo	F	F30-34	13	5:34:14	0:37:22	0:05:42	2:44:14	0:04:07	2:02:49	Belgium	
8b4b120b-e733-f111-88b4-0022480994c2	568	Dominik Barak	M	M40-44	71	5:34:21	0:37:16	0:11:29	2:41:42	0:04:23	1:59:31	Slovakia	
f8a36381-8f41-f111-88b4-0022480b35b6	569	Селимир Вагић	M	M45-49	47	5:34:25	0:35:06	0:06:11	2:44:44	0:04:50	2:03:33	Serbia	
f6dda2a4-8a80-f111-ab0f-7c1e528d5074	570	Finn Belbin	M	M18-24	64	5:34:32	0:34:42	0:05:53	2:48:01	0:03:22	2:02:34	United Kingdom	
d68e9216-4b5f-f111-a826-0022480994c2	571	Juliette Bernard	F	F30-34	14	5:34:38	0:36:45	0:06:38	2:49:00	0:04:08	1:58:08	Switzerland	
ae590ce2-6e63-f111-a825-7ced8d3beb11	572	Riccardo Romagnoli	M	M30-34	88	5:34:59	0:37:42	0:08:08	2:55:40	0:06:04	1:47:26	Italy	
e0d6127e-4f14-458b-8b3f-9f32d9c187b9	573	Sara Hamilton-Jones	F	F25-29	16	5:35:11	0:42:04	0:06:38	2:41:43	0:03:20	2:01:27	France	
ce0be01f-dc80-f011-b4cc-6045bd05fcc1	574	Armen Djordjevic	M	M35-39	79	5:35:16	0:30:48	0:07:58	2:49:47	0:05:17	2:01:26	Serbia	
0926bc60-a6fc-4c8e-b93f-1e2f021662f9	575	Mubarak Al Khalifa	M	M40-44	72	5:35:16	0:37:45	0:07:23	2:40:23	0:04:14	2:05:32	Qatar	
1b57e182-0109-f111-8406-0022480a5755	576	Sefik Mehmedbegovic	M	M30-34	89	5:35:26	0:46:49	0:07:40	2:46:14	0:05:32	1:49:12	Bosnia and Herzegovina	
08bebced-6337-f111-88b3-6045bd06566a	577	Vivienne Hug	F	F18-24	6	5:35:36	0:41:43	0:05:57	2:48:36	0:02:29	1:56:50	Switzerland	
73b22b68-2575-f111-ab0f-0022480b84a3	578	Fateh Alchhabi	M	M40-44	73	5:35:40	0:39:04	0:06:34	2:56:15	0:03:57	1:49:49	Norway	
c73d6486-7340-4ff8-a4b1-d54d6343f19e	579	Lisa Day	F	F50-54	3	5:35:44	0:39:48	0:07:43	2:52:52	0:03:49	1:51:32	United States	
efd8f9b9-bf72-46ff-a2ea-5fd5f9cb61e4	580	Michael Tsaoutos	M	M60-64	8	5:35:50	0:38:16	0:05:03	2:44:39	0:02:34	2:05:18	Greece	
5f1a85fa-3563-f011-bec2-002248098cfa	581	Wesley Reinders	M	M18-24	65	5:36:02	0:38:44	0:08:43	2:40:18	0:04:56	2:03:22	Netherlands	
95d0a241-8bd5-ef11-8eea-000d3a5a1803	582	Artem Shtrikul	M	M35-39	80	5:36:04	0:34:07	0:05:55	2:44:57	0:02:58	2:08:06	Kazakhstan	
6f5876fc-47f8-f011-8406-000d3a318738	583	Michael Bauer Cuevas	M	M30-34	90	5:36:10	0:33:04	0:05:56	2:43:59	0:03:34	2:09:36	Spain	
54817c64-f72b-f011-8c4d-000d3a5cf7d8	584	Dimitris Sakellariou	M	M30-34	91	5:36:10	0:39:13	0:08:10	2:52:52	0:03:33	1:52:23	Greece	
a421003c-4e05-4f71-b6d4-51f19f07d1af	585	Evangelos Charatsis	M	M60-64	9	5:36:15	0:42:18	0:07:03	2:36:48	0:05:41	2:04:24	Greece	
1c57479d-82a4-f011-bbd3-000d3a5b50ba	586	Christian Evans	M	M18-24	66	5:36:27	0:33:32	0:07:50	2:50:41	0:04:51	1:59:33	United Kingdom	
037754bc-b401-f111-8406-0022480994c2	587	Lilyan Kostadinov	M	M25-29	92	5:36:36	0:33:53	0:06:55	3:04:15	0:05:03	1:46:31	Bulgaria	
875c8da0-e642-f111-88b4-002248046451	588	Milán Pölös	M	M18-24	67	5:36:44	0:35:58	0:08:19	2:47:00	0:03:15	2:02:11	Hungary	
003acf5d-2aa3-45ad-aed0-737773497935	589	Susanne Kugelmann	F	F45-49	7	5:36:45	0:39:57	0:05:34	2:46:39	0:04:26	2:00:09	Germany	
7a6daac0-2b3e-f111-88b3-0022480a5755	590	Shepherd Dzina	M	M18-24	68	5:37:07	0:39:16	0:10:17	2:47:30	0:04:58	1:55:07	United States	
2b724332-7e94-f111-8075-0022480b88da	591	Matúš Kuruc	M	M45-49	48	5:37:12	0:34:04	0:09:53	2:42:02	0:05:38	2:05:35	Slovakia	
304c0e2a-b360-f111-a826-6045bd06566a	592	Bálint Kádár	M	M25-29	93	5:37:23	0:41:44	0:05:52	2:47:36	0:03:22	1:58:50	Hungary	
ec16d659-d9d4-ee11-9079-6045bd0158c4	593	Emilija Slijepcevic	F	F40-44	11	5:37:31	0:41:35	0:06:21	2:49:05	0:04:48	1:55:42	Serbia	
c15ff53a-de07-f111-8406-0022480b84a3	594	Smirnov Nikita	M	M30-34	92	5:37:33	0:40:33	0:05:37	2:42:12	0:03:53	2:05:19	Unknown	
4b6edfd3-318b-f011-b4cc-000d3a5cf7d8	595	Rozina Bársony	F	F25-29	17	5:37:53	0:39:14	0:05:12	2:55:09	0:03:02	1:55:16	Hungary	
6aa9547d-b393-41f5-8080-c646a5a1acda	596	Neil Williams	M	M50-54	42	5:37:57	0:34:42	0:07:15	2:52:09	0:04:47	1:59:04	United Kingdom	
93431bff-75aa-4b73-9b9a-d12faa8dcf1b	597	Biljana Nedeljkov	F	F45-49	8	5:38:08	0:43:53	0:07:40	2:45:06	0:05:23	1:56:06	Serbia	
40dbec47-20c0-f011-bbd2-000d3a5b7c3b	598	Žan Zalar	M	M25-29	94	5:38:10	0:42:54	0:08:23	2:46:04	0:04:30	1:56:18	Slovenia	
fe0e9fd8-6bf5-f011-8406-002248046ec8	599	Panayiotis Vassiliou	M	M18-24	69	5:38:27	0:34:28	0:07:36	2:41:46	0:04:41	2:09:57	Cyprus	
85297099-47b7-f011-bbd3-6045bd05fcc1	600	Peter Tanka	M	F40-44	12	5:38:29	0:47:51	0:05:56	2:44:34	0:02:58	1:57:11	Hungary	
afc04ca8-d375-ea11-a811-000d3a5a1bfb	601	Filippo Veronese	M	M50-54	43	5:38:43	0:32:43	0:06:15	2:37:34	0:05:47	2:16:24	Italy	
037d9aa8-7166-f111-a825-7ced8d3cb444	602	Enrico Ortolani	M	M25-29	95	5:38:57	0:35:57	0:08:42	2:55:52	0:05:43	1:52:42	Italy	
d6fca391-2e82-ef11-ac20-000d3a59a9a1	603	Nikola Jovovic	M	M30-34	93	5:38:58	0:43:19	0:05:09	2:53:46	0:03:00	1:53:43	Serbia	
55eb2f58-0e5d-f111-a826-0022480b84a3	604	Verena Brenner	F	F25-29	18	5:39:07	0:41:05	0:07:13	2:59:15	0:04:24	1:47:09	Germany	
ca65df08-127d-4d76-87f8-9baa5c50861a	605	Tamas Ader	M	M45-49	49	5:39:21	0:36:14	0:07:23	2:56:38	0:05:11	1:53:55	Hungary	
ca141a5b-4808-f111-8406-002248046451	606	Aleksandra Lutsenko	F	F18-24	7	5:39:22	0:41:53	0:07:09	2:51:02	0:04:23	1:54:55	Italy	
0a04d7e7-c74b-f011-877a-6045bd05fcc1	607	Simeon Milushev	M	M18-24	70	5:39:32	0:31:15	0:05:07	3:01:27	0:02:06	1:59:37	Bulgaria	
f89a56c8-766d-f111-ab0d-002248046ec8	608	Namik Holzleg	M	M25-29	96	5:39:44	0:41:10	0:07:43	2:53:28	0:05:41	1:51:42	Switzerland	
03c71886-bf5c-f011-bec2-000d3a5cf7d8	609	Daniel Cordt	M	M25-29	97	5:39:54	0:40:54	0:06:25	2:49:41	0:03:42	1:59:12	Czech Republic	
75b224ec-c74a-f111-bec6-002248046451	610	Isaac Magnus Semerad	M	M18-24	71	5:40:01	0:43:07	0:05:02	2:59:23	0:02:39	1:49:49	Austria	
9af93190-ecf9-468c-98c1-55fe363ba22b	611	Heiko Zoellner	M	M50-54	44	5:40:06	0:36:48	0:05:27	2:41:51	0:02:59	2:13:01	Germany	
03814b65-bd77-4f8f-9ee5-57d80022903d	612	Nezka Taljat Sulin	F	F50-54	4	5:40:09	0:37:47	0:06:23	2:54:29	0:03:42	1:57:48	Slovenia	
9a581859-2d09-f111-8406-0022480b3ee9	613	Johannes Tschirpig	M	M30-34	94	5:40:15	0:44:05	0:08:08	2:47:16	0:04:18	1:56:27	Germany	
4b01fbeb-c351-f111-bec7-002248081bd6	614	Nina-Christina Stanic	F	F30-34	15	5:40:23	0:36:16		2:44:48		5:34:24	Canada	
bed8dac2-eecd-f011-bbd3-000d3a3173b5	615	Alexander Podosinovikov	M	M30-34	95	5:40:24	0:36:24	0:05:15	3:00:00	0:02:45	1:56:00	Serbia	
763365d5-7edf-4c76-9e20-189128465d9e	616	SANDRINE GARDEUX-LAROUDIE	F	F45-49	9	5:40:25	0:32:28	0:07:33	2:35:20	0:07:23	2:17:40	France	
c66bc1eb-1900-f111-8406-0022480a5755	617	Tom Vahle	M	M25-29	98	5:40:36	0:39:47	0:06:21	2:53:28	0:07:29	1:53:31	Netherlands	
4a3b9c24-d90f-f111-8406-002248046ec8	618	Marton Demcsik	M	M45-49	50	5:40:37	0:45:03	0:06:47	2:48:49	0:04:32	1:55:25	Hungary	
b5277448-186a-f111-a825-0022480b35b6	619	Gavril Popov	M	M25-29	99	5:40:46	0:40:22	0:08:57	3:04:17	0:05:46	1:41:24	Bulgaria	
e8396421-ba44-f111-88b3-0022480a5755	620	Philip Norton	M	M60-64	10	5:41:02	0:42:35	0:09:52	2:42:50	0:05:37	2:00:08	United Kingdom	
ce1ead28-5b07-f111-8406-002248081bd6	621	Constantinos Papaioannou	F	M35-39	81	5:41:03	0:47:16	0:07:49	2:59:16	0:03:31	1:43:11	Cyprus	
223a2e3b-0a47-f111-bec5-0022480b35b6	622	Andrey Diupin	M	M40-44	74	5:41:06	0:33:28	0:11:18	2:56:19	0:05:23	1:54:37	Unknown	
f0641888-7250-43a9-aa6a-4c8288772129	623	Andreas Stinnes	M	M55-59	21	5:41:08	0:40:01	0:10:07	2:52:01	0:05:15	1:53:43	United States	
774ca674-4725-ed11-b83e-000d3a37392a	624	AYKUT MİDİLLİÇ	M	M35-39	82	5:41:12	0:41:01	0:05:21	2:39:21	0:04:31	2:10:58	Turkey	
fe0fd19d-07eb-f011-8544-000d3a3173b5	625	Petar Gulevski	M	M30-34	96	5:41:13	0:37:09	0:04:50	3:00:47	0:02:38	1:55:49	North Macedonia	
370696a8-c116-f011-998a-000d3a3173b5	626	Mohamed Al-Henzab	M	M25-29	100	5:41:14	0:34:38	0:05:58	2:32:28	0:04:31	2:23:39	Qatar	
00c0cadf-f858-f111-bec7-0022480b84a3	627	Zsolt Dávid Vida	M	M30-34	97	5:41:18	0:35:34	0:07:13	2:52:23	0:05:05	2:01:02	Hungary	
c548cb53-b903-f111-8406-0022480b35b6	628	Marko Cvejic	M	M25-29	101	5:41:20	0:41:59	0:07:46	3:01:35	0:04:06	1:45:53	Serbia	
7122cf1b-5e4d-4dc6-a932-4b0ab976d840	629	Francesco Cen	M	M55-59	22	5:41:27	0:38:37	0:06:28	2:46:04	0:03:41	2:06:36	Italy	
f15c30a9-b809-4fca-b903-337b6029deec	630	Silvia Bernabei	F	F35-39	10	5:41:28	0:41:19	0:07:45	2:50:50	0:03:48	1:57:46	Italy	
5b851ad3-ed7d-f111-ab0e-70a8a5b19cbc	631	Stephen Denny	M	M18-24	72	5:41:45	0:46:04	0:08:20	2:51:17	0:04:48	1:51:16	United Kingdom	
4178cfc0-96c0-f011-bbd2-7ced8d3c9f47	632	Monika Duzs	F	F30-34	16	5:41:48	0:43:41	0:06:31	3:09:06	0:02:37	1:39:53	Hungary	
b8c82e43-de0e-40fa-84fe-d1644146bd95	633	Florin Jianu	M	M45-49	51	5:41:59	0:47:44	0:08:41	2:49:51	0:05:51	1:49:52	Romania	
bc18b4cf-a4ab-ec11-983f-000d3a31c200	634	Dejan Matovic	M	M55-59	23	5:42:02	0:42:02	0:06:36	2:47:16	0:05:04	2:01:05	Serbia	
0c345d07-9ec0-f011-bbd3-002248098cfa	635	Teodora Despotovic	F	F18-24	8	5:42:07	0:44:33	0:06:03	2:55:31	0:04:36	1:51:24	Serbia	
59cd54b1-95fa-4088-ab5c-fde30c899693	636	Thomas Holm	M	M35-39	83	5:42:23	0:39:22	0:09:22	2:48:17	0:04:56	2:00:26	Denmark	
a284135f-d1a8-4589-8bf8-b1871d512822	637	Victor Goldrin	M	M50-54	45	5:42:24	0:36:35	0:07:51	2:38:39	0:04:30	2:14:49	Germany	
143c33f2-4bfe-4432-af20-f4bbc2dbfdde	638	Jana Kotar Ilijas	F	F55-59	2	5:42:32	0:41:50	0:07:50	2:46:41	0:04:18	2:01:54	Slovenia	
d403e01a-cec8-f011-bbd3-000d3a5cf7d8	639	Laura Zivic	F	F18-24	9	5:42:34	0:39:27	0:06:02	2:50:21	0:02:52	2:03:52	Serbia	
411c5580-82cc-f011-bbd3-000d3a5cf7d8	640	Marko Babic	M	M18-24	73	5:42:39	0:37:41	0:08:00	3:00:26	0:04:34	1:51:58	Serbia	
2db1a406-92a6-ef11-8a6a-000d3a338a3c	641	Lucas Schubert	M	M18-24	74	5:42:41	0:36:11	0:07:33	2:52:36	0:04:55	2:01:27	Germany	
0fc9a4e2-090d-4f74-9a63-f4799c2c7120	642	James Kilpatrick	M	M25-29	102	5:42:48	0:43:27	0:05:31	2:57:32	0:03:32	1:52:47	Ireland	
c5f5effc-03c2-ef11-b8e8-6045bd018d16	643	Janez Egart	M	M55-59	24	5:42:51	0:37:20	0:08:41	2:50:04	0:04:51	2:01:55	Slovenia	
0c436e41-1799-f011-b4cc-0022480a7385	644	Geoffrey Macdiarmid	M	M45-49	52	5:43:13	0:34:34	0:09:07	2:51:05	0:04:01	2:04:27	Switzerland	
7c496788-b8c0-f011-bbd3-0022480a7385	645	Dominik Hnáta	M	M25-29	103	5:43:23	0:39:47	0:06:38	2:51:24	0:03:07	2:02:27	Slovakia	
4fb77587-fe58-f011-877b-6045bd05f634	646	Marko Zimonjic	M	M30-34	98	5:43:26	0:38:26	0:06:57	2:39:46	0:03:46	2:14:32	Serbia	
9b8349be-848e-4306-ab1a-74ccb2b07598	647	Erin Creagh	F	F40-44	13	5:43:32	0:34:41	0:06:30	2:52:25	0:03:32	2:06:25	Canada	
ab52d2c8-b327-f111-8341-0022480471dd	648	Sebastian Drenea	M	M18-24	75	5:43:33	0:39:19	0:07:06	2:52:27	0:04:56	1:59:43	Romania	
4501a5e7-f83f-4acb-93dc-dd33a4586982	649	Aleksandra Stojanovic	F	F30-34	17	5:43:47	0:43:37	0:06:18	2:58:23	0:05:06	1:50:23	Serbia	
e472e9c0-e551-f111-bec6-0022480a5755	650	Aurelius Valentin Krätzig	M	M18-24	76	5:43:51	0:36:39	0:08:29	2:51:54	0:04:20	2:02:29	Germany	
1667f475-36c1-f011-bbd3-6045bd05fcc1	651	Louis Langedijk	M	M30-34	99	5:43:53	0:37:03	0:07:52	2:58:47	0:05:16	1:54:54	United Kingdom	
2cb01952-846f-4830-afa8-3e181160cae5	652	Maksim Sumin	M	M50-54	46	5:43:57	0:38:55	0:08:03	3:03:25	0:04:13	1:49:19	Serbia	
bcb595c5-6acc-f011-bbd3-6045bd05fcc1	653	Tijana Ivljanin	F	F30-34	18	5:44:02	0:36:41	0:07:03	2:50:13	0:05:57	2:04:07	Serbia	
d345f267-a148-f111-bec5-7ced8d6f9d9f	654	Eric Lepine	M	M60-64	11	5:44:18	0:47:08	0:08:07	2:53:10	0:03:32	1:52:21	Madagascar	
ff260622-1f3d-f111-88b4-0022480994c2	655	Antreas Salloumis	M	M18-24	77	5:44:20	0:35:09	0:05:49	3:03:59	0:03:44	1:55:39	Cyprus	
4bc521df-e63f-f111-88b3-7ced8d3dac24	656	Endre Mezõsi	M	M25-29	104	5:44:40	0:37:40	0:07:48	2:58:29	0:03:41	1:57:02	Hungary	
b7ccf5b1-aa78-f111-ab0f-7c1e528d5074	657	Dimitar Chernev	M	M35-39	84	5:44:49	0:42:25	0:07:54	2:54:21	0:05:22	1:54:48	Bulgaria	
b2ff781a-eee0-f011-8543-000d3a5b5fc7	658	Lyudmil Kouzmanov	M	M18-24	78	5:44:53	0:48:15	0:07:37	3:09:01	0:05:03	1:34:57	Bulgaria	
3f7f12eb-1ff9-f011-8406-0022480a5755	659	Dóra Lilla Nemess	F	F18-24	10	5:44:58	0:33:11	0:06:25	2:53:43	0:04:05	2:07:34	Hungary	
6f75d125-400c-f111-8406-000d3a59060c	660	Amar Halilović	M	M25-29	105	5:45:01	0:41:42	0:07:46	2:56:28	0:04:14	1:54:50	Bosnia and Herzegovina	
7e6049f7-2f4a-f111-bec6-002248046451	661	Thiago Vier	M	M18-24	79	5:45:10	0:43:40	0:06:43	3:10:43	0:04:00	1:40:05	Germany	
09fe5aa5-81f7-f011-8406-002248046ec8	662	Davide Bertani	M	M18-24	80	5:45:12	0:42:52	0:06:11	3:05:19	0:04:04	1:46:46	Italy	
8f09ca81-9014-f011-998a-0022480c097c	663	Alex Gyarmati	M	M18-24	81	5:45:14	0:34:15	0:06:28	2:46:13	0:04:54	2:13:24	Slovakia	
71792f1b-e352-f111-bec7-002248046ec8	664	Meris Nuhanovic	M	M18-24	82	5:45:25	0:47:50	0:05:55	2:50:04	0:04:31	1:57:05	Austria	
9f1779f8-8eb8-435f-bfa2-b3a0c22ffd00	665	Grzegorz Pietraszewski	M	M40-44	75	5:45:26	0:43:06	0:08:43	2:46:02	0:04:22	2:03:13	Poland	
e2781aa0-5e71-f111-ab0d-6045bd08b1a2	666	Albert Jabłoński	M	M30-34	100	5:45:39	0:46:24	0:09:29	2:59:07	0:06:42	1:43:57	Poland	
e758f39b-53c1-f011-bbd3-6045bd09951e	667	Riccardo Pirovano	M	M18-24	83	5:45:40	0:36:31	0:07:35	2:35:40	0:04:19	2:21:36	Italy	
776e9609-b670-f111-ab0d-0022480b35b6	668	Filip Kujundžić	M	M30-34	101	5:45:41	0:45:50	0:09:04	2:56:45	0:05:00	1:49:02	Serbia	
7c8833ec-e446-f011-877a-000d3a3173b5	669	Luke Rooney	M	M18-24	84	5:45:43	0:35:52	0:06:42	3:20:37	0:04:00	1:38:31	Ireland	
217cbea6-8510-f111-8406-0022480994c2	670	Ahşan Esen	F	F45-49	10	5:45:48	0:42:36	0:08:22	2:49:20	0:04:33	2:00:58	Turkey	
a951cd1f-2da3-f111-b8db-70a8a59c43d6	671	Nenad Vasic	M	M35-39	85	5:46:07	0:34:39	0:07:55	2:57:41	0:03:05	2:02:48	Serbia	
74173d8d-f5d2-f011-8544-000d3a5cf7d8	672	Alp Kurtel	M	M25-29	106	5:46:10	0:41:13	0:06:56	2:46:57	0:03:49	2:07:15	Turkey	
26a71d0e-1bf2-4c61-bcc1-c1c9c884bce2	673	Branko Sarac	M	M35-39	86	5:46:14	0:43:03	0:09:22	2:47:21	0:04:39	2:01:50	Serbia	
12640586-45b4-431c-8c33-9e45f395809e	674	Nikoleta Kavvadia	F	F50-54	5	5:46:18	0:38:03	0:06:28	2:57:13	0:04:52	1:59:42	Greece	
204fd4f1-b965-4ca7-b99a-438bd12e7192	675	Tomi Ilijas	M	M60-64	12	5:46:28	0:40:39	0:07:45	2:44:12	0:04:20	2:09:32	Slovenia	
6da9222c-eacd-f011-bbd3-000d3a3173b5	676	Didem Yigit	F	F35-39	11	5:46:37	0:31:46	0:05:54	3:02:53	0:04:09	2:01:54	Turkey	
96538c0c-c68f-ea11-a811-000d3a5a1cf8	677	Popescu Horatiu Adrian	M	M45-49	53	5:46:37	0:35:00	0:04:25	2:58:38	0:05:09	2:03:25	Romania	
80f611ce-9f74-ef11-a670-00224809fd7c	678	Lukas Graf	M	M30-34	102	5:46:39	0:36:46	0:07:36	2:57:34	0:04:09	2:00:33	Germany	
eac416f4-59cc-f011-bbd3-000d3a5b50ba	679	Luka Zecevic	M	M30-34	103	5:46:44	0:41:21	0:08:58	3:13:20	0:04:12	1:38:53	Serbia	
f13e2e67-93df-ee11-904c-000d3a5c3552	680	Ebru Güven	F	F40-44	14	5:46:52	0:53:51	0:05:48	2:58:47	0:02:50	1:45:36	Turkey	
8ca238da-a58b-4d47-aa9c-86face947163	681	Yurii Novikov	M	M50-54	47	5:46:55	0:46:37	0:07:51	2:56:38	0:04:30	1:51:18	Unknown	
fc65b9ba-dbec-401a-81c9-e0555be6dd39	682	Ivan SUDAREVIĆ	M	M30-34	104	5:46:56	0:44:53	0:06:06	2:58:54	0:03:11	1:53:53	Serbia	
8acd3ee5-fba0-4eb8-ba5c-b08978d5b374	683	Igor Rod	M	M50-54	48	5:46:59	0:35:44	0:05:39	2:48:49	0:03:59	2:12:48	Serbia	
42705c70-0616-404d-89bc-c6eb41dd03bb	684	Rebecca Birch	F	F25-29	19	5:47:00	0:35:17	0:06:04	3:02:41	0:03:33	1:59:24	United Kingdom	
a3635faa-ff75-f111-ab0f-002248081bd6	685	Adrian Bonte	M	M30-34	105	5:47:00	0:45:33	0:08:27	2:43:27	0:05:17	2:04:16	Romania	
a81f433f-6ae5-4dcb-b937-543aa6e44954	686	Stephen Egan	M	M60-64	13	5:47:05	0:40:19	0:05:44	3:08:57	0:02:41	1:49:24	Ireland	
c4ee20c4-6e43-f011-877a-6045bd05f634	687	Florian Wiedmann	M	M30-34	106	5:47:11	0:36:20	0:08:47	2:44:16	0:04:07	2:13:41	Switzerland	
e2d2f4d9-a743-f111-88b4-0022480994c2	688	Stefan Gazo	M	M25-29	107	5:47:22	0:40:22	0:07:34	2:57:45	0:04:05	1:57:35	Serbia	
5288d688-c928-ef11-840a-000d3a367177	689	Lorenzo Maria Fanottoli	M	M30-34	107	5:47:42	0:37:54	0:05:50	2:54:45	0:03:35	2:05:38	Italy	
78fb3f47-dd5b-4816-a527-f757def35dfb	690	Patrycja Weideman	F	F30-34	19	5:47:47	0:31:30	0:07:15	2:39:38	0:03:33	2:25:50	Poland	
9755c411-ea26-f111-8341-6045bd092b7a	691	Michał Anielski	M	M18-24	85	5:47:47	0:31:11	0:05:24	2:55:25	0:04:33	2:11:14	Poland	
c0dcd67b-b4e8-f011-8544-000d3a5cf7d8	692	Lukas Osterwalder	M	M18-24	86	5:47:50	0:38:54	0:06:29	3:08:33	0:04:26	1:49:28	Switzerland	
71a9a9cc-5558-f111-bec7-6045bd06566a	693	Matej Dudek	M	M40-44	76	5:47:52	0:47:38	0:10:25	2:48:41	0:04:08	1:57:01	Switzerland	
daf1e795-d747-f111-bec5-70a8a5af6069	694	Jarno Cavallotti	M	M18-24	87	5:47:57	0:41:49	0:07:17	3:05:10	0:04:49	1:48:51	Italy	
a85b70f7-2008-f111-8406-6045bd08b1a2	695	Radomir Stojcevic	M	M30-34	108	5:48:01	0:42:36	0:05:41	2:53:01	0:03:27	2:03:16	Austria	
705ff475-d21b-f111-8341-0022480b35b6	696	Nursultan Dambarbayev	M	M35-39	87	5:48:05	0:43:06	0:07:42	2:44:30	0:07:31	2:05:17	Kazakhstan	
8917c3f7-ff57-f011-877b-6045bd09951e	697	Lucas DE JESUS	M	M18-24	88	5:48:18	0:45:58	0:06:39	2:54:04	0:03:10	1:58:27	France	
0b7ecc63-9085-f011-b4cc-000d3a5cf7d8	698	Dejan Peric	M	M25-29	108	5:48:23	0:41:52	0:05:41	3:00:35	0:03:15	1:57:01	Serbia	
dee03aba-a8d3-f011-8544-000d3a5cf7d8	699	Marin Rangelov	M	M25-29	109	5:48:25	0:44:53	0:05:11	3:10:48	0:02:38	1:44:56	Bulgaria	
1695e78a-b3a2-ef11-8a69-6045bd018d16	700	László Domonkos	M	M50-54	49	5:48:25	0:40:49	0:08:30	2:48:41	0:06:15	2:04:10	Hungary	
776507e4-3908-f111-8406-6045bd08b1a2	701	Nikola Popović	M	M25-29	110	5:48:28	0:41:05	0:06:55	3:02:41	0:04:33	1:53:15	Serbia	
5aeb8bc3-373e-f111-88b3-6045bd06566a	702	James Cross	M	M35-39	88	5:48:41	0:45:03	0:09:32	2:54:04	0:04:44	1:55:18	United Kingdom	
017e6be5-189a-f011-b4cc-6045bd05f634	703	Jacobus Johannes Steyn	M	M35-39	89	5:48:43	0:35:05	0:06:52	2:45:04	0:04:22	2:17:20	South Africa	
5238459a-e678-457a-9279-cbe2efc74188	704	Kamil Dobremysl	M	M50-54	50	5:48:59	0:46:04	0:07:36	2:51:57	0:04:19	1:59:03	Czech Republic	
aaca0b9f-6026-f011-8c4e-000d3a5b50ba	705	Bruno Lichtner	M	M35-39	90	5:49:27	0:39:54	0:09:06	3:02:27	0:05:45	1:52:15	Austria	
b2e42880-dcae-ee11-a569-000d3a31458d	706	Stanislav Vitovskyi	M	M35-39	91	5:49:40	0:35:44	0:06:48	2:59:50	0:04:48	2:02:30	Ukraine	
6359a3bf-e076-f011-b4cc-6045bd05fcc1	707	Isabela Diana Hurmuz	F	F35-39	12	5:49:47	0:51:17	0:06:03	3:00:02	0:05:14	1:47:11	Romania	
aaa8f521-e86a-f111-a826-002248081bd6	708	Mclean Wilson	F	F25-29	20	5:49:49	0:42:13	0:06:26	3:01:12	0:03:54	1:56:04	United Kingdom	
d07df874-7db3-4794-b57b-9c99bbb67dd8	709	Egidijus Čivilis	M	M55-59	25	5:49:58	0:43:06	0:06:09	3:00:26	0:03:53	1:56:25	Lithuania	
88022da6-9aae-41e8-8faf-db44d547afcf	710	Branislav Kusik	M	M55-59	26	5:49:59	0:38:25	0:09:26	2:41:24	0:05:02	2:15:42	Slovakia	
7ef63843-139f-48e2-a10e-2888c2697bd8	711	Bojan Grubor	M	M45-49	54	5:50:06	0:46:21	0:08:01	3:01:30	0:04:49	1:49:25	Serbia	
a9ce4b75-3230-f111-88b4-0022480994c2	712	Martin Krajtmar	M	M25-29	111	5:50:09	0:36:26	0:05:40	3:17:53	0:04:15	1:45:55	Serbia	
1360510c-f438-f111-88b3-000d3a3067ef	713	Ernes Jusupovic	M	M25-29	112	5:50:12	0:46:43	0:09:00	3:02:31	0:03:52	1:48:06	Italy	
5f943616-43fa-4c3c-81a9-679b3003bd84	714	Carlos Eduardo Abellan Da Silva	M	M50-54	51	5:50:31	0:38:28	0:07:21	2:47:46	0:05:13	2:11:43	Brazil	
75b5274f-d180-f011-b4cc-000d3a35ffc1	715	Ivana Nikolic	F	F50-54	6	5:50:41	0:38:51	0:07:54	3:02:59	0:06:07	1:54:49	Serbia	
5460df65-da3a-4a84-9f46-e4a9cc6df825	716	Robert Podbevšek	M	M55-59	27	5:50:44	0:36:47	0:08:24	3:10:26	0:04:54	1:50:13	Slovenia	
d0048571-9a75-ea11-a811-000d3a5a1cf8	717	Alen Jovcevski		M50-54	52	5:50:45	0:45:03	0:07:42	2:57:12	0:04:38	1:56:10	North Macedonia	
af2eb5bf-6cc5-f011-bbd2-6045bd09e913	718	Robert Brocklesby		M50-54	53	5:50:49	0:39:14	0:08:11	2:52:05	0:04:10	2:07:08	United Kingdom	
4155c236-793c-f111-88b3-6045bd08b1a2	719	Alina Starostina	F	F35-39	13	5:50:50	0:38:09	0:08:53	2:53:21	0:06:26	2:04:00	Romania	
7109cc91-cecc-4baa-98c6-a615a7d6d79a	720	Hanna Katona	F	F25-29	21	5:50:50	0:35:22	0:05:28	3:06:12	0:03:47	2:00:02	Hungary	
9d2459b4-9b48-f111-bec5-6045bd06566a	721	Andrea Clemons	F	F55-59	3	5:51:02	0:31:34	0:07:06	3:08:22	0:04:36	1:59:25	Madagascar	
a0a8d9af-146b-47dd-a99d-59412b3d72ac	722	Amir Cackovic	M	M50-54	54	5:51:21	0:48:21	0:07:37	2:51:24	0:05:04	1:58:54	Bosnia and Herzegovina	
3fa7337c-19eb-ee11-a203-6045bd064839	723	Marius Gouillon	M	M18-24	89	5:51:36	0:33:47	0:04:52	3:02:46	0:03:42	2:06:29	France	
a538cfe9-5c70-f111-ab0d-6045bd08b1a2	724	Aleksa Arnautović	M	M25-29	113	5:51:47	0:41:58	0:07:41	2:57:12	0:05:35	1:59:22	Serbia	
3d3bcf3e-b6a5-4ffb-9d9a-938f98485240	725	Nikola Stojnic	M	M35-39	92	5:52:15	0:50:41	0:09:07	2:55:30	0:04:11	1:52:46	Serbia	
656ad440-0844-f111-88b3-70a8a59a53fc	726	Paul Reichl	M	M18-24	90	5:52:17	0:45:50	0:12:11	2:52:49	0:03:21	1:58:05	Austria	
096bf9d8-fa6b-f111-a826-0022480a5755	727	Mert Emin Tümer	M	M25-29	114	5:52:17	0:40:32	0:07:12	2:36:18	0:04:45	2:23:31	Turkey	
18630aa9-a05d-f111-a826-0022480a5755	728	Djordje Brankovic	M	M40-44	77	5:52:18	0:42:34	0:10:21	2:44:18	0:05:09	2:09:57	Serbia	
b99fc22b-670a-f111-8406-0022480b35b6	729	Apostol Kerankov	M	M18-24	91	5:52:25	0:32:06	0:08:16	3:02:23	0:08:25	2:01:15	Bulgaria	
3ee1f499-9c82-f111-ab0f-0022480a5755	730	Bence Damjanovics	M	M35-39	93	5:52:59	0:44:23	0:07:51	2:47:58	0:03:31	2:09:17	Hungary	
9123fd29-479c-44a9-b96f-e0d0f0ee6936	731	Stefan Bujnak	M	M30-34	109	5:53:12	0:44:19	0:07:26	2:57:20	0:05:08	1:58:59	Slovakia	
3c9f5e95-5008-f111-8406-002248046451	732	Peter Krisztian Radnoty	M	M40-44	78	5:53:24	0:46:04	0:07:07	2:56:04	0:04:26	1:59:42	Hungary	
46e09d3d-f93c-f111-88b4-002248046ec8	733	Mert Tekdemir	M	M25-29	115	5:53:35	0:42:30	0:08:54	2:57:20	0:05:45	1:59:06	Turkey	
14430c7f-ba08-4e58-bbe6-737a335f617e	734	Jozef Janus	M	M25-29	116	5:53:38	0:58:48	0:08:17	2:33:19	0:04:53	2:08:21	Slovakia	
4f9bd632-d5a3-f111-b8de-6045bd06566a	735	Aidas Liaudanskas	M	M30-34	110	5:53:53	0:50:58	0:08:51	2:48:48	0:04:14	2:01:03	Lithuania	
e8772d40-6156-f011-877b-000d3a3173b5	736	Nenad Simić	M	M40-44	79	5:53:54	0:41:02	0:07:25	3:05:41	0:05:05	1:54:42	Serbia	
a467606c-8593-ef11-8a6a-000d3a5a1803	737	Evgeniia Ziubanova	F	F50-54	7	5:53:55	0:42:14	0:05:20	3:02:50	0:03:04	2:00:27	Kyrgyzstan	
28955293-057b-4b04-b72e-fc68d16a9409	738	Grant Ellis	M	M35-39	94	5:54:04	0:44:33	0:07:27	2:48:36	0:03:02	2:10:26	United States	
03681adb-28f8-43c7-a05b-dff4b147c969	739	ALEXANDRA ALMYROUDI	F	F50-54	8	5:54:07	0:36:37	0:07:20	2:57:43	0:05:35	2:06:52	Greece	
9d7df696-337d-4219-8ad1-5d1e8a199e76	740	Madeline Walsh	F	M18-24	92	5:54:07	0:43:07	0:07:38	3:00:16	0:04:40	1:58:26	Czech Republic	
1bcbd542-424d-f111-bec5-0022480b35b6	741	Rio Paul	M	M18-24	93	5:54:14	0:40:04	0:05:59	3:13:50	0:02:57	1:51:23	United Kingdom	
7358e10d-5c4e-f111-bec5-0022480a5755	742	Harley curtis-lawrence	M	M18-24	94	5:54:17	0:38:29	0:08:23	3:04:31	0:03:54	1:59:01	United Kingdom	
bde9bdd9-445f-f111-a826-002248081bd6	743	Tobias Johannes Stein	M	M25-29	117	5:54:18	0:52:21	0:06:47	2:36:23	0:05:51	2:12:56	Germany	
ab6f62bb-b71c-f111-8341-0022480994c2	744	Bakyt Beisenbayev	M	M35-39	95	5:54:50	0:44:19	0:06:54	2:45:40	0:03:18	2:14:39	Kazakhstan	
70865b36-f996-f111-8076-0022480994c2	745	Evgenii Rubanenko	M	M25-29	118	5:54:56	0:37:16	0:08:30	3:00:25	0:04:19	2:04:26	Unknown	
0632f3b8-34f5-f011-8406-002248046451	746	Batuhan Ömer	M	M25-29	119	5:55:06	0:39:02	0:06:45	3:00:00	0:04:04	2:05:14	Turkey	
1797fb30-3fe5-47df-99b4-7aaa24b2e8b5	747	Nafiye Kala	F	F35-39	14	5:55:06	0:35:01	0:06:47	2:59:35	0:04:13	2:09:31	Turkey	
e901cd64-f204-f111-8406-0022480b84a3	748	Arman Nevzat	M	M18-24	95	5:55:07	0:39:51	0:08:05	3:13:37	0:06:04	1:47:30	Cyprus	
9015ede1-b342-f111-88b4-002248046ec8	749	Mehmet Ulger	M	M18-24	96	5:55:15	0:40:36	0:05:21	2:45:39	0:03:28	2:20:11	United States	
a01b3d77-5326-4924-acac-a7d732f7f90f	750	Leonid Nikolaiev	M	M55-59	28	5:55:25	0:35:31	0:08:21	2:57:52	0:04:46	2:08:55	Ukraine	
ff740b98-ee42-f111-88b4-0022480b88da	751	Lorenzo D’Arcangelo	M	M30-34	111	5:55:29	0:42:39	0:10:02	2:42:16	0:06:25	2:14:08	Italy	
392bd7b2-7f26-4b66-8e53-a20c400c8104	752	Brett Hudson	M	M35-39	96	5:55:36	0:39:44	0:07:45	2:58:09	0:05:26	2:04:33	United States	
afb9164f-f899-f011-b4cc-6045bd05fcc1	753	Alexis Traussi	F	F30-34	20	5:55:40	0:37:08	0:05:53	2:57:24	0:03:43	2:11:33	United States	
3dde34d3-7ba7-f011-bbd3-000d3a5b50ba	754	Igors Radions	M	M35-39	97	5:55:51	0:45:15	0:06:57	2:55:34	0:05:11	2:02:54	Latvia	
3f2ed103-6a5c-ef11-bfe3-000d3a3b4ec1	755	Maria Barzakovskaya	F	F45-49	11	5:55:57	0:44:38	0:05:37	2:46:52	0:03:20	2:15:30	Serbia	
78430b1c-705f-f011-bec2-000d3a5c3d6c	756	Brian Egan	M	M25-29	120	5:56:25	0:30:53	0:05:44	2:54:30	0:02:57	2:22:21	Ireland	
62b5d197-962b-f111-88b3-002248046ec8	757	Mirco Moscara	M	M30-34	112	5:56:35	0:36:37	0:08:50	2:47:03	0:03:40	2:20:25	Italy	
0270bf43-e070-ed11-9561-000d3a313da3	758	Andrej Pejovic	M	M45-49	55	5:56:39	0:35:04	0:08:50	2:46:34	0:05:18	2:20:52	Montenegro	
b58d7116-9bcc-483b-b6c8-bf74bfb5c78a	759	Róbert Mayer	M	M65-69	4	5:56:41	0:35:00	0:09:14	2:55:24	0:05:53	2:11:09	Hungary	
6c7403d6-63cd-f011-bbd3-000d3a5b7c3b	760	Aleksandra Ostojic	F	F30-34	21	5:56:49	0:43:23	0:06:13	3:06:58	0:03:35	1:56:40	Serbia	
4fc765e7-a2cf-f011-bbd3-6045bd09951e	761	Jevgenijs Voroninskis	M	M40-44	80	5:56:59	0:40:12	0:07:01	3:03:32	0:03:28	2:02:46	Latvia	
f750178a-9f44-f111-88b4-0022480b88da	762	Adar Kalt	M	M18-24	97	5:57:03	0:33:40	0:07:44	3:08:52	0:04:14	2:02:34	Israel	
2b1b26ee-c60c-f111-8406-002248046ec8	763	Dylan Meli	M	M30-34	113	5:57:05	0:35:41	0:09:23	3:20:39	0:05:44	1:45:38	Malta	
26e43719-af2a-ed11-9db1-0022480a3bb0	764	Ludovit Odor	M	M50-54	55	5:57:10	0:41:34	0:08:09	2:42:59	0:04:53	2:19:35	Slovakia	
03c61ac2-a16d-f111-ab0d-0022480994c2	765	Lena Luise Zdarek	F	F18-24	11	5:57:33	0:38:14	0:06:41	3:05:12	0:03:45	2:03:42	Germany	
85672db7-4367-f111-a826-0022480a5755	766	Jemeko Donkervoort	M	M25-29	121	5:58:09	0:35:53	0:09:14	2:56:51	0:06:00	2:10:11	Netherlands	
44d1f883-0616-4ae7-b830-ad840c6618e6	767	Alistair Mclaren	M	M40-44	81	5:58:51	0:33:23	0:05:16	2:59:07	0:05:45	2:15:20	United Kingdom	
6be2cc8c-4534-48b3-8429-0617d567cc83	768	Andrej Josifovski	M	M35-39	98	5:58:55	0:36:31	0:06:31	2:56:12	0:06:34	2:13:07	Serbia	
49e3ecf1-7d6a-f111-a825-6045bd06566a	769	Nikola Pandov	M	M18-24	98	5:58:56	0:41:32	0:09:09	3:08:11	0:05:26	1:54:37	Bulgaria	
868543e7-740b-f111-8406-0022480994c2	770	Tomislav Stimac	M	M18-24	99	5:59:04	0:44:11	0:06:57	3:09:49	0:05:26	1:52:41	Croatia	
7985d968-f3bb-f011-bbd3-000d3a5cf7d8	771	Kris Olarte	F	F35-39	15	5:59:06	0:43:13	0:07:07	3:01:31	0:03:45	2:03:31	Philippines	
fadbd5e0-ba93-f011-b4cc-000d3a5b50ba	772	Jonathan Georgery	M	M35-39	99	5:59:45	0:41:49	0:07:57	3:00:03	0:03:55	2:06:01	France	
7a966abe-6b8e-4d60-a23e-e65d54646d63	773	Nicolae Claudiu CONSTANTIN	M	M45-49	56	5:59:52	0:43:51	0:13:25	3:03:42	0:08:01	1:50:53	Romania	
a95e5a96-6ab5-ef11-b8e8-000d3a5ae96c	774	Branislav Milivojevic	M	M50-54	56	6:00:50	0:44:21	0:08:16	2:53:23	0:04:47	2:10:04	Serbia	
6863dc13-e650-402c-b999-4cb44b9fa86f	775	Djordje Andjelkovic	M	M55-59	29	6:00:59	0:47:59	0:07:24	2:54:41	0:05:25	2:05:29	Serbia	
13a485c9-1e7d-f011-b4cc-000d3a3173b5	776	Anna Persson	F	F55-59	4	6:01:03	0:31:08	0:07:19	2:54:08	0:06:32	2:21:56	Sweden	
ad5ac993-b09b-49dc-89a2-f11ea3ef9c41	777	Ergun Sezer	M	M45-49	57	6:01:16	0:43:04	0:08:13	2:58:57	0:04:36	2:06:26	Turkey	
0e755373-d79c-4ad4-95b3-b321945665aa	778	Christian Bekkers	M	M65-69	5	6:01:20	0:48:33	0:09:45	2:50:44	0:05:49	2:06:29	Belgium	
37e61c6d-a227-f111-8341-0022480a5755	779	Márk Rubicsek	M	M18-24	100	6:01:47	0:43:29	0:08:43	3:05:04	0:08:01	1:56:30	Hungary	
04c2a6f1-6e20-f111-8341-0022480b35b6	780	Milena Oldani	F	F30-34	22	6:01:48	0:41:04	0:06:21	3:05:24	0:03:57	2:05:02	Switzerland	
d1637736-b7e0-f011-8543-000d3a5b5fc7	781	ANASTASIIA ZAVRAZHINA	F	F45-49	12	6:01:54	0:44:14	0:06:15	3:10:40	0:04:28	1:56:17	Unknown	
47cb1261-29b3-ef11-b8e9-000d3a5a1803	782	Vasilije Dičić	M	M35-39	100	6:01:58	0:48:26	0:06:38	3:03:05	0:06:12	1:57:37	Serbia	
cf92a721-a2c0-f011-bbd3-6045bd05fcc1	783	Matija Ninic	M	M18-24	101	6:01:59	0:47:45	0:06:32	3:13:45	0:03:59	1:49:59	Serbia	
c5c0145b-d938-f111-88b4-002248046ec8	784	Željko Šarić	M	M25-29	122	6:02:08	0:33:43	0:08:15	3:21:11	0:05:36	1:53:23	Croatia	
9b82d316-a2fe-f011-8406-000d3a5943fc	785	Thomas Neumayer	M	M35-39	101	6:02:41	0:33:47	0:06:46	3:03:48	0:04:15	2:14:05	Austria	
88a7166a-99cc-f011-bbd2-000d3a5b5fc7	786	Dejan Lazarevic	M	M50-54	57	6:02:41	0:51:56	0:09:55	3:09:59	0:06:31	1:44:20	Bosnia and Herzegovina	
a572dbd8-db4d-f111-bec5-0022480b88da	787	Jude Hassan-Bilici	M	M18-24	102	6:02:44	0:39:41	0:07:18	2:56:22	0:04:57	2:14:26	Cyprus	
0e0f909b-983c-f111-88b4-0022480b35b6	788	jovan kocic	M	M35-39	102	6:02:51	0:39:14	0:07:17	3:03:45	0:03:50	2:08:46	Serbia	
56a84419-8784-4da0-a05b-6303803d5e67	789	Fotis Konstantellos	M	M55-59	30	6:02:53	0:37:34	0:08:09	2:50:46	0:05:53	2:20:30	Greece	
9badfa89-4650-f111-bec5-0022480a5755	790	Noah Riegler	M	M18-24	103	6:02:55	0:37:43	0:07:34	2:47:56	0:03:59	2:25:42	Austria	
9362bbe5-b386-f111-ab0f-0022480b84a3	791	Pieter de Jager	M	M30-34	114	6:02:58	0:56:14	0:07:00	3:05:31	0:05:11	1:49:02	Netherlands	
1c6c1dd4-6f6c-f011-bec3-000d3a35ffc1	792	Christian Guillermo Zea Garcia	M	M35-39	103	6:03:03	0:47:09	0:06:36	3:15:09	0:02:51	1:51:18	Colombia	
5e730155-ce84-f011-b4cc-0022480c097c	793	Milan Tavčar	M	M40-44	82	6:03:35	0:37:52	0:07:29	3:07:58	0:03:16	2:07:00	Serbia	
6fff2c40-b642-ef11-8409-000d3a383830	794	Maria Senatorova	F	F25-29	22	6:03:46	0:46:34	0:07:59	2:58:22	0:04:36	2:06:15	Netherlands	
5bd793d8-a053-f111-bec7-0022480b84a3	795	Goran Mandić	M	M40-44	83	6:03:56	0:51:56	0:06:53	3:14:58	0:04:00	1:46:10	Serbia	
0b517c1f-cf3f-f011-b4ca-000d3a5b7c3b	796	Leposava Borkovac	F	F50-54	9	6:04:05	0:51:22					Serbia	
9e0c69ad-50b0-f011-bbd3-000d3a5b50ba	797	Marcelo Scuccuglia	M	M50-54	58	6:04:08	0:48:39	0:08:44	3:05:46	0:04:15	1:56:43	Brazil	
eb6d259c-f1d1-f011-bbd3-0022480a7385	798	Bertalan Höchst	M	M25-29	123	6:04:15	0:45:03	0:06:10	3:06:53	0:04:35	2:01:34	Hungary	
e790ca73-5134-f111-88b4-0022480b84a3	799	Amitay Oren	M	M18-24	104	6:04:21	0:34:22	0:07:03	3:08:53	0:04:46	2:09:17	Israel	
dee1b716-2555-f011-877a-002248098cfa	800	Alp Yılmaz Çelenk	M	M25-29	124	6:04:22	0:37:23	0:07:19	3:11:42	0:03:51	2:04:08	Turkey	
71737c5c-42c2-f011-bbd3-6045bd05fcc1	801	Martin Menchev	M	M18-24	105	6:04:36	0:34:54	0:08:51	3:00:44	0:05:01	2:15:06	Bulgaria	
25f5a87b-b66f-f111-ab0d-002248046ec8	802	Marko Ralic	M	M25-29	125	6:04:50	0:44:16	0:07:37	3:11:55	0:05:23	1:55:38	Serbia	
ea750739-f32f-f111-88b4-0022480b88da	803	Gabriel Brohäll	M	M25-29	126	6:04:57	0:45:54	0:06:55	3:03:03	0:05:33	2:03:33	Sweden	
24172d83-9aef-f011-8407-00224805e61c	804	Vuk Ilic	M	M25-29	127	6:05:05	0:37:37	0:08:00	3:18:43	0:04:25	1:56:20	Serbia	
a7f60088-a5c4-f011-bbd3-0022480a7385	805	Matei Popica	M	M18-24	106	6:05:10	0:38:06	0:10:07	2:55:00	0:04:52	2:17:05	Romania	
88cae511-8a7f-f111-ab0f-6045bd08b1a2	806	Dido Y	F	F50-54	10	6:05:30	0:40:54	0:08:43	2:51:55	0:06:27	2:17:31	Greece	
436937f6-5eca-46fb-b3cd-0ebc31e98644	807	Jose Fuente Garcia	M	M55-59	31	6:05:33	0:32:35	0:11:36	2:36:06	0:06:44	2:38:33	Spain	
276ccc7d-fab4-f011-bbd3-000d3a5b50ba	808	Juan Carlos Romeral	M	M25-29	128	6:06:01	0:42:36	0:08:57	3:05:35	0:04:45	2:04:09	Spain	
73a59c04-1367-f111-a826-0022480a5755	809	Daniel Jogg	M	M35-39	104	6:06:01	0:35:54	0:08:43	2:48:57	0:06:31	2:25:57	Hungary	
f09479ad-4cc8-f011-bbd3-6045bd05fcc1	810	Marina Moro	F	F40-44	15	6:06:11	0:43:11	0:07:03	3:12:34	0:04:37	1:58:46	France	
7f8eb7db-aba4-f111-b8dd-6045bd08b1a2	811	Saša Bojanić	M	M50-54	59	6:06:24	0:48:31	0:09:48	3:19:06	0:05:15	1:43:44	Serbia	
94f23617-a9c0-f011-bbd2-7ced8d3c9f47	812	Radik Khaziev	M	M40-44	84	6:06:25	0:43:46	0:09:45	3:01:15	0:05:58	2:05:41	Serbia	
c779f686-4120-ef11-840b-002248044460	813	Milivoje Jovanovic	M	M45-49	58	6:06:27	0:34:44	0:10:16	3:02:56	0:06:59	2:11:32	Serbia	
b2092f83-f355-ee11-be6f-000d3a314be4	814	Martin Georgiev	M	M35-39	105	6:06:56	0:51:49	0:10:24	3:06:37	0:04:00	1:54:07	Bulgaria	
fad272f2-dde2-ef11-8eea-6045bd088264	815	Cengiz Yolcu	M	M40-44	85	6:07:07	0:42:10	0:08:01	3:07:14	0:05:19	2:04:23	Turkey	
3421edee-039e-ef11-8a6a-000d3a59a9a1	816	Andrea Kutrik	F	F25-29	23	6:07:22	0:41:53	0:07:29	2:53:07	0:04:50	2:20:02	Hungary	
f368d069-5290-439a-80a1-f51a42b42d14	817	Marijana JANKOVIĆ	F	F35-39	16	6:07:33	0:42:26	0:07:40	3:06:53	0:04:20	2:06:14	Serbia	
0f5d3458-7f19-f111-8341-6045bd06566a	818	Vladimir Pavlov	M	M40-44	86	6:07:39	0:42:32	0:07:29	3:04:49	0:05:22	2:07:28	North Macedonia	
43e6b318-b0b3-4966-8263-2c1932fc23d7	819	Steve Perry	M	M50-54	60	6:07:48	0:39:51	0:07:22	2:48:34	0:04:07	2:27:54	United Kingdom	
74e08fe8-ce44-f111-88b3-7ced8d3d7739	820	Jan Motschiunig		M18-24	107	6:07:58	0:34:14	0:06:55	2:55:05	0:03:37	2:28:07	Austria	
587aa98f-1280-f011-b4cc-6045bd05f634	821	Sieglinde De Beule	F	F25-29	24	6:08:07	0:38:02	0:08:19	3:09:33	0:06:16	2:05:57	Belgium	
95e0a8c2-d0e7-f011-8544-000d3a5b50ba	822	Csaba Sinka	M	M40-44	87	6:08:15	0:46:07	0:08:23	3:10:17	0:05:07	1:58:21	Hungary	
1b5ab76a-1963-f111-a826-6045bd06566a	823	Van Thang Nguyen	M	M25-29	129	6:08:18	0:42:46	0:08:03	3:06:13	0:05:10	2:06:06	Czech Republic	
f132a474-9cc0-f011-bbd3-6045bd05fcc1	824	Aleksandar Stojoski	M	M30-34	115	6:08:19	0:42:49	0:07:47	3:01:50	0:05:52	2:10:01	North Macedonia	
975748cf-6b37-f111-88b3-0022480a5755	825	Patricio Hempelmann	M	M18-24	108	6:08:24	0:41:06	0:07:27	2:58:49	0:07:35	2:13:26	Canada	
a3d38101-3640-ef11-8409-000d3a367177	826	PANAYIOTIS PAPADEMETRIOU	M	M35-39	106	6:08:31	0:37:09	0:09:05	3:04:29	0:06:49	2:10:58	Cyprus	
b84f3f28-0c7b-f111-ab0e-0022480bd6f1	827	Valentina Linnecar	F	F18-24	12	6:08:34	0:37:07	0:06:46	3:02:54	0:04:19	2:17:27	United Kingdom	
a54e54ec-1681-f111-ab0f-0022480a5755	828	Varga Zoltán	M	M18-24	109	6:08:41	0:32:58	0:06:47	3:14:18	0:04:31	2:10:06	Hungary	
c8afdc2d-cb7c-f011-b4cc-0022480a7385	829	Alexander Petrovic	M	M30-34	116	6:08:42	0:58:24	0:06:28	2:47:01	0:05:34	2:11:15	Germany	
3c473e38-7344-f111-88b3-7ced8d6e9c39	830	Dylan Jeger	M	M25-29	130	6:08:42	0:44:23	0:06:27	3:10:00	0:03:26	2:04:25	Belgium	
ff1172b9-c794-435a-a251-e8fcd10fd8e2	831	Böðvar Stefánsson	M	M45-49	59	6:08:43	0:44:43	0:06:11	2:57:17	0:03:46	2:16:45	Iceland	
5767dcd5-37ce-f011-bbd3-000d3a35ffc1	832	Đorđe Vasiljević	M	M30-34	117	6:08:43	0:57:47	0:07:08	3:02:41	0:05:06	1:56:01	Serbia	
2a340014-e141-ef11-8409-6045bd0953ac	833	Vladislav Kuznetsov	M	M30-34	118	6:08:48	0:47:27	0:06:44	2:48:50	0:04:55	2:20:52	Georgia	
10028225-cd6f-f111-ab0d-7c1e528d5074	834	Matthias Plattner	M	M50-54	61	6:09:01	0:36:01	0:09:29	2:53:25	0:04:52	2:25:15	Switzerland	
109dd983-2300-f111-8406-002248046ec8	835	Stefanos Oikonomidis	M	M45-49	60	6:09:04	0:49:19	0:09:29	2:48:30	0:03:46	2:17:59	Cyprus	
8435c216-3072-f011-bec3-000d3a5b50ba	836	Bruno Lotycz	M	M18-24	110	6:09:13	0:51:09	0:06:51	3:18:04	0:03:48	1:49:22	Poland	
e72d4daf-acb4-f011-bbd3-000d3a5b50ba	837	Umut Polat	M	M30-34	119	6:09:16	0:48:58	0:07:51	3:00:35	0:04:07	2:07:46	Turkey	
97a36789-9203-f111-8406-0022480a5755	838	Dejan Popović	M	M45-49	61	6:09:19	0:37:26	0:09:44	3:15:37	0:05:08	2:01:24	Serbia	
670ab3a4-3cfd-f011-8407-6045bd01ce31	839	Hana Nasser	F	F30-34	23	6:09:23	0:38:28	0:07:16	3:03:34	0:06:06	2:13:58	Egypt	
282c7a64-b618-f111-8341-6045bd08b1a2	840	Felix Lakner	M	M18-24	111	6:09:27	0:33:31	0:12:41	2:57:43	0:04:04	2:21:28	Germany	
8afadd1d-094e-f111-bec5-0022480b35b6	841	Lars Fuchs	M	M18-24	112	6:09:35	0:43:39	0:06:26	2:53:58	0:04:23	2:21:09	Austria	
4023118b-ff1f-f111-8341-0022480994c2	842	Pavel Parazhynski	M	M30-34	120	6:09:45	0:46:57	0:08:03	2:55:07	0:04:54	2:14:44	Belarus	
50d3e12e-7a53-f111-bec6-0022480a5755	843	Iordan Iordanov	M	M45-49	62	6:09:49	0:36:39	0:11:32	2:59:12	0:06:55	2:15:31	Bulgaria	
30abaf87-f908-f111-8406-002248095bdd	844	Péter Berényi	M	M25-29	131	6:10:13	0:34:10	0:15:01	3:10:52	0:10:34	1:59:36	Hungary	
0ed1040a-011e-f111-8341-6045bd06566a	845	Nikola Petrovic	M	M35-39	107	6:10:17	0:49:28	0:06:36	3:00:59	0:04:46	2:08:28	Serbia	
0880630a-2b63-f111-a826-6045bd08b1a2	846	Campean Marius	M	M40-44	88	6:10:19	0:46:28	0:07:46	3:03:59	0:04:36	2:07:29	Romania	
dc05c442-5dcd-f011-bbd3-000d3a3173b5	847	goran spasojevic	M	M45-49	63	6:10:22	0:45:29	0:06:38	3:00:57	0:04:47	2:12:32	Serbia	
89da0300-0017-47d0-bff0-41c055693207	848	Tomáš Valko	M	M35-39	108	6:10:25	0:43:20	0:09:02	3:01:34	0:04:59	2:11:30	Slovakia	
e4e9cb5e-6154-f111-bec6-6045bd08b1a2	849	Adam Gramata	M	M18-24	113	6:10:32	0:46:06	0:07:04	3:15:45	0:04:03	1:57:34	Slovakia	
ab5275d3-65cc-f011-bbd2-000d3a5b5fc7	850	David Mamojka	M	M40-44	89	6:10:52	0:45:46	0:05:21	3:02:15	0:04:31	2:12:59	Serbia	
aff2ea16-e532-4636-bd6a-22f8d6d4c4d8	851	Gabriel Uysal	M	M45-49	64	6:11:00	0:45:20	0:07:33	2:44:39	0:06:20	2:27:08	France	
54f6110c-8a78-f111-ab0f-002248046ec8	852	Popescu Vlad	M	M18-24	114	6:11:18	0:45:29	0:05:36	3:06:44	0:03:25	2:10:02	Romania	
408dc14b-9a65-f011-bec2-000d3a5c3d6c	853	Michael Thorburn	M	M35-39	109	6:11:27	0:42:22	0:09:26	2:59:11	0:04:52	2:15:37	United Kingdom	
6bb52676-9e26-4177-afd1-58cd05fa3c61	854	Paolo Mussotto	M	M60-64	14	6:12:08	0:45:29	0:11:22	2:56:31	0:06:46	2:11:59	Italy	
60bdefad-a8f6-f011-8406-002248046ec8	855	Mihály Hackl	M	M45-49	65	6:12:10	0:44:01	0:06:19	3:17:06	0:04:01	2:00:42	Austria	
389ca687-e060-f111-a826-0022480b3ee9	856	Davide Sanvito	M	M25-29	132	6:12:13	0:42:42	0:09:37	3:07:28	0:04:38	2:07:48	Italy	
379b4293-2a10-4650-bab5-4b5fa6d53882	857	Ted Giuseppone	M	M50-54	62	6:12:14	0:51:57	0:10:10	3:03:09	0:05:05	2:01:52	Italy	
84da33e2-0534-f111-88b4-0022480b35b6	858	Anna-Barbara Hilleke	F	F35-39	17	6:12:21	0:39:18	0:06:38	3:00:57	0:04:20	2:21:08	Germany	
196b6584-8800-ee11-8f6e-000d3a314c24	859	Arron Banks	M	M60-64	15	6:12:28	0:39:09	0:12:10	3:21:22	0:05:52	1:53:57	United Kingdom	
ca122441-57f9-ed11-8849-000d3a3144b3	860	Peter Banks	M	M18-24	115	6:12:30	0:40:25	0:10:55	3:21:22	0:05:52	1:53:56	United Kingdom	
83ea6db3-0d22-f111-8341-000d3a3acfa8	861	Christian Griffin	M	M30-34	121	6:12:45	0:42:42	0:09:01	3:17:22	0:04:54	1:58:45	United Kingdom	
11a23972-7658-f111-bec7-0022480b88da	862	Pero Krnic	M	M45-49	66	6:12:45	0:34:13	0:09:08	3:03:57	0:04:56	2:20:32	Croatia	
e977f6f1-246f-f111-ab0c-7ced8d6e6b5b	863	Padurariu Daniel Vasile	M	M40-44	90	6:12:59	0:45:38	0:06:15	3:19:35	0:03:28	1:58:02	Romania	
30eeede4-bf77-48a9-b50d-a91ff03a1615	864	Branko Petrovic	M	M50-54	63	6:13:04	0:39:44	0:07:55	3:08:34	0:05:24	2:11:28	Serbia	
10a00db5-4097-f111-8076-6045bd06566a	865	Melanie Krüsch	F	F30-34	24	6:13:05	0:42:01	0:06:01	3:03:54	0:02:54	2:18:14	Germany	
228e386d-4497-f111-8076-0022480994c2	866	Til Straub	M	M25-29	133	6:13:05	0:44:45	0:06:04	2:58:52	0:05:11	2:18:14	Germany	
67757c16-e755-f111-bec7-0022480995bd	867	Luca Marzocchi	M	M30-34	122	6:13:35	0:37:44	0:10:14	3:06:28	0:05:40	2:13:29	Italy	
188dae69-1564-f011-bec1-6045bd007ee2	868	Pablo Byrne	M	M35-39	110	6:13:56	0:41:22	0:07:15	2:50:11	0:04:35	2:30:33	United Kingdom	
cf17b09b-0a62-f111-a826-002248046ec8	869	Filip Galić	M	M18-24	116	6:14:00	0:50:11	0:07:09	3:21:28	0:04:32	1:50:40	Czech Republic	
2e7c029f-8a21-43a9-9c11-04b16ba39d0e	870	Andreas Eliades	M	M25-29	134	6:14:01	0:41:31	0:06:44	3:39:14	0:04:15	1:42:18	Cyprus	
84fa7d71-d2ad-f011-bbd3-000d3a5b50ba	871	Octavian Nicolae Cordescu	M	M25-29	135	6:14:04	0:42:37	0:08:48	3:11:33	0:04:29	2:06:37	Romania	
94944965-1cb4-4d66-83b3-b50be5242a02	872	Sergio Marta	M	M50-54	64	6:14:30	0:34:09	0:08:30	2:54:59	0:05:54	2:30:58	Italy	
ec63f9fe-727d-411b-864f-a8742930c719	873	Christophe Pierrat	M	M55-59	32	6:15:09	0:43:06	0:07:04	3:07:19	0:03:47	2:13:53	France	
c4b8b573-89ef-f011-8406-00224804742c	874	Taner Erdoğdu	M	M30-34	123	6:15:10	0:38:29	0:08:20	2:59:13	0:05:49	2:23:19	Turkey	
81608a2d-811d-f111-8341-0022480b35b6	875	Josh Lawler	M	M25-29	136	6:15:31	0:47:25	0:09:27	3:14:34	0:06:01	1:58:04	Ireland	
526510ff-4c21-f011-8c4c-000d3a32b48d	876	Vuk Bogovac	M	M18-24	117	6:15:56	0:40:08	0:07:28	3:01:30	0:05:44	2:21:06	Serbia	
290e1cd0-fb65-47c9-8181-ef25e1981307	877	Timur Aliev	M	M60-64	16	6:16:01	0:44:44	0:07:05	3:01:17	0:04:45	2:18:10	Unknown	
9d75edb6-5d63-f111-a825-70a8a5b1e098	878	Zsolt Márk Varga	M	M40-44	91	6:16:06	0:41:05	0:08:31	2:51:52	0:07:11	2:27:28	Hungary	
909095a5-015d-f011-bec2-000d3a5b50ba	879	D.J. Wohler	M	M30-34	124	6:16:08	0:45:25	0:09:22	3:16:34	0:06:22	1:58:25	Switzerland	
03fb6cfc-e38f-f111-8076-7ced8d70c983	880	Rapp Mark	M	M35-39	111	6:16:11	0:45:16	0:09:04	3:01:41	0:04:10	2:15:59	Hungary	
7ae27087-c7a9-49f5-867a-7f33e5a66b48	881	Ram Hasson	M	M55-59	33	6:16:37	0:42:37	0:07:57	3:12:22	0:06:37	2:07:04	Canada	
44892c4f-b219-4953-a354-290abc5dd606	882	Florian Kutz	M	M25-29	137	6:16:42	0:35:07	0:08:30	2:40:40	0:05:48	2:46:36	Switzerland	
b10bac14-b415-40a9-8c2e-450565428cc2	883	Milan Zivkovic	M	M30-34	125	6:16:43	0:46:18	0:07:15	3:17:52	0:06:42	1:58:36	Serbia	
37826c13-34cc-ef11-b8e9-000d3a5a1803	884	Vasil Bulyanski	M	M40-44	92	6:16:51	0:50:49	0:06:48	3:13:43	0:03:28	2:02:03	Bulgaria	
bf9d6608-f068-f111-a826-0022480a5755	885	Nikita Aleshin	M	M30-34	126	6:17:20	0:51:07	0:10:27	3:15:31	0:05:49	1:54:26	Germany	
7bafefc2-2468-f111-a825-0022480b35b6	886	Calin Puia	M	M30-34	127	6:17:28	0:42:22	0:08:39	3:13:26	0:06:55	2:06:06	Romania	
faf89115-2b05-f111-8406-0022480b35b6	887	Djordje Dinic	M	M40-44	93	6:17:45	0:53:18	0:06:37	3:23:13	0:04:02	1:50:34	Serbia	
dd876737-cf6c-ea11-a811-000d3a5a1cf8	888	Cosmin Tărău	M	M55-59	34	6:17:45	0:37:00	0:10:46	3:04:05	0:05:25	2:20:29	Romania	
3f1cfcb5-0c6e-4a44-81de-59513d1dd8ad	889	Michaël Bruneau	M	M50-54	65	6:18:07	0:36:59	0:05:13	2:24:38	0:04:50	3:06:28	Belgium	
7a2107a5-c9fa-f011-8406-0022480b88da	890	Athanasia Nerantzaki	F	F25-29	25	6:18:07	0:48:30	0:08:03	3:14:34	0:05:09	2:01:50	Greece	
80067a84-5d3c-4b85-b97b-a9d461ec69d8	891	Ivan Gale	M	M45-49	67	6:18:15	0:34:50	0:07:17	3:10:29	0:07:16	2:18:22	Croatia	
babe049a-bbdd-f011-8544-6045bd09951e	892	Stefan Stojanovic	M	M40-44	94	6:18:40	0:39:57	0:10:00	3:14:17	0:06:41	2:07:45	Serbia	
8a1af117-6f8d-4269-9f33-cfa3c308228c	893	Evren Çoban Tabu	F	F45-49	13	6:19:35	0:44:42	0:07:22	3:15:47	0:04:39	2:07:05	Turkey	
1679aa00-2510-f111-8406-002248046ec8	894	Volen Pavlov	M	M35-39	112	6:19:40	0:52:35	0:08:45	3:08:56	0:04:47	2:04:38	Bulgaria	
df12e075-cc7c-4139-8513-a2fbc85022d4	895	Lone Schaadt	F	F60-64	1	6:19:52	0:43:29	0:07:45	2:52:59	0:07:58	2:27:40	Denmark	
a9ba4ce3-fd00-f111-8406-0022480b88da	896	Jeffrey Eulberg	M	M40-44	95	6:19:56	0:45:35	0:11:14	3:11:05	0:07:07	2:04:54	United States	
2f61704a-508a-f111-ab10-70a8a5b19cbc	897	CEREN ERSOY ARIK	F	F30-34	25	6:20:31	0:45:49	0:09:27	3:13:01	0:04:26	2:07:49	Cyprus	
c2d00153-a2b9-ef11-b8e8-000d3a5ae96c	898	Nemanja Krstulovic	M	M35-39	113	6:20:32	0:50:19	0:08:28	3:16:52	0:03:56	2:00:57	Serbia	
f1ececd0-09a8-4a04-9a1a-55e3063906cd	899	Matthew Skeet	M	M35-39	114	6:20:34	0:46:03	0:08:47	3:04:53	0:06:09	2:14:43	United Kingdom	
887c86a5-7063-f111-a825-7ced8d3beb11	900	Danish Saleem	M	M18-24	118	6:20:44	0:41:47	0:10:36	3:06:26	0:05:46	2:16:09	United Kingdom	
769c4a83-c09f-4a94-bc02-11f229c03a28	901	Sandra Sigurdardottir	F	F45-49	14	6:20:46	0:35:04	0:06:59	3:13:22	0:05:08	2:20:12	Iceland	
6cc484d2-c493-f011-b4cc-6045bd09951e	902	Markéta Kramolišová	F	F25-29	26	6:20:47	0:43:15	0:07:20	3:19:16	0:05:28	2:05:29	Czech Republic	
3edc508b-16fa-4cb0-9dbe-45b1e2e8288e	903	Stefano Petti	M	M55-59	35	6:20:48	0:43:39	0:12:13	3:11:49	0:07:54	2:05:13	Italy	
9d11d35a-18dd-48b1-8328-7652d790ea65	904	Coki Mingo	M	M50-54	66	6:21:35	0:37:40	0:07:20	3:06:57	0:04:25	2:25:13	Argentina	
84a0ef55-fec2-f011-bbd2-000d3a5b7c3b	905	Anna Poletti	F	F25-29	27	6:22:27	0:44:22	0:08:53	3:21:01	0:04:14	2:03:57	Italy	
50444f1f-54b0-f111-aaac-002248048968	906	Juraj Rypak	M	M50-54	67	6:22:37	0:44:36	0:10:13	2:57:30	0:08:15	2:22:04	Slovakia	
8d47c8bb-2200-4d1c-ac5a-a4962ae3a432	907	Claudio Palada	M	M60-64	17	6:23:03	0:39:27	0:14:21	3:00:19	0:04:36	2:24:20	Italy	
63d303cc-edfe-43a7-a1b8-fa37c3d8ad7e	908	Han Los	M	M50-54	68	6:23:09	0:43:03	0:07:16	2:58:15	0:05:22	2:29:14	Netherlands	
1460ad52-9520-f111-8341-0022480b88da	909	Bojan Arsic	M	M30-34	128	6:23:10	0:47:41	0:08:49	3:12:38	0:05:13	2:08:48	Serbia	
8093c38b-618a-f111-ab10-002248046ec8	910	Juliana Hagenbusch	F	F30-34	26	6:23:14	0:40:40	0:10:36	3:20:36	0:07:29	2:03:53	Germany	
59ec09f8-300f-f111-8406-002248046ec8	911	Veronika Fuks Tomažič	F	F25-29	28	6:23:14	0:37:22	0:07:26	3:20:24	0:06:27	2:11:35	Slovenia	
6adbe2df-6c70-f111-ab0d-0022480b84a3	912	Filip Kovačević	M	M50-54	69	6:23:19	0:51:42	0:08:12	3:16:01	0:04:55	2:02:29	Serbia	
01d5ca3f-3ced-451f-8f06-7e30d540bc92	913	David Righi	M	M45-49	68	6:23:19	0:38:38	0:08:27	2:54:04	0:06:19	2:35:53	Switzerland	
7510bdee-fadd-f011-8544-000d3a3173b5	914	Beau Wolfertz	M	M45-49	69	6:23:26	0:45:17	0:08:45	3:06:44	0:08:14	2:14:25	United States	
d9fffb96-2e54-f111-bec6-70a8a5b16299	915	Dario Stamenkovic	M	M35-39	115	6:23:31	0:49:01	0:10:12	3:13:59	0:05:37	2:04:43	Serbia	
dc84fb9a-0482-f111-ab0e-70a8a5ae8eaa	916	Zalán Zilahy	M	M18-24	119	6:23:38	0:29:37	0:09:44	3:10:55	0:10:32	2:22:50	Hungary	
c9ebe274-5299-f111-b8dc-002248046ec8	917	Bojan Boskovic	M	M35-39	116	6:23:47	0:40:18	0:07:01	3:17:19	0:06:48	2:12:21	Montenegro	
eb151c5b-f730-4a45-a268-27dc4c6579f9	918	Kelly Maric	F	F55-59	5	6:24:00	0:37:15	0:07:52	2:53:17	0:05:21	2:40:15	United States	
ab8c9906-6e85-ef11-ac21-000d3a338a3c	919	Clas Andersson	M	M50-54	70	6:24:20	0:42:01	0:07:02	3:10:38	0:04:01	2:20:38	Sweden	
93b5a2e4-50a2-ed11-aad1-000d3a314329	920	Iuliia Merkureva	F	F40-44	16	6:24:39	0:43:10	0:09:44	3:16:21	0:05:08	2:10:16	Serbia	
ce6c29df-b486-f111-ab0f-0022480b84a3	921	Branislav Arsić	M	M45-49	70	6:24:58	0:54:15	0:10:34	3:17:31	0:07:17	1:55:22	Serbia	
2d1f0cb9-e7e4-f011-8544-000d3a35ffc1	922	Andrew Jones	M	M40-44	96	6:24:58	0:48:15	0:06:55	3:09:29	0:04:01	2:16:19	United Kingdom	
d7e33a29-ee6b-f011-bec3-6045bd05f634	923	Jovana Pavić	F	F18-24	13	6:25:27	0:35:51	0:08:04	3:20:14	0:04:05	2:17:14	Serbia	
21b2f93f-be44-f111-bec5-6045bd042727	924	Lauris Leimanis	M	M18-24	120	6:25:37	0:51:43	0:10:01	3:07:27	0:07:46	2:08:41	Latvia	
e3edf17c-5910-ef11-9f89-6045bd00e0b7	925	Irena Lucic	F	F35-39	18	6:25:44	0:50:24	0:09:11	3:02:38	0:07:29	2:16:02	Serbia	
47018616-c2a5-4eeb-a213-9171ae04360e	926	Henryk Miszalski	M	M40-44	97	6:25:46	0:44:20	0:10:35	3:12:15	0:06:54	2:11:42	Poland	
e4b290eb-1e54-f111-bec7-0022480994c2	927	David Obradovic	M	M25-29	138	6:25:55	0:42:09	0:09:55	3:21:05	0:05:21	2:07:25	Serbia	
93304ccb-2766-f011-bec2-000d3a5cf7d8	928	Daniel Homola		M30-34	129	6:25:59	0:47:27	0:06:04	3:12:01	0:05:10	2:15:17	Slovakia	
7156aed4-db08-f111-8406-0022480994c2	929	Maja Mrežar	F	F18-24	14	6:26:13	0:41:25	0:10:49	3:06:31	0:06:44	2:20:46	Slovenia	
ce619695-f281-f111-ab0e-70a8a5b19cbc	930	Nebojsa Urosevic	M	M30-34	130	6:26:16	0:51:23	0:07:58	3:18:30	0:02:58	2:05:27	Serbia	
b5f7d1b6-6bf9-4e5a-b5cb-885b7a248a66	931	Ivana Radisic	F	F40-44	17	6:26:18	0:43:38	0:11:14	3:05:53	0:06:15	2:19:19	Serbia	
bca8bdce-88d2-f011-8544-000d3a3173b5	932	Zoltán Gyalog	M	M25-29	139	6:26:31	0:42:50	0:07:47	3:06:05	0:06:53	2:22:56	Hungary	
c781c413-c963-42c4-be13-e5ab9fb0a0b3	933	Bailey Nghiem	F	F25-29	29	6:27:32	0:41:30	0:10:27	3:08:03	0:06:04	2:21:28	United States	
bf3e21cd-affd-447d-aded-f84cb599ba69	934	Alessandro Peca	M	M45-49	71	6:27:40	0:48:24	0:10:10	3:12:47	0:06:03	2:10:17	Italy	
d91538f0-0af6-f011-8406-002248046451	935	AHMET KARPUZOGLU	M	M50-54	71	6:27:42	0:44:38	0:07:52	2:54:57	0:06:44	2:33:30	Turkey	
9d4c95f2-a452-f111-bec7-002248046ec8	936	Mihajlo Jovanovic	M	M18-24	121	6:28:06	0:41:20	0:10:44	3:20:53	0:05:06	2:10:03	Serbia	
ff4942b2-b26b-4415-9371-d77d65fcd9eb	937	Petr Veselý	M	M45-49	72	6:28:45	0:36:59	0:08:11	3:09:00	0:06:36	2:27:59	Czech Republic	
02523a82-41ef-485a-be8b-49a6dcfee7d8	938	Nicki Derrick	F	F30-34	27	6:28:48	0:36:35	0:09:15	3:21:16	0:07:15	2:14:26	United Kingdom	
bac0276f-fc62-f111-a826-002248046ec8	939	Musab Altamimi	M	M30-34	131	6:30:39	0:40:48	0:07:41	3:15:50	0:05:05	2:21:16	Saudi Arabia	
48041489-089a-f011-b4cc-000d3a5b7c3b	940	Samuel Panagrosso	M	M30-34	132	6:30:50	0:48:11	0:13:41	3:11:17	0:08:33	2:09:08	United States	
21caa827-e425-439f-959b-b825846413aa	941	Ricardo Terrazas Alonso	M	M35-39	117	6:30:59	0:41:02	0:06:39	3:11:53	0:04:08	2:27:18	Mexico	
28361acc-f71a-f011-998a-000d3a35ffc1	942	Aleksander Mars	M	M25-29	140	6:31:02	0:48:33	0:07:56	3:10:48	0:09:12	2:14:33	Slovenia	
5e348d38-8a27-f111-8341-002248046451	943	Andrei Ivanov	M	M55-59	36	6:31:02	0:44:52	0:08:23	2:57:21	0:05:08	2:35:18	Unknown	
fbcf5343-7c41-4bc3-a412-6642bcffb9ab	944	Klarisa Sipoš	F	F35-39	19	6:31:05	0:50:36	0:07:51	3:11:29	0:03:56	2:17:12	Slovenia	
16b6b4a5-f348-f111-bec6-002248046ec8	945	Deepesh Deepesh	M	M35-39	118	6:31:15	0:48:56	0:10:16	3:22:50	0:04:48	2:04:25	India	
38489151-9d0d-f111-8406-0022480b88da	946	Alexander Perepelkin	M	M40-44	98	6:31:37	0:45:01	0:07:11	3:21:26	0:04:18	2:13:42	Israel	
4023cf5f-0349-46c7-816a-6d3e59464715	947	Kairat Taimagambetov	M	M40-44	99	6:32:14	0:44:55	0:08:56	3:13:59	0:04:51	2:19:33	Kazakhstan	
228a38db-f0f9-ef11-9340-6045bd05011a	948	Matija Trošic	M	M30-34	133	6:32:15	0:57:39	0:11:30	3:01:57	0:08:01	2:13:07	Croatia	
bff146f1-785e-f111-a826-6045bd06566a	949	Bogdan Ionescu	M	M25-29	141	6:32:29	0:48:56	0:10:03	3:24:51	0:06:57	2:01:42	Romania	
6e7485f7-276a-f111-a825-002248046451	950	Nermin Klapić	M	M50-54	72	6:32:33	0:46:00	0:07:52	3:15:07	0:05:00	2:18:35	Bosnia and Herzegovina	
3c5c7f25-677f-f111-ab0f-0022480994c2	951	Eyup Barlas	M	M25-29	142	6:33:02	0:43:14	0:06:34	2:59:05	0:04:46	2:39:23	Turkey	
7c9ce1e2-5fc2-4af4-a793-bfdac1daa599	952	A. Yaman Kurt	M	M50-54	73	6:33:12	0:37:52	0:08:20	3:08:38	0:04:54	2:33:28	Turkey	
95728e8a-cd6b-ec11-8943-0022480900f7	953	Anika Vilotic	F	F18-24	15	6:33:23	0:41:57	0:08:05	3:17:55	0:04:57	2:20:28	Montenegro	
021d1e92-98cb-f011-bbd3-000d3a35ffc1	954	Filip Ćosović	M	M25-29	143	6:33:25	0:44:30	0:09:04	3:27:25	0:04:58	2:07:28	Serbia	
a7807909-754d-f111-bec5-70a8a59b12e5	955	Jasper Klerks	M	M35-39	119	6:33:55	0:43:09	0:11:07	3:36:14	0:07:51	1:55:33	Netherlands	
dc6f6d5e-28ce-f011-bbd3-6045bd05fcc1	956	Danijela Ðurić	F	F35-39	20	6:34:20	0:48:07	0:07:53	3:16:18	0:05:22	2:16:40	Austria	
1ff7b2aa-d4d5-f011-8544-000d3a3173b5	957	Aleksandar Milovanovic	M	M30-34	134	6:34:22	0:49:15	0:10:50	3:21:35	0:07:29	2:05:13	Serbia	
040076d9-9a40-f111-88b4-002248046ec8	958	Oleg Svoboda	M	M18-24	122	6:34:23	0:43:44	0:10:12	3:18:49	0:05:26	2:16:11	Serbia	
84ab9ae6-782b-4dc8-87b3-d75862f43320	959	Dejan Markovic	M	M35-39	120	6:34:33	0:47:45	0:12:44	3:09:54	0:04:27	2:19:43	Serbia	
df08b804-2159-f111-bec6-7ced8d3c64cd	960	Danijela Ivanović	F	F35-39	21	6:34:40	0:40:28	0:06:58	3:50:07	0:03:51	1:53:16	Serbia	
56f4771e-0960-f111-a826-6045bd08b1a2	961	Mehul Tembhre	M	M18-24	123	6:34:48	0:53:01	0:09:45	3:01:44	0:05:49	2:24:29	India	
726a5f54-de70-47a4-bc0a-ac8ab3defd28	962	Anton Pronin	M	M50-54	74	6:34:50	0:38:46	0:08:56	3:11:43	0:10:17	2:25:09	Unknown	
320d87b1-1e6c-f111-ab0b-7c1e528d5074	963	Artem Egerev	M	M25-29	144	6:34:54	0:38:11	0:10:48	3:14:11	0:07:29	2:24:15	Unknown	
ea369a9e-12ad-f011-bbd3-6045bd05fcc1	964	Magnús Stefánsson	M	M60-64	18	6:35:42	0:45:51	0:07:43	3:15:41	0:04:54	2:21:33	Iceland	
f8f04a31-c53c-f111-88b3-6045bd08b1a2	965	Uroš Šejić	M	M25-29	145	6:36:07	0:35:18	0:10:46	3:26:00	0:09:03	2:15:00	Serbia	
d013774a-bbc0-f011-bbd3-000d3a35ffc1	966	Martin Kalina	M	M25-29	146	6:36:20	0:46:48	0:09:43	3:14:48	0:06:41	2:18:20	Slovakia	
0d7cd094-9c82-f111-ab0f-6045bd08b1a2	967	Eldin Moranjkic	M	M30-34	135	6:36:48	0:44:22	0:08:19	3:34:57	0:05:16	2:03:53	Bosnia and Herzegovina	
4517057f-3f17-f111-8341-0022480a5755	968	Gyða Björk Ingimarsdóttir	F	F30-34	28	6:36:58	0:45:28	0:07:53	3:20:15	0:03:34	2:19:49	Iceland	
d6debc55-e5dd-f011-8544-000d3a5b7c3b	969	Tho Nghiem	M	M55-59	37	6:37:08	0:47:39	0:11:44	3:12:28	0:05:41	2:19:37	United States	
b2a7d9e4-1fba-4c08-99f6-088feca35001	970	Kornel Zuchewicz	M	M40-44	100	6:37:13	0:40:41	0:07:44	3:13:27	0:05:15	2:30:07	Poland	
8c542f41-5f78-f011-b4cb-6045bd0258e2	971	Martin Mcdonagh	M	M25-29	147	6:37:18	0:38:39	0:07:35	3:22:54	0:05:04	2:23:05	Ireland	
e890e68a-c8dc-f011-8544-000d3a3173b5	972	Anna Padar	F	F25-29	30	6:37:25	0:38:32	0:09:43	3:18:24	0:11:34	2:19:13	Hungary	
75e3e608-a344-f111-88b4-0022480994c2	973	Nikola Laskovic	M	M25-29	148	6:37:27	0:46:43	0:06:33	3:09:57	0:06:39	2:27:35	Austria	
d785281e-3a83-f011-b4cc-000d3a5b50ba	974	Gianpiero Pasculli	M	M25-29	149	6:37:33	0:40:13	0:11:11	3:29:08	0:04:28	2:12:33	Italy	
cab5e9d7-8042-f111-88b3-6045bd08b1a2	975	CALEB HERNANDEZ KACHOK	M	M40-44	101	6:38:00	0:46:47	0:06:04	3:12:03	0:06:51	2:26:15	Mexico	
26e2ae74-5523-ef11-840b-000d3a314c24	976	Jarko Hammar	M	M40-44	102	6:38:11	0:45:39	0:11:28	2:52:44	0:08:08	2:40:12	Finland	
86a4d26a-a01b-f111-8341-0022480994c2	977	Tudor Nacev	M	M35-39	121	6:38:21	0:40:52	0:09:36	3:23:57	0:05:43	2:18:13	Romania	
430a2827-9c3a-f111-88b3-0022480c0f73	978	Predrag Đuričić	M	M18-24	124	6:38:28	0:39:20	0:09:29	3:56:47	0:03:38	1:49:15	Serbia	
9a0a2ac7-4b36-f111-88b3-6045bd06566a	979	Miron Minz	M	M18-24	125	6:38:56	0:36:21	0:08:27	3:30:15	0:05:12	2:18:41	Israel	
409e731f-6c21-f111-8341-000d3a5c1a75	980	David Gren	M	M35-39	122	6:38:58	0:06:41	0:53:21	3:01:33	0:05:32	2:31:50	Slovakia	
d147ef7f-0acd-ef11-b8e8-6045bd088264	981	Slavina Kovchazova	F	F25-29	31	6:40:01	0:42:39	0:08:26	3:32:23	0:05:15	2:11:18	Bulgaria	
3851f175-c251-49df-93dc-4e26a7da191c	982	Magdalena Drakos	F	F40-44	18	6:41:21	0:50:07	0:11:30	3:24:12	0:07:21	2:08:10	Poland	
b02de231-0452-f111-bec6-6045bd08b1a2	983	Tamara Sasvári	F	F30-34	29	6:41:23	0:39:00	0:10:23	3:44:25	0:04:11	2:03:23	Hungary	
52f5f278-7c39-f111-88b4-002248046ec8	984	Goran Ivanović	M	M18-24	126	6:41:24	0:41:34	0:08:12	3:32:24	0:03:32	2:15:43	Serbia	
75b325ec-18e2-e911-a988-000d3a35f53a	985	Vanja Paunovic	M	M25-29	150	6:41:49	0:51:00	0:07:15	3:15:10	0:04:54	2:23:30	Serbia	
046dee44-2976-4edb-ad87-49429e70ae87	986	Josipa Popovic	F	F45-49	15	6:42:02	0:48:15	0:10:26	3:14:24	0:05:24	2:23:32	Croatia	
a80bf0dd-1573-f011-bec3-000d3a35ffc1	987	Charlie Morgan	M	M18-24	127	6:42:14	0:45:37	0:11:00	3:31:38	0:04:41	2:09:17	United Kingdom	
8982fea2-aec1-f011-bbd3-000d3a5cf7d8	988	Nesim Tozo	M	M25-29	151	6:42:23	0:46:27	0:06:36	3:02:43	0:04:12	2:42:24	Germany	
62a59f3c-6763-f111-a826-6045bd06566a	989	Saoud Almuftah	M	M25-29	152	6:42:31	0:49:47	0:10:30	2:57:53	0:06:47	2:37:34	Qatar	
f281cdb6-3ccd-f011-bbd3-000d3a3173b5	990	Patricio Avila	M	M25-29	153	6:42:34	0:43:23	0:08:54	3:15:05	0:04:00	2:31:13	Mexico	
765b6d1e-fab2-ef11-b8e9-000d3a30152c	991	Nikola Polić	M	M30-34	136	6:42:39	0:58:04	0:06:38	3:21:42	0:05:42	2:10:34	Serbia	
ec54f147-d90b-f111-8406-002248081bd6	992	Nayef Almarri	M	M30-34	137	6:42:48	0:43:27	0:20:36	3:02:44	0:06:51	2:29:10	Qatar	
d1f81f21-f3bf-f011-bbd3-000d3a5cf7d8	993	Marc Muñoz Sedo	M	M35-39	123	6:42:53	0:55:53	0:07:46	3:12:46	0:04:25	2:22:04	Spain	
f34c6d3d-1a81-f111-ab0f-0022480994c2	994	Dmitriy Krivovyaz	M	M25-29	154	6:43:28	0:55:43	0:07:32	2:58:25	0:07:19	2:34:30	Belarus	
28eb76ec-b9c7-ef11-b8e8-6045bd018d16	995	Trevor Jackson	M	M25-29	155	6:43:28	0:48:43	0:07:22	3:36:56	0:03:47	2:06:40	United States	
c56a316c-8342-f111-88b3-7ced8d3c8c10	996	Hristo Petrov	M	M18-24	128	6:43:31	0:52:53	0:09:19	3:22:01	0:08:15	2:11:05	Bulgaria	
dea8e6d3-5d68-f011-bec3-6045bd09951e	997	Joris Lemmens	M	M35-39	124	6:43:40	0:43:34	0:09:40	3:15:29	0:04:27	2:30:30	Belgium	
3f447b3b-5367-f111-a825-6045bd06566a	998	Julius Fredrick Moschitz	M	M18-24	129	6:43:55	0:44:40	0:10:11	3:16:11	0:12:22	2:20:31	Austria	
3cc6ddc7-bbc6-f011-bbd3-000d3a3173b5	999	Vladislav Manolov	M	M25-29	156	6:44:04	0:44:14	0:08:44	3:31:07	0:07:28	2:12:31	Bulgaria	
b5861f63-e253-ef11-a317-6045bd0953ac	1000	Dimitrije Takaci	M	M25-29	157	6:44:16	0:49:04	0:10:49	3:30:35	0:03:50	2:09:59	Serbia	
dfd28adc-636d-f111-ab0d-0022480a5755	1001	Bojan Banko	M	M45-49	73	6:44:32	0:46:11	0:10:00	3:33:47	0:04:26	2:10:08	Serbia	
a6aee9c8-dd8c-f011-b4cc-000d3a5b50ba	1002	Fabrizio Caldelara	M	M35-39	125	6:44:44	0:42:58	0:07:29	3:16:13	0:04:53	2:33:09	Italy	
53378ad1-dac2-f011-bbd2-000d3a5b7c3b	1003	Máté Győri-Nagy	M	M18-24	130	6:44:44	0:39:59	0:10:59	3:25:48	0:05:23	2:22:36	Hungary	
86f7a6ec-a12c-4049-8c6d-fe6b9c8df43c	1004	Sandra Ivanov	F	F45-49	16	6:44:52	0:43:09	0:10:30	3:13:15	0:05:33	2:32:25	Croatia	
248e0dc6-6371-f111-ab0d-6045bd08b1a2	1005	Iulia Popescu	F	F25-29	32	6:45:05	0:49:07	0:09:42	3:24:52	0:05:08	2:16:16	Romania	
dec25bef-0df0-4a02-9d2b-e0ae02df423f	1006	Nuria Sanchez Alzuria	F	F40-44	19	6:45:09	0:46:00	0:08:07	2:39:57	0:03:52	3:07:12	Spain	
8ff2e850-409f-4374-a0c5-cc6a29176a4c	1007	Elisabeth Whitefield	F	F45-49	17	6:45:12	0:48:13	0:09:22	3:17:56	0:06:08	2:23:34	Sweden	
f5e79986-34c1-f011-bbd2-000d3a5b7c3b	1008	Jana Ajdačić	F	F25-29	33	6:45:38	0:36:03	0:09:14	3:26:23	0:05:56	2:28:02	Serbia	
5b148e72-c492-f111-8077-0022480994c2	1009	Maximilian Herberstein	M	M30-34	138	6:46:02	0:34:56	0:08:23	3:36:40	0:08:04	2:17:59	South Africa	
dab903a0-832b-f111-88b3-0022480b35b6	1010	Shane Flindall	M	M25-29	158	6:46:14	0:58:15	0:09:06	3:02:22	0:04:31	2:32:01	United Kingdom	
82160474-3548-f111-bec5-6045bd06566a	1011	Marko Milicev	M	M45-49	74	6:46:20	0:49:52	0:10:09	3:28:07	0:04:03	2:14:09	Serbia	
399b0e82-9d45-f111-88b3-6045bd08b1a2	1012	Rasmus Ross	M	M30-34	139	6:46:20	0:47:54	0:11:10	3:18:20	0:09:44	2:19:12	Denmark	
a131960a-d7d8-401c-84f0-3f8a52f5a81f	1013	Peter Salaj	M	M35-39	126	6:46:59	0:43:14	0:10:16	3:14:34	0:06:12	2:32:42	Slovakia	
dd085e36-3935-440b-aec9-41c14dc5f687	1014	Micah Sidorick	M	M25-29	159	6:47:07	0:49:32	0:08:50	3:37:43	0:06:03	2:04:59	United States	
d604985b-ce09-f111-8406-002248046ec8	1015	Ingebrigt Furnes Bøe	M	M18-24	131	6:47:23	0:40:38	0:06:31	3:51:45	0:03:21	2:05:08	Norway	
d971eda5-c5fd-f011-8406-0022480a5755	1016	Marija Soldat	F	F25-29	34	6:48:41	0:46:39	0:07:23	3:11:48	0:05:09	2:37:42	Slovenia	
0b60f3b0-8484-f111-ab0f-70a8a5b19cbc	1017	Robert Downey	M	M18-24	132	6:48:44	0:48:20	0:09:48	3:29:56	0:05:36	2:15:05	United Kingdom	
f31a0fee-3563-f111-a826-0022480994c2	1018	Vlad Nicolae	M	M40-44	103	6:48:47	0:56:47	0:09:48	3:04:46	0:06:45	2:30:41	Romania	
4db56fc4-16b1-f011-bbd3-002248098cfa	1019	Razvan Alex Ilinca	M	M25-29	160	6:49:05	0:53:16	0:11:33	3:18:24	0:07:36	2:18:16	Romania	
1bb3654c-8e5f-f111-a826-0022480b35b6	1020	Svilen Lenkov	M	M45-49	75	6:49:09	0:43:43	0:08:49	3:29:33	0:04:17	2:22:48	Bulgaria	
0fe34b32-4234-f111-88b3-000d3a376cfa	1021	Oleg Dr Tankovsky	F	F30-34	30	6:49:19	0:52:37	0:14:42	3:33:40	0:06:54	2:01:26	Hungary	
23c26c57-5f4c-f111-bec5-6045bd08b1a2	1022	Rózsavölgyi Gergő	M	M30-34	140	6:50:23	0:39:33	0:10:11	3:21:08	0:06:45	2:32:45	Hungary	
f3ca143c-0817-f111-8341-002248046ec8	1023	Mihajlo Rajkovic	M	M18-24	133	6:50:23	0:40:35	0:07:43	3:14:44	0:05:47	2:41:34	Serbia	
60ee29cd-374e-f111-bec5-0022480b88da	1024	Thomas Trueck	M	M40-44	104	6:50:26	0:42:03	0:08:39	2:59:39	0:05:31	2:54:32	Germany	
51645a8b-0844-f111-88b3-7ced8d6f9524	1025	Noah Meyer	M	M18-24	134	6:50:26	0:46:35	0:11:29	2:58:27	0:07:16	2:46:39	Austria	
13a6d74f-30d0-f011-bbd2-6045bd05deae	1026	Kristián Dobroň	M	M18-24	135	6:50:39	0:56:08	0:08:24	3:26:20	0:05:43	2:14:03	Slovakia	
f9e6af6d-a82b-f111-88b4-000d3a5c1a75	1027	Seb Aquilina	M	M18-24	136	6:50:48	0:39:23	0:09:05	3:48:10	0:06:27	2:07:43	Malta	
3c77cf78-1597-f111-8076-0022480b84a3	1028	Stefan Milincic	M	M25-29	161	6:51:09	0:49:46	0:07:52	3:25:08	0:07:29	2:20:54	Serbia	
0363914c-727b-f011-b4cc-002248098cfa	1029	Edin Bazdarevic	M	M50-54	75	6:51:20	0:48:35	0:07:59	3:09:54	0:06:30	2:38:21	Germany	
ca05be99-c858-42ea-8252-f900302898bc	1030	Lori Corpuz	F	F35-39	22	6:51:42	0:45:15	0:07:10	3:26:50	0:07:53	2:24:33	United States	
eba117e4-d143-f111-88b4-0022480b88da	1031	Atilla Batka	M	M18-24	137	6:51:47	0:43:40	0:07:42	3:24:03	0:05:09	2:31:12	Slovakia	
94d05bd6-b335-f111-88b4-0022480994c2	1032	Marjan Trajkoski	M	M40-44	105	6:52:17	0:39:15	0:09:18	3:08:27	0:06:55	2:48:21	North Macedonia	
fb449c16-4489-44b8-8f14-4e22420d208a	1033	Giordano Balossi	M	M55-59	38	6:52:37	0:49:47	0:07:47	3:42:25	0:04:32	2:08:06	Italy	
669caaff-f45f-f011-bec3-000d3a5cf7d8	1034	Federico Balossi	M	M18-24	138	6:52:38	0:46:41	0:10:14	3:43:07	0:04:38	2:07:58	Italy	
41f7d7d1-88d3-f011-8544-000d3a5cf7d8	1035	Jeje Omisore	M	M30-34	141	6:52:40	1:02:14	0:09:04	3:41:48	0:07:07	1:52:26	United Kingdom	
d74ef8f4-cb53-f111-bec6-0022480a5755	1036	Christian Arifovic	M	M25-29	162	6:52:48	0:48:56	0:09:17	3:18:09	0:12:04	2:24:21	Austria	
5f19e2db-9d94-f111-8076-6045bd06566a	1037	Voin Milenkovic	M	M25-29	163	6:53:37	0:49:46	0:10:23	3:25:03	0:07:33	2:20:53	Serbia	
1c78f5fe-60cd-ee11-9079-6045bd07ae77	1038	Domagoj Saravanja	M	M40-44	106	6:53:51	0:47:08	0:10:22	3:17:51	0:04:50	2:33:41	Croatia	
2028e0f8-02a1-f011-bbd3-000d3a5b50ba	1039	Nemanja Šekularac	M	M30-34	142	6:54:06	0:43:31	0:08:23	3:20:13	0:06:32	2:35:28	Bulgaria	
4d91fd3c-aff6-4440-b8de-69b3f527c7f3	1040	dave bennett	M	M55-59	39	6:54:34	0:38:00	0:09:27	3:15:05	0:05:58	2:46:04	United Kingdom	
3d58be42-0ae7-4d31-be51-e9347acbf410	1041	Almas Mynkozhayev	M	M40-44	107	6:54:47	0:56:08	0:07:56	3:08:23	0:08:13	2:34:09	Kazakhstan	
9b143e35-d0ca-f011-bbd2-000d3a5b5fc7	1042	Lazar Dimitrijevic	M	M25-29	164	6:55:08	0:52:04	0:08:08	3:24:32	0:05:07	2:25:18	Serbia	
2b9030d5-926a-4ae8-9c44-ed05db680f5c	1043	Jürgen Fussi	M	M55-59	40	6:55:09	0:41:29	0:07:39	3:12:05	0:06:37	2:47:19	Austria	
ca363c2b-ccc4-f011-bbd3-6045bd09951e	1044	Darko Đukić	M	M35-39	127	6:55:38	0:47:12	0:08:33	3:44:48	0:04:54	2:10:12	Serbia	
4ae45296-0425-4d75-a69a-1adcf6f0abb2	1045	Srdjan Nikolic	M	M55-59	41	6:55:56	0:44:07	0:11:05	3:23:59	0:06:39	2:30:06	Serbia	
07d3ba19-3a52-f111-bec6-7ced8d3d1a30	1046	Valerio Trajchevski		M25-29	165	6:56:21	0:48:40	0:15:21	3:33:32	0:08:38	2:10:10	North Macedonia	
7db002ce-63ab-f011-bbd3-000d3a3173b5	1047	Nikola Böhmová	F	F18-24	16	6:56:22	0:37:21	0:08:15	3:11:58	0:07:19	2:51:29	Czech Republic	
a4e64f3e-b3e1-f011-8544-000d3a3173b5	1048	Tensin Amrei Studer	F	F30-34	31	6:57:17	0:45:14	0:08:07	3:23:32	0:06:06	2:34:17	Austria	
973a8cf5-643a-f111-88b4-002248046451	1049	Abhishek Tandon	M	M45-49	76	6:57:53	1:00:10	0:13:21	3:26:23	0:05:56	2:12:03	India	
18dc8a14-e277-f111-ab0f-0022480994c2	1050	Georgi Dimitrov	M	M35-39	128	6:58:11	0:55:55	0:09:23	3:15:03	0:05:44	2:32:06	Bulgaria	
875f3f6f-8055-443f-95e2-889591180cc2	1051	Solène Lacroix	F	F25-29	35	6:58:21	0:49:10	0:07:35	3:37:46	0:05:09	2:18:40	France	
d2eb7446-088d-f111-ab10-6045bd08b1a2	1052	Danilo Komatina	M	M45-49	77	6:58:50	0:46:24	0:08:53	3:37:31	0:04:10	2:21:52	Serbia	
a9377c40-ff43-f111-88b3-7ced8d3c2f45	1053	Špela Vodnik	F	F25-29	36	6:58:57	0:50:43	0:08:02	3:13:49	0:05:28	2:40:55	Slovenia	
9db4bc91-efb8-f011-bbd3-000d3a5b50ba	1054	İbrahim Uyar	M	M45-49	78	6:59:00	0:47:53	0:08:52	3:26:53	0:05:32	2:29:50	Turkey	
856f79e2-338f-4734-9371-858f27b7a980	1055	Alfonso Amaya	M	M30-34	143	6:59:02	0:42:51	0:10:07	3:47:59	0:05:43	2:12:22	Mexico	
9a550e65-e5ae-497c-a228-5960dad8fb31	1056	Stelios Mihalopoulos	M	M60-64	19	6:59:21	0:42:34	0:10:11	3:00:15	0:06:16	3:00:05	Greece	
d6305e57-a555-4656-9eec-994021ea9979	1057	Miodrag Stojkovic	M	M50-54	76	6:59:41	0:50:42	0:09:16	3:27:38	0:06:45	2:25:19	Serbia	
0daa8337-1a4e-4b1f-a5e1-1160119c4c49	1058	Sara Sotlar	F	F35-39	23	6:59:43	0:41:32	0:08:18	3:17:33	0:05:00	2:47:21	Slovenia	
72f25b17-712b-f111-88b3-6045bd06566a	1059	Joshua Clarke	M	M18-24	139	6:59:46	0:58:20	0:08:42	3:10:53	0:06:07	2:35:44	United Kingdom	
61e35c2d-d5e0-f011-8543-6045bd05fcc1	1060	Nikola Trifkovic	M	M30-34	144	7:00:48	0:37:09	0:10:27	3:08:51	0:07:05	2:57:17	Switzerland	
4fef5e62-c710-f111-8406-0022480994c2	1061	Andrej Bobocki	M	M18-24	140	7:00:55	0:36:03	0:07:15	3:20:14	0:07:29	2:49:53	Serbia	
c1f22c77-b852-f111-bec6-0022480b35b6	1062	Eduard Korotun	M	M18-24	141	7:01:13	0:46:04	0:09:07	3:19:17	0:04:32	2:42:13	Ukraine	
94cc563e-923c-4e89-a23d-e36bde4a2444	1063	Danny Jakobsen	M	M40-44	108	7:01:57	0:55:14	0:13:04	3:13:26	0:09:26	2:30:47	Denmark	
dfdb5bd6-4f14-f011-998a-000d3a5c3d6c	1064	Aleksandar Kekic	M	M25-29	166	7:02:02	0:41:33	0:10:17	3:22:45	0:05:29	2:41:58	Serbia	
4069ba1f-04d2-48ee-a3b2-2e5c7d875490	1065	Kyle Wegner	M	M25-29	167	7:03:04	0:57:04	0:08:21	3:02:52	0:05:41	2:49:06	Netherlands	
dfa64bb8-b8d8-4f1f-b8ad-0f6be151f37e	1066	Stein Helge Skjong	M	M60-64	20	7:04:53	0:50:34	0:14:16	3:18:01	0:08:09	2:33:53	Norway	
dcc505e2-acc0-f011-bbd2-7ced8d3c9f47	1067	Vamja Gujaničić	M	M18-24	142	7:05:55	0:45:07	0:15:33	3:35:20	0:11:59	2:17:56	Serbia	
9ebbb578-72e5-f011-8543-000d3a5b5fc7	1068	Nóra Gálfalvy	F	F25-29	37	7:06:13	0:52:15	0:09:36	3:24:58	0:08:59	2:30:25	Hungary	
70a0c279-c680-4248-a251-27a5dd615130	1069	Tania Kotzé	F	F40-44	20	7:06:22	0:41:53	0:09:11	3:30:46	0:09:21	2:35:12	South Africa	
345444a1-fbf5-eb11-94ef-0022480aaff1	1070	Vladilen Khoronko	M	M40-44	109	7:06:27	0:50:19	0:13:06	3:27:09	0:07:44	2:28:10	Unknown	
9fa35178-fab4-f011-bbd3-002248098cfa	1071	Javier Del Ro Estevez	M	M25-29	168	7:07:21	0:40:09	0:11:29	2:55:54	0:08:11	3:11:38	Spain	
e8b4dd22-51cd-f011-bbd2-000d3a5b5fc7	1072	Vuk Stanivukovic	M	M25-29	169	7:08:05	0:50:00	0:08:49	3:32:07	0:07:50	2:29:20	Serbia	
82e44709-864f-f111-bec6-0022480b84a3	1073	Anastasia Bachvarova - Iordanova	F	F40-44	21	7:08:53	0:47:33	0:10:28	3:34:01	0:06:06	2:30:46	Bulgaria	
3adf199d-e101-f111-8406-0022480b88da	1074	Mirko Čolić	M	M25-29	170	7:10:07	0:44:47	0:10:54	3:47:59	0:05:11	2:21:17	Serbia	
c00cae86-35e0-f011-8543-000d3a3b3ff7	1075	Thorsteinn Skaftason	M	M18-24	143	7:12:22	0:47:23	0:12:09	3:29:55	0:05:39	2:37:16	Iceland	
ab9926ee-701c-f111-8341-002248081bd6	1076	Isabella Muth	F	F18-24	17	7:13:42	0:40:53	0:08:24	3:47:00	0:04:33	2:32:51	Germany	
23c931c5-7903-f111-8406-0022480b84a3	1077	Daniel McIntyre	M	M18-24	144	7:13:55	0:51:03	0:08:26	3:58:16	0:09:08	2:07:02	United Kingdom	
105434a2-52d5-f011-8543-000d3a5b5fc7	1078	Natalija Popović	F	F40-44	22	7:14:43	0:43:03	0:09:44	3:25:54	0:05:19	2:50:42	Serbia	
3bb68140-b979-ef11-a670-6045bd05c809	1079	Diana Goldsmith	F	F40-44	23	7:15:06	0:45:00	0:08:47	3:42:41	0:05:40	2:32:57	Canada	
bf627ae5-1777-4b53-ad9e-dc156591d17e	1080	Remy Pazzottu	M	M50-54	77	7:15:47	0:36:42	0:09:45	2:57:10	0:05:16	3:26:55	France	
c3d8433f-11e2-4a10-ba12-bc8486f7f5df	1081	Jasmina Ajanovic	F	F50-54	11	7:16:49	0:46:39	0:10:52	3:25:44	0:07:15	2:46:18	Serbia	
976c6fd5-9828-f111-8341-0022480b35b6	1082	Sergei Agaltsov	M	M35-39	129	7:18:57	1:03:59	0:07:22	3:49:44	0:04:19	2:13:33	Serbia	
04ef4aab-e278-f011-b4cc-6045bd05fcc1	1083	Megan Stevenson	F	F18-24	18	7:19:22	0:41:40	0:09:50	3:43:08	0:06:56	2:37:48	United Kingdom	
2e7b4ea0-8c28-f111-8341-0022480b35b6	1084	James Cook	M	M25-29	171	7:19:45	0:44:44	0:13:16	3:42:43	0:05:15	2:33:47	United Kingdom	
827c06dd-e44b-4484-89eb-ab0f5845c1cf	1085	Elizabeth Model	F	F65-69	1	7:20:42	0:43:01	0:11:43	3:19:53	0:08:09	2:57:57	Canada	
33fb69e6-6563-f111-a825-0022480b35b6	1086	Adrian Ilie Damian	M	M45-49	79	7:21:01	0:48:48	0:10:31	3:31:36	0:06:34	2:43:33	Romania	
1ced11de-b916-f111-8341-0022480b84a3	1087	Pranav Pathare	M	M25-29	172	7:21:06	0:43:32	0:05:05	3:23:26	0:04:24	3:04:39	India	
a56f8c6d-c582-f111-ab0f-0022480994c2	1088	Nenad Lukic	M	M45-49	80	7:21:32	0:59:02	0:13:01	3:40:17	0:04:30	2:24:42	Serbia	
5d2dd2e0-37e0-f011-8544-000d3a3173b5	1089	Lukka Palsdottir	F	F55-59	6	7:22:07	0:50:22	0:10:01	3:21:20	0:06:09	2:54:15	Iceland	
0ec636e3-76ea-f011-8544-000d3a35ffc1	1090	Jan Goossens	M	M55-59	42	7:22:17	0:44:15	0:12:55	2:54:04	0:06:30	3:24:33	Belgium	
063acc6e-6be7-f011-8544-000d3a3173b5	1091	Gian Sensener	M	M18-24	145	7:22:33	0:42:31	0:09:20	3:45:21	0:06:52	2:38:29	Germany	
de23e952-ec67-f111-a826-0022480995bd	1092	Mark Tamas Engyel	M	M25-29	173	7:23:16	0:45:59	0:14:13	3:11:06	0:13:23	2:58:36	Hungary	
b311f1fa-301f-473a-abd3-2020791cf6e2	1093	Emilie Sarmiento	F	F18-24	19	7:24:00	0:40:07	0:09:07	3:39:00	0:06:11	2:49:35	Spain	
6f927ee2-615a-f111-bec7-6045bd06566a	1094	Robin Kihlblom	M	M18-24	146	7:25:18	0:48:16	0:11:57	3:39:05	0:07:11	2:38:50	Sweden	
e4bc64d4-0f42-f111-88b3-0022480a5755	1095	Stanko Erceg	M	M25-29	174	7:25:30	0:48:39	0:07:39	4:00:47	0:06:47	2:21:40	Serbia	
14c46284-9c9c-f111-b8dd-7ced8d6ecc26	1096	Anuj Dhoot	M	M35-39	130	7:25:41	0:51:13	0:13:54	3:53:07	0:07:34	2:19:52	India	
e72e15ce-0ee3-f011-8544-000d3a3173b5	1097	Lukas Zisser	M	M30-34	145	7:26:11	0:45:08	0:07:10	3:42:59	0:04:33	2:46:22	Austria	
2cd7497f-036b-f111-a825-0022480b88da	1098	Branko Popovic	M	M45-49	81	7:26:37	0:53:46	0:13:17	3:47:22	0:07:36	2:24:36	Serbia	
3cddbfbb-cf4e-f111-bec6-002248081bd6	1099	Ondrej Sika	M	M30-34	146	7:27:14	0:49:20	0:07:46	3:25:01	0:05:54	2:59:13	Czech Republic	
5f392aaa-f728-f111-8341-0022480b88da	1100	DJORDJE DZAMBAS	M	M50-54	78	7:29:03	0:54:56	0:12:14	3:40:42	0:04:40	2:36:31	Serbia	
8e9e6632-b385-4d1c-961e-31ccee6fd18a	1101	Skafti Runar Thorsteinsson	M	M45-49	82	7:30:08	0:59:04	0:07:40	3:40:19	0:04:28	2:38:38	Iceland	
8c46a7a0-e909-f111-8406-0022480994c2	1102	Robert Balko Macsai	M	M18-24	147	7:32:02	0:53:34	0:15:59	3:29:30	0:06:27	2:46:32	Serbia	
fd35fdcc-d228-f011-8c4e-000d3a5b50ba	1103	Teodor Petrovic	M	M25-29	175	7:33:36	0:47:41	0:07:39	4:02:11	0:04:25	2:31:40	Serbia	
fe4c10e5-c8bb-ef11-b8e8-000d3a5ae96c	1104	Nikola Petrovic	M	M40-44	110	7:35:18	0:53:04	0:10:19	3:53:11	0:09:55	2:28:48	Serbia	
06defee6-05d1-f011-bbd2-000d3a5b5fc7	1105	Zorana Đorđević	F	F25-29	38	7:36:10	0:43:07	0:12:51	3:46:41	0:06:57	2:46:35	Serbia	
7ad19a06-1f8d-f111-ab10-002248046ec8	1106	Ivana Pavlovic	F	F40-44	24	7:36:23	0:50:28	0:09:36	3:57:01	0:09:02	2:30:15	Serbia	
2673b118-d356-f111-bec7-002248046ec8	1107	Boris Vujica	M	M18-24	148	7:37:15	0:51:53	0:08:25	3:55:31	0:07:54	2:33:32	Bosnia and Herzegovina	
1b6dcca5-e0c9-f011-bbd3-000d3a5b7c3b	1108	Dragan Acimov	M	M60-64	21	7:39:22	0:51:18	0:14:42	3:56:16	0:12:59	2:24:07	Serbia	
44a1ae08-daad-f011-bbd3-000d3a5b50ba	1109	Caroline Puyo	F	F30-34	32	7:43:25	0:50:14	0:10:25	3:55:57	0:08:18	2:38:31	France	
3dc62728-32db-f011-8543-000d3a5b5fc7	1110	Ivan Barbaric	M	M35-39	131	7:45:28	0:46:37	0:07:35	3:26:48	0:06:44	3:17:44	Serbia	
d0c4870c-0579-f011-b4cb-0022480c097c	1111	Khalid Siddiqui	M	M45-49	83	7:46:18	0:56:14	0:12:56	3:49:46	0:09:34	2:37:48	United Kingdom	
d33a7aca-b5b5-f011-bbd3-000d3a3173b5	1112	Florian Grosch	M	M18-24	149	7:48:29	0:57:38	0:11:13	3:43:16	0:06:09	2:50:13	Poland	
188df013-e997-ef11-8a6a-000d3a59a9a1	1113	Anastasia Kanivetc	F	F35-39	24	7:49:11	0:50:43	0:07:44	3:54:33	0:06:05	2:50:06	Unknown	
6e506a9b-59f8-4c2c-a292-9a1af60aa505	1114	Vincenzo Chirichella	M	F55-59	7	7:50:35	0:53:32	0:14:24	4:16:05	0:06:48	2:19:45	Italy	
cd2ed117-8e4b-f111-bec5-6045bd06566a	1115	Mario Stojanovic	M	M40-44	111	7:52:32	0:48:41	0:10:04	3:58:53	0:07:41	2:47:12	Serbia	
26dffb25-003c-475a-b2ec-66b5708cd938	1116	Ersin Nurkic	M	M30-34	147	7:53:24	0:46:21	0:12:49	3:57:07	0:08:02	2:49:06	Croatia	
c7e6e6f7-29ac-f111-aaab-70a8a5b1a530	1117	Andrea Pozderac	F	F25-29	39	7:53:25	0:46:21	0:13:19	3:56:35	0:07:59	2:49:10	Bosnia and Herzegovina	
092a4e56-364a-4fc7-a1b9-dad7a65472d6	1118	Vida Bennett	F	F60-64	2	7:54:00	0:43:26	0:11:33	3:32:34	0:06:33	3:19:53	United Kingdom	
c0e299d4-67a0-f111-b8dc-0022480b84a3	1119	Jovan Vujasinovic	M	M45-49	84	7:58:08	0:57:38	0:14:03	3:43:23	0:13:16	2:49:49	Serbia	
db1bc82c-8803-f111-8406-0022480b88da	1120	Matthew Dunn	M	M18-24	150	7:59:25	0:43:59	0:11:14	3:52:14	0:08:20	3:03:38	United Kingdom	
c13011c0-980f-428d-bf28-97e99465258d	1121	Sanjaya Kodagoda	M	M50-54	79	8:01:11	0:59:56	0:10:04	3:40:19	0:06:55	3:03:56	Sri Lanka	
e4ca6fe6-366f-f111-ab0c-70a8a5aead3e	1122	Vuk Kojovic	M	M18-24	151	8:01:43	0:49:46	0:07:38	4:03:07	0:03:33	2:57:39	Serbia	
90a0b23c-6df5-f011-8406-0022480b88da	1123	Lara Mladenovic	F	F18-24	20	8:04:00	0:54:00	0:07:43	4:06:04	0:07:32	2:48:41	Croatia	
10d95e82-8903-f111-8406-002248046ec8	1124	Morgan Bisset	F	F18-24	21	8:15:20	0:46:30	0:10:00	4:13:15	0:09:26	2:56:09	United Kingdom	
94c41cc0-5e0b-f011-9988-6045bd05fcc1	1125	Jakub Pastuszak	M	M18-24	152	8:17:44	0:39:30	0:08:19	4:01:33	0:05:57	3:22:25	Poland	
c757e717-5153-49bd-ab67-a32b04fc184e	1126	John Wragg	M	M75-79	1	8:23:42	0:43:40	0:12:51	3:42:06	0:06:35	3:38:30	Canada	
8505e77a-283e-f011-b4cb-6045bd05f634	99999	Michael Krc	M	M35-39	99999							Austria	DNS
e993e623-50cb-f011-bbd3-000d3a5b7c3b	99999	Zeliha Batay	F	F50-54	99999							Turkey	DQ
9f7ceac9-e7c3-f011-bbd3-000d3a5cf7d8	99999	Danilo Pantović	M	M25-29	99999							Serbia	DNS
e8fef680-0db5-f011-bbd3-002248098cfa	99999	Niall Lalor	M	M35-39	99999							Ireland	DNS
9ac27ebb-7d4f-f111-bec6-0022480994c2	99999	Marco Zander	M	M50-54	99999		0:48:57	0:18:35	2:53:55	0:10:25		Germany	DNF
aacd9a1e-f7f1-4442-8071-817e9c046f32	99999	Francesco Zavattoni	M	M45-49	99999							Italy	DNS
3549287b-f185-f011-b4cc-6045bd05fcc1	99999	Juan Ibarra Diaz	M	M30-34	99999							Colombia	DNS
46be7723-02f4-f011-8406-0022480a5755	99999	Sam Otway	M	M25-29	99999							United Kingdom	DNS
c76f0197-c250-4e33-b361-89db1b0b9d8f	99999	Thea Holtlund Jacobsen	F	F25-29	99999							Norway	DNS
26930890-429e-f111-b8dc-70a8a59af2e9	99999	Strahinja Bačanin	M	M30-34	99999		0:51:54	0:10:57				Serbia	DNF
392d425f-36fe-48bd-bc13-115619a6981d	99999	Raffaele. Trabalza	M	M50-54	99999							Italy	DNS
742a85c4-e9d6-ef11-8eea-002248049fdc	99999	Haris Ghazzal	M	M50-54	99999							Serbia	DNS
52ba5f52-a6f4-4f34-b93d-3881f394033d	99999	Christian Martin	M	M40-44	99999							United Kingdom	DQ
287b939c-533d-402c-9b6d-8006355ec4bb	99999	Alexander Luft	M	M50-54	99999							Germany	DNS
d6695441-c046-f011-877a-6045bd05fcc1	99999	Omar Agustsson	M	M45-49	99999							Iceland	DNS
d13c998e-6046-ec11-8c62-002248086c3e	99999	Oz Katz	M	M35-39	99999							Germany	DNS
09944707-d524-4499-b28e-70d26df52166	99999	Tajana Kobel	F	F50-54	99999							Switzerland	DNS
d2baa97c-5849-f111-bec5-6045bd06566a	99999	Daniel Terziev	M	M30-34	99999							Bulgaria	DNS
0df7f11f-2e29-ee11-bdf4-000d3a3144b3	99999	Mihail Baila	M	M55-59	99999							Switzerland	DNS
eb6d0c6a-fc29-f111-8341-6045bd06566a	99999	Rodrigue de Rohan Chabot	M	M25-29	99999							France	DNS
2f3822dd-ce55-46a0-b357-f6dfab9a829b	99999	Joe Smyth	M	F30-34	99999							United Kingdom	DNS
88e8c390-e19c-ee11-be37-000d3a314c24	99999	Bharat Bansal	M	M40-44	99999							India	DNS
8547b677-0d45-f111-88b4-002248046451	99999	Madiyar Kanatuly	M	M30-34	99999							Kazakhstan	DNS
e647c963-e4a6-444b-bf30-8dd4725eec31	99999	Dragan Kumburovic	M	M45-49	99999							Montenegro	DNS
de809e7a-2379-4f3d-90af-39880424d0b4	99999	Oliver Berryman Dwyer	M	M25-29	99999							United Kingdom	DNS
3c1c0c39-b89f-f011-b41b-6045bd077a67	99999	Alan Gadjiev	M	M30-34	99999							Serbia	DNS
f4e8389d-0cb3-ef11-b8e8-6045bd018d16	99999	Nemanja Simeunovic	M	M40-44	99999							Serbia	DNS
2f4d404c-6a45-4fab-89b7-e142f055e7a0	99999	Eddy Alexiou	M	M65-69	99999		0:41:47	0:08:50				Greece	DNF
a9e308d5-0345-f011-8779-002248098cfa	99999	Traian Mihaltan	M	M25-29	99999							Romania	DNS
f70f885c-d47d-ef11-ac21-000d3a5a1803	99999	Oda Steinland Skaug	F	F25-29	99999							Norway	DNS
34302f94-e272-475a-abef-609f7fae9c17	99999	Cesar Astigarraga	M	M35-39	99999							Paraguay	DNS
79da422b-fcdb-4351-87c3-7f4c55512d46	99999	Lyndsey Blair	F	F45-49	99999							United Kingdom	DNS
77684ec5-716f-4444-8470-21c27a89254e	99999	Kirsty Cameron	F	F30-34	99999							New Zealand	DNS
7b7bce78-c21d-f011-9989-000d3a5cf7d8	99999	ALEXANDER MAROCHKIN	M	M25-29	99999							Serbia	DNS
cfd59c93-9d5d-ef11-bfe3-00224808301f	99999	Christina Simonsen Cantor	F	F30-34	99999							Denmark	DNS
b72b1b31-fc67-f011-bec3-6045bd09951e	99999	Scott Wilson	M	M30-34	99999							United Kingdom	DNS
8d311f44-3c80-f011-b4cc-000d3a35ffc1	99999	Adrian Evertsson	M	M35-39	99999							Sweden	DNS
25520190-38a1-f111-b8dc-70a8a5b19cbc	99999	Gary Cairns	M	M30-34	99999							United Kingdom	DNS
15f25b38-602f-4dea-a3ac-25f325faa4c4	99999	Susie Cassidy	F	F25-29	99999							United Kingdom	DNS
478467af-b4c6-4faa-acc3-e00ee0d65f6a	99999	Igor Krajewski	M	M18-24	99999							Poland	DNS
6e968332-cb31-f111-88b4-0022480b84a3	99999	Callum Martin	M	M30-34	99999							United Kingdom	DNS
e4efac91-798c-42a8-a378-703af88b5ace	99999	Fulgencio Navarro Fajardo	M	M35-39	99999		0:36:04	0:07:30	3:16:11	0:07:21		Spain	DNF
cf20fa1f-681c-ed11-b83e-000d3a32112b	99999	Markus Schropper	M	M45-49	99999							Austria	DNS
b4c04c2e-32dc-f011-8544-000d3a5b7c3b	99999	Clara Angela Planegger	F	F25-29	99999							Austria	DNS
4fe450fe-5aa9-44df-9b15-544c90581756	99999	Ignacio Cereceda	M	M35-39	99999							Spain	DNS
41024802-66d0-ef11-b8e8-000d3a5ae96c	99999	Francesco Nicora	M	M40-44	99999							Italy	DNS
ee65c1ce-c1bd-f011-bbd3-000d3a5cf7d8	99999	Bhaumik Jasani	M	M25-29	99999							India	DNS
f98d336e-22f3-4d5c-a253-7a12304bf043	99999	Julita Tomaszewska	F	F45-49	99999		0:35:12	0:05:33				Poland	DNF
fe0f0e6c-626e-4ba1-b937-8d63dd2f416a	99999	Ludovit Sykora	M	M45-49	99999							Slovakia	DNS
dddffa23-618b-f011-b4cc-6045bd05fcc1	99999	Nicolas Pigni	M	M18-24	99999							Switzerland	DNS
f6691df5-9a74-f011-b4cb-7ced8d70235f	99999	Nizamettin Aktas	M	M40-44	99999							Germany	DNS
9283e441-05c3-ef11-b8e9-000d3a5a1803	99999	Benjamin Carl	M	M25-29	99999							United Kingdom	DNS
01f3eacd-191d-f111-8341-6045bd06566a	99999	Adnan Hasic	M	M40-44	99999		1:37:36					Netherlands	DNF
a86e1e3b-db46-f111-bec6-002248046ec8	99999	Daniel Thomas	M	M25-29	99999							United Kingdom	DNS
b9e4213d-a918-4008-9316-7c71fc5d2aa4	99999	Ed Rowland	M	M40-44	99999							United Kingdom	DNS
eec5c1a6-2e89-4cc9-947f-6d7fc74735d2	99999	Chris Hall	M	M25-29	99999							United Kingdom	DNS
681c7f66-f92d-4ce1-a5ac-f4281edc611d	99999	Pablo Terraza	M	M25-29	99999							Spain	DNS
8dbf8e51-6bac-47a2-90e4-56fb46bf9fce	99999	Sultan Alkholaifi	M	M35-39	99999							Qatar	DNS
7b59e336-6778-f011-b4cb-000d3a5cf7d8	99999	Ali Carlos El Masri	M	M18-24	99999							Denmark	DNS
0990226f-505a-f011-bec2-000d3a5b50ba	99999	Satish Pathare	M	M40-44	99999							India	DNS
ae14448f-a116-4de9-97d6-d8230b6110f5	99999	Alexander Wipfler	M	M35-39	99999							United Kingdom	DNS
03557147-efe0-4aba-acdf-86ded867ca32	99999	Sören Johannes Nell	M	M40-44	99999							Germany	DNS
4d75b7cb-9311-4e0a-9dd2-7076e3e15f0e	99999	Filip Petrovic	M	M25-29	99999							Serbia	DNS
fbe951ff-3e74-f011-bec2-0022480c097c	99999	Yani Slavov	M	M30-34	99999							Bulgaria	DNS
85161140-f3ee-f011-8406-00224804742c	99999	Anna Tobak	F	F18-24	99999							United Arab Emirates	DNS
935020a5-9a3d-4e87-aeef-9e89fbc56ff2	99999	Igor IGNJIC	M	M40-44	99999							Serbia	DNS
a92501dd-bb46-f011-877a-000d3a5cf7d8	99999	Alisha Uhlmann	F	F25-29	99999							Switzerland	DNS
b3f3b002-c167-f011-bec3-6045bd05f634	99999	Cameron Jewell	M	M25-29	99999							United Kingdom	DNS
00025f7d-3a4a-49aa-b047-5565d71f3bd2	99999	Sergey Philippov	M	M40-44	99999							Unknown	DNS
1df2a846-950f-f011-9988-000d3a5cf7d8	99999	Mario Mirosavljevic	M	M35-39	99999							Serbia	DNS
79d7b89b-0bc5-4f83-b4fb-c107d1f8ca70	99999	Andy Rutledge	M	M40-44	99999							United Kingdom	DNS
a2a901b2-826e-41f4-ae1f-d8ca6518511d	99999	Marco Arisi	M	M35-39	99999							Italy	DNS
13adffec-3096-497d-8792-b3a90d81be75	99999	Rares Raducu	M	M45-49	99999							Romania	DNS
b023ef2e-eb1e-f111-8341-0022480a5755	99999	Catalin George Aniculaesei	M	M45-49	99999		1:15:02					Romania	DNF
7ab3213c-10ca-f011-bbd3-000d3a5cf7d8	99999	Hannah Simpson	F	F25-29	99999							Ireland	DNS
3afd6a61-5297-46d4-9b3a-1c66094e923f	99999	Aleksei Pokhvishchev	M	M35-39	99999							Unknown	DNS
27da7266-354a-f111-bec5-7ced8d70ff3f	99999	aleš stubičar	M	M50-54	99999							Slovenia	DNS
095b0b41-4b87-f011-b4cc-0022480c097c	99999	Modest Lungociu	M	M25-29	99999		1:38:36					Romania	DNF
b3d74bc2-cf29-f111-8341-002248081bd6	99999	Nikita Badaev	M	M25-29	99999							Unknown	DNS
a1c47857-1a4c-f011-877a-000d3a35ffc1	99999	Ivan Morozkin	M	M18-24	99999		1:04:51	0:13:14				Ukraine	DNF
cdc93e5a-5c37-f111-88b3-7ced8d3d6780	99999	Paolo Sclisizzi	M	M45-49	99999							Italy	DNS
a7b9828d-d3cb-f011-bbd3-000d3a5cf7d8	99999	Hannah Makins	F	F50-54	99999							United Kingdom	DNS
49eb5803-f4cd-f011-bbd3-000d3a3173b5	99999	Viktor Zimarev	M	M35-39	99999		0:37:06	0:05:57	3:24:49	1:57:49		Unknown	DNF
f855ee8a-98b9-48b9-8a6a-3d7d7d0d6432	99999	Ramon Ruiz Sanchez	M	M40-44	99999							Spain	DNS
7d62ea79-99f3-f011-8406-002248046ec8	99999	Dániel Farkas	M	M35-39	99999							Hungary	DNS
b55547e0-0652-f111-bec7-0022480b84a3	99999	Cecilia Patzig	F	F30-34	99999							Germany	DNS
75a8bcda-8e2b-4791-9369-08345a34ba84	99999	Milan Jovovic	M	M40-44	99999							Serbia	DNS
485a8874-7c35-f111-88b4-0022480b35b6	99999	Eric McGeown	M	M25-29	99999							United Kingdom	DNS
9b8f9db0-2a2f-f011-8c4e-000d3a5b50ba	99999	Mehmet Sencer Dolaksiz	M	M40-44	99999							Turkey	DNS
d8948d5c-e161-f111-a825-0022480b35b6	99999	Rayan Anki	M	M18-24	99999							France	DNS
720ebece-9deb-f011-8544-000d3a5b7c3b	99999	Marc-Philippe Frey	M	M30-34	99999							Switzerland	DNS
487c1881-7da8-f011-bbd3-000d3a3173b5	99999	Berk Can Torgay	M	M30-34	99999							Turkey	DNS
59ba887b-8025-4b41-8073-ad7ab2e41728	99999	Elvar Aron Friðriksson	M	M25-29	99999							Iceland	DNS
323a8eed-1030-48a8-93cb-0a3017efc1b6	99999	Kendra Hall	F	F55-59	99999							United Kingdom	DNS
5267e14c-526c-f011-bec2-7ced8d6fb427	99999	Trond Magnus Gulbrandsen	M	M45-49	99999							Norway	DNS
7723c795-f454-49ad-ac1e-88a178e62f0f	99999	Arthur Tillac	M	M25-29	99999							France	DNS
f82a2a3a-e625-f111-8341-0022480b35b6	99999	Shivam Singla	M	M25-29	99999		1:22:15					Germany	DNF
0867dcb4-58a6-4961-bb8c-5f0e7a8fe85a	99999	Nick Barton	M	M50-54	99999		0:42:20	0:11:07				United Kingdom	DNF
0ffca510-37eb-f011-8544-6045bd09951e	99999	Neriman Mesic	M	M35-39	99999							Bosnia and Herzegovina	DNS
3f9e743b-b624-42e5-9a50-81657fd1f91f	99999	Tarek Rashid	M	M50-54	99999							Egypt	DNS
8a8bbd21-7d87-f111-ab0e-70a8a5ae43b8	99999	Aleksa Komnenović	M	M18-24	99999							Serbia	DNS
d1552fba-c2de-f011-8544-000d3a3173b5	99999	Anton Kai	M	M30-34	99999							Ukraine	DNS
042029d8-ebb4-41b1-babf-3d6b8aea3953	99999	Mohammed Alrumaihi	M	M30-34	99999							Qatar	DNS
e2e91c1f-79c7-422d-a845-51a98969a5f7	99999	Cormac Durnin	M	M50-54	99999							Ireland	DNS
200fca6f-c663-f011-bec3-6045bd05f634	99999	Rijad Kumasin	M	M25-29	99999							Bosnia and Herzegovina	DNS
c991e851-88f3-f011-8406-0022480994c2	99999	Erdal Obekli	M	M60-64	99999		1:35:49					Turkey	DNF
757b55d1-a594-f111-8076-0022480b84a3	99999	ARTEMIO FERNANDEZ PASTOR	M	M50-54	99999							Spain	DNS
7ad9cfc9-2a24-4225-b3d0-1fc9d2f5170f	99999	Nodas Kanellopoulos	M	M35-39	99999							Greece	DNS
e126dada-e4a5-455c-845a-82e43eb83268	99999	Pawel Gawor	M	M35-39	99999							Poland	DNS
6def44ad-0228-4e9c-96b2-1067c0480140	99999	Marek Bujnak	M	M40-44	99999							Slovakia	DNS
04825d58-2151-4841-94a8-0acccaac2a44	99999	Martin Tjader	M	M35-39	99999							Sweden	DNS
93f0e812-e61f-ea11-a810-000d3a5a1477	99999	Andrey Shubin	M	M35-39	99999							Serbia	DNS
cf3a50a7-908e-4a3d-8018-c0caea92ee13	99999	Olivier Tejedor	M	M30-34	99999							France	DNS
36b89b86-b43e-4ea8-ae04-042b27e38eef	99999	László Fenyvesi	M	M35-39	99999							Hungary	DNS
1e3103f7-c91b-4091-b5db-78e18bb3f6e1	99999	Denis Poleshchikov	M	M35-39	99999							Unknown	DNS
c6325e85-2c15-4560-acaa-77d9a48db743	99999	Nemanja Todorovic	M	M35-39	99999							Serbia	DNS
f5c92b83-7a6b-4d75-a318-58c4e1b64591	99999	James Wilson	M	M30-34	99999							United Kingdom	DNS
b115683b-c700-f111-8406-0022480a5755	99999	Clémentin Avon	M	M18-24	99999							France	DNS
7d6c5cbe-ea7d-4dd7-a686-584dfa990ee7	99999	Lara Mack	F	F25-29	99999							Germany	DNS
e7880142-445b-45a8-9191-4796e49dba9b	99999	Oliver Bridge	M	M35-39	99999							United Kingdom	DNS
290b563f-2c96-4203-b36e-e2c423e95c43	99999	Federico Miguel Vazquez Villasanti	M	M35-39	99999							Paraguay	DNS
95949b9f-8f72-49b5-bbd4-7186dcace1d1	99999	Azur Cuskovic	M	M40-44	99999							Bosnia and Herzegovina	DNS
ef3a56bf-36c7-f011-bbd3-000d3a3173b5	99999	Rogerio De Assis	M	M55-59	99999							Brazil	DNS
9f9c5f63-d55c-f011-bec2-6045bd05fcc1	99999	Petra Dickenmann	F	F35-39	99999							Switzerland	DNS
5243381a-2c88-f111-ab10-0022480b84a3	99999	Nebojsa Pavlovic	M	M40-44	99999							Serbia	DNS
4680e85c-95bd-4c42-b0fa-497812a547f4	99999	Madison Coakley	F	F25-29	99999							United States	DNS
19c88b29-88b9-f011-bbd3-6045bd09951e	99999	Helga Baumgartner	F	F35-39	99999							Hungary	DNS
3bc4a4bf-82dd-42bf-9e1c-2b02d408e4eb	99999	Rishat Gazizov	M	M45-49	99999							Netherlands	DNS
1970dfb4-e328-f111-8341-0022480b35b6	99999	Edoardo Ninatti	M	M30-34	99999							Italy	DNS
a6c79da3-a219-47b0-ae1f-f44844bbc8f5	99999	Jorge Garutti Valledor	M	M35-39	99999							Spain	DNS
be1e51c2-e6f6-ef11-9341-6045bd088264	99999	Maria McLoughlin	F	F18-24	99999							United Kingdom	DNS
171b4106-bbee-e911-a987-000d3a36478d	99999	Rok Rozac	M	M45-49	99999							Slovenia	DNS
6dfc41b3-6a37-f111-88b3-6045bd06566a	99999	Chetan Choksi	M	M18-24	99999							United States	DNS
a7b4c549-e69e-f111-b8dc-0022480a5755	99999	Milos Stanojlovic	M	M35-39	99999		1:12:24					Serbia	DNF
9fbb65e4-c667-f011-bec3-000d3a35ffc1	99999	Ricardo Hernandez Salvador	M	M30-34	99999							Netherlands	DNS
8078b52c-090e-4ae9-89b4-4dfa8ebc52e8	99999	Francisco Bolea Saez	M	M30-34	99999							Spain	DNS
7b0f7027-e29f-4a1f-a706-fe0cb36b215d	99999	Victor Alcântara Domingues Da Silva	M	M40-44	99999							Brazil	DNS
eb05479a-f513-4d80-9a3f-1d53be654b5f	99999	Christoph Gollob	M	M40-44	99999							Austria	DNS
4b777036-15bd-ed11-83ff-000d3a314c24	99999	Mamoun Chati	M	M35-39	99999							France	DNS
8a2f1467-c2ad-46f5-99fc-2bdb8632f93b	99999	Stuart Kelly	M	M25-29	99999							United Kingdom	DNS
48e9a64b-4ed3-ef11-8ee9-000d3a5a403c	99999	Jack Norton	M	M30-34	99999							United Kingdom	DQ
e292ff86-2474-ef11-a670-000d3a308d97	99999	Iulian Pocotila	M	M45-49	99999							Romania	DNS
2fd4c0c7-55b8-4994-955e-83ea88aa9d5a	99999	Philip Laureys	M	M30-34	99999							Belgium	DNS
cf2c0825-52c6-f011-bbd2-0022480953b2	99999	Todor Popovic	M	M45-49	99999		1:38:09					Serbia	DNF
3ec565a0-4a53-f011-877a-000d3a5b50ba	99999	Štěpán Šrůta	M	M18-24	99999							Czech Republic	DNS
5e2724c9-aecc-f011-bbd3-000d3a5b50ba	99999	Nikola Radović	M	M25-29	99999							Serbia	DNS
d89d5be4-c244-4748-89a2-87cf434431d2	99999	Stefania Ponzini	F	F55-59	99999							Italy	DNS
e1127f18-a4f6-f011-8406-002248046451	99999	GOKTUG GOKDEMİR	M	M35-39	99999							Turkey	DNS
00603cd3-e8b1-4431-8327-fbb0a3bd0723	99999	Özhan Pestanli	M	M40-44	99999							Turkey	DQ
8630690a-8378-485f-82c8-6474fdfa55da	99999	Burak Yildiz	M	M45-49	99999							Turkey	DNS
5adf54e4-fe21-f111-8341-000d3a5944a5	99999	Josef Macek	M	M18-24	99999							Czech Republic	DNS
348b010c-6a3e-42f9-83f0-4827d3fd3947	99999	Ross Lindsay	M	M50-54	99999							United Kingdom	DNS
ad5a1ec8-909f-4f8c-b216-f2fd9cab497d	99999	Giacomo Barberini	M	M30-34	99999							Italy	DNS
7cd20308-e107-47f7-8834-256340ea4e96	99999	Chenthuran Balasubramaniam	M	M40-44	99999							Sri Lanka	DNS
40ddb1d0-2e21-f111-8341-0022480b3ee9	99999	Eric Martin	M	M40-44	99999							United States	DNS
c338e2b8-c7d2-f011-8543-000d3a5b5fc7	99999	Rebecca Simpson	F	F18-24	99999							Ireland	DNS
4d93c802-1787-f011-b4cc-0022480a7385	99999	Patrick Kohlhoffer	M	M35-39	99999							Hungary	DNS
7b956219-0b81-4835-b810-0da92222f80a	99999	Noah Lukovnjak	M	M18-24	99999							Croatia	DNS
827f043a-adb8-f011-bbd2-000d3a5b7c3b	99999	Strahinja Subotić	M	M25-29	99999							Serbia	DNS
e7acf2fc-3ee0-4b57-a71d-1e30594cea0f	99999	Adem Balic	M	M65-69	99999		0:57:17	0:09:09	3:11:14	0:07:23		Bosnia and Herzegovina	DNF
4854a41e-0614-f111-8406-0022480994c2	99999	Vitali Doberstein	M	M40-44	99999							Germany	DNS
ab9569e8-1eec-4cd2-975e-ef1b232230e6	99999	Frédéric MONCOMBLE	M	M50-54	99999							France	DNS
491405c6-9c6a-ef11-bfe3-6045bd0953ac	99999	Luca Collesei	M	M45-49	99999							Italy	DNS
cea07b2f-4654-4cde-808b-38ff2e730470	99999	Szilard Csizmadia	M	M45-49	99999							Hungary	DNS
d6b4b2bf-f1d2-40c4-a826-a54a032c9f36	99999	Martijn Van Der Rijst	M	M40-44	99999							Netherlands	DNS
3bb5f3d5-39ac-f011-bbd3-000d3a5cf7d8	99999	Nikola Lazović	M	M30-34	99999		1:38:20					Serbia	DNF
653ffd91-94e2-f011-8544-000d3a5b7c3b	99999	Ljubo Nikolic	M	M30-34	99999							Serbia	DNS
7f267bd3-0c41-4abb-8c9f-5dc8805db801	99999	Cagri Unal	M	M40-44	99999							Turkey	DNS
819089ca-8a6c-f011-bec2-000d3a5cf7d8	99999	Patrick Kirchberger	M	M40-44	99999							Germany	DNS
bbcc4e88-1dce-f011-bbd3-000d3a35ffc1	99999	Vladimir Kaludjerovic	M	M60-64	99999							Montenegro	DNS
b05e6b46-5983-f011-b4cc-000d3a5b50ba	99999	Claude Maxim Piard	M	M30-34	99999							Luxembourg	DNS
0dfff85c-941b-f111-8341-0022480a5755	99999	Maria Camila Narvaez Calderon	F	F25-29	99999							Colombia	DNS
e010824c-ffb5-ed11-83fe-000d3a31406e	99999	Pasquale Morelli	M	M35-39	99999							Italy	DNS
158ea2bc-c660-f011-bec3-000d3a35ffc1	99999	Marleen Bölscher	F	F30-34	99999							Germany	DNS
6ad67e15-cd2e-f111-88b3-000d3a5bf25f	99999	Szymon Chmiel	M	M30-34	99999							Poland	DNS
a5b2f25d-bdda-4989-ae19-49a4b65b2d81	99999	Anna Unterrainer	F	F25-29	99999							Austria	DNS
318e0482-64f8-4188-b4d3-9e9506f78bdb	99999	Kestutis Virbickas	M	M60-64	99999							Lithuania	DNS
0d27d361-d680-ee11-8179-000d3a31406e	99999	Konstantin Khorev	M	M40-44	99999							Serbia	DNF
7b292aec-1373-f111-ab0f-6045bd06566a	99999	Jonathan Macculloch	M	M40-44	99999							United Kingdom	DNS
9257a24e-81a5-484d-97be-03b215efd286	99999	Carlotta Boerner	F	F30-34	99999							Germany	DNS
4bbc50d9-6550-f111-bec6-002248046ec8	99999	Alexander Price	M	M30-34	99999							United Kingdom	DNS
0081b84c-bc46-f011-877a-0022480a7385	99999	Aleksandr Isaev	M	M18-24	99999							Grenada	DNS
e9009165-c525-f111-8341-0022480994c2	99999	jaidy de knijf	M	M18-24	99999							Belgium	DNS
811017a6-5e2c-f111-88b3-0022480b35b6	99999	Juan Salvador Chavez Castro	M	M18-24	99999		1:30:57					Italy	DNF
d7990abf-bc3d-ef11-8409-000d3a352668	99999	Luke Foster	M	M25-29	99999							United Kingdom	DNS
fddebc48-7740-43c7-9b50-3ce5b19af4db	99999	Roel Muller	M	M35-39	99999							Netherlands	DNS
039e150d-093c-f011-b4cc-000d3a35ffc1	99999	Assane KEITA	M	M35-39	99999							France	DNS
51544a58-c19c-f011-b41c-6045bd09951e	99999	George Coe	M	M35-39	99999							United Kingdom	DNS
44faf28a-d754-41b1-85db-7c5199d55cfc	99999	Ross Bowie	M	M55-59	99999							United Kingdom	DNS
66110164-7451-444c-b091-38637efe9232	99999	Alexander Martin	M	M45-49	99999							United Kingdom	DNS
89c42f19-6764-ef11-bfe3-00224808301f	99999	Christopher Thompson	M	M25-29	99999							United Kingdom	DNS
c0336dd2-4ccb-4cd4-a3c0-7e1a86ef6774	99999	Frank Duenkelberg	M	M50-54	99999							Germany	DNS
1f4f68f0-4508-f111-8406-6045bd06566a	99999	Luka Lazarevic	M	M25-29	99999							Serbia	DNS
1a7f933b-4d9a-4987-9d61-a98b87b53408	99999	Robert Balog	M	M45-49	99999							Slovakia	DNS
cf9e2b6d-c496-4019-828b-cfaa802c04c5	99999	Joachim Prinz	M	M55-59	99999							Germany	DNS
64a5c61e-fa13-4fa6-9db0-9e1899c6045a	99999	Gina Monica Morales	F	F50-54	99999							Mexico	DNS
964d43e5-9249-f111-bec5-6045bd06566a	99999	David Hammond	M	M30-34	99999							Ireland	DNS
1b4332b2-3c51-433c-97d9-81ed54c7169e	99999	Victor Gonin	M	M30-34	99999							Switzerland	DNS
028ce976-5158-f111-bec7-0022480a5755	99999	Andrei Glushchenko	M	M45-49	99999							United Arab Emirates	DNS
034fc21d-8220-4ac1-bee4-2076362b61b8	99999	Goran Medic	M	M55-59	99999							Slovenia	DNS
9fe64e57-4075-4d44-b018-c4dc261e549e	99999	Vegard Aas	M	M40-44	99999							Norway	DNS
b0611606-78a7-4ea8-a87a-76ae9ab74642	99999	Maria Kolosova	F	F55-59	99999							France	DNS
563f01e1-1e34-ed11-9db1-000d3a3385d8	99999	Greta Lyberopoulou	F	F55-59	99999							Greece	DNS
ddab0249-d97a-f011-b4cc-000d3a5b7c3b	99999	Merve Aydın	F	F30-34	99999							Turkey	DNS
013e311f-5fa8-f011-bbd3-000d3a3173b5	99999	Tiffenn Boulin	M	M25-29	99999							France	DNS
31aff233-69f3-426d-a11c-9d13d0f24dc3	99999	Ivano Corbetta	M	M65-69	99999							Italy	DNS
ad2ab39a-f54a-417b-a846-8d41a7739977	99999	Andreas Falkensteiner	M	M45-49	99999							Austria	DNS
cfc54f09-761a-f111-8341-0022480b35b6	99999	Emin Kacapor	M	M18-24	99999		0:57:30	0:11:24				Unknown	DNF
1daa999f-a5da-42f6-af9f-1d94585e385e	99999	Oleg Astanin	M	M45-49	99999		1:35:46					Turkey	DNF
87de867f-3be1-4fab-ae0a-b80ce02e4c84	99999	Sigridur Erlendsdottir	F	F40-44	99999		1:38:52					Iceland	DNF
3caa9db3-bdd3-f011-8543-6045bd05fcc1	99999	maarten cottyn	M	M30-34	99999							Belgium	DNS
9fb7ab84-dee2-f011-8544-000d3a35ffc1	99999	Joao Casimiro	M	M25-29	99999							Portugal	DNS
b2c581f8-b4e1-43b8-9e04-b82089bd0e0f	99999	Paolo Bertolino	M	M55-59	99999							Italy	DNS
5864803b-fb4f-4d77-948c-3c1e8346fcc3	99999	Caitlin Gelder	F	F25-29	99999							United Kingdom	DNS
ce1e2d2a-bd08-f111-8406-002248081bd6	99999	Dino Štangl	M	M25-29	99999							Croatia	DNS
580b7ef4-f9dd-4f40-89fe-72a3294ef1bf	99999	Alexander Roth	M	M45-49	99999							Austria	DNS
dfbd2899-ee3e-f111-88b4-0022480994c2	99999	Jack Kilpatrick	M	M40-44	99999	7:00:39	0:49:47	0:09:11	3:50:48	0:04:30	2:06:21	United Kingdom	DNF
cedb5d98-b335-f111-88b4-0022480b84a3	99999	Kristiyan Petrov	M	M25-29	99999							Bulgaria	DNS
3ab56dae-15da-f011-8544-000d3a35ffc1	99999	Marko Manojlovic	M	M30-34	99999							Serbia	DNS
e65804fd-6058-f011-877a-000d3a5b7c3b	99999	Fabian Petrescu	M	M35-39	99999							Romania	DNS
75eb00f3-7551-f011-877a-000d3a5b50ba	99999	Tobias Parkred	M	M35-39	99999							Sweden	DNS
508e867e-fc3b-f111-88b3-6045bd06566a	99999	Theodor Støtzer-Karlsen	M	M18-24	99999							Norway	DNS
d6ee6153-49f2-f011-8407-0022480b738e	99999	Lucian Talpag	M	M35-39	99999		1:06:22	0:15:43				Romania	DNF
5580f777-c346-f011-877a-6045bd05fcc1	99999	Francis Carter	M	M25-29	99999							United Kingdom	DNS
79a229ee-353f-ee11-bdf3-000d3a314ae2	99999	Ahmed Nejjar	M	M65-69	99999							Morocco	DNS
b3464ad6-11d9-f011-8544-000d3a35ffc1	99999	Farin Meier	M	M18-24	99999							Switzerland	DNS
cfa503f3-b472-4e30-bc2d-749de4df4ef8	99999	Richard Jurkanin	M	M45-49	99999							Slovakia	DNS
383c8473-fb8b-f011-b4cc-000d3a5cf7d8	99999	Georgi Stoev	M	M30-34	99999							Bulgaria	DNS
da4653be-5808-f111-8406-7ced8d3d4172	99999	Aleksander Lukic	M	M25-29	99999							Austria	DNS
b6ff4900-41fa-f011-8406-6045bd08b1a2	99999	henny sunner	F	F25-29	99999							Canada	DNS
13c7c72b-1878-44c2-9c52-446e1acb075b	99999	Sergey So	M	M30-34	99999		0:37:05	0:04:45	2:22:21	0:02:26		Kazakhstan	DNF
d68f3f8e-4580-f011-b4cc-000d3a5b50ba	99999	Tilly Bowie	F	F25-29	99999							United Kingdom	DNS
36f1fa45-5ded-f011-8544-0022480a3d1e	99999	Emre Ataoğlu	M	M35-39	99999							Turkey	DNS
25133654-3329-f111-8341-6045bd06566a	99999	Vladimir Ezhov	M	M45-49	99999							Unknown	DNS
a81b1a3e-222f-4e8f-b70c-d964639d8112	99999	Salvatore Belardo	M	M50-54	99999							Italy	DNS
72c58291-6c41-f111-88b4-002248046451	99999	Jean-Nicolas Radikov	M	M18-24	99999							Belgium	DNS
a33e3b9d-8131-f111-88b3-000d3a358153	99999	Simon Wieser		M18-24	99999							Austria	DNS
54e6376b-f70f-f011-9988-000d3a5b7c3b	99999	Christian Celecia	M	M55-59	99999							Gibraltar	DNS
e05249c7-47bb-f011-bbd2-000d3a5b7c3b	99999	Laura Rueling	F	F18-24	99999							Austria	DNS
dcb25aab-6ece-4441-8aa4-c05fd1251b0d	99999	Adele Baker	F	F45-49	99999							United Kingdom	DNS
