ContactId	Overall_Rank	Name	Gender	Division	Div_Rank	Total_Time	Swim	T1	Bike	T2	Run	Country	Status
2b73af4c-68b2-eb11-8236-00224808e15a	1	Fernando Toldi	M	MPRO	1	3:48:21	0:22:59	0:02:31	2:08:20	0:01:05	1:13:26	Brazil	
3dfcacc7-c6e1-44e0-ac91-253a48bc3c79	2	Andre Lopes	M	MPRO	2	3:49:46	0:23:31	0:02:25	2:07:58	0:01:17	1:14:35	Brazil	
dc5ba165-9124-48fd-9309-3c94f24db170	3	Reinaldo Colucci	M	MPRO	3	3:50:13	0:23:36	0:02:17	2:04:37	0:01:02	1:18:40	Brazil	
9239c200-f0fd-ef11-bae2-0022480c3ef1	4	Yago Alves	M	MPRO	4	3:50:56	0:23:22	0:02:29	2:08:08	0:01:27	1:15:30	Brazil	
96e63167-a3fe-ef11-bae2-0022480c097c	5	Joao Teixeira Alvares Neto	M	MPRO	5	3:51:11	0:23:23	0:02:32	2:08:10	0:01:26	1:15:40	Brazil	
c6437e93-a193-4bd8-97b5-66087b8e0331	6	Luciano Taccone	M	MPRO	6	3:52:11	0:23:29	0:03:30	2:06:47	0:01:17	1:17:07	Argentina	
1608d9ff-1982-f011-b4cc-000d3a3173b5	7	Felipe Bianchi	M	MPRO	7	3:53:32	0:23:29	0:02:29	2:10:23	0:01:29	1:15:43	Brazil	
f92b2f70-ca99-ef11-8a6a-000d3a338a3c	8	Martin Ulloa	M	MPRO	8	3:56:03	0:24:43	0:02:37	2:06:33	0:01:19	1:20:51	Chile	
a310e0b3-9043-49ef-b5f9-af4b8f9e906a	9	Fellipe Marmo Gomes Santos	M	M35-39	1	3:56:03	0:24:14	0:02:46	2:10:20	0:01:34	1:17:09	Brazil	
e461e2f7-50b6-4ae3-83c1-4e67a2e0ac8d	10	Vicente Trewhela	M	MPRO	9	3:58:14	0:22:51	0:02:21	2:11:01	0:01:29	1:20:31	Chile	
0dc0e248-f6fd-4fff-9b10-42b401d76ad4	11	Diego Arantes	M	M25-29	1	3:58:34	0:26:20	0:03:11	2:15:23	0:01:36	1:12:05	Brazil	
e3d41bb5-4c49-f111-bec5-6045bd08b1a2	12	Pedro Fernandes	M	MPRO	10	3:58:50	0:22:55	0:02:54	2:10:48	0:01:32	1:20:42	Brazil	
cf36a77b-88df-4232-8b05-8d6a560648f6	13	Denis Santana Vera	M	M25-29	2	4:02:31	0:29:48	0:03:02	2:13:27	0:02:24	1:13:49	Brazil	
883b3f6c-872e-ef11-840a-000d3a367177	14	Gabriel Klein	M	MPRO	11	4:02:59	0:24:29	0:02:48	2:16:04	0:01:34	1:18:04	Brazil	
e919c6d5-61cd-4e3b-8432-4812f49ba4a1	15	Joao Vitor Rossi Alvarenga	M	M18-24	1	4:03:43	0:28:14	0:02:46	2:13:25	0:01:16	1:18:02	Brazil	
97c4e1d0-f7ba-43bd-8b9f-dd6764d903fb	16	Raul Arratia	M	MPRO	12	4:04:39	0:25:04	0:02:44	2:16:56	0:02:01	1:17:54	Chile	
ccd11d84-4c80-4491-8b15-8f15641ca9db	17	RAFAEL CAMARA	M	MPRO	13	4:06:31	0:28:28	0:02:40	2:12:15	0:01:30	1:21:38	Brazil	
3eaef416-3980-42c6-a138-23090bb71589	18	LUCAS ANDRADE CABRAL	M	MPRO	14	4:07:00	0:24:34	0:02:29	2:21:14	0:01:28	1:17:15	Brazil	
2d0cd231-590f-4856-b20d-5ce051fe0792	19	Joao Maldonado	M	MPRO	15	4:07:25	0:26:08	0:03:02	2:14:31	0:02:23	1:21:21	Brazil	
28d9bf6c-d7db-4b0d-8849-0cbf5e95397d	20	RODRIGO PASSINI	M	M35-39	2	4:09:28	0:28:19	0:03:27	2:14:33	0:01:52	1:21:17	Brazil	
35bea612-5e33-f111-88b3-000d3a5c380f	21	Cauã Diniz	M	MPRO	16	4:10:39	0:25:41	0:02:46	2:11:49	0:01:19	1:29:04	Brazil	
213129ac-38ab-4d70-9572-3a1622084a4e	22	Daniel Ruman Rodrigues	M	M35-39	3	4:11:15	0:24:09	0:03:59	2:15:27	0:01:37	1:26:03	Brazil	
eb32602f-53f6-47b0-98e1-694e67ed363d	23	Andre Souza	M	M30-34	1	4:11:57	0:30:26	0:03:03	2:15:53	0:01:41	1:20:54	Brazil	
c1b95726-a632-472c-b40c-bc2545ce78c4	24	mateus de carvalho	M	M40-44	1	4:12:25	0:30:36	0:03:44	2:15:25	0:01:46	1:20:54	Brazil	
9ce3a390-9095-474b-9e75-95bfe071a51c	25	Anderson Fernandes de Camargo	M	M35-39	4	4:13:32	0:25:26	0:04:50	2:16:04	0:01:49	1:25:22	Brazil	
59232393-557b-4007-aa84-9249b7253d4e	26	GUILHERME VAZ	M	M30-34	2	4:13:38	0:28:52	0:03:07	2:15:24	0:01:34	1:24:41	Brazil	
76f16972-f868-4af6-965a-0f8d36b3754b	27	FABIO ESMERELLES	M	M40-44	2	4:13:46	0:26:13	0:03:18	2:16:28	0:02:27	1:25:20	Brazil	
fddd7dc4-4046-4f27-b3c4-e4d44d21e39f	28	Victor Augusto Gibertoni	M	M30-34	3	4:15:32	0:29:27	0:05:18	2:19:23	0:02:48	1:18:36	Brazil	
b3c2ab5b-d9df-ef11-8eea-6045bd088264	29	Pedro Leal	M	MPRO	17	4:15:43	0:25:43	0:03:27	2:19:29	0:01:22	1:25:41	Brazil	
1389f3fa-65d6-4bbb-8d87-6f08c54a9669	30	Vinicius Pelissari	M	M25-29	3	4:17:06	0:25:46	0:03:21	2:17:23	0:02:10	1:28:27	Brazil	
23a65bdb-b593-4fc2-a388-3058b76c6b2c	31	PATRICK SIMON	M	M45-49	1	4:17:20	0:29:17	0:03:22	2:16:05	0:01:38	1:26:58	Brazil	
b343d626-90a2-44e2-b43e-4144c852de0c	32	Jose Belarmino	M	M45-49	2	4:17:24	0:25:37	0:03:09	2:18:02	0:01:46	1:28:51	Brazil	
3087636a-32c1-4630-900c-f00616b9dfda	33	Alexandre Ferraz	M	M40-44	3	4:17:38	0:30:34	0:03:42	2:14:58	0:01:40	1:26:45	Brazil	
ade5d1d1-66a8-4542-b0fe-ce891d74c343	34	Andre Trevine Araujo Bezerra De Menezes	M	M35-39	5	4:18:13	0:28:14	0:03:38	2:14:39	0:01:31	1:30:11	Brazil	
86045625-04f3-48c1-858a-dbba6c0758cd	35	LUCAS TOLEDO	M	M35-39	6	4:18:24	0:31:55	0:03:27	2:14:16	0:02:04	1:26:43	Brazil	
c19693ea-2182-4091-8be2-eae778610e76	36	EDUARDO SIROTO DANGELO	M	MPRO	18	4:18:24	0:28:54	0:03:24	2:15:03	0:01:37	1:29:27	Brazil	
80e7a050-a30d-4494-be95-7704de776fa5	37	JOSE CARLOS DOMINGOS	M	M45-49	3	4:18:29	0:27:59	0:03:36	2:23:34	0:01:46	1:21:33	Brazil	
96b07339-ffd3-42dd-87c7-6244fcfbb219	38	Danilo Dos Santos Lima	M	M30-34	4	4:18:53	0:27:00	0:03:57	2:16:22	0:03:10	1:28:25	Brazil	
076fa2b7-74ef-4070-925a-1fab8de7f415	39	GIANFRANCO NARDINI	M	M30-34	5	4:19:26	0:26:31	0:04:14	2:15:49	0:02:15	1:30:37	Brazil	
256befad-b4f0-47ee-bf29-b07698c9e241	40	Luis Ohde	M	MPRO	19	4:19:56	0:24:29	0:02:50	2:21:03	0:01:32	1:30:03	Brazil	
013f4bb6-5024-4b0a-8915-da0656eb403d	41	Pedro Apud Pedro Apud	M	M30-34	6	4:20:26	0:24:07	0:02:43	2:32:26	0:01:47	1:19:23	Brazil	
fd2e8c73-e59a-4ebb-841f-c02b29212162	42	PHILIP DE SIMONE	M	M30-34	7	4:20:48	0:30:18	0:04:00	2:22:58	0:01:31	1:22:01	Brazil	
4b045415-46c7-f011-bbd3-000d3a5b50ba	43	Gianlucca De Souza	M	M25-29	4	4:21:36	0:26:42	0:03:34	2:23:24	0:01:41	1:26:15	Brazil	
6e3f1865-77ee-4e23-a82e-8d6d1c08946e	44	Guilherme Sobolewski	M	M30-34	8	4:21:47	0:27:45	0:04:09	2:24:02	0:02:42	1:23:09	Brazil	
81f7eb59-654f-4b9f-a384-a199de2a2ed4	45	Andre Carvalho	M	M50-54	1	4:23:12	0:25:57	0:04:24	2:17:55	0:01:33	1:33:23	Brazil	
0f0034d9-bfb5-4657-9aa4-d5699b39ba2b	46	Vinicius Castilho	M	M45-49	4	4:23:18	0:30:17	0:04:22	2:22:29	0:02:13	1:23:56	Brazil	
09bfcc63-d43a-4721-96af-ecc03b0fa521	47	Rachel Olson	F	FPRO	1	4:23:54	0:25:28	0:02:57	2:24:42	0:01:23	1:29:24	United States	
e5073baa-80ef-4a12-bef6-94b6a6cc6a3a	48	WILSON WADHY MIGUEL REBEHY NETO	M	M35-39	7	4:24:37	0:33:42	0:05:25	2:22:03	0:02:07	1:21:19	Brazil	
5cf51636-d216-4d30-93a2-169c7b44a1e1	49	Lucas Niccioli	M	M30-34	9	4:24:50	0:29:51	0:03:46	2:18:46	0:01:41	1:30:47	Brazil	
04c85594-390f-f011-9988-000d3a5b7c3b	50	Samuel Jesus Paranhos	M	M25-29	5	4:25:04	0:30:27	0:03:24	2:23:21	0:01:47	1:26:04	Brazil	
07f5e655-db88-f111-ab10-70a8a5ae8eaa	51	Victor Hugo Lopes	M	MPRO	20	4:25:17	0:24:56	0:02:55	2:22:55	0:01:50	1:32:40	Brazil	
267afa14-f6af-441c-b002-0baaf4cb7d2f	52	Regis Azevedo Kapp	M	M25-29	6	4:26:28	0:30:39	0:03:24	2:20:50	0:01:42	1:29:55	Brazil	
a91b3ec6-80f6-4a7e-8a51-46ad404b2b8e	53	Jose eduardo Carvalho teixeira	M	M30-34	10	4:26:36	0:29:26	0:04:05	2:23:42	0:01:22	1:28:01	Brazil	
5398b2d4-d6be-43d8-8f8c-f9f913d6b43f	54	Matheus Patsch Pineda	M	M30-34	11	4:26:50	0:29:50	0:03:40	2:24:41	0:02:31	1:26:07	Brazil	
8e43bcb4-d081-4c0c-94b2-b7885d49b088	55	Gustavo Do Nascimento Pistili	M	M35-39	8	4:26:55	0:27:42	0:04:02	2:22:30	0:02:00	1:30:40	Brazil	
1f168292-3200-495d-8d3b-65a48cd9bb16	56	Guilherme Manocchio	M	M40-44	4	4:27:31	0:27:43	0:03:58	2:25:10	0:01:44	1:28:56	Brazil	
b10e0cce-b827-4af1-a026-1b1f54f6655f	57	Mateus Vidigal	M	M45-49	5	4:27:35	0:25:39	0:03:17	2:26:21	0:02:00	1:30:19	Brazil	
9423b666-10ea-4040-84ee-24b07e157a8c	58	Samuca Araujo Silva	M	M40-44	5	4:27:52	0:31:29	0:03:26	2:33:17	0:02:03	1:17:36	Brazil	
32f03484-f33c-f011-b4cc-000d3a35ffc1	59	EDUARDO BUSCACIO	M	M40-44	6	4:28:17	0:32:06	0:04:12	2:21:29	0:02:09	1:28:22	Brazil	
6809dfc4-33c7-f011-bbd2-000d3a5b5fc7	60	Matheus Angelini Pereira	M	M25-29	7	4:28:24	0:28:15	0:03:47	2:21:07	0:02:01	1:33:14	Brazil	
4f6baa48-f0f8-430e-ae4c-8aa7f2c74dae	61	Yuri Matsumoto Nunes	M	M18-24	2	4:29:22	0:32:22	0:04:04	2:21:19	0:02:06	1:29:32	Brazil	
2573be47-43c7-f011-bbd3-6045bd05fcc1	62	Matheus Santiago	M	M25-29	8	4:29:26	0:35:55	0:03:38	2:20:54	0:01:35	1:27:23	Brazil	
02b50d03-2ded-4a24-8721-d20329c6f6b3	63	GUSTAVO FEITOSA FELIZZOLA	M	M45-49	6	4:30:07	0:29:54	0:04:34	2:22:40	0:01:19	1:31:39	Brazil	
3862bd38-43c7-f011-bbd2-000d3a5b7c3b	64	Raphael Scarano De Oliveira	M	M30-34	12	4:30:08	0:31:11	0:04:25	2:20:58	0:02:12	1:31:23	Brazil	
77cc9e74-339a-f011-b4cc-0022480a7385	65	Marcos Luiz Egg Nunes	M	M40-44	7	4:30:23	0:29:13	0:06:52	2:21:44	0:02:39	1:29:55	Brazil	
328bb615-e601-4b90-ac1b-f188cf595d44	66	TIAGO LESSA	M	M45-49	7	4:31:25	0:33:56	0:05:33	2:21:20	0:02:28	1:28:08	Brazil	
81350ef3-09c6-48ba-aeb1-88ee3276a9f4	67	Ainer Sampaio	M	M40-44	8	4:31:25	0:33:13	0:04:08	2:24:55	0:02:08	1:27:01	Brazil	
a77db609-4ea8-4f40-9922-6b68a2c7e9c2	68	Rodolfo Souza Scotolo	M	M35-39	9	4:31:46	0:35:10	0:04:45	2:23:06	0:01:52	1:26:53	Brazil	
472e5ad1-1b49-42a6-9ad1-bc0f6df6acbe	69	Guilherme Righetti Lopes	M	M25-29	9	4:31:51	0:33:11	0:03:53	2:17:40	0:02:15	1:34:51	Brazil	
9c79694f-31ea-f011-8544-0022480c097c	70	Lucas Costa	M	M30-34	13	4:32:06	0:31:18	0:03:53	2:22:44	0:01:52	1:32:19	Brazil	
4755afd2-8a9f-ef11-8a6a-000d3a59a9a1	71	Felipe Marques	M	M25-29	10	4:32:26	0:36:43	0:03:30	2:17:23	0:01:45	1:33:06	Brazil	
ba1961f7-6b3f-452d-a9c4-726804721ebc	72	Bruno Araujo	M	M35-39	10	4:33:17	0:30:53	0:03:37	2:23:52	0:01:43	1:33:11	Brazil	
eb7faf3b-8fe7-4c37-9157-ca1ec7ca13a0	73	Mariana Borges De Andrade	F	FPRO	2	4:33:18	0:28:48	0:02:55	2:23:41	0:01:41	1:36:13	Brazil	
eb886565-fd2d-4c76-af61-80853abd247d	74	Lucas Ataide Avelino	M	M30-34	14	4:33:25	0:32:02	0:03:54	2:26:42	0:01:37	1:29:11	Brazil	
a36125df-0335-461d-ad7e-ad9529b31219	75	Gabriel Dos Santos Naressi Soares	M	M30-34	15	4:33:31	0:30:27	0:04:20	2:28:15	0:02:15	1:28:14	Brazil	
2b7f6a57-38c7-f011-bbd3-000d3a5cf7d8	76	Harley Miranda	M	M18-24	3	4:33:40	0:30:46	0:03:54	2:28:17	0:02:00	1:28:44	Brazil	
22e440c4-a2f9-4ba9-96b6-5e25bf68b545	77	Gustavo Stolben	M	M25-29	11	4:34:17	0:32:11	0:03:24	2:26:54	0:01:35	1:30:13	Brazil	
08c2ec53-929c-4bba-ae86-ab98d1996f45	78	Lucas Gomes Dias	M	M30-34	16	4:34:37	0:36:46	0:03:33	2:18:26	0:02:24	1:33:27	Brazil	
ed859593-0457-45ed-a346-6a0acdf64242	79	Marco Antonio Lins	M	M25-29	12	4:35:14	0:32:17	0:04:44	2:24:11	0:02:02	1:32:01	Brazil	
950aac23-60fe-485a-b9e5-a1b8ed2c7698	80	Marcos Alberto Goncalves De Pauli	M	M35-39	11	4:35:34	0:33:42	0:03:57	2:24:43	0:01:39	1:31:33	Brazil	
4fef9708-4a9f-ea11-a812-000d3a5a1bfb	81	Carlos Eduardo Uliam Carvalho	M	M35-39	12	4:35:58	0:35:08	0:03:56	2:24:17	0:01:51	1:30:46	Brazil	
1318ad41-a04c-418a-8a37-e4fd0e5f7ac3	82	Bruno Mortorelli Mota	M	M25-29	13	4:36:09	0:31:34	0:03:47	2:33:12	0:01:40	1:25:56	Brazil	
778853b4-0c0a-4a75-b0cd-f070b974e321	83	Rafael Alves Pardinho	M	M35-39	13	4:36:13	0:37:11	0:04:21	2:23:55	0:03:02	1:27:45	Brazil	
46a039a5-5e64-4c2a-a850-ed64d21c0402	84	Bruno Morozini	M	M40-44	9	4:36:18	0:27:49	0:04:27	2:26:44	0:02:13	1:35:05	Brazil	
05cb585d-baf9-ef11-9341-000d3a5a1803	85	Luma Guillen	F	FPRO	3	4:36:31	0:25:49	0:02:48	2:35:14	0:01:51	1:30:50	Brazil	
0a0b69e5-7e9c-49f1-86d9-a3b4bf616ca6	86	Daniel Meneghel	M	M40-44	10	4:36:39	0:33:19	0:05:32	2:30:23	0:02:04	1:25:21	Brazil	
20604c52-0165-4cdc-898f-a363bb646ef8	87	Lucas Scalabrin Oliveira	M	M25-29	14	4:36:42	0:31:23	0:04:12	2:32:02	0:01:45	1:27:20	Brazil	
ef52dde8-6de5-ee11-904d-000d3a314d17	88	Jose Eduardo Kenzo Murata	M	M18-24	4	4:36:59	0:30:13	0:03:50	2:23:31	0:01:44	1:37:41	Brazil	
91153e8e-b090-4b26-a9b6-ef5f231d63d0	89	EVELIN SILVEIRA BOMBONATTO	F	F30-34	1	4:37:05	0:33:23	0:03:21	2:30:32	0:01:10	1:28:38	Brazil	
4451a2df-637f-4990-9e7a-1e8d67df6a3a	90	Raul Dino Pinheiro Machado De Sousa	M	M30-34	17	4:38:03	0:30:32	0:03:25	2:32:41	0:02:24	1:29:02	Brazil	
f746bef7-42c7-f011-bbd3-000d3a35ffc1	91	Vinicius Pastori Montilha	M	M25-29	15	4:38:10	0:31:01	0:03:21	2:27:41	0:02:34	1:33:33	Brazil	
e92ff5bc-2842-f011-b4cb-6045bd09951e	92	Rodrigo Martins	M	M30-34	18	4:38:31	0:28:24	0:03:44	2:25:52	0:02:07	1:38:23	Brazil	
587c6cdb-d3fa-ef11-9341-6045bd018d16	93	Eduardo Goulart	M	M25-29	16	4:38:35	0:34:28	0:05:20	2:25:03	0:01:50	1:31:54	Brazil	
d5bb4c57-4dc2-4e5b-9560-a78e78c4d390	94	Willyan Ribeiro Siepierski	M	M35-39	14	4:39:09	0:32:01	0:04:44	2:33:50	0:01:37	1:26:56	Brazil	
ba65b06b-53a2-4e1f-8e89-2467fcab3d72	95	GILBERTO DOS SANTOS MARCOS	M	M50-54	2	4:39:17	0:30:32	0:05:13	2:33:50	0:02:50	1:26:52	Brazil	
74a5dcbc-9c46-49fa-9ead-daab3e3dd14c	96	Renato Valenca Cardoso	M	M40-44	11	4:39:22	0:35:26	0:04:58	2:26:53	0:01:45	1:30:20	Brazil	
952d77bf-8bfb-4a76-a595-d279a6cd273e	97	Adriano Bastos	M	M45-49	8	4:39:38	0:33:34	0:04:29	2:27:29	0:02:25	1:31:41	Brazil	
e70c0cba-3b79-417b-81ce-1caad1027c0c	98	Roberto Vidra Pires Correa	M	M30-34	19	4:39:44	0:34:59	0:04:28	2:32:18	0:02:39	1:25:19	Brazil	
640cdf14-244c-4823-a99a-d3863e767a0e	99	Alexandre Guerra Castor Melo	M	M18-24	5	4:39:48	0:32:06	0:04:41	2:27:12	0:01:42	1:34:07	Brazil	
d4e3044b-338c-40f1-88bd-1650c97a936c	100	Mário Feitosa	M	M45-49	9	4:39:51	0:33:50	0:05:06	2:28:37	0:02:15	1:30:02	Brazil	
22c40e2b-d193-f011-b4cc-000d3a5b7c3b	101	CARLOS HENRIQUE VALENÇA SOUZA	M	M25-29	17	4:39:55	0:28:00	0:04:34	2:36:41	0:02:15	1:28:25	Brazil	
1461fd50-a783-4d77-a5de-086ed4214fa8	102	Mikelle Coelho	F	FPRO	4	4:40:01	0:30:01	0:03:36	2:34:23	0:01:23	1:30:38	Brazil	
c311bff5-2d9d-4b42-8533-153a0b0b7b30	103	Otavio Santos De Lima	M	M25-29	18	4:40:01	0:35:17	0:03:23	2:21:54	0:01:45	1:37:42	Brazil	
1180fcee-e792-ef11-ac21-000d3a5a1803	104	Marcus Santos	M	M40-44	12	4:40:03	0:32:39	0:05:05	2:26:27	0:02:31	1:33:21	Brazil	
94ba4b42-7744-46e9-a8c7-968f4a5928dd	105	Lauara Ribeiro Maria	F	F25-29	1	4:40:08	0:29:01	0:04:00	2:32:13	0:02:02	1:32:51	Brazil	
2795b4ff-66ad-4579-92f2-8065477726e9	106	Pedro Henrique Muniz Alves	M	M40-44	13	4:40:23	0:28:38	0:04:56	2:34:13	0:02:12	1:30:24	Brazil	
96b022e0-1ea4-ef11-8a69-6045bd018d16	107	Luca Santarlasci	M	M25-29	19	4:40:52	0:29:45	0:04:13	2:33:55	0:01:35	1:31:24	Brazil	
c3a7ad6c-46c7-f011-bbd3-000d3a5b50ba	108	Rodger Augusto Filho	M	M18-24	6	4:41:01	0:34:21	0:03:36	2:24:13	0:01:46	1:37:04	Brazil	
dffd3d58-7c78-49ab-a212-6a003cf89234	109	Kirby Freeland	M	M35-39	15	4:41:01	0:33:52	0:04:12	2:27:04	0:01:44	1:34:11	United States	
19bea4f9-3dd5-4bbe-97b4-c8cdcf942736	110	Pedro Henrique Dos Santos Silva	M	M25-29	20	4:41:24	0:32:29	0:04:12	2:29:08	0:01:24	1:34:11	Brazil	
03eeeb1d-9215-4cbd-a3e5-d276f6ab0e34	111	Luiz Henrique Da Costa Martins Teixeira	M	M30-34	20	4:41:33	0:35:59	0:05:02	2:33:31	0:02:23	1:24:37	Brazil	
05402593-6f2d-4f92-ac3f-8e3bbb9f0401	112	Thais Bustillo Freitas	F	F18-24	1	4:41:46	0:35:15	0:03:28	2:27:26	0:01:53	1:33:44	Brazil	
4aa17567-ffeb-4a26-b0e4-77fc7da86047	113	Julio Cesar Porto Rodrigues	M	M25-29	21	4:41:58	0:34:30	0:05:22	2:35:06	0:02:35	1:24:25	Brazil	
285e91a5-0d82-f011-b4cc-000d3a5b7c3b	114	Carlos Assumpcao	M	M55-59	1	4:42:01	0:28:34	0:05:11	2:29:10	0:02:49	1:36:17	Brazil	
e4478da7-efb0-ef11-b8e9-000d3a5a1803	115	João Pedro Porto Afonso de souza	M	M18-24	7	4:42:05	0:34:06	0:04:25	2:24:55	0:01:55	1:36:44	Brazil	
479d8c0c-8590-4bdb-ba67-ebce3e6ef470	116	Arthur Costa Fabris	M	M30-34	21	4:42:17	0:28:49	0:04:12	2:37:35	0:02:43	1:28:58	Brazil	
0a6aafa5-8d94-4b74-9af5-434e071bf004	117	Luis Adriano Stenzinger	M	M40-44	14	4:42:28	0:34:26	0:04:46	2:28:29	0:01:52	1:32:56	Brazil	
6110c66e-389a-f011-b4cc-000d3a35ffc1	118	Pedro Nardini	M	M18-24	8	4:42:36	0:34:22	0:03:36	2:36:17	0:02:47	1:25:35	Brazil	
371d1705-235b-4bd3-8dc7-eec0f5142cac	119	Diogo Nebias	M	M45-49	10	4:42:38	0:31:56	0:04:37	2:30:55	0:02:21	1:32:51	Brazil	
260aaba5-23fb-4735-9b24-cd3c57fb3c86	120	jorge thiago lemes	M	M35-39	16	4:42:49	0:35:01	0:05:16	2:34:43	0:02:47	1:25:02	Brazil	
06dcd415-753c-471c-9b7f-e829ef32fca8	121	Rodrigo Cantou	M	M30-34	22	4:43:08	0:27:58	0:04:07	2:31:18	0:02:48	1:36:56	Uruguay	
fabf878d-4579-f011-b4cc-6045bd05fcc1	122	Joao Vitor Soares Pinto	M	M18-24	9	4:43:18	0:31:14	0:03:35	2:38:20	0:01:58	1:28:11	Brazil	
363a5eef-29e0-4786-bce9-659d9ec25706	123	Jan Gamerschlag	M	M35-39	17	4:43:28	0:32:19	0:03:46	2:31:59	0:02:42	1:32:42	Brazil	
24f9afb0-38c7-f011-bbd3-000d3a3173b5	124	Joao Vitor Erlo	M	M30-34	23	4:43:29	0:32:57	0:04:16	2:33:26	0:02:20	1:30:30	Brazil	
22dda1b5-46c7-f011-bbd3-000d3a5cf7d8	125	Mateus Da Costa Monteiro	M	M30-34	24	4:43:40	0:29:12	0:05:09	2:29:03	0:02:06	1:38:09	Brazil	
f4b1491d-41c7-f011-bbd3-000d3a35ffc1	126	Rafael Peretti Guimaraes	M	M30-34	25	4:43:41	0:34:20	0:06:22	2:23:44	0:02:56	1:36:19	Brazil	
180b799b-3842-f011-b4cb-000d3a3173b5	127	Leonardo Martins	M	M25-29	22	4:43:43	0:36:46	0:04:17	2:22:25	0:03:02	1:37:14	Brazil	
87ac1c68-e637-4e39-a448-4e0ed64d3e39	128	DIMITRIUS FABIANO MORTARELI	M	M35-39	18	4:43:55	0:34:17	0:04:39	2:29:28	0:02:09	1:33:21	Brazil	
d07db971-3e73-4884-ac8e-647c176c651f	129	Luis Henrique Consoline Junior	M	M35-39	19	4:44:02	0:36:14	0:04:10	2:27:37	0:01:49	1:34:11	Brazil	
ed6cb37e-5909-ef11-9f8a-000d3a314c24	130	Mauricio A Lima	M	M25-29	23	4:44:09	0:33:51	0:03:56	2:28:43	0:02:14	1:35:25	Brazil	
b5133c95-399a-f011-b4cc-002248098cfa	131	Vinícius Dantas	M	M18-24	10	4:44:10	0:41:38	0:03:51	2:23:22	0:03:07	1:32:13	Brazil	
9978fc20-3c29-4883-9a9a-095ebba008cc	132	Ederson claudio Andreatta	M	M50-54	3	4:44:35	0:31:08	0:05:23	2:32:39	0:02:20	1:33:05	Brazil	
9de20550-876c-4972-8905-2a4fec703a51	133	Natalia Sobral	F	F40-44	1	4:44:53	0:32:22	0:04:20	2:34:50	0:02:19	1:31:01	Brazil	
1133b319-3184-475c-bb9a-16ffacb8c34a	134	Felipe Stancati Caramuri	M	M25-29	24	4:44:53	0:30:59	0:03:50	2:37:50	0:02:21	1:29:54	Brazil	
66b132eb-d6b8-ef11-b8e9-002248049fdc	135	Samuel Carteri Fratta	M	M35-39	20	4:45:07	0:33:55	0:04:14	2:24:13	0:02:47	1:39:57	Brazil	
693c3d25-2461-4d9a-80ec-c483fa94f968	136	Ricardo Alegransi	M	M30-34	26	4:45:19	0:32:24	0:04:07	2:27:13	0:02:04	1:39:32	Brazil	
09bf97fd-43c7-f011-bbd3-000d3a3173b5	137	Helton Henrique Cancian	M	M35-39	21	4:45:20	0:34:11	0:04:24	2:33:49	0:01:25	1:31:30	Brazil	
a2deb479-e2cd-4189-86a5-a8e4b7f9c6cc	138	Mauricio Lisboa de Oliveira	M	M45-49	11	4:45:21	0:37:32	0:04:24	2:22:31	0:02:33	1:38:21	Brazil	
9cc554df-1a27-ee11-9966-000d3a314329	139	Felipe Andrade	M	M30-34	27	4:45:22	0:33:11	0:04:21	2:30:17	0:03:00	1:34:33	Brazil	
a19e462d-2e16-4780-84fd-f3de92cc9295	140	Almir Gustavo Sorbo Martins	M	M30-34	28	4:45:25	0:26:57	0:03:26	2:36:28	0:02:15	1:36:19	Brazil	
de27c4df-9d9a-407a-887f-0ab3e667cd58	141	DIOGO CARVALHO DE SOUZA E SILVA	M	M35-39	22	4:45:26	0:37:20	0:04:06	2:30:34	0:02:06	1:31:20	Brazil	
0ee65c1d-43c7-f011-bbd3-6045bd05fcc1	142	Marcos Roberto Gomes Junior	M	M25-29	25	4:45:26	0:33:45	0:04:48	2:22:28	0:01:57	1:42:29	Brazil	
b771b566-317a-4e6f-b9af-bb38eb1d4ff8	143	Altair Baptista	M	M45-49	12	4:45:34	0:35:22	0:04:38	2:24:42	0:02:41	1:38:10	Brazil	
af46429c-03e3-4258-9d7c-5e0686e52f16	144	Eduardo Queiroz Mendes	M	M35-39	23	4:45:51	0:37:39	0:04:09	2:30:12	0:02:52	1:31:00	Brazil	
2d446ba1-af7a-4b9b-bb88-e12591efca67	145	Lucas Anderson Arnosti Andrade	M	M18-24	11	4:45:56	0:28:28	0:03:55	2:32:15	0:02:23	1:38:55	Brazil	
8ed43998-a18b-4bab-9ed2-f5f4b4b3a509	146	TARCISIO TRIVINO DE OLIVEIRA	M	M50-54	4	4:45:56	0:30:52	0:06:08	2:32:28	0:02:46	1:33:43	Brazil	
7d4376d8-43c7-f011-bbd2-000d3a5b7c3b	147	Pedro Lopes Diaz	M	M40-44	15	4:46:18	0:35:16	0:04:34	2:27:46	0:02:23	1:36:19	Brazil	
558dc25b-6ee0-472b-853d-ca098b1e7a37	148	Roberto Ferreira	M	M55-59	2	4:46:41	0:31:29	0:03:55	2:22:36	0:01:35	1:47:06	Brazil	
5f9e61c2-7800-f011-bae2-000d3a5b7c3b	149	Juliana Moreira	F	F35-39	1	4:46:56	0:37:53	0:03:33	2:33:18	0:01:53	1:30:20	Brazil	
df82ed43-176f-4e41-9547-be37b1ec2c1f	150	Francesco Munhoz Cervetto	M	M25-29	26	4:47:23	0:33:08	0:05:13	2:32:37	0:02:25	1:34:01	Brazil	
1eceffdb-45c7-f011-bbd2-000d3a5b5fc7	151	Rodrigo Sabino Martins	M	M35-39	24	4:48:07	0:32:33	0:05:11	2:32:37	0:03:09	1:34:37	Brazil	
3dbfbba0-43c7-f011-bbd2-000d3a5b7c3b	152	Tiago De Lima Rodriguez	M	M30-34	29	4:48:14	0:32:45	0:04:01	2:32:10	0:02:13	1:37:05	Brazil	
93667954-2b62-453a-b94c-7cbfb4ccfa8d	153	Gabriel Teles De Oliveira Dieguez	M	M25-29	27	4:48:21	0:37:35	0:04:07	2:32:09	0:01:35	1:32:55	Brazil	
451b8692-e564-ef11-bfe3-000d3a371e3b	154	Cristiano Kanashiro	M	M45-49	13	4:48:24	0:35:03	0:03:37	2:27:51	0:02:13	1:39:40	Brazil	
a907b16b-0d7a-429a-b487-fabaaf111aac	155	Lucas Pires Silva Araujo	M	M30-34	30	4:48:26	0:33:01	0:03:14	2:37:10	0:02:02	1:32:58	Brazil	
2ec9644e-c940-4cfc-91e4-82f9c62a0174	156	Gabriel Macedo De Oliveira Mattos	M	M18-24	12	4:48:30	0:31:17	0:03:43	2:30:24	0:02:10	1:40:56	Brazil	
c0b45003-7ca1-4627-8679-75275f5e2171	157	Thiago Lima	M	M35-39	25	4:48:39	0:37:18	0:05:03	2:25:54	0:02:31	1:37:52	Brazil	
7a45c596-44c7-f011-bbd3-6045bd05f634	158	Joao Victor Fernandes Odlevati	M	M18-24	13	4:48:53	0:31:05	0:03:31	2:32:03	0:01:52	1:40:22	Brazil	
bbfcde5f-4fca-f011-bbd3-000d3a5b50ba	159	Marcelo Simon	M	M25-29	28	4:49:05	0:29:40	0:04:23	2:33:54	0:01:59	1:39:09	Brazil	
7979c283-47ea-4511-9008-ab1314901cb0	160	Alexandre Kalman	M	M45-49	14	4:49:10	0:33:47	0:04:31	2:29:17	0:02:39	1:38:56	Brazil	
b08ed421-bd8c-ef11-ac21-000d3a338a3c	161	RODRIGO RANIERI	M	M35-39	26	4:49:21	0:33:23	0:04:13	2:20:48	0:02:52	1:48:05	Brazil	
11b28897-42c7-f011-bbd3-000d3a5b50ba	162	Frederico De Souza Santos Conti	M	M30-34	31	4:49:24	0:33:34	0:05:11	2:30:10	0:02:28	1:38:01	Brazil	
97790478-0aea-4116-8727-a8d99d0f83f4	163	Douglas Guiatto	M	M35-39	27	4:49:26	0:36:15	0:04:56	2:35:08	0:03:28	1:29:39	Brazil	
d733b094-67fb-4398-96c5-61367f468171	164	Gustavo Regis Araujo Coutinho	M	M18-24	14	4:49:30	0:34:06	0:03:26	2:21:33	0:02:02	1:48:23	Brazil	
6e372b15-36a8-4361-b88d-4f7b8dda4a84	165	Fabio Carneiro	M	M45-49	15	4:49:38	0:33:01	0:04:16	2:20:35	0:03:07	1:48:40	Brazil	
0874f319-77cf-49d6-8a8c-4eb6321d54fc	166	Gustavo Peixoto	M	M25-29	29	4:49:40	0:30:49	0:04:24	2:28:21	0:02:15	1:43:50	Brazil	
0943ee2a-45c7-f011-bbd3-6045bd09951e	167	Gustavo Vasconcelos Zanin	M	M18-24	15	4:49:42	0:35:15	0:03:12	2:32:54	0:01:21	1:37:00	Brazil	
331da474-7336-4f1c-b371-12b91ed92362	168	Rafael Lima Moreira	M	M35-39	28	4:49:46	0:32:12	0:06:16	2:42:12	0:03:28	1:25:38	Brazil	
0ada031b-e62c-4f98-923d-02db1ab710f9	169	Bianca Guedes	F	F30-34	2	4:49:48	0:31:16	0:03:58	2:28:06	0:01:36	1:44:53	Brazil	
76c601e7-ae7c-4d96-91a2-b336b6031c40	170	MARCO AURELIO DE HOLLANDA	M	M50-54	5	4:50:00	0:36:34	0:05:04	2:28:10	0:02:55	1:37:17	Brazil	
67c4274c-5ea4-4c45-b635-d587a3909358	171	Tarik Capisani Buchabqui	M	M30-34	32	4:50:05	0:34:49	0:06:11	2:35:20	0:01:56	1:31:49	Brazil	
d7d9be40-45c7-f011-bbd3-000d3a5cf7d8	172	Felipe Dos Santos Monteiro	M	M25-29	30	4:50:26	0:38:20	0:04:31	2:36:29	0:02:17	1:28:48	Brazil	
2933ebe1-77b0-4495-8d13-c295f4c043d6	173	Joao Werner	M	M35-39	29	4:50:36	0:40:20	0:04:59	2:31:23	0:02:21	1:31:33	Brazil	
545abeb4-6aab-ef11-b8e8-6045bd018d16	174	Pedro De Godoy Mancini	M	M25-29	31	4:50:58	0:39:43	0:04:02	2:31:50	0:02:04	1:33:19	Brazil	
4a3f0f7f-8426-44dc-9a67-9c36c000637d	175	Matheus Zuza Russo	M	M25-29	32	4:50:59	0:32:27	0:05:42	2:32:00	0:03:18	1:37:31	Brazil	
436c1ee7-ea6f-435d-9156-0944bf988ca6	176	Andre De Souza Gusmao	M	M25-29	33	4:51:02	0:36:57	0:04:05	2:37:35	0:01:55	1:30:31	Brazil	
17f84736-44c7-f011-bbd3-6045bd05fcc1	177	Rodrigo Jorge Celeguim	M	M35-39	30	4:51:05	0:34:27	0:05:58	2:29:36	0:02:50	1:38:15	Brazil	
4ef75bc5-e1ac-41d0-bc4a-5d604959230f	178	Gustavo Lot soares	M	M35-39	31	4:51:10	0:33:34	0:05:06	2:31:01	0:02:00	1:39:30	Brazil	
71fa8077-327f-48c6-a48b-78a538ac3be6	179	Thiago Isbelo Fagundes	M	M30-34	33	4:51:16	0:30:55	0:04:30	2:36:14	0:02:07	1:37:31	Brazil	
ba90332b-43c7-f011-bbd2-000d3a5b5fc7	180	Leodete Neto	M	M25-29	34	4:51:18	0:36:28	0:06:31	2:32:09	0:04:02	1:32:08	Brazil	
e3e3ad83-b189-49fc-9b50-401ec68948b3	181	Pedro Souza Oliveira Dias Costa	M	M18-24	16	4:51:26	0:30:19	0:04:23	2:31:26	0:01:54	1:43:25	Brazil	
841f8192-46c7-f011-bbd3-000d3a35ffc1	182	Frederico Andrucioli Pericini	M	M40-44	16	4:51:33	0:32:30	0:04:55	2:29:53	0:02:00	1:42:14	Brazil	
e4a10f9f-45c7-f011-bbd3-000d3a35ffc1	183	Matheus Soares Martins	M	M25-29	35	4:51:44	0:32:34	0:03:38	2:40:19	0:02:11	1:33:02	Brazil	
8a4376d8-43c7-f011-bbd2-000d3a5b7c3b	184	Mariana Zylbersztajn	F	F30-34	3	4:51:51	0:25:41	0:03:32	2:34:54	0:02:04	1:45:40	Brazil	
82cf738a-939b-401a-bf98-a96f66e6cb7c	185	Bruno Alves silva	M	M40-44	17	4:52:04	0:25:38	0:03:11	2:21:51	0:02:46	1:58:38	Brazil	
d12a3742-31c7-f011-bbd3-000d3a5cf7d8	186	ROBERTO PAPA NITRINI	M	M50-54	6	4:52:05	0:30:31	0:04:44	2:29:52	0:02:54	1:44:04	Brazil	
a10a5156-0f2c-ef11-840a-000d3a367177	187	Gildasio Neto	M	M30-34	34	4:52:07	0:33:55	0:04:55	2:33:51	0:02:37	1:36:49	Brazil	
ab3ae726-dcb2-4489-b914-3bc6bad86725	188	Daniel Rodrigues	M	M45-49	16	4:52:12	0:34:50	0:05:26	2:27:19	0:04:32	1:40:04	Brazil	
2afab5d2-4231-465d-948d-bef5f680e03f	189	DANIEL LEVY	M	M45-49	17	4:52:25	0:34:10	0:04:53	2:26:16	0:02:15	1:44:51	Brazil	
e4a853fc-b698-f011-b4cc-6045bd09951e	190	Leonardo Fernandes Cantalino	M	M30-34	35	4:52:41	0:36:50	0:03:37	2:25:16	0:02:17	1:44:41	Brazil	
9ba62dad-fbb6-41f1-ba3e-07973321472e	191	Andre Breseghelo Caliman	M	M40-44	18	4:52:44	0:34:15	0:04:41	2:31:55	0:02:29	1:39:23	Brazil	
b27f9c06-6826-41f7-86b0-a3a7e0b4fe4a	192	Felipe Almeida	M	M40-44	19	4:52:51	0:35:02	0:04:30	2:36:31	0:02:43	1:34:04	Brazil	
b48e9f35-44c7-f011-bbd3-6045bd09951e	193	Lucas Cesconetto Barcelos	M	M30-34	36	4:52:53	0:36:27	0:05:16	2:30:14	0:02:00	1:38:57	Brazil	
742342f7-b818-f011-998a-000d3a3173b5	194	carolina furriela graça	F	F35-39	2	4:52:55	0:32:12	0:03:30	2:41:50	0:01:51	1:33:32	Brazil	
93ba477e-461a-484d-9fd8-c1c917c08ede	195	Eduardo Martin	M	M30-34	37	4:53:06	0:34:47	0:04:04	2:35:28	0:02:59	1:35:48	Brazil	
581bf4f8-4995-447e-83aa-978acf8f86ff	196	Bruno Tebet Ballarin	M	M25-29	36	4:53:15	0:31:06	0:04:44	2:29:31	0:02:36	1:45:17	Brazil	
6012a32b-77af-ef11-b8e9-002248049fdc	197	Johny River	M	M30-34	38	4:53:23	0:40:32	0:05:03	2:34:20	0:02:49	1:30:39	Brazil	
08d2e97a-5abf-4505-8a42-8cc7d7c95d1b	198	Valdomiro Ferreira Neto	M	M40-44	20	4:53:33	0:32:45	0:04:27	2:34:08	0:01:57	1:40:16	Brazil	
e58601e4-d0b0-ef11-b8e9-002248049fdc	199	Pedro Baeta	M	M18-24	17	4:53:51	0:34:05	0:04:17	2:34:48	0:02:19	1:38:21	Brazil	
707fd58f-6dc9-4342-ad34-4aeefa932dba	200	Juliano Felix	M	M40-44	21	4:54:00	0:31:47	0:05:06	2:37:32	0:03:57	1:35:38	Brazil	
78540ec4-c92e-4d50-a9fa-3ae4bcc3712f	201	ANTONIO ZANGRANDI	M	M45-49	18	4:54:02	0:34:47	0:04:20	2:38:25	0:02:37	1:33:52	Brazil	
be31fde0-43c7-f011-bbd3-6045bd05fcc1	202	Paulo Pereira Lins	M	M40-44	22	4:54:27	0:36:04	0:04:40	2:38:58	0:02:45	1:32:01	Brazil	
f00acc75-59ee-4ae0-83d1-4b19428df1a4	203	Paulo Rogerio Vizaco	M	M50-54	7	4:54:30	0:39:00	0:06:04	2:27:22	0:03:06	1:38:57	Brazil	
31b5c369-46c7-f011-bbd3-0022480c097c	204	Henrique Cancian Honorato	M	M30-34	39	4:54:32	0:34:22	0:05:33	2:37:03	0:02:49	1:34:45	Brazil	
b1b3e4a3-87f7-4923-8363-7b234fffd7a0	205	Vinicius Cubinato	M	M35-39	32	4:54:32	0:34:54	0:04:04	2:31:48	0:02:13	1:41:33	Brazil	
0d1a706e-789f-42d0-a637-97e0a2dfebcb	206	Alexis Medeiros Rassy	M	M35-39	33	4:54:39	0:34:27	0:04:31	2:33:26	0:01:46	1:40:29	Brazil	
636d62bf-b5cd-ea11-a812-000d3a5a1cf8	207	Marcelo Gusmão	M	M45-49	19	4:54:44	0:38:29	0:04:00	2:32:24	0:02:04	1:37:46	Brazil	
fc3c4382-f881-424e-af7e-d8cefec0ab9e	208	Marcus Sanabria	M	M40-44	23	4:54:45	0:31:01	0:04:08	2:32:36	0:02:18	1:44:43	Brazil	
24f3a6ed-45c7-f011-bbd3-000d3a35ffc1	209	Gabriel Antonio De Sousa	M	M35-39	34	4:54:47	0:35:38	0:04:36	2:35:44	0:02:31	1:36:20	Brazil	
2d8039e6-dd2b-47fb-a826-0ea2f3d78ca3	210	Alexandre Yatsuda	M	M25-29	37	4:55:04	0:29:02	0:03:37	2:39:42	0:02:14	1:40:28	Brazil	
93d95d23-13c9-47c4-8d4a-4763f271e3df	211	Aurelio Porto Lima	M	M30-34	40	4:55:10	0:36:24	0:04:06	2:36:37	0:02:14	1:35:49	Brazil	
1463256a-ef90-ef11-ac21-000d3a5a1803	212	Pedro Braga	M	M30-34	41	4:55:11	0:37:12	0:05:16	2:29:53	0:03:05	1:39:45	Brazil	
0b98cee5-1ebe-ed11-83ff-000d3a31406e	213	Rafael Silva Lima	M	M40-44	24	4:55:16	0:33:43	0:05:56	2:37:39	0:03:24	1:34:34	Brazil	
fddda222-8093-469b-b631-18c836642b12	214	Jose Ignacio Acuña Gutierrez	M	M40-44	25	4:55:22	0:36:40	0:05:01	2:33:35	0:03:25	1:36:41	Chile	
f6e38e02-44c7-f011-bbd3-6045bd09951e	215	Diego Fontes Murta	M	M18-24	18	4:55:31	0:35:46	0:05:24	2:33:46	0:02:52	1:37:43	Brazil	
7f36d1a0-cb47-461e-91b2-d65f3d9b9fdf	216	Bruno Sech Silva	M	M40-44	26	4:55:39	0:40:28	0:05:15	2:42:24	0:01:28	1:26:04	Brazil	
cac08722-45c7-f011-bbd2-000d3a5b7c3b	217	Guilherme Santos Souza	M	M25-29	38	4:55:45	0:39:09	0:04:30	2:35:25	0:03:48	1:32:53	Brazil	
542a3386-40c7-f011-bbd2-000d3a5b7c3b	218	Gustavo Maroca Luz Bovaretto	M	M25-29	39	4:55:48	0:37:49	0:05:10	2:26:52	0:02:47	1:43:11	Brazil	
9eea1a59-44c7-f011-bbd3-000d3a5cf7d8	219	Joao Vitor S B Batista	M	M25-29	40	4:55:49	0:36:34	0:03:46	2:35:52	0:01:52	1:37:44	Brazil	
f1883cb6-cc27-418b-9bd2-88522e410648	220	Fernando Cassuli Carrasco Cueva	M	M40-44	27	4:56:04	0:29:49	0:04:53	2:44:05	0:02:03	1:35:15	Brazil	
9c54f08a-a902-45de-9046-631386770f94	221	Alexandre Garcia Padilha	M	M40-44	28	4:56:25	0:30:10	0:04:34	2:41:15	0:02:42	1:37:44	Brazil	
a23b1280-e992-406f-ab5d-fbaae057340f	222	Octavio Ferro	M	M25-29	41	4:56:45	0:35:26	0:05:16	2:37:28	0:02:35	1:36:00	Brazil	
777bedfe-846f-4522-abc0-690499b1312c	223	Thiago Dalge	M	M40-44	29	4:56:45	0:32:04	0:04:24	2:40:06	0:02:02	1:38:09	Brazil	
b81ec95c-655f-4893-900c-0375f7280efa	224	MARCELO ABREU VIANA	M	M40-44	30	4:57:01	0:38:32	0:04:54	2:35:18	0:02:55	1:35:21	Brazil	
a30f20ab-4820-418a-8265-3724b599303f	225	Cemir Silva	M	M40-44	31	4:57:09	0:34:10	0:05:04	2:30:08	0:02:32	1:45:16	Brazil	
7e50e5ea-90e2-4d4f-8087-29717858a0da	226	Marcelo Barros	M	M45-49	20	4:57:15	0:36:45	0:05:13	2:31:19	0:02:25	1:41:33	Brazil	
9e3a842e-45c7-f011-bbd2-000d3a5b7c3b	227	Joao Cardoso	M	M25-29	42	4:57:25	0:34:40	0:04:08	2:27:36	0:01:53	1:49:07	Brazil	
82dfe0ec-42c7-f011-bbd3-000d3a3173b5	228	Pedro Henrique Dos Santos Bernardelli Batista	M	M25-29	43	4:57:49	0:35:09	0:03:57	2:36:58	0:02:09	1:39:36	Brazil	
fc923c11-46c7-f011-bbd3-0022480c097c	229	Lucas Barizza	M	M18-24	19	4:57:50	0:36:24	0:04:22	2:30:25	0:02:12	1:44:28	Brazil	
f2691f81-3255-4117-a1ff-ce303da6aa12	230	Keller Reis De Paiva	M	M45-49	21	4:57:58	0:31:45	0:06:11	2:34:53	0:03:48	1:41:21	Brazil	
443b5b80-758b-413c-bbc8-62988243d6de	231	Andrey Dea	M	M45-49	22	4:58:03	0:33:08	0:04:23	2:35:17	0:02:11	1:43:03	Brazil	
eb4402f4-d623-4d7f-931f-fecc0ce52f39	232	Matheus Augusto Silva Gonzaga	M	M35-39	35	4:58:09	0:31:54	0:05:04	2:28:28	0:02:15	1:50:27	Brazil	
b21070f8-45c7-f011-bbd3-6045bd05fcc1	233	William Sales Nogueira	M	M18-24	20	4:58:12	0:41:50	0:05:27	2:38:44	0:02:51	1:29:19	Brazil	
cbafba9a-7f87-4b9f-9ab8-97c3c378eafd	234	Luiz Felipe Moreira	M	M35-39	36	4:58:14	0:35:28	0:06:07	2:35:41	0:02:46	1:38:12	Brazil	
cb6170e5-d0c6-47c7-a1f6-b3aa46c34880	235	Isabella Nakano Fabris	F	F30-34	4	4:58:17	0:33:26	0:04:34	2:35:20	0:02:03	1:42:54	Brazil	
cabfd5e2-4c76-45f3-b121-8f67a2144628	236	Rafael Frison	M	M35-39	37	4:58:27	0:32:05	0:07:18	2:27:00	0:02:15	1:49:49	Brazil	
f193dbfc-44c7-f011-bbd2-000d3a5b7c3b	237	Anderson Alves De Oliveira	M	M50-54	8	4:58:31	0:33:24	0:04:19	2:37:27	0:01:52	1:41:30	Brazil	
ee0cca8a-afe1-48eb-9377-3165fff654c2	238	Marcus Sena	M	M35-39	38	4:58:32	0:33:58	0:05:18	2:48:11	0:03:03	1:28:02	Brazil	
20fdf8e0-da23-4fba-8118-b419b5f6a2ef	239	Bruno Paes Guimaraes	M	M40-44	32	4:58:37	0:36:40	0:05:10	2:37:54	0:01:49	1:37:04	Brazil	
2a4940b9-fa02-43b0-8df7-7a9190d2f725	240	Rodrigo Aleluia	M	M40-44	33	4:58:39	0:37:42	0:04:17	2:35:20	0:02:09	1:39:11	Brazil	
a2ce2d24-9a6d-4676-942b-89e0c5d19345	241	Daniel Rezende	M	M30-34	42	4:58:55	0:35:06	0:03:55	2:37:09	0:02:03	1:40:42	Brazil	
79b06401-768f-f011-b4cc-000d3a3173b5	242	Giovani Zavan	M	M18-24	21	4:59:15	0:30:55	0:05:04	2:42:44	0:01:49	1:38:44	Brazil	
4732de17-2cc7-f011-bbd3-000d3a3173b5	243	Felipe Albuquerque Brasil	M	M35-39	39	4:59:16	0:38:16	0:04:07	2:28:17	0:02:46	1:45:51	Brazil	
aba776ea-0e1d-4039-a4e7-77785ad76f41	244	Fernando Ciosak Saqueto	M	M35-39	40	4:59:20	0:31:56	0:04:37	2:42:20	0:02:21	1:38:06	Brazil	
40b2b3df-42c7-f011-bbd3-000d3a35ffc1	245	Marcelo Machado Ferreira	M	M45-49	23	4:59:23	0:35:15	0:05:20	2:33:18	0:02:02	1:43:28	Brazil	
8a3f44b8-d994-f011-b4cc-000d3a5b50ba	246	Gabriel Frias	M	M25-29	44	4:59:39	0:31:21	0:05:24	2:36:28	0:03:27	1:42:59	Brazil	
471b6652-5863-45d0-b2ae-d9c2584b538f	247	Mark Hoffman	M	M40-44	34	4:59:44	0:34:44	0:07:23	2:37:01	0:03:36	1:36:59	United States	
2a85f02d-45c7-f011-bbd3-000d3a5cf7d8	248	Danilo Nini Silva	M	M25-29	45	4:59:52	0:34:44	0:05:32	2:33:39	0:01:55	1:44:02	Brazil	
142ccf27-fc9b-4395-a636-4387e0b1f336	249	Vinicius Bello	M	M25-29	46	4:59:53	0:23:56	0:03:49	3:14:05	0:04:04	1:13:59	Brazil	
7956268d-0f7a-4976-9590-f324f5a7064a	250	FELIPE PINTO IRENO	M	M40-44	35	5:00:00	0:37:32	0:05:46	2:39:02	0:03:07	1:34:33	Brazil	
7295da92-044b-f011-877a-000d3a5cf7d8	251	DANILO NUNES	M	M35-39	41	5:00:03	0:36:58	0:03:43	2:30:29	0:02:02	1:46:52	Brazil	
cb0ffe80-46c7-f011-bbd2-000d3a5b7c3b	252	Paulo Henrique Dos Santos Silva	M	M30-34	43	5:00:05	0:40:21	0:05:45	2:39:08	0:02:06	1:32:45	Brazil	
b4b821ee-2199-4e8a-b6b6-0e72a599724f	253	Nailson Morais	M	M40-44	36	5:00:10	0:38:33	0:06:33	2:31:25	0:02:04	1:41:36	Brazil	
29794256-b7e2-4b0b-83c5-6017d4126509	254	Tatiana Gouw	F	F35-39	3	5:00:13	0:35:50	0:04:33	2:35:53	0:01:52	1:42:05	Brazil	
c8f35aea-ef54-4ff4-ab8a-8db8dcb5b6b4	255	FABIO OLIVEIRA ALVES	M	M50-54	9	5:00:13	0:40:43	0:04:59	2:28:43	0:02:19	1:43:30	Brazil	
3a92a1b5-38cd-45f1-9b1f-1eec6a5cf09d	256	Nicolas Souza Vecchio Dos Santos	M	M35-39	42	5:00:20	0:37:47	0:03:59	2:33:54	0:02:12	1:42:29	Brazil	
522b766f-d36e-ef11-a671-00224809fd7c	257	Vinicius Muniz	M	M35-39	43	5:00:21	0:34:39	0:05:00	2:44:22	0:03:14	1:33:06	Brazil	
299ce4e3-be26-408f-b52e-89b44211122c	258	Arthur Brasil De Siqueira	M	M45-49	24	5:00:23	0:33:45	0:05:06	2:37:50	0:03:06	1:40:36	Brazil	
d7e84545-075a-4ca2-a162-0a2575f515a5	259	Guto Malzone	M	M40-44	37	5:00:28	0:29:48	0:05:04	2:36:51	0:04:19	1:44:26	Brazil	
1f458a4b-32b1-472b-85d8-61102be0bac8	260	Arthur Miceli	F	M30-34	44	5:00:34	0:33:46	0:04:06	2:41:19	0:02:11	1:39:13	Brazil	
0b4d08e8-4ea0-44e6-af7c-f9217a872853	261	Alex De Oliveira	M	M35-39	44	5:00:36	0:38:25	0:05:57	2:29:49	0:02:47	1:43:38	Brazil	
320436f0-feb3-ef11-b8e8-6045bd088264	262	ADRIANO MONTEIRO	M	M50-54	10	5:00:50	0:37:36	0:07:28	2:36:49	0:03:21	1:35:36	Brazil	
10a9eb9b-46c7-f011-bbd3-000d3a5cf7d8	263	Felipe Pessoa Hildebrand	M	M40-44	38	5:00:51	0:38:00	0:05:36	2:33:31	0:02:54	1:40:50	Brazil	
1d61cc7a-b598-4f67-be0c-36f89d6c9c68	264	Ciro Donadio Albino	M	M50-54	11	5:00:58	0:34:19	0:05:56	2:32:37	0:03:33	1:44:32	Brazil	
3eb64ed9-bf7c-4127-b296-c6d4f6f1bb73	265	Leonardo Cordiviola Navarro	M	M35-39	45	5:01:03	0:33:55	0:04:40	2:42:38	0:02:03	1:37:48	Brazil	
a932091a-b502-47dc-a712-473997e757f1	266	DANIEL CORREA	M	M45-49	25	5:01:07	0:32:26	0:07:01	2:40:09	0:02:30	1:39:01	Brazil	
1cab7ed3-b377-f011-b4cb-6045bd04ab46	267	Bruno Camarini Salerno	M	M30-34	45	5:01:10	0:30:46	0:04:16	2:33:47	0:03:37	1:48:44	Brazil	
25690060-17b3-45b9-ab0c-5e3f859afb51	268	Antonio Alberto Pereira Junior	M	M30-34	46	5:01:11	0:44:29	0:03:43	2:36:50	0:01:55	1:34:15	Brazil	
9cb9418b-d12e-4994-9e3e-b21a6f8e425c	269	Paloma Pirani	F	F40-44	2	5:01:14	0:34:51	0:04:53	2:36:48	0:02:21	1:42:20	Brazil	
4bb556ae-362f-4a18-9ebb-a87cb5796146	270	Denis Carlos Do Nascimento	M	M40-44	39	5:01:17	0:33:24	0:06:11	2:32:39	0:03:01	1:46:02	Brazil	
25ced12d-5f68-ef11-bfe3-00224808301f	271	Manoel Neto	M	M25-29	47	5:01:18	0:38:01	0:05:18	2:43:01	0:02:57	1:32:02	Brazil	
051510ec-45c7-f011-bbd3-0022480c097c	272	Joao Vitor Stremel	M	M25-29	48	5:01:24	0:32:31	0:04:36	2:43:04	0:01:43	1:39:30	Brazil	
7e75a8ad-f259-4a25-9028-f3b5771b00ac	273	Bruno Correia Noronha	M	M45-49	26	5:01:25	0:32:34	0:05:14	2:38:00	0:02:03	1:43:34	Brazil	
2f1596cc-cdd5-4d9f-acd6-a69cde4830e1	274	Thiago Suedt Dos Santos	M	M30-34	47	5:01:44	0:35:10	0:05:16	2:35:14	0:02:56	1:43:07	Brazil	
0ae44b29-bc8f-4eec-b1fa-537bf3713400	275	André Figueiredo Sampaio	M	M25-29	49	5:01:48	0:29:22	0:04:01	2:42:05	0:02:15	1:44:05	Brazil	
3c44e73c-43c7-f011-bbd3-6045bd05f634	276	Ricardo Fogarin Leonardo	M	M18-24	22	5:01:51	0:31:38	0:05:28	2:44:55	0:02:04	1:37:45	Brazil	
f5bf28c8-fd94-4f27-9f08-c835807bbf76	277	Daniel Mendes	M	M40-44	40	5:01:54	0:36:21	0:04:32	2:44:16	0:02:36	1:34:09	Brazil	
d3d3133d-7b76-ef11-a670-00224809e5d5	278	Fabio Junji Kaihami	M	M40-44	41	5:01:56	0:35:14	0:05:15	2:33:51	0:02:58	1:44:39	Brazil	
630c604f-939f-495a-b184-64534f178d65	279	Thiago Amaral	M	M35-39	46	5:01:57	0:36:51	0:05:18	2:37:38	0:02:45	1:39:25	Brazil	
410b3cc1-cc75-4a9f-97b9-cb1e37e68240	280	TALES SUYAMA DA SILVA	M	M35-39	47	5:01:59	0:38:35	0:04:11	2:36:29	0:03:24	1:39:21	Brazil	
ba964a0d-3a5c-47e0-b02e-026dde875c55	281	Thiago Siqueira De Carvalho Santos	M	M18-24	23	5:02:07	0:37:38	0:04:56	2:33:05	0:01:51	1:44:37	Brazil	
0d1cd12f-a9e2-44d0-af16-f1ce86f4e132	282	Claudio Augusto Fevereiro	M	M30-34	48	5:02:32	0:36:11	0:05:21	2:43:34	0:02:54	1:34:32	Brazil	
d3e274e4-e66a-ef11-bfe3-000d3a371e3b	283	Daniel Lima	M	M35-39	48	5:02:34	0:36:07	0:04:13	2:38:54	0:02:07	1:41:12	Brazil	
d5bfe082-3c2c-4c3a-a098-ba6c8f827803	284	JOSE PEDRO BARBOSA DE BARROS	M	M30-34	49	5:02:41	0:35:54	0:04:27	2:40:45	0:01:40	1:39:54	Brazil	
5c9e3fa4-3d66-4ec7-8eea-d1fc008edbbf	285	Gabriel Cardanha	M	M25-29	50	5:02:43	0:37:08	0:04:00	2:41:37	0:02:35	1:37:23	Brazil	
018a40c8-e09e-4aae-ba2a-1a86b037cd03	286	Jorge Benigno Neto	M	M35-39	49	5:02:55	0:32:24	0:04:09	2:44:58	0:01:46	1:39:38	Brazil	
835fb518-48a2-f011-bbd3-000d3a35ffc1	287	Yuri Castropil	M	M30-34	50	5:02:58	0:35:45	0:04:57	2:40:11	0:03:48	1:38:18	Brazil	
d1503e85-399a-f011-b4cc-6045bd05fcc1	288	Rodrigo Esteves	M	M35-39	50	5:03:02	0:34:22	0:04:08	2:46:25	0:02:47	1:35:20	Brazil	
8154a367-60b1-ea11-a812-000d3a5a1bfb	289	Francisco Carvalho Junior	M	M60-64	1	5:03:13	0:35:15	0:05:19	2:35:24	0:02:33	1:44:42	Brazil	
ce4fddd4-46c7-f011-bbd3-000d3a5cf7d8	290	Vitor Bittencourt Machado De Oliveira	M	M30-34	51	5:03:13	0:31:48	0:05:20	2:42:50	0:03:14	1:40:01	Brazil	
cc42b340-35c7-f011-bbd3-000d3a5b50ba	291	Andre Massioreto Duarte	M	M30-34	52	5:03:14	0:44:20	0:05:36	2:33:30	0:02:16	1:37:33	Brazil	
1e7e772b-0cbd-4179-b919-440abf5d0293	292	Bruno Puerto Carlin	M	M45-49	27	5:03:19	0:34:07	0:06:47	2:40:54	0:02:44	1:38:48	Brazil	
6e8dd6ad-b95e-439d-93e4-e0037b025038	293	Thiago Baldin	M	M45-49	28	5:03:27	0:39:52	0:05:55	2:32:04	0:03:27	1:42:09	Brazil	
181510ec-45c7-f011-bbd3-0022480c097c	294	Felipe Oliveira Mendes	M	M25-29	51	5:03:37	0:38:09	0:06:06	2:44:00	0:04:01	1:31:21	Brazil	
b3a193e2-cd81-f011-b4cc-6045bd05fcc1	295	Thales Ferrari	M	M30-34	53	5:03:40	0:30:54	0:04:34	2:47:14	0:02:12	1:38:46	Brazil	
709908d7-8c8d-4b20-af3a-ac7806e53045	296	ISRAEL TANNUS	M	M40-44	42	5:04:12	0:38:43	0:06:12	2:33:45	0:02:55	1:42:37	Brazil	
4ef13019-3f36-f011-8c4e-6045bd05fcc1	297	Leonardo Oliveira	M	M30-34	54	5:04:21	0:31:53	0:04:21	2:40:47	0:02:42	1:44:38	Brazil	
47c12cdc-6c88-4ad8-ba64-fcaa14b8244d	298	Daniel Do Nascimento Govea	M	M25-29	52	5:04:42	0:33:11	0:04:39	2:35:49	0:02:28	1:48:34	Brazil	
6bd92d87-e326-4168-ba65-3c886400d5be	299	ELCIO LUIS NASUNO	M	M45-49	29	5:04:45	0:37:18	0:03:54	2:38:03	0:02:20	1:43:10	Brazil	
f5d4d6ee-4246-46ce-91dd-cd26f380ff33	300	Diego Fernando Marin Ardila	M	M40-44	43	5:04:56	0:34:09	0:05:35	2:40:04	0:03:50	1:41:18	Colombia	
19ab3686-43c7-f011-bbd3-6045bd05f634	301	Abner Matheus Joao	M	M25-29	53	5:05:00	0:48:30	0:05:52	2:39:24	0:03:26	1:27:49	Brazil	
27636571-87e2-45ec-8666-b120ba26d874	302	Jose Victor Valentini Francisco	M	M35-39	51	5:05:07	0:31:41	0:06:23	2:39:30	0:02:06	1:45:26	Brazil	
b385fbd5-b192-406e-83cd-97ddde4fc958	303	Felipe Feliciano	M	M40-44	44	5:05:11	0:36:31	0:03:54	2:32:12	0:03:50	1:48:44	Brazil	
bf65a166-b438-41e7-aa5a-9ca2ccb89ce8	304	Guilherme De Alencar	M	M40-44	45	5:05:15	0:36:14	0:05:58	2:37:44	0:04:24	1:40:55	Brazil	
89789b8e-20d5-4dd8-8cbf-439e93b42e55	305	Eduardo Luiz Mendes Basso	M	M35-39	52	5:05:22	0:37:08	0:03:57	2:33:58	0:03:08	1:47:11	Brazil	
816a523d-0e4b-4602-97bc-2a1b21950ec1	306	Rodrigo Ribeiro Caetano	M	M40-44	46	5:05:27	0:39:39	0:04:40	2:36:43	0:01:57	1:42:27	Brazil	
7a45837c-46c7-f011-bbd2-000d3a5b5fc7	307	Gabriel Honorio Guedes Pinheiro	M	M18-24	24	5:05:36	0:36:14	0:05:29	2:37:53	0:02:24	1:43:36	Brazil	
ae280e9b-7274-ea11-a811-000d3a5a1cf8	308	Tales Werneck	M	M30-34	55	5:05:45	0:40:03	0:03:28	2:34:30	0:02:00	1:45:45	Brazil	
e72f604a-791a-43b3-a250-381fd39cbe9c	309	Eduardo Marques Renaud	M	M45-49	30	5:05:50	0:36:01	0:05:52	2:39:27	0:04:02	1:40:28	Brazil	
cc57bc46-45c7-f011-bbd3-000d3a5cf7d8	310	Vinicius Padua Beato	M	M18-24	25	5:05:50	0:36:55	0:06:47	2:41:23	0:04:10	1:36:34	Brazil	
1bcf7c83-2ac7-f011-bbd2-000d3a5b7c3b	311	Arthur Moreira De Paula	M	M35-39	53	5:05:54	0:37:54	0:04:36	2:35:42	0:02:23	1:45:19	Brazil	
2826259c-97a7-ef11-8a6a-6045bd048089	312	Rodrigo Russo	M	M35-39	54	5:05:56	0:37:47	0:05:16	2:29:27	0:03:25	1:50:01	Brazil	
b605f195-45c7-f011-bbd3-6045bd05fcc1	313	Lucas Amorim De Souza	M	M30-34	56	5:06:16	0:43:47	0:05:39	2:41:35	0:02:07	1:33:07	Brazil	
65c775dd-f0e4-4d97-9c77-d36c9cb33063	314	RAFAELA LOPES DE OLIVEIRA	F	F40-44	3	5:06:27	0:35:49	0:04:29	2:41:21	0:02:10	1:42:38	Brazil	
c8d3b154-2ed7-ee11-9079-000d3a31406e	315	João Paulo Moura	M	M45-49	31	5:06:34	0:39:46	0:06:19	2:37:00	0:02:28	1:41:00	Brazil	
5d14ffdd-1a8b-4df5-bffe-8bca93eb8c4a	316	Joao Francisco Uras	M	M55-59	3	5:06:37	0:34:27	0:04:37	2:36:33	0:02:34	1:48:27	Brazil	
0ec1556f-6841-f011-b4cb-000d3a3173b5	317	CAIO MANTOVANI	M	M35-39	55	5:06:38	0:38:58	0:05:27	2:35:20	0:03:42	1:43:11	Brazil	
96ee3ead-e8c7-4160-8bf4-c5bcb6ea0d32	318	Rubem Minatogawa	M	M45-49	32	5:06:58	0:35:52	0:05:37	2:33:09	0:02:35	1:49:45	Brazil	
8895f277-27b4-f011-bbd2-000d3a59410f	319	Gustavo Stegani	M	M25-29	54	5:06:59	0:42:00	0:04:17	2:36:30	0:02:37	1:41:36	Brazil	
bbe4635b-46c7-f011-bbd3-000d3a3173b5	320	Bruno Almeida Ferreira	M	M30-34	57	5:07:00	0:33:59	0:05:02	2:40:22	0:02:46	1:44:51	Brazil	
1b9a1d1f-b1eb-4351-b4b4-9e7d27f435c5	321	Hilbert Mondragon	M	M45-49	33	5:07:00	0:34:49	0:05:52	2:39:30	0:03:11	1:43:37	Brazil	
1af9c3e5-41bf-4c6c-baec-e28e96e2fe3d	322	Dario Muniz Leme	M	M35-39	56	5:07:03	0:41:55	0:04:02	2:35:44	0:01:50	1:43:31	Brazil	
d5586891-be0d-ed11-82e5-0022480c5fc9	323	Saulo Carvalho	M	M50-54	12	5:07:14	0:34:52	0:05:09	2:34:43	0:04:05	1:48:25	Brazil	
f52674d4-a2ba-47e2-8cfb-3ea9d3e00f10	324	Bruno Guimaraes Chagas	M	M35-39	57	5:07:29	0:32:17	0:03:44	2:54:21	0:04:56	1:32:12	Brazil	
88dab951-0cac-ef11-b8e8-000d3a5a403c	325	Gustavo Sousa	M	M35-39	58	5:07:38	0:43:45	0:05:58	2:39:58	0:02:15	1:35:42	Brazil	
d0529728-a602-439c-91bc-a4be54e72298	326	Henrique Nastromagario	M	M25-29	55	5:07:40	0:31:57	0:04:43	2:50:06	0:03:05	1:37:48	Brazil	
bc838fe6-45a8-4c72-b902-67041fb52a59	327	Thiago Rodrigues Vieiro	M	M35-39	59	5:07:40	0:39:28	0:04:05	2:38:41	0:02:19	1:43:08	Brazil	
feb97485-de86-41fa-8f82-f585eb897dfb	328	Claudio Kano	M	M50-54	13	5:07:45	0:36:16	0:05:01	2:37:52	0:02:55	1:45:41	Brazil	
a01abf5b-0d25-f011-8c4d-000d3a5cf7d8	329	Luiz Fernando Porto Silva	M	M45-49	34	5:07:48	0:40:58	0:05:20	2:30:09	0:03:17	1:48:05	Brazil	
557fe844-a16b-ef11-bfe3-000d3a37be46	330	ANTONIO AGRELLI NETO	M	M35-39	60	5:07:50	0:34:04	0:04:59	2:48:32	0:02:32	1:37:43	Brazil	
54981e3c-b632-4015-b01f-2bd1cc5fd1fd	331	Edmilson Antonio Lubraico	M	M55-59	4	5:07:50	0:39:20	0:05:14	2:33:17	0:03:54	1:46:05	Brazil	
313294d3-f119-46a9-a74c-c8f4d8d4224f	332	Bruno Dionisio Da Silva	M	M40-44	47	5:07:58	0:34:42	0:06:03	2:47:33	0:01:48	1:37:52	Brazil	
54caf156-9fb9-4e7d-bb9e-48a6900cdcc3	333	Joao Antonio Hayar Fuscella	M	M30-34	58	5:07:59	0:37:56	0:04:21	2:45:36	0:01:32	1:38:35	Brazil	
e8976e98-7b9d-4b35-a433-ba1812f9caaa	334	Érico Rodrigo Freitas Pinheiro	M	M40-44	48	5:08:19	0:32:22	0:05:18	2:40:43	0:02:12	1:47:43	Brazil	
1f1d904f-941e-42fb-8387-c7cc034ff598	335	Cesar Moro	M	M30-34	59	5:08:19	0:36:27	0:05:51	2:38:17	0:03:18	1:44:27	Brazil	
cf5652be-c2c2-4b3a-8684-eb580f08f686	336	Yuri Gomes Hermes	M	M30-34	60	5:08:30	0:40:23	0:06:04	2:46:04	0:03:58	1:32:01	Brazil	
36d52173-46c7-f011-bbd3-000d3a5cf7d8	337	Eduardo Renani Ribeiro	M	M25-29	56	5:08:33	0:34:32	0:04:16	2:33:23	0:01:41	1:54:41	Brazil	
786ee793-0eb1-ef11-b8e8-000d3a5a403c	338	Rodrigo Ribas	M	M45-49	35	5:08:37	0:35:32	0:06:51	2:43:59	0:03:47	1:38:27	Brazil	
8e253734-8732-46dd-a91f-9645486d8345	339	Vinicius Rodrigues Florenco	M	M30-34	61	5:08:38	0:32:13	0:04:36	2:37:30	0:02:14	1:52:05	Brazil	
9064c162-4a6e-4bd0-a59e-04fa59608745	340	Adriano Meroti	M	M40-44	49	5:08:50	0:38:53	0:06:05	2:34:13	0:02:49	1:46:51	Brazil	
61bf446d-399a-f011-b4cc-6045bd05fcc1	341	Vinicius Sayegh	M	M18-24	26	5:08:52	0:32:10	0:04:50	2:49:55	0:02:12	1:39:44	Brazil	
35c3898e-dad3-4c31-880b-5cef1009c90d	342	Gustavo Silva Scomparim	M	M50-54	14	5:09:02	0:35:16	0:06:26	2:40:59	0:02:58	1:43:23	Brazil	
8dcb0864-8b47-f011-877a-6045bd09951e	343	Maria Eduarda Ferreira	F	F30-34	5	5:09:04	0:44:58	0:05:37	2:34:41	0:02:56	1:40:52	Brazil	
0b05fe85-44c7-f011-bbd3-000d3a3173b5	344	marcus vinicius Moraes	M	M25-29	57	5:09:07	0:28:57	0:04:16	2:52:08	0:02:16	1:41:32	Brazil	
c4b71fbc-1a8b-4201-a357-c86d4c73797d	345	Joao Manoel Carvalho Viana	M	M35-39	61	5:09:16					1:40:07	Brazil	
8a8910a9-46c7-f011-bbd3-000d3a5cf7d8	346	Raphael Mazzeo Carvalho	M	M30-34	62	5:09:17	0:35:35	0:06:07	2:38:02	0:03:19	1:46:13	Brazil	
2c24771e-a7a8-4d19-94f8-704a5fc7747d	347	Alex Pereira De Oliveira	M	M30-34	63	5:09:17	0:43:24	0:04:07	2:39:49	0:02:02	1:39:55	Brazil	
11dcf5ac-7190-ef11-ac21-000d3a5b50a4	348	Bruno Borghetti	M	M45-49	36	5:09:17	0:38:59	0:05:20	2:39:49	0:03:24	1:41:45	Brazil	
f6a26945-9af7-4369-822c-ecc05eb9bed9	349	Renan Almeida Lira	M	M25-29	58	5:09:35	0:35:29	0:05:57	2:50:48	0:03:18	1:34:03	Brazil	
aa94bcf8-6ed0-478d-bc55-549d6e9e8324	350	Gustavo Lucena	M	M35-39	62	5:09:40	0:37:44	0:06:05	2:43:52	0:02:38	1:39:21	Brazil	
bc193ee9-498c-42de-9ded-63e3554496fa	351	Wander Guimaraes Ama	M	M50-54	15	5:09:46	0:34:32	0:06:39	2:36:04	0:04:26	1:48:05	Brazil	
f0e3c033-0981-4cb5-939a-2ddbcf24f9c3	352	JULIA ARAUJO	F	F18-24	2	5:09:47	0:33:20	0:03:57	2:37:59	0:02:26	1:52:05	Brazil	
77713dbe-3456-4b0e-a08e-b765d10f00b8	353	Lucas Antonio Napolitano	M	M30-34	64	5:09:48	0:35:08	0:04:17	2:40:57	0:02:44	1:46:42	Brazil	
7f32851f-88b1-400b-bf32-1dc5312ceab3	354	Marcelo Falvo	M	M40-44	50	5:09:50	0:35:24	0:05:26	2:36:57	0:03:07	1:48:58	Brazil	
da70e327-b22d-4d21-ad45-b5aa07797e0d	355	Rafael Castiglia	M	M45-49	37	5:09:55	0:31:06	0:04:27	2:33:48	0:02:19	1:58:15	Brazil	
bf2d1a2b-3b2e-422c-b6fa-8c8e08591e77	356	Guilherme Teixeira	M	M40-44	51	5:10:04	0:38:00	0:05:57	2:34:47	0:02:27	1:48:53	Brazil	
48492be8-aa85-4826-a940-01bdc7255180	357	Filipe Tavares	M	M40-44	52	5:10:09	0:33:01	0:04:41	2:43:00	0:01:27	1:47:59	Brazil	
9328fc8f-aa71-437e-9626-293f2a70ce87	358	Lucas Rangel De Moura Santos	M	M35-39	63	5:10:16	0:44:27	0:07:05	2:47:47	0:01:42	1:29:15	Brazil	
836d6137-1815-4867-9c7c-710cc438a4f9	359	Marcus Vinicius Tomaz Adão	M	M30-34	65	5:10:18	0:36:12	0:06:24	2:40:34	0:02:37	1:44:31	Brazil	
72add3a4-fe55-f011-877a-6045bd04f5b3	360	Gustavo Nunes	M	M30-34	66	5:10:20	0:40:11	0:04:39	2:35:40	0:02:12	1:47:38	Brazil	
f6ee7899-d5eb-4647-a647-0e9cb72dcaf9	361	ANDERSON RAMOS	M	M45-49	38	5:10:35	0:45:12	0:04:57	2:34:04	0:01:59	1:44:23	Brazil	
809ac798-bfec-4bf6-9d93-8b08631aab6d	362	Lorena Fontes Molinos	F	F35-39	4	5:10:42	0:28:54	0:05:10	2:54:20	0:02:29	1:39:49	Brazil	
4d1bf871-f578-4397-a8ed-6f9a48086825	363	Elvis Reis	M	M30-34	67	5:10:43	0:37:03	0:05:58	2:50:39	0:04:39	1:32:24	Brazil	
d0f67a4b-8a11-44fd-aef7-74e0415a9c2e	364	Anderson Marin	M	M25-29	59	5:10:45	0:40:34	0:04:00	2:43:01	0:02:33	1:40:37	Brazil	
fda5a4c4-e0b4-4be2-affe-7ea5866a59ad	365	Leonardo Manechine Moscardo	M	M40-44	53	5:10:45	0:43:24	0:05:06	2:50:28	0:03:29	1:28:19	Brazil	
7bfe2896-c329-4bb7-a8d3-b1b5fe54b4a3	366	Pablo Galvao	M	M45-49	39	5:10:49	0:44:22	0:05:58	2:41:41	0:04:18	1:34:30	Brazil	
7263c948-75bb-47a2-a7c0-16ef14c7a32b	367	Iury Lima Veloso	M	M35-39	64	5:10:57	0:35:12	0:05:12	2:42:27	0:03:24	1:44:42	Brazil	
5157f046-0395-4b75-b25d-9fddb3298cfc	368	Thomaz Aragao Pompeu Magalhaes	M	M35-39	65	5:11:02	0:40:38	0:04:16	2:42:18	0:02:03	1:41:46	Brazil	
df1b2eda-6c0c-48bc-a9fe-f8f1dbc3d329	369	Phelipe Soares	M	M35-39	66	5:11:02	0:35:05	0:06:02	2:36:44	0:03:08	1:50:04	Brazil	
617572db-389a-f011-b4cc-0022480c097c	370	Marcos Antonio Da Silva	M	M45-49	40	5:11:06	0:49:14	0:05:05	2:30:10	0:03:04	1:43:33	Brazil	
aaa7f65f-b826-4130-aee2-8d7042afee30	371	JEFFERSON DE DECCO TEIXEIRA	M	M50-54	16	5:11:11	0:37:59	0:05:40	2:33:32	0:02:31	1:51:29	Brazil	
8ace47c3-45c7-f011-bbd3-000d3a35ffc1	372	Luan Jose Dos Santos	M	M30-34	68	5:11:14	0:44:14	0:04:13	2:35:12	0:01:55	1:45:41	Brazil	
d14574ad-9db4-4f7c-b61a-beae401c3cad	373	Marcio Pereira De Alvarenga	M	M35-39	67	5:11:24	0:39:00	0:05:01	2:38:26	0:02:31	1:46:27	Brazil	
d050eb84-122c-4371-afa9-2642ebd75e69	374	Luis Tinello	M	M60-64	2	5:11:25	0:35:45	0:07:17	2:44:49	0:03:01	1:40:32	Brazil	
a73be8d9-45c7-f011-bbd3-0022480c097c	375	Luisa Gotardo	F	F25-29	2	5:11:44	0:37:36	0:05:25	2:46:03	0:02:01	1:40:39	Brazil	
6bb23d07-e2f3-4d06-a9f1-d92a95ca4c42	376	Raul Fonseca Santos	M	M30-34	69	5:11:46	0:31:16	0:04:34	2:48:34	0:01:58	1:45:24	Brazil	
59be19cf-8bf4-ef11-9342-002248049fdc	377	Eduardo Moreira	M	M25-29	60	5:11:48	0:41:38	0:04:59	2:40:20	0:02:35	1:42:17	Brazil	
ab7aa53d-f1bd-4f6c-8bc0-834b1caa50e0	378	Bruno Saliba Negri	M	M25-29	61	5:11:54	0:35:44	0:05:44	2:39:11	0:02:12	1:49:04	Brazil	
5effeafa-d9b0-ef11-b8e9-002248049fdc	379	Vitor Lombardi	M	M30-34	70	5:12:09	0:39:01	0:05:20	2:43:41	0:04:59	1:39:07	Brazil	
fdb5556e-45c7-f011-bbd3-0022480a7385	380	Wendell Gomes Pereira Junior	M	M30-34	71	5:12:18	0:36:51	0:04:10	2:39:42	0:02:20	1:49:13	Brazil	
4442b116-f320-4f55-a28d-ef74d5cc6651	381	RICARDO GUSMAO DE REZENDE	M	M40-44	54	5:12:25	0:35:41	0:06:24	2:39:31	0:04:38	1:46:10	Brazil	
6a74a8ed-b0e8-ef11-8eea-6045bd088264	382	Bruno Galvani	M	M35-39	68	5:12:30	0:37:22	0:06:30	2:45:53	0:04:08	1:38:37	Brazil	
538910a9-46c7-f011-bbd3-000d3a5cf7d8	383	Pedro Henrique Ludman	M	M25-29	62	5:12:32	0:35:38	0:04:53	2:40:21	0:02:21	1:49:20	Brazil	
5c3c2046-b68a-41c4-a92c-45ca38662be8	384	FRANCISCO ANDERSON MARTINS FERREIRA	M	M55-59	5	5:12:33	0:41:02	0:06:18	2:37:53	0:02:38	1:44:42	Brazil	
a3b95343-e1c6-479b-a638-139fdfd609b4	385	Arnaldo Saraiava De Souza	M	M30-34	72	5:12:39	0:39:37	0:05:07	2:43:48	0:02:00	1:42:08	Brazil	
9cbb63bf-43c7-f011-bbd3-000d3a5cf7d8	386	Lincoln Verissimo Lableuk	M	M40-44	55	5:12:45	0:30:49	0:06:00	2:34:38	0:03:30	1:57:48	Brazil	
4c7d3a65-dc05-4abd-b979-7b31cd68d480	387	Eduardo Cabral	M	M50-54	17	5:12:50	0:38:06	0:06:50	2:39:18	0:03:18	1:45:18	Brazil	
e2b4e423-46c7-f011-bbd3-000d3a35ffc1	388	Rafael Pastorello	M	M45-49	41	5:12:53	0:45:54	0:06:26	2:35:07	0:02:56	1:42:31	Brazil	
24e7c71c-8817-f011-998a-000d3a3173b5	389	Thomas Perlaky	M	M30-34	73	5:12:56	0:31:51	0:04:48	2:30:15	0:02:44	2:03:18	Brazil	
0fe48e02-44c7-f011-bbd3-6045bd09951e	390	Vinicius Pinheiro Ferracioli	M	M25-29	63	5:13:02	0:35:28	0:06:22	2:40:46	0:02:33	1:47:54	Brazil	
e0933685-2cac-47ae-a492-38dcfb482565	391	Ricardo Vannucchi Pierre	M	M30-34	74	5:13:05	0:36:17	0:05:14	2:38:45	0:02:58	1:49:51	Brazil	
d3282e36-45c7-f011-bbd3-0022480c097c	392	Enzo Carvalho Brown Da Silva	M	M18-24	27	5:13:08	0:40:21	0:04:37	2:46:00	0:02:18	1:39:52	Brazil	
d7e516c2-8eaa-48b5-be92-f3a1a33e9e17	393	Cezar Augusto Haik Filho	M	M35-39	69	5:13:12	0:37:07	0:05:36	2:36:01	0:02:12	1:52:16	Brazil	
18ce0122-3b9a-f011-b4cc-6045bd09951e	394	Joao Gabriel Ribeiro Correa Da Silva	M	M30-34	75	5:13:19	0:35:54	0:05:13	2:44:41	0:03:57	1:43:33	Brazil	
20994dd1-ae44-40eb-8b2d-7f1ff42c4a6a	395	Rafael Rocha Martins	M	M25-29	64	5:13:22	0:40:06	0:05:15	2:52:46	0:04:01	1:31:14	Brazil	
ff363ec4-46c7-f011-bbd3-6045bd05fcc1	396	Gustavo Terabe Moy	M	M25-29	65	5:13:23	0:40:44	0:04:20	2:39:03	0:01:44	1:47:32	Brazil	
531b1209-e3e2-4cec-afb6-6f7b084e39f5	397	Sergio Massucatti	M	M35-39	70	5:13:31	0:38:29	0:06:17	2:34:44	0:04:27	1:49:34	Brazil	
d3d2d30c-a231-4bcf-bdfc-a43f766b37b1	398	Andre Marcato Jordao	M	M30-34	76	5:13:32	0:32:28	0:05:58	2:46:20	0:02:49	1:45:56	Brazil	
8c90ccb1-5f7c-ef11-a670-6045bd048089	399	Luiz Adolfo Andrade De Alvarenga	M	M40-44	56	5:13:32	0:32:10	0:05:37	2:47:41	0:03:16	1:44:48	Brazil	
5940a923-44c7-f011-bbd3-000d3a5b50ba	400	Felipe Beltrao	M	M50-54	18	5:13:36	0:38:30	0:06:59	2:40:25	0:04:07	1:43:36	Brazil	
3994c8bd-5905-4eb9-aaa7-e9d8a375e8ea	401	ERICA SUMOYAMA BRAUNE	F	F45-49	1	5:13:41	0:34:18	0:04:22	2:48:01	0:02:22	1:44:38	Brazil	
72520bb5-333c-4ba5-ae77-87f51a418bac	402	Eduardo Yugo Yamashita	M	M45-49	42	5:13:43	0:37:19	0:04:22	2:48:39	0:02:08	1:41:15	Brazil	
6a728c36-cafa-4ae3-ba7a-cd817a7251c4	403	Marcelo Zeferino	M	M40-44	57	5:13:46	0:46:30	0:03:57	2:33:06	0:02:37	1:47:36	Brazil	
5eb47ed9-b679-ef11-a670-000d3a5a1803	404	Bruno Di Bernardo	M	M45-49	43	5:13:49	0:33:43	0:05:15	2:42:08	0:02:55	1:49:49	Brazil	
f072700c-107c-49c2-b466-8cf181a15686	405	Fernando Fragoso	M	M35-39	71	5:13:53	0:37:32	0:05:21	2:44:59	0:02:27	1:43:34	Brazil	
c8eec4b2-9d0d-4036-a43a-647a77591f6d	406	Adriano Sodre Magalhaes Novaes	M	M35-39	72	5:13:54	0:34:18	0:06:00	2:45:14	0:02:49	1:45:33	Brazil	
50589017-45c8-4bda-a299-895ca616fc43	407	Breno Vancone Carvalhaes	M	M40-44	58	5:14:09	0:36:17	0:05:06	2:42:35	0:03:03	1:47:08	Brazil	
531c9ff9-45c7-f011-bbd3-000d3a35ffc1	408	Caua Ronald Ferreira De Moura	M	M18-24	28	5:14:15	0:44:03	0:04:17	2:34:45	0:02:32	1:48:38	Brazil	
d321d53e-cc25-4753-8bb0-2662c6c4803a	409	MARCO ANTONIO GUERRA PIRES	M	M50-54	19	5:14:31	0:36:06	0:04:35	2:40:24	0:02:05	1:51:21	Brazil	
0472e948-45c7-f011-bbd3-0022480c097c	410	Mauricio Yamamura	M	M50-54	20	5:14:37	0:45:20	0:04:43	2:33:48	0:02:24	1:48:21	Brazil	
83c2d4df-399a-f011-b4cc-6045bd09951e	411	ANDRE DE PAULA SAVI	M	M30-34	77	5:14:39	0:34:04	0:06:04	2:47:56	0:03:53	1:42:42	Brazil	
5dd85232-fd92-f011-b4cc-000d3a35ffc1	412	Felipe Oliani	M	M35-39	73	5:14:46	0:40:13	0:06:22	2:42:19	0:02:06	1:43:47	Brazil	
91612967-45c7-f011-bbd3-000d3a5cf7d8	413	Gabriel Carneiro Garcia	M	M25-29	66	5:14:56	0:36:04	0:04:47	2:46:22	0:01:52	1:45:50	Brazil	
8c65c504-ada2-4a5b-acd3-ca42c3cdfe50	414	ANA PAULA CARVALHO GUIMARÃES	F	F45-49	2	5:14:57	0:37:01	0:05:41	2:53:20	0:02:01	1:36:54	Brazil	
439aad95-44c7-f011-bbd3-6045bd09951e	415	Igor Cielavin Machado	M	M40-44	59	5:15:02	0:33:23	0:04:16	2:51:02	0:02:43	1:43:37	Brazil	
b9b95566-fe69-42f2-b91f-2ed8c960c32e	416	MARCOS PARANHOS	M	M40-44	60	5:15:05	0:54:01	0:07:09	2:45:38	0:02:15	1:26:02	Brazil	
fab14228-5d6d-ef11-a671-00224809fd7c	417	HENRIQUE NASCIMENTO SANTOS	M	M30-34	78	5:15:05	0:36:53	0:05:23	2:43:58	0:03:31	1:45:20	Brazil	
d269e9fd-de10-47eb-9ba7-cd0524fe6b0a	418	Cristian Michael Da Silva	M	M40-44	61	5:15:08	0:43:48	0:04:37	2:36:19	0:01:47	1:48:37	Brazil	
a641c8de-a400-48b6-a7cb-56d3924c1bd4	419	Matheus gugel	M	M25-29	67	5:15:10	0:30:18	0:04:05	2:49:09	0:02:01	1:49:37	Brazil	
3f05f1e6-b8cd-44f7-ae47-0c2a328f3fd4	420	Igor Meskelis	M	M50-54	21	5:15:15	0:29:20	0:06:41	2:43:53	0:03:33	1:51:49	Brazil	
901e60d5-1390-ef11-ac21-000d3a5a1803	421	Andreas Kuhn	M	M35-39	74	5:15:18	0:31:55	0:05:59	2:32:08	0:02:42	2:02:34	Brazil	
bdfa5e9f-389a-f011-b4cc-6045bd05f634	422	Karime Kelen Buck	F	F45-49	3	5:15:19	0:38:35	0:04:49	2:46:20	0:02:44	1:42:51	Brazil	
b65faa6d-46c7-f011-bbd3-000d3a3173b5	423	Fabiano Farias Guedes Pinheiro	M	M50-54	22	5:15:21	0:43:13	0:05:10	2:33:28	0:02:40	1:50:50	Brazil	
73fd553c-ae6a-ef11-bfe3-000d3a37be46	424	José Victor Oliveira	M	M30-34	79	5:15:23	0:36:42	0:05:33	2:45:21	0:02:42	1:45:05	Brazil	
7e34d933-c469-47b4-a87e-edbafc854373	425	Talles Felip Domingues Prado	M	M30-34	80	5:15:33	0:38:33	0:04:34	2:39:31	0:01:55	1:51:00	Brazil	
0895f6c6-c1d3-459b-9d78-34cb7b7d8acc	426	Anderson Augusto Carlos De Souza	M	M45-49	44	5:15:34	0:35:31	0:05:54	2:47:45	0:03:21	1:43:02	Brazil	
31c83bd3-0e6a-ef11-bfe3-6045bd017e21	427	Pedro Amaral	M	M30-34	81	5:15:35	0:30:01	0:05:13	2:42:34	0:02:07	1:55:40	Brazil	
fcfd8a6e-732b-f011-8c4c-00224804a6c3	428	Marcela Malheiro Santos	F	F30-34	6	5:15:38	0:38:00	0:06:47	2:48:32	0:02:54	1:39:24	Brazil	
e393e418-f764-498f-b424-788f92fa4059	429	Wagner Roberto Franccioli Filho	M	M35-39	75	5:15:39	0:34:51	0:05:32	2:35:37	0:03:16	1:56:24	Brazil	
ebc3b2d1-17df-4624-96b0-e1efc748cd54	430	Vitor Linari Simarelli	M	M40-44	62	5:15:47	0:40:42	0:05:56	2:43:43	0:02:54	1:42:33	Brazil	
2cce3568-44c7-f011-bbd3-6045bd09951e	431	Alexandre Rahal	M	M35-39	76	5:15:49	0:32:31	0:06:05	2:38:14	0:04:47	1:54:11	Brazil	
564bb7ef-fd79-446a-8c86-54253e3a2a61	432	ALEXANDRE LAFER FRANKEL	M	M45-49	45	5:15:50	0:37:54	0:06:32	2:50:02	0:03:23	1:38:00	Brazil	
c0b0aee5-fdbc-44d8-a4f7-9ee039d48b6a	433	Marcelo Gomes Da Silva	M	M35-39	77	5:15:52	0:39:31	0:05:04	2:45:41	0:02:15	1:43:21	Brazil	
4cc0aa59-44d9-4677-a46b-2222b63bd3ba	434	Julio Mascaro Louceiro	M	M45-49	46	5:15:54	0:40:03	0:06:43	2:41:09	0:03:35	1:44:24	Brazil	
46b47d90-1cec-4bce-9452-28b67361d943	435	Renan Gaspareto De Alvarenga	M	M35-39	78	5:16:01	0:39:32	0:05:25	2:37:24	0:02:00	1:51:41	Brazil	
1799bf85-f4a8-4789-84a4-1a8c880db489	436	Luan De Araujo Ferreira	M	M30-34	82	5:16:02	0:39:11	0:05:27	2:43:32	0:02:21	1:45:30	Brazil	
305bcea9-45c7-f011-bbd2-000d3a5b7c3b	437	Julio Cezar De Almeida Junior	M	M35-39	79	5:16:02	0:43:09	0:06:20	2:42:01	0:02:31	1:42:01	Brazil	
6d73d95c-caa0-4d1d-b355-fde0cbd0df03	438	Marcela Amorim Da Costa	F	F18-24	3	5:16:03	0:31:31	0:03:59	2:47:03	0:03:33	1:49:58	Brazil	
e8b15f5c-66f3-48bb-bf01-521f5f646d7a	439	Rosecler Costa	F	F45-49	4	5:16:03	0:34:37	0:05:50	2:42:36	0:03:02	1:49:58	Brazil	
59bb0a54-01c7-4b9e-9185-10513ad7ecc5	440	Fabricio Moura	M	M45-49	47	5:16:12	0:41:13	0:07:37	2:38:15	0:04:28	1:44:40	Brazil	
54348e37-c801-4839-83c0-7055cf3ef830	441	Nestor Reis Neto	M	M45-49	48	5:16:15	0:34:14	0:04:56	2:34:10	0:03:19	1:59:37	Brazil	
3ee26a5d-45c7-f011-bbd3-000d3a5b50ba	442	Amanda Taha Junqueira	F	F25-29	3	5:16:17	0:35:44	0:03:49	2:46:07	0:01:38	1:49:00	Brazil	
9c03e940-be18-f011-998a-6045bd05fcc1	443	Daniela Ribeiro Castro	F	F25-29	4	5:16:18	0:33:46	0:05:52	2:50:00	0:02:21	1:44:20	Brazil	
c354146c-2660-f111-a826-0022480b84a3	444	Isabella Guttmann	F	F25-29	5	5:16:24	0:33:48	0:05:45	2:54:56	0:03:44	1:38:12	Brazil	
b6e8345b-2964-4a6d-9192-1df790b80ff3	445	Thiago Cardoso Tudela	M	M35-39	80	5:16:51	0:39:59	0:04:45	2:40:17	0:02:54	1:48:56	Brazil	
cd52eaec-bfec-4b54-bc8b-823064cb781e	446	Andre Martins Arderucio	M	M35-39	81	5:16:58	0:40:30	0:06:05	2:44:23	0:02:20	1:43:38	Brazil	
4976cb1b-46c7-f011-bbd3-000d3a3173b5	447	Pedro Vitor Goncalves Silva	M	M30-34	83	5:16:59	0:40:34	0:05:19	2:44:04	0:02:19	1:44:43	Brazil	
4b6e675e-9f6b-43da-8d02-eeafa3b26d18	448	THIAGO GUEDES PENHA MENA	M	M45-49	49	5:17:04	0:32:41	0:04:48	2:44:39	0:03:56	1:50:59	Brazil	
3e2ecc7f-44c7-f011-bbd2-000d3a5b5fc7	449	Douglas Aparecido Ferreira Garcia	M	M35-39	82	5:17:16	0:50:06	0:05:45	2:37:05	0:06:19	1:38:00	Brazil	
1ea4e245-8969-4db9-b001-cd8d1452a0a1	450	Roberto Berlofi Zeidan	M	M40-44	63	5:17:22	0:35:45	0:06:33	2:46:24	0:04:16	1:44:25	Brazil	
8cd04407-45c7-f011-bbd3-6045bd05f634	451	Lucas Vaz De Lima	M	M30-34	84	5:17:27	0:41:28	0:09:40	2:41:53	0:04:54	1:39:32	Brazil	
19dccf72-69ab-ef11-b8e8-6045bd088264	452	Luiz Henrique Silva Lelis	M	M30-34	85	5:17:32	0:30:39	0:03:55	2:52:02	0:02:27	1:48:30	Brazil	
70573a6c-44c7-f011-bbd3-000d3a5cf7d8	453	Heitor Carvalho Neto	M	M30-34	86	5:17:39	0:37:35	0:05:26	2:46:45	0:02:54	1:44:59	Brazil	
6b471932-d96c-f011-bec3-000d3a3173b5	454	Francisco Eduardo Portella Machado Cereda	M	M35-39	83	5:17:41	0:35:47	0:05:55	2:48:15	0:02:50	1:44:55	Brazil	
6a8910a9-46c7-f011-bbd3-000d3a5cf7d8	455	Felipe Lima	M	M30-34	87	5:17:41	0:29:07	0:04:24	2:38:14	0:02:53	2:03:03	Brazil	
3ee96102-7128-f011-8c4d-000d3a5cf7d8	456	Renan valente Nunes Faria Renan valente	M	M35-39	84	5:17:43	0:43:43	0:04:49	2:38:25	0:01:46	1:48:59	Brazil	
300e0455-43c7-f011-bbd3-000d3a3173b5	457	Matheus Damasceno Prata	M	M30-34	88	5:17:49	0:42:30	0:04:22	2:50:01	0:01:36	1:39:21	Brazil	
1bafc023-44c7-f011-bbd3-6045bd05fcc1	458	Juliana Pinheiro De Freitas	F	F25-29	6	5:17:54	0:41:17	0:04:18	2:40:04	0:01:50	1:50:25	Brazil	
6a772dbc-268d-42aa-911c-aa7b97862faf	459	Lisie Polita Romanzini	F	F40-44	4	5:18:00	0:36:28	0:04:14	2:54:11	0:02:21	1:40:46	Brazil	
ccd3abc1-3810-4251-b3a3-88aa0b441d53	460	Barbara Maria Teixeira	F	F25-29	7	5:18:02	0:40:32	0:06:04	2:49:04	0:02:25	1:39:56	Brazil	
a18e9f35-44c7-f011-bbd3-6045bd09951e	461	Marcello Tadayoshi Yamaguchi	M	M35-39	85	5:18:07	0:41:15	0:06:51	2:38:27	0:02:51	1:48:44	Brazil	
76fea41f-b36e-ef11-a671-000d3a37be46	462	David Bydlowski	M	M35-39	86	5:18:12	0:37:47	0:06:58	2:38:02	0:04:09	1:51:15	Brazil	
3632543f-aaaf-4dab-9979-0063a4979a05	463	Felipe Marques Cecilio	M	M40-44	64	5:18:16	0:35:12	0:06:34	2:50:28	0:03:24	1:42:38	Brazil	
fb9cb7e0-3d9a-f011-b4cc-6045bd05f634	464	Pedro Passos	M	M25-29	68	5:18:18	0:38:25	0:05:09	2:48:22	0:02:47	1:43:36	Brazil	
6793c1b1-ed2d-4ce4-b7b8-bc0255f294cd	465	Iago Gregorio	M	M30-34	89	5:18:19	0:41:24	0:04:30	2:45:26	0:03:15	1:43:45	Brazil	
703a1b32-d015-4b88-a781-fc495824d0ae	466	Eduardo Fernandes Silva	M	M40-44	65	5:18:34	0:41:24	0:04:36	2:38:52	0:02:34	1:51:08	Brazil	
510d659e-2f79-f011-b4cc-6045bd05fcc1	467	Camacho Amorim Camacho	M	M35-39	87	5:18:41	0:43:43	0:06:15	2:32:16	0:02:40	1:53:46	Brazil	
9168b1ac-43c7-f011-bbd3-000d3a35ffc1	468	Gustavo Santos De Melo	M	M25-29	69	5:18:42	0:37:37	0:05:49	2:49:20	0:03:02	1:42:53	Brazil	
eac818c5-661c-40dd-8bb5-99a9f51aeecc	469	RICARDO NAKATANI	M	M50-54	23	5:19:05	0:34:54	0:04:40	2:51:10	0:05:22	1:42:58	Brazil	
a401a5ad-baf2-ee11-904c-000d3a314ae2	470	Davi Kulb	M	M35-39	88	5:19:20	0:33:17	0:05:45	2:45:50	0:02:59	1:51:29	Brazil	
3ebf7af7-0292-ef11-ac21-000d3a59a9a1	471	Gabriel Miguel Duailibe	M	M25-29	70	5:19:33	0:41:52	0:06:24	2:33:01	0:04:09	1:54:08	Brazil	
bb9da75c-b104-464c-a48a-6eb5b6cd6549	472	Iannis Castilho Farjo	M	M30-34	90	5:19:35	0:44:06	0:05:27	2:34:47	0:03:24	1:51:51	Brazil	
89a2a40e-de03-4124-a323-101bb646b47f	473	Rafael Pacheco Gomes	M	M35-39	89	5:19:38	0:36:22	0:04:07	2:46:39	0:02:59	1:49:30	Brazil	
a7b2ebee-dde6-4be8-8dba-70cc655cb7d3	474	Eduardo Jeronymo	M	M35-39	90	5:19:41	0:39:33	0:05:28	2:30:05	0:02:23	2:02:11	Brazil	
f88130f5-43c7-f011-bbd3-6045bd05f634	475	Rodolfo Machado Coque	M	M40-44	66	5:19:44	0:40:10	0:06:07	2:43:42	0:02:41	1:47:04	Brazil	
6aef922a-6cb7-4141-b233-16ba98ce5fc4	476	Fabio A B Batista	M	M50-54	24	5:19:52	0:43:11	0:06:02	2:41:37	0:03:30	1:45:32	Brazil	
bcd9dbe5-e8a9-ef11-b8e9-002248049fdc	477	Mauricio Pires	M	M45-49	50	5:19:56	0:41:32	0:06:46	2:42:49	0:03:04	1:45:45	Brazil	
9376a3a7-43c7-f011-bbd3-000d3a5b50ba	478	Lucca Zagari Garcia	M	M30-34	91	5:19:59	0:41:06	0:06:00	2:46:09	0:03:15	1:43:30	Brazil	
723ab227-44c7-f011-bbd3-000d3a5cf7d8	479	Ana Luiza Gorga Adamo	F	F25-29	8	5:20:03	0:36:57	0:05:06	2:53:41	0:02:23	1:41:56	Brazil	
30d85f7d-9790-ef11-ac21-000d3a5a1803	480	ITALO IGOR LEONE	M	M30-34	92	5:20:05	0:43:40	0:05:00	2:40:44	0:02:12	1:48:27	Brazil	
bdac1324-43c7-f011-bbd3-000d3a3173b5	481	Geovana Michelique	F	F18-24	4	5:20:09	0:38:06	0:03:54	2:44:11	0:03:35	1:50:24	Brazil	
40a762ec-45c7-f011-bbd3-6045bd05fcc1	482	Fabio Pacini Agostini	M	M40-44	67	5:20:26	0:36:00	0:06:38	2:53:38	0:03:01	1:41:08	Brazil	
b66392e9-fbe4-43a5-9aee-1e6c7379931f	483	Gilberto Demartini Jr	M	M40-44	68	5:20:32	0:34:35	0:05:01	2:53:04	0:02:25	1:45:27	Brazil	
2e068999-0077-46bd-b2f4-e78499847ee2	484	Rafael Martiniano De Miranda Moura	M	M40-44	69	5:20:34	0:42:44	0:05:47	2:41:31	0:02:45	1:47:47	Brazil	
4026fb71-062f-4ed7-9732-0d8ebf6e28fc	485	Laura Guerreiro	F	F45-49	5	5:20:51	0:37:54	0:05:27	2:50:34	0:03:02	1:43:54	Brazil	
888d6933-b972-4ce9-aadd-f86271595a3a	486	Felipe Augusto Lazaretti De Lima	M	M25-29	71	5:20:52	0:41:36	0:04:37	2:55:59	0:01:47	1:36:53	Brazil	
4e3571ce-3843-4907-ad14-27fe1eabd342	487	Caio Kimoto	M	M30-34	93	5:20:53	0:41:21	0:06:18	2:45:18	0:06:00	1:41:55	Brazil	
bc85c69f-d1ec-4a19-9aaf-2835394ee13b	488	Bruna Duarte Lopes	F	F35-39	5	5:20:54	0:37:18	0:05:37	2:49:12	0:02:29	1:46:18	Brazil	
f7a19189-d33a-444a-ac60-e48b514e189c	489	Leandro Carvalho	M	M40-44	70	5:20:55	0:40:45	0:07:29	2:48:57	0:03:14	1:40:30	Brazil	
bce3b9b0-4301-4f15-a9b8-aa7aabffcbd0	490	Danilo Cartolano Lopes	M	M40-44	71	5:21:04	0:31:06	0:05:11	2:53:57	0:04:09	1:46:41	Brazil	
315cdc88-e353-46e7-8f48-d5d95643dd34	491	Kleber Leal	M	M55-59	6	5:21:06	0:39:48	0:05:41	2:47:22	0:03:28	1:44:47	Brazil	
8b8efc9b-eb81-40d6-acbd-3b6b93a8274e	492	Marco Antonio Flor Da Silva	M	M35-39	91	5:21:07	0:45:31	0:04:57	2:39:24	0:04:06	1:47:09	Brazil	
0dc3b2cb-d529-42ad-8fc7-8df88d377864	493	Leonardo Accorsi	M	M40-44	72	5:21:09	0:35:55	0:07:19	2:47:02	0:03:53	1:47:00	Brazil	
664e91a0-9f27-42a6-8eab-391d71caf7a5	494	Ana Clara Araujo Camargo	F	F25-29	9	5:21:11	0:38:39	0:03:54	2:43:10	0:01:52	1:53:35	Brazil	
4b99c20f-44c7-f011-bbd3-000d3a3173b5	495	Caetano Dias Andrade Alves	M	M35-39	92	5:21:13	0:35:19	0:07:19	2:49:48	0:04:13	1:44:34	Brazil	
a947267b-dd3b-405b-8fe2-b9b0ba86bcd1	496	Marco Aurelio Dos Santos	M	M55-59	7	5:21:13	0:45:51	0:06:41	2:41:21	0:02:25	1:44:54	Brazil	
3d4dc3e9-44c7-f011-bbd3-6045bd05fcc1	497	Jose Anderson Trajano Dos Santos	M	M30-34	94	5:21:14	0:39:06	0:05:45	2:51:50	0:02:17	1:42:16	Brazil	
fbf8c961-43c7-f011-bbd3-000d3a5cf7d8	498	Jade Mylena De Oliveira Mendes	F	F25-29	10	5:21:16	0:40:50	0:05:11	2:48:16	0:02:16	1:44:43	Brazil	
0266c7fd-ff49-4891-8e92-4adb1ad79d71	499	flavia beatriz belini	F	F45-49	6	5:21:21	0:35:21	0:03:51	2:38:32	0:02:36	2:01:01	Brazil	
f7819028-059a-f011-b4cc-0022480a7385	500	Diego Barbosa	M	M35-39	93	5:21:24	0:42:17	0:06:48	2:34:31	0:03:06	1:54:42	Brazil	
9fefc035-3fc7-f011-bbd3-000d3a5cf7d8	501	Bruna Barbosa	F	F40-44	5	5:21:28	0:38:39	0:05:38	2:43:47	0:02:49	1:50:36	Brazil	
b5ed6b11-a28b-4dec-ad95-cf3ba1401f78	502	Vitor Reis	M	M30-34	95	5:21:46	0:47:13	0:05:33	2:44:21	0:03:25	1:41:13	Brazil	
437409f3-35a6-431d-b4ec-b7ff0b9662ab	503	ANTONIO EMANUEL ANDRADE E SILVA	M	M50-54	25	5:21:50	0:36:38	0:07:27	2:49:36	0:04:30	1:43:40	Brazil	
3888a107-46c7-f011-bbd3-6045bd05f634	504	Ruberlei Minorelli	M	M35-39	94	5:21:51	0:34:01	0:05:48	2:52:29	0:02:53	1:46:41	Brazil	
61e3b570-44c7-f011-bbd3-6045bd05f634	505	Tiago Potenza Linhares	M	M45-49	51	5:21:52	0:33:57	0:07:12	2:47:58	0:03:06	1:49:38	Brazil	
41ccd5fd-42c7-f011-bbd3-000d3a35ffc1	506	Andrew Taicir	M	M35-39	95	5:21:52	0:38:21	0:05:51	2:54:33	0:03:39	1:39:29	Brazil	
8573dfe0-45c7-f011-bbd3-0022480a7385	507	Lucas Maciel De Oliveira	M	M30-34	96	5:21:55	0:35:15	0:04:57	2:48:42	0:03:01	1:50:00	Brazil	
6e3c11cf-52d6-400a-8b84-5880d36f444b	508	Eduardo Cabral Pinto	M	M35-39	96	5:21:57	0:41:24	0:04:24	2:47:13	0:02:35	1:46:21	Brazil	
bbb7abe5-43c7-f011-bbd3-000d3a5b50ba	509	Eduardo Martins B Da Costa	M	M40-44	73	5:22:04	0:43:54	0:07:25	2:33:21	0:05:06	1:52:17	Brazil	
a33576c5-43c7-f011-bbd3-000d3a5cf7d8	510	Rafael Pires Fernandes	M	M35-39	97	5:22:17	0:33:44	0:08:18	2:55:50	0:03:30	1:40:55	Brazil	
da4be9c1-46c7-f011-bbd3-6045bd09951e	511	Raquel Ferreira	F	F40-44	6	5:22:21	0:47:02	0:05:05	2:51:29	0:02:14	1:36:32	Brazil	
13e6a769-6678-4c8a-a541-5f9c8eeb40d5	512	Fábio Guedes Crespo	M	M45-49	52	5:22:27	0:33:51	0:07:52	2:46:30	0:06:19	1:47:56	Brazil	
04962655-5bf3-4a8b-aa88-f9fc6ab163f4	513	Rennan De Moraes Brandi	M	M30-34	97	5:22:45	0:49:06	0:07:21	2:47:49	0:03:06	1:35:23	Brazil	
abb88477-e3b1-f011-bbd3-6045bd05fcc1	514	Ulisses Angelo		M35-39	98	5:22:45	0:39:37	0:07:29	2:45:36	0:04:01	1:46:03	Brazil	
e23df5da-d4a6-42e4-91be-325b49eb6a95	515	Tiago Egoshi	M	M45-49	53	5:22:47	0:40:28	0:05:08	2:44:45	0:03:07	1:49:19	Brazil	
f9090f83-0791-4cf2-a6fd-bc3217a9462b	516	Alexandre Mazzolla	M	M50-54	26	5:22:59	0:39:27	0:06:13	2:49:46	0:03:39	1:43:55	Brazil	
f7d1bb19-266e-42c7-946d-2b274a9a0e92	517	Diego Brito Dos Santos	M	M25-29	72	5:23:09	0:41:42	0:04:56	2:39:30	0:02:43	1:54:17	Brazil	
aae18bef-7bfc-417a-8017-8cf614b606cf	518	AUGUSTO BARCELOS	M	M45-49	54	5:23:11	0:31:39	0:04:12	2:47:30	0:02:17	1:57:33	Brazil	
2a998c0d-44c7-f011-bbd3-6045bd05f634	519	Joao Henrique Lara	M	M30-34	98	5:23:26	0:52:36	0:05:02	2:37:41	0:02:43	1:45:25	Brazil	
6aca87fe-4b1b-4ae0-b255-6b4eb87e566e	520	Leandro Yoshinari Maia Tashiro	M	M40-44	74	5:23:33	0:32:59	0:05:03	2:35:09	0:02:41	2:07:41	Brazil	
43e31238-3211-4be5-bf61-2dbb0acae050	521	Vitor Alfano	M	M25-29	73	5:23:38	0:39:27	0:05:35	2:35:08	0:03:08	2:00:19	Brazil	
25af048b-a3ba-434b-bb25-2e25ea5562fd	522	Lucas Barsoumian Castilho Herrera	M	M25-29	74	5:23:40	0:37:27	0:03:37	2:49:39	0:02:33	1:50:24	Brazil	
f1e12b9f-f03c-f011-b4cc-000d3a5b7c3b	523	Walter Martinho Leal Filho	M	M30-34	99	5:23:53	0:41:48	0:06:03	2:47:03	0:03:12	1:45:48	Brazil	
801d3213-cd44-f111-88b4-0022480b35b6	524	Gustavo Pipa	M	M40-44	75	5:23:56	0:37:22	0:04:50	2:43:41	0:02:54	1:55:09	Brazil	
eca86f96-80f3-4abf-b325-76d243ad59b1	525	MAURICIO DE MORAES LUZ	M	M40-44	76	5:24:02	0:43:24	0:04:44	2:40:23	0:03:13	1:52:18	Brazil	
e60730ab-44c7-f011-bbd2-000d3a5b5fc7	526	Mario Irama De Oliveira	M	M45-49	55	5:24:06	0:40:41	0:04:34	2:29:52	0:03:42	2:05:17	Brazil	
cf3df1b0-22ad-4cd5-9a49-02e64f1dc887	527	Carolina Queiroz De Oliveira Souza	F	F35-39	6	5:24:11	0:37:40	0:06:15	2:54:17	0:02:14	1:43:45	Brazil	
103ac5f4-59aa-48e5-8347-b93ef28df6c0	528	Christiano Depieri	M	M30-34	100	5:24:15	0:33:36	0:05:27	2:40:26	0:02:58	2:01:48	Brazil	
e25ca8c1-99bf-4dd5-ac77-02c5f9abc8fb	529	Paulo Roberto De Oliveira Mustafe	M	M35-39	99	5:24:27	0:34:56	0:06:26	2:49:11	0:03:20	1:50:35	Brazil	
27852f40-45c7-f011-bbd3-6045bd05fcc1	530	Guilherme Santos Ribeiro	M	M35-39	100	5:24:37	0:38:41	0:08:02	2:45:25	0:04:37	1:47:52	Brazil	
d006c6c9-43c7-f011-bbd3-6045bd05f634	531	Felipe Antonio Dos Santos Paula	M	M25-29	75	5:24:44	0:38:09	0:06:01	2:55:15	0:03:41	1:41:38	Brazil	
43f58f82-43c7-f011-bbd3-000d3a35ffc1	532	Daniel Caraca	M	M35-39	101	5:24:45	0:37:54	0:04:03	2:43:43	0:03:25	1:55:41	Brazil	
cb69f03d-cd29-4b4a-b7e1-659064d0139d	533	Marcos Roberto Alves Martins Filho	M	M30-34	101	5:24:46	0:39:07	0:05:26	2:54:51	0:02:51	1:42:32	Brazil	
57453920-88d2-ee11-9079-6045bd0158c4	534	Victor Stefani	M	M40-44	77	5:24:47	0:40:17	0:08:44	2:46:43	0:03:59	1:45:05	Brazil	
8efc2523-e996-ea11-a811-000d3a5a1bfb	535	Wagner Rodrigues Gomes	M	M50-54	27	5:24:48	0:40:00	0:09:04	2:57:21	0:02:46	1:35:37	Brazil	
b54d7140-e1d9-4453-8c73-30ea0fe30c72	536	Marcelo De Andrade Vieira	M	M45-49	56	5:24:48	0:38:39	0:04:23	2:35:03	0:02:44	2:03:59	Brazil	
c4ec1e3e-44c7-f011-bbd3-000d3a35ffc1	537	Marcelo Guimaraes Da Rocha	M	M35-39	102	5:24:49	0:35:17	0:06:58	2:45:23	0:02:24	1:54:49	Brazil	
dc955cf4-09fa-497e-a5ff-52674f14987e	538	JEFERSON HASHIOKA	M	M40-44	78	5:24:49	0:33:09	0:05:52	2:47:51	0:01:56	1:56:01	Brazil	
2223e606-2af7-4a30-80a2-ceb06c4b3eb4	539	Marcelo Henrique Abramant Souza	M	M35-39	103	5:24:58	0:34:30	0:06:06	2:41:03	0:03:24	1:59:55	Brazil	
7e24e22f-45c7-f011-bbd3-0022480c097c	540	Davi Soares Silva Aguiar	M	M25-29	76	5:25:03	0:42:20	0:05:19	2:47:43	0:02:19	1:47:22	Brazil	
692c74aa-90b3-4d53-8fad-5e002f5f7015	541	Joao Victor Da Silva Soares	M	M25-29	77	5:25:04	0:41:09	0:05:31	2:44:53	0:03:12	1:50:19	Brazil	
28fbebf1-6db1-4228-bf45-06138e3e0517	542	Claudio Cesar Carneiro Junior	M	M40-44	79	5:25:16	0:41:06	0:09:18	2:54:20	0:06:42	1:33:50	Brazil	
415c7a7e-b193-ef11-8a6a-002248049fdc	543	Luiz Henrique Lourenço	M	M30-34	102	5:25:19	0:35:51	0:05:16	2:37:50	0:03:00	2:03:23	Brazil	
212642b5-cdef-49a4-bcf7-939812e98370	544	Maria Eduarda Vidal Werneck Pereira	F	F35-39	7	5:25:20	0:31:14	0:06:09	2:50:53	0:03:15	1:53:50	Brazil	
7680dd64-822f-4b4a-91af-ddf32a5fbd4b	545	Guilherme Pinheiro De Moura Santos	M	M40-44	80	5:25:23	0:37:16	0:08:08	2:44:24	0:04:59	1:50:36	Brazil	
b0a21c5a-45c7-f011-bbd3-000d3a5cf7d8	546	Igor De Mello Couto Rodrigues	M	M30-34	103	5:25:34	0:43:29	0:04:03	2:56:33	0:02:38	1:38:52	Brazil	
caea8904-f6f1-43f7-9e20-abf8dd9046f4	547	Vinicius Flumignan Canabal Alves	M	M18-24	29	5:25:47	0:40:33	0:04:09	2:40:25	0:01:35	1:59:04	Brazil	
e6b5556e-45c7-f011-bbd3-0022480a7385	548	Henrique Bastos Nascimento De Assis	M	M30-34	104	5:25:51	0:33:19	0:05:58	2:54:29	0:02:24	1:49:40	Brazil	
55f67dbe-45c7-f011-bbd3-6045bd05f634	549	Filipe Almeida Divino	M	M18-24	30	5:25:59	0:43:20	0:08:01	2:52:13	0:05:21	1:37:05	Brazil	
90adc220-3bdc-4d27-9056-57e9668a8f9e	550	Eduardo Pugnali	M	M50-54	28	5:26:11	0:33:42	0:09:08	2:44:04	0:05:08	1:54:09	Brazil	
19439b76-756f-49f9-9181-c2bc63ec147d	551	Mikael Lautenschlager	M	M40-44	81	5:26:16	0:44:24	0:05:38	2:37:42	0:03:14	1:55:18	Brazil	
5840fec1-2fb4-4342-9279-db4dc99488fd	552	Victor Tadeu Malachias Fonte Boa	M	M25-29	78	5:26:32	0:36:13	0:04:38	2:52:09	0:02:42	1:50:49	Brazil	
48787488-bc66-4df5-bc25-f952ee87b8c7	553	GLAUCO ABE HECKMANN	M	M45-49	57	5:26:32	0:40:10	0:07:41	2:49:17	0:07:50	1:41:34	Brazil	
90a26988-c2d7-4711-908a-8a9382e65ead	554	Pedro Agusuto Mello Oliveira Andrade	M	M35-39	104	5:26:36	0:40:25	0:05:34	2:40:57	0:04:35	1:55:05	Brazil	
4e0c018a-90e5-40a9-b98e-0b92a213522b	555	José Augusto Lanzoni	M	M50-54	29	5:26:36	0:32:24	0:06:20	2:54:09	0:02:50	1:50:53	Brazil	
96b302cf-43c7-f011-bbd3-6045bd05fcc1	556	Marcello Fonseca Salgado Filho	M	M50-54	30	5:26:36	0:33:29	0:04:19	2:52:06	0:02:39	1:54:03	Brazil	
ecf37c84-dcb0-ef11-b8e8-000d3a5a403c	557	Rafael Soares Cornelio	M	M25-29	79	5:26:40	0:45:28	0:05:15	2:58:25	0:02:20	1:35:12	Brazil	
d9c4a477-46c7-f011-bbd3-6045bd09951e	558	Pedro I G Rodrigues	M	M30-34	105	5:26:45	0:37:34	0:07:02	2:53:13	0:03:55	1:45:01	Brazil	
6e60dc24-ab2b-ef11-840a-000d3a348633	559	Camila Cortez	F	F35-39	8	5:26:47	0:36:57	0:06:38	2:52:46	0:03:33	1:46:52	Brazil	
dfe4d0f4-45c7-f011-bbd3-0022480a7385	560	Leandro Girardi Shimba	M	M40-44	82	5:26:48	0:39:23	0:08:11	2:49:16	0:04:02	1:45:56	Brazil	
bed59ff5-b3fb-4b13-83de-3e91c2876131	561	Raphael Barbosa Braga	M	M40-44	83	5:26:52	0:40:46	0:05:59	2:56:11	0:06:37	1:37:19	Brazil	
2586fc5c-c2e7-4bad-8e1a-9b2db1ae5a27	562	Jefferson Luis De Paula Ruela	M	M35-39	105	5:26:56	0:38:45	0:03:43	2:51:42	0:02:13	1:50:32	Brazil	
8d50a4ea-44c7-f011-bbd3-000d3a5b50ba	563	Gustavo Tomei Conde E Carvalho	M	M30-34	106	5:27:09	0:37:27	0:06:41	2:43:37	0:03:38	1:55:46	Brazil	
9dd3ba20-c545-4d2e-aef6-d15ba6308ffc	564	Bruno Ornellas	M	M45-49	58	5:27:11	0:39:11	0:06:49	2:53:53	0:03:19	1:43:59	Brazil	
ed833b0a-102c-ef11-840a-6045bd0953ac	565	Flavia Antunes	F	F40-44	7	5:27:20	0:34:50	0:06:40	2:54:27	0:02:50	1:48:32	Brazil	
28e8ace9-73fb-ee11-a1ff-000d3a314c24	566	Thiago Dantas	M	M45-49	59	5:27:22	0:39:37	0:05:36	2:44:05	0:03:01	1:55:03	Brazil	
8c34a1c6-0fb1-ef11-b8e9-000d3a5a1803	567	Akihiro Muranaka	M	M35-39	106	5:27:23	0:44:02	0:06:14	2:49:41	0:03:39	1:43:47	Unknown	
4e3bcb9c-aecb-f011-bbd3-000d3a3173b5	568	Fabio Luchesi Neto	M	M25-29	80	5:27:25	0:42:48	0:06:02	2:47:11	0:04:31	1:46:54	Brazil	
b2a6ec0e-4fb5-f111-aaac-6045bd06566a	569	Carolina Carillo	F	F30-34	7	5:27:41	0:33:27	0:05:05	2:45:02	0:02:30	2:01:38	Brazil	
251f9f80-464b-49ea-a7fd-b261c4339532	570	Rafael Mendonca Maia	M	M35-39	107	5:27:46	0:38:38	0:06:09	2:53:06	0:04:40	1:45:13	Brazil	
e21c5299-2d79-4396-9592-60a63fb38c73	571	Flavio Marin Junior	M	M45-49	60	5:27:46	0:32:15	0:06:05	2:43:49	0:03:16	2:02:20	Brazil	
165c9fca-5788-48b8-8fbf-60d6a9bfc749	572	Mark Bishop	M	M40-44	84	5:27:48	0:39:06	0:06:15	2:53:45	0:03:13	1:45:30	Brazil	
1889fb50-0353-41a6-81ef-4a6f266f548b	573	Fabio Yukio Pereira Hayasida	M	M30-34	107	5:27:51	0:41:05	0:06:17	2:55:27	0:02:46	1:42:17	Brazil	
15231572-b5c2-4b99-989d-570d4332d4dc	574	Gustavo Henrique Cintra	M	M18-24	31	5:28:00	0:36:14	0:05:26	3:00:37	0:02:09	1:43:34	Brazil	
78856c0c-80d7-4fed-8a73-6c2f8b65abf3	575	Ricardo Dellova	M	M45-49	61	5:28:07	0:49:06	0:06:52	2:37:38	0:04:51	1:49:39	Brazil	
8020adcb-3a9a-f011-b4cc-000d3a3173b5	576	Aline Alexa	F	F25-29	11	5:28:09	0:37:43	0:04:36	2:59:22	0:03:40	1:42:48	Brazil	
5abf28b8-44c7-f011-bbd3-000d3a5cf7d8	577	Carlos Henrique Nascimento Da Silva	M	M40-44	85	5:28:10	0:38:21	0:06:09	2:41:24	0:02:59	1:59:17	Brazil	
ac2eda0e-45c7-f011-bbd3-000d3a5cf7d8	578	Lucas Benitez	M	M25-29	81	5:28:21	0:40:27	0:05:25	2:55:55	0:02:51	1:43:42	Brazil	
88179bc7-36c7-f011-bbd2-000d3a5b5fc7	579	Emerson Leal Da Conceicao	M	M30-34	108	5:28:25	0:39:44	0:03:47	2:57:04	0:02:07	1:45:41	Brazil	
bddd59bc-94e3-4762-a902-6557d5ebb259	580	Jeferson Gomes De Melo Neto	M	M45-49	62	5:28:28	0:39:13	0:06:38	2:37:44	0:09:15	1:55:38	Brazil	
1e8a229d-7a0e-4463-afa5-280e149980a6	581	Murilo Trigo	M	M45-49	63	5:28:29	0:42:14	0:04:55	2:35:39	0:03:13	2:02:29	Brazil	
70493569-3c9a-f011-b4cc-000d3a5b50ba	582	Mauricio Fernando Da Silveira Franciozi	M	M45-49	64	5:28:37	0:41:34	0:07:11	2:39:15	0:03:18	1:57:20	Brazil	
0af6e6f8-adae-f011-bbd3-6045bd05f634	583	Victor Filgueiras	M	M35-39	108	5:28:45	0:47:17	0:07:17	2:53:34	0:02:49	1:37:47	Brazil	
7a8f0ed0-45c7-f011-bbd2-000d3a5b5fc7	584	Yuri Naveira De Souza	M	M30-34	109	5:28:55	0:36:36	0:06:18	2:53:58	0:04:08	1:47:56	Brazil	
b719ba2f-43c7-f011-bbd3-000d3a5cf7d8	585	Renan Da Silva Capeluppi	M	M30-34	110	5:29:01	0:35:30	0:03:55	2:43:43	0:02:30	2:03:23	Brazil	
020a0618-069a-f011-b4cc-002248098cfa	586	Ivanildo Arruda	M	M35-39	109	5:29:06	0:45:08	0:05:06	2:42:10	0:02:29	1:54:13	Brazil	
8bda6199-2c6b-ef11-bfe3-000d3a371e3b	587	Bruno Shinohara	M	M45-49	65	5:29:16	0:45:37	0:06:01	2:55:26	0:01:59	1:40:13	Brazil	
e6cc03d1-c840-f011-b4cb-6045bd05f634	588	Guilherme Martins Batista Da Silva	M	M25-29	82	5:29:16	0:37:47	0:04:20	2:46:58	0:02:37	1:57:34	Brazil	
172514dc-f5a1-4c50-9d12-b4b72a3090bc	589	Gustavo Moniz	M	M55-59	8	5:29:16	0:31:04	0:06:18	2:39:01	0:02:18	2:10:34	Brazil	
31c88c6b-bda4-4ece-86d1-05d045b8b575	590	Fernando Ferrari Senerine	M	M30-34	111	5:29:20	0:37:03	0:06:05	2:52:58	0:03:55	1:49:19	Brazil	
c2ff3f34-1884-46d6-b8a1-fba029726ec3	591	Lucas Da Paixao Carnival	M	M30-34	112	5:29:24	0:45:20	0:05:50	2:49:59	0:02:50	1:45:25	Brazil	
3be3a425-9e98-f011-b4cc-000d3a5b7c3b	592	Marcelo Ferreira	M	M35-39	110	5:29:33	0:39:33	0:05:54	2:54:34	0:03:30	1:46:02	Brazil	
dadea4b8-43c7-f011-bbd3-000d3a35ffc1	593	Andre Luis Branco De Barros	M	M40-44	86	5:29:38	0:40:03	0:08:13	2:58:54	0:04:37	1:37:51	Brazil	
60d05f1f-7382-4fe9-a600-28deb0a53345	594	Angelica Martins	F	F45-49	7	5:29:45	0:34:31	0:05:39	3:03:20	0:02:29	1:43:46	Brazil	
39f1dd7c-c615-ee11-8f6e-000d3a314d17	595	TALES CATÃO MONTE RASO		M50-54	31	5:29:46	0:32:24	0:06:00	2:45:24	0:02:16	2:03:42	Brazil	
bf1cf142-45c7-f011-bbd3-0022480c097c	596	Hebert Hiroyuki Taira	M	M35-39	111	5:29:46	0:35:54	0:05:02	2:41:44	0:03:11	2:03:55	Brazil	
8c9cab15-44c7-f011-bbd3-000d3a5cf7d8	597	Cristiano Grizzo	M	M50-54	32	5:29:48	0:30:46	0:07:38	2:46:08	0:06:30	1:58:46	Brazil	
39e9e6a5-8b54-43c1-a1ab-12639d6ad81d	598	Ademir Sousa	M	M50-54	33	5:29:52	0:34:45	0:05:06	2:57:01	0:03:19	1:49:40	Brazil	
f8e384a5-ad1d-ef11-840b-6045bd012ace	599	Ricardo Maranhão Neves	M	M35-39	112	5:29:55	0:39:34	0:04:22	2:46:50	0:02:52	1:56:17	Brazil	
d99c17bc-44c7-f011-bbd3-6045bd05fcc1	600	Gabriel Queiroz Rodrigues	M	M30-34	113	5:29:57	0:45:44	0:05:48	2:49:57	0:03:10	1:45:17	Brazil	
769a6d07-3324-f011-8c4d-000d3a5cf7d8	601	Juliano Andrade	M	M45-49	66	5:29:59	0:33:58	0:06:19	2:45:32	0:03:27	2:00:43	Brazil	
18308506-45c7-f011-bbd3-0022480a7385	602	Alexandre Pires Bretas	M	M40-44	87	5:30:02	0:37:10	0:05:00	2:53:22	0:02:07	1:52:23	Brazil	
54e6783a-d0b0-ef11-b8e9-6045bd048089	603	Pedro Liguori	M	M18-24	32	5:30:12	0:31:48	0:04:59	2:49:55	0:02:59	2:00:32	Brazil	
c19a8871-c379-4d06-8fb1-946caada1684	604	Matheus Mathedi Concon	M	M35-39	113	5:30:46	0:36:52	0:05:08	2:58:18	0:03:14	1:47:15	Brazil	
12ebaf28-45c7-f011-bbd3-0022480a7385	605	Bruno Mendes Lopes	M	M30-34	114	5:30:51	0:37:53	0:05:26	2:54:37	0:02:29	1:50:26	Brazil	
ec903dc4-6949-f011-877a-6045bd05fcc1	606	Vitor Maia	M	M35-39	114	5:30:54	0:44:06	0:08:18	2:45:06	0:02:49	1:50:35	Brazil	
f404cb92-2b57-4c42-b363-84b9037ad078	607	Felipe Da Silva Santos	M	M40-44	88	5:31:03	0:39:36	0:07:37	2:47:41	0:05:01	1:51:08	Brazil	
7f25a709-44c7-f011-bbd3-000d3a5cf7d8	608	Melissa david	F	F30-34	8	5:31:04	0:34:41	0:07:18	2:49:29	0:03:02	1:56:35	Brazil	
0e99a6a7-45c7-f011-bbd3-000d3a3173b5	609	Everton Carpanezi	M	M40-44	89	5:31:05	0:40:04	0:08:24	3:00:02	0:02:18	1:40:16	Brazil	
a225acaf-b81b-42a7-8cca-a51af292c363	610	Thierry Devisscher Done	M	M25-29	83	5:31:05	0:37:55	0:06:49	2:51:15	0:04:45	1:50:21	Brazil	
49f75b76-b825-4da0-b905-24b48f0f1d65	611	Marcos Antonio Mollica	M	M50-54	34	5:31:11	0:40:46	0:09:50	2:54:16	0:04:38	1:41:42	Brazil	
7bc06bdb-5a24-f011-8c4d-6045bd09951e	612	JOAO UCHOA	M	M30-34	115	5:31:14	0:40:47	0:06:55	2:42:26	0:03:32	1:57:35	Brazil	
e8868f1c-d5c1-4985-a624-790c068083b5	613	Rafael Benedito Dutra Ferreira	M	M40-44	90	5:31:15	0:37:37	0:05:39	2:51:09	0:04:22	1:52:29	Brazil	
21dd77e4-8453-4a64-a225-18fd9a47fa0d	614	Roberto Campos De Lima	M	M55-59	9	5:31:22	0:41:48	0:06:04	2:48:04	0:04:28	1:50:59	Brazil	
d46af07b-7aa6-ef11-8a6a-000d3a59a9a1	615	Francisco Mendonça	M	M40-44	91	5:31:31	0:34:07	0:04:52	2:50:03	0:04:22	1:58:08	Brazil	
2738fcc2-43c7-f011-bbd3-6045bd05fcc1	616	Leonardo Fernandes Lopes	M	M40-44	92	5:31:34	0:38:35	0:06:40	2:43:04	0:03:52	1:59:23	Brazil	
6d3d7353-e468-4813-88a1-bb89aae356f4	617	Carlos Viana	M	M65-69	1	5:31:36	0:36:43	0:07:17	2:49:43	0:05:32	1:52:21	Brazil	
0af29935-8ba0-47b2-8c52-95ea17568511	618	Kelly Vargas Da Silva	F	F45-49	8	5:31:38	0:40:49	0:05:53	2:57:06	0:02:40	1:45:10	Brazil	
d32a0992-44c7-f011-bbd3-000d3a3173b5	619	Luiz Felipe Aquillas Afini	M	M35-39	115	5:31:41	0:35:01	0:05:48	3:06:00	0:02:49	1:42:04	Brazil	
32f2d2d9-8aa6-ef11-8a6a-000d3a5a1803	620	Ana Campi	F	F25-29	12	5:31:42	0:33:42	0:05:13	2:56:40	0:03:10	1:52:56	Brazil	
6504a580-2ac7-f011-bbd3-6045bd05fcc1	621	Gustavo Gomez Rodrigues	M	M25-29	84	5:31:46	0:36:35	0:07:48	2:48:41	0:02:48	1:55:53	Brazil	
6ac41334-45c7-f011-bbd3-000d3a5cf7d8	622	Gabriella Villar Natal	F	F25-29	13	5:32:01	0:38:50	0:04:57	3:04:37	0:02:18	1:41:19	Brazil	
573f9de7-d5b8-f011-bbd3-6045bd05fcc1	623	Antonio Jorge	M	M35-39	116	5:32:11	0:41:23	0:04:40	2:59:11	0:02:10	1:44:46	Brazil	
4b0266bb-45c7-f011-bbd3-000d3a5cf7d8	624	Lucas Ganzarolli Da Silva	M	M35-39	117	5:32:20	0:49:06	0:06:18	2:47:11	0:02:54	1:46:50	Brazil	
0cb5e423-46c7-f011-bbd3-000d3a35ffc1	625	Camila Serakides	F	F35-39	9	5:32:43	0:50:09	0:04:32	2:58:23	0:02:16	1:37:22	Brazil	
5c29fdd6-006c-4d1c-9a5d-98c1dab1f60c	626	Eduardo Giannotti Felisette	M	M45-49	67	5:32:59	0:38:53	0:05:58	2:53:21	0:04:23	1:50:24	Brazil	
3b9daf20-bf7e-f011-b4cc-000d3a35ffc1	627	Pedro Caetano	M	M30-34	116	5:32:59	0:40:00	0:06:30	2:46:21	0:03:30	1:56:37	Brazil	
91e23bb8-46c7-f011-bbd2-000d3a5b7c3b	628	Lorena Queiroz De Moraes Sawaya	F	F25-29	14	5:32:59	0:40:02	0:06:50	2:56:54	0:03:29	1:45:44	Brazil	
af654ef4-1869-463b-8c0a-6b49b257a4e0	629	Uitsmar Lima Filho	M	M25-29	85	5:33:08	0:46:15	0:05:22	2:52:47	0:02:04	1:46:40	Brazil	
62e9b90b-f0bd-48d6-af9b-3a4086bbcb55	630	Leonardo Coelho Cerqueira	M	M50-54	35	5:33:14	0:35:51	0:06:00	2:50:16	0:04:51	1:56:16	Brazil	
5d496c4e-6ad9-461e-8971-3fadb8bf624b	631	Lucio Cantarelli Noal	M	M45-49	68	5:33:22	0:43:10	0:06:37	2:47:19	0:03:29	1:52:47	Brazil	
05798c22-26e6-42f4-adaa-e612eeea0044	632	Marlos Correa Da Costa Gomes	M	M40-44	93	5:33:24	0:43:41	0:05:14	2:46:35	0:02:59	1:54:55	Brazil	
bd5e2841-46c7-f011-bbd3-000d3a3173b5	633	Francielly De Oliveira Correia	F	F25-29	15	5:33:27	0:38:49	0:04:57	2:51:06	0:02:04	1:56:31	Brazil	
e44c9e30-46c7-f011-bbd3-0022480c097c	634	Fernanda Gaiolli De Sanches Osorio	F	F25-29	16	5:33:30	0:38:04	0:05:53	2:56:30	0:03:25	1:49:38	Brazil	
446d5a7d-2a5b-49af-8471-1c7340cd3ae0	635	Felipe Santana Kawakami	M	M18-24	33	5:33:30	0:38:51	0:05:13	2:50:18	0:02:29	1:56:39	Brazil	
fb2113aa-4885-4827-81e9-ebd838b086d0	636	Joao Marcos Dal Bello Lauria	M	M30-34	117	5:33:30	0:43:30	0:05:19	2:49:55	0:03:44	1:51:02	Brazil	
ac5cd5d7-3db2-ef11-b8e9-000d3a5a1803	637	Rafael Jose Lobo Ferreira	M	M35-39	118	5:33:31	0:33:16	0:05:13	2:49:15	0:02:31	2:03:16	Brazil	
9f0cd656-df77-438d-9927-916c2a0004e2	638	Pedro Magnani	M	M35-39	119	5:33:36	0:41:35	0:06:13	2:39:33	0:05:47	2:00:28	Brazil	
f4e7f29f-45c7-f011-bbd3-6045bd05f634	639	Arthur Honorio Guedes Pinheiro	M	M25-29	86	5:33:38	0:37:33	0:07:22	2:51:52	0:03:28	1:53:24	Brazil	
1274e761-99a2-48ed-a6f0-aeb12843ed9f	640	Rafael Marchi	M	M40-44	94	5:33:46	0:37:22	0:06:42	2:42:04	0:03:02	2:04:36	Brazil	
30dbbcf7-6600-40fc-89b1-e76c9cef1542	641	Leandro Silva Mesquita	M	M40-44	95	5:33:46	0:33:48	0:08:33	2:47:54	0:05:20	1:58:11	Brazil	
ffe5a88a-359a-f011-b4cc-6045bd05fcc1	642	Diego Lopes	M	M40-44	96	5:33:47	0:40:10	0:06:20	2:47:36	0:03:38	1:56:03	Brazil	
5984bdce-39a5-f011-bbd3-6045bd05fcc1	643	Antonio FIRMINO DE MIRANDA NETO	M	M40-44	97	5:34:04	0:49:38	0:10:16	2:43:36	0:05:59	1:44:35	Brazil	
1107ea1b-e4f7-46df-b11c-950d9d5821cd	644	Victor Guilherme Santos Silva	M	M25-29	87	5:34:06	0:34:29	0:06:51	2:50:14	0:05:38	1:56:54	Brazil	
949c1acf-30c7-f011-bbd3-6045bd05f634	645	DANILO MALMONGE BARBOSA LUCIANO	M	M25-29	88	5:34:08	0:36:27	0:06:00	2:51:05	0:02:09	1:58:27	Brazil	
ae6c4867-82aa-4410-81f9-ce0687e7afd4	646	Guilherme Rios	M	M40-44	98	5:34:09	0:41:21	0:05:42	2:55:22	0:03:26	1:48:18	Brazil	
2882d9e0-82bd-ef11-b8e8-000d3a5a403c	647	Daniel Hoe	M	M45-49	69	5:34:18	0:32:00	0:06:24	2:56:03	0:02:58	1:56:53	Brazil	
dcfde4fb-bfed-42eb-83ad-7c7bf85ab43a	648	Luciano C Da Silva	M	M45-49	70	5:34:20	0:44:17	0:08:38	2:46:11	0:04:37	1:50:37	Brazil	
088f140c-fa63-497b-9844-8934d745fc53	649	Lavinia Barbosa	F	F18-24	5	5:34:20	0:35:53	0:07:27	2:56:42	0:02:45	1:51:34	Brazil	
460f8d5f-44c7-f011-bbd3-000d3a5cf7d8	650	Fabiano Rodrigues Da Silva	M	M50-54	36	5:34:26	0:39:17	0:07:00	2:46:23	0:04:50	1:56:56	Brazil	
1ca1c9d1-62e5-4612-94a6-f42932fcb4f4	651	Renan Muralho Pereira	M	M35-39	120	5:34:38	0:37:29	0:03:49	3:04:33	0:03:39	1:45:08	Brazil	
cacdd553-46c7-f011-bbd3-0022480a7385	652	Gregory Caniche	M	M35-39	121	5:34:42	0:39:49	0:06:59	2:50:47	0:06:02	1:51:05	Brazil	
4a2031ef-43c7-f011-bbd3-6045bd05f634	653	Paulo Eduardo Pileggi	M	M45-49	71	5:34:50	0:33:32	0:07:14	2:56:20	0:05:05	1:52:38	Brazil	
8cd6453b-9eea-4112-8264-b61b9e103ebe	654	Luana Wernersbach Salume	F	F18-24	6	5:35:04	0:36:24	0:05:27	2:50:37	0:03:26	1:59:11	Brazil	
7d3bc02c-46c7-f011-bbd3-6045bd05f634	655	Leila Motta	F	F40-44	8	5:35:05	0:44:10	0:05:08	2:51:57	0:02:23	1:51:28	Brazil	
70b66fef-be1b-4e93-8a31-a8e42f0d31c6	656	Leonardo Porto	M	M50-54	37	5:35:07	0:32:20	0:06:58	2:55:47	0:04:31	1:55:30	Brazil	
605bd2a2-fe61-4848-9a5a-fcf31b6ecc09	657	JOAO VICTOR MARTINS BRAGA	M	M30-34	118	5:35:16	0:35:11	0:04:53	2:46:12	0:03:28	2:05:32	Brazil	
4fe6f622-44c7-f011-bbd3-6045bd09951e	658	Sergio Ferraz De Marins Junior	M	M45-49	72	5:35:16	0:42:11	0:10:09	2:43:38	0:05:11	1:54:08	Brazil	
bd69d766-9f60-4ba6-bf1e-12dd620f5f78	659	Denilson De Paula Machado	M	M55-59	10	5:35:21	0:34:34	0:05:49	2:53:28	0:03:30	1:58:00	Brazil	
1e0e7ef0-486e-4620-a297-d1b432855af4	660	FERNANDO PATERNOSTRO	M	M45-49	73	5:35:27	0:34:07	0:06:20	2:53:27	0:04:01	1:57:32	Brazil	
93cec43b-78e4-4e73-bfd0-67936f0734c9	661	cristiane quartaroli cheung	F	F45-49	9	5:35:30	0:42:45	0:07:11	2:54:21	0:04:02	1:47:10	Brazil	
8b940bf3-3e11-4be3-9841-8de86a4e6adc	662	Vanessa Brischi Olivatto Fioravanti	F	F35-39	10	5:35:30	0:41:09	0:04:01	3:05:39	0:02:42	1:41:58	Brazil	
7c53f783-43c7-f011-bbd3-6045bd09951e	663	Bruna Caroline Do Nascimento	F	F25-29	17	5:35:32	0:42:14	0:03:31	2:54:41	0:02:11	1:52:56	Brazil	
7058f0f6-0a6a-ef11-bfe3-00224809ab10	664	Diego Lee Rondon	M	M35-39	122	5:35:36	0:40:50	0:05:34	2:55:01	0:03:09	1:51:02	Brazil	
abe7b7d9-45c7-f011-bbd3-000d3a3173b5	665	Cesar Sousa De Oliveira	M	M30-34	119	5:35:42	0:47:55	0:06:23	2:45:42	0:03:25	1:52:16	Brazil	
693d6f2c-ed39-4e44-a731-bf2dffdb2d68	666	Mariana Lautenschlager	F	F40-44	9	5:35:46	0:36:49	0:05:23	3:00:12	0:02:54	1:50:28	Brazil	
84c417d8-6461-ef11-bfe3-000d3a37be46	667	Jonas Marcio Santos De Oliveira	M	M35-39	123	5:35:46	0:45:53	0:07:09	2:47:36	0:03:51	1:51:16	Brazil	
2de4469e-d940-406e-a461-0add4d2808eb	668	Recacho Recacho	M	M35-39	124	5:35:47	0:40:21	0:07:40	2:50:09	0:04:52	1:52:46	Brazil	
d56dd684-af98-f011-b4cc-000d3a35ffc1	669	GUILHERME DEMARCHI	M	M40-44	99	5:35:51	0:41:39	0:07:01	2:41:45	0:04:09	2:01:17	Brazil	
db23d3df-bfd2-4e84-9073-c04e0b748d93	670	Daniel Santos De Souza	M	M35-39	125	5:35:51	0:44:30	0:06:20	2:42:24	0:03:16	1:59:23	Brazil	
c38a9a82-46c7-f011-bbd2-000d3a5b5fc7	671	Eduardo Rafaldini Zacarias	M	M25-29	89	5:35:56	0:38:18	0:06:19	2:59:34	0:02:08	1:49:36	Brazil	
18ef7a40-7530-47fe-8d0a-9f41937747b2	672	Stenyo Lago	M	M35-39	126	5:35:56	0:40:47	0:05:35	2:42:55	0:04:29	2:02:11	Brazil	
e11f90e3-45c7-f011-bbd2-000d3a5b5fc7	673	Leonardo Miguel Estefan	M	M25-29	90	5:35:58	0:37:18	0:06:34	3:05:47	0:02:32	1:43:47	Brazil	
43e8d42a-389a-f011-b4cc-002248098cfa	674	Renato Dias	M	M30-34	120	5:36:00	0:37:05	0:06:19	2:53:04	0:03:14	1:56:19	Brazil	
51f8a3b2-d128-f011-8c4d-000d3a5cf7d8	675	Fábio Peralta	M	M55-59	11	5:36:14	0:40:02	0:05:14	2:49:21	0:03:55	1:57:42	Brazil	
b30b087d-fe42-f011-b4cb-000d3a35ffc1	676	Luiz Matos	M	M40-44	100	5:36:15	0:39:42	0:05:30	2:36:45	0:02:39	2:11:38	Brazil	
0b05bdaa-8dc1-f011-bbd3-002248098cfa	677	Roberto Bragaglia	M	M18-24	34	5:36:24	0:35:00	0:06:15	2:54:37	0:02:43	1:57:49	Brazil	
8926ad60-3b46-4d2a-81c3-3a8cbc235aac	678	Felipe De Castro Simoes De Souza	M	M25-29	91	5:36:26	0:36:42	0:05:40	2:47:51	0:02:30	2:03:43	Brazil	
e04bbc40-d648-498d-86b6-2169c89a7d5a	679	KARINA IRENO	F	F50-54	1	5:36:32	0:37:28	0:06:54	2:51:25	0:02:38	1:58:07	Brazil	
0e44ba75-43c7-f011-bbd2-000d3a5b5fc7	680	Pedro Henrique Alves Correa	M	M25-29	92	5:36:34	0:39:54	0:07:15	2:58:07	0:05:32	1:45:45	Brazil	
543f225b-7b8e-4769-8cdb-a913cee075cb	681	Emerson Timba	M	M30-34	121	5:36:35	0:45:09	0:05:10	2:48:44	0:03:17	1:54:16	Brazil	
f881c865-43c7-f011-bbd3-6045bd05fcc1	682	Carlos Gomes	F	M30-34	122	5:36:36	0:40:45	0:07:15	2:43:51	0:03:22	2:01:23	Brazil	
4dd31409-a9bc-ef11-b8e9-002248049fdc	683	Daniel Mcgregor von Hellmann	M	M30-34	123	5:36:36	0:40:09	0:04:56	2:49:58	0:02:23	1:59:10	Brazil	
770e0455-43c7-f011-bbd3-000d3a3173b5	684	Andrea Dematte	F	F40-44	10	5:36:49	0:41:46	0:06:44	2:55:49	0:02:04	1:50:26	Brazil	
2f3d2b53-c009-453d-9617-5501c42379f8	685	MOHAMAD EL FAKIH	M	M35-39	127	5:36:54	0:37:14	0:07:52	3:00:54	0:02:44	1:48:10	Brazil	
6b1e06de-2787-48df-bd5f-3822fee3f007	686	Carlos Diego Bertoncello Paschoalini	M	M30-34	124	5:36:54	0:36:39	0:09:59	2:58:24	0:04:56	1:46:57	Brazil	
86e706eb-ba64-467d-b883-1dbb40fc3283	687	Talita Saab	F	F40-44	11	5:37:00	0:34:08	0:06:07	2:52:41	0:03:20	2:00:43	Brazil	
3a9da5ad-6e4e-ef11-a317-6045bd0953ac	688	MIGUEL AROUCA	M	M18-24	35	5:37:13	0:36:10	0:05:01	2:48:31	0:03:01	2:04:30	Brazil	
2a456a10-46c7-f011-bbd3-6045bd05fcc1	689	Flavia Bellizia Amaral Rolim	F	F30-34	9	5:37:14	0:37:41	0:06:25	3:04:44	0:02:40	1:45:45	Brazil	
96095077-b2be-44e2-bf84-485aa1764d4a	690	Victor Ordonez	M	M25-29	93	5:37:16	0:37:32	0:06:29	2:59:16	0:03:49	1:50:10	Brazil	
7c50a4ea-44c7-f011-bbd3-000d3a5b50ba	691	Alan Annibal Schmidt	M	M45-49	74	5:37:21	0:35:27	0:05:44	2:47:34	0:02:23	2:06:13	Brazil	
225229a4-44c7-f011-bbd3-000d3a3173b5	692	Guilherme Tadeu Borges Coutinho	M	M30-34	125	5:37:37	0:39:39	0:07:03	3:00:08	0:04:41	1:46:07	Brazil	
cd50b6b8-9e99-f011-b4cc-000d3a5b7c3b	693	Marina Inocencio	F	F35-39	11	5:37:46	0:33:52	0:06:06	2:52:11	0:02:46	2:02:51	Brazil	
f874e8e6-2877-431b-9231-2340f2452ddd	694	Caio De Moraes Ribeiro	M	M35-39	128	5:37:57	0:47:57	0:05:37	2:49:55	0:03:01	1:51:27	Brazil	
fdd2c905-45c7-f011-bbd3-000d3a3173b5	695	Pamela Cinara Carvalho De Oliveira Dal Lin	F	F40-44	12	5:37:57	0:39:56	0:06:00	2:58:37	0:01:59	1:51:26	Brazil	
fd3ca8be-1408-f111-8406-0022480994c2	696	Olivia Seadon	F	F25-29	18	5:37:58	0:40:54	0:04:08	2:57:10	0:02:29	1:53:19	Brazil	
84a907d3-2776-f011-b4cc-000d3a5b50ba	697	elton maia	M	M45-49	75	5:38:03	0:46:13	0:05:30	2:46:35	0:03:03	1:56:42	Brazil	
f2397ba1-43c7-f011-bbd3-000d3a5b50ba	698	Max Andrey Andrada Magalhaes	M	M50-54	38	5:38:08	0:49:39	0:06:30	2:55:37	0:03:33	1:42:49	Brazil	
8db1fc55-829f-4e2b-ad73-6ab7e11f3237	699	Leonardo Negrao Ariki	M	M40-44	101	5:38:19	0:33:36	0:06:33	2:47:14	0:03:09	2:07:47	Brazil	
3719ae3c-d879-ef11-a670-002248049fdc	700	Pedro Martins	M	M18-24	36	5:38:30	0:35:37	0:06:04	2:45:36	0:03:42	2:07:31	Brazil	
20721056-babb-493f-b585-22a145b30c9c	701	Anderson Adamo Sembongui	M	M45-49	76	5:38:36	0:44:55	0:07:05	2:38:37	0:06:54	2:01:06	Brazil	
4962353a-9b5a-4d16-b08a-53e40c116483	702	Rogerio Lobao	M	M50-54	39	5:38:40	0:32:09	0:04:38	2:39:51	0:02:43	2:19:20	Brazil	
37ff7161-e0a6-48ec-84e0-258e5aaf1caf	703	Rodrigo Sartori	M	M40-44	102	5:38:48	0:48:57	0:08:42	2:48:30	0:04:46	1:47:54	Brazil	
f833d8af-c7bb-4ad8-a2b8-4be76329db76	704	Leonardo Vitale Depieri	M	M30-34	126	5:38:59	0:43:52	0:05:12	2:55:47	0:03:49	1:50:19	Brazil	
6ae680e6-4882-4b22-8fd5-c3612cb2ed70	705	Mauricio Hidalgo	M	M60-64	3	5:39:00	0:34:06	0:07:23	3:00:29	0:04:03	1:52:58	Brazil	
06af6254-45c7-f011-bbd2-000d3a5b7c3b	706	Carlos Renato Palazzo	M	M45-49	77	5:39:08	0:38:21	0:08:24	2:51:48	0:05:23	1:55:12	Brazil	
b18f9443-cc54-405f-8dac-8c922b3b25c0	707	Leonardo Augusto Simoes	M	M30-34	127	5:39:16	0:36:22	0:06:48	3:00:22	0:04:44	1:50:59	Brazil	
e721c0ff-66e2-4170-8889-3e343f1ec052	708	Bruno Mariotto	M	M35-39	129	5:39:22	0:44:32	0:07:20	2:39:35	0:03:07	2:04:49	Brazil	
98c233b3-e2ab-43b2-943f-74902919a401	709	Roberto Dellape Jr	M	M40-44	103	5:39:34	0:43:26	0:07:49	2:45:06	0:04:08	1:59:05	Brazil	
c8ed5ecc-45c7-f011-bbd3-000d3a3173b5	710	Guilherme Miranda Tito	M	M18-24	37	5:39:38	0:48:16	0:05:32	3:00:35	0:03:20	1:41:54	Brazil	
08c32706-e862-47b9-bba4-d6b31aad8b8a	711	Paulo Eduardo Do Nascimento Silva	M	M40-44	104	5:39:46	0:37:38	0:07:12	3:12:04	0:03:26	1:39:26	Brazil	
d1a01e04-1830-4418-aace-db572af7496f	712	Jesse Carvalho	M	M40-44	105	5:39:48	0:41:40	0:06:36	2:54:31	0:05:26	1:51:34	Brazil	
7ac7d011-0a58-40ee-bf98-21d49b4c0d54	713	Felipe Siano Rodrigues Da Silva	M	M40-44	106	5:39:53	0:40:29	0:04:36	3:02:48	0:03:14	1:48:46	Brazil	
2e2ecc7f-44c7-f011-bbd2-000d3a5b5fc7	714	Karoline Leite De Oliveira	F	F35-39	12	5:39:58	0:43:04	0:04:02	3:04:44	0:04:11	1:43:57	Brazil	
824a9e34-1379-44bd-aa3f-a9edb69f0977	715	Gabriela Costa Pontes	F	F30-34	10	5:40:08	0:34:53	0:05:44	2:58:36	0:02:02	1:58:53	Brazil	
0da9a3ad-ca85-4409-a9dc-788e4d081527	716	Camila Rodrigues	F	F35-39	13	5:40:19	0:44:54	0:06:28	3:01:27	0:02:48	1:44:42	Brazil	
42a7e3b4-628f-4262-b4e2-b5732c1961dd	717	Paulo Campanha Santana	M	M55-59	12	5:40:31	0:36:04	0:05:43	2:57:37	0:03:24	1:57:42	Brazil	
20dd83fc-2822-4fac-bb0a-bbfb9e99c6b6	718	Roberto Costa E Silva Gargiulo	M	M45-49	78	5:40:39	0:41:39	0:09:32	2:57:36	0:03:11	1:48:42	Brazil	
8f29b7f7-d532-4807-8671-b8e239dd3013	719	Silas Silva E Fonseca Junior	M	M30-34	128	5:40:58	0:38:54	0:05:28	2:51:08	0:03:34	2:01:54	Brazil	
e4c2b14d-45c7-f011-bbd3-000d3a5cf7d8	720	Ricardo Aparecido Feijo Conceicao	M	M45-49	79	5:41:01	0:42:06	0:08:05	2:55:10	0:05:59	1:49:40	Brazil	
781d32bb-9166-4b39-898c-5dffcde6c4e9	721	Paulo Lucas Leal Dos Santos	M	M35-39	130	5:41:07	0:38:10	0:05:56	2:59:33	0:05:23	1:52:04	Brazil	
52f2e78b-44c7-f011-bbd3-000d3a5cf7d8	722	Rian Gomes Taha	M	M18-24	38	5:41:17	0:31:38	0:04:49	2:47:18	0:02:47	2:14:45	Brazil	
e31c1b38-4479-4eb9-8528-2e2da088c7e9	723	Thiago Cabrino Oliveira	M	M25-29	94	5:41:21	0:41:19	0:04:47	3:13:49	0:02:08	1:39:18	Brazil	
01b5312f-3b9a-f011-b4cc-0022480a7385	724	Victor Branco	M	M25-29	95	5:41:22	0:36:56	0:10:38	2:58:46	0:07:24	1:47:38	Brazil	
1af4d7c3-139e-468b-b742-04a992bc6ef5	725	Wilben Marochio Bohac	M	M40-44	107	5:41:23	0:37:09	0:07:21	3:01:59	0:04:34	1:50:20	Brazil	
23b84767-61a0-48de-9117-67d98185f9ea	726	Rodrigo Merlim	M	M45-49	80	5:41:34	0:36:30	0:05:00	2:58:21	0:04:55	1:56:47	Brazil	
b3a41133-57e4-4494-b4d3-f3518d376a76	727	Frederico Ferreira	M	M35-39	131	5:41:37	0:34:21	0:08:28	3:00:34	0:05:52	1:52:23	Brazil	
6b676943-4c74-488b-9e76-d358b86babcd	728	Armando Arronche Neto	M	M25-29	96	5:41:37	0:39:13	0:08:29	2:43:52	0:05:32	2:04:31	Brazil	
f9c330ba-3164-f111-a826-6045bd06566a	729	Gustavo Farinelli	M	M35-39	132	5:41:38	0:44:41	0:08:29	2:49:15	0:05:06	1:54:07	Brazil	
89ba40b0-44c7-f011-bbd3-000d3a3173b5	730	Gabriel Toledo Peregrino	M	M30-34	129	5:41:41	0:39:16	0:06:17	3:00:50	0:04:31	1:50:47	Brazil	
791ae5b5-cc4c-4c71-9c17-ef8a66aa762a	731	Augusto Volpi Magluf Mattos Ribeiro	M	M30-34	130	5:41:47	0:44:29	0:05:18	2:49:05	0:04:12	1:58:45	Brazil	
8d9b5ea3-6a81-4c90-a012-fb37586725ad	732	Moroni De Souza Castro Alves	M	M30-34	131	5:41:49	0:41:04	0:06:40	3:00:42	0:03:39	1:49:45	Brazil	
23b5b172-4608-f011-bae2-000d3a5b7c3b	733	Eduardo Ferro de Grava	M	M45-49	81	5:42:08	0:31:56	0:06:42	3:05:54	0:02:55	1:54:42	Brazil	
098662f4-42c7-f011-bbd3-6045bd05f634	734	Pedro Henrique Mael Timoteo Dos Santos	M	M30-34	132	5:42:17	0:40:05	0:05:12	2:55:02	0:03:32	1:58:25	Brazil	
e3ca83a7-4c7a-4960-a25f-051247c8ea98	735	Rachel Ribeiro Tavares	F	F40-44	13	5:42:18	0:38:51	0:08:36	2:54:42	0:03:23	1:56:46	Brazil	
f8453d8e-45c7-f011-bbd3-000d3a3173b5	736	Guilherme Augusto Alves De Aguiar	M	M30-34	133	5:42:24	0:43:14	0:06:29	3:04:57	0:03:14	1:44:29	Brazil	
bd2f79ce-21be-478a-9cd4-6e915331b0c5	737	Elton Marcos Fernandes Gonçalves	M	M50-54	40	5:42:37	0:42:41	0:08:35	2:45:07	0:04:55	2:01:18	Brazil	
3d7ad614-9144-f011-877a-6045bd05f634	738	Henrique Morgatto	M	M35-39	133	5:42:38	0:34:54	0:07:14	2:56:39	0:04:23	1:59:27	Brazil	
c548e933-386a-ef11-bfe3-00224808301f	739	Amanda Rocco	F	F30-34	11	5:42:39	0:35:25	0:06:16	3:13:28	0:03:48	1:43:40	Brazil	
279bbd43-4753-40bc-8b34-894a12e793b3	740	RODRIGO PINHEIRO SOARES GOMES	M	M40-44	108	5:42:44	0:42:24	0:04:54	2:51:37	0:02:43	2:01:08	Brazil	
7eb1a57c-46c7-f011-bbd3-0022480c097c	741	Wendell Gomes Pereira	M	M50-54	41	5:42:44	0:36:35	0:06:09	3:00:32	0:04:13	1:55:15	Brazil	
9eaa7998-46c7-f011-bbd3-000d3a35ffc1	742	Jonas Emanuel Ferreira	M	M45-49	82	5:42:55	0:46:33	0:07:39	2:58:45	0:03:28	1:46:30	Brazil	
ab5d47ec-be21-4b66-9566-4278ec2c3c6c	743	LARISSA MARIA PASSARELA GODOY	F	F35-39	14	5:43:04	0:46:04	0:08:20	2:55:32	0:04:12	1:48:56	Brazil	
8fe77d3a-44c7-f011-bbd2-000d3a5b7c3b	744	Thiago Borges Lima	M	M35-39	134	5:43:06	0:40:54	0:07:58	3:03:50	0:04:24	1:46:00	Brazil	
58d068c5-44c7-f011-bbd3-000d3a5b50ba	745	Bruno Pick De Souza	M	M35-39	135	5:43:07	0:35:51	0:05:54	3:08:09	0:02:29	1:50:44	Brazil	
bba3866f-3a9a-f011-b4cc-000d3a35ffc1	746	Luiz Paulo Aiello	M	M35-39	136	5:43:11	0:37:07	0:06:40	3:00:37	0:05:26	1:53:22	Brazil	
cfd2785f-0182-43f1-a450-4f4f590b2b5c	747	Maria Julia De Barros Orsolini	F	F35-39	15	5:43:15	0:33:09	0:05:35	3:06:25	0:03:14	1:54:52	Brazil	
208c537e-de00-41a1-adde-dffba1b7872c	748	Christopher Krank	M	M40-44	109	5:43:30	0:47:32	0:06:04	2:46:49	0:03:07	1:59:59	Brazil	
87b687a5-4c94-4f46-9a61-82b8152df65e	749	Fabio Kiyoshi Matsuda	M	M50-54	42	5:43:35	0:37:26	0:10:08	2:54:42	0:04:15	1:57:03	Brazil	
afdbcb44-45c7-f011-bbd3-000d3a5b50ba	750	Rafael Fernandez Figueira Seijas	M	M35-39	137	5:43:37	0:39:23	0:07:19	2:59:45	0:05:27	1:51:43	Brazil	
d061ff66-e70c-4d25-bae7-cb7cbde02653	751	Reginaldo Luis Pinto	M	M45-49	83	5:43:53	0:35:32	0:04:55	3:08:51	0:03:50	1:50:45	Brazil	
bdf0142c-45c7-f011-bbd2-000d3a5b5fc7	752	Cleidson Lima Alves	M	M35-39	138	5:43:58	0:46:45	0:06:59	3:07:15	0:04:27	1:38:31	Brazil	
f2a6fd9b-c7bf-ef11-b8e8-6045bd018d16	753	Vinicius Odo	M	M18-24	39	5:44:02	0:45:25	0:04:35	2:50:26	0:03:14	2:00:21	Brazil	
77a22a31-45c7-f011-bbd3-000d3a35ffc1	754	Marcos Fernandes Cavalcante	M	M35-39	139	5:44:17	0:46:48	0:07:18	2:47:18	0:06:05	1:56:48	Brazil	
934149f4-99a1-4c21-b446-cfba56e1df15	755	Samarone N Martins	M	M35-39	140	5:44:27	0:39:05	0:06:29	3:02:26	0:04:09	1:52:17	Brazil	
8108df26-0309-44c8-8cc8-31e818df860a	756	Vanessa Stefani Sul Moreira	F	F50-54	2	5:44:33	0:38:19	0:06:02	2:59:29	0:02:26	1:58:16	Brazil	
e485cce3-2b03-4921-90cd-4738f836710b	757	Jonatas Kothe	M	M45-49	84	5:44:35	0:39:12	0:05:42	2:48:15	0:03:58	2:07:28	Brazil	
b8618d03-f5d2-4ed3-8be4-6127436c7d93	758	Gabriel Espirito Santo	M	M45-49	85	5:44:51	0:42:14	0:05:17	2:58:54	0:02:19	1:56:08	Brazil	
9ec9dbcf-368a-49fe-bc97-b742f4fd0c98	759	Thiago Vilas Boas Guimaraes	M	M40-44	110	5:45:01	0:49:29	0:06:21	3:03:05	0:03:20	1:42:47	Brazil	
26f26569-73a0-ef11-8a6a-000d3a3126fd	760	Tatiana Martenetz	F	F30-34	12	5:45:01	0:43:37	0:06:58	2:52:39	0:05:58	1:55:50	Brazil	
70de93ea-3d2f-ef11-840b-00224809fd7c	761	Webster Pinheiro	M	M45-49	86	5:45:13	0:39:37	0:07:49	2:51:54	0:03:10	2:02:43	Brazil	
6c5fc497-a574-417f-8e95-32759b585fce	762	Arthur Memolo Portela	M	M40-44	111	5:45:17	0:38:16	0:06:46	3:03:21	0:03:47	1:53:06	Brazil	
73ad82a6-44c7-f011-bbd3-000d3a5b50ba	763	Thiago Mantovani De Souza	M	M40-44	112	5:45:21	0:41:01	0:08:02	3:02:09	0:03:38	1:50:31	Brazil	
84aaea83-03a3-f011-bbd3-0022480a7385	764	Willy Henrique Cavalcanti	M	M40-44	113	5:45:27	0:42:48	0:05:12	2:42:17	0:02:53	2:12:18	Brazil	
094f5b6a-4576-465e-bbab-52e90174a59a	765	Fabianne Racowski	F	F35-39	16	5:45:31	0:41:09	0:05:33	3:07:33	0:04:12	1:47:05	Brazil	
550b70b4-43c7-f011-bbd3-000d3a5b50ba	766	Fernanda Canadinho	F	F30-34	13	5:45:42	0:30:04	0:05:03	3:17:06	0:02:41	1:50:47	Brazil	
c7bb3bf8-6b7d-4eff-8614-c8c849a2d0fb	767	Pedro Zardo Junior	M	M45-49	87	5:45:46	0:45:50	0:07:24	2:46:03	0:04:06	2:02:22	Brazil	
2d75fe45-af71-44c3-af6c-02c1c2809003	768	Rodrigo Ruiz	M	M40-44	114	5:45:56	0:51:33	0:07:00	2:48:14	0:05:16	1:53:53	Brazil	
969f54eb-59f0-4fdf-9455-02a9b45ef283	769	Willow Queiroz De Lima	M	M25-29	97	5:46:00	0:51:31	0:06:02	2:52:32	0:03:32	1:52:23	Brazil	
cd116563-fd62-4c88-8a2a-288ba626ae06	770	Nilson Muniz Lopes Netto	M	M30-34	134	5:46:02	0:41:18	0:05:39	2:49:54	0:03:37	2:05:35	Brazil	
ca623275-50b3-ef11-b8e8-000d3a5a403c	771	Julio Nonato	M	M35-39	141	5:46:13	0:45:11	0:09:11	3:04:06	0:05:03	1:42:42	Brazil	
cb122714-3c9a-f011-b4cc-000d3a5b50ba	772	EDUARDO PANCHERI	M	M55-59	13	5:46:14	0:46:17	0:07:19	2:50:51	0:03:20	1:58:27	Brazil	
d760e08c-466a-4768-a966-7ab1fbd7acdc	773	Felipe Baltazar	M	M25-29	98	5:46:26	0:41:07	0:08:06	2:50:33	0:05:20	2:01:20	Brazil	
66a37204-6c99-f011-b4cc-000d3a5b50ba	774	Rainer Rostirolla	M	M45-49	88	5:46:26	0:38:54	0:06:51	2:59:06	0:04:59	1:56:37	Brazil	
cbce53d1-89b8-4d65-ba35-50431806cf3a	775	Carla Andrea Garcia Luongo	F	F40-44	14	5:46:39	0:40:50	0:07:20	3:05:55	0:03:07	1:49:28	Brazil	
d14430bf-bc24-4d5f-8e7c-b5ec21f80aeb	776	Regis Planas Buil	M	M50-54	43	5:46:43	0:43:50	0:06:46	2:44:50	0:02:53	2:08:24	Brazil	
e6a14a85-86c1-4ef6-97bf-7b39ed8cf4c1	777	Rogéferson Alves da Silva	M	M40-44	115	5:46:49	0:43:25	0:09:02	2:45:02	0:04:20	2:05:00	Brazil	
e85a66e6-87c2-4037-9263-386be8f97ea5	778	Guilherme Falco	M	M18-24	40	5:46:52	0:39:11	0:04:47	3:04:15	0:01:43	1:56:56	Brazil	
a4bf605b-2c57-4381-8d8c-b7b425336f81	779	Rodrigo Sequeiros	M	M45-49	89	5:47:11	0:51:08	0:07:58	2:55:57	0:03:54	1:48:15	Brazil	
e58a7c23-43c7-f011-bbd3-000d3a5cf7d8	780	Vinicius Danton Rodrigues De Souza	M	M25-29	99	5:47:14	0:44:51	0:05:17	3:14:00	0:02:54	1:40:11	Brazil	
b8120690-36c7-f011-bbd3-6045bd09951e	781	Vivian Aguiar Paiva	F	F35-39	17	5:47:15	0:42:33	0:06:16	3:06:28	0:02:54	1:49:03	Brazil	
c7d4ac40-2256-437b-995b-83d8c0a4eb40	782	Rudnei Fernando Rosa	M	M40-44	116	5:47:16	0:44:34	0:05:16	2:53:19	0:03:57	2:00:10	Brazil	
fe0a47da-38c7-f011-bbd3-6045bd05f634	783	Pedro Leonardo Dantas Da Silva	M	M30-34	135	5:47:23	0:41:06	0:06:00	2:54:35	0:03:52	2:01:50	Brazil	
44b20048-44c7-f011-bbd2-000d3a5b5fc7	784	Iva Roberto da Costa Siqueira Junior	M	M35-39	142	5:47:25	0:39:20	0:06:25	2:56:18	0:03:11	2:02:12	Brazil	
aa901812-8934-4c72-9c8f-7d1f2620196f	785	RENATO PEREIRA	M	M45-49	90	5:47:27	0:31:42	0:04:56	3:12:00	0:02:57	1:55:50	Brazil	
e9d423f8-6899-f011-b4cc-6045bd05f634	786	João da Silva	M	M40-44	117	5:47:32	0:41:26	0:06:50	2:51:38	0:04:28	2:03:11	Brazil	
79cb8199-44c7-f011-bbd3-000d3a5b50ba	787	Bruno Eduardo De Oliveira Pessoa	M	M35-39	143	5:47:36	0:46:41	0:06:33	2:52:02	0:03:41	1:58:40	Brazil	
aec700ad-c9c4-476f-9841-ea6b368a5221	788	Rodrigo Caciatori	M	M45-49	91	5:47:37	0:43:11	0:06:42	2:53:19	0:03:18	2:01:08	Brazil	
ebf5779f-d283-44e6-8b4f-c8beccf92060	789	Gustavo Gomes De Figueiredo	M	M25-29	100	5:47:53	0:38:51	0:05:51	3:09:10	0:02:54	1:51:08	Brazil	
7dd907fd-44c7-f011-bbd3-0022480c097c	790	Renan Duarte	M	M40-44	118	5:48:07	0:41:15	0:09:07	2:49:21	0:05:22	2:03:02	Brazil	
08debc3a-8cd2-ee11-9079-6045bd0158c4	791	Nori Pichiteli	M	M40-44	119	5:48:11	0:41:48	0:05:29	2:39:45	0:04:16	2:16:52	Brazil	
0e0266bb-45c7-f011-bbd3-000d3a5cf7d8	792	Marcelo De Menezes Lerco	M	M40-44	120	5:48:11	0:45:40	0:07:38	2:45:56	0:02:59	2:05:58	Brazil	
a1208d47-5042-f011-b4cb-6045bd05f634	793	Diogo Rodrigues Virgens	M	M35-39	144	5:48:20	0:52:37	0:06:50	2:48:34	0:02:50	1:57:28	Brazil	
8e70c60e-9288-484e-8698-d9522cda2bf1	794	Leandra Marques De Souza	F	F40-44	15	5:48:23	0:45:18	0:06:57	3:01:23	0:03:12	1:51:33	Brazil	
5c2ea4ab-ccf0-429c-8081-38aa6a41a18c	795	THIAGO ARAUJO	M	M40-44	121	5:48:24	0:37:52	0:07:02	3:03:38	0:06:53	1:53:00	Brazil	
289dbdea-f52d-4cf3-9e84-7cac04d0c25c	796	Thales Augusto Vincoletto	M	M35-39	145	5:48:28	0:38:49	0:10:01	3:11:43	0:06:48	1:41:07	Brazil	
d1f8dd95-c463-4438-90b5-52baab315002	797	Felipe Araujo Garbin	M	M40-44	122	5:48:32	0:43:32	0:10:10	2:53:55	0:04:22	1:56:32	Brazil	
fd1cf142-45c7-f011-bbd3-0022480c097c	798	Fernando Celio Limonge	M	M45-49	92	5:48:37	0:38:36	0:08:42	2:59:24	0:04:23	1:57:31	Brazil	
52123a8a-2008-4b0f-a3a1-8d06113ef15a	799	Josimar Mendes Martins	M	M60-64	4	5:48:39	0:44:03	0:07:53	2:59:20	0:05:24	1:52:00	Brazil	
8204a010-3caa-428d-af6f-42f68565a568	800	Adriana Lamonato Nunes	F	F45-49	10	5:48:41	0:42:05	0:07:00	3:04:49	0:03:07	1:51:40	Brazil	
abfd4191-46c7-f011-bbd3-6045bd05f634	801	Daiane Ferreira Cunha Rodrigues	F	F35-39	18	5:48:42	0:46:17	0:07:01	3:03:35	0:03:44	1:48:04	Brazil	
2d069f8d-378b-4506-b9f9-1dcfafc39ae3	802	Roberto Rodrigues Da Silva	M	M50-54	44	5:48:47	0:36:49	0:06:42	3:03:16	0:03:09	1:58:49	Brazil	
9180c110-43c7-f011-bbd3-000d3a5cf7d8	803	Luiza Szwarc Porto	F	F35-39	19	5:48:53	0:38:39	0:06:08	2:57:53	0:03:47	2:02:27	Brazil	
9b4405b0-44c7-f011-bbd3-6045bd05fcc1	804	Joao Gabriel Marques Vival	M	M25-29	101	5:48:55	0:37:30	0:05:01	3:02:54	0:03:42	1:59:48	Brazil	
fac49667-8557-4115-9300-a0ce96fcfa5f	805	Ricardo Gustavo Ferreira	M	M45-49	93	5:49:02	0:50:21	0:10:43	2:52:27	0:08:58	1:46:33	Brazil	
7050f52c-6cfe-4b58-8a49-f6ba4981053f	806	Daniel Moreno	M	M50-54	45	5:49:28	0:35:24	0:07:46	2:47:24	0:07:24	2:11:30	Brazil	
2413df67-43c7-f011-bbd3-000d3a5cf7d8	807	Tarcisio Hernandes Cavaco	M	M45-49	94	5:49:33	0:39:18	0:07:14	2:45:45	0:05:45	2:11:31	Brazil	
bf2e6ae2-0a28-48e3-bb09-5fada0c4c2f0	808	BRENO FARIA TENRREIRO	M	M35-39	146	5:49:42	0:53:42	0:05:34	2:54:54	0:04:11	1:51:21	Brazil	
ebf615bc-42c7-f011-bbd3-000d3a5b50ba	809	Fernando Zampa	M	M50-54	46	5:49:46	0:38:28	0:06:46	2:52:29	0:03:41	2:08:22	Brazil	
0d4f25da-45c7-f011-bbd3-6045bd05fcc1	810	Mateus Sciarantola De Campos	M	M18-24	41	5:49:47	0:39:39	0:08:29	3:15:18	0:03:21	1:43:00	Brazil	
acc606b0-5b8e-4732-8420-62e408f39a9a	811	Luciano Freitas	M	M45-49	95	5:49:47	0:35:49	0:07:33	2:58:42	0:05:10	2:02:33	Brazil	
61c8ac33-b298-f011-b4cc-6045bd09951e	812	Filipe Serra	M	M30-34	136	5:49:49	0:42:57	0:07:59	3:00:09	0:05:07	1:53:36	Brazil	
ab404f3c-a998-f011-b4cc-6045bd09951e	813	Danilo Ferreira	M	M40-44	123	5:49:50	0:37:18	0:09:27	2:59:50	0:05:37	1:57:38	Brazil	
d65de10b-2cc7-f011-bbd2-0022480a3726	814	Rafael Tortola	M	M30-34	137	5:50:03	0:43:04	0:07:32	2:49:15	0:05:22	2:04:49	Brazil	
3b5cf078-0bfd-409d-b503-665c4528867e	815	Eric Oliveira Dos Santos	M	M30-34	138	5:50:12	0:30:59	0:05:53	3:40:08	0:04:30	1:28:42	Brazil	
34a7a2bc-44c7-f011-bbd3-000d3a35ffc1	816	Vitor Lemos	M	M30-34	139	5:50:14	0:45:07	0:08:21	2:57:40	0:07:15	1:51:51	Brazil	
0828859b-6ff3-422c-8e1c-ec9070f8f934	817	Alexandre Rassi	M	M35-39	147	5:50:19	0:43:00	0:07:52	2:51:02	0:04:46	2:03:40	Brazil	
e6e529f0-6543-4ad1-9c6c-81f3313f38db	818	Jose Antonio Godoi	M	M45-49	96	5:50:20	0:40:21	0:07:29	2:47:49	0:05:34	2:09:06	Brazil	
c66666a2-46c1-4464-a90d-f912f90a60ac	819	Romildo Nogueira Junior	M	M50-54	47	5:50:21	0:40:10	0:05:15	2:52:51	0:04:15	2:07:50	Brazil	
1fc73136-43c7-f011-bbd3-000d3a3173b5	820	Marco Cazarotto	M	M40-44	124	5:50:21	0:38:08	0:05:37	3:00:24	0:02:29	2:03:43	Brazil	
a8340e69-43c7-f011-bbd2-000d3a5b7c3b	821	Thiago Carvalho Gaudio	M	M40-44	125	5:50:42	0:43:21	0:07:42	2:44:32	0:03:12	2:11:55	Brazil	
523eab01-46c7-f011-bbd3-6045bd05f634	822	Joao Pedro Delgado	M	M25-29	102	5:50:49	0:35:53	0:05:32	3:12:43	0:03:49	1:52:51	Brazil	
0f6fc8a6-43c7-f011-bbd2-000d3a5b5fc7	823	Giancarlo Bussadori	M	M30-34	140	5:50:56	0:38:35	0:08:18	3:04:13	0:03:38	1:56:12	Brazil	
a097a335-dd9b-4587-b334-46be6ce8cbce	824	Luiza Decat Goncalves	F	F18-24	7	5:51:00	0:32:40	0:06:32	3:19:03	0:02:54	1:49:50	Brazil	
b56c9697-44c7-f011-bbd3-6045bd05fcc1	825	Nicholas Blasi	M	M25-29	103	5:51:00	0:28:54	0:06:23	3:07:22	0:03:45	2:04:36	Brazil	
fd817844-92a3-4295-9faf-893a31adac88	826	Vinicius De Oliveira Kanashiro	M	M25-29	104	5:51:16	0:44:34	0:05:50	2:53:58	0:02:41	2:04:14	Brazil	
25f3f815-44c7-f011-bbd3-000d3a3173b5	827	Camila Clementino Chizzotti	F	F40-44	16	5:51:23	0:41:35	0:11:32	3:03:00	0:06:29	1:48:47	Brazil	
469edb13-58d4-40fd-917f-41f05f1b77ee	828	Cesar Vinicius Paparazo	M	M30-34	141	5:51:25	0:55:14	0:07:51	2:48:22	0:05:05	1:54:52	Brazil	
da665ea9-8c48-490a-b7e5-418c9200fafd	829	Thiago Crucciti	M	M35-39	148	5:51:33	0:40:45	0:05:12	2:55:25	0:03:41	2:06:29	Brazil	
dc9af9bb-44c7-f011-bbd3-6045bd05f634	830	Erick Luiz Borge Da Silva	M	M40-44	126	5:51:43	0:39:51	0:05:33	3:01:14	0:03:39	2:01:27	Brazil	
53d9d915-6626-ef11-840a-000d3a367177	831	ANDRE NAZARIO	M	M45-49	97	5:51:50	0:35:58	0:06:24	2:53:06	0:04:23	2:12:00	Brazil	
1867312a-1098-f011-b4cc-000d3a5b7c3b	832	Arthur Affonso	M	M30-34	142	5:51:54	0:43:49	0:08:42	3:17:35	0:04:07	1:37:40	Brazil	
b021b0de-b9b1-ef11-b8e8-6045bd088264	833	Lucas Moreira	M	M18-24	42	5:51:57	0:39:16	0:05:20	3:00:27	0:05:05	2:01:48	Brazil	
70240782-45c7-f011-bbd3-000d3a3173b5	834	Rodrigo Couto Leite Mendes	M	M30-34	143	5:52:03	0:39:10	0:08:05	3:04:06	0:04:22	1:56:19	Brazil	
3abae80c-d3f4-4e29-8ee2-6b3759694c27	835	Bryann Wingester Alves	M	M35-39	149	5:52:11	0:43:27	0:08:04	2:58:21	0:06:24	1:55:55	Brazil	
f5003b41-2d05-ec11-94ef-00224804564c	836	Gustavo Menezes	M	M45-49	98	5:52:26	0:40:34	0:13:18	2:53:56	0:06:24	1:58:15	Brazil	
88168d3c-44c7-f011-bbd3-6045bd05fcc1	837	Leandro De Macedo	M	M45-49	99	5:52:31	0:44:40	0:06:53	3:05:29	0:02:32	1:52:57	Brazil	
24fc30d4-3879-f011-b4cc-6045bd05f634	838	Lucas Manglano	M	M30-34	144	5:52:34	0:34:45	0:06:48	3:10:48	0:04:29	1:55:45	Brazil	
37e5c8f3-0e26-40b8-a65a-dd6b3f65d04d	839	Charles Santos	M	M50-54	48	5:52:39	0:43:22	0:10:55	2:59:37	0:02:57	1:55:48	Brazil	
b58084dc-46c7-f011-bbd2-000d3a5b7c3b	840	Edson Emanuel Jungles De Lima	M	M40-44	127	5:52:41	0:53:07	0:07:55	3:05:04	0:03:15	1:43:20	Brazil	
7e810090-2f60-4cf1-9d4b-2d63c31f5477	841	Leonardo Scherr Brandi	M	M45-49	100	5:52:54	0:41:14	0:06:54	2:53:07	0:05:00	2:06:39	Brazil	
0add34ba-5fe7-ee11-904d-000d3a314d17	842	Mariana Figueiredo	F	F35-39	20	5:52:55	0:40:36	0:05:59	3:03:32	0:04:23	1:58:26	Brazil	
f2c325fa-a3ca-4d0c-bb84-3d7cdb50f0fb	843	Thaina Facchinelli Camargo	F	F25-29	19	5:53:15	0:39:36	0:06:24	3:11:56	0:03:21	1:51:57	Brazil	
edf99bfc-1594-4b59-b20b-9810a3ad4234	844	Felipe Piccin Salles De Oliveira	M	M45-49	101	5:53:21	0:38:40	0:07:04	3:04:30	0:03:54	1:59:13	Brazil	
636bf0b7-0e98-f011-b4cc-0022480c097c	845	Vinicius Tirabassi De Oliveira	M	M25-29	105	5:53:25	0:40:12	0:08:00	3:01:04	0:02:49	2:01:21	Brazil	
1ca74b82-4061-47fc-99f3-404a535d7c91	846	Joao Pedro Camargo Germanos	M	M25-29	106	5:53:37	0:47:35	0:06:15	2:44:38	0:04:53	2:10:16	Brazil	
683818f0-43c7-f011-bbd3-6045bd09951e	847	Juliana Martins	F	F35-39	21	5:53:41	0:46:07	0:10:26	3:03:13	0:03:07	1:50:49	Brazil	
6d6605b9-7abf-4074-99d9-e8fc130520cb	848	Fabiano Regis Teofilo Ozorio	M	M50-54	49	5:53:43	0:31:43	0:06:50	3:06:06	0:05:25	2:03:39	Brazil	
8c06b530-f7a1-4920-a668-6e0104cc4611	849	Luana Calazans	F	F40-44	17	5:53:48	0:45:09	0:05:44	3:12:21	0:02:11	1:48:22	Brazil	
80807911-4090-f011-b4cc-000d3a5b7c3b	850	Pedro Pilli	M	M25-29	107	5:53:50	0:36:15	0:06:35	3:04:20	0:03:49	2:02:51	Brazil	
68e0b55b-44c7-f011-bbd3-6045bd09951e	851	Rodrigo Belizario	M	M45-49	102	5:53:54	0:45:33	0:05:50	2:56:14	0:03:58	2:02:19	Brazil	
fd76c8c6-46c7-f011-bbd3-0022480c097c	852	Gustavo Travasso Fernandes	M	M30-34	145	5:53:55	0:41:19	0:09:28	2:52:51	0:05:31	2:04:48	Brazil	
963ad536-46c7-f011-bbd2-000d3a5b5fc7	853	Alexandre Martins De Matos	M	M50-54	50	5:53:59	0:36:33	0:07:40	2:51:26	0:04:45	2:13:35	Brazil	
5ed03250-0e54-41f4-b1ca-52ca087993ae	854	Emmanuelle Escobar Labastida	M	M40-44	128	5:54:06	0:39:03	0:07:23	2:59:41	0:05:54	2:02:05	Brazil	
67a075f5-3e79-f011-b4cb-000d3a5b7c3b	855	Gabriel Farias Dias	M	M30-34	146	5:54:11	0:37:07	0:06:22	3:15:51	0:05:36	1:49:14	Brazil	
ed1d90ba-77cf-464f-904e-e7c9338970ab	856	Caio Sousa Mendes	M	M40-44	129	5:54:11	1:00:10	0:07:45	2:52:55	0:04:08	1:49:13	Brazil	
acd1a859-f4c9-4188-bd3a-6c41541bec87	857	Hajime Ishihara	M	M45-49	103	5:54:15	0:50:33	0:06:25	3:02:24	0:05:05	1:49:48	Japan	
cc33aafb-ae97-f011-b4cc-000d3a5cf7d8	858	Vinicius Ferreira	M	M30-34	147	5:54:24	0:43:14	0:05:11	3:00:12	0:03:06	2:02:40	Brazil	
02b426f9-203f-4fe4-8208-df96eb285ad4	859	Roger Haybittle	M	M60-64	5	5:54:25	0:35:11	0:07:56	2:40:29	0:05:10	2:25:40	Brazil	
db447d34-053c-430f-ae6f-459bc7bdf6a1	860	Ingrid Silva	F	F35-39	22	5:54:38	0:42:42	0:06:58	3:08:19	0:03:18	1:53:23	Brazil	
032fe3df-45c7-f011-bbd3-0022480c097c	861	Rafael Saucedo Domingues	M	M35-39	150	5:54:48	0:43:50	0:05:57	3:13:20	0:04:26	1:47:16	Brazil	
59244ae8-30c7-f011-bbd3-6045bd05fcc1	862	GRACIEMA BERTOLETTI	F	F50-54	3	5:54:53	0:36:51	0:09:11	3:18:19	0:03:53	1:46:38	Brazil	
a02a8920-da0f-4553-a30d-a932635b9167	863	Giovanna Branciforti De Medio	F	F30-34	14	5:55:13	0:41:08	0:06:50	2:54:41	0:03:41	2:08:52	Brazil	
f3860781-810c-48c5-94ad-eb406c3402a8	864	Diego Henrique Franca De Moraes	M	M30-34	148	5:55:18	0:43:44	0:05:35	3:03:21	0:04:23	1:58:15	Brazil	
56e49576-858d-f011-b4cc-6045bd09951e	865	Guilherme Assunção	M	M35-39	151	5:55:19	0:45:39	0:06:39	3:01:27	0:04:23	1:57:11	Brazil	
f9728eda-45c7-f011-bbd3-0022480a7385	866	Fabio Henrique Gomes Da Silva	M	M25-29	108	5:55:21	0:56:40	0:05:09	3:01:26	0:02:53	1:49:13	Brazil	
1ed445df-a879-ef11-a670-000d3a338a3c	867	Rodrigo Andrade	M	M40-44	130	5:55:36	0:33:52	0:06:21	3:11:49	0:05:48	1:57:45	Brazil	
7785605a-42c7-f011-bbd3-000d3a3173b5	868	Kahoe Guedes Alcoforado	M	M40-44	131	5:55:37	0:44:36	0:07:46	2:56:42	0:04:16	2:02:17	Brazil	
3737e0c2-c2a8-40d7-a78d-0afbcf7f21e6	869	Helder Bertholo	M	M30-34	149	5:55:39	0:40:03	0:07:26	2:59:26	0:06:49	2:01:56	Brazil	
288d4401-54e5-ee11-904d-6045bd0158c4	870	Bruno Laine Alexandrino	M	M35-39	152	5:55:43	0:34:44	0:07:58	2:51:07	0:07:49	2:14:04	Brazil	
a508b998-44c7-f011-bbd3-000d3a5cf7d8	871	Thiago Tadeu Felix Toledo	M	M30-34	150	5:55:54	0:47:50	0:05:41	3:00:47	0:02:49	1:58:48	Brazil	
f0a206b4-0c79-f011-b4cc-000d3a5b50ba	872	Rafael Cesar	M	M30-34	151	5:55:54	0:45:32	0:04:15	3:07:34	0:03:49	1:54:45	Brazil	
9fed96fb-f350-44ed-97c4-a0ae76c6de50	873	Franklin Gomes	M	M45-49	104	5:55:56	0:54:10	0:11:00	2:46:49	0:03:58	1:59:58	Brazil	
7e8825b3-e868-4c20-aad6-808fb16e5087	874	Pedro Regazzo	M	M45-49	105	5:55:57	0:56:15	0:08:02	2:46:05	0:04:37	2:00:58	Brazil	
2e94eefb-c156-4a48-ad95-e6e2b427ccee	875	Rosa Gabriela Melo Vasconcelos	F	F50-54	4	5:56:00	0:40:34	0:06:03	2:56:35	0:03:10	2:09:38	Brazil	
9ef3ed65-d23d-4d83-936d-5e165f75aef5	876	Fernando De Almeida Sartori	M	M40-44	132	5:56:13	0:41:13	0:07:35	2:40:50	0:03:52	2:22:43	Brazil	
14779322-b98f-466d-9638-a4d91cf59559	877	Polyana Silva	F	F30-34	15	5:56:13	0:38:33	0:07:27	2:55:17	0:03:39	2:11:16	Brazil	
90e9ba60-f87f-ef11-ac20-000d3a59a9a1	878	Rodrigo Luiz Franceschinelli	M	M35-39	153	5:56:19	0:48:34	0:07:23	2:50:07	0:03:02	2:07:13	Brazil	
6e27eb03-8d52-4b2c-9858-02c0a29f226b	879	Joao Cardoso Neto	M	M45-49	106	5:56:25	0:38:41	0:07:01	2:49:42	0:03:18	2:17:42	Brazil	
8b1b3008-3ac7-f011-bbd3-000d3a35ffc1	880	Carlos Eduardo Ferreira Basso	M	M50-54	51	5:56:27	0:43:13	0:08:17	2:54:06	0:03:56	2:06:55	Brazil	
f11c3202-6809-4fc6-a7e0-3a54ff81ab9a	881	Eduarda Peccinatti	F	F40-44	18	5:56:31	0:31:01	0:05:56	3:18:01	0:04:53	1:56:40	Brazil	
c5e43602-0918-4c53-84bb-ec85c083f59b	882	Victor Gualda De Freitas Rodriguez Adame	M	M35-39	154	5:56:32	0:42:28	0:07:54	3:06:15	0:03:28	1:56:27	Brazil	
9b46b313-43c7-f011-bbd3-000d3a5b50ba	883	Bruno Binatti Aguiar	M	M30-34	152	5:56:37	0:52:57	0:06:31	2:59:17	0:03:12	1:54:39	Brazil	
86cd886c-9637-4b4b-8d2a-8e0d42608497	884	Ricardo Silva Salmazo	M	M40-44	133	5:56:41	0:37:27	0:07:38	3:06:56	0:02:22	2:02:17	Brazil	
ec7b9fc7-46c7-f011-bbd3-0022480a7385	885	Roodney Forster	M	M45-49	107	5:56:54	0:41:47	0:07:59	2:52:44	0:06:49	2:07:35	Brazil	
7bed3654-6406-f011-bae1-000d3a5b50ba	886	Carolina Freire Job Mendes Ferreira	F	F30-34	16	5:56:59	0:38:27	0:06:30	3:10:40	0:03:55	1:57:28	Brazil	
b82d9f0c-43c7-f011-bbd2-000d3a5b5fc7	887	Miguel Eduardo Beck Kersting	M	M18-24	43	5:57:03	0:38:36	0:07:19	3:16:48	0:03:49	1:50:31	Brazil	
d0bf688c-43c7-f011-bbd3-6045bd05f634	888	Vitor Posinatto Rodrigues Lucas	M	M25-29	109	5:57:05	0:41:42	0:05:38	3:17:02	0:02:30	1:50:12	Brazil	
1ab4061b-6b6b-4216-9326-7e1cf5e9c154	889	Rodolfo Andrei Colombara	M	M35-39	155	5:57:20	0:42:12	0:06:30	3:04:07	0:04:35	1:59:56	Brazil	
63ebbdd7-13cc-49b1-b766-1122dda46735	890	Silvio Patente	M	M50-54	52	5:57:20	0:41:24	0:07:56	3:04:13	0:03:44	2:00:02	Brazil	
50c3b50c-9198-f011-b4cc-000d3a5b7c3b	891	Pedro Netto	M	M40-44	134	5:57:25	0:43:16	0:08:04	3:04:01	0:04:49	1:57:15	Brazil	
71f52b26-a499-412c-9b7b-b87868fe3c2f	892	Fabio Miranda Martore	M	M45-49	108	5:57:39	0:45:36	0:05:58	2:53:01	0:03:01	2:10:04	Brazil	
fc294217-44c7-f011-bbd2-000d3a5b5fc7	893	Joao Henrique Zabini	M	M30-34	153	5:57:53	0:43:20	0:08:43	2:45:03	0:07:23	2:13:24	Brazil	
f09e1fb1-a81b-f011-998a-000d3a35ffc1	894	Victoria Zardette Gomes	F	F25-29	20	5:58:03	0:44:27	0:06:02	3:10:12	0:02:20	1:55:02	Brazil	
175ebc18-5613-4996-b4b3-42e6b55d9b1f	895	Edson Soto Shinmyo	M	M45-49	109	5:58:06	0:35:30	0:06:59	2:55:25	0:02:57	2:17:16	Brazil	
f0fe8c7c-18d9-4e08-b387-955311e5e9fe	896	Felipe Guimaraes Camilo	M	M40-44	135	5:58:22	0:34:35	0:05:25	3:12:00	0:02:34	2:03:47	Brazil	
f400a4ab-442e-4389-af85-e61fd5c30da8	897	Tiago Amarante	M	M30-34	154	5:58:23	0:45:48	0:06:14	3:06:18	0:04:24	1:55:40	Brazil	
2f8f3363-7096-f011-b4cc-000d3a5cf7d8	898	Victor Hugo Assano	M	M35-39	156	5:58:25	0:38:14	0:07:44	3:11:47	0:04:32	1:56:08	Brazil	
4bafe30d-d7cf-4c10-bde4-35a32fa12a06	899	Ferdinand Vale	M	M35-39	157	5:58:25	0:51:26	0:06:38	3:01:43	0:04:13	1:54:26	Brazil	
0e682f73-3a9a-f011-b4cc-0022480a7385	900	Gabriela Colaco Correia	F	F30-34	17	5:58:26	0:40:24	0:06:27	3:12:08	0:02:58	1:56:29	Brazil	
394da0ab-46c7-f011-bbd3-000d3a3173b5	901	Martin Barquinero	M	M40-44	136	5:58:26	0:42:14	0:12:13	3:07:49	0:05:39	1:50:32	Brazil	
db19499d-1615-4517-9410-aadc3b0aa118	902	Maria Adelayde	F	F25-29	21	5:58:29	0:40:25	0:07:09	3:07:43	0:05:07	1:58:04	Brazil	
2a3a1ac6-cad5-4f77-a0b5-b3ecd841423b	903	Graziano Antonio Silva	M	M45-49	110	5:58:44	0:59:34	0:07:03	2:53:36	0:04:08	1:54:25	Brazil	
5519e8e1-fa61-4962-95b9-425d9f10302e	904	Andre Luis Turco Viceconti	M	M45-49	111	5:58:45	0:37:40	0:09:16	2:57:36	0:06:31	2:07:42	Brazil	
ad1d154c-92b0-4bb3-ae2a-38d1838e76a8	905	DIOGO BRUM PEREIRA LIBORIO	M	M40-44	137	5:58:54	0:38:26	0:07:33	2:56:36	0:08:32	2:07:46	Brazil	
b8e225a8-9606-403c-a405-f1a9ab5ab4c5	906	Jana Rocha	F	F35-39	23	5:58:59	0:43:19	0:07:27	3:07:43	0:03:43	1:56:47	Brazil	
38686a67-46c7-f011-bbd3-000d3a35ffc1	907	Tamires Negri Dos Reis	F	F35-39	24	5:59:00	0:44:45	0:07:17	3:09:45	0:04:08	1:53:04	Brazil	
9afce72a-43c7-f011-bbd3-6045bd05f634	908	Pedro Toledo Leite	M	M25-29	110	5:59:17	0:47:07	0:06:01	3:00:56	0:03:48	2:01:25	Brazil	
ba2184e4-530f-4f86-a60a-57f1a0f3a6cb	909	Ludmilla Maschion	F	F35-39	25	5:59:19	0:51:45	0:05:33	2:53:46	0:03:13	2:05:03	Brazil	
8481ca70-c5b7-41af-b077-653f8590b731	910	Andr Andrade	M	M40-44	138	5:59:29	0:41:06	0:07:39	3:02:43	0:04:43	2:03:18	Brazil	
5f0fa197-7280-f011-b4cc-000d3a3173b5	911	Bruno Luiz	M	M25-29	111	5:59:30	0:47:48	0:07:46	2:57:28	0:03:38	2:02:49	Brazil	
0d2c3d61-d56e-45e7-814d-7f30b06cbcae	912	Luis Felipe Netto Franco	M	M40-44	139	5:59:34	0:43:54	0:06:51	3:14:24	0:04:02	1:50:22	Brazil	
b90c8633-597f-43f4-a63c-41d1cab9bf7c	913	Rogerio Salume	M	M50-54	53	5:59:41	0:29:58	0:08:10	3:02:46	0:04:42	2:14:04	Brazil	
e9c13a33-0517-4ab7-9350-9a55fa4dd43b	914	Iago Graciute De Araujo	M	M30-34	155	5:59:46	0:36:17	0:05:25	3:09:56	0:02:25	2:05:44	Brazil	
e7cf1ca0-b5e8-42de-b2a1-5b86754e0273	915	Pedro Ramos Barban	M	M45-49	112	6:00:04	0:53:33	0:06:55	2:55:33	0:03:16	2:00:47	Brazil	
8c16abb4-3ab0-f011-bbd3-6045bd05f634	916	Felipe Guimaraes	M	M40-44	140	6:00:06	0:40:32	0:06:31	3:02:58	0:04:27	2:05:37	Portugal	
548c4b47-c82e-485a-a7e8-3897f527e521	917	TIAGO DE BROI	M	M40-44	141	6:00:07	0:34:05	0:06:34	3:02:31	0:03:38	2:13:18	Brazil	
44da3342-43c7-f011-bbd3-000d3a3173b5	918	Marcelo Santos Galli	M	M45-49	113	6:00:09	0:48:17	0:10:12	3:10:17	0:05:32	1:45:51	Brazil	
05579def-2afd-40bc-9156-e3be228aee26	919	Cleber Longo Paludetti	M	M50-54	54	6:00:14	0:47:45	0:05:50	2:53:10	0:03:19	2:10:10	Brazil	
536ff790-9f0e-4539-abda-5e2a7f6f96cc	920	Camila B C Brasil Mafud	F	F40-44	19	6:00:15	0:36:29	0:09:53	3:17:18	0:04:48	1:51:48	Brazil	
d3c3870d-be5e-4475-b1e3-61050d58bf83	921	Rafaella Freire	F	F35-39	26	6:00:16	0:40:04	0:06:47	3:16:59	0:03:34	1:52:53	Brazil	
a6331d7f-1ccc-4b85-ae0d-55baf819b077	922	Luiza Nicolaz	F	F25-29	22	6:00:31	0:41:54	0:06:28	3:08:35	0:04:10	1:59:23	Brazil	
7a7cb8eb-bb2d-47bc-b8c7-3026789ed1b9	923	Flavio Romero	M	M45-49	114	6:00:34	0:40:48	0:06:07	3:05:53	0:04:14	2:03:33	Brazil	
64c6d367-7a7c-4889-8c5a-43eeeed9785c	924	Bruno Dos Santos Marangoni	M	M35-39	158	6:00:36	1:01:09	0:07:18	2:56:13	0:04:33	1:51:23	Brazil	
fc0a336b-45c7-f011-bbd2-000d3a5b5fc7	925	Bruno Cortez Olovics	M	M30-34	156	6:00:36	0:35:01	0:05:56	3:05:09	0:04:11	2:10:19	Brazil	
b945bea1-45c7-f011-bbd3-000d3a5b50ba	926	Andre Menniti Pennini	M	M25-29	112	6:00:40	0:47:07	0:05:32	3:14:55	0:02:51	1:50:15	Brazil	
8f6c767a-2ac7-f011-bbd3-000d3a5cf7d8	927	Ana Paula Jordao Figueiredo	F	F45-49	11	6:00:41	0:44:54	0:06:17	3:06:44	0:03:12	1:59:35	Brazil	
99182bb2-5183-f011-b4cc-000d3a3173b5	928	Andre Tuon	M	M45-49	115	6:00:46	0:41:18	0:10:29	3:15:31	0:05:04	1:48:23	Brazil	
647988c7-399a-f011-b4cc-6045bd05fcc1	929	Kyllian Almeida	M	M30-34	157	6:00:46	0:39:45	0:05:55	2:59:31	0:06:34	2:09:01	Bahamas	
01367273-1d2d-ec11-b6e5-000d3a3334b4	930	Jose Henrique Vieira	M	M40-44	142	6:00:47	0:43:51	0:05:10	2:43:55	0:02:49	2:25:02	Brazil	
c8828e01-e4f9-40fb-b900-21e32cf55b35	931	Wellington Nascimento Ramos	M	M40-44	143	6:00:49	0:55:03	0:06:28	3:04:07	0:03:23	1:51:47	Brazil	
a87a73d8-ccb1-47f0-a79b-ddb1e79779c8	932	Allef Hermeson Do Carmo	M	M30-34	158	6:00:50	0:47:59	0:08:00	2:57:35	0:03:08	2:04:08	Brazil	
06c55e5c-45c7-f011-bbd3-6045bd05f634	933	Adriano Consorti	M	M40-44	144	6:00:53	0:40:33	0:06:49	3:05:35	0:03:01	2:04:55	Brazil	
c984e0d6-4b40-ef11-8409-6045bd0953ac	934	Wiston Rodrigues Pazine	M	M30-34	159	6:01:01	0:47:10	0:09:44	3:05:13	0:04:14	1:54:39	Brazil	
dbf45b75-43c7-f011-bbd3-000d3a5cf7d8	935	Camila Monteiro Parra Rebolo	F	F35-39	27	6:01:11	0:46:40	0:05:47	3:05:48	0:04:10	1:58:46	Brazil	
03e48e02-44c7-f011-bbd3-6045bd09951e	936	Antonio Carlos Oliveira Martins	M	M35-39	159	6:01:20	0:48:14	0:11:17	3:01:54	0:06:14	1:53:40	Brazil	
8e270025-45c7-f011-bbd3-000d3a35ffc1	937	Mariana Rodas Ferreira De Almeida	F	F30-34	18	6:01:21	0:38:50	0:06:47	3:07:35	0:03:19	2:04:50	Brazil	
468e71c1-40f3-4839-aa26-b309de1cce45	938	Rafael Felipe Araujo	M	M40-44	145	6:01:33	0:46:04	0:07:05	2:54:02	0:02:54	2:11:28	Brazil	
f60d71ef-44c7-f011-bbd3-000d3a5cf7d8	939	Alexandre De Oliveira Ramos	M	M50-54	55	6:01:41	0:35:57	0:09:44	3:18:14	0:04:14	1:53:32	Brazil	
a102aa47-b4f4-4513-b577-4fceb78cf5cf	940	SILVIA VINHAL DE CASTRO PARENTE	F	F45-49	12	6:01:43	0:47:08	0:07:00	3:13:32	0:04:25	1:49:38	Brazil	
e81a40b4-1d9a-f011-b4cc-000d3a5b7c3b	941	Mario Ribeiro	M	M35-39	160	6:01:47	0:42:38	0:05:19	2:59:26	0:03:55	2:10:28	Brazil	
f4315184-45c7-f011-bbd3-6045bd09951e	942	Elbert Da Costa Carvalho	M	M40-44	146	6:01:52	0:50:05	0:08:24	3:01:39	0:04:05	1:57:39	Brazil	
83ce79b3-a597-4793-8fdd-28ae8892fcc2	943	Lucas Bilaqui Zukovski	M	M25-29	113	6:01:52	0:52:54	0:06:39	3:02:51	0:06:28	1:53:00	Brazil	
ecbe61af-f0d5-4ff9-b871-89a022c78485	944	José Rocha	M	M55-59	14	6:02:23	0:40:09	0:09:09	3:03:24	0:05:05	2:04:35	Brazil	
6102b2c3-45c7-f011-bbd3-6045bd09951e	945	Lucas Baroni	M	M30-34	160	6:02:24	0:49:37	0:09:16	3:06:14	0:04:35	1:52:41	Brazil	
befe4ff5-b732-4439-be46-5412a1bc1c2d	946	Joy Rodrigues	M	M40-44	147	6:02:37	0:41:58	0:06:58	2:51:58	0:04:53	2:16:51	Brazil	
815d6aa0-5bd5-46ef-b780-998c5e835d70	947	Carlos Eduardo Amaral Di Monaco	M	M45-49	116	6:02:45	0:39:16	0:08:37	3:01:13	0:04:09	2:09:31	Brazil	
722bc3a0-5d6b-4ad7-a696-ee714ad12030	948	Lucca Ferreira Fernandes	M	M25-29	114	6:02:47	0:41:47	0:08:08	3:14:22	0:05:34	1:52:55	Brazil	
1a0c78f8-43c7-f011-bbd3-000d3a5b50ba	949	Eduardo Arai	M	M50-54	56	6:02:47	0:44:42	0:08:49	2:49:26	0:04:50	2:15:01	Brazil	
d6b68a48-44c7-f011-bbd3-6045bd09951e	950	Felipe De Souza Silca	M	M30-34	161	6:02:57	0:39:09	0:07:56	2:59:09	0:03:15	2:13:28	Brazil	
f9df53e5-d9fd-4d33-a252-956450de48ca	951	Vivian De Oliveira	F	F45-49	13	6:03:06	0:40:42	0:07:06	3:29:59	0:03:35	1:41:43	Brazil	
10526cdd-8144-4ff0-86fb-316353874183	952	Luis Fernando Giosa De Arruda	M	M40-44	148	6:03:13	0:40:27	0:07:45	3:13:45	0:05:26	1:55:50	Brazil	
b6fc2aca-4f69-ef11-bfe3-000d3a367177	953	Denis Castro	M	M40-44	149	6:03:13	0:44:07	0:09:05	2:51:13	0:03:52	2:14:58	Brazil	
ff2430c6-f371-ef11-a670-0022480ac0a9	954	MATHEUS BITTENCOURT VITORINO	M	M30-34	162	6:03:14	0:27:27	0:03:17	4:11:25	0:01:50	1:19:14	Brazil	
375f27db-46c7-f011-bbd3-6045bd09951e	955	Marinaldo Bento Da Silva Junior	M	M50-54	57	6:03:19	1:04:12	0:06:48	2:53:45	0:05:07	1:53:27	Brazil	
75627805-43c7-f011-bbd3-000d3a3173b5	956	Pedro Henrique Cassolari Sapia	M	M45-49	117	6:03:24	0:31:18	0:09:35	3:21:50	0:03:57	1:56:44	Brazil	
f72323b3-641d-4044-ab29-43334a19930b	957	Rogerio Nogueira	M	M45-49	118	6:03:28	0:42:32	0:06:23	3:05:44	0:04:25	2:04:24	Brazil	
b9490497-8e35-4822-8e16-fabffe62fadd	958	Ricardo Sancha Pereira	M	M50-54	58	6:03:38	0:43:16	0:07:21	3:03:00	0:03:12	2:06:48	Brazil	
6e4d0456-fa96-f011-b4cc-0022480a7385	959	VINICIUS FERREIRA NETO	M	M30-34	163	6:03:40	0:46:37	0:08:02	2:55:30	0:02:16	2:11:14	Brazil	
398f9e1f-4abf-4cd9-b50c-8d2c208afc93	960	Andre Vinicius Fischer Patornilio	M	M25-29	115	6:03:41	0:39:39	0:05:15	3:08:45	0:02:21	2:07:41	Brazil	
0ceeb946-44c7-f011-bbd3-000d3a5cf7d8	961	Raphael Guerra	M	M35-39	161	6:03:46	0:39:23	0:06:14	3:19:12	0:03:43	1:55:13	Brazil	
f7175093-efac-48b9-a87b-36e64efcc11f	962	Jose Leandro De Oliveira Leitao Cardoso	M	M40-44	150	6:03:46	0:35:30	0:07:14	3:15:38	0:04:32	2:00:52	Brazil	
3216868c-46c7-f011-bbd3-000d3a35ffc1	963	Matheus Fernando Dantas Claudino Bezerra	M	M18-24	44	6:03:47	0:46:07	0:07:19	3:01:12	0:05:21	2:03:48	Brazil	
a11fd9a8-f309-4a77-96f5-813c1ac25573	964	Vitor Alessandro Maruno	M	M40-44	151	6:03:49	0:41:29	0:08:48	3:12:12	0:06:25	1:54:55	Brazil	
84646656-45c7-f011-bbd3-6045bd05f634	965	Fabio Jose De Souza	M	M50-54	59	6:03:54	0:43:17	0:06:25	3:02:39	0:03:11	2:08:21	Brazil	
c3c4e5aa-23cb-46a5-b08f-5f3812608417	966	Helvis Simoes Saram	M	M35-39	162	6:04:18	0:45:06	0:06:50	3:03:08	0:05:02	2:04:12	Brazil	
d8aae05f-f59e-ef11-8a6a-000d3a338a3c	967	RIad Kamel Taha	M	M50-54	60	6:04:23	0:41:57	0:07:52	2:58:53	0:04:13	2:11:29	Brazil	
1be44dca-b0f6-4e00-93f0-dfbd474aece3	968	Jacinto Novo Cavalcante Sobrinho	M	M35-39	163	6:04:28	0:49:33	0:09:27	2:56:24	0:05:37	2:03:27	Brazil	
0f8bfe35-4ab0-f011-bbd3-0022480a7385	969	Maicon Guedes Hugo	M	M45-49	119	6:04:44	0:50:18	0:06:59	3:07:44	0:03:39	1:56:03	Brazil	
a5c5c9ae-a4ec-4586-913f-21a68327191b	970	Edson Luiz Campos Da Silva	M	M50-54	61	6:04:45	0:59:42	0:07:11	2:53:43	0:04:18	1:59:52	Brazil	
21dd355a-5871-4473-8ca0-7646a09479ae	971	Joao Rafael De Godoy	M	M35-39	164	6:04:46	0:46:51	0:02:26	2:56:34	0:04:19	2:14:36	Brazil	
c4975db5-079a-f011-b4cc-6045bd09951e	972	Matheus Saraiva	M	M30-34	164	6:04:47	0:47:35	0:09:22	3:02:29	0:05:41	1:59:41	Brazil	
4d4209fc-44c7-f011-bbd3-000d3a5cf7d8	973	Cesar Augusto Zabatiero Russo	M	M35-39	165	6:04:48	0:41:36	0:07:30	2:54:25	0:03:33	2:17:44	Brazil	
70a3f311-46c7-f011-bbd3-000d3a35ffc1	974	Diogo Luiz Fernandes	M	M35-39	166	6:04:48	0:51:42	0:06:22	2:58:58	0:03:49	2:03:55	Brazil	
db930557-43c7-f011-bbd2-000d3a5b7c3b	975	Victor Hugo Fontes	M	M25-29	116	6:04:52	0:37:13	0:07:58	3:08:18	0:05:27	2:05:56	Brazil	
3a1045fc-43c7-f011-bbd3-6045bd09951e	976	Sergio Zancope Morsa	M	M45-49	120	6:04:53	0:36:14	0:07:10	3:10:01	0:04:22	2:07:05	Brazil	
2a24ae45-3d9a-f011-b4cc-0022480c097c	977	Pedro Loes	M	M45-49	121	6:05:01	0:40:55	0:06:27	3:11:11	0:04:45	2:01:43	Brazil	
a00c1ea0-44c7-f011-bbd2-000d3a5b7c3b	978	Marcos William Fernandes	M	M35-39	167	6:05:03	0:41:06	0:07:30	3:09:49	0:03:54	2:02:45	Brazil	
d21a3ebf-43c7-f011-bbd2-000d3a5b5fc7	979	Ana Beatriz Fazano	F	F25-29	23	6:05:04	0:34:35	0:05:15	3:02:25	0:04:19	2:18:30	Brazil	
90a150d2-8d8e-4f32-a855-fc8afa29a1f5	980	Lucas Do Prado Aguiar	M	M35-39	168	6:05:07	0:31:54	0:04:51	3:12:29	0:04:22	2:11:31	Brazil	
e1b5c975-e7f2-43b5-b8be-122350c47b17	981	Anderson Alessandro Pavia	M	M45-49	122	6:05:07	0:46:03	0:07:48	3:03:08	0:09:18	1:58:50	Brazil	
504ea8c0-44c7-f011-bbd3-0022480a7385	982	Ricardo Guimaraes Orenha	M	M30-34	165	6:05:07	0:38:32	0:10:08	3:07:21	0:03:17	2:05:49	Brazil	
dfc0eacb-43c7-f011-bbd3-000d3a5cf7d8	983	Victor Silva Soares	M	M30-34	166	6:05:17	0:52:02	0:06:18	3:12:01	0:02:43	1:52:14	Brazil	
247a9ff2-399a-f011-b4cc-000d3a5b7c3b	984	Evandro Mendes	M	M40-44	152	6:05:19	0:53:49	0:08:18	2:56:23	0:03:04	2:03:46	Brazil	
10cea470-8079-ef11-a670-000d3a5a1803	985	LUCIANA VASCONCELOS TAVARES	F	F55-59	1	6:05:22	0:48:56	0:07:50	2:53:08	0:04:36	2:10:52	Brazil	
ce4fc188-a663-4a09-a749-88c1c53b1d3c	986	EDGY EDUARDO ENEAS DE ARRUDA PAIVA	M	M55-59	15	6:05:33	0:41:28	0:10:25	3:10:55	0:05:39	1:57:06	Brazil	
be72b618-43c7-f011-bbd2-000d3a5b5fc7	987	Guilherme Demattio Jaldin	M	M30-34	167	6:05:34	0:40:07	0:07:31	3:24:50	0:04:46	1:48:20	Brazil	
c78c44dd-3c9a-f011-b4cc-6045bd05f634	988	Gustavo Fernandes Araujo	M	M30-34	168	6:05:47	0:39:54	0:06:25	3:08:35	0:04:15	2:06:38	Brazil	
47c84ce5-c044-f111-88b3-6045bd06566a	989	Luiz Tudisco	M	M45-49	123	6:05:49	0:37:33	0:07:23	3:02:10	0:02:52	2:15:51	Brazil	
de09e340-8248-4d7f-bdce-2c2d698ed1f1	990	Stephanie Swater Martinelli	F	F30-34	19	6:05:51	0:41:26	0:09:34	3:15:40	0:06:24	1:52:47	Brazil	
c63f6f3f-198d-4e29-ace6-1a4cb495af35	991	Victor Costa Gonzaga	M	M40-44	153	6:06:04	0:41:44	0:07:53	3:09:13	0:05:12	2:02:03	Brazil	
b26bc984-bc94-432c-bbc6-acfb04b47961	992	Antonio Augusto Figueiredo Andrade Costa	M	M35-39	169	6:06:06	0:42:18	0:07:38	3:07:54	0:04:29	2:03:48	Brazil	
1e412b2e-90f3-486e-a096-d8820ca38cfc	993	EDUARDO BARONE GUIDA	M	M35-39	170	6:06:06	0:40:02	0:13:36	2:53:58	0:04:14	2:14:16	Brazil	
2cbfbba0-43c7-f011-bbd2-000d3a5b7c3b	994	Daniel Brabo Taboza	M	M30-34	169	6:06:11	0:45:53	0:10:04	3:01:25	0:06:59	2:01:51	Brazil	
b3dc9b98-b98e-4eec-a04a-d71c8d0e0d16	995	GUILHERME BATISTA DE MORAIS JUNIOR	M	M35-39	171	6:06:15	0:45:26	0:10:41	2:57:37	0:05:40	2:06:51	Brazil	
3c06c66f-43b5-463d-b83a-9c99a10ebe48	996	Fabio Antunes Couto	M	M40-44	154	6:06:20	0:56:11	0:06:10	2:58:44	0:02:52	2:02:23	Brazil	
b2a46c8c-070b-411d-a380-d1b44fb4d345	997	Izabelle Braga	F	F30-34	20	6:06:24	0:43:15	0:07:00	3:06:51	0:02:32	2:06:46	Brazil	
602172c0-b4ad-ef11-b8e9-000d3a5a1803	998	Pedro Fontana	M	M25-29	117	6:06:24	0:43:10	0:06:55	3:06:07	0:04:54	2:05:18	Brazil	
09dabff9-f415-4f85-96b2-e4297668ca4f	999	Larissa Karen Amorim Tomassini	F	F35-39	28	6:06:27	0:46:19	0:07:45	2:53:03	0:06:30	2:12:50	Brazil	
e3aab6a7-0226-4f5e-96b3-5b215d49647d	1000	Caio Augusto Marins	M	M45-49	124	6:06:30	0:41:35	0:08:29	3:01:39	0:05:14	2:09:33	Brazil	
6d5f6c04-45c7-f011-bbd3-6045bd09951e	1001	Renan Alves	M	M30-34	170	6:06:43	0:42:10	0:05:49	3:10:15	0:03:09	2:05:20	Brazil	
2ef0a9b6-44c7-f011-bbd3-000d3a35ffc1	1002	Leonardo Heluany Zeitune	M	M45-49	125	6:06:51	0:40:21	0:09:35	3:16:21	0:05:07	1:55:27	Brazil	
20b2f30c-6e0a-4f7c-968d-4b38bdc44df2	1003	Frederico Manzatto De Souza	M	M40-44	155	6:06:55	0:46:59	0:08:20	2:58:31	0:04:41	2:08:25	Brazil	
bd17c659-6599-f011-b4cb-7ced8d6e2ae5	1004	MAYRA KAJIMOTO SILVA	F	F40-44	20	6:06:56	0:35:45	0:04:58	3:13:04	0:02:39	2:10:30	Brazil	
a7888fa8-bb9f-4f70-8a46-e86f919191db	1005	DENNIS Z PUGLIESE	M	M40-44	156	6:07:23	0:35:52	0:06:23	2:50:18	0:02:46	2:32:03	Brazil	
c4f5111b-f940-4a61-b80b-35b8d3e71226	1006	Wellington Teixeira Moggi	M	M45-49	126	6:07:32	0:56:53	0:05:49	2:48:29	0:04:45	2:11:37	Brazil	
09b32141-46c7-f011-bbd3-000d3a5cf7d8	1007	Ricardo Luiz De Santana	M	M45-49	127	6:07:45	0:38:39	0:08:44	3:06:53	0:04:56	2:08:33	Brazil	
9ff6c724-5ce5-46ed-a75b-3c2d7c21490e	1008	Felipe Jardim Marquez	M	M30-34	171	6:07:57	0:38:07	0:08:28	3:06:18	0:06:26	2:08:37	Brazil	
c4b05e47-753a-4efc-9428-1d97bd5c9071	1009	Sidney Maestre De Oliveira	M	M50-54	62	6:07:59	0:34:19	0:07:51	3:12:20	0:04:33	2:08:57	Brazil	
bfd759d8-134b-4103-bd28-7eeb5354d724	1010	Ismael Cividini Flor	M	M35-39	172	6:08:01	0:41:04	0:07:15	3:10:08	0:05:20	2:04:15	Brazil	
b2df039e-f0ac-f011-bbd3-000d3a5b50ba	1011	Ana Graziele Franca Sales	F	F30-34	21	6:08:04	0:44:31	0:05:25	3:16:56	0:02:49	1:58:22	Brazil	
6402b208-3207-4b62-a9e7-85a0da31c751	1012	Thais De Souza Ferreira	F	F35-39	29	6:08:11	0:37:12	0:05:27	2:55:11	0:02:19	2:28:02	Brazil	
1290c900-6595-f011-b4cb-000d3a3b2356	1013	BRUNNA VIANA	F	F30-34	22	6:08:21	0:53:54	0:06:16	3:06:08	0:04:31	1:57:33	Brazil	
97613c43-b554-415b-ac1b-471ba4237067	1014	Flavio Feio	M	M45-49	128	6:08:23	0:40:55	0:08:26	3:01:28	0:05:27	2:12:07	Brazil	
1f3b6102-8848-f111-bec6-0022480b84a3	1015	Humberto Giuntoli	M	M45-49	129	6:08:23	0:46:41	0:09:39	2:43:54	0:08:38	2:19:31	Brazil	
14b4cf69-46c7-f011-bbd2-000d3a5b5fc7	1016	Leonardo De Paula Brancalhao De Oliveira	M	M35-39	173	6:08:30	0:49:58	0:09:13	2:55:30	0:04:40	2:09:09	Brazil	
a93bd902-45c7-f011-bbd2-000d3a5b7c3b	1017	Andre Scovoli	M	M50-54	63	6:08:39	0:47:50	0:09:02	3:18:40	0:06:31	1:46:37	Brazil	
cf0ef8be-475c-4c3f-b461-372e1d551432	1018	Giuliana Rodrigues Dal Mas Santanna	F	F40-44	21	6:08:41	0:42:56	0:08:56	3:23:05	0:04:50	1:48:54	Brazil	
ed030a01-45c7-f011-bbd2-000d3a5b5fc7	1019	Ronaldo Choiti Toma	M	M30-34	172	6:08:56	0:40:16	0:08:38	3:00:56	0:04:58	2:14:08	Brazil	
81d5aa82-339a-f011-b4cc-000d3a5b7c3b	1020	Philippe Gilleman	M	M35-39	174	6:08:56	0:43:46	0:08:40	3:08:16	0:06:56	2:01:18	Brazil	
273042dd-6055-4c0d-a064-6a6a6666e062	1021	Henrique Mallmann Grabin	M	M30-34	173	6:08:59	0:39:02	0:06:27	3:06:42	0:04:37	2:12:12	Brazil	
caf40cc1-43c7-f011-bbd3-000d3a5b50ba	1022	Yuri Silveira Borges	M	M35-39	175	6:09:02	0:49:05	0:07:45	3:18:37	0:03:56	1:49:39	Brazil	
1e792452-c1c2-4e4c-9bc8-e250bfcf4868	1023	Bruno Guilherme Morais Pagan	M	M40-44	157	6:09:05	0:42:46	0:08:19	3:00:56	0:05:44	2:11:21	Brazil	
0e833e20-36c7-f011-bbd3-6045bd09951e	1024	Alex Rodrigo Pereira	M	M45-49	130	6:09:11	0:45:24	0:09:41	3:10:04	0:08:06	1:55:56	Brazil	
b6dd1e52-43c7-f011-bbd3-000d3a35ffc1	1025	Patricia Lourenco Fabretti	F	F30-34	23	6:09:11	0:38:57	0:06:18	3:23:49	0:03:48	1:56:18	Brazil	
069a99a3-0b1f-f111-8341-0022480a5755	1026	Julio da Silva	M	M40-44	158	6:09:21	0:42:25	0:05:52	3:06:38	0:03:01	2:11:25	Brazil	
c8d11e11-44c7-f011-bbd2-000d3a5b5fc7	1027	Amanda Rozzini Pires	F	F35-39	30	6:09:39	0:45:29	0:06:21	3:17:18	0:04:11	1:56:21	Brazil	
7f30ffde-132d-45bc-9d52-e54acc856d07	1028	Eduarda Lemes Miguel	F	F35-39	31	6:09:39	0:43:52	0:05:40	3:08:07	0:03:14	2:08:47	Brazil	
c8d1866e-4179-f011-b4cb-000d3a5cf7d8	1029	Fabio Pitondo	M	M25-29	118	6:09:41	0:42:15	0:05:22	3:04:25	0:06:18	2:11:21	Brazil	
9c9f6bc3-c1dc-ee11-904d-6045bd0158c4	1030	Mirella Bellinazzi Dantas Amante	F	F50-54	5	6:09:49	0:39:48	0:08:55	3:18:55	0:04:33	1:57:40	Brazil	
df257164-d08c-4029-9cc4-b17a4daa9d12	1031	Mauricio Fabrini Filippetti	M	M45-49	131	6:10:08	0:42:39	0:09:56	3:10:06	0:04:16	2:03:11	Brazil	
0073be47-43c7-f011-bbd3-6045bd05fcc1	1032	Luiz Fernando Hidechiro Eri	M	M25-29	119	6:10:23	0:36:54	0:09:11	3:17:22	0:03:59	2:02:57	Brazil	
8e1eee3b-e798-f011-b4cc-000d3a5b7c3b	1033	Rodrigo Victor	M	M35-39	176	6:10:33	0:44:05	0:07:47	3:20:37	0:04:43	1:53:21	Brazil	
eb910e2d-8123-4bdd-a79d-a627aa5b7167	1034	Roberto De Oliveira Beck	M	M45-49	132	6:10:48	0:42:52	0:06:52	3:03:51	0:03:28	2:13:45	Brazil	
d8eda017-cd09-4c2c-abdb-4f3ceff1e1d6	1035	Rafael Rego	M	M30-34	174	6:10:49	0:40:26	0:05:59	3:01:06	0:07:04	2:16:14	Brazil	
32e10656-10c1-4599-be25-420625cbfd61	1036	Maurício Barbosa Sanches	M	M55-59	16	6:10:50	0:34:49	0:06:51	3:16:15	0:08:40	2:04:14	Brazil	
c7b3427d-43c7-f011-bbd3-6045bd09951e	1037	Rafael Gutierrez Carlos	M	M25-29	120	6:10:51	0:44:48	0:06:41	3:16:12	0:03:48	1:59:22	Brazil	
390d8cff-79cc-4a83-8fc0-f12af7e5f891	1038	Johan Lopez	M	M40-44	159	6:10:58	0:42:33	0:07:54	2:59:58	0:03:53	2:16:40	Colombia	
9a8f3818-de18-4fff-a956-da99e6c25cdb	1039	Felipe Siaudzionis	M	M30-34	175	6:11:07	0:42:33	0:05:45	3:18:18	0:03:42	2:00:48	Brazil	
921f4d8d-44c7-f011-bbd2-000d3a5b7c3b	1040	Guilherme Nunez Fernandes	M	M25-29	121	6:11:13	0:47:28	0:05:10	3:12:53	0:02:49	2:02:53	Brazil	
5585ead9-6ee8-ef11-8eea-6045bd018d16	1041	Aleksandro Siqueira	M	M45-49	133	6:11:20	0:44:51	0:11:29	3:01:21	0:08:59	2:04:40	Brazil	
f2df3892-3a9a-f011-b4cb-7ced8d70c1af	1042	Julio Cesar Trevisi Orlandi	M	M40-44	160	6:11:22	0:47:42	0:07:40	2:56:42	0:07:43	2:11:34	Brazil	
ee76b313-0ff2-4eb0-802e-5c7f5feeb8dc	1043	Richard Young	M	M40-44	161	6:11:43	0:34:25	0:10:56	3:04:06	0:05:36	2:16:41	United States	
122b6696-399a-f011-b4cc-6045bd09951e	1044	Paula Correa Diniz	F	F35-39	32	6:11:47	0:42:27	0:08:40	3:16:24	0:02:32	2:01:44	Brazil	
f5325184-45c7-f011-bbd3-6045bd09951e	1045	Amanda Tavares	F	F25-29	24	6:11:52	0:41:29	0:06:08	3:18:24	0:03:22	2:02:28	Brazil	
b2add17b-43c7-f011-bbd2-000d3a5b5fc7	1046	Marcio Ferreira Miranda	M	M40-44	162	6:12:05	0:30:19	0:05:56	2:56:20	0:02:55	2:36:36	Brazil	
33e02f70-3a9a-f011-b4cb-7ced8d70c1af	1047	Camila Santos	F	F35-39	33	6:12:21	0:40:38	0:08:20	3:14:11	0:04:21	2:04:53	Brazil	
074bc25f-8e4c-4171-8bc6-2be833c6562e	1048	Paulo Roberto Fanti	M	M55-59	17	6:12:24	0:52:39	0:08:53	2:59:41	0:07:00	2:04:11	Brazil	
17d113c8-bd88-42f2-aeba-2417f5ed7cf2	1049	Leandro Stampone Alves	M	M45-49	134	6:12:50	0:45:25	0:09:54	3:05:05	0:07:38	2:04:47	Brazil	
3ba32394-65bf-4280-a3ac-dfe8159efcba	1050	Bernardo Hohagen	M	M55-59	18	6:12:51	0:46:36	0:08:45	3:05:04	0:05:52	2:06:34	Brazil	
b043046f-0994-f011-b4cb-002248098cfa	1051	Sheila Hirama	F	F40-44	22	6:12:59	0:44:48	0:05:58	3:03:49	0:03:51	2:14:32	Brazil	
e897f909-d8b0-ef11-b8e9-000d3a5a1803	1052	Rebeca Dias	F	F25-29	25	6:13:01	0:50:17	0:07:32	3:02:21	0:03:32	2:09:19	Brazil	
2c99cfc6-8ed9-ee11-904d-000d3a5ca14e	1053	VICTOR KUMMER DA ROCHA CAVALCANTI	M	M30-34	176	6:13:04	0:41:03	0:06:45	2:54:54	0:04:38	2:25:44	Brazil	
64fb0a32-43c7-f011-bbd3-000d3a5b50ba	1054	Elizangelo De Almeida Pinto	M	M30-34	177	6:13:06	0:45:28	0:05:01	3:21:44	0:03:38	1:57:15	Brazil	
bab7b54b-6524-f011-8c4e-6045bd05fcc1	1055	Marcelo de Santana Porte	M	M45-49	135	6:13:07	0:50:34	0:12:20	3:00:11	0:03:43	2:06:18	Brazil	
cc9c944f-e3d8-ef11-8ee9-000d3a5ae96c	1056	Marcio Antonio Carreira	M	M35-39	177	6:13:07	0:48:52	0:05:23	3:16:15	0:03:09	1:59:29	Brazil	
636032eb-ef98-4885-82d7-3b3da934e2da	1057	Gabriela Boschiero	F	F30-34	24	6:13:08	0:38:24	0:05:57	3:10:09	0:02:49	2:15:49	Brazil	
e9009cd1-0665-42ef-b9e2-998178bbe934	1058	Wannah Fernanda Gomes Rodrigues	F	F40-44	23	6:13:17	0:40:43	0:08:51	3:06:09	0:05:29	2:12:05	Brazil	
20aee24c-9991-4377-93a7-e9e780186d17	1059	Andre Palermo	M	M45-49	136	6:13:20	0:44:23	0:06:28	3:07:27	0:05:18	2:09:43	Brazil	
01c66cd5-4b2b-46f9-a9b3-5f8f218f7249	1060	Rafaela Scalabrini Oliveira	F	F35-39	34	6:13:29	0:41:44	0:07:11	3:06:11	0:04:42	2:13:40	Brazil	
ad5e2841-46c7-f011-bbd3-000d3a3173b5	1061	Maria Santarlasci	F	F30-34	25	6:13:31	0:38:01	0:07:17	3:08:11	0:05:51	2:14:11	Brazil	
97df3630-43c7-f011-bbd3-000d3a3173b5	1062	Jhoni De Oliveira Barros	M	M30-34	178	6:13:32	0:42:56	0:07:31	3:09:29	0:03:25	2:10:11	Brazil	
4e05a991-235d-4e9c-80ba-4982df9ca824	1063	Matheus Fedozzi	M	M35-39	178	6:13:36	0:44:31	0:07:25	3:02:35	0:05:42	2:13:23	Brazil	
7180a239-5cc9-47d7-a721-7fc1f6cb3d17	1064	Leonardo Soares Léo	M	M50-54	64	6:13:37	0:50:53	0:05:03	3:06:45	0:03:59	2:06:57	Brazil	
69d068c5-44c7-f011-bbd3-000d3a5b50ba	1065	Pedro Henrique Ferreira Belisso	M	M40-44	163	6:13:53	0:46:36	0:07:03	3:03:08	0:04:18	2:12:48	Brazil	
ec147cc1-04cb-42e0-94de-3f6254b7d4f4	1066	Pedro Paulo Stopa	M	M25-29	122	6:13:53	0:44:03	0:07:46	3:12:34	0:04:38	2:04:52	Brazil	
3cfb3b17-43c7-f011-bbd3-6045bd05fcc1	1067	Henrique Batarra	M	M30-34	179	6:13:54	0:42:40	0:07:06	3:18:46	0:08:20	1:57:02	Brazil	
2b7589fa-7939-4819-98fc-757ebf324658	1068	Marcos Ademir Dos Santos	M	M35-39	179	6:13:57	0:46:51	0:07:40	3:14:00	0:05:35	1:59:51	Brazil	
4840a876-6293-4468-b2c4-d3780c7791ae	1069	Matheus Ademir Dos Santos	M	M35-39	180	6:13:57	0:47:05	0:07:27	3:14:01	0:05:33	1:59:51	Brazil	
28241be2-cbc7-475c-a96b-4ee7faa3772c	1070	Marcos Ribeiro	M	M40-44	164	6:14:22	0:45:09	0:06:56	3:02:54	0:07:37	2:11:45	Brazil	
a59093b1-0565-4fb8-a05e-f6b2dc4b3a74	1071	Luis Felipe Adao	M	M30-34	180	6:14:24	0:37:48	0:06:09	2:56:08	0:04:58	2:29:22	Brazil	
a3f20594-42a2-494a-984f-6e3a1e3c7f30	1072	Samantha Maria Dias Diniz	F	F35-39	35	6:14:26	0:44:44	0:08:04	3:18:11	0:05:03	1:58:25	Brazil	
b7ab18f5-eacb-46e9-bfd3-9f1aeaff030d	1073	DANIEL AUGUSTO TEIXEIRA DE MIRANDA	M	M40-44	165	6:14:35	0:35:44	0:08:33	3:17:52	0:04:26	2:08:00	Brazil	
442bc6f0-57e9-433e-b003-1166abdac4ed	1074	Otavio Augusto Silverio	M	M35-39	181	6:14:54	0:43:31	0:07:06	3:00:11	0:10:53	2:13:11	Brazil	
4f779e09-e056-4f44-9398-2f857ab2c770	1075	Tatiana Carvalho Seda	F	F50-54	6	6:14:55	0:43:53	0:06:52	3:15:29	0:03:44	2:04:58	Brazil	
25095a9d-eb83-4276-9b7a-b35c6389baec	1076	Rodrigo Marques Soares	M	M55-59	19	6:14:56	0:43:27	0:07:22	3:11:56	0:04:27	2:07:43	Brazil	
24c5ea17-39b7-ef11-b8e8-6045bd018d16	1077	Edson Adair Pereira Rocha	M	M35-39	182	6:15:06	0:42:43	0:06:28	2:53:20	0:06:04	2:26:31	Brazil	
23c185a2-4f0a-f011-bae2-6045bd05fcc1	1078	Débora Oliveira	F	F30-34	26	6:15:15	0:48:29	0:05:49	3:11:05	0:02:32	2:07:20	Brazil	
55dce23d-45c7-f011-bbd3-6045bd09951e	1079	Fabio Roberto Souza Teixeira	M	M40-44	166	6:15:21	0:47:25	0:11:00	3:18:43	0:10:12	1:48:01	Brazil	
3f9c644b-1e4b-f011-8779-002248098cfa	1080	Luan Biral do Nascimento Plácido	M	M25-29	123	6:15:23	0:44:33	0:07:10	3:11:33	0:03:35	2:08:33	Brazil	
9b030f19-45c7-f011-bbd3-000d3a35ffc1	1081	Vinicius Passos	M	M35-39	183	6:15:35	0:38:26	0:08:29	3:19:58	0:05:10	2:03:32	Brazil	
aa495f16-df7d-ef11-ac20-000d3a59a9a1	1082	Julia Galli	F	F30-34	27	6:15:37	0:41:18	0:08:47	3:07:50	0:05:44	2:11:58	Brazil	
bb926be3-45c7-f011-bbd3-6045bd09951e	1083	Sofia Silveira Sigrist	F	F25-29	26	6:15:41	0:25:31	0:03:23	4:08:23	0:06:21	1:32:04	Brazil	
ca4b3544-45c7-f011-bbd3-6045bd05f634	1084	Kelly Pedrozo Ferreira	F	F35-39	36	6:15:42	0:46:01	0:09:50	3:11:51	0:05:40	2:02:19	Brazil	
2b646726-659f-4625-ad76-e9ea386c6f1f	1085	Yuri Ueti Uehara Kuniyoshi	M	M50-54	65	6:15:44	0:45:22	0:07:10	3:15:37	0:03:58	2:03:38	Brazil	
ad1de62d-31c7-f011-bbd3-6045bd09951e	1086	MAURO PIERAGNOLI	M	M60-64	6	6:15:44	0:43:18	0:12:21	3:01:42	0:07:34	2:10:50	Brazil	
be4423dc-42c7-f011-bbd3-000d3a5b50ba	1087	Cristiane Guilherme Da Silva De Almeida	F	F45-49	14	6:15:53	0:56:06	0:12:18	3:09:24	0:02:48	1:55:17	Brazil	
d72200e0-44c7-f011-bbd3-0022480a7385	1088	Jose Vitor De Souza Spadao	M	M40-44	167	6:16:09	0:38:24	0:10:22	3:17:12	0:09:10	2:01:01	Brazil	
64fcc8d5-44c7-f011-bbd3-6045bd09951e	1089	Leonardo De Oliveira Boff	M	M25-29	124	6:16:14	0:42:13	0:08:33	3:05:08	0:07:31	2:12:48	Brazil	
2b7b9b94-b29a-4acf-99ee-67cd3c353175	1090	Fabio Silva Andrade	M	M35-39	184	6:16:27	0:48:23	0:07:54	3:12:40	0:06:24	2:01:06	Brazil	
803dec60-45c7-f011-bbd2-000d3a5b7c3b	1091	mariana manchon zanon	F	F35-39	37	6:16:33	0:41:51	0:07:41	3:17:15	0:04:02	2:05:44	Brazil	
4e001aa2-45c7-f011-bbd3-0022480c097c	1092	Erick Sun	M	M25-29	125	6:16:38	0:34:43	0:06:01	3:14:52	0:04:16	2:16:46	Brazil	
93ee4cc0-5d43-490b-b010-a4087a0ff12a	1093	Gustavo Stock	M	M30-34	181	6:16:39	0:41:19	0:06:42	3:14:43	0:02:45	2:11:11	Brazil	
fec572f8-fe8c-4efc-8bfa-f63d98f1d9f5	1094	Danilo Mario Molina Tapia	M	M45-49	137	6:16:57	0:39:50	0:08:49	3:12:26	0:05:05	2:10:47	Brazil	
a1fad244-0aa9-f011-bbd3-000d3a5cf7d8	1095	Rafael Brandi	M	M25-29	126	6:17:03	0:38:39	0:05:37	3:03:11	0:04:10	2:25:25	Brazil	
154f4b78-4438-446e-a064-3fa5bd23dcd9	1096	Anna Gabriela Bueno Alves	F	F35-39	38	6:17:06	0:41:28	0:09:06	3:20:29	0:06:47	1:59:14	Brazil	
79f9b9e5-389a-f011-b4cc-002248098cfa	1097	Renato Gomes	M	M45-49	138	6:17:06	0:39:39	0:09:57	3:16:46	0:05:42	2:05:02	Brazil	
63bbb42f-44c7-f011-bbd2-000d3a5b5fc7	1098	Carlinhos Castro	M	M45-49	139	6:17:06	0:36:35	0:07:00	2:52:32	0:04:17	2:36:41	Brazil	
5f48bbb4-45c7-f011-bbd3-0022480c097c	1099	daniel moreira de souza	M	M40-44	168	6:17:12	0:44:01	0:11:27	2:20:56	0:06:21	2:54:28	Brazil	
2d252209-44c7-f011-bbd2-000d3a5b7c3b	1100	Ana Carolina Buzelli	F	F30-34	28	6:17:17	0:41:55	0:07:16	3:11:12	0:04:42	2:12:11	Brazil	
58f44ccf-b15c-465c-bb82-d642ab1696b6	1101	Fernando Gomes Da Silva	M	M40-44	169	6:17:23	0:36:15	0:07:50	3:12:15	0:06:18	2:14:44	Brazil	
03f6a6c5-375d-4f31-9cd4-0591a15b185b	1102	Rafael Gisse Pinto	M	M40-44	170	6:17:28	0:31:25	0:06:45	3:06:25	0:05:02	2:27:52	Brazil	
75e92f61-44c7-f011-bbd2-000d3a5b5fc7	1103	Rafael Lutzoff De Camargo Vaz	M	M35-39	185	6:17:50	0:48:22	0:08:21	3:30:10	0:04:50	1:46:07	Brazil	
45237a95-fb97-44dd-8199-958bbd5ea182	1104	Heloisa Brito	F	F30-34	29	6:17:50	0:41:30	0:07:54	3:10:08	0:06:00	2:12:18	Brazil	
ccc0a36e-3d5e-4a72-aca8-2def2ce67835	1105	Marcos Zampiroli Borghese	M	M45-49	140	6:18:09	0:36:51	0:12:59	3:12:21	0:04:57	2:11:01	Brazil	
4855ddc0-42c7-f011-bbd3-000d3a5cf7d8	1106	Matheus Soares	M	M30-34	182	6:18:09	0:51:42	0:06:56	3:20:54	0:03:04	1:55:33	Brazil	
47558909-46c7-f011-bbd3-6045bd09951e	1107	Pedro Prado	M	M35-39	186	6:18:09	0:36:39	0:07:24	3:20:24	0:03:53	2:09:48	Brazil	
708515b7-46c7-f011-bbd3-000d3a35ffc1	1108	Kaue Sossai Novo	M	M40-44	171	6:18:24	0:42:04	0:09:29	3:03:11	0:06:05	2:17:35	Brazil	
e924a266-225a-42c1-84dd-3d2517c35e3b	1109	Flavio Achur Coscarelli	M	M50-54	66	6:18:28	0:59:43	0:12:28	2:56:09	0:06:25	2:03:43	Brazil	
e29839e6-63c9-4492-8744-be31dd14e67d	1110	Fabio Breda Guirau	M	M45-49	141	6:18:47	0:32:08	0:06:04	3:00:13	0:04:09	2:36:12	Brazil	
19c50640-e84a-4f89-8dbf-44376012489f	1111	Aquisa Raulino	F	F40-44	24	6:19:10	0:43:08	0:06:54	3:24:16	0:03:57	2:00:55	Brazil	
f62f760c-9ce9-4d85-93c5-b1b027727271	1112	Thiago Levy	M	M40-44	172	6:19:33	0:41:06	0:12:43	3:23:43	0:06:32	1:55:29	Brazil	
78ead772-576d-4254-867e-3e81e3d27d2c	1113	Michael Fanti	M	M40-44	173	6:19:40	0:37:21	0:05:20	3:35:10	0:03:22	1:58:27	Brazil	
1fce3568-44c7-f011-bbd3-6045bd09951e	1114	Alex De Souza Santos	M	M30-34	183	6:19:51	1:06:05	0:06:46	2:38:32	0:06:24	2:22:04	Brazil	
1e1eaa00-45c7-f011-bbd3-000d3a35ffc1	1115	Fabio Andrade Da Costa	M	M40-44	174	6:19:52	0:38:42	0:09:57	3:16:56	0:07:10	2:07:08	Brazil	
00a1e1e2-089a-f011-b4cc-000d3a5b7c3b	1116	Victor Hugo Cabral de Morais Junior	M	M40-44	175	6:19:54	0:50:08	0:08:24	3:17:27	0:05:51	1:58:04	Brazil	
74a8a8bf-c4e6-4ef5-8c9d-7e1d67435dae	1117	David Tresmondi	M	M45-49	142	6:20:03	0:36:01	0:06:32	3:31:38	0:03:05	2:02:48	Brazil	
fcc97fff-42c7-f011-bbd3-000d3a3173b5	1118	Marco Bellan Ohmori	M	M35-39	187	6:20:10	0:45:41	0:07:25	3:23:44	0:03:57	1:59:24	Brazil	
02d6f811-d52b-40bf-b843-0267f95c291c	1119	Diogo Muniz De Almeida Souza	M	M25-29	127	6:20:19	0:50:45	0:05:02	3:01:25	0:03:26	2:19:41	Brazil	
12e01499-45c7-f011-bbd3-000d3a35ffc1	1120	Marcos Schluepmann Santos	M	M18-24	45	6:20:22	0:33:46	0:07:00	3:00:39	0:04:56	2:34:01	Brazil	
b84e1c57-45c7-f011-bbd3-000d3a5b50ba	1121	Patricia Paula Paz De Lira	F	F45-49	15	6:20:24	0:47:39	0:08:24	3:07:21	0:04:24	2:12:36	Brazil	
2b6b4623-46c7-f011-bbd2-000d3a5b7c3b	1122	Rodrigo Galtaroca Soares	M	M30-34	184	6:20:25	0:37:27	0:06:13	3:13:27	0:03:12	2:20:07	Brazil	
f5cca96c-9873-f011-bec3-6045bd09951e	1123	Erik Hernane Marcelino da Silva	M	M25-29	128	6:20:27	0:41:48	0:07:17	3:06:05	0:03:18	2:22:00	Brazil	
020bbfe8-523d-4899-bcab-0e71d3127882	1124	Denis Cerqueira Correa	M	M45-49	143	6:20:36	0:41:54	0:07:22	3:18:29	0:03:53	2:08:58	Brazil	
a99f2a3b-fb75-4f84-92b1-916fe0724eae	1125	Pedro Dias Goncalves Junior	M	M35-39	188	6:20:40	1:02:54	0:07:45	3:13:17	0:04:11	1:52:33	Brazil	
84ef4baa-8a37-4cf9-8f4b-7092db99dfe7	1126	Thais Barbosa Rocha Dias	F	F30-34	30	6:20:46	0:42:24	0:07:55	3:33:31	0:02:54	1:54:01	Brazil	
86839e89-cf18-4441-b695-104d184b982d	1127	Renan De Padua Carini	M	M30-34	185	6:20:50	0:50:26	0:06:03	3:21:57	0:04:13	1:58:11	Brazil	
0bdc2ac8-d998-f011-b4cc-0022480a7385	1128	Marcos Ricardo Pilotto	M	M55-59	20	6:20:54	0:48:05	0:09:03	3:03:44	0:06:46	2:13:16	Brazil	
2e746832-39c7-f011-bbd3-000d3a5b50ba	1129	Carolina Ramos Penteado De Castro	F	F30-34	31	6:21:02	0:43:40	0:06:53	2:58:16	0:06:09	2:26:04	Brazil	
dbaa3651-2b22-f111-8341-002248046ec8	1130	Gabriel Tinassi	M	M25-29	129	6:21:12	0:47:45	0:08:57	3:08:25	0:04:00	2:12:05	Brazil	
8323f48b-44c7-f011-bbd3-000d3a3173b5	1131	IOLANDA ESTRAMBEK	F	F30-34	32	6:21:55	1:01:13	0:06:19	2:59:57	0:05:22	2:09:04	Brazil	
075cbdbc-a90e-49a3-b09d-9a1921fcaed2	1132	Eduardo Tapia	M	M55-59	21	6:22:11	0:47:14	0:06:32	3:00:50	0:03:23	2:24:12	Chile	
ea5e8c98-44c7-f011-bbd3-000d3a35ffc1	1133	Luiz Gustavo Shizuo Hayashi	M	M35-39	189	6:22:20	0:42:56	0:04:41	3:05:32	0:05:21	2:23:51	Brazil	
06a64617-46c7-f011-bbd2-000d3a5b7c3b	1134	Fabian Lopes Peres	M	M30-34	186	6:22:20	0:37:23	0:05:29	3:08:14	0:02:39	2:28:34	Brazil	
24d5e4f6-43c7-f011-bbd3-000d3a5cf7d8	1135	Gustavo Akira Susin Hamada	M	M18-24	46	6:22:47	0:41:58	0:09:13	2:59:16	0:03:11	2:29:10	Brazil	
04d02847-46c7-f011-bbd3-000d3a5cf7d8	1136	Marcos Andre Lauria	M	M25-29	130	6:22:50	0:39:31	0:07:26	3:17:32	0:04:12	2:14:10	Brazil	
bfa75c4d-9268-f011-bec2-000d3a37ba6e	1137	Luiz Iosi	M	M50-54	67	6:22:56	0:48:52	0:10:27	3:01:35	0:05:27	2:16:36	Brazil	
df9a1aae-45c7-f011-bbd3-000d3a5b50ba	1138	Ana Paula Pavan	F	F45-49	16	6:22:59	0:44:35	0:09:43	3:06:47	0:08:54	2:13:00	Brazil	
6f1f7d9e-2ebd-4a33-9618-aceede40aa48	1139	Cesar Soares Neto	M	M55-59	22	6:23:00	0:44:36	0:09:43	3:06:43	0:08:58	2:13:01	Brazil	
c39bc84b-139a-f011-b4cc-000d3a35ffc1	1140	JEFFERSON LISBOA	M	M35-39	190	6:23:21	0:43:55	0:06:28	3:08:31	0:04:55	2:19:32	Brazil	
4cb4f3f5-a2b2-4303-9491-18682ea1005c	1141	Renata Ferreira Dos Santos	F	F50-54	7	6:23:27	0:41:39	0:06:45	3:17:14	0:02:46	2:15:03	Brazil	
e77a04c2-b616-419e-8a51-6b4baf7b206b	1142	Denison Da Silva Firmino	M	M55-59	23	6:23:30	0:54:43	0:06:42	3:08:46	0:04:09	2:09:10	Brazil	
f080b010-d6b0-ef11-b8e8-6045bd018d16	1143	ALAN HIAL PELLIZZARI	M	M35-39	191	6:23:36	0:46:54	0:07:42	3:13:50	0:03:31	2:11:40	Brazil	
2f468d5f-45c7-f011-bbd3-6045bd05fcc1	1144	Joyce Goncalves Braga	F	F30-34	33	6:23:58	0:42:25	0:07:37	3:36:55	0:03:57	1:53:04	Brazil	
8a50dad7-8882-f011-b4cc-6045bd05f634	1145	Priscila Milani	F	F45-49	17	6:24:01	0:55:21	0:07:59	3:09:56	0:03:13	2:07:32	Brazil	
430d4912-c464-4dec-a72a-9ce2f775dcd5	1146	Cristiane Lasmar	F	F30-34	34	6:24:05	0:44:22	0:07:03	3:17:08	0:05:40	2:09:53	Brazil	
abd598b1-46c7-f011-bbd3-000d3a3173b5	1147	Juliano de Lima	M	M45-49	144	6:24:07	0:40:03	0:11:15	3:06:57	0:06:44	2:19:07	Brazil	
e10dc086-a720-42e2-b28c-4f55928a771d	1148	Bruno Henrique Koga Fazano	M	M25-29	131	6:24:12	0:35:49	0:05:38	3:24:25	0:04:37	2:13:43	Brazil	
89aac7c2-44c7-f011-bbd3-6045bd05fcc1	1149	Bernardo Kfouri	M	M18-24	47	6:24:23	0:40:04	0:10:01	3:12:27	0:06:45	2:15:07	Brazil	
fd4c8708-c8cd-4100-a36b-3132d6fcc3bf	1150	Cristiano Negrao De Queiroz	M	M50-54	68	6:24:36	0:35:57	0:07:52	3:18:06	0:04:49	2:17:53	Brazil	
97c944ac-46c7-f011-bbd2-000d3a5b7c3b	1151	Jose Amancio	M	M45-49	145	6:24:38	0:57:57	0:08:48	3:07:46	0:04:55	2:05:13	Brazil	
f8805e95-45c7-f011-bbd3-0022480c097c	1152	Pedro Antonio De Almeida Colli	M	M30-34	187	6:24:50	0:50:14	0:06:37	3:13:32	0:06:15	2:08:12	Brazil	
6f0351a0-2c14-f111-8341-000d3a300d85	1153	JEAN CARLOS OLIVEIRA	M	M45-49	146	6:24:51	0:55:29	0:14:17	3:09:48	0:09:15	1:56:01	Brazil	
03a1024f-43c7-f011-bbd3-000d3a3173b5	1154	Fellipe Martins Procopio Argentati	M	M25-29	132	6:25:05	0:43:21	0:06:32	3:22:27	0:02:33	2:10:12	Brazil	
b9ee78e4-5a4f-4474-9057-dcdef4d22df3	1155	CASSIANO RICARDO DAMASCENO	M	M45-49	147	6:25:13	0:44:29	0:07:13	3:16:21	0:06:16	2:10:54	Brazil	
459f4c63-46c7-f011-bbd2-000d3a5b5fc7	1156	Guilherme Friedrich Lauria	M	M30-34	188	6:25:22	0:56:21	0:06:41	3:11:26	0:07:00	2:03:54	Brazil	
aba1fb9a-46c7-f011-bbd2-000d3a5b5fc7	1157	Ana Paula Briza	F	F45-49	18	6:25:24	0:41:47	0:07:23	3:15:35	0:05:32	2:15:07	Brazil	
116324eb-86dc-e911-a987-000d3a36478d	1158	Fernando Quintas Paes De Azevedo	M	M50-54	69	6:25:25	0:32:05	0:07:26	3:08:12	0:04:31	2:33:11	Brazil	
2c13f8bb-14f8-ee11-a1fe-000d3a31440b	1159	Roberto Ridolpho	M	M45-49	148	6:25:27	0:42:20	0:07:50	3:12:54	0:04:51	2:17:32	Brazil	
3baee1b5-0298-4e30-b7a4-47b26722ad02	1160	Alessio Benedito Valim Torso	M	M45-49	149	6:25:32	0:42:42	0:11:46	3:06:13	0:04:37	2:20:14	Brazil	
8c2b4850-8fd0-4d92-afad-b163c4eae7aa	1161	Ricardo De Souza Cione	M	M45-49	150	6:25:38	0:50:54	0:08:04	3:14:41	0:02:52	2:09:07	Brazil	
501eaa00-45c7-f011-bbd3-000d3a35ffc1	1162	Janaina Maluf Pichinin Pavan	F	F45-49	19	6:25:40	0:46:57	0:09:30	3:11:04	0:05:23	2:12:48	Brazil	
1c5d4fb9-78f4-49f2-b1f8-974956a0ec05	1163	Cinthia Selman Gomes Saladino	F	F40-44	25	6:25:43	0:45:28	0:08:01	3:13:17	0:04:57	2:14:00	Brazil	
ddfd1ef7-a37d-46b5-8a2b-6b7affdb6940	1164	Luiz Felipe Goncalves Dib	M	M40-44	176	6:26:02	0:46:06	0:07:44	3:18:44	0:03:47	2:09:41	Brazil	
fea8a342-754b-4e4c-985e-20fba0035e42	1165	Carla Regina Delvechio Alves Pinto	F	F50-54	8	6:26:14	0:43:04	0:08:43	3:25:09	0:10:32	1:58:46	Brazil	
47bfcd99-9fd8-4b8a-a7f7-fd0ba44891fe	1166	Jorge Henrique Dos Santos	M	M60-64	7	6:26:17	0:45:28	0:09:30	3:24:43	0:03:22	2:03:14	Brazil	
1347e5b4-49dc-4717-a8bc-53a82439c25f	1167	Enzo Batah	M	M25-29	133	6:26:20	0:44:24	0:06:24	3:17:57	0:04:34	2:13:01	Brazil	
2c94efee-3a42-f011-b4cb-000d3a35ffc1	1168	Walter Saes	M	M45-49	151	6:26:23	0:42:52	0:09:42	2:59:34	0:05:52	2:28:23	Brazil	
5069830c-9d8b-43aa-9896-3aa19c6f0451	1169	Danilo Franzim Dos Santos	M	M35-39	192	6:26:27	0:46:59	0:09:12	2:57:06	0:04:53	2:28:17	Brazil	
abdd1d34-8422-42c4-83d8-6be0e59e9ba2	1170	Renato Sérgio Quinsan Moreira	M	M45-49	152	6:26:30	0:45:38	0:10:21	3:14:18	0:09:34	2:06:40	Brazil	
6e3b906f-46f0-45ca-bcb1-52ea2dc346f1	1171	Paula De Mello Costa	F	F40-44	26	6:26:31	0:47:31	0:08:04	3:22:27	0:05:05	2:03:23	Brazil	
312514ac-3a9a-f011-b4cc-000d3a35ffc1	1172	Ricardo Dias Coimbra dos Santos	M	M40-44	177	6:26:36	0:49:17	0:06:27	2:59:37	0:05:24	2:25:52	Brazil	
93c5b1e4-3be2-4cf0-adf5-df78c49ff485	1173	Vini Lauria	M	M55-59	24	6:26:38	0:44:27	0:11:24	3:07:58	0:04:43	2:18:06	Brazil	
64c72ae6-98bb-4f0f-99a0-56103a237133	1174	Danilo Choichit	M	M55-59	25	6:26:38	0:39:29	0:10:51	3:13:23	0:04:45	2:18:10	Brazil	
48dbaa32-0f53-40d4-9854-04e9581f0058	1175	Ricardo Chaibub	M	M60-64	8	6:26:41	0:39:36	0:08:45	3:04:41	0:04:22	2:29:17	Brazil	
f60143d9-46c7-f011-bbd3-0022480c097c	1176	Wellington Roberto De Domingos	M	M50-54	70	6:26:43	0:41:48	0:08:00	3:13:02	0:04:43	2:19:11	Brazil	
55ed507e-3e79-f011-b4cc-6045bd09951e	1177	Juliana Cristina Martins Costa Sallem	F	F35-39	39	6:26:43	0:51:51	0:06:57	3:13:10	0:05:04	2:09:40	Brazil	
7fb1bbf0-c2e9-43ea-a6ee-ef6580ffae7c	1178	Jorge De Souza Neto	M	M30-34	189	6:27:00	0:42:10	0:07:20	3:15:13	0:04:22	2:17:56	Brazil	
16a8766e-72e1-4f01-b79f-64c5ad0f6147	1179	Greyce Mariani Marchi	F	F40-44	27	6:27:12	0:39:15	0:07:27	3:25:15	0:04:14	2:11:01	Brazil	
927e6600-43c7-f011-bbd3-6045bd05f634	1180	Marcelo Agostini	M	M50-54	71	6:27:12	0:41:13	0:07:08	3:25:17	0:10:47	2:02:47	Brazil	
f408a5c9-8a31-427b-9752-212623ab86ee	1181	Rodrigo Miguel Lemos Da Silva	M	M35-39	193	6:27:20	0:55:26	0:08:17	3:13:04	0:06:46	2:03:47	Brazil	
18697336-e756-4b0b-9942-296bda010abd	1182	Felipe Miglioli	M	M40-44	178	6:27:23	0:47:49	0:08:00	2:44:37	0:05:18	2:41:38	Brazil	
ab8433ef-e6d0-4ac4-945c-2ae5956d0dc8	1183	Joseane De Menezes Conde	F	F50-54	9	6:27:26	0:49:37	0:07:32	3:24:40	0:02:23	2:03:14	Brazil	
3756542a-477b-ef11-a670-6045bd048089	1184	Paulo Henrique La Torre	M	M25-29	134	6:27:26	0:50:05	0:06:47	3:24:41	0:02:39	2:03:14	Brazil	
e4456356-39c7-f011-bbd2-000d3a5b7c3b	1185	Gabriel Vasconcellos Marsiglio	M	M18-24	48	6:27:35	0:48:44	0:06:56	3:20:05	0:06:05	2:05:45	Brazil	
c77ec185-5399-4ed8-b909-cb4e646b363f	1186	Matheus Torres Guinezi	M	M30-34	190	6:27:36	0:49:52	0:07:52	3:11:38	0:03:49	2:14:25	Brazil	
e0b50868-a1ba-438c-89bf-f2be092f2f5e	1187	Aliciane De Magalhaes Lira	F	F45-49	20	6:27:36	0:45:30	0:09:52	3:12:53	0:04:55	2:14:25	Brazil	
528cc385-b6fa-4370-bb52-d8c2816edf3f	1188	Mauro De Freitas Torello	M	M50-54	72	6:27:53	0:52:38	0:05:39	2:47:25	0:03:03	2:39:08	Brazil	
8dd548f9-45c7-f011-bbd3-000d3a3173b5	1189	Diego Toledo	M	M40-44	179	6:27:56	0:37:45	0:09:25	3:41:04	0:04:11	1:55:31	Brazil	
fd970428-5a30-44a2-bc80-dc9df6679c9f	1190	Carlos Gustavo Marrese	M	M45-49	153	6:28:01	0:46:59	0:08:49	3:01:32	0:04:20	2:26:20	Brazil	
822f201a-6161-4e71-9a6f-c6f10616f735	1191	Bruno Santanna Peres	M	M35-39	194	6:28:03	0:47:52	0:07:06	3:14:32	0:05:22	2:13:12	Brazil	
5bd5408a-4813-44f9-92b8-501f1a30c846	1192	Henrique Avelino Da Silva	M	M35-39	195	6:28:05	0:38:32	0:05:08	3:05:34	0:03:05	2:35:46	Brazil	
629761a9-a811-ec11-b6e6-000d3a5a5374	1193	Israel Antunes Neto	M	M25-29	135	6:28:15	0:49:50	0:06:56	3:09:20	0:03:25	2:18:45	Brazil	
cc4be9c1-46c7-f011-bbd3-6045bd09951e	1194	Andre Luiz Migliori	M	M35-39	196	6:28:15	0:45:17	0:08:55	3:23:09	0:07:19	2:03:34	Brazil	
cd3618c2-d76f-4601-949d-3bc39349343f	1195	Douglas Koji Ishikawa Tagudi	M	M30-34	191	6:28:38	0:43:10	0:09:27	3:15:58	0:04:13	2:15:51	Brazil	
5fb80d06-5dea-44ce-9744-55f9659b9b24	1196	Renato Cordeiro	M	M50-54	73	6:28:43	0:39:58	0:05:13	2:59:11	0:04:22	2:40:00	Brazil	
06238415-46c7-f011-bbd3-000d3a3173b5	1197	Rodrigo Rondena	M	M45-49	154	6:28:45	0:40:31	0:08:41	3:18:58	0:05:50	2:14:45	Brazil	
c84c42d8-43c7-f011-bbd3-000d3a5cf7d8	1198	Kamila Armentano Santos	F	F35-39	40	6:28:48	0:44:46	0:07:53	3:28:10	0:03:37	2:04:21	Brazil	
16591b98-009c-4981-90ed-e1c4991014b9	1199	Diego Conceicao	M	M40-44	180	6:28:49	0:55:40	0:06:19	3:09:38	0:07:37	2:09:36	Brazil	
eb2db856-45c7-f011-bbd3-6045bd09951e	1200	Pedro Auricchio Matos	M	M18-24	49	6:28:50	0:37:47	0:06:21	3:09:58	0:04:14	2:30:29	Brazil	
547af9f0-9cb3-49a1-8e63-d6255cf99820	1201	Carlos Roberto Borges Cardoso	M	M45-49	155	6:28:53	0:47:03	0:09:59	3:14:04	0:08:13	2:09:33	Brazil	
4b7080ae-36c7-f011-bbd3-6045bd09951e	1202	Marcelo Rente	M	M45-49	156	6:28:58	0:41:51	0:15:32	3:13:34	0:06:05	2:11:56	Brazil	
b91850d5-42c7-f011-bbd3-6045bd09951e	1203	Talita Sorrilha	F	F30-34	35	6:28:59	0:41:23	0:08:14	3:24:22	0:07:34	2:07:27	Brazil	
63d671de-bdd1-ef11-8ee9-6045bd018d16	1204	Allyson Simoes	M	M50-54	74	6:29:05	0:52:09	0:08:10	2:49:03	0:06:35	2:33:08	Brazil	
d33ba8a6-43c7-f011-bbd3-000d3a35ffc1	1205	Laura De Oliveira Rente Pessoa	F	F25-29	27	6:29:08	0:47:25	0:07:59	3:15:47	0:06:02	2:11:55	Brazil	
961e65e1-6cba-f011-bbd3-0022480c097c	1206	HUMBERTO SATO	M	M55-59	26	6:29:28	0:33:18	0:07:31	3:16:45	0:03:12	2:28:44	Brazil	
8198b64f-45c7-f011-bbd3-0022480c097c	1207	Everton Pro	M	M40-44	181	6:29:33	0:59:02	0:12:14	3:11:16	0:08:10	1:58:50	Brazil	
4e7b4a54-81fc-ef11-bae2-6045bd05fcc1	1208	Roberto Giuliani	M	M50-54	75	6:29:37	0:51:19	0:10:57	3:05:20	0:05:40	2:16:21	Brazil	
ada2f8d0-73cb-ee11-9079-000d3a314329	1209	Dalton Alessandro Damoulis	M	M50-54	76	6:29:40	0:43:21	0:11:56	3:07:37	0:07:12	2:19:35	Brazil	
af94fac3-84df-461e-aa56-c6aa9d4ae368	1210	Tiago Calvente	M	M40-44	182	6:30:18	0:46:14	0:08:57	3:13:22	0:04:58	2:16:47	Brazil	
53425526-93c5-4037-b35d-957fca3e1c1d	1211	Claudio Pieragnoli	M	M60-64	9	6:30:24	0:57:36	0:11:31	2:51:00	0:09:32	2:20:45	Brazil	
dd781a7e-e809-468e-82e1-c8f8ec308024	1212	RACHEL PAES GUIMARAES	F	F40-44	28	6:30:26	0:46:25	0:09:20	3:21:08	0:03:51	2:09:41	Brazil	
0526541d-92b1-ef11-b8e8-000d3a5a403c	1213	Diego Carmelin	M	M35-39	197	6:30:29	0:42:13	0:09:42	3:15:47	0:07:31	2:15:16	Brazil	
458413ab-46c7-f011-bbd3-000d3a35ffc1	1214	Danilo Coelho Nunes	M	M50-54	77	6:30:32	0:45:53	0:10:02	3:15:15	0:04:51	2:14:32	Brazil	
765b382a-ae1c-42b1-b6cc-4a9851b1c6da	1215	Danielle Luiz Mantovani	F	F35-39	41	6:30:44	1:02:37	0:07:32	3:23:20	0:04:52	1:52:23	Brazil	
f34bcc7a-46c7-f011-bbd2-000d3a5b7c3b	1216	Caio Vinicius Olinda Carmo	M	M30-34	192	6:30:45	0:40:50	0:06:32	3:26:36	0:04:59	2:11:47	Brazil	
84787200-43c7-f011-bbd2-000d3a5b5fc7	1217	William Damasceno Pedrozo	M	M25-29	136	6:30:45	0:46:46	0:06:45	3:27:30	0:04:36	2:05:07	Brazil	
956ce404-44c7-f011-bbd2-000d3a5b5fc7	1218	Jessica Camila Montagner	F	F35-39	42	6:31:04	0:43:54	0:08:51	3:19:43	0:03:50	2:14:45	Brazil	
9f7297e7-f4b0-ef11-b8e8-000d3a5ae96c	1219	Eduardo Prado	M	M40-44	183	6:31:09	0:43:18	0:09:45	3:24:21	0:04:19	2:09:25	Brazil	
385605a7-c301-416d-aed1-d80623078e5c	1220	Paulo Farina Jr	M	M65-69	2	6:31:13	0:50:49	0:08:52	3:14:44	0:04:45	2:12:04	Brazil	
9edbcb44-45c7-f011-bbd3-000d3a5b50ba	1221	Gean Canelada	M	M40-44	184	6:31:14	0:51:58	0:07:49	3:22:30	0:05:20	2:03:37	Brazil	
7cd673aa-7b92-f011-b4cc-000d3a3173b5	1222	Marcela Contardi	F	F40-44	29	6:31:24	0:48:11	0:08:00	3:11:23	0:04:07	2:19:42	Brazil	
2be1312b-45c7-f011-bbd3-000d3a35ffc1	1223	Juliana Schneider Aderaldo Martins	F	F40-44	30	6:31:27	0:48:42	0:07:58	3:30:09	0:03:36	2:01:03	Brazil	
a7016466-4f5d-4414-8ce1-47af6df0a2e9	1224	Mitri Benassi Toni	M	M35-39	198	6:31:35						Brazil	
46c91f29-580c-42d8-9298-45eb23d1aa49	1225	Beatriz Furtado Marcucci	F	F18-24	8	6:31:47	0:44:56	0:08:18	3:24:37	0:02:49	2:11:06	Brazil	
1eb4cf69-46c7-f011-bbd2-000d3a5b5fc7	1226	Joao Vasconcelos	M	M30-34	193	6:31:53	0:38:48	0:05:57	3:20:03	0:04:29	2:22:36	Brazil	
5c6c9697-44c7-f011-bbd3-6045bd05fcc1	1227	Luis Alberto Marques De Araujo	M	M45-49	157	6:32:13	0:48:14	0:08:27	3:15:03	0:07:13	2:13:17	Brazil	
0cef55a5-579a-f011-b4cc-6045bd09951e	1228	Wellington Lopes	M	M40-44	185	6:32:21	0:59:50	0:07:54	3:10:33	0:04:06	2:09:59	Brazil	
1e74c14a-f096-f011-b4cc-6045bd05fcc1	1229	Guilherme Cyrino	M	M35-39	199	6:32:27	0:39:58	0:10:00	3:20:37	0:06:59	2:14:52	Brazil	
174cbb79-44c7-f011-bbd2-000d3a5b5fc7	1230	Sergio Luiz Marchi	M	M35-39	200	6:32:38	0:38:44	0:08:25	3:14:48	0:04:44	2:25:57	Brazil	
4b3fd9a0-089b-f011-b4cc-000d3a5b50ba	1231	Anderson Rolemberg da Silva	M	M25-29	137	6:32:39	0:40:20	0:07:46	3:18:03	0:06:30	2:20:01	Brazil	
6577f451-a8e1-ef11-8eea-002248049fdc	1232	André Campos	M	M50-54	78	6:32:47	0:55:49	0:10:20	3:06:38	0:05:44	2:14:16	Brazil	
1baba6cd-3b9a-f011-b4cc-000d3a3173b5	1233	Alexandre Costa	M	M50-54	79	6:33:00	1:05:53	0:06:43	3:01:59	0:03:02	2:15:23	Brazil	
366c9cd9-84cc-4b79-ab86-7fe4b877c192	1234	Augusto Cesar De F Mazur	M	M45-49	158	6:33:09	0:47:27	0:11:41	3:06:32	0:06:20	2:21:09	Brazil	
786c9697-44c7-f011-bbd3-6045bd05fcc1	1235	Alexandre Assalve	M	M35-39	201	6:34:08	0:45:24	0:07:49	3:11:46	0:04:07	2:25:02	Brazil	
424af09e-46c7-f011-bbd3-000d3a35ffc1	1236	Antonio Anderson Dos Santos Silva	M	M25-29	138	6:34:27	0:52:41	0:12:20	3:15:14	0:06:00	2:08:12	Brazil	
f45539ca-5599-4c4e-8d6c-8e5a9f7db957	1237	Sotir Benassi Toni	M	M40-44	186	6:34:36	0:46:40	0:10:58	3:20:49	0:05:34	2:10:35	Brazil	
a0beb892-45c7-f011-bbd3-6045bd05f634	1238	Gianfranco Cinelli	M	M50-54	80	6:34:44	0:38:49	0:06:43	3:43:57	0:03:31	2:01:44	Brazil	
8cccfb7e-2480-f011-b4cc-0022480a7385	1239	Luciana Moro	F	F40-44	31	6:34:47	0:44:05	0:06:09	3:31:15	0:03:38	2:09:41	Brazil	
32088842-44c7-f011-bbd3-000d3a5b50ba	1240	Joao Berni	M	M40-44	187	6:34:48	0:57:29	0:07:57	3:22:18	0:03:42	2:03:23	Brazil	
0ac90c79-bbd4-4efd-9f3d-1f3d4a47b845	1241	Rafaela Frizzero De Lima	F	F25-29	28	6:34:52	0:45:22	0:06:21	3:29:30	0:04:43	2:08:56	Brazil	
26b09cd4-7d98-f011-b4cc-000d3a35ffc1	1242	Rafael Vinicius De Oliveira	M	M40-44	188	6:34:54	0:46:19	0:06:20	3:38:33	0:04:53	1:58:50	Brazil	
a9aada48-43c7-f011-bbd3-000d3a5cf7d8	1243	Bruna De Melo Mariano	F	F30-34	36	6:35:01	0:41:26	0:10:16	3:34:33	0:05:38	2:03:08	Brazil	
6c724831-45c7-f011-bbd3-6045bd09951e	1244	Sofia Benetti Ferrari	F	F25-29	29	6:35:10	0:46:19	0:08:42	3:24:57	0:05:17	2:09:54	Brazil	
804183b0-b197-f011-b4cc-000d3a5b7c3b	1245	PEDRO LASSANCE	M	M35-39	202	6:35:37	0:38:06	0:09:03	3:24:55	0:04:34	2:18:59	Brazil	
1e0c008e-3d6a-ef11-bfe3-6045bd0953ac	1246	pollyanna esper	F	F45-49	21	6:35:39	0:46:51	0:12:40	3:17:18	0:10:12	2:08:38	Brazil	
039df0f6-1da2-49ea-8ae6-30536f9b900c	1247	Gustavo Inacarato Marques	M	M30-34	194	6:35:40	0:45:24	0:07:48	3:18:16	0:06:29	2:17:43	Brazil	
23133944-44c7-f011-bbd3-000d3a35ffc1	1248	Rodney Daudt Marques	M	M35-39	203	6:35:48	0:49:00	0:09:03	3:16:56	0:05:14	2:15:36	Brazil	
c2d98f26-45c7-f011-bbd3-6045bd05fcc1	1249	Marco Heinrich Alves Silva	M	M18-24	50	6:36:01	0:48:49	0:05:57	3:25:01	0:02:17	2:13:57	Brazil	
5d2d0546-43c7-f011-bbd3-000d3a35ffc1	1250	Gabriel Simoes Shimabukuro	M	M25-29	139	6:36:03	0:45:10	0:08:14	3:29:04	0:06:00	2:07:35	Brazil	
fe2cc3da-89c8-41b6-a2a6-c4bd04a08bf7	1251	Eduardo F.P.Zukovski	M	M55-59	27	6:36:05	0:46:52	0:08:55	3:16:07	0:11:02	2:13:08	Brazil	
6f34f24c-3a9a-f011-b4cc-000d3a3173b5	1252	Beatriz Florentino	F	F35-39	43	6:36:16	0:50:11	0:10:14	3:22:10	0:07:12	2:06:29	Brazil	
df15959f-46c7-f011-bbd3-000d3a3173b5	1253	Gustavo Falcao Ribeiro Ferreira	M	M45-49	159	6:36:31	0:40:23	0:11:08	3:23:36	0:04:41	2:16:42	Brazil	
7b0d6f97-83a9-482d-8f0d-2e24c62bee32	1254	Marco Antonio Torras Canto	M	M50-54	81	6:36:43	0:37:37	0:06:09	3:20:25	0:08:32	2:23:59	Brazil	
53f8baa1-1671-46e5-8eb0-016f60fbd86d	1255	Romulo Matos Pinheiro	M	M45-49	160	6:36:55	0:38:30	0:08:01	3:13:11	0:04:18	2:32:55	Brazil	
b0cda2c5-43c7-f011-bbd2-000d3a5b7c3b	1256	Carolina Couras Diniz Da Silva	F	F40-44	32	6:37:01	0:45:13	0:07:06	3:13:20	0:04:12	2:27:11	Brazil	
76f01c5a-46c7-f011-bbd3-000d3a5cf7d8	1257	Thalisson De Sousa Costa	M	M35-39	204	6:37:03	0:59:14	0:07:12	3:06:56	0:05:10	2:18:31	Brazil	
cafee8c5-3fc7-f011-bbd3-6045bd09951e	1258	Joao Quinelato De Queiroz	M	M35-39	205	6:37:08	0:39:44	0:06:48	3:22:14	0:04:27	2:23:55	Brazil	
594c15fe-5a81-f011-b4cc-0022480a7385	1259	PEDRO SECKLER YOSHIKAWA	M	M40-44	189	6:37:15	0:43:06	0:07:55	3:17:08	0:10:35	2:18:32	Brazil	
0031436e-45c7-f011-bbd3-000d3a35ffc1	1260	Yohana Ferreira Roces	F	F25-29	30	6:37:17	0:43:50	0:07:21	3:37:45	0:03:06	2:05:14	Brazil	
2bac63b1-20bb-437b-95c7-c148830cca85	1261	Sheila Vale	F	F45-49	22	6:37:21	1:06:04	0:09:39	3:13:45	0:05:26	2:02:27	Brazil	
3de82898-37c7-f011-bbd3-000d3a5cf7d8	1262	Rodrigo Barros De Azevedo	M	M50-54	82	6:37:21	0:42:22	0:08:52	3:17:21	0:04:41	2:24:06	Brazil	
54eec921-37c7-f011-bbd3-000d3a5cf7d8	1263	Franco Chies Martins	M	M40-44	190	6:37:29	0:48:23	0:08:10	3:34:30	0:04:52	2:01:33	Brazil	
a0935a24-bc98-f011-b4cc-000d3a5cf7d8	1264	Bruno Di Bene	M	M40-44	191	6:37:29	0:47:33	0:08:45	3:07:43	0:04:45	2:28:44	Brazil	
b53afde5-45c7-f011-bbd3-0022480c097c	1265	Rodrigo Moreno Gomes	M	M40-44	192	6:37:31	0:43:16	0:12:03	3:32:36	0:07:49	2:01:47	Brazil	
88ff4fe3-8805-4ed0-a1b8-e64c87d2d2a4	1266	Weslley Fratini	M	M25-29	140	6:38:08	0:46:16	0:07:01	3:24:41	0:02:49	2:17:22	Brazil	
c6c17a48-46c7-f011-bbd3-000d3a35ffc1	1267	Barbara Lacerda Camilo Da Silva	F	F30-34	37	6:38:13	0:44:48	0:08:20	3:16:05	0:06:29	2:22:31	Brazil	
f1312cbc-46c7-f011-bbd3-6045bd05f634	1268	Matheus Tavora Rehder	M	M25-29	141	6:38:17	0:38:02	0:08:06	3:20:58	0:07:50	2:23:21	Brazil	
d6ed90ea-faa0-4fde-a31a-44bed36392db	1269	Carolina Siniscalchi Ferraro	F	F45-49	23	6:38:28	0:43:52	0:07:48	3:16:10	0:03:10	2:27:27	Brazil	
21423080-44c7-f011-bbd3-000d3a5b50ba	1270	Claudio Lobato De Oliveira	M	M55-59	28	6:38:32	0:47:28	0:13:20	3:18:10	0:05:32	2:14:01	Brazil	
b6f33d22-2bc7-f011-bbd3-000d3a35ffc1	1271	Adilson De Souza	M	M45-49	161	6:38:47	0:59:29	0:10:19	3:19:40	0:07:14	2:02:05	Brazil	
eb4888b9-399a-f011-b4cc-002248098cfa	1272	ANDRE TSURUMAKI	M	M25-29	142	6:39:03	0:38:43	0:07:35	3:42:34	0:04:43	2:05:27	Brazil	
6394bb35-08c7-45b3-977d-bc92a4bf9d1d	1273	Diogo Fernandez Canabal Alves	M	M45-49	162	6:39:16	0:41:38	0:07:49	3:35:19	0:05:09	2:09:20	Brazil	
61961e8f-6dad-486b-afc8-03bdabedf1b5	1274	HELVERCIO FERNANDO POLSAQUE ALVES	M	M55-59	29	6:39:39	1:00:17	0:10:03	3:00:24	0:06:45	2:22:10	Brazil	
61f31bfd-45c7-f011-bbd3-000d3a5b50ba	1275	Thiago Martins Da Costa	M	M35-39	206	6:39:55	0:51:38	0:09:54	3:22:47	0:06:17	2:09:20	Brazil	
4d998c0d-44c7-f011-bbd3-6045bd05f634	1276	Fernando Telles De Meneses	M	M40-44	193	6:39:57	0:45:09	0:08:08	3:11:08	0:10:07	2:25:25	Brazil	
e5cf2847-46c7-f011-bbd3-000d3a5cf7d8	1277	Raphael Abib	M	M35-39	207	6:40:30	0:48:14	0:05:10	3:21:32	0:05:24	2:20:11	Brazil	
2e42d403-359a-f011-b4cc-000d3a5b50ba	1278	Guilherme Miranda	M	M25-29	143	6:40:39	1:00:58	0:06:49	3:16:21	0:04:32	2:11:58	Brazil	
be696dc3-45c7-f011-bbd2-000d3a5b5fc7	1279	Marcela Santana De Almeida	F	F40-44	33	6:40:46	0:45:48	0:08:46	3:20:17	0:05:03	2:20:53	Brazil	
a964c28d-6857-4e97-98a2-a8fbaf895931	1280	Fernando Magalhães Coutinho	M	M40-44	194	6:41:01	0:58:54	0:10:45	3:12:35	0:06:45	2:12:03	Brazil	
b19a7327-6359-43df-bb4a-9861b0166c5f	1281	Rafaela Deliza	F	F30-34	38	6:41:17	0:54:17	0:08:51	3:26:10	0:05:53	2:06:07	Brazil	
21c2a5c0-002d-f011-8c4d-000d3a5cf7d8	1282	Wesley Barbosa	M	M45-49	163	6:41:19	0:52:48	0:10:12	3:30:36	0:08:09	1:59:35	Brazil	
c2fec0f6-4f4a-f011-877a-000d3a5b7c3b	1283	Camila Contini	F	F35-39	44	6:41:21	0:40:57	0:07:52	3:29:58	0:04:42	2:17:53	Brazil	
db062b92-43c7-f011-bbd3-6045bd05fcc1	1284	Rodrigo Correa Da Silva	M	M35-39	208	6:41:25	0:47:49	0:08:14	3:35:14	0:05:33	2:04:35	Brazil	
bff65121-4041-4d2b-86b8-6c9991d27b8a	1285	Victor Eli Casagrande Camargo	M	M35-39	209	6:41:29	0:49:22	0:06:15	3:24:28	0:05:22	2:16:03	Brazil	
a554cd83-c73e-4300-868e-650b2e4d2e5f	1286	Éricka Gouveia	F	F55-59	2	6:41:32	1:04:48	0:07:43	3:14:09	0:03:57	2:10:54	Brazil	
69c0e71d-43bf-4c4f-b5b7-9d95b1823aae	1287	Gustavo Lin Chien	M	M25-29	144	6:41:50	0:44:07	0:07:51	3:19:23	0:05:46	2:24:44	Brazil	
78480aa6-4abb-4df9-9191-eaf515a68d04	1288	Alexandre Leite	M	M55-59	30	6:41:51	0:59:41	0:08:26	3:10:29	0:03:47	2:19:29	Brazil	
a5ae6254-45c7-f011-bbd2-000d3a5b7c3b	1289	Fabricio Zaniratto Cardoso	M	M35-39	210	6:42:01	1:02:13	0:07:20	3:17:33	0:07:21	2:07:35	Brazil	
8b204a77-43c7-f011-bbd3-6045bd09951e	1290	Daniele Gaspariam	F	F30-34	39	6:42:11	0:51:22	0:08:15	3:26:43	0:06:44	2:09:07	Brazil	
d55b1a3d-bba5-4b87-bb9a-50260e141dc6	1291	Alexandre Carvalho	M	M30-34	195	6:42:22	0:42:26	0:06:57	3:16:46	0:04:46	2:31:27	Brazil	
ad0facc0-62fa-47fd-8382-facbeaea032c	1292	Roberto Azevedo Junior	M	M70-74	1	6:42:27	0:42:31	0:10:43	3:01:48	0:09:26	2:37:58	Brazil	
bc517d21-eb84-ea11-a812-000d3a5a1cf8	1293	Luis Petrongari	M	M50-54	83	6:42:45	0:58:31	0:11:24	3:28:34	0:07:38	1:56:39	Brazil	
b124217a-e98f-4701-9881-9485f958b2c0	1294	Cristiane Dela Libera Gabrielli Sampaio	F	F55-59	3	6:42:46	0:48:17	0:07:41	3:34:04	0:03:57	2:08:46	Brazil	
c0c428e0-45c7-f011-bbd2-000d3a5b7c3b	1295	Nelson Nascimento De Oliveira Junior	M	M45-49	164	6:42:54	0:56:02	0:09:44	3:16:18	0:04:20	2:16:31	Brazil	
88992601-44c7-f011-bbd3-6045bd05f634	1296	Bruna Gomes	F	F35-39	45	6:42:58	0:35:01	0:07:26	3:33:32	0:04:44	2:22:15	Brazil	
2fed344a-45c7-f011-bbd3-6045bd05f634	1297	Jean Henriques Ferreira	M	M30-34	196	6:42:59	0:51:18	0:07:09	3:18:51	0:03:55	2:21:46	Brazil	
e5c97ba5-5fb2-ef11-b8e8-6045bd018d16	1298	Andre Di Guimaraes	M	M45-49	165	6:43:03	0:42:39	0:07:12	3:23:19	0:05:14	2:24:39	Brazil	
c1d61225-ff05-4177-b96d-8d1d496d8a69	1299	Fernando Moura	M	M45-49	166	6:43:14	0:46:39	0:08:05	3:22:47	0:04:32	2:21:11	Brazil	
6c3566d8-626e-4ead-bb46-59a43daaaf86	1300	Renato Prince Carneiro	M	M35-39	211	6:43:20	0:46:26	0:09:18	3:11:55	0:05:07	2:30:35	Brazil	
4ac408f7-43c7-f011-bbd2-000d3a5b7c3b	1301	Diego Barbosa De Souza	M	M40-44	195	6:43:26	0:47:57	0:08:41	3:20:21	0:05:10	2:21:18	Brazil	
5904dfac-43c7-f011-bbd2-000d3a5b7c3b	1302	Fernando Marin Torres Filho	M	M35-39	212	6:43:27	0:39:43	0:09:10	3:24:28	0:09:57	2:20:09	Brazil	
fe6b8365-45c7-f011-bbd3-6045bd05fcc1	1303	Emerson Rezende Mingrone	M	M35-39	213	6:43:45	0:45:36	0:08:33	3:20:35	0:05:02	2:24:00	Brazil	
856b0b7f-e19c-f011-b41c-000d3a5cf7d8	1304	Lucas Bezerra	M	M30-34	197	6:43:47	0:44:57	0:07:55	3:13:59	0:08:15	2:28:41	Brazil	
532f6b95-8741-4c9e-8de1-0f2048f1fcae	1305	Thiago Machado Galvao Soares	M	M45-49	167	6:43:47	0:58:29	0:13:50	3:22:38	0:06:17	2:02:34	Brazil	
a25745b4-45c7-f011-bbd3-6045bd05fcc1	1306	Thais Hiromi Nakazone	F	F35-39	46	6:44:37	0:39:43	0:08:07	3:12:11	0:06:43	2:37:54	Brazil	
f546bef7-42c7-f011-bbd3-000d3a35ffc1	1307	Valentina Porto	F	F18-24	9	6:45:03	0:37:36	0:07:00	3:45:34	0:03:01	2:11:53	Brazil	
d51e01fd-43c7-f011-bbd2-000d3a5b7c3b	1308	Catia Astolfi Dos Reis	F	F45-49	24	6:45:18	0:52:03	0:13:29	3:18:25	0:09:09	2:12:13	Brazil	
ae4197f8-fe24-f011-8c4e-6045bd05fcc1	1309	Roberto Lessa	M	M25-29	145	6:45:18	0:38:59	0:07:26	3:28:07	0:04:20	2:26:27	Brazil	
92eaeb43-46c7-f011-bbd3-0022480c097c	1310	Andre Luiz De Andrade	M	M45-49	168	6:45:25	0:45:25	0:07:25	3:24:42	0:03:19	2:24:34	Brazil	
63ea9fa9-399a-f011-b4cc-6045bd05fcc1	1311	Rafael Paes	M	M40-44	196	6:45:36	0:49:53	0:08:36	3:18:36	0:06:26	2:22:05	Brazil	
34b5f0f7-42c7-f011-bbd3-000d3a5cf7d8	1312	Jhully Handerson Dos Reis Espindola	M	M30-34	198	6:45:43	0:43:50	0:07:15	3:48:01	0:03:48	2:02:49	Brazil	
028363bc-329a-f011-b4cc-6045bd05fcc1	1313	Felipe Matheus Domingues	M	M30-34	199	6:45:52	0:49:29	0:10:42	3:19:21	0:06:26	2:19:54	Brazil	
b95745b4-45c7-f011-bbd3-6045bd05fcc1	1314	Elizeu Neto	M	M40-44	197	6:45:54	1:03:40	0:08:16	3:00:46	0:08:19	2:24:53	Brazil	
71f69a6e-cea9-4800-8fc9-69db60c78409	1315	Aguinaldo Silva Garcez Segundo	M	M50-54	84	6:45:56	0:46:43	0:08:01	3:21:41	0:04:48	2:24:44	Brazil	
24ce7efe-43c7-f011-bbd3-000d3a5b50ba	1316	Willian Frederic Pedroso	M	M30-34	200	6:46:06	0:43:43	0:07:37	3:29:51	0:04:58	2:19:57	Brazil	
f091ca6c-e811-4597-93e7-2f0ad5035db3	1317	Luiz Felipe Amorim	M	M35-39	214	6:46:38	0:37:18	0:11:24	3:18:38	0:06:43	2:32:34	Brazil	
1e6b4623-46c7-f011-bbd2-000d3a5b7c3b	1318	Mariana Marques Escobar Bueno	F	F30-34	40	6:46:50	0:55:31	0:08:19	3:39:11	0:04:26	1:59:22	Brazil	
52dd977b-4e92-f011-b4cb-002248098cfa	1319	Pamela Rabbitts	F	F40-44	34	6:47:10	0:51:37	0:06:02	3:36:10	0:03:12	2:10:10	Brazil	
a9863b80-43c7-f011-bbd3-6045bd05f634	1320	Roberta Montanha	F	F40-44	35	6:47:26	0:51:10	0:05:37	3:19:43	0:04:29	2:26:27	Brazil	
4ebc1ac0-ad68-49e6-af77-37bd8e07613d	1321	Plinio Laerte Medeiros Silva	M	M45-49	169	6:47:31	0:46:08	0:06:57	3:31:00	0:06:32	2:16:53	Brazil	
ec303be6-e1c1-4bfb-bca0-b35265e896b3	1322	Paulo Sérgio Rocha	M	M55-59	31	6:47:34	0:49:19	0:14:52	3:14:35	0:08:41	2:20:07	Brazil	
2c481874-d124-407f-a0b2-21240ef6bfd5	1323	Rejane Colpaert Halt	F	F45-49	25	6:47:47	0:46:33	0:11:16	3:21:35	0:06:31	2:21:52	Brazil	
1dd4f4fc-12e4-f011-8544-000d3a5b7c3b	1324	Augusto Rena		M40-44	198	6:47:54	1:01:42	0:07:57	3:28:21	0:05:02	2:04:52	Brazil	
320ad349-fd3b-4139-8acb-c103b8cf7862	1325	Fábio Gomes	M	M45-49	170	6:48:00	0:41:23	0:10:50	3:39:19	0:04:54	2:11:33	Brazil	
80b3f61a-46c7-f011-bbd3-0022480a7385	1326	Beatriz Santos	F	F30-34	41	6:48:01	0:57:51	0:10:22	3:16:24	0:08:05	2:15:19	Brazil	
2b0587c1-45c7-f011-bbd3-6045bd05fcc1	1327	Guilherme Barnabe Mendes Oliveira	M	M35-39	215	6:48:07	0:50:30	0:10:18	3:30:53	0:07:22	2:09:03	Brazil	
175b5f13-a1c0-477e-b1f9-70d84991307d	1328	Bruno Oliveira Teofilo	M	M30-34	201	6:48:14	0:35:34	0:06:29	3:40:27	0:03:46	2:21:57	Brazil	
e4ae2525-43c7-f011-bbd2-000d3a5b5fc7	1329	Rafael Boechat	M	M40-44	199	6:48:29	0:32:08	0:06:36	3:32:46	0:06:04	2:30:55	Brazil	
79c4824d-46c7-f011-bbd3-000d3a5cf7d8	1330	Yamileth Fajardo	F	F50-54	10	6:48:30	0:44:23	0:08:06	3:26:08	0:05:52	2:24:02	Brazil	
efa1ac8a-396a-ef11-bfe3-6045bd0953ac	1331	pedro esper	M	M45-49	171	6:48:31	0:49:09	0:07:54	3:10:36	0:09:07	2:31:44	Brazil	
11fb1ab7-45c7-f011-bbd3-000d3a35ffc1	1332	Luiz Celso Junior	M	M30-34	202	6:48:40	1:03:24	0:08:32	3:14:49	0:06:23	2:15:32	Brazil	
7002aa4e-46c7-f011-bbd3-000d3a35ffc1	1333	Raphaela Mello Oka	F	F18-24	10	6:49:36	0:49:11	0:07:41	3:46:43	0:02:51	2:03:10	Brazil	
57a85829-44c7-f011-bbd3-6045bd09951e	1334	Marina Telma Ciappina Gallerani Seguro	F	F45-49	26	6:49:49	0:45:01	0:09:29	3:26:39	0:06:52	2:21:48	Brazil	
43120b0f-9117-f011-9989-000d3a5b7c3b	1335	Maria Clara Traldi	F	F30-34	42	6:50:05	0:44:31	0:06:14	3:21:49	0:03:40	2:33:52	Brazil	
58fccfa0-43c7-f011-bbd2-000d3a5b5fc7	1336	Matheus De Araujo Ayres Massa	M	M30-34	203	6:50:06	0:46:18	0:10:03	3:27:29	0:07:35	2:18:41	Brazil	
87009556-46c7-f011-bbd2-000d3a5b7c3b	1337	Daniel Pimentel	M	M45-49	172	6:50:23	0:37:05	0:10:42	3:24:50	0:07:57	2:29:50	Brazil	
ddea2f3b-46c7-f011-bbd3-000d3a3173b5	1338	Juliana Souza	F	F45-49	27	6:50:49	1:02:07	0:10:25	3:41:42	0:04:44	1:51:52	Brazil	
d0450a54-288f-45dd-b0fc-c3cda6bc0f52	1339	Rosa Harumi	F	F45-49	28	6:50:52	0:36:21	0:07:35	3:44:34	0:04:56	2:17:26	Brazil	
319e91e2-6e99-f011-b4cc-6045bd09951e	1340	Gabriel Araujo	M	M35-39	216	6:51:03	0:36:06	0:10:17	3:31:01	0:05:10	2:28:29	Brazil	
f064cffb-0c08-47fb-b058-1da323738345	1341	Luciano Da Silva Russo	M	M50-54	85	6:51:14	0:53:51	0:09:49	3:23:15	0:06:30	2:17:47	Brazil	
4472a995-2ac7-f011-bbd2-000d3a5b7c3b	1342	Eduardo Henrique De Castro Rezende	M	M35-39	217	6:51:34	0:54:16	0:12:09	3:25:15	0:08:05	2:11:49	Brazil	
6545837c-46c7-f011-bbd2-000d3a5b5fc7	1343	Daniel Parnes	M	M25-29	146	6:52:04	0:45:26	0:05:37	3:21:59	0:04:34	2:34:28	Brazil	
25724a52-0a2c-ef11-840a-6045bd0953ac	1344	Leonardo Covas	M	M35-39	218	6:52:09	0:43:31	0:07:06	3:40:35	0:03:51	2:17:06	Brazil	
cca44b1c-44c7-f011-bbd3-6045bd09951e	1345	Matheus Santos Castro	M	M30-34	204	6:52:09	0:45:27	0:07:54	3:23:19	0:07:35	2:27:55	Brazil	
7dcd28bf-3807-4e9c-a33f-7c6198661dc4	1346	Lucas Alves De Andrade	M	M35-39	219	6:52:18	0:50:03	0:07:58	3:16:55	0:03:50	2:33:33	Brazil	
0acf56a2-399a-f011-b4cc-6045bd09951e	1347	Alisson Chagas	M	M45-49	173	6:52:19	0:39:31	0:10:34	3:31:05	0:03:29	2:27:39	Brazil	
716a0e4c-44c7-f011-bbd3-6045bd05f634	1348	Murilo Fernandes Lavorato	M	M35-39	220	6:52:26	1:06:51	0:08:20	3:26:28	0:07:29	2:03:18	Brazil	
0a01d114-3990-46a8-ac3e-24dec06f5bdc	1349	Daniela Patricia Cadario Bort	F	F35-39	47	6:52:36	0:55:19	0:07:19	3:25:44	0:03:50	2:20:25	Bolivia	
bb0c1ea0-44c7-f011-bbd2-000d3a5b7c3b	1350	Rodrigo Telles Joia	M	M35-39	221	6:52:48	0:47:00	0:10:29	3:31:22	0:04:30	2:19:27	Brazil	
d5ed9872-44c7-f011-bbd2-000d3a5b7c3b	1351	Fabio Lopes Cabral De Oliveira	M	M45-49	174	6:53:05	1:08:40	0:07:42	3:14:59	0:06:16	2:15:27	Brazil	
5697f085-63ab-ef11-b8e8-6045bd018d16	1352	Marilia Marques	F	F40-44	36	6:54:03	0:47:43	0:09:55	3:33:46	0:03:59	2:18:40	Brazil	
ea7ed734-45c7-f011-bbd2-000d3a5b7c3b	1353	Rodrigo Rossi	M	M50-54	86	6:54:39	0:55:06	0:12:37	3:14:46	0:05:39	2:26:32	Brazil	
6d9d4879-399a-f011-b4cc-6045bd05fcc1	1354	Michelle Coppi	F	F45-49	29	6:55:00	0:56:47	0:17:58	3:43:46	0:05:22	1:51:07	Brazil	
d0ec344a-45c7-f011-bbd3-6045bd05f634	1355	Esther Nespoli Oliveira	F	F45-49	30	6:55:04	1:04:11	0:08:23	3:20:58	0:04:35	2:16:58	Brazil	
1a11dfa7-3fc7-4c91-bf49-2ab2ed55ba9e	1356	Vahali Silva Domingues	F	F40-44	37	6:55:09	0:42:38	0:08:08	3:37:05	0:05:39	2:21:39	Brazil	
7c1a3a62-44c7-f011-bbd3-000d3a35ffc1	1357	Henrique Pereira Braga	M	M35-39	222	6:55:19	0:48:51	0:10:29	3:41:55	0:04:21	2:09:42	Brazil	
ebfca8d7-2179-f011-b4cc-6045bd09951e	1358	Juarez Moreira	M	M45-49	175	6:55:41	0:45:58	0:08:30	3:15:16	0:06:53	2:39:04	Brazil	
ab56c449-45c7-f011-bbd3-000d3a35ffc1	1359	Heitor Santos	M	M30-34	205	6:55:43	0:51:55	0:07:34	3:26:33	0:04:53	2:24:48	Brazil	
2b417ebb-2cc7-f011-bbd3-6045bd09951e	1360	Alberto Soares Madeira	M	M40-44	200	6:56:10	0:44:50	0:07:16	3:47:05	0:04:27	2:12:33	Brazil	
317e8a76-d896-f011-b4cc-000d3a5b7c3b	1361	Alexis Fernandes Melo La Luna	M	M35-39	223	6:56:44	0:46:56	0:08:12	3:23:08	0:06:12	2:32:15	Brazil	
f64f2b58-3b9a-f011-b4cc-0022480c097c	1362	Marcelo Potyguara	M	M40-44	201	6:58:13	0:43:32	0:07:36	3:31:14	0:06:09	2:29:42	Brazil	
ddc682b7-45c7-f011-bbd3-6045bd09951e	1363	Rafael Montargil Rocha Saldanha Silva	M	M25-29	147	6:58:43	0:42:44	0:07:41	3:32:26	0:03:30	2:32:22	Brazil	
fad08128-3b9a-f011-b4cc-000d3a5b50ba	1364	Andre Figueiredo	M	M18-24	51	6:58:53	0:42:24	0:07:31	3:39:34	0:04:40	2:24:44	Brazil	
53a91b45-784b-4904-9ea1-27c3aaf2f0c1	1365	Paulo Grechi De Almeida	M	M40-44	202	6:58:55	0:56:06	0:12:21	3:26:44	0:05:06	2:18:38	Brazil	
f787e0ed-d83f-48f4-8c20-23e938b92c5b	1366	Helio Cezar De Assuncao Filho	M	M25-29	148	6:58:55	0:47:21	0:08:23	3:13:27	0:04:44	2:45:00	Brazil	
e1312c9e-44c7-f011-bbd3-000d3a3173b5	1367	Joao Paulo Quartarola Lopes Costa	M	M45-49	176	6:59:58	0:56:46	0:09:48	3:06:30	0:08:03	2:38:50	Brazil	
4d44ba75-43c7-f011-bbd2-000d3a5b5fc7	1368	Juliana Batistela	F	F45-49	31	7:00:07	0:48:03	0:09:49	3:32:19	0:03:59	2:25:57	Brazil	
7824e356-43c7-f011-bbd2-000d3a5b5fc7	1369	Paulo Fontana Linhares Junior	M	M35-39	224	7:01:06	1:02:23	0:07:44	3:22:12	0:04:47	2:24:01	Brazil	
63780eab-bb29-f011-8c4d-000d3a35ffc1	1370	AUGUSTO CONRADO	M	M45-49	177	7:01:16	0:38:55	0:09:12	3:05:10	0:03:33	3:04:26	Brazil	
ed094b27-a5de-4461-91fc-f89bcd737145	1371	Thaise Frugeri Zaupa	F	F50-54	11	7:01:21	0:37:54	0:09:13	3:14:09	0:05:30	2:54:35	Brazil	
134f8e08-45c7-f011-bbd3-000d3a5cf7d8	1372	Fernando Bernardo Oliveira	M	M40-44	203	7:01:28	0:57:28	0:07:02	3:26:56	0:05:40	2:24:22	Brazil	
60a4ba24-6115-4704-a2be-33ba6f10a454	1373	Fred Fraga	M	M55-59	32	7:01:51	0:38:56	0:11:03	3:18:07	0:09:43	2:44:02	Brazil	
2374aa72-93aa-4497-bdf4-5e22a672553b	1374	Pedro Anibal Nogueira De Queiroz Filho	M	M40-44	204	7:02:09	0:42:47	0:08:49	3:56:59	0:05:33	2:08:02	Brazil	
22d4830d-e850-46f8-b9bd-abdac31b9244	1375	Leon Kamoi Schiphorst	M	M18-24	52	7:02:26	0:47:37	0:08:15	3:36:11	0:03:37	2:26:46	Brazil	
b65615d2-a831-f011-8c4e-6045bd05fcc1	1376	Rosimar Sales	M	M50-54	87	7:02:27	0:55:30	0:12:07	3:33:37	0:08:13	2:13:00	Brazil	
360bb1e5-42c7-f011-bbd3-000d3a35ffc1	1377	Gabriela Da Costa Ruffo	F	F35-39	48	7:02:45	0:41:06	0:09:37	3:44:15	0:06:08	2:21:39	Brazil	
ec805e95-45c7-f011-bbd3-0022480c097c	1378	Bruna Da Costa Ribeiro	F	F30-34	43	7:03:07	0:52:09	0:07:40	3:38:38	0:04:50	2:19:49	Brazil	
e14d2100-f806-4249-bd4f-74c33a78ec3e	1379	Luis Henrique Romani De Campos	M	M55-59	33	7:03:48	0:46:37	0:11:39	3:15:04	0:04:10	2:46:17	Brazil	
5bcd7ac3-44c7-f011-bbd3-6045bd09951e	1380	Laurine Delfino Martins	F	F45-49	32	7:03:57	0:39:10	0:08:33	3:47:43	0:05:24	2:23:06	Brazil	
b7d91167-43c7-f011-bbd3-000d3a3173b5	1381	Raffael Russo	M	M30-34	206	7:04:07	0:41:17	0:10:01	4:03:04	0:04:14	2:05:30	Brazil	
74c6f07b-45c7-f011-bbd3-0022480c097c	1382	Eduardo Moela	M	M50-54	88	7:04:29	0:51:01	0:12:07	3:20:49	0:07:10	2:33:21	Brazil	
72843eab-cb85-4015-a930-32c5e65e19b9	1383	Agnes Miki Magario	F	F45-49	33	7:04:34	0:43:49	0:08:47	3:31:20	0:08:08	2:32:30	Brazil	
b995423a-1297-f011-b4cc-000d3a5cf7d8	1384	RAFANIE MARTINS	M	M30-34	207	7:05:11	1:06:13	0:05:10	3:35:21	0:02:51	2:15:36	Brazil	
1ffb3b17-43c7-f011-bbd3-6045bd05fcc1	1385	Marcela Andrietta Lima	F	F30-34	44	7:06:44	0:38:39	0:06:58	3:44:13	0:03:43	2:33:13	Brazil	
5833909f-0ebb-ef11-b8e8-000d3a5a403c	1386	Jonathan Bordone	M	M35-39	225	7:07:24	0:41:54	0:11:48	3:31:31	0:07:39	2:34:32	Brazil	
162eb23d-39d6-49a9-b760-173f5e5785db	1387	Renato Rodrigues Pereira Rodrigues Pereira	M	M45-49	178	7:07:24	0:59:58	0:11:22	3:25:35	0:05:11	2:25:18	Brazil	
0730efdf-6fba-f011-bbd2-000d3a5b7c3b	1388	Rafael Ubirajara Ferreira	M	M40-44	205	7:07:32	0:32:37	0:06:04	3:37:08	0:03:48	2:47:56	Brazil	
c7238469-0260-4777-b00c-527d2906c7ec	1389	Alexandre Martins Mauricio	M	M55-59	34	7:07:37	0:49:38	0:08:37	3:28:40	0:04:05	2:36:36	Brazil	
0c707a91-46c7-f011-bbd3-000d3a5b50ba	1390	Raul Santos	M	M30-34	208	7:07:49	0:44:03	0:08:07	3:47:21	0:06:25	2:21:52	Brazil	
ca240fa6-45c7-f011-bbd3-6045bd05f634	1391	Andreia Pereira Da Silva	F	F45-49	34	7:08:15	0:58:21	0:11:53	3:30:03	0:07:10	2:20:47	Brazil	
3f3820d5-efb5-4f98-8693-9f78b2cfe1f1	1392	Frederico De Rezende Gomes	M	M50-54	89	7:08:23	0:48:58	0:10:48	3:21:23	0:09:13	2:38:01	Brazil	
46b68a70-45c7-f011-bbd3-000d3a5b50ba	1393	Eliana Cristina Barletta Rego	F	F45-49	35	7:08:24	0:58:31	0:12:13	3:32:21	0:03:37	2:21:41	Brazil	
ea7f90b3-5537-45be-8e6b-e0b3c2ff021d	1394	David Falcao Goncalves Peres Dos Santos	M	M40-44	206	7:08:26	0:50:22	0:15:53	3:40:31	0:04:55	2:16:44	Brazil	
7573dfe0-45c7-f011-bbd3-0022480a7385	1395	Cleber Veronesi	M	M50-54	90	7:08:31	0:52:12	0:10:40	3:41:12	0:09:22	2:15:04	Brazil	
b9b3d589-a099-f011-b4cc-6045bd05fcc1	1396	Leandro Domingues Ruiz	M	M30-34	209	7:08:41	0:47:07	0:07:15	3:30:21	0:05:29	2:38:29	Brazil	
4c352803-c9c4-ef11-b8e8-6045bd088264	1397	Ronaldo Resende de Souza	M	M40-44	207	7:08:53	0:47:00	0:06:22	3:37:00	0:04:05	2:34:26	Brazil	
aaa59678-44c7-f011-bbd3-000d3a5cf7d8	1398	Ana Carolina Leite De Moraes	F	F35-39	49	7:09:23	0:38:44	0:10:11	3:46:34	0:05:15	2:28:39	Brazil	
71e9c2ee-44c7-f011-bbd2-000d3a5b5fc7	1399	Tulio Carvalho Campello De Souza Netto	M	M30-34	210	7:09:44	0:52:07	0:15:59	3:32:18	0:13:30	2:15:50	Brazil	
1c0daf22-3d79-f011-b4cc-000d3a35ffc1	1400	Brenda Morelli	F	F25-29	31	7:10:07	0:48:19	0:06:04	3:30:46	0:03:39	2:41:19	Brazil	
0d54a366-44c7-f011-bbd3-6045bd05fcc1	1401	Taluana Duarte	F	F35-39	50	7:11:00	0:38:20	0:12:01	3:51:16	0:05:57	2:23:25	Brazil	
dc1abf86-d57c-ef11-a670-000d3a338a3c	1402	João Paulo Sartori	M	M25-29	149	7:11:25	0:47:14	0:10:33	3:16:36	0:05:28	2:51:33	Brazil	
31e105d6-ca65-4611-b271-171379f6e08c	1403	Marcia Regina Da Silva Rios	F	F65-69	1	7:11:27	0:52:03	0:10:31	3:31:31	0:05:37	2:31:46	Brazil	
d8e57f42-46c7-f011-bbd3-000d3a35ffc1	1404	Wellen Zanolini	F	F40-44	38	7:11:33	0:50:12	0:08:04	3:30:59	0:04:54	2:37:24	Brazil	
4b8ee1d8-6297-f011-b4cc-000d3a3173b5	1405	Ricardo Neander	M	M40-44	208	7:11:48	0:56:05	0:08:14	3:27:42	0:05:11	2:34:35	Brazil	
dda2ec6b-f85a-4edf-83ec-8bf7b6a16aec	1406	Alvaro Rafael Quevedo	M	M35-39	226	7:12:18	0:49:39	0:10:19	3:05:43	0:06:09	3:00:29	Brazil	
e794e975-46c7-f011-bbd3-0022480c097c	1407	Tarcisio Fernandes	M	M50-54	91	7:12:53	0:46:19	0:12:29	3:50:43	0:05:12	2:18:10	Brazil	
4e443a05-5982-4713-afe2-ba1550aadf21	1408	Joao Paulo Vila Nova Gomes	M	M40-44	209	7:13:25	0:47:04	0:11:00	3:13:11	0:07:22	2:54:48	Brazil	
2f854b8a-b453-44ab-a066-83b731ff7a4b	1409	Valdir Donizetti De Sousa Junior	M	M40-44	210	7:13:25	0:55:33	0:06:16	3:41:26	0:05:41	2:24:29	Brazil	
1a25f521-44c7-f011-bbd2-000d3a5b7c3b	1410	Diana Quirino Do Nascimento	F	F30-34	45	7:13:56	0:52:17	0:07:58	3:50:20	0:03:42	2:19:39	Brazil	
70ebc424-45c7-f011-bbd3-000d3a3173b5	1411	Pedro Assumpcao	M	M25-29	150	7:15:14	0:50:46	0:08:26	3:58:36	0:03:38	2:13:49	Brazil	
fb1f4d8d-44c7-f011-bbd2-000d3a5b7c3b	1412	Vinicius Madeira Paulo	M	M35-39	227	7:15:59	1:04:15	0:07:37	3:36:20	0:05:41	2:22:07	Brazil	
36085060-f7c6-4c0f-9c38-aa06cf0b2d81	1413	Mariana Serrambana Melo	F	F40-44	39	7:16:06	0:49:22	0:06:56	3:32:01	0:05:53	2:41:55	Brazil	
bca847b2-45c7-f011-bbd3-6045bd05f634	1414	Wagner Cristy Ciocci	M	M45-49	179	7:16:20	0:54:47	0:10:28	3:44:23	0:06:54	2:19:49	Brazil	
da363ec4-46c7-f011-bbd3-6045bd05fcc1	1415	Thais Borges	F	F40-44	40	7:16:30	0:56:07	0:07:16	3:40:58	0:03:48	2:28:21	Brazil	
b4252209-44c7-f011-bbd2-000d3a5b7c3b	1416	Arthur Lavoisier Guimaraes Falleiros	M	M45-49	180	7:16:32	0:46:47	0:10:34	3:35:14	0:08:21	2:35:37	Brazil	
2d181be1-339a-f011-b4cc-000d3a35ffc1	1417	Felipe Lago	M	M25-29	151	7:16:46	0:47:07	0:09:36	3:41:26	0:04:26	2:34:11	Brazil	
993ce339-35c3-ef11-b8e8-6045bd018d16	1418	Bruno Evangelista	M	M45-49	181	7:16:54	1:07:15	0:14:53	3:16:18	0:08:59	2:29:28	Brazil	
91f59a46-7d38-4df9-8633-045d4ab835e0	1419	Bruno Martins De Almeida	M	M35-39	228	7:17:22	0:53:12	0:08:07	3:34:02	0:05:51	2:36:10	Brazil	
ef753ad7-ac8c-4cce-ba81-4b4f4038aa46	1420	Sergio Geraldo Braz	M	M60-64	10	7:17:32	0:47:21	0:12:54	3:20:11	0:07:36	2:49:31	Brazil	
bbc7c46c-7c41-4ea3-aa6f-65d1a23921c0	1421	Sandro Da Silva	M	M50-54	92	7:17:49	0:52:49	0:11:33	3:29:42	0:06:41	2:37:03	Brazil	
c05a0f4a-45c7-f011-bbd3-6045bd09951e	1422	Fabio Ricardo Morelli	M	M50-54	93	7:17:53	0:56:55	0:12:38	3:26:55	0:06:55	2:34:30	Brazil	
f639218e-4079-f011-b4cc-000d3a3173b5	1423	Karina Jeronymo Drobenich	F	F35-39	51	7:18:03	0:55:26	0:08:22	3:44:43	0:04:50	2:24:43	Brazil	
0f0266bb-45c7-f011-bbd3-000d3a5cf7d8	1424	Renato Ferreira De Jesus	M	M35-39	229	7:18:15	0:49:45	0:09:21	3:47:04	0:05:58	2:26:07	Brazil	
ee132b6b-029a-f011-b4cc-6045bd05fcc1	1425	Danilo Augusto Neves Pereira	M	M35-39	230	7:18:42	0:47:40	0:09:28	3:37:03	0:10:27	2:34:03	Brazil	
1c743422-f559-48f7-898e-853909016ba0	1426	Patrick Queiroz Scarcella	M	M40-44	211	7:18:49	0:40:31	0:08:32	3:58:55	0:08:47	2:22:04	Brazil	
1689b2fd-1046-f011-877a-000d3a5cf7d8	1427	Andre Carnevale	M	M40-44	212	7:18:49	0:45:50	0:09:03	3:55:28	0:03:44	2:24:45	Brazil	
0c071cf0-45c7-f011-bbd2-000d3a5b5fc7	1428	Alessandro Fernandes De Oliveira	M	M50-54	94	7:19:56	0:45:44	0:11:28	3:27:26	0:06:35	2:48:42	Brazil	
bcefa296-72b1-48d6-a314-0d5c60d42472	1429	Alessandro Lopes De Mattos	M	M45-49	182	7:20:16	1:04:28	0:05:45	3:30:38	0:04:07	2:35:19	Brazil	
05243a98-43c7-f011-bbd3-6045bd09951e	1430	Lilian Inacia Arroyo De Almeida	F	F45-49	36	7:20:37	0:51:22	0:12:01	3:34:07	0:06:00	2:37:07	Brazil	
2b4f25da-45c7-f011-bbd3-6045bd05fcc1	1431	Samuel Vitor Ferreira de Araujo	M	M40-44	213	7:20:40	1:04:17	0:07:30	3:09:11	0:04:30	2:55:11	Brazil	
d12d2f5d-7d67-46fb-b831-e0658afb8c82	1432	Antony Machado	M	M35-39	231	7:20:55	0:43:50	0:11:12	3:36:59	0:08:45	2:40:09	Brazil	
6f219340-44c7-f011-bbd2-000d3a5b7c3b	1433	Euclides Caesar Rocha Santos	M	M30-34	211	7:20:55	0:56:50	0:07:27	3:46:51	0:04:47	2:25:01	Brazil	
e31a3656-44c7-f011-bbd3-000d3a35ffc1	1434	Othon Luis Freire Paranhos	M	M50-54	95	7:22:13	0:44:59	0:08:44	3:40:02	0:07:02	2:41:25	Brazil	
9602d516-3f63-4915-9b59-3932af6ed40f	1435	Flavia Giomo	F	F50-54	12	7:22:13	1:01:45	0:10:13	3:20:41	0:08:08	2:41:26	Brazil	
2606969d-74fe-ee11-a1ff-000d3a314c24	1436	Ricardo Boubee	M	M45-49	183	7:22:41	0:45:21	0:08:10	3:32:10	0:07:27	2:49:33	Brazil	
5a8abac3-7230-4d38-ac3a-fdad1c0f07c1	1437	Gisele Malavazi Alves	F	F45-49	37	7:22:55	0:49:44	0:09:50	3:54:11	0:08:06	2:21:04	Brazil	
4b641726-44c7-f011-bbd3-6045bd05f634	1438	Marcos Joelson Santana Santos	M	M35-39	232	7:23:16	1:01:18	0:08:33	3:38:45	0:04:40	2:29:59	Brazil	
147be12f-5c54-4bd8-9366-68bd57d7ce6e	1439	Eduardo Oyadomari	M	M35-39	233	7:23:51	0:57:18	0:14:19	3:40:56	0:05:53	2:25:25	Brazil	
e048fe71-349a-f011-b4cc-0022480a7385	1440	Alessandro Richter	M	M45-49	184	7:24:18	1:09:50	0:08:01	3:15:06	0:03:52	2:47:28	Brazil	
0e82ecdb-b7b5-f011-bbd2-000d3a318445	1441	Eduardo Kanashiro	M	M25-29	152	7:24:23	0:54:56	0:07:18	3:43:18	0:04:49	2:34:03	Brazil	
6078c5de-a3b6-4b53-b482-0c572d9e6d7e	1442	Patricia Gianini	F	F55-59	4	7:25:26	0:48:12	0:16:48	3:37:05	0:05:17	2:38:03	Brazil	
df4fddd4-46c7-f011-bbd3-000d3a5cf7d8	1443	Vanessa Barreto Pastorello	F	F45-49	38	7:25:31	0:47:37	0:12:44	3:27:46	0:07:11	2:50:12	Brazil	
dee7044e-44c7-f011-bbd2-000d3a5b5fc7	1444	Rafael Oliveira Nunes	M	M25-29	153	7:25:34	0:44:53	0:08:02	3:42:45	0:05:03	2:44:51	Brazil	
f3510c87-32cb-4373-b782-473c972f38c1	1445	Eduardo Gustavo Pires De Arruda	M	M50-54	96	7:25:51	0:39:29	0:21:05	3:23:47	0:14:08	2:47:21	Brazil	
39ec7f33-fb36-4287-a987-7796b5a1d38b	1446	Sidney De Carvalho Fabricio	M	M45-49	185	7:26:18	0:52:23	0:09:44	3:13:36	0:07:03	3:03:33	Brazil	
187349c3-46c7-f011-bbd3-000d3a35ffc1	1447	Lucas Gusmao	M	M30-34	212	7:26:30	0:48:10	0:08:00	3:39:56	0:05:22	2:45:02	Brazil	
5f0c4397-6a5c-441a-a23c-1fcdf23e1ecd	1448	UYANARA DE FREITAS TZIRNAZOGLOU	F	F45-49	39	7:26:54	0:48:43	0:10:22	3:50:52	0:07:23	2:29:34	Brazil	
7a231b34-a728-450f-abed-27ed5af2a3d7	1449	Felipe Paku	M	M35-39	234	7:29:05	0:48:28	0:07:57	3:54:14	0:04:05	2:34:22	Brazil	
cf289948-4e5b-4418-b719-aba74d8b930c	1450	Daniel Avramopoulos Hestermann	M	M40-44	214	7:29:09	0:43:39	0:10:28	3:45:54	0:06:51	2:42:17	Brazil	
3e8162b7-a898-f011-b4cc-000d3a3173b5	1451	Anderson Medeiros Curci	M	M35-39	235	7:29:17	0:42:21	0:10:41	3:33:24	0:10:28	2:52:24	Brazil	
da2bb55e-8441-4850-ad30-ba494b3169dd	1452	Brenno Hike Domingues Da Silva	M	M40-44	215	7:29:44	1:01:26	0:07:55	3:48:23	0:03:03	2:28:57	Brazil	
8bb6c752-44c7-f011-bbd3-000d3a5cf7d8	1453	Nivia Salles Santos	F	F30-34	46	7:30:14	0:52:54	0:07:18	3:34:32	0:05:17	2:50:12	Brazil	
29c4a1ac-44c7-f011-bbd3-000d3a5b50ba	1454	Victoria Cantoni	F	F25-29	32	7:31:06	0:56:17	0:07:26	3:51:22	0:03:57	2:32:03	Brazil	
b79299ae-46c7-f011-bbd2-000d3a5b5fc7	1455	Alexandre Rodrigues Campos	M	M30-34	213	7:31:25	0:39:27	0:06:01	3:29:43	0:05:54	3:10:21	Brazil	
320dd731-cc02-4d48-99d5-d4df85438c8b	1456	Matheus Lambert Santana	M	M30-34	214	7:32:10	0:55:40	0:06:15	3:39:01	0:03:29	2:47:45	Brazil	
759fea21-43c7-f011-bbd3-000d3a35ffc1	1457	Italo Lima Santana	M	M35-39	236	7:32:10	0:45:43	0:07:25	3:50:09	0:03:55	2:44:57	Brazil	
13b19754-484b-43cf-9c06-37092e53247f	1458	Rodrigo Yukio Dos Santos Chinem	M	M45-49	186	7:32:43	1:08:44	0:06:19	3:24:50	0:02:38	2:50:11	Brazil	
68b04091-8ddf-44ce-9aef-4115c16e1e93	1459	Joao Victor Carniel Nunes	M	M35-39	237	7:32:58	0:59:13	0:08:36	3:34:50	0:03:47	2:46:31	Brazil	
796adf42-2b64-4d5b-930b-a025df4cf5d3	1460	Ana Paula Jereissati Braga	F	F55-59	5	7:33:09	0:48:51	0:09:50	3:29:22	0:05:34	2:59:31	Brazil	
d50c7b2f-8ded-44fa-8e93-4123abc08648	1461	Alexandre Teixeira Junior	M	M35-39	238	7:34:12	0:53:46	0:08:04	3:37:14	0:05:46	2:49:22	Brazil	
319185cc-1299-4e3f-8178-b2cbad335401	1462	Gustavo Fanani Mendes	M	M35-39	239	7:34:38	0:39:23	0:12:02	3:46:41	0:12:58	2:43:34	Brazil	
363407d6-45c7-f011-bbd2-000d3a5b5fc7	1463	Matheus Martins Menezes Pereira	M	M30-34	215	7:35:28	1:03:09	0:10:53	3:28:47	0:10:31	2:42:09	Brazil	
dd1cf142-45c7-f011-bbd3-0022480c097c	1464	Ana Lidia De Almeida Houri	F	F35-39	52	7:35:45	0:46:16	0:07:53	3:55:22	0:04:25	2:41:49	Brazil	
0f165972-44c7-f011-bbd3-000d3a5cf7d8	1465	Tamires B Araujo	F	F30-34	47	7:36:19	0:51:42	0:08:27	3:32:36	0:05:53	2:57:41	Brazil	
cd6ab8a0-45c7-f011-bbd3-000d3a3173b5	1466	Guilherme Lin Chien	M	M25-29	154	7:36:43	0:47:24	0:07:30	3:43:07	0:04:58	2:53:44	Brazil	
d6d34d99-5a78-4b56-a094-45a0122abce9	1467	Rogerio Cabral	M	M50-54	97	7:38:48	0:51:49	0:11:54	3:44:00	0:06:55	2:44:11	Brazil	
78eaeb43-46c7-f011-bbd3-0022480c097c	1468	Rodrigo Valle Fortner	M	M25-29	155	7:39:32	0:48:10	0:11:35	3:46:00	0:11:50	2:41:57	Brazil	
4548a84f-88b2-f011-bbd3-000d3a5b7c3b	1469	Matheus Maturana	M	M30-34	216	7:39:54	0:45:06	0:10:57	3:56:20	0:03:56	2:43:34	Brazil	
c70dbba9-46c7-f011-bbd3-6045bd09951e	1470	Thariel Tedd	M	M35-39	240	7:40:10	0:57:40	0:07:51	3:33:53	0:04:21	2:56:25	Brazil	
3d3a2f5c-0c10-4c54-a041-f5a14453a146	1471	Samuel Vieira	M	M45-49	187	7:40:15	1:01:08	0:08:08	3:32:49	0:05:33	2:52:37	Brazil	
69ab646a-640c-4d95-a2a3-8430861e75d0	1472	Matheus Curty De Figueiredo	M	M40-44	216	7:40:22	0:53:39	0:16:27	3:25:36	0:15:51	2:48:49	Brazil	
b5df577c-39c7-f011-bbd3-000d3a35ffc1	1473	Caio Yuiti Lazaro Kague	M	M30-34	217	7:40:30	0:46:06	0:09:35	3:52:43	0:05:22	2:46:43	Brazil	
66189fad-45c7-f011-bbd3-000d3a3173b5	1474	Rafael Brandao Ferrari	M	M35-39	241	7:40:30	0:47:56	0:07:31	3:50:37	0:05:09	2:49:18	Brazil	
50aecc4b-014b-476b-a3bd-965e022b9560	1475	Paulo Rodrigues	M	M60-64	11	7:41:34	0:51:39	0:11:53	3:44:11	0:07:14	2:46:38	Brazil	
a7c89789-a171-4852-86a5-f094afca8214	1476	Wagner Da Cruz	M	M70-74	2	7:41:53	0:58:40	0:16:05	3:36:59	0:08:54	2:41:15	Brazil	
ce577c20-fbd4-f011-8544-0022480a7385	1477	Adriano Ciancio	M	M30-34	218	7:45:27	0:57:10	0:09:38	3:48:19	0:08:44	2:41:36	Brazil	
1a461387-49ba-4333-80af-098ae5c715d0	1478	Felipe Boragina Da Silva	M	M30-34	219	7:45:37	0:42:35	0:07:09	3:42:06	0:04:05	3:09:42	Brazil	
9d430e9d-839f-4988-abea-bfe9b0a23ccd	1479	Robson Augusto Amaral Oliveira	M	M45-49	188	7:45:44	0:54:29	0:10:18	3:33:14	0:04:49	3:02:54	Brazil	
b2af38d0-d57d-f011-b4cc-002248098cfa	1480	Davi Firmino de Assuncao	M	M25-29	156	7:45:45	0:46:47	0:06:05	3:42:47	0:06:14	3:03:51	Brazil	
20d95586-1158-47d9-9714-3df3a9157ded	1481	Carlos Augusto Martin	M	M45-49	189	7:46:27	1:03:20	0:10:56	3:30:32	0:05:28	2:56:10	Brazil	
0d636913-3367-40cf-a629-4ae3dba6f4ec	1482	Fabio Batista De Oliveira	M	M35-39	242	7:46:52	0:56:09	0:10:02	3:53:20	0:08:44	2:38:36	Brazil	
fe0d242a-43c7-f011-bbd3-000d3a3173b5	1483	Caique Strufaldi	M	M30-34	220	7:47:34	0:44:21	0:07:10	3:32:21	0:06:26	3:17:17	Brazil	
87a0ce28-46c7-f011-bbd3-000d3a5b50ba	1484	Eliane Dal Bello	F	F60-64	1	7:47:38	0:43:40	0:10:22	4:01:20	0:06:03	2:46:13	Brazil	
5d96abdb-42c7-f011-bbd3-6045bd05f634	1485	Alexandre Rosenberg	M	M30-34	221	7:48:03	0:40:28	0:14:39	3:46:28	0:08:11	2:58:16	Brazil	
b29eb741-43c7-f011-bbd3-6045bd05fcc1	1486	Valeria Camila da Silva	F	F40-44	41	7:48:21	0:46:39	0:07:30	3:37:55	0:05:10	3:11:06	Brazil	
93d78c6b-45c7-f011-bbd3-6045bd05fcc1	1487	richard lopes dos santos	M	M35-39	243	7:49:25	1:01:34	0:06:16	3:51:42	0:02:23	2:47:29	Brazil	
8520f0f9-7b40-4a5c-ac57-20f707358e9a	1488	Franco Pieragnoli	M	M45-49	190	7:49:58	0:52:57	0:11:06	3:22:12	0:06:31	3:17:11	Brazil	
ffa10496-e101-4c79-95b1-94b3aa4c0286	1489	Brayan Oliveira Alves	M	M25-29	157	7:52:34	0:51:52	0:08:18	3:56:28	0:05:19	2:50:37	Brazil	
4b2536f6-c9b1-ef11-b8e8-6045bd088264	1490	Christian Oliveira	M	M45-49	191	7:52:50	1:01:31	0:07:02	3:28:07	0:05:44	3:10:27	Brazil	
5cdfe0ec-42c7-f011-bbd3-000d3a3173b5	1491	Ney Moura Nogueira	M	M45-49	192	7:55:39	0:50:46	0:08:19	3:41:51	0:06:22	3:08:21	Brazil	
97e29b7d-fceb-f011-8544-000d3a3173b5	1492	Lucas Passos	M	M25-29	158	7:56:49	0:45:24	0:10:05	3:55:19	0:05:30	3:00:32	Brazil	
32d9237c-d44d-438a-88a0-016029176dad	1493	Joice Kelly De Melo Aquino	F	F40-44	42	7:57:59	1:07:39	0:06:24	3:50:11	0:04:12	2:49:32	Brazil	
c9c1e68d-64cc-43a9-8423-859f495f415f	1494	Rodrigo Selingardi Do Amaral	M	M35-39	244	7:58:51	0:52:29	0:09:06	3:34:14	0:07:04	3:15:56	Brazil	
9cc2f46d-43c7-f011-bbd3-6045bd05f634	1495	Andreza Leonidas Kosaka	F	F35-39	53	8:00:46	0:40:55	0:07:52	4:11:14	0:04:18	2:56:27	Brazil	
6b1ef506-46c7-f011-bbd3-000d3a3173b5	1496	Thiago Alves Barrera	M	M35-39	245	8:02:59	0:56:10	0:08:22	3:44:29	0:04:58	3:08:59	Brazil	
58cdc443-45c7-f011-bbd3-000d3a35ffc1	1497	Igor Friedrich Mendes Kuhn	M	M25-29	159	8:03:55	0:52:04	0:06:31	3:52:20	0:03:44	3:09:16	Brazil	
2ffa7ea4-43c7-f011-bbd3-6045bd05f634	1498	Fernando Quirino Nogueira Pechy	M	M40-44	217	8:10:25	0:48:57	0:12:01	3:48:12	0:07:28	3:13:46	Brazil	
440cb184-4239-43a0-9571-16eee991fa13	1499	Tatiane Goncalves Pinto	F	F45-49	40	8:12:45	1:14:17	0:09:03	3:46:57	0:05:25	2:57:02	Brazil	
c655f82a-44c7-f011-bbd3-000d3a35ffc1	1500	Akim Sadi Aribi	M	M40-44	218	8:14:24	0:43:41	0:10:20	3:37:06	0:05:15	3:38:03	France	
251d81c5-88bb-ee11-a569-000d3a314329	1501	ALAN ROGERIO CASSANO BENTO		M40-44	219	8:24:09	0:47:40	0:11:29	4:01:37	0:05:22	3:18:01	Brazil	
5f68d440-b677-f011-b4cb-6045bd04ab46	1502	Ronaldo De Oliveira	M	M50-54	98	8:26:34	0:43:51	0:21:09	3:58:45	0:16:14	3:06:35	Brazil	
b8bb36f4-34c7-f011-bbd3-000d3a3173b5	99999	Gabriel Meireles	M	M35-39	99999							Brazil	DQ
cade3dfb-0a12-452d-bf09-10b859611bb9	99999	Thiago Lacerda De La Vega	M	M45-49	99999							Brazil	DNS
5a3aecf9-d6b2-4520-bb91-e038c18a6a83	99999	Norberto Giangrande	M	M55-59	99999							Brazil	DNS
2554a366-44c7-f011-bbd3-6045bd05fcc1	99999	Eliane Ap Arruda De Oliveira Leite	F	F55-59	99999		0:53:41	0:07:38				Brazil	DNF
5594a19e-bd45-45bd-9ae7-011ec2121040	99999	Milton Alves Jr	M	M45-49	99999							Brazil	DQ
03aade23-ee03-4ce3-b61d-91c6d341ef06	99999	Renata Bernardo	F	F35-39	99999							Brazil	DNS
ac07e3f6-44c7-f011-bbd2-000d3a5b7c3b	99999	Waldemar Silva Brito Filho	M	M60-64	99999							Brazil	DNS
1b0b3832-44c7-f011-bbd3-6045bd05f634	99999	Bruno Renofio Greco	M	M35-39	99999		0:44:10	0:08:45	2:33:39			Brazil	DNF
c1488c4b-45c7-f011-bbd2-000d3a5b5fc7	99999	Murilo Orsi Da Silveira	M	M25-29	99999							Brazil	DNS
b11998b2-d6a4-4ec9-9617-6c117927afe9	99999	GIULIANO RODRIGO BARISSA	M	M50-54	99999		0:35:59	0:04:43				Brazil	DNF
579136e9-1313-f011-998a-6045bd05fcc1	99999	Fabio Alex Pacheco	M	M45-49	99999							Brazil	DQ
ded2afec-0d1e-458e-adb8-f6c16d2c82a0	99999	Bruna Stolf	F	FPRO	99999		0:26:01	0:03:12				Brazil	DNF
7f533716-eb1d-ea11-a811-000d3a5a1e46	99999	Frederico Schiliro	M	M50-54	99999							Brazil	DNS
0c8359f2-8917-ef11-9f8a-002248044460	99999	PEDRO CAMANDUCCI	M	M18-24	99999							Brazil	DNS
475b6b60-92b6-ef11-b8e9-000d3a3126fd	99999	Andre Araujo	M	M40-44	99999							Brazil	DNS
16b087d9-2676-f011-b4cc-000d3a5b50ba	99999	Mauricio Trovo Benedito	M	M45-49	99999		0:45:34	0:05:47				Brazil	DNF
126618d0-89d7-4d2a-9927-53dd9e079671	99999	Paloma Rodrigues De Almeida Gomes	F	F25-29	99999							Brazil	DNS
096f472e-0997-f011-b4cc-000d3a5c3d6c	99999	Marco Antonio De Abreu Portes	M	M25-29	99999							Brazil	DNS
e81c669e-82b3-4f1a-b9bd-85b5a1d39a3c	99999	Ives Pereira Da Silva	M	M35-39	99999		1:15:24	0:09:01				Brazil	DNF
e77ba5c8-98cf-4453-9ca3-8d9b2e51387a	99999	Pedro Andre Regalla Patrao	M	M30-34	99999		1:43:07	0:03:22				Brazil	DNF
9e885aa3-342c-ef11-840a-6045bd079a13	99999	Anna Cecilia Vieira Campos	F	F45-49	99999							Brazil	DNS
70233535-6f6d-41d4-a1e2-b4859854064f	99999	Luciano Lino De Oliveira	M	M50-54	99999							Brazil	DQ
5a723d79-45c7-f011-bbd3-000d3a5cf7d8	99999	Larissa Cabral Missura	F	F35-39	99999							Brazil	DNS
a9a3f311-46c7-f011-bbd3-000d3a35ffc1	99999	Willian Santana Ferreira	M	M30-34	99999							Brazil	DNS
e6ba95d2-e864-4b76-af33-c59d3f0c68c2	99999	Kelly Caroline Sotti Da Silva	F	F30-34	99999							Brazil	DNS
6134fe68-2118-41e6-90ff-8c5c64b06d66	99999	Joel Kriger	M	M70-74	99999							Brazil	DNS
f06ea7f4-43c7-f011-bbd3-000d3a35ffc1	99999	Antonio Alberto Ferreira Barbosa	M	M45-49	99999							Brazil	DNS
92043d3b-ca1e-4781-ac4c-87cb23ee66d8	99999	Francisco Valdir Oliani	M	M65-69	99999							Brazil	DNS
51abae8e-3499-f011-b4cc-000d3a5cf7d8	99999	Rodrigo Rosa	M	M18-24	99999							Brazil	DNS
330d62a6-b9c9-469e-96c5-b23ac096c74f	99999	Gustavo Caixeiro	M	M35-39	99999							Brazil	DNS
135f0c4f-43c7-f011-bbd3-000d3a5cf7d8	99999	Diego Zindeski Godoy	M	M40-44	99999							Brazil	DNS
091a51e1-e067-48f5-84bb-8c58bd2f8871	99999	ROBSON LUIZ PEREIRA FARIA	M	M55-59	99999							Brazil	DNS
24dc5565-edb0-ef11-b8e8-6045bd018d16	99999	Marcelo Merlo	M	M50-54	99999		1:28:24	0:03:22				Brazil	DNF
37dac5d6-46c7-f011-bbd3-6045bd05fcc1	99999	Alberico Oliveira	M	M40-44	99999							Brazil	DQ
07041dda-3211-ef11-9f8a-000d3a314c24	99999	JAIME FELICIANO BASILIO SILVA	M	M30-34	99999							Brazil	DNS
58edcb61-2e6b-f011-bec2-000d3a5cf7d8	99999	Daniel Cardinali	M	M40-44	99999							Brazil	DNS
b62e7275-ca57-4ebc-97dd-01353f7e0422	99999	Pedro Paulo Curiati Tiberio	M	M18-24	99999							Brazil	DNS
ee5595fc-62b3-4651-9a99-f6d70d3d6da4	99999	Anderson Nonato	M	M40-44	99999							Brazil	DNS
ba104e69-f186-4c30-85f8-15acd1e7d0af	99999	Edson Gianini	M	M70-74	99999		1:29:02	0:03:23				Brazil	DNF
d9726f06-568d-ef11-ac21-002248049fdc	99999	Fernando Alfonso	M	M40-44	99999							Brazil	DNS
b4a38ac3-43c7-f011-bbd3-6045bd05f634	99999	Jose Lucas Silva Galdino	M	M30-34	99999							Brazil	DQ
98f3bca9-3a9a-f011-b4cc-0022480c097c	99999	Juliet Marcela Ruiz Ayala	F	F35-39	99999							Colombia	DQ
26619df8-a47c-4a45-834a-c5c9ada693dc	99999	Silvio Arruda Filho	M	M25-29	99999							Brazil	DNS
17644b34-f20a-4790-b9d5-c3979ee0b641	99999	Fábio Barbagli	M	M45-49	99999							Brazil	DNS
f472c4e3-d297-f011-b4cc-6045bd05f634	99999	Rafael Espadim	M	M30-34	99999							Brazil	DQ
4d6c9697-44c7-f011-bbd3-6045bd05fcc1	99999	Victor Agiz Barbutti	M	M25-29	99999		0:34:11	0:04:45				Brazil	DNF
f3e1942b-1034-4196-b252-142bcb0abc2a	99999	Luca Coutinho Melao	M	M18-24	99999							Brazil	DNS
44675380-38c7-f011-bbd3-000d3a3173b5	99999	Denise Charpenel Pequeno	F	F55-59	99999							Brazil	DNS
c2b7f4b5-46c7-f011-bbd3-000d3a5b50ba	99999	Roberto David	M	M50-54	99999							Brazil	DNS
0d8a4c3b-38ab-479e-94bc-e314bcd044d6	99999	Guilherme Avila	M	M40-44	99999							Brazil	DNS
2c8d20cc-a949-4960-9978-b9f8c745e5c3	99999	Jose Ranieri Netto	M	M60-64	99999							Brazil	DNS
59dd064b-817a-ef11-a670-000d3a338a3c	99999	Bruno Kaminata	M	M40-44	99999							Brazil	DQ
40fba4c2-44c7-f011-bbd3-000d3a35ffc1	99999	Alberto Cezar Santos Almeida Filhi	M	M30-34	99999							Brazil	DNS
16ee018f-44c7-f011-bbd3-6045bd09951e	99999	Joao Francisco Yugo Ikeda Iwaki	M	M25-29	99999							Brazil	DNS
94e6085c-fa9a-4ad0-b37a-905c9bc00c1c	99999	Rodrigo Passos Miranda	M	M50-54	99999							Brazil	DNS
3270bd68-d375-4172-9805-6f58f73985ea	99999	Marcelo Zimet	M	M50-54	99999							Brazil	DNS
6eb0f79c-450d-4fe5-a4cf-122974b980c5	99999	IGOR TAKANO	M	M30-34	99999							Brazil	DNS
3cc10281-d088-4c34-8999-e957cf9d4630	99999	Elton Alves Lucia	M	M45-49	99999							Brazil	DQ
f18a98b7-fd9d-4d30-96e1-782b0dbf8a21	99999	Igor Amorelli	M	MPRO	99999							Brazil	DNS
02818614-77bd-ef11-b8e8-000d3a5ae96c	99999	LUCIANO GOMES NOGUEIRA	M	M35-39	99999							Brazil	DQ
3b965aa2-64ab-ef11-b8e9-000d3a5a1803	99999	Paulo Martini	M	M45-49	99999							Brazil	DNS
04160c12-fe90-f011-b4cc-000d3a3173b5	99999	CAIO MONTALDI FERRAZ SILVA	M	M30-34	99999							Brazil	DNS
907373a4-1908-407e-b85c-66a17f874f1d	99999	Silvia Inês Ribeiro	F	F40-44	99999							Brazil	DNS
19c7313d-5edf-ed11-a7c7-000d3a314ae2	99999	Arthur Schahin	M	M18-24	99999							Brazil	DNS
9ec5cf80-c3f2-ee11-904b-000d3a5c3552	99999	ALAN CANTALABIO COSTA	M	M35-39	99999							Brazil	DNS
56e4f4ec-347a-f011-b4cc-000d3a35ffc1	99999	Antonia Lara	F	F25-29	99999							Brazil	DNS
f9b51b72-b381-ef11-ac21-6045bd05c809	99999	Fernando Peixoto	M	M40-44	99999							Brazil	DNS
d3da8899-07fd-4a1c-a584-572df7981e71	99999	João Pedro Villar	M	M18-24	99999							Brazil	DNS
f3167121-3b9a-f011-b4cc-0022480c097c	99999	Rafael Alejandro Rojas Valdés	M	M50-54	99999							Mexico	DNS
fe6cad8b-c676-4dad-9299-0ff1dfda4af8	99999	Rodrigo Cardoso	M	M40-44	99999							Brazil	DNS
adb0a3fd-a863-4b8d-8de6-d21f468f4394	99999	Arthur Rigueira	M	M25-29	99999							Brazil	DNS
811645db-2a40-45ae-a826-d03fe1fb74b2	99999	Gabriel Henrique Monteiro	M	M30-34	99999		0:34:03	0:03:34	2:38:22	0:03:04		Brazil	DNF
b7e0153b-f2ee-ef11-9341-6045bd05400c	99999	GUSTAVO SILVA	M	M35-39	99999							Brazil	DNS
61f0e70c-ad84-4567-8df0-1d857f1a390c	99999	Leonichel Jose Macario Guimaraes	M	M25-29	99999							Brazil	DQ
e6c91ba2-72dd-4aa8-98c8-07387fb00517	99999	Rafael Mazzini Coelho Teixeira	M	M50-54	99999							Brazil	DNS
0393fbbd-cbab-4242-8e6f-2a0d997cff86	99999	Patrick Sigrist	M	M55-59	99999							Brazil	DNS
eaf1c984-3959-4d99-8d9a-f4e939ea9c06	99999	Caio Guimaraes	M	M50-54	99999							Brazil	DNS
251c40c7-facd-4179-b979-491c4bc60acf	99999	Roberto Berlini	M	M35-39	99999							Brazil	DNS
70834774-45c7-f011-bbd3-000d3a35ffc1	99999	Jessyca Nobre Silva	F	F25-29	99999							Brazil	DNS
40a2117f-faa6-41dc-93ef-0555ac7386c2	99999	Maria Vitoria Visnevski	F	F18-24	99999							Brazil	DNS
ccfbada4-ea29-4f12-8322-74a586dccbe2	99999	Marcelo Villa Nova De Oliveira	M	M45-49	99999							Brazil	DNS
9f610570-7a58-41ac-82d2-2669c03ea48c	99999	Jose Raimundo Coelho Dias	M	M30-34	99999							Brazil	DNS
d86a44eb-1c50-4263-81bc-54f7c4cc5ef7	99999	Carlos Ignacio Quintero Franco	M	M35-39	99999							Colombia	DQ
42463473-45c7-f011-bbd3-000d3a5cf7d8	99999	Bruno Tome Canovas	M	M45-49	99999							Brazil	DNS
6457dc62-4b86-4f74-b931-deb3f4b6783a	99999	Andre Luiz Da Silva Andrioni	M	M40-44	99999							Brazil	DNS
2bb5a5da-a46b-4d13-9b2f-6bd5f4825674	99999	Rafael Pires	M	MPRO	99999							Brazil	DNS
a9a0840a-13f5-402a-96aa-ff557568c1f3	99999	Marcelo Lacerda	M	M40-44	99999							Brazil	DQ
28ec1603-46c7-f011-bbd3-000d3a5b50ba	99999	Renato Felix Da Silva Souza	M	M30-34	99999							Brazil	DNS
a2329b1d-4508-f111-8406-7c1e528d4877	99999	Eduardo Calli	M	M40-44	99999							Brazil	DNS
96213ae7-e27c-4780-aefb-4f2693da5cde	99999	Paulo Manzini	M	M45-49	99999							Brazil	DNS
24a7c5db-2be2-42ab-8bb9-9e901a93b47f	99999	Patricia Cordeiro	F	F40-44	99999		0:44:25	0:06:17	2:55:41	0:03:11		Brazil	DNF
30f40f38-6961-ef11-bfe3-000d3a3b4ec1	99999	GUSTAVO AIDE	M	M45-49	99999							Brazil	DNS
14620fc0-085d-4077-bba8-d1a7d2ebddaf	99999	Arthur Azeredo	M	M35-39	99999							Brazil	DNS
7ae90dc9-bc2d-4f5b-92f6-3457d1ed5875	99999	Gustavo Ragner Fiorese	M	M40-44	99999							Brazil	DNS
2e5814e3-3e73-469e-b964-4ae6fd2715f0	99999	Victor Navarro Castello Branco	M	M35-39	99999							Brazil	DNS
44a7a2bc-44c7-f011-bbd3-000d3a35ffc1	99999	Marcella Diniz Da Silva Leite	F	F30-34	99999							Brazil	DNS
0715dd0c-c8c1-4034-a7e4-578046a00da5	99999	Fernando Marques Melo	M	M40-44	99999							Brazil	DNS
8a371373-e4ac-46b3-bf98-ef4b2719c0f7	99999	Bianca Marcon	F	F35-39	99999							Brazil	DNS
e1462c07-b088-ef11-ac21-000d3a595b58	99999	Talita Da Silva Pinto	F	F35-39	99999							Brazil	DNS
2b6e1bc8-45c7-f011-bbd2-000d3a5b7c3b	99999	Lucas De Melo Vidal	M	M25-29	99999							Brazil	DNS
f01b5d95-f3fa-4130-9928-dfb229a044a9	99999	Junia Veloso De Castro	F	F55-59	99999							Brazil	DNS
9cc8f4d2-8095-ef11-8a6a-000d3a338a3c	99999	Augusto Perfeito	M	M18-24	99999							Brazil	DNS
d91b22bd-f03c-f011-b4cc-0022480a7385	99999	ARTHUR SANTORO FAGUNDES	M	M30-34	99999							Brazil	DNS
af6e278d-44c7-f011-bbd3-000d3a5b50ba	99999	Marcello Venzel Zaninotto	M	M18-24	99999		0:38:04	0:05:11				Brazil	DNF
3331535c-01a3-44df-8e04-53f82769180f	99999	Wanderley Carlos Da Silva	M	M45-49	99999							Brazil	DQ
4005fe85-44c7-f011-bbd3-000d3a3173b5	99999	Michel Anderson Fonseca De Medeiros	M	M35-39	99999							Brazil	DNS
ce9b7d05-5591-44c6-bf66-71902b2e3e77	99999	Ricardo Pedace	M	M40-44	99999							Brazil	DNS
7bc03eb7-f26f-f011-bec2-000d3a5cf7d8	99999	Manoel Monteiro De Castro Costa	M	M30-34	99999							Brazil	DQ
d48760bb-66d6-421c-96f0-ceb72a70e4e2	99999	Nahete Queiroz Freire	M	M35-39	99999							Brazil	DNS
92e8bc37-6d29-4970-ac57-34d6edd2f438	99999	Marcelo De Azevedo Fernandes	M	M45-49	99999							Brazil	DNS
1883b858-89ae-4755-a2b6-f8e3b7b0b7c6	99999	Leonardo Almeida De Oliveira	M	M40-44	99999							Brazil	DNS
6fefe37d-45c7-f011-bbd3-6045bd09951e	99999	Cristiano Douglas Dos Santos	M	M30-34	99999							Brazil	DNS
4ef2c72b-f8df-4036-be09-c487a7b2ff70	99999	Reis Renia	F	F45-49	99999							Brazil	DNS
752c02fe-44c7-f011-bbd3-000d3a5b50ba	99999	Everton L Santos	M	M35-39	99999							Brazil	DQ
27318dc2-46c7-f011-bbd3-000d3a5cf7d8	99999	Tito Tavares Assis	M	M35-39	99999							Brazil	DNS
1c7e3628-ce9d-4be6-a478-7e304f07b313	99999	Fabio Fidalgo Rogerio	M	M35-39	99999							Brazil	DNS
dbb516a5-45c7-f011-bbd3-000d3a35ffc1	99999	Henrique Machado	M	M35-39	99999		0:36:21	0:07:47				Brazil	DNF
8e6c96d4-bc9e-4dcf-ba1c-79cf056a8306	99999	Romulo Lucas	M	M45-49	99999		0:43:53					Brazil	DNF
9e17cce1-419a-f011-b4cc-6045bd05f634	99999	Brenno Augusto da Silva	M	M25-29	99999							Brazil	DNS
23ffe56a-03cf-4c3e-91a9-fb9d1c6af2ae	99999	Giovanni Gallo	M	M35-39	99999							Brazil	DNS
42277fc4-6bb1-ef11-b8e8-6045bd018d16	99999	Vitor Luiz Soares De Lima	M	M35-39	99999							Brazil	DNS
6f42ffb8-4f52-4cb8-9428-289f0e1164cb	99999	Luise Santacruz Russo	F	F35-39	99999							Brazil	DNS
67250c3e-6507-4632-ad3e-e0ea0faa9e99	99999	Irae Maria Guilherme Kaiser	M	M35-39	99999							Brazil	DNS
cda68aac-1ccf-4217-bf93-0051254b19e6	99999	GUSTAVO ROCHA	M	M40-44	99999							Brazil	DNS
baea879e-179a-f011-b4cc-000d3a3173b5	99999	rafael visgueira	M	M40-44	99999		1:29:54	0:03:23				Brazil	DNF
db8ec586-d8e5-4b16-9b77-a81142cddea2	99999	Kaue Guimaraes Chinellato	M	M40-44	99999							Brazil	DNS
9e0935f6-8e0a-f011-bae2-6045bd05fcc1	99999	Ricardo Ladessa da Cunha	M	M40-44	99999							Brazil	DNS
c91264c5-43a1-4d48-81a2-3ed6b216a68c	99999	Cassio Henrique Martins Rosa	M	M40-44	99999							Brazil	DNS
2b97a4a2-45b1-4f35-8f9d-5a9ba6fe9ad1	99999	Enzo Krauss	M	MPRO	99999		0:23:31	0:02:22				Brazil	DNF
9edc9649-5c59-4859-b1c0-425dc4667faa	99999	Guilherme Kfouri	M	M30-34	99999							Brazil	DNS
7cd03f2a-b89e-492f-a14d-eec699b61189	99999	Arthur Ghattas	M	M35-39	99999							Brazil	DNS
a66002de-71c3-4e08-af8d-887586ea1691	99999	David Reichhardt	M	M35-39	99999							Brazil	DNS
651a4471-fa9b-4e3f-88c7-4d702986cbc3	99999	Gustavo Duarte	M	M55-59	99999							Brazil	DNS
f611541f-ecb0-f011-bbd3-000d3a3173b5	99999	Tales Vilar Guimaraes	M	M40-44	99999							Brazil	DNS
6407b689-45c7-f011-bbd3-000d3a5b50ba	99999	Tiago Farias Da Silva	M	M40-44	99999							Brazil	DNS
17ea5550-b75d-ef11-bfe3-00224808301f	99999	Antonio Moreira	M	M35-39	99999							Brazil	DNS
1b9c096e-c706-4b2f-b5a7-3400b7aeccfc	99999	Vicente Saraiva	M	MPRO	99999							Brazil	DNS
09e08614-e3c4-4389-a520-b5763dd07da2	99999	Luca Ascenco	M	M18-24	99999		0:25:49	0:03:04	2:11:16	0:01:21		Brazil	DNF
dca2d4b4-6cb3-4eec-a80b-a66be3f98c0e	99999	Aleksanders Mirra Novickis	M	M45-49	99999							Brazil	DNS
9c7b53fe-4144-ef11-8409-000d3a3b4ec1	99999	João Pedro Dutra Nogueira	M	M25-29	99999							Brazil	DNS
3b70b899-0667-4e1a-a1b0-f671b2c3a08e	99999	Mariana Mello	F	F40-44	99999							Brazil	DNS
65797bc2-66cb-4cb8-b6a7-8a73996dce5a	99999	Valentina Spohr	F	F18-24	99999							Brazil	DNS
55226940-44c7-f011-bbd3-000d3a5cf7d8	99999	Camila Mora	F	F25-29	99999							Brazil	DNS
2311bc86-7378-f011-b4cc-000d3a3173b5	99999	Rafael Schlobach	M	M40-44	99999							Brazil	DQ
034c448a-0808-47d9-a0f0-7e5c42048baa	99999	Andre Ferrari De Franca Camargo	M	M40-44	99999							Brazil	DNS
2cead799-6d4f-4320-a9d1-4198900af823	99999	Samuel Lucas Bombo Lago	M	M40-44	99999							Brazil	DNS
c88f3e99-b0f1-41c9-befb-d3686e4869c9	99999	ORLANDO GOMES MONTEIRO	M	M50-54	99999							Brazil	DNS
8fd6a017-d890-ef11-ac21-6045bd048089	99999	Arthur Diniz	M	M25-29	99999							Brazil	DNS
d2b66cd0-44c7-f011-bbd2-000d3a5b5fc7	99999	Denner Borges De Oliveira	M	M30-34	99999							Brazil	DNS
6a42954d-a618-4cec-8efe-31e86650c050	99999	Vinicius Oliveira Aguiar Santos	M	M30-34	99999							Brazil	DNS
b314d01e-44c7-f011-bbd3-000d3a35ffc1	99999	Isabella Solange Tagliapietra Brochetti Boscolo	F	F25-29	99999							Brazil	DQ
8ad5dc9b-8da3-4cff-b959-4d589d36322f	99999	Ederaldo Pietrafesa De Godoi Junior	M	M30-34	99999							Brazil	DNS
861c9bf6-7777-4805-8718-b14740c7aa35	99999	Matheus Menezes	M	MPRO	99999		0:24:59	0:03:03	2:15:23	0:01:48		Brazil	DNF
7dc65e5c-45c7-f011-bbd3-6045bd05f634	99999	Gustavo Antunes Gotardo	M	M50-54	99999		1:27:53	0:03:22				Brazil	DNF
f430f31a-c516-4cd6-9534-1691ce40f175	99999	MARCELO TADEU LONGO	M	M50-54	99999							Brazil	DNS
4f1070f8-566b-4c31-bd6e-45de0ec028f2	99999	Tassia Appezzato Donadon	F	F30-34	99999							Brazil	DNS
6afd4168-775e-f011-bec1-0022480aed81	99999	Gustavo Wiebbeling	M	MPRO	99999							Brazil	DNS
5f793172-6ba9-4385-8865-166103f0eb02	99999	Guilherme Becker	M	M40-44	99999		1:36:44	0:03:23				Brazil	DNF
239ca84a-6024-4b63-bff6-33e1bceae8da	99999	Ricardo Meiches Reichhardt	M	M35-39	99999							Brazil	DNS
581a05e1-2dca-4201-b1a3-b024bbed6e01	99999	Jorge Henrique Muller De Almeida	M	M30-34	99999							Brazil	DNS
c8cf5661-8bd4-4ff4-83fe-4e9a41ca782f	99999	Leonardo Dagata Jung	M	M30-34	99999							Brazil	DNS
2a4aff8b-0cfb-43b4-89bc-c078cd24b4b2	99999	Leonardo Gealh	M	M40-44	99999							Brazil	DQ
bf4937df-63cf-49ea-8640-0f5b9ec50b66	99999	Pedro Schreer Palmari	M	M18-24	99999		0:32:53	0:03:32				Brazil	DNF
05a52027-bb44-49dd-8e65-3ea95cb8f4ff	99999	Eric Leme	M	M30-34	99999							Brazil	DNS
d1333914-20f4-4b48-a6af-6d2b62d90a38	99999	Rafael Brandao	M	M45-49	99999		0:24:14	0:03:28	2:16:02	0:02:13		Brazil	DNF
8d1f15d6-ea90-f011-b4cb-002248098cfa	99999	Fernando Dias	M	M45-49	99999		0:46:47	0:08:28				Brazil	DNF
104da4a9-e03b-4dcf-96fa-2c5f3ae07e0d	99999	Suzana Kelly Cordeiro de Souza Nascimento Suzana	F	F45-49	99999							Brazil	DNS
bef2c648-6915-4617-bb92-d027fb054d0e	99999	Brunno Montenegro Da Cunha	M	M25-29	99999		0:29:15	0:03:22	2:22:24	0:02:59		Brazil	DNF
7a78c5fb-41c7-f011-bbd2-000d3a5b7c3b	99999	Matheus Correa De Mello	M	M30-34	99999							Brazil	DNS
a4d6d582-acb9-4b0f-9a85-4c1ac60cf757	99999	Tiago Silva	M	M45-49	99999							Brazil	DNS
c1d29cdd-9b4f-46c8-8381-2ba4772cc618	99999	Fernando Alves Guimaraes	M	M35-39	99999							Brazil	DNS
cd513778-bc7f-f011-b4cc-6045bd09951e	99999	Filipe Alves	M	M40-44	99999		1:37:15	0:03:22				Brazil	DNF
dc3b9cd6-43c7-f011-bbd3-000d3a35ffc1	99999	Guilherme Antonio Santi	M	M25-29	99999							Brazil	DNS
8ab8e49c-9156-4585-9bc5-85215c570e76	99999	Caio Oliveira Barreto	M	M30-34	99999							Brazil	DNS
f4005155-d99b-4bdb-b6d3-f6b6a796cd28	99999	Miguel Jodas	M	M50-54	99999							Brazil	DNS
423f8b69-4e49-4bf8-9266-878cfb79df18	99999	Heloa Gongora Villela Gomes	F	F35-39	99999							Brazil	DNS
cd240fa6-45c7-f011-bbd3-6045bd05f634	99999	Afonso Paranhos Silva Santos	M	M30-34	99999							Brazil	DNS
c37f6d0e-833b-445e-8204-c820c65bb4cb	99999	Marco Aurelio Santarlasci	M	M60-64	99999		0:32:11	0:05:11	2:32:55	0:02:54		Brazil	DNF
f1d0ff4f-40c7-f011-bbd3-000d3a35ffc1	99999	Mariana Furtado Boreli	F	F35-39	99999							Brazil	DNS
4c6011ef-10db-42d8-8655-06766f686eee	99999	Laura Tameirao Sampaio Rodrigues	F	F30-34	99999							Brazil	DNS
6d46d791-e991-4824-a138-4699301a4ab8	99999	RODOLPHO CHINELATO	M	M40-44	99999		0:36:15	0:04:15				Brazil	DNF
308b9694-43c7-f011-bbd3-000d3a35ffc1	99999	Lucas Choi	M	M25-29	99999							Brazil	DNS
da63b283-46c7-f011-bbd3-6045bd09951e	99999	Daniel Dos Passos Soares	M	M25-29	99999							Brazil	DNS
4cd40231-9a09-40c9-b3ff-cc5c890ec76c	99999	Raphael Yoshimura	M	M40-44	99999							Brazil	DNS
471dbfd0-45c7-f011-bbd3-6045bd05f634	99999	Theo Freitas De Souza	M	M25-29	99999							Brazil	DNS
5cc68456-c287-4246-b9d9-5aba1231a79f	99999	Julio Paulo Morais De Oliveira	M	M35-39	99999							Brazil	DNS
f3f45b75-43c7-f011-bbd3-000d3a5cf7d8	99999	Michelle Rodrigues	F	F30-34	99999							Brazil	DNS
148a162c-c659-4b16-8ab0-d7bf9ca30b97	99999	Rafael Munhoz	M	M35-39	99999							Brazil	DNS
01302ab2-3f16-f011-9989-000d3a5cf7d8	99999	LEONARDO RIGATTO	M	M35-39	99999							Brazil	DNS
9b3b8196-e694-4259-8635-b7d1ef7d3ac7	99999	Robson Alves Valim	M	M40-44	99999							Brazil	DNS
a8930557-43c7-f011-bbd2-000d3a5b7c3b	99999	Frederico Messuti	M	M30-34	99999							Brazil	DNS
61a1e250-372e-41cd-a13c-c6bb304c6a19	99999	Eric Hissao Inoue	M	M40-44	99999							Brazil	DNS
67a51601-7816-f011-998a-000d3a5b50ba	99999	GUILHERME CORREA	M	M30-34	99999							Brazil	DNS
a3230feb-44c7-f011-bbd3-6045bd09951e	99999	Fernando SOUZA	M	M25-29	99999							Brazil	DNS
affe811e-e598-f011-b4cc-000d3a35ffc1	99999	Fernando Monreal	M	M35-39	99999							Brazil	DQ
70f69030-254e-f011-8779-000d3a5a2350	99999	Renan Nascimento Altomani	M	M40-44	99999							Brazil	DNS
31630530-1805-4e48-bd69-a5c71f0af1d8	99999	Caio Ribeiro	M	M55-59	99999		0:47:10	0:13:54	3:05:12	0:09:06		Brazil	DNF
d2ef2615-64c7-45b0-aef7-592ef0e77a53	99999	Antonio Carlos Da Silva	M	PC/ID	99999	6:05:57	0:46:20	0:09:52	2:41:19	0:07:09	2:21:17	Brazil	
acd598b1-46c7-f011-bbd3-000d3a3173b5	99999	Nadia Dibiasi	F	F45-49	99999							Brazil	DNS
51313dc0-45c7-f011-bbd3-000d3a5b50ba	99999	Leonardo Munhoz Mesquita	M	M40-44	99999							Brazil	DNS
e76f9c2b-e46b-4fcd-ac25-791e2b5902f7	99999	Luis Barrionuevo	M	M60-64	99999							Brazil	DNS
49477056-399a-f011-b4cc-000d3a5b7c3b	99999	L'Inti Faiad	M	M35-39	99999							Brazil	DNS
a1a84b6d-44c7-f011-bbd2-000d3a5b5fc7	99999	Caio Vinicius Molina	M	M30-34	99999							Brazil	DNS
1253e7e1-53ec-4cfe-a0be-3e47ced5b118	99999	Federico Scarabino	M	MPRO	99999							Uruguay	DNS
e89f9cb7-a525-4604-87e7-1ee20b44b3a9	99999	Roberta Mesquita Da Silva	F	F40-44	99999							Brazil	DQ
4eb9aeee-43c7-f011-bbd3-000d3a35ffc1	99999	Diego Philip Rizzante Silva	M	M40-44	99999							Brazil	DNS
ab4e1c57-45c7-f011-bbd3-000d3a5b50ba	99999	Fabio Romera Alves De Souza	M	M30-34	99999							Brazil	DNS
5c8accdc-46c7-f011-bbd3-6045bd05fcc1	99999	Felipe Lima	M	M30-34	99999							Brazil	DNS
08308ace-45c7-f011-bbd3-0022480a7385	99999	Ricardo Mendes Aguilar Junior	M	M45-49	99999							Brazil	DNS
7b37146a-42c6-4df0-a5b5-eec523861978	99999	Allan Garms Marson	M	M50-54	99999							Brazil	DNS
8f3e0508-457d-48ae-b73e-5e6ce149db09	99999	Rodrigo Lobo	M	M40-44	99999							Brazil	DNS
76573472-e986-41e3-960d-38480e16b8ab	99999	Diogo Honda	M	M25-29	99999							Brazil	DNS
7dad5992-aed6-4b30-8731-541c74903a57	99999	Áureo Queiroz	M	M50-54	99999							Brazil	DNS
d07e7a7f-45c7-f011-bbd2-000d3a5b7c3b	99999	Jacqueline Akemi Nishio Juhasz	F	F30-34	99999							Brazil	DNS
bd565070-a452-ef11-a317-00224809fd7c	99999	Dharien Correia	M	M30-34	99999							Brazil	DNS
76c537b3-43c7-f011-bbd2-000d3a5b5fc7	99999	Samuel Alves	M	M45-49	99999							Brazil	DNS
23ee018f-44c7-f011-bbd3-6045bd09951e	99999	Eduardo Pimenta	M	M30-34	99999							Brazil	DQ
a574aea4-ddb5-4c0f-8518-ed7a4ef64c33	99999	Fernanda Pileggi	F	F35-39	99999							Brazil	DNS
7c96a7b2-31c6-49ff-81e1-bb24a49e3346	99999	Rosemberg Fajardo Rocha	M	M60-64	99999							Brazil	DNS
04bf40c7-28b2-41e4-93b1-88cebef329d5	99999	Gustavo Michelini	M	M35-39	99999							Brazil	DNS
43aa3d39-46c7-f011-bbd3-6045bd05f634	99999	Rayan Skraba	M	M25-29	99999							Brazil	DNS
a85a7f13-5d0d-4a18-8df4-dc98414c5102	99999	Marcelo Araujo	M	M35-39	99999		0:39:27	0:06:36	3:11:12	0:07:49		Brazil	DNF
2266f2ed-ca32-4a98-8fd7-a96fba5d86cc	99999	Alberto Saad Coppola Filho	M	M30-34	99999							Brazil	DNS
e5c4cb24-43c7-f011-bbd3-6045bd05f634	99999	Vinicius Mussak	M	M30-34	99999							Brazil	DNS
61a9becd-0028-43ae-899b-d5adb4b97241	99999	Walney Jorge Silveira	M	M60-64	99999							Brazil	DNS
9819dd90-a0b1-ef11-b8e8-6045bd088264	99999	Lucas Rego	M	M18-24	99999							Brazil	DNS
e2a12f23-5228-4e71-a728-74721993ea16	99999	Francesco Tripodi	M	M40-44	99999							Brazil	DQ
55b20048-44c7-f011-bbd2-000d3a5b5fc7	99999	Bruno Feitosa Lima	M	M40-44	99999		1:33:46	0:03:22				Brazil	DNF
d0aca7d4-46c7-f011-bbd3-0022480a7385	99999	Wilson Marques Tesser	M	M40-44	99999							Brazil	DNS
62b2a33c-45c7-f011-bbd3-0022480a7385	99999	Renata Leopoldina De Oliveira Rodrigues	F	F50-54	99999							Brazil	DNS
e8e12240-1ce6-460d-9f75-53f1da980e22	99999	Gabriel Pontes	M	M35-39	99999							Brazil	DNS
ccd800a6-f37c-41df-a493-94da86ec537e	99999	Renata Sacristan Ferrari	F	F55-59	99999							Brazil	DNS
c6058a51-d73e-f011-b4cb-0022480a7385	99999	Caio Lima	M	M35-39	99999							Brazil	DQ
79b6f1d1-2c9a-f011-b4cc-002248098cfa	99999	André Figueiredo	M	M65-69	99999							Brazil	DQ
1d67a78c-3a54-4ff2-9829-685452665d97	99999	Wagner Sidnei Azara Filho	M	M40-44	99999							Brazil	DNS
eb74eeca-27d7-4085-b08e-3230381ad717	99999	Edward Glauber Bagliotto	M	M50-54	99999							Brazil	DNS
44692e76-36c7-f011-bbd3-6045bd05f634	99999	Thiago Bronzatto	M	M35-39	99999		0:44:06	0:03:40				Brazil	DNF
2e8d966a-4a11-4ba5-91db-fedeb22dcc6b	99999	Adelita Batista Breda Guirau	F	F45-49	99999							Brazil	DNS
bb373c8c-978c-4242-bea3-10ff20faa974	99999	Rubens Fogli Netto	M	M45-49	99999							Brazil	DNS
145b6a1a-45c7-f011-bbd3-6045bd05fcc1	99999	Ana Beatriz Medina	F	F40-44	99999							Brazil	DNS
9ff60bdf-43c7-f011-bbd2-000d3a5b7c3b	99999	Giovanna Sousa	F	F25-29	99999							Brazil	DNS
374f8f5c-0e6a-ef11-bfe3-000d3a371e3b	99999	Vinicius Cardoso	M	M25-29	99999							Brazil	DNS
3d3a66ab-ad81-f011-b4cc-6045bd09951e	99999	Renato Alvarenga	M	M50-54	99999							Brazil	DNS
de08a0c2-7b18-f011-998a-6045bd05fcc1	99999	Klebber Eduardo Rodrigues Bueno	M	M45-49	99999							Brazil	DNS
8990c95c-cc42-4f91-b58e-cb7361221b83	99999	Victor Goncalves Motta De Avellar	M	M25-29	99999							Brazil	DNS
6b483893-0d76-4c9d-b9ff-8d9b26ad46a9	99999	Filipe Azevedo	M	MPRO	99999							Portugal	DNS
380491cd-43c7-f011-bbd3-000d3a3173b5	99999	Matheus Araujo Camin	M	M30-34	99999							Brazil	DQ
a824397e-9828-4b6f-9b01-7e223d5bb1b3	99999	Cristiano De Oliveira Penna A Cruz	M	M50-54	99999							Brazil	DNS
aa2a78ce-7acc-47fd-954f-5a2ec8a7da77	99999	Pedro Vieira Da Silva Frediano	M	M25-29	99999							Brazil	DNS
45d33897-45c7-f011-bbd3-000d3a5cf7d8	99999	Ricardo Nakahira	M	M60-64	99999							Brazil	DNS
26c85428-9b0a-4d18-b11e-6c848ccce6a4	99999	David Homsi	M	M50-54	99999							Brazil	DNS
69613721-72c8-49da-9c6b-da598dde11cf	99999	GESLEY FAIER FRANCO	M	M55-59	99999							Brazil	DNS
fba4d03d-e634-4cc4-9543-cf1c303200c9	99999	Thales Da Silva Souza	M	M25-29	99999							Brazil	DNS
16be7e1c-1c9a-f011-b4cc-6045bd05f634	99999	nathalia perrone	F	F25-29	99999							Brazil	DNS
778dd9ae-2cc7-f011-bbd3-6045bd09951e	99999	Pedro Pereira De Oliveira	M	M45-49	99999							Brazil	DNS
4a723d79-45c7-f011-bbd3-000d3a5cf7d8	99999	Hideki Uebo Uehara	M	M30-34	99999		1:28:43	0:03:22				Brazil	DNF
15b5eb84-ef0f-40d5-b2b5-044497b76755	99999	Luis Fernando Brajato Moraes Calsavara	M	M25-29	99999							Brazil	DNS
fa2380a9-399a-f011-b4cc-000d3a5cf7d8	99999	Lucas Perez	M	M35-39	99999							Brazil	DNS
d4d6cd5f-10ab-4f36-bcee-6a03ae7b0d08	99999	LUCIANO LIMA JUNIOR	M	M50-54	99999							Brazil	DNS
0c8840c7-3e7e-48f3-aa13-01ea370bd726	99999	Elton Olivieri	M	M35-39	99999							Brazil	DNS
c5c5585d-6cd3-42f1-be80-742c6635cbab	99999	Gabriel Sousa Rocha	M	M25-29	99999							Brazil	DQ
3875a550-13e6-46f6-a7b3-db5ce711423e	99999	Matheus Nogueira Paiva	M	M30-34	99999							Brazil	DNS
f4a662ec-45c7-f011-bbd3-6045bd05fcc1	99999	David Jovani Da Silva	M	M40-44	99999							Brazil	DQ
4f148268-1448-404c-b952-71e13e075ba1	99999	Thiago Alves Sena	M	M18-24	99999							Brazil	DNS
35b68a70-45c7-f011-bbd3-000d3a5b50ba	99999	Joao Vitor Cavalcanti Ferreira	M	M18-24	99999		1:36:26	0:03:22				Brazil	DNF
87bd1469-5fb7-4a91-b60a-053ba526281d	99999	Bernardo Goncalves Siqueira	M	M40-44	99999							Brazil	DNS
f4ce748b-45c7-f011-bbd2-000d3a5b7c3b	99999	Nicolas Giovanne Oliverio	M	M25-29	99999							Brazil	DQ
8b45c596-44c7-f011-bbd3-6045bd05f634	99999	Priscila Santos Rosa	F	F40-44	99999							Brazil	DNS
d10730ab-44c7-f011-bbd2-000d3a5b5fc7	99999	Renan Augusto Alexandre Silva	M	M35-39	99999							Brazil	DNS
4fd73a3a-d8ee-4c17-95c7-41aaff772eb8	99999	Rad Kohanzad	M	M45-49	99999							United Kingdom	DNS
bba408b0-d2d0-4ec0-983d-a9125959de73	99999	Carolina Bauer Godoy	F	F45-49	99999							Brazil	DNS
fd320028-3842-f011-b4cb-6045bd09951e	99999	Luiz Silva	M	M40-44	99999							Brazil	DNS
1e8bec2f-9b74-4394-8c01-12da8a07e174	99999	Aline Rodrigues De Andrade	F	F30-34	99999							Brazil	DNS
a555bb2a-03f1-ee11-904c-000d3a314ae2	99999	Felipe Novaes	M	M35-39	99999							Brazil	DNS
b707184c-43c7-f011-bbd3-000d3a35ffc1	99999	Gustavo De Freitas Escobar	M	M40-44	99999							Brazil	DNS
10670015-abe2-4225-88ce-16c3c043b17e	99999	Adhemar Milani Neto	M	M40-44	99999							Brazil	DNS
94e52697-fd95-ef11-8a6a-000d3a338a3c	99999	Luiz Fernando Guidorizzi de Carvalho	M	M45-49	99999							Brazil	DNS
2f69151b-419f-4859-9677-494c1d2eb8c6	99999	Renato Francisco Firmino	M	M25-29	99999							Brazil	DNS
caa8d14c-dcce-4c54-b767-a5ee092a93b8	99999	Mario Gomes Da Silva Junior	M	M45-49	99999							Brazil	DNS
b58cc16e-d196-40ba-8129-1a80ea97da1d	99999	Paulo Sakaguti	M	M45-49	99999							Brazil	DNS
0dafd8e1-42c7-f011-bbd3-6045bd05f634	99999	Ligia Brandao Silva	F	F18-24	99999		0:44:04	0:06:35				Brazil	DNF
d43a6a66-8e14-4c11-b926-94a0e602fa8c	99999	Isabela NIEDO MARCHIORI	F	F30-34	99999							Brazil	DNS
8f513ff0-2cc7-f011-bbd2-000d3a5b7c3b	99999	Fabricio Avila Macedo	M	M30-34	99999							Brazil	DNS
fe423a99-44be-4fd8-b495-c2ca8862ba50	99999	Romina Biagioli	F	FPRO	99999		0:25:46	0:02:57				Argentina	DNF
c3c480e1-4cb4-ed11-83fe-000d3a314be4	99999	Antônio Lourenço Dos Santos Junior	M	M45-49	99999							Brazil	DNS
21b6b0e3-689a-f011-b4cc-6045bd05f634	99999	Isabella De Picciotto	F	F25-29	99999							Brazil	DNS
3fb828cf-2f9a-4c80-9bf3-6857344866e9	99999	Priscilla Pereira Leao	F	F45-49	99999							Brazil	DNS
cddd8375-15cd-ef11-b8e8-6045bd018d16	99999	Guilherme Domingos	M	M25-29	99999							Brazil	DQ
5b2e49b6-61bd-4456-a3ff-3b4c41ae5d35	99999	Priscila Hana Takano	F	F30-34	99999							Brazil	DQ
69efe5d8-648e-ef11-ac21-6045bd048089	99999	caio wagman antunes da cruz	M	M18-24	99999							Brazil	DNS
21d1693d-de60-ef11-bfe3-00224808301f	99999	Luana Viana De Paula Cabral	F	F30-34	99999							Brazil	DNS
a2eb700d-3e79-f011-b4cc-000d3a5b50ba	99999	Rodrigo Rateiro Nicolau	M	M35-39	99999							Brazil	DNS
c2c944c5-f145-4d19-9656-d6a643440901	99999	Everton Pieri	M	M30-34	99999							Brazil	DNS
580d8b11-6791-4db9-86f4-7111b5aa3235	99999	Luiz Henrique Brenha De Camargo	M	M35-39	99999							Brazil	DNS
a2141e76-8528-4006-91ad-d263b7546b33	99999	RAFAEL ESTEVES DE ALMEIDA COSTA	M	M45-49	99999							Brazil	DNS
0627ff29-544d-40dd-912e-5936f3be30fa	99999	Rosenaldo De Jesus Santos	M	M50-54	99999							Brazil	DNS
87367af9-f0d8-4db5-9ca3-ccc842fa5119	99999	ADRIANO LOPES AVILA	M	M35-39	99999							Brazil	DNS
9be315c4-307e-43c1-8f76-b36bf7bfbd04	99999	Deive Rodrigues	M	M45-49	99999							Brazil	DNS
