ContactId	Overall_Rank	Name	Gender	Division	Div_Rank	Total_Time	Swim	T1	Bike	T2	Run	Country	Status
c6758da3-11b6-459e-a937-7ee897909938	1	Trent Thorpe	M	MPRO	1	3:42:33	0:22:44	0:01:28	2:02:34	0:01:22	1:14:26	New Zealand	
221803af-c282-4552-913f-da91c701c87e	2	Caleb Noble	M	MPRO	2	3:44:37	0:23:54	0:01:29	2:05:19	0:01:08	1:12:46	Australia	
44acf2fd-420f-4b8b-b9c9-4a5c77b6946a	3	Mitchell Kibby	M	MPRO	3	3:45:49	0:24:01	0:01:38	2:04:54	0:01:05	1:14:11	Australia	
624c97dd-b97e-4311-8f58-8fc974a54f59	4	Nicholas Free	M	MPRO	4	3:48:09	0:23:59	0:01:36	2:05:44	0:01:12	1:15:38	Australia	
5376c9bf-f269-4888-baed-cffb4e5df0e5	5	Ben Hamilton	M	MPRO	5	3:48:49	0:24:11	0:01:44	2:04:47	0:01:13	1:16:54	New Zealand	
e91fea18-a229-f111-88b3-000d3a5d2e24	6	John Fothergill		MPRO	6	3:49:04	0:24:04	0:01:30	2:07:05	0:01:17	1:15:07	Australia	
5ad79a6d-37dd-41c7-8635-a96963c36613	7	Mitchell Westhuizen	M	MPRO	7	3:50:07	0:23:50	0:01:29	2:06:53	0:01:09	1:16:47	South Africa	
75c07df9-a38b-f111-ab0f-6045bd026659	8	Monty Dixon	M	MPRO	8	3:50:56	0:24:41	0:01:32	2:10:17	0:01:32	1:12:55	Australia	
868da4ef-5f98-f111-b8dc-6045bd06566a	9	Kyle Tremayne	M	MPRO	9	3:51:37	0:26:28	0:01:37	2:04:54	0:01:34	1:17:03	Australia	
80ae6eff-302f-4e00-b8b6-2340b520f8b2	10	Toby Martin	M	M18-24	1	3:52:52	0:26:09	0:02:05	2:09:26	0:01:57	1:13:14	Australia	
d9e6515d-5f0b-41d5-9f19-9dee6a41514f	11	Kester Mcqueen	M	M25-29	1	3:53:13	0:27:06	0:02:06	2:06:17	0:01:10	1:16:34	South Africa	
f7cea319-e252-46e8-a141-7701013fcce9	12	Scott Harpham	M	MPRO	10	3:53:23	0:27:11	0:01:39	2:07:25	0:01:23	1:15:45	New Zealand	
4847fdc1-0e38-40c7-970a-3227d0fb61fd	13	Jacob Lipari	M	MPRO	11	3:54:00	0:26:18	0:01:35	2:06:01	0:01:22	1:18:45	Australia	
11b3b0b1-a501-4340-afaa-4d574d7ec6e1	14	Roland Crantock	M	MPRO	12	3:54:28	0:24:20	0:01:45	2:04:18	0:01:09	1:22:55	Australia	
3e2d5019-032a-4d0f-9226-f16f65b61971	15	Andrew Nash	M	MPRO	13	3:54:37	0:26:22	0:01:35	2:08:24	0:01:22	1:16:53	United Kingdom	
f4e244fd-1ef4-4b95-b583-468b81128fa9	16	Charlie Stern	M	MPRO	14	3:55:05	0:27:54	0:01:42	2:09:20	0:01:22	1:14:48	Australia	
66fdfd70-b894-ea11-a811-000d3a5a1bfb	17	Sam Askey-Doran	M	M18-24	2	3:56:22	0:22:25	0:01:41	2:03:43	0:02:01	1:26:34	Australia	
5afe25fe-7ca7-4c4d-ad16-c7b8a3dee8e2	18	Thomas Page	M	MPRO	15	3:56:56	0:29:32	0:01:54	2:05:19	0:00:56	1:19:14	Australia	
450ec0e5-d46f-4b75-ae69-8a8fdfe3a8b8	19	Brett Clifford	M	MPRO	16	3:57:21	0:26:21	0:01:29	2:08:28	0:01:16	1:19:46	New Zealand	
b2c6e434-f303-416c-bc77-54f770571521	20	Nathan Dortmann	M	MPRO	17	3:58:02	0:26:22	0:01:52	2:09:09	0:01:24	1:19:16	Australia	
d651bc85-697a-4188-b5bc-9c8e458fd17d	21	Ben Morgan	M	M18-24	3	3:58:31	0:28:42	0:01:50	2:03:25	0:01:39	1:22:55	Australia	
8e9f0daf-1536-f011-8c4e-000d3a3173b5	22	Xander Marsh	M	MPRO	18	3:58:39	0:23:58	0:01:40	2:04:51	0:01:16	1:26:55	New Zealand	
67b7d1b8-cd82-42d7-8deb-0e5ed8bcf8ca	23	Buddy Dempsey	M	M18-24	4	3:59:58	0:28:06	0:02:12	2:11:38	0:01:57	1:16:04	Australia	
e228ccf1-afbe-4545-bfd1-1ed80761c631	24	Oliver Laws	M	M30-34	1	4:00:04	0:29:07	0:02:10	2:08:10	0:01:26	1:19:11	United Kingdom	
6afc26f4-abad-4aa5-9e61-2347367296d7	25	Tom Humphreys	M	M18-24	5	4:00:29	0:27:10	0:02:47	2:10:19	0:01:47	1:18:27	Australia	
5d22c98c-8ed9-ee11-904d-6045bd07ae77	26	Josef Scott	M	M18-24	6	4:00:56	0:24:45	0:01:55	2:08:19	0:01:20	1:24:37	New Zealand	
7dea87eb-204c-4c79-bcef-84ad65501aee	27	Oliver Hobson	M	M25-29	2	4:01:37	0:25:11	0:02:14	2:15:21	0:01:23	1:17:29	United Kingdom	
9cd0cdcb-63bc-4a68-ab47-f66556d3824f	28	Ben Barby	M	M18-24	7	4:01:41	0:28:16	0:01:43	2:04:53	0:01:07	1:25:43	Australia	
80c9562f-9144-409d-bf36-00018cf4c4c5	29	Lachlan Haycock	M	MPRO	19	4:02:11	0:24:01	0:01:30	2:10:36	0:01:43	1:24:22	New Zealand	
14021f6e-18fa-48b5-b7c4-e6ef97948a1c	30	Ryan Pickup	M	M25-29	3	4:03:34	0:29:23	0:01:52	2:08:59	0:01:33	1:21:48	United Kingdom	
3e120dfa-129d-4d6e-9e59-0da8acdbc194	31	Clint Dow	M	M35-39	1	4:05:11	0:29:08	0:02:06	2:10:53	0:02:12	1:20:52	Australia	
9e450f34-9b78-f011-b4cb-000d3a5b7c3b	32	Charlie McSwain	M	M18-24	8	4:05:27	0:28:32	0:01:33	2:13:06	0:01:15	1:21:01	Australia	
ee8b41d0-3a59-44ca-b249-9085c332e308	33	Joel Humphrey	M	M18-24	9	4:05:28	0:24:45	0:01:23	2:14:30	0:01:27	1:23:24	Australia	
13114b13-25b6-4499-a88c-4582a59172a9	34	Hannah Berry	F	FPRO	1	4:05:33	0:24:59	0:01:36	2:14:39	0:01:26	1:22:53	New Zealand	
8217d4f2-cf7c-4134-ab39-6f1be105ee60	35	Hamish Longmuir	M	MPRO	20	4:06:06	0:24:02	0:01:34	2:11:49	0:02:04	1:26:37	Australia	
fb1a661b-b2c5-4223-a53f-2a9993a902f2	36	Luke Scott	M	M25-29	4	4:06:23	0:26:52	0:02:15	2:17:22	0:01:39	1:18:15	New Zealand	
fbf5734a-d893-ef11-8a6a-000d3a30152c	37	Jack Schouten	M	M18-24	10	4:06:56	0:29:42	0:03:44	2:07:50	0:01:18	1:24:22	Australia	
090523bc-18db-4d82-a097-e2206f922825	38	Dom Goodman	M	M25-29	5	4:07:24	0:28:26	0:02:47	2:10:18	0:01:33	1:24:21	Australia	
ea9d14d2-c32f-489c-86b0-43c287946cd1	39	Louis Nicolaou	M	MPRO	21	4:07:43	0:30:22	0:01:52	2:14:16	0:01:37	1:19:35	Australia	
9c2d66dd-7efd-48c7-abbf-b12735efe0e9	40	Mark Oakshott	M	M45-49	1	4:08:15	0:32:00	0:01:48	2:11:55	0:01:12	1:21:19	Australia	
292a158d-6e4b-4477-80cf-917bcf02eec6	41	Michael Entwhistle	M	M35-39	2	4:09:16	0:25:53	0:02:54	2:11:31	0:02:12	1:26:46	Aruba	
39aa7c63-0bbb-4892-8b04-5fc83da1f9f7	42	Jay Field	M	M30-34	2	4:09:25	0:30:11	0:02:25	2:13:46	0:01:21	1:21:43	Australia	
fe45ee04-94e0-4c3b-a6b7-bd6ad76e0340	43	Sam Grasso	M	M30-34	3	4:09:48	0:30:15	0:02:02	2:11:46	0:01:55	1:23:51	Australia	
a4659ecd-c03a-ef11-8409-000d3a367177	44	Mitchell Nasser	M	M30-34	4	4:10:03	0:32:09	0:02:22	2:09:07	0:01:49	1:24:35	Australia	
47c13c9a-e3a3-4013-afc9-db37f09dd5b9	45	Ty Hartwell	M	M25-29	6	4:10:32	0:23:10	0:02:53	2:21:04	0:01:40	1:21:46	Australia	
e5ba5d63-f03c-f011-b4cc-000d3a3173b5	46	harley Simon	M	M18-24	11	4:10:51	0:35:13	0:02:34	2:11:36	0:01:21	1:20:06	Australia	
0e879fef-6c68-4e52-baf7-4ec8239c895a	47	Jack Ryan	M	M18-24	12	4:11:01	0:30:02	0:02:15	2:16:01	0:01:35	1:21:09	New Zealand	
27cb39b4-0be6-40fe-8bfc-d897678db359	48	Aaron Kiss	M	MPRO	22	4:11:09	0:25:15	0:01:29	2:21:37	0:01:34	1:21:15	Singapore	
0d86a8bf-c667-f111-a826-002248046ec8	49	Elias Stott	M	M18-24	13	4:11:18	0:28:27	0:01:48	2:17:06	0:01:43	1:22:13	Australia	
2f8f2ba3-3ff1-ee11-904b-6045bd07b725	50	Alex Coe	M	M30-34	5	4:11:20	0:29:47	0:01:59	2:14:32	0:01:14	1:23:49	Australia	
e5fb9385-6bb8-423b-88cb-3203814b3d93	51	Cody Williamson	M	M25-29	7	4:11:46	0:29:24	0:02:23	2:22:00	0:01:59	1:16:00	Australia	
4453dfb3-1efd-4ca1-b477-295dfe19a6fe	52	Glenn Strutt	M	M30-34	6	4:12:16	0:26:52	0:01:49	2:19:33	0:01:47	1:22:16	Australia	
57954248-49a9-4546-ab3e-cdacbb80d229	53	Sebastian Tebbe	M	M30-34	7	4:12:21	0:25:21	0:01:41	2:14:01	0:01:21	1:29:57	Australia	
169b4f60-0dea-4407-8388-d320dd3773b3	54	Cameron Torpy	M	M18-24	14	4:12:30	0:30:34	0:02:29	2:09:11	0:01:32	1:28:44	Australia	
314ea24b-2d15-f011-998a-6045bd09951e	55	Jack Dalgleish	M	M25-29	8	4:12:34	0:31:50	0:02:04	2:16:47	0:01:34	1:20:19	Australia	
0b8eacd5-ff20-f111-8341-000d3a5c011d	56	Jaxon Taylor		M25-29	9	4:13:17	0:26:50	0:02:18	2:19:21	0:01:55	1:22:53	New Zealand	
c9e91d2f-ddf9-f011-8406-0022480994c2	57	Emily Watts	F	FPRO	2	4:13:20	0:29:52	0:01:54	2:15:00	0:01:07	1:25:28	Australia	
ea9663cc-be1d-4690-9375-8f6210368bc1	58	Tom MacRury	M	M30-34	8	4:13:24	0:28:54	0:02:26	2:15:38	0:02:12	1:24:14	New Zealand	
b7ba1095-691c-44a1-a472-9c76605ebd7a	59	Aiden Cuff	M	M35-39	3	4:13:25	0:29:05	0:02:18	2:14:32	0:01:31	1:25:59	Australia	
198ba25b-3cd5-45d8-97ae-11ecbe186ffa	60	Dan Hayman	M	M18-24	15	4:13:27	0:28:46	0:02:52	2:15:09	0:02:09	1:24:31	New Zealand	
ab98c7cd-ea37-4b17-97da-52c643bbd658	61	Jacob Mckie	M	MPRO	23	4:13:28	0:24:34	0:01:29	2:19:36	0:01:33	1:26:16	Australia	
58a532e3-5736-4e18-89d6-8852eedcee60	62	Kieran Colahan	M	M30-34	9	4:13:39	0:27:54	0:02:05	2:15:53	0:01:47	1:25:59	Australia	
01d1eb35-51e8-49d9-983d-8eb81a7759d7	63	David Zaharakis	M	M35-39	4	4:13:39	0:29:23	0:02:01	2:16:58	0:01:57	1:23:20	Australia	
b22261ad-c607-4e6b-b735-511d960a6a11	64	John Hughes	M	M55-59	1	4:13:39	0:33:45	0:02:29	2:10:44	0:01:59	1:24:42	Australia	
806a6b66-4360-42e7-93d8-bd35506b3c48	65	Kyal Atkinson	M	M25-29	10	4:13:44	0:34:00	0:02:24	2:14:08	0:01:36	1:21:37	Australia	
00ff5d82-8c41-45bf-b2c1-d3b382f43454	66	Keanu Staader	M	M18-24	16	4:13:49	0:32:10	0:02:26	2:19:47	0:01:16	1:18:10	Australia	
9293e9a5-297e-f011-b4cc-6045bd05fcc1	67	Luke Sanderson	M	M18-24	17	4:14:05	0:28:05	0:02:11	2:15:50	0:01:33	1:26:26	Australia	
abc2984d-341e-4366-8a47-01a31812abe7	68	Phoebe Kelly	F	F30-34	1	4:14:11	0:28:38	0:02:26	2:16:35	0:02:00	1:24:32	Australia	
0b28a872-38bc-42f9-baa3-325b46d17070	69	David WASHBROOK	M	M45-49	2	4:14:41	0:27:58	0:01:54	2:15:52	0:02:02	1:26:55	United Kingdom	
863c2c39-905c-4958-85ba-7a086d04b17a	70	Mitch Baker	M	M35-39	5	4:15:08	0:28:48	0:02:19	2:15:31	0:01:54	1:26:37	Australia	
a03fee31-7c42-4abb-9bee-beeabc1aadec	71	Kai Greven	M	M18-24	18	4:15:23	0:28:42	0:02:44	2:15:21	0:01:13	1:27:23	Australia	
adeeb197-4ddc-4366-bad2-b321a8b51644	72	Matthew Stirling	M	M25-29	11	4:15:40	0:31:24	0:02:23	2:15:08	0:01:49	1:24:56	Australia	
ceace888-23a1-4342-901e-6c66af428463	73	Charlotte McShane	F	FPRO	3	4:15:55	0:25:57	0:01:59	2:21:18	0:01:25	1:25:17	Australia	
0b59e1e5-0f77-4333-a9ab-a0d31f0be0e2	74	Dimos Yannarakis	M	M18-24	19	4:15:56	0:34:41	0:02:14	2:22:08	0:01:16	1:15:36	Australia	
9aa58527-4d5c-4457-a0d4-8b13fd739619	75	Jake Townsend	M	M45-49	3	4:16:04	0:30:03	0:02:28	2:18:47	0:02:00	1:22:46	Australia	
34593812-98d1-ec11-a7b5-000d3a34eb75	76	David Wallace	M	M40-44	1	4:16:11	0:29:21	0:02:38	2:20:41	0:01:46	1:21:46	Australia	
07482408-80e5-ed11-a7c7-000d3a314329	77	Matthew Gibson	M	M35-39	6	4:16:13	0:30:20	0:02:25	2:12:29	0:02:02	1:28:56	Australia	
d63551aa-800f-402c-b166-2424a64b75ab	78	Angus Waddell	M	M18-24	20	4:17:34	0:26:21	0:01:38	2:19:59	0:01:32	1:28:04	Australia	
5fcff914-f5f0-468d-9d03-17b36f5e1570	79	Lewis Capellari	M	M25-29	12	4:18:09	0:28:51	0:02:21	2:15:43	0:02:14	1:29:00	Australia	
86ca6675-df95-4691-9fd8-82397daddc1f	80	Matt Sloan	M	M45-49	4	4:18:16	0:30:25	0:02:00	2:14:46	0:01:33	1:29:32	Australia	
6e940b4a-f9f1-4a3b-8b68-0ff16febd3da	81	Paddy Mayne	M	M30-34	10	4:18:18	0:31:51	0:02:01	2:19:02	0:01:36	1:23:47	Australia	
03aeb161-46dc-47d0-b629-6202625891ca	82	Caitlin Cronin	F	F30-34	2	4:18:18	0:26:36	0:01:59	2:18:01	0:02:07	1:29:36	Australia	
bbe867f5-2b9f-f011-b41c-000d3a35ffc1	83	Luka Warlters	M	M18-24	21	4:18:31	0:28:20	0:02:21	2:21:12	0:02:19	1:24:19	Australia	
9ab0146f-bc57-460f-8034-f8e1f54230cc	84	Rebecca Clarke	F	FPRO	4	4:18:56	0:24:57	0:01:34	2:21:06	0:01:48	1:29:30	New Zealand	
d66897b7-bde5-4767-a5ab-04c208e495e7	85	Juan Pablo Ibanez	M	M40-44	2	4:19:07	0:34:45	0:03:03	2:19:28	0:02:06	1:19:44	Argentina	
941f9a9e-b621-4059-a77d-46beb9da9c10	86	David Walsh	M	M45-49	5	4:19:41	0:32:01	0:02:20	2:16:46	0:01:56	1:26:37	Australia	
8afc8eac-c0be-4929-87f2-0d1de2141afb	87	Iain Miller	M	M35-39	7	4:20:07	0:28:51	0:02:26	2:15:53	0:01:35	1:31:23	Australia	
48457dc2-6307-eb11-a813-000d3a5a1bfb	88	Tom HANSEN	M	M30-34	11	4:21:09	0:30:01	0:02:50	2:14:33	0:02:33	1:31:12	Australia	
3ac5a2cc-9101-42e3-96d6-6a0209c67051	89	Laura Gillard	F	FPRO	5	4:21:27	0:27:59	0:01:49	2:25:56	0:01:38	1:24:05	Australia	
e54f02e1-00b8-4be9-9750-5de28d3db74e	90	Callum Millward	M	M40-44	3	4:21:36	0:27:29	0:02:05	2:16:11	0:01:58	1:33:53	Australia	
ec824210-5192-4f37-b111-4f593668a5a4	91	Jarrod Campbell	M	M30-34	12	4:21:56	0:29:16	0:02:17	2:21:01	0:02:17	1:27:05	Australia	
f3661231-dd07-4ee8-8ea7-23e19ac7be4b	92	Max Hoonhout	M	M25-29	13	4:21:58	0:32:11	0:02:18	2:12:49	0:01:16	1:33:24	New Zealand	
6b58d560-c8fb-4745-a31f-c590d13a528e	93	Sam Doggett	M	M35-39	8	4:22:00	0:33:06	0:02:49	2:14:18	0:01:55	1:29:52	Australia	
f01cbff4-bc12-47fc-8b61-b735f11df27a	94	Trent Dawson	M	M45-49	6	4:22:25	0:29:37	0:01:59	2:14:25	0:01:56	1:34:28	Australia	
9468f846-caa5-42a7-a318-e1a48bd6a044	95	Sean Richardson	M	M40-44	4	4:22:35	0:30:30	0:02:57	2:18:12	0:01:47	1:29:11	Australia	
0362c118-3d2b-457a-9735-dde9f5d743fe	96	Dylan Davey	M	M25-29	14	4:22:44	0:28:09	0:02:26	2:17:23	0:01:50	1:32:57	Australia	
ce02bc0c-c2b4-4ab9-88e4-3607d9f94c92	97	Jasmine Brown	F	FPRO	6	4:22:57	0:26:00	0:01:44	2:21:09	0:01:39	1:32:25	Australia	
11889acb-af68-4e35-bfe1-7c35da5b9dd8	98	Adam Jeffries	M	M30-34	13	4:23:11	0:28:24	0:02:46	2:15:12	0:01:58	1:34:51	Australia	
ed4a8313-abd4-f011-8543-6045bd05fcc1	99	Alex Forbes	M	M30-34	14	4:23:13	0:32:46	0:03:00	2:22:34	0:01:42	1:23:11	Australia	
ae95eee2-ad12-f011-998a-6045bd09951e	100	Sam Pearce	M	M25-29	15	4:23:28	0:35:11	0:03:13	2:17:04	0:02:22	1:25:38	New Zealand	
cc4d18ca-9880-f011-b4cc-000d3a35ffc1	101	George Nield	M	M25-29	16	4:23:35	0:30:25	0:03:46	2:11:21	0:01:38	1:36:25	Australia	
a21195f9-0406-ef11-9f89-6045bd012ace	102	Oliver Wilkinson	M	M25-29	17	4:23:35	0:29:59	0:02:40	2:16:25	0:02:27	1:32:04	Australia	
289fbeeb-bdcf-ef11-b8e8-6045bd088264	103	Connor Branson	M	M18-24	22	4:24:08	0:32:02	0:02:10	2:18:44	0:01:53	1:29:19	Australia	
cf32225f-a3c7-41c8-bff2-989ea3f72b40	104	Bailey Skeates	M	M18-24	23	4:24:55	0:31:06	0:02:25	2:20:44	0:02:17	1:28:22	Australia	
d77bc1aa-d1f2-4ca4-8278-27b4228e4c40	105	Tobias Chappill	M	M25-29	18	4:24:55	0:33:02	0:02:25	2:23:06	0:01:12	1:25:10	Australia	
36565cbd-b0c3-415f-838e-4c60d9c0130a	106	Andrew Murray	M	M30-34	15	4:25:22	0:30:01	0:03:19	2:20:00	0:02:30	1:29:32	South Africa	
ec80e335-f820-48bd-93e8-b9d0b7699d5f	107	Chantelle Mccarthy	F	F18-24	1	4:25:25	0:30:21	0:02:52	2:22:11	0:01:42	1:28:20	Australia	
610e3faf-8666-40fd-8b71-55db80adc4fa	108	Penny Slater	F	FPRO	7	4:25:50	0:28:23	0:02:02	2:18:34	0:01:25	1:35:26	Australia	
b3b21127-9224-4a23-ab5d-644fc8a30e22	109	Sean Bell	M	M35-39	9	4:26:05	0:25:03	0:02:05	2:21:26	0:01:53	1:35:37	Canada	
baad64b2-d568-43c4-81c4-00e39fbf2be8	110	Brenden WHEELER	M	M30-34	16	4:26:45	0:31:48	0:02:35	2:25:26	0:02:30	1:24:25	Australia	
d4d6d4ca-d0cd-f011-bbd2-000d3a5b5fc7	111	Tim Duncan	M	M18-24	24	4:26:50	0:30:22	0:03:41	2:11:47	0:02:13	1:38:47	Australia	
58216d1e-2393-ea11-a811-000d3a5a1cf8	112	Samuel Waring	M	M18-24	25	4:26:59	0:30:40	0:02:24	2:26:37	0:02:27	1:24:50	Australia	
1ef50cfb-efdd-422c-aa3b-f89303606819	113	Luis Di Iorio	M	M18-24	26	4:27:01	0:29:24	0:02:50	2:23:07	0:01:46	1:29:54	Australia	
9047dad4-9b0f-f111-8406-6045bd06566a	114	Josh Lewis	M	M18-24	27	4:27:01	0:33:23	0:02:58	2:23:26	0:02:11	1:25:04	Australia	
1bf01ff6-76d4-f011-8543-000d3a3243ae	115	Kyle Jackson	M	M18-24	28	4:27:02	0:28:00	0:02:12	2:21:59	0:02:15	1:32:36	Australia	
14197448-445c-f011-bec2-000d3a5cf7d8	116	Jordan Stubbs	M	M30-34	17	4:27:08	0:30:16	0:02:14	2:25:16	0:01:31	1:27:51	New Zealand	
123e32c0-b3da-4ce8-83e9-2078390d1b06	117	Liam Bird	M	M25-29	19	4:27:40	0:27:56	0:01:45	2:25:04	0:01:16	1:31:39	New Zealand	
ce5d55f3-b8b4-428c-a7fe-feaed7e3f486	118	Sam Millen	M	M30-34	18	4:27:42	0:32:56	0:02:39	2:21:15	0:01:48	1:29:04	Ireland	
5db118a7-2177-f011-b4cb-000d3a5b7c3b	119	Samuel Hewitt	M	M25-29	20	4:27:43	0:31:34	0:02:10	2:19:01	0:01:27	1:33:31	New Zealand	
dd0b4c58-583a-4865-8c61-8104558c6f42	120	Kate Moyle	F	F25-29	1	4:27:46	0:31:23	0:02:22	2:23:24	0:01:35	1:29:02	New Zealand	
dfa17fed-c5d0-f011-bbd3-6045bd05fcc1	121	Kobe Hunter	M	M18-24	29	4:28:01	0:31:41	0:03:13	2:20:16	0:01:56	1:30:55	Australia	
00809b1b-8a4a-43a0-9521-838f12728fe5	122	Jesus Gomez	M	M40-44	5	4:28:12	0:29:22	0:02:41	2:23:14	0:01:57	1:30:56	Venezuela	
aa64b540-e132-4aeb-9057-59760fc28c4e	123	Shamus Armstrong	M	M40-44	6	4:28:16	0:28:57	0:02:42	2:23:51	0:01:59	1:30:47	Australia	
8f2831ac-972a-498f-9388-775d9c34a9b4	124	Marcus Geoghegan	M	M30-34	19	4:28:25	0:28:55	0:03:25	2:12:53	0:01:43	1:41:29	Australia	
8c4db382-289f-47d2-a74c-64919e890654	125	Toby Duesbury	M	M18-24	30	4:28:30	0:28:32	0:02:23	2:27:07	0:01:31	1:28:56	Australia	
996245ec-f713-436e-a475-383775e8f3f1	126	Josh Margetts	M	M30-34	20	4:28:38	0:32:23	0:02:53	2:24:44	0:01:47	1:26:52	New Zealand	
f9133887-1986-ef11-ac21-000d3a338a3c	127	sebastian aguilera	M	M18-24	31	4:28:39	0:30:36	0:02:30	2:27:22	0:01:32	1:26:39	Australia	
25752de8-647a-f111-ab0e-70a8a5b068e9	128	Leo Worsam		M18-24	32	4:28:58	0:28:38	0:01:52	2:16:41	0:01:38	1:40:08	Australia	
05b34132-d7ae-466f-ae38-3e0d95dde267	129	Nicolas Barbalan	M	M35-39	10	4:28:59	0:30:18	0:02:44	2:21:38	0:02:02	1:32:17	Argentina	
eb213839-2eeb-4b51-a9a0-41986afeb621	130	Ryan Duff	M	M35-39	11	4:29:07	0:32:02	0:01:57	2:24:03	0:01:26	1:29:39	Australia	
59339fea-9b97-f011-b4cc-000d3a35ffc1	131	Jack Mccudden	M	M30-34	21	4:29:09	0:30:38	0:02:32	2:25:23	0:01:42	1:28:55	Australia	
1228e452-9d8b-ef11-ac21-002248049fdc	132	Conner Mccormick	M	M18-24	33	4:29:14	0:30:08	0:02:55	2:29:03	0:01:53	1:25:15	Australia	
59f5370e-2df5-4e6b-8364-8e01b9718790	133	Demi Birch	F	FPRO	8	4:29:45	0:25:54	0:01:40	2:21:39	0:01:23	1:39:09	Australia	
c12646d3-1202-403b-a3e5-462e21b5928a	134	Raymond Whittington	M	M35-39	12	4:29:49	0:33:05	0:03:53	2:15:45	0:01:52	1:35:13	Australia	
c64c9c4b-fbc8-4150-b14e-40efc7c40043	135	Luke Guinane	M	M30-34	22	4:29:49	0:32:15	0:02:31	2:19:16	0:02:04	1:33:43	Australia	
06d39bc4-d4e8-4871-893b-278ae64ef1da	136	Matthew Thompson	M	M40-44	7	4:29:51	0:34:04	0:02:26	2:21:30	0:02:33	1:29:17	Australia	
31e3b890-8abb-f011-bbd3-000d3a5b50ba	137	Ian Edmond	M	M55-59	2	4:29:53	0:32:11	0:01:55	2:24:21	0:01:42	1:29:44	New Zealand	
877a3897-d0b7-f011-bbd3-000d3a3173b5	138	Bailey Knowles	M	M25-29	21	4:30:09	0:32:20	0:02:38	2:20:49	0:01:23	1:33:01	Australia	
94d8fb9f-0094-4959-b50c-b572ce638735	139	Cheng-Hsun Lu	M	M25-29	22	4:30:34	0:31:25	0:04:01	2:23:02	0:01:57	1:30:08	Taiwan	
294e5ac4-8f60-455f-b7af-9d5009ebc0c3	140	Elias Broome	M	M18-24	34	4:31:03	0:32:48	0:01:58	2:22:09	0:01:51	1:32:18	Australia	
0fe708a0-3133-48f9-bac6-be3dad180b0e	141	Oyoung Kwon	M	M40-44	8	4:31:04	0:35:17	0:02:35	2:24:00	0:02:11	1:27:02	Australia	
9e4cbf28-e60f-4a3a-811a-41afb58426af	142	Jack Irving	M	M25-29	23	4:31:09	0:32:35	0:03:28	2:20:29	0:02:55	1:31:42	Australia	
5f06de5c-e4df-f011-8544-000d3a3173b5	143	Matt Sherman	M	M30-34	23	4:31:10	0:31:31	0:02:13	2:18:32	0:01:59	1:36:56	Australia	
5c8a7cb6-f4a3-ef11-8a6a-000d3a5a1803	144	Cheyne Mitchell	M	M40-44	9	4:31:43	0:26:53	0:02:46	2:27:36	0:02:03	1:32:25	Australia	
285c6577-7708-4184-b1e2-586274de9ce7	145	David Crellin	M	M50-54	1	4:31:46	0:29:25	0:02:10	2:23:14	0:01:50	1:35:08	Australia	
66224b98-2e2b-f011-8c4c-000d3a5b7c3b	146	Harrison Muller	M	M30-34	24	4:31:47	0:34:28	0:03:07	2:16:07	0:02:08	1:35:58	Australia	
561f418b-5f08-4c29-ab5c-e9a395e5cd48	147	Daniel Kiriakidis	M	M40-44	10	4:31:51	0:29:58	0:02:41	2:25:01	0:02:14	1:31:58	Australia	
c0f64020-8ad0-f011-bbd3-6045bd09951e	148	OLIVER ARNOLD	M	M18-24	35	4:31:58	0:35:12	0:02:39	2:22:56	0:01:59	1:29:12	Australia	
81ac3037-63b1-456e-9594-9ce2d82b3ae0	149	Vincenzo Zofrea	M	M55-59	3	4:32:13	0:30:28	0:02:50	2:22:26	0:01:54	1:34:35	Australia	
472629cc-510c-4e13-9a02-94e70e968207	150	Caleb Kriedemann	M	M25-29	24	4:32:19	0:30:14	0:02:48	2:28:19	0:01:15	1:29:43	Australia	
d9aa6578-ee3c-4155-939c-b4e4e16f2143	151	Peter Brozicevich	M	M50-54	2	4:32:31	0:28:54	0:02:12	2:22:57	0:02:05	1:36:23	Australia	
57ab354a-4517-4ef0-9d6f-7347380d00c3	152	Claire Rendall	F	F25-29	2	4:32:39	0:28:46	0:02:30	2:27:08	0:01:32	1:32:43	United Kingdom	
5ba07a28-31ec-40f5-8a41-b9d9e24178f3	153	Mark Stone	M	M40-44	11	4:32:45	0:31:25	0:03:34	2:18:42	0:02:29	1:36:35	Australia	
f133c0f3-034d-48d4-98ac-457ce91da762	154	Jackson Schofield	M	M18-24	36	4:33:04	0:27:29	0:02:16	2:18:26	0:01:26	1:43:26	New Zealand	
9ca9ad4f-8f76-44f5-9ee3-07e0952a12ec	155	Emily Donker	F	FPRO	9	4:33:08	0:29:40	0:01:48	2:27:20	0:01:33	1:32:46	Australia	
03239bbf-def9-4bc8-a9f1-416428405878	156	Alex Reznik	M	M50-54	3	4:33:20	0:30:57	0:02:22	2:22:27	0:02:10	1:35:23	Australia	
13b56cb6-27cc-4146-835d-2b0b724e6f15	157	Jason Culton	M	M55-59	4	4:33:27	0:29:49	0:01:52	2:23:12	0:02:41	1:35:53	Australia	
6bab0d38-c078-431a-a588-fb9ba32c87c8	158	Ruben Kriel	M	M25-29	25	4:33:27	0:34:43	0:03:09	2:23:29	0:01:18	1:30:48	Australia	
089a6fc6-1111-ef11-9f8a-000d3a314c24	159	James Goodman	M	M25-29	26	4:33:43	0:30:21	0:03:30	2:20:33	0:02:32	1:36:47	Australia	
582fe433-5cc8-4cc8-a27e-3edfd4ce02d8	160	Bella Murdoch	F	F25-29	3	4:34:03	0:34:29	0:02:22	2:28:27	0:02:11	1:26:34	Australia	
6eaca05b-e06a-f111-a826-002248081bd6	161	Olie Huf	M	M18-24	37	4:34:16	0:33:38	0:02:50	2:29:37	0:01:36	1:26:34	Australia	
4ca9da77-261d-40ea-b8e2-103ca5c538d5	162	Mac Sykes	M	M30-34	25	4:34:19	0:32:58	0:03:05	2:25:05	0:02:11	1:31:01	New Zealand	
dee7cd27-b9c0-4f0a-9467-24f9271def03	163	Shane Amarasinghe	M	M25-29	27	4:34:19	0:33:53	0:02:07	2:26:42	0:02:05	1:29:33	Sri Lanka	
65414b3e-01d9-42b9-bc92-e243a9be32dc	164	Ethan Cook	M	M18-24	38	4:34:22	0:29:51	0:02:32	2:26:21	0:01:31	1:34:08	Australia	
a691060c-192b-4fd9-b6f7-395ca5f2a948	165	Michael Gardiner	M	M40-44	12	4:34:25	0:29:38	0:03:08	2:28:24	0:02:01	1:31:15	Australia	
0687455d-4f5f-4297-9b50-94f0d0bfb99c	166	Kyle Booth	M	M30-34	26	4:34:40	0:28:58	0:02:32	2:21:32	0:02:44	1:38:55	Australia	
82fb0326-02e1-4937-be20-bf6b6e55d0f7	167	Reuben Houghton	M	M25-29	28	4:34:43	0:32:21	0:04:03	2:20:43	0:02:01	1:35:34	New Zealand	
dab9d4c0-0113-4be0-bba4-680024c0e1d0	168	Charlie Turner	M	M18-24	39	4:35:00	0:30:34	0:01:58	2:22:04	0:01:37	1:38:47	Australia	
0b67bc78-1878-44be-8f32-d6aea42626a1	169	Darren Farlow	M	M55-59	5	4:35:04	0:31:02	0:02:35	2:31:06	0:02:19	1:28:03	Australia	
354f1317-f9ec-4055-b9d2-48f3adfa035c	170	Declan Prain	M	M18-24	40	4:35:06	0:27:38	0:01:34	2:23:38	0:01:36	1:40:41	Australia	
4ca9e84f-78cb-43f8-ac84-88191cd51ed6	171	Jay Tolhurst	M	M45-49	7	4:35:10	0:34:52	0:04:17	2:19:06	0:01:49	1:35:06	Australia	
1f45bf48-5fb1-4169-b0b3-19bed4e2c18f	172	Ryan Mason	M	M40-44	13	4:35:32	0:25:09	0:02:28	2:21:01	0:02:22	1:44:32	Australia	
ef28300f-d4d8-4c17-89f3-b77025460f62	173	Chris Pike	M	M40-44	14	4:35:52	0:32:40	0:02:32	2:19:52	0:02:05	1:38:43	Australia	
ddff583b-cd22-41ac-a14c-91f6a6eaa667	174	Alex Dodds	M	M30-34	27	4:36:04	0:31:16	0:02:24	2:24:20	0:02:52	1:35:12	New Zealand	
7f485e51-a13b-f011-b4cb-002248098cfa	175	Emily Kluge	F	F30-34	3	4:36:13	0:33:13	0:02:44	2:22:52	0:02:17	1:35:08	Australia	
b9859741-e8de-4dd8-8b66-8034432ce30a	176	Andy Disley	M	M50-54	4	4:37:15	0:30:54	0:02:19	2:26:31	0:01:58	1:35:33	United Kingdom	
e5d5125a-d17f-468d-9304-0606ca9ab8c3	177	Esmee Broekhuizen	F	F25-29	4	4:37:20	0:33:14	0:02:45	2:32:04	0:02:01	1:27:16	Netherlands	
0675f94f-a228-f111-8341-002248046451	178	Conor Mceldowney	M	M25-29	29	4:37:26	0:31:37	0:03:04	2:32:04	0:03:47	1:26:53	New Zealand	
b907e700-1d42-4619-8755-8ed4e5d2c5fd	179	Greg Stirton	M	M35-39	13	4:37:43	0:35:06	0:02:26	2:26:38	0:02:07	1:31:27	Australia	
aff8efd5-2a9f-f011-b41c-6045bd05f634	180	Robert Whittlesey	M	M35-39	14	4:38:08	0:34:13	0:02:33	2:27:02	0:02:02	1:32:18	Australia	
d5995767-604b-414f-b140-7d856350ecd3	181	Joel Gauci	M	M25-29	30	4:38:10	0:32:56	0:02:41	2:32:09	0:01:21	1:29:03	Australia	
6d08fa34-df86-4f0a-a541-76ab81e57e66	182	Daniel Spatny	M	M40-44	15	4:38:11	0:29:42	0:02:39	2:25:46	0:02:06	1:37:57	Australia	
0035de00-c902-f011-bae2-000d3a5cf7d8	183	Riley Tully	M	M25-29	31	4:38:19	0:35:48	0:02:53	2:26:05	0:01:38	1:31:56	Australia	
d0596c9c-fa27-4a8c-8bee-d9d7fd3775ba	184	David Hughes	M	M45-49	8	4:38:20	0:34:25	0:02:43	2:21:01	0:02:17	1:37:52	Australia	
ece08c45-3f4e-4c1c-8b49-b9df69e8c580	185	Keith Handbury	M	M45-49	9	4:38:36	0:32:56	0:03:07	2:20:54	0:01:27	1:40:12	Australia	
19fd69e1-fb00-47e6-93e6-31470e583128	186	Sebastian Royer	M	M35-39	15	4:38:41	0:34:58	0:05:26	2:21:57	0:02:08	1:34:13	Australia	
06c65ba7-fc1d-4d9a-9fad-2ff2262a7f94	187	Eric Hoeger	M	M40-44	16	4:38:51	0:32:59	0:03:44	2:21:30	0:01:49	1:38:49	Australia	
4ea69ba7-8481-46fc-a736-557626f75dc2	188	Lucas Parkinson	M	M45-49	10	4:38:51	0:35:01	0:02:35	2:22:11	0:02:56	1:36:09	Australia	
8152b7ae-beb1-48a5-8e7b-d771a5bf946b	189	Sam Hughes	M	M35-39	16	4:38:57	0:35:19	0:03:02	2:20:48	0:02:44	1:37:03	Australia	
79336aa3-7534-f111-88b4-0022480b84a3	190	Morgan Bower	M	M30-34	28	4:39:00	0:37:25	0:03:14	2:28:25	0:03:18	1:26:38	United Kingdom	
23ef970a-3c29-40e4-b118-7403da13bbf0	191	Tamika Baynes	F	F25-29	5	4:39:04	0:29:46	0:02:07	2:36:14	0:01:50	1:29:06	Australia	
5bdb3104-550f-f011-9988-000d3a35ffc1	192	Ryan Hoffman	M	M18-24	41	4:39:09	0:35:46	0:02:57	2:26:26	0:02:07	1:31:54	Australia	
435ee319-5ca2-413d-a57f-cd00d5cda821	193	Agostino Zurzolo	M	M35-39	17	4:39:31	0:37:18	0:04:00	2:31:11	0:02:12	1:24:49	Australia	
02744ef3-1cf6-4f37-8fda-881f21442612	194	George Mason	M	M35-39	18	4:39:38	0:33:51	0:03:18	2:25:07	0:02:08	1:35:14	Australia	
8a9b198e-67fd-f011-8406-6045bd06566a	195	Jack Pergoliti	M	M18-24	42	4:40:09	0:32:10	0:02:54	2:25:45	0:02:04	1:37:15	Australia	
46da8b16-dce0-43f7-a474-1fa3b9281c05	196	Philipp Kloeber	M	M40-44	17	4:40:20	0:31:36	0:02:54	2:24:20	0:02:51	1:38:40	Singapore	
853d2b60-5981-4d90-a037-1aedd7b486d2	197	Cameron Hanckel	M	M30-34	29	4:40:31	0:37:51	0:02:44	2:21:43	0:02:35	1:35:38	Australia	
2b22182b-d71e-47a5-b50e-c66d932cd73c	198	Gareth Butler	M	M40-44	18	4:40:44	0:31:50	0:01:53	2:23:02	0:01:30	1:42:29	Australia	
a9038885-e2a4-412d-b9ba-238de6f9f187	199	Sam Coupland	M	M25-29	32	4:40:50	0:30:28	0:02:49	2:29:16	0:02:06	1:36:11	New Zealand	
971fce95-6b1c-4a1b-bd3e-28f8b25c0821	200	Mark Pacey	M	M55-59	6	4:40:58	0:30:48	0:03:42	2:27:53	0:02:21	1:36:14	Australia	
49e1c123-6eb7-4763-b6e0-833f496bc2b2	201	Louis Cottle	M	M30-34	30	4:41:18	0:29:39	0:02:45	2:31:42	0:01:56	1:35:16	New Zealand	
21464140-14db-f011-8544-000d3a35ffc1	202	Josh Missen	M	M30-34	31	4:41:26	0:35:43	0:03:35	2:28:22	0:01:48	1:31:58	Australia	
439a6b96-d6e3-f011-8543-6045bd05fcc1	203	Matthew Clements	M	M25-29	33	4:41:27	0:30:44	0:02:18	2:27:27	0:02:28	1:38:30	Australia	
db3f0bb8-42cf-f011-bbd3-6045bd05fcc1	204	Lucas Kent	M	M18-24	43	4:41:43	0:27:03	0:02:25	2:32:36	0:03:10	1:36:29	Australia	
91d679bf-40f6-479b-8f57-c3e8706aa6a2	205	Danielle Donaldson	F	FPRO	10	4:41:55	0:27:20	0:01:46	2:34:32	0:01:43	1:36:34	New Zealand	
7ea80e23-4fc9-ef11-b8e8-6045bd088264	206	Riley Gardner	M	M25-29	34	4:42:05	0:33:59	0:02:29	2:25:11	0:01:41	1:38:45	Australia	
4743b41d-242e-f111-88b3-0022480b88da	207	Nick Garrido	M	M50-54	5	4:42:16	0:35:46	0:02:36	2:30:07	0:02:38	1:31:09	Spain	
faea3534-0220-ef11-840b-002248044460	208	Anthony Cunningham	M	M25-29	35	4:42:18	0:34:16	0:02:20	2:28:14	0:02:00	1:35:28	Philippines	
d80d37bc-1003-4cb3-a670-36088ae06365	209	Farrah Symes	F	F18-24	2	4:42:23	0:31:03	0:01:59	2:34:02	0:02:08	1:33:12	Australia	
0cbd11ad-0575-4682-95f5-4565a09eaac6	210	Cam Williams	M	M30-34	32	4:42:24	0:34:21	0:03:15	2:25:01	0:02:00	1:37:46	Australia	
5272d989-4f93-45d6-b8a1-37434b900337	211	Tom Bland	M	M45-49	11	4:42:29	0:35:08	0:02:17	2:32:25	0:01:47	1:30:52	New Zealand	
5a41c42d-655b-4f58-9af2-f6b5dceae91d	212	Karzan Karim	M	M30-34	33	4:42:31	0:31:38	0:02:53	2:26:04	0:02:12	1:39:44	Iraq	
0114b0c6-ebfc-f011-8406-6045bd06566a	213	Noah Dalmau	M	M18-24	44	4:42:36	0:35:25	0:02:55	2:30:46	0:01:48	1:31:41	Australia	
8f585179-4b8c-f011-b4cc-000d3a3173b5	214	Sam Mckay	M	M50-54	6	4:42:47	0:31:45	0:02:25	2:28:33	0:02:07	1:37:57	Australia	
4dfaa836-ba12-f011-998a-6045bd05f634	215	Adam Rixon	M	M25-29	36	4:42:53	0:33:17	0:03:18	2:29:17	0:01:40	1:35:21	Australia	
e9709ac3-ce56-4623-9014-78e005e74ba1	216	Sean Jermy	M	M55-59	7	4:42:54	0:35:07	0:03:04	2:23:46	0:02:21	1:38:36	Australia	
c40716b7-2fe4-f011-8544-000d3a5b50ba	217	Mitchell Beaver	M	M25-29	37	4:42:58	0:31:51	0:03:46	2:24:25	0:02:22	1:40:35	Australia	
91af65ab-dfbf-403c-8cce-3872ee3e5d13	218	Robert Hughes	M	M40-44	19	4:43:07	0:34:26	0:03:01	2:25:12	0:02:06	1:38:21	Australia	
4a929748-6a64-48f8-869b-323ee176df5d	219	Nick Giustiniano	M	M18-24	45	4:43:10	0:32:23	0:04:28	2:31:26	0:02:00	1:32:52	Australia	
c115d770-6243-4290-a78a-fa5840403229	220	Maike Wolf	F	F45-49	1	4:43:45	0:32:48	0:02:08	2:29:41	0:02:22	1:36:46	Australia	
de6bbeef-dcc0-4113-8396-996c605e8c8f	221	Christopher FENET	M	M40-44	20	4:43:47	0:32:11	0:03:44	2:23:24	0:01:48	1:42:40	Australia	
da80b9ea-fe31-4cf6-9e9a-40b296cbb34a	222	Ben Chambers	M	M18-24	46	4:43:50	0:32:16	0:04:09	2:37:32	0:01:51	1:28:03	Australia	
c91065e7-3edc-4870-885a-9828aa79a7c2	223	Sally Wood	F	F35-39	1	4:44:07	0:26:41	0:02:17	2:28:44	0:01:46	1:44:39	Australia	
610a8c08-71f4-4e5b-8c32-78c94ace3361	224	Kieran Gartshore	M	M40-44	21	4:44:11	0:31:46	0:02:47	2:28:16	0:03:53	1:37:30	Australia	
e7afb1be-0230-41d2-8610-d3d2529ac2b5	225	Andrew Morrison	M	M45-49	12	4:44:19	0:34:53	0:02:07	2:19:14	0:02:02	1:46:03	Australia	
2d1acc91-c35c-4283-a414-0e730fcfad71	226	Scott Furness	M	M55-59	8	4:44:24	0:29:54	0:03:39	2:31:09	0:02:11	1:37:32	New Zealand	
9dc56b44-7fb3-42df-83c5-49d17b3439aa	227	Thomas Summerhayes	M	M25-29	38	4:44:30	0:32:35	0:02:16	2:31:39	0:02:27	1:35:32	Australia	
9baf3451-19d5-47d4-a238-3bd12d594bd8	228	Jonty Abrahamson	M	M18-24	47	4:44:35	0:31:43	0:03:34	2:31:49	0:02:16	1:35:13	New Zealand	
2006e263-5d81-4dc0-bb0f-9a4572afa2bc	229	Justin Littlefield	M	M50-54	7	4:44:36	0:35:43	0:02:48	2:38:42	0:01:57	1:25:26	Australia	
06be7ec5-1148-4338-ac6c-245f1be47d70	230	Ryan Kay	M	M30-34	34	4:44:39	0:31:00	0:04:03	2:24:41	0:02:38	1:42:17	Australia	
1d33c77f-a552-f111-bec7-002248046451	231	Skye Laube	F	F18-24	3	4:44:42	0:26:17	0:01:52	2:35:42	0:01:15	1:39:35	Australia	
904d9003-1646-f111-bec6-0022480b84a3	232	Myles Gilmore	M	M18-24	48	4:44:42	0:33:42	0:03:21	2:17:30	0:02:07	1:48:02	Australia	
1cf7fe92-d56d-f111-ab0d-0022480a5755	233	Jasper Sumsky	M	M18-24	49	4:45:06	0:29:44	0:01:54	2:33:08	0:02:06	1:38:14	Australia	
03225984-0cdd-e211-af98-005056956277	234	Andrew Ritter	M	M45-49	13	4:45:21	0:28:06	0:02:16	2:24:54	0:02:37	1:47:28	Australia	
d954b84e-3faa-f011-bbd3-6045bd05fcc1	235	Brodie Pittman	M	M18-24	50	4:45:34	0:32:43	0:03:25	2:35:01	0:03:14	1:31:11	Australia	
18d021f1-5f55-f011-877b-000d3a5b50ba	236	Bryce DALY	M	M25-29	39	4:45:38	0:33:52	0:03:42	2:32:14	0:02:47	1:33:04	Australia	
37c8c88f-f287-46eb-b5c0-656b6edda245	237	John Sheridan	M	M55-59	9	4:45:38	0:32:58	0:02:33	2:28:26	0:02:19	1:39:21	Australia	
3afadb0d-785d-4545-84cf-a7389cf81986	238	Archie Bromell	M	M18-24	51	4:45:40	0:36:18	0:02:49	2:30:13	0:01:43	1:34:38	Australia	
80807d80-95f1-4e1a-8050-a35d6a4f5fe4	239	Knightley Patterson	M	M18-24	52	4:45:50	0:34:59	0:02:55	2:37:06	0:01:57	1:28:54	Australia	
dc586d97-5902-4bf6-8ef2-e41f45ddb85d	240	Sophia Economo	F	F30-34	4	4:45:52	0:29:05	0:02:28	2:33:02	0:02:02	1:39:15	Australia	
78a5dccf-5092-ef11-ac21-002248049fdc	241	Bella Marles	F	F18-24	4	4:45:55	0:31:03	0:02:36	2:42:44	0:01:43	1:27:49	Australia	
2d2dad83-6234-45c1-b94f-373a1c9c1f7b	242	Alana Lythe	F	F30-34	5	4:45:59	0:27:56	0:02:02	2:32:27	0:01:35	1:41:59	New Zealand	
481ef3ea-d445-f111-88b4-002248046ec8	243	Michele Rastelli	M	M18-24	53	4:46:02	0:37:07	0:02:09	2:21:02	0:04:35	1:41:09	Italy	
4d23e345-cbfd-42b9-b462-e6e70b2c2a33	244	Richard Gilby	M	M40-44	22	4:46:04	0:33:22	0:04:26	2:31:23	0:03:03	1:33:49	Australia	
e5baaf81-4a42-46cf-b023-b8075bb1b4d8	245	Stephanie Albert	F	F40-44	1	4:46:04	0:29:09	0:02:06	2:36:56	0:01:51	1:36:03	Australia	
1bcc293a-2c61-4d15-9627-5fdcf9e9f7b9	246	Dex Cheong	M	M35-39	19	4:46:10	0:32:04	0:02:46	2:32:39	0:04:45	1:33:57	Singapore	
d39cb723-246b-f011-bec2-0022480a7385	247	Neil Culkin	M	M45-49	14	4:46:23	0:34:35	0:02:40	2:33:35	0:02:38	1:32:56	Australia	
75cfab08-8025-4374-ae03-381581418115	248	Connor Matthews	M	M18-24	54	4:46:24	0:30:23	0:02:48	2:32:20	0:02:43	1:38:11	Australia	
9f417ee1-de72-44d6-a7c0-51e72a9ff1b4	249	Greg Rehbock	M	M40-44	23	4:46:42	0:29:16	0:02:18	2:28:33	0:01:52	1:44:42	Australia	
ba2abada-d5f2-485c-92d3-68ee8992c3b2	250	Mark Brady	M	M55-59	10	4:46:53	0:33:56	0:02:26	2:20:55	0:02:59	1:46:36	Australia	
068d40be-fa0a-f011-9988-000d3a5b50ba	251	Christopher Pérez	M	M40-44	24	4:47:07	0:36:21	0:02:53	2:27:09	0:01:36	1:39:08	Australia	
a059c669-5e46-4bc8-ad6b-53867a52507c	252	Jack Barclay	M	M30-34	35	4:47:17	0:31:49	0:03:16	2:21:19	0:03:22	1:47:32	Australia	
892ec29f-68a7-45ef-8972-460cb6cbd945	253	Kris Smith	M	M40-44	25	4:47:18	0:35:11	0:04:27	2:21:02	0:02:16	1:44:22	Australia	
600eb47d-6edf-4968-b08a-59b66183b228	254	Gloria Nock	F	F35-39	2	4:47:40	0:35:25	0:02:45	2:32:20	0:01:10	1:35:59	Australia	
462bca64-3edb-4b8f-aced-d5ae8ea7aaee	255	Lucas Fraccaro	M	M30-34	36	4:47:45	0:33:17	0:03:33	2:31:30	0:03:14	1:36:11	Australia	
fa555dea-e826-4fba-957e-f98a6cf841e0	256	Toni Mundl	F	F45-49	2	4:47:47	0:33:22	0:02:35	2:23:47	0:03:29	1:44:35	Australia	
1921b91c-53ea-4769-bd17-761786eecf53	257	Guy Hornblow	M	M30-34	37	4:47:52	0:31:17	0:03:10	2:30:13	0:02:11	1:41:00	New Zealand	
0014ee51-25ed-f011-8544-6045bd04a162	258	Odhran McFadden ferry	M	M25-29	40	4:48:37	0:38:01	0:03:40	2:32:57	0:01:59	1:32:00	Ireland	
fecf9326-9fc9-ef11-b8e8-6045bd088264	259	Gianni Losurdo	M	M25-29	41	4:48:41	0:33:50	0:02:27	2:32:48	0:02:33	1:37:03	Australia	
8e1ea001-74b0-ef11-b8e9-000d3a3126fd	260	Ben Coghlan	M	M30-34	38	4:48:42	0:33:08	0:03:57	2:45:33	0:02:28	1:23:36	Australia	
ff7fbb2f-aaa7-ef11-8a6a-000d3a30152c	261	Scott Mackenzie	M	M30-34	39	4:48:43	0:36:32	0:03:00	2:34:24	0:01:58	1:32:49	New Zealand	
cb55383e-1732-469f-8965-41da4480d6bf	262	Jayson Fitz-Gerald	M	M30-34	40	4:48:46	0:34:32	0:03:06	2:26:14	0:02:30	1:42:25	Australia	
c3e04003-64fa-ef11-9341-000d3a5ae96c	263	Jason Rattansay	M	M25-29	42	4:48:46	0:40:11	0:02:43	2:28:08	0:01:30	1:36:14	Australia	
2b2bf529-93bc-457f-8c5d-5d9a8d8cb4a0	264	Chris Thomson	M	M40-44	26	4:48:48	0:33:38	0:02:33	2:23:36	0:02:27	1:46:34	New Zealand	
78433e3b-a1f5-437f-bab0-d992b698a661	265	Wilfred Visser	M	M40-44	27	4:48:59	0:40:49	0:02:44	2:25:33	0:02:57	1:36:57	Netherlands	
dfccafe9-9b07-f111-8406-000d3a3492af	266	Kelly Whitchell	F	F18-24	5	4:49:04	0:35:57	0:03:07	2:35:21	0:02:03	1:32:36	Australia	
7da36573-d015-401a-9864-ff5425f229ef	267	Chris Waring	M	M50-54	8	4:49:04	0:30:42	0:03:10	2:35:21	0:02:44	1:37:07	Australia	
7e75127d-8f24-f011-8c4d-0022480c097c	268	Peter Holst Jacobsen	M	M30-34	41	4:49:22	0:33:42	0:02:52	2:30:33	0:01:56	1:40:20	Denmark	
55ef144d-0cbb-f011-bbd3-000d3a5cf7d8	269	Riley Pearce	M	M18-24	55	4:49:41	0:33:09	0:04:02	2:36:21	0:02:18	1:33:51	Australia	
163eb6c1-0dd2-4d01-af01-ed3596fd9068	270	Corey Wooten	M	M45-49	15	4:49:42	0:38:44	0:02:10	2:27:49	0:02:27	1:38:32	Australia	
1b5bfa1a-a0df-43d5-9d97-a14f5d407840	271	Scott Behrendorff	M	M40-44	28	4:49:59	0:44:18	0:03:30	2:27:02	0:01:51	1:33:18	Australia	
8351cdae-4e48-41e9-8cde-287c376aa632	272	Michael Baker	M	M25-29	43	4:50:11	0:33:18	0:03:57	2:29:36	0:02:04	1:41:15	New Zealand	
be9675fe-da4b-f011-877a-6045bd05fcc1	273	Dane Clarke	M	M25-29	44	4:50:23	0:31:22	0:03:58	2:34:37	0:02:04	1:38:22	Australia	
8c7654bf-9202-438c-a223-62d428d77cc4	274	Ron Gordon	M	M50-54	9	4:50:25	0:36:45	0:03:57	2:29:40	0:02:24	1:37:39	Australia	
1198449f-2777-497f-81a2-3d6f33c452ff	275	Zoe Fitzgerald	F	F40-44	2	4:50:34	0:31:06	0:03:36	2:30:49	0:05:00	1:40:04	Australia	
de4037fb-f82b-f011-8c4d-000d3a5cf7d8	276	Jade Clark	M	M25-29	45	4:50:35	0:33:52	0:04:02	2:25:08	0:02:15	1:45:19	Australia	
27e9e53b-eb65-4fa6-8710-37c94cfd2ddb	277	Gyuhwang Lee	M	M40-44	29	4:50:47	0:38:30	0:02:25	2:31:02	0:02:04	1:36:46	South Korea	
6aef23b1-741c-4b1e-9be9-0694249364c8	278	Joshua Duff	M	M35-39	20	4:50:55	0:36:36	0:02:57	2:38:13	0:01:23	1:31:46	Australia	
8d900773-3c74-4c4f-8e2c-42caffeb08fd	279	Angela Sandral	F	F40-44	3	4:50:56	0:29:23	0:02:06	2:32:24	0:02:30	1:44:34	Australia	
7a7a780d-a365-4ce1-8cfb-a2917cfa08be	280	Daniel Moore	M	M50-54	10	4:50:58	0:36:04	0:04:32	2:17:24	0:03:42	1:49:16	Australia	
a8859eb8-f528-f111-8341-0022480b35b6	281	Bevan Shelley	M	M30-34	42	4:50:59	0:32:46	0:04:01	2:37:23	0:02:37	1:34:13	Australia	
17c07393-3525-4d97-992d-40b870017f1e	282	Chris Wheldon	M	M40-44	30	4:51:04	0:29:44	0:08:17	2:32:16	0:03:57	1:36:50	Australia	
b44789bf-9f58-f011-877b-6045bd05f634	283	Todd Magner	M	M25-29	46	4:51:11	0:35:03	0:02:51	2:34:12	0:03:01	1:36:05	New Zealand	
75b40dcb-e224-f111-8341-002248081bd6	284	Jayme Rekers	M	M25-29	47	4:51:14	0:33:16	0:03:24	2:33:34	0:03:09	1:37:50	Australia	
d65297b7-465d-4410-87b6-e181ae19776a	285	Chad Heinrich	M	M40-44	31	4:51:14	0:32:31	0:02:03	2:18:10	0:02:35	1:55:55	Australia	
69d00b86-39d0-4bf1-9208-4e0b8fe338bc	286	Andrew Orr	M	M45-49	16	4:51:14	0:34:04	0:04:10	2:35:03	0:04:46	1:33:11	Australia	
76c39a1a-1de1-42bc-ad57-ae30bc70268b	287	Chelsea Mussett	F	F25-29	6	4:51:18	0:30:29	0:03:12	2:38:25	0:02:14	1:36:58	Australia	
7d97afb7-c20e-4542-8920-371157efa0cd	288	Reece Sawyer	M	M40-44	32	4:51:20	0:35:02	0:03:42	2:33:53	0:01:52	1:36:51	Australia	
8f554608-6155-f011-877b-6045bd09951e	289	Lauryn Bromhead	F	F18-24	6	4:51:21	0:29:57	0:03:08	2:36:58	0:01:37	1:39:40	Australia	
814af781-7852-f011-877a-000d3a35ffc1	290	Chris Perceval	M	M35-39	21	4:51:26	0:38:54	0:03:13	2:30:57	0:01:59	1:36:24	Australia	
87eaf87c-cfee-46fb-b2ba-6fe45d85b29f	291	Josh Wozniuk	M	M30-34	43	4:51:36	0:35:47	0:03:16	2:33:55	0:03:27	1:35:12	Australia	
ba63ef67-61e5-f011-8544-000d3a5b50ba	292	Jacob Synnott	M	M25-29	48	4:51:43	0:29:59	0:04:25	2:31:23	0:03:20	1:42:35	Australia	
2497606d-0311-4d3e-be99-f0a0da2f2aca	293	Bennett Griffin	M	M25-29	49	4:51:54	0:34:08	0:03:44	2:31:59	0:02:49	1:39:14	Australia	
ef45046d-8d21-4c1f-8430-4118a3d1eb2d	294	Ben Jarrad	M	M40-44	33	4:52:06	0:35:57	0:04:30	2:22:45	0:02:08	1:46:47	Australia	
6ce2598e-ab29-f111-8341-0022480b35b6	295	Brad Saunders	M	M25-29	50	4:52:10	0:33:31	0:03:24	2:35:01	0:02:07	1:38:07	Australia	
5e93e988-9e66-433f-addc-6b0b3a81f4fc	296	Ryan Harris	M	M25-29	51	4:52:17	0:36:47	0:02:49	2:25:42	0:03:36	1:43:23	United Kingdom	
a74f5622-27f8-49ee-9a10-c2c8cb72c7bc	297	Kevin Siah	M	M40-44	34	4:52:27	0:34:58	0:02:59	2:35:33	0:01:56	1:37:01	Malaysia	
2cef44de-4c93-4cab-898b-6022d343ef14	298	Mark Dwyer	M	M30-34	44	4:52:27	0:36:38	0:02:44	2:40:39	0:04:22	1:28:04	Australia	
5e03c4b7-08bb-4415-b7ca-116c37a1814c	299	Kent Kleinhans	M	M45-49	17	4:52:28	0:29:31	0:02:55	2:34:40	0:02:41	1:42:42	Australia	
84ee8042-716d-492e-80c8-6129c63ce70b	300	Rylan Tonakie	M	M25-29	52	4:52:42	0:30:27	0:04:41	2:39:32	0:02:50	1:35:11	Australia	
6eda652c-ee83-421b-b093-99478a16b728	301	Jack Reis	M	M35-39	22	4:52:43	0:31:21	0:02:52	2:32:28	0:03:11	1:42:50	Australia	
6939583d-2437-4eec-99d9-fb363641c555	302	adam MALLIA	M	M45-49	18	4:52:44	0:37:05	0:02:41	2:23:10	0:03:41	1:46:07	Australia	
112051ee-50a8-499e-8de0-5ee021582bd6	303	Jacob Jones	M	M25-29	53	4:52:46	0:31:54	0:03:10	2:29:38	0:02:33	1:45:31	Australia	
3e35f88f-95e8-4e4d-9436-7da39aa4c83b	304	Luca Romano	M	M18-24	56	4:52:47	0:35:06	0:04:05	2:29:58	0:02:16	1:41:22	Australia	
45878db2-4801-4bf5-adcf-18cd593bfe5b	305	Matthew Green	M	M50-54	11	4:52:53	0:33:54	0:04:19	2:26:32	0:03:23	1:44:45	Australia	
b75d25fa-58f2-45e3-a180-952a7ccb4b95	306	Harry Rossell	M	M25-29	54	4:52:58	0:33:22	0:03:42	2:38:19	0:02:07	1:35:28	Australia	
5a0a8ff8-9333-f111-88b3-0022480a5755	307	Jack Bond	M	M18-24	57	4:53:02	0:33:51	0:03:31	2:31:55	0:01:22	1:42:23	Australia	
8a719502-3e14-4b31-aa0a-c9ec0c6f62e8	308	Ryan Pedlow	M	M40-44	35	4:53:12	0:34:06	0:03:59	2:33:05	0:02:35	1:39:28	Australia	
d7d17630-a236-4748-88c1-59e28bc05492	309	Ben Lowe	M	M30-34	45	4:53:18	0:33:57	0:03:08	2:38:26	0:01:51	1:35:56	Australia	
833ec761-c97e-4e76-81f4-b1e8f2cdcca2	310	Nathan Ham	M	M30-34	46	4:53:20	0:33:43	0:02:18	2:29:26	0:01:54	1:45:58	Australia	
b8d64ec3-203c-f011-b4cc-6045bd05fcc1	311	Callan Hutchinson	M	M40-44	36	4:53:26	0:37:59	0:03:06	2:34:24	0:02:26	1:35:31	Australia	
6fb8d2d1-b0d5-4c4c-a741-6e596399be50	312	Nicola Wadey	F	F35-39	3	4:53:54	0:30:19	0:02:27	2:36:12	0:01:47	1:43:08	Australia	
b03da23f-6c81-457f-9f6c-bd1150a9bce4	313	Max Bode	M	M30-34	47	4:53:58	0:35:22	0:04:29	2:27:00	0:03:49	1:43:18	Australia	
3680bf0a-45d4-4a30-8494-f195800484b1	314	Kreet Kangur	F	F30-34	6	4:54:02	0:37:42	0:02:28	2:39:30	0:01:37	1:32:45	Estonia	
92d5b7fc-3615-45e5-9a9d-6f7e451183a3	315	Olivia Powell	F	F30-34	7	4:54:11	0:31:14	0:03:42	2:36:50	0:04:11	1:38:14	Australia	
7fdd712f-5e67-4658-8619-6c57cce8c5d3	316	Eliza Verwoert	F	F18-24	7	4:54:12	0:29:22	0:02:15	2:41:20	0:01:42	1:39:34	Australia	
82b9c266-fd9c-47ed-82b8-b93be174cda4	317	Breanna Mcphee	F	F35-39	4	4:54:32	0:33:40	0:03:06	2:33:23	0:02:29	1:41:54	Australia	
81478c5f-749e-4cc4-aede-eb7ed1799c92	318	Dwayne Birtles	M	M35-39	23	4:54:34	0:35:22	0:02:41	2:39:10	0:02:18	1:35:04	Australia	
1b77ee6e-2e9f-f011-b41c-6045bd09951e	319	Matt Hewitson	M	M40-44	37	4:54:55	0:35:42	0:04:33	2:32:42	0:02:19	1:39:39	Australia	
e01101ba-3dd1-47e1-9e96-70de0644425f	320	Peter Beves	M	M45-49	19	4:55:10	0:31:00	0:03:54	2:25:04	0:03:35	1:51:38	Australia	
879802f5-d7e2-ef11-8eea-6045bd088264	321	Luca Schilke	M	M25-29	55	4:55:13	0:29:13	0:03:52	2:43:02	0:02:34	1:36:31	Australia	
330c9c8a-cffb-4eba-9e7e-6757370c630a	322	Danyel Murray	M	M45-49	20	4:55:14	0:30:52	0:02:54	2:26:31	0:02:28	1:52:29	Australia	
8133f375-bf8a-ef11-ac21-6045bd05c809	323	Tanika Webb	F	F18-24	8	4:55:18	0:32:53	0:03:11	2:34:39	0:01:49	1:42:46	Australia	
3258a608-ad29-f111-8341-002248081bd6	324	Justin Williams-Dobby	M	M30-34	48	4:55:24	0:36:41	0:04:24	2:35:10	0:04:42	1:34:28	New Zealand	
cfe2318e-5dda-f011-8543-000d3a5b5fc7	325	Seamus Mallet	M	M25-29	56	4:55:29	0:35:32	0:04:06	2:35:00	0:02:49	1:38:03	Australia	
71e11955-b1f4-4043-a0cb-e5c599366660	326	Daniel Simpson	M	M30-34	49	4:55:42	0:37:06	0:04:38	2:30:30	0:03:23	1:40:06	Australia	
87c28cae-fbf2-41f6-8776-16aac4482798	327	Michael Usher	M	M35-39	24	4:55:47	0:34:47	0:03:20	2:31:59	0:02:48	1:42:53	Australia	
0b8b501a-0ec0-43a4-8538-6fcac9365c9f	328	Dean Hasler	M	M50-54	12	4:55:51	0:38:14	0:03:22	2:25:42	0:02:29	1:46:04	Australia	
84f39afd-256c-f011-bec2-000d3a5cf7d8	329	Stan Zaslavsky	M	M45-49	21	4:56:01	0:35:29	0:03:24	2:30:08	0:01:53	1:45:06	Australia	
c1fbf278-cdbd-437e-be12-dc772a0791e2	330	Tim Dunn	M	M35-39	25	4:56:06	0:34:22	0:04:43	2:39:56	0:03:54	1:33:09	Australia	
24b4b639-bfd4-ee11-9079-000d3a31406e	331	Austin Nieswandt	M	M25-29	57	4:56:12	0:36:13	0:03:21	2:28:42	0:01:49	1:46:08	Canada	
79104554-94c9-f011-bbd3-6045bd05fcc1	332	Cadell Barnes	M	M18-24	58	4:56:17	0:36:34	0:03:17	2:30:24	0:02:08	1:43:53	Australia	
a4156678-95a2-f011-bbd3-000d3a3173b5	333	Tom Grinham	M	M18-24	59	4:56:26	0:32:57	0:02:58	2:41:45	0:02:17	1:36:30	Australia	
32c6640e-e7b5-462a-ae12-827509208996	334	Alex Lennon	M	M25-29	58	4:56:33	0:33:53	0:04:04	2:30:55	0:02:12	1:45:29	Australia	
39a16310-0ef3-4ade-9d88-3b86daace348	335	Tobey Manning	M	M18-24	60	4:56:40	0:33:23	0:03:27	2:39:03	0:03:18	1:37:28	Australia	
fabd83e0-3891-f011-b4cc-0022480a7385	336	Elias Skjaerstad	M	M25-29	59	4:56:41	0:36:14	0:03:40	2:34:28	0:02:08	1:40:11	Norway	
95dfdeff-dbb3-44b7-a0e2-2322c2865742	337	Tom Stevens	M	M40-44	38	4:56:47	0:36:56	0:02:48	2:39:05	0:01:59	1:35:59	New Zealand	
e257ed80-5e62-43f7-abd1-25ded041de82	338	Hefin Evans	M	M35-39	26	4:56:49	0:39:16	0:02:43	2:26:04	0:02:29	1:46:16	Australia	
4aebd32c-655c-f011-bec1-000d3a5b7c3b	339	Mal Howard	M	M45-49	22	4:56:49	0:37:00	0:03:19	2:39:05	0:02:28	1:34:57	Australia	
2efb7b28-f628-f111-8341-6045bd06566a	340	Cody Grant	M	M25-29	60	4:56:55	0:40:25	0:02:41	2:38:03	0:01:35	1:34:11	Australia	
28f6fe1a-b701-f111-8406-002248046ec8	341	liam hamilton	M	M25-29	61	4:57:00	0:36:32	0:02:33	2:37:15	0:01:25	1:39:16	Australia	
50e4c255-917e-4e53-a92c-3b6824fb1609	342	Campbell Vos	M	M18-24	61	4:57:06	0:33:10	0:03:31	2:43:10	0:01:57	1:35:18	New Zealand	
82075d49-4126-451b-a490-32378d821950	343	Sam Devlin	M	M18-24	62	4:57:06	0:34:01	0:03:03	2:25:13	0:02:06	1:52:43	Australia	
26f12e13-0489-ef11-ac21-000d3a3126fd	344	Jarrod Smith	M	M25-29	62	4:57:23	0:36:53	0:04:28	2:43:16	0:03:11	1:29:36	Australia	
44d77785-f974-ea11-a811-000d3a5a1bfb	345	Guy Cantiello	M	M25-29	63	4:57:24	0:33:41	0:02:56	2:27:24	0:03:03	1:50:21	United Kingdom	
65f0af03-2ea7-f011-bbd3-6045bd05fcc1	346	Lachlan Mcgeever	M	M18-24	63	4:57:47	0:36:11	0:03:39	2:31:55	0:02:38	1:43:25	Australia	
17139321-66f3-4b0d-b173-039e4c9b2444	347	Max White	M	M30-34	50	4:57:51	0:31:07	0:03:18	2:40:09	0:01:45	1:41:33	New Zealand	
2ebe6923-0262-447a-bf1b-77e086aa5591	348	Timothy Birch	M	M35-39	27	4:58:05	0:34:35	0:02:26	2:40:13	0:02:00	1:38:51	Australia	
f3415959-69fd-f011-8406-6045bd08b1a2	349	Nicolas Stringhini	M	M30-34	51	4:58:07	0:38:38	0:03:24	2:36:33	0:03:14	1:36:17	Argentina	
a13dfb89-f493-4325-9fc0-e5bfeba9a79f	350	Troy Marshall	M	M45-49	23	4:58:07	0:39:25	0:03:03	2:32:05	0:04:37	1:38:57	Australia	
b2a1a21d-e839-f111-88b3-0022480a5755	351	Harry Blake	M	M25-29	64	4:58:07	0:35:13	0:03:42	2:40:11	0:02:10	1:36:52	Australia	
4dd1624f-99b4-f011-bbd3-000d3a5cf7d8	352	Jamie Trueman	M	M35-39	28	4:58:13	0:36:38	0:03:37	2:26:57	0:03:42	1:47:19	United Kingdom	
3fea5743-6412-ef11-9f8a-002248044460	353	Alex Coldwell	M	M25-29	65	4:58:16	0:35:42	0:03:46	2:34:57	0:03:07	1:40:44	United Kingdom	
ee76894a-b660-ef11-bfe3-000d3a3b4ec1	354	Roman Watson	M	M35-39	29	4:58:17	0:33:11	0:03:57	2:30:40	0:03:26	1:47:03	Australia	
ff44be43-69f0-f011-8407-0022480c097c	355	Lewis Daly	M	M30-34	52	4:58:18	0:27:52	0:02:36	2:34:37	0:01:29	1:51:44	United Kingdom	
aab5db0b-96a4-44dc-893b-96449615354f	356	Sam Field	M	M30-34	53	4:58:22	0:32:09	0:02:52	2:36:50	0:02:53	1:43:38	Australia	
7aa450cb-8c0d-40e0-ba9b-a8df31cbe06e	357	Jakob Allen	M	M25-29	66	4:58:43	0:33:11	0:03:51	2:39:40	0:02:18	1:39:43	Australia	
6f3a4479-1ae6-4965-b293-0151981c5e94	358	Katie Ireland	F	F30-34	8	4:58:47	0:37:12	0:03:05	2:43:52	0:02:53	1:31:46	United Kingdom	
f5cdad8e-fe65-4384-b126-ee9839672229	359	Liam Woods	M	M25-29	67	4:58:48	0:36:55	0:02:06	2:36:20	0:02:39	1:40:48	Australia	
a4bb3095-6453-f111-bec6-6045bd08b1a2	360	Max Boultbee	M	M18-24	64	4:59:00	0:30:39	0:04:03	2:34:10	0:02:07	1:48:00	Australia	
c1f44ad3-acc5-f011-bbd3-6045bd05f634	361	Hamish McDougall	M	M25-29	68	4:59:02	0:31:24	0:03:49	2:36:10	0:03:30	1:44:08	Australia	
ce463c35-d553-f111-bec6-6045bd08b1a2	362	Spencer McGregor	M	M18-24	65	4:59:03	0:31:55	0:03:04	2:41:26	0:02:04	1:40:34	Australia	
da4dc1ec-4daf-402d-a364-a2f64db8e0fe	363	Craig Smith	M	M55-59	11	4:59:06	0:35:21	0:02:55	2:24:08	0:02:26	1:54:15	Australia	
8d110626-871e-4ec7-a4be-762b9021d049	364	Warwick Freeman	M	M45-49	24	4:59:10	0:29:08	0:03:05	2:39:20	0:01:37	1:45:59	Australia	
4510ac5e-442f-f111-88b3-0022480a5755	365	Zane Carroll	M	M25-29	69	4:59:14	0:38:00	0:02:45	2:41:07	0:01:47	1:35:35	Australia	
92475459-31a4-f011-bbd3-000d3a5cf7d8	366	Alexanda Hokins	M	M25-29	70	4:59:17	0:36:11	0:02:30	2:43:19	0:02:15	1:35:02	Australia	
a16b77b8-4b3f-ef11-8409-000d3a348633	367	Joel Murray	M	M40-44	39	4:59:20	0:34:04	0:04:43	2:30:33	0:04:14	1:45:46	Australia	
a8923e5c-e355-ee11-be6f-000d3a314be4	368	Julian Kajewski	M	M30-34	54	4:59:22	0:34:10	0:03:22	2:41:04	0:02:11	1:38:35	Australia	
85239416-4cfe-4e39-907c-08bd292f2677	369	Andrew Jacobsen	M	M50-54	13	4:59:27	0:34:19	0:03:50	2:37:12	0:03:48	1:40:17	Australia	
6f18119e-ca95-45b8-b45b-5b6defdd2070	370	Dan May	M	M30-34	55	4:59:29	0:33:16	0:03:00	2:48:30	0:01:40	1:33:03	Australia	
056cba03-3b55-f011-877b-000d3a5b50ba	371	Cameron Woodvine	M	M25-29	71	4:59:35	0:38:20	0:03:15	2:34:08	0:02:37	1:41:15	Australia	
fae1cb10-3b59-f011-877b-000d3a35ffc1	372	Bronte Johnston	F	F18-24	9	4:59:37	0:37:58	0:05:30	2:35:02	0:03:08	1:37:59	Australia	
b9493a5e-7b56-f111-bec7-0022480994c2	373	Guillermo Perez	M	M25-29	72	4:59:39	0:33:36	0:02:45	2:42:12	0:02:39	1:38:26	Spain	
c58560be-ebd3-ef11-8ee9-000d3a5a403c	374	Brett Ward	M	M45-49	25	4:59:40	0:33:52	0:03:38	2:33:54	0:02:43	1:45:33	Australia	
ebce0471-3d96-4b50-a402-8c3b4e67aeee	375	Shannon Hudson	M	M45-49	26	4:59:41	0:36:28	0:02:34	2:36:20	0:02:19	1:41:59	Australia	
efcb2c0f-424f-f111-bec6-002248046ec8	376	Andrew Mole	M	M50-54	14	4:59:43	0:29:28	0:02:52	2:35:03	0:02:02	1:50:19	Australia	
2b947f68-c697-4748-ae1c-18e6a588fa51	377	Rob Crackles	M	M30-34	56	4:59:55	0:39:31	0:04:08	2:36:15	0:02:34	1:37:26	Australia	
2adc9978-be6b-4022-8ea9-276786515afc	378	Travis COULSON	M	M50-54	15	4:59:55	0:32:31	0:04:18	2:36:33	0:02:18	1:44:16	Australia	
2aba296b-9ce2-45cb-9a8f-2a7f6505e6fb	379	Vaughan Kelly	M	M30-34	57	4:59:57	0:37:39	0:02:49	2:33:37	0:01:50	1:44:02	New Zealand	
c6a69f6e-cc18-f011-998a-000d3a5b50ba	380	Kaide Dos Santos	M	M25-29	73	5:00:02	0:31:35	0:03:03	2:35:55	0:01:50	1:47:39	Australia	
3d02326e-8610-f111-8406-0022480b35b6	381	Sam Johanson	M	M50-54	16	5:00:05	0:36:22	0:04:21	2:32:37	0:02:54	1:43:51	New Zealand	
5122d2ae-fd5b-4b60-a9cb-96eef242a004	382	Pete Ingram	M	M35-39	30	5:00:19	0:38:44	0:02:15	2:31:57	0:01:38	1:45:45	Australia	
e929ffd7-413f-446a-a6a4-890f593c0ef5	383	Phil Davies	M	M65-69	1	5:00:45	0:36:33	0:02:47	2:31:43	0:02:55	1:46:47	Australia	
b639777c-f331-4984-9cd3-841af7b5669c	384	Alex Bain	M	M25-29	74	5:00:51	0:30:50	0:03:30	2:40:09	0:01:51	1:44:31	Australia	
b86dd053-1a70-4dc1-abe6-dda676230ba5	385	Nathan Hall	M	M35-39	31	5:00:54	0:37:56	0:04:09	2:44:11	0:03:56	1:30:41	Australia	
534181f2-de0a-ef11-9f89-002248044460	386	Jayden Peirce	M	M25-29	75	5:00:54	0:43:27	0:02:31	2:25:00	0:01:31	1:48:24	Australia	
f3028dcd-0fd3-f011-8543-000d3a5b5fc7	387	Charlotte Hopkins	F	F18-24	10	5:00:58	0:33:54	0:03:07	2:51:13	0:02:39	1:30:05	Australia	
3b02db93-05de-f011-8544-000d3a5b7c3b	388	Jordan Holland	M	M30-34	58	5:01:01	0:36:45	0:02:51	2:39:27	0:02:08	1:39:50	Australia	
752200e5-71f8-4c99-9e94-e9dcdf384bd7	389	Andrew Wilson	M	M35-39	32	5:01:04	0:32:40	0:05:34	2:29:26	0:03:57	1:49:26	Australia	
2aa8ee2f-7ed3-4334-9d9f-920234a2b870	390	Joshua Rogash	M	M45-49	27	5:01:09	0:34:56	0:02:46	2:27:21	0:02:23	1:53:43	Australia	
d5b7ce45-dbc0-4fa9-981c-80861139399b	391	Cinara Teles Slompo	F	F30-34	9	5:01:09	0:35:22	0:03:22	2:30:53	0:01:43	1:49:50	Brazil	
7dac57b8-dde0-4b7e-acce-7607a50ed821	392	Eloise Rawsthorne	F	F35-39	5	5:01:13	0:32:16	0:02:28	2:37:48	0:01:41	1:47:00	Australia	
4fc6ebf2-11b1-ef11-b8e8-6045bd018d16	393	Andrew Garnsworthy	M	M50-54	17	5:01:16	0:36:43	0:02:53	2:37:20	0:02:23	1:41:56	Australia	
6620f47a-25c0-4d78-8b39-227eec95156c	394	Sophie Morris	F	F18-24	11	5:01:20	0:36:36	0:02:53	2:32:41	0:01:54	1:47:16	Australia	
f06ea4ac-8bbe-45ec-9eb5-b903e053d7b3	395	tracey schmidt	F	F45-49	3	5:01:21	0:34:56	0:02:45	2:32:58	0:02:47	1:47:55	Australia	
88564e7b-4ffc-42d5-af93-3e790e9b22a3	396	Damien Gorizia	M	M30-34	59	5:01:21	0:38:12	0:03:36	2:34:06	0:02:41	1:42:45	Australia	
260f682e-3697-4e8f-9271-93467f7789ba	397	Bayley Williams	M	M25-29	76	5:01:23	0:32:14	0:02:56	2:32:55	0:03:51	1:49:27	Australia	
b93bbc9d-4de0-422f-afa1-f32203e56308	398	Daniel Carini	M	M55-59	12	5:01:32	0:36:53	0:04:28	2:35:26	0:02:38	1:42:06	Australia	
ff3af638-1f9e-ee11-be37-000d3a314c24	399	Lucy O'Toole		F25-29	7	5:01:33	0:31:50	0:03:17	2:45:01	0:02:18	1:39:07	Australia	
395d0657-da71-4be2-b02a-78ef5620b556	400	Thomas Antonie	M	M30-34	60	5:01:35	0:34:04	0:03:56	2:36:04	0:02:46	1:44:46	Australia	
d59a1101-921b-4030-9bc2-33550f0e06f7	401	Glen SW Goh	M	M50-54	18	5:01:44	0:37:58	0:03:58	2:32:53	0:02:31	1:44:26	Singapore	
2cb8b5f1-8f98-462d-be1c-57174d51c947	402	Meredith Gardner	F	F40-44	4	5:01:50	0:29:47	0:02:12	2:36:51	0:02:05	1:50:55	United States	
5fcda76c-a2de-44b7-87f2-80f75febc8c4	403	Nic Kay	M	M50-54	19	5:02:05	0:38:50	0:02:51	2:33:34	0:02:02	1:44:48	New Zealand	
e106854b-b330-48df-b34e-52137b2878ea	404	Michaela Cronan	F	F30-34	10	5:02:07	0:29:00	0:02:48	2:44:13	0:02:24	1:43:43	Australia	
a38eef8e-fa2a-f011-8c4d-000d3a35ffc1	405	Connor Prior	M	M18-24	66	5:02:10	0:40:23	0:03:57	2:28:04	0:02:22	1:47:24	Australia	
11e2bf66-f219-480f-953a-4a55b0b3b997	406	Matthew Mayall	M	M30-34	61	5:02:13	0:39:08	0:02:53	2:36:23	0:02:20	1:41:29	Australia	
b925d4b8-aff8-f011-8406-7ced8d3ce4b2	407	Jordan Macdonald	M	M25-29	77	5:02:17	0:33:07	0:04:36	2:26:39	0:02:47	1:55:07	Australia	
ad3ffe3e-b2c2-f011-bbd3-6045bd05fcc1	408	Peter Chistiakoff	M	M30-34	62	5:02:18	0:34:47	0:03:20	2:39:30	0:03:15	1:41:26	Australia	
24c876a0-f568-4f20-a802-776a99d787f8	409	Scott Knowles	M	M30-34	63	5:02:20	0:33:09	0:03:19	2:33:46	0:01:57	1:50:09	New Zealand	
90f5db3c-a2a8-f011-bbd3-000d3a5b50ba	410	Zane Carroll	M	M25-29	78	5:02:22	0:38:06	0:02:54	2:35:07	0:01:14	1:45:01	Australia	
7b04015d-97e4-ef11-8eea-002248049fdc	411	Aidan Wilson	M	M30-34	64	5:02:35	0:31:18	0:03:27	2:49:22	0:01:51	1:36:36	Australia	
61fe8eb2-44f8-485b-9669-94119de9af31	412	Chris Wignall	M	M40-44	40	5:02:44	0:32:56	0:03:15	2:40:56	0:03:57	1:41:40	Australia	
5029bcbe-f6f3-f011-8406-6045bd06566a	413	Judd Hooper	M	M25-29	79	5:02:48	0:33:55	0:03:44	2:42:22	0:02:27	1:40:20	Australia	
5fcada12-b381-4ae8-94b9-3a158a1d5f42	414	Pete George Dalgety	M	M50-54	20	5:02:57	0:37:15	0:03:48	2:31:49	0:02:34	1:47:30	Australia	
e971843f-98c4-4b02-a749-8ae3fddd1348	415	Greg Taylor	M	M35-39	33	5:02:59	0:25:22	0:01:59	2:56:43	0:02:03	1:36:52	New Zealand	
d795979e-fb6a-f011-bec2-002248098cfa	416	James Hipwell	M	M55-59	13	5:03:01	0:35:29	0:03:45	2:33:07	0:02:43	1:47:58	Australia	
2c3a879d-5495-4953-93af-c54e5eafdf4b	417	Brandon Marangelli	M	M30-34	65	5:03:03	0:33:13	0:02:39	2:34:32	0:03:05	1:49:34	Australia	
5c912d6f-dd26-4df7-b658-6974bb62b113	418	Tyler Hobson	M	M25-29	80	5:03:11	0:39:04	0:04:07	2:39:01	0:02:15	1:38:44	Australia	
c3de2b98-fd3a-42b6-b9bb-a2a1f2702819	419	Angus Callister	M	M30-34	66	5:03:13	0:31:09	0:03:30	2:38:57	0:02:21	1:47:16	Australia	
746b96b1-3899-ef11-8a6a-002248049fdc	420	Cooper Smith	M	M18-24	67	5:03:14	0:30:03	0:04:30	2:41:13	0:02:32	1:44:57	Australia	
419f6fc1-637a-f011-b4cc-000d3a3173b5	421	Dylan Carpenter	M	M25-29	81	5:03:26	0:34:30	0:02:36	2:29:15	0:02:19	1:54:45	Australia	
fa1b23c6-e72d-488c-928f-281e94ce16a8	422	Geoff Miller	M	M55-59	14	5:03:38	0:32:44	0:02:57	2:33:41	0:04:49	1:49:27	Australia	
f9ae0b2d-03a1-f011-bbd3-000d3a5b7c3b	423	Mitchell Elliott	M	M30-34	67	5:03:41	0:35:29	0:03:47	2:49:21	0:01:18	1:33:45	Australia	
5663e90f-f92e-4741-b217-cbb0185cb415	424	Joao Caldeira-Santos	M	M35-39	34	5:03:44	0:32:34	0:04:08	2:33:11	0:03:28	1:50:23	Australia	
bd737149-a034-4ead-a5ba-3b1bd287b03a	425	Zachary Blackburn	M	M25-29	82	5:03:55	0:41:44	0:03:01	2:33:48	0:02:09	1:43:13	Australia	
03670798-1cb2-4fc4-abd7-21fb6a7124f6	426	Joshua Souter	M	M30-34	68	5:03:59	0:31:38	0:02:46	2:38:42	0:02:29	1:48:24	Australia	
a1cb8300-569f-46ef-8435-fbfd8721eb90	427	Brenton Saunders	M	M30-34	69	5:04:00	0:35:37	0:02:53	2:32:20	0:04:19	1:48:51	Australia	
d1e23b22-ab0b-f011-9988-6045bd09951e	428	Reuben Webster	M	M18-24	68	5:04:09	0:42:11	0:03:55	2:29:40	0:02:01	1:46:22	New Zealand	
3121da22-faf0-4339-8a29-682cc3c21d2d	429	Daniel Walford	M	M35-39	35	5:04:09	0:32:17	0:02:38	2:35:44	0:03:27	1:50:03	Australia	
5b84b8ae-a948-f011-877a-000d3a35ffc1	430	Connor Upton	M	M25-29	83	5:04:20	0:33:16	0:03:29	2:43:04	0:02:34	1:41:59	Australia	
1f668664-3f54-46be-b4ff-e4e387b81bac	431	Nathan Bihari	M	M18-24	69	5:04:21	0:34:07	0:03:17	2:44:35	0:02:48	1:39:34	Australia	
3a778066-079b-4b1d-b196-e2ce951e3dcb	432	George Murcott	M	M25-29	84	5:04:22	0:33:20	0:03:14	2:47:57	0:03:52	1:35:59	Australia	
5cbbedf4-ffc5-f011-bbd3-002248098cfa	433	Gary Dallyn	M	M45-49	28	5:04:26	0:40:15	0:03:37	2:38:34	0:02:42	1:39:18	Australia	
85a8d9de-9fc8-ef11-b8e8-000d3a5ae96c	434	Kason Tucker	M	M30-34	70	5:04:29	0:34:51	0:03:33	2:34:57	0:02:25	1:48:43	Australia	
7754be38-8fb4-419e-9ed9-a8a2e54e1b8c	435	Danny Paxton	M	M55-59	15	5:04:43	0:34:04	0:04:09	2:34:12	0:03:22	1:48:57	Australia	
e9197e26-8103-4bd6-b765-e38a0599d2ac	436	Joshua Nixon	M	M30-34	71	5:04:49	0:32:16	0:04:24	2:33:12	0:03:41	1:51:16	Australia	
111ca9a7-ee20-491d-82d9-7f7d7391a041	437	Jaylon Smith	M	M25-29	85	5:04:49	0:30:13	0:03:07	2:50:41	0:01:40	1:39:09	Samoa	
ea377f16-ee64-49f2-be45-8a0cbfb70c0d	438	Jye Hong	M	M45-49	29	5:04:55	0:36:08	0:04:05	2:37:04	0:02:32	1:45:06	Australia	
4ae8451e-829d-f011-b41c-6045bd05f634	439	Ben Worters	M	M25-29	86	5:05:00	0:34:21	0:02:48	2:27:21	0:02:24	1:58:06	Australia	
277b9152-6341-41ee-9d34-db7b517dd935	440	Pete Ferguson	M	M40-44	41	5:05:10	0:43:15	0:04:36	2:37:20	0:03:04	1:36:55	Australia	
0ecf936e-23a4-f011-bbd3-000d3a5b50ba	441	Matthew Steele	M	M18-24	70	5:05:11	0:34:42	0:03:17	2:42:21	0:02:15	1:42:37	Australia	
f9337635-aad3-4ab8-b6ad-f695ac44e550	442	Matt Kenny	M	M40-44	42	5:05:14	0:33:31	0:03:32	2:33:47	0:02:08	1:52:16	Australia	
b49b77cf-6db3-4767-a447-3d00a979c5af	443	Ebony JACKSON	F	F40-44	5	5:05:19	0:30:40	0:02:55	2:41:51	0:01:47	1:48:07	Australia	
abd33569-58ae-4da9-9162-97ec64cd3ebb	444	Dean Shepherd	M	M40-44	43	5:05:35	0:41:36	0:04:17	2:30:41	0:03:07	1:45:53	New Zealand	
0a31b454-8079-ea11-a811-000d3a5a1cf8	445	Tara Reiter	F	F25-29	8	5:05:35	0:32:36	0:01:50	2:43:12	0:02:39	1:45:19	Australia	
0b9e8a98-dba3-f011-bbd3-6045bd05f634	446	Connor McNamara	M	M18-24	71	5:05:49	0:26:29	0:02:54	2:36:58	0:01:47	1:57:42	Australia	
63550a7c-3687-ec11-8d21-00224809d409	447	Niamh Crocker	F	F25-29	9	5:05:49	0:35:04	0:03:52	2:49:39	0:02:55	1:34:19	Australia	
e8f71c2d-06e6-f011-8544-000d3a35ffc1	448	Thomas McKay	M	M25-29	87	5:05:53	0:38:13	0:04:33	2:41:34	0:02:27	1:39:05	New Zealand	
5c6eb68f-5eff-4e6f-97d6-2f7c5347add8	449	Samuel Kruger	M	M25-29	88	5:05:58	0:39:25	0:05:16	2:35:20	0:02:54	1:43:02	Australia	
73da9e10-ea2b-4754-97a9-36dedfa07bbc	450	Travis Boyle	M	M45-49	30	5:06:09	0:36:45	0:03:33	2:37:58	0:02:48	1:45:05	Australia	
f5508037-08e6-f011-8544-000d3a5b7c3b	451	Lachy Sawtell	M	M30-34	72	5:06:10	0:32:58	0:03:20	2:45:32	0:06:36	1:37:44	Australia	
ce2143d3-32d0-4c3c-a5cd-a25a32b83f33	452	Jack Gill	M	M35-39	36	5:06:11	0:39:30	0:03:27	2:41:05	0:02:50	1:39:19	Australia	
3389afe6-463f-43f2-8cd3-4656c570c5ee	453	Lachlan Young	M	M25-29	89	5:06:27	0:34:44	0:04:26	2:35:54	0:05:04	1:46:18	Australia	
a93d3d68-9ff0-4a9e-a888-4bf19f8605f9	454	Sakiko Miyake	F	F40-44	6	5:06:40	0:35:14	0:02:44	2:46:47	0:02:24	1:39:31	Japan	
617e1bbe-b178-451c-af32-3ec835c18173	455	Joel Fletcher	M	M45-49	31	5:07:08	0:34:06	0:03:25	2:39:41	0:03:25	1:46:31	Australia	
605b073c-e9a0-4449-85fa-2f67a98f622d	456	David Murtagh	M	M60-64	1	5:07:11	0:43:30	0:03:39	2:36:58	0:02:37	1:40:27	Australia	
6acb278c-387e-f011-b4cc-000d3a5b7c3b	457	Levi Davenport	M	M35-39	37	5:07:16	0:35:11	0:03:32	2:30:14	0:02:46	1:55:32	Australia	
aa132d30-52bc-4199-8204-e18edc8e913e	458	Simon Viitakangas	M	M30-34	73	5:07:19	0:29:24	0:03:31	2:22:47	0:02:44	2:08:52	Australia	
bef43ce4-87bd-43d7-9ffc-69e0911a78a0	459	Andrej Miklosik	M	M45-49	32	5:07:23	0:38:27	0:04:38	2:31:53	0:03:44	1:48:41	Australia	
ac6016d5-67eb-4206-a404-43a58691f8d0	460	Luis Franco Marin	M	M45-49	33	5:07:23	0:30:59	0:03:00	2:39:01	0:03:18	1:51:05	Australia	
56ff821b-65df-ef11-8ee9-000d3a592251	461	Joe McFadden	M	M25-29	90	5:07:32	0:44:12	0:03:04	2:35:56	0:02:17	1:42:04	Ireland	
3042bff6-6c01-f011-bae2-000d3a35ffc1	462	Logan Payne	M	M30-34	74	5:07:36	0:32:17	0:04:38	2:44:59	0:04:02	1:41:39	Australia	
c71cdf25-6341-4432-9111-89dca08c9b95	463	Campbell Thompson	M	M25-29	91	5:07:51	0:39:11	0:07:47	2:37:12	0:04:24	1:39:18	New Zealand	
30fd948d-1b65-49a1-98b4-b0b8b606276e	464	Harry Walker	M	M18-24	72	5:08:01	0:33:28	0:03:22	2:39:27	0:02:49	1:48:55	Australia	
082bf314-08a2-4ad2-b40b-ea3f21042f61	465	Declan Miranda	M	M25-29	92	5:08:05	0:29:24	0:02:24	2:24:19	0:02:04	2:09:54	Australia	
e748095e-af5b-4f6d-bcec-b33b5f6f4ca2	466	Blake Fergus	M	M35-39	38	5:08:08	0:36:41	0:04:45	2:24:20	0:03:49	1:58:32	Australia	
17f75122-bc7f-4291-bb00-2175038428f9	467	Michael Small	M	M50-54	21	5:08:16	0:32:57	0:03:24	2:38:24	0:02:38	1:50:54	Australia	
cb854bd5-cb6b-f011-bec3-000d3a5b50ba	468	rodrigo garcia	M	M35-39	39	5:08:26	0:38:22	0:03:01	2:33:48	0:01:44	1:51:31	Chile	
3d73edfc-e0dd-4f47-abcd-fe8889fe1e86	469	Tess Aungles	F	F30-34	11	5:08:28	0:30:03	0:02:39	2:47:22	0:02:21	1:46:02	Australia	
08da4466-68cb-f011-bbd3-6045bd09951e	470	James Lovejoy	M	M25-29	93	5:08:40	0:33:56	0:04:40	2:45:29	0:02:35	1:41:59	Australia	
f03aa4e1-0f30-f111-88b3-0022480a5755	471	George Orsmond	M	M25-29	94	5:08:53	0:32:01	0:04:06	2:38:38	0:02:18	1:51:51	Australia	
fc3b008a-84c0-4a9d-9884-463491c1545f	472	Mitchell Johnstone	M	M25-29	95	5:08:54	0:33:57	0:04:04	2:40:57	0:03:46	1:46:10	Australia	
f265583b-5435-f111-88b3-0022480a5755	473	steve wicks	M	M35-39	40	5:08:57	0:41:48	0:04:46	2:45:40	0:03:44	1:33:00	United Kingdom	
cb892cbc-a4b6-4a2c-ac5f-322732290f09	474	Grant Schofield	M	M55-59	16	5:08:57	0:33:07	0:02:50	2:22:25	0:02:46	2:07:50	New Zealand	
a997b8a1-6c9e-f011-b41c-000d3a35ffc1	475	Giuseppe Venezia	M	M30-34	75	5:09:11	0:37:47	0:03:48	2:35:01	0:02:23	1:50:12	Italy	
292048a0-1232-4cd8-87f0-0bd165f4a831	476	Michael Martin	M	M50-54	22	5:09:12	0:32:25	0:04:37	2:40:39	0:02:11	1:49:19	Australia	
13c8fc48-e4d3-4e71-8c48-c7626604e548	477	Donald Mackay	M	M40-44	44	5:09:13	0:35:55	0:03:22	2:41:58	0:04:24	1:43:34	Australia	
1a2a8497-026b-f111-a825-002248046451	478	Dylan Buckingham	M	M30-34	76	5:09:28	0:33:07	0:03:51	2:45:57	0:02:14	1:44:20	Australia	
9179e47d-f14f-4963-98cf-f864db7ba017	479	Sidoro Aprile	M	M35-39	41	5:09:30	0:35:35	0:03:27	2:43:27	0:01:55	1:45:06	Australia	
db34e9f4-583d-4e4e-9c0b-49d3e43d1c7a	480	Brian Mylott	M	M45-49	34	5:09:31	0:38:08	0:04:27	2:32:29	0:02:10	1:52:17	Australia	
d10f546e-b500-f111-8406-0022480b88da	481	Luke Addy	M	M30-34	77	5:09:56	0:35:01	0:04:05	2:50:08	0:03:54	1:36:49	Australia	
14720a1d-0f91-ef11-ac21-6045bd02949c	482	Scott Brice	M	M35-39	42	5:09:56	0:35:20	0:03:37	2:46:32	0:02:29	1:41:58	Australia	
a22b6bb6-d865-458f-a1bc-9c325836b306	483	Brooklyn Clarke-Bruce	M	M18-24	73	5:09:57	0:35:27	0:03:31	2:44:20	0:03:28	1:43:12	Australia	
ec67254d-ab6e-4a12-baad-287d61410532	484	Marina Jurjevic	F	F45-49	4	5:10:06	0:36:57	0:02:47	2:38:37	0:02:11	1:49:34	Australia	
1322a0d2-210b-f111-8406-0022480b3ee9	485	Matthew Nau	M	M35-39	43	5:10:07	0:37:15	0:03:53	2:32:09	0:04:11	1:52:39	Australia	
b69ccc80-ff5e-f011-bec2-000d3a5cf7d8	486	Luke Pollard	M	M30-34	78	5:10:18	0:34:50	0:04:29	2:41:41	0:03:32	1:45:46	Australia	
4366d895-2373-4dac-8bf3-92f3d38c6ee8	487	Ben Walker	M	M30-34	79	5:10:24	0:38:24	0:03:24	2:44:17	0:01:57	1:42:22	Australia	
3180f743-d996-f011-b4cc-000d3a5cf7d8	488	Jon Gill	M	M40-44	45	5:10:40	0:30:02	0:03:10	2:35:52	0:02:28	1:59:09	Australia	
ee10aeac-6a6d-4827-9013-297be7777361	489	Dean Ratcliffe	M	M60-64	2	5:10:41	0:32:46	0:02:54	2:38:32	0:02:33	1:53:57	United Kingdom	
0252782e-b70d-ef11-9f8a-000d3a314c24	490	James Zukiewicz	M	M30-34	80	5:10:42	0:39:08	0:03:37	2:43:11	0:02:30	1:42:17	Australia	
71923114-cfa8-4350-9eb0-3de7cc8f8052	491	Heath Phelan	M	M25-29	96	5:10:45	0:39:21	0:05:02	2:49:54	0:05:13	1:31:15	Australia	
73858dfc-9664-f111-a826-0022480b84a3	492	Arthur Wakes-Miller	M	M25-29	97	5:10:51	0:30:48	0:03:10	2:44:59	0:03:28	1:48:25	Australia	
8cb95db0-2a7e-f011-b4cc-000d3a5cf7d8	493	Jack Potter	M	M18-24	74	5:10:52	0:38:07	0:02:59	2:41:14	0:02:55	1:45:37	United Kingdom	
2cebdd3a-705e-43e3-a170-3263a332ffd0	494	Nick Dangerfield	M	M35-39	44	5:11:04	0:30:23	0:03:14	2:40:14	0:04:40	1:52:33	Australia	
49c556d8-8973-f111-ab0f-0022480b3ee9	495	Ewan Smith	M	M18-24	75	5:11:08	0:33:20	0:05:43	2:49:03	0:05:39	1:37:22	Australia	
212328be-6f6e-ef11-a671-000d3a371e3b	496	Ross Nihill	M	M40-44	46	5:11:27	0:38:16	0:04:03	2:37:00	0:03:23	1:48:45	Australia	
34f1bb06-20b7-4571-bc73-687754ad433a	497	Lauren O’Brien	F	F25-29	10	5:11:29	0:34:49	0:03:44	2:47:00	0:03:30	1:42:25	Australia	
970e6602-cadd-4aeb-b3ce-69f2c7951cbc	498	Lachy McVeigh	M	M30-34	81	5:11:49	0:42:31	0:04:26	2:41:43	0:03:41	1:39:27	Australia	
42029d07-3b46-4e40-84c1-22f1c2000c56	499	Hunter Conochie	M	M25-29	98	5:11:56	0:30:04	0:04:16	2:56:31	0:04:32	1:36:33	Australia	
a129b214-5e51-f011-877a-000d3a5b50ba	500	Blake Holmes	M	M30-34	82	5:12:18	0:36:16	0:06:07	2:42:08	0:04:07	1:43:39	Australia	
a5438c64-6134-f011-8c4e-6045bd05fcc1	501	Travis Rinehart	M	M25-29	99	5:12:23	0:35:43	0:03:09	2:46:18	0:01:49	1:45:25	Australia	
e7eba7a2-2b5e-45ef-92b1-4755b1e0ed3b	502	Morgan Pike	F	F40-44	7	5:12:28	0:31:48	0:02:17	2:40:03	0:02:20	1:55:59	Australia	
704c9793-0c28-f111-8341-0022480b3ee9	503	Mitch Nelson	M	M18-24	76	5:12:32	0:28:23	0:03:19	2:44:51	0:04:01	1:51:57	Australia	
33aadda9-7a97-f011-b4cc-000d3a5b7c3b	504	finn stanley	M	M18-24	77	5:12:32	0:40:54	0:03:32	2:41:51	0:03:10	1:43:05	Australia	
ef60403c-49e2-f011-8544-000d3a3173b5	505	James Fletcher	M	M30-34	83	5:12:38	0:36:55	0:04:39	2:51:04	0:03:05	1:36:53	Australia	
66dee512-49dd-ef11-8eea-000d3a5a1803	506	Peter Tekura	M	M25-29	100	5:12:41	0:38:03	0:04:09	2:36:35	0:02:31	1:51:22	New Zealand	
279694c8-c0d7-f011-8543-6045bd05fcc1	507	Justin Smith	M	M50-54	23	5:12:51	0:32:34	0:03:41	2:46:51	0:03:13	1:46:32	Australia	
fecfbf35-7b0b-4d5f-84c7-9b18c7d54b39	508	Nicolaus Edwin Wijaya	M	M30-34	84	5:12:52	0:38:30	0:03:43	2:39:28	0:03:29	1:47:43	Indonesia	
edd6f773-f041-f111-88b3-6045bd08b1a2	509	James Stewart-Koster	M	M30-34	85	5:12:56	0:35:11	0:04:59	2:47:59	0:02:22	1:42:25	Australia	
7a1d2e34-9660-f011-bec3-000d3a5b50ba	510	Kimberly Maclean	F	F25-29	11	5:13:02	0:30:14	0:02:36	3:00:07	0:02:06	1:37:59	New Zealand	
69d17b89-9b37-f011-8c4e-6045bd05fcc1	511	Bradley Matthews	M	M30-34	86	5:13:04	0:30:17	0:03:25	2:53:49	0:03:12	1:42:22	United Kingdom	
75554f1f-9bea-f011-8544-000d3a3173b5	512	Ryan Brown	M	M18-24	78	5:13:12	0:37:34	0:03:55	2:42:59	0:03:29	1:45:14	Australia	
332d4b29-43e5-f011-8544-0022480c097c	513	Dylan Young	M	M30-34	87	5:13:12	0:39:51	0:03:40	2:42:43	0:02:51	1:44:07	Australia	
d1688fe5-fbee-42af-8cd6-d1bc4c7b84f3	514	Hannah Schnieders	F	F25-29	12	5:13:18	0:34:57	0:03:15	2:46:43	0:02:28	1:45:56	Australia	
3298fd6d-bcb8-475f-840f-67b68cc5da90	515	Robert Pearce	M	M55-59	17	5:13:18	0:35:01	0:03:07	2:49:00	0:02:22	1:43:48	Australia	
50c3a5eb-d33c-4779-8c43-079a284d1bf5	516	Royce Geoffrey	M	M30-34	88	5:13:25	0:35:49	0:04:10	2:41:29	0:04:15	1:47:41	Australia	
06d2c85a-d3a8-f011-bbd3-000d3a35ffc1	517	Cameron Dick	M	M35-39	45	5:13:25	0:31:27	0:04:15	2:45:43	0:02:23	1:49:37	New Zealand	
42eed4b6-7e22-4634-b186-dab64f1600d1	518	Tim Turner	M	M55-59	18	5:13:27	0:35:26	0:04:14	2:44:57	0:04:00	1:44:51	Australia	
2eade314-7408-f011-bae2-6045bd05f634	519	Thomas Webb	M	M25-29	101	5:13:44	0:37:50	0:03:48	2:42:57	0:02:18	1:46:50	Australia	
50e51683-5831-f111-88b4-0022480b35b6	520	Harry Hopkins	M	M25-29	102	5:13:46	0:31:10	0:04:16	2:45:30	0:04:15	1:48:35	Australia	
69b1d0d7-3867-43c6-b2eb-027e3ff0eef0	521	Fabio Sanches	M	M40-44	47	5:13:55	0:32:29	0:02:27	2:36:20	0:02:20	2:00:19	Brazil	
a40f42fa-409f-f011-b41c-000d3a5b50ba	522	Ian Isaac	M	M60-64	3	5:14:04	0:37:00	0:03:59	2:44:33	0:02:53	1:45:40	Australia	
0e10f4e6-3018-f011-9989-000d3a5b7c3b	523	Luke Mclaughlin	M	M25-29	103	5:14:06	0:39:24	0:04:31	2:47:46	0:03:05	1:39:22	Australia	
793a888d-b8d2-4c98-a0b0-1d19a9ceac4f	524	Natalya Hounsell	F	F25-29	13	5:14:16	0:34:17	0:03:54	2:48:21	0:02:32	1:45:13	New Zealand	
f881010c-1e01-4c49-a086-6cffed235799	525	Mark Napper	M	M35-39	46	5:14:21	0:37:04	0:03:21	2:42:52	0:04:23	1:46:41	Australia	
8060b622-e969-40d7-a576-9c74a0779aea	526	Justin Russo	M	M40-44	48	5:14:22	0:39:09	0:03:39	2:39:25	0:02:18	1:49:51	United States	
58644e77-c328-4ddd-837d-894a60bd61f8	527	Ben Doughty	M	M40-44	49	5:14:50	0:33:10	0:02:36	2:36:42	0:02:37	1:59:46	Australia	
5ee44ae9-f115-4199-9892-10527487e0fe	528	Vanessa Wallace	F	F40-44	8	5:14:57	0:30:33	0:02:07	2:41:03	0:01:54	1:59:20	Australia	
e827ed3c-5647-f111-bec6-0022480b84a3	529	Costa Cacciola	M	M18-24	79	5:15:04	0:35:28	0:03:40	2:51:48	0:04:22	1:39:47	Australia	
5af53bd9-6ee7-481a-b792-1bfeec5e7c21	530	Eric Blyth-Elvin	M	M35-39	47	5:15:06	0:42:09	0:04:05	2:42:39	0:02:05	1:44:08	Australia	
51f3cf00-c428-f111-8341-002248046451	531	Brett Swain	M	M50-54	24	5:15:11	0:38:07	0:05:02	2:34:47	0:02:43	1:54:34	Australia	
6e9d56b2-5027-f111-8341-6045bd08b1a2	532	Devon Hawkins	M	M30-34	89	5:15:16	0:37:39	0:04:22	2:38:05	0:03:15	1:51:56	Canada	
44374b83-8c93-f011-b4cc-000d3a5b7c3b	533	Andrew Polydorou	M	M30-34	90	5:15:18	0:43:48	0:04:27	2:40:12	0:03:23	1:43:28	Cyprus	
8550d695-afa5-4ebf-824c-a79cf0e3295c	534	Grace Loveridge	F	F25-29	14	5:15:22	0:44:32	0:03:45	2:44:57	0:03:02	1:39:07	New Zealand	
5a43254b-90f5-ee11-a1fd-6045bd064839	535	Kale Sainty	M	M25-29	104	5:15:30	0:38:56	0:04:23	2:47:53	0:03:20	1:40:58	Australia	
eeb4819b-3e75-425f-809f-9292f504e228	536	Ken Doo	M	M45-49	35	5:15:44	0:28:27	0:03:36	2:47:28	0:02:53	1:53:20	Hong Kong	
94e34811-d02a-4113-a208-02e2302d37ff	537	Lindsay Ibbott	F	F40-44	9	5:15:48	0:31:32	0:02:17	2:54:18	0:02:18	1:45:23	Australia	
cd174246-4053-47f0-b686-76a13444e75e	538	Daryl Cleeve	M	M50-54	25	5:15:53	0:36:20	0:04:24	2:35:20	0:03:05	1:56:43	Australia	
29e6aad4-e47f-4474-8d83-4b047d7f580e	539	Lucy McILroy-Foster	F	F25-29	15	5:15:57	0:33:04	0:02:59	2:37:41	0:02:18	1:59:56	New Zealand	
a8c8d011-2517-ef11-9f89-000d3a59e106	540	Nathan Harford	M	M30-34	91	5:16:03	0:39:13	0:04:12	2:30:56	0:03:42	1:57:59	Australia	
7ec3b38f-4368-43d6-9ce4-30c9b39cb0e7	541	Greg Jones	M	M60-64	4	5:16:08	0:38:09	0:03:51	2:41:50	0:02:27	1:49:51	New Zealand	
35a4cd29-4148-f111-bec5-6045bd08b1a2	542	Tori Cahill	F	F35-39	6	5:16:08	0:30:49	0:03:14	2:43:14	0:02:10	1:56:40	Australia	
a2f5d37f-e112-f111-8406-002248046451	543	Maxime Dorner	M	M18-24	80	5:16:20	0:29:51	0:05:01	2:58:11	0:03:02	1:40:15	France	
e3d2f853-83cb-462f-a013-f18e9251b7fa	544	Denis Wright	M	M55-59	19	5:16:26	0:32:29	0:02:50	2:37:10	0:03:09	2:00:48	Australia	
69f194aa-4223-f111-8341-0022480a5755	545	Jake Newmarch	M	M30-34	92	5:16:33	0:41:38	0:05:48	2:43:07	0:04:06	1:41:54	Australia	
06c50e48-9f11-483e-b7bd-2c13ff63a801	546	Hayden Lowth	M	M18-24	81	5:16:38	0:39:36	0:04:33	2:33:00	0:05:55	1:53:34	Australia	
d02b2d67-9870-f111-ab0d-0022480b88da	547	Benjamin Myers	M	M25-29	105	5:16:41	0:30:10	0:03:38	2:49:06	0:02:56	1:50:51	Australia	
67d58543-3810-4220-9c9f-48b0a917fc3a	548	Stefan Howe	M	M45-49	36	5:16:43	0:43:12	0:03:36	2:44:34	0:01:48	1:43:33	New Zealand	
66315c53-5fe7-43e3-bb94-95feead57657	549	Angus Ruggieri-Guthrie	M	M18-24	82	5:16:45	0:37:56	0:07:11	2:44:57	0:03:26	1:43:15	Australia	
cde632ff-8b5d-4323-a84d-2c8e0cac7167	550	Stewart Pither	M	M55-59	20	5:16:59	0:37:19	0:03:47	2:44:51	0:03:32	1:47:29	Australia	
22647501-3f5a-ef11-a316-00224808301f	551	Mike Jackson	M	M30-34	93	5:17:02	0:40:10	0:04:12	2:52:06	0:04:08	1:36:26	United Kingdom	
18b97398-2fc3-f011-bbd3-000d3a3173b5	552	Mark Cobb	M	M25-29	106	5:17:03	0:34:51	0:03:23	2:48:49	0:02:38	1:47:23	United Kingdom	
48df070b-d01d-f111-8341-000d3a5c1a75	553	Ben Elieff		M18-24	83	5:17:08	0:36:45	0:03:37	2:54:43	0:01:56	1:40:08	Australia	
44927149-9d5e-f011-bec1-0022480aed81	554	Andres Galbis Sabater	M	M18-24	84	5:17:12	0:33:41	0:05:08	2:55:41	0:03:00	1:39:42	Spain	
ead3a74b-0a9c-434b-b2c5-20413be970d6	555	Terry Cool	F	F40-44	10	5:17:20	0:33:17	0:03:34	2:44:18	0:02:04	1:54:06	Australia	
7cf1f71b-793f-f011-b4cb-000d3a35ffc1	556	Lleyton Winter	M	M25-29	107	5:17:23	0:35:57	0:04:40	2:45:17	0:04:01	1:47:27	Australia	
0d7492de-8de8-4824-96ab-ac858554226f	557	Troy Smedley	M	M40-44	50	5:17:38	0:32:56	0:03:41	2:40:55	0:03:56	1:56:10	Australia	
c1d15bf0-24cf-f011-bbd3-000d3a5cf7d8	558	Charlie Duncan	M	M18-24	85	5:17:40	0:31:12	0:03:22	2:47:06	0:03:07	1:52:53	Australia	
99ea92de-3415-f111-8341-6045bd06566a	559	Christopher Hansen	M	M30-34	94	5:17:45	0:38:41	0:05:19	2:40:02	0:04:25	1:49:18	Australia	
e7b5ff54-455c-4802-b550-7f729c81767b	560	Christian Watkins	M	M30-34	95	5:17:46	0:36:00	0:04:27	2:29:14	0:03:48	2:04:17	Australia	
41c41a5d-f639-ef11-8409-000d3a367177	561	Alexander Seredenin		M40-44	51	5:17:56	0:39:46	0:02:53	2:42:45	0:02:31	1:50:00	Unknown	
3ab8f763-b9e9-4328-8622-e360ebfd1b8a	562	Graham Burnnand	M	M45-49	37	5:17:57	0:39:58	0:03:52	2:44:45	0:02:21	1:47:02	New Zealand	
61659a13-8d70-f111-ab0d-7c1e528d5074	563	Jorja Welch	F	F18-24	12	5:18:11	0:31:59	0:03:18	2:51:40	0:02:33	1:48:42	Australia	
a478895d-1e40-f011-b4cb-000d3a35ffc1	564	Riley Darrant	M	M25-29	108	5:18:12	0:35:38	0:04:11	2:42:31	0:02:19	1:53:32	Australia	
7a22bbb7-5ccc-47eb-bba2-8bba18edd05b	565	Jeremy Dwyer	M	M45-49	38	5:18:13	0:46:21	0:04:40	2:35:41	0:02:46	1:48:45	Australia	
a9e2b6ed-6b8c-ef11-ac21-000d3a3bee86	566	noah kelly	M	M18-24	86	5:18:23	0:40:38	0:06:01	2:41:52	0:02:35	1:47:18	Australia	
50531214-de70-f111-ab0c-7ced8d3cab0b	567	Nathan Willis	M	M18-24	87	5:18:25	0:36:55	0:02:49	3:00:41	0:01:58	1:36:03	Australia	
2020feae-c3fc-4015-b617-e465bb5efa87	568	Mathew Gaynor	M	M50-54	26	5:18:28	0:33:11	0:03:57	2:36:43	0:04:44	1:59:53	Australia	
af9df421-2d16-f111-8341-6045bd08b1a2	569	Paul Nilsen	M	M18-24	88	5:18:31	0:37:03	0:03:47	2:40:20	0:02:41	1:54:40	Australia	
c2d9e345-dd1b-496e-8bd2-bb275da62c26	570	Steph Armstrong	F	F40-44	11	5:18:32	0:34:44	0:04:49	2:49:55	0:03:09	1:45:54	Australia	
afdaea3f-c26d-f111-ab0d-7c1e528d5074	571	Nathan De Lutiis	M	M25-29	109	5:18:35	0:26:04	0:04:26	2:52:16	0:02:24	1:53:25	Australia	
78a500a2-6a01-f111-8406-0022480995bd	572	Michael Welsh	M	M30-34	96	5:18:35	0:34:16	0:03:04	2:34:32	0:01:57	2:04:46	Australia	
c6baeaec-ad79-f111-ab0f-6045bd06566a	573	Damon Tually	M	M25-29	110	5:18:36	0:32:52	0:04:05	2:45:56	0:01:58	1:53:44	Australia	
26c61d27-ff0a-f011-9988-000d3a5cf7d8	574	Olivia Weiss	F	F40-44	12	5:18:44	0:37:39	0:03:22	2:52:39	0:02:50	1:42:14	Australia	
a5a768fa-bbe9-f011-8544-000d3a5b7c3b	575	GARY BLESSON	M	M60-64	5	5:18:49	0:40:16	0:02:56	2:38:50	0:03:05	1:53:42	United Kingdom	
76bf13b3-7384-ef11-ac21-6045bd05c809	576	Jayson van Wyk	M	M30-34	97	5:18:51	0:36:46	0:03:50	2:48:03	0:03:02	1:47:10	Australia	
f0648a2d-8db9-4176-ada6-051e7ada3dbd	577	Julian Gowdie	M	M30-34	98	5:18:53	0:40:15	0:04:04	2:41:34	0:04:54	1:48:04	Australia	
3cd426a1-21d5-ef11-8eea-6045bd02949c	578	Ben Long	M	M30-34	99	5:19:05	0:34:26	0:04:43	2:52:02	0:03:24	1:44:30	Australia	
cac6d273-45a4-f011-bbd3-000d3a35ffc1	579	Fraser Heard	M	M18-24	89	5:19:08	0:36:45	0:03:26	2:56:52	0:02:49	1:39:16	Australia	
1737d72d-879b-4c20-94f0-9f2318787bc2	580	Julie Howle	F	F55-59	1	5:19:10	0:32:21	0:03:01	2:54:58	0:01:58	1:46:51	Australia	
bc39bcf3-bdcf-4043-8067-02e3fd1497a6	581	Jesse Stirling	M	M30-34	100	5:19:16	0:35:33	0:03:01	2:39:27	0:02:18	1:58:56	Australia	
1703b8fe-11c0-4c9b-9525-b56898595f0e	582	David Mason	M	M45-49	39	5:19:16	0:29:14	0:03:22	2:51:58	0:02:23	1:52:19	Australia	
c6618f7c-4626-f111-8341-0022480b84a3	583	Brandon Maurer	M	M25-29	111	5:19:21	0:40:42	0:04:06	2:45:51	0:03:27	1:45:16	Australia	
6fca43ed-064a-ee11-be6e-000d3a3148fb	584	Joao Bersi	M	M30-34	101	5:19:27	0:34:20	0:03:53	2:39:10	0:03:40	1:58:24	Brazil	
25e4b86e-0b36-f111-88b4-0022480b35b6	585	Jack Zimmer	M	M18-24	90	5:19:31	0:33:41	0:05:59	2:48:04	0:03:55	1:47:51	Australia	
5e60c078-a373-f111-ab0f-7c1e528d5074	586	Julian Vieira	M	M18-24	91	5:19:42	0:41:19	0:03:20	2:36:16	0:02:08	1:56:38	Australia	
4da36fd8-9cc1-f011-bbd3-6045bd09951e	587	Sam Morrison	M	M25-29	112	5:19:46	0:35:39	0:03:25	2:46:30	0:01:56	1:52:16	Australia	
71261f2f-e950-f111-bec7-0022480b3ee9	588	Jayden Livock	M	M25-29	113	5:19:49	0:42:45	0:03:54	2:35:14	0:04:48	1:53:07	Australia	
bafee099-3c10-f111-8406-6045bd06566a	589	Adam Aitken	M	M35-39	48	5:19:52	0:30:20	0:05:33	2:35:06	0:03:05	2:05:49	Australia	
6c9e8712-ae31-f111-88b3-6045bd08b1a2	590	Cam Stephen	M	M18-24	92	5:19:53	0:40:47	0:05:11	2:44:54	0:05:56	1:43:04	Australia	
2cf69827-1002-4017-9ee2-39cb4a9a4c87	591	Stefan Webling	M	M35-39	49	5:19:53	0:40:16	0:05:11	2:31:27	0:03:03	1:59:57	New Zealand	
479775ff-f37e-4916-a058-4862c0b3a349	592	Adam Phillips	M	M45-49	40	5:20:05	0:40:38	0:04:22	2:42:21	0:02:28	1:50:16	Australia	
c2dafc00-476b-f011-bec2-0022480a7385	593	Rachael Long	F	F40-44	13	5:20:15	0:36:27	0:02:51	2:47:12	0:01:51	1:51:53	Australia	
28cc969b-b81e-4042-8c7d-5a939ce065ac	594	Sebastien Christodoulou	M	M25-29	114	5:20:29	0:35:22	0:04:23	2:47:05	0:02:32	1:51:06	South Africa	
b29e2bc8-946b-f111-a825-0022480b35b6	595	Jason Haynes	M	M30-34	102	5:20:29	0:47:15	0:03:57	2:47:44	0:03:11	1:38:22	United Kingdom	
27ab328e-a60b-4737-b375-e5d2d445b2ae	596	Kearin Holt	M	M35-39	50	5:20:32	0:33:48	0:03:31	2:59:54	0:02:30	1:40:48	Australia	
15af960c-5267-4d04-9ca1-112dfbb2b6d7	597	Tom Irwin	M	M25-29	115	5:20:35	0:36:37	0:04:12	2:49:42	0:02:11	1:47:52	Australia	
9857d23d-0ed4-481d-8262-8ac307ce00a7	598	Stjepan Palinic	M	M35-39	51	5:20:38	0:36:16	0:02:37	2:39:16	0:02:57	1:59:31	Croatia	
20cc78e6-0c1f-f011-9989-000d3a5b7c3b	599	Justin Bonavia	M	M35-39	52	5:20:40	0:50:51	0:03:08	2:33:05	0:03:56	1:49:41	Australia	
cdd960dd-d749-f111-bec6-0022480995bd	600	Mathew OConnor	M	M35-39	53	5:20:43	0:35:56	0:04:21	2:53:40	0:02:30	1:44:15	Australia	
73bb50eb-817b-44e6-b239-2e1531b89449	601	Brett Thompson	M	M35-39	54	5:20:48	0:41:35	0:05:03	2:47:49	0:02:12	1:44:08	Australia	
49d3e3c0-6b6f-f111-ab0d-002248046ec8	602	Joseph Storey	M	M18-24	93	5:20:49	0:27:48	0:03:01	2:46:07	0:02:21	2:01:32	New Zealand	
a510397c-9cf8-ee11-a1fd-6045bd064839	603	Charley O'Brien	F	F35-39	7	5:20:57	0:32:11	0:03:36	2:44:54	0:03:13	1:57:03	Australia	
9612d8ae-4ee0-ee11-904c-6045bd075a4c	604	Jason Stayt	M	M35-39	55	5:21:06	0:39:41	0:03:22	2:48:43	0:03:10	1:46:10	Australia	
e917fdac-087f-f111-ab0f-6045bd06566a	605	Thomas Cotton	M	M25-29	116	5:21:10	0:38:27	0:04:46	2:41:58	0:07:08	1:48:52	United Kingdom	
217b2b54-e250-f111-bec6-0022480b8814	606	Kenzie Durbridge	F	F25-29	16	5:21:14	0:37:35	0:04:02	2:48:28	0:03:02	1:48:06	Australia	
39df41bb-15f9-f011-8406-0022480994c2	607	CHRISTIAAN BEYERS	M	M30-34	103	5:21:18	0:43:50	0:07:02	2:47:45	0:07:13	1:35:28	Australia	
fa7ef8fd-83ef-4313-8a3c-2d000def278b	608	Damien Brown	M	M50-54	27	5:21:23	0:36:31	0:03:16	2:38:09	0:02:15	2:01:13	Australia	
389ae4bb-bcd5-f011-8544-000d3a5b50ba	609	Nick Allitt	M	M45-49	41	5:21:30	0:40:17	0:02:47	2:29:30	0:02:13	2:06:43	Australia	
d849be4a-ae7c-403c-ab72-7f9b5e3fe7b0	610	Sean Spillane	M	M50-54	28	5:21:32	0:37:21	0:03:56	2:28:32	0:04:47	2:06:55	United Kingdom	
7ba34832-22cc-46b2-a140-6da91a5330c0	611	Mathew Milburn	M	M35-39	56	5:21:34	0:40:55	0:04:09	2:48:11	0:02:30	1:45:48	Australia	
aeac1682-4dcc-4396-a65c-b5b2c051a658	612	Richard BOLT	M	M45-49	42	5:21:36	0:38:51	0:04:30	2:38:00	0:04:03	1:56:12	Australia	
9538d88f-fd3f-4655-8afa-0ea36565b34b	613	Gabrielle Mcgann	F	F18-24	13	5:21:42	0:39:58	0:03:41	2:52:10	0:01:56	1:43:58	Australia	
919e32ac-f983-f011-b4cb-7ced8d3cd8e3	614	Munkhgerel SUKHBAATAR	M	M35-39	57	5:21:47	0:43:11	0:05:25	2:52:10	0:03:17	1:37:45	Mongolia	
6403c589-f327-f111-8341-6045bd08b1a2	615	Mitch Walsh	M	M25-29	117	5:21:51	0:38:33	0:04:53	2:39:59	0:02:21	1:56:05	Australia	
341f7538-ba28-4cb1-8ae7-366b8be40ba0	616	Son Martin	F	F40-44	14	5:21:54	0:45:00	0:04:20	2:41:25	0:03:02	1:48:07	Spain	
c22d0639-98b1-41dd-b382-8e82be894caf	617	Richard Ballinger	M	M50-54	29	5:21:57	0:41:38	0:03:10	2:44:24	0:02:05	1:50:40	United Kingdom	
f2b63bdf-da84-eb11-a812-00224809d019	618	Vicente Marin	M	M25-29	118	5:22:00	0:37:36	0:04:42	2:45:14	0:03:20	1:51:07	Chile	
c830ac89-78d9-f011-8543-000d3a307b03	619	Dane Bywater	M	M35-39	58	5:22:02	0:39:59	0:03:44	2:43:54	0:03:25	1:51:00	Australia	
78eafdb5-76cd-ef11-b8e9-002248049fdc	620	Adam Cotter	M	M40-44	52	5:22:07	0:31:30	0:04:04	2:45:50	0:02:34	1:58:09	United Kingdom	
c3466bdf-1162-f111-a825-0022480b88da	621	Amanda Papic	F	F25-29	17	5:22:10	0:39:51	0:03:01	2:55:32	0:02:01	1:41:45	Canada	
c68ceae2-c9d6-ee11-9079-000d3a314329	622	Callum Duffield	M	M18-24	94	5:22:19	0:41:13	0:04:23	2:39:39	0:03:32	1:53:32	Australia	
750b3d07-cc6f-f111-ab0d-7c1e528d5074	623	Jack Potter	M	M25-29	119	5:22:21	0:35:24	0:04:50	2:57:21	0:04:43	1:40:04	Australia	
4f5a5956-5764-4e7f-abd2-91a5dfd24e37	624	Steve Copelin	M	M50-54	30	5:22:22	0:34:52	0:02:50	2:44:05	0:01:58	1:58:37	Australia	
8240f8c1-d866-4847-8ccf-a4ad1de1dc3c	625	Lee Paine	M	M40-44	53	5:22:28	0:42:20	0:03:43	2:50:06	0:03:33	1:42:46	Australia	
c99d89c1-f2fd-468e-af40-ef38f42fb9d1	626	Brett Ison	M	M50-54	31	5:22:31	0:37:58	0:03:19	2:38:08	0:06:32	1:56:34	Australia	
04b820a7-b21d-f111-8341-002248046ec8	627	Alexander Page	M	M18-24	95	5:22:34	0:32:55	0:03:27	2:52:56	0:02:02	1:51:14	United Kingdom	
d3a1e593-9b2d-f111-88b3-0022480b84a3	628	Lachlan Matthews	M	M25-29	120	5:22:43	0:40:30	0:05:18	2:57:33	0:02:56	1:36:27	Australia	
633c4c47-266b-f011-bec2-000d3a5b7c3b	629	Caitlin Brown	F	F25-29	18	5:22:47	0:38:50	0:02:00	2:55:37	0:02:11	1:44:08	United Kingdom	
6dab8e3d-8223-4cbf-9341-b1ca42e72260	630	Amy Evans	F	F40-44	15	5:22:58	0:40:04	0:03:39	2:44:45	0:02:23	1:52:08	Australia	
d2272bd3-ba42-f011-b4cb-000d3a35ffc1	631	Tom Crowe	M	M30-34	104	5:23:07	0:38:25	0:03:34	2:46:11	0:02:18	1:52:40	Ireland	
a9452218-bf0b-f111-8406-002248046451	632	Jonty Macdougall	M	M18-24	96	5:23:08	0:39:18	0:05:07	2:58:21	0:06:32	1:33:49	Australia	
c4a534c5-45c8-402f-8f17-436db84e02a5	633	Tim Cannard	M	M45-49	43	5:23:22	0:45:16	0:04:14	2:39:17	0:02:56	1:51:39	New Zealand	
1e48f293-53a8-4fe7-990b-861ebd3e1066	634	Jo Cope	F	F55-59	2	5:23:28	0:40:04	0:04:10	2:42:06	0:03:54	1:53:14	Australia	
4cc650c4-49b5-4346-b520-a0a37343ffb3	635	Gary Wheeler	M	M45-49	44	5:23:29	0:36:11	0:02:48	2:41:17	0:01:56	2:01:18	Australia	
66368ef2-700f-44b7-b931-e6461ca54ef3	636	Caleb Neale	M	M25-29	121	5:23:34	0:36:10	0:03:13	2:56:59	0:02:48	1:44:24	Australia	
3a339e2a-813f-f111-88b4-0022480b88da	637	Nicholas Greer	M	M18-24	97	5:23:38	0:30:22	0:04:34	2:44:56	0:04:28	1:59:18	Australia	
b445b07b-4f56-f111-bec6-6045bd08b1a2	638	Douglas Shephard	M	M30-34	105	5:23:48	0:39:10	0:04:02	2:51:14	0:03:12	1:46:09	Australia	
4bfdba5f-ff16-f111-8341-6045bd08b1a2	639	Milan Cervienka	M	M35-39	59	5:23:56	0:42:22	0:06:56	2:50:37	0:02:52	1:41:09	Slovakia	
6538dbef-2fbf-41d1-8640-8e32d602abb8	640	Tracy Foyster	F	F60-64	1	5:24:04	0:36:18	0:03:15	2:44:37	0:02:22	1:57:32	Australia	
fa72c903-561b-f111-8341-0022480b35b6	641	luca kelly	M	M18-24	98	5:24:08	0:35:57	0:04:18	2:49:03	0:02:48	1:52:02	Australia	
35b17bff-cdaa-4f8f-bdce-94731b092704	642	Tsz Fung Chiu	M	M35-39	60	5:24:09	0:39:57	0:03:25	2:43:23	0:02:46	1:54:37	Hong Kong	
5cbd03cd-3776-473d-b1fd-66d60f6fbb95	643	Francisca Dutilh	F	F25-29	19	5:24:14	0:35:29	0:03:43	2:53:00	0:02:06	1:49:56	Chile	
9f198af2-6590-4389-91f7-718e244cf8f8	644	Scott Behnke	M	M45-49	45	5:24:17	0:35:07	0:03:38	2:33:47	0:03:43	2:08:01	Australia	
b365c640-fc0a-f011-9988-000d3a5b50ba	645	Katherine Bolitho	F	F25-29	20	5:24:21	0:36:32	0:03:56	2:47:54	0:02:44	1:53:15	United States	
888ca199-539d-4258-8273-f37c5a0036d3	646	Cody Heath	M	M35-39	61	5:24:23	0:42:56	0:04:28	2:49:59	0:02:25	1:44:34	United States	
5e0579a0-728b-4cf7-8eb2-46fd83c84391	647	Andrew Batchelor	M	M55-59	21	5:24:30	0:33:57	0:02:41	2:55:57	0:02:39	1:49:16	Australia	
172a8bdc-7662-4563-b09c-d2943a9a1a53	648	Jacob Nerney	M	M30-34	106	5:24:30	0:37:32	0:05:24	2:47:55	0:02:45	1:50:54	Australia	
5867dbd6-ebf6-ed11-8848-000d3a314329	649	Lachlan Kirchner	M	M25-29	122	5:24:32	0:34:06	0:07:52	2:45:51	0:04:41	1:52:01	Australia	
884d664d-2a93-4fff-99dd-c906e3036e7b	650	Matthew Cronan	M	M40-44	54	5:24:35	0:35:53	0:04:25	2:45:13	0:03:13	1:55:51	Australia	
e0d104e8-d132-4d46-98c3-8110c407b42c	651	Kurt Haggard	M	M25-29	123	5:24:51	0:38:10	0:03:52	2:47:25	0:03:23	1:52:02	Australia	
1d027acd-ccf7-43f1-ae20-0928027aa438	652	Anthony James	M	M60-64	6	5:24:52	0:31:40	0:04:06	2:40:24	0:02:52	2:05:50	Australia	
d00e64a4-4e1f-f111-8341-0022480995bd	653	Claudia Burt	F	F18-24	14	5:24:53	0:34:13	0:04:03	2:57:04	0:02:29	1:47:04	Australia	
2084caf2-a18d-ee11-8179-000d3a31406e	654	Adam Smit	M	M18-24	99	5:24:55	0:29:05	0:02:51	2:51:11	0:02:03	1:59:45	Australia	
b5e2b727-4aa3-f011-bbd3-6045bd05fcc1	655	Anderson Wu	M	M25-29	124	5:24:59	0:33:24	0:06:23	2:39:56	0:03:29	2:01:47	Australia	
8c09ccce-9720-472f-96fc-e1b7943470f1	656	Benjamin Sander	M	M18-24	100	5:25:04	0:35:04	0:03:57	2:35:08	0:03:30	2:07:25	Australia	
57e67c29-9907-f111-8406-7ced8d3c89d9	657	Macarra Parkinson	F	M45-49	46	5:25:06	0:40:16	0:05:09	2:35:47	0:03:10	2:00:44	Australia	
e2e1f1b5-c6bf-4a5c-9543-82299281d29e	658	Oliver Hughes	M	M30-34	107	5:25:08	0:38:26	0:03:00	2:41:34	0:03:55	1:58:13	United Kingdom	
6508e3b9-2388-ef11-ac21-6045bd05c809	659	Dean Gorman	M	M40-44	55	5:25:09	0:39:23	0:06:07	2:53:58	0:03:23	1:42:18	Australia	
5c4781c8-113d-f111-88b3-6045bd06566a	660	Ella Webster	F	F18-24	15	5:25:09	0:32:40	0:03:47	2:52:58	0:02:30	1:53:14	Australia	
fe1b0dee-b3ff-4a1a-9f9a-e1432d64158f	661	David Bevan	M	M60-64	7	5:25:10	0:43:06	0:04:06	2:41:54	0:05:32	1:50:32	Australia	
08a211e4-995f-f111-a826-0022480b88da	662	Jesse Buhagiar	M	M18-24	101	5:25:15	0:43:50	0:04:28	2:52:10	0:03:18	1:41:29	Australia	
bf988a20-d3e3-43d8-81f1-a46fa80d7f1f	663	Emily Mina	F	F30-34	12	5:25:16	0:36:19	0:03:56	2:54:34	0:03:31	1:46:56	Australia	
35e89898-9479-f111-ab0f-6045bd08b1a2	664	Johnnie Bedford	M	M30-34	108	5:25:19	0:29:52	0:05:14	2:46:50	0:03:33	1:59:50	Australia	
148f6dde-34a8-f011-bbd3-000d3a3173b5	665	Toby Costi	M	M25-29	125	5:25:20	0:36:03	0:05:15	2:54:09	0:03:34	1:46:19	Australia	
b025dbd3-0acf-f011-bbd3-000d3a5cf7d8	666	Kai Healey	M	M25-29	126	5:25:27	0:35:39	0:02:18	2:44:34	0:01:41	2:01:13	Australia	
eb132381-b107-f111-8406-0022480b88da	667	Steve Miller	M	M65-69	2	5:25:29	0:37:23	0:02:18	2:40:45	0:02:15	2:02:48	Australia	
02706dcb-fe38-467f-88b4-bc43060c316d	668	Anna Cock	F	F50-54	1	5:25:39	0:33:38	0:03:47	2:50:05	0:02:33	1:55:36	Australia	
26daa79d-3fa4-f011-bbd3-0022480a7385	669	Peter Hamill	M	M18-24	102	5:25:42	0:40:47	0:04:08	2:54:42	0:02:25	1:43:40	Australia	
111315ab-cd1f-454e-a951-1f039a1ca039	670	Louis Gray	M	M35-39	62	5:25:44	0:35:33	0:03:53	2:45:57	0:03:03	1:57:18	Australia	
4bb4f17f-404e-f111-bec5-70a8a5b0a091	671	Molly Harris	F	F25-29	21	5:25:45	0:38:38	0:03:36	2:59:57	0:06:23	1:37:11	United Kingdom	
00cffb65-cade-f011-8544-000d3a5b7c3b	672	Callan Jaensch	M	M30-34	109	5:25:45	0:39:52	0:05:34	2:54:48	0:03:33	1:41:58	Australia	
eb679da0-fc0a-f111-8406-0022480994c2	673	Zac Baldwin	M	M25-29	127	5:26:02	0:40:52	0:04:27	2:43:36	0:02:41	1:54:26	Australia	
68c66583-9fda-4210-afda-e6a6aca0b4b7	674	Shane Lye	M	M60-64	8	5:26:11	0:38:00	0:02:39	2:43:33	0:02:59	1:58:59	New Zealand	
3cf2d113-aa9e-4c57-8d44-a1045bac64b0	675	Ray Zheng	M	M45-49	47	5:26:13	0:38:13	0:04:42	2:45:37	0:03:48	1:53:53	Australia	
ee32fa47-5d14-4bcb-8b4c-3b47ab488e87	676	Julianne Whitton	F	F40-44	16	5:26:19	0:35:03	0:04:03	2:46:56	0:03:39	1:56:38	Australia	
9a2ddab2-33e6-f011-8544-000d3a5b50ba	677	Luke Condon	M	M30-34	110	5:26:19	0:39:10	0:04:42	2:55:55	0:02:34	1:43:58	Australia	
8dffb0ac-28d1-41d0-9dd4-911ebd3addfb	678	Jason Schurmann	M	M50-54	32	5:26:21	0:38:21	0:04:05	2:36:46	0:03:49	2:03:19	South Africa	
d5b8e4e0-bbfd-4256-9dfe-cecb0b9dffd7	679	Jacob Rockwell	M	M25-29	128	5:26:26	0:40:29	0:04:22	2:52:43	0:02:48	1:46:04	Australia	
233f9dfb-8ad5-f011-8544-000d3a3173b5	680	Mitchel Bruce	M	M18-24	103	5:26:29	0:35:53	0:04:02	2:44:16	0:03:12	1:59:05	Australia	
7d1afb37-9d8c-f011-b4cc-6045bd05f634	681	Santo Losurdo	M	M50-54	33	5:26:29	0:46:21	0:04:54	2:32:37	0:04:48	1:57:49	Australia	
55171f8c-d1c0-4ecc-b23c-ba141138fb1e	682	RODNEY SEETO	M	M30-34	111	5:26:29	0:40:26	0:03:55	2:52:28	0:03:55	1:45:45	Papua New Guinea	
3f3af26c-7f96-f011-b4cc-6045bd09951e	683	LACHLAN TINDAL	M	M35-39	63	5:26:30	0:40:12	0:05:09	2:51:58	0:03:19	1:45:51	Australia	
e515bcd1-b3ac-4ef8-b7d0-8ddc272e9e8d	684	Phebe BAKER	F	F45-49	5	5:26:33	0:34:19	0:03:20	2:49:28	0:04:37	1:54:50	Australia	
060d0ab7-faf1-f011-8407-6045bd09fcf5	685	Josh Pearce	M	M18-24	104	5:26:36	0:36:44	0:05:24	2:47:57	0:03:06	1:53:24	Australia	
11e471f1-4724-4b58-8ffa-4e92137dd3b9	686	Lotte Sibbald	F	F30-34	13	5:26:36	0:43:11	0:04:06	2:54:28	0:03:32	1:41:19	Netherlands	
b2a56614-4669-4b16-aff6-6eb58da353c6	687	Adam Parsons	M	M40-44	56	5:26:46	0:34:39	0:04:34	2:42:17	0:02:27	2:02:49	Australia	
5924253f-b874-4ed4-9ed5-14b6f795dde4	688	Hayley Fry	F	F25-29	22	5:26:49	0:37:40	0:03:48	2:47:04	0:03:14	1:55:04	Australia	
1e0c7fe1-8661-f111-a826-6045bd06566a	689	Elianna Mcmenamin	F	F25-29	23	5:26:52	0:28:31	0:05:19	2:58:11	0:03:36	1:51:14	Australia	
92d72c13-317e-49ac-9032-bcb07a58f6b9	690	Toby Jones	M	M25-29	129	5:26:55	0:35:01	0:05:05	2:57:05	0:03:01	1:46:43	Australia	
5331901a-8ef1-f011-8407-0022480c370f	691	Lockie Martin	M	M18-24	105	5:27:04	0:31:35	0:04:49	2:49:23	0:03:30	1:57:48	Australia	
f8a46211-b619-e511-9403-005056951bf1	692	Raymond Minor	M	M60-64	9	5:27:05	0:36:05	0:02:17	2:40:55	0:01:51	2:05:56	Australia	
ec8348d6-0abf-4094-998f-36a99e65db26	693	Lachlan Munnich	M	M30-34	112	5:27:08	0:42:11	0:03:46	2:50:49	0:03:53	1:46:28	Australia	
739cf7d9-7dea-4a54-bf30-c24c49eb5204	694	Cheryl Clarenc	F	F45-49	6	5:27:08	0:40:10	0:03:40	2:47:01	0:03:42	1:52:35	Australia	
1775c65b-402f-4632-8afc-a7b62643b046	695	Brayden Pearce	M	M35-39	64	5:27:09	0:36:35	0:05:26	2:44:20	0:03:31	1:57:18	Australia	
1a7ade6c-ef30-4c26-86ba-981036381d08	696	Jonathan Sutton	M	M40-44	57	5:27:10	0:40:50	0:04:26	2:44:24	0:04:03	1:53:28	New Zealand	
a5e2d96f-a8dc-f011-8544-000d3a5cf7d8	697	Simba Walz	M	M18-24	106	5:27:12	0:32:39	0:03:52	2:50:38	0:03:35	1:56:29	Australia	
5bcf1ceb-d8ab-ef11-b8e8-6045bd018d16	698	Adam Chapman	M	M50-54	34	5:27:17	0:32:24	0:05:44	2:43:11	0:06:24	1:59:35	Australia	
975434b6-924c-48cd-827a-7df815af9054	699	Camilla Swenson	F	F40-44	17	5:27:26	0:37:24	0:03:21	2:47:28	0:02:52	1:56:21	Australia	
bb038276-edde-4bef-a388-531aee76a4a8	700	Bonnie White	F	F25-29	24	5:27:27	0:36:38	0:02:12	2:51:15	0:02:22	1:55:00	Australia	
2d6dd96e-d50b-4f86-bcc0-6bed6f39dc4e	701	Robert Walker	M	M55-59	22	5:27:31	0:37:20	0:04:17	2:35:12	0:02:11	2:08:31	Australia	
03c1ab1a-74ec-4843-a23c-4775f2958169	702	Riley Lockett	M	M25-29	130	5:27:34	0:38:08	0:04:09	2:53:24	0:02:45	1:49:08	Australia	
dadca286-8943-f111-88b4-0022480b35b6	703	PETER KUHL	M	M30-34	113	5:27:49	0:38:22	0:04:11	2:44:51	0:02:37	1:57:47	Australia	
f511c0d6-f6ac-47d7-8676-a42ae151e5eb	704	Mackenzie Achilles	F	F40-44	18	5:27:50	0:34:23	0:03:17	2:55:40	0:02:17	1:52:13	Australia	
3f5be7d6-07c0-4950-87ad-e9574762d1d6	705	Peter Clark	M	M55-59	23	5:27:52	0:34:55	0:03:03	2:47:38	0:03:29	1:58:46	Australia	
0d8c82c0-d27e-4e0a-b9bf-49825f2ac457	706	Sam Channells	M	M30-34	114	5:28:03	0:41:07	0:03:14	2:45:03	0:03:29	1:55:09	Australia	
f65fd4b1-e29c-4d4b-8f2f-4cd56358e02e	707	Ian Sharples	M	M60-64	10	5:28:08	0:33:27	0:03:05	2:53:42	0:02:14	1:55:40	Australia	
538df10e-ef88-4020-84d8-910cfbfa1d38	708	George Silvino	M	M35-39	65	5:28:10	0:41:57	0:03:58	2:43:17	0:02:27	1:56:30	Australia	
0a8c86f0-1f32-4699-beba-b324c0cc5df7	709	Terrance Britt	M	MGuide	1	5:28:11	0:46:22	0:03:54	2:30:29	0:04:20	2:03:05	Australia	
0bcd1e5b-c0fb-f011-8406-0022480b84a3	710	Colton Chase Ellsessor	M	M25-29	131	5:28:14	0:34:01	0:04:43	2:58:34	0:04:45	1:46:11	Australia	
063f2ab9-8c44-45d8-a78f-20a3cb0e80cf	711	Scott Mcguinness	M	M35-39	66	5:28:15	0:37:29	0:04:25	2:30:21	0:02:21	2:13:40	Australia	
158df9e3-5158-40ef-9d18-4d18ac55966c	712	Marcos Silva	M	M35-39	67	5:28:24	0:40:52	0:06:01	2:38:19	0:05:12	1:58:01	Brazil	
f9012f95-a9c7-4c39-b732-cd99b519efca	713	Robert Vela	M	M30-34	115	5:28:26	0:36:19	0:04:32	2:50:12	0:02:37	1:54:47	Croatia	
7bfb59da-480b-4d74-805a-6933eacbdafb	714	Caitlin Deck	F	F18-24	16	5:28:31	0:35:25	0:06:14	2:55:19	0:03:56	1:47:37	Australia	
7721b047-8bf9-4a54-863f-906577fbfda3	715	Dominic Toole	M	M55-59	24	5:28:36	0:33:04	0:04:16	2:40:43	0:04:18	2:06:15	Australia	
4c0e3ccb-080a-434a-95a9-c91c66010369	716	Matt Rogers	M	M40-44	58	5:28:53	0:38:13	0:05:15	2:52:25	0:05:21	1:47:39	Australia	
c15b5d24-c5ec-ed11-8849-000d3a314c24	717	Martyn Jennings-Temple	M	M45-49	48	5:28:56	0:35:59	0:04:25	2:49:43	0:03:49	1:55:00	United Kingdom	
1626c3f7-811a-4a1f-9c9b-9526d7c8e8ef	718	Nigel Barnett	M	M45-49	49	5:28:56	0:31:52	0:05:48	2:43:41	0:04:58	2:02:38	Australia	
48d79c48-6044-f111-88b4-0022480995bd	719	Callum Livingstone	M	M30-34	116	5:28:57	0:39:47	0:04:33	2:56:22	0:03:24	1:44:51	Australia	
99290d9e-cf4a-44ca-ae99-83d6662af61d	720	Josh Womersley	M	M25-29	132	5:29:06	0:36:04	0:03:35	2:53:51	0:03:42	1:51:55	Australia	
241efa01-170e-f111-8406-0022480a5755	721	Ryan Davies	M	M35-39	68	5:29:08	0:42:22	0:04:31	2:54:50	0:05:11	1:42:14	United Kingdom	
b4791a90-5d34-f111-88b3-000d3a5c7421	722	Jema Dizdarevic	F	F25-29	25	5:29:12	0:32:35	0:04:57	3:05:05	0:02:19	1:44:16	United Kingdom	
57e67c29-9907-f111-8406-7ced8d3c89d9	723	Macarra Parkinson	F	F25-29	26	5:29:17	0:35:04	0:03:53	2:44:35	0:02:08	2:03:37	Australia	
9ff9c6cb-2af9-48ea-a30b-1b282c42fba8	724	Nicholas Newman	M	M35-39	69	5:29:17	0:33:05	0:04:24	2:49:34	0:03:27	1:58:47	New Zealand	
f18caaa5-c5d6-4b97-ab71-f03249a5676e	725	Craig Wylie	M	M55-59	25	5:29:20	0:37:56	0:03:30	2:54:18	0:04:14	1:49:21	Australia	
49c0314e-f341-f111-88b4-002248046ec8	726	Nate Cody	M	M18-24	107	5:29:21	0:34:42	0:05:09	2:56:00	0:06:34	1:46:56	Australia	
194f0095-a4ce-4d54-9588-408cf728ca36	727	Zachary Bromage	M	M18-24	108	5:29:25	0:33:20	0:04:00	2:58:48	0:03:39	1:49:38	Australia	
d73c2b4b-d72e-f111-88b3-0022480b84a3	728	Jacob Frechtling	M	M25-29	133	5:29:25	0:42:18	0:04:15	2:52:56	0:02:19	1:47:37	New Zealand	
a491efa5-b5a4-ef11-8a6a-002248049fdc	729	Christie Arthur	F	F30-34	14	5:29:28	0:34:10	0:04:28	3:02:34	0:04:07	1:44:09	Australia	
2112e00e-e049-f011-877a-0022480a7385	730	Bradley Jansen	M	M55-59	26	5:29:29	0:38:33	0:03:38	2:43:29	0:04:21	1:59:28	Australia	
cc9fcd80-6f39-f111-88b4-0022480b35b6	731	Lachlan Gold	M	M30-34	117	5:29:29	0:35:52	0:03:11	2:48:48	0:02:35	1:59:03	Australia	
a992f4e4-6e3b-498e-bd91-50bf782914ee	732	Nicole Rickerby	F	F30-34	15	5:29:36	0:33:41	0:04:16	2:50:23	0:03:05	1:58:11	Australia	
589e75da-8e32-4370-bb4f-11a44653adc2	733	Christian Fox	M	M35-39	70	5:29:50	0:39:59	0:03:51	2:43:44	0:03:30	1:58:46	Australia	
a21a0099-eaaf-f011-bbd3-000d3a35ffc1	734	Kane Scott	M	M25-29	134	5:29:54	0:37:40	0:05:42	2:53:08	0:03:26	1:49:58	Australia	
a0103bf5-2a7e-f011-b4cc-000d3a5b50ba	735	Luke Heatley	M	M25-29	135	5:30:03	0:38:22	0:04:06	3:05:34	0:02:42	1:39:18	Australia	
c62490ec-2ad3-4a8b-ac2d-630abc702c13	736	Michael Antonio	M	M70-74	1	5:30:04	0:43:31	0:03:18	2:35:42	0:03:21	2:04:13	Australia	
1747748b-2671-4ed5-8f8c-9e10e086e803	737	Matthew Johnston	M	M50-54	35	5:30:05	0:33:57	0:03:07	2:51:40	0:03:20	1:58:01	Australia	
1087fb46-3136-f111-88b4-0022480994c2	738	Melissa Drake	F	F35-39	8	5:30:13	0:38:28	0:04:06	2:45:49	0:03:57	1:57:52	Australia	
7c477d67-0cd7-ef11-8eea-002248049fdc	739	Louis Docherty	M	M25-29	136	5:30:17	0:36:53	0:03:38	2:50:58	0:04:24	1:54:25	United Kingdom	
aceda81d-1de5-f011-8544-000d3a5b50ba	740	Kristina Kandrotaite	F	F30-34	16	5:30:21	0:43:20	0:03:09	2:47:53	0:01:51	1:54:07	Australia	
ef7e6ca5-b049-f111-bec6-0022480b84a3	741	Damien George	M	M50-54	36	5:30:21	0:37:12	0:04:20	2:47:55	0:03:29	1:57:25	Australia	
cefc3237-7521-4f58-8c10-9d333f446c8a	742	Libby Kirk-Burnnand	F	F40-44	19	5:30:24	0:36:05	0:04:13	2:47:09	0:04:11	1:58:46	Australia	
11935c8f-2a4d-4672-97d3-47b57a4de1dd	743	Tom Stockman	M	M50-54	37	5:30:26	0:32:25	0:04:26	2:45:40	0:03:37	2:04:18	Australia	
35b6becb-9c68-f111-a826-0022480995bd	744	William McIntyre	M	M30-34	118	5:30:29	0:33:20	0:03:56	2:56:00	0:02:46	1:54:27	Australia	
8d74ddf5-a828-f111-8341-0022480a5755	745	Orla Trihy	F	F25-29	27	5:30:37	0:32:31	0:02:56	2:56:11	0:02:26	1:56:32	Ireland	
e6a59434-ffd7-f011-8544-000d3a5b7c3b	746	Luke Clancy	M	M30-34	119	5:30:38	0:34:48	0:05:27	2:40:04	0:03:57	2:06:22	Australia	
d10f2959-1718-4ad7-9a27-8b6c888d6aca	747	Peter Shepherd	M	M35-39	71	5:30:42	0:35:32	0:04:12	2:44:51	0:02:01	2:04:06	Australia	
d4d1db4c-f945-4a45-968b-068a4edafbc8	748	Josh Battistella	M	M30-34	120	5:31:04	0:40:03	0:05:16	2:56:58	0:05:00	1:43:46	Australia	
4d2e26a8-2200-4715-b898-678ecdaef2ac	749	Anthony LOOSEMORE	M	M30-34	121	5:31:04	0:37:29	0:04:34	2:54:19	0:02:44	1:51:58	Australia	
021fe378-aed8-4044-ba31-e7aac5be45ca	750	Sophia Ahern	F	F25-29	28	5:31:06	0:33:06	0:02:49	2:50:47	0:02:40	2:01:44	Australia	
917cff9a-dd04-41d1-af58-4b4bd9436833	751	Jason Joffe	M	M45-49	50	5:31:08	0:35:57	0:03:46	2:51:24	0:04:06	1:55:56	Australia	
ac24ee3f-56ec-f011-8544-0022480c370f	752	Mark Williams	M	M45-49	51	5:31:13	0:37:11	0:04:38	2:53:08	0:05:15	1:51:01	Australia	
69577788-2537-f111-88b3-6045bd08b1a2	753	Matt Webber	M	M40-44	59	5:31:21	0:36:36	0:06:04	2:54:49	0:03:45	1:50:07	Australia	
ef5c653d-6b71-46c2-83f3-6f5a47b4c5e3	754	Calam Leneham	M	M35-39	72	5:31:24	0:35:14	0:02:43	2:41:22	0:03:38	2:08:27	Australia	
96d253ba-1eeb-46d9-ab24-49fb860804c0	755	Ollie Greenwood	M	M18-24	109	5:31:25	0:37:27	0:04:54	2:51:09	0:04:07	1:53:49	Australia	
97af4d14-1efd-4a7e-982b-b03ca9f8ae49	756	Daniel Illingworth	M	M45-49	52	5:31:25	0:35:27	0:04:00	2:54:47	0:02:38	1:54:32	Australia	
142137ea-da0c-45dd-b85d-4fc55c38563e	757	Matthew Mckelvie	M	M18-24	110	5:31:30	0:38:10	0:04:28	2:54:29	0:02:48	1:51:35	Australia	
325cfbf5-5387-4642-afd4-d4e5ab80da7f	758	Katelyn Bowden	F	F25-29	29	5:31:31	0:41:01	0:04:06	2:55:31	0:02:34	1:48:20	Australia	
3fd75ed6-50b0-4b3c-b7e2-500af47a21ea	759	Luke Broad	M	M30-34	122	5:31:33	0:38:30	0:04:30	3:01:03	0:03:29	1:44:00	Australia	
bc3c8da1-c8ab-4af8-926a-aadbeec50793	760	Angus Williams	M	M30-34	123	5:31:39	0:33:48	0:03:41	2:41:56	0:01:54	2:10:21	Australia	
451c1e42-38cc-4d8f-bfea-26513629a013	761	Cooper Jenkins	M	M18-24	111	5:31:47	0:34:34	0:03:39	2:51:33	0:03:34	1:58:27	Australia	
a0b21282-b6cc-4576-b1c4-41c66a17fda7	762	Jason Measures	M	M40-44	60	5:31:58	0:36:30	0:04:14	2:46:39	0:02:56	2:01:40	Australia	
6403e301-367e-f011-b4cc-6045bd05f634	763	Craig Barnes	M	M18-24	112	5:32:00	0:42:45	0:02:21	2:49:21	0:02:12	1:55:21	Australia	
d82bdab1-7b4f-4d3f-9f2b-455fad50a730	764	Deon Ball	M	M25-29	137	5:32:01	0:37:30	0:02:20	2:47:12	0:02:53	2:02:07	Australia	
600aad0f-0637-4ac1-b155-30982591ff12	765	Jade Henley-Smith	F	F25-29	30	5:32:03	0:34:15	0:05:45	3:04:38	0:02:33	1:44:52	New Zealand	
7a877acf-92f6-f011-8406-0022480994c2	766	Patrick Donnelly	M	M35-39	73	5:32:13	0:30:14	0:05:04	2:43:53	0:02:55	2:10:07	Australia	
fa368611-e799-48a3-9bea-ae92e7d83de8	767	Jack Campbell	M	M18-24	113	5:32:16	0:35:54	0:03:55	2:52:48	0:02:34	1:57:05	Australia	
cb334c21-694a-f111-bec6-002248081bd6	768	Rodin Martin	M	M18-24	114	5:32:17	0:41:23	0:03:24	2:31:03	0:02:53	2:13:35	Australia	
21b14acb-0627-43c7-9eb1-fb75343c4073	769	Molly Lawless	F	F25-29	31	5:32:26	0:35:01	0:05:39	2:59:15	0:04:07	1:48:25	Australia	
0a5ac7b0-68a3-f011-bbd3-6045bd05f634	770	Brian Lin	M	M18-24	115	5:32:30	0:41:00	0:04:08	2:45:26	0:02:47	1:59:09	Australia	
8ebf19f6-65e0-f011-8544-000d3a5b7c3b	771	Kyle Small	M	M25-29	138	5:32:31	0:39:25	0:04:43	2:56:30	0:03:18	1:48:35	Australia	
8cd89724-3942-4399-8de0-fa076c7cb39b	772	Elliot Kirk-Burnnand	M	M40-44	61	5:32:35	0:41:28	0:02:51	2:47:35	0:06:47	1:53:54	Australia	
01c23938-48bc-4c1c-8fd6-a3411e6e0164	773	Timothy Forster	M	M18-24	116	5:32:37	0:34:01	0:04:58	2:42:08	0:05:41	2:05:50	Australia	
33d330b2-5800-4fc8-9dd9-895b92381270	774	Joshua Lehmann	M	M45-49	53	5:32:43	0:34:38	0:03:12	2:50:46	0:03:42	2:00:24	Australia	
39360061-88e0-f011-8544-000d3a5b7c3b	775	Edward Kidney	M	M45-49	54	5:32:47	0:41:37	0:05:19	3:02:55	0:04:18	1:38:38	Australia	
0c75b686-00fa-4528-89d5-cb0cfe8efce5	776	Richard Batt	M	M50-54	38	5:32:58	0:30:20	0:03:26	2:42:53	0:04:15	2:12:04	Australia	
f1e854c4-509f-f011-b41c-000d3a5cf7d8	777	Jack Jagger	M	M25-29	139	5:33:00	0:39:42	0:05:01	3:03:29	0:03:21	1:41:26	Australia	
35e9c4f3-63c4-f011-bbd3-000d3a35ffc1	778	Hannah Stewart	F	F18-24	17	5:33:03	0:30:59	0:04:10	2:49:11	0:02:55	2:05:48	Australia	
95a073ae-c0b9-4153-910c-4a198f176d44	779	Jake Pope	M	M35-39	74	5:33:04	0:37:22	0:05:27	3:03:05	0:03:49	1:43:22	Australia	
a0b6f536-44dd-4eac-a8a8-0a9d52637b3f	780	Cameron Harper	M	M50-54	39	5:33:20	0:34:11	0:06:53	2:39:15	0:04:43	2:08:19	New Zealand	
c443f198-84f5-4c49-8b54-b62ef482c1dd	781	Daniel Reid	M	M35-39	75	5:33:23	0:39:45	0:06:23	2:53:23	0:03:08	1:50:45	Australia	
cdb5c6b1-b32d-f111-88b4-0022480995bd	782	Ben Hoareau	M	M18-24	117	5:33:24	0:40:26	0:03:15	2:52:56	0:02:29	1:54:18	Australia	
847b40dd-8b07-4075-b71b-facb563fb7ff	783	Finn Murphy	M	M18-24	118	5:33:24	0:43:16	0:04:41	2:48:23	0:03:42	1:53:22	Australia	
2006713e-4501-4a2c-a689-527b1d8501de	784	Zoe Ward	F	F30-34	17	5:33:30	0:36:40	0:04:39	3:08:03	0:05:35	1:38:34	United Kingdom	
bc370a0a-ade2-433a-9c2d-9b10406c32a3	785	Lauren Keith	F	F45-49	7	5:33:31	0:40:02	0:02:55	2:47:55	0:03:15	1:59:24	Australia	
da4400a2-4365-4066-9ca2-557e698719c4	786	Tabitha Jones	F	F25-29	32	5:33:36	0:30:33	0:03:59	2:48:59	0:03:40	2:06:25	Australia	
de183380-93ef-4f69-8e92-d7d5fdc9fc96	787	Emily Lowe	F	F25-29	33	5:33:38	0:35:41	0:04:22	2:57:24	0:03:04	1:53:06	Australia	
e05161cc-46cd-4ec8-9599-df68b56a50bc	788	Hee Lim	M	M45-49	55	5:33:40	0:46:26	0:05:59	2:38:32	0:03:11	1:59:31	South Korea	
e145dff4-fdf9-ee11-a1ff-6045bd0158c4	789	Tessa Van De Werve	F	F30-34	18	5:33:42	0:48:08	0:04:18	2:49:01	0:02:25	1:49:50	Netherlands	
27e91ff2-8064-410a-8cc1-b25eb007a67b	790	Tim Baird	M	M40-44	62	5:33:44	0:35:41	0:05:57	2:57:00	0:11:49	1:43:17	Australia	
929a0de7-c276-f111-ab0f-6045bd08b1a2	791	Jonathan Dunlop	M	M35-39	76	5:33:44	0:40:15	0:03:47	2:38:15	0:02:22	2:09:05	Australia	
7cc4fe1d-e30b-f111-8406-0022480a5755	792	Barry Newstead	M	M55-59	27	5:33:45	0:40:40	0:04:43	3:02:41	0:02:37	1:43:04	Australia	
ca9077e4-c876-f111-ab0f-002248046ec8	793	Jake Adey	M	M25-29	140	5:33:53	0:40:01	0:04:13	3:00:07	0:03:36	1:45:56	Australia	
1fa4316f-63e4-4492-9eac-7c1738fecee3	794	Andreas Adinata	M	M30-34	124	5:33:56	0:42:11	0:05:08	2:41:55	0:03:05	2:01:37	Indonesia	
371c7a99-8a96-4eaa-a2ef-de257ed78ec7	795	Ryan Birkett	M	M25-29	141	5:34:03	0:32:04	0:04:43	2:58:16	0:04:10	1:54:51	New Zealand	
b01bab81-7d1c-4f69-a87f-b69b67be8fd6	796	Josh Welsh	M	M30-34	125	5:34:10	0:34:41	0:04:07	2:57:22	0:04:49	1:53:11	Australia	
ed4d6ee7-a347-f111-bec6-0022480b3ee9	797	Donal McCarthy	M	M30-34	126	5:34:13	0:38:02	0:08:36	2:53:45	0:04:27	1:49:23	Australia	
06c3760a-1f4d-f111-bec6-0022480b3ee9	798	Steven Chambers	M	M35-39	77	5:34:13	0:39:02	0:03:27	2:44:44	0:03:20	2:03:40	Australia	
dea25713-1b00-f111-8406-6045bd08b1a2	799	Bailey Llewellyn	M	M18-24	119	5:34:14	0:38:15	0:04:51	2:57:27	0:05:51	1:47:49	Australia	
4eee9bcd-c782-46ba-a18d-4eeab446c84a	800	Billy Jaz	M	M40-44	63	5:34:14	0:38:32	0:05:10	2:51:53	0:05:11	1:53:29	Australia	
c8b31648-88fc-4017-819f-46d656f2659c	801	Nathan Breust	M	M40-44	64	5:34:21	0:34:05	0:04:13	2:43:50	0:02:50	2:09:22	Australia	
add178b1-1251-f111-bec6-6045bd08b1a2	802	Hannah Seymour	F	F30-34	19	5:34:32	0:45:47	0:03:57	2:47:50	0:03:03	1:53:56	United Kingdom	
2cd443c3-6522-4f01-809a-b0f627258b3c	803	Kate Brown	F	F25-29	34	5:34:54	0:38:45	0:03:51	2:47:26	0:02:42	2:02:10	Australia	
6375ba80-bea1-f011-bbd3-000d3a3173b5	804	Ashton Cox	M	M30-34	127	5:34:59	0:41:54	0:03:27	2:41:01	0:04:37	2:04:01	Australia	
a4cbe316-d083-ed11-81ad-000d3a313da3	805	Dylan Cuff	M	M30-34	128	5:35:02	0:34:00	0:03:21	2:42:34	0:03:28	2:11:39	Australia	
e9e50e7b-c3e1-ef11-8eea-000d3a5a1803	806	Lachlan Boyling	M	M18-24	120	5:35:07	0:37:12	0:05:12	2:47:07	0:03:45	2:01:51	Australia	
5ea559da-1a9e-4b8f-9678-7b3de55e24ac	807	Joey Painting	M	M45-49	56	5:35:12	0:32:39	0:03:54	2:49:28	0:04:27	2:04:43	Australia	
c6ce75c5-5b36-4caa-bdec-76aafea97641	808	Ali PAYNE	F	F35-39	9	5:35:25	0:33:11	0:03:32	3:08:40	0:02:29	1:47:34	Australia	
eec5a710-a04e-f111-bec5-6045bd08b1a2	809	Ben Sheppard	M	M25-29	142	5:35:29	0:35:07	0:04:56	3:05:16	0:04:05	1:46:05	Australia	
669dfdda-ad90-4fc2-bf8b-448c18840ffc	810	Campbell Mcintyre	M	M18-24	121	5:35:30	0:36:03	0:03:40	2:54:12	0:02:37	1:58:59	Australia	
5235332b-8c3f-f111-88b4-0022480994c2	811	Daniel campbell	M	M30-34	129	5:35:37	0:40:25	0:04:07	2:36:02	0:02:23	2:12:40	Australia	
abf8d5bf-1f80-4e1e-9f8c-91308aa0d10c	812	Sarah Cattell	F	F45-49	8	5:35:39	0:39:28	0:05:22	2:47:48	0:07:11	1:55:50	Australia	
ceff71e4-cfd3-4ba0-8738-c348ac8765a2	813	Victor Nielsen-Castro	M	M18-24	122	5:35:46	0:31:06	0:04:43	2:55:16	0:02:56	2:01:46	Australia	
f794d736-2ff2-46ed-815f-164dffe0240d	814	Sally Gordon	F	F45-49	9	5:35:49	0:39:31	0:04:07	2:57:02	0:03:10	1:51:59	New Zealand	
5a434a78-ca70-41c8-84bb-be9cdac1b89b	815	Stephanie Keenan	F	F18-24	18	5:35:49	0:38:46	0:05:33	2:59:37	0:04:40	1:47:13	Australia	
d65ab4d7-b66f-f111-ab0d-0022480b88da	816	Noah Glavocih	M	M18-24	123	5:35:55	0:37:23	0:04:00	3:05:20	0:02:53	1:46:18	Australia	
33c38cb9-3f0b-4b04-97c2-80036910b41c	817	Elly Batchelor	F	F18-24	19	5:35:57	0:36:20	0:03:08	2:59:52	0:02:44	1:53:53	Australia	
0c48bc08-ec84-497c-bebf-6849b0655ca1	818	Kenton Porker	M	M40-44	65	5:35:58	0:39:30	0:03:07	2:45:23	0:03:53	2:04:05	Australia	
dc22cc1b-bce4-f011-8543-6045bd05fcc1	819	Max Roy	M	M25-29	143	5:36:09	0:31:29	0:03:45	2:58:40	0:03:22	1:58:52	New Zealand	
c93823f7-73fc-4c0f-8868-49eae9692237	820	Chad FITZGERALD	M	M45-49	57	5:36:12	0:32:39	0:03:26	2:43:50	0:04:29	2:11:49	Australia	
5c3acb5c-ec90-4cf3-9a13-76dde49e9c83	821	Thomas Graham	M	M25-29	144	5:36:14	0:43:33	0:04:07	2:54:56	0:05:17	1:48:21	Australia	
9207ad6b-755e-f111-a826-002248081bd6	822	Jeremy Dobrowolski	M	M30-34	130	5:36:28	0:39:22	0:05:05	2:47:17	0:03:06	2:01:39	Australia	
327ea079-0f62-44a8-9680-709403ab697c	823	Tomas Woodford-Webb	M	M25-29	145	5:36:31	0:36:09	0:03:49	2:59:02	0:03:03	1:54:27	New Zealand	
67e1fb9e-a70f-e511-9401-005056951bf1	824	Ian Trantor	M	M60-64	11	5:36:34	0:40:52	0:04:55	2:49:54	0:03:35	1:57:18	Australia	
899fc4ab-b9a8-4760-984b-5ddbe7452f8f	825	Abbey Pearson	F	F25-29	35	5:36:35	0:41:19	0:04:02	2:49:38	0:03:58	1:57:38	Australia	
1126f63c-ee37-4606-875b-cee9e55c14f6	826	Seb Horder	M	M25-29	146	5:36:40	0:36:55	0:06:12	2:41:00	0:05:52	2:06:41	Australia	
a5bb2467-a053-ef11-a316-6045bd036536	827	Wai Shan Lily Chu	F	F40-44	20	5:36:42	0:40:58	0:04:34	2:53:44	0:02:37	1:54:50	Hong Kong	
b7a0689c-5a31-f011-8c4d-6045bd09951e	828	Daniela Costantini	F	F30-34	20	5:36:58	0:30:39	0:03:44	3:04:19	0:02:20	1:55:57	Italy	
e8ba9fbb-ad60-4e2f-9a14-8890fc6df431	829	Alexander Croese	M	M40-44	66	5:37:00	0:39:08	0:06:36	2:47:23	0:05:47	1:58:06	Australia	
c7503586-9279-f111-ab0f-002248046ec8	830	Andy Garwood	M	M35-39	78	5:37:04	0:37:32	0:05:36	2:40:58	0:03:41	2:09:17	Australia	
b8a66fd8-d849-f111-bec6-0022480b84a3	831	Drew Scott	M	M35-39	79	5:37:05	0:39:44	0:04:22	2:58:20	0:04:03	1:50:36	Australia	
c036d4f3-2135-4173-a6d4-bbebc2873390	832	Michael Case	M	M40-44	67	5:37:14	0:39:56	0:05:04	2:46:02	0:03:37	2:02:35	Australia	
1ec0a2fd-251d-4092-90df-0767481b0381	833	Jemima Southwood	F	M50-54	40	5:37:15	0:38:09	0:03:05	3:00:16	0:02:06	1:53:38	Australia	
a7c171ec-294c-f011-877a-000d3a5b50ba	834	Josh Hanger	M	M35-39	80	5:37:21	0:39:39	0:04:13	3:08:32	0:03:54	1:41:04	Australia	
483c7a47-12f6-4cf1-8211-9373bf3c3bea	835	Ryan Stone	M	M25-29	147	5:37:23	0:34:51	0:03:30	2:53:45	0:02:57	2:02:21	Australia	
dafb55db-2181-4fc9-98b1-a01d1bbb4052	836	Steven Webster	M	M35-39	81	5:37:25	0:39:52	0:05:45	2:51:31	0:05:42	1:54:34	Australia	
d7f1fd01-7f6a-42b1-8168-c3700285c9e1	837	Charlie Gregory	M	M30-34	131	5:37:36	0:43:02	0:04:50	2:57:26	0:03:01	1:49:17	United Kingdom	
34d7726b-294c-f011-877a-000d3a5b50ba	838	Annabelle Rennie-Younger	F	F25-29	36	5:37:46	0:32:34	0:02:29	3:01:30	0:01:54	1:59:19	New Zealand	
6e9c1c7f-cb29-f111-8341-002248046ec8	839	Brooklyn Bootes	M	M18-24	124	5:37:48	0:33:48	0:04:49	2:57:23	0:03:11	1:58:37	Australia	
a6166a75-70f4-f011-8406-0022480b84a3	840	Matthew Aylmore	M	M25-29	148	5:37:49	0:34:42	0:03:41	2:54:47	0:04:46	1:59:52	Australia	
ec4b2170-b46f-f111-ab0d-0022480b35b6	841	Jesse Smith	M	M25-29	149	5:37:52	0:39:22	0:03:31	2:52:51	0:02:58	1:59:11	Australia	
ee300fdd-efba-4b3e-911e-afa750a86871	842	Simon Bowman	M	M60-64	12	5:37:53	0:40:01	0:03:07	2:51:58	0:02:17	2:00:31	Australia	
a6cb4160-0e09-4c47-be0d-a3dc0f0c55f3	843	David Johnston	M	M35-39	82	5:37:58	0:41:43	0:05:28	2:53:46	0:03:56	1:53:04	Australia	
dc3d1123-d24e-4239-ac6c-a2e4a829ea4d	844	Hannah Matthews	F	F30-34	21	5:38:02	0:45:48	0:03:51	2:56:44	0:02:39	1:49:00	New Zealand	
369c9012-eaa9-4fe5-af34-657565e632c8	845	Daniel Garlick	M	M30-34	132	5:38:10	0:41:01	0:05:58	2:56:59	0:03:04	1:51:08	United Kingdom	
f33b5048-f98e-f011-b4cc-000d3a5b50ba	846	Lachlan Moffat	M	M25-29	150	5:38:12	0:36:57	0:02:57	2:55:00	0:02:23	2:00:55	Australia	
2e9b5a8e-e58c-45a8-aaaa-7cb6c979be88	847	Riley Purvis	M	M25-29	151	5:38:12	0:36:06	0:05:07	3:00:58	0:03:58	1:52:03	Australia	
48ee1c28-cd0f-408d-9115-0deaca1de0f6	848	Ryan Renwick	M	M35-39	83	5:38:19	0:35:38	0:03:58	2:43:04	0:04:21	2:11:19	Australia	
da3929c0-8edb-4bf6-8095-d04d7c1250aa	849	Joel Ramsden	M	M40-44	68	5:38:27	0:41:52	0:04:37	2:41:08	0:06:03	2:04:46	Australia	
d015fa3b-090d-4cdb-8920-98c9a653ceda	850	Tobey Gresham	M	M18-24	125	5:38:28	0:35:26	0:03:30	2:46:38	0:04:38	2:08:15	Australia	
693b9639-d85c-f111-a826-0022480b84a3	851	Christian Bourke	M	M45-49	58	5:38:30	0:35:53	0:03:15	2:49:57	0:02:43	2:06:41	New Zealand	
09e5712c-632a-f111-88b3-000d3a3169a5	852	Jordan Hunter		M25-29	152	5:38:34	0:33:02	0:05:15	2:58:55	0:02:26	1:58:56	Zimbabwe	
ee0e89f3-ff81-f011-b4cc-0022480a7385	853	Jake Wallwork	M	M25-29	153	5:38:38	0:41:29	0:06:11	2:52:05	0:03:53	1:55:00	Australia	
6f3b09d9-e4ef-447f-801b-aec4675a8515	854	Dave Robertson	M	M50-54	41	5:38:38	0:38:03	0:04:59	2:55:43	0:04:34	1:55:20	Australia	
1c36d599-e7e4-4fc1-9593-fa44102cb8ad	855	Armie Sheehan	M	M40-44	69	5:38:56	0:45:42	0:04:18	2:50:36	0:03:36	1:54:44	Australia	
c8cbcfe5-02ba-43fc-8089-5eefbcfe81ac	856	Christopher Davies	M	M25-29	154	5:39:06	0:36:07	0:03:57	2:59:54	0:03:13	1:55:57	Australia	
95f58c15-7678-f111-ab0f-6045bd08b1a2	857	Josh Kite	M	M18-24	126	5:39:08	0:32:39	0:04:58	3:02:35	0:05:01	1:53:54	Australia	
3f2df93b-61a0-46ce-83bd-a65ae641bb7f	858	Holly Kelk	F	F18-24	20	5:39:08	0:40:39	0:04:12	2:58:01	0:06:43	1:49:32	Australia	
2514fd41-daf9-f011-8406-6045bd08b1a2	859	CHRISTINA TRIGLE	F	F30-34	22	5:39:09	0:33:01	0:03:34	2:56:33	0:02:56	2:03:05	United Kingdom	
0a9589d4-4f2a-423d-aa7c-50ea1c3be56b	860	Emma Tucker	F	F35-39	10	5:39:13	0:41:20	0:03:35	2:42:34	0:03:17	2:08:26	Australia	
c7719e63-848b-4d67-b404-9a7bfb46da2b	861	Alani Morley	F	F18-24	21	5:39:26	0:39:55	0:04:09	3:06:58	0:03:19	1:45:05	Australia	
41fe6ba6-0c7a-4af2-888b-c5e6f6a753b5	862	Billy Teale	M	M18-24	127	5:39:36	0:36:18	0:04:44	2:48:33	0:02:58	2:07:01	Australia	
60ab6e6a-574d-4e9f-876a-e89bbf84cf3f	863	Matt Ross	M	M35-39	84	5:39:40	0:44:43	0:04:53	2:36:10	0:04:38	2:09:17	Australia	
38e35b35-be8e-f011-b4cb-000d3a311300	864	Anbit Thapa	M	M18-24	128	5:39:41	0:49:37	0:03:41	2:55:12	0:03:01	1:48:10	Nepal	
a9f61014-a782-48c1-ba05-92657ac07c96	865	Alex Williams	M	M35-39	85	5:39:42	0:34:14	0:02:31	2:43:02	0:03:34	2:16:20	Australia	
735cafee-d776-f111-ab0e-70a8a5b19cbc	866	Isaac Tame	M	M18-24	129	5:39:46	0:35:02	0:04:26	2:56:35	0:02:28	2:01:15	Australia	
8df9761d-765e-f111-a826-0022480b88da	867	Hayden Baynton	M	M30-34	133	5:40:08	0:36:04	0:05:02	2:54:49	0:05:15	1:58:58	Australia	
ad0afd2b-036f-470b-877f-b487431cb7ec	868	Mairéad Kirby	F	F18-24	22	5:40:20	0:42:17	0:03:40	2:51:20	0:04:51	1:58:12	Australia	
331e5f36-741e-487b-8e13-742c9d37af99	869	Anthony Barrenger	M	M35-39	86	5:40:23	0:38:46	0:06:11	3:00:58	0:05:34	1:48:53	Australia	
04e46e25-1b36-f111-88b4-0022480b35b6	870	Rory McDonald	M	M35-39	87	5:40:24	0:40:07	0:04:34	2:46:46	0:03:20	2:05:37	Australia	
2fd7939f-223f-ef11-840a-00224809fd7c	871	Sheridan Robertson	F	F25-29	37	5:40:46	0:42:51	0:04:11	2:54:03	0:03:14	1:56:27	Australia	
ba24fad2-a5ca-ef11-b8e8-6045bd088264	872	Tom Andreas	M	M25-29	155	5:40:56	0:36:55	0:04:46	2:59:58	0:03:12	1:56:05	Australia	
f1be2be9-7359-4003-8c8d-520cacdd314d	873	Sally Mclellan	F	F50-54	2	5:40:59	0:38:35	0:03:11	2:41:32	0:01:51	2:15:51	Australia	
e41523d7-dea8-4389-a9b1-7bb94d30a80c	874	Marley Ferdinando	M	M45-49	59	5:41:06	0:38:52	0:04:45	2:44:36	0:04:39	2:08:14	Australia	
e947e2b9-f089-ef11-ac21-000d3a5a1803	875	Dimitrije Sibanic	M	M35-39	88	5:41:06	0:34:01	0:05:23	2:46:00	0:04:50	2:10:52	Australia	
2bd1bf9b-1dec-4cfa-9248-c4f70ba90217	876	Carl George	M	M50-54	42	5:41:09	0:41:07	0:04:14	2:48:10	0:02:36	2:05:03	New Zealand	
eebcdf48-ff69-4aa5-9cd0-3d1ff0256e72	877	Mark Prasser	M	M40-44	70	5:41:14	0:33:49	0:02:17	2:59:36	0:02:16	2:03:17	Australia	
87ff7242-afa0-4c94-9bed-b71d291df10d	878	Susie Heath	F	F50-54	3	5:41:18	0:38:07	0:03:24	2:38:27	0:03:18	2:18:02	Australia	
33db38e3-c079-4eae-9412-0ca5e415c281	879	Kevin Welsh	M	M50-54	43	5:41:21	0:36:45	0:05:06	2:41:39	0:04:21	2:13:30	Australia	
b369d721-812c-481d-a282-85bcf20a4913	880	Ward Lye	M	M60-64	13	5:41:33	0:35:24	0:04:17	2:47:15	0:02:32	2:12:05	New Zealand	
89299dc4-9f7e-4c64-8561-7003f245ca60	881	Josh Cunliffe	M	M40-44	71	5:41:40	0:33:35	0:04:13	2:54:09	0:03:33	2:06:10	Australia	
1e51fbb9-76ac-ea11-a812-000d3a5a1bfb	882	Ji Burton	M	M30-34	134	5:41:50	0:40:31	0:06:24	2:48:59	0:06:13	1:59:43	Australia	
69359de5-893b-f011-b4cc-000d3a3173b5	883	Sarah Brown	F	F18-24	23	5:41:55	0:35:10	0:03:44	3:08:06	0:02:55	1:52:01	Australia	
748ca6ac-0694-43d7-a871-cf793db6cf29	884	Bethany SMITH	F	F25-29	38	5:41:55	0:39:17	0:03:20	2:56:20	0:02:39	2:00:19	Australia	
5311b35c-53de-4143-b5dc-7d374d736d3f	885	Scott Rissman	M	M50-54	44	5:42:05	0:35:21	0:03:36	2:43:37	0:02:47	2:16:44	Australia	
7352f27a-835f-4287-bb55-75a5c2b9559b	886	Craig Gibson	M	M60-64	14	5:42:08	0:41:42	0:05:28	2:45:29	0:04:40	2:04:48	Australia	
1d363ead-e6e7-4f85-9ab6-8dc4ba7cfee1	887	James Antonio	M	M40-44	72	5:42:12	0:40:44	0:02:26	2:43:23	0:03:08	2:12:31	Australia	
0b5a6d53-402b-f111-88b3-002248046451	888	Matt O’Dempsey	M	M25-29	156	5:42:15	0:35:18	0:05:33	2:50:32	0:03:21	2:07:30	Australia	
5943c3f7-1ac5-4d51-a4c7-2aabb80c5e03	889	Brianna Thomas	F	F25-29	39	5:42:17	0:38:27	0:03:19	2:54:40	0:02:47	2:03:04	New Zealand	
e4f94922-7961-f011-bec1-002248040153	890	Giacomo Peluso	M	M25-29	157	5:42:19	0:45:30	0:05:14	2:40:07	0:05:22	2:06:05	Italy	
c3c75dd6-1d4a-421c-94ce-476364d5f4b9	891	Greg Whyte	M	M45-49	60	5:42:24	0:41:41	0:04:46	2:50:35	0:06:32	1:58:51	Australia	
6c07147f-2b9f-f011-b41c-000d3a5b7c3b	892	Peter Stoker	M	M35-39	89	5:42:31	0:42:24	0:06:50	2:55:14	0:03:01	1:55:01	Australia	
bd614dab-ad58-f011-877a-002248098cfa	893	Chauncey Cooper	M	M25-29	158	5:42:37	0:37:44	0:07:08	3:00:54	0:07:02	1:49:47	Australia	
5663d630-992e-499e-8292-98a2f1b31791	894	Graham Sharp	M	M35-39	90	5:42:37	0:47:45	0:05:42	2:52:08	0:04:04	1:52:58	United Kingdom	
ea4e421e-cc78-f111-ab0f-6045bd08b1a2	895	Steve Taylor	M	M40-44	73	5:42:46	0:38:49	0:04:05	2:54:09	0:03:18	2:02:25	Australia	
d222c49c-7918-435e-9701-f972fb0e6d5e	896	Doug Macdonald	M	M50-54	45	5:42:49	0:46:57	0:03:47	2:52:52	0:03:15	1:55:58	New Zealand	
aa493bec-0acf-f011-bbd2-000d3a5b5fc7	897	Aaron Himstedt	M	M30-34	135	5:42:56	0:47:29	0:04:57	2:53:44	0:04:47	1:51:59	Australia	
051ffc5f-89ca-4fa5-b0c9-c9a86160cb9b	898	Sally Phipps	F	F45-49	10	5:42:57	0:35:57	0:04:24	2:58:31	0:02:11	2:01:54	Australia	
6f554647-431e-4d7d-8593-7b220e5b3d55	899	Dean Mcnamara	M	M30-34	136	5:42:58	0:47:19	0:05:44	2:50:15	0:05:03	1:54:37	Australia	
69a418e7-a804-f111-8406-0022480b88da	900	Henry McFadzean	M	M18-24	130	5:43:04	0:42:46	0:05:51	3:03:22	0:04:26	1:46:40	United Kingdom	
ef581b0f-d09e-4ed7-ba4f-1f3a5c0a5ae0	901	Charlotte Pepper	F	F25-29	40	5:43:07	0:35:29	0:04:04	2:41:38	0:03:38	2:18:18	Australia	
9f6a3fcf-fbd5-44d2-b65b-f9107aad8dab	902	Jonathan Olsen	M	M40-44	74	5:43:18	0:41:36	0:05:12	3:03:25	0:03:31	1:49:34	United Kingdom	
d634e950-188e-4e6a-9abd-643ab92b9d42	903	Asha Moxham	F	F18-24	24	5:43:21	0:37:00	0:02:33	2:47:24	0:01:49	2:14:34	Australia	
f95aed38-3684-4833-b4bb-c6b534d647f8	904	Adam Hurt	M	M30-34	137	5:43:31	0:32:49	0:03:58	2:49:08	0:03:46	2:13:50	United Kingdom	
b01c408b-74e4-f011-8544-000d3a5b50ba	905	Calem Jackholme	M	M35-39	91	5:43:34	0:38:10	0:04:30	2:46:20	0:04:55	2:09:40	Australia	
c3c1e25b-762a-f111-88b3-0022480a5755	906	Judith Zahner	F	F25-29	41	5:43:39	0:39:25	0:04:41	3:01:53	0:04:21	1:53:20	Australia	
6e483fee-069e-ef11-8a6a-000d3a338a3c	907	Giel Blokker	M	M40-44	75	5:43:39	0:39:01	0:02:47	2:54:29	0:03:24	2:03:58	Netherlands	
66802363-f6f9-48f1-82a0-e24a393e7e9d	908	Wade Mccann	M	M55-59	28	5:43:40	0:36:28	0:06:18	2:39:29	0:03:52	2:17:33	Australia	
7e3b1bf3-b86f-f111-ab0d-0022480b88da	909	Rachel Pieszko	F	F25-29	42	5:43:57	0:38:18	0:05:25	3:09:28	0:02:56	1:47:51	Australia	
a0adfb43-2f2b-f111-88b3-002248081bd6	910	Lochie Allen	M	M25-29	159	5:44:05	0:37:49	0:04:48	3:04:54	0:03:23	1:53:11	Australia	
bb7b7bae-c11d-f111-8341-6045bd06566a	911	Garrett McDuling	M	M40-44	76	5:44:06	0:38:34	0:03:47	2:44:31	0:03:22	2:13:52	Australia	
bab2666f-039f-40a4-b1bb-1df60dfab2b3	912	Sharna Wilds	M	M18-24	131	5:44:11	0:44:41	0:03:51	3:03:06	0:02:53	1:49:39	New Zealand	
ff27b8f4-3aa1-437f-a98f-2269871e4d57	913	Nick McGovern	M	M25-29	160	5:44:26	0:40:19	0:03:44	2:59:06	0:02:49	1:58:30	Australia	
3052e1e7-b106-41b3-b992-638a28d52bce	914	Bruce Zerbst	M	M45-49	61	5:44:27	0:50:22	0:04:19	2:53:00	0:03:04	1:53:42	Australia	
36854178-47c7-45fa-9dbf-748bbef644c8	915	Tom Hutchence	M	M30-34	138	5:44:36	0:36:57	0:05:54	3:06:51	0:07:13	1:47:40	United Kingdom	
a2346f9a-01ee-47e8-bcbd-93874bc4a4b4	916	Brett Matheson	M	M50-54	46	5:44:36	0:41:37	0:06:36	2:48:21	0:04:44	2:03:18	Australia	
c4b7de5f-49d3-4796-b73e-f7a8f33548ec	917	Laura Schultz	F	F45-49	11	5:44:45	0:40:54	0:03:42	3:02:47	0:03:09	1:54:14	Australia	
7ddec53e-467c-4531-831d-4530ee70da12	918	Eugene Murphy	M	M50-54	47	5:44:51	0:37:43	0:04:15	2:46:45	0:02:43	2:13:24	Australia	
5e83080a-9d6f-f111-ab0d-002248046451	919	Ieuan Hughes	M	M40-44	77	5:44:52	0:42:14	0:05:28	2:45:17	0:05:02	2:06:52	United Kingdom	
eb8b320d-b073-4806-bb2b-838597d1b8f6	920	Joel Clifford	M	M30-34	139	5:44:55	0:44:41	0:08:04	2:51:22	0:07:43	1:53:04	Australia	
c1fe83ff-327e-f011-b4cc-6045bd05f634	921	Lily O'Donnell	F	F30-34	23	5:44:58	0:37:15	0:03:40	3:02:34	0:04:01	1:57:28	Australia	
0a44bf43-4540-4bd1-8260-c63922c69716	922	Liz Perkins	F	F45-49	12	5:44:58	0:37:51	0:03:27	2:48:53	0:02:20	2:12:27	New Zealand	
8a0e7b2c-f27e-42b7-8eac-236d1fbbad95	923	Alex Robeson	M	M35-39	92	5:45:04	0:41:33	0:04:13	2:45:02	0:03:56	2:10:21	Australia	
568883c1-1094-f011-b4cc-6045bd05f634	924	Rowan Carls	M	M35-39	93	5:45:25	0:37:24	0:02:32	2:58:01	0:02:37	2:04:51	Australia	
a19ebd11-3961-f111-a826-0022480b88da	925	Jarrod Boyle	M	M30-34	140	5:45:30	0:47:25	0:08:26	2:49:17	0:05:17	1:55:05	Australia	
e93faa78-29c1-f011-bbd3-002248098cfa	926	Eric Cole-sinclair	M	M30-34	141	5:45:37	0:36:15	0:04:15	2:51:34	0:04:21	2:09:12	Australia	
1da7ee11-5091-4b38-bcd1-df2cfe0014a2	927	David Perry	M	M50-54	48	5:45:38	0:40:23	0:06:33	2:47:18	0:05:22	2:06:02	Australia	
0c4de514-f7ee-4727-b1a9-fae90ddb2d91	928	Luke Chopra	M	M18-24	132	5:45:40	0:42:41	0:03:52	3:00:19	0:03:10	1:55:38	Australia	
c9c7fb25-c948-46e1-bd3a-3c086d618b83	929	John Rueth	M	M40-44	78	5:45:44	0:35:25	0:03:02	2:47:41	0:04:48	2:14:49	Philippines	
cd3fdafa-fd49-47d5-b7d1-54f081cb2764	930	Jody Davis	F	F45-49	13	5:45:47	0:40:40	0:02:03	2:52:13	0:02:34	2:08:18	Australia	
8a6a2ae3-f7f8-f011-8406-6045bd06566a	931	Kate Falconer	F	F18-24	25	5:45:48	0:32:03	0:03:00	3:11:42	0:03:13	1:55:51	Australia	
2d9c13ea-9f12-f011-998a-000d3a3173b5	932	Nick Barry	M	M40-44	79	5:45:54	0:42:24	0:06:54	2:48:29	0:04:07	2:03:59	Australia	
449e374f-8529-f111-8341-002248046ec8	933	William Neill	M	M45-49	62	5:46:04	0:37:42	0:05:06	3:03:12	0:05:43	1:54:21	New Zealand	
456ebf41-47c3-4d4d-a5a4-b3e47f090d26	934	Tin Greeff	M	M45-49	63	5:46:05	0:31:54	0:05:48	2:59:14	0:04:15	2:04:53	Australia	
23884c28-8baa-4af0-9187-8a9ecbda4022	935	Jack Cornish	M	M30-34	142	5:46:05	0:35:44	0:04:46	2:58:56	0:04:47	2:01:52	Australia	
b10b77f8-28aa-46f1-9a18-9acd7565a248	936	Garry Alston	M	M60-64	15	5:46:05	0:31:42	0:02:28	2:44:12	0:03:08	2:24:35	Australia	
da0393ce-2d58-f111-bec7-0022480b84a3	937	Xavier Houston	M	M18-24	133	5:46:08	0:34:08	0:04:51	2:58:19	0:03:48	2:05:02	Australia	
ed177859-b122-f111-8341-6045bd06566a	938	Matthew Marton	M	M18-24	134	5:46:11	0:37:52	0:02:59	3:09:09	0:02:15	1:53:56	Australia	
14ef9c93-6196-4cde-8308-5c582d8b2feb	939	Oscar Bischard	M	M25-29	161	5:46:13	0:38:47	0:04:03	3:05:14	0:02:21	1:55:48	Australia	
d20cec27-3ee5-f011-8544-000d3a5b7c3b	940	Luke Kenny	M	M25-29	162	5:46:20	0:39:36	0:04:54	3:02:37	0:02:37	1:56:35	Australia	
29b86800-f0d5-ee11-9079-000d3a314d17	941	Mark Hansen		M65-69	3	5:46:21	0:35:26	0:04:03	2:48:15	0:03:26	2:15:11	Australia	
ed434db1-c3c5-f011-bbd2-000d3a3b7f9e	942	Moni Royds	F	F50-54	4	5:46:28	0:40:52	0:04:41	3:02:03	0:03:18	1:55:33	Australia	
17c7aea7-5ba3-f011-bbd3-6045bd05f634	943	Franziska Rudischhauser	F	F30-34	24	5:46:30	0:41:17	0:06:35	3:00:31	0:04:17	1:53:50	Australia	
e07afe92-50d5-49db-bd52-2c77e5717a02	944	Bartosz Kos	M	M25-29	163	5:46:35	0:42:32	0:04:30	3:01:51	0:03:24	1:54:18	Ireland	
1921268a-b5f2-f011-8407-0022480b738e	945	mitchell small	M	M18-24	135	5:46:39	0:42:27	0:05:50	3:16:11	0:02:56	1:39:15	Australia	
9498b348-c8f0-f011-8407-6045bd04a162	946	Kynan Jones	M	M18-24	136	5:46:47	0:37:05	0:03:36	2:54:15	0:03:03	2:08:49	Australia	
7698bda8-f106-48b9-bbc5-854f5c623954	947	Penny Ivory	F	F55-59	3	5:46:47	0:37:36	0:02:55	2:53:04	0:03:30	2:09:43	Australia	
c7a637bb-b2a0-f011-b41c-000d3a3173b5	948	Cameron Anderson	M	M45-49	64	5:46:57	0:35:55	0:04:02	2:57:39	0:03:28	2:05:52	Australia	
63c65536-864f-f111-bec5-0022480b35b6	949	Reuben Fletcher	M	M25-29	164	5:46:58	0:47:20	0:06:45	2:49:25	0:03:56	1:59:31	United Kingdom	
79d0467d-fcd2-f011-8544-000d3a35ffc1	950	Thomas Boxall	M	M18-24	137	5:46:58	0:34:47	0:03:46	3:15:48	0:03:06	1:49:32	Australia	
71655461-f3e9-4c47-9ed6-482486cd2c70	951	Bree Miller	F	F18-24	26	5:47:16	0:36:54	0:02:59	3:15:26	0:04:48	1:47:08	Australia	
06a581e8-5ba8-46dd-86e2-226f429e572e	952	Matthew Lovell	M	M35-39	94	5:47:33	0:32:58	0:03:42	2:51:51	0:02:53	2:16:10	Australia	
92f335a4-1745-f011-877a-6045bd05f634	953	Stephen Murtagh	M	M30-34	143	5:47:34	0:37:53	0:06:22	2:58:16	0:06:44	1:58:19	United Kingdom	
16ba9f23-4bc2-ef11-b8e9-000d3a5a1803	954	Logan Graham	M	M18-24	138	5:47:34	0:36:22	0:03:36	2:45:45	0:04:43	2:17:07	Australia	
28bb6cca-9e25-f011-8c4d-000d3a35ffc1	955	Sofie Mulligan	F	F25-29	43	5:47:39	0:44:38	0:03:06	2:58:17	0:02:13	1:59:24	New Zealand	
13c1927b-46ff-f011-8406-0022480994c2	956	Isaac King	M	M25-29	165	5:47:54	0:40:59	0:05:13	3:04:33	0:03:50	1:53:19	Australia	
282871c0-0935-ef11-8409-000d3a348633	957	Cory Byers	M	M35-39	95	5:48:02	0:37:21	0:04:55	2:42:28	0:08:26	2:14:52	Australia	
bcc787d2-34b0-4f88-b98e-2fc45b3f4b23	958	Niamh Carlin	F	F30-34	25	5:48:07	0:40:18	0:03:32	3:05:47	0:03:02	1:55:28	Ireland	
a00b6de0-8990-4106-8002-557a23ec53f4	959	Stuart Thomas	M	M45-49	65	5:48:09	0:37:52	0:04:50	2:52:47	0:03:33	2:09:06	New Zealand	
85c76c73-e112-4fdd-a167-748bbf917e3b	960	Ella Grier	F	F25-29	44	5:48:13	0:37:13	0:04:22	3:01:27	0:04:06	2:01:04	Australia	
ae52411d-40e5-f011-8544-000d3a5b50ba	961	Chris Aulbury	M	M35-39	96	5:48:18	0:42:14	0:04:09	3:15:48	0:03:12	1:42:55	Australia	
9bb592c8-2d9f-f011-b41c-000d3a5cf7d8	962	Ana Paula Vieira de Oliveira	F	F25-29	45	5:48:18	0:33:26	0:04:49	3:06:38	0:04:49	1:58:36	Brazil	
1e7ac70f-ed76-f011-b4cc-000d3a35ffc1	963	Teddy Howard	M	M40-44	80	5:48:20	0:42:19	0:04:43	2:57:17	0:03:21	2:00:39	United Kingdom	
8b7900af-065b-45a2-945e-5c1c15400a27	964	James Herholdt	M	M50-54	49	5:48:22	0:30:07	0:04:50	3:01:02	0:03:43	2:08:40	Australia	
43117b22-3468-f111-a825-6045bd06566a	965	Liam Jolly	M	M25-29	166	5:48:34	0:46:34	0:04:45	3:06:38	0:06:42	1:43:54	New Zealand	
ecd9fbf3-ac3c-4c21-99f6-c7c55ad27ef0	966	Peter Gourlas	M	M55-59	29	5:48:37	0:48:40	0:05:05	2:48:52	0:05:08	2:00:52	Australia	
f4cdc26e-7f86-4007-bb51-37121d4864be	967	Tyler Battams	M	M18-24	139	5:48:41	0:43:29	0:07:24	2:57:32	0:07:56	1:52:21	Australia	
83f3b84e-67f1-4ad8-a864-35f94df24c2b	968	Bernard Wong	M	M40-44	81	5:48:41	0:44:00	0:04:58	2:52:02	0:02:54	2:04:47	Australia	
2ca05670-94f9-f011-8406-0022480b84a3	969	Chrissia Perry	F	F30-34	26	5:48:51	0:34:10	0:05:10	3:11:27	0:03:18	1:54:45	Australia	
1865235c-e4e7-4ee6-8cbf-8528d3aeeacf	970	Steeve Silloux	M	M40-44	82	5:48:52	0:40:37	0:04:13	2:56:37	0:04:45	2:02:40	Australia	
0d9b366a-0a5b-4ac7-b75d-d1e90cedec93	971	Chris Worland	M	M40-44	83	5:48:53	1:02:46	0:06:54	2:58:34	0:09:30	1:31:08	Australia	
ead5a0b5-814d-4a85-b021-15a886447650	972	Kane Donoghue	M	M35-39	97	5:48:53	0:37:30	0:04:08	2:59:20	0:04:45	2:03:09	Australia	
0c804771-fecc-4842-842f-8f27786f8550	973	Brett Stephenson	M	M55-59	30	5:49:02	0:46:28	0:06:31	2:54:11	0:05:13	1:56:38	Australia	
5b59ffb1-f198-42db-9a81-484de7282c88	974	Kevin Hefer	M	M25-29	167	5:49:02	0:38:35	0:04:12	3:03:35	0:04:41	1:57:58	Australia	
a622ac5f-b6f4-4a03-b17e-c3bb905b8563	975	Mason Bruns	M	M18-24	140	5:49:04	0:33:00	0:05:24	2:55:59	0:05:08	2:09:33	Australia	
8d5ff005-71c0-f011-bbd3-002248098cfa	976	Dave Saunders	M	M40-44	84	5:49:11	0:38:32	0:06:53	3:06:40	0:04:32	1:52:34	Australia	
78eea60a-3912-f111-8406-0022480b84a3	977	Matthew Galati-Sardo	M	M30-34	144	5:49:12	0:40:12	0:04:53	2:51:26	0:06:11	2:06:29	Australia	
7981d47e-441b-f111-8341-0022480b35b6	978	Rodrigo Angelini Schirmer	M	M18-24	141	5:49:14	0:36:40	0:03:35	3:11:29	0:03:22	1:54:07	Brazil	
6f6b903d-c64f-f011-877a-0022480a7385	979	Mariah Sandy	F	F25-29	46	5:49:15	0:38:46	0:03:51	2:50:12	0:02:48	2:13:38	Australia	
f6958b57-b0fc-f011-8406-0022480b84a3	980	Charles Courtemanche	M	M25-29	168	5:49:18	0:42:09	0:09:13	3:16:34	0:03:08	1:38:14	United States	
bfcd83d8-23f2-45f5-a7a5-9923453f78e2	981	Julian Thomas	M	M40-44	85	5:49:24	0:38:35	0:06:41	2:55:39	0:04:01	2:04:29	Australia	
e272848c-78ad-424e-bee0-e7ee8da9d7e1	982	David Newbond	M	M45-49	66	5:49:25	0:43:13	0:03:43	3:02:55	0:05:08	1:54:27	Australia	
66258e6b-effc-f011-8406-002248046ec8	983	Charlotte Mertikas	F	F25-29	47	5:49:26	0:43:44	0:05:59	3:02:14	0:04:15	1:53:14	Australia	
b85065b4-6ede-4208-9d91-3d0a0fdaa1e9	984	Carter Williams	M	M25-29	169	5:49:28	0:38:11	0:03:54	3:07:49	0:03:16	1:56:18	Australia	
8c587562-7de5-f011-8543-6045bd05fcc1	985	Anton Baptist	M	M25-29	170	5:49:32	0:34:42	0:02:53	3:11:23	0:02:30	1:58:03	Australia	
5c69f072-f741-f111-88b3-6045bd06566a	986	Tayla Crowther	F	F30-34	27	5:49:35	0:41:55	0:05:46	3:05:39	0:03:13	1:53:01	Australia	
549dfb79-396a-f111-a826-002248081bd6	987	Joel Taylor	M	M25-29	171	5:49:38	0:41:08	0:04:24	2:55:19	0:05:20	2:03:26	Australia	
9f32cef6-743b-41b6-b5ed-ca7296adf4bf	988	Nick Moore	M	M30-34	145	5:49:50	0:35:00	0:04:20	2:59:57	0:03:54	2:06:39	Australia	
51e62d0f-6e44-f111-88b3-70a8a59ad1b7	989	Kyal Oh	M	M35-39	98	5:49:59	0:42:14	0:05:08	3:06:21	0:03:14	1:53:02	Australia	
4ab095f1-e1b6-f011-bbd3-000d3a5c3d6c	990	Rob MacKinnon	M	M30-34	146	5:49:59	0:42:02	0:05:19	2:52:52	0:03:54	2:05:52	Australia	
9bdc303d-d347-4721-87cf-5cdc2ed05938	991	Dan Day	M	M30-34	147	5:50:03	0:39:29	0:06:24	3:08:52	0:06:52	1:48:25	United Kingdom	
1fb5b680-d415-f111-8341-0022480995bd	992	Matthew McGinley	M	M18-24	142	5:50:04	0:38:45	0:07:15	2:50:11	0:05:17	2:08:37	Australia	
020a273a-4951-48c6-8767-4530326d718d	993	Sofia Acarapi	F	F25-29	48	5:50:07	0:43:57	0:03:13	3:12:37	0:02:50	1:47:30	New Zealand	
1932cc14-c16d-f111-ab0d-6045bd08b1a2	994	Michael Say	M	M50-54	50	5:50:08	0:37:55	0:03:58	3:05:44	0:04:49	1:57:42	Australia	
bab2666f-039f-40a4-b1bb-1df60dfab2b3	995	Sharna Wilds	M	M18-24	143	5:50:08	0:30:10	0:03:41	2:54:13	0:05:20	2:16:44	New Zealand	
f43ff2ec-2c1d-f111-8341-0022480994c2	996	Alexander Butler	M	M35-39	99	5:50:15	0:42:05	0:06:14	3:12:03	0:04:30	1:45:23	Australia	
6d7df860-3fae-f011-bbd2-7ced8d6efc8c	997	Jaymee Ong	F	F45-49	14	5:50:17	0:40:20	0:04:18	2:58:24	0:05:36	2:01:40	Australia	
c08641e8-d6e5-f011-8544-000d3a3173b5	998	Lawrence Read	M	M35-39	100	5:50:20	0:43:55	0:08:45	3:02:38	0:06:35	1:48:27	United Kingdom	
f3a1b848-ec27-f111-8341-6045bd06566a	999	Jamie O Connor	M	M30-34	148	5:50:37	0:46:40	0:04:49	2:50:41	0:05:21	2:03:05	Ireland	
aa9c95e1-b6fc-f011-8406-0022480a5755	1000	John Patrick Mc Gee	M	M25-29	172	5:50:39	0:41:59	0:04:32	3:06:53	0:03:13	1:54:02	Ireland	
207a287d-2262-f011-bec2-000d3a5b7c3b	1001	Annalis Lewis	F	F40-44	21	5:50:43	0:34:26	0:03:32	3:03:56	0:03:29	2:05:19	New Zealand	
cc009b13-a8d0-4aa5-a4e8-371e550e4813	1002	Tania Farlow	F	F50-54	5	5:50:46	0:33:26	0:02:45	2:56:00	0:03:26	2:15:09	Australia	
07e582ed-314e-461e-af5e-5c810bd31793	1003	Heaydon Hitzman	M	M25-29	173	5:50:48	0:41:32	0:06:25	2:58:45	0:03:26	2:00:40	Australia	
ff68d896-b4ae-4f8d-aa7c-8c0556bf0f23	1004	Angus Groves	M	M30-34	149	5:50:50	0:42:39	0:04:32	3:04:08	0:06:19	1:53:13	Australia	
a40fb39d-61fb-4790-9cad-343c14aaa4b5	1005	Sally Pescini	F	F40-44	22	5:50:52	0:34:45	0:03:44	3:14:03	0:04:37	1:53:42	Australia	
c8c4c147-7ae6-447a-bff8-d42d631f763b	1006	Rachel Holmes	F	F35-39	11	5:50:53	0:34:56	0:04:16	2:45:09	0:04:12	2:22:19	Australia	
4199551a-2b9f-f011-b41c-000d3a5cf7d8	1007	Paris Alcorn	F	F18-24	27	5:50:55	0:41:05	0:04:15	3:00:16	0:02:51	2:02:29	Australia	
dfe37e2e-ac1a-4200-833d-fb0c752f829b	1008	Abby Collison	F	F25-29	49	5:51:02	0:33:39	0:03:04	2:59:45	0:02:21	2:12:14	Australia	
bc61084b-484b-f111-bec5-0022480a5755	1009	Ruth Johnstone	F	F35-39	12	5:51:06	0:37:59	0:03:29	3:00:29	0:02:37	2:06:32	United Kingdom	
fcf6738f-6df0-f011-8406-00224804c237	1010	rise rashid	M	M35-39	101	5:51:07	0:47:01	0:05:00	3:02:12	0:05:16	1:51:38	Mongolia	
fa754b8b-48e5-f011-8544-6045bd05f634	1011	Scott Campbell	M	M35-39	102	5:51:08	0:43:30	0:05:40	3:00:10	0:04:38	1:57:09	United Kingdom	
488569fb-d6c5-f011-bbd3-0022480c097c	1012	Brodie Smith	M	M25-29	174	5:51:08	0:30:18	0:05:37	3:01:20	0:02:45	2:11:09	Australia	
3c238cbc-9276-47ac-821a-391389cd4052	1013	Jaime Martinez	M	M55-59	31	5:51:10	0:45:30	0:03:35	3:03:45	0:02:39	1:55:41	Australia	
1e20cc92-fde5-f011-8544-000d3a3173b5	1014	Emma Kelly	F	F30-34	28	5:51:15	0:39:24	0:04:44	3:13:07	0:02:20	1:51:41	Australia	
fce4d13c-da12-f111-8406-0022480b84a3	1015	Eli Mitchell	M	M25-29	175	5:51:17	0:35:45	0:05:22	2:58:32	0:07:48	2:03:50	Australia	
8cb6369c-4cc1-4848-96ca-d92ba3ad8dfb	1016	Bailey Williams	M	M25-29	176	5:51:22	0:43:08	0:08:09	3:12:14	0:10:16	1:37:35	United Kingdom	
53b2b82e-8905-f111-8406-002248046ec8	1017	Oscar Bramich	M	M25-29	177	5:51:37	0:41:01	0:06:15	3:15:29	0:04:39	1:44:12	Australia	
fb1cee82-2888-ef11-ac21-000d3a59a9a1	1018	Chelsea Hoang	F	F18-24	28	5:51:39	0:43:09	0:03:44	3:12:33	0:03:01	1:49:12	Australia	
453dfe31-f79e-f011-b41c-000d3a5b50ba	1019	Christopher Vårdal	M	M30-34	150	5:51:47	0:37:17	0:04:20	2:55:16	0:04:31	2:10:23	Norway	
d59d72b8-4ede-481d-b365-33b33c3754e4	1020	Mark Athanitis	M	M30-34	151	5:51:47	0:39:26	0:05:45	3:02:55	0:05:34	1:58:06	Australia	
0e699e2d-859f-41fc-b62c-9b3dd80222be	1021	Phillip Keenan	M	M45-49	67	5:51:48	0:34:06	0:04:19	3:09:52	0:03:30	2:00:00	Australia	
29618369-4262-4258-a3a5-93b164b75654	1022	Joshua OGrady	M	M35-39	103	5:51:50	0:38:46	0:05:07	3:03:36	0:02:53	2:01:28	Australia	
a61e25ca-433a-45b1-801b-7195c4f93978	1023	Ranulph Harold	M	M35-39	104	5:51:54	0:43:12	0:04:01	2:50:37	0:03:29	2:10:35	Malaysia	
919e0838-d316-f111-8341-002248046451	1024	Aidan Leppien	M	M25-29	178	5:52:06	0:40:25	0:03:47	3:16:11	0:06:11	1:45:33	New Zealand	
9bd740e1-b552-f111-bec7-002248081bd6	1025	Ethan Ketelhohn	M	M18-24	144	5:52:08	0:40:00	0:05:25	3:02:09	0:03:21	2:01:14	Australia	
f953bc28-08db-43c1-b411-51f322ff7052	1026	Tai Blair	M	M18-24	145	5:52:08	0:45:35	0:05:43	3:09:26	0:02:22	1:49:03	New Zealand	
4989305e-31ed-f011-8544-00224805e61c	1027	Sasha John	F	F25-29	50	5:52:11	0:37:08	0:04:11	3:11:53	0:05:32	1:53:27	Australia	
c7b764fa-9650-42af-9e66-6bf1758c0a93	1028	Harry Cremen	M	M25-29	179	5:52:15	0:45:01	0:04:19	3:02:54	0:02:28	1:57:33	Australia	
966306fa-f362-f011-bec3-6045bd05f634	1029	Ash Kemp	F	F25-29	51	5:52:19	0:35:47	0:04:18	3:16:41	0:03:23	1:52:10	Australia	
f5278907-745a-f111-bec7-002248046451	1030	Cadyn Tasker	M	M35-39	105	5:52:19	0:35:50	0:03:23	3:15:30	0:02:53	1:54:43	Australia	
64c3b48f-4552-4f39-b0a5-f8f0fc459768	1031	Joey Yusof Vessey	M	M40-44	86	5:52:23	0:33:08	0:03:49	2:58:15	0:02:29	2:14:41	Australia	
649f3f24-10d8-4485-a22e-9520fa0e1e50	1032	Lindy Purdy	F	F55-59	4	5:52:24	0:36:18	0:02:48	2:58:57	0:02:14	2:12:07	New Zealand	
9937ce49-ed00-40a7-92fa-a122e79b5bd8	1033	Poppo Robinson	M	M65-69	4	5:52:32	0:43:36	0:06:02	2:51:04	0:04:49	2:07:00	Australia	
f6d8b911-7d90-4b07-a7d6-9da3aa3518f2	1034	William Tuffley	M	M18-24	146	5:52:34	0:30:33	0:03:15	3:00:53	0:03:51	2:14:01	Australia	
e4176cb2-1f0d-f111-8406-0022480a5755	1035	Bryn Thompson	M	M25-29	180	5:52:41	0:41:30	0:07:17	3:00:10	0:07:16	1:56:29	New Zealand	
ed9da12f-5dd1-4ccb-9af9-1c6f9d9cc4b0	1036	Shaun Thayer	M	M45-49	68	5:52:59	0:44:13	0:05:19	3:05:03	0:04:40	1:53:44	Australia	
86c83639-8be7-4394-b89e-8dcb2773285f	1037	Jessica Richards	F	F40-44	23	5:53:01	0:39:59	0:05:57	3:09:13	0:04:14	1:53:39	Australia	
492f1a58-9e76-f111-ab0f-6045bd08b1a2	1038	Tom Plunkett	M	M25-29	181	5:53:03	0:35:42	0:04:40	3:06:10	0:03:43	2:02:48	Australia	
0b76d767-3ef4-4ba7-9570-cff353f67225	1039	Craig Hamilton	M	M45-49	69	5:53:10	0:41:43	0:03:47	2:52:58	0:02:58	2:11:43	New Zealand	
1c7f86af-5cb3-4018-8d3b-a67eddda12b4	1040	Tracey Prince	F	F50-54	6	5:53:17	0:39:29	0:03:17	3:01:36	0:03:28	2:05:27	Australia	
fc217dcc-2baa-4528-bd21-3e3c75710953	1041	Matt Kendall	M	M30-34	152	5:53:22	0:38:26	0:04:13	2:54:58	0:03:56	2:11:49	Australia	
eaee293f-dc4e-4eef-9263-4b839a054b1d	1042	Ryan Bruce	M	M50-54	51	5:53:23	0:40:52	0:05:55	2:44:26	0:05:20	2:16:50	New Zealand	
7cf708bd-2054-f011-877b-000d3a3173b5	1043	Ellie Barr	F	F25-29	52	5:53:47	0:34:03	0:04:37	3:12:46	0:03:50	1:58:30	Australia	
b7a97cf2-4328-f111-8341-6045bd08b1a2	1044	Andres Felipe Ariza Hurtado	M	M35-39	106	5:53:49	0:37:36	0:02:56	3:05:49	0:02:46	2:04:43	Colombia	
200acdaa-7329-f111-8341-0022480994c2	1045	Daniel Chiang	M	M30-34	153	5:53:50	0:40:09	0:06:31	2:51:35	0:04:53	2:10:42	Malaysia	
037ba5f0-3ddd-f011-8543-000d3a5b77d0	1046	Austin Barrie		M25-29	182	5:53:55	0:47:03	0:05:04	3:01:01	0:04:34	1:56:14	United Kingdom	
91b6ce15-287a-4be8-baae-7a516b5e872e	1047	Andrew Searle	M	M50-54	52	5:53:59	0:34:18	0:04:40	3:01:37	0:02:40	2:10:45	Australia	
470f9962-3b14-f011-998a-0022480c097c	1048	Isabella Elsie Vasiliou	F	F18-24	29	5:54:03	0:37:25	0:04:05	3:00:10	0:04:15	2:08:07	Australia	
0a2e56c8-ec50-f111-bec7-0022480994c2	1049	Danny Perryman	M	M30-34	154	5:54:07	0:42:25	0:07:25	3:11:13	0:04:23	1:48:40	United Kingdom	
4cf97554-634c-f111-bec5-0022480a5755	1050	Austen Green	M	M30-34	155	5:54:07	0:38:00	0:09:31	2:59:43	0:06:15	2:00:39	New Zealand	
3ec8c25c-c963-4da7-a2c5-87547ca2adc0	1051	Greg Mcmurray	M	M50-54	53	5:54:11	0:38:06	0:03:50	3:04:15	0:03:28	2:04:33	Australia	
20d1c8e6-6b2c-406b-af96-2a22ee133be3	1052	Mikhaila Smith	F	F30-34	29	5:54:14	0:40:28	0:03:40	3:09:02	0:02:36	1:58:27	Australia	
4c3f2481-d376-4a6e-a1da-c00b9fb4db3b	1053	Angela Clarke-O'Connor	F	F60-64	2	5:54:16	0:34:00	0:03:01	3:01:23	0:04:21	2:11:31	Australia	
5d96b067-404b-422c-8895-5eb2f8acc70e	1054	Juan Cruz Alvarado	M	M35-39	107	5:54:23	0:44:37	0:07:02	3:02:56	0:04:55	1:54:53	Argentina	
9c84ae07-d9d4-f011-8544-000d3a5b7c3b	1055	Rick Wakely	M	M30-34	156	5:54:24	0:50:19	0:06:32	3:05:45	0:04:11	1:47:37	Australia	
2077a0df-d788-49c4-8d76-d31101fc50fc	1056	Mitchell Ramsay	M	M50-54	54	5:54:28	0:38:46	0:03:34	2:53:30	0:04:38	2:14:00	Australia	
d4d9c0c9-8573-f011-bec2-002248098cfa	1057	Emma Senior	F	F25-29	53	5:54:33	0:34:44	0:04:44	3:15:07	0:03:19	1:56:38	Australia	
c9314bce-a912-4019-86e8-9b854ce53846	1058	Mark Geddes	M	M60-64	16	5:54:35	0:32:51	0:03:42	2:40:04	0:04:31	2:33:27	Australia	
46ba0795-d009-f011-bae2-000d3a35ffc1	1059	Olivia Coffey	F	F25-29	54	5:54:38	0:41:55	0:03:02	3:04:53	0:03:22	2:01:26	Australia	
fe2b6ce0-d3ea-f011-8544-000d3a3173b5	1060	Karla Du Plessis	F	F30-34	30	5:54:40	0:41:41	0:07:38	3:10:50	0:04:21	1:50:10	Australia	
457cfa99-dfcf-f011-bbd3-000d3a3173b5	1061	Ivy Lange	F	F18-24	30	5:54:40	0:41:14	0:05:07	3:06:56	0:02:31	1:58:53	Australia	
3cec9c5e-b4ee-f011-8407-6045bd04a162	1062	Sebastian Madgwick	M	M18-24	147	5:54:46	0:43:44	0:05:23	3:10:15	0:03:25	1:51:59	Australia	
9c8eb88f-3f1c-4452-b3f6-459029a9c136	1063	Georgie Clareburt	F	F40-44	24	5:54:47	0:42:58	0:04:33	2:54:30	0:03:55	2:08:51	Australia	
39f6aef4-b428-f111-8341-0022480a5755	1064	Harry Pettett	M	M18-24	148	5:54:49	0:32:18	0:04:02	2:55:25	0:04:55	2:18:10	Australia	
153454cc-1865-499b-a961-306a760bddba	1065	Logan Cole	M	M30-34	157	5:54:52	0:39:13	0:06:01	2:57:54	0:05:44	2:05:59	Australia	
daba8405-ecc5-f011-bbd3-000d3a3173b5	1066	Tess Quinton	F	F18-24	31	5:54:52	0:44:22	0:03:09	3:08:43	0:03:33	1:55:06	Australia	
bbed2c4d-b7e3-f011-8544-6045bd05f634	1067	Sam Capper	M	M25-29	183	5:54:53	0:32:18	0:04:48	3:06:50	0:03:54	2:07:02	New Zealand	
93cb6014-39e5-f011-8544-6045bd05f634	1068	jacob hein	M	M30-34	158	5:54:56	0:34:20	0:05:21	3:00:00	0:05:56	2:09:20	Australia	
45d5fd34-5c20-f111-8341-7ced8d6e6c80	1069	Candace Truskinger		F35-39	13	5:54:57	0:45:29	0:06:10	2:56:51	0:03:00	2:03:27	Australia	
0b7b282d-91c3-f011-bbd3-000d3a5cf7d8	1070	Eloise Cleaver	F	F18-24	32	5:54:59	0:29:55	0:04:31	3:10:42	0:07:34	2:02:17	Australia	
52939bcd-9645-4253-93a8-dfa6a246afbe	1071	Ryan Yems	M	M18-24	149	5:55:00	0:38:41	0:04:46	3:14:39	0:02:16	1:54:38	United Kingdom	
a3a9be17-cd15-f111-8341-6045bd08b1a2	1072	Anthony Savona	M	M55-59	32	5:55:05	0:51:30	0:04:33	2:47:55	0:03:11	2:07:56	Australia	
5be3d9d4-16e6-f011-8544-0022480a7385	1073	Lisa Marie Loehr	F	F25-29	55	5:55:05	0:43:07	0:04:14	2:56:39	0:03:26	2:07:39	Germany	
3a7dd8d3-d863-f111-a826-0022480a5755	1074	Jack Wigney	M	M18-24	150	5:55:12	0:38:17	0:03:59	2:58:07	0:02:42	2:12:07	Australia	
7b0ff10b-215b-f111-bec7-002248046ec8	1075	Christopher Roland	M	M40-44	87	5:55:17	0:36:02	0:04:10	3:05:43	0:05:21	2:04:02	Australia	
59c621bc-e490-4b34-8a59-4709a0c133ce	1076	Brittany Fritz	F	F35-39	14	5:55:22	0:38:58	0:05:19	3:09:58	0:03:09	1:57:57	United States	
fa48900b-862e-4dcd-87b4-9de7607cb6e1	1077	Laura Wise	F	F40-44	25	5:55:25	0:33:57	0:04:35	3:05:39	0:05:39	2:05:34	South Africa	
115ee0c5-4aed-4bc0-b996-f4d70d7f7226	1078	Rachael Jones	F	F55-59	5	5:55:30	0:40:53	0:03:10	2:57:48	0:03:41	2:09:58	New Zealand	
9b73a140-a801-f111-8406-0022480a5755	1079	Theodore DUONG	M	M18-24	151	5:55:30	0:44:18	0:03:16	3:15:04	0:04:52	1:48:01	Vietnam	
73e9a5e8-af88-49dd-bc3e-a689ba713e35	1080	Ethan Hennessy	M	M25-29	184	5:55:35	0:37:36	0:05:00	3:05:29	0:02:20	2:05:10	Australia	
17f5f4d5-a5c0-45d8-bedd-1365663e7092	1081	Lars Schering	M	M25-29	185	5:55:35	0:38:57	0:07:10	3:07:24	0:05:12	1:56:52	Australia	
07610261-24f6-4b9b-8bab-ef13995863c0	1082	Eric Oxenham	M	M45-49	70	5:55:41	0:37:46	0:05:16	3:12:32	0:05:08	1:55:00	Australia	
24f23c2e-b563-4b24-a953-a74869561319	1083	Mary Watkinson	F	F55-59	6	5:55:43	0:50:28	0:05:21	2:41:36	0:04:08	2:14:10	Australia	
4be8dfc8-1e71-47cb-a5d6-a9e6ba152aa5	1084	Johan BEETGE	M	M35-39	108	5:55:56	0:43:34	0:04:10	2:53:50	0:04:23	2:10:00	Australia	
1a4999e7-10a0-4347-ad61-ddd47eebaf88	1085	David Hansen	M	M55-59	33	5:55:57	0:34:47	0:04:18	2:58:21	0:03:41	2:14:51	Australia	
0092bb74-0ca1-43fc-92bf-ccbd9c4fb3b0	1086	Brinlee Lock	F	F25-29	56	5:56:02	0:40:17	0:03:37	3:07:44	0:03:40	2:00:44	Australia	
13c7c208-2c9f-f011-b41c-0022480a7385	1087	Ryan Baker	M	M25-29	186	5:56:03	0:40:49	0:05:51	3:07:45	0:04:55	1:56:43	Australia	
0afa1d09-a2c5-4aeb-ba5f-73acf5200ca7	1088	Peter Berckelman	M	M65-69	5	5:56:06	0:35:06	0:03:19	2:51:21	0:03:03	2:23:18	Australia	
3ab38b1f-52ce-f011-bbd3-6045bd09951e	1089	Neal Grayson	M	M18-24	152	5:56:18	0:38:32	0:04:34	2:56:53	0:03:23	2:12:55	New Zealand	
a54bf1f1-7e9a-f011-b4cc-000d3a5b7c3b	1090	Patrick Williams	M	M25-29	187	5:56:25	0:41:49	0:05:40	3:08:39	0:03:26	1:56:52	Australia	
712a923b-cde7-40a4-92c1-9284413e83f8	1091	Tayla Patrick	F	F25-29	57	5:56:46	0:28:49	0:04:19	3:16:05	0:02:55	2:04:39	Australia	
e7171ac0-9085-472a-887f-04c4fcbc5e54	1092	Nick Taylor	M	M65-69	6	5:56:49	0:40:29	0:03:13	3:06:02	0:02:54	2:04:12	Australia	
23f08b3d-586c-43db-8200-57b51df379c3	1093	Galen Lau	M	M30-34	159	5:56:53	0:43:57	0:04:52	3:00:55	0:03:20	2:03:50	Australia	
7b21d265-37ec-ef11-9342-6045bd02949c	1094	Jacques Thirion	M	M35-39	109	5:57:00	0:43:26	0:05:33	2:53:56	0:04:34	2:09:32	Australia	
7df469f7-09a6-4e89-8f33-2c446897f67c	1095	Hugo Souza	M	M30-34	160	5:57:08	0:44:25	0:05:59	2:43:41	0:05:45	2:17:18	Brazil	
4591319b-0535-45fb-b5fb-34165958c8f3	1096	Benji Klipin	M	M25-29	188	5:57:09	0:40:22	0:08:06	2:52:58	0:05:06	2:10:36	Australia	
aaad6316-6f76-f011-b4cc-000d3a5b50ba	1097	Joseph Spross	M	M30-34	161	5:57:09	0:44:03	0:04:34	3:06:55	0:04:25	1:57:12	Australia	
66cb5504-b0f6-f011-8406-0022480b84a3	1098	Madison Bonser	F	F25-29	58	5:57:16	0:40:36	0:03:44	3:19:15	0:03:18	1:50:23	United States	
e8877c22-7844-f111-88b4-002248046451	1099	Ben O'Rourke	M	M35-39	110	5:57:38	0:46:16	0:06:22	3:10:26	0:06:40	1:47:54	Australia	
09a7ce7d-60f6-f011-8406-0022480b35b6	1100	Zane Kawana	M	M18-24	153	5:57:42	0:40:27	0:04:09	2:53:34	0:02:27	2:17:04	New Zealand	
463c2317-f080-f111-ab0f-6045bd08b1a2	1101	David Vanderpeet	M	M55-59	34	5:57:50	0:47:04	0:04:58	2:47:58	0:03:04	2:14:46	Australia	
f46baf5e-d459-4b4a-802f-9489fe3c2432	1102	Danny Harcombe	M	M50-54	55	5:57:55	0:39:01	0:05:30	3:09:15	0:05:22	1:58:46	Australia	
21691f38-cd46-42db-b27e-eb5f6bb9c9f0	1103	Hayden Mcloughlin	M	M25-29	189	5:58:05	0:37:49	0:08:09	3:05:33	0:02:41	2:03:52	Australia	
791073d7-8cd1-4b9e-97a5-34bc499fc3ac	1104	Robert Lansdowne	M	M45-49	71	5:58:06	0:45:48	0:05:39	2:56:15	0:03:44	2:06:41	Australia	
e71f943d-3356-f111-bec7-0022480995bd	1105	Bradyn Welsh	M	M25-29	190	5:58:14	0:48:16	0:04:35	2:49:29	0:02:30	2:13:24	Australia	
b1436b73-a33f-f011-b4ca-0022480c097c	1106	Alexandre Sanabre	M	M40-44	88	5:58:16	0:42:05	0:05:16	3:04:46	0:05:10	2:01:01	Australia	
c85a42f9-4e27-f111-8341-002248046451	1107	Seamus Slattery	M	M18-24	154	5:58:24	0:34:33	0:05:23	3:00:23	0:03:45	2:14:20	Australia	
388d1669-fbcf-46b6-920e-dedc6fdec409	1108	Jessica Hifo	F	F35-39	15	5:58:25	0:35:19	0:04:21	3:00:24	0:03:43	2:14:38	Australia	
f8c1930d-ebf7-f011-8406-0022480a5755	1109	Jesse Ramshaw	M	M25-29	191	5:58:26	0:37:38	0:04:43	3:00:13	0:03:44	2:12:08	Australia	
8d71f6e2-3493-4e95-9537-ed0041b5085b	1110	Ben Macdonald	M	M25-29	192	5:58:42	0:36:45	0:03:39	3:11:41	0:04:51	2:01:45	Australia	
9faca8f3-da15-4a18-a4d7-643c22cafcec	1111	Bruno Henrique Da Fonseca	M	M35-39	111	5:58:44	0:40:19	0:04:52	3:09:05	0:05:27	1:59:01	Brazil	
1f41a7e1-b97f-f011-b4cc-000d3a35ffc1	1112	Robert Campbell	M	M40-44	89	5:58:47	0:39:44	0:04:43	2:58:36	0:06:10	2:09:33	United States	
604a84cb-50f1-464a-bcea-6628956a6866	1113	Dayne Syron	M	M30-34	162	5:59:01	0:38:48	0:05:48	3:00:06	0:05:34	2:08:45	Australia	
2f19ae82-40ae-40f5-bd75-09d2cd4c4150	1114	Paul Skelton	M	M60-64	17	5:59:02	0:34:54	0:02:56	2:48:52	0:04:10	2:28:10	Australia	
79359d57-92e3-f011-8543-000d3a5b5fc7	1115	Noah Hoffmann	M	M25-29	193	5:59:07	0:37:34	0:03:37	3:34:33	0:04:05	1:39:19	Australia	
1dc0a06e-d01e-f111-8341-002248046ec8	1116	Nicholas Hall	M	M18-24	155	5:59:12	0:37:29	0:03:43	3:22:35	0:06:25	1:49:00	Australia	
d17071b2-4d50-f111-bec6-002248081bd6	1117	Adam Berry	M	M30-34	163	5:59:19	0:39:20	0:04:31	2:54:27	0:04:28	2:16:34	Australia	
38a3982b-29f3-4e69-b25b-0cd067b23f54	1118	Parrish Evans	M	M55-59	35	5:59:21	0:34:42	0:06:31	3:01:31	0:06:26	2:10:10	Australia	
c774168f-3699-4141-84de-e64f250e1c3b	1119	Leigh Davies	M	M40-44	90	5:59:26	0:37:24	0:03:48	2:45:23	0:02:55	2:29:56	Australia	
82dca1fe-a7d5-f011-8543-6045bd05fcc1	1120	Ivy Elleman	F	F25-29	59	5:59:41	0:32:22	0:03:32	3:11:59	0:04:15	2:07:31	Australia	
44600fd6-802d-f111-88b4-0022480994c2	1121	Isaac Moss	M	M18-24	156	5:59:41	0:37:35	0:03:34	3:04:29	0:04:43	2:09:20	Australia	
a50f7a46-46cb-ef11-b8e9-000d3a5a1803	1122	Brad Wells	M	M55-59	36	5:59:42	0:37:54	0:03:25	3:04:16	0:04:54	2:09:12	Australia	
f36d6ebc-d90f-f111-8406-0022480a5755	1123	Tristan Borg	M	M18-24	157	5:59:45	0:39:13	0:05:22	3:05:46	0:07:42	2:01:41	Australia	
5c4d5116-72ab-481c-b0b9-aa79f5db38de	1124	Nancy Clarke	F	F50-54	7	5:59:52	0:34:31	0:04:37	2:56:54	0:04:04	2:19:47	Australia	
e916067c-46b2-47b5-9e8b-28180e4a44df	1125	Robert Duffy	M	M65-69	7	5:59:53	0:40:48	0:03:32	3:04:19	0:02:42	2:08:31	Australia	
3833db0e-a5a0-4484-a804-303033d76ada	1126	Lachlan Clark	M	M45-49	72	5:59:58	0:39:37	0:03:37	3:00:04	0:05:10	2:11:31	Australia	
518c54b8-737a-4076-a6c3-cbeec13fe36b	1127	Jacq Tan	F	F50-54	8	5:59:59	0:35:53	0:05:34	3:00:15	0:03:31	2:14:47	Singapore	
2326aeb4-187d-45af-993d-59f185752a4c	1128	Max Howells	M	M30-34	164	6:00:00	0:39:15	0:03:41	2:44:24	0:03:20	2:29:19	United Kingdom	
5afa60ba-2402-f111-8406-6045bd06566a	1129	Shannon Trebes	F	F25-29	60	6:00:09	0:37:31	0:05:05	3:12:59	0:03:23	2:01:10	New Zealand	
0eb89103-8618-4c34-b70d-cabe4d3ad90b	1130	Jorja SCHMIDT	F	F35-39	16	6:00:23	0:33:16	0:04:16	3:14:09	0:05:05	2:03:37	Australia	
2e86d7fc-4ae5-f011-8543-000d3a5b5fc7	1131	Shane Moss	M	M35-39	112	6:00:25	0:42:23	0:07:02	3:03:20	0:06:23	2:01:18	Australia	
b1e3a5cf-51a2-f011-bbd3-000d3a5b7c3b	1132	Thomas Dickey	M	M25-29	194	6:00:27	0:36:11	0:03:29	2:45:36	0:03:23	2:31:48	Australia	
984ed16f-4ebf-f011-bbd3-6045bd05f634	1133	Anthony Falcone	M	M25-29	195	6:00:27	0:41:33	0:04:36	3:08:37	0:03:44	2:01:57	Australia	
279a39ce-586c-f111-a826-00224805c082	1134	Justyn Cronin	M	M25-29	196	6:00:35	0:39:43	0:04:59	3:20:17	0:04:31	1:51:06	United Kingdom	
189044e2-6983-42ca-a478-a89ede59bba7	1135	Stephen Mann	M	M65-69	8	6:00:58	0:41:01	0:06:02	2:57:06	0:04:52	2:11:56	Australia	
1b2a1015-4de8-f011-8544-000d3a3173b5	1136	George Mulhearn	M	M25-29	197	6:01:09	0:43:49	0:07:13	3:04:41	0:04:29	2:00:57	Australia	
44770390-1901-428b-b936-1389834a94a4	1137	Jarom Leneham	M	M40-44	91	6:01:18	0:40:50	0:05:40	2:45:21	0:03:31	2:25:56	Australia	
db6e8181-464c-f111-bec6-0022480b84a3	1138	Michael Doree	M	M25-29	198	6:01:21	0:44:01	0:06:37	2:56:33	0:05:48	2:08:22	Australia	
aff6f677-db20-f111-8341-6045bd06566a	1139	Samuel Cameron	M	M18-24	158	6:01:21	0:41:02	0:05:37	3:06:13	0:05:47	2:02:42	Australia	
2b81117a-b6c5-f011-bbd3-000d3a5b50ba	1140	Reece Smith	M	M18-24	159	6:01:24	0:36:50	0:03:34	3:08:07	0:05:55	2:06:58	Australia	
ea0ab7ab-1b70-f111-ab0d-0022480994c2	1141	Matthew Redhead	M	M35-39	113	6:01:29	0:45:24	0:07:59	3:11:06	0:05:20	1:51:40	Australia	
cb515ff9-596b-f111-ab0b-70a8a5aed29e	1142	Tasman Kirk	M	M18-24	160	6:01:30	0:43:09	0:03:48	2:54:54	0:05:33	2:14:05	Australia	
e038f504-6338-f111-88b3-0022480a5755	1143	Jack Shiel	M	M30-34	165	6:01:33	0:41:14	0:04:48	2:57:16	0:05:41	2:12:35	Ireland	
1fef84ed-fc18-40a5-8418-ebca4465beb7	1144	Shane Van Druten	M	M45-49	73	6:01:42	0:40:26	0:05:24	2:56:52	0:06:11	2:12:49	Australia	
9194e979-e742-4c3e-9b31-4e930314fffa	1145	David Hayward	M	M55-59	37	6:01:53	0:33:25	0:02:22	2:56:02	0:02:42	2:27:22	Australia	
c113f02d-2552-433d-be5b-cda541658ee9	1146	Sean Stamp	M	M50-54	56	6:01:56	0:48:41	0:05:00	2:54:50	0:03:20	2:10:06	Australia	
feea18f8-134b-47a7-8e78-c983aaab2e9d	1147	Petra Fisher	F	F25-29	61	6:02:01	0:40:32	0:04:48	3:12:14	0:05:22	1:59:06	New Zealand	
de95a69f-85ec-f011-8543-00224804742c	1148	Zeke Medling	M	M18-24	161	6:02:02	0:33:47	0:05:38	3:05:00	0:03:49	2:13:48	Australia	
53148771-8b2d-f111-88b3-6045bd09e481	1149	Bevan Pramudito		M18-24	162	6:02:09	0:59:17	0:04:35	2:47:52	0:03:04	2:07:21	Indonesia	
d5645862-2039-f111-88b3-6045bd06566a	1150	Dudley Lowe	M	M50-54	57	6:02:15	0:31:32	0:06:19	3:03:36	0:08:25	2:12:23	Australia	
9cdb4cf4-0b6c-49a9-b277-f4d618662eef	1151	Cameron Roper	M	M55-59	38	6:02:23	0:43:43	0:06:05	3:06:55	0:03:38	2:02:02	Australia	
34abf1f0-d1df-f011-8544-000d3a5b7c3b	1152	Ben Miller	M	M18-24	163	6:02:29	0:40:01	0:05:04	3:09:06	0:04:55	2:03:23	Australia	
6123e1ec-3c02-4519-8102-baa7a2bdf2d0	1153	Giorgio Bumbaca	M	M45-49	74	6:02:31	0:42:22	0:05:34	3:19:26	0:01:24	1:53:45	Italy	
cfc457ac-49a2-f011-bbd3-6045bd05fcc1	1154	Marlon Ramirez	M	M30-34	166	6:02:32	0:51:44	0:06:08	2:53:00	0:06:38	2:05:03	Ecuador	
a9a49108-b024-f011-8c4e-000d3a5b50ba	1155	Ethan Wilson	M	M18-24	164	6:02:34	0:43:08	0:04:13	2:59:31	0:03:14	2:12:29	Australia	
4c84b36a-b1bf-49f3-a61c-410935ef8433	1156	Sarah Clarke	F	F35-39	17	6:02:38	0:41:02	0:05:17	3:08:51	0:04:53	2:02:36	Australia	
af21bdd8-409c-47b9-9099-8c697c4b2754	1157	Rhiannon Hooper	F	F25-29	62	6:02:41	0:40:06	0:04:09	3:16:45	0:03:36	1:58:04	Australia	
0a19b427-a2b7-4099-94cd-37090ee43c82	1158	Jimmy YK Chau	M	M65-69	9	6:02:44	0:42:19	0:06:57	2:48:12	0:07:52	2:17:24	United Kingdom	
893f6caa-f1e2-458c-a7c4-bb3d1c278050	1159	Kenneth Rae	M	M70-74	2	6:02:48	0:33:29	0:04:46	3:01:23	0:06:00	2:17:11	Australia	
4783c8bb-c5a2-f011-bbd3-6045bd05f634	1160	Julio Rivas	M	M35-39	114	6:02:49	0:44:53	0:04:53	2:46:10	0:04:24	2:22:28	Chile	
595d3fba-b1f1-42d3-821e-e446ee4019c1	1161	Bailey Howard	M	M18-24	165	6:02:55	0:40:24	0:04:51	3:09:19	0:03:42	2:04:39	Australia	
f11fb24d-7209-f111-8406-0022480995bd	1162	Nash Tapp	M	M25-29	199	6:02:59	0:43:34	0:05:35	3:13:17	0:04:57	1:55:36	Australia	
b23d3400-6734-f111-88b4-6045bd06566a	1163	Timothy Judd	M	M40-44	92	6:03:03	0:42:35	0:04:29	3:13:00	0:04:06	1:58:53	Australia	
07449b72-aceb-43f5-93ca-73cb5a602b0b	1164	Robert Adam	M	M50-54	58	6:03:08	0:40:26	0:06:08	2:51:16	0:03:16	2:22:03	Australia	
e65db691-acc5-f011-bbd3-6045bd09951e	1165	Anna Kirk	F	F25-29	63	6:03:18	0:29:33	0:03:22	3:20:22	0:05:33	2:04:28	United Kingdom	
3f299040-ade0-4c01-af98-5a36727ef00c	1166	Tina Taraborrelli	F	F50-54	9	6:03:22	0:34:47	0:04:41	2:53:58	0:04:15	2:25:40	Australia	
0d909122-ecbc-4a58-b46d-ec5418133960	1167	Mognild Eerkens	F	F18-24	33	6:03:24	0:39:45	0:03:55	3:16:38	0:04:24	1:58:42	Australia	
6f1514cc-e2f1-4732-b6b7-305ec8369180	1168	Megan King	F	F55-59	7	6:03:26	0:43:00	0:04:39	3:09:11	0:04:16	2:02:20	Australia	
5cff0ef7-6fe5-f011-8543-6045bd05fcc1	1169	Fletcher Day	M	M18-24	166	6:03:38	0:40:33	0:04:05	3:18:01	0:02:38	1:58:22	Australia	
bbf3f2af-7064-4de3-86f8-19bede73de50	1170	Chi Leung Poon	M	M30-34	167	6:04:11	0:38:02	0:05:20	3:11:24	0:04:34	2:04:50	Hong Kong	
f0ed2744-04da-f011-8544-6045bd09951e	1171	Kristian Kelly	M	M50-54	59	6:04:18	0:42:18	0:05:50	2:49:20	0:05:24	2:21:26	Australia	
c4517069-7844-441d-9f49-97ead7265b1f	1172	Quentin Holmes	M	M55-59	39	6:04:23	0:41:26	0:04:13	2:46:17	0:03:25	2:29:02	New Zealand	
278be655-ce8f-f111-8077-0022480a5755	1173	Robert Booker	M	M45-49	75	6:04:37	0:37:08	0:04:54	3:07:15	0:03:04	2:12:17	Australia	
e5efc6d3-dc55-4178-9c68-3c76c02ae447	1174	Madeline Murray	F	F45-49	15	6:04:38	0:44:13	0:04:20	2:59:32	0:03:41	2:12:52	Australia	
3861a946-9131-f111-88b3-6045bd0604b9	1175	Loretta McGrath	F	F30-34	31	6:04:39	0:43:09	0:03:58	3:19:17	0:03:00	1:55:15	Australia	
53ea077e-6c90-4176-a6b2-2e8ff9c0d9a0	1176	Liam Mcneill	M	M30-34	168	6:04:44	0:41:34	0:04:53	3:01:43	0:04:07	2:12:26	Australia	
80c70052-6517-4073-b836-6e539414a001	1177	Mark Thill	M	M45-49	76	6:04:58	0:42:16	0:03:59	2:55:24	0:03:37	2:19:42	United States	
4caa1bab-0533-f111-88b4-0022480b35b6	1178	Caleb Finch	M	M25-29	200	6:05:04	0:40:06	0:05:11	3:20:03	0:04:17	1:55:28	Australia	
aac4dfed-1911-489a-8a87-c016f567934c	1179	Thomas Clifton	M	M18-24	167	6:05:05	0:48:30	0:05:20	3:00:40	0:04:43	2:05:52	Australia	
38bfbfaf-2a28-409c-8a49-59b0b0fd82d9	1180	Stewart King	M	M50-54	60	6:05:06	0:36:38	0:05:24	3:06:47	0:04:56	2:11:22	Australia	
382b58a7-7342-4346-b272-1c15eee543d0	1181	Ryan Norton	M	M40-44	93	6:05:08	0:46:18	0:08:29	3:14:57	0:07:06	1:48:18	Australia	
67f43de4-6bb8-f011-bbd3-000d3a5cf7d8	1182	Jacob Felton	M	M35-39	115	6:05:15	0:39:05	0:06:13	3:17:01	0:05:16	1:57:40	Australia	
69fa9f95-b0a3-f011-bbd3-6045bd09951e	1183	Nathan Thompson	M	M40-44	94	6:05:16	0:40:24	0:05:47	2:57:00	0:05:02	2:17:02	Australia	
01d2e18f-b2b4-f011-bbd3-6045bd05fcc1	1184	Luke Lane	M	M35-39	116	6:05:25	0:45:59	0:04:35	3:05:07	0:03:12	2:06:32	Australia	
f02a1329-52db-4a0f-8888-da6c27dbed01	1185	Jarad Savage	M	M35-39	117	6:05:37	0:40:28	0:03:26	3:05:14	0:07:10	2:09:18	Australia	
f208cb9f-2a9f-f011-b41c-6045bd05f634	1186	Tia Jupp	F	F25-29	64	6:05:38	0:41:36	0:04:10	3:05:49	0:03:27	2:10:36	Australia	
a7a6b34a-ac3e-f111-88b3-6045bd08b1a2	1187	Jessica Johnston	F	F18-24	34	6:05:41	0:38:42	0:04:54	3:06:05	0:02:38	2:13:22	Australia	
a5591470-38b9-4c9b-94b4-4ff8269b8872	1188	Josh Pontifex	M	M40-44	95	6:05:41	0:38:26	0:07:17	2:54:03	0:08:55	2:16:59	Australia	
511a7a0d-c2c1-4c27-9d23-138b49f01d22	1189	Taylen Houslip	M	M18-24	168	6:05:43	0:38:16	0:04:28	2:57:46	0:04:39	2:20:34	Australia	
bfa7b496-8b53-f111-bec6-0022480a5755	1190	Greg Crew	M	M55-59	40	6:05:49	0:40:47	0:04:42	3:09:08	0:03:30	2:07:42	Australia	
034a55f3-dd7e-4ff1-932e-96ea6c12a899	1191	Patrick Wilkins	M	M25-29	201	6:05:57	0:42:20	0:05:33	2:58:10	0:04:03	2:15:51	New Zealand	
80db56b1-7117-f111-8341-002248046ec8	1192	Jack Baker	M	M30-34	169	6:06:03	0:40:59	0:05:34	3:03:28	0:04:24	2:11:39	Australia	
a66147ff-e149-f011-877a-6045bd05fcc1	1193	Courtney Hill	F	F25-29	65	6:06:08	0:39:46	0:04:23	3:07:25	0:03:36	2:10:57	Australia	
12891c44-e09d-4c4c-b2c7-0ff71a633d98	1194	Rachel Grills	F	F45-49	16	6:06:30	0:41:28	0:05:51	3:07:25	0:07:52	2:03:53	Australia	
5fe0b5f2-ad50-45ec-a842-55514768d527	1195	Clint Moxham	M	M45-49	77	6:06:32	0:43:28	0:04:56	2:58:30	0:03:47	2:15:50	Australia	
e84047ed-c129-480e-b8cf-d34f58efa7e4	1196	Keith Bosworth	M	M25-29	202	6:06:33	0:35:57	0:06:20	3:33:46	0:05:14	1:45:15	Australia	
65b4df72-3ef7-4758-bd93-d1937d7c3f0d	1197	Marco Fargnoli	M	M60-64	18	6:06:36	0:42:29	0:02:57	3:04:08	0:05:57	2:11:05	Australia	
1c177d6e-313e-f111-88b4-0022480995bd	1198	Lachlan Eddie	M	M25-29	203	6:06:37	0:43:27	0:05:39	3:27:39	0:03:17	1:46:35	Australia	
6c9863d5-0513-48a8-9770-70fd4572b53d	1199	Teresa Hackney	F	F55-59	8	6:06:45	0:41:54	0:05:12	3:14:35	0:04:01	2:01:03	Australia	
81ff26d8-7eda-f011-8544-000d3a35ffc1	1200	Peter Baker	M	M25-29	204	6:06:45	0:42:36	0:05:14	3:13:33	0:05:21	2:00:02	United Kingdom	
ad19fc32-95eb-4836-b2f9-5f174ff39f46	1201	Jon Rigley	M	M50-54	61	6:06:48	0:35:18	0:05:03	3:06:26	0:05:29	2:14:31	Australia	
f3c35273-341e-4f44-9321-b2fb71e90353	1202	Javier Cerdan	M	M45-49	78	6:06:52	0:36:38	0:05:33	2:49:04	0:05:18	2:30:18	Spain	
9c94bad4-20e1-f011-8543-000d3a5b5fc7	1203	Nelson Ramsay	M	M25-29	205	6:07:03	0:42:06	0:04:15	3:09:41	0:05:00	2:06:01	Australia	
af8318ef-9151-f111-bec6-6045bd06566a	1204	Romain Pondard	M	M35-39	118	6:07:05	0:40:42	0:03:20	3:17:53	0:03:20	2:01:49	Australia	
76c7c529-8d10-43c4-ac50-daf7c3e9dd16	1205	Ed Clarke	M	M40-44	96	6:07:09	0:37:07	0:05:06	2:58:02	0:08:30	2:18:24	Australia	
02f21d35-0c72-4855-a559-f57235e3b3a8	1206	Alexander Finlay	M	M25-29	206	6:07:09	0:43:20	0:08:46	2:50:16	0:04:38	2:20:09	Australia	
c9cf8216-256e-f111-ab0d-0022480994c2	1207	Daniel Fontaine	M	M45-49	79	6:07:25	0:43:07	0:06:04	3:05:53	0:05:42	2:06:39	Australia	
2cee2a07-0159-4526-8759-f57f42dc2643	1208	Isabelle Decaria	F	F25-29	66	6:07:29	0:39:33	0:04:39	3:12:27	0:03:38	2:07:12	Australia	
566e0bd2-d586-4b73-8e0d-ee8dc5d9c48b	1209	Rachael Davies	F	F55-59	9	6:07:30	0:42:37	0:05:21	3:03:08	0:04:15	2:12:10	Australia	
804ffe7e-f1bb-45d3-9b0f-5383587565c0	1210	James Gardiner	M	M45-49	80	6:07:35	0:36:17	0:06:18	2:58:44	0:03:27	2:22:49	Australia	
cd5d12eb-2552-f011-877a-6045bd05f634	1211	Jack Ryan	M	M25-29	207	6:07:37	0:37:58	0:06:40	3:10:23	0:05:24	2:07:12	Australia	
4153fa0e-e17f-4033-9158-646c47f0945c	1212	Alex Battye	M	M35-39	119	6:07:53	0:40:11	0:03:38	3:06:20	0:04:52	2:12:52	Australia	
8b79a93b-8e4b-4559-9965-f607a7ad3bf1	1213	Neal Wood	M	M40-44	97	6:07:53	0:40:25	0:03:07	3:03:03	0:04:32	2:16:47	Australia	
f7b39c00-cd2e-f011-8c4e-000d3a5b50ba	1214	Scarlett Glodic	F	F18-24	35	6:07:54	0:46:23	0:03:54	3:08:53	0:03:08	2:05:37	Australia	
0ef35fa3-9afa-f011-8406-0022480a5755	1215	Jakub Spiewak	M	M25-29	208	6:07:57	0:50:07	0:07:30	3:01:53	0:06:09	2:02:17	United Kingdom	
7fe16a5e-e394-f011-b4cc-000d3a5b7c3b	1216	Alexander Furnes	M	M18-24	169	6:07:58	0:50:23	0:06:01	3:12:26	0:02:53	1:56:14	Norway	
72de65cf-36e6-f011-8544-6045bd09951e	1217	Ryan Hore	M	M30-34	170	6:08:07	0:30:29	0:04:03	3:06:06	0:04:07	2:23:21	Australia	
77ca73f4-3607-f111-8406-0022480b84a3	1218	Peter Urquhart	M	M25-29	209	6:08:13	0:44:47	0:06:45	3:00:18	0:05:33	2:10:50	Australia	
9e468ce8-7193-f011-b4cc-000d3a3173b5	1219	Alfonso Monedero	M	M30-34	171	6:08:17	0:42:31	0:04:19	2:57:06	0:03:58	2:20:24	Spain	
93f0ebf2-c9f5-f011-8406-0022480a5755	1220	Lucy Wallace	F	F18-24	36	6:08:19	0:39:32	0:06:34	3:02:20	0:05:38	2:14:15	Australia	
57f99d77-6ffd-f011-8406-6045bd08b1a2	1221	William Parmenter	M	M25-29	210	6:08:21	0:39:55	0:05:02	3:10:44	0:03:25	2:09:14	Australia	
4b1c3c88-f771-4111-86fb-fc5b3e4fa911	1222	Dakota Hooper	F	F25-29	67	6:08:31	0:40:57	0:04:06	3:08:53	0:03:30	2:11:06	Australia	
bbee473e-e24f-45d0-bea2-6a6eb2ac860f	1223	Rachel Gordon	F	F25-29	68	6:08:33	0:42:58	0:06:05	3:11:33	0:08:05	1:59:52	United Kingdom	
1fccbb71-6fb4-ef11-b8e8-6045bd088264	1224	Scott Rathbone	M	M35-39	120	6:08:36	0:38:36	0:06:26	3:20:24	0:05:55	1:57:15	Australia	
bbb8eb64-ee2f-f011-8c4d-6045bd09951e	1225	Kate Hankinson	F	F18-24	37	6:08:41	0:39:54	0:04:00	3:07:52	0:03:31	2:13:24	Australia	
6678fe26-a330-4c73-8976-30f598769a46	1226	Greg Williamson	M	M55-59	41	6:08:44	0:43:02	0:06:03	2:57:27	0:04:23	2:17:50	New Zealand	
d667b90e-d644-f111-bec5-7ced8d3d13e3	1227	Andreas Ejersbo	M	M25-29	211	6:08:57	0:42:25	0:06:31	3:15:20	0:06:05	1:58:36	Denmark	
e55c9a37-686c-f111-ab0d-0022480b88da	1228	Emily Hyne	F	F18-24	38	6:09:04	0:35:18	0:05:15	3:15:56	0:04:00	2:08:35	Australia	
8c8cf6dd-9343-4e65-a44e-6c48ddcc1ca5	1229	Zachary Litchfield	M	M25-29	212	6:09:10	0:41:00	0:05:58	3:11:14	0:06:00	2:04:58	New Zealand	
1587d745-c33f-f011-b4cb-6045bd05fcc1	1230	Shenille Sebregts	F	F30-34	32	6:09:11	0:46:17	0:07:19	3:04:21	0:04:00	2:07:15	Australia	
fc7079e6-038b-462d-a44b-abe56edd0fda	1231	Fabien Vjaceslavs Di Loreto	M	M30-34	172	6:09:15	0:47:06	0:07:16	3:02:52	0:05:04	2:06:58	France	
f627781c-4b11-f111-8406-0022480b35b6	1232	Hamish Mitchell	M	M18-24	170	6:09:24	0:45:27	0:07:37	3:00:27	0:03:15	2:12:38	Australia	
c24563c2-ed9e-f011-b41c-000d3a3173b5	1233	Rune Aasvestad	M	M35-39	121	6:09:27	0:45:25	0:03:41	2:54:21	0:02:50	2:23:08	Norway	
0e17db04-263c-f011-b4cc-000d3a35ffc1	1234	Jon Rowley	M	M30-34	173	6:09:32	0:41:19	0:05:10	3:06:41	0:03:08	2:13:14	Australia	
e5c57b87-acc5-f011-bbd3-0022480a7385	1235	Ruari Taylor	M	M25-29	213	6:09:43	0:41:31	0:04:30	3:12:14	0:03:26	2:08:03	United Kingdom	
36e2281a-d057-f011-877b-000d3a5cf7d8	1236	Rosy Michael	F	F18-24	39	6:09:47	0:35:00	0:03:40	3:19:03	0:03:32	2:08:32	Australia	
fd752d62-d4a3-f011-bbd3-6045bd09951e	1237	Callum Preston	M	M25-29	214	6:09:48	0:38:42	0:04:21	2:58:51	0:05:12	2:22:42	Australia	
fb8e30a5-0859-43d7-8c1d-169b72263792	1238	Dayna Champion	F	F25-29	69	6:09:49	0:41:08	0:05:35	3:15:38	0:03:12	2:04:16	Australia	
2a6633f7-ffa7-f011-bbd3-0022480a7385	1239	Vanessa Buscarioli Comarin	F	F40-44	26	6:09:49	0:53:31	0:07:49	3:04:33	0:03:47	2:00:09	Brazil	
ea0fae83-cf7b-47b9-b71f-c9de9ad472eb	1240	Lap Ken Kenneth Lee	M	M40-44	98	6:09:57	0:39:57	0:08:18	3:16:16	0:08:46	1:56:41	Hong Kong	
35e7916f-5d51-44d3-aa15-703f24bec239	1241	Samarah Evans	F	M35-39	122	6:09:59	0:43:33	0:06:17	3:09:33	0:03:47	2:06:49	Australia	
ce443807-7b2d-f111-88b3-0022480a5755	1242	Cody Sharpe	M	M18-24	171	6:10:10	0:37:31	0:04:47	3:04:02	0:06:26	2:17:25	Australia	
d6ad5860-4c47-f111-bec6-0022480b84a3	1243	Paul Cullen	M	M35-39	123	6:10:28	0:41:46	0:08:20	3:02:32	0:08:03	2:09:47	Australia	
789f480d-aeb5-4b66-82c7-48cc171c4c80	1244	Kurt Vine	M	M25-29	215	6:11:02	0:40:25	0:06:28	3:00:32	0:05:22	2:18:16	Australia	
68a03d69-b563-f011-bec3-000d3a35ffc1	1245	Wilson Simmonds	M	M18-24	172	6:11:04	0:45:15	0:05:30	3:21:36	0:06:25	1:52:17	New Zealand	
b9140d78-0613-f111-8406-002248046ec8	1246	zachary marsh	M	M18-24	173	6:11:07	0:42:16	0:06:42	3:41:41	0:02:18	1:38:10	Australia	
2f5c5022-9f6a-f111-a826-0022480a5755	1247	Max Bohm	M	M18-24	174	6:11:28	0:40:32	0:05:07	3:31:26	0:04:03	1:50:20	Australia	
e4dc1874-61f3-f011-8406-002248046ec8	1248	Bronte Alexander	F	F30-34	33	6:11:30	0:42:16	0:06:06	3:22:44	0:04:55	1:55:29	Australia	
fb954eb5-a50f-f111-8406-002248081bd6	1249	laura saxon	F	F25-29	70	6:11:40	0:41:32	0:04:38	3:16:13	0:03:50	2:05:27	Australia	
41cec99f-19b7-e911-a999-000d3a34ef1d	1250	Andrew Shaw	M	M60-64	19	6:11:44	0:44:41	0:04:09	3:05:05	0:04:11	2:13:38	Australia	
848eaa4c-7a9f-f011-b41c-000d3a5cf7d8	1251	Daniel Beecher	M	M50-54	62	6:11:49	0:39:19	0:02:41	3:08:28	0:03:10	2:18:10	South Africa	
a3411363-916f-f111-ab0d-7c1e528d5074	1252	Danielle Carter	F	F40-44	27	6:12:02	0:46:50	0:06:51	3:12:14	0:05:53	2:00:14	Australia	
3604c144-5ab5-4d6d-a156-826eec0cb575	1253	Angus Bell	M	M25-29	216	6:12:09	0:43:08	0:04:34	3:18:35	0:03:11	2:02:41	Australia	
3c279521-8222-448c-849b-591c3c6a116d	1254	Ella Matthews	F	F18-24	40	6:12:13	0:44:52	0:04:27	3:15:49	0:03:22	2:03:44	Australia	
c7e2cd00-3e1c-f111-8341-0022480b84a3	1255	Rachel Purdell-Lewis	F	F40-44	28	6:12:22	0:39:14	0:04:41	3:28:11	0:03:01	1:57:15	United Kingdom	
f75316bf-424b-4501-b127-38f49bc28259	1256	Phill McInerney	M	M50-54	63	6:12:29	0:44:17	0:03:27	3:00:36	0:05:10	2:19:00	Australia	
02e16069-ada2-4fe3-a0f3-aa241b45cd29	1257	Aleesha Gracie	F	F40-44	29	6:12:40	0:40:48	0:04:11	3:13:55	0:03:53	2:09:53	Australia	
b2a6e24f-9552-f111-bec7-002248081bd6	1258	Charlotte Matheson	F	F30-34	34	6:12:45	0:38:31	0:05:06	3:26:20	0:04:07	1:58:40	New Zealand	
69c2c61e-0b27-463c-adcb-50ff0110ed38	1259	Tobias Taylor	M	M30-34	174	6:12:50	0:40:13	0:03:56	3:16:51	0:02:29	2:09:20	Australia	
ec6558dc-4583-4727-a725-2e99e6083ed4	1260	Simon Kwakkernaat	M	M40-44	99	6:12:54	0:35:50	0:05:13	2:57:50	0:03:29	2:30:32	Australia	
763247f2-96a8-4166-b5b0-18053a07d7fc	1261	Sophie Nall	F	F18-24	41	6:12:55	0:43:53	0:06:07	3:09:55	0:03:50	2:09:10	Australia	
4af03f76-e522-4ffd-8f59-a5baa2a40c87	1262	Ciara Laybutt	F	F25-29	71	6:13:09	0:39:01	0:05:22	3:09:34	0:03:44	2:15:28	Australia	
9daf61cc-d9de-40a3-aa73-5d731953c428	1263	Kaitlin Wong	F	F18-24	42	6:13:18	0:36:35	0:02:49	3:19:48	0:04:04	2:10:01	Australia	
67a0668b-ef0a-f011-9988-6045bd05fcc1	1264	Jeremy Gooderham	M	M40-44	100	6:13:18	0:42:40	0:04:32	3:08:20	0:03:19	2:14:27	Australia	
18c6b524-317e-442e-8d8f-e07efa17e823	1265	HAO YANG	M	M40-44	101	6:13:20	0:45:52	0:08:16	3:16:36	0:04:03	1:58:32	Australia	
30712517-be66-4f08-a0f0-2d6295492b3d	1266	Clay Skeels	M	M30-34	175	6:13:20	0:38:45	0:03:56	3:15:10	0:03:44	2:11:45	Australia	
17213f86-6643-f111-88b4-0022480b84a3	1267	Holly Walker		M35-39	124	6:13:22	0:47:48	0:08:05	3:04:37	0:09:09	2:03:43	Australia	
20850623-8869-47d0-991f-29e115aa8eb2	1268	Nathan Ball	M	M18-24	175	6:13:24	0:36:48	0:06:28	3:11:31	0:04:44	2:13:53	Australia	
2495e2ff-ee09-44c9-84ba-215a55ad8190	1269	Taleha Maroney	F	F25-29	72	6:13:36	0:34:19	0:04:03	3:10:15	0:02:35	2:22:24	Australia	
0c8fbeec-fb42-f111-88b3-0022480a5755	1270	Michael Efstathis	M	M25-29	217	6:13:37	0:50:44	0:06:06	3:07:55	0:05:41	2:03:11	Australia	
2abaeafa-e9d0-4aa4-bdd6-d9dc1f4158bd	1271	Lana Hunnibell	F	F40-44	30	6:13:39	0:42:37	0:04:23	3:20:58	0:03:19	2:02:21	Australia	
7a514d5e-8af2-4022-b990-920d2166f532	1272	Rodolfo Malenha	M	M30-34	176	6:13:40	0:37:05	0:04:02	3:21:50	0:04:37	2:06:07	Brazil	
dc8bfa39-b3c0-4b6c-8131-93beb1e54ef1	1273	Christopher Balde	M	M45-49	81	6:13:50	0:35:13	0:04:54	2:41:45	0:03:45	2:48:13	Australia	
3d130221-dc0a-f011-bae2-000d3a5b50ba	1274	Braeden Coffey	M	M35-39	125	6:14:03	0:43:22	0:03:33	3:07:16	0:04:18	2:15:34	Australia	
745c8366-c827-f111-8341-002248046ec8	1275	Nicola Higgins	F	F25-29	73	6:14:04	0:43:08	0:05:35	3:23:59	0:06:06	1:55:15	Australia	
74c32923-43e6-f011-8544-0022480a7385	1276	Oliver Seckler	M	M18-24	176	6:14:12	0:39:39	0:06:30	3:11:38	0:04:26	2:11:59	Australia	
508d1b4c-f4b6-f011-bbd3-002248098cfa	1277	Cooper Petesic	M	M25-29	218	6:14:13	0:44:07	0:05:08	3:16:22	0:04:47	2:03:49	Australia	
5762a204-365b-f111-bec7-0022480b84a3	1278	BENJAMIN KEEBLE	M	M30-34	177	6:14:26	0:37:12	0:06:37	3:05:06	0:05:50	2:19:40	Australia	
3b7dda6f-0478-f011-b4cc-000d3a3173b5	1279	Zara Murray	F	M45-49	82	6:14:29	0:40:32	0:05:08	3:13:06	0:05:10	2:10:33	Australia	
bef3b2a4-4aea-ef11-8eea-000d3a5a1803	1280	Avril Robertson	F	F50-54	10	6:14:31	0:36:37	0:03:25	2:58:48	0:03:57	2:31:44	Australia	
33866c94-b80b-f111-8406-002248081bd6	1281	Issac Main	M	M40-44	102	6:14:33	0:40:26	0:06:42	3:05:43	0:06:45	2:14:56	Australia	
be413b98-6f77-4e36-ad40-d01ca899f742	1282	David Moss	M	M60-64	20	6:14:37	0:38:58	0:04:14	3:07:01	0:04:49	2:19:35	Australia	
db626415-9a4e-49de-876f-b6c1359bfc65	1283	Laura Manrique	F	F35-39	18	6:14:37	0:38:20	0:03:13	3:11:58	0:05:10	2:15:56	Colombia	
9b11a38e-1372-44fa-a488-492ea0e4e969	1284	Dallin Leneham	M	M35-39	126	6:14:42	0:40:58	0:04:06	2:51:37	0:04:41	2:33:20	Australia	
4c96e8fb-de1d-49da-80e5-8c8792c134fc	1285	Rachel Mitchenson	F	F35-39	19	6:14:52	0:34:38	0:04:35	3:08:52	0:03:50	2:22:57	Australia	
7b8226cf-6daf-ef11-b8e8-6045bd088264	1286	Kristel Roelfs	F	F25-29	74	6:14:59	0:32:54	0:04:31	3:12:31	0:04:39	2:20:24	Australia	
7a21fec4-343f-48e5-a41e-490989695a8a	1287	Morgan-Rose Alexander	F	F30-34	35	6:15:05	0:45:47	0:03:56	3:21:49	0:02:35	2:00:58	United States	
557dc64d-48b6-453e-a03d-4eab8eaf1280	1288	Rachel Nightingale	F	F30-34	36	6:15:06	0:33:35	0:05:26	3:18:08	0:04:06	2:13:52	New Zealand	
ff458793-462a-44f3-979f-6bfb17ed5b26	1289	Caleb Munro	M	M25-29	219	6:15:22	0:50:01	0:07:31	3:04:38	0:05:59	2:07:12	New Zealand	
70d92ac8-557f-4250-8d80-eed0ef47bc89	1290	Brendan Cheesman	M	M40-44	103	6:15:37	0:46:49	0:05:44	2:57:34	0:05:44	2:19:46	Australia	
78eff91b-c119-47fd-85e6-2819f450bfea	1291	Holly Stanford	F	F25-29	75	6:15:38	0:40:04	0:04:32	2:59:05	0:03:49	2:28:08	New Zealand	
864af7f5-5d34-f111-88b4-0022480994c2	1292	Tom Bannerman	M	M25-29	220	6:15:46	0:34:49	0:06:22	3:17:06	0:08:44	2:08:45	Australia	
a17baf0b-e078-f111-ab0f-6045bd06566a	1293	celia webby	F	F45-49	17	6:15:54	0:47:18	0:04:22	3:15:22	0:07:05	2:01:47	New Zealand	
9c18af45-05a3-f011-bbd3-6045bd09951e	1294	Max Hamra	M	M18-24	177	6:15:55	0:54:31	0:06:50	2:58:58	0:05:49	2:09:46	Australia	
c3a2c63d-634c-f111-bec5-6045bd06566a	1295	Imke Heersink	F	F25-29	76	6:15:57	0:38:06	0:06:49	3:22:36	0:05:46	2:02:40	New Zealand	
faaa066c-74f6-f011-8406-0022480b84a3	1296	Dean Alexandre	M	M40-44	104	6:16:00	0:39:11	0:05:22	3:15:16	0:03:41	2:12:30	Australia	
372ea550-b4b2-442f-9ef7-1afd2fc40130	1297	Nick Mobbs	M	M35-39	127	6:16:06	0:43:23	0:06:40	3:20:41	0:07:38	1:57:44	Australia	
23955e50-9ca6-44a8-9d80-5fa06c55593a	1298	Tiffany VAN RENSBURG	F	F35-39	20	6:16:08	0:37:22	0:03:37	3:14:41	0:06:17	2:14:10	Australia	
cd458d36-ac9a-44b2-8d8c-eb9c4dff6c0e	1299	Ben Dansie	M	M40-44	105	6:16:09	0:45:02	0:08:21	3:07:22	0:05:14	2:10:10	Australia	
5622ad49-319e-4489-9a16-7a61563b678d	1300	Troy Burke	M	M60-64	21	6:16:10	0:39:45	0:05:48	3:09:08	0:03:36	2:17:53	Australia	
1cb63abe-7710-f111-8406-0022480994c2	1301	Federica Savinelli	F	F25-29	77	6:16:11	0:41:01	0:05:29	3:17:08	0:04:43	2:07:51	Italy	
91344647-142e-f111-88b3-0022480b88da	1302	Jack Marchant	M	M30-34	178	6:16:20	0:35:38	0:04:10	3:16:55	0:05:13	2:14:25	Australia	
da14978f-cb60-f111-a826-0022480b88da	1303	Isabelle Clough	F	F25-29	78	6:16:21	0:40:53	0:04:21	3:16:48	0:03:10	2:11:09	United Kingdom	
88f379b2-7bec-f011-8544-0022480c097c	1304	Jeremy Martin	M	M25-29	221	6:16:21	0:40:59	0:06:34	3:08:46	0:03:14	2:16:47	Australia	
2bb3d556-7e29-4df2-b12d-b23f0ca2a179	1305	Michael Howarth	M	M45-49	83	6:16:26	0:38:14	0:03:21	3:00:54	0:05:12	2:28:46	Australia	
2a067733-a0bf-f011-bbd3-000d3a35ffc1	1306	Dylan Provan	M	M18-24	178	6:16:33	0:34:42	0:03:44	3:05:16	0:02:11	2:30:39	Australia	
cc64a47b-d7ba-4390-955a-d779e5f0b00d	1307	Madison Moore	F	F35-39	21	6:16:33	0:34:26	0:04:22	3:23:41	0:03:30	2:10:35	Australia	
113e7641-fbd5-f011-8544-000d3a5cf7d8	1308	Freja Kjer	F	F18-24	43	6:16:35	0:45:12	0:05:01	3:09:54	0:05:10	2:11:18	Denmark	
c02ba560-7be7-f011-8544-000d3a3173b5	1309	Jennifer Papic	F	F25-29	79	6:16:37	0:43:48	0:04:40	3:17:14	0:03:53	2:07:02	Canada	
72eb86ee-9ef6-468d-b1da-e26b71b68bde	1310	Cassy Ciantar	F	F45-49	18	6:16:45	0:41:16	0:06:58	3:22:05	0:04:43	2:01:43	Australia	
d4aed67d-f2ce-f011-bbd3-000d3a5cf7d8	1311	Jake Brown	M	M25-29	222	6:16:45	0:56:26	0:13:01	3:10:28	0:03:29	1:53:20	Australia	
656a5230-be16-f111-8341-002248046451	1312	Austin Carter	M	M25-29	223	6:16:48	0:39:25	0:06:03	3:15:04	0:04:40	2:11:36	Australia	
6ed17170-3ba3-f011-bbd3-000d3a35ffc1	1313	Mitchell Trenow	M	M18-24	179	6:16:58	0:40:47	0:03:43	3:19:38	0:02:45	2:10:05	Australia	
2dc8d987-58fd-ea11-a817-000d3a5913d3	1314	Paul Ryan	M	M45-49	84	6:16:59	0:41:28	0:04:54	3:20:49	0:03:55	2:05:53	Australia	
444828c3-344b-f111-bec5-0022480b35b6	1315	Karinya Koehrer	F	F25-29	80	6:17:04	0:42:22	0:03:35	3:31:29	0:04:47	1:54:50	Australia	
5ed9114d-ddb2-f011-bbd3-000d3a35ffc1	1316	Michael Jones	M	M18-24	180	6:17:11	0:42:47	0:06:08	3:18:33	0:03:41	2:06:03	Australia	
6c59518a-0cdd-e211-af98-005056956277	1317	Jeff Whiteman	M	M55-59	42	6:17:13	0:42:41	0:06:19	3:10:17	0:03:33	2:14:24	Australia	
e87c16f6-2f2b-f111-88b4-0022480994c2	1318	Diego Saglia	M	M45-49	85	6:17:40	0:45:23	0:04:08	3:14:00	0:02:19	2:11:51	Italy	
bf0dc726-4aeb-4828-b911-ea7e724e7638	1319	Michelle Cranston	F	F45-49	19	6:17:41	0:41:29	0:05:28	3:02:49	0:05:57	2:21:58	Australia	
a5e84866-4345-407b-8b2f-ba1cab611195	1320	Belinda Evert	F	F50-54	11	6:17:43	0:44:39	0:06:57	3:19:30	0:05:01	2:01:36	South Africa	
1c6f2e5c-231d-f111-8341-0022480a5755	1321	Josh Purcell	M	M18-24	181	6:17:52	0:52:14	0:05:56	3:03:32	0:06:13	2:09:58	Australia	
936eb688-79d5-f011-8544-0022480a7385	1322	Rhys Taylor	M	M30-34	179	6:17:54	0:42:05	0:05:38	3:03:31	0:06:49	2:19:50	Australia	
d9111aff-4b19-f011-998a-0022480c097c	1323	YU-LUN JIANG	M	M25-29	224	6:17:57	0:57:13	0:08:57	2:50:16	0:07:49	2:13:42	Taiwan	
e203a7dc-6f1c-f111-8341-6045bd06566a	1324	Chris Druce	M	M35-39	128	6:18:01	0:40:59	0:05:00	3:12:17	0:06:45	2:13:00	United Kingdom	
04bac2be-f071-f111-ab0f-0022480b88da	1325	Bethany Coghlan	F	F18-24	44	6:18:03	0:43:39	0:04:15	3:17:09	0:06:14	2:06:46	New Zealand	
2637a0f6-2fde-4548-ab28-d0a6f0763e75	1326	Victor Leal-Graciani Mena	M	M18-24	182	6:18:03	0:43:41	0:07:21	3:10:36	0:04:44	2:11:42	Spain	
7dd23568-984a-4586-8215-80da95a28801	1327	Todd Turner	M	M35-39	129	6:18:08	0:36:39	0:04:48	3:14:47	0:04:56	2:16:57	Australia	
0172098b-fcc8-46b5-b90f-e8eac71bcd20	1328	Bj Hooper	M	M55-59	43	6:18:12	0:41:08	0:03:40	2:46:43	0:04:34	2:42:06	Australia	
9d33cb76-41fa-f011-8406-0022480a5755	1329	Luke Mcgahan Jennings	M	M18-24	183	6:18:14	0:44:34	0:07:00	3:33:02	0:04:56	1:48:42	Ireland	
7d5d1dac-cac5-f011-bbd3-6045bd05fcc1	1330	Aaron Parry	M	M30-34	180	6:18:16	0:39:18	0:07:43	3:30:10	0:06:38	1:54:27	Australia	
1c7df20c-03ee-ef11-9342-6045bd088264	1331	SHAHIB SAMADI	M	M30-34	181	6:18:19	0:46:43	0:04:58	2:51:35	0:05:12	2:29:51	Australia	
376d4df1-e12f-f011-8c4d-0022480a7385	1332	Keina Bassett	F	F18-24	45	6:18:22	0:36:31	0:04:39	3:21:52	0:04:25	2:10:56	Australia	
0be20684-f6cc-4268-bf0a-0f75c33ebab0	1333	Megan Gosche	F	F40-44	31	6:18:23	0:42:50	0:04:22	3:04:05	0:04:40	2:22:27	Australia	
44df7182-016b-f111-a825-002248046451	1334	Arthur Lafitte	M	M18-24	184	6:18:29	0:45:01	0:04:31	3:24:14	0:05:59	1:58:44	France	
893136af-64cd-4459-b6c3-f4721f00873d	1335	Chris Younger	M	M45-49	86	6:18:33	0:38:46	0:03:39	3:01:42	0:06:08	2:28:20	Australia	
0dc5c779-7c4a-f111-bec5-6045bd08b1a2	1336	Sasha Hinchcliffe	F	F18-24	46	6:18:37	0:37:39	0:03:58	3:17:10	0:04:07	2:15:43	Australia	
81d13803-4a14-465e-be31-8dc6cb418918	1337	Liam Astley	M	M30-34	182	6:18:43	0:47:46	0:04:51	3:06:10	0:04:52	2:15:04	Australia	
b1ace466-80f3-ef11-9342-6045bd018d16	1338	Mitchell Britton	M	M25-29	225	6:18:43	0:35:17	0:05:45	2:56:34	0:07:17	2:33:50	Australia	
370caf56-f18a-ef11-ac21-000d3a59a9a1	1339	Siddhesh Patil Kulkarni	M	M25-29	226	6:18:44	0:49:40	0:07:16	2:51:38	0:05:45	2:24:25	Australia	
1e0ac50e-275c-f111-a826-002248046ec8	1340	Oliver Misso	M	M18-24	185	6:18:55	0:45:05	0:07:09	3:14:27	0:07:13	2:05:01	Australia	
dbab7fd6-8b70-f111-ab0d-002248081bd6	1341	Grace Dixon	F	F30-34	37	6:19:17	0:39:24	0:04:32	3:20:29	0:04:31	2:10:21	Australia	
b16b4e67-5559-45b8-9188-e74baf98367a	1342	sarah alford	F	F55-59	10	6:19:25	0:41:43	0:03:05	2:57:28	0:07:00	2:30:09	Australia	
ce7b1eac-da9e-4bbc-9d3c-1af6a66cd0d8	1343	Chelsea Hollingsworth	F	F30-34	38	6:19:26	0:43:46	0:03:52	3:08:33	0:03:16	2:20:00	Australia	
8a67c2aa-46e1-f011-8544-000d3a35ffc1	1344	Caitlin Pendal	F	F30-34	39	6:19:41	0:35:10	0:04:41	3:20:15	0:04:44	2:14:52	Australia	
e83badf8-e6da-4b0b-ab3d-9c0e59b38ff9	1345	Sean Rowland	M	M30-34	183	6:19:45	0:44:11	0:07:21	3:06:42	0:06:43	2:14:48	United States	
e2f2b8b4-1f60-f111-a826-0022480b84a3	1346	Pierre Lau	M	M25-29	227	6:19:48	0:41:43	0:05:57	3:17:07	0:04:43	2:10:17	Singapore	
49411420-5c81-f111-ab0e-70a8a5ae8eaa	1347	Shaun King	M	M30-34	184	6:20:10	0:39:11	0:04:37	3:03:59	0:06:36	2:25:46	Australia	
42f371cf-7ab6-4aa6-961d-95680c6701a5	1348	Elliott Wood	M	M50-54	64	6:20:18	0:44:19	0:06:08	2:53:16	0:07:37	2:28:57	South Africa	
e7cf2066-c18f-4824-b5ea-e6f3e2853b14	1349	Phil Wishart	M	M35-39	130	6:20:24	0:37:57	0:06:29	2:56:29	0:04:04	2:35:25	Australia	
14734168-bb42-f111-88b4-002248046451	1350	Max Reynolds	M	M18-24	186	6:20:25	0:37:11	0:04:14	3:38:49	0:05:05	1:55:06	United Kingdom	
cf071b38-2570-f111-ab0d-002248046ec8	1351	Coral Bullard	F	F18-24	47	6:20:31	0:36:39	0:04:43	3:19:32	0:02:44	2:16:52	Australia	
ec3ee3a3-2a7e-f011-b4cc-6045bd05fcc1	1352	Cameron Little	M	M25-29	228	6:20:33	0:47:24	0:07:17	3:26:02	0:05:16	1:54:34	Australia	
c84aad97-3a70-4a9b-9f2d-da47e611a353	1353	Miles Kilpatrick	M	M18-24	187	6:20:52	0:48:11	0:05:19	3:22:35	0:05:04	1:59:43	Australia	
6cfce207-924e-4c3e-a476-87a25888b8b1	1354	Luke Kjeldal	M	M30-34	185	6:20:54	0:45:45	0:03:54	3:00:35	0:03:46	2:26:55	Australia	
356ae3bd-cff7-f011-8406-0022480994c2	1355	Jack Murray	M	M25-29	229	6:20:55	0:39:40	0:04:51	3:08:50	0:03:46	2:23:48	Australia	
efe88ad8-7621-4919-ba74-83f97cfee8ad	1356	Mike Mander	M	M50-54	65	6:20:59	0:32:20	0:03:43	3:11:10	0:04:12	2:29:33	New Zealand	
5745f1d6-4e4e-42b5-85cd-4e18566b6010	1357	Jack Bishop	M	M25-29	230	6:21:05	0:41:43	0:06:58	3:07:45	0:05:24	2:19:15	New Zealand	
a61fd908-8c22-f111-8341-0022480a5755	1358	Ka Hang Cheung	M	M40-44	106	6:21:05	0:40:29	0:07:55	3:07:31	0:06:44	2:18:26	Hong Kong	
382b97aa-2a50-4d2c-bee2-8ac5e63308b5	1359	Abi Astridge	F	F25-29	81	6:21:06	0:39:05	0:04:52	3:26:39	0:04:11	2:06:18	New Zealand	
9b4c4d25-61b9-4f0d-a6e6-56a773aa9cdc	1360	Sorcha Foley	F	F25-29	82	6:21:07	0:43:28	0:04:20	3:20:37	0:03:51	2:08:51	Ireland	
2cf40a04-69f0-f011-8407-6045bd09fcf5	1361	Emma Gillingham	F	F25-29	83	6:21:12	0:31:41	0:05:37	3:25:47	0:04:59	2:13:08	Australia	
c669cf85-71b4-4229-92ed-1eb525454b63	1362	Jon Howse	M	M75-79	1	6:21:14	0:35:38	0:04:41	3:04:06	0:06:08	2:30:42	Australia	
0fb5b376-7ae5-f011-8544-000d3a35ffc1	1363	Dominic Kitching	M	M25-29	231	6:21:30	0:44:13	0:07:03	3:10:35	0:05:19	2:14:21	Australia	
b40df1ee-448e-4f4d-a914-c42334088ce6	1364	Michael Lees	M	M40-44	107	6:21:34	0:45:32	0:09:17	2:56:45	0:05:33	2:24:28	Australia	
4e139b00-d0e9-4174-ba03-0e19a31a7695	1365	Josh Christie	M	M40-44	108	6:21:35	0:37:56	0:04:28	3:17:45	0:05:46	2:15:41	Australia	
44f71087-c543-402b-9f3a-d4298549437d	1366	Adam Howarth	M	M40-44	109	6:21:42	0:42:32	0:05:54	3:19:53	0:03:49	2:09:33	Australia	
cb5328f5-fff3-f011-8406-0022480b84a3	1367	Rhys Pichanick	M	M25-29	232	6:21:45	0:43:46	0:06:04	3:22:28	0:05:32	2:03:55	Australia	
1b8ebcbb-2020-f111-8341-002248046451	1368	Celia Badala	F	F25-29	84	6:21:46	0:41:39	0:06:21	3:28:35	0:07:54	1:57:17	Spain	
a77f6e22-7338-f111-88b3-6045bd08b1a2	1369	Ashlea Dougherty	F	F35-39	22	6:21:54	0:46:04	0:04:19	3:17:58	0:03:59	2:09:34	Australia	
3994f7b2-af73-4c34-8067-97a42ed2245c	1370	Ana Zonta	F	F45-49	20	6:21:59	0:43:26	0:05:58	3:18:21	0:04:24	2:09:50	Australia	
d014b21a-752a-ec11-b6e5-000d3a333679	1371	Jordan Milner	M	M30-34	186	6:22:01	0:38:47	0:04:09	3:05:35	0:04:00	2:29:30	New Zealand	
ebd8a814-4d34-f111-88b4-0022480b35b6	1372	Savannah Gibson	F	F18-24	48	6:22:14	0:42:35	0:05:49	3:16:49	0:05:42	2:11:20	Australia	
1910f20c-f041-f111-88b4-0022480b84a3	1373	Shiven Thakker	M	M18-24	188	6:22:30	0:47:11	0:04:10	3:09:13	0:03:43	2:18:13	Australia	
fd5623ae-bcee-f011-8407-6045bd09fcf5	1374	David Macdonald	M	M25-29	233	6:22:31	0:43:43	0:04:37	3:08:20	0:05:37	2:20:13	Australia	
04251eb2-9c6a-4606-be6b-10cb7b409762	1375	Nadia Sternberg	F	F40-44	32	6:22:32	0:48:19	0:05:33	3:13:11	0:07:11	2:08:17	Australia	
52c76958-d6b9-f011-bbd3-000d3a5cf7d8	1376	Franziska Henck	F	F25-29	85	6:22:34	0:50:36	0:06:23	3:03:08	0:04:10	2:18:16	Germany	
a00c76fc-7d61-4726-a49d-aa925c4f9e9d	1377	Quintin Newby-Fraser	M	M40-44	110	6:22:39	0:38:10	0:04:07	3:05:45	0:04:45	2:29:53	South Africa	
643ca095-b526-f111-8341-0022480b84a3	1378	Harry Bowen	M	M25-29	234	6:22:41	0:48:50	0:06:59	3:31:02	0:04:50	1:51:00	United Kingdom	
18225198-e375-443d-ad31-d1f4b6a271ac	1379	Mick YOUNG	M	M60-64	22	6:22:43	0:47:24	0:05:24	2:52:48	0:04:24	2:32:42	Australia	
68f3b795-efb0-4de7-b99f-8cbfc4ea29b6	1380	Marke Jennings-Temple	M	M50-54	66	6:22:56	0:46:59	0:05:42	2:54:56	0:04:12	2:31:07	Australia	
bb43c137-6941-f111-88b4-0022480994c2	1381	Sarah Tomalin	F	F30-34	40	6:23:07	0:38:51	0:07:13	3:26:03	0:07:39	2:03:21	Australia	
057da563-9d73-476e-8521-f7cb6fd49ff9	1382	Sue Mcmaster	F	F65-69	1	6:23:20	0:35:15	0:05:02	2:55:43	0:04:25	2:42:56	New Zealand	
93e85559-c89f-f011-b41c-6045bd05f634	1383	Nick Colonna	M	M30-34	187	6:23:34	0:46:45	0:03:58	3:19:21	0:03:32	2:09:58	Australia	
be84c353-69c6-499f-ad46-9b370e410f2b	1384	Felipe Demartini	M	M45-49	87	6:23:37	0:50:33	0:06:09	2:51:34	0:05:17	2:30:03	Australia	
a3ddeb3c-f971-4bd6-88a3-b43c779c4ee9	1385	Christine Kinlay	F	F60-64	3	6:23:50	0:47:33	0:03:23	2:59:17	0:03:55	2:29:42	Australia	
6ffffb46-3a72-4846-8603-680a1aa2c6a4	1386	Grace Livingstone	F	F18-24	49	6:23:55	0:38:00	0:04:17	3:22:46	0:03:46	2:15:07	Australia	
abe98726-0ae6-f011-8544-000d3a3173b5	1387	Beth Cooper	F	F35-39	23	6:24:02	0:43:00	0:04:54	3:23:04	0:04:01	2:09:03	United Kingdom	
abdabd9d-6431-4f73-8271-e2ee34b632d7	1388	Janelle Harding	F	F50-54	12	6:24:09	0:36:05	0:04:04	3:16:43	0:04:05	2:23:13	Australia	
fa7c19ec-a4bf-f011-bbd3-000d3a5cf7d8	1389	Celest Dines Muntaner	F	F30-34	41	6:24:37	0:39:05	0:08:01	3:23:21	0:04:49	2:09:22	Australia	
f306b017-123b-4a1d-9622-0fdb7761cb73	1390	Rieke Rieke	F	F30-34	42	6:24:43	0:47:26	0:06:13	3:16:44	0:06:53	2:07:28	Indonesia	
1b796604-7364-f111-a826-6045bd06566a	1391	Warrick Bruce	M	M60-64	23	6:24:52	0:41:37	0:06:17	3:19:42	0:04:28	2:12:49	Australia	
1fdb6a3d-9c76-f111-ab0f-7c1e528d5074	1392	Shaun Thomlinson	M	M30-34	188	6:24:54	0:36:26	0:05:48	3:06:38	0:02:41	2:33:20	Australia	
7ae0ac69-686e-4df0-8e1c-349e251f1466	1393	Allan John Moustoukas	M	M65-69	10	6:24:56	0:37:01	0:04:24	3:13:01	0:05:20	2:25:10	Australia	
307354b3-1a8a-40cb-910e-3d21fe067973	1394	Sam Choroszewski	M	M30-34	189	6:25:01	0:45:42	0:05:01	3:34:51	0:03:29	1:55:58	United Kingdom	
da8c87f1-6670-f111-ab0d-0022480a5755	1395	Jackie Quigley	F	F30-34	43	6:25:05	0:43:28	0:04:34	3:20:17	0:04:08	2:12:38	Ireland	
a3a2f012-f2c4-4015-9208-f9661656adb4	1396	Ross Forsyth	M	M30-34	190	6:25:17	0:40:28	0:05:51	3:27:43	0:07:58	2:03:17	United Kingdom	
69ed8353-321c-46d1-86c4-1f6f30c675de	1397	Bruce Thorpe	M	M60-64	24	6:25:21	0:40:47	0:06:19	3:04:06	0:06:56	2:27:14	Australia	
fc14c05a-e383-f011-b4cc-000d3a5b50ba	1398	Douglas Seymour	M	M50-54	67	6:25:30	0:40:57	0:07:19	3:21:26	0:07:02	2:08:45	Australia	
dae6b88b-e5c7-f011-bbd3-6045bd05fcc1	1399	Joshua Fagan	M	M25-29	235	6:25:37	0:46:25	0:04:45	3:14:19	0:06:26	2:13:43	Australia	
01cebb44-60fc-4f78-beb7-7105f0901c76	1400	Caroline Clark	F	F55-59	11	6:25:53	0:44:45	0:04:10	3:04:15	0:06:54	2:25:49	Australia	
51bd7724-c774-46c7-a119-d447e52169da	1401	Laurence Churchman	M	M30-34	191	6:26:00	0:55:28	0:06:09	3:21:39	0:04:33	1:58:11	Australia	
ad9a9a42-ae1d-f111-8341-0022480b88da	1402	Mackenzie Brown	F	F18-24	50	6:26:02	0:40:26	0:04:07	3:10:00	0:05:07	2:26:22	Australia	
68f6d0f1-abca-4964-b878-68c069ac152d	1403	Austen Pane	M	M25-29	236	6:26:22	0:40:33	0:06:29	3:08:21	0:06:29	2:24:30	Australia	
4569a5ba-7c7e-f011-b4cc-6045bd09951e	1404	Ineka Tabrett	F	F25-29	86	6:26:24	0:36:09	0:04:42	3:16:32	0:03:17	2:25:44	Australia	
424ff3c7-97fd-ef11-bae2-0022480823e6	1405	Joseph Mcloughlin	M	M25-29	237	6:26:52	0:42:03	0:07:35	3:10:58	0:06:13	2:20:03	Australia	
f54d0453-9691-4bc2-bd9a-c222b2dd7e3a	1406	Tanya Schneyder	F	F45-49	21	6:27:03	0:40:49	0:04:32	3:13:20	0:03:59	2:24:23	Australia	
691743fb-e8ac-f011-bbd3-6045bd05f634	1407	Isabella Baldino	F	F25-29	87	6:27:28	0:34:48	0:07:51	3:42:11	0:08:39	1:53:59	Australia	
bf88793d-6a7d-4de3-b88c-96564e81de4a	1408	Madeline Russell	F	F18-24	51	6:27:45	0:40:17	0:03:58	3:17:21	0:03:37	2:22:33	Australia	
1deb81c9-1b9c-4ea3-a6bf-64c2b84d385a	1409	Rob Castaneda	M	M45-49	88	6:27:56	0:38:49	0:04:58	2:57:23	0:05:04	2:41:42	Australia	
722c41e1-5bbb-4b83-9714-be3df03761b6	1410	David Bedggood	M	M45-49	89	6:27:59	0:37:01	0:04:21	2:56:15	0:03:17	2:47:04	New Zealand	
c17736a1-a09e-4e6c-9ae4-d90d63f6a0a8	1411	Catherine Faye	F	F55-59	12	6:28:08	0:43:15	0:04:52	3:08:28	0:03:45	2:27:47	United Kingdom	
74f579f4-6a05-f111-8406-002248081bd6	1412	Leigh Dodds	M	M35-39	131	6:28:12	0:38:00	0:03:30	3:20:50	0:03:37	2:22:15	Australia	
2dd83949-8001-46a9-a74a-332040a67fde	1413	Wayne Fogarty	M	M50-54	68	6:28:43	0:53:57	0:05:51	2:43:54	0:05:12	2:39:49	Australia	
c8f9612f-a514-f111-8341-0022480a5755	1414	Josh Chisholm	M	M35-39	132	6:28:45	0:45:08	0:05:16	3:21:17	0:05:31	2:11:33	Australia	
22911a19-b3cc-f011-bbd3-000d3a5b50ba	1415	Rory Harbeck	M	M35-39	133	6:28:47	0:47:40	0:05:17	3:06:36	0:05:35	2:23:39	Australia	
ed715349-d519-49d3-9e21-366c2a7a554f	1416	Andrew Eudey	M	M35-39	134	6:28:54	0:40:17	0:05:45	3:10:37	0:05:37	2:26:37	Australia	
fea90cb2-a5b0-417b-a6b2-84893132ae92	1417	Emmet Ryan	M	M30-34	192	6:28:57	0:53:57	0:11:31	3:12:51	0:10:14	2:00:23	Australia	
f68cd059-16ae-ef11-b8e8-000d3a5a403c	1418	David Evans	M	M35-39	135	6:29:04	0:45:48	0:07:15	3:06:15	0:04:57	2:24:50	Australia	
fc1e066e-9887-4f93-9046-f68d102d5021	1419	Ngahuia Muru	F	F25-29	88	6:29:23	0:36:56	0:06:35	3:22:15	0:06:23	2:17:14	New Zealand	
5ea6e232-2d5d-f011-bec2-6045bd05fcc1	1420	Anthony Sommerfeld	M	M30-34	193	6:29:30	0:47:33	0:05:44	3:11:58	0:05:20	2:18:56	Australia	
0f409fe7-316b-474b-8f3d-0891354620d5	1421	Courtney Schoutrop	F	F25-29	89	6:29:31	0:39:09	0:03:51	3:29:52	0:02:40	2:14:00	Australia	
de3204e4-0254-f111-bec6-0022480a5755	1422	Elliot Summers	M	M25-29	238	6:29:33	0:41:23	0:05:19	3:18:35	0:05:46	2:18:30	Australia	
971eef83-f5f0-f011-8407-00224805e61c	1423	Alice Mcilroy-Foster	F	F25-29	90	6:29:36	0:43:52	0:04:00	3:05:37	0:03:26	2:32:41	New Zealand	
4d31b11a-ff0b-4d2c-9d12-539695b09e5c	1424	Charlie Quayle	M	M25-29	239	6:29:37	0:41:43	0:04:42	3:23:39	0:07:57	2:11:36	Australia	
fbba2af1-59c2-43c6-ad43-848cbd87f20d	1425	Brittany Schoutrop	F	F25-29	91	6:29:51	0:33:44	0:03:28	3:22:48	0:02:29	2:27:23	Australia	
1e9dbe60-05e6-f011-8544-002248098cfa	1426	Ethan Fryar	M	M18-24	189	6:29:52	0:56:42	0:05:44	3:11:47	0:04:28	2:11:11	Australia	
0c8581ed-ac28-425e-84a2-fa72e4955a00	1427	Paris Bamford	F	F18-24	52	6:29:52	0:40:33	0:04:10	3:24:12	0:05:54	2:15:03	Australia	
48046fce-e6a3-452d-9874-827dc5a1a56d	1428	Liam Cullin	M	M25-29	240	6:29:57	0:42:06	0:07:38	3:06:02	0:05:16	2:28:55	Australia	
d8a2c594-946a-42f1-9b76-510dedc34b9a	1429	Sarah Weight	F	F40-44	33	6:30:07	0:35:48	0:06:47	3:18:01	0:05:26	2:24:05	Australia	
24dfa2be-5a64-f111-a826-6045bd08b1a2	1430	Macsen Cunninghame	M	M18-24	190	6:30:22	0:45:57	0:12:45	3:10:03	0:06:05	2:15:33	Australia	
cc106f9f-7fe1-f011-8544-000d3a5b50ba	1431	Gabby Fletcher	F	F25-29	92	6:30:31	0:37:29	0:04:23	3:26:09	0:05:02	2:17:28	Australia	
51dd0e05-c61e-4472-a44d-8446752a916e	1432	Steven Campman	M	M60-64	25	6:30:34	0:44:39	0:04:43	3:22:28	0:05:41	2:13:04	United States	
b358bcbd-860e-4d66-885f-8caa01d33af9	1433	Braian Lebeck De Freitas Silva	M	M30-34	194	6:30:42	0:52:15	0:06:31	3:12:07	0:04:40	2:15:08	Australia	
2a3b7588-7a4c-4f31-a4d9-b43a710966bf	1434	Kaz Tanovic	F	F35-39	24	6:30:43	0:52:02	0:07:28	3:01:09	0:06:07	2:23:56	Australia	
5b203971-9590-4255-bf84-a04ee8f67f39	1435	Scott Duffey	M	M40-44	111	6:30:57	0:43:47	0:03:16	3:14:45	0:03:39	2:25:29	Australia	
2e181ccc-8a70-f111-ab0d-002248046451	1436	Jared Quail	M	M18-24	191	6:31:29	0:46:05	0:06:24	3:14:18	0:16:39	2:08:03	Australia	
3c8629a4-534c-f111-bec5-0022480b35b6	1437	Zhehao Zhang	M	M35-39	136	6:31:39	0:46:51	0:12:58	3:06:12	0:06:10	2:19:27	China	
ea4ecf39-5a65-f111-a826-0022480994c2	1438	Wenyang Yu	M	M45-49	90	6:31:46	0:43:29	0:07:14	3:01:14	0:04:58	2:34:52	Australia	
2a4fb1b3-8e8d-4581-94a3-00ac09d678af	1439	Livvy Watkins	F	F30-34	44	6:31:47	0:43:43	0:05:31	3:37:08	0:07:14	1:58:11	Australia	
25b40629-9f73-f111-ab0f-0022480b88da	1440	isabella kotis	F	F18-24	53	6:31:59	0:32:51	0:03:20	3:41:39	0:03:06	2:11:04	Australia	
487ff8ca-b0c5-f011-bbd2-000d3a3b7f9e	1441	Miriam Boult	F	F25-29	93	6:32:25	0:33:29	0:04:07	3:20:20	0:04:20	2:30:10	Australia	
57eb3af9-9ca1-f011-bbd3-6045bd05f634	1442	Joshua King	M	M25-29	241	6:32:37	0:46:29	0:04:19	3:11:09	0:03:27	2:27:15	Australia	
f8b8c9f8-a9b4-42fd-94f7-c2d97a8ee0c5	1443	Robert Whitfield	M	M50-54	69	6:33:25	0:39:23	0:07:46	3:24:15	0:08:33	2:13:29	Australia	
f2d23a1a-2d42-f111-88b4-0022480b84a3	1444	Joshua Dardengo	M	M30-34	195	6:33:28	0:36:23	0:03:46	3:05:28	0:05:47	2:42:04	Australia	
0ec09341-df0e-f111-8406-002248046ec8	1445	Georgia Maher	F	F25-29	94	6:34:09	0:43:09	0:05:04	3:29:50	0:04:57	2:11:08	Australia	
5104cee5-a4c8-f011-bbd3-000d3a5b7c3b	1446	Shane Bradley	M	M18-24	192	6:34:14	0:46:38	0:06:32	3:28:47	0:04:12	2:08:04	Ireland	
8baf3e3f-e2c4-f011-bbd2-0022480acf27	1447	Ophélie Dos Santos	F	F25-29	95	6:34:28	0:43:50	0:05:12	3:19:06	0:04:36	2:21:43	France	
f6f53ffc-4f69-f111-a825-0022480b35b6	1448	Aimee O’Hara	F	F25-29	96	6:34:31	0:35:41	0:06:18	3:21:15	0:07:23	2:23:55	Australia	
b8cb64a6-3458-f111-bec7-0022480b84a3	1449	Jayden Young	M	M18-24	193	6:34:37	0:43:35	0:09:15	3:14:55	0:16:02	2:10:50	Australia	
3511a3bb-aa53-f011-877a-000d3a35ffc1	1450	Kate Ramsay	F	F25-29	97	6:34:44	0:42:33	0:04:22	3:21:54	0:05:13	2:20:42	Australia	
84667791-bab9-4dea-bd0b-a4291330bbda	1451	Brenton Matthews	M	M35-39	137	6:34:50	0:50:54	0:05:09	3:26:29	0:07:06	2:05:13	Australia	
c48633af-e345-4922-bdec-92da273b90af	1452	Ke Wang	F	F55-59	13	6:35:12	0:54:16	0:06:54	3:41:56	0:05:18	1:46:49	Australia	
ac29749c-351e-4bb8-a1a8-ecdd898f0772	1453	Hannah-Mae Sempf	F	F25-29	98	6:35:19	0:37:57	0:03:58	3:29:58	0:02:57	2:20:30	Australia	
56dc1684-32e6-f011-8544-000d3a5cf7d8	1454	Neo Phoenix	M	M35-39	138	6:35:20	0:40:26	0:06:08	3:36:58	0:07:33	2:04:14	United Kingdom	
bab2666f-039f-40a4-b1bb-1df60dfab2b3	1455	Sharna Wilds	M	M50-54	70	6:35:30	0:42:30	0:05:20	3:18:07	0:04:40	2:24:53	Australia	
3918212b-7ca2-f011-bbd3-0022480c097c	1456	Pam Engelberts	F	F30-34	45	6:35:40	0:50:58	0:05:39	3:21:55	0:09:16	2:07:52	Netherlands	
784f3d7a-94b5-f011-bbd2-000d3a318445	1457	David Santo Tomas	M	M55-59	44	6:35:43	0:41:20	0:05:17	3:15:04	0:04:35	2:29:26	Australia	
7993c3e0-2ec5-f011-bbd2-000d3a5b7c3b	1458	Brian Borusiewicz	M	M30-34	196	6:36:01	0:43:06	0:04:37	3:20:35	0:06:14	2:21:29	Australia	
71e0a6d8-fb20-f111-8341-6045bd06566a	1459	Lachlan Garrett	M	M30-34	197	6:36:02	0:43:11	0:05:39	3:06:30	0:07:12	2:33:29	Australia	
acf57ec9-0ba4-f011-bbd3-000d3a5cf7d8	1460	Jake Humphrey’s	M	M30-34	198	6:36:15	0:53:01	0:04:38	3:11:03	0:04:27	2:23:06	Australia	
2c030150-1419-46fd-89da-fae456a82038	1461	Mitchell Flynn	M	M30-34	199	6:36:36	0:37:27	0:04:22	3:14:08	0:06:13	2:34:27	Australia	
6269deec-31fa-4a50-9eb9-c5ea74a772bd	1462	Kali Glosser	F	F55-59	14	6:36:44	0:39:39	0:05:38	3:30:10	0:07:32	2:13:44	United States	
405a159b-06d5-4d8e-9c3a-97a47bffead8	1463	Adam Tonakie	M	M65-69	11	6:36:47	0:36:07	0:04:47	3:09:59	0:05:40	2:40:14	Australia	
dc19bf8f-85e0-40b7-bcde-bf4b8ec24272	1464	Harry Scott	M	M30-34	200	6:36:56	0:46:33	0:06:29	3:10:01	0:07:29	2:26:23	Australia	
59d59977-a41e-f111-8341-0022480b84a3	1465	Zach Hermann	M	M18-24	194	6:36:57	0:44:57	0:04:46	3:20:32	0:02:20	2:24:22	Australia	
e43b2751-fdb9-f011-bbd3-000d3a5cf7d8	1466	Kayla Pearson	F	F30-34	46	6:37:22	0:48:06	0:06:12	3:33:41	0:05:09	2:04:13	Australia	
979af4e8-6934-f111-88b3-6045bd08b1a2	1467	Jessie Fraser	F	F18-24	54	6:37:45	0:47:03	0:04:26	3:21:40	0:02:49	2:21:47	New Zealand	
3667846f-8ec9-e911-a986-000d3a35f53a	1468	Tom Hodgson	M	M45-49	91	6:37:51	0:47:08	0:11:24	3:12:54	0:08:23	2:18:03	Australia	
172768e4-e3c9-f011-bbd3-000d3a5b7c3b	1469	Alexandra Lulka	F	F25-29	99	6:38:00	0:45:48	0:04:18	3:18:10	0:03:50	2:25:55	Australia	
f4896d3c-95f5-f011-8406-0022480995bd	1470	Tasmin Davies	F	F25-29	100	6:38:13	0:42:29	0:05:17	3:12:06	0:05:16	2:33:06	Australia	
70a8bc43-16e1-f011-8544-000d3a5b7c3b	1471	Jake Dixon	M	M18-24	195	6:38:19	0:38:10	0:05:22	3:33:46	0:04:43	2:16:17	Australia	
07a9642f-bf9c-f011-b41c-0022480c097c	1472	Laura van de Kaa	F	F40-44	34	6:38:20	0:47:00	0:04:45	3:19:16	0:03:27	2:23:51	Australia	
32446b92-ec32-f011-8c4e-0022480c097c	1473	Campbell Smith	M	M35-39	139	6:38:39	0:42:45	0:05:07	3:23:43	0:05:09	2:21:56	Australia	
8c11cf8b-3aa2-f011-bbd3-6045bd09951e	1474	Rachel Bidgood	F	F60-64	4	6:38:41	0:43:27	0:07:16	3:09:57	0:06:18	2:31:42	United Kingdom	
44760cb7-c621-f111-8341-0022480b3ee9	1475	kyle Steenson	M	M18-24	196	6:38:47	0:45:54	0:08:05	3:48:51	0:04:29	1:51:27	Australia	
dfc14b96-4cbd-ef11-b8e8-6045bd088264	1476	Craig Wallace	M	M55-59	45	6:38:50	0:45:09	0:08:10	3:07:39	0:06:16	2:31:35	Australia	
af397573-3acf-f011-bbd3-000d3a3173b5	1477	Jodi Dwyer	F	F50-54	13	6:39:05	0:51:00	0:05:23	3:26:19	0:03:59	2:12:23	Australia	
f79964c4-8634-4c8f-af88-4827735a3bbe	1478	Ian Challoner	M	M60-64	26	6:39:17	0:39:59	0:04:29	3:11:58	0:04:52	2:37:59	Australia	
89cae631-6fe1-f011-8544-000d3a3173b5	1479	Jayde Crossley	F	F25-29	101	6:39:21	0:44:43	0:06:21	3:11:52	0:07:50	2:28:36	Australia	
abbcd668-edee-4937-96b9-82d21bab6bf3	1480	Heidi Andrews	F	F45-49	22	6:39:23	0:47:35	0:05:14	3:19:57	0:08:12	2:18:25	Australia	
76a76fb7-6209-f011-bae2-000d3a5cf7d8	1481	Trevor Jolly	M	M40-44	112	6:39:24	0:54:00	0:04:49	2:54:27	0:04:06	2:42:02	Australia	
ae8e366f-f6d1-469a-a3df-3fd7bfadf4b5	1482	madi fleming	F	F18-24	55	6:39:30	0:44:12	0:04:36	3:33:06	0:03:51	2:13:44	Australia	
c4aa4922-8a7a-46fb-8f60-0837367c8af3	1483	Kerri Hansen	F	F55-59	15	6:39:37	0:47:28	0:07:23	3:09:07	0:05:34	2:30:05	Australia	
b233324c-c769-f011-bec2-000d3a5b7c3b	1484	Nathan Tripodi	M	M18-24	197	6:39:50	0:45:20	0:05:45	3:45:10	0:03:38	1:59:57	Australia	
e3e48d9f-4df8-f011-8406-0022480994c2	1485	Matthew Schwikkard	M	M18-24	198	6:39:57	0:52:37	0:05:16	3:22:14	0:04:03	2:15:48	Australia	
6cdd6ae6-0021-f111-8341-0022480b3ee9	1486	James Glynn	M	M25-29	242	6:40:02	0:49:21	0:07:47	3:07:30	0:08:03	2:27:22	New Zealand	
3140a7af-d19d-f011-b41c-002248098cfa	1487	Aaron Abrook	M	M40-44	113	6:40:07	0:38:52	0:08:59	3:23:19	0:06:17	2:22:40	Australia	
267d4568-42c8-f011-bbd3-000d3a35ffc1	1488	Jasmine Mcguire	F	F25-29	102	6:40:08	0:42:44	0:05:52	3:31:45	0:05:20	2:14:26	Australia	
8e149687-57d2-ef11-8ee9-6045bd088264	1489	Wayne Martin	M	M55-59	46	6:40:22	0:46:57	0:05:24	3:12:14	0:04:09	2:31:38	Australia	
b3e0314e-c79f-4234-b5d4-de0795a4ee28	1490	Ian Cooper	M	M55-59	47	6:41:04	0:41:50	0:07:45	3:06:05	0:08:18	2:37:06	United Kingdom	
329d9634-151c-f111-8341-0022480994c2	1491	Caitlyn Barnes	F	F25-29	103	6:41:07	0:36:47	0:05:11	3:23:38	0:05:15	2:30:16	Australia	
89670357-26e6-f011-8544-000d3a3173b5	1492	Shavin Vel	M	M18-24	199	6:41:21	0:35:15	0:04:05	3:07:03	0:03:03	2:51:56	Australia	
ce2b7c33-64fa-f011-8406-002248046451	1493	Grace Francis	F	F30-34	47	6:41:34	0:54:30	0:04:39	3:30:28	0:03:24	2:08:33	United Kingdom	
6839001f-e8d3-4c11-ac33-6b20b74bc876	1494	Harrison Garrett	M	M30-34	201	6:41:35	0:47:19	0:04:23	3:07:59	0:04:43	2:37:11	Australia	
e3fcb482-fbbe-4b8f-9940-de448787d2aa	1495	Mikayla Decastro	F	F25-29	104	6:41:45	0:41:38	0:07:31	3:28:43	0:06:01	2:17:52	Australia	
f00cce92-0262-f111-a826-6045bd08b1a2	1496	Matt Salvesani	M	M40-44	114	6:42:09	0:48:30	0:06:40	3:02:42	0:09:26	2:34:51	Australia	
f413bcf6-db33-f111-88b4-0022480b84a3	1497	James Saunders	M	M30-34	202	6:42:18	0:47:34	0:07:04	3:21:37	0:04:43	2:21:19	Australia	
d0284535-628c-4310-b7fc-b5ee2ab4c7b7	1498	Tegan Raines	F	F25-29	105	6:42:21	0:37:18	0:04:12	3:46:04	0:03:19	2:11:28	Australia	
1e69be23-43ea-ee11-a203-6045bd064839	1499	Stuart Dwyer	M	M55-59	48	6:42:25	0:44:11	0:10:43	3:29:38	0:08:15	2:09:38	Australia	
47808ea4-6976-4377-aee3-1e46d836f9e6	1500	Angela Pontifex	F	F40-44	35	6:42:52	0:42:26	0:04:32	3:14:09	0:07:09	2:34:37	Australia	
245894e6-2a9f-f011-b41c-6045bd09951e	1501	Manon Saint-Clair	F	F25-29	106	6:42:52	0:40:22	0:07:20	3:33:57	0:04:14	2:16:58	Australia	
6462e290-1e5f-f111-a826-002248081bd6	1502	Joshua Hindle	M	M25-29	243	6:43:07	0:35:48	0:06:24	3:41:22	0:05:09	2:14:24	Australia	
513095f4-b0a8-f011-bbd3-6045bd05f634	1503	Alexander Mcdonald	M	M40-44	115	6:43:18	0:42:58	0:05:19	3:14:50	0:04:50	2:35:21	Australia	
1623405c-5b5d-444b-a6ec-a69540be0603	1504	Brady Morrissey	M	M55-59	49	6:44:03	0:40:24	0:05:10	2:53:59	0:05:42	2:58:48	Australia	
6911771b-387e-f011-b4cc-000d3a5cf7d8	1505	Macy Roberts	F	F18-24	56	6:44:14	0:42:56	0:04:11	3:29:25	0:03:01	2:24:40	Australia	
7d05a917-930f-4f6f-9f2c-d1da1c84f3a3	1506	Adhika Aryaguna	M	M40-44	116	6:44:19	0:57:40	0:06:26	2:58:17	0:04:59	2:36:57	Indonesia	
2b6a5e75-b020-4766-84a4-29ac5ff0a237	1507	Lara Cann	F	F40-44	36	6:44:25	0:34:10	0:03:17	3:47:03	0:03:26	2:16:30	Australia	
d4f9dacc-c790-43c6-974e-de8257b190b0	1508	Kristen Wall	F	F35-39	25	6:44:45	0:51:10	0:04:48	3:07:35	0:04:47	2:36:25	Australia	
5cfa0126-0cad-427a-9951-a60c39cf2feb	1509	Liam Oliver	M	M35-39	140	6:45:01	0:42:49	0:09:45	3:20:06	0:09:06	2:23:15	Australia	
479f62ff-2e10-f011-9988-000d3a5b50ba	1510	Tim Camenzuli	M	M30-34	203	6:45:01	0:37:46	0:04:11	3:28:26	0:04:21	2:30:18	Malta	
406215b1-b895-43da-ac04-53aa1d2aad26	1511	Will Larkin	M	M35-39	141	6:45:04	0:46:30	0:05:30	3:38:17	0:07:32	2:07:15	Australia	
3ce68db3-515d-f111-a826-6045bd08b1a2	1512	Joshua Anderson	M	M25-29	244	6:45:40	0:43:38	0:08:38	3:09:11	0:05:02	2:39:10	Australia	
3edd3abd-ec28-f111-8341-002248046451	1513	Brendan Schloss	M	M35-39	142	6:45:43	0:40:39	0:07:50	2:53:23	0:05:17	2:58:33	Australia	
e0e4ed28-8fd1-440b-97b7-0d657f657207	1514	Katie Smith	F	F30-34	48	6:45:46	0:40:44	0:04:57	3:15:39	0:06:38	2:37:48	United Kingdom	
e9d52b22-62bd-43d5-becd-1fcf82ba7615	1515	Mohamed Feroz	M	M45-49	92	6:45:47	0:54:27	0:07:11	3:14:52	0:06:24	2:22:52	Singapore	
f77ce97b-0d10-ee11-8f6d-000d3a31440b	1516	John Prescott	M	M35-39	143	6:45:48	0:41:17	0:08:15	3:23:48	0:07:51	2:24:37	Australia	
c43080cf-e698-408c-9667-becdaaad611a	1517	Heidi Muller	F	F50-54	14	6:45:51	0:44:03	0:08:26	3:18:58	0:09:22	2:25:02	Australia	
51cafb4a-574c-f111-bec5-0022480a5755	1518	Joanna Elton	F	F25-29	107	6:46:12	0:46:50	0:04:54	3:17:01	0:04:08	2:33:19	Zimbabwe	
066ca983-dd24-4ae9-b6d5-92f657d054fa	1519	Kate Gayner	F	F40-44	37	6:46:12	0:32:33	0:03:04	3:02:41	0:04:01	3:03:53	Australia	
ec3d42e0-53b8-f011-bbd3-000d3a35ffc1	1520	Sarah Riek	F	F18-24	57	6:46:24	0:46:39	0:08:00	3:18:34	0:05:52	2:27:19	Australia	
dfac9c92-7e46-f111-bec6-002248046ec8	1521	Kate Douglas	F	F18-24	58	6:46:30	0:45:53	0:07:11	3:17:55	0:05:11	2:30:21	Australia	
2aa47685-b917-4c56-a239-c881ea471ff7	1522	Lainey Thorpe	F	F25-29	108	6:46:40	0:41:32	0:05:06	3:19:56	0:04:40	2:35:27	Australia	
132a5281-1f6a-f111-a826-0022480a5755	1523	Sheldon Williamson	M	M30-34	204	6:46:45	0:37:21	0:07:28	3:33:51	0:09:37	2:18:28	Australia	
a1058565-ad65-441d-bf30-19b41a7e0138	1524	Ploy Saendi	F	F25-29	109	6:46:45	0:55:43	0:06:28	3:23:32	0:06:29	2:14:33	Australia	
eac75c85-6944-f111-88b3-6045bd06566a	1525	Kyhle Rush	M	M35-39	144	6:46:52	0:38:12	0:06:02	3:17:14	0:06:12	2:39:13	Australia	
8d781db3-6731-454a-90ed-b5a1f0333344	1526	Nerida Higgins	F	F50-54	15	6:47:05	0:37:16	0:04:00	3:08:23	0:03:48	2:53:38	Australia	
e99442f9-261e-4a83-8e47-50243576d9a2	1527	Hamish Ellingham	M	M30-34	205	6:47:07	0:42:29	0:07:32	3:12:16	0:06:18	2:38:32	New Zealand	
da61a5d8-3f9e-f011-b41c-000d3a5cf7d8	1528	Gemma Caldecoat	F	F18-24	59	6:47:10	0:40:06	0:05:54	3:22:45	0:05:44	2:32:41	Australia	
607366de-4178-ee11-8179-000d3a314ae2	1529	Ronan Egan	M	M35-39	145	6:47:29	0:43:27	0:04:11	3:15:41	0:05:49	2:38:21	Ireland	
f283dbd6-a53d-f011-b4cc-000d3a5cf7d8	1530	Jessica Cafagna	F	F25-29	110	6:47:45	0:38:25	0:03:47	3:19:01	0:05:13	2:41:20	Australia	
62b9492b-a39b-483c-ae5c-45cc3c599603	1531	Nicholas Gerard Pang	M	M25-29	245	6:47:48	0:48:59	0:08:54	3:37:43	0:08:37	2:03:36	Singapore	
320a27be-4aff-469f-9d60-32f563f605eb	1532	Harvey Smith	M	M55-59	50	6:48:24	0:37:44	0:05:47	3:16:33	0:07:34	2:40:46	Australia	
23e31ef3-0ea8-42f9-ae0b-d64e5fa0dde7	1533	Amber Willis	F	F18-24	60	6:48:39	0:40:28	0:05:57	3:37:11	0:04:51	2:20:12	Australia	
19f414ed-f758-f111-bec7-0022480b35b6	1534	Patrick Hennessy	M	M25-29	246	6:48:40	0:56:22	0:04:27	3:32:41	0:04:53	2:10:18	Australia	
8374cfe5-5870-f111-ab0d-0022480a5755	1535	Aoibhe Oboyle	F	F30-34	49	6:48:44	0:39:18	0:05:09	3:34:18	0:06:23	2:23:35	Ireland	
53f10925-631a-4292-915b-86d1fc4ab0b5	1536	Mikaela Shephard	F	F40-44	38	6:48:44	1:00:12	0:05:17	3:11:33	0:04:57	2:26:46	Australia	
c6bf34b7-3928-422f-a14d-2d6cdf555902	1537	Debra Childs	F	F45-49	23	6:49:01	0:39:59	0:04:22	3:13:04	0:04:56	2:46:40	Australia	
a38f0b9f-8370-f111-ab0d-6045bd06566a	1538	Zachary Rub	M	M30-34	206	6:49:56	0:45:33	0:05:04	3:26:44	0:03:27	2:29:09	Australia	
c7594d13-8d9f-f011-b41c-000d3a5cf7d8	1539	Preston Matthews	M	M18-24	200	6:50:09	0:49:23	0:05:14	3:31:03	0:03:40	2:20:48	Australia	
ca5532ca-f939-f111-88b3-0022480a5755	1540	Timmy Ryle	M	M30-34	207	6:50:13	1:00:25	0:06:35	3:17:28	0:05:15	2:20:30	Ireland	
b53df704-f761-4333-90bd-033628a8097b	1541	Milly Demartini	F	F40-44	39	6:50:14	0:40:41	0:05:49	3:26:13	0:07:15	2:30:15	Australia	
8e178e8b-e120-4a0b-9462-6f0a59f89260	1542	Dawid Sobczyk	M	M40-44	117	6:50:29	0:47:22	0:08:43	3:17:21	0:07:08	2:29:55	Poland	
e86e79da-06fd-4827-a280-eb3f48bedd71	1543	Naomi Dwyer	F	F50-54	16	6:50:34	0:38:30	0:10:47	3:27:50	0:08:51	2:24:35	Australia	
e96c95f2-0325-f111-8341-0022480994c2	1544	Ash North	F	F35-39	26	6:50:37	0:41:02	0:05:24	3:28:44	0:04:06	2:31:21	Australia	
bb4d4425-b6e6-f011-8544-000d3a5cf7d8	1545	Sam Howard	M	M25-29	247	6:50:53	0:42:42	0:05:07	3:42:46	0:04:43	2:15:35	Australia	
3dc8b398-d7c0-f011-bbd2-000d3a5b7c3b	1546	Amy Catanach	F	F35-39	27	6:51:25	0:45:01	0:05:16	3:19:05	0:04:06	2:37:56	Australia	
c806f79d-a1b2-4fb3-aeae-c7c4638bf453	1547	Katherine Wiles	F	F40-44	40	6:51:34	0:35:24	0:05:55	3:27:08	0:06:36	2:36:32	South Africa	
1e0b2341-2ea0-f011-b41c-6045bd09951e	1548	Venus Vanneste	F	F18-24	61	6:51:37	0:56:02	0:06:27	3:23:43	0:07:54	2:17:31	Belgium	
cb60315f-1686-ef11-ac21-000d3a30152c	1549	Dayne Garcia	F	F30-34	50	6:51:49	0:45:36	0:05:40	3:26:23	0:05:19	2:28:50	Philippines	
919aa189-ef21-4849-8c4e-22f862ea0116	1550	Nicola Vinson	F	F35-39	28	6:51:49	0:42:21	0:06:48	3:11:46	0:04:27	2:46:27	United Kingdom	
dd37d6fd-08c8-44fb-b09e-4327e567dffc	1551	Michael Nightingale	M	M65-69	12	6:51:50	0:33:32	0:06:49	3:21:40	0:09:05	2:40:43	New Zealand	
13768b26-44e8-f011-8543-6045bd05fcc1	1552	Amir Azlan	M	M18-24	201	6:52:07	0:48:17	0:05:38	3:28:21	0:06:34	2:23:17	Australia	
f8fd54a7-170f-f111-8406-002248046ec8	1553	Sarah Kwok	F	F35-39	29	6:52:14	0:54:07	0:06:01	3:24:14	0:06:19	2:21:33	Australia	
52b31735-af11-45ad-b2a6-b5a1f2221c59	1554	Bridget Dudin	F	F25-29	111	6:52:19	0:43:07	0:04:57	3:18:18	0:04:09	2:41:49	New Zealand	
fc44a109-141c-f111-8341-0022480b84a3	1555	Molly Ingle	F	F25-29	112	6:52:49	0:48:45	0:05:31	3:36:32	0:05:23	2:16:39	Australia	
fcd61612-f06e-f111-ab0d-0022480b88da	1556	Isobel Dunn	F	F25-29	113	6:52:57	0:41:56	0:04:22	3:42:49	0:03:54	2:19:56	Australia	
56e274a8-1a2a-f111-8341-002248046ec8	1557	Keanu Grainger	M	M25-29	248	6:53:21	0:48:21	0:05:20	3:05:53	0:06:26	2:47:21	Australia	
8a89395c-001b-f011-998a-000d3a3173b5	1558	Ben Howard	M	M30-34	208	6:53:59	0:40:13	0:05:58	3:19:27	0:04:44	2:43:37	Australia	
88608a65-ff11-4043-8905-5994a456dff7	1559	Sam PAYNE	M	M40-44	118	6:54:27	0:39:35	0:06:45	3:29:26	0:09:56	2:28:45	Australia	
f8011729-1fcf-4bde-bbbc-378fd6a846a9	1560	Haiqal Sazalli	M	M30-34	209	6:54:35	1:03:28	0:06:31	3:24:17	0:05:17	2:15:01	Singapore	
268967ec-6e08-44e9-bd8a-77aec7e5eb27	1561	Thomas Mclean	M	M35-39	146	6:54:36	0:38:32	0:08:11	3:22:20	0:07:50	2:37:44	Australia	
69c05be8-80c1-438b-b409-f83062a31be5	1562	Tim Burns	M	M35-39	147	6:54:37	0:59:37	0:07:21	3:37:20	0:05:07	2:05:12	Australia	
51ada336-e0ca-455f-af7f-667fad255d7f	1563	Ruth Turnbull	F	F45-49	24	6:54:46	0:40:29	0:06:58	3:19:33	0:06:40	2:41:05	Australia	
564354df-8238-4fe6-bbd6-c1c90a8049ef	1564	Jack Renton	M	M30-34	210	6:54:48	0:41:15	0:09:52	3:14:47	0:07:55	2:40:58	Australia	
b82a59bf-3ea4-f011-bbd3-002248098cfa	1565	Filippo Vico	M	M45-49	93	6:55:03	1:01:57	0:06:16	3:11:20	0:09:16	2:26:14	Italy	
d123bd9e-b6a3-f011-bbd3-000d3a3173b5	1566	Jacqueline Glencross	F	F30-34	51	6:55:04	0:45:05	0:04:43	3:32:31	0:02:59	2:29:46	United Kingdom	
168f7c4d-c12f-49ee-9cce-396d271b21a3	1567	Solomon Coates	M	M40-44	119	6:55:14	0:33:54	0:04:18	3:12:10	0:05:45	2:59:08	Australia	
4934e2c2-951b-4a58-b955-b38cc470dfc4	1568	Murray Carnell	M	M45-49	94	6:55:18	0:44:13	0:05:40	3:37:09	0:05:21	2:22:53	Australia	
c8a3e905-0af9-f011-8406-0022480994c2	1569	Jared Hildebrandt	M	M30-34	211	6:55:28	0:45:18	0:06:39	3:15:41	0:06:19	2:41:31	Australia	
38931ff0-44fb-f011-8406-6045bd06566a	1570	Sarah Voigt	F	F30-34	52	6:55:42	0:48:16	0:05:21	3:22:56	0:04:54	2:34:14	Australia	
7a5c9c98-b88b-445b-9539-2cd22debb307	1571	Gavin Shepherd	M	M40-44	120	6:56:02	0:43:02	0:06:52	3:50:12	0:05:33	2:10:23	Australia	
f68365e2-19db-43e4-bc22-acd7ca300b76	1572	Jenny Smith	F	F50-54	17	6:56:14	0:38:38	0:05:07	3:06:03	0:03:49	3:02:37	Australia	
c943467e-3abe-4f48-987c-e0b8b90ff7b5	1573	Peter Quinn	M	M65-69	13	6:56:34	0:44:14	0:06:50	3:28:39	0:04:46	2:32:04	Australia	
1f0824f4-b1db-f011-8544-000d3a5b50ba	1574	Rachel Dove	F	F35-39	30	6:56:42	0:43:09	0:04:40	3:40:42	0:03:42	2:24:29	Australia	
5718856b-d0a7-ef11-b8e8-6045bd088264	1575	Solei Chapman	F	F18-24	62	6:57:03	0:37:04	0:08:12	3:48:31	0:07:33	2:15:43	Australia	
9fc720c2-734a-f111-bec6-002248046ec8	1576	Jack Colmer	M	M18-24	202	6:57:20	0:41:33	0:07:05	3:24:55	0:03:21	2:40:26	Australia	
172a0abf-500d-41f9-83a5-8daf50bc16f4	1577	Naomi de With	F	F35-39	31	6:57:34	0:46:18	0:05:59	3:42:33	0:04:26	2:18:19	Australia	
c729d009-c41c-42ef-a60f-0d50b2a22f45	1578	Lider Kukurt	M	M50-54	71	6:57:34	0:44:47	0:07:19	3:19:45	0:04:59	2:40:44	Australia	
ddca5205-aa96-445f-9684-0e37a2de56ad	1579	Belinda Hannover	F	F35-39	32	6:57:49	0:54:45	0:04:05	3:30:37	0:03:57	2:24:25	Australia	
ccbb9d62-14ea-4533-b245-4c6426163766	1580	Patrick Sliwa	M	M25-29	249	6:57:55	0:54:23	0:05:17	3:31:55	0:07:12	2:19:08	Australia	
2add5b7d-53e6-f011-8544-000d3a3173b5	1581	Kate McGilvray	F	F18-24	63	6:57:59	0:44:18	0:04:30	3:11:41	0:07:12	2:50:18	Australia	
bbc71b1e-24f4-f011-8406-002248046ec8	1582	Kelly Winwood-Lanham	F	F35-39	33	6:58:24	0:47:50	0:04:43	3:44:49	0:04:15	2:16:47	Australia	
e91a07a5-12e3-f011-8544-0022480c097c	1583	Nathan Butler	M	M30-34	212	6:58:32	0:45:30	0:06:17	3:46:01	0:04:30	2:16:14	Australia	
bf4d5c28-d0bb-43a6-895f-ee1829495145	1584	Nic Franklin	M	M30-34	213	6:58:41	0:45:04	0:08:18	3:14:02	0:07:07	2:44:09	Australia	
8579627c-15e6-f011-8544-6045bd05f634	1585	Lincoln Noorman	M	M25-29	250	6:58:42	0:56:34	0:05:24	3:22:56	0:05:19	2:28:29	Australia	
6d720dab-def5-412c-ad52-173c56ff8bf1	1586	John Whiteoak	M	M55-59	51	6:58:52	0:48:56	0:05:37	3:30:58	0:08:11	2:25:10	Australia	
6b466489-a96b-f011-bec2-000d3a5cf7d8	1587	Po-Chia Su	M	M35-39	148	6:58:53	0:51:59	0:11:07	3:21:55	0:10:29	2:23:24	Taiwan	
245e4ead-bd49-4e3d-ba5f-5bf45bfbaa39	1588	Haydn Hampel	M	M40-44	121	6:58:58	0:44:10	0:07:07	3:26:45	0:07:42	2:33:14	Australia	
346ae855-bde9-f011-8544-000d3a5cf7d8	1589	Edward Underwood	M	M30-34	214	6:58:58	0:43:00	0:05:30	3:27:31	0:08:13	2:34:44	Australia	
bab2666f-039f-40a4-b1bb-1df60dfab2b3	1590	Sharna Wilds	M	M50-54	72	6:59:11	0:50:33	0:04:58	3:38:13	0:02:50	2:22:38	Ireland	
b3532b29-0612-f111-8406-6045bd06566a	1591	Aidan Delaney	M	M35-39	149	6:59:24	0:56:45	0:02:30	3:26:20	0:03:15	2:30:34	Australia	
90750299-92d3-4d88-9f8b-55624a7d9dfb	1592	David Tabernacle	M	M55-59	52	6:59:29	0:40:06	0:09:36	3:14:52	0:04:44	2:50:11	Australia	
6617979f-ed6d-f111-ab0d-6045bd08b1a2	1593	Riley Say	M	M18-24	203	6:59:47	0:48:32	0:11:24	3:29:00	0:04:26	2:26:24	Australia	
250a48b9-3f19-f111-8341-6045bd08b1a2	1594	Athulya Atapattu	F	F18-24	64	6:59:51	0:46:12	0:04:26	3:36:12	0:04:14	2:28:47	Australia	
c48d7dc1-f351-4b4d-af2a-68c27377b39f	1595	Jolo Emmanuel Carino Cristobal	M	M25-29	251	6:59:56	0:50:56	0:08:05	3:11:16	0:07:47	2:41:53	Singapore	
d8c2976f-39a4-f011-bbd3-000d3a35ffc1	1596	Gary Yeh Gary Yeh	M	M30-34	215	7:00:14	0:55:02	0:07:56	3:34:52	0:06:28	2:15:56	Australia	
feef54a6-3741-429f-9b76-e034a6aed763	1597	Mark Davidson	M	M35-39	150	7:00:58	0:54:50	0:04:43	3:25:49	0:05:36	2:30:00	Australia	
ee8af971-446e-f111-ab0d-7c1e528d5074	1598	Angus Riitano	M	M18-24	204	7:01:50	0:43:14	0:05:46	3:48:28	0:08:42	2:15:39	Australia	
d2543cab-eba8-f011-bbd3-000d3a5b7c3b	1599	Josh Oakes	M	M18-24	205	7:01:50	0:44:00	0:09:04	3:43:14	0:05:36	2:19:55	Australia	
f50beeb6-0a71-f111-ab0d-0022480b84a3	1600	thomas murr	M	M30-34	216	7:02:43	0:43:12	0:05:59	3:10:52	0:06:57	2:55:43	Australia	
d6541d54-3358-437e-8098-cd59a4e45f26	1601	Harley Jacob Williams	M	M25-29	252	7:02:55	0:40:34	0:10:15	3:34:39	0:12:24	2:25:02	Australia	
a1a1bbc2-bbd0-45c7-a89f-dbcf6859d2f7	1602	Iszijah Jones	F	F25-29	114	7:03:00	0:42:10	0:04:47	3:43:19	0:03:56	2:28:48	Australia	
81c9967e-3677-4474-87b5-94fd85986aa9	1603	Samantha James	F	F30-34	53	7:03:19	0:52:55	0:05:03	3:45:52	0:06:24	2:13:05	Australia	
a7f4d7fb-8140-ef11-8409-000d3a348633	1604	Marcela Guevara	F	F35-39	34	7:03:36	0:56:38	0:05:38	3:33:53	0:05:38	2:21:50	Colombia	
83db2667-2c9f-f011-b41c-6045bd05fcc1	1605	Sheridan Bourke		F18-24	65	7:04:43	0:45:03	0:05:56	3:25:25	0:09:19	2:39:01	Australia	
be413b98-6f77-4e36-ad40-d01ca899f742	1606	David Moss	M	F60-64	5	7:04:49	0:38:22	0:05:15	3:09:46	0:04:14	3:07:11	Australia	
9c8f29a0-1753-f111-bec6-0022480a5755	1607	Cooper Gilmour	M	M18-24	206	7:04:52	0:51:02	0:10:49	3:56:58	0:05:00	2:01:03	Australia	
23f2610a-fe12-f111-8406-0022480a5755	1608	Martin Turia	M	M50-54	73	7:04:52	0:52:11	0:05:11	3:20:38	0:04:10	2:42:43	Australia	
e2e1198b-15c9-4479-a7a7-50a77598d687	1609	Peter Smith	M	M65-69	14	7:05:13	0:53:15	0:07:21	3:27:31	0:04:54	2:32:11	Australia	
7c4d0835-607d-ec11-8d21-000d3a3babbc	1610	Lee Di Milia	M	M65-69	15	7:05:29	0:45:59	0:09:09	3:31:05	0:06:49	2:32:26	Australia	
502cebac-400d-f111-8406-6045bd06566a	1611	TAO GUO	M	M40-44	122	7:05:34	1:02:12	0:06:57	3:22:28	0:05:28	2:28:29	Australia	
5e744ca0-9912-f011-998a-000d3a5b7c3b	1612	CHENG YOU LIU	M	M18-24	207	7:05:57	0:38:23	0:03:42	3:25:02	0:07:58	2:50:52	Taiwan	
3c7f4fbd-fd39-4f48-8170-adb1893666aa	1613	Adriano Taraborrelli	M	M45-49	95	7:07:05	0:54:13	0:09:45	3:20:38	0:06:28	2:36:02	Australia	
5e90690e-e59f-f011-b41c-000d3a5cf7d8	1614	Dong Le	M	M40-44	123	7:07:14	0:57:51	0:06:36	3:13:10	0:05:46	2:43:52	Australia	
933a79e0-8418-4b2f-93c4-9b5187cfcf7b	1615	Toby Legg	M	M18-24	208	7:07:15	0:47:56	0:05:50	3:28:28	0:05:50	2:39:10	Australia	
f435bc1a-34ac-f011-bbd3-000d3a5b50ba	1616	Karen Thompson	F	F60-64	6	7:07:31	0:53:48	0:06:07	3:39:29	0:03:43	2:24:25	Canada	
ec2de022-e5b0-f011-bbd3-6045bd05f634	1617	Thomas Marshall	M	M25-29	253	7:07:39	0:34:44	0:05:33	3:32:53	0:06:44	2:47:46	Australia	
bd861627-4ed6-f011-8543-6045bd05fcc1	1618	Liv Horn	F	F25-29	115	7:08:07	1:01:36	0:04:46	3:33:28	0:03:03	2:25:14	United Kingdom	
75cf78c3-5d1b-f111-8341-0022480b35b6	1619	Cory Byrne	M	M30-34	217	7:08:28	0:41:32	0:05:32	3:34:19	0:05:59	2:41:06	Australia	
c8b4322e-6eb2-47ab-acf2-266d2a80bd2c	1620	Shane De Clifford	M	M35-39	151	7:08:30	0:51:15	0:09:07	3:50:50	0:11:39	2:05:39	Australia	
b12ed726-6fd6-f011-8544-6045bd09951e	1621	Jack Speirs	M	M18-24	209	7:08:50	0:47:53	0:05:09	3:29:08	0:05:01	2:41:39	Australia	
1bdca2e9-d604-f111-8406-0022480994c2	1622	Benjamin Jenkins	M	M30-34	218	7:09:09	0:43:00	0:06:24	3:36:24	0:06:05	2:37:16	Australia	
d1acde76-1575-f111-ab0f-002248046ec8	1623	Angus Brindley	M	M18-24	210	7:10:11	0:44:07	0:04:34	3:48:51	0:04:34	2:28:05	Australia	
b5c6654a-ab5c-f111-a826-0022480b35b6	1624	Ori Hanoch Guy	M	M18-24	211	7:10:19	0:46:38	0:07:21	3:43:57	0:04:26	2:27:57	Israel	
5094d968-0d95-4e35-878e-e331c3a111dd	1625	Timothy Haycock	M	M18-24	212	7:10:29	0:43:05	0:05:58	3:42:35	0:06:33	2:32:19	Australia	
96ea3295-97a7-49e8-8fe2-3572536c7078	1626	Derek Blank	M	M45-49	96	7:10:30	0:44:10	0:06:30	3:12:45	0:05:01	3:02:03	New Zealand	
2fc61fb8-c85d-4bc1-9176-55fc5d14513c	1627	Samuel Hunt	M	M25-29	254	7:10:30	0:49:46	0:05:11	3:33:21	0:10:39	2:31:33	United Kingdom	
c1c68a52-52f6-4da2-8875-e4c4e8fce2b4	1628	Peter Black	M	M75-79	2	7:10:31	0:40:48	0:04:33	3:23:49	0:03:39	2:57:41	Australia	
2bc7eb66-6402-f111-8406-0022480b88da	1629	Dylan Fuller	M	M18-24	213	7:11:02	0:48:29	0:07:03	3:31:23	0:06:51	2:37:17	Australia	
8d9e9fb3-9bf6-43d0-ae9f-a46368989f43	1630	Michael Bruderer	M	M40-44	124	7:11:49	0:42:01	0:07:07	3:32:18	0:05:34	2:44:49	Australia	
552c4385-2b9f-f011-b41c-000d3a5b7c3b	1631	Bridget Krake	F	F30-34	54	7:12:25	0:46:48	0:05:27	3:50:41	0:05:52	2:23:38	Australia	
4af34367-9ddd-f011-8543-6045bd05fcc1	1632	Matt Kippen	M	M30-34	219	7:13:06	0:41:16	0:05:49	3:37:07	0:05:45	2:43:09	Australia	
9dc69aa1-a46d-4f9d-958c-f6e39740e738	1633	Allirra Jennings	F	F40-44	41	7:13:06	0:46:18	0:08:12	3:20:36	0:07:05	2:50:55	Australia	
d87cae74-f80e-42aa-a9bb-1584fa4516a6	1634	Annette Hansen	F	F55-59	16	7:13:31	0:41:33	0:06:08	3:39:10	0:04:29	2:42:11	Australia	
7d6d6393-6b03-487c-887e-858f9d61168c	1635	ELVERA TANDOG	F	F45-49	25	7:13:32	0:53:53	0:07:47	3:37:16	0:05:25	2:29:12	Australia	
4f3debc0-9748-f011-877a-6045bd09951e	1636	Hassan Istanbuli	M	M30-34	220	7:13:36	0:52:26	0:13:23	3:19:39	0:05:24	2:42:44	Unknown	
66111db5-40bc-43ee-a9ad-5ad8185d2b3d	1637	Annalie Brown	F	F50-54	18	7:14:22	0:45:54	0:05:30	3:19:04	0:05:09	2:58:45	New Zealand	
957082c6-e43c-f111-88b4-002248046ec8	1638	Bruce Gonlag	M	M50-54	74	7:14:25	0:45:12	0:08:53	3:47:59	0:06:30	2:25:51	South Africa	
81e29ec1-61e5-f011-8544-000d3a5cf7d8	1639	Lewis Nolan	M	M18-24	214	7:14:43	0:52:14	0:04:56	3:33:31	0:04:02	2:40:00	Australia	
05ab8320-7228-f011-8c4e-000d3a5b50ba	1640	Corey Carbone	M	M25-29	255	7:14:56	0:29:04	0:05:47	3:14:41	0:09:05	3:16:19	Australia	
e4b9520b-ec3d-f111-88b4-0022480b35b6	1641	Clare Challen	F	F50-54	19	7:15:13	0:47:56	0:08:22	3:41:08	0:10:44	2:27:03	Australia	
08b67717-03ec-ea11-a817-000d3a5a1bfb	1642	El Louie Jimenez	M	M35-39	152	7:15:16	0:56:08	0:07:09	3:25:32	0:06:07	2:40:20	Australia	
f6d812e5-bfe5-f011-8543-000d3a5b5fc7	1643	Harley Stewart	M	M30-34	221	7:15:44	0:51:24	0:07:27	3:26:43	0:08:28	2:41:42	Australia	
2b56bbad-372e-f111-88b3-6045bd08b1a2	1644	jay steel	M	M25-29	256	7:15:44	0:48:39	0:05:32	3:32:48	0:08:14	2:40:31	Australia	
2d50cc76-bdcb-40a1-a17d-aa0a964d5389	1645	Paul Mccarthy	M	M60-64	27	7:16:14	0:43:14	0:11:04	3:28:07	0:11:12	2:42:38	Australia	
ceea8917-572e-4902-8065-96755519f9f6	1646	Richard Warden	M	M30-34	222	7:17:05	0:42:00	0:09:02	3:50:01	0:05:20	2:30:42	United Kingdom	
226e7628-56c2-f011-bbd3-000d3a3173b5	1647	Julien Sennane	M	M25-29	257	7:17:24	0:59:35	0:04:56	3:43:30	0:03:04	2:26:19	Australia	
5f7cd7de-daf1-41f9-a987-1ab8c8d8b17a	1648	Michael Tran	M	M25-29	258	7:17:31	0:46:09	0:07:23	3:17:53	0:04:07	3:01:59	Australia	
fac18646-104c-f111-bec6-0022480b84a3	1649	Maddie McCabe	F	F35-39	35	7:17:42	0:48:17	0:05:24	3:42:17	0:04:55	2:36:50	Australia	
53067444-e0f0-f011-8407-6045bd09fcf5	1650	Lachlan Reid	M	M18-24	215	7:17:45	0:45:10	0:05:45	3:41:11	0:04:39	2:41:00	Australia	
e69c4469-3797-f011-b4cc-6045bd09951e	1651	Michelle Raines	F	F55-59	17	7:18:02	0:42:58	0:06:20	3:33:43	0:03:47	2:51:15	Australia	
6f8f488d-33f0-f011-8406-6045bd095184	1652	Amber Bryant	F	F25-29	116	7:18:19	0:43:51	0:04:07	3:36:13	0:05:33	2:48:34	Australia	
2f7a864b-6bb0-f011-bbd3-000d3a5cf7d8	1653	Sarah Free	F	F35-39	36	7:18:46	0:50:17	0:06:38	3:14:35	0:08:07	2:59:09	Australia	
a8ef6c6c-4f81-4cf5-8d22-446affd9caa9	1654	Conaill Keniry	M	M40-44	125	7:19:03	0:44:19	0:04:59	3:35:31	0:05:38	2:48:35	Australia	
f6bf42a0-ef23-f111-8341-0022480b84a3	1655	Cody Young	M	M25-29	259	7:19:20	0:41:08	0:07:36	3:20:30	0:09:47	3:00:18	Australia	
44430a8a-fc31-f111-88b3-000d3a5d70e0	1656	Cameron Trease	M	M35-39	153	7:19:27	0:52:18	0:05:25	3:41:14	0:14:09	2:26:21	Australia	
b44f05d0-43a0-f011-b41c-6045bd09951e	1657	Ammar Ash Shiddiq	M	M18-24	216	7:19:48	0:50:13	0:10:31	3:36:38	0:06:27	2:35:59	Indonesia	
bdf90738-33de-f011-8544-000d3a3173b5	1658	Jose Eduardo Cardoso Sanches	M	M35-39	154	7:19:59	0:42:36	0:10:25	3:56:09	0:08:40	2:22:09	Brazil	
ade5bb89-7e39-f111-88b3-6045bd08b1a2	1659	James Brown	M	M40-44	126	7:21:06	0:42:59	0:05:59	3:16:02	0:08:01	3:08:05	New Zealand	
3c72dbc0-3335-f011-8c4e-6045bd05fcc1	1660	Edward McCowan	M	M40-44	127	7:21:18	0:42:41	0:04:34	3:33:37	0:08:24	2:52:02	Australia	
e9ff79cb-6942-f111-88b3-6045bd06566a	1661	Bernhard Loibl	M	M30-34	223	7:21:27	0:46:09	0:04:04	3:41:31	0:07:27	2:42:17	Austria	
4ca3c867-2f29-4b60-bc59-e02df5b151c3	1662	Madeleine Lindert	F	F35-39	37	7:21:44	0:45:19	0:05:03	4:10:21	0:03:25	2:17:35	Australia	
3b750383-4f0b-47bc-9004-487dc861491a	1663	Philip Monfries	M	M70-74	3	7:22:28	0:44:43	0:09:00	3:34:37	0:10:14	2:43:53	Australia	
a3c43973-f7e4-ef11-8eea-002248049fdc	1664	Ching Chi Kwok	F	F45-49	26	7:22:56	0:51:54	0:05:25	3:48:38	0:04:22	2:32:38	Hong Kong	
516ab02b-bae9-f011-8544-000d3a5b7c3b	1665	Trent Wilson	M	M30-34	224	7:23:18	0:42:28	0:08:16	3:34:11	0:05:55	2:52:28	Australia	
876e8eb7-fe43-4263-98d9-cbf258b955f1	1666	Ahmed Samadi	M	M30-34	225	7:24:01	0:43:41	0:05:25	3:05:41	0:06:36	3:22:39	Australia	
32a98aa8-7d2d-f111-88b3-002248046451	1667	Morgan Pretious	F	F18-24	66	7:24:51	0:50:55	0:06:18	3:42:03	0:03:32	2:42:03	Australia	
74a7570c-6580-4930-82e0-62e05b74cbe6	1668	Meaghan Reynolds-Lightfoot	F	F35-39	38	7:25:20	0:42:05	0:05:06	3:45:09	0:03:46	2:49:13	Australia	
34e43b40-b2ac-4d10-947f-88ab7d8919ea	1669	Bryce Howell	M	M35-39	155	7:26:22	0:53:02	0:06:42	3:43:07	0:05:54	2:37:37	Australia	
444e8255-3ada-f011-8543-000d3a5b5fc7	1670	Georgia Hill	F	F25-29	117	7:26:29	0:48:08	0:05:01	4:03:28	0:07:26	2:22:27	Australia	
950dc509-c8d4-4d72-8272-8962c38c0b4c	1671	Chloe Draper	F	F25-29	118	7:27:18	0:42:33	0:04:18	3:55:52	0:03:58	2:40:38	Australia	
767fc0c3-38b6-41f7-bfa7-116fb64c44e2	1672	Tobias Chittenden	M	M25-29	260	7:27:50	0:48:19	0:05:36	3:57:29	0:06:08	2:30:18	New Zealand	
febadc66-1751-ed11-bba1-000d3a314d17	1673	Xtoredy Xtoredy	M	M40-44	128	7:27:56	0:59:05	0:06:27	3:37:07	0:07:38	2:37:39	Indonesia	
763da159-37a4-f011-bbd3-6045bd05fcc1	1674	Joe Lynch	M	M25-29	261	7:28:09	0:45:08	0:08:39	3:48:22	0:05:32	2:40:28	Ireland	
6ba69d50-b158-f011-877a-002248098cfa	1675	Councillor Michael Joseph Rees	M	M50-54	75	7:28:11	0:41:34	0:12:44	3:46:13	0:10:21	2:37:19	Australia	
f3744300-1672-f011-b4cb-7ced8d716334	1676	Anastasia Tiara Atiayu	F	F40-44	42	7:28:13	0:59:14	0:06:20	3:37:16	0:07:35	2:37:49	Indonesia	
0c81f0a6-a9f8-f011-8406-7ced8d717546	1677	Chonticha Tangmahattanakul	F	F25-29	119	7:28:34	0:45:24	0:06:58	3:50:27	0:05:03	2:40:42	Australia	
705b90b6-c9ed-4a03-b41f-1be5f48887df	1678	Jess Clift	F	F40-44	43	7:29:28	0:50:14	0:07:25	3:27:46	0:06:46	2:57:18	Australia	
9a6394b7-1dab-f111-aaab-6045bd024750	1679	Adrian Walsh	M	M45-49	97	7:30:04	0:48:50	0:09:14	3:19:16	0:05:25	3:07:20	Australia	
6233d970-7c0c-f111-8406-0022480b35b6	1680	Janine Pye	F	F35-39	39	7:30:13	0:45:50	0:05:20	3:21:14	0:04:51	3:12:58	Australia	
70b643a2-e15e-42f2-97d7-b7249d4b95be	1681	Kaylene Duffy	F	F50-54	20	7:30:22	0:50:00	0:04:37	3:41:05	0:04:36	2:50:04	Australia	
2589f0e7-03cf-f011-bbd3-000d3a5cf7d8	1682	Kaitlyn Collyer	F	F18-24	67	7:31:06	0:42:11	0:04:11	3:57:29	0:03:00	2:44:15	Australia	
9c62e127-4ced-f011-8544-0022480b738e	1683	Heather Harries	F	F50-54	21	7:31:32	0:52:52	0:06:32	3:39:44	0:07:20	2:45:05	New Zealand	
794091c9-7a58-f011-877b-6045bd05f634	1684	Mehran Mangal	M	M30-34	226	7:31:46	0:58:18	0:04:10	3:30:25	0:05:23	2:53:30	Australia	
dd8dc032-7a0d-f111-8406-0022480b35b6	1685	Rourke Davies	M	M25-29	262	7:32:47	0:46:44	0:07:00	3:35:35	0:05:25	2:58:02	Australia	
3d9c1094-e25e-455e-81d6-7ee65b10e56f	1686	Angela Bucci	F	F60-64	7	7:33:05	0:43:18	0:13:41	3:47:50	0:11:04	2:37:13	Australia	
aa965d04-7322-f111-8341-0022480995bd	1687	MARK MCCORMACK	M	M30-34	227	7:33:19	0:44:42	0:08:16	4:04:32	0:06:17	2:29:32	Australia	
36c19eb7-d6b1-4a33-91ea-44d14d6ed52a	1688	Jacob Mcmahon	M	M25-29	263	7:35:19	0:45:46	0:06:26	3:52:15	0:10:07	2:40:45	Australia	
4de64c2c-a7c9-47e4-8476-a3474ca8ac76	1689	David Eng Kee Chua	M	M60-64	28	7:35:24	0:57:21	0:16:14	3:14:31	0:04:34	3:02:44	Singapore	
c74c8a45-c9de-477f-9229-b1b187de0af7	1690	Daryl Chua	M	M18-24	217	7:35:32	0:50:14	0:10:40	3:31:11	0:07:27	2:56:00	Singapore	
e6282816-fa1e-45ae-b8d9-00bb8d143c57	1691	Isacc Sanderson	M	M25-29	264	7:35:37	0:34:27	0:07:10	4:09:32	0:07:07	2:37:23	Australia	
e78f6dd1-576d-f111-ab0d-7c1e528d5074	1692	Martin Drennan	M	M40-44	129	7:35:39	0:34:29	0:07:08	4:13:17	0:03:29	2:37:17	Australia	
86318019-4e31-43e2-9e10-0d62d3baa646	1693	Graham Webb	M	M75-79	3	7:35:58	0:50:27	0:08:36	3:33:01	0:08:06	2:55:48	Australia	
434fa000-a466-f111-a826-6045bd06566a	1694	Paula Bellussi	F	F50-54	22	7:36:05	0:52:38	0:07:30	3:10:28	0:06:29	3:19:01	Australia	
29c9d9b6-e644-f111-bec5-000d3a5d5455	1695	Courtney Millard	F	F25-29	120	7:36:13	0:45:38	0:06:21	3:45:36	0:07:08	2:51:30	Australia	
22453d1c-5c49-44b3-ba20-eeb60bef9073	1696	Mohamad Effendy Jaafar	M	M45-49	98	7:36:36	0:59:23	0:06:59	3:26:43	0:05:37	2:57:54	Singapore	
b8c9b595-5bdf-470a-b811-c5ab7effdb87	1697	Haslinda Abdul Razak	F	F45-49	27	7:36:44	1:02:43	0:09:04	3:20:22	0:07:25	2:57:10	Singapore	
9540cbfa-2fe6-f011-8544-0022480c097c	1698	Samantha Cunnington	F	F30-34	55	7:37:11	0:49:56	0:07:37	3:56:45	0:11:43	2:31:10	Australia	
b97cd2d1-7e4f-f111-bec6-0022480994c2	1699	Andrei Truta	M	M25-29	265	7:37:45	0:58:51	0:07:59	3:36:35	0:08:25	2:45:55	Australia	
4ab43ca6-5920-f111-8341-6045bd08b1a2	1700	Joshua Hart	M	M45-49	99	7:39:20	0:56:13	0:05:18	3:39:50	0:10:23	2:47:36	Australia	
c2193a4c-5e20-f111-8341-0022480b84a3	1701	Rebecca Hart	F	F40-44	44	7:39:23	0:56:17	0:05:21	3:39:52	0:10:20	2:47:35	Australia	
52e831fa-1340-4866-ab2f-5b5d5d54ac00	1702	Eloise O'Brien	F	F30-34	56	7:39:49	0:49:45	0:05:35	3:57:10	0:05:03	2:42:16	Australia	
84818778-bd47-ed11-bba2-000d3a313a12	1703	Sanjeev Baniwal	M	M50-54	76	7:40:20	0:50:59	0:08:18	3:40:59	0:05:40	2:54:24	Australia	
8dbe0e6b-59b8-4168-ae45-6fe2ecd2f4e0	1704	Patrick Reed	M	M25-29	266	7:40:55	0:41:14	0:06:29	3:50:01	0:06:40	2:56:31	Australia	
3ae10a15-0f25-4eaa-9c94-1055f74b52c0	1705	Siobhan Dollard	F	F30-34	57	7:42:34	0:56:37	0:03:00	3:55:06	0:04:09	2:43:42	Ireland	
6264be70-df72-4eeb-a258-5a2eafdf92b3	1706	Courtney Taylor	F	F18-24	68	7:43:17	0:49:44	0:06:31	3:55:30	0:05:23	2:46:08	Australia	
ffd6ac2d-4fbb-44eb-a386-6d11e64dd4b9	1707	Mike Garden	M	M70-74	4	7:43:42	0:36:17	0:07:49	3:51:57	0:08:36	2:59:03	Zimbabwe	
91905ade-13e6-f011-8544-000d3a5cf7d8	1708	Nikita Stone	M	M25-29	267	7:43:52	0:48:25	0:07:48	3:43:45	0:15:55	2:48:00	Australia	
a402a648-26e6-f011-8544-000d3a35ffc1	1709	Ashlin Ajith	M	M18-24	218	7:44:21	0:48:30	0:05:43	3:43:37	0:05:20	3:01:11	Australia	
edfd6df2-8a91-ef11-ac21-000d3a595b58	1710	Belinda Mckay	F	F55-59	18	7:45:27	0:49:17	0:05:26	3:40:34	0:04:28	3:05:42	Australia	
6108d2a7-08d7-f011-8543-000d3a5b5fc7	1711	Richelle Magenta	F	F30-34	58	7:47:04	0:39:53	0:04:43	3:56:33	0:04:35	3:01:20	Australia	
9fb1724d-0f98-45ad-b747-8553e299385f	1712	Sophia Castro	F	F25-29	121	7:49:04	0:48:54	0:05:11	3:58:25	0:04:33	2:52:00	Australia	
44b68fc3-104a-f111-bec5-6045bd06566a	1713	Kian Hui Chong	M	M45-49	100	7:49:07	0:53:29	0:09:54	3:32:58	0:09:10	3:03:35	Singapore	
97e3553c-dddf-4367-8327-962d3a22c33a	1714	Melisa Batt	F	F50-54	23	7:50:29	0:40:53	0:04:13	3:44:11	0:07:10	3:14:01	Australia	
43e00ad5-a63c-f111-88b4-0022480995bd	1715	Sharon Koorzen	F	F45-49	28	7:50:33	0:45:27	0:07:08	3:54:47	0:04:08	2:59:04	South Africa	
c4d91577-d034-f111-88b4-002248046ec8	1716	Emily Barnes	F	F30-34	59	7:51:05	0:54:00	0:06:53	3:36:09	0:09:02	3:05:01	Australia	
8869aa97-785f-f011-bec3-000d3a5b50ba	1717	Demetria Chelepy	F	F35-39	40	7:52:07	0:52:54	0:06:45	3:58:25	0:03:07	2:50:56	Australia	
2335bbb3-70f6-f011-8406-6045bd06566a	1718	Elise Piper-Green	F	F18-24	69	7:52:50	0:48:10	0:05:16	4:04:39	0:05:52	2:48:53	Australia	
c3466a1b-3023-f111-8341-0022480994c2	1719	Nikita Filipov	M	M18-24	219	7:54:10	0:43:30	0:04:09	3:39:19	0:04:51	3:22:21	Australia	
1292c2e3-1355-47ae-b890-1526ee515c96	1720	Natalie Hilton	F	F55-59	19	7:54:26	0:54:49	0:06:51	3:38:13	0:06:24	3:08:08	Australia	
5d92a7f1-9656-f111-bec7-0022480b84a3	1721	Sarah Emery	F	F30-34	60	7:55:19	0:47:21	0:15:07	3:48:16	0:08:58	2:55:37	Australia	
b385089d-88d5-4338-9204-7ad74224c02f	1722	Carly Jones	F	F35-39	41	7:56:11	0:57:31	0:04:32	3:59:57	0:03:56	2:50:15	Australia	
74671aaf-0c46-f111-bec5-6045bd08b1a2	1723	Makaila Clarke	F	F30-34	61	7:57:25	0:50:35	0:05:02	4:03:44	0:03:35	2:54:29	Australia	
df57e0f1-593f-f111-88b3-6045bd06566a	1724	Remy Coulter	M	M18-24	220	7:58:13	0:41:04	0:05:22	4:21:25	0:04:08	2:46:14	Australia	
97b98a44-bedc-4c4a-88eb-c65f75c42d7c	1725	Samantha Booth	F	F35-39	42	7:59:17	0:51:23	0:06:52	4:02:40	0:04:45	2:53:38	Australia	
9ef033e5-4421-467b-8cbc-df2b015fc60c	1726	Ling Li Yuan	M	M25-29	268	7:59:25	0:59:49	0:05:38	3:58:55	0:04:23	2:50:40	Singapore	
ead228af-e030-f111-88b3-0022480a5755	1727	PEAR Saendi	F	F25-29	122	7:59:31	1:04:00	0:06:01	4:08:05	0:03:24	2:38:00	Australia	
7363a1c1-0635-4314-80e3-2fe26b2ef00d	1728	Vasanta Panditaratne	M	M55-59	53	8:03:38	0:56:05	0:09:48	3:50:16	0:10:31	2:56:58	Australia	
3db93a48-b19e-426b-ace6-186a5e22541d	1729	Jo Aitken	F	F40-44	45	8:04:17	0:47:03	0:04:51	4:09:34	0:04:08	2:58:41	Australia	
cdc9b79c-10c4-ef11-b8e8-000d3a5a403c	1730	Catherine Biss	F	F30-34	62	8:05:34	1:06:33	0:06:03	3:43:59	0:04:54	3:04:05	Australia	
2937ede7-6a53-f111-bec7-0022480b84a3	1731	Rachel Poustie	F	F45-49	29	8:05:48	0:51:53	0:15:49	4:11:14	0:09:13	2:37:38	Australia	
6bd2e4fe-74a9-f011-bbd3-000d3a5b7c3b	1732	Tayla Sutton	F	F35-39	43	8:08:03	0:45:25	0:09:46	4:12:03	0:08:46	2:52:03	Australia	
c9d5129d-1c65-4d74-b784-fda86f1e2e5c	1733	Laura Vincent	F	F45-49	30	8:11:14	0:57:09	0:04:29	3:59:58	0:05:16	3:04:22	Australia	
84c86649-9fd6-499a-9825-570a4f415b4a	1734	Anthony Camilleri	M	M55-59	54	8:16:22	0:48:54	0:12:48	3:38:14	0:10:54	3:25:33	Australia	
4ad74723-2f5c-4665-b756-27de5015d8c6	99999	David Doran	M	M45-49	99999							Australia	DNS
25988ee0-042d-46fd-944a-ce9597b60056	99999	Sebastiaan Van Nimwegen	M	M40-44	99999							Netherlands	DNS
836fa4bf-a433-4cd7-85d8-49a35b44c197	99999	Andrew Szumowski	M	M50-54	99999		0:33:14	0:04:25				Australia	DNF
2bd68a15-2cb3-483b-8c59-b86c2cf29144	99999	Cory Fischer	M	M40-44	99999							Australia	DNS
fb12abe6-9c12-f011-9989-000d3a5cf7d8	99999	Heath Jones	M	M25-29	99999							Australia	DNS
7a1324a7-23e9-48d8-8678-f9c1a09ff2de	99999	Helen Hayward	F	F65-69	99999							Australia	DNS
d8335e6c-49ab-4eee-8fd5-2745ab8df00b	99999	Mark Gleeson	M	M55-59	99999		0:32:14	0:03:15	2:20:27			Australia	DNF
7f9871b3-09e2-f011-8543-6045bd05fcc1	99999	Connor West	M	M25-29	99999							Australia	DNS
5ff1bf3b-f8b9-ef11-b8e8-000d3a5a403c	99999	Angus Boidin	M	M35-39	99999							Australia	DNS
11860023-8b25-4670-99ca-e69d0776a1d2	99999	Julian Booth	M	M55-59	99999							Australia	DNS
38301440-f02b-4056-bc5f-2d51cfc891f7	99999	Lewis Campbell	M	M30-34	99999							Australia	DNS
25121f17-4c1a-46d4-bd6d-01cd0cd46e41	99999	Rhett Coley	M	M25-29	99999							Australia	DNS
07f17282-0f1d-f111-8341-000d3a5c1a75	99999	James McGlashan		M25-29	99999							Australia	DNS
20dc382b-02f0-4912-8cfe-a11d422f0c98	99999	Lily Cooke	F	F18-24	99999		0:52:52					Australia	DNF
86d483af-445f-4b42-be10-e9ff00d00759	99999	Luke Hatherley	M	M40-44	99999							Norfolk Island	DNS
fddcf2d6-ec23-4282-b458-8f96c6bfce15	99999	Drew Mowbray	M	M45-49	99999							Australia	DNS
092aa310-c7e1-f011-8544-000d3a3173b5	99999	Justin Barrett	M	M30-34	99999							Australia	DNS
5297af97-4df8-f011-8406-0022480b88da	99999	Brayden Goss	M	M18-24	99999		0:42:12	0:05:38	3:31:15	0:05:19		Australia	DNF
a476d9de-cdde-4352-ba02-6ab684ddb480	99999	Cynthia GEORGE	F	F65-69	99999							Australia	DNS
7d39478c-72e6-f011-8544-6045bd05f634	99999	Tahi Merrilees	M	M30-34	99999							New Zealand	DNS
b2ed7554-ad0f-452a-8396-1a9848d9db7f	99999	Daniel Jackson	M	M30-34	99999		0:34:53	0:04:36	2:44:36	0:04:35		Australia	DNF
4d95b113-7cd5-41c2-b722-0beacee156df	99999	Jimmy Mccleery	M	M40-44	99999							Australia	DNS
b5d0c2d5-abb4-4c59-a5cb-9e785943553d	99999	Tania Ohlson	F	F55-59	99999							New Zealand	DNS
f9c62053-086e-ee11-8df0-000d3a314ae2	99999	Sigrid Mcdowall	F	F30-34	99999							Australia	DNS
9e0f51ef-c6e2-ee11-904d-6045bd0158c4	99999	George Roussos	M	M45-49	99999							Australia	DNS
a6e63903-c7a3-f011-bbd3-000d3a5b50ba	99999	Joshua Hibberd	M	M18-24	99999							Australia	DNS
51e29e72-4d48-f111-bec6-0022480995bd	99999	Owen Barrow	M	M25-29	99999							United Kingdom	DNS
4f7c3c58-df11-f011-998a-000d3a5b50ba	99999	Bridie O'Brien	F	F30-34	99999							Australia	DNS
c1377505-0bcf-f011-bbd3-000d3a35ffc1	99999	Nick Powers	M	M30-34	99999							United States	DNS
60f12ff8-3187-4662-93e8-19ef27dcfdc8	99999	Mark Jochem	M	M55-59	99999							Australia	DNS
a073a40f-091c-f111-8341-6045bd08b1a2	99999	Alex Sullivan	M	M40-44	99999							Australia	DNS
b4d5485c-95d0-f011-bbd3-0022480a7385	99999	Kalab Ford	M	M18-24	99999							Australia	DNS
05e5db44-1e08-498b-9e49-0112130dda60	99999	Edward Blandthorn	M	M35-39	99999		0:36:54	0:07:12	2:25:03			Australia	DNF
b5800a6d-a195-4537-93b5-23bfddc36a84	99999	Phoebe Page	F	F25-29	99999							Australia	DNS
bd790195-cd97-4445-af68-567020eea89c	99999	Charles Warland	M	M35-39	99999							Australia	DNS
738e40ef-ee95-4f41-861b-8cdf0c801aba	99999	Karl Leiminger	M	M35-39	99999							Australia	DNS
8a6ee923-0d5e-4131-bccb-d087cde727e2	99999	Mitchell TAYLOR	M	M30-34	99999		0:30:35	0:03:50	2:26:35			Australia	DNF
6a40eb4d-1d3c-f011-b4cc-000d3a5b7c3b	99999	Libby Howard	F	F35-39	99999							Australia	DNS
0ad07594-18f7-ef11-9341-000d3a5ae96c	99999	Sam Lyell	M	M25-29	99999							Australia	DNS
313d9f9a-1ca4-f011-bbd3-6045bd09951e	99999	Emily Berg	F	F18-24	99999							Australia	DNS
1d8564b8-e75c-ef11-bfe3-000d3a371e3b	99999	Emily HOLMES	F	F25-29	99999							Australia	DNS
c38f6866-8802-f111-8406-0022480994c2	99999	Kristian Iemma	M	M25-29	99999							Australia	DNS
fe9e0302-719d-4ea8-a856-1d879360b79a	99999	Alex Edward	M	M30-34	99999							Australia	DNS
bd13b880-06e1-f011-8544-000d3a5b7c3b	99999	Joshua Williams	M	M40-44	99999							Australia	DNS
42edc01e-c6cf-ef11-b8e8-000d3a5a403c	99999	Cyrill Knechtle	M	MPRO	99999		0:26:21	0:01:41	2:12:02			Switzerland	DNF
b5fa52be-462e-46a8-a2ce-8206a4f2d28a	99999	Zachary DRAPER	M	M18-24	99999							Australia	DNS
f53f8680-84f6-f011-8406-0022480b35b6	99999	Thomas Smith	M	M18-24	99999							Australia	DNS
49d29825-3056-49ec-8c91-701de38ea66f	99999	Simon O'Connor	M	M40-44	99999							Australia	DNS
8904c0e8-730a-4fe8-a41f-45e3723c8051	99999	Paul Britcher	M	M40-44	99999							Australia	DNS
1326d72a-f46d-45dd-b5b4-c7244d79820c	99999	Damien O'sullivan	M	M40-44	99999							Australia	DNS
b835887c-122e-42e8-b544-8adbc7f0e97e	99999	Marty Capon	M	M45-49	99999							Australia	DNS
07c223df-8ca0-4d07-828e-b2237be48175	99999	Curtis Landwehr	M	M25-29	99999							Australia	DNS
e22adbc5-b93d-4dce-933a-2cee91c91d41	99999	Daniel Russell	M	F25-29	99999							Australia	DNS
d5aca873-8de8-f011-8544-000d3a5cf7d8	99999	Jessica Peters	F	F30-34	99999							Australia	DNS
8ba0fcb5-22c9-48e5-8581-45a1d545de6e	99999	Rob Harris	M	M50-54	99999							New Zealand	DNS
a40ec700-3a2e-f111-88b3-0022480a5755	99999	kye webster	M	M18-24	99999							Australia	DNS
ff0c5b45-a050-4f02-83b9-2d49e7cb9e61	99999	Alban Beaumont	M	M40-44	99999							Azerbaijan	DNS
27ea8cc7-b608-4394-8c19-fb778235d58c	99999	Lucy Baptist	F	F18-24	99999		0:33:19	0:02:52	2:42:36			Australia	DNF
d6670193-9e43-45aa-8e6f-eeca0a125292	99999	Adam Mcredmond	M	M35-39	99999							Australia	DNS
8a0302ff-95bb-ef11-b8e8-6045bd018d16	99999	Hayden NEILSEN	M	M25-29	99999							Australia	DNS
0ebdbaee-de84-f111-ab0f-6045bd06566a	99999	John Duncan	M	M30-34	99999							Australia	DNS
df51a726-2b98-4f08-bf84-fc5886e311de	99999	Sam McGuire	M	M30-34	99999							Australia	DNS
67ecf518-985b-f011-bec2-000d3a3173b5	99999	Lewis Jameson	M	M18-24	99999							Australia	DNS
818be3af-2fb6-4184-839b-9102bcf6d9e4	99999	Rhys Galdal	M	M25-29	99999							Australia	DNS
54945d55-28cc-4f1f-9c15-71664d7165c0	99999	Mitchell Ryan	M	M35-39	99999							Australia	DNS
169df4f2-8e07-f111-8406-002248046ec8	99999	Kristy Brockman	F	F30-34	99999							Australia	DNS
fbdb6976-e5fa-f011-8406-0022480a5755	99999	Stanislav Kozlov	M	M25-29	99999							Unknown	DNS
1352f4dc-c6c0-4370-9127-7411870cc1e8	99999	Jack Mclaughlan	M	M25-29	99999							New Zealand	DNS
498c037d-43db-f011-8544-6045bd09951e	99999	Jake Popp	M	M25-29	99999							Australia	DNS
e5bf3222-9d38-f111-88b4-0022480b88da	99999	Anthony Ventura	M	M25-29	99999							United States	DNS
f5b8d0ef-35e8-45d6-989b-3785ec6ce88f	99999	Tahnee Milne	M	M25-29	99999		0:33:18	0:04:39				Australia	DNF
1e8bd958-d32e-49e8-9071-e76212286828	99999	Paul Wheat	M	M50-54	99999							Australia	DNS
e71ed2ec-20dd-ef11-8eea-000d3a5a1803	99999	Matthew Schreck	M	M30-34	99999							Australia	DNS
ec70d06e-7b5e-473e-82ca-2a36bc53dec4	99999	Andy Chisholm	M	M50-54	99999							Australia	DNS
1dea1eb5-a47e-f011-b4cc-000d3a35ffc1	99999	Jack Palmer	M	M18-24	99999							United States	DNS
8b04db9a-9c92-f011-b4cc-6045bd09951e	99999	Jonah Hill	M	M18-24	99999							Australia	DNS
dbd12df6-6767-4173-bd41-8594f1699cc7	99999	Kayla Dickie	F	F25-29	99999							Australia	DNF
25451b17-ad8d-4c3c-b43d-d0ebfb3d3d99	99999	Mikaela Rose	F	F35-39	99999							Australia	DNS
b9f041e1-b53e-47ec-8f72-bfa334300d67	99999	Mark Ellis	M	M45-49	99999							Australia	DNS
a428189a-74fa-f011-8406-0022480b35b6	99999	Mitchell Dunn	M	M18-24	99999							Australia	DNS
98769b62-9324-49d4-8077-02c9079b1db7	99999	Liam Coleman	M	M25-29	99999							Australia	DNS
183c3fb8-5be6-f011-8543-6045bd05fcc1	99999	ELLIOT GILLINGWATER	M	M30-34	99999	8:13:02	0:39:00	0:06:33	4:02:39	0:06:20	3:18:30	United Kingdom	DNF
328c6c59-2de9-f011-8544-6045bd09951e	99999	Bailey O'Brien	M	M25-29	99999							Australia	DNS
e19bde72-0623-4f2c-a36e-5b3ef69f7e28	99999	Luke Mazzocchi	M	M18-24	99999		0:25:07	0:01:40	2:07:22	0:01:19		Australia	DNF
22f430ea-390e-4f10-a3a5-60f02851e457	99999	Drew Viles	M	M35-39	99999							Australia	DNS
0a155e2f-344b-4d7f-8278-429ed7c7b0ab	99999	Tyson Mitchell	M	M35-39	99999							Australia	DNS
cfacee55-3388-48aa-8957-670b16715a04	99999	Mark Buchanan	M	M65-69	99999							Australia	DNS
1ff6486e-4c9f-f011-b41c-6045bd05fcc1	99999	Lachlan Coathupe	M	M25-29	99999		0:40:41	0:03:53				Australia	DNF
f46e9e5f-c629-f111-8341-002248046ec8	99999	harry langford	M	M30-34	99999							New Zealand	DNS
c1c8f2f8-bb05-4c6e-aaf3-bda63445aeb7	99999	James Carter	M	M35-39	99999							Australia	DNS
800c83db-dd5f-f011-bec3-6045bd05f634	99999	Olivia Piper	F	F45-49	99999		0:56:10	0:11:35				Australia	DNF
0f6933fc-1cab-445c-9e55-eb5006b7d36d	99999	Ian Fabian	M	M65-69	99999		0:49:29	0:06:41	2:56:41			Australia	DNF
9136f159-dcb9-4b73-a058-48db76005510	99999	Clare Yule	F	F40-44	99999							Australia	DNS
a0c5ae86-53d8-439a-ba18-4a44854cc8d1	99999	Scott Hamer	M	M25-29	99999							Australia	DNS
da2507c6-3447-4895-9497-ca4128a8e057	99999	Lachlan Holmes	M	M25-29	99999							Australia	DNS
14feae97-2a7e-f011-b4cc-6045bd09951e	99999	Isabel Aldridge	F	F18-24	99999							Australia	DNS
a7895ffa-a2b8-4a48-b6dd-697c4222f64f	99999	Ian Watterson	M	M55-59	99999		0:41:41	0:04:32	2:58:52	0:04:02		Australia	DNF
22ae461e-35cd-4a39-9833-cc46fbe8825c	99999	Christian Verney	M	M40-44	99999		0:44:00	0:03:45				Australia	DNF
56d92c50-119b-463b-8746-e0a14077604f	99999	John Boxall	M	M60-64	99999							Australia	DNS
48c9d777-77d5-40bb-acc4-f49de42fded7	99999	Aoife Puri	F	F18-24	99999							New Zealand	DNS
77ff5cae-1ae6-f011-8544-6045bd05f634	99999	Llara Milne	F	F25-29	99999							Australia	DNS
b4dc1e47-8a1b-4efa-a956-3ae3b341a9c5	99999	Galee Li	F	F35-39	99999							Australia	DNS
6e09bc4f-5dae-f011-bbd3-0022480a7385	99999	Kate Southern	F	F25-29	99999							United Kingdom	DNS
1272dce7-97b4-4686-8125-14818e1eb77f	99999	John Quiggin	M	M70-74	99999		1:05:14	0:06:11				Australia	DNF
d2cecd23-5715-4349-96b7-39c386b7ec05	99999	Rhyleigh Langtree	F	F18-24	99999							Australia	DNF
69fd94f8-1883-4247-a443-52068a7bcd12	99999	Ashley Kuegler	M	M35-39	99999		0:36:27	0:03:36				Australia	DNF
1f8bbbc0-7846-4183-a150-5cb0029fcb04	99999	Josiah Dixon	M	M18-24	99999		0:30:38	0:02:25	2:20:45	0:01:05		Australia	DNF
8ba1c9a4-0294-4eb6-98d1-93c8d2cb4dbc	99999	Gavin Duffy	M	M55-59	99999		0:56:13	0:03:43				Australia	DNF
b0c3cb6a-fce2-f011-8544-000d3a3173b5	99999	Brody Upson	M	M30-34	99999							Australia	DNS
8263ddf5-d4cf-4a3c-9211-640fb125b358	99999	Troy Catalovski	M	M45-49	99999							Australia	DNS
9e166695-4149-f111-bec6-002248046ec8	99999	Stuart Wilkinson	M	M50-54	99999							Australia	DNS
702ed8f4-5f58-ef11-a317-00224809fd7c	99999	Stephen Freer	M	M50-54	99999		0:29:43	0:02:15	2:26:40	0:02:41		Australia	DNF
6c33cdd1-6217-400e-b0e4-61bb9b54020d	99999	Will Plunkett	M	M25-29	99999							Australia	DNS
0a765e6c-c076-4aa5-8ee3-6b562d6aab31	99999	Stuart Zahnleiter	M	M35-39	99999		0:35:00	0:02:47				Australia	DNF
cd5190c7-e5bd-416d-8764-367dc167a2b0	99999	Tylah ROSER	F	F18-24	99999		0:46:53	0:05:33				Australia	DNF
bb5f406b-274e-f011-8779-000d3a5a2350	99999	Nathan Manczal	M	M40-44	99999		0:55:33	0:06:39				Australia	DNF
e17489eb-e978-f111-ab0f-0022480994c2	99999	David Brace	M	M30-34	99999		0:40:53	0:03:07				Australia	DNF
3fa30a27-5ed9-4a31-9f2c-eb07cd42ef0b	99999	Andrew Welch	M	M55-59	99999							Australia	DNS
e43aec17-7340-494a-8d8c-270823aac29a	99999	Calvin Amos	M	MPRO	99999							Australia	DNS
f8da58d0-d9d0-43ea-818b-3dc752c31534	99999	Louis Flavell-Birch	M	M30-34	99999		0:32:30	0:02:36				New Zealand	DNF
d0263d33-7d65-f111-a826-6045bd08b1a2	99999	Paul Hugo Johst	M	M18-24	99999							Germany	DNS
eb9811dd-61d2-f011-8544-000d3a5b7c3b	99999	Dan Young	M	M40-44	99999							Australia	DNS
b97e0610-d163-f111-a826-0022480b3ee9	99999	Alek HALL	M	M25-29	99999							Australia	DNS
32b0d999-028e-4ada-9b24-a29683aed199	99999	Vitus Geyer	M	M25-29	99999							Australia	DNS
b663c6cf-d1d0-ef11-8eea-000d3a5a1803	99999	taj watson	M	M18-24	99999							Australia	DNS
e95e43ef-75f4-446b-a62c-e6206c6b46b4	99999	Annabel Hutton	F	F25-29	99999							Australia	DNS
78891ef0-82f1-45a9-af0a-af59258c3b86	99999	Michelle Clarke	F	F60-64	99999		0:54:46	0:07:12	3:40:05	0:06:23		Australia	DNF
6beb63f4-b110-4b19-a1ab-3ab40ac1a3e9	99999	Mark Delaney	M	M50-54	99999		1:17:36	0:07:57	1:36:08			Australia	DNF
742e8bfc-31a0-f011-b41c-000d3a5cf7d8	99999	ROBERT ANNAN	M	M40-44	99999		0:45:40	0:07:19	3:49:34	0:04:46		Australia	DNF
7a54b55c-a42a-49c4-aa72-29dd10f8c6ad	99999	Kee Hong Yeo	F	F50-54	99999							Australia	DNS
542f1189-233b-4737-b471-717e6c3ac88e	99999	Tania Simpson	F	F18-24	99999							New Zealand	DNS
5d99bfb7-5f54-49eb-9bd0-f18d90bc4351	99999	Rodney Gretton	M	M40-44	99999							Australia	DNS
57fbb24a-1ab1-ef11-b8e8-6045bd018d16	99999	Penny Keats	F	F25-29	99999							Australia	DNS
710aadf9-cc17-46aa-be0f-bff23367201e	99999	Helen Miles	F	F45-49	99999							Australia	DNS
f62e9e7e-a233-f111-88b3-0022480a5755	99999	Luke Warner	M	M25-29	99999							Australia	DNS
6a11268b-2ef1-f011-8406-00224804742c	99999	Andy Gillies	M	M55-59	99999							Australia	DNF
38848669-1fa0-45bc-a0be-aed2435e287e	99999	Ralph Ypes	M	M40-44	99999							Netherlands	DNS
afa4d24b-419d-4663-a1cd-bc379414b6c8	99999	James O'Donohue	M	M30-34	99999							Australia	DNS
9b8eca30-1533-f011-8c4e-6045bd09951e	99999	Guy Crawford	M	MPRO	99999		0:47:27					New Zealand	DNF
c9681652-200a-f111-8406-0022480a5755	99999	Neel Kyanam	M	M25-29	99999							Australia	DNS
6de61340-f669-f111-a826-6045bd08b1a2	99999	Cayden O’Meara	M	M18-24	99999							Australia	DNS
cccb1cc1-6270-f011-bec3-6045bd09951e	99999	Carmine Iovino	M	M35-39	99999							Australia	DNS
1b7adb84-08c3-4cf0-8c7e-a5cf525a5037	99999	Daniil Zukov	M	M18-24	99999							Monaco	DNS
e00b352b-3f4d-f111-bec6-0022480995bd	99999	Max Beagrie	M	M45-49	99999	7:04:30	0:41:16	0:10:46	4:15:28	0:07:52	1:49:09	Papua New Guinea	DNF
b8d259df-3e81-ea11-a812-000d3a5a1cf8	99999	Matthew Smith		M18-24	99999							Australia	DNS
420ec0ea-3906-42b1-8b94-70f5b729839c	99999	Lisa Evans	F	F60-64	99999							Australia	DNS
c33e17af-16c9-f011-bbd3-000d3a5b50ba	99999	Ella Fanciulli	F	F18-24	99999		0:19:53	0:06:35				Australia	DNF
c28bac13-c73a-4a98-bec0-154d163d271c	99999	Kim ROBERTS	F	F55-59	99999							Australia	DNS
785be37e-5511-f111-8406-0022480b88da	99999	Jacob Kopae	M	M18-24	99999							Australia	DNS
15ae4d4e-0e7f-f011-b4cc-0022480a7385	99999	Ryan Buckley	M	M18-24	99999							Australia	DNS
ed78a7cd-39e0-f011-8543-000d3a3b3ff7	99999	Andrew Middleton	M	M45-49	99999							Australia	DNS
d5a62c8e-28e7-4c2f-8d3a-89d813a7bb43	99999	Mel Mccann	F	F50-54	99999		0:41:15	0:04:55				Australia	DNF
d3c28543-7723-4eae-9140-7b85bf3ae16e	99999	Jonathan Philpott	M	M35-39	99999							Hong Kong	DNS
62c0c62d-4e57-4b9f-8856-b5a8eb4c7ae9	99999	Cole Newcomb	M	M35-39	99999							United States	DNS
84a5f1ea-f87a-ea11-a812-000d3a5a1cf8	99999	Sam Averill	M	M25-29	99999							New Zealand	DNS
e905e7a6-35e6-f011-8544-000d3a5b50ba	99999	Blake Bagby	M	M35-39	99999							Australia	DNS
427ff465-4fa3-f011-bbd3-000d3a5c3d6c	99999	Henry Lincoln	M	M18-24	99999							Australia	DNS
787f04cf-b26f-f111-ab0d-0022480994c2	99999	Hannah O'Meara	F	F25-29	99999							Australia	DNS
6790e9cd-4ec8-f011-bbd2-000d3a5b5fc7	99999	paddy harley	M	M30-34	99999							Ireland	DNS
888bc497-7494-f011-b4cc-000d3a5c3d6c	99999	Blake Martin	M	M18-24	99999		0:35:33	0:03:21	2:26:09	0:01:47		New Zealand	DNF
aec73b9b-db7b-4d8b-9258-0fc08f7ec661	99999	Fiona Lawrence	F	F50-54	99999							Australia	DQ
8e971715-dce8-4c57-8fc2-f27b13c8ea6f	99999	Donna-Marie BRADLEY	F	F45-49	99999		0:58:08	0:05:38	4:03:38			Australia	DNF
ddcfdf5d-d151-47e1-b4eb-4dd684af20ba	99999	Kenji Mayama	M	M55-59	99999		0:46:42					Japan	DNF
2499df62-1bbe-f011-bbd3-000d3a5cf7d8	99999	Miguel Macasaet	M	M18-24	99999							Australia	DNS
7845064b-a9ed-ef11-9341-00224808baeb	99999	Karl Poole	M	M35-39	99999							New Zealand	DNS
b42c7d5d-276c-f011-bec3-000d3a5b50ba	99999	Cath Spencer	F	F50-54	99999		0:38:48					Australia	DNF
8caf45f9-423a-48d1-b1c2-d0aeb7c5b386	99999	Cameron Brewerton	M	M35-39	99999							Australia	DNS
95513666-a734-4e96-88cc-2eaaaec5798c	99999	Jorge Espinosa	M	M18-24	99999	4:14:26	0:36:15	0:04:28	2:34:40	0:02:27	0:56:36	Mexico	DNF
2c9f9b05-5d7a-447b-9cdf-4a31ea41a11c	99999	Matthew Kuhn	M	M45-49	99999							Australia	DNS
db50b19e-b819-e511-9403-005056951bf1	99999	Dave Negus	M	M70-74	99999							Australia	DNS
0c3d5c49-b487-4e49-b58d-0b8ed42bcebb	99999	Clarry Smith	M	M25-29	99999							Australia	DNS
84863270-c8af-f011-bbd3-000d3a35ffc1	99999	Luka Volarevic	M	M30-34	99999							Croatia	DNS
38559e86-2874-f011-bec3-000d3a5b50ba	99999	Jacob bovingdon	M	M25-29	99999							Australia	DNS
942b015f-36a2-f011-bbd3-000d3a5b7c3b	99999	Kain Zacher	M	M18-24	99999							Australia	DNS
4819df26-4402-482b-906d-16bd64f941c0	99999	Phil Casey	M	M60-64	99999							Australia	DNS
726fd2a0-6c7d-4539-87b4-d08e6d851355	99999	Darby Morgan	M	M25-29	99999		0:32:15	0:03:41				Australia	DNF
976b476f-0ca5-f011-bbd3-000d3a3173b5	99999	Beatrice Schaper	F	F18-24	99999							Germany	DNS
d7804747-6ca0-f011-b41c-000d3a35ffc1	99999	Laura Liekefett	F	F30-34	99999							Australia	DNS
d635d4b7-e0a1-f011-bbd3-000d3a35ffc1	99999	Aaron Picken	M	M35-39	99999		0:35:53	0:04:26				Australia	DNF
dbdaf268-2675-4c1f-bdf7-2876cb96b8d2	99999	Ruchir Gupta	M	M50-54	99999							India	DNS
4c0dea1d-7abe-e911-a999-000d3a34ef1d	99999	Pieter Hefer	M	M40-44	99999		0:53:15	0:10:24	3:25:40			Australia	DNF
eaff158f-9e5f-4690-86ac-0930f30e8826	99999	Christine Thinee	F	F40-44	99999							Australia	DNS
45058417-fb8a-ee11-8179-000d3a314c24	99999	Alex Edworthy	M	M18-24	99999							Australia	DNS
0bfb5ce5-f991-4214-8a4b-ffd5b3a92c6e	99999	Nathan Forbes	M	M40-44	99999							Australia	DNS
0dd1b880-3e83-4dae-93ef-5b67b601a790	99999	Kate Bevilaqua	F	F45-49	99999		0:30:27	0:02:20	2:43:30	0:02:32		Australia	DNF
96fcfd4f-246b-f011-bec2-002248098cfa	99999	James FRITH	M	M50-54	99999							Australia	DNS
7f9311a8-dc53-49d4-8122-0c442e14d034	99999	Brendan Keates	M	M55-59	99999							Australia	DNS
2eba1bad-97aa-ec11-983f-000d3a31c200	99999	Joshua Lindenthaler	M	M40-44	99999							Australia	DNS
30c96e56-1502-ee11-8f6e-000d3a31406e	99999	adil achmad	M	M45-49	99999							Indonesia	DNS
7b543a16-0244-f011-877a-000d3a5b50ba	99999	Oliver Rikmanis	M	M25-29	99999		0:34:29	0:02:19	2:47:42	0:02:22		Australia	DNF
3cdff12b-dc6d-4bad-ab40-56a3e363a7cf	99999	Reece Harris	M	MPRO	99999		0:23:53	0:01:36	2:08:22	0:01:50		Australia	DNF
c49f4219-1800-4f56-ad9e-311dbecf26aa	99999	Carl Johnson	M	M40-44	99999							United Kingdom	DNS
c849974f-29c2-4cf9-82eb-41855de2b67e	99999	Blake WOOSTER	M	M30-34	99999							Australia	DNS
5b613ba5-dd9f-f011-b41c-000d3a3173b5	99999	Adrian Njoten	M	M30-34	99999							Norway	DNS
0e6ffdb1-8ddd-427d-9a45-7dda3c9d1acc	99999	Janine OGrady	F	F45-49	99999							Australia	DNF
d31bde53-af1e-f111-8341-0022480995bd	99999	Henry Thomas	M	M35-39	99999							United Kingdom	DNS
a8960ce0-bf92-44a8-a8c7-17070ca00827	99999	Gerard Galvin	M	M55-59	99999	7:16:53	0:51:42	0:05:55	3:46:33	0:04:21	2:28:22	New Zealand	DNF
0d193b13-f141-4dee-a347-b26573f93944	99999	Aaron Simpson	M	M40-44	99999							Australia	DNS
4dfd5826-58bb-40ef-b519-40d6f11f715b	99999	Peter Howden	M	F45-49	99999	5:00:32	0:39:13	0:04:13	2:59:16	0:03:10	1:14:41	Australia	DNF
72561a61-6bae-4015-942e-0bf1fa22207b	99999	Tyler Williams	M	M18-24	99999							Australia	DNS
40f03790-cba1-49c8-9340-b18f44f58df7	99999	Evan Warland	M	M30-34	99999							Australia	DNS
00847d00-c93b-f011-b4cc-000d3a5cf7d8	99999	Connor Briscoe-Dowden	M	M25-29	99999							Australia	DNS
3d3bd15a-2ab9-4669-9edc-44ff288a34ea	99999	Jordan Grady	M	M30-34	99999							Australia	DNS
4f18ace7-9a4e-4d84-b869-2b6177cd49c1	99999	Stephen Morgan	M	M35-39	99999							Australia	DNS
5aa5a3d8-3cb0-ef11-b8e9-002248049fdc	99999	Sam Petrie	M	M35-39	99999							Australia	DNS
bc572f79-6feb-438c-ad66-673a7588f6ea	99999	Dario Andrijich	M	M18-24	99999							Australia	DNS
a608bb89-73ea-4359-9cff-5434c14c7b35	99999	Ben Richardson	M	M45-49	99999							Australia	DNS
1d1b5065-cdfc-41ed-b0d6-832e89e20e78	99999	Belinda Smith	F	F55-59	99999							Australia	DNS
4a367365-c694-41dc-88d1-0443794b9d18	99999	Phillipa Mitchell	F	F30-34	99999							Australia	DNS
9fb147f0-6a13-f111-8406-0022480b84a3	99999	Colin Bowman	M	M45-49	99999							Australia	DNS
594e152f-e62e-f011-8c4d-0022480c097c	99999	Jacob Simpson	M	M25-29	99999							Australia	DNS
5406281c-4bc0-f011-bbd3-000d3a35ffc1	99999	Luca Fu	M	M55-59	99999							Australia	DNS
47709b64-44e2-f011-8543-6045bd05fcc1	99999	Damon Lundin-Bingham	M	M30-34	99999							Australia	DNS
e409cd45-83c7-40b7-9bd7-19cc82642919	99999	Matt Manning	M	M25-29	99999							New Zealand	DNS
87cc35e6-129b-45ea-957d-122a035c48c2	99999	Sarah Ingleton	F	F35-39	99999		0:44:51	0:04:45	3:10:22	0:02:58		Australia	DNF
a7688d5b-e844-489f-9814-decd1fc3e1ec	99999	Sophie Malowiecki	F	FPRO	99999		0:24:58	0:01:34	2:25:42			Australia	DNF
d5c8b837-2fa0-f011-b41c-6045bd09951e	99999	Jack Moore	M	M18-24	99999							Australia	DNS
df1517a4-9e34-4c5a-8ca3-70d11e8e3709	99999	Iana Mezhibovskaia	F	F25-29	99999							United States	DNS
96119a45-d030-4754-98af-cddac6ce280b	99999	Bradley Rae	M	M40-44	99999							Australia	DNS
fe993894-1409-f111-8406-6045bd08b1a2	99999	Taylor Rogers	F	F25-29	99999							Australia	DNS
10257057-f42a-f111-88b3-0022480b84a3	99999	Glen Jarvis	M	PC/ID	99999	7:05:04	0:37:55	0:05:05	3:27:19	0:08:01	2:46:44	Australia	
4eb5e4a7-d980-f011-b4cc-6045bd09951e	99999	Luca Norman	M	M18-24	99999							Australia	DNS
d157d264-cad7-f011-8544-000d3a5b50ba	99999	Lachlan Martyr	M	M18-24	99999		0:45:33	0:05:15				Australia	DNF
4a2819d1-6d22-f111-8341-0022480b88da	99999	Hugh Thompson	M	M18-24	99999							Australia	DNS
015d56b3-38af-410d-be41-476a33d48c84	99999	George Walker	M	M50-54	99999							Australia	DNS
f19fa98d-b78f-ef11-ac21-000d3a5a1803	99999	Kok Leong Zachary Chan	M	M50-54	99999	7:02:09	0:44:05	0:08:30	3:18:09	0:05:53	2:45:33	Malaysia	DNF
8c79f886-f9fb-f011-8406-002248046451	99999	AARON PAUL OPPEDISANO	M	M25-29	99999							Australia	DNS
e863cbfd-82cb-ef11-b8e8-6045bd018d16	99999	Jack Duncan	M	M25-29	99999							United Kingdom	DNS
15a90424-8d9f-f011-b41c-0022480a7385	99999	Trinity Russell	F	F18-24	99999	6:56:44	0:22:26	0:11:58	3:39:55	0:04:19	2:38:06	Australia	DNF
632df444-7a64-4456-a650-0ad4b63f46cd	99999	Adam Broadhurst	M	M45-49	99999		0:48:11	0:09:19				Australia	DNF
76782c53-ccc6-f011-bbd3-6045bd09951e	99999	Daniel Lowry	M	M25-29	99999							Australia	DNS
e44a2f33-1655-f111-bec7-0022480b3ee9	99999	Aidan Gardner	M	M18-24	99999		0:32:32	0:04:27	2:29:41			Australia	DNF
5086eb0d-83e7-f011-8544-000d3a35ffc1	99999	Nicholas Du Toit	M	M25-29	99999							Australia	DNS
199cde39-8f29-4e32-927c-a20679e7e8c1	99999	John Hallis	M	M60-64	99999							Australia	DNS
7a823857-e4fa-f011-8406-7ced8d3cd7d9	99999	Gleb Shmidt	M	M25-29	99999							Unknown	DNS
5764d2ee-39e3-4b1d-8b4a-d0299a32e1b5	99999	Joanne Mclaughlan	F	F55-59	99999		0:37:22	0:03:56				Australia	DNF
9d8cd0cf-fb7d-4900-8f26-8e0403a705f8	99999	Jeff Law	M	M45-49	99999							Australia	DNS
5765055e-3fec-48b0-b17a-0cd9c9900bb6	99999	Jeremy Simpson	M	M60-64	99999							New Zealand	DNS
1f749dbc-92c0-4c8d-8ce8-7de9ecbe205d	99999	Peter Watters	M	M35-39	99999							Australia	DNS
90419a4a-33fa-4335-a8c0-12af228be7f8	99999	Miranda Woelke	F	F25-29	99999							Australia	DNS
fe7fb254-7ed0-ee11-9079-6045bd07ae77	99999	Roscoe Dray	M	M30-34	99999							Australia	DNS
3379deb5-5726-f011-8c4d-0022480c097c	99999	David Novakovic	M	M30-34	99999		0:38:29	0:04:08				Australia	DNF
3376e42a-8b61-ee11-be6e-000d3a5ca14e	99999	Grace Camera	F	F25-29	99999	7:51:31	0:57:42	0:06:42	3:49:53	0:03:49	2:53:24	Australia	DNF
cfa00e16-780e-eb11-a813-00224808bb10	99999	Jesse Thompson	M	M35-39	99999							Australia	DNS
71cbd32e-d317-4799-a9de-e4ad8dff3929	99999	Travis Mcmahon	M	M45-49	99999							Australia	DNS
940162b7-9ba8-4596-88ce-6134d5a110fe	99999	Joesepheen Mccarthy-Wallace	F	M18-24	99999							Australia	DNS
4596299f-5799-ef11-8a6a-000d3a59a9a1	99999	Anthony Palmer	M	M65-69	99999							Australia	DNS
48a70a97-1923-4cea-bd91-249b4e70a657	99999	andrew hughes	M	M55-59	99999							Australia	DNS
98b0470a-a759-4079-8282-b27b1a63206e	99999	David Mckelvie	M	M65-69	99999							Australia	DNS
bb799421-d82b-411e-9e3f-3112d4da1fb2	99999	Harmony Ross	F	F35-39	99999							Australia	DNS
25d933d1-62dc-4e01-bcdc-0577b35fb017	99999	Mike Sylvester	M	M40-44	99999							Australia	DNF
900ed980-813c-482c-bf31-8a1cdb97f8a4	99999	Mathew Phillips	M	M35-39	99999							Australia	DNS
224c492d-2b11-437d-84ee-7a4a56fe623d	99999	Matthew Tallis	M	M45-49	99999							Australia	DNS
ec08838d-3e42-4f8c-9a9b-322c2ece767b	99999	Nathan Leiminger	M	M40-44	99999							Australia	DNS
2c0e324a-ea70-f111-ab0d-6045bd08b1a2	99999	Hannah Carroll	F	F18-24	99999		0:59:07	0:05:41				Australia	DNF
d9e0b2e9-b86c-40e0-90c2-dabcd2cc9297	99999	Dean Cameron	M	PC/ID	99999	5:28:11	0:46:22	0:03:55	2:30:37	0:04:11	2:03:05	Australia	
2cf5fa04-2bd5-4cb2-b25e-bfc6482da0f8	99999	Scott Risk	M	M40-44	99999							Australia	DNS
c95d9621-8086-43aa-b80a-05736be6a680	99999	Arkey Astill	M	M18-24	99999							Australia	DNS
c7e95b84-93b6-414b-8c4b-6be2256cf572	99999	Cliff Taylor	M	M25-29	99999	4:27:29	0:24:55	0:02:03	2:35:41	0:02:12	1:22:38	Australia	DNF
7c3946df-7002-f111-8406-0022480994c2	99999	Fletcher Hewitt	M	M18-24	99999							Australia	DNS
2534e8f9-7a46-f111-bec6-002248046ec8	99999	Jacob Bye	M	M18-24	99999							Australia	DNS
b84bac84-755a-403e-ab0a-eb789b50af41	99999	Teresa Kunaeva	F	F70-74	99999	8:06:12	0:55:24	0:10:20	3:47:21	0:07:52	3:05:15	Australia	
a444c777-bac4-f011-bbd3-6045bd05f634	99999	sonia sonia	F	F40-44	99999							Australia	DNF
cae1b3f8-2957-f011-877b-6045bd09951e	99999	Ash Varley	M	M30-34	99999							Australia	DNS
49470f5a-23aa-f011-bbd3-000d3a3173b5	99999	Sammie Berry	F	F25-29	99999							Australia	DNS
ab69e64b-402b-442f-b5c1-b4ac3ae3a6a3	99999	Andrew Carney	M	M45-49	99999							Australia	DNS
307884aa-4018-f111-8341-0022480b84a3	99999	Jack O’Brien	M	M18-24	99999							Australia	DNS
1cc492b6-bf99-4630-a08b-9a8321b1ad9b	99999	Aleem Murphy	M	M35-39	99999							Australia	DNS
6f5c7d6f-4366-ed11-9562-000d3a314d17	99999	Xingzong Liu	M	M40-44	99999							China	DNS
aa775d9e-bad4-483e-b57d-111f5e2d2546	99999	Simon Ellingham	M	M30-34	99999							New Zealand	DNS
862e7955-7de7-4be2-82c3-1178ea78b11e	99999	Regan HEAD	M	M25-29	99999							Australia	DNS
a6c4aeb7-521e-42da-8f61-a7e58cd5c2a7	99999	Daniel Barry	M	M35-39	99999							Australia	DNS
27db15a9-fa27-f111-8341-002248081bd6	99999	Harold Kindred	M	M30-34	99999							Australia	DNS
535702bb-eff7-f011-8406-0022480b84a3	99999	Lauren Hilton	F	F40-44	99999	7:16:24	0:50:16	0:05:40	4:22:05	0:04:38	1:53:44	Australia	DNF
c1f3b66f-2e47-ef11-a317-6045bd0953ac	99999	Brooklyn Fawkner	F	F25-29	99999							New Zealand	DNS
bc6e72b6-1ccd-f011-bbd3-6045bd05fcc1	99999	Jonah Mooney	M	M18-24	99999							Australia	DNS
6ab107ff-aed8-4aef-81ae-ea153848370c	99999	Charlotte Carver	F	F55-59	99999							Australia	DNS
56905245-bfc8-ef11-b8e9-000d3a5a1803	99999	Campbell Rose	M	M18-24	99999							Australia	DNS
c2a29144-990f-f111-8406-0022480994c2	99999	Lily richardson	F	F18-24	99999							Australia	DNS
4ec7c9bd-03a4-f011-bbd3-000d3a3173b5	99999	Pyper Marshall	F	F18-24	99999							Australia	DNS
e3b2094f-8036-441c-8a80-568fe99e23f6	99999	Natassja PURONTAKANEN	F	F30-34	99999							Australia	DNS
4f9568e0-efe1-40fc-8d81-4c28ee1c44b4	99999	Timothy Wilson	M	M35-39	99999							South Africa	DNS
8a2b38c6-4449-f111-bec6-0022480b84a3	99999	Liam Alexander	M	M25-29	99999							Australia	DNS
30b4bde5-28f7-40e2-b32e-982ad1917b2e	99999	Sean Bourke Kennedy	M	M25-29	99999							Ireland	DNS
bb7b14a8-2fa6-42e9-99a1-98f949539e6a	99999	Louis Pretorius	M	M40-44	99999							Australia	DNS
70f66de7-750c-f011-9988-0022480a7385	99999	MATTHEW HESELTINE	M	M35-39	99999							Australia	DNS
f2d262d2-da27-f011-8c4e-6045bd05fcc1	99999	Riley Job	M	M18-24	99999							Australia	DNS
e763d94d-d5b6-f011-bbd3-002248098cfa	99999	Sam Flynn	M	M35-39	99999							United Kingdom	DNS
c036d4f3-2135-4173-a6d4-bbebc2873390	99999	Michael Case	M	M40-44	99999							Australia	DNS
62ca1480-af83-42bb-a1c9-26c1574b951f	99999	Josh Mcdonald	M	M35-39	99999							Australia	DNS
a222d2e5-14e4-4c05-a894-0a032cda5d6f	99999	Anthony Goss	M	M40-44	99999		0:27:02	0:03:25				Australia	DNF
de7288d4-b4c5-f011-bbd3-6045bd05fcc1	99999	Toby Pope	M	M45-49	99999		1:04:58	0:05:05	3:34:26	0:05:01		Australia	DNF
710372d0-b3fc-f011-8406-002248081bd6	99999	Catherine Lund	F	F18-24	99999							New Zealand	DNS
208353e5-522c-4964-b19b-c3cd50ec6718	99999	Sharon Johnson	F	F45-49	99999							Australia	DNS
0a157b08-1bbe-f011-bbd3-6045bd05fcc1	99999	Harrison Faulkner	M	M18-24	99999							Australia	DNS
06b1c3cb-f954-f111-bec7-0022480995bd	99999	Koby Napper	M	M25-29	99999		0:43:53	0:05:34				Australia	DNF
f7e9e73c-0aa6-46e5-8cc8-a2b07859d9e4	99999	Daniel Bedford	M	M40-44	99999							Australia	DNS
26c1fe1a-fc34-4ead-be19-e65da4a2bc3a	99999	Olivia Benstead	F	F25-29	99999							New Zealand	DNS
f82212cb-dd0b-f111-8406-0022480a5755	99999	Eleanor Benson	F	F18-24	99999							United Kingdom	DNS
ffdcba87-0e0b-41be-85d7-68a9a7ba3db6	99999	Brad Smith	M	M35-39	99999							Australia	DNS
13c49a27-ee48-4e50-9367-33bfa124f8a9	99999	Angus Anderson	M	M35-39	99999		0:28:45	0:03:34				Australia	DNF
78d10273-12cb-f011-bbd3-000d3a5cf7d8	99999	Nava Bergman	F	F18-24	99999							Australia	DNS
15c398fb-c885-4f68-9273-fd996add379a	99999	David Daffey	M	M50-54	99999							Australia	DNS
ba37ffe4-28bb-4575-92bf-0846da491c52	99999	Niki Tsigros	F	F40-44	99999		0:57:07	0:08:08				Australia	DNF
1b66d4a9-27e5-46c2-a8a1-50b10b1a1e21	99999	Erin Mackay	F	F25-29	99999	8:07:39	0:37:58	0:05:52	4:40:53	0:05:42	2:37:14	Australia	DNF
599a20bb-2ce9-45be-b663-8d67c4471d4c	99999	Pak Hong Chan	M	M40-44	99999							Hong Kong	DNS
a6529e7c-5191-4ba4-846c-3febae2d481a	99999	Jacqui Read	F	F50-54	99999							Australia	DNS
326ae9e3-88c3-ef11-b8e8-000d3a5a403c	99999	Sam Baxter-Holland	M	M25-29	99999							Australia	DNS
4da60725-2588-4c1b-9749-25a5408bde7c	99999	Aude Reubrecht	F	F35-39	99999							France	DNS
4dfd5826-58bb-40ef-b519-40d6f11f715b	99999	Peter Howden	M	M65-69	99999		0:33:12	0:03:47				Australia	DNF
62285185-6205-f011-bae1-000d3a5b7c3b	99999	Annalise Williams	F	F35-39	99999							New Zealand	DNS
eda323c3-f294-4502-93cc-c8b8a69223eb	99999	David Ko	M	M45-49	99999							Australia	DNS
b99c4e89-f7a5-406d-9ed3-ac093a082554	99999	Marcus Vinícius Carvalho	M	M35-39	99999							Australia	DNS
2221dbd9-1d2b-4705-89da-8ebe035b7d26	99999	Jax Patel	M	M18-24	99999							Australia	DNS
e2b26db8-36ba-f011-bbd2-000d3a5b7c3b	99999	Jake Phillips	M	M35-39	99999							Australia	DNS
74a42597-ca9b-44a9-987f-e06103bf7ef6	99999	Michele Sterling	F	F65-69	99999							Australia	DNS
c9aaf4ae-f9a8-4967-bd79-87c2a186dce3	99999	Steve Kingdon	M	M60-64	99999							Australia	DNS
6764cf37-ccf9-4885-8bc3-2020fcc4dc4d	99999	Dan WALKER	M	M30-34	99999							Australia	DNS
4c73e28a-f3f6-f011-8406-6045bd06566a	99999	Shubham Ranjan	M	M25-29	99999	7:41:55	0:57:39	0:09:22	3:50:47	0:08:22	2:35:44	Australia	DNF
d2a4c708-eda4-46de-8e2a-602f510f9c39	99999	Joanne Smith	F	F55-59	99999							Australia	DNS
8840d4e9-6ad5-4fb4-b032-216fb025fb1c	99999	Claudia EICHENAUER	F	F30-34	99999							France	DNS
bb873d86-ca0c-4d3d-b26c-b16830c55d1e	99999	Adam Fairclough	M	M40-44	99999							Australia	DQ
2704ed25-3dd6-4992-be33-11c7e177f182	99999	Gigi Gi Wai Wong	F	F45-49	99999							Hong Kong	DNS
73278982-297e-f011-b4cc-000d3a35ffc1	99999	Matthew Arnott	M	M50-54	99999							Australia	DNS
852324e7-03e8-ef11-8eea-6045bd018d16	99999	Stephen Widjaja	M	M25-29	99999							Australia	DNS
b455e571-3440-4e28-ac6b-b9fba308a40c	99999	Pawel Nadstoga	M	M40-44	99999							Australia	DNS
0e7f94e2-886b-49ec-ac20-fee645971fbb	99999	Lara Neich	F	F35-39	99999							Australia	DNS
fc768984-f32b-4289-9cf0-95d809fb3b3d	99999	Damian Mcintosh	M	M30-34	99999							Australia	DNS
4a839486-5a03-f111-8406-6045bd08b1a2	99999	jay graham	M	M35-39	99999							United Kingdom	DQ
82da80ea-eab2-f011-bbd3-0022480a7385	99999	Joe Garcia	M	M25-29	99999	7:20:19	0:44:35	0:06:42	3:34:27	0:05:31	2:49:04	Australia	DNF
b3f9e1cf-5786-451e-97f0-649d7798ff7a	99999	Kim Bowling	F	F55-59	99999							Australia	DNS
b67f644d-de2c-4c37-b54e-90f7213c8580	99999	Segolene Kretz	F	F45-49	99999							Switzerland	DNS
9b41bc91-93df-f011-8544-000d3a5b7c3b	99999	Simona Berenyte	F	F30-34	99999							Lithuania	DQ
f09eaa40-bb9e-f011-b41c-000d3a5cf7d8	99999	Sharni Nichols	F	F30-34	99999							Australia	DNS
61e9ea24-4018-f111-8341-0022480b84a3	99999	Cadell Rees	M	M18-24	99999							Australia	DNS
43b33942-292b-4de8-8913-aec01268d019	99999	Harrison Buckley	M	M25-29	99999							Australia	DNS
40b851d1-32cb-ef11-b8e8-6045bd088264	99999	Emilio komorizono	M	M35-39	99999							Brazil	DNS
fae26b8c-04bc-4f64-9371-544c94554883	99999	Joanne Rech	F	F50-54	99999							Australia	DNS
c8048af4-76b3-ee11-a569-0022480acaa6	99999	Dylan Mailey	M	M30-34	99999		0:36:15	0:02:55	2:34:11	0:02:26		Australia	DNF
073b9cf7-927c-4570-b9aa-8a21452dce25	99999	Michael Smith	M	M55-59	99999		0:36:10	0:04:28				United States	DNF
24fbe94f-a6cf-4a7f-958c-bcb5c61a056c	99999	Fran Moroney	F	F60-64	99999	8:17:22	0:39:36	0:06:58	4:47:53	0:05:10	2:37:45	Australia	DNF
96be2e7e-4923-f011-8c4d-000d3a5cf7d8	99999	Divan Boonzaaier	M	M18-24	99999		0:36:42	0:04:12	2:51:00			Australia	DNF
348760d3-80a6-4406-9ad4-588cc0ef13bb	99999	Mark Hewat	M	M40-44	99999							Australia	DNS
e50b2938-2ba0-f011-b41c-000d3a5b7c3b	99999	Josh Mccarthy	M	M30-34	99999							Australia	DNS
28f93b4a-47e1-404b-a300-a36bd6531039	99999	Bruce Speers	M	M55-59	99999							New Zealand	DNS
99b6a0c8-4ad6-f011-8543-6045bd05fcc1	99999	Neil Singh	M	M18-24	99999							Australia	DNS
907a7238-d091-f011-b4cc-6045bd09951e	99999	Paul Cleminson	M	M40-44	99999							Australia	DNS
41ec7f8f-3c9f-f011-b41c-000d3a35ffc1	99999	Michael Besser	M	M80-84	99999	7:02:56	0:53:07	0:11:40	3:56:15	0:06:55	1:55:00	Australia	DNF
2e9e03d5-716c-f111-ab0d-002248046ec8	99999	Bayley Pett	M	M18-24	99999							Australia	DNS
ea2e9dbe-742a-f111-88b3-6045bd08b1a2	99999	Fergus Griffin George	M	M30-34	99999							New Zealand	DNS
75220295-457f-f011-b4cc-000d3a5c3d6c	99999	Kjetil Slettnes	M	M55-59	99999							Norway	DNS
a86ac6fc-59a2-f011-bbd3-6045bd05f634	99999	Andrew Silva	M	M30-34	99999							Australia	DNS
cff94729-b47f-4bd7-81d7-6ad576f7eee9	99999	Kerry Glynn	M	M65-69	99999		0:43:22	0:08:30	3:18:04	0:07:21		New Zealand	DNF
64e6a0a3-9130-f111-88b4-0022480b84a3	99999	Nikita MacMurray	F	F30-34	99999	7:27:00	0:56:04	0:05:36	3:57:03	0:04:21	2:23:56	Australia	DNF
af3d0780-6933-f111-88b4-0022480994c2	99999	Misaki Yuasa	F	F35-39	99999	7:31:38	0:49:25	0:08:35	3:47:22	0:06:59	2:39:18	Japan	DNF
29587405-0c86-4355-8a45-674a42b1bedf	99999	Ruby Hume	F	F18-24	99999		0:31:12					Australia	DNF
8e1397d5-bf9e-f011-b41c-6045bd09951e	99999	Logan Flanagan	M	M18-24	99999							Australia	DNS
86f9905a-926b-f011-bec3-000d3a35ffc1	99999	Andrew Mathias	M	M50-54	99999							Australia	DNS
7d5e8562-94f6-4e32-9fa2-4ebfb229bd70	99999	Patrick Byrne	M	M65-69	99999							Australia	DNS
9bad6979-b99d-4d2a-b843-f9809f9ad981	99999	Jenny Hart	F	F60-64	99999							Australia	DNS
94555f0c-d527-f111-8341-0022480b84a3	99999	Matt Barker	M	M25-29	99999							Australia	DNS
f7ce1692-3e1d-4752-90af-a17c2120f17c	99999	Haji Shamsuri A Rahman	M	M55-59	99999		1:02:16	0:06:49				Singapore	DNF
8fa72198-62a3-f011-bbd3-000d3a5b50ba	99999	Wade Potter	M	M30-34	99999							Australia	DNS
7f35840e-fc1c-f111-8341-0022480995bd	99999	Patrick Mason	M	M18-24	99999							Australia	DNS
0351093d-df46-464a-9105-f40af8e59bc4	99999	Nicole Wilson	F	F50-54	99999							Australia	DNS
61015314-c130-ea11-a812-000d3a5913bd	99999	Tee Kay	M	M30-34	99999							Australia	DNS
0b3d8b26-2e44-44d7-8c45-7132810124cb	99999	Craig Hall	M	M55-59	99999							Australia	DNS
9df1fd9a-ace0-f011-8544-000d3a5b50ba	99999	Luke Williams	M	M35-39	99999							Australia	DNS
4f0332da-7921-480a-b02a-52aadd6211f2	99999	Lydia Frazer	F	F25-29	99999							Australia	DNS
331739dd-0746-e711-9417-005056951bf1	99999	Rochelle Kingi	F	F55-59	99999							New Zealand	DNS
fd5ae943-d9a5-f011-bbd2-0022480b8f64	99999	Sean Hennessy	M	M30-34	99999							Ireland	DNS
8c28ccf5-04a6-ef11-8a6a-6045bd048089	99999	Emilia Lopez	F	F18-24	99999							New Zealand	DNS
ed059da9-3301-f011-bae2-6045bd05f634	99999	Guy Bursle	M	M35-39	99999							Australia	DNS
5e46eabc-dd94-4925-8880-d309dea8d094	99999	Mile Dimkovski	M	M40-44	99999							Australia	DNS
