ContactId	Overall_Rank	Name	Gender	Division	Div_Rank	Total_Time	Swim	T1	Bike	T2	Run	Country	Status
09274581-6669-4ba4-bb27-35a12ce0bd6f	1	Florian Angert	M	MPRO	1	3:38:52	0:21:54	0:02:38	1:58:02	0:01:39	1:14:39	GERMANY	
50ba4cc4-fabd-e911-a985-000d3a35f53a	2	Emmanuel Lejeune	M	MPRO	2	3:41:48	0:22:03	0:02:40	2:03:49	0:01:48	1:11:29	BE	
d5b6e5a8-4bbf-4851-800d-79a950fbdcb1	3	Ondrej Kubo	M	MPRO	3	3:42:13	0:23:59	0:02:48	1:58:48	0:01:38	1:15:00	SK	
2b46280b-0781-f111-ab0f-0022480a5755	4	Dorian Horsten	M	MPRO	4	3:43:04	0:22:02	0:02:37	1:56:36	0:01:54	1:19:54		
c9f6aa7d-a374-f111-ab0e-70a8a5afcde1	5	Vincent Größer	M	MPRO	5	3:43:56	0:23:38	0:02:44	1:59:13	0:01:38	1:16:43	Germany	
f7cbdb85-c17f-4f52-ac68-bf8a68d3b128	6	Rostyslav Pevtsov	M	MPRO	6	3:45:13	0:22:01	0:02:40	2:01:21	0:01:52	1:17:19	ES	
aad82436-c343-4ec4-92d6-8c955ad30070	7	Pavel Wohl	M	MPRO	7	3:46:02	0:23:25	0:02:46	1:59:36	0:01:48	1:18:27	Czech Republic	
95580090-76a1-444d-8bbc-44d8a2f9b181	8	Malachi Cashmore	M	MPRO	8	3:46:44	0:22:00	0:02:29	2:01:11	0:01:46	1:19:17	GB	
dc52a453-ef31-4096-8c1f-9453adc0c362	9	Mateo Reddy	M	MPRO	9	3:49:43	0:25:17	0:02:56	2:00:44	0:01:49	1:18:58	CH	
b2ea20d2-af2b-45d0-97bb-821a7df4f8c8	10	Jan Poplawski	M	MPRO	10	3:50:41	0:23:35	0:03:09	2:02:06	0:01:59	1:19:52	Poland	
78048b93-7376-4c38-875b-04acdeabde24	11	Denis Chevrot	M	MPRO	11	3:53:23	0:22:04	0:02:50	2:11:55	0:01:48	1:14:46	FR	
e250dd7b-3685-4ced-a717-db1c7b377323	12	Kurt McDonald	M	MPRO	12	3:53:25	0:21:59	0:02:34	2:01:19	0:01:40	1:25:52	AU	
6496dc3e-acb8-4316-b25c-4e40b27799ec	13	Jan Volár	M	MPRO	13	3:53:31	0:21:57	0:02:51	2:06:54	0:02:12	1:19:37	CZE	
18203034-d25a-492d-a43a-39286cdb45a3	14	Lorenzo Delco	M	MPRO	14	4:02:23	0:27:42	0:03:13	2:08:01	0:02:31	1:20:55	CH	
aa7598b2-4ace-4565-b8a2-edce20915d01	15	Leopold Karl	M	M18-24	1	4:02:59	0:27:16	0:03:11	2:10:22	0:02:12	1:19:57	aut	
943e3ace-957b-f111-ab0f-002248046ec8	16	Jan Kepinski	M	MPRO	15	4:04:02	0:25:32	0:03:02	2:06:30	0:02:21	1:26:37	Poland	
394add86-5420-44f6-a447-d398ba113f6b	17	Thomas Williams	M	MPRO	16	4:05:00	0:24:21	0:03:21	2:12:32	0:01:51	1:22:54	NZ	
849d9e57-fce3-4aac-97e5-091b993bf792	18	Xabier Tijero	M	MPRO	17	4:07:00	0:25:30	0:03:03	2:14:07	0:02:29	1:21:52	ESP	
ff26f8ae-c0cb-410e-9e9f-fe63566de791	19	Sebastian König	M	M35-39	1	4:07:07	0:30:28	0:03:49	2:11:12	0:02:26	1:19:12	deu	
0bc3f3e6-ee20-ee11-9cbe-000d3a314ae2	20	Elian Gaborit	M	M18-24	2	4:08:29	0:25:30	0:03:38	2:11:01	0:02:09	1:26:11	FR	
b4b16a5c-b8f2-456c-b2b4-c38f271cbc28	21	Adam Provaznik	M	M25-29	1	4:10:50	0:27:28	0:03:44	2:14:26	0:01:59	1:23:13	cze	
6f760449-3bf6-432e-8185-c86026970787	22	Sarah Schönfelder	F	FPRO	1	4:11:21	0:28:24	0:03:13	2:11:03	0:02:23	1:26:19	deu	
f2d33776-53c2-44eb-9a87-a4d933066f78	23	Diede Diederiks	F	FPRO	2	4:11:57	0:27:05	0:03:10	2:14:38	0:01:59	1:25:03	Netherlands	
0c4fac79-9ebc-f011-bbd3-000d3a3173b5	24	Adrian Roweck	M	M25-29	2	4:12:14	0:23:50	0:03:55	2:09:39	0:02:21	1:32:30	Germany	
a414b374-26e2-42ea-b994-3845be17344d	25	Kristo Prangel	M	M25-29	3	4:13:26	0:27:35	0:03:24	2:12:49	0:03:00	1:26:39	EST	
cf3e1d17-b445-ed11-bba1-000d3a314329	26	Sandra Huon	F	FPRO	3	4:13:44	0:27:11	0:03:09	2:16:01	0:01:47	1:25:36	FR	
1b32d320-21ea-4db6-bd46-0062499626b7	27	Filip Gabriel	M	M18-24	3	4:15:13	0:27:39	0:04:23	2:15:17	0:03:02	1:24:52	Czech Republic	
7203d0d1-f329-420b-b05f-5f6ad1fa088f	28	Adam Darebník	M	M30-34	1	4:17:03	0:30:41	0:03:53	2:06:27	0:03:59	1:32:03	cze	
c328c9f0-8d71-4048-8f8e-123ef635f65d	29	Francesca Smith	F	FPRO	4	4:17:07	0:25:47	0:03:08	2:18:33	0:01:54	1:27:45	GB	
e3a19a6f-bb48-ef11-a317-000d3a383830	30	Petra Kurikova	F	FPRO	5	4:17:08	0:23:08	0:03:02	2:22:23	0:02:11	1:26:24	CHE	
f4dc3c3e-2c7b-ef11-a670-6045bd048089	31	Jan Kužel	M	M18-24	4	4:17:31	0:29:24	0:04:25	2:12:18	0:02:05	1:29:20	CZ	
87df3725-abc1-f011-bbd3-000d3a3173b5	32	Konstantinos Chatzigeorgiou	M	M25-29	4	4:17:41	0:21:40	0:04:15	2:10:22	0:02:46	1:38:37	Greece	
2f244540-518e-4b9d-829a-f80925124af1	33	Jiri Kaplan	M	M45-49	1	4:18:16	0:28:19	0:04:16	2:09:22	0:03:09	1:33:11	cze	
f46b9283-35f1-4c7d-bb48-3b03682f1a55	34	Robin Opletal	M	M25-29	5	4:18:54	0:27:38	0:04:05	2:12:55	0:02:31	1:31:46	Czech Republic	
84ece568-3f5c-f011-bec1-000d3a327e19	35	Robert Schönberger	M	MPRO	18	4:18:55	0:25:07	0:03:05	2:19:53	0:02:25	1:28:25		
5bdb1367-2491-ed11-aad1-000d3a31406e	36	Stepan Moravec	M	M18-24	5	4:19:29	0:25:40	0:03:29	2:16:20	0:02:39	1:31:21	Czech Republic	
14cdc56f-e34b-4496-ac06-b67143bfa28f	37	Ondrej Pleskot	M	M40-44	1	4:19:45	0:30:05	0:04:15	2:14:16	0:04:24	1:26:45	CZ	
b30eb236-3796-4cdc-80d7-eb74e208ef04	38	Christopher Hentschel	M	M30-34	2	4:20:07	0:30:37	0:03:45	2:19:43	0:02:22	1:23:40	DE	
e011910b-864d-4c09-9913-595b05344608	39	Krystof Kudrhalt	M	M30-34	3	4:20:59	0:29:14	0:05:03	2:17:27	0:02:45	1:26:31	cze	
91a5b34e-1391-4613-a691-f28350610191	40	Josef Pešl	M	M40-44	2	4:22:44	0:27:20	0:04:05	2:19:17	0:02:07	1:29:55	Czech Republic	
7c00bf63-ea89-4908-88b7-3ebff82974d1	41	Henrike Güber	F	FPRO	6	4:22:53	0:27:43	0:03:04	2:15:32	0:02:04	1:34:31	Germany	
bbc0bba2-c42d-484e-b028-9c089e6831ba	42	Jan Kundrát	M	M35-39	2	4:23:10	0:33:40	0:04:06	2:19:52	0:02:43	1:22:49	Czech Republic	
d12048b8-cd33-eb11-a813-000d3a3809d1	43	Marcin Chojnacki	M	M50-54	1	4:23:40	0:29:47	0:04:02	2:15:36	0:02:44	1:31:32	pol	
e1ff652c-dc6e-4405-8d97-83e3a720655e	44	Jan Moravecek	M	M25-29	6	4:24:28	0:27:19	0:04:29	2:23:57	0:02:47	1:25:56	Czech Republic	
3747b6c2-5f3c-40b7-ac98-ad96d617b3a9	45	Martin Leirer	M	M50-54	2	4:26:03	0:28:50	0:03:49	2:16:02	0:02:07	1:35:15	aut	
db41ceee-00b6-f011-bbd3-6045bd09951e	46	Tomáš Blažej	M	M30-34	4	4:26:18	0:28:46	0:05:01	2:19:56	0:03:03	1:29:33	cze	
91f5d524-98ce-4feb-b61b-f882d261fb02	47	Marek Kindl	M	M18-24	6	4:27:40	0:25:49	0:03:00	2:23:52	0:03:49	1:31:11	Czech Republic	
90d54348-5d67-4e9b-aa25-69fc2d3bd9b5	48	Keith Murray	M	M50-54	3	4:28:16	0:28:42	0:03:49	2:14:07	0:04:35	1:37:03	gbr	
74faba53-e2d4-4944-bc0d-73b83044748a	49	Tiina Pohjalainen	F	FPRO	7	4:28:49	0:27:38	0:03:10	2:25:18	0:02:02	1:30:40	FI	
846a8555-1696-45df-8bf6-452d02005484	50	Petr Suchánek Ml.	M	M25-29	7	4:29:21	0:28:42	0:04:03	2:23:09	0:03:08	1:30:20	CZE	
72a1e936-e289-4a57-adf3-55669dae0dcf	51	Steven Paul	M	M35-39	3	4:31:14	0:32:11	0:05:14	2:19:46	0:02:59	1:31:04	gbr	
e64d79ef-87b2-f011-bbd3-000d3a5cf7d8	52	Jan Franěk	M	M25-29	8	4:31:23	0:27:30	0:04:07	2:17:52	0:02:35	1:39:19	Czech Republic	
7d64c2c6-045e-4246-9395-bc0a88226339	53	Tomáš Klapuch	M	M25-29	9	4:31:32	0:29:11	0:04:22	2:25:36	0:02:57	1:29:26	Czech Republic	
e3afb251-ba2e-4ce8-a83d-63621cfee50b	54	Barbora Besperat	F	FPRO	8	4:31:34	0:29:59	0:03:33	2:18:20	0:02:06	1:37:36	CZE	
56bf4627-dc7a-4127-aa39-0d6f04910783	55	Jiri Janecek	M	M25-29	10	4:31:36	0:31:53	0:06:00	2:27:45	0:03:55	1:22:03	cze	
661f14d9-f14b-417a-af42-e2682142ff8e	56	Aoibh Clarke	F	FPRO	9	4:31:47	0:26:01	0:03:17	2:23:51	0:02:50	1:35:48	GB	
3d579c02-6b9b-ef11-8a6a-6045bd02949c	57	Vojtech Dedek	M	M35-39	4	4:33:19	0:25:23	0:03:10	2:23:07	0:02:51	1:38:48	CZ	
c893eaf3-b2d0-4eba-98e9-d6031e39470a	58	Petr Vabrousek	M	M50-54	4	4:33:46	0:27:59	0:04:18	2:14:33	0:02:56	1:44:00	cze	
731de7b0-8ae8-4214-bc03-5294c2eeaa99	59	Ludek Holub	M	M35-39	5	4:34:09	0:30:08	0:03:59	2:20:53	0:02:25	1:36:45	cze	
421fe7c3-e444-4600-8621-0cd96700774c	60	Andy Haigh	M	M40-44	3	4:34:36	0:33:25	0:05:23	2:21:09	0:02:28	1:32:11	gbr	
2c43f949-06ea-49da-b025-adec663b4a46	61	Vojtech Joza	M	M40-44	4	4:34:41	0:29:20	0:04:37	2:24:46	0:02:07	1:33:51	cze	
5e98418f-4090-4b8a-b14d-2c8a942fc39a	62	Swen Sundberg	M	M50-54	5	4:34:44	0:26:22	0:04:35	2:23:06	0:03:02	1:37:40	Germany	
9eff1f9d-33d1-4dfa-8326-6dd8975efafd	63	Paul VARELA	M	M35-39	6	4:34:53	0:36:45	0:04:49	2:19:55	0:03:19	1:30:05	cze	
2dbc3e7f-a871-4f82-9f44-a40a3447a879	64	Tomáš Fiedler	M	M40-44	5	4:35:12	0:29:54	0:04:03	2:24:47	0:03:10	1:33:18	cze	
9bdf3a68-2024-44e2-98a4-befb051f19d5	65	Jiri Pospisil	M	M45-49	2	4:35:54	0:29:31	0:04:15	2:18:39	0:03:33	1:39:56	cze	
4982cc6d-937c-f111-ab0f-7c1e528d5074	66	Denise Hiemann	F	FPRO	10	4:35:58	0:28:22	0:03:18	2:26:52	0:02:47	1:34:39	Germany	
a3928a26-afc2-4b4a-a175-3b53d7e021ac	67	Tomáš Salaj	M	M35-39	7	4:36:23	0:28:14	0:04:42	2:24:10	0:03:13	1:36:03	Czech Republic	
f334d527-b5aa-f011-bbd3-6045bd05fcc1	68	Vojtěch Holeček	M	M18-24	7	4:37:02	0:33:50	0:05:11	2:29:05	0:02:26	1:26:31	Czech Republic	
eae1d257-30fd-4a58-935f-6e5148fbd1d9	69	Matyáš Procházka	M	M18-24	8	4:37:38	0:23:22	0:04:57	2:24:59	0:02:55	1:41:25	cze	
c1fbe273-ab4c-4c25-8014-ea86c436ff90	70	Andreas Hecht	M	M30-34	5	4:37:52	0:33:26	0:05:11	2:28:56	0:02:11	1:28:08	deu	
daf0d885-bbd2-f011-8543-6045bd05fcc1	71	Patryk Kafel	M	M35-39	8	4:37:57	0:35:29	0:04:01	2:23:05	0:03:30	1:31:53	Poland	
4853170a-c7c2-f011-bbd3-6045bd09951e	72	Lukas Range	M	M25-29	11	4:38:24	0:32:35	0:04:35	2:28:56	0:02:53	1:29:25	Germany	
108ffb09-fe23-44c8-9b0c-5f954c4cc474	73	Radek Sušír	M	M45-49	3	4:38:27	0:29:56	0:04:03	2:20:50	0:02:51	1:40:48	cze	
f8ae4130-c2aa-f011-bbd3-000d3a5b7c3b	74	Kristián Kudrhalt	M	M18-24	9	4:38:37	0:30:53	0:04:46	2:22:44	0:02:31	1:37:43	Czech Republic	
34c06d1e-a80c-45e1-bc20-e18866ab250c	75	Andreas Brand	M	M40-44	6	4:38:38	0:38:29	0:06:11	2:19:20	0:04:07	1:30:30	deu	
6a718460-7992-4811-a991-df40fa20e886	76	Kryštof Bittman	M	M18-24	10	4:38:38	0:28:53	0:04:18	2:26:20	0:02:41	1:36:26	Czech Republic	
bc4ffefa-c21c-4c55-98e0-a5c2b79f0004	77	Tomas Herman	M	M50-54	6	4:38:54	0:26:10	0:04:48	2:25:02	0:02:51	1:40:03	Czech Republic	
62b701bb-5b60-f111-a826-0022480a5755	78	Dominik Cermak	M	M35-39	9	4:38:55	0:35:06	0:04:03	2:21:59	0:03:24	1:34:23	cze	
3530197d-75eb-4b91-820c-21cc88de1da6	79	Tomás Horák	M	M45-49	4	4:39:24	0:32:25	0:04:59	2:25:27	0:02:56	1:33:38	cze	
69cd30f8-c2b5-4c18-aaf8-64365f19b683	80	Lívia Mihokova	F	F25-29	1	4:39:43	0:30:02	0:03:53	2:33:19	0:02:56	1:29:32	Slovakia	
b50e9838-b9cb-4f2c-b724-c93a6df29b88	81	Martin Rozmajzl	M	M40-44	7	4:39:48	0:33:47	0:06:24	2:22:15	0:02:55	1:34:27	Czech Republic	
6dd8ca74-dc5e-4124-85a2-b0e9828db986	82	Radek Kupka	M	M45-49	5	4:40:21	0:29:35	0:05:21	2:23:10	0:03:40	1:38:36	cze	
7ac9d925-c193-f011-b4cb-6045bd0a1bec	83	David Marihart	M	M18-24	11	4:40:23	0:27:43	0:04:20	2:24:05	0:02:51	1:41:23	Austria	
27cf3681-2c52-41ad-92cd-cb96b1f7e3f3	84	Jan Söder	M	M25-29	12	4:40:41	0:31:52	0:05:43	2:22:40	0:02:51	1:37:35	DE	
4368a8de-9552-4b44-9c41-4b97de41f37c	85	Martin Kott	M	M40-44	8	4:41:16	0:26:08	0:06:09	2:25:22	0:03:25	1:40:12	cze	
211e376f-f8bb-f011-bbd3-000d3a5cf7d8	86	Michal Smetana	M	M18-24	12	4:41:21	0:35:39	0:05:00	2:32:41	0:04:16	1:23:46	Czech Republic	
aa66adda-2066-4c73-877c-be11d32203b9	87	Kyra Meulenberg	F	FPRO	11	4:41:39	0:31:18	0:03:26	2:37:48	0:03:34	1:25:31	NL	
1901cb93-a9ed-4064-8e28-3fb643b534f6	88	Micheál Costello	M	M30-34	6	4:41:43	0:33:48	0:05:12	2:27:41	0:03:47	1:31:15	gbr	
0a33e1e0-1e96-f011-b4cc-000d3a35ffc1	89	Patrik Strejcius	M	M18-24	13	4:42:15	0:32:36	0:04:17	2:25:35	0:02:20	1:37:28		
93a660b0-f8fd-ec11-82e5-00224808c788	90	Martin Fic	M	M50-54	7	4:42:21	0:35:21	0:05:02	2:29:08	0:02:48	1:30:01	CZ	
fb9fa9db-d621-ef11-840a-000d3a59e106	91	Annika Oettinger	F	F35-39	1	4:42:35	0:31:12	0:03:51	2:37:50	0:01:55	1:27:47	deu	
de75feab-9c9a-ef11-8a6a-6045bd048089	92	Lukas Drozd	M	M45-49	6	4:42:41	0:28:21	0:05:07	2:31:14	0:02:52	1:35:08	cze	
880ea36c-8f0a-42a2-b1ae-e5ef8ea0488f	93	Adam Krenek	M	M35-39	10	4:42:42	0:30:46	0:05:08	2:25:04	0:03:09	1:38:35	Czech Republic	
f04716d7-d27c-44fa-a1c9-82a0210f81cd	94	Anette Zukker	F	F30-34	1	4:42:53	0:28:15	0:03:47	2:27:52	0:02:44	1:40:16	EE	
f139bbec-1474-4695-b19e-6d4b75f7008d	95	Reinhard Winter	M	M50-54	8	4:43:35	0:30:07	0:04:42	2:24:07	0:03:02	1:41:38	aut	
8f841b60-d71c-4d14-b469-5d198e0eec34	96	Tomas Korab	M	M40-44	9	4:43:36	0:30:37	0:04:10	2:25:46	0:03:00	1:40:02	Czech Republic	
cd4fc3ae-e2f0-4589-97a8-7c03a20476e2	97	Michal Hanzl	M	M50-54	9	4:43:38	0:30:39	0:04:08	2:23:44	0:03:07	1:41:59	Czech Republic	
30098ca2-d96f-4cf5-a398-e012b7357eb9	98	Adam Kypr	M	M30-34	7	4:43:52	0:33:23	0:04:32	2:25:12	0:02:34	1:38:12	Czech Republic	
760effa9-daa3-420d-a8fc-5621fd42d179	99	Anirudh Ravichandran	M	M30-34	8	4:43:59	0:33:16	0:04:55	2:27:36	0:03:24	1:34:47	INDIA	
b13c9984-b943-4a5b-bd8b-1165e0300c62	100	Adam Tuma	M	M25-29	13	4:44:03	0:39:08	0:05:32	2:24:21	0:02:53	1:32:09	cze	
a8d63fc5-a46e-ef11-a671-000d3a37be46	101	Michele Bortoletto	M	M35-39	11	4:44:03	0:33:47	0:04:56	2:26:22	0:02:52	1:36:07	cze	
c6eb9625-0cbb-f011-bbd3-000d3a5b50ba	102	Jiří Koptík	M	M18-24	14	4:44:12	0:26:20	0:04:34	2:34:42	0:03:04	1:35:31	Czech Republic	
324a3a29-c992-4d34-ae4d-a51f4536a299	103	Václav Procházka	M	M25-29	14	4:44:59	0:30:57	0:05:27	2:38:00	0:02:30	1:28:06	cze	
d0b81e30-d775-41e1-86b3-0adaeba4e012	104	Lukáš Plocek	M	M35-39	12	4:45:03	0:28:54	0:04:46	2:24:30	0:02:40	1:44:12	CZ	
d5ca6472-bf71-48d9-8dfd-1076c1c448da	105	Krzysztof Godlewski	M	M45-49	7	4:45:06	0:32:09	0:04:00	2:15:56	0:02:51	1:50:10	Poland	
2f10ffa0-bbaa-f011-bbd3-000d3a3173b5	106	Matěj Stejskal	M	M30-34	9	4:45:33	0:38:00	0:04:47	2:29:10	0:02:59	1:30:37	Czech Republic	
8cb00ce7-283b-4cb8-a194-3a0fdf1aae03	107	Gerald Gapmann	M	M35-39	13	4:45:48	0:33:01	0:04:45	2:27:26	0:03:40	1:36:56	aut	
ee5ccfa3-2fb7-f011-bbd3-000d3a3173b5	108	Christian Mund	M	M30-34	10	4:45:52	0:35:44	0:07:12	2:17:48	0:04:37	1:40:31	deu	
03cfd68c-39d6-44b5-b6d4-46826f027b32	109	Aleš Zlámal	M	M35-39	14	4:45:58	0:29:36	0:04:20	2:39:46	0:02:55	1:29:22	CZE	
42c623a4-5bf5-49e1-8c4e-acaf8b7ea169	110	Petr Lelek	M	M30-34	11	4:45:59	0:33:23	0:05:28	2:22:41	0:02:39	1:41:49	cze	
e164451c-7d42-f111-88b3-70a8a59b464b	111	Michaela Treglerová	F	F25-29	2	4:46:14	0:27:12	0:03:31	2:35:58	0:02:16	1:37:18	cze	
a953ba69-ec7b-ef11-a670-6045bd05c809	112	Tobias Winkler	M	M25-29	15	4:46:27	0:32:11	0:05:20	2:28:39	0:02:43	1:37:33	deu	
171de18e-ee66-f011-bec3-000d3a5b50ba	113	Jakub Stejskal	M	M40-44	10	4:46:39	0:39:18	0:04:37	2:28:32	0:03:06	1:31:07	CZ	
79ea012d-0cbb-f011-bbd3-000d3a3173b5	114	Jiří Koptík	M	M40-44	11	4:47:43	0:31:54	0:04:19	2:36:51	0:03:16	1:31:22	Czech Republic	
e80c2761-92dd-ef11-8ee9-000d3a592251	115	Maciej Zabski	M	M30-34	12	4:47:46	0:33:07	0:04:56	2:30:27	0:03:19	1:35:58	PL	
f52e9023-8669-4964-b1a2-8c2953246745	116	Philip Pasch	M	M35-39	15	4:47:48	0:30:04	0:04:12	2:36:54	0:02:47	1:33:51	deu	
5a1e1d09-a35b-4ac0-af32-33b8219f8530	117	Dusan Cizek	M	M55-59	1	4:47:49	0:30:51	0:04:21	2:28:48	0:03:54	1:39:55	cze	
f471ab6d-e164-4093-8d7d-54c1ca9be26a	118	Zora Kohoutkova	F	F35-39	2	4:48:03	0:29:57	0:05:23	2:28:43	0:03:12	1:40:47	nld	
c7d421af-09b4-f011-bbd3-000d3a5cf7d8	119	Jan Šváb	M	M35-39	16	4:48:11	0:32:21	0:04:17	2:20:59	0:04:35	1:45:58	Czech Republic	
5f87954c-14e6-419c-b9eb-8fd4d189b037	120	Adam Erdélyi	M	M30-34	13	4:48:18	0:34:39	0:05:30	2:26:36	0:04:18	1:37:15	Unknown	
71385b4b-e44c-4110-a72a-7259b8b994a5	121	Rudolf Cogan	M	M55-59	2	4:48:53	0:30:23	0:03:57	2:27:54	0:02:28	1:44:12	CZE	
c74852c4-1369-4052-b0f7-e68c4c33041d	122	Lukas Drbohlav	M	M45-49	8	4:49:09	0:30:05	0:04:45	2:31:48	0:03:11	1:39:19	cze	
1455b94c-276c-f011-bec3-000d3a3173b5	123	Filip Hatlak	M	M30-34	14	4:49:09	0:34:00	0:04:48	2:31:25	0:03:01	1:35:56	CZ	
4e3c0bbd-efa4-4a9e-bf8d-5ab76176cc10	124	Radek Vychopen	M	M30-34	15	4:49:18	0:34:09	0:04:42	2:31:50	0:03:28	1:35:08	Czech Republic	
e94c4e7b-2e84-4872-abc5-79e04bacdf33	125	Sergei Baranovski	M	M40-44	12	4:49:22	0:33:47	0:04:36	2:28:43	0:02:26	1:39:50	EE	
0e4e5467-78ae-f011-bbd3-0022480a7385	126	Bohumil Sladký	M	M25-29	16	4:49:29	0:31:27	0:04:25	2:30:31	0:05:24	1:37:42	Czech Republic	
715fc45f-7e71-f111-ab0d-0022480b88da	127	Jiří Herman	M	M25-29	17	4:49:44	0:35:10	0:05:24	2:34:38	0:02:27	1:32:04	Czech Republic	
34bbd8e7-4128-4b1b-8610-aa84e2673682	128	Peter Pirožek	M	M35-39	17	4:49:53	0:33:14	0:05:52	2:28:49	0:05:00	1:36:58	svk	
71221a59-2a2d-4ba4-96d8-9a476d6f9c57	129	Wolfgang Ofenboeck	M	M50-54	10	4:49:58	0:32:32	0:04:22	2:27:55	0:02:26	1:42:43	aut	
475cb89d-36ce-43a8-a9f8-0622b4567c76	130	Neil Conlon	M	M40-44	13	4:50:19	0:39:48	0:05:26	2:26:19	0:03:13	1:35:34	gbr	
5353d1ee-964e-4b2b-9143-8e8ff9c1675b	131	Marcel Staviany	M	M35-39	18	4:50:23	0:34:50	0:04:58	2:35:07	0:02:32	1:32:57	CZE	
00960d7a-9ebb-4549-84b7-d72e40acdd98	132	Lukas Balak	M	M30-34	16	4:50:28	0:28:19	0:04:57	2:33:15	0:03:46	1:40:11	Czech Republic	
760ad6af-e644-ee11-bdf3-000d3a314329	133	Francisco Giacosa	M	M35-39	19	4:50:40	0:32:59	0:04:49	2:30:33	0:03:02	1:39:16	Poland	
c9179715-a8a2-4980-843e-8ee795fd2bfe	134	David Sladecek	M	M45-49	9	4:50:43	0:30:50	0:04:26	2:29:42	0:03:09	1:42:36	cze	
ab543e16-c0aa-f011-bbd2-000d3a3009e6	135	Jiří Moravík	M	M18-24	15	4:50:48	0:35:58	0:05:44	2:28:35	0:02:47	1:37:43	Czech Republic	
ab1056c2-b6aa-f011-bbd3-000d3a35ffc1	136	Marek Beňa	M	M50-54	11	4:50:52	0:29:49	0:05:46	2:32:30	0:02:47	1:39:59	Czech Republic	
47e924f9-e0b3-4f83-b293-f13a0defc353	137	Ondrej Kralik	M	M35-39	20	4:51:30	0:31:21	0:05:50	2:35:09	0:03:25	1:35:44	dnk	
656f92f5-f34c-4f59-aa85-6e0b2cf0f77a	138	Petr Vanek	M	M35-39	21	4:51:33	0:33:14	0:06:01	2:26:51	0:02:55	1:42:32	Czech Republic	
11cdabd0-336f-47c9-b62d-385151942a63	139	Lenka Šatavová	F	F40-44	1	4:51:55	0:32:33	0:04:51	2:36:43	0:03:30	1:34:18	Czech Republic	
15199325-38cc-f011-bbd2-000d3a5b5fc7	140	Ondřej Přeček	M	M35-39	22	4:52:14	0:35:34	0:06:44	2:27:01	0:04:51	1:38:03	cze	
6809d173-a4f5-44e2-ac64-9bc9db33006b	141	Juraj Kis	M	M35-39	23	4:52:23	0:32:34	0:04:38	2:33:45	0:03:14	1:38:12	cze	
9b81abb4-6882-49a5-8835-dac7b3937980	142	Klaus Reichel	M	M50-54	12	4:52:30	0:32:48	0:03:55	2:33:19	0:04:35	1:37:53	deu	
ad4ecf93-4654-f011-877a-000d3a5b7c3b	143	Andreas Troppmann	M	M30-34	17	4:52:30	0:30:24	0:04:31	2:28:10	0:02:14	1:47:11	deu	
0e0a1e05-b8aa-f011-bbd3-6045bd05f634	144	Dan Sedlacek	M	M25-29	18	4:52:36	0:29:19	0:03:32	2:39:32	0:02:38	1:37:35	Czech Republic	
e3a1ec4b-bd4a-4009-8531-3e2d755f8d2e	145	Łukasz Górniak	M	M45-49	10	4:52:59	0:32:33	0:06:12	2:30:27	0:02:41	1:41:06	pol	
e068f876-3fce-f011-bbd3-6045bd09951e	146	Lubomir Polewaczyk	M	M35-39	24	4:53:06	0:34:46	0:05:05	2:31:53	0:03:26	1:37:56	Germany	
4ccd0c90-b719-401f-bb09-3327322239c5	147	Markus Bockelt	M	M35-39	25	4:53:17	0:40:33	0:06:01	2:20:39	0:04:06	1:41:57		
ebb5a17b-ca91-4d73-bfbb-7d19844fbe91	148	Michal Šik	M	M45-49	11	4:53:18	0:31:44	0:06:14	2:32:16	0:03:28	1:39:37	Czech Republic	
f3f994e6-afb0-48e4-93ee-9e3d5a97906d	149	Harald Sembacher	M	M45-49	12	4:53:27	0:30:19	0:03:53	2:28:13	0:03:07	1:47:54	aut	
e7ab5bce-147f-43b8-9e97-acf6f902a0cd	150	Ondrej Boura	M	M30-34	18	4:53:30	0:42:07	0:05:33	2:26:18	0:03:12	1:36:20	Czech Republic	
607dd0ba-0c5b-4037-9742-19224e39809b	151	Petr Kramosil	M	M45-49	13	4:53:47	0:27:19	0:04:42	2:29:58	0:02:46	1:49:02	CZ	
23a00cdf-b4aa-f011-bbd3-6045bd05fcc1	152	Marek Vidim	M	M25-29	19	4:53:58	0:34:58	0:05:47	2:29:05	0:02:53	1:41:15	Czech Republic	
27b165c3-0a8b-f011-b4cc-000d3a5b50ba	153	Tomáš Bernard	M	M40-44	14	4:54:00	0:36:26	0:05:48	2:27:04	0:03:09	1:41:34	Czech Republic	
1df47610-7584-4f2c-bd3a-1260a9bcf556	154	Kamil Dusejovsky	M	M30-34	19	4:54:15	0:36:04	0:05:34	2:27:11	0:02:41	1:42:46	usa	
e3b9fcf7-bad0-4569-b7ee-9c1e8d3ca7d7	155	Jan Dannehl	M	M55-59	3	4:54:23	0:40:19	0:04:48	2:30:24	0:03:19	1:35:33	deu	
1f880af9-cf35-4438-9640-c11b9159c9f1	156	Alexander Peleska	M	M50-54	13	4:54:26	0:29:07	0:05:28	2:31:45	0:03:36	1:44:29	aut	
30f495d1-3cdd-4519-90ff-7532602db774	157	Martin Šimek	M	M35-39	26	4:54:28	0:31:07	0:04:59	2:31:44	0:02:08	1:44:30	CZ	
2a5531c1-2ec8-482e-8b80-88541e90aa1a	158	Zeman Daniel	M	M40-44	15	4:54:35	0:30:24	0:05:36	2:31:24	0:03:07	1:44:04	Czech Republic	
0728d430-7abb-f011-bbd3-000d3a35ffc1	159	Jan Kameník	M	M18-24	16	4:54:54	0:30:51	0:06:40	2:31:18	0:03:06	1:42:58	Czech Republic	
cab8ccd5-b3aa-f011-bbd3-000d3a5b7c3b	160	Vojtěch Pavlíček	M	M25-29	20	4:54:57	0:29:04	0:04:23	2:34:32	0:03:08	1:43:50	Czech Republic	
68d8bb3e-55c5-f011-bbd3-000d3a35ffc1	161	Jakub Tihon	M	M35-39	27	4:54:59	0:35:34	0:05:52	2:31:46	0:03:22	1:38:24	Czech Republic	
e7e7a80f-c2aa-f011-bbd3-000d3a3173b5	162	Sjoerd Murk	M	M30-34	20	4:55:07	0:27:25	0:05:08	2:43:36	0:03:18	1:35:40	Netherlands	
109f57b3-1f55-410e-9f22-1344fd860a44	163	Michal Chovanec	M	M55-59	4	4:55:19	0:30:12	0:05:03	2:32:33	0:05:06	1:42:25	Czech Republic	
e3b52e36-02e9-441c-8a9d-77b932bb891d	164	Martin Sobota	M	M45-49	14	4:55:22	0:31:11	0:06:40	2:34:57	0:03:45	1:38:49	Czech Republic	
0106f7fd-beaa-f011-bbd3-000d3a35ffc1	165	Jan Klásek	M	M18-24	17	4:55:27	0:24:37	0:04:58	2:40:16	0:03:23	1:42:12	Czech Republic	
2c968505-be34-42ff-bcbf-0db133120072	166	Leon Kopsch	M	M25-29	21	4:55:27	0:30:14	0:05:27	2:30:27	0:03:03	1:46:17	deu	
5fadf2f9-c96c-44b8-9fb2-8b7894b32888	167	Jan Fibikar	M	M35-39	28	4:55:43	0:35:02	0:04:51	2:28:58	0:04:57	1:41:55	Czech Republic	
63e0490c-849b-ef11-8a6a-000d3a5a1803	168	Tomáš Malec	M	M30-34	21	4:55:47	0:34:15	0:04:10	2:23:37	0:02:41	1:51:04	cze	
2ed1277e-bdaa-f011-bbd3-000d3a5b7c3b	169	Petr Hasman	M	M40-44	16	4:55:56	0:32:39	0:05:27	2:32:28	0:02:55	1:42:26	Czech Republic	
a759b015-a8f5-4b41-ac27-a588bb1b6cf6	170	Tereza Fišerová	F	F30-34	2	4:55:58	0:33:08	0:05:11	2:38:04	0:02:53	1:36:42	Czech Republic	
862f62e8-a660-4ae6-bb04-c486b5d104a6	171	Martin Šámal	M	M40-44	17	4:55:58	0:29:45	0:06:22	2:36:58	0:07:33	1:35:19	Czech Republic	
8baa43f8-1d6b-f011-bec2-000d3a5c3d6c	172	Richard Gottschalk	M	M35-39	29	4:56:03	0:36:58	0:04:59	2:29:02	0:03:18	1:41:46	DEU	
90c4cea6-b3aa-f011-bbd3-0022480a7385	173	Kvido Šimáček	M	M18-24	18	4:56:07	0:33:34	0:05:00	2:39:43	0:02:42	1:35:08	Czech Republic	
c6255b4f-2dd6-4a10-a04d-e53c48c2be79	174	Adam Elcner	M	M40-44	18	4:56:07	0:37:58	0:04:47	2:31:34	0:03:43	1:38:05	Czech Republic	
9ee4f611-3fce-f011-bbd3-000d3a3173b5	175	Marek Zrzavecký	M	M25-29	22	4:56:13	0:34:17	0:04:52	2:42:00	0:03:45	1:31:20	Czech Republic	
661457fa-d770-4c36-9e1a-e06a63ea9cde	176	Thomas Schreiner	M	M50-54	14	4:56:13	0:32:36	0:05:15	2:29:27	0:05:08	1:43:47	DE	
1f0c21cc-33b4-f011-bbd3-002248098cfa	177	Jan Tichý	M	M30-34	22	4:56:34	0:26:24	0:05:16	2:33:16	0:02:54	1:48:45	Czech Republic	
6f631ef9-20b0-48e7-b4ac-d49cf37dcf2a	178	Jedrzej Pacak	M	M30-34	23	4:56:36	0:30:59	0:03:51	2:43:38	0:03:00	1:35:08		
4f4727ed-f82d-413e-943a-1a6dab391753	179	Jirí Štefan	M	M30-34	24	4:56:49	0:31:46	0:05:22	2:28:23	0:02:43	1:48:35	Czech Republic	
27c67ece-c0aa-f011-bbd3-000d3a5b7c3b	180	Martin Opletal	M	M35-39	30	4:57:19	0:32:32	0:06:35	2:35:13	0:02:59	1:39:59	Czech Republic	
1a8ab725-3db0-f011-bbd2-002248082f34	181	Lucie Šálková	F	F18-24	1	4:57:20	0:28:31	0:04:41	2:46:06	0:02:28	1:35:35	Czech Republic	
c3032778-b6aa-f011-bbd3-000d3a5cf7d8	182	Jan Blažek	M	M18-24	19	4:57:29	0:28:20	0:03:52	2:37:35	0:03:01	1:44:40	Czech Republic	
aa68118f-1eb5-f011-bbd3-000d3a5cf7d8	183	Adam Dluhoš	M	M25-29	23	4:57:31	0:33:57	0:07:15	2:33:55	0:04:41	1:37:43	Czech Republic	
8caea18a-e3b4-f011-bbd3-0022480a7385	184	Jozef Taliga	M	M35-39	31	4:57:40	0:31:50	0:05:18	2:37:26	0:03:28	1:39:38	Slovakia	
ee9e9f63-bbaa-f011-bbd3-000d3a35ffc1	185	Vojtěch Höfner	M	M25-29	24	4:57:58	0:38:52	0:05:15	2:33:36	0:02:52	1:37:23	Czech Republic	
a2ed8028-baaa-f011-bbd3-000d3a5b7c3b	186	Petr Klicpera	M	M50-54	15	4:57:59	0:31:34	0:06:03	2:30:57	0:03:07	1:46:18	Czech Republic	
ff1a53f8-b3aa-f011-bbd3-6045bd09951e	187	Matěj Šulc	M	M18-24	20	4:58:01	0:39:23	0:05:49	2:38:07	0:02:38	1:32:04	Czech Republic	
a1de9153-7150-f111-bec5-0022480b88da	188	Martin Janeček	M	M25-29	25	4:58:04	0:34:58	0:05:22	2:35:41	0:02:48	1:39:15	Czech Republic	
29cd5e40-19f3-46ce-8fec-e2817bf23f84	189	Ondrej Pitthard	M	M30-34	25	4:58:17	0:31:40	0:04:27	2:35:56	0:02:27	1:43:47	Czech Republic	
e24ea6b9-b7aa-f011-bbd2-000d3a3009e6	190	Martin Řehák	M	M35-39	32	4:58:27	0:37:31	0:06:41	2:23:35	0:04:35	1:46:05	Czech Republic	
47b39169-1928-ef11-840a-000d3a383830	191	Sandra Ofenboeck	F	F45-49	1	4:58:32	0:34:27	0:04:38	2:36:28	0:02:26	1:40:33	aut	
7cf9bc75-2201-4eb3-9cd3-c80c20d38dda	192	Walter Arnold	M	M50-54	16	4:58:50	0:33:18	0:04:41	2:26:30	0:02:54	1:51:26	DE	
6c9ff45c-495b-445f-ad34-f2ac7ed19fce	193	Ivo Nekvinda	M	M18-24	21	4:58:53	0:36:11	0:05:39	2:32:57	0:03:47	1:40:18	cze	
751b05af-4840-40a5-805d-26eb187075c9	194	Grzegorz Michalek	M	M40-44	19	4:59:02	0:34:37	0:06:10	2:31:12	0:02:59	1:44:04	deu	
1eb48b0d-301d-4a9d-aa56-09dea7776fcb	195	Aleš Horák	M	M35-39	33	4:59:03	0:29:07	0:04:28	2:26:03	0:03:28	1:55:58		
861a117d-39d1-41e5-9eac-b9ad01605cbf	196	Günther Flois	M	M40-44	20	4:59:07	0:32:19	0:06:45	2:28:45	0:03:34	1:47:43	AT	
40e28ecb-16d1-ef11-8ee9-000d3a5a403c	197	Alexander Wenzel	M	M50-54	17	4:59:09	0:40:58	0:06:36	2:22:37	0:03:58	1:44:59	deu	
68fe79ea-bfaa-f011-bbd3-6045bd09951e	198	Matěj Koutný	M	M18-24	22	4:59:18	0:22:47	0:05:33	2:43:12	0:05:28	1:42:18	Czech Republic	
78d94667-b7aa-f011-bbd2-000d3a3009e6	199	Josef Havelka	M	M40-44	21	4:59:26	0:36:33	0:06:58	2:31:32	0:05:10	1:39:13	Czech Republic	
fd8aac9a-5afe-46fa-b94d-52e58d64501a	200	Jakub Kovac	M	M40-44	22	4:59:26	0:25:38	0:05:31	2:31:14	0:04:47	1:52:16	CZ	
9200c60c-b7ad-f011-bbd3-6045bd05fcc1	201	Jakub Šimek	M	M25-29	26	4:59:35	0:42:46	0:07:11	2:37:27	0:04:56	1:27:15	Czech Republic	
e975fbaf-afd7-f011-8544-0022480c097c	202	Petr Červinka	M	M40-44	23	4:59:36	0:27:02	0:05:21	2:41:35	0:04:23	1:41:14		
82683f4d-2ee9-4671-afd9-a4de232434ff	203	Kamil Šelep	M	M35-39	34	4:59:40	0:32:17	0:04:34	2:40:41	0:03:20	1:38:48	cze	
45979ea3-1a03-42a4-82e0-91296ced01c0	204	Lukas Langenberger	M	M40-44	24	4:59:40	0:33:41	0:05:01	2:34:49	0:03:14	1:42:56	cze	
7eaac559-2adc-4d51-aef7-6ed9436b2e52	205	Tomas Pernicka	M	M45-49	15	4:59:59	0:29:44	0:06:10	2:32:25	0:03:43	1:47:57	Czech Republic	
312e1316-beaa-f011-bbd3-000d3a5b7c3b	206	Daniel Čech	M	M25-29	27	5:00:04	0:31:16	0:05:28	2:33:26	0:03:36	1:46:18	Czech Republic	
3bc60bb8-beaa-f011-bbd3-000d3a3173b5	207	Marek Horák	M	M18-24	23	5:00:07	0:36:11	0:06:38	2:38:08	0:03:25	1:35:45	Czech Republic	
689ac45a-4666-4e03-8fcb-8d8b894de9b0	208	Jakub Štok	M	M30-34	26	5:00:08	0:34:42	0:06:02	2:28:33	0:03:53	1:46:59	Czech Republic	
f9f068c2-a38f-f011-b4cc-6045bd09951e	209	Tomáš Němeček	M	M18-24	24	5:00:08	0:28:05	0:05:05	2:32:54	0:03:32	1:50:33	cze	
a5493a36-f5b2-f011-bbd3-6045bd05f634	210	Jakub Plaucha	M	M30-34	27	5:00:09	0:38:55	0:05:32	2:34:42	0:05:04	1:35:55	Slovakia	
f22fbd92-b3aa-f011-bbd3-000d3a3173b5	211	Kristýna Posltová	F	F30-34	3	5:00:25	0:30:05	0:04:44	2:36:37	0:02:37	1:46:23	Czech Republic	
a10e209f-33f7-439f-996f-b444a20e96eb	212	Jakub Adámek	M	M40-44	25	5:00:29	0:33:44	0:05:47	2:40:57	0:03:06	1:36:56	Czech Republic	
46df4cdd-cdbb-43d0-b1b4-1284521b581a	213	Matthias Weingärtner	M	M45-49	16	5:00:29	0:31:03	0:04:58	2:33:17	0:05:16	1:45:56	aut	
943f9986-51d4-f011-8543-000d3a5b5fc7	214	Chris Proßegger	M	M25-29	28	5:00:48	0:31:31	0:05:28	2:34:39	0:03:12	1:45:58	deu	
cc316982-7898-4227-8df2-683e0a1e37c0	215	Radek Zavadil	M	M25-29	29	5:00:55	0:37:27	0:05:42	2:34:04	0:04:35	1:39:06	CZE	
204f200c-5aec-4224-8a89-676d92a3ae4b	216	Michal Netolický	M	M45-49	17	5:01:08	0:33:20	0:04:56	2:31:10	0:02:55	1:48:47	CZE	
c913edea-3f8d-4a86-9dfd-b56a147eb351	217	Barbara Kiener	F	F45-49	2	5:01:44	0:38:07	0:04:08	2:39:18	0:02:40	1:37:29	aut	
364a2a27-4ed2-f011-bbd2-000d3a5b5fc7	218	Vojtěch Diviš	M	M18-24	25	5:01:59	0:29:50	0:07:26	2:34:54	0:03:04	1:46:44	Czech Republic	
3f120797-b4aa-f011-bbd3-6045bd05f634	219	Jan Chytil	M	M25-29	30	5:02:06	0:34:35	0:07:38	2:40:15	0:03:33	1:36:05	Czech Republic	
3dbf43c6-57eb-4041-8191-f38db07f95d2	220	Martina Krajhanzlová	F	F35-39	3	5:02:11	0:33:32	0:04:49	2:40:33	0:03:17	1:40:00	Czech Republic	
81fc5226-6140-4048-b53e-22ef6af4e85f	221	Lukáš Imríšek	M	M35-39	35	5:02:28	0:32:05	0:04:17	2:35:59	0:03:54	1:46:12	Czech Republic	
60fb1155-f3b8-f011-bbd3-000d3a3173b5	222	Daniela Tylšová	F	F45-49	3	5:02:40	0:31:41	0:03:44	2:39:31	0:03:13	1:44:31	Czech Republic	
ad71a257-7422-44f1-81b1-b61a04aba5cb	223	¬ubomír Sivák	M	M18-24	26	5:02:41	0:34:35	0:05:09	2:34:08	0:03:11	1:45:39	SVK	
8d49e3e0-5b46-ee11-be6d-000d3a3148fb	224	Samuel Dušek	M	M30-34	28	5:02:43	0:31:44	0:05:29	2:36:08	0:03:11	1:46:11	Czech Republic	
b84e205b-c0aa-f011-bbd3-0022480c097c	225	Maciej Breznen	M	M18-24	27	5:02:45	0:31:30	0:05:17	2:44:49	0:03:04	1:38:05	Czech Republic	
e3e02825-1cae-f011-bbd3-000d3a5b7c3b	226	Karel Kvasnička	M	M25-29	31	5:02:56	0:35:36	0:07:37	2:34:57	0:03:02	1:41:44	Czech Republic	
ec7c1a70-5397-4c16-adf5-b2708cd482a8	227	Jan Zitko	M	M18-24	28	5:03:00	0:32:21	0:04:57	2:35:22	0:03:55	1:46:25	Czech Republic	
156169e0-c00b-4322-8774-c0a3bc91c111	228	Kryštof NOSEK	M	M25-29	32	5:03:04	0:26:16	0:04:37	2:48:44	0:02:59	1:40:28	cze	
793e40a3-ad8d-4c6c-ad32-f46dc9a6c853	229	Jindrich Václavek	M	M35-39	36	5:03:08	0:35:23	0:04:50	2:35:10	0:03:05	1:44:40	Czech Republic	
adc8d3a7-6a00-4f2e-86b5-d337f4073853	230	Jan Novotný	M	M25-29	33	5:03:19	0:37:04	0:05:59	2:27:58	0:03:26	1:48:52	Czech Republic	
729d8ecf-e1d5-f011-8544-000d3a5b7c3b	231	Vit Gracik	M	M25-29	34	5:03:30	0:34:57	0:06:00	2:36:38	0:03:02	1:42:53	Czech Republic	
558694f2-5812-40d8-9f35-de7324614e4c	232	Libor Vanicek	M	M55-59	5	5:03:47	0:35:05	0:06:17	2:34:38	0:04:26	1:43:22	cze	
f0c6d699-bcaa-f011-bbd2-000d3a3009e6	233	Robert Teske	M	M45-49	18	5:03:47	0:29:28	0:05:41	2:36:31	0:03:25	1:48:43	Germany	
454addbb-c48f-f011-b4cc-6045bd09951e	234	Michal Pandos	M	M18-24	29	5:03:51	0:27:23	0:04:59	2:41:54	0:03:51	1:45:43		
2660a91e-7a86-ef11-ac21-000d3a59a9a1	235	Stepan Velimsky	M	M30-34	29	5:04:08	0:37:48	0:06:20	2:30:12	0:03:52	1:45:56	cze	
f97b8a91-3063-f011-bec1-6045bd076d76	236	Mathieu LAEMLE	M	M45-49	19	5:04:18	0:29:33	0:05:14	2:30:53	0:05:42	1:52:56	France	
82b6ded7-064d-4da6-9cab-63f55f6d7dd1	237	Jan Heinrich	M	M35-39	37	5:04:21	0:33:03	0:05:09	2:30:46	0:03:32	1:51:52	Czech Republic	
d087e307-3464-409a-b04c-dfc2568f4b59	238	Gwenaël Marchand	M	M45-49	20	5:04:28	0:35:09	0:04:38	2:36:50	0:02:57	1:44:54	FR	
728e6961-b3aa-f011-bbd3-000d3a35ffc1	239	Jan Tříska	M	M40-44	26	5:04:53	0:41:37	0:06:32	2:30:15	0:03:01	1:43:29	Czech Republic	
3fa68630-9361-45e7-b68f-5703f0021798	240	Marek Bába	M	M25-29	35	5:04:58	0:43:27	0:05:21	2:37:07	0:03:42	1:35:21	cze	
93258a6c-900a-4640-bea7-55380ceafa8d	241	Piotr Wasilewski	M	M45-49	21	5:05:05	0:30:47	0:04:47	2:37:48	0:04:59	1:46:44	Poland	
afbf9c29-bcaa-f011-bbd2-000d3a3009e6	242	Enzo Sommer	M	M18-24	30	5:05:09	0:31:02	0:05:37	2:34:11	0:02:46	1:51:33	aut	
a0e13d1a-05ca-4aa5-b178-219e036bebc8	243	Anna Peterek	F	F35-39	4	5:05:10	0:28:30	0:05:02	2:45:33	0:04:01	1:42:04	pol	
a25bb4d7-b5f7-4217-95b1-715c0da8f1a8	244	Luisa Levold	F	F25-29	3	5:05:16	0:33:00	0:05:21	2:41:00	0:02:56	1:42:59	aut	
1d96d22a-f87a-ef11-a670-6045bd048089	245	Filip Vinš	M	M18-24	31	5:05:28	0:29:54	0:06:02	2:37:58	0:03:08	1:48:26	CZ	
0ec35695-75a6-f011-bbd3-000d3a3173b5	246	Tomáš Vrátník	M	M40-44	27	5:05:34	0:34:33	0:05:21	2:33:05	0:03:36	1:48:59		
027ceccf-75c0-451b-8f6c-3574039cbe1a	247	Michal Bureš	M	M35-39	38	5:05:35	0:36:57	0:04:31	2:28:25	0:03:00	1:52:43	Czech Republic	
1c0b00d8-ccaa-f011-bbd3-000d3a3173b5	248	Adrian Brecher	M	M18-24	32	5:06:00	0:33:00	0:05:58	2:34:20	0:04:12	1:48:30	Germany	
8c22b872-c2aa-f011-bbd3-0022480c097c	249	Jáchym Frič	M	M18-24	33	5:06:04	0:36:11	0:05:59	2:32:39	0:03:50	1:47:26	Czech Republic	
16cd2967-b4e0-44d8-b808-ca669c3f77c7	250	Florian Von Locquenghien	M	M40-44	28	5:06:10	0:27:56	0:04:13	2:34:00	0:03:16	1:56:44	DE	
67f23383-8310-f011-9988-000d3a5b50ba	251	Daniel Nuzík	M	M30-34	30	5:06:18	0:37:02	0:05:55	2:30:27	0:03:48	1:49:06	CZE	
b4243fae-f0e4-4be7-8e11-ad95aa14040c	252	Michal Vostrel	M	M35-39	39	5:06:18	0:29:24	0:04:37	2:43:50	0:02:49	1:45:39	cze	
8f617217-bcdb-44a0-8636-c623c609cc15	253	Marek Fordonski	M	M50-54	18	5:06:19	0:35:34	0:05:29	2:37:27	0:03:32	1:44:17	PL	
5351fc97-d963-4463-96b2-0baa5bb73eee	254	David Vondrak	M	M30-34	31	5:06:25	0:35:17	0:05:44	2:40:37	0:03:09	1:41:38	Czech Republic	
db04a344-31be-f011-bbd3-6045bd05fcc1	255	Sandra Kazikova	F	F50-54	1	5:06:26	0:25:25	0:04:58	2:35:29	0:04:44	1:55:50	cze	
761108f4-ba40-404e-ae7e-9a4b27a1cfd8	256	Olaf Dirker	M	M55-59	6	5:06:30	0:31:08	0:06:14	2:35:49	0:03:54	1:49:25	DE	
83c0f7f9-2577-ee11-8179-0022480acaa6	257	Lenka Táborská	F	F25-29	4	5:06:45	0:27:38	0:05:28	2:43:56	0:02:26	1:47:16	Czech Republic	
eb391518-bcaa-f011-bbd3-000d3a5cf7d8	258	Filip Rektořík	M	M25-29	36	5:06:50	0:33:04	0:06:46	2:35:06	0:03:04	1:48:51	Czech Republic	
2e0d00f5-9ba3-f011-bbd3-0022480a7385	259	Michal Hrabě	M	M30-34	32	5:07:04	0:34:11	0:05:35	2:44:11	0:02:50	1:40:17	Czech Republic	
7bc5d30c-67f1-ec11-bb3d-000d3a3764a7	260	Dávid Šimurka	M	M35-39	40	5:07:06	0:32:21	0:06:08	2:31:51	0:04:35	1:52:11	SK	
8e20e195-6767-4239-893c-d26619f2d8a3	261	David Kudrna	M	M45-49	22	5:07:24	0:35:10	0:05:27	2:45:00	0:03:34	1:38:12	cze	
30e8cdf1-b4aa-f011-bbd3-000d3a3173b5	262	Marek Garreis	M	M25-29	37	5:07:32	0:34:29	0:05:37	2:38:45	0:03:34	1:45:07	Czech Republic	
c28adad2-b5aa-f011-bbd3-000d3a5b7c3b	263	Kryštof Garreis	M	M25-29	38	5:07:34	0:33:37	0:05:13	2:39:32	0:04:06	1:45:06	Czech Republic	
76460c52-79ce-4cb6-9233-84abe8a0972c	264	Krystof Kubicek	M	M18-24	34	5:07:40	0:27:11	0:04:39	2:37:32	0:03:53	1:54:24	can	
2706c4fa-e015-48f0-90ba-0d4b349f78c6	265	Oliver Peters	M	M50-54	19	5:07:47	0:31:16	0:04:26	2:28:46	0:04:09	1:59:09	Germany	
40ea4f5b-0a6f-ef11-a671-6045bd0953ac	266	Jakub Curaj	M	M30-34	33	5:07:52	0:34:19	0:05:24	2:42:34	0:05:18	1:40:18	Slovakia	
04371043-d45f-4834-877b-7648f857880b	267	Aleš Palkovic	M	M30-34	34	5:07:56	0:31:30	0:05:20	2:41:11	0:03:03	1:46:52	Czech Republic	
e2107806-9020-4b74-9d42-db83b7d44a7e	268	Ralf Dragon	M	M35-39	41	5:07:58	0:33:00	0:06:22	2:29:21	0:03:05	1:56:08	deu	
3382e6dc-84af-f011-bbd3-000d3a5b50ba	269	Jan Krupa	M	M18-24	35	5:07:58	0:28:57	0:04:45	2:40:15	0:03:47	1:50:13	Czech Republic	
5d2c1373-b4aa-f011-bbd3-6045bd05f634	270	Lukáš Slábek	M	M25-29	39	5:08:01	0:31:01	0:05:00	2:38:09	0:02:32	1:51:20	Czech Republic	
249cb5b6-8aea-4ee1-ac37-e61e769a67ff	271	Almaz Khannanov	M	M35-39	42	5:08:06	0:34:51	0:05:19	2:38:40	0:03:32	1:45:44	Czech Republic	
73cfe1aa-33b4-f011-bbd3-6045bd05f634	272	Alexander Böhm	M	M25-29	40	5:08:13	0:33:28	0:05:25	2:41:50	0:03:24	1:44:05	Germany	
77f356de-247b-487b-ad82-3c0794f36395	273	Thomas Buchmueller	M	M55-59	7	5:08:24	0:36:07	0:05:26	2:26:13	0:04:17	1:56:21	deu	
71d02f92-c5dc-4378-bd0d-9a5e2af4ab79	274	Ondrej Kysela	M	M35-39	43	5:08:39	0:32:14	0:05:00	2:44:40	0:03:43	1:43:02	Czech Republic	
b70e802e-62ed-4f2c-967c-687a41bcd13d	275	Miloš Polák	M	M45-49	23	5:08:42	0:29:09	0:04:23	2:41:13	0:03:20	1:50:36	Czech Republic	
7e002137-6ff8-ef11-9341-002248049fdc	276	Simon Batt	M	M45-49	24	5:08:55	0:29:22	0:04:44	2:42:47	0:04:39	1:47:22	GB	
a8653c1f-b4aa-f011-bbd3-0022480a7385	277	David Raffay	M	M25-29	41	5:08:58	0:35:01	0:06:11	2:47:07	0:03:06	1:37:34	Czech Republic	
31643744-b5aa-f011-bbd3-000d3a5cf7d8	278	Maxim Obenrauch	M	M18-24	36	5:09:05	0:32:38	0:04:57	2:24:05	0:03:15	2:04:10	Slovakia	
e4874421-e6f3-44e2-ab3c-c1580154b250	279	Marcin Wozniak	M	M35-39	44	5:09:05	0:35:02	0:05:46	2:45:05	0:02:52	1:40:20	Poland	
bc8b3170-9387-4217-840e-a9e9ac467e3b	280	Premysl Hašlar	M	M50-54	20	5:09:10	0:28:05	0:04:18	2:40:30	0:03:52	1:52:26	Czech Republic	
5f56f58c-4bba-f011-bbd3-002248098cfa	281	Michal Bures	M	M30-34	35	5:09:23	0:30:38	0:05:21	2:36:49	0:02:54	1:53:41	cze	
b229716e-7676-410e-b31e-f0384aaa4d72	282	Juan Davila	M	M35-39	45	5:09:25	0:30:32	0:05:08	2:37:17	0:03:12	1:53:17	Germany	
b6f427e9-5703-f111-8406-00224804679a	283	Daniel Heigl	M	M40-44	29	5:09:29	0:33:00	0:05:55	2:47:31	0:03:57	1:39:06	Germany	
64376555-69d8-458a-a55b-3eca4aa8bee6	284	Martin Mitterwald	M	M50-54	21	5:09:32	0:38:37	0:06:26	2:35:04	0:03:53	1:45:32	cze	
20968c34-abc1-f011-bbd2-000d3a370b81	285	Eydokia Papanikolaou	F	F30-34	4	5:09:38	0:32:00	0:04:38	2:41:53	0:03:11	1:47:56	Greece	
9596cd2e-b5aa-f011-bbd3-000d3a3173b5	286	Martin Kryl	M	M35-39	46	5:09:39	0:31:31	0:04:58	2:42:22	0:03:19	1:47:28	Czech Republic	
d2ba3422-fc86-4cf2-a1e6-cc8109c3cb31	287	Pavel Mužík	M	M50-54	22	5:09:41	0:36:39	0:06:24	2:28:11	0:03:54	1:54:33	Czech Republic	
2244f866-932d-4217-99b2-22a35b74d45f	288	Jan Musil	M	M25-29	42	5:09:41	0:34:04	0:04:46	2:41:04	0:02:56	1:46:51	Czech Republic	
b6dcd47e-7b6c-4836-8e17-21385991e463	289	Ondrej Homolka	M	M45-49	25	5:09:44	0:37:43	0:06:52	2:31:27	0:03:04	1:50:37	cze	
d8e8bb4d-0869-ef11-bfe3-000d3a367177	290	Viktor Šlajer	M	M18-24	37	5:09:54	0:35:21	0:04:36	2:30:14	0:02:19	1:57:25	Czech Republic	
4cc48d20-6b7b-4a93-8e57-976a5513cc45	291	Štepán Borovec	M	M30-34	36	5:09:59	0:40:32	0:05:32	2:29:20	0:03:57	1:50:38	cze	
f6c7e466-eb78-f011-b4cb-002248098cfa	292	Mika Donner	M	M18-24	38	5:10:04	0:32:00	0:05:24	2:34:40	0:03:29	1:54:31	Germany	
c4519655-8245-4254-b741-d48c4576e601	293	Ondrej Kratena	M	M40-44	30	5:10:11	0:32:43	0:05:41	2:37:14	0:03:40	1:50:53	cze	
42ddaa9b-82f9-ee11-a1ff-000d3a314d17	294	Oleksandr Chmil	M	M35-39	47	5:10:14	0:32:10	0:04:43	2:34:07	0:02:25	1:56:49	CH	
1f459368-6209-4274-9d6c-c552f472ae52	295	Ondrej Dlask	M	M30-34	37	5:10:16	0:35:15	0:06:14	2:36:21	0:03:23	1:49:03	Czech Republic	
c926aec9-49a5-43ac-932e-ac8fe3a0e7c1	296	Anita Schoderbeck	F	F40-44	2	5:10:21	0:26:52	0:05:47	2:38:34	0:05:45	1:53:23	aut	
fd042b7e-1745-477e-b150-5e765ab3e203	297	Roman Špicák	M	M30-34	38	5:10:32	0:33:29	0:05:32	2:43:08	0:07:51	1:40:32	CZE	
fecc5802-be85-4db8-be81-0946e5c56b38	298	Lukas SEILER	M	M35-39	48	5:10:35	0:37:50	0:06:39	2:50:28	0:04:02	1:31:35	cze	
37adad90-c1aa-f011-bbd3-6045bd05fcc1	299	Jan Teplý	M	M18-24	39	5:10:57	0:25:26	0:05:47	2:48:02	0:04:07	1:47:34	Czech Republic	
ae13ff78-dd00-40ba-8a0f-54f7bb69aa0e	300	Petr Filip	M	M35-39	49	5:11:01	0:35:33	0:04:57	2:28:25	0:03:24	1:58:43	Czech Republic	
0ef9fdae-d18f-4369-b4a2-514a2c6ec4f5	301	Zbyšek Kotlas	M	M45-49	26	5:11:04	0:34:37	0:05:09	2:41:55	0:03:04	1:46:19	Czech Republic	
cdaefb36-3fd8-4861-9233-4ee0927f1d90	302	Petra Krcmarova	F	F30-34	5	5:11:14	0:31:41	0:04:56	2:41:44	0:02:50	1:50:03	cze	
6c2f5b29-b52c-ef11-840a-000d3a352668	303	Alexey Stepanov	M	M45-49	27	5:11:26	0:30:09	0:04:50	2:32:00	0:02:32	2:01:56	Czech Republic	
49f8c316-039f-f011-b41c-000d3a35ffc1	304	Daniel Grim	M	M40-44	31	5:11:34	0:39:13	0:06:00	2:38:16	0:03:24	1:44:40		
0a8c578b-97d1-f011-bbd3-0022480a7385	305	Stefan Windsperger	M	M50-54	23	5:11:40	0:40:06	0:06:05	2:24:30	0:05:21	1:55:38	Austria	
2fd8345b-f3c8-4869-80aa-df73a89b15ca	306	Lukáš Rybka	M	M40-44	32	5:11:58	0:37:42	0:07:47	2:33:30	0:04:03	1:48:56	cze	
117b3df7-029a-43b2-aa68-99397aeb06ad	307	Jan Neužil	M	M35-39	50	5:12:15	0:38:39	0:04:59	2:39:51	0:02:44	1:46:02	Czech Republic	
419a3e32-a4dc-477f-b71b-b0b9c420fe11	308	Lukáš Trapp	M	M35-39	51	5:12:23	0:28:40	0:04:06	2:35:02	0:02:27	2:02:08	CZ	
ca82d857-f5c1-ef11-b8e8-6045bd088264	309	Oliver Kocí	M	M18-24	40	5:12:34	0:36:34	0:06:20	2:41:28	0:03:32	1:44:40	Czech Republic	
4955cd4e-bdaa-f011-bbd3-6045bd05f634	310	Tomáš Voda	M	M35-39	52	5:12:34	0:32:04	0:05:38	2:45:52	0:04:44	1:44:17	Czech Republic	
20beb8df-c1aa-f011-bbd3-6045bd05fcc1	311	ŠTĚPÁN JEŽEK	M	M18-24	41	5:12:37	0:29:57	0:05:33	2:54:59	0:03:26	1:38:43	Czech Republic	
7f0f5b4f-b5aa-f011-bbd3-000d3a5b50ba	312	Josef Minařík	M	M18-24	42	5:12:46	0:34:18	0:05:23	2:48:09	0:02:55	1:42:01	Czech Republic	
00472255-f008-42be-ae11-fe52fc50a39c	313	Radek Sventy	M	M35-39	53	5:12:57	0:32:26	0:05:09	2:29:17	0:05:59	2:00:07	ESP	
f0b3e253-1af8-4cfa-80da-2e390001771c	314	Martin Lukáš	M	M40-44	33	5:12:57	0:39:28	0:04:29	2:35:52	0:03:47	1:49:22	cze	
84bc7074-b3aa-f011-bbd3-0022480c097c	315	Jan Balvín	M	M25-29	43	5:13:01	0:41:13	0:06:42	2:42:34	0:04:04	1:38:27	Czech Republic	
69e70f0c-bcaa-f011-bbd3-000d3a35ffc1	316	Kryštof Schovanec	M	M18-24	43	5:13:01	0:34:58	0:05:49	2:47:49	0:03:22	1:41:03	Czech Republic	
6b8370f8-667c-4b5e-adf6-1a50c366576f	317	Oliver Seidl	M	M40-44	34	5:13:03	0:31:47	0:04:37	2:27:35	0:03:03	2:06:02	aut	
06e9d067-b9aa-f011-bbd3-000d3a35ffc1	318	Josef Šreibr	M	M30-34	39	5:13:05	0:33:54	0:04:33	2:48:12	0:03:11	1:43:15	Czech Republic	
c54bb4a5-b7aa-f011-bbd3-000d3a5cf7d8	319	Lukáš Boura	M	M35-39	54	5:13:10	0:43:59	0:05:54	2:27:57	0:03:32	1:51:48	Czech Republic	
b3b1b17a-11ea-ee11-a203-6045bd064839	320	Markus Koeck	M	M50-54	24	5:13:13	0:37:14	0:06:38	2:28:06	0:04:14	1:57:01	aut	
fa78151e-6fa4-f011-bbd3-6045bd09951e	321	Attila Pozsgai	M	M25-29	44	5:13:17	0:34:23	0:06:38	2:37:41	0:04:59	1:49:36		
7cc5826d-8f58-422b-9cf2-970d9a6fc38c	322	Eduard Kupec	M	M25-29	45	5:13:18	0:38:56	0:08:58	2:41:14	0:05:02	1:39:09	Czech Republic	
123e86ce-96a1-4ba0-84d3-bd8f047799aa	323	Joerg Fink	M	M50-54	25	5:13:28	0:32:57	0:05:45	2:34:55	0:03:34	1:56:18	AT	
986f6484-b5aa-f011-bbd3-000d3a3173b5	324	Kryštof Koudela	M	M25-29	46	5:13:28	0:36:53	0:05:55	2:38:45	0:02:47	1:49:08	Czech Republic	
9504df45-b9aa-f011-bbd3-6045bd05f634	325	Jan Pavlíček	M	M25-29	47	5:13:33	0:30:27	0:05:08	2:40:50	0:03:38	1:53:30	Czech Republic	
6776826f-bbaa-f011-bbd2-000d3a3009e6	326	Urban Jašurek	M	M18-24	44	5:13:34	0:43:08	0:07:13	2:37:20	0:05:56	1:39:57	Czech Republic	
60f2861d-b9aa-f011-bbd3-0022480a7385	327	Josef Chalupný	M	M40-44	35	5:13:42	0:35:06	0:06:14	2:39:11	0:04:14	1:48:57	Czech Republic	
1d77119f-a9c5-f011-bbd3-6045bd09951e	328	Martin GUIDEL	M	M18-24	45	5:13:43	0:34:59	0:05:49	2:42:17	0:03:35	1:47:03	France	
bfa169f2-b680-4e94-800a-688d75426d46	329	Christián Kajaba	M	M25-29	48	5:13:46	0:35:26	0:07:24	2:41:55	0:04:21	1:44:40	CZE	
62cab8b0-b3aa-f011-bbd3-000d3a3173b5	330	Tadeáš Ranš	M	M18-24	46	5:14:04	0:40:14	0:04:48	2:38:27	0:03:00	1:47:34	Czech Republic	
3ce8e155-b5aa-f011-bbd3-0022480a7385	331	Kryštof Polák	M	M18-24	47	5:14:04	0:37:51	0:05:18	2:34:32	0:03:16	1:53:07	Czech Republic	
1be11399-8b72-ee11-9ae7-000d3a314ae2	332	Petr Jungmann	M	M60-64	1	5:14:05	0:39:11	0:06:03	2:42:50	0:03:11	1:42:51	CZ	
3f110864-bcaa-f011-bbd3-6045bd05fcc1	333	Lukas Policky	M	M30-34	40	5:14:07	0:32:45	0:05:19	2:39:09	0:02:38	1:54:15	Czech Republic	
4cbf0b61-3eaf-f011-bbd3-6045bd05f634	334	Martin Kakascik	M	M35-39	55	5:14:10	0:33:02	0:05:29	2:35:31	0:03:34	1:56:35	Slovakia	
705adf6b-b4aa-f011-bbd3-6045bd05fcc1	335	Aleš Bílek	M	M45-49	28	5:14:12	0:32:33	0:04:52	2:38:43	0:02:59	1:55:06	Czech Republic	
3e3cd160-b4aa-f011-bbd2-000d3a3009e6	336	Jan Sklenička	M	M18-24	48	5:14:13	0:35:32	0:05:38	2:47:55	0:02:56	1:42:13	Czech Republic	
adf950e4-4eac-ef11-b8e8-6045bd088264	337	Michal Buzynuk	M	M35-39	56	5:14:16	0:36:40	0:04:08	2:33:59	0:04:43	1:54:47	Ireland	
8ce21739-b2aa-f011-bbd3-000d3a5cf7d8	338	Eliška Eliášová	F	F30-34	6	5:14:17	0:41:41	0:06:17	2:45:58	0:05:12	1:35:09	Czech Republic	
886c9828-b3aa-f011-bbd3-0022480a7385	339	David Greyling	M	M50-54	26	5:14:18	0:35:04	0:06:19	2:41:12	0:03:22	1:48:21	cze	
f96557d1-aea1-48e3-9ab8-caeb9b5ae58a	340	Karol Jesko	M	M35-39	57	5:14:18	0:32:57	0:05:40	2:33:07	0:03:29	1:59:05	NL	
df00723e-d993-4781-9255-54ef8d5f9503	341	Eva Haselbergerová	F	F35-39	5	5:14:18	0:36:44	0:05:19	2:37:34	0:03:21	1:51:20	cze	
1b88fa72-e9e3-4899-9c6b-759d5dadeb29	342	Jan Hájek	M	M40-44	36	5:14:19	0:38:52	0:05:02	2:32:26	0:03:35	1:54:24	Czech Republic	
5e752fca-cef0-f011-8406-6045bd00b7dd	343	Eva Küfnerová	F	F40-44	3	5:14:21	0:36:59	0:05:35	2:43:09	0:03:34	1:45:05	Czech Republic	
c3864cda-bcaa-f011-bbd3-0022480c097c	344	Josef Šrámek	M	M25-29	49	5:14:24	0:38:23	0:06:19	2:35:19	0:03:21	1:51:02	Czech Republic	
fd3044cc-b3aa-f011-bbd3-000d3a5cf7d8	345	Jiří Kinkor	M	M25-29	50	5:14:31	0:37:02	0:05:19	2:46:35	0:04:15	1:41:21	Czech Republic	
0d43095d-0aa6-4e6a-9e91-f022eb3d945b	346	Daniela Keval	F	F30-34	7	5:14:37	0:35:35	0:05:42	2:38:14	0:03:19	1:51:47	DE	
3f1da464-ee1f-44e0-bbe7-70b5e04325ca	347	Miriam Holendová	F	F40-44	4	5:14:38	0:36:55	0:04:56	2:39:50	0:04:49	1:48:07	Unknown	
090a10a7-dd07-40d0-aa8d-f08ce145aa42	348	Alexander Graf-Pinaucic	M	M35-39	58	5:14:46	0:37:44	0:07:30	2:46:38	0:06:14	1:36:39	aut	
c48ae24e-6285-ef11-ac21-002248049fdc	349	Lukas Eisenwort	M	M25-29	51	5:14:46	0:33:13	0:04:48	2:50:25	0:03:04	1:43:17	cze	
1c29a444-b5aa-f011-bbd3-6045bd09951e	350	Filip Nikolov	M	M30-34	41	5:14:55	0:33:52	0:05:13	2:43:05	0:03:25	1:49:20	Czech Republic	
364dff92-e3c2-4490-ad63-ea9efc019ced	351	Martin Uridil	M	M35-39	59	5:14:56	0:36:47	0:05:29	2:38:48	0:02:51	1:51:01	CZE	
88426922-8942-ef11-8409-000d3a367177	352	Jan Homolác	M	M35-39	60	5:14:56	0:28:13	0:05:40	2:39:39	0:03:22	1:58:01	Czech Republic	
4d34fc1e-e7a1-4379-9c78-d2504c4be3a3	353	Robert Feitscher	M	M50-54	27	5:15:07	0:33:05	0:06:58	2:39:09	0:03:29	1:52:26	aut	
2b161df4-8836-4264-9afe-49b2ebcd09de	354	Tomáš Ulicník	M	M40-44	37	5:15:10	0:34:28	0:06:02	2:30:22	0:05:46	1:58:31	Czech Republic	
279ba7fa-dbb4-408e-8bc4-4b5fd48e4a4a	355	Filip Vabroušek	M	M25-29	52	5:15:19	0:28:45	0:10:08	3:06:47	0:06:43	1:22:55		
78eaa415-c1aa-f011-bbd3-000d3a3173b5	356	Martin Kulhavý	M	M35-39	61	5:15:25	0:35:57	0:07:51	2:33:44	0:03:56	1:53:56	Czech Republic	
f4380747-2aa4-f011-bbd3-000d3a5c3d6c	357	Vaclav Kůřil	M	M18-24	49	5:15:33	0:38:23	0:08:29	2:37:35	0:05:27	1:45:38	Czech Republic	
930d269a-b9c0-f011-bbd3-6045bd09951e	358	Filip Nehonský	M	M18-24	50	5:15:41	0:36:42	0:08:09	2:41:15	0:05:01	1:44:34	Czech Republic	
3f02d68a-ed76-ee11-8179-000d3a31406e	359	Adam Langenberger	M	M40-44	38	5:15:49	0:33:36	0:05:13	2:51:27	0:03:37	1:41:56	cze	
505cb9d5-1231-460f-b4df-f0df619f7ae9	360	Jakub Rydval	M	M30-34	42	5:15:57	0:38:06	0:06:52	2:29:38	0:03:43	1:57:38	Czech Republic	
e6134a5f-7802-419c-ac9d-b5a110157235	361	Ivo Vudarcík	M	M30-34	43	5:16:02	0:32:27	0:05:45	2:36:41	0:04:30	1:56:39	Czech Republic	
7fbd4d55-b3aa-f011-bbd3-000d3a35ffc1	362	David Václavík	M	M25-29	53	5:16:04	0:36:27	0:07:13	2:47:44	0:04:35	1:40:04	Czech Republic	
eda84b84-1807-4f5a-88c7-76e8843fad9a	363	Barbara Gerber	F	F35-39	6	5:16:04	0:34:06	0:06:49	2:46:30	0:03:08	1:45:31		
b594e8d1-5db2-f011-bbd3-000d3a5b7c3b	364	Tomas Vrbicky	M	M35-39	62	5:16:23	0:35:41	0:06:46	2:39:47	0:03:42	1:50:29	Czech Republic	
13a45ca4-b673-400c-9fd3-5811d260aba4	365	Özlem Korkmaz	F	F40-44	5	5:16:26	0:35:20	0:05:47	2:41:14	0:03:12	1:50:52	TR	
15f9902a-bc80-4927-9848-506985dd4c4a	366	Martin Zezula	M	M45-49	29	5:16:26	0:31:20	0:06:12	2:45:43	0:03:26	1:49:46	CZ	
a03d64f3-08e1-45b7-b69c-925ea6c5f0b8	367	Lukas Pazdera	M	M40-44	39	5:16:42	0:32:54	0:05:31	2:47:37	0:06:41	1:44:00	cze	
b18f195d-a7be-f011-bbd3-6045bd05f634	368	Štefan Bálik	M	M40-44	40	5:16:55	0:40:22	0:07:17	2:39:54	0:05:33	1:43:50	Czech Republic	
4bbd1746-3107-475e-a59b-4531336efef1	369	Marek Šroll	M	M45-49	30	5:16:58	0:35:12	0:05:06	2:23:13	0:03:14	2:10:14	cze	
bc0bbf17-41b1-f011-bbd3-000d3a5b7c3b	370	Lukas Derek Reynolds	M	M18-24	51	5:17:07	0:39:07	0:06:50	2:39:31	0:03:30	1:48:09	Czech Republic	
6742581b-af9c-f111-b8dc-6045bd06566a	371	Martin Neprášek	M	M35-39	63	5:17:10	0:31:49	0:05:53	2:43:54	0:02:38	1:52:56	CZ	
c0d9221a-9ea3-f011-bbd3-000d3a5cf7d8	372	Matěj Malík	M	M18-24	52	5:17:14	0:31:53	0:06:55	2:30:11	0:04:00	2:04:15		
a491dfd4-b5aa-f011-bbd3-000d3a5b50ba	373	Marek Sýkora	M	M18-24	53	5:17:15	0:30:45	0:06:13	2:56:27	0:04:52	1:38:57	Czech Republic	
5f039274-b5b5-f011-bbd3-6045bd05fcc1	374	Michal Kubíček	M	M30-34	44	5:17:16	0:43:39	0:05:06	2:41:19	0:03:58	1:43:14	cze	
56edb6aa-b3aa-f011-bbd3-000d3a3173b5	375	Marie Ročková	F	F18-24	2	5:17:24	0:38:06	0:06:20	2:44:36	0:03:26	1:44:57	Czech Republic	
19e90c24-fd92-4f16-b95c-30bd1eb057b4	376	Hannes Sivich	M	M50-54	28	5:17:31	0:33:29	0:07:51	2:46:00	0:04:41	1:45:31	aut	
f797631b-6dcd-4085-994c-f0746eca704a	377	Martin Saidl	F	M30-34	45	5:17:32	0:35:21	0:05:14	2:42:11	0:03:24	1:51:23	Unknown	
e30a4a52-b6aa-f011-bbd3-000d3a5b7c3b	378	Gabriel Bueno Aoki	M	M40-44	41	5:17:34	0:37:27	0:07:08	2:41:02	0:03:13	1:48:45	Czech Republic	
fd14a0c0-4076-432f-8660-cac3277397da	379	Ales Petr	M	M45-49	31	5:17:38	0:35:58	0:05:04	2:32:55	0:03:35	2:00:07	Czech Republic	
457d4212-b3aa-f011-bbd3-000d3a5b7c3b	380	David Bahounek	M	M30-34	46	5:17:38	0:34:28	0:07:02	2:46:01	0:04:57	1:45:11	Czech Republic	
b38dd089-e9f9-49d4-82fb-0a2acfb09c5d	381	Daniel Mišina	M	M35-39	64	5:17:40	0:34:21	0:06:23	2:38:27	0:05:21	1:53:09	MAF	
0e16fb45-43ec-f011-8544-000d3a3173b5	382	Tomáš Tlučhoř	M	M25-29	54	5:17:51	0:33:30	0:06:15	2:31:38	0:03:09	2:03:19	Czech Republic	
f394a337-38cc-f011-bbd3-000d3a3173b5	383	Stefan Buchmayer	M	M25-29	55	5:17:52	0:33:58	0:05:48	2:32:20	0:03:27	2:02:20	Austria	
dd8b3ff4-bbaa-f011-bbd3-000d3a5b7c3b	384	Luboš Fechtner	M	M30-34	47	5:17:53	0:41:12	0:06:27	2:37:33	0:03:06	1:49:36	Czech Republic	
4195b6ec-174e-ec11-8f8e-000d3a375927	385	Joachim Söder	M	M60-64	2	5:17:54	0:34:37	0:07:27	2:35:37	0:04:05	1:56:08	Germany	
d369c934-0a09-4d7c-8107-1e82088cde9d	386	Tomáš Lada	M	M45-49	32	5:17:57	0:38:14	0:05:03	2:32:56	0:05:02	1:56:42	Czech Republic	
cc0bc4da-b9aa-f011-bbd3-6045bd05fcc1	387	Martin Nešpor	M	M50-54	29	5:18:03	0:30:52	0:06:05	2:41:03	0:04:19	1:55:44	Czech Republic	
50c8dd74-f65f-ef11-bfe3-00224808301f	388	Ivan Kovalík	M	M45-49	33	5:18:03	0:39:06	0:04:49	2:40:59	0:03:03	1:50:07	SK	
e055bbbd-15d4-ef11-8eea-000d3a30152c	389	Hernán Druille	M	M25-29	56	5:18:21	0:34:39	0:06:24	2:43:08	0:03:09	1:51:01	ES	
12c84729-bcaa-f011-bbd3-000d3a5b50ba	390	Jan Váňa	M	M30-34	48	5:18:29	0:28:59	0:06:01	2:44:16	0:03:38	1:55:35	Czech Republic	
81a2794a-0362-ef11-bfe3-00224809fd7c	391	Filip Rataj	M	M35-39	65	5:18:38	0:39:50	0:07:20	2:22:22	0:05:00	2:04:05	cze	
3717b00d-6788-4d72-8efa-36824fc1fa7a	392	Vladimír Pavlík	M	M30-34	49	5:18:45	0:38:36	0:06:16	2:37:25	0:03:58	1:52:31	Czech Republic	
ff31366b-c2aa-f011-bbd3-6045bd05fcc1	393	Tomas Cisarik	M	M40-44	42	5:18:49	0:35:10	0:06:52	2:46:23	0:03:22	1:47:04	Slovakia	
d0132f98-c0aa-f011-bbd3-000d3a5b50ba	394	Kateřina Hertlová	F	F40-44	6	5:18:55	0:31:52	0:05:41	2:46:43	0:03:36	1:51:03	Czech Republic	
9eaf7ce8-6d77-4cef-8e48-cc038a795da7	395	Tomáš Procházka	M	M25-29	57	5:18:59	0:36:17	0:07:43	2:36:09	0:03:41	1:55:09	Czech Republic	
b1280321-1cae-f011-bbd3-6045bd05fcc1	396	František Krejčí	M	M25-29	58	5:19:00	0:39:59	0:06:06	2:39:58	0:04:18	1:48:40	Czech Republic	
2749fa31-354e-4858-bf25-b86bfa37cc34	397	Jan Kolenec	M	M45-49	34	5:19:05	0:32:45	0:05:54	2:36:49	0:04:08	1:59:28	Czech Republic	
29048a6e-b5aa-f011-bbd3-000d3a5cf7d8	398	Helena Zigová	F	F35-39	7	5:19:09	0:43:02	0:05:29	2:50:37	0:03:05	1:36:56	Czech Republic	
8d4b6273-28cd-404b-ade1-c844836020aa	399	Vaughan Ulyate	M	M60-64	3	5:19:15	0:34:31	0:07:43	2:38:07	0:03:58	1:54:56	zaf	
6fdee25d-6fc1-f011-bbd3-000d3a5b50ba	400	Roman Šimáček	M	M35-39	66	5:19:16	0:35:04	0:05:32	2:44:08	0:05:26	1:49:07	Czech Republic	
b93c2cff-d5ae-4aa4-b10c-1453fba421e5	401	Norbert Danišik	M	M30-34	50	5:19:23	0:37:36	0:06:17	2:44:51	0:03:37	1:47:03	Slovakia	
08948742-fc8a-4776-b3d8-96ee2640db9c	402	Andre Vowinkel	M	M55-59	8	5:19:24	0:34:30	0:07:15	2:39:23	0:03:30	1:54:46	Germany	
22526bce-bfaa-f011-bbd3-6045bd05f634	403	Micha Steffens	M	M35-39	67	5:19:25	0:30:29	0:05:27	2:41:54	0:04:16	1:57:19	Germany	
7df19d7c-bbaa-f011-bbd3-0022480a7385	404	Martin Březina	M	M30-34	51	5:19:26	0:38:57	0:05:10	2:50:14	0:04:04	1:41:02	Czech Republic	
b3595d12-e5a2-f011-bbd3-000d3a35ffc1	405	Martin Licek	M	M55-59	9	5:19:34	0:36:29	0:06:21	2:36:11	0:04:52	1:55:41	CZ	
2a6c3700-8935-42ad-ace4-aaaeb26f2a07	406	Tomáš Brychta	M	M25-29	59	5:19:36	0:42:41	0:06:11	2:39:07	0:03:07	1:48:30	Czech Republic	
d54e4c9d-7c27-4833-9eb6-c7c30386475b	407	Ondrej Sticha	M	M35-39	68	5:19:48	0:33:52	0:06:48	2:46:29	0:05:02	1:47:37	CZ	
0240abd6-e5ff-417e-8ba9-1b7c2861ceb2	408	Jacob Thomas	M	M30-34	52	5:19:49	0:37:24	0:09:15	2:44:53	0:06:27	1:41:49	cze	
76b2b3d0-4de7-e811-a970-000d3a364086	409	Šimon Tejkal	M	M35-39	69	5:19:54	0:36:30	0:05:09	2:41:57	0:03:05	1:53:13		
3d1d4086-4ee8-f011-8543-6045bd01eb6c	410	Pavel Hlubuček	M	M30-34	53	5:20:05	0:34:19	0:05:55	2:39:58	0:03:46	1:56:08	Czech Republic	
bcecac85-c2aa-f011-bbd3-000d3a5b7c3b	411	Milan Lakomý	M	M18-24	54	5:20:13	0:38:39	0:05:31	2:37:28	0:03:02	1:55:33	Czech Republic	
24113d50-aad4-f011-8543-000d3a5d377b	412	Florian Porsch	M	M25-29	60	5:20:20	0:35:00	0:05:45	2:47:53	0:03:33	1:48:10	Germany	
7571422b-b3aa-f011-bbd3-000d3a35ffc1	413	Lukáš Culek	M	M25-29	61	5:20:21	0:40:15	0:05:26	2:35:31	0:03:21	1:55:49	Czech Republic	
29be7a32-31e1-4f3b-bce0-11f546ff14ed	414	František Linder	M	M30-34	54	5:20:30	0:35:45	0:06:44	2:37:46	0:03:34	1:56:41	Czech Republic	
087bed3f-a63b-4faf-a483-90ca8d9a1a6c	415	Lukáš Kacer	M	M30-34	55	5:20:35	0:44:20	0:07:05	2:40:33	0:04:59	1:43:38	Czech Republic	
64d6a9d9-b4aa-f011-bbd3-6045bd05f634	416	Jiri Hajek	M	M18-24	55	5:20:38	0:34:46	0:05:24	2:48:10	0:02:58	1:49:18	Czech Republic	
0bc2f2bd-b6aa-f011-bbd3-6045bd05fcc1	417	Miroslav Pazdera	M	M50-54	30	5:20:38	0:32:53	0:04:51	2:33:31	0:04:25	2:04:58	Czech Republic	
80e3bd53-caa4-43a7-aa50-3b00a9b97691	418	Ines Sandbote	F	F50-54	2	5:20:39	0:31:13	0:06:33	2:46:55	0:04:39	1:51:19	DE	
c77580a3-b1dc-404d-8bb3-bc87c302178a	419	Tomasz Migdal	M	M35-39	70	5:20:56	0:32:27	0:05:40	2:38:46	0:03:44	2:00:19	Poland	
80219e7e-6165-434f-8abb-58abc2fdd7cd	420	Jakub Miletin	M	M35-39	71	5:20:58	0:33:55	0:05:14	2:40:12	0:04:02	1:57:36	Czech Republic	
ea678f8d-239a-ef11-8a69-000d3a5a403c	421	Lucie Hraby	F	F45-49	4	5:20:58	0:37:48	0:05:40	2:44:53	0:03:42	1:48:56	CZ	
c622493b-a7be-f011-bbd3-000d3a35ffc1	422	Silvie Hradilová	F	F18-24	3	5:20:59	0:33:55	0:05:21	2:59:01	0:03:17	1:39:25	Czech Republic	
5bf444a5-ee90-4b12-8097-cae34dff9953	423	Joao Ladeira	M	M50-54	31	5:21:01	0:44:11	0:06:04	2:37:40	0:04:13	1:48:54	pol	
a1d17487-6caa-4740-a361-fd00169a0fa3	424	Adam Kašing	M	M35-39	72	5:21:04	0:37:00	0:08:03	2:35:16	0:05:20	1:55:25	cze	
787bc51c-3fb4-44ca-9b40-0dac97ff9322	425	Adam Kulda	M	M25-29	62	5:21:04	0:32:55	0:06:28	2:42:34	0:08:08	1:50:59	CZE	
6b7d2919-91d4-4bc0-aaba-a48a01f571c3	426	Jan Vicha	M	M45-49	35	5:21:08	0:33:37	0:04:34	2:56:00	0:03:12	1:43:46	Czech Republic	
ed42fce0-5412-44ed-b128-af264f89c115	427	Marie Kalkusova	F	F35-39	8	5:21:08	0:36:08	0:05:26	2:45:08	0:02:46	1:51:40	Czech Republic	
661daa2d-beaa-f011-bbd3-6045bd05f634	428	David Vajzr	M	M40-44	43	5:21:12	0:35:05	0:05:25	2:39:52	0:03:56	1:56:53	Czech Republic	
bf98cfcd-11d2-44d8-b7cf-0319df61061a	429	Jaroslav Urban	M	M55-59	10	5:21:15	0:31:05	0:06:08	2:53:10	0:04:03	1:46:49	CZE	
30bb3840-87a0-44ed-8db7-5cf5c439e29d	430	Zdenek Karel	M	M35-39	73	5:21:37	0:42:21	0:06:50	2:42:32	0:03:21	1:46:33	DE	
da8607c1-b2aa-f011-bbd3-002248098cfa	431	Filip Blažek	M	M25-29	63	5:21:39	0:39:50	0:07:01	2:38:50	0:04:19	1:51:39	Czech Republic	
220eb3a9-8dab-f011-bbd3-000d3a5cf7d8	432	Michal Axamit	M	M45-49	36	5:21:42	0:45:46	0:06:49	2:37:46	0:03:55	1:47:27	Czech Republic	
e1d3e92c-e4f3-4939-b721-fc29a5c20cbb	433	Radoslaw Zulewski	M	M35-39	74	5:21:50	0:40:36	0:07:25	2:41:44	0:04:34	1:47:32	PL	
e6323e67-3ae4-e911-a988-000d3a35f53a	434	Radomír Kirsch	M	M50-54	32	5:21:51	0:37:10	0:06:42	2:40:13	0:03:04	1:54:42	Czech Republic	
5e55c48b-1a20-400e-9aa6-a4d16fa398c9	435	Martin Triska	M	M35-39	75	5:21:59	0:34:24	0:05:03	2:30:35	0:04:00	2:07:57	Czech Republic	
30e29d81-1e1a-f011-9989-6045bd05f634	436	Tomas Krouzecky	M	M25-29	64	5:22:00	0:35:16	0:07:20	2:47:18	0:04:11	1:47:55	CZ	
07275744-9c9f-4420-a15e-0695fae4570c	437	Eike Mueller	M	M50-54	33	5:22:06	0:35:00	0:04:33	2:46:30	0:04:10	1:51:52	DEU	
603b24b8-fba5-f011-bbd3-000d3a3173b5	438	Michael TRUMMER	M	M30-34	56	5:22:12	0:40:49	0:07:24	2:35:51	0:04:01	1:54:06		
46c1d308-67e1-4838-9534-498f0acdadbf	439	Marta Hala	F	F45-49	5	5:22:16	0:36:45	0:06:34	2:43:46	0:04:47	1:50:26	POL	
fbe33876-05b2-407d-8b45-1a87967f46f2	440	Jan Romanák	M	M30-34	57	5:22:18	0:34:01	0:05:44	2:37:36	0:05:41	1:59:15	Czech Republic	
e8d2eda0-b5aa-f011-bbd3-6045bd09951e	441	Tomáš Rous	M	M25-29	65	5:22:27	0:39:51	0:05:45	2:52:25	0:03:09	1:41:17	Czech Republic	
1de37563-b8aa-f011-bbd3-000d3a35ffc1	442	Ondrej Vaclav	M	M30-34	58	5:22:37	0:35:18	0:05:50	2:37:21	0:04:07	2:00:00	Czech Republic	
daf53082-b7d5-f011-8544-000d3a3173b5	443	Václav Hradil	M	M30-34	59	5:22:44	0:34:58	0:07:09	2:45:38	0:05:31	1:49:28	Czech Republic	
ec05d4a9-9673-48ca-a9ee-e0788ffa115d	444	Birgit Bachmann-Goetzer	F	F55-59	1	5:22:50	0:42:45	0:06:12	2:31:35	0:05:23	1:56:55	deu	
422d085d-b4aa-f011-bbd3-000d3a5b50ba	445	Filip Vilímek	M	M30-34	60	5:22:56	0:40:20	0:05:43	2:43:42	0:03:15	1:49:56	Czech Republic	
08b3f133-588c-f111-ab11-7ced8d70a81a	446	Martin Novák		M50-54	34	5:22:57	0:35:07	0:05:34	2:40:55	0:06:13	1:55:08		
93b4acb8-a01f-40f2-8e11-2b9e6b8999a7	447	Andrea Chmiel	F	F40-44	7	5:22:59	0:29:40	0:05:36	2:44:24	0:04:59	1:58:20	DEU	
e06a2b91-bfaa-f011-bbd3-000d3a5b50ba	448	Matěj Votruba	M	M18-24	56	5:23:02	0:33:46	0:06:50	2:50:41	0:04:00	1:47:44	Czech Republic	
daa6e777-beaa-f011-bbd3-000d3a35ffc1	449	Radek Štork	M	M50-54	35	5:23:09	0:36:33	0:08:18	2:46:19	0:04:49	1:47:09	Czech Republic	
64de9b83-2b9a-f011-b4cc-6045bd09951e	450	Ondřej Veselý	M	M18-24	57	5:23:14	0:33:49	0:08:19	2:57:07	0:04:48	1:39:11		
f338c374-ef32-48c0-b5b4-a8007a4f6bad	451	Tomáš Strnad	M	M55-59	11	5:23:29	0:36:15	0:04:20	2:33:36	0:03:13	2:06:06	cze	
3b8517f4-b9aa-f011-bbd3-6045bd09951e	452	Markus Ratz	M	M55-59	12	5:23:41	0:32:36	0:07:52	2:36:01	0:03:54	2:03:17	Austria	
4219a8d4-3390-4519-8fba-f96ca48ac2e7	453	Lukas Hefka	M	M40-44	44	5:23:41	0:30:21	0:05:47	2:46:15	0:03:48	1:57:30		
bd3bd7a8-b48c-4686-8776-ab87c354ed7b	454	Pavel Jakl	M	M40-44	45	5:23:42	0:36:17	0:05:35	2:40:50	0:04:24	1:56:35	cze	
260f3e91-ceb9-f011-bbd2-6045bd0050a6	455	Tomáš Urbánek	M	M30-34	61	5:23:43	0:37:24	0:05:33	2:35:14	0:04:34	2:00:58	Czech Republic	
be95f1bc-b5aa-f011-bbd3-000d3a5cf7d8	456	Martin Váňa	M	M25-29	66	5:23:52	0:33:35	0:05:44	2:40:58	0:03:10	2:00:25	Czech Republic	
eda6e2f1-b3aa-f011-bbd3-000d3a5cf7d8	457	Petr Novak	M	M45-49	37	5:23:56	0:39:20	0:06:20	2:44:13	0:04:43	1:49:20	Czech Republic	
11a718dc-f8bf-e911-a97e-000d3a37468c	458	Alexander Auer	M	M50-54	36	5:23:56	0:35:17	0:05:57	2:39:54	0:03:27	1:59:21	Germany	
ae83583c-c2aa-f011-bbd3-000d3a5b7c3b	459	Roman Milták	M	M25-29	67	5:24:04	0:38:38	0:05:29	2:54:55	0:04:00	1:41:03	Czech Republic	
b518095e-4e70-ef11-a670-000d3a308d97	460	Petr Masat	M	M50-54	37	5:24:06	0:31:57	0:06:10	2:44:08	0:04:06	1:57:45	CZ	
8f6e1ae0-bfaa-f011-bbd3-000d3a5cf7d8	461	Jan Balek	M	M40-44	46	5:24:06	0:35:38	0:07:46	2:43:33	0:04:10	1:52:58	CZ	
80be3c3e-b5aa-f011-bbd3-000d3a5cf7d8	462	Jan Kupeček	M	M35-39	76	5:24:09	0:36:37	0:05:38	2:42:57	0:02:35	1:56:22	Czech Republic	
79730fa4-26b6-4ffc-b751-cfad0ed2389f	463	JAN BEJDAK	M	M50-54	38	5:24:13	0:33:06	0:05:14	2:39:58	0:03:41	2:02:14	cze	
637e294c-541f-45f0-80e7-e1879dc770d1	464	Annika Held	F	F40-44	8	5:24:14	0:31:58	0:05:14	2:49:57	0:05:51	1:51:14	DE	
0a9f00b1-b9aa-f011-bbd3-000d3a5b50ba	465	Vojtěch Žůrek	M	M18-24	58	5:24:21	0:40:30	0:05:30	2:45:17	0:03:38	1:49:25	Czech Republic	
e48450f1-5ccb-f011-bbd3-000d3a5b7c3b	466	Štěpán Rebenda	M	M18-24	59	5:24:26	0:38:28	0:05:57	2:42:25	0:03:06	1:54:28	Czech Republic	
c8a2190b-c2aa-f011-bbd3-000d3a5cf7d8	467	Ondřej Šolc	M	M18-24	60	5:24:35	0:33:01	0:06:36	2:52:51	0:03:38	1:48:29	Czech Republic	
54ef752d-6493-f111-8076-7c1e528d5074	468	Jiri Stanik	M	M50-54	39	5:24:36	0:33:02	0:08:15	2:44:10	0:04:06	1:55:02	CZ	
029040b3-0cb0-4872-ba4c-7ef6a464c9c3	469	Rostislav Joudal	M	M60-64	4	5:24:38	0:36:28	0:14:30	2:38:36	0:04:08	1:50:56	Czech Republic	
053d8ee2-68bf-49ce-8346-4474e448c06d	470	Bastian Trumpfheller	M	M45-49	38	5:24:38	0:40:40	0:06:13	2:46:52	0:04:27	1:46:27	DEU	
d9e94d38-bbaa-f011-bbd2-000d3a3009e6	471	Jindřich Hájek	M	M50-54	40	5:24:41	0:38:29	0:06:20	2:46:06	0:03:56	1:49:50	Czech Republic	
470ff9f9-b3aa-f011-bbd3-6045bd05f634	472	David Sedlařík	M	M18-24	61	5:24:43	0:29:34	0:04:21	2:37:09	0:02:22	2:11:18	Czech Republic	
49a9646f-16b3-f011-bbd3-000d3a5b50ba	473	Martin Antoš	M	M35-39	77	5:24:44	0:42:05	0:06:03	2:43:44	0:05:30	1:47:22	Czech Republic	
b75a11a5-2e90-471b-994d-424cfbb2783c	474	Pavel Krížek	M	M50-54	41	5:24:48	0:32:19	0:06:05	2:46:22	0:04:06	1:55:55	Czech Republic	
11f4f91e-5b69-f011-bec2-000d3a5b7c3b	475	vladimir Vanek	M	M40-44	47	5:24:48	0:37:30	0:07:23	2:31:17	0:03:28	2:05:11	Czech Republic	
aa21dca7-b4aa-f011-bbd3-000d3a3173b5	476	Tomáš Krbec	M	M25-29	68	5:24:50	0:32:19	0:05:43	2:47:55	0:02:57	1:55:56	Czech Republic	
9c06a3c7-0354-4344-bbaa-da29c8c16e41	477	Diana Tobišková	F	F25-29	5	5:24:52	0:34:01	0:05:22	2:43:12	0:03:23	1:58:54	Czech Republic	
fd41094e-c0aa-f011-bbd3-6045bd09951e	478	Jaroslav Jíra	M	M55-59	13	5:24:53	0:33:39	0:06:17	2:41:09	0:03:09	2:00:40	Czech Republic	
6aa64b19-60c2-f011-bbd3-000d3a35ffc1	479	Dennis Koschine	M	M45-49	39	5:24:58	0:38:48	0:05:58	2:48:30	0:06:14	1:45:27		
668e099b-ec75-ef11-a670-0022480ae005	480	Adam Kopják	M	M18-24	62	5:25:16	0:35:11	0:05:50	2:41:37	0:03:12	1:59:25	Slovakia	
c1ac132b-c073-4739-bfc5-b01e3bd7679c	481	Tomas Leixner	M	M40-44	48	5:25:32	0:32:32	0:05:40	2:45:13	0:03:55	1:58:13	cze	
b4f7ed5a-4bc4-4796-b1f9-8ebc9903588f	482	Merli Randoja	F	F50-54	3	5:25:34	0:35:39	0:05:47	2:48:22	0:03:48	1:51:57	Estonia	
dfe9c159-d34e-ed11-bba1-000d3a314ae2	483	Pedro Borges	M	M40-44	49	5:25:35	0:31:07	0:05:47	2:45:06	0:04:16	1:59:19	prt	
3685d758-b4aa-f011-bbd3-000d3a5cf7d8	484	Matúš Toriška	M	M25-29	69	5:25:37	0:36:40	0:06:46	2:38:42	0:03:47	1:59:41	Slovakia	
0f68be1d-edc4-414b-8cbc-cd8e06e76269	485	Jan Cikhart	M	M18-24	63	5:25:43	0:36:44	0:07:12	2:45:41	0:05:19	1:50:48	Czech Republic	
477c0d5e-b5aa-f011-bbd3-6045bd05fcc1	486	Jaromír Kovář	M	M35-39	78	5:25:47	0:36:27	0:06:47	2:43:19	0:05:21	1:53:52	Czech Republic	
7126ee81-b0c7-f011-bbd2-000d3a5b5fc7	487	Lily Helling	F	F18-24	4	5:25:49	0:32:30	0:05:24	2:54:51	0:03:13	1:49:51	gbr	
002ce21a-c103-43b7-884f-42760eb533ee	488	Kristýna Marková	F	F25-29	6	5:25:57	0:32:26	0:05:04	2:49:21	0:03:33	1:55:34	Czech Republic	
df2f970a-d220-ef11-840b-000d3a314c24	489	Marc Egger	M	M40-44	50	5:26:01	0:47:37	0:07:26	2:40:52	0:04:54	1:45:11	aut	
f0362f95-beaa-f011-bbd3-000d3a5b7c3b	490	Mikuláš Pýcha	M	M30-34	62	5:26:01	0:34:33	0:06:32	2:50:29	0:03:42	1:50:46	Czech Republic	
ca06cc38-117b-4cdb-af84-34c5273d8f91	491	Thore Kuchlenz	M	M35-39	79	5:26:03	0:28:30	0:04:06	2:20:06	0:03:39	2:29:40	deu	
d180270f-24d1-ef11-8ee9-6045bd088264	492	Lennert De Smedt	M	M25-29	70	5:26:07	0:35:45	0:06:54	2:45:53	0:03:05	1:54:30	BE	
d0736fb0-b7aa-f011-bbd3-0022480a7385	493	Jiří Matoušek	M	M25-29	71	5:26:18	0:37:33	0:06:07	2:38:37	0:03:19	2:00:41	cze	
7701d531-b6aa-f011-bbd3-6045bd05f634	494	Lukáš Sláma	M	M40-44	51	5:26:21	0:42:54	0:07:44	2:46:48	0:04:20	1:44:36	Czech Republic	
1721f34f-434b-44c9-9a48-d2c63409d13e	495	David Urbášek	M	M30-34	63	5:26:33	0:38:34	0:04:27	2:43:26	0:04:04	1:56:03	Czech Republic	
2923c341-61a3-f011-bbd3-6045bd05f634	496	Adam Holečka	M	M25-29	72	5:26:34	0:35:15	0:07:35	2:52:02	0:04:36	1:47:06		
71d93359-fe68-f011-bec3-6045bd09951e	497	Zdeněk Fejfar	M	M45-49	40	5:26:36	0:39:12	0:05:23	2:37:39	0:04:46	1:59:36	Czech Republic	
8ac8981e-0760-4e06-a552-856a81a5b7e7	498	Michal Votava	M	M35-39	80	5:26:39	0:31:42	0:04:58	2:52:21	0:02:40	1:54:57	CZ	
af7ff949-9fa3-f011-bbd3-000d3a3173b5	499	Gerald Pendl	M	M35-39	81	5:26:42	0:43:46	0:06:38	2:31:51	0:05:02	1:59:25	aut	
e9160dc5-5c94-f011-b4cb-002248098cfa	500	Dominik Wagerer	M	M35-39	82	5:26:44	0:31:43	0:06:17	2:40:52	0:04:32	2:03:19	aut	
fc2ebe8f-b6aa-f011-bbd2-000d3a3009e6	501	Martin Vičan	M	M35-39	83	5:26:47	0:43:53	0:08:13	2:47:31	0:04:32	1:42:37	cze	
d53a6e92-e3b4-f011-bbd2-000d3a318445	502	Alessandro Giacometti	M	M40-44	52	5:26:49	0:46:18	0:08:22	2:45:41	0:06:48	1:39:39	Italy	
28b81824-f066-f011-bec2-000d3a5c3d6c	503	Lynn Stahlbuhk	F	F30-34	8	5:26:50	0:34:48	0:04:29	2:36:57	0:04:57	2:05:39	deu	
293497a1-8dab-f011-bbd3-000d3a35ffc1	504	Marek Protiva	M	M35-39	84	5:26:51	0:30:44	0:06:18	2:51:29	0:05:19	1:53:01	Czech Republic	
30d484b6-b4aa-f011-bbd3-000d3a5b7c3b	505	Jiří Vlček	M	M35-39	85	5:26:59	0:36:41	0:06:48	2:43:19	0:03:14	1:56:58	Czech Republic	
73d69f39-1711-4d6c-9531-9edc1802c6f4	506	Marketa Ficova	F	F18-24	5	5:27:00	0:31:51	0:04:45	2:56:34	0:03:01	1:50:49	Czech Republic	
8b93846d-bdaa-f011-bbd3-6045bd09951e	507	Kateřina Koudelková	F	F30-34	9	5:27:02	0:36:23	0:06:14	2:47:26	0:04:38	1:52:21	Czech Republic	
9e54b285-5195-ef11-8a6a-6045bd048089	508	Petr Kališ	M	M40-44	53	5:27:10	0:36:49	0:07:57	2:38:36	0:03:48	2:00:00	Czech Republic	
cf6040b6-c0aa-f011-bbd3-000d3a5b7c3b	509	Thomas Anders	M	M50-54	42	5:27:15	0:33:23	0:05:06	2:35:41	0:02:48	2:10:17	Germany	
d1cda7dd-bcbf-48ee-9bec-d543f8941e20	510	Karel Vizinger	M	M45-49	41	5:27:23	0:33:56	0:06:30	2:51:11	0:03:40	1:52:05	CZE	
a21eb6a2-617b-4c96-8ad8-ab6befbf4be3	511	Nicol Kirschová	F	F18-24	6	5:27:26	0:30:24	0:05:01	2:37:07	0:02:26	2:12:29	Czech Republic	
da404724-b2aa-f011-bbd3-000d3a5b7c3b	512	Zdenek Doubek	M	M40-44	54	5:27:36	0:37:38	0:04:53	2:49:55	0:03:32	1:51:39	Czech Republic	
2e785eb1-8384-460d-b26f-2ae0994d7d9d	513	Leonhard Bürkner	M	M25-29	73	5:27:37	0:33:35	0:05:03	2:35:17	0:03:39	2:10:02	Germany	
f8b4e781-bbaa-f011-bbd3-000d3a5cf7d8	514	Filip Nýdrle	M	M18-24	64	5:27:39	0:25:12	0:04:47	2:49:37	0:03:07	2:04:57	Czech Republic	
1b6f75f3-c4aa-f011-bbd3-0022480c097c	515	Filip Hargaš	M	M18-24	65	5:27:46	0:43:52	0:06:53	2:45:50	0:03:02	1:48:07	Czech Republic	
29be2948-9f3e-4cd8-97cf-2c88dd31c507	516	Jan Krupka	M	M35-39	86	5:27:53	0:33:28	0:03:59	2:50:42	0:03:42	1:56:03	Czech Republic	
1217c1e3-baaa-f011-bbd3-000d3a5b7c3b	517	Ondřej Pekárek	M	M30-34	64	5:27:53	0:37:56	0:05:41	2:50:36	0:03:20	1:50:20	Czech Republic	
cf67edb3-d290-4fa4-b1a5-eaee2e444915	518	Marcos Silva	M	M45-49	42	5:27:59	0:37:40	0:06:12	2:40:33	0:04:29	1:59:05	PT	
de22b79c-47f3-4bf6-b3c7-0d2209400210	519	Filip Archalous	M	M35-39	87	5:28:02	0:36:32	0:05:23	2:38:59	0:04:14	2:02:54	cze	
fd39c01c-2521-f011-998a-6045bd05fcc1	520	Pavol Bigos	M	M45-49	43	5:28:02	0:46:40	0:07:08	2:32:27	0:04:19	1:57:29	Czech Republic	
98191fbc-c609-418e-8d6c-94bf99438181	521	Jakub Lemberka	M	M35-39	88	5:28:03	0:27:10	0:03:56	2:55:18	0:03:44	1:57:55	Czech Republic	
13d5b3ed-26cf-f011-bbd2-000d3a5b5fc7	522	Vladimír Bačák	M	M30-34	65	5:28:05	0:38:07	0:07:07	2:41:45	0:03:44	1:57:22	Czech Republic	
131a31ad-2409-4778-8912-6e21cf0fbb3a	523	Šimon Walzel	M	M25-29	74	5:28:10	0:31:52	0:04:48	2:38:44	0:04:43	2:08:04	cze	
3e375eeb-c0aa-f011-bbd3-0022480a7385	524	Zdeněk Brabec	M	M30-34	66	5:28:10	0:40:09	0:04:35	2:47:57	0:04:14	1:51:16	Czech Republic	
a90c6b2d-135d-4d87-817c-f04cb68ad288	525	Martin Reznícek	M	M25-29	75	5:28:12	0:37:48	0:05:50	2:48:08	0:04:49	1:51:38	Czech Republic	
ba467268-7e8c-f011-b4cc-000d3a5b7c3b	526	Michal Šafránek		M35-39	89	5:28:17	0:34:51	0:04:06	2:43:26	0:04:04	2:01:50	CZE	
206d65db-b5aa-f011-bbd3-6045bd09951e	527	Róbert Zajasenský	M	M25-29	76	5:28:18	0:40:35	0:06:26	2:31:58	0:04:17	2:05:02	Slovakia	
c9089b88-afd5-4f14-93e7-9f27135e0194	528	Manuel Möller	M	M60-64	5	5:28:18	0:35:37	0:06:04	2:46:39	0:03:08	1:56:50	deu	
831bbc21-df40-47cf-8257-e545ec55e4e6	529	Sophie Dubbeld	F	F30-34	10	5:28:26	0:35:39	0:04:47	2:47:53	0:02:58	1:57:09	fra	
2979a405-fb2c-4fdb-a30a-73836a544150	530	Stefanie Grimmeisen	F	F50-54	4	5:28:32	0:38:24	0:06:12	2:50:47	0:03:02	1:50:06	deu	
7d04ff90-fb72-f011-bec2-000d3a5b7c3b	531	Dáša Pawlasová	F	F25-29	7	5:28:34	0:39:39	0:06:56	2:49:07	0:03:04	1:49:49	CZ	
e779eb3a-bfaa-f011-bbd3-000d3a35ffc1	532	Dominik Andreas	M	M30-34	67	5:28:34	0:33:53	0:05:33	2:52:14	0:03:34	1:53:22	Czech Republic	
473e8f06-ba69-4f5f-a85e-de288f161259	533	Premysl Kachlik	M	M35-39	90	5:28:38	0:39:31	0:05:37	2:45:28	0:03:51	1:54:11	CZ	
06871230-bcaa-f011-bbd3-000d3a35ffc1	534	Maroš Bošeľa	M	M25-29	77	5:28:38	0:36:31	0:05:48	2:47:28	0:04:45	1:54:06	Slovakia	
0581a53d-109a-4489-97e6-714a2be8ebdf	535	Andreas Köllmann	M	M55-59	14	5:28:42	0:33:16	0:05:56	2:43:17	0:04:53	2:01:20	Germany	
a6271ab5-56e9-43ca-ad87-eb270297b7f3	536	Marek Matej	M	M50-54	43	5:28:44	0:35:16	0:06:07	2:46:45	0:04:43	1:55:54	Czech Republic	
4593b198-a9c5-f011-bbd3-000d3a35ffc1	537	Marek Sečkař	M	M18-24	66	5:28:46	0:36:52	0:07:16	2:41:56	0:08:06	1:54:37	Czech Republic	
f63e6a2b-9ac4-43ad-a93e-232ad487a840	538	Jan Staník	M	M40-44	55	5:28:49	0:26:37	0:04:53	2:46:21	0:04:29	2:06:30	Czech Republic	
0c06f7f2-b3aa-f011-bbd3-000d3a3173b5	539	Jaroslav Oswald	M	M30-34	68	5:29:06	0:38:18	0:07:06	2:45:15	0:05:32	1:52:55	Czech Republic	
724b83d3-a5fe-400e-bf9f-afd75cb9a760	540	Michal Surovcík	M	M35-39	91	5:29:07	0:35:32	0:06:14	2:38:59	0:05:14	2:03:08	Czech Republic	
9a8b32f3-40b1-f011-bbd3-000d3a5b50ba	541	Vladimír Pátek	M	M30-34	69	5:29:08	0:42:24	0:05:28	2:54:52	0:03:16	1:43:08	Czech Republic	
d4c3dd44-c888-ef11-ac21-000d3a5a1803	542	Maximilian Beck	M	M30-34	70	5:29:08	0:33:05	0:05:01	2:31:29	0:04:37	2:14:56	deu	
04a435d9-e4c5-478c-a0d3-5c07f8aaa63a	543	Dariusz Lapawa	M	M40-44	56	5:29:12	0:34:15	0:06:52	2:41:51	0:04:28	2:01:47	Poland	
cb302db5-3abc-f011-bbd3-000d3a3173b5	544	Viktor Semančík	M	M25-29	78	5:29:33	0:38:08	0:05:03	2:48:23	0:03:03	1:54:55	Czech Republic	
50f440cd-b9aa-f011-bbd3-000d3a5b7c3b	545	Marek Mráz	M	M30-34	71	5:29:35	0:36:47	0:05:31	2:42:22	0:04:15	2:00:41	Czech Republic	
61659c42-aeb3-4d4c-9d7b-4815d0aa83b6	546	Markéta Ružková	F	F18-24	7	5:29:43	0:35:17	0:05:22	2:51:16	0:03:35	1:54:13	Czech Republic	
9b328d6a-8aa3-f011-bbd3-000d3a5b7c3b	547	Roman Ballo	M	M35-39	92	5:29:44	0:36:02	0:05:45	2:47:50	0:03:14	1:56:53		
b7a0bd35-fdc7-4e87-8cde-697c3b72d53e	548	Lukáš Beránek	M	M40-44	57	5:29:44	0:36:19	0:07:28	2:50:52	0:04:15	1:50:50	Czech Republic	
267b5d8b-483d-4a16-a4bb-4f1df44a7b70	549	Tomáš Dus	M	M40-44	58	5:29:45	0:34:50	0:07:54	2:48:59	0:04:42	1:53:20	Czech Republic	
c1bc9646-b3aa-f011-bbd3-0022480a7385	550	Tomáš Vlk	M	M40-44	59	5:29:53	0:39:41	0:06:19	2:49:30	0:03:58	1:50:25	Czech Republic	
53c669fd-b8aa-f011-bbd3-6045bd05f634	551	Tomáš Lupínek	M	M35-39	93	5:30:05	0:36:45	0:06:55	2:33:08	0:04:04	2:09:14	Czech Republic	
77927cb4-a234-4419-a788-5d6057e2ee8b	552	Lukáš Brunner	M	M30-34	72	5:30:06	0:39:28	0:06:38	2:41:46	0:04:48	1:57:26	Czech Republic	
3f1db951-3cd4-f011-8544-000d3a5b50ba	553	Eliska Slaninova	F	F18-24	8	5:30:08	0:38:15	0:05:20	2:59:49	0:04:16	1:42:28	Czech Republic	
b5ffba06-bfaa-f011-bbd3-6045bd05fcc1	554	Filip Kyrian	M	M18-24	67	5:30:16	0:37:42	0:07:43	2:46:57	0:04:56	1:52:59	Czech Republic	
52e53b4b-dd5e-42fd-8a9d-29eeec355cea	555	Stefan Panzer	M	M65-69	1	5:30:18	0:38:08	0:07:15	2:41:06	0:04:28	1:59:21	Germany	
456103f4-5c15-46c8-bc5e-2a5158a91c83	556	Kees van de Wetering	M	M60-64	6	5:30:25	0:32:17	0:05:39	2:47:34	0:03:23	2:01:31	nld	
95a707fe-454d-f011-8779-000d3a311b05	557	Stanislav Fleissig	M	M50-54	44	5:30:25	0:37:02	0:07:21	2:39:09	0:04:22	2:02:31	cze	
7e5bb874-b9aa-f011-bbd3-000d3a5b50ba	558	Marek Vaculík	M	M30-34	73	5:30:35	0:31:13	0:05:54	2:57:06	0:03:25	1:52:57	Czech Republic	
72e7dcea-b2aa-f011-bbd3-000d3a5b50ba	559	Aleš Melichar	M	M25-29	79	5:30:48	0:35:28	0:06:16	2:37:41	0:03:34	2:07:49	Slovakia	
a6150d43-d6af-4532-90c7-d3c301de574a	560	Heino Reinhardt	M	M50-54	45	5:30:53	0:44:37	0:06:30	2:37:54	0:05:48	1:56:04	DE	
17d84a57-64d8-f011-8544-000d3a5cf7d8	561	Eva Kudrnovská	F	F40-44	9	5:30:53	0:36:25	0:05:46	2:56:36	0:03:38	1:48:28	Czech Republic	
09468daa-b2aa-f011-bbd3-0022480a7385	562	Petr Kosař	M	M45-49	44	5:30:55	0:34:10	0:06:30	2:46:29	0:05:00	1:58:45	Czech Republic	
d12dc7ff-4e3d-4a12-8063-10d777eecb37	563	Apollonia Fischer	F	F40-44	10	5:31:08	0:40:58	0:06:02	2:49:45	0:03:54	1:50:28	AT	
66bde161-3fce-f011-bbd3-6045bd05fcc1	564	Jana Pospíšilová	F	F40-44	11	5:31:10	0:35:15	0:05:36	2:46:25	0:03:14	2:00:41	Czech Republic	
25db5c42-c2aa-f011-bbd3-000d3a5b7c3b	565	Denisa Panchártková	F	F35-39	9	5:31:22	0:40:27	0:06:42	2:50:49	0:03:47	1:49:36	Czech Republic	
c8db1f3a-5c87-f011-b4cc-6045bd09951e	566	Jakub Holas	M	M18-24	68	5:31:33	0:40:28	0:06:19	2:54:18	0:05:30	1:44:58	CZE	
028fc7b5-baaa-f011-bbd3-000d3a5b50ba	567	Vojtěch Koníř	M	M40-44	60	5:31:33	0:40:07	0:06:04	2:37:11	0:03:19	2:04:52	Czech Republic	
f0ff88e5-c0aa-f011-bbd3-000d3a3173b5	568	Jan Kadlec	M	M30-34	74	5:31:34	0:30:34	0:06:02	2:38:10	0:06:48	2:10:00	Czech Republic	
c7cdb5a8-6cb0-480b-937a-a409c6d7e5dc	569	Robin Zdenek	M	M35-39	94	5:31:35	0:35:02	0:05:29	2:44:59	0:03:42	2:02:25	Czech Republic	
d04f95f9-c0aa-f011-bbd3-6045bd09951e	570	Martin Kuba	M	M50-54	46	5:31:54	0:39:18	0:06:14	2:48:08	0:04:59	1:53:16	Czech Republic	
5fd3e2e1-c1aa-f011-bbd3-6045bd09951e	571	Samuele Antonio Mazzola	M	M18-24	69	5:32:01	0:40:20	0:06:36	2:46:02	0:04:51	1:54:13	Czech Republic	
a3c3f2b5-6336-4c38-a5e7-76beaac9bf76	572	Zbynek Vavrin	M	M35-39	95	5:32:11	0:34:55	0:05:54	2:55:36	0:04:13	1:51:33	CZE	
6cedfc68-2734-4f1f-9564-780a9bf7bac9	573	Agata Widynska	F	F35-39	10	5:32:17	0:38:00	0:05:34	2:46:29	0:04:34	1:57:40	pol	
9781d5b9-bfa8-42cb-a3e0-f90a2f7aab67	574	Lukáš Stríteský	M	M30-34	75	5:32:19	0:41:27	0:07:17	2:42:11	0:03:41	1:57:43	Czech Republic	
5ad91383-60c8-f011-bbd3-000d3a3173b5	575	Zdeno Navrátil	M	M45-49	45	5:32:20	0:33:38	0:05:06	2:44:53	0:03:55	2:04:49	Czech Republic	
0ddad866-5f37-4ab2-a288-6422d11a1331	576	Štepán Šanda	M	M35-39	96	5:32:26	0:33:00	0:05:54	2:53:43	0:03:42	1:56:07	CZE	
2b749328-63c0-f011-bbd3-002248098cfa	577	Anas Araid	M	M25-29	80	5:32:26	0:36:33	0:06:13	2:53:22	0:04:16	1:52:02	Italy	
d77c6381-ebc1-4e99-a504-1bd7cf5fb4d4	578	Tomáš Budka	M	M40-44	61	5:32:28	0:36:40	0:05:23	2:43:45	0:03:15	2:03:24	Czech Republic	
040a3c2e-87a3-f011-bbd3-6045bd05f634	579	Matej Švabek	M	M35-39	97	5:32:31	0:41:34	0:07:24	2:41:17	0:03:30	1:58:47		
8e6fe35b-5d05-4478-8c51-6eec48c73274	580	Florian Zachau	M	M45-49	46	5:32:35	0:45:54	0:06:51	2:44:14	0:04:15	1:51:22	DE	
ad11c1ae-bdaa-f011-bbd3-6045bd05f634	581	Radek Hlubiňák	M	M35-39	98	5:32:37	0:43:20	0:06:52	2:46:01	0:04:54	1:51:31	Czech Republic	
586be4f0-7778-4974-acf0-8eb624e03b9b	582	Andreas Renz	M	M55-59	15	5:33:02	0:33:16	0:06:55	2:56:01	0:04:54	1:51:56	deu	
4f70c921-773f-42c2-a289-aa41658ffa28	583	Martin Viktora	M	M35-39	99	5:33:03	0:40:13	0:05:54	2:46:26	0:04:06	1:56:24	CZE	
17632f3e-0ca3-4147-9851-1685ce40c3a3	584	Nicolas Schmitter	M	M35-39	100	5:33:07	0:35:05	0:05:44	2:34:58	0:03:28	2:13:52	fra	
fb2e1a64-4611-4c4c-a98c-5cf27cf8c816	585	Vojtech Krejca	M	M45-49	47	5:33:22	0:37:51	0:05:38	2:41:12	0:03:52	2:04:49	Czech Republic	
8b5e62b4-e6d1-ef11-8ee9-000d3a5ae96c	586	William Bragg	M	M30-34	76	5:33:23	0:32:51	0:07:56	3:01:53	0:03:02	1:47:40	GB	
8cc5b474-46c3-f011-bbd3-000d3a3173b5	587	Magdalena Zabłocka	F	F40-44	12	5:33:23	0:44:23	0:06:36	2:48:17	0:03:35	1:50:33	Poland	
75e4dfce-f852-43f1-9439-0fbd9795897e	588	Irnik Dimitrov	M	M25-29	81	5:33:25	0:40:49	0:07:15	2:46:04	0:03:58	1:55:19	bgr	
38ac989f-a2b5-4e20-a0a1-542487d26bf3	589	Martin KREJČÍ	M	M30-34	77	5:33:29	0:47:36	0:08:07	2:52:33	0:05:43	1:39:29	cze	
4c0c310f-184d-49f5-9f32-0d7c22543ef5	590	Ondrej Boruvka	M	M25-29	82	5:33:37	0:44:29	0:07:41	2:55:45	0:04:23	1:41:20	Czech Republic	
3e14a7ce-c0aa-f011-bbd3-6045bd05fcc1	591	Daniel Zdychavsky	M	M18-24	70	5:33:55	0:34:46	0:06:22	2:58:18	0:04:14	1:50:14	Slovakia	
cad8269d-85bc-4336-8bfb-3fd11fcf9ecf	592	Jan Pauer	M	M40-44	62	5:33:57	0:42:55	0:05:26	2:43:27	0:04:09	1:57:59	Slovakia	
3a451553-04b9-461d-bb42-b7eb45524ff1	593	Michal Papácek	M	M30-34	78	5:34:02	0:39:19	0:05:38	2:52:10	0:03:32	1:53:23	Czech Republic	
cffe6e23-e248-eb11-a813-000d3a5a1bfb	594	Jens Börretzen	M	M55-59	16	5:34:06	0:41:13	0:06:13	2:41:27	0:07:09	1:58:04	swe	
2a79691d-73c9-f011-bbd3-6045bd09951e	595	Alina Pirshtuk	F	M30-34	79	5:34:21	0:34:16	0:06:43	2:55:55	0:03:38	1:53:49	Czech Republic	
9a63afc0-f6c9-f011-bbd3-000d3a3173b5	596	Riccardo Balzani	M	M18-24	71	5:34:22	0:34:00	0:06:03	2:47:35	0:04:01	2:02:43	che	
697462d1-6ac2-f011-bbd3-6045bd09951e	597	Filip Němeček	M	M18-24	72	5:34:24	0:36:03	0:06:28	2:49:50	0:03:52	1:58:10	Czech Republic	
de9b7beb-b8aa-f011-bbd3-6045bd05f634	598	Jiří Štros	M	M25-29	83	5:34:24	0:44:30	0:04:40	2:47:02	0:02:58	1:55:14	Czech Republic	
4b48327a-9ebc-f011-bbd3-000d3a35ffc1	599	Mattia Federico	M	M25-29	84	5:34:25	0:32:31	0:05:23	2:47:08	0:03:34	2:05:49	Italy	
64f19999-d4aa-4825-bf12-c3c60a7b544e	600	Guillaume Delfosse	M	M35-39	101	5:34:29	0:34:54	0:11:37	2:47:29	0:10:47	1:49:43	Unknown	
d2620559-966b-4282-9881-710c7817d56e	601	Michael Fostel	M	M40-44	63	5:34:35	0:32:36	0:07:09	2:39:39	0:03:38	2:11:32	aut	
9919ca44-bdaa-f011-bbd3-6045bd05fcc1	602	Daniel Ondrášek	M	M30-34	80	5:34:41	0:39:10	0:06:38	2:49:35	0:04:57	1:54:21	Czech Republic	
28f42464-22b8-f011-bbd3-6045bd05fcc1	603	Jakub Holec	M	M18-24	73	5:34:59	0:33:42	0:06:32	2:55:05	0:02:59	1:56:42	Czech Republic	
5b7f0443-30c2-f011-bbd3-000d3a5b50ba	604	Anna-Katharina Strauhs	F	F18-24	9	5:35:08	0:37:25	0:05:19	2:51:41	0:03:01	1:57:43	aut	
a236e90e-ecc3-f011-bbd3-6045bd05fcc1	605	Tomáš Kollert	M	M18-24	74	5:35:10	0:38:33	0:06:48	2:42:15	0:03:57	2:03:37	Czech Republic	
223fd8c7-7214-f011-998a-6045bd05f634	606	Jan Talaváňa	M	M30-34	81	5:35:11	0:44:29	0:06:23	2:50:48	0:03:43	1:49:48	Czech Republic	
c2910735-b3aa-f011-bbd3-002248098cfa	607	Hana Mudráková	F	F18-24	10	5:35:12	0:30:10	0:05:14	2:56:13	0:03:18	2:00:16	Slovakia	
79acbb95-e9d1-4041-bc5e-a6ba000398a3	608	Peter MAY	M	M35-39	102	5:35:13	0:40:33	0:06:09	2:41:28	0:04:39	2:02:24	deu	
c1246c9f-6d51-4b25-9614-964d7280b670	609	Sina Nokodian	F	F25-29	8	5:35:13	0:44:51	0:05:38	2:52:42	0:05:17	1:46:45	Germany	
11159fe4-ffc8-f011-bbd3-002248098cfa	610	Claudia Kemps	F	F25-29	9	5:35:17	0:37:06	0:09:14	2:47:50	0:08:12	1:52:56	Netherlands	
f6e494a8-bdaa-f011-bbd2-000d3a3009e6	611	Tereza Quittova	F	F40-44	13	5:35:18	0:35:40	0:05:38	2:55:41	0:03:33	1:54:46	Czech Republic	
927936e8-6bc8-ef11-b8e8-000d3a5a403c	612	Arnav Anand	M	M30-34	82	5:35:24	0:42:54	0:06:06	2:51:37	0:03:07	1:51:40	IN	
820c0faf-1e18-426c-9b80-f184093af382	613	Jakub Soušek	M	M30-34	83	5:35:25	0:46:07	0:06:10	2:50:37	0:02:50	1:49:41	CZE	
5f187815-b8aa-f011-bbd2-000d3a3009e6	614	Filip Škorpík	M	M18-24	75	5:35:26	0:39:32	0:05:09	2:44:00	0:03:04	2:03:39	Czech Republic	
52be0200-33b6-f011-bbd3-0022480a7385	615	Michal Šáda	M	M40-44	64	5:35:26	0:41:48	0:10:13	2:44:46	0:05:17	1:53:22	Czech Republic	
f5b4b769-46c3-f011-bbd2-000d3a5b7c3b	616	Dawid Zabłocki	M	M40-44	65	5:35:29	0:37:05	0:05:50	2:50:39	0:03:09	1:58:45	Poland	
fe0f0e6c-626e-4ba1-b937-8d63dd2f416a	617	Ludovit Sykora	M	M45-49	48	5:35:29	0:38:46	0:07:03	2:41:53	0:04:17	2:03:30	SVK	
e17d476d-ebab-478e-aa5c-cacc1b64a487	618	Michal Navrátil	M	M45-49	49	5:35:34	0:33:22	0:04:34	2:45:35	0:04:51	2:07:12	Czech Republic	
b98b5081-beaa-f011-bbd2-000d3a3009e6	619	Kristina Stonjeková	F	F30-34	11	5:35:36	0:34:49	0:06:32	2:51:22	0:03:38	1:59:16	Netherlands	
83238075-b7d5-f011-8543-6045bd05fcc1	620	Kamilla Lenes	F	F25-29	10	5:35:41	0:37:58	0:08:05	2:51:44	0:04:03	1:53:52	Norway	
31043af9-9271-f011-b4cb-7ced8d6dec27	621	Lukáš Pátek	M	M35-39	103	5:35:44	0:42:20	0:05:46	2:34:27	0:04:24	2:08:47	Czech Republic	
0a6de8ab-1ff3-ed11-8848-000d3a314329	622	Daniel Kysela	M	M40-44	66	5:35:45	0:36:27	0:06:03	2:48:20	0:05:52	1:59:02	Czech Republic	
6a15ae21-cb2c-497a-aa8b-7e8881176b14	623	René Arnošt	M	M50-54	47	5:35:53	0:35:54	0:07:07	2:41:17	0:05:41	2:05:55	cze	
9b1aa317-5fbf-f011-bbd2-6045bd01f23b	624	Petr Vondruška	M	M45-49	50	5:35:58	0:31:10	0:05:42	2:50:21	0:03:35	2:05:09	Czech Republic	
811a21a9-08e8-4fb5-8a53-f1ceaf68232d	625	Tomas Kroczek	M	M30-34	84	5:36:00	0:37:39	0:06:15	2:42:42	0:04:03	2:05:21	Czech Republic	
f8eca2ba-9ad2-f011-8544-000d3a5cf7d8	626	Václav Paukner	M	M30-34	85	5:36:01	0:30:34	0:05:59	2:45:46	0:03:36	2:10:05	Czech Republic	
5030957e-6ab3-f011-bbd3-000d3a5cf7d8	627	Tomáš Janoušek	M	M25-29	85	5:36:06	0:38:46	0:08:12	2:51:39	0:08:41	1:48:48	Czech Republic	
148e3c6e-97a3-4a8c-936c-1fe71d76babc	628	Matthias Nienke	M	M45-49	51	5:36:10	0:31:05	0:05:42	2:44:21	0:04:22	2:10:39	Germany	
c68609e9-a48b-4cc1-b49b-9ed92dcb601d	629	Jan Kyncl	M	M25-29	86	5:36:11	0:32:18	0:05:13	2:35:17	0:03:01	2:20:22	Czech Republic	
dd25de04-f8be-f011-bbd2-000d3a5b7c3b	630	Oldřich Vaňkát	M	M30-34	86	5:36:16	0:38:16	0:08:18	2:46:53	0:05:02	1:57:47	Czech Republic	
b3ce3767-6ff4-4e33-81f8-8234d9ae540a	631	Filip Dobrovolný	M	M35-39	104	5:36:22	0:34:51	0:06:54	2:54:53	0:04:02	1:55:41	Czech Republic	
d1a728aa-bfaa-f011-bbd3-000d3a5b50ba	632	Sina Schuldt	F	F30-34	12	5:36:28	0:41:00	0:06:49	2:49:48	0:03:49	1:55:02	deu	
18c4261a-9aa2-4bc0-89e1-2625f83cfb91	633	Lukáš Knop	M	M45-49	52	5:36:29	0:41:48	0:07:02	2:42:29	0:04:11	2:00:58	Czech Republic	
02747319-b5aa-f011-bbd3-6045bd09951e	634	Sebastian Fajkus	M	M25-29	87	5:36:30	0:38:35	0:07:21	2:49:25	0:06:03	1:55:05	Czech Republic	
1037a0ab-7012-4a77-8cf5-7ec00c378ade	635	Vojtech Drábek	M	M25-29	88	5:36:39	0:46:40	0:06:32	2:47:46	0:03:09	1:52:32	Czech Republic	
bfba0fa9-75cb-f011-bbd3-000d3a3173b5	636	Ján Jesenský	M	M30-34	87	5:36:44	0:42:06	0:07:14	2:50:41	0:04:38	1:52:05		
d87314a0-136a-4bba-b3be-66c5918fcfa5	637	Katerina Krátká	F	F18-24	11	5:36:45	0:30:24	0:03:52	2:53:47	0:03:21	2:05:21	Czech Republic	
d1410d50-bfaa-f011-bbd3-000d3a5cf7d8	638	Michael Pemmer	M	M40-44	67	5:36:52	0:40:56	0:06:55	2:35:55	0:04:02	2:09:04	Austria	
1460abd1-7823-497a-9b39-0d6511eb259f	639	Lukáš Musil	M	M40-44	68	5:36:53	0:38:30	0:06:59	2:48:04	0:04:16	1:59:05	Czech Republic	
5e9e37d8-6a36-f011-8c4e-000d3a3173b5	640	Boris Selecky	M	M35-39	105	5:37:01	0:37:02	0:07:01	2:43:12	0:04:40	2:05:06	SK	
f3c112ff-b7aa-f011-bbd3-6045bd05f634	641	Kryštof Hroudný	M	M25-29	89	5:37:01	0:35:23	0:06:53	2:48:54	0:03:30	2:02:21	Czech Republic	
0852e5b6-b2aa-f011-bbd3-000d3a3173b5	642	Petr Moravec	M	M40-44	69	5:37:04	0:39:58	0:06:39	2:42:07	0:05:43	2:02:36	Czech Republic	
c8977684-90a3-f011-bbd2-000d3a595e1f	643	Matěj Eberle	M	M25-29	90	5:37:12	0:38:15	0:06:57	2:47:17	0:03:25	2:01:18	cze	
8ae1428d-aad6-f011-8544-000d3a5cf7d8	644	Lukáš Dubský	M	M50-54	48	5:37:22	0:36:46	0:05:31	2:45:23	0:04:43	2:05:00	Czech Republic	
a9b97a41-504d-4e87-967f-64474667125b	645	Simon Hart	M	M60-64	7	5:37:23	0:34:49	0:05:37	2:37:56	0:03:48	2:15:13	United Kingdom	
580ac63e-415c-4b0e-9063-02a398a97069	646	natasha scrivens	F	F55-59	2	5:37:26	0:33:11	0:05:50	2:56:54	0:03:47	1:57:44	gbr	
46ea4b6b-3c65-ef11-bfe3-000d3a367177	647	Adam Müller	M	M18-24	76	5:37:31	0:36:16	0:06:27	2:46:28	0:08:45	1:59:34	Czech Republic	
5291c81d-3fce-f011-bbd3-6045bd05fcc1	648	Tomáš Helán	M	M35-39	106	5:37:35	0:36:25	0:06:28	2:45:32	0:06:00	2:03:10	Czech Republic	
89a27beb-c93e-f011-b4cb-6045bd09951e	649	Adrian Diaz Martinez	M	M35-39	107	5:37:41	0:30:09	0:05:13	2:46:09	0:04:23	2:11:47	deu	
0fcd2254-8fb6-f011-bbd3-000d3a5b7c3b	650	Ethan Gale	M	M18-24	77	5:37:45	0:37:22	0:08:18	2:57:10	0:05:20	1:49:35	United Kingdom	
4a74a50c-d342-45f4-b1ad-b5d5156ae2a5	651	Vlasto Krenicky	M	M60-64	8	5:37:53	0:42:11	0:07:59	2:38:48	0:07:57	2:00:59	svk	
b14521a5-33c5-f011-bbd3-0022480a7385	652	Michal Hlaváč	M	M18-24	78	5:37:57	0:35:51	0:06:18	2:47:24	0:03:53	2:04:32	Czech Republic	
cd596f29-c2aa-f011-bbd3-000d3a5cf7d8	653	Zdeněk Medlík	M	M40-44	70	5:38:01	0:39:16	0:07:16	2:44:10	0:05:52	2:01:27	Czech Republic	
948af54e-0612-4c86-85f7-3ac4758e2fa6	654	Jirí Hájek	M	M50-54	49	5:38:01	0:41:14	0:07:12	2:44:32	0:05:07	1:59:57	Czech Republic	
e9247bcf-abde-4a86-8c36-18c4c1daf17c	655	Juraj Sabol	M	M35-39	108	5:38:12	0:35:15	0:04:52	2:36:36	0:05:03	2:16:27	Slovakia	
0d686e22-56f4-4f7f-9976-3eea8a166edf	656	Josef Dvorák	M	M40-44	71	5:38:12	0:37:18	0:06:17	2:50:48	0:04:09	1:59:40	Czech Republic	
fe76a8fe-b8aa-f011-bbd3-0022480a7385	657	Kateřina Kramlová	F	F50-54	5	5:38:28	0:41:56	0:05:49	2:44:57	0:03:32	2:02:14	cze	
31900f26-caca-42a5-a057-77b6f40d4a28	658	Konrad Półtorak	M	M45-49	53	5:38:32	0:38:33	0:07:00	2:48:41	0:06:58	1:57:20	pol	
fb7d0f68-2df2-45a6-8292-fb9a7c3b4f0b	659	Petan Soukup	M	M35-39	109	5:38:41	0:43:42	0:05:59	2:47:36	0:04:18	1:57:05	Czech Republic	
220525e8-26cf-f011-bbd3-6045bd09951e	660	Michal Pavlik	M	M40-44	72	5:38:42	0:33:40	0:08:22	2:47:50	0:04:55	2:03:54	Czech Republic	
e1417628-3df9-44b5-85ee-f2523335ab76	661	Patrik Matula	M	M25-29	91	5:38:43	0:41:29	0:06:10	2:42:06	0:05:36	2:03:22	Slovakia	
95bf7d0b-b95d-43dc-a061-da8122b638b6	662	Jan Šusta	M	M45-49	54	5:38:53	0:35:17	0:05:31	2:39:00	0:04:34	2:14:30	Czech Republic	
db14544c-e58d-4ca3-8a84-1380a80f3658	663	Borivoj Cejka	M	M45-49	55	5:38:59	0:40:07	0:05:55	2:44:15	0:03:03	2:05:38	Czech Republic	
33c29fe7-2029-4e79-b583-0369c080e34a	664	David Pouc	M	M45-49	56	5:39:01	0:40:33	0:06:01	2:44:21	0:03:33	2:04:33	Czech Republic	
45fde053-a7cf-f011-8543-6045bd08f58f	665	Kateřina Hladíková	F	F25-29	11	5:39:05	0:37:45	0:06:59	2:58:46	0:03:38	1:51:56	Czech Republic	
1cd07c60-e881-ef11-ac21-002248049fdc	666	Markéta Kretínská	F	F25-29	12	5:39:07	0:29:24	0:04:46	2:55:48	0:03:17	2:05:52	Czech Republic	
711455b1-5312-f111-8406-000d3a59222e	667	Milan Kejda	M	M18-24	79	5:39:08	0:50:32	0:05:28	2:44:34	0:03:56	1:54:38		
60c3ac9a-bbaa-f011-bbd3-0022480a7385	668	Martin Stiborek	M	M50-54	50	5:39:11	0:32:47	0:06:18	3:00:24	0:05:56	1:53:45	Czech Republic	
3a716e7f-c1aa-f011-bbd3-000d3a5b7c3b	669	Michal Repašský	M	M40-44	73	5:39:11	0:37:01	0:06:24	2:48:44	0:05:45	2:01:17	Slovakia	
6b58b695-1dca-f011-bbd3-000d3a5b50ba	670	Lucie Dopitová	F	F30-34	13	5:39:12	0:38:11	0:05:47	2:53:03	0:04:08	1:58:03	Czech Republic	
61fc1c30-1cae-f011-bbd3-000d3a5b50ba	671	Erik Eger	M	M25-29	92	5:39:13	0:45:54	0:07:41	2:49:41	0:04:00	1:51:56	Czech Republic	
1d9f92dc-b2aa-f011-bbd2-000d3a3009e6	672	Pavel Jež	M	M40-44	74	5:39:17	0:43:39	0:06:29	2:40:49	0:03:46	2:04:34	Czech Republic	
21660f66-bbaa-f011-bbd3-6045bd09951e	673	Jana Rašková	F	F40-44	14	5:39:23	0:37:18	0:07:49	3:05:52	0:05:17	1:43:07	Czech Republic	
e7cf63d0-eb66-432b-9bd8-3853f6905e44	674	Nóra Vándor	F	F50-54	6	5:39:27	0:37:27	0:04:56	2:49:41	0:05:06	2:02:16	Hungary	
cd25b709-b5aa-f011-bbd3-6045bd05f634	675	Filip Polák	M	M25-29	93	5:39:29	0:41:48	0:06:48	2:47:18	0:05:15	1:58:20	Czech Republic	
6e258aeb-9cc6-489f-aef9-0970caeeafb3	676	David Dobias	M	M45-49	57	5:39:36	0:36:34	0:05:19	2:36:14	0:05:32	2:15:56	Czech Republic	
869a673a-96f7-4b93-9927-7a172322a41e	677	Scott Isaacs	M	M50-54	51	5:39:42	0:40:50	0:06:28	2:54:13	0:07:41	1:50:31	GB	
b492195c-1eb1-f011-bbd3-6045bd05fcc1	678	Marcus Jacoangeli	M	M60-64	9	5:39:43	0:34:18	0:06:56	2:52:00	0:03:28	2:03:01	Germany	
b13e8c74-c0aa-f011-bbd3-000d3a3173b5	679	Adam Suchanek	M	M50-54	52	5:39:48	0:38:57	0:08:18	2:54:26	0:06:32	1:51:35	Czech Republic	
8cf6c2bd-d753-4dfa-9116-d8502ccb3deb	680	Jakub Konrád	M	M35-39	110	5:39:53	0:36:49	0:05:59	2:55:18	0:03:18	1:58:29	Czech Republic	
df5d3196-02c1-4a83-b384-028094451321	681	Tomáš Libnar	M	M50-54	53	5:39:58	0:32:09	0:06:24	2:48:02	0:05:02	2:08:20	Czech Republic	
69e8910b-38cc-f011-bbd3-0022480a7385	682	Filip Lednický	M	M25-29	94	5:40:04	0:51:20	0:07:27	2:53:53	0:05:11	1:42:14	Slovakia	
94568580-b2aa-f011-bbd3-0022480a7385	683	Matouš Prachař	M	M25-29	95	5:40:06	0:36:48	0:07:01	2:48:52	0:04:00	2:03:25	Czech Republic	
a2ee0280-17b9-ea11-a812-000d3a591f9a	684	Anna Pawlok	F	F35-39	11	5:40:07	0:33:48	0:05:17	2:53:08	0:05:15	2:02:40	Poland	
75f6f816-74a3-f011-bbd3-000d3a3173b5	685	Kamil Marták	M	M35-39	111	5:40:12	0:39:09	0:08:49	2:49:26	0:07:13	1:55:35		
ad4f9903-e4d8-f011-8544-000d3a5cf7d8	686	Isak Areklett Norebø	M	M25-29	96	5:40:15	0:41:46	0:08:09	2:47:03	0:05:58	1:57:19	Norway	
4d8b98ac-d5ca-f011-bbd3-6045bd05fcc1	687	Dusan Horak	M	M50-54	54	5:40:16	0:38:29	0:06:51	2:50:44	0:05:17	1:58:55	Czech Republic	
47a3f4fc-3ece-f011-bbd3-000d3a5b50ba	688	Jan Měchura	M	M35-39	112	5:40:17	0:42:36	0:06:07	2:56:28	0:04:35	1:50:32	Czech Republic	
03e9ae0d-8b94-f011-b4cc-000d3a3173b5	689	Vojtech Porizek	M	M18-24	80	5:40:20	0:37:27	0:07:03	2:52:18	0:03:52	1:59:39		
5adfd95a-6dba-f011-bbd2-00224809087a	690	Ondrej Prouza	M	M40-44	75	5:40:21	0:41:38	0:07:41	2:46:05	0:04:00	2:00:56	Czech Republic	
f7838cf8-5d9f-f011-b41b-000d3a5a6f73	691	Vojtěch Dyntera	M	M25-29	97	5:40:22	0:41:34	0:08:20	2:58:14	0:05:22	1:46:51	cze	
56d503f2-ab34-f011-8c4e-6045bd05fcc1	692	Martin Běhal	M	M25-29	98	5:40:25	0:30:26	0:05:41	2:32:08	0:03:29	2:28:41	Czech Republic	
a56b689f-39ad-f011-bbd3-000d3a5b50ba	693	Filip Hanus	M	M30-34	88	5:40:44	0:43:47	0:06:06	2:45:22	0:03:23	2:02:06	Czech Republic	
f7a4acac-c0aa-f011-bbd3-000d3a5cf7d8	694	Pavel Neprášek	M	M40-44	76	5:40:45	0:31:40	0:06:05	2:49:04	0:03:52	2:10:05	Czech Republic	
a1a904fa-b4aa-f011-bbd3-0022480a7385	695	Simon Konewka	M	M30-34	89	5:40:45	0:41:56	0:07:11	2:45:26	0:05:50	2:00:22	Czech Republic	
2a9f6efd-bbaa-f011-bbd3-000d3a3173b5	696	Jan Orel	M	M30-34	90	5:40:51	0:42:23	0:07:31	2:55:24	0:03:15	1:52:18	Czech Republic	
8b50f70f-c0aa-f011-bbd2-000d3a3009e6	697	Jan Šedý	M	M30-34	91	5:40:52	0:38:46	0:05:59	2:55:20	0:03:08	1:57:40	Czech Republic	
7840f8e1-edbf-f011-bbd3-6045bd09951e	698	Matěj Blaha	M	M25-29	99	5:40:52	0:44:00	0:08:56	2:52:52	0:04:38	1:50:26	Czech Republic	
94c11813-1660-45e5-be5d-cbfe6436e872	699	Hana Lagdanova	F	F40-44	15	5:40:55	0:33:20	0:06:12	3:05:07	0:02:51	1:53:25	Czech Republic	
32749b55-80d1-4141-ae5f-3f5efb797d8a	700	Tomáš Hotovec	M	M18-24	81	5:41:03	0:32:19	0:05:15	2:40:25	0:03:17	2:19:48	Czech Republic	
710ed84a-c4d0-f011-bbd3-6045bd05f634	701	Adam Odcházel	M	M25-29	100	5:41:10	0:44:30	0:10:33	2:54:46	0:05:57	1:45:24	Czech Republic	
bfb14979-c2aa-f011-bbd3-000d3a5b7c3b	702	Oscar Lindner	M	M25-29	101	5:41:12	0:41:27	0:05:01	2:56:04	0:03:26	1:55:14	Austria	
06ca890d-10f7-4450-8ec6-b655cfb5d39e	703	Františka Makovská	F	F18-24	12	5:41:13	0:28:56	0:04:35	3:00:01	0:04:59	2:02:42	CZE	
84e2d44f-89c7-46e5-b3df-13f78c9af537	704	Roman Procházka	M	M50-54	55	5:41:24	0:40:35	0:06:29	2:48:02	0:04:45	2:01:34	Czech Republic	
597e739a-4bba-f011-bbd3-000d3a5cf7d8	705	Martin Štochl	M	M35-39	113	5:41:35	0:45:58	0:06:25	2:44:44	0:04:08	2:00:20	Czech Republic	
97202fcc-7669-f011-bec3-6045bd09951e	706	Dávid Várady		M45-49	58	5:41:39	0:38:12	0:06:34	2:46:54	0:04:17	2:05:42	SVK	
c465c406-b3aa-f011-bbd2-000d3a3009e6	707	Jan Štábl	M	M30-34	92	5:41:41	0:26:04	0:04:28	3:06:56	0:03:56	2:00:17	Czech Republic	
e9ddb95b-3cd4-f011-8544-000d3a5b7c3b	708	Šimon Prchlík	M	M18-24	82	5:41:47	0:44:29	0:06:23	2:59:18	0:05:21	1:46:16	Czech Republic	
316d1f61-d075-4784-a28a-9078992e4129	709	Lucie Hanušová	F	F45-49	6	5:41:55	0:36:04	0:05:04	2:54:28	0:03:33	2:02:47	Czech Republic	
ab2c1199-4453-4044-b57b-02d09b0e3b7a	710	Jan Mrkos	M	M25-29	102	5:41:59	0:39:05	0:06:28	2:53:24	0:06:05	1:56:56	Czech Republic	
d9be9b30-4a84-403a-9dae-c7bca2571a58	711	Damian Onuchowski	M	M55-59	17	5:42:02	0:35:33	0:05:02	2:42:17	0:03:35	2:15:35	PL	
40df9bb8-c0cd-4607-9fd0-87febda895d5	712	Ladislav Pichl	M	M25-29	103	5:42:08	0:35:09	0:09:51	3:00:16	0:06:12	1:50:40	Czech Republic	
e688b453-b15c-463f-90bd-201b885c8495	713	Melanie Matheis	F	F45-49	7	5:42:08	0:40:28	0:05:47	2:51:07	0:03:04	2:01:41	Germany	
d5438046-47bb-f011-bbd2-7ced8d70f9fb	714	Vratislav Souček	M	M30-34	93	5:42:17	0:38:05	0:05:46	2:54:58	0:03:59	1:59:29	Czech Republic	
3df19b93-eb13-4362-a819-e756e6b7590a	715	Alena Nekulova	F	F45-49	8	5:42:20	0:40:53	0:06:22	2:57:00	0:04:50	1:53:15	CZ	
83187d33-3be8-4790-a325-f2ba1353985e	716	Martin Severa	M	M18-24	83	5:42:27	0:39:13	0:07:12	2:56:30	0:06:25	1:53:07	Czech Republic	
174cd81d-bbaa-f011-bbd3-000d3a5b50ba	717	Lukáš Vrtný	M	M30-34	94	5:42:29	0:43:35	0:06:38	2:49:36	0:04:37	1:58:03	Czech Republic	
42bcfb7e-b8aa-f011-bbd3-0022480a7385	718	Marek Duchoslav	M	M35-39	114	5:42:39	0:42:06	0:06:59	2:57:55	0:03:15	1:52:24	Czech Republic	
0e201b43-0887-ef11-ac21-002248049fdc	719	Tomáš Vajnar,	M	M25-29	104	5:42:55	0:44:09	0:04:50	2:47:43	0:02:18	2:03:55	Czech Republic	
0cdfa4ee-beaa-f011-bbd3-6045bd05fcc1	720	Lubor Teplý	M	M50-54	56	5:43:01	0:42:30	0:07:35	2:44:40	0:05:36	2:02:39	Czech Republic	
214c017a-b6aa-f011-bbd3-6045bd09951e	721	Kateřina Táborská	F	F25-29	13	5:43:06	0:31:48	0:06:52	2:59:01	0:07:01	1:58:25	Czech Republic	
cd7f8562-b5aa-f011-bbd3-000d3a35ffc1	722	Marťas Műller	M	M40-44	77	5:43:06	0:31:09	0:06:23	2:54:31	0:06:52	2:04:11	Czech Republic	
d8856fb8-b8aa-f011-bbd3-000d3a35ffc1	723	Martin Barták	M	M30-34	95	5:43:08	0:41:24	0:08:56	2:49:30	0:06:49	1:56:28	Czech Republic	
ab59d711-3fce-f011-bbd3-000d3a5b7c3b	724	Martin Světinsky	M	M45-49	59	5:43:13	0:40:01	0:06:51	2:46:10	0:04:49	2:05:24	Czech Republic	
a725f3db-51a5-47fe-9003-ef80ad70e125	725	Kristina Turcianska	F	F35-39	12	5:43:15	0:41:02	0:05:47	2:47:13	0:05:42	2:03:32	NZ	
0a70fd95-4bba-f011-bbd3-000d3a35ffc1	726	Štěpán Jirovský	M	M18-24	84	5:43:22	0:34:38	0:06:29	2:43:03	0:02:54	2:16:17	Czech Republic	
02628117-b7aa-f011-bbd3-0022480a7385	727	Barbora Horká	F	F30-34	14	5:43:22	0:35:04	0:06:10	2:50:08	0:05:15	2:06:45	Czech Republic	
6445d713-0fe9-4fcf-9236-beaebf2d7f9a	728	Jan Halounek	M	M55-59	18	5:43:24	0:40:04	0:06:17	2:53:24	0:03:13	2:00:26	cze	
7460c827-3ea4-f011-bbd3-0022480c097c	729	Martin Žaloudek		M18-24	85	5:43:27	0:39:20	0:06:31	2:49:37	0:05:27	2:02:32	CZE	
830b1ceb-37cc-f011-bbd3-000d3a5cf7d8	730	Jakub Klimeš	M	M18-24	86	5:43:29	0:47:17	0:09:29	2:54:42	0:04:01	1:48:00	Czech Republic	
80d4a677-96b8-4a81-9118-1d4061cebc2d	731	Ihor Baranik	M	M40-44	78	5:43:37	0:38:27	0:07:05	2:51:47	0:05:55	2:00:22	Ukraine	
6fd14433-65a4-f011-bbd3-000d3a3173b5	732	Lenka Bartošová		F30-34	15	5:43:54	0:40:19	0:09:33	2:52:59	0:06:01	1:55:02	CZE	
c73b512d-6aa3-f011-bbd3-0022480a7385	733	David Bečvář	M	M25-29	105	5:43:58	0:45:28	0:08:05	2:59:45	0:06:27	1:44:13		
98ac8476-bcaa-f011-bbd3-000d3a3173b5	734	David Řihánek	M	M30-34	96	5:44:01	0:35:54	0:08:18	2:55:59	0:04:52	1:58:58	Czech Republic	
d146218d-4171-ef11-a671-000d3a371e3b	735	Petr Florian	M	M50-54	57	5:44:04	0:30:26	0:04:57	2:51:27	0:05:51	2:11:23	cze	
b743969d-3b1b-40da-9bfa-fbfb8eb188de	736	Daniela Treglerová	F	F30-34	16	5:44:05	0:41:57	0:07:01	3:13:27	0:04:15	1:37:25	Czech Republic	
53b5073f-663f-4309-a470-6a7edbb159bd	737	Filip Zadražil	M	M25-29	106	5:44:06	0:33:51	0:05:47	2:55:42	0:04:27	2:04:19	Czech Republic	
a577ae48-bcaa-f011-bbd3-000d3a35ffc1	738	Martin Kadlec	M	M30-34	97	5:44:08	0:35:55	0:05:38	2:51:15	0:03:24	2:07:56	Czech Republic	
e6e65520-d71f-4759-bc96-3f6446a00585	739	Christian Urich	F	M60-64	10	5:44:19	0:38:01	0:06:45	2:49:39	0:03:39	2:06:16	Unknown	
21e1f6dd-fb68-416a-8487-62c6b6c98022	740	Arno Jandl	M	M50-54	58	5:44:19	0:38:21	0:07:08	2:49:21	0:05:13	2:04:15	aut	
da0b16ef-2e1d-44e5-9983-86f6d32c22c2	741	Vojtech Poriz	M	M25-29	107	5:44:26	0:38:02	0:08:16	2:56:41	0:05:32	1:55:55	Czech Republic	
4321e6c1-b81f-ec11-b6e6-000d3a3abfd0	742	Miroslav Prochazka	M	M45-49	60	5:44:35	0:34:18	0:05:01	3:01:16	0:03:51	2:00:10	Czech Republic	
7b5dfb7e-83b3-f011-bbd3-002248098cfa	743	Daniel Kastl	M	M25-29	108	5:44:37	0:44:09	0:06:47	2:58:10	0:03:30	1:52:01	Germany	
675f3de3-b4aa-f011-bbd3-000d3a5cf7d8	744	Filip Holčapek	M	M18-24	87	5:44:42	0:38:34	0:07:28	2:48:48	0:03:54	2:05:58	Czech Republic	
7d68399e-5fdb-4fb2-9100-3654aa669100	745	Michael Belli	M	M55-59	19	5:44:49	0:36:20	0:06:25	2:48:42	0:04:34	2:08:48	Czech Republic	
d1420998-3692-4885-8466-48a5950442bc	746	Jindrich Bydžovský	M	M50-54	59	5:44:52	0:31:37	0:05:16	2:46:03	0:04:41	2:17:15	Austria	
14d93074-aad6-f011-8544-000d3a5b7c3b	747	Christián Kajaba	M	M30-34	98	5:45:02	0:40:36	0:06:29	2:45:27	0:04:47	2:07:44	Czech Republic	
234d50b5-b9aa-f011-bbd3-6045bd09951e	748	Jiří Kaláb	M	M35-39	115	5:45:05	0:43:23	0:05:37	2:53:34	0:04:09	1:58:22	Czech Republic	
ecbf5fbe-fb76-ee11-8179-000d3a314c24	749	Jakub Vít	M	M25-29	109	5:45:19	0:34:45	0:05:59	2:53:14	0:05:04	2:06:17	Czech Republic	
3faaee02-b6aa-f011-bbd3-000d3a5b7c3b	750	Jakub Žižka	M	M25-29	110	5:45:27	0:44:26	0:06:23	2:51:27	0:03:27	1:59:43	Czech Republic	
4faaae00-b2aa-f011-bbd3-000d3a35ffc1	751	Tibor Horáček	M	M18-24	88	5:45:31	0:42:06	0:05:57	2:52:00	0:03:59	2:01:28	Czech Republic	
ce782cac-324e-4565-9e9f-f2f61a738bba	752	Jan Neumann	M	M35-39	116	5:45:36	0:28:51	0:06:25	3:06:04	0:04:51	1:59:25	CZ	
ac51e1dd-6e65-ef11-bfe3-000d3a367177	753	Roman Keval	M	M35-39	117	5:45:37	0:36:38	0:06:12	2:47:53	0:04:22	2:10:32	DE	
bed53986-8cc8-f011-bbd3-000d3a5b7c3b	754	Thomas Hooyberghs	M	M30-34	99	5:45:39	0:37:00	0:09:21	2:59:34	0:07:14	1:52:31	Netherlands	
65c68e90-09b4-f011-bbd3-6045bd05fcc1	755	Alan Czyzykowski	M	M25-29	111	5:45:41	0:45:00	0:08:08	2:51:23	0:05:14	1:55:57	irl	
d82803e1-e8d1-f011-bbd3-000d3a3173b5	756	Gabriela Nováková	F	F45-49	9	5:45:51	0:36:21	0:07:36	2:58:15	0:03:49	1:59:50	Czech Republic	
d613279b-9def-f011-8407-6045bd09fcf5	757	Stephanie Nusterer	F	F45-49	10	5:45:53	0:38:51	0:06:28	2:49:47	0:05:54	2:04:52	Austria	
2a4a5b86-3266-4bf9-8d34-b3b99b2a26b1	758	Mikuláš Knotek	M	M30-34	100	5:45:54	0:37:51	0:06:16	2:54:56	0:04:00	2:02:51	Czech Republic	
07068ab9-2077-ee11-8179-000d3a314d17	759	Tereza Mikysková	F	F25-29	14	5:46:02	0:39:13	0:05:01	2:52:28	0:04:37	2:04:44	Czech Republic	
6762b2b2-d5ca-f011-bbd3-6045bd05fcc1	760	Petr Rouša	M	M35-39	118	5:46:10	0:43:26	0:07:24	2:57:51	0:06:01	1:51:27	Czech Republic	
a69ca327-b6aa-f011-bbd3-000d3a5b7c3b	761	Lukáš Friedrich	M	M45-49	61	5:46:17	0:35:16	0:07:57	2:44:15	0:04:25	2:14:24	Czech Republic	
94999a7c-8217-4dcb-8ba7-3b424ee45aa6	762	Veronika Pohankova	F	F35-39	13	5:46:17	0:33:32	0:05:41	2:54:21	0:04:03	2:08:40	Czech Republic	
fec829f9-39c6-f011-bbd3-6045bd09951e	763	Jan Klimek	M	M30-34	101	5:46:21	0:40:31	0:07:10	3:02:05	0:03:52	1:52:44	Czech Republic	
da6228a9-02a3-f011-bbd3-000d3a3173b5	764	Tobias Müllner	M	M30-34	102	5:46:32	0:45:22	0:08:40	2:47:56	0:04:36	1:59:58		
2a49877f-b5aa-f011-bbd3-000d3a5b50ba	765	Petr Gápa	M	M40-44	79	5:46:42	0:35:42	0:07:14	2:58:57	0:04:47	2:00:01	Czech Republic	
0fdfdcfb-c1aa-f011-bbd3-6045bd09951e	766	Filip Řehák	M	M25-29	112	5:46:46	0:40:44	0:05:58	2:50:04	0:04:11	2:05:49	Czech Republic	
4966b6b3-88c0-f011-bbd3-0022480c097c	767	Michal Žák	M	M35-39	119	5:46:52	0:43:47	0:07:10	2:52:05	0:04:01	1:59:50	Czech Republic	
b991aea6-2bd3-ed11-a7c7-000d3a31440b	768	Diego Valdivia	M	M35-39	120	5:46:53	0:53:02	0:07:31	2:46:51	0:03:58	1:55:32	BE	
dd7a2460-1659-4534-9ae4-3308e8c889e9	769	Jan Pohlodek	M	M45-49	62	5:47:00	0:44:47	0:07:54	2:54:36	0:04:42	1:55:00	Czech Republic	
992d54d5-07a2-f011-bbd3-6045bd09951e	770	FILIP CZERNICKI	M	M40-44	80	5:47:01	0:31:28	0:08:04	2:42:16	0:05:21	2:19:52	pol	
34509491-a27e-f111-ab0f-0022480994c2	771	Michael Prokš	M	M30-34	103	5:47:04	0:37:29	0:07:14	2:55:56	0:05:19	2:01:06	Czech Republic	
9c3102ab-e3b4-f011-bbd3-002248098cfa	772	Andrej Grunner	M	M35-39	121	5:47:04	0:37:04	0:06:10	2:57:10	0:03:06	2:03:34	Slovakia	
268c15c9-43bf-432e-ab3b-1bac8c7c19f6	773	Sabine Cereghini	F	F45-49	11	5:47:06	0:40:22	0:06:01	2:57:32	0:06:27	1:56:44	deu	
c643a226-a952-423f-a6cf-8132b9438276	774	Adela Wegschmiedová	F	F25-29	15	5:47:06	0:41:46	0:04:58	3:06:14	0:03:39	1:50:29	CZ	
9540c5f8-1c79-4859-a503-b05a2fc17a69	775	Annabelle Verse	F	F50-54	7	5:47:09	0:36:33	0:07:29	2:50:32	0:03:57	2:08:38	DEU	
222bbf72-aad4-f011-8544-6045bd09951e	776	Karim Titz	M	M18-24	89	5:47:10	0:32:04	0:06:36	3:03:00	0:04:01	2:01:29	Czech Republic	
3d7570ba-8380-4079-b15e-c726fab119f9	777	Tomas Pozdech	M	M35-39	122	5:47:14	0:41:30	0:06:29	2:57:29	0:04:25	1:57:22	Czech Republic	
cd7a46c4-a190-4227-9962-2a879ed8014d	778	Štefan Pilár	M	M40-44	81	5:47:16	0:32:22	0:08:30	2:57:27	0:05:51	2:03:05	SK	
86d36244-77a3-f011-bbd3-000d3a5cf7d8	779	Oliver Písečný	M	M30-34	104	5:47:24	0:36:52	0:06:25	2:54:55	0:03:41	2:05:31		
73b0eb20-458d-4d62-9fe7-6f424dfe1d4d	780	Robert Pejic	M	M55-59	20	5:47:25	0:37:01	0:05:50	2:44:50	0:03:54	2:15:51	DE	
f7c20215-60ca-f011-bbd3-000d3a5b50ba	781	Michal Ficbauer	M	M25-29	113	5:47:33	0:50:15	0:05:47	2:49:08	0:04:32	1:57:50	Czech Republic	
0a844d40-f08d-4ee6-ab9a-61d6d470b937	782	Christoph Starkl	M	M40-44	82	5:47:35	0:36:23	0:08:01	2:59:04	0:04:56	1:59:12	aut	
fd7ef93d-baaa-f011-bbd3-000d3a5cf7d8	783	Ondřej Sluka	M	M30-34	105	5:47:36	0:42:01	0:09:06	3:02:20	0:05:53	1:48:17	Czech Republic	
3754322e-4624-ef11-840a-6045bd0953ac	784	Adalbert Knobloch	M	M18-24	90	5:47:39	0:40:08	0:05:29	2:43:03	0:04:10	2:14:49	Czech Republic	
b95fc6e0-4019-447d-a35e-eead8dd98c48	785	Michal Valenta	M	M40-44	83	5:47:50	0:32:31	0:06:28	2:59:29	0:05:19	2:04:04	Czech Republic	
9258c8aa-b5aa-f011-bbd3-000d3a5b50ba	786	Kateřina Krásná	F	F25-29	16	5:47:54	0:37:34	0:08:40	2:52:16	0:05:35	2:03:49	Czech Republic	
ab11c1ae-bdaa-f011-bbd3-6045bd05f634	787	Pavlína Kučerová	F	F18-24	13	5:47:57	0:37:55	0:06:53	2:54:17	0:03:46	2:05:05	Czech Republic	
a3a3a1ce-b3aa-f011-bbd3-000d3a3173b5	788	Kristýna Cinková	F	F25-29	17	5:47:57	0:44:18	0:06:41	2:57:30	0:03:11	1:56:17	Czech Republic	
292a82a5-98b2-f011-bbd3-000d3a5cf7d8	789	Vojtěch Uhlíř	M	M25-29	114	5:47:58	0:43:45	0:06:37	2:42:51	0:05:48	2:08:57	Czech Republic	
760994e7-fcda-4e64-81e4-da78a37f1a83	790	Zdenek Kucera	M	M45-49	63	5:48:04	0:37:04	0:06:41	2:54:24	0:05:25	2:04:31	CZ	
10b34e83-dad1-f011-bbd3-0022480a7385	791	Filip Janota		M18-24	91	5:48:06	0:43:14	0:06:27	3:01:16	0:03:36	1:53:34		
a805742f-cf6e-46b2-b4ea-2b030125383a	792	Barbora Kubíková	F	F40-44	16	5:48:07	0:38:44	0:05:58	2:59:28	0:04:39	1:59:18	Czech Republic	
300aedc4-0ebc-f011-bbd3-6045bd05f634	793	Jan Koloničný	M	M25-29	115	5:48:11	0:47:31	0:11:01	2:54:14	0:04:15	1:51:10	Czech Republic	
285b1655-45db-4128-967e-dbe1cae3514d	794	Ruben Alvarez	M	M35-39	123	5:48:12	0:42:15	0:06:36	2:54:40	0:05:49	1:58:52	CH	
f1c4d358-bfaa-f011-bbd3-000d3a35ffc1	795	Adam Šťastný	M	M18-24	92	5:48:14	0:37:54	0:06:19	2:43:20	0:04:25	2:16:16	Czech Republic	
be77e87f-6ebc-4d89-b6db-5fff0dea7f32	796	Lukáš Bruna	M	M45-49	64	5:48:20	0:43:04	0:05:17	2:53:47	0:03:47	2:02:26	Czech Republic	
58157d5d-b8aa-f011-bbd3-000d3a35ffc1	797	Matyáš Makovský	M	M18-24	93	5:48:23	0:29:47	0:05:44	2:58:09	0:06:06	2:08:38	Czech Republic	
dad628c8-9615-ef11-9f89-000d3a59e106	798	Martin Volejník	M	M35-39	124	5:48:23	0:38:14	0:05:08	3:04:54	0:05:32	1:54:36	cze	
531e016f-e8b3-467f-9e94-4cb3ec149c79	799	Martin Neradilek	M	M25-29	116	5:48:29	0:38:27	0:05:14	3:00:56	0:04:13	1:59:39	Czech Republic	
3413b493-29bd-ed11-83ff-000d3a314c24	800	Ruben Vanhee	M	M30-34	106	5:48:33	0:40:10	0:06:35	2:55:27	0:07:54	1:58:27	BE	
0794a4e1-71d3-f011-8544-000d3a5b50ba	801	Lucia Harcekova	F	F25-29	18	5:48:36	0:45:17	0:06:55	2:57:50	0:05:58	1:52:37		
08b1ea77-55b4-f011-bbd3-000d3a5cf7d8	802	Ondřej Feix	M	M18-24	94	5:48:36	0:43:55	0:05:39	2:54:01	0:04:27	2:00:33	Czech Republic	
f2655539-75d3-ef11-8eea-6045bd02949c	803	Tom Hillary	M	M40-44	84	5:48:38	0:37:29	0:07:42	2:58:09	0:06:51	1:58:27	BE	
445953c2-c0aa-f011-bbd3-0022480c097c	804	Jan Sádecký	M	M25-29	117	5:48:49	0:42:03	0:08:27	2:53:43	0:07:28	1:57:09	Czech Republic	
23ab48f0-8e39-4854-bd74-515317859814	805	Radek Stovicek	M	M25-29	118	5:48:50	0:42:02	0:08:15	3:02:09	0:05:13	1:51:11	CZ	
1ae96c6c-c0aa-f011-bbd3-000d3a5b50ba	806	Milan Lukáš	M	M35-39	125	5:48:56	0:39:54	0:06:44	3:01:59	0:05:36	1:54:43	Czech Republic	
e3f23a95-e6e0-ef11-8eea-002248049fdc	807	Jaroslav Patra	M	M18-24	95	5:49:00	0:36:57	0:07:29	2:52:18	0:04:53	2:07:23		
0a2011e4-6786-ef11-ac21-6045bd05c809	808	Daniel Hettych	M	M25-29	119	5:49:01	0:29:20	0:07:29	2:56:50	0:08:39	2:06:44	NL	
9d6be25d-26a1-ef11-8a6a-000d3a59a9a1	809	Alen Šantek	M	M35-39	126	5:49:05	0:37:47	0:09:54	2:47:16	0:08:07	2:06:01	Croatia	
6485b080-b9aa-f011-bbd3-000d3a5b50ba	810	Jan Mikulec	M	M35-39	127	5:49:06	0:44:46	0:07:49	2:50:53	0:03:58	2:01:40	Czech Republic	
33920524-b9ae-4174-b1d7-e4fbcaefa639	811	David Gayer	M	M35-39	128	5:49:14	0:35:43	0:07:56	2:46:35	0:04:09	2:14:51	Czech Republic	
2c23841d-b3aa-f011-bbd3-000d3a5cf7d8	812	Nikola Koňariková	F	F18-24	14	5:49:24	0:32:29	0:06:05	3:07:57	0:03:30	1:59:23	Czech Republic	
74da951e-b2ca-ef11-b8e8-6045bd018d16	813	Vendula Vítovcová	F	F40-44	17	5:49:27	0:39:26	0:06:25	2:55:29	0:05:10	2:02:58	Czech Republic	
ad1d1cef-fdad-435b-b1c9-2839c03d9a67	814	David Santamaría	M	M40-44	85	5:49:31	0:34:10	0:04:57	2:37:30	0:03:02	2:29:52	ES	
2da7af73-b8aa-f011-bbd3-000d3a5b7c3b	815	Dominik Pujman	M	M25-29	120	5:49:37	0:44:01	0:08:33	2:56:42	0:05:16	1:55:05	Czech Republic	
52d02489-5a3f-41b8-bcc5-6598a76f610c	816	Ondrej Rada	M	M35-39	129	5:49:37	0:46:55	0:05:47	2:45:55	0:02:59	2:08:00		
832aec0a-d190-4ab1-899d-b748e66b45fa	817	Jakub Holec	M	M35-39	130	5:49:40	0:36:37	0:06:47	2:35:49	0:05:41	2:24:45	Czech Republic	
0cc6310f-f176-ee11-8179-000d3a314d17	818	Tomáš Friedl	M	M45-49	65	5:49:47	0:41:10	0:06:21	2:39:59	0:04:01	2:18:16	Czech Republic	
113d953f-d0ce-ef11-b8e8-000d3a5ae96c	819	Justus Robach	M	M18-24	96	5:49:48	0:37:30	0:06:11	2:57:43	0:02:59	2:05:25	deu	
6032068d-15a1-4ceb-bc45-dbe2de5f9434	820	Denis Micka	M	M25-29	121	5:49:51	0:34:09	0:07:33	2:50:28	0:05:52	2:11:49	Czech Republic	
7495bbce-c1aa-f011-bbd3-000d3a5cf7d8	821	Markéta Pavlišenová	F	F18-24	15	5:49:57	0:45:45	0:06:56	3:02:28	0:03:19	1:51:28	Czech Republic	
328721da-f86f-4ee1-ad16-f2dd71d9286b	822	Jan Trcka	M	M55-59	21	5:50:00	0:40:15	0:05:39	2:44:38	0:05:55	2:13:32	Czech Republic	
4a31edb4-3fe7-4bdb-83ba-7abeb053ced0	823	Roman Flasch	M	M55-59	22	5:50:08	0:36:20	0:07:35	2:46:27	0:06:47	2:12:59	AUT	
8cb350ec-ffc8-f011-bbd3-000d3a3173b5	824	Václav Řezníček	M	M18-24	97	5:50:10	0:25:40	0:04:41	2:35:26	0:03:00	2:41:23	Czech Republic	
12e609a4-863b-4fc8-90ae-db357f7a55bb	825	Uta Rauschert	F	F50-54	8	5:50:15	0:37:49	0:06:07	2:54:37	0:03:03	2:08:39	DE	
debb7c55-4c6c-ef11-bfe3-6045bd0953ac	826	Lukas Machala	M	M25-29	122	5:50:20	0:41:59	0:05:42	2:43:04	0:05:00	2:14:35	CH	
0037ac64-c1aa-f011-bbd3-0022480a7385	827	RADEK ZAVADIL	M	M50-54	60	5:50:24	0:36:40	0:05:59	2:57:45	0:04:03	2:05:58	Czech Republic	
c4f32548-8fb6-f011-bbd3-000d3a5b50ba	828	Clement Poulet	M	M35-39	131	5:50:28	0:36:41	0:05:50	2:54:00	0:04:49	2:09:09	Czech Republic	
d1d0d584-50a3-f011-bbd3-000d3a5b50ba	829	Vojtěch Malý		M30-34	107	5:50:31	0:39:56	0:07:52	2:56:09	0:04:54	2:01:41		
18319625-a7ab-f011-bbd3-0022480a7385	830	Eliška Horáková	F	F25-29	19	5:50:32	0:37:27	0:05:38	3:05:31	0:03:36	1:58:20	Czech Republic	
6dfecb7e-697c-f111-ab0e-70a8a5b19cbc	831	Luboš Polišenský	M	M40-44	86	5:50:33	0:41:40	0:05:30	2:55:01	0:04:46	2:03:35	Czech Republic	
1d8dd412-b7aa-f011-bbd3-6045bd05fcc1	832	Matej Štosák	M	M45-49	66	5:50:38	0:36:59	0:05:18	2:47:58	0:04:10	2:16:14	Slovakia	
6e0b28ea-29f5-4bc6-ac19-848465cd7b1e	833	Adrianna Chrusciel	F	F35-39	14	5:50:41	0:37:18	0:13:58	2:55:02	0:03:10	2:01:13	Poland	
fbca59d6-b8aa-f011-bbd3-000d3a5b50ba	834	Josef Sekava	M	M35-39	132	5:50:43	0:37:44	0:06:24	3:04:28	0:02:46	1:59:20	Czech Republic	
fa87ec01-5f33-f111-88b3-000d3a303b09	835	Anna Barbora Trhonova	F	F18-24	16	5:50:46	0:31:21	0:06:35	2:56:30	0:04:54	2:11:26	CZE	
17f81c2b-8e9c-ef11-8a6a-000d3a5a1803	836	Lissia Schneider	F	F35-39	15	5:50:49	0:48:47	0:06:10	2:54:44	0:03:27	1:57:41	DE	
a32397d2-db26-41fc-ada7-20c5a2b59ec3	837	Tomaz Sgerm	M	M40-44	87	5:50:49	0:39:38	0:07:35	2:51:20	0:06:29	2:05:48	svn	
240ac34c-b3aa-f011-bbd3-0022480c097c	838	Václav Peňáz	M	M18-24	98	5:51:13	0:48:29	0:06:19	2:54:41	0:06:11	1:55:33	Czech Republic	
fd6a35e7-3ffc-49e4-95fc-a6f95343632d	839	Filip Hron	M	M30-34	108	5:51:19	0:38:30	0:07:46	2:52:55	0:05:58	2:06:11	Czech Republic	
f7d324a8-7130-4a81-aec7-db32069393a7	840	Renata Kotápišová	F	F30-34	17	5:51:20	0:45:07	0:07:00	2:54:45	0:04:12	2:00:16	Czech Republic	
e424a0af-d98b-f011-b4cc-000d3a5cf7d8	841	Veronika Koubova	F	F35-39	16	5:51:21	0:37:04	0:05:06	2:52:43	0:03:48	2:12:39	Czech Republic	
46d87041-b7aa-f011-bbd3-000d3a3173b5	842	Tobiáš Skýpala	M	M25-29	123	5:51:30	0:42:39	0:06:22	2:46:24	0:03:46	2:12:19	Czech Republic	
332b629e-b8aa-f011-bbd3-6045bd05fcc1	843	Jakub Fabián	M	M40-44	88	5:51:32	0:43:30	0:05:42	3:02:00	0:04:11	1:56:08	Czech Republic	
62bdee19-1063-4608-bb4b-7863f8f3cdb9	844	Andreas Lippelt	M	M55-59	23	5:51:36	0:39:01	0:07:22	2:53:12	0:05:39	2:06:21	DE	
c4cd66a0-c0aa-f011-bbd3-000d3a35ffc1	845	Marek Střeleček	M	M25-29	124	5:51:40	0:38:14	0:08:25	3:06:27	0:04:25	1:54:09	Czech Republic	
493b72b7-c1aa-f011-bbd3-6045bd05f634	846	František Adler	M	M35-39	133	5:51:48	0:44:05	0:11:35	2:43:31	0:05:42	2:06:56	cze	
5b8634eb-5fcc-4f3f-b094-f25940291d70	847	Petra Sklenárová	F	F35-39	17	5:51:52	0:36:33	0:06:09	3:19:46	0:04:13	1:45:11	Czech Republic	
2ca63afe-40d1-4a1c-b8d4-318bf98cf755	848	Tomáš Kopec	M	M40-44	89	5:51:57	0:41:48	0:08:28	2:48:46	0:03:54	2:09:01	cze	
c3f0251f-c1aa-f011-bbd3-6045bd09951e	849	Vlastimil Sobotka	M	M25-29	125	5:51:58	0:37:56	0:05:50	3:04:42	0:05:44	1:57:45	Czech Republic	
5e1ad870-b4aa-f011-bbd3-000d3a5cf7d8	850	Matyáš Lebeda	M	M25-29	126	5:52:08	0:41:30	0:06:20	2:54:02	0:06:55	2:03:23	Czech Republic	
a81e071e-09c7-f011-bbd3-000d3a35ffc1	851	David Rajnoch	M	M30-34	109	5:52:13	0:34:52	0:07:16	2:52:12	0:04:41	2:13:13	Czech Republic	
6e517632-8f4b-ed11-bba1-000d3a314c24	852	Katrin Beywinkler	F	F30-34	18	5:52:17	0:36:27	0:06:16	2:57:06	0:04:10	2:08:18	aut	
3ac0f35d-2b7c-45dd-9859-1ea729f80464	853	Dagmar Trummer-Widder	F	F45-49	12	5:52:26	0:33:21	0:06:20	2:57:09	0:03:59	2:11:38	aut	
9731f619-a34e-4073-a6bd-e935ca3e938c	854	Jaroslav Smíšek	M	M50-54	61	5:52:30	0:45:34	0:09:04	2:55:19	0:05:33	1:57:01	Czech Republic	
acd5bfa4-e3b4-f011-bbd3-002248098cfa	855	Barbora Orságová	F	F25-29	20	5:52:33	0:37:00	0:08:02	2:55:42	0:05:16	2:06:32	Czech Republic	
2536deb1-b2aa-f011-bbd2-000d3a3009e6	856	Martin Jinda	M	M35-39	134	5:52:35	0:33:41	0:06:46	2:59:15	0:04:55	2:07:59	Czech Republic	
8dfb72d5-cbc1-f011-bbd3-000d3a5b50ba	857	Jaroslav Hradečný	M	M35-39	135	5:52:37	0:36:26	0:06:28	2:52:21	0:04:13	2:13:09	Czech Republic	
39803cdb-beaa-f011-bbd3-000d3a5b50ba	858	Tomáš Magyar	M	M30-34	110	5:52:38	0:42:14	0:07:40	2:54:44	0:04:11	2:03:48	Czech Republic	
bc92ee86-efaa-4293-b380-e0dd87a37765	859	Jana ROKOSKÁ	F	F25-29	21	5:52:40	0:37:38	0:10:28	2:59:50	0:10:34	1:54:10	cze	
5e0ec135-839c-47dc-812c-f6276adddb48	860	Jana Kovárová	F	F30-34	19	5:52:48	0:40:17	0:08:06	2:54:15	0:03:52	2:06:18	Czech Republic	
0766393a-2bc2-4f8f-aba3-184396ff601a	861	Lukáš Molnár	M	M30-34	111	5:52:56	0:43:01	0:08:24	2:51:21	0:05:08	2:05:02	MAF	
198b4cee-00b6-f011-bbd3-6045bd05fcc1	862	Tomáš Mojžíšek	M	M45-49	67	5:53:27	0:49:14	0:08:13	2:56:44	0:06:49	1:52:27	Czech Republic	
2585cfbe-88c0-f011-bbd3-6045bd05fcc1	863	Pavel Pecold	M	M35-39	136	5:53:27	0:43:06	0:07:18	2:52:19	0:04:13	2:06:31	Czech Republic	
8e82a7ba-c157-4317-a86b-75325038f7c1	864	Šimon Sluka	M	M18-24	99	5:53:29	0:46:39	0:06:52	2:51:44	0:05:37	2:02:37	Czech Republic	
1b736d6b-ac0d-46ea-bb37-4df37e00209d	865	Oliver Pichler	M	M45-49	68	5:53:30	0:39:43	0:08:09	2:50:59	0:04:13	2:10:26	Austria	
ecab938d-dc55-4398-8337-cc5dd083f373	866	Filip Szotkowski	M	M40-44	90	5:53:33	0:42:26	0:09:16	2:53:25	0:05:50	2:02:36	CZE	
ed603228-0c86-4322-a7a4-c8efddeadab2	867	Patrik Hroneš	M	M55-59	24	5:53:36	0:42:37	0:06:55	2:44:22	0:04:58	2:14:44	Czech Republic	
9eaf1dca-beaa-f011-bbd3-000d3a3173b5	868	Šimon Nosek	M	M30-34	112	5:53:38	0:30:29	0:05:38	2:53:16	0:04:45	2:19:30	Czech Republic	
142e9431-0cac-4690-b59b-1c295c09239b	869	Tanja Wolner	F	F25-29	22	5:53:48	0:35:11	0:05:43	2:55:36	0:04:11	2:13:06	aut	
e8a438ac-5799-ef11-8a6a-000d3a338a3c	870	Martin Vyšváder	M	M40-44	91	5:53:51	0:36:28	0:06:20	3:00:14	0:04:30	2:06:19	Slovakia	
b47a47f5-4b73-4b47-aadb-a77f40d35ad2	871	Mathieu Guidel	M	M40-44	92	5:53:52	0:39:34	0:06:19	2:53:49	0:03:35	2:10:35	FR	
2ab22b08-97ca-ef11-b8e8-000d3a5ae96c	872	David Mezo	M	M30-34	113	5:53:52	0:43:41	0:06:14	2:57:53	0:03:51	2:02:13	Hungary	
36c59774-09bc-f011-bbd2-000d3a3402d5	873	Nico Hannoun	M	M18-24	100	5:53:53	0:39:24	0:04:59	2:50:43	0:04:14	2:14:33	Germany	
d1cf6b68-b4aa-f011-bbd3-0022480a7385	874	Petr Gaska	M	M25-29	127	5:53:53	0:41:36	0:07:53	3:00:13	0:04:17	1:59:53	Czech Republic	
0a9aa80b-53be-f011-bbd3-000d3a5b50ba	875	Vojtěch Doffek	M	M18-24	101	5:53:56	0:34:37	0:08:33	3:05:02	0:06:21	1:59:24	Czech Republic	
5721fdc4-a7a3-f011-bbd3-000d3a35ffc1	876	Andrea Plašilová	F	F35-39	18	5:54:04	0:34:45	0:05:26	3:07:42	0:04:34	2:01:38	Czech Republic	
5a3c63e2-724d-4ff5-9d63-90e7578ebe03	877	Jan Pokorný	M	M30-34	114	5:54:08	0:43:24	0:05:11	2:54:53	0:02:57	2:07:43	Czech Republic	
01c9389e-bcaa-f011-bbd3-000d3a5b50ba	878	Marcin Milewicz	M	M35-39	137	5:54:12	0:43:56	0:07:40	3:08:31	0:04:31	1:49:34	Poland	
292e45c5-3668-46f5-81de-189e82aa10d5	879	Jan Exner	M	M35-39	138	5:54:17	0:41:18	0:07:02	2:46:53	0:03:59	2:15:05	Czech Republic	
a58fd1ca-78b3-4672-b256-7f2ca9430dbb	880	Tomas Kvasnicka	M	M35-39	139	5:54:18	0:48:16	0:07:52	2:56:37	0:05:22	1:56:10	Czech Republic	
05c10023-bcaa-f011-bbd3-000d3a5b50ba	881	Jan Poprocsi	M	M25-29	128	5:54:19	0:41:13	0:08:47	2:51:18	0:05:07	2:07:54	Czech Republic	
d8ce2d15-5ac6-e911-a97b-000d3a3740b7	882	David Trcka	M	M40-44	93	5:54:31	0:39:33	0:06:48	2:53:39	0:03:38	2:10:53	Czech Republic	
8c1217f4-2610-441d-908e-4756255cc561	883	Wolfgang Rubarth	M	M70-74	1	5:54:36	0:39:36	0:06:29	2:57:34	0:05:30	2:05:28	deu	
ad4a5581-bdaa-f011-bbd3-000d3a3173b5	884	Martin Růžička	M	M18-24	102	5:54:37	0:41:48	0:08:53	2:51:16	0:04:29	2:08:10	Czech Republic	
e46299d6-b4aa-f011-bbd3-000d3a5b50ba	885	David Mican	M	M25-29	129	5:54:37	0:38:37	0:06:02	2:58:28	0:03:22	2:08:07	Czech Republic	
de747784-b3aa-f011-bbd3-6045bd09951e	886	David Ulrich	M	M35-39	140	5:54:40	0:34:35	0:06:57	2:50:37	0:03:41	2:18:50	cze	
a254ca8f-37a7-f011-bbd3-000d3a3173b5	887	Andrii Liashko	M	M50-54	62	5:54:54	0:50:55	0:11:26	2:40:07	0:04:24	2:08:02		
15e12536-b4aa-f011-bbd3-6045bd05f634	888	Dominik Sikora	M	M25-29	130	5:54:57	0:40:57	0:07:47	2:50:54	0:05:26	2:09:53	Czech Republic	
ce1c24ff-c1aa-f011-bbd3-000d3a5cf7d8	889	Juraj Pauer	M	M35-39	141	5:55:01	0:41:39	0:07:48	2:59:23	0:04:48	2:01:23	Slovakia	
432f9fe9-87b2-f011-bbd3-000d3a5b50ba	890	Nikola Rulfova	F	F25-29	23	5:55:04	0:39:00	0:05:53	3:06:02	0:03:52	2:00:17	Czech Republic	
481a4774-f710-4de4-9efb-ded8372c1bd2	891	Jakub Boudyš	M	M18-24	103	5:55:21	0:34:17	0:05:54	3:02:20	0:03:50	2:08:59	Czech Republic	
87fe6df6-ffc8-f011-bbd3-6045bd05fcc1	892	Martin Seidl	M	M25-29	131	5:55:21	0:41:59	0:09:07	2:40:44	0:05:07	2:18:24	Czech Republic	
a2f6d3c6-b4aa-f011-bbd3-000d3a3173b5	893	Daniel Kroupa	M	M25-29	132	5:55:23	0:50:52	0:06:19	2:43:13	0:03:24	2:11:36	Czech Republic	
b95f5b6d-c2aa-f011-bbd3-000d3a5b7c3b	894	Adam Koncer	M	M35-39	142	5:55:24	0:43:33	0:08:03	2:51:46	0:03:58	2:08:05	Czech Republic	
ac7e6ab2-2070-4b5d-9b05-a0b2426f493c	895	Rainer Pöltl	M	M55-59	25	5:55:26	0:41:51	0:08:14	2:47:06	0:06:08	2:12:08	aut	
adb3b414-a91b-4ad1-bbd2-b7137aa0028a	896	Frantisek Kubala	M	M50-54	63	5:55:26	0:37:08	0:05:31	3:04:52	0:03:19	2:04:36	Czech Republic	
dba41681-bfaa-f011-bbd3-000d3a3173b5	897	Michal Schwetz	M	M30-34	115	5:55:28	0:43:04	0:10:05	2:54:45	0:09:16	1:58:19	Czech Republic	
14cc280f-c5aa-f011-bbd2-000d3a3009e6	898	Pavel Divoka	M	M18-24	104	5:55:31	0:42:33	0:08:12	2:43:16	0:07:36	2:13:54	Czech Republic	
bff865ab-e5c1-4805-86c3-43bc47851cb4	899	Daniel Kunz	M	M25-29	133	5:55:38	0:46:00	0:08:59	3:00:05	0:03:42	1:56:53	CZ	
4dbf24db-24c3-f011-bbd3-000d3a5b50ba	900	Ondrej Gereg	M	M18-24	105	5:55:40	0:35:33	0:06:47	2:52:38	0:06:21	2:14:21		
b2676119-8df3-4c54-936f-592c758ab1f2	901	Denis Lauko	M	M50-54	64	5:55:43	0:38:17	0:08:49	2:49:47	0:05:22	2:13:27	svk	
b852b2ec-4aee-4edd-b498-92ebbc20c167	902	Filip Slovácek	M	M30-34	116	5:55:45	0:44:16	0:08:00	2:52:41	0:05:13	2:05:35	Czech Republic	
97583d36-946d-f011-bec3-000d3a5b50ba	903	Václav Mička	M	M30-34	117	5:55:45	0:37:18	0:06:59	3:01:13	0:05:09	2:05:07	Czech Republic	
ce15897f-5450-415b-8191-863409ed7290	904	Kamila Maríková	F	F30-34	20	5:55:47	0:44:24	0:06:17	2:46:16	0:03:30	2:15:20	Czech Republic	
baf10cbd-a9a3-f011-bbd3-000d3a5b7c3b	905	František Koukl	M	M18-24	106	5:55:49	0:41:37	0:07:11	2:59:31	0:11:26	1:56:04		
5084f656-b8aa-f011-bbd3-000d3a5b50ba	906	Jan Horák	M	M35-39	143	5:55:51	0:41:08	0:10:15	2:57:12	0:06:40	2:00:37	Czech Republic	
c1029bf1-114f-4d69-a353-1dd78fc84866	907	Lea Likar	F	F18-24	17	5:55:52	0:33:09	0:05:29	2:51:37	0:04:29	2:21:09	aut	
f7a9a283-b6aa-f011-bbd2-000d3a3009e6	908	Martin Jirota	M	M45-49	69	5:55:57	0:48:13	0:08:20	2:48:01	0:04:40	2:06:43	Czech Republic	
a198433d-78ae-f011-bbd3-0022480a7385	909	Jakub Kabat	M	M30-34	118	5:55:57	0:37:34	0:06:59	3:04:02	0:04:07	2:03:16	Czech Republic	
49a4f509-0116-48dd-b6d5-89662e930f86	910	Martin Jelínek	M	M40-44	94	5:56:00	0:46:42	0:05:37	2:53:06	0:04:41	2:05:53	cze	
47ca3cad-b5aa-f011-bbd3-6045bd05f634	911	Tomáš Mert	M	M18-24	107	5:56:01	0:31:56	0:06:41	2:49:12	0:05:21	2:22:50	Czech Republic	
a54d9adc-0977-ee11-8179-000d3a314329	912	Miloslav Blažek	M	M40-44	95	5:56:08	0:41:52	0:07:17	2:58:03	0:04:55	2:04:01	Czech Republic	
9ebe946b-7398-f011-b4cc-002248098cfa	913	Ivo Vorek	M	M35-39	144	5:56:12	0:39:41	0:06:28	2:50:38	0:04:11	2:15:12		
7879e344-d61a-4c82-a083-ecd69d960c95	914	Rostislav Šotola	M	M50-54	65	5:56:14	0:35:51	0:06:11	2:51:31	0:04:44	2:17:56	Czech Republic	
6142a2fd-bfaa-f011-bbd3-0022480a7385	915	Tomáš Lefner	M	M25-29	134	5:56:18	0:46:38	0:08:55	3:06:17	0:02:55	1:51:32	Czech Republic	
22ca6b73-e1bf-4a0a-86c9-ced502b13d2c	916	Lukáš Kulhavý	M	M40-44	96	5:56:22	0:46:30	0:08:12	2:55:14	0:05:54	2:00:32	CZE	
2cf45838-40a1-4f7d-85fa-77cd299bb585	917	Jan Šimek	M	M30-34	119	5:56:39	0:42:24	0:06:25	2:52:55	0:03:21	2:11:34	Czech Republic	
3f765017-8561-43ab-863e-b92e7297e02a	918	Tereza Odvárková	F	F18-24	18	5:56:43	0:35:39	0:06:44	3:06:13	0:04:25	2:03:42	Czech Republic	
2e355361-42be-f011-bbd3-000d3a5b50ba	919	Matěj Geralský	M	M18-24	108	5:56:43	0:38:21	0:05:19	2:50:25	0:07:49	2:14:49	Czech Republic	
a07bd505-a4a5-f011-bbd3-0022480c097c	920	Tomáš Matucha	M	M45-49	70	5:56:53	0:37:34	0:06:11	3:02:10	0:04:56	2:06:02	CZ	
3df73ac5-e54c-48d9-a929-5f15c038edd1	921	Monika Velínová	F	F35-39	19	5:56:56	0:37:37	0:06:51	3:02:07	0:05:40	2:04:40	CZE	
f26b41f5-1f21-ec11-b6e5-000d3a3ba3ee	922	Zuzana Mojdlova	F	F50-54	9	5:56:56	0:36:09	0:08:45	2:50:43	0:09:23	2:11:58	cze	
eb1cd9a0-b9aa-f011-bbd3-000d3a3173b5	923	Patrik Linhart	M	M18-24	109	5:56:58	0:38:08	0:06:22	2:56:06	0:03:49	2:12:32	Czech Republic	
7cd91689-b5aa-f011-bbd3-6045bd05f634	924	Michal Uhlíř	M	M30-34	120	5:57:00	0:34:14	0:05:19	3:03:30	0:03:25	2:10:31	Czech Republic	
ea57e9a6-b9aa-f011-bbd2-000d3a3009e6	925	Michaela Trilcová	F	F35-39	20	5:57:06	0:30:10	0:06:22	3:18:17	0:04:25	1:57:53	Czech Republic	
123ecc0f-87ff-4a40-8910-83f121cc376b	926	Magdalena Oravcová	F	F30-34	21	5:57:07	0:43:48	0:08:53	2:51:53	0:04:35	2:07:58	cze	
69aff5d8-0c9a-4a74-b9bc-aedcb1cd6a11	927	Dennis Bode	M	M30-34	121	5:57:09	0:30:50	0:05:56	3:02:54	0:03:45	2:13:43	NL	
d8151221-5165-f011-bec3-6045bd05fcc1	928	Roman Jasenovec	M	M35-39	145	5:57:10	0:43:20	0:05:28	2:58:26	0:04:34	2:05:22		
16805c2d-a7ab-f011-bbd3-0022480c097c	929	Lukáš Beránek	M	M25-29	135	5:57:12	0:41:35	0:06:30	2:56:43	0:04:46	2:07:38	Czech Republic	
62e22d55-32ab-f011-bbd3-6045bd09951e	930	David Klímek	M	M25-29	136	5:57:14	0:43:06	0:06:55	2:57:33	0:04:39	2:05:01	cze	
6d58e9d0-b0c7-f011-bbd3-6045bd05fcc1	931	Václav Čapek	M	M25-29	137	5:57:15	0:46:05	0:07:14	2:58:13	0:04:58	2:00:46	Czech Republic	
9458e774-9bb9-f011-bbd3-6045bd05f634	932	Tomáš Brádle	M	M35-39	146	5:57:22	0:38:55	0:07:10	2:54:12	0:05:40	2:11:24	Czech Republic	
e1ad9285-2c82-481d-b63c-b54869e4ddc9	933	Gernot Pekarek	M	M45-49	71	5:57:26	0:34:58	0:07:38	2:56:49	0:04:53	2:13:07	AT	
fa93c494-8cec-f011-8544-7ced8d6df9f5	934	Zdeněk Špaček	M	M40-44	97	5:57:36	0:42:15	0:07:50	2:50:26	0:03:42	2:13:23	Czech Republic	
f87a0fbb-bdaa-f011-bbd2-000d3a3009e6	935	Jan Kutílek	M	M25-29	138	5:57:42	0:40:19	0:05:51	3:02:53	0:06:37	2:02:03	Czech Republic	
bf025e1c-9e67-4f54-a27d-75cf7b4d5df3	936	Stefan Bredl	M	M40-44	98	5:57:42	0:35:55	0:13:00	2:48:15	0:04:57	2:15:35	Germany	
630a43bf-b5aa-f011-bbd3-6045bd05f634	937	Andreas Chaloupka	M	M30-34	122	5:57:57	0:36:21	0:06:47	2:57:15	0:03:41	2:13:53	Czech Republic	
915afddc-ab9c-f111-b8dc-6045bd06566a	938	Hana Trhonova	F	F50-54	10	5:57:57	0:39:12	0:06:15	2:56:14	0:04:44	2:11:31		
24009cd0-b4aa-f011-bbd3-000d3a5b50ba	939	Petr Ulrich	M	M45-49	72	5:58:00	0:29:15	0:05:42	3:00:08	0:03:36	2:19:20	Czech Republic	
36369d1f-b6aa-f011-bbd3-6045bd05f634	940	Ondřej Cieslar	M	M25-29	139	5:58:09	0:41:03	0:07:45	3:01:25	0:06:03	2:01:52	Czech Republic	
eb45d5bc-899c-f011-b41c-000d3a3173b5	941	Jakub Hlaváč	M	M35-39	147	5:58:14	0:40:27	0:06:54	2:58:02	0:03:53	2:08:58		
81f1ad32-b400-49e9-9048-7be68e83fe10	942	Marek Šmídl	M	M30-34	123	5:58:18	0:32:27	0:05:51	2:59:32	0:02:57	2:17:31	Czech Republic	
6a2f3802-c1aa-f011-bbd3-6045bd05f634	943	Ronan Nagle	M	M50-54	66	5:58:19	0:38:24	0:08:13	2:56:04	0:06:40	2:08:58	Ireland	
e517b14f-ea72-49ef-83a0-6e1d53d56b63	944	Martin Yankov	M	M25-29	140	5:58:19	0:43:14	0:07:49	3:01:02	0:05:29	2:00:46	BG	
972519a1-8ed5-42c4-a6b5-bd6ff8f6b383	945	Vít Mráz	M	M50-54	67	5:58:22	0:44:41	0:08:33	2:54:38	0:05:42	2:04:49	Czech Republic	
7a032c05-9f93-4bfd-b47d-e1a208b55e29	946	Aleksander Perkowski	M	M30-34	124	5:58:30	0:29:19	0:04:05	3:42:44	0:02:25	1:39:56	pol	
3bcbc939-6580-f011-b4cc-000d3a35ffc1	947	Jan Novotný	M	M18-24	110	5:58:42	0:41:58	0:09:39	3:03:33	0:06:43	1:56:50		
d4d5c1fa-c1aa-f011-bbd3-000d3a35ffc1	948	David Petrášek	M	M18-24	111	5:58:55	0:38:31	0:08:32	3:06:09	0:07:00	1:58:43	Czech Republic	
e830b572-921c-ef11-840a-6045bd00e0b7	949	Jan Kutnik	M	M30-34	125	5:58:58	0:23:55	0:08:04	2:52:04	0:06:19	2:28:36	CZ	
91039f3e-dfc0-4bca-8db6-355e4a6bc88a	950	David Krivanek	M	M45-49	73	5:58:59	0:47:45	0:08:52	2:43:04	0:04:28	2:14:49	DE	
f3ff1c4b-88c9-f011-bbd3-6045bd09951e	951	Samuel Hitraček	M	M18-24	112	5:59:23	0:44:30	0:06:36	2:38:57	0:03:30	2:25:51	Slovakia	
0aa5ffb9-b6aa-f011-bbd3-000d3a5b7c3b	952	Josef Pobuda	M	M25-29	141	5:59:23	0:39:43	0:06:48	2:54:58	0:04:12	2:13:43	Czech Republic	
614bf15f-d66f-f011-bec3-000d3a3173b5	953	Aneta Strejciusová	F	F25-29	24	5:59:34	0:38:34	0:06:30	2:58:40	0:03:11	2:12:38	Czech Republic	
f5e6fc26-bbaa-f011-bbd3-000d3a3173b5	954	Jan Vožech	M	M35-39	148	5:59:42	0:42:07	0:10:11	3:00:39	0:05:34	2:01:10	Czech Republic	
6fa6fe01-8cc4-f011-bbd3-000d3a5cf7d8	955	Tomáš Řezanka	M	M18-24	113	5:59:44	0:41:55	0:08:52	2:58:39	0:08:45	2:01:32	Czech Republic	
f2aa8dec-b1fc-41ae-a9d7-761976b30376	956	Katrin Mutter	F	F50-54	11	6:00:04	0:34:47	0:05:52	2:57:56	0:04:06	2:17:23	deu	
4945f5a0-43a3-f011-bbd3-000d3a5c3d6c	957	Andrea Košíková	F	F30-34	22	6:00:12	0:44:06	0:05:42	3:10:24	0:03:25	1:56:34		
3c227126-65e3-4275-a88a-eca17a661c19	958	Vladimír Tesner	M	M45-49	74	6:00:19	0:40:42	0:06:34	2:49:46	0:04:06	2:19:11	Czech Republic	
f82b9d0c-1e4a-48c3-b650-24d2df235f15	959	Jirí Kána	M	M35-39	149	6:00:20	0:33:31	0:06:55	2:57:45	0:03:32	2:18:37	Czech Republic	
e1ea3c42-b4aa-f011-bbd3-6045bd05f634	960	Radek Hanák	M	M40-44	99	6:00:21	0:38:37	0:05:37	2:53:03	0:05:23	2:17:41	Czech Republic	
2bc22b41-fe76-ee11-8179-000d3a5ca14e	961	Petr Staveník	M	M35-39	150	6:00:22	0:42:13	0:07:57	3:02:23	0:05:35	2:02:13	Czech Republic	
ef965e9b-8669-f011-bec2-000d3a5cf7d8	962	Fryderyk Gawron	M	M40-44	100	6:00:25	0:44:06	0:05:13	2:58:06	0:06:13	2:06:47	Poland	
830997c2-bfaa-f011-bbd3-000d3a5b50ba	963	Petr Gallus	M	M25-29	142	6:00:26	0:34:59	0:06:39	2:45:18	0:04:04	2:29:26	Czech Republic	
e7722799-b4aa-f011-bbd3-000d3a5b50ba	964	Marek Srb	M	M30-34	126	6:00:28	0:37:15	0:06:12	3:02:03	0:03:16	2:11:42	Czech Republic	
793984ba-fa07-f111-8406-0022480b88da	965	Adam Řehák	M	M35-39	151	6:00:30	0:36:45	0:09:28	2:51:23	0:04:23	2:18:31	Czech Republic	
99c158aa-42da-473a-8d62-ad3d55476948	966	Jirí Pšenicka	M	M40-44	101	6:00:37	0:46:38	0:05:33	2:52:15	0:04:01	2:12:11	CZE	
60a70126-02b3-f011-bbd2-000d3a59410f	967	Martin Žilinčík	M	M18-24	114	6:00:39	0:42:38	0:06:26	2:59:05	0:05:56	2:06:35	Slovakia	
69655764-64d8-f011-8543-6045bd05fcc1	968	Matej Hozlár	M	M18-24	115	6:00:42	0:39:26	0:08:03	3:10:10	0:06:11	1:56:52	Slovakia	
ec14c22b-3db0-f011-bbd3-000d3a5b50ba	969	Šimon Ďurica	M	M18-24	116	6:01:01	0:41:41	0:06:27	3:00:06	0:06:13	2:06:35	Slovakia	
84c963e7-61ed-41e8-ba0f-edd1b139f8cb	970	Lucie Dobrovolná	F	F35-39	21	6:01:10	0:40:34	0:08:23	3:08:43	0:04:59	1:58:31	Czech Republic	
c27060c4-7a93-4357-a45a-8d75049412e4	971	Petr Holec	M	M45-49	75	6:01:12	0:35:39	0:07:40	3:07:37	0:03:57	2:06:19	CZE	
51ffc28f-3a32-4ac0-8fc6-5cd073ca3a97	972	Marek Štepánek	M	M35-39	152	6:01:27	0:40:56	0:05:28	2:57:09	0:10:58	2:06:55	CZ	
c79b7aaf-2f85-f011-b4cc-000d3a35ffc1	973	Eleonora Röpke	F	F18-24	19	6:01:28	0:34:46	0:05:01	2:59:34	0:03:00	2:19:07	Germany	
3d0a9258-39a5-4ff8-9eab-3c7b5f11831d	974	Marek Tyban	M	M25-29	143	6:01:30	0:42:35	0:06:20	3:06:55	0:03:58	2:01:42	Czech Republic	
4adf2e97-5f0b-4649-b75a-94d4ad67d628	975	Marek Míchal	M	M25-29	144	6:01:34	0:43:05	0:06:28	2:54:44	0:03:41	2:13:35	cze	
682380de-5fdf-4110-afcd-94d885388ea0	976	Balazs Kolos Molnar	M	M35-39	153	6:01:39	0:47:23	0:10:56	2:55:41	0:04:52	2:02:48	hun	
f3e4940a-c0aa-f011-bbd3-6045bd05f634	977	Ota Pichl	M	M35-39	154	6:01:40	0:37:45	0:08:25	3:00:00	0:04:39	2:10:51	Czech Republic	
0f21189f-7d43-4b69-a7fb-ebc0b02954b6	978	Grzegorz Skwarek	M	M55-59	26	6:01:42	0:35:53	0:07:04	2:56:12	0:05:49	2:16:45	Poland	
ed284a03-0acb-f011-bbd2-6045bd09e913	979	Adam Kracík	M	M45-49	76	6:01:52	0:29:44	0:05:56	3:05:24	0:03:37	2:17:11	Czech Republic	
3dd8ccfa-8929-4e5d-ab45-4ef29b1781e1	980	Alberto Albertos Asencio	M	M30-34	127	6:02:00	0:44:37	0:06:23	3:04:25	0:03:55	2:02:40	ESP	
490d4f63-aad4-f011-8544-000d3a5b7c3b	981	Michal Hajsl	M	M35-39	155	6:02:03	0:36:43	0:09:27	3:03:14	0:04:36	2:08:03	Czech Republic	
6a12b0a2-33b4-f011-bbd3-000d3a5b7c3b	982	Martin Ferjanček	M	M18-24	117	6:02:03	0:38:48	0:06:28	2:59:06	0:04:43	2:12:59	Slovakia	
32dcd811-b3aa-f011-bbd3-000d3a3173b5	983	Matyáš Licek	M	M25-29	145	6:02:05	0:32:48	0:06:32	2:55:35	0:03:51	2:23:19	Czech Republic	
e432a9a3-e0c3-f011-bbd3-000d3a5b50ba	984	Karolína Tvrdíková	F	F18-24	20	6:02:07	0:42:49	0:05:16	3:02:19	0:03:06	2:08:37		
dc358741-b9aa-f011-bbd3-000d3a5b7c3b	985	Marek Pokorný	M	M30-34	128	6:02:11	0:37:02	0:05:36	2:56:57	0:03:52	2:18:43	Czech Republic	
a92f8aad-5bca-4fc0-8638-78de8f468306	986	Vlasta Šejvlová	F	F45-49	13	6:02:12	0:40:22	0:06:47	2:57:24	0:04:00	2:13:39	CZE	
312ea9aa-b8aa-f011-bbd3-000d3a3173b5	986	Dalibor Sláma	M	M35-39	156	6:02:12	0:36:58	0:07:16	2:56:45	0:06:06	2:15:07	Czech Republic	
c3c30931-5c9b-4031-9602-5746cba60571	988	Andrea Benešová	F	F25-29	25	6:02:22	0:34:24	0:06:25	3:07:05	0:04:10	2:10:18	Czech Republic	
a8e12505-215a-43c2-8766-f91032555831	989	Pavel Novak	M	M40-44	102	6:02:23	0:31:47	0:06:18	2:44:17	0:04:03	2:35:59	Czech Republic	
ac5d36da-e061-ee11-be6e-000d3a314ae2	990	Katharina Bockelt	F	F30-34	23	6:02:23	0:42:43	0:06:18	3:10:34	0:05:37	1:57:12	Germany	
402cddfa-9d91-eb11-b1ac-000d3a58b82f	991	Dominik Berényi	M	M18-24	118	6:02:38	0:31:59	0:08:05	2:56:24	0:08:59	2:17:10		
c4d2e681-5edb-476f-828f-c478bb485dec	992	Matej Slovácek	M	M35-39	157	6:02:46	0:33:36	0:06:47	2:48:37	0:03:37	2:30:10	Czech Republic	
ecead551-21bc-f011-bbd2-000d3a5b7c3b	993	Rastislav Kocúr	M	M30-34	129	6:02:58	0:49:44	0:08:18	3:08:51	0:06:29	1:49:37	Slovakia	
c28e7212-c5a5-f011-bbd3-6045bd05f634	994	Patrik Polák	M	M30-34	130	6:03:03	0:36:43	0:07:21	3:09:24	0:04:40	2:04:55		
20569c9f-ac03-4537-92cd-5aff99896a85	995	Romana Pintar	F	F60-64	1	6:03:08	0:45:19	0:08:16	2:51:47	0:05:23	2:12:23	Slovenia	
a8b2401c-aea5-4b2b-bc17-acccacfc2bed	996	Filip Cerný	M	M30-34	131	6:03:10	0:42:58	0:06:19	2:51:25	0:03:15	2:19:13	Czech Republic	
81bcf330-09c7-f011-bbd3-000d3a5b50ba	997	Martin Král	M	M55-59	27	6:03:12	0:30:47	0:12:00	2:59:05	0:07:45	2:13:35	Czech Republic	
2326fcc1-b7aa-f011-bbd3-000d3a3173b5	998	Jakub Kalát	M	M40-44	103	6:03:36	0:42:21	0:06:26	2:56:14	0:04:45	2:13:52	Czech Republic	
bff3a2a5-bfaa-f011-bbd2-000d3a3009e6	999	Adam Černý	M	M35-39	158	6:03:39	0:43:57	0:07:31	2:57:09	0:06:02	2:09:01	Czech Republic	
7f93ebbe-c0aa-f011-bbd3-000d3a5cf7d8	1000	Aneta Dvořáčková	F	F30-34	24	6:03:41	0:47:27	0:07:55	3:09:47	0:04:55	1:53:36	Czech Republic	
7696eb92-b4aa-f011-bbd2-000d3a3009e6	1001	Ronald Temes	M	M50-54	68	6:03:43	0:42:08	0:06:45	2:42:55	0:04:31	2:27:24	Slovakia	
38cd715c-853d-47df-ae75-39c1b4c4dee8	1002	Mathias Kramer	M	M65-69	2	6:03:55	0:33:28	0:06:22	2:59:37	0:05:00	2:19:27	deu	
4b07b6b9-bdaa-f011-bbd3-000d3a3173b5	1003	Karel LAUBE	M	M40-44	104	6:03:55	0:36:09	0:06:34	2:51:29	0:05:10	2:24:33	Czech Republic	
488a8e87-5b63-f111-a825-70a8a59c8528	1004	Adam Porteš	M	M30-34	132	6:04:03	0:34:35	0:07:46	3:00:34	0:05:15	2:15:54	Czech Republic	
c52ab441-31be-f011-bbd2-7ced8d70749f	1005	Tomáš Nosek	M	M30-34	133	6:04:05	0:36:59	0:11:00	3:04:18	0:10:27	2:01:21	Czech Republic	
559488d4-c027-ef11-840a-000d3a383830	1006	Pavel Pinkas	M	M30-34	134	6:04:10	0:34:39	0:05:59	3:05:04	0:04:55	2:13:34		
1fd3471f-b397-f011-b4cc-0022480a7385	1007	Pavel Hrbek	M	M40-44	105	6:04:18	0:46:59	0:09:30	3:06:10	0:04:36	1:57:04	Czech Republic	
dfbbec08-bcaa-f011-bbd3-6045bd05f634	1008	Jan Pokorný	M	M18-24	119	6:04:19	0:44:55	0:08:26	3:04:31	0:06:28	1:59:58	Czech Republic	
6b0f8a50-4b72-f011-bec3-6045bd09951e	1009	Filip Mačuga	M	M25-29	146	6:04:28	0:45:20	0:06:44	2:51:14	0:04:51	2:16:18	Slovakia	
4731a986-a9c5-f011-bbd3-000d3a35ffc1	1010	Klára Silnicová	F	F30-34	25	6:04:33	0:39:55	0:06:36	3:15:46	0:04:58	1:57:17	Czech Republic	
a69b3432-b9aa-f011-bbd2-000d3a3009e6	1011	Pavel Vlcek	M	M25-29	147	6:04:33	0:40:13	0:07:36	2:58:23	0:10:10	2:08:11	Czech Republic	
61666bbc-d0bc-f011-bbd2-000d3a5b7c3b	1012	Barbora Kramlová	F	F18-24	21	6:04:34	0:39:20	0:08:49	3:02:13	0:05:29	2:08:43	Czech Republic	
8fa68e4e-26de-42a7-ba46-be06bd813d8b	1013	Urszula Łapawa	F	F40-44	18	6:04:35	0:36:18	0:07:06	2:55:12	0:07:05	2:18:54	pol	
c362e8aa-79a3-f011-bbd2-000d3a595e1f	1014	Mikael Zurkirchen	M	M18-24	120	6:04:56	0:43:24	0:08:12	3:01:27	0:05:36	2:06:17	Switzerland	
7fcd9ec0-a66e-4596-98f6-418845845d6b	1015	Kristýna Štechová	F	F35-39	22	6:04:58	0:38:30	0:05:51	3:01:08	0:04:25	2:15:05	Czech Republic	
ef85ab70-daaa-f011-bbd3-6045bd05f634	1016	Sandro Nanic	M	M30-34	135	6:05:05	0:41:13	0:07:25	3:07:37	0:05:25	2:03:25	cze	
e056cf86-b4aa-f011-bbd2-000d3a3009e6	1017	Tomáš Machek	M	M60-64	11	6:05:16	0:32:27	0:08:25	2:57:44	0:05:42	2:20:59	Czech Republic	
1cff1485-bdaa-f011-bbd3-6045bd09951e	1018	Petr Flégl	M	M45-49	77	6:05:17	0:39:25	0:07:05	3:02:39	0:04:27	2:11:40	Czech Republic	
ea719054-bfaa-f011-bbd3-0022480a7385	1019	Margit Pemmer	F	F40-44	19	6:05:29	0:41:50	0:05:49	2:54:07	0:03:33	2:20:11	aut	
4e9d57b0-b7aa-f011-bbd3-6045bd05f634	1020	Tomáš Marel	M	M18-24	121	6:05:29	0:42:56	0:08:47	3:01:09	0:05:18	2:07:20	Czech Republic	
4a2e8538-bdaa-f011-bbd3-000d3a5cf7d8	1021	Erik Bajer	M	M40-44	106	6:05:38	0:44:29	0:07:47	3:01:57	0:05:57	2:05:28	Czech Republic	
98bc8b26-2817-487a-8b99-eae58bf87828	1022	Olga Dvorácková	F	F50-54	12	6:05:42	0:32:24	0:05:57	3:03:39	0:04:14	2:19:28	Czech Republic	
656d21fa-ffc8-f011-bbd3-000d3a35ffc1	1023	Marek Kostov	M	M30-34	136	6:05:43	0:51:19	0:10:25	2:58:07	0:05:20	2:00:33	Czech Republic	
f9503547-3cbb-e811-a980-000d3a34ef1d	1024	Andrew Batt	M	M45-49	78	6:05:46	0:35:04	0:07:35	2:53:10	0:07:01	2:22:56	GB	
7b069124-b9aa-f011-bbd3-000d3a3173b5	1025	Hynek Havel	M	M18-24	122	6:05:53	0:40:42	0:08:45	3:05:41	0:06:22	2:04:21	Czech Republic	
ca731a48-21bc-f011-bbd3-000d3a5b50ba	1026	Dávid Genšiniak	M	M45-49	79	6:06:00	0:45:36	0:09:20	3:01:31	0:05:36	2:03:58	Slovakia	
03110b0f-c2aa-f011-bbd3-6045bd09951e	1027	Klára Dokulilová	F	F30-34	26	6:06:09	0:43:07	0:08:40	3:09:04	0:05:03	2:00:15	Czech Republic	
4caa0826-6e63-f011-bec3-000d3a5b50ba	1028	Jan Gebauer	M	M30-34	137	6:06:17	0:46:07	0:07:54	2:56:43	0:04:17	2:11:17	Czech Republic	
7b3d248c-505d-44b9-99f3-44248e2ebf37	1029	Samo Sgerm	M	M45-49	80	6:06:22	0:36:53	0:07:21	3:01:46	0:07:37	2:12:44	svn	
739d6521-6f45-f011-877a-6045bd05f634	1030	Jonathan Jocham	M	M25-29	148	6:06:30	0:38:20	0:07:41	2:53:53	0:08:21	2:18:14	deu	
3e78bb15-31fb-49ee-9745-ea8371d1740e	1031	Tomáš Merkl	M	M30-34	138	6:06:48	0:40:09	0:07:14	2:55:02	0:04:36	2:19:48	Czech Republic	
80ccc45d-aad6-f011-8543-000d3a5d1207	1032	Aleš Kobrle	M	M35-39	159	6:06:55	0:38:58	0:07:24	2:57:14	0:08:52	2:14:26	Czech Republic	
adea463f-bcaa-f011-bbd3-6045bd05fcc1	1033	Richard Velísek	M	M45-49	81	6:07:05	0:38:54	0:06:00	3:08:57	0:04:57	2:08:16	Czech Republic	
9b6cfe89-43b5-4b79-b671-9a1da6d71487	1034	Tomáš Jirkal	M	M35-39	160	6:07:27	0:35:35	0:06:35	3:16:44	0:06:52	2:01:40	cze	
503f675c-bdaa-f011-bbd3-000d3a3173b5	1035	Jan Plachý	M	M18-24	123	6:07:31	0:32:52	0:08:01	3:08:21	0:05:12	2:13:05	Czech Republic	
5b9ac440-c2aa-f011-bbd3-0022480c097c	1036	David Doležálek	M	M30-34	139	6:07:39	0:45:18	0:07:38	3:15:55	0:04:42	1:54:05	Czech Republic	
968e0e92-4ef7-4997-a93b-3926af0adc78	1037	Fritz Walkner	M	M50-54	69	6:07:48	0:47:34	0:07:03	2:51:12	0:05:43	2:16:15	AT	
dbca6aba-5837-f111-88b3-000d3a361e90	1038	Patrik Hudec	M	M35-39	161	6:07:48	0:48:20	0:07:09	3:05:12	0:03:31	2:03:36	Czech Republic	
1dbc0c82-3a2d-4d68-8479-3a95d6236238	1039	David Šverák	M	M30-34	140	6:07:53	0:38:17	0:06:42	3:05:52	0:04:54	2:12:08	Czech Republic	
24b5d88f-bc50-ef11-a316-000d3a3b4ec1	1040	Grit Kowsky	F	F50-54	13	6:07:55	0:31:35	0:07:27	3:03:00	0:08:12	2:17:41	DE	
6eccebe8-bcaa-f011-bbd3-6045bd05f634	1041	Štěpán Krůs	M	M18-24	124	6:08:14	0:35:56	0:09:01	3:08:56	0:06:20	2:08:01	Czech Republic	
8b67c25d-8af1-4c82-a4cb-3654e4e3f8fa	1042	Marco Kümmel	M	M45-49	82	6:08:20	0:31:22	0:05:13	2:56:01	0:15:00	2:20:45	aut	
ab626402-3c83-f011-b4cc-6045bd09951e	1043	Michal Halamcek	M	M18-24	125	6:08:29	0:38:49	0:08:36	3:03:16	0:07:01	2:10:45		
767d3a50-78ae-f011-bbd3-0022480c097c	1044	Oliver Bori	M	M30-34	141	6:08:29	0:35:42	0:09:23	3:01:38	0:05:15	2:16:31	Slovakia	
9bec3096-b5aa-f011-bbd3-000d3a5b7c3b	1045	David Samson	M	M18-24	126	6:08:33	0:32:26	0:06:53	2:58:17	0:08:17	2:22:40	Czech Republic	
ee230615-bcaa-f011-bbd3-6045bd05f634	1046	Michal Škopek	M	M35-39	162	6:08:37	0:51:03	0:10:52	2:58:15	0:05:36	2:02:51	Czech Republic	
0e84b7af-fdc9-4cec-80db-800a71ab09f5	1047	Peter Helbig	M	M55-59	28	6:08:37	0:36:50	0:09:47	2:54:59	0:06:14	2:20:47	DE	
c2ecf23a-b5aa-f011-bbd3-000d3a3173b5	1048	Jan Kilbergr	M	M25-29	149	6:08:38	0:37:13	0:07:53	3:18:19	0:04:51	2:00:23	Czech Republic	
12410686-0232-40bf-b1a1-a717321bc6ca	1049	Zbyšek Piták	M	M25-29	150	6:08:56	0:40:17	0:06:22	3:02:27	0:04:54	2:14:56	cze	
bfbb52d1-fdd6-f011-8543-6045bd05fcc1	1050	Zdeněk Řehoř	M	M45-49	83	6:09:04	0:39:03	0:08:46	3:04:59	0:06:58	2:09:17	Czech Republic	
b32a89bd-95ee-ef11-9341-00224808baeb	1051	Dominik Temmel	M	M35-39	163	6:09:13	0:37:07	0:07:36	2:52:59	0:04:35	2:26:57	AT	
3c4de677-b3aa-f011-bbd3-000d3a5cf7d8	1052	Petr Rus	M	M40-44	107	6:09:20	0:36:38	0:08:20	2:56:33	0:06:48	2:21:02	Czech Republic	
8c728dce-b2aa-f011-bbd3-0022480a7385	1053	Jan Hvozdovič	M	M18-24	127	6:09:38	0:42:42	0:07:42	2:55:04	0:09:14	2:14:56	Czech Republic	
2e133972-4c9e-4838-ab43-8135fe5f2457	1054	Zdenek Lind	M	M50-54	70	6:10:10	0:38:10	0:07:45	2:50:18	0:06:03	2:27:55	Czech Republic	
de2717df-ee34-4631-826f-23600958f9ca	1055	Boris Weber	M	M40-44	108	6:10:23	0:33:33	0:06:20	3:01:04	0:04:57	2:24:30	AT	
79eee43d-779a-44be-a398-9a72bd7fa274	1056	Petr Jurena	M	M35-39	164	6:10:24	0:41:30	0:07:57	2:56:39	0:04:54	2:19:23	Czech Republic	
c4175a50-b5aa-f011-bbd3-000d3a5cf7d8	1057	Vojtěch Baleja	M	M35-39	165	6:10:24	0:34:33	0:06:00	3:04:11	0:03:56	2:21:43	Czech Republic	
ff8805ac-beaa-f011-bbd3-000d3a3173b5	1058	Jáchym Cvalín	M	M18-24	128	6:10:28	0:37:03	0:06:30	3:08:11	0:06:30	2:12:15	Czech Republic	
1c804465-a627-43fb-bfa7-1fd21c48d593	1059	Jan Abraham	M	M40-44	109	6:10:56	0:43:51	0:07:38	2:49:41	0:06:35	2:23:11	Czech Republic	
93f2af1f-0cbb-f011-bbd3-6045bd05fcc1	1060	Kateřina Honzů	F	F30-34	27	6:10:56	0:40:12	0:06:27	2:58:20	0:07:20	2:18:38	Czech Republic	
8bea9f3e-c26d-466b-8ea7-0320377380aa	1061	Daniel Kacur	M	M50-54	71	6:11:19	0:47:05	0:07:41	2:48:03	0:04:40	2:23:49	Czech Republic	
a57f3bf7-baaa-f011-bbd3-6045bd05fcc1	1062	David Suchan	M	M35-39	166	6:11:20	0:40:23	0:07:39	3:02:16	0:04:46	2:16:16	Czech Republic	
9e219673-4a8c-4095-bd17-d26bd394e853	1063	Michal Skalský	M	M40-44	110	6:11:21	0:39:53	0:07:27	3:02:39	0:05:46	2:15:36	CZE	
755332c8-de0a-462e-9bdc-947366a97a67	1064	Gerd Muetze	M	M45-49	84	6:11:29	0:36:54	0:08:28	3:01:08	0:06:12	2:18:48	DE	
75d08fa5-5a8a-ef11-ac21-000d3a5a1803	1065	Martin Bábor	M	M18-24	129	6:11:31	0:40:58	0:08:42	3:14:21	0:04:43	2:02:46	Czech Republic	
79eab98c-4aab-40a8-a0a8-94d2ea1fea28	1066	Irina Krupp	F	F40-44	20	6:11:31	0:41:21	0:11:20	3:05:09	0:12:26	2:01:15	DE	
e03ef81a-3599-f011-b4cc-6045bd05f634	1067	Matěj Plíšek		M18-24	130	6:11:32	0:37:18	0:07:47	3:24:17	0:05:25	1:56:45		
fc3f1c8f-b6aa-f011-bbd3-6045bd09951e	1068	Michal Kouřimský	M	M25-29	151	6:11:36	0:36:46	0:08:04	3:02:26	0:05:41	2:18:40	Czech Republic	
09e0d585-aad4-4409-a66e-f2f9702ab05b	1069	Lukáš Kocka	M	M35-39	167	6:11:43	0:48:59	0:09:02	3:11:51	0:06:14	1:55:37	CZ	
429fc615-b5aa-f011-bbd2-000d3a3009e6	1070	Štěpán Svoboda	M	M25-29	152	6:11:46	0:40:37	0:06:42	3:02:35	0:03:45	2:18:07	Czech Republic	
b2b1570a-c2aa-f011-bbd3-6045bd05fcc1	1071	Dalibor Benedek	M	M35-39	168	6:11:49	0:36:49	0:06:43	3:06:14	0:05:30	2:16:34	Slovakia	
c44dffa5-0f19-4211-9313-f11965283a18	1072	Jakub Reitmajer	M	M35-39	169	6:11:58	0:34:23	0:07:28	3:14:30	0:04:05	2:11:32	CZE	
89582fe6-c7af-4bc6-afd0-8e0348ec26e8	1073	Katerina Pitrmanová	F	F18-24	22	6:12:04	0:34:25	0:05:52	3:07:20	0:04:59	2:19:27	Czech Republic	
37b03004-1ccb-4449-9c4a-d37894eed757	1074	Vit Hofer	M	M50-54	72	6:12:06	0:46:29	0:10:00	2:52:30	0:08:34	2:14:33	CZE	
591d9a41-c2aa-f011-bbd3-000d3a5b50ba	1075	Adam Kočí	M	M30-34	142	6:12:10	0:42:54	0:07:42	3:00:19	0:05:55	2:15:21	Czech Republic	
2cead956-6e05-415f-866c-57ffc431af43	1076	Anton Forro	M	M45-49	85	6:12:17	0:35:05	0:08:27	3:00:11	0:04:30	2:24:03	Slovakia	
cead5a4a-065e-4b42-a613-7deb28872d7b	1077	Terézia Machová	F	F30-34	28	6:12:26	0:35:17	0:07:45	3:13:38	0:07:07	2:08:39	Czech Republic	
be1e6a7b-46c3-f011-bbd3-6045bd05fcc1	1078	Dávid Beňovič	M	M18-24	131	6:12:32	0:39:16	0:09:14	3:13:58	0:07:09	2:02:56	Slovakia	
9011dad2-b2aa-f011-bbd3-6045bd05f634	1079	Kristýna Rubecká	F	F35-39	23	6:12:36	0:44:37	0:07:07	3:11:10	0:03:41	2:06:01	Czech Republic	
66930f39-d7f5-41f3-bff3-3e9081db9add	1080	Kristian Sell	M	M25-29	153	6:12:44	0:45:32	0:08:25	2:54:57	0:05:26	2:18:24	Czech Republic	
8374e709-3fce-f011-bbd3-000d3a5b50ba	1081	Roman Grossman	M	M50-54	73	6:12:45	0:42:25	0:08:32	2:55:30	0:07:31	2:18:47	cze	
26dc795f-b2aa-f011-bbd3-000d3a5b50ba	1082	Aleš Maršík	M	M25-29	154	6:12:55	0:57:34	0:08:01	3:02:53	0:05:33	1:58:54	Czech Republic	
174f7943-bcaa-f011-bbd3-000d3a5b7c3b	1083	David Svatoň	M	M18-24	132	6:12:56	0:41:43	0:12:11	3:05:11	0:07:19	2:06:31	Czech Republic	
de92e541-98a3-ef11-8a6a-000d3a338a3c	1084	Tomáš Vlastník	M	M40-44	111	6:13:02	0:34:28	0:08:18	3:10:10	0:07:25	2:12:41	CZ	
04903cc0-c2b0-f011-bbd3-6045bd05fcc1	1085	Lukáš Kruml	M	M18-24	133	6:13:04	0:38:50	0:06:30	3:31:42	0:04:37	1:51:24	Czech Republic	
483b794b-1cae-f011-bbd3-000d3a3173b5	1086	Vojtěch Krčma	M	M18-24	134	6:13:07	0:44:12	0:07:44	2:59:04	0:07:48	2:14:19	Czech Republic	
8ed700ab-b9aa-f011-bbd3-000d3a5b50ba	1087	David Sivčák	M	M50-54	74	6:13:13	0:42:05	0:05:31	3:02:19	0:03:26	2:19:53	Czech Republic	
4a6899a7-8dab-f011-bbd3-000d3a35ffc1	1088	Ondřej Hanke	M	M30-34	143	6:13:13	0:42:43	0:06:10	3:16:57	0:03:34	2:03:49	Czech Republic	
50b10306-3fce-f011-bbd3-000d3a3173b5	1089	Peter Surňák	M	M45-49	86	6:13:29	0:39:40	0:09:13	3:03:57	0:06:20	2:14:18	Czech Republic	
80a53425-9d11-49e4-b715-cd21e1c451f7	1090	Tomáš Vitvar	M	M30-34	144	6:13:31	0:35:15	0:11:23	3:11:35	0:14:04	2:01:14	CZ	
e897da76-1dca-f011-bbd2-6045bd00f80f	1091	Christopher Mehlhorn	M	M30-34	145	6:13:33	0:39:40	0:09:23	2:58:35	0:06:13	2:19:42	Germany	
b9d85956-b4aa-f011-bbd3-0022480a7385	1092	Tomáš Botur	M	M25-29	155	6:13:37	0:43:27	0:08:01	3:02:27	0:06:43	2:12:59	Czech Republic	
14cf9dbb-e224-4fd6-ab09-0dfae9e65535	1093	Viktoria Fuchs	F	F35-39	24	6:13:49	0:36:59	0:05:50	2:55:45	0:04:29	2:30:47	AT	
4da343e3-0aff-41ae-9f54-a86a06a45fff	1094	Marketa Pirklova	F	F40-44	21	6:13:50	0:38:54	0:06:52	2:54:45	0:05:44	2:27:35	cze	
5ca88452-83cb-f011-bbd2-000d3a5b5fc7	1095	Daria Sudakova	F	F25-29	26	6:13:52	0:34:03	0:07:05	3:11:29	0:05:22	2:15:53	cze	
721f1685-4d6a-f011-bec2-000d3a5b7c3b	1096	Josef Meliš	M	M40-44	112	6:13:56	0:48:44	0:07:05	3:02:55	0:07:06	2:08:06	Czech Republic	
166dabc9-beaa-f011-bbd3-0022480c097c	1097	Ester Pánková	F	F25-29	27	6:13:57	0:29:33	0:06:53	3:13:52	0:06:07	2:17:32	Czech Republic	
2c217e10-bcaa-f011-bbd2-000d3a3009e6	1098	Martin Vycpalek	M	M50-54	75	6:14:00	0:45:56	0:12:25	2:49:41	0:06:20	2:19:39	Czech Republic	
d162ac55-bcaa-f011-bbd3-000d3a5b7c3b	1099	Martina Vágnerová	F	F40-44	22	6:14:01	0:36:03	0:06:23	3:20:42	0:04:20	2:06:32	Czech Republic	
c4580f15-2998-ef11-8a6a-000d3a338a3c	1100	Lisa Zeller	F	F40-44	23	6:14:03	0:37:49	0:06:20	3:09:40	0:04:01	2:16:12	AT	
26f3ac25-7ca3-f011-bbd3-0022480c097c	1101	Karolína Hynčíková	F	F25-29	28	6:14:06	0:35:57	0:06:49	3:02:59	0:03:10	2:25:12		
96e5b4df-f871-4932-84a6-758b69a063a5	1102	René Hušek	M	M50-54	76	6:14:08	0:40:01	0:08:12	2:50:44	0:06:23	2:28:48	CZE	
aed7e9a9-5b26-4683-b9dc-3e88b1a463df	1103	Tomáš Krivánek	M	M25-29	156	6:14:19	0:46:37	0:07:38	3:06:52	0:05:12	2:08:00	Czech Republic	
ad22d661-b9aa-f011-bbd3-000d3a35ffc1	1104	David Kříha	M	M18-24	135	6:14:23	0:37:35	0:07:26	3:19:47	0:04:56	2:04:39	Czech Republic	
62ed70ac-c675-410a-8257-7bdbd4bc1f8a	1105	Radim Spusta	M	M35-39	170	6:14:27	0:39:45	0:09:54	3:05:33	0:09:10	2:10:05	Czech Republic	
5b949b52-3c98-4a5a-a150-91e2925119c6	1106	Petr Belak	M	M35-39	171	6:14:32	0:34:53	0:07:34	2:57:42	0:06:51	2:27:32	Czech Republic	
dc802263-bdaa-f011-bbd3-6045bd05fcc1	1107	Inke Meyer	F	F40-44	24	6:14:33	0:38:57	0:07:54	3:00:52	0:04:03	2:22:48	Germany	
ae0ba21b-c1aa-f011-bbd3-000d3a3173b5	1108	Dominik Rufer	M	M18-24	136	6:14:35	0:47:34	0:05:41	3:16:23	0:02:47	2:02:09	Czech Republic	
3ec9ba7e-c2aa-f011-bbd2-000d3a3009e6	1109	Jan Tvrz	M	M30-34	146	6:14:43	0:40:33	0:15:10	3:15:21	0:09:37	1:54:01	Czech Republic	
866ffeae-ed71-eb11-b0b0-000d3a591109	1110	Paul Luksch	M	M60-64	12	6:14:57	0:49:36	0:11:41	2:47:04	0:09:05	2:17:31	DE	
9e6636f5-40b1-f011-bbd3-000d3a3173b5	1111	Monika Škardová	F	F30-34	29	6:15:11	0:37:49	0:09:00	3:04:23	0:05:30	2:18:28	Czech Republic	
1cf32c7e-c1b0-f011-bbd3-000d3a5cf7d8	1112	Jakub Sobota	M	M18-24	137	6:15:12	0:46:48	0:08:10	3:05:14	0:06:00	2:08:59	Czech Republic	
2c765565-33c1-f011-bbd3-000d3a5c3d6c	1113	Karolína Zwinger	F	F30-34	30	6:15:14	0:36:17	0:05:50	3:09:32	0:04:13	2:19:21	Czech Republic	
d7a62375-697c-f111-ab0f-7c1e528d5074	1114	Jakub Kott	M	M18-24	138	6:15:23	0:36:16	0:05:57	2:58:39	0:03:49	2:30:42	Czech Republic	
c510a552-52fd-ee11-a1ff-6045bd0158c4	1115	Aik Arutiunian	M	M35-39	172	6:15:25	0:38:32	0:06:03	3:09:38	0:02:24	2:18:48	Poland	
ea743d1e-58bd-f011-bbd3-000d3a5b50ba	1116	Monika Jurdová	F	F40-44	25	6:15:25	0:37:12	0:06:19	3:23:19	0:04:00	2:04:35	cze	
1ab7c46d-51d4-f011-8543-000d3a3243ae	1117	Filip Jurkáček	M	M18-24	139	6:15:33	0:41:39	0:07:00	2:52:01	0:11:34	2:23:19	Slovakia	
69fec4ce-b9aa-f011-bbd3-6045bd05fcc1	1118	Jiří Dymák	M	M30-34	147	6:15:40	0:38:40	0:08:07	3:06:02	0:04:58	2:17:52	Czech Republic	
0226c32a-bfaa-f011-bbd2-000d3a3009e6	1119	Petr Klein	M	M35-39	173	6:15:48	0:39:24	0:09:06	3:12:48	0:05:57	2:08:34	Czech Republic	
d462301f-65a7-41e5-9c75-19b4c5784c9b	1120	Jirí Vondrácek	M	M35-39	174	6:15:52	0:41:19	0:06:30	3:01:54	0:05:54	2:20:14	Czech Republic	
75d85796-bdaa-f011-bbd3-000d3a5b7c3b	1121	Josef Nový	M	M18-24	140	6:15:54	0:47:44	0:09:54	2:54:19	0:07:00	2:16:57	Czech Republic	
6f6194ea-c1aa-f011-bbd3-000d3a3173b5	1122	Jiří Ziegler	M	M40-44	113	6:15:58	0:46:17	0:06:47	2:58:16	0:05:39	2:18:59	Czech Republic	
3bae1c4e-db7c-422f-8272-15a8c3be68c4	1123	Katerina Holeckova	F	F45-49	14	6:16:10	0:39:13	0:08:13	3:07:23	0:04:46	2:16:35	Czech Republic	
f8c460b6-c1aa-f011-bbd2-000d3a3009e6	1124	Dominik Kuchař	M	M30-34	148	6:16:15	0:39:53	0:09:57	3:00:29	0:13:31	2:12:24	Czech Republic	
ab7c2135-30c2-f011-bbd3-000d3a35ffc1	1125	Constantin Wintersberger	M	M18-24	141	6:16:21	0:43:15	0:07:57	3:06:35	0:05:24	2:13:09	Austria	
53534649-6053-f111-bec6-7ced8d6e959e	1126	Eva Flídrová		F35-39	25	6:16:32	0:43:05	0:08:45	3:02:17	0:09:53	2:12:33	CZE	
ce191123-63c0-f011-bbd3-0022480a7385	1127	Daniel Pospíšil	M	M25-29	157	6:16:34	0:41:14	0:09:52	3:17:46	0:04:38	2:03:04	Czech Republic	
56fbc4bf-b3aa-f011-bbd3-6045bd09951e	1128	Šimon Vyrut	M	M25-29	158	6:16:36	0:35:45	0:07:36	3:12:29	0:08:11	2:12:35	Czech Republic	
a6b3fe15-b4aa-f011-bbd3-000d3a5cf7d8	1129	Matěj Král	M	M25-29	159	6:16:40	0:36:34	0:06:07	3:16:07	0:04:05	2:13:47	Czech Republic	
c1d092ce-59a4-f011-bbd3-6045bd05fcc1	1130	Jakub Rehounek	M	M50-54	77	6:16:41	0:39:57	0:07:21	2:57:19	0:06:21	2:25:44	Czech Republic	
1e32301a-ea13-ed11-b83d-002248084330	1131	Miroslav Welser	M	M50-54	78	6:16:44	0:35:36	0:08:50	2:50:42	0:05:01	2:36:36	DE	
d39367bc-aa4e-4c5c-b241-434c5f2006d9	1132	Yani Bridge	F	F25-29	29	6:16:45	0:48:37	0:06:13	3:19:27	0:06:34	1:55:54	United Kingdom	
bb21c001-bbaa-f011-bbd2-000d3a3009e6	1133	Jan Voltr	M	M18-24	142	6:17:02	0:41:23	0:08:19	3:02:34	0:09:02	2:15:44	Czech Republic	
ab46e37a-84d3-f011-8543-000d3a5b5fc7	1134	Florian Stöckl	M	M25-29	160	6:17:06	0:40:22	0:07:39	3:17:27	0:04:38	2:07:00	Austria	
28fc4377-51d4-f011-8543-000d3a5c3b8b	1135	Iveta Shorná	F	F35-39	26	6:17:10	0:38:26	0:06:12	3:09:56	0:06:57	2:15:40	Czech Republic	
697c7876-aa81-f011-b4cc-6045bd05f634	1136	Gabriel Rudišin	M	M18-24	143	6:17:20	0:43:14	0:07:24	2:57:33	0:05:27	2:23:43	SVK	
1c302461-c2aa-f011-bbd3-6045bd09951e	1137	Aleš Farkaš	M	M50-54	79	6:17:21	0:37:33	0:06:33	3:16:16	0:07:37	2:09:22	Slovakia	
6fac2e4c-aec0-f011-bbd3-6045bd05fcc1	1138	Alan Yanovich	M	M35-39	175	6:17:25	0:36:49	0:07:11	3:03:14	0:04:58	2:25:13	Canada	
226e101e-bfaa-f011-bbd3-000d3a5b50ba	1139	Jan Nejdl	M	M18-24	144	6:17:28	0:37:14	0:09:09	3:41:54	0:05:50	1:43:21	Czech Republic	
4d0c22cf-115e-ef11-bfe3-00224808301f	1140	Jan Machník	M	M45-49	87	6:17:28	0:33:15	0:07:10	2:57:46	0:04:10	2:35:07	Czech Republic	
30aeeeec-e36a-4c9c-8a35-e6cd936d01cb	1141	Milan Škurek	M	M50-54	80	6:17:36	0:59:58	0:09:09	2:59:22	0:06:25	2:02:42	Czech Republic	
dba9ab36-7e47-f011-8779-000d3a5c3d6c	1142	Jacob Ojelay		M18-24	145	6:17:38	0:40:12	0:10:36	3:14:58	0:06:48	2:05:04		
d18bee11-b5aa-f011-bbd3-0022480a7385	1143	František Zelinka	M	M18-24	146	6:17:46	0:42:39	0:07:22	3:01:07	0:05:12	2:21:26	Czech Republic	
34cd84ad-b1b3-ee11-a569-000d3a314c24	1144	Katherine Stere	F	F25-29	30	6:18:01	0:36:13	0:06:37	3:02:11	0:04:56	2:28:03	CZ	
ca9f59e3-b3ac-f011-bbd3-6045bd09951e	1145	Julie Staníková	F	F18-24	23	6:18:02	0:42:02	0:07:08	3:31:22	0:06:09	1:51:22	Czech Republic	
fecb664e-32ab-f011-bbd3-0022480c097c	1146	Šimon Nádvorník	M	M18-24	147	6:18:12	0:41:25	0:06:31	3:06:38	0:04:33	2:19:05	Czech Republic	
cce99fc6-e6d3-f011-8544-000d3a5cf7d8	1147	Tomáš Kašpar	M	M18-24	148	6:18:13	0:43:02	0:07:06	2:59:10	0:04:43	2:24:12	Czech Republic	
6260f9e7-b6aa-f011-bbd3-6045bd05f634	1148	Adéla Petrusová	F	F18-24	24	6:18:17	0:45:24	0:07:18	3:01:32	0:03:50	2:20:12	Czech Republic	
facd8190-aabf-4c1d-a915-e4d6cb89e001	1149	Lubomir FLEIBERK	M	M65-69	3	6:18:19	0:56:57	0:07:29	2:59:08	0:07:40	2:07:05	cze	
68306ee1-bfaa-f011-bbd3-000d3a5b50ba	1150	Tereza Mezerová	F	F18-24	25	6:18:25	0:37:27	0:07:43	3:06:23	0:04:40	2:22:13	Czech Republic	
8da06935-bdaa-f011-bbd3-000d3a35ffc1	1151	Filip Kučerák	M	M18-24	149	6:18:29	0:44:15	0:09:43	3:08:16	0:06:27	2:09:47	Czech Republic	
4ace44a1-b5aa-f011-bbd3-6045bd05f634	1152	Tomáš Grzywač	M	M35-39	176	6:18:36	0:44:29	0:10:05	3:00:03	0:08:25	2:15:34	Czech Republic	
9beddcec-6aaa-47a8-b502-17b26f0d82fc	1153	Mairi Galbraith	F	F25-29	31	6:18:37	0:40:09	0:07:35	3:10:00	0:04:05	2:16:49	United Kingdom	
ce6abc2f-3fce-f011-bbd2-000d3a5b5fc7	1154	Chris Treacher	M	M65-69	4	6:18:40	0:39:08	0:09:49	2:57:36	0:07:19	2:24:48	United Kingdom	
5a56dad0-fcb6-ef11-b8e9-002248049fdc	1155	Viliam Sykora	M	M45-49	88	6:18:47	0:45:55	0:06:56	3:01:43	0:05:56	2:18:17	SK	
b09c72cf-b3aa-f011-bbd3-000d3a5b7c3b	1156	Marek Hrdina	M	M35-39	177	6:19:07	0:38:22	0:07:48	3:09:20	0:05:17	2:18:21	Czech Republic	
6aaa4970-087a-4061-8427-74571a67801a	1157	Michal Žácek	M	M55-59	29	6:19:07	0:40:07	0:07:12	2:52:56	0:05:56	2:32:55	Czech Republic	
d4d25d60-6fc1-f011-bbd2-000d3a370b81	1158	Josef Mužík	M	M45-49	89	6:19:15	0:46:07	0:06:35	3:10:42	0:08:28	2:07:24	Czech Republic	
8bb0b3d5-e5aa-f011-bbd3-6045bd05f634	1159	Viet Anh Chu	M	M30-34	149	6:19:21	0:42:14	0:10:07	3:03:22	0:05:33	2:18:06	Czech Republic	
0ff06cb2-1f6a-f111-a825-0022480b35b6	1160	Vít Hrubeš	M	M25-29	161	6:19:24	0:37:28	0:06:20	2:59:15	0:03:52	2:32:30	Czech Republic	
a284135f-d1a8-4589-8bf8-b1871d512822	1161	Victor Goldrin	M	M50-54	81	6:19:36	0:35:22	0:08:18	3:00:58	0:08:08	2:26:49	DE	
e3b22841-bfc0-f011-bbd3-000d3a3173b5	1162	Patrik Jareš	M	M18-24	150	6:19:38	0:34:22	0:07:51	3:01:28	0:05:20	2:30:39	Czech Republic	
875cfdf4-3ece-f011-bbd3-000d3a35ffc1	1163	Petr Šimeček	M	M55-59	30	6:19:43	0:41:47	0:10:25	3:10:29	0:07:44	2:09:18	Czech Republic	
8ffcdfaf-f03e-48ea-8df9-d288198ef30d	1164	Jirí Hudec	M	M45-49	90	6:19:50	0:48:19	0:06:48	3:15:40	0:05:54	2:03:09	Czech Republic	
0041fbf1-b3ac-f011-bbd3-0022480a7385	1165	Daniela Fink	F	F40-44	26	6:19:53	0:42:50	0:06:51	2:53:59	0:08:31	2:27:42	Austria	
ac83fbeb-0cb9-f011-bbd3-6045bd09951e	1166	Jiří Gottvald	M	M40-44	114	6:20:02	0:42:34	0:14:10	3:02:54	0:08:22	2:12:02	cze	
06bd9150-bdaa-f011-bbd3-000d3a5cf7d8	1167	Alexandr Furman	M	M45-49	91	6:20:05	0:48:01	0:06:24	3:17:26	0:04:43	2:03:30	Czech Republic	
859c1ae0-00b6-f011-bbd3-000d3a5b7c3b	1168	Jakub Kacer	M	M25-29	162	6:20:27	0:40:46	0:11:42	3:02:55	0:09:08	2:15:56	Czech Republic	
43436380-b4aa-f011-bbd3-0022480a7385	1169	Daniel Sedláček	M	M18-24	151	6:20:39	0:42:38	0:07:19	3:11:02	0:04:01	2:15:40	Czech Republic	
1cd76126-b6aa-f011-bbd2-000d3a3009e6	1170	Tomas Lizak	M	M25-29	163	6:20:50	0:49:30	0:07:15	3:05:18	0:06:10	2:12:38	Slovakia	
4b4a9751-6dba-f011-bbd3-6045bd05f634	1171	Dávid Szabó	M	M25-29	164	6:20:51	0:46:28	0:08:40	3:21:44	0:08:48	1:55:10	CAN	
a0b394f6-baaa-f011-bbd3-000d3a35ffc1	1172	Dobroslav Sramek	M	M40-44	115	6:21:00	0:47:27	0:09:47	2:58:23	0:06:58	2:18:25	Czech Republic	
d3476542-c7b1-f011-bbd3-000d3a5cf7d8	1173	Gregor Eckmayr	M	M18-24	152	6:21:07	0:49:42	0:11:20	3:06:13	0:05:32	2:08:21	Austria	
88f6f8cb-c0aa-f011-bbd3-6045bd05f634	1174	Jakub Šmídl	M	M18-24	153	6:21:15	0:39:04	0:08:14	3:15:15	0:04:47	2:13:55	Czech Republic	
33dd7a3d-0cbb-f011-bbd3-000d3a5b50ba	1175	Lucie Chládková	F	F40-44	27	6:21:21	0:48:36	0:06:26	3:14:24	0:03:45	2:08:11	Czech Republic	
8b2d4b0f-b5aa-f011-bbd2-000d3a3009e6	1176	Vladimíra Horáčková	F	F45-49	15	6:21:24	0:42:55	0:06:38	3:05:39	0:04:21	2:21:51	Czech Republic	
400dd691-34fc-44d8-8bb5-efb56c894a51	1177	Jirí Novák	M	M25-29	165	6:21:25	0:36:32	0:08:31	3:07:03	0:05:01	2:24:18	Czech Republic	
796eb68d-bcaa-f011-bbd2-000d3a3009e6	1178	Manuel Wagerer	M	M35-39	178	6:21:29	0:37:55	0:07:52	3:07:52	0:04:25	2:23:25	Austria	
f52e9e5c-6032-4a9e-a4c7-dbf8c7e58d7d	1179	Martin Horny	M	M35-39	179	6:21:30	0:42:41	0:08:23	3:06:11	0:04:07	2:20:08	Slovakia	
7dad3eee-c72d-4b40-9d4d-61cc042ccc05	1180	Marek Škoch	M	M35-39	180	6:21:43	0:42:10	0:09:46	3:12:06	0:06:11	2:11:30	Czech Republic	
83e13a3b-7edb-4f72-bf80-466668708fc0	1181	Alberto Rodriguez	M	M35-39	181	6:21:55	0:38:04	0:06:54	3:04:35	0:03:37	2:28:44	Czech Republic	
6b537831-4fd0-f011-bbd3-000d3a5b50ba	1182	Martin Dušek	M	M45-49	92	6:21:58	0:38:02	0:10:41	2:59:09	0:07:44	2:26:23	Czech Republic	
b320e497-b6aa-f011-bbd3-000d3a35ffc1	1183	Vendula Kovaříková	F	F25-29	32	6:22:07	0:39:49	0:08:17	3:19:13	0:05:44	2:09:05	Czech Republic	
fbea1398-49c7-4fe9-95ca-ac6766d0b94b	1184	Patrik Veselý	M	M35-39	182	6:22:18	0:46:34	0:07:28	3:03:22	0:04:09	2:20:45	Czech Republic	
310a535b-b6aa-f011-bbd3-6045bd09951e	1185	Tomáš Ekert	M	M18-24	154	6:22:28	0:52:27	0:12:46	3:04:02	0:06:02	2:07:12	Czech Republic	
d3c2f68f-b9aa-f011-bbd3-6045bd05f634	1186	Jiří Škorpík	M	M45-49	93	6:22:28	0:34:16	0:06:01	3:05:59	0:05:25	2:30:47	Czech Republic	
52cd2aa0-95d7-f011-8544-000d3a5b50ba	1187	Matyáš Formánek	M	M18-24	155	6:22:38	0:44:48	0:08:05	3:03:10	0:04:58	2:21:36	Czech Republic	
9555501c-8fbc-f011-bbd3-000d3a5cf7d8	1188	Jan Klinger	M	M35-39	183	6:22:44	0:41:52	0:06:55	3:12:40	0:05:32	2:15:44	Czech Republic	
08987e8f-c1aa-f011-bbd3-000d3a3173b5	1189	Daniel Bečvář	M	M25-29	166	6:22:48	0:42:25	0:06:36	3:15:41	0:04:44	2:13:22	Czech Republic	
6914fe67-1a56-4775-9c11-f5d4ca08311d	1190	Jaroslaw Otocki	M	M45-49	94	6:22:49	0:38:20	0:11:38	2:59:32	0:09:03	2:24:16	Poland	
d1fc2f15-c0aa-f011-bbd3-0022480c097c	1191	Unensanaa Tumenjargal	M	M30-34	150	6:22:53	0:42:08	0:07:54	3:19:11	0:05:57	2:07:44	Czech Republic	
5e7e5b80-b7d5-f011-8543-000d3a5b5fc7	1192	Silje Karine Hansen	F	F25-29	33	6:23:06	0:40:50	0:08:21	3:17:10	0:05:45	2:10:59	nor	
cee2c01d-7326-40f3-8875-3738c80ffabd	1193	Mariusz Marchel	M	M45-49	95	6:23:14	0:50:31	0:07:12	3:17:13	0:05:14	2:03:03	POL	
8a1415f8-2e5e-4c77-adab-8f96865d4c4e	1194	Juliette Hild	F	F18-24	26	6:23:21	0:40:42	0:08:22	3:08:53	0:08:47	2:16:38	Germany	
d02177c7-f572-4d96-8b2b-b4eb3adee24e	1195	Pavel Frana	M	M55-59	31	6:23:25	0:45:14	0:07:12	3:05:28	0:05:09	2:20:23	Czech Republic	
d360fc10-b4aa-f011-bbd3-000d3a3173b5	1196	Tereza Bártová	F	F25-29	34	6:23:48	0:43:36	0:08:22	3:20:35	0:05:47	2:05:29	Czech Republic	
e9cacfe0-bdaa-f011-bbd3-0022480c097c	1197	Tamás Füsi	M	M35-39	184	6:23:53	0:49:44	0:09:19	3:10:28	0:05:59	2:08:24	Slovakia	
4e285d6c-aaae-f011-bbd3-6045bd05f634	1198	Václav Rybář	M	M18-24	156	6:23:56	0:34:24	0:07:07	3:03:56	0:08:55	2:29:33	Czech Republic	
b1510802-38cc-f011-bbd3-000d3a35ffc1	1199	Petr Elis	M	M25-29	167	6:24:07	0:53:54	0:08:37	3:03:38	0:06:22	2:11:36	Czech Republic	
d02d0f20-7fc5-4661-b3e0-f3355c8a9f7b	1200	Anna Prušová	F	F30-34	31	6:24:07	0:41:03	0:07:49	3:18:28	0:07:05	2:09:42	Czech Republic	
6aec0d90-c724-f011-8c4d-0022480c097c	1201	Michaela Danišik	F	F30-34	32	6:24:09	0:43:42	0:08:33	3:11:23	0:07:38	2:12:53	Slovakia	
6a97061e-41b1-f011-bbd3-000d3a5cf7d8	1202	Martin Possolt	M	M40-44	116	6:24:16	0:45:48	0:09:18	3:06:03	0:06:34	2:16:32	Czech Republic	
0bfad194-1f29-4310-9d23-806267a81ebb	1203	Marek Gabriel	M	M35-39	185	6:24:18	0:45:00	0:05:38	2:54:37	0:03:34	2:35:29	svk	
d34486b3-83a4-48a0-8963-749b150de713	1204	Andrej Madliak	M	M50-54	82	6:24:19	0:42:52	0:10:07	3:08:28	0:08:00	2:14:52	Czech Republic	
92f75dd5-79b7-f011-bbd3-000d3a3173b5	1205	Jan Marek	M	M30-34	151	6:24:23	0:40:23	0:08:56	3:02:39	0:09:33	2:22:51	Czech Republic	
a40a8351-beaa-f011-bbd3-0022480c097c	1206	Lucie Lebertová	F	F25-29	35	6:24:31	0:41:52	0:11:03	3:05:45	0:07:20	2:18:32	Czech Republic	
e65fb7e3-3d44-476a-b6df-bb9a8d006101	1207	Patrik Janecka	M	M55-59	32	6:24:52	0:43:08	0:07:16	2:53:05	0:04:39	2:36:43	SK	
a4234384-b5aa-f011-bbd3-000d3a5b7c3b	1208	Aleš Procházka	M	M18-24	157	6:24:55	0:45:15	0:09:04	3:24:48	0:10:43	1:55:05	Czech Republic	
ede0643d-c0aa-f011-bbd3-6045bd05fcc1	1209	Vladimir Papaj	M	M40-44	117	6:24:56	0:41:51	0:08:28	2:55:45	0:05:24	2:33:27	Austria	
c3ec0483-582b-f111-88b3-0022480b35b6	1210	Laurin Haider	M	M18-24	158	6:24:59	0:45:15	0:09:01	3:10:04	0:06:06	2:14:33		
29c04bb0-1f25-47eb-8b66-a5a645c04a44	1211	Joanna Górniak	F	F50-54	14	6:25:17	0:45:50	0:07:02	3:10:51	0:06:19	2:15:15	pol	
4f8f8225-c1aa-f011-bbd3-0022480c097c	1212	Slavomira Mitkov	F	F40-44	28	6:25:34	0:42:24	0:06:34	3:14:16	0:06:43	2:15:38	Czech Republic	
ff309b59-aad6-f011-8543-6045bd05fcc1	1213	Petra Kobrlová	F	F40-44	29	6:25:47	0:39:37	0:07:38	3:13:59	0:04:45	2:19:47	Czech Republic	
34963c18-269c-ef11-8a6a-000d3a5a1803	1214	Štefan Križák	M	M30-34	152	6:25:51	0:39:29	0:07:17	2:57:29	0:05:14	2:36:22	Slovakia	
0d5736cf-62b3-f011-bbd3-000d3a5cf7d8	1215	Nadezda Polakova	F	F45-49	16	6:26:07	0:38:28	0:09:34	3:09:25	0:06:59	2:21:41	AUT	
4a58fbb4-b7aa-f011-bbd3-6045bd09951e	1216	Jakub Janiga	M	M35-39	186	6:26:09	0:43:56	0:08:13	3:10:13	0:04:17	2:19:30	Czech Republic	
2b5a94b4-bcaa-f011-bbd3-000d3a5cf7d8	1217	Petr Malý	M	M45-49	96	6:26:12	0:41:49	0:11:58	3:12:42	0:09:30	2:10:13	Czech Republic	
0ee7fb50-b8aa-f011-bbd3-000d3a5b50ba	1218	Martin Travnik	M	M50-54	83	6:26:20	0:41:50	0:07:59	3:02:30	0:08:21	2:25:40	cze	
3ccb1ad7-f162-f011-bec3-000d3a3173b5	1219	Lucie Jiráková	F	F35-39	27	6:26:29	0:41:01	0:06:44	3:14:19	0:06:41	2:17:43	Czech Republic	
510fd057-b6aa-f011-bbd2-000d3a3009e6	1220	Martin Dudek	M	M40-44	118	6:26:29	0:47:25	0:07:54	3:05:30	0:04:56	2:20:44	Czech Republic	
8ecd5d62-c0aa-f011-bbd3-000d3a3173b5	1221	Dominik Kraut	M	M35-39	187	6:26:58	0:47:09	0:11:11	3:00:49	0:06:52	2:20:58	Czech Republic	
98efddad-b4aa-f011-bbd3-000d3a3173b5	1222	Dalibor Marosz	M	M25-29	168	6:26:58	0:44:07	0:07:03	3:02:47	0:04:12	2:28:50	Czech Republic	
09c46d40-c6ce-f011-bbd3-000d3a5b7c3b	1223	Petr Kříbala	M	M45-49	97	6:27:01	0:43:07	0:06:48	3:21:33	0:05:28	2:10:04	Czech Republic	
c85570f4-7751-42c7-ba5e-45503fde46d7	1224	Karel Hyjánek	M	M55-59	33	6:27:01	0:44:15	0:09:28	3:04:06	0:03:59	2:25:13	Czech Republic	
7a85734f-b3f7-4442-a7ad-837802463c5a	1225	Eliska Vrabcova	F	F25-29	36	6:27:01	0:38:05	0:08:10	3:03:26	0:07:46	2:29:33	Czech Republic	
d599ab03-5eb2-f011-bbd3-6045bd05f634	1226	Eliška Tarkotová	F	F18-24	27	6:27:09	0:48:48	0:05:32	3:13:54	0:06:03	2:12:52	Czech Republic	
545ef867-f8bb-f011-bbd2-000d3a5b7c3b	1227	Zuzana Pánková	F	F30-34	33	6:27:09	0:43:25	0:08:36	3:14:28	0:08:39	2:12:01	Czech Republic	
d64103d6-74a3-f011-bbd3-6045bd09951e	1228	Richard Hulman	M	M25-29	169	6:27:10	0:33:21	0:06:14	3:12:05	0:05:29	2:30:01		
e82e6db1-beaa-f011-bbd3-0022480c097c	1229	Karolína Tůmová	F	F18-24	28	6:27:48	0:41:28	0:09:04	3:02:53	0:08:11	2:26:12	Czech Republic	
6b2a10b2-614f-4f9f-afa0-7367cce5e743	1230	Karl Salzberger	M	M65-69	5	6:27:50	0:45:05	0:10:34	3:01:06	0:05:44	2:25:21	DE	
1833b18e-b3aa-f011-bbd3-0022480a7385	1231	Kryštof Urban	M	M18-24	159	6:27:51	0:43:27	0:07:59	3:15:22	0:04:58	2:16:04	Czech Republic	
6bb52676-9e26-4177-afd1-58cd05fa3c61	1232	Paolo Mussotto	M	M60-64	13	6:27:59	0:44:50	0:10:20	2:56:16	0:05:58	2:30:35	ita	
338c1f2c-4fd0-f011-bbd2-000d3a5b5fc7	1233	Marian Mihok	M	M45-49	98	6:28:02	0:47:54	0:11:36	3:00:44	0:06:53	2:20:55	Slovakia	
368504ae-c1aa-f011-bbd3-000d3a3173b5	1234	Martin Barák	M	M45-49	99	6:28:15	0:43:04	0:09:21	3:06:42	0:05:19	2:23:50	Czech Republic	
824f5db6-bfaa-f011-bbd3-6045bd05f634	1235	Jakub Hypša	M	M25-29	170	6:28:18	0:34:21	0:05:43	3:14:20	0:07:09	2:26:45	Czech Republic	
d5d38c73-bfaa-f011-bbd3-6045bd09951e	1236	Adam Pazderka	M	M25-29	171	6:28:19	0:41:17	0:08:22	3:09:01	0:03:37	2:26:02	Czech Republic	
d47f2f15-bdaa-f011-bbd2-000d3a3009e6	1237	Pavel Skála	M	M18-24	160	6:28:22	0:49:00	0:10:38	3:15:56	0:10:56	2:01:52	Czech Republic	
72cbc914-6d98-f111-b8db-7c1e528d6400	1238	David Giger	M	M35-39	188	6:28:31	0:39:30	0:08:12	3:10:21	0:07:00	2:23:28	CH	
2d8919b0-dfca-f011-bbd3-6045bd05fcc1	1239	Tomáš Hála	M	M18-24	161	6:28:34	0:37:47	0:07:47	3:11:54	0:05:29	2:25:37		
bd3cf8ba-2277-ee11-8179-000d3a31406e	1240	Michal Mikyska	M	M50-54	84	6:28:37	0:38:31	0:05:28	3:08:45	0:04:10	2:31:43	Czech Republic	
8673b3b0-47b7-f011-bbd3-000d3a35ffc1	1241	Lukáš Vyšehrad	M	M30-34	153	6:28:49	0:40:04	0:08:47	2:58:26	0:08:05	2:33:29	Czech Republic	
daf54248-2e46-45c5-a328-ba7e344fac70	1242	Dana Hyláková	F	F65-69	1	6:29:09	0:37:44	0:06:48	3:13:33	0:04:43	2:26:20	cze	
dd126b77-64d8-f011-8544-000d3a5cf7d8	1243	Martin Meluzín	M	M30-34	154	6:29:23	0:41:33	0:07:18	3:23:49	0:06:39	2:10:05	cze	
7d102aa3-b4aa-f011-bbd3-6045bd05f634	1244	Zdeněk Houser	M	M25-29	172	6:29:24	0:41:36	0:08:54	3:15:47	0:06:42	2:16:26	Czech Republic	
ca597999-a2d6-4dd5-a03b-1ad12077b5f3	1245	Torsten Pflister	M	M65-69	6	6:29:25	0:41:38	0:07:01	3:03:19	0:05:35	2:31:52	deu	
c37b2a6c-c1aa-f011-bbd3-6045bd09951e	1246	Jan Novák	M	M18-24	162	6:29:28	0:42:32	0:10:26	3:15:27	0:03:40	2:17:23	Czech Republic	
a9808b08-f20e-ec11-b6e5-000d3a5a51f9	1247	Ladislav Mazac	M	M40-44	119	6:29:31	0:35:38	0:07:49	3:07:10	0:08:17	2:30:38	CZ	
1ebf38b7-b2aa-f011-bbd3-000d3a35ffc1	1248	Michal Tomšů	M	M25-29	173	6:29:56	0:56:02	0:06:41	2:52:38	0:04:03	2:30:32	cze	
29d7071a-d840-4991-b707-0de8ff2cb81b	1249	Mikuláš Zboril	M	M25-29	174	6:30:28	0:44:48	0:06:16	3:18:32	0:03:48	2:17:04	Czech Republic	
93a6cb8d-b7aa-f011-bbd3-000d3a5cf7d8	1250	Radek Šikola	M	M40-44	120	6:30:29	0:48:49	0:09:01	3:02:54	0:06:02	2:23:43	Czech Republic	
c24f3732-b4aa-f011-bbd3-000d3a5b50ba	1251	Ladislav Podlaha	M	M35-39	189	6:30:31	0:45:29	0:09:23	3:03:22	0:06:07	2:26:10	Czech Republic	
4d854fef-c43a-4851-80af-ab9eadcb3db6	1252	Lucie Šeredová	F	F25-29	37	6:30:33	0:42:01	0:06:59	3:17:56	0:06:31	2:17:05	CZE	
595bf6cf-7f6c-45aa-ba4e-99bccc6e4433	1253	Eva Krejcírová	F	F45-49	17	6:30:34	0:37:51	0:09:26	3:07:45	0:04:58	2:30:33	Czech Republic	
77dcab57-b5aa-f011-bbd3-6045bd09951e	1254	Štěpán Markov	M	M18-24	163	6:30:42	0:37:20	0:07:02	3:10:40	0:05:46	2:29:55	Czech Republic	
c912837b-807d-ef11-ac21-6045bd05c809	1255	Jakub Minich	M	M35-39	190	6:30:47	0:53:40	0:08:26	3:07:29	0:06:06	2:15:06		
9728225b-514a-f111-bec5-70a8a59a382b	1256	jan stepanovsky		M30-34	155	6:30:52	0:39:46	0:09:41	3:13:42	0:07:03	2:20:39	CZE	
735cf7d7-d209-4de6-8f76-91100eeaaf9b	1257	Honza Uher	M	M60-64	14	6:31:02	0:41:57	0:08:07	3:14:47	0:04:43	2:21:29	usa	
9281b81a-3b74-4e68-aaf7-73a802c4a450	1258	Dušan Petren	M	M25-29	175	6:31:18	0:43:05	0:07:17	3:17:37	0:06:42	2:16:36	Czech Republic	
f0dd7cb6-e6d3-f011-8544-000d3a35ffc1	1259	Filip Lukáč	M	M30-34	156	6:31:19	0:42:07	0:07:43	2:56:47	0:05:44	2:38:57	Slovakia	
f846835e-e5e1-47e0-b223-ddb462b1c749	1260	Heather Eaton	F	F40-44	30	6:31:45	0:44:50	0:10:57	3:10:37	0:06:06	2:19:16	GB	
7c81a6a2-eef6-4c11-aafa-85fd3bb05fa8	1261	Viktorie Pospíšilová	F	F25-29	38	6:31:51	0:42:34	0:08:12	3:14:23	0:07:39	2:19:03	Czech Republic	
83133609-255c-461a-b291-1eb80363c48a	1262	Daniel Schwarz	M	M45-49	100	6:31:56	0:36:28	0:10:41	3:14:01	0:05:56	2:24:50	CZ	
41006798-97d1-f011-bbd3-000d3a3173b5	1263	Petr Kulíšek	M	M45-49	101	6:31:59	0:44:19	0:11:05	3:14:56	0:07:31	2:14:08	Czech Republic	
c8a1361c-c0aa-f011-bbd2-000d3a3009e6	1264	Leonhard Müllner	M	M18-24	164	6:32:01	0:42:07	0:10:43	2:48:45	0:08:00	2:42:27	aut	
b52b46b5-bbaa-f011-bbd3-000d3a5b50ba	1265	Dagmar Tučková	F	F40-44	31	6:32:18	0:31:52	0:06:45	3:36:21	0:03:54	2:13:26	Czech Republic	
e8744e38-b9aa-f011-bbd2-000d3a3009e6	1266	Miroslav Markov	M	M18-24	165	6:32:24	0:50:44	0:05:56	2:56:28	0:06:41	2:32:36	Czech Republic	
8eefced6-88c0-f011-bbd3-6045bd05fcc1	1267	Daniel Brožek	M	M18-24	166	6:32:29	0:55:25	0:07:43	3:03:16	0:04:54	2:21:10	Czech Republic	
aeb137e9-7ca3-f011-bbd3-002248098cfa	1268	Petr Jánský	M	M25-29	176	6:32:29	0:47:31	0:07:23	3:16:59	0:06:28	2:14:09	Czech Republic	
550eacb1-bfaa-f011-bbd3-000d3a3173b5	1269	Tobiáš Budina	M	M18-24	167	6:32:30	0:33:11	0:22:10	2:56:39	0:06:50	2:33:41	Czech Republic	
e9a20073-b246-ef11-a317-000d3a383830	1270	Natálie Houšková	F	F18-24	29	6:32:42	0:45:02	0:09:14	3:26:35	0:05:24	2:06:27		
18d76488-b965-431c-966c-de5032a74e43	1271	Neel Ashar	M	M45-49	102	6:32:46	0:47:21	0:10:52	3:24:57	0:09:31	2:00:04	IN	
139442dd-d125-4401-93a1-6f3704a15425	1272	Tomas Koska	M	M50-54	85	6:32:58	0:38:44	0:08:51	3:00:44	0:06:08	2:38:32	CZ	
54d9e968-b6aa-f011-bbd3-6045bd05fcc1	1273	Pavel Zima	M	M55-59	34	6:33:03	0:58:08	0:06:20	2:56:25	0:05:19	2:26:51	Czech Republic	
8a3df059-6c8f-ed11-aad1-000d3a313cdf	1274	Jaroslav Urban	M	M50-54	86	6:33:13	0:32:33	0:05:46	2:58:08	0:04:53	2:51:52	Czech Republic	
69ae375a-efda-408e-a0a5-3a6746c2284f	1275	Zuzana Hrnciarova	F	F35-39	28	6:33:16	0:42:47	0:07:08	3:18:53	0:06:51	2:17:37	Slovakia	
c300411a-d6cc-f011-bbd3-000d3a35ffc1	1276	Oliver Novák	M	M18-24	168	6:33:17	0:43:20	0:05:40	3:15:25	0:03:26	2:25:26	Czech Republic	
ca3cdb31-c95d-4fe1-bbe9-ee452817fda6	1277	Viktor Novák	M	M50-54	87	6:33:17	0:38:23	0:10:25	3:15:44	0:03:48	2:24:57	CZE	
afcc8b06-a6f6-4de5-9e30-55c7cfa11ca2	1278	Alina Malinina	F	F40-44	32	6:33:26	0:41:11	0:07:01	3:15:37	0:08:13	2:21:23	Estonia	
4ce43ff2-b8aa-f011-bbd3-000d3a5cf7d8	1279	Joseph Dodds	M	M45-49	103	6:33:41	0:48:02	0:07:53	3:22:30	0:06:30	2:08:46	Czech Republic	
117d4212-b3aa-f011-bbd3-000d3a5b7c3b	1280	Michaela Klepetková	F	F30-34	34	6:33:49	0:47:59	0:08:00	3:30:33	0:06:41	2:00:37	Czech Republic	
b76a2630-c0aa-f011-bbd3-6045bd05fcc1	1281	Michael Bichler	M	M18-24	169	6:33:51	0:41:29	0:07:42	3:00:53	0:04:51	2:38:56	Austria	
c9ec3afd-b2aa-f011-bbd3-000d3a5b50ba	1282	Dalibor Bielas	M	M35-39	191	6:33:51	0:37:33	0:09:51	3:07:44	0:05:46	2:32:57	Czech Republic	
e5f49a9c-baaa-f011-bbd3-000d3a35ffc1	1283	Aneta Dragančíková	F	F18-24	30	6:33:57	0:43:58	0:05:35	3:08:46	0:07:08	2:28:30	cze	
b2ffe167-3fce-f011-bbd3-6045bd05fcc1	1284	Roman Furo	M	M30-34	157	6:33:57	0:45:57	0:08:22	3:24:20	0:05:52	2:09:26	Slovakia	
6d7490f1-d0c6-4b33-954d-b24baa7b5fd9	1285	Eva Jetelová	F	F40-44	33	6:34:03	0:44:25	0:07:25	3:06:40	0:06:12	2:29:22	Czech Republic	
9e8723ee-b6aa-f011-bbd3-6045bd05fcc1	1286	Daniel Pospíšil	M	M45-49	104	6:34:14	0:41:25	0:08:41	3:00:10	0:07:11	2:36:48	Czech Republic	
b9ae9111-f4bc-f011-bbd3-000d3a5b50ba	1287	William Huřťák	M	M40-44	121	6:34:38	0:42:24	0:07:18	3:17:40	0:05:34	2:21:41		
e5b4a075-bbaa-f011-bbd3-000d3a35ffc1	1288	Matous Mrazek	M	M30-34	158	6:34:45	0:39:51	0:06:27	3:18:37	0:07:48	2:22:01	Czech Republic	
da3f652c-0ea5-47fc-96df-63c7457e4ef3	1289	Miroslav Cermák	M	M45-49	105	6:35:07	0:38:20	0:08:28	3:10:14	0:05:00	2:33:06	Czech Republic	
ba2577c3-beaa-f011-bbd2-000d3a3009e6	1290	Tomáš Urban	M	M25-29	177	6:35:11	0:31:51	0:06:48	3:20:36	0:04:24	2:31:32	Czech Republic	
815b4dde-bbaa-f011-bbd3-6045bd05f634	1291	Kamil Suchan	M	M55-59	35	6:35:15	0:45:04	0:08:49	3:00:15	0:06:47	2:34:21	Czech Republic	
6b6359ca-e70b-f111-8406-6045bd08b1a2	1292	Lukáš Burdych	M	M40-44	122	6:35:48	0:41:26	0:12:01	2:52:13	0:15:47	2:34:21	Czech Republic	
fd82ccb9-b6aa-f011-bbd2-000d3a3009e6	1293	Kristýna Nestarcová	F	F30-34	35	6:35:55	0:47:36	0:06:07	3:21:13	0:07:16	2:13:43	Czech Republic	
27df8ba2-b6aa-f011-bbd3-000d3a3173b5	1294	Eliška Kölblová	F	F18-24	31	6:35:56	0:40:48	0:08:27	3:11:10	0:05:40	2:29:50	Czech Republic	
ab6f0f3d-b6aa-f011-bbd3-000d3a35ffc1	1295	Aleš Trs	M	M40-44	123	6:35:56	0:31:17	0:06:46	3:01:12	0:07:03	2:49:38	Czech Republic	
02d651e8-558b-4cb6-b2a8-53876735ff99	1296	Lukas Nestarec	M	M40-44	124	6:36:05	0:51:01	0:08:10	3:15:49	0:07:21	2:13:43	Czech Republic	
22a8cdb6-d08f-f011-b4cc-6045bd05fcc1	1297	Rolf De Lange	M	M25-29	178	6:36:13	0:36:50	0:09:41	2:53:33	0:05:42	2:50:27	Unknown	
99b46233-dcca-f011-bbd2-6045bd09e913	1298	Gabriel Novák	M	M25-29	179	6:36:14	0:48:42	0:08:55	3:16:46	0:06:39	2:15:12		
f584f103-baaa-f011-bbd3-000d3a3173b5	1299	Radek Štěrba	M	M50-54	88	6:36:39	0:43:49	0:06:47	2:57:13	0:05:50	2:43:00	Czech Republic	
5678759c-b9c0-f011-bbd3-002248098cfa	1300	Jan Pravec	M	M18-24	170	6:36:46	0:38:32	0:07:28	3:16:06	0:07:03	2:27:36	Czech Republic	
60a43810-d655-4c64-bfb2-c0cb3798a580	1301	Roland Patzina	M	M60-64	15	6:36:48	0:34:39	0:08:44	3:22:47	0:06:04	2:24:33	DEU	
d7589557-bbaa-f011-bbd3-000d3a5cf7d8	1302	Nina Simona Pape	F	F25-29	39	6:36:58	0:45:02	0:06:25	3:06:25	0:04:03	2:35:03	deu	
e190d757-48d5-f011-8543-6045bd05fcc1	1303	Thomas Dreher	M	M65-69	7	6:37:17	0:37:13	0:08:53	3:00:49	0:07:07	2:43:16	Germany	
6bfbcf5a-033f-489f-bd17-1d47f423aff2	1304	Jirí Hojgr	M	M50-54	89	6:37:18	0:40:33	0:09:26	3:08:02	0:05:13	2:34:03	Czech Republic	
a4612a4a-a7be-f011-bbd3-000d3a5cf7d8	1305	Johana Lukesova	F	F25-29	40	6:37:24	0:36:57	0:11:21	3:23:05	0:09:27	2:16:35	Czech Republic	
c5bf3939-20ba-f011-bbd2-6045bd0050a6	1306	Michaela Součková	F	F35-39	29	6:37:30	0:41:32	0:07:58	3:17:09	0:06:59	2:23:53	Czech Republic	
a843b5c4-b174-48e3-9274-6a108b379717	1307	Dmytro Prokopenko	M	M40-44	125	6:37:40	0:42:23	0:09:07	3:14:55	0:06:31	2:24:44	CZ	
5d4cdc01-bdaa-f011-bbd3-000d3a3173b5	1308	Bartosz Truszkiewicz	M	M45-49	106	6:37:47	0:46:14	0:07:48	3:11:28	0:05:15	2:27:01	Poland	
c7aac66a-a576-ee11-8179-000d3a314c24	1309	Miroslav Dekar	M	M50-54	90	6:37:54	0:47:37	0:10:13	3:09:41	0:11:16	2:19:07	Czech Republic	
66aa3ac7-b29c-4522-bf01-cbe9ac2c11f4	1310	Scott McMaster	M	M40-44	126	6:38:06	0:43:55	0:08:12	3:05:42	0:05:59	2:34:19	GB	
96191d19-beaa-f011-bbd3-000d3a5b50ba	1311	Denis Kossuth	M	M30-34	159	6:38:07	0:38:57	0:09:49	3:24:33	0:09:19	2:15:29	Slovakia	
1c2829d0-f1c7-ef11-b8e8-000d3a5ae96c	1312	Sunint Khurana	M	M30-34	160	6:38:12	0:44:42	0:09:31	3:18:37	0:06:05	2:19:18	IN	
a62fb2be-bcaa-f011-bbd2-000d3a3009e6	1313	Martin Hostinský	M	M35-39	192	6:38:15	0:34:05	0:06:15	3:02:33	0:05:11	2:50:12	Czech Republic	
7f83c3a5-0350-ef11-a317-000d3a5c08e8	1314	Christian Ribbecke	M	M45-49	107	6:38:27	0:48:42	0:08:45	2:54:32	0:09:56	2:36:32	deu	
46caa4a8-eb95-f011-b4cc-000d3a35ffc1	1315	Tomáš Kopecký	M	M35-39	193	6:38:30	0:42:49	0:09:24	3:13:41	0:06:14	2:26:23		
1a582205-eb41-4bdb-8ce7-c9700f477503	1316	Martina Jetmarová	F	F50-54	15	6:38:31	0:41:33	0:07:29	3:16:44	0:07:38	2:25:09	Czech Republic	
31410237-a07e-f111-ab0f-0022480994c2	1317	Brian Walker	M	M35-39	194	6:38:40	0:45:44	0:07:18	2:53:32	0:05:48	2:46:17	Czech Republic	
410a6789-b4aa-f011-bbd3-000d3a3173b5	1318	Martin Masarik	M	M30-34	161	6:38:41	0:45:32	0:09:07	3:16:11	0:06:54	2:20:56	Czech Republic	
fa18ae01-6d77-ee11-8179-000d3a314329	1319	Jakub Kocián	M	M35-39	195	6:38:46	0:43:14	0:07:07	3:25:54	0:07:20	2:15:11	Czech Republic	
0ec43352-29d9-f011-8543-000d3a5a3c7c	1320	Jakub Sokolik		M40-44	127	6:38:51	0:47:30	0:13:22	3:01:57	0:11:39	2:24:22	CZE	
eba4503a-3db0-f011-bbd3-6045bd05f634	1321	Jakub Kostka	M	M18-24	171	6:39:14	0:46:45	0:06:35	3:12:16	0:05:05	2:28:32	Slovakia	
a0cf2ef6-e53d-4072-ac29-1e900d886592	1322	Ingo Walter	M	M45-49	108	6:39:28	0:38:54	0:09:30	3:19:11	0:06:49	2:25:03	DE	
69767ad5-beaa-f011-bbd2-000d3a3009e6	1323	Michal Korsa	M	M25-29	180	6:39:41	0:34:56	0:07:27	3:09:10	0:07:45	2:40:24	Czech Republic	
11e7d8c4-6267-f011-bec3-000d3a3173b5	1324	Martin Vlček	M	M40-44	128	6:39:43	0:44:14	0:07:19	3:01:22	0:05:17	2:41:31	Czech Republic	
4f90b758-ae9c-f111-b8dc-6045bd06566a	1325	Lenka Balková	F	F45-49	18	6:40:19	0:49:58	0:08:30	3:14:29	0:07:29	2:19:52	CZ	
99d19f15-b3aa-f011-bbd3-000d3a5b50ba	1326	Patrik Martinát	M	M25-29	181	6:40:19	0:42:04	0:08:32	3:17:37	0:06:22	2:25:45	Czech Republic	
9a412862-d6cc-f011-bbd3-6045bd05fcc1	1327	Alexander Stoessl	M	M50-54	91	6:40:22	0:39:36	0:11:41	3:25:45	0:07:04	2:16:16	Austria	
57a7508d-b5aa-f011-bbd3-0022480a7385	1328	Filip Farský	M	M40-44	129	6:40:24	0:53:57	0:07:43	3:01:39	0:05:17	2:31:48	Czech Republic	
99b6aabd-baaa-f011-bbd3-6045bd09951e	1329	Lukáš Chytílek	M	M30-34	162	6:40:31	0:43:46	0:12:35	3:25:02	0:08:03	2:11:06	Czech Republic	
059e0914-a834-f011-8c4e-0022480a7385	1330	Václav Hálek	M	M18-24	172	6:40:31	0:37:57	0:07:28	3:03:50	0:07:38	2:43:38	Czech Republic	
b6d7e4a0-daa6-f011-bbd3-000d3a5b50ba	1331	Imre Nimród	M	M30-34	163	6:40:48	0:49:42	0:09:02	3:14:11	0:06:24	2:21:29		
f8304315-b6aa-f011-bbd3-000d3a5b7c3b	1332	Matej Micek	M	M25-29	182	6:41:21	0:58:28	0:10:40	3:10:14	0:07:26	2:14:32	cze	
b4d1fd2d-c3da-4e4a-a86b-75d2abdec10b	1333	Pavel Spacek	M	M55-59	36	6:41:27	0:47:11	0:08:38	2:57:49	0:07:06	2:40:43	svk	
1d4f86eb-c0aa-f011-bbd3-000d3a3173b5	1334	Anna Stejskalová	F	F18-24	32	6:41:29	0:39:12	0:09:36	3:40:22	0:05:26	2:06:52	Czech Republic	
d7ce2f91-a9cf-4073-99b4-771a91abba33	1335	Lubomir Kiesel	M	M45-49	109	6:41:39	0:42:41	0:12:56	3:14:10	0:08:26	2:23:27	Slovakia	
f675f740-aad6-f011-8544-0022480a7385	1336	Eliška Hujerová	F	F25-29	41	6:41:56	0:42:40	0:08:30	3:08:39	0:05:16	2:36:52	Czech Republic	
7d62215b-963b-4964-9bde-0ed7ef7f5afa	1337	Richard Wenzel	M	M45-49	110	6:42:14	0:39:19	0:06:42	3:13:08	0:05:06	2:37:59	cze	
675a0075-b2aa-f011-bbd3-000d3a5cf7d8	1338	David Pluhař	M	M25-29	183	6:42:17	0:46:14	0:09:22	3:28:41	0:07:20	2:10:41	Czech Republic	
9b6e2d25-5202-41d9-92cc-c1484a09ce2c	1339	Christian Schaupp	M	M35-39	196	6:42:44	0:41:08	0:08:45	3:09:58	0:04:40	2:38:13	aut	
eb4715f5-aeee-41e1-8349-36993197bc78	1340	Barbora Vanková	F	F25-29	42	6:42:49	0:54:41	0:08:55	3:21:30	0:05:11	2:12:32	Czech Republic	
900b208d-9fbb-4495-80bb-4d726de31a35	1341	Petr Roudný	M	M30-34	164	6:43:48	0:48:23	0:08:30	3:20:16	0:05:45	2:20:54	Czech Republic	
f60430b1-c1aa-f011-bbd3-6045bd05f634	1342	Maeve Bates	F	F18-24	33	6:43:54	0:51:06	0:07:41	3:18:15	0:07:01	2:19:51	Austria	
ae453312-b2aa-f011-bbd3-000d3a5b7c3b	1343	Jan Bárta	M	M25-29	184	6:43:55	0:54:17	0:07:42	3:17:47	0:05:21	2:18:47	Czech Republic	
15636b34-77b8-f011-bbd3-6045bd09951e	1344	Robert Vida	M	M50-54	92	6:43:55	0:44:15	0:12:51	3:19:03	0:08:07	2:19:40	Slovakia	
09ca87cf-b288-417c-8f99-1b7f24b7ce40	1345	Mirosla Šindelár	M	M45-49	111	6:44:01	0:37:47	0:08:07	3:02:08	0:06:43	2:49:16	Czech Republic	
85511b2d-b2aa-f011-bbd3-000d3a5cf7d8	1346	Jan Piwowarski	M	M25-29	185	6:44:14	0:38:44	0:06:45	3:20:33	0:04:49	2:33:21	Czech Republic	
d98d6526-bdaa-f011-bbd3-0022480a7385	1347	Jan Čulík	M	M35-39	197	6:44:17	0:41:38	0:06:40	3:11:54	0:05:05	2:39:00	Czech Republic	
e29bb261-60a3-f011-bbd3-6045bd05f634	1348	Adéla Anna Vašinová	F	F18-24	34	6:44:19	0:38:46	0:07:33	3:27:37	0:06:33	2:23:50		
a9321e1a-57b3-f011-bbd3-0022480a7385	1349	Robert Vysnovsky	M	M40-44	130	6:44:23	1:06:34	0:08:06	3:14:12	0:05:48	2:09:44	svk	
b5e8f4ff-c0aa-f011-bbd3-000d3a5b50ba	1350	Martin Truhlář	M	M30-34	165	6:44:24	0:37:42	0:07:32	3:26:24	0:08:10	2:24:36	Czech Republic	
c09406a8-c099-4559-97e8-f459128e9051	1351	Martin Herz	M	M55-59	37	6:44:51	0:38:58	0:08:19	3:08:14	0:07:16	2:42:03	deu	
4a078d77-9a37-4c59-8b1f-e86e2db29c0b	1352	Jamie Taylor	F	F25-29	43	6:44:51	0:40:29	0:09:43	3:27:51	0:04:56	2:21:52	ZA	
ee05a36a-77ec-4a89-aba9-05bd1596f4aa	1353	Andrea Hnyková	F	F30-34	36	6:44:55	0:44:26	0:09:20	3:07:33	0:08:38	2:34:57	Czech Republic	
0fc563e3-50d6-4cde-867d-46cefd8c39ce	1354	Eva Rychterová	F	F50-54	16	6:45:05	0:45:02	0:08:20	3:18:21	0:06:30	2:26:52	Czech Republic	
91053356-78ae-f011-bbd3-0022480c097c	1355	Andrea Židlická	F	F30-34	37	6:45:11	0:44:23	0:09:36	3:15:30	0:08:28	2:27:13	Czech Republic	
9165ea0e-baaa-f011-bbd3-6045bd05f634	1356	Adéla Procházková	F	F30-34	38	6:45:21	0:36:26	0:09:11	3:30:24	0:08:08	2:21:12	Czech Republic	
ce2796f0-b6aa-f011-bbd3-000d3a5b7c3b	1357	Jan Rottenborn	M	M18-24	173	6:45:43	0:39:51	0:07:22	3:25:17	0:04:23	2:28:51	Czech Republic	
e47e72a7-b9b8-461b-ba6c-3220ff3042a8	1358	Markéta Novák Arazimová	F	F50-54	17	6:45:46	0:38:21	0:06:35	3:08:51	0:07:23	2:44:36	Czech Republic	
f34bb3a9-60e1-4b76-83af-ca1f0d9c95a7	1359	Kamil Hudský	M	M50-54	93	6:45:59	0:39:31	0:06:01	3:22:43	0:04:58	2:32:46	Czech Republic	
59221e8e-a9c5-f011-bbd3-000d3a3173b5	1360	Kristýna Slouková	F	F30-34	39	6:46:07	0:46:34	0:08:06	3:17:59	0:07:27	2:26:00	Czech Republic	
5c7f0604-beaa-f011-bbd3-000d3a5b7c3b	1361	Petra Belková	F	F25-29	44	6:46:20	0:43:50	0:09:22	3:24:44	0:05:30	2:22:55	Czech Republic	
2a966264-baaa-f011-bbd3-000d3a5b7c3b	1362	Lukáš Veverka	M	M30-34	166	6:46:29	0:43:55	0:08:33	3:17:11	0:05:32	2:31:17	Czech Republic	
f107907c-b795-f011-b4cc-000d3a5b50ba	1363	Nadine Zidek	F	F50-54	18	6:46:33	0:38:53	0:06:16	3:05:27	0:11:59	2:43:59	Germany	
bd82eafe-bdaa-f011-bbd3-000d3a5cf7d8	1364	Eliška Mahdalová	F	F18-24	35	6:46:50	0:41:47	0:10:26	3:19:50	0:07:42	2:27:04	Czech Republic	
f42a92db-fdd6-f011-8544-000d3a5b50ba	1365	Peter Švajlen	M	M25-29	186	6:46:51	0:53:32	0:09:30	3:15:22	0:08:40	2:19:46	Slovakia	
57a19456-1eb5-f011-bbd2-000d3a318445	1366	Martin Štefan	M	M50-54	94	6:46:57	0:43:12	0:08:56	3:06:35	0:05:30	2:42:44	Czech Republic	
21aa8daa-beaa-f011-bbd3-0022480c097c	1367	Katerina Bielena	F	F25-29	45	6:47:12	0:39:40	0:07:47	3:07:58	0:05:36	2:46:10	Czech Republic	
0f0a2df2-f973-4681-82ba-a1869ae47034	1368	Swetank Sobhani	M	M35-39	198	6:47:16	0:42:51	0:08:04	3:13:38	0:05:50	2:36:53	Austria	
0069bb78-c2aa-f011-bbd2-000d3a3009e6	1369	Rebeka Blanka Rigó	F	F25-29	46	6:47:19	0:41:06	0:07:29	3:19:04	0:07:18	2:32:23	Austria	
c56d02ec-1bc7-ed11-b597-000d3a31458d	1370	Lukáš Lata	M	M35-39	199	6:47:20	0:40:04	0:07:52	3:06:36	0:06:49	2:45:59	CZE	
194bef1d-eb1b-4be1-a411-8ac199234927	1371	Michal Ružicka	M	M25-29	187	6:47:25	0:37:06	0:09:13	3:33:34	0:06:44	2:20:47	CZE	
b225b333-05aa-f011-bbd3-0022480a7385	1372	Kamil Alfery	M	M18-24	174	6:48:03	0:39:25	0:09:03	3:19:38	0:06:33	2:33:25		
e5505f33-7d9a-40b6-81b3-67e27c1f5267	1373	Andrej Forgács	M	M18-24	175	6:48:26	0:42:19	0:08:56	3:14:39	0:04:18	2:38:14	Slovakia	
fee14e9c-5c77-4001-a667-df92c065405f	1374	Jan Pochobradský	M	M50-54	95	6:48:44	0:26:55	0:04:21	2:57:42	0:06:05	3:13:42	Czech Republic	
6e7e17c6-b3aa-f011-bbd3-000d3a5cf7d8	1375	Adriena Najmanová	F	F30-34	40	6:48:57	0:39:57	0:07:49	3:32:17	0:08:03	2:20:51	Czech Republic	
f0f1cafe-fdee-f011-8407-6045bd04a162	1376	Tomáš Buriánek	M	M18-24	176	6:48:59	0:40:59	0:08:57	3:12:30	0:09:45	2:36:47	Czech Republic	
0a8c8282-6945-424e-a48c-9d21948c2601	1377	Miroslav Michálek	M	M45-49	112	6:49:00	0:43:46	0:07:21	3:14:07	0:05:22	2:38:24	Czech Republic	
90503671-1916-426c-8519-cb9641a7ab73	1378	Tania Decleir	F	F55-59	3	6:49:04	0:43:28	0:08:15	3:14:37	0:05:31	2:37:12	AT	
06dee3c4-c0aa-f011-bbd3-000d3a5cf7d8	1379	Jiří Kortánek	M	M35-39	200	6:49:06	0:48:13	0:08:10	3:14:28	0:05:51	2:32:24	Czech Republic	
6aa7a564-beaa-f011-bbd3-000d3a5b7c3b	1380	Alice CHERIF	F	F18-24	36	6:49:10	0:41:56	0:10:05	3:31:11	0:07:47	2:18:11	Unknown	
d5036555-beaa-f011-bbd3-000d3a5b50ba	1381	Štěpán Miškovský	M	M25-29	188	6:49:40	0:50:13	0:09:07	3:11:29	0:04:08	2:34:42	Czech Republic	
d53a0d07-c2aa-f011-bbd3-000d3a35ffc1	1382	Jakub Novotny	M	M45-49	113	6:50:06	0:44:22	0:11:16	3:18:26	0:09:41	2:26:20	Czech Republic	
9ed778de-cc2b-4c4a-9c72-ad9162c06fcd	1383	Stergios Poulios	M	M50-54	96	6:50:33	0:35:13	0:13:40	3:18:01	0:10:54	2:32:45	GRC	
7a9f1805-b9aa-f011-bbd3-6045bd09951e	1384	Jaroslav Hrách	M	M30-34	167	6:50:35	0:47:29	0:11:27	3:27:22	0:06:08	2:18:09	Czech Republic	
954178d2-b3aa-f011-bbd3-000d3a5cf7d8	1385	Daniel Kostka	M	M25-29	189	6:50:48	0:51:47	0:08:16	3:08:58	0:04:32	2:37:15	Czech Republic	
d7a25392-86d4-459f-8a1f-98eef122fe80	1386	Beate Kriemann	F	F50-54	19	6:51:32	0:39:51	0:10:00	3:18:20	0:07:43	2:35:38	DE	
7973b5f6-9fa5-4c67-b5c2-ee338c4b2553	1387	Piergiorgio Caroletti	M	M55-59	38	6:51:35	0:35:54	0:08:28	3:16:16	0:06:23	2:44:34	ita	
f4c3f14d-beaa-f011-bbd3-0022480a7385	1388	Jan Vojta Gerych	M	M40-44	131	6:51:40	0:51:39	0:08:32	3:03:40	0:04:38	2:43:10	Czech Republic	
fa3ffd48-cba5-ef11-8a6a-000d3a3126fd	1389	Zsolt Polacsek	M	M45-49	114	6:51:51	0:43:27	0:06:49	3:13:52	0:06:08	2:41:35	hun	
187e9af9-8d65-42df-aa35-f82fa99abcc4	1390	Tereza Vinšálková	F	F45-49	19	6:52:10	0:42:53	0:07:23	3:20:58	0:05:06	2:35:50	Czech Republic	
1b465bdd-1e62-4ca2-9e8b-a89741480fcc	1391	Karel Šilhán	M	M40-44	132	6:52:13	0:40:37	0:08:35	3:16:59	0:05:27	2:40:35	Czech Republic	
2460d136-1336-4af0-a546-39de5ec6af28	1392	Robert Hudecek	M	M55-59	39	6:52:13	0:41:04	0:07:22	3:06:14	0:04:47	2:52:46	cze	
3be8ca46-ba1f-4650-b5ed-b2d287027330	1393	Fco. Javier Almeda Muñoz	M	M55-59	40	6:52:16	0:34:18	0:11:48	3:18:41	0:07:10	2:40:20	ESP	
210c433c-88c9-f011-bbd3-6045bd05fcc1	1394	Filip Pospíšil	M	M30-34	168	6:52:17	0:33:17	0:07:47	3:10:00	0:05:49	2:55:24	Czech Republic	
e425bdc1-387d-f011-b4cc-000d3a5b7c3b	1395	Katerina Horka	F	F18-24	37	6:52:20	0:34:56	0:09:10	3:36:51	0:07:14	2:24:09		
00ab72c0-b4aa-f011-bbd3-000d3a3173b5	1396	Daniela Tonarová	F	F25-29	47	6:52:36	0:40:02	0:06:37	3:11:48	0:05:51	2:48:19	Czech Republic	
048eaa2d-7b5f-4bdf-90ad-c6de65e6a47b	1397	Jirka Chaloupka	M	M65-69	8	6:52:50	0:44:10	0:07:17	3:03:19	0:04:04	2:54:00	Czech Republic	
0311f95c-80ef-44e5-a258-590ac559167b	1398	Jana Janouchová	F	F60-64	2	6:52:57	0:36:37	0:07:59	3:23:31	0:04:32	2:40:19	Czech Republic	
c3e722ed-ce7c-f011-b4cc-000d3a5b50ba	1399	Jozef Klimek		M40-44	133	6:52:58	0:35:10	0:07:30	3:11:16	0:06:36	2:52:26	SVK	
a44db6d8-582f-f011-8c4e-000d3a3173b5	1400	David Jelínek	M	M30-34	169	6:53:01	0:47:27	0:09:36	3:08:40	0:07:24	2:39:55	Czech Republic	
b7ae0e4b-8ecb-45dc-abef-1e1b6da5f9e8	1401	Ingrid Mužíková	F	F45-49	20	6:53:06	0:51:58	0:07:13	3:16:06	0:05:57	2:31:52	Czech Republic	
ccc35e04-bead-49fe-999b-c9f2cfc22b70	1402	Lucie Synková	F	F30-34	41	6:53:14	0:41:29	0:06:44	3:20:00	0:06:24	2:38:37	Czech Republic	
da108ed9-4469-4cfb-952f-f606eb406f89	1403	Petra Václavková	F	F45-49	21	6:53:48	0:46:41	0:06:13	3:27:42	0:05:48	2:27:24	Czech Republic	
3d52fb5d-b4aa-f011-bbd3-000d3a35ffc1	1404	Anna Kuropčáková	F	F18-24	38	6:53:57	0:42:37	0:05:57	3:28:31	0:03:33	2:33:20	Czech Republic	
336750db-3ece-f011-bbd2-000d3a5b5fc7	1405	Karolina Šmídová	F	F25-29	48	6:54:07	0:31:25	0:06:00	3:35:30	0:03:32	2:37:41	Denmark	
c70717b1-7f77-ef11-a670-002248049fdc	1406	Eliška Šantorová	F	F18-24	39	6:54:28	0:40:09	0:08:24	3:45:50	0:04:06	2:16:00	CZ	
55edc45f-079a-491d-b87d-c586640fae28	1407	Eliška Horníková	F	F25-29	49	6:54:32	0:33:26	0:08:32	3:23:29	0:04:49	2:44:15	Czech Republic	
23e5940a-c0aa-f011-bbd3-6045bd05f634	1408	Jan Martin Pucik	M	M30-34	170	6:54:35	0:39:27	0:09:55	3:06:18	0:07:04	2:51:51	Czech Republic	
ab6e56f5-26cf-f011-bbd3-000d3a3173b5	1409	Tereza Sluková	F	F25-29	50	6:54:35	0:43:55	0:09:08	3:14:44	0:09:16	2:37:32	Czech Republic	
3d831a6e-b3a3-f011-bbd3-000d3a5b7c3b	1410	Lukas Trubnyj	M	M40-44	134	6:54:38	0:43:50	0:12:09	3:16:06	0:08:49	2:33:43	DEU	
d241d69a-11a5-f011-bbd3-6045bd05f634	1411	Radek Mraz	M	M45-49	115	6:54:43	0:39:43	0:08:49	3:21:14	0:07:09	2:37:49	CZ	
8743ac5c-c1aa-f011-bbd3-000d3a35ffc1	1412	Petr Brádle	M	M30-34	171	6:54:44	0:48:53	0:06:51	3:15:33	0:08:38	2:34:49	Czech Republic	
747b94bc-c1aa-f011-bbd3-000d3a5cf7d8	1413	Michaela Frumarová	F	F18-24	40	6:54:53	0:42:04	0:06:36	3:22:10	0:07:14	2:36:51	Czech Republic	
58efafa0-c0aa-f011-bbd3-000d3a5cf7d8	1414	Pavel Crha	M	M25-29	190	6:55:15	0:50:57	0:08:13	3:18:08	0:07:07	2:30:50	Czech Republic	
fcfcc79d-2197-f011-b4cc-6045bd05f634	1415	Martin Mareš	M	M30-34	172	6:55:21	0:51:36	0:08:55	3:23:14	0:03:28	2:28:07		
e4e382b8-bbaa-f011-bbd3-6045bd09951e	1416	Karin Chytilová	F	F45-49	22	6:55:54	0:42:15	0:14:08	3:25:57	0:08:35	2:24:59	Czech Republic	
5a4d5052-bcaa-f011-bbd3-000d3a3173b5	1417	Matyáš Hrebík	M	M18-24	177	6:56:10	0:42:20	0:09:35	3:34:01	0:06:15	2:23:59	Czech Republic	
4447fdb3-1e92-f011-b4cc-0022480a7385	1418	Samuel Sivák	M	M18-24	178	6:56:29	0:54:55	0:09:23	3:17:26	0:07:36	2:27:10		
d654021b-7e3a-4e09-abbe-be322eaed73c	1419	Tomas Hettych	M	M50-54	97	6:56:32	0:42:38	0:11:45	3:21:39	0:07:45	2:32:45	SK	
2547b1a3-baaa-f011-bbd3-000d3a5cf7d8	1420	Martin Kopecký	M	M35-39	201	6:56:35	0:50:29	0:11:24	3:25:44	0:08:15	2:20:44	Czech Republic	
a34b7ca3-d5ca-f011-bbd3-000d3a3173b5	1421	Maria Hořavová	F	F25-29	51	6:56:54	0:44:03	0:07:16	3:24:21	0:08:00	2:33:15	Czech Republic	
a408ede9-483a-f011-b4cc-000d3a3173b5	1422	Krystian Tuchmacher	M	M40-44	135	6:57:03	0:43:42	0:07:40	3:25:06	0:06:52	2:33:44	pol	
7b60e746-21b8-4d9c-823d-ad558648ee77	1423	Aleop Tur Behar	M	M60-64	16	6:57:27	0:46:30	0:09:13	3:21:06	0:06:33	2:34:06	US	
5c84f735-3fce-f011-bbd3-000d3a3173b5	1424	Pavel Cvrk	M	M40-44	136	6:57:35	0:44:17	0:07:22	3:28:01	0:04:51	2:33:05	Czech Republic	
f0d5f87c-641a-4071-9aff-689cd252a47b	1425	Sylvia Hehei	F	F55-59	4	6:58:11	0:58:04	0:08:36	3:13:00	0:07:54	2:30:37	AT	
74d47f56-b6aa-f011-bbd3-6045bd05fcc1	1426	Roman Holboj	M	M25-29	191	6:58:23	0:42:20	0:06:59	3:21:39	0:08:59	2:38:26	Slovakia	
a195cf27-b9aa-f011-bbd3-6045bd09951e	1427	Milan Pokorný	M	M35-39	202	6:58:40	0:39:00	0:11:16	3:11:14	0:15:38	2:41:32	Czech Republic	
ee43170b-b4aa-f011-bbd3-6045bd05fcc1	1428	Petr Horky	M	M25-29	192	6:58:50	0:44:40	0:12:16	3:26:56	0:12:23	2:22:35	Czech Republic	
0373b4fe-b3aa-f011-bbd3-6045bd09951e	1429	Pavel Mraček	M	M30-34	173	6:59:46	0:41:41	0:08:44	3:34:18	0:06:55	2:28:08	Czech Republic	
dfc4805e-6523-4c64-8de8-d2b27400559f	1430	Richard Prinz	M	M30-34	174	6:59:47	0:43:35	0:09:07	3:20:18	0:06:30	2:40:17	CZ	
83e0a7c6-f603-42a9-9ac4-c29727d3e297	1431	Patrik Celoud	M	M35-39	203	7:00:01	0:37:27	0:06:30	3:21:02	0:07:03	2:47:59	Czech Republic	
1a5d2156-aad6-f011-8544-000d3a5cf7d8	1432	Karel Samek	M	M30-34	175	7:00:19	0:47:28	0:08:25	3:20:23	0:07:02	2:37:00	Czech Republic	
6cf1ef8e-0c9d-f011-b41c-6045bd05f634	1433	Matěj Slaba	M	M25-29	193	7:00:59	0:48:54	0:07:20	3:28:16	0:05:24	2:31:04	Czech Republic	
9ed44daf-bbaa-f011-bbd3-000d3a5b50ba	1434	Eva Benešová	F	F35-39	30	7:01:03	0:43:10	0:08:09	3:27:22	0:04:08	2:38:14	Czech Republic	
d6878cba-e645-f011-877a-000d3a3173b5	1435	Markus Romstorfer	M	M45-49	116	7:01:19	0:48:56	0:06:40	3:02:08	0:07:02	2:56:32	aut	
05ec3018-b4aa-f011-bbd3-000d3a5b7c3b	1436	Ján Potanka	M	M50-54	98	7:01:44	0:38:51	0:06:23	3:01:00	0:10:10	3:05:19	Czech Republic	
6be318ec-b5aa-f011-bbd3-000d3a3173b5	1437	Václav Štrba	M	M25-29	194	7:02:06	0:41:19	0:12:04	3:13:34	0:09:13	2:45:56	Czech Republic	
7a36b140-0cbb-f011-bbd3-000d3a3173b5	1438	Ondřej Pánek	M	M25-29	195	7:02:10	0:43:51	0:09:49	3:20:08	0:06:50	2:41:32	Czech Republic	
fe13f2f6-b5aa-f011-bbd3-000d3a5b7c3b	1439	Václav Mlateček	M	M18-24	179	7:02:12	0:47:38	0:14:16	3:22:20	0:05:58	2:32:00	Czech Republic	
df154d4e-8fb6-f011-bbd3-6045bd09951e	1440	Martin Španěl	M	M30-34	176	7:02:24	0:53:42	0:09:07	2:55:20	0:06:43	2:57:33	Czech Republic	
fc302d8d-b4aa-f011-bbd3-000d3a5b50ba	1441	Lucie Břicháčková	F	F50-54	20	7:02:26	0:48:57	0:07:16	3:33:41	0:06:37	2:25:55	Czech Republic	
6de016f1-67ca-47b4-b4ec-13b24951f555	1442	Tomáš Babóš	M	M45-49	117	7:02:39	0:43:00	0:08:14	3:25:32	0:04:05	2:41:48	Slovakia	
a8430f6d-08b8-f011-bbd3-000d3a35ffc1	1443	Petr Škoda	M	M18-24	180	7:02:59	0:36:03	0:10:31	3:23:37	0:14:02	2:38:46	Czech Republic	
2235a2f4-bfaa-f011-bbd3-000d3a3173b5	1444	Jakub Jelačič	M	M18-24	181	7:03:17	0:46:55	0:07:25	3:18:18	0:08:56	2:41:43	Czech Republic	
00eba9cf-b194-4ccc-9c49-ca94b1072724	1445	Randi Ayman	F	F35-39	31	7:03:25	0:40:04	0:10:07	3:43:07	0:09:04	2:21:02	lux	
79da422b-fcdb-4351-87c3-7f4c55512d46	1446	Lyndsey Blair	F	F45-49	23	7:03:33	0:32:44	0:07:32	3:42:27	0:05:38	2:35:13	gbr	
55edf120-b3aa-f011-bbd3-6045bd05f634	1447	Oldřich Horák	M	M25-29	196	7:03:59	0:51:48	0:08:30	3:12:29	0:06:29	2:44:43	Czech Republic	
b2292e97-beaa-f011-bbd3-000d3a5b50ba	1448	Barbora Bačinová	F	F25-29	52	7:04:15	0:53:59	0:10:02	3:27:39	0:06:49	2:25:46	Czech Republic	
dcb65093-c29c-f111-b8dc-6045bd06566a	1449	Pavel Vostárek	M	M25-29	197	7:04:55	0:58:17	0:07:57	3:31:18	0:06:56	2:20:26	CZ	
facc0d5c-6ac4-f011-bbd3-0022480c097c	1450	Iva Zipserová	F	F18-24	41	7:05:06	0:52:14	0:07:25	3:34:31	0:06:42	2:24:15	Czech Republic	
c881d5a5-9496-4efc-84e4-b584215c18d1	1451	Shay Barash	M	M55-59	41	7:05:17	0:47:27	0:09:31	3:09:33	0:08:43	2:50:03	IL	
cf4ae29c-bfaa-f011-bbd3-0022480a7385	1452	Roman Kopecký	M	M55-59	42	7:05:31	0:50:22	0:13:33	3:16:08	0:11:07	2:34:20	Czech Republic	
154a286e-2fda-46c4-a949-2b16ec5bc74d	1453	František Forgács	M	M55-59	43	7:05:58	0:40:26	0:07:44	3:09:15	0:10:08	2:58:25	Slovakia	
b82b18b1-33e6-4916-884e-2512b75c61a1	1454	Ales Neumann	M	M45-49	118	7:06:07	0:48:11	0:14:50	3:38:18	0:06:37	2:18:11	Czech Republic	
448f839e-b5aa-f011-bbd3-000d3a5cf7d8	1455	Adam Kalina	M	M30-34	177	7:06:11	0:52:33	0:08:13	3:25:21	0:05:05	2:34:59	Slovakia	
4cda52b1-37c9-4248-9f5a-898cfd923023	1456	Greg Cox	M	M60-64	17	7:06:17	0:40:51	0:10:30	3:13:52	0:07:48	2:53:15	GBR	
bccce01d-f67b-ef11-a670-000d3a5a1803	1457	Ľubomír Toma	M	M50-54	99	7:06:24	0:37:15	0:07:43	3:16:17	0:04:54	3:00:15	SVK	
ae00e89b-e8b7-4bfd-8f2f-dddf5907c44a	1458	Julian Daniel Mauz	M	M35-39	204	7:06:37	0:43:27	0:14:27	3:28:44	0:10:28	2:29:30	DE	
188d6399-4096-487f-b826-44560fbf4032	1459	Katharina Pajzer	F	F30-34	42	7:06:44	0:43:31	0:14:24	3:28:47	0:10:29	2:29:32	DE	
25a50368-1963-4f5d-82b7-89a33065a18e	1460	Debbie Cowie	F	F50-54	21	7:06:45	0:59:36	0:06:38	3:43:30	0:04:51	2:12:11	Czech Republic	
18f363bd-b9aa-f011-bbd3-000d3a5b50ba	1461	Ála Krumbholzová	F	F50-54	22	7:07:00	0:44:19	0:09:03	3:40:46	0:04:39	2:28:14	Czech Republic	
6392a112-38cc-f011-bbd3-0022480a7385	1462	Kateřina Kopecká	F	F30-34	43	7:07:40	0:45:15	0:10:55	3:34:41	0:06:39	2:30:10	Czech Republic	
3e94e7f2-8988-466d-8dcf-f8346feeeb39	1463	Denisa Novotná	F	F30-34	44	7:08:06	0:41:08	0:08:07	3:28:21	0:08:11	2:42:19	Czech Republic	
d403cd31-b2aa-f011-bbd3-0022480c097c	1464	Michaela Forbelská	F	F25-29	53	7:08:07	0:46:36	0:08:34	3:31:17	0:06:12	2:35:28	Czech Republic	
a51d52c8-4409-45d2-8aaf-8796b28dbac6	1465	Aneta Faina	F	F35-39	32	7:08:17	0:42:24	0:06:50	3:09:25	0:04:32	3:05:07	Czech Republic	
350e1d89-bfaa-f011-bbd3-000d3a35ffc1	1466	Joanne Williams	F	F35-39	33	7:09:10	0:40:06	0:08:59	3:44:33	0:06:11	2:29:21	United Kingdom	
74b8d5ad-787e-ef11-ac21-6045bd05c809	1467	Anna Weixelbaum	F	F35-39	34	7:09:45	0:45:14	0:09:16	3:35:42	0:07:27	2:32:05	aut	
540471fc-a277-41ed-b2eb-cd4ac99d7a5c	1468	Jan Brandejs	M	M40-44	137	7:10:50	0:47:01	0:11:41	3:12:57	0:06:12	2:53:00	Czech Republic	
0eaffa12-bfaa-f011-bbd3-0022480c097c	1469	Jiří Hanák	M	M18-24	182	7:11:28	0:49:38	0:08:58	3:25:49	0:06:48	2:40:14	Czech Republic	
e5992817-e9a2-f011-bbd2-000d3a5c6334	1470	Kateřina Dušková	F	F18-24	42	7:12:59	0:43:37	0:08:52	3:39:16	0:07:04	2:34:09		
bbbc9f6f-bfaa-f011-bbd3-0022480c097c	1471	Natálie Novotná	F	F30-34	45	7:13:25	0:40:29	0:06:18	3:41:35	0:04:06	2:40:57	Czech Republic	
589d7d6f-09b4-f011-bbd3-6045bd05f634	1472	Jakub Vostárek	M	M25-29	198	7:14:08	0:56:15	0:11:52	3:28:56	0:07:22	2:29:43	Czech Republic	
b64dba00-7fc1-f011-bbd3-6045bd05f634	1473	Fantapie Mathias	M	M18-24	183	7:14:10	0:44:21	0:07:57	3:19:30	0:05:47	2:56:35	France	
471f4834-beaa-f011-bbd3-000d3a5b7c3b	1474	Pavlína Saudková	F	F40-44	34	7:14:10	0:49:40	0:09:10	3:14:01	0:09:26	2:51:53	Czech Republic	
5f85ed2f-da60-45e4-8f1e-39547adc3dc6	1475	Dominik Kána	M	M30-34	178	7:14:17	0:42:31	0:09:19	3:18:36	0:10:06	2:53:46	Czech Republic	
0779f003-c0aa-f011-bbd3-0022480a7385	1476	Adam Lefner	M	M25-29	199	7:14:50	0:44:32	0:10:56	3:43:00	0:07:03	2:29:19	Czech Republic	
3cba81d6-60c8-f011-bbd3-000d3a5cf7d8	1477	Jan Kaisler	M	M25-29	200	7:14:53	0:46:29	0:10:49	3:32:18	0:05:22	2:39:55	Czech Republic	
625d9c39-b8aa-f011-bbd3-000d3a35ffc1	1478	Jakub Čopák	M	M25-29	201	7:15:31	0:44:23	0:09:04	3:27:56	0:06:30	2:47:39	Czech Republic	
4ea0253e-fcf1-ef11-9341-00224808baeb	1479	Tereza Bořutová	F	F25-29	54	7:15:32	0:37:05	0:06:31	3:38:14	0:06:02	2:47:40		
43240615-bcaa-f011-bbd3-6045bd05f634	1480	Luboš Vavrda	M	M50-54	100	7:15:37	0:43:48	0:07:41	3:29:40	0:05:11	2:49:17	Czech Republic	
7ed3c1a7-bbaa-f011-bbd2-000d3a3009e6	1481	Jakub Drs	M	M35-39	205	7:15:46	0:38:44	0:09:53	3:28:11	0:07:20	2:51:38	Czech Republic	
c13aa57b-06c2-f011-bbd3-000d3a35ffc1	1482	Radek Novák	M	M25-29	202	7:15:49	0:39:08	0:07:21	3:28:13	0:06:19	2:54:48	Czech Republic	
95862875-b2aa-f011-bbd2-000d3a3009e6	1483	Jan Valoušek	M	M45-49	119	7:15:57	0:46:45	0:08:00	3:33:26	0:05:31	2:42:14	Czech Republic	
1334312f-0cbb-f011-bbd3-000d3a5cf7d8	1484	Alexandr Karanevič	M	M18-24	184	7:16:13	0:36:38	0:09:20	3:50:52	0:09:05	2:30:19	Czech Republic	
558af9a7-adb6-f011-bbd3-000d3a3173b5	1485	Nazar Systrenskyi	M	M18-24	185	7:16:27	0:53:24	0:11:39	3:44:19	0:07:52	2:19:14		
b6029ffb-8749-ef11-a317-00224809fd7c	1486	Zuzana Obracajová	F	F35-39	35	7:16:45	0:43:05	0:07:20	3:25:35	0:06:15	2:54:30	cze	
5577d07b-1dca-f011-bbd2-000d3a5b5fc7	1487	Elisabeth Mehlhorn	F	F25-29	55	7:17:34	0:37:30	0:09:21	3:15:14	0:08:14	3:07:15	Germany	
b9a9ee02-b6aa-f011-bbd3-000d3a5b7c3b	1488	Sára Miklóšová	F	F30-34	46	7:18:46	0:50:25	0:10:53	3:27:14	0:05:12	2:45:01	Slovakia	
60d4acd3-5a82-f011-b4cc-000d3a5b50ba	1489	Markéta Ptáčníková	F	F25-29	56	7:18:48	0:46:38	0:07:42	3:27:13	0:08:24	2:48:50		
0b78a0ac-f9a1-4d52-955b-4ab6601ec259	1490	Petra Doubková	F	F35-39	36	7:19:45	0:47:54	0:06:07	3:32:29	0:07:00	2:46:16	Czech Republic	
25e89f62-bcaa-f011-bbd2-000d3a3009e6	1491	Leos Kocman	M	M50-54	101	7:20:35	0:54:43	0:09:17	3:08:44	0:05:42	3:02:09	Czech Republic	
56bd1532-3fce-f011-bbd3-000d3a5cf7d8	1492	Aneta Plachtovičová	F	F30-34	47	7:20:58	0:35:16	0:07:54	3:27:45	0:07:49	3:02:13	Czech Republic	
74c25838-f702-ef11-a1fd-000d3a59e106	1493	Adéla Pokorná	F	F18-24	43	7:21:58	0:39:02	0:08:16	3:40:25	0:06:13	2:48:03		
100f0c48-81a6-f011-bbd3-000d3a5cf7d8	1494	Elisabeth Valera Fidalgo	F	F30-34	48	7:22:27	0:40:22	0:08:43	3:41:27	0:06:45	2:45:11	Ireland	
4e690966-6fc1-f011-bbd3-000d3a35ffc1	1495	Michal Mašek	M	M25-29	203	7:22:30	0:48:05	0:13:45	3:35:54	0:08:14	2:36:33	Czech Republic	
a89fa20c-beaa-f011-bbd2-000d3a3009e6	1496	Jakub Bartek	M	M30-34	179	7:22:32	0:48:35	0:09:22	3:23:05	0:11:49	2:49:41	Slovakia	
82749d80-09b4-f011-bbd3-000d3a5b50ba	1497	Simon Staudinger	M	M18-24	186	7:22:33	0:45:41	0:08:52	3:35:42	0:10:57	2:41:22	Austria	
0bf00825-8597-ef11-8a6a-6045bd048089	1498	Lucie Kostalova	F	F25-29	57	7:22:35	0:42:43	0:07:59	3:30:50	0:05:49	2:55:14	CZ	
fa177024-f39e-f011-b41c-000d3a5b50ba	1499	Gabriela Becickova	F	F25-29	58	7:22:55	0:46:43	0:08:33	3:43:05	0:05:29	2:39:05		
d620d987-8cb1-f011-bbd3-000d3a3173b5	1500	Patrik Masopust	M	M18-24	187	7:23:31	0:46:46	0:09:11	3:28:14	0:07:46	2:51:34	Czech Republic	
682a1625-c093-f011-b4cc-000d3a5b7c3b	1501	Florian Leixnering	M	M35-39	206	7:23:46	0:50:06	0:09:18	3:11:02	0:07:50	3:05:30	aut	
09dfa7c2-3572-4d00-ae62-3c239985a036	1502	Monika Fast	F	F50-54	23	7:23:57	0:47:41	0:08:24	3:43:21	0:05:49	2:38:41	AUT	
9cd9a26b-8181-ef11-ac21-6045bd05c809	1503	Vojtěch Ižol	M	M18-24	188	7:24:13	0:50:45	0:07:56	3:40:35	0:07:47	2:37:10		
70e150a7-37b5-f011-bbd3-000d3a3173b5	1504	Tomas Wiesner	M	M35-39	207	7:24:21	0:36:33	0:09:07	3:25:33	0:06:57	3:06:11	Czech Republic	
2611ef27-eb6d-421f-8109-e630fc165219	1505	Marek Tlapa	M	M18-24	189	7:24:46	0:42:03	0:06:44	3:33:48	0:06:52	2:55:19	Czech Republic	
bf7eac9d-1112-4687-aa77-0d2703910f05	1506	Helmut Fitz	M	M60-64	18	7:25:34	0:35:45	0:06:56	4:02:35	0:04:45	2:35:33	AT	
f93c702f-4dc9-4476-a494-4e33e51ae847	1507	Petra Cerná	F	F45-49	24	7:26:48	0:44:01	0:09:26	3:35:43	0:08:07	2:49:31	CZE	
3b21f128-b4aa-f011-bbd3-000d3a3173b5	1508	Radek Miller	M	M25-29	204	7:26:52	0:51:16	0:09:50	3:38:44	0:08:28	2:38:33	Czech Republic	
4152d6aa-ef29-4669-a081-49c1bbd519ee	1509	Marta Paprocka	F	F45-49	25	7:28:01	0:55:36	0:07:49	3:50:35	0:08:02	2:26:00	Poland	
74e9a18e-baaa-f011-bbd3-000d3a5b7c3b	1510	Nela Šindelářová	F	F18-24	44	7:28:43	0:54:41	0:07:25	3:41:48	0:06:38	2:38:10	Czech Republic	
2bc02cef-3ece-f011-bbd2-000d3a5b5fc7	1511	Martin Vambera	M	M50-54	102	7:29:41	0:46:07	0:15:04	3:29:40	0:10:09	2:48:41	Czech Republic	
ef7e8701-4ad0-f011-bbd3-000d3a3173b5	1512	Peter Hanic	M	M45-49	120	7:29:56	0:39:52	0:12:27	3:29:55	0:11:57	2:55:46	Slovakia	
8c8cc34a-66e3-4fab-ac81-f050989ee691	1513	Zuzana Matašová	F	F30-34	49	7:30:01	0:56:12	0:08:15	3:27:15	0:07:29	2:50:51	Czech Republic	
516e2370-4782-ed11-81ad-000d3a314ae2	1514	Blanka Dvorak	F	F50-54	24	7:31:35	0:42:32	0:10:08	3:47:38	0:06:55	2:44:23	AU	
d4fb2de3-d4d2-f011-8544-000d3a5b7c3b	1515	Julia Tudaj	F	F40-44	35	7:32:41	0:50:13	0:09:10	3:35:08	0:08:12	2:49:59	Slovakia	
3a31cadc-88c0-f011-bbd3-6045bd05fcc1	1516	Purevjargal Gansukh	F	F25-29	59	7:32:50	0:52:54	0:09:51	3:38:12	0:08:12	2:43:41	Czech Republic	
009a1f5d-31be-f011-bbd2-000d3a5b7c3b	1517	Šimon Švadleňák	M	M18-24	190	7:32:59	0:50:54	0:12:08	3:36:06	0:09:06	2:44:45	Czech Republic	
95c5e5a9-3721-4c31-ba4c-82414ee5411a	1518	Karolina BURESOVA	F	F40-44	36	7:33:49	0:44:53	0:14:28	3:45:37	0:13:15	2:35:36	cze	
5b515c49-a578-ed11-81ad-000d3a31440b	1519	Megha Jose	F	F30-34	50	7:34:44	0:55:35	0:08:43	3:33:14	0:05:44	2:51:28	INDIA	
4a33885e-78ae-f011-bbd3-000d3a3173b5	1520	Lukáš Petříček	M	M18-24	191	7:36:35	0:48:04	0:09:40	3:32:42	0:11:23	2:54:47	Czech Republic	
0b3fc64c-d0f3-4f12-8fa5-0f54a54b831e	1521	Marianthi Tsiaousi	F	F55-59	5	7:36:41	0:37:33	0:11:15	3:42:06	0:09:36	2:56:11	GRC	
350970ab-8827-4e59-87f0-a1acb6b73eec	1522	František Kocáb	M	M25-29	205	7:36:55	0:35:19	0:07:12	3:59:41	0:04:57	2:49:47	Czech Republic	
e3190c7e-5fee-f011-8407-6045bd04a162	1523	Sára Hejtmanská	F	F25-29	60	7:37:22	0:48:26	0:09:03	3:40:19	0:08:22	2:51:12	Czech Republic	
c620b879-c0aa-f011-bbd3-000d3a5b7c3b	1524	Patrik Omasta	M	M18-24	192	7:39:56	0:50:32	0:10:22	3:43:06	0:07:02	2:48:53	Slovakia	
761facec-7bc3-4a0f-b6f5-0553ad13eddf	1525	Petr Prošek	M	M30-34	180	7:42:09	0:53:34	0:11:28	3:37:24	0:07:29	2:52:14	Czech Republic	
4e258398-6bb7-41df-b808-442acd7a10c8	1526	Ing. Špelina	M	M50-54	103	7:42:48	0:54:05	0:09:33	3:38:17	0:06:28	2:54:25	Czech Republic	
2aa2d8ea-59d8-4014-b37c-ce2067146ffc	1527	Anke Sembacher	F	F45-49	26	7:45:16	0:40:53	0:06:56	3:25:15	0:06:45	3:25:27	AT	
991af8f6-5ea8-f011-bbd2-6045bd019463	1528	Gabriela van de Graaf	F	F30-34	51	7:46:01	0:55:15	0:11:55	3:43:36	0:07:07	2:48:09	Netherlands	
07f61c54-c0aa-f011-bbd3-0022480c097c	1529	Anna Klimánková	F	F25-29	61	7:46:17	0:51:04	0:09:18	3:42:15	0:04:26	2:59:13	Czech Republic	
570a69ac-b8aa-f011-bbd3-000d3a35ffc1	1530	Michael Rudolf	M	M55-59	44	7:47:58	0:43:24	0:06:07	3:55:29	0:06:51	2:56:07	Czech Republic	
d2317d25-e4c3-f011-bbd3-6045bd05f634	1531	Simona Tomanová	F	F30-34	52	7:48:54	0:46:57	0:06:37	3:56:47	0:05:53	2:52:40	Czech Republic	
df9e4bc1-90cd-455b-b402-722a6cd5a204	1532	Milan Linhart	M	M60-64	19	7:50:23	0:59:56	0:12:33	3:33:34	0:10:00	2:54:19	cze	
b87bbfec-5fb8-4568-aa6d-4e3249462f8e	1533	Raghav Goel	M	M40-44	138	7:51:11	0:56:08	0:14:02	3:37:10	0:12:21	2:51:29	India	
4400b7f8-8712-4659-9881-65071651f8ef	1534	Martin Šereda	M	M55-59	45	7:51:56	0:35:00	0:09:50	3:24:30	0:11:58	3:30:38	Czech Republic	
19ff846b-b2aa-f011-bbd3-000d3a5b50ba	1535	Tomáš Šebek	M	M25-29	206	7:52:57	0:48:28	0:09:07	3:49:26	0:05:55	3:00:00	Czech Republic	
9a1d51ea-bc6f-f011-bec3-000d3a3173b5	1536	Kryštof Hauser	M	M18-24	193	7:54:27	0:49:18	0:09:25	4:07:20	0:05:15	2:43:08		
1bff859c-1e2c-4e4a-937d-78e54bd7058e	1537	Pawel Kaszynski	M	M45-49	121	7:56:26	0:44:42	0:11:23	3:48:43	0:11:45	2:59:54	Poland	
75549cbf-fb5d-ef11-bfe3-000d3a371e3b	1538	Jakub Michna	M	M30-34	181	8:02:12	0:44:19	0:09:25	4:28:35	0:06:48	2:33:05	cze	
20bc9b0c-e1e4-4492-9e02-874af6851ff8	1539	Tomáš Hovorka	M	M50-54	104	8:02:35	0:59:27	0:09:20	3:26:25	0:05:47	3:21:36	cze	
8a7ad771-5a01-4f88-80b2-f30ed9bd9f26	1540	Kalpesh Doshi	M	M50-54	105	8:04:31	0:58:38	0:08:53	3:48:37	0:08:10	3:00:13	IN	
d969625e-8ece-4cd6-9fc3-06e0397f1709	1541	Przemyslaw Jurczak	M	MGuide	1	8:05:23	0:50:54	0:08:14	4:31:00	0:08:48	2:26:26	PL	
c40fd2ff-65e1-4f6c-aae6-097ffaa5079a	1542	Robin Krejci	M	M45-49	122	8:09:13	0:49:50	0:09:10	3:25:27	0:06:31	3:38:16	US	
80581965-85f4-467b-9bd0-7b2d8bf84b00	1543	Jan Vondrák	M	M50-54	106	8:12:26	0:39:03	0:12:04	3:31:29	0:06:44	3:43:07	Czech Republic	
5438ae09-33b6-f011-bbd3-6045bd05f634	1544	Tomáš Voves	M	M30-34	182	8:12:57	0:45:18	0:09:46	3:46:45	0:09:27	3:21:40	Czech Republic	
ee516ad4-bfaa-f011-bbd3-6045bd05fcc1	1545	Tanya Benito	F	F30-34	53	8:26:18	0:55:17	0:11:46	4:15:30	0:07:56	2:55:48	Slovakia	
4e9a3cf3-b2aa-f011-bbd3-0022480c097c	99999	Adam Mojžíšek	M	M40-44	99999							Czech Republic	DNS
8026a269-c393-f011-b4cc-0022480c097c	99999	Roman Tyr	M	M45-49	99999							Czech Republic	DNS
8df551b1-aa76-f011-b4cc-6045bd05fcc1	99999	Tomáš Růžička	M	M25-29	99999		0:39:43	0:08:17					DNF
74533cb1-a7f7-ef11-9341-6045bd088264	99999	Jannis Hauerwaas	M	M25-29	99999								DNS
4c5dbc59-53d6-4363-81e3-04c95d7a85af	99999	Jannik Schaufler	M	MPRO	99999							DE	DNS
c50ee983-b4aa-f011-bbd3-6045bd09951e	99999	Pavel Bonaventura	M	M30-34	99999							Czech Republic	DNS
db2df50c-bfaa-f011-bbd3-000d3a3173b5	99999	Daniel Zajíc	M	M45-49	99999							Czech Republic	DNS
2c992f92-b2b9-4efe-ac6a-3593f086d62b	99999	Jan Havranek	M	M25-29	99999							cze	DNS
0b99ca1e-a25b-4cb8-8ea1-deb7a3c1a06d	99999	Klára Szromková	F	F18-24	99999							Czech Republic	DNS
30941679-c1aa-f011-bbd3-000d3a5b7c3b	99999	Matěj Gubiš	M	M18-24	99999							Czech Republic	DNS
4b8b98ac-d5ca-f011-bbd3-6045bd05fcc1	99999	Petr Weisser	M	M30-34	99999		0:55:06	0:12:08	3:45:51	0:15:40		Czech Republic	DNF
481e0848-bfaa-f011-bbd3-6045bd09951e	99999	Barbora Ježková	F	F18-24	99999							Czech Republic	DNF
e3ccb612-a446-43af-9841-cb7e83cc96f0	99999	Gui Muglia Campos	M	MPRO	99999							US	DNS
5b95c683-95a2-f011-bbd2-000d3a5c6334	99999	Dominik Krejčí	M	M18-24	99999							Czech Republic	DNS
b6fd3a4f-51f9-4871-b438-90d7770dbed3	99999	Tereza Žilková	F	F35-39	99999							Czech Republic	DNS
64412940-21dd-4550-b163-ef9ce565eade	99999	Giuseppe Esposito	M	M40-44	99999		0:49:51	0:09:39	3:40:28	0:04:31		IT	DNF
c0040fe2-8674-4e60-a062-047899192fef	99999	Ole Rasmussen	M	M55-59	99999							DK	DNS
86ea3e9c-ea79-45b7-9862-0b1df54b21f4	99999	Verena Fetzer	F	F30-34	99999							deu	DNS
1521ad13-0cbb-f011-bbd3-000d3a5b50ba	99999	Milan Markovič	M	M45-49	99999							Czech Republic	DNS
6f16b524-a81f-4fd8-a780-d8fa31095609	99999	Kirsten Smith	F	F45-49	99999		0:40:41	0:10:38	3:47:59			GBR	DNF
af2f6a1d-beaa-f011-bbd3-0022480a7385	99999	Marek Lukavský	M	M18-24	99999							Czech Republic	DNS
3b0368f5-b655-4d12-a785-bb7486d87e97	99999	Daniela Kamarádová	F	F50-54	99999							Czech Republic	DNS
205088d6-5463-f011-bec3-000d3a3173b5	99999	Marek Nevrklo	M	M50-54	99999								DNS
5caa4a44-e125-49c4-8d65-f735a3b33210	99999	Šimon Vostrý	M	M45-49	99999							CZE	DNS
6ce274eb-baaa-f011-bbd3-6045bd09951e	99999	Juraj Tkáč	M	M45-49	99999							Czech Republic	DNS
91878749-c771-ef11-a670-000d3a308d97	99999	Lukas Fritz	M	M30-34	99999							DE	DNS
9c8cae79-00a7-ef11-8a69-000d3a5a403c	99999	Daniel Schager		M40-44	99999							AUT	DNS
57db197c-a7c9-f011-bbd3-000d3a3173b5	99999	Filip Koutecký	M	M18-24	99999							Czech Republic	DNS
d89b4260-28a4-40df-bbb8-729938cb407a	99999	Lisa-Maria Dornauer	F	FPRO	99999		0:25:56	0:03:27	2:19:41	0:03:16		AT	DNF
1b8b4a9f-5c88-49b4-85a5-b3dc3c64119d	99999	Lena Martens	F	F25-29	99999							DE	DNS
7d4bc8c1-a530-4c68-8d5c-776ad6cb9269	99999	Jan Mašek	M	M40-44	99999							Czech Republic	DNS
138870cf-177f-f011-b4cc-000d3a3173b5	99999	Štefan Kuchtiak	M	M35-39	99999							svk	DNS
546eabfa-efae-ee11-a569-000d3a314ae2	99999	Fatih Ören	M	M40-44	99999							tur	DNS
102a07a6-aa81-f111-ab0e-70a8a5b2ff74	99999	Dorka Soós	F	FPRO	99999		0:25:57	0:03:18					DNF
86d9b63a-3d5b-4411-a63c-7b2c0ee125d0	99999	Tomas Toman	M	M40-44	99999							Czech Republic	DNS
5aac52e8-0bbf-f011-bbd3-002248098cfa	99999	dhanraj sansare	M	M55-59	99999							India	DNF
d35e3941-ddf4-4e68-93f2-1335cf5bb1f4	99999	Przemyslaw Kossakowski	M	M35-39	99999							Poland	DNS
7f4ca9d5-bba6-f011-bbd3-6045bd09951e	99999	Tomas Krenc	M	M50-54	99999							cze	DNS
baff88e5-c0aa-f011-bbd3-000d3a3173b5	99999	Michal Ryba	M	M35-39	99999							Czech Republic	DNS
a09d9ffe-10bc-4329-b691-a744c9782802	99999	Martin Andrs	M	M35-39	99999		0:26:08	0:03:56				CZE	DNF
6e02c48a-71b7-f011-bbd3-6045bd05f634	99999	Vladimir Wunsch	M	M25-29	99999							Czech Republic	DNS
bccd2484-ee07-eb11-a813-000d3a591f2e	99999	Josef Vomacka	M	M45-49	99999		0:32:27	0:04:32				Czech Republic	DNF
57dc42f4-a0b3-4145-a06a-ef9afbfa0d2e	99999	Matthias Hadwiger	M	M18-24	99999							Czech Republic	DNS
dcb2c611-41b1-f011-bbd3-000d3a5b7c3b	99999	Lukáš Křižánek	M	M30-34	99999							Czech Republic	DNS
0767f9e3-e823-4b12-b4c5-359f44e38502	99999	Martin Lacko	M	M30-34	99999							Slovakia	DNS
969e5db4-6baf-f011-bbd2-002248082f34	99999	Hugo Gál	M	M18-24	99999		0:36:40	0:07:01				Slovakia	DNF
fd57efce-b8aa-f011-bbd2-000d3a3009e6	99999	Khoi Nguyen Vu	M	M18-24	99999							Czech Republic	DNF
9d2d8538-bdaa-f011-bbd3-000d3a5cf7d8	99999	Filip Zárobský	M	M25-29	99999							Czech Republic	DNS
d6fffb41-beaa-f011-bbd3-0022480a7385	99999	Michal Terka	M	M40-44	99999							United Kingdom	DNS
0e97db83-b8aa-f011-bbd3-6045bd05f634	99999	Martin Šostok	M	M18-24	99999							Czech Republic	DNS
e5b4671e-45da-4e56-8a97-ac480b6ec51a	99999	Arne Leiss	M	MPRO	99999							DE	DNS
d6437911-72d3-f011-8544-000d3a5cf7d8	99999	Stanislav Zemach	M	M30-34	99999							Czech Republic	DNS
e8c22e38-feda-455a-a4e8-9210b2a8ec4d	99999	Nicolas Hostaléry	M	M40-44	99999							France	DNS
f90565ac-71bc-4140-a909-9663b0d643a6	99999	Jakub Jurczak	M	PC/ID	99999	8:05:22	0:50:54	0:08:15	4:31:00	0:08:47	2:26:27		
0829e79e-6252-4ad0-b060-359dd386bf29	99999	Lauren Davenport	F	F30-34	99999							US	DNS
40c0a1a5-b4aa-f011-bbd2-000d3a3009e6	99999	Luboš Kunc	M	M40-44	99999							Czech Republic	DNS
060fa88b-b34d-44b9-9e61-9169034568fb	99999	Jakub Mokrý	M	M35-39	99999							Czech Republic	DNS
3adca4c6-9ad2-f011-8544-000d3a3173b5	99999	Tarassov Nikita	M	M25-29	99999							Czech Republic	DNS
94d90a46-aad6-f011-8543-000d3a355889	99999	Stanislav Fischer	M	M35-39	99999							Czech Republic	DNS
704911fc-4002-43be-809e-7e6fb9f606a2	99999	Julia Jedwabny	F	F40-44	99999		0:49:09	0:06:07	2:42:11	0:06:37		esp	DNF
6eff387a-3fce-f011-bbd3-6045bd05fcc1	99999	Hana Štefaničová	F	F50-54	99999							Czech Republic	DNS
be587850-93e0-4f29-98df-c1c4ffe8476a	99999	Dana Klempírová	F	F50-54	99999							Czech Republic	DNS
7bc732f0-5f99-4704-be19-52e9194a9994	99999	Gustavo Hernandez	M	M35-39	99999							Germany	DNS
d8da8beb-b3ac-f011-bbd3-000d3a35ffc1	99999	Daria Alic	F	F18-24	99999							Austria	DNS
b61f3679-5444-4d00-b877-c2e71e1e6967	99999	Emma Moretzsohn	F	F35-39	99999							US	DNS
c5461632-27f7-4e55-98c7-ac4454660815	99999	Aneta Brozova	F	F30-34	99999		0:47:46	0:09:17				che	DNF
aa8b18dc-e9d0-450d-ba16-8dffe68bbf4c	99999	Steven Ho	M	M50-54	99999							chn	DNS
d7ed61d8-5d3b-44ae-9663-044f07e8e294	99999	Gyula VOLLÁR	M	M55-59	99999		0:45:43	0:08:39	3:30:05	0:09:16		hun	DNF
fc584cc7-93b5-f011-bbd3-6045bd05fcc1	99999	Filip Funiok	M	M25-29	99999							Czech Republic	DNS
fb3451e5-bbaa-f011-bbd3-000d3a3173b5	99999	David Brenner	M	M30-34	99999							Czech Republic	DNS
f12b2f18-77b2-f011-bbd3-6045bd05fcc1	99999	Jan Macháček	M	M30-34	99999							Czech Republic	DNS
c9cf3952-1eb5-f011-bbd3-002248098cfa	99999	Pavel Bohatec	M	M35-39	99999							Czech Republic	DNS
9923e302-813c-4c92-b884-b5c81f8400f8	99999	Martin Špacek	M	M45-49	99999							Czech Republic	DNS
e2421993-696a-ee11-8df0-000d3a31440b	99999	Martin Vais		M60-64	99999								DNS
f36b1942-ebf8-ea11-a815-000d3a5a1bfb	99999	Nelly Wojtasinski	F	F65-69	99999							FR	DNS
ea5d7bec-17b7-42b4-8c02-3bbf8ddbdcc0	99999	Lucie Fialová	F	F45-49	99999		0:33:36	0:04:57	2:33:21	0:03:31		Czech Republic	DNF
bc5ec904-70d6-431e-a20b-e67ed88c0344	99999	Jaromír Korístka	M	M40-44	99999							Czech Republic	DNS
fd95c2a2-34f5-425a-80a4-ce0ca69a31bf	99999	Marko Krajnc	M	M40-44	99999							SI	DNS
c235fede-5ebf-f011-bbd3-0022480a7385	99999	Kamila Surovcova	F	F25-29	99999							Czech Republic	DNS
00096c90-6262-40a5-929d-9040628dc8ed	99999	Robert Pirnbacher	M	M55-59	99999		0:30:27	0:06:05	2:17:50			AT	DNF
21c5ccc8-b3aa-f011-bbd3-6045bd05fcc1	99999	Norbert Paňko	M	M30-34	99999							Czech Republic	DNS
a4651162-3955-4beb-968e-7cce44164598	99999	Martin Dvorák	M	M50-54	99999							Czech Republic	DNS
7f100759-0860-40c3-980c-829918f9195b	99999	Eugen Prichodko	M	M45-49	99999							Czech Republic	DNS
c07d82e2-ea78-4d04-baf5-1df19ed646d3	99999	Antonio Rodriguez Castellanos	M	M45-49	99999							ES	DNS
8301e8e5-baaa-f011-bbd3-000d3a5cf7d8	99999	Jiří Krejčí	M	M35-39	99999							Czech Republic	DNS
0be69105-b4aa-f011-bbd3-6045bd09951e	99999	David Sebek	M	M25-29	99999							Czech Republic	DNS
7e15e3fd-9bf0-4d62-9988-4c00d2e88c3a	99999	Zbynek Šmejkal	M	M40-44	99999		0:37:11	0:05:43				Czech Republic	DNF
cb80619d-2fb7-f011-bbd3-000d3a3173b5	99999	Jakub Mičulka	M	M35-39	99999							Czech Republic	DNS
be58e21a-9e71-465f-8a3e-2efdc116067b	99999	Martin Busa	M	M50-54	99999							CZE	DNS
88b910d1-beaa-f011-bbd3-000d3a5cf7d8	99999	Vojtěch Herel	M	M30-34	99999							Czech Republic	DNS
a958b5f5-b1aa-f011-bbd3-0022480c097c	99999	Lukáš Tomko	M	M30-34	99999							Czech Republic	DNS
ad447a6b-7b79-46c7-a218-8b1ad3a595f3	99999	Vladimír Machácek	M	M45-49	99999							cze	DNS
18b42743-3d67-4776-afd2-3e0b22d60e6e	99999	Christian Teufel	M	M45-49	99999							DE	DNS
af0806c0-b9aa-f011-bbd3-000d3a3173b5	99999	Petr Janýr	M	M50-54	99999							Czech Republic	DNS
ce579010-e8c4-f011-bbd3-0022480a7385	99999	Viljami Hökkä	M	M18-24	99999							Finland	DNS
14ec57e0-39af-49b0-97b6-433e93fcfff5	99999	Lukas Czerny-Reindl	M	M40-44	99999							Austria	DNS
49c194f6-c13a-f011-b4cc-6045bd05fcc1	99999	James Camilleri	M	M40-44	99999							mlt	DNS
ce4d6908-ef67-f011-bec3-000d3a35ffc1	99999	Jakub Lorenc	M	M30-34	99999							CZE	DNS
bbe3ece0-b5aa-f011-bbd3-000d3a5b50ba	99999	Lukáš Tondl	M	M30-34	99999							Czech Republic	DNS
743a2457-aad6-f011-8544-000d3a35ffc1	99999	David Jurčo	M	M25-29	99999							Czech Republic	DNS
071ae2be-118f-41c0-8f19-92a24966aa97	99999	Michal Polách	M	M50-54	99999							Czech Republic	DNS
b6f0a498-a59b-4a1c-b818-7cab476d8c7e	99999	Petr Nejedly	M	M30-34	99999							Czech Republic	DNS
544f5f93-ee6d-4402-9e45-127b0ddd60f4	99999	Marek Jantošovic	M	M50-54	99999								DNF
5ace608b-5dbc-4a66-ac05-99022dbc4f61	99999	Hannah Arlom	F	FPRO	99999							DEU	DNS
a39dce27-cba7-4b34-9c0b-4fe2eafc3bed	99999	Boleslav Novák	M	M55-59	99999							Czech Republic	DNS
25d52fb6-c0aa-f011-bbd3-000d3a5b50ba	99999	Marie Kubátová	F	F18-24	99999							Czech Republic	DNS
de522c42-1cae-f011-bbd3-000d3a5b50ba	99999	Miloslav Blažek	M	M40-44	99999							Czech Republic	DNS
7852155b-2f32-43a9-ba84-4bedfcf91fb5	99999	Marek Svoboda	M	M55-59	99999							cze	DNS
138c2459-143c-4dc9-9450-83ef20d0a767	99999	Karin Hochschornerová	F	F35-39	99999							SVK	DNS
c0d7f26e-1676-ee11-8179-000d3a31406e	99999	Pavel Moravec	M	M45-49	99999							Czech Republic	DNS
75643b3f-e4c3-f011-bbd3-6045bd05fcc1	99999	Michal Malát	M	M18-24	99999							Czech Republic	DNS
6166449e-6cba-f011-bbd3-000d3a3173b5	99999	Robert Crisan	M	M30-34	99999							Romania	DNS
afa8cbf3-0213-4807-9a92-00f8b7cada23	99999	Máté Hadházi	M	M35-39	99999								DNS
b6138249-c6ce-f011-bbd3-6045bd09951e	99999	Filip Roden	M	M25-29	99999							Czech Republic	DNF
60efddad-b4aa-f011-bbd3-000d3a3173b5	99999	Vojtěch Sodomka	M	M25-29	99999							Czech Republic	DNS
f7ec8d06-3d50-ef11-a317-6045bd0953ac	99999	Václav Havlík		M30-34	99999								DNS
f74da096-d5ca-f011-bbd3-6045bd09951e	99999	Martin Mlsna	M	M40-44	99999							Czech Republic	DNS
6e811c44-04c6-42f5-ac49-a8a79b4a64f9	99999	Jakub Stadnik	M	M18-24	99999							CZ	DNS
4aee206c-b6aa-f011-bbd3-000d3a5cf7d8	99999	Filip Koršňák	M	M18-24	99999							Czech Republic	DNS
94bee963-331f-4cc0-a92d-784114212be1	99999	Jakub Trojek	M	M40-44	99999							cze	DNS
1bc097a1-4890-4b41-9a6f-d34ab2f7ab77	99999	Daniel Hendrych	M	M35-39	99999		0:36:38	0:06:23	2:38:01	0:07:14		Czech Republic	DNF
2f0fa933-bcaa-f011-bbd3-000d3a3173b5	99999	Adriana Gaňová	F	F18-24	99999							Czech Republic	DNS
a17fb536-4fd0-f011-bbd3-6045bd09951e	99999	Lukas Liska	M	M40-44	99999		0:58:09	0:08:46	3:13:51	0:06:05		Slovakia	DNF
6cddf231-fa61-ee11-be6e-000d3a314329	99999	Lukáš Rumian	M	M30-34	99999							cze	DNS
e72ef138-ea84-ef11-ac21-000d3a59a9a1	99999	Karel Kubík	M	M18-24	99999							Czech Republic	DNS
e5b022ae-8388-451f-a85c-fdf13c287445	99999	Jaromir SANTRUCEK	M	M45-49	99999							cze	DNF
1de27b83-647e-4291-b5fe-8706ef058041	99999	Radek Švajcr	M	M50-54	99999							CZE	DNS
02ea36dc-d79c-4885-b821-2b5361e8e509	99999	Filip Morávek	M	M25-29	99999							Czech Republic	DNS
140499e3-bcaa-f011-bbd3-000d3a3173b5	99999	Linda Kmoch skodova	F	F45-49	99999							Czech Republic	DNS
5a5d0933-777a-4b39-b6fb-9140254e3d20	99999	Isabelle Mair-Köck	F	F45-49	99999		0:38:28	0:09:11					DNF
8e7d889c-39ad-f011-bbd3-000d3a5cf7d8	99999	Zuzka Bacíková	F	F35-39	99999							Czech Republic	DNS
9b4754b3-6614-4f31-9b8b-382a7e7ee72b	99999	Juan Macias	M	M40-44	99999							DEU	DNS
3fb00c22-c2aa-f011-bbd3-0022480c097c	99999	David Vaculík	M	M25-29	99999							Czech Republic	DNS
e4a3bda7-bf01-49a6-a432-3e9ddd0a866c	99999	Radim Frolík	M	M30-34	99999							Czech Republic	DNS
3cafd6dc-5db2-f011-bbd3-6045bd09951e	99999	Markéta Zvolská	F	F35-39	99999							Czech Republic	DNF
f86e8d74-1ec9-4683-b064-4dce462e8b28	99999	Lukas Buzek	M	M40-44	99999		0:41:02	0:07:06					DNF
148aa244-b2aa-f011-bbd3-6045bd09951e	99999	František Kareš	M	M18-24	99999							Czech Republic	DNS
c53d47e7-40b1-f011-bbd3-000d3a5cf7d8	99999	Juraj Holeček	M	M35-39	99999							Czech Republic	DNF
00d439b7-481a-4081-9482-b5d638599051	99999	Petr Švarc	M	M60-64	99999		0:35:27	0:05:04	2:49:52	0:04:19		Czech Republic	DNF
29a6b504-a247-4374-af9e-af310e8142d1	99999	Andreas Harloff	M	M55-59	99999		0:34:33	0:07:34	3:06:08			Germany	DNF
d465b67f-abfe-45ea-b7ef-495a3cc56e3a	99999	Susanne Ort	F	F40-44	99999							Germany	DNS
f98d95b1-98c3-f011-bbd2-000d3a5b7c3b	99999	Yelyzaveta Shebalkova	F	F25-29	99999							Czech Republic	DNS
5e97fd3d-bbaa-f011-bbd3-6045bd09951e	99999	Denis Křižánek	M	M30-34	99999							Czech Republic	DNS
66145365-731b-4195-b696-574c51202d3e	99999	Vojtech Licman	M	M35-39	99999							Czech Republic	DNS
e9f144cd-58e5-4a10-ab09-65277bd4b418	99999	Jirí Prášek	M	M55-59	99999							Czech Republic	DNS
4bf25dfb-3cba-4b8e-8196-4b70101e95c6	99999	Miroslav Wolf	M	M50-54	99999		0:39:19	0:08:37	3:30:02	0:04:32		Czech Republic	DNF
a5bbf9a6-baaa-f011-bbd3-0022480a7385	99999	Antonín Ježek	M	M18-24	99999							Czech Republic	DNS
dcd8ec41-55c5-f011-bbd3-6045bd05f634	99999	Tomáš Král	M	M35-39	99999							Czech Republic	DNS
d0d6c5a7-a46e-49d4-8b5f-c66209a66acb	99999	Kristofe Shu	M	M45-49	99999							chn	DNS
5ecc8029-d124-f011-8c4d-6045bd09951e	99999	Sebastian Waldschütz	M	MPRO	99999		0:28:27	0:02:57	2:23:43			AT	DNF
bff1923a-b4aa-f011-bbd2-000d3a3009e6	99999	Filip Le	M	M30-34	99999							Czech Republic	DNS
bf0e3797-fbb8-f011-bbd3-000d3a3173b5	99999	Torbjörn Wernersson	M	M40-44	99999		0:37:32	0:06:54	3:02:38	0:08:15		Sweden	DNF
7f425f2d-6d6d-449e-beaa-a4b8d384d345	99999	Franziska Gimbel	F	F30-34	99999							deu	DNS
621084a2-9f9e-f011-b41c-6045bd09951e	99999	Ondřej Novák	M	M18-24	99999		0:33:11	0:06:33	2:46:58	0:04:19			DNF
e85fbea7-1ab7-4d74-8568-7db8c8666909	99999	Markus Krupp	M	M50-54	99999		0:39:02	0:08:43				DE	DNF
3356ba19-09c7-f011-bbd3-000d3a5cf7d8	99999	Juraj Durec	M	M30-34	99999							Slovakia	DNS
4f1cebc7-b8aa-f011-bbd3-000d3a5cf7d8	99999	Jičí Soldán	M	M18-24	99999		0:57:42	0:08:52	4:20:54			Czech Republic	DNF
46dc92a8-def7-41a3-8c1a-47142b389e80	99999	Vit Štrupl	M	M45-49	99999							Czech Republic	DNS
a125f1ab-c939-4dd7-93d6-f675f07a9a14	99999	Bianca Kretschmer	F	F50-54	99999							DE	DNS
d47cc846-0df1-4035-a582-044611ccb6b8	99999	Vojtech Hansl	M	M35-39	99999		0:29:05	0:05:20	2:44:50	0:02:44		Czech Republic	DNF
1ef72cc2-789c-414a-8761-a7233920d12d	99999	Romana Vlasakova	F	F55-59	99999							Czech Republic	DNS
e43fd02d-f9ed-4598-81fd-23de563be2e4	99999	Ondrej Brokeš	M	M25-29	99999		0:32:34	0:04:16	2:23:35	0:02:26		Czech Republic	DNF
9fd817e9-983f-421d-a685-4d9ce3a49b96	99999	Denisa Dvorská	F	F30-34	99999							Slovakia	DNS
83e083c7-8ce0-45b6-9635-b1ef86b4221f	99999	Samuel Evinic	M	M40-44	99999		0:45:34	0:08:17	2:53:14			Czech Republic	DNF
a066af97-a974-f011-bec3-6045bd09951e	99999	Martin Glajch		M50-54	99999								DNS
fd7f4c07-19c9-4b81-917e-456ead71af79	99999	Ricardo Aguilar Laudo	M	M50-54	99999		0:32:38	0:06:02	2:48:11	0:03:54		esp	DNF
04527956-b9aa-f011-bbd2-000d3a3009e6	99999	Robert Balla	M	M30-34	99999		0:55:54	0:10:22	4:01:52	0:06:14		Czech Republic	DNF
e651f8cf-0e54-ef11-a317-6045bd0953ac	99999	Adam Šebesta	M	M18-24	99999							Czech Republic	DNS
49281042-aad6-f011-8544-000d3a5b50ba	99999	Martin Bystroň	M	M30-34	99999							Czech Republic	DNS
e04e5f4d-895c-4a4e-a187-0e6ec91a8bbd	99999	Marta Dmochowska	F	F35-39	99999							Poland	DNS
67df1605-57c9-4149-a961-2ec0cda5c4cb	99999	Lukas Belovsky	M	M40-44	99999		0:38:44	0:09:46	3:44:57			Czech Republic	DNF
139e4946-ddf3-ee11-a1fe-6045bd0158c4	99999	Kristína Fulleová	F	F30-34	99999		0:58:31	0:10:27	4:13:52	0:08:03			DNF
42b32015-24dd-47d9-99f0-75a74d36951a	99999	Matthias Gimbel	M	M30-34	99999							deu	DNS
d65c95c4-bbdc-44db-a2eb-f63676bae17b	99999	Jakub Hájek	M	M18-24	99999		0:37:33	0:08:10				Czech Republic	DNF
dd3e149f-f3c4-48b6-ae90-a20225929a19	99999	Aurelia Boulanger	F	FPRO	99999							FR	DNS
d8129404-33b6-f011-bbd3-6045bd05fcc1	99999	Bjoern Scheele	M	M50-54	99999							Germany	DNS
aa3f1f39-c328-443a-b163-fc9cc94dc5d4	99999	Lydie Urbankova	F	F35-39	99999							Czech Republic	DNS
63ae18c6-a139-40a4-9153-6b954f97cdd4	99999	Ulf Toense	M	M50-54	99999							DE	DNS
84c11d7b-152f-ee11-bdf3-000d3a314c24	99999	Vlastislav Brabec	M	M45-49	99999							Czech Republic	DNS
cd7d6f10-b9aa-f011-bbd3-000d3a5cf7d8	99999	Martin Chyba	M	M30-34	99999							Czech Republic	DNS
7cee8095-f1ca-ef11-b8e9-002248049fdc	99999	Michael Wintersberger	M	M18-24	99999							aut	DNS
f103be15-bbaa-f011-bbd3-000d3a5cf7d8	99999	Adam Marcinik	M	M35-39	99999							Czech Republic	DNS
4d44b38a-ede2-4751-952a-b446430e1564	99999	Matthias Elwart	M	M60-64	99999							Germany	DNS
36d2075f-64d8-f011-8543-000d3a5b5fc7	99999	Milan Dvorak	M	M45-49	99999							Czech Republic	DNS
aa3ffd28-b4aa-f011-bbd3-6045bd05fcc1	99999	Lukas Piwowarski	M	M25-29	99999							Czech Republic	DNS
cb6a3fce-6989-48d9-b737-c94dde68220d	99999	Jan Kalivoda	M	M30-34	99999							Germany	DNS
e3deb27b-fa55-4bc5-937c-4980d1077afa	99999	Matej Svoboda	M	M25-29	99999		0:32:43	0:06:57	2:43:40			Czech Republic	DNF
42862481-5fee-f011-8407-0022480c097c	99999	David Strnad	M	M35-39	99999							Czech Republic	DNS
3b58cabb-0293-4014-8c3c-5765e5fbfd1d	99999	Petr Valo	M	M50-54	99999							Czech Republic	DNS
89cc8dcb-c060-43a0-a930-b58cf89ed1b6	99999	Tomáš Brokeš	M	M30-34	99999		0:39:21	0:06:45	3:10:33	0:05:39		CZ	DNF
f82a9c92-b9aa-f011-bbd3-000d3a5b50ba	99999	Radek Czichon	M	M30-34	99999							Czech Republic	DNS
1569210e-b6aa-f011-bbd3-6045bd09951e	99999	Václav Bureš	M	M35-39	99999							Czech Republic	DNS
f8a44d51-305f-49af-a8ee-97c53da115dc	99999	Lukáš Hodan	M	M45-49	99999							Czech Republic	DNS
aa2643d3-b6aa-f011-bbd3-000d3a5b50ba	99999	Lukáš Kyrián	M	M18-24	99999							Czech Republic	DNS
b2ffe167-3fce-f011-bbd3-6045bd05fcc1	99999	Roman Furo	M	M40-44	99999							Slovakia	DNS
68980667-18da-ef11-8ee9-000d3a592251	99999	Ivan Klimcak	M	M35-39	99999							CZ	DNS
722c1539-d6cc-f011-bbd3-6045bd09951e	99999	Pavel Hep	M	M45-49	99999							Czech Republic	DNS
62c43feb-d6a8-f011-bbd3-000d3a3173b5	99999	Žiga Leskovšek		M25-29	99999							SVN	DNS
fb239b92-8cc8-f011-bbd3-000d3a5b7c3b	99999	Maciej Glowacki	M	M40-44	99999							Poland	DNS
8beadc64-4d25-44cf-9f33-de9029d873b4	99999	Miroslav Capoušek	M	M55-59	99999		0:29:51	0:04:53	2:56:04	0:05:12		CZE	DNF
e0282e41-a7ee-47b3-a16e-6b2beea76547	99999	Manfred Seybold	M	M50-54	99999							Germany	DNS
98c3f8c9-ccaa-f011-bbd3-0022480a7385	99999	Dominik Hájek	M	M18-24	99999							Czech Republic	DNS
01284f50-47bb-f011-bbd3-6045bd05f634	99999	Minh Duc Pham	M	M30-34	99999							Czech Republic	DNS
4f2e2934-b5aa-f011-bbd3-6045bd05f634	99999	Kateřina Suchá	F	F25-29	99999		0:47:24	0:10:52	3:50:54	0:05:14		Czech Republic	DNF
e1eaa6b8-0ab0-f011-bbd3-000d3a35ffc1	99999	Vaclav Janecek	M	M25-29	99999							Czech Republic	DNS
a1efdd1d-abc1-f011-bbd3-000d3a5cf7d8	99999	Pavel Mikulecký	M	M35-39	99999		0:43:48	0:06:11	2:38:27	0:22:09		Czech Republic	DNF
3c144170-85b0-41d5-98f9-3a612c92fa8a	99999	Ema Kalenska	F	F30-34	99999							DE	DNS
0c42e25c-34c1-f011-bbd3-000d3a35ffc1	99999	Mirka Pachutová	F	F30-34	99999							Slovakia	DNS
5bcffc2f-88c9-f011-bbd2-000d3a31a721	99999	Daniel Stehula	M	M45-49	99999							Switzerland	DNS
c8ef876e-c0aa-f011-bbd3-000d3a3173b5	99999	Petr Kadlec	M	M30-34	99999							Czech Republic	DNS
dcd056bf-1f7c-4769-9e91-1e06cc330b55	99999	Michal Vnenk	M	M35-39	99999							CZ	DNS
