ContactId	Overall_Rank	Name	Gender	Division	Div_Rank	Total_Time	Swim	T1	Bike	T2	Run	Country	Status
4be456a3-41da-41a8-b35c-f9809a913a93	1	Antoine Viertaix	M	M18-24	1	4:07:07	0:28:05	0:03:20	2:15:34	0:03:06	1:17:03	FR	
a096d68e-c332-45b5-8aa6-adac9a9817fd	2	César. Neveu	M	M18-24	2	4:10:12	0:27:53	0:02:50	2:10:19	0:02:32	1:26:38	FR	
11115f62-3a49-4d77-90f0-bcd310fd0be2	3	Alexis Dupuy	M	M25-29	1	4:11:33	0:26:01	0:07:52	2:17:08	0:02:52	1:17:40	FR	
cc8d66fc-62aa-44bf-8ffc-415418dd0629	4	Tristan Beuselinck	M	M25-29	2	4:18:23	0:30:22	0:03:21	2:22:25	0:02:16	1:20:00	BE	
efd0e90e-4d1b-ea11-a811-000d3a5a1cf8	5	Hugo Belloir	M	M30-34	1	4:20:16	0:33:31	0:03:40	2:20:35	0:02:38	1:19:52	fra	
001a94ef-366a-f011-bec2-000d3a5cf7d8	6	Corentin GARNIER	M	M18-24	3	4:20:44	0:29:25	0:03:46	2:25:24	0:02:32	1:19:37	fra	
59e9f7fb-d986-4233-9dc1-defeeb5c917c	7	Clément Morello	M	M35-39	1	4:21:06	0:31:37	0:03:52	2:22:39	0:02:26	1:20:32	FR	
aa07b581-ae90-4ba9-83c4-a02f441e73f4	8	René Rothenbücher	M	M35-39	2	4:23:16	0:30:00	0:03:54	2:23:29	0:02:52	1:23:02	deu	
dff4eb28-f798-ed11-aad1-000d3a31406e	9	Joan Fever	M	M18-24	4	4:24:00	0:31:35	0:03:45	2:22:08	0:02:22	1:24:10	Unknown	
1e122727-db1c-ed11-b83e-000d3a3217e4	10	Aloys Martin	M	M18-24	5	4:25:05	0:28:03	0:03:43	2:27:17	0:02:25	1:23:37	fra	
86331b5d-09c3-4485-ac63-18e321c1b334	11	Tanguy Beaufol	M	M18-24	6	4:25:20	0:32:06	0:03:38	2:28:12	0:02:57	1:18:28	fra	
b8e37691-a304-ef11-9f8a-000d3a314c24	12	Barnabás Király	M	M18-24	7	4:25:42	0:29:52	0:03:32	2:26:59	0:03:37	1:21:43	hun	
449e799a-c1f9-4adf-86f0-e33212738462	13	Jeremy Ferrari	M	M40-44	1	4:25:54	0:31:48	0:03:47	2:24:28	0:02:48	1:23:03	FR	
12237c72-b5f1-ee11-904b-0022480971db	14	Alexis Papaconstantinou	M	M18-24	8	4:25:58	0:31:15	0:03:21	2:23:01	0:03:14	1:25:06	che	
658b9191-33ff-4363-ad60-208cfec9a0e3	15	Pierre Mouton	M	M30-34	2	4:26:36	0:31:43	0:03:20	2:23:14	0:03:36	1:24:43	fra	
75221e78-5718-445e-bbce-b999450df8d6	16	Guillaume Mignery	M	M25-29	3	4:26:37	0:33:11	0:02:53	2:24:11	0:02:14	1:24:08	FR	
3a21e558-e91f-499b-bdfb-55b098c1fe3e	17	Ronan Costelloe	M	M35-39	3	4:28:17	0:29:09	0:03:20	2:25:14	0:05:33	1:25:02	Unknown	
50d2c9e7-789a-432a-9501-b6c853a0d9bc	18	Lucas Duclos	M	M25-29	4	4:30:01	0:34:20	0:03:24	2:28:37	0:02:34	1:21:06	fra	
ba637160-75ec-4d63-9ac0-340f26ba5eaf	19	Lucas Galerne	M	M25-29	5	4:30:47	0:29:40	0:03:10	2:26:18	0:02:40	1:29:00	Unknown	
e1eea001-6b13-ef11-9f8a-6045bd012ace	20	Yaron Verfaillie	M	M25-29	6	4:31:04	0:34:14	0:03:50	2:28:35	0:02:19	1:22:06	bel	
00108069-91b5-4e54-92e9-ed9ad391b3bc	21	Mattéo Ruberti	M	M18-24	9	4:32:53	0:34:13	0:04:44	2:31:21	0:04:06	1:18:28	fra	
4048d2af-2987-48e7-9d3d-16ad371135d5	22	Dirk Baelus	M	M45-49	1	4:33:35	0:31:24	0:03:22	2:27:20	0:03:03	1:28:27	BE	
cd544526-ae3f-ef11-8409-000d3a367177	23	Clay Sindaco	M	M25-29	7	4:34:09	0:37:36	0:05:52	2:14:37	0:03:04	1:33:00	CH	
0dc28dd3-8fcc-4c17-97df-1f263b331e31	24	Guilhem Lacaze	M	M35-39	4	4:34:25	0:31:03	0:04:45	2:27:08	0:02:32	1:28:58	che	
833c1e20-c7bf-4b69-92d5-6258302dd91b	25	Guillaume Angliviel	M	M25-29	8	4:35:19	0:35:17	0:04:36	2:26:13	0:02:43	1:26:29	FR	
f52b3084-c301-4c17-809b-029c3a51f296	26	Mathieu Sokoloff	M	M18-24	10	4:35:29	0:34:05	0:04:33	2:26:16	0:02:29	1:28:07	FR	
6a0bdb4c-0a67-440b-be3a-c5b4ab703052	27	Samuel Contrafatto	M	M30-34	3	4:37:31	0:29:38	0:03:27	2:30:14	0:02:26	1:31:46	IT	
00d1af04-b358-f011-877b-0022480a7385	28	Quentin Francois	M	M25-29	9	4:38:23	0:34:08	0:03:32	2:32:09	0:03:08	1:25:25	fra	
6d1a53d5-9dbf-f011-bbd2-000d3a5b7c3b	29	Orpheas Vasiloudes Bayadas	M	M18-24	11	4:38:56	0:28:39	0:03:53	2:30:00	0:03:03	1:33:21	cyp	
9c449253-01f1-42d9-a250-31965df99b54	30	Simon Damiens	M	M40-44	2	4:39:21	0:30:35	0:04:23	2:34:45	0:02:56	1:26:42	FRA	
0b512b3a-c081-f011-b4cb-6045bd052386	31	Clément BOICHON		M25-29	10	4:40:18	0:30:22	0:04:35	2:39:14	0:02:30	1:23:38	FR	
e54d1988-42db-439f-8634-d729b67f3af9	32	Nicolas Duranteau	M	M35-39	5	4:40:27	0:37:16	0:04:33	2:31:29	0:03:38	1:23:31	FR	
651324cc-8e75-4908-b4c1-83b35ad51e5b	33	Théophane Lagrange	M	M18-24	12	4:40:42	0:33:09	0:04:30	2:24:21	0:03:37	1:35:05	fra	
1a121449-e080-ef11-ac21-6045bd02949c	34	Benjamin Brooks	M	M25-29	11	4:40:47	0:30:49	0:03:18	2:36:10	0:02:17	1:28:14	GB	
82d57ec9-3ba5-46b9-853c-27148a2253dc	35	Donovan Thiebaud	M	M30-34	4	4:40:48	0:33:51	0:04:27	2:32:40	0:02:59	1:26:50	fra	
917ce012-0558-f011-877b-0022480a7385	36	Yoann FRAGA	M	M25-29	12	4:40:48	0:36:51	0:04:16	2:33:58	0:02:57	1:22:47	fra	
97f1f599-0558-f011-877a-0022480c097c	37	Etienne Hardy	M	M30-34	5	4:40:56	0:38:02	0:04:24	2:34:46	0:03:25	1:20:20	Unknown	
65c2355a-e36a-f011-bec2-000d3a5b7c3b	38	Ben Liminton	M	M30-34	6	4:41:14	0:33:52	0:03:42	2:31:26	0:02:59	1:29:16	gbr	
71336c88-91a7-4d11-b2d4-38b42e7b6e8d	39	Fred Busslinger	M	M45-49	2	4:41:29	0:30:57	0:03:12	2:36:22	0:03:02	1:27:57	che	
f92ff08c-222f-4064-b353-a2e52f8b7d1f	40	Clement Chaffraix	M	M30-34	7	4:41:32	0:34:19	0:04:53	2:31:51	0:02:56	1:27:34	che	
bd4010d1-7338-ef11-8409-000d3a367177	41	Alexandre Kerhino	F	M30-34	8	4:41:42	0:37:50	0:03:44	2:32:20	0:03:33	1:24:15	fra	
3d1d0153-2481-f011-b4cc-000d3a35ffc1	42	Baptiste Josso	M	M25-29	13	4:42:06	0:34:33	0:05:30	2:30:34	0:03:59	1:27:30	fra	
d3abba63-3304-f011-bae2-000d3a3173b5	43	Lily De Lacy	F	F18-24	1	4:42:21	0:33:37	0:03:56	2:34:11	0:02:41	1:27:55	GB	
d143a2ed-4c6e-f011-bec3-6045bd09951e	44	Simon Clautrier	M	M30-34	9	4:42:26	0:33:08	0:04:49	2:36:28	0:02:56	1:25:04	fra	
4e639a62-8312-462d-912a-df6a49d11c0e	45	Flavien Faurite	M	M45-49	3	4:42:51	0:32:40	0:03:22	2:37:21	0:02:59	1:26:29	fra	
3ff538c4-88c2-4f16-8ce1-c9a046df7f28	46	Yannick PIOTROWSKI	M	M40-44	3	4:42:53	0:31:16	0:03:56	2:33:45	0:02:54	1:31:02	FR	
006052e1-189c-ef11-8a6a-000d3a338a3c	47	Nicolas Gervasoni	F	M25-29	14	4:43:01	0:32:00	0:03:29	2:25:49	0:03:12	1:38:31	Unknown	
874036af-a052-ef11-a316-000d3a37be46	48	Alexandre PLAZOLLES	M	M25-29	15	4:43:16	0:32:07	0:03:29	2:32:35	0:02:38	1:32:27	fra	
3eb25130-2f9f-4eba-aad1-fc8ea3e0d5e8	49	Florin Hellmüller	M	M25-29	16	4:43:25	0:38:02	0:04:09	2:30:17	0:02:48	1:28:09	che	
8b43c13b-1020-4cbd-9f5f-924e636bedc2	50	Renaud Lerooy	F	M35-39	6	4:43:47	0:34:51	0:04:09	2:35:19	0:04:08	1:25:19	Unknown	
f6dbafb7-108a-f011-b4cc-000d3a3173b5	51	Alexis HUGUET	M	M25-29	17	4:44:04	0:38:12	0:03:55	2:29:34	0:02:52	1:29:30	FRA	
b66beb9a-9f89-f011-b4cc-000d3a5b7c3b	52	Nourddine BELAZIZ	M	M25-29	18	4:44:09	0:37:32	0:05:53	2:35:49	0:02:51	1:22:04	FR	
b3b2097a-c396-f011-b4cc-6045bd05f634	53	alexis bonnardot	M	M30-34	10	4:44:40	0:33:10	0:04:06	2:27:57	0:02:44	1:36:42	fra	
b11cecc7-31bb-f011-bbd3-000d3a3173b5	54	alexis lefevre	M	M18-24	13	4:44:42	0:30:59	0:03:04	2:38:46	0:02:03	1:29:51	FRA	
30dad432-311d-f011-998a-000d3a35ffc1	55	Antoine Dubuc	M	M30-34	11	4:45:14	0:41:24	0:04:04	2:30:34	0:03:48	1:25:23	FR	
96f5d3e1-d7a1-42cf-a6f9-8f6e184d2f38	56	Juri Bondavalli	M	M25-29	19	4:45:15	0:28:02	0:03:31	2:36:08	0:03:47	1:33:46	IT	
53ea2602-93c0-f011-bbd2-000d3a5b7c3b	57	Henri Menard	M	M30-34	12	4:45:17	0:32:26	0:04:42	2:33:46	0:03:19	1:31:04	FRA	
eca8f9f0-8cae-49f5-b763-fd7e2f8e880a	58	Wannes Vandenberghe	M	M25-29	20	4:45:31	0:38:16	0:05:58	2:32:57	0:02:47	1:25:34	bel	
548d96e5-ef2e-43be-bd31-d58c99ca9722	59	Julius Crone	M	M25-29	21	4:45:38	0:35:25	0:04:11	2:32:44	0:03:44	1:29:35	CH	
24c42e63-aa5a-47ee-a492-3e1db65ec430	60	Daniel Reckinger	M	M35-39	7	4:46:26	0:42:30	0:04:58	2:38:54	0:03:37	1:16:26	Unknown	
43723560-8889-f011-b4cc-6045bd09951e	61	Alexandre Brochard	M	M30-34	13	4:46:32	0:36:12	0:04:26	2:36:20	0:03:17	1:26:17	FR	
a0c3c7c4-6605-4a81-933c-766041d4c9e3	62	Théophilos Masson	M	M25-29	22	4:46:52	0:33:03	0:03:53	2:26:19	0:03:03	1:40:33	FR	
3c0b43dc-ddcb-4192-b2a3-6be9416b7360	63	Emily Nagel	F	F30-34	1	4:46:57	0:30:16	0:03:27	2:43:25	0:02:38	1:27:11	GB	
4ddd596b-5a5a-4fe1-b685-94cfc0fcf538	64	John Dalton-Morgan	M	M25-29	23	4:48:15	0:41:26	0:04:41	2:25:55	0:04:28	1:31:45	gbr	
a188d93e-71c5-40ab-b5a2-8e20fb4370c0	65	Dimitri Dozorme	M	M35-39	8	4:48:33	0:37:21	0:03:20	2:29:25	0:02:52	1:35:35	fra	
1af912cf-8a3d-4be1-a138-78a1091212c6	66	Bram Huysentruyt	M	M30-34	14	4:48:35	0:40:30	0:06:02	2:25:19	0:03:06	1:33:38	BE	
8a581a56-114b-ed11-bba1-000d3a314be4	67	Tristan Damien	M	M25-29	24	4:48:36	0:34:38	0:03:13	2:35:39	0:02:38	1:32:28	fra	
03dde111-28d5-4aab-930d-2a8de5b3cb2c	68	Sven Koglin	M	M50-54	1	4:48:37	0:32:28	0:03:41	2:38:52	0:02:53	1:30:43	CH	
52fca888-8789-f011-b4cc-0022480a7385	69	Elliot Talidec	M	M18-24	14	4:48:42	0:30:49	0:04:36	2:42:21	0:02:50	1:28:06	FR	
ea1eb29d-3ca1-ef11-8a6a-002248049fdc	70	Nathan Soury-Lavergne	M	M25-29	25	4:49:57	0:33:08	0:04:03	2:35:15	0:02:53	1:34:37	fra	
a9e698cd-acd8-41d5-8023-35993153da48	71	Miguel Angel Delgado Rosales	M	M25-29	26	4:50:26	0:35:50	0:03:59	2:40:25	0:03:20	1:26:51	fra	
c0f53ffc-225b-4ef5-807e-4b9954f9a154	72	Jose David Hidalgo Cortes	M	M40-44	4	4:50:39	0:34:33	0:04:24	2:39:36	0:02:47	1:29:19	esp	
748369d3-9d98-42c4-9ec1-b91c33c022e7	73	Sebastien Garrouste	M	M45-49	4	4:50:52	0:37:23	0:05:19	2:37:36	0:02:50	1:27:44	FR	
50eae8f8-d4c1-ee11-9078-6045bd0158c4	74	Fabien Favre	M	M45-49	5	4:51:02	0:36:50	0:03:45	2:34:53	0:02:15	1:33:19	fra	
1df90ef9-ea7c-f011-b4cc-6045bd09951e	75	Charlotte Brooks		F25-29	1	4:51:40	0:33:46	0:03:42	2:46:02	0:02:29	1:25:41	GB	
713ea066-a09d-485e-aa3b-9f396362b636	76	Clément Cardot	M	M18-24	15	4:51:44	0:34:43	0:04:35	2:37:19	0:02:35	1:32:31	fra	
5c107651-7405-4290-b355-94159936685a	77	Adria Nieto	M	M40-44	5	4:52:19	0:31:23	0:03:51	2:33:01	0:03:42	1:40:22	ES	
e19c141f-ab1a-4129-a97c-721a84d213a8	78	Charlotte Juteau	F	F30-34	2	4:52:25	0:36:08	0:04:21	2:42:27	0:02:37	1:26:52	fra	
2fab14be-f1fe-4e83-9ce0-cb4af1eaccef	79	Mégane Muehlestein	F	F30-34	3	4:52:33	0:35:13	0:05:26	2:41:45	0:03:39	1:26:30	che	
ec7008b2-3b88-f011-b4cc-6045bd05fcc1	80	Cedric Vignes	M	M25-29	27	4:52:49	0:39:13	0:05:08	2:30:54	0:03:41	1:33:53	FRA	
d13b54d2-0758-f011-877b-6045bd05f634	81	Adrien André	M	M25-29	28	4:53:02	0:39:25	0:04:22	2:34:00	0:03:50	1:31:24	Unknown	
aea7dd3d-7338-469b-9f71-0f06930fcf2e	82	David Leroy	M	M45-49	6	4:53:07	0:36:16	0:07:46	2:41:11	0:03:32	1:24:22	fra	
8aae4978-7284-ef11-ac21-6045bd05c809	83	Daniel Geßwein	M	M35-39	9	4:53:12	0:37:36	0:04:08	2:37:14	0:03:29	1:30:46	DE	
d3aaa68d-7c0f-4a17-9d9d-4b9569898400	84	Thomas Demaret	M	M35-39	10	4:53:16	0:34:37	0:04:30	2:37:48	0:02:43	1:33:38	FR	
7d935516-3f93-4352-a7c0-806d6128f543	85	Vincent Merlier	M	M25-29	29	4:53:20	0:33:02	0:04:44	2:37:10	0:03:04	1:35:19	FR	
45687a4c-de8a-ef11-ac21-000d3a5b3d07	86	Stan Pynnebrouck	M	M25-29	30	4:53:22	0:35:38	0:04:31	2:42:31	0:02:24	1:28:17	bel	
336e6863-a3bf-f011-bbd3-6045bd05fcc1	87	Emilien Vial	M	M18-24	16	4:53:22	0:27:49	0:03:17	2:41:00	0:03:24	1:37:52	FRA	
113ba960-7bf6-43b6-88c4-a1c6bdf6dc0c	88	Vincent Soucaret	M	M40-44	6	4:53:41	0:31:11	0:04:12	2:41:15	0:03:19	1:33:44	Unknown	
5b391d8f-6e98-f011-b4cc-6045bd05fcc1	89	Simon Ulrich	M	M18-24	17	4:53:44	0:35:39	0:05:02	2:39:03	0:03:40	1:30:22	CH	
18bc4fd2-e535-ee11-bdf4-000d3a31406e	90	Baptiste Bellanger	M	M25-29	31	4:54:01	0:34:47	0:05:43	2:39:07	0:03:35	1:30:49	FR	
a00b76fb-aa6e-f011-bec2-0022480a7385	91	Arthur Paul	F	M18-24	18	4:54:04	0:36:32	0:05:13	2:39:36	0:03:15	1:29:29	fra	
fe7c129c-018f-f011-b4cc-000d3a5cf7d8	92	Evan Gouyau	M	M18-24	19	4:54:11	0:38:14	0:04:54	2:42:02	0:02:49	1:26:12	fra	
a967c51b-2b0c-4683-bccc-e5e394192354	93	Antoine Mathon	M	M30-34	15	4:54:14	0:36:44	0:04:33	2:37:41	0:04:35	1:30:40	FR	
b5d50785-8306-f011-bae1-000d3a35ffc1	94	Maxim Demacq	M	M25-29	32	4:54:22	0:36:03	0:04:26	2:43:12	0:02:50	1:27:51	BE	
e92e33b6-13e1-4c04-bb8a-a5781bf6faf7	95	Paul Carroll	M	M55-59	1	4:54:41	0:36:08	0:05:23	2:39:32	0:04:18	1:29:19	gbr	
020db974-7592-f011-b4cc-000d3a5b50ba	96	Quentin MORELLINI	M	M25-29	33	4:54:42	0:36:42	0:04:35	2:36:50	0:03:02	1:33:32	fra	
662d139d-63ce-47fa-859d-ba85b6bed08c	97	Brice Herain	M	M40-44	7	4:54:44	0:33:27	0:04:04	2:35:11	0:02:46	1:39:17	fra	
2b44fc41-d246-4eac-960a-92aead6adde3	98	Christophe Landry	M	M35-39	11	4:54:45	0:39:22	0:04:04	2:37:34	0:02:50	1:30:54	gbr	
1cd13b94-f292-4c31-bce7-d23f954853b3	99	Adrien SIRERA	M	M40-44	8	4:54:49	0:34:00	0:05:46	2:33:47	0:04:16	1:36:59	FR	
38febfc4-0bb0-ec11-9840-000d3a5a3323	100	Jeremy Fleury	M	M30-34	16	4:54:49	0:37:24	0:05:58	2:37:24	0:03:31	1:30:33	fra	
6d03af31-8481-490b-aa31-f8bc865a85ec	101	Marc Decatoire	M	M40-44	9	4:55:06	0:31:23	0:03:50	2:39:36	0:04:03	1:36:15	fra	
8cbced4a-3383-f011-b4cc-002248098cfa	102	Michele Ricco	M	M35-39	12	4:55:07	0:37:34	0:04:36	2:40:42	0:02:51	1:29:23	Unknown	
b3991b67-3a7f-f011-b4cc-6045bd05fcc1	103	Jules Claudel	M	M18-24	20	4:55:31	0:32:09	0:02:52	2:37:37	0:02:26	1:40:26	fra	
734c4e0b-f5b3-4d0f-a881-ffcad661c75e	104	Jean Guillaume Démares	M	M50-54	2	4:55:44	0:35:13	0:05:18	2:37:33	0:03:22	1:34:17	fra	
109c8716-de25-4188-898d-8d0b62406ba9	105	Tom Pouchoulin	M	M18-24	21	4:55:53	0:36:51	0:04:26	2:44:43	0:04:20	1:25:33	FRA	
186807e2-438b-f011-b4cc-0022480a7385	106	Loquin Emeric	M	M30-34	17	4:55:56	0:39:36	0:04:47	2:32:42	0:03:25	1:35:26	fra	
24bcc494-e069-4f13-80ca-e01d64d7d4ed	107	Sebastien Lecras	M	M40-44	10	4:56:04	0:31:11	0:03:50	2:35:02	0:04:15	1:41:47	FR	
9f0ae240-58c8-f011-bbd3-000d3a5b50ba	108	christophe SCHNEIDER	M	M35-39	13	4:56:10	0:37:54	0:04:10	2:44:18	0:04:04	1:25:44	fra	
55f2414e-ae46-42d2-9424-87e656a85488	109	Jeremy Peyrabout	M	M25-29	34	4:56:15	0:41:46	0:05:13	2:34:46	0:04:45	1:29:45	FRA	
26f2b5f8-718f-f111-8076-70a8a5ae8eaa	110	Junie michon	F	F18-24	2	4:56:17	0:34:33	0:04:24	2:44:13	0:02:51	1:30:17	FRA	
6496d264-0788-f011-b4cc-6045bd05f634	111	Grand Hugo	M	M18-24	22	4:56:22	0:31:22	0:04:17	2:40:24	0:02:57	1:37:22	FRA	
d237989f-0cc0-f011-bbd3-000d3a5b50ba	112	Thibault Le Meur	M	M30-34	18	4:56:22	0:34:12	0:04:49	2:39:15	0:02:59	1:35:06	fra	
8b58e59b-8cae-ef11-b8e8-6045bd088264	113	Pierre Constantin	M	M18-24	23	4:56:25	0:38:21	0:05:20	2:41:35	0:04:08	1:27:02	fra	
afe32ad6-b5bd-4def-91c6-39a1d1e1b3e1	114	Joã«l Dã©bieux	M	M40-44	11	4:56:54	0:36:49	0:05:05	2:40:34	0:03:38	1:30:49	Suisse	
e5b8ec8e-ee39-4633-9171-5a2bde4f8d6f	115	Clement Peltier	M	M25-29	35	4:56:59	0:39:22	0:04:44	2:38:43	0:03:20	1:30:52	FR	
6ce2c980-228c-f011-b4cc-0022480c097c	116	Louis-Marie Le Glouannec	M	M18-24	24	4:57:26	0:36:53	0:07:12	2:47:46	0:05:40	1:19:54	FRA	
f7199dec-4579-4e4e-b37a-83a9f2fbd35b	117	Barbara Save	F	F30-34	4	4:57:32	0:34:15	0:03:35	2:41:58	0:02:50	1:34:54	FR	
443f1d22-0678-4d13-be39-ef29f46c150d	118	Thibaut Delforge	M	M35-39	14	4:57:44	0:32:22	0:04:00	2:34:56	0:03:54	1:42:33	FRA	
fd8554ad-03c7-f011-bbd2-000d3a36b9c4	119	benoit lourdelle	M	M25-29	36	4:57:48	0:39:34	0:04:31	2:41:25	0:03:31	1:28:47	FRA	
e3752f23-f684-f011-b4cc-6045bd05fcc1	120	Enzo Deligny	M	M18-24	25	4:57:51	0:38:54	0:05:43	2:38:42	0:03:48	1:30:44	FR	
517f405f-e1a8-46cb-9b84-b162a6e8fc95	121	Stephan Bole	M	M60-64	1	4:57:58	0:37:28	0:04:52	2:37:48	0:02:56	1:34:54	fra	
42241074-ddac-4c3a-8772-3057db5e3c1c	122	Cyra Crone	F	F30-34	5	4:58:01	0:34:52	0:04:08	2:42:36	0:02:59	1:33:27	CH	
4c24c988-7f29-43c4-b989-46b7aa27aa65	123	Leonel Santos	M	M40-44	12	4:58:28	0:45:12	0:04:56	2:32:47	0:03:10	1:32:24	che	
3d557e72-c088-f011-b4cc-6045bd05fcc1	124	Louis Courtois	M	M25-29	37	4:58:32	0:35:35	0:04:52	2:49:17	0:02:18	1:26:30	fra	
01fd926b-479a-f011-b4cc-6045bd09951e	125	Louis de WERGIFOSSE	M	M18-24	26	4:58:34	0:39:08	0:04:41	2:38:32	0:03:11	1:33:02	BE	
1a2ed7c1-0458-f011-877b-6045bd05fcc1	126	Valentin DAUTEL	M	M18-24	27	4:58:40	0:32:53	0:04:44	2:41:13	0:03:07	1:36:43	Unknown	
c2c70660-9349-4328-a7e2-6831376f116c	127	Luca Di Cioccio	M	M18-24	28	4:58:58	0:36:43	0:04:13	2:44:33	0:03:05	1:30:25	fra	
19edd0b9-6fd1-47b3-a73b-49f37b960e8a	128	Mathis Ribault	M	M18-24	29	4:58:58	0:39:09	0:05:07	2:42:53	0:03:23	1:28:26	fra	
acda31bd-738e-f011-b4cb-7ced8d7166e3	129	Cyril Tauzia	M	M35-39	15	4:58:59	0:34:24	0:05:17	2:37:14	0:03:05	1:38:59	fra	
e6273067-7b25-ee11-9cbe-000d3a314329	130	Mikaël Mauplin	F	M50-54	3	4:59:27	0:32:20	0:04:03	2:36:03	0:03:02	1:44:00	Unknown	
6cb05334-a889-f011-b4cc-6045bd05fcc1	131	Alexis Scheffer	M	M18-24	30	4:59:35	0:31:27	0:03:23	2:44:02	0:02:57	1:37:47	FR	
232d3bbf-85ee-41b7-9d89-6cb21521e696	132	Jose Juan Anton	M	M40-44	13	4:59:36	0:36:17	0:04:28	2:36:04	0:03:03	1:39:43	esp	
5bc0a714-b494-f011-b4cc-6045bd05fcc1	133	Thibaut MEMETEAU	M	M18-24	31	4:59:39	0:35:59	0:05:10	2:44:48	0:03:54	1:29:48	FR	
a581c5ed-8cfa-ee11-a1fe-6045bd064839	134	Alexis Depoortere	F	M30-34	19	5:00:07	0:37:32	0:05:45	2:39:46	0:04:13	1:32:50	Unknown	
1b1d42ed-db5b-f011-bec2-0022480a7385	135	BOULAIS FLAVIE	F	F18-24	3	5:00:19	0:39:07	0:06:15	2:34:01	0:03:55	1:37:01	FR	
67789155-897f-ed11-81ad-000d3a31440b	136	Pascal Guerin	M	M55-59	2	5:00:24	0:29:44	0:03:39	2:42:05	0:04:04	1:40:52	fra	
bf04ca48-54c1-f011-bbd3-6045bd05f634	137	Defrance Angie	M	M30-34	20	5:00:25	0:34:46	0:05:31	2:43:31	0:03:31	1:33:06	fra	
c3876479-df9a-f011-b4cc-000d3a3173b5	138	Hugo BEDON	M	M25-29	38	5:00:46	0:37:56	0:04:36	2:44:14	0:04:25	1:29:35	FRA	
ce8adb7b-5297-ef11-8a6a-000d3a5a1803	139	Sébastien Pereira	M	M25-29	39	5:01:05	0:35:35	0:04:23	2:40:56	0:04:02	1:36:10	FR	
190e0c07-9389-f011-b4cc-6045bd09951e	140	Baptiste Dourlens	M	M18-24	32	5:01:05	0:39:26	0:05:26	2:42:09	0:03:18	1:30:46	FR	
d3097dcb-61e1-4e32-874e-1f8f26ba106e	141	Ben Thomson	M	M25-29	40	5:01:08	0:32:45	0:04:34	2:40:27	0:03:35	1:39:47	gbr	
9fb1629e-99f8-47c8-87e5-200880564de3	142	Maxim Sagaidak	M	M35-39	16	5:01:15	0:43:22	0:05:13	2:34:11	0:02:53	1:35:35	deu	
24e3bc03-e49c-4134-8c96-5ac6da344fe3	143	Romain Joly	M	M35-39	17	5:01:30	0:35:13	0:04:15	2:32:10	0:05:01	1:44:52	FR	
73ebd416-6be2-42e9-91d6-b34e37b83717	144	Thomas Okrzesik	M	M30-34	21	5:01:39	0:35:14	0:06:20	2:40:40	0:02:51	1:36:33	FR	
7ee83cdd-e3b8-f011-bbd3-6045bd05f634	145	Axel Surirey	M	M18-24	33	5:01:41	0:34:35	0:03:56	2:44:40	0:02:41	1:35:49	FRA	
7a95ef86-beb0-4083-9b54-8c405765fc7a	146	Richard Tavernier	M	M40-44	14	5:01:51	0:33:48	0:05:28	2:37:36	0:03:05	1:41:53	fra	
07f1a011-3b09-4c85-940f-466f2b666032	147	Tardivon Jonathan	M	M40-44	15	5:02:07	0:36:10	0:04:59	2:43:44	0:03:05	1:34:09	FR	
4be22ad5-407e-4e50-9a83-8095f2b3f977	148	Sebastien Nasica	M	M35-39	18	5:02:14	0:42:05	0:04:17	2:36:17	0:03:00	1:36:35	fra	
2b5ba551-fa7f-ef11-ac21-6045bd05c809	149	Liam Larant-Bourdon	M	M18-24	34	5:02:16	0:35:46	0:07:15	2:45:41	0:03:18	1:30:17	fra	
a01e7e35-bc75-ef11-a670-6045bd05c1dc	150	Lucas Delacroix	M	M18-24	35	5:02:29	0:39:19	0:05:12	2:47:41	0:03:57	1:26:20	FRA	
0e9a929a-af01-47ba-9029-fec2a4988c77	151	Anthony Paupert	M	M30-34	22	5:02:40	0:34:15	0:04:52	2:40:10	0:03:05	1:40:18	FR	
e43abe32-329a-f011-b4cc-6045bd05f634	152	Anna Rohr	F	F25-29	2	5:02:54	0:40:28	0:05:27	2:47:38	0:02:58	1:26:23	CHE	
c0570ac5-538a-467d-80c4-6990ba3d4d22	153	Laurent Blain	M	M45-49	7	5:03:14	0:42:14	0:05:55	2:41:17	0:03:56	1:29:52	fra	
4d693963-7555-ef11-a317-000d3a367177	154	Matthias De Ridder	M	M35-39	19	5:03:14	0:39:19	0:06:27	2:37:38	0:02:28	1:37:22	BE	
8bb3fa25-515b-f011-bec1-000d3a5b7c3b	155	victor traxer	M	M18-24	36	5:03:18	0:40:56	0:06:08	2:42:40	0:04:12	1:29:21	fra	
c601f544-fb7c-f111-ab0f-0022480a5755	156	Herkko Soininen	M	M50-54	4	5:03:21	0:39:20	0:05:19	2:42:23	0:03:12	1:33:06	FIN	
8ef380d8-8c8a-f011-b4cb-000d3a30a38f	157	Mathieu Lasne	M	M25-29	41	5:03:35	0:35:59	0:04:51	2:45:27	0:03:42	1:33:35	FR	
38e9119d-3c18-4572-bb70-a0130a8ee6a7	158	Ian Dunn	M	M40-44	16	5:03:48	0:39:29	0:04:36	2:49:48	0:03:11	1:26:43	GB	
579655f3-00ad-f011-bbd3-000d3a5b50ba	159	Baudoin Novotny	M	M18-24	37	5:03:50	0:31:49	0:04:16	2:43:18	0:03:19	1:41:08	FRA	
054a20e1-c8cf-4748-9fa5-c1f7ace8bbed	160	Lennert Bral	M	M30-34	23	5:03:57	0:37:26	0:05:43	2:44:08	0:03:18	1:33:22	bel	
8b20fd89-8662-f011-bec3-000d3a5b50ba	161	Elouan Madec	M	M18-24	38	5:04:00	0:38:44	0:05:14	2:40:10	0:02:57	1:36:55	FR	
92716c07-b689-f011-b4cc-000d3a5b7c3b	162	Romain Leblanc	M	M25-29	42	5:04:08	0:40:37	0:07:02	2:38:31	0:03:08	1:34:49	fra	
4199614d-cc15-4f85-aed8-3a880fbcda82	163	Martin Feldl	M	M40-44	17	5:04:30	0:36:59	0:04:02	2:42:45	0:03:22	1:37:22	DE	
22224dcf-b8a1-ef11-8a6a-6045bd048089	164	Stijn Van Royen	M	M40-44	18	5:04:32	0:32:41	0:05:45	2:43:20	0:04:17	1:38:30	BE	
bf1b3dd8-5979-f011-b4cb-000d3a34f3f4	165	Lucas Decroix	M	M18-24	39	5:04:54	0:34:45	0:05:07	2:46:20	0:03:06	1:35:37	fra	
c2e4639e-d7d0-4163-a48d-5206a7b5cfff	166	Pascal Chenaux	M	M50-54	5	5:04:56	0:35:00	0:04:18	2:39:01	0:03:24	1:43:12	che	
4601e2e9-6892-f011-b4cc-000d3a35ffc1	167	Pierre-Etienne Pion	M	M25-29	43	5:04:58	0:35:55	0:03:42	2:40:12	0:03:14	1:41:55	FR	
b779b0b1-adf9-47c6-897f-11ed218a46a2	168	Julien Poncelet	M	M35-39	20	5:05:06	0:37:26	0:05:44	2:45:01	0:03:29	1:33:27	FR	
8885abd4-376b-f011-bec3-000d3a3173b5	169	Alfi Caprez	M	M70-74	1	5:05:11	0:31:32	0:04:36	2:37:24	0:05:31	1:46:08	CHE	
fbcb0456-16b8-f011-bbd3-6045bd05f634	170	Julien DUBROMEZ	M	M35-39	21	5:05:17	0:42:56	0:04:37	2:39:01	0:04:11	1:34:32	fra	
61451e05-71a8-f011-bbd3-000d3a3173b5	171	Julien Piette	M	M30-34	24	5:05:24	0:46:43	0:04:39	2:32:17	0:02:45	1:39:00	BE	
e3be8a1f-735c-4914-881a-007b51f98fb4	172	Arnaud Bouvier	M	M60-64	2	5:05:25	0:37:38	0:04:22	2:37:52	0:03:14	1:42:20	fra	
e1c6d1c7-d628-ef11-840a-000d3a367177	173	Aymeric Canton	M	M35-39	22	5:05:28	0:35:45	0:04:22	2:43:15	0:03:49	1:38:17	FR	
0df33be2-8dbc-f011-bbd2-000d3a5b7c3b	174	Philipp Kraft	M	M25-29	44	5:05:35	0:39:35	0:04:38	2:32:53	0:03:22	1:45:07	DEU	
1e0a90f0-70ee-4a92-9995-4fcc12c7fdb3	175	Etienne Picot	M	M35-39	23	5:05:39	0:46:30	0:06:16	2:40:32	0:04:26	1:27:55	fra	
350d148d-5fbc-49bd-863a-94324cbae482	176	Guilhem Grept	M	M25-29	45	5:05:45	0:35:38	0:05:06	2:41:19	0:03:54	1:39:49	che	
2bace3c8-cec0-f011-bbd3-6045bd09951e	177	Émile Barrachin	M	M25-29	46	5:05:47	0:37:22	0:05:02	2:44:42	0:03:14	1:35:27	FRA	
93bdab59-6db9-f011-bbd3-000d3a5cf7d8	178	Hugo Echardour	M	M18-24	40	5:05:49	0:38:03	0:03:36	2:39:24	0:02:15	1:42:31	FRA	
39bf89f7-34f2-4776-8b28-d5c9023c9c3f	179	Fabiano Canquerino	M	M25-29	47	5:05:58	0:42:49	0:06:11	2:41:57	0:04:13	1:30:49	BRA	
d2e76059-7bb5-ef11-b8e9-002248049fdc	180	Ludovic kern	M	M25-29	48	5:06:06	0:36:47	0:04:10	2:40:44	0:03:00	1:41:25	CH	
29cace1d-27a5-f011-bbd2-6045bd026214	181	Thibaut Bastin	M	M18-24	41	5:06:09	0:38:19	0:04:55	2:35:48	0:02:57	1:44:09	BE	
7d2cbf86-30bb-4be1-a197-d37deda42c4e	182	Quentin Canaux	M	M25-29	49	5:06:09	0:38:21	0:05:32	2:42:06	0:04:09	1:36:02	fra	
f86553e6-7a85-f011-b4cc-000d3a5cf7d8	183	Clément Boyer	M	M25-29	50	5:06:13	0:40:38	0:06:36	2:41:20	0:03:41	1:33:58	Unknown	
638727ec-54a6-ef11-8a6a-000d3a338a3c	184	Pierre-Louis DÉCORET	M	M25-29	51	5:06:15	0:38:10	0:05:42	2:39:58	0:03:15	1:39:09	fra	
f7caa7b9-e3de-455a-b602-b6645ab84693	185	Cavalier Martial	M	M30-34	25	5:06:17	0:44:22	0:05:40	2:34:57	0:03:17	1:38:01	FR	
4c4a0907-bbc3-f011-bbd3-6045bd09951e	186	Yoann LAPLACE	M	M30-34	26	5:06:18	0:37:19	0:04:47	2:42:40	0:04:18	1:37:14	fra	
47407c29-e597-f011-b4cc-000d3a35ffc1	187	Soren Verdereau	M	M18-24	42	5:06:20	0:40:26	0:04:37	2:43:04	0:02:46	1:35:26	fra	
88f79121-5f60-ef11-bfe3-000d3a367177	188	Olli Makinen	M	M40-44	19	5:06:26	0:32:08	0:04:54	2:45:07	0:03:45	1:40:33	FIN	
32b52a8e-d626-4213-b5f8-6ce5689828b7	189	Stephane Boyer	M	M50-54	6	5:06:32	0:39:53	0:04:40	2:38:40	0:03:33	1:39:46	fra	
2ceb7526-210d-49be-82e2-771779ddc423	190	Paul Lacorne	M	M30-34	27	5:06:34	0:39:07	0:05:44	2:44:14	0:03:38	1:33:51	fra	
b3460d7c-a8ad-43f3-b328-a48f48f9c2d8	191	Clément Dumas	M	M30-34	28	5:06:36	0:37:53	0:04:02	2:42:35	0:03:51	1:38:15	fra	
c6758598-c389-f011-b4cc-6045bd05f634	192	mathieu RUPPEL	M	M30-34	29	5:06:37	0:38:26	0:07:46	2:53:04	0:04:21	1:23:00	FRA	
531a9606-00f8-ed11-8849-000d3a314cac	193	Eric Gauthier	M	M55-59	3	5:06:37	0:32:10	0:06:02	2:51:21	0:03:37	1:33:27	fra	
16dce9f7-5992-f011-b4cc-6045bd09951e	194	Théo Boudou	M	M18-24	43	5:06:46	0:32:07	0:05:52	2:51:35	0:03:44	1:33:28	FR	
b2c8bd87-ed8b-f111-ab10-70a8a5b19cbc	195	Florentin BELANGER	M	M25-29	52	5:06:58	0:52:51	0:09:08	2:24:04	0:04:19	1:36:35	FRA	
d92f0f9d-b249-4c25-8bbc-cad29206bc87	196	Mathieu Vautey	M	M30-34	30	5:07:08	0:38:55	0:04:38	2:46:46	0:03:05	1:33:44	CHE	
97f73302-1de0-4b2a-9b3a-e996831ace2a	197	Diego Pérez Aliaga	M	M30-34	31	5:07:09	0:41:03	0:05:12	2:42:19	0:04:02	1:34:33	esp	
c15a6c97-00aa-f011-bbd2-6045bd03d968	198	Geoffrey Raynard	M	M25-29	53	5:07:10	0:34:10	0:04:28	2:45:16	0:02:39	1:40:37	FRA	
3fb7ceb3-a2f1-4d6f-a1e7-a5b106d221e1	199	Kevin Voorspoels	M	M30-34	32	5:07:14	0:40:25	0:05:14	2:41:29	0:03:38	1:36:29	bel	
2468a173-f5b2-f011-bbd3-000d3a5b50ba	200	Francois Petrissans	M	M25-29	54	5:07:29	0:39:36	0:04:06	2:52:52	0:02:48	1:28:07	FRA	
ea94137f-1d1d-4b27-bf37-07e5b2a10ce8	201	Dimitri Bartos	M	M35-39	24	5:07:32	0:32:33	0:04:16	2:44:55	0:04:13	1:41:35	fra	
bb245010-f1a5-f011-bbd3-000d3a5b50ba	202	Anthony Perez	M	M25-29	55	5:07:38	0:39:26	0:05:25	2:40:01	0:03:10	1:39:36	fra	
3f6afb0a-e589-f011-b4cc-000d3a3173b5	203	Leo Colognesi	M	M25-29	56	5:07:52	0:38:43	0:05:03	2:45:21	0:03:45	1:35:00	FR	
f4a2225e-172d-f111-88b3-6045bd01b0df	204	Jules Pijourlet	M	M35-39	25	5:08:14	0:37:24	0:06:52	2:34:00	0:05:34	1:44:24	FRA	
65e9c051-0bbc-f011-bbd3-000d3a5cf7d8	205	Yann Hueber	M	M35-39	26	5:08:16	0:35:22	0:05:54	2:47:05	0:03:59	1:35:55	FRA	
41f30efc-d768-f011-bec2-000d3a5b7c3b	206	Romano Morisson	M	M18-24	44	5:08:23	0:32:42	0:03:24	2:51:14	0:03:33	1:37:30	Unknown	
83adce82-6821-4351-b29e-19d5b56a7cbb	207	Marion Puech	F	F35-39	1	5:08:24	0:31:45	0:04:09	2:51:31	0:03:43	1:37:17	FR	
6c7feaa8-50aa-f011-bbd3-6045bd05fcc1	208	Anthony Guidolin	M	M35-39	27	5:08:24	0:40:42	0:04:26	2:42:26	0:03:42	1:37:08	fra	
f0c98379-f63b-4031-ba0e-d958e6eb996f	209	Mario Kress	M	M35-39	28	5:08:25	0:47:11	0:07:19	2:37:48	0:04:46	1:31:21	deu	
90cf58f3-6e32-4671-a244-ef0cf08ea571	210	David Duclos	M	M55-59	4	5:08:28	0:40:04	0:04:24	2:40:29	0:03:41	1:39:51	fra	
ac6c676f-ccdc-468d-8f15-41599931ce8f	211	Martin Conradt	M	M25-29	57	5:08:29	0:37:51	0:04:53	2:44:28	0:02:45	1:38:33	FR	
3ed767f5-1f54-f011-877b-000d3a35ffc1	212	Julien Macke	M	M25-29	58	5:08:43	0:40:15	0:09:21	2:43:42	0:05:13	1:30:12	FR	
fe95323f-f336-ef11-8409-000d3a367177	213	Nicolas Landalle	M	M25-29	59	5:08:47	0:39:18	0:05:46	2:51:50	0:03:22	1:28:31	fra	
dc9bdca3-cef2-4a6c-9c86-d8043de5c960	214	Quentin Chistmann	M	M30-34	33	5:08:47	0:40:49	0:03:51	2:45:01	0:04:07	1:34:59	FR	
dfb0f4b6-af41-480f-b32e-3c3b97a4ca69	215	Alexandre Ferreras	M	M40-44	20	5:08:49	0:31:01	0:06:03	2:53:26	0:05:37	1:32:43	CH	
d55f12c9-5390-42f2-b72e-48163c562ec0	216	Raphaël Duc	M	M30-34	34	5:09:35	0:33:28	0:04:12	2:37:59	0:03:02	1:50:53	CH	
fe3cf7d6-435b-445b-814a-e054302cd556	217	Eric Lecomte	M	M55-59	5	5:09:42	0:37:34	0:04:07	2:45:24	0:03:11	1:39:27	fra	
7eaa49e6-b47d-f011-b4cc-000d3a5b7c3b	218	Mohamed Achraf Later	M	M30-34	35	5:09:45	0:36:59	0:05:13	2:49:30	0:04:08	1:33:56	fra	
e611b2e6-ba68-f111-a825-0022480b88da	219	Noah Clot	M	M18-24	45	5:09:46	0:35:55	0:07:09	2:43:52	0:03:28	1:39:23	fra	
4d7696aa-6d88-f011-b4cc-000d3a3173b5	220	Mathieu Beyhurst	M	M25-29	60	5:09:53	0:38:21	0:06:49	2:41:16	0:04:18	1:39:09	fra	
263827e9-a279-ef11-a670-000d3a5a1803	221	Simon van Nooy	M	M30-34	36	5:09:54	0:38:45	0:04:35	2:44:53	0:02:48	1:38:53	deu	
02f1c969-b1bc-48df-9766-fc42ea4cc956	222	Jean-Francois Teixido	M	M50-54	7	5:09:56	0:32:58	0:03:43	2:46:25	0:03:48	1:43:02	FR	
14edfdc1-d4e9-46e5-8f8f-a1a28b4f09c0	223	Julien Le Dreff	F	M25-29	61	5:09:56	0:38:02	0:03:44	2:33:19	0:04:18	1:50:34	Unknown	
f9da9c83-7f8e-f011-b4cc-6045bd05fcc1	224	Simon Tauran	M	M25-29	62	5:10:11	0:36:14	0:05:50	2:44:16	0:03:47	1:40:03	FR	
6b251b5b-4582-40f7-a7e3-914a118131fd	225	Merijn Moreel	M	M50-54	8	5:10:27	0:34:14	0:04:02	2:41:18	0:06:01	1:44:52	bel	
b6c35ddf-91a8-431f-9f4b-1fad39b93d12	226	Carlos Mora	M	M55-59	6	5:10:28	0:38:54	0:04:44	2:41:52	0:04:18	1:40:40	and	
cc8487dd-7a14-f011-998a-0022480c097c	227	Pablo De Swarte	M	M25-29	63	5:10:28	0:36:41	0:06:30	2:51:55	0:04:02	1:31:20	FR	
4dd773bf-cf60-43a3-8ef1-05964a9ea78d	228	David JAUGEY	M	M50-54	9	5:10:28	0:38:07	0:04:43	2:42:04	0:04:31	1:41:03	fra	
78479948-5c22-46e5-bf95-92840ac30cde	229	Alexandre Hirschi	M	M18-24	46	5:10:29	0:29:49	0:03:44	2:47:41	0:05:18	1:43:57	CH	
4cad18a2-8b89-f011-b4cc-6045bd05fcc1	230	Antoine Valet	M	M25-29	64	5:10:32	0:38:57	0:04:09	2:46:25	0:02:28	1:38:33	FR	
d8267558-0472-f011-b4cc-6045bd05f634	231	Edgar VALENTIN-GLOECKLER	M	M18-24	47	5:10:32	0:35:29	0:05:50	2:50:02	0:03:18	1:35:53	fra	
8d0c641b-8789-f011-b4cc-000d3a5b7c3b	232	Achille Desage	M	M18-24	48	5:10:45	0:36:19	0:07:59	2:50:10	0:04:08	1:32:08	FR	
be7beb09-37e3-4135-bb82-39b3e9dc5652	233	Laurent Bimal	M	M55-59	7	5:11:01	0:37:28	0:04:48	2:43:01	0:03:53	1:41:52	fra	
bdfe3126-589d-f011-b41c-0022480c097c	234	Sion Tansley	M	M35-39	29	5:11:11	0:50:23	0:04:44	2:36:56	0:03:04	1:36:04	GB	
c39a8bf4-8ab5-42c2-b3a8-b2e26ab992b8	235	Camille Bouyer-Duchamp	F	F35-39	2	5:11:13	0:33:32	0:05:07	2:50:29	0:03:36	1:38:29	FRA	
feb780bc-642a-f011-8c4d-6045bd09951e	236	Thomas PECUT	M	M25-29	65	5:11:15	0:39:21	0:05:02	2:41:26	0:03:13	1:42:14	FR	
d2b88122-ee9c-4ae1-a66e-8ca6901ac274	237	Benjamin Malo	M	M40-44	21	5:11:19	0:39:46	0:06:38	2:42:46	0:03:48	1:38:22	FR	
effc2fef-3eae-4724-8dd0-a2bc783161ff	238	Maxence de Parisot	M	M30-34	37	5:11:20	0:31:36	0:05:28	2:48:58	0:03:42	1:41:35	FR	
fb376319-a1b2-f011-bbd3-000d3a3173b5	239	Convert Blanche	F	F18-24	4	5:11:20	0:35:33	0:05:09	2:51:03	0:03:30	1:36:04	FRA	
fe82b3ba-d96f-f011-bec3-000d3a3173b5	240	Lucas FAVIER	M	M18-24	49	5:11:21	0:42:54	0:05:12	2:41:09	0:03:13	1:38:53	fra	
fcf99126-76cc-44cf-80b9-e0aa6468bed4	241	Jean-Christophe Rousselet	M	M35-39	30	5:11:29	0:34:02	0:04:46	2:38:08	0:03:45	1:50:49	FR	
76275243-bb89-f011-b4cc-000d3a5cf7d8	242	Antonin Ribeiro	M	M25-29	66	5:11:41	0:37:49	0:07:11	2:50:26	0:05:49	1:30:25	FRA	
1c6b4b19-f7c2-f011-bbd3-6045bd05fcc1	243	Djiani Lemee	M	M18-24	50	5:11:45	0:40:26	0:05:02	2:46:41	0:04:28	1:35:09	FRA	
183bc613-732a-4831-8be1-92c4120349e9	244	Edgar Bierry	F	M18-24	51	5:11:47	0:37:25	0:03:53	2:49:37	0:03:31	1:37:20	Unknown	
2f386322-6d4a-4999-a84a-fc8a73cdffad	245	Jonas Harinck	M	M30-34	38	5:11:49	0:32:00	0:05:08	2:36:29	0:03:14	1:54:57	BE	
fb02a9ce-9c70-40ae-a2a9-8eaaca26d8eb	246	Thomas Stoltz	M	M50-54	10	5:11:51	0:36:32	0:05:26	2:46:57	0:03:33	1:39:22	fra	
89223e91-1537-ef11-840a-00224809fd7c	247	Boris Heine	M	M40-44	22	5:11:54	0:31:43	0:05:04	3:00:52	0:03:57	1:30:17	FR	
7d17d0de-fc3c-4794-b6c0-1c55478f07e0	248	Florian Marini	M	M35-39	31	5:11:59	0:40:18	0:04:31	2:44:32	0:04:41	1:37:58	fra	
94dedaa2-f48b-f011-b4cc-6045bd09951e	249	Owen Lanfrey	M	M18-24	52	5:12:01	0:31:18	0:06:51	2:43:12	0:02:30	1:48:10	FR	
b8ee94d2-0f97-f011-b4cc-000d3a5cf7d8	250	Thomas Duba	M	M25-29	67	5:12:10	0:37:46	0:05:46	2:45:46	0:03:39	1:39:13	FR	
4a210274-8e89-f011-b4cb-000d3a30a38f	251	Flavien Vayssié	M	M25-29	68	5:12:14	0:43:19	0:06:21	2:46:58	0:03:57	1:31:38	FR	
90d0df9f-8f89-f011-b4cc-000d3a3173b5	252	Coralie Chaverot	F	F30-34	6	5:12:22	0:40:42	0:04:07	2:45:13	0:02:59	1:39:21	FR	
26402b71-e53f-4b1e-a1ad-1351def7679f	253	Julien Lejeune	M	M40-44	23	5:12:28	0:37:02	0:06:05	2:42:40	0:04:32	1:42:08	fra	
804f6913-cb2e-ef11-840b-00224809fd7c	254	Pierre Gueriot	M	M35-39	32	5:12:31	0:34:11	0:05:34	2:42:36	0:04:27	1:45:43	FR	
7e274706-549c-f011-b41c-000d3a5b7c3b	255	Timothée de Soras	M	M18-24	53	5:12:32	0:45:47	0:05:52	2:36:20	0:04:06	1:40:28	fra	
aabedfda-0836-4859-82a2-d77a7238ae30	256	Wesley Devaraine	M	M35-39	33	5:12:37	0:42:58	0:06:38	2:38:28	0:03:58	1:40:34	fra	
a6966e44-2cc0-f011-bbd3-000d3a5cf7d8	257	Thomas RIBES	M	M25-29	69	5:12:42	0:34:56	0:04:13	2:47:36	0:04:21	1:41:36	FRA	
493182a1-00de-4893-be5b-dc224e6430dc	258	Maarten De Bakker	M	M40-44	24	5:12:44	0:44:15	0:04:48	2:50:28	0:03:30	1:29:42	che	
52b5d374-30fb-4d84-914c-e899f94b54ab	259	Baptiste Laveissiere	M	M25-29	70	5:12:46	0:35:11	0:05:12	2:43:24	0:03:33	1:45:25	fra	
67a6820a-86da-4cda-88e1-7d0008ab413a	260	Thomas Montanari	M	M30-34	39	5:12:47	0:37:15	0:04:04	2:47:44	0:04:05	1:39:39	FR	
d789121f-d4b0-f011-bbd3-000d3a35ffc1	261	Roman Vernada	M	M30-34	40	5:12:48	0:40:21	0:06:28	2:45:04	0:03:55	1:36:59	fra	
6d1ad43d-bb0e-495e-a613-9f9ac37c1017	262	Paul Collibeaux	M	M40-44	25	5:12:58	0:42:42	0:06:56	2:42:58	0:03:53	1:36:29	fra	
16b4ef53-162e-4dac-acd2-d59223e9f995	263	Sara de Planta	F	F25-29	3	5:12:58	0:39:44	0:04:30	2:51:16	0:03:35	1:33:53	CH	
94dc9bdb-bbb0-f011-bbd3-0022480a7385	264	Rory McMahon	M	M35-39	34	5:13:01	0:41:28	0:06:51	2:45:27	0:04:41	1:34:34	GBR	
94e556c5-c8b1-f011-bbd3-000d3a5b50ba	265	Valentin Minuit	M	M25-29	71	5:13:09	0:40:21	0:04:43	2:44:49	0:03:00	1:40:16	fra	
ae082bda-8889-f011-b4cc-002248098cfa	266	Quentin Roumier	M	M30-34	41	5:13:09	0:39:14	0:07:19	2:40:47	0:04:07	1:41:43	fra	
cf59111a-8989-f011-b4cc-6045bd05f634	267	Louis Merlot	M	M30-34	42	5:13:11	0:38:12	0:07:25	2:46:22	0:03:23	1:37:49	fra	
ebd7d1ca-00a9-f011-bbd2-000d3a5a755f	268	Syméon Demure	M	M18-24	54	5:13:26	0:40:49	0:08:34	2:40:11	0:03:51	1:40:01	FRA	
6c427ae6-2a9d-40cf-98a0-53669230e889	269	Laurent Mayoue	M	M50-54	11	5:13:31	0:43:18	0:06:37	2:49:55	0:03:32	1:30:09	FR	
24330aee-8b89-f011-b4cc-6045bd09951e	270	Sylouan FENESTRE	M	M18-24	55	5:13:33	0:40:09	0:04:19	2:49:39	0:03:29	1:35:57	FR	
266e3520-856c-f011-bec3-6045bd05fcc1	271	Louis Halbin	M	M18-24	56	5:13:40	0:39:53	0:06:40	2:41:16	0:05:01	1:40:50	Unknown	
0fa326b2-b98f-ef11-ac21-002248049fdc	272	Anthony Granier	M	M25-29	72	5:13:40	0:46:44	0:05:49	2:45:53	0:03:44	1:31:31	fra	
7065d87b-5f6b-4fc5-8199-3c016616ccaa	273	Matthias Sapper	M	M25-29	73	5:13:56	0:40:45	0:07:08	2:47:03	0:06:09	1:32:51	deu	
8d242d34-3adb-4ad3-b0c3-043eed79f7be	274	riccardo lecce	M	M35-39	35	5:13:56	0:41:06	0:05:02	2:44:50	0:03:31	1:39:27	ita	
46e2e282-9c89-f011-b4cb-000d3a30a38f	275	Quentin Kommer	M	M25-29	74	5:14:01	0:30:08	0:05:07	2:42:44	0:02:49	1:53:14	fra	
6d1152c8-7cbc-4654-8392-34716cb93331	276	Vincent Grelet	M	M35-39	36	5:14:07	0:41:35	0:05:54	2:46:37	0:04:53	1:35:08	CH	
c46d0a05-a49c-f011-b41c-000d3a5cf7d8	277	Marion Cocusse	F	F25-29	4	5:14:11	0:33:48	0:04:33	2:57:14	0:03:17	1:35:19	FR	
2841e323-088b-4cb4-a4a9-21b5c1ff7a42	278	Julien Vedere	M	M45-49	8	5:14:12	0:41:03	0:05:07	2:48:05	0:04:12	1:35:45	fra	
3da1da4f-d2a6-f011-bbd3-000d3a5b50ba	279	Cédric Trauchessec	M	M40-44	26	5:14:14	0:38:30	0:05:34	2:49:04	0:03:43	1:37:23	fra	
0d7282ba-a856-f011-877a-0022480c097c	280	Baptiste Mestadier	M	M25-29	75	5:14:18	0:42:15	0:05:35	2:45:04	0:04:23	1:37:01	FR	
e8fbbec4-528d-f011-b4cc-0022480c097c	281	Loïc Lizot-Montiel	M	M18-24	57	5:14:32	0:41:46	0:05:35	2:47:48	0:04:04	1:35:18	fra	
1869dc08-87fd-4bc5-8a12-7b8834ed90bc	282	Benoit Mottin	M	M35-39	37	5:14:34	0:42:29	0:08:32	2:42:14	0:04:27	1:36:51	FR	
bebece5b-87a3-4e07-8587-2ee59f5c9e5a	283	Andrew Johnson	M	M35-39	38	5:14:43	0:35:14	0:05:26	2:54:34	0:03:29	1:36:00	GB	
cdae8bc4-26b9-48b7-968b-c674a84d2209	284	Carole Jonquet	F	F40-44	1	5:14:43	0:42:46	0:05:24	2:50:43	0:03:14	1:32:36	fra	
257352ea-46b7-f011-bbd2-000d3a5b7c3b	285	Gaston Gautruche	M	M40-44	27	5:14:48	0:36:56	0:06:03	2:42:29	0:03:15	1:46:06	FRA	
710271b4-4d67-4fed-986c-4557d6888fc9	286	Bruno De Decker	M	M60-64	3	5:14:50	0:34:53	0:05:38	2:37:39	0:03:57	1:52:43	bel	
54d09663-efb6-ef11-b8e8-000d3a5ae96c	287	Paul Courtois	M	M25-29	76	5:14:59	0:33:56	0:04:52	2:55:51	0:03:54	1:36:25	FR	
5de5f0f4-d887-f011-b4cc-002248098cfa	288	Louis Dupont	M	M25-29	77	5:15:08	0:44:40	0:05:24	2:47:36	0:03:53	1:33:36	Unknown	
e2d669e2-6fc5-ef11-b8e8-6045bd018d16	289	Maxime Glasson	M	M18-24	58	5:15:18	0:38:19	0:05:04	2:49:48	0:03:16	1:38:51	FR	
d493a8a9-273d-f011-b4cb-002248098cfa	290	Francesco Andreini	M	M25-29	78	5:15:43	0:31:01	0:04:05	2:38:26	0:03:03	1:59:08	IT	
7c7684ca-fcca-48b5-a15d-47a760b78025	291	Mario Van Gasse	M	M50-54	12	5:15:54	0:40:20	0:05:44	2:40:54	0:04:34	1:44:23	bel	
2c0a528b-4fbb-f011-bbd3-6045bd05fcc1	292	Jorn Vanneste	M	M30-34	43	5:16:06	0:30:39	0:04:55	2:51:51	0:03:48	1:44:53	BEL	
ff4a8385-3cde-4218-9519-914a10d96246	293	Florian Nadal	M	M45-49	9	5:16:25	0:44:20	0:05:14	2:49:13	0:03:01	1:34:37	fra	
530c7788-8da6-f011-bbd3-000d3a35ffc1	294	Präben Haesendonck		M25-29	79	5:16:26	0:38:19	0:06:22	2:46:06	0:04:02	1:41:36	BEL	
f02f51cd-d16e-4294-bbcc-c6f2a98479e0	295	Grzegorz Dobrosielski	M	M40-44	28	5:16:39	0:33:54	0:06:05	2:51:06	0:03:43	1:41:52	che	
6766829a-9cc8-f011-bbd3-000d3a5b50ba	296	Justine Savatte	F	F18-24	5	5:16:40	0:35:07	0:04:10	2:50:55	0:03:08	1:43:20	FRA	
cff9b342-5b50-f011-877a-000d3a5cf7d8	297	Lefevre Remy	M	M18-24	59	5:16:45	0:36:09	0:04:47	2:48:12	0:05:33	1:42:03	fra	
fc256614-98a2-f011-bbd3-0022480a7385	298	Victor Villemant	M	M25-29	80	5:16:50	0:40:56	0:06:23	2:44:41	0:02:59	1:41:52	fra	
f13204dd-b288-f011-b4cc-6045bd05f634	299	Quentin Duforest	M	M25-29	81	5:16:50	0:41:46	0:05:25	2:49:02	0:05:13	1:35:25	FR	
6e06fa50-c852-f011-877a-000d3a5b50ba	300	Andrea Macheda	M	M18-24	60	5:16:50	0:38:57	0:05:46	2:46:33	0:04:02	1:41:31	fra	
9e0fc723-b29e-4f36-9ccc-78e60ff9316e	301	David Pinset	M	M40-44	29	5:17:00	0:39:34	0:05:29	2:37:39	0:05:15	1:49:03	FR	
0ecea093-ce89-f011-b4cc-000d3a5c3d6c	302	Constant Lhéritier	M	M25-29	82	5:17:03	0:40:30	0:06:38	2:45:51	0:05:32	1:38:32	FR	
e2d6dfc1-d65b-f011-bec2-6045bd05fcc1	303	Kylian GRIGNARD	M	M18-24	61	5:17:04	0:40:31	0:05:03	2:56:08	0:03:17	1:32:04	FRA	
75b5d177-22c1-f011-bbd3-0022480a7385	304	Benoît Tisserand	M	M30-34	44	5:17:05	0:42:03	0:04:43	2:46:06	0:03:31	1:40:42	FRA	
2acc3e5e-d8bf-f011-bbd3-000d3a3173b5	305	Romain MANTEZ	M	M30-34	45	5:17:08	0:34:56	0:04:23	2:49:50	0:03:09	1:44:51	FRA	
6e687d33-b328-ef11-840a-000d3a3bda64	306	Pierre-Stanislas Lubineau	M	M25-29	83	5:17:12	0:44:30	0:06:11	2:40:15	0:04:37	1:41:39	FR	
f025c17a-0f46-480a-b465-3508468e8720	307	Baptiste DEBOVE	M	M18-24	62	5:17:12	0:35:53	0:05:32	2:44:58	0:02:17	1:48:32	ES	
c9d45c3b-c598-f011-b4cc-0022480c097c	308	Victor Angelique	M	M30-34	46	5:17:18	0:36:26	0:09:19	2:48:09	0:06:17	1:37:08	fra	
c2c755a4-7173-ef11-a671-6045bd0953ac	309	Arthur Borel	M	M30-34	47	5:17:20	0:40:35	0:06:20	2:46:20	0:03:33	1:40:31	Unknown	
106d7619-55be-f011-bbd3-002248098cfa	310	Davide Margiotta	M	M18-24	63	5:17:24	0:39:05	0:03:58	2:52:59	0:03:43	1:37:39	CHE	
fb6069d8-8689-f011-b4cc-000d3a5b7c3b	311	Amy Muller	F	F18-24	6	5:17:35	0:34:44	0:05:33	2:53:08	0:03:58	1:40:13	nld	
1583e3a0-4b42-f011-b4cb-6045bd05f634	312	Yann Gousseff	M	M30-34	48	5:17:38	0:37:27	0:06:16	2:51:03	0:04:32	1:38:19	Unknown	
02eacac1-4be8-ee11-a204-000d3a314c24	313	Jonathan Samrai	M	M45-49	10	5:17:44	0:42:48	0:07:30	2:50:11	0:04:35	1:32:40	GB	
07a5a91b-d2d8-4155-8e7d-2bf80abb44de	314	Pedro Costa	M	M50-54	13	5:17:51	0:37:05	0:08:22	2:52:31	0:05:52	1:34:02	deu	
48a1c436-8889-f011-b4cc-002248098cfa	315	Michael Mallet Nichetti	M	M30-34	49	5:17:58	0:41:56	0:05:44	2:48:38	0:03:36	1:38:04	fra	
707a04d4-9c4d-4ad9-adf2-122993175158	316	Baptiste Ravoire	M	M35-39	39	5:18:02	0:44:31	0:06:41	2:38:45	0:04:29	1:43:34	FR	
86c89bd9-3a72-f011-bec2-0022480a7385	317	Quantin Gourc	M	M25-29	84	5:18:14	0:38:06	0:04:34	2:46:33	0:04:11	1:44:49	Unknown	
c97f2e26-b689-f011-b4cc-6045bd05fcc1	318	Maxence Defrenois	M	M25-29	85	5:18:32	0:38:45	0:06:03	2:47:53	0:03:32	1:42:18	FRA	
781c22e3-485b-f011-bec1-002248098cfa	319	Arthur Traxer	M	M25-29	86	5:18:34	0:42:26	0:06:28	2:54:08	0:05:01	1:30:31	fra	
b7ec8b98-2c53-ef11-a317-000d3a367177	320	Sebastien Gesmier	M	M40-44	30	5:18:43	0:39:28	0:05:06	2:43:28	0:02:53	1:47:47	fra	
ff7d5f1f-7c57-f011-877a-000d3a5b7c3b	321	Thomas Bascop	M	M18-24	64	5:18:44	0:37:20	0:07:51	2:46:17	0:05:00	1:42:16		
c465f07d-680b-4f8f-ab5e-4050a8154e0d	322	Cyrille Deswert	M	M50-54	14	5:18:47	0:37:23	0:05:34	2:46:49	0:05:20	1:43:41	Unknown	
b8cbb0b3-0d3f-ef11-8409-000d3a348633	323	Kevin DUPLAN	M	M30-34	50	5:18:51	0:41:39	0:05:45	2:49:40	0:03:00	1:38:46	FR	
d7dd8544-12d6-4e66-9e0c-d66ece697969	324	Samuel Debeer	M	M35-39	40	5:18:51	0:37:10	0:07:47	2:50:35	0:04:21	1:38:57	BE	
4e543d05-262e-41ff-b615-20a1d35ef473	325	Rémi Guillaumin	M	M25-29	87	5:19:02	0:35:05	0:05:17	2:45:01	0:02:52	1:50:48	FR	
87e30ce1-ce39-ef11-8409-6045bd017e21	326	Alexandre Bergheau	M	M35-39	41	5:19:05	0:37:42	0:06:54	2:46:09	0:03:27	1:44:53	FR	
1aface79-93c7-f011-bbd3-000d3a5b50ba	327	Léo Lejeune	M	M18-24	65	5:19:15	0:39:24	0:04:28	2:56:34	0:04:19	1:34:29	FRA	
32585e8a-5e92-f011-b4cc-000d3a5b7c3b	328	Théo BRAQUET	M	M30-34	51	5:19:22	0:36:16	0:05:43	2:52:39	0:04:53	1:39:52	FR	
bd701b1e-cc92-ef11-ac21-000d3a338a3c	329	Fares Kassem	M	M30-34	52	5:19:22	0:44:02	0:04:28	2:49:37	0:04:14	1:37:00	FR	
75d9f2c9-d8a2-f011-bbd3-6045bd05f634	330	Oscar Leclerc	M	M18-24	66	5:19:27	0:39:54	0:06:15	2:50:24	0:04:37	1:38:17	FRA	
222e709e-0758-f011-877a-000d3a5b7c3b	331	David Claude	M	M25-29	88	5:19:29	0:38:56	0:06:58	2:51:15	0:06:03	1:36:16	Unknown	
dbbde0b4-bc09-ed11-82e4-000d3a3b2d39	332	Quentin Seychelles	M	M45-49	11	5:19:41	0:36:34	0:05:27	2:54:41	0:03:40	1:39:20	fra	
9d05ab3c-b15f-4243-8e3c-1143c9b1afac	333	Jonathan Fager	M	M30-34	53	5:19:42	0:42:53	0:06:33	2:39:06	0:04:19	1:46:51	SE	
7e2ee6ef-8d57-f011-877b-6045bd09951e	334	Maxime Croisé	M	M25-29	89	5:20:03	0:39:29	0:05:37	2:49:20	0:04:18	1:41:19	bel	
a4a9757d-27ee-4011-b44f-e4d8631a9659	335	Julien Durand	M	M35-39	42	5:20:08	0:39:32	0:06:07	2:54:23	0:03:07	1:36:59	FR	
1c5b2a19-e75b-f011-bec1-0022480c097c	336	Camille Chapellière	M	M18-24	67	5:20:10	0:39:57	0:05:07	2:53:31	0:02:49	1:38:47	FR	
7aac6acb-a99f-f011-b41b-6045bd077a67	337	Florent Lefort	M	M25-29	90	5:20:14	0:42:18	0:06:07	2:58:21	0:03:47	1:29:40	FR	
0ec8cf6d-a3b9-f011-bbd3-000d3a35ffc1	338	Lorenzo Cossard	M	M30-34	54	5:20:19	0:43:17	0:05:10	2:45:30	0:03:04	1:43:18	ITA	
0f97f123-f88b-f011-b4cc-000d3a5b50ba	339	Nicolas AKIR	M	M30-34	55	5:20:28	0:34:37	0:06:29	2:49:25	0:04:40	1:45:17	fra	
9e654ad8-3084-f011-b4cc-0022480c097c	340	Adrien Hesliere	M	M25-29	91	5:20:29	0:33:38	0:06:19	2:55:53	0:05:22	1:39:17	FR	
9adf409f-8889-f011-b4cc-000d3a5cf7d8	341	Alexandre Demery-Guelet	M	M40-44	31	5:20:38	0:38:44	0:04:35	2:57:30	0:03:43	1:36:06	FR	
9402fe6c-8a89-f011-b4cb-000d3a30a38f	342	Aymeric Lemarchand	M	M35-39	43	5:20:48	0:41:27	0:05:36	2:48:36	0:03:51	1:41:18	FR	
f7c2f020-ea87-f011-b4cc-6045bd05f634	343	Aniss Sentenac	M	M25-29	92	5:20:48	0:38:42	0:06:21	2:54:01	0:04:05	1:37:38	fra	
322d2828-8a62-466d-9f49-a932a0769a37	344	Mathieu Romero	M	M40-44	32	5:20:51	0:37:31	0:04:22	2:44:05	0:03:44	1:51:09	FR	
f7bbc708-21a2-f011-bbd3-000d3a5cf7d8	345	Yoann Stilite	M	M30-34	56	5:20:53	0:39:16	0:05:43	2:49:49	0:05:00	1:41:04	BE	
84c7aa13-9556-f011-877b-000d3a3173b5	346	jules reboulet	M	M25-29	93	5:20:54	0:40:02	0:05:03	2:53:05	0:04:10	1:38:33	FR	
ba565b21-fde2-4cc3-b7f7-e81869e23c36	347	Thibault Fondeur	M	M35-39	44	5:20:54	0:35:10	0:04:13	2:44:12	0:02:42	1:54:38	CH	
da3d7ea0-ac21-4b23-912e-11792feb9136	348	Clement Chaperon	M	M30-34	57	5:21:04	0:36:25	0:05:44	2:54:22	0:04:07	1:40:25	FR	
ddc86f2e-8048-ed11-bba1-000d3a314329	349	Stefano Maino	M	M40-44	33	5:21:04	0:36:49	0:07:10	2:54:02	0:05:09	1:37:53	IT	
febbf415-a289-f011-b4cc-000d3a5b7c3b	350	Mathilde Méot	F	F30-34	7	5:21:08	0:37:47	0:05:04	2:57:43	0:03:54	1:36:40	fra	
9a7c88a0-6796-f011-b4cc-6045bd09951e	351	Antoine Henriet	M	M18-24	68	5:21:11	0:37:16	0:05:03	2:49:06	0:02:57	1:46:50	FR	
9d5ba7c1-ec9e-f011-b41c-0022480c097c	352	Charly LEBRETON	M	M18-24	69	5:21:12	0:42:31	0:04:51	2:51:03	0:03:26	1:39:22	FR	
a057eb36-f68c-f011-b4cc-000d3a3173b5	353	Julien Melly	M	M25-29	94	5:21:14	0:34:13	0:05:42	2:50:41	0:03:56	1:46:42	che	
57df4654-b991-4829-827c-c4ca7ca31b50	354	Jessica Sautier	F	F25-29	5	5:21:24	0:34:00	0:04:59	2:48:49	0:03:31	1:50:04	FR	
56a888c0-eabf-f011-bbd2-000d3a5b7c3b	355	Lou Cormier	M	M18-24	70	5:21:27	0:35:35	0:05:23	2:50:53	0:03:19	1:46:16	FRA	
b9bf9b38-cf89-f011-b4cc-6045bd09951e	356	Dorian Gerard	M	M35-39	45	5:21:27	0:37:48	0:05:51	2:51:06	0:04:08	1:42:34	fra	
47d5d584-8989-f011-b4cc-0022480c097c	357	Mavric Malardeau	M	M25-29	95	5:21:34	0:45:06	0:06:23	2:51:43	0:04:14	1:34:07	FR	
e226371b-a190-f011-b4cc-6045bd05fcc1	358	John Crevon	M	M30-34	58	5:21:37	0:39:31	0:06:00	2:53:26	0:03:23	1:39:16	FR	
1d3a9947-6f94-f011-b4cc-000d3a5cf7d8	359	Raphaël Cotte	M	M25-29	96	5:21:37	0:36:14	0:05:24	2:55:51	0:03:47	1:40:22	FR	
0dcd17c1-949c-f011-b41c-000d3a5b7c3b	360	Petr Vostarek	M	M25-29	97	5:21:40	0:36:58	0:05:40	2:46:55	0:03:51	1:48:16	cze	
ba13a86c-4451-4e4a-a4c6-e3a3236d45fe	361	Ole Bröhldick	M	M30-34	59	5:21:48	0:35:56	0:04:08	2:46:41	0:03:25	1:51:38	Germany	
2b9f43a7-8d91-f011-b4cc-0022480a7385	362	Thomas Leclercq	M	M25-29	98	5:21:49	0:43:24	0:08:28	2:51:05	0:03:18	1:35:34	FR	
be7b68ac-739c-4951-8a1a-bb3ac4b48900	363	Guillaume Fondard	M	M45-49	12	5:21:51	0:34:45	0:05:10	2:46:24	0:03:12	1:52:20	fra	
fa3a14a3-bc89-f011-b4cb-000d3a30a38f	364	Damien Leclercq	M	M18-24	71	5:22:00	0:38:29	0:06:01	2:50:45	0:03:54	1:42:51	FR	
7af4938a-455e-f011-bec2-000d3a5cf7d8	365	Pierre PAYAN	M	M30-34	60	5:22:04	0:40:32	0:05:35	2:50:58	0:04:03	1:40:57	Unknown	
df9c5162-9b0b-4ac7-bbcf-6bba365d8027	366	Jacob Limbeek	M	M18-24	72	5:22:13	0:34:04	0:04:06	2:46:54	0:03:36	1:53:34	FR	
82951f57-870b-ee11-8f6e-000d3a31458d	367	Eric Mouaze	M	M35-39	46	5:22:23	0:38:20	0:05:12	2:52:49	0:04:09	1:41:53	FR	
99b88a42-c389-f011-b4cb-000d3a30a38f	368	Wilfried Winterstein	M	M35-39	47	5:22:30	0:41:29	0:03:58	2:41:23	0:04:26	1:51:15	fra	
0086ac97-bd14-ee11-8f6e-000d3a31458d	369	Irvin Coste	M	M35-39	48	5:22:34	0:33:10	0:04:52	2:53:47	0:04:05	1:46:40	Unknown	
6ce9ba9a-8dbc-4880-89ea-d6df596c37cd	370	Corinde Van Es	F	F25-29	6	5:22:41	0:43:32	0:05:04	3:02:17	0:03:19	1:28:29	nld	
442c2460-1936-4ee1-a3a2-aa26fd6bf05b	371	Nicolas Gallon	M	M35-39	49	5:22:45	0:37:43	0:05:47	2:50:43	0:03:07	1:45:25	FR	
b5c24a77-fd9d-f011-b41c-0022480c097c	372	Charlie Poussin	M	M25-29	99	5:22:47	0:35:27	0:04:56	2:52:40	0:03:35	1:46:10	FR	
79a5a565-5daf-f011-bbd3-000d3a3173b5	373	Sebas Messelier	M	M18-24	73	5:22:49	0:39:40	0:08:08	2:56:32	0:04:11	1:34:18	BEL	
d11adb8b-8a7f-f011-b4cb-7ced8d6de44a	374	Michael Wozniak	M	M45-49	13	5:22:51	0:42:41	0:05:12	2:51:56	0:03:52	1:39:11	FR	
0518022e-9a98-f011-b4cc-000d3a3173b5	375	Maxime Clatot	M	M25-29	100	5:22:52	0:43:35	0:07:38	2:48:39	0:04:24	1:38:37	FR	
075c4376-af89-f011-b4cb-000d3a30a38f	376	Daan Smink	M	M25-29	101	5:22:56	0:42:58	0:07:40	2:40:45	0:04:42	1:46:51	NL	
3c52bce0-422b-4b08-adf1-9cac5bc3f1f0	377	Thimoté Chappellaz	M	M30-34	61	5:23:05	0:35:05	0:06:01	2:44:50	0:04:04	1:53:04	fra	
0b9857c1-228a-f011-b4cc-000d3a5cf7d8	378	Joris Derebreu	M	M25-29	102	5:23:10	0:43:45	0:05:28	2:55:31	0:03:03	1:35:23	fra	
8b796e55-be98-f011-b4cc-6045bd05fcc1	379	Matteo Parthenay	M	M25-29	103	5:23:32	0:40:30	0:04:53	2:50:35	0:03:23	1:44:11	FRA	
8dd78859-2151-f011-877a-000d3a35ffc1	380	Robin guignard	M	M18-24	74	5:23:36	0:40:56	0:05:28	2:48:47	0:05:26	1:43:00	fra	
7df55744-2006-4466-b1fe-e390b6a0beaa	381	Guillaume Naddeo	M	M50-54	15	5:23:43	0:39:06	0:05:27	3:00:24	0:04:07	1:34:38	FR	
9de825d8-128c-f011-b4cc-000d3a35ffc1	382	Julien TRANNIN	M	M25-29	104	5:23:46	0:40:06	0:05:58	2:52:47	0:03:44	1:41:11	fra	
1df7d689-c5e9-e911-a99c-000d3a34ed06	383	Nicolas Plaisance	M	M25-29	105	5:23:48	0:37:51	0:06:25	2:48:55	0:04:00	1:46:37	FR	
71cf9f07-68a8-f011-bbd3-6045bd05fcc1	384	valentin Thiou	M	M18-24	75	5:23:51	0:34:58	0:05:19	2:55:07	0:02:52	1:45:36	fra	
02cf62ca-53a4-f011-bbd3-6045bd05f634	385	Ben Atwell	M	M25-29	106	5:23:52	0:34:02	0:05:09	3:01:02	0:05:04	1:38:34	GB	
d45caacc-bd8f-4237-8033-9170939bf7be	386	Sam Twist	M	M35-39	50	5:23:54	0:40:49	0:06:25	2:39:45	0:03:57	1:52:59	gbr	
e6da81c4-7d8d-f011-b4cc-000d3a5cf7d8	387	Samuel Dubreuil	M	M30-34	62	5:23:59	0:40:10	0:06:48	2:43:55	0:04:10	1:48:56	LU	
4bf2afbc-d45b-f011-bec2-6045bd09951e	388	Florent Malguy	M	M25-29	107	5:24:07	0:37:54	0:06:59	2:50:55	0:04:48	1:43:31	fra	
cfeb05db-6a94-f011-b4cb-000d3a302c61	389	Quentin Chausson	M	M25-29	108	5:24:15	0:39:26	0:08:18	2:48:58	0:04:08	1:43:24	FR	
4755c540-7f0c-42f1-96d0-98eebe3f08f7	390	Anthony Malassagne	M	M35-39	51	5:24:29	0:39:33	0:06:46	2:57:35	0:04:56	1:35:40	fra	
c2c4308c-9575-ef11-a670-0022480b0a9a	391	Stanislav Mateev	M	M45-49	14	5:24:31	0:37:42	0:06:05	2:45:02	0:04:41	1:51:01	BGR	
b119d6c9-c431-4cc9-a9c5-bc439e85ca9e	392	Herkko Plit	M	M55-59	8	5:24:33	0:51:26	0:06:43	2:42:25	0:04:08	1:39:51	FI	
0eaefcc2-8255-46a1-a2d5-225b874a62b2	393	Jordane Dubois	M	M35-39	52	5:24:34	0:39:18	0:06:10	2:49:24	0:04:09	1:45:33	FR	
ed554e88-9caf-f011-bbd3-0022480c097c	394	Douglas Payne	M	M18-24	76	5:24:36	0:44:26	0:04:38	2:41:33	0:02:51	1:51:09	GBR	
46b535fc-75b0-f011-bbd3-000d3a5b7c3b	395	Louis Kebabtchieff	M	M18-24	77	5:24:38	0:39:29	0:06:08	2:49:53	0:06:20	1:42:49	USA	
b71d0073-0f96-f011-b4cc-000d3a5b50ba	396	Sofian Souayah	M	M35-39	53	5:24:44	0:46:21	0:05:41	2:55:17	0:03:29	1:33:57	fra	
59dac2a0-1ae8-4d23-ab6c-ac569a090775	397	Nicole Best	F	F55-59	1	5:24:46	0:32:11	0:03:46	3:03:35	0:03:27	1:41:46	deu	
92df4781-e3be-f011-bbd3-000d3a3173b5	398	Enzo PETITON	M	M30-34	63	5:24:51	0:46:43	0:08:17	2:50:36	0:04:06	1:35:10	FRA	
7c6bbfb5-533f-45fe-9780-902fe30526ae	399	Alexis Peytre	M	M40-44	34	5:24:56	0:40:10	0:04:33	2:58:36	0:03:14	1:38:24	CH	
b595c8e4-efad-f011-bbd3-000d3a5b7c3b	400	Simon Delahodde	M	M18-24	78	5:24:58	0:43:47	0:05:23	2:38:37	0:03:36	1:53:35	FRA	
0ff42b35-3d7c-f011-b4cc-6045bd05fcc1	401	Paul Blanche	M	M35-39	54	5:25:04	0:39:30	0:06:01	2:53:29	0:04:18	1:41:46	FR	
d6aadd72-0b9e-f011-b41c-002248098cfa	402	Jean-Hugues Blanchecotte	M	M25-29	109	5:25:07	0:41:15	0:05:18	2:51:41	0:03:28	1:43:24	FR	
a4c8f0e7-d5cf-42bc-abda-c463b588fe24	403	Elena Giordanino	F	F40-44	2	5:25:08	0:41:39	0:04:19	2:54:05	0:03:45	1:41:20	CH	
3d3b59ff-db94-43c4-85d3-808e5c9a557c	404	Axel Jodry	M	M50-54	16	5:25:10	0:42:44	0:06:43	2:51:27	0:04:12	1:40:03	Unknown	
a9ad47fa-f4ff-4edc-bd55-42da8d684961	405	Ignace Deckmyn	M	M60-64	4	5:25:18	0:35:38	0:06:51	2:47:16	0:06:14	1:49:18	BEL	
6603772e-fa9a-f011-b4cc-000d3a5cf7d8	406	Jorick Rassart	M	M30-34	64	5:25:18	0:42:34	0:06:30	2:43:56	0:03:34	1:48:44	BE	
f60aa80a-1a8c-f011-b4cc-000d3a5b50ba	407	hugo meyer	M	M18-24	79	5:25:18	0:39:34	0:06:19	2:47:15	0:04:32	1:47:39	fra	
a074967d-9f88-f011-b4cc-002248098cfa	408	Alexis Lemarchand	M	M35-39	55	5:25:28	0:44:34	0:05:17	2:45:05	0:03:32	1:47:00	FR	
73ae5024-8989-f011-b4cc-6045bd05fcc1	409	Hugo Saupic	M	M25-29	110	5:25:30	0:35:18	0:04:48	3:01:47	0:03:05	1:40:32	FR	
c14167a4-707c-f011-b4cc-000d3a35ffc1	410	Jeremy Thuillier	M	M30-34	65	5:25:33	0:41:04	0:06:01	2:44:21	0:05:01	1:49:07	FR	
ab2be69c-6a85-4584-858b-c08feda655e5	411	Christopher Say	M	M50-54	17	5:25:35	0:38:12	0:05:55	2:52:21	0:04:39	1:44:27	Unknown	
fcac4863-f9f9-4bf0-9192-f2acdaf20023	412	Nicolas Tricot	M	M50-54	18	5:25:37	0:30:54	0:04:28	2:41:09	0:03:08	2:05:58	fra	
3c6686ba-af43-ef11-8409-000d3a367177	413	Priscilia Lerch	F	F25-29	7	5:25:37	0:41:33	0:05:10	2:53:32	0:03:37	1:41:45	fra	
093d456a-3ff3-4ec4-8292-591034570979	414	Eric Chatelan	M	M35-39	56	5:25:43	0:40:48	0:04:55	2:53:24	0:03:14	1:43:21	CH	
dc94d69c-c489-f011-b4cc-000d3a3173b5	415	Jeremy Gaillard	M	M25-29	111	5:25:48	0:39:40	0:06:19	2:52:11	0:03:36	1:44:01	fra	
e639c6b0-8a89-f011-b4cc-0022480c097c	416	Julien Mongrard	M	M18-24	80	5:26:00	0:48:15	0:06:53	2:44:54	0:03:49	1:42:09	FR	
f2ad96c4-aa89-f011-b4cb-000d3a30a38f	417	Thomas Devisscher	M	M25-29	112	5:26:01	0:44:30	0:13:10	2:44:20	0:11:12	1:32:50	FRA	
45a58491-cca5-48ed-9d52-dc8dc2e74416	418	Hubert Charpentier	M	M55-59	9	5:26:01	0:36:17	0:06:30	2:49:03	0:05:16	1:48:56	FR	
fb426fe6-589c-f011-b41c-6045bd09951e	419	Julien Duroure	M	M30-34	66	5:26:08	0:35:07	0:05:42	2:56:17	0:04:10	1:44:52	che	
f631d469-9f89-f011-b4cc-0022480c097c	420	Ramzi Behidj	M	M25-29	113	5:26:09	0:43:20	0:04:45	2:58:18	0:03:19	1:36:26	FR	
d99dbeaa-3ed9-4c12-94a3-914cdd2b1296	421	Marcel Klohs	M	M45-49	15	5:26:09	0:54:09	0:05:43	2:40:20	0:05:50	1:40:07	che	
001b9c51-d291-4ef2-b7d4-6f6ccaa88df8	422	Bill Smith	M	M55-59	10	5:26:20	0:36:42	0:04:52	2:52:25	0:03:10	1:49:12	GB	
fcd0ef52-0528-f011-8c4d-000d3a5cf7d8	423	Valentin Fournier	M	M30-34	67	5:26:21	0:36:42	0:15:27	2:50:43	0:04:37	1:38:52	FR	
87951903-d054-4bf4-800a-abbcf1071a68	424	Robinson Serre	M	M25-29	114	5:26:21	0:37:15	0:05:29	2:53:15	0:04:01	1:46:22	FR	
af12a3d9-a797-f011-b4cc-000d3a5b50ba	425	Theo Gillet	M	M25-29	115	5:26:23	0:43:24	0:08:35	2:52:22	0:06:07	1:35:56	fra	
e103dfc9-0a58-f011-877b-6045bd09951e	426	Matthias Roger	M	M25-29	116	5:26:24	0:46:11	0:04:55	2:47:04	0:06:07	1:42:07	Unknown	
2759bea6-3b95-4712-8925-b029e449c9d0	427	Benjamin Haste	M	M35-39	57	5:26:24	0:41:23	0:06:39	2:56:32	0:04:18	1:37:32	Unknown	
c0489da9-7ab5-f011-bbd3-6045bd05f634	428	Maarten Steurbaut	M	M40-44	35	5:26:26	0:40:49	0:08:04	2:59:39	0:05:00	1:32:55	bel	
55d3f1f3-af22-4395-bcb4-ce6612800b5d	429	Francois Crochet	M	M50-54	19	5:26:34	0:36:51	0:04:58	2:56:22	0:03:42	1:44:40	fra	
1c2021f3-bb90-f011-b4cc-0022480c097c	430	James Bray	M	M30-34	68	5:26:41	0:41:25	0:06:19	2:56:53	0:05:27	1:36:36	FR	
2617fd88-0458-f011-877b-6045bd05f634	431	Valentin Gelf	M	M25-29	117	5:26:42	0:40:47	0:05:42	2:51:31	0:03:44	1:44:58	fra	
184e147b-77a6-f011-bbd3-6045bd09951e	432	Gabriel de Laforcade	M	M25-29	118	5:26:42	0:38:49	0:06:18	2:58:40	0:04:01	1:38:54	FR	
4030539c-a489-f011-b4cc-000d3a3173b5	433	Paul Monselet	M	M18-24	81	5:26:53	0:37:28	0:04:54	2:48:41	0:03:57	1:51:52	FR	
5f0c6ee3-c405-4d16-9c4d-2702e4b2a772	434	Christophe Cools	M	M45-49	16	5:26:55	0:38:48	0:06:27	2:48:37	0:05:40	1:47:23	bel	
295cddd1-fa92-f011-b4cc-0022480c097c	435	Geremi Guerra	M	M35-39	58	5:26:59	0:40:49	0:06:19	2:42:27	0:04:39	1:52:45	CHE	
a6ea8a3b-9689-f011-b4cc-000d3a5b7c3b	436	Axel Sennepin	M	M25-29	119	5:27:05	0:39:10	0:05:38	2:51:47	0:04:27	1:46:03	fra	
980c0c7e-ba7a-4c47-b899-fafd2ba4160f	437	Maxime Cardoso	M	M18-24	82	5:27:07	0:36:21	0:03:37	2:51:22	0:03:38	1:52:09	FR	
54e56641-de09-4245-8697-1fc75cce0a72	438	Ruben Steffen	M	M35-39	59	5:27:09	0:39:37	0:05:46	2:48:52	0:05:13	1:47:42	deu	
860c121f-4ca0-4646-a332-57598fc9a93f	439	Steven De Groof	M	M50-54	20	5:27:13	0:38:23	0:07:30	2:56:46	0:05:32	1:39:02	bel	
019fd3ae-a797-f011-b4cc-000d3a5b50ba	440	Martin DEL POZO	M	M25-29	120	5:27:15	0:42:31	0:06:50	3:01:06	0:03:55	1:32:53	fra	
359d91be-2989-49ed-bd2e-792f7ccb3f90	441	Fabien Toulet	M	M55-59	11	5:27:19	0:38:25	0:06:31	2:53:39	0:03:48	1:44:56	Unknown	
17af3916-0590-f011-b4cc-000d3a5b7c3b	442	Hugo VU VIET CHUAN	M	M35-39	60	5:27:24	0:35:23	0:05:12	2:59:24	0:03:34	1:43:51	FR	
7dc1de98-8989-f011-b4cc-000d3a5b50ba	443	bastien fuziol	M	M25-29	121	5:27:24	0:37:11	0:05:13	2:57:51	0:03:53	1:43:17	FR	
e20b96eb-7b9b-ef11-8a69-000d3a5a403c	444	Jonathan Sousa	M	M40-44	36	5:27:26	0:33:20	0:06:02	2:51:37	0:04:09	1:52:18	PT	
46a3424a-e96f-4ba5-bbbc-784a4b661a83	445	Christophe Van Ngoc Ty	M	M45-49	17	5:27:28	0:47:20	0:07:04	2:50:44	0:04:30	1:37:50	che	
83c421d2-629d-f011-b41c-6045bd05fcc1	446	Sebastian Buyle	M	M25-29	122	5:27:34	0:42:36	0:06:20	2:49:08	0:03:58	1:45:33	BE	
97a107f0-d192-f011-b4cc-000d3a3173b5	447	Rohan Le Luyer	M	M18-24	83	5:27:36	0:37:22	0:06:02	2:59:52	0:03:49	1:40:31	FR	
de885196-652d-4517-aa0c-8004ec102fa7	448	Pierre Gallais	M	M25-29	123	5:27:40	0:46:24	0:06:01	2:51:47	0:03:19	1:40:09	FR	
47236eb3-5866-f011-bec3-6045bd09951e	449	César Greffier	M	M25-29	124	5:27:47	0:42:52	0:05:40	2:53:14	0:04:01	1:42:00		
0df4d209-abe6-ee11-904d-6045bd0158c4	450	Clement Dalmagne	M	M35-39	61	5:27:49	0:38:07	0:05:05	2:57:33	0:03:18	1:43:46	FRA	
979135f7-8889-f011-b4cb-000d3a30a38f	451	Léo Hervouët	M	M25-29	125	5:27:51	0:37:14	0:05:09	2:50:06	0:03:45	1:51:37	FR	
74ef415d-2ca2-43fb-bae8-6ebbbdcc1f35	452	Nina Sieh	F	F35-39	3	5:28:06	0:36:36	0:05:23	2:57:54	0:04:04	1:44:09	CA	
d1b0d715-31ae-f011-bbd3-6045bd05f634	453	DAMIEN FERET	M	M40-44	37	5:28:07	0:47:31	0:07:16	2:56:59	0:04:02	1:32:19	FR	
bd7a8435-9bc1-f011-bbd2-000d3a5b7c3b	454	Emeric SAUNIER	M	M18-24	84	5:28:15	0:40:02	0:05:20	2:51:43	0:05:11	1:46:00	fra	
8d006f06-9bc1-f011-bbd3-0022480a7385	455	Thomas DAGNAC	M	M18-24	85	5:28:16	0:41:14	0:06:22	2:56:07	0:04:22	1:40:10	fra	
ed8a5e40-b6fd-ef11-bae2-0022480c3ef1	456	Adrien BELLENGER	M	M45-49	18	5:28:18	0:38:19	0:04:51	2:51:06	0:04:22	1:49:40	fra	
70487131-ce92-f011-b4cc-000d3a5b50ba	457	sam parrott	M	M18-24	86	5:28:24	0:35:18	0:04:29	2:46:10	0:03:45	1:58:42	GB	
1806cb6b-fc4e-4064-8174-68115c975928	458	Thomas Maussang	M	M18-24	87	5:28:38	0:34:07	0:04:53	2:52:45	0:03:28	1:53:24	FRA	
4952aa8a-013c-f011-b4cc-000d3a5b7c3b	459	Thomas Guilloux	M	M30-34	69	5:28:38	0:40:49	0:04:18	2:56:54	0:03:46	1:42:51	fra	
73cb6b82-888a-f011-b4cc-000d3a5b7c3b	460	Alain Fernandez	M	M25-29	126	5:28:43	0:37:58	0:07:38	3:02:45	0:04:09	1:36:13	FR	
1dabe427-f79e-f011-b41b-000d3a3ad8f1	461	Helena Sexton	F	F30-34	8	5:28:50	0:40:28	0:05:58	3:06:39	0:03:40	1:32:05	GB	
26271e95-9ec0-4e9a-8fa2-2b8a429a6bf7	462	Mattéo Cadro	M	M18-24	88	5:28:53	0:37:48	0:05:53	2:40:07	0:03:53	2:01:12	FR	
ccdf4152-b5b0-4e6f-85bd-015eff84a9d7	463	Kevin Betbeder	M	M30-34	70	5:28:56	0:34:26	0:03:46	2:53:25	0:03:45	1:53:34	FR	
78ffa386-76ba-4eac-9e9c-f389ae705455	464	Medhy Thilloux	M	M35-39	62	5:28:59	0:31:06	0:04:17	3:01:38	0:04:32	1:47:26	fra	
19c61c74-494d-49d8-aa40-1f40698a93c3	465	Marco Schönmann	M	M40-44	38	5:29:04	0:36:25	0:05:44	2:52:20	0:03:53	1:50:41	che	
8a0332d4-8a89-f011-b4cc-002248098cfa	466	Julia Boulogne	F	F30-34	9	5:29:05	0:36:40	0:04:50	2:58:29	0:04:10	1:44:56	fra	
0e766c28-8789-f011-b4cb-000d3a30a38f	467	Elfi Gaillard	F	F25-29	8	5:29:05	0:39:01	0:04:45	2:56:07	0:02:59	1:46:13	FR	
b5453373-b9c4-f011-bbd3-6045bd05fcc1	468	Karl Ménard	M	M55-59	12	5:29:06	0:43:00	0:05:47	2:56:30	0:04:16	1:39:33	FRA	
99e6ab7f-2d69-f011-bec3-6045bd05f634	469	Frédéric-Yann Heyse	M	M25-29	127	5:29:16	0:42:45	0:08:02	3:00:58	0:04:45	1:32:47	Unknown	
3f0102ee-bcce-42aa-a031-9adc5c7dc5c7	470	Valentin Borlat	M	M30-34	71	5:29:18	0:39:49	0:05:46	2:51:07	0:03:52	1:48:44	che	
f77ea856-c0d9-4432-9e2b-061ab0451539	471	Luc Viegas-Mau	M	M50-54	21	5:29:21	0:34:34	0:03:56	2:56:54	0:06:02	1:47:54	FR	
89f80782-c5b0-ef11-b8e8-000d3a5a403c	472	Sébastien Marcou	F	M30-34	72	5:29:24	0:42:29	0:06:10	2:54:12	0:03:54	1:42:40	Unknown	
01c22fa6-767a-ef11-a670-6045bd05c809	473	Florent Legoy	M	M35-39	63	5:29:24	0:39:50	0:06:31	2:53:35	0:04:30	1:44:59	FR	
05e5f31d-fb57-f011-877b-000d3a5cf7d8	474	Yohan NDOKO MATOS	M	M18-24	89	5:29:30	0:39:48	0:05:26	2:50:47	0:03:05	1:50:25	Unknown	
0a37fe24-083d-477f-9c80-8bcfc277d4a4	475	Chantal Lenhardt	F	F45-49	1	5:29:41	0:38:50	0:06:49	2:52:56	0:04:46	1:46:20	deu	
65ebb4f8-8589-f011-b4cc-6045bd09951e	476	Valentin Guenot	M	M25-29	128	5:29:53	0:39:22	0:05:39	2:54:39	0:03:55	1:46:18	FR	
f0f1fd85-ab97-f011-b4cc-000d3a3173b5	477	Mathieu Proust	M	M18-24	90	5:30:02	0:37:37	0:06:53	2:51:42	0:04:14	1:49:36	fra	
dfe77bd3-d163-f011-bec3-6045bd09951e	478	Léo Bouchet	M	M25-29	129	5:30:10	0:38:13	0:06:33	3:00:06	0:04:30	1:40:48	Unknown	
b02db11b-0958-f011-877b-000d3a5cf7d8	479	Mathis Champay	M	M18-24	91	5:30:15	0:39:01	0:05:54	2:58:54	0:04:03	1:42:22	Unknown	
ba566c8c-9689-f011-b4cc-000d3a5cf7d8	480	Nicholas Spirit	M	M30-34	73	5:30:35	0:37:57	0:06:03	2:54:48	0:04:42	1:47:04	GB	
d70abf09-e8a2-f011-bbd3-000d3a3173b5	481	Andy Gayler	M	M30-34	74	5:30:38	0:41:32	0:05:22	2:48:44	0:03:21	1:51:39	GB	
ab8ab57d-9dc3-40f9-9991-e3993ef08c7e	482	Julien Baronnier	M	M50-54	22	5:30:44	0:37:05	0:04:56	2:55:34	0:03:06	1:50:04	FR	
200243b6-efa2-f011-bbd3-6045bd09951e	483	Enzo Bourdeau	M	M30-34	75	5:30:45	0:38:16	0:06:13	3:07:49	0:04:02	1:34:24	FR	
0371e7d5-8fc2-438a-b68f-94e53eee84c5	484	Nina Bergkulla	F	F55-59	2	5:30:51	0:40:11	0:03:43	2:56:45	0:03:37	1:46:35	FIN	
26ff5f31-6683-45f8-ab90-e5fae58db37e	485	Noé Lacaille	M	M18-24	92	5:30:52	0:42:02	0:05:21	2:44:48	0:03:23	1:55:19	fra	
6b4ba9c8-b91d-4399-9322-e7cd654cf6fa	486	Paul Mason	M	M55-59	13	5:30:52	0:38:22	0:04:58	3:01:40	0:05:06	1:40:46	gbr	
d45563c7-26ad-f011-bbd3-6045bd05fcc1	487	Floris Dreesmann	M	M30-34	76	5:30:54	0:38:26	0:06:25	2:48:30	0:04:15	1:53:17	NL	
7ebd01a6-e8ad-f011-bbd3-000d3a3173b5	488	Patrick Reinhard	M	M30-34	77	5:30:57	0:47:57	0:05:09	2:47:55	0:03:18	1:46:38	NL	
fda5c8b9-da5d-491b-8221-2088acb4998e	489	Vincent Cantet	M	M55-59	14	5:30:58	0:38:40	0:06:10	2:48:55	0:06:06	1:51:07	FR	
c2ff6b14-f68b-f011-b4cc-002248098cfa	490	Anne Penkalla	F	F30-34	10	5:30:58	0:40:24	0:04:39	2:59:50	0:03:10	1:42:55	fra	
93409cb5-278a-f011-b4cc-000d3a3173b5	491	François Boulonnais	M	M18-24	93	5:30:59	0:36:51	0:06:05	2:53:00	0:03:50	1:51:13	FR	
2d8eaf44-38a4-f011-bbd3-6045bd05f634	492	Léo TRILLAT	M	M25-29	130	5:31:00	0:30:40	0:05:16	2:56:05	0:03:08	1:55:51	FR	
affcb8a2-8989-f011-b4cc-000d3a5b7c3b	493	Lucas Dallet	M	M25-29	131	5:31:00	0:40:24	0:06:19	2:54:59	0:04:21	1:44:57	fra	
7003cbc7-55be-f011-bbd3-6045bd05fcc1	494	Dario Kopp	M	M18-24	94	5:31:01	0:39:56	0:04:34	2:53:42	0:03:37	1:49:11	CHE	
19aa29a5-b2c4-f011-bbd2-0022480acf27	495	Gianmarco Ciaffone	M	M18-24	95	5:31:01	0:41:51	0:05:24	2:57:37	0:02:54	1:43:15	che	
85fef0c6-8689-f011-b4cc-0022480c097c	496	Valentin Chaudier	M	M30-34	78	5:31:02	0:42:45	0:08:41	2:48:32	0:06:13	1:44:51	FR	
4e97092e-86af-f011-bbd2-002248082f34	497	Hugo Dutertre	M	M25-29	132	5:31:11	0:35:44	0:04:58	2:50:54	0:03:09	1:56:26	FRA	
eaa1be28-6c4a-4fae-8596-6b5adf6e5029	498	Jean francois Rebeyrole	M	M60-64	5	5:31:32	0:32:24	0:04:17	2:53:58	0:04:08	1:56:46	fra	
c10c808a-528a-f011-b4cc-000d3a3173b5	499	Virgile SPENS	M	M35-39	64	5:31:42	0:39:12	0:07:22	2:57:15	0:05:26	1:42:28	FR	
b161bb81-2423-413c-9195-1bb1861e0aac	500	Frederic Giovagnini	M	M55-59	15	5:31:47	0:47:03	0:05:25	2:48:03	0:03:46	1:47:30	fra	
2e09a23f-f5bf-f011-bbd3-0022480c097c	501	Hugo Perret	M	M18-24	96	5:31:50	0:39:46	0:05:32	2:55:58	0:04:51	1:45:43	CHE	
50feca57-1b54-42d2-b375-ee68017cdba7	502	Jerome Thibaud	M	M50-54	23	5:32:06	0:41:42	0:06:00	3:02:54	0:05:13	1:36:18	FR	
426f60e0-09ab-47a1-a8c0-62cfd01326d5	503	Cynthia Dilay	F	F35-39	4	5:32:07	0:39:24	0:05:06	3:01:08	0:03:37	1:42:52	fra	
c8b04e4e-0989-f011-b4cc-000d3a5b50ba	504	Romain GARAUD	M	M35-39	65	5:32:08	0:41:24	0:06:35	2:52:00	0:03:27	1:48:42	FR	
920ad940-bec1-f011-bbd3-6045bd05fcc1	505	Matteo Ronzini	M	M30-34	79	5:32:12	0:44:42	0:07:05	2:52:07	0:03:55	1:44:23	FRA	
ca3ef526-daa1-4004-bf15-94db288051d2	506	Damien Palacci	M	M50-54	24	5:32:13	0:40:50	0:08:19	2:57:03	0:03:56	1:42:05	fra	
a08e1f21-8889-f011-b4cc-0022480a7385	507	Xavier Lambert	M	M25-29	133	5:32:20	0:42:00	0:04:50	2:55:57	0:04:32	1:45:01	fra	
3e18bdfd-6508-4a9e-8710-873bce74f560	508	Sacha Sarfati	M	M30-34	80	5:32:35	0:42:26	0:06:25	2:52:58	0:03:58	1:46:48	CH	
209298be-0658-f011-877b-6045bd05fcc1	509	Adam JACQUIN	M	M25-29	134	5:32:54	0:39:22	0:05:17	2:54:20	0:03:15	1:50:40	Unknown	
49be3f34-8c89-f011-b4cc-6045bd05fcc1	510	Gatien Masson	M	M25-29	135	5:32:56	0:44:40	0:08:07	2:47:48	0:03:55	1:48:26	FR	
6b15434d-5d79-406b-a934-aeaabbf37be0	511	Olivier Rouchausse	M	M55-59	16	5:32:59	0:41:56	0:07:56	2:56:35	0:05:34	1:40:58	FR	
133898d2-22ef-4364-aa54-cfe5b79b6339	512	Romain Chassat	M	M25-29	136	5:33:00	0:42:11	0:05:49	3:00:55	0:03:37	1:40:28	FR	
40d64655-82c1-f011-bbd3-000d3a5b50ba	513	Jonathan Bourgeois	M	M45-49	19	5:33:01	0:40:33	0:04:29	2:46:10	0:04:29	1:57:19	fra	
09c2c64e-4e92-f011-b4cc-000d3a5b7c3b	514	Vincent CAVELIER	M	M25-29	137	5:33:03	0:48:18	0:04:59	2:42:58	0:04:44	1:52:04	FR	
41ee6985-2878-f011-b4cc-6045bd05fcc1	515	William CLAESSENS	M	M25-29	138	5:33:09	0:38:42	0:07:09	3:00:46	0:05:06	1:41:26	bel	
16f2fa91-85a2-ef11-8a6a-6045bd048089	516	Alexandre Codet	M	M18-24	97	5:33:10	0:46:46	0:04:20	2:46:00	0:03:11	1:52:53	Unknown	
eda7792e-52be-f011-bbd2-000d3a5b7c3b	517	Joshua Messiaen	M	M18-24	98	5:33:16	0:38:15	0:05:35	2:48:05	0:03:48	1:57:33	FRA	
d7ba16a3-cb9e-f011-b41b-000d3a3ad8f1	518	Brieuc Bourguignat	M	M25-29	139	5:33:18	0:43:45	0:04:24	3:02:51	0:03:54	1:38:23	fra	
4510a3c5-7883-f011-b4cc-6045bd05f634	519	Antoine Cumont	M	M25-29	140	5:33:33	0:44:33	0:07:59	2:44:52	0:06:06	1:50:03	FR	
a65e3958-0c58-f011-877b-6045bd09951e	520	Kylian SEILER	M	M25-29	141	5:33:37	0:44:20	0:05:38	2:58:30	0:06:09	1:39:00	Unknown	
32a3ffdb-e284-f011-b4cc-6045bd09951e	521	Adrien Boute	M	M18-24	99	5:33:41	0:43:32	0:07:25	2:50:32	0:06:09	1:46:02	Unknown	
14397b7c-b6c5-4006-8326-d9d534506192	522	Laure Harinck	F	F25-29	9	5:33:42	0:40:43	0:05:01	2:57:41	0:05:40	1:44:38	BE	
99dfd047-6938-ef11-8409-6045bd079a13	523	Bryann Rolet	M	M30-34	81	5:33:45	0:38:26	0:07:32	2:57:08	0:03:34	1:47:06	FR	
561e79fd-c659-42e9-97db-425982c7434a	524	Bernard Muller	M	M55-59	17	5:33:49	0:37:12	0:06:59	3:05:32	0:05:22	1:38:43	fra	
f1f1de5f-9379-ef11-a670-6045bd05c809	525	Nicolas Beier	M	M18-24	100	5:33:50	0:38:29	0:05:49	2:56:43	0:06:20	1:46:30	DE	
f95b61fb-2444-449c-ad0d-2b4939e28499	526	Christophe Collet	M	M40-44	39	5:33:53	0:41:32	0:11:47	2:45:36	0:03:49	1:51:09	fra	
beb03a28-6208-ea11-a811-000d3a591f9a	527	Stephane Ingrand	M	M50-54	25	5:33:53	0:37:28	0:05:52	2:54:17	0:04:15	1:52:00	FR	
94b28fdb-7561-f011-bec3-6045bd05fcc1	528	Arthur Bellot	M	M30-34	82	5:34:07	0:37:27	0:06:16	2:58:18	0:04:24	1:47:42	fra	
6a9d2e49-743a-40fe-9547-b803994f15dc	529	Steff Luys	M	M30-34	83	5:34:12	0:40:03	0:05:52	2:45:55	0:03:43	1:58:40	bel	
e6856488-7975-f011-b4cb-000d3a5cf7d8	530	Julien Mockelyn	M	M30-34	84	5:34:13	0:44:14	0:05:19	3:01:24	0:03:44	1:39:32	FR	
3f3fff49-f8c9-f011-bbd3-000d3a35ffc1	531	Tobias Schweizer	M	M30-34	85	5:34:17	0:39:20	0:06:26	2:52:42	0:03:52	1:51:57	DEU	
f2f442af-d668-f011-bec2-0022480a7385	532	Lucas FLANDRIN	M	M25-29	142	5:34:20	0:42:15	0:07:46	2:52:33	0:04:37	1:47:10	Unknown	
859c83ce-328b-ef11-ac21-000d3a5b3d07	533	Yann Kerrien	M	M18-24	101	5:34:25	0:44:47	0:08:04	2:55:42	0:04:13	1:41:40	fra	
6f31a20b-d394-f011-b4cc-6045bd05f634	534	Célia Lamande	F	F25-29	10	5:34:27	0:38:34	0:04:57	3:01:56	0:04:00	1:44:59	FR	
10bf9043-1912-48a8-a72a-e12dfe087c73	535	Pierre Munier	M	M40-44	40	5:34:32	0:36:35	0:04:29	2:49:31	0:03:42	2:00:14	che	
9f07161d-cc03-ef11-a1fd-6045bd012ace	536	Leandro Guerra Martínez	M	M35-39	66	5:34:43	0:38:26	0:05:53	2:52:11	0:03:35	1:54:38	ES	
6fb3aa7a-da58-f011-877b-6045bd09951e	537	Paul-Henri Gounot	M	M18-24	102	5:34:49	0:45:28	0:07:59	2:48:34	0:04:02	1:48:46	FR	
cf47e6bd-d863-f011-bec3-000d3a35ffc1	538	Samuel Boghanim	M	M30-34	86	5:34:51	0:34:31	0:08:19	3:01:34	0:04:07	1:46:21	fra	
f6099bcc-cac0-f011-bbd2-7ced8d3c9f47	539	Aurélien MÉOT	M	M30-34	87	5:34:57	0:45:29	0:05:32	2:59:21	0:03:17	1:41:18	FRA	
45f036c3-3cbf-f011-bbd3-000d3a3173b5	540	sophie Traisnel	F	F25-29	11	5:35:03	0:42:16	0:05:10	2:57:26	0:03:23	1:46:49	CHE	
17239729-3137-466b-826e-61540a2cb9ff	541	Corinne Bruggmann	F	F40-44	3	5:35:03	0:34:36	0:05:19	3:01:30	0:04:35	1:49:04	CH	
44e9aa83-0394-4deb-a682-ad73c366cc97	542	Sebastien Laureys	M	M30-34	88	5:35:05	0:42:26	0:05:48	2:48:35	0:04:12	1:54:05	bel	
9908222c-8a89-f011-b4cc-0022480c097c	543	Thibaut Arpinon	M	M30-34	89	5:35:06	0:43:42	0:05:26	2:58:54	0:04:34	1:42:31	FR	
ad98617c-caf6-4f3f-ad33-a1f4fab708c6	544	Philippe BERNARD	M	M50-54	26	5:35:09	0:40:06	0:06:18	2:57:13	0:03:58	1:47:36	fra	
850a1a0d-5da0-f011-b41c-6045bd05fcc1	545	Josh Wilkinson	M	M25-29	143	5:35:12	0:40:15	0:05:15	3:10:12	0:02:45	1:36:45	GB	
5b1c6720-9b54-ed11-bba3-000d3a314d17	546	Coline Chene	F	F25-29	12	5:35:15	0:36:04	0:04:03	2:56:34	0:02:39	1:55:55	fra	
5a4d4f1d-87c6-4acb-bcc3-4003225ba11f	547	Nicolas Morel	M	M30-34	90	5:35:18	0:44:23	0:04:55	2:55:10	0:03:48	1:47:02	GB	
6bd4485b-7112-4813-a4c6-e609e423ca44	548	Alexander Slatter	M	M25-29	144	5:35:18	0:35:56	0:05:30	3:02:18	0:05:07	1:46:27	GB	
57b89f5c-8415-4192-a9ec-dea2908d476e	549	Sylvia Souillet-Désert	F	F40-44	4	5:35:23	0:41:09	0:05:04	3:03:11	0:07:15	1:38:44	FR	
7ded9b46-f080-f011-b4cc-0022480a7385	550	Louis Burignat	M	M25-29	145	5:35:24	0:38:29	0:04:38	3:01:21	0:03:29	1:47:27	FR	
6cfa3f3c-35f0-4d30-9e88-49e30491f048	551	Jean-François Ricourt	M	M55-59	18	5:35:33	0:52:40	0:05:52	2:49:52	0:04:43	1:42:26	FR	
1f93e7c5-aa8d-f011-b4cc-6045bd05fcc1	552	Julien Pluquet	M	M25-29	146	5:35:38	0:39:17	0:05:55	3:01:43	0:04:46	1:43:57	FR	
080ed4ca-9da7-f011-bbd3-000d3a5cf7d8	553	Paul Sciver	M	M30-34	91	5:35:39	0:38:47	0:05:17	3:03:13	0:03:36	1:44:46	GB	
bb855c39-5e89-f011-b4cc-0022480c097c	554	Stéphane Tondusson	M	M30-34	92	5:35:47	0:38:06	0:05:32	2:49:38	0:03:32	1:58:58	FR	
de7f720e-1299-4192-a720-5f26eb7e9842	555	Ruben Cools	M	M30-34	93	5:35:47	0:35:42	0:05:45	2:43:31	0:05:20	2:05:30	bel	
567de267-d0c6-ef11-b8e9-002248049fdc	556	Louis Boutry	M	M25-29	147	5:35:51	0:35:33	0:04:57	2:49:40	0:04:03	2:01:38	FR	
577a2376-92f4-4ad1-9298-78f6ee762500	557	Camille Cocusse	F	F18-24	7	5:35:52	0:33:25	0:05:02	2:59:04	0:02:57	1:55:24	FR	
bb839ae6-07ad-f011-bbd3-000d3a5b50ba	558	Gaëtan Rivière	M	M35-39	67	5:35:54	0:41:16	0:07:34	2:52:36	0:05:52	1:48:35	FR	
f78b32f3-bb46-f011-877a-6045bd05f634	559	Jean-Baptiste Toth	M	M30-34	94	5:35:57	0:45:06	0:06:34	2:56:15	0:04:40	1:43:22	Unknown	
f698af72-aa89-f011-b4cb-000d3a30a38f	560	CHRISTOPHE PASQUALI	M	M40-44	41	5:35:59	0:35:16	0:04:38	2:54:50	0:03:45	1:57:29	fra	
2cd4e46b-d01e-ed11-b83e-000d3a321f1f	561	Philippa Mounsey	F	F40-44	5	5:36:05	0:40:44	0:05:45	3:10:23	0:03:25	1:35:49	gbr	
c2505a13-a79c-f011-b41c-000d3a35ffc1	562	Andrew Pressner	M	M18-24	103	5:36:15	0:34:51	0:05:21	2:50:11	0:03:36	2:02:17	CH	
813b2715-4f66-f011-bec2-000d3a5cf7d8	563	Dylan Hedgecock	M	M18-24	104	5:36:15	0:36:43	0:05:44	3:06:06	0:03:51	1:43:52	GB	
4b9f1b61-d389-e911-a987-000d3a34edeb	564	Pascal Lacroix	M	M55-59	19	5:36:15	0:35:51	0:05:45	2:49:30	0:04:27	2:00:43	FRA	
43a6264b-0a3c-f011-b4cc-000d3a5b7c3b	565	Mattieu louët	M	M18-24	105	5:36:26	0:41:26	0:07:17	3:06:23	0:04:06	1:37:13	FR	
d169a529-10d3-4789-99e8-db517ae967e5	566	Antoine Roca	M	M25-29	148	5:36:32	0:44:47	0:08:12	2:56:22	0:04:50	1:42:21	FR	
29466594-8689-f011-b4cc-000d3a35ffc1	567	Vincent BEROS	F	M18-24	106	5:36:33	0:38:16	0:03:53	2:57:46	0:03:59	1:52:39	Unknown	
d697e768-4b46-4b0e-b0b7-746ccc8bc3cf	568	Patrick Le Meur	M	M65-69	1	5:36:36	0:32:13	0:04:52	3:03:50	0:05:11	1:50:30	fra	
66824e61-f2ab-f011-bbd3-000d3a5cf7d8	569	Antoine Pottier	M	M25-29	149	5:36:45	0:42:21	0:05:58	3:05:20	0:03:45	1:39:21	fra	
6ab74cd0-8689-f011-b4cc-6045bd09951e	570	Enzo Dabrowski	M	M25-29	150	5:36:45	0:40:02	0:06:59	2:57:51	0:05:40	1:46:14	FRA	
3e957796-69c5-f011-bbd3-6045bd05fcc1	571	ROBIN FROELIGER	M	M30-34	95	5:36:48	0:46:14	0:06:28	2:56:46	0:03:38	1:43:43	ita	
3033b1f5-62d4-40d5-a587-4f1dc888a608	572	Joan Salvador Escala Arnau	M	M55-59	20	5:36:51	0:49:56	0:06:07	2:52:51	0:04:11	1:43:46	esp	
237f761c-9c90-f011-b4cc-6045bd05f634	573	Sébastien Scionico	M	M30-34	96	5:36:54	0:38:34	0:07:00	3:03:50	0:04:32	1:42:58	FR	
cfcf6bae-c04b-ed11-bba1-000d3a314be4	574	Manu Imbert	M	M50-54	27	5:37:03	0:34:02	0:05:50	2:55:47	0:03:49	1:57:34	FR	
67e47a7d-6089-f011-b4cc-0022480c097c	575	Adrien Hendrickx	M	M30-34	97	5:37:09	0:56:24	0:04:48	2:50:23	0:03:24	1:42:10	CH	
a87b7bd6-36aa-446f-919f-4acfe479065c	576	Marine Hermet	F	F25-29	13	5:37:17	0:37:47	0:05:37	2:56:05	0:05:12	1:52:37	fra	
0bc8226a-a78c-f011-b4cc-000d3a5b7c3b	577	Thomas Soler	M	M25-29	151	5:37:19	0:44:01	0:05:56	3:03:48	0:04:16	1:39:18	FR	
2063bdcc-5208-40a4-94d7-c83ad2055190	578	Ines Najvirt	F	F45-49	2	5:37:20	0:41:43	0:05:51	3:01:50	0:03:53	1:44:02	CHE	
bfdf257f-369a-f011-b4cc-000d3a5b7c3b	579	Samantha Watters	F	F30-34	11	5:37:20	0:44:43	0:07:44	2:55:16	0:06:50	1:42:47	GB	
d8ca6368-1f48-4404-9a34-62b18fc16061	580	George Morgan	M	M30-34	98	5:37:34	0:34:38	0:07:24	2:55:49	0:06:50	1:52:53	GB	
58ca2ad1-9ec4-4bb9-ae67-34d02f03070f	581	Brice Vernery	M	M40-44	42	5:37:36	0:43:36	0:06:57	2:45:16	0:05:09	1:56:38	CH	
1a4dd43e-6f39-4af4-9b30-c1d446718034	582	Grégory Surieu	M	M45-49	20	5:37:41	0:41:48	0:05:12	2:59:40	0:03:28	1:47:33	fra	
ddae0e45-1978-ef11-a670-000d3a338a3c	583	Yorn Huysmans	M	M30-34	99	5:37:47	0:38:19	0:12:39	2:54:21	0:06:04	1:46:24	BE	
d8bd1a17-9d8c-f011-b4cb-000d3a5c3d6c	584	Théo POTHIER-LAMBERT	M	M18-24	107	5:37:51	0:38:18	0:07:31	2:55:45	0:06:01	1:50:17	FR	
af4272e2-b4e4-4aa6-bebe-04d56b2aecc9	585	Baptiste Hubert	M	M18-24	108	5:37:52	0:40:26	0:06:50	3:04:56	0:04:45	1:40:54	FR	
394a4bde-963e-ef11-8409-000d3a348633	586	Adam Byrne	M	M30-34	100	5:37:57	0:48:23	0:08:29	2:50:55	0:04:36	1:45:35	IE	
64422e6b-1875-ef11-a670-6045bd05c1dc	587	Maxime Girard	M	M25-29	152	5:38:00	0:44:03	0:04:42	3:00:41	0:03:55	1:44:39	fra	
7c24347b-21f6-445a-9968-c8674730697d	588	Stephan Weyers	M	M50-54	28	5:38:04	0:41:03	0:06:59	2:57:11	0:04:37	1:48:12	US	
348b33b4-328a-f011-b4cc-000d3a5b7c3b	589	Adrian Bardisa Serrano	M	M25-29	153	5:38:13	0:32:18	0:05:02	3:00:16	0:04:52	1:55:45	esp	
b045fb4f-8a89-f011-b4cc-0022480c097c	590	Andriollo Arthur	M	M25-29	154	5:38:20	0:42:24	0:05:53	3:03:58	0:03:35	1:42:30	fra	
070ee5a7-ea8a-f011-b4cc-000d3a5b50ba	591	Jeremy Vanelle	M	M25-29	155	5:38:30	0:46:17	0:07:19	2:50:35	0:04:15	1:50:04	fra	
8b023864-d289-f011-b4cc-6045bd05f634	592	Ted Lucas	M	M25-29	156	5:38:34	0:40:50	0:05:32	3:02:38	0:03:43	1:45:51	FR	
be401c2a-a8a0-f011-b41c-000d3a3173b5	593	Adrien Dupel-Bertaux	M	M18-24	109	5:38:35	0:38:05	0:05:42	3:08:34	0:03:41	1:42:32	FRA	
ceb074e9-08eb-4f3d-85c1-4504669b4486	594	Fabrice Caffo	M	M45-49	21	5:38:43	0:39:04	0:05:17	2:54:17	0:04:03	1:56:02	FR	
7af38897-a56f-ef11-a671-00224808301f	595	Dimitri Bordet	M	M30-34	101	5:38:46	0:39:12	0:06:30	2:56:24	0:04:41	1:51:58	FR	
c59b8862-8c9e-f011-b41c-0022480c097c	596	theo Frachon	M	M18-24	110	5:38:53	0:38:26	0:06:10	2:56:04	0:04:03	1:54:11	fra	
fbfca88f-b48c-4a48-8c6c-a3f80edf9ee8	597	Pepe Letts	M	M55-59	21	5:39:02	0:33:03	0:07:51	3:00:33	0:04:39	1:52:57	esp	
695b805a-c203-4f32-9dea-1ff547adffb5	598	Madeleine Schwedes	F	F40-44	6	5:39:03	0:37:26	0:06:24	3:03:20	0:05:10	1:46:43	deu	
176e9f79-2ca9-f011-bbd3-6045bd09951e	599	Aurélien Jérôme	M	M25-29	157	5:39:07	0:41:07	0:05:09	2:58:49	0:03:55	1:50:08	BE	
8313b5a2-1d5b-f011-bec2-6045bd05fcc1	600	Gregory Slock	M	M25-29	158	5:39:14	0:43:29	0:09:49	2:42:08	0:05:52	1:57:56	bel	
154ed924-5348-497c-a83e-9591a296d8ff	601	Charles Philippe	M	M30-34	102	5:39:15	0:44:18	0:08:55	2:42:28	0:05:48	1:57:45	FR	
950c0bac-e02f-4066-a21f-e9a3508d5449	602	Camille Dougoud	F	F40-44	7	5:39:16	0:50:22	0:05:22	3:05:02	0:04:03	1:34:27	fra	
f238d827-d6af-40e8-a0e4-4fd28bb58b98	603	Léa Cambournac	F	F30-34	12	5:39:18	0:33:20	0:05:00	3:06:26	0:03:04	1:51:29	CH	
204e1e1b-4d95-f011-b4cc-000d3a5cf7d8	604	Matéo Kasrashvili	M	M18-24	111	5:39:22	0:39:53	0:07:04	2:58:59	0:05:27	1:47:59	fra	
1199f0ef-5ea4-f011-bbd3-000d3a5cf7d8	605	Hugo Landrieux	M	M25-29	159	5:39:35	0:41:36	0:05:38	2:59:26	0:02:45	1:50:10	FR	
e6808bf9-826d-f011-bec3-000d3a5b50ba	606	Simon Ollivier	M	M25-29	160	5:39:41	0:45:54	0:07:05	2:56:54	0:05:27	1:44:22	FR	
ab26393d-d492-48b7-a36a-bf62051f248c	607	Adam Špiroch	M	M18-24	112	5:39:45	0:42:50	0:07:13	2:59:40	0:03:35	1:46:26	cze	
c596fdf0-ef96-ef11-8a6a-000d3a5a1803	608	Eugenio Malacarne	M	M40-44	43	5:39:52	0:39:52	0:08:28	2:48:38	0:05:13	1:57:40	ita	
f401203e-ab89-f011-b4cc-000d3a3173b5	609	Morgan Fieuw	M	M30-34	103	5:39:53	0:37:41	0:05:29	2:53:30	0:04:35	1:58:38	BE	
0f25abdd-05f6-45c4-9bc9-426a2baefff2	610	Antoine Cantet	M	M25-29	161	5:39:57	0:34:34	0:06:48	3:06:11	0:04:28	1:47:55	FR	
8b52d576-fb4a-ed11-bba1-000d3a31458d	611	Sébastien Gallon	M	M40-44	44	5:39:57	0:39:07	0:06:22	2:56:23	0:03:39	1:54:26	fra	
efb7fe6f-ed5b-40db-94b0-f75490116cba	612	Michiel Broekhuizen	M	M35-39	68	5:40:01	0:31:53	0:05:56	3:01:18	0:02:56	1:57:57	NL	
d5a716ce-968a-f011-b4cc-000d3a3173b5	613	Jordan Mourey	M	M30-34	104	5:40:10	0:44:18	0:06:21	2:59:41	0:03:39	1:46:11	FR	
004d2e94-bbad-f011-bbd3-000d3a5b50ba	614	DORIAN PAILLOT	M	M18-24	113	5:40:11	0:42:01	0:05:22	3:20:21	0:04:05	1:28:22	fra	
495c73e4-3ace-41ba-a073-b3b4736f6a0a	615	Benjamin Dupont	M	M35-39	69	5:40:23	0:44:00	0:05:34	2:55:11	0:04:43	1:50:56	fra	
e6927ead-0858-f011-877b-6045bd09951e	616	Jean-Baptiste DOHET	M	M35-39	70	5:40:24	0:41:33	0:06:29	2:59:52	0:04:23	1:48:08	fra	
265b2030-8597-f011-b4cc-000d3a5b7c3b	617	Maxence Bouley	M	M18-24	114	5:40:44	0:45:12	0:07:49	3:01:29	0:05:14	1:41:00	FRA	
73177d5a-7389-f011-b4cc-000d3a5b7c3b	618	Tom FERRARI	M	M25-29	162	5:40:58	0:37:37	0:05:41	3:03:21	0:04:08	1:50:10	FR	
0aeac048-8989-f011-b4cc-6045bd05fcc1	619	Antoine BUCHON	M	M25-29	163	5:41:00	0:46:05	0:06:57	2:54:42	0:05:54	1:47:22	FR	
d84d08ef-4ba0-f011-b41c-0022480c097c	620	Robbe De Wulf	M	M25-29	164	5:41:13	0:41:32	0:04:36	3:00:51	0:03:30	1:50:44	BE	
129c0214-9c89-f011-b4cc-6045bd05fcc1	621	Axel MAYOUE	M	M18-24	115	5:41:16	0:48:34	0:07:08	2:51:37	0:04:18	1:49:39	FR	
fbabf793-db9a-f011-b4cc-0022480a7385	622	Nicolas CHARTIER	M	M30-34	105	5:41:19	0:36:05	0:08:14	2:54:37	0:06:04	1:56:18	FR	
c44f2a26-d793-f011-b4cc-000d3a35ffc1	623	Ben Jansen	M	M18-24	116	5:41:21	0:33:31	0:05:31	3:02:04	0:06:28	1:53:47	GB	
705117d7-8b89-f011-b4cc-000d3a35ffc1	624	Maverick BRUNEL	M	M30-34	106	5:41:31	0:43:00	0:06:28	2:57:11	0:04:49	1:50:03	FR	
1ff86c73-d79b-f011-b41c-000d3a35ffc1	625	Ágoston Király	M	M18-24	117	5:41:31	0:33:44	0:07:11	3:04:39	0:04:26	1:51:32	HU	
793adcff-c392-f011-b4cc-000d3a5c3d6c	626	Rachele Bonzanini	F	F18-24	8	5:41:39	0:42:19	0:05:24	2:54:48	0:04:41	1:54:26	IT	
a0a158f2-1d74-f011-bec2-0022480a7385	627	Martin Bosshart	M	M45-49	22	5:41:46	0:40:17	0:04:58	2:56:48	0:03:48	1:55:55	CHE	
55a36386-0fe3-ef11-8ee9-000d3a592251	628	James Duffy	M	M18-24	118	5:41:48	0:45:13	0:05:54	3:02:34	0:04:09	1:43:59	GBR	
78498b70-11c0-f011-bbd3-6045bd05f634	629	Teddy De Praeter	M	M35-39	71	5:41:55	0:41:13	0:05:35	2:58:56	0:02:58	1:53:13	fra	
17d9d990-729d-4ea5-8159-3f9bb9c154c3	630	Nathalie Rebeyrole	F	F50-54	1	5:41:57	0:41:03	0:04:50	3:03:59	0:04:36	1:47:30	fra	
a99afc99-0a58-f011-877b-0022480a7385	631	Yannick DAUTEL	M	M50-54	29	5:41:57	0:36:09	0:07:10	2:52:03	0:05:47	2:00:48	Unknown	
06b6fe0a-9789-f011-b4cc-000d3a5cf7d8	632	Virgili Maxime	M	M25-29	165	5:42:28	0:45:52	0:07:42	2:50:38	0:06:35	1:51:42	FR	
2a023165-d6e8-4b7e-9a58-de6412e96e33	633	Elsa Mondou	F	M50-54	30	5:42:29	0:39:29	0:05:03	2:56:31	0:04:29	1:56:57	FR	
d6f1443b-9fe2-f011-8544-000d3a5cf7d8	634	ines magnac	F	F25-29	14	5:42:33	0:42:10	0:06:56	3:05:38	0:05:14	1:42:35	FRA	
8f688ca0-76d5-490d-939e-5fa443787321	635	Gauthier Deveaud	M	M25-29	166	5:42:35	0:35:14	0:04:36	3:05:29	0:03:52	1:53:25	Unknown	
ff83ceb9-f2ad-f011-bbd3-000d3a5b7c3b	636	Jérémy Riou	M	M25-29	167	5:42:35	0:42:58	0:07:07	3:00:17	0:04:12	1:48:01	FR	
f71ad42a-7efe-486f-b8ad-276e5bdb9c1d	637	Tristan Schalk	M	M35-39	72	5:42:47	0:45:37	0:05:57	2:59:38	0:03:08	1:48:27	fra	
bd941ecf-8220-ee11-9cbe-000d3a314d17	638	Cedric Chambaudry	M	M40-44	45	5:42:50	0:38:01	0:04:54	3:03:51	0:05:36	1:50:28	fra	
c9c2ba30-33b3-4c09-9cad-ef661c4761ec	639	Thibault DENIS	M	M30-34	107	5:42:50	0:39:50	0:07:54	3:12:11	0:05:57	1:36:58	fra	
77c5690e-1158-f011-877b-000d3a5b50ba	640	Malik Hammouche	M	M35-39	73	5:42:51	0:45:02	0:07:59	2:57:15	0:05:18	1:47:17	fra	
0854a8c5-7701-44b4-ba81-3ae245a0b9ad	641	Jonathan Merceron	M	M40-44	46	5:42:52	0:39:28	0:05:59	3:02:42	0:04:59	1:49:46	FR	
cdbd974b-abc8-f011-bbd3-000d3a5b50ba	642	Sean Culligan	M	M25-29	168	5:42:56	0:48:31	0:07:19	3:07:01	0:05:38	1:34:26	fra	
e15030ba-9e49-ef11-a317-6045bd059155	643	Margot Sauvage	F	F30-34	13	5:42:57	0:37:50	0:05:48	3:00:24	0:06:01	1:52:54	FR	
af183e59-e09b-f011-b41c-000d3a35ffc1	644	Clement Leonard	M	M25-29	169	5:42:57	0:33:06	0:05:06	3:14:03	0:04:29	1:46:12	fra	
0f1e7b64-938c-44b9-b5cf-b10caa06c62d	645	Paul Breeze	M	M60-64	6	5:43:05	0:40:58	0:07:35	2:58:45	0:05:09	1:50:38	GB	
37c7d930-3aa4-4d52-b645-90f62b531d78	646	Oriane Joz-Roland	F	F18-24	9	5:43:06	0:37:34	0:04:31	3:18:26	0:03:11	1:39:24	CH	
362076ac-8171-f011-bec2-000d3a5cf7d8	647	Joseph Perret	M	M18-24	119	5:43:12	0:43:03	0:06:28	2:48:16	0:04:00	2:01:25	FRA	
39f0ec3b-4e89-f011-b4cc-000d3a5cf7d8	648	Alexandre Hage	M	M30-34	108	5:43:16	0:40:07	0:08:32	3:07:08	0:05:02	1:42:27	FR	
5a2f6135-4a43-4ea4-819e-74b9734bdcd4	649	Christophe Borie	M	M18-24	120	5:43:22	0:39:00	0:06:13	3:02:43	0:06:15	1:49:10	FR	
1671b050-daba-ef11-b8e9-000d3a3126fd	650	Theo Tournel	M	M25-29	170	5:43:30	0:40:04	0:04:25	2:59:47	0:04:00	1:55:13	FRA	
fd1d60bc-585e-f011-bec2-0022480a7385	651	Corteggiani Benoit	M	M18-24	121	5:43:34	0:37:25	0:04:47	2:54:45	0:05:50	2:00:48	fra	
3987ded0-e9ab-4364-bdc3-7c6110c10a23	652	Arthur Maillet	M	M18-24	122	5:43:41	0:42:13	0:04:47	2:52:51	0:05:03	1:58:46	FR	
a5f0f149-0fbf-f011-bbd3-000d3a3173b5	653	Daniel BERRETTA FERRAO	M	M35-39	74	5:43:46	0:45:22	0:05:55	3:00:01	0:03:20	1:49:08	FRA	
8dcc484f-6ce5-4595-b8d0-1d7b338bbf99	654	Daniel Pérez Bravo	M	M30-34	109	5:43:51	0:47:02	0:07:45	3:00:42	0:04:26	1:43:54	ESP	
447f8b08-cf7b-4e8b-83c0-856f5b58a60a	655	Hervé Dupont	M	M55-59	22	5:43:56	0:38:52	0:06:19	2:50:55	0:05:24	2:02:26	fra	
38020dcd-1971-ef11-a670-00224804138a	656	Vincent Delabie	M	M40-44	47	5:43:57	0:51:41	0:08:03	2:58:20	0:05:51	1:40:03	BE	
6869cd8f-b875-ef11-a670-000d3a33bf80	657	Joan Lyczak	M	M25-29	171	5:44:12	0:36:43	0:06:59	3:24:12	0:06:16	1:30:02	fra	
f11636f6-349d-f011-b41b-000d3a5a5dc2	658	Tristan Smeesters	M	M25-29	172	5:44:25	0:39:30	0:07:07	3:03:35	0:04:32	1:49:42	BE	
ca15c4cf-f492-4882-83d4-40e0694797e5	659	Christina Gehrlein	F	F40-44	8	5:44:27	0:42:42	0:06:24	3:03:38	0:03:42	1:48:01	fra	
3fc71340-0c9f-f011-b41c-000d3a3173b5	660	Adrien Chabert	M	M30-34	110	5:44:30	0:34:10	0:04:36	2:56:55	0:03:36	2:05:13	CH	
262ac9f9-88b9-43c0-b1bf-156c34dd5e11	661	Marie Karine Dulau	F	F55-59	3	5:44:32	0:38:20	0:07:19	3:10:18	0:06:54	1:41:40	FRA	
dd165e1f-e1a2-f011-bbd3-000d3a5cf7d8	662	Valentin Curth	M	M25-29	173	5:44:40	0:45:17	0:06:07	3:03:01	0:05:23	1:44:51	FR	
013240b7-9289-f011-b4cc-000d3a5cf7d8	663	Victor Dubien	M	M25-29	174	5:44:59	0:43:32	0:05:49	3:02:44	0:03:50	1:49:04	che	
a2c47b1a-61b3-f011-bbd3-000d3a5b50ba	664	Romain Durieux	M	M25-29	175	5:45:02	0:41:46	0:07:03	2:58:44	0:03:26	1:54:04	FRA	
45a97ea4-0494-f011-b4cb-002248098cfa	665	Fons Tanghe	M	M30-34	111	5:45:05	0:43:33	0:05:03	3:00:46	0:04:46	1:50:56	BE	
d7b0dcb5-87d1-ef11-8ee9-000d3a5ae96c	666	François MARION	M	M25-29	176	5:45:06	0:45:48	0:05:14	2:57:30	0:04:14	1:52:22	Unknown	
20b076b1-0558-f011-877b-6045bd09951e	667	Lubin Duclos	M	M18-24	123	5:45:14	0:38:48	0:04:57	2:55:42	0:03:17	2:02:31	fra	
01e2e1f1-9e9c-f011-b41c-000d3a5b50ba	668	Timo Meienberg	M	M18-24	124	5:45:22	0:49:07	0:05:39	2:51:22	0:04:43	1:54:31	CH	
bfb17716-fefc-41eb-aefa-81e24059a7e7	669	Aurélien Guisgand	M	M35-39	75	5:45:26	0:49:26	0:06:31	2:58:31	0:03:48	1:47:10	FR	
37959ed4-d96e-f011-bec3-000d3a5b50ba	670	Caroline Burlacot	F	F30-34	14	5:45:30	0:47:23	0:04:54	3:09:15	0:03:29	1:40:29		
9a7a5931-86ab-f011-bbd3-000d3a3173b5	671	Max LERAULT	M	M18-24	125	5:45:33	0:48:31	0:05:55	2:53:57	0:04:56	1:52:13	FR	
8dcb54d7-c8fa-48e3-aedd-5b4c4899466d	672	Jean-Marc Bertolo	M	M70-74	2	5:45:38	0:36:57	0:05:11	3:03:57	0:05:11	1:54:22	Unknown	
fb7ddc59-a59a-f011-b4cc-6045bd05f634	673	Anthony Francequin	M	M35-39	76	5:45:39	0:40:44	0:07:37	3:12:15	0:04:17	1:40:45	che	
00ab57a1-d7bf-f011-bbd3-6045bd09951e	674	Matteo Pham van sam	M	M25-29	177	5:45:40	0:43:03	0:06:55	2:59:42	0:05:47	1:50:13	FRA	
a32f4f45-bbe7-48ce-a724-7e420a989b2c	675	Damien Mas	M	M40-44	48	5:45:49	0:45:47	0:06:30	2:48:25	0:04:40	2:00:27	FR	
d6294094-e61f-49c2-87ca-5100911c2b1a	676	Ian Hervoir	M	M30-34	112	5:45:56	0:45:01	0:06:10	3:10:12	0:02:53	1:41:40	FR	
b2a9d596-62c2-f011-bbd3-000d3a3173b5	677	Simon Moreau	M	M25-29	178	5:46:02	0:41:45	0:09:05	3:07:11	0:05:05	1:42:57	FRA	
9a96680c-5d8f-409a-b872-5e4ee50eaf9e	678	Flavien Bobet	M	M50-54	31	5:46:04	0:45:43	0:06:36	2:58:18	0:04:46	1:50:41	fra	
83f189c5-1858-f011-877b-6045bd05fcc1	679	Raphaël Sert	M	M35-39	77	5:46:06	0:38:45	0:11:09	3:13:02	0:04:28	1:38:41	che	
477d97ab-0501-4de4-831e-818b4bfa3bae	680	Erwan Porcher	M	M50-54	32	5:46:11	0:37:40	0:06:17	3:03:03	0:04:38	1:54:32	FR	
8ac68ec5-1158-f011-bec1-000d3a5942b7	680	Romain Joffrin	M	M30-34	113	5:46:11	0:44:23	0:05:18	3:01:47	0:04:31	1:50:12	Unknown	
ac43d4f3-3ba9-f011-bbd3-000d3a5b7c3b	682	Mathieu DESENZANI	M	M35-39	78	5:46:11	0:40:08	0:07:23	2:55:26	0:06:23	1:56:51	fra	
05612baa-84b6-f011-bbd3-000d3a5b50ba	683	Jack Colbert	M	M25-29	179	5:46:14	0:47:17	0:05:47	2:57:50	0:03:43	1:51:37	GBR	
9622ad08-309f-4d62-b16b-d2ee2795b5c7	684	Rebecca Slade	F	F25-29	15	5:46:15	0:38:23	0:07:27	2:58:59	0:06:08	1:55:18	che	
99a910d7-459a-f011-b4cc-0022480a7385	685	Tobren Martens	M	M25-29	180	5:46:16	0:46:41	0:07:51	2:54:18	0:05:08	1:52:17	BE	
520e3ed5-b4a9-f011-bbd3-6045bd05fcc1	686	theo ondet	M	M18-24	126	5:46:19	0:49:03	0:07:03	2:54:12	0:05:57	1:50:04	FR	
54cdd184-7b1c-4f29-b923-2f97c4b575fd	687	Johanna Tokola	F	F40-44	9	5:46:22	0:41:10	0:04:49	3:07:00	0:04:01	1:49:21	FI	
6efe0e05-af89-f011-b4cc-000d3a5b7c3b	688	Melvin JOUIN	M	M18-24	127	5:46:24	0:38:30	0:07:19	3:04:03	0:05:04	1:51:30	fra	
b4e98d8c-fa99-f011-b4cc-6045bd05fcc1	689	Engelbert Luschberger	M	M70-74	3	5:46:30	0:34:31	0:05:23	2:59:58	0:03:47	2:02:51	FR	
95f01f29-5a9d-f011-b41c-000d3a5b7c3b	690	Thomas MORLAT	M	M25-29	181	5:46:33	0:40:47	0:08:22	3:01:03	0:07:42	1:48:39	FR	
3829a7ad-6b07-49e3-afc9-2f8535426d16	691	Gauthier Durand	M	M35-39	79	5:46:35	0:47:54	0:05:54	2:56:21	0:03:50	1:52:36	FRA	
b49006a8-1492-f011-b4cc-000d3a35ffc1	692	Simon Tilly	M	M30-34	114	5:46:37	0:40:28	0:07:19	3:06:59	0:05:56	1:45:56	FR	
9d3d94e4-8e41-402f-a819-3caf42b3b763	693	Louise Réau	F	F18-24	10	5:46:39	0:41:03	0:04:45	3:02:48	0:03:13	1:54:51	FR	
9909efdd-e296-4b3f-a763-352feef2ddc3	694	Johanna Brunet	F	F25-29	16	5:46:42	0:38:42	0:05:19	2:54:42	0:04:20	2:03:39	fra	
1c0cb1f5-8789-f011-b4cc-000d3a5b7c3b	695	Matthieu Claudel	M	M25-29	182	5:46:45	0:37:19	0:05:02	2:55:07	0:03:01	2:06:16	FR	
4c2ce7d8-528c-45aa-999e-9393502fbca8	696	Nico Dejonckheere	M	M45-49	23	5:46:45	0:36:01	0:05:55	2:57:59	0:06:51	1:59:59	bel	
8506995a-6f56-4dd5-8240-de7a8e58596e	697	Silvère Hugon	M	M25-29	183	5:46:46	0:47:57	0:05:57	2:58:19	0:04:56	1:49:36	FR	
57c5109d-99b1-f011-bbd3-000d3a5b50ba	698	Winne Vanavermaete	M	M18-24	128	5:46:47	0:34:54	0:08:56	3:00:55	0:06:39	1:55:24	BEL	
bfc9839b-da3d-ef11-8409-000d3a348633	699	Bram Verschelde	M	M30-34	115	5:46:49	0:32:13	0:07:28	3:12:28	0:05:34	1:49:07	BE	
a909fb03-9e05-f011-bae1-6045bd05fcc1	700	Quentin Gatineau	M	M35-39	80	5:46:54	0:44:27	0:07:29	3:02:46	0:04:08	1:48:03	FR	
51bd5ff8-b4aa-49d1-a62d-a683ebcb952d	701	Flavien Baillargeau	M	M30-34	116	5:46:59	0:42:53	0:05:06	3:09:56	0:03:52	1:45:11	FR	
96ff5258-92b2-f011-bbd3-6045bd09951e	702	Adrien Bardou	M	M25-29	184	5:47:05	0:42:36	0:07:11	2:47:33	0:05:41	2:04:04	FRA	
ac53954c-91c1-f011-bbd2-000d3a370b81	703	QUENTIN CIRA	M	M30-34	117	5:47:09	0:44:07	0:05:17	3:09:35	0:03:45	1:44:24	fra	
34e696ce-d0af-ef11-b8e9-002248049fdc	704	Julien Mouchot	M	M18-24	129	5:47:19	0:41:23	0:05:31	3:06:10	0:05:16	1:49:00	fra	
334183b1-d990-f011-b4cc-000d3a5cf7d8	705	Thomas MATHIS	M	M25-29	185	5:47:20	0:42:09	0:06:10	3:02:43	0:06:10	1:50:09	FR	
cdeb4d60-bc5c-f011-bec2-000d3a3173b5	706	Laurent Dutour	M	M30-34	118	5:47:24	0:41:56	0:07:45	3:13:21	0:04:34	1:39:48	che	
7711ce49-63af-f011-bbd3-0022480c097c	707	Jérémie Lorinet	M	M18-24	130	5:47:28	0:40:32	0:05:27	3:01:38	0:03:50	1:56:02	FRA	
02cbbe01-d776-ef11-a670-000d3a3abe22	708	Emilien Bercot	M	M25-29	186	5:47:33	0:45:57	0:04:27	2:58:05	0:04:03	1:55:01	FR	
a1b745bd-c3bf-f011-bbd3-6045bd05f634	709	Sophie Morgan	F	F30-34	15	5:47:43	0:42:42	0:06:14	3:01:43	0:04:37	1:52:28	GBR	
a7e1223f-79c3-ef11-b8e9-002248049fdc	710	Manoha Jérémie	M	M18-24	131	5:47:53	0:44:07	0:04:51	3:02:59	0:03:32	1:52:23	fra	
3a187168-eda6-43b7-82db-05af432d8c1f	711	Matthieu Muscari	M	M35-39	81	5:47:55	0:38:40	0:05:47	3:12:11	0:04:04	1:47:13	FR	
a7474f78-f04a-f011-8779-0022480c097c	712	Alexandre Collet	M	M30-34	119	5:47:58	0:41:15	0:06:05	3:02:22	0:06:04	1:52:12	fra	
164401c3-8272-ef11-a671-000d3a37be46	713	Valentin Pierre	M	M30-34	120	5:48:08	0:46:56	0:05:49	3:03:07	0:04:18	1:47:59	fra	
75c4ca6e-65ac-f011-bbd3-000d3a5b50ba	714	Matyas Milcsak	M	M18-24	132	5:48:15	0:39:17	0:05:30	3:02:46	0:03:36	1:57:06	CHE	
db4af073-5f8b-f011-b4cc-000d3a5cf7d8	715	Alexandre LAVILLE	M	M18-24	133	5:48:23	0:40:23	0:07:53	3:01:41	0:05:37	1:52:49	FR	
ba9e1abb-3d5e-f011-bec2-0022480a7385	716	Remy Cornee	M	M25-29	187	5:48:24	0:36:59	0:08:17	3:08:01	0:04:08	1:50:59	Unknown	
63879638-f992-f011-b4cc-6045bd05fcc1	717	Katia Chopard	F	F45-49	3	5:48:41	0:43:00	0:05:30	3:08:48	0:03:35	1:47:48	FRA	
23f79a49-7f54-4f5d-b9d1-d70cf6e69f19	718	Emmanuel Leroux	M	M50-54	33	5:48:43	0:39:51	0:06:52	3:04:34	0:05:04	1:52:22	FR	
21f6e478-acec-ef11-9342-6045bd018d16	719	Marie Aubry	F	F30-34	16	5:48:52	0:40:04	0:05:16	3:07:33	0:04:13	1:51:46	fra	
5d1d5acb-9eb4-ef11-b8e9-000d3a3126fd	720	Tom De Baecke	M	M35-39	82	5:48:54	0:37:38	0:06:55	2:55:09	0:06:38	2:02:34	bel	
6a637f44-e088-f011-b4cc-6045bd05f634	721	robin LOISEAU	M	M25-29	188	5:49:01	0:41:48	0:05:47	2:59:23	0:04:27	1:57:35	fra	
6efb889c-318e-f011-b4cc-0022480a7385	722	Desomberg Antoine	M	M30-34	121	5:49:07	0:45:07	0:05:56	2:55:28	0:05:03	1:57:34	fra	
c08f0508-4387-f011-b4cc-000d3a5cf7d8	723	Evan brice	M	M25-29	189	5:49:07	0:43:14	0:05:53	2:58:00	0:04:54	1:57:05	fra	
fd70d48e-bb96-ef11-8a6a-000d3a59a9a1	724	Maeva Massard	F	F25-29	17	5:49:14	0:41:19	0:04:41	3:07:46	0:03:53	1:51:35	FR	
c542447a-e2ac-f011-bbd3-000d3a5b7c3b	725	Ernst van Elden	M	M18-24	134	5:49:15	0:42:27	0:08:28	3:06:33	0:06:47	1:45:00	NLD	
0c7c2f6e-4fbb-f011-bbd3-000d3a5cf7d8	726	Jonathan Tavernier	M	M30-34	122	5:49:15	0:44:22	0:06:29	3:03:21	0:04:50	1:50:13	BEL	
4653b1ed-0e90-f011-b4cc-002248098cfa	727	THEO Chagnon	M	M25-29	190	5:49:16	0:46:29	0:05:54	3:08:59	0:04:29	1:43:26	FR	
b9b51ed4-f955-4605-bd93-52014f255be1	728	Norbert Tesch	M	M65-69	2	5:49:22	0:47:12	0:06:11	3:03:12	0:05:30	1:47:16	DE	
76d785e1-0558-f011-877a-002248098cfa	729	Quentin MEYER	M	M30-34	123	5:49:25	0:52:16	0:06:01	2:59:39	0:04:13	1:47:16	fra	
88776cb8-8689-f011-b4cc-000d3a3173b5	730	Niels DONADIEU	M	M30-34	124	5:49:33	0:44:26	0:07:52	2:58:32	0:05:05	1:53:38	fra	
3ceff0bb-dba1-4150-ac72-24a782b60703	731	Morgane Meylan	F	F25-29	18	5:49:47	0:43:20	0:05:38	3:09:18	0:04:24	1:47:06	CH	
a1730330-4b47-4996-846f-f8593ef4deee	732	Fabien Rambeaud	M	M50-54	34	5:49:48	0:41:54	0:04:54	2:57:00	0:04:34	2:01:27	Unknown	
3b8bbd09-5931-47ad-9796-7d5fb6aa4037	733	Yann Marechal	M	M35-39	83	5:49:49	0:46:10	0:06:10	3:10:51	0:04:06	1:42:32	Unknown	
51be2788-9090-f011-b4cc-6045bd05fcc1	734	Nadja Lewandowski	F	F30-34	17	5:49:57	0:42:36	0:08:32	2:54:14	0:06:49	1:57:46	CH	
f73b88b2-2e8b-f011-b4cc-000d3a3173b5	735	Vincent Vanello	M	M30-34	125	5:50:05	0:38:56	0:05:45	3:03:36	0:04:19	1:57:31	FR	
9ef33bac-b529-ef11-840a-6045bd0953ac	736	Romain Moortgat	M	M35-39	84	5:50:08	0:37:53	0:05:49	2:49:08	0:04:57	2:12:20	FR	
dae21350-f9e5-ef11-8ee9-000d3a592251	737	Vincent Morin	M	M45-49	24	5:50:10	0:38:29	0:05:35	3:02:32	0:05:14	1:58:20	fra	
17ea5e15-a085-f111-ab0f-70a8a5b19cbc	738	Laura Ruoppa	F	F30-34	18	5:50:13	0:38:58	0:05:33	3:05:11	0:03:47	1:56:44	FIN	
b1776e2c-5b52-4c8c-8628-cfe6953fe088	739	Johan Crouzet	M	M30-34	126	5:50:31	0:37:53	0:05:56	2:56:42	0:06:35	2:03:25	FR	
6594044f-fbbf-f011-bbd3-6045bd09951e	740	Kris Messelier	M	M55-59	23	5:50:34	0:44:36	0:07:47	2:59:44	0:06:21	1:52:05	BEL	
b03d1a87-2d88-f011-b4cb-000d3a3af988	741	Joakim Moss	M	M25-29	191	5:50:37	0:50:09	0:07:24	3:01:10	0:03:49	1:48:05	nor	
78f455d8-dec3-f011-bbd3-000d3a5b50ba	742	Louis CRÉPIN	M	M18-24	135	5:50:37	0:49:17	0:05:14	2:52:21	0:03:29	2:00:16	FRA	
7da10024-3c22-4479-8095-8e2314412709	743	Michael Van Der Gucht	M	M65-69	3	5:50:37	0:44:04	0:07:51	2:59:35	0:04:21	1:54:46	BE	
a8a62db6-ade5-ef11-8eea-6045bd088264	744	Thomas Grenier	M	F30-34	19	5:50:39	0:43:33	0:07:25	2:54:54	0:03:46	2:01:02	BE	
f42f0eb7-0099-ef11-8a6a-002248049fdc	745	Guillaume Casterman	M	M25-29	192	5:50:51	0:49:01	0:07:58	2:47:23	0:03:58	2:02:30	bel	
0b31ce35-52cc-4ad1-adee-d9594dfffd83	746	Bernard Baudry	M	M65-69	4	5:50:57	0:37:09	0:07:51	3:05:39	0:08:56	1:51:23	FR	
628453e0-349d-f011-b41c-000d3a3173b5	747	Bastien Fourneau	M	M30-34	127	5:50:59	0:34:01	0:07:57	3:02:26	0:07:11	1:59:25	BE	
ff7b07d1-b598-f011-b4cc-0022480a7385	748	Nicolas Merlin	M	M18-24	136	5:51:01	0:40:06	0:07:10	3:05:59	0:03:50	1:53:56	FR	
ae8ee357-8a89-f011-b4cc-6045bd09951e	749	Arthur Arondel	M	M18-24	137	5:51:03	0:55:29	0:06:08	2:53:50	0:04:03	1:51:34	fra	
bc792dcd-cbc3-4eff-a03f-06b2ecfeb7ad	750	Théo Bruhat	M	M25-29	193	5:51:08	0:38:42	0:05:23	3:01:24	0:03:34	2:02:06	FR	
84d0a812-c6c6-f011-bbd3-000d3a35ffc1	751	Alix Bongars de Vaudeleau	M	M18-24	138	5:51:36	0:41:17	0:05:09	3:02:23	0:05:22	1:57:25	FRA	
ef442c33-9cf0-ef11-9341-6045bd05011a	752	tom edington		M40-44	49	5:51:47	0:40:12	0:05:50	3:12:31	0:08:39	1:44:34	GB	
e4d4d36a-448a-f011-b4cb-000d3a30a38f	753	Gaël Morand	M	M25-29	194	5:51:47	0:49:59	0:08:11	3:00:18	0:03:29	1:49:50	fra	
e8099a64-ee5f-f011-bec3-000d3a35ffc1	754	Gaspard Milet	M	M18-24	139	5:51:53	0:41:43	0:08:24	3:11:17	0:05:57	1:44:32	FR	
b6f15dc9-6683-4391-8f27-dbe95ff6c582	755	Arnaud Privat	M	M40-44	50	5:51:59	0:44:57	0:06:51	2:57:31	0:03:40	1:58:59	Unknown	
527b85e2-c6c7-f011-bbd3-6045bd05fcc1	756	Baptiste Giraud	M	M25-29	195	5:52:03	0:47:27	0:06:30	2:59:08	0:06:32	1:52:27	FRA	
64978528-15ad-f011-bbd3-000d3a5cf7d8	757	Mathis Dubau	M	M25-29	196	5:52:07	0:45:16	0:09:30	2:58:50	0:06:00	1:52:31	FR	
5ff2eba1-ca90-f011-b4cb-002248098cfa	758	Maxime Lamy	M	M35-39	85	5:52:08	0:45:29	0:06:09	3:03:19	0:04:43	1:52:28	FR	
061074f5-5095-f011-b4cc-0022480a7385	759	Julien Vandesompele	M	M30-34	128	5:52:10	0:45:39	0:09:52	2:56:55	0:04:30	1:55:13	FR	
af3706cd-efb5-ee11-a569-000d3a31406e	760	Antoine Martinez	M	M25-29	197	5:52:10	0:41:24	0:04:57	3:05:55	0:02:42	1:57:13	fra	
d92811d6-74c9-f011-bbd3-6045bd05f634	761	Vadim Digonnet	M	M18-24	140	5:52:13	0:43:37	0:07:30	3:06:10	0:05:57	1:49:00	FRA	
4e32aeea-67f2-414b-96a3-1d08f731461b	762	Becca Ryder	F	F25-29	19	5:52:14	0:46:51	0:06:17	3:04:04	0:05:01	1:50:00	GB	
35afb0ae-9fc4-f011-bbd3-000d3a5b50ba	763	Romain Vangaeveren	M	M35-39	86	5:52:18	0:47:24	0:05:44	2:58:19	0:04:06	1:56:44	fra	
d4f00503-8789-f011-b4cc-000d3a5b7c3b	764	Baptiste Lavache	M	M18-24	141	5:52:29	0:43:15	0:05:47	2:55:34	0:05:16	2:02:38	FR	
66997a8f-f79c-f011-b41c-6045bd09951e	765	Pierre Jean Mercier	M	M40-44	51	5:52:30	0:38:30	0:04:53	3:00:02	0:05:19	2:03:46	FR	
f52fd389-a985-f011-b4cc-6045bd05fcc1	766	Miguel Angel Ortega Lopez	M	M25-29	198	5:52:37	0:39:05	0:05:54	3:03:26	0:03:31	2:00:41	esp	
37e3923e-8689-f011-b4cc-6045bd05fcc1	767	guillaume LE CHANU	M	M25-29	199	5:52:50	0:43:09	0:07:54	3:02:48	0:04:57	1:54:02	FR	
f21d8e7e-c57c-ef11-a670-000d3a338a3c	768	Remi Barry	M	M35-39	87	5:52:50	0:42:48	0:06:34	2:59:28	0:04:05	1:59:56	FR	
992ce468-1e45-4e0e-abf9-551f8edde193	769	Lee Barnfield	M	M50-54	35	5:52:51	0:37:47	0:05:19	3:03:06	0:06:02	2:00:37	Unknown	
c6ff8e1f-0449-44d8-b159-ee43f8941a78	770	Eric Crosnier	M	M50-54	36	5:53:03	0:47:45	0:06:52	2:58:58	0:04:37	1:54:52	FR	
59ff98e1-2c6d-f011-bec3-6045bd05fcc1	771	POIVERT THOMAS	M	M30-34	129	5:53:15	0:49:51	0:05:37	3:03:01	0:03:31	1:51:15	Unknown	
cca4754b-107e-ea11-a812-000d3a5a1bfb	772	Julia Haas	F	F40-44	10	5:53:18	0:45:03	0:04:35	3:08:19	0:04:10	1:51:11	deu	
89a62e84-8789-f011-b4cc-6045bd05f634	773	Axel Dubosclard	M	M25-29	200	5:53:21	0:39:32	0:08:34	3:06:19	0:04:47	1:54:09	fra	
5fd5a9af-b089-f011-b4cc-002248098cfa	774	Jean francois Bouteillé	M	M30-34	130	5:53:28	0:40:22	0:06:24	3:13:45	0:05:05	1:47:52	FR	
92127aae-6e7d-ef11-ac21-6045bd05c809	775	Noa ROBERT	M	M18-24	142	5:53:29	0:40:05	0:05:11	2:58:47	0:03:53	2:05:33	FRA	
97602c47-c278-ef11-a670-002248049fdc	776	STEPHANE HEBRANT	M	M50-54	37	5:53:30	0:38:36	0:04:29	3:03:45	0:04:37	2:02:02	BEL	
97ddfb97-7e5f-49c5-ae97-d1da521d5b84	777	Hervé Fayard	M	M55-59	24	5:53:37	0:46:27	0:07:05	3:05:16	0:05:15	1:49:34	FR	
bf3450d4-e5f1-45ec-9eec-a8eb6b591b63	778	Sébastien Ribeiro	M	M35-39	88	5:53:38	0:37:31	0:06:01	3:08:29	0:04:42	1:56:54	FR	
a9b4bddd-a2fa-492e-932b-efeec78a4b3a	779	Ruben Kestens	M	M25-29	201	5:53:38	0:39:29	0:05:46	2:49:31	0:03:34	2:15:18	BE	
fe23055f-04e7-438a-9797-f22e712aa9c2	780	Benoit Bonnifait	M	M35-39	89	5:53:39	0:49:18	0:05:45	3:09:28	0:03:31	1:45:36	FR	
f87c46ac-5c96-f011-b4cc-000d3a5cf7d8	781	Victor LANNOY-CRUNELLE	M	M30-34	131	5:53:40	0:36:14	0:05:01	3:05:21	0:04:03	2:03:01	FR	
1ac77ec4-410b-f011-9988-6045bd05fcc1	782	Heikki Vuorenmaa	M	M45-49	25	5:53:41	0:38:55	0:05:44	2:51:26	0:04:41	2:12:55	FI	
90bbe523-a7a3-f011-bbd3-000d3a5b7c3b	783	bastien gourmelin	M	M18-24	143	5:53:47	0:42:37	0:07:21	3:02:49	0:04:02	1:56:58	FR	
6093d137-4d87-f011-b4cc-000d3a5cf7d8	784	Matthieu ARQUIE	M	M45-49	26	5:53:49	0:38:58	0:05:31	3:13:58	0:05:01	1:50:21	FR	
56677b68-2c8a-f011-b4cb-000d3a30a38f	785	Victor Vallois	M	M30-34	132	5:53:51	0:41:58	0:07:23	3:08:38	0:05:17	1:50:35	FR	
c70a7a50-f7b8-f011-bbd3-000d3a35ffc1	786	Elisa Pavioni	F	F25-29	20	5:53:52	0:46:37	0:07:17	3:03:09	0:04:21	1:52:27	CHE	
39156448-c79b-f011-b41c-000d3a5cf7d8	787	Gael Clos	M	M30-34	133	5:53:56	0:42:23	0:06:08	3:07:26	0:03:53	1:54:07	fra	
5b5349cb-d1b3-f011-bbd3-000d3a3173b5	788	Luca Sonet	M	M25-29	202	5:54:01	0:40:47	0:07:01	3:22:12	0:04:40	1:39:21	FRA	
1da40d61-f1e8-41fb-aec7-cbcd43f213bb	789	Thierry Samson	M	M55-59	25	5:54:04	0:46:34	0:07:55	2:55:09	0:05:39	1:58:46	FR	
064ea15c-7fd5-49a9-8948-61e444c17a90	790	Enzo Samson	M	M25-29	203	5:54:04	0:46:29	0:08:02	2:55:10	0:05:37	1:58:46	FR	
1c831580-b0ab-f011-bbd3-6045bd05fcc1	791	Sam Calvert	M	M30-34	134	5:54:10	0:43:42	0:08:14	3:03:10	0:04:41	1:54:23	GB	
30090dd0-d1c0-f011-bbd3-000d3a3173b5	792	Sandrine Vancraeyenest	F	F30-34	20	5:54:13	0:47:13	0:09:02	3:10:16	0:06:25	1:41:17	BEL	
158a377a-0ec4-48f1-9dbe-2c041f528dce	793	Khemissi Saouli	M	M25-29	204	5:54:15	0:45:47	0:06:06	3:08:37	0:04:14	1:49:30	FR	
55b99b5d-d38b-f011-b4cc-000d3a3173b5	794	Clément Joly	M	M18-24	144	5:54:16	0:43:35	0:06:23	2:58:11	0:05:24	2:00:44	FR	
08a664cb-228a-f011-b4cc-6045bd05fcc1	795	Martin Heitz	M	M35-39	90	5:54:16	0:51:53	0:05:13	3:12:51	0:04:25	1:39:53	FR	
1bae9bed-ae85-f011-b4cc-000d3a5b50ba	796	Solène Solène	F	F30-34	21	5:54:16	0:43:58	0:05:16	3:00:25	0:03:36	2:01:00	FR	
edfc80e6-f651-4e93-bfe8-4626d4f6aad8	797	Frédéric Vanden Eynden	M	M50-54	38	5:54:27	0:42:48	0:08:12	3:00:26	0:05:48	1:57:13	BEL	
d5dad10d-1cd4-410f-995f-35d5a60aeaaa	798	Clément Coret	M	M30-34	135	5:54:33	0:40:51	0:04:29	3:08:59	0:04:28	1:55:44	FRA	
8164c631-ae7d-f011-b4cc-0022480a7385	799	thomas etard	M	M18-24	145	5:54:40	0:41:06	0:07:26	2:56:35	0:04:18	2:05:15	fra	
0e91507c-8ca5-4103-8c7e-fbdecf70af2b	800	Thomas Gäumann	M	M45-49	27	5:54:44	0:42:21	0:06:52	3:03:44	0:03:24	1:58:22	CHE	
a8f69681-8c4e-48cd-985c-a3279b847300	801	Cameron King	M	M25-29	205	5:54:45	0:47:56	0:06:31	2:54:34	0:04:22	2:01:22	GB	
c4085211-1e8c-f011-b4cc-6045bd09951e	802	Lance Abbott	M	M18-24	146	5:54:47	0:42:55	0:07:45	3:13:55	0:04:49	1:45:22	GB	
a28a2a0b-00a3-45a4-911c-41833a3b6742	803	Charlie Cummins	M	M30-34	136	5:54:49	0:42:52	0:07:15	2:58:02	0:04:04	2:02:36	GB	
a59aa834-5373-4624-bf0d-eb2c2e26273a	804	Jean-Christophe Veyssiere	M	M50-54	39	5:54:52	0:39:50	0:06:00	3:10:00	0:04:57	1:54:05	fra	
4a534258-f777-4b50-964d-9612fa8351a6	805	PIERRE NADAUD	M	M40-44	52	5:54:53	0:42:42	0:08:02	3:06:56	0:05:51	1:51:22	fra	
12df9fe0-088b-42dc-92b2-d6694ad4496d	806	Susana Torres	F	F30-34	22	5:54:54	0:50:42	0:04:31	3:07:55	0:03:30	1:48:17	CO	
8bee1c63-c156-42e4-a62a-f8f30a2e811f	807	Alexandre Bailly	F	M40-44	53	5:55:09	0:43:11	0:09:46	3:01:05	0:06:49	1:54:18	Unknown	
348bd576-2cec-4f8d-9b16-f312ebd6d611	808	Leah Tattersall	F	F30-34	23	5:55:09	0:41:15	0:05:39	3:08:04	0:04:25	1:55:45	GB	
93bcba34-4be4-4b45-a20e-ac8e7a0679a4	809	Marta Bianchet	F	F45-49	4	5:55:09	0:42:05	0:06:04	3:17:45	0:05:56	1:43:19	IT	
49bde302-6025-42d4-9de3-6d0d75ac52ed	810	Georgina Jonas	F	M18-24	147	5:55:15	0:36:21	0:06:34	3:11:59	0:05:20	1:55:00	AUS	
9e04b472-5c1e-4381-97ba-8c5572cbd3d5	811	Thomas Slock	M	M25-29	206	5:55:16	0:41:14	0:08:42	2:57:52	0:05:35	2:01:52	BE	
42f3ccc9-9389-f011-b4cc-000d3a35ffc1	812	Ferre Monten	M	M25-29	207	5:55:22	0:45:54	0:09:59	3:03:34	0:07:07	1:48:48	BE	
6a07afb6-a2af-f011-bbd3-6045bd05fcc1	813	Sorène Cadieu	F	F25-29	21	5:55:22	0:47:52	0:08:10	2:57:00	0:04:05	1:58:14	fra	
c7754a7c-e47c-ef11-a670-000d3a338a3c	814	Gerrit Bouthoorn	M	M35-39	91	5:55:26	0:44:09	0:07:21	3:09:55	0:04:04	1:49:58	NL	
7d9114db-56f1-4a25-9869-a3fac9ee2f7f	815	Liliane Kolcz	F	F25-29	22	5:55:29	0:40:25	0:05:10	3:13:16	0:03:05	1:53:32	Unknown	
67046cc6-f5e3-44a3-af8e-8851135d2b65	816	Thomas Champommier	M	M30-34	137	5:55:31	0:37:19	0:06:32	2:59:26	0:05:13	2:07:01	FR	
4a94f3d6-9489-f011-b4cc-000d3a35ffc1	817	Jarne Verheijden	M	M25-29	208	5:55:34	0:44:17	0:07:13	3:05:54	0:05:55	1:52:15	BE	
a776b157-4c41-ef11-8409-6045bd079a13	818	Fanny Delpech	F	F25-29	23	5:55:37	0:43:47	0:07:04	3:22:41	0:05:34	1:36:32	FR	
42ec4f75-8a86-f011-b4cc-6045bd09951e	819	Hugo Grould	M	M25-29	209	5:55:38	0:43:10	0:05:55	3:03:22	0:04:47	1:58:25	FR	
20a75ff2-f78a-f011-b4cc-000d3a5cf7d8	820	Hadrien Sommier	M	M25-29	210	5:55:39	0:38:26	0:08:48	3:08:34	0:05:00	1:54:51	FR	
b68671f1-ee98-f011-b4cc-000d3a5cf7d8	821	Emilien Terrier	M	M35-39	92	5:55:57	0:46:30	0:06:32	2:58:16	0:05:10	1:59:29	fra	
42e62a5d-730b-4af5-8e0e-5c98d18ae9b0	822	Pierre Szatkowski	M	M35-39	93	5:56:01	0:39:49	0:04:39	3:06:43	0:03:21	2:01:29	FR	
4381b1ee-a2b9-f011-bbd3-000d3a5cf7d8	823	Emile GAUDRÉ	M	M25-29	211	5:56:03	0:39:34	0:06:30	3:11:29	0:04:34	1:53:55	fra	
5b9d4cc7-5226-4cf7-90b5-1c3b953ee0ce	824	Bruno Desgouttes	M	M55-59	26	5:56:04	0:48:55	0:07:30	3:05:41	0:04:32	1:49:26	FRA	
1e426d61-6d13-4db1-b3ea-a1819dc6a4ba	825	Jérôme Feriaud	M	M55-59	27	5:56:05	0:46:41	0:05:24	3:03:06	0:04:24	1:56:29	FR	
0e904be8-0117-4567-9e02-df19f2fb2ab3	826	Nicolas Cosatto	M	M35-39	94	5:56:10	0:34:38	0:10:09	3:03:48	0:06:25	2:01:10	lux	
906538fd-aa9c-f011-b41c-000d3a5b50ba	827	Pauline MEIGNAN	F	F25-29	24	5:56:16	0:40:54	0:06:06	3:12:22	0:05:38	1:51:16	FR	
25d57a10-cf0e-40a5-828a-7a3c1ca07cf9	828	Tania Atwell	F	F60-64	1	5:56:18	0:36:07	0:05:13	3:05:05	0:04:17	2:05:36	GB	
62266352-99fe-ef11-bae2-002248098cfa	829	Ilkka Heinanen	M	M55-59	28	5:56:21	0:43:05	0:06:48	3:08:09	0:03:43	1:54:36	FI	
3419753f-fb5f-4723-aa5c-9383d0cb730a	830	Cyril Bonnaire	M	M45-49	28	5:56:29	0:50:31	0:06:07	3:01:28	0:03:58	1:54:25	FR	
f36a8829-94c5-f011-bbd3-6045bd05f634	831	Lara Schmid	F	F25-29	25	5:56:38	0:33:50	0:05:15	3:16:18	0:04:40	1:56:35	gbr	
d652c214-db9b-f011-b41c-000d3a3173b5	832	Gauthier Cassany	M	M25-29	212	5:56:41	0:41:53	0:08:13	3:01:31	0:06:36	1:58:28	FR	
3db480f2-d4c2-f011-bbd3-000d3a3173b5	833	Fouad Aouni	M	M40-44	54	5:56:41	0:40:48	0:11:18	3:06:47	0:09:42	1:48:06	FRA	
e6a0cfb8-3bbd-f011-bbd2-000d3a5b7c3b	834	Samantha Tisserand	F	F35-39	5	5:57:04	0:46:55	0:04:07	2:58:26	0:03:32	2:04:04	fra	
455f1a08-e17f-4ec3-83cf-e5156fedca65	835	Pierre Vignaud	M	M25-29	213	5:57:05	0:41:55	0:06:04	3:06:40	0:03:56	1:58:30	FRA	
0ac4efff-0458-f011-877a-000d3a5b7c3b	836	Louis Arsonneau	M	M25-29	214	5:57:15	0:43:29	0:08:32	3:09:47	0:05:27	1:50:00	Unknown	
27e6625e-1796-49f4-ba43-2091b107fc0b	837	Simon Woodfield	M	M50-54	40	5:57:15	0:47:06	0:06:03	2:59:29	0:04:22	2:00:15	GB	
a1b9ce61-c394-f011-b4cb-002248098cfa	838	Emir Idiz	M	M18-24	148	5:57:19	0:42:53	0:09:01	3:14:06	0:03:45	1:47:35	FR	
a6ece39a-a789-f011-b4cc-0022480a7385	839	Eric Sendas	M	M30-34	138	5:57:21	0:49:26	0:06:46	3:18:35	0:04:28	1:38:06	fra	
7c351255-195f-f011-bec2-000d3a5cf7d8	840	Matthieu Lehais	M	M25-29	215	5:57:24	0:45:54	0:05:38	3:07:56	0:03:51	1:54:05	Unknown	
b16d24de-1eb1-f011-bbd3-000d3a3173b5	841	Nils Keller	M	M30-34	139	5:57:30	0:43:25	0:06:57	3:00:40	0:05:12	2:01:16	FRA	
2440142d-5610-4b78-b438-130389ccaa27	842	BAPTISTE LIGOT	M	M40-44	55	5:57:36	0:48:40	0:06:33	3:02:08	0:04:54	1:55:22	FR	
ca75fda8-089f-f011-b41c-000d3a5b7c3b	843	Louis Combépine	M	M30-34	140	5:57:42	0:40:46	0:06:13	3:03:30	0:04:08	2:03:06	CH	
98a7c098-c85c-f011-bec2-6045bd05fcc1	844	Johan CERISIER	M	M25-29	216	5:57:45	0:51:58	0:06:46	2:54:10	0:04:12	2:00:39	FR	
642ef844-5775-40ed-81d2-5ebf13d72133	845	Florent Keller	M	M35-39	95	5:57:48	0:40:00	0:06:24	3:17:42	0:05:43	1:47:58	FRA	
318c5ec3-23b9-45f7-9c88-5f918189871b	846	Etienne Le Maigat	M	M45-49	29	5:57:52	0:47:40	0:08:16	3:02:39	0:06:04	1:53:13	FR	
7a18f1ac-7a8a-f011-b4cc-002248098cfa	847	Jérôme Bury	M	M30-34	141	5:57:55	0:48:18	0:06:50	2:56:33	0:03:50	2:02:25	FRA	
3667dfa6-e197-f011-b4cc-0022480a7385	848	Raphaël James	M	M18-24	149	5:58:05	0:43:17	0:10:01	3:12:56	0:05:08	1:46:44	FR	
b5968527-63bd-f011-bbd3-000d3a35ffc1	849	Micaela Soledad Ayala Monzon	F	F40-44	11	5:58:07	0:36:01	0:05:12	3:24:15	0:03:45	1:48:54	ESP	
c2a07e60-8254-49de-a5c4-62e537ba5111	850	Xavier Comte	M	M60-64	7	5:58:07	0:43:06	0:05:21	3:04:39	0:03:50	2:01:11	fra	
f345c891-175f-f011-bec2-000d3a3173b5	851	Maëlys Bergheaud	F	F18-24	11	5:58:08	0:50:22	0:06:24	2:57:05	0:05:01	1:59:16	FRA	
f2998f51-9739-48ba-8b00-870c1070bd04	852	Toni Halonen	M	M40-44	56	5:58:09	0:40:15	0:06:46	3:08:07	0:05:50	1:57:11	FI	
6c9e3197-8689-f011-b4cc-0022480a7385	853	Khemil Boubaker	M	M25-29	217	5:58:10	0:51:50	0:07:45	3:17:00	0:04:23	1:37:12	fra	
79ac6d1d-a3c0-f011-bbd3-000d3a3173b5	854	Mery Adrien	M	M30-34	142	5:58:14	0:41:29	0:06:36	3:05:30	0:04:48	1:59:51	FRA	
8d9090ab-ee6e-f011-bec2-7ced8d6e0e83	855	Thibault SALMON	M	M25-29	218	5:58:18	0:41:40	0:08:31	3:13:51	0:05:00	1:49:17	Unknown	
c23b2ba4-b392-f011-b4cc-0022480a7385	856	Eloise Guelle	F	F25-29	26	5:58:21	0:35:29	0:06:25	3:16:04	0:04:34	1:55:50	FR	
76cc5721-a194-ef11-8a69-000d3a5a403c	857	Anthony Gomes	M	M25-29	219	5:58:22	0:44:07	0:04:49	3:00:42	0:04:10	2:04:33	fra	
0ecdd54f-bfb9-4859-8541-7aa08c256a17	858	Guillaume Le Roi	M	M30-34	143	5:58:22	0:37:15	0:05:19	2:45:37	0:07:40	2:22:31	FR	
2e4a7b39-b28f-ef11-ac21-000d3a59a9a1	859	Manon Hoffner	F	F25-29	27	5:58:25	0:45:54	0:07:09	2:59:01	0:05:12	2:01:09	FR	
737bd79e-16c9-f011-bbd3-0022480a7385	860	Jonathan Pouzol	M	M25-29	220	5:58:28	0:48:18	0:06:48	3:12:39	0:03:16	1:47:28	fra	
3aea3512-d49b-49ad-8c93-e929e3ff4285	861	Kevin Roux	M	M30-34	144	5:58:54	0:37:48	0:05:28	3:08:04	0:03:50	2:03:45	fra	
d31bc679-44a1-f011-bbd3-6045bd05fcc1	862	Bruno POUMARAT	M	M40-44	57	5:58:58	0:43:41	0:07:22	3:05:13	0:06:03	1:56:40	FR	
f81b1270-9689-f011-b4cc-000d3a3173b5	863	Valentin Laroche	M	M25-29	221	5:59:03	0:44:17	0:05:55	3:10:58	0:04:08	1:53:44	FR	
e850e08a-3296-f011-b4cc-6045bd05f634	864	Thierry Martins	M	M45-49	30	5:59:03	0:46:47	0:06:44	2:50:35	0:05:06	2:09:51	FR	
836b807a-70af-f011-bbd3-000d3a5cf7d8	865	Peter Hammond	M	M65-69	5	5:59:05	0:39:22	0:07:02	2:57:32	0:06:34	2:08:34	GBR	
108e5115-7192-f011-b4cc-0022480a7385	866	Maximilien Monot	M	M25-29	222	5:59:09	0:37:26	0:07:04	3:08:02	0:06:28	2:00:08	FR	
d3682559-7eaf-f011-bbd3-000d3a3173b5	867	Victoria Rosoux	F	F25-29	28	5:59:10	0:45:03	0:06:13	3:16:52	0:03:45	1:47:18	BEL	
83542b72-8ca4-f011-bbd3-000d3a35ffc1	868	Damien Blachon	M	M25-29	223	5:59:14	0:44:14	0:07:29	3:16:28	0:04:48	1:46:15	FR	
2d20c658-1559-f011-877b-000d3a5cf7d8	869	Carla Lechner	F	F25-29	29	5:59:15	0:42:38	0:04:48	3:05:34	0:03:56	2:02:19	Unknown	
6365463f-d1c3-f011-bbd2-6045bd00e25d	870	Francois GOUBET	M	M35-39	96	5:59:15	0:40:18	0:06:05	3:06:44	0:04:58	2:01:08	FRA	
fea63327-a7a6-f011-bbd3-000d3a5b7c3b	871	Sacha Guigne	M	M25-29	224	5:59:17	0:43:54	0:06:42	2:49:56	0:04:58	2:13:47	FR	
514afb1c-93ae-f011-bbd3-6045bd09951e	872	Sep Klerks	M	M18-24	150	5:59:17	0:44:59	0:07:53	2:59:37	0:03:44	2:03:04	NLD	
909ef1ea-3393-f011-b4cc-0022480a7385	873	Veronique TOULET	F	F55-59	4	5:59:23	0:46:16	0:12:08	3:01:28	0:06:01	1:53:30	fra	
2caa8610-c589-f011-b4cc-000d3a5c3d6c	874	Titouan BARTHELEMY	M	M25-29	225	5:59:24	0:39:50	0:06:41	3:18:52	0:05:45	1:48:16	fra	
5952c515-2ec5-4661-abba-fd0c569a6514	875	Ralf Bell	M	M60-64	8	5:59:25	0:41:04	0:05:29	3:01:04	0:05:01	2:06:46	DE	
a4f78fe7-e58b-f011-b4cc-000d3a3173b5	876	Alice Higounenc	F	F25-29	30	5:59:28	0:38:44	0:05:21	3:19:34	0:03:31	1:52:17	FR	
eaa04df5-90af-f011-bbd3-000d3a5b50ba	877	robin dutertre	M	M25-29	226	5:59:30	0:33:28	0:06:36	2:57:18	0:04:02	2:18:07	FRA	
d8795de3-9695-f011-b4cb-000d3a3b2356	878	Brandon LOUIS	M	M30-34	145	5:59:33	0:40:24	0:07:59	3:10:18	0:05:49	1:55:04	FR	
18295e04-56dd-4a96-abdf-0924959ba6fb	879	Mark Day	M	M55-59	29	5:59:37	0:46:56	0:07:39	3:08:28	0:04:40	1:51:54	gbr	
89e06385-0aa5-ef11-8a6a-002248049fdc	880	Cedric Deltenre	M	M50-54	41	5:59:40	0:40:43	0:06:31	2:56:58	0:05:14	2:10:13	bel	
536da2dc-8789-f011-b4cc-000d3a5b50ba	881	Johan LE COZ	M	M50-54	42	5:59:45	0:46:27	0:07:20	3:12:50	0:04:51	1:48:16	FR	
ea2430c8-76e1-ef11-8eea-000d3a5ae96c	882	Mathéo DARNE	M	M25-29	227	5:59:48	0:47:10	0:06:38	3:06:01	0:04:02	1:55:56	Unknown	
a054c826-28c3-f011-bbd3-000d3a3173b5	883	Eric SAUVAIN	M	M50-54	43	5:59:49	0:42:08	0:06:41	3:11:31	0:04:53	1:54:37	FRA	
7ccd324e-7e91-f011-b4cc-000d3a5cf7d8	884	Rudy Perret	M	M18-24	151	6:00:10	0:43:49	0:06:26	3:07:12	0:04:30	1:58:12	FR	
6c4cdd9d-0bc3-f011-bbd3-000d3a3173b5	885	Marianne Bechou	F	F25-29	31	6:00:11	0:34:03	0:05:57	3:14:42	0:07:06	1:58:23	FRA	
503b0302-bf75-ef11-a670-000d3a3ad4c2	886	David Gallois	M	M45-49	31	6:00:18	0:44:40	0:06:27	3:11:58	0:04:53	1:52:20	FR	
6ada59d0-8689-f011-b4cc-000d3a35ffc1	887	Yannick Nony	M	M30-34	146	6:00:19	0:47:43	0:05:42	2:56:38	0:04:28	2:05:48	fra	
1340b429-6985-4a97-b380-40da9f538a05	888	Kevin Peyret	M	M30-34	147	6:00:20	0:46:50	0:07:27	3:11:52	0:06:03	1:48:07	fra	
ace882a2-79f3-4e9e-8d86-486f38509f07	889	Oleksandr Marfin	M	M35-39	97	6:00:20	0:47:04	0:06:11	3:07:15	0:03:24	1:56:25	ES	
3f0f19ce-7f58-ed11-9562-000d3a314d17	890	Stefano Lanna	M	M50-54	44	6:00:22	0:54:30	0:08:16	3:01:21	0:05:56	1:50:19	Unknown	
69c72d0c-8e89-f011-b4cc-000d3a3173b5	891	Julien GRANDJEAN	M	M40-44	58	6:00:23	0:42:02	0:07:15	3:08:04	0:04:52	1:58:10	FRA	
ea10838a-4584-f011-b4cc-000d3a5cf7d8	892	Jérémy Dagand	M	M25-29	228	6:00:25	0:43:54	0:06:50	3:05:35	0:04:54	1:59:13	FR	
06b035f6-d1c0-f011-bbd3-6045bd09951e	893	Flavien Coron	M	M30-34	148	6:00:28	0:50:01	0:06:53	2:56:00	0:04:17	2:03:18	FRA	
b38cd1e3-d289-f011-b4cc-0022480a7385	894	nicolas roques	M	M45-49	32	6:00:30	0:36:16	0:07:16	2:50:05	0:06:04	2:20:49	FR	
6229c9ac-0328-42b5-82b3-5d1cd44182df	895	Giovanni Barilla	M	M30-34	149	6:00:33	0:55:41	0:06:59	3:03:11	0:03:43	1:50:59	CH	
a9fbc140-9889-f011-b4cc-000d3a3173b5	896	Enzo Medina	M	M25-29	229	6:00:35	0:44:59	0:06:14	3:14:50	0:05:08	1:49:25	FR	
38a4edeb-9289-f011-b4cc-6045bd05f634	897	Alex Martínez	F	M35-39	98	6:00:37	0:44:06	0:07:00	2:52:19	0:06:33	2:10:39	Unknown	
2bd0d07e-a7ac-ef11-b8e9-000d3a3126fd	898	Martin Molkhou	M	M18-24	152	6:00:37	0:43:12	0:05:39	2:58:12	0:04:24	2:09:10	FR	
31cd3783-8d89-f011-b4cc-000d3a35ffc1	899	Quentin Tourbez	M	M25-29	230	6:00:40	0:41:28	0:11:08	3:16:00	0:06:55	1:45:09	fra	
1029578d-6261-ef11-bfe3-00224809fd7c	900	Quentin Feillault	M	M35-39	99	6:00:56	0:44:07	0:07:42	3:23:00	0:04:54	1:41:14	are	
1d0e53ae-8e89-f011-b4cc-000d3a5b50ba	901	Killian Didier	M	M25-29	231	6:00:59	0:47:23	0:07:28	3:18:40	0:04:35	1:42:52	FR	
9c27bba0-c39f-f011-b41c-000d3a35ffc1	902	Jacob Phrachai	M	M25-29	232	6:00:59	0:54:34	0:06:49	3:10:40	0:04:49	1:44:07	GB	
7c93ec67-4214-49e9-be7c-3e6cea18b338	903	Alexandre Laurent	M	M25-29	233	6:01:01	0:41:27	0:06:27	3:19:45	0:03:39	1:49:44	FR	
b9658ec8-d2b8-ef11-b8e9-000d3a5a1803	904	Derk Gosselink	M	M30-34	150	6:01:01	0:41:43	0:07:07	2:56:11	0:05:59	2:10:00	NL	
7a201873-2385-f011-b4cc-0022480a7385	905	Romain Fovet	M	M25-29	234	6:01:08	0:44:00	0:07:38	2:58:02	0:05:25	2:06:02	FR	
f0c9d55d-51ec-459d-b76e-bb4746974b26	906	Nigel Paterson	M	M55-59	30	6:01:12	0:41:33	0:08:00	3:07:39	0:05:16	1:58:43	GB	
038cb77a-b18c-f011-b4cc-000d3a5b7c3b	907	Yannis Filliettaz	M	M18-24	153	6:01:14	0:39:07	0:07:03	3:02:10	0:05:32	2:07:21	CH	
65c8e744-fd48-ef11-a317-000d3a383830	908	François-Xavier Williatte	M	M30-34	151	6:01:16	0:46:05	0:06:10	3:03:55	0:05:25	1:59:40	fra	
c0913c0b-2f7d-f011-b4cc-002248098cfa	909	Agathe SIMIONI	F	F25-29	32	6:01:20	0:35:11	0:06:35	3:12:05	0:07:18	2:00:11	FR	
c4fb67ca-de7f-ea11-a812-000d3a5a1cf8	910	Louis-Antoine Fageol	M	M35-39	100	6:01:20	0:41:23	0:08:40	3:12:55	0:07:22	1:50:59	FRA	
cc6acc5f-8c89-f011-b4cc-000d3a3173b5	911	Benjamin Pannuti	M	M30-34	152	6:01:24	0:44:50	0:06:54	3:10:17	0:04:47	1:54:35	FR	
bf1ccc41-2791-ef11-ac21-000d3a338a3c	912	Antonin levayer	M	M30-34	153	6:01:33	0:52:12	0:07:07	3:06:06	0:04:46	1:51:22	FRA	
1687935d-8789-f011-b4cc-000d3a5b7c3b	913	Jonathan PEQUIGNOT	M	M18-24	154	6:01:40	0:50:03	0:07:05	3:12:05	0:04:35	1:47:52	FR	
a92f1d6f-ea6e-ef11-a671-00224809fd7c	914	Mostafa BEN ABDELHADI	M	M35-39	101	6:01:40	0:47:31	0:05:59	3:14:05	0:06:06	1:48:00	FRA	
71b8e4d6-0b87-f011-b4cc-6045bd05f634	915	Alice Wilson	F	F25-29	33	6:01:42	0:39:01	0:06:11	3:18:44	0:05:41	1:52:05	GB	
f2c65b6b-e37c-ef11-a670-6045bd05c809	916	Maïté Tercier	F	F25-29	34	6:01:43	0:42:59	0:05:15	3:09:20	0:04:40	1:59:29	CH	
572155d5-22b8-f011-bbd3-000d3a35ffc1	917	Baptiste TRUBERT	M	M30-34	154	6:01:59	0:40:42	0:06:35	3:12:22	0:05:30	1:56:50	FRA	
aadc40fc-a8ae-4ce6-9605-61ebb905327f	918	Adam Mcculloch	M	M40-44	59	6:02:18	0:39:16	0:09:18	3:24:58	0:05:20	1:43:27	GB	
1abd622c-02b5-f011-bbd3-0022480c097c	919	Gregory Meunier	M	M25-29	235	6:02:19	0:48:22	0:06:58	3:03:58	0:05:03	1:57:59	FRA	
34c75a65-5735-f011-8c4e-0022480c097c	920	Tanguy de Solminihac	M	M45-49	33	6:02:20	0:48:03	0:07:14	3:07:29	0:04:55	1:54:39	CH	
d70a0b53-0a7d-f111-ab0f-0022480b84a3	921	Petri Vilska	M	M40-44	60	6:02:22	0:39:56	0:06:27	3:07:37	0:05:01	2:03:20	FIN	
9e5ad460-8b89-f011-b4cc-6045bd09951e	922	sébastien VINCENT	M	M55-59	31	6:02:31	0:46:24	0:05:37	2:58:18	0:05:40	2:06:32	FR	
86962cc7-2f8f-f111-8077-0022480994c2	923	Mikko Nikunen	M	M50-54	45	6:02:33	0:45:37	0:06:27	3:10:19	0:05:37	1:54:33	FIN	
e14ebaeb-3f5f-f011-bec2-000d3a5b7c3b	924	Théo Lutrat	M	M18-24	155	6:02:33	0:48:34	0:06:00	3:17:43	0:03:53	1:46:23	Unknown	
facba6a2-fd71-f011-bec2-0022480a7385	925	Manuel Cardenal	M	M25-29	236	6:02:34	0:48:50	0:06:13	3:05:54	0:04:31	1:57:06	FR	
40b8e9a5-e78a-f011-b4cc-000d3a35ffc1	926	Max Carmichael-Jack	M	M25-29	237	6:02:38	0:48:53	0:09:27	3:12:17	0:06:06	1:45:56	GB	
76491f7d-9205-4c2c-95ca-9c37b6f6b430	927	Stéphanie Le Dall	F	F45-49	5	6:02:44	0:45:31	0:06:56	3:04:09	0:04:23	2:01:45	fra	
8c1c1cf8-40f3-4814-a0c6-6f06cd26b1fb	928	Victor Mennen	M	M25-29	238	6:02:57	0:49:58	0:07:25	3:09:01	0:08:04	1:48:30	BE	
78d6bb4a-40e3-4886-a63d-865b7ffab9d8	929	Celine Vaucelle	F	F55-59	5	6:02:59	0:39:06	0:05:56	3:13:34	0:05:17	1:59:06	fra	
88319d95-1dc3-f011-bbd3-6045bd05fcc1	930	Bram Van de Kam	M	M50-54	46	6:03:01	0:44:09	0:08:39	3:05:08	0:06:53	1:58:11	NLD	
60fbde85-3080-ef11-ac21-6045bd05c809	931	Sylvain Ple	M	M45-49	34	6:03:04	0:40:12	0:06:57	3:05:20	0:05:25	2:05:10	fra	
bdf309f0-a789-f011-b4cc-000d3a5b7c3b	932	Alicia Devaux	F	F18-24	12	6:03:06	0:36:22	0:06:03	3:11:37	0:04:34	2:04:31	FR	
68f49a47-73a6-f011-bbd3-000d3a3173b5	933	Jan Jelínek	M	M40-44	61	6:03:10	0:44:23	0:09:10	3:10:36	0:05:16	1:53:45	CZ	
5bc776f4-9d78-f111-ab0f-7ced8d70a81a	934	Emilie Stadler		F25-29	35	6:03:12	0:46:46	0:05:38	3:18:37	0:03:30	1:48:41	CHE	
6f42bb4d-ae43-4b4f-ad64-c5a1dd2cdcfd	935	Lucy Tomlinson	F	F55-59	6	6:03:18	0:34:59	0:04:59	3:11:21	0:03:38	2:08:21	GB	
b591a30b-0628-4a93-b507-bfeb8cdb0631	936	Theo Gérard	M	M25-29	239	6:03:20	0:35:19	0:06:52	2:46:58	0:04:37	2:29:35	FR	
51a91727-bbb5-f011-bbd3-000d3a5b7c3b	937	Valentin Chenaux	M	M18-24	156	6:03:21	0:43:41	0:06:35	3:11:50	0:05:24	1:55:51	FRA	
911db72a-4eba-f011-bbd2-00224809087a	938	Rika Akimoto	F	F30-34	24	6:03:23	0:42:36	0:05:52	3:13:38	0:06:50	1:54:27	GBR	
670a092b-545f-f011-bec2-0022480c097c	939	Mickaël Jégousse	M	M40-44	62	6:03:24	0:45:33	0:06:48	3:07:35	0:03:30	1:59:58	fra	
626f3f63-62b0-f011-bbd3-000d3a5cf7d8	940	Louis Leplat	M	M25-29	240	6:03:30	0:50:58	0:08:46	3:25:35	0:04:10	1:34:00	FRA	
70945b0d-f5a5-f011-bbd3-0022480a7385	941	Heath Rose	M	M50-54	47	6:03:36	0:34:54	0:07:44	3:18:06	0:06:22	1:56:30	GB	
5f387f95-c374-45cd-938f-cc22e95aeb3d	942	Didier Boisson	M	M60-64	9	6:03:38	0:43:26	0:05:44	3:02:08	0:04:47	2:07:34	FR	
c2b94209-ad04-f011-bae2-000d3a3173b5	943	Valentin Royer	M	M30-34	155	6:03:42	0:43:38	0:07:37	3:20:17	0:04:58	1:47:11	fra	
838e0884-6aa7-f011-bbd3-6045bd05fcc1	944	Loïck ETIENNE	M	M25-29	241	6:03:45	0:41:07	0:05:37	3:07:55	0:04:14	2:04:52	FR	
1ffa721b-cfc7-4362-abed-3a9c333f9535	945	Daan Schoorl	M	M30-34	156	6:03:56	0:47:24	0:07:51	2:58:13	0:05:06	2:05:21	NL	
de21ed8d-fe84-f111-ab0f-6045bd06566a	946	Joonas Turunen	M	M40-44	63	6:03:57	0:50:34	0:07:42	3:13:28	0:04:55	1:47:17	FIN	
4d054461-eb88-f011-b4cb-7ced8d3c8393	947	Nicolas Mayer	M	M30-34	157	6:03:58	0:48:20	0:05:24	3:08:17	0:03:14	1:58:43	CH	
c8a4049f-205b-f011-bec2-000d3a5cf7d8	948	Julien Lino	M	M25-29	242	6:03:59	0:46:44	0:07:35	3:05:34	0:04:10	1:59:57	FR	
759a2aa4-0520-458a-99e9-29422c3c10d8	949	Mikko Wirkkala	M	M45-49	35	6:04:00	0:45:09	0:06:46	3:14:47	0:05:31	1:51:47	FI	
32dcacde-c81e-408c-9d54-98b3274285fc	950	Samuel Poignant	F	M55-59	32	6:04:01	0:34:40	0:05:27	2:56:28	0:05:44	2:21:42	Unknown	
b02119db-e18c-f011-b4cc-0022480a7385	951	Cyril Cougoulaine	M	M30-34	158	6:04:15	0:34:54	0:05:40	3:05:17	0:04:10	2:14:15	FR	
e27f7054-51a7-f011-bbd3-000d3a5b50ba	952	Jean-Daniel Karol	M	M35-39	102	6:04:15	0:40:56	0:10:46	3:11:37	0:05:04	1:55:51	FRA	
2a2a4629-c656-4cda-b7f1-9d130a881833	953	Sébastien Dromigny	M	M50-54	48	6:04:15	0:51:57	0:10:02	3:00:39	0:04:59	1:56:39	Unknown	
d3b3e1c3-ddc0-ec11-983e-000d3a5d0531	954	Ruth Ziethe	F	F50-54	2	6:04:20	0:36:08	0:05:10	3:14:27	0:04:32	2:04:04	che	
6b4f815c-f48c-450f-bf5a-cccac2e5179d	955	Anne Stoltz	F	F50-54	3	6:04:22	0:46:10	0:08:20	3:12:58	0:04:39	1:52:15	fra	
6de243dc-2bab-ef11-b8e8-000d3a5a403c	956	Arthur Audibert	M	M30-34	159	6:04:24	0:40:33	0:05:46	2:45:28	0:05:08	2:27:29	Unknown	
3904c288-ace1-4110-bcab-b850cdc3225f	957	Benoît Grégoire	M	M40-44	64	6:04:33	0:28:55	0:06:11	3:20:09	0:05:16	2:04:01	CH	
4ced32cc-d392-f011-b4cc-000d3a5cf7d8	958	Leanne RABILLER	F	F25-29	36	6:04:41	0:41:37	0:06:17	3:23:03	0:04:11	1:49:32	FR	
95d32f63-fd39-ef11-8409-000d3a383830	959	Benoît EUPHEMIE	M	M50-54	49	6:04:49	0:40:57	0:06:43	3:05:15	0:05:12	2:06:42	FR	
1d7355d5-e687-f011-b4cc-000d3a5cf7d8	960	Maxime EUPHEMIE	M	M18-24	157	6:04:50	0:49:26	0:06:23	2:58:19	0:06:36	2:04:06	FR	
599cedd0-e6c9-f011-bbd3-6045bd05f634	961	Salim Raab	M	M35-39	103	6:04:50	0:47:43	0:05:32	3:21:21	0:05:17	1:44:58	FRA	
aac409c9-d884-f011-b4cc-000d3a3173b5	962	Mathilde CROS	M	M30-34	160	6:04:52	0:50:49	0:08:23	3:08:28	0:05:50	1:51:22	Unknown	
57e53bdd-41c3-49f2-bf10-ab12fbd51dc0	963	Andrew Reid	M	M55-59	33	6:04:53	0:48:42	0:06:34	3:08:36	0:07:09	1:53:51	GB	
2388ab26-e76b-f011-bec3-000d3a3173b5	964	Aaron Herbaux	M	M18-24	158	6:04:56	0:48:23	0:06:05	3:10:49	0:06:06	1:53:33	FR	
ed4d050e-4e8e-468f-8039-7bc0a270aa63	965	Jean Louis Chevalier	M	M60-64	10	6:04:57	0:45:13	0:06:18	2:54:18	0:04:33	2:14:35	fra	
17519150-7cc9-48b1-8e63-74010ad35b06	966	Florian Berthaud	M	M18-24	159	6:04:58	0:39:10	0:05:45	3:09:05	0:03:22	2:07:35	FR	
b5299838-f19f-4c07-8623-d296d7e39581	967	Cyril Barigand	M	M30-34	161	6:05:05	0:42:01	0:08:50	2:46:38	0:05:12	2:22:24	BE	
e1519617-1667-f011-bec2-000d3a5cf7d8	968	Mathis Dubourgnoux	M	M25-29	243	6:05:16	0:48:53	0:07:43	3:06:55	0:04:33	1:57:12	FR	
3f77f1d6-28b0-f011-bbd3-6045bd09951e	969	Martina Barrés	F	F25-29	37	6:05:25	0:42:07	0:06:32	3:15:02	0:04:27	1:57:17	ESP	
1f09af05-908a-f011-b4cc-000d3a5b7c3b	970	Mathieu Noyer	M	M25-29	244	6:05:37	0:39:01	0:05:21	2:57:19	0:03:28	2:20:28	FR	
05be0138-8989-f011-b4cc-6045bd05f634	971	Baptiste MINARD	M	M30-34	162	6:05:37	0:43:01	0:05:53	3:15:07	0:04:13	1:57:23	FR	
876f3a23-b828-ef11-840a-00224805abd4	972	Guillaume Huguerre	M	M25-29	245	6:05:44	0:48:08	0:07:45	3:09:34	0:05:22	1:54:54	FR	
e89bf65c-f48c-f011-b4cc-0022480a7385	973	Elsa Jouglens	F	F25-29	38	6:05:46	0:45:15	0:07:04	3:11:12	0:04:09	1:58:05	FR	
386ebd27-4c8a-f011-b4cc-000d3a5b7c3b	974	Hélène ROLLAND	F	F40-44	12	6:05:50	0:48:31	0:09:37	3:06:04	0:07:46	1:53:53	fra	
806f7923-75a8-4807-afb5-3ab45c28247d	975	Karolina Emilia Sadomska	F	F35-39	6	6:05:53	0:47:17	0:05:45	3:11:19	0:05:00	1:56:33	CH	
c9aa5198-8d4a-4b6c-b5fb-70f283ee48e6	976	Sebastian Le Normand	M	M35-39	104	6:05:58	0:43:43	0:08:58	3:14:09	0:06:09	1:52:59	che	
219849f0-43bf-f011-bbd3-6045bd05fcc1	977	Tom Colbert	M	M18-24	160	6:06:01	0:46:32	0:07:17	3:14:01	0:05:38	1:52:32	GBR	
0cd2c9c7-01c0-f011-bbd3-000d3a5b50ba	978	Yann Themines	M	M30-34	163	6:06:05	0:50:56	0:06:20	3:12:38	0:05:06	1:51:05	FRA	
85d3b384-bf46-f011-877a-6045bd09951e	979	Théo Martz	M	M25-29	246	6:06:11	0:49:16	0:05:31	3:02:05	0:04:15	2:05:06	FR	
85768598-c389-f011-b4cc-6045bd05f634	980	Jules ABRASSART	M	M18-24	161	6:06:15	0:49:56	0:06:39	3:03:58	0:04:09	2:01:33	fra	
843fd958-8e3b-47ee-b7bd-7d7c1919127d	981	Vicente Frédéric	F	M55-59	34	6:06:17	0:53:18	0:10:20	3:01:42	0:05:24	1:55:33	Unknown	
4d3b38e3-6fff-ec11-82e4-002248087bfd	982	Outi Henriksson	F	F55-59	7	6:06:21	0:43:16	0:06:42	3:15:02	0:05:49	1:55:32	FI	
a68ae377-665a-f011-bec2-6045bd05fcc1	983	Marceau Cornu	M	M40-44	65	6:06:24	0:47:06	0:10:21	3:02:36	0:07:58	1:58:24	Unknown	
0edbba26-9e89-f011-b4cc-0022480a7385	984	Maxime BAILLEUX	M	M25-29	247	6:06:37	0:45:12	0:06:20	3:06:43	0:04:53	2:03:29	FRA	
630ca224-ac89-f011-b4cc-0022480c097c	985	Joris Le Cleguerec	M	M30-34	164	6:06:50	0:43:58	0:04:56	2:52:03	0:04:12	2:21:42	FR	
3137a496-c6be-4d87-b1c7-5ab2d673904d	986	Andro Theart	M	M50-54	50	6:06:52	0:36:47	0:07:46	3:08:42	0:05:14	2:08:24	SOUTH AFRICA	
abfe14f5-4da3-f011-bbd3-6045bd05f634	987	Baptiste Da Silva	M	M18-24	162	6:06:53	0:44:03	0:07:37	3:03:57	0:06:43	2:04:33	FRA	
6b974354-acc6-f011-bbd2-000d3a5b7c3b	988	Robin Simons	M	M30-34	165	6:06:55	0:44:41	0:07:07	3:08:13	0:04:58	2:01:56	CHE	
1ac8f3eb-8caf-f011-bbd3-000d3a5b7c3b	989	Pierrick Renault	M	M30-34	166	6:06:57	0:43:55	0:05:04	2:52:17	0:05:17	2:20:25	FRA	
71288d35-ac91-f011-b4cc-0022480c097c	990	Ryan Boyd	M	M18-24	163	6:07:14	0:44:02	0:06:21	3:31:39	0:03:55	1:41:16	GB	
b6b30a1e-0354-f011-877b-000d3a5b50ba	991	Fabien Le Leuch	M	M30-34	167	6:07:16	0:43:32	0:08:26	2:59:25	0:06:29	2:09:23	fra	
1aadf490-a889-f011-b4cc-0022480c097c	992	Hugo Cognet	M	M25-29	248	6:07:28	0:49:34	0:08:34	2:59:34	0:05:23	2:04:24	FR	
eb3d2e73-69dc-4f41-89e9-3864f8e85143	993	Antoine Lesay	M	M25-29	249	6:07:31	0:45:27	0:06:11	3:13:06	0:04:08	1:58:40	FR	
2aa861e2-8db9-47ed-bd7e-948b2abd7cc7	994	Céline Kluska	F	F50-54	4	6:07:37	0:46:49	0:04:11	3:17:13	0:03:39	1:55:45	FR	
da79f9c3-7ec1-ef11-b8e8-6045bd018d16	995	Emile CHEVALIER	M	M35-39	105	6:07:40	0:48:55	0:09:38	3:02:48	0:05:11	2:01:09	FR	
44da59d0-8689-f011-b4cc-000d3a35ffc1	996	Roemer Doekes	M	M30-34	168	6:07:50	0:40:00	0:10:52	3:08:03	0:08:26	2:00:29	NL	
4f7f4c5b-e3f2-4b51-8f0f-3ae5d24f51b2	997	Radouan Agarmit	M	M40-44	66	6:07:58	0:49:44	0:08:59	3:09:31	0:05:57	1:53:48	Unknown	
48a7353f-3269-f011-bec3-000d3a35ffc1	998	Clémentine de la Fons	M	M30-34	169	6:08:00	0:45:29	0:07:16	3:19:04	0:05:53	1:50:18	Unknown	
6ea9645c-87a6-4623-aafe-2f33c5faa02a	999	Lucie Jansen	F	F50-54	5	6:08:03	0:44:11	0:08:00	3:15:08	0:05:33	1:55:11	GB	
49ef897d-cc94-f011-b4cc-0022480a7385	1000	Loïck Barnabé	M	M25-29	250	6:08:04	0:41:43	0:06:58	3:09:42	0:05:47	2:03:54	fra	
0893a8b8-8cb5-ef11-b8e8-000d3a5ae96c	1001	Annaelle Peytregnet	F	F30-34	25	6:08:04	0:41:01	0:05:48	3:20:32	0:06:27	1:54:18	fra	
0c7f07a4-ea8a-4741-8e1a-5e3edcbd4f18	1002	Emilie Geneste	F	F45-49	6	6:08:09	0:39:41	0:05:02	3:10:49	0:03:02	2:09:35	fra	
982b8ade-ca89-f011-b4cc-0022480a7385	1003	Baptiste MAHIEU	M	M25-29	251	6:08:14	0:43:44	0:07:08	3:04:15	0:05:11	2:07:55	FR	
57056b7d-0c58-f011-877b-000d3a3173b5	1004	Lucas FLEURY	M	M25-29	252	6:08:15	0:43:36	0:06:34	2:52:26	0:06:23	2:19:16	Unknown	
270563fd-8689-f011-b4cc-0022480a7385	1005	Grégoire RULIERE	M	M30-34	170	6:08:19	0:43:23	0:05:57	3:18:13	0:05:27	1:55:19	AE	
9b7ff4b4-1637-4554-9ad5-b1387242d1c7	1006	Louis Le Roux	M	M45-49	36	6:08:21	0:43:11	0:09:14	3:02:18	0:05:50	2:07:48	GBR	
8bad5759-4bb0-f011-bbd3-6045bd05fcc1	1007	Thibault Ponce	M	M18-24	164	6:08:34	0:36:23	0:05:57	3:02:29	0:05:41	2:18:05	fra	
533713e6-b38d-f011-b4cc-000d3a3173b5	1008	Agathe Trives Sanchez	F	F18-24	13	6:08:35	0:37:43	0:05:51	3:11:21	0:04:34	2:09:05	FR	
279ebea2-5ab6-4b28-bc1b-a0e62d714f19	1009	Olivier Moline	M	M55-59	35	6:08:37	0:43:31	0:08:37	3:16:58	0:06:26	1:53:05	fra	
7c31ebc7-a489-f011-b4cc-0022480a7385	1010	Raphaël Jouin	M	M18-24	165	6:08:40	0:46:41	0:07:45	3:07:58	0:05:40	2:00:37	FR	
349841d8-185f-f011-bec3-6045bd05fcc1	1011	Tony Vergnault	M	M25-29	253	6:08:41	0:52:03	0:08:47	2:58:33	0:04:16	2:05:02	FR	
bbc5f366-9029-4bef-b438-7ca73643f4aa	1012	Kevin Sabah	M	M40-44	67	6:08:45	0:50:26	0:08:04	3:07:41	0:07:56	1:54:37	fra	
52c45e49-b76d-4e73-a95b-ff6933c86f15	1013	Loïc Tierno	M	M50-54	51	6:08:49	0:43:06	0:07:09	3:14:44	0:04:43	1:59:07	fra	
7d5b11ca-441c-f011-998a-6045bd05fcc1	1014	Zacharie Vasselon	M	M25-29	254	6:08:55	0:45:47	0:07:30	3:14:40	0:04:23	1:56:35	fra	
266aa6ec-6da3-4963-bd07-3b721644cf5f	1015	Mikko Kallas	M	M50-54	52	6:08:57	0:46:12	0:07:38	3:03:19	0:06:20	2:05:28	FI	
1d8fb61e-1984-f011-b4cc-000d3a5cf7d8	1016	André Kerschen	M	M35-39	106	6:08:58	0:41:28	0:05:09	3:12:49	0:07:29	2:02:04	LUX	
b31306c8-788e-f011-b4cb-7ced8d7166e3	1017	Darnay Jean	M	M25-29	255	6:08:59	0:41:19	0:07:24	2:54:23	0:04:43	2:21:09	FR	
90d66303-2377-f111-ab0f-6045bd06566a	1018	Nicolas Rengear	M	M25-29	256	6:09:04	0:44:53	0:06:44	3:16:25	0:04:55	1:56:08	Unknown	
d248a4cf-dabf-f011-bbd3-6045bd05fcc1	1019	Sébastien Garrier	M	M30-34	171	6:09:04	0:39:52	0:06:48	3:02:01	0:04:58	2:15:26	FRA	
73ef0f3b-ab9f-f011-b41c-6045bd09951e	1020	Maarten Theussing	M	M18-24	166	6:09:17	0:43:31	0:07:03	2:59:53	0:03:43	2:15:06	NL	
b1ac60c5-819c-f011-b41c-000d3a5b7c3b	1021	Thomas Weldhen	M	M40-44	68	6:09:18	0:43:07	0:07:59	3:08:50	0:06:41	2:02:41	GB	
928af95d-2380-ef11-ac21-002248049fdc	1022	Gaëtan Duhayon	M	M25-29	257	6:09:20	0:37:20	0:06:38	3:04:40	0:05:38	2:15:05	FR	
a2720c63-8e89-f011-b4cc-000d3a5cf7d8	1023	Kars Trommel	M	M30-34	172	6:09:23	0:48:28	0:09:08	3:06:19	0:05:28	2:00:00	NL	
b84da16c-177f-44ad-b814-b32ecb53e2e6	1024	Tom Millard	M	M35-39	107	6:09:24	0:41:22	0:07:10	3:15:17	0:04:34	2:01:00	GBR	
705783b1-6689-f011-b4cc-0022480a7385	1025	Cédric Mayet	M	M25-29	258	6:09:26	0:42:06	0:06:04	3:08:32	0:04:17	2:08:29	FR	
329c99eb-6f5a-f011-bec2-6045bd05f634	1026	Lucas Rigaud	M	M25-29	259	6:09:32	0:40:55	0:06:56	3:07:09	0:04:19	2:10:13	FR	
309238a8-84b6-f011-bbd3-000d3a35ffc1	1027	Joseph Holland	M	M25-29	260	6:09:37	0:38:31	0:06:45	3:20:25	0:04:48	1:59:08	GBR	
0343d19e-8789-f011-b4cc-000d3a35ffc1	1028	Thomas Riviere	M	M25-29	261	6:09:39	0:41:22	0:06:07	3:19:08	0:05:22	1:57:40	FRA	
9a7770a0-8689-f011-b4cc-000d3a35ffc1	1029	Loic Guyot	M	M40-44	69	6:09:50	0:53:11	0:10:09	3:00:45	0:08:52	1:56:54	FR	
1b539732-e3d1-f011-bbd3-000d3a5b50ba	1030	Hugo Buchert	M	M25-29	262	6:09:50	0:53:32	0:06:05	3:14:18	0:04:06	1:51:49	FRA	
f5343093-8889-f011-b4cc-000d3a35ffc1	1031	Thomas Monsanglant	M	M30-34	173	6:09:51	0:48:12	0:06:47	2:57:59	0:04:01	2:12:52	FR	
2ce4d5c3-ba57-4fab-b3b9-64c9fab36a37	1032	Mario Ponziano	M	M55-59	36	6:09:52	0:36:15	0:06:04	2:57:34	0:08:08	2:21:51	ita	
6b9f257b-9789-f011-b4cc-000d3a3173b5	1033	Arthur Delille	M	M25-29	263	6:09:55	0:43:33	0:09:00	3:19:28	0:05:37	1:52:18	FR	
f58b5421-34bb-f011-bbd2-7ced8d70f9fb	1034	Tanguy Hetreux	M	M18-24	167	6:10:01	0:44:43	0:08:49	3:17:17	0:06:16	1:52:56	FRA	
b9bd737c-f430-400b-932d-746beaf8de8d	1035	Pascal Drouot	M	M40-44	70	6:10:04	0:43:13	0:09:08	3:10:26	0:06:41	2:00:36	fra	
65c6a72e-ab2b-4c28-b2d1-3d765bffa2cb	1036	Michal Šlambor	M	M40-44	71	6:10:06	0:48:03	0:08:26	3:16:01	0:05:08	1:52:28	cze	
2a2ddea8-5b80-451d-b3ab-4237e5123a32	1037	Stan Colomb	M	M40-44	72	6:10:06	0:48:53	0:10:05	3:21:37	0:06:59	1:42:32	GB	
fb27bb0b-456f-43f3-b114-c42b4c6f1f2f	1038	Sophie Leduc	F	F40-44	13	6:10:09	0:48:16	0:07:13	3:13:51	0:06:23	1:54:26	FRA	
5202e843-6784-f111-ab0f-0022480994c2	1039	Niko Mokkila	M	M45-49	37	6:10:17	0:46:42	0:09:56	3:09:17	0:05:02	1:59:20	FIN	
1622a489-99aa-f011-bbd3-000d3a5cf7d8	1040	Pierre Guillon	M	M40-44	73	6:10:18	0:38:19	0:07:56	3:19:27	0:05:48	1:58:48	fra	
7a373a8d-2292-f011-b4cc-000d3a5cf7d8	1041	Steeve Bregaint	M	M35-39	108	6:10:30	0:37:00	0:07:00	3:20:21	0:05:14	2:00:55	FR	
591bed89-4bb3-ef11-b8e8-6045bd088264	1042	Alexandra Latcham	F	F35-39	7	6:10:31	0:41:58	0:06:59	3:16:29	0:05:22	1:59:42	GBR	
8c974d72-9689-f011-b4cc-0022480c097c	1043	Paul SABY	M	M35-39	109	6:10:34	0:43:52	0:06:45	3:20:27	0:03:57	1:55:34	FR	
7c9d2f3a-e65a-ef11-a316-000d3a371e3b	1044	Antoine Hubert	M	M25-29	264	6:10:34	0:53:35	0:06:17	3:07:11	0:04:03	1:59:28	FR	
00c29110-e0bc-f011-bbd3-6045bd05fcc1	1045	Verena Rickert	F	F30-34	26	6:10:53	0:40:20	0:06:04	3:14:43	0:04:39	2:05:08	FRA	
99f3c8c2-3260-f011-bec3-6045bd05fcc1	1046	Gregory Ruotolo	M	M35-39	110	6:10:56	0:48:29	0:06:46	3:26:27	0:05:42	1:43:32	Unknown	
53f514dc-119b-f011-b41b-000d3a5cc053	1047	Freddy Jaulin	M	M35-39	111	6:10:57	0:44:14	0:08:24	3:05:24	0:04:45	2:08:10	fra	
c093c70a-97b5-45a1-9228-9ba908706b96	1048	Jerome Pasteur	M	M45-49	38	6:10:59	0:46:44	0:07:11	3:07:18	0:07:25	2:02:21	fra	
beb4dc99-4f33-f111-88b4-0022480995bd	1049	Chlöe Irvine	F	F25-29	39	6:11:02	0:42:27	0:05:26	3:27:21	0:05:55	1:49:54	GBR	
efc1ab2a-fcc3-f011-bbd2-6045bd00e25d	1050	Mathieu Germain	M	M25-29	265	6:11:09	0:49:32	0:09:01	3:08:03	0:05:18	1:59:15	FRA	
8879b322-a83c-4d1e-ac70-0b24af3d0b81	1051	Maryanne Nabet	F	F30-34	27	6:11:27	0:41:40	0:06:23	3:24:11	0:05:09	1:54:03	AU	
e885fbd2-0277-464c-8758-28de27afb9b5	1052	Mathieu Bompard	M	M35-39	112	6:11:29	0:42:27	0:07:34	3:09:52	0:04:49	2:06:47	fra	
e640a5ff-3e78-4ec8-9a80-425bd6d0cf72	1053	David Nevot	M	M50-54	53	6:11:29	0:43:51	0:06:16	3:09:00	0:04:01	2:08:20	FR	
2f04d06f-8689-f011-b4cc-000d3a5b50ba	1054	CHATON Thibaud	M	M35-39	113	6:11:42	0:45:22	0:05:43	2:55:55	0:05:26	2:19:16	FR	
d9a7cab8-0bc0-f011-bbd2-000d3a5b7c3b	1055	Marvin Tissier	M	M30-34	174	6:11:51	0:46:44	0:06:52	3:19:52	0:05:04	1:53:19	FRA	
feb37c3c-f34c-453b-a591-fa08741a2b73	1056	Guillaume Garcia Bege	M	M50-54	54	6:11:53	0:48:04	0:06:24	3:13:36	0:04:22	1:59:27	FR	
c62c8daf-8098-f011-b4cc-000d3a35ffc1	1057	Gonzague Guignard	M	M25-29	266	6:12:04	0:50:08	0:08:01	3:14:51	0:08:20	1:50:43	fra	
81e282b7-1190-f011-b4cc-000d3a5b7c3b	1058	Richard Tomlinson	M	M55-59	37	6:12:05	0:49:45	0:08:09	3:30:53	0:03:41	1:39:37	GB	
75b7561e-f795-4e1e-9496-ca6542666e61	1059	David Mallet	M	M35-39	114	6:12:10	0:40:53	0:05:59	3:28:45	0:04:57	1:51:36	CH	
5eb0b0d8-ba55-f011-877b-000d3a35ffc1	1060	Maureen Stengel	M	F25-29	40	6:12:12	0:40:50	0:09:16	3:04:34	0:05:32	2:11:59	Unknown	
82972f5b-0a96-f011-b4cc-0022480a7385	1061	Florian Brockmann	M	M30-34	175	6:12:14	0:44:12	0:07:36	3:06:44	0:05:14	2:08:27	deu	
a7bd4de3-bab9-f011-bbd2-000d3a5b7c3b	1062	Pierre Lemaire	M	M18-24	168	6:12:14	0:44:34	0:10:08	3:16:02	0:05:56	1:55:34	FRA	
ef0fb0c6-0237-4962-85c4-2e423d30d386	1063	Loïc Rousseau	M	M30-34	176	6:12:20	0:47:05	0:06:21	3:11:08	0:05:44	2:02:03	fra	
b393a87e-24d4-ef11-8ee9-000d3a5a403c	1064	Tommaso Di Prima	M	M40-44	74	6:12:26	0:52:13	0:08:58	3:14:39	0:06:36	1:50:01	IT	
7e8d82de-408a-f011-b4cc-000d3a5cf7d8	1065	Philippe Macak	M	M25-29	267	6:12:26	0:51:51	0:07:56	3:24:25	0:03:53	1:44:21	FR	
76f3bdeb-8aaf-4fe8-b5c5-fbeb48fbdc34	1066	Baptiste Drausin	M	M40-44	75	6:12:28	0:44:15	0:09:22	3:14:16	0:04:54	1:59:41	FR	
962de8c1-228c-f011-b4cc-000d3a5cf7d8	1067	George Edwards	M	M30-34	177	6:12:33	0:47:29	0:06:40	3:14:58	0:06:49	1:56:38	GBR	
2be1d207-638a-f011-b4cc-000d3a35ffc1	1068	Antonin JANY	M	M18-24	169	6:12:40	0:45:23	0:06:34	3:08:50	0:03:42	2:08:12	FR	
bebb7319-459a-f011-b4cc-000d3a3173b5	1069	Linn Van Lierde	F	F25-29	41	6:12:42	0:41:25	0:07:21	3:11:07	0:06:08	2:06:40	BE	
3b1bc824-c460-f011-bec3-000d3a5b50ba	1070	Clément Argentin	M	M30-34	178	6:12:45	0:41:07	0:07:22	3:20:48	0:06:01	1:57:27		
abed5078-2b46-ed11-bba1-000d3a314ae2	1071	Lauren Wood	F	F35-39	8	6:12:56	0:33:38	0:07:46	3:33:45	0:08:40	1:49:07	gbr	
bf96833a-9432-481a-9b7d-8a805bc4a67b	1072	Reino Hyvärinen	M	M55-59	38	6:13:09	0:55:36	0:07:36	3:12:25	0:07:25	1:50:07	FI	
17a58847-e35e-4bb9-bbf0-dec24e0c5a37	1073	Sébastien Chandonnay	M	M50-54	55	6:13:11	0:42:49	0:07:16	3:10:35	0:06:25	2:06:05	fra	
e6ccf51c-49e5-ee11-904c-6045bd064839	1074	Jamie Leighton	M	M45-49	39	6:13:16	0:40:36	0:07:46	3:16:55	0:05:15	2:02:44	GB	
f01e2cd7-2fc6-f011-bbd3-6045bd09951e	1075	fabre baptiste	M	M18-24	170	6:13:19	0:41:00	0:05:13	2:57:06	0:04:57	2:25:03	FRA	
ddbafed3-e99a-f011-b4cc-000d3a5b50ba	1076	Titouan Pradal	M	M18-24	171	6:13:20	0:45:17	0:06:11	3:08:08	0:04:49	2:08:54	fra	
665a8618-c6b9-f011-bbd3-000d3a35ffc1	1077	Angus Macdonald	M	M25-29	268	6:13:27	0:47:50	0:13:25	2:58:21	0:08:03	2:05:49	GBR	
171f5c5a-3648-ef11-a317-6045bd0953ac	1078	Ian Rodd	M	M50-54	56	6:13:36	0:42:42	0:08:04	3:09:00	0:07:25	2:06:25	GB	
dd880f57-358a-f011-b4cb-000d3a30a38f	1079	Geoffrey Mas	M	M25-29	269	6:13:40	0:40:37	0:07:22	3:22:31	0:05:37	1:57:33	fra	
e58451ca-41eb-493e-8b12-d2e2fd8997fc	1080	Ronan Arnaud	M	M35-39	115	6:13:54	0:49:58	0:05:43	3:19:04	0:04:07	1:55:01	FR	
08bf68f5-33c1-f011-bbd3-002248098cfa	1081	Pierrick VERT	M	M35-39	116	6:13:55	0:39:17	0:05:25	3:14:12	0:04:35	2:10:26	fra	
6e7d9b8c-6989-f011-b4cc-000d3a5cf7d8	1082	Alexis GUETTIER	M	M18-24	172	6:13:59	0:39:19	0:06:46	3:17:58	0:04:06	2:05:49	FR	
0f8994a1-9c9c-f011-b41c-000d3a5b7c3b	1083	Andrea Meienberg	F	F50-54	6	6:14:05	0:44:55	0:06:16	3:19:48	0:05:24	1:57:42	CH	
45b7f6b8-69a0-40be-96d1-5fc69ff6b1bd	1084	Christophe Mery	M	M45-49	40	6:14:18	0:46:20	0:09:55	3:12:18	0:06:22	1:59:23	fra	
d8a715ba-3e66-ef11-bfe3-6045bd0953ac	1085	Fanny Ziegler	F	F25-29	42	6:14:22	0:42:43	0:05:20	3:20:48	0:03:57	2:01:34	FR	
f86b5225-eaa6-f011-bbd3-6045bd05f634	1086	Eythan Delelis	M	M18-24	173	6:14:31	0:39:32	0:04:34	3:17:38	0:05:25	2:07:22	FR	
77ef21c3-e27d-ef11-ac21-000d3a338a3c	1087	Baptiste Stipa	M	M18-24	174	6:14:33	0:46:48	0:06:13	3:09:29	0:06:34	2:05:29	FR	
7512baee-90b7-f011-bbd3-6045bd0194a5	1088	Victor Andre	M	M25-29	270	6:14:53	0:39:54	0:07:22	3:21:52	0:04:16	2:01:29	BEL	
d3f39007-9cbc-f011-bbd2-000d3a5b7c3b	1089	Gavin Down	M	M30-34	179	6:15:00	0:44:49	0:06:47	3:18:04	0:04:51	2:00:29	GBR	
01085048-1e87-f011-b4cc-000d3a3173b5	1090	Jean-Baptiste Baudet	M	M25-29	271	6:15:01	0:44:34	0:08:53	3:09:23	0:06:17	2:05:54	fra	
50258bce-52c9-f011-bbd3-000d3a5b50ba	1091	manuel mercier	M	M30-34	180	6:15:07	0:52:22	0:06:08	3:04:00	0:03:56	2:08:42	FRA	
2728d261-918a-f011-b4cb-000d3a30a38f	1092	Rémi Surget	M	M35-39	117	6:15:12	0:45:15	0:07:42	3:17:14	0:04:25	2:00:36	FR	
4fb319f9-ae89-f011-b4cc-6045bd09951e	1093	Hubert Vaillant	M	M25-29	272	6:15:16	0:43:51	0:08:38	3:16:13	0:04:42	2:01:52	FR	
0f077bd6-a591-f011-b4cc-000d3a5b50ba	1094	léo stirati	M	M25-29	273	6:15:30	0:45:57	0:11:18	3:10:34	0:07:51	1:59:49	FRA	
28ae4a48-e20d-4beb-a5b1-7067fa90e044	1095	Lénaïc Lapierre	M	M25-29	274	6:15:32	0:40:17	0:05:44	3:09:28	0:05:31	2:14:32	Unknown	
9cae70ba-3388-f011-b4cc-000d3a35ffc1	1096	Axel Boullier	M	M25-29	275	6:15:34	0:42:23	0:07:12	3:10:08	0:04:59	2:10:52	FR	
d0afea4f-2971-4d0f-acec-7b11dc9c56cd	1097	Gabriel Bricio Nobrega De Oliveira	M	M30-34	181	6:15:39	0:43:24	0:06:03	3:30:48	0:06:20	1:49:04	fra	
12279c4d-bab9-f011-bbd2-6045bd0050a6	1098	Jared Cruickshank	M	M18-24	175	6:15:41	0:48:21	0:06:57	3:30:06	0:03:58	1:46:20	GBR	
be37bcbd-7019-f011-9989-000d3a5b7c3b	1099	Noam Touimi	M	M18-24	176	6:15:49	0:41:42	0:05:48	3:30:19	0:05:18	1:52:43	CHE	
f00a5156-a1aa-f011-bbd3-000d3a5b50ba	1100	Marine Donfut	F	F25-29	43	6:15:52	0:41:06	0:10:00	3:07:40	0:05:38	2:11:29	BE	
780c774d-c8a6-f011-bbd3-000d3a3173b5	1101	Philippe PAUPERT	M	M55-59	39	6:16:00	0:49:46	0:06:35	3:07:39	0:04:39	2:07:21	FRA	
a227027d-df8a-ee11-8179-000d3a5ca14e	1102	Vincent Marsaudon	M	M35-39	118	6:16:02	0:44:46	0:06:09	3:13:56	0:04:13	2:06:58	FR	
08634397-8aa2-f011-bbd2-000d3a5c6334	1103	Marie-Lili HAFIZIN	F	F25-29	44	6:16:08	0:35:20	0:04:53	3:21:01	0:04:53	2:10:01	FR	
d0615946-b989-f011-b4cc-000d3a3173b5	1104	HUGO LENOIR	M	M18-24	177	6:16:15	0:52:30	0:08:44	3:14:57	0:05:30	1:54:34	FR	
c373ef35-fbbb-f011-bbd3-6045bd05f634	1105	Nicolas ESPARZA	M	M30-34	182	6:16:32	0:49:25	0:08:26	3:14:02	0:07:48	1:56:51	deu	
196b78a8-fd97-f011-b4cc-000d3a5cf7d8	1106	Landry PIHOUR	M	M18-24	178	6:16:32	0:48:53	0:08:26	3:15:04	0:05:34	1:58:35	FR	
67966377-4a36-4910-9272-1d62eaf19564	1107	Abhishek Lahoti	M	M40-44	76	6:16:32	0:43:12	0:07:26	3:25:29	0:04:35	1:55:50	US	
7696bd9f-a2d6-4cae-b95c-1eb5fe71d43b	1108	Andrew Mckay	M	M50-54	57	6:16:36	0:44:32	0:07:20	3:19:01	0:08:40	1:57:03	GB	
bc236ab7-8789-f011-b4cc-000d3a5b50ba	1109	Julie Lambert	F	F18-24	14	6:16:37	0:34:38	0:09:51	3:21:21	0:08:35	2:02:12	BEL	
1846771e-3daf-f011-bbd3-000d3a35ffc1	1110	Kiki Janse	F	F18-24	15	6:16:42	0:47:12	0:06:36	3:11:32	0:05:09	2:06:12	NLD	
a707f0c8-434f-f011-877a-000d3a5b50ba	1111	Jade Malblanc	F	F18-24	16	6:16:45	0:38:47	0:06:08	3:24:08	0:04:10	2:03:31	fra	
67b2b4c2-d4ee-ef11-9342-6045bd018d16	1112	Timo Piispa	M	M50-54	58	6:16:45	0:46:03	0:06:50	3:00:27	0:06:37	2:16:49	FI	
687ce1ec-27d5-ef11-8eea-002248049fdc	1113	Hugo Brossard	M	M35-39	119	6:16:48	0:42:18	0:05:32	3:11:52	0:03:55	2:13:12	fra	
06bd2f1e-4ac2-f011-bbd3-000d3a5b50ba	1114	Martin Bignon	M	M30-34	183	6:16:52	0:52:51	0:05:35	3:08:12	0:05:59	2:04:14	FRA	
02672767-37c3-f011-bbd2-000d3a5b7c3b	1115	Peter Reddall	M	M35-39	120	6:16:53	0:42:36	0:08:54	3:20:33	0:06:19	1:58:32	GBR	
1671e252-7bc4-f011-bbd3-000d3a3173b5	1116	Lara Müller	F	F30-34	28	6:16:59	0:47:46	0:05:25	3:26:18	0:05:17	1:52:12	DEU	
0aa5c2f4-808e-f011-b4cc-6045bd05fcc1	1117	Jonathan Blot	M	M40-44	77	6:16:59	0:42:52	0:05:56	2:52:42	0:06:46	2:28:43	FR	
a0a8ab01-1493-f011-b4cb-002248098cfa	1118	Joseph Blumberger	M	M18-24	179	6:17:19	0:46:20	0:06:28	3:23:27	0:05:03	1:56:01	FR	
f2f432fb-9289-f011-b4cc-000d3a5b50ba	1119	ELODIE SAMY	F	F25-29	45	6:17:20	0:41:59	0:09:02	3:25:06	0:04:13	1:57:00	FR	
19be278b-8989-f011-b4cb-000d3a30a38f	1120	Thomas Pigeon	M	M25-29	276	6:17:23	0:44:10	0:06:47	3:11:30	0:03:19	2:11:38	FR	
90a33689-a961-f011-bec1-002248040153	1121	Sandro Pannuti	M	M18-24	180	6:17:37	0:35:44	0:07:03	3:15:27	0:05:01	2:14:21	Unknown	
733498ef-3c8d-f011-b4cc-000d3a5cf7d8	1122	Maximilien Guittard	M	M30-34	184	6:17:39	0:52:50	0:07:39	3:11:39	0:07:23	1:58:08	FR	
df3de25a-0194-f011-b4cc-6045bd05f634	1123	Matt Bailey	M	M40-44	78	6:17:40	0:40:50	0:06:44	3:16:18	0:05:27	2:08:21	GBR	
9cf9902b-d5bc-4992-b064-dba1dcf79569	1124	Sophie Boyer	M	M40-44	79	6:17:52	0:44:56	0:05:43	3:27:55	0:04:01	1:55:16	Unknown	
abdd023e-22b0-4ea7-bd9e-7520fb5bf9a0	1125	Jodie Maslen	F	F45-49	7	6:17:58	0:33:35	0:04:51	3:17:07	0:04:46	2:17:40	gbr	
6b443088-878a-f011-b4cc-6045bd05fcc1	1126	Noah Louvel	M	M18-24	181	6:18:02	1:00:21	0:07:11	3:09:59	0:06:07	1:54:24	FR	
ce635af8-6c96-f011-b4cc-000d3a5cf7d8	1127	Rayan Kouici	M	M25-29	277	6:18:05	0:48:13	0:07:23	3:26:25	0:05:53	1:50:10	FR	
8f2bdd96-3457-f011-877b-0022480a7385	1128	Eden Capelier	F	F18-24	17	6:18:06	0:38:09	0:05:35	3:34:58	0:03:26	1:55:59	FR	
55f69bd9-2567-f011-bec2-000d3a5cf7d8	1129	Ylona Thuaux	F	F25-29	46	6:18:11	0:38:15	0:06:43	3:24:05	0:04:35	2:04:33	FR	
d28c9fdd-63ac-f011-bbd3-6045bd05fcc1	1130	Thomas Schmutz	M	M25-29	278	6:18:20	0:40:16	0:05:53	3:13:35	0:05:18	2:13:18	CH	
a2c18237-359e-f011-b41c-000d3a3173b5	1131	Hector Burgard	M	M18-24	182	6:18:22	0:51:13	0:07:33	3:15:01	0:06:11	1:58:23	FR	
e181d5e4-0558-f011-877b-000d3a5c3d6c	1132	Mathilde Allard	F	F18-24	18	6:18:28	0:43:05	0:06:17	3:16:12	0:05:10	2:07:43	Unknown	
12f9e83c-b1b9-f011-bbd2-000d3a5b7c3b	1133	Wesley Çokuçkun	M	M30-34	185	6:18:35	0:40:55	0:09:27	3:00:01	0:06:47	2:21:25	BEL	
f9da7e32-20ac-f011-bbd3-6045bd09951e	1134	Jules Lacourt	M	M18-24	183	6:18:37	0:51:39	0:08:07	3:11:50	0:05:42	2:01:20	FR	
131253d0-6892-f011-b4cc-000d3a5b50ba	1135	Sijmen Douven		M18-24	184	6:18:38	0:42:22	0:08:15	3:12:53	0:06:03	2:09:05	NLD	
0713ed39-e130-ef11-8409-000d3a352668	1136	Olivia Fuselier	F	F40-44	14	6:18:40	0:51:35	0:05:23	3:10:21	0:04:05	2:07:15	FR	
681c0ec1-8c8a-f011-b4cc-000d3a5cf7d8	1137	Tommy Bugaut	M	M25-29	279	6:18:54	0:52:08	0:07:28	3:12:37	0:06:38	2:00:02	FR	
2dadc636-9089-f011-b4cc-000d3a3173b5	1138	Tamer Kayal Kharrat	M	M25-29	280	6:18:55	0:46:38	0:07:44	3:18:26	0:07:49	1:58:19	esp	
641010f7-4254-f011-877b-6045bd05fcc1	1139	Fabien GUEZELLOU	M	M45-49	41	6:18:58	1:06:00	0:07:16	2:55:50	0:04:13	2:05:38	FR	
763b2d00-7d83-f011-b4cc-000d3a5cf7d8	1140	Jeanine Wüthrich	M	F30-34	29	6:19:03	0:49:26	0:06:13	3:10:43	0:06:42	2:06:00	Unknown	
45fe243f-e7bf-f011-bbd2-7ced8d711e4b	1141	Jean-Baptiste Hanquin	M	M30-34	186	6:19:05	0:49:56	0:10:11	3:01:41	0:07:23	2:09:55	BEL	
f3fb0cab-8fa2-f011-bbd3-6045bd05f634	1142	JENNIFER MARTINAGE	F	F40-44	15	6:19:07	0:44:18	0:07:31	3:33:19	0:06:10	1:47:48	FR	
51e1113c-708f-f011-b4cc-000d3a5b7c3b	1143	Julien Courville	M	M35-39	121	6:19:53	0:45:13	0:05:58	3:00:58	0:05:27	2:22:18	FR	
3ed73a68-a549-423c-a111-1a35618c387e	1144	Maxime POUPIN	F	M40-44	80	6:19:56	0:48:20	0:09:09	3:17:49	0:05:19	1:59:19	fra	
637ebffa-a389-f011-b4cc-000d3a3173b5	1145	Vincent PORTRAIT	M	M45-49	42	6:20:00	0:44:35	0:05:08	3:26:37	0:03:40	2:00:00	FR	
ab702e83-d388-ef11-ac21-002248049fdc	1146	Bruno Delgado Salvaterra	M	M35-39	122	6:20:10	0:44:12	0:06:32	3:34:44	0:05:17	1:49:26	PT	
a9293a12-b47d-f011-b4cc-0022480c097c	1147	Laurine Berruer	F	F25-29	47	6:20:13	0:47:56	0:06:07	3:19:06	0:03:23	2:03:41	fra	
321ee088-f0a8-ef11-b8e9-000d3a5a1803	1148	Clément RUEDA	M	M35-39	123	6:20:20	0:46:26	0:08:33	2:54:54	0:08:09	2:22:18	FRA	
405b0791-04ca-f011-bbd3-000d3a5cf7d8	1149	Tidiane Seck	M	M18-24	185	6:20:28	0:44:19	0:07:42	3:25:21	0:05:33	1:57:34	FRA	
ee0d4f66-23a2-f011-bbd3-6045bd05fcc1	1150	Jessim Benserir	M	M18-24	186	6:20:32	0:51:57	0:06:26	3:10:43	0:03:35	2:07:52	fra	
2da7b037-8789-f011-b4cc-000d3a5b50ba	1151	Maxime Roux	M	M30-34	187	6:20:33	0:41:09	0:08:02	3:12:19	0:06:11	2:12:51	FR	
83467060-868c-f011-b4cc-0022480a7385	1152	Adèle Jacquard	F	F25-29	48	6:20:35	0:38:09	0:06:30	3:22:19	0:04:41	2:08:57	CH	
1176be91-cac2-f011-bbd3-6045bd05fcc1	1153	Tom Savaresse	M	M18-24	187	6:20:37	0:43:10	0:06:54	3:10:55	0:05:42	2:13:56	FRA	
d181d479-cb89-f011-b4cc-000d3a5b50ba	1154	Nathan Clarke	M	M18-24	188	6:20:46	0:33:38	0:05:14	3:33:15	0:05:44	2:02:56	GB	
f33a0360-b1a7-f011-bbd3-000d3a5b50ba	1155	Mickael Soler	M	M25-29	281	6:20:58	0:55:15	0:09:38	3:12:49	0:07:31	1:55:45	FR	
c2175e3b-a690-f011-b4cc-000d3a5b7c3b	1156	Rainer Brunner	M	M40-44	81	6:21:01	0:37:13	0:05:53	3:22:21	0:04:40	2:10:54	CHE	
7ac2cb4b-cb85-f011-b4cc-6045bd09951e	1157	Hugo Ratier	M	M18-24	189	6:21:10	0:39:55	0:07:45	3:02:04	0:07:23	2:24:04	FR	
16a297c2-194d-eb11-a813-000d3a5a1bfb	1158	Thomas Atwell	M	M30-34	188	6:21:14	0:35:13	0:07:25	3:17:00	0:07:11	2:14:26	GB	
df40b94b-f457-f011-877b-6045bd09951e	1159	Alexis Lapierre	M	M25-29	282	6:21:16	0:45:56	0:06:06	3:19:19	0:04:38	2:05:18	Unknown	
5cbc3aa5-63ac-f011-bbd3-000d3a3173b5	1160	Loïc Lapierre	M	M25-29	283	6:21:18	0:43:29	0:05:58	3:17:33	0:04:04	2:10:14	CH	
4ce45452-4375-4412-bd6d-40932b357a1d	1161	Frederic L'Huillier	M	M55-59	40	6:21:24	0:42:53	0:08:33	3:18:56	0:10:17	2:00:46	fra	
470a363e-b3fd-ee11-a1fe-6045bd075a4c	1162	Erwan Kergoat	M	M18-24	190	6:21:25	0:44:45	0:07:55	3:13:32	0:06:12	2:09:02	fra	
3fea38f9-815d-f011-bec2-000d3a5b50ba	1163	Baptiste Renard	M	M40-44	82	6:21:28	0:45:57	0:09:05	3:13:31	0:06:56	2:05:59	FR	
e946b207-fb48-ef11-a317-000d3a5c08e8	1164	Anthony Mercier	M	M30-34	189	6:21:30	0:49:23	0:05:58	3:20:37	0:03:33	2:01:59	FR	
5d9afae5-71b9-f011-bbd3-6045bd09951e	1165	Florian Schlösser	M	M25-29	284	6:21:32	0:41:58	0:09:37	3:18:31	0:06:09	2:05:17	DEU	
ff7987ef-5087-f011-b4cc-6045bd05f634	1166	David Fuziol	M	M55-59	41	6:21:43	0:50:06	0:06:14	3:12:17	0:05:22	2:07:43	FR	
8091a967-08a4-ef11-8a69-6045bd018d16	1167	Nicolas Scaringella	M	M25-29	285	6:21:48	0:37:59	0:04:59	3:12:35	0:03:55	2:22:20	FR	
bfce2b29-888c-f011-b4cc-002248098cfa	1168	Camille Velay	F	F25-29	49	6:21:52	0:43:29	0:06:40	3:28:38	0:05:39	1:57:26	FR	
503bffb1-3986-f011-b4cc-6045bd09951e	1169	Yoan Degremont	M	M30-34	190	6:21:54	0:46:33	0:07:22	3:11:38	0:04:23	2:11:58	FR	
c6e26b0d-09af-f011-bbd3-000d3a35ffc1	1170	Julien Martel	M	M45-49	43	6:21:57	0:44:49	0:06:57	3:15:51	0:03:58	2:10:22	fra	
23be423e-65be-f011-bbd3-0022480a7385	1171	Emma Rigard-Asquith	F	F18-24	19	6:22:03	0:38:51	0:06:48	3:19:43	0:09:00	2:07:41	GBR	
a87b2090-8789-f011-b4cc-000d3a5b50ba	1172	Florian Hueber	M	M25-29	286	6:22:10	0:38:24	0:07:28	3:15:47	0:07:09	2:13:22	FR	
6c3efd01-9f68-f011-bec3-6045bd09951e	1173	Romain Bernard	M	M18-24	191	6:22:16	0:58:20	0:05:50	3:14:19	0:05:20	1:58:27	Unknown	
5f6c3918-ec8e-f011-b4cc-000d3a35ffc1	1174	Winslow Gordon	M	M18-24	192	6:22:17	0:49:43	0:10:37	3:30:08	0:05:40	1:46:08	FR	
fa2c46de-54c2-4eea-8e8d-e01d455e97f9	1175	Joëlle Theobald-Schmit	F	F55-59	8	6:22:19	0:45:55	0:08:04	3:19:39	0:05:36	2:03:05	LU	
6a209698-d67d-f011-b4cc-000d3a5cf7d8	1176	Chloé Vehent	F	F25-29	50	6:22:20	0:51:21	0:08:31	3:19:19	0:06:19	1:56:50	Unknown	
b5dfc409-e81c-4b14-afe7-a9e034207e7d	1177	Rebecca Duggan	F	F35-39	9	6:22:24	0:41:26	0:07:54	3:14:54	0:07:38	2:10:31	AU	
18f42570-e39a-f011-b4cc-000d3a5b7c3b	1178	LUISA PONTES	F	F30-34	30	6:22:24	0:50:56	0:08:40	3:16:51	0:07:49	1:58:09	BRA	
247c53f1-6abd-f011-bbd3-000d3a5cf7d8	1179	Tatiana Guinness	F	F30-34	31	6:22:24	0:51:48	0:06:24	3:20:02	0:06:20	1:57:50	GBR	
c6e0dd4b-78a8-f011-bbd3-000d3a5cf7d8	1180	Edo Simon	M	M18-24	193	6:22:33	0:49:16	0:07:39	3:16:55	0:06:24	2:02:18	nld	
7fabdcc2-bdc4-f011-bbd3-000d3a5b50ba	1181	arthur affraix	M	M25-29	287	6:22:38	0:40:35	0:06:01	3:16:41	0:04:20	2:15:00	FRA	
d3663200-f2c6-f011-bbd3-0022480a7385	1182	ARNAUD HABERSTROH	M	M35-39	124	6:22:43	0:43:06	0:06:24	3:20:54	0:03:55	2:08:24	FRA	
d72fa129-805e-4483-a1c3-d3734dc3162e	1183	Laura Greze	F	F40-44	16	6:22:47	0:46:35	0:07:41	3:08:57	0:05:03	2:14:32	FR	
978e462a-ab8c-f011-b4cc-6045bd05fcc1	1184	Laurie Truffer	F	F35-39	10	6:22:49	0:45:22	0:05:44	3:25:43	0:06:13	1:59:46	CH	
93fbfa6e-23d7-4f7c-bfad-ae0df03f9cd1	1185	Philippe Parmantier	M	M65-69	6	6:22:57	0:38:23	0:08:34	3:15:54	0:06:09	2:13:57	FRA	
70b50a43-d760-f011-bec3-000d3a5cf7d8	1186	Jordan Themines	M	M30-34	191	6:22:57	0:49:27	0:08:08	3:16:47	0:06:43	2:01:53	FRA	
66ff2896-2292-f011-b4cc-000d3a5b50ba	1187	Titouan Bertel	M	M25-29	288	6:22:59	0:43:24	0:09:27	3:15:03	0:07:38	2:07:28	fra	
a0b93fac-66c2-f011-bbd2-000d3a5b7c3b	1188	Valentin Moreau	M	M25-29	289	6:23:00	0:40:55	0:07:49	3:32:46	0:05:41	1:55:50	FRA	
d7fcd22c-b244-4ac3-b857-883a09afa7d3	1189	Hendrik Plantinga	M	M45-49	44	6:23:02	0:52:11	0:09:03	3:19:36	0:07:12	1:54:59	NL	
97f67d68-b9c4-f011-bbd3-000d3a35ffc1	1190	Charlene Dupe	F	F30-34	32	6:23:02	0:42:53	0:08:54	3:22:41	0:08:37	1:59:57	FRA	
8e89debc-c9b9-f011-bbd3-000d3a5b50ba	1191	Christopher Slason	M	M30-34	192	6:23:05	0:37:31	0:06:30	3:24:43	0:03:51	2:10:30	FRA	
e3516fea-8689-f011-b4cb-000d3a30a38f	1192	Kylian Certain	M	M18-24	194	6:23:06	0:39:48	0:06:14	3:29:50	0:05:47	2:01:27	FR	
a49c71ed-2c4b-ef11-a317-000d3a5c08e8	1193	Christine RAYBAUD	F	F45-49	8	6:23:15	0:45:26	0:06:48	3:23:14	0:04:14	2:03:33	fra	
98f1aeb1-8689-f011-b4cc-6045bd09951e	1194	Sébastien Delunsch	M	M18-24	195	6:23:25	0:42:51	0:07:06	3:20:05	0:04:28	2:08:55	FR	
4cff0209-8789-f011-b4cc-000d3a5b7c3b	1195	Hippolyte Desage	M	M25-29	290	6:23:25	0:44:08	0:08:55	3:14:02	0:06:22	2:09:58	FR	
88599332-11a4-46a3-87af-50db98f2d90e	1196	Jeremy Cougnet	M	M35-39	125	6:23:30	0:54:12	0:07:55	3:12:39	0:04:09	2:04:34	FR	
6e7c91ff-818a-f011-b4cc-0022480a7385	1197	Kélian Dumon	M	M25-29	291	6:23:32	0:50:26	0:05:06	3:29:04	0:03:39	1:55:17	FR	
fdca371f-e2a2-4fc0-8030-b0f33ba90bcc	1198	Jan Romo	M	M45-49	45	6:23:34	0:52:30	0:07:03	3:11:41	0:06:16	2:06:05	che	
2a52c709-9b74-ee11-9ae7-000d3a314d17	1199	Matthieu Girard	M	M30-34	193	6:23:35	0:40:39	0:05:53	3:14:45	0:04:35	2:17:43	FR	
3683d7cc-8789-f011-b4cc-002248098cfa	1200	Guillaume Andrieux	M	M30-34	194	6:23:36	0:50:13	0:08:05	3:19:28	0:06:47	1:59:03	FR	
cd47611f-0472-f011-bec2-0022480a7385	1201	THIBAUT BROUTEELE	M	M30-34	195	6:23:42	0:48:59	0:07:24	3:13:49	0:05:18	2:08:12	FR	
def6b753-e48c-f011-b4cc-6045bd05fcc1	1202	Anaë Gouttebel	F	F18-24	20	6:23:43	0:54:36	0:05:40	3:28:51	0:03:41	1:50:54	FR	
67e6d9bb-c994-f011-b4cc-000d3a5b50ba	1203	Elodie Palacci	F	F50-54	7	6:23:46	0:43:24	0:10:03	3:23:34	0:07:05	1:59:40	FR	
4aa8c131-ebc1-4409-9ddf-c37b7f4e4d41	1204	SEBASTIEN HUCK	M	M40-44	83	6:23:53	0:43:07	0:08:11	3:09:19	0:06:46	2:16:30	fra	
e72fd89d-ac89-f011-b4cb-000d3a30a38f	1205	Tony COLETTE	M	M40-44	84	6:23:56	0:52:48	0:09:24	3:01:13	0:05:26	2:15:05	FRA	
d42821c2-7543-ef11-8409-6045bd079a13	1206	Sandra Reid	F	F45-49	9	6:23:59	0:58:13	0:07:14	3:24:29	0:07:32	1:46:31	GB	
7317d499-33a0-f011-b41c-000d3a3173b5	1207	Eddy PARDIEU	M	M40-44	85	6:24:05	0:48:09	0:07:11	3:10:05	0:07:04	2:11:36	FR	
b4d6390f-5358-ee11-be6f-000d3a314d17	1208	Johanna Rougeron	F	F30-34	33	6:24:10	0:45:40	0:06:40	3:20:55	0:05:00	2:05:55	FRA	
a2b5b468-9689-f011-b4cc-0022480a7385	1209	Jérémy Neri	M	M18-24	196	6:24:12	0:42:27	0:06:10	3:20:12	0:04:38	2:10:45	fra	
57376b91-418b-f011-b4cb-000d3a5c3d6c	1210	Jeannot Célien	M	M18-24	197	6:24:13	0:59:06	0:06:45	3:22:59	0:08:53	1:46:30	FR	
89123227-4296-4469-a89b-53b3f26e05b8	1211	Luc Nachtergaele	M	M65-69	7	6:24:14	0:46:27	0:08:30	3:18:51	0:05:58	2:04:28	BEL	
9db56740-db11-4637-92fa-f3bf138fd70e	1212	Hannah Hohn	F	F25-29	51	6:24:38	0:45:06	0:07:38	3:33:17	0:06:14	1:52:23	usa	
daf047ad-e7c3-46bc-bb34-c8371fe9b62d	1213	John Ashack	M	M25-29	292	6:24:42	0:45:09	0:07:24	3:32:15	0:07:31	1:52:24	usa	
105b14ad-7985-f011-b4cc-000d3a35ffc1	1214	Daoud BENARFA	M	M30-34	196	6:24:48	0:53:27	0:09:01	3:27:05	0:05:04	1:50:11	fra	
5dba2908-d86b-f011-bec3-000d3a3173b5	1215	David Delacroix	M	M45-49	46	6:24:53	0:44:40	0:07:38	3:06:23	0:05:22	2:20:49	FR	
4f361539-73b9-f011-bbd3-000d3a5cf7d8	1216	Wojciech Pankow	M	M40-44	86	6:25:07	0:56:12	0:08:42	3:27:16	0:04:33	1:48:24	GBR	
26d0fa54-19d4-f011-8543-000d3a5b5fc7	1217	auguste chapuy	M	M18-24	198	6:25:10	0:55:33	0:07:40	3:18:30	0:04:03	1:59:25	FRA	
73649fdb-7f78-415e-adbb-ca072b494e18	1218	Carla De Furia	F	F25-29	52	6:25:10	0:39:31	0:07:22	3:21:14	0:05:48	2:11:15	fra	
33858cc6-281a-402b-94fb-56415d0850fd	1219	Benjamin Boiton	M	M35-39	126	6:25:13	0:42:26	0:09:08	3:10:50	0:07:18	2:15:32	FR	
e2dedf4b-8689-f011-b4cc-6045bd05fcc1	1220	Fanny Karczewski	F	F30-34	34	6:25:21	0:55:11	0:05:47	3:17:49	0:05:43	2:00:51	FR	
a9fef288-ba9b-f011-b41c-000d3a35ffc1	1221	Romain Lefevre	M	M35-39	127	6:25:25	0:39:37	0:07:49	3:11:47	0:03:58	2:22:15	FR	
7194fc48-ff57-f011-877b-000d3a35ffc1	1222	Enya Decroes	F	F18-24	21	6:25:29	0:44:02	0:05:15	3:38:12	0:06:22	1:51:38	bel	
10b697ae-439e-f011-b41c-000d3a5b7c3b	1223	Emma Hampton	F	F25-29	53	6:25:38	0:45:29	0:08:17	3:42:26	0:07:02	1:42:25	GB	
1939d035-24c1-f011-bbd3-000d3a5b50ba	1224	Yann DIGOIS	M	M50-54	59	6:25:45	0:48:17	0:07:08	3:07:15	0:06:18	2:16:47	FRA	
2e052f9b-d4a9-ef11-b8e9-000d3a5a1803	1225	Nathalie Eloy	F	F45-49	10	6:25:52	0:53:50	0:12:40	3:07:18	0:14:31	1:57:33	bel	
a12855ac-adb9-f011-bbd3-6045bd09951e	1226	Jaime Mesa	M	M18-24	199	6:25:53	0:42:53	0:06:03	3:16:12	0:05:08	2:15:38	GBR	
45c5f116-62da-4a57-a096-3be5b71c159e	1227	Martin Maras	M	M55-59	42	6:25:54	0:44:05	0:09:16	2:54:49	0:04:59	2:32:43	DE	
d1692d82-4f14-4e41-b258-d4c4f4543e75	1228	Roy Rentenaar	M	M30-34	197	6:26:06	0:44:48	0:10:03	3:09:16	0:07:16	2:14:43	NL	
d1382a42-3bc0-ee11-9079-000d3a31406e	1229	Typhaine Lasselin	F	F30-34	35	6:26:07	0:45:16	0:05:52	3:20:45	0:04:06	2:10:07	BEL	
e25e622f-e6a5-f011-bbd3-000d3a35ffc1	1230	Theo LANDRIEUX	M	M18-24	200	6:26:07	0:43:39	0:04:03	3:20:01	0:03:56	2:14:28	FR	
dc0a3d00-9f89-f011-b4cc-0022480a7385	1231	Thierry Tourbez	M	M50-54	60	6:26:08	0:45:38	0:08:26	3:08:34	0:12:54	2:10:36	fra	
67f133d8-a966-4ba9-996d-1da5c30caa63	1232	Maxence Forestier	M	M25-29	293	6:26:08	0:48:32	0:06:28	3:14:16	0:06:27	2:10:25	fra	
48c7b755-8565-ef11-bfe3-000d3a367177	1233	Guillaume Rufi	M	M25-29	294	6:26:10	0:56:20	0:05:35	3:28:19	0:04:41	1:51:15	FRA	
f105c286-c896-f011-b4cc-6045bd05fcc1	1234	Valentin Lamotte	M	M30-34	198	6:26:17	0:41:12	0:06:37	3:19:25	0:04:59	2:14:04	FR	
8bdefa30-8989-f011-b4cc-0022480c097c	1235	Stéphane PENOT	M	M45-49	47	6:26:17	0:45:44	0:07:53	3:20:39	0:08:17	2:03:45	FR	
e63e0a5e-ef65-426a-96a9-14ea39342687	1236	Kévin Rougé	M	M35-39	128	6:26:18	0:39:44	0:05:47	3:30:24	0:04:24	2:05:59	FR	
94f20fc2-b6b1-ef11-b8e8-000d3a5a403c	1237	Toky RAKOTOZAFY	M	M45-49	48	6:26:25	0:46:38	0:05:37	3:18:06	0:05:08	2:10:55	FRA	
cf9388ff-db7a-41bb-98ef-166abd5350c9	1238	Mikko Äijälä	M	M50-54	61	6:26:25	0:47:35	0:08:09	3:21:05	0:06:56	2:02:40	FI	
ce0cdfe6-d1b5-f011-bbd3-000d3a35ffc1	1239	Louis Saignelonge	M	M18-24	201	6:26:38	0:48:40	0:07:48	3:27:00	0:06:06	1:57:05	FRA	
64242b1b-5496-f011-b4cc-6045bd09951e	1240	Manon Lacan	F	F18-24	22	6:26:46	0:55:32	0:06:50	3:23:00	0:05:01	1:56:23	FR	
31f731dc-fb53-f011-877b-6045bd05f634	1241	Aurélien Harmange	M	M35-39	129	6:26:50	0:55:00	0:09:33	3:23:50	0:05:04	1:53:22	fra	
59485317-43c1-f011-bbd3-6045bd05f634	1242	Bruno Teillet	M	M30-34	199	6:26:53	0:48:42	0:06:13	3:19:32	0:05:59	2:06:26	FRA	
18151045-8789-f011-b4cc-6045bd05fcc1	1243	Guillaume BERNARD	M	M40-44	87	6:26:54	0:51:56	0:07:27	3:15:00	0:04:52	2:07:39	fra	
0a663177-f572-44da-9f7e-f5d54ec957c4	1244	Xavier Escudero	M	M50-54	62	6:27:08	0:42:31	0:08:57	3:13:48	0:05:05	2:16:47	FRA	
daa52cf6-1cb8-f011-bbd3-000d3a3173b5	1245	Jules Seyeux	M	M18-24	202	6:27:19	0:51:14	0:05:30	3:21:48	0:05:50	2:02:58	FRA	
dd32c493-8789-f011-b4cc-6045bd05fcc1	1246	Gabrielle Korkmaz	F	F25-29	54	6:27:29	0:51:52	0:06:46	3:27:36	0:04:16	1:56:58	FR	
a448b915-afbb-f011-bbd3-6045bd09951e	1247	Harvey Sturgess	M	M25-29	295	6:27:29	0:43:42	0:06:14	3:42:07	0:04:01	1:51:26	fra	
803fcb1e-e672-ef11-a671-000d3a371e3b	1248	Nazim Ouennouri	M	M30-34	200	6:27:42	0:52:58	0:08:36	3:12:36	0:08:30	2:05:02	DZ	
98c4af95-2886-ef11-ac21-000d3a5b3d07	1249	Jack Parker	M	M35-39	130	6:27:45	0:44:32	0:11:04	3:25:07	0:11:02	1:55:59	GBR	
b6b405c8-e8a2-f011-bbd3-6045bd05fcc1	1250	Edouard Elias	M	M45-49	49	6:27:49	0:43:12	0:09:15	3:15:00	0:07:06	2:13:17	FRA	
0cbaa2be-7b91-f011-b4cc-6045bd05fcc1	1251	Romain Paris	M	M25-29	296	6:28:06	0:47:21	0:06:36	3:16:07	0:05:10	2:12:51	fra	
7f2c8e38-2c2b-4a1b-87c6-160e9b226198	1252	Franck Oelker	M	M60-64	11	6:28:07	0:46:13	0:07:07	3:17:46	0:04:52	2:12:10	fra	
709295af-0558-f011-877b-6045bd05f634	1253	Léa Bouchon	F	F30-34	36	6:28:07	0:55:27	0:07:21	3:36:41	0:05:59	1:42:40	FR	
60c6c198-41c1-f011-bbd3-6045bd05fcc1	1254	Joe Perry	M	M18-24	203	6:28:08	0:34:10	0:10:33	3:26:52	0:09:55	2:06:39	GBR	
1c98ab24-8f49-ed11-bba1-000d3a314ae2	1255	Andrew Clarke	M	M45-49	50	6:28:25	0:41:56	0:08:40	3:19:18	0:06:02	2:12:30	Belgium	
0e23b44a-9889-f011-b4cc-6045bd05fcc1	1256	Dylan Le Hir	M	M30-34	201	6:28:26	0:43:35	0:07:03	3:30:44	0:06:20	2:00:45	fra	
4c4064bb-17ed-4d72-b8b1-b67541333fcd	1257	Aurélien Sasso	M	M30-34	202	6:28:31	0:47:50	0:08:12	3:07:28	0:05:23	2:19:37	FR	
53fad3b6-afc3-ef11-b8e8-000d3a5a403c	1258	Andreas Keck	M	M40-44	88	6:28:35	0:53:01	0:06:59	3:16:11	0:04:37	2:07:48	deu	
86e82c60-7e9d-f011-b41c-000d3a5b7c3b	1259	Alicia Sciortino	F	F25-29	55	6:28:36	0:42:56	0:08:27	3:31:47	0:05:59	1:59:27	FR	
cf9d0b42-d263-f011-bec1-6045bd007ee2	1260	Teddy Aulas	M	M25-29	297	6:28:39	0:46:44	0:07:03	3:24:44	0:06:18	2:03:49	Unknown	
d3cf4aad-b6ae-f011-bbd3-000d3a5b7c3b	1261	Zoran Mrkailo	M	M45-49	51	6:28:49	0:52:43	0:08:48	3:15:08	0:07:21	2:04:49	fra	
5a1670a8-32a9-f011-bbd3-000d3a3173b5	1262	Sarah De Meyer	F	F40-44	17	6:28:51	0:44:42	0:06:18	3:22:46	0:05:14	2:09:51	BE	
60e970ee-6c85-ef11-ac21-000d3a5a1803	1263	Clarisse Lavauzelle	F	F25-29	56	6:28:52	0:39:45	0:09:06	3:20:09	0:09:01	2:10:52	FR	
40df45f3-741f-4683-baeb-6889939b8031	1264	Karine Balouzat	F	F45-49	11	6:28:55	0:42:18	0:09:11	3:13:27	0:05:40	2:18:20	fra	
73b201b5-09a1-f011-bbd3-000d3a5b7c3b	1265	Matthias Gerth	M	M35-39	131	6:28:59	0:40:45	0:08:18	3:23:55	0:05:54	2:10:07	DE	
b963ef6a-8789-f011-b4cc-000d3a5b50ba	1266	Fiona Conin	F	F30-34	37	6:29:10	0:42:49	0:08:56	3:32:59	0:05:36	1:58:50	FR	
a1319b8a-d7a6-f011-bbd3-000d3a5cf7d8	1267	Oriane Peschoux	F	F30-34	38	6:29:18	0:35:39	0:09:02	3:33:06	0:06:50	2:04:40	CH	
b5553f2f-0ebb-f011-bbd3-0022480a7385	1268	Léa Vasseur	F	F18-24	23	6:29:23	0:54:41	0:08:00	3:27:33	0:06:55	1:52:15	FRA	
57ea5390-eed4-4854-989a-5e8d2d0391cd	1269	Pamela Minella	F	F40-44	18	6:29:26	0:53:19	0:06:09	3:17:59	0:05:31	2:06:27	fra	
b252e368-8289-f011-b4cc-6045bd05fcc1	1270	Sébastien Domengie	M	M45-49	52	6:29:29	0:44:52	0:08:13	3:09:09	0:06:13	2:21:02	FR	
43c4671c-c57a-4b3c-8e9f-b84773343355	1271	Joanna Jodry	M	F45-49	12	6:29:31	0:43:34	0:06:53	3:34:36	0:06:58	1:57:29	Unknown	
461d05b5-1dc7-f011-bbd2-000d3a36b9c4	1272	Benjamin Cornet	M	M30-34	203	6:29:39	1:04:10	0:06:42	3:10:37	0:04:56	2:03:14	FRA	
9850fbb8-4aa1-f011-bbd3-000d3a5cf7d8	1273	Felix Ersser	M	M18-24	204	6:29:40	0:39:23	0:05:20	3:12:13	0:03:50	2:28:55	GB	
f68ea490-b96a-4182-b1d0-53f3094826c1	1274	Manon Ricard	F	F30-34	39	6:29:42	0:41:49	0:08:42	3:25:29	0:07:21	2:06:22	gbr	
b7d96e3f-4fbd-4559-ba8d-0b84aa60252a	1275	Marie Gallo	F	F40-44	19	6:29:49	0:50:23	0:06:37	3:25:18	0:06:00	2:01:31	Unknown	
4cae7e17-4da5-f011-bbd3-6045bd05f634	1276	François-Xavier BRISSET	M	M30-34	204	6:29:56	0:46:35	0:09:15	3:24:37	0:05:48	2:03:41	FRA	
2bb5c291-b889-f011-b4cc-6045bd05f634	1277	Hugo Faivre	M	M18-24	205	6:29:57	0:44:04	0:07:29	3:24:44	0:05:31	2:08:08	FR	
0c031e4b-6c92-f011-b4cc-000d3a5b7c3b	1278	Arthur Bourgeade	M	M18-24	206	6:29:57	0:46:21	0:07:20	3:21:20	0:05:36	2:09:20	FR	
87931055-461e-42cd-b3ed-d044de66403b	1279	Elina Jehan	F	F18-24	24	6:30:04	0:51:16	0:11:23	3:20:35	0:08:06	1:58:45	FRA	
6da7040b-82d2-4023-b6fd-3831779406a7	1280	Cedric Perrotel	F	M50-54	63	6:30:08	0:44:38	0:05:48	3:09:36	0:04:28	2:25:37	Unknown	
597994be-6e8b-49b1-b29a-379d45fb24a0	1281	Katie Edge	F	F25-29	57	6:30:10	0:34:49	0:05:31	3:12:04	0:04:41	2:33:05	GB	
eef4d3df-cdb5-f011-bbd3-0022480c097c	1282	Marine Giroux	F	F30-34	40	6:30:14	0:40:06	0:07:52	3:27:28	0:06:01	2:08:47	FRA	
bad420bb-6aa0-ef11-8a6a-000d3a59a9a1	1283	jerome cuvillier	M	M45-49	53	6:30:17	0:44:11	0:07:02	3:24:59	0:04:56	2:09:09	fra	
ce4bed34-90d0-f011-bbd3-6045bd05fcc1	1284	Justine Perros	F	F35-39	11	6:30:21	0:43:21	0:06:46	3:21:53	0:07:45	2:10:37	fra	
7b386e00-398a-f011-b4cc-000d3a5b50ba	1285	Alexandre Lefevre	M	M18-24	207	6:30:31	0:39:53	0:07:59	3:23:46	0:05:39	2:13:13	FR	
234540fd-5398-f011-b4cc-000d3a5b50ba	1286	Jordan Ballandras	M	M25-29	298	6:30:34	0:56:02	0:06:11	3:15:14	0:05:11	2:07:55	FR	
a3faa828-d2b1-f011-bbd3-000d3a5cf7d8	1287	Charlotte Minuit	F	F25-29	58	6:30:37	0:45:28	0:06:30	3:31:49	0:05:31	2:01:18	fra	
88efca46-0b59-f011-877b-6045bd05fcc1	1288	Jordan Belassein	M	M35-39	132	6:30:38	0:48:22	0:05:49	3:39:46	0:04:19	1:52:22	Unknown	
181422cf-2158-f011-877b-000d3a35ffc1	1289	Kevin Zurcher	M	M25-29	299	6:30:42	0:43:27	0:07:29	3:18:48	0:06:12	2:14:45	Unknown	
843e8d5b-cbb9-f011-bbd3-000d3a35ffc1	1290	Dan Hamill	M	M30-34	205	6:30:42	0:42:46	0:09:22	3:34:25	0:08:38	1:55:32	GBR	
070b1102-9a89-f011-b4cc-6045bd05fcc1	1291	Céline REMONDAT	F	F25-29	59	6:30:54	0:44:26	0:06:01	3:19:37	0:05:12	2:15:37	FR	
bd38d81c-c9d7-4a9e-9097-3f56f7aaf5db	1292	Ludovic Samborski	M	M45-49	54	6:31:01	0:44:18	0:05:45	3:25:03	0:04:29	2:11:27	fra	
33607bf3-dba8-f011-bbd3-000d3a5cf7d8	1293	Hélène Dujardin	F	F25-29	60	6:31:07	0:46:05	0:06:30	3:25:53	0:04:11	2:08:29	BE	
88af453e-0508-4cc0-87d6-21c5f40533fd	1294	Philippe Boulgaris	M	M18-24	208	6:31:25	0:43:21	0:08:52	3:34:06	0:04:57	2:00:10	CH	
74e31114-aa81-f011-b4cc-000d3a3173b5	1295	Florian Groisne	M	M25-29	300	6:31:28	0:51:58	0:10:35	3:27:51	0:08:05	1:52:57	FR	
34112843-eb99-f011-b4cc-000d3a5b7c3b	1296	Margaux Barrouillet	F	F18-24	25	6:31:34	0:39:49	0:04:43	3:35:22	0:04:21	2:07:19	FR	
071dc74a-eda4-ef11-8a6a-000d3a59a9a1	1297	Theo ALBOUY	M	M25-29	301	6:31:36	0:49:13	0:07:26	3:33:03	0:08:11	1:53:43	fra	
f63473e6-4fb0-f011-bbd3-000d3a5b7c3b	1298	Matthias Brunner	M	M40-44	89	6:31:37	0:40:43	0:07:49	3:04:01	0:05:42	2:33:23	CHE	
d73e484f-9cea-4627-a826-728a933e5108	1299	Antoine Hisler	M	M35-39	133	6:31:39	0:42:39	0:06:00	3:43:39	0:03:52	1:55:28	FR	
f5795ae7-68b6-f011-bbd3-000d3a35ffc1	1300	Fraser Divett	M	M25-29	302	6:31:46	0:39:17	0:08:29	3:19:31	0:06:20	2:18:09	GBR	
3deb3e48-9289-f011-b4cc-6045bd09951e	1301	Mark Egan	M	M25-29	303	6:31:50	0:43:32	0:08:49	3:19:08	0:05:35	2:14:46	IE	
7e571f70-7ccb-f011-bbd3-6045bd05f634	1302	Alan Bozzacchi	M	M18-24	209	6:31:55	0:48:56	0:08:48	3:27:21	0:05:08	2:01:42	Unknown	
153ba4ef-7499-f011-b4cb-7ced8d6e2ae5	1303	Alexandre Doë de Maindreville	M	M25-29	304	6:31:58	0:46:56	0:13:24	3:35:36	0:07:45	1:48:16	FR	
7ebf53b5-8989-f011-b4cc-002248098cfa	1304	Dorian Garraud	M	M30-34	206	6:32:02	0:39:56	0:07:07	3:26:59	0:06:04	2:11:56	fra	
95788860-24df-ef11-8eea-000d3a5a1803	1305	Megan Job	F	F30-34	41	6:32:07	0:45:11	0:06:14	3:31:32	0:06:50	2:02:20	BE	
bdb8e227-9f93-f011-b4cc-6045bd05f634	1306	Maxime AICARDI	M	M35-39	134	6:32:16	0:46:23	0:08:46	3:25:07	0:05:35	2:06:26	fra	
29a04405-3892-f011-b4cb-7ced8d700b9f	1307	Christophe Clementz	M	M18-24	210	6:32:22	1:02:52	0:06:27	3:34:50	0:04:06	1:44:06	fra	
c3abd413-1981-f011-b4cc-6045bd09951e	1308	Antoine PAVLUS	M	M30-34	207	6:32:33	0:46:15	0:06:41	3:25:37	0:08:34	2:05:27	fra	
3b4ab1ee-a090-f111-8077-0022480b84a3	1309	Paul Briand	M	M18-24	211	6:32:35	0:46:31	0:07:15	3:37:17	0:05:13	1:56:19	FRA	
f4ec4988-0cc2-f011-bbd3-000d3a5cf7d8	1310	Mia Lamaud	F	F25-29	61	6:32:35	0:47:13	0:07:34	3:33:43	0:06:14	1:57:51	FRA	
abce5b16-4069-ef11-bfe3-6045bd010fe7	1311	Kari Tuutti	M	M55-59	43	6:32:45	0:47:24	0:06:15	3:30:32	0:05:36	2:02:57	FI	
4eee6d22-78a8-f011-bbd3-000d3a5b50ba	1312	Iris van den Boogaard	F	F18-24	26	6:32:46	0:48:55	0:06:19	3:33:17	0:04:19	1:59:56	nld	
d3af7adf-d78f-f011-b4cc-000d3a5b7c3b	1313	SARAH TREDAN	F	F30-34	42	6:32:50	0:51:09	0:06:36	3:33:17	0:06:14	1:55:35	FR	
4c9dbe0e-4dbd-f011-bbd3-6045bd05fcc1	1314	Nicolas Sabag	M	M25-29	305	6:32:50	0:45:52	0:07:20	3:20:40	0:05:14	2:13:44	BEL	
5cff151c-c569-415f-8d8f-22c58a7708c5	1315	Sebastien BEUN	M	M40-44	90	6:32:53	0:47:38	0:05:52	3:10:48	0:06:14	2:22:21	fra	
1e2bd5b1-ce89-f011-b4cc-000d3a5c3d6c	1316	Anthony Malherbe	M	M45-49	55	6:32:58	0:38:20	0:04:55	3:24:01	0:08:02	2:17:40	FR	
69967e78-34a9-f011-bbd3-000d3a3173b5	1317	Nele Matthys	F	F40-44	20	6:33:01	0:51:02	0:08:26	3:26:53	0:05:43	2:00:57	BE	
74ad9826-b9c0-f011-bbd3-002248098cfa	1318	Maxim Ziegler	M	M25-29	306	6:33:26	0:54:03	0:10:56	3:06:41	0:07:09	2:14:37	FRA	
313fdd80-b0ac-4459-8b65-ca2be28d3e33	1319	Anne Michelle Knecht Boyer	F	F65-69	1	6:33:29	0:37:39	0:06:49	3:30:26	0:05:13	2:13:22	CH	
b6d1b415-8789-f011-b4cc-000d3a5cf7d8	1320	Florian BOUR	M	M25-29	307	6:33:35	0:43:05	0:07:07	3:33:51	0:05:07	2:04:24	FR	
7b9c279a-b189-f011-b4cc-6045bd05f634	1321	Maucourt Geoffrey	M	M30-34	208	6:33:39	0:52:53	0:11:40	3:11:35	0:09:58	2:07:33	FR	
a1bfed7b-0b3e-f011-b4cb-000d3a5b50ba	1322	Niccolò Tonietto	M	M40-44	91	6:33:46	0:47:23	0:07:15	3:29:06	0:04:27	2:05:36	IT	
17c19e2a-88dd-4b99-83e7-76e0976c951b	1323	Marc De Keyser	M	M40-44	92	6:33:57	0:45:32	0:08:01	3:22:01	0:06:43	2:11:41	bel	
a9960cc9-bff5-4534-9471-6111cd32f12e	1324	Misch Salzmann	M	M55-59	44	6:33:58	0:36:11	0:06:35	3:17:18	0:06:03	2:27:50	CH	
6d9556f8-7e8a-f011-b4cc-000d3a3173b5	1325	Florian Batailley	M	M30-34	209	6:34:00	0:50:24	0:06:53	3:10:22	0:06:57	2:19:24	FR	
90953cc6-8a5b-4255-b73f-c548679e593a	1326	Martin Malinvaud	M	M35-39	135	6:34:01	0:41:30	0:15:50	3:07:38	0:09:40	2:19:23	FR	
4f1f4773-7805-46a9-a61d-aa66d77c750a	1327	Guillaume Gratadour	M	M30-34	210	6:34:02	0:46:07	0:11:14	3:10:24	0:06:53	2:19:24	France	
4c44f4fa-1c2a-46ca-b26f-5fdd8dc92ef4	1328	loridan jean francois	M	M55-59	45	6:34:12	0:39:59	0:08:31	3:33:13	0:05:34	2:06:54	FR	
a9ddd80f-8389-f011-b4cc-000d3a5b50ba	1329	Jérôme Hux	M	M30-34	211	6:34:13	0:45:42	0:09:43	3:23:53	0:06:31	2:08:24	FR	
efa674a5-89b5-f011-bbd3-000d3a35ffc1	1330	Valentin HUGON	M	M18-24	212	6:34:18	0:44:05	0:07:25	3:18:39	0:06:19	2:17:50	FRA	
d914ea5e-d8ea-ef11-8ee9-000d3a592251	1331	Jelle Schillebeekx		F25-29	62	6:34:18	0:32:51	0:06:46	3:30:57	0:04:35	2:19:09	BE	
fab98cdc-7975-ef11-a670-6045bd068c5b	1332	Marit Utheim Breimo	F	F25-29	63	6:34:20	0:50:46	0:04:57	3:32:57	0:05:17	2:00:24	NO	
b1962bc1-f896-f011-b4cc-000d3a5b7c3b	1333	Annabel Sexton	F	F25-29	64	6:34:25	0:43:30	0:05:39	3:33:32	0:04:03	2:07:40	GB	
0efd87f4-ecc3-f011-bbd3-000d3a5cf7d8	1334	Alexis Levieils	M	M25-29	308	6:34:34	1:04:09	0:08:09	3:22:20	0:06:07	1:53:49	fra	
7592e9d7-c98a-ef11-ac21-000d3a338a3c	1335	Sarah MINOIS	F	F40-44	21	6:34:35	0:42:19	0:07:45	3:22:32	0:05:30	2:16:30	FR	
2cee6ea5-0e8c-f011-b4cc-6045bd05f634	1336	Pierre-François Lory	M	M35-39	136	6:34:38	0:42:47	0:07:16	3:30:21	0:05:39	2:08:35	FR	
f775f68f-1fc7-f011-bbd3-6045bd05f634	1337	Louise Neil	F	F30-34	43	6:34:46	0:44:13	0:06:02	3:18:34	0:04:34	2:21:24	GBR	
7b3eaa1a-79c0-f011-bbd2-000d3a5b7c3b	1338	Famke Lardenoit	F	F25-29	65	6:34:49	0:44:18	0:11:26	3:31:00	0:08:51	1:59:14	BEL	
98f9790d-34a9-f011-bbd3-0022480c097c	1339	Celine Vincent	F	F40-44	22	6:34:51	0:50:49	0:08:18	3:29:18	0:05:48	2:00:37	BE	
e58d8fa7-e429-44f9-ae48-de58310a7c51	1340	Louise Francois	F	F30-34	44	6:34:54	0:40:50	0:05:50	3:28:48	0:06:36	2:12:51	FR	
210676be-778a-f011-b4cc-000d3a35ffc1	1341	Yannis blaque	M	M25-29	309	6:34:56	0:46:45	0:07:57	3:41:58	0:04:56	1:53:21	FR	
a062d5f4-8789-f011-b4cc-000d3a5b50ba	1342	Alexis Reubrecht	M	M35-39	137	6:35:07	0:45:56	0:05:59	3:22:18	0:04:50	2:16:03	FR	
dc8107a2-6194-f011-b4cc-0022480a7385	1343	Maxime Muller	M	M18-24	213	6:35:09	0:50:48	0:08:30	3:21:39	0:05:46	2:08:26	fra	
820ba73f-275a-ef11-a317-000d3a3b4ec1	1344	DYLAN MAI	M	M25-29	310	6:35:14	0:44:27	0:09:24	3:43:22	0:06:04	1:51:57	FR	
8dff7f5b-f18f-f011-b4cc-6045bd05fcc1	1345	paul Karzazi	M	M18-24	214	6:35:15	0:45:45	0:08:07	3:07:30	0:08:02	2:25:50	FR	
b97bfaa4-3592-ef11-ac20-000d3a5a403c	1346	ALEXIS MORLOT	M	M45-49	56	6:35:16	0:43:47	0:07:55	3:20:11	0:05:21	2:18:02	FR	
d3f028ff-a994-f011-b4cc-6045bd05f634	1347	Ziad slewa	M	M45-49	57	6:35:18	0:50:10	0:09:01	3:23:34	0:06:46	2:05:48	FR	
e65e9ac5-3166-f011-bec3-6045bd05fcc1	1348	Johannes Kirchheimer	M	M65-69	8	6:35:30	0:43:13	0:06:15	3:18:43	0:04:57	2:22:22	aut	
c6f0d125-80e0-ee11-904c-000d3a5c3552	1349	Alain Cataldi	M	M45-49	58	6:35:50	0:41:07	0:07:39	3:15:21	0:05:12	2:26:31	ITA	
068792d9-e48c-f011-b4cc-6045bd05fcc1	1350	Damien Pimont	M	M50-54	64	6:36:06	0:41:34	0:07:41	3:24:50	0:06:40	2:15:20	FR	
f6ed3695-ab89-f011-b4cc-6045bd05fcc1	1351	Christophe Decombard	M	M50-54	65	6:36:15	0:48:18	0:08:01	3:24:54	0:06:39	2:08:23	FR	
7a41b3d3-fb7c-f111-ab0f-002248046ec8	1352	Laura Miettuned	F	F45-49	13	6:36:19	0:51:11	0:05:31	3:29:38	0:05:38	2:04:22	FIN	
e5834494-f5a2-f011-bbd3-6045bd05f634	1353	yousri FERJANI	M	M45-49	59	6:36:20	0:41:39	0:08:56	3:22:11	0:08:30	2:15:04	fra	
4277bf71-b7b2-f011-bbd3-6045bd05fcc1	1354	Quentin Buchert	M	M18-24	215	6:36:21	0:44:28	0:05:51	3:35:19	0:05:10	2:05:34	FRA	
106046e7-a0a3-f011-bbd3-000d3a5b7c3b	1355	Charlotte Soetewey	F	F25-29	66	6:36:27	0:55:25	0:06:11	3:16:45	0:06:04	2:12:02	BE	
4736bdd9-ba39-ef11-840a-00224809fd7c	1356	John Abbate	M	M40-44	93	6:36:27	1:00:25	0:07:33	3:24:19	0:04:35	1:59:35	FR	
64581f1a-8789-f011-b4cc-6045bd09951e	1357	Thibaut WOLFF	M	M35-39	138	6:36:27	0:49:47	0:06:58	3:27:24	0:06:19	2:05:58	FR	
8ce2cd81-3311-ee11-8f6d-000d3a314329	1358	Linaelle Darré	F	F25-29	67	6:36:27	0:43:44	0:06:34	3:30:45	0:06:15	2:09:08	fra	
9bf4029e-9a89-f011-b4cc-000d3a35ffc1	1359	Antoine BOLGIANI	M	M30-34	212	6:36:29	0:43:26	0:10:19	3:09:05	0:05:04	2:28:35	FR	
fe99874a-d189-f111-ab10-6045bd08b1a2	1360	Ville-Aslak Saari	M	M45-49	60	6:36:31	0:39:20	0:07:30	3:21:21	0:05:30	2:22:49	fin	
621b73a6-9f68-f011-bec3-000d3a3173b5	1361	mickael gruley	M	M35-39	139	6:36:31	0:49:52	0:06:50	3:32:23	0:06:42	2:00:44	FR	
b3d701af-b207-467b-816d-e942818f3a1f	1362	Baptiste Loiseau	M	M30-34	213	6:36:31	0:57:15	0:09:58	3:35:15	0:05:34	1:48:29	lux	
04d18105-8989-f011-b4cc-6045bd09951e	1363	Hannah Shean	F	F25-29	68	6:36:46	0:36:49	0:04:59	3:13:53	0:04:14	2:36:51	GB	
59607755-a1e5-ef11-8eea-002248049fdc	1364	Moncef El Mesbahi	M	M30-34	214	6:36:47	0:51:55	0:09:23	3:31:18	0:05:19	1:58:51	fra	
6f0d8a48-969c-f011-b41c-6045bd05f634	1365	Laurent Renaudin	M	M50-54	66	6:36:48	0:46:38	0:09:23	3:03:40	0:06:35	2:30:32	fra	
696d1fdd-aa89-f011-b4cc-000d3a35ffc1	1366	Nicolas Charlier	M	M25-29	311	6:36:49	0:50:32	0:09:21	3:20:14	0:05:44	2:10:57	FR	
2d4cadb2-84b6-f011-bbd2-6045bd050e4b	1367	Eleanore Leigh	F	F25-29	69	6:36:50	0:41:52	0:04:59	3:29:26	0:04:20	2:16:13	GBR	
96bc236a-8789-f011-b4cc-000d3a5cf7d8	1368	Guillaume de Weck	M	M25-29	312	6:36:52	0:37:24	0:08:55	3:22:07	0:07:11	2:21:15	FR	
47c86d8d-f5a5-f011-bbd3-000d3a5cf7d8	1369	Edouard Poulain	M	M25-29	313	6:37:08	0:48:23	0:10:11	3:17:41	0:07:05	2:13:48	FR	
664ca97e-73be-f011-bbd2-7ced8d70749f	1370	Gille Huyghe	M	M30-34	215	6:37:17	0:47:04	0:08:44	3:24:01	0:07:27	2:10:02	bel	
91589dc3-451a-4b98-8db5-a9ed5e7d78c0	1371	Nicolas Lecrique	M	M55-59	46	6:37:22	0:36:52	0:07:41	3:14:55	0:06:29	2:31:25	Unknown	
a3aa995b-1c95-ef11-8a6a-000d3a30152c	1372	Clément Venezia	M	M25-29	314	6:37:25	1:01:44	0:08:17	3:19:40	0:04:47	2:02:57	FR	
7f527661-61d0-ef11-b8e8-6045bd018d16	1373	Dylan Desclaux	M	M30-34	216	6:37:32	0:43:38	0:06:03	3:12:45	0:04:36	2:30:29	che	
0f995e42-c890-4d85-b993-7ecd43170fe8	1374	Ossi Leikola	M	M55-59	47	6:37:46	0:58:25	0:07:43	3:22:21	0:05:26	2:03:51	EE	
f4c7b253-2ba2-f011-bbd3-6045bd09951e	1375	Timothée Adamkiewicz	M	M18-24	216	6:38:00	0:44:09	0:06:45	3:21:54	0:06:55	2:18:16	fra	
4854d696-e15f-43a2-95bb-7c304e970ee9	1376	Grégory Mahajoub	M	M55-59	48	6:38:01	0:34:56	0:06:10	3:26:50	0:08:13	2:21:51	fra	
0983d7cc-8789-f011-b4cc-002248098cfa	1377	Manon Bilat	F	F30-34	45	6:38:27	0:42:28	0:08:07	3:31:41	0:08:09	2:08:01	CH	
640aa845-e18b-46f2-aa33-e1a9643d036a	1378	Mikko Rytilahti	M	M50-54	67	6:38:40	0:51:41	0:07:51	3:26:58	0:06:07	2:06:03	FI	
a4107418-019b-f011-b4cc-000d3a5b7c3b	1379	Nicolas Ung	M	M30-34	217	6:39:02	0:49:48	0:06:12	3:16:15	0:08:20	2:18:27	FR	
c2651a4e-7bc9-f011-bbd2-000d3a5b5fc7	1380	Romain Moreau	M	M30-34	218	6:39:03	0:45:09	0:09:59	3:30:50	0:05:58	2:07:07	FRA	
1eb3d4a7-fe9a-f011-b4cc-000d3a5b50ba	1381	Jérémy Ramchurn	M	M30-34	219	6:39:10	0:59:37	0:08:56	3:32:59	0:06:05	1:51:33	FR	
666271b7-e786-4e84-99ff-d03d6a4ee1dc	1382	Kerstin Costa	F	F50-54	8	6:39:27	0:47:59	0:11:07	3:25:44	0:06:33	2:08:04	deu	
aecd3b64-d84a-4b43-939e-60676ddda28b	1383	Carl Coninx	M	M35-39	140	6:39:35	0:42:32	0:08:39	3:30:27	0:02:56	2:15:02	BEL	
ac591594-6fe3-45a2-a4fe-e9c12b4bc40f	1384	Julien Morin	M	M40-44	94	6:39:43	0:48:56	0:07:59	3:24:10	0:07:24	2:11:14	FR	
fbe6cf12-73d9-41f5-b4ff-a0db29ea5bf2	1385	Henry Dalmas	M	M60-64	12	6:39:45	0:49:38	0:09:31	3:20:50	0:08:31	2:11:15	fra	
662fef6b-8a89-f011-b4cc-000d3a35ffc1	1386	Benoit Selosse	M	M18-24	217	6:39:49	1:03:52	0:09:50	3:24:17	0:06:56	1:54:54	FRA	
c51f9a9c-af89-f011-b4cc-000d3a3173b5	1387	Hamish McWilliam	M	M18-24	218	6:39:53	0:47:33	0:11:17	3:22:03	0:11:54	2:07:07	GB	
c6236fc1-adb2-f011-bbd3-000d3a3173b5	1388	Rafael Carrenho	M	M40-44	95	6:39:58	1:06:51	0:11:33	3:22:52	0:08:59	1:49:43	BRA	
edec4300-db7a-f011-b4cc-0022480a7385	1389	David SCHNEIDER	M	M40-44	96	6:40:02	0:44:14	0:07:23	3:19:41	0:06:35	2:22:10	FRA	
3c76ba5e-5c70-4c33-8580-5ab0828a56fa	1390	Jean-Marc Fevrier	M	M50-54	68	6:40:11	0:47:51	0:08:35	3:10:56	0:05:05	2:27:44	FR	
46223661-a58c-f011-b4cc-000d3a35ffc1	1391	ALEXIS HERVOIR	M	M35-39	141	6:40:20	0:38:52	0:08:28	3:31:05	0:07:34	2:14:22	FR	
7b6dae9e-7299-f011-b4cc-000d3a5b50ba	1392	Bertrand Compere	M	M30-34	220	6:40:25	0:45:07	0:08:31	3:16:20	0:08:09	2:22:19	FR	
2235afd8-9789-f011-b4cc-0022480a7385	1393	Arnaud Baus	M	M30-34	221	6:40:30	0:46:49	0:08:03	3:19:56	0:05:30	2:20:13	BE	
749b7fbb-8789-f011-b4cc-6045bd09951e	1394	Lucie Bequet	F	F35-39	12	6:40:31	0:50:05	0:07:19	3:17:03	0:07:58	2:18:07	Unknown	
57d1e83e-d62c-409b-a702-4c8021224e8e	1395	Michaël Lowies	M	M40-44	97	6:40:37	0:42:43	0:04:53	2:52:45	0:04:04	2:56:11	BEL	
abc9df71-a5d5-f011-8544-6045bd05f634	1396	cyril clot	M	M50-54	69	6:40:38	0:53:15	0:08:50	3:25:41	0:06:09	2:06:43	fra	
93877fa3-498b-f011-b4cc-6045bd05f634	1397	Zouheir Aboumoussa	M	M25-29	315	6:40:48	0:43:15	0:08:15	3:19:49	0:05:02	2:24:27	FR	
472436fc-8d89-f011-b4cc-000d3a5cf7d8	1398	Kaufmann William	M	M30-34	222	6:40:51	0:49:09	0:05:41	3:20:51	0:05:21	2:19:48	FRA	
9b4b03b2-5765-f011-bec2-0022480c097c	1399	Nicolas Clément	M	M50-54	70	6:40:57	0:55:48	0:11:53	3:16:16	0:08:25	2:08:34	Unknown	
d54b38ba-8a89-f011-b4cc-000d3a5cf7d8	1400	Simon Dufour	M	M18-24	219	6:41:03	0:39:02	0:07:52	3:25:32	0:08:45	2:19:53	fra	
904ec65c-1472-f011-b4cb-7ced8d716334	1401	Aurore RAMADE	F	F25-29	70	6:41:05	0:53:12	0:05:29	3:24:12	0:04:48	2:13:24	FR	
192e158f-9189-f011-b4cb-000d3a30a38f	1402	Lily Lemegre	F	F18-24	27	6:41:12	0:42:47	0:06:31	3:29:54	0:06:24	2:15:36	fra	
6c41b37b-b389-f011-b4cc-000d3a35ffc1	1403	Mathieu Dallery	M	M25-29	316	6:41:12	0:44:12	0:11:06	3:27:31	0:08:22	2:10:01	FR	
501a23e8-f48b-f011-b4cc-6045bd09951e	1404	Nathan Engel	M	M18-24	220	6:41:20	0:46:41	0:07:18	3:18:48	0:06:12	2:22:22	CH	
14d37059-6841-4c95-8b51-32d1b9fa450a	1405	Yann Orcel	M	M50-54	71	6:41:32	0:40:45	0:06:44	3:12:26	0:05:36	2:36:01	FR	
ac2a3866-9adc-ea11-a813-000d3a5a1cf8	1406	Margot Labaigt	F	F18-24	28	6:41:43	0:40:49	0:05:40	3:34:17	0:06:45	2:14:12	fra	
aae9793d-0404-4fa7-86ef-21244e26f867	1407	Frederique Roffet	F	F45-49	14	6:41:50	0:42:25	0:06:42	3:39:04	0:05:41	2:07:58	FR	
d0db1005-a19b-ef11-8a6a-000d3a3126fd	1408	Hemery Alexandre	M	M18-24	221	6:41:57	0:53:49	0:08:28	3:35:33	0:06:07	1:58:00	fra	
093c5c41-a18c-f011-b4cc-000d3a5b50ba	1409	Giulia Boccato	F	F18-24	29	6:41:57	0:46:24	0:07:01	3:41:27	0:05:32	2:01:33	Unknown	
bbf08ef3-16f7-4c1c-94c8-dbcf7b10c93b	1410	Veronique Lestoille	F	F60-64	2	6:42:05	0:55:54	0:07:49	3:30:09	0:04:12	2:04:02	fra	
bf56e13a-8a95-f011-b4cc-000d3a5b7c3b	1411	Erwan Baron	M	M18-24	222	6:42:11	0:51:59	0:07:32	3:15:49	0:04:22	2:22:30	fra	
6795c20c-d1b8-f011-bbd3-000d3a3173b5	1412	Gaëlle Mortimore	F	F40-44	23	6:42:23	0:45:18	0:07:31	3:33:43	0:04:14	2:11:37	FRA	
1e62cc22-92a7-f011-bbd3-000d3a5cf7d8	1413	Chloe Bezot	F	F25-29	71	6:42:25	0:45:16	0:10:33	3:38:52	0:05:34	2:02:10	FR	
cb9234a9-1b9f-f011-b41c-000d3a5b50ba	1414	Lorenzo Flematti	M	M18-24	223	6:42:25	0:58:05	0:09:30	3:37:21	0:05:06	1:52:24	IT	
70dfcb26-066d-ef11-a671-6045bd010fe7	1415	Lucie Lannoo	F	F40-44	24	6:42:26	0:48:12	0:09:32	3:40:45	0:04:55	1:59:02	fra	
94230f20-6482-f011-b4cc-000d3a5b50ba	1416	Morgane KRAUSS	F	F25-29	72	6:42:46	1:05:12	0:06:35	3:24:29	0:06:33	1:59:57	FR	
2657f5ec-e37d-4cab-88e9-cb8ae8641585	1417	Stéphane Chevasson	M	M50-54	72	6:42:49	0:54:18	0:05:54	3:36:40	0:05:38	2:00:19	fra	
1bfbbc24-2fb3-f011-bbd3-0022480a7385	1418	Sarah Wheeler	F	F35-39	13	6:42:55	0:54:15	0:06:42	3:34:24	0:04:45	2:02:49		
a517a2b2-b0bc-f011-bbd3-000d3a5b50ba	1419	Alexandre Dauzat	M	M25-29	317	6:43:01	0:48:46	0:05:49	3:16:21	0:04:03	2:28:01	FRA	
598b5487-7c91-f011-b4cc-000d3a5b7c3b	1420	Aubin Perraud	M	M18-24	224	6:43:01	0:47:24	0:05:45	3:26:46	0:04:14	2:18:52	FR	
fba13c9f-2da9-f011-bbd3-6045bd05f634	1421	victor Sapienti	M	M18-24	225	6:43:08	0:45:56	0:06:57	3:25:44	0:04:51	2:19:40	FR	
c6bb7357-e493-f011-b4cc-000d3a5cf7d8	1422	Polina Shcherbatiuk	F	F18-24	30	6:43:22	0:48:11	0:07:49	3:31:02	0:10:37	2:05:42	rus	
0f747d38-a0d1-4699-955d-8ef5e2ef2b83	1423	Anne Grant	F	F60-64	3	6:43:26	0:50:09	0:09:37	3:18:28	0:06:12	2:19:00	GBR	
84fece0e-9d89-f011-b4cc-000d3a3173b5	1424	Léna Eude	F	F25-29	73	6:43:30	0:49:48	0:06:18	3:25:05	0:05:35	2:16:43	FR	
489015ff-25a0-4079-bd62-271554c811f5	1425	Chris Jansen	M	M55-59	49	6:43:30	0:46:28	0:07:33	3:00:46	0:06:56	2:41:46	GB	
b9b36e1f-90af-f011-bbd3-002248098cfa	1426	Nicolas TERZIC	M	M30-34	223	6:43:34	0:59:26	0:06:53	3:21:40	0:04:17	2:11:18	fra	
65de7154-968a-f011-b4cb-000d3a30a38f	1427	Maxime Schneider	M	M18-24	226	6:43:42	0:43:46	0:06:27	3:33:55	0:05:41	2:13:53	FR	
6a82861d-547f-ef11-ac21-000d3a5a1803	1428	TIMOTHY VANDEVILLE	M	M25-29	318	6:43:57	0:43:25	0:06:58	3:23:40	0:05:53	2:24:01	fra	
3f0f32f6-56c5-46d6-aa52-3da22b325158	1429	Christophe Giovanni	M	M50-54	73	6:44:05	0:41:22	0:05:40	4:00:30	0:05:16	1:51:17	FR	
f6f554f7-c9bc-f011-bbd2-000d3a5b7c3b	1430	Hugo Fernandez	M	M25-29	319	6:44:16	0:44:58	0:06:15	3:23:29	0:04:10	2:25:23	fra	
d68a0855-b78c-ef11-ac21-002248049fdc	1431	Clement Malfart	M	M35-39	142	6:44:30	0:48:56	0:07:48	3:19:13	0:06:17	2:22:16	FR	
6b4052f8-0858-f011-877a-000d3a5b7c3b	1432	Florian Pizzio	M	M30-34	224	6:44:48	0:56:56	0:07:22	3:21:33	0:04:43	2:14:15	Unknown	
2ff61478-c19f-f011-b41c-000d3a5b7c3b	1433	Jeremy Cognet	M	M25-29	320	6:44:56	0:43:58	0:06:19	3:20:54	0:05:00	2:28:45	FR	
d0ae5c02-026a-ef11-bfe3-6045bd010fe7	1434	Ryan Duffy	M	M30-34	225	6:45:15	0:48:37	0:07:11	3:36:16	0:06:38	2:06:32	gbr	
266b0ece-8a89-f011-b4cc-6045bd05fcc1	1435	Mathilde Monnin	F	F18-24	31	6:45:39	0:41:28	0:05:27	3:40:44	0:04:16	2:13:44	FR	
f3d80a88-13cc-ef11-b8e9-002248049fdc	1436	Claire Hands	F	F30-34	46	6:45:41	0:43:16	0:05:19	3:41:30	0:04:36	2:11:00	GB	
301caad7-349e-f011-b41c-6045bd09951e	1437	Yann Guillard	M	M18-24	227	6:45:47	0:52:23	0:09:14	3:25:33	0:08:37	2:10:00	FR	
a0a3c12d-328d-f011-b4cc-000d3a5cf7d8	1438	Gabin Boullot	M	M25-29	321	6:46:09	0:54:22	0:11:23	3:26:22	0:09:39	2:04:22	fra	
ad61e3b0-8989-f011-b4cc-0022480a7385	1439	Antoine Mellet	M	M18-24	228	6:46:13	0:53:33	0:12:10	3:34:07	0:06:13	2:00:11	FR	
6c2276ee-a441-487d-8a66-f1804c34ec39	1440	Christophe Teyssandier	M	M55-59	50	6:46:21	0:54:10	0:05:54	3:27:50	0:06:42	2:11:45	fra	
907fddad-878a-f011-b4cc-000d3a35ffc1	1441	jaoua castel	M	M18-24	229	6:46:35	0:50:11	0:07:49	3:23:41	0:05:16	2:19:38	FR	
f6e30e78-fec2-f011-bbd3-000d3a35ffc1	1442	Aymen Leblalta	M	M30-34	226	6:46:38	0:49:40	0:15:03	3:31:03	0:08:31	2:02:20	fra	
56ee9cf4-afc3-f011-bbd3-000d3a3173b5	1443	MICKAEL BONNE	M	M50-54	74	6:46:41	1:04:47	0:08:49	3:18:26	0:06:49	2:07:50	FRA	
2c83319b-10a9-f011-bbd3-6045bd05f634	1444	Clémence Fritz	F	F25-29	74	6:46:49	0:50:07	0:07:13	3:35:39	0:04:48	2:09:02	FR	
f4a127de-1b58-f011-877b-000d3a3173b5	1445	victor Bajolle	M	M30-34	227	6:46:53	0:51:41	0:09:43	3:39:01	0:05:55	2:00:32	Unknown	
0c64bf3d-8789-f011-b4cc-000d3a3173b5	1446	Maeva Socquet	F	F18-24	32	6:46:57	0:50:02	0:06:40	3:32:54	0:06:22	2:10:59	FR	
4c46782f-8476-4c24-b386-f82696268308	1447	Jezabel Castelló	F	F50-54	9	6:47:02	0:36:48	0:07:00	3:35:43	0:04:41	2:22:50	esp	
b2e6faec-8989-f011-b4cc-002248098cfa	1448	Sofiane DEGAND	M	M25-29	322	6:47:04	1:07:39	0:08:37	3:24:26	0:05:10	2:01:13	FR	
838003e1-024e-4512-b3b9-1bcaca9e9907	1449	Léo Gillette	M	M18-24	230	6:47:37	0:50:36	0:08:01	3:18:18	0:05:08	2:25:35	FR	
ca339828-0758-f011-877b-000d3a5c3d6c	1450	Alexi Ronneau	M	M25-29	323	6:47:38	0:54:07	0:10:09	3:35:33	0:08:17	1:59:31	Unknown	
fadb079f-973b-ef11-8409-000d3a367177	1451	Mathilde Angot	F	F18-24	33	6:47:41	0:42:23	0:05:57	3:36:00	0:04:11	2:19:10	fra	
d427637a-f999-f011-b4cc-6045bd05fcc1	1452	Lénaïc Grange	M	M18-24	231	6:47:46	0:42:29	0:09:06	3:29:21	0:05:20	2:21:30	fra	
4f4e8b46-8b89-f011-b4cc-0022480a7385	1453	Ambre Fournier	F	F25-29	75	6:47:50	0:46:03	0:06:59	3:42:56	0:05:16	2:06:37	FR	
10b2a574-520f-423e-87f7-87af6340d451	1454	Jyrki Vainionpää	M	M50-54	75	6:48:00	0:44:47	0:08:41	3:42:18	0:08:28	2:03:46	FI	
02f1db1e-1dc7-f011-bbd2-0022480a3726	1455	Laure Pestel-Seugnet	F	F35-39	14	6:48:02	0:45:49	0:09:25	3:40:30	0:06:38	2:05:39	FRA	
0ccb924b-8889-f011-b4cb-000d3a30a38f	1456	Joao Carlos BERNARDINO DUARTE	M	M18-24	232	6:48:55	0:48:34	0:09:31	3:37:30	0:06:26	2:06:55	FR	
8296cc95-8f89-f011-b4cc-000d3a35ffc1	1457	Roland Ducros	M	M25-29	324	6:48:58	0:42:24	0:07:04	3:33:40	0:05:56	2:19:54	FR	
68edd8d9-6db7-f011-bbd3-6045bd09951e	1458	César Dupuis	M	M18-24	233	6:49:04	0:47:59	0:10:35	3:35:20	0:08:40	2:06:31	FRA	
3816b597-ae9b-f011-b41c-000d3a35ffc1	1459	Marco Berlot	M	M30-34	228	6:49:05	0:40:45	0:09:42	3:41:58	0:09:26	2:07:14	Unknown	
5ecfbfb8-1cda-4e56-9308-13207f26c330	1460	Leo Bonvarlet	M	M18-24	234	6:49:12	0:52:58	0:12:16	3:21:18	0:08:40	2:14:00	FR	
e31b2118-65ab-f011-bbd3-6045bd09951e	1461	Dante Mangiaracina	M	M25-29	325	6:49:15	0:42:36	0:09:33	3:15:06	0:06:54	2:35:07	US	
a752fb2c-a389-f011-b4cc-0022480a7385	1462	Alan Bideau	M	M25-29	326	6:49:30	0:49:15	0:07:58	3:27:57	0:04:59	2:19:20	FR	
67c154cd-8689-f011-b4cc-0022480a7385	1463	Alicia Didierjean	F	F25-29	76	6:49:33	0:45:22	0:06:54	3:18:46	0:05:58	2:32:33	FR	
889865d3-13a9-f011-bbd3-6045bd09951e	1464	Florent Vuillaume	M	M35-39	143	6:49:34	0:42:55	0:07:52	3:19:01	0:05:25	2:34:21	che	
58c447d0-21df-4b77-a57f-4e7a2025a61c	1465	Anna Zyznowska	F	F25-29	77	6:49:38	0:38:00	0:06:30	3:36:45	0:05:09	2:23:14	BEL	
61461e4a-50b0-f011-bbd3-6045bd05f634	1466	Yves Egger	M	M45-49	61	6:49:41	0:50:27	0:08:10	3:20:09	0:06:14	2:24:41	CHE	
9f443c01-bdc0-f011-bbd3-6045bd09951e	1467	Raf Deprez	M	M50-54	76	6:49:46	0:45:39	0:11:12	3:33:02	0:07:33	2:12:19	BEL	
bd0d81dd-8789-f011-b4cc-000d3a5cf7d8	1468	Baptiste Ego	M	M18-24	235	6:49:48	0:43:20	0:16:47	3:28:14	0:05:19	2:16:09	FR	
861cf11e-8c89-f011-b4cc-000d3a5cf7d8	1469	Mila Marsot	F	F18-24	34	6:49:48	0:51:34	0:08:34	3:28:18	0:05:15	2:16:09	FR	
5c79af58-7bc4-f011-bbd3-6045bd05f634	1470	Michael Glöckner	M	M35-39	144	6:49:56	0:55:17	0:05:24	3:44:29	0:05:02	1:59:45	DEU	
54e6758a-a989-f011-b4cc-000d3a5cf7d8	1471	Corentin Van Caeneghem	M	M30-34	229	6:50:00	0:45:50	0:10:53	3:28:02	0:10:32	2:14:44	fra	
16c81cf8-f1cd-4113-9968-83e7d2ca5685	1472	Philip Abbott	M	M55-59	51	6:50:11	0:40:07	0:10:00	3:16:05	0:08:27	2:35:31	GB	
587e9468-5dbd-f011-bbd3-6045bd05fcc1	1473	Florie Geurts	F	F18-24	35	6:50:14	0:38:22	0:06:55	3:46:30	0:05:26	2:13:00	GBR	
22ef5ac3-2860-f011-bec2-000d3a5b7c3b	1474	Geoffrey FRAIGNE	M	M30-34	230	6:50:22	0:46:05	0:10:06	3:39:11	0:08:41	2:06:18	fra	
a780bd31-d123-4f66-a889-c5873d388c35	1475	Alexander Deprez	M	M30-34	231	6:50:28	0:42:33	0:09:23	3:31:28	0:06:47	2:20:17	BE	
f88b0714-7099-f011-b4cc-6045bd05f634	1476	Tom Lemoine	M	M18-24	236	6:50:30	0:45:05	0:07:12	3:39:02	0:06:10	2:13:00	BE	
d3b1ec22-b9c3-f011-bbd3-000d3a35ffc1	1477	Clemence Pomeret	F	F18-24	36	6:50:37	0:44:42	0:07:32	3:37:29	0:07:06	2:13:49	FRA	
9013dbca-d667-ef11-bfe3-6045bd017e21	1478	Hugo Brieude	M	M18-24	237	6:50:50	0:43:21	0:06:51	3:29:28	0:06:35	2:24:36	FR	
034a58aa-02a3-432a-8c9a-9d26fe78a6e7	1479	Claire Mladenovic	F	F30-34	47	6:50:51	0:44:34	0:07:27	3:31:13	0:05:35	2:22:03	FR	
ab70e16e-a1ca-4b75-922a-49e5e7fd6911	1480	Matthieu Perrot	M	M45-49	62	6:50:58	0:45:58	0:09:22	3:23:21	0:06:41	2:25:37	FR	
bc8744cd-968c-f011-b4cc-6045bd05fcc1	1481	Louka Cottebrune Bouville	F	F18-24	37	6:51:05	0:48:32	0:07:40	3:37:39	0:07:35	2:09:39	FR	
79a35056-519e-f011-b41c-000d3a35ffc1	1482	Victor de Lambilly	M	M18-24	238	6:51:26	0:53:17	0:07:40	3:20:06	0:06:15	2:24:08	FR	
0f22a9f0-887e-f011-b4cc-000d3a35ffc1	1483	George Harris	M	M30-34	232	6:51:27	0:46:38	0:10:03	3:44:06	0:06:35	2:04:04	GB	
d52ac870-21be-f011-bbd3-6045bd09951e	1484	Sarah Osgood	F	F35-39	15	6:51:30	0:38:16	0:09:13	3:39:39	0:07:11	2:17:11	GBR	
f61ce93a-3cc5-4678-ab96-84a15747129f	1485	Nicolas Piliu	F	M60-64	13	6:51:33	0:48:49	0:08:12	3:16:20	0:06:36	2:31:37	fra	
74bbc269-4b92-f011-b4cc-000d3a35ffc1	1486	Cyril Sabattié	M	M30-34	233	6:51:34	0:43:59	0:08:43	3:39:57	0:06:08	2:12:47	FR	
f8b5a459-a3c0-f011-bbd3-000d3a35ffc1	1487	Nikita Auger	M	M30-34	234	6:51:38	0:43:10	0:06:56	3:23:48	0:06:40	2:31:04	FRA	
ed668a11-368e-f011-b4cc-000d3a5b7c3b	1488	Jon Pulaski	M	M40-44	98	6:51:41	0:47:39	0:12:00	3:31:00	0:12:00	2:09:03	US	
a145992f-0c97-f011-b4cc-6045bd05fcc1	1489	Benoît MEMETEAU	M	M45-49	63	6:52:04	0:43:16	0:07:39	3:31:44	0:06:17	2:23:07	FRA	
8839060f-8b89-f011-b4cc-000d3a5cf7d8	1490	Caroline TERSOL DOZORME	F	F30-34	48	6:52:20	0:52:42	0:08:30	3:36:36	0:05:45	2:08:47	FR	
a3e1910f-d4c0-f011-bbd3-000d3a5cf7d8	1491	Olivier CASTAN	M	M30-34	235	6:52:22	0:54:31	0:07:28	3:45:49	0:05:35	1:59:00	FRA	
8f5dd980-ba75-f011-b4cc-000d3a3173b5	1492	Vincent GAILLARD	M	M25-29	327	6:52:23	0:46:44	0:08:43	3:24:33	0:06:04	2:26:18	FR	
b05e28cb-748a-f011-b4cc-000d3a5b50ba	1493	Corentin Gratpanche	M	M30-34	236	6:52:23	0:54:13	0:09:32	3:35:05	0:08:46	2:04:47	FR	
84352d70-348a-f011-b4cc-000d3a5b50ba	1494	Camille Ribault	M	M18-24	239	6:52:27	0:48:45	0:08:00	3:29:57	0:06:07	2:19:38	FR	
9722df70-4182-ef11-ac21-002248049fdc	1495	iain Airth	M	M55-59	52	6:52:38	0:40:59	0:10:59	3:34:08	0:06:59	2:19:33	GB	
faeb5784-7abd-f011-bbd3-000d3a35ffc1	1496	Nicolas Barrasson	M	M40-44	99	6:52:50	0:48:19	0:10:52	3:41:07	0:06:13	2:06:19	FRA	
21f1cb0e-41e5-4bc8-b9e8-488bc3190fd7	1497	Isabel Buchanan	F	F25-29	78	6:52:51	0:36:30	0:05:37	3:44:27	0:08:24	2:17:52	GB	
74cbde20-3ca1-f011-bbd3-000d3a5cf7d8	1498	Cédric CHAMPALAUNE	M	M50-54	77	6:52:52	0:37:43	0:06:44	3:34:07	0:08:38	2:25:41	FR	
9e0887f5-788a-f011-b4cc-002248098cfa	1499	Azran Mostapha	M	M30-34	237	6:52:54	0:58:32	0:06:38	3:40:41	0:06:59	2:00:05	FR	
1e439635-0b59-496a-81b0-420e9d934f47	1500	Stanny De Vleeschauwer	M	M60-64	14	6:52:56	0:44:43	0:10:27	3:33:19	0:07:17	2:17:11	BE	
5db01aed-8689-f011-b4cc-000d3a5b50ba	1501	Alexis Noblet	M	M30-34	238	6:52:59	0:48:15	0:07:24	3:45:44	0:06:32	2:05:03	fra	
6f82fb33-6cd4-448d-8008-bd81c9c71751	1502	Valentin Labat	M	M25-29	328	6:53:09	0:44:06	0:08:40	3:39:48	0:06:28	2:14:07	fra	
4a6abd37-69c3-4a17-9e0d-a1a2aa7560bc	1503	Louis Desjardins	M	M35-39	145	6:53:14	0:42:50	0:07:38	3:37:18	0:05:50	2:19:37	Unknown	
47a407fa-e3bb-f011-bbd3-6045bd09951e	1504	Lucas Klug	M	M30-34	239	6:53:14	0:44:41	0:06:38	3:54:53	0:05:23	2:01:40	DEU	
42799cb1-6367-4c73-aedf-e6ac8cabbbd0	1505	Julien Privat	M	M45-49	64	6:53:19	0:45:15	0:07:18	3:19:25	0:08:40	2:32:42	Unknown	
2e74fb61-754b-f011-8779-002248098cfa	1506	Guillaume FUMANERI	M	M30-34	240	6:53:22	0:48:55	0:07:47	3:38:41	0:05:51	2:12:08	FR	
493a9792-8b8a-f011-b4cc-6045bd05f634	1507	Ethan Heenan	M	M25-29	329	6:53:27	0:47:04	0:08:33	3:26:08	0:11:05	2:20:37	GB	
63ae2e58-8789-f011-b4cc-000d3a5cf7d8	1508	Nathan Marechal	M	M18-24	240	6:53:39	0:43:35	0:09:08	3:17:58	0:06:03	2:36:55	FR	
8b0c01e7-4979-f011-b4cc-000d3a35ffc1	1509	yohan mertz	M	M25-29	330	6:53:44	0:47:14	0:09:05	3:37:48	0:05:42	2:13:54	Unknown	
4d2a88a1-af49-ef11-a316-000d3a3b4ec1	1510	Sebastian Betts	M	M25-29	331	6:53:45	0:45:45	0:08:32	3:46:04	0:07:11	2:06:14	GB	
9dd48322-6fa9-438c-9fb1-7f2907c67e1c	1511	Tom Maurel	M	M30-34	241	6:53:55	0:44:00	0:07:42	3:35:45	0:05:17	2:21:11	FR	
9ee37d9c-90a0-f011-b41c-6045bd05f634	1512	Anaïs Ribeiro de carvalho	F	F30-34	49	6:53:56	0:48:20	0:08:39	3:38:21	0:05:42	2:12:53	FR	
61f9a7a5-8a89-f011-b4cc-000d3a5b7c3b	1513	Margaux PROQUIN	F	F30-34	50	6:54:01	0:51:52	0:06:40	3:42:40	0:08:54	2:03:55	FR	
4339cdb4-1e53-44ba-8369-bd26d957b654	1514	Didier Brouzes	M	M60-64	15	6:54:29	0:41:46	0:09:35	3:24:01	0:07:09	2:31:58	fra	
89b4823c-a094-f011-b4cc-000d3a5cf7d8	1515	Birthe Magnus	F	F18-24	38	6:54:29	0:39:53	0:07:01	3:24:14	0:07:32	2:35:50	bel	
23896c65-8a89-f011-b4cc-000d3a5cf7d8	1516	Tracy Rodd	F	F50-54	10	6:54:35	0:42:59	0:09:05	3:29:01	0:06:53	2:26:37	GB	
d8ec39a7-a6b2-f011-bbd3-000d3a5b7c3b	1517	Eliott Villaume	M	M18-24	241	6:54:35	0:36:38	0:07:52	3:54:39	0:06:41	2:08:46	FRA	
8b80471d-9c47-f011-877a-000d3a5cf7d8	1518	Téo Granier	M	M18-24	242	6:54:36	1:00:07	0:10:44	3:37:30	0:07:01	1:59:14	FR	
e4e78760-1259-f011-877b-000d3a3173b5	1519	Sylviane DESBRE DESGOUTTES	F	F60-64	4	6:54:52	0:55:15	0:08:32	3:27:19	0:07:52	2:15:54	FRA	
6f601d29-8620-ee11-9cbe-000d3a314d17	1520	Yves Legros	M	M35-39	146	6:54:57	0:51:52	0:09:06	3:37:39	0:07:16	2:09:04	FRA	
12024e9c-079b-f011-b4cc-000d3a5b50ba	1521	William Try	M	M30-34	242	6:54:58	0:55:49	0:07:46	3:25:39	0:07:17	2:18:26	FR	
3855f006-7bc1-f011-bbd3-0022480c097c	1522	Marie Prost	F	F30-34	51	6:55:00	0:45:29	0:10:06	3:57:17	0:08:06	1:54:02	FRA	
84761048-f36a-4342-8027-ec56a8955621	1523	Justine Diot	F	F25-29	79	6:55:03	0:55:30	0:08:08	3:43:08	0:05:23	2:02:55	FR	
2cf0d49f-721f-449b-a353-3fe9b161cf85	1524	Sébastien Lasne	M	M50-54	78	6:55:10	0:45:23	0:06:23	3:27:29	0:06:11	2:29:44	FR	
750fe147-f2a2-f011-bbd3-6045bd09951e	1525	Luc Pezron	M	M55-59	53	6:55:21	0:40:54	0:08:03	3:40:23	0:04:22	2:21:39	fra	
dcd077ac-0558-f011-877b-000d3a3173b5	1526	Daniel Legrand	M	M25-29	332	6:55:39	0:44:13	0:07:36	3:42:06	0:05:06	2:16:38	Unknown	
944f41bc-e97f-ef11-ac21-000d3a5b3d07	1527	Manon Colléaux	F	F30-34	52	6:55:40	0:45:39	0:05:52	3:42:15	0:04:51	2:17:03	fra	
cf2b42e0-6c58-4aad-8dc6-51369c802e12	1528	Julien Destré	M	M40-44	100	6:55:55	0:42:37	0:08:21	3:13:29	0:06:50	2:44:38	fra	
d0420054-73a6-f011-bbd3-0022480c097c	1529	Manon Faverjon	F	F18-24	39	6:55:56	0:48:48	0:08:00	3:37:26	0:10:56	2:10:46	FR	
057e2d8e-5ac9-f011-bbd3-000d3a5b50ba	1530	Oliver Blanco Hague	M	M40-44	101	6:55:56	0:48:21	0:10:00	3:42:55	0:07:46	2:06:54	fra	
54b24ab3-dca1-f011-bbd3-0022480a7385	1531	Paul Daguzé	M	M25-29	333	6:56:11	0:43:59	0:08:13	3:22:55	0:06:32	2:34:32	FR	
0b9c4a6d-5d98-f011-b4cc-000d3a5c3d6c	1532	Antoine Lamauve	M	M35-39	147	6:56:35	0:49:06	0:05:48	3:03:29	0:06:02	2:52:10	FR	
628aeede-c970-4687-8b4f-f1fa456f5583	1533	Alexandre Hugot	M	M50-54	79	6:56:36	1:00:22	0:12:27	3:20:18	0:10:26	2:13:03	Unknown	
408afe51-6e77-f011-b4cc-000d3a35ffc1	1534	OKTAY Aykul	M	M25-29	334	6:56:55	0:47:21	0:07:10	3:41:47	0:05:31	2:15:06	FRA	
3b3000cd-8789-f011-b4cc-6045bd05f634	1535	Maxime Nuter	M	M25-29	335	6:56:57	0:46:57	0:10:46	3:34:06	0:06:56	2:18:12	FR	
319c0823-4774-ef11-a671-000d3a371e3b	1536	Pascal Feret	M	M55-59	54	6:56:58	0:42:48	0:09:09	3:23:28	0:07:16	2:34:17	fra	
0234d06a-af88-f011-b4cc-000d3a5cf7d8	1537	Shyann Labenne	F	F18-24	40	6:56:59	0:51:49	0:07:46	3:34:45	0:06:09	2:16:30	FRA	
9cb71df8-99a7-f011-bbd3-000d3a5b7c3b	1538	Frances Abrahamsen	F	F30-34	53	6:57:03	0:39:54	0:06:14	3:49:09	0:04:58	2:16:48	GB	
ac1aee43-84f7-43f2-adcc-248328c3d953	1539	Nicolas Scotto	M	M35-39	148	6:57:06	0:55:21	0:07:51	3:25:05	0:08:06	2:20:43	fra	
a5520e85-90d5-ea11-a813-000d3a5a1cf8	1540	Gilberto Tani	M	M60-64	16	6:57:18	0:47:13	0:08:00	3:25:34	0:06:28	2:30:02	ita	
3a34534d-8b89-f011-b4cc-6045bd09951e	1541	Julien Busque	M	M25-29	336	6:57:23	0:52:00	0:08:46	3:47:10	0:06:36	2:02:52	fra	
43a9e608-d5c0-f011-bbd3-6045bd05fcc1	1542	Clémentine GOEDEFROYE	F	F35-39	16	6:57:50	0:46:28	0:09:49	3:34:21	0:05:13	2:21:59	fra	
f6431aed-74b3-f011-bbd3-0022480a7385	1543	Emmanuel Martinez	M	M35-39	149	6:57:54	0:46:07	0:06:25	3:33:14	0:07:33	2:24:34	fra	
a8662c17-1c41-f011-b4ca-0022480c097c	1544	Fabien Delbroucq	M	M30-34	243	6:58:05	0:49:37	0:06:34	3:29:03	0:05:19	2:27:32	FRA	
0fac771f-b975-ef11-a670-00224808894b	1545	Jehanne Devries	F	F18-24	41	6:58:13	0:51:08	0:06:22	3:29:24	0:04:20	2:27:00	FRA	
810b4bf8-7fc1-f011-bbd3-6045bd05fcc1	1546	William Smith	M	M18-24	243	6:58:23	0:34:15	0:06:58	3:38:36	0:06:51	2:31:42	GBR	
eb499e37-8b89-f011-b4cc-000d3a5b50ba	1547	Ophelie Tescat	F	F30-34	54	6:58:40	0:51:30	0:09:01	3:48:19	0:07:46	2:02:04	FR	
50333ade-6b44-f011-877a-6045bd05fcc1	1548	Bernard DOCHE	M	M45-49	65	6:58:45	0:48:00	0:06:53	3:43:32	0:07:45	2:12:35	FR	
15503ce3-af8c-4bf2-adba-8d05c83daa15	1549	Jessica Rowley	F	F35-39	17	6:58:52	0:52:38	0:07:57	3:34:38	0:05:58	2:17:42	GB	
883b06ae-8789-f011-b4cb-000d3a30a38f	1550	Corentin Guilbert	M	M30-34	244	6:59:10	0:49:14	0:09:35	3:40:37	0:08:10	2:11:35	FR	
3dfb80cf-1a8c-f011-b4cc-000d3a5cf7d8	1551	Lea Futschik	F	F40-44	25	6:59:15	0:53:46	0:08:06	3:39:16	0:05:06	2:13:02	fra	
e6b001df-1290-f011-b4cc-6045bd09951e	1552	Nicolas MULLER	M	M40-44	102	6:59:26	0:46:48	0:11:11	3:37:42	0:06:01	2:17:44	FR	
3089c13f-cc87-f011-b4cc-002248098cfa	1553	Maxence PADRUTT	M	M18-24	244	6:59:29	0:44:11	0:05:56	3:39:08	0:04:47	2:25:26	FR	
62aeebcb-8889-f011-b4cc-6045bd05f634	1554	Brendan White	M	M50-54	80	6:59:33	0:50:08	0:08:22	3:29:39	0:06:56	2:24:28	FR	
37eaf2cb-ad84-f011-b4cc-6045bd05f634	1555	Flavie Colinot	M	M18-24	245	6:59:47	0:50:10	0:07:38	3:50:54	0:05:53	2:05:12	Unknown	
9c2eb7bc-94b7-42e5-907b-7152dfabd9df	1556	Solenne Guitard	F	F25-29	80	6:59:48	0:48:19	0:10:46	3:33:18	0:07:33	2:19:52	FR	
5602dc7e-1e8b-f011-b4cc-0022480a7385	1557	Valentin CHARREAU	M	M18-24	246	6:59:59	0:45:44	0:08:15	3:21:32	0:04:31	2:39:57	FR	
2da7a891-db8b-f011-b4cc-6045bd05fcc1	1558	Pierre Riaud	M	M30-34	245	7:00:15	1:02:56	0:08:42	3:25:13	0:07:00	2:16:24	FR	
57bfeaa8-c6dd-44a6-ab56-50309f0a4bf5	1559	Marc Dulau	M	M55-59	55	7:00:27	0:47:36	0:10:49	3:36:33	0:07:50	2:17:38	FR	
73ab7328-d7aa-f011-bbd3-6045bd05fcc1	1560	Jordan Bocquet	M	M30-34	246	7:00:33	0:53:27	0:10:38	3:30:44	0:08:31	2:17:13	BEL	
fe93e49a-5b89-f011-b4cb-000d3a30a38f	1561	Fabio Clemente	M	M55-59	56	7:00:34	0:52:28	0:06:43	3:25:14	0:06:15	2:29:55	CH	
903ff19d-72ce-42e9-aae4-043da38201a1	1562	Jessica Hedges	F	F30-34	55	7:00:35	0:43:25	0:09:42	3:59:54	0:11:50	1:55:44	gbr	
2180075f-f1ab-f011-bbd3-000d3a5cf7d8	1563	Julie BRIZE	F	F25-29	81	7:00:43	0:46:34	0:06:53	3:25:02	0:06:49	2:35:24	FRA	
7fa93c48-57b1-f011-bbd2-000d3a5a4680	1564	Anthony Martinez	M	M25-29	337	7:00:54	0:51:37	0:06:32	3:31:18	0:07:23	2:24:03	FRA	
a1ca52e4-8689-f011-b4cb-000d3a30a38f	1565	Axel Clot	M	M18-24	247	7:01:00	0:46:39	0:09:04	3:41:39	0:06:24	2:17:14	FRA	
a854b835-5896-f011-b4cc-000d3a5b7c3b	1566	Valentin Mallié-Morfaux	M	M18-24	248	7:01:08	0:56:33	0:11:29	3:13:32	0:12:56	2:26:38	FR	
f2887481-23ca-f011-bbd3-000d3a3173b5	1567	Edgar Gautier	M	M18-24	249	7:01:18	0:47:57	0:06:37	3:21:58	0:05:02	2:39:43	FRA	
2cfe55fd-b20e-46c4-a97c-81e376b90928	1568	Stefania Toschi	F	F55-59	9	7:01:18	0:47:24	0:11:34	3:33:57	0:07:51	2:20:32	ita	
70713bff-c093-f011-b4cc-6045bd09951e	1569	Vic Hermans	M	M18-24	250	7:01:32	0:56:11	0:08:24	3:30:22	0:07:31	2:19:05	NLD	
36ff26f5-08bf-f011-bbd2-000d3a5b7c3b	1570	Robert Skinstad	M	M50-54	81	7:01:39	0:46:19	0:08:28	3:27:27	0:07:58	2:31:28	GBR	
ba3034ee-2e8e-f011-b4cc-002248098cfa	1571	Paul K Roberts	M	M45-49	66	7:01:47	0:46:37	0:10:32	3:25:06	0:08:04	2:31:27	ZA	
c737de28-ab47-4c82-96b1-63d2ed91d694	1572	Hugo Pelon	M	M25-29	338	7:01:56	0:47:10	0:09:21	3:41:50	0:06:11	2:17:25	fra	
8ed3f06c-d9cd-48d4-8fc6-1a063706787b	1573	Nicolas Lagoutte	M	M40-44	103	7:01:56	0:46:49	0:08:01	3:32:12	0:05:00	2:29:54	FR	
d924cde8-5d86-f011-b4cc-0022480c097c	1574	Valérie Baulaz	F	F18-24	42	7:02:08	0:53:36	0:07:12	3:32:14	0:05:40	2:23:26		
b72d4a41-dc46-f011-877a-000d3a5b50ba	1575	Mathias QUENETTE	M	M30-34	247	7:02:18	0:50:25	0:07:15	3:29:53	0:07:29	2:27:16	Unknown	
a261ab9f-09a5-f011-bbd3-6045bd05fcc1	1576	Jenny Ford	F	F50-54	11	7:02:27	0:44:11	0:07:14	3:46:48	0:07:05	2:17:09	GBR	
d48e1389-e4e6-4c7c-9f1c-f2717ca9391f	1577	Julie Gobet	F	F25-29	82	7:02:58	0:47:31	0:08:49	3:38:21	0:07:02	2:21:13	CH	
9ff2feb5-376d-4be4-a6b2-eade620df649	1578	Bruce Weinelt	M	M50-54	82	7:03:00	0:54:51	0:14:08	3:30:43	0:06:47	2:16:31	US	
8f88943f-e1bf-f011-bbd3-6045bd05fcc1	1579	Emma Maillard	F	F18-24	43	7:03:15	0:46:51	0:11:33	3:35:39	0:11:04	2:18:07	CHE	
e469e248-af88-f011-b4cc-000d3a5b7c3b	1580	Hugo Bernard	M	M25-29	339	7:03:22	0:50:33	0:07:10	3:42:59	0:06:09	2:16:31	FR	
e95fcd42-6e8a-f011-b4cc-000d3a5cf7d8	1581	Alexane RIBES	F	F18-24	44	7:03:23	0:43:15	0:10:48	3:37:58	0:08:02	2:23:19	FR	
9bca5586-4a96-f011-b4cc-000d3a35ffc1	1582	Gonzalo Viquez	M	M25-29	340	7:03:35	0:46:42	0:15:57	3:54:40	0:08:24	1:57:52	PRI	
a2585f7f-19d4-f011-8544-000d3a35ffc1	1583	louis chapuy	M	M18-24	251	7:03:37	0:51:24	0:10:53	3:42:54	0:05:34	2:12:52	FRA	
9b79b385-9289-f011-b4cc-6045bd05f634	1584	Alicia Mauduit	F	F35-39	18	7:03:46	0:50:11	0:06:12	3:39:06	0:04:25	2:23:52	FR	
b4e97e70-8889-f011-b4cb-000d3a30a38f	1585	Florian Pouthier	M	M35-39	150	7:03:53	0:56:17	0:08:03	3:33:57	0:05:45	2:19:51	fra	
e2d040c3-8ac1-f011-bbd3-002248098cfa	1586	Jasper Dolfing	M	M25-29	341	7:03:55	0:57:08	0:11:34	3:43:25	0:05:41	2:06:08	NLD	
02d3f617-1c8b-f011-b4cc-000d3a3173b5	1587	Balthazar Martin	M	M18-24	252	7:04:07	0:51:39	0:07:45	3:34:32	0:08:32	2:21:40	FR	
4c02c9b3-3c4d-456c-aac7-93d7b3aaabe1	1588	Elisa Abidh	F	F35-39	19	7:04:09	0:49:11	0:06:12	3:56:26	0:06:01	2:06:20	FRA	
246044c3-388e-f011-b4cc-000d3a3173b5	1589	TOM Bonnet	M	M18-24	253	7:04:10	0:43:11	0:08:11	3:27:23	0:04:09	2:41:15	FR	
74580fc5-e7bf-f011-bbd3-000d3a3173b5	1590	Amandine Denis	F	F30-34	56	7:04:11	0:57:59	0:12:13	3:36:07	0:07:17	2:10:35	BEL	
8979a6c2-c94b-45be-9197-5e4573877884	1591	Maël KORCHEF	M	M18-24	254	7:04:18	0:50:38	0:08:16	3:46:09	0:06:06	2:13:09	fra	
c1304944-9dc8-f011-bbd3-000d3a5b7c3b	1592	Jeremy Bentz	M	M35-39	151	7:04:27	0:44:43	0:09:19	3:40:02	0:06:25	2:23:58	FRA	
deb41bef-abc8-f011-bbd3-000d3a35ffc1	1593	Diego Martin	M	M18-24	255	7:05:28	0:48:14	0:07:29	3:36:25	0:05:43	2:27:38	fra	
4ceeb9e1-2e5f-ef11-bfe3-000d3a3b4ec1	1594	Ray Brooks	M	M50-54	83	7:05:37	0:41:52	0:07:18	3:29:40	0:05:40	2:41:07	GB	
b41f13e9-c989-f011-b4cc-6045bd05fcc1	1595	laurent alcoser	M	M50-54	84	7:05:38	0:51:16	0:06:14	3:39:31	0:06:04	2:22:33	fra	
52afc137-739f-f011-b41c-0022480a7385	1596	Gaëtan Vantaux	M	M35-39	152	7:06:22	0:55:14	0:08:49	3:46:27	0:05:20	2:10:32	FR	
b0d45361-729d-f011-b41c-000d3a3173b5	1597	Thibault Baril	M	M25-29	342	7:06:24	0:45:18	0:09:00	3:29:13	0:05:22	2:37:31	FR	
bcf69a89-dbb5-f011-bbd3-000d3a3173b5	1598	Raphaël Marchina	M	M18-24	256	7:06:28	1:09:45	0:12:33	3:11:50	0:09:06	2:23:14	FRA	
abcdc18b-6282-f011-b4cc-000d3a5b7c3b	1599	Agathe Veyrat	F	F18-24	45	7:06:36	0:48:19	0:08:48	3:41:49	0:06:34	2:21:06	FR	
0e65339b-ef99-f011-b4cc-0022480a7385	1600	Paul Rodo	M	M18-24	257	7:06:39	0:46:48	0:07:26	3:18:27	0:04:59	2:48:59	fra	
7ba93767-476a-4542-946b-c1196d2c9a93	1601	Greg Kemp	M	M50-54	85	7:06:40	0:46:37	0:10:40	3:36:59	0:09:59	2:22:25	GB	
6809e0a6-8f89-f011-b4cc-6045bd09951e	1602	JULIEN POLET	M	M30-34	248	7:06:53	0:45:53	0:08:05	3:24:33	0:06:21	2:42:01	BE	
e9890965-1a8c-4854-874a-1b0ebce52968	1603	Marion Lafait-Boisson	F	F35-39	20	7:06:54	0:51:01	0:07:59	3:26:30	0:06:29	2:34:55	FR	
39c3cc77-1988-f011-b4cb-000d3a3af988	1604	Emma Constance	F	F35-39	21	7:07:12	0:44:03	0:06:39	3:41:17	0:07:51	2:27:22	GB	
02afdbcc-018e-ef11-ac21-000d3a5a1803	1605	Alexandre Ettori	M	M45-49	67	7:07:41	0:42:58	0:07:09	3:35:51	0:08:12	2:33:31	fra	
92bf3a1d-48a1-f011-bbd3-000d3a5cf7d8	1606	Alejandro Gonzalez-Rothvoss Pelaez	M	M18-24	258	7:07:43	0:46:59	0:08:54	3:30:22	0:05:12	2:36:16	ES	
9ea9f82c-58af-f011-bbd3-000d3a3173b5	1607	Jesse Grosman	M	M25-29	343	7:07:58	0:44:49	0:16:35	3:43:20	0:17:00	2:06:15	USA	
afe0f1e4-d7bf-f011-bbd3-6045bd05f634	1608	Clément ROUY	M	M25-29	344	7:08:08	0:53:32	0:04:12	3:35:40	0:04:34	2:30:11	fra	
f148d28a-0558-f011-877b-000d3a5c3d6c	1609	Lacroix Mattéo	M	M18-24	259	7:08:22	0:50:22	0:06:27	3:32:31	0:05:28	2:33:33	Unknown	
99a9ddce-0c88-f011-b4cc-000d3a35ffc1	1610	olivier vieljeuf	M	M60-64	17	7:08:34	0:49:45	0:09:47	3:23:01	0:09:02	2:36:58	FR	
9908f000-7e89-f011-b4cc-6045bd05fcc1	1611	Simon Vieljeuf	M	M25-29	345	7:08:34	0:40:23	0:19:05	3:23:05	0:09:08	2:36:54	FR	
33a2b6e1-ac17-ef11-9f89-6045bd00e0b7	1612	Aude DUVIVIER	F	F50-54	12	7:08:37	0:43:28	0:07:01	3:46:40	0:07:46	2:23:43	FR	
f6ce2724-53dd-ee11-904d-000d3a314c24	1613	Alejandra SALAZAR	F	F35-39	22	7:08:56	0:48:50	0:07:38	3:56:29	0:06:40	2:09:20	che	
98a8c639-4b92-f011-b4cb-7ced8d700b9f	1614	Daniel Oliver	M	M35-39	153	7:08:59	0:45:12	0:07:34	3:31:22	0:06:02	2:38:48	FR	
67308654-9289-f011-b4cc-000d3a3173b5	1615	Louise KLETHI	F	F30-34	57	7:09:19	0:49:24	0:08:05	3:36:21	0:07:26	2:28:03	FR	
063c18f9-9989-f011-b4cc-000d3a5b7c3b	1616	Noélie WENGLER	F	F25-29	83	7:09:22	0:50:20	0:06:37	3:39:12	0:06:54	2:26:20	FR	
914e0a85-6422-4b44-8a9d-244bfd543211	1617	Philippe Girard	M	M55-59	57	7:09:47	0:55:07	0:09:18	3:38:52	0:10:00	2:16:30	FR	
9c207349-6589-f011-b4cc-000d3a5cf7d8	1618	Tirapu Axel	M	M25-29	346	7:10:11	0:57:40	0:08:56	3:38:17	0:04:58	2:20:20	FR	
c90f7360-65b8-4a9b-96b2-326897901d2b	1619	Philippe Bach	M	M60-64	18	7:10:13	0:49:21	0:12:58	3:22:06	0:09:14	2:36:33	FR	
39e9826e-b575-ef11-a670-0022480ae005	1620	Alison FOREAU	F	F30-34	58	7:10:14	0:52:43	0:08:08	3:52:05	0:04:50	2:12:28	fra	
f1edfb42-0cbc-f011-bbd3-000d3a5cf7d8	1621	Robert Pavkovic	M	M55-59	58	7:10:17	0:52:18	0:13:28	3:42:20	0:10:28	2:11:43	fra	
dfc39278-dd83-f011-b4cc-000d3a5b50ba	1622	Fabrice Bourdonné	M	M30-34	249	7:10:18	0:48:56	0:06:34	3:38:12	0:04:30	2:32:06	che	
8b52a7e5-9142-45b6-81e9-38854eef569f	1623	Chris Barnes	M	M50-54	86	7:10:26	0:50:54	0:06:24	3:27:05	0:07:36	2:38:27	GB	
b40b74ab-4078-f011-b4cc-6045bd05fcc1	1624	Constance Bonnet	F	F25-29	84	7:10:32	0:43:47	0:06:55	3:36:57	0:05:35	2:37:17	FR	
c38752f9-638a-f011-b4cc-000d3a3173b5	1625	charles chapuy	M	M60-64	19	7:10:50	0:52:02	0:11:14	3:33:39	0:09:10	2:24:44		
08ef1279-3131-4260-801f-5e4a6fd5ae3b	1626	Olli Sirkka	M	M50-54	87	7:11:05	0:41:08	0:10:01	3:36:38	0:08:52	2:34:26	FIN	
03dea226-5fc9-f011-bbd3-000d3a3173b5	1627	Christiane Leal	F	F60-64	5	7:11:07	0:45:55	0:09:20	3:41:25	0:10:16	2:24:10	CHE	
b7b494f3-b582-f011-b4cc-002248098cfa	1628	Amandine Pennequin	F	F25-29	85	7:11:26	0:54:26	0:06:28	3:34:21	0:04:08	2:32:02	FR	
07e17b65-50c0-f011-bbd3-000d3a3173b5	1629	Maxence Barthe	M	M18-24	260	7:11:31	0:57:57	0:06:23	3:30:53	0:03:46	2:32:33	FRA	
a1bf4c86-5889-f011-b4cc-000d3a5b50ba	1630	Kevin Traber	M	M30-34	250	7:11:33	1:03:13	0:05:46	3:28:45	0:07:19	2:26:30	CH	
5cc36cfe-f7ab-f011-bbd3-6045bd09951e	1631	Marianne Legrand	F	F30-34	59	7:11:40	0:55:55	0:09:39	3:32:49	0:06:46	2:26:31	FR	
4e8bb717-9389-f011-b4cc-000d3a5cf7d8	1632	Jérôme Véron	M	M50-54	88	7:11:40	0:54:00	0:07:34	3:17:38	0:08:29	2:43:59	FR	
9e85810c-4fa8-f011-bbd3-6045bd09951e	1633	Martyna Rozmiarek	F	F30-34	60	7:11:55	0:56:09	0:08:48	3:52:11	0:05:54	2:08:52	FR	
4a033787-f75b-f011-bec2-000d3a5cf7d8	1634	Calvin Dudziak	M	M25-29	347	7:12:05	0:59:13	0:09:25	3:38:06	0:08:39	2:16:41	FRA	
4bc6e168-7e1e-4872-b676-f777296accb5	1635	Rémy Coquard	M	M25-29	348	7:12:14	0:49:59	0:07:08	3:35:15	0:07:44	2:32:08	FR	
8da1eb3c-2993-f011-b4cc-000d3a5b7c3b	1636	Johan Jouve	M	M30-34	251	7:12:21	0:44:59	0:07:11	3:41:28	0:06:02	2:32:41	FR	
9bcf9d0f-3048-ef11-a316-000d3a3b4ec1	1637	Mathis Despres	M	M25-29	349	7:12:23	0:46:44	0:05:55	3:29:10	0:06:26	2:44:08	FR	
934e0182-658a-f011-b4cc-000d3a5cf7d8	1638	Sylvain Diaz	M	M45-49	68	7:12:56	0:52:07	0:08:05	3:50:35	0:07:32	2:14:37	FR	
0f9ebd1b-6893-4fed-b5f0-f8db3f3a6b1c	1639	Labhaoise Boyle	F	F40-44	26	7:12:59	0:53:43	0:07:59	3:43:15	0:07:10	2:20:51	gbr	
342373d6-7602-4c76-b964-1343779b093b	1640	Claudia Trölsch	F	F55-59	10	7:13:23	0:48:38	0:06:42	3:34:53	0:05:34	2:37:35	DE	
fbfe5de1-1c2b-ee11-bdf4-000d3a3144b3	1641	CYRIL DEMARE	M	M45-49	69	7:13:24	0:47:50	0:08:43	3:46:37	0:07:00	2:23:15	FR	
61625d90-8289-f011-b4cc-6045bd09951e	1642	benoit joly	M	M25-29	350	7:13:42	0:43:31	0:07:02	3:19:29	0:04:34	2:59:05	fra	
7f76bb80-b589-f011-b4cc-6045bd05f634	1643	thomas miniou	M	M18-24	261	7:13:46	0:50:26	0:08:27	3:19:22	0:04:47	2:50:43	FR	
589ba766-919f-f011-b41c-000d3a5b50ba	1644	Léo Letienne	M	M18-24	262	7:14:00	0:49:51	0:09:57	4:00:43	0:05:18	2:08:11	FR	
83b541db-e19f-43cb-9972-f25423e388fd	1645	Jáchym Špiroch	M	M18-24	263	7:14:04	0:47:19	0:11:44	3:33:48	0:04:55	2:36:17	Czech Republic	
ffa40ec3-46bf-f011-bbd3-6045bd05fcc1	1646	Abel DERRIEN	M	M18-24	264	7:14:09	0:46:05	0:08:26	4:02:59	0:07:01	2:09:38	FRA	
39dddbb9-f18b-f011-b4cc-000d3a3173b5	1647	Pierre Lanfrey	M	M55-59	59	7:14:13	0:42:57	0:10:33	3:40:32	0:06:40	2:33:31	FR	
68a38ebf-f56d-f011-bec2-000d3a5b7c3b	1648	nathan Phelippot	M	M25-29	351	7:14:18	0:45:32	0:07:15	3:45:01	0:10:43	2:25:47	FRA	
6fe95a0d-5ec0-f011-bbd2-000d3a3bab0b	1649	Hannes Van Bellen	M	M25-29	352	7:14:18	0:51:23	0:12:48	3:40:29	0:11:45	2:17:53	NLD	
813b0b46-8dc0-f011-bbd3-0022480a7385	1650	Quentin HOUDE	M	M30-34	252	7:14:44	1:01:53	0:08:28	3:45:58	0:04:51	2:13:34	FRA	
da85d7d0-b776-43ce-a6d4-e78b47b653eb	1651	Jorge Garcia	M	M45-49	70	7:14:46	0:45:09	0:09:02	3:33:11	0:08:57	2:38:28	CHE	
13eeb6d2-0ab1-f011-bbd3-000d3a3173b5	1652	Scott Bowen-Cooper	M	M25-29	353	7:14:50	0:39:24	0:06:34	3:50:41	0:06:29	2:31:41	GBR	
4b21fd20-258a-f011-b4cb-000d3a30a38f	1653	Nicolas CARMONA	M	M30-34	253	7:14:52	0:48:18	0:10:37	3:39:45	0:06:35	2:29:38	FR	
8ace25b5-f0bf-f011-bbd2-000d3a5b7c3b	1654	Wiebke Coort	F	F30-34	61	7:14:54	0:49:33	0:08:18	3:44:18	0:08:19	2:24:26	NLD	
15ea3ac8-c6a9-f011-bbd3-000d3a5b7c3b	1655	Baudouin Douchet	M	M25-29	354	7:15:32	0:54:25	0:06:56	3:40:07	0:06:02	2:28:02	FR	
1641c90f-0232-403e-9f02-52340f899d15	1656	Marie-Charlotte Gary	F	F35-39	23	7:15:35	0:41:30	0:05:30	3:37:10	0:07:49	2:43:36	FR	
ce9e0174-6387-f011-b4cc-6045bd05fcc1	1657	Florian Pache	M	M40-44	104	7:15:42	0:51:10	0:07:54	3:36:59	0:07:28	2:32:12	CH	
f89cd91f-c74d-ef11-a316-000d3a3b4ec1	1658	Thomas Brengard-Bresler	M	M40-44	105	7:15:44	0:44:38	0:13:29	3:33:58	0:09:40	2:33:59	fra	
19f4dec2-9573-ef11-a670-0022480ac0a9	1659	Louise Barnes	F	F50-54	13	7:15:47	0:42:01	0:08:47	3:39:04	0:07:29	2:38:27	GB	
52500ba0-8989-f011-b4cc-6045bd09951e	1660	Florian GIBAULT	M	M18-24	265	7:15:55	0:46:35	0:10:55	3:32:16	0:07:13	2:38:56	FR	
e8cc2d5a-64a1-f011-bbd3-000d3a3173b5	1661	Léo MONTES	M	M18-24	266	7:15:58	0:53:01	0:06:31	3:39:33	0:06:10	2:30:43	fra	
fc9cff72-d86b-4f9a-b212-538992860ad9	1662	Karine bertrand	F	F55-59	11	7:16:14	0:43:41	0:06:09	4:02:19	0:04:40	2:19:25	France	
79217af1-92a3-f011-bbd3-000d3a5b7c3b	1663	Alexandra HURION	F	F30-34	62	7:16:14	0:48:35	0:09:20	3:40:26	0:06:47	2:31:06	FR	
2d93965e-8689-f011-b4cc-000d3a3173b5	1664	DUVA Maël	M	M25-29	355	7:16:19	0:56:25	0:05:44	3:29:47	0:04:17	2:40:06	FRA	
c5608d3b-6431-ef11-8409-000d3a383830	1665	Frédéric Stuerga	M	M40-44	106	7:16:44	0:55:04	0:09:29	3:36:08	0:05:52	2:30:11	fra	
106a8b9d-697f-ef11-ac21-6045bd048089	1666	Anthony Gozard	M	M40-44	107	7:17:07	0:55:52	0:06:15	3:48:59	0:05:31	2:20:29	FR	
841c966e-9369-40a5-8b32-05601fab876f	1667	Sylvain Pobelle	M	M40-44	108	7:17:28	0:42:18	0:05:47	3:25:44	0:05:56	2:57:42	FR	
3ac03322-b381-f011-b4cc-0022480c097c	1668	YANNICK FALGAIROLLE	M	M45-49	71	7:17:42	0:42:02	0:10:47	3:30:32	0:07:52	2:46:28	FR	
bf6e1350-eeb0-f011-bbd3-6045bd05fcc1	1669	Pénélope Burot	F	F25-29	86	7:17:47	0:56:55	0:07:40	3:44:27	0:06:28	2:22:18	fra	
be0702ef-8689-f011-b4cc-6045bd09951e	1670	Niamh Sadlier	F	F25-29	87	7:17:54	0:58:17	0:08:10	3:50:22	0:08:27	2:12:38	IE	
053397ea-d38b-f011-b4cc-000d3a5b7c3b	1671	Gabin Stock	M	M25-29	356	7:17:57	0:52:15	0:12:05	3:36:09	0:07:16	2:30:11	FR	
8cfa67c8-568d-f011-b4cb-000d3a5c3d6c	1672	Gauthier Novello	M	M25-29	357	7:18:01	0:45:59	0:08:08	4:18:06	0:08:55	1:56:53	FR	
8948b466-5c26-4f49-b246-dd912e84d250	1673	Damien Shernetsky	F	M35-39	154	7:18:05	0:53:59	0:10:21	3:28:28	0:06:49	2:38:28	fra	
ca12657a-7c8a-f011-b4cc-000d3a5cf7d8	1674	Frederic Devidal	M	M35-39	155	7:18:07	0:52:11	0:10:51	3:32:29	0:07:41	2:34:56	FR	
89e15c8a-48b6-f011-bbd3-6045bd09951e	1675	Gemma Noyce	F	F45-49	15	7:18:31	0:50:07	0:06:46	3:50:48	0:06:57	2:23:53	GBR	
d46da0dc-cc5f-f011-bec3-000d3a5cf7d8	1676	Anne-Sophie Guehi	F	F35-39	24	7:18:38	0:48:29	0:08:09	3:32:05	0:07:02	2:42:52	FR	
4032cb73-e3a9-f011-bbd2-6045bd03d968	1677	tidiane MAGNOL	M	M18-24	267	7:18:39	0:55:50	0:07:58	3:42:51	0:07:08	2:24:51	FR	
2cdd296c-9e89-f011-b4cc-000d3a35ffc1	1678	Pierre-Alix COPIN	M	M30-34	254	7:18:52	0:44:52	0:11:59	3:32:52	0:07:08	2:42:02	FR	
bfbb6399-aaa3-f011-bbd3-000d3a5cf7d8	1679	Nathanaëlle LAMBERT	F	F18-24	46	7:18:58	0:47:52	0:05:51	3:32:42	0:06:24	2:46:08	fra	
22e1155d-b053-4f40-8f4a-a12c6bccbdca	1680	Michelle Gerlach	F	F30-34	63	7:19:04	0:38:53	0:06:51	3:41:20	0:05:59	2:46:00	deu	
61f52e96-c3c0-f011-bbd3-000d3a3173b5	1681	Pierre Parent	M	M25-29	358	7:19:18	0:44:05	0:12:54	4:00:03	0:11:04	2:11:11	FRA	
9e167ffa-1dc3-4206-a367-85a4f78d62b1	1682	Vincent Dumas	M	M35-39	156	7:19:32	0:44:51	0:07:30	3:40:37	0:06:29	2:40:05	FR	
8df255af-60a8-f011-bbd3-6045bd05f634	1683	Abigail Leblanc	F	F18-24	47	7:19:43	0:51:50	0:10:04	3:43:15	0:10:00	2:24:34	CH	
dc35a0f6-9d90-f011-b4cc-000d3a5cf7d8	1684	Karim Karzazi	M	M55-59	60	7:19:48	0:57:27	0:11:09	3:43:07	0:09:08	2:18:57	FR	
3d1572ce-4a20-f011-998a-6045bd05fcc1	1685	Emma GARDIE	F	F18-24	48	7:19:58	0:51:46	0:09:34	3:54:52	0:08:15	2:15:30	FR	
6c698ff6-8c6c-f011-bec3-6045bd05fcc1	1686	Camille DOREY VILES	F	F30-34	64	7:20:14	0:51:17	0:09:37	3:47:46	0:05:45	2:25:50	FR	
1490e391-f4b8-f011-bbd3-000d3a35ffc1	1687	Daniel Herko	M	M30-34	255	7:20:17	0:41:02	0:08:47	3:47:15	0:10:38	2:32:35	HUN	
24980a90-899e-f011-b41c-000d3a35ffc1	1688	Douwe Willaert	M	M30-34	256	7:20:54	0:46:13	0:13:44	3:30:49	0:14:56	2:35:13	BE	
d628cb6a-4c8a-f011-b4cc-000d3a5b50ba	1689	Marlène Vuille	F	F45-49	16	7:21:17	0:43:14	0:09:30	3:52:05	0:05:15	2:31:13	FR	
30024deb-68b6-f011-bbd3-6045bd05fcc1	1690	Luka Pejcic	M	M25-29	359	7:21:50	0:57:56	0:08:58	4:01:37	0:05:37	2:07:42	GBR	
7f195934-56af-f011-bbd3-002248098cfa	1691	Anthony FERRAND	M	M18-24	268	7:21:56	0:42:53	0:07:22	4:07:46	0:05:48	2:18:07	FRA	
42e7cd28-335f-f011-bec3-6045bd05fcc1	1692	Charles Brew	M	M25-29	360	7:21:57	0:52:20	0:07:35	4:03:46	0:06:58	2:11:17		
e18416bd-ffbf-f011-bbd3-6045bd05fcc1	1693	Camille Henri	F	F30-34	65	7:22:05	0:44:37	0:13:19	3:43:59	0:08:29	2:31:43	FRA	
c772b68e-bc89-f011-b4cc-6045bd05f634	1694	Baptiste Carron	M	M25-29	361	7:22:14	0:58:46	0:08:52	3:38:06	0:07:14	2:29:16	FR	
684d0a87-857b-f011-b4cc-000d3a5c3d6c	1695	Rémi Berard	M	M25-29	362	7:22:16	0:45:48	0:08:56	4:03:49	0:04:11	2:19:31	FR	
fa64601e-3209-4f20-a22a-b3896f13cd8c	1696	Ozhayat Xhaflaire	F	F50-54	14	7:22:20	0:44:22	0:07:48	3:54:41	0:07:21	2:28:08	FR	
0d710a6c-7147-48c5-ae3b-af66a6e29088	1697	Nathalie Marcos	F	F45-49	17	7:22:20	0:52:49	0:07:09	3:51:03	0:06:06	2:25:12	FRA	
763d5c08-9e89-f011-b4cc-6045bd09951e	1698	Nicolas Richaud	M	M30-34	257	7:22:29	0:51:21	0:09:04	3:40:29	0:06:45	2:34:49	FR	
74c3ddd5-43de-ef11-8eea-00224806c129	1699	Hubert FRANCOIS	M	M40-44	109	7:22:36	1:02:30	0:07:10	3:45:32	0:07:33	2:19:52	FR	
c546f8a8-e492-f011-b4cc-0022480a7385	1700	Annie Jansen	F	F18-24	49	7:22:58	0:43:23	0:10:15	3:48:44	0:09:06	2:31:30	GB	
c89def16-69b2-f011-bbd3-000d3a5b7c3b	1701	Loic DI-MARZO	M	M35-39	157	7:22:59	0:43:29	0:06:05	3:53:30	0:04:39	2:35:17	FRA	
44c85200-8b89-f011-b4cb-000d3a30a38f	1702	Mélanie BELTZ	F	F30-34	66	7:23:10	0:49:05	0:09:09	3:52:19	0:08:01	2:24:37	FR	
a8bb0820-8789-f011-b4cc-000d3a35ffc1	1703	Damien Cutullic	M	M40-44	110	7:23:13	0:56:38	0:08:06	3:32:02	0:07:34	2:38:52	fra	
6c3e06d1-99a7-f011-bbd3-6045bd05fcc1	1704	Katherine Atwell	F	F30-34	67	7:23:18	0:40:42	0:06:45	3:57:44	0:05:57	2:32:09	GB	
288b2f6f-fc56-4319-bafe-1c90fa8a71aa	1705	Anana Postoaca	F	F40-44	27	7:23:21	0:54:32	0:14:15	3:47:24	0:08:37	2:18:34	Sweden	
88ae647f-336b-ed11-9562-000d3a314be4	1706	Andrei Postoaca	M	M50-54	89	7:23:22	0:58:20	0:10:30	3:45:36	0:10:22	2:18:34	SE	
6e459127-46a8-f011-bbd2-6045bd019463	1707	Louis Patel	M	M30-34	258	7:23:54	0:53:22	0:15:21	3:56:31	0:09:26	2:09:15	GB	
d48900d1-8889-f011-b4cc-0022480a7385	1708	Michael Chenevard	M	M40-44	111	7:23:58	0:57:31	0:06:52	3:32:38	0:05:18	2:41:39	FRA	
58b491df-19bc-f011-bbd3-6045bd05fcc1	1709	Tony Costa Nunes	M	M30-34	259	7:24:15	0:56:14	0:11:06	4:05:30	0:08:17	2:03:09	FRA	
4520a9a0-9d4b-f011-877a-000d3a35ffc1	1710	Oscar Behr	M	M18-24	269	7:24:17	0:48:53	0:10:34	3:55:51	0:04:27	2:24:33	FRA	
1b30ac55-1195-f011-b4cc-6045bd09951e	1711	Carlos Viquez	M	M30-34	260	7:24:19	0:48:50	0:13:47	3:45:10	0:17:57	2:18:36	ESP	
60374862-268c-f011-b4cc-000d3a5b7c3b	1712	Tom MOYNE	M	M25-29	363	7:24:30	0:45:04	0:10:49	3:46:54	0:20:08	2:21:34	FR	
c56c4440-ea88-f011-b4cc-6045bd09951e	1713	Duarte Cara-Linda	M	M40-44	112	7:24:43	1:03:35	0:04:23	3:40:37	0:05:18	2:30:50	CH	
e0941d88-f387-f111-ab10-002248046ec8	1714	Elina Tourunen	F	F45-49	18	7:24:47	1:09:49	0:05:05	4:03:03	0:04:07	2:02:41	FIN	
a1afcc2f-8a89-f011-b4cc-0022480a7385	1715	Razan BOUHMIDI	F	F25-29	88	7:24:57	0:49:56	0:07:44	4:03:22	0:05:49	2:18:06	FR	
6370e897-1610-41d2-ada3-cf39d97d3956	1716	Cédric Martin	M	M55-59	61	7:24:57	0:48:36	0:08:09	3:38:24	0:06:00	2:43:49	FR	
ff727d32-f69a-f011-b4cc-000d3a3173b5	1717	Timéo Flotte	M	M18-24	270	7:24:58	0:54:24	0:10:35	3:37:28	0:08:22	2:34:09	FR	
7e6f4c08-1bc3-f011-bbd3-000d3a5cf7d8	1718	Enzo Fernandes Peixoto	M	M18-24	271	7:25:06	0:49:35	0:09:29	3:43:29	0:05:27	2:37:07	FRA	
d9c9c784-02c0-f011-bbd3-0022480c097c	1719	Wesley Chery	M	M25-29	364	7:25:08	0:49:51	0:05:53	3:48:59	0:04:42	2:35:43	FRA	
04763b9b-1c7e-f111-ab0f-0022480a5755	1720	Hannu Tyyska	M	M45-49	72	7:25:24	0:54:21	0:10:26	3:47:58	0:06:36	2:26:02	FIN	
0d1e81eb-8689-f011-b4cc-000d3a5cf7d8	1721	Dimitri Donnez	M	M30-34	261	7:26:11	0:59:53	0:08:02	3:51:13	0:08:31	2:18:32	FR	
6f951aab-6889-f011-b4cc-0022480a7385	1722	Kely Barreau	F	F35-39	25	7:26:28	1:02:10	0:06:56	3:20:47	0:07:26	2:49:09	FR	
511c40d0-9889-f011-b4cb-000d3a30a38f	1723	Logan Petit	M	M18-24	272	7:26:37	0:43:51	0:15:03	4:01:29	0:07:54	2:18:21	FR	
07a0e5e1-8889-f011-b4cc-000d3a5cf7d8	1724	Jeanne Deligny	F	F18-24	50	7:26:38	0:47:47	0:11:09	4:01:36	0:07:44	2:18:22	FR	
3c6accd4-1457-48e1-a181-d92fe54d1c71	1725	Shanjoy Malkani	M	M40-44	113	7:26:38	0:53:12	0:10:03	3:53:18	0:08:37	2:21:28	NL	
c97479af-45b4-f011-bbd3-0022480c097c	1726	Anthony Lopez	M	M25-29	365	7:27:00	0:54:29	0:08:28	3:56:46	0:06:27	2:20:50	FRA	
6cc2782d-b9bf-f011-bbd3-000d3a35ffc1	1727	Kimy DELALANDE	F	F25-29	89	7:27:10	0:45:28	0:07:49	3:38:02	0:06:05	2:49:47	FRA	
ea50938b-1e58-f011-bec1-000d3a5942b7	1728	Tiffany Soulas	F	F18-24	51	7:27:54	0:46:47	0:07:14	3:57:53	0:05:32	2:30:28	FRA	
2b5e3093-1e04-46a7-9ba3-8671d601709c	1729	Jirí Špiroch	M	M50-54	90	7:28:01	0:58:58	0:07:43	3:39:46	0:05:19	2:36:14	CZ	
6f1f1984-358e-f011-b4cc-000d3a5cf7d8	1730	Léna SCHUURMAN	F	F30-34	68	7:28:06	0:49:00	0:07:56	4:06:36	0:06:34	2:18:00	BE	
136adddc-8689-f011-b4cc-6045bd09951e	1731	Franck Lauret	M	M25-29	366	7:28:21	0:47:38	0:07:59	3:46:37	0:05:39	2:40:28	FR	
a0791388-b589-f011-b4cc-000d3a3173b5	1732	Louis DUBOIS	M	M25-29	367	7:29:06	0:39:47	0:06:48	3:37:50	0:11:19	2:53:22	FRA	
5dcbd11e-bfa9-f011-bbd3-000d3a5cf7d8	1733	Magali IORIO	F	F40-44	28	7:29:29	0:55:06	0:08:02	3:56:08	0:06:58	2:23:16	FR	
682c8cf5-d9b1-f011-bbd3-000d3a3173b5	1734	Jan Leys	M	M30-34	262	7:29:30	0:44:46	0:11:41	3:43:39	0:09:37	2:39:46	BEL	
539c47f1-0386-f111-ab0f-002248046ec8	1735	Jukka Kumpulainen	M	M55-59	62	7:30:20	0:55:11	0:08:47	3:39:40	0:07:26	2:39:16	FIN	
e4c69c42-308a-f011-b4cc-6045bd05f634	1736	Marc Hagen	M	M25-29	368	7:30:21	0:51:06	0:08:16	3:45:45	0:07:28	2:37:47	FR	
43e4f8f9-ff77-4b3f-850d-a8f2d959945b	1737	Karim Samai	M	M50-54	91	7:30:28	0:54:12	0:08:22	4:07:39	0:06:31	2:13:44	FR	
29f931dd-f883-f111-ab0f-70a8a5ae8eaa	1738	Mikko Tainio	M	M45-49	73	7:30:29	0:49:09	0:10:28	3:38:52	0:09:39	2:42:21	FIN	
ee9b4fe9-1787-f011-b4cc-6045bd09951e	1739	Laurette Fondimare	F	F30-34	69	7:30:46	0:54:30	0:05:57	4:05:04	0:04:40	2:20:35	fra	
ac806ad5-513d-4532-976d-61e6d06d42a2	1740	Giorgos Eteocleous	M	M35-39	158	7:31:22	0:54:19	0:07:54	3:43:38	0:09:13	2:36:18	CY	
f712c511-2697-f011-b4cc-000d3a5b7c3b	1741	Jerome DIEULLE	M	M25-29	369	7:31:23	0:45:45	0:05:27	3:29:20	0:06:16	3:04:35	FRA	
3367c50a-341b-f011-998a-000d3a5b50ba	1742	Florentin Bureau	M	M30-34	263	7:31:28	0:50:32	0:11:57	3:55:46	0:10:13	2:23:00	FR	
c19afc7e-a189-f011-b4cb-000d3a30a38f	1743	Esmee Schouten	F	F25-29	90	7:31:31	0:44:59	0:12:20	3:50:03	0:07:31	2:36:37	NL	
621b2c0d-1ff2-4a22-8321-e9c58c720649	1744	Fernando Garcia	M	M40-44	114	7:31:47	0:54:30	0:07:35	3:56:25	0:06:08	2:27:08	CH	
1d23e732-1081-406a-ba20-cf5402ab913e	1745	Elisenda Ramos Burdeus	F	F45-49	19	7:32:07	0:52:31	0:09:54	3:48:32	0:08:08	2:33:02	ES	
9e94bddf-ccb8-f011-bbd3-6045bd05f634	1746	Rhys Giles	M	M25-29	370	7:33:14	0:53:57	0:10:18	4:00:46	0:05:12	2:23:01	GBR	
5a296336-9776-f011-b4cc-6045bd05fcc1	1747	Teija Saari	F	F45-49	20	7:33:24	0:50:48	0:09:52	3:59:47	0:07:08	2:25:49	FI	
bcaf8b4a-c889-f011-b4cc-000d3a5b7c3b	1748	louis croll	M	M25-29	371	7:33:30	0:48:28	0:07:55	3:45:05	0:08:27	2:43:35	GB	
cf78b1e0-258a-f011-b4cb-000d3a30a38f	1749	Emily Braithwaite	F	F18-24	52	7:33:46	0:43:47	0:05:22	4:09:44	0:05:42	2:29:11	GB	
3a991599-d457-40d1-85cd-8e1c2ccf5a51	1750	Renan Pereira	M	M35-39	159	7:34:22	0:50:58	0:09:36	4:08:56	0:07:41	2:17:11	BR	
788c14ff-de81-f111-ab0f-002248046ec8	1751	Jani Asikanius	M	M50-54	92	7:34:38	0:58:27	0:09:39	3:41:31	0:08:06	2:36:56	FIN	
2b45c9eb-6e09-44cd-91f0-682b209772b4	1752	Stéphane Lucas	M	M50-54	93	7:35:07	0:49:44	0:09:12	3:55:31	0:07:09	2:33:31	FRA	
469662ac-bd9f-f011-b41c-000d3a35ffc1	1753	Jurgens Peters	M	M40-44	115	7:35:12	0:42:59	0:08:06	3:43:10	0:08:23	2:52:34	GB	
69d48902-8789-f011-b4cc-6045bd05fcc1	1754	Nathan Bayol Garcia	M	M25-29	372	7:36:09	0:57:08	0:11:02	3:45:48	0:12:07	2:30:06	FR	
fb611fc3-6d6a-46b7-b876-47da7f8c3dcd	1755	Jim De Ketelaere	M	M50-54	94	7:37:03	0:55:14	0:10:04	4:00:14	0:09:03	2:22:28	bel	
5027d185-963e-ef11-840a-00224809fd7c	1756	Eléonore Pujol	F	F18-24	53	7:37:11	0:46:12	0:07:13	3:42:53	0:05:25	2:55:29	FR	
d0d94ba1-95bd-f011-bbd3-6045bd06578c	1757	Ann-E Larocque	F	F18-24	54	7:37:48	1:00:55	0:09:21	4:05:42	0:07:16	2:14:34	CAN	
a8d245e0-1158-f011-877b-6045bd05f634	1758	Veysel Kocer	M	M25-29	373	7:37:49	1:03:26	0:07:34	4:00:40	0:05:42	2:20:26	Unknown	
6498861f-24b0-f011-bbd3-6045bd09951e	1759	Jordi Barrés	M	M55-59	63	7:37:50	0:49:30	0:13:19	3:39:49	0:10:38	2:44:35	ESP	
86425ebe-0c1a-4836-8084-cb38187ff47c	1760	Mark De Backer	M	M65-69	9	7:38:30	0:57:09	0:12:02	3:52:55	0:09:48	2:26:36	BEL	
8f3dd0ac-4295-f011-b4cc-0022480c097c	1761	Cécile POCH	F	F25-29	91	7:38:46	0:53:50	0:09:42	4:15:35	0:06:55	2:12:43	FR	
9cef4298-f79a-f011-b4cc-0022480a7385	1762	Mathys Hardouin	M	M18-24	273	7:39:22	0:50:35	0:08:14	4:03:38	0:07:16	2:29:39	FR	
29d825cf-4246-f011-877a-000d3a5b50ba	1763	Isidore Martin	M	M18-24	274	7:39:36	0:51:33	0:08:10	3:49:48	0:06:12	2:43:53	FR	
fa45371b-71fd-ef11-bae2-00224805ddb9	1764	Hakan Agnevall	M	M60-64	20	7:39:54	0:47:08	0:05:18	4:05:48	0:08:17	2:33:22	FI	
ed9e4442-9789-f011-b4cc-000d3a5b7c3b	1765	Ailsa Collar	F	F30-34	70	7:41:15	0:48:28	0:05:36	4:06:46	0:05:03	2:35:22	gbr	
e85d0ecc-2a97-f011-b4cc-000d3a5cf7d8	1766	Sara Luttinnen	F	F25-29	92	7:41:24	0:46:52	0:08:12	3:45:26	0:05:48	2:55:07	FIN	
24ba31e4-38a8-f011-bbd3-002248098cfa	1767	Julianne CHAPUY	F	F25-29	93	7:41:43	0:44:14	0:08:06	4:03:40	0:07:16	2:38:27	FRA	
0339425f-4178-f011-b4cc-000d3a5b50ba	1768	Caroline Coutal	F	F45-49	21	7:41:51	0:46:48	0:08:44	4:10:06	0:06:32	2:29:40	FRA	
9acb5e4f-9089-f011-b4cc-6045bd05fcc1	1769	Olivia Snell	F	F25-29	94	7:41:56	0:58:50	0:08:06	3:56:42	0:07:05	2:31:12	FR	
27e06ad9-8689-f011-b4cc-000d3a5cf7d8	1770	Arwen Le Bars	F	F18-24	55	7:41:56	0:49:04	0:07:37	4:02:29	0:04:49	2:37:57	CH	
59f9d377-4a8a-f011-b4cc-6045bd05fcc1	1771	Benjamin GRUBER	M	M30-34	264	7:41:58	0:46:42	0:09:45	3:58:38	0:07:33	2:39:21	FR	
d3aed9ed-af7a-ea11-a812-000d3a5a1bfb	1772	Antonio Da Rold	M	M55-59	64	7:42:06	0:46:08	0:09:40	3:54:27	0:08:37	2:43:15	fra	
b08cda21-8bb1-f011-bbd3-000d3a5b50ba	1773	Liam Gibson	M	M30-34	265	7:42:21	0:50:40	0:10:28	4:04:55	0:10:28	2:25:50	GBR	
e091b0ba-c3f8-45fb-82b1-bf7ef4cd0d81	1774	Diego Papais	M	M45-49	74	7:42:44	1:00:49	0:12:21	3:40:46	0:07:20	2:41:28	NOR	
dbb87264-ddfd-41df-8f29-0281add81668	1775	Pascal DEFAUX	M	M55-59	65	7:43:41	0:55:23	0:08:20	3:46:31	0:10:07	2:43:20	FR	
d5a1cc34-0c58-f011-877b-000d3a5b50ba	1776	Habert Margaux	F	F18-24	56	7:43:52	0:54:30	0:09:25	3:57:07	0:06:20	2:36:30	BE	
37467a21-349a-f111-b8dc-0022480b84a3	1777	Clara Bonisoli	F	F25-29	95	7:43:53	0:58:57	0:09:01	3:40:54	0:07:32	2:47:29	FRA	
457ae82e-7d75-4df2-afd2-ccf80ec8e11a	1778	Lars Beykirch	M	M45-49	75	7:45:11	0:57:07	0:08:48	4:00:24	0:06:57	2:31:56	CH	
739b15e7-615d-f011-bec2-000d3a35ffc1	1779	Emma MAGNAN	F	F25-29	96	7:45:17	0:39:39	0:07:14	3:49:15	0:07:01	3:02:08	FR	
c913bbdf-62bd-f011-bbd3-000d3a35ffc1	1780	Benoit Geurts	M	M55-59	66	7:45:37	0:52:25	0:14:49	3:48:34	0:07:11	2:42:38	GBR	
15acab8f-de9a-4c08-830a-68efaa1ac044	1781	Jodi Wainwright	F	F50-54	15	7:46:18	0:47:58	0:06:28	3:58:23	0:07:19	2:46:10	FR	
1f59f220-6089-f011-b4cc-6045bd05f634	1782	Camille Kohler	F	F25-29	97	7:46:33	0:51:18	0:04:51	3:58:20	0:06:23	2:45:40	CH	
2b89672d-8789-f011-b4cc-000d3a5b7c3b	1783	Clément Alix	M	M25-29	374	7:46:52	0:54:17	0:10:09	4:16:32	0:05:38	2:20:16	FR	
1db75cca-8689-f011-b4cc-000d3a35ffc1	1784	Antoine Lebon	M	M25-29	375	7:47:22	0:46:55	0:11:27	3:42:33	0:06:44	2:59:43	FRA	
b0d35b07-678a-f011-b4cc-0022480c097c	1785	Audrey MARTINEZ	F	F25-29	98	7:47:32	1:00:57	0:06:59	4:03:23	0:08:50	2:27:23	FR	
31d57d20-11c2-4891-8bb2-f68ae381ca2e	1786	Virgil Soncutean	M	M50-54	95	7:47:39	1:00:43	0:09:03	4:04:50	0:05:26	2:27:37	RO	
f4880cda-f557-4c86-98db-a213596bd22b	1787	Jean-Pierre Teche	M	M55-59	67	7:48:24	0:52:35	0:06:02	4:01:08	0:08:30	2:40:09	fra	
20bc9b0c-e1e4-4492-9e02-874af6851ff8	1788	Tomáš Hovorka	M	M50-54	96	7:49:17	1:03:43	0:09:48	3:28:46	0:06:21	3:00:39	cze	
26e48d7c-8b2a-eb11-a813-00224808bb10	1789	Adel Hattab	M	M60-64	21	7:50:18	0:54:23	0:11:07	3:51:14	0:08:13	2:45:20	FI	
19ec7741-0dbc-f011-bbd3-002248098cfa	1790	Richard BOUARD	M	M55-59	68	7:50:48	0:46:21	0:11:01	3:52:32	0:07:00	2:53:53	FRA	
dfcebc4c-7868-4fc7-a520-95f1905b883e	1791	Thierry Deperrier	M	M65-69	10	7:50:57	0:52:45	0:09:59	3:57:49	0:10:00	2:40:25	FR	
8ed2c158-debf-f011-bbd2-7ced8d711e4b	1792	TITOUAN JOUET	M	M25-29	376	7:51:18	0:49:58	0:09:22	4:20:41	0:08:47	2:22:31	FRA	
f4041b81-b00b-4ab4-a989-1550d5363ff0	1793	Gregory Grandcoin	M	M45-49	76	7:51:59	0:44:36	0:05:30	3:55:51	0:04:42	3:01:19	fra	
db04b87b-0958-f011-877b-6045bd05f634	1794	Elsa Aubry	M	F18-24	57	7:52:03	0:56:40	0:09:16	4:08:48	0:09:33	2:27:46	Unknown	
1308f139-40bf-f011-bbd3-0022480a7385	1795	Léo PLESSIS--GOURC	M	M18-24	275	7:52:22	0:55:08	0:06:33	3:41:29	0:06:23	3:02:50	fra	
81d72253-0089-f011-b4cc-000d3a35ffc1	1796	Christelle THIBAUD	F	F50-54	16	7:53:24	1:00:50	0:10:16	3:52:56	0:08:38	2:40:44	FR	
58fa8f11-418a-f011-b4cc-6045bd05f634	1797	Joseph Robinson	M	M18-24	276	7:54:07	0:50:17	0:09:53	4:04:52	0:06:31	2:42:34	GB	
3702e0ec-f65c-f011-bec2-6045bd09951e	1798	David Tran	M	M30-34	266	7:54:12	0:50:05	0:09:35	3:58:49	0:07:50	2:47:52	FR	
3d1b74e1-f9a0-f011-bbd3-000d3a5cf7d8	1799	Sam AFLAKI	M	M45-49	77	7:54:26	1:02:00	0:10:56	3:54:36	0:08:13	2:38:41	FR	
36d773bc-2759-4e4d-93de-7926227f2377	1800	Maximilian Marschan	M	M50-54	97	7:55:00	0:55:58	0:13:24	3:45:52	0:12:27	2:47:19	FIN	
0aa55b44-8789-f011-b4cc-000d3a35ffc1	1801	Thomas BUSQUE	M	M25-29	377	7:55:38	0:50:26	0:10:06	4:13:09	0:05:18	2:36:38	fra	
7de068c3-8991-f011-b4cc-000d3a5b7c3b	1802	Martin Cornuau	M	M18-24	277	7:57:42	0:47:35	0:06:05	3:52:08	0:08:02	3:03:53	FR	
f3e8f28d-c382-f111-ab0f-0022480a5755	1803	Kalle Harkki	M	M55-59	69	7:57:52	0:49:05	0:14:04	4:14:10	0:06:59	2:33:34	FIN	
3dee389f-749a-4a73-859b-2d2ed4efbe44	1804	Charlotte Boiton	F	F35-39	26	7:58:06	0:54:21	0:06:54	4:16:35	0:05:18	2:34:58	Unknown	
2c5b6ab8-6a80-f011-b4cc-000d3a5b50ba	99999	Mael Buguet	M	M25-29	99999	8:10:49	1:03:41	0:07:42	4:04:00	0:06:36	2:48:50	FR	
610dbe41-05aa-f011-bbd2-6045bd03d968	99999	Dorian ROUSSEAU	M	M25-29	99999		1:02:10	0:09:25	4:46:42			fra	DNF
cd4b6c56-9a0d-f011-9988-000d3a5b7c3b	99999	Linda Kallas	F	F45-49	99999	8:18:18	0:54:08	0:08:38	4:22:46	0:08:16	2:44:29	FI	
832d8ba0-5589-f011-b4cc-000d3a5b7c3b	99999	Enzo Abrahamian	M	M25-29	99999	8:15:59	0:53:05	0:08:49	4:14:37	0:06:22	2:53:06	FR	
c0841dc7-8f89-f011-b4cc-000d3a5cf7d8	99999	Peter Campion	M	M55-59	99999		0:55:47	0:09:11				GB	DNF
f0b5733d-ebbf-f011-bbd3-0022480a7385	99999	Romain HUGOT	M	M18-24	99999		0:54:48	0:14:13	4:40:56			fra	DNF
9d3bd587-0558-f011-877b-000d3a5cf7d8	99999	Sanchez Nicolas	M	M25-29	99999	8:03:23	0:55:42	0:12:21	3:53:12	0:07:33	2:54:35	FRA	
8919a058-5a24-4c7e-bc8f-1c3510ccfc99	99999	Cédric Cadro	M	M45-49	99999		0:42:36	0:06:24	3:36:45	1:45:16		FR	DNF
d264794c-76ed-4441-900e-3ada4b03cea1	99999	Rossella Goldoni	F	F60-64	99999		0:55:45	0:11:08	4:33:17			ita	DNF
4196d9a4-bbe6-4391-8682-30e1fc80790c	99999	Jörg Bernhard-Miadowitz	M	M50-54	99999		0:41:59					che	DNF
cfb6597b-209d-f011-b41c-000d3a3173b5	99999	Emma Ford	F	F45-49	99999	8:21:53	0:49:31	0:07:44	4:25:48	0:06:10	2:52:39	GB	
0517f2fc-c581-f011-b4cc-000d3a5b7c3b	99999	Samuel Gibert	M	M18-24	99999		1:01:54	0:07:36	4:47:59			FR	DNF
203b906d-9589-f011-b4cc-000d3a35ffc1	99999	Blanche Mourot	F	F18-24	99999		0:42:34	0:06:39	3:16:37	0:05:17		FR	DNF
868f9b3b-7ff8-44c8-8fe4-0a135dea7994	99999	Kaisa Leikola	F	F55-59	99999	8:03:30	0:58:24	0:07:45	4:13:17	0:06:09	2:37:54	FI	
d9661aca-9586-4679-87c3-9fb5afc1e7a0	99999	Charlotte Spencer	F	F25-29	99999		0:40:36	0:05:31	2:45:09	0:03:45		gbr	DNF
1ca14884-7eec-ef11-9342-000d3a5a1803	99999	Victor Di Placido	M	M18-24	99999							FR	DNS
294a50d6-4cc0-4199-a9e3-3d047ebc5ded	99999	Franck Audibert	M	M60-64	99999		0:38:31	0:06:56	3:07:26	0:08:14		fra	DNF
4289d123-5115-f011-998a-000d3a5b7c3b	99999	Lucas Bruinink	M	M18-24	99999		0:34:59	0:04:58	2:29:47	0:05:17		NL	DNF
b4f24324-4433-f011-8c4e-000d3a3173b5	99999	Senne Vets	M	M18-24	99999							BE	DNS
1f639034-42b0-f011-bbd3-6045bd09951e	99999	Tom Tessely	M	M50-54	99999							BEL	DNS
d1f9b9ad-03ca-f011-bbd3-000d3a5b7c3b	99999	Justinus Adriaanse	M	M45-49	99999		1:09:40	0:09:45	4:08:38			CAN	DNF
bd7d06f3-8989-f011-b4cc-002248098cfa	99999	Nicolas Perrier-Basly	M	PC/ID	99999	7:53:50	0:45:27	0:12:58	3:53:44	0:10:30	2:51:12	fra	
8f8d53ec-c915-4e84-90ae-ec5afdda5400	99999	Remi Martins	M	M30-34	99999		1:17:44					FR	DNF
39b27bc3-8b91-f011-b4cc-000d3a5b50ba	99999	Nathan Georgelin	M	M25-29	99999	8:06:08	0:52:43	0:06:55	3:43:51	0:10:22	3:12:16	FR	
5a8e2790-2837-4a4d-aa09-dc8c152188ae	99999	Jean-Louis Laurency	M	M65-69	99999		0:53:06	0:11:08	3:59:01	0:09:25		FR	DNF
34a320dd-b949-ef11-a317-6045bd08b27c	99999	Florent Beaurain	M	M30-34	99999		0:43:31	0:06:21				FR	DNF
2e2dd11b-70a3-f011-bbd3-0022480a7385	99999	Barbara de Boer	F	F25-29	99999	8:14:45	0:46:51	0:09:05	3:59:02	0:09:45	3:10:02	nld	
823221ac-0fc3-f011-bbd3-6045bd05fcc1	99999	Loïc Mateus	M	M45-49	99999	8:06:48	0:55:50	0:08:03	4:05:29	0:08:09	2:49:16	FRA	
19fb28dd-e399-f011-b4cc-000d3a5b50ba	99999	Maxence Kubit	M	M18-24	99999		1:18:33					FR	DNF
7522b857-3d8b-f011-b4cc-002248098cfa	99999	Anne-carole Barbarin	F	F55-59	99999	8:04:41	0:55:28	0:10:59	4:14:49	0:08:48	2:34:37	FR	
c6fe6d0c-21a2-f011-bbd3-000d3a5b7c3b	99999	Quentin Kerroui	M	M18-24	99999		1:08:50	0:06:29	4:39:41			fra	DNF
730d0815-003a-405e-b7e0-5d861dbc5e96	99999	Marica Couperier	F	PC/ID	99999	6:03:24					2:05:40	FR	DNF
ce3fc7a4-1d88-f011-b4cb-000d3a3af988	99999	jean-charles Battut	M	M35-39	99999							FR	DNS
50b2c25e-5fe1-ef11-8ee9-000d3a592251	99999	Tim Spirit	M	M65-69	99999	8:12:37	0:57:27	0:09:35	3:53:12	0:07:22	3:05:00	GB	
b9d6c95a-e181-4658-946b-825253b07967	99999	Anita Domaradzka	F	F40-44	99999	8:06:49	0:54:43	0:10:47	4:02:44	0:08:05	2:50:30	PL	
c9fe8395-6499-f011-b4cc-002248098cfa	99999	Rémi Combes	M	M25-29	99999							fra	DNS
ed17e892-b289-f011-b4cc-6045bd05f634	99999	Anne-Raphaëlle Entraygues	F	F25-29	99999							Unknown	DNS
0e79ddd9-b9bb-4db3-a4d6-924cdc641338	99999	Ori Molins	M	M25-29	99999							ES	DNS
44fa64de-1489-f011-b4cc-000d3a35ffc1	99999	CHALOPIN François	M	M30-34	99999		0:53:58	0:10:33	4:54:18			fra	DNF
053648ba-61ff-4ef6-a770-6e6e35d1e865	99999	Brín Allen	M	M25-29	99999		1:13:07					IE	DNF
d74b9148-cc46-f011-8779-000d3a5c7ea4	99999	Jonas Edstrom	M	M60-64	99999		0:54:12	0:10:15				USA	DNF
cc7086b2-f294-ee11-be37-000d3a314ae2	99999	Bart Beckers	M	M50-54	99999							BE	DNS
69566042-35ab-4624-a091-d4f8d0d1d19a	99999	Nicolas Duvillard-Petiot-Kasser	M	M35-39	99999		0:38:48	0:06:13	2:57:45	0:05:08		FR	DNF
16e405c7-d124-4952-9f72-e39fac3fa293	99999	Christine Virieux	F	F50-54	99999		0:57:06	0:11:01				FR	DNF
d0260bfe-1197-f011-b4cc-000d3a5cf7d8	99999	Josselin LE MARREC	M	M18-24	99999	8:09:44	0:50:55	0:08:38	4:23:26	0:05:58	2:40:46	fra	
dabf8cb4-7b82-43a5-9069-056ee8cf4de4	99999	Laura Brand	F	F35-39	99999		1:16:37					GB	DNF
09cd70d8-db38-f011-8c4e-6045bd05fcc1	99999	Victor Panessa	M	M30-34	99999							PRT	DNF
439cf577-398b-f011-b4cc-000d3a3173b5	99999	justine ehrhardt	F	F18-24	99999	8:22:10	0:55:30	0:08:56	4:09:36	0:08:40	2:59:28	FR	
1fcbe1db-462c-42b2-bd76-99be250a23c1	99999	Mark Hensel	M	M40-44	99999							DE	DNS
2d91d73b-338a-f011-b4cc-6045bd05f634	99999	Samer Kayal	M	M25-29	99999	7:15:49	0:56:17				2:13:46	esp	DNF
5e513e08-4a58-457e-9af0-5004cbfad158	99999	Clovis Beurrier	M	M30-34	99999		0:31:15	0:02:53				France	DNF
bb58cb60-d5a6-f011-bbd3-6045bd05fcc1	99999	Fanny MENANT	F	F35-39	99999	8:18:09	1:02:08	0:06:32	4:17:58	0:06:09	2:45:22	FR	
79522591-acc4-f011-bbd3-000d3a5cf7d8	99999	Patrick Coureau	M	M55-59	99999	8:01:30	0:44:46	0:09:03	3:54:32	0:07:38	3:05:31	FRA	
6efe08b8-a869-4bbe-b045-177846abe605	99999	Nicolas Eprinchard	M	M45-49	99999							FR	DNS
8f861e4d-eb8e-f011-b4cc-000d3a5cf7d8	99999	Katsuyuki Kamei	M	M60-64	99999		1:02:10	0:15:08				jpn	DNF
dacc3d7f-1e34-4e3b-9517-1407975d5702	99999	Marcela Špirochová	F	F50-54	99999		1:09:58	0:08:29	4:14:24			Czech Republic	DNF
df2d2568-79af-4171-b2b1-65cc0fab133a	99999	Julien Vautey	M	M25-29	99999							FRA	DNS
c9ad89c8-8789-f011-b4cc-6045bd09951e	99999	matthieu tramond	M	M35-39	99999	7:13:34	0:49:52				2:24:36	fra	DNF
c2117e3a-db89-f011-b4cc-000d3a3173b5	99999	Léo Durandet	M	M18-24	99999							FR	DNF
e5da49eb-1095-f011-b4cc-6045bd05fcc1	99999	Jerome DURAND	M	M50-54	99999							fra	DNS
3f8a9846-9d89-f011-b4cc-000d3a5b50ba	99999	Thierry Laplace	M	M55-59	99999		0:55:58	0:08:10	4:38:40			FR	DNF
5b9368fa-d7c7-f011-bbd2-000d3a5b5fc7	99999	Nealle Page	M	M45-49	99999		0:57:06	0:07:51	4:03:07	0:11:33		GBR	DNF
eb6c2854-5b8a-f011-b4cc-000d3a3173b5	99999	Katherine-Charlotte Stops	F	F40-44	99999	8:25:13	0:43:07	0:07:20	4:22:33	0:04:54	3:07:19	GB	
5c58c45f-3f83-f011-b4cc-000d3a5cf7d8	99999	luk riffiod	M	M18-24	99999		0:38:05	0:06:11	2:34:03			fra	DNF
72cd2657-2e8b-f011-b4cc-000d3a5b7c3b	99999	Thierry Pijourlet	M	M60-64	99999							fra	DNS
82b93ef0-0777-f011-b4cc-6045bd05fcc1	99999	Evane DUBAU	F	F25-29	99999							FR	DNS
4d51356b-1808-f111-8406-0022480994c2	99999	Julien Le Cossec	M	PC/ID	99999	7:14:05	0:46:37	0:10:39	4:14:15	0:08:03	1:54:30	FRA	
da0e4819-f763-4865-98e0-d5c2ba42ea00	99999	Alexandre Allaire	M	M45-49	99999		0:46:40	0:09:15	3:27:15			fra	DNF
23d2a926-7168-f011-bec3-6045bd05f634	99999	Niko Kyynarainen	M	M45-49	99999	8:05:41	0:56:10	0:09:04	4:09:48	0:10:40	2:39:59	FI	
8df1065a-a04c-46d2-b323-08fdecbf58fb	99999	Rienk Broekhuizen	M	M60-64	99999							NLD	DNF
57622e40-1d3f-f011-b4cb-6045bd05f634	99999	Rhiannon Price Wickenden	F	F25-29	99999	8:24:01	0:52:50	0:08:40	4:11:16	0:10:14	3:01:01	GB	
39363780-6eb6-f011-bbd3-6045bd05f634	99999	Elisa LEAUTE-ECOMARD	F	F25-29	99999	8:39:19	0:51:21	0:07:15	4:20:38	0:05:52	3:14:13	FRA	
47e6592f-38c5-40bb-8798-45a8c5d84d12	99999	Philippine Decroocq	F	F25-29	99999		0:49:11	0:08:10				FR	DNF
d683ba8a-b308-4316-bd5b-66763233f179	99999	Clarence Chapuy	M	F55-59	99999	8:05:53	0:50:28	0:08:21	4:16:53	0:06:07	2:44:04	FX	
1c54a786-4d87-f011-b4cc-000d3a5cf7d8	99999	Vincent CARON	M	M25-29	99999							FR	DNF
9583ed54-8f89-f011-b4cc-000d3a5b7c3b	99999	Li-Lou Ouzilleau	F	F18-24	99999							FR	DNS
8e56a87b-0e6b-f011-bec2-0022480a7385	99999	Jérémie LAM	M	M25-29	99999							FR	DNS
9c01ca43-85d9-ec11-a7b6-000d3a37358f	99999	Marc-Olivier Demeure	M	M45-49	99999		0:33:57	0:04:05	2:39:25			FR	DNF
9613c497-65b8-ef11-b8e9-000d3a30152c	99999	Laura Jeannes	F	F30-34	99999		0:45:17	0:08:55	4:22:39			FRA	DNF
7a7a6499-3db0-f011-bbd3-6045bd06578c	99999	Adrien MONTFAUCON	M	M35-39	99999							FRA	DNF
a9492f6f-c27a-4d99-ba0a-b5679119ed3c	99999	Timo Pahkala	M	M40-44	99999							FI	DNS
f2d24484-71af-f011-bbd3-000d3a5b7c3b	99999	MELANIE MONDET	F	F25-29	99999	7:52:55	1:11:56	0:06:39	3:33:06	0:06:44	2:54:30	FRA	
33e0d70b-de99-f011-b4cc-6045bd05f634	99999	Matthieu ASTEZAN	M	M25-29	99999		0:44:59	0:07:30				FR	DNF
26b6cb93-1a80-4457-950b-90e1ac7cec82	99999	Jerome Zietek	M	M50-54	99999	8:12:11	1:09:56	0:07:48	3:51:24	0:07:50	2:55:13	fra	
a8539c2f-8b41-446e-873f-65c72942fefc	99999	Marie Catherine Werner	F	F40-44	99999		0:35:39	0:04:45	2:51:55			Unknown	DNF
cd55c743-41c6-f011-bbd3-000d3a5cf7d8	99999	Cyprien FAIZANT FAILLEFER	M	M18-24	99999		0:52:37	0:07:56	4:35:19			FRA	DNF
b1d07e67-21ae-45b9-aef8-c25b14c483ea	99999	Laura Ämmälä	F	F45-49	99999	8:37:31	0:48:32	0:16:15	4:15:30	0:09:35	3:07:39	FI	
d16c35cd-3fa4-f011-bbd3-000d3a5b50ba	99999	Virginie PIARD	F	F50-54	99999		0:52:33	0:09:34	5:14:37				DNF
42ed1740-8c91-f011-b4cc-000d3a3173b5	99999	Lucas Georgelin	M	M18-24	99999	8:21:24	0:44:50	0:09:13	4:11:46	0:09:09	3:06:25	FR	
d6edfa35-4702-ef11-a1fd-6045bd07328d	99999	Paul-Louis Couffinhal	M	M18-24	99999		0:42:03	0:08:39				fra	DNF
cac33780-1caf-4d9b-b39f-2c3fc100dfac	99999	Karoliina Pitkänen	F	F40-44	99999							FI	DNS
252eb941-73c7-4f9d-9eb4-6cefe9203ad7	99999	Naima Evrard	F	F25-29	99999		1:08:09	0:09:47				FR	DNF
b126f6d8-981d-447f-961d-8cc5aaedffaf	99999	Hugues Colin	M	M18-24	99999		0:33:39	0:08:55	2:37:07			Unknown	DNF
4d5502ba-f5ea-4bbf-b40d-b481d30cf9c8	99999	Volodymyr Sidniev	M	M35-39	99999							ME	DNS
4f671efe-36a5-f011-bbd3-6045bd09951e	99999	Karolina Bastien	F	F18-24	99999		0:35:10	0:03:46	2:27:07			fra	DNF
edccffd7-1c8c-f011-b4cc-6045bd05fcc1	99999	Quentin CLAVAUD	M	M30-34	99999							FR	DNS
d10de24b-2f86-4912-a5b1-c9f1c47f3eec	99999	Aubrin De Bastier	M	M18-24	99999							FR	DNS
8b2a592e-858a-f011-b4cc-6045bd05f634	99999	Natacha Delacroix	F	F45-49	99999		0:48:44	0:08:29				FR	DNF
abead369-f07f-46dd-816b-1cac4189a87f	99999	Stéphane Rosetto	M	M35-39	99999		0:29:57	0:04:58	2:12:33	0:05:07		Unknown	DNF
5c516e7a-763e-4792-8e38-79bd37aae32c	99999	Niki Debakker	M	M50-54	99999							BE	DNS
0f0e09cb-83c8-4c7b-86d4-c55c7807cb6b	99999	Ambre Jallut	F	F25-29	99999							Unknown	DNF
e47fbeae-f6a3-480c-a64b-26525dfcea64	99999	Bertrand Fonné	M	M55-59	99999							FR	DNS
785cd108-f544-4445-81a4-dc12a7811b80	99999	Aurelien Bailly	M	M25-29	99999		0:33:25	0:03:14				FR	DNF
f8a8bd48-ce5d-4bbe-b601-5e333910d98f	99999	Floriane Loisel	F	F40-44	99999		0:49:28	0:10:27				FR	DNF
e6f82b26-8789-f011-b4cc-000d3a35ffc1	99999	Meliha Boutuil	F	F30-34	99999		1:16:10					fra	DNF
b2443b5c-304a-f011-877a-6045bd05f634	99999	Clémence Lafaye	F	F35-39	99999							FR	DNS
6da4c3cc-60ab-4b61-b729-87d9c8d29330	99999	Louis De Backer	M	M30-34	99999							bel	DNS
03016cdc-70c7-ef11-b8e8-6045bd088264	99999	Chris Taylor	M	M30-34	99999		0:32:44	0:04:15	2:42:12	0:03:27		GB	DNF
129635df-56a7-f011-bbd3-000d3a3173b5	99999	Evan Marec		PC/ID	99999		1:28:27					FRA	DNF
bbe10288-8789-f011-b4cc-000d3a5b7c3b	99999	Zoé Aumont	F	F25-29	99999		1:03:32	0:07:11	4:44:49			FR	DNF
6624e3de-8689-f011-b4cc-0022480c097c	99999	Lenna SAHNOUNE	F	F25-29	99999		0:52:13	0:07:52	4:42:24			FR	DNF
ee948c4f-0e70-4468-915f-ff9de6b2c50f	99999	Nils Bacquet	M	M25-29	99999		0:37:55	0:07:37	3:29:48			FRA	DNF
d1f3fa64-50c2-4d51-81c6-482e1ad527ba	99999	Oliver Jansen	M	M18-24	99999							GB	DNS
88135fdd-38c1-ef11-b8e8-6045bd088264	99999	Sébastien Maillard	M	PC/ID	99999	6:59:05	1:04:11	0:09:17	3:16:24	0:11:06	2:18:07	CH	
81c3922d-e996-f011-b4cc-000d3a5b7c3b	99999	Mathieu Ramananarivo	M	M30-34	99999							FR	DNF
e91242fe-2a8a-f011-b4cc-000d3a3173b5	99999	Laura Arbolabide	F	F30-34	99999	8:37:17	0:57:53	0:11:20	4:14:31	0:08:37	3:04:57	FRA	
