ContactId	Overall_Rank	Name	Gender	Division	Div_Rank	Total_Time	Swim	T1	Bike	T2	Run	Country	Status
650f6908-b3f2-4123-9bae-f60858e4b565	1	Tom Defoort	M	M30-34	1	3:52:52	0:27:35	0:03:19	2:05:14	0:02:03	1:14:41	BE	
ee6de317-4c8e-4b2b-aec6-df82b57d5c21	2	Noury Vanmanshoven	M	M30-34	2	3:53:42	0:27:33	0:03:23	2:04:48	0:02:07	1:15:50	bel	
72ab6ad3-7d32-4e58-864d-6b3e8ce545e5	3	Jelle De Wispelaere	M	M25-29	1	3:53:56	0:27:29	0:03:38	2:06:21	0:02:11	1:14:17	BE	
02a76b21-fbaa-4606-813d-7e88e30ee27b	4	Nicola Christiaens	M	M30-34	3	3:57:00	0:26:26	0:03:13	2:07:54	0:01:42	1:17:44	bel	
f28ccd7f-aa2e-454f-a4a8-d066ad5cbba4	5	Wouter Monchy	M	M40-44	1	4:01:51	0:25:10	0:02:53	2:09:44	0:02:39	1:21:24	BE	
0eeea371-6882-47d8-8859-670db9f48455	6	Francis Vergalle	M	M40-44	2	4:02:29	0:28:50	0:03:50	2:12:28	0:02:33	1:14:48	BE	
ec08432e-2410-407b-aab0-59db5c86b3db	7	Nathan Jacobs	M	M35-39	1	4:03:28	0:29:34	0:04:26	2:09:29	0:02:58	1:17:02	BE	
10ad3beb-ea14-4784-930b-6211d95b2e65	8	Neste Lerouge	M	M18-24	1	4:06:12	0:28:09	0:02:56	2:09:07	0:02:11	1:23:49	BE	
e5e7d09c-b993-f011-b4cc-6045bd09951e	9	Jente Van Mulders	M	M30-34	4	4:06:45	0:27:53	0:03:13	2:12:22	0:02:06	1:21:11	bel	
03c1fda4-e092-4d6a-bfc8-0be7345ec7dd	10	Pieter Luyckx	M	M25-29	2	4:07:50	0:27:29	0:03:38	2:12:49	0:02:47	1:21:05	BEL	
1eabc6f1-71cf-ef11-b8e8-00224806c129	11	Matt Vanophem	M	M18-24	2	4:07:53	0:27:19	0:03:39	2:15:44	0:04:02	1:17:09	bel	
fafdc94c-6294-f011-b4cc-6045bd05fcc1	12	Jitse Dhaenens	M	M18-24	3	4:08:33	0:28:28	0:02:58	2:09:07	0:04:42	1:23:18	BE	
16e2ca10-8464-4da6-b8fe-6be4d5c26ca7	13	Simon Van Langenhove	M	M35-39	2	4:08:37	0:25:59	0:03:36	2:11:49	0:02:08	1:25:05	BE	
35390a09-64fc-4732-b682-b02d69574e8d	14	Wim De Buyser	M	M35-39	3	4:09:07	0:29:48	0:03:22	2:12:57	0:02:55	1:20:05	bel	
153de5f9-1b96-47c7-a685-cb45c557ef81	15	Thibaut Feremans	M	M30-34	5	4:10:39	0:27:19	0:03:45	2:11:40	0:02:20	1:25:34	BE	
b65686d0-9c94-f011-b4cb-6045bd09e182	16	Louis Osselaer	M	M30-34	6	4:10:45	0:29:38	0:04:09	2:15:38	0:02:56	1:18:24	bel	
4d1930da-5dd0-47ea-82f8-20dd1a803c10	17	Eric Dollez	M	M45-49	1	4:12:41	0:29:31	0:04:28	2:11:44	0:02:31	1:24:27	bel	
517760b1-1a99-f011-b4cc-6045bd09951e	18	Olivier Loosvelt	M	M25-29	3	4:12:52	0:28:53	0:04:24	2:12:02	0:03:15	1:24:17	BE	
fbdf0f7f-dfb9-4032-b837-5d0766c1d057	19	Maikel Van Haagen	M	M35-39	4	4:13:34	0:29:07	0:03:52	2:14:50	0:02:32	1:23:13	nld	
8f339381-3496-ef11-8a6a-000d3a3126fd	20	Linus Van Praet	M	M45-49	2	4:13:44	0:30:21	0:03:56	2:16:03	0:02:49	1:20:33	bel	
225ab0c7-db6d-476c-b492-13952d489984	21	Steven Galens	M	M35-39	5	4:14:40	0:32:51	0:03:21	2:11:47	0:03:07	1:23:34	BE	
15b1293d-518b-4fca-9acd-dfb8c8453664	22	Wannes De Belder	M	M30-34	7	4:14:52	0:30:45	0:04:17	2:16:06	0:03:11	1:20:32	bel	
8192c2c3-a22c-4f4d-8145-50f1de5bb8e9	23	Pierre Asselin Boulle	M	M25-29	4	4:15:01	0:28:26	0:03:39	2:19:57	0:02:43	1:20:15	fra	
3be18b0b-92a1-4c24-a0fd-a3095b56eca2	24	Thijs Blondeel	M	M35-39	6	4:15:44	0:29:15	0:03:32	2:13:37	0:02:36	1:26:44	BE	
892fec80-9d1d-4c78-8f7d-8b9dfd6a03b4	25	Jasper Everaert	M	M25-29	5	4:16:14	0:29:05	0:03:46	2:18:46	0:02:40	1:21:56	bel	
ff27fb15-5bab-469b-b1ee-5376eb27773d	26	Timothy Vangheel	M	M40-44	3	4:16:30	0:30:01	0:06:09	2:15:08	0:02:52	1:22:20	BE	
a229d433-5b4a-4150-85d8-ec9a0cb07ae2	27	Bert Theunissen	M	M35-39	7	4:16:44	0:33:42	0:06:39	2:08:43	0:02:55	1:24:43	bel	
ae2b2c71-f674-ef11-a670-6045bd0800ef	28	Simon Vanaelst	M	M25-29	6	4:17:00	0:32:21	0:05:02	2:10:50	0:02:22	1:26:24	bel	
487d3248-fd83-4a22-97e2-6d3a4ace717f	29	Jan Weyens	M	M35-39	8	4:17:35	0:33:59	0:03:49	2:10:46	0:03:41	1:25:21	BE	
1bbe5137-a843-4c97-819a-aba746885980	30	Julien Mertens	M	M40-44	4	4:17:46	0:29:30	0:03:55	2:18:33	0:02:23	1:23:25	bel	
43e1485f-6aa0-ef11-8a6a-000d3a5a1803	31	Tijl Van Tillo	M	M18-24	4	4:17:50	0:33:45	0:04:49	2:11:45	0:02:28	1:25:02	bel	
2198a6f1-86b4-498c-9d4a-d5696ef8815b	32	Robbe Luyten	M	M25-29	7	4:18:20	0:31:49	0:04:02	2:12:14	0:02:54	1:27:21	bel	
152dc024-de93-f011-b4cc-000d3a5cf7d8	33	Andreas Derudder	M	M25-29	8	4:18:25	0:27:58	0:04:37	2:15:11	0:02:50	1:27:49	BE	
308e39b0-1c12-4487-b036-70548cfed500	34	Steven Glorieux	M	M45-49	3	4:18:33	0:35:17	0:05:31	2:10:52	0:02:55	1:23:58	bel	
c54787b4-8d12-ef11-9f8a-002248044460	35	Tim Von Der Stein	M	M30-34	8	4:19:21	0:30:30	0:03:48	2:17:35	0:03:11	1:24:18	deu	
0fc53da7-b1fb-4a74-8347-d3e8df02d29f	36	Jesse De Smedt	M	M25-29	9	4:19:35	0:25:15	0:04:27	2:16:00	0:03:12	1:30:41	BEL	
4789f78e-64cf-4825-b09e-9eeabc66e0d9	37	Lucas Van De Woestyne	M	M25-29	10	4:19:44	0:32:12	0:05:16	2:16:44	0:03:13	1:22:20	BE	
652037bd-3b60-487c-9345-b50d88abd3a0	38	Alexander Breugelmans	M	M30-34	9	4:20:18	0:31:23	0:04:09	2:11:41	0:03:03	1:30:03	CH	
b6307e12-28cf-ee11-9079-6045bd0158c4	39	Stijn Flamee	M	M35-39	9	4:20:22	0:29:33	0:04:04	2:12:22	0:03:23	1:31:01	bel	
7fe3b809-5a7b-ef11-a670-002248049fdc	40	Troy Kiveryn	M	M25-29	11	4:20:22	0:28:20	0:03:40	2:15:10	0:02:44	1:30:30	BE	
3800056e-82e9-4aa7-884e-690f324562e2	41	Arthur Van Den Broucke	M	M30-34	10	4:20:52	0:28:46	0:03:53	2:19:56	0:02:04	1:26:12	BE	
3f720bfa-b01b-f111-8341-6045bd06566a	42	Rob Woestenborghs	M	M50-54	1	4:20:55	0:33:41	0:05:01	2:05:08	0:03:15	1:33:49	BEL	
651078c3-343a-43c8-b911-950c765e790f	43	Maarten Van Wesemael	M	M30-34	11	4:21:04	0:34:18	0:04:56	2:14:46	0:02:34	1:24:30	BE	
3457eebb-bc93-f011-b4cb-002248098cfa	44	Nathan Bertrand	M	M18-24	5	4:21:05	0:28:16	0:03:56	2:21:04	0:03:01	1:24:48	FR	
96db647e-d048-4cb2-b684-da43e7098cd4	45	Jeroen de Milliano	M	M35-39	10	4:21:12	0:34:44	0:04:40	2:13:18	0:02:48	1:25:42	nld	
785afe80-6d4b-f011-877a-000d3a5b50ba	46	Torsten Ruttens	M	M25-29	12	4:21:39	0:34:39	0:04:55	2:19:01	0:03:16	1:19:47	BE	
3ce34115-26ad-49ae-bc39-c26497bb3bea	47	Dimitri Pevenage	M	M50-54	2	4:22:21	0:32:43	0:05:34	2:14:08	0:03:04	1:26:52	bel	
a4769a56-5e9f-4f99-8967-c4f1f8a1ace7	48	Yannis Eichel	M	M35-39	11	4:22:31	0:30:48	0:03:58	2:16:32	0:04:39	1:26:34	deu	
4a7a6b38-1b95-ef11-8a6a-000d3a59a9a1	49	Pjotr Percic	M	M30-34	12	4:22:41	0:31:22	0:05:58	2:16:06	0:03:49	1:25:26	BE	
d216622e-4295-ef11-8a6a-6045bd02949c	50	cian herman	M	M25-29	13	4:23:16	0:26:11	0:04:42	2:18:26	0:02:08	1:31:49	bel	
af6f9564-3a2a-4c14-89c9-11f1c45b1c08	51	Robin Denayer	M	M35-39	12	4:24:03	0:32:57	0:04:36	2:18:24	0:03:31	1:24:35	bel	
5bf10d16-d578-ef11-a670-002248049fdc	52	cedric Van Loy	M	M18-24	6	4:24:05	0:29:11	0:04:36	2:19:04	0:03:04	1:28:09	BE	
d4c72ce8-e581-f011-b4cc-6045bd05f634	53	nicolas CONNEROTTE	M	M18-24	7	4:24:47	0:29:30	0:03:41	2:25:55	0:03:35	1:22:06	BE	
6210ac26-c693-f011-b4cc-6045bd05fcc1	54	Jarne Van Bos	M	M25-29	14	4:25:08	0:36:08	0:05:03	2:18:00	0:03:27	1:22:31	BE	
4281d728-b15b-4c9a-9152-bd26532629e6	55	Roel De Smet	M	M40-44	5	4:25:14	0:35:42	0:04:19	2:16:06	0:03:18	1:25:50	BE	
e7d66175-2f8b-405f-9d12-b8270cbc932a	56	Philip Puimege	M	M35-39	13	4:25:43	0:34:19	0:03:54	2:14:21	0:03:32	1:29:38	BE	
cd1348c9-50ab-498d-991e-cd78d2ae38c1	57	Mike Suy	M	M40-44	6	4:26:05	0:30:39	0:04:05	2:20:44	0:03:15	1:27:23	bel	
5e27e539-1b09-4fb4-a50a-476b64f0c16e	58	Emiel Vermeulen	M	M30-34	13	4:26:06	0:39:56	0:04:43	2:08:36	0:03:05	1:29:46	BE	
032e6340-4c3f-4360-92b4-deee96d326be	59	Simon Defois	M	M40-44	7	4:26:09	0:31:24	0:03:53	2:19:59	0:03:16	1:27:37	FR	
f6fc633f-0bb6-ef11-b8e8-000d3a5ae96c	60	David Van ooijen	M	M30-34	14	4:26:14	0:30:29	0:05:37	2:07:18	0:03:28	1:39:22	nld	
ce623804-659d-f011-b41c-000d3a3173b5	61	Anna Reiff	F	F18-24	1	4:26:15	0:37:07	0:04:54	2:20:48	0:02:55	1:20:32	lux	
fa7a07fb-30e6-41c2-a6c9-cd6ef9d34a99	62	David Vercauteren	M	M30-34	15	4:26:22	0:29:50	0:04:20	2:27:28	0:02:36	1:22:08	BE	
c8ee4645-1a4d-4c7b-bdd4-369fd72df026	63	Matthias Verstrepen	M	M25-29	15	4:26:30	0:29:04	0:04:19	2:15:03	0:02:22	1:35:41	bel	
8bc87397-c188-ef11-ac21-000d3a5b3d07	64	luka Baert	M	M18-24	8	4:26:31	0:28:22	0:03:31	2:13:43	0:02:15	1:38:40	BE	
48139d2a-afe5-48f7-a75c-6ce6dbdde31d	65	Thomas Bossuyt	M	M40-44	8	4:26:32	0:34:42	0:03:36	2:16:53	0:03:04	1:28:17	bel	
b78a5ca8-4456-4a22-b27f-d4179d8dea33	66	Dennis Van Damme	M	M35-39	14	4:26:34	0:26:10	0:03:11	2:21:00	0:03:34	1:32:40	BE	
7c087da1-5847-f011-877a-000d3a5cf7d8	67	Emiel Weyers	M	M25-29	16	4:27:13	0:35:15	0:06:09	2:22:23	0:03:02	1:20:25	bel	
87a3301f-0eb8-4491-9389-032945b37582	68	Stijn Lycke	M	M45-49	4	4:27:18	0:35:55	0:05:48	2:17:43	0:02:21	1:25:31	BE	
8c2671b1-8397-f011-b4cc-6045bd09951e	69	Lander Sluyts	M	M25-29	17	4:27:28	0:30:50	0:03:46	2:22:13	0:02:57	1:27:42	BE	
413a6e99-86e1-ef11-8eea-6045bd048089	70	Aaron VandenBulcke	M	M25-29	18	4:27:45	0:33:08	0:04:54	2:12:43	0:03:19	1:33:41	bel	
ad20ae27-aaa0-430c-bc23-448367bd4c1d	71	Carlo Fieret	M	M25-29	19	4:27:59	0:30:16	0:05:27	2:23:24	0:02:47	1:26:06	NL	
ea658420-8baa-ef11-b8e9-000d3a5a1803	72	Milan Rogiers	M	M18-24	9	4:28:36	0:32:31	0:05:23	2:19:01	0:02:36	1:29:04	bel	
b3987c34-1816-ee11-8f6e-000d3a314c24	73	Hannes Mostaert	M	M25-29	20	4:28:49	0:29:59	0:05:29	2:17:53	0:03:02	1:32:26	bel	
e99fafa2-bfed-4cfa-b866-968dd057c596	74	Marijn Verdult	M	M35-39	15	4:28:58	0:30:19	0:05:35	2:18:01	0:05:51	1:29:12	bel	
075e8bb9-9534-e511-9403-005056951bf1	75	Joris Zaman	M	M50-54	3	4:29:07	0:34:15	0:04:53	2:17:25	0:03:01	1:29:33	NL	
03583ebb-b29c-4cf4-a4c5-7e782f3d1dec	76	Olivier Hendrickx	M	M30-34	16	4:29:17	0:31:57	0:04:42	2:15:45	0:02:09	1:34:44	BE	
e9505514-21ef-41f3-abfe-ca64541bf342	77	Yarn Nijssen	M	M25-29	21	4:29:31	0:27:57	0:04:23	2:10:34	0:03:10	1:43:27	bel	
f7b56067-3bf0-4a77-94bd-1b648f912d94	78	London Mees	M	M18-24	10	4:29:40	0:31:00	0:04:06	2:25:44	0:01:56	1:26:54	BE	
97affa9d-71f5-4499-bb36-22580efaa8cf	79	Geoffroy Vanoverschelde	M	M35-39	16	4:29:48	0:37:48	0:05:46	2:21:50	0:03:01	1:21:23	bel	
98875b4d-dd12-4413-9424-ab0894ee3719	80	Christophe Kieffer	M	M30-34	17	4:29:53	0:33:34	0:04:30	2:20:57	0:03:04	1:27:48	LU	
75b7d110-e42e-4a07-81ab-23e1704bd7d7	81	Gilles Verstockt	M	M25-29	22	4:29:56	0:29:51	0:03:54	2:18:46	0:03:31	1:33:53	BE	
6e65bb85-e593-f011-b4cc-000d3a35ffc1	82	Michiel VERCAMER	M	M35-39	17	4:30:21	0:30:59	0:04:01	2:21:19	0:02:19	1:31:42	BE	
b5b39d93-415e-4751-9e18-4f83bcaea855	83	Svennie Van Londersele	M	M40-44	9	4:30:57	0:37:53	0:06:05	2:22:56	0:03:20	1:20:43	bel	
81e9ee51-2ca0-ef11-8a6a-000d3a59a9a1	84	Thiemen Vandersteene	M	M18-24	11	4:31:12	0:34:45	0:04:59	2:19:54	0:02:22	1:29:11	bel	
f8e99bf4-d97f-ee11-8179-000d3a31406e	85	Jorg Boeykens	M	M25-29	23	4:31:19	0:35:56	0:04:35	2:25:41	0:02:40	1:22:27	bel	
37fac54b-d793-f011-b4cb-6045bd0a1bec	86	Maxime Van fraeyenhoven	M	M25-29	24	4:31:19	0:34:33	0:04:51	2:21:28	0:02:35	1:27:51	BE	
ea2498bd-c2d5-ee11-9079-000d3a31406e	87	Karim Moussaid	M	M18-24	12	4:31:31	0:31:58	0:05:30	2:25:08	0:02:48	1:26:07	lux	
6eb724a4-a3c1-42e9-9768-601a8ab64181	88	Yves Hendrickx	M	M45-49	5	4:31:38	0:35:10	0:05:35	2:20:38	0:03:45	1:26:30	BE	
62422011-100e-f011-9988-000d3a5b7c3b	89	Lode Van Vlasselaer	M	M35-39	18	4:31:42	0:35:30	0:04:21	2:17:08	0:02:40	1:32:02	bel	
6521d403-d4ab-45c8-b896-9df9065283ea	90	Ewen Menu	M	M18-24	13	4:32:11	0:27:34	0:05:16	2:27:27	0:03:54	1:27:59	BE	
67abe174-adbe-432c-b444-547897551735	91	Seppe Van Cleemput	M	M18-24	14	4:32:15	0:34:16	0:04:29	2:21:37	0:02:23	1:29:30	BE	
755a1714-dad5-49d5-8e7a-a5a2eefe91b1	92	Benjamin Deneriaz	M	M30-34	18	4:32:37	0:35:40	0:05:27	2:19:41	0:02:27	1:29:22	CH	
22d825e3-8f95-f011-b4cc-0022480a7385	93	Bram Bourgonjon	M	M35-39	19	4:32:44	0:31:34	0:04:54	2:18:36	0:02:35	1:35:04	BE	
0be518a3-c99a-f011-b4cc-6045bd09951e	94	Niels Gielen	M	M25-29	25	4:32:47	0:34:30	0:06:28	2:16:12	0:02:41	1:32:56	bel	
bdeb8e78-a631-4eaa-8a93-433df74f9c2b	95	Miguel Van Den Bogaert	M	M35-39	20	4:32:49	0:37:27	0:07:18	2:18:03	0:05:38	1:24:23	BE	
c47900ef-f873-48cf-ba63-b7f46e385941	96	Jef Swinnen	M	M35-39	21	4:32:57	0:35:01	0:04:17	2:26:08	0:03:42	1:23:49	BE	
956cc10c-ee41-4ada-962c-4cdcc997b605	97	Samuel Mathay	M	M40-44	10	4:33:11	0:32:05	0:03:53	2:17:27	0:03:02	1:36:43	bel	
fe846bc0-0a9c-ef11-8a6a-000d3a30152c	98	Luca Rivituso	M	M25-29	26	4:33:22	0:33:43	0:05:46	2:19:27	0:03:07	1:31:20	BE	
c2a8b0b0-23a7-ef11-8a69-000d3a5a403c	99	Mathias Miers	M	M30-34	19	4:33:30	0:34:00	0:05:05	2:29:45	0:09:12	1:15:28	BE	
c111cdc6-76fe-492c-a08d-8fbee0aa1bff	100	Maxime Arnould	M	M35-39	22	4:33:30	0:31:56	0:04:03	2:16:14	0:02:55	1:38:23	bel	
39a22b85-4966-f011-bec3-6045bd09951e	101	Wilmar Van Bruggen	M	M30-34	20	4:33:35	0:34:17	0:04:56	2:16:01	0:02:42	1:35:39	nld	
22d46521-21ee-414e-9288-6d96a46dd35e	102	Johan Vanhollebeke	M	M55-59	1	4:33:49	0:28:21	0:05:21	2:20:01	0:03:16	1:36:50	BE	
a7480c31-ca93-f011-b4cc-6045bd05fcc1	103	Charles Massion	M	M18-24	15	4:34:24	0:36:20	0:04:15	2:22:33	0:03:43	1:27:33	BE	
fc9c95dd-4e9c-4213-befc-dedc1f1bddc7	104	Chris Christiaens	M	M40-44	11	4:34:34	0:31:13	0:04:28	2:27:20	0:03:49	1:27:44	BE	
02a00685-126c-f011-bec2-000d3a5b7c3b	105	Scott Mullin-Henderson	F	M18-24	16	4:34:36	0:30:10	0:05:23	2:26:09	0:02:50	1:30:04	gbr	
2ab249f6-305b-f011-bec2-000d3a5cf7d8	106	Quentin Krabal	M	M25-29	27	4:34:37	0:36:15	0:04:33	2:21:28	0:03:16	1:29:05	Unknown	
c75350fa-d3ce-ef11-b8e8-000d3a5a403c	107	Matthias Van Mol	M	M30-34	21	4:34:57	0:37:29	0:04:58	2:17:54	0:03:37	1:30:59	BE	
be30d9de-00bf-4d29-98a6-1346bbcfd9dc	108	Melvin Vandebergh	M	M25-29	28	4:35:02	0:31:37	0:04:21	2:26:38	0:02:37	1:29:48	BE	
a73ee91e-b797-f011-b4cc-6045bd05fcc1	109	Mathieu Peeters	M	M45-49	6	4:35:11	0:41:49	0:05:49	2:12:56	0:02:54	1:31:44	BE	
74227016-9c94-f011-b4cb-6045bd09e182	110	Lorenzo Delor	M	M40-44	12	4:35:18	0:29:05	0:05:09	2:16:53	0:03:21	1:40:50	BE	
06d72779-ea4c-47ff-a07f-d1e0d89ae083	111	Guus van den Elsen	M	M30-34	22	4:35:53	0:34:31	0:05:56	2:20:25	0:02:58	1:32:04	nld	
48e78b38-939a-f011-b4cc-6045bd09951e	112	Wannes Geldhof	M	M25-29	29	4:36:04	0:37:46	0:05:34	2:14:58	0:02:37	1:35:09	bel	
7c75a911-c293-f011-b4cc-000d3a35ffc1	113	Matthias Pittoors	M	M30-34	23	4:36:09	0:39:01	0:07:19	2:22:50	0:04:07	1:22:52	nld	
3e141208-cc94-f011-b4cc-0022480c097c	114	Paul Bessière	M	M18-24	17	4:36:10	0:40:03	0:08:04	2:11:32	0:03:52	1:32:40	fra	
71435ebe-b662-ef11-bfe3-00224809ab10	115	Elias Biesemans	M	M25-29	30	4:36:19	0:30:12	0:04:33	2:30:14	0:02:21	1:28:58	bel	
ab432477-aa78-ef11-a670-002248049fdc	116	Niels Kyriakides	M	M18-24	18	4:36:22	0:25:59	0:04:36	2:22:07	0:03:13	1:40:28	BE	
3e33bf73-6425-f011-8c4e-000d3a5b50ba	117	Milan Amendolara	M	M25-29	31	4:36:35	0:35:59	0:04:22	2:17:13	0:02:53	1:36:08	BE	
165afead-0f82-444f-8120-61f8a6d9ba87	118	Cyprien Gilbert	M	M18-24	19	4:36:41	0:37:04	0:04:34	2:28:22	0:02:39	1:24:02	fra	
d6619a24-bb94-4538-b862-acddd9a7782a	119	Davy Borry	M	M35-39	23	4:36:54	0:34:26	0:04:43	2:18:31	0:03:45	1:35:30	bel	
c6661f89-56fc-4b74-8454-3a1c04113f4f	120	Andreas Collienne	M	M45-49	7	4:36:57	0:35:16	0:03:43	2:24:21	0:02:40	1:30:57	bel	
78e0b7d3-6b2e-40b6-99ed-132b0694caed	121	Christian Fromme	M	M45-49	8	4:37:05	0:32:27	0:04:00	2:20:11	0:03:33	1:36:54	DE	
680f531e-bf51-4c3d-99b3-b471c963ea06	122	Joost Schellekens	M	M30-34	24	4:37:07	0:35:31	0:05:39	2:30:46	0:02:43	1:22:29	bel	
cc20fd44-9d1d-4a6f-967c-b2f3a28d4cbd	123	Guy Achten	M	M45-49	9	4:37:30	0:36:40	0:06:49	2:19:19	0:04:24	1:30:18	BE	
d8c8ff95-e795-4c3c-aa3d-118520e1328f	124	Arthur Vanderghote	M	M18-24	20	4:37:31	0:33:12	0:05:26	2:26:29	0:03:25	1:29:00	bel	
7903842d-cc00-4f32-899c-cc3f13daa823	125	Ruben Smouter	M	M18-24	21	4:37:34	0:32:21	0:06:26	2:21:51	0:02:58	1:33:57	nld	
70fb751d-558e-ef11-ac21-6045bd048089	126	Maxence Depiesse	M	M25-29	32	4:37:38	0:29:35	0:06:30	2:26:03	0:04:51	1:30:39	BE	
3e5c7456-0878-ef11-a670-6045bd05c809	127	Raf Van Camp	M	M25-29	33	4:37:49	0:33:26	0:04:31	2:19:28	0:03:02	1:37:22	bel	
66fcb9ba-2f12-ef11-9f8a-002248044460	128	Jente Van Bos	M	M18-24	22	4:37:59	0:38:08	0:04:45	2:22:33	0:02:57	1:29:36	BE	
615ffaf5-bd49-ef11-a317-00224809fd7c	129	Ignace Debreyne	M	M30-34	25	4:38:14	0:38:07	0:04:46	2:25:07	0:03:33	1:26:41	BE	
ca7b2bd9-2c95-41f8-887a-2a46533395a1	130	Lennard Hellings	M	M35-39	24	4:38:20	0:35:11	0:06:47	2:20:33	0:04:25	1:31:24	BE	
6265eb27-8b9d-4f35-9ae4-3cd42a521b98	131	Jurgen Krupp	M	M45-49	10	4:38:23	0:32:26	0:06:06	2:28:38	0:03:35	1:27:38	BE	
ebcc6fd3-ffac-ef11-b8e8-000d3a5ae96c	132	Henri Saerens	M	M25-29	34	4:38:39	0:29:03	0:05:24	2:31:41	0:03:52	1:28:39	BE	
1260347c-2041-4cf1-aee4-543b4b3f4645	133	Jelle Goderis	M	M35-39	25	4:39:16	0:32:16	0:05:55	2:15:12	0:04:03	1:41:50	BE	
f32754fa-c457-4ef0-81e7-f56a485155dc	134	Raf Blomme	M	M40-44	13	4:39:19	0:32:02	0:04:53	2:28:09	0:04:52	1:29:23	BE	
abe03e7f-652f-42ad-a142-9f2301945f33	135	Robin Finet	M	M18-24	23	4:39:19	0:33:44	0:04:25	2:26:14	0:03:03	1:31:54	BE	
ede18558-ced9-ef11-8eea-002248049fdc	136	Robin Goesseye	M	M25-29	35	4:39:27	0:31:29	0:05:06	2:28:22	0:03:47	1:30:44	BE	
828c5ae8-fa8c-4836-b46f-1c84c1f69a88	137	Stefan Große Budde	M	M35-39	26	4:39:30	0:30:13	0:05:19	2:21:04	0:02:58	1:39:55	deu	
a26206cf-8969-4ea0-ad26-963f890ab94a	138	Grégoire Lepouttre	M	M35-39	27	4:39:30	0:30:41	0:04:35	2:30:17	0:04:02	1:29:56	bel	
815b6470-0db2-ee11-a569-0022480acaa6	139	Thomas Jacobs	M	M30-34	26	4:39:33	0:35:16	0:04:38	2:20:00	0:02:50	1:36:48	bel	
8f3c5171-b26f-ef11-a671-000d3a37be46	140	Wouter Persoon	M	M30-34	27	4:39:36	0:32:34	0:04:53	2:16:43	0:03:46	1:41:40	BE	
249037a4-8e99-41c3-b86a-1f08975a3a56	141	Merlin Arnaud	M	M18-24	24	4:39:37	0:37:01	0:03:54	2:26:00	0:02:07	1:30:35	fra	
be71089a-98d8-ee11-904d-000d3a31406e	142	Nicolas Borremans	M	M25-29	36	4:39:41	0:34:13	0:05:47	2:19:38	0:03:43	1:36:20	BE	
c1d0181e-be93-f011-b4cc-0022480a7385	143	Jan Proot	M	M40-44	14	4:39:47	0:35:46	0:05:24	2:17:54	0:04:09	1:36:35	BE	
b8eeb286-9d92-ef11-ac21-002248049fdc	144	Bram Brusselmans	M	M40-44	15	4:39:49	0:34:59	0:05:14	2:24:07	0:03:02	1:32:27	bel	
f61a2e6d-9e93-f011-b4cc-000d3a3173b5	145	Jeroen Delannoi	M	M35-39	28	4:39:55	0:33:39	0:06:26	2:35:47	0:03:37	1:20:27	bel	
2c1678db-e64c-4abd-b408-c8508b017025	146	Pieter Coucke	M	M30-34	28	4:39:59	0:41:00	0:06:48	2:18:02	0:04:07	1:30:02	BEL	
cb1aa828-6cca-ef11-b8e9-002248049fdc	147	Jens De Ceuster	M	M35-39	29	4:40:27	0:40:42	0:05:27	2:20:56	0:03:32	1:29:51	bel	
1be9e373-d041-40eb-9b21-467665be7f81	148	Dimitri Van Bossche	M	M50-54	4	4:40:37	0:39:25	0:05:28	2:22:47	0:03:24	1:29:33	BE	
8fd8f626-a0fb-478b-9c3b-a70ec340b640	149	Stan Van Den Brink	M	M25-29	37	4:40:42	0:37:26	0:05:30	2:21:03	0:04:39	1:32:04	NLD	
d8d3155c-cb96-f011-b4cc-000d3a35ffc1	150	Robin Stouten	M	M30-34	29	4:40:50	0:32:23	0:04:56	2:22:09	0:02:47	1:38:35	BE	
957fd9ed-3f59-41b7-a81e-be178a32664e	151	Koen Verreydt	M	M40-44	16	4:40:59	0:33:34	0:04:58	2:26:20	0:03:22	1:32:45	BEL	
3b906841-ed93-f011-b4cb-6045bd0a1bec	152	Marcel Lachmann	M	M30-34	30	4:41:08	0:32:36	0:05:15	2:26:02	0:03:12	1:34:03	DE	
44c28251-452a-ee11-bdf4-000d3a31440b	153	Sven Kasier	M	M30-34	31	4:41:15	0:28:44	0:04:48	2:27:25	0:02:55	1:37:23	BEL	
965b2c6a-7d3f-ef11-8409-6045bd079a13	154	Maarten Bogaert	M	M35-39	30	4:41:16	0:34:54	0:06:25	2:24:27	0:03:44	1:31:46	BE	
e1a384c7-c493-f011-b4cb-002248098cfa	155	Niels Laureyns	M	M40-44	17	4:41:16	0:36:27	0:03:21	2:23:29	0:02:32	1:35:27	BE	
d46d6067-a985-ef11-ac21-000d3a59a9a1	156	Ronan Albert	M	M25-29	38	4:41:28	0:37:53	0:05:07	2:24:29	0:02:39	1:31:21	BE	
99ab120b-1c9c-ef11-8a69-000d3a5a403c	157	Gilles Devenyn	M	M25-29	39	4:41:28	0:32:06	0:04:50	2:30:37	0:04:47	1:29:09	bel	
779a0658-8c94-4be8-8de3-4a2541a60c23	158	Leo Babet	M	M25-29	40	4:41:30	0:30:01	0:04:39	2:24:47	0:02:37	1:39:26	FR	
f537a326-c7c5-4b2f-9d01-529347d3e6ca	159	Sébastien Reuter	M	M35-39	31	4:41:33	0:35:48	0:06:12	2:25:25	0:03:33	1:30:35	bel	
5dd47766-f681-f011-b4cc-000d3a5cf7d8	160	Lucas Minjauw	M	M25-29	41	4:42:02	0:33:04	0:04:47	2:21:29	0:02:34	1:40:10	bel	
d05bd80d-bb9b-f011-b41c-000d3a35ffc1	161	Sem Hermans	M	M30-34	32	4:42:09	0:26:39	0:04:58	2:28:35	0:03:16	1:38:41	NL	
8d427c23-af94-f011-b4cc-000d3a35ffc1	162	Victor Thesin	M	M18-24	25	4:42:11	0:33:50	0:05:36	2:26:29	0:03:51	1:32:24	BE	
2136991e-8f86-4eea-8e85-40ab7c7f93a8	163	Jerome Bertrand	M	M50-54	5	4:42:28	0:33:31	0:04:51	2:27:27	0:02:45	1:33:54	FR	
00333b71-6c69-4368-9f57-27b7176fa6d0	164	Nathan Lahey	M	M25-29	42	4:42:37	0:34:58	0:04:40	2:24:37	0:03:00	1:35:23	BEL	
60464919-8ff8-4b87-bb79-56e8b13e87b7	165	Matthieu Close	M	M35-39	32	4:42:57	0:31:43	0:05:00	2:28:18	0:03:08	1:34:47	bel	
ec026532-0262-4c79-841a-7b236d0bef97	166	Maurits Vanhoutte	M	M25-29	43	4:42:58	0:35:30	0:06:07	2:20:58	0:03:01	1:37:23	BE	
b531ab43-030d-4813-814d-66771ddd2bc3	167	Loic Correas Muniz	M	M40-44	18	4:43:04	0:33:52	0:05:20	2:24:56	0:04:20	1:34:35	bel	
b2def854-f09a-f011-b4cc-000d3a5b50ba	168	Ruben Dragt	M	M25-29	44	4:43:16	0:39:21	0:06:15	2:15:37	0:02:43	1:39:19	NLD	
eb58de2a-4980-f011-b4cc-000d3a5b50ba	169	Pierre-Alexandre AMOUYAL	M	M18-24	26	4:43:18	0:34:18	0:06:12	2:25:42	0:02:55	1:34:11	Unknown	
154a6622-c21a-4126-b5cc-2542b049ae82	170	Frederic Maurel	M	M40-44	19	4:43:20	0:35:25	0:07:10	2:33:19	0:04:56	1:22:31	bel	
0b7cf2de-ddaf-4a19-9841-186ef90713af	171	Stijn Bruyneel	M	M45-49	11	4:43:33	0:30:49	0:04:43	2:22:47	0:03:25	1:41:49	BE	
a2d5bc3b-e243-ed11-bba1-000d3a31458d	172	Fabio Van Laere	M	M25-29	45	4:43:34	0:35:44	0:04:47	2:25:17	0:03:24	1:34:20	BE	
96de8f80-233c-46fc-aa85-29695613cc59	173	Vitaly Kasyanov	M	M45-49	12	4:43:35	0:36:48	0:04:16	2:24:16	0:03:06	1:35:09	nld	
57df06b7-298e-4660-bf16-48fd18ce3e35	174	Antoine Chaput	M	M35-39	33	4:43:44	0:34:09	0:04:33	2:33:37	0:03:07	1:28:18	FR	
7bf10f7f-9010-4d12-b4c1-de3599bc1a65	175	Frederic De Winter	M	M35-39	34	4:43:52	0:31:49	0:05:36	2:25:21	0:03:35	1:37:31	BE	
de1e95f2-c093-f011-b4cc-6045bd09951e	176	Dominique Boel	M	M35-39	35	4:43:53	0:39:01	0:05:22	2:23:55	0:04:08	1:31:26	BE	
ac39726e-6f30-47ff-9e05-d758b4d93af9	177	David Van De Vyver	M	M35-39	36	4:43:56	0:33:01	0:06:51	2:25:10	0:04:00	1:34:53	bel	
202ca40d-611b-47f6-9bce-1eaa085dd543	178	Jonas Smis	M	M25-29	46	4:44:01	0:30:26	0:04:46	2:22:55	0:03:08	1:42:46	bel	
c9e96e85-a9ce-476d-8081-fb3733d91687	179	Maarten Claes	M	M45-49	13	4:44:06	0:40:36	0:04:44	2:21:47	0:03:57	1:33:03	bel	
f4c2c21d-bc76-ef11-a670-00224808894b	180	Kevin Huyghe	M	M45-49	14	4:44:08	0:38:53	0:04:58	2:18:17	0:03:08	1:38:51	bel	
9deddfb1-5b7c-f011-b4cc-002248098cfa	181	Jelle Verbruggen	M	M18-24	27	4:44:17	0:34:03	0:05:40	2:25:39	0:03:28	1:35:28	BE	
1500da8f-c293-f011-b4cc-000d3a5cf7d8	182	Kevin Rutten	M	M35-39	37	4:44:18	0:34:29	0:05:52	2:28:51	0:03:18	1:31:48	BE	
d198f734-7f41-ee11-bdf3-000d3a314ae2	183	Tom Owen	M	M35-39	38	4:44:30	0:39:11	0:05:51	2:22:57	0:03:36	1:32:54	gbr	
99e5e197-0564-4e5c-a01e-0c84e7545e6c	184	Lieven Baert	M	M50-54	6	4:44:34	0:36:01	0:06:10	2:27:37	0:04:02	1:30:44	BE	
7235e2d0-7041-ef11-840a-00224809fd7c	185	Pepijn Kamminga	M	M25-29	47	4:44:35	0:34:06	0:04:11	2:34:40	0:02:35	1:29:02	nld	
1336e8c6-a1ce-ef11-b8e9-000d3a5a1803	186	Joschua Taller	M	M30-34	33	4:44:35	0:33:05	0:05:52	2:21:52	0:03:26	1:40:21	BE	
67df8020-1c5b-ef11-a317-6045bd0953ac	187	Dylan Thijs	M	M30-34	34	4:44:37	0:37:11	0:06:30	2:24:05	0:02:28	1:34:23	BE	
7085e742-139e-f011-b41c-6045bd09951e	188	Joël van der Ende	M	M30-34	35	4:44:48	0:32:16	0:04:41	2:23:08	0:03:17	1:41:27	nld	
ac47d95e-b68d-f011-b4cc-000d3a5cf7d8	189	Gilles Fabré	M	M25-29	48	4:44:53	0:34:32	0:05:46	2:29:31	0:03:27	1:31:36	bel	
a7a7f245-78b2-47e5-bab7-bd0b7c27656e	190	Hank Mees	M	M55-59	2	4:44:57	0:37:56	0:05:28	2:23:30	0:03:01	1:35:02	bel	
1dfe60cf-2ef5-40d1-a9d1-508adc2c5632	191	Joachim Haccour	M	M35-39	39	4:45:14	0:36:54	0:05:26	2:22:16	0:03:27	1:37:11	bel	
04d5206f-273d-4974-aa75-c09aa09768df	192	Stephan De Stoop	M	M40-44	20	4:45:18	0:35:14	0:05:15	2:23:57	0:03:41	1:37:10	bel	
3121170d-15f5-ee11-a1fe-6045bd0158c4	193	Thomas Claus	M	M25-29	49	4:45:28	0:35:51	0:04:56	2:25:37	0:02:45	1:36:19	bel	
7f1e10db-6131-ee11-bdf3-000d3a314be4	194	Mathias Waes	M	M25-29	50	4:45:35	0:35:30	0:04:43	2:27:05	0:04:06	1:34:10	BE	
135e6c84-f415-4feb-bf1e-db54befe9404	195	Marlon Savels	M	M25-29	51	4:45:37	0:34:01	0:03:52	2:31:09	0:03:54	1:32:42	BE	
cc24ca63-ac9b-ef11-8a6a-000d3a59a9a1	196	Valentin Debacq	M	M25-29	52	4:45:38	0:36:43	0:04:31	2:29:06	0:04:21	1:30:57	BE	
ac64fc5a-d193-f011-b4cc-0022480a7385	197	Robin Atallah	M	M30-34	36	4:45:43	0:36:26	0:05:23	2:33:04	0:03:04	1:27:47	nld	
d8d06e06-512a-ee11-bdf4-000d3a314ae2	198	Amaury Fabianski	M	M30-34	37	4:46:02	0:27:44	0:05:12	2:35:00	0:02:40	1:35:26	FR	
2826ec81-b398-f011-b4cc-000d3a5cf7d8	199	Alexandre Marcourt	M	M25-29	53	4:46:02	0:25:43	0:05:54	2:28:16	0:04:13	1:41:56	BE	
5f119134-4608-4484-a558-ac65943a2c9b	200	Simon Vansteenkiste	M	M30-34	38	4:46:05	0:38:24	0:06:36	2:26:12	0:04:45	1:30:07	bel	
d40bf8e4-c433-4314-8305-f26a089f8455	201	Gilles Leplat	M	M30-34	39	4:46:06	0:38:17	0:07:03	2:32:31	0:04:14	1:24:01	bel	
69ba5016-4c71-ef11-a671-000d3a371e3b	202	Axel Van Halewyck	M	M30-34	40	4:46:08	0:41:36	0:04:55	2:23:34	0:02:06	1:33:57	BE	
12363a15-0c9d-f011-b41c-002248098cfa	203	ruben Boer	M	M25-29	54	4:46:17	0:36:24	0:05:50	2:20:27	0:04:16	1:39:20	NL	
084bf842-be93-f011-b4cc-000d3a5b7c3b	204	Thomas Deberlanger	M	M30-34	41	4:46:24	0:28:11	0:04:44	2:19:12	0:02:22	1:51:55	BE	
11792c3f-b75c-4a7d-be90-fb60326c7b4e	205	Fabian Demoulin	M	M50-54	7	4:46:30	0:36:06	0:03:43	2:24:59	0:02:29	1:39:13	Unknown	
be151d19-be93-f011-b4cc-000d3a5b7c3b	206	Arne Verbanck	M	M30-34	42	4:46:31	0:36:29	0:04:29	2:25:32	0:03:06	1:36:56	bel	
de4aa964-0aaf-4462-9985-7bd1e6430535	207	Alexander Wey	M	M30-34	43	4:46:32	0:33:43	0:03:45	2:24:00	0:02:52	1:42:10	deu	
81986657-5b77-4eef-bb2a-ef3b7ca2c704	208	Thomas Rossaert	M	M35-39	40	4:46:32	0:35:54	0:06:47	2:30:40	0:03:29	1:29:42	BE	
a29da1ff-568f-4f8a-b6b9-e5c1ab720482	209	Ronald Warmels	M	M30-34	44	4:46:33	0:36:23	0:05:29	2:33:25	0:04:01	1:27:15	nld	
0fe18f43-cb93-f011-b4cc-0022480c097c	210	Bas Pater	M	M35-39	41	4:46:39	0:31:53	0:08:29	2:15:13	0:04:06	1:46:57	NL	
01e8d7ca-ec94-4568-a2a3-682b13f2183e	211	Ties Van Heemskerck Van Beest	M	M25-29	55	4:46:41	0:35:08	0:05:33	2:26:00	0:03:10	1:36:51	NL	
3b4a620e-d46c-49d2-a2a7-774f9df51da3	212	Arthur Vanmarcke	M	M30-34	45	4:47:24	0:37:21	0:05:13	2:30:35	0:02:29	1:31:47	BE	
2626b1e6-abbe-4de2-afb6-db2d10e7effd	213	Bert Pinoy	M	M35-39	42	4:47:28	0:38:53	0:06:25	2:20:32	0:05:10	1:36:29	BE	
9fd5da57-be93-f011-b4cb-002248098cfa	214	Romain Mulé	M	M18-24	28	4:47:30	0:38:38	0:05:14	2:31:35	0:02:27	1:29:36	BE	
d0963874-17d8-ef11-8eea-000d3a5a1803	215	Sven Luijten	M	M30-34	46	4:47:32	0:35:46	0:05:39	2:25:16	0:04:53	1:35:59	NL	
8b02aa5d-80f1-4b3c-845b-0bec48cd090d	216	Filip Hellings	M	M30-34	47	4:47:45	0:37:45	0:05:53	2:26:30	0:04:28	1:33:08	BE	
8ac30f4f-4ce2-ef11-8eea-000d3a5ae96c	217	Michaël Schepers	M	M30-34	48	4:48:01	0:36:13	0:05:32	2:29:09	0:03:12	1:33:54	BEL	
b7915442-c39d-44c6-a3da-a0344895fbde	218	Bjorn De Roo	M	M45-49	15	4:48:01	0:36:17	0:05:19	2:19:20	0:03:40	1:43:25	BE	
7130a763-5a92-f011-b4cc-6045bd05f634	219	Kevin Allen	M	M40-44	21	4:48:02	0:38:18	0:04:41	2:28:02	0:03:52	1:33:09	GB	
0ac30293-0493-f011-b4cb-7ced8d710867	220	Nathan dubus	M	M18-24	29	4:48:04	0:31:27	0:05:36	2:25:48	0:02:51	1:42:22	BE	
29375887-7e60-ef11-bfe3-00224808301f	221	Henrik Lachmann	M	M25-29	56	4:48:05	0:31:18	0:04:42	2:29:17	0:03:34	1:39:14	DE	
d0c026da-fa93-f011-b4cc-6045bd05fcc1	222	Charel Diederich	M	M18-24	30	4:48:07	0:43:46	0:05:18	2:27:51	0:02:29	1:28:44	LU	
97249cd0-ca80-ee11-8179-000d3a314d17	223	Julien Siquiet	M	M25-29	57	4:48:11	0:32:48	0:06:21	2:23:11	0:03:02	1:42:48	BE	
e54581eb-d63a-48cd-a795-fb7dc9b1f2e2	224	Igor Klimashevskiy	M	M40-44	22	4:48:13	0:38:09	0:07:13	2:26:07	0:04:17	1:32:27	gbr	
380f10ed-a2d8-ef11-8eea-000d3a5a1803	225	Gauthier Vandevoorde	M	M30-34	49	4:48:19	0:35:26	0:06:42	2:21:16	0:03:02	1:41:53	BE	
1c1834b8-5494-ed11-aad1-000d3a31458d	226	Thomas Wijgers	M	M25-29	58	4:48:29	0:35:12	0:05:26	2:27:03	0:02:41	1:38:06	bel	
fd8d2a03-bf93-f011-b4cc-0022480c097c	227	Wouter Borms	M	M35-39	43	4:48:32	0:35:59	0:05:48	2:29:52	0:03:11	1:33:42	bel	
2e40d46a-db6e-ef11-a671-00224808301f	228	Wouter Reijgersberg	M	M25-29	59	4:48:37	0:39:04	0:05:01	2:22:34	0:03:13	1:38:45	bel	
b2cd6f50-f293-f011-b4cb-6045bd0a1bec	229	Nouchka Willems	F	F35-39	1	4:48:38	0:30:25	0:04:47	2:36:02	0:03:02	1:34:21	bel	
854a3161-6824-4bce-a975-f552d56aad67	230	Stephan Coosemans	M	M45-49	16	4:48:48	0:35:44	0:04:25	2:23:39	0:03:27	1:41:33	BE	
cbe0c807-73c2-4c6c-b3b0-58ac259f8d7a	231	Tom Desmet	M	M50-54	8	4:48:52	0:36:17	0:09:25	2:34:17	0:03:46	1:25:07	BE	
dd5531c2-2add-49bb-bfef-3bcdb477c22e	232	Marcus Mergen	M	M35-39	44	4:49:06	0:39:05	0:08:20	2:27:28	0:04:43	1:29:30	deu	
fef91663-5927-f011-8c4d-000d3a5b7c3b	233	Théo VARRE	M	M25-29	60	4:49:08	0:34:30	0:04:52	2:28:24	0:02:23	1:39:00	fra	
c74d8f8e-9995-f011-b4cb-000d3a3b2356	234	Benjamin Estiévenart	M	M40-44	23	4:49:10	0:30:40	0:05:58	2:28:42	0:03:26	1:40:23	BE	
b0a626b4-85b0-4c11-9570-7f4867bb087b	235	Pieter-Jan Bouten	M	M45-49	17	4:49:19	0:34:10	0:05:30	2:21:11	0:03:06	1:45:22	gbr	
75c92ab6-48f8-46ce-9abe-6adc6de47ea8	236	Jordy Deweirdt	M	M30-34	50	4:49:20	0:34:04	0:03:28	2:29:20	0:03:09	1:39:20	BEL	
a402a5ea-be93-f011-b4cc-000d3a3173b5	237	Sam Degrave	M	M30-34	51	4:49:29	0:40:22	0:04:33	2:22:09	0:05:32	1:36:53	bel	
f692a99e-362f-4955-b6f4-6873c1ece87f	238	Kjell De Hondt	M	M35-39	45	4:49:34	0:37:31	0:06:48	2:39:56	0:05:52	1:19:28	BE	
318c7a8b-4c94-f011-b4cc-000d3a3173b5	239	Bjorn Samuel	M	M25-29	61	4:49:36	0:36:10	0:06:32	2:28:04	0:04:05	1:34:45	bel	
9d7c44e0-5052-402b-8952-8b98b2503c74	240	Katrien D'Haens	F	F30-34	1	4:49:47	0:35:29	0:05:06	2:26:03	0:03:34	1:39:36	BE	
3671c1b2-e964-4627-9d29-ecdeca3fc99d	241	Anthony Buytaert	M	M25-29	62	4:49:50	0:30:54	0:05:41	2:30:31	0:03:35	1:39:10	bel	
710271b4-4d67-4fed-986c-4557d6888fc9	242	Bruno De Decker	M	M60-64	1	4:49:52	0:32:58	0:05:25	2:16:28	0:04:07	1:50:54	bel	
5941faf4-cd16-415a-a9b9-2062a18eddbc	243	Nikolaus Loder	M	M60-64	2	4:49:53	0:33:09	0:04:55	2:31:11	0:03:30	1:37:08	deu	
3d2d5acd-3762-ef11-bfe3-6045bd0953ac	244	Lander Deseure	M	M25-29	63	4:50:11	0:38:08	0:05:25	2:27:11	0:03:33	1:35:53	BEL	
cbfd4429-b498-f011-b4cc-6045bd05fcc1	245	Pepijn Van Den Broeck	M	M25-29	64	4:50:11	0:33:08	0:07:00	2:24:33	0:03:59	1:41:31	BE	
f3425493-7d2c-4677-ac5e-91bb6018cb47	246	Guy Van Neck	M	M45-49	18	4:50:16	0:37:14	0:05:34	2:28:25	0:03:31	1:35:33	bel	
226399d6-15c6-ee11-9079-000d3a314c24	247	Casper Saelens	M	M25-29	65	4:50:16	0:35:56	0:05:30	2:31:22	0:03:19	1:34:10	BE	
d82402b5-d84d-f011-877a-000d3a5cf7d8	248	Florentin Soonckindt	M	M30-34	52	4:50:17	0:35:22	0:07:10	2:20:52	0:05:06	1:41:47	FR	
9bdf9113-be93-f011-b4cc-000d3a5b50ba	249	Daniel Kirschner	M	M45-49	19	4:50:33	0:35:52	0:05:50	2:27:53	0:05:10	1:35:49	deu	
a1360a25-60fc-4cf8-99a5-cdb395448b6e	250	Niels Budo	M	M40-44	24	4:50:38	0:41:16	0:06:59	2:27:19	0:03:01	1:32:03	BE	
e4efe048-1111-4ee0-8c1f-e0a8370b6c11	251	Robert Ley	M	M40-44	25	4:50:41	0:36:32	0:04:36	2:26:58	0:03:58	1:38:37	GB	
247e81c0-379a-f011-b4cb-7ced8d70c1af	252	Ward Vandekerkhove	M	M25-29	66	4:50:41	0:37:16	0:05:53	2:26:31	0:04:10	1:36:51	BE	
47e935c3-f532-4cb7-a7b6-211c5f9ace39	253	Frank Tschernezkaja	F	M30-34	53	4:50:42	0:37:21	0:05:54	2:26:15	0:04:13	1:36:58	Unknown	
41808d10-100e-f011-9988-6045bd05f634	254	Jelte Kemps	M	M35-39	46	4:50:49	0:36:35	0:05:13	2:30:19	0:03:31	1:35:11	bel	
760b3352-217d-f011-b4cc-000d3a35ffc1	255	Reinart Swertvaegher	M	M55-59	3	4:50:55	0:37:01	0:05:00	2:29:01	0:04:01	1:35:52	BE	
12df27b1-00e3-4665-808c-a79fd26095f6	256	Anna Braeckmans	F	F30-34	2	4:50:55	0:35:20	0:05:28	2:31:50	0:03:26	1:34:51	BE	
a4feb701-be93-f011-b4cc-0022480c097c	257	Glenn Gersis	M	M35-39	47	4:50:58	0:38:17	0:05:03	2:23:26	0:03:22	1:40:50	BE	
3ba1ec4c-6ebf-4cad-984b-239ae8c4182b	258	Felix Debbaut	M	M35-39	48	4:50:58	0:36:36	0:05:56	2:24:09	0:04:28	1:39:50	BE	
8f9c1a4d-99f3-4fb9-bc9f-8a146f24eee9	259	Pierre Maxime	F	M30-34	54	4:51:05	0:40:16	0:05:05	2:34:47	0:02:46	1:28:11	Unknown	
28fa9c0e-e793-f011-b4cc-000d3a5cf7d8	260	Mitch Boermans	M	M35-39	49	4:51:05	0:35:40	0:05:27	2:27:43	0:03:12	1:39:03	bel	
b7b6da99-a993-f011-b4cc-0022480c097c	261	Arthur Desaive	M	M25-29	67	4:51:12	0:35:06	0:05:54	2:28:51	0:03:55	1:37:27	bel	
605b6202-be93-f011-b4cc-000d3a5cf7d8	262	Jeroen Dingemans	M	M40-44	26	4:51:15	0:39:19	0:06:33	2:15:44	0:03:23	1:46:17	BE	
446d7125-b3f2-4718-9e8a-55048cc4381a	263	Jasper Geenen	M	M35-39	50	4:51:21	0:33:27	0:05:43	2:29:00	0:04:04	1:39:05	bel	
94309f89-87fc-41d8-95b8-92ef9a1436e0	264	Thomas Kronenberg	M	M35-39	51	4:51:24	0:40:20	0:07:53	2:23:45	0:06:58	1:32:28	DEU	
79dcf916-40d6-4ad3-ace3-278a12d6a689	265	Kris Peeters	M	M45-49	20	4:51:25	0:33:17	0:07:41	2:29:04	0:04:30	1:36:53	bel	
b594fd8f-0594-f011-b4cc-6045bd09951e	266	Robban Vermeulen	M	M25-29	68	4:51:26	0:35:11	0:05:26	2:31:01	0:04:37	1:35:11	BE	
9d699f47-0e81-4849-b691-1be012f2b68e	267	Jeroen Huygen	M	M30-34	55	4:51:29	0:37:03	0:07:16	2:29:08	0:04:36	1:33:26	BEL	
dc199c8f-c993-f011-b4cb-002248098cfa	268	Oliver Kelty	M	M18-24	31	4:51:30	0:32:14	0:04:02	2:33:32	0:02:50	1:38:52	gbr	
938e54de-c50b-4576-ad55-bfeda473e361	269	Jan Schoonjans	M	M40-44	27	4:51:33	0:35:20	0:05:39	2:28:57	0:03:21	1:38:16	BE	
6b9997d2-7e31-4f59-8ff6-cd54c8973a22	270	Stijn Laureys	M	M30-34	56	4:51:33	0:33:18	0:05:58	2:28:55	0:03:01	1:40:21	BEL	
c3f82c9b-22bb-44b9-b683-0ff02eb78466	271	Stefan Boon	M	M35-39	52	4:51:38	0:37:30	0:07:59	2:28:18	0:04:38	1:33:13	bel	
10a059df-bd93-f011-b4cb-002248098cfa	272	Jarne Booghs	M	M18-24	32	4:51:38	0:45:32	0:05:45	2:27:50	0:03:15	1:29:16	BE	
c7738708-7a36-4a69-afe1-a10060166663	273	Sven Quellmalz	M	M45-49	21	4:51:39	0:34:14	0:04:23	2:30:22	0:04:07	1:38:33	deu	
f02e0673-aaac-46d2-8066-3312c056093f	274	Jan Peter Schaik	M	M55-59	4	4:51:50	0:37:46	0:05:55	2:24:40	0:04:34	1:38:56	nld	
829f4a1c-978c-f011-b4cb-6045bd06c599	275	Arthur Otte	M	M25-29	69	4:51:52	0:38:29	0:06:09	2:26:29	0:03:56	1:36:49	BE	
79cb6dad-1fd4-4818-a570-c8eb76ea685d	276	Seppe Orye	M	M30-34	57	4:51:55	0:39:12	0:07:19	2:27:09	0:04:41	1:33:33	BEL	
16488a2e-3fec-ee11-a204-000d3a31440b	277	Tomas Van Herreweghe	M	M25-29	70	4:51:56	0:36:55	0:05:26	2:24:13	0:02:57	1:42:25	bel	
929eb512-e351-4e66-ba15-dcbb3957db64	278	Emmerick Vandervelpen	M	M30-34	58	4:51:59	0:34:56	0:04:57	2:23:44	0:03:15	1:45:07	bel	
b0ed93ad-bd93-f011-b4cc-0022480c097c	279	theophile naets	M	M18-24	33	4:52:05	0:32:06	0:05:09	2:23:36	0:02:24	1:48:50	BE	
7782ad8d-ee84-f011-b4cc-000d3a5b50ba	280	Jeffrey Duijst	M	M35-39	53	4:52:07	0:39:51	0:04:54	2:33:52	0:02:58	1:30:33	nld	
b645d424-1962-44a9-8476-b1124cf25d26	281	Lowie Van Eyck	M	M25-29	71	4:52:19	0:35:44	0:06:08	2:26:24	0:04:08	1:39:55	bel	
d5c98835-749d-f011-b41c-6045bd05f634	282	Thibau Desmet	M	M30-34	59	4:52:22	0:34:56	0:05:31	2:24:12	0:03:55	1:43:48	BE	
022b8150-1d22-4934-8c51-b6c7637e5e83	283	Sebastien Hsia	M	M45-49	22	4:52:23	0:42:33	0:05:01	2:32:53	0:04:40	1:27:16	bel	
79c35ec7-9109-ef11-9f8a-000d3a314c24	284	Gaetan Mischler	M	M18-24	34	4:52:29	0:35:52	0:05:49	2:37:48	0:03:10	1:29:51	FR	
31afd871-71d9-ef11-8eea-000d3a5a1803	285	Viktor Vandenbulcke	M	M25-29	72	4:52:31	0:38:31	0:06:59	2:28:02	0:03:32	1:35:27	bel	
1cbbda4b-01da-ec11-a7b6-000d3a3b51ac	286	Jonathan Callebaut	M	M45-49	23	4:52:34	0:38:45	0:06:05	2:30:56	0:03:35	1:33:12	BE	
7c34fc86-1c9c-ef11-8a6a-000d3a59a9a1	287	Lotte Valepijn	F	F25-29	1	4:52:36	0:34:05	0:04:00	2:33:06	0:02:51	1:38:33	bel	
8a23cfca-1a93-f011-b4cc-000d3a5b7c3b	288	Hamish Leeds	M	M25-29	73	4:52:36	0:30:27	0:06:48	2:24:29	0:05:21	1:45:31	GB	
973be751-d299-f011-b4cc-000d3a5cf7d8	289	Wouter van Hal	M	M25-29	74	4:52:38	0:35:14	0:05:19	2:34:51	0:03:41	1:33:33	NL	
4a81bb30-6609-4453-8408-d440f4af97ec	290	Ben Campbell	M	M35-39	54	4:52:59	0:30:24	0:04:57	2:38:07	0:02:32	1:36:59	GB	
5db4193c-4e98-ef11-8a6a-000d3a5a1803	291	Jelle Saey	M	M30-34	60	4:53:01	0:35:48	0:04:47	2:27:21	0:03:25	1:41:40	bel	
3d8daa66-bdce-ef11-b8e8-000d3a5a403c	292	sander vrancken	M	M18-24	35	4:53:02	0:39:42	0:05:50	2:26:09	0:04:08	1:37:14	BE	
27ed1cc9-7217-48f8-86bb-82ddd32742b6	293	Sven Potvin	M	M45-49	24	4:53:03	0:31:59	0:06:36	2:34:00	0:03:30	1:36:59	BE	
2bce8d7d-9494-f011-b4cc-000d3a35ffc1	294	Maxime Germonpré	M	M18-24	36	4:53:10	0:32:36	0:07:48	2:28:30	0:06:11	1:38:04	BE	
24323df1-e37f-ef11-ac20-000d3a3126fd	295	Koen Janssen	M	M25-29	75	4:53:15	0:37:46	0:07:45	2:25:54	0:03:35	1:38:14	Unknown	
0a694af5-bd93-f011-b4cc-000d3a5b50ba	296	Hannah Van Kerckhove	F	F25-29	2	4:53:22	0:36:32	0:05:34	2:29:17	0:04:05	1:37:54	bel	
4a012b6e-809e-ef11-8a6a-002248049fdc	297	Luckas Biltereyst	M	M30-34	61	4:53:23	0:35:35	0:06:59	2:33:02	0:03:54	1:33:53	bel	
62800353-e09b-f011-b41c-000d3a5b50ba	298	Thibault Marchant	M	M18-24	37	4:53:33	0:36:04	0:07:27	2:34:30	0:04:41	1:30:51	BE	
5225b2e7-b00f-ef11-9f89-6045bd012ace	299	Pascal Coopman	M	M40-44	28	4:53:36	0:30:03	0:05:03	2:31:39	0:03:10	1:43:42	BE	
f2c26bc5-a144-4416-bc28-83007b7131ce	300	Miguel Martinez Soares	M	M30-34	62	4:53:42	0:40:03	0:06:16	2:30:11	0:03:25	1:33:47	BEL	
daa0548b-e643-ed11-bba1-000d3a31440b	301	Britt Van De Cruys	F	F35-39	2	4:53:44	0:35:15	0:05:19	2:31:18	0:02:58	1:38:53	bel	
f31c38ee-bd93-f011-b4cc-0022480a7385	302	Kiani Schouppe	F	F35-39	3	4:53:45	0:34:23	0:04:18	2:35:26	0:04:25	1:35:13	BE	
d42c7e43-be93-f011-b4cc-0022480c097c	303	Louise Versavel	F	F30-34	3	4:53:49	0:37:22	0:04:51	2:33:33	0:02:34	1:35:29	bel	
6c9c026b-5a99-f011-b4cb-7ced8d6e2ae5	304	Dries Gabriels	M	M18-24	38	4:53:52	0:35:41	0:06:15	2:36:10	0:03:51	1:31:54	BE	
0acd8837-7c42-4ea8-812d-e454b4c2e6e5	305	Jan Kestens	M	M30-34	63	4:54:09	0:37:08	0:06:55	2:28:08	0:04:46	1:37:12	bel	
522b9950-a477-f011-b4cb-000d3a5cf7d8	306	Jel Van Herck	M	M35-39	55	4:54:11	0:34:47	0:07:36	2:25:59	0:06:43	1:39:06	bel	
29dc0cfa-0098-4af0-8c8f-c0fb1a67b2e1	307	Michel Bakker	M	M35-39	56	4:54:11	0:35:29	0:06:26	2:27:17	0:04:42	1:40:17	NL	
5373c50f-86c1-ef11-b8e9-6045bd048089	308	Antoine Loraux	M	M30-34	64	4:54:17	0:33:04	0:05:11	2:30:08	0:03:24	1:42:30	bel	
0279bd48-920f-4730-bc8a-ad87e6e5452b	309	Sven Van Steen	M	M60-64	3	4:54:24	0:31:52	0:05:54	2:33:14	0:03:15	1:40:09	BE	
a6b613ca-0e66-404d-a0cd-f2cc6faad377	310	Baptiste Fontaine	M	M35-39	57	4:54:28	0:40:16	0:06:43	2:24:56	0:04:58	1:37:35	FR	
af02e16d-cfc2-ef11-b8e8-000d3a5a403c	311	Vekemans Bert	M	M55-59	5	4:54:29	0:42:27	0:05:31	2:28:31	0:02:44	1:35:17	bel	
39d881d1-1220-4c9d-bc52-0042bde3c1bc	312	Paul Heremans	M	M25-29	76	4:54:39	0:42:18	0:07:00	2:22:58	0:04:11	1:38:12	BEL	
dd0aa23b-bf93-f011-b4cc-6045bd09951e	313	Tibo Abts	M	M25-29	77	4:54:40	0:37:32	0:06:15	2:28:40	0:03:30	1:38:43	BE	
0fd38003-a6ec-4678-855b-d3ab33e3704f	314	Maxim Courtoy	M	M40-44	29	4:54:41	0:36:18	0:06:01	2:30:29	0:03:13	1:38:39	BE	
998363ab-895c-ee11-be6f-000d3a314ae2	315	Ruben Vansever	M	M30-34	65	4:54:47	0:36:21	0:05:14	2:28:27	0:03:50	1:40:56	bel	
38664432-239b-41f9-ac48-aa09f8eee65f	316	Jeroen Peeters	M	M40-44	30	4:54:52	0:34:49	0:05:47	2:31:33	0:03:55	1:38:48	bel	
36865a30-361a-46d0-8760-71022a189e02	317	Nagy Tibi	M	M35-39	58	4:54:54	0:43:36	0:04:57	2:31:34	0:03:40	1:31:08	rou	
5ba1c102-b89a-f011-b4cc-6045bd05f634	318	Melvin Kayalar	M	M25-29	78	4:55:06	0:30:33	0:04:07	2:33:01	0:03:30	1:43:55	DE	
c9e5c494-bd93-f011-b4cc-000d3a5b7c3b	319	Wannes Stalmans	M	M30-34	66	4:55:09	0:28:50	0:05:54	2:40:14	0:04:08	1:36:03	BE	
f767f4f2-9b9e-f011-b41c-0022480a7385	320	Sebbe Paesmans	M	M25-29	79	4:55:12	0:38:36	0:05:02	2:28:38	0:04:23	1:38:34	bel	
26539161-46de-ef11-8eea-6045bd048089	321	Christophe Veyt	M	M30-34	67	4:55:12	0:34:11	0:04:53	2:23:10	0:03:22	1:49:36	BE	
e4ec8975-9608-4a0c-a876-e1a28c109f71	322	Sascha Schmidt	M	M35-39	59	4:55:14	0:32:07	0:04:20	2:21:51	0:03:10	1:53:46	deu	
6389af78-d593-f011-b4cc-0022480c097c	323	Thierry Laeremans	M	M45-49	25	4:55:27	0:39:03	0:07:31	2:25:32	0:03:51	1:39:31	BE	
f6344dc2-f028-f011-8c4d-000d3a5b7c3b	324	Cyrille Stevens	M	M18-24	39	4:55:40	0:35:00	0:05:23	2:37:45	0:02:21	1:35:12	BE	
8aee9a87-89cd-498b-8eca-f5b135c82930	325	Daan Wauters	M	M35-39	60	4:55:47	0:34:46	0:07:23	2:24:59	0:03:54	1:44:46	bel	
24c3bd51-e7fd-46ce-9363-b76637d28ea2	326	Bart Mertens	M	M45-49	26	4:55:50	0:36:09	0:06:19	2:29:05	0:05:33	1:38:44	BE	
447238f5-dc99-f011-b4cc-000d3a5b7c3b	327	Alexander van Renterghem	M	M25-29	80	4:55:50	0:36:53	0:06:03	2:32:15	0:02:19	1:38:19	NLD	
f084f96d-be93-f011-b4cb-6045bd0a1bec	328	Jonas Vogels	M	M30-34	68	4:56:03	0:34:58	0:06:07	2:32:22	0:03:43	1:38:54	bel	
cdd8c091-0458-f011-877a-002248098cfa	329	Frederic Vandebroek	M	M30-34	69	4:56:15	0:34:55	0:04:26	2:29:25	0:02:59	1:44:30	BE	
4a9748a1-ec93-f011-b4cc-0022480a7385	330	Jeroen Steppe	M	M30-34	70	4:56:15	0:39:43	0:06:47	2:29:05	0:04:37	1:36:03	BE	
de301581-13ac-484d-9522-f304c5c5db81	331	Thomas De Nys	M	M25-29	81	4:56:17	0:40:23	0:05:28	2:31:36	0:03:04	1:35:46	BE	
bd386bbe-8873-4d70-8877-fa773ed3576e	332	Filip Wouters	M	M40-44	31	4:56:17	0:40:10	0:06:29	2:34:25	0:03:07	1:32:06	BEL	
978b10a2-c293-f011-b4cc-000d3a3173b5	333	Hanne Verbist	F	F25-29	3	4:56:25	0:29:08	0:05:08	2:37:58	0:02:41	1:41:30	BE	
55a71e70-d593-f011-b4cb-002248098cfa	334	Tim Ampe	M	M25-29	82	4:56:26	0:36:27	0:05:44	2:30:54	0:05:32	1:37:49	bel	
7c10041b-8588-ed11-81ad-000d3a31440b	335	Jo Simons	M	M45-49	27	4:56:27	0:33:31	0:05:31	2:30:39	0:03:15	1:43:31	BE	
3b9ed814-0a38-4900-9a76-f084ada4fbbf	336	Antoine Ponchon	M	M25-29	83	4:56:32	0:36:30	0:05:37	2:32:05	0:02:54	1:39:26	FRA	
aad4a95a-5936-465c-8308-0f297393b7c3	337	Yannick Bolsius	M	M25-29	84	4:56:35	0:35:19	0:06:59	2:35:29	0:04:17	1:34:30	Belgium	
39c48fc7-7fa4-4b08-92e5-00d50929b1a3	338	Bart Van de Velde	M	M40-44	32	4:56:42	0:40:35	0:07:32	2:34:07	0:06:20	1:28:08	BE	
785fd1df-b993-f011-b4cc-0022480a7385	339	Quinten Haegeman	M	M25-29	85	4:56:46	0:33:27	0:04:59	2:24:01	0:03:58	1:50:21	BE	
76a76a52-d814-4031-9709-f8d618fb0419	340	Kent Langridge	M	M40-44	33	4:56:48	0:27:54	0:05:32	2:26:42	0:03:33	1:53:07	gbr	
3b21bddc-bd93-f011-b4cc-000d3a5b7c3b	341	Kwinten Corluy	M	M25-29	86	4:56:51	0:39:51	0:06:23	2:27:29	0:03:38	1:39:30	BE	
1b07a36b-744a-ed11-bba1-000d3a314c24	342	Loran Maes	M	M18-24	40	4:56:54	0:36:06	0:05:06	2:28:21	0:03:54	1:43:27	bel	
1ca89669-264c-ef11-a317-00224809fd7c	343	Pete Coleman	M	M35-39	61	4:56:57	0:33:21	0:06:40	2:33:54	0:03:24	1:39:37	GBR	
134f930e-d754-403a-8d8e-a77a1f42badc	344	Dieter Van Gael	M	M40-44	34	4:56:57	0:35:49	0:06:40	2:32:21	0:03:08	1:38:58	BE	
dd255d57-e499-f011-b4cc-6045bd05f634	345	Michaël Trondo	M	M35-39	62	4:57:01	0:35:01	0:07:31	2:25:10	0:06:58	1:42:21	BE	
50d8df27-65bc-4102-9cda-ad970623440b	346	Yentl Van Bael	M	M35-39	63	4:57:22	0:33:54	0:05:34	2:31:39	0:04:28	1:41:46	bel	
eac9b44d-d3c1-ef11-b8e9-000d3a5a1803	347	Roman Juhás	M	M50-54	9	4:57:25	0:44:09	0:05:41	2:27:22	0:05:07	1:35:07	svk	
5e58ca19-eb97-f011-b4cc-000d3a5b50ba	348	Wout Keybergh	M	M18-24	41	4:57:26	0:36:27	0:09:17	2:26:33	0:06:13	1:38:56	BE	
b9e940d4-cfab-4c15-932e-d186a3ef33db	349	Holger Büchele	M	M50-54	10	4:57:27	0:36:17	0:07:39	2:26:06	0:03:57	1:43:27	deu	
5df6e751-c2d1-ef11-8eea-000d3a5a1803	350	Thomas Leeson	M	M25-29	87	4:57:43	0:35:33	0:04:28	2:43:01	0:02:37	1:32:05	GB	
8978baf7-bd93-f011-b4cc-6045bd05fcc1	351	Julian Schouten	M	M25-29	88	4:57:47	0:39:40	0:04:33	2:34:32	0:02:58	1:36:04	DE	
059d2df8-2a1c-f011-9989-6045bd05f634	352	Jens Grohmann	M	M45-49	28	4:57:48	0:40:07	0:06:29	2:32:10	0:04:24	1:34:38	deu	
f1a875e2-56b6-4ae3-a983-22c8d6a240c9	353	Sam Van Belle	M	M35-39	64	4:57:48	0:38:23	0:06:31	2:30:41	0:04:13	1:38:00	bel	
24a0b2df-bd93-f011-b4cc-6045bd05fcc1	354	Sander Nelissen	M	M30-34	71	4:57:55	0:43:23	0:05:56	2:25:25	0:03:15	1:39:56	BE	
b2d17adf-07d2-46c8-9c7c-62efebeec9f5	355	Raoul Urlings	M	M25-29	89	4:57:56	0:31:06	0:06:09	2:30:31	0:03:19	1:46:49	BE	
bdaea3c5-ae60-ef11-bfe3-6045bd0953ac	356	Mieke Gobbens	F	F30-34	4	4:57:58	0:35:16	0:05:59	2:40:40	0:03:21	1:32:41	BE	
5374b450-59ea-413f-9296-dbb710226d75	357	Janik Emmendörfer	M	M30-34	72	4:58:00	0:32:29	0:05:38	2:36:07	0:04:37	1:39:09	DE	
70951bbf-4ef9-4209-81a6-fb6b3bbe9bf6	358	Jeroen Truyen	M	M30-34	73	4:58:00	0:37:04	0:06:23	2:26:12	0:03:31	1:44:51	BE	
9685390e-707d-ef11-ac21-000d3a5a1803	359	Julien Vroman	M	M25-29	90	4:58:00	0:40:28	0:06:57	2:34:51	0:03:59	1:31:45	BE	
e0dc6886-f927-f011-8c4d-6045bd09951e	360	Jef Verlinden	M	M30-34	74	4:58:01	0:39:04	0:05:36	2:35:02	0:04:03	1:34:16	BE	
bd3ade00-ecd0-4e41-ae8b-3f7af2caebba	361	Wouter Vanmechelen	M	M40-44	35	4:58:06	0:34:27	0:05:58	2:32:23	0:02:49	1:42:31	BE	
74c8f6d9-a3e4-40b3-982d-ff2cfe59d815	362	Nicolas Leroy	M	M35-39	65	4:58:08	0:35:51	0:07:56	2:35:42	0:04:13	1:34:25	FR	
98b11f79-466a-f011-bec3-000d3a3173b5	363	Gianni Heens	M	M30-34	75	4:58:10	0:40:28	0:05:21	2:24:00	0:03:35	1:44:46	BE	
68311211-5a05-eb11-a813-000d3a5a1bfb	364	Lars Aarts	M	M50-54	11	4:58:11	0:37:20	0:06:08	2:25:35	0:04:08	1:44:59	nld	
cb7294a3-3874-ef11-a670-0022480ac0a9	365	Matthias Boone	M	M30-34	76	4:58:11	0:36:54	0:05:47	2:31:31	0:04:24	1:39:36	bel	
7765a89d-8ad4-4606-8cb3-f424ef657ec9	366	Leslie Verhaere	M	M50-54	12	4:58:15	0:36:36	0:06:41	2:20:36	0:04:19	1:50:04	BE	
365b044b-5d96-f011-b4cc-000d3a35ffc1	367	Tobias Brussen	M	M18-24	42	4:58:17	0:38:32	0:09:14	2:37:44	0:05:32	1:27:15	NL	
f8885b32-7d99-f011-b4cc-0022480a7385	368	Quinten Eeckeleers	M	M30-34	77	4:58:26	0:36:41	0:05:33	2:36:59	0:03:49	1:35:24	BE	
c99a93be-0f3f-f011-b4ca-000d3a5cf7d8	369	Jake Gibson	M	M30-34	78	4:58:28	0:36:15	0:06:18	2:34:21	0:03:32	1:38:02	GB	
be02fbbb-7964-ef11-bfe3-000d3a3b4ec1	370	Mathieu De Visscher	M	M25-29	91	4:58:31	0:37:49	0:07:12	2:23:29	0:05:29	1:44:33	BE	
6291105c-c3ce-4cd8-88bf-dc2d64189d55	371	Jurgen Vansteenkiste	M	M45-49	29	4:58:32	0:34:41	0:05:35	2:31:41	0:05:33	1:41:03	BE	
ebb68a18-a0ab-442d-a754-132a7f099e4c	372	Jan Vanstraelen	M	M35-39	66	4:58:34	0:39:13	0:06:35	2:30:23	0:03:34	1:38:49	BE	
e74fd0ca-f6aa-47a0-9770-8b5327a55960	373	Alexander Fromme	M	M45-49	30	4:58:40	0:34:47	0:06:52	2:33:24	0:04:17	1:39:20	deu	
1228a2bd-3f64-ef11-bfe3-6045bd0953ac	374	Lukas Wilhelmi	M	M30-34	79	4:58:44	0:39:49	0:05:43	2:30:54	0:03:38	1:38:40	lux	
5569fa93-ce93-f011-b4cc-000d3a5cf7d8	375	Arnout Willequet	M	M30-34	80	4:58:46	0:38:12	0:08:22	2:25:43	0:04:17	1:42:13	bel	
23890487-8890-f011-b4cc-6045bd09951e	376	Timo Bertens	M	M25-29	92	4:58:47	0:38:28	0:05:27	2:35:39	0:02:47	1:36:26	NL	
5595bf93-ca93-f011-b4cc-000d3a5cf7d8	377	Leroy Van de Pol	M	M35-39	67	4:58:50	0:44:58	0:05:26	2:24:19	0:03:04	1:41:03	NL	
3916ff68-eb8a-4456-8bd1-d615a79072ba	378	Nesse Mintjens	M	M35-39	68	4:58:53	0:43:00	0:06:28	2:33:14	0:04:11	1:32:00	BE	
d6c545bc-6eb2-422a-93be-224e48b3af3f	379	Norbert Schroeder	M	M60-64	4	4:58:58	0:36:18	0:06:13	2:30:24	0:03:01	1:43:02	DE	
db8c159f-ab8c-f011-b4cc-000d3a5b50ba	380	Nicolas Kleinkenberg	M	M25-29	93	4:59:00	0:37:46	0:05:40	2:33:38	0:03:29	1:38:27	bel	
0b95c0bb-fc93-f011-b4cc-0022480c097c	381	Ruben Vaeremans	M	M25-29	94	4:59:03	0:36:44	0:06:11	2:35:02	0:03:20	1:37:46	BE	
5e969f77-4546-4f63-ae79-d05251658b4e	382	Jonathan Renson	M	M45-49	31	4:59:04	0:31:00	0:05:00	2:32:04	0:03:40	1:47:21	BE	
bae09326-038f-f011-b4cc-000d3a5b50ba	383	Julian Martens	M	M18-24	43	4:59:08	0:43:53	0:06:32	2:33:22	0:03:41	1:31:39	NL	
aa6636f3-e978-4ffa-9ea0-8e43c6972fc1	384	Joris Van Laere	M	M50-54	13	4:59:11	0:35:28	0:07:14	2:31:35	0:04:35	1:40:19	BE	
36dfc09c-31e5-ef11-8eea-6045bd088264	385	Robin van Hal	M	M45-49	32	4:59:12	0:38:01	0:05:08	2:28:25	0:04:57	1:42:41	NL	
4ddd8844-fe31-4a37-92a2-68bb2d8bb901	386	Rune De Baere	M	M18-24	44	4:59:28	0:37:47	0:05:32	2:36:54	0:03:06	1:36:09	bel	
cf5975bf-8094-f011-b4cc-0022480c097c	387	Thomas Vanderstappen	M	M35-39	69	4:59:28	0:39:33	0:06:26	2:32:13	0:02:52	1:38:25	BE	
57143237-5724-4638-998c-7c7764596d84	388	Benoit Van Den Berg	M	M30-34	81	4:59:32	0:39:33	0:06:40	2:37:24	0:03:20	1:32:35	BE	
1b9b8b1a-219d-f011-b41c-0022480c097c	389	Axel Van Broekhoven	M	M25-29	95	4:59:35	0:34:54	0:07:34	2:31:25	0:04:17	1:41:25	bel	
8e5a5ce4-bf93-f011-b4cc-6045bd09951e	390	Sverre Vierendeels	M	M25-29	96	4:59:42	0:36:36	0:06:19	2:33:56	0:03:09	1:39:41	BE	
f366e412-be93-f011-b4cc-000d3a35ffc1	391	Lucas Van Moerzeke	M	M30-34	82	4:59:48	0:37:02	0:06:27	2:29:31	0:04:50	1:41:58	BE	
b0c9b3bd-a0e4-41fa-88b5-978816664dff	392	Ingo Kühl	M	M45-49	33	4:59:52	0:37:33	0:08:26	2:29:40	0:04:48	1:39:25	DE	
68300f8c-d99c-ee11-be37-000d3a314c24	393	Jorit Vergalle	M	M30-34	83	4:59:56	0:31:32	0:06:15	2:32:29	0:06:29	1:43:11	BE	
b942625f-fd98-45da-871e-d2709345eb83	394	Arend Jan Van De Hoek	M	M55-59	6	5:00:08	0:36:51	0:04:40	2:31:52	0:04:26	1:42:19	nld	
db240666-bf93-f011-b4cc-6045bd09951e	395	Nick Van Dooren	M	M40-44	36	5:00:12	0:36:26	0:05:37	2:30:14	0:04:08	1:43:45	BE	
17e170f7-770f-4d07-a1e4-2cd3f58b21e7	396	Axel Devos	M	M30-34	84	5:00:19	0:36:41	0:07:16	2:33:00	0:04:22	1:39:00	BE	
e7acf114-aa20-4910-b796-445936d9bb75	397	Gilliam Polfliet	M	M25-29	97	5:00:28	0:42:24	0:06:54	2:22:59	0:04:50	1:43:21	bel	
143f61cc-3d9d-f011-b41c-6045bd05fcc1	398	Glynnis Balbaert	M	M35-39	70	5:00:28	0:40:56	0:05:11	2:25:19	0:03:24	1:45:38	BE	
cb61f476-0497-f011-b4cc-6045bd09951e	399	Robin Mannès	M	M18-24	45	5:00:33	0:36:08	0:05:26	2:36:15	0:03:44	1:39:00	BE	
9a20968e-be93-f011-b4cc-6045bd05f634	400	Vincenzo Lavalle	M	M30-34	85	5:00:34	0:38:44	0:05:17	2:34:18	0:03:34	1:38:41	BE	
78afd4fd-b78c-4f3c-ba5c-11c27fff73a2	401	Tanguy Van Den Bogaert	M	M30-34	86	5:00:47	0:38:30	0:04:39	2:36:31	0:03:12	1:37:54	BEL	
9263c003-eb09-4d92-9309-6be9acd403b9	402	Caroline Charlier	F	F35-39	4	5:00:47	0:33:41	0:06:12	2:40:00	0:03:30	1:37:24	BE	
9c8afd6f-b200-f011-bae2-6045bd05fcc1	403	Javier Ramos	M	M25-29	98	5:00:49	0:29:35	0:06:15	2:31:57	0:05:30	1:47:33	FR	
ab8dd54e-fd93-f011-b4cc-6045bd05f634	404	Jens Raeymaekers	M	M30-34	87	5:00:50	0:33:58	0:05:52	2:39:57	0:03:15	1:37:48	BE	
f026daa8-0558-f011-877b-000d3a5c3d6c	405	baptiste herremans	M	M18-24	46	5:00:54	0:41:43	0:05:15	2:27:59	0:03:39	1:42:19	BE	
58624f69-a5da-ef11-8ee9-000d3a592251	406	Morgane Baute	F	F18-24	2	5:00:56	0:34:18	0:06:13	2:27:17	0:03:20	1:49:48	bel	
5c9a53b2-d9d8-4323-a84a-c65a3dbf75ba	407	Adrien Donot	M	M35-39	71	5:01:04	0:35:25	0:05:53	2:38:46	0:03:03	1:37:57	BE	
f57d26d5-2356-4a1e-acd7-23b34a96f56e	408	Pieter Van Heijst	M	M30-34	88	5:01:05	0:35:37	0:05:35	2:33:48	0:03:28	1:42:36	bel	
a28d7d67-1ad9-490a-810d-30214619c390	409	Grobarczyk Benjamin	M	M40-44	37	5:01:09	0:38:30	0:04:48	2:32:19	0:03:55	1:41:37	BE	
e7faf9ef-f0c5-ef11-b8e8-000d3a5a403c	410	Timothy Scheffers	M	M25-29	99	5:01:17	0:36:42	0:06:32	2:29:48	0:04:15	1:43:59	nld	
2c45365b-78a9-ef11-b8e8-6045bd088264	411	Stijn Vancraybex	M	M30-34	89	5:01:19	0:41:28	0:06:26	2:29:18	0:03:17	1:40:49	BE	
9cca03cd-c6cb-4395-9692-a98c7057a4a1	412	Martin Kleinjan	M	M55-59	7	5:01:19	0:39:34	0:06:32	2:33:59	0:04:52	1:36:22	nld	
ca0dca16-439c-f011-b41c-000d3a5cf7d8	413	Sebastiaan Heikoop	M	M55-59	8	5:01:25	0:38:45	0:06:09	2:31:03	0:03:43	1:41:45	NL	
9629ca8f-fb88-4ced-a16e-625d5b130b69	414	Pavel Kanja	M	M45-49	34	5:01:42	0:33:42	0:06:16	2:28:20	0:03:54	1:49:30	gbr	
2c5f8f9d-bf93-f011-b4cb-002248098cfa	415	Arno Vermassen	M	M25-29	100	5:01:42	0:35:18	0:05:19	2:34:52	0:02:35	1:43:37	BE	
92a3a0e1-d559-f011-bec2-000d3a5b50ba	416	Micha Wets	M	M40-44	38	5:01:44	0:38:33	0:06:41	2:30:08	0:04:39	1:41:42	BE	
9ec08300-8298-f011-b4cc-0022480a7385	417	Daan Dierick	M	M18-24	47	5:01:46	0:42:30	0:04:38	2:31:18	0:03:38	1:39:43	nld	
c653060a-8494-42e2-af38-cde6bb7eebdf	418	Mathieu Ceulen	M	M35-39	72	5:01:47	0:44:02	0:07:51	2:34:45	0:05:37	1:29:31	BE	
ee7786cc-9bbb-ef11-b8e8-6045bd018d16	419	Victor Van Rossum	F	F25-29	4	5:01:56	0:36:37	0:05:25	2:44:19	0:03:19	1:32:15	bel	
175a3917-044d-f011-8779-002248098cfa	420	Jeroen Van Ruijssevelt	M	M35-39	73	5:01:58	0:38:12	0:06:58	2:36:15	0:04:54	1:35:39	BE	
ede14b1b-b09d-45bb-a8c8-68bb1563a8e5	421	David Peroo	M	M55-59	9	5:02:01	0:38:51	0:08:46	2:29:53	0:04:11	1:40:19	BE	
5e9b1ac9-ab90-4041-ba3d-709be6e4c265	422	Rustam Khannanov	M	M40-44	39	5:02:03	0:38:09	0:05:16	2:39:24	0:04:16	1:34:57	nld	
b27b4f39-6895-f011-b4cc-6045bd05fcc1	423	Mathias Vantomme	M	M30-34	90	5:02:06	0:43:08	0:05:16	2:24:32	0:04:26	1:44:44	BE	
0c893aa3-669e-43f6-8da8-725f20a427da	424	Brecht Vanderveken	M	M30-34	91	5:02:17	0:34:37	0:05:49	2:33:25	0:03:40	1:44:45	bel	
c9a6054f-be93-f011-b4cc-000d3a5b7c3b	425	Dangie Opdecam	M	M25-29	101	5:02:19	0:41:52	0:05:42	2:32:44	0:03:15	1:38:46	bel	
122e8a7f-e943-ed11-bba1-000d3a314be4	426	Jeroen Verellen	M	M45-49	35	5:02:21	0:34:32	0:07:53	2:33:35	0:04:20	1:42:01	BE	
5827843c-563e-f011-b4cb-000d3a3173b5	427	Floris De Keyser	M	M40-44	40	5:02:21	0:39:45	0:05:37	2:39:45	0:02:29	1:34:45	BE	
fbfebc54-6042-4b35-b214-19527e46788b	428	Nicky Detry	M	M55-59	10	5:02:22	0:34:02	0:07:17	2:49:10	0:03:33	1:28:20	BE	
6ebd3331-d893-f011-b4cb-002248098cfa	429	François Thonnart	M	M35-39	74	5:02:23	0:42:02	0:05:45	2:32:02	0:03:46	1:38:49	BE	
70492cfb-529c-f011-b41c-000d3a35ffc1	430	Loic Maerschalcke	M	M18-24	48	5:02:25	0:35:22	0:05:54	2:26:15	0:04:27	1:50:27	BE	
03958812-bf93-f011-b4cc-6045bd05f634	431	Renée Van de Groes	F	F25-29	5	5:02:29	0:35:02	0:04:43	2:38:30	0:02:33	1:41:40	nld	
e4d9991a-29d5-ef11-8ee9-000d3a592251	432	Laurent Ravicini	M	M30-34	92	5:02:35	0:34:43	0:05:11	2:36:45	0:03:24	1:42:32	BE	
c5174e7d-8c93-f011-b4cc-000d3a5b7c3b	433	Jordy Franssens	M	M30-34	93	5:02:35	0:38:22	0:06:01	2:27:03	0:03:13	1:47:56	bel	
ebc8189d-bf50-ef11-a317-00224809fd7c	434	Brent Witters	M	M30-34	94	5:02:36	0:39:35	0:06:32	2:39:35	0:04:31	1:32:24	BE	
35087f57-5c2d-4cd8-99cc-79361b10803b	435	Dennis Huijbers	M	M50-54	14	5:02:42	0:38:21	0:06:07	2:32:30	0:04:43	1:41:00	nld	
8358975c-29cd-ef11-b8e8-6045bd088264	436	Christophe Rassel	M	M30-34	95	5:02:44	0:34:31	0:06:40	2:25:06	0:04:55	1:51:32	deu	
8f07583e-be93-f011-b4cc-000d3a5cf7d8	437	Guus Geudens	M	M18-24	49	5:02:48	0:37:15	0:06:35	2:35:08	0:03:03	1:40:47	NL	
29759a39-85c0-ef11-b8e9-002248049fdc	438	zacharie Bennis	M	M35-39	75	5:02:54	0:34:37	0:05:27	2:28:41	0:03:08	1:51:02	bel	
51c75b63-7e94-f011-b4cc-6045bd09951e	439	Amine Bouazaiz	M	M25-29	102	5:02:59	0:36:42	0:05:51	2:42:56	0:03:47	1:33:43	BE	
e85a0c6f-8985-4909-b2a3-6c7e617aae92	440	Ine Lauwers	F	F30-34	5	5:03:00	0:38:31	0:04:30	2:37:12	0:03:06	1:39:40	bel	
15bacf35-e394-ed11-aad0-000d3a314c24	441	Sofie Holtappels	F	F30-34	6	5:03:05	0:34:54	0:03:40	2:32:32	0:03:21	1:48:37	Unknown	
262fb2a1-4ad7-ef11-8ee9-000d3a5ae96c	442	Carl Vanhove	M	M30-34	96	5:03:06	0:34:51	0:04:38	2:34:29	0:03:07	1:46:00	BE	
6defa56a-cb2e-ef11-840a-000d3a348633	443	Tom Langens	M	M40-44	41	5:03:07	0:34:54	0:05:16	2:23:27	0:03:35	1:55:55	bel	
59280755-c580-ef11-ac21-000d3a5b3d07	444	Nick Van Ooijen	M	M18-24	50	5:03:10	0:36:11	0:05:31	2:38:18	0:04:22	1:38:48	nld	
759f9c80-3515-f011-998a-002248098cfa	445	Nigel Vos	M	M30-34	97	5:03:14	0:34:07	0:06:00	2:30:15	0:03:55	1:48:57	NL	
850ecbc0-d2c2-41a9-85f6-72d528a4c503	446	Jorn Van Quekelberghe	M	M35-39	76	5:03:16	0:38:25	0:04:14	2:32:07	0:08:25	1:40:05	BE	
dd8402d7-bd93-f011-b4cc-000d3a35ffc1	447	Gianni Criel	M	M25-29	103	5:03:21	0:36:44	0:06:23	2:26:48	0:03:38	1:49:48	BE	
66686823-4bc3-e911-a97e-000d3a37468c	448	Rombout Senepart	M	M40-44	42	5:03:32	0:36:09	0:05:11	2:27:45	0:02:54	1:51:34	bel	
3329016a-3b26-f011-8c4e-000d3a5b50ba	449	Sonny van Teeffelen	M	M35-39	77	5:03:33	0:36:05	0:05:16	2:26:44	0:03:53	1:51:34	nld	
2bf5052c-5fae-4379-b21d-a82f84a17382	450	Rex Gerardu	M	M18-24	51	5:03:33	0:31:39	0:06:17	2:38:19	0:03:09	1:44:09	NL	
e79f37bc-bd93-f011-b4cc-000d3a3173b5	451	Jorg van Sabben	M	M18-24	52	5:03:35	0:37:18	0:04:39	2:33:19	0:03:36	1:44:43	NL	
8fa51bf4-c580-ef11-ac21-6045bd05c809	452	André Van Ooijen	M	M55-59	11	5:03:41	0:37:32	0:06:52	2:31:03	0:05:38	1:42:35	nld	
31714245-6da0-ef11-8a6a-000d3a59a9a1	453	Ruben Hollevoet	M	M18-24	53	5:03:41	0:31:12	0:04:36	2:49:37	0:02:56	1:35:20	bel	
e3ec6d2e-46bc-ee11-a569-000d3a314329	454	Gautier Foll	M	M25-29	104	5:03:44	0:32:37	0:07:47	2:39:36	0:05:06	1:38:39	Unknown	
8345ef5d-e793-f011-b4cc-6045bd05fcc1	455	Ernest Opsomer	M	M30-34	98	5:03:44	0:40:09	0:04:51	2:30:42	0:02:53	1:45:08	BE	
19aff720-bd93-f011-b4cc-6045bd09951e	456	Thijs Meesters	M	M25-29	105	5:03:45	0:36:59	0:06:52	2:36:19	0:04:08	1:39:26	bel	
41517327-408f-f011-b4cc-000d3a35ffc1	457	Matthias Didden	M	M35-39	78	5:03:45	0:30:36	0:06:08	2:35:40	0:04:23	1:46:57	BE	
9b8f4c73-d5bd-4d75-8cc1-fc22e1172eef	458	Lise Emmendörfer	F	F30-34	7	5:03:46	0:37:28	0:06:34	2:39:07	0:03:28	1:37:10	DE	
895365e8-bd93-f011-b4cc-6045bd09951e	459	Pim Gruijters	M	M18-24	54	5:03:47	0:43:55	0:07:52	2:36:03	0:04:07	1:31:50	NL	
2e14a5c7-8893-f011-b4cc-0022480a7385	460	Lukas Mispelaere	M	M18-24	55	5:03:52	0:34:51	0:05:10	2:35:39	0:04:10	1:44:03	BE	
fba6fba3-6194-f011-b4cc-6045bd05fcc1	461	Mathias Vackier	M	M35-39	79	5:03:53	0:39:14	0:05:31	2:42:29	0:03:17	1:33:22	BE	
ff085beb-f81a-ee11-8f6e-000d3a31406e	462	Jeroen Van Daele	M	M40-44	43	5:04:04	0:34:39	0:05:26	2:32:08	0:03:13	1:48:38	BE	
d6898701-be93-f011-b4cc-000d3a5b50ba	463	Tim Paulußen	M	M30-34	99	5:04:06	0:37:29	0:05:31	2:28:56	0:03:47	1:48:23	deu	
1a2ef2fa-bd93-f011-b4cc-000d3a35ffc1	464	Cedric Daems	M	M25-29	106	5:04:18	0:32:45	0:06:08	2:28:51	0:04:56	1:51:37	bel	
b8a759b4-fdd4-ef11-8ee9-000d3a5ae96c	465	Karel Fannes	M	M35-39	80	5:04:18	0:52:19	0:04:22	2:22:42	0:03:37	1:41:18	bel	
cd51a277-f2ec-48ac-8787-566d606bbcfc	466	Ellemieke Van Ommen	F	F35-39	5	5:04:21	0:38:50	0:06:19	2:38:15	0:03:27	1:37:30	NL	
8af959fc-e796-f011-b4cc-000d3a5cf7d8	467	Bas Surmont	M	M30-34	100	5:04:33	0:35:23	0:06:21	2:36:18	0:04:55	1:41:37	BE	
12fb417c-1a75-ef11-a670-0022480b0b2f	468	Anselm Schüle	M	M40-44	44	5:04:35	0:31:55	0:06:03	2:34:13	0:03:17	1:49:06	deu	
19cba07e-2b99-f011-b4cc-0022480a7385	469	Bryan Vermaeren	M	M25-29	107	5:04:36	0:36:17	0:06:24	2:35:37	0:04:10	1:42:07	BE	
c5ab5daf-8082-4e0d-b77e-6aa2caf76004	470	Sebastian Dal Pozzo	M	M35-39	81	5:04:42	0:46:27	0:06:05	2:29:40	0:03:30	1:39:00	BEL	
5e8e0232-d23b-4cec-86a3-f88548b3ed80	471	Bart Van Impe	M	M35-39	82	5:04:42	0:37:35	0:06:17	2:25:51	0:02:28	1:52:31	BE	
fe569955-c093-f011-b4cc-000d3a5cf7d8	472	Stijn Van Hecke	M	M30-34	101	5:04:50	0:40:08	0:04:21	2:13:21	0:02:33	2:04:27	BE	
d5165012-b81a-4580-9cb0-ebcfb9ffc4e7	473	Andreas Fockers	M	M40-44	45	5:04:51	0:39:04	0:05:55	2:38:15	0:03:29	1:38:09	DEU	
e7bfcfd5-970e-4b90-8ad6-86efe80683dc	474	Aurélien Dekoninck	M	M35-39	83	5:04:56	0:39:00	0:07:33	2:30:04	0:04:17	1:44:02	BE	
a3ba1981-5c9d-f011-b41b-000d3a5a5dc2	475	vincent delplanque	M	M40-44	46	5:05:00	0:39:14	0:06:39	2:31:01	0:03:26	1:44:41	bel	
caad2674-7a9a-f111-b8dc-6045bd08b1a2	476	Warre Plevoets	M	M25-29	108	5:05:02	0:47:12	0:06:25	2:36:43	0:05:29	1:29:15	BEL	
32de1d43-3e9d-f011-b41c-0022480a7385	477	Kira Konermann	F	F30-34	8	5:05:03	0:38:58	0:05:47	2:44:55	0:02:42	1:32:40	DE	
d3570d2e-7cde-ef11-8eea-6045bd048089	478	Robin Van Bouchout	M	M30-34	102	5:05:04	0:50:08	0:05:35	2:29:04	0:02:38	1:37:38	BE	
7727f97c-e26e-ef11-a671-00224809fd7c	479	Xander Paesen	M	M18-24	56	5:05:08	0:34:39	0:04:31	2:37:13	0:02:58	1:45:47	bel	
537428b9-1e15-ef11-9f8a-00224809fd7c	480	Hanne Maes	F	F35-39	6	5:05:09	0:36:12	0:04:58	2:31:31	0:04:29	1:47:59	bel	
0f6c4410-4d79-f011-b4cb-000d3a5b7c3b	481	Kevin Guillaume	M	M35-39	84	5:05:09	0:41:44	0:05:00	2:32:31	0:04:32	1:41:22	BE	
a91dc43e-6894-f011-b4cc-6045bd05f634	482	Kalle Ruhl	M	M50-54	15	5:05:12	0:38:19	0:05:21	2:33:51	0:03:35	1:44:06	DE	
5c638c7e-c284-f011-b4cc-000d3a3173b5	483	Anton Depaepe	M	M18-24	57	5:05:13	0:32:24	0:05:33	2:40:07	0:03:50	1:43:19	bel	
82ba03fc-7835-f111-88b4-002248046ec8	484	Dirk Huibers	M	M35-39	85	5:05:18	0:38:39	0:05:37	2:26:11	0:03:06	1:51:45	NLD	
68ab5815-4b8d-ef11-ac21-000d3a338a3c	485	gilles vankerkhove	M	M18-24	58	5:05:24	0:38:38	0:07:02	2:34:09	0:04:40	1:40:54	BE	
e66d024e-be93-f011-b4cc-0022480a7385	486	Simon Derdelinckx	M	M30-34	103	5:05:28	0:38:24	0:05:48	2:33:14	0:03:54	1:44:07	BE	
ee975be0-559d-f011-b41c-000d3a5cf7d8	487	Senne De Gendt	M	M18-24	59	5:05:28	0:37:07	0:08:35	2:33:00	0:05:12	1:41:34	BE	
efc2a002-1bf8-49a2-984a-9c5583923454	488	Vincent Goletti	M	M35-39	86	5:05:33	0:37:07	0:05:12	2:41:41	0:03:29	1:38:04	BE	
85e5ad5c-cd8c-f011-b4cc-000d3a35ffc1	489	Charlotte Daenens	F	F35-39	7	5:05:33	0:37:34	0:05:39	2:42:21	0:03:16	1:36:43	BE	
508e79ee-b1db-4f5d-ac71-54cf85a85732	490	David Van Schaik	M	M45-49	36	5:05:33	0:45:10	0:06:48	2:31:13	0:04:26	1:37:57	Unknown	
9abb5d53-2fcd-4f01-bd8a-37bfbae7a395	491	Guy Mertens	M	M45-49	37	5:05:34	0:39:34	0:06:58	2:32:51	0:04:47	1:41:24	bel	
0258fef1-e293-f011-b4cc-6045bd05f634	492	Largo Coddens	M	M18-24	60	5:05:37	0:36:28	0:06:01	2:39:56	0:03:41	1:39:32	BE	
8fbf80ca-2496-f011-b4cc-6045bd05f634	493	Lucas Fache	M	M25-29	109	5:05:38	0:38:51	0:05:13	2:36:34	0:03:58	1:41:02	BE	
7f0ea1d6-cd93-f011-b4cc-6045bd05f634	494	Els Talloen	F	F40-44	1	5:05:39	0:40:00	0:06:24	2:38:56	0:04:13	1:36:06	BE	
3ef3d6c5-d220-424a-9d20-9ba97213c77e	495	Jens Polspoel	M	M25-29	110	5:05:40	0:34:29	0:06:35	2:26:28	0:04:13	1:53:55	bel	
e34088e5-612f-40d6-a57e-66ac78cf46c8	496	Bastian Brosens	M	M35-39	87	5:05:51	0:42:51	0:06:34	2:30:57	0:02:50	1:42:39	bel	
96b16ac9-7c50-48dc-bc80-1d312a15c5f9	497	Dean Vinckx	M	M30-34	104	5:05:54	0:43:16	0:07:10	2:30:56	0:04:10	1:40:21	BE	
c1697d87-10c1-41c6-a64e-2732aa45f2af	498	Michael Goosse	M	M45-49	38	5:06:01	0:37:25	0:05:32	2:35:42	0:03:46	1:43:36	bel	
82bce848-e799-ef11-8a6a-000d3a338a3c	499	Stef Nys	M	M18-24	61	5:06:01	0:43:20	0:07:52	2:35:00	0:04:09	1:35:40	BE	
40315c3f-d1fd-ef11-bae2-0022480823e6	500	Anouk Steijaert	F	F18-24	3	5:06:04	0:36:28	0:03:46	2:32:08	0:03:23	1:50:19	nld	
7a0e10cb-ee90-f011-b4cc-000d3a5cf7d8	501	Brent Redant	M	M30-34	105	5:06:06	0:41:17	0:07:14	2:33:41	0:04:33	1:39:21	BE	
0bea173b-5935-f011-8c4e-0022480a7385	502	Cameron Heyring	M	M18-24	62	5:06:09	0:34:36	0:04:50	2:50:17	0:04:06	1:32:19	GB	
0520e4d5-9ac8-4407-a7c2-78b8dd244b09	503	Brecht De Ridder	M	M25-29	111	5:06:24	0:33:03	0:05:30	2:34:36	0:04:03	1:49:12	BE	
469fd935-fd93-f011-b4cc-000d3a5b7c3b	504	Sven van den Bulck	M	M35-39	88	5:06:31	0:37:38	0:06:14	2:28:23	0:05:03	1:49:12	NL	
49e373cf-c093-f011-b4cc-000d3a5b50ba	505	Roel Koper	M	M30-34	106	5:06:38	0:44:04	0:06:26	2:39:59	0:03:18	1:32:49	NL	
a646b0d7-bceb-41a2-976a-b482c5eec515	506	Anke Werner	F	F50-54	1	5:06:39	0:36:51	0:05:30	2:38:09	0:03:32	1:42:37	deu	
65bdb341-8411-4139-9c82-878dd790c0cf	507	Jonas Vanhove	M	M30-34	107	5:06:49	0:34:35	0:06:08	2:36:04	0:04:10	1:45:52	bel	
2cb4f8ac-3d96-f111-8076-7c1e528d5074	508	Anne-Laure Boucqueart	F	F30-34	9	5:06:55	0:37:06	0:06:17	2:49:28	0:04:41	1:29:25	BEL	
e64ba685-5794-ee11-be37-000d3a314d17	509	Dielan Ophals	M	M25-29	112	5:07:00	0:38:31	0:06:08	2:32:01	0:03:27	1:46:52	BE	
4a223d86-8f9e-f011-b41c-6045bd05f634	510	Olivier Lissens	M	M45-49	39	5:07:07	0:43:02	0:11:26	2:26:11	0:07:18	1:39:10	bel	
dd99169e-f1ee-4328-844e-1c359d8a508e	511	Isabel Vermeulen	F	F40-44	2	5:07:10	0:28:29	0:06:26	2:38:29	0:03:35	1:50:11	bel	
271393cd-a0e8-ef11-8ee9-000d3a592251	512	Pieter Van Gucht	M	M30-34	108	5:07:10	0:41:35	0:06:23	2:40:19	0:04:01	1:34:52	BE	
8163ddf9-e775-ef11-a670-00224808894b	513	thuur vandeplassche	M	M25-29	113	5:07:11	0:36:35	0:04:20	2:42:42	0:03:25	1:40:09	BE	
4f87dbfe-dc93-f011-b4cc-0022480c097c	514	Jimmy Castiglione	M	M35-39	89	5:07:14	0:41:46	0:07:17	2:35:11	0:03:50	1:39:10	BE	
cb88605f-c193-f011-b4cc-6045bd05f634	515	Arthur Demay	M	M25-29	114	5:07:21	0:42:52	0:06:38	2:37:45	0:04:26	1:35:40	bel	
599270f0-f475-ef11-a670-6045bd05a110	516	Stijn De Kegel	M	M30-34	109	5:07:26	0:36:00	0:06:52	2:25:09	0:04:44	1:54:41	BE	
6a201e07-3976-4cd6-93f5-ac0cb3046da9	517	Timmy Steemans	M	M40-44	47	5:07:29	0:39:19	0:08:08	2:30:53	0:05:21	1:43:48	BE	
8d6e77d1-12cc-4cd7-b195-84cfe1017457	518	Bram Coussement	M	M45-49	40	5:07:34	0:40:41	0:06:49	2:28:54	0:04:15	1:46:56	BEL	
40c6e569-9c17-485c-bc03-8435c51e648f	519	Joeri Brusselle	M	M40-44	48	5:07:43	0:40:43	0:07:08	2:31:02	0:03:56	1:44:54	BE	
01e190f9-e893-f011-b4cc-6045bd09951e	520	Gertjan Schmitz	M	M50-54	16	5:07:51	0:41:31	0:06:46	2:31:53	0:03:53	1:43:48	BE	
93a6054f-be93-f011-b4cc-000d3a5b7c3b	521	Kris Bijnens	M	M40-44	49	5:07:57	0:40:09	0:08:04	2:40:28	0:03:36	1:35:40	BE	
e97eb99f-a139-4714-a504-35cb599e9906	522	Alexander Verhaeghe	M	M35-39	90	5:08:14	0:36:46	0:05:35	2:41:02	0:03:33	1:41:18	BE	
9e487cec-36d7-ef11-8eea-000d3a5a1803	523	Adrien Paligot	M	M30-34	110	5:08:14	0:40:51	0:05:06	2:32:18	0:03:04	1:46:55	BE	
de3ce48b-7298-f011-b4cc-6045bd05fcc1	524	tycho drossin	M	M18-24	63	5:08:15	0:38:44	0:07:06	2:30:51	0:03:44	1:47:51	BE	
e8a201be-d94e-f011-877a-000d3a5b7c3b	525	Baptiste DEROUDILHE	M	M30-34	111	5:08:17	0:41:08	0:07:26	2:34:52	0:02:51	1:42:00	FR	
43d3c518-3594-f011-b4cc-000d3a3173b5	526	Nathan Dillien	M	M25-29	115	5:08:19	0:39:27	0:07:16	2:39:34	0:04:36	1:37:27	BE	
7837e82a-e691-4f94-b82a-2e1f8084f95f	527	Bowout Broucke	M	M25-29	116	5:08:36	0:36:21	0:04:08	2:50:21	0:03:28	1:34:18	BE	
85fbab3f-faa6-ef11-8a6a-000d3a30152c	528	Romy Schneider	F	F18-24	4	5:08:37	0:37:08	0:05:26	2:35:21	0:02:39	1:48:04	CH	
010ac615-c737-4a15-bcb3-b26fdaf060be	529	Miguel Rydant	M	M25-29	117	5:08:38	0:36:42	0:07:46	2:34:26	0:05:10	1:44:33	bel	
0e944a83-93b5-ef11-b8e9-002248049fdc	530	Dries Van den Brande	M	M25-29	118	5:08:38	0:38:54	0:06:17	2:44:42	0:03:48	1:34:57	bel	
49865e26-d975-ef11-a671-6045bd010fe7	531	Cédric Vuylsteke	M	M18-24	64	5:08:41	0:40:50	0:08:11	2:23:51	0:05:48	1:50:00	BE	
c9deab65-ebb8-4247-b482-2f99a6f1c790	532	Maxime Robberecht	M	M35-39	91	5:08:51	0:37:15	0:05:48	2:42:23	0:04:13	1:39:12	bel	
69cd7ba6-1888-f011-b4cc-000d3a5cf7d8	533	Bart Vissers	M	M45-49	41	5:08:53	0:32:17	0:05:45	2:26:18	0:03:48	2:00:45	BE	
d92cc916-9534-e511-9403-005056951bf1	534	Alan Brown	M	M45-49	42	5:09:01	0:34:41	0:06:05	2:38:58	0:04:10	1:45:07	IE	
c16628a4-b101-4550-b348-ed47402a213d	535	Attila Varadi	M	M50-54	17	5:09:04	0:38:51	0:06:35	2:37:13	0:04:14	1:42:11	rou	
b82a1625-c093-f011-b4cc-000d3a5b7c3b	536	Zachary Ergish	M	M40-44	50	5:09:06	0:28:10	0:06:06	2:50:22	0:02:52	1:41:37	BE	
78b89400-8837-4796-aafa-12b5ae9acdf6	537	Jelle Houtteman	M	M25-29	119	5:09:07	0:38:23	0:08:42	2:30:07	0:03:44	1:48:12	BEL	
d4ce3050-05c9-ef11-b8e8-6045bd088264	538	Kevin Knockaert	M	M30-34	112	5:09:10	0:43:15	0:07:34	2:32:48	0:03:33	1:41:59	BE	
0945ca4e-d375-ef11-a670-6045bd05c1dc	539	Marc-Oliver Marx	M	M35-39	92	5:09:24	0:39:02	0:06:06	2:32:28	0:04:12	1:47:36	deu	
e291bd58-bc6a-ef11-bfe3-6045bd0953ac	540	Kevin Volkmann	M	M40-44	51	5:09:26	0:40:40	0:05:52	2:33:39	0:05:15	1:44:01	DE	
d3df96d2-09bb-ef11-b8e8-000d3a5a403c	541	Kayla Halma	F	F25-29	6	5:09:27	0:38:20	0:04:40	2:36:32	0:03:23	1:46:33	nld	
0dffe32b-c17f-4074-b086-1ae671a858a9	542	Johan Vlastuin	M	M45-49	43	5:09:28	0:36:06	0:06:14	2:37:11	0:05:24	1:44:33	nld	
4f7a2602-6bc1-41eb-89e8-97035f160f99	543	Michael Marien	M	M45-49	44	5:09:34	0:40:18	0:09:07	2:30:20	0:03:26	1:46:23	BE	
01a52473-8c8d-ef11-ac21-000d3a338a3c	544	Jeroen Voet	M	M40-44	52	5:09:35	0:37:41	0:08:18	2:37:35	0:05:12	1:40:48	BE	
2607583e-be93-f011-b4cc-000d3a5cf7d8	545	Viktor Driesens	M	M25-29	120	5:09:37	0:43:01	0:06:13	2:39:39	0:03:15	1:37:30	BEL	
98679473-0794-f011-b4cc-6045bd09951e	546	Jarne Nijs	M	M18-24	65	5:09:40	0:38:28	0:08:21	2:36:34	0:05:13	1:41:04	BE	
6bc694e4-01ba-ef11-b8e8-000d3a5ae96c	547	Rob Stevens	M	M40-44	53	5:09:41	0:38:50	0:06:15	2:34:25	0:04:01	1:46:10	nld	
518869c0-d0c8-4105-80d3-f21d2c4f45aa	548	Felix Pöhland	M	M30-34	113	5:09:43	0:41:56	0:05:00	2:30:29	0:03:33	1:48:45	DE	
ab766b80-be93-f011-b4cc-000d3a5cf7d8	549	Cyrille Hourant	M	M30-34	114	5:09:43	0:37:48	0:08:28	2:35:57	0:03:40	1:43:50	BE	
40c6de53-dd93-f011-b4cc-6045bd05fcc1	550	Jonathan De Meulder	M	M30-34	115	5:09:45	0:39:18	0:05:55	2:32:15	0:03:13	1:49:05	BE	
89c73f93-e1c0-4796-8101-d6e21d1fa9e2	551	Valéry Goffart	M	M45-49	45	5:09:49	0:35:28	0:06:10	2:31:17	0:04:46	1:52:08	BE	
0ac34bec-b085-ef11-ac21-002248049fdc	552	Koen Vlasselaer	M	M45-49	46	5:09:49	0:38:53	0:04:48	2:31:15	0:03:44	1:51:09	bel	
36f887a3-d60a-4b28-8f5c-1dc2fae968e6	553	Louis De Plancke	M	M25-29	121	5:09:51	0:36:57	0:06:28	2:36:52	0:05:13	1:44:20	bel	
0ae46d24-5a9c-f011-b41c-000d3a3173b5	554	Rien De Meerleer	M	M30-34	116	5:09:53	0:37:23	0:05:21	2:32:05	0:03:55	1:51:09	BE	
619298e5-3495-424a-b1d6-381cdd2ae991	555	Matthew O Shea	M	M30-34	117	5:10:01	0:36:00	0:06:33	2:28:25	0:04:17	1:54:46	NL	
8708a4ec-d001-4188-8ebe-a105f79663b8	556	Kevin Lemaitre	M	M35-39	93	5:10:01	0:39:13	0:06:32	2:34:01	0:05:26	1:44:49	BE	
a0fcca1f-e975-ef11-a670-0022480ae005	557	Marica Cloetens	F	F25-29	7	5:10:02	0:33:06	0:04:03	2:37:28	0:02:53	1:52:32	BE	
18fbad1f-e8c6-4819-98b9-7a11a7165937	558	Michael Pearce	M	M40-44	54	5:10:09	0:31:00	0:04:44	2:32:45	0:05:28	1:56:13	irl	
dbf8ff10-7f6c-ef11-bfe3-6045bd0953ac	559	Ben Sandham	F	M40-44	55	5:10:12	0:40:48	0:05:53	2:37:50	0:05:15	1:40:26	gbr	
a2db7613-8294-f011-b4cc-000d3a3173b5	560	Maurice Hubert Berté	M	M25-29	122	5:10:24	0:36:38	0:06:15	2:30:08	0:05:05	1:52:18	LU	
19f73ae6-2388-f011-b4cc-6045bd05f634	561	Kevin Vervoort	M	M45-49	47	5:10:25	0:34:29	0:06:33	2:31:41	0:04:05	1:53:37	BE	
1c14ce13-c23e-4b0b-8a18-0a8af9acd38d	562	Kris Snoeijs	M	M40-44	56	5:10:29	0:40:08	0:07:33	2:31:34	0:03:40	1:47:34	bel	
e68154f5-f9a8-4fe2-a6bd-377e19e74d0f	563	Ruben Driessens	M	M25-29	123	5:10:31	0:42:04	0:05:03	2:41:47	0:03:24	1:38:14	BE	
dee761b6-f493-f011-b4cc-0022480a7385	564	Gilles Lisabeth	M	M25-29	124	5:10:33	0:37:03	0:06:20	2:38:00	0:03:55	1:45:16	BE	
f9b637de-8a3e-46ee-97bb-55a5e6a34a0b	565	Tara O'Rourke	F	F40-44	3	5:10:36	0:37:11	0:05:42	2:36:26	0:04:16	1:47:00	GB	
c0435181-13b1-4616-a465-ad51b25c457b	566	Nicolaas Van Bogaert	M	M45-49	48	5:10:37	0:39:48	0:07:44	2:32:23	0:05:39	1:45:03	bel	
6f7182cf-0f5c-49dc-beb1-22822d06fed5	567	Paul Tabbert	M	M30-34	118	5:10:38	0:38:48	0:06:43	2:36:43	0:02:56	1:45:28	DE	
22856555-c093-f011-b4cc-000d3a3173b5	568	Akke Lintermans	M	M18-24	66	5:10:41	0:40:12	0:06:40	2:36:55	0:03:48	1:43:06	BE	
afebb54d-bb93-f011-b4cc-000d3a5b50ba	569	Sofie Aerts	F	F25-29	8	5:10:42	0:44:26	0:06:23	2:42:21	0:03:16	1:34:16	bel	
a2f90624-ea04-4d38-af12-0839471d3297	570	Eline Giraud	F	F30-34	10	5:10:56	0:39:26	0:06:05	2:35:14	0:03:40	1:46:32	nld	
bd99ca1b-bf93-f011-b4cc-000d3a5b7c3b	571	Jeroen Maesen	M	M45-49	49	5:10:56	0:38:59	0:07:16	2:34:05	0:03:50	1:46:47	BE	
9848717a-34b7-ef11-b8e8-6045bd088264	572	Karel De Gheest	M	M35-39	94	5:10:57	0:37:06	0:06:42	2:36:43	0:05:32	1:44:53	bel	
17c4e341-dc93-f011-b4cc-000d3a5b50ba	573	Bastien Verhofstadt	M	M25-29	125	5:11:00	0:34:04	0:05:29	2:52:12	0:03:17	1:35:58	FRA	
e757ca0b-8d4d-4daa-b6d2-76dc3436d08f	574	Robin De Prez	M	M25-29	126	5:11:03	0:39:40	0:07:02	2:33:35	0:03:47	1:46:58	BE	
1c6a19b9-6652-ef11-a317-6045bd0953ac	575	Harman Uppal Singh	M	M30-34	119	5:11:04	0:40:37	0:06:05	2:41:58	0:04:25	1:37:58	nor	
7ec41abc-5276-4e5c-933f-c70b02a5dcbb	576	Rémy Kerckaert	M	M25-29	127	5:11:06	0:29:57	0:05:40	2:35:30	0:03:42	1:56:17	BE	
4b757068-6498-f011-b4cc-000d3a35ffc1	577	Kenzo De Sutter	M	M30-34	120	5:11:06	0:39:23	0:10:33	2:38:50	0:04:14	1:38:06	BE	
f1158685-c093-f011-b4cc-000d3a5b7c3b	578	Maximilien de Cartier	M	M25-29	128	5:11:08	0:39:22	0:06:06	2:31:15	0:03:48	1:50:36	BE	
c4519ec8-8bc7-ef11-b8e8-000d3a5a403c	579	Jean Duhin	M	M25-29	129	5:11:16	0:35:49	0:05:24	2:40:07	0:02:54	1:47:02	bel	
76514436-41f1-4ac7-86ed-9fa5ab6714c2	580	Michiel Van De Steen	M	M18-24	67	5:11:23	0:39:29	0:06:29	2:34:58	0:05:00	1:45:28	BE	
c94415da-be93-f011-b4cc-6045bd09951e	581	Ben Apers	M	M35-39	95	5:11:25	0:37:45	0:06:29	2:38:39	0:04:18	1:44:14	BE	
7b6bc66a-1171-4c5d-8ffa-c2fc374f8861	582	Kris Van De Vorst	M	M40-44	57	5:11:26	0:37:00	0:05:45	2:40:54	0:03:14	1:44:33	BE	
0388d863-c2ea-ef11-8eea-002248049fdc	583	karl halom	M	M35-39	96	5:11:27	0:39:27	0:04:46	2:36:21	0:04:05	1:46:48	GB	
a7429c27-4d00-f011-bae2-6045bd05f634	584	Koen Eeckhout	M	M45-49	50	5:11:27	0:37:12	0:04:07	2:36:02	0:03:00	1:51:08	BE	
95b39b75-ab75-ef11-a670-6045bd068c5b	585	Robin Dewitte	M	M18-24	68	5:11:40	0:37:54	0:07:10	2:31:52	0:04:29	1:50:16	BE	
7c5d8973-dd7d-457b-9294-7ea32b2dc8ed	586	Christian Siegel	M	M45-49	51	5:11:42	0:40:44	0:06:41	2:30:39	0:04:06	1:49:31	lux	
3f0364f7-bd93-f011-b4cb-002248098cfa	587	Jonas Bracké	M	M30-34	121	5:11:42	0:43:45	0:05:35	2:37:51	0:02:55	1:41:36	BE	
6a912b13-a69e-ef11-8a6a-000d3a59a9a1	588	Arne Reubens	M	M18-24	69	5:11:43	0:36:48	0:05:49	2:36:03	0:05:36	1:47:27	BE	
879a6204-6741-ec11-8c62-002248098bd6	589	Tom Simons	M	M35-39	97	5:11:44	0:36:24	0:05:44	2:31:02	0:03:33	1:55:01	nld	
357dba35-1097-f011-b4cc-000d3a5b7c3b	590	Yannick Müller	M	M30-34	122	5:11:48	0:37:44	0:05:59	2:48:12	0:03:52	1:36:01	che	
9a86123d-c493-f011-b4cc-000d3a5b50ba	591	Lennert Steelandt	M	M25-29	130	5:11:53	0:31:56	0:04:25	2:40:12	0:02:58	1:52:22	BE	
5640229f-0c7f-496c-939c-dcf2c5070031	592	Thibault Henry	M	M25-29	131	5:11:53	0:36:08	0:07:37	2:39:02	0:04:12	1:44:54	fra	
930879ea-99f7-4874-b29f-8efb6ce544cb	593	Jonas Deyne	M	M45-49	52	5:11:54	0:45:46	0:05:32	2:28:30	0:04:04	1:48:02	BE	
f910d0fc-d496-f011-b4cc-000d3a3173b5	594	Kristoff Wienen	M	M40-44	58	5:11:58	0:39:02	0:08:43	2:27:31	0:04:51	1:51:51	BE	
d1da88bc-74b2-47b6-9d86-8eaa5cdabcd6	595	Sinaii Kiveryn	F	F30-34	11	5:12:01	0:38:42	0:05:23	2:36:56	0:04:13	1:46:47	bel	
3bc4b8b4-c793-f011-b4cc-000d3a5cf7d8	596	Jyrki Franssens	M	M35-39	98	5:12:04	0:41:44	0:05:37	2:38:30	0:03:14	1:42:59	BE	
6c3462db-2069-ef11-bfe3-6045bd0953ac	597	Sophia Druffel	F	F30-34	12	5:12:05	0:36:21	0:04:41	2:37:40	0:03:27	1:49:56	deu	
e334ac96-96c2-ee11-9079-6045bd0158c4	598	Jonathan Rial	M	M45-49	53	5:12:07	0:36:14	0:04:52	2:39:08	0:02:53	1:49:00	GB	
35712063-d793-f011-b4cc-000d3a35ffc1	599	filip parmentier	M	M50-54	18	5:12:09	0:39:31	0:05:24	2:47:43	0:04:46	1:34:45	BE	
24be3d16-c279-ee11-8179-000d3a314c24	600	Matthias Gabriel	M	M35-39	99	5:12:11	0:40:50	0:06:39	2:34:56	0:03:58	1:45:48	BEL	
351a4ce6-649d-f011-b41c-000d3a5b7c3b	601	Neo Stoffyn	M	M18-24	70	5:12:11	0:36:16	0:06:02	2:36:40	0:04:00	1:49:14	BE	
724ed64a-2012-4d56-879a-f820c7344109	602	Andy Newham	M	M50-54	19	5:12:13	0:43:18	0:07:37	2:30:00	0:04:15	1:47:04	GB	
0aed0aa5-b4d8-ef11-8ee9-6045bd018d16	603	Leopold Detienne	M	M18-24	71	5:12:19	0:35:41	0:05:58	2:44:17	0:04:17	1:42:06	BE	
b28a47fb-bd93-f011-b4cc-000d3a5b50ba	604	Lucas Costermans	M	M18-24	72	5:12:20	0:36:58	0:06:36	2:37:31	0:06:11	1:45:04	BE	
c5d3c6e6-c293-f011-b4cc-6045bd05f634	605	Thomas Brullot	M	M25-29	132	5:12:20	0:39:50	0:05:49	2:36:30	0:06:36	1:43:37	BE	
382758f5-d402-4d96-9c3f-b7312a53096b	606	Bram De Witte	M	M25-29	133	5:12:21	0:38:44	0:07:01	2:40:55	0:04:19	1:41:23	BE	
44c2e93a-339a-f011-b4cc-000d3a3173b5	607	Bert Sarazijn	M	M25-29	134	5:12:24	0:43:25	0:08:18	2:31:03	0:03:56	1:45:42	BE	
f321f3b9-9008-4555-82b2-5bb2001c20b5	608	Sophie Roelandts-Christiaens	F	F35-39	8	5:12:33	0:37:20	0:05:39	2:48:30	0:03:58	1:37:05	BE	
040dab54-a657-4f54-9be1-1b0983659e03	609	Jonathan Kopra	M	M35-39	100	5:12:33	0:37:27	0:06:06	2:25:49	0:04:52	1:58:19	GB	
2c3e94ea-a06e-ef11-a671-6045bd0953ac	610	Pierre-Louis Dollé	M	M25-29	135	5:12:36	0:38:29	0:06:02	2:31:38	0:04:42	1:51:44	FR	
ec3e6231-6c30-451e-aac3-a4716ed47688	611	Olivier Vanbastelaer	M	M55-59	12	5:12:37	0:40:49	0:09:27	2:37:22	0:03:28	1:41:32	bel	
8e408843-d9a1-ef11-8a69-6045bd018d16	612	Vincent Meyers	M	M25-29	136	5:12:38	0:41:36	0:07:52	2:32:18	0:04:50	1:46:02	BE	
70a6518e-3b9d-f011-b41b-000d3a5a5dc2	613	Nicolas Demey	M	M25-29	137	5:12:41	0:30:47	0:06:49	2:40:14	0:04:48	1:50:03	BE	
ee10a933-c9b5-4223-9b7f-59e72d84673f	614	Alexandre Natalis	M	M35-39	101	5:12:44	0:35:36	0:04:08	2:44:54	0:03:00	1:45:07	Unknown	
d69262de-c113-ef11-9f8a-6045bd012ace	615	Freddy Fernandez	M	M55-59	13	5:12:47	0:48:55	0:07:11	2:32:51	0:05:21	1:38:29	BE	
b5ea26f2-d81e-4151-8540-4d56867077d5	616	Ruben Degraeve	M	M35-39	102	5:12:49	0:36:47	0:07:07	2:34:55	0:03:36	1:50:24	BE	
01e97317-c493-f011-b4cb-6045bd0a1bec	617	Sebert Dirix	M	M30-34	123	5:12:50	0:35:45	0:07:34	2:37:55	0:05:14	1:46:21	bel	
2ac89788-3999-f011-b4cc-000d3a5b50ba	618	Emma Heyerick	F	F18-24	5	5:12:51	0:36:12	0:07:14	2:46:04	0:03:06	1:40:15	bel	
be83818f-be93-f011-b4cc-000d3a3173b5	619	Brent Goubert	M	M18-24	73	5:12:57	0:40:55	0:05:55	2:35:23	0:03:29	1:47:15	BE	
2d113f44-e695-4f05-a0fe-be1d03cf2df7	620	Gunther Himbrecht	M	M55-59	14	5:13:12	0:34:39	0:05:55	2:36:09	0:05:37	1:50:53	bel	
ca420103-9421-f011-8c4c-00224809547a	621	Lander Peeters	M	M35-39	103	5:13:13	0:37:42	0:06:44	2:29:24	0:03:03	1:56:20	bel	
6c4cf4aa-aa93-f011-b4cc-000d3a5b7c3b	622	Florian Evarist Ibald	M	M25-29	138	5:13:13	0:38:50	0:04:54	2:35:54	0:02:39	1:50:55	DEU	
b561c8e8-bd93-f011-b4cc-000d3a5b7c3b	623	Sem Nooij	M	M30-34	124	5:13:13	0:37:38	0:07:32	2:45:53	0:04:03	1:38:07	NL	
0ed56ee2-fe37-ed11-9db0-002248086333	624	Yarne De Wolf	M	M25-29	139	5:13:16	0:36:30	0:06:15	2:43:59	0:03:32	1:43:01	bel	
4e0eefd3-0cd7-ef11-8ee9-000d3a592251	625	Michaël Geerts	M	M35-39	104	5:13:19	0:38:52	0:07:15	2:34:37	0:05:37	1:46:57	BE	
9b351fa9-0e6b-f011-bec2-0022480c097c	626	Baptiste Roussel	M	M30-34	125	5:13:23	0:39:10	0:06:29	2:29:47	0:04:50	1:53:07	BEL	
df9cd4b0-db93-f011-b4cb-6045bd0a1bec	627	Carl Pringiers	M	M18-24	74	5:13:23	0:45:00	0:05:57	2:39:13	0:04:02	1:39:12	BE	
9accb08e-e493-f011-b4cc-000d3a35ffc1	628	Adelin Massart	M	M25-29	140	5:13:24	0:34:12	0:08:30	2:40:18	0:03:50	1:46:34	bel	
2465f8e9-3f55-ef11-a316-00224808301f	629	Stijn Audenaert	M	M30-34	126	5:13:25	0:43:57	0:07:08	2:52:04	0:06:23	1:23:52	BE	
2bc372d1-d893-f011-b4cc-6045bd09951e	630	Ewout Ostyn	M	M18-24	75	5:13:25	0:41:35	0:06:08	2:34:30	0:05:27	1:45:46	BE	
17294365-6c8d-f011-b4cc-000d3a5b50ba	631	Alexi Clerc	M	M18-24	76	5:13:25	0:41:14	0:05:14	2:31:07	0:04:37	1:51:13	fra	
d048af6a-f26d-f011-bec3-6045bd05fcc1	632	Joris Kuiper	M	M25-29	141	5:13:28	0:38:40	0:05:52	2:31:09	0:04:31	1:53:17	NL	
788af819-2fac-ef11-b8e9-000d3a30152c	633	Anton Speleers	M	M25-29	142	5:13:32	0:35:22	0:06:03	2:33:04	0:04:50	1:54:12	BE	
922fb87f-7097-f011-b4cc-6045bd05fcc1	634	Jean-Baptiste Colpaert	M	M25-29	143	5:13:33	0:37:03	0:05:07	2:48:04	0:03:41	1:39:38	BE	
a0df7f07-be93-f011-b4cc-000d3a5b50ba	635	Félicien Vandevelde	M	M18-24	77	5:13:34	0:39:39	0:05:34	2:37:10	0:03:31	1:47:41	BE	
bf7a71cc-bc5c-f011-bec2-6045bd05f634	636	Marvin Hallmann	M	M25-29	144	5:13:36	0:43:00	0:05:14	2:40:16	0:03:34	1:41:32	DE	
2d2935d5-6494-ee11-be37-000d3a314d17	637	Dominique Coopman	M	M45-49	54	5:13:37	0:35:42	0:06:15	2:38:52	0:03:30	1:49:18	BEL	
2c8bb197-b797-4acd-a3dc-24db0ade0920	638	Benjamin Ring	M	M40-44	59	5:13:38	0:39:47	0:05:22	2:45:11	0:03:52	1:39:26	deu	
3ec97986-0b84-ef11-ac21-000d3a5a1803	639	Luka Herrygers	M	M18-24	78	5:13:50	0:38:05	0:06:32	2:41:07	0:03:33	1:44:33	bel	
d7d1643f-17bb-4b45-bd2b-ca5c87a64400	640	Laurens Boonen	M	M30-34	127	5:13:51	0:40:01	0:07:06	2:32:58	0:03:56	1:49:50	BE	
68f98819-bf93-f011-b4cc-6045bd05fcc1	641	Louis Boval	M	M30-34	128	5:13:57	0:42:21	0:07:17	2:31:54	0:03:58	1:48:27	BE	
d717a9bc-a784-ef11-ac21-000d3a5a1803	642	Bart De Bie	M	M45-49	55	5:13:57	0:41:47	0:06:31	2:34:33	0:03:56	1:47:09	BE	
ac565b6f-1d09-4ec3-9bb0-6a07a3533010	643	Albert Wolthuis	M	M50-54	20	5:14:00	0:39:56	0:07:41	2:32:33	0:04:05	1:49:45	BE	
d93de7f6-28b9-4075-a5eb-018acb91efd8	644	Koen De Clercq	M	M60-64	5	5:14:02	0:44:00	0:06:46	2:37:27	0:03:43	1:42:05	Unknown	
98656608-be93-f011-b4cc-000d3a5cf7d8	645	Timothy Hermie	M	M30-34	129	5:14:11	0:39:30	0:06:43	2:40:43	0:03:30	1:43:44	bel	
98ab4ef4-b150-ee11-be6f-000d3a314329	646	Lars Vlyminckx	M	M25-29	145	5:14:11	0:37:59	0:08:16	2:40:13	0:04:27	1:43:16	BE	
a5430a97-1aa8-ef11-b8e9-002248049fdc	647	Joppe Baert	M	M18-24	79	5:14:14	0:36:50	0:05:27	2:39:49	0:03:32	1:48:37	BE	
95e4a278-8a93-f011-b4cc-000d3a5cf7d8	648	Jo Cruyt	M	M30-34	130	5:14:24	0:36:50	0:08:15	2:44:07	0:05:05	1:40:07	BE	
9f0834b1-f60b-4ba0-9d9a-bf17e922175c	649	Mathieu Normand	M	M40-44	60	5:14:28	0:37:49	0:05:39	2:46:09	0:03:30	1:41:21	fra	
0b4bf1ab-bee0-ef11-8eea-000d3a5a1803	650	Sam Turner	M	M30-34	131	5:14:28	0:36:56	0:06:12	2:42:57	0:04:14	1:44:08	GB	
6e1c54ef-7f9a-4c15-aa46-393ebbd36fd2	651	William Hauw	M	M35-39	105	5:14:30	0:39:58	0:07:47	2:37:14	0:04:54	1:44:36	FR	
0a1cbe9e-de93-f011-b4cc-000d3a5b7c3b	652	Floriaan Van den Bergh	M	M25-29	146	5:14:35	0:31:38	0:06:14	2:39:07	0:05:06	1:52:29	BE	
a561e2b5-7294-f011-b4cc-000d3a5cf7d8	653	Anthony Leroy	M	M25-29	147	5:14:43	0:39:30	0:06:56	2:46:35	0:03:14	1:38:27	BE	
23fd8a91-6396-f011-b4cc-6045bd05f634	654	Thomas Berben	M	M30-34	132	5:14:44	0:37:25	0:05:40	2:37:34	0:03:21	1:50:43	CH	
22665429-c9fa-4d1b-8976-127b131bdb16	655	Janosch Fagaschewski	M	M40-44	61	5:14:47	0:43:32	0:07:12	2:35:13	0:06:22	1:42:28	DE	
f656be52-f69c-ef11-8a6a-6045bd048089	656	Tamas Verhoest	M	M30-34	133	5:14:47	0:35:49	0:05:43	2:40:55	0:02:49	1:49:30	bel	
1dbdd76c-e8c3-ef11-b8e9-000d3a5a1803	657	Katri Tanni	F	F45-49	1	5:14:51	0:33:46	0:05:45	2:39:46	0:04:00	1:51:34	FI	
41333fb4-a4a6-ef11-8a6a-002248049fdc	658	Emil Tuan Henriksen	M	M25-29	148	5:14:53	0:41:48	0:05:30	2:34:10	0:04:11	1:49:14	dnk	
2a56dfce-e479-ef11-a670-000d3a5b3d07	659	Kristof Lambert	M	M45-49	56	5:14:53	0:39:11	0:06:40	2:35:53	0:03:57	1:49:13	bel	
c1c0a86f-6bb2-48c3-984f-54f620d589df	660	Gaëtan De Smet	M	M55-59	15	5:14:55	0:32:40	0:06:32	2:45:12	0:04:25	1:46:06	BE	
c4109648-d293-f011-b4cc-6045bd05f634	661	Anthony Peeters	M	M30-34	134	5:14:59	0:47:34	0:09:46	2:33:52	0:05:37	1:38:10	bel	
3310c3ee-bd93-f011-b4cc-000d3a5b7c3b	662	jonas van peteghem	M	M25-29	149	5:15:01	0:37:05	0:07:38	2:39:45	0:03:47	1:46:45	BE	
cc35c0a4-c4ed-495b-b7f7-70e2da775f08	663	Victoria Waight	F	F35-39	9	5:15:03	0:34:44	0:04:58	2:40:35	0:04:19	1:50:27	gbr	
496f294e-67b6-ef11-b8e8-6045bd018d16	664	Ilian Maes	M	M18-24	80	5:15:03	0:38:04	0:06:04	2:41:59	0:03:35	1:45:20	bel	
e4460658-2897-f011-b4cc-002248098cfa	665	JEROME WARNANT	M	M40-44	62	5:15:07	0:37:43	0:04:55	2:36:48	0:04:30	1:51:11	BE	
0e43421a-1cef-46d9-b772-11b30b46c166	666	Koen Zang	M	M50-54	21	5:15:19	0:39:05	0:08:35	2:30:24	0:07:11	1:50:04	bel	
834d1aec-c593-f011-b4cc-000d3a5b7c3b	667	Bavo Vanhoeyvelt	M	M45-49	57	5:15:26	0:35:24	0:07:03	2:51:19	0:03:35	1:38:05	BE	
b17b18b6-9173-ef11-a671-000d3a371e3b	668	Gijs Van Iwaarden	M	M18-24	81	5:15:27	0:40:52	0:06:35	2:42:51	0:02:52	1:42:17	nld	
3a1d2606-be93-f011-b4cc-0022480a7385	669	Alexander Vantyghem	M	M30-34	135	5:15:34	0:38:26	0:07:24	2:35:04	0:05:13	1:49:27	BE	
a72867ca-8b97-f011-b4cb-6045bd075f42	670	Frida Nyberg	F	F35-39	10	5:15:35	0:30:21	0:05:38	2:46:09	0:03:19	1:50:07	NL	
c637ca9d-c59a-f011-b4cc-6045bd09951e	671	Arnaud Leduc	M	M25-29	150	5:15:38	0:36:31	0:07:19	2:51:12	0:03:06	1:37:29	BE	
e280b75a-1620-4e25-800c-764dd5bb5ec4	672	Peter Holvoet	M	M40-44	63	5:15:39	0:36:24	0:11:15	2:46:21	0:07:32	1:34:07	bel	
0c45170d-da6f-f011-bec3-6045bd05fcc1	673	Jo Smolders	M	M30-34	136	5:15:41	0:42:02	0:08:20	2:38:49	0:04:40	1:41:50	BE	
fa5d68d4-3f70-ef11-a671-00224808301f	674	Emeline Vanhyfte	F	F25-29	9	5:15:44	0:33:23	0:05:13	2:40:35	0:04:14	1:52:18	BE	
5e5f5917-c83b-ef11-8409-6045bd0953ac	675	Alexander Vandeplassche	M	M18-24	82	5:15:49	0:34:32	0:06:47	2:35:38	0:05:20	1:53:33	BE	
87a99cac-d393-f011-b4cb-6045bd0a1bec	676	Cedric Manhaeve	M	M30-34	137	5:15:54	0:40:15	0:07:57	2:35:22	0:04:23	1:47:57	BE	
d64e2ed4-fa93-f011-b4cc-000d3a5cf7d8	677	Thomas Thijs	M	M25-29	151	5:15:58	0:26:05	0:06:24	2:27:53	0:05:11	2:10:25	BE	
f14a6587-e39d-f011-b41c-000d3a5cf7d8	678	Kenneth Vanholst	M	M30-34	138	5:15:58	0:35:39	0:06:24	2:38:07	0:03:28	1:52:21	BE	
9cdfbd7f-f393-f011-b4cc-000d3a5b7c3b	679	Toby Hill	M	M35-39	106	5:16:02	0:39:38	0:05:51	2:41:37	0:04:17	1:44:39	GB	
9ef3df30-c093-f011-b4cc-000d3a3173b5	680	Louis Laga	M	M35-39	107	5:16:07	0:42:01	0:08:17	2:29:49	0:06:33	1:49:27	BE	
78056940-ed63-f011-bec1-6045bd007ee2	681	Jordy Schabregs	M	M30-34	139	5:16:11	0:38:52	0:05:58	2:33:28	0:04:26	1:53:27	BE	
b2d6e725-4162-f011-bec3-000d3a5b50ba	682	Dries Van Steelandt	M	M30-34	140	5:16:12	0:42:35	0:06:46	2:45:43	0:04:24	1:36:45	BE	
bd064aff-a798-f011-b4cc-6045bd05f634	683	Andres Verkinderen	M	M25-29	152	5:16:18	0:45:15	0:08:52	2:36:02	0:04:06	1:42:04	BE	
0186dac2-9135-f011-8c4e-000d3a5b50ba	684	Valerie Cesar	F	F40-44	4	5:16:19	0:39:08	0:07:03	2:36:00	0:04:12	1:49:55	BE	
899b3aef-ca63-4972-86d9-ad420bdb37f7	685	Philip Ryan	M	M45-49	58	5:16:21	0:40:48	0:08:16	2:43:27	0:07:31	1:36:18	IE	
803ed3b1-c493-f011-b4cc-000d3a3173b5	686	Kevin Beyens	M	M40-44	64	5:16:25	0:45:14	0:07:54	2:31:43	0:04:32	1:47:02	BE	
d1bf5854-12c6-47d0-94cf-0133e678ce4f	687	Laszlo Szucs	M	M45-49	59	5:16:27	0:42:11	0:06:57	2:45:00	0:03:41	1:38:38	rou	
a572e4c0-1522-451f-b207-112cd9ae4000	688	Hubert Waterinckx	M	M40-44	65	5:16:29	0:38:12	0:08:11	2:45:26	0:05:12	1:39:27	Burundi	
e28bc8b1-74fd-ef11-bae2-6045bd085172	689	Pieter Ginckels	M	M40-44	66	5:16:30	0:41:43	0:07:37	2:28:45	0:05:13	1:53:12	BE	
485e334e-c06a-467b-9868-ff0405fe7904	690	Christophe Allo	M	M50-54	22	5:16:30	0:38:17	0:07:06	2:46:54	0:04:35	1:39:38	Unknown	
3973136a-d05f-4117-92d8-db87b1a87c96	691	Tom Hofman	M	M30-34	141	5:16:35	0:39:18	0:05:25	2:46:01	0:04:51	1:40:59	BE	
04b3cddc-319b-f011-b4cc-000d3a3173b5	692	Maxim Donné	M	M30-34	142	5:16:40	0:42:27	0:07:11	2:39:55	0:04:48	1:42:18	BE	
a573e97f-dd93-f011-b4cc-0022480c097c	693	Frederick Ryan Wallace	M	M25-29	153	5:16:43	0:37:43	0:06:51	2:36:16	0:05:27	1:50:26	BE	
097fcf89-be93-f011-b4cc-0022480a7385	694	Adrien DANIEL	M	M30-34	143	5:16:45	0:36:15	0:05:36	2:44:16	0:04:43	1:45:55	FR	
73eeb8e4-0205-f011-bae2-000d3a5b50ba	695	Lawrence Verbeeck	M	M25-29	154	5:16:48	0:40:29	0:06:35	2:41:50	0:04:10	1:43:43	BE	
8961d38e-b775-ef11-a670-6045bd05c1dc	696	Maarten Daelemans	M	M25-29	155	5:16:49	0:36:38	0:07:19	2:30:47	0:04:22	1:57:43	BE	
9cd8ee9f-613c-474b-a8af-232de0e817c2	697	Callum Woodward	M	M35-39	108	5:16:51	0:32:28	0:07:12	2:41:47	0:04:43	1:50:41	GB	
b1cfcae9-bd93-f011-b4cc-0022480c097c	698	Wietse Vandebril	M	M18-24	83	5:17:01	0:41:59	0:09:35	2:41:04	0:04:10	1:40:12	BE	
91dc03bd-5d21-4321-91f8-6a6150875d99	699	Constantin Wagner	M	M25-29	156	5:17:11	0:40:55	0:06:24	2:31:11	0:03:02	1:55:39	DE	
1c687a1e-f932-ee11-bdf3-000d3a314c24	700	Yorick Hladki	F	M35-39	109	5:17:13	0:39:46	0:04:31	2:39:24	0:04:30	1:49:03	bel	
c42ce0fd-36df-ef11-8eea-6045bd088264	701	Jef Van den Dries	M	M18-24	84	5:17:14	0:40:34	0:06:01	2:41:38	0:03:07	1:45:55	bel	
356148b8-2997-f011-b4cc-000d3a35ffc1	702	Guillaume Jacques	M	M35-39	110	5:17:16	0:35:55	0:05:21	2:46:38	0:02:46	1:46:37	IT	
d9a3f039-a2f9-4c27-901f-b3ea026b7f22	703	Joris Lietar	M	M30-34	144	5:17:16	0:41:18	0:06:14	2:47:05	0:04:10	1:38:28	BE	
65078724-2c66-f011-bec3-6045bd09951e	704	Johan Hakir	M	M30-34	145	5:17:18	0:38:24	0:05:44	2:38:46	0:02:46	1:51:39	Unknown	
6436b457-129a-f011-b4cb-7ced8d70c1af	705	Nico Wendt	M	M30-34	146	5:17:18	0:34:25	0:07:01	2:48:02	0:04:38	1:43:11	DE	
5fb128cd-f193-f011-b4cc-000d3a3173b5	706	Joel Luiz	M	M25-29	157	5:17:19	0:34:35	0:06:13	3:00:43	0:04:33	1:31:16	GB	
69a5b68a-d893-f011-b4cc-000d3a5b7c3b	707	Hendrik-Jan Vandepoel	M	M18-24	85	5:17:22	0:30:24	0:05:48	2:42:07	0:04:19	1:54:45	BE	
a2cd7443-36b9-ef11-b8e9-000d3a5a1803	708	Lisa De Wolf	F	F25-29	10	5:17:25	0:38:48	0:06:45	2:40:33	0:04:19	1:47:00	BE	
0d151dc5-c148-4a80-a9cd-94ff01e49feb	709	Gaetan Valcke	M	M35-39	111	5:17:34	0:40:46	0:08:13	2:35:59	0:05:43	1:46:53	BE	
7e319a13-62d6-ef11-8ee9-6045bd088264	710	Romain Foncier	M	M40-44	67	5:17:35	0:42:27	0:06:30	2:40:07	0:03:31	1:44:59	BE	
1266f282-2474-f011-bec2-0022480a7385	711	gilles Van de Steene	M	M30-34	147	5:17:36	0:45:45	0:07:08	2:33:40	0:04:13	1:46:51	BE	
c3c57cb7-8677-4fbb-9f47-200a47b364b8	712	Catalin Stan	M	M40-44	68	5:17:39	0:33:59	0:05:47	2:37:50	0:03:56	1:56:07	RO	
030ae311-a72c-40e3-afc7-1546c7ae775d	713	Maarten Jespers	M	M35-39	112	5:17:40	0:39:02	0:09:12	2:35:02	0:03:46	1:50:37	BE	
6db14e80-b92c-4361-ae3f-489558a61074	714	Francesco Thiel	M	M35-39	113	5:17:45	0:41:57	0:08:23	2:33:20	0:05:23	1:48:41	CH	
c91a1491-9d3f-f011-b4ca-000d3a5b7c3b	715	Paul vdB		M40-44	69	5:17:46	0:35:48	0:08:55	2:41:26	0:05:39	1:45:57	NL	
d6b2836c-c1d1-ef11-8eea-002248049fdc	716	Nick Bansemer	M	M25-29	158	5:17:46	0:43:34	0:05:52	2:38:28	0:03:33	1:46:20	DE	
ef4fcdfc-8cbb-ef11-b8e9-002248049fdc	717	Laurens Sys	M	M25-29	159	5:17:47	0:38:49	0:06:12	2:44:21	0:04:21	1:44:05	bel	
5c033ab3-c793-f011-b4cc-0022480c097c	718	Maxime Decuypere	M	M18-24	86	5:17:50	0:32:38	0:07:57	2:46:10	0:03:29	1:47:35	BE	
4f505311-fc9d-f011-b41c-000d3a5b50ba	719	Nicolas De Smaele	M	M40-44	70	5:17:52	0:42:23	0:07:47	2:44:41	0:04:13	1:38:47	BE	
57a1ead1-ba75-ef11-a670-6045bd05c1dc	720	Eva van den Hurk	F	F25-29	11	5:17:54	0:42:20	0:07:05	2:42:37	0:05:20	1:40:33	nld	
183e55b6-29ee-499e-be7f-3777a763d528	721	Andrea Roex-Van Rumpt	F	F35-39	11	5:18:04	0:36:56	0:06:24	2:38:58	0:04:11	1:51:35	nld	
519a48ad-8fd2-46d0-be61-77fe1b8ad6bc	722	Carolina Agerbæk	F	F18-24	6	5:18:09	0:34:02	0:05:16	2:43:26	0:03:18	1:52:07	DK	
b8ca8f8b-e7ca-4ad0-b719-92767095c6a3	723	Louis Kerckhof	M	M30-34	148	5:18:13	0:34:56	0:07:13	2:36:35	0:04:09	1:55:19	BE	
fc5ac559-b975-ef11-a670-0022480ae005	724	Simon Veys	M	M30-34	149	5:18:13	0:43:25	0:13:36	2:36:34	0:08:37	1:36:01	bel	
1065f4b6-bd93-f011-b4cc-6045bd09951e	725	Vincent Schroyen	M	M30-34	150	5:18:13	0:35:51	0:06:33	2:36:51	0:04:22	1:54:37	BE	
78dd4be0-0a97-f011-b4cc-000d3a5cf7d8	726	Adrian Handle	M	M30-34	151	5:18:14	0:39:56	0:07:07	2:34:42	0:04:43	1:51:46	AT	
e17973e6-fb96-f011-b4cc-002248098cfa	727	Nikolas Marcuzi	M	M30-34	152	5:18:14	0:39:07	0:07:52	2:33:27	0:05:47	1:52:00	AT	
cd6470ad-cf42-4623-ae12-e3c7fae5b155	728	Marc De Jong	M	M30-34	153	5:18:15	0:41:44	0:07:41	2:44:13	0:03:44	1:40:53	NL	
f8c595f1-0090-f011-b4cc-000d3a5b50ba	729	Stephan Vijverberg	M	M30-34	154	5:18:16	0:39:53	0:08:36	2:36:49	0:03:56	1:49:01	NL	
e7942c7f-a55f-47a7-8100-7dd2d4c3c8c5	730	Damien Delhaes	M	M45-49	60	5:18:16	0:40:48	0:06:53	2:43:30	0:04:03	1:43:01	BE	
833fb6f1-bd93-f011-b4cc-6045bd05fcc1	731	Léo DE SAINT GERMAIN	M	M25-29	160	5:18:22	0:39:22	0:10:30	2:42:12	0:04:36	1:41:41	fra	
21d9c867-d02d-f011-8c4d-6045bd09951e	732	Emma Merchiers	F	F25-29	12	5:18:23	0:39:58	0:05:50	2:45:09	0:03:15	1:44:12	BE	
beafe533-be93-f011-b4cc-6045bd05fcc1	733	Wannes Hemelsoet	M	M25-29	161	5:18:28	0:40:54	0:08:19	2:32:22	0:04:49	1:52:03	bel	
e7b7c5e3-3212-4676-8e15-5fd1c38b27df	734	Manon Peters	F	F40-44	5	5:18:45	0:45:25	0:04:00	2:42:34	0:03:04	1:43:42	Germany	
fde2f465-bf67-f011-bec3-000d3a3173b5	735	Floor Van Eyck	F	F18-24	7	5:18:45	0:38:43	0:06:26	2:41:57	0:03:50	1:47:49	bel	
832b61af-a494-f011-b4cb-002248098cfa	736	Hugo Stokman	M	M18-24	87	5:18:49	0:44:08	0:08:55	2:43:01	0:04:03	1:38:42	nld	
24c55260-8c94-f011-b4cc-6045bd09951e	737	LUCAS TEMOINS	M	M18-24	88	5:18:52	0:37:39	0:06:15	2:46:21	0:04:43	1:43:54	FR	
e740db46-c393-f011-b4cc-6045bd09951e	738	Paula Giesen	F	F25-29	13	5:18:53	0:41:00	0:05:27	2:37:19	0:04:12	1:50:55	DE	
e6a101c6-3847-443e-89e2-d709ef9e0f64	739	Philippe Berben	M	M35-39	114	5:18:53	0:37:35	0:06:47	2:46:14	0:04:25	1:43:52	CH	
57a2095f-facb-4564-bf5d-1380c4a84a0f	740	Ori Brunner	M	M25-29	162	5:18:54	0:36:44	0:05:25	2:53:32	0:03:13	1:40:00	GB	
3889d8ac-1cd8-ef11-8eea-002248049fdc	741	Maxim Marchal	M	M30-34	155	5:18:57	0:37:22	0:05:55	2:44:02	0:04:13	1:47:23	NL	
a97f87b0-0897-f011-b4cc-6045bd09951e	742	Lars Geenen	M	M30-34	156	5:19:01	0:42:17	0:07:08	2:41:16	0:05:20	1:43:00	NL	
7501b0af-57b9-472b-8610-fe506f390661	743	Matthias Vanhees	M	M40-44	71	5:19:05	0:42:59	0:06:39	2:37:41	0:05:28	1:46:17	BE	
a0a0dd23-a7fd-4644-9c22-de9b592b1be8	744	Michaël Vannieuwenhuyze	M	M45-49	61	5:19:07	0:37:47	0:09:45	2:31:27	0:06:21	1:53:48	BE	
b0a3cd1b-4b95-4a64-805c-e7cf049ce4f0	745	Alexis Sion	M	M25-29	163	5:19:09	0:35:58	0:07:11	2:39:04	0:06:41	1:50:16	FR	
9c5b8721-3765-ef11-bfe3-000d3a371e3b	746	Julien De Maere	M	M45-49	62	5:19:11	0:37:40	0:06:50	2:30:20	0:04:17	2:00:03	BE	
701f74a2-fd5f-ef11-bfe3-00224809fd7c	747	Daniel Helber	M	M35-39	115	5:19:15	0:44:46	0:06:55	2:28:59	0:04:19	1:54:17	deu	
14473620-c09a-f011-b4cc-6045bd05fcc1	748	Sarah Peterson-Hill	F	F35-39	12	5:19:19	0:39:33	0:05:31	2:57:06	0:03:21	1:33:49	GB	
524f1556-8278-4119-be92-68b28a6dc99e	749	Robin Simonis	M	M25-29	164	5:19:20	0:41:57	0:06:48	2:37:30	0:05:46	1:47:18	BE	
65c69c92-b467-f011-bec3-000d3a3173b5	750	Lianne Kattevilder	F	F25-29	14	5:19:22	0:40:29	0:08:14	2:47:42	0:05:08	1:37:49		
c9cd0241-0e9b-f011-b4cc-000d3a35ffc1	751	Frederique Driesen	M	M30-34	157	5:19:27	0:35:28	0:08:30	2:46:28	0:04:51	1:44:11	BE	
22037c35-e580-ef11-ac21-000d3a595b58	752	Evert Vermeire	M	M40-44	72	5:19:27	0:35:47	0:06:16	2:39:32	0:04:54	1:52:58	BE	
8a566eff-01a0-45c7-88e4-07b8dedf16f1	753	Kevin Janssens	M	M35-39	116	5:19:38	0:38:53	0:05:25	2:40:04	0:03:18	1:51:59	BE	
5ebbb0e0-75d7-ef11-8eea-000d3a5a1803	754	Lukas Vanbecelaere	M	M30-34	158	5:19:39	0:37:42	0:07:01	2:46:45	0:05:42	1:42:30	BE	
b728bdc3-ac8f-f011-b4cc-000d3a5cf7d8	755	Bert van Schaijk	M	M25-29	165	5:19:41	0:40:50	0:07:57	2:32:44	0:07:06	1:51:04	BE	
b6742333-cfb6-ef11-b8e9-6045bd048089	756	Robin Kies	M	M30-34	159	5:19:56	0:47:29	0:05:54	2:31:54	0:03:31	1:51:09	deu	
26d40497-9098-f011-b4cc-6045bd05fcc1	757	Ryan Forgeron	M	M35-39	117	5:19:57	0:45:48	0:05:57	2:42:43	0:04:40	1:40:50	GB	
f78f39d3-1c6e-4520-a8d2-b9e64dc1997e	758	Matthias Lauwers	M	M35-39	118	5:19:57	0:38:36	0:08:08	2:40:18	0:05:51	1:47:05	BE	
e853cb79-83d6-4051-a3be-831d8b29945d	759	Kevin Janssen	M	M30-34	160	5:20:02	0:37:39	0:06:40	2:45:12	0:03:52	1:46:39	bel	
9c21ace4-d627-4432-811c-b2f6a0757f03	760	Jannick O'Meara	M	M35-39	119	5:20:04	0:35:02	0:05:29	2:42:51	0:02:59	1:53:42	gbr	
74c2d695-bd93-f011-b4cc-000d3a5cf7d8	761	Max Engelen	M	M30-34	161	5:20:09	0:34:16	0:06:20	2:44:37	0:04:25	1:50:31	NL	
67797195-af90-f011-b4cc-000d3a5b7c3b	762	Robbert van Cranenburgh	M	M30-34	162	5:20:09	0:38:30	0:06:16	2:38:33	0:05:34	1:51:16	NL	
2af5b5af-853d-42f2-a072-77a328164df8	763	Célestine Verheyen	F	F25-29	15	5:20:09	0:36:30	0:05:12	2:49:47	0:02:22	1:46:19	BE	
835360e4-22b2-4a70-a157-9394163ffe84	764	Yves Chanson	M	M30-34	163	5:20:16	0:38:52	0:06:34	2:42:19	0:03:58	1:48:33	BE	
7e74ca79-8fad-ef11-b8e8-6045bd088264	765	Louis Beckers	M	M18-24	89	5:20:21	0:39:25	0:07:11	2:37:31	0:04:03	1:52:11	BE	
776569f6-be93-f011-b4cb-6045bd0a1bec	766	Thijmen Rijf	M	M18-24	90	5:20:24	0:39:48	0:07:07	2:41:34	0:02:54	1:49:02	NL	
209e8ac7-ca75-ef11-a670-6045bd05c1dc	767	Oriana Bonne	F	F30-34	13	5:20:26	0:46:00	0:10:37	2:35:16	0:05:27	1:43:06	bel	
3e304650-afca-ef11-b8e9-000d3a5a1803	768	Kurt Ryheul	M	M50-54	23	5:20:27	0:35:55	0:09:11	2:39:08	0:06:15	1:49:59	BE	
6b7ab484-b875-4988-8374-fab5d929158d	769	Michiel Van De Vyver	M	M40-44	73	5:20:31	0:37:32	0:06:22	2:42:43	0:04:56	1:48:58	BE	
90dc3fcf-4128-434f-b65d-57525c5c2c02	770	Rani Dobbelaere	F	F25-29	16	5:20:37	0:42:40	0:06:04	2:47:07	0:05:09	1:39:37	BE	
071a0678-376c-4b5a-8606-b43314fe4f9b	771	Gunter Geysen	M	M50-54	24	5:20:40	0:38:07	0:07:38	2:42:52	0:06:33	1:45:29	bel	
4c742621-7190-4a37-9e9e-f8db5dbfae15	772	Mario Dobbels	M	M55-59	16	5:20:42	0:39:11	0:08:33	2:38:28	0:04:53	1:49:36	bel	
6f40b7fc-5e26-447f-88f9-204ae277d55d	773	Quinten Van Keer	M	M30-34	164	5:20:52	0:39:54	0:05:35	2:33:22	0:04:17	1:57:43	bel	
6bacca98-865c-4eaf-8ab4-05e24d80cdf0	774	Camille Gauthier	F	F30-34	14	5:20:59	0:34:39	0:05:00	2:51:40	0:02:32	1:47:08	BE	
4994bf90-8f48-f011-877a-000d3a5cf7d8	775	Sam De Meirleir	M	M25-29	166	5:21:02	0:42:24	0:07:04	2:29:31	0:05:00	1:57:03	BE	
7193fe2c-bf93-f011-b4cc-000d3a35ffc1	776	Thomas Decaestecker	M	M35-39	120	5:21:12	0:44:47	0:08:31	2:39:17	0:05:01	1:43:37	BE	
2adeda0d-c994-f011-b4cc-000d3a35ffc1	777	Lonneke Melotte	F	F35-39	13	5:21:14	0:35:45	0:06:37	2:42:12	0:04:33	1:52:07	nld	
f2077cd0-359d-f111-b8dc-002248046ec8	778	Martin Querinjean	M	M25-29	167	5:21:16	0:37:20	0:08:17	2:38:41	0:04:40	1:52:17	BEL	
52316906-7793-f011-b4cc-6045bd05f634	779	Lucas Rogiers	M	M18-24	91	5:21:16	0:34:56	0:07:36	2:43:03	0:03:39	1:52:02	BE	
cf3f1062-e627-4174-bf01-b03cbdb3c327	780	Christoph Makelberge	M	M45-49	63	5:21:19	0:39:29	0:09:08	2:35:39	0:07:30	1:49:33	NL	
eddccc2d-a59e-ef11-8a6a-000d3a338a3c	781	Mathieu Lateur	M	M35-39	121	5:21:25	0:38:52	0:06:02	2:54:29	0:03:37	1:38:24	bel	
696b957e-f493-f011-b4cb-002248098cfa	782	Erwin Vancauwenberghe	M	M50-54	25	5:21:26	0:43:43	0:06:19	2:45:38	0:04:14	1:41:34	BE	
5eb9a0b3-b493-f011-b4cc-000d3a5cf7d8	783	Tibo Verwerft	M	M18-24	92	5:21:27	0:38:03	0:07:08	2:44:33	0:04:24	1:47:19	bel	
75afe430-f893-f011-b4cb-002248098cfa	784	Jonas Van Dingenen	M	M35-39	122	5:21:28	0:43:19	0:07:57	2:38:17	0:05:12	1:46:43	BE	
56fad440-db93-f011-b4cc-000d3a5b50ba	785	Aspet Khachatryan	M	M35-39	123	5:21:29	0:47:04	0:07:09	2:35:12	0:03:39	1:48:25	BE	
c7e3de83-bd93-f011-b4cc-000d3a5cf7d8	786	Ruben Diez	M	M25-29	168	5:21:35	0:39:07	0:08:13	2:46:24	0:05:25	1:42:26	BE	
3f772ed3-be93-f011-b4cc-0022480c097c	787	Rutger Nijs	M	M35-39	124	5:21:39	0:36:44	0:05:55	2:46:52	0:02:50	1:49:18	BE	
2de645c8-e393-f011-b4cc-000d3a3173b5	788	Tuur Camerlynck	M	M18-24	93	5:21:41	0:43:13	0:06:52	2:40:53	0:03:35	1:47:08	bel	
6b45f310-329d-f011-b41c-000d3a3173b5	789	Michael Iarossi	M	M35-39	125	5:21:46	0:38:31	0:07:43	2:51:54	0:04:09	1:39:29	BE	
4e61c1f1-ed99-f011-b4cc-0022480c097c	790	Hannah Lincoln	F	F25-29	17	5:21:52	0:34:42	0:06:25	2:58:52	0:04:10	1:37:43	GB	
3f1e1229-539c-f011-b41c-000d3a5b50ba	791	dominic hermans	M	M30-34	165	5:22:05	0:38:16	0:07:34	2:43:56	0:05:18	1:47:02	BE	
2a9b00e1-4a1a-4eef-893b-36e67cb4b1b0	792	Peter Vanderkeilen	M	M55-59	17	5:22:20	0:36:34	0:07:43	2:41:48	0:05:23	1:50:51	bel	
82e5b794-0eba-ed11-83fe-000d3a314d17	793	Mees Meijer	M	M18-24	94	5:22:24	0:41:44	0:06:54	2:45:33	0:03:44	1:44:29	NL	
8db3a757-03a2-ef11-8a69-000d3a5a403c	794	Mario Broucke	M	M50-54	26	5:22:32	0:39:20	0:06:11	2:45:39	0:04:48	1:46:34	BE	
ee3c3600-6c95-f011-b4cc-000d3a35ffc1	795	Jasper Vlayen	M	M30-34	166	5:22:35	0:38:05	0:08:00	2:33:16	0:06:37	1:56:38	bel	
d1e82957-ae93-f011-b4cc-000d3a35ffc1	796	Bart Descamps	M	M50-54	27	5:22:35	0:45:20	0:06:51	2:41:18	0:04:35	1:44:32	BE	
4c66d21a-6d95-f011-b4cb-002248098cfa	797	Jeroen Haccour	M	M35-39	126	5:22:37	0:39:34	0:06:41	2:33:30	0:04:11	1:58:40	bel	
e9f541e8-bd93-f011-b4cc-0022480a7385	798	Basile Grava	M	M25-29	169	5:22:38	0:43:04	0:08:51	2:29:11	0:04:36	1:56:55	bel	
4e8894f4-0f5d-4e75-986a-5791db06d74f	799	Luc Vervekken	M	M55-59	18	5:22:40	0:40:00	0:08:22	2:34:07	0:06:50	1:53:22	bel	
dba6556a-7aa3-ef11-8a69-6045bd018d16	800	Zita De Pooter	F	F35-39	14	5:22:45	0:38:31	0:05:29	2:51:03	0:05:25	1:42:17	NL	
cbce100c-2f9e-f011-b41c-0022480a7385	801	Côme MAUREY	M	M18-24	95	5:22:49	0:42:23	0:06:28	2:50:36	0:03:10	1:40:12	BE	
01ff4e22-989b-f011-b41c-6045bd05fcc1	802	Anthony Jonckheere	M	M25-29	170	5:22:51	0:40:53	0:08:22	2:39:31	0:05:14	1:48:52	BE	
9ce52307-bf93-f011-b4cc-6045bd05fcc1	803	Alexandre Detournay	M	M45-49	64	5:22:53	0:40:44	0:06:52	2:45:06	0:05:01	1:45:09	BE	
5c14ea3d-e0bd-4f01-ae55-3fcb8c23d167	804	Nico Stroo	M	M45-49	65	5:22:53	0:39:56	0:07:21	2:40:11	0:04:17	1:51:08	BE	
4d489c76-7d79-ef11-a670-000d3a338a3c	805	Kea Höwekenmeier	F	F25-29	18	5:22:53	0:33:42	0:04:46	2:46:35	0:03:41	1:54:08	DE	
a82d9446-62d2-ef11-8eea-002248049fdc	806	Freddy Duvent	M	M35-39	127	5:22:56	0:39:55	0:06:14	2:42:28	0:04:18	1:50:02	fra	
340626e3-0e79-f011-b4cc-000d3a5b50ba	807	Richard Beese	M	M30-34	167	5:22:58	0:40:06	0:05:12	2:43:17	0:04:51	1:49:32	gbr	
528c50cf-c493-f011-b4cc-000d3a5b50ba	808	Milan Beljaars	M	M18-24	96	5:23:03	0:38:38	0:07:45	2:43:17	0:04:34	1:48:50	NL	
df7805d5-bd93-f011-b4cc-000d3a3173b5	809	xander maebe	M	M18-24	97	5:23:04	0:49:14	0:06:48	2:37:06	0:03:48	1:46:07	BE	
e43fe0e0-9f3e-424b-ae7b-3775335ee729	810	Steve Wielandt	M	M50-54	28	5:23:06	0:38:50	0:09:29	2:36:15	0:06:34	1:51:58	BE	
e7e1f40d-c793-f011-b4cc-000d3a5b50ba	811	Moyra Somers	F	F25-29	19	5:23:08	0:39:21	0:06:24	2:53:16	0:03:45	1:40:22	BE	
0d64c18a-699c-f011-b41c-000d3a5b50ba	812	Paul Richaud	M	M35-39	128	5:23:15	0:36:52	0:07:32	2:53:21	0:04:51	1:40:39	BE	
1e16b181-bd93-f011-b4cc-000d3a35ffc1	813	leie verkerken	F	F25-29	20	5:23:21	0:39:55	0:05:04	2:50:39	0:02:32	1:45:11	BE	
6d6a14f4-b294-4ed4-abe5-79f9b15d655f	814	Florian Prave	M	M25-29	171	5:23:22	0:37:03	0:05:51	2:48:42	0:06:28	1:45:18	FRA	
68d6525a-0e7b-4981-ab49-6826fbd1da65	815	Steven Kamp	M	M30-34	168	5:23:24	0:40:59	0:05:45	2:27:08	0:04:49	2:04:43	NL	
afd31b3f-f55e-4add-afae-b94cd1f7824e	816	Dimitri Schurmans	M	M30-34	169	5:23:30	0:35:03	0:06:42	2:45:24	0:04:32	1:51:49	BE	
e6b88e44-0758-f011-877b-000d3a35ffc1	817	Corentin BEERNAERT	M	M30-34	170	5:23:30	0:36:06	0:07:05	2:40:54	0:04:09	1:55:16	Unknown	
124b8a1f-0594-f011-b4cc-0022480c097c	818	Guillaume Grulois	M	M18-24	98	5:23:44	0:37:18	0:06:32	2:45:55	0:04:40	1:49:19	bel	
574da3c2-c093-f011-b4cc-6045bd05f634	819	Sofie Michiels	F	F25-29	21	5:23:48	0:36:35	0:06:42	2:44:56	0:03:27	1:52:08	BE	
b3618e5d-2272-40c8-85c9-2538e4752844	820	Maarten Verhelle	M	M35-39	129	5:23:48	0:43:00	0:07:33	2:34:35	0:04:49	1:53:52	BE	
afd7cec5-08c8-ee11-9079-000d3a31406e	821	Louis Farrington	M	M30-34	171	5:23:49	0:37:33	0:06:46	2:47:13	0:04:27	1:47:50	GB	
0ac299db-d77a-f011-b4cc-6045bd09951e	822	Jannes Bultinck	M	M30-34	172	5:23:49	0:37:55	0:06:05	2:45:00	0:04:19	1:50:29	BE	
06311a1c-27b3-4258-9174-2cfca501423c	823	James Brown	M	M45-49	66	5:23:50	0:35:46	0:06:18	2:37:10	0:05:25	1:59:10	GB	
1d7288d5-a651-f011-877a-000d3a3173b5	824	Louise Wittouck	F	F25-29	22	5:23:52	0:46:07	0:05:57	2:40:34	0:02:49	1:48:25	BE	
2fa0a684-c793-f011-b4cc-000d3a5cf7d8	825	Vic Vlasseman	M	M18-24	99	5:23:54	0:38:13	0:06:30	2:50:32	0:05:30	1:43:09	BE	
887df8a1-eb93-f011-b4cc-6045bd05f634	826	Luca Drijvers	M	M30-34	173	5:23:58	0:36:44	0:06:35	2:46:36	0:04:15	1:49:47	BE	
ea86c6c6-1cb5-40e5-ab00-9c6597c90240	827	David Verhofstadt	M	M55-59	19	5:23:59	0:35:32	0:06:07	2:52:37	0:03:30	1:46:13	LU	
42321b84-548e-4d6c-b68c-e9d63740c34b	828	Vincent Knychala	M	M45-49	67	5:24:04	0:44:16	0:04:54	2:49:23	0:04:56	1:40:35	LU	
5f7ed68f-ea93-f011-b4cc-000d3a5cf7d8	829	Tim de Bruin	M	M25-29	172	5:24:09	0:37:45	0:07:08	2:42:11	0:04:55	1:52:10	nld	
31d71b12-be93-f011-b4cc-0022480a7385	830	Guillaume Harvie	M	M18-24	100	5:24:14	0:34:48	0:06:32	2:45:10	0:04:43	1:53:01	BE	
bd8cb47e-be93-f011-b4cc-000d3a35ffc1	831	Frauke Pandelaere	F	F25-29	23	5:24:17	0:45:35	0:05:14	2:49:40	0:03:18	1:40:30	BE	
d55e70b2-c093-f011-b4cc-0022480a7385	832	Yves Cuypers	M	M35-39	130	5:24:22	0:43:07	0:10:52	2:42:05	0:05:03	1:43:15	BE	
e6ce89df-2194-ee11-be37-000d3a314c24	833	Dylan De Bruecker	M	M30-34	174	5:24:22	0:36:44	0:06:50	2:37:48	0:04:16	1:58:44	BE	
62fb820e-cd93-f011-b4cc-6045bd05f634	834	Jente Verschueren	M	M25-29	173	5:24:25	0:39:09	0:08:07	2:39:14	0:06:10	1:51:46	BEL	
d18c01a7-9806-f011-bae1-000d3a5cf7d8	835	Jorne Devolder	M	M25-29	174	5:24:31	0:42:56	0:10:24	2:31:09	0:05:29	1:54:34	BE	
9dca27bd-fe8b-41a4-bf54-77f5ea9b43b0	836	Heitor Uchoa Bezerra	M	M35-39	131	5:24:32	0:41:58	0:06:46	2:42:11	0:05:58	1:47:39	NL	
bd7d8d37-be93-f011-b4cc-0022480c097c	837	Noë De Pauw	M	M35-39	132	5:24:34	0:35:00	0:07:31	2:53:56	0:07:36	1:40:30	BE	
63d9d089-6495-f011-b4cc-000d3a5b7c3b	838	Léo Piecq	M	M18-24	101	5:24:41	0:37:15	0:08:21	2:53:19	0:03:48	1:41:58	FR	
2d7cb007-be93-f011-b4cc-0022480c097c	839	Stef van Lin Van Lin	M	M30-34	175	5:24:42	0:36:27	0:06:25	2:49:01	0:02:57	1:49:52	NL	
1c1313ef-f5e3-ef11-8eea-000d3a5ae96c	840	Miles Rostron Smith	M	M25-29	175	5:24:43	0:37:08	0:05:54	2:51:36	0:05:00	1:45:06	GB	
8553bf6e-3898-4b55-be40-125adfc15feb	841	Vincent Demolder	M	M35-39	133	5:24:43	0:39:24	0:06:53	2:40:32	0:03:37	1:54:17	DK	
ed1f79f9-cfdf-f011-8544-000d3a35ffc1	842	Yannick Pannier	M	M40-44	74	5:24:44	0:46:04	0:06:24	2:37:49	0:05:07	1:49:20	BEL	
66774fe0-bb93-f011-b4cc-000d3a5b7c3b	843	Samuël Silingi	M	M18-24	102	5:24:44	0:37:16	0:05:48	2:50:54	0:04:00	1:46:47	FR	
30daaefd-bb93-f011-b4cc-0022480c097c	844	Eva Geurts	F	F35-39	15	5:24:46	0:38:07	0:05:28	2:49:33	0:04:46	1:46:52	BE	
9fbd5879-6e8e-f011-b4cc-6045bd05fcc1	845	Steven Mortier	M	M25-29	176	5:24:47	0:41:04	0:06:33	2:47:16	0:04:47	1:45:06	BE	
4d1b7909-558d-f011-b4cc-000d3a3173b5	846	Tim Drijkoningen	M	M40-44	75	5:24:57	0:44:23	0:05:48	2:31:12	0:04:04	1:59:30	BE	
22e1301c-669d-f011-b41c-000d3a35ffc1	847	Willem Vermost	M	M40-44	76	5:24:58	0:39:36	0:06:29	2:37:05	0:04:05	1:57:43	BE	
073e3bb2-a39c-f011-b41c-000d3a35ffc1	848	Kenneth Jervis	M	M50-54	29	5:25:08	0:41:48	0:05:43	2:32:32	0:03:39	2:01:25	BE	
9c385ce5-f70d-48b1-9855-f8cf646c7bcf	849	Mark Roex	M	M40-44	77	5:25:14	0:39:47	0:07:55	2:26:52	0:04:50	2:05:49	nld	
a770dfae-29a3-4d01-8db7-67017c88507b	850	Bram Devroo	M	M35-39	134	5:25:21	0:33:57	0:05:43	2:40:32	0:03:42	2:01:28	BE	
3fdf6efa-5998-f011-b4cc-0022480c097c	851	Florian Heijligers	M	M35-39	135	5:25:27	0:35:25	0:09:18	2:37:02	0:04:45	1:58:58	NL	
c638cd91-5b59-41fe-8339-f47fc669211b	852	Jonathan Van Nechel	M	M40-44	78	5:25:32	0:37:58	0:07:28	2:56:15	0:05:40	1:38:11	BE	
2586afad-6d4f-ef11-a317-6045bd0953ac	853	Isabelle Suy	F	F45-49	2	5:25:35	0:43:54	0:07:52	2:43:44	0:04:38	1:45:27	BE	
75eb3d49-c093-f011-b4cc-000d3a3173b5	854	Sebastian Hau	M	M35-39	136	5:25:43	0:40:29	0:08:11	2:50:46	0:03:44	1:42:32	DE	
3dd0cfd7-ea44-ee11-bdf3-000d3a314329	855	Kevin Koekoekx	M	M30-34	176	5:25:45	0:31:25	0:06:08	2:43:20	0:04:25	2:00:27	bel	
24b3b975-7634-4f59-842a-e7193db4177b	856	Vincent Durot	M	M45-49	68	5:25:48	0:39:56	0:06:02	2:46:39	0:05:02	1:48:09	BEL	
32661250-0c54-4755-bf70-0bf56078e1f4	857	Dries Van der Haegen	M	M25-29	177	5:25:51	0:32:38	0:06:29	2:45:37	0:04:52	1:56:15	BE	
338de74e-7ad9-4433-907a-24ce93dd46ee	858	Fred Giuliani	M	M55-59	20	5:25:54	0:39:01	0:07:17	2:49:57	0:06:41	1:42:58	lux	
03e3e1c8-049d-f011-b41c-000d3a35ffc1	859	Felix Reyna Ramos	M	M18-24	103	5:25:55	0:42:32	0:06:54	2:40:54	0:04:15	1:51:20	BE	
0cae4768-c393-f011-b4cb-002248098cfa	860	Joeri De Kooning	M	M35-39	137	5:25:56	0:34:36	0:06:48	2:33:59	0:04:41	2:05:52	BE	
73beead8-0884-f011-b4cc-6045bd05fcc1	861	Laure Saeys	F	F18-24	8	5:25:58	0:40:02	0:05:30	2:43:53	0:03:54	1:52:39	bel	
79966e11-3b0a-40e8-8706-1c58e08833fc	862	Christophe Conrad	M	M30-34	177	5:26:07	0:45:25	0:05:41	2:41:54	0:03:56	1:49:11	BE	
aea0041a-c593-f011-b4cc-000d3a5cf7d8	863	Jon Waight	M	M60-64	6	5:26:11	0:39:52	0:07:11	2:45:14	0:04:10	1:49:44	GB	
28b95beb-bd93-f011-b4cb-6045bd0a1bec	864	Tom van der Nat	M	M35-39	138	5:26:15	0:38:00	0:09:16	2:50:47	0:04:46	1:43:26	NL	
bd73670c-be93-f011-b4cc-6045bd09951e	865	Nicolas Luyckx	M	M18-24	104	5:26:15	0:41:31	0:09:20	2:47:05	0:04:11	1:44:07	BE	
f6367719-1599-4285-8c81-6de73e67e8c5	866	Peter Neumann	M	M25-29	178	5:26:16	0:52:46	0:06:58	2:33:54	0:03:17	1:49:20	DE	
83f68b04-3c17-4dc2-841c-e89e9fd88a47	867	Alex Clark	M	M30-34	178	5:26:19	0:39:44	0:06:19	2:42:54	0:03:29	1:53:52	GB	
7399c223-177c-f011-b4cc-6045bd05fcc1	868	Kevin Deman	M	M35-39	139	5:26:20	0:40:07	0:06:25	2:40:45	0:03:52	1:55:11	BE	
71cad77e-5258-f011-bec1-000d3a5942b7	869	Maxence DEPRET	M	M18-24	105	5:26:20	0:43:46	0:06:27	2:38:16	0:03:29	1:54:21	Unknown	
cff351c4-bef2-44e7-aedf-fe3a858b7860	870	Dennis Ijland	M	M50-54	30	5:26:23	0:36:48	0:06:52	2:43:07	0:05:26	1:54:11	NL	
712d6762-c04e-4463-a7a9-90f874c3b262	871	Maxence Lenoir	M	M30-34	179	5:26:28	0:38:48	0:08:25	2:44:17	0:06:36	1:48:22	fra	
2e8a7397-a46c-4cc1-8339-7dc6d4beb34f	872	Pierre Medecin	M	M30-34	180	5:26:28	0:38:22	0:08:52	2:44:19	0:06:35	1:48:20	fra	
74a49c2b-be93-f011-b4cc-0022480c097c	873	Alina LISKA	F	F30-34	15	5:26:29	0:30:47	0:05:39	2:52:46	0:03:56	1:53:20	deu	
98633d3b-269d-f011-b41c-6045bd09951e	874	Max Brudermanns	M	M35-39	140	5:26:31	0:41:43	0:05:51	2:39:45	0:04:39	1:54:33	deu	
10c21a9c-bd93-f011-b4cc-6045bd05fcc1	875	Viktor Brosens	M	M25-29	179	5:26:34	0:41:05	0:06:10	2:43:19	0:04:02	1:51:58	BE	
3c27776d-656f-4b3c-8599-86f4b308a27f	876	Lucas Jans	M	M30-34	181	5:26:38	0:35:09	0:05:11	2:44:48	0:04:04	1:57:27	BE	
57e7d66e-c793-f011-b4cb-6045bd0a1bec	877	Joris Nijs	M	M30-34	182	5:26:41	0:39:16	0:07:49	2:30:33	0:05:24	2:03:38	BE	
30cc7db5-56de-ef11-8eea-000d3a5ae96c	878	Bram Palinckx	M	M40-44	79	5:26:48	0:41:54	0:06:15	2:41:31	0:03:47	1:53:22	NL	
3eb80064-1694-f011-b4cc-000d3a5b50ba	879	Wout Lippens	M	M25-29	180	5:26:54	0:42:59	0:06:27	2:39:18	0:03:48	1:54:20	bel	
07199eb9-ea93-f011-b4cc-000d3a35ffc1	880	Bastien Mathurin	M	M35-39	141	5:27:00	0:37:54	0:07:21	2:45:41	0:03:54	1:52:09	BE	
f8bb5ce9-8ad1-ef11-8eea-002248049fdc	881	Bruno De Rynck	M	M40-44	80	5:27:00	0:36:59	0:09:09	2:35:01	0:04:57	2:00:53	BE	
a9b8bea1-578f-f011-b4cc-6045bd05f634	882	Timmy Geypen	M	M50-54	31	5:27:06	0:36:07	0:07:56	2:44:05	0:04:58	1:54:00	BE	
f4a8c972-090b-493e-913a-7e17368f9d4e	883	Cristian Bora	M	M45-49	69	5:27:10	0:41:04	0:07:32	2:34:29	0:05:45	1:58:19	rou	
3f19f242-5393-f011-b4cc-000d3a5b7c3b	884	Dumoulin Samy	M	M30-34	183	5:27:14	0:39:55	0:06:56	2:47:24	0:04:10	1:48:49	BE	
13e311e6-b2ed-4486-b329-a0320f74d2df	885	Lynn Feith	F	F30-34	16	5:27:14	0:34:24	0:05:43	2:48:28	0:05:08	1:53:31	lux	
52333ff2-6075-4904-81c2-5db2efbd6be2	886	Louis Du Pré De Saint-Maur	M	M30-34	184	5:27:17	0:38:47	0:05:49	2:53:01	0:04:02	1:45:38	FR	
4ff74eda-efe5-ef11-8eea-002248049fdc	887	Johan Wanin	M	M40-44	81	5:27:20	0:44:57	0:06:40	2:45:46	0:03:50	1:46:06	BE	
a87bb007-be93-f011-b4cc-0022480c097c	888	Tom de Buysscher	M	M30-34	185	5:27:26	0:42:26	0:08:45	2:43:39	0:05:34	1:47:03	BE	
f8744320-2b8a-471f-a90a-99480f39f307	889	Francois Theron	M	M50-54	32	5:27:30	0:36:10	0:07:38	2:46:53	0:08:30	1:48:21	NL	
5c3da030-be93-f011-b4cc-6045bd09951e	890	Artuur Schietgat	M	M25-29	181	5:27:31	0:44:06	0:06:15	2:44:53	0:04:18	1:47:58	BE	
5ea2540a-6fe1-ef11-8eea-000d3a5a1803	891	Xavier Dumoulin	M	M30-34	186	5:27:33	0:40:53	0:06:32	2:41:12	0:05:03	1:53:53	BE	
2842d61c-bb93-f011-b4cb-6045bd0a1bec	892	Dimitry Van Hinsbergh	M	M30-34	187	5:27:37	0:43:20	0:07:26	2:35:08	0:04:07	1:57:35	BE	
6437b141-7eae-ef11-b8e8-000d3a5ae96c	893	thomas hallez	M	M40-44	82	5:27:38	0:41:18	0:07:51	2:48:04	0:04:35	1:45:50	BE	
1f19da8a-4eac-4e6a-ac24-5c86bbb9e97a	894	Ed Green	M	M18-24	106	5:27:41	0:33:47	0:04:46	2:53:46	0:02:57	1:52:25	gbr	
46df4fa0-3d8f-f011-b4cc-6045bd05fcc1	895	Robin van Elzakker	M	M18-24	107	5:27:43	0:46:43	0:08:48	2:42:37	0:06:58	1:42:36	nld	
e9dadac0-e58c-f011-b4cc-6045bd05f634	896	Louie Curinckx	M	M18-24	108	5:28:07	0:46:25	0:06:55	2:44:41	0:04:19	1:45:48	BE	
b4710d25-f0d8-ef11-8ee9-000d3a592251	897	Isabel Downing	F	F30-34	17	5:28:08	0:33:37	0:06:35	2:58:57	0:03:53	1:45:06	GB	
dac86d63-c893-f011-b4cc-0022480a7385	898	Annelies Breine	F	F30-34	18	5:28:18	0:34:30	0:08:22	2:56:23	0:04:19	1:44:43	BE	
156e44b9-5a24-4514-93ec-dc8d9b5b38f2	899	Mark Van der Horst	M	M40-44	83	5:28:24	0:37:59	0:06:25	2:39:38	0:04:11	2:00:11	nld	
d6fef0ba-c093-f011-b4cc-6045bd09951e	900	Sietse Brems	M	M25-29	182	5:28:28	0:38:41	0:09:54	2:43:22	0:06:15	1:50:17	BE	
24c711a0-c193-f011-b4cc-000d3a5b7c3b	901	Nick Serneels	M	M30-34	188	5:28:31	0:53:45	0:07:13	2:42:34	0:05:29	1:39:30	BE	
c011d47a-e790-f011-b4cc-000d3a5cf7d8	902	Manu Landtmeters	M	M18-24	109	5:28:34	0:31:53	0:07:01	2:44:31	0:05:36	1:59:33	BE	
d6a23ab5-c5a0-4d07-bc1f-f4dbd1cfe95b	903	Richard Van Der Splinter	M	M45-49	70	5:28:36	0:37:21	0:07:40	2:46:34	0:04:41	1:52:20	NL	
d92b8231-9aa0-f011-b41c-6045bd09951e	904	Yanti De Beucker	M	M30-34	189	5:28:41	0:34:45	0:09:13	2:45:39	0:04:52	1:54:11	bel	
321723cd-be93-f011-b4cc-0022480c097c	905	Adam Allart	M	M18-24	110	5:28:58	0:32:36	0:08:35	2:54:54	0:05:58	1:46:54	BE	
c5b23f0c-d151-4bec-811d-2c873092afa6	906	Gracy Van Couwenbergh	F	F45-49	3	5:29:04	0:37:42	0:07:37	2:54:40	0:04:13	1:44:53	BE	
709275dc-b8bc-ef11-b8e8-000d3a5a403c	907	Lucca Wellens	M	M18-24	111	5:29:06	0:38:15	0:06:17	2:47:00	0:04:50	1:52:44	BE	
10f0b11f-9097-ee11-be37-000d3a31406e	908	Stef Pieters	M	M25-29	183	5:29:07	0:40:28	0:07:02	2:40:50	0:04:15	1:56:31	BE	
7470e642-f893-f011-b4cb-002248098cfa	909	Florian De Rubeis	M	M18-24	112	5:29:09	0:40:07	0:09:22	2:52:10	0:04:16	1:43:13	BE	
a9772882-c193-f011-b4cb-002248098cfa	910	Thomas Verstraete	M	M30-34	190	5:29:09	0:38:09	0:06:36	2:44:17	0:05:14	1:54:53	BE	
30b72cb8-bd93-f011-b4cc-0022480a7385	911	Quinten Van Hulsel	M	M25-29	184	5:29:10	0:43:31	0:08:52	2:56:41	0:04:38	1:35:29	BE	
4e0e9332-7ba3-ef11-8a6a-000d3a5a1803	912	Niels Holstein	M	M25-29	185	5:29:13	0:44:54	0:07:03	2:40:30	0:04:57	1:51:48	DE	
1482624d-38a3-ef11-8a6a-000d3a338a3c	913	Maria del Pilar Sanchez Ubilla	F	F25-29	24	5:29:18	0:39:58	0:06:13	2:49:36	0:03:13	1:50:17	bel	
eb02c447-be93-f011-b4cc-000d3a3173b5	914	Jeppe VESTENAA	M	M35-39	142	5:29:19	0:44:55	0:07:08	2:45:02	0:04:23	1:47:52	BE	
0c0ea395-0569-4978-859f-fbd58d78a7a7	915	Peter Paelinck	M	M55-59	21	5:29:25	0:45:54	0:06:45	2:40:59	0:05:29	1:50:16	bel	
645e360d-d993-f011-b4cc-000d3a5b7c3b	916	Maxime Tubiermont	M	M18-24	113	5:29:32	0:33:07	0:07:46	2:59:55	0:03:28	1:45:17	BE	
946ee563-9b26-ef11-840a-6045bd0953ac	917	Lee Kingswell	M	M30-34	191	5:29:32	0:36:07	0:07:39	2:52:47	0:05:41	1:47:18	GB	
84168be0-248f-f011-b4cc-0022480a7385	918	Charlotte Wouters	F	F25-29	25	5:29:32	0:36:38	0:06:12	2:52:10	0:03:05	1:51:28	BE	
4631cbc9-b090-ef11-ac21-000d3a59a9a1	919	Nicholas Hendrickx	M	M30-34	192	5:29:39	0:35:37	0:07:51	2:42:25	0:05:31	1:58:15	BE	
56a966f9-4396-f011-b4cc-000d3a3173b5	920	Andreas Castiglione	M	M35-39	143	5:29:41	0:44:03	0:06:42	2:52:22	0:04:54	1:41:39	BE	
a4cf8a2f-7395-f011-b4cc-000d3a5b7c3b	921	Arne Vandereyt	M	M30-34	193	5:29:41	0:39:16	0:06:45	2:45:17	0:04:38	1:53:46	BE	
51608f68-b39b-f011-b41c-000d3a5b50ba	922	Arne De Coninck	M	M25-29	186	5:29:46	0:40:53	0:06:54	2:38:36	0:04:29	1:58:54	BE	
32cb60c4-bf93-f011-b4cc-000d3a5b7c3b	923	Leander Janssen	M	M45-49	71	5:29:51	0:39:56	0:07:58	2:49:25	0:04:17	1:48:16	nld	
bb477ef5-eba8-48fc-b2b6-95f245e931c0	924	Chloe Martin	F	F25-29	26	5:29:53	0:41:04	0:05:10	2:48:14	0:02:49	1:52:36	GB	
c0389183-c5bc-4efd-9527-09186cba0260	925	Aoife Doran	F	F40-44	6	5:29:58	0:43:11	0:05:35	2:54:09	0:03:39	1:43:23	irl	
7c841df2-c697-f011-b4cc-000d3a5b50ba	926	Dieter De Schrijver	M	M25-29	187	5:30:05	0:36:29	0:08:22	2:44:12	0:03:41	1:57:21	BE	
ee189578-ac90-ef11-ac21-000d3a5a1803	927	Sam Lambin	M	M25-29	188	5:30:06	0:41:33	0:07:18	2:46:53	0:05:17	1:49:04	BE	
eaafe533-be93-f011-b4cc-6045bd05fcc1	928	Robbe Derieuw	M	M25-29	189	5:30:06	0:39:54	0:10:10	2:49:03	0:04:45	1:46:14	BE	
d44ab447-5f36-4105-aace-a3ccacd4e466	929	Sverre BOUDRY	M	M18-24	114	5:30:09	0:39:26	0:07:04	2:38:48	0:04:43	2:00:08	bel	
16c1c012-7976-ef11-a670-6045bd05c809	930	Victor de Schaetzen	M	M25-29	190	5:30:10	0:42:44	0:05:49	2:44:18	0:04:07	1:53:12	BE	
14dcd600-649c-f011-b41c-000d3a35ffc1	931	Sofie Decamps	F	F35-39	16	5:30:23	0:39:19	0:05:33	2:48:06	0:05:36	1:51:50	BE	
5ccb3c81-82a3-ef11-8a6a-000d3a338a3c	932	gust laenen	M	M60-64	7	5:30:27	0:42:17	0:11:11	2:36:50	0:07:53	1:52:16	BE	
93d6d8aa-b298-f011-b4cc-6045bd05fcc1	933	maarten heuninck	M	M25-29	191	5:30:33	0:28:29	0:06:21	2:45:33	0:03:01	2:07:09	BE	
c4d61512-3d9d-f011-b41c-000d3a3173b5	934	Gaetan Gilles	M	M18-24	115	5:30:35	0:39:45	0:06:25	2:50:54	0:02:43	1:50:49	BE	
36d43c07-9e93-f011-b4cc-000d3a5b50ba	935	Gil Coopmans	M	M25-29	192	5:30:37	0:36:04	0:06:36	2:49:26	0:03:42	1:54:49	BE	
135d16aa-0812-ef11-9f8a-00224809fd7c	936	Thomas Wellens	M	M35-39	144	5:30:52	0:42:30	0:07:05	2:35:24	0:05:29	2:00:23	BE	
df641057-fb93-f011-b4cb-002248098cfa	937	Jens Temmermans	M	M25-29	193	5:30:53	0:43:00	0:07:33	2:45:13	0:04:45	1:50:23	BE	
0c1f2606-be93-f011-b4cc-0022480a7385	938	Jill Danneels	F	F40-44	7	5:30:53	0:37:09	0:05:44	2:50:55	0:03:27	1:53:38	BE	
d00bb4d3-ca6e-43f3-aea7-3720da50169b	939	Katrien Verstraelen	F	F40-44	8	5:30:54	0:37:50	0:09:48	2:42:47	0:08:27	1:52:01	bel	
f53db90c-f71c-f011-998a-000d3a3173b5	940	Job Oomens	M	M30-34	194	5:30:58	0:35:08	0:06:58	2:38:07	0:05:07	2:05:37	nld	
7add4379-be93-f011-b4cc-6045bd09951e	941	Jan Van der Elst	M	M45-49	72	5:30:58	0:40:08	0:07:56	2:30:27	0:04:59	2:07:28	BE	
16b1e762-c393-f011-b4cc-000d3a5cf7d8	942	Oakley Pollet	F	F18-24	9	5:31:01	0:42:12	0:05:56	2:43:32	0:03:33	1:55:47	bel	
a6fca59c-32c5-ef11-b8e8-6045bd018d16	943	Zeno Baeten	M	M18-24	116	5:31:01	0:42:00	0:06:01	2:52:44	0:05:00	1:45:17	BE	
42f136f9-c093-f011-b4cc-6045bd09951e	944	Bianca De Boer	F	F50-54	2	5:31:03	0:39:34	0:07:31	2:45:47	0:03:36	1:54:37	nld	
4540b9f4-c093-f011-b4cc-0022480a7385	945	Mathias Lauwers	M	M25-29	194	5:31:06	0:42:43	0:09:11	2:48:22	0:06:05	1:44:44	BE	
aa0e1855-de93-f011-b4cc-000d3a5cf7d8	946	Nikolas De Wachter	M	M45-49	73	5:31:07	0:40:11	0:08:59	2:49:48	0:04:57	1:47:13	BE	
874a6a52-d67f-ef11-ac20-000d3a3126fd	947	Liam Wouters	M	M18-24	117	5:31:08	0:46:31	0:06:23	2:48:02	0:04:19	1:45:52	BE	
23249021-be93-f011-b4cb-002248098cfa	948	Matia Goovaerts	M	M30-34	195	5:31:12	0:42:36	0:06:39	2:44:41	0:04:58	1:52:17	BE	
6556d98f-d293-f011-b4cc-0022480a7385	949	Yannick Michiels	M	M25-29	195	5:31:12	0:35:33	0:05:46	2:52:23	0:03:59	1:53:32	BE	
5e5e00ee-b02e-49a5-8c7e-74193dd27322	950	Joe Streff	M	M45-49	74	5:31:16	0:43:39	0:07:10	2:35:58	0:04:06	2:00:24	lux	
60872b8a-b278-ef11-a670-6045bd02949c	951	Bart Carrijn	M	M50-54	33	5:31:19	0:46:04	0:07:45	2:38:21	0:05:11	1:53:59	BE	
e756a444-889d-4d09-a801-576d68e0d4b3	952	Shaun BUCKNOLE	M	M40-44	84	5:31:23	0:37:39	0:05:46	2:47:29	0:05:46	1:54:43	gbr	
155e6683-0059-4cc6-91ea-72c5f435254b	953	Charles Goy	M	M30-34	196	5:31:24	0:41:06	0:09:15	2:36:28	0:08:02	1:56:32	lux	
9ecdba89-ecb3-4456-bfbb-4aea62fadf52	954	Nick Coates	M	M35-39	145	5:31:27	0:44:11	0:05:54	2:56:57	0:03:12	1:41:13	GB	
6a4f019a-96a9-ef11-b8e9-000d3a5a1803	955	Stephan Jans	M	M45-49	75	5:31:28	0:42:56	0:09:57	2:37:07	0:07:30	1:53:58	BE	
1b4aee67-8f99-f011-b4cc-0022480a7385	956	julien van essche	M	M18-24	118	5:31:28	0:41:02	0:06:53	2:47:24	0:03:40	1:52:30	BE	
5d581a82-c893-f011-b4cc-0022480a7385	957	Florence Vandendorpe	F	F18-24	10	5:31:30	0:29:50	0:05:06	2:47:59	0:05:15	2:03:21	BE	
798cd015-1ed0-ef11-b8e8-000d3a5ae96c	958	Pascal De Voldere	M	M45-49	76	5:31:33	0:42:20	0:12:06	2:40:46	0:07:29	1:48:53	BE	
557b12a1-b993-f011-b4cc-6045bd05fcc1	959	Edward Mahieu	M	M30-34	197	5:31:35	0:45:13	0:08:10	2:39:43	0:05:51	1:52:37	BE	
c339e25c-6769-f011-bec2-000d3a5b7c3b	960	Martin LANGE	M	M40-44	85	5:31:40	0:37:07	0:06:55	2:55:45	0:04:17	1:47:36	BE	
f5e110a5-2e84-f011-b4cc-000d3a35ffc1	961	Sam BECHOUX	M	M18-24	119	5:31:44	0:41:05	0:06:56	2:53:33	0:03:45	1:46:26	BE	
5c39f209-6094-f011-b4cc-000d3a35ffc1	962	Rozemarijn Bakker	F	F35-39	17	5:31:47	0:41:56	0:07:18	2:55:23	0:03:06	1:44:05	bel	
43852dc6-bd93-f011-b4cc-000d3a5cf7d8	963	Constant Gillot	M	M25-29	196	5:31:50	0:37:23	0:06:40	2:52:26	0:04:56	1:50:25	bel	
b64810d5-982d-4dcb-92b0-afa3255948bf	964	Scott Crighton	M	M45-49	77	5:31:51	0:40:13	0:06:34	2:45:49	0:04:37	1:54:39	gbr	
ab495528-fd92-ef11-ac21-002248049fdc	965	Lukas Bunzeck	M	M30-34	198	5:31:52	0:47:59	0:08:49	2:38:55	0:04:55	1:51:14	DEU	
cce6089b-6b95-f011-b4cb-002248098cfa	966	Elke Van Herck	F	F40-44	9	5:31:52	0:41:57	0:07:46	2:55:23	0:05:04	1:41:41	bel	
eb3fabd8-bf93-f011-b4cc-6045bd05f634	967	Andrew Horne	M	M60-64	8	5:31:54	0:40:22	0:06:08	2:42:08	0:03:16	1:59:59	GB	
df8e963b-46de-ef11-8eea-6045bd088264	968	Stefanie Van houtte	F	F40-44	10	5:31:55	0:45:33	0:08:32	2:53:48	0:03:40	1:40:22	BE	
985e6578-ef9a-f011-b4cc-000d3a5b7c3b	969	Daan Dragt	M	M18-24	120	5:31:55	0:36:44	0:06:44	2:45:49	0:04:01	1:58:37	NLD	
fcd8853d-be93-f011-b4cc-0022480c097c	970	Victor HOMBERT	M	M30-34	199	5:31:56	0:43:33	0:08:26	2:43:45	0:05:06	1:51:06	FR	
85133c91-c593-f011-b4cc-000d3a5b7c3b	971	Alexander Andries	M	M30-34	200	5:31:58	0:39:01	0:07:39	2:39:44	0:05:44	1:59:50	BE	
1cf7379c-0487-f011-b4cc-0022480c097c	972	Jens van den Berg	M	M18-24	121	5:32:07	0:32:05	0:06:18	2:43:24	0:03:28	2:06:52	BE	
b60c34d1-847d-4b28-a28e-e1599429f905	973	Bram Devolder	M	M30-34	201	5:32:07	0:37:20	0:06:20	2:37:48	0:05:15	2:05:23	bel	
8f221fd9-899a-4c20-bf5c-4b49a2fd0907	974	Luc Dehaspe	M	M60-64	9	5:32:10	0:39:21	0:08:54	2:45:18	0:05:46	1:52:50	BE	
f7fb413c-c6f0-4f3c-a5a1-57cdc5b69d7c	975	Koen De Ridder	M	M55-59	22	5:32:10	0:40:06	0:07:29	2:37:25	0:05:15	2:01:54	BE	
e77b9411-25c9-ee11-9079-6045bd0158c4	976	Glenn Boermans	M	M25-29	197	5:32:12	0:35:35	0:07:31	2:44:44	0:04:17	2:00:04	BE	
692e4c13-6094-f011-b4cb-002248098cfa	977	Tom Casburn	M	M25-29	198	5:32:16	0:38:14	0:04:58	2:56:12	0:03:25	1:49:27	GB	
b3edb296-ed71-45b5-957e-565ed1b91e94	978	Mathias Schoolaert	M	M25-29	199	5:32:16	0:36:47	0:05:08	2:25:08	0:03:02	2:22:12	BEL	
4d31b4f1-d196-f011-b4cc-6045bd05fcc1	979	Laurent Claes	M	M35-39	146	5:32:17	0:46:50	0:07:33	2:34:37	0:05:55	1:57:22	BE	
bf26eb5e-e393-f011-b4cc-0022480c097c	980	Louis Mota	M	M25-29	200	5:32:20	0:36:39	0:05:20	2:56:21	0:03:30	1:50:30	FR	
5fafc450-7276-ef11-a670-00224808894b	981	Cederique Temmerman	M	M25-29	201	5:32:25	0:41:03	0:07:34	2:41:23	0:05:42	1:56:43	BE	
a04c0827-4dde-ef11-8eea-00224806c129	982	olivier lesage	M	M40-44	86	5:32:30	0:38:26	0:08:19	2:48:57	0:05:36	1:51:11	bel	
e3154093-2495-f011-b4cc-6045bd05fcc1	983	Michiel Vervoort	M	M35-39	147	5:32:30	0:38:25	0:08:41	2:49:53	0:05:12	1:50:18	BE	
251030e2-318b-ef11-ac21-000d3a59a9a1	984	Umberto Mauruzio	M	M45-49	78	5:32:31	0:45:49	0:08:12	2:46:15	0:05:01	1:47:15	BE	
747a7213-d793-f011-b4cc-6045bd05f634	985	Artuur De Boeck	M	M18-24	122	5:32:36	0:36:59	0:05:28	2:47:51	0:04:26	1:57:51	BE	
de2a7ae9-3ade-4591-b71a-35a32405f0ea	986	Ari Zadikov	M	M40-44	87	5:32:41	0:42:50	0:07:41	2:59:30	0:05:21	1:37:20	SOUTH AFRICA	
c213c44d-ead0-42f9-9c1e-400cc70a7f9a	987	Philip Ruijten	M	M35-39	148	5:32:43	0:43:29	0:08:34	2:45:13	0:04:36	1:50:51	BE	
78d0181e-be93-f011-b4cc-0022480a7385	988	Jérôme D'hulst	M	M25-29	202	5:32:47	0:35:58	0:07:26	2:53:19	0:03:34	1:52:31	bel	
28dbce9d-5adb-4bbf-b384-5d2ba5dc3ef2	989	Tim Holbach	M	M30-34	202	5:32:48	0:40:27	0:08:06	2:41:40	0:06:23	1:56:11	lux	
81e2f53c-7870-4c20-8e48-49ed0ef4a084	990	Mitchell Van den Eynde	M	M35-39	149	5:32:49	0:37:57	0:07:23	2:48:38	0:05:03	1:53:48	BE	
dcb53ddc-bd93-f011-b4cc-6045bd09951e	991	Mathilde de Schaetzen	F	F25-29	27	5:32:52	0:42:26	0:05:40	2:50:45	0:04:51	1:49:10	BE	
647fdf7d-4e29-4ecd-8e61-73bfb6de3609	992	An-Sofie Van Langenhove	F	F25-29	28	5:32:57	0:40:52	0:06:33	2:48:11	0:04:33	1:52:48	BE	
0e110b1e-c9a6-4316-9baa-de6e5dcdd1d0	993	Etienne Deheegher	M	M35-39	150	5:32:59	0:54:38	0:07:46	2:30:50	0:05:36	1:54:08	FR	
d505773c-1194-f011-b4cc-000d3a5b7c3b	994	Willem Van Assche	M	M25-29	203	5:33:00	0:41:45	0:10:30	2:54:54	0:05:34	1:40:17	BE	
2ff92c7d-d793-f011-b4cb-6045bd0a1bec	995	Roos van der Arend	F	F18-24	11	5:33:06	0:44:17	0:07:17	2:47:02	0:04:43	1:49:47	NL	
be052a3c-302c-ea11-a810-000d3a5a1f86	996	David Ashton	M	M35-39	151	5:33:07	0:28:47	0:04:49	2:36:55	0:02:56	2:19:40	GB	
da6eaad1-5994-f011-b4cc-6045bd09951e	997	Stefan Holst-Roness	M	M25-29	204	5:33:14	0:46:53	0:07:21	3:02:11	0:03:38	1:33:12	BE	
4d92b0de-8c27-441c-b9d0-ab23eee85af6	998	Michaël Vanwyngaerden	M	M40-44	88	5:33:15	0:40:35	0:07:44	2:55:31	0:04:02	1:45:25	BE	
3ee252ec-bd93-f011-b4cc-6045bd05f634	999	Eva Claassens	F	F25-29	29	5:33:16	0:43:38	0:06:24	2:56:01	0:03:42	1:43:30	NL	
c7cbe98e-239d-f011-b41c-0022480c097c	1000	Micke Briesen	M	M30-34	203	5:33:17	0:41:41	0:06:48	2:47:34	0:04:18	1:52:57	BE	
2d1ea289-0820-449d-83d8-f7405c732984	1001	Niels Van Bakel	M	M35-39	152	5:33:22	0:36:34	0:07:08	2:41:21	0:03:41	2:04:38	BEL	
f8d456f6-5d96-f011-b4cc-000d3a5b7c3b	1002	Edwin Léonard	M	M30-34	204	5:33:23	0:37:15	0:10:26	2:49:13	0:06:36	1:49:53	BE	
e419cd30-be93-f011-b4cc-000d3a35ffc1	1003	Bart den DIkken	M	M18-24	123	5:33:25	0:37:23	0:10:02	2:37:20	0:05:42	2:02:58	NL	
3779165d-21ed-ef11-9342-6045bd088264	1004	Simon Delcroix	M	M40-44	89	5:33:29	0:40:35	0:09:31	2:40:26	0:05:01	1:57:56	BEL	
b44b28e6-bd93-f011-b4cc-6045bd05f634	1005	Annelore Van de Kerckhove	F	F40-44	11	5:33:31	0:40:02	0:05:40	2:52:58	0:05:01	1:49:51	BE	
0e0db149-b893-f011-b4cc-6045bd09951e	1006	Glenn Boonen	M	M30-34	205	5:33:31	0:40:39	0:06:50	2:46:58	0:04:44	1:54:20	BE	
2a6f10f1-d231-f011-8c4e-000d3a3173b5	1007	Sacha Ruccio	M	M18-24	124	5:33:35	0:36:30	0:06:16	2:54:18	0:03:20	1:53:11	FR	
82ade765-fe93-f011-b4cb-6045bd0a1bec	1008	Julie Dhulster	F	F25-29	30	5:33:36	0:38:34	0:09:39	2:51:20	0:07:14	1:46:49	BE	
98b97098-be93-f011-b4cc-000d3a5cf7d8	1009	JOREN DECADT	M	M25-29	205	5:33:43	0:37:06	0:06:34	2:46:56	0:03:47	1:59:20	BE	
d44a3e10-0f9d-f011-b41c-000d3a5b7c3b	1010	Floris Herrijgers	M	M18-24	125	5:33:44	0:39:52	0:07:58	2:45:49	0:04:52	1:55:13	BEL	
fcd58036-9f8d-4944-92e5-b49420ed2846	1011	Florian Casel-AYMONETTI	M	M40-44	90	5:33:54	0:41:51	0:08:36	2:42:02	0:05:04	1:56:21	DE	
78569a63-ca93-f011-b4cc-000d3a35ffc1	1012	Wim Verbeeck	M	M55-59	23	5:33:54	0:44:39	0:06:39	2:42:32	0:05:32	1:54:32	BE	
64cf862c-275a-4864-ab6b-ed892b928807	1013	Jasmin Fraser	F	F30-34	19	5:33:58	0:38:31	0:06:10	2:53:24	0:04:20	1:51:33	GBR	
995ce8e8-dd93-f011-b4cc-000d3a5b7c3b	1014	Dennis Baan	M	M30-34	206	5:33:59	0:40:35	0:09:11	2:37:56	0:04:37	2:01:40	NL	
8c96aeff-0d96-f011-b4cc-6045bd05fcc1	1015	Mathis Libbrecht	M	M18-24	126	5:34:08	0:38:03	0:10:06	2:44:46	0:06:06	1:55:06	BE	
b3f64f3c-9157-4113-aa75-a517f9f343b3	1016	Donatien Menu	M	M50-54	34	5:34:12	0:44:33	0:07:06	2:41:56	0:06:40	1:53:58	BE	
3aece6f2-9a79-4930-8dc8-5ccd9a380757	1017	Sim HOES	M	M40-44	91	5:34:13	0:48:27	0:09:17	2:44:25	0:04:48	1:47:17	bel	
6820cece-2c11-f011-9988-6045bd09951e	1018	Sven Schouten	M	M25-29	206	5:34:16	0:42:21	0:07:14	2:49:51	0:03:43	1:51:06	NL	
5c2778b8-abd5-4b49-82bd-354024b9139d	1019	Joris Moermans	M	M35-39	153	5:34:35	0:39:28	0:05:43	2:43:50	0:04:28	2:01:06	BE	
121c4a87-6697-ea11-a811-000d3a5a1bfb	1020	Loebe Dauw	M	M30-34	207	5:34:43	0:44:22	0:08:50	2:48:53	0:07:02	1:45:37	bel	
2798d109-64b7-49f1-bfa4-1840b639a7f6	1021	Patrick Moll	M	M30-34	208	5:34:44	0:44:55	0:07:01	2:47:34	0:05:22	1:49:51	DE	
d30ea8cf-9d5f-4ef9-a17c-25051c1bdba4	1022	Nicolas Maroye	M	M30-34	209	5:34:46	0:37:30	0:06:11	2:49:36	0:04:44	1:56:45	BE	
51208b2b-7656-f011-877b-6045bd05fcc1	1023	Niklas Schütz	M	M30-34	210	5:34:48	0:45:06	0:06:42	2:40:55	0:06:33	1:55:31	deu	
a31ed1e4-c593-f011-b4cc-000d3a35ffc1	1024	Anna Praat	F	F25-29	31	5:34:48	0:34:06	0:06:23	2:56:26	0:04:47	1:53:06	NL	
915143b1-75e5-ef11-8eea-6045bd018d16	1025	Simon Coopman	M	M30-34	211	5:34:48	0:38:11	0:06:00	2:41:23	0:05:59	2:03:17	BE	
ea7b4ea3-6ca4-497b-bd88-19a52754c912	1026	Christel Spiessens	F	F60-64	1	5:34:49	0:42:48	0:06:33	2:41:17	0:04:10	2:00:02	bel	
a919cb0a-07ea-4002-b677-4002f9204671	1027	Guido Jaspars	M	M55-59	24	5:34:54	0:46:16	0:07:18	2:36:05	0:06:24	1:58:51	BE	
984ae586-c146-f011-877a-0022480c097c	1028	Massimo Michiels	M	M25-29	207	5:35:08	0:35:09	0:06:01	2:37:39	0:04:11	2:12:08	bel	
3e58afe8-e062-ef11-bfe3-00224808301f	1029	louis Gaillard	M	M25-29	208	5:35:09	0:42:30	0:05:57	2:49:42	0:06:16	1:50:44	Unknown	
368cb343-6676-ef11-a670-000d3a364ad5	1030	Thomas Demuynck	M	M25-29	209	5:35:13	0:38:12	0:08:05	2:41:35	0:04:47	2:02:34	BE	
ecd5dbff-753a-f011-b4cc-000d3a3173b5	1031	Luca Venturelli	M	M25-29	210	5:35:19	0:43:07	0:09:41	2:54:30	0:05:52	1:42:10	Unknown	
1fe80a74-24b1-4b0e-b8b4-aa6761e36d7c	1032	Rohit Rajendran	M	M45-49	79	5:35:22	0:47:56	0:06:39	2:39:55	0:06:34	1:54:19	are	
fe8ee536-be65-4aa8-8e14-b5e6430b9946	1033	Philippe Honoré	M	M55-59	25	5:35:24	0:41:53	0:08:35	2:46:32	0:05:58	1:52:26	Belgien	
4c906620-be93-f011-b4cc-000d3a5cf7d8	1034	Tom Cuypers	M	M30-34	212	5:35:25	0:44:43	0:08:36	2:45:27	0:04:12	1:52:27	BE	
cf4fd8ab-f249-ef11-a317-00224809fd7c	1035	Tommy Devuyst	M	M35-39	154	5:35:27	0:36:39	0:06:57	2:36:10	0:05:05	2:10:36	BE	
63631a65-91e3-46b3-bb81-474de70bc7bd	1036	Patrick Kupczyk	M	M45-49	80	5:35:28	0:41:14	0:06:07	2:45:05	0:05:03	1:57:59	DE	
089f403e-2903-48aa-8543-f83fcb74c6a7	1037	Jarno Van Roey	M	M25-29	211	5:35:31	0:39:46	0:06:14	2:41:32	0:04:04	2:03:55	BEL	
024c7986-be93-f011-b4cb-6045bd0a1bec	1038	Arthur Lecocq	M	M18-24	127	5:35:32	0:42:45	0:06:31	2:58:16	0:03:27	1:44:33	BE	
b67f0c73-6631-ee11-bdf3-000d3a31406e	1039	Sam Bontinck	M	M25-29	212	5:35:33	0:36:04	0:07:18	2:44:09	0:05:10	2:02:53	BE	
6d23745a-b393-f011-b4cc-6045bd05fcc1	1040	Joe van den Berkmortel	M	M18-24	128	5:35:35	0:46:08	0:07:07	2:45:34	0:03:33	1:53:13	NL	
17a643a6-5162-4c77-a579-8b6720f8ce54	1041	Martin Jaberg	M	M65-69	1	5:35:36	0:39:50	0:07:47	2:52:09	0:03:50	1:51:59	deu	
72380bdc-71b7-4e7c-bb33-7bf583a89092	1042	Loic Dujardin	M	M25-29	213	5:35:42	0:39:56	0:09:09	2:56:11	0:06:50	1:43:36	FR	
d064cadb-bfb9-ed11-83fe-000d3a314be4	1043	Arnaud De Dobbeleer	M	M35-39	155	5:35:49	0:44:46	0:08:42	2:37:34	0:04:40	2:00:07	BE	
1c04510a-be93-f011-b4cc-6045bd05f634	1044	Thomas Gerard	M	M18-24	129	5:35:49	0:38:23	0:07:06	2:55:46	0:04:29	1:50:05	BE	
4010c3ee-bd93-f011-b4cc-000d3a5b7c3b	1045	Anouk Milissen	F	F18-24	12	5:35:51	0:36:26	0:07:05	2:57:20	0:06:29	1:48:31	BE	
a34413bc-bd93-f011-b4cc-6045bd05f634	1046	Froni Vanoverbeke	F	F30-34	20	5:35:52	0:38:17	0:06:13	2:52:04	0:04:25	1:54:53	BE	
5c9bcf03-6398-ef11-8a6a-000d3a5a1803	1047	Martin Cajot	M	M30-34	213	5:35:56	0:38:00	0:08:44	2:40:22	0:04:07	2:04:43	BE	
158a718f-2397-f011-b4cc-000d3a5b7c3b	1048	Lennert Deraeve	M	M25-29	214	5:35:59	0:40:04	0:05:12	2:35:04	0:05:40	2:10:01	bel	
e5342894-c6cb-48ab-9005-462f74c22832	1049	Jean-Paul Chantry	M	M65-69	2	5:36:01	0:47:06	0:10:03	2:42:33	0:06:25	1:49:53	bel	
d5fed849-279d-f011-b41c-6045bd05f634	1050	martijn daans	M	M30-34	214	5:36:02	0:39:04	0:07:51	2:47:17	0:04:44	1:57:07	BE	
8fe732a3-1194-f011-b4cc-000d3a5b7c3b	1051	Mathias Van Gossum	M	M30-34	215	5:36:04	0:45:18	0:04:54	2:45:42	0:04:05	1:56:05	BE	
f1dfabd3-6940-445b-a2d0-17526d7fe962	1052	Josie Coates	F	F35-39	18	5:36:07	0:42:19	0:06:40	2:39:14	0:06:25	2:01:29	GB	
2c65cb42-cd93-f011-b4cc-000d3a5cf7d8	1053	Victorien Hanuise	M	M25-29	215	5:36:09	0:39:50	0:12:00	2:42:19	0:07:34	1:54:26	BE	
d54d5189-bd93-f011-b4cb-6045bd0a1bec	1054	Corentin Wanson	M	M25-29	216	5:36:09	0:47:47	0:07:39	2:45:06	0:03:36	1:52:01	BE	
1f382147-cc0a-4811-8e35-eb45c74c1090	1055	Sophie VANDEPITTE	F	F35-39	19	5:36:15	0:42:14	0:08:01	2:46:38	0:05:22	1:54:00	bel	
0ae07683-bd92-48fe-adb9-125c0faa9b75	1056	Filip Van Den Wyngaert	M	M45-49	81	5:36:18	0:42:44	0:09:48	2:44:28	0:06:45	1:52:33	BEL	
79a006c5-c5e1-46c7-a7f3-b00bccbdf531	1057	Jean-Paul Lambotte	M	M45-49	82	5:36:18	0:39:23	0:07:10	2:44:31	0:04:12	2:01:01	bel	
396f1d28-c093-f011-b4cc-0022480a7385	1058	Margrethe Blom Faukstad	F	F35-39	20	5:36:18	0:39:26	0:07:03	2:59:51	0:04:39	1:45:19	BE	
eb0d8ec8-ab59-4468-9f7e-c5fbd8b9c0a2	1059	Bert Vanhouteghem	M	M45-49	83	5:36:19	0:42:15	0:11:36	2:43:08	0:09:25	1:49:54	bel	
543127f9-bd93-f011-b4cc-000d3a3173b5	1060	Stien Edlund	F	F25-29	32	5:36:22	0:38:07	0:06:28	2:51:05	0:07:19	1:53:23	bel	
b46ddba4-d679-f011-b4cc-000d3a5b50ba	1061	Noa Feraille	M	M18-24	130	5:36:24	0:35:32	0:09:38	2:44:35	0:05:25	2:01:13	BE	
a0c1bc05-eb93-f011-b4cc-000d3a5b7c3b	1062	Sven Michiels	M	M25-29	217	5:36:29	0:39:44	0:08:24	2:37:12	0:04:03	2:07:07	BE	
f4f7ec93-ffed-ee11-a203-6045bd075a4c	1063	Stijn Van Bever	M	M45-49	84	5:36:33	0:43:45	0:09:27	2:48:00	0:04:43	1:50:38	BE	
c5c0ac16-ce93-f011-b4cc-000d3a3173b5	1064	Dries Sapion	M	M18-24	131	5:36:34	0:40:14	0:07:41	2:50:26	0:05:46	1:52:27	bel	
7428d7f4-ff93-f011-b4cc-000d3a35ffc1	1065	Harry Shields	M	M25-29	218	5:36:35	0:40:54	0:07:03	2:54:38	0:06:33	1:47:26	gbr	
36a31c3d-e198-ef11-8a6a-000d3a338a3c	1066	Kevin Lemaire	M	M35-39	156	5:36:36	0:38:18	0:05:49	2:57:05	0:04:03	1:51:21	BE	
ccd17690-0105-4d3f-9708-1fc0bda40a75	1067	Thibeau Van Damme	M	M25-29	219	5:36:41	0:39:27	0:06:41	2:35:52	0:04:08	2:10:33	bel	
36dd043b-b544-f011-877a-0022480c097c	1068	Vander Stock Enzo	M	M35-39	157	5:36:43	0:37:52	0:08:11	2:44:29	0:07:07	1:59:04	BE	
fd6201ef-bd93-f011-b4cc-000d3a35ffc1	1069	Daan van der Heyde	M	M25-29	220	5:36:48	0:36:03	0:09:01	2:42:35	0:04:32	2:04:36	BE	
97c0a89c-a691-f011-b4cc-000d3a5cf7d8	1070	Kobe Dupon	M	M35-39	158	5:36:52	0:39:53	0:07:26	2:53:36	0:05:15	1:50:42	BEL	
d2fe9a68-c693-f011-b4cc-0022480a7385	1071	Sam Declerck	M	M30-34	216	5:36:53	0:41:56	0:06:48	2:48:06	0:03:00	1:57:02	BE	
8ede29df-f179-ef11-a670-6045bd05c809	1072	jules hamal	M	M18-24	132	5:36:58	0:37:42	0:08:13	2:47:07	0:04:19	1:59:37	BE	
3865cd41-2097-f011-b4cc-0022480c097c	1073	Michiel Devos	M	M25-29	221	5:37:06	0:47:38	0:09:29	2:47:04	0:05:05	1:47:50	CH	
ec50c3a1-d693-f011-b4cc-6045bd05fcc1	1074	Pol Hoogmartens	M	M25-29	222	5:37:07	0:44:02	0:10:00	2:43:15	0:05:46	1:54:03	BE	
3f432436-50c5-ef11-b8e8-6045bd018d16	1075	Arthur Monbaliu	M	M25-29	223	5:37:09	0:40:48	0:07:32	2:44:03	0:04:37	2:00:10	BE	
f5cc3257-7198-f011-b4cc-6045bd05f634	1076	Kyle Lemmens	M	M35-39	159	5:37:11	0:39:03	0:06:58	2:56:03	0:04:43	1:50:24	BE	
57935eaf-2483-f011-b4cc-000d3a35ffc1	1077	Loïc Van Mechelen	M	M25-29	224	5:37:12	0:39:54	0:08:15	2:46:34	0:05:55	1:56:34		
9ea9f59c-ef93-f011-b4cc-6045bd05fcc1	1078	Demi Kops	F	F25-29	33	5:37:13	0:40:36	0:07:11	2:53:27	0:04:06	1:51:53	NL	
eb9c4ff6-455e-f011-bec1-000d3a5b7c3b	1079	Gaël Cunisse	M	M18-24	133	5:37:22	0:45:18	0:05:36	2:48:32	0:05:17	1:52:40	Unknown	
49b4a495-c046-f011-877a-0022480a7385	1080	Kenan Senay	M	M25-29	225	5:37:25	0:39:15	0:07:00	3:01:04	0:03:48	1:46:17	BE	
cf416a3b-b97d-ef11-ac20-000d3a59a9a1	1081	Olivier Pierron	M	M45-49	85	5:37:28	0:42:48	0:07:34	2:39:39	0:06:05	2:01:21	BE	
bb92e842-6694-f011-b4cc-0022480a7385	1082	Gauthier Sacré	M	M30-34	217	5:37:31	0:38:47	0:08:05	2:45:30	0:06:30	1:58:39	bel	
b69ecaf3-6277-471e-9c72-1cce4f73b255	1083	Lode Nijs	M	M30-34	218	5:37:38	0:38:51	0:06:23	2:49:11	0:05:29	1:57:45	BE	
8c5e5351-e08f-ef11-ac21-000d3a59a9a1	1084	Martin THONON	M	M35-39	160	5:37:45	0:40:35	0:06:47	2:45:42	0:03:40	2:01:00	BE	
5a5cbeea-f4b4-4e7c-bcbc-293c3e019e1f	1085	Joel Barrhäll	M	M50-54	35	5:37:50	0:42:04	0:06:37	2:35:14	0:07:33	2:06:21	swe	
e4af2734-5559-f011-bec1-002248098cfa	1086	Glenn Brysse	M	M40-44	92	5:37:53	0:41:30	0:08:06	2:52:45	0:04:41	1:50:52	BE	
1ffbca44-2fd3-ef11-8ee9-000d3a5ae96c	1087	Jonathan Franchi	M	M40-44	93	5:38:11	0:45:56	0:08:56	2:41:21	0:05:13	1:56:46	BE	
b9b21fff-bd93-f011-b4cc-000d3a3173b5	1088	Quentin Morel	M	M35-39	161	5:38:26	0:36:49	0:04:21	3:01:31	0:03:50	1:51:54	FR	
48044b6d-c193-f011-b4cc-0022480a7385	1089	Inne Geysen	F	F25-29	34	5:38:30	0:40:57	0:06:10	2:50:08	0:04:58	1:56:16	BE	
4bc815b9-ad90-ef11-ac21-000d3a338a3c	1090	Janssens Nico	M	M40-44	94	5:38:35	0:40:04	0:06:52	2:58:26	0:03:44	1:49:29	BE	
77c7580c-9a96-4ffc-99d2-51e5fef09eab	1091	Charles Colle	M	M35-39	162	5:38:41	0:39:10	0:07:17	2:52:59	0:04:55	1:54:19	BE	
ac74c538-cb93-f011-b4cc-000d3a5b50ba	1092	Claus Brusselle	M	M40-44	95	5:38:42	0:38:07	0:07:08	2:45:23	0:05:52	2:02:13	NL	
e8558e56-c493-f011-b4cc-6045bd05f634	1093	Julie Poppe	F	F30-34	21	5:38:44	0:40:10	0:06:57	2:50:01	0:04:58	1:56:38	BE	
1d31406e-c493-f011-b4cc-000d3a3173b5	1094	antoine savisky	M	M18-24	134	5:38:49	0:50:51	0:06:55	2:48:25	0:05:11	1:47:26	fra	
f5925b7a-1eff-48f2-ac67-def4b576a36c	1095	Vito Van Laeken	M	M35-39	163	5:38:50	0:38:39	0:05:22	2:50:33	0:04:14	2:00:01	BE	
357676f0-bd93-f011-b4cc-000d3a5cf7d8	1096	Quintijn Steelant	M	M25-29	226	5:38:51	0:42:07	0:06:28	2:48:12	0:05:09	1:56:55	BE	
c6fccd9c-a99a-f011-b4cc-000d3a5b7c3b	1097	Jean-Baptiste Marchal	M	M35-39	164	5:38:56	0:37:12	0:06:23	2:57:24	0:05:36	1:52:21	BE	
954a498e-8991-f011-b4cc-000d3a5cf7d8	1098	Simon Pauwels	M	M18-24	135	5:38:57	0:36:24	0:07:32	2:48:00	0:03:52	2:03:09	BE	
5f42137c-c193-f011-b4cc-0022480c097c	1099	Simon Pranger	M	M18-24	136	5:38:59	0:44:54	0:06:58	2:47:52	0:03:09	1:56:06	BE	
a2890271-694b-ef11-a316-6045bd07cb96	1100	Jan Cornillie	M	M45-49	86	5:39:03	0:47:06	0:09:02	2:48:43	0:05:40	1:48:31	bel	
68c1f1f8-e792-f011-b4cc-6045bd05fcc1	1101	Vera Titze	F	F30-34	22	5:39:11	0:37:22	0:06:37	2:52:44	0:04:49	1:57:39	DE	
c0995edc-c0ac-4230-a9d0-fc4de0dc23f8	1102	Jop Zebregs	M	M18-24	137	5:39:19	0:44:37	0:10:16	2:39:34	0:06:03	1:58:49	NL	
1d8bfa56-5fa8-4eed-a0e0-1a0ea3a3148d	1103	David Vials	M	M50-54	36	5:39:20	0:36:26	0:05:55	2:53:35	0:04:52	1:58:33	GB	
834dd72c-d596-f011-b4cc-000d3a3173b5	1104	Gregory Wienen	M	M40-44	96	5:39:21	0:40:27	0:09:59	2:52:49	0:03:57	1:52:10	BE	
97faf52b-4032-ef11-8409-000d3a383830	1105	Menno Schulteis	M	M30-34	219	5:39:24	0:46:04	0:08:16	2:49:43	0:03:51	1:51:31	nld	
5a45b1a3-9bfb-4d21-958d-0500962ff6c9	1106	Dirk Vertongen	M	M60-64	10	5:39:25	0:40:45	0:07:22	2:37:56	0:05:16	2:08:07	bel	
962b0250-6192-f011-b4cc-000d3a3173b5	1107	Nicolas Thibeau	M	M35-39	165	5:39:28	0:38:10	0:06:43	2:59:45	0:05:05	1:49:45	BE	
376b6a29-2c50-ef11-a317-000d3a383830	1108	Shana Raes	F	F30-34	23	5:39:30	0:37:18	0:06:05	2:53:42	0:04:03	1:58:22	BE	
2ebb3579-b6a1-ef11-8a6a-000d3a30152c	1109	PIETER-JAN DENDAUW	M	M25-29	227	5:39:34	0:43:38	0:09:10	3:03:09	0:05:49	1:37:47	BE	
50080c5d-ce93-f011-b4cc-000d3a3173b5	1110	Marvin Kleyn	M	M30-34	220	5:39:40	0:40:05	0:07:17	2:58:05	0:05:45	1:48:30	BEL	
31149e00-6f17-4eb1-9a72-ade15451d801	1111	Martine Vanlommel	F	F45-49	4	5:39:42	0:46:51	0:07:27	2:47:02	0:03:43	1:54:39	BE	
a9bff9f4-bd93-f011-b4cc-000d3a35ffc1	1112	Anouk de Wilde	F	F25-29	35	5:39:43	0:39:08	0:07:02	2:55:37	0:05:40	1:52:15	NL	
f58dceb8-d607-f011-bae2-000d3a5b50ba	1113	Stephanie De Smet	F	F30-34	24	5:39:46	0:40:57	0:07:16	2:53:24	0:05:01	1:53:08	BE	
ce849568-00ea-4284-96b7-cb710b8ce0a1	1114	Kim Van Nijverseel	F	F40-44	12	5:39:47	0:38:17	0:07:00	2:47:53	0:04:59	2:01:37	BE	
36b709c1-4157-4d81-b3dc-b8e28c688370	1115	Erik Aerts	M	M45-49	87	5:39:50	0:47:30	0:06:49	2:41:16	0:06:13	1:58:02	BEL	
3cd7870f-336b-f011-bec2-000d3a5cf7d8	1116	niels verheyen	M	M25-29	228	5:39:52	0:37:03	0:08:14	2:53:28	0:06:01	1:55:06	BE	
3b4ba454-3b43-4baa-9a8d-003f1335b524	1117	Oscar Bossuyt	M	M18-24	138	5:40:00	0:37:12	0:09:36	3:05:21	0:06:35	1:41:17	BEL	
e5a7c639-f64a-ed11-bba1-000d3a31458d	1118	Caroline Doe	F	F45-49	5	5:40:00	0:39:21	0:06:24	2:51:44	0:04:52	1:57:39	fra	
238f47b8-a59a-f011-b4cc-0022480c097c	1119	Sam Houlton	M	M30-34	221	5:40:02	0:40:25	0:09:25	2:43:36	0:05:23	2:01:13	gbr	
5acf15af-08a5-42b6-ac48-d5d000ecca8a	1120	Chantal Berendsen	F	F35-39	21	5:40:06	0:38:55	0:06:36	2:51:52	0:04:08	1:58:35	BE	
8f6533a7-f593-f011-b4cc-000d3a5cf7d8	1121	Pierre Glatz	M	M30-34	222	5:40:12	0:46:51	0:08:26	2:50:11	0:04:27	1:50:18	Unknown	
46ad4096-49de-ef11-8eea-000d3a30152c	1122	Romeo Decuypere	M	M18-24	139	5:40:16	0:36:31	0:06:38	2:48:55	0:03:35	2:04:37	BE	
478fffa1-42de-ef11-8eea-000d3a5a1803	1123	Thomas Defoirdt	M	M35-39	166	5:40:19	0:36:09	0:06:47	2:46:18	0:04:22	2:06:42	BE	
7e23c60d-d110-4587-a184-5f44384b5124	1124	Jonas Basten	M	M35-39	167	5:40:21	0:34:50	0:08:47	2:38:04	0:04:18	2:14:22	bel	
6483b3a7-be93-f011-b4cc-0022480a7385	1125	Jonas Van den Bruele	M	M25-29	229	5:40:21	0:40:01	0:05:26	2:51:50	0:02:59	2:00:04	BE	
5bce4682-dba9-45af-b399-3411547681f3	1126	Stephane De Bruyn	M	M55-59	26	5:40:30	0:38:46	0:07:14	2:54:00	0:05:29	1:55:01	BE	
94bf3bdc-85ec-496b-8e56-d92b1d9e258b	1127	Andreas Königstedt	M	M40-44	97	5:40:33	0:36:07	0:06:56	2:49:46	0:05:06	2:02:38	DE	
eeeacac7-3ebc-4a59-b2f2-4eafc18319a5	1128	Dan Mccarthy	M	M60-64	11	5:40:51	0:35:44	0:07:16	2:44:25	0:05:21	2:08:05	irl	
6aabdee5-0ff6-4566-8bb1-a135c26b5865	1129	David Clijsters	M	M50-54	37	5:40:53	0:37:32	0:06:13	2:51:04	0:05:25	2:00:39	BE	
d6289473-3f55-47b0-8373-f9b4d4edd40d	1130	Ann Devalckeneer	F	F30-34	25	5:41:00	0:34:23	0:07:30	3:02:33	0:05:38	1:50:55	bel	
2aba7098-be93-f011-b4cc-000d3a5cf7d8	1131	Viktor Claes	M	M25-29	230	5:41:01	0:38:32	0:09:07	2:42:26	0:06:08	2:04:47	bel	
92769c37-538d-f011-b4cc-000d3a3173b5	1132	Lothar Blommaerts	M	M30-34	223	5:41:12	0:39:08	0:07:47	2:40:02	0:06:40	2:07:35	BE	
c678722e-d093-f011-b4cc-000d3a35ffc1	1133	Job de Wilde	M	M30-34	224	5:41:16	0:43:20	0:08:37	3:02:54	0:03:55	1:42:30	NL	
336706e3-bd93-f011-b4cc-000d3a5b50ba	1134	Roy Van Goethem	M	M30-34	225	5:41:17	0:40:01	0:06:33	2:55:37	0:05:55	1:53:10	BE	
64680bcb-809c-f011-b41c-6045bd05fcc1	1135	Todd Gregg	M	M25-29	231	5:41:22	0:39:33	0:07:30	2:55:51	0:04:54	1:53:34	GB	
6372f0d7-4b39-f011-b4cc-000d3a5cf7d8	1136	federico policastro	M	M35-39	168	5:41:28	0:33:04	0:08:27	2:55:45	0:06:41	1:57:31	BE	
1396eb43-e593-f011-b4cc-0022480a7385	1137	Vincent Wildemeersch	M	M30-34	226	5:41:29	0:38:20	0:06:22	2:36:00	0:06:27	2:14:21	BE	
ebea2e63-b993-f011-b4cc-6045bd05f634	1138	Quentin Colmant	M	M35-39	169	5:41:33	0:38:54	0:07:31	2:46:40	0:04:31	2:03:57	BE	
bae706bb-b42a-44d5-a969-33dd989df33c	1139	Hugo Soares	M	M30-34	227	5:41:39	0:41:10	0:08:31	2:55:17	0:05:08	1:51:33	BE	
8eef6abf-7ba9-ef11-b8e9-002248049fdc	1140	Niek Lintermans	M	M18-24	140	5:41:43	0:37:16	0:09:25	2:52:43	0:05:07	1:57:13	NL	
1c16a2af-cb92-f011-b4cc-0022480a7385	1141	Thys Verlinden	M	M25-29	232	5:41:45	0:46:58	0:07:07	2:53:19	0:04:13	1:50:08	BE	
f722f20f-bd98-f011-b4cc-000d3a5b50ba	1142	Nathan Faes	M	M30-34	228	5:41:46	0:39:42	0:08:45	2:48:44	0:04:41	1:59:55	BE	
48d195f0-c093-f011-b4cc-000d3a35ffc1	1143	Staf Beernaert	M	M18-24	141	5:41:52	0:37:59	0:10:31	2:51:29	0:04:11	1:57:42	bel	
a43251ba-fa97-f011-b4cb-002248098ff3	1144	Lisa Michaela Himbert	F	F30-34	26	5:41:55	0:37:31	0:08:13	3:05:19	0:05:12	1:45:40	DE	
f9ca958f-63c4-41e7-81f9-447a2e589dbc	1145	Thibault Vandewalle	M	M25-29	233	5:42:03	0:44:04	0:08:55	2:45:48	0:05:29	1:57:46	bel	
37f707b5-73c7-4bd8-a1de-5cef072bdce4	1146	Isabelle Floreal	F	F55-59	1	5:42:04	0:41:14	0:08:48	2:54:13	0:05:14	1:52:34	BE	
700badf0-0b1d-4561-ba55-e1f088d6e2d2	1147	Christian Brondum	M	M50-54	38	5:42:04	0:42:52	0:07:22	2:39:20	0:08:01	2:04:29	dnk	
1883c261-be93-f011-b4cc-000d3a5b50ba	1148	Stefanie Schuldt-Schoenhardt	F	F40-44	13	5:42:13	0:40:07	0:07:01	2:53:23	0:04:54	1:56:49	deu	
a4ec6839-f077-ef11-a670-002248049fdc	1149	Jimmy Stiers	M	M45-49	88	5:42:19	0:41:49	0:07:48	2:49:44	0:04:52	1:58:05	bel	
943cfe6a-dd93-f011-b4cc-000d3a3173b5	1150	Ilse Govaerts	F	F45-49	6	5:42:20	0:35:48	0:07:15	2:55:51	0:04:59	1:58:28	BE	
35d80c3e-d396-f011-b4cc-000d3a3173b5	1151	Olivier Claes	M	M35-39	170	5:42:20	0:44:46	0:10:02	2:49:19	0:06:49	1:51:24	BE	
31c0b96a-ff4a-4cfb-bd15-dca7da74d26e	1152	Bassam Salamé	M	M40-44	98	5:42:28	0:32:06	0:07:45	2:52:31	0:06:25	2:03:41	Unknown	
c9b5a400-11bb-ef11-b8e8-000d3a5a403c	1153	Catherine Mariën	F	F55-59	2	5:42:39	0:44:59	0:06:59	2:51:40	0:03:34	1:55:27	bel	
ced49bac-cc93-f011-b4cc-000d3a35ffc1	1154	Dmytro Nalbat	M	M35-39	171	5:42:42	0:48:26	0:07:46	2:46:45	0:06:22	1:53:23	bel	
2a982139-bb66-4697-8edf-5d2ab21585b2	1155	Koenraad Meesschaert	M	M35-39	172	5:42:45	0:41:22	0:06:06	2:54:39	0:03:11	1:57:26	bel	
9a999768-ff93-f011-b4cb-002248098cfa	1156	Lowik Vervloet	M	M25-29	234	5:42:45	0:29:55	0:07:38	2:50:49	0:04:16	2:10:07	BE	
e935ba4d-be93-f011-b4cc-000d3a3173b5	1157	Justine Dewaele	F	F18-24	13	5:42:54	0:44:40	0:09:31	2:48:35	0:03:42	1:56:25	BE	
72057949-be93-f011-b4cc-0022480c097c	1158	Arthur Loyens	M	M25-29	235	5:42:55	0:40:37	0:09:04	2:56:42	0:05:36	1:50:57	BE	
cce35497-c995-ef11-8a6a-000d3a59a9a1	1159	Wayne Coates	M	M65-69	3	5:42:56	0:43:53	0:08:37	2:38:30	0:05:36	2:06:21	GB	
2b34d0f7-239e-f011-b41c-000d3a35ffc1	1160	David Vella	M	M45-49	89	5:43:00	0:45:27	0:10:42	2:53:23	0:07:38	1:45:51	BE	
15c79007-86fe-45cf-b71b-bf644d79b7f2	1161	Tom Hendrickx	M	M55-59	27	5:43:04	0:35:05	0:08:31	2:54:04	0:05:26	1:59:57	BE	
b39aac2c-c193-f011-b4cb-002248098cfa	1162	Charlotte Vanheusden	F	F25-29	36	5:43:06	0:36:35	0:06:57	2:54:38	0:05:21	1:59:35	BE	
ce58c5f9-7d99-f011-b4cc-6045bd09951e	1163	Jeroen Schepers	M	M40-44	99	5:43:15	0:38:42	0:11:07	2:51:06	0:06:56	1:55:23	NL	
71d72c0b-dc93-f011-b4cc-0022480c097c	1164	Mateo Bruggeman	M	M25-29	236	5:43:25	0:42:05	0:08:26	2:42:02	0:04:59	2:05:53	BE	
518466c8-db93-f011-b4cc-000d3a3173b5	1165	Marc Goffin	M	M45-49	90	5:43:30	0:39:33	0:08:43	2:46:20	0:05:53	2:03:00	BE	
4444f6ef-72ae-426e-ab54-f090064e6a9d	1166	Richard Hindle	M	M60-64	12	5:43:31	0:29:20	0:06:09	2:55:50	0:04:31	2:07:41	GB	
71138f0b-bf93-f011-b4cc-000d3a5cf7d8	1167	Gees Wouter	M	M30-34	229	5:43:31	0:44:09	0:06:48	3:04:12	0:03:57	1:44:25	BE	
b6df9113-be93-f011-b4cc-000d3a5b50ba	1168	Jonas Declercq	M	M25-29	237	5:43:33	0:42:05	0:07:26	2:38:49	0:04:41	2:10:32	BE	
07eef598-0d63-4ed7-9f7f-db48f228821d	1169	Dani Tonge	F	F40-44	14	5:43:34	0:38:01	0:07:08	3:01:44	0:06:21	1:50:20	NL	
5720b90d-c093-f011-b4cc-000d3a5cf7d8	1170	Jeanette Chizuk	F	F25-29	37	5:43:41	0:40:16	0:07:13	2:53:57	0:04:22	1:57:53	DE	
05721923-93aa-ef11-b8e8-6045bd018d16	1171	Simone Liebhäuser	F	F30-34	27	5:43:41	0:41:19	0:06:17	2:53:50	0:04:59	1:57:16	DE	
63044b6d-c193-f011-b4cc-0022480a7385	1172	Tom Antonis	M	M50-54	39	5:43:45	0:36:01	0:09:05	2:56:06	0:05:09	1:57:25	BE	
3f5ca2d2-4065-ef11-bfe3-00224809fd7c	1173	Rory Leanord	M	M25-29	238	5:43:48	0:34:53	0:05:50	2:48:06	0:04:23	2:10:35	GB	
8d11871c-cc93-f011-b4cc-000d3a5cf7d8	1174	Anne Launay	F	F25-29	38	5:43:52	0:39:43	0:06:21	3:01:05	0:03:03	1:53:41	BE	
ba1a31e1-1a23-4ebc-93f7-ebdca032203c	1175	Sandrine Launay	F	F30-34	28	5:43:53	0:39:38	0:05:24	3:02:02	0:03:07	1:53:42	bel	
f7fa37f4-bd93-f011-b4cc-0022480a7385	1176	Lotte Harinck	F	F18-24	14	5:43:58	0:35:12	0:05:38	2:54:35	0:04:51	2:03:43	BE	
c7e6b6ac-bd93-f011-b4cc-000d3a35ffc1	1177	Jonas Vanduffel	M	M30-34	230	5:44:02	0:41:46	0:06:09	2:46:09	0:03:22	2:06:36	BE	
dfbf7d72-73ea-4ed3-a4ed-0c2113660c6a	1178	Bouter Neuckermans	M	M40-44	100	5:44:05	0:35:26	0:08:00	2:37:11	0:05:47	2:17:40	bel	
ec19edc3-c493-f011-b4cb-6045bd0a1bec	1179	Gertjan Jespers	M	M35-39	173	5:44:05	0:42:17	0:09:33	2:49:52	0:07:46	1:54:36	BE	
6004cabf-d396-f011-b4cc-6045bd05fcc1	1180	Antoine Warnant	M	M35-39	174	5:44:07	0:42:27	0:05:20	2:36:28	0:03:57	2:15:55	BE	
84e24b07-275f-ea11-a811-000d3a5913bd	1181	Robin Thijs	M	M30-34	231	5:44:08	0:36:00	0:06:25	2:44:21	0:04:24	2:12:58	BE	
36e4481a-b993-f011-b4cc-6045bd09951e	1182	Thibault Kippers	M	M18-24	142	5:44:09	0:40:26	0:07:57	2:46:59	0:06:56	2:01:51	BE	
53480e36-c996-f011-b4cc-6045bd09951e	1183	Sophie Vanwambeke	F	F25-29	39	5:44:11	0:42:43	0:08:34	2:55:34	0:04:20	1:53:01	BE	
4aa9614d-2eac-ef11-b8e8-000d3a5a403c	1184	Marijn Van Overschelde	M	M40-44	101	5:44:12	0:51:27	0:10:55	2:44:39	0:06:27	1:50:44	BE	
345077d6-dfdb-ef11-8eea-000d3a5a1803	1185	Quentin Vandepapeliere	M	M25-29	239	5:44:14	0:40:34	0:05:05	2:55:16	0:03:53	1:59:25	BE	
8aad0318-bf93-f011-b4cb-002248098cfa	1186	Sven Bardyn	M	M50-54	40	5:44:14	0:43:53	0:07:22	2:58:09	0:03:59	1:50:51	BE	
64fa6390-d291-ed11-aad0-000d3a314c24	1187	Martin Callebaut	M	M45-49	91	5:44:19	0:42:35	0:09:21	2:55:23	0:05:34	1:51:27	BE	
6329891f-178f-f011-b4cb-7ced8d3d9235	1188	Antoine Monvoisin	M	M35-39	175	5:44:23	0:35:18	0:09:38	2:54:48	0:08:40	1:56:00	FR	
5932f85f-309d-f011-b41c-000d3a35ffc1	1189	Thorsten Kuipers	M	M30-34	232	5:44:24	0:43:55	0:08:37	2:47:59	0:05:21	1:58:32	NL	
7588eec3-c893-f011-b4cb-6045bd0a1bec	1190	Martijn de Koster	M	M30-34	233	5:44:24	0:43:00	0:06:00	2:47:29	0:03:51	2:04:04	NL	
a1d2b452-dd93-f011-b4cc-6045bd05f634	1191	Tibo Van Winghe	M	M25-29	240	5:44:31	0:42:53	0:09:26	2:48:09	0:05:32	1:58:32	BE	
9b7bf382-630a-4693-866a-0c82a2260e86	1192	Johan Christoffels	F	F45-49	7	5:44:35	0:42:26	0:11:10	2:48:11	0:07:00	1:55:48	BE	
d61f0bf5-c693-f011-b4cc-000d3a35ffc1	1193	Jack Waight	M	M30-34	234	5:44:37	0:40:43	0:06:40	2:49:20	0:04:50	2:03:04	gbr	
69c37793-d897-ef11-8a6a-000d3a3126fd	1194	Ashley Marsh	M	M30-34	235	5:44:38	0:39:28	0:10:35	2:51:29	0:05:31	1:57:35	GB	
3a23e9c8-f215-4aa8-8868-715f039c9fb9	1195	Daniel Miley	M	M45-49	92	5:44:40	0:38:34	0:08:10	2:55:27	0:05:53	1:56:36	IE	
e083ee0c-7d21-4b71-880f-6a98177e0bf9	1196	Damian Mckeever	M	M50-54	41	5:44:44	0:34:41	0:07:18	2:56:00	0:05:49	2:00:56	irl	
a46ac2bb-d672-4fd9-9456-bf34f4015ecf	1197	Randolf Allenstein	M	M60-64	13	5:44:45	0:46:47	0:08:51	2:46:08	0:04:21	1:58:38	DE	
b1a91a62-3b9d-f011-b41b-000d3a5a5dc2	1198	Twan van Ginneken	M	M30-34	236	5:44:46	0:35:42	0:10:29	2:49:57	0:06:58	2:01:40	NL	
5fbee4b2-481e-4ff2-9125-3b1cf7b774a4	1199	Katelijne Berx	F	F30-34	29	5:44:50	0:41:46	0:06:41	2:51:28	0:06:30	1:58:24	DK	
8779cc58-7198-f011-b4cc-0022480a7385	1200	Brent Van Nieuwenhove	M	M30-34	237	5:44:53	0:46:03	0:06:40	2:40:40	0:04:53	2:06:37	bel	
71eafaea-cc95-ef11-8a6a-000d3a5b50a4	1201	Stijn Tuyls	M	M40-44	102	5:44:55	0:39:50	0:07:52	2:51:20	0:04:42	2:01:11	BE	
6d824ed1-49bd-ef11-b8e9-002248049fdc	1202	Seppe Bleyen	M	M25-29	241	5:44:57	0:41:47	0:07:50	2:49:41	0:04:19	2:01:21	BE	
05e0404a-c893-f011-b4cc-0022480c097c	1203	Thomas Moreau	M	M30-34	238	5:44:58	0:40:03	0:14:09	2:44:57	0:07:46	1:58:03	FR	
d7e3d9ee-b3d8-ef11-8eea-000d3a5a1803	1204	Thomas Batty	M	M35-39	176	5:44:59	0:42:25	0:07:00	2:50:01	0:04:38	2:00:55	GB	
8f644020-d3cf-43d3-9faf-197619472144	1205	Dirk Van Meirvenne	M	M60-64	14	5:44:59	0:41:19	0:06:36	2:49:44	0:05:01	2:02:18	bel	
c660f655-de93-f011-b4cc-000d3a5b7c3b	1206	Nathan LAMEUNIERE	M	M18-24	143	5:44:59	0:41:02	0:07:04	3:12:08	0:03:07	1:41:38	FR	
5082e0ed-8b84-427e-b194-f8c2a6f36d67	1207	Miriam Korpar	F	F35-39	22	5:45:05	0:32:00	0:06:15	3:01:10	0:06:06	1:59:34	BE	
1bbbd926-098f-f011-b4cc-000d3a5cf7d8	1208	Eveline Sonck	F	F25-29	40	5:45:17	0:45:35	0:06:52	3:04:42	0:03:42	1:44:25	BE	
d374d7ba-c4c9-ef11-b8e8-000d3a5ae96c	1209	Andreas Vandenbussche	M	M25-29	242	5:45:20	0:47:12	0:09:03	2:49:42	0:05:53	1:53:30	BE	
96da6785-b99a-f011-b4cc-000d3a3173b5	1210	Floor Voet	F	F25-29	41	5:45:22	0:42:58	0:05:45	2:46:04	0:04:59	2:05:37	bel	
718a8c1c-53d9-ef11-8ee9-000d3a5ae96c	1211	Manon BONNEVIE	F	F30-34	30	5:45:39	0:43:35	0:05:05	2:51:47	0:03:46	2:01:26	FR	
0ff924a0-a694-f011-b4cc-6045bd09951e	1212	Lilli Fischer	F	F18-24	15	5:45:41	0:43:37	0:06:03	2:54:40	0:03:36	1:57:45	DE	
f0f7cbfa-bd93-f011-b4cc-000d3a5b7c3b	1213	Vivian Ring	F	F25-29	42	5:45:43	0:36:34	0:06:54	2:55:03	0:05:45	2:01:28	DE	
9799a606-2f93-f011-b4cc-000d3a5cf7d8	1214	Matthias De Mey	M	M40-44	103	5:45:44	0:43:33	0:09:38	2:44:45	0:07:09	2:00:38	BE	
7000ee56-f093-f011-b4cc-000d3a35ffc1	1215	Koen Klaversma	M	M30-34	239	5:45:44	0:41:42	0:09:26	2:48:20	0:05:58	2:00:18	NL	
f6f59224-be93-f011-b4cc-6045bd09951e	1216	sybille bogaerts	F	F25-29	43	5:45:44	0:38:37	0:06:36	2:55:53	0:04:58	1:59:40	BE	
d8d7b7d7-be93-f011-b4cc-0022480a7385	1217	Victor Thienpont	M	M25-29	243	5:45:44	0:41:27	0:07:26	2:55:52	0:04:49	1:56:10	BE	
481acd30-be93-f011-b4cc-000d3a35ffc1	1218	Kaïn Denon	M	M25-29	244	5:45:47	0:40:45	0:08:47	2:48:37	0:05:05	2:02:33	BE	
2dcbb24c-b598-f011-b4cc-6045bd05f634	1219	Jesse Smits	M	M25-29	245	5:45:52	0:38:37	0:07:24	2:48:17	0:06:12	2:05:21	NL	
9cb39e93-4a9c-f011-b41c-6045bd05fcc1	1220	Anthony Houwaart	M	M35-39	177	5:45:58	0:41:50	0:09:54	2:48:32	0:05:02	2:00:41	BE	
560f5ec5-6499-f011-b4cb-7ced8d6e2ae5	1221	Florian Englebert	M	M30-34	240	5:46:02	0:42:50	0:07:07	3:01:53	0:03:54	1:50:18	BE	
80cd72eb-bd93-f011-b4cb-002248098cfa	1222	Céderic Verhelst	M	M25-29	246	5:46:03	0:49:32	0:06:10	2:57:22	0:03:48	1:49:12	BE	
bbbb0bb8-c9fd-485a-b9eb-36e1339178fb	1223	Philip King	M	M25-29	247	5:46:06	0:34:03	0:07:31	2:49:39	0:05:10	2:09:42	gbr	
68b48b74-0862-ef11-bfe3-000d3a371e3b	1224	Michiel Crols	M	M18-24	144	5:46:07	0:39:03	0:08:07	2:54:16	0:05:58	1:58:41	BE	
bb3d6856-23b2-4f4c-a856-95596a7b33d5	1225	Amber Milo	F	F30-34	31	5:46:09	0:40:20	0:05:58	2:46:48	0:05:16	2:07:46	BEL	
70a9aab3-c093-f011-b4cc-000d3a3173b5	1226	Robbe Vanneste	M	M25-29	248	5:46:19	0:39:05	0:06:57	2:55:21	0:03:45	2:01:11	bel	
4e390ab2-70e4-e911-a984-000d3a3749bc	1227	Peggy Compernolle	F	F50-54	3	5:46:20	0:41:50	0:05:35	2:51:04	0:05:02	2:02:49	BE	
260ce08a-cc8d-43b9-91c7-a010927f2a05	1228	Peter Willems	M	M50-54	42	5:46:23	0:46:28	0:06:47	2:41:23	0:03:36	2:08:08	BE	
604b4efc-ccd2-469b-9606-2326679f4420	1229	Iris Bonnet	F	F35-39	23	5:46:23	0:35:05	0:05:34	2:49:51	0:03:42	2:12:11	NL	
2aa53994-75be-4484-9f15-15c6f0436f16	1230	Frederik Goethals	M	M50-54	43	5:46:28	0:42:31	0:08:27	2:43:11	0:06:02	2:06:17	BE	
681701cc-7d9b-f011-b41c-000d3a35ffc1	1231	Thijs van der Velden	M	M18-24	145	5:46:30	0:39:13	0:07:21	2:46:35	0:04:31	2:08:50	NL	
7e160354-bf9d-f011-b41c-000d3a5c3d6c	1232	Femke De Backer	F	F25-29	44	5:46:30	0:30:48	0:09:37	2:59:19	0:06:15	2:00:31	bel	
83f745c0-c793-f011-b4cb-6045bd0a1bec	1233	Veronique Inizan	F	F50-54	4	5:46:41	0:41:46	0:06:20	2:59:54	0:04:45	1:53:56	GB	
022bce3b-fc95-f011-b4cc-0022480a7385	1234	Tuur Missotten	M	M18-24	146	5:46:42	0:38:51	0:08:50	2:52:23	0:06:41	1:59:57	BE	
b7219a36-cb08-4133-9134-1fd3c3e0ca5f	1235	Simon Smets	M	M30-34	241	5:46:43	0:45:20	0:09:17	2:51:11	0:05:53	1:55:03	BE	
d3d2d6c2-238d-ef11-ac21-000d3a5b3d07	1236	Jelger Van den Berg	M	M35-39	178	5:46:53	0:42:26	0:07:44	2:49:22	0:04:22	2:02:58	BE	
6f2377bf-90c9-4fba-9b5e-4d0854926ec5	1237	Karolina Ludwiczak	F	F35-39	24	5:46:54	0:42:38	0:06:37	2:51:25	0:03:59	2:02:16	DEU	
35efcfc4-e293-f011-b4cc-000d3a5b50ba	1238	Maxime Van Loy	F	F18-24	16	5:46:55	0:37:12	0:05:59	2:41:02	0:04:42	2:18:00	BE	
f415ddca-3870-ef11-a671-6045bd0953ac	1239	Yarne Van der Straeten	M	M30-34	242	5:46:59	0:36:59	0:06:04	2:41:52	0:03:32	2:18:33	bel	
ef8b4318-d893-f011-b4cc-000d3a35ffc1	1240	Edwin de Kock	M	M35-39	179	5:47:00	0:43:29	0:06:52	2:55:59	0:04:44	1:55:58	NL	
7c6384a9-2432-4d40-885c-4ad30d0a266b	1241	Josi Friede	F	F45-49	8	5:47:01	0:41:20	0:07:10	2:55:09	0:04:25	1:58:57	DEU	
e57aaf12-4fde-ef11-8eea-00224806c129	1242	Frédérique Fransen	F	F40-44	15	5:47:03	0:51:24	0:06:48	2:49:25	0:05:07	1:54:19	BE	
a3cd6a50-7e9c-f011-b41c-000d3a5cf7d8	1243	Izaak Bailey	M	M18-24	147	5:47:04	0:57:26	0:08:58	3:00:39	0:05:34	1:34:27	GB	
a0926dfb-235a-4cd9-8544-8782989a6a3f	1244	Tim Richter	M	M35-39	180	5:47:19	0:49:04	0:06:07	2:45:10	0:04:58	2:01:59	DE	
895cb4b2-e793-f011-b4cc-000d3a5b50ba	1245	Evelien Aussems	F	F30-34	32	5:47:19	0:42:04	0:07:09	3:01:56	0:06:10	1:50:00	bel	
d5f41e9e-e493-f011-b4cc-6045bd09951e	1246	Adam O’Leary	M	M35-39	181	5:47:20	0:47:09	0:06:15	3:04:00	0:03:12	1:46:45	GB	
ae86bc0d-068c-45b8-a960-4ed267961ae8	1247	Julie West	F	F50-54	5	5:47:27	0:36:27	0:08:35	2:58:38	0:04:34	1:59:13	GBR	
3a3d95c6-f493-f011-b4cc-000d3a5b7c3b	1248	Suzanne Vogelezang	F	F35-39	25	5:47:41	0:31:40	0:07:24	2:59:30	0:05:30	2:03:38	NL	
1332e62b-f493-f011-b4cc-6045bd09951e	1249	Yana Cammaerts	F	F30-34	33	5:47:47	0:44:08	0:08:29	2:52:34	0:07:39	1:54:57	BE	
6ded8f88-111b-ef11-840b-000d3a314c24	1250	Tina Wedel	F	F40-44	16	5:47:49	0:51:37	0:08:26	2:56:56	0:04:55	1:45:56	DEU	
ea982694-2d4d-4d13-80ca-679914c4664f	1251	Johan De Smedt	M	M45-49	93	5:47:49	0:44:46	0:07:00	2:43:22	0:05:14	2:07:28	BE	
0ce03b34-9ba5-ef11-8a6a-000d3a59a9a1	1252	Alexine Quintyn	F	F30-34	34	5:48:05	0:47:07	0:07:12	2:49:57	0:04:30	1:59:20	BE	
836c7203-cd9d-f011-b41c-000d3a5c3d6c	1253	Kenny Lenders	M	M25-29	249	5:48:11	0:45:21	0:07:18	2:42:35	0:04:59	2:07:58	BE	
b4beb7dc-c993-f011-b4cc-6045bd05fcc1	1254	René Heinen	M	M35-39	182	5:48:11	0:50:24	0:08:25	2:42:04	0:05:53	2:01:25	DE	
25019cc7-543b-4948-b6a8-4e30146949dc	1255	Pieter Claeijs	M	M30-34	243	5:48:14	0:41:09	0:11:41	2:59:26	0:07:41	1:48:18	NL	
fa155647-b797-f011-b4cc-000d3a35ffc1	1256	thomas vincotte	M	M35-39	183	5:48:17	0:40:44	0:07:46	2:40:59	0:08:11	2:10:37	BE	
084b3ec6-c793-f011-b4cb-6045bd0a1bec	1257	Corentin Vasset	M	M30-34	244	5:48:19	0:38:49	0:05:57	2:55:57	0:04:47	2:02:48	FR	
b0e784fe-7839-ef11-8409-000d3a367177	1258	Niels Van Broeck	M	M25-29	250	5:48:22	0:37:27	0:08:21	3:04:06	0:04:36	1:53:53	BE	
4c5231ea-35cb-4578-935f-63e92278ccc4	1259	Aurelie Bosmans	F	F35-39	26	5:48:27	0:39:55	0:08:27	2:50:47	0:06:17	2:03:01	BE	
bc9eab7f-b38b-ef11-ac21-000d3a59a9a1	1260	Dieter Pollet	M	M40-44	104	5:48:28	0:40:49	0:06:38	2:38:04	0:05:28	2:17:29	BE	
1f90487a-fbff-43e8-aa39-e878dabb018a	1261	Fiona Figueroa	F	F30-34	35	5:48:29	0:39:38	0:05:54	3:11:21	0:04:45	1:46:51	SG	
3045b648-be93-f011-b4cc-6045bd09951e	1262	Sebastiaan Boudry	M	M30-34	245	5:48:35	0:41:45	0:08:43	2:46:31	0:06:00	2:05:37	BE	
4595d338-0694-f011-b4cc-0022480c097c	1263	Lennert De Saveur	M	M25-29	251	5:48:44	0:43:21	0:07:37	2:51:36	0:08:37	1:57:34	BE	
fcd369f1-de92-f011-b4cc-000d3a35ffc1	1264	Louis Francken	M	M18-24	148	5:48:53	0:44:58	0:08:09	2:54:23	0:03:35	1:57:48	BE	
81107698-0592-f011-b4cc-000d3a35ffc1	1265	Felix Scheel	M	M30-34	246	5:48:53	0:37:59	0:07:08	2:50:37	0:03:52	2:09:17	DE	
4ec8258c-f693-f011-b4cc-000d3a5b7c3b	1266	antoine delforge	M	M30-34	247	5:48:56	0:42:48	0:07:33	2:37:18	0:06:13	2:15:04	BE	
fc3a7898-bd93-f011-b4cc-6045bd09951e	1267	Matthew Lauwers	M	M35-39	184	5:49:03	0:42:31	0:08:15	2:40:05	0:05:56	2:12:16	BE	
4246c091-c292-f011-b4cc-000d3a35ffc1	1268	Michael van der Veen	M	M40-44	105	5:49:04	0:50:59	0:08:06	2:49:59	0:04:32	1:55:29	NL	
a357c237-a467-4114-b222-4000dd1f0ef4	1269	Katja Wild	F	F30-34	36	5:49:10	0:39:36	0:06:16	3:01:14	0:05:34	1:56:31	DE	
82d29fc3-ff93-f011-b4cc-0022480a7385	1270	Nick Janssens	M	M25-29	252	5:49:10	0:40:42	0:11:09	2:40:27	0:08:46	2:08:06	BE	
dc6b5b5c-fe93-f011-b4cc-000d3a3173b5	1271	Arthur Vandendriessche	M	M30-34	248	5:49:11	0:42:14	0:10:38	2:51:49	0:06:07	1:58:23	BE	
101fa779-bb82-f011-b4cc-0022480a7385	1272	Antony Wulteput	M	M30-34	249	5:49:15	0:41:16	0:08:03	2:36:14	0:04:53	2:18:49	BE	
f5526200-a7a1-40c1-a5f0-fbe8fa4351a7	1273	Olivier Havel	M	M55-59	28	5:49:18	0:39:00	0:09:36	2:51:46	0:11:26	1:57:30	bel	
ee2b6a99-ef93-f011-b4cc-000d3a5b50ba	1274	Olivier Van Lier	M	M25-29	253	5:49:20	0:46:35	0:09:28	2:42:17	0:05:06	2:05:55	BE	
9626cc74-159b-f011-b4cc-000d3a35ffc1	1275	Quinten Zalm	M	M18-24	149	5:49:21	0:46:05	0:08:05	2:44:12	0:04:53	2:06:06	NL	
97b93cc0-9c10-4275-8cc5-a4d42e537bc9	1276	Thierry Connerotte	M	M50-54	44	5:49:25	0:38:33	0:07:44	2:45:12	0:06:20	2:11:36	BE	
cbbecf9b-c293-f011-b4cc-000d3a5cf7d8	1277	Michiel Craenen	M	M35-39	185	5:49:32	0:37:22	0:06:52	2:40:41	0:05:13	2:19:23	BE	
84f7cbfa-bd93-f011-b4cc-000d3a5b7c3b	1278	Hendrik Lueg	M	M30-34	250	5:49:33	0:39:37	0:07:06	2:51:12	0:02:56	2:08:42	BE	
1c1b0b23-fe93-f011-b4cc-000d3a5b7c3b	1279	Jonathan Nachtergaele	M	M30-34	251	5:49:42	0:49:22	0:07:36	2:54:04	0:05:30	1:53:10	BE	
78bd5e7b-d76e-4aa7-83a8-53f3841c63ea	1280	Marcus Partridge	M	M35-39	186	5:49:45	0:41:34	0:06:54	2:56:01	0:04:38	2:00:37	GB	
a8a4e40e-4992-f011-b4cc-6045bd09951e	1281	Julie Vermeire	F	F25-29	45	5:49:49	0:41:32	0:08:45	2:57:39	0:04:38	1:57:15	BE	
b7b015bd-c0d4-4d77-a70a-8107ca97d513	1282	Oliver Ruppert	M	M50-54	45	5:49:58	0:39:09	0:09:41	2:54:19	0:07:42	1:59:08	NL	
2513afa3-f7ff-40be-92c5-1ca5ad4a308e	1283	Kristof De Ferm	M	M45-49	94	5:50:01	0:40:36	0:08:01	2:53:03	0:07:06	2:01:15	BEL	
80659e8c-8e91-f011-b4cc-0022480a7385	1284	Maarten Haers	M	M35-39	187	5:50:03	0:46:29	0:09:13	2:59:27	0:05:23	1:49:32	BE	
40574c54-bc46-f011-877a-000d3a35ffc1	1285	Anthony Dourte	M	M25-29	254	5:50:04	0:34:25	0:05:20	2:58:33	0:05:24	2:06:22	BE	
65b2f28e-e38f-453a-9638-adf755aa63c5	1286	Tine Lannau	F	F35-39	27	5:50:09	0:43:33	0:07:01	3:09:35	0:04:19	1:45:41	BE	
e122592d-d39a-f011-b4cc-000d3a5b50ba	1287	Thomas De Pauw	M	M55-59	29	5:50:10	0:54:46	0:07:58	2:47:03	0:04:08	1:56:15	BE	
d3d81e72-db93-f011-b4cc-0022480a7385	1288	Ruben Munsters	M	M30-34	252	5:50:11	0:41:23	0:07:43	2:45:04	0:05:45	2:10:17	bel	
8177baf7-bd93-f011-b4cc-6045bd05fcc1	1289	Léonie Lahey	F	F25-29	46	5:50:12	0:35:54	0:06:54	3:01:37	0:04:03	2:01:44	BE	
d38dfdd7-c993-f011-b4cb-002248098cfa	1290	Jesse Witters	M	M25-29	255	5:50:16	0:48:07	0:11:27	2:58:31	0:06:58	1:45:13	BE	
233108c2-c793-f011-b4cc-6045bd05f634	1291	Thibault Michels	M	M40-44	106	5:50:21	0:41:37	0:06:51	2:58:27	0:05:38	1:57:48	bel	
d8afe084-e49a-f011-b4cc-000d3a5cf7d8	1292	legrand florian	M	M30-34	253	5:50:24	0:43:12	0:07:01	2:42:11	0:05:28	2:12:31	BE	
9602a5ea-be93-f011-b4cc-000d3a3173b5	1293	Luuk Rademakers	M	M25-29	256	5:50:25	0:46:57	0:07:53	2:45:38	0:05:50	2:04:07	NL	
4cd51340-6094-f011-b4cc-000d3a5b7c3b	1294	Lydia Davies	F	F25-29	47	5:50:29	0:37:48	0:05:26	3:11:08	0:04:02	1:52:06	gbr	
f52d799d-c393-f011-b4cc-000d3a5b50ba	1295	Tung Nguyen	M	M35-39	188	5:50:31	0:50:09	0:15:48	2:51:36	0:10:22	1:42:36	BE	
32809735-bf93-f011-b4cc-000d3a5cf7d8	1296	Max Mull	M	M25-29	257	5:50:34	0:41:04	0:09:20	2:52:29	0:05:17	2:02:25	FR	
1dd4eae1-e975-4e50-a279-15931f6054bf	1297	Arthur Vervisch	M	M30-34	254	5:50:40	0:40:24	0:07:57	2:54:51	0:06:18	2:01:09	BE	
4ae1924e-e229-f011-8c4e-000d3a5b50ba	1298	Bert Lambrecht	M	M40-44	107	5:50:49	0:45:55	0:07:44	2:55:34	0:06:51	1:54:46	BE	
5c839cd8-28d0-ef11-b8e8-000d3a5a403c	1299	Simon Chenery	M	M55-59	30	5:50:52	0:39:49	0:08:49	2:54:15	0:06:34	2:01:26	gbr	
04d16cac-ec93-f011-b4cb-002248098cfa	1300	Rebecca Mann	F	F30-34	37	5:50:52	0:32:45	0:06:02	3:07:06	0:05:03	1:59:56	GB	
c007583e-be93-f011-b4cc-000d3a5cf7d8	1301	Jonas De Buysere	M	M35-39	189	5:50:52	0:49:37	0:08:31	2:45:37	0:04:54	2:02:12	BE	
1b5c2e02-c16c-4615-bca4-d3f753b81545	1302	Marie Roosendaal	F	F35-39	28	5:50:54	0:47:14	0:07:19	3:04:38	0:05:21	1:46:23	BE	
10b776c7-f593-f011-b4cc-6045bd05f634	1303	Lisa Puskas	F	F30-34	38	5:51:00	0:42:01	0:07:19	2:51:22	0:05:34	2:04:43	aut	
8b5c500d-f79d-f011-b41c-000d3a5b7c3b	1304	Freya Logan	F	F25-29	48	5:51:00	0:36:42	0:06:02	3:09:51	0:04:27	1:54:00	GB	
a853731a-d77c-4379-bae1-b23c77d396fb	1305	Daniel Thorne	M	M25-29	258	5:51:04	0:42:14	0:07:26	2:55:53	0:06:46	1:58:45	GB	
40ef6d9e-be93-f011-b4cc-000d3a5cf7d8	1306	Arno Thierie	M	M25-29	259	5:51:08	0:44:00	0:06:09	2:54:13	0:06:01	2:00:45	BE	
431cc69c-0614-4c8c-a2e3-785b766edc00	1307	Wilfred Boverhof	M	M50-54	46	5:51:09	0:43:52	0:07:51	2:43:44	0:04:58	2:10:43	NL	
c3beec87-8e8d-48a8-9ae9-227327f99b65	1308	Paul Holmes	M	M50-54	47	5:51:09	0:46:43	0:11:05	2:51:01	0:06:00	1:56:20	GB	
77dd3cda-049b-f011-b4cc-000d3a5cf7d8	1309	Ilse Van Dromme	F	F40-44	17	5:51:11	0:37:47	0:06:41	2:52:52	0:05:44	2:08:06	BE	
030eb61a-079d-f011-b41b-000d3a350fe6	1310	Charlot Vrancken	F	F18-24	17	5:51:13	0:42:12	0:07:14	2:53:18	0:04:16	2:04:14	BE	
13b98aa6-c9ef-490a-a919-5b19260c7b16	1311	Thomas De Conto	M	M30-34	255	5:51:16	0:45:32	0:07:06	2:47:34	0:06:39	2:04:26	BE	
83873fcb-c793-f011-b4cc-0022480c097c	1312	Dana Baeyens	F	F40-44	18	5:51:17	0:41:13	0:06:39	3:03:30	0:04:05	1:55:50	bel	
9c4b1057-d993-f011-b4cb-002248098cfa	1313	Jonas Cammerman	M	M30-34	256	5:51:18	0:41:55	0:06:58	2:51:23	0:04:30	2:06:33	bel	
3cb3359f-9773-ef11-a670-000d3a308d97	1314	Gerco Hutten	M	M55-59	31	5:51:24	0:45:49	0:07:59	2:44:37	0:08:29	2:04:29	NL	
57e26163-fd81-f011-b4cc-0022480a7385	1315	Jordy Borsboom	M	M25-29	260	5:51:26	0:42:05	0:09:56	2:46:50	0:04:45	2:07:49	nld	
cc8e4a0e-94e7-ef11-8ee9-000d3a592251	1316	Wouter Pulinx	M	M35-39	190	5:51:27	0:50:38	0:07:33	2:47:58	0:05:00	2:00:18	BE	
54b2f5a8-5190-4c66-99af-c90f7eda909c	1317	Andy Moat	M	M55-59	32	5:51:30	0:43:50	0:08:44	2:43:08	0:05:46	2:10:03	gbr	
8ddf328d-5ee2-ef11-8eea-000d3a5a1803	1318	Reinaert Vanhoutte	M	M30-34	257	5:51:38	0:46:28	0:08:46	2:48:44	0:04:21	2:03:19	BE	
ed28a677-e593-f011-b4cb-6045bd0a1bec	1319	Andrew Goodbourn	M	M30-34	258	5:51:39	0:37:09	0:07:15	2:54:54	0:05:53	2:06:29	GB	
e389f5e4-c993-f011-b4cc-000d3a35ffc1	1320	Kenneth Smets	M	M30-34	259	5:51:44	0:42:52	0:08:04	2:47:46	0:03:26	2:09:36	BE	
4787255b-6d92-f011-b4cc-6045bd09951e	1321	Ian Duvilliers	M	M25-29	261	5:51:52	0:37:50	0:07:51	2:56:24	0:04:59	2:04:48	BE	
de76b582-5f94-f011-b4cc-0022480a7385	1322	marc Namèche	M	M45-49	95	5:52:00	0:42:00	0:10:07	3:01:03	0:05:24	1:53:26	BE	
ea6e4297-f596-f011-b4cc-6045bd05fcc1	1323	Jordan Timmermans	M	M35-39	191	5:52:01	0:43:51	0:06:32	2:54:52	0:04:21	2:02:26	BE	
dd83bc82-bd93-f011-b4cc-000d3a5b7c3b	1324	Antoni Bruguera	M	M25-29	262	5:52:02	0:41:08	0:05:29	2:49:55	0:04:20	2:11:11	BE	
2f6a74c2-be93-f011-b4cc-000d3a5cf7d8	1325	Pieter Willemse	M	M50-54	48	5:52:04	0:42:08	0:07:48	2:42:02	0:05:01	2:15:05	NL	
24789345-ca93-f011-b4cc-000d3a5cf7d8	1326	Tom Schulte	M	M30-34	260	5:52:05	0:41:09	0:07:31	2:44:43	0:06:23	2:12:19	CI	
6122c631-1bed-488f-aeea-2633863007c3	1327	Jan Mortier	M	M65-69	4	5:52:08	0:48:58	0:08:11	2:46:20	0:05:51	2:02:48	BEL	
654ac3e2-4165-ef11-bfe3-6045bd0953ac	1328	Ruari Smith	M	M25-29	263	5:52:09	0:41:24	0:05:02	3:12:22	0:03:11	1:50:10	gbr	
ff92bc05-31d0-ef11-b8e8-000d3a5ae96c	1329	Mathias Parmentier	M	M30-34	261	5:52:34	0:47:19	0:06:28	2:38:57	0:06:17	2:13:32	BE	
31cef350-7294-f011-b4cc-6045bd09951e	1330	Julien Rampelberg	M	M30-34	262	5:52:34	0:50:53	0:07:37	3:05:57	0:04:21	1:43:46	BE	
baea4c82-0392-f011-b4cc-000d3a5b7c3b	1331	Cedric De Backer	M	M35-39	192	5:52:38	0:43:03	0:08:11	3:00:21	0:05:50	1:55:12	BE	
3ada12dd-bd93-f011-b4cc-000d3a35ffc1	1332	Arthur Leclercq	M	M25-29	264	5:52:40	0:43:36	0:06:57	2:58:21	0:04:28	1:59:18	BE	
38901b9e-296a-ef11-bfe3-00224808301f	1333	Erik Ombelets	M	M50-54	49	5:52:43	0:48:35	0:08:13	2:46:12	0:05:19	2:04:25	BE	
c7396cc9-e993-f011-b4cc-6045bd09951e	1334	Yannick Hannes	M	M25-29	265	5:52:53	0:39:20	0:07:42	2:46:06	0:05:30	2:14:14	BE	
6fe8a39f-9091-f011-b4cc-6045bd09951e	1335	Ewout Vandenhende	M	M30-34	263	5:52:55	0:34:25	0:06:24	3:05:24	0:05:56	2:00:46	BE	
3b6c0b9b-e06b-4530-8f22-ea60022e8f2a	1336	Mark Underwood	M	M35-39	193	5:52:56	0:38:44	0:06:30	2:58:12	0:04:40	2:04:49	GBR	
4171b46e-6871-40e2-836e-3f497f26183b	1337	Britt De Clercq	F	F35-39	29	5:52:57	0:40:33	0:07:28	2:51:41	0:05:19	2:07:56	BEL	
bf254ad8-a493-f011-b4cc-0022480c097c	1338	Flor Lema	M	M45-49	96	5:53:08	0:47:53	0:09:07	2:55:35	0:04:40	1:55:52	BE	
616d9881-dd93-f011-b4cc-000d3a5b7c3b	1339	jarne dobbelaere	M	M25-29	266	5:53:13	0:41:47	0:06:52	2:53:33	0:05:43	2:05:17	BE	
8f5087ab-c893-f011-b4cb-6045bd0a1bec	1340	Remy Ebben	M	M30-34	264	5:53:14	0:34:32	0:06:21	3:00:13	0:06:38	2:05:31	NL	
741c2210-c0ee-45b3-8d54-cc6067776aaf	1341	Martin Roth	M	M50-54	50	5:53:19	0:39:46	0:06:49	2:45:14	0:05:29	2:16:01	CH	
46ff8382-be93-f011-b4cc-6045bd05f634	1342	Sam van Puyenbroeck	M	M25-29	267	5:53:21	0:40:14	0:09:05	3:01:06	0:07:02	1:55:56	BE	
44d863fa-7aad-ef11-b8e9-000d3a5a1803	1343	YVES STEVENS	M	M60-64	15	5:53:24	0:49:47	0:08:42	2:47:13	0:04:20	2:03:22	BE	
49f4a4e0-1d25-4901-b79a-16d6583180d1	1344	CHRISTOPHE MEMURLIN	M	M40-44	108	5:53:32	0:34:14	0:12:57	3:06:53	0:09:27	1:50:01	BE	
554ff401-878d-f011-b4cc-6045bd05fcc1	1345	Xander Vanhaeren	M	M18-24	150	5:53:33	0:43:56	0:08:15	2:50:17	0:05:55	2:05:10	BE	
ed1d33af-3297-f011-b4cc-6045bd05f634	1346	David Herz	M	M30-34	265	5:53:38	0:43:17	0:07:19	2:41:59	0:04:01	2:17:03	bel	
dc36ded4-ed20-f011-9989-000d3a5b7c3b	1347	Willemijn Vernhout	F	F18-24	18	5:53:41	0:43:33	0:06:16	2:47:23	0:05:43	2:10:47	nld	
fabde882-c393-f011-b4cb-6045bd0a1bec	1348	siebren houben	M	M25-29	268	5:53:42	0:41:17	0:05:38	3:04:34	0:04:32	1:57:42	bel	
377e7b07-d992-f011-b4cc-6045bd09951e	1349	Robby Andries	M	M25-29	269	5:53:47	0:42:27	0:06:45	2:57:07	0:04:19	2:03:10	BE	
dc203161-3c94-4559-b7ac-2901ee74013e	1350	Karin Delrez	F	F55-59	3	5:53:50	0:39:05	0:08:50	2:53:38	0:06:10	2:06:07	BE	
9e85a156-0bd4-4af2-832c-aa9c3989e874	1351	Jonathan Roggeman	M	M40-44	109	5:53:52	0:39:56	0:07:40	2:41:13	0:04:37	2:20:25	bel	
3f0bacb3-1856-4ed8-bcd7-e4c24c684f8f	1352	Juliane Harsch	F	F35-39	30	5:53:58	0:38:39	0:07:05	2:54:16	0:04:02	2:09:56	DE	
fe825825-cf75-ef11-a670-6045bd05c1dc	1353	Timothy Winters	M	M45-49	97	5:54:05	0:41:42	0:07:48	2:58:14	0:06:14	2:00:07	BE	
28a4129c-c293-f011-b4cc-000d3a5b7c3b	1354	Giacomo Ramazzina	M	M30-34	266	5:54:05	0:46:22	0:07:23	2:54:14	0:05:55	2:00:12	BE	
52c9864b-3b93-f011-b4cc-0022480a7385	1355	Jonas Vivijs	M	M25-29	270	5:54:12	0:41:20	0:08:07	2:47:32	0:05:25	2:11:47	BE	
9d6f2422-4e25-467a-bc4d-f488c24472c6	1356	Annie Piron	F	F25-29	49	5:54:13	0:44:32	0:07:42	2:51:50	0:03:52	2:06:18	BEL	
8b050c5f-edd3-ef11-8ee9-6045bd018d16	1357	Benjamin Batty	M	M35-39	194	5:54:23	0:45:33	0:08:29	2:57:09	0:04:05	1:59:05	GB	
d9a4b73f-d9d8-ef11-8ee9-000d3a592251	1358	Lloyd Verhegge	M	M18-24	151	5:54:25	0:34:22	0:08:40	3:09:16	0:05:32	1:56:35	BE	
7048941e-4f64-ef11-bfe3-00224808301f	1359	Mattias De Fraye	M	M18-24	152	5:54:29	0:48:50	0:09:27	2:37:46	0:05:27	2:12:59	bel	
99cea41e-5c64-4595-b98d-ebe1bb024295	1360	Matthieu Costes	M	M35-39	195	5:54:35	0:40:39	0:04:20	3:21:10	0:03:49	1:44:37	FR	
323d6e31-b693-f011-b4cc-000d3a35ffc1	1361	Joline Linnartz	F	F25-29	50	5:54:41	0:45:57	0:06:17	3:07:01	0:05:48	1:49:38	CH	
ecae0332-a983-476c-91a5-a1a689fb0e2d	1362	Hélène Krützen	F	F30-34	39	5:54:45	0:40:27	0:08:31	2:55:18	0:06:46	2:03:44	BE	
b0e73942-688e-f011-b4cc-000d3a5cf7d8	1363	Simon Spaerkeer	M	M25-29	271	5:54:49	0:50:29	0:05:07	2:53:18	0:04:48	2:01:06	BE	
45665570-8cde-ef11-8eea-002248049fdc	1364	Nathan Havel	M	M25-29	272	5:54:53	0:41:47	0:07:42	2:59:19	0:05:24	2:00:41	gbr	
032296fb-c3ce-ef11-b8e9-000d3a30152c	1365	Michiel Laureys	M	M25-29	273	5:54:54	0:40:35	0:05:30	2:46:54	0:03:28	2:18:28	BE	
a91e4e73-cf9d-f011-b41c-6045bd09951e	1366	Edouard Selis	M	M18-24	153	5:54:55	0:48:08	0:07:05	2:58:55	0:05:02	1:55:44	BE	
7a185179-c193-f011-b4cc-6045bd09951e	1367	Timothy De Kleyn	M	M30-34	267	5:55:02	0:33:57	0:07:50	2:52:47	0:06:00	2:14:28	BE	
d893f740-d493-f011-b4cc-6045bd09951e	1368	Annelien De Geest	F	F30-34	40	5:55:09	0:41:50	0:05:52	3:03:28	0:04:23	1:59:36	BE	
49c3437c-c093-f011-b4cc-6045bd09951e	1369	Celine Bafort	F	F35-39	31	5:55:10	0:46:03	0:07:06	3:02:15	0:03:50	1:55:56	BE	
dac3e565-e793-f011-b4cc-000d3a3173b5	1370	Jelle Panis	M	M25-29	274	5:55:11	1:01:35	0:07:38	2:54:19	0:07:02	1:44:37	BE	
839c10a5-e39d-f011-b41c-000d3a3173b5	1371	Edward Lygoe	M	M18-24	154	5:55:15	0:42:47	0:06:12	2:54:56	0:05:29	2:05:51	GB	
eeb8bc98-bed1-ef11-8eea-002248049fdc	1372	Nicolas Janssens	M	M18-24	155	5:55:17	0:47:18	0:08:02	3:08:46	0:04:30	1:46:41	BE	
8e1b1460-58df-ef11-8eea-000d3a3126fd	1373	Joika Roosen	F	F25-29	51	5:55:20	0:34:26	0:05:17	2:57:39	0:03:35	2:14:23	BE	
bbf73472-9887-ef11-ac21-000d3a30152c	1374	Marco Jacobs	M	M35-39	196	5:55:22	0:40:46	0:09:29	2:49:11	0:07:38	2:08:18	NL	
342d37d6-2238-473a-bf37-0e790fa29210	1375	Dimitri Lefevre	M	M50-54	51	5:55:22	0:42:02	0:08:29	2:42:21	0:06:17	2:16:13	BE	
24066168-119b-f011-b4cc-000d3a5cf7d8	1376	Michel Buyse	M	M18-24	156	5:55:23	0:39:17	0:09:24	3:03:46	0:06:40	1:56:15	BE	
9ac3da34-0c9b-f011-b4cc-6045bd05fcc1	1377	Harold Dewulf	M	M18-24	157	5:55:23	0:39:00	0:10:30	2:59:20	0:07:09	1:59:23	BE	
1521846c-a980-43fd-aa37-dda3e7107a12	1378	Romain Hulot	M	M40-44	110	5:55:24	0:42:30	0:09:50	2:54:06	0:05:17	2:03:41	Unknown	
a9dc0921-126e-ef11-a671-000d3a371e3b	1379	Dominik Post	M	M30-34	268	5:55:28	0:37:25	0:06:32	2:50:03	0:05:26	2:16:02	deu	
f9a61b12-e393-f011-b4cb-002248098cfa	1380	Benoît Dumay	M	M30-34	269	5:55:32	0:42:55	0:09:04	2:48:11	0:05:02	2:10:21	BE	
3ab31b41-aca9-f011-bbd3-000d3a5b50ba	1381	Jens Robijn	M	M30-34	270	5:55:33	0:38:19	0:07:15	3:06:05	0:05:36	1:58:18	BE	
4c80a00a-bb93-f011-b4cb-6045bd0a1bec	1382	San Schueremans	F	F40-44	19	5:55:41	0:39:35	0:07:23	2:47:37	0:05:15	2:15:52	BE	
1100c402-c2e0-ef11-8ee9-000d3a592251	1383	Ileen Domela Nieuwenhuis	F	F18-24	19	5:55:49	0:41:42	0:07:11	2:53:02	0:04:26	2:09:28	NL	
2c84ef2b-2584-f011-b4cb-0022480b6d70	1384	Nienke Vissers	F	F35-39	32	5:55:52	0:34:33	0:05:56	3:09:14	0:03:36	2:02:33	nld	
86044a68-f0aa-442b-aada-295103934d27	1385	Stephen Tranah	M	M55-59	33	5:55:53	0:39:25	0:06:46	2:56:43	0:05:03	2:07:57	GB	
187f4182-bf93-f011-b4cc-000d3a5b7c3b	1386	Amaryllis Callens	F	F25-29	52	5:55:53	0:41:45	0:05:36	3:03:50	0:04:36	2:00:06	BE	
1c202842-5f44-f011-877a-000d3a5b7c3b	1387	Sam Wannijn	M	M18-24	158	5:55:55	0:44:19	0:07:49	2:50:36	0:04:02	2:09:09	bel	
b353f00f-ae93-f011-b4cc-6045bd05f634	1388	Victor Verougstraete	M	M18-24	159	5:55:56	0:46:07	0:07:38	2:55:36	0:05:03	2:01:31	BE	
cd9887af-d964-f111-a826-0022480994c2	1389	Richard Watson	M	M30-34	271	5:55:56	0:38:48	0:08:09	3:01:37	0:05:26	2:01:57	GBR	
dcd62248-6375-44e3-a8aa-fb344b2eb2ff	1390	Guillaume Petitfrere	M	M55-59	34	5:56:01	0:31:54	0:08:53	2:58:13	0:08:14	2:08:48	Unknown	
641ce3fa-319a-f011-b4cc-000d3a5b50ba	1391	Laurean Aretz	F	F30-34	41	5:56:07	0:47:03	0:07:08	2:56:30	0:03:20	2:02:06	BE	
a84d8be5-01c8-4baa-9bf7-4a183ad04490	1392	Ana Valeria Gomez Giles	F	F25-29	53	5:56:08	0:40:07	0:05:40	3:06:53	0:04:33	1:58:55	mex	
8a208d23-bf93-f011-b4cc-000d3a5cf7d8	1393	Renan van der Wolf	M	M40-44	111	5:56:09	0:40:04	0:05:36	2:52:42	0:03:45	2:14:02	BE	
3cbca74f-a7b9-4f80-89f2-73f46ed7d9f5	1394	Patrick de Sutter	M	M60-64	16	5:56:09	0:41:30	0:06:18	2:56:56	0:07:18	2:04:07	NL	
736438c3-c793-f011-b4cb-002248098cfa	1395	Jack Webster	M	M30-34	272	5:56:12	0:41:29	0:08:30	3:01:59	0:06:06	1:58:08	gbr	
48995c1e-be93-f011-b4cc-6045bd09951e	1396	Hanne Moerman	F	F25-29	54	5:56:13	0:43:45	0:06:47	3:08:00	0:03:32	1:54:09	bel	
f02228d8-ba9a-f011-b4cc-6045bd09951e	1397	Christophe Daniëls	M	M25-29	275	5:56:14	0:41:50	0:11:54	3:02:18	0:07:24	1:52:48	BE	
479a1845-b4e9-4c9a-bcb6-3fbceeb2b5b5	1398	Erik Van Den Dobbelsteen	M	M40-44	112	5:56:18	0:39:28	0:10:54	2:47:58	0:08:38	2:09:20	NL	
716c9d30-a326-f011-8c4d-000d3a35ffc1	1399	ELISE MARTEL		F25-29	55	5:56:21	0:35:37	0:08:16	2:58:23	0:05:47	2:08:19	BE	
c4b702db-bd93-f011-b4cc-000d3a3173b5	1400	Ruth Houben	F	F40-44	20	5:56:22	0:50:31	0:09:01	2:42:14	0:06:21	2:08:15	NL	
63a9a4e1-bf93-f011-b4cb-6045bd0a1bec	1401	Dan Mills	M	M25-29	276	5:56:24	0:42:40	0:07:43	2:59:23	0:05:52	2:00:46	GB	
a826e60e-9f81-ef11-ac21-000d3a338a3c	1402	Adam Stanfield	M	M40-44	113	5:56:24	0:45:56	0:06:40	2:52:21	0:06:27	2:05:00	GB	
78f281ce-a213-f011-998a-6045bd05fcc1	1403	Kevin Moens	M	M35-39	197	5:56:27	0:46:37	0:09:00	2:57:45	0:06:29	1:56:36	bel	
9c3030e3-6599-f011-b4cc-000d3a5cf7d8	1404	Maxime Aelbrecht	M	M30-34	273	5:56:32	0:41:13	0:08:08	2:45:49	0:05:30	2:15:52	BE	
14669c67-c19b-f011-b41c-000d3a35ffc1	1405	Axander Vantomme	M	M18-24	160	5:56:33	0:39:44	0:07:23	3:05:45	0:06:02	1:57:40	BE	
31856912-21b9-ee11-a569-000d3a314329	1406	Alexandre Haesaerts	M	M30-34	274	5:56:37	0:47:57	0:06:37	3:04:13	0:04:43	1:53:05	bel	
5ae99e37-c993-f011-b4cc-6045bd05f634	1407	Lotte van Geffen	F	F25-29	56	5:56:38	0:39:26	0:07:47	3:00:23	0:05:15	2:03:47	NL	
011e52a8-ca93-f011-b4cc-6045bd09951e	1408	Brent Goubert	M	M25-29	277	5:56:38	0:46:13	0:08:32	2:58:12	0:07:08	1:56:33	BE	
4fbf890a-8149-ef11-a317-6045bd0953ac	1409	Tom Herron	M	M25-29	278	5:56:46	0:41:35	0:07:42	2:56:58	0:06:46	2:03:46	gbr	
f56409a9-44c6-43fc-ab1e-00d8f43b4de2	1410	Lionel Jotterand	M	M45-49	98	5:56:47	0:39:22	0:09:40	2:50:16	0:06:56	2:10:33	CH	
ceab2ae0-6c95-f011-b4cc-000d3a5b50ba	1411	Manon Robbe	F	F30-34	42	5:56:54	0:39:20	0:06:39	2:56:23	0:04:43	2:09:49	BE	
18cd68fa-bd93-f011-b4cc-6045bd09951e	1412	Mette Schmitz	F	F18-24	20	5:57:00	0:37:07	0:07:43	3:07:49	0:05:33	1:58:48	DE	
d261dc62-1c9e-f011-b41c-000d3a5b7c3b	1413	Hidde van Wilpe	M	M18-24	161	5:57:03	0:44:59	0:11:14	3:02:49	0:07:34	1:50:27	NL	
c0a248d0-89a0-f011-b41c-6045bd09951e	1414	Arne Vandecasteele	M	M30-34	275	5:57:07	0:42:56	0:10:01	2:53:51	0:05:02	2:05:17	BE	
45d772eb-3487-f011-b4cc-6045bd05fcc1	1415	Job van Onna	M	M18-24	162	5:57:12	0:50:28	0:07:00	2:54:22	0:03:39	2:01:43	Unknown	
2cc978b1-e593-f011-b4cc-000d3a3173b5	1416	Egon Van der Straeten	M	M35-39	198	5:57:17	0:28:33	0:07:06	2:45:40	0:04:49	2:31:08	BE	
4e1db727-0b5e-ef11-bfe3-6045bd0953ac	1417	Finn-Alexander Justus	M	M18-24	163	5:57:18	0:35:57	0:07:18	3:04:05	0:05:19	2:04:39	DE	
6539c634-0b97-f011-b4cc-6045bd05fcc1	1418	Chiara Scaffidi	F	F25-29	57	5:57:20	0:44:33	0:07:39	3:06:06	0:04:42	1:54:19	che	
2de221bf-0f9e-f011-b41c-6045bd05fcc1	1419	Sven De Volder	M	M35-39	199	5:57:25	0:42:27	0:08:34	2:48:14	0:05:06	2:13:04	BE	
269d74b0-b8bb-43d2-b4ae-8d953aeec3d7	1420	Baz Basnett	M	M55-59	35	5:57:28	0:45:20	0:08:55	2:53:01	0:05:09	2:05:02	GB	
c20848ac-bf93-f011-b4cc-0022480c097c	1421	Melissa Gomez Sanchez	F	F30-34	43	5:57:30	0:44:48	0:06:05	3:07:09	0:03:01	1:56:27	BE	
2091b91f-be93-f011-b4cc-000d3a5b50ba	1422	Simon Baeck	M	M25-29	279	5:57:32	0:37:29	0:08:55	2:48:08	0:04:49	2:18:11	BE	
f2dc29fc-0480-f011-b4cc-000d3a5b50ba	1423	Petro Vdovychenko	M	M30-34	276	5:57:36	0:38:03	0:07:33	3:08:43	0:07:25	1:55:52	BE	
909fbacd-296d-4765-b4ac-87f5d838eb7f	1424	Simon Zacharzewski	M	M45-49	99	5:57:50	0:44:08	0:07:54	2:46:46	0:05:01	2:14:02	GB	
a7863b8f-129b-f011-b4cc-000d3a5b7c3b	1425	Lucas Coussée	M	M18-24	164	5:57:52	0:44:23	0:14:19	2:58:57	0:06:45	1:53:28	BE	
a09a4ffe-bd93-f011-b4cc-6045bd05f634	1426	Delphine De Clercq	F	F35-39	33	5:57:59	0:38:41	0:07:11	3:02:55	0:04:43	2:04:29	BE	
9b3eca77-299b-f011-b41b-000d3a5cc053	1427	Luis Davidson	M	M18-24	165	5:58:02	0:40:49	0:07:00	2:59:21	0:04:21	2:06:32	GB	
bc58ed5e-159d-f011-b41c-000d3a5b7c3b	1428	Geert Persoon	M	M55-59	36	5:58:08	0:44:00	0:08:53	2:40:59	0:06:23	2:17:53	BE	
cf757337-4f99-ef11-8a69-000d3a5a403c	1429	Quino Persoon	M	M18-24	166	5:58:08	0:41:47	0:07:00	2:45:25	0:06:03	2:17:52	BE	
da17cb39-bf93-f011-b4cc-000d3a5b7c3b	1430	Guillaume Andolina	M	M30-34	277	5:58:09	0:44:31	0:07:42	3:06:27	0:06:45	1:52:44	BE	
c705d0c9-9535-4f5a-9e05-62721d91b5f3	1431	Thibault Van Win	M	M25-29	280	5:58:14	0:33:33	0:07:00	2:56:20	0:04:24	2:16:57	BE	
75021ea5-83ff-482f-adab-17d83658a6ee	1432	Bart Vangeel	M	M60-64	17	5:58:25	0:40:02	0:06:48	2:57:00	0:06:18	2:08:17	bel	
fca98f02-6e5e-43c1-89a3-11cd69352faa	1433	Laura Nijs	F	F40-44	21	5:58:25	0:47:24	0:07:18	3:04:40	0:06:32	1:52:30	bel	
1fea2558-270b-f011-bae1-000d3a35ffc1	1434	Bram Van Gompel	M	M25-29	281	5:58:32	0:35:39	0:07:16	3:24:32	0:04:41	1:46:25	bel	
500bcca9-b575-ef11-a670-00224808894b	1435	Mathias Goossenaerts	M	M35-39	200	5:58:33	0:59:12	0:07:13	2:46:15	0:04:20	2:01:32	BE	
3be580d7-be93-f011-b4cc-000d3a3173b5	1436	Chelsea Barnett	F	F30-34	44	5:58:37	0:46:28	0:05:44	2:53:52	0:04:41	2:07:51	BE	
0a24fb6a-ce93-f011-b4cc-000d3a3173b5	1437	Yannick Veeckman	M	M35-39	201	5:58:39	0:47:36	0:10:04	2:57:30	0:06:11	1:57:17	BE	
ca2b074f-bf92-f011-b4cc-0022480a7385	1438	Wes Thomassen	M	M45-49	100	5:58:43	0:42:09	0:07:30	3:02:17	0:04:55	2:01:52	NL	
40c49591-30f5-442b-a7f6-e4e1e8eaf234	1439	Henry Claeyssens	M	M25-29	282	5:58:46	0:34:48	0:09:55	2:56:20	0:06:54	2:10:49	bel	
57c5fa8a-eb93-f011-b4cc-000d3a3173b5	1440	Pamela Troyo	F	F30-34	45	5:58:48	0:48:24	0:06:53	3:11:50	0:04:08	1:47:32	NL	
f2758919-81f5-4131-b961-f1c8064827c4	1441	Othman Joundy	M	M50-54	52	5:58:48	0:46:40	0:08:39	3:10:52	0:04:56	1:47:40	BEL	
23250bb2-be93-f011-b4cb-002248098cfa	1442	Dries Decoutere	M	M18-24	167	5:58:49	0:42:14	0:06:57	2:53:09	0:05:32	2:10:58	BE	
14b7944a-d293-f011-b4cc-6045bd09951e	1443	Yarko Van Volsem	M	M25-29	283	5:58:51	0:44:16	0:08:40	2:54:46	0:07:26	2:03:44	BE	
3df7cbb0-d493-f011-b4cc-0022480a7385	1444	Mathias Viejo Gonzalez	M	M30-34	278	5:58:53	0:45:56	0:08:11	2:39:20	0:05:25	2:20:01	BE	
7f83ed6a-4cca-4364-9612-6d0f4ba9ac0b	1445	Philipp Meisel	M	M30-34	279	5:58:54	0:38:20	0:08:29	2:50:51	0:05:44	2:15:30	DE	
b23e55b7-dd9d-f011-b41c-6045bd09951e	1446	Poul Henrik Theil Olsen	M	M35-39	202	5:58:56	0:45:09	0:11:35	2:51:06	0:07:48	2:03:18	DK	
be69e6a4-66f4-4fc6-86c1-16b215edc56d	1447	Kevin Sels	M	M40-44	114	5:58:57	0:53:40	0:07:14	2:42:51	0:06:15	2:08:56	BE	
cb2dc258-e49a-f011-b4cc-000d3a35ffc1	1448	Dries Croons	M	M30-34	280	5:59:01	0:42:08	0:09:02	2:51:28	0:05:27	2:10:56	BE	
c7efdc41-bc89-f011-b4cc-000d3a5c3d6c	1449	Luka Dams	M	M25-29	284	5:59:01	0:39:29	0:10:31	2:49:28	0:09:04	2:10:29	BE	
3afeb701-be93-f011-b4cc-0022480c097c	1450	Camilla Boudry	F	F25-29	58	5:59:03	0:45:20	0:06:34	3:07:35	0:03:40	1:55:54	BE	
44377abc-65cb-4a1b-b98c-46e5d993d637	1451	Paul Nulens	M	M60-64	18	5:59:06	0:46:39	0:09:36	2:45:42	0:06:23	2:10:46	BE	
0c156d20-0853-49df-b3ad-3c1ba0392fdd	1452	Christelle Coessens	F	F45-49	9	5:59:11	0:47:47	0:07:02	2:55:51	0:06:36	2:01:54	BE	
36fae571-a499-f011-b4cc-000d3a5b7c3b	1453	Fabrice Sanchez	M	M50-54	53	5:59:12	0:38:46	0:09:17	2:59:47	0:07:36	2:03:46	BE	
6cb86b89-bd93-f011-b4cc-0022480c097c	1454	Jens Matthé	M	M25-29	285	5:59:12	0:47:19	0:07:42	2:51:04	0:05:28	2:07:39	BE	
1446c730-e496-f011-b4cc-0022480a7385	1455	Rémi Werbrouck	M	M25-29	286	5:59:14	0:47:28	0:06:38	2:50:43	0:04:35	2:09:51	BE	
db19172f-9084-ef11-ac21-002248049fdc	1456	Hanno Asselberghs	M	M40-44	115	5:59:15	0:48:23	0:09:02	2:47:29	0:05:48	2:08:33	BE	
30b45ab2-5dab-ef11-b8e8-6045bd018d16	1457	Arjen Hoekstra	M	M35-39	203	5:59:16	0:52:33	0:07:56	2:42:06	0:05:16	2:11:23	NL	
514027b5-be93-f011-b4cc-0022480c097c	1458	Kelly Germain	F	F25-29	59	5:59:17	0:48:57	0:06:54	2:57:05	0:03:36	2:02:46	BE	
42dd1d2a-a2ad-f011-bbd3-000d3a5b50ba	1459	Anneleen Claessens	F	F35-39	34	5:59:20	0:48:05	0:06:59	3:11:47	0:04:45	1:47:43	BEL	
4b9ce66b-be93-f011-b4cc-0022480a7385	1460	Mathias Seynave	M	M30-34	281	5:59:23	0:42:01	0:08:52	3:08:23	0:03:43	1:56:24	BE	
776dd0a8-44de-ef11-8eea-000d3a5ae96c	1461	Nathalie De Decker	F	F40-44	22	5:59:25	0:45:14	0:08:20	3:09:54	0:04:37	1:51:19	BE	
4d49771e-6699-4bac-891a-7cddb6ca03f8	1462	Mieke Laperre	F	M40-44	116	5:59:25	0:40:43	0:06:26	3:17:38	0:05:23	1:49:15	bel	
66656608-be93-f011-b4cc-000d3a5cf7d8	1463	Yannick DE MEYER	M	M40-44	117	5:59:26	0:46:31	0:09:03	2:53:04	0:06:45	2:04:03	bel	
dfae4336-de93-f011-b4cc-000d3a3173b5	1464	Joris Martens	M	M35-39	204	5:59:29	0:44:24	0:07:00	2:36:44	0:04:35	2:26:46	BE	
b49daaa3-dd93-f011-b4cc-0022480a7385	1465	Marie DIDIER	F	F25-29	60	5:59:31	0:43:58	0:07:12	2:55:46	0:03:29	2:09:06	FR	
76475997-c5e9-4b49-beb1-e14f1c4c3685	1466	Matthias Van Impe	M	M35-39	205	5:59:37	0:41:45	0:07:57	3:07:35	0:04:19	1:58:02	bel	
3eedf217-6789-4529-b6c2-f65614bc704c	1467	Yoram Brioso	M	M30-34	282	5:59:38	0:37:02	0:06:55	3:00:41	0:06:08	2:08:51	BE	
aac1c1b0-f075-ef11-a670-6045bd05c1dc	1468	Mathilde Antoine	F	F25-29	61	5:59:38	0:44:23	0:09:04	3:04:20	0:06:04	1:55:46	bel	
dc699c0c-d493-f011-b4cc-0022480c097c	1469	Benjamin Janssen	M	M30-34	283	5:59:40	0:50:42	0:08:36	2:48:41	0:06:58	2:04:42	BE	
d4ae52df-e493-f011-b4cc-000d3a35ffc1	1470	Line Rigaux	F	F25-29	62	5:59:45	0:39:25	0:11:47	3:00:18	0:08:07	2:00:09	BE	
9ca69db8-a57a-ef11-a670-6045bd048089	1471	Hendrik Lambers	M	M30-34	284	5:59:48	0:54:30	0:08:16	2:47:50	0:06:15	2:02:57	CI	
4d1ceb71-7290-ea11-a811-000d3a5a1cf8	1472	David Myers	M	M40-44	118	5:59:56	0:41:25	0:10:08	3:03:38	0:05:00	1:59:45	nld	
730aaaa5-970c-4721-bc3c-0fcec71bd58c	1473	Stijn Hollevoet	M	M45-49	101	6:00:01	0:39:20	0:07:40	2:51:47	0:06:55	2:14:19	BE	
6136756b-8299-f011-b4cc-000d3a35ffc1	1474	Matthieu Gysen	M	M40-44	119	6:00:03	0:36:37	0:07:50	2:45:56	0:06:20	2:23:19	BE	
02410f6a-be8b-f011-b4cc-000d3a5cf7d8	1475	Diego Marcel	M	M25-29	287	6:00:09	0:39:14	0:06:21	3:04:16	0:05:23	2:04:55	BE	
8e110c2a-be93-f011-b4cc-0022480a7385	1476	Evelien Mertens	F	F25-29	63	6:00:18	0:44:51	0:06:29	3:02:12	0:04:25	2:02:22	BE	
7ae1e211-25d7-46c1-bb5e-364c82dc976f	1477	Michel Descornet	M	M55-59	37	6:00:19	0:38:44	0:06:20	2:50:00	0:03:52	2:21:23	BE	
bbfb8db5-6dad-47e2-98f3-933589f66e41	1478	Niklas Granholm	M	M30-34	285	6:00:20	0:36:37	0:08:17	2:58:43	0:06:55	2:09:49	FI	
a68ca3bd-1099-f011-b4cc-000d3a3173b5	1479	Andy Luparello	M	M25-29	288	6:00:27	0:40:54	0:13:11	2:55:45	0:06:44	2:03:53	BE	
1bc40c11-5d94-f011-b4cc-000d3a5b7c3b	1480	Andres Herrero Ramos	M	M30-34	286	6:00:29	0:44:41	0:10:51	3:15:52	0:06:57	1:42:08	NL	
d23dc600-fc97-f011-b4cc-6045bd05f634	1481	Wilson Ramos	M	M30-34	287	6:00:29	0:31:47	0:08:39	2:58:42	0:05:17	2:16:05	FR	
b7b5db46-5031-f011-8c4d-000d3a35ffc1	1482	Olivier Baldan	M	M40-44	120	6:00:37	0:37:58	0:07:12	2:59:49	0:05:18	2:10:20	nor	
71f405dc-2b9e-f011-b41c-000d3a5b7c3b	1483	Mattijs Kloppenborg	M	M18-24	168	6:00:38	0:52:56	0:11:40	2:51:26	0:06:58	1:57:38	NL	
fbd805c9-1899-f011-b4cc-000d3a5cf7d8	1484	Jordan Luparello	M	M25-29	289	6:00:38	0:41:39	0:11:10	2:57:09	0:06:46	2:03:54	BE	
9559835b-aeea-4b78-b168-198fee8d6564	1485	Hugo van Tilborg	M	M45-49	102	6:00:39	0:33:19	0:12:56	3:08:03	0:07:13	1:59:08	BE	
2d03e738-a3c8-ed11-b596-000d3a31440b	1486	Darren Brown	M	M45-49	103	6:00:42	0:42:45	0:09:29	2:45:25	0:07:43	2:15:20	gbr	
045309fd-d69d-f011-b41c-000d3a5cf7d8	1487	Zeno noels	M	M25-29	290	6:00:44	0:41:55	0:09:11	2:54:46	0:05:29	2:09:22	BEL	
64289f55-69c3-ee11-9079-0022480acaa6	1488	Johan Baele	M	M60-64	19	6:00:51	0:47:45	0:07:50	2:49:24	0:06:46	2:09:06	BE	
156743ef-bd93-f011-b4cc-000d3a5b50ba	1489	Sofia Frost	F	F45-49	10	6:00:59	0:40:30	0:08:59	3:13:41	0:07:49	1:50:00	GB	
2438dac2-45de-ef11-8eea-000d3a30152c	1490	Elise Moses	F	F18-24	21	6:01:00	0:35:17	0:06:00	2:55:59	0:05:55	2:17:50	NL	
7924d9d9-a354-46ec-8168-6eeaaeab0632	1491	Dag Jensen	M	M60-64	20	6:01:04	0:46:02	0:07:37	2:56:34	0:08:53	2:01:59	DK	
854620a8-015b-4cfe-b056-e4fce097ab1a	1492	Kate Lancksweerd	F	F45-49	11	6:01:10	0:40:07	0:06:26	2:45:13	0:06:27	2:22:59	BE	
cd8ca65d-ac90-ef11-ac21-000d3a59a9a1	1493	Tondeur Manon	F	F30-34	46	6:01:18	0:47:44	0:07:55	3:03:45	0:04:43	1:57:11	BE	
e2daee50-bf9d-f011-b41c-002248098cfa	1494	Silke De Backer	F	F25-29	64	6:01:23	0:31:33	0:09:30	3:04:06	0:06:29	2:09:45	bel	
5503314f-919c-f011-b41c-6045bd09951e	1495	Robin Copermans	M	M30-34	288	6:01:29	0:48:38	0:05:50	2:50:20	0:04:17	2:12:24	BE	
c8bc6918-060e-f011-9988-0022480c097c	1496	Simon Lenoir	M	M30-34	289	6:01:30	0:48:47	0:09:24	2:47:56	0:07:41	2:07:42	BE	
ba9bc0fb-1977-ef11-a670-002248049fdc	1497	Nick Van Gucht	M	M30-34	290	6:01:36	0:45:02	0:07:43	3:00:24	0:05:34	2:02:53	bel	
ebb945dc-cbd0-4824-b927-001c1d77ad3c	1498	Alexis Lenoir	M	M30-34	291	6:01:37	0:37:30	0:06:18	2:51:59	0:03:21	2:22:29	fra	
0a4fc935-bf93-f011-b4cb-6045bd0a1bec	1499	Ludovic Cioppa	M	M25-29	291	6:01:40	0:43:21	0:07:23	3:00:34	0:04:25	2:05:56	BE	
9a8eba19-4b96-f011-b4cc-000d3a5b50ba	1500	Bram Sluiter	M	M35-39	206	6:01:46	0:47:09	0:08:08	2:44:36	0:05:58	2:15:55	NL	
b2c473b6-2b83-f011-b4cc-0022480c097c	1501	Brice Galoppin	M	M18-24	169	6:01:52	0:47:01	0:07:44	3:05:02	0:04:30	1:57:36	BE	
f74142c3-f993-f011-b4cc-0022480c097c	1502	Dave Coemans	M	M30-34	292	6:01:54	0:51:12	0:07:31	2:47:34	0:08:03	2:07:33	BE	
3c7e0283-c9f5-46ce-959e-4b28b36edf1b	1503	Thomas Milleville	M	M30-34	293	6:01:54	0:48:08	0:08:22	2:54:51	0:04:14	2:06:18	bel	
bf700bb1-fa93-f011-b4cc-0022480a7385	1504	Arthur Blondeel	M	M25-29	292	6:02:04	0:41:31	0:11:04	2:54:40	0:05:49	2:08:58	BE	
1266fd98-4029-4250-94b6-ccb34319d298	1505	Gilles Martin	M	M50-54	54	6:02:07	0:45:15	0:07:30	2:48:24	0:06:12	2:14:46	BE	
5694c4b7-c293-f011-b4cc-0022480a7385	1506	Stefaan Servaty	M	M30-34	294	6:02:09	0:45:34	0:08:32	2:46:28	0:05:39	2:15:57	bel	
06bafce9-0b96-f011-b4cc-000d3a5b7c3b	1507	Matthias Vanderheeren	M	M25-29	293	6:02:17	0:41:43	0:08:18	2:52:05	0:04:55	2:15:16	BE	
16382b87-0be7-453e-9b8e-7175ba3075b9	1508	Yohan Lebreton	M	M40-44	121	6:02:17	0:42:13	0:07:14	2:51:34	0:04:48	2:16:28	FR	
fc7765bd-3d95-f011-b4cc-0022480a7385	1509	Cornelis Hendrik G Cuylaerts	M	M25-29	294	6:02:17	0:40:40	0:06:38	3:01:28	0:04:58	2:08:32	BE	
bcefa0e5-2c96-f011-b4cc-6045bd05fcc1	1510	ibbe reynaert	M	M25-29	295	6:02:21	0:41:20	0:07:16	3:06:05	0:04:21	2:03:18	BE	
a6eefbac-cb93-f011-b4cb-002248098cfa	1511	Bram Deprez	M	M25-29	296	6:02:28	0:51:03	0:10:32	2:55:38	0:07:37	1:57:38	BE	
6b6798d3-c093-f011-b4cc-000d3a5cf7d8	1512	cedric baes	M	M35-39	207	6:02:31	0:41:17	0:08:44	2:52:33	0:06:42	2:13:14	BE	
74a2d2b4-267f-ef11-ac20-000d3a59a9a1	1513	Gauthier Siau	M	M40-44	122	6:02:33	0:40:14	0:05:38	3:01:36	0:04:16	2:10:50	BE	
4b930493-7398-f011-b4cb-6045bd006a29	1514	Tibo De Vylder	M	M18-24	170	6:02:33	0:43:30	0:10:46	3:00:36	0:06:27	2:01:15	BE	
b9e95cb3-38a1-ef11-8a6a-000d3a338a3c	1515	stéphane HERVE	F	M50-54	55	6:02:37	0:44:58	0:06:44	2:52:24	0:04:33	2:13:58	fra	
008513eb-e99d-f011-b41c-6045bd09951e	1516	Rohit Kale	M	M25-29	297	6:02:39	0:57:51	0:07:25	3:12:11	0:03:54	1:41:19	GBR	
7fab2422-4784-f011-b4cc-000d3a5cf7d8	1517	Mélissa Portela Trigo	F	F35-39	35	6:02:42	0:39:42	0:06:11	3:13:46	0:06:14	1:56:49	BE	
fc77c578-45de-ef11-8eea-00224806c129	1518	Cedric Burton	M	M45-49	104	6:02:46	0:50:25	0:09:39	3:00:25	0:07:07	1:55:09	BE	
e2257ddf-a304-474d-a303-81ff9a826060	1519	Jan Vlastuin	M	M45-49	105	6:03:15	0:46:35	0:07:47	2:34:43	0:08:37	2:25:33	nld	
773f8d61-5c9c-f011-b41c-000d3a3173b5	1520	Anne Catherine Evers	F	F45-49	12	6:03:16	0:46:07	0:07:04	3:06:31	0:03:54	1:59:39	BE	
ee3f236d-c193-f011-b4cc-000d3a3173b5	1521	Koen Pennings	M	M25-29	298	6:03:21	0:37:51	0:08:48	2:44:54	0:05:47	2:26:01	nld	
316a7e6b-c093-f011-b4cc-000d3a35ffc1	1522	Juliane Gastell	F	F30-34	47	6:03:22	0:42:07	0:06:26	3:09:41	0:04:26	2:00:43	DE	
007db771-07cc-4f98-be96-ea5d28def2a8	1523	Christophe Proult	M	M45-49	106	6:03:29	0:43:12	0:08:53	3:02:29	0:08:09	2:00:47	BE	
186ba39e-d093-f011-b4cc-000d3a5b50ba	1524	Nele Michiels	F	F25-29	65	6:03:32	0:42:07	0:08:43	3:07:12	0:08:07	1:57:23	BE	
78a6054f-be93-f011-b4cc-000d3a5b7c3b	1525	Bente Supèr	F	F25-29	66	6:03:35	0:52:21	0:07:57	2:39:25	0:09:26	2:14:26	NLD	
8a84df96-bf93-f011-b4cc-6045bd05f634	1526	Daniel Che Rodriguez Raes	M	M40-44	123	6:03:39	0:41:37	0:08:17	2:47:10	0:07:25	2:19:09	BEL	
b57503b8-be93-f011-b4cb-002248098cfa	1527	Laurent Grangé	M	M50-54	56	6:03:45	0:43:43	0:13:13	2:52:32	0:06:26	2:07:52	bel	
8200750f-5895-f011-b4cb-000d3a3b2356	1528	Stefanie Lopez-Solis	F	F35-39	36	6:03:47	0:49:43	0:09:29	3:06:11	0:05:05	1:53:18	BE	
40fb20ab-399a-f011-b4cc-000d3a3173b5	1529	Thibaut Delobel	M	M18-24	171	6:03:54	0:40:21	0:10:35	3:01:37	0:07:00	2:04:21	BE	
56affb2a-bf76-ef11-a670-6045bd05c809	1530	Mathias Berten	M	M35-39	208	6:03:58	0:32:27	0:07:52	3:02:31	0:05:41	2:15:27	BE	
d80e05d2-2e58-f011-877b-6045bd09951e	1531	Mika Van den Bongard	M	M30-34	295	6:04:02	0:46:34	0:10:39	2:46:23	0:07:00	2:13:25	bel	
190258ba-c093-f011-b4cb-002248098cfa	1532	Bart Clement	M	M40-44	124	6:04:15	0:40:40	0:15:54	2:58:16	0:05:19	2:04:05	BE	
c77d770d-3deb-4812-80d0-3e61765ffefc	1533	Ben Isaacs	M	M30-34	296	6:04:19	0:36:45	0:05:58	2:59:26	0:05:01	2:17:09	NZ	
830ceb58-1066-4e12-a1c6-61de0c8e7bef	1534	Ashley Arens	M	M50-54	57	6:04:24	0:44:49	0:06:30	3:03:58	0:06:09	2:02:59	GB	
84c12cb9-1a99-f011-b4cc-000d3a35ffc1	1535	Shauni Denys	F	F30-34	48	6:04:30	0:41:26	0:08:09	2:49:07	0:06:29	2:19:18	BE	
705788f6-aa02-f011-bae2-000d3a3173b5	1536	Tom Bonny	M	M30-34	297	6:04:31	0:40:19	0:08:59	2:53:38	0:07:27	2:14:08	BE	
22fbd1fc-be93-f011-b4cc-000d3a35ffc1	1537	Paul Hemelaer	M	M55-59	38	6:04:32	0:33:58	0:08:29	2:53:33	0:04:43	2:23:50	BE	
59dc5fbb-08bf-4cd0-9903-e59dc4321986	1538	Jurgen Deveux	M	M25-29	299	6:04:45	0:42:57	0:09:04	3:04:07	0:06:26	2:02:12	BE	
df4939d3-fdc1-4110-8459-fe9f0ec2106a	1539	Michael Marza	M	M50-54	58	6:05:00	0:51:25	0:07:10	2:52:04	0:04:20	2:10:00	BE	
122b11aa-c793-f011-b4cc-6045bd05f634	1540	Ellie pitcher	F	F25-29	67	6:05:04	0:38:58	0:08:24	3:11:22	0:05:33	2:00:47	GB	
7c2b593e-cd93-f011-b4cc-000d3a35ffc1	1541	Nils BOUSSART	M	M30-34	298	6:05:12	0:46:35	0:10:42	2:53:57	0:08:16	2:05:42	bel	
c6ad0110-dd93-f011-b4cc-6045bd05fcc1	1542	Lars Meir	M	M30-34	299	6:05:13	0:48:42	0:10:08	2:46:41	0:05:39	2:14:02	BE	
b36cec2e-f493-f011-b4cc-000d3a3173b5	1543	Gwen-Dina Olemans	F	F30-34	49	6:05:16	0:43:27	0:09:13	3:07:38	0:06:31	1:58:28	BE	
55b0861c-2444-4f22-a1dc-df3f24726c73	1544	Dano Luijten	M	M18-24	172	6:05:19	0:43:42	0:09:26	2:56:09	0:04:46	2:11:16	NL	
9d7a379d-d494-f011-b4cc-6045bd09951e	1545	Fleur van Suijlekom	F	F25-29	68	6:05:22	0:47:54	0:07:15	3:06:50	0:04:42	1:58:40	NL	
e1ae2d1f-6a94-f011-b4cb-002248098cfa	1546	Robbe Van Broeck	M	M18-24	173	6:05:29	0:43:48	0:09:04	2:54:13	0:05:52	2:12:32	BE	
021212ab-329e-f011-b41c-000d3a5b7c3b	1547	César Cremery	M	M25-29	300	6:05:40	0:47:21	0:09:47	2:42:58	0:05:46	2:19:49	BE	
757ff95b-cf93-f011-b4cb-6045bd0a1bec	1548	orla mc andrew	F	F60-64	2	6:05:47	0:38:41	0:06:54	2:59:54	0:05:15	2:15:03	IE	
5c4cf5ca-418a-f011-b4cc-000d3a5b7c3b	1549	Kiara STEINMAIER	F	F30-34	50	6:05:48	0:46:42	0:08:15	3:01:21	0:04:21	2:05:09	deu	
2fc8ae35-f59d-f011-b41c-000d3a5b7c3b	1550	Ward Grauwels	M	M18-24	174	6:05:54	0:46:21	0:07:51	2:56:04	0:04:54	2:10:44	BE	
5a351f54-87dd-ef11-8eea-002248049fdc	1551	Clarke Dylan Walocha	M	M30-34	300	6:05:55	0:54:23	0:13:34	2:59:30	0:12:23	1:46:04	BE	
46f084fc-8695-f011-b4cb-000d3a3b2356	1552	Christophe Verroken	M	M30-34	301	6:05:58	0:41:44	0:06:11	3:09:22	0:06:05	2:02:35	BE	
6d78eb1c-0094-f011-b4cc-6045bd05fcc1	1553	Margot SOONCKINDT	F	F30-34	51	6:06:03	0:38:58	0:06:48	2:59:55	0:04:00	2:16:21	FR	
edf0e391-1097-f011-b4cc-6045bd09951e	1554	klara bollaerts	F	F18-24	22	6:06:09	0:36:34	0:04:45	3:07:23	0:03:16	2:14:11	BE	
e48a69fc-bd93-f011-b4cc-000d3a5cf7d8	1555	Nina Stuckart	F	F30-34	52	6:06:10	0:30:33	0:06:44	3:05:30	0:05:00	2:18:23	CH	
e0d04e27-1e9d-f011-b41c-000d3a5b50ba	1556	Amber Wuyts	F	F18-24	23	6:06:12	0:39:38	0:07:07	3:03:08	0:05:03	2:11:17	BE	
a49f8ac0-ea93-f011-b4cc-6045bd05fcc1	1557	Olivier Loose	M	M40-44	125	6:06:14	0:37:43	0:07:22	3:02:58	0:06:34	2:11:37	BE	
5f9d679c-cb93-f011-b4cc-000d3a35ffc1	1558	Charlie Webster	M	M25-29	301	6:06:15	0:49:47	0:08:54	3:01:47	0:06:07	1:59:41	gbr	
12d50111-d692-f011-b4cb-002248098cfa	1559	Midas Van Gucht	M	M25-29	302	6:06:16	0:41:35	0:07:00	2:52:53	0:04:34	2:20:14	BE	
d1e20b4b-ec7a-44d5-b482-842b9eeb2deb	1560	Gunther Hoffmann	M	M35-39	209	6:06:44	0:45:17	0:08:11	2:36:34	0:05:22	2:31:21	BE	
d6d9e7ac-ce9d-f011-b41c-6045bd05fcc1	1561	Loïc Van Hooreweghe	M	M25-29	303	6:06:45	0:43:56	0:08:37	3:11:32	0:05:36	1:57:04	CH	
3cdac1c9-9fc1-ee11-9078-000d3a314c24	1562	Gil Stalpaert	M	M30-34	302	6:06:56	0:41:32	0:05:38	2:48:45	0:06:11	2:24:49	BE	
c334e203-0f9d-f011-b41c-000d3a5b7c3b	1563	Florence Knychala	F	F35-39	37	6:06:56	0:43:19	0:08:35	3:07:48	0:06:20	2:00:54	BE	
c329da68-3a93-f011-b4cc-6045bd05f634	1564	Michiel Blyaert	M	M18-24	175	6:07:00	0:40:02	0:13:50	3:16:32	0:07:29	1:49:07	BE	
d21ee339-12a0-ed11-aad1-000d3a314329	1565	Anton Van De Putte	M	M45-49	107	6:07:11	0:36:41	0:07:09	2:49:36	0:06:03	2:27:42	bel	
bbe8cc49-a6b8-ef11-b8e8-6045bd088264	1566	Isabella Peeters	F	F18-24	24	6:07:12	0:38:31	0:06:16	2:58:08	0:03:52	2:20:25	bel	
b2d1c82f-8e4d-ef11-a317-6045bd0953ac	1567	Clement Pallot	M	M45-49	108	6:07:18	0:48:58	0:08:32	2:53:15	0:04:45	2:11:47	FR	
1a4199d8-9cb0-f011-bbd3-000d3a5b50ba	1568	Wim De Bruyne	M	M45-49	109	6:07:22	0:38:42	0:09:52	2:59:19	0:06:26	2:13:03	BEL	
30af82e3-c368-f011-bec3-000d3a35ffc1	1569	Hippolyte Hochedez	M	M18-24	176	6:07:32	0:39:12	0:09:01	2:57:18	0:06:18	2:15:43	Unknown	
925647c6-9ad1-ef11-8ee9-6045bd018d16	1570	Thibault Dockx	M	M25-29	304	6:07:34	0:45:23	0:09:18	2:56:39	0:05:36	2:10:37	BE	
e77f77fd-2695-f011-b4cc-000d3a35ffc1	1571	Lynn Wuyts	F	F40-44	23	6:07:41	0:45:19	0:07:19	3:06:28	0:07:56	2:00:38	BE	
e7dc65a5-346d-f011-bec3-6045bd05f634	1572	Tom Van Engelshoven	M	M18-24	177	6:07:42	0:45:32	0:11:55	3:01:31	0:06:09	2:02:34	NL	
dd08a5a0-172a-4d79-b124-7f1c8d730e6a	1573	Claire Watson	F	F45-49	13	6:08:05	0:41:57	0:06:23	2:57:46	0:03:14	2:18:45	gbr	
9d414e4a-a0ae-4aa6-8724-12b237ef7189	1574	Chiara Berben	F	F40-44	24	6:08:09	0:40:44	0:07:49	2:53:49	0:04:29	2:21:17	bel	
1083b8bd-c193-f011-b4cc-000d3a35ffc1	1575	Andy Sharvill	M	M45-49	110	6:08:10	0:51:36	0:09:19	3:09:51	0:05:11	1:52:13	GB	
ccdb7895-009b-f011-b41b-000d3a5cc053	1576	Ellie Todd	F	F30-34	53	6:08:10	0:43:02	0:07:58	3:16:28	0:06:50	1:53:52	GB	
263817d9-32b9-459b-9bab-f79aa156d0bb	1577	Tjarda Omta	F	F50-54	6	6:08:12	0:48:09	0:08:50	3:01:17	0:06:09	2:03:47	bel	
99948880-2294-ee11-be37-000d3a314c24	1578	Stijn Van Echelpoel	M	M30-34	303	6:08:15	0:41:59	0:08:29	2:56:47	0:06:22	2:14:39	BE	
d5fb7260-a294-f011-b4cc-0022480a7385	1579	Akil Pancharajah	M	M18-24	178	6:08:22	0:49:38	0:10:05	3:02:35	0:06:07	1:59:58	nld	
3e66d654-d015-45d8-8c70-3a332fe42fd0	1580	Pieter Van Beek	M	M30-34	304	6:08:22	0:43:21	0:07:21	2:51:38	0:04:08	2:21:54	BE	
a9cbfeeb-fdc9-49c8-9a44-3f046d2ee2eb	1581	Peter Falk	M	M35-39	210	6:08:23	0:41:49	0:07:22	3:00:46	0:05:57	2:12:29	AT	
4184cfe5-c193-f011-b4cc-6045bd05fcc1	1582	Maxime Janssens	M	M40-44	126	6:08:24	1:01:00	0:08:57	2:48:53	0:05:32	2:04:00	BE	
22383604-e667-4fcc-b610-33976780f0a6	1583	Marc Baert	M	M60-64	21	6:08:26	0:47:44	0:07:58	2:58:10	0:05:54	2:08:41	BE	
648ef5d5-be93-f011-b4cb-002248098cfa	1584	Adil Lagouireh	M	M30-34	305	6:08:37	0:46:48	0:07:53	3:00:51	0:05:16	2:07:49	BE	
2d11285a-9798-eb11-b1ac-000d3a3b8463	1585	anke snijders	F	F25-29	69	6:08:39	0:41:42	0:07:35	3:04:48	0:04:02	2:10:32	bel	
9518e2c8-fd72-4027-bfe6-9bde56c213ee	1586	Marc Gelise	M	M55-59	39	6:08:41	0:48:58	0:09:12	2:51:14	0:05:59	2:13:19	bel	
96d466e7-c7bb-4789-be9a-f645e4e76414	1587	Kate Russell	F	F25-29	70	6:08:49	0:43:52	0:06:00	3:14:31	0:05:37	1:58:49	GBR	
bd2611e2-fad0-ef11-8eea-002248049fdc	1588	Hannes Vuylsteke	M	M18-24	179	6:08:51	0:58:45	0:08:32	2:45:18	0:04:19	2:11:57	bel	
6f85ee94-c175-ef11-a670-000d3a5d50b6	1589	Jens Van den Berg	M	M30-34	306	6:08:52	0:43:13	0:09:42	3:00:30	0:06:40	2:08:46	bel	
217862d9-c250-4f18-8b7a-7dea024bc4ca	1590	Werner Wekhuizen	M	M50-54	59	6:09:01	0:39:33	0:07:20	2:59:01	0:05:42	2:17:23	bel	
fa969264-8e56-4ef0-8a03-3cef4999a6a3	1591	Krista De Vos	F	F45-49	14	6:09:05	0:41:00	0:09:15	2:54:10	0:08:02	2:16:38	BE	
5e9e08ed-0294-f011-b4cc-6045bd09951e	1592	Matias Garrubba	M	M30-34	307	6:09:13	0:55:10	0:10:11	2:53:59	0:06:11	2:03:42	BEL	
3c4ce4ef-dc93-f011-b4cb-002248098cfa	1593	Amber Marx	F	F25-29	71	6:09:23	0:44:58	0:06:36	3:09:42	0:03:22	2:04:45	BE	
a3e6d41b-abdb-4b34-9925-9c8a1d36e3a2	1594	Jaron Vandenbussche	M	M25-29	305	6:09:24	0:42:32	0:08:12	2:52:45	0:07:32	2:18:23	bel	
24e33301-b8dc-ef11-8eea-000d3a5a1803	1595	Chloe Meredith	F	F35-39	38	6:09:28	0:54:00	0:06:57	3:04:23	0:04:24	1:59:44	BE	
ec08b0e6-a89a-f011-b4cc-0022480a7385	1596	jonathan dicker	M	M35-39	211	6:09:28	0:46:06	0:10:02	3:03:19	0:04:43	2:05:18	BE	
98ab00f2-3f77-48ec-91d8-9c11983223a5	1597	Xantess Matthys	F	F25-29	72	6:09:39	0:46:23	0:08:45	3:03:12	0:04:41	2:06:38	BE	
3f6ae0f1-569a-f011-b4cc-000d3a5b7c3b	1598	Sebastien Journeau	M	M35-39	212	6:09:40	0:40:38	0:12:13	2:58:38	0:07:23	2:10:48	fra	
6c6d33ce-bd93-f011-b4cc-6045bd05f634	1599	Lauranne Beeckman	F	F25-29	73	6:09:41	0:44:34	0:06:46	3:03:35	0:06:14	2:08:32	BE	
2f8be8a2-0f4a-f011-8779-002248098cfa	1600	Louis Lecoutre	M	M18-24	180	6:09:46	0:42:52	0:04:57	3:06:42	0:06:00	2:09:16	Unknown	
a4b77223-7ed9-ef11-8eea-000d3a5a1803	1601	Cédric Proost	M	M25-29	306	6:09:48	0:46:17	0:12:26	3:06:21	0:08:30	1:56:14	BE	
73d488ca-4a93-f011-b4cc-000d3a5b50ba	1602	stef laureys	M	M18-24	181	6:09:53	0:42:21	0:08:52	3:05:40	0:04:49	2:08:12	BE	
d78f7918-7a99-f011-b4cc-6045bd05fcc1	1603	Kristijan Vulinovic	M	M30-34	308	6:09:53	0:47:30	0:11:25	2:55:13	0:07:09	2:08:37	NO	
1dc84cf2-9da7-433b-9d2e-0d59661953bc	1604	Finja Allenstein	F	F25-29	74	6:09:53	0:42:14	0:07:54	3:04:21	0:04:29	2:10:55	DE	
18797d11-b194-f011-b4cc-0022480c097c	1605	Peter Boel	M	M55-59	40	6:09:57	0:35:40	0:11:07	3:06:16	0:06:20	2:10:36	BE	
fd918ca9-c293-f011-b4cc-0022480c097c	1606	Maïté De Raeve	F	F18-24	25	6:10:16	0:42:07	0:06:49	3:08:21	0:05:51	2:07:09	BE	
25528881-e793-f011-b4cc-0022480a7385	1607	Kirsty Hume	F	F25-29	75	6:10:20	0:39:00	0:10:15	3:08:22	0:08:20	2:04:23	GB	
d499c52f-30e6-4284-bef7-c5654f1d11f3	1608	Mathias Verstappen	M	M30-34	309	6:10:20	0:42:18	0:08:56	2:48:35	0:05:30	2:25:01	BE	
29ac0caa-4a36-45a5-ad38-796cd148f0fd	1609	Jasmijn Van Harten	F	F18-24	26	6:10:27	0:40:56	0:09:48	2:50:41	0:06:27	2:22:34	NL	
ad7835b7-e097-f011-b4cb-002248098ff3	1610	Lennart Iven	M	M25-29	307	6:10:33	0:50:06	0:07:30	2:57:33	0:05:52	2:09:32	DE	
2cae5eaa-bc93-f011-b4cc-0022480a7385	1611	Jonas Iven	M	M25-29	308	6:10:38	0:50:09	0:08:31	2:56:33	0:05:51	2:09:34	DE	
57b8ccef-bd93-f011-b4cc-0022480c097c	1612	Igor Schrijvers	M	M25-29	309	6:10:39	0:46:26	0:07:56	3:01:57	0:04:30	2:09:50	BE	
f98db138-314b-4b0b-bfb5-27f36c0e0d8e	1613	Wim Van De Velde	M	M55-59	41	6:10:46	0:35:46	0:10:51	2:51:04	0:05:17	2:27:48	BE	
d553e8bf-bd93-f011-b4cc-0022480c097c	1614	Marine Bellflamme	F	F25-29	76	6:10:47	0:38:57	0:09:07	3:02:54	0:07:23	2:12:25	BE	
1175684e-b51e-4ff2-a196-07f7775560d1	1615	Femke Kimpe	F	F40-44	25	6:10:51	0:49:06	0:12:28	3:05:47	0:06:08	1:57:22	BE	
514374a3-682f-f011-8c4e-6045bd05fcc1	1616	Mathis Cossement	M	M18-24	182	6:10:54	0:35:49	0:09:16	3:04:34	0:06:24	2:14:52	BE	
30ee3446-4b62-f011-bec3-6045bd09951e	1617	Tim De Meuter	M	M35-39	213	6:11:02	0:42:17	0:10:18	3:00:45	0:05:04	2:12:38	BE	
89692b02-c493-f011-b4cc-0022480a7385	1618	Lorenz De Groote	M	M35-39	214	6:11:03	0:42:21	0:09:37	2:41:10	0:07:54	2:30:01	BE	
6899e9b4-50a9-f111-aaac-0022480a5755	1619	Emmanuel Petitfrere	M	M55-59	42	6:11:14	0:39:08	0:09:42	2:52:01	0:07:42	2:22:40	FRA	
6f591cc4-cea2-48d9-9e01-05de2258bf16	1620	Jorre Afschrift	M	M35-39	215	6:11:18	0:38:29	0:06:42	2:41:32	0:04:38	2:39:57	BE	
bbbb09fd-a844-4e3e-8228-809ad66369d5	1621	Christian Vahldiek	M	M55-59	43	6:11:20	0:47:06	0:08:25	2:51:42	0:05:57	2:18:11	deu	
3a834ce8-339e-f011-b41c-6045bd09951e	1622	Jake Bullock	M	M18-24	183	6:11:24	0:40:36	0:06:06	3:15:08	0:04:44	2:04:51	GB	
7e8f2f8a-41de-ef11-8eea-000d3a5a1803	1623	Louis Dewitte	M	M18-24	184	6:11:25	0:41:57	0:08:13	3:01:24	0:05:15	2:14:36	BE	
509f7094-a293-f011-b4cc-0022480c097c	1624	Amélie Groeninckx	F	F18-24	27	6:11:27	0:48:13	0:06:38	3:03:42	0:05:03	2:07:50	BE	
6a2715e7-0d90-f011-b4cc-002248098cfa	1625	Onno Visser	M	M45-49	111	6:11:27	0:48:12	0:14:29	2:57:55	0:08:31	2:02:20	nld	
5b922710-d193-f011-b4cc-6045bd09951e	1626	Sam Nuytkens	M	M25-29	310	6:11:29	0:41:01	0:09:12	3:10:20	0:05:20	2:05:36	BE	
8b47da5e-b649-ef11-a317-6045bd08b27c	1627	Oliver Benner	M	M45-49	112	6:11:33	0:41:46	0:07:18	3:02:21	0:05:44	2:14:24	DE	
12363448-3fab-ef11-b8e8-000d3a5a403c	1628	Marina Navarro Montilla	F	F25-29	77	6:11:39	0:45:14	0:06:40	3:26:35	0:03:57	1:49:14	BE	
0180c262-5199-f011-b4cc-6045bd05fcc1	1629	Jérémy Galet	M	M30-34	310	6:11:44	0:38:19	0:09:35	3:01:41	0:07:31	2:14:37	BE	
3855c40c-2895-f011-b4cc-6045bd09951e	1630	lukas rohaert	M	M18-24	185	6:11:47	0:44:10	0:08:56	3:05:30	0:06:27	2:06:45	BE	
e8666853-ce75-ef11-a671-6045bd010fe7	1631	Nikolas Ehehalt	M	M25-29	311	6:11:51	0:56:18	0:05:52	2:56:14	0:05:46	2:07:41	DE	
767e3fce-6391-f011-b4cc-6045bd05f634	1632	Amore Vranckaert	M	M30-34	311	6:11:53	0:45:17	0:06:29	2:56:06	0:04:02	2:19:58	BE	
0368d142-9b94-f011-b4cc-0022480a7385	1633	Vishal Thanki	M	M40-44	127	6:12:07	0:41:59	0:07:30	3:10:36	0:05:13	2:06:50	GB	
39d23e79-9db3-49b4-becb-f90923ef6bbf	1634	Mieke Vranken	F	F40-44	26	6:12:13	0:38:14	0:04:36	2:57:14	0:04:00	2:28:08	nld	
6a695c64-6d7a-4dd5-bf32-77dc104ad51d	1635	Lois Newton	F	F40-44	27	6:12:15	0:38:14	0:10:21	3:16:21	0:06:22	2:00:56	GB	
7443d23a-b675-ef11-a670-6045bd068c5b	1636	Rik Peeters	M	M30-34	312	6:12:22	0:54:53	0:06:54	3:00:33	0:05:56	2:04:05	BE	
5da836b2-157a-452e-a319-30dadd49a381	1637	Julien Masson	M	M40-44	128	6:12:23	0:43:56	0:11:12	2:39:36	0:06:22	2:31:18	BE	
156cc991-398f-f011-b4cb-7ced8d3d9235	1638	Jesse Van Malsen	M	M18-24	186	6:12:24	0:43:51	0:09:05	3:02:57	0:04:40	2:11:51	NL	
d539d70c-9329-4e07-9ec5-e3ea0b323d45	1639	Willemijn de Looff	F	F35-39	39	6:12:25	0:42:41	0:07:50	3:02:30	0:06:37	2:12:48	BE	
74d1520e-ec9d-f011-b41c-0022480a7385	1640	Olly Stafford	M	M18-24	187	6:12:39	0:39:51	0:05:45	3:01:46	0:07:15	2:18:02	GB	
ae45b416-bf93-f011-b4cb-6045bd0a1bec	1641	Benny Sacreas	M	M50-54	60	6:12:42	0:48:57	0:08:06	2:51:00	0:06:48	2:17:51	BE	
8aad4f16-1b98-4e87-9f4a-df881a8781c4	1642	Frederic Coorevits	M	M55-59	44	6:12:43	0:39:35	0:09:22	3:01:59	0:06:55	2:14:52	BE	
eecfaef5-1795-f011-b4cc-6045bd05f634	1643	Louis Coorevits	M	M18-24	188	6:12:44	0:40:15	0:08:43	3:01:59	0:05:29	2:16:17	BE	
a1eba121-be93-f011-b4cc-6045bd05fcc1	1644	Tine Op de Beeck	F	F25-29	78	6:12:44	0:32:25	0:05:49	2:55:11	0:08:16	2:31:03	BE	
cfe614db-be93-f011-b4cc-000d3a5cf7d8	1645	Arthur Clinckart	M	M18-24	189	6:12:45	0:44:44	0:08:57	3:07:12	0:06:15	2:05:38	BE	
f131f259-f0d8-ef11-8eea-6045bd048089	1646	Matthew Walsh	M	M30-34	313	6:12:54	0:55:17	0:08:03	2:56:27	0:06:15	2:06:52	GB	
592c9d9f-d79b-f011-b41c-000d3a35ffc1	1647	Nicola Pezzotti	M	M40-44	129	6:12:54	0:45:38	0:10:40	3:04:21	0:05:41	2:06:33	NL	
89942a6f-8994-f011-b4cc-0022480c097c	1648	pierre galotte	M	M35-39	216	6:12:57	0:41:04	0:07:18	2:57:28	0:04:56	2:22:11	FRA	
5f555f70-3593-f011-b4cc-000d3a5b50ba	1649	Michelle Fransen	F	F18-24	28	6:12:58	0:38:23	0:12:58	2:59:54	0:07:55	2:13:48	BE	
88fed565-5241-4b50-87dd-4382b0e86b1f	1650	Jennifer Zuk	F	F25-29	79	6:13:01	0:41:17	0:09:26	3:01:31	0:05:21	2:15:27	LU	
3ee22209-bf93-f011-b4cc-0022480c097c	1651	Tobias Vermeulen	M	M30-34	314	6:13:04	0:50:38	0:09:55	3:01:19	0:07:53	2:03:18	BE	
8026e6d8-7a95-f011-b4cc-000d3a5cf7d8	1652	Niels Thierie	M	M30-34	315	6:13:14	0:42:28	0:07:00	2:55:12	0:05:46	2:22:47	bel	
593c343a-dd74-4836-a3a1-3b915a283a1f	1653	Sam Aertssen	M	M45-49	113	6:13:16	0:38:13	0:07:22	3:00:39	0:05:03	2:21:59	Belgium	
8fd5ebe7-5a87-f011-b4cc-000d3a3173b5	1654	Maarten van Gorsel	M	M35-39	217	6:13:18	0:36:18	0:07:47	3:08:13	0:06:31	2:14:29	nld	
cbe1e279-bd93-f011-b4cc-6045bd05f634	1655	Koen Konings	M	M40-44	130	6:13:23	0:42:38	0:09:24	3:05:06	0:07:15	2:09:01	NL	
19d1c173-f84c-ef11-a317-00224809fd7c	1656	Michael Knop	M	M45-49	114	6:13:28	0:40:28	0:08:41	3:02:21	0:05:39	2:16:18	DE	
7f4c3998-e471-f011-bec2-000d3a5b7c3b	1657	Pierre Lavergne	M	M25-29	312	6:13:29	0:48:41	0:11:34	3:21:48	0:06:24	1:45:02	Unknown	
05e4a900-62ca-4de7-8a8f-cb94eec477e9	1658	Peter Crabbe	M	M55-59	45	6:13:33	0:45:59	0:09:59	2:48:26	0:05:54	2:23:14	BE	
de0dbedd-3d9e-f011-b41c-6045bd05fcc1	1659	Rudy Peeters	M	M60-64	22	6:13:33	0:41:47	0:09:25	2:48:39	0:04:30	2:29:13	BE	
34d8f075-e995-f011-b4cc-6045bd09951e	1660	Nathan Du Bois	M	M18-24	190	6:13:35	0:41:03	0:09:52	3:08:38	0:04:49	2:09:13	BE	
7e643dae-4a59-ef11-a317-6045bd010fe7	1661	Damien Olowu-Dawson	M	M40-44	131	6:13:35	0:40:51	0:06:34	3:04:24	0:05:27	2:16:20	GB	
cfb0643d-eb9d-f011-b41c-000d3a5b50ba	1662	Jonas Heiners	M	M30-34	316	6:13:48	0:43:45	0:08:11	3:01:39	0:04:47	2:15:26	BE	
911c1046-279e-f011-b41c-0022480c097c	1663	Diego Ribeiro	M	M35-39	218	6:14:09	0:54:43	0:10:18	3:03:01	0:06:51	1:59:15	NL	
13ed84af-c293-f011-b4cc-0022480c097c	1664	Elisabeth Moons	F	F30-34	54	6:14:09	0:42:32	0:06:33	3:28:09	0:04:54	1:52:02	BE	
a97c159a-5811-4d34-9098-58fe22039fcb	1665	Marya Strand	F	F55-59	4	6:14:10	0:44:44	0:10:19	3:15:11	0:06:44	1:57:12	USA	
cda0ae76-5a99-f011-b4cc-000d3a3173b5	1666	Felix Stollenwerk	M	M25-29	313	6:14:16	0:43:07	0:07:20	3:05:23	0:06:28	2:11:58	DE	
fa462dd8-8b8d-f011-b4cb-000d3a58b928	1667	Christian Haller	M	M25-29	314	6:14:16	0:44:41	0:07:32	3:14:18	0:07:55	1:59:49	DE	
c568e74e-1a99-f011-b4cc-6045bd05fcc1	1668	Łukasz Strugarek	M	M18-24	191	6:14:17	0:37:55	0:06:45	3:09:26	0:05:26	2:14:44	PL	
64355865-739c-4ac6-9481-9b091edbf7a9	1669	Ivan-Alexis Dassargues	M	M30-34	317	6:14:20	0:38:22	0:08:54	3:13:20	0:05:12	2:08:31	BE	
99635e27-f093-f011-b4cc-000d3a5b7c3b	1670	Senne Van Hoof	M	M35-39	219	6:14:22	0:39:48	0:10:50	3:07:30	0:08:47	2:07:27	BE	
d3ec96df-1b7b-ef11-a670-000d3a59a9a1	1671	Quinten Staelens	M	M30-34	318	6:14:27	0:41:10	0:07:17	2:59:27	0:07:52	2:18:40	BE	
faf6580f-9c93-f011-b4cc-6045bd09951e	1672	Karel Goethals	M	M40-44	132	6:14:29	1:01:22	0:08:45	3:05:32	0:04:35	1:54:14	BE	
6a235e58-f646-f111-bec6-0022480b88da	1673	Gerald De Moor	M	M30-34	319	6:14:33	0:47:55	0:07:54	2:57:19	0:03:47	2:17:38	BEL	
8b80a2ea-fc93-f011-b4cb-002248098cfa	1674	Julien Lansmant	M	M25-29	315	6:14:36	1:01:19	0:08:25	3:00:53	0:05:46	1:58:13	FR	
bae10194-f793-f011-b4cc-000d3a5b50ba	1675	Russotto Sébastien	M	M30-34	320	6:14:37	0:41:21	0:09:36	3:10:16	0:05:24	2:08:01	BE	
04fbbb03-be93-f011-b4cc-6045bd05fcc1	1676	Tim Balk	M	M18-24	192	6:14:39	0:48:27	0:09:09	3:04:44	0:05:12	2:07:07	NL	
1af678fd-bd93-f011-b4cb-002248098cfa	1677	Bart De Jongh	M	M45-49	115	6:14:41	0:45:52	0:10:26	3:10:37	0:06:53	2:00:53	BE	
e671501c-d2d8-ef11-8ee9-000d3a592251	1678	Nils Broes	M	M30-34	321	6:14:41	1:07:03	0:12:00	2:51:54	0:07:06	1:56:38	bel	
c4f0b409-9cfc-47ad-96e5-c23c29a5b4f4	1679	Toby Jardine	M	M55-59	46	6:14:44	0:43:54	0:12:55	3:09:59	0:06:30	2:01:26	GB	
f1232c7f-8c81-ef11-ac21-000d3a5a1803	1680	Clémence Mouraux	F	F30-34	55	6:14:46	0:39:37	0:06:53	3:06:16	0:06:31	2:15:29	fra	
e5cd68fa-bd93-f011-b4cc-6045bd09951e	1681	Alexandre Schons	M	M30-34	322	6:14:57	0:43:44	0:10:58	2:51:28	0:05:30	2:23:16	BE	
f89909b8-9272-4c01-81bb-ba777beabe04	1682	Audrey Pender	F	F40-44	28	6:14:58	0:43:38	0:06:36	3:10:10	0:05:28	2:09:07	irl	
ea68f0ee-d893-f011-b4cc-000d3a5cf7d8	1683	Steffen Janssens	M	M25-29	316	6:15:03	0:42:03	0:09:21	2:48:00	0:06:31	2:29:07	BE	
b4c704f5-8b9c-f011-b41c-000d3a35ffc1	1684	Tara Jackson	F	F40-44	29	6:15:10	0:42:20	0:06:53	2:47:47	0:06:14	2:31:55	IE	
8bbdae15-be93-f011-b4cc-6045bd05fcc1	1685	Capucine Auquebon	F	F25-29	80	6:15:17	0:45:48	0:05:50	2:57:35	0:03:55	2:22:09	FR	
937f3bca-a764-4324-943a-283770d60022	1686	Katrien Van Den Borre	F	F45-49	15	6:15:27	0:38:48	0:07:49	3:08:04	0:05:36	2:15:10	BE	
2c2c4d53-7e97-f011-b4cc-000d3a35ffc1	1687	Shanti Vanbergen	F	F25-29	81	6:15:41	0:38:00	0:07:39	3:10:09	0:06:30	2:13:22	BE	
cd14deb3-c39b-f011-b41c-000d3a3173b5	1688	Giacomo Di Pamparato	M	M18-24	193	6:15:47	0:40:52	0:09:18	3:01:31	0:06:11	2:17:55	BE	
4fa604d8-091c-41c1-bd5a-d0b002b95430	1689	Eric Brocal	M	M50-54	61	6:15:48	0:52:43	0:12:16	2:54:36	0:07:43	2:08:30	BE	
9279a6b2-be93-f011-b4cc-6045bd05f634	1690	Dennie Post	M	M35-39	220	6:15:59	1:01:14	0:07:48	2:55:52	0:05:39	2:05:25	DK	
ca104a27-b26e-f011-bec2-000d3a5b7c3b	1691	Laurie Rahier	F	F30-34	56	6:16:01	0:44:49	0:08:15	3:07:37	0:07:45	2:07:35	GBR	
4b9440aa-4ff4-40d2-86c6-5fc7a5f23d6e	1692	Sophie Kane	F	F35-39	40	6:16:09	0:34:39	0:06:46	3:08:48	0:04:10	2:21:46	GB	
55a19725-8df8-41c7-a2cb-8bc98f63042d	1693	Frank Gläser	M	M55-59	47	6:16:10	0:47:55	0:09:44	2:50:27	0:04:57	2:23:07	DE	
67daf14f-ac4c-ef11-a317-000d3a5c08e8	1694	James Day	M	M45-49	116	6:16:17	0:53:53	0:07:03	3:01:49	0:05:56	2:07:36	gbr	
797f819c-bcbc-ef11-b8e8-000d3a5a403c	1695	Nathalie Moelans	F	F40-44	30	6:16:19	0:53:19	0:08:20	3:10:50	0:06:01	1:57:50	BE	
b5cd5ac8-be93-f011-b4cc-000d3a5b50ba	1696	Cis Staut	M	M25-29	317	6:16:28	0:54:38	0:10:15	2:48:15	0:06:52	2:16:27	BE	
4a465caf-437f-ef11-ac20-000d3a59a9a1	1697	melanie soree	F	F40-44	31	6:16:55	0:48:31	0:06:19	2:58:51	0:04:57	2:18:18	BE	
70e4ff83-979c-f011-b41c-6045bd09951e	1698	Lancelot de Neve de Roden	M	M18-24	194	6:17:10	0:39:34	0:08:30	3:05:53	0:07:46	2:15:28	BE	
feffd98f-c293-f011-b4cc-000d3a5cf7d8	1699	Celia Gallego	F	F25-29	82	6:17:10	0:46:13	0:09:37	3:15:57	0:05:50	1:59:33	BE	
7a678b53-c293-f011-b4cc-000d3a5cf7d8	1700	Maxim van Ossenbruggen	F	F25-29	83	6:17:15	0:48:02	0:06:45	3:03:29	0:05:27	2:13:31	NL	
e61d8c17-be93-f011-b4cc-000d3a3173b5	1701	Robin Bauwens	M	M25-29	318	6:17:20	0:47:49	0:09:11	2:52:14	0:07:03	2:21:03	BE	
13b69b63-0392-f011-b4cc-0022480a7385	1702	Marcel Schwarz	M	M25-29	319	6:17:23	0:55:26	0:11:50	2:53:11	0:06:15	2:10:41	DE	
fc739432-9f2e-4ee0-8340-519975c9201e	1703	Carmine Mandola	M	M55-59	48	6:17:24	0:47:12	0:09:52	3:04:40	0:06:49	2:08:50	Italy	
e3c847b3-8ea7-ef11-8a69-6045bd018d16	1704	Mark Trowell	M	M45-49	117	6:17:56	0:44:51	0:08:05	3:10:14	0:05:43	2:09:03	gbr	
d895e21b-a986-48e2-8f6b-529ff558c9ee	1705	Joe Oxtoby	M	M45-49	118	6:17:58	0:47:11	0:07:17	3:01:34	0:05:08	2:16:48	GB	
7d9e2a3f-e699-f011-b4cc-6045bd05f634	1706	Aurian du Bois de Nevele	M	M18-24	195	6:18:00	0:51:19	0:06:19	3:09:54	0:04:13	2:06:17	BE	
8dd0c85b-6b7e-f011-b4cc-6045bd09951e	1707	Tobias Wagner	M	M35-39	221	6:18:11	0:44:12	0:06:58	2:39:12	0:05:53	2:41:57	deu	
de9c58ad-3995-f011-b4cc-000d3a5b50ba	1708	Fanny Vieillard Ibrahim	F	F40-44	32	6:18:16	0:33:25	0:09:06	3:00:31	0:06:46	2:28:29	CH	
29d5446d-5a9d-f011-b41c-002248098cfa	1709	Lander De Groote	M	M25-29	320	6:18:30	0:41:25	0:08:09	3:11:05	0:06:08	2:11:43	BE	
aa837db2-c476-ef11-a670-000d3a595126	1710	Tom Bosman	M	M45-49	119	6:18:32	0:40:13	0:09:33	3:03:57	0:08:03	2:16:46	bel	
00f23377-5d94-f011-b4cc-000d3a3173b5	1711	casper diddens	M	M18-24	196	6:18:32	0:41:49	0:13:24	3:02:31	0:06:33	2:14:16	BE	
45554aec-c993-f011-b4cc-6045bd09951e	1712	Lynn Robeyns	F	F25-29	84	6:18:36	0:41:21	0:11:08	3:13:57	0:10:09	2:02:01	BE	
6a135492-41de-ef11-8eea-000d3a5ae96c	1713	Emelyne Seillier	F	F35-39	41	6:18:45	0:40:13	0:06:42	3:10:57	0:06:04	2:14:50	BE	
195818e2-d0c0-4482-a062-52e1564963ce	1714	Henri De Romree	M	M50-54	62	6:18:47	0:42:41	0:06:33	3:04:01	0:04:40	2:20:51	BE	
5fc888a8-60d0-f011-bbd3-000d3a5b50ba	1715	Matthis Schuldt	M	M18-24	197	6:18:48	0:45:01	0:08:31	2:59:22	0:06:45	2:19:10	DEU	
03a72d00-be93-f011-b4cc-0022480a7385	1716	Julie Carlier	F	F40-44	33	6:18:53	0:42:04	0:10:36	3:11:38	0:05:46	2:08:49	BE	
e6d3b004-b27b-f011-b4cc-6045bd09951e	1717	Yolien Verdonck	F	F35-39	42	6:19:05	0:42:48	0:08:26	3:06:46	0:04:57	2:16:07	BE	
2d7bfcf5-d68f-f011-b4cb-6045bd014966	1718	Kato Dermaut	F	F25-29	85	6:19:12	0:44:08	0:07:50	2:57:11	0:05:07	2:24:55	BEL	
1284f8c9-da64-f111-a826-0022480994c2	1719	Jonny Cartwright	M	M30-34	323	6:19:16	0:42:42	0:09:38	3:24:38	0:05:03	1:57:15	GBR	
616510cd-e89d-f011-b41c-000d3a35ffc1	1720	Lucas t'Kint	M	M25-29	321	6:19:37	0:43:48	0:09:44	2:53:01	0:05:09	2:27:56	BE	
3076710a-deb8-4cb2-a38f-807a86120e29	1721	Erik De Stercke	M	M45-49	120	6:19:43	0:40:44	0:09:33	2:57:19	0:07:40	2:24:27	BE	
63a4806b-54e2-ef11-8eea-6045bd088264	1722	Thomas Daenen	M	M45-49	121	6:19:57	0:40:46	0:09:17	3:15:05	0:06:02	2:08:47	BE	
844c1eb3-e896-f011-b4cc-000d3a5b7c3b	1723	Kim Gerardu	F	F18-24	29	6:20:04	0:35:29	0:07:51	3:04:28	0:04:35	2:27:41	NL	
9866e69b-0493-f011-b4cc-000d3a5b7c3b	1724	Gauthier Standaert	M	M25-29	322	6:20:05	0:41:35	0:10:05	2:58:52	0:06:10	2:23:22	BE	
63ec212e-5422-46f1-a697-4b7396e485cd	1725	Silke Vits	F	F25-29	86	6:20:09	0:48:55	0:06:58	3:03:13	0:04:09	2:16:54	BE	
8a25a3b2-fa96-f011-b4cc-000d3a35ffc1	1726	N’diaye Anaïs	F	F25-29	87	6:20:14	0:48:23	0:05:23	3:19:01	0:03:15	2:04:12	FR	
181a13d0-8a27-4230-a0ae-ca4afe2327bc	1727	Jules Grouwels	M	M30-34	324	6:20:33	0:44:32	0:05:43	2:57:36	0:04:45	2:27:58	NL	
83fc937b-b012-466c-8d2c-10a79688bea5	1728	Ignace Devreese	M	M40-44	133	6:20:39	0:46:29	0:07:47	2:57:19	0:07:29	2:21:33	BE	
c6553d85-0094-f011-b4cc-000d3a35ffc1	1729	Tom Claes	M	M30-34	325	6:20:48	0:37:36	0:06:29	2:56:15	0:05:38	2:34:49	BE	
de702ccc-7a94-f011-b4cc-000d3a5b50ba	1730	Enzio Houwaart	M	M30-34	326	6:20:50	0:39:42	0:08:56	3:02:59	0:05:28	2:23:46	BE	
7191bf6e-44c5-4abb-8f77-50062aed804e	1731	Bianca Fernandez-Clark	F	F40-44	34	6:21:03	1:01:17	0:08:41	3:00:09	0:05:45	2:05:11	GB	
474fe9c4-5898-ee11-be37-000d3a314d17	1732	Joost Van Den Blink	M	M45-49	122	6:21:03	0:40:12	0:10:38	2:56:10	0:08:21	2:25:42	NL	
a7fe86ca-8c16-ef11-9f8a-002248044460	1733	Charles Benoist	M	M35-39	222	6:21:08	0:40:54	0:07:41	2:57:08	0:04:40	2:30:46	FR	
e6d0b727-d7a2-f011-bbd3-6045bd09951e	1734	Kylian Rausens	M	M18-24	198	6:21:09	0:41:39	0:05:41	2:58:34	0:03:54	2:31:22	BE	
1a3fc1fd-bd93-f011-b4cc-6045bd05fcc1	1735	Maxim Malfait	M	M25-29	323	6:21:10	0:40:57	0:08:06	2:50:07	0:05:13	2:36:46	BE	
be73670c-be93-f011-b4cc-6045bd09951e	1736	Jens De Peuter	M	M30-34	327	6:21:15	0:44:31	0:13:16	2:56:53	0:08:49	2:17:46	BE	
44fcce83-d843-f011-877a-6045bd05fcc1	1737	Giel Hanegraaf	M	M30-34	328	6:21:21	0:52:57	0:07:13	3:08:13	0:03:38	2:09:20	NL	
699ecc45-cee0-ef11-8eea-000d3a5a1803	1738	Renée Ryheul	F	F18-24	30	6:21:22	0:40:34	0:08:13	3:02:49	0:04:29	2:25:17	BE	
ad5b9ca4-8399-f011-b4cc-6045bd05f634	1739	Archie Shields	M	M25-29	324	6:21:27	0:43:07	0:09:06	3:05:45	0:04:40	2:18:49	GB	
b032062b-be93-f011-b4cc-000d3a5b7c3b	1740	Toon De Paepe	M	M18-24	199	6:21:36	0:45:20	0:08:23	3:09:50	0:05:40	2:12:23	BE	
8ece2e12-9c9b-f011-b41c-0022480a7385	1741	Anne-Sophie Jost	F	F25-29	88	6:21:37	0:48:46	0:06:56	2:58:21	0:05:10	2:22:24	BE	
e040a363-2678-f011-b4cc-000d3a3173b5	1742	Sven Roufs	M	M30-34	329	6:21:45	0:41:06	0:07:41	2:43:03	0:05:35	2:44:20	NL	
a3c062a7-0594-f011-b4cc-000d3a35ffc1	1743	Samuel Forlot	M	M45-49	123	6:21:56	0:46:10	0:12:56	3:12:11	0:06:12	2:04:26	fra	
3cf05a46-f893-f011-b4cc-0022480a7385	1744	Vincent Degoedt	M	M35-39	223	6:21:58	0:54:19	0:10:24	2:59:37	0:08:17	2:09:21	BE	
198f9790-3a9f-ef11-8a69-000d3a5a403c	1745	Casper Diddens	M	M45-49	124	6:22:02	0:49:11	0:09:31	3:02:33	0:06:10	2:14:38	BE	
c208d24b-2f97-f011-b4cc-000d3a5b50ba	1746	Felix Herwig	M	M25-29	325	6:22:04	0:46:59	0:07:03	2:56:01	0:04:52	2:27:10	DE	
f1ba0c24-c393-f011-b4cc-0022480a7385	1747	Diego Soyez	M	M25-29	326	6:22:16	0:41:01	0:07:46	3:14:27	0:07:38	2:11:24	BE	
af962640-569d-f011-b41c-000d3a5cf7d8	1748	Kobe Volckaerts	M	M25-29	327	6:22:24	0:48:03	0:08:51	2:58:50	0:05:03	2:21:35	BE	
30d719f4-4260-f011-bec3-000d3a5cf7d8	1749	Julien Serrano	M	M40-44	134	6:22:26	0:50:27	0:09:19	3:15:43	0:05:31	2:01:27	FR	
52a95a6c-bf93-f011-b4cc-000d3a3173b5	1750	Charlotte Robertson	F	F40-44	35	6:22:32	0:39:34	0:08:07	3:12:49	0:05:51	2:16:10	GB	
fc155fd1-6a94-f011-b4cc-6045bd05fcc1	1751	Maxence Flecijn	M	M25-29	328	6:22:35	0:44:59	0:06:07	2:53:10	0:08:24	2:29:55	BE	
9fa74751-4e76-ef11-a670-000d3a5b2670	1752	Elise Rousseau	F	F25-29	89	6:22:36	0:48:08	0:09:05	3:24:44	0:05:07	1:55:32	Unknown	
5040a4cc-468f-f111-8076-70a8a5af2bd0	1753	thomas conso	M	M50-54	63	6:22:57	0:47:28	0:08:21	3:01:12	0:06:43	2:19:14	FRA	
30d81acf-fd4c-ef11-a317-000d3a383830	1754	Kristof Spapen	M	M30-34	330	6:23:02	0:43:45	0:07:47	3:03:14	0:06:48	2:21:27	BE	
258f8646-159d-f011-b41c-000d3a5b7c3b	1755	Wannes Mouton	M	M18-24	200	6:23:11	0:40:34	0:09:59	3:02:06	0:05:05	2:25:27	BE	
8ed73a65-a60f-ee11-8f6d-000d3a314c24	1756	Guillaume Crevecoeur		M45-49	125	6:23:17	0:48:50	0:12:14	2:55:24	0:05:17	2:21:31	BEL	
77791183-c887-f011-b4cc-0022480a7385	1757	Dario Citino	M	M30-34	331	6:23:21	0:55:04	0:06:32	3:03:32	0:04:55	2:13:18	CH	
8a6e017c-7f94-f011-b4cc-6045bd09951e	1758	Annelies Daniëls	F	F50-54	7	6:23:26	0:53:44	0:08:05	3:08:57	0:05:19	2:07:21	BE	
6b6ad15c-06c2-4ec9-bcc6-c15964fc46bf	1759	Anders Krok	M	M60-64	23	6:23:31	0:40:46	0:09:07	3:19:17	0:06:51	2:07:30	swe	
8b1c38ee-bd93-f011-b4cc-0022480a7385	1760	Milo Claes	M	M25-29	329	6:23:41	0:45:21	0:07:44	2:50:44	0:05:02	2:34:50	BE	
62772efd-d993-f011-b4cc-000d3a5b50ba	1761	Tim Lenssens	M	M25-29	330	6:23:44	0:50:51	0:10:52	2:53:50	0:06:16	2:21:55	BE	
3f8eef46-c393-f011-b4cc-6045bd05f634	1762	Elaine Head	F	F45-49	16	6:24:04	0:43:36	0:10:11	3:20:20	0:06:04	2:03:54	GB	
0f9d73f1-cf93-f011-b4cc-6045bd05fcc1	1763	James Van rooij	M	M18-24	201	6:24:05	0:50:00	0:08:10	3:07:43	0:04:24	2:13:49	NLD	
223ed92a-c093-f011-b4cc-000d3a3173b5	1764	Amber Mariën	F	F30-34	57	6:24:07	0:44:20	0:09:02	3:05:38	0:04:16	2:20:51	bel	
43fe2f5e-128a-417c-8eef-7347a1cac898	1765	Samuel Cox	M	M40-44	135	6:24:10	0:47:32	0:10:50	3:03:40	0:06:17	2:15:50	UNITED KINGDOM	
c0dd4379-be93-f011-b4cc-6045bd09951e	1766	Loïc Brion	M	M18-24	202	6:24:10	0:39:05	0:09:02	3:09:48	0:07:01	2:19:14	BE	
3c07583e-be93-f011-b4cc-000d3a5cf7d8	1767	Yasmine Abdellaoui	F	F30-34	58	6:24:12	0:44:06	0:09:14	3:13:33	0:10:04	2:07:14	BE	
1bf541e8-bd93-f011-b4cc-0022480a7385	1768	MARK GIANNANDREA	M	M50-54	64	6:24:14	0:52:50	0:09:07	3:11:04	0:06:23	2:04:51	IT	
8f29ee3c-8e4c-f011-877a-0022480a7385	1769	Jeroen Quaedvlieg	M	M45-49	126	6:24:15	0:40:34	0:11:22	2:58:03	0:10:14	2:24:01	BE	
0f07b44c-7899-f011-b4cc-6045bd09951e	1770	Vincent Bonvin-Draps	M	M25-29	331	6:24:18	0:40:30	0:07:09	3:02:20	0:07:07	2:27:12	BE	
31d3a0eb-f5e7-45a2-93a2-7473a721c59a	1771	Evi Bert	F	F45-49	17	6:24:19	0:45:50	0:09:50	3:11:52	0:06:23	2:10:24	BE	
f510ab3a-c393-f011-b4cc-6045bd05fcc1	1772	Callum Cooley	M	M25-29	332	6:24:29	0:54:08	0:09:38	3:11:26	0:05:38	2:03:38	GB	
b55823d3-7566-468a-b90e-438420016bd0	1773	Clara Peroo	F	F18-24	31	6:24:32	0:44:15	0:07:13	3:15:19	0:04:17	2:13:27	BEL	
e74ccc45-1a58-f011-877a-0022480c097c	1774	Maxime BERNARD	M	M30-34	332	6:24:44	0:47:49	0:07:29	3:06:12	0:05:18	2:17:57	BE	
a8d80730-0bad-4688-b588-26705103a0e1	1775	Morgane Persinet	F	F30-34	59	6:24:48	1:06:28	0:08:33	3:12:21	0:05:45	1:51:41	FR	
86f2b7ed-2c93-f011-b4cc-6045bd05fcc1	1776	Pieter-Michiel Vermaut	M	M40-44	136	6:24:50	0:41:58	0:06:04	3:00:16	0:04:10	2:32:22	BE	
557075ba-bd93-f011-b4cb-6045bd0a1bec	1777	Kevin Adnet	M	M25-29	333	6:24:53	0:42:12	0:06:54	3:14:06	0:04:36	2:17:05	BE	
9be06c93-c34f-4daa-8231-6686622166d3	1778	Ann Tryssesoone	F	F60-64	3	6:24:54	0:46:53	0:08:32	2:57:03	0:05:37	2:26:50	gbr	
9c16e140-1bec-4783-ba31-03dd09258ebb	1779	Olivier Decuypere	M	M50-54	65	6:24:55	0:40:46	0:09:58	3:15:25	0:06:40	2:12:07	BE	
d8a1a2c5-bf93-f011-b4cc-000d3a5cf7d8	1780	Niels Jansen	M	M25-29	334	6:24:56	0:46:55	0:08:34	2:57:47	0:04:32	2:27:09	LU	
c7d339ed-c893-f011-b4cc-000d3a5b50ba	1781	Philipp Engels	M	M18-24	203	6:25:04	0:34:38	0:08:59	3:10:01	0:06:01	2:25:24	CI	
1bf6ad3f-749d-f011-b41c-000d3a3173b5	1782	Seppe Ryckaert	M	M18-24	204	6:25:07	0:47:43	0:11:36	3:00:28	0:05:42	2:19:39	BE	
c3c7374f-0694-f011-b4cc-000d3a5b50ba	1783	Thibault Moës	M	M25-29	335	6:25:07	0:55:25	0:09:26	3:05:32	0:06:11	2:08:33	BE	
562793e2-9793-f011-b4cc-000d3a5b7c3b	1784	Patrick Legai	M	M50-54	66	6:25:16	0:41:13	0:09:51	3:05:53	0:07:31	2:20:49	BE	
d868c8a7-a861-f011-bec3-000d3a5cf7d8	1785	Lothar Peeters	M	M25-29	336	6:25:23	0:37:58	0:08:21	2:55:07	0:05:06	2:38:51	BE	
6b89872f-948a-4216-a2f8-971dc2df0ac6	1786	Daniel Christ	M	M45-49	127	6:25:24	0:40:09	0:06:40	3:07:01	0:07:37	2:23:57	DE	
19893705-be93-f011-b4cc-000d3a3173b5	1787	Virginie Dardenne	F	F30-34	60	6:25:30	0:48:47	0:09:06	3:12:15	0:05:11	2:10:10	BE	
1cb88944-1e88-f011-b4cc-000d3a3173b5	1788	Michael Tran	M	M30-34	333	6:25:39	0:54:32	0:07:48	3:00:35	0:06:05	2:16:39	deu	
a7188b51-c193-f011-b4cc-000d3a5b50ba	1789	Vanessa Moreau	F	F40-44	36	6:25:41	0:37:03	0:10:19	3:09:42	0:07:58	2:20:39	FR	
83ef4f55-cca0-4bf7-9984-0b3cf563a4dc	1790	Thibo De Boel	M	M25-29	337	6:25:41	0:45:00	0:13:08	3:06:09	0:09:39	2:11:45	BE	
cc092b04-a394-f011-b4cc-000d3a5cf7d8	1791	Eva Van Sande	F	F25-29	90	6:25:41	0:38:50	0:10:14	3:15:09	0:09:42	2:11:46	BE	
2546596c-06be-ef11-b8e9-000d3a5a1803	1792	Thomas Smolders	M	M30-34	334	6:25:42	0:45:45	0:08:20	3:04:19	0:04:38	2:22:40	BE	
5d7d152e-7951-4360-912e-8aff1c46d684	1793	Denis Lefèvre	M	M50-54	67	6:25:48	0:53:59	0:08:17	2:58:50	0:07:12	2:17:30	BE	
e1ac5af2-d125-40b5-ad0e-6b90f5490136	1794	Clive Harvey	M	M65-69	5	6:25:58	0:40:21	0:09:26	3:06:38	0:05:17	2:24:15	GB	
941e56aa-9d9b-f011-b41c-6045bd09951e	1795	Antoine Horn	M	M25-29	338	6:25:58	0:42:06	0:09:34	3:15:46	0:06:00	2:12:31	Unknown	
3067d70a-be93-f011-b4cb-6045bd0a1bec	1796	Lissa Rottiers	F	F30-34	61	6:26:08	0:46:42	0:09:37	3:04:52	0:05:47	2:19:11	BE	
cdddad17-7df2-ee11-904b-6045bd075a4c	1797	Pedro A Cerpa Hernández	M	M45-49	128	6:26:11	0:48:30	0:09:31	3:28:25	0:06:19	1:53:25	BEL	
e6d9fd81-1094-f011-b4cc-6045bd05fcc1	1798	Fabio Mendes	M	M25-29	339	6:26:20	0:44:52	0:08:19	3:06:26	0:05:13	2:21:31	BE	
1644d98e-9cf4-47e2-98f0-f0d8b4835895	1799	Alex Raes	M	M55-59	49	6:26:20	0:49:42	0:10:17	2:59:17	0:06:16	2:20:48	BE	
e5b4362a-be93-f011-b4cb-6045bd0a1bec	1800	bram Van den Bergh	M	M18-24	205	6:26:20	0:54:26	0:06:29	3:05:50	0:04:31	2:15:03	BE	
2ded3039-7d99-f011-b4cc-000d3a35ffc1	1801	Bram Stuyck	M	M35-39	224	6:26:23	0:54:11	0:09:11	2:51:17	0:04:28	2:27:17	BE	
7fa11f74-4093-f011-b4cc-6045bd09951e	1802	Willem Bestman	M	M18-24	206	6:26:29	0:34:47	0:09:54	2:53:30	0:05:43	2:42:35	NL	
6c6fe345-93bb-ef11-b8e8-000d3a5a403c	1803	patrick Johannes berman	M	M40-44	137	6:26:30	0:38:14	0:07:09	3:25:21	0:04:42	2:11:05	nld	
4a0ff5f0-bf98-f011-b4cc-6045bd09951e	1804	Lucas Dejosé	M	M30-34	335	6:26:30	0:42:49	0:11:17	3:03:12	0:09:00	2:20:12	BE	
0b98cdc1-b796-f011-b4cc-0022480c097c	1805	Dominique Smit	F	F35-39	43	6:26:31	0:49:25	0:09:23	2:47:38	0:07:10	2:32:55	NL	
6d600d62-e496-f011-b4cc-000d3a5b7c3b	1806	Sarah Claeys	F	F30-34	62	6:26:38	0:46:55	0:07:26	3:03:20	0:06:17	2:22:40	BE	
001be555-cc93-f011-b4cc-000d3a5b7c3b	1807	Jessica Schuler	F	F18-24	32	6:26:54	0:43:57	0:07:51	3:12:15	0:04:50	2:18:01	CH	
91826c2c-be93-f011-b4cc-000d3a5cf7d8	1808	Julie Creten	F	F30-34	63	6:27:01	0:47:39	0:07:48	3:07:38	0:07:34	2:16:22	BEL	
facd381d-2f9e-f011-b41c-0022480c097c	1809	Beau De Bleser	M	M25-29	340	6:27:01	0:48:09	0:10:02	3:21:23	0:05:51	2:01:36	BE	
e62a51df-2d32-4de4-97a5-22b295ac965d	1810	Jeremiah Louette	M	M35-39	225	6:27:17	0:38:10	0:09:30	3:03:23	0:06:27	2:29:47	bel	
c180a936-8b6b-4d84-9fee-316b3e604c01	1811	Martin Désiron	M	M30-34	336	6:27:21	0:51:51	0:07:13	3:07:24	0:04:40	2:16:15	BE	
e7babe9c-84ad-ee11-a569-000d3a314d17	1812	Thomas Van Wynsberge	M	M40-44	138	6:27:35	0:47:15	0:09:44	3:22:04	0:04:09	2:04:22	FRA	
424330be-bae4-f011-8544-000d3a3173b5	1813	Ilona LAMY	F	F25-29	91	6:27:36	0:35:58	0:06:44	3:11:22	0:05:01	2:28:30	FRA	
702b1b97-a12a-43d9-82c3-db9f46a7b797	1814	David Lamy	M	M55-59	50	6:27:45	0:52:29	0:09:45	3:11:04	0:05:37	2:08:51	gbr	
2d6241af-258c-f011-b4cc-000d3a5b50ba	1815	Emily Reid	F	F30-34	64	6:28:01	0:42:27	0:06:13	3:16:02	0:04:44	2:18:36	GB	
9ae92f61-d293-f011-b4cc-0022480c097c	1816	Hanne Mertens	F	F35-39	44	6:28:11	0:40:32	0:06:55	3:36:30	0:05:19	1:58:54	BE	
af924a9b-2753-f011-877a-6045bd09951e	1817	Cecile Labaste	F	F30-34	65	6:28:14	0:42:11	0:10:20	3:19:28	0:06:42	2:09:32	Unknown	
fbd02dd7-8099-f011-b4cb-7ced8d6e2ae5	1818	Maheva Arnaud	F	F25-29	92	6:28:18	0:45:56	0:07:37	2:51:00	0:06:03	2:37:42	BE	
8e6aa058-f126-43bb-a728-106af9309a40	1819	Nathalie Labeeuw	F	F50-54	8	6:28:24	0:42:05	0:08:33	3:14:48	0:05:45	2:17:13	BE	
a26f6573-f99d-f011-b41c-000d3a3173b5	1820	Emily Batchelor	F	F25-29	93	6:28:27	0:43:40	0:07:22	3:11:16	0:11:00	2:15:10	GB	
a7f7a085-b549-ef11-a317-6045bd017e21	1821	Jeroen Roskam	M	M18-24	207	6:28:38	0:42:43	0:07:41	2:53:39	0:06:48	2:37:46	NL	
9a005bdb-e27d-4aee-9f8a-1fd6e9a809dc	1822	Sven Jurczyk	M	M45-49	129	6:28:47	0:49:52	0:07:58	3:07:21	0:06:21	2:17:15	DE	
ba696e5a-7b8b-f011-b4cc-000d3a5b7c3b	1823	Marie-Judith Vanden Kerchove	F	F25-29	94	6:29:08	0:45:17	0:07:56	3:20:41	0:07:28	2:07:46	BE	
44c56942-f393-f011-b4cc-000d3a3173b5	1824	Loes Hutten	F	F18-24	33	6:29:13	0:46:08	0:07:19	3:08:02	0:07:58	2:19:46	NL	
7d64c5d1-c012-f011-998a-000d3a5b50ba	1825	Aaron Deceuninck	M	M18-24	208	6:29:14	0:36:22	0:08:21	3:03:04	0:08:43	2:32:44	BE	
ba97e626-1a9e-ef11-8a6a-000d3a338a3c	1826	Graham Davis	M	M45-49	130	6:29:21	0:44:14	0:08:59	3:04:49	0:07:10	2:24:09	gbr	
03768c86-bd93-f011-b4cc-6045bd09951e	1827	Alejandro Pascual	M	M30-34	337	6:29:31	0:45:37	0:09:13	3:32:31	0:05:06	1:57:04	BEL	
37d16e1e-c093-f011-b4cc-0022480c097c	1828	Axelle Otten	F	F18-24	34	6:29:37	0:38:55	0:09:01	3:12:58	0:06:50	2:21:52	BE	
5716883a-5d95-f011-b4cc-000d3a5b7c3b	1829	Anna Purdom	F	F30-34	66	6:29:38	0:42:22	0:07:16	3:23:06	0:04:00	2:12:53	GB	
e05cf0d7-c856-f011-877b-000d3a35ffc1	1830	Sven De Vuyst	M	M40-44	139	6:29:39	0:44:56	0:12:36	2:54:40	0:07:16	2:30:11	BE	
947875bc-db93-f011-b4cc-000d3a3173b5	1831	Aliou Baldé	M	M35-39	226	6:29:40	0:54:20	0:10:30	3:09:03	0:12:13	2:03:35	BE	
4e5b878e-42de-ef11-8eea-002248049fdc	1832	Tito Vallejos	M	M35-39	227	6:29:43	0:45:26	0:07:22	3:05:40	0:05:47	2:25:28	BEL	
ebddb519-309b-f011-b4cc-6045bd09951e	1833	Nathan Wiesenfeld	M	M30-34	338	6:29:57	0:57:14	0:10:05	3:10:54	0:08:31	2:03:14	FR	
8241852d-c593-f011-b4cb-6045bd0a1bec	1834	Tom Matthys	M	M25-29	341	6:30:00	0:37:14	0:07:03	3:09:52	0:06:29	2:29:22	BE	
011511ce-bf93-f011-b4cc-000d3a5b50ba	1835	Linsey Loridon	F	F30-34	67	6:30:01	0:42:12	0:08:38	3:12:50	0:06:49	2:19:33	BE	
c5a53ad7-3d95-f011-b4cc-000d3a35ffc1	1836	Alistair Christofe Chappuis	M	M40-44	140	6:30:11	0:45:33	0:10:10	3:05:12	0:08:16	2:21:00	CH	
f3c6484f-a9d6-ef11-8eea-002248049fdc	1837	Stuart Rogie	M	M18-24	209	6:30:13	0:46:32	0:08:59	2:54:39	0:09:17	2:30:47	GB	
e93f8e5c-b660-4111-aa6e-cef4585473a1	1838	Jessica Deboiserie	F	F40-44	37	6:30:17	0:49:02	0:11:17	3:28:36	0:06:35	1:54:47	FR	
1d8c8e30-f19d-f011-b41c-000d3a5b50ba	1839	Stef Kunst	M	M25-29	342	6:30:23	0:53:47	0:07:40	3:07:00	0:04:36	2:17:20	BE	
c94f36bc-28e4-4efa-a950-3260d710c9e4	1840	Hubert Habets	M	M35-39	228	6:30:23	0:44:44	0:10:21	2:55:11	0:10:34	2:29:34	nld	
57684b80-e093-f011-b4cc-000d3a5cf7d8	1841	Moussa Pfaff	M	M18-24	210	6:30:24	0:39:35	0:08:06	3:06:15	0:06:00	2:30:28	BE	
6bea878f-e193-f011-b4cc-6045bd05f634	1842	Inge Capiot	F	F50-54	9	6:30:33	0:54:28	0:10:00	3:07:05	0:07:41	2:11:19	BE	
b2cda3d9-7d79-ef11-a670-002248049fdc	1843	Nils Schlüter	M	M30-34	339	6:30:34	0:41:24	0:07:27	3:16:16	0:04:09	2:21:19	DE	
37d2ef3d-d29d-f011-b41c-000d3a5b50ba	1844	Youri Vermunt	M	M30-34	340	6:30:46	0:47:02	0:11:45	3:06:58	0:08:24	2:16:36	NL	
5a91756a-ff93-f011-b4cc-000d3a5b7c3b	1845	Kieran Vangeel	M	M25-29	343	6:30:52	0:45:54	0:12:36	3:05:05	0:06:41	2:20:36	BE	
dc9d4a0e-466b-42bf-9402-48064d858fd5	1846	Ruben Scheer	M	M45-49	131	6:31:05	0:53:29	0:07:44	2:58:42	0:07:36	2:23:34	NLD	
fd9f9f0b-e787-f011-b4cc-6045bd09951e	1847	Thibault Bourgeois	M	M18-24	211	6:31:07	0:48:47	0:08:26	3:27:00	0:05:59	2:00:54	BE	
957f8588-bd56-f011-877a-000d3a5b7c3b	1848	Mathys Courcelles	M	M18-24	212	6:31:08	0:46:45	0:11:49	2:57:20	0:06:12	2:29:02	Unknown	
9a8fdc87-ec93-f011-b4cc-6045bd05fcc1	1849	Pieter Van den Bossche	M	M30-34	341	6:31:11	0:46:49	0:07:20	2:55:21	0:04:48	2:36:53	BE	
4fd142f4-bf93-f011-b4cc-000d3a5b7c3b	1850	Gaelle Hladki	F	F35-39	45	6:31:12	0:42:02	0:09:51	3:30:21	0:06:29	2:02:30	BE	
e5a68973-1b97-f011-b4cc-0022480a7385	1851	Jolan Bultereys	M	M25-29	344	6:31:25	0:44:48	0:09:53	3:05:10	0:05:56	2:25:38	BE	
6a01738b-2e97-f011-b4cc-000d3a5c3d6c	1852	Jeno Vanderheyden	M	M25-29	345	6:31:26	0:43:08	0:10:37	3:16:30	0:09:01	2:12:10	BE	
4920f8d8-e281-f011-b4cc-000d3a5b50ba	1853	Jamie SUTTER	F	F25-29	95	6:31:32	0:40:19	0:05:54	3:09:46	0:06:57	2:28:36	che	
e8c455a4-bd93-f011-b4cc-000d3a3173b5	1854	Ilse van der Linde	F	F25-29	96	6:31:34	0:47:25	0:07:49	3:12:30	0:04:56	2:18:54	NL	
abcdd8d0-9291-f011-b4cc-000d3a3173b5	1855	Dario Cresens	M	M25-29	346	6:31:38	0:50:58	0:07:17	3:03:33	0:05:14	2:24:35	BE	
e28cb883-3d96-f011-b4cc-000d3a5b50ba	1856	Martijn Pit	M	M18-24	213	6:31:48	0:45:03	0:10:51	3:22:40	0:06:56	2:06:18	NL	
4590adb6-d091-46c4-9780-f07ba50ba855	1857	Marvin Vallen	M	M30-34	342	6:31:55	0:47:02	0:06:52	3:05:04	0:05:00	2:27:57	deu	
ae4eb908-fb98-ef11-8a6a-002248049fdc	1858	George Loraine	M	M30-34	343	6:32:06	0:40:05	0:08:32	3:02:41	0:05:52	2:34:55	GB	
68bfb642-be93-f011-b4cc-6045bd09951e	1859	Hichame Rahoui	M	M50-54	68	6:32:19	0:44:32	0:11:51	3:01:40	0:07:21	2:26:55	fra	
10cfd92c-c59a-f011-b4cc-000d3a5cf7d8	1860	Brams Erwin	M	M30-34	344	6:32:24	0:46:17	0:08:20	3:03:56	0:06:30	2:27:21	BE	
06a769ff-9a9b-f011-b41c-000d3a35ffc1	1861	Edward Bossuyt	M	M18-24	214	6:32:31	0:48:36	0:11:05	3:10:20	0:07:07	2:15:23	BE	
34856ae6-3893-f011-b4cc-6045bd05fcc1	1862	Anthony Van Zandycke	M	M30-34	345	6:32:37	0:47:16	0:09:02	3:06:18	0:06:13	2:23:48	BE	
0eb14011-7f94-f011-b4cc-000d3a35ffc1	1863	Sacha Northolt	F	F18-24	35	6:32:52	0:48:48	0:07:49	3:06:53	0:08:55	2:20:27	NL	
8a0b7100-759d-f011-b41c-0022480c097c	1864	Siemen Vanhoorebeek	M	M25-29	347	6:32:56	0:51:18	0:11:12	3:14:20	0:07:32	2:08:34	BE	
99b90536-521c-49ba-8a1d-a921ffeedb97	1865	Adam Stringer	M	M35-39	229	6:32:57	0:39:31	0:09:39	2:54:31	0:06:35	2:42:40	gbr	
b42a4a49-c093-f011-b4cc-000d3a5b7c3b	1866	guy pitcher	M	M60-64	24	6:33:01	0:40:13	0:08:11	3:12:55	0:07:33	2:24:08	GB	
45a5c734-669d-f011-b41c-6045bd09951e	1867	Carlo COLADONATO	M	M50-54	69	6:33:06	1:04:52	0:07:43	3:02:42	0:05:41	2:12:07	BE	
dd42bd45-ad36-4d73-8a70-734345f124f9	1868	Julie Coorevits	F	F25-29	97	6:33:16	0:40:09	0:08:38	3:12:54	0:04:57	2:26:37	BEL	
32cce8fe-ce93-f011-b4cb-6045bd0a1bec	1869	Keanu praet	M	M30-34	346	6:33:17	0:45:53	0:11:53	3:11:02	0:08:04	2:16:25	BE	
df3c1444-b893-f011-b4cb-6045bd0a1bec	1870	Lisanne van Leeuwen	F	F25-29	98	6:33:24	0:40:52	0:11:32	3:11:13	0:08:55	2:20:52	NL	
0600e95c-68de-ef11-8eea-000d3a5ae96c	1871	Lotte Colson	F	F25-29	99	6:33:34	0:38:54	0:10:55	3:10:51	0:05:00	2:27:53	BE	
a4cd28e0-bd93-f011-b4cc-6045bd05f634	1872	pipaluk treur	F	F18-24	36	6:33:47	0:37:32	0:06:22	3:08:33	0:07:30	2:33:50	NL	
06c544d5-ea5d-4f70-82de-aecdff0aff56	1873	Thomas Braet	M	M30-34	347	6:33:47	0:46:46	0:09:39	3:02:15	0:06:44	2:28:23	BEL	
d2c78c36-c793-f011-b4cc-6045bd05fcc1	1874	Maximilien Allier	M	M30-34	348	6:33:55	0:44:52	0:07:32	3:16:19	0:07:23	2:17:50	BE	
934aaed7-4c79-4661-84b0-75cc50385cc2	1875	Thierry Didier	M	M55-59	51	6:33:56	0:41:45	0:10:14	3:03:56	0:06:02	2:31:59	FR	
aa4ff095-0ef4-4d15-b29b-892887221086	1876	Maxime Mouille	M	M40-44	141	6:33:56	0:55:11	0:11:23	3:10:38	0:07:02	2:09:43	fra	
87531d15-5d94-f011-b4cc-6045bd05fcc1	1877	Colette Stockman	F	F25-29	100	6:33:59	0:41:02	0:07:34	3:14:27	0:03:49	2:27:07	BE	
73340198-5462-4fc1-9dd3-aaeed4058b5f	1878	Catherine De Vocht	F	F30-34	68	6:34:05	0:48:10	0:07:34	3:03:50	0:06:32	2:27:59	BE	
f467c304-b49c-4dc2-a49d-55530d2f2cc8	1879	Yves Debeer	M	M60-64	25	6:34:07	0:50:26	0:10:35	3:07:57	0:05:33	2:19:35	BE	
da46dfb0-bd93-f011-b4cc-6045bd09951e	1880	Xander Haegeman	M	M18-24	215	6:34:07	0:41:12	0:09:20	3:12:10	0:07:33	2:23:52	BE	
703d2655-69ca-4ee2-9709-a593960d1843	1881	Arthur Bossuyt	M	M25-29	348	6:34:13	0:45:11	0:08:40	3:03:55	0:07:50	2:28:36	bel	
af09df55-0266-ee11-9ae7-000d3a314329	1882	Lucy Monger	F	F40-44	38	6:34:15	0:49:24	0:08:31	3:24:26	0:07:35	2:04:18	gbr	
f53bbb3d-4a93-f011-b4cc-000d3a5b7c3b	1883	Michelle Van Poucke	F	F35-39	46	6:34:21	0:41:35	0:08:13	3:10:35	0:08:09	2:25:49	BE	
498475cd-f69d-f011-b41c-000d3a35ffc1	1884	Joe Batty	M	M25-29	349	6:34:31	0:46:55	0:08:05	3:04:32	0:06:55	2:28:03	GB	
1df9c7af-2685-f011-b4cc-000d3a3173b5	1885	Roy Brouns	M	M18-24	216	6:34:31	0:42:16	0:09:36	3:26:15	0:05:35	2:10:48	BE	
07309ed6-4065-ef11-bfe3-000d3a3b4ec1	1886	Fin Lee	M	M30-34	349	6:34:40	0:35:19	0:06:38	3:11:55	0:06:27	2:34:21	GB	
fd696bf1-bd93-f011-b4cb-002248098cfa	1887	Inez Pittoors	F	F25-29	101	6:34:41	0:43:21	0:07:04	3:22:34	0:06:19	2:15:23	BE	
fab32725-ea6e-ef11-a671-000d3a371e3b	1888	Amilia Jökel	F	F45-49	18	6:34:41	0:45:05	0:10:55	3:11:05	0:05:54	2:21:41	deu	
43bed118-f193-f011-b4cc-6045bd09951e	1889	THIBAULT MALBRANCQ	M	M40-44	142	6:34:46	0:43:19	0:08:14	3:23:51	0:05:06	2:14:16	FR	
04bc914d-bf93-f011-b4cc-000d3a5cf7d8	1890	Maddy Kessels	F	F18-24	37	6:34:51	0:39:54	0:08:09	3:00:36	0:05:00	2:41:13	NL	
9b5d18b6-cb93-f011-b4cb-6045bd0a1bec	1891	Bieke Deprez	F	F30-34	69	6:34:55	0:55:44	0:13:09	2:57:15	0:16:56	2:11:51	BE	
1b45fde0-dc95-f011-b4cc-000d3a5cf7d8	1892	Enrique Lefevere	M	M25-29	350	6:34:56	0:40:36	0:08:10	2:58:07	0:06:28	2:41:34	bel	
eb1ca76f-b271-ef11-a671-000d3a371e3b	1893	Jeroen De Pauw	M	M40-44	143	6:35:35	0:52:31	0:09:47	3:00:19	0:05:47	2:27:11	BE	
fe0dd5f8-d593-f011-b4cc-0022480a7385	1894	Bram van den Berkmortel	M	M18-24	217	6:35:44	0:42:52	0:08:44	3:10:41	0:07:15	2:26:12	NL	
46d51481-5c9f-f011-b41c-000d3a5b50ba	1895	maylis conso	F	F25-29	102	6:35:46	0:43:15	0:06:57	3:19:34	0:06:03	2:19:58	FR	
06496276-4395-f011-b4cc-0022480a7385	1896	Dylan Hofmann	M	M35-39	230	6:35:46	0:46:39	0:11:16	3:19:08	0:05:16	2:13:27	NL	
2838d744-921f-4aee-9cfc-9805d0df8895	1897	Pierre Julien DECHASSAT	M	M35-39	231	6:35:57	0:52:25	0:07:34	3:07:33	0:05:07	2:23:19	BE	
cc3c82f3-fc0a-490f-af38-48502215c640	1898	Wim Temmerman	M	M55-59	52	6:36:02	0:53:28	0:09:52	2:59:28	0:06:22	2:26:52	BE	
3a68be64-a293-f011-b4cc-000d3a5c3d6c	1899	Marijke Debats	F	F25-29	103	6:36:08	0:44:42	0:06:50	3:22:08	0:04:36	2:17:52	BE	
5bd98d7b-8a77-ef11-a670-6045bd048089	1900	Gabriele Lux	F	F60-64	4	6:36:34	0:51:17	0:08:56	3:23:55	0:04:27	2:08:00	deu	
6246faa9-bd93-f011-b4cc-6045bd05f634	1901	Jonas Benlahssen	M	M18-24	218	6:36:35	0:53:43	0:09:28	3:19:04	0:05:58	2:08:22	BE	
3306696d-b493-f011-b4cc-000d3a35ffc1	1902	Fiona Dehon	F	F25-29	104	6:36:39	0:44:22	0:08:27	3:29:02	0:07:48	2:07:00	BE	
384dbfbe-6709-ee11-8f6e-000d3a31440b	1903	Angela Tamilia	F	F45-49	19	6:36:43	0:51:30	0:09:52	3:01:18	0:06:43	2:27:20	DE	
f6d2737e-36e9-46f7-8276-c1ee4c3af25d	1904	Laetitia Falisse	F	F45-49	20	6:36:48	0:54:54	0:08:51	3:21:45	0:05:47	2:05:31	BEL	
91eef30f-c093-f011-b4cc-0022480a7385	1905	Anke Gerené	F	F30-34	70	6:36:59	0:43:18	0:07:44	3:16:10	0:06:23	2:23:24	BE	
f8c35f49-9695-f011-b4cc-000d3a5b7c3b	1906	Stefanie Verstappen	F	F35-39	47	6:37:03	0:49:14	0:09:37	3:12:37	0:06:14	2:19:21	bel	
529c653a-2f92-f011-b4cc-0022480a7385	1907	robbe vergote	M	M18-24	219	6:37:03	0:49:19	0:09:12	3:14:20	0:06:51	2:17:22	BE	
12586158-be93-f011-b4cc-6045bd05fcc1	1908	Jeanne Jehaes	F	F18-24	38	6:37:12	0:38:19	0:08:18	3:16:14	0:04:53	2:29:29	BE	
4ce30147-ef3b-4cb5-9dd5-fee07d76a88f	1909	Ilse Van Schaik	F	F35-39	48	6:37:19	0:46:50	0:07:55	3:06:10	0:07:17	2:29:08	nld	
4412115f-c393-f011-b4cc-6045bd05fcc1	1910	Nicolas Dardenne	M	M25-29	351	6:37:24	0:45:45	0:08:24	3:15:18	0:03:42	2:24:15	BE	
3bc0f9f4-bd93-f011-b4cc-000d3a35ffc1	1911	Michael Bernard	M	M30-34	350	6:37:40	0:54:28	0:09:32	3:00:21	0:05:52	2:27:27	BE	
a206e1fa-7d99-f011-b4cc-6045bd05fcc1	1912	Hans Sandbu	M	M30-34	351	6:37:41	0:38:46	0:11:05	3:11:21	0:08:25	2:28:04	NO	
56e5ec8f-5cd2-4c5d-8260-4f22a6d488e4	1913	Jenny Lawler	F	F40-44	39	6:37:49	0:46:58	0:09:35	3:16:33	0:06:25	2:18:17	QA	
08e39be3-b0dd-ef11-8eea-6045bd088264	1914	Adrien Degaute	M	M25-29	352	6:37:58	0:45:54	0:06:22	2:46:36	0:05:32	2:53:33	BE	
b0c69b19-be93-f011-b4cc-0022480c097c	1915	Stefaan Dierickx	M	M40-44	144	6:37:58	0:39:55	0:09:32	3:12:32	0:07:43	2:28:16	BE	
ee339f90-0b37-eb11-a813-00224808bb10	1916	Divry Romain	M	M25-29	353	6:38:10	0:39:01	0:07:04	3:04:09	0:06:03	2:41:52	BEL	
df013ce6-c69e-f011-b41c-000d3a5b7c3b	1917	Geoff Isaac	M	M55-59	53	6:38:10	0:46:54	0:07:38	3:15:11	0:03:35	2:24:51	GB	
e19a704d-b1c5-49b8-b24d-a328390c3bbe	1918	Cristian Gabriel Racolta	M	M50-54	70	6:38:15	0:50:19	0:11:37	3:11:24	0:07:38	2:17:17	RO	
dca78c03-c572-46e4-a1c2-e080a7863535	1919	Nathalie Van Ende	F	F45-49	21	6:38:17	0:48:00	0:07:24	3:15:52	0:06:01	2:21:00	Belgium	
124a3e13-399d-f011-b41b-000d3a5a5dc2	1920	Nora Gyenes	F	F25-29	105	6:38:31	0:52:07	0:11:13	2:55:41	0:10:47	2:28:44	BE	
9d09024f-be93-f011-b4cc-6045bd09951e	1921	Branke Beukeleers	M	M25-29	354	6:38:58	0:41:49	0:09:12	3:10:39	0:09:53	2:27:25	BE	
606b5f18-be93-f011-b4cc-6045bd09951e	1922	Evi Beukeleers	F	F30-34	71	6:38:58	0:46:40	0:07:09	3:02:22	0:04:46	2:38:00	BE	
731f3f20-c59b-f011-b41c-6045bd05fcc1	1923	Marnix Breedveld	M	M25-29	355	6:38:58	0:44:17	0:14:26	3:12:52	0:06:56	2:20:27	NL	
2db44b64-944d-ef11-a317-000d3a383830	1924	Jakob Sobanski	M	M35-39	232	6:39:00	0:50:31	0:09:28	3:06:05	0:07:32	2:25:25	GB	
7c15221f-3054-ef11-a317-00224809fd7c	1925	Harry Vandewiele	M	M18-24	220	6:39:05	0:46:06	0:10:42	3:02:56	0:05:23	2:33:59	BE	
06848964-17d8-ef11-8ee9-000d3a592251	1926	Femke Vanbrabant	F	F30-34	72	6:39:08	0:54:41	0:09:08	3:12:19	0:07:30	2:15:30	BE	
98677954-4f95-f011-b4cc-000d3a5b50ba	1927	Catherine Boyle	F	F30-34	73	6:39:15	0:38:26	0:06:46	3:38:31	0:04:59	2:10:33	IE	
f9c17f42-32c5-ef11-b8e9-000d3a5a1803	1928	Wiebe Scheepers	M	M18-24	221	6:39:17	0:44:11	0:06:58	2:59:14	0:09:38	2:39:15	BE	
37e98018-bf93-f011-b4cc-6045bd05f634	1929	Yves Wouters	M	M55-59	54	6:39:22	0:44:42	0:13:53	3:08:39	0:21:33	2:10:34	BE	
dba8a40f-be93-f011-b4cb-002248098cfa	1930	Maité De Baets	F	F18-24	39	6:39:44	0:47:52	0:08:50	3:13:37	0:08:53	2:20:32	bel	
208cffe3-f793-f011-b4cc-000d3a5b50ba	1931	Lee Bradbury	M	M55-59	55	6:39:51	0:45:02	0:06:39	3:20:49	0:05:28	2:21:54	GB	
e9dd66e4-bd93-f011-b4cc-000d3a5cf7d8	1932	Nele Laurens	F	F30-34	74	6:39:59	0:45:48	0:10:28	3:10:59	0:06:59	2:25:45	BE	
5eac42d3-bd93-f011-b4cb-002248098cfa	1933	Laura Waem	F	F25-29	106	6:40:07	0:42:08	0:07:58	3:18:17	0:05:25	2:26:20	BE	
f2dc0a98-71bd-4847-9cfe-b96f70056b2e	1934	Matt Young	M	M45-49	132	6:40:13	0:48:32	0:07:41	2:59:57	0:05:59	2:38:04	GB	
627bb019-be93-f011-b4cc-000d3a5b50ba	1935	Dorian Van Haeren	M	M25-29	356	6:40:33	0:47:25	0:07:09	3:09:15	0:06:09	2:30:34	bel	
07adb323-8c6f-ef11-a671-00224808301f	1936	Lars Verhoeven	M	M25-29	357	6:40:39	0:48:08	0:07:13	3:01:29	0:11:40	2:32:09	BE	
0844507a-0d93-f011-b4cc-6045bd09951e	1937	Debby Wyns	F	F50-54	10	6:41:00	0:49:55	0:08:47	3:12:52	0:04:52	2:24:34	BE	
190cf26d-5e94-f011-b4cc-0022480c097c	1938	Roy Berendsen	M	M35-39	233	6:41:00	0:42:00	0:09:06	3:14:30	0:06:51	2:28:33	NL	
d57784fb-809b-f011-b41c-000d3a5b7c3b	1939	Michelle Raecke	F	F18-24	40	6:41:02	0:49:50	0:11:33	3:11:03	0:05:18	2:23:17	BE	
b84c3e30-fb1c-47aa-b17c-b7d8e9a69dca	1940	Michaela Wolbert	F	F55-59	5	6:41:13	0:50:51	0:08:16	3:05:05	0:09:16	2:27:45	DEU	
afdf7f07-be93-f011-b4cc-000d3a5b50ba	1941	Femke Van Huigevoort	F	F18-24	41	6:41:14	0:38:54	0:07:42	3:17:35	0:06:51	2:30:12	NL	
a62f970d-be93-f011-b4cc-000d3a5b50ba	1942	Keeanu Peeters	M	M25-29	358	6:41:32	1:01:29	0:07:50	3:05:11	0:04:37	2:22:25	BE	
cb4ddf71-be93-f011-b4cc-0022480a7385	1943	Jens Van De Voorde	M	M30-34	352	6:41:35	0:53:58	0:11:59	3:01:50	0:06:42	2:27:06	BE	
7d19aa35-359c-ef11-8a6a-000d3a3bee86	1944	Emile de Wagenaere	M	M30-34	353	6:41:54	0:42:18	0:07:42	3:02:52	0:06:12	2:42:50	BE	
ee09a66b-2cc9-ef11-b8e8-6045bd018d16	1945	Theo Bechtel	M	M25-29	359	6:42:00	0:40:48	0:07:02	2:55:46	0:04:28	2:53:55	BE	
6ec7aa15-ea93-f011-b4cc-000d3a5b7c3b	1946	JAMES Fraser	M	M60-64	26	6:42:02	0:40:34	0:09:38	3:18:42	0:07:04	2:26:03	GB	
7e8de372-0a58-f011-877b-000d3a3173b5	1947	Octave Descourtieux	M	M18-24	222	6:42:24	0:35:21	0:06:55	3:13:36	0:04:49	2:41:44	Unknown	
812489d5-ee9d-f011-b41c-000d3a35ffc1	1948	Quinten Bernard	M	M18-24	223	6:42:37	0:51:23	0:12:13	3:20:26	0:10:27	2:08:08	BE	
25bd796c-44b0-f011-bbd3-000d3a35ffc1	1949	Nicole Hermkens	F	F55-59	6	6:43:15	0:51:29	0:12:52	3:18:07	0:08:52	2:11:56	NLD	
8d385d2d-a0c9-e911-a981-000d3a3749bc	1950	Jeanette Hendriks	F	F55-59	7	6:43:31	0:54:44	0:09:45	2:55:16	0:06:53	2:36:53	deu	
f5c38da7-7923-455b-b2d9-9660722e7b57	1951	Pierre-Henri Cremieux	M	M55-59	56	6:43:32	0:51:06	0:10:40	3:24:44	0:07:33	2:09:30	FR	
e78dee9f-eacb-4048-bce4-a9c5b853fd49	1952	Michael Goodbourn	M	M35-39	234	6:43:39	0:41:42	0:07:15	2:52:49	0:08:24	2:53:29	gbr	
e2948a08-c193-f011-b4cc-000d3a35ffc1	1953	Hazel Lodge	F	F55-59	8	6:43:47	0:43:40	0:08:24	3:14:59	0:07:19	2:29:25	gbr	
98db4c64-ffbb-ef11-b8e9-000d3a30152c	1954	Norshann Lallmahomed	M	M30-34	354	6:43:48	0:49:17	0:09:34	3:17:17	0:06:57	2:20:44	BE	
65e2eae8-a69c-f011-b41c-000d3a35ffc1	1955	Salomé FIQUET	F	F25-29	107	6:43:57	0:48:35	0:07:38	3:27:21	0:06:20	2:14:04	FR	
59e02f77-db7b-ed11-81ad-000d3a313cdf	1956	Declan Cook	M	M35-39	235	6:43:58	0:45:25	0:08:32	3:13:13	0:07:24	2:29:25	gbr	
8381a91b-be93-f011-b4cc-6045bd05fcc1	1957	Elke Van Bladel	F	F40-44	40	6:44:00	0:37:52	0:09:54	3:31:32	0:06:45	2:17:57	BE	
88bc5343-2883-f011-b4cc-0022480a7385	1958	Quentin Machiels	M	M25-29	360	6:44:03	0:39:46	0:15:19	3:04:52	0:10:16	2:33:52	BE	
3da2732c-52ad-402d-bf84-8e37dba11c56	1959	Sophie De Le Hoye	F	F35-39	49	6:44:14	0:43:53	0:08:34	3:25:27	0:07:27	2:18:52	BE	
6452b963-bf93-f011-b4cc-0022480c097c	1960	Yven Mauroo	M	M40-44	145	6:44:19	0:44:14	0:08:44	3:18:16	0:06:17	2:26:48	BE	
927af54e-d093-f011-b4cb-6045bd0a1bec	1961	Renee Lagrou	F	F18-24	42	6:44:37	0:41:31	0:07:13	3:16:35	0:04:45	2:34:33	BE	
ed320e95-c793-f011-b4cc-6045bd09951e	1962	Nicolas Fosseur	M	M25-29	361	6:44:41	0:44:51	0:10:10	3:10:25	0:09:40	2:29:35	BE	
9e6bba48-019a-f011-b4cc-6045bd05fcc1	1963	Michael van de Kamp	M	M18-24	224	6:44:48	0:43:36	0:13:06	3:14:34	0:10:37	2:22:55	NL	
670952ff-acfd-4a16-801c-01e5afd9bf0c	1964	Agneta Eitel	F	F45-49	22	6:44:53	0:53:50	0:08:41	3:11:06	0:04:54	2:26:21	deu	
9bc1beed-e799-f011-b4cc-000d3a3173b5	1965	Navid KARGAR SAMANI	M	M25-29	362	6:45:01	0:47:55	0:06:07	3:17:35	0:05:08	2:28:16	FR	
2684a7e0-c893-f011-b4cc-000d3a35ffc1	1966	Carina Felten	F	F35-39	50	6:45:05	0:51:10	0:08:17	3:10:42	0:04:43	2:30:11	DE	
6d5ad576-d493-f011-b4cc-000d3a5b7c3b	1967	Lisa Steinheider	F	F35-39	51	6:45:07	0:48:01	0:09:02	3:19:58	0:04:19	2:23:47	DEU	
0d1ffac5-a39a-f011-b4cc-000d3a5cf7d8	1968	Stephane Scarpa	M	M35-39	236	6:45:10	0:45:02	0:11:10	3:10:42	0:06:08	2:32:08	BE	
3ea6cbdd-bd93-f011-b4cc-0022480c097c	1969	Yara Van Dam	F	F25-29	108	6:45:24	0:34:20	0:08:00	3:16:50	0:06:03	2:40:11	BE	
95482e06-6392-f011-b4cc-0022480a7385	1970	Femke Daemen	F	F25-29	109	6:45:59	0:49:34	0:11:05	3:17:09	0:05:27	2:22:44	NL	
3fc7adaa-7999-f011-b4cc-6045bd05fcc1	1971	Terry Newton	M	M40-44	146	6:46:14	0:51:18	0:10:09	3:14:04	0:09:30	2:21:12	GB	
579d4225-c8e3-ef11-8eea-002248049fdc	1972	morgane vanherberghen	F	F45-49	23	6:46:32	0:49:32	0:09:39	3:28:42	0:07:15	2:11:24	bel	
015f5aa1-459a-f011-b4cc-000d3a35ffc1	1973	Julie Littré	F	F30-34	75	6:46:53	0:35:40	0:07:29	3:29:50	0:08:49	2:25:05	BE	
4bbce625-e993-f011-b4cc-000d3a5cf7d8	1974	Eline Lievens	F	F18-24	43	6:46:55	0:51:01	0:10:45	3:26:14	0:06:55	2:11:59	bel	
04bebd71-e893-f011-b4cc-000d3a5cf7d8	1975	Sander Klaver	M	M30-34	355	6:46:56	0:47:07	0:10:53	3:21:06	0:09:13	2:18:38	NL	
ba198a72-7f8b-466c-baa6-d2fe65a10e8c	1976	Zdenek Drexler	M	M45-49	133	6:47:08	0:41:18	0:12:11	3:22:06	0:09:15	2:22:17	Czech Republic	
a2c3bf97-bf93-f011-b4cc-0022480a7385	1977	Simon L'Hoyes	M	M35-39	237	6:47:10	0:49:23	0:12:22	3:09:27	0:11:21	2:24:38	BE	
82b8ccef-bd93-f011-b4cc-0022480c097c	1978	Charlotte Van der veken	F	F25-29	110	6:47:17	0:42:59	0:09:43	3:16:55	0:07:49	2:29:51	BE	
3ab7747a-c0f8-4a88-81e6-6e009c03fef8	1979	Philippe Günter	M	M40-44	147	6:47:18	0:52:58	0:08:41	3:16:14	0:06:49	2:22:35	DE	
8fb91971-de92-ef11-ac21-002248049fdc	1980	Victor Humblet	M	M30-34	356	6:47:27	0:50:52	0:08:45	3:11:49	0:07:38	2:28:23	BE	
f3d6843c-3796-f011-b4cc-6045bd09951e	1981	Amarins Nonhebel	F	F30-34	76	6:47:27	0:33:59	0:09:22	3:12:33	0:09:27	2:42:06	NL	
38a4a800-ce93-f011-b4cc-6045bd05fcc1	1982	Alexandre Lemmens	M	M30-34	357	6:47:34	0:53:36	0:10:40	3:15:56	0:05:40	2:21:43	BE	
196669a5-f234-f111-88b3-000d3a353751	1983	Rachelle van Kruistum	M	F18-24	44	6:47:43	0:41:27	0:10:44	3:15:54	0:06:44	2:32:53	Unknown	
24c24192-d293-f011-b4cc-000d3a3173b5	1984	Hannah Stein	F	F18-24	45	6:47:44	0:49:09	0:06:50	3:21:16	0:04:47	2:25:42	CH	
9c617f5b-c993-f011-b4cc-000d3a5b50ba	1985	Lambert Nicolas	M	M25-29	363	6:48:07	0:37:11	0:07:57	3:03:07	0:07:47	2:52:05	BE	
9cf20a1e-3adb-413a-94e6-582fc44dd85e	1986	Laura Szilagyi	F	F40-44	41	6:48:09	0:48:01	0:09:08	3:27:51	0:05:42	2:17:26	hun	
32e11a3a-b1e4-ef11-8eea-000d3a5a1803	1987	Nicolette Seelaar	F	F45-49	24	6:48:16	0:47:12	0:13:55	3:16:08	0:07:52	2:23:10	NL	
e6dacad0-fc93-f011-b4cc-0022480a7385	1988	Romain Crespel	M	M25-29	364	6:48:41	0:43:07	0:07:08	3:26:08	0:06:03	2:26:15	fra	
f32dc9c9-8a11-4a13-8534-3e4090af313b	1989	Robin Deconinck	M	M25-29	365	6:48:58	0:44:20	0:12:43	3:19:02	0:06:52	2:26:00	BE	
1a33683a-be93-f011-b4cc-6045bd05f634	1990	Shani Vissers	F	F30-34	77	6:49:01	0:38:55	0:08:38	2:54:09	0:07:18	3:00:02	BE	
b723b914-bf9b-f011-b41c-000d3a5b50ba	1991	Nadine van der Loop	F	F55-59	9	6:49:20	0:44:20	0:10:58	3:11:57	0:08:59	2:33:06	BE	
b37bc7a0-be93-f011-b4cc-6045bd05fcc1	1992	Karen Keating	F	F50-54	11	6:49:36	0:53:12	0:06:42	3:29:53	0:06:09	2:13:40	FR	
8dd4b588-c293-f011-b4cb-6045bd0a1bec	1993	Markus Schywalski	M	M30-34	358	6:49:46	0:57:40	0:10:07	3:18:13	0:06:28	2:17:17	DE	
a566154d-8e5e-f011-bec2-0022480a7385	1994	Paul Fulbrook	M	M50-54	71	6:49:49	0:47:41	0:10:55	3:18:30	0:08:58	2:23:45	gbr	
0f99f2c5-bdb7-ee11-a569-000d3a31406e	1995	Laurent LANGLOIS	M	M65-69	6	6:49:49	0:39:23	0:07:44	3:06:20	0:06:50	2:49:34	FRA	
7b8ac6b5-ad93-f011-b4cc-6045bd05f634	1996	Machteld Moons	F	F18-24	46	6:49:53	0:45:52	0:07:40	3:17:41	0:06:25	2:32:14	BE	
36570c13-aad6-ef11-8ee9-6045bd018d16	1997	Reda E.	M	M40-44	148	6:49:58	0:41:25	0:12:30	3:26:02	0:05:46	2:24:14	GB	
89fbd1fc-be93-f011-b4cc-000d3a35ffc1	1998	Thomas Heitz	M	M50-54	72	6:50:19	0:50:36	0:12:49	3:13:00	0:11:23	2:22:30	CH	
934ace91-c993-f011-b4cc-6045bd09951e	1999	Ruben Marchal	M	M25-29	366	6:50:47	0:44:16	0:06:49	3:11:57	0:05:04	2:42:42	BE	
d3af0e3c-4295-f011-b4cc-0022480a7385	2000	Katherine Bafort	F	F30-34	78	6:50:54	0:43:22	0:07:45	3:25:15	0:06:39	2:27:51	BE	
ed9a6810-be93-f011-b4cc-6045bd05f634	2001	Roy Groen	M	M35-39	238	6:51:00	0:55:00	0:11:12	3:16:03	0:09:25	2:19:20	nld	
dbd9bd43-be93-f011-b4cc-000d3a5b50ba	2002	Julie Saenen	F	F25-29	111	6:51:47	0:56:54	0:08:03	3:10:46	0:08:34	2:27:29	BE	
dbf8add3-43ee-450b-ab6a-9a1babd32d35	2003	Gaëlle De Heldt	F	F25-29	112	6:51:57	0:43:24	0:10:27	3:30:43	0:05:51	2:21:31	BE	
a33a1fe2-668e-f011-b4cc-000d3a3173b5	2004	Gertjan Beeckman	M	M25-29	367	6:52:02	0:41:13	0:07:40	3:17:25	0:04:34	2:41:10	bel	
1ae4a7fa-2e97-f011-b4cc-000d3a35ffc1	2005	Laure Thielemans	F	F18-24	47	6:52:07	0:35:20	0:08:40	3:17:45	0:10:11	2:40:10	BE	
1ee92008-b1ef-4be5-b13b-c5fcc0ab36f8	2006	Quentin Vasic	M	M30-34	359	6:52:08	0:36:15	0:08:32	3:37:59	0:08:05	2:21:17	Unknown	
1fc29e44-c772-40ba-bb39-1372869a6182	2007	Lynn Bulbeck	F	F55-59	10	6:52:13	0:36:44	0:07:24	3:24:50	0:06:29	2:36:47	GBR	
1f15f49e-4063-4097-b0a5-ca792c7043cd	2008	Jane Moore	F	F60-64	5	6:52:16	0:43:55	0:09:07	3:14:08	0:07:03	2:38:03	GB	
c0a6aea9-c093-f011-b4cc-000d3a5cf7d8	2009	Iris Dawn Scardina	F	F25-29	113	6:52:45	0:46:04	0:10:14	3:25:55	0:07:17	2:23:14	BE	
243aa106-c993-f011-b4cc-6045bd09951e	2010	Elkan Roelen	M	M40-44	149	6:52:56	0:34:43	0:09:11	3:03:58	0:05:19	2:59:45	NL	
5b8e7f3d-da0f-44c4-9caf-4ad1a6aa0096	2011	David Mason	M	M35-39	239	6:52:59	0:45:46	0:07:19	3:05:25	0:05:30	2:48:58	GB	
423412c7-8460-ef11-bfe3-00224809fd7c	2012	Molly Parker Welch	F	F25-29	114	6:53:41	0:44:58	0:09:08	3:28:02	0:06:23	2:25:10	GB	
dcfe3a90-c093-f011-b4cc-000d3a35ffc1	2013	Jonathan Mertens	M	M18-24	225	6:53:44	0:54:50	0:07:03	2:51:21	0:05:03	2:55:27	BE	
e153931d-9e74-f011-bec3-6045bd05fcc1	2014	Eden Bedson	M	M18-24	226	6:53:53	0:36:47	0:07:19	3:49:18	0:07:46	2:12:42	gbr	
d5f2c9ca-cd93-f011-b4cc-0022480a7385	2015	Toni Paric	M	M25-29	368	6:54:00	0:47:58	0:10:15	3:12:46	0:07:45	2:35:16	BE	
82152cc4-5828-f011-8c4e-000d3a3173b5	2016	Holly Tresadern	F	F25-29	115	6:54:14	0:42:38	0:07:54	3:39:16	0:08:19	2:16:08	GB	
453fee78-16d4-4946-bc92-4c64b4306c06	2017	Daniel Vanderhust	M	M45-49	134	6:54:20	0:52:42	0:08:04	3:19:12	0:06:22	2:27:59	bel	
8ec3f0b2-c193-f011-b4cb-6045bd0a1bec	2018	Lars Cornet	M	M18-24	227	6:54:22	0:47:11	0:13:46	3:07:23	0:08:33	2:37:29	BE	
8887d99e-afdd-ef11-8eea-6045bd088264	2019	David Logie	M	M35-39	240	6:54:31	0:39:05	0:08:36	3:07:59	0:09:03	2:49:48	BE	
598bd6a9-cce7-4083-8b8b-b6c708cd6a49	2020	Laurent Lebreux	M	M45-49	135	6:54:46	0:47:56	0:08:34	3:16:01	0:04:33	2:37:42	BE	
986095a2-ae98-f011-b4cc-6045bd05fcc1	2021	Anouk Van Gool	F	F25-29	116	6:54:50	0:47:00	0:07:30	3:26:39	0:04:53	2:28:47	NL	
fb406b0e-9588-f011-b4cc-002248098cfa	2022	fien steenberghs	F	F25-29	117	6:55:17	0:42:07	0:09:31	3:20:09	0:05:56	2:37:34	BE	
e547592f-e780-ea11-a812-000d3a5a1bfb	2023	Aurelie Essers	F	F40-44	42	6:55:18	0:43:08	0:11:10	3:17:53	0:08:11	2:34:56	BE	
0e1c384f-ef92-f011-b4cc-6045bd05fcc1	2024	ilse Rustenburg	F	F18-24	48	6:55:44	0:41:55	0:09:09	3:17:55	0:06:14	2:40:31	NL	
5d0e9a3e-b593-f011-b4cc-000d3a3173b5	2025	Nicolas De Bie	M	M45-49	136	6:55:50	0:48:48	0:07:20	3:15:31	0:04:45	2:39:26	BE	
4011def6-e2a1-4da8-9753-f8a43fe515d7	2026	Amelie Vahldiek	F	F18-24	49	6:55:50	0:41:07	0:06:50	3:24:27	0:04:15	2:39:11	DE	
1fd9de1e-be93-f011-b4cc-000d3a35ffc1	2027	Sjoerd Kerstens	M	M35-39	241	6:56:31	0:46:14	0:08:25	3:01:27	0:09:28	2:50:57	NL	
5388d3fa-c493-f011-b4cc-6045bd05fcc1	2028	philippe cheng	M	M25-29	369	6:56:48	0:52:08	0:08:19	3:26:48	0:06:39	2:22:54	fra	
f208cd51-b493-f011-b4cb-6045bd0a1bec	2029	Kyra Cocquyt	F	F18-24	50	6:57:10	0:49:10	0:08:33	3:29:45	0:04:13	2:25:29	BE	
f3c2d0d7-bd93-f011-b4cc-0022480c097c	2030	Benjamin JEANNEZ	M	M30-34	360	6:57:30	0:54:46	0:07:39	3:05:02	0:07:52	2:42:11	BE	
1c3e07bb-bb1a-415b-854e-9e44da042d4f	2031	Philip Grace	M	M55-59	57	6:57:41	0:39:09	0:07:09	3:02:57	0:05:54	3:02:32	gbr	
0cb9dcb9-25b8-4493-b11e-33bd5fd5da4e	2032	Simon Green	M	M55-59	58	6:57:57	0:39:51	0:09:26	3:09:21	0:06:43	2:52:37	gbr	
89147859-dd93-f011-b4cc-6045bd09951e	2033	Kevin Bornbergen	M	M18-24	228	6:57:57	0:50:04	0:12:34	3:10:46	0:13:03	2:31:30	BE	
5db83fd3-bb93-f011-b4cc-000d3a5cf7d8	2034	Thor bockaert	M	M18-24	229	6:58:01	0:51:16	0:16:10	3:17:24	0:10:03	2:23:08	BE	
e48f6cbe-498e-ef11-ac21-000d3a338a3c	2035	Ellie Thomas	F	F18-24	51	6:58:17	0:42:51	0:07:38	3:14:27	0:08:29	2:44:53	GB	
f9f63ee1-bc93-f011-b4cc-0022480c097c	2036	Claudia van den Bos	F	F30-34	79	6:59:16	0:41:09	0:09:40	3:22:09	0:07:52	2:38:26	NL	
349c4fec-5598-f011-b4cc-000d3a5b50ba	2037	Nikolett Farkas	F	F30-34	80	6:59:33	0:44:53	0:12:37	3:32:34	0:10:51	2:18:37	HU	
07d3f5f4-1783-45ce-b5b1-ce5f33763fa0	2038	Johanna Hauf	F	F40-44	43	6:59:37	0:54:31	0:07:20	3:15:53	0:05:46	2:36:07	NLD	
e5784ac4-9197-f011-b4cb-6045bd075f42	2039	Silke Bleeker	F	F18-24	52	7:00:11	0:48:21	0:09:30	3:10:57	0:06:06	2:45:16	nld	
0065ddfa-e88c-40e7-9f8e-5a862546d821	2040	Johan Beirnaert	M	M60-64	27	7:00:45	0:44:44	0:10:52	2:57:59	0:06:08	3:01:01	BE	
126dd6c5-b694-f011-b4cc-0022480c097c	2041	Seppe Boel	M	M18-24	230	7:01:07	0:51:48	0:07:31	3:24:13	0:05:16	2:32:18	BE	
496654da-8b95-f011-b4cc-0022480a7385	2042	Benjamin Rachard	M	M30-34	361	7:01:18	0:49:40	0:07:32	3:14:44	0:05:38	2:43:44	BE	
44705eaa-c888-42a4-91b1-a997bc469d96	2043	Juliette Poude	F	F30-34	81	7:01:56	0:55:03	0:08:38	3:21:55	0:07:48	2:28:31	FRA	
a0f41410-bf93-f011-b4cb-6045bd0a1bec	2044	Kimberly Desmet	F	F35-39	52	7:02:18	0:49:15	0:11:52	3:12:47	0:11:11	2:37:13	BE	
da9bb113-ff91-4c51-9ec1-eed100654a51	2045	Tomas Granholm	M	M30-34	362	7:02:19	0:43:15	0:11:22	2:59:08	0:11:34	2:57:00	FI	
987b357f-d193-f011-b4cc-6045bd09951e	2046	Simone Weijland	F	F45-49	25	7:02:21	0:44:21	0:07:42	3:16:04	0:06:17	2:47:57	NL	
16dc1cb4-c393-f011-b4cc-0022480a7385	2047	Selena Tricot	F	F25-29	118	7:02:25	0:46:12	0:12:12	3:24:39	0:05:29	2:33:52	BE	
70be8e39-bd93-f011-b4cc-000d3a5b7c3b	2048	Robin De Vylder	M	M25-29	370	7:02:25	0:39:15	0:11:18	3:08:23	0:07:33	2:55:56	BE	
61119057-99d3-4818-874d-bc613406c271	2049	Sebastian Winter	M	M45-49	137	7:02:37	0:41:39	0:07:45	3:11:57	0:07:02	2:54:14	DE	
b5e0b211-44d8-ed11-a7c7-000d3a314be4	2050	Aurélie De Potter	F	F35-39	53	7:02:45	0:52:03	0:07:40	3:29:32	0:05:05	2:28:25	BEL	
6f86cb41-be93-f011-b4cc-000d3a3173b5	2051	Julie Pittoors	F	F25-29	119	7:03:08	0:42:44	0:11:18	3:17:32	0:08:50	2:42:44	BE	
71429516-d693-f011-b4cc-6045bd05f634	2052	Natalie Schnippering	F	F30-34	82	7:03:12	0:45:43	0:07:28	3:16:26	0:05:33	2:48:01	DE	
1c8bcb9b-ab2b-4553-844c-7c53ca4a7ada	2053	Andy Koundourakis	M	M60-64	28	7:03:18	0:35:20	0:11:44	3:17:47	0:10:26	2:48:02	bel	
9b731d01-edc6-ef11-b8e9-6045bd048089	2054	Laurens Delahaye	M	M18-24	231	7:03:37	0:50:03	0:10:12	3:43:43	0:04:44	2:14:57	bel	
5a74c227-5fde-ef11-8eea-000d3a5ae96c	2055	Anaïs Petitpretz	F	F25-29	120	7:03:54	0:44:01	0:07:00	3:39:32	0:05:54	2:27:27	FR	
c789cd10-c093-f011-b4cc-000d3a5b50ba	2056	Akin Ozturk	M	M35-39	242	7:05:10	0:52:04	0:10:16	3:25:25	0:06:32	2:30:52	BE	
a76dd27d-ca93-f011-b4cc-6045bd05f634	2057	Vijay Masaun	M	M30-34	363	7:05:27	0:55:25	0:10:41	3:27:52	0:06:00	2:25:29	GB	
0a181077-c093-f011-b4cc-6045bd05fcc1	2058	Kyriacos Kolokasides	M	M35-39	243	7:05:33	0:56:58	0:10:14	3:35:48	0:08:31	2:14:02	CY	
3346aa24-a298-f011-b4cc-000d3a5b7c3b	2059	Hugo Wallois	M	M30-34	364	7:05:38	0:42:01	0:12:24	3:35:36	0:10:13	2:25:24	FR	
c4340248-b97f-ef11-ac20-000d3a3126fd	2060	Heidi Van Tichelen	F	F40-44	44	7:05:38	0:45:47	0:08:53	3:10:50	0:10:22	2:49:46	BE	
49901fdd-3892-f011-b4cc-000d3a5b50ba	2061	Carmen Lips	F	F30-34	83	7:05:59	0:47:25	0:08:04	3:24:31	0:07:51	2:38:09	BE	
84ab3cf2-411a-4513-8588-f8103ebd3627	2062	Quentin Jolibois	M	M30-34	365	7:06:04	0:45:25	0:10:36	3:34:33	0:06:39	2:28:51	BE	
ef9fb2df-bd93-f011-b4cc-6045bd05fcc1	2063	Annelies De Kegel	F	F30-34	84	7:06:06	0:57:03	0:07:27	3:24:13	0:06:51	2:30:33	BEL	
739e11dc-6815-e711-9414-005056951bf1	2064	Mila Sythes	F	F50-54	12	7:06:18	0:46:47	0:11:07	3:18:56	0:07:50	2:41:38	GB	
14fba919-f28e-f011-b4cc-000d3a35ffc1	2065	Efri Mayer	M	M25-29	371	7:06:19	0:44:21	0:12:05	3:21:00	0:06:42	2:42:11	BE	
8228e536-2ce9-ef11-8eea-6045bd088264	2066	David Bonneel	M	M40-44	150	7:06:53	1:00:27	0:13:43	3:26:59	0:09:50	2:15:53	BE	
809114b7-1f93-f011-b4cc-0022480c097c	2067	Alexandre NOEL	M	M30-34	366	7:07:10	0:39:33	0:07:52	2:55:17	0:07:54	3:16:34	BE	
41e6f4eb-c18b-41ec-8519-4cadcf808b19	2068	Maik Peters	M	M40-44	151	7:07:11	0:51:21	0:09:16	3:27:35	0:08:24	2:30:35	Netherlands	
0bdf72ba-c293-f011-b4cc-000d3a3173b5	2069	Zakaria El Aachouche	M	M18-24	232	7:07:33	0:44:23	0:09:07	4:07:13	0:08:29	1:58:21	BE	
7de41297-3f8e-f011-b4cc-6045bd09951e	2070	Emyl Luyten	M	M25-29	372	7:07:41	0:39:36	0:09:52	3:18:20	0:05:56	2:53:56	BE	
59e7f9a4-fd33-ef11-8409-6045bd0953ac	2071	shair ho-asjoe	M	M25-29	373	7:07:47	0:46:13	0:09:16	3:42:13	0:06:05	2:24:00	NL	
a1ab8351-7f9b-f011-b41c-6045bd05fcc1	2072	Bridget Matthews	F	F55-59	11	7:08:27	0:50:27	0:06:19	3:27:18	0:05:28	2:38:55	GB	
f702ec0c-be93-f011-b4cc-000d3a35ffc1	2073	Xenia Meersschaert	F	F30-34	85	7:08:33	0:44:10	0:06:33	3:27:41	0:04:07	2:46:03	bel	
6e576158-be93-f011-b4cc-6045bd05fcc1	2074	Pierre Bolle	M	M18-24	233	7:08:43	0:43:06	0:07:32	3:21:28	0:07:36	2:49:02	BE	
818adf72-d394-f011-b4cb-6045bd09e182	2075	Polly Rubinchik	F	F30-34	86	7:08:52	0:55:04	0:08:14	3:44:38	0:04:49	2:16:07	GB	
47043104-0094-f011-b4cc-000d3a5b50ba	2076	Romane PAVIER	F	F25-29	121	7:08:54	0:40:06	0:08:03	3:29:06	0:08:38	2:43:02	FR	
275a9777-5194-f011-b4cc-000d3a5c3d6c	2077	Laura Dumont	F	F25-29	122	7:09:53	0:49:36	0:08:16	3:28:05	0:06:11	2:37:46	BE	
078a149a-c193-f011-b4cc-000d3a5b7c3b	2078	Vaughan Illingworth	M	M60-64	29	7:10:33	0:49:38	0:13:45	3:23:58	0:08:37	2:34:35	GB	
8ff89345-7cf9-4f9d-bc3a-e5bf84c63355	2079	Georgie Bruce Jones	F	F30-34	87	7:10:41	0:54:59	0:08:49	3:34:51	0:06:56	2:25:06	GB	
788ee784-be93-f011-b4cc-000d3a5b7c3b	2080	Lieke van Wordragen	F	F45-49	26	7:10:46	0:51:51	0:09:37	3:22:11	0:09:16	2:37:51	NL	
ce8fb015-c193-f011-b4cc-6045bd05fcc1	2081	Jean-Edouard Lequien	M	M35-39	244	7:11:12	0:46:41	0:07:12	3:20:55	0:06:01	2:50:24	FR	
e4a6a5ca-c4db-41ba-87e5-7b5f219c14b3	2082	Marzia Stefani	F	F50-54	13	7:11:18	0:44:24	0:09:53	3:07:28	0:12:43	2:56:51	gbr	
045fcc1f-0d58-f011-bec1-000d3a5942b7	2083	Mariana Acosta Silva	F	F35-39	54	7:11:57	0:50:07	0:09:23	3:33:53	0:06:41	2:31:53	Unknown	
6bc63b1c-10bf-44bf-a042-37716c7afdca	2084	Karel Mombaerts	M	M40-44	152	7:12:01	0:54:17	0:08:43	3:10:55	0:06:07	2:51:59	BE	
87ad5883-bd93-f011-b4cb-6045bd0a1bec	2085	Dries Suetens	M	M25-29	374	7:12:05	0:57:47	0:08:41	3:04:10	0:07:09	2:54:18	BE	
f556468e-fa93-f011-b4cc-0022480c097c	2086	Sarah Dauw	F	F25-29	123	7:12:13	0:41:27	0:07:52	3:17:19	0:04:27	3:01:09	BE	
d21cca61-bf93-f011-b4cc-0022480a7385	2087	Heidi Brice	F	F30-34	88	7:12:41	0:38:16	0:12:04	3:30:09	0:08:56	2:43:17	GB	
16d72ef3-bd93-f011-b4cc-000d3a3173b5	2088	Céline Parade	F	F30-34	89	7:12:51	0:45:50	0:08:59	3:33:26	0:07:45	2:36:51	BE	
b3785615-3747-ee11-be6d-000d3a31406e	2089	Jacques Van Rensburg	M	M25-29	375	7:12:56	0:48:26	0:08:11	3:15:22	0:07:21	2:53:37	NL	
bafbf6d4-3d6d-ef11-a671-6045bd0953ac	2090	Kelly Wanrooij	F	F40-44	45	7:13:51	0:52:58	0:09:11	3:33:57	0:08:19	2:29:25	NL	
9319e2cf-b09b-f011-b41c-6045bd05f634	2091	Téa Vander Biest	F	F18-24	53	7:14:04	0:55:57	0:10:21	3:25:32	0:07:31	2:34:44	BE	
c1eeee47-f64c-ef11-a317-000d3a5c08e8	2092	Simona Budulac	F	F45-49	27	7:14:24	0:51:20	0:09:24	3:44:39	0:06:11	2:22:51	nld	
6b848e8e-41de-ef11-8eea-002248049fdc	2093	Jelto Vermeiren	M	M25-29	376	7:15:10	0:46:50	0:10:27	3:02:08	0:05:47	3:09:58	BE	
48d45315-c551-f011-877a-000d3a5b50ba	2094	Hannah David	F	F25-29	124	7:15:30	0:48:54	0:07:21	3:19:14	0:06:00	2:54:01	GB	
c056e9f2-f5a2-f011-bbd3-6045bd05fcc1	2095	Lynn Dursin	F	F45-49	28	7:15:58	0:48:12	0:06:01	3:20:50	0:04:58	2:55:57	bel	
a4862de9-c071-ef11-a670-0022480ac0a9	2096	James Malone	M	M35-39	245	7:16:05	0:41:06	0:09:04	3:22:19	0:06:55	2:56:41	GB	
8296e4bd-db93-f011-b4cc-000d3a35ffc1	2097	Timo Nikolaisen	M	M25-29	377	7:16:10	0:38:17	0:10:42	3:21:16	0:06:08	2:59:47	NO	
91e27895-c893-f011-b4cc-6045bd09951e	2098	Eva Lamberts	F	F18-24	54	7:17:24	0:50:00	0:06:59	3:36:34	0:06:51	2:37:00	BE	
a8b748b1-c093-f011-b4cb-6045bd0a1bec	2099	Hanneke Simons	F	F35-39	55	7:17:46	0:34:41	0:08:43	3:35:49	0:06:13	2:52:20	BE	
85acac13-c6c9-44fb-b34a-5e885fc88cdb	2100	Bianca Allenstein	F	F55-59	12	7:17:49	0:39:46	0:07:23	2:57:54	0:06:54	3:25:52	DE	
64930692-be93-f011-b4cc-000d3a5b50ba	2101	Tom Jans	M	M25-29	378	7:18:20	0:50:50	0:09:02	3:41:19	0:06:13	2:30:56	BE	
a60accea-c593-f011-b4cc-6045bd05fcc1	2102	Tobias Will	M	M35-39	246	7:18:28	0:54:37	0:10:05	3:31:59	0:11:55	2:29:52	DEU	
448fa2c5-fd9d-f011-b41c-6045bd05fcc1	2103	Abigail Batty	F	F30-34	90	7:18:29	0:48:40	0:12:09	3:25:04	0:09:47	2:42:49	GB	
99c23290-9b94-f011-b4cc-6045bd05fcc1	2104	Thomas Fadel	M	M35-39	247	7:18:36	0:44:35	0:11:49	3:28:09	0:08:32	2:45:32	BE	
22e17cc3-6b9d-f011-b41c-000d3a5b7c3b	2105	Damien Malinovic	M	M18-24	234	7:19:10	0:50:06	0:11:09	3:48:10	0:08:02	2:21:43	BE	
e12cd367-c493-f011-b4cc-000d3a35ffc1	2106	Caroline Jansen	F	F45-49	29	7:19:48	0:44:49	0:08:06	3:30:00	0:06:03	2:50:50	BE	
50805096-ca93-f011-b4cb-6045bd0a1bec	2107	Elena Lycett	F	F40-44	46	7:20:21	0:52:43	0:09:16	3:20:53	0:09:49	2:47:38	DE	
e5f5ecbc-a59d-ed11-aad1-000d3a31458d	2108	Lauren Draper	F	F40-44	47	7:20:23	0:44:59	0:10:09	3:34:05	0:07:01	2:44:08	USA	
53683e47-42e3-ef11-8ee9-000d3a592251	2109	Fernando Sanchidrian Perretta	M	M25-29	379	7:20:49	0:45:01	0:13:34	3:38:24	0:06:22	2:37:27	ES	
e332267f-5a95-f011-b4cc-6045bd09951e	2110	Alanis Van de Weghe	F	F25-29	125	7:20:53	0:49:07	0:09:58	3:28:21	0:06:44	2:46:43	BE	
386688e0-d09f-f011-b41c-000d3a35ffc1	2111	Harriet Naughton	F	F50-54	14	7:21:23	0:46:48	0:09:52	4:08:39	0:06:51	2:09:13	GB	
802c13ef-fc93-f011-b4cc-6045bd05fcc1	2112	Rebecca Williams	F	F25-29	126	7:22:04	0:49:00	0:12:10	3:31:27	0:05:40	2:43:48	GB	
379e1ebd-be93-f011-b4cb-6045bd0a1bec	2113	Sarah De Meulemeester	F	F30-34	91	7:22:29	0:57:48	0:08:36	3:18:13	0:03:57	2:53:55	gbr	
2e1a42cb-d933-4dca-9f8a-7e0d379136fe	2114	Lesly Breijer	F	F35-39	56	7:23:06	0:41:00	0:07:52	3:48:49	0:06:08	2:39:18	NL	
8adc2b03-0d94-f011-b4cc-000d3a3173b5	2115	Elias De Smet	M	M25-29	380	7:23:44	0:41:18	0:08:34	3:14:03	0:10:27	3:09:22	BE	
c952b909-be93-f011-b4cc-6045bd05fcc1	2116	Dante Van Oeteren	M	M25-29	381	7:24:17	0:52:58	0:12:46	3:36:29	0:08:11	2:33:53	BE	
0eddbf94-419e-f011-b41c-6045bd05f634	2117	Matthew Hazelwood	M	M30-34	367	7:24:37	0:52:58	0:08:24	3:38:45	0:04:24	2:40:06	GB	
c2c5b77c-2596-f011-b4cc-000d3a5b50ba	2118	Arthur Puissant	M	M18-24	235	7:25:02	0:54:34	0:11:00	3:37:50	0:07:17	2:34:22	BE	
b1e25bc7-e09b-f011-b41c-000d3a5b50ba	2119	Martin t'Kint De Roodenbeke	M	M25-29	382	7:25:05	0:43:48	0:11:00	3:08:50	0:08:37	3:12:50	BE	
e3cfcae9-bd93-f011-b4cc-0022480c097c	2120	Tiphaine Nacre	F	F25-29	127	7:26:04	0:53:59	0:11:55	3:40:38	0:05:09	2:34:23	FR	
84cd1bf8-41e3-ef11-8ee9-000d3a592251	2121	Raina Khalek	F	F25-29	128	7:26:28	0:53:44	0:10:29	3:39:20	0:05:29	2:37:27	LB	
dea1664a-d779-ef11-a670-000d3a5a1803	2122	David Liepin	M	M40-44	153	7:27:31	0:51:53	0:07:03	3:26:40	0:05:54	2:56:01	BE	
f18a1506-bf93-f011-b4cb-002248098cfa	2123	Yana Buys	F	F18-24	55	7:28:07	0:48:15	0:08:39	3:34:21	0:05:16	2:51:36	BE	
8cfe8784-3f3a-4282-a710-021ca9b25d82	2124	Karen Mombaerts	F	F35-39	57	7:29:08	0:44:38	0:08:29	3:18:17	0:05:58	3:11:46	BE	
b9cacd7e-0494-f011-b4cb-6045bd0a1bec	2125	Fleur Kaashoek	F	F25-29	129	7:29:16	0:49:11	0:12:08	3:37:13	0:11:53	2:38:51	NL	
632da8c2-bf93-f011-b4cc-000d3a35ffc1	2126	Chloe jacqmin	F	F25-29	130	7:30:11	0:40:23	0:08:31	3:32:22	0:05:40	3:03:15	BE	
002191af-2c83-ef11-ac21-6045bd05c809	2127	Reinaud Monbaliu	M	M18-24	236	7:30:14	0:47:01	0:09:04	3:11:02	0:06:15	3:16:51	BE	
d62a8568-dd34-4879-9e94-378585cf00e6	2128	Axel Keusemann	M	M65-69	7	7:30:24	1:07:42	0:10:20	3:07:18	0:07:47	2:57:18	DE	
92633952-2487-f011-b4cc-000d3a3173b5	2129	Jules Caubergh	M	M25-29	383	7:31:19	1:03:50	0:08:23	3:03:08	0:07:17	3:08:41		
a9cbf3c5-b193-f011-b4cb-002248098cfa	2130	Lisa Colmi	F	F18-24	56	7:32:01	0:53:26	0:07:59	3:26:23	0:05:49	2:58:24	DE	
c8506486-16be-4821-a7a0-14d6c3f86e92	2131	Liz Mikos	F	F25-29	131	7:33:08	0:55:31	0:07:36	3:33:11	0:04:41	2:52:10	LU	
36ddb29d-b675-ef11-a670-0022480ae005	2132	Caya L’hoost	F	F25-29	132	7:34:40	0:52:18	0:11:25	3:34:48	0:08:18	2:47:50	bel	
a34eaa1c-c29a-f011-b4cc-6045bd05fcc1	2133	Loïc De Wolf	M	M25-29	384	7:36:09	0:49:22	0:11:18	3:41:10	0:08:45	2:45:36	BE	
b07676f0-bd93-f011-b4cc-000d3a5cf7d8	2134	Simon Eeraerts	M	M25-29	385	7:36:25	0:54:49	0:11:57	3:17:56	0:10:46	3:00:57	bel	
8b773d4d-298d-ef11-ac21-000d3a5b3d07	2135	Christel Koenders	F	F35-39	58	7:36:28	0:43:55	0:09:23	3:40:16	0:05:36	2:57:19	NL	
6dd9278d-d69b-f011-b41c-6045bd05fcc1	2136	Andrew Gilbert	M	M30-34	368	7:36:58	0:58:39	0:11:14	3:35:09	0:09:20	2:42:36	BE	
cf4e218b-6d9b-f011-b41c-000d3a5b50ba	2137	Simone Strang	F	F35-39	59	7:37:11	0:54:27	0:10:01	3:43:25	0:07:08	2:42:10	GB	
c1bd08d8-dc93-f011-b4cc-000d3a35ffc1	2138	laura tenedor	F	F35-39	60	7:38:01	0:49:12	0:13:28	3:51:48	0:06:41	2:36:52	FR	
d99815e0-e293-f011-b4cc-000d3a5b7c3b	2139	Noelle Lynch	F	F35-39	61	7:38:39	0:43:35	0:08:48	3:40:35	0:07:54	2:57:47	irl	
32be5654-b99e-f011-b41c-6045bd05f634	2140	Vincent Ernalsteen	M	M25-29	386	7:38:45	0:50:33	0:08:42	3:48:36	0:05:21	2:45:34	BE	
d6468083-1572-f011-bec2-0022480c097c	2141	Willeke van Gemeren	F	F45-49	30	7:38:54	0:51:23	0:08:44	3:28:50	0:10:04	2:59:53	che	
5fd50e57-4f2f-4fe2-99b4-335cad57e125	2142	Paul Brody	M	M50-54	73	7:39:42	0:44:13	0:11:26	3:40:19	0:06:52	2:56:52	US	
ae150129-8394-f011-b4cc-000d3a5b7c3b	2143	Jessie van Maele	F	F25-29	133	7:40:16	1:02:34	0:09:02	3:45:08	0:10:01	2:33:31	NL	
6c5c384f-b2e0-ef11-8eea-000d3a5ae96c	2144	Cédric HODES	M	M40-44	154	7:40:29	0:44:25	0:11:28	3:46:34	0:08:00	2:50:04	Unknown	
48d8efed-b994-f011-b4cc-000d3a5cf7d8	2145	Mathieu Steppe	M	M35-39	248	7:40:31	0:48:35	0:12:37	3:44:34	0:07:34	2:47:10	BE	
34294489-0899-f011-b4cc-000d3a5cf7d8	2146	Anzsi Lux	F	F25-29	134	7:40:48	0:40:36	0:10:28	3:45:49	0:06:18	2:57:37	NL	
8f8fbace-fa93-f011-b4cc-6045bd05f634	2147	Alice Ma	F	F25-29	135	7:41:20	0:53:47	0:08:34	3:41:27	0:07:07	2:50:24	GB	
49a4f641-ed9d-f011-b41c-000d3a5b50ba	2148	Ted Clark	M	M18-24	237	7:41:36	0:45:18	0:11:27	3:37:35	0:11:25	2:55:51	GB	
af4c992d-1c9d-f011-b41c-6045bd09951e	2149	Gert Verbeken	M	M30-34	369	7:41:50	0:58:40	0:08:35	3:32:25	0:07:11	2:55:00	BE	
7b66f9ea-12a9-ef11-b8e8-000d3a5a403c	2150	Laura Rogers	F	F35-39	62	7:42:17	0:52:28	0:06:31	3:44:37	0:05:18	2:53:23	GB	
c612315f-a293-f011-b4cc-6045bd05fcc1	2151	Joao Cardoso	M	M50-54	74	7:43:50	0:53:40	0:09:16	3:19:05	0:06:47	3:15:02	GB	
fb3f86b9-669d-f011-b41c-000d3a5b7c3b	2152	Anouk Schepers	F	F18-24	57	7:44:33	0:50:20	0:09:40	3:38:26	0:08:33	2:57:34	BE	
d0d1d896-b298-f011-b4cc-000d3a5cf7d8	2153	Alice de Wagenaere	F	F30-34	92	7:45:25	0:47:11	0:08:56	3:39:41	0:07:27	3:02:09	BE	
41c99a6f-ee20-446a-a7b3-b4a6dfa86c36	2154	Natalie Long	F	F50-54	15	7:45:41	0:44:41	0:12:39	3:33:44	0:12:44	3:01:53	GB	
376e84f9-3192-f011-b4cc-6045bd05f634	2155	Jorel Luis Fernando	M	M25-29	387	7:45:52	0:48:48	0:09:04	3:52:46	0:06:47	2:48:27	BE	
cd946732-4a11-4ced-8673-5eccddac2a77	2156	David Bacon	M	M50-54	75	7:49:51	0:50:46	0:09:12	3:50:41	0:06:34	2:52:38	GB	
c53b0ace-2e98-ef11-8a6a-002248049fdc	2157	Sien Gesquiere	F	F25-29	136	7:51:42	0:48:30	0:15:00	3:39:48	0:10:17	2:58:07	BE	
db735f5a-43e2-ef11-8ee9-000d3a592251	2158	Aimee Evans	F	F30-34	93	7:51:52	0:52:55	0:09:56	3:35:58	0:06:11	3:06:52	GB	
85dc6a1a-2748-ef11-a317-000d3a383830	2159	Elise Géhénot	F	F25-29	137	7:54:12	0:48:22	0:07:47	3:41:37	0:06:50	3:09:34	BE	
2bb017af-9d9e-f011-b41c-6045bd09951e	2160	Florence Vanbergen	F	F25-29	138	7:55:04	0:52:40	0:08:04	3:43:15	0:07:16	3:03:50	BE	
94467c82-d322-4c67-afab-e0da84d312a8	2161	Michaela Girle	F	F30-34	94	7:56:51	0:44:32	0:09:02	3:39:39	0:07:29	3:16:09	GBR	
ab1af29b-c093-f011-b4cc-6045bd05fcc1	2162	Kimberly Stenzler	F	F30-34	95	7:57:06	0:56:53	0:10:04	3:40:42	0:08:53	3:00:34	NLD	
83f7e296-ca2a-46fa-aa58-d0811709e1fc	2163	Nick Bishop	M	M60-64	30	7:57:56	0:38:57	0:11:22	3:29:21	0:07:41	3:30:34	GB	
c06d33ce-bd93-f011-b4cc-6045bd05f634	99999	Frédéric VANDEWALLE	M	M18-24	99999							BE	DNS
174c05c2-39b6-4cc1-a5c2-a2e578e2f6a8	99999	Reuben Bishop	M	M30-34	99999		0:38:09	0:08:46	2:46:08	0:10:00		gbr	DNF
75d8c295-cb94-f011-b4cc-000d3a5b50ba	99999	Bart Strubbe	M	M55-59	99999		1:17:53					BE	DNF
e7249701-293c-4ef0-aa86-d31fec7a916f	99999	Alex Hornett	M	M45-49	99999							GB	DNS
c15248b8-5394-f011-b4cc-000d3a5cf7d8	99999	Emmanuel Van Poucke	M	M45-49	99999							BE	DNF
1a4c287e-3a8b-f011-b4cc-6045bd05fcc1	99999	Jonas Bernard	M	M30-34	99999							BE	DNF
51706408-3d5a-f011-bec2-000d3a5cf7d8	99999	Xander Schoonen	M	M45-49	99999	6:37:41	0:46:55	0:04:45	2:59:00	0:06:25	2:40:36	NL	DNF
3e90b6d3-f97e-459f-b28a-14e34a9f1841	99999	Manon Boutaine	F	F30-34	99999							BE	DNS
a42645b3-d13b-4bda-b373-26975c6548c6	99999	Jorgé De Bot	M	M18-24	99999							bel	DNS
715f42dc-2495-f011-b4cc-6045bd05f634	99999	Pauline Van de Plas	F	F30-34	99999							BE	DNS
474acbac-be93-f011-b4cc-6045bd05fcc1	99999	ROMAIN MARTINAUD	M	M40-44	99999	8:15:38	0:52:43	0:10:21	3:51:23	0:06:34	3:14:37	FR	
2c2165b3-dda1-f011-bbd3-000d3a5b7c3b	99999	Kim Verboven	F	F18-24	99999		0:34:42	0:04:53	2:28:18	0:02:45		nld	DNF
de1e5c28-7106-487c-9c4b-6941319c3f0c	99999	Bieke Trenson	F	F35-39	99999		0:31:53	0:05:17				BE	DNF
3d55632a-e9f9-4ddf-86c3-5c78afe08e94	99999	Angela Fisher	F	F70-74	99999		0:38:02	0:09:19				GBR	DNF
ba391d06-4469-4c87-b86e-a2497e762aff	99999	Steve Lamantia	M	M65-69	99999							usa	DNS
01991eaa-d39b-f011-b41c-000d3a5b7c3b	99999	Harry Gilbert	M	M60-64	99999							BE	DNF
cfd39e14-5f95-f011-b4cc-6045bd05fcc1	99999	Florent Goffin	M	M30-34	99999							BE	DQ
b0f83a47-2bba-ef11-b8e9-002248049fdc	99999	Jojanneke Leistra	F	F45-49	99999		0:55:35	0:07:00	2:55:44	0:06:14		NL	DNF
ad799265-47a7-4a02-98b5-cf3fe14b3451	99999	Ivan Skakun	M	M35-39	99999							RU	DNS
dd0d0054-22d0-f011-bbd2-000d3a5b5fc7	99999	Charlott Geerkens	F	F25-29	99999		0:34:01	0:05:45	2:36:56	0:05:28		DEU	DNF
bf2eeb74-6023-4ce4-9c0a-e072ded7d202	99999	Hubert Sofka	M	M50-54	99999							DE	DNS
bf3aa4b4-5845-45fe-a3eb-38faf1164190	99999	Julien Girard	M	M50-54	99999							fra	DNS
248506b8-0d6b-f011-bec2-0022480c097c	99999	Geert Vermeire	M	M65-69	99999		0:44:54	0:05:59	2:49:17	0:07:27		BE	DNF
2acbaa0a-11a0-404b-b9c8-4e33e1196d61	99999	Erik Coppens	M	M60-64	99999							BE	DNS
f1841ccc-19e1-ee11-904d-000d3a314be4	99999	Emily Oakshott	F	F25-29	99999							fra	DNS
1df5773a-c693-f011-b4cc-000d3a5cf7d8	99999	Alessandro Boutrais	M	M25-29	99999							fra	DNS
28546763-4446-4045-8654-f601c8c54872	99999	Tom Amijs	M	M55-59	99999							BE	DNS
38b45ea5-aeb9-478d-abea-f70b13dc8b47	99999	Judith Melis	F	F45-49	99999							nld	DNS
e94f501b-edca-ef11-b8e8-000d3a5ae96c	99999	Kirian Claeyé	M	M35-39	99999							BE	DNS
cc5345fd-fd15-4685-86d8-af87fc45ec9c	99999	Björn Grützner	M	M50-54	99999							deu	DNS
9ea5a671-bf93-f011-b4cc-000d3a5cf7d8	99999	Renaud Hamal	M	M18-24	99999							BE	DNS
9bbafb90-ac95-f011-b4cc-000d3a5cf7d8	99999	Matthew Rouse	M	M35-39	99999							GB	DNS
8a46ad8d-632f-4466-a090-f5d006e50320	99999	Erica De Clerck	F	F25-29	99999		0:39:44	0:06:55	2:59:00	0:02:27		BE	DNF
4f3201c1-c4b1-ef11-b8e9-000d3a5a1803	99999	Francisco OLIVEIRA ROCHA	M	M35-39	99999							bel	DNS
5dc7ba7d-bce0-ef11-8eea-6045bd088264	99999	Pieter Victor	M	M35-39	99999		0:47:23	0:11:40				BE	DNF
133f6e3f-30d7-ef11-8ee9-000d3a592251	99999	Jef Gardeyn	M	M25-29	99999		0:41:53	0:06:37	2:49:08	0:04:49		BE	DNF
1b7c8bce-0a84-f011-b4cc-0022480a7385	99999	Xander Lips	M	M18-24	99999		0:48:59	0:07:50	3:19:47	0:07:27		BE	DNF
7925eb43-c093-f011-b4cc-000d3a5b50ba	99999	Maaike Ramael	F	F30-34	99999							BE	DNS
87f09c22-409e-f011-b41c-6045bd09951e	99999	Joshua Hazelwood	M	M30-34	99999		1:11:13	0:16:43				GB	DNF
680da067-c093-f011-b4cc-000d3a3173b5	99999	Francis Hendriks	F	F25-29	99999		0:36:02	0:06:53	3:07:17	0:09:21		NL	DNF
f67368a7-7e4e-4b47-b287-4eca4e27f9d7	99999	Lieven ameye	M	M40-44	99999							BE	DNS
dad89d15-c112-ef11-9f8a-000d3a322274	99999	Adrian Junc	M	M55-59	99999							rou	DNF
3eb3ba91-bd75-ef11-a670-00224808894b	99999	Sander Paredis	M	M30-34	99999		0:42:01	0:04:57				bel	DNF
c23a8734-ce9b-f011-b41c-000d3a5cf7d8	99999	Philippe Gysen	M	M45-49	99999		0:36:17	0:06:17	2:48:53	0:05:44		BE	DNF
96780b49-b360-ef11-bfe3-000d3a3b4ec1	99999	Myrthe De Ruijsscher	F	F30-34	99999							nld	DNS
f88998c7-7bb7-4b3b-8c7d-f442792cffb3	99999	Trevor Harvey	M	M65-69	99999							GB	DNS
707b7c38-7d95-f011-b4cc-000d3a5b7c3b	99999	Zander Fias	M	M30-34	99999		1:12:34					BE	DNF
1e9c71e3-654f-468b-9a8d-8575631001e4	99999	Alex Boone	M	M60-64	99999							BE	DNS
97831cab-25f0-442a-a4a8-42bb9d7676fd	99999	Lieve Cappaert-Paulus	F	F60-64	99999		0:35:20	0:07:32	2:53:57	0:04:47		bel	DNF
1d03c272-939b-f011-b41c-000d3a35ffc1	99999	Seppe Lenaerts	M	PC/ID	99999							BE	DNS
283e7931-e51a-47da-87a2-d8e7f75a66c9	99999	Olivier Maes	M	M60-64	99999							BE	DNS
1753fe60-ad5d-ef11-bfe3-000d3a371e3b	99999	Jozefien Tuboville	F	F25-29	99999	8:23:04	0:56:14	0:08:58	3:40:23	0:05:54	3:31:35	bel	
d114ea60-bf93-f011-b4cc-000d3a5b50ba	99999	Ruben Vyvey	M	M40-44	99999		0:47:11	0:08:40	3:25:53			BE	DNF
659879d5-6d11-475c-9ca6-7f8e55026de3	99999	Robert Martin	M	M55-59	99999							GB	DNS
aa8ded7d-c593-f011-b4cc-0022480a7385	99999	Julie Hunter	F	F50-54	99999	8:05:17	1:03:54	0:11:00	3:33:01	0:11:40	3:05:42	GB	
44aaef0c-d6d5-ef11-8ee9-000d3a592251	99999	Cobus Roose	M	M30-34	99999		0:36:34	0:07:09	2:37:06	0:03:22		BE	DNF
8820349d-919e-f011-b41c-002248098cfa	99999	Lejo John	M	M35-39	99999		1:12:04					BE	DNF
1454f981-398d-44cd-aa2f-672894214384	99999	Yannick Philippe	M	M45-49	99999							BE	DNS
a14e42ca-150e-4947-b29e-647084ae1745	99999	Matthias Laga	M	M40-44	99999							BE	DNS
a47d8e7b-f89d-f011-b41c-6045bd05f634	99999	Victoria Meyers	F	F25-29	99999	8:13:39	0:48:02	0:13:45	3:51:05	0:05:57	3:14:50	LU	
6d4ccfc0-bd93-f011-b4cb-002248098cfa	99999	Amber Van Daele	F	F25-29	99999		0:50:41					BE	DNF
e271b65e-ac89-46eb-b1d0-1319a1c48c93	99999	Luisa Nascimento	F	F30-34	99999							GB	DNS
d11434d7-d1e8-49a0-84df-75b3a6866773	99999	Stephen Tighe	M	M45-49	99999		0:41:40	0:11:20	3:04:19	0:08:41		IRL	DNF
3566801a-589c-f011-b41c-000d3a3173b5	99999	Lore Tack	F	F30-34	99999		1:16:16					BE	DNF
aa4f7442-6170-f011-bec2-000d3a5cf7d8	99999	Germán A. Jiménez Yáñez	M	M35-39	99999		0:44:57	0:09:49				esp	DNF
19216d5a-ff7f-ef11-ac21-6045bd048089	99999	glenn thijs	M	M30-34	99999							BE	DNS
6e3c5170-bcad-4a8e-8904-513900bdda2f	99999	Jos De Maeseneer	M	M60-64	99999							BE	DNS
c9e68354-d093-f011-b4cc-000d3a5b50ba	99999	Axl Van bael	M	M18-24	99999							BE	DQ
6b0d8063-a639-4e4a-a9b9-487eab95a38a	99999	Duncan Whale	M	M45-49	99999							GB	DNS
fc6e6ded-f593-f011-b4cb-002248098cfa	99999	bram Bosmans	M	M25-29	99999							BE	DNS
6fdd86a0-6798-f011-b4cc-000d3a35ffc1	99999	Diego Antonio Debel	M	M25-29	99999		0:39:49	0:08:06				BE	DNF
9e3c429e-5cbd-44a7-8e56-e72de4d96f26	99999	Jack Schoneveld	M	M18-24	99999							NL	DNS
24d7ca4f-0b93-f011-b4cc-6045bd05f634	99999	Déborah Valladares	F	F45-49	99999							CH	DNF
b24fa9ad-bf93-f011-b4cc-000d3a5cf7d8	99999	Julien Bocquillon	M	M40-44	99999		0:46:43	0:10:39				BE	DNF
334fa180-046e-451d-9934-dc3f56305b3f	99999	François Marmuse	F	M50-54	99999							Unknown	DNS
58b0b943-69af-f011-bbd3-6045bd09951e	99999	Martin de Decker	M	M40-44	99999							NLD	DNS
b4b977ce-0a63-473d-8b57-77d1b14b715e	99999	David Bonjean	M	M55-59	99999	6:58:37	0:46:45	0:08:15	2:47:25	0:05:18	3:10:53	bel	DNF
5c3f5723-1373-4dba-8ecd-d8c5e9ee5536	99999	Ludovic Watthée	M	M30-34	99999							BE	DNF
e3ec9330-30ef-420e-aa88-284ab7f54382	99999	Kurt Van Keymeulen	M	M45-49	99999							BE	DNS
542c516f-5244-ef11-8409-000d3a5c08e8	99999	Jessica Van Der Kallen	F	F45-49	99999		1:02:46	0:10:24	4:09:14	0:08:23		NL	DNF
2206175d-0610-482d-ab16-9298f6280eb2	99999	Katrien Wybouw	F	F45-49	99999		0:35:22	0:04:45				BE	DNF
099a5587-0594-f011-b4cc-6045bd05f634	99999	Emile Eeckhout	M	M25-29	99999		0:59:58	0:08:27				BE	DNF
81658c73-e19a-4b3d-8c00-14c540a2fb0b	99999	Clive Kelty	M	M55-59	99999		0:44:29	0:06:30	3:25:54	0:04:50		gbr	DNF
e55cbfb1-3afb-4dc4-a04a-d333900dfcd9	99999	Paulina Dubas	F	F30-34	99999							Denmark	DNS
5f07eefb-1c55-45a1-afc5-6f7c19ade12b	99999	David De Cremer	M	M45-49	99999							bel	DNS
86f47d33-c293-f011-b4cc-0022480a7385	99999	Toon Demuynck	M	M45-49	99999							BE	DNS
da43d809-c893-f011-b4cb-6045bd0a1bec	99999	Pavan Sharma	M	M30-34	99999	8:25:08	1:06:27	0:08:22	3:39:02	0:08:21	3:22:56	GB	
75d46a24-7c79-48fb-83b0-748c9bf04e20	99999	Charlotte Kruger	F	F25-29	99999							BEL	DNS
098c4efc-6a3e-42e2-9ac4-aee734874a66	99999	Sam Flint	F	F55-59	99999							GB	DNS
7fbdeabe-460d-41d1-bca6-85a330c3ad45	99999	Julian Cross	M	M50-54	99999							GB	DNS
ccba20be-0a55-f011-877b-000d3a35ffc1	99999	Alexis Matranga	M	M18-24	99999							BE	DNS
03023402-7a5a-f011-bec2-000d3a5cf7d8	99999	Florent Sarre	M	M25-29	99999		0:42:03	0:08:45				fra	DNF
dbfac45a-c693-f011-b4cc-0022480c097c	99999	Dylan Crawley	M	M18-24	99999							GB	DNS
27eb8e8b-a8f4-4212-880f-6a45240a0283	99999	Toon Nietvelt	M	M40-44	99999							BE	DNS
67ec054d-95d2-4704-b1a0-566014cf2da4	99999	Peter De Vidts	M	M50-54	99999							BE	DNS
884d2303-f293-f011-b4cc-6045bd09951e	99999	Reinier van Geleen	M	M35-39	99999		0:46:06	0:12:19				NL	DNF
52128870-5d34-ef11-8409-000d3a383830	99999	Geoffrey Fery	M	M35-39	99999							bel	DNS
