ContactId	Overall_Rank	Name	Gender	Division	Div_Rank	Total_Time	Swim	T1	Bike	T2	Run	Country	Status
b644ae80-632c-4807-be68-877857314687	1	Mario De Elias	M	M40-44	1	3:52:15	0:28:38	0:02:22	2:02:21	0:01:18	1:17:36	AR	
f8c92c29-b6d3-41bf-9acf-f0986c9d16df	2	Mateo Bustos Pecaut	M	M25-29	1	3:54:42	0:28:34	0:02:26	2:02:18	0:01:30	1:19:53	AR	
16cc0cdf-80e0-4294-89ca-43bd68adbee5	3	Martín Gallardo	M	M25-29	2	3:55:58	0:29:47	0:03:14	2:04:12	0:02:07	1:16:39	AR	
82f67641-a2b3-41de-acfb-6c79ce268663	4	Pablo Manuel Bien	M	M30-34	1	3:56:01	0:29:44	0:02:57	2:04:10	0:01:04	1:18:06	AR	
9edba908-0908-4c50-93e7-2d231b6878fc	5	Nauro Vinicius Carvalho Jasper	M	M30-34	2	4:01:44	0:28:49	0:03:10	2:06:01	0:01:34	1:22:09	BR	
bcf99c39-f77c-478e-a549-3a052d7ba55c	6	Brasilio Vicente Castro Neto	M	M40-44	2	4:02:18	0:28:00	0:04:00	2:05:46	0:01:47	1:22:45	BR	
5ff7471c-92ce-ef11-b8e9-000d3a5a1803	7	Ricardo Maximiliano Rodriguez	M	M18-24	1	4:03:01	0:31:19	0:03:14	2:10:16	0:01:14	1:16:58	IT	
7ea00f7e-8e57-ed11-bba3-000d3a314d17	8	Gabriel Guaragna	M	M45-49	1	4:04:05	0:33:55	0:03:15	2:04:22	0:01:03	1:21:31	AR	
1c2aa089-72f9-4718-ab76-df314d17784d	9	Miguel Angel Armada	M	M40-44	3	4:06:54	0:29:16	0:03:03	2:07:50	0:01:38	1:25:08	US	
21c9fed3-d147-4c69-8d2e-8de5fbd5b836	10	Sebastian Arrative	M	M35-39	1	4:07:03	0:28:41	0:02:44	2:14:06	0:01:38	1:19:54	AR	
51e81ef1-64bb-4615-b647-73904902bdb3	11	Javier Zamorano Sheward	M	M30-34	3	4:07:03	0:29:31	0:02:43	2:11:38	0:01:38	1:21:34	CL	
ca446ece-219a-ef11-8a6a-002248049fdc	12	Gabriel Marangoni	M	M45-49	2	4:08:32	0:29:37	0:03:35	2:10:00	0:01:44	1:23:36	arg	
0a90a117-c065-4d08-9ae7-e6f2d07146fa	13	Enzo Barraza	M	M18-24	2	4:08:34	0:30:56	0:02:51	2:13:00	0:01:53	1:19:53	AR	
b30af36a-4b57-f011-877b-0022480a7385	14	OSCAR GALINDEZ	M	M50-54	1	4:09:09	0:28:49	0:02:52	2:05:44	0:02:36	1:29:08	ARG	
ea493fc0-166b-f011-bec2-000d3a5b7c3b	15	Pedro Ginocchi	M	M30-34	4	4:09:37	0:31:48	0:02:47	2:08:48	0:01:42	1:24:32	ARG	
5504be7e-f75e-44b1-aeb2-b2eae9c2dcc0	16	Mariano Garcia	M	M25-29	3	4:10:51	0:30:53	0:02:52	2:20:11	0:01:50	1:15:05	AR	
34e08117-6746-48b3-ad96-23221e742231	17	Alfonso Constanzo	M	M35-39	2	4:11:06	0:30:19	0:03:33	2:09:21	0:01:27	1:26:25	AR	
83835d8f-30e8-47d9-a985-967d2d5ba15c	18	Emiliano Mandarano	M	M35-39	3	4:12:18	0:29:47	0:03:29	2:15:02	0:01:51	1:22:09	AR	
40df49a1-97fe-ef11-bae2-6045bd09951e	19	Matias Lucero	M	M25-29	4	4:12:58	0:29:44	0:02:59	2:14:57	0:01:40	1:23:39	AR	
670bddcb-16d4-4155-97a2-91c60e317832	20	Ignacio Iglesias	M	M35-39	4	4:13:07	0:29:56	0:03:06	2:14:26	0:01:05	1:24:34	ury	
98cb3cf7-e78c-47f0-aff7-5cd7371977c4	21	Lucas Tellado	M	M25-29	5	4:13:15	0:30:14	0:02:42	2:15:10	0:01:48	1:23:20	AR	
4740867b-fde3-4699-887b-fa387cf7f17d	22	Daniel Da Cunha	M	M40-44	4	4:14:10	0:34:32	0:02:53	2:13:42	0:02:04	1:21:00	BR	
99c3fde1-d92e-4f28-bd2b-fe7a316c0cec	23	Facundo Olguin	M	M25-29	6	4:14:29	0:29:50	0:03:04	2:13:02	0:01:21	1:27:12	AR	
c1b2a433-73e4-48dd-a028-ebb1c583f522	24	Ian Fornara	M	M25-29	7	4:14:44	0:30:06	0:03:04	2:14:52	0:01:41	1:25:02	AR	
0cf4c564-f36c-48d9-b32f-c5ef009f5c75	25	Santiago De Guio	M	M35-39	5	4:14:46	0:29:17	0:02:46	2:11:10	0:01:28	1:30:05	AR	
09750c98-fe9b-44d9-9403-d63338265d6c	26	Facundo Torrilla	M	M35-39	6	4:16:07	0:36:05	0:03:22	2:12:47	0:01:25	1:22:28	AR	
76158082-5d4b-448a-a39b-4826707e83a0	27	Ulises Garcia Diez	M	M30-34	5	4:16:14	0:31:57	0:04:48	2:16:59	0:01:33	1:20:58	AR	
b53d1023-eece-41f5-930f-e65659376655	28	Fernando Damian Sirio	M	M40-44	5	4:16:52	0:30:31	0:04:01	2:16:15	0:01:13	1:24:52	AR	
056188f4-f37f-4f26-a338-ffea1c5c8cf0	29	Luciano Cuenca	M	M18-24	3	4:17:07	0:27:18	0:02:35	2:22:56	0:01:17	1:23:01	AR	
077dab13-9598-4cf7-81bf-5261e2b0f783	30	Lucas Antonetti	M	M50-54	2	4:17:13	0:29:25	0:03:09	2:15:20	0:01:45	1:27:35	arg	
75595b9e-c3a4-46b9-968a-ab3259535ad6	31	Pablo Amarante	M	M40-44	6	4:17:37	0:28:58	0:02:41	2:14:14	0:01:40	1:30:04	AR	
79e8c0be-2ff2-4484-99e5-02f5bb94ecc7	32	Pablo Ureta	M	M45-49	3	4:17:52	0:30:07	0:02:27	2:15:55	0:01:37	1:27:46	che	
9dc5d873-3e18-4e19-8d63-e5f4f6378ed5	33	Gabriel Santiago Molina	M	M35-39	7	4:18:10	0:32:53	0:04:00	2:13:14	0:02:01	1:26:02	AR	
d51f702e-a44c-4ed0-921a-93ae8c5e3bae	34	Alejandro Bulacio Sfriso	M	M45-49	4	4:18:26	0:30:25	0:03:11	2:22:38	0:01:20	1:20:52	AR	
27812129-b806-482f-8f8d-ede08cea6d77	35	Lucas Cancela	M	M30-34	6	4:18:50	0:29:06	0:03:30	2:17:20	0:01:50	1:27:04	UY	
2fb16c9d-f40a-4506-93e2-19f9cf092e79	36	Pablo Berisso	M	M45-49	5	4:19:10	0:32:27	0:03:56	2:17:16	0:01:37	1:23:54	AR	
3040bbb9-14c5-4114-886d-3faec16c9b2b	37	Sebastian Ostertag	M	M40-44	7	4:19:16	0:30:01	0:03:31	2:14:56	0:01:04	1:29:45	US	
ce0df53f-8dba-4319-b5ce-9ef9f6f11656	38	Federico Schneeberger	M	M50-54	3	4:19:17	0:29:40	0:03:52	2:14:28	0:02:07	1:29:10	AR	
e52a5d5d-ef1e-4d2b-a68b-63240b3e4262	39	Marcos Paves	M	M40-44	8	4:19:32	0:32:58	0:03:29	2:17:54	0:01:41	1:23:30	AR	
aed4fa44-55f5-4190-828d-38ce5864793b	40	Mariano Ramirez	M	M40-44	9	4:19:44	0:30:24	0:03:33	2:18:23	0:01:31	1:25:54	AR	
57199ba0-ec66-4c76-aa95-7ec980074423	41	Luisma Kittlein	M	M40-44	10	4:19:56	0:34:46	0:04:20	2:15:15	0:00:57	1:24:37	AR	
40301040-4b5a-4ad8-b97b-c47f64625297	42	Henrique Bettega	M	M40-44	11	4:20:44	0:29:58	0:03:48	2:16:45	0:01:19	1:28:54	BR	
b51f8f26-0287-4355-b666-b02c6ca88fab	43	Moises Torres Rojas	M	M45-49	6	4:20:50	0:30:54	0:04:32	2:17:16	0:02:17	1:25:52	CL	
e416f46b-32d8-4766-ae2e-2d8d0449e8f1	44	Santiago Bernasconi	M	M18-24	4	4:20:51	0:31:13	0:03:50	2:17:54	0:02:01	1:25:53	AR	
d88ac0d9-0f6b-f011-bec3-000d3a5b50ba	45	Federico Chara Schmal	M	M30-34	7	4:21:04	0:32:00	0:03:13	2:19:59	0:02:15	1:23:37	AR	
4e0d9f6f-4118-4ff6-b660-f8e92e7e34ff	46	Sergio Sebastian Perez	M	M50-54	4	4:21:32	0:33:53	0:03:17	2:15:23	0:02:01	1:26:58	AR	
fdcf811e-426c-4d58-8ea3-d87292f5295d	47	Juan Jose Censi	M	M35-39	8	4:21:35	0:33:44	0:04:05	2:21:21	0:01:46	1:20:39	AR	
5a7e3aff-4010-ee11-8f6d-000d3a31406e	48	Marcos Peretti	M	M35-39	9	4:21:37	0:36:24	0:02:59	2:16:04	0:01:29	1:24:41	AR	
26e7d069-5b72-44bf-b196-ac5676a3ae2a	49	Lucas Cossio	M	M30-34	8	4:22:00	0:29:33	0:03:34	2:18:16	0:02:07	1:28:30	AR	
8703bda9-f535-4254-a866-36816b08b9f5	50	Jose Vasconcelos Guerra	M	M35-39	10	4:22:04	0:33:32	0:05:13	2:12:23	0:01:30	1:29:26	BR	
16d6f40d-a2e2-ec11-bb3d-000d3a5b4cfb	51	Bernardo De Azevedo Pizzo	M	M30-34	9	4:22:15	0:33:02	0:04:02	2:20:16	0:01:20	1:23:35	bra	
ae15fe40-7989-4f31-9723-6bf69d2d9221	52	Eduardo Sandoval	M	M35-39	11	4:23:09	0:37:00	0:02:51	2:16:48	0:01:43	1:24:46	CL	
1744bf90-f54b-43cc-b10f-f1f4c2100c4c	53	Ignacio Barbieri	M	M35-39	12	4:23:25	0:33:17	0:03:36	2:18:25	0:01:50	1:26:16	AR	
087195f3-43f8-ef11-9341-000d3a5a1803	54	Manuel Santamarina	M	M30-34	10	4:23:27	0:36:10	0:04:28	2:14:54	0:02:00	1:25:56	AR	
afab2281-f8c8-4df1-ad94-a24583e3536c	55	Michael Frankovich	M	M40-44	12	4:23:29	0:34:22	0:03:06	2:12:06	0:01:35	1:32:20	CL	
ad21901c-9787-40df-a324-dcdb12132281	56	Santiago Reboul	M	M30-34	11	4:23:32	0:32:19	0:03:22	2:20:15	0:01:40	1:25:56	AR	
4dc95490-2c8c-4f1a-ac8a-f8eb1dca4aa9	57	Fernando Di Rosso	M	M40-44	13	4:23:38	0:33:02	0:03:36	2:19:06	0:02:12	1:25:41	AR	
c50a047e-f76b-4e1f-80fa-d601b4e8a563	58	DAHIAN ROCCHINI	M	M35-39	13	4:24:06	0:31:03	0:03:00	2:23:32	0:01:22	1:25:08	AR	
233035e4-ced1-4183-ace7-8e2ae2ad2280	59	Carlos Cosoli	M	M50-54	5	4:24:13	0:33:01	0:03:06	2:17:42	0:02:03	1:28:21	AR	
44477e3b-bac4-4cd6-9950-fa1b791e6572	60	Mauricio Beinat	M	M45-49	7	4:24:15	0:33:56	0:03:43	2:15:30	0:01:35	1:29:31	AR	
e4e94888-14b4-4e4e-8bfb-58abf38d0908	61	Henrique Lindholm	M	M30-34	12	4:24:18	0:34:11	0:03:56	2:20:59	0:01:38	1:23:34	BR	
4ba3bfe1-4da4-4008-9b65-e354d3197ec6	62	Gaspar Sepulveda Williams	M	M35-39	14	4:24:22	0:34:58	0:03:35	2:16:26	0:02:06	1:27:16	CL	
58432717-0eb8-4908-aafc-84c994265ece	63	Hernan Catulo	M	M40-44	14	4:24:49	0:33:02	0:04:04	2:18:37	0:02:11	1:26:55	AR	
e1d829cf-b14b-4acc-99de-5ebd6972fa6e	64	Alejandro Anaine	M	M40-44	15	4:24:49	0:33:38	0:03:46	2:14:26	0:01:31	1:31:27	AR	
0301c758-23c7-45ad-bbfa-fc4258b51e1f	65	Facundo Guerrero	M	M35-39	15	4:24:54	0:35:52	0:03:41	2:11:01	0:02:14	1:32:05	deu	
878493f9-0f94-4b7b-9cba-2ad2987dfe11	66	Maximiliano Peralta	M	M30-34	13	4:25:00	0:30:20	0:03:08	2:21:05	0:01:41	1:28:45	AR	
19cf7c0b-3d3f-4480-9efb-52020a6e7dad	67	Pablo Saiz	M	M45-49	8	4:25:08	0:31:27	0:03:18	2:18:05	0:02:18	1:30:00	AR	
bc233323-1396-443c-abc4-43185d96abae	68	Luciano Ezequiel Vazquez	M	M40-44	16	4:25:11	0:32:39	0:03:20	2:16:55	0:01:25	1:30:52	AR	
2cb8f68e-abf8-43f5-b5e2-062a23686fce	69	Jone Costa	M	M45-49	9	4:25:24	0:32:04	0:05:49	2:17:45	0:02:59	1:26:47	BR	
b64afa74-dd4e-42aa-b8e1-956206c52d3e	70	Mariano Villagra	M	M45-49	10	4:25:33	0:37:23	0:03:41	2:15:12	0:01:56	1:27:21	AR	
0d266bc8-8139-493b-b7e9-1ea9a30e0b2e	71	Gonzalo Salva	M	M35-39	16	4:25:35	0:28:13	0:03:26	2:16:37	0:01:57	1:35:23	AR	
34b948d0-5f1b-ea11-a811-000d3a5a1e46	72	Bernardo Liguori	M	M50-54	6	4:25:53	0:35:47	0:03:31	2:16:26	0:02:08	1:28:01	AR	
d75abe53-90a6-428f-a06f-4307036fc788	73	Gustavo Gaspar	M	M40-44	17	4:26:11	0:31:20	0:04:06	2:17:39	0:01:44	1:31:22	BR	
7a3b207e-5e4d-402b-aff5-303256216c9c	74	Manuel Guerrero	M	M35-39	17	4:26:12	0:33:04	0:03:32	2:15:11	0:01:59	1:32:27	AR	
7e854533-7aa0-40b4-97a1-b7b1959963db	75	Carlos Cardona	M	M45-49	11	4:27:23	0:37:36	0:03:39	2:12:48	0:01:41	1:31:39	UY	
6ed415af-0408-41f9-8478-09485a04a04b	76	Gustavo Daniel Ibarra	M	M50-54	7	4:27:45	0:32:31	0:03:15	2:19:03	0:02:49	1:30:08	AR	
ca057fe5-81e7-4ba2-9b6c-4a1b0069e28a	77	Jorge Garcia	M	M50-54	8	4:28:09	0:34:35	0:03:27	2:19:16	0:01:57	1:28:54	UY	
74b10fd0-0444-404a-8c99-e41d8f2121a3	78	Cesar Roldan Sanchez	M	M40-44	18	4:28:26	0:39:24	0:02:54	2:18:59	0:01:35	1:25:34	CL	
60c3187c-2b65-4ce7-8a34-401440840fc0	79	Jorge Ramallo	M	M45-49	12	4:28:44	0:38:08	0:03:57	2:10:28	0:01:37	1:34:35	AR	
7fa7335d-7a99-4e22-bdfe-0eb0499396fa	80	Joel Sosa	M	M40-44	19	4:28:47	0:39:20	0:03:28	2:10:38	0:03:19	1:32:02	UY	
67276f46-71b7-45dd-818c-26dc4383e587	81	Alfredo Follonier	M	M45-49	13	4:28:56	0:31:26	0:03:09	2:16:01	0:03:02	1:35:17	CL	
63e4425c-0f3f-473e-a5f2-b1e728b522d4	82	Cristóbal Leiva	M	M30-34	14	4:29:04	0:36:14	0:05:13	2:16:59	0:02:56	1:27:42	CL	
e1fa53a6-d55d-4afd-abba-9cec5b5f48df	83	Nicolas Morcos	M	M25-29	8	4:29:07	0:35:46	0:03:46	2:19:08	0:01:39	1:28:48	arg	
2768f490-f9c6-4952-823c-8bb09d09bd86	84	Gonzalo Garcia	M	M40-44	20	4:29:09	0:31:53	0:03:21	2:15:11	0:01:57	1:36:47	AR	
290bd06e-b8c0-4e4c-8c2f-94b97035591b	85	Juan Manuel Puliti	M	M30-34	15	4:29:19	0:31:05	0:04:06	2:19:20	0:01:53	1:32:55	AR	
2871417b-45bd-4a99-a726-1e247a150c0a	86	Leandro Colaneri	M	M30-34	16	4:29:23	0:33:28	0:03:54	2:21:11	0:01:54	1:28:55	AR	
7194771b-1cad-43f1-8518-e9ed3b3347e9	87	Pedro Camilli	M	M25-29	9	4:29:32	0:36:22	0:04:02	2:20:07	0:01:56	1:27:06	AR	
37b52691-fc88-49a9-92d8-4beaf7c6ff3a	88	Sebastian Arias	M	M40-44	21	4:29:47	0:38:19	0:04:11	2:20:23	0:01:47	1:25:08	AR	
9b4801be-2705-40e8-b8af-8caf26fbd9b3	89	Bruno Spinello	M	M25-29	10	4:30:04	0:33:20	0:03:36	2:23:38	0:01:39	1:27:52	AR	
cf26f2f0-8a1f-420a-91b7-4165b7d4244e	90	Raphael Costa Mehl	M	M45-49	14	4:30:20	0:28:36	0:03:23	2:17:00	0:02:57	1:38:25	US	
aaf240b3-42d4-4274-8245-6a6abb97b92b	91	Matias Arellano	M	M45-49	15	4:30:27	0:36:32	0:03:52	2:16:19	0:01:16	1:32:27	AR	
cd8181f8-50bf-497a-a293-eed19057ab50	92	Felipe Cintra De Barros Ribeiro Conrado	M	M25-29	11	4:30:28	0:35:47	0:03:07	2:18:22	0:02:15	1:30:56	BR	
5a7892c4-73cc-427a-b68d-3a40e5ad4662	93	samuel nardello pontel	M	M30-34	17	4:30:29	0:33:48	0:03:37	2:24:04	0:01:31	1:27:28	BR	
7c2a38a8-a9a0-48c9-ad89-9cefa17bcee7	94	Gonzalo Ruiz	M	M35-39	18	4:30:36	0:34:49	0:03:42	2:23:22	0:02:14	1:26:29	AR	
1c56fd5d-a73b-4a5d-992c-4e6b83d5e115	95	Felix Zylberglajt	M	M50-54	9	4:30:49	0:36:26	0:04:09	2:18:36	0:02:19	1:29:20	UY	
076dd51f-023c-4ed8-bbd6-1567f6255e2f	96	Federico Andrada	M	M30-34	18	4:30:53	0:32:29	0:03:04	2:26:30	0:02:00	1:26:50	AR	
46beb614-bb6a-423e-8bc5-785515ce9fa0	97	Pablo Durante	M	M55-59	1	4:30:56	0:32:04	0:03:52	2:18:50	0:03:32	1:32:38	AR	
93f8ca46-6dcc-4915-9a14-378edf97321d	98	Pablo Cuello	M	M45-49	16	4:31:01	0:33:05	0:03:57	2:17:19	0:01:40	1:35:00	AR	
cd338e71-71cf-425a-adf5-1df8565284b7	99	Guilherme Akutsu Silva	M	M30-34	19	4:31:06	0:38:13	0:04:42	2:15:11	0:02:00	1:31:00	BR	
551ce8a9-4dcf-4179-8566-ebe72ab14adb	100	Pere Marquina	M	M50-54	10	4:31:21	0:28:55	0:04:17	2:28:26	0:02:00	1:27:42	AD	
caf096ee-c22b-4368-a550-a54d6f1a7344	101	Nicolas Iturra	M	M45-49	17	4:31:23	0:37:07	0:04:08	2:20:25	0:02:46	1:26:57	CL	
f3f5904b-edaf-442b-95f2-a0dfcba2845f	102	Sebastian Sanchez	M	M45-49	18	4:31:48	0:33:07	0:04:36	2:19:30	0:01:35	1:32:59	pan	
8ee3d338-4111-4b6e-aaba-13371d69df2b	103	Jose Hornauer	M	M30-34	20	4:31:51	0:38:32	0:04:12	2:16:26	0:01:52	1:30:50	CL	
9afcd611-654d-4118-bcf4-6a745a2cc378	104	Jonatan Edgardo Fischer	M	M35-39	19	4:32:21	0:39:38	0:04:22	2:17:14	0:01:47	1:29:20	AR	
1f38e40d-5d89-445b-98d8-56e1036fe82e	105	Javier Ignacio Gelves	M	M45-49	19	4:32:34	0:38:59	0:03:46	2:20:05	0:02:27	1:27:18	AR	
9f26caa0-09ef-40ca-bb21-0842e5f0a82a	106	Gabriela Alejandra Carena	F	F35-39	1	4:32:40	0:35:56	0:03:18	2:23:27	0:01:34	1:28:25	AR	
ce76ed53-0426-465a-af7a-dcabb2b3f48d	107	Walter Fernandez	M	M50-54	11	4:32:59	0:35:23	0:04:15	2:23:33	0:03:38	1:26:09	AR	
daef0563-4ac0-4654-b273-4e9cd09b23d4	108	Mauricio Cadin	M	M40-44	22	4:33:10	0:37:17	0:03:29	2:16:42	0:02:30	1:33:13	CL	
88e351cd-fe83-42f0-bce3-2a5152ccb3a3	109	Fernando Sandoval	M	M30-34	21	4:33:13	0:31:07	0:04:23	2:24:37	0:02:19	1:30:48	CL	
e857044d-fb17-ed11-b83e-000d3a590c8e	110	Sebastian Dario Falduti	M	M45-49	20	4:33:20	0:34:49	0:04:19	2:14:28	0:02:27	1:37:17	AR	
6df05173-89ce-468a-b9b6-cc27efd51212	111	Agustin Arro	M	M35-39	20	4:33:24	0:35:03	0:03:21	2:21:05	0:02:07	1:31:47	AR	
db896dfb-9ee4-4552-8e5a-13832e48ef59	112	Pedro Ganemian	M	M30-34	22	4:33:31	0:39:22	0:03:22	2:20:28	0:01:50	1:28:29	BR	
5a67aae9-229d-4b51-b7db-c70412c33f1c	113	Catriel Sarry	M	M35-39	21	4:33:48	0:39:01	0:03:18	2:19:07	0:01:40	1:30:42	AR	
039f2d16-ba8a-42fc-9b74-38e03cfb83e7	114	Leonardo Merce	M	M45-49	21	4:34:26	0:36:29	0:03:21	2:22:42	0:01:36	1:30:17	AR	
8ae186ed-2cae-4f0e-acc4-a3ef9fafbfd5	115	Rafael Dutra Pereira	M	M40-44	23	4:34:35	0:34:26	0:04:15	2:21:16	0:01:44	1:32:54	CL	
e4f62061-83e3-4b44-bfcf-9470ccbb5856	116	Luis Oscar Diaz	M	M50-54	12	4:34:40	0:41:22	0:04:03	2:14:04	0:02:44	1:32:28	arg	
0e4050e8-9677-4e92-9ad4-598c09d2fd1f	117	Lucas Barrese	M	M35-39	22	4:34:45	0:35:38	0:03:14	2:21:33	0:01:28	1:32:52	AR	
12082f35-f0e3-4812-9182-ef61ff599158	118	Pablo Conti	M	M50-54	13	4:34:52	0:36:58	0:05:00	2:16:57	0:02:01	1:33:56	AR	
be55502b-9574-ea11-a811-000d3a5a1cf8	119	Pablo Romagnoli	M	M45-49	22	4:35:10	0:35:27	0:03:58	2:19:20	0:01:59	1:34:27	AR	
df6f3fb7-b0e3-4657-a4ed-147df649f239	120	Natalio Alexander Puebla	M	M35-39	23	4:35:29	0:30:23	0:03:19	2:30:29	0:02:00	1:29:19	AR	
6b543b5b-ad99-4851-9f72-2d9d95a2bbc5	121	Martin Angarola	M	M45-49	23	4:35:40	0:31:09	0:03:33	2:23:02	0:03:27	1:34:28	AR	
026ed88f-b605-41f5-80d7-7e550c9dc77b	122	Cristian Hasenohr Santa Maria	M	M40-44	24	4:35:41	0:35:00	0:03:57	2:22:36	0:02:37	1:31:31	CL	
65c01b67-8adf-46be-9bf3-fefefd4dd385	123	Charly Kmetiuk	M	M45-49	24	4:35:50	0:34:17	0:03:19	2:22:16	0:01:29	1:34:29	AR	
c38f0422-5861-49b4-a619-5dcb9bc413eb	124	Carlos Daniel Massera	M	M40-44	25	4:35:52	0:33:04	0:03:27	2:18:27	0:01:50	1:39:05	AR	
0bd3a981-5fdf-4971-b447-5a0857788dfd	125	Gabriela Lucero	F	F35-39	2	4:35:55	0:45:23	0:03:32	2:17:36	0:01:37	1:27:47	AR	
f9d2ed61-5649-4708-98cf-4233aa7a5cab	126	Cristobal Cuadrado	M	M35-39	24	4:36:01	0:36:26	0:03:39	2:14:10	0:01:50	1:39:56	CL	
e4e59b97-e90e-4f8d-ade6-be6773e94ed5	127	Pedro D M De Maia	M	M40-44	26	4:36:04	0:32:06	0:04:53	2:17:49	0:01:45	1:39:30	BR	
c9a386af-83a6-4631-aca1-510570147a20	128	Gonzalo Nicolas Frangi	M	M35-39	25	4:36:07	0:31:55	0:04:49	2:29:39	0:01:46	1:27:58	AR	
85e2db39-c584-4fef-bbc3-3fc9595d8cbe	129	Miguel Ángel Lembo	M	M40-44	27	4:36:12	0:36:38	0:03:48	2:27:32	0:01:36	1:26:39	arg	
2089136b-d9a2-43bf-9059-8ebf2c07421e	130	Franco Salvatore	M	M30-34	23	4:36:14	0:34:36	0:03:27	2:18:45	0:02:20	1:37:07	AR	
adc0cd5a-7732-4a0e-94a8-d45e72a41b9f	131	Enrique Gobbi	M	M50-54	14	4:36:21	0:36:22	0:04:34	2:16:28	0:01:48	1:37:10	AR	
e0413eb8-e425-4762-9833-360353c3c7c8	132	Alex Suarez	M	M35-39	26	4:36:32	0:37:54	0:04:29	2:24:05	0:01:48	1:28:16	CL	
acf3557a-a7bf-ef11-b8e8-000d3a5a403c	133	Marcos Rene Martinez	M	M40-44	28	4:36:45	0:43:37	0:04:11	2:19:35	0:01:50	1:27:32	AR	
86615d58-84b4-451d-b874-e68eb30df44e	134	Luciana Castaño	F	F35-39	3	4:37:09	0:32:35	0:03:22	2:29:40	0:01:55	1:29:37	AR	
2edef32a-8426-4262-870e-e28ac9343118	135	Johanna Pennella	F	F30-34	1	4:37:21	0:34:24	0:03:39	2:25:10	0:01:40	1:32:28	AR	
fa21d421-70c2-4742-a519-d4e171db48a5	136	Gustavo Sanchez	M	M45-49	25	4:37:25	0:40:14	0:03:13	2:16:35	0:01:45	1:35:37	arg	
114cc3ef-ab95-ed11-aad1-000d3a31406e	137	Sebastian Bosman	M	M45-49	26	4:37:31	0:34:21	0:03:47	2:17:40	0:02:20	1:39:23	CL	
c717410a-f51e-4e03-9824-733514a36873	138	Sebastian Andia	M	M35-39	27	4:37:39	0:45:05	0:05:29	2:17:28	0:01:35	1:28:02	AR	
6078de99-564b-41e6-8ab0-705579b5898f	139	Sebastian Melluso	M	M45-49	27	4:37:46	0:39:00	0:04:57	2:16:36	0:02:15	1:34:59	UY	
2f70dce1-9a59-43c1-a288-6578887e6cfd	140	Lucas Ezequiel Barbetti	M	M40-44	29	4:38:06	0:35:03	0:03:32	2:19:48	0:01:45	1:37:59	AR	
a9ba774d-b32d-ef11-840a-6045bd0953ac	141	Julian Macaggi	M	M25-29	12	4:38:12	0:34:04	0:03:46	2:29:10	0:01:34	1:29:37	AR	
c94a3186-13aa-48c2-8988-0ad9b7e602d2	142	Federico Pittaluga	M	M45-49	28	4:38:21	0:33:19	0:04:58	2:23:30	0:01:43	1:34:51	UY	
70b18664-4e84-411a-992a-140b0dbfc1a2	143	Marcos Morselli	M	M45-49	29	4:38:31	0:33:43	0:04:45	2:18:46	0:03:38	1:37:40	arg	
ac520246-ba4a-4273-86e5-d5dc3d433298	144	Juan Alberto Dominguez	M	M35-39	28	4:38:39	0:29:58	0:04:37	2:20:30	0:02:30	1:41:05	AR	
172d6824-ac22-ef11-840b-00224809fd7c	145	Alejo Nipoti	M	M30-34	24	4:38:46	0:32:47	0:03:03	2:29:17	0:02:13	1:31:25	arg	
6005ceda-7df7-4c5b-8e07-afa435911dbf	146	Martin Fulco	M	M35-39	29	4:38:50	0:38:44	0:04:31	2:12:43	0:02:02	1:40:50	AR	
edbbce9d-9404-4485-a17b-b3c7bff3ea95	147	Sergio Ayala	M	M45-49	30	4:38:56	0:35:14	0:03:56	2:27:34	0:01:52	1:30:19	AR	
267afa14-f6af-441c-b002-0baaf4cb7d2f	148	Regis Azevedo Kapp	M	M25-29	13	4:38:58	0:34:56	0:03:48	2:27:11	0:02:03	1:30:59	BR	
90f3d813-652c-43b9-9fee-35316b420d24	149	Andres Donnadieu	M	M45-49	31	4:39:03	0:30:34	0:04:28	2:23:32	0:02:18	1:38:10	AR	
a37b95bd-c2c7-4dcd-8496-d6446eb2a3a4	150	MARCOS SUARES	M	M35-39	30	4:39:05	0:37:35	0:03:55	2:20:12	0:03:43	1:33:39	UY	
b323e4d8-bb93-4b0c-bfee-6757cdeea112	151	Gabriel Egusquiza	M	M40-44	30	4:39:08	0:31:39	0:03:24	2:29:52	0:02:46	1:31:27	arg	
59850bd3-b359-4eb2-9468-966b981f6c5c	152	Pablo Ronsar Bianco Bueno	M	M50-54	15	4:39:11	0:32:20	0:03:36	2:21:50	0:01:17	1:40:08	AR	
64878e2c-0100-f011-bae2-000d3a5b7c3b	153	Agustin Cano Carpi	M	M30-34	25	4:39:25	0:45:24	0:04:50	2:14:12	0:02:58	1:32:01	arg	
175ccab8-eeb7-4f1f-af0c-614ac3195115	154	Emil Alvaro Caliva	M	M35-39	31	4:39:27	0:43:48	0:04:34	2:11:54	0:02:54	1:36:16	AR	
5381fc91-4923-419a-906f-58e330c1e7b9	155	Diego Acevedo	M	M30-34	26	4:40:07	0:38:11	0:03:36	2:18:58	0:02:16	1:37:06	CL	
ab802dd0-794f-47a0-90bc-d0a3d75d13c6	156	Eduardo Amadeo	M	M50-54	16	4:40:09	0:37:49	0:05:06	2:19:54	0:02:21	1:34:59	AR	
069b3bbf-ddfc-4f15-a596-9860b4cf36d1	157	Carlos Nicolas Marques	M	M35-39	32	4:40:15	0:37:26	0:03:37	2:21:12	0:02:18	1:35:41	AR	
963bec99-c06b-4e21-8079-e495a5e60d99	158	Pablo Di Lucca	M	M40-44	31	4:40:39	0:30:17	0:03:18	2:32:50	0:02:44	1:31:31	AR	
15dabd2a-46ae-4f76-aa76-988a490e60da	159	diego sanchez cabezudo	M	M55-59	2	4:40:46	0:34:19	0:04:17	2:24:53	0:01:48	1:35:28	AR	
3107afac-762c-4cf1-90b6-a2e1d2f1a4a6	160	Brenda Rosso	F	F30-34	2	4:40:50	0:29:52	0:03:23	2:30:27	0:01:27	1:35:41	AR	
53dfcbe3-9330-4bb2-aa5a-be63c52c60cd	161	Matias Zariello	M	M40-44	32	4:41:03	0:30:34	0:04:36	2:23:59	0:02:18	1:39:36	arg	
8b5cd3a2-dfb8-ef11-b8e8-000d3a5a403c	162	Matias Heffner	M	M45-49	32	4:41:12	0:35:30	0:03:10	2:27:00	0:01:51	1:33:40	AR	
2d38cd11-899d-43f0-abdf-ad6f6347c550	163	Emiliano De Rosa	M	M40-44	33	4:41:20	0:34:36	0:04:48	2:19:27	0:02:57	1:39:32	AR	
2cbb61aa-4d8c-441e-bfcd-eeef2ace84b5	164	Federico Vanini	M	M18-24	5	4:41:23	0:33:22	0:03:06	2:21:15	0:02:21	1:41:19	AR	
6c592e0d-a5fe-ef11-bae2-000d3a5c3d6c	165	Brenda Bernard	F	F35-39	4	4:41:32	0:34:15	0:04:12	2:29:26	0:01:37	1:32:03	AR	
ccf53233-5a65-4631-948d-65a9c990d097	166	Gaston Rossini	M	M45-49	33	4:41:36	0:35:54	0:03:51	2:19:39	0:01:48	1:40:23	AR	
a25587c5-ccdf-4656-bc11-7af77bc0285e	167	Ramiro Llan de Rosos	M	M45-49	34	4:41:40	0:36:22	0:05:01	2:26:13	0:02:11	1:31:53	AR	
ac7f0f9f-c46c-420c-965e-721df28d0a20	168	Rodolfo Morais Neto	M	M25-29	14	4:41:51	0:35:08	0:03:42	2:25:06	0:02:42	1:35:13	BR	
ed10265b-1229-4588-ad64-010668be2aab	169	Francisco Saravia	M	M40-44	34	4:42:00	0:36:42	0:04:42	2:21:14	0:01:44	1:37:39	AR	
f6532e18-6055-43cb-a68a-c720fac7c2d1	170	Nicolas Manuel Iglesias	M	M45-49	35	4:42:05	0:34:27	0:04:23	2:21:05	0:02:31	1:39:40	AR	
88612fa9-078c-4811-9ef5-99dde0111a8c	171	Juan Gebauer	M	M40-44	35	4:42:08	0:31:30	0:04:13	2:23:15	0:03:42	1:39:28	arg	
12acebae-1523-4b56-a8ff-b61315020330	172	Alfredo Forlani	M	M55-59	3	4:42:24	0:33:31	0:03:34	2:26:42	0:02:39	1:35:58	AR	
faaf32ae-5a4f-4e5d-abbe-bf65df5f60d2	173	Francisco Cerezuela	M	M30-34	27	4:42:27	0:32:10	0:03:08	2:25:14	0:02:47	1:39:07	AR	
9abb8039-7c12-44d6-a858-9df4e51ab46b	174	Guille Balmas	M	M45-49	36	4:42:28	0:32:57	0:03:55	2:23:52	0:02:19	1:39:25	AR	
46f14e03-2531-4420-9721-2fcec793715f	175	Nestor David Santander	M	M45-49	37	4:42:33	0:32:30	0:03:42	2:30:44	0:03:11	1:32:26	AR	
a566f7c1-c6fa-4c25-8885-7dc701e33cba	176	Segundo Cornejo	M	M35-39	33	4:42:34	0:39:48	0:04:07	2:24:26	0:01:31	1:32:41	AR	
48522b9e-db70-4a60-9fc3-2fcfe87651a2	177	Vicente Fernandez	M	M25-29	15	4:42:40	0:35:08	0:03:08	2:30:11	0:01:33	1:32:40	CL	
5f949ff5-e51d-4a14-8a64-4fd2b42f3a84	178	Jose Miranda	M	M45-49	38	4:42:43	0:34:14	0:03:46	2:25:43	0:01:45	1:37:15	arg	
15f0063a-cf76-4fb3-9c2d-16aad6471335	179	Pablo Brunelli	M	M55-59	4	4:42:57	0:36:53	0:03:39	2:19:45	0:01:54	1:40:47	arg	
54aad399-84c4-49dc-b257-6e0eac11fada	180	Diego Urdampilleta	M	M45-49	39	4:42:59	0:32:02	0:04:45	2:21:12	0:03:24	1:41:36	arg	
015b7868-ff41-4861-a8f9-c33bf43f1eab	181	Rodolfo Astorga	M	M40-44	36	4:43:09	0:40:55	0:03:25	2:23:59	0:01:46	1:33:04	CL	
015f1aac-6ae5-423f-8d8a-1b173726f2e4	182	Juan Ignacio Costello Grinberg	M	M45-49	40	4:43:17	0:35:06	0:04:10	2:23:59	0:01:53	1:38:09	AR	
826553c7-f846-418a-bad9-92ec84d4f533	183	Francisco Montenegro	M	M40-44	37	4:43:22	0:36:17	0:04:23	2:19:08	0:02:30	1:41:04	AR	
56efa0a8-a44f-4210-a1d0-5f58f6b6b310	184	Marcelo De Oliveira Machado	M	M45-49	41	4:43:38	0:32:50	0:03:40	2:35:23	0:05:10	1:26:34	BR	
5636d447-bef2-ef11-9342-002248049fdc	185	Tomas Fermanelli	M	M25-29	16	4:43:38	0:35:48	0:03:50	2:21:16	0:02:37	1:40:08	AR	
c43d6a03-3e05-499f-aa25-7d3e4d2e365d	186	Gregorio Vega	M	M45-49	42	4:43:47	0:35:41	0:06:01	2:24:17	0:02:23	1:35:25	AR	
946885e5-e33a-412b-aa9a-b1042f4da171	187	Tiago Carvalho Cardoso Da Silva	M	M40-44	38	4:44:03	0:30:31	0:05:26	2:19:10	0:02:04	1:46:52	BR	
799b3dab-228b-46d3-aa93-9354cada2d8c	188	Alexandro Ayala	M	M45-49	43	4:44:09	0:37:32	0:03:12	2:20:06	0:02:27	1:40:51	UY	
2715b15f-c261-436e-98e7-9923f70b499a	189	Federico Serra	M	M40-44	39	4:44:42	0:35:26	0:05:04	2:19:36	0:02:10	1:42:26	AR	
ed862d19-5db0-ec11-9840-000d3a5a3c9a	190	Federico Semino	M	M35-39	34	4:44:46	0:38:03	0:03:54	2:16:52	0:02:11	1:43:46	UY	
53cd7b0d-4e8e-f011-b4cc-0022480c097c	191	Rodrigo Andrés Gómez Catalán	M	M25-29	17	4:44:48	0:37:27	0:03:10	2:35:31	0:01:56	1:26:45	CHL	
d316112f-2cd0-ed11-b597-000d3a31406e	192	Alejandro Azcárate	M	M35-39	35	4:44:56	0:39:03	0:04:34	2:28:16	0:02:29	1:30:34	AR	
16910cc3-04e7-485f-af63-d65d81ead5fb	193	FRANCIS HILGERT	M	M35-39	36	4:45:06	0:40:30	0:04:08	2:22:42	0:02:12	1:35:33	BR	
cac2b34d-aa8e-452f-94fe-1dfa0b09898c	194	luis maria nassif	M	M40-44	40	4:45:07	0:36:23	0:06:03	2:24:19	0:02:21	1:36:01	AR	
2fe21f7a-affe-408f-996b-5995fbbe0fbb	195	Carlos Manuel Icazati Gonzalez	M	M40-44	41	4:45:25	0:36:17	0:03:35	2:15:43	0:02:09	1:47:41	AR	
12303c5b-638a-4985-bf2d-b9aa8f7622ee	196	Joaquin Salazar	M	M25-29	18	4:45:29	0:34:53	0:03:28	2:26:57	0:01:37	1:38:35	CL	
df198ed2-aeda-4380-9eb7-9bf72aae0916	197	Marcelo Vallejo	M	M60-64	1	4:45:47	0:34:57	0:04:31	2:19:03	0:01:55	1:45:22	arg	
edf471cd-0f65-457b-bed3-631f6294cf58	198	Sergio Eduardo Muract	M	M50-54	17	4:45:49	0:38:08	0:04:57	2:22:28	0:02:19	1:37:58	arg	
c2b17ca6-6252-4307-92e6-d16391e050db	199	Federico Christen	M	M55-59	5	4:46:08	0:37:30	0:04:34	2:25:13	0:01:30	1:37:21	arg	
80b94a63-b716-ed11-b83e-000d3a590c8e	200	Nicolas Barrionuevo	M	M35-39	37	4:46:20	0:35:26	0:03:52	2:28:45	0:02:56	1:35:20	arg	
33df5d84-1cda-4ea7-b898-f0ebbf0b5ec9	201	Federico Martin	M	M40-44	42	4:46:22	0:35:05	0:06:26	2:29:41	0:03:46	1:31:24	AR	
51da2874-53a2-4a0d-a62b-4c3cee510c5e	202	Marcos Martinez	M	M35-39	38	4:46:27	0:34:35	0:03:37	2:26:34	0:03:01	1:38:40	AR	
7bb38d75-01c7-ef11-b8e9-000d3a30152c	203	Cristian Andres Gil	M	M25-29	19	4:46:34	0:38:31	0:04:00	2:27:02	0:01:38	1:35:23	AR	
e7db6715-b63c-45f1-b7a6-1e98bd32138f	204	Fernan Cabral	M	M45-49	44	4:46:39	0:34:43	0:04:42	2:28:52	0:02:14	1:36:09	AR	
679a160e-e2ac-4033-ad7f-d70b737ac04c	205	Gonzalo Garcia Solis	M	M40-44	43	4:46:50	0:38:01	0:03:31	2:24:59	0:02:22	1:37:57	CL	
2b889575-65a1-ef11-8a6a-000d3a338a3c	206	Ezequiel Saccone	M	M40-44	44	4:46:50	0:35:21	0:03:54	2:27:43	0:01:29	1:38:23	AR	
af4f90a1-bb62-448b-9b9b-66819b9b6184	207	Mauricio Pittorino	M	M45-49	45	4:47:03	0:43:02	0:05:06	2:20:48	0:02:54	1:35:12	AR	
8b4aa19c-1c9b-442c-b299-94ed9cce4a04	208	Cristine Lopes	F	F45-49	1	4:47:04	0:43:55	0:06:35	2:22:25	0:02:20	1:31:49	BR	
d6ad9554-d15e-4479-b940-c25b02015e92	209	Alejandro Armemdariz	M	M60-64	2	4:47:06	0:33:37	0:04:51	2:25:35	0:01:58	1:41:05	AR	
ba6b89c5-7672-4e8c-9b33-ed6c3e2afad0	210	Carlos Faustino Garcia Velasco Ortiz	M	M40-44	45	4:47:10	0:33:45	0:03:52	2:25:10	0:01:27	1:42:56	arg	
a79eeaa1-4f6c-4f6e-932a-fe5741ba5275	211	Guido Zitta	M	M40-44	46	4:47:11	0:36:45	0:03:35	2:24:31	0:02:40	1:39:41	AR	
fe317790-8206-f011-bae1-6045bd09951e	212	Benjamin Piccoli	M	M40-44	47	4:47:17	0:29:22	0:04:25	2:28:41	0:02:00	1:42:50	AR	
94c54a59-4e97-4166-959e-4189ad4ad01c	213	Delfina Alvarez	F	F35-39	5	4:47:21	0:31:34	0:02:56	2:27:47	0:01:41	1:43:23	AR	
09980626-4fc9-46d3-8b67-869bfaf1328d	214	Pantera Molina	M	M55-59	6	4:47:32	0:37:29	0:03:23	2:21:27	0:02:10	1:43:04	AR	
fe2eae3e-87ed-4f2d-a3d1-724a4d6a5b7d	215	Christian Franco	M	M35-39	39	4:47:43	0:32:46	0:03:51	2:20:18	0:01:56	1:48:52	arg	
8ed51244-00f3-4ec0-b316-d8b2b0efee70	216	Pablo Cazenave	M	M50-54	18	4:47:57	0:36:26	0:04:29	2:24:33	0:01:55	1:40:34	AR	
76ac1749-b535-44d1-9399-95248f882023	217	Christian Brida	M	M30-34	28	4:47:58	0:33:47	0:05:29	2:29:39	0:02:36	1:36:27	AR	
b8738b98-78f3-41fa-b809-3ddadc7e277f	218	Jole Luis Ramirez	M	M40-44	48	4:48:00	0:33:44	0:03:33	2:29:14	0:01:11	1:40:19	AR	
7a5e0683-f215-40a0-9a6a-cba4aaacdaab	219	Matias Cebrian	M	M35-39	40	4:48:00	0:34:31	0:04:25	2:25:32	0:01:57	1:41:36	AR	
0d40f406-6259-ee11-be6f-000d3a314cac	220	Lucas Alves	M	M35-39	41	4:48:06	0:35:28	0:07:57	2:27:02	0:02:09	1:35:30	BR	
6d30c083-5da4-4ac5-b726-b237663ba618	221	Santiago Morixe	M	M50-54	19	4:48:31	0:36:59	0:04:26	2:21:49	0:01:54	1:43:23	AR	
8e32cd6c-f01f-4255-b86d-96c3018db988	222	juan manuel rodriguez	M	M35-39	42	4:48:41	0:33:53	0:03:07	2:29:02	0:02:01	1:40:38	arg	
ff8d0d42-0e76-47c9-9be3-9e143fcf8b08	223	Ernesto Garcia González	M	M40-44	49	4:48:42	0:39:41	0:03:59	2:29:35	0:02:24	1:33:03	AR	
c43476cb-d5b7-4f2b-a7d3-7581f2e85e88	224	Mauro Piran	M	M35-39	43	4:48:46	0:38:38	0:04:11	2:29:10	0:03:04	1:33:42	AR	
6d756a2d-dd2c-4a40-bc22-885e79b8e963	225	Felipe Vilela Frey	M	M35-39	44	4:48:57	0:37:27	0:05:15	2:27:51	0:02:21	1:36:02	BR	
beb622b9-22c4-45c4-8405-be14da0e2c45	226	Sebastian Lassalle	M	M40-44	50	4:49:00	0:33:54	0:04:10	2:27:13	0:02:25	1:41:18	AR	
cf94f361-6438-4806-ad13-1843a621d888	227	Luis Fernandez	M	M50-54	20	4:49:06	0:38:15	0:04:58	2:27:35	0:02:07	1:36:11	AR	
b611df02-6ba5-4561-ba6f-8feb1b5e9c12	228	Caio Lopes Rozental	M	M25-29	20	4:49:08	0:35:49	0:07:28	2:32:16	0:02:26	1:31:10	BR	
7898acc1-66e1-46fc-9861-28a81ba846bc	229	cristian viano	M	M40-44	51	4:49:16	0:35:57	0:04:07	2:28:27	0:02:30	1:38:15	AR	
99abd07c-6308-40aa-b847-235a96dca96d	230	Adan Martin Avedaño	M	M35-39	45	4:49:28	0:36:43	0:04:26	2:34:10	0:01:40	1:32:28	AR	
22642c09-5927-4f31-975a-29cb83689b54	231	Matias Rios	M	M30-34	29	4:49:34	0:35:38	0:02:59	2:29:27	0:02:16	1:39:15	AR	
521f59fd-068e-ee11-8179-000d3a314329	232	Nicolas Antonio Fili	M	M40-44	52	4:49:49	0:36:41	0:03:49	2:26:59	0:01:41	1:40:38	AR	
920f74f6-d8df-ee11-904d-000d3a314d17	233	Ignacio Rimedio Morel	M	M30-34	30	4:50:06	0:34:53	0:05:14	2:30:12	0:02:09	1:37:38	AR	
483c5a66-334a-4b7a-9cf9-59233c311490	234	Francisco Gabriele Oro	M	M35-39	46	4:50:08	0:39:17	0:04:28	2:26:50	0:01:11	1:38:22	AR	
a97138e8-204c-426f-80ac-3a078f8823c2	235	Juan Laudelino Suárez	M	M25-29	21	4:50:22	0:34:33	0:05:35	2:27:37	0:02:47	1:39:50	AR	
c35624da-cd4e-4f07-a572-8623f19bf43d	236	Christian Cabrera	M	M50-54	21	4:50:26	0:35:29	0:03:08	2:30:18	0:02:15	1:39:16	AR	
a69072a5-db0f-4e5c-bf9e-90ceb5be2444	237	Luciano Cipitria	M	M45-49	46	4:50:28	0:36:04	0:03:31	2:22:08	0:01:56	1:46:50	arg	
8d30e8bb-e304-47db-b385-60ce7195831c	238	Juan manuel Marinier	M	M40-44	53	4:50:29	0:39:48	0:04:32	2:23:08	0:02:31	1:40:30	arg	
46300c17-b9e0-4255-9528-efdb5caf8e39	239	Luis Giol	M	M50-54	22	4:50:32	0:36:22	0:04:40	2:28:00	0:02:55	1:38:36	AR	
1fdd73e1-d5e4-4f08-a96f-065cc37afa7c	240	Federico Jensen	M	M50-54	23	4:50:33	0:40:38	0:03:49	2:25:56	0:02:47	1:37:24	AR	
d8369aa0-325a-4315-9481-c907b1baecfa	241	Luis Lujan	M	M30-34	31	4:50:39	0:33:32	0:04:20	2:38:40	0:02:26	1:31:41	AR	
f9413582-fd6f-4b87-9a62-5748b1ef95de	242	Diego Rodriguez	M	M40-44	54	4:50:41	0:39:09	0:03:28	2:28:33	0:02:09	1:37:22	AR	
64d334bc-9a0b-42c7-8d04-0c4cb925f86c	243	Martin Dagosto	M	M45-49	47	4:50:56	0:41:31	0:04:40	2:22:21	0:02:35	1:39:49	AR	
c0a806fe-4f7a-4e7d-acd6-9974f7452d9a	244	Nicolas Luque	M	M35-39	47	4:50:59	0:33:20	0:04:38	2:23:11	0:01:46	1:48:04	AR	
4b86c14a-2ea6-4c40-9f3e-08ed2a1e5af8	245	Fernando Bertolotti	M	M40-44	55	4:51:00	0:35:15	0:03:17	2:30:30	0:02:13	1:39:44	AR	
60778134-045e-43a1-8481-183b78b70184	246	Matias Zarria	M	M35-39	48	4:51:02	0:36:41	0:03:47	2:28:48	0:01:48	1:39:58	arg	
551f4e43-3fe8-4be4-abce-b6f2e9eae664	247	Juan Manuel Vanina	M	M50-54	24	4:51:05	0:37:34	0:04:38	2:24:41	0:01:59	1:42:13	AR	
8c4ec6ef-c551-4f7b-a875-c33483f82796	248	Dario Gonzalez	M	M45-49	48	4:51:30	0:35:50	0:04:11	2:19:30	0:02:22	1:49:38	AR	
10e6d2a7-ef38-4dce-a52f-4519d01cbe7d	249	Sebastian Oller	M	M50-54	25	4:51:37	0:37:50	0:04:43	2:24:16	0:02:05	1:42:44	arg	
159d61d7-62d1-4bca-ba3e-d511d21e8783	250	Daniel Ibarra	M	M35-39	49	4:51:40	0:43:23	0:05:20	2:29:38	0:03:26	1:29:54	arg	
e53ac01a-a100-4718-a7f9-dd03e3381230	251	Kevin MacGibbon	M	M40-44	56	4:51:42	0:37:28	0:04:08	2:22:22	0:02:37	1:45:08	arg	
d4d446e9-a677-45c9-8b66-b8f8f7822c8a	252	Julio Escobar	M	M40-44	57	4:51:46	0:44:46	0:05:59	2:23:04	0:03:09	1:34:48	AR	
f6cd6624-f643-4734-b96f-3a97325a256b	253	Uriel Dorfman	M	M35-39	50	4:52:07	0:35:16	0:04:28	2:29:56	0:03:54	1:38:33	AR	
72ea2597-c408-f011-bae2-000d3a35ffc1	254	Susana Oillataguerre	M	F50-54	1	4:52:28	0:37:17	0:03:52	2:29:45	0:02:41	1:38:53	AR	
9a7790e2-44b4-ef11-b8e9-6045bd048089	255	Giovani Acosta	M	M25-29	22	4:52:35	0:38:45	0:03:40	2:23:23	0:01:35	1:45:12	ury	
c39c2a82-b8a0-4447-9cb6-3a9be2953bff	256	Matias Zabala	M	M35-39	51	4:52:38	0:39:24	0:03:54	2:24:50	0:02:37	1:41:52	AR	
8c29768f-1885-46a0-92d3-dd34b128fe4c	257	Jorge Alejandro Barla	M	M55-59	7	4:52:47	0:41:08	0:04:57	2:31:51	0:02:27	1:32:23	AR	
21e185d5-f559-42fc-b735-2e05c65d570b	258	Santiago Pereyra	M	M25-29	23	4:53:11	0:32:12	0:03:34	2:24:59	0:02:20	1:50:06	UY	
762c5663-75e8-48c3-b31d-1051d40b0c8a	259	Hernán Rivas	M	M55-59	8	4:53:12	0:36:10	0:04:15	2:32:12	0:01:43	1:38:51	AR	
9e06d326-6dff-ef11-bae2-000d3a5b50ba	260	Diego Sanz	M	M50-54	26	4:53:20	0:36:10	0:03:57	2:27:20	0:02:07	1:43:47	AR	
ea591287-2a4a-ed11-bba1-000d3a314ae2	261	Ulises Acevedo	M	M45-49	49	4:53:34	0:38:55	0:03:30	2:34:40	0:03:10	1:33:19	AR	
5bf6ea00-895d-4435-a52f-da8df4db0539	262	Juan Gregorio Hairabedian	M	M30-34	32	4:53:47	0:37:28	0:05:35	2:33:49	0:02:38	1:34:18	AR	
f767c2d9-6c0d-4d18-9b92-2896d71a6aa4	263	Felipe Pérez urriaga	M	M25-29	24	4:53:51	0:43:30	0:03:49	2:27:53	0:03:50	1:34:50	CL	
ce90c557-6ca1-42da-9cdb-78bad453b5c7	264	Pablo Alberto Comellas	M	M40-44	58	4:53:53	0:46:14	0:05:17	2:31:33	0:01:45	1:29:04	AR	
fdb3a3bd-f4fc-4fd4-ae22-ee71d5149a6d	265	Jorge Andrés Bermudez Lacava	M	M40-44	59	4:53:55	0:37:38	0:04:45	2:20:53	0:02:08	1:48:32	ury	
027b9496-e56b-f011-bec2-000d3a5b7c3b	266	David Exequiel Amado	M	M35-39	52	4:54:04	0:34:18	0:05:13	2:32:00	0:01:27	1:41:07	ARG	
b6515ba3-5e44-4cbe-9ecd-2e79878d1ef1	267	Mijael Wolfon	M	M35-39	53	4:54:13	0:40:21	0:04:06	2:34:54	0:02:49	1:32:03	UY	
586c95a0-7d1a-41b9-b96c-cca2a83c2a89	268	Sergio Muñoz	M	M55-59	9	4:54:25	0:38:20	0:03:17	2:23:18	0:02:03	1:47:27	AR	
b8a33c75-f3c6-ec11-a7b6-000d3a342b76	269	Nicolas Moyano Mellert	M	M40-44	60	4:54:26	0:34:31	0:03:26	2:31:21	0:01:24	1:43:44	AR	
daf2ee31-b7e3-4f6c-b812-b3362f046704	270	Cristian Varela	M	M30-34	33	4:54:26	0:42:23	0:05:04	2:32:42	0:02:11	1:32:06	AR	
0eb4595d-50b5-ee11-a569-000d3a314c24	271	Hernan Isola	M	M45-49	50	4:54:37	0:41:43	0:04:04	2:23:28	0:03:13	1:42:10	arg	
e6e80e52-b56d-4942-9b08-4680586ca458	272	Gustavo Fabian Herrera	M	M55-59	10	4:54:45	0:38:27	0:03:48	2:29:09	0:02:35	1:40:45	AR	
978e2c18-0041-4056-972a-3491001c3ddf	273	Tomas Gonzalez Del Pozo	M	M40-44	61	4:54:45	0:34:26	0:03:14	2:25:19	0:02:00	1:49:46	CL	
bf32f6c1-f48e-4be3-b536-a73f2c07b63a	274	Gonzalo Roca	M	M40-44	62	4:54:50	0:35:56	0:03:24	2:29:00	0:02:12	1:44:18	AR	
f0f60640-a12b-4f75-a6fa-e489025bb34e	275	Jose Maria Wavrunek	M	M50-54	27	4:54:57	0:31:30	0:03:35	2:19:47	0:02:19	1:57:45	AR	
96de40cb-e2fa-4327-8996-519d4af6cd74	276	Cristian Lakter	M	M40-44	63	4:54:59	0:35:29	0:04:21	2:32:30	0:02:44	1:39:55	AR	
425ba99a-dc80-ea11-a812-000d3a5a1bfb	277	Federico Muzlera	M	M45-49	51	4:55:04	0:38:32	0:03:14	2:30:25	0:02:07	1:40:46	AR	
03094e9f-3bcc-ef11-b8e8-000d3a5a403c	278	Felipe Ignacio Barrera Maureira	M	M35-39	54	4:55:04	0:39:49	0:06:19	2:29:51	0:05:07	1:33:57	CL	
b70271b5-a341-49dd-8b28-c3de3cb52ee8	279	Nicolas Terreri	M	M40-44	64	4:55:11	0:38:02	0:04:10	2:27:00	0:01:14	1:44:45	AR	
e61be448-e49e-4669-8262-1aeb1b16eee7	280	Paula Andrea Moschella	F	F25-29	1	4:55:18	0:36:05	0:04:31	2:35:40	0:01:43	1:37:20	AR	
d5ba4b85-303e-47f1-b370-1c20c93f0384	281	Erica Villoria	F	F40-44	1	4:55:23	0:35:30	0:04:33	2:33:15	0:01:42	1:40:24	CL	
405c1801-7eb5-49e9-9413-72f275dfa115	282	Walter Lago	M	M50-54	28	4:55:24	0:37:43	0:04:37	2:28:27	0:04:36	1:40:00	AR	
9d0e86a2-ea95-4e9f-9b68-b2707f7f596c	283	Fermin Oriozabala	M	M30-34	34	4:55:27	0:40:49	0:03:46	2:36:11	0:01:58	1:32:42	AR	
fd93294a-18eb-476e-bfca-8b5f9fd20370	284	Guillermo Alonso	M	M50-54	29	4:55:27	0:34:24	0:04:14	2:25:56	0:02:25	1:48:29	AR	
63177e68-dc46-4d53-8746-bc3c65eb8327	285	Ernesto Javier Petraglia	M	M50-54	30	4:55:46	0:36:59	0:04:19	2:30:01	0:01:48	1:42:39	AR	
c0d976e2-9bde-47b2-bb63-65a2165b20cf	286	Diego Stemkauskas	M	M40-44	65	4:55:58	0:43:02	0:04:43	2:30:45	0:01:30	1:35:58	AR	
d6707e80-7961-4b4c-ab30-cd5fad3fb965	287	Valeria Sesto	F	F50-54	2	4:56:04	0:35:38	0:04:32	2:41:22	0:02:24	1:32:09	AR	
1213d756-bbe3-4eb2-b50e-666c0fbddb87	288	Martin Peacan Nazar	M	M35-39	55	4:56:11	0:39:30	0:06:16	2:32:22	0:03:26	1:34:37	AR	
7d4d1715-116b-f011-bec3-000d3a35ffc1	289	Sergio Leonel Cordoba	M	M40-44	66	4:56:15	0:35:44	0:03:30	2:40:26	0:02:30	1:34:05	ARG	
5d6bc391-786c-4ae3-aa7a-79c1c0da57a8	290	Debora Borsatto	F	F35-39	6	4:56:18	0:37:32	0:05:31	2:23:38	0:02:52	1:46:47	BR	
74c61166-71d7-4579-adb3-b48dd3f52ef5	291	Alejandra Brandone	F	F40-44	2	4:56:22	0:39:35	0:05:34	2:38:30	0:02:06	1:30:38	AR	
d09053db-0e6b-f011-bec3-6045bd05fcc1	292	Mauro Simois	M	M25-29	25	4:56:23	0:36:34	0:05:20	2:29:47	0:01:56	1:42:47	URY	
968d5bda-e73b-4060-bb61-ce945ca79aa2	293	Maximiliano Combi	M	M30-34	35	4:56:28	0:32:41	0:05:05	2:34:36	0:02:14	1:41:52	AR	
d92864ce-53f8-43c2-b0f0-2742da46c9ee	294	Sebastian Sarla Morella	M	M45-49	52	4:56:28	0:44:48	0:07:05	2:30:01	0:01:56	1:32:38	UY	
b669f17f-07e9-4d94-8ded-e858229055f0	295	Juan Pablo Degiovanni	M	M45-49	53	4:56:47	0:38:02	0:04:58	2:27:00	0:01:41	1:45:06	AR	
21984d04-ca28-4d04-ac3c-5ae54ca96515	296	Carla Fozzatti	F	F35-39	7	4:57:02	0:33:58	0:04:04	2:34:19	0:01:37	1:43:05	AR	
c4db85a1-84c2-4dfe-ad6b-0fc5b11586da	297	Ana Catellani	F	F45-49	2	4:57:02	0:40:22	0:04:58	2:29:25	0:02:31	1:39:47	arg	
a1174a37-eb30-4e82-ad6a-a303ccc60c48	298	Esteban Nacar	M	M45-49	54	4:57:05	0:37:42	0:03:55	2:26:46	0:01:40	1:47:02	AR	
c73f0d91-2caa-452f-a595-d1e9288f4bbb	299	Franco Lazzatti	M	M40-44	67	4:57:16	0:35:30	0:03:48	2:30:29	0:01:56	1:45:32	AR	
a8e66604-8302-4ad3-be26-4f28768ffe96	300	Vinicius André Bufalo	M	M45-49	55	4:57:19	0:43:16	0:07:50	2:24:57	0:02:10	1:39:05	bra	
7c7bf657-7b9b-4724-b98a-0b77c998a774	301	Andres Croxatto	M	M60-64	3	4:57:42	0:35:42	0:04:26	2:30:22	0:02:12	1:44:59	CL	
c32664c4-7e39-47e2-be28-483ad8045aca	302	Rodrigo Rios	M	M40-44	68	4:57:42	0:40:19	0:03:30	2:31:50	0:02:49	1:39:14	CL	
515b1598-3d23-4bd7-bab0-b74672609dc1	303	Mauricio Manzi	M	M55-59	11	4:57:52	0:40:25	0:06:02	2:23:52	0:03:56	1:43:38	AR	
d9432352-8755-43ea-a83e-ba1f2e27ff73	304	Alberto Godoy	M	M55-59	12	4:58:00	0:38:43	0:03:58	2:31:50	0:02:51	1:40:37	AR	
d42116a6-3d8d-48e2-b001-687e5398c8a4	305	Gustavo Vaz	M	M35-39	56	4:58:09	0:35:50	0:08:43	2:31:05	0:02:16	1:40:15	BR	
028d52ff-65fc-eb11-94ef-0022480aaff1	306	Matias Tabar	M	M45-49	56	4:58:10	0:39:28	0:04:03	2:29:39	0:01:51	1:43:08	AR	
2beb9a74-8a50-4d0f-bdcf-815938b87174	307	Sergio Nozal Navarro	M	M45-49	57	4:58:21	0:33:47	0:04:33	2:34:12	0:02:11	1:43:38	AR	
ce2fd334-24c8-4380-884e-8003bd22a216	308	Milena Dotta	F	F30-34	3	4:58:21	0:33:23	0:04:01	2:37:18	0:01:45	1:41:53	AR	
7bc8577d-5262-4c56-85ca-a25a6eedabc4	309	Julian Cirone	M	M45-49	58	4:58:23	0:43:27	0:05:30	2:28:52	0:02:35	1:37:58	AR	
f831ea01-96f3-42dc-ad61-68f557b40d02	310	Fernando Garcia	M	M50-54	31	4:58:24	0:42:12	0:05:04	2:28:26	0:02:07	1:40:36	AR	
5867389e-0dd3-4dee-993a-03aa0ae7d8f7	311	Emilia Scioli	F	F40-44	3	4:58:25	0:31:47	0:03:32	2:34:00	0:01:38	1:47:29	arg	
a27ac24d-2535-4030-9b01-5fdb2e2a0aad	312	César Ledesma	M	M35-39	57	4:58:28	0:35:56	0:03:22	2:37:00	0:02:16	1:39:53	arg	
d2bf7fc3-4869-41af-80f7-4ec9e45c7258	313	Cecilia Centeno	F	F35-39	8	4:58:29	0:35:54	0:03:52	2:36:24	0:01:48	1:40:30	AR	
75254d0c-e437-471b-9410-f7663aa0d4b6	314	Claudio Muñoz	M	M45-49	59	4:58:30	0:36:57	0:04:34	2:27:48	0:02:38	1:46:33	CL	
30b57806-2575-4791-b748-208b5a596435	315	Silvio Puchi Montesi	M	M40-44	69	4:58:34	0:32:52	0:04:59	2:34:04	0:02:07	1:44:32	AR	
2164d6fc-1a07-f011-bae2-000d3a5cf7d8	316	Victor Hugo Arrieta	M	M40-44	70	4:59:00	0:37:43	0:05:36	2:31:11	0:03:22	1:41:07	AR	
2acc1cde-9895-4a7a-9450-525fc341a84f	317	Facundo Sannez	M	M30-34	36	4:59:02	0:39:11	0:03:44	2:34:19	0:02:42	1:39:07	AR	
cf2c9bc2-cfc6-46a8-a86d-066504090b7a	318	Juan Manuel Lopez	M	M35-39	58	4:59:08	0:35:29	0:04:13	2:35:23	0:02:43	1:41:20	AR	
3baacae7-2da3-4ce7-bc55-0e9cb66519fe	319	Dante Daniel Sanchez	M	M45-49	60	4:59:14	0:35:44	0:03:27	2:32:00	0:02:02	1:46:01	AR	
78baf5f6-a7a7-ef11-8a69-6045bd018d16	320	Agustin Diaz Schussler	M	M18-24	6	4:59:23	0:34:19	0:04:37	2:39:50	0:02:00	1:38:36	CL	
0409e6de-44ab-ef11-b8e8-6045bd088264	321	juan cruz mestorino	M	M30-34	37	4:59:30	0:40:06	0:04:24	2:33:30	0:01:48	1:39:43	AR	
f5cc0058-676b-4247-aef7-3e105142ef1d	322	Eduardo Gomez Naar	M	M35-39	59	4:59:39	0:41:44	0:04:20	2:29:21	0:02:24	1:41:51	AR	
f3ad80ba-9b53-4c91-89af-514e95faf770	323	Ariel Garbini	M	M35-39	60	4:59:45	0:40:30	0:04:06	2:30:29	0:02:12	1:42:28	arg	
b6582832-31b8-418c-919d-ebb9ea465da2	324	Belisario Vidal	M	M30-34	38	4:59:45	0:42:17	0:04:08	2:33:18	0:01:41	1:38:22	AR	
d962d98c-ba76-4bc6-bbee-c0d97a92b081	325	Gonzalo Medina	M	M50-54	32	4:59:54	0:31:49	0:03:57	2:24:29	0:01:56	1:57:44	AR	
4a4044c4-a14b-4ba4-8e42-c7187d526b73	326	Gonzalo Atenor	M	M35-39	61	4:59:57	0:45:17	0:04:05	2:31:28	0:01:33	1:37:35	arg	
180ac616-cd06-40ae-b417-f0285a197ddb	327	Cecilia Zagarra	F	F30-34	4	5:00:00	0:34:11	0:03:12	2:45:46	0:03:25	1:33:26	AR	
77a38ab7-d6a6-ef11-8a69-6045bd088264	328	Diego Zárate	M	M40-44	71	5:00:17	0:40:27	0:04:15	2:35:42	0:02:22	1:37:30	AR	
cc86613d-8868-4f6d-8a10-a6d43d917dbd	329	RAFAEL CARDUS	M	M35-39	62	5:00:24	0:30:57	0:04:44	2:44:45	0:02:09	1:37:49	CL	
e3876244-26fb-4f0e-8b41-34887f3c2026	330	CAIO SOUZA	M	M35-39	63	5:00:28	0:41:55	0:04:10	2:21:32	0:02:22	1:50:29	BR	
78cd3712-dccd-4ed6-87b0-b831abf0b586	331	Augusto Giordano	M	M45-49	61	5:00:30	0:39:32	0:05:02	2:32:01	0:01:29	1:42:25	AR	
059eb8d7-aa91-4222-b33f-ca9419a68470	332	Leandro Sama	M	M45-49	62	5:00:31	0:34:31	0:04:44	2:34:41	0:02:48	1:43:47	AR	
5dc26cd7-2af7-48e7-83da-ac77a4cba931	333	Juan Ignacio Campagna Marcio	M	M30-34	39	5:01:02	0:40:46	0:04:25	2:38:25	0:03:26	1:34:00	AR	
1f87d20e-b78e-ee11-8179-000d3a31406e	334	German Baldoma	M	M50-54	33	5:01:05	0:40:39	0:06:49	2:32:07	0:04:52	1:36:38	arg	
c4a02b2e-459f-4e1e-b90d-4eb36cf9fd08	335	Rodrigo Latorre	M	M60-64	4	5:01:07	0:45:56	0:05:07	2:27:40	0:02:40	1:39:44	CL	
7dfbf254-671a-424e-8e4a-e4faf56ae932	336	Isidro Manuel Montilla	M	M45-49	63	5:01:14	0:40:26	0:03:56	2:29:08	0:01:37	1:46:08	AR	
603da224-73ea-4a15-bfb5-36852ce3b5bf	337	Sergio Andres Amigo Toledo	M	M30-34	40	5:01:18	0:44:41	0:06:24	2:21:22	0:03:51	1:45:00	CL	
e023ed91-2db6-ef11-b8e9-000d3a5a1803	338	julian edwards	M	M30-34	41	5:01:19	0:38:39	0:05:20	2:37:57	0:03:35	1:35:48	AR	
ef4d52e7-7ef3-ef11-9342-6045bd018d16	339	martin ariel gonzalez	M	M35-39	64	5:01:23	0:36:50	0:03:19	2:34:39	0:01:55	1:44:40	AR	
295fecd3-12c9-ef11-b8e8-6045bd018d16	340	Nicolás Falero	M	M35-39	65	5:01:29	0:48:38	0:04:17	2:39:19	0:02:16	1:27:00	UY	
0a986fa2-70fb-4628-b4f5-4e097f552409	341	Marcos Bernabe Juni	M	M25-29	26	5:01:29	0:33:21	0:05:23	2:24:35	0:03:13	1:54:56	AR	
c21adfbb-ed31-44a9-b48d-2ab6b6be76c7	342	Marcelo Raices	M	M60-64	5	5:01:33	0:39:33	0:07:32	2:30:33	0:04:19	1:39:37	AR	
63d58957-37d2-4b14-8ccd-55708c66145c	343	Ornella Mandarano	F	F30-34	5	5:01:39	0:38:13	0:04:47	2:37:49	0:03:07	1:37:44	AR	
cbb10e87-8170-452b-8a56-32631cfd28e5	344	Juan Ignacio Degreef	M	M45-49	64	5:01:41	0:32:18	0:05:23	2:35:29	0:01:39	1:46:52	AR	
1640a6a3-71fa-4e91-9627-f3226a01aa61	345	Juliana Bustos	F	F35-39	9	5:01:43	0:35:44	0:04:14	2:29:56	0:01:14	1:50:34	AR	
9f376935-c498-4f79-9f1f-868fd46cfeda	346	Natalia Albornoz	F	F40-44	4	5:02:05	0:41:44	0:05:20	2:36:34	0:02:36	1:35:51	AR	
2053e1c0-69f7-46d4-b3a8-f11b103254e9	347	Martin Barberia	M	M50-54	34	5:02:23	0:36:46	0:04:35	2:27:30	0:04:12	1:49:21	arg	
2b2c939d-3184-4b41-acc5-17a3b744af97	348	Catalina Ingaramo	F	F18-24	1	5:02:41	0:34:58	0:04:52	2:41:04	0:02:37	1:39:09	AR	
901e9d2a-116b-f011-bec2-0022480a7385	349	Walter Guillermo Comotto	M	M50-54	35	5:02:43	0:36:56	0:04:16	2:32:44	0:01:43	1:47:05	ARG	
d73b9018-a764-ef11-bfe3-6045bd0953ac	350	Ezequiel Perez	M	M35-39	66	5:02:44	0:40:59	0:04:13	2:39:08	0:02:14	1:36:11	AR	
7ba31ff5-72fb-ef11-9341-000d3a3126fd	351	Gabriel Martinez	M	M35-39	67	5:03:03	0:42:52	0:03:26	2:29:30	0:01:40	1:45:35	AR	
7615dee6-657e-44e3-ab79-6dd52502e1a5	352	Mauricio BARBAGLIA	M	M40-44	72	5:03:03	0:36:30	0:05:29	2:33:58	0:02:27	1:44:39	AR	
eb5d81ae-ba14-41c8-90b5-297654091740	353	Pablo Gonzalez Masanes	M	M45-49	65	5:03:04	0:38:51	0:04:21	2:36:57	0:01:56	1:40:59	AR	
0d83c98d-87b4-402b-b5b4-4fb71017b913	354	Diego Salazar	M	M35-39	68	5:03:15	0:36:48	0:05:42	2:37:22	0:03:39	1:39:45	AR	
ad4fd57a-44ec-ee11-a204-000d3a314d17	355	Luis Esteban Gonzalez	M	M35-39	69	5:03:15	0:43:58	0:04:18	2:41:23	0:02:46	1:30:50	AR	
b225e039-02f9-435a-8209-8e9edc245934	356	Matias Carnaghi	M	M45-49	66	5:03:37	0:35:22	0:04:49	2:35:47	0:02:35	1:45:04	AR	
e778c37c-89c6-42e5-85ce-bda49ad8e0f0	357	Gustavo Alfredo Calleja	M	M50-54	36	5:03:55	0:39:21	0:05:32	2:34:22	0:03:38	1:41:01	AR	
2bb88479-2249-4ade-a5af-7e1a8fc48d58	358	Dino Dinelli	M	M45-49	67	5:04:02	0:39:45	0:04:53	2:37:32	0:02:44	1:39:08	AR	
1a943a75-37f4-44b4-b089-79b4c73f2221	359	Matías Gonza	M	M35-39	70	5:04:18	0:33:21	0:04:13	2:43:05	0:01:33	1:42:05	AR	
36e1cfea-995e-40a8-ac5a-b9edb1658319	360	Alejandra Dupre	F	F35-39	10	5:04:23	0:38:50	0:03:27	2:39:21	0:02:17	1:40:30	AR	
997d1001-0757-476c-8161-422f9b82885e	361	Mariano Ronco	M	M45-49	68	5:04:24	0:38:16	0:03:27	2:28:50	0:02:00	1:51:51	AR	
2c64ab07-6c88-4bf9-a564-214544b9c6f0	362	Óscar luis Giroto	M	M55-59	13	5:04:32	0:40:57	0:05:01	2:34:25	0:03:44	1:40:25	arg	
2c020d79-3389-4b4e-9400-9b89443cf828	363	María Viviana Briggs	F	F45-49	3	5:04:36	0:37:35	0:04:24	2:33:41	0:01:29	1:47:28	AR	
91989810-4dc6-46e7-a0f4-bebeaeefa172	364	Ricardo Pichi Farina	M	M60-64	6	5:04:41	0:36:00	0:04:45	2:33:57	0:01:39	1:48:20	AR	
ac7f4ad9-1575-ef11-a671-000d3a596351	365	Mercedes Renzi	F	F25-29	2	5:04:41	0:38:12	0:04:55	2:41:32	0:03:13	1:36:49	AR	
5ed214d5-f71b-4df2-874f-b93fcfb754b1	366	Marcelo Conelli	M	M55-59	14	5:04:42	0:36:49	0:04:23	2:42:16	0:02:24	1:38:49	arg	
fb2fc394-1a4f-4a23-841e-df55f4587ee3	367	Ignacio Baratelli	M	M55-59	15	5:04:47	0:42:42	0:05:16	2:25:33	0:02:42	1:48:35	arg	
c61a7270-b79d-4db1-aaa9-57a974249716	368	Ignacio Saborido	M	M25-29	27	5:04:55	0:35:24	0:03:44	2:47:22	0:02:35	1:35:51	ARG	
7853a5af-6361-ef11-bfe3-000d3a30abde	369	Bruno Petracini	M	M40-44	73	5:04:58	0:44:59	0:08:06	2:33:33	0:03:41	1:34:39	AR	
244796ae-a752-ef11-a317-6045bd0953ac	370	Sergio Conde	M	M55-59	16	5:05:02	0:38:30	0:05:49	2:28:33	0:02:15	1:49:54	arg	
198b6104-9e91-4341-896f-ec6a773cad9e	371	Sebastián Perez Galleguillos	M	M35-39	71	5:05:04	0:39:56	0:04:21	2:32:12	0:02:17	1:46:17	CL	
4dca456d-af23-454e-b397-b12894c240c3	372	Ariel Romero	M	M45-49	69	5:05:12	0:36:15	0:03:55	2:37:35	0:01:51	1:45:36	AR	
8ded9f9d-250b-f011-9988-000d3a3173b5	373	Diego Sebastian Benelbaz Barcelo	M	M45-49	70	5:05:17	0:38:22	0:04:16	2:24:10	0:02:59	1:55:31	AR	
0c1437f2-2af7-4f16-82c9-0dae30d79a60	374	Fernanda Nunez	F	F50-54	3	5:05:33	0:35:34	0:04:07	2:36:46	0:02:08	1:46:58	AR	
fce52c6a-c6ce-4e73-a64a-fb6bb2e5aa9d	375	Emanuel Fini	M	M45-49	71	5:05:38	0:38:00	0:04:08	2:34:50	0:02:54	1:45:47	AR	
a24eacb2-1a12-4ff4-8d96-86ba51c97464	376	Sergio Peretti	M	M60-64	7	5:05:50	0:39:07	0:04:44	2:26:21	0:02:12	1:53:27	AR	
2e77e390-d4cc-4b44-bc61-2d7aa0aceb31	377	Cristian Catalan	M	M35-39	72	5:05:56	0:44:29	0:05:20	2:36:35	0:03:33	1:36:00	CL	
2b553db3-aaae-ef11-b8e9-002248049fdc	378	Anahi Diaz	F	F40-44	5	5:05:57	0:39:04	0:04:45	2:39:48	0:03:02	1:39:18	AR	
c0c65baa-c9c2-4e77-b342-7080fab2130a	379	Milena Fercovic	F	F35-39	11	5:05:59	0:33:56	0:03:41	2:35:23	0:01:54	1:51:06	CL	
69ad13a0-f41d-4a2f-a966-7b677bce3adb	380	Agustin Gandolfo	M	M40-44	74	5:06:10	0:37:16	0:04:34	2:39:19	0:02:47	1:42:13	AR	
5ee75ab7-8efe-ef11-bae2-000d3a5b50ba	381	Gonzalo Flores	M	M25-29	28	5:06:14	0:34:38	0:07:03	2:31:05	0:03:24	1:50:05	AR	
c4412c16-a390-4d4d-a192-4e4da2cd1c7b	382	Mariano Perez	M	M35-39	73	5:06:24	0:43:54	0:05:23	2:36:12	0:03:12	1:37:43	AR	
b82910b1-4a16-ef11-9f8a-6045bd012ace	383	Martin Vyhñak	M	M25-29	29	5:06:41	0:44:46	0:04:59	2:27:26	0:03:45	1:45:46	AR	
a768623e-eb90-4d9b-a9b4-4c70ab62d1ba	384	Adrian ANSELMI	M	M45-49	72	5:06:42	0:30:30	0:04:13	2:32:33	0:02:45	1:56:42	AR	
4f98604b-298e-4b07-bd11-7b652cfad174	385	Cesar Gaete	M	M35-39	74	5:06:47	0:42:58	0:05:13	2:41:09	0:02:34	1:34:53	CL	
f17100a9-6003-4a43-9b3c-f31eb35bd055	386	Alejandro Palacios	M	M45-49	73	5:06:49	0:32:00	0:04:41	2:28:20	0:03:47	1:58:00	AR	
5942aec2-dfa4-4836-9952-0dd73a78b93c	387	Julián Caracciolo	M	M35-39	75	5:07:27	0:36:34	0:06:25	2:29:50	0:03:22	1:51:17	AR	
f252f6b6-3dc4-4e9d-9aa1-1b44cf3205bb	388	Alfredo Ariel Toledo	M	M40-44	75	5:07:27	0:36:29	0:05:59	2:41:25	0:03:23	1:40:11	AR	
f63de7ca-5dd2-43ba-8bde-167ea4ac5a92	389	Javier Omar Cortes Zaguirre	M	M45-49	74	5:07:29	0:38:56	0:04:30	2:31:37	0:03:07	1:49:19	AR	
8ef0474a-8422-4bcd-ac90-ed2800efae06	390	Francisco Quiroga	M	M25-29	30	5:07:43	0:35:31	0:04:47	2:41:57	0:01:19	1:44:10	AR	
4c60c0a6-ea5f-ef11-bfe3-000d3a367177	391	Juan Pablo Camara	M	M40-44	76	5:07:49	0:44:08	0:05:05	2:32:40	0:03:41	1:42:16	AR	
d2b90d5f-251a-48b7-b44b-052294d7a979	392	Sergio Tomietto	M	M40-44	77	5:07:59	0:42:09	0:04:01	2:35:31	0:01:24	1:44:54	AR	
b73ec796-f865-4184-ba8c-a2ee296639b4	393	Maximiliano Gonzalez	M	M35-39	76	5:08:02	0:53:35	0:04:16	2:32:08	0:02:21	1:35:41	AR	
2eca0a0e-d89c-4038-8d07-f9b0b5615fcb	394	Miguel Ángel Tortorice Sánchez	M	M50-54	37	5:08:19	0:32:58	0:04:24	2:27:15	0:02:45	2:00:57	AR	
2b88adc1-03e5-4364-9905-02991f4f8f1b	395	Ariel Mutal	M	M45-49	75	5:08:19	0:36:25	0:03:47	2:31:30	0:01:31	1:55:06	IL	
eac2986f-3773-4bad-ae30-893d78f1f809	396	German Schwengber	M	M45-49	76	5:08:32	0:32:31	0:04:20	2:43:01	0:02:01	1:46:41	AR	
f347c2b4-8dfb-ef11-9341-000d3a5ae96c	397	Agustin Atela	M	M35-39	77	5:08:34	0:35:58	0:07:34	2:42:44	0:02:57	1:39:20	AR	
0a6b9bf9-3873-426b-bffb-bdf6dc5021bd	398	Florencia Matelica	F	F25-29	3	5:08:39	0:35:32	0:04:41	2:44:01	0:04:14	1:40:11	AR	
649c5dcc-e9a4-466e-84fe-cb5bbbaa23eb	399	Alberto Pizzarulli	M	M60-64	8	5:08:40	0:37:07	0:04:47	2:37:45	0:01:54	1:47:06	AR	
201755ce-95e3-4b55-a72b-222645bb98da	400	Diego Romero	M	M40-44	78	5:08:43	0:30:22	0:04:19	2:35:49	0:02:35	1:55:37	AR	
834e5b4b-3324-4f3c-85b0-f884c1dddb0c	401	Javiera Hidalgo	M	M35-39	78	5:08:52	0:45:11	0:05:20	2:28:56	0:02:30	1:46:55	chl	
2597f64d-f7ae-ee11-a569-000d3a31406e	402	Federico Reston	M	M30-34	42	5:08:59	0:38:46	0:04:46	2:32:12	0:02:06	1:51:09	AR	
72cba760-ba4a-4749-b655-b4aafcdfdc8b	403	Sebastián Acuña	M	M35-39	79	5:09:01	0:35:43	0:04:28	2:39:45	0:01:44	1:47:22	AR	
e8476e46-f597-47e8-ad38-02316dfd42ce	404	Gabriel Barreiro	M	M45-49	77	5:09:06	0:42:20	0:05:10	2:29:58	0:03:01	1:48:36	AR	
273544c5-62ca-446e-bf2a-fc948f8f5e8d	405	Sebastián Minchan	M	M35-39	80	5:09:16	0:39:14	0:04:50	2:41:32	0:01:45	1:41:55	AR	
c4c99ec8-7388-4ddc-844d-6f52ca52686b	406	Nicolas Marcelo Wilde	M	M25-29	31	5:09:17	0:33:27	0:04:11	2:28:45	0:02:35	2:00:19	arg	
406e34c1-44c4-4977-8ae6-29a3732e67d4	407	Fernando Gadea	M	M45-49	78	5:09:53	0:40:58	0:06:03	2:30:35	0:03:11	1:49:05	PY	
eec9610b-8977-4b34-8d98-7b40d208ba55	408	Nathan Pablo Pincheira Guzman	M	M40-44	79	5:09:55	0:39:55	0:05:19	2:22:46	0:05:14	1:56:41	CL	
9c84d544-9bea-4314-b616-043f61cdbfef	409	Maria Jose Araneda Fuentes	F	F40-44	6	5:10:04	0:38:07	0:05:29	2:34:23	0:02:18	1:49:47	CL	
28b68dec-25b9-4fc3-a297-ccfeb05930b7	410	Carlos Javier Funes	M	M35-39	81	5:10:11	0:42:43	0:03:25	2:33:24	0:01:45	1:48:54	AR	
9d22fcf9-ba1e-ef11-840b-000d3a314c24	411	Julian Romero	M	M25-29	32	5:10:12	0:39:14	0:04:43	2:35:07	0:02:24	1:48:44	AR	
047d3a7c-c4c1-45dc-8899-58f8a25ca43f	412	Mariano Cesar Diaz	M	M40-44	80	5:10:13	0:42:29	0:04:59	2:43:03	0:02:36	1:37:06	arg	
3dbf9ef3-a674-ed11-81ab-000d3a314ae2	413	Alejandro Cesar Gonzalez	M	M50-54	38	5:10:13	0:39:26	0:05:55	2:38:24	0:03:01	1:43:27	arg	
f879595e-5d72-4e5a-9ec2-d0a11276b91f	414	Juan Marco Bianco	M	M50-54	39	5:10:15	0:32:31	0:04:40	2:36:56	0:02:47	1:53:22	AR	
0a960d2c-e837-ef11-8409-6045bd079a13	415	Carolina Gonzalez Martos	F	F30-34	6	5:10:33	0:36:45	0:04:18	2:49:06	0:02:28	1:37:56	AR	
a412feff-3b4f-4280-b18a-da4cccc9793a	416	Maria Ines Villaverde	F	F55-59	1	5:10:39	0:47:11	0:07:40	2:28:30	0:02:24	1:44:54	AR	
2900f9df-00f8-ee11-a1fd-6045bd064839	417	Jose Luis Huenuman	M	M40-44	81	5:11:10	0:44:21	0:05:29	2:33:54	0:03:35	1:43:52	AR	
c3e6bc9c-f89e-487b-a016-8fd571a6bc92	418	Edgardo Mora	M	M45-49	79	5:11:24	0:39:32	0:03:52	2:35:11	0:01:55	1:50:53	arg	
e7afd5ba-0174-4518-9f16-1dc67b040095	419	Fernando Maldonado	M	M45-49	80	5:11:26	0:35:46	0:04:15	2:40:48	0:03:18	1:47:19	arg	
b90d82a9-f552-4ff0-a0ac-960c3981338b	420	Fernando Amez	M	M45-49	81	5:11:34	0:43:02	0:06:40	2:33:12	0:03:13	1:45:26	arg	
154482f0-9373-41d6-9bd6-49e690c04528	421	Matias Bongiorno	M	M40-44	82	5:11:35	0:36:36	0:04:28	2:37:01	0:02:30	1:51:00	AR	
b0600b4b-2ca1-4556-97b5-a40e85cf1c51	422	Nicolas Castro	M	M40-44	83	5:11:56	0:47:54	0:04:44	2:33:47	0:02:03	1:43:28	AR	
50bcfe44-930f-4c99-809c-2e1ecf0f03c5	423	Guadalupe Bacha	F	F18-24	2	5:12:01	0:35:59	0:04:43	2:34:59	0:01:57	1:54:22	AR	
6b5024b5-73bb-4bab-bafa-80ec4544edab	424	Mariana Godoy	F	F45-49	4	5:12:07	0:39:30	0:03:53	2:39:07	0:01:53	1:47:43	AR	
ec6e1a44-12ff-4864-b335-d29df5ae6db1	425	Maria Superville	F	F45-49	5	5:12:11	0:41:08	0:03:39	2:40:25	0:02:31	1:44:29	AR	
59623995-e059-4aad-b73b-97f85fb8bb3b	426	Rodrigo Garcia	M	M50-54	40	5:12:43	0:40:33	0:05:18	2:29:50	0:01:42	1:55:19	UY	
e0bb53c4-5fa0-489f-9d08-6d8aa4659336	427	Gonzalo Saieg	M	M40-44	84	5:12:54	0:35:23	0:04:01	2:45:49	0:01:42	1:45:59	CL	
0da23686-9ea2-4c9c-963c-ebf115ba4f70	428	Damián Marroncelli	M	M50-54	41	5:12:59	0:47:14	0:04:20	2:33:31	0:02:41	1:45:14	AR	
eed56deb-e955-ed11-bba3-000d3a314be4	429	Santiago Barcia	M	M35-39	82	5:13:16	0:38:38	0:03:57	2:31:25	0:03:11	1:56:04	AR	
43342de8-952c-45cb-9389-b3e399a806db	430	aida rubio ortiz	F	F35-39	12	5:13:18	0:42:40	0:05:45	2:42:40	0:02:46	1:39:28	CL	
8793c41a-5428-ef11-840a-000d3a348633	431	Juan Manuel Frette	M	M35-39	83	5:13:19	0:53:50	0:05:10	2:36:55	0:01:55	1:35:31	ARG	
aa4b62c5-3d41-48cf-86ca-740365c316b4	432	Vanessa Lorena Statella	F	F50-54	4	5:13:21	0:40:28	0:05:21	2:38:30	0:02:39	1:46:22	arg	
c7b6d266-dae7-ef11-8ee9-000d3a592251	433	Pablo Leandro Rodriguez	M	M30-34	43	5:13:30	0:42:05	0:04:33	2:40:20	0:02:26	1:44:06	AR	
4e412b35-1dcd-ef11-b8e8-000d3a5a403c	434	Alejandro Nicolas Bianco	M	M35-39	84	5:13:33	0:37:43	0:05:42	2:34:41	0:02:46	1:52:42	AR	
21bd55f2-6a2e-4722-a36e-9daeeb22ad18	435	Bruno Bonaccorsi Fernandino	M	M45-49	82	5:13:35	0:36:18	0:11:25	2:41:17	0:04:44	1:39:51	BR	
ba45ff7b-301c-4cfd-ab3c-a657469aae26	436	Damian Andres Jara Urrutia	M	M30-34	44	5:13:36	0:41:04	0:05:02	2:31:05	0:02:02	1:54:23	CL	
f0d294d6-1735-4496-b392-6dd0a140a9a6	437	Carlos Vyhñak	M	M50-54	42	5:13:40	0:42:02	0:05:28	2:33:31	0:01:43	1:50:54	AR	
94302523-82dc-4909-8200-cdb06292608f	438	Candela Mocciola	F	F45-49	6	5:13:53	0:43:48	0:05:15	2:32:22	0:03:39	1:48:49	AR	
d194cc1b-3118-483c-803d-741fb2d3dbe6	439	Gonzalo Oliver	M	M40-44	85	5:13:55	0:35:19	0:06:01	2:47:37	0:03:44	1:41:14	AR	
fa2e0d45-ece7-445c-9f77-43656c52efe5	440	Juan Jose Richmond	M	M60-64	9	5:13:58	0:38:01	0:06:22	2:41:50	0:03:31	1:44:14	AR	
dd9a9632-9a78-4f7f-bdfc-ce07c1aa5153	441	Cristian Deud	M	M55-59	17	5:14:03	0:39:26	0:05:27	2:37:56	0:02:33	1:48:42	arg	
4e4c9ddb-1e8e-4207-8a5a-7fdce3b99985	442	Virginia Belén Chale	F	F30-34	7	5:14:08	0:38:03	0:03:46	2:43:23	0:01:51	1:47:05	AR	
c0c3c80c-c9d5-4930-860f-cd7be6c3bb9e	443	Paula Rovani	F	F40-44	7	5:14:09	0:40:07	0:07:14	2:46:30	0:03:54	1:36:24	BR	
b5bcc525-f798-4ab5-92ae-243e1978f9bf	444	Mateo Vignau	M	M35-39	85	5:14:20	0:36:35	0:04:53	2:35:15	0:02:26	1:55:11	AR	
6d5a42cd-e531-4621-a26b-8a88454541a9	445	Sebastián Fuentes	M	M40-44	86	5:14:21	0:39:20	0:03:34	2:42:32	0:01:55	1:47:01	AR	
bcb5a9a3-f732-465e-8a71-1f291bca3936	446	Cristian Fernandez	M	M35-39	86	5:14:29	0:35:59	0:03:48	2:42:01	0:02:36	1:50:05	AR	
f6804b78-582e-4f27-aaba-96ed45b3ea83	447	Leonardo Sanchez	M	M35-39	87	5:14:35	0:34:29	0:06:42	2:35:27	0:04:13	1:53:44	AR	
315129a6-4082-44b5-be74-3b53bf2f0885	448	Nicolas Mendez	M	M40-44	87	5:14:42	0:45:06	0:05:43	2:31:38	0:04:50	1:47:25	AR	
d2492829-1d53-4976-bf43-2e5148399c66	449	DANIEL SEVA	M	M55-59	18	5:14:44	0:41:59	0:05:16	2:44:21	0:03:03	1:40:07	AR	
de481ee6-3b0b-4f99-9cea-95c564dc5519	450	Pedro Scordo	M	M65-69	1	5:14:45	0:43:12	0:06:22	2:38:17	0:02:46	1:44:07	AR	
d37d3b4b-fd0a-4973-97ca-bcc2756525c4	451	Ryan Riggs	M	M30-34	45	5:14:49	0:35:50	0:05:42	2:40:00	0:04:34	1:48:44	US	
1d81a649-19fe-ef11-bae2-00224803be64	452	Jeremías Federico Gallardo	M	M35-39	88	5:14:49	0:36:47	0:10:41	2:37:58	0:03:24	1:45:59	AR	
8754adde-5a2d-442d-ba09-2090b8c81e19	453	Luciano Planas	M	M40-44	88	5:15:00	0:36:37	0:05:24	2:38:33	0:04:33	1:49:53	AR	
0f05815e-c6dc-4964-9858-a82f2c496b5c	454	Franco Anca	M	M18-24	7	5:15:05	0:45:22	0:07:32	2:31:26	0:03:03	1:47:42	AR	
d9c414af-cb24-43fc-b0f9-a482b15a88e0	455	Martin Di Paolo	M	M50-54	43	5:15:05	0:41:27	0:04:22	2:34:21	0:02:39	1:52:16	AR	
04d1428d-9430-496f-8d56-4c6457b85156	456	Lorena Rodriguez	F	F40-44	8	5:15:09	0:54:52	0:03:57	2:31:53	0:02:33	1:41:54	AR	
cd73ac77-f900-4608-a80a-5006b63b1856	457	Felipe Junqueira Ayres Boaventura Manso	M	M25-29	33	5:15:12	0:37:44	0:04:50	2:45:58	0:01:45	1:44:56	BR	
45970359-0648-4b8a-9c7d-70fb16c3bd14	458	Virginia Milanesio	F	F30-34	8	5:15:21	0:39:31	0:04:53	2:38:52	0:02:29	1:49:37	AR	
30633b7c-c0fd-ef11-bae2-00224805ddb9	459	Martin Magariños	M	M45-49	83	5:15:28	0:35:19	0:05:14	2:33:23	0:01:14	2:00:18	AR	
4713c419-a051-4034-805a-627162411c7f	460	Diego Heredia	M	M50-54	44	5:15:34	0:37:59	0:05:11	2:46:10	0:01:34	1:44:40	AR	
132016c6-243c-4955-98b5-f8633159a6b0	461	Gisela Zulema Suligoy	F	F50-54	5	5:15:38	0:40:22	0:05:12	2:35:01	0:02:00	1:53:04	PER	
9d0ef9cd-606f-4481-8bfd-9508d501062f	462	Diego Gustavo Quiroga	M	M50-54	45	5:15:38	0:37:12	0:04:39	2:28:12	0:03:06	2:02:29	AR	
bfbad4e2-33b8-429c-93bb-f3e876a09f19	463	Facundo Luna	M	M50-54	46	5:15:49	0:32:52	0:03:45	2:37:54	0:01:47	1:59:32	arg	
ad457668-da94-4ff0-9ec9-80d91e4b5832	464	Veronica Gomez	F	F45-49	7	5:15:51	0:39:37	0:05:30	2:31:01	0:02:30	1:57:12	AR	
d6289cbc-edb3-4d95-976b-3b7d7f187bf2	465	Valentino Eduardo Bossio	M	M40-44	89	5:15:56	0:42:49	0:06:23	2:37:55	0:04:22	1:44:28	AR	
207e5f20-aa9e-427b-b182-cbb4e3077ef5	466	Daniel Verdi Brusati	M	M40-44	90	5:16:29	0:40:57	0:04:43	2:40:10	0:06:39	1:44:00	AR	
d2a56ccb-a2c7-4a6f-90ef-2bbdd3e1c2c3	467	Jordi Constans	M	M45-49	84	5:16:31	0:38:02	0:05:35	2:32:44	0:01:13	1:58:57	CL	
9f57243c-1b55-4a26-a3e8-d817d47f881a	468	Maximiliano Olivo	M	M40-44	91	5:16:36	0:48:54	0:04:04	2:37:51	0:02:35	1:43:12	AR	
e6f1e3d4-e686-ee11-8179-000d3a314329	469	Carolina Villaverde	F	F50-54	6	5:16:43	0:46:11	0:05:37	2:42:23	0:02:13	1:40:20	AR	
0d5db289-a7f3-471d-8567-a5f116b66f88	470	Maria Florencia Vilchez	F	F40-44	9	5:16:55	0:36:00	0:04:55	2:44:46	0:02:49	1:48:26	arg	
9ed14665-56ec-46a7-9032-2604a939337a	471	Santiago Colatruglio	M	M25-29	34	5:17:03	0:35:32	0:06:43	2:36:19	0:03:53	1:54:37	AR	
629bbdbf-c5c4-4946-9bd6-2a70019bfb00	472	Gabriel Martinez	M	M45-49	85	5:17:03	0:37:17	0:05:34	2:40:28	0:02:12	1:51:31	arg	
43d0bc2e-a80f-e511-9401-005056951bf1	473	Pablo Rodíguez	M	M55-59	19	5:17:12	0:43:02	0:05:26	2:27:56	0:04:05	1:56:43	AR	
5cfa29ef-b44e-463f-8c76-7d337dc2a589	474	Eduardo Sack	M	M50-54	47	5:17:15	0:36:14	0:06:34	2:37:15	0:03:53	1:53:18	AR	
f2035d57-0b95-4800-9d32-f8815e3c572b	475	Carlos Iriarte	M	M55-59	20	5:17:18	0:39:38	0:05:22	2:37:35	0:02:28	1:52:14	AR	
8f2e8d85-8ef6-4220-8f88-5cd7619cbd5b	476	Felipe Ferrari Bodelon	M	M50-54	48	5:17:28	0:41:50	0:05:45	2:39:42	0:02:47	1:47:23	CL	
f98070a3-0405-4d11-9004-6a4b88400161	477	Diego Hernan Ocampo	M	M45-49	86	5:17:46	0:37:01	0:05:21	2:39:15	0:02:06	1:54:04	AR	
d017e9a6-0f17-4697-899b-04308b390e47	478	Maria Yarur Terre	F	F50-54	7	5:17:46	0:40:16	0:03:23	2:41:53	0:02:15	1:49:59	CL	
a4cfecd5-295f-4ced-9704-c005d71beaf0	479	Fernando Villamarin	F	M55-59	21	5:17:47	0:35:26	0:05:07	2:38:23	0:03:23	1:55:27	AR	
38bce980-3a5d-4a69-825f-32174669cd84	480	Luiz Bispo	M	M35-39	89	5:17:52	0:41:10	0:07:31	2:34:41	0:02:59	1:51:30	BR	
66d046f0-1c42-4cda-9b85-d57981aa071a	481	esteban romero abate	M	M30-34	46	5:17:52	0:44:26	0:04:32	2:41:42	0:02:09	1:45:03	AR	
881c01ff-e760-46eb-85fc-60d46445b4c3	482	Julio Quassolo	M	M55-59	22	5:17:54	0:40:33	0:05:32	2:42:16	0:03:02	1:46:31	arg	
e4cb3e37-9025-4b25-8ab4-cc6add6bed21	483	Francisco Figueroa	M	M40-44	92	5:17:58	0:38:52	0:07:17	2:29:39	0:04:17	1:57:53	CL	
8558a1c8-4aca-48b8-9503-4c5092874864	484	Martin Ariel Villarroel	M	M40-44	93	5:18:02	0:43:52	0:06:37	2:39:21	0:03:12	1:45:00	AR	
d88d044f-68fb-ef11-9340-6045bd05011a	485	Cesar Cortez Basualdo	M	M40-44	94	5:18:07	0:38:53	0:05:04	2:41:37	0:02:39	1:49:54	AR	
57a0623f-e962-4713-8f9d-6126e4313e5c	486	Gastón Vernaz	M	M45-49	87	5:18:12	0:35:53	0:04:18	2:27:22	0:02:47	2:07:52	AR	
a8f033f0-19ca-449d-8bee-0f965172f35f	487	Magdalena Napoli	F	F30-34	9	5:18:15	0:33:33	0:03:49	2:33:52	0:01:56	2:05:05	AR	
885b805d-992a-4b58-ab75-6af7d7a237d4	488	Luis María Kreff	M	M50-54	49	5:18:30	0:43:35	0:05:20	2:43:53	0:02:30	1:43:12	arg	
9e608fc6-d71f-4da4-abae-b667065f231c	489	Fernando Varas Acuña	M	M45-49	88	5:18:35	0:44:16	0:04:13	2:39:37	0:01:50	1:48:38	CL	
d09ac55d-9ba8-42c0-a66a-efc4359d4c96	490	Pieter Cailliau	M	M40-44	95	5:18:47	0:39:37	0:05:48	2:31:24	0:03:34	1:58:24	GB	
60295aa5-36a6-4e73-b230-3f71da7c8c01	491	Ignacio Stesina	M	M40-44	96	5:18:58	0:35:52	0:06:22	2:36:31	0:02:31	1:57:43	AR	
0253a933-2fb3-4073-aee2-f23844f12cd0	492	Cristian Perez De Castro	M	M50-54	50	5:18:59	0:47:02	0:06:51	2:29:09	0:03:09	1:52:48	CL	
fa00b066-38a5-49b0-a068-a718a0ccaf7f	493	Juan Avila Vasquez	M	M60-64	10	5:19:02	0:39:12	0:05:52	2:35:23	0:03:36	1:54:58	AR	
fd99c7b6-1cd8-ef11-8eea-000d3a5a1803	494	Emanuel Cristofaro	M	M40-44	97	5:19:16	0:36:29	0:05:04	2:43:29	0:03:15	1:51:00	AR	
fa831e5a-7aae-411e-bb1a-7f37b9fc0001	495	Alejandro Ernesto Coto	M	M60-64	11	5:19:18	0:40:44	0:05:07	2:41:18	0:02:35	1:49:35	AR	
b9ca9b3e-e170-4a0f-803f-96e6d165b8c5	496	Guillermo Konecny	M	M55-59	23	5:19:21	0:43:47	0:04:50	2:37:55	0:02:49	1:50:00	arg	
63b16e3f-955d-43d4-b9f7-56593a5c79e3	497	Consuelo Gacitua Ferrada	F	F30-34	10	5:19:25	0:38:19	0:04:20	2:46:35	0:02:03	1:48:08	CL	
9b434f55-eda9-44d8-b8c8-d0f4efdce7db	498	Luis Pierre	M	M50-54	51	5:19:36	0:41:18	0:04:12	2:47:25	0:02:21	1:44:21	AR	
8ea88744-9bb8-4ef6-8b72-88513002c468	499	Hamilton Ruiz	M	M45-49	89	5:19:55	0:43:08	0:06:27	2:34:27	0:04:42	1:51:10	UY	
e60adf02-f3e1-4273-81d5-3f401e5f2ce7	500	Elio Nuñez	M	M40-44	98	5:19:59	0:48:06	0:03:45	2:34:14	0:01:53	1:52:01	AR	
083e1aff-2060-4bdc-97f0-2c3ffa5145d1	501	Carlos María Romano Giuliani	M	M40-44	99	5:20:01	0:43:11	0:05:37	2:38:11	0:02:58	1:50:03	AR	
1cd66111-bc9a-ef11-8a6a-002248049fdc	502	JORGE HERRERA	M	M30-34	47	5:20:03	0:37:38	0:04:54	2:25:42	0:03:40	2:08:10	arg	
cf69f537-b76f-4fea-8f8c-78384030bad0	503	Maximiliano Carlos Muñoz	M	M50-54	52	5:20:04	0:51:35	0:05:09	2:30:12	0:02:29	1:50:38	AR	
fb4c762f-c40e-40c1-8d0a-dd8185a2abe1	504	Agustin Gonzalez Calderon	M	M40-44	100	5:20:05	0:34:17	0:04:21	2:45:00	0:03:54	1:52:32	AR	
ec777052-001d-ef11-840b-6045bd012ace	505	Alejandro Agustin Alvarez	M	M45-49	90	5:20:10	0:41:52	0:05:35	2:35:14	0:03:01	1:54:29	AR	
5de09cb7-95b1-4bd0-96d1-a27fce3cef72	506	Veronica Iuorno	F	F40-44	10	5:20:19	0:46:41	0:05:15	2:41:24	0:02:01	1:44:59	AR	
050c2948-f0c3-4fa0-aae3-9d6e02225c65	507	Jose Tonelli	M	M40-44	101	5:21:00	0:41:40	0:05:36	2:41:28	0:04:35	1:47:40	AR	
cfaf59aa-bcfe-49e2-8d8e-09e854311bef	508	Guillermo tremonti	M	M55-59	24	5:21:04	0:38:26					AR	
1af085b8-97ee-4c77-9737-19688062de76	509	Macarena Martinez	F	F30-34	11	5:21:09	0:43:33	0:04:33	2:43:33	0:02:03	1:47:26	AR	
b751f5a9-bbec-ef11-9342-000d3a5ae96c	510	Agustin Fuertes	M	M18-24	8	5:21:21	0:38:35	0:06:34	2:48:27	0:02:59	1:44:46	AR	
b84849e9-921f-453a-8f1c-b1763e9b4eb9	511	Floreal Pascarelli	M	M50-54	53	5:21:30	0:36:45	0:05:20	2:36:47	0:02:56	1:59:43	arg	
36dd0fc1-a4e5-4b95-ae8e-93c83468e462	512	Gonzalo Riestra Cabral	M	M40-44	102	5:21:36	0:32:31	0:05:30	2:37:34	0:02:48	2:03:13	AR	
2903198b-c730-ef11-8409-6045bd0953ac	513	Federico Villarruel	M	M35-39	90	5:21:36	0:37:09	0:05:30	2:46:13	0:02:25	1:50:19	AR	
10030407-4b1b-4572-b04c-bb703339d355	514	Hugo Pastore	M	M55-59	25	5:21:46	0:42:05	0:05:19	2:41:12	0:02:31	1:50:40	pry	
48b8fb3d-b6f6-ef11-9341-002248049fdc	515	Omar Galiano	M	M35-39	91	5:21:50	0:42:46	0:06:00	2:45:25	0:03:10	1:44:29	AR	
e6f1f5ca-63b0-45a1-9d25-6d82cdab8955	516	Francisco Bertoldi	M	M40-44	103	5:21:50	0:40:24	0:05:31	2:46:39	0:02:03	1:47:13	AR	
d44f2dc4-41aa-4819-9ca8-41d66062d6c2	517	Ascani Alfonsina	F	F45-49	8	5:22:00	0:42:26	0:04:45	2:37:25	0:02:25	1:55:00	AR	
ed2bff71-62b1-4272-b7b4-e15ac7aa8235	518	Francisco Miranda Olguin	M	M65-69	2	5:22:12	0:35:11	0:06:16	2:29:30	0:03:52	2:07:23	CL	
bbead7a3-4950-417c-ada1-096c4725fc29	519	Valentin Blasco	M	M40-44	104	5:22:19	0:35:09	0:04:30	2:45:06	0:02:12	1:55:22	AR	
16759d16-e94f-40f0-ae5b-04b53f174fd3	520	Lucas Gonzalez Ortner	M	M30-34	48	5:22:31	0:48:55	0:05:44	2:34:58	0:03:51	1:49:04	AR	
aef0c9b0-e80d-44ae-858c-5dc40ea9c9bb	521	Juan Carlos Cabeza Amarfil	M	M45-49	91	5:22:45	0:49:00	0:05:20	2:38:56	0:02:29	1:46:59	AR	
ea4ce74b-556d-44d2-bf39-6b3e9c023da6	522	Milba Cuevas	F	F35-39	13	5:23:07	0:41:56	0:05:34	2:47:22	0:03:15	1:45:01	CL	
bf7c45de-7e57-4f5e-ba87-1d53ea9c0dc4	523	gustavo zampolini	M	M45-49	92	5:23:27	0:39:55	0:04:09	2:36:17	0:03:15	1:59:51	AR	
ccf019cd-e2a4-4101-ba8f-be2ed89687a7	524	Ruben Riveros	M	M40-44	105	5:23:30	0:47:10	0:05:26	2:41:30	0:03:30	1:45:53	AR	
a09479b4-5d73-4340-86ba-4b17041f14fe	525	Guillermo Tolosa	M	M40-44	106	5:23:49	0:36:19	0:04:06	2:42:56	0:02:25	1:58:04	AR	
a740c481-5b6a-ef11-bfe3-6045bd0953ac	526	Jorge Peral	M	M40-44	107	5:23:51	0:41:54	0:03:56	2:40:38	0:02:08	1:55:15	AR	
2b1a9403-1bcb-4c9e-9dfb-ede59614ab92	527	Patricia Tapia	F	F40-44	11	5:23:59	0:38:51	0:03:59	2:43:11	0:03:25	1:54:33	CL	
cb52f563-b3fb-4fde-94bd-5c3c439d2657	528	Saul Mosich	M	M35-39	92	5:24:04	0:46:41	0:04:08	2:45:06	0:01:40	1:46:29	AR	
ab6055f2-b185-459d-9afb-8df8495c7c8a	529	Abelardo Diaz	M	M45-49	93	5:24:05	0:46:14	0:05:07	2:48:01	0:02:45	1:41:59	AR	
263b8e23-62a2-463f-b978-fdf788c9f1f1	530	Gimena Wasilewsky	F	F40-44	12	5:24:08	0:39:03	0:05:52	2:35:03	0:05:11	1:58:58	UY	
30f1c225-5027-4e54-a67d-b1df0c6f3787	531	Ignacio Caamaño	M	M45-49	94	5:24:08	0:41:37	0:07:34	2:47:21	0:03:16	1:44:21	AR	
db01c842-56d2-4603-963f-396861daae9b	532	Miguel Pastor	M	M40-44	108	5:24:18	0:47:22	0:08:31	2:38:31	0:04:11	1:45:43	CL	
ebfcdce8-d254-4914-9738-9e1725a7c9f0	533	Livia Negri	F	F50-54	8	5:24:26	0:45:34	0:03:41	2:40:59	0:02:17	1:51:55	arg	
62518594-4b35-43ec-a69c-36afbc2df8f5	534	Carlos Nicolás Infante López	M	M50-54	54	5:24:26	0:41:25	0:06:05	2:43:26	0:02:53	1:50:38	arg	
5acaa170-aba5-4f36-85db-2e7391f4e6cf	535	Luis Vie	M	M45-49	95	5:24:29	0:37:50	0:04:14	2:41:47	0:03:26	1:57:11	AR	
b253ad22-2ef7-480c-aa65-1cc43ece715d	536	Patricia Lambert	F	F50-54	9	5:24:41	0:39:48	0:05:41	2:41:11	0:02:26	1:55:35	AR	
9debfbed-0790-ed11-aad0-000d3a314c24	537	JUAN JARA	M	M50-54	55	5:24:50	0:42:07	0:04:45	2:38:30	0:02:13	1:57:15	CL	
bbc8864c-3dbb-4401-b21e-7a37b20052b2	538	Jessica Gomez	F	F30-34	12	5:24:50	0:47:11	0:04:21	2:47:44	0:01:37	1:43:57	AR	
111253a0-f749-466f-a7f9-fd2e663737b2	539	Fabian Beltran	M	M60-64	12	5:24:51	0:40:41	0:04:48	3:01:33	0:03:38	1:34:11	AR	
6727123f-4791-4c78-91c5-ac8a343f0f9a	540	Milagros Boveri	F	F45-49	9	5:24:55	0:46:01	0:05:28	2:45:24	0:02:20	1:45:43	AR	
59b575c2-f2b6-4b83-8247-ce42743907f3	541	Marcelo Eduardo Ruiz Jiménez	M	M50-54	56	5:24:59	0:38:32	0:04:55	2:37:14	0:04:18	2:00:00	CL	
6c232413-19be-46e1-be58-d763d4fa05fb	542	Lucas Roger	M	M45-49	96	5:25:10	0:34:35	0:05:55	2:31:41	0:04:24	2:08:35	AR	
35738d82-13e8-469c-a901-02eb4f8572f5	543	Ana Ines Sanchez	F	F40-44	13	5:25:10	0:40:05	0:05:43	2:42:55	0:01:50	1:54:36	AR	
5b275acc-4fbb-ef11-b8e8-000d3a5a403c	544	Jésica Conde	F	F35-39	14	5:25:11	0:34:43	0:04:35	2:53:26	0:03:28	1:49:00	AR	
8497523b-a052-4225-81d6-7866a0787ee3	545	Mario Mariscotti cejas	M	M30-34	49	5:25:31	0:39:52	0:06:30	2:39:31	0:03:40	1:55:57	AR	
98f442e5-e5fa-48f6-83f0-e9832f13e209	546	Noelia Barrios	F	F40-44	14	5:25:40	0:42:15	0:06:28	2:46:11	0:03:06	1:47:40	AR	
752f55c2-51e4-46a1-8cf5-e23d7cc7d221	547	Laura Echegaray	F	F40-44	15	5:26:04	0:49:23	0:04:04	2:45:49	0:01:51	1:44:57	AR	
5c090c41-598e-470d-84ed-205be8b201c4	548	Mariano Laure	M	M50-54	57	5:26:07	0:41:31	0:07:14	2:35:35	0:03:23	1:58:25	AR	
46b89c92-9e13-ef11-9f8a-000d3a314c24	549	Rodrigo Russell	M	M35-39	93	5:26:17	0:44:06	0:05:02	2:50:39	0:04:20	1:42:10	CL	
0ad8f65f-7db7-4aac-a7ee-630644c25b41	550	Raul Gonzalez	M	M50-54	58	5:26:30	0:36:00	0:07:19	2:39:34	0:02:48	2:00:48	AR	
9da4fb9f-0007-4016-9f9b-0d124ee21e4b	551	Pedro Portalupi	M	M30-34	50	5:26:33	0:35:12	0:07:03	2:49:56	0:04:41	1:49:42	AR	
0d33feb0-1001-4020-829c-94fda0df864b	552	Stefanie Iturrioz	F	F40-44	16	5:26:44	0:43:24	0:03:52	2:45:15	0:02:33	1:51:41	AR	
500372b1-6af8-4925-b6d6-2801446ad94e	553	Gustavo Ortiz	M	M40-44	109	5:26:49	0:36:59	0:05:06	2:49:46	0:02:27	1:52:31	AR	
d51a98d4-7c5e-4f3a-bc1a-b244c1f462de	554	Diego Piliavsky	M	M40-44	110	5:27:18	0:35:29	0:07:17	2:44:47	0:05:10	1:54:35	AR	
82b1bc3d-2fc9-ef11-b8e8-6045bd088264	555	Jorge Fabian Ruiz	M	M55-59	26	5:27:21	0:43:50	0:06:23	2:49:07	0:02:49	1:45:11	AR	
4d3ff8e7-34fe-4ba5-9d6e-2df6c5b86991	556	Tomas Camacho	M	M60-64	13	5:27:21	0:40:34	0:04:19	2:41:03	0:02:35	1:58:51	AR	
821c5007-2d1d-4458-8cc8-773b2e7ce546	557	Sebastian Manuel Espinoza Bravo	M	M40-44	111	5:27:36	0:45:13	0:06:11	2:34:07	0:02:45	1:59:20	CL	
1939057f-dd8a-4803-a3a0-083a7d634703	558	Lucas Lopez	M	M35-39	94	5:27:44	0:42:07	0:04:36	2:38:58	0:02:09	1:59:53	AR	
40eef077-f542-4115-8220-e4e50a7ba611	559	Martin Häntzschel	M	M40-44	112	5:27:51	0:41:04	0:07:14	2:47:13	0:02:32	1:49:49	AR	
a71ffceb-5476-484b-b185-282c56d49e95	560	Walter Antonio Jure	M	M50-54	59	5:27:53	0:34:22	0:05:18	2:46:14	0:03:09	1:58:51	AR	
6d5181c4-bea8-4d33-9e1c-b1e2d2b1d15d	561	Pablo Julian Vila	M	M45-49	97	5:28:01	0:51:43	0:07:39	2:41:19	0:04:01	1:43:19	AR	
de3a6deb-0fa7-46df-a3c9-261b393734cd	562	Cristian Jorge	M	M50-54	60	5:28:05	0:41:42	0:08:02	2:42:29	0:04:20	1:51:33	AR	
59ff4255-1d12-4b26-98ed-4ec7300e74dc	563	Pablo Rodriguez	M	M50-54	61	5:28:15	0:31:08	0:03:56	2:17:21	0:02:36	2:33:14	AR	
707dba0a-36a7-4548-bae5-75d504dca31a	564	Daniel Verdier	M	M35-39	95	5:28:24	0:43:56	0:05:02	2:46:28	0:02:42	1:50:16	AR	
4c41fc89-80ca-4ec2-98b0-99b940f52674	565	Rafael Garcia	M	M45-49	98	5:28:37	0:40:26	0:06:25	2:33:34	0:03:34	2:04:37	AR	
469e1af3-b5a7-47a0-b717-6bacd3abfed2	566	Miguel Angel Siufi	M	M35-39	96	5:29:00	0:45:44	0:10:02	2:40:01	0:02:44	1:50:29	AR	
c2184773-9631-440e-a12e-c26526ac8e29	567	Juan Manuel Herlein	M	M50-54	62	5:29:07	0:37:04	0:05:29	2:49:57	0:02:25	1:54:12	AR	
90c749d6-b11e-476b-9e68-8f7104723f29	568	Francisco Gonzalez	M	M50-54	63	5:29:08	0:40:06	0:05:14	2:52:08	0:03:20	1:48:21	UY	
6c300bc0-89e0-49c1-84ca-c48eb68d93d4	569	Mario Roncaglia	M	M50-54	64	5:29:15	0:44:25	0:05:36	3:00:39	0:02:58	1:35:37	AR	
00f5903f-3299-4327-8aba-889ddba9a6cd	570	Juan Manuel Rosello	M	M45-49	99	5:29:21	0:45:05	0:04:25	2:49:33	0:02:50	1:47:28	arg	
79a9ebec-97d2-ef11-8ee9-6045bd088264	571	Nicolas Vazquez	M	M40-44	113	5:29:29	0:34:58	0:07:19	2:49:55	0:03:15	1:54:02	AR	
cc18d350-fa31-4cc5-888b-2987c8a5f4db	572	Fernando Diaz	M	M35-39	97	5:29:39	0:37:29	0:05:29	2:32:54	0:02:49	2:10:59	AR	
ebbace53-c840-44e6-9d97-bd89a2c5d424	573	Sebastian Virgili	M	M35-39	98	5:30:06	0:37:17	0:07:20	2:41:39	0:02:16	2:01:34	AR	
3aad9274-02e2-4ab6-9b61-95fa204ede5a	574	Paula Blaquier	F	F55-59	2	5:30:08	0:42:22	0:06:00	2:40:18	0:02:51	1:58:37	AR	
53a81da8-47c4-4ba8-bd3b-e3f007d0d231	575	Pablo Aros Alcaino	M	M40-44	114	5:30:17	0:46:09	0:04:08	2:38:03	0:03:03	1:58:54	CL	
2e8d5caf-b45a-45ec-a312-3f953612d21a	576	Nicolas Medina	M	M40-44	115	5:30:37	0:31:14	0:04:31	2:40:27	0:03:10	2:11:15	AR	
4e55b46e-6864-ef11-bfe3-6045bd0953ac	577	Axel Leon	M	M35-39	99	5:30:41	0:56:16	0:06:30	2:35:30	0:02:10	1:50:15	AR	
a6fe1588-02c1-4fff-b3e3-e35fc2902811	578	Luis Manuel Cabana	M	M40-44	116	5:30:42	0:48:32		2:39:24	0:02:48	1:59:59	AR	
e9812dbc-d114-ef11-9f89-000d3a59e106	579	Lucas Matias Maglio Lopez	M	M30-34	51	5:30:42	0:36:56	0:07:32	2:41:26	0:02:47	2:02:00	AR	
28d7c408-b473-40bc-ad6c-eca01a855ae9	580	Esteban Lucero	M	M40-44	117	5:30:43	0:32:42	0:04:47	2:39:46	0:04:18	2:09:09	AR	
84052361-05d1-43f9-8101-05ca6e26eef8	581	Gustavo Paz	M	M50-54	65	5:30:55	0:44:20	0:07:59	2:45:04	0:04:44	1:48:47	AR	
e254d033-6f95-ee11-be37-000d3a314329	582	Ruben Dario Ledesma Ovelar	M	M30-34	52	5:31:02	0:47:06	0:05:05	2:35:50	0:02:12	2:00:50	pry	
d5f02649-f1fa-ef11-9341-002248049fdc	583	Elias Villegas	M	M45-49	100	5:31:08	0:50:25	0:05:15	2:42:26	0:03:36	1:49:25	AR	
0b5d8a00-9699-45cc-96a5-784782cc78b7	584	Juan Durand Bustos	M	M45-49	101	5:31:19	0:57:25	0:04:55	2:37:19	0:04:35	1:47:05	AR	
38c44a55-67bb-4685-b47a-ba25c7b4d626	585	Marcela Torrejón	F	F45-49	10	5:31:23	0:32:22	0:05:39	2:44:53	0:02:23	2:06:07	CL	
bd14b946-98fb-ef11-9341-000d3a5a1803	586	Paolo Pizzolatto	M	M35-39	100	5:31:27	0:46:44	0:06:20	2:51:47	0:03:38	1:42:58	AR	
043d8076-03fb-4585-9e38-1305c4164b40	587	Laura Barrena	F	F50-54	10	5:31:31	0:38:43	0:04:28	2:51:21	0:03:09	1:53:50	AR	
6ef460db-5417-4fee-a934-6b0a24c2b3b2	588	Walter Ledesma	M	M40-44	118	5:31:33	0:44:43	0:06:08	2:59:37	0:03:04	1:38:01	AR	
1e0a6c59-6e27-4cd1-9072-3035e3a25a78	589	Jeremias Orlando	M	M35-39	101	5:31:41	0:37:36	0:04:49	2:50:30	0:02:46	1:56:00	AR	
43b81e26-4281-443a-a961-f274c213b30e	590	Andrea Espinoza	F	F40-44	17	5:31:42	0:44:00	0:05:34	2:38:00	0:03:27	2:00:41	CL	
bc054195-4d0e-f011-9988-6045bd05f634	591	Federico Ramón Simon	M	M45-49	102	5:32:05	0:39:18	0:07:27	2:47:29	0:03:21	1:54:30	AR	
5f914c6d-9398-426f-a303-a0dbc8970891	592	Martin Gonzalez	M	M45-49	103	5:32:14	0:43:15	0:04:19	2:42:16	0:02:13	2:00:12	AR	
a3353114-922d-4054-a005-8019e1a24d99	593	Diego Freedman	M	M55-59	27	5:32:18	0:40:45	0:05:59	2:45:31	0:04:30	1:55:33	AR	
65802a3e-69f9-430e-b394-82c6c3d98599	594	Leandro Musri	M	M50-54	66	5:32:20	0:46:26	0:03:54	2:50:07	0:03:15	1:48:37	arg	
7d932032-18ff-4b21-baf0-89e60b4cb87c	595	Maria Amalia Vega	F	F60-64	1	5:32:48	0:40:55	0:05:03	2:43:45	0:03:25	1:59:41	AR	
99af5f7d-d376-ef11-a670-000d3a3abe22	596	Tomas Gandur	M	M25-29	35	5:32:55	0:43:26	0:06:38	2:45:51	0:03:00	1:54:01	AR	
50bcde3d-1c7c-455a-a32f-bda0282b0d58	597	Aldo Daniel Ledesma	M	M40-44	119	5:33:03	0:53:31	0:04:37	2:37:24	0:02:25	1:55:05	AR	
bac47224-1e68-ec11-8f8f-002248041ddd	598	Rolando Perez Dobon	M	M60-64	14	5:33:06	0:37:49	0:04:53	2:48:27	0:04:44	1:57:13	AR	
94ffa447-45e5-4f86-b48a-7f2213ff263f	599	Esteban Repetto	M	M55-59	28	5:33:38	0:36:55	0:08:28	2:42:38	0:06:04	1:59:33	arg	
c9d5a712-13ed-47a3-aba5-1f610432fa8c	600	Ivana Rivero	F	F45-49	11	5:33:51	0:42:33	0:04:44	2:42:09	0:05:03	1:59:22	AR	
236a26b6-6c15-4972-86f9-dd277117984b	601	Ivan Santillan	M	M55-59	29	5:34:01	0:49:58	0:05:14	2:28:07	0:02:35	2:08:08	AR	
266c2099-378e-4ad5-a7ce-1fdbc9e41732	602	CARMEN EMILIA VASQUEZ DELGADO	F	F35-39	15	5:34:18	0:47:58	0:05:11	2:42:50	0:03:27	1:54:52	AR	
274b587d-ec77-4728-abdf-65a451af99d8	603	Gustavo Sillero	M	M55-59	30	5:34:23	0:44:20	0:05:15	2:56:01	0:01:47	1:46:59	AR	
425d2828-1b16-ef11-9f8a-000d3a314c24	604	Emilce Grosso	F	F35-39	16	5:34:24	0:46:10	0:05:20	2:53:48	0:02:58	1:46:08	AR	
36117a3b-09b7-ef11-b8e8-000d3a5a403c	605	Bruno Isidoro Montanucci	M	M40-44	120	5:34:25	0:50:40	0:08:06	2:46:50	0:03:24	1:45:25	arg	
139ac8d8-55ce-4311-80ec-f2697a63d539	606	Rodry Guerrero	M	M45-49	104	5:34:27	0:38:06	0:04:28	2:51:14	0:03:34	1:57:05	AR	
1b275bce-4be8-4b5a-a426-8188928d2e6a	607	Gaston Nieto	M	M45-49	105	5:34:39	0:44:57	0:06:30	2:33:24	0:03:37	2:06:10	AR	
bf1751cc-36be-ef11-b8e9-000d3a30152c	608	Damian Cecive	M	M40-44	121	5:34:47	0:49:57	0:06:48	2:52:21	0:02:43	1:42:59	AR	
4365c099-e54b-40ff-b5df-526db9280f55	609	Javier Falero	M	M60-64	15	5:34:52	0:44:15	0:04:25	2:40:20	0:03:36	2:02:16	UY	
9518922f-5828-ed11-9db1-0022480a398b	610	Dayana Castillo	F	F40-44	18	5:34:56	0:39:47	0:04:36	2:40:17	0:02:02	2:08:15	CL	
08b13f20-40c2-ef11-b8e9-002248049fdc	611	Nano Pascuet	M	M30-34	53	5:34:57	0:41:04	0:05:15	2:40:14	0:02:49	2:05:36	AR	
f251f7a4-fd41-f011-b4cb-6045bd09951e	612	Gonzalo Dasso	M	M40-44	122	5:35:06	0:41:45	0:04:20	2:46:26	0:03:51	1:58:44	AR	
1ee70321-3db7-4c22-bb68-2c2330d0338e	613	Jose Vignoli	M	M45-49	106	5:35:13	0:42:58	0:05:50	2:50:46	0:03:24	1:52:14	AR	
5db97b7a-4589-4ef2-ab3b-d204c411a6fe	614	Fernando Casero	M	M55-59	31	5:35:18	0:37:09	0:07:40	2:43:15	0:03:33	2:03:41	AR	
2d8b95b4-ba75-4633-8aa7-5a0f1d1f6483	615	Diego Escudero	M	M45-49	107	5:35:35	0:39:26	0:06:00	2:41:52	0:03:17	2:05:00	AR	
af653083-0897-4e93-9dd9-5893118f0382	616	Martin Nicolas Coloccini	M	M40-44	123	5:35:37	0:39:30	0:05:19	2:56:00	0:02:41	1:52:07	AR	
18db943b-14ab-ee11-be37-000d3a314ae2	617	Jaime Gonzalez Bustos	M	M55-59	32	5:35:51	0:45:16	0:04:41	2:43:56	0:02:38	1:59:19	CL	
1513bc8a-4088-4088-8c2e-d522450b844e	618	Antonela Patti	F	F35-39	17	5:35:53	0:42:15	0:04:38	2:38:56	0:01:47	2:08:17	AR	
52d490d1-5d12-ed11-b83d-0022480845c8	619	martinbrindesi Brindesi	M	M45-49	108	5:35:55	0:44:03	0:06:12	2:50:22	0:03:54	1:51:24	AR	
1abf28db-8b1a-4666-9f5f-ddd0df792f88	620	Silvia Araya	F	F45-49	12	5:35:58	0:35:55	0:06:37	2:57:57	0:02:23	1:53:06	CR	
5ecf753e-bb08-4aab-b756-0976812934c3	621	Mariano Javier Richetta	M	M50-54	67	5:36:06	0:31:50	0:04:23	2:46:11	0:02:37	2:11:05	AR	
594eb129-146b-4e0e-829c-f6739e0557c8	622	Leandro Garcia	M	M40-44	124	5:36:30	0:38:30	0:05:08	2:45:48	0:02:21	2:04:43	AR	
16ac42a0-1a24-ef11-840a-0022480bf80c	623	Silvana Rappazzo	F	F35-39	18	5:36:31	0:33:05	0:04:40	2:49:02	0:03:46	2:05:58	AR	
40c162d8-6394-429a-951e-49a5978f97d1	624	Gabriela Cosentino	F	F55-59	3	5:36:46	0:46:19	0:06:18	2:48:39	0:03:16	1:52:14	AR	
26a4d41c-be52-4cbf-969c-186ce33470bf	625	Gustavo Rojo	M	M35-39	102	5:36:52	0:36:22	0:05:45	2:49:10	0:05:12	2:00:22	AR	
2e72c4e5-e19d-4b50-8845-b92598730814	626	Juan gonzalez pita	M	M45-49	109	5:36:57	0:42:26	0:07:44	2:51:01	0:02:28	1:53:18	arg	
b42cc1c1-3bdc-4792-b10c-2c9b46f708c7	627	Pablo andres Alcala	M	M40-44	125	5:36:58	0:48:19	0:04:54	2:34:17	0:03:21	2:06:07	AR	
32415f5c-2179-4bbd-8d77-dc7e1bb2e24b	628	Geisa Frey	F	F45-49	13	5:37:01	0:48:48	0:06:58	2:43:32	0:03:14	1:54:30	BR	
d15196e9-37ba-ef11-b8e9-002248049fdc	629	Paulino Peña	M	M35-39	103	5:37:08	0:51:49	0:07:40	2:52:45	0:03:06	1:41:47	UY	
9a5664b8-fc91-4b2c-b5b2-726ef64027b3	630	Ana María Muena	F	F35-39	19	5:37:19	0:52:10	0:03:52	2:53:16	0:02:00	1:46:01	CL	
3730b3e6-11d6-42b8-a25a-07a55a048c69	631	Gunther Kyling Zuaznabar	M	M45-49	110	5:37:22	0:43:01	0:06:29	2:38:34	0:03:25	2:05:53	CL	
d2fdd790-aade-ef11-8ee9-000d3a592251	632	Mateo Maldonado	M	M18-24	9	5:37:28	0:34:14	0:04:52	2:35:53	0:01:38	2:20:52	AR	
2fa1dee1-6483-4778-bd60-2317ac66f36d	633	Martin Ariel Merlo	M	M50-54	68	5:37:30	0:49:17	0:04:08	2:46:00	0:03:31	1:54:33	AR	
2abf999b-4ea6-4817-b036-cc36ff9ecaee	634	Lara Lovero	F	F35-39	20	5:37:33	0:41:24	0:05:15	2:52:20	0:04:57	1:53:37	AR	
fb49dfe7-7e85-4534-9631-15ebdb5b2f3a	635	Ayelen Ferrazzi	F	F35-39	21	5:37:34	0:40:41	0:04:33	2:47:02	0:03:03	2:02:16	AR	
f0189b6e-2600-f011-bae2-6045bd05fcc1	636	Carlos Gustavo Astudillo	M	M40-44	126	5:37:40	1:00:40	0:04:53	2:29:20	0:03:01	1:59:45	AR	
960714be-d604-4507-b314-b3eb8bc5fb23	637	Andrea Leonetti	F	F40-44	19	5:37:40	0:43:50	0:06:05	2:52:27	0:02:32	1:52:46	AR	
dfaf8e47-44f2-ef11-9342-6045bd018d16	638	Mauricio Rowlands	M	M45-49	111	5:37:55	0:47:55	0:06:54	2:49:12	0:03:53	1:50:02	AR	
31fdf4ee-ff89-4a58-addb-ed5b8f55d5a9	639	William Wilton	M	M55-59	33	5:38:03	0:43:17	0:06:19	2:49:06	0:03:24	1:55:57	CL	
25ed0ea7-2485-4b13-8c42-3bad30ca19e2	640	Federico Farruggia	M	M45-49	112	5:38:06	0:39:06	0:04:52	2:47:00	0:02:12	2:04:56	AR	
50a50c7f-160f-4c8a-89a4-63a7d098cd20	641	Osvaldo Real	M	M55-59	34	5:38:11	0:34:27	0:04:25	2:44:33	0:03:12	2:11:35	arg	
33fa5336-8ff6-4ec5-bd3e-67e9fe109bcf	642	Mariana Quaglia	F	F40-44	20	5:38:27	0:41:52	0:06:21	2:51:55	0:03:16	1:55:03	arg	
cd95e939-60c4-43cb-be28-decef389c619	643	Bruno Massote Rohlfs	M	M25-29	36	5:38:30	0:39:56	0:05:02	2:42:08	0:03:13	2:08:11	BR	
0b6066ac-f196-49f4-80e7-b33ac17254b7	644	Anahi Silvia Maria Palmero	F	F40-44	21	5:38:33	0:46:05	0:05:25	2:56:22	0:02:15	1:48:26	AR	
9fe8ff74-4818-4921-ba40-80a68646cb62	645	Federico Dellamaggiore	M	M50-54	69	5:38:38	0:38:11	0:05:17	2:38:57	0:02:48	2:13:26	AR	
2083cd91-582f-4ccc-bb25-3341d8159e56	646	Victoria Roman	F	F30-34	13	5:38:39	0:41:10	0:05:17	2:48:57	0:03:56	1:59:20	AR	
9235dc09-ae4d-44f8-961f-611afe758b92	647	Diego Raimondi	M	M45-49	113	5:38:42	0:43:08	0:06:48	2:51:22	0:04:53	1:52:31	AR	
cabc176a-71c7-ef11-b8e8-000d3a5a403c	648	Juan Francisco Laciar Coll	M	M25-29	37	5:38:46	0:39:02	0:05:40	2:57:26	0:04:59	1:51:39	AR	
c4006e7a-aec7-ef11-b8e8-000d3a5ae96c	649	Diego Fernandez	M	M40-44	127	5:38:52	0:44:40	0:05:52	2:50:31	0:02:17	1:55:33	AR	
7e37293c-f3bf-41dd-81e3-a1641b5d3d1a	650	Marcelo Gustavo Bottiroli	M	M45-49	114	5:38:54	0:39:43	0:06:49	2:43:47	0:03:48	2:04:47	AR	
5f74d38f-6303-4259-939b-f0894ae8dbb1	651	Sebastián Cerpa	M	M35-39	104	5:39:07	0:57:36	0:04:14	2:42:29	0:01:38	1:53:11	CL	
87d24549-1684-4202-816a-2a61e8098f97	652	Fabian Novoa	M	M55-59	35	5:39:10	0:46:59	0:05:53	2:40:43	0:04:01	2:01:33	AR	
eeee870d-6c5a-4cfa-9a04-b94e65c2c47b	653	Lucila Galoto	F	F40-44	22	5:39:13	0:41:17	0:04:39	2:55:41	0:03:01	1:54:35	AR	
8b18602c-344c-4e8f-9aba-c270e5a97579	654	Veronica Delbene	F	F50-54	11	5:39:21	0:42:16	0:06:40	2:47:29	0:02:38	2:00:18	AR	
9aa7a1b6-391e-4663-ae51-e3aa72315936	655	Brenda Daniela Lubrina	F	F25-29	4	5:39:23	0:30:29	0:05:05	3:02:00	0:02:29	1:59:19	AR	
eb67ea78-15d7-4b2a-aabc-7dc635499486	656	Fernando Galano	M	M40-44	128	5:39:23	0:41:32	0:06:07	3:01:40	0:03:52	1:46:12	AR	
3ab9e0c6-e869-4deb-8c8b-fc37aed091b9	657	Mariano Pereda	M	M50-54	70	5:39:35	0:35:30	0:08:43	2:47:48	0:04:22	2:03:11	AR	
dcc78005-9206-438c-8d55-3f6f8bafd197	658	Tamara Viale	F	F35-39	22	5:39:39	0:43:04	0:04:38	2:49:42	0:03:17	1:58:59	AR	
772f2b44-0e59-4250-b6ca-258bfeee4b1f	659	Natalia Caffaro	F	F55-59	4	5:39:42	0:45:10	0:05:29	2:47:26	0:05:30	1:56:08	AR	
3310dc44-0848-4fb3-b0f8-24984da25c01	660	Rodrigo Carrasco	M	M50-54	71	5:39:47	0:39:37	0:07:02	2:40:48	0:04:07	2:08:13	ury	
d153f503-3141-42fc-a467-dc7f5433a3c8	661	Erica Palomeque	F	F35-39	23	5:39:50	0:44:56	0:04:27	3:01:39	0:02:21	1:46:27	AR	
b1847e22-e4c9-ef11-b8e8-6045bd018d16	662	ANVAR VALIEV	M	M25-29	38	5:39:56	0:42:43	0:05:19	2:48:46	0:04:50	1:58:18	AR	
d1e52d04-ec0a-4983-8ba3-56fada116f94	663	Martin Roitman	M	M50-54	72	5:40:08	0:43:10	0:06:30	2:38:44	0:05:32	2:06:13	AR	
2fd22f9b-d209-44a8-bc9f-3a5bb5b4887b	664	Sebastian Blanco	M	M50-54	73	5:40:16	0:50:14	0:07:16	2:44:57	0:05:58	1:51:51	AR	
e4f7d46d-d8b7-ef11-b8e8-000d3a5a403c	665	Emmanuel Nievas	M	M30-34	54	5:40:42	0:44:20	0:04:01	2:47:56	0:02:51	2:01:34	AR	
32e05e93-232d-4dcd-9589-b60c63249b59	666	Miguel Angel Gimenez	M	M40-44	129	5:41:08	1:02:08	0:04:31	2:35:59	0:03:13	1:55:17	AR	
b42baf8e-cae3-ef11-8eea-000d3a5a1803	667	Ignacio Colombres	M	M25-29	39	5:41:15	0:43:31	0:07:03	2:57:40	0:03:11	1:49:50	AR	
f4917d41-368e-4081-bcd9-201bffce4a75	668	Martin Vogel	M	M40-44	130	5:41:31	0:44:11	0:09:41	2:47:24	0:05:45	1:54:31	AR	
82041b35-27cc-ef11-b8e8-000d3a5a403c	669	Agustín Pascuet	M	M30-34	55	5:41:33	0:40:59	0:05:17	2:48:29	0:03:44	2:03:05	AR	
611619cc-be9b-440f-b580-72f58333999a	670	Claudia Paez	F	F60-64	2	5:41:33	0:47:27	0:06:48	2:48:50	0:03:37	1:54:51	AR	
7f705cca-fc03-f011-bae2-000d3a5cf7d8	671	Fabiola Lucía Follin	F	F35-39	24	5:41:36	0:39:36	0:05:15	2:49:32	0:01:56	2:05:17	AR	
7799656e-0477-4efa-adf3-7f3ec022148b	672	Fernando cesar paez	M	M40-44	131	5:41:37	0:54:26	0:03:22	2:44:34	0:01:26	1:57:50	arg	
d7ec77fd-d9de-4f38-afb2-65e0c65d4088	673	Guillermo Steyer	M	M65-69	3	5:41:41	0:45:43	0:04:55	2:42:34	0:03:12	2:05:18	AR	
c05d8220-12d9-4d9c-b436-79d79f95292a	674	Humberto Vargas	M	M55-59	36	5:41:52	0:49:48	0:05:37	2:45:23	0:03:14	1:57:50	AR	
0c16737f-bf3e-496a-b2b6-c5527fcd6fa9	675	Alejandra Medrano	F	F50-54	12	5:42:32	0:40:12	0:06:16	2:50:29	0:04:41	2:00:54	AR	
d0bbdbf2-6b9b-45df-87c5-e67d03545872	676	María Soledad Carbonari	F	F45-49	14	5:42:34	0:37:57	0:07:22	2:49:00	0:02:37	2:05:38	AR	
452a14a2-20ce-4c1f-b7af-69b195489f6e	677	Natalia Soledad FERNANDEZ	F	F45-49	15	5:42:38	0:41:56	0:06:52	2:44:15	0:03:39	2:05:57	AR	
94188e5b-73c4-415b-909e-af90fb618a67	678	Federico Garcia Masucci	M	M35-39	105	5:42:39	0:42:14	0:07:24	2:57:42	0:04:39	1:50:39	arg	
fc85afd2-487b-4695-a2ba-960abd3ad002	679	Roberto Formoso Ríos	M	M45-49	115	5:42:49	0:47:50	0:07:01	2:54:21	0:05:02	1:48:35	ury	
62cb5004-0f50-49b5-96da-d775a08c5359	680	SANTIAGO GARCIA GNECCO	M	M35-39	106	5:42:53	0:43:32	0:05:17	2:52:29	0:02:35	1:59:01	AR	
68cd392d-87f8-4a6f-80e7-834cbc681316	681	Maria Mercedes Noval	F	F45-49	16	5:43:01	0:44:59	0:05:48	2:50:45	0:04:07	1:57:22	AR	
70df1150-678d-4dde-9a32-bd320c488a98	682	Pablo Agustin Escontrela	M	M35-39	107	5:43:04	0:46:12	0:05:28	2:47:06	0:02:06	2:02:11	AR	
1a84a707-b8ff-ed11-8f6e-000d3a314d17	683	Patricio Rial	M	M40-44	132	5:43:15	0:34:53	0:07:42	2:51:42	0:03:22	2:05:36	AR	
1733532c-9909-46a7-8d3d-2e864152d5e0	684	Leonardo Rojas	M	M40-44	133	5:43:21	0:42:27	0:04:41	2:39:55	0:03:00	2:13:18	AR	
5f110c42-d500-f011-bae2-000d3a5b7c3b	685	Reynoso Servant Carlos	M	M50-54	74	5:43:31	0:48:21	0:06:03	2:46:02	0:06:30	1:56:35	AR	
2fd84f7a-a50c-40ef-a63a-c09c8828cf20	686	Martin Sebastian Rodriguez	M	M55-59	37	5:43:31	0:44:15	0:06:48	2:54:25	0:03:25	1:54:38	AR	
bb42cbfb-e492-4225-be87-bb53bd76f805	687	Sergio Salamone	M	M55-59	38	5:43:32	0:43:04	0:07:09	2:39:13	0:02:40	2:11:27	AR	
dfa18b88-9ddb-49c6-a7d4-f3b97ffc23fa	688	Iair Wolfson	M	M35-39	108	5:43:44	0:41:12	0:07:06	2:50:19	0:03:47	2:01:20	UY	
a6397292-ed57-4265-9342-4f69919bac74	689	Eugenia Canteros	F	F40-44	23	5:43:45	0:44:42	0:06:08	2:52:06	0:02:52	1:57:57	AR	
1c4323f1-6d24-4408-ba64-9eee5c088ee7	690	Lucia Carreras	F	F40-44	24	5:44:06	0:42:27	0:07:26	2:46:10	0:03:25	2:04:38	AR	
255a1fd7-44cf-41fa-990e-01c228870d73	691	Mauro Aimar	M	M45-49	116	5:44:09	0:35:12	0:09:03	2:57:53	0:05:08	1:56:52	AR	
77d204e4-8ec7-4a5f-b0a5-60247b8d5746	692	Loreto Lizana	F	F50-54	13	5:44:17	0:38:35	0:05:20	2:47:58	0:03:23	2:09:02	CL	
a8ec79cf-44fb-40cf-b61a-f419cb6abddb	693	Agustin Sporleder	M	M40-44	134	5:44:48	0:39:19	0:07:39	2:50:48	0:03:23	2:03:39	AR	
aa2a6182-f49e-4c3f-ae19-a448bd41d78c	694	Romina Risatti	F	F40-44	25	5:45:08	0:38:09	0:07:01	2:53:31	0:02:05	2:04:21	AR	
97aec1bd-0bd8-498e-93d4-26dbf6bb8136	695	Joaquin Basombrio	M	M50-54	75	5:45:08	0:39:08	0:08:54	2:45:35	0:07:07	2:04:25	AR	
ff3f44c9-b74b-40aa-aa34-5e9f5b2c9100	696	MAURO ESTEBAN SARDELLI	M	M45-49	117	5:45:22	0:35:00	0:04:22	3:09:45	0:02:13	1:54:03	AR	
9b5a5d15-9dc2-4351-80dc-51ddc6e548c4	697	Santiago Riviello	M	M50-54	76	5:45:30	0:36:13	0:07:05	2:37:16	0:02:24	2:22:32	CL	
f5915aae-6261-443d-ace6-82e7c659b209	698	Maximiliano Martínez	M	M35-39	109	5:45:32	0:43:55	0:07:59	2:36:50	0:04:55	2:11:53	AR	
7cffe09a-d429-4e8e-82d8-ae9a732709c5	699	Julieta Ruiz Beguerie	F	F55-59	5	5:45:38	0:46:02	0:06:18	2:53:39	0:02:28	1:57:10	AR	
17d4ffc6-880b-4825-ad10-7878fffd182c	700	Graciela Demetriuk	F	F50-54	14	5:45:42	0:44:53	0:04:22	3:00:24	0:02:14	1:53:50	UY	
ebf1109e-91e1-ef11-8eea-000d3a5a1803	701	Tomas Perri	M	M30-34	56	5:45:51	0:35:24	0:08:26	3:05:20	0:01:54	1:54:46	AR	
cdc6723e-e022-41dc-a976-c05db70fd243	702	Adriana Rescala	F	F40-44	26	5:45:55	0:36:32	0:06:50	3:00:03	0:02:33	1:59:57	AR	
16308b47-8cd9-ef11-8ee9-000d3a5ae96c	703	Maximiliano Zanesi	M	M45-49	118	5:46:06	0:40:56	0:06:49	2:50:35	0:03:04	2:04:41	AR	
fb945ddf-25f6-4331-a66b-e9c719d04648	704	Héctor Ariel Arnó	M	M60-64	16	5:46:19	0:43:56	0:06:08	2:44:23	0:02:47	2:09:06	AR	
b2872536-e585-4fcf-93d3-5b1c6a727cf4	705	Mauro Bauer	M	M45-49	119	5:46:23	0:40:20	0:05:29	2:49:31	0:02:43	2:08:20	AR	
f7ae5aeb-399e-4f54-872d-12ef173ee681	706	Pablo Enrique Antonelli	M	M55-59	39	5:47:06	0:37:18	0:05:33	2:41:10	0:02:07	2:20:59	AR	
15133892-2b84-40e3-9db0-0ed839c43cc6	707	Carla Barrionuevo	F	F40-44	27	5:47:08	0:42:54	0:04:49	2:43:25	0:05:02	2:10:58	AR	
df091f93-a822-4357-ad30-6693c0895f92	708	Fabian Orbanich	M	M45-49	120	5:47:26	0:42:19	0:07:18	2:40:15	0:06:45	2:10:50	AR	
beaee7a6-c4cd-4fe5-ab42-65e556b95717	709	Paola Tolosa	F	F45-49	17	5:47:37	0:45:19	0:05:28	2:50:46	0:01:56	2:04:07	AR	
fc93f12b-c5bb-4457-9e7a-3581def36dd3	710	Enrique Martinez Olmos	M	M50-54	77	5:47:43	0:49:58	0:10:44	2:48:15	0:04:55	1:53:50	AR	
99ab2a05-16fd-ef11-bae2-6045bd05fcc1	711	Gabriel Andres Valler	M	M50-54	78	5:47:43	0:50:06	0:08:59	2:37:31	0:04:23	2:06:44	AR	
0311cb3d-7c01-ee11-8f6e-000d3a314be4	712	José Chavero	M	M35-39	110	5:47:45	0:43:48	0:06:03	2:48:20	0:02:51	2:06:44	arg	
a30eaa41-1223-45f8-ba68-77e840423128	713	Andres Rolandelli	M	M45-49	121	5:48:06	0:42:39	0:07:24	2:52:43	0:06:32	1:58:48	BR	
e80affd7-3fb1-471d-8729-e397b54ae383	714	Elisa Hospitaleche	F	F50-54	15	5:48:10	0:44:42	0:04:14	3:03:59	0:02:20	1:52:55	arg	
21d8e947-fe32-4f8b-bfc0-3bb5901f7cb2	715	Victor Heredia	M	M50-54	79	5:48:43	0:42:48	0:06:14	2:47:41	0:02:25	2:09:35	AR	
c92d549e-c978-4306-ab06-5a2855dd3576	716	Pablo Rosi	M	M50-54	80	5:49:09	0:39:42	0:06:12	2:54:53	0:03:02	2:05:20	AR	
28b262f6-3da7-4867-8f1b-9c44b8079a08	717	Luis Orlando Chaile	M	M45-49	122	5:49:10	0:49:04	0:06:41	2:47:17	0:04:25	2:01:43	AR	
a486b4f4-7e3c-46dd-a6f6-e0a9bb44c542	718	Rene Valderrama	M	M45-49	123	5:49:19	0:42:27	0:07:32	2:42:15	0:04:28	2:12:37	CL	
0ffa1e45-13f5-ef11-9342-6045bd088264	719	David Telias	M	M35-39	111	5:49:34	0:54:02		2:50:14	0:02:35	2:02:44	AR	
2cd427f0-b3f6-ee11-a1fd-6045bd075a4c	720	Paula Sícoli Aguiar	F	F35-39	25	5:49:37	0:38:33	0:07:31	3:01:08	0:05:36	1:56:49	BR	
f39558e9-94eb-4541-ad7a-4b07bbea3a1e	721	Lorena Rojas	F	F45-49	18	5:49:38	0:45:03	0:05:56	2:57:22	0:02:44	1:58:32	AR	
763a18a4-3763-ec11-8f8f-0022480ad295	722	Mariano Caamaño	M	M50-54	81	5:49:53	0:45:02	0:06:15	2:54:28	0:03:38	2:00:30	AR	
cd453a1d-0249-4121-8348-8ed5b2ad4a41	723	David Ariel Ackermann	M	M50-54	82	5:50:02	0:46:25	0:04:53	2:39:02	0:02:05	2:17:37	AR	
bac30131-24de-468d-aed0-732386d24995	724	Florencia Bernardi	F	F40-44	28	5:50:04	0:49:44	0:06:15	3:00:29	0:02:19	1:51:17	AR	
c30cb90f-e8b3-ef11-b8e8-6045bd018d16	725	Juan Antonio Díaz Muñoz	M	M35-39	112	5:50:04	0:49:25	0:07:40	2:42:45	0:02:51	2:07:24	CL	
d35b845e-2408-4ffa-b443-0f1fbbe53ac9	726	Gabriel Cardozo	M	M30-34	57	5:50:07	0:54:20	0:06:04	2:52:46	0:02:26	1:54:31	AR	
c300990a-13d3-4181-bf95-34e28b501d0c	727	Paula Paez	F	F45-49	19	5:50:21	0:39:56	0:05:54	2:47:07	0:02:07	2:15:18	AR	
16547b20-28c9-ef11-b8e8-000d3a5ae96c	728	jesica etchepare	F	F35-39	26	5:50:31	0:44:50	0:06:28	3:03:45	0:04:31	1:50:56	AR	
4c5a37b6-e006-46bd-a69e-e459d6b14eb0	729	Lia Bessone	F	F55-59	6	5:50:36	0:44:29	0:05:29	2:48:52	0:03:25	2:08:21	AR	
2cbfa609-66fe-ef11-bae2-6045bd079abf	730	Fernando Bercetche	M	M55-59	40	5:51:14	0:45:54	0:06:27	2:43:38	0:02:49	2:12:25	AR	
552318d3-f338-44e3-b68c-010df2939c6f	731	Gisela Angaramo	F	F45-49	20	5:51:14	0:45:25	0:04:49	3:01:45	0:02:35	1:56:41	AR	
55515b62-8a32-446a-93ef-8fdb885dcc0b	732	Eduardo Soares Parente	M	M60-64	17	5:51:18	0:48:05	0:07:56	2:49:52	0:04:20	2:01:05	AR	
8e7cc046-3e8b-474d-b176-9d486fa9a9b9	733	Pedro Borda	M	M55-59	41	5:51:19	0:51:41	0:05:20	2:39:20	0:05:19	2:09:39	esp	
962d9c01-9d56-4e24-8d0f-5550ed8ffc1c	734	Gabriel Alaniz	M	M35-39	113	5:51:38	0:41:16	0:05:59	2:53:57	0:04:56	2:05:30	AR	
a4fbeeea-eb80-4775-b2ec-fe65275e0447	735	Jonathan Teper	M	M35-39	114	5:51:48	0:47:26	0:05:59	2:57:40	0:02:58	1:57:44	AR	
dcded18c-29af-4913-bcbb-a277172bc135	736	Barbara Baldino	F	F45-49	21	5:51:48	0:39:43	0:09:17	2:59:18	0:02:54	2:00:35	AR	
5129d367-3eba-ee11-a569-0022480acaa6	737	Giselle Poujade	F	F45-49	22	5:51:50			2:56:31	0:03:45	2:02:32	AR	
04a3c766-b954-4d9c-a80f-ed3f41039c49	738	Luis Eduardo Alvarez Maguna	M	M40-44	135	5:52:17	0:49:39	0:06:25	2:37:05	0:05:24	2:13:43	UY	
59682e69-68bb-457c-b5f7-0c13a0f80669	739	Brad Speidel	M	M35-39	115	5:52:38	0:47:32	0:05:41	2:59:45	0:03:47	1:55:52	PHL	
f35589ed-00c4-4f8d-b253-4e72870070e5	740	Viviana Furfuro	F	F60-64	3	5:52:48	0:46:54	0:06:42	2:46:30	0:06:59	2:05:43	AR	
8512a160-c87c-ef11-a670-000d3a338a3c	741	Federico Romero Marioni	M	M45-49	124	5:53:07	0:37:43	0:06:23	2:53:33	0:04:59	2:10:29	AR	
2a62317a-0dcf-4b00-b455-a8be9d46f53f	742	Fabián Dematteis	M	M60-64	18	5:53:13	0:43:19	0:10:07	2:53:46	0:04:26	2:01:36	AR	
8480aa17-e263-439a-9cc3-499facf13b45	743	Consuelo Ruiz	F	F55-59	7	5:53:26	0:46:01	0:05:59	2:54:49	0:02:38	2:03:59	CL	
9456c54f-71a3-498d-9315-d3843ae538c2	744	Mariano Augusto Arana	M	M45-49	125	5:53:37	0:38:53	0:05:45	2:48:40	0:03:39	2:16:40	AR	
fa608cf5-4bd9-4b5b-9134-4ac47ac0cd9b	745	Alin Paola Acevedo Rojas	F	F50-54	16	5:53:47	0:42:43	0:04:09	2:48:35	0:01:54	2:16:25	CL	
3a590e50-de59-f011-bec2-000d3a5b50ba	746	paola lapenta	F	F50-54	17	5:54:26	0:43:47	0:07:01	3:00:04	0:02:22	2:01:12	AR	
1705c706-4228-47ed-afce-89b39f8e550f	747	Gabriela Almendra	F	F45-49	23	5:54:28	0:49:11	0:05:44	2:55:55	0:03:08	2:00:30	AR	
0706e28f-ec0f-4927-8810-b7d3a13ae403	748	Belen Perciavalle	F	F45-49	24	5:54:28	0:42:09	0:04:21	2:52:13	0:01:22	2:14:22	AR	
99844d22-65ce-4ec0-9567-a405f8f53b84	749	Ariel Rocco Mencara	M	M55-59	42	5:54:33	0:45:19	0:07:32	2:58:20	0:03:24	1:59:58	AR	
e979be42-4bb6-4aae-8f1a-7354b377e6cb	750	Guillermo Mauricio Richards Hormazabal	M	M55-59	43	5:54:35	0:48:49	0:06:05	2:31:43	0:03:38	2:24:20	US	
c55ae0f9-8a8b-ef11-ac21-000d3a30152c	751	Alexander Romanov	M	M40-44	136	5:54:59	0:46:43	0:05:05	2:51:25	0:03:27	2:08:19	IT	
66e3dbdb-3158-4718-9767-b057ad47c3ad	752	Luciana Cantale	F	F40-44	29	5:55:02	0:46:38	0:06:27	3:09:37	0:02:43	1:49:37	AR	
fda19920-c35b-46c8-903d-af4cc72a1bec	753	Guillermo Pagano	M	M40-44	137	5:55:03	0:40:07	0:04:39	2:46:15	0:01:47	2:22:15	AR	
564dc18a-03a1-ef11-8a6a-000d3a338a3c	754	Paul Coronel	M	M50-54	83	5:55:05	0:52:20	0:08:15	2:40:01	0:04:49	2:09:41	AR	
c137803d-9667-ef11-bfe3-000d3a367177	755	Matias Solito	M	M25-29	40	5:55:14	0:41:28	0:09:57	3:09:55	0:04:37	1:49:17	AR	
d6d1e869-a1e5-4da7-81ae-b8b8a0a89451	756	Macarena Sanhueza Alvarado	F	F30-34	14	5:55:16	0:43:21	0:05:48	2:58:14	0:03:20	2:04:34	CL	
2fcf5320-7fdb-4beb-a648-079feed25c30	757	Mariana Regueiro	F	F50-54	18	5:55:19	0:42:09	0:05:01	2:59:27	0:02:26	2:06:16	AR	
8803579f-8773-4d52-9c8a-a718c999324e	758	Sofia De La Vega	F	F35-39	27	5:55:32	0:46:40	0:05:47	2:52:15	0:04:07	2:06:43	AR	
8562ff4c-3e49-430c-9dba-feee8de9459d	759	Maria Ariela Barahona Espinoza	F	F45-49	25	5:55:33	0:40:23	0:05:41	2:49:39	0:02:53	2:16:56	CL	
5b292061-711f-ef11-840a-000d3a59e106	760	Nuria Cenderelli	F	F40-44	30	5:55:36	0:52:11	0:05:28	2:51:59	0:02:55	2:03:03	AR	
3e5c78e2-ccfa-4c35-85a7-65a7832bfef3	761	Rodrigo Fernández	M	M45-49	126	5:55:56	0:42:47	0:08:43	3:03:19	0:03:07	1:58:00	AR	
6bb7626d-c211-4c18-afdd-e9bf84c209c1	762	Andrei Mironov	M	M40-44	138	5:55:58	0:47:40	0:08:28	2:59:09	0:04:25	1:56:15	AR	
dd8a687d-5381-ef11-ac21-002248049fdc	763	Marcelo Serraiotto	M	M50-54	84	5:56:08	0:54:20	0:07:06	2:47:39	0:03:48	2:03:16	AR	
5244005f-7c4a-4704-9748-b844692ed128	764	Pablo Hernan Mignolo	M	M45-49	127	5:56:35	0:40:57	0:06:28	2:56:38	0:03:43	2:08:49	AR	
0c34a6f1-7824-473c-a3bd-381b46b39a79	765	Ana Gabriela Passos Do Prado	F	F35-39	28	5:56:43	0:40:47	0:05:59	2:52:00	0:03:33	2:14:24	BR	
07f7b6c6-eca9-ef11-b8e8-000d3a5a403c	766	Guillermo Martín SÁNCHEZ NEGRETTE	M	M30-34	58	5:56:47	0:50:41	0:03:47	2:49:29	0:02:15	2:10:35	AR	
eb49e1e2-462a-473c-9c08-3a6fecc0d6b8	767	Sergio Gustavo Tabbach	M	M60-64	19	5:57:05	0:43:00	0:05:33	2:53:27	0:03:43	2:11:23	AR	
55270749-36a3-4f6c-b8b5-b1e0ca7232af	768	Claudio Bertonasco	M	M60-64	20	5:57:12	0:41:37	0:09:19	3:00:50	0:03:47	2:01:38	AR	
25d80462-6ba0-4209-a1c0-ec9727a7f6f1	769	Nancy Castelli	F	F50-54	19	5:57:17	0:40:32	0:05:56	2:51:34	0:02:27	2:16:48	AR	
dff90b59-6287-4ec0-91e4-4a758eb18642	770	Martin Roman	M	M45-49	128	5:57:47	0:43:10	0:06:00	2:54:36	0:05:11	2:08:52	AR	
87c3b63a-a80f-e511-9401-005056951bf1	771	Wantuil Teixeira	M	M60-64	21	5:58:00	0:49:12	0:07:49	2:52:50	0:03:28	2:04:40	BR	
512f84b1-1c85-463a-b172-e047fed85203	772	Sergio Guerrero	M	M60-64	22	5:58:03	0:49:04	0:06:23	2:48:44	0:03:55	2:09:57	arg	
a4db50c7-4e9d-4d25-82f4-24c5e6a3c70b	773	Emiliano Schnider	M	M40-44	139	5:58:09	0:37:35	0:07:02	3:03:47	0:04:30	2:05:15	AR	
73198216-e0fb-428f-81f8-fcd64ef31409	774	Alberto Augusto Rodriguez Ponce De León	M	M50-54	85	5:58:31	0:48:49	0:06:18	2:50:41	0:03:12	2:09:29	AR	
1aa652d2-5dbd-ef11-b8e9-6045bd048089	775	Juan Sebastian Cuello	M	M40-44	140	5:58:40	0:50:46	0:07:45	2:56:47	0:04:58	1:58:24	AR	
378a4a52-e39a-41b9-85d0-73a0042d7938	776	Alejandra Bernardez	F	F40-44	31	5:58:41	0:45:23	0:06:25	3:00:03	0:03:11	2:03:40	arg	
b668a8c0-95cc-40a1-8443-41310ecb96f4	777	Martinez Tapia Luis Ceferino	M	M50-54	86	5:58:50	0:41:47	0:06:00	2:44:07	0:03:26	2:23:31	AR	
8f6029b3-8185-445f-8ffc-81e6752af153	778	Alejandro Saborido	M	M55-59	44	5:59:01	0:59:23	0:04:42	2:53:08	0:02:05	1:59:44	AR	
d6d61b99-d305-f011-bae1-000d3a35ffc1	779	Javier Garces Bosque	M	M45-49	129	5:59:08	0:46:12	0:05:48	3:10:37	0:02:01	1:54:31	AR	
fcb4ee46-df9c-40ae-a8ec-5aa88915fcd9	780	Victoria Casteluchi	F	F18-24	3	5:59:36	0:39:45	0:05:34	2:58:36	0:02:54	2:12:48	AR	
b001efe6-fd0f-4c40-b208-247fa8173c17	781	Nico Toledo	M	M40-44	141	6:00:12	0:50:31	0:05:47	2:55:45	0:02:10	2:05:59	arg	
c255ffba-4c29-ee11-bdf4-000d3a314be4	782	Marcos Ligato	M	M45-49	130	6:00:14	0:50:47	0:07:16	2:59:33	0:04:20	1:58:19	AR	
299468ba-11b1-44c4-80fc-9fb7099b5d4c	783	Jonathan Olivera	M	M35-39	116	6:00:27	1:01:24	0:05:29	2:56:23	0:04:42	1:52:28	UY	
7b78941a-d5d5-ee11-9079-000d3a31406e	784	Florencia Massat	F	F50-54	20	6:00:39	0:47:54	0:05:06	2:48:35	0:05:18	2:13:46	UY	
409cd6be-6a73-4004-a417-77adb310d5ea	785	Víctor Collado	M	M50-54	87	6:00:42	1:04:58	0:06:23	2:51:12	0:04:10	1:53:59	AR	
a8ff8e76-a80f-e511-9401-005056951bf1	786	Ariel Bovenzo	M	M55-59	45	6:00:57	0:46:40	0:10:35	3:04:40	0:02:32	1:56:31	AR	
8d385a35-aede-4a82-9a5a-72961f06a83f	787	Juan Alejandro Fabian Herrera	M	M50-54	88	6:01:21	0:49:04	0:09:56	2:39:46	0:03:03	2:19:31	AR	
4c4f8496-e568-4094-adf2-cf5e7e14d640	788	Pablo Antonio Priore Moyano	M	M50-54	89	6:01:53	0:38:59	0:06:23	2:54:44	0:03:23	2:18:24	AR	
c943d1de-1a25-4c1d-b866-23e86d1e4f46	789	Analia Ferreyra	F	F45-49	26	6:01:58	0:40:27	0:05:26	2:59:05	0:03:00	2:14:00	AR	
ecc318eb-0617-ef11-9f8a-6045bd012ace	790	Agustin Hidalgo	M	M40-44	142	6:02:16	0:38:40	0:07:06	3:04:44	0:03:58	2:07:49	AR	
ad43ad2f-421f-43d2-a2ea-88f9ad77a916	791	Cristian Mercantonelli	M	M50-54	90	6:02:32	0:55:56	0:06:08	2:51:29	0:03:31	2:05:27	AR	
f6927f0d-b6b5-ea11-a812-000d3a5a1bfb	792	Francisco Perrotti	M	M25-29	41	6:02:36	0:36:16	0:05:09	2:51:14	0:03:15	2:26:42	arg	
1c2bcc3d-d280-4da2-b902-a7f033ee61ef	793	Florencia Giusti	F	F50-54	21	6:03:17	0:40:25	0:10:32	2:55:38	0:04:38	2:12:04	AR	
d190b873-6b7b-44b9-bf00-3ca2738a5a25	794	Amanda Antonieta Fernández Villaseñor	F	F55-59	8	6:03:34	0:49:11	0:04:46	2:55:44	0:03:28	2:10:25	CL	
f890a146-243c-44f3-aef7-97feaa88a30a	795	Carolina Blanco	F	F45-49	27	6:03:45	0:46:02	0:08:58	2:55:55	0:03:16	2:09:34	AR	
25ed7687-02c4-4fc7-9828-545c5ba9883e	796	Maria Emilia Ferraro	F	F45-49	28	6:03:46	0:57:02	0:05:15	2:59:25	0:03:53	1:58:11	AR	
0de8d580-2c38-461e-a912-20bd46835705	797	Federico Alberto Nallar	M	M40-44	143	6:03:51	0:39:29	0:04:31	2:48:02	0:04:41	2:27:09	AR	
8dac1b1b-5bc5-ef11-b8e8-000d3a5ae96c	798	Jesus Ismael Gonzalez Jellich	M	M18-24	10	6:03:56	0:36:18	0:04:31	3:06:12	0:03:08	2:13:46	AR	
a7291441-7a39-4b7f-95c9-2f9892a2503a	799	Michel Coindreau Rodríguez	M	M30-34	59	6:04:00	0:56:50	0:08:03	2:53:30	0:03:50	2:01:47	CL	
045768e8-de9e-453d-b423-f91afb31f9ba	800	Sergio Daniel Pasqualini	M	M60-64	23	6:04:10	0:41:58	0:09:27	2:54:33	0:03:09	2:15:03	AR	
3a194e39-17af-ef11-b8e8-000d3a5a403c	801	Ivana Medina	F	F35-39	29	6:04:16	0:44:58	0:05:23	3:08:42	0:04:35	2:00:36	AR	
07a64cc0-cd90-41b0-a060-4fe74600898b	802	Octavio Sobrinho	M	M55-59	46	6:04:16	0:43:16	0:06:52	3:07:08	0:03:28	2:03:31	bra	
edf1435e-d4b7-ef11-b8e8-000d3a5ae96c	803	Juliana Bucello	F	F40-44	32	6:04:18	0:38:15	0:07:45	3:14:56	0:06:19	1:57:04	UY	
4dcb48f8-1e88-4670-b27a-b96116f16bfe	804	Pedro Martinez	M	M25-29	42	6:04:20	0:43:20	0:06:54	3:05:43	0:04:51	2:03:32	bra	
3604acf7-ff05-f011-bae1-000d3a5b50ba	805	Sebastian Lazaro	M	M45-49	131	6:04:21	0:32:54	0:05:35	3:09:47	0:04:52	2:11:13	AR	
1f569a73-1487-427d-94de-28b9e526066a	806	Osvaldo Avella	M	M40-44	144	6:04:33	0:39:48	0:05:36	2:58:07	0:02:47	2:18:16	AR	
2f525676-ada7-4d1f-835f-5f887f874ddc	807	Maximiliano Bernales	M	M40-44	145	6:04:55	1:01:18	0:07:35	2:50:07	0:02:36	2:03:20	AR	
ac060d50-96c5-424c-b65c-accd99933d61	808	Carlos Alberto Maglio	M	M60-64	24	6:04:58	0:39:37	0:06:31	2:36:32	0:03:04	2:39:14	arg	
43442063-1342-468f-bc78-1303587c4be9	809	Daniela Diaz	F	F40-44	33	6:05:03	0:41:14	0:06:10	3:15:37	0:02:17	1:59:44	AR	
e3cf9ba4-8779-ec11-8d21-0022480a9b26	810	Nestor Colina	M	M50-54	91	6:05:17	0:58:07	0:05:54	2:50:39	0:04:42	2:05:55	chl	
9ffbe90d-010d-4b81-86c1-6cb8bf4aab87	811	Javier Sagua	M	M50-54	92	6:05:33	0:48:39	0:07:08	2:54:15	0:03:52	2:11:39	AR	
5511e6b6-7a8d-44bf-aebc-c90afa3a2792	812	Juan Manuel Ardaiz	M	M25-29	43	6:05:42	0:46:09	0:09:57	3:04:42	0:04:09	2:00:45	AR	
6c3437a7-668f-4d85-83ef-0d8de093dd92	813	Franco Pedraza	M	M40-44	146	6:05:49	0:45:11	0:11:58	2:54:51	0:03:07	2:10:42	AR	
74ebd883-baf6-4259-8a82-5f16f657921b	814	Pablo Vazquez Conde	M	M50-54	93	6:05:54	0:48:48	0:04:24	3:13:42	0:02:26	1:56:32	arg	
d090960c-601b-4358-aa26-c9179ca4c8fd	815	Marcelo Dodero	M	M65-69	4	6:06:19	0:44:37	0:10:17	2:57:08	0:05:52	2:08:25	arg	
93b58a5c-4a12-478a-81a3-293d8f2e7a58	816	Hugo Gomez Salgado	M	M55-59	47	6:06:27	0:49:10	0:07:53	2:57:09	0:03:31	2:08:43	AR	
de43c175-6065-4a28-85a6-536c78deb34d	817	Juan Gabriel Gutierrez	M	M55-59	48	6:06:30	0:37:24	0:05:07	3:02:45	0:03:12	2:18:03	AR	
397ccd5a-ebde-4943-8218-f44c3762b495	818	Claudia Miranda Fuentes	F	F40-44	34	6:06:41	0:43:32	0:07:53	2:59:45	0:05:02	2:10:29	CL	
d1625bcd-34db-4b17-af1b-44f8750b2d1e	819	Martin Valdivia	M	M45-49	132	6:06:46	0:47:32	0:06:18	2:55:44	0:05:10	2:12:02	AR	
8f883993-34c1-ef11-b8e8-000d3a5ae96c	820	César Daniel Morgan	M	M45-49	133	6:07:00	0:55:48	0:08:08	2:53:30	0:05:05	2:04:28	AR	
b5638820-449d-4422-a959-fd6c5532b821	821	Jorge Olea	M	M35-39	117	6:07:15	0:36:41	0:05:12	2:51:07	0:03:19	2:30:56	CL	
4c01b73c-d43a-46de-a16e-d0e958432236	822	Maria Alejandra Pagella	F	F60-64	4	6:07:29	0:43:11	0:06:58	3:03:23	0:04:51	2:09:06	AR	
4606c97f-1145-4ad0-b7df-f31e751a0411	823	Rafael Ignacio Soto	M	M45-49	134	6:07:44	0:58:51	0:10:18	2:52:36	0:02:54	2:03:05	US	
3800d7f8-e7d6-4818-9c5e-9c934f22917c	824	Solange Godoy Rojas	F	F45-49	29	6:08:07	0:41:17	0:05:08	2:53:07	0:03:08	2:25:26	CL	
3c45f47e-7dec-4b0b-9b28-8d36e099e1c4	825	Damian Di carli	M	M30-34	60	6:08:07	0:49:33	0:07:36	2:47:55	0:05:52	2:17:11	AR	
f80f57d6-b16a-436f-94a1-aed9e62fbfc7	826	Roberto José Perez Alvarez	M	M45-49	135	6:08:17	0:53:12	0:08:16	3:04:20	0:03:50	1:58:37	AR	
635546c7-1a00-f011-bae2-000d3a5b7c3b	827	Martin Juarez Ferrer	M	M40-44	147	6:08:24	0:44:32	0:07:30	3:13:23	0:02:51	2:00:09	AR	
03b7d7df-7dbd-ef11-b8e9-000d3a5a1803	828	Gabriel Meretta	M	M55-59	49	6:08:48	0:38:03	0:08:08	2:59:06	0:06:39	2:16:52	AR	
863dc0e1-e74b-411d-8756-020571575f3e	829	Carlos Mauro Escobar	M	M50-54	94	6:09:18	0:50:41	0:05:48	3:04:50	0:02:17	2:05:43	AR	
9dd72e86-b480-4469-8e41-d5529f41f0d4	830	Axel Koennecke	M	M45-49	136	6:09:23	0:41:43	0:06:38	3:04:26	0:05:38	2:10:57	arg	
29b11fcc-0a6b-f011-bec2-000d3a5b7c3b	831	Federico Sanguinetti	M	M40-44	148	6:09:58	0:44:38	0:05:10	2:47:13	0:03:55	2:29:02	arg	
db8ea6d6-1393-4111-9d27-a9c62af917b7	832	Matias Ivan Gertie	M	M45-49	137	6:10:07	0:40:38	0:08:19	3:07:08	0:03:53	2:10:09	AR	
a72315df-7d1d-4943-b9c5-37e7834268a3	833	Sebastian Buquete	M	M45-49	138	6:10:14	0:44:55	0:09:49	3:00:00	0:05:24	2:10:06	AR	
4fd15c44-e2d1-4bd0-b2ed-41d7f8a900c0	834	Guillermo Cardillo	M	M45-49	139	6:10:21	0:42:24	0:05:09	2:59:27	0:02:01	2:21:20	AR	
abaa80ad-b38b-4866-ac4d-0ef146305f8f	835	Raúl Toro	M	M45-49	140	6:10:24	0:57:40	0:06:46	2:49:02	0:03:09	2:13:47	CL	
1c9665e3-d270-4d70-9f19-0bcfc3311737	836	Ivana Panontin	F	F35-39	30	6:10:31	0:46:58	0:06:38	3:07:22	0:02:57	2:06:37	esp	
b84a142d-cd30-ef11-840a-00224809fd7c	837	Fernando Olave	M	M65-69	5	6:10:44	0:37:50	0:11:16	2:53:01	0:07:24	2:21:15	CL	
871eb119-2055-414a-871e-460b5a5fb763	838	Jorge Sola	M	M60-64	25	6:10:51	0:58:16	0:06:28	2:50:52	0:05:08	2:10:08	arg	
a4a741d4-d3b3-ef11-b8e8-000d3a5ae96c	839	Dario SERIO	M	M45-49	141	6:10:51	0:43:24	0:06:05	2:59:43	0:02:39	2:19:00	AR	
749ab6da-1c7a-4f2b-ae62-636a9702e61c	840	Gustavo Nicolas Flores	M	M60-64	26	6:11:04	0:47:25	0:06:39	3:00:15	0:03:30	2:13:14	AR	
203ed84a-bfd4-4fb6-a490-e40270e69da3	841	Pamela Carolina Rojas Ibarra	F	F30-34	15	6:11:18	0:41:41	0:05:44	2:51:35	0:04:37	2:27:40	CL	
bfee1c40-a058-496a-8dee-b222f38e6ce4	842	Anabella Musulman	F	F50-54	22	6:11:18	0:43:17	0:08:21	2:56:32	0:05:09	2:17:58	AR	
6a7b6dc4-1aed-4cab-b75c-ce8300d0c1d4	843	Gustavo Torres	M	M55-59	50	6:11:58	0:42:56	0:05:56	3:01:27	0:03:54	2:17:45	AR	
30882cc6-d292-4216-b6cf-4f119592cea4	844	Pablo Pelenur	F	M55-59	51	6:12:01	0:35:30	0:13:08	3:02:00	0:06:41	2:14:42	AR	
8627e344-1e3a-ef11-8409-000d3a383830	845	Carlos Villafuerte Ilanes	M	M35-39	118	6:12:08	0:42:07	0:06:41	3:03:29	0:05:22	2:14:29	AR	
5d4ff8ae-f4d9-4eaf-b755-cf4e4f019ee3	846	Manuel Osvaldo Barrios	M	M45-49	142	6:12:22	0:41:07	0:06:12	2:46:02	0:04:01	2:34:59	AR	
7825bc03-ba64-ef11-bfe3-000d3a3b4ec1	847	Romina Contreras	F	F30-34	16	6:12:27	0:49:53	0:07:39	2:58:40	0:03:14	2:13:01	chl	
c5b7698a-72ef-4b54-900b-9f0e2e20d631	848	Santiago Hermida	M	M40-44	149	6:12:32	0:51:19	0:06:06	2:49:40	0:02:41	2:22:45	AR	
d9406b6a-99bf-4b8d-a529-323b304fed6f	849	Mariana Benitez	F	F45-49	30	6:12:50	0:44:04	0:07:34	2:56:21	0:03:25	2:21:26	AR	
ae7a8087-fe91-4ded-859d-f0e46a371159	850	Ricardo Gornatti	M	M65-69	6	6:13:06	0:49:24	0:07:21	2:48:09	0:03:53	2:24:20	AR	
fa58f677-98c7-4c82-a0e2-f4c8d63e2477	851	Natalia Paola Martinez	F	F45-49	31	6:14:08	0:46:00	0:06:16	2:59:55	0:04:21	2:17:36	AR	
4947129e-9a65-428f-8398-ce4d33364953	852	Juan Manuel Dalessandro	M	M40-44	150	6:14:27	0:56:57	0:05:53	3:00:28	0:05:10	2:05:58	esp	
dcaf8677-09e3-ee11-904d-000d3a314d17	853	Miguel Angel Giuffrida	M	M45-49	143	6:15:03	0:44:22	0:06:24	3:04:02	0:03:33	2:16:42	AR	
3eb37d29-95ec-4949-926e-97306dc5804c	854	Alejandro Nan	M	M55-59	52	6:15:21	0:51:14	0:07:45	3:11:22	0:04:28	2:00:32	AR	
9c2b8f41-cd20-448c-bb5b-8d5ae95e2ec0	855	Jorge Escobar	M	M45-49	144	6:15:28	0:42:09	0:08:46	3:14:27	0:03:26	2:06:40	AR	
c51fdd1e-3881-43c9-ae25-7e74c42cb0e8	856	Roxana Jofre	F	F50-54	23	6:16:07	0:46:29	0:06:36	3:13:46	0:02:57	2:06:18	AR	
6235e374-3034-47a2-b5a8-7da5b4c4289f	857	Carlos Paputsakis	M	M50-54	95	6:16:18	0:45:55	0:07:56	2:56:12	0:02:43	2:23:32	AR	
b3e3ce13-1156-4af6-bf19-9110154ef31a	858	Ivan Augusto Grassi Castro	M	M40-44	151	6:16:26	0:44:25	0:08:53	3:05:06	0:04:05	2:13:57	AR	
6d8acf23-f156-49c1-ad23-634f4f6cd964	859	German Perez	M	M50-54	96	6:16:50	0:43:20	0:11:44	2:57:13	0:06:23	2:18:09	CL	
17085094-fe01-4f27-8610-e439f392c9b2	860	Jami Callahan-Brill	F	F55-59	9	6:16:52	0:39:41	0:06:25	3:02:15	0:03:51	2:24:40	usa	
caf81ad1-b2e2-4e86-95ea-bc05605289b3	861	Cristian Stiefel	M	M50-54	97	6:17:07	0:38:37	0:10:42	3:06:19	0:06:18	2:15:11	AR	
9a37a96a-0a83-4bbf-88a4-200a32df8959	862	Hugo Rojo	M	M60-64	27	6:17:21	0:47:44	0:06:45	3:09:37	0:03:39	2:09:36	AR	
9ee73efa-408a-4c6f-beaa-1d12d0a25e47	863	Juan Mercatelli	M	M55-59	53	6:17:30	0:41:01	0:05:12	2:54:58	0:04:11	2:32:08	AR	
e97e3b6c-9427-ef11-840b-00224809fd7c	864	Rodrigo Petrini	M	M45-49	145	6:17:38	1:00:33	0:09:11	2:57:55	0:04:49	2:05:10	AR	
afb2d157-d58d-46f2-be55-1a79d3c2bb2c	865	Leandro Silvestro	M	M40-44	152	6:17:38	1:00:33	0:09:09	2:57:58	0:04:47	2:05:11	AR	
81c56963-0f04-f011-bae2-000d3a5b50ba	866	Andres Maspero Castro	M	M35-39	119	6:17:39	1:00:34	0:09:08	2:58:00	0:04:46	2:05:11	AR	
e9337f88-da03-4007-80da-af53401c799f	867	Duilio Farias	M	M60-64	28	6:17:44	0:40:18	0:06:49	2:41:38	0:03:24	2:45:35	AR	
f5b0d4a6-cb18-4b2f-ac5b-6f6164394bc4	868	Roger Alejandro Altamirano	M	M60-64	29	6:18:01	0:54:25	0:07:50	2:57:01	0:04:48	2:13:58	AR	
e0c61c75-d6c5-46d8-96ad-a52721ae528e	869	Mariela Muñoz	F	F45-49	32	6:18:49	0:42:39	0:05:48	2:54:38	0:04:50	2:30:55	CL	
d5acedf3-1261-402c-b0d1-614cc0e6b35f	870	Eduardo Cerimedo	M	M50-54	98	6:19:46	0:36:23	0:04:16	2:52:54	0:05:48	2:40:25	AR	
b71d40b6-aab4-465e-890c-8ec55a0b6dcf	871	Silvio Navall	M	M45-49	146	6:20:37	0:48:11	0:08:16	3:09:45	0:04:01	2:10:23	AR	
45bb515e-a635-4713-9eb2-821518a8c0c9	872	Maria Florencia Baliarda	F	F35-39	31	6:20:47	0:41:12	0:06:15	3:16:40	0:05:15	2:11:26	AR	
c1e9c844-15df-4ff7-99a1-9ddc0d9aa914	873	Sebastian Fraga	M	M40-44	153	6:20:47	0:44:07	0:06:55	3:13:07	0:05:13	2:11:26	AR	
92afb8cc-f534-4111-9a2b-0a9f4ae628c8	874	Jocelyn Coindreau	F	F35-39	32	6:21:08	0:55:39	0:09:26	2:52:04	0:03:02	2:20:58	CL	
76767d7b-076b-f011-bec3-000d3a5b50ba	875	Angela Chacon	F	F40-44	35	6:21:10	0:46:41	0:06:30	3:16:08	0:05:04	2:06:47	ARG	
75a7fb91-b46b-f011-bec2-000d3a5cf7d8	876	Fabiana Gonzalez	F	F50-54	24	6:21:58	0:43:53	0:06:33	3:04:14	0:03:32	2:23:46	ARG	
2cd7552d-bfed-4843-a7bf-46df6c86327b	877	Gabriela Chaumeri	F	F50-54	25	6:22:15	0:43:03	0:10:06	3:08:18	0:03:37	2:17:11	AR	
36b06261-d904-45df-a92e-3b40ac2d9d51	878	Gerardo Dussin	M	M40-44	154	6:22:32	0:47:46	0:05:06	2:57:49	0:03:16	2:28:35	AR	
f8bfbab6-824e-466f-b9a6-00961c57397b	879	Walter Gabriel Firmenich	M	M45-49	147	6:22:58	0:52:53	0:08:28	3:11:25	0:03:14	2:06:58	AR	
3bfd5e94-1575-4f20-8ce2-cf4632c38c8a	880	HERNAN FERNANDO RIVAS	M	M60-64	30	6:23:06	0:51:16	0:06:18	3:17:43	0:03:33	2:04:15	AR	
e2c856e8-d81a-4a54-a2bc-2e5d3cdebce2	881	SILVIA GASANEGO	F	F60-64	5	6:24:23	0:46:03	0:10:21	3:14:47	0:04:18	2:08:54	AR	
034c0f78-e90b-f011-9988-000d3a5cf7d8	882	Juan Marcelo Vega	M	M45-49	148	6:25:01	0:57:40	0:05:53	3:01:59	0:04:19	2:15:10	AR	
c02377f5-b86f-4137-acd2-cf72b50ac0c4	883	Gabriela Khoury	F	F55-59	10	6:25:30	0:50:04	0:07:19	3:19:12	0:03:05	2:05:48	AR	
4e1ff2bf-e6a0-401a-932f-e5818c2dfa3c	884	Tomás Vilariño	M	M25-29	44	6:25:33	0:47:19	0:05:26	3:27:36	0:05:16	1:59:56	arg	
349ebcb4-81a4-402c-9fc4-af44a6dc5e75	885	Tomas Wingord	M	M35-39	120	6:25:36	0:40:31	0:11:12	3:23:22	0:04:17	2:06:14	AR	
51919106-6cfb-ef11-9341-000d3a5a1803	886	Alfredo Dominguez	M	M40-44	155	6:25:44	0:50:10	0:07:18	3:05:40	0:03:54	2:18:43	AR	
7ffa5f21-086b-f011-bec2-000d3a5cf7d8	887	Analia Carlino	F	F50-54	26	6:26:29	0:53:11	0:07:36	3:11:33	0:03:09	2:11:01	ARG	
b4431cc8-72a7-4e33-b42a-3d5a1d230ca3	888	Matias Arregui	M	M40-44	156	6:26:54	0:38:28	0:04:48	2:56:52	0:03:38	2:43:08	AR	
937cf4b6-c90b-f011-9988-000d3a3173b5	889	Sergio Arnaldo Colfo	M	M50-54	99	6:27:08	0:50:11	0:05:12	3:05:54	0:03:10	2:22:40	arg	
9d9a72e6-a0fa-ef11-9341-6045bd088264	890	damian alberti	M	M30-34	61	6:27:34	0:51:52	0:04:48	3:13:52	0:05:02	2:12:02	AR	
fac7718f-a92f-ee11-bdf3-000d3a314d17	891	Pablo Sanchez	M	M45-49	149	6:27:35	0:48:51	0:08:09	2:41:37	0:02:52	2:46:05	AR	
f5fa7812-f889-4f2c-952b-727f2ee11004	892	Rubén Darío Fontana	M	M50-54	100	6:28:19	0:46:12	0:07:09	3:10:43	0:03:15	2:20:59	AR	
93151f07-0cdd-4ae9-9084-8af37d9f22a4	893	Sebastian Acuña	M	M35-39	121	6:28:26	0:50:58	0:08:03	3:02:52	0:03:34	2:22:59	AR	
d001ba45-49a8-4305-b171-a7ea22003106	894	Paula Speidel	F	F35-39	33	6:28:47	0:47:29	0:07:40	3:17:17	0:03:56	2:12:26	AR	
c83f9d88-6553-4ed6-b896-90d3879a641b	895	Julian Levrino	M	M45-49	150	6:29:42	0:37:50	0:06:28	3:14:21	0:03:24	2:27:39	AR	
47a1bf0f-75b1-ef11-b8e8-000d3a5a403c	896	Hector Osvaldo Lopez Rios	M	M65-69	7	6:29:42	0:47:32	0:07:26	3:05:11	0:04:31	2:25:03	AR	
093e4975-72b8-4ebc-afd1-41990ed74f68	897	Eliana Jannete Nievas	F	F35-39	34	6:29:44	0:57:12	0:05:43	3:28:55	0:01:25	1:56:29	AR	
27da08bd-ed3a-41d6-8f0f-c6faacb24fa3	898	José Caballero	M	M50-54	101	6:30:07	0:47:10	0:08:18	2:43:07	0:03:26	2:48:06	AR	
3d0267bb-7fff-4603-bb84-c679ab76d565	899	Monica Nicastro	F	F50-54	27	6:30:17	0:54:55	0:06:41	3:09:53	0:05:09	2:13:38	AR	
ccefd1ab-af47-ef11-a317-000d3a383830	900	Esteban Sansone	M	M50-54	102	6:30:27	0:59:33	0:07:50	2:54:54	0:04:04	2:24:05	arg	
695ce0f4-8477-ea11-a811-000d3a5a1bfb	901	Pablo Mendez	M	M50-54	103	6:30:48	0:46:23	0:10:53	3:05:51	0:03:11	2:24:30	AR	
4102cc42-820b-4517-a6ad-51a1919f5222	902	Gonzalo Aguiar	M	M45-49	151	6:30:49	0:43:51	0:07:38	3:08:21	0:03:45	2:27:15	AR	
fdf0a004-edd7-ef11-8ee9-000d3a5ae96c	903	Paulina Verges	F	F35-39	35	6:30:53	0:42:03	0:06:12	3:20:03	0:03:36	2:18:59	AR	
82df8a3f-b5bc-42e7-b90c-7d9be2ffae4f	904	Guillermo Midulla	M	M65-69	8	6:31:07	0:49:17	0:09:19	3:18:06	0:06:32	2:07:52	AR	
31d2311a-e410-4f5e-834f-481f9b4537a9	905	Sandra Quiroz	F	F45-49	33	6:31:08	0:55:00	0:05:41	3:19:55	0:04:17	2:06:15	AR	
16e316b9-9d13-ef11-9f8a-6045bd012ace	906	Patricio Rodriguez	M	M35-39	122	6:31:18	0:58:48	0:07:27	2:56:33	0:03:11	2:25:19	ARG	
8d494d0d-fc23-4049-af2c-b029518e7526	907	Alejandro De Beer	M	M55-59	54	6:31:41	0:38:00	0:06:26	3:26:58	0:04:16	2:16:02	arg	
af0fbcd2-0a6b-f011-bec3-6045bd05f634	908	Victor Monteros	M	M50-54	104	6:31:42	0:56:09	0:07:40	3:09:40	0:02:57	2:15:16	ARG	
97afd5bd-a8f0-42b1-8e7f-31f25248eedd	909	Luciana Tognetti	F	F35-39	36	6:31:42	0:58:08	0:07:35	3:16:53	0:05:47	2:03:19	AR	
b992e8e3-072d-45e8-aeb5-7c3115adffa9	910	Luis Miguel De Santis	M	M35-39	123	6:32:10	0:49:36	0:13:13	3:03:28	0:05:45	2:20:08	ury	
d3fdeaf1-22a2-4ddd-b03a-de43577953ed	911	Sandra Gomez	F	F45-49	34	6:32:52	0:49:39	0:06:56	3:10:26	0:06:34	2:19:17	AR	
cea126d3-5e14-ef11-9f8a-000d3a314c24	912	Ximena Manglano	F	F45-49	35	6:33:08	0:42:20	0:07:56	3:02:04	0:06:08	2:34:41	AR	
7aa0aa83-268b-4206-af40-1ae43ad051c0	913	María José Tuyaret	F	F35-39	37	6:34:30	0:49:01	0:06:18	3:24:42	0:02:24	2:12:06	AR	
a7174424-3226-4977-8ad9-6680c34fe8c6	914	Adalberto Rodriguez	M	M65-69	9	6:34:39	0:44:41	0:06:06	2:51:26	0:04:39	2:47:48	AR	
8efcd8bf-4809-40fa-a769-2f327ae6d556	915	Rodrigo Droguett	M	M35-39	124	6:35:11	1:01:50	0:08:47	2:51:23	0:05:20	2:27:51	CL	
460495c2-d8ce-4179-82a6-33b96de8292b	916	Victor Hugo Arias	M	M55-59	55	6:35:30	1:03:57	0:08:49	3:03:40	0:03:52	2:15:12	AR	
7bdf1b84-2986-4a48-a611-056cf4e5c3c3	917	Carlos Fernandez	M	M50-54	105	6:36:01	0:54:22	0:07:36	3:20:22	0:03:43	2:09:58	AR	
4aaa8588-e63c-4d49-a2fc-6eafb7e2f8ec	918	Barbara Pascuzzi	F	F45-49	36	6:37:05	0:41:58	0:06:15	3:16:12	0:04:25	2:28:16	arg	
e66b322c-4ad2-4212-81e4-a9768bb844a3	919	Carlos Greco	M	M65-69	10	6:38:14	0:44:44	0:07:39	3:28:45	0:06:05	2:11:01	AR	
b77d65f4-c5f6-ef11-9340-6045bd05011a	920	Andres Bourda	M	M50-54	106	6:39:41	0:49:43	0:08:21	2:58:41	0:04:01	2:38:55	arg	
115a4ac7-5a04-4139-b221-29ec626446cb	921	Pablo Musutto	M	M50-54	107	6:39:58	0:42:35	0:07:46	3:05:36	0:04:33	2:39:28	AR	
cd3ae310-cc77-4bef-b094-5e69fde8e550	922	Anata Berdun	F	F35-39	38	6:40:31	0:51:35	0:06:43	3:20:52	0:03:22	2:17:59	AR	
32f1617a-e2cf-4bfb-ab65-0473afa7da96	923	Gustavo Sarden	M	M50-54	108	6:41:31	1:02:24	0:05:43	3:09:17	0:02:29	2:21:38	AR	
a5f53051-b5be-4e5b-bd07-55cda385f726	924	Patricia Coiro	F	F50-54	28	6:41:32	0:40:59	0:05:29	3:21:39	0:04:35	2:28:50	UY	
db9a7a33-ee93-48d0-af2c-c0b96a8af44f	925	Ana Valeria Guerci Romero	F	F35-39	39	6:41:36	0:36:01	0:11:00	3:28:04	0:06:24	2:20:06	AR	
7eb2d6db-ec04-430d-a362-3ea659199640	926	Arturo Irarrazaval	M	M40-44	157	6:41:49	0:40:05	0:06:22	3:04:50	0:08:29	2:42:02	AR	
e23ac2c6-b3d5-4f74-8bf7-c9080fab2933	927	Olga Beatriz Vargas	F	F60-64	6	6:41:58	0:48:06	0:06:07	3:17:32	0:02:14	2:27:59	AR	
9757f92c-e506-4d77-b5e0-14f146b9dca9	928	Adelqui Calderini	M	M50-54	109	6:42:27	0:48:15	0:05:13	2:59:12	0:03:35	2:46:11	AR	
0ca570f1-2d78-463d-b29d-04a8faca5bcd	929	Pablo Portuso	M	M55-59	56	6:43:52	0:57:29	0:08:30	3:23:18	0:03:49	2:10:46	AR	
86a030b6-9db1-4840-ad9b-36c1dab6aba0	930	Jorge Omar Lopez	M	M60-64	31	6:44:26	0:51:04	0:10:09	3:15:27	0:05:00	2:22:45	AR	
e72032ff-d7aa-4b0e-a082-0c31490ad1e0	931	Roberto Dohmen	M	M50-54	110	6:45:12	0:41:12	0:09:31	2:44:56	0:06:05	3:03:29	AR	
4f4a8707-37d4-4b2a-91fb-e3ef4fba0471	932	Lucrecia Klocker	F	F35-39	40	6:45:44	1:01:29	0:05:30	3:23:09	0:04:17	2:11:19	AR	
396ac387-518e-f011-b4cc-6045bd05f634	933	Luis Rodrigo Medina Lazo	M	M40-44	158	6:46:01	0:46:48	0:06:30	3:03:24	0:06:41	2:42:38		
e63b8f05-e211-4050-b92d-7b462332991b	934	Cecilia Rodriguez	F	F40-44	36	6:47:35	0:55:32	0:06:20	3:29:02	0:02:04	2:14:37	AR	
b6779531-fa76-4f1e-a618-a0c0f253d5b1	935	Ana Maria Peragallo Missana	F	F45-49	37	6:47:57	0:56:28	0:08:21	3:10:53	0:04:57	2:27:17	CL	
fde4c159-df43-4b74-a30c-8b55ff8c841f	936	Adrian Barzola	M	M55-59	57	6:49:04	0:50:30	0:17:00	3:27:57	0:05:15	2:08:23	AR	
a3bcdc79-e864-ef11-bfe3-00224808301f	937	Sandra Quitian	F	F35-39	41	6:49:36	1:01:55	0:06:10	3:37:18	0:02:29	2:01:44	CL	
aaae1ee3-dfe8-4b85-a27e-b1e3a5fc2e72	938	Jorge Acosta	M	M40-44	159	6:50:11	0:38:20	0:06:57	3:40:32	0:04:12	2:20:10	AR	
43f93ff5-2cd6-4fee-872e-49de28b99bfe	939	Ezequiel Cusnir	M	M50-54	111	6:50:22	0:41:13	0:06:14	2:55:52	0:04:18	3:02:45	AR	
843345b3-0f11-4830-b0dc-3963b5ae7b0f	940	María Laura Gelabert	F	F50-54	29	6:50:57	0:52:58	0:08:55	3:32:33	0:03:31	2:13:00	AR	
af44b85b-61eb-42c5-aac1-98ea9ee8185c	941	Fernanda Gioppato	F	F50-54	30	6:51:26	0:53:24	0:09:02	3:11:54	0:04:49	2:32:17	AR	
78aad96a-606c-4707-a202-9144b22daaea	942	Mauricio Marinoni	M	M30-34	62	6:51:28	0:45:53	0:11:36	3:17:37	0:04:31	2:31:51	UY	
058ae4e8-6066-4e82-b33a-e87ae1a19d7d	943	Ana Laura Arcesiri	F	F45-49	38	6:53:14	0:53:48	0:11:40	3:20:36	0:07:19	2:19:53	AR	
823fc3b4-67a1-ec11-b400-0022480c0e1e	944	Angélica Conalbi Lacroix	F	F25-29	5	6:53:17	0:45:05	0:09:33	3:26:22	0:02:05	2:30:13	AR	
a39604ba-a828-43fb-b70e-e9715d714eb6	945	Facundo Magin Olmos Comastri	M	M18-24	11	6:53:45	0:43:01	0:08:16	2:55:08	0:05:47	3:01:32	AR	
38baaa22-d40f-498e-9524-24c5e9c67545	946	Cristina Cantone	F	F55-59	11	6:54:11	0:56:25	0:10:20	3:09:41	0:05:45	2:32:00	AR	
758ac529-12ca-410a-b1c6-0dcc42822b29	947	Renata Grande	F	F35-39	42	6:55:32	0:50:27	0:09:05	3:19:33	0:06:19	2:30:08	BR	
fbf4bd81-d543-4350-8e6d-63a22b4bf52b	948	Daniel Grande	M	M40-44	160	6:55:32	0:50:27	0:09:04	3:19:32	0:06:22	2:30:07	BR	
f5e8c66a-299f-4229-a111-9bc1ee9ec742	949	Guido Santos Natale	M	M65-69	11	6:55:35	0:47:49	0:13:11	3:14:53	0:04:12	2:35:30	AR	
cd0201a5-b07e-ef11-ac21-000d3a338a3c	950	Hernan alberto de Paz	M	M55-59	58	6:56:46	0:55:35	0:07:49	3:31:03	0:02:45	2:19:34	AR	
b124217a-e98f-4701-9881-9485f958b2c0	951	Cristiane Dela Libera Gabrielli Sampaio	F	F50-54	31	6:57:03	0:57:30	0:07:31	3:31:08	0:03:45	2:17:08	BR	
2de8d495-330c-f011-9988-000d3a3173b5	952	María Julia Gonzalez	F	F35-39	43	6:57:55	0:46:23	0:08:12	3:24:02	0:07:44	2:31:33	arg	
1e705bf5-fe26-455a-9d9f-0f83643391aa	953	Ana Elisa Crepaldi	F	F50-54	32	6:58:12	0:49:28	0:08:58	3:37:36	0:06:17	2:15:52	BR	
82db2a59-eaa8-424c-a50d-de6f8cc9834f	954	Diego Jose Pelleriti	M	M65-69	12	6:58:33	0:45:42	0:05:32	3:53:34	0:04:39	2:09:06	arg	
fa9f0461-d0af-ee11-a569-000d3a314329	955	Federico Rocca	M	M40-44	161	6:59:12	0:50:14	0:06:41	3:08:33	0:05:03	2:48:41	AR	
8ca844b0-d027-4130-a29d-311d3670d918	956	Marcelo Adrian Perrone	M	M50-54	112	6:59:33	0:45:59	0:08:47	3:27:57	0:05:27	2:31:23	AR	
aa353b1d-308e-40c0-856e-649a84c0185c	957	Stefano Paolucci	M	M25-29	45	7:00:10	0:51:59	0:07:10	3:03:54	0:04:03	2:53:06	AR	
3e539175-cf06-48c5-947d-7136166c5f75	958	Francisco Facundo Zavalia	M	M60-64	32	7:00:23	0:48:57	0:09:17	3:28:04	0:04:34	2:29:31	AR	
789ed71f-e9e0-ee11-904c-6045bd075a4c	959	Bruno Montilla	M	M50-54	113	7:01:06	0:48:17	0:07:15	3:19:43	0:03:22	2:42:29	AR	
f0db17a0-61b5-4d42-92a6-dd241fcae6eb	960	Stella Maris Benitez	F	F50-54	33	7:02:16	0:46:14	0:05:39	3:23:35	0:04:16	2:42:32	AR	
4dbdd633-7555-4bd2-ae79-b5ac56f0c7e2	961	Paola Zapata	F	F45-49	39	7:03:14	0:51:44	0:08:59	3:33:54	0:02:46	2:25:51	AR	
ae21ef2e-c3f6-4b5d-8669-fbb2830e68a2	962	Horacio Padilla	M	M65-69	13	7:03:37	0:43:20	0:06:50	3:07:31	0:03:35	3:02:22	AR	
0573ac03-c87e-48bf-b545-0b0eb99b77ae	963	Daniela Lusich	F	F35-39	44	7:03:51	0:38:28	0:06:45	3:20:29	0:03:58	2:54:11	AR	
5e118047-a571-4db5-8f09-7c5b861cc128	964	Gustavo Adolfo Alvarez	M	M50-54	114	7:04:04	0:49:40	0:06:15	3:07:53	0:02:55	2:57:20	AR	
763d439c-84ef-ef11-9342-000d3a5ae96c	965	FLORENCIA Eva Dominguez	F	F30-34	17	7:04:56	0:55:54	0:07:09	3:18:15	0:07:22	2:36:17	AR	
f4d9a61c-c35a-4901-8d35-f463ffb36969	966	Matias Gallese	M	M35-39	125	7:05:09	0:56:44	0:06:22	3:18:08	0:07:17	2:36:38	AR	
29316225-6dbe-4831-845d-6e146474d157	967	Igor Timofeev	M	M35-39	126	7:05:13	0:47:14	0:08:17	3:33:35	0:02:08	2:34:00	AR	
6f264028-7ff6-4e6d-a048-02a1e1dbb55e	968	Flavia Bessone	F	F55-59	12	7:05:34	0:58:33	0:08:53	3:32:34	0:06:29	2:19:04	AR	
72e5579b-a850-4f03-839e-a68635f1f1c6	969	Eduardo Arnaez	M	M55-59	59	7:05:45	0:47:42	0:07:26	3:23:27	0:03:28	2:43:42	AR	
b5ab3b45-0e6b-f011-bec3-6045bd05fcc1	970	Carlos Alfredo Villalobos	M	M50-54	115	7:08:57	0:49:31	0:08:19	3:06:45	0:03:27	3:00:56	ARG	
640535c8-06ad-47a2-8aa0-48d5193cd179	971	Gustavo Marin	M	M70-74	1	7:09:02	0:59:23	0:10:29	3:08:00	0:06:31	2:44:39	AR	
76297646-7418-4fd3-b16b-a9c72581d259	972	Ana Belen Castaña	F	F40-44	37	7:09:19	0:53:19	0:06:16	3:44:57	0:03:18	2:21:29	AR	
9fd0ebef-3a8d-4eb0-9a5e-4c4386fcc5d1	973	Karina Zucconi	F	F50-54	34	7:10:11	0:47:43	0:16:03	3:41:14	0:05:42	2:19:29	AR	
2ab27236-5b4c-4eaf-9dd7-3d6e119e51bf	974	Enrique Hector Cortadiz	M	M60-64	33	7:12:07	0:49:20	0:08:58	3:31:59	0:05:33	2:36:17	AR	
adc89c0c-b39f-49b3-8d59-e08eb32460a5	975	Octavio Arizu	M	M25-29	46	7:13:03	0:59:26	0:05:45	3:03:51	0:04:20	2:59:40	AR	
ba391d06-4469-4c87-b86e-a2497e762aff	976	Steve Lamantia	M	M65-69	14	7:13:14	0:50:29	0:12:28	3:19:43	0:08:58	2:41:36	usa	
8d983e38-1879-483a-9199-887786dc2e44	977	Mateo Ligato	M	M40-44	162	7:14:47	0:51:13	0:13:24	3:26:55	0:05:35	2:37:39	AR	
3b47996e-b2a8-497b-bd63-1bf9d57a2355	978	Gabriela Bursese	F	F60-64	7	7:15:54	0:54:25	0:08:13	3:37:02	0:04:53	2:31:21	AR	
2f18e3f8-8f89-ef11-ac21-000d3a5a1803	979	Alam Benítez Salgado	M	M25-29	47	7:18:12	0:54:04	0:08:13	3:30:27	0:03:26	2:42:02	PY	
27ec08de-79fd-44da-90b0-cfb561ed6fdc	980	Romina Alfaro	F	F50-54	35	7:23:19	0:45:20	0:09:18	3:33:27	0:06:11	2:49:03	AR	
84192424-7167-ee11-9ae7-000d3a31458d	981	Carlos Antunes	M	M50-54	116	7:24:17	0:56:33	0:11:11	3:54:25	0:03:51	2:18:17	AR	
27377dd1-c94b-42c2-957c-b97c1e7bbdcb	982	Fernando Quinteros	M	M55-59	60	7:27:35	0:53:25	0:13:13	3:28:45	0:06:32	2:45:40	arg	
7393b232-8e4d-443c-b12d-8d393c89460c	983	Fausto Aguero	M	M25-29	48	7:27:41	0:49:15	0:06:40	3:28:20	0:04:12	2:59:14	AR	
fbae3ee3-a31f-4270-a02c-cc8d10fea73e	984	Alberto Guido Reano	M	M60-64	34	7:29:40	0:46:32	0:07:42	3:19:53	0:04:16	3:11:17	AR	
98f153d0-9269-ef11-bfe3-000d3a367177	985	Eliana Hernandez	F	F50-54	36	7:37:45	0:55:47	0:10:30	3:39:49	0:06:35	2:45:03	AR	
3e249622-9f1a-4a20-8bf6-3b4cb001ea7d	986	Adrian Torres	M	M55-59	61	7:39:12	0:50:01	0:09:15	3:27:52	0:05:37	3:06:27	AR	
4fd6cd9b-29cb-457a-b965-2d45dfce92bf	987	Fabio Nievas	M	M55-59	62	7:42:24	0:59:37	0:10:36	3:14:49	0:04:03	3:13:19	AR	
c58ce41d-5be3-42f3-ba80-ddf1d848fce1	988	Claudio Minellono	M	M55-59	63	7:53:24	0:59:24	0:07:14	3:31:57	0:03:19	3:11:31	AR	
36e49ada-3c1c-4a43-9293-69bc57acdc65	989	Fabian Camino	M	M60-64	35	8:00:08	0:50:04	0:10:50	3:37:53	0:04:53	3:16:29	AR	
6a907554-e970-4d86-a5df-48ae615ef056	990	Johnny Andia	M	M60-64	36	8:04:05	1:05:53	0:14:39	3:19:56	0:05:01	3:18:36	AR	
e790cc86-ad4a-4e71-a49f-bcc7a6db930a	991	Marcelo Eduardo Giordano	M	M45-49	152	8:15:43	0:53:18	0:09:17	3:37:56	0:03:24	3:31:48	AR	
80675356-8472-e911-a995-000d3a34ef1d	99999	Malena Laiño	F	F40-44	99999							AR	DNS
f94d16cb-e2f6-ef11-9340-6045bd05011a	99999	Nicolas Doti	M	M35-39	99999							AR	DQ
ccfed309-3d1d-4861-a8bb-f88ba4310f57	99999	Marcelo Tobar Gavilan	M	M30-34	99999							CL	DNS
18ab17eb-5489-4330-840b-56739aebdf41	99999	Pablo Bajuk	M	M50-54	99999							AR	DNS
011e8f41-6023-44f2-afad-89f2ee3b3d2f	99999	Alejandro Abalos Reynonso	M	M40-44	99999							arg	DNF
9f907368-a62d-4fe3-bf08-8e7bc0a78246	99999	Hernan Castagnaro	M	M50-54	99999							AR	DNS
0d8bff76-43cd-48dd-a6f1-a8f98ee03289	99999	Agustin Manfredi	M	M35-39	99999							AR	DQ
07f233ed-5fb6-eb11-8236-000d3a5a5043	99999	Debora Bravo	F	F40-44	99999							AR	DNF
180ff221-7bf3-46a4-b490-c5ec2f77ecc3	99999	Raul Eduardo Garces Jimenez	M	M35-39	99999							CL	DQ
42a77c3f-5f59-407e-998e-cc1ab1559fc1	99999	Gustavo Gomez	M	M45-49	99999							AR	DNS
0e980a3a-52b0-42bd-81af-2b74a5f89164	99999	Maurren Sarcos	M	M45-49	99999							AR	DNS
e47904eb-4c57-f011-877b-6045bd05f634	99999	Marcos Pinto Leon	M	M45-49	99999							CL	DNS
e650c86f-cf71-42f2-b6bf-58e835bc4eab	99999	Gustavo Cochia	M	M40-44	99999							AR	DNS
f6b3cdf7-6b39-4567-80e1-1904691ceee9	99999	Rodrigo Taddei	M	M50-54	99999							BR	DNS
71d7ac75-e786-462e-b9e3-59ca8eb0791d	99999	Marcos Quaine	M	M35-39	99999							AR	DNS
44f485b6-067c-435b-a518-4171f4223105	99999	Luis Fabian Alric	M	M50-54	99999							AR	DQ
c21553eb-e147-4a2f-ab33-088e35c189b8	99999	CRISTIAN ANDRES CAPPUCCIO	M	M55-59	99999		0:36:25	0:03:34				AR	DNF
87de7188-922e-43d6-9a42-82bb94dcb490	99999	Pablo Aguero	M	M60-64	99999							ARG	DNS
b59cfcc0-1466-48ab-bd47-2830649a5d03	99999	Pablo De Solminihac	M	M25-29	99999							CL	DNS
edd02328-57f1-4497-bad0-383a703a24d0	99999	Celeste Escudero	F	F45-49	99999							AR	DQ
e3969073-b1ad-4886-a0a2-3323819a378c	99999	Macarena Velazquez	F	F30-34	99999		0:41:28	0:05:32				AR	DNF
6165ff09-928d-4fad-ae79-2fa0b223e9ac	99999	Pedro Vasconi	M	M18-24	99999		0:30:17	0:02:36				AR	DNF
f692252c-9634-e511-9403-005056951bf1	99999	Sebastian Fernandez	M	PC/ID	99999	8:07:51	1:10:31	0:08:38	4:08:51	0:03:13	2:36:37	AR	
477ad2f6-a494-41fb-9013-5aaaa9ad5b34	99999	Carlos Angel Ballestin	M	M40-44	99999							AR	DNS
b518c67f-bb67-4b0a-8dae-36c8523764da	99999	Marcos Pierri	M	M35-39	99999							AR	DQ
745a9858-a5f1-4015-80ca-1b6da86cbdee	99999	Luciano Vicente Trani	M	M40-44	99999		0:37:17	0:04:53	2:42:07	0:01:50		AR	DNF
c16ed6cd-89c6-4cd6-b0e7-3fab2aebf1ac	99999	Joaquin Muñoz	M	M40-44	99999							AR	DNS
ea6a0f73-8336-4a43-a1c3-c54118de19b9	99999	Nicolas Vargas Hott	M	M18-24	99999							CL	DNS
0d8f49d2-ac5b-42f0-8647-30ad232afacf	99999	Gaston Duran	M	M45-49	99999							AR	DQ
1d90b367-cdf6-ef11-9340-6045bd05011a	99999	Julieta Piacenza	F	F35-39	99999							AR	DQ
f0b9f2ba-8ced-4408-9dc8-71cc010f788f	99999	Martin Bertolotti	M	M35-39	99999		0:30:43	0:02:58				UY	DNF
b0c58039-10f2-4b8e-9cf3-ffae85b0029b	99999	Juan Pablo Nehin	M	M30-34	99999							AR	DQ
f2c97caa-5fa7-4794-94a2-550bef2633ec	99999	Samir Gabriel Silva	M	M40-44	99999							BR	DNS
7c4104ca-53a6-48c2-8d11-b4b93664f2de	99999	Julio Roque Sotelo	M	M55-59	99999							AR	DNS
dbc40df2-291a-4c00-a4ad-6ef351d380a8	99999	María del Pilar Ramos	F	F35-39	99999		0:36:37	0:03:45	2:29:36	0:01:47		AR	DNF
502178c6-f121-ee11-9cbe-000d3a314d17	99999	Héctor Larenas	M	M45-49	99999		0:39:29	0:03:31	2:39:15	0:02:45		CL	DNF
8d5585ce-2d66-4370-8f53-d6a58b5abab6	99999	Leandro Luna	M	M60-64	99999	7:50:11	1:15:05	0:09:17	3:35:27	0:04:04	2:46:18	AR	
219ddaad-150c-4dae-a775-e95cb3d30d18	99999	Lautaro Ponce	M	M30-34	99999							AR	DNS
0caa4c59-7acb-496a-9a19-af7470248902	99999	Lucas Pablo Obelar	M	M60-64	99999							AR	DNF
fdd41716-51f9-ef11-9341-002248049fdc	99999	Gabriel Dominguez	M	M60-64	99999							AR	DNS
052216ae-0914-4950-8517-2f7c0a35931f	99999	Glenn Newell	M	M50-54	99999							US	DNS
0ac647a4-6d7a-4cea-952f-4ec02a559f3a	99999	Soleiman Marrakchi	M	M18-24	99999							US	DNS
67c7e4d1-f572-ef11-a670-000d3a308d97	99999	Emmanuel Iodice	M	M40-44	99999							arg	DNS
a9c43e96-7c91-4dfe-8499-0782e85c62cf	99999	Mayra Lorena Mariani	F	F50-54	99999		0:43:22	0:08:05				AR	DNF
9f3267f2-e64f-4460-a20c-2274da0de8d0	99999	alberto godoy	M	M50-54	99999		0:53:36	0:07:26	3:12:43	0:06:23		AR	DNF
82754a76-86f3-4358-8875-37e0f4e19ca0	99999	Fernando Castro	M	M35-39	99999							CL	DNS
ff040759-9c41-4c96-a54a-40ef31b9d198	99999	Lucas Pereira Thomaz	M	M35-39	99999							BR	DNS
4819e756-ca7c-45d7-a593-9437c0bce782	99999	Nicolas Moreno	M	M45-49	99999							AR	DNS
9217ed2d-5f86-48f6-919c-a0e73789d5c7	99999	Pablo Ruiz Gallo	M	M35-39	99999		0:30:58	0:03:25				AR	DNF
de09bc1e-1d9a-4ebb-959e-efb4ff811cb6	99999	Bastian Ñamcuvilu Perez	M	M25-29	99999							CL	DQ
1a526f10-4491-ef11-ac21-000d3a338a3c	99999	Fabricio Hernan Riveros	M	M45-49	99999							AR	DNF
60b8558d-a185-4213-a75e-3310cba808db	99999	Marcio Ribeiro	M	M40-44	99999							BR	DNS
c7b80f3e-7ba2-ef11-8a6a-000d3a59a9a1	99999	Gisela Gradizuela	F	F45-49	99999							AR	DNS
470121e0-1b45-49bb-9d81-ca3f1ed77431	99999	Alberto Marinoni	M	M55-59	99999							PY	DNS
3f082fce-20cc-407a-a2f3-86b8914eac98	99999	Juan Pablo Trujillo Ramirez	M	M35-39	99999							CL	DNS
a3a1ccc4-92aa-4719-969f-43ff2b0542f1	99999	Micaela Puebla	F	F30-34	99999							AR	DNS
eb13f968-83be-4d01-b5d2-334cbfa50ad8	99999	Armando Crespo	M	M65-69	99999		0:53:50	0:10:53	3:18:03	0:14:33		AR	DNF
ebc2eecc-a293-4931-97d6-11bb6ac64499	99999	Mario Baeza	M	M35-39	99999							CL	DNS
d39ab711-d147-48d6-b2c2-adc531152610	99999	Damian Fernandez	M	M40-44	99999							AR	DNS
e9382c39-7dcc-4d5f-b330-a138b1985474	99999	Rodrigo Colaneri	M	M25-29	99999							AR	DNS
29861260-cefa-42bb-9ae0-480ae7458d1a	99999	Matilde Nieto	F	F50-54	99999		0:37:49	0:05:31	2:47:22	0:04:00		AR	DNF
09fce297-6eac-ed11-aad1-000d3a314c24	99999	Edgardo Adrian Rocca	M	M50-54	99999							AR	DNS
5cda3900-ec0d-44ca-9ab8-c87a77809839	99999	Mauro Costa	M	M40-44	99999							AR	DNF
b97e9e8a-7749-4daf-9815-b7627bac03d6	99999	Fernando Nogueira	M	M50-54	99999							US	DNS
55e84def-4481-4262-9607-85651d4b7f0f	99999	Luis Maria Flores Gimenez	M	M40-44	99999							AR	DNS
be025813-7a9a-4c4e-9845-fbe244e106c3	99999	Augusto Luis Albinati	M	M60-64	99999							AR	DNF
0bac08d3-16d3-4a93-94d5-2a9b1fd95243	99999	Leonardo Gatti	M	M50-54	99999							AR	DNS
db9130a1-f249-4a39-a29a-08aa0b8c4a13	99999	Pablo Nicolas Sanchez	M	M45-49	99999							AR	DQ
66aebabb-701d-4494-987d-b196b2d3d27e	99999	Ariel Schvarzstein	M	M55-59	99999							AR	DNS
0220e1e7-c3a2-4b7a-8b33-191ef8383850	99999	Ricardo Moraes	M	M65-69	99999							BR	DNS
d1096c22-9513-ef11-9f89-000d3a59e106	99999	Ezequiel Llan de Rosos	M	M35-39	99999							AR	DNS
79d4c3a0-94c3-ef11-b8e9-002248049fdc	99999	Vicente Zorita	M	M25-29	99999							AR	DNF
4cecfcc2-de82-4036-bbe6-5d70aa1b60f7	99999	Ariel Dalegre	M	M40-44	99999							AR	DQ
e8456720-7ec8-49c8-8d2f-e65082c99916	99999	Maricela Cuello	F	F30-34	99999							AR	DNS
900e138a-ec20-4613-86e0-84e5b6365230	99999	Luis Tapia	M	M40-44	99999							CL	DNS
09fa98df-6bdf-ef11-8eea-6045bd088264	99999	FERNANDA GONZALEZ	F	F55-59	99999							AR	DNF
26ee6e9e-3559-4c56-82b0-4d0e2042804c	99999	Elizabeth Carrillo	F	F40-44	99999							AR	DQ
05f5392c-8f53-4a50-b0e8-006db89d3f55	99999	Rafael Moradei	M	M35-39	99999							BR	DNS
5de45f25-c15b-4c2f-b58c-c8e2c9e14a17	99999	David Salomón Calivar Tarabay	M	M30-34	99999							AR	DNS
9a3063cd-33c6-442c-b26a-78d8d5fde463	99999	Tomas Jose Alvarez	M	M18-24	99999							arg	DNS
e0e8f9fd-cf8f-ef11-ac20-000d3a5a403c	99999	Francisco Guitou Suasnavar	M	M30-34	99999							AR	DNS
07b9eb79-50ae-4cf4-a663-8830964e9d33	99999	Gino Rafael Patti	M	M18-24	99999							AR	DQ
7ff3fd5e-bc15-4477-8765-80a47a61e482	99999	Pablo Balart	M	M40-44	99999							chl	DNS
c616e492-2507-f011-bae2-000d3a5b7c3b	99999	Edgardo Beraza	M	M70-74	99999							AR	DNF
53e23736-a64d-461b-9a39-0c343431ce98	99999	Luis Tschopp	M	M50-54	99999							AR	DNS
81ca6746-d473-437a-969f-e5bdfaf6208b	99999	Nico Tucci Rosano	M	M45-49	99999							UY	DQ
8a7efdb7-a4d5-4633-aa15-f86820ab4e76	99999	Sofia Sarcona	F	F55-59	99999		0:57:57	0:11:37	3:57:25	0:05:13		arg	DNF
d35da5f2-3fb0-4ecc-886e-c89e2d894f38	99999	Stefania Ailin Delfau	F	F35-39	99999		0:41:55	0:06:14	3:01:19			AR	DNF
39520ef4-96c3-40e0-b265-735a34eeb460	99999	Agustin Ess	M	M35-39	99999							arg	DQ
5cd65039-e560-4b8a-8afe-fac16f135ad4	99999	Santiago Allen	M	M40-44	99999							AR	DQ
4db7d714-572a-ef11-840a-6045bd0953ac	99999	Gustavo Limpias	M	M30-34	99999							AR	DNS
c22834e9-2705-46e3-a338-776fdc37ca10	99999	LEONARDO DANIEL PASCUAL	M	M45-49	99999							AR	DQ
90eb3c67-b8a6-ef11-8a69-6045bd018d16	99999	Fernando Saavedra	M	M35-39	99999							CL	DNF
2a08397a-b0a2-49d9-bc7c-3af931a6debd	99999	Lautaro Genolet	M	M30-34	99999							AR	DNS
341c0c6e-2763-4c73-9b25-4c69b77476f5	99999	Leonardo Leiva Mendoza	M	M40-44	99999		0:38:59	0:04:37	2:21:04	0:03:12		CL	DNF
4cd9a368-df0e-4936-a32c-50f62418571a	99999	Juan Carlos Guardia	M	M60-64	99999							AR	DNS
90c08250-e94d-4e12-b9d7-9b76803ca78d	99999	Mauricio Sapiro	M	M50-54	99999							UY	DNS
2642f692-1b3a-4555-9efb-ff7c028f0d90	99999	Diego Galindez	M	M50-54	99999							AR	DNS
8c5204f6-f3f0-4b5a-a9b4-f0e56cbac17f	99999	Pedro Benito Luberriaga	M	M60-64	99999							arg	DNF
be1fd157-2329-444a-8552-8a67b80f87cb	99999	Veronica Iphar	F	F45-49	99999							AR	DQ
2a663020-9634-e511-9403-005056951bf1	99999	Rogelio Burgos	M	M65-69	99999							UY	DNS
acbef5af-6cff-ef11-bae2-6045bd09951e	99999	Jesús José Jimenez	M	M45-49	99999	6:29:31	1:11:07	0:05:13	2:58:59	0:04:07	2:10:04	AR	
69ff8e76-a80f-e511-9401-005056951bf1	99999	Fabian Berdun	M	M60-64	99999							arg	DNS
