ContactId	Overall_Rank	Name	Gender	Division	Div_Rank	Total_Time	Swim	T1	Bike	T2	Run	Country	Status
a40f4adb-b9f5-4a5a-bebd-f7b819639590	1	Henry Räppo	M	MPRO	1	3:38:31	0:23:07	0:01:50	2:01:37	0:01:07	1:10:50	est	
ac8e28d2-bc7e-4ef0-a700-28baa2aae187	2	Hannes Butters	M	MPRO	2	3:39:38	0:21:58	0:02:10	2:00:03	0:01:14	1:14:12	DE	
5181bbf0-0c7b-f111-ab0e-70a8a59c856c	3	Enzo Bourdon	M	MPRO	3	3:41:12	0:23:07	0:02:02	2:03:27	0:01:21	1:11:15	FRA	
0272c7c2-b7d9-ef11-8eea-000d3a5a1803	4	Zachary Bernier-Michaud	M	MPRO	4	3:42:36	0:24:36	0:01:53	2:02:32	0:01:20	1:12:17	CAN	
09274581-6669-4ba4-bb27-35a12ce0bd6f	5	Florian Angert	M	MPRO	5	3:43:26	0:23:06	0:01:57	2:02:59	0:01:14	1:14:11	GERMANY	
df592786-5d4d-f111-bec5-7c1e528d602a	6	Gaspard Tharreau	M	M18-24	1	3:46:02	0:22:58	0:02:16	2:03:07	0:02:35	1:15:06	FRA	
218949dc-b9bc-4501-9595-b520508e048a	7	Milosz Sowinski	M	MPRO	6	3:46:46	0:24:15	0:02:00	2:04:54	0:01:44	1:13:53	Poland	
d34e3aef-bd9a-4dec-a2af-6c2090b7d470	8	Louis Woodgate	M	MPRO	7	3:47:34	0:23:52	0:02:06	2:00:59	0:01:29	1:19:09	GR	
928a9c24-75a3-4ff1-b9c3-69b3f15a75e9	9	Marco Lorenzon	M	MPRO	8	3:50:07	0:23:06	0:02:13	2:03:25	0:01:17	1:20:05	ITA	
03a8e229-b982-4ef4-965f-678b30a19228	10	Julian Nicolaes	M	MPRO	9	3:52:32	0:24:13	0:02:40	2:08:41	0:01:38	1:15:20	BE	
f6bd8c03-da56-48c9-858b-6bd655e21ca3	11	Ludovic Roussel	M	MPRO	10	3:54:20	0:26:40	0:01:58	2:09:30	0:01:49	1:14:23	FRA	
55c21af5-65a4-411d-a63d-905068c3ec1d	12	Ivo Janssen	M	M30-34	1	3:54:47	0:30:17	0:03:17	2:04:11	0:02:54	1:14:08	NL	
6d0e106b-b038-4b87-9bd2-30c6b42e512d	13	Sander Ilves	M	M30-34	2	4:04:55	0:31:36	0:02:55	2:09:05	0:02:50	1:18:29	est	
3a9eb0e2-528b-f111-ab0f-0022480b35b6	14	Matthew Wilson	M	M18-24	2	4:05:13	0:31:56	0:02:59	2:06:34	0:02:51	1:20:54	GBR	
54868825-68d5-4f9a-bacc-bba4daa4f331	15	Cevin Anders Siim	M	M25-29	1	4:06:48	0:24:31	0:02:34	2:15:05	0:02:21	1:22:17	EE	
0803835e-1a0e-4834-bdee-ae3036587375	16	Yann Massyn	M	M30-34	3	4:07:23	0:29:27	0:02:42	2:13:53	0:02:27	1:18:54	FR	
3d35386e-16fe-4eac-a50b-64eebdfe78b9	17	Titouan Le Grand	M	M25-29	2	4:07:23	0:28:42	0:03:38	2:11:13	0:03:33	1:20:18	fra	
569e0633-747f-4d79-ba6c-1bdcde9cc55c	18	Mael Guillermin	M	M25-29	3	4:07:48	0:28:57	0:02:55	2:15:32	0:04:02	1:16:21	fra	
919aff95-95d7-4744-bdbc-e9f7e5b63fca	19	Daniel Geisler	M	M35-39	1	4:09:37	0:29:54	0:02:46	2:14:52	0:03:12	1:18:54	gbr	
0a2c32f1-37c9-f011-bbd3-000d3a5b7c3b	20	Mart Leo Ruus	M	M25-29	4	4:10:11	0:28:17	0:03:06	2:19:27	0:02:22	1:16:59	EST	
ca5044c1-3590-f111-8076-7ced8d3c7112	21	Stepan Volf	M	M18-24	3	4:10:42	0:26:06	0:03:36	2:18:59	0:02:42	1:19:20	cze	
0952df22-5d34-f111-88b3-000d3a376cfa	22	Marta Bernardi	F	FPRO	1	4:12:04	0:26:48	0:02:31	2:22:23	0:01:31	1:18:52	ITA	
fd6e01ca-e0f8-4f7c-bc38-98078e04bd68	23	Ben Atkins	F	M18-24	4	4:12:53	0:26:48	0:03:42	2:16:10	0:03:27	1:22:45	Unknown	
cf3e1d17-b445-ed11-bba1-000d3a314329	24	Sandra Huon	F	FPRO	2	4:13:05	0:28:51	0:03:14	2:21:02	0:00:58	1:19:00	esp	
6030980e-cefc-4b10-a947-cadaae7de560	25	Liis Kapten	F	FPRO	3	4:13:08	0:25:25	0:02:33	2:17:16	0:01:02	1:26:52	EE	
153ae227-b72e-4966-b4c3-c8639b211d13	26	Ed Dyer	M	M45-49	1	4:14:31	0:29:21	0:03:30	2:15:09	0:03:36	1:22:54	GB	
271f101f-cd8b-4bb6-86ae-93e5b5b5121b	27	Rait Pallo	M	M50-54	1	4:15:24	0:30:02	0:02:37	2:16:24	0:03:06	1:23:15	EST	
a770b709-4be9-4316-984f-eada1c8f6285	28	Jake Rushby	M	M25-29	5	4:17:03	0:28:19	0:03:57	2:18:45	0:02:35	1:23:27	gbr	
cce84a58-bfaf-ed11-83fe-000d3a31458d	29	Lassi Okka	M	M25-29	6	4:17:25	0:27:41	0:02:49	2:19:28	0:02:53	1:24:35	FI	
488fa364-3d6a-4ede-b073-d62466cbf287	30	Andrey Sharipov	M	M40-44	1	4:17:28	0:27:37	0:02:17	2:21:12	0:03:34	1:22:49	uzb	
74899a4d-ca64-4f00-be28-8dc5e616316f	31	Rolands Putnins	M	M35-39	2	4:18:28	0:32:21	0:03:48	2:17:17	0:02:59	1:22:03	LV	
942f260c-61b2-443f-9135-84e2ea7efb27	32	Kaspar Loog	M	M45-49	2	4:18:39	0:33:02	0:03:25	2:18:59	0:02:34	1:20:39	EE	
6c3288e4-a638-4369-8de3-3cb9d78b4f62	33	Andreas Kröner	M	M50-54	2	4:19:24	0:30:47	0:03:10	2:16:21	0:03:58	1:25:07	AT	
e1705df2-27d6-4a83-9a36-e411924a956f	34	Mike Strang	M	M30-34	4	4:22:26	0:34:15	0:03:56	2:19:33	0:03:00	1:21:43	NL	
6c8ada45-b304-f111-8406-002248046ec8	35	Jaume Mas Riera	M	M30-34	5	4:22:48	0:28:35	0:03:03	2:21:09	0:02:44	1:27:18	ESP	
91c6d94e-8f60-ef11-bfe3-000d3a371e3b	36	Steffen Hindborg Pedersen	M	M35-39	3	4:23:32	0:30:30	0:03:40	2:14:36	0:03:38	1:31:08	dnk	
e95be000-3125-f011-8c4d-000d3a35ffc1	37	David Flotten Volden	M	M18-24	5	4:24:27	0:35:31	0:03:15	2:15:16	0:02:30	1:27:56	nor	
7bb913a8-f893-f011-b4cc-6045bd05f634	38	Andreas Kvalbein	M	M18-24	6	4:24:46	0:31:10	0:03:37	2:12:12	0:03:10	1:34:37	NOR	
eaafd0df-0c00-f011-bae2-000d3a3173b5	39	Carlo Spaggiari	F	M25-29	7	4:25:23	0:28:49	0:03:22	2:29:11	0:03:17	1:20:44	Unknown	
174d8161-dea2-4221-b41c-8921e453e81e	40	Tomasz Jakubowski	M	M30-34	6	4:26:31	0:27:40	0:03:01	2:22:01	0:02:34	1:31:15	POL	
4a7f9030-d285-f011-b4cc-000d3a5b7c3b	41	Jakob Remmel	M	M35-39	4	4:26:38	0:33:49	0:04:17	2:19:30	0:02:39	1:26:22	est	
8c30a8be-9541-4f6c-b5ba-5b0dfcdf56a3	42	Mathias JAOUEN	M	M35-39	5	4:26:40	0:31:42	0:04:32	2:18:48	0:03:23	1:28:15	fra	
ef70afb4-ac7a-ea11-a812-000d3a5a1cf8	43	david Potter	M	M40-44	2	4:27:22	0:33:34	0:05:02	2:21:38	0:02:50	1:24:17	gbr	
595eb34a-e5dc-f011-8544-000d3a35ffc1	44	Tom Marshall	M	M25-29	8	4:27:38	0:27:13	0:04:37	2:26:00	0:03:48	1:25:59	GBR	
9fd04ed0-a54a-4e1e-9abc-65cc755cd1ed	45	Kasper Würtz	M	M40-44	3	4:27:57	0:36:11	0:03:52	2:21:28	0:02:34	1:23:52	dnk	
a29f9551-97b8-f011-bbd3-000d3a3173b5	46	Lloyd van der Griendt	M	M30-34	7	4:28:49	0:28:42	0:04:05	2:25:49	0:02:54	1:27:21	NLD	
67cee32f-305a-4976-aa7f-3c1a87f57730	47	jakub leduchowski	M	M40-44	4	4:29:00	0:31:55	0:03:18	2:22:15	0:02:59	1:28:32	pol	
4091fc05-d58a-4061-8d13-89ddd1e152b0	48	Eemeli Haataja	M	M30-34	8	4:29:03	0:34:14	0:03:33	2:20:58	0:03:07	1:27:10	FI	
af41e93f-ffaa-4be4-b600-28e1698eb648	49	Barna Pasztor	M	M30-34	9	4:29:12	0:32:16	0:04:12	2:21:51	0:02:35	1:28:19	che	
9be96739-5bc2-f011-bbd2-000d3a5b7c3b	50	Matthias Van Gestel	M	M25-29	9	4:29:14	0:35:06	0:05:14	2:20:12	0:05:26	1:23:17	BEL	
76ef7f60-cc31-4809-8c75-abf0449ccfea	51	Chris Debonnaire	M	M30-34	10	4:29:19	0:31:56	0:03:55	2:21:05	0:02:53	1:29:29	gbr	
a8e0d1ba-21ac-411b-9720-6629d2bead33	52	Taago Tulf	M	M40-44	5	4:29:39	0:29:35	0:03:35	2:22:34	0:02:17	1:31:38	EE	
7e58c453-cc1c-4252-b2a7-f29fd4290eb1	53	Jarne Wilms	M	M25-29	10	4:29:49	0:31:04	0:03:41	2:26:12	0:02:23	1:26:28	bel	
e611a5e3-fe43-4e4c-91f4-0ab818bcd7a5	54	Matti Punkari	M	M55-59	1	4:29:49	0:31:14	0:03:52	2:22:50	0:02:49	1:29:05	FIN	
34712552-0911-453f-9481-ddf614052471	55	Conor Mccarthy	M	M30-34	11	4:30:42	0:34:49	0:03:01	2:19:32	0:02:58	1:30:22	gbr	
339f49b3-0003-f011-bae2-000d3a35ffc1	56	paul albertini	M	M30-34	12	4:31:31	0:33:01	0:05:06	2:21:36	0:03:31	1:28:18	fra	
b9a61dc7-dda2-484f-961c-5aef4225e5e8	57	Siim Vinter	M	M40-44	6	4:32:00	0:35:12	0:03:48	2:22:12	0:02:45	1:28:02	EE	
4f7090e1-e943-4e54-a2bf-686becd2a392	58	Chino Iwabuchi	F	FPRO	4	4:32:36	0:32:50	0:02:45	2:26:53	0:01:23	1:28:45	JPN	
9fc67d67-6c7c-44b7-a4d1-45d825c74d70	59	Katie Walker	F	F25-29	1	4:33:15	0:27:59	0:03:20	2:34:00	0:02:30	1:25:27	GB	
9925351f-de64-403e-939d-85618fdf1cfc	60	Kaidi Kivioja	F	FPRO	5	4:33:32	0:28:52	0:02:17	2:23:13	0:01:30	1:37:40	EE	
e96cf93b-d94f-4c2c-ab35-8d425425ec94	61	Cesar Borges Alvarez	M	M50-54	3	4:33:51	0:33:07	0:05:03	2:28:14	0:04:05	1:23:22	esp	
98a99973-c9bc-eb11-8236-0022480a2a92	62	Taavi Lehemaa	M	M30-34	13	4:33:51	0:37:18	0:03:01	2:20:18	0:03:06	1:30:09	EE	
47adb1d9-8036-4c01-b0f3-53df31edb9af	63	Dmitrii Sidnev	M	M30-34	14	4:33:53	0:38:32	0:05:07	2:25:21	0:03:05	1:21:48	RU	
3d4ac12e-f9c6-4dbf-92a5-2288ed5bd599	64	Paul Modart	M	M40-44	7	4:33:57	0:30:32	0:03:57	2:30:39	0:03:23	1:25:25	che	
a9553afa-cac7-43bf-a2fc-357a39723f6e	65	Máté Szaniszló	M	M35-39	6	4:34:06	0:28:39	0:03:18	2:34:12	0:02:35	1:25:22	HU	
0905cb53-8eb3-ee11-a569-000d3a314d17	66	Florian Hanf	M	M25-29	11	4:34:12	0:35:08	0:04:33	2:22:42	0:04:25	1:27:23	bel	
a4eeb0f3-4eaf-ef11-b8e8-000d3a5ae96c	67	Miroslav Zniščinskij	M	M25-29	12	4:34:21	0:32:51	0:03:10	2:27:45	0:02:32	1:28:03	LT	
aa659ae8-6cd6-4b94-82a9-9de7108beeb2	68	Martins Marnauza	M	M40-44	8	4:35:29	0:31:19	0:04:50	2:29:54	0:02:50	1:26:36	lva	
4cf833fb-703b-4207-ab3e-2e9ed9fd9590	69	Simon Trans	M	M18-24	7	4:35:34	0:36:59	0:04:12	2:21:28	0:03:30	1:29:24	DK	
9025c932-28f2-4c0c-9224-0ce98970b86b	70	Ahti Suppi	M	M50-54	4	4:35:43	0:36:06	0:04:54	2:20:55	0:03:56	1:29:52	EE	
3e7c5187-cc64-4257-b56a-e1ae0d957ce3	71	Thierry Majerus	M	M55-59	2	4:35:46	0:34:06	0:04:59	2:22:51	0:04:21	1:29:29	lux	
2e433d33-5508-4a82-bf28-d52090367a59	72	Rikus De Lange	M	M30-34	15	4:35:57	0:28:50	0:04:35	2:22:12	0:04:28	1:35:52	NL	
3529b752-bd16-4a82-abba-dbcf75de3449	73	Andrea Antonacci	M	M25-29	13	4:36:01	0:29:32	0:04:06	2:36:00	0:03:34	1:22:49	IT	
a10203fd-9b77-4a30-a8a7-0ae5c174f33e	74	Youssef Sebban	M	M35-39	7	4:36:02	0:33:56	0:04:45	2:26:56	0:03:29	1:26:55	US	
77da6f2e-1f8a-ef11-ac21-000d3a59a9a1	75	Olli Heiskanen	M	M35-39	8	4:36:22	0:34:52	0:03:49	2:25:05	0:02:59	1:29:37	fin	
54b34898-dfa3-46ac-9fb1-b1319846c6e8	76	Annabelle Davis	F	F35-39	1	4:36:32	0:31:16	0:04:06	2:27:18	0:04:07	1:29:45	United Kingdom	
6bef02f3-1b64-44af-b3f9-8ea8886df3c7	77	Mico Brotkin	M	M40-44	9	4:37:41	0:35:25	0:03:23	2:25:39	0:02:36	1:30:37	fin	
a78f5084-1434-460d-b127-163537019ca7	78	Ritvars Traidass	M	M35-39	9	4:38:05	0:35:01	0:03:50	2:31:07	0:03:41	1:24:27	LVA	
72f03b46-5273-4903-a092-38b8b553cecf	79	Bojan Djuric	M	M50-54	5	4:38:06	0:32:51	0:06:38	2:20:01	0:04:22	1:34:14	Serbia	
88da9544-b8c6-f011-bbd3-000d3a35ffc1	80	Thomas Hollingshurst	M	M25-29	14	4:38:07	0:31:11	0:03:18	2:32:02	0:04:28	1:27:08	GBR	
8e5bff4b-538c-f111-ab0f-7ced8d3c646e	81	Giorgia Messori	F	F18-24	1	4:38:31	0:25:04	0:03:36	2:39:33	0:03:12	1:27:05	ITA	
e9666e88-3bf4-ef11-9342-6045bd088264	82	Oliver Pällo	M	M18-24	8	4:38:39	0:32:02	0:03:57	2:29:13	0:03:27	1:30:00	EE	
49a20895-52be-4ef0-9210-7b2c4c581e22	83	Jessie Swift	F	F30-34	1	4:38:40	0:35:51	0:03:04	2:27:16	0:02:47	1:29:43	gbr	
e20f6d05-7f7f-f011-b4cc-000d3a5b50ba	84	Nicklas Majlund Christiansen	M	M30-34	16	4:38:59	0:38:44	0:05:06	2:22:29	0:04:51	1:27:49		
99620160-368f-4cce-9a6d-70e0a16ac22e	85	Egert Purre	M	M35-39	10	4:39:03	0:40:54	0:03:59	2:19:37	0:02:48	1:31:45	EST	
9d4db654-684a-4ff5-8296-b29674d0fd57	86	Marek Antoniak	M	M55-59	3	4:39:25	0:35:27	0:04:12	2:16:17	0:04:41	1:38:48	est	
ae38e827-0440-4a31-99da-3e5680ae3b50	87	Liisa Kull	F	F35-39	2	4:39:27	0:35:08	0:05:14	2:27:43	0:03:56	1:27:25	EST	
2f18757a-778c-4dbb-a2f0-fb84663ffa17	88	Will Morris	M	M30-34	17	4:39:29	0:35:15	0:05:12	2:23:49	0:03:06	1:32:08	GB	
0f8af993-95ac-47d5-b53f-6f73e2775cd0	89	Mark Rushby	M	M55-59	4	4:39:35	0:37:09	0:06:00	2:25:36	0:03:18	1:27:33	gbr	
7aaa8f95-57b7-4512-af90-6008e78304d9	90	Kaur Georg Maksimovski	M	M18-24	9	4:39:42	0:34:50	0:03:47	2:34:30	0:02:56	1:23:38	EE	
42022a96-232e-ef11-840a-000d3a367177	91	Fanis Kontos	M	M30-34	18	4:39:49	0:30:03	0:03:21	2:28:54	0:02:25	1:35:06	Greece	
d91a6f7b-cefd-f011-8406-002248046ec8	92	Johanna Viitanen	F	F25-29	2	4:39:59	0:32:30	0:04:26	2:30:00	0:02:55	1:30:08	FIN	
02eff8a9-c688-ef11-ac21-000d3a338a3c	93	Thomas Dixon	M	M30-34	19	4:40:02	0:38:07	0:03:44	2:28:46	0:03:27	1:25:57	CH	
7315f04f-566e-4cc7-b9e9-d4309c612085	94	Rafel Bestard Perello Bestard Perelló	M	M25-29	15	4:40:51	0:30:50	0:04:00	2:25:48	0:02:57	1:37:16	ESP	
16a35f84-444f-4d3f-afc9-05b3e005c110	95	Francesca Cox	F	F30-34	2	4:40:57	0:34:30	0:03:23	2:30:18	0:03:18	1:29:29	gbr	
6f637414-28eb-47b4-9e42-098261275c59	96	Brittany Higgins	F	FPRO	6	4:40:59	0:28:27	0:02:34	2:29:10	0:01:37	1:39:12	USA	
cdb57035-ee0b-ef11-9f8a-000d3a314c24	97	Matteo De Ferrari	M	M25-29	16	4:41:25	0:28:30	0:03:24	2:19:57	0:04:35	1:44:59	ita	
5812ea0b-4f25-4711-a635-482dd1ea367e	98	Kert Pallo	M	M18-24	10	4:42:03	0:29:39	0:03:45	2:34:36	0:02:17	1:31:46	EE	
1a65126a-090c-44a7-84cf-5a62931664a3	99	Sergei Kulikov	M	M50-54	6	4:42:23	0:35:03	0:03:19	2:23:23	0:03:04	1:37:34	EE	
a27944f6-cfc1-44ef-a5f4-834822d20968	100	Maksims Lukasevics	M	M30-34	20	4:42:28	0:31:36	0:03:02	2:32:05	0:03:09	1:32:36	LVA	
61be9a71-0598-f011-b4cc-0022480a7385	101	Benjamin Sauer	M	M45-49	3	4:42:28	0:43:01	0:04:15	2:16:22	0:03:38	1:35:11	deu	
4081ffd1-44af-f011-bbd3-000d3a5b7c3b	102	Jernej Veličkovič	M	M25-29	17	4:42:29	0:26:31	0:04:40	2:30:56	0:03:53	1:36:29	SVN	
8c45a2a8-6810-4895-99fa-ee57eacdeb2d	103	Ronald Vilbiks	M	M25-29	18	4:42:36	0:38:05	0:05:34	2:24:45	0:04:22	1:29:51	EST	
e9607d39-e296-40c0-95a6-d6b5775224c8	104	Reiko Männik	M	M25-29	19	4:43:13	0:32:39	0:02:46	2:28:33	0:02:54	1:36:20	EE	
9f4adb93-f774-f011-b4cb-000d3a5cf7d8	105	Maria Iso-Ketola	F	F45-49	1	4:43:58	0:31:38	0:04:03	2:35:54	0:02:50	1:29:33	FIN	
ecb282ee-012e-44b1-82c2-0ee5b24c78dd	106	Piia Ereth Printsmann	F	F30-34	3	4:44:08	0:36:59	0:04:26	2:27:52	0:02:59	1:31:52	est	
11eb6a2d-0eac-ef11-b8e9-000d3a5a1803	107	Mairo Männa	M	M35-39	11	4:44:15	0:31:09	0:03:40	2:23:46	0:02:41	1:43:00	EE	
60fd17ae-3884-4aac-b516-61b592176935	108	Sophia Trenz	F	F25-29	3	4:44:51	0:34:26	0:03:19	2:29:39	0:03:29	1:33:58	deu	
dc3c679a-8efa-4938-b3e0-819e7e88ab98	109	Alexander Verachtert	M	M25-29	20	4:44:53	0:34:05	0:05:29	2:36:17	0:04:13	1:24:48	Unknown	
541fad7c-7489-4be0-a2e4-da2fc7362046	110	Innes Wright	M	M60-64	1	4:45:11	0:32:14	0:04:10	2:31:20	0:02:53	1:34:34	GB	
ba915b15-36b8-4293-9b1f-bd22aa58eb64	111	Eddi Wider	M	M18-24	11	4:45:16	0:28:14	0:03:46	2:23:37	0:03:41	1:45:57	deu	
9e641e45-20b4-f011-bbd2-000d3a59410f	112	Eetu Laaksonen	M	M25-29	21	4:45:54	0:32:35	0:06:09	2:34:06	0:03:16	1:29:49	FIN	
e1c6fe04-fe65-ef11-bfe3-00224808301f	113	Eero Ääremaa	M	M25-29	22	4:46:02	0:28:13	0:03:57	2:31:57	0:03:13	1:38:42	EST	
44d6cadf-5a06-f111-8406-002248046ec8	114	Alvis Reinbergs	M	M30-34	21	4:46:07	0:33:47	0:05:46	2:41:26	0:04:13	1:20:56	LVA	
b86b58c6-eb97-4cbd-b08c-9e25b239b193	115	Andrejs Vinogradovs	M	M40-44	10	4:46:20	0:36:06	0:06:19	2:25:50	0:03:54	1:34:10	LV	
a754a1f7-c4cf-42ef-b231-7665ffd2254f	116	Rain Unga	M	M35-39	12	4:46:24	0:34:50	0:05:50	2:27:14	0:04:11	1:34:19	est	
62387a63-4cc8-4f7c-be4a-193e0f066bec	117	Henri Nieminen	M	M45-49	4	4:46:31	0:35:29	0:05:10	2:32:21	0:03:11	1:30:19	FIN	
cb244df3-4d81-42d6-b5cc-c2db56abadcc	118	Greg O’Shea	M	M30-34	22	4:46:53	0:37:18	0:03:24	2:31:26	0:03:08	1:31:38	irl	
c410ddaa-2099-f011-b4cc-000d3a5b50ba	119	Dorota Stiegelova	F	F25-29	4	4:46:54	0:36:43	0:03:46	2:31:01	0:03:14	1:32:10	che	
3e107efa-88a7-f011-bbd3-000d3a5b7c3b	120	Eemeli Majakangas	M	M25-29	23	4:47:12	0:34:48	0:04:42	2:27:54	0:02:47	1:37:02	fin	
9d8b29a9-ac73-4a29-ba0e-51498654f3d3	121	Renaud Cormier	M	M50-54	7	4:47:32	0:31:14	0:04:34	2:29:06	0:04:06	1:38:33	Unknown	
de4aa964-0aaf-4462-9985-7bd1e6430535	122	Alexander Wey	M	M30-34	23	4:47:36	0:34:24	0:04:17	2:27:15	0:02:49	1:38:52	deu	
33d55597-e015-46c3-a52a-57493af1a771	123	Robin Matthews	M	M18-24	12	4:47:46	0:30:25	0:04:10	2:32:12	0:02:08	1:38:51	gbr	
3912eecc-83de-ef11-8eea-6045bd018d16	124	Sam Rodger	M	M35-39	13	4:47:56	0:35:54	0:04:15	2:35:08	0:03:07	1:29:32	gbr	
71e1ef20-e3b1-f011-bbd3-000d3a5b50ba	125	Roman Pokalo	M	M25-29	24	4:48:03	0:28:34	0:04:06	2:34:58	0:03:22	1:37:03	LTU	
35f6228c-8796-4554-a5d3-06f9601e33f6	126	Andre Jørgensen	M	M35-39	14	4:48:18	0:36:00	0:05:47	2:33:00	0:03:47	1:29:44	nor	
8baa43f8-1d6b-f011-bec2-000d3a5c3d6c	127	Richard Gottschalk	M	M35-39	15	4:48:34	0:38:38	0:04:39	2:37:09	0:04:02	1:24:05	DEU	
0529307c-99c9-48dc-b015-2b19f708a770	128	Nicola Lee	F	F18-24	2	4:48:42	0:33:21	0:04:58	2:36:14	0:03:45	1:30:23	gbr	
370cfefe-42b1-4927-a627-61a8953dff8e	129	Joe Gaffney	M	M30-34	24	4:48:44	0:34:57	0:04:31	2:25:09	0:04:22	1:39:44	GB	
83b2a41a-780e-4970-80b1-27facd4c7e84	130	Tanel Kuusk	M	M50-54	8	4:48:50	0:35:17	0:08:50	2:20:49	0:06:31	1:37:23	EE	
d73823ae-0092-41b5-8d0c-10565db1f868	131	Andrew Pustovalov	M	M35-39	16	4:49:09	0:34:44	0:03:17	2:35:55	0:02:55	1:32:17	FI	
1aee548d-c3c9-ef11-b8e9-000d3a5a1803	132	Sten Reinvart	M	M18-24	13	4:49:09	0:34:24	0:02:52	2:36:27	0:03:26	1:32:00	EST	
7da86cbb-7a55-49c8-a523-37b2181a7899	133	Philip Siebenhaar	M	M18-24	14	4:49:15	0:29:26	0:03:23	2:25:49	0:02:34	1:48:03	DEU	
1651b429-3e79-4f82-a32e-ae7a6b90d852	134	Denis Belobokov	M	M40-44	11	4:49:19	0:45:29	0:04:36	2:23:44	0:04:19	1:31:11	LT	
a7b93744-a786-401f-8fc9-82f79b0353f7	135	Linda Siimon	F	F35-39	3	4:49:20	0:34:22	0:03:21	2:32:58	0:02:41	1:35:58	est	
4c967b85-672e-457b-aeb9-fd2fba9e393c	136	Rasmus Välling	M	M30-34	25	4:49:39	0:30:49	0:06:11	2:32:54	0:03:07	1:36:39	EE	
43f2ead5-bd05-f111-8406-0022480b84a3	137	Rasmus Rahuoja	M	M25-29	25	4:49:57	0:35:48	0:04:10	2:31:47	0:03:02	1:35:09	EST	
bab07132-2272-f011-b4cb-7ced8d716334	138	per christian morland	M	M45-49	5	4:49:57	0:40:17	0:05:18	2:21:33	0:03:21	1:39:28	nor	
7168904c-ae09-47bf-8f6c-3f75bc583d72	139	Sergio Cedeño	M	M35-39	17	4:50:13	0:31:33	0:05:24	2:38:12	0:04:00	1:31:03	pan	
2af805d0-70aa-f011-bbd3-002248098cfa	140	Nicolai Lujan Foss	M	M25-29	26	4:50:23	0:40:11	0:05:38	2:30:44	0:03:38	1:30:12	NO	
b61fd3e7-6e98-f011-b4cc-6045bd05f634	141	Mateusz Wąsowski	M	M30-34	26	4:50:26	0:36:27	0:03:41	2:25:27	0:03:01	1:41:50	PL	
645a499b-7bd0-4d19-9ea3-390e3229170b	142	Dmitry Klochkov	M	M40-44	12	4:50:26	0:33:39	0:06:51	2:26:02	0:04:08	1:39:46	gbr	
7c707b66-f14a-4b0a-84bb-0813be075b26	143	Daniel Grimshaw	M	M30-34	27	4:50:51	0:29:13	0:04:41	2:43:15	0:03:56	1:29:46	GB	
eb0f6b34-2cc9-f011-bbd3-000d3a35ffc1	144	Mart Seger	M	M35-39	18	4:51:28	0:44:03	0:05:05	2:29:06	0:03:38	1:29:37	est	
8c9ae27a-61cb-42f9-ad51-c389143441ce	145	Pierpaolo Sidoti	M	M35-39	19	4:51:34	0:33:00	0:05:06	2:36:04	0:04:19	1:33:07	gbr	
8102f821-c7a1-4206-9cdc-bed0436d328a	146	George Warrender	M	M30-34	28	4:51:57	0:33:58	0:05:02	2:36:12	0:02:43	1:34:01	gbr	
418e9b17-0500-4fd0-b219-8aaba4b38390	147	David Bird	M	M50-54	9	4:52:32	0:33:29	0:05:14	2:34:42	0:07:56	1:31:11	gbr	
ac3a96f7-10b0-4166-a8a4-d8540fa6563d	148	Andrew Secker	M	M45-49	6	4:52:34	0:37:46	0:06:57	2:30:36	0:03:14	1:34:01	GB	
beafbd3b-f506-4cf9-93d0-64b8c3dec214	149	Tarmo Siimsaare	M	M45-49	7	4:52:43	0:35:23	0:04:47	2:34:06	0:03:07	1:35:20	est	
1d6846f6-e14f-ef11-a317-000d3a5c08e8	150	Mikael Lindroos	M	M30-34	29	4:52:43	0:39:45	0:07:05	2:18:59	0:03:43	1:43:11	FI	
36442c37-25e9-492e-b3f5-530dbf34ee6e	151	Philippe Lemaitre	M	M45-49	8	4:52:59	0:31:22	0:05:19	2:37:33	0:05:02	1:33:43	BE	
74f7da93-b382-41cd-bbf1-87287ce67884	152	Matias Rytkönen	M	M25-29	27	4:53:17	0:38:56	0:03:36	2:27:52	0:03:31	1:39:22	FI	
772dcd5b-24be-f011-bbd3-6045bd05fcc1	153	Nollaig O Scannlain	M	M35-39	20	4:53:26	0:37:00	0:04:45	2:39:23	0:04:06	1:28:12	IRL	
caa53ad6-2502-40de-9e45-253bb3cac0e4	154	Hans-Kristen Rootalu	M	M30-34	30	4:53:39	0:31:39	0:02:32	2:35:15	0:02:26	1:41:47	est	
5663015f-73ef-ef11-9342-000d3a5ae96c	155	Vasyl Khanas	M	M30-34	31	4:53:45	0:33:41	0:04:48	2:33:18	0:03:19	1:38:39	ukr	
c35646bb-256b-f011-bec2-0022480c097c	156	Huub Stassen	M	M25-29	28	4:53:49	0:36:16	0:05:12	2:31:19	0:03:51	1:37:10	nld	
de6faf53-50bb-f011-bbd3-000d3a3173b5	157	Gediminas Daskauskas	M	M40-44	13	4:53:53	0:39:57	0:04:58	2:31:55	0:03:48	1:33:14	irl	
5e60c331-aead-f011-bbd3-6045bd05fcc1	158	Vladimir Latin	M	M40-44	14	4:54:00	0:34:44	0:04:12	2:38:07	0:03:02	1:33:54	EE	
2364d257-6717-45bb-80ad-e59b0403c3f9	159	Kilian Cattaneo	M	M25-29	29	4:54:06	0:32:31	0:04:47	2:38:13	0:02:40	1:35:55	IT	
efe8075f-2c84-f011-b4cc-000d3a5cf7d8	160	Jan Joonas Tuuna	M	M18-24	15	4:54:08	0:30:31	0:05:17	2:38:26	0:03:16	1:36:37	EE	
2d1f85b0-2bb4-4264-9c50-cb27abdb6913	161	Ralf Robin Kruusimägi	M	M18-24	16	4:54:13	0:32:32	0:05:04	2:37:23	0:04:10	1:35:03	EE	
703ea03f-c32e-48c7-aa60-12b6508416d2	162	Pasi Nieminen	M	M45-49	9	4:54:28	0:32:45	0:06:54	2:30:53	0:03:42	1:40:14	fin	
bfa21cd2-aab9-f011-bbd3-6045bd05fcc1	163	Grant Leslie	M	M25-29	30	4:55:01	0:32:27	0:05:13	2:35:15	0:05:06	1:37:00	GBR	
653d8cb8-56da-ec11-a7b6-000d3a37358f	164	Vincent De Cleer	M	M60-64	2	4:55:04	0:36:34	0:04:47	2:35:23	0:02:26	1:35:54	bel	
68a5313f-2469-4566-a64a-c714a8b52218	165	Glebs Vrevskis	M	M30-34	32	4:55:12	0:39:17	0:04:33	2:28:20	0:02:57	1:40:05	LV	
e17f8811-d530-f111-88b3-0022480a5755	166	Kevin Bjelland	M	M18-24	17	4:55:16	0:37:29	0:04:37	2:37:14	0:02:59	1:32:56	NOR	
3f52011c-f836-f011-8c4e-000d3a5b50ba	167	Robert Schmidt	M	M35-39	21	4:55:32	0:38:03	0:05:47	2:39:15	0:04:02	1:28:24	EE	
3973e5db-b57a-f111-ab0f-7c1e528d5074	168	Raido Matsik	M	M35-39	22	4:56:05	0:42:23	0:05:46	2:29:37	0:03:52	1:34:27	EST	
1c70197e-744f-f011-877a-6045bd05f634	169	James Grundy	M	M35-39	23	4:56:06	0:35:18	0:03:56	2:32:41	0:05:40	1:38:30	gbr	
5fb08c71-f51b-431a-a904-48f95fae42c2	170	Simona Jurigova	F	F18-24	3	4:56:13	0:29:24	0:04:09	2:37:16	0:02:49	1:42:35	svk	
5e58191b-686b-f011-bec3-6045bd05fcc1	171	Mattias Tiitson	M	M35-39	24	4:56:35	0:46:39	0:04:40	2:20:27	0:03:41	1:41:07	EST	
eae02ae1-8383-40b3-8b9a-d6129971ffc1	172	Oliver Christiansen	M	M18-24	18	4:57:06	0:37:33	0:04:41	2:38:39	0:04:50	1:31:23	DK	
6ae07f3c-4321-f111-8341-0022480b88da	173	Vaidotas Masas	M	M25-29	31	4:57:13	0:36:06	0:03:49	2:31:55	0:04:36	1:40:47	LTU	
c4739f3d-d8dc-4588-b788-aef75501e001	174	Margus Taada	M	M40-44	15	4:57:33	0:36:04	0:06:17	2:35:49	0:04:38	1:34:46	EE	
0f46bdfe-a93a-ee11-bdf4-000d3a314cac	175	Allvar Väli	M	M35-39	25	4:57:40	0:39:58	0:06:42	2:37:13	0:04:56	1:28:51	EST	
bb5674d0-c31b-f011-9989-6045bd05f634	176	Pim Siebeling	M	M50-54	10	4:57:41	0:29:59	0:03:57	2:26:45	0:03:43	1:53:16	nld	
8d705ddf-b4c6-4037-af64-f502993f9c66	177	Darren Lunn	M	M40-44	16	4:57:46	0:37:22	0:04:09	2:37:34	0:03:42	1:34:59	gbr	
6c99edd5-39bc-4c7f-8ee8-a78003aacabc	178	Jan-Erik Sachse	M	M25-29	32	4:57:54	0:32:01	0:05:17	2:32:15	0:04:21	1:44:01	Germany	
482c0ee4-a77a-f111-ab0f-6045bd08b1a2	179	Pavel Kozõrev	M	M35-39	26	4:57:57	0:36:17	0:04:32	2:37:56	0:03:31	1:35:41	EST	
13216298-099a-419a-9e03-62c99dd42743	180	Hannes Pahapill	M	M40-44	17	4:58:03	0:34:20	0:04:53	2:30:55	0:04:50	1:43:05	EE	
716a9924-09e7-41b3-99d6-9f2c96879d6f	181	Risto Kask	M	M40-44	18	4:58:07	0:33:53	0:04:09	2:37:12	0:03:20	1:39:34	est	
bfaaeaec-4679-4bdd-81cf-2b39c40a6135	182	Hugues Chocart	M	M25-29	33	4:58:31	0:35:15	0:06:20	2:33:17	0:03:27	1:40:12	fra	
8ec04942-afa5-48ec-bf73-e92dbd873109	183	Sophie Hedges	F	F35-39	4	4:58:31	0:31:03	0:03:04	2:41:14	0:02:21	1:40:50	GBR	
3446043d-9ac3-4e7f-a822-1ee5c0bcd26e	184	Mario Palm	M	M45-49	10	4:58:47	0:34:13	0:03:42	2:33:13	0:04:19	1:43:19	BEL	
9a7ade2e-116b-f011-bec3-000d3a3173b5	185	Laurien Billen	F	F25-29	5	4:58:52	0:33:18	0:04:16	2:39:59	0:02:57	1:38:22	BEL	
dde7b819-68de-ef11-8eea-000d3a5ae96c	186	Edgars Lazovskis	M	M35-39	27	4:59:17	0:40:15	0:04:54	2:34:37	0:03:34	1:35:58	Latvia	
22e3a5bc-0c8a-4a6d-89b0-9de0aff1ee61	187	Karl Martin Teras	M	M25-29	34	4:59:22	0:37:04	0:04:58	2:30:46	0:03:31	1:43:04	est	
20726829-b89a-f011-b4cc-000d3a5b50ba	188	Tamara Reiter	F	F25-29	6	4:59:25	0:34:33	0:04:03	2:37:44	0:03:33	1:39:31	DEU	
b3ff135a-b9f5-f011-8406-6045bd08b1a2	189	Steven Innos	M	M25-29	35	4:59:35	0:41:34	0:05:46	2:32:32	0:02:56	1:36:47	EST	
7e0e3417-a9a8-43ce-98e6-1d929c077673	190	Gints Bukovskis	M	M55-59	5	4:59:54	0:44:56	0:04:23	2:20:45	0:03:49	1:46:00	LVA	
deb0c40d-999d-4c99-808c-d036ceb71761	191	Thor Erik Tikand	M	M18-24	19	5:00:35	0:32:28	0:04:04	2:45:50	0:02:36	1:35:37	EE	
85d0677e-a761-45f2-a4d7-be481fb2d1fa	192	Kestutis Kaupas	M	M40-44	19	5:00:45	0:34:45	0:04:15	2:35:49	0:03:09	1:42:47	Lithuania	
84e7dae2-7b11-f011-9988-000d3a3173b5	193	Thanos Belegratis	M	M30-34	33	5:01:01	0:42:33	0:05:39	2:33:06	0:05:01	1:34:41	GR	
90a9ab92-c8ae-f011-bbd3-6045bd09951e	194	Andrii Sukhostavskyi	M	M25-29	36	5:01:11	0:37:04	0:08:20	2:27:37	0:03:37	1:44:34	POL	
2ff5a4a8-9be2-4a21-a1a2-38a9e8cd1d34	195	Dmitri Smorodin	M	M45-49	11	5:01:12	0:39:57	0:04:01	2:44:02	0:03:05	1:30:07	EE	
9b4eeb06-35c7-f011-bbd3-000d3a3173b5	196	Julio Dahle	M	M35-39	28	5:01:26	0:50:04	0:03:54	2:30:23	0:02:43	1:34:22	Unknown	
bb159259-1f58-4eb7-bd2c-761fb568e046	197	Denis Muravih	F	M45-49	12	5:01:37	0:31:42	0:05:33	2:43:52	0:04:50	1:35:41	Unknown	
42db5956-c0ca-f011-bbd3-000d3a5cf7d8	198	Janno Lehtme	M	M45-49	13	5:02:00	0:34:15	0:04:58	2:41:27	0:04:31	1:36:49	EST	
c029914c-75f0-4af5-a7ba-acacf388f4aa	199	Artur Praun	M	M50-54	11	5:02:17	0:33:37	0:05:41	2:41:22	0:05:30	1:36:07	est	
69369809-79f4-f011-8406-6045bd06566a	200	Okko Räty	M	M25-29	37	5:02:19	0:39:29	0:05:01	2:40:31	0:02:55	1:34:22	FIN	
c116187a-8ee5-4d8b-828a-e8a95e5d8d1a	201	Raigo Häelme	M	M35-39	29	5:02:25	0:30:11	0:05:09	2:38:57	0:03:33	1:44:35	EE	
233af989-ff9e-445e-b935-e64a87f907df	202	Erko Selde	M	M35-39	30	5:02:25	0:34:38	0:06:57	2:30:35	0:05:22	1:44:54	EST	
744f8a79-bf2d-f011-8c4e-000d3a3173b5	203	Clément L’Huillier	M	M18-24	20	5:02:48	0:44:40	0:06:06	2:36:06	0:04:17	1:31:39	fra	
67c5c37f-6cb8-4401-b992-3a75bf1143af	204	Marti Lung	M	M40-44	20	5:02:50	0:39:27	0:06:30	2:25:16	0:03:42	1:47:56	est	
9884a5c2-a1e4-f011-8543-6045bd05fcc1	205	Joonas Puranen	M	M25-29	38	5:02:56	0:39:38	0:05:52	2:35:47	0:03:04	1:38:35	FIN	
efda5d70-cf25-f111-8341-6045bd08b1a2	206	Joona Pitkämäki	M	M25-29	39	5:03:04	0:37:23	0:04:57	2:38:37	0:04:34	1:37:33	FIN	
71aa46e1-9068-f111-a825-0022480b88da	207	Alessia Buratin	F	F35-39	5	5:03:47	0:34:10	0:03:39	2:43:32	0:04:09	1:38:17	ESP	
59230c89-e7bd-45e7-9795-43950f638922	208	Joe Broomhead	M	M25-29	40	5:03:59	0:32:34	0:05:31	2:44:19	0:05:03	1:36:31	GBR	
cdff40b4-bba9-4783-ad72-4a9d4dfc55e6	209	Paul - Kasper Põldmäe	M	M35-39	31	5:04:02	0:36:11	0:06:09	2:39:18	0:04:26	1:37:58	EE	
ebe10af6-921e-4913-84dd-bde334f9cb96	210	Anton- Theo Girlin	M	M25-29	41	5:04:06	0:27:33	0:04:57	2:30:37	0:04:13	1:56:46	EE	
d9c7acba-5fdd-4cb5-967a-f6ed42607950	211	Andro Mikkor	M	M40-44	21	5:04:18	0:37:08	0:04:52	2:41:06	0:05:09	1:36:04	EE	
86f56258-a463-4dea-93e3-a667fea9ba27	212	Daisi Rist	F	F30-34	4	5:04:21	0:42:21	0:04:33	2:29:50	0:03:46	1:43:51	est	
60307186-95e1-f011-8543-6045bd0921bf	213	Lucas Langenskiöld	M	M18-24	21	5:04:29	0:39:40	0:05:32	2:42:27	0:03:42	1:33:08	SWE	
6343ce15-6639-f111-88b4-0022480995bd	214	Agris Krievans	M	M40-44	22	5:04:36	0:38:38	0:10:25	2:37:43	0:06:38	1:31:11	LVA	
55a77392-1cbd-ef11-b8e9-000d3a5a1803	215	Pavel Sedlacek	M	M18-24	22	5:04:48	0:38:51	0:06:11	2:37:54	0:05:58	1:35:53	CZ	
a5c8b557-df4d-ef11-a317-00224809fd7c	216	Georges Von Der Decken	M	M35-39	32	5:04:53	0:36:34	0:06:12	2:29:25	0:03:00	1:49:42	NZ	
85eb646a-9baa-f011-bbd2-000d3a3009e6	217	Dmitry Svyatolutskiy	M	M18-24	23	5:04:54	0:41:22	0:04:44	2:28:57	0:03:17	1:46:34	EST	
85cffde9-5ab0-4b7f-9f5f-aa908c3b0306	218	Vaido Padumäe	M	M45-49	14	5:04:54	0:34:59	0:05:17	2:25:33	0:04:19	1:54:45	EE	
366f46cd-5c34-4a22-8c4b-ea4b53fbf253	219	Eirik Rovik	M	M35-39	33	5:04:55	0:33:56	0:06:28	2:47:11	0:03:25	1:33:54	NO	
a1c58c20-a477-f111-ab0f-0022480b84a3	220	Eva Haavel	F	F25-29	7	5:04:56	0:43:20	0:06:28	2:34:51	0:03:18	1:36:59	est	
b2d24bc5-7769-f011-bec2-0022480a7385	221	Patrick Spinner	M	M18-24	24	5:04:58	0:39:02	0:04:22	2:40:26	0:04:20	1:36:49		
f110042b-49d9-49f4-9d40-5286e158ecbc	222	Alari Lumberg	M	M40-44	23	5:05:14	0:41:17	0:04:11	2:37:35	0:04:37	1:37:33	EE	
2de39d4d-a845-400a-8dc1-85f5a408c1d0	223	Ulf Nordmann	M	M50-54	12	5:05:29	0:44:28	0:06:39	2:35:43	0:06:24	1:32:15	deu	
7ced3f62-8541-4467-9c17-504a91c863d1	224	Toni Senior	F	F45-49	2	5:05:33	0:33:39	0:04:03	2:37:16	0:03:38	1:46:58	gbr	
b4c99d10-e9f1-4af0-8751-f03f451a92ca	225	Robert Whyte	M	M55-59	6	5:05:34	0:39:07	0:05:11	2:39:26	0:04:25	1:37:25	IE	
ae32b3cd-83d8-f011-8544-000d3a5b50ba	226	Owain Tsang-Wetherald	M	M25-29	42	5:05:45	0:42:54	0:04:33	2:36:37	0:03:43	1:37:57	GBR	
bac49936-e63a-4686-af97-fe840bf1427d	227	Aleksandr Kriuchkov	M	M45-49	15	5:05:49	0:41:59	0:05:05	2:41:05	0:05:32	1:32:08	EST	
c94fb319-dc3f-4d52-a7fe-f18c1e1609fa	228	Vegard Vegsund Syversen	M	M35-39	34	5:05:57	0:38:17	0:05:34	2:40:33	0:03:52	1:37:41	NO	
8325d6bb-3b05-4a16-9060-d5b634cbf322	229	Szymon Dowiat	M	M35-39	35	5:05:59	0:34:56	0:06:43	2:30:28	0:05:17	1:48:35	PL	
9a6c4123-df96-4d12-91e9-e6a9925eb784	230	Kaspar Kalvet	M	M40-44	24	5:06:00	0:40:18	0:06:54	2:43:23	0:05:47	1:29:39	EST	
5ad41eda-1ebb-f011-bbd3-000d3a5cf7d8	231	Kristian Pints	M	M30-34	34	5:06:01	0:32:15	0:04:38	2:37:51	0:03:30	1:47:47	EST	
1bfb33de-f565-ef11-bfe3-00224809fd7c	232	Petr Pesov	M	M25-29	43	5:06:23	0:35:42	0:10:22	2:41:00	0:06:23	1:32:55	aut	
0e1f4ea3-3565-ef11-bfe3-6045bd0953ac	233	Jess Davies	F	F18-24	4	5:06:26	0:30:10	0:04:20	2:58:42	0:05:45	1:27:29	GBR	
fb6c0bef-088d-4688-84c2-ad7ef1a2b28f	234	Toomas Loho	M	M50-54	13	5:06:30	0:30:49	0:05:35	2:35:26	0:04:46	1:49:55	EST	
2940c7d4-f479-4514-9231-38a811cc7ad1	235	Kerrit Hansen	F	F30-34	5	5:06:39	0:31:19	0:04:17	2:33:54	0:03:58	1:53:11	EST	
a6f4fdfe-1758-f011-877a-000d3a5b7c3b	236	Dorian Auvinet	M	M18-24	25	5:06:47	0:34:43	0:04:59	2:44:40	0:03:30	1:38:55	FRA	
8a539544-f7b0-ef11-b8e8-000d3a5a403c	237	alex maher	F	F25-29	8	5:06:56	0:29:56	0:04:13	2:56:54	0:03:46	1:32:06	gbr	
72f1c52e-dec2-435d-8ff5-9adfd4e47e68	238	Riikka Tolvanen	F	F45-49	3	5:07:10	0:37:11	0:07:17	2:30:11	0:03:43	1:48:48	FI	
446c38ba-118f-f011-b4cb-7ced8d3d9235	239	Kaius Niskakangas	M	M25-29	44	5:07:24	0:40:06	0:04:12	2:41:30	0:03:00	1:38:36	FI	
bee7dbc7-fa95-f011-b4cc-6045bd09951e	240	Oskari Lehtinen	M	M25-29	45	5:07:44	0:35:24	0:05:06	2:48:31	0:04:18	1:34:25	FI	
7ad6fcf7-538a-4905-b432-1cb6bab42074	241	Harry Wilkinson	M	M30-34	35	5:07:49	0:43:52	0:04:24	2:32:44	0:03:59	1:42:50	GB	
6c75e9e1-8ec8-f011-bbd2-000d3a5b5fc7	242	Nele Belinda Bott	F	F18-24	5	5:07:56	0:33:35	0:03:37	2:38:35	0:02:41	1:49:28	DEU	
3b97852e-e9ab-ef11-b8e8-6045bd018d16	243	Konstantin Nikolaev	M	M30-34	36	5:08:01	0:38:40	0:05:48	2:43:03	0:03:41	1:36:49	HU	
0d3c2c2b-4816-4b93-9cba-83d8c8cdc0db	244	Svyatoslav Barshchovskyy	M	M25-29	46	5:08:02	0:34:14	0:05:30	2:28:16	0:04:00	1:56:01	ukr	
ef3a0d2e-a755-f011-877b-6045bd05f634	245	Vyugar Nabiev	M	M40-44	25	5:08:02	0:35:26	0:06:07	2:33:53	0:04:09	1:48:28	ltu	
dccdcb1a-dee7-ef11-8eea-6045bd018d16	246	Roberts Noviks	M	M30-34	37	5:08:08	0:44:10	0:04:56	2:42:52	0:04:55	1:31:16	Latvia	
a0dd25b2-ea42-ed11-bba1-000d3a31406e	247	Karolis Kupcikas	M	M30-34	38	5:08:28	0:34:12	0:07:18	2:43:22	0:04:58	1:38:37	are	
4c7aa05b-8724-44f3-aaca-176af9e420ae	248	Aivo Laaneväli	M	M55-59	7	5:08:36	0:36:53	0:07:18	2:34:20	0:04:50	1:45:14	EE	
21379d16-c3bb-f011-bbd3-000d3a3173b5	249	Sean Pollmann-Daamen	M	M18-24	26	5:08:58	0:40:09	0:06:47	2:49:54	0:04:14	1:27:54	IRL	
40694a75-68ee-f011-8407-0022480b738e	250	Boudewijn Vork	M	M30-34	39	5:09:06	0:32:32	0:06:17	2:47:12	0:04:37	1:38:28	NLD	
95b34cbc-cbe5-f011-8544-000d3a5cf7d8	251	Rauno Notton	M	M18-24	27	5:09:10	0:43:03	0:04:59	2:28:24	0:02:38	1:50:06	EST	
a743240c-d692-471b-bed6-9ec992bd99fa	252	Denis Sivovol	M	M45-49	16	5:09:11	0:37:43	0:06:54	2:36:43	0:05:43	1:42:08	est	
5542f050-ebab-f011-bbd3-6045bd05fcc1	253	Simon Hasenbank	M	M18-24	28	5:09:12	0:43:34	0:06:09	2:38:47	0:05:31	1:35:11	DE	
fe52fe73-a760-f011-bec3-000d3a5cf7d8	254	Stefano Mosconi	F	M45-49	17	5:09:14	0:37:02	0:07:32	2:32:49	0:04:59	1:46:52	Unknown	
1c6d33a7-076b-f011-bec3-000d3a3173b5	255	Benjamin Tasker	M	M18-24	29	5:09:29	0:37:53	0:04:14	2:44:09	0:03:18	1:39:55	GGY	
ef7d12a7-d152-4bd1-89bc-2dc65ed5ad54	256	Aleksei Pullinen	M	M50-54	14	5:09:38	0:33:31	0:04:35	2:38:30	0:04:57	1:48:05	FI	
369990f6-8ceb-49b0-b4e1-ebb169825d2f	257	Anton Austin	M	M35-39	36	5:09:43	0:35:54	0:07:12	2:46:25	0:04:26	1:35:46	NL	
f0949eb9-d8d3-4409-bd9e-0a68bfd72fcc	258	Jack Bartle	M	M18-24	30	5:09:45	0:36:42	0:06:36	2:52:07	0:03:19	1:31:02	GB	
7bd064ce-df75-f111-ab0e-70a8a59b112b	259	Gunvaldis Vēsmiņš	M	M30-34	40	5:09:48	0:44:22	0:04:31	2:29:36	0:03:57	1:47:22	LVA	
2232942e-e33c-4742-9418-4837216e8221	260	Kaupo Jansen	M	M45-49	18	5:09:49	0:41:05	0:05:52	2:34:18	0:05:17	1:43:16	EE	
c1aaec90-11a6-4b6f-b9a2-a0dad2e1a73a	261	Beth Hitchcock	F	F30-34	6	5:10:21	0:31:57	0:03:37	2:45:39	0:03:33	1:45:35	GB	
c371e570-9397-f011-b4cc-000d3a3173b5	262	Antti Paasikivi	M	M25-29	47	5:10:46	0:36:05	0:03:52	2:38:29	0:03:42	1:48:37	FI	
5954ec88-b766-457f-8e56-0761a6cf8fb7	263	Signe Ventsel	F	F45-49	4	5:10:46	0:36:04	0:04:02	2:41:14	0:03:27	1:45:59	EE	
393c251c-1909-4e02-932f-5bf5f48d05df	264	Frank Schreiner	M	M60-64	3	5:10:51	0:37:21	0:05:32	2:34:49	0:08:03	1:45:07	deu	
44031f7b-074f-ee11-be6f-000d3a31458d	265	harri kullas		M30-34	41	5:10:53	0:34:58	0:04:27	2:46:40	0:04:34	1:40:13	EST	
83b6415d-8f95-4ae2-851b-9edb91148c8f	266	Marko Tõll	M	M45-49	19	5:10:57	0:39:54	0:05:05	2:34:24	0:03:03	1:48:30	est	
4ba379bb-4221-4e07-855f-ba9999286e9b	267	Kristjan Edula	M	M45-49	20	5:11:01	0:39:59	0:08:12	2:35:44	0:03:43	1:43:22	EE	
89f55193-0736-48f2-98e5-92a05d5e4d4a	268	Erki Vellama	M	M30-34	42	5:11:06	0:38:58	0:05:42	2:37:41	0:03:49	1:44:56	EE	
108c5a4c-038d-4772-9ecf-57d23f277b7c	269	Rodrigo Davila	M	M35-39	37	5:11:20	0:34:35	0:06:49	2:48:10	0:03:18	1:38:27	ES	
3b51be59-2e81-f011-b4cc-0022480c097c	270	Aleksandr Azanov	M	M40-44	26	5:11:39	0:45:59	0:04:17	2:37:48	0:03:54	1:39:41	EST	
7676e5d8-9c74-4af0-8731-ce329a7aff36	271	Marek Buganiuk	M	M50-54	15	5:11:45	0:41:44	0:03:47	2:35:35	0:03:59	1:46:40	pol	
7aa8b8b1-fe40-431b-8c1d-1e5027cc5fb4	272	Ivan Baklev	M	M25-29	48	5:11:48	0:43:25	0:06:12	2:39:41	0:03:36	1:38:55	che	
b97367d8-3b8b-f011-b4cc-6045bd09951e	273	Ailish Gregory	F	F25-29	9	5:11:49	0:29:13	0:04:18	3:05:11	0:03:31	1:29:37	GB	
74f0b145-9e31-407e-b9d6-2799ec0466b0	274	Declan Morley	M	M35-39	38	5:11:51	0:41:19	0:05:42	2:41:51	0:05:05	1:37:55	IE	
9bf80186-4fe3-4137-a1a5-630da6dfd594	275	Martin Metspalu	M	M45-49	21	5:12:01	0:29:51	0:05:37	2:22:32	0:04:25	2:09:36	EE	
d4cc7975-97ee-e911-a986-000d3a3749bc	276	Gregor Raudvere	M	M35-39	39	5:12:02	0:33:23	0:05:47	2:37:34	0:04:06	1:51:12	est	
617ff833-5c57-4c58-a5ac-f9ac23d9ad07	277	Luca Sberveglieri	M	M35-39	40	5:12:13	0:36:55	0:06:44	2:53:18	0:03:50	1:31:25	IT	
0e4c1e04-34d8-f011-8544-000d3a35ffc1	278	Nathan Roome	M	M25-29	49	5:12:16	0:26:59	0:04:46	2:57:09	0:04:14	1:39:09	GBR	
a650469a-32c9-f011-bbd3-0022480a7385	279	Claudius Kratochwil	M	M40-44	27	5:12:17	0:34:43	0:04:59	2:34:56	0:04:26	1:53:13	fin	
35eb646e-f2ee-f011-8407-0022480b738e	280	Lasse Skogström	M	M35-39	41	5:12:22	0:41:17	0:08:54	2:32:02	0:05:06	1:45:03	Unknown	
ee94c8b8-41bd-4c09-8bfc-0b52e152a779	281	Mario Sauder	M	M60-64	4	5:12:34	0:32:20	0:05:35	2:38:23	0:05:21	1:50:55	DE	
2b7974a3-dd20-4105-aac2-a2bc5a67e5da	282	Madli Kaevats	F	F25-29	10	5:12:44	0:46:15	0:04:38	2:46:59	0:03:31	1:31:20	EE	
1048da83-5728-4dd6-8be4-004ac5b47c29	283	Adam Horrocks	M	M35-39	42	5:12:58	0:38:47	0:06:20	2:46:04	0:04:25	1:37:22	GB	
9a2a1d10-4ba9-4019-8f0f-af6426d8465c	284	Melissa Priidel	F	F18-24	6	5:13:02	0:27:30	0:05:20	2:51:46	0:06:04	1:42:23	EE	
10bedb9b-f40d-f011-9988-0022480a7385	285	David Stögmüller	M	M35-39	43	5:13:07	0:33:17	0:03:42	2:43:33	0:03:18	1:49:18	Austria	
537cf67c-eaba-f011-bbd3-6045bd05f634	286	Rainer Riel-Kollmann	F	M35-39	44	5:13:10	0:37:20	0:07:12	2:41:46	0:03:08	1:43:44	Unknown	
72a417eb-5f89-f011-b4cc-0022480a7385	287	Lauri Nevalainen	M	M18-24	31	5:13:12	0:35:52	0:04:40	2:46:17	0:04:01	1:42:22	FI	
a2be0706-6b62-f011-bec2-000d3a5b7c3b	288	Markus Soodla	M	M25-29	50	5:13:17	0:43:31	0:05:33	2:43:27	0:03:49	1:36:57	EST	
9c0ae51f-796f-4ebb-842c-0cce040de2e8	289	Mattia Migliardi	M	M30-34	43	5:13:27	0:36:20	0:07:05	2:41:25	0:04:20	1:44:16	CH	
083c4487-2b0b-f111-8406-0022480995bd	290	Joonas Vähi	M	M18-24	32	5:13:33	0:43:54	0:04:34	2:36:38	0:04:13	1:44:14	EST	
76921da1-9125-4b2b-b7bd-f8f973c5ccb9	291	Aleksei Kuligin	M	M35-39	45	5:13:34	0:41:36	0:07:13	2:35:20	0:04:13	1:45:13	EE	
99bcf616-5416-41f3-ab3e-a1719c36ce5c	292	Bjarte Reed	M	M60-64	5	5:13:35	0:40:31	0:04:57	2:39:39	0:03:31	1:44:55	NO	
1c1a0283-6e50-f111-bec5-0022480a5755	293	Artem Khanadeev	M	M18-24	33	5:13:36	0:27:14	0:05:40	2:54:55	0:05:09	1:40:38	KGZ	
f1d64a18-66f5-4667-a685-e8033c4b0561	294	Totti Schormann	M	M50-54	16	5:13:52	0:34:58	0:08:09	2:47:42	0:07:40	1:35:23	DE	
647e89b8-df84-f011-b4cc-000d3a5b7c3b	295	Joël Sigrist	M	M18-24	34	5:13:55	0:29:56	0:05:10	2:40:46	0:02:42	1:55:21	che	
08fad070-f07c-4a63-addf-54b583c55e2b	296	Martin Tulit	M	M35-39	46	5:14:08	0:40:01	0:04:13	2:42:34	0:03:27	1:43:53	EST	
fbcb56f4-a38a-4ffd-a0dc-aea1c7a66bdb	297	Eoghan Mccarthy	M	M35-39	47	5:14:09	0:41:07	0:04:02	2:38:21	0:04:05	1:46:34	IE	
6e734576-6e80-4c03-bb22-e3d9881af28e	298	Riho Rebane	M	M45-49	22	5:14:20	0:51:24	0:07:36	2:24:56	0:04:53	1:45:30	EST	
6e816a21-14e6-43d2-b503-4a27f7e9509b	299	Dominik Skljarov	M	M25-29	51	5:14:28	0:41:10	0:03:46	2:40:34	0:03:08	1:45:50	EE	
c7bb35b8-dd25-4e26-ac62-7c2396923bac	300	Vladimir Galkin	M	M55-59	8	5:14:39	0:30:27	0:06:05	2:42:41	0:06:30	1:48:57	EE	
6c98a5fc-c1e0-ef11-8ee9-000d3a592251	301	Harri Turunen	M	M25-29	52	5:14:44	0:33:56	0:06:04	2:44:16	0:04:39	1:45:48	FI	
c3f3228d-f2ea-ea11-a817-000d3a5a1bfb	302	Kelly Kalm	F	F25-29	11	5:14:59	0:39:41	0:04:18	2:30:13	0:03:00	1:57:48	EE	
a01f58e7-9eb5-459d-80e8-1286af210336	303	Francesca Ravazzolo	F	F35-39	6	5:15:05	0:35:50	0:04:06	2:42:57	0:03:50	1:48:22	Unknown	
ea0d4468-689f-4505-9c0f-f901f540eea5	304	Risto Novik	M	M35-39	48	5:15:08	0:34:46	0:05:33	2:52:30	0:04:37	1:37:42	EE	
b28db605-bc46-f011-877a-000d3a35ffc1	305	Jack Filer	M	M25-29	53	5:15:15	0:31:35	0:06:20	2:53:03	0:05:29	1:38:48	GB	
1e6d9ec1-3646-f011-8779-6045bd0410d8	306	Jason Austin	M	M35-39	49	5:15:26	0:37:37	0:05:16	2:40:03	0:04:43	1:47:48	gbr	
ade0bc00-f2dd-498c-ae68-186b534aa7df	307	Andri Jõgi	M	M40-44	28	5:15:50	0:40:51	0:06:13	2:44:32	0:05:34	1:38:39	EE	
6a82efa1-714a-440a-8170-5e3e38c8c171	308	Alexander Hamilton	M	M25-29	54	5:15:51	0:29:15	0:06:22	2:47:32	0:05:00	1:47:43	SOUTH AFRICA	
fde1090f-501e-4845-87d6-947c109bd7e0	309	David Elam	M	M35-39	50	5:16:02	0:39:45	0:06:30	2:45:46	0:05:09	1:38:52	GB	
7f7054c1-1b83-4ec8-a2da-2a0f51d21983	310	Tamar Järv	M	M35-39	51	5:16:12	0:41:34	0:06:28	2:34:13	0:06:09	1:47:48	SE	
41502166-0032-ef11-8409-000d3a348633	311	Paul Simon Azzopardi	M	M35-39	52	5:16:14	0:38:56	0:09:44	2:47:21	0:05:22	1:34:50	MT	
7df5b36a-f1bc-f011-bbd3-000d3a3173b5	312	Mark Cullen	M	M35-39	53	5:16:15	0:30:38	0:04:52	3:01:55	0:05:06	1:33:45	GBR	
8964f6fa-c7eb-4c9b-aa54-c361837cbe7d	313	Lothar VON TIELE-WINCKLER	M	M55-59	9	5:16:16	0:43:49	0:06:28	2:39:58	0:03:44	1:42:17	deu	
40f3923c-3b3c-43b3-839d-3a9d30ecfee2	314	Normunds Teteris	M	M40-44	29	5:16:17	0:43:26	0:05:14	2:37:01	0:05:25	1:45:11	LV	
9fb8e5f2-aa93-4fec-9d8d-da87893b6f8a	315	Anneli Tühis	F	F50-54	1	5:16:18	0:37:58	0:05:15	2:43:35	0:04:08	1:45:22	EE	
d135321d-12a5-f011-bbd3-000d3a5cf7d8	316	Jules Meeus	M	M25-29	55	5:16:22	0:38:49	0:07:13	2:48:03	0:04:35	1:37:42	GBR	
204ead47-69e3-f011-8544-000d3a3173b5	317	Gerasimos Vlachos	M	M30-34	44	5:16:42	0:37:55	0:04:52	2:39:10	0:02:43	1:52:01	GRC	
270aa37e-d59d-4a6f-988f-976ba547b725	318	Philip Rabe	M	M35-39	54	5:16:59	0:37:07	0:07:45	2:54:29	0:03:19	1:34:20	deu	
d3031e32-6a1f-4514-be39-509ca65fdfbc	319	Matthias Brust	M	M45-49	23	5:17:10	0:43:07	0:08:42	2:46:06	0:06:25	1:32:49	DE	
b149dba9-21bf-4c4c-9ef6-26d63e343189	320	Colm Kennedy	M	M45-49	24	5:17:13	0:40:33	0:05:24	2:43:37	0:04:25	1:43:15	irl	
6f003aae-c512-4120-aa6e-95cd2dc3b076	321	Joe Hayes	M	M25-29	56	5:17:15	0:32:59	0:03:27	2:43:59	0:02:48	1:54:03	gbr	
4dad6c6c-8d18-f111-8341-002248081bd6	322	Saku Vintola	M	M25-29	57	5:17:20	0:34:41	0:06:47	2:42:26	0:06:46	1:46:41	FIN	
3f2ec751-8594-ef11-8a6a-000d3a59a9a1	323	Andrew Hodding	M	M30-34	45	5:17:27	0:39:15	0:04:59	2:53:23	0:04:25	1:35:26	GB	
ffafeb24-2310-f111-8406-6045bd06566a	324	Lennart Valem	M	M18-24	35	5:17:34	0:38:47	0:05:11	2:51:47	0:03:29	1:38:20	EST	
6bf0930b-26fa-4138-b51b-416bddb891f7	325	Illia Veklenko	M	M35-39	55	5:17:51	0:39:28	0:08:12	2:51:44	0:03:47	1:34:39	EE	
57e31307-5813-439e-9ea6-81c0c272dfa9	326	Janis Kupits	M	M30-34	46	5:17:55	0:32:46	0:05:35	2:35:38	0:03:30	2:00:28	EST	
0d33937c-0917-453d-bfd6-682612fb9c99	327	Eoghan Rackard	M	M30-34	47	5:17:55	0:47:05	0:07:11	2:47:07	0:05:44	1:30:48	IE	
b3fd6e52-9356-45cd-8e5e-ddd0e2f1117a	328	Björn Sandig	M	M35-39	56	5:18:01	0:36:51	0:06:31	2:33:25	0:04:28	1:56:46	deu	
45ec49a3-0684-f011-b4cc-000d3a3173b5	329	Aleksandr Ganža	M	M40-44	30	5:18:09	0:36:42	0:06:08	2:41:46	0:04:21	1:49:13	EE	
0b3e378f-17a8-f011-bbd3-000d3a5cf7d8	330	Samuel Smith	M	M30-34	48	5:18:31	0:41:26	0:03:27	2:40:20	0:06:07	1:47:11	Unknown	
cae069d8-7187-4d72-bd8c-293b785543ca	331	Dag Rist Aamoth	M	M55-59	10	5:18:32	0:43:22	0:08:21	2:39:27	0:06:48	1:40:35	NO	
2c2d601b-28ce-f011-bbd3-000d3a5b7c3b	332	Christoffer Stigsrud	M	M25-29	58	5:18:42	0:39:38	0:07:44	2:46:33	0:05:28	1:39:19	NOR	
8d0b644b-370e-4b1b-8c0a-7efd10fb50db	333	Doug Young	M	M40-44	31	5:18:55	0:43:36	0:06:48	2:29:29	0:04:52	1:54:10	gbr	
0f2b4fa6-ab6b-4f88-8676-bea603e74e03	334	Korhan Kucuk	M	M45-49	25	5:18:55	0:37:58	0:06:43	2:49:22	0:05:21	1:39:32	BG	
a68828f0-5a86-f011-b4cc-000d3a5c3d6c	335	Tibeau Lievens	M	M25-29	59	5:18:57	0:37:34	0:04:17	2:49:54	0:04:48	1:42:24	bel	
8b741b2d-20b6-e911-a986-000d3a364086	336	Jaanis Veinberg	M	M30-34	49	5:19:04	0:40:21	0:05:40	2:41:41	0:04:22	1:46:59	est	
1bf455d9-72a7-f011-bbd3-6045bd05f634	337	Kai Wellmann	M	M45-49	26	5:19:09	0:35:01	0:08:01	2:36:27	0:06:40	1:53:01	DE	
a105084a-9460-40ea-aaac-067aff5c3f9b	338	Laurent Delannoy	M	M60-64	6	5:19:56	0:41:49	0:06:56	2:41:48	0:05:38	1:43:44	Unknown	
a3a7335c-98a0-4ef2-a6d5-0cc5be5b321e	339	Sergei Artjomov	M	M40-44	32	5:20:04	0:39:21	0:05:49	2:41:00	0:04:48	1:49:06	EE	
434ad536-fa4e-46e8-9b93-e2ec1eb5d417	340	Jessica Damen	F	F25-29	12	5:20:09	0:26:40	0:04:39	2:51:51	0:04:11	1:52:47	GB	
637d0390-1cf6-f011-8406-002248046ec8	341	Egle Helene Ervin	F	F30-34	7	5:20:17	0:41:15	0:05:35	3:02:18	0:04:01	1:27:08	EST	
f105b07c-a573-f111-ab0f-7c1e528d5074	342	Aras Miežys	M	M18-24	36	5:20:18	0:34:10	0:05:39	2:56:30	0:05:50	1:38:10	LTU	
4e8f9cfc-77b9-ee11-a569-000d3a314ae2	343	Ethan Sowik	M	M25-29	60	5:20:21	0:30:55	0:05:11	2:47:55	0:02:59	1:53:21	GB	
da988d6b-bf96-f011-b4cc-000d3a5c3d6c	344	Benjamin Avraham Herring	M	M18-24	37	5:20:21	0:34:19	0:06:41	2:33:31	0:05:37	2:00:13	zaf	
368a121d-39ce-e911-a99a-000d3a34ef1d	345	Andreas Schulz	M	M45-49	27	5:20:21	0:34:01	0:03:48	2:47:41	0:02:56	1:51:56	DE	
df86b63f-9178-4ec4-860f-378111280d07	346	Kristjan Poltimäe	M	M40-44	33	5:20:25	0:37:02	0:04:06	2:46:45	0:03:57	1:48:35	EE	
2a475238-7e1f-4c86-9ebd-d3ac7e8207b9	347	Dmitry Shelemetyev	M	M40-44	34	5:20:37	0:44:50	0:04:24	2:38:09	0:03:16	1:49:58	lva	
04813db0-32c7-4ac4-8e35-487ef0ebd447	348	Stephen Ormson	M	M50-54	17	5:20:42	0:35:41	0:05:07	2:43:08	0:05:05	1:51:41	gbr	
c2476cc0-47c0-4aea-b299-c2628ab3313f	349	Francisco Felin Gindri	M	M45-49	28	5:20:44	0:36:51	0:06:20	2:51:36	0:06:17	1:39:40	BR	
40d85d7d-bdf6-ef11-9341-000d3a5a1803	350	David Churcher	M	M45-49	29	5:20:53	0:49:48	0:04:48	2:39:34	0:04:32	1:42:11	GB	
af87424b-e185-f011-b4cc-000d3a5b50ba	351	Andrew Purcell	M	M30-34	50	5:21:09	0:39:32	0:08:35	2:47:56	0:05:00	1:40:06	IRL	
5b4aafa9-6dc6-4e3e-a0f2-b4f7db73ecb2	352	William Giger	M	M40-44	35	5:21:12	0:41:21	0:05:35	2:43:10	0:03:38	1:47:27	che	
aa9d8f39-f59d-f011-b41c-000d3a5b50ba	353	Jussi Lindberg	M	M18-24	38	5:21:22	0:35:28	0:05:51	2:52:24	0:05:53	1:41:47	FIN	
9bc31f80-2203-f011-bae2-000d3a5cf7d8	354	Rasmus Kuslap	M	M18-24	39	5:21:24	0:38:42	0:04:58	2:52:41	0:04:11	1:40:51	EE	
9f5a3375-6b4c-4440-aadf-bddf72edb7c2	355	Coley Dale	M	M45-49	30	5:21:35	0:34:11	0:07:26	2:49:38	0:07:10	1:43:11	esp	
8b46df2e-dd50-f011-877a-000d3a35ffc1	356	Jan Rasmus Rohtla	M	M18-24	40	5:21:57	0:34:04	0:04:46	2:45:26	0:03:13	1:54:28	EE	
8e026ab1-f0c3-f011-bbd3-6045bd09951e	357	Ąžuolas Žamoida	M	M25-29	61	5:22:03	0:36:16	0:04:27	2:42:55	0:03:03	1:55:22	LTU	
9178128f-eb09-483b-93fa-90a560c632cb	358	Margus Kaur	M	M55-59	11	5:22:06	0:47:19	0:06:24	2:37:06	0:05:17	1:46:00	EE	
f763f324-f0ab-ef11-b8e9-6045bd048089	359	Ott Põldmäe	M	M35-39	57	5:22:09	0:42:38	0:09:31	2:46:41	0:04:48	1:38:31	EE	
e744907b-4746-4839-9126-9bff90f192d5	360	Peter Gasser	M	M40-44	36	5:22:18	0:37:30	0:06:51	2:56:56	0:07:02	1:33:59	che	
76169d2b-1222-f111-8341-00224803a590	361	Martin Minin	M	M40-44	37	5:22:18	0:53:35	0:05:25	2:39:39	0:04:43	1:38:57	EST	
7bf8ddb6-e19d-4263-803b-a93fc25c1bd5	362	Michelle Carter	F	F50-54	2	5:22:20	0:29:31	0:05:34	2:51:05	0:05:26	1:50:44	gbr	
c7cc84e8-9cec-f011-8544-00224805e61c	363	Cathal Byrne	M	M18-24	41	5:22:33	0:38:33	0:06:10	2:57:19	0:04:49	1:35:42	IRL	
3d3b0b9a-ef6b-f011-bec2-000d3a5cf7d8	364	Kaido Hanni	M	M45-49	31	5:22:42	0:40:14	0:05:43	2:45:29	0:04:25	1:46:51	EE	
5a0b24ae-f92d-f111-88b3-0022480b35b6	365	George Roberts	M	M25-29	62	5:22:47	0:35:45	0:03:45	2:49:20	0:03:32	1:50:25	IRL	
529ddcb1-0f5e-408e-86ca-a8f474c4d858	366	Paula-Brit Siimar	F	F25-29	13	5:22:52	0:29:58	0:03:17	2:50:32	0:04:02	1:55:02	EE	
df6eb599-d895-466e-9998-1559360c86cd	367	Annika Juhanson	F	F35-39	7	5:22:55	0:34:38	0:05:41	2:45:00	0:07:44	1:49:50	est	
3751fd8a-b03b-f111-88b3-6045bd08b1a2	368	Henri Koski	M	M40-44	38	5:22:56	0:37:00	0:05:09	2:44:27	0:05:48	1:50:33	FIN	
c9f65a53-39ae-457e-bbaf-1bd129e6cf28	369	Luke Roche	M	M25-29	63	5:23:04	0:42:16	0:07:12	2:58:52	0:04:37	1:30:06	IE	
7a8f003a-fd9e-4f42-8d83-ac498aa552c6	370	Triinu Palo	F	F50-54	3	5:23:22	0:44:15	0:04:42	2:51:33	0:03:17	1:39:35	EE	
79406c70-5f4d-415e-ade0-dc4ce183048a	371	Raine Pulkkinen	M	M50-54	18	5:23:26	0:41:47	0:04:56	2:51:14	0:03:34	1:41:55	FI	
1516aea5-7895-4965-8dc8-c82c99c39a00	372	Morgan Kerr	M	M35-39	58	5:23:31	0:36:15	0:05:41	2:46:19	0:03:49	1:51:28	irl	
e400da7a-3730-f011-8c4d-000d3a5cf7d8	373	Daniel Manriquez	M	M18-24	42	5:23:33	0:31:23	0:05:00	2:54:28	0:03:03	1:49:40	NO	
f9251a4f-4677-f011-b4cb-000d3a5c3d6c	374	Juozas Piekuras	M	M35-39	59	5:23:39	0:42:13	0:06:17	2:44:32	0:05:17	1:45:20	LTU	
46d383cc-94c3-ef11-b8e8-000d3a5a403c	375	Stine Sandven-Thrane	F	F40-44	1	5:23:44	0:39:21	0:06:01	2:41:57	0:04:23	1:52:02	nor	
82de4b02-cd85-f011-b4cc-000d3a3173b5	376	Chris Hobbs	M	M30-34	51	5:23:45	0:40:18	0:06:21	2:55:30	0:05:44	1:35:52	GB	
f3206105-ef8b-48d4-9e0d-38dd03bced2d	377	Mihkel Lääne	M	M40-44	39	5:23:48	0:34:22	0:05:25	2:41:04	0:04:08	1:58:49	EE	
eeed6559-b6e0-4701-a70d-6fb1dc83db67	378	Vadim Volkov	M	M50-54	19	5:23:51	0:43:34	0:05:05	2:32:13	0:04:22	1:58:37	EE	
038548c8-99f0-4937-81e9-da9132e454fb	379	Tamas Till	M	M50-54	20	5:23:54	0:32:21	0:06:53	2:45:12	0:05:41	1:53:48	HU	
c8fa13dc-f299-48d9-9271-ff5ace4e0bcc	380	Aleksi Varinen	M	M40-44	40	5:24:03	0:41:27	0:06:21	2:49:44	0:05:17	1:41:14	FI	
5f5355e0-cb5b-f011-bec1-0022480c097c	381	Sigrid Österlund	F	F25-29	14	5:24:04	0:33:03	0:05:34	2:46:32	0:05:43	1:53:13	fin	
39069bf9-632c-f111-88b4-0022480994c2	382	Nir yagur	M	M30-34	52	5:24:11	0:34:32	0:05:17	3:00:31	0:03:48	1:40:03	isr	
1ab66628-2061-ef11-bfe3-000d3a37be46	383	Salla Saarteinen	F	F30-34	8	5:24:13	0:31:03	0:04:17	3:00:06	0:04:08	1:44:39	che	
f7ca2386-be4a-f111-bec6-0022480b88da	384	Kristjan Joost	M	M30-34	53	5:24:16	0:37:17	0:05:04	3:00:37	0:03:44	1:37:34	EST	
188fca99-2c00-4ac3-b6cc-bcaa7c584edb	385	Leigh Gough	M	M35-39	60	5:24:19	0:37:05	0:07:41	2:54:15	0:05:48	1:39:30	gbr	
42e5e1b7-dee5-f011-8544-6045bd09951e	386	David Melhuish	M	M30-34	54	5:24:25	0:38:40	0:07:30	2:55:29	0:04:47	1:37:59	GBR	
3dae89e9-9195-f011-b4cc-000d3a5b50ba	387	Robert Lang	M	M35-39	61	5:24:32	0:36:52	0:06:07	2:45:33	0:03:33	1:52:28	CI	
53378e51-46b6-42be-810b-4b41441278d7	388	Glen Buggy	M	M45-49	32	5:24:38	0:33:49	0:06:26	2:45:25	0:06:22	1:52:35	IRL	
209e4707-7c8c-4bad-865d-0e2ddbd77138	389	Jonathan Overmann	M	M25-29	64	5:24:44	0:54:35	0:05:34	2:31:40	0:04:26	1:48:29	DE	
8f390cbe-0271-4517-bff3-495bb26ae373	390	Jevgenijs Sergejevs	M	M45-49	33	5:24:44	0:36:55	0:05:50	2:53:14	0:04:08	1:44:37	LV	
46a0c102-fc99-f011-b4cc-6045bd05f634	391	Simon Claris	M	M25-29	65	5:24:45	0:40:11	0:04:25	2:55:05	0:03:13	1:41:51	gbr	
71ef12e3-6e00-f111-8406-7ced8d6f7c64	392	Romet Nurming	M	M18-24	43	5:25:03	0:37:24	0:04:43	2:50:02	0:03:24	1:49:30	EST	
c9b7cc7f-67ae-418c-b120-eeac7fb18e3a	393	Karina Toming	F	F25-29	15	5:25:11	0:41:57	0:06:34	2:46:32	0:03:49	1:46:19	est	
9791070a-139b-48db-a75a-2a5afcd023a6	394	Raido Martinson	M	M40-44	41	5:25:31	0:40:21	0:04:31	2:50:51	0:04:10	1:45:37	EST	
c38076ca-3a8a-4048-b693-30022a3026ba	395	Margus Kivirüüt	M	M45-49	34	5:25:39	0:52:26	0:07:36	2:45:17	0:05:33	1:34:47	EE	
49d9d26f-1dbf-f011-bbd2-6045bd01f23b	396	Tommy Füllner	M	M50-54	21	5:25:53	0:36:37	0:06:03	2:42:51	0:06:14	1:54:09	DEU	
692ea1b8-3f27-4e98-a597-7465e8e045ce	397	Erik Silas	M	M30-34	55	5:25:54	0:43:27	0:06:37	2:42:29	0:02:59	1:50:22	EE	
a0fd7ceb-8256-f111-bec7-002248046451	398	Martin Villems	M	M18-24	44	5:26:06	0:33:26	0:06:29	3:03:17	0:04:28	1:38:25	EST	
6f0ac0f1-fd5b-f111-a826-002248046451	399	Louis Schmitz	M	M18-24	45	5:26:15	0:33:51	0:04:44	3:05:15	0:03:53	1:38:32	esp	
8140ed1b-fe83-f011-b4cc-000d3a5cf7d8	400	Kristjan Kõuts	M	M25-29	66	5:26:23	0:41:38	0:06:58	2:48:45	0:06:05	1:42:57	EE	
f34856bd-37be-f011-bbd3-000d3a35ffc1	401	Dainius Lučkauskas	M	M35-39	62	5:26:25	0:42:34	0:04:47	2:46:36	0:04:56	1:47:31	LTU	
17118090-2484-f011-b4cc-6045bd05f634	402	Toms Rits	M	M30-34	56	5:26:26	0:47:19	0:06:58	2:50:06	0:04:59	1:37:05	LV	
5d5f2d6d-1fdf-f011-8544-000d3a5cf7d8	403	Kyle Thomas	M	M18-24	46	5:26:27	0:43:26	0:04:45	2:36:51	0:04:31	1:56:53	GBR	
867f9ecd-6d5b-f011-bec2-000d3a5b50ba	404	Kaur Tuvikene	M	M40-44	42	5:26:28	0:40:52	0:05:40	2:42:17	0:03:59	1:53:40	EST	
60d30456-7f81-ef11-ac21-000d3a5a1803	405	Duncan Crawford	M	M45-49	35	5:26:30	0:40:55	0:04:20	2:53:54	0:05:05	1:42:17	gbr	
0d8fc14d-25cd-ef11-b8e9-000d3a5a1803	406	Christian Pio Spagnol	M	M30-34	57	5:26:37	0:45:54	0:08:01	2:46:09	0:05:28	1:41:05	MT	
500cb3d0-7aaf-f011-bbd3-0022480c097c	407	sandro maramieri	M	M45-49	36	5:26:45	0:40:09	0:05:40	2:53:04	0:04:03	1:43:48	ITA	
494e35f6-b769-f111-a826-0022480a5755	408	Hans-Kristjan Novitski	M	M18-24	47	5:26:46	0:26:13	0:04:28	2:58:36	0:04:29	1:53:01	est	
adf40aa1-9c08-4137-ba79-5529b988f855	409	Kätlin Tiigi	F	F30-34	9	5:26:50	0:40:22	0:05:03	2:50:00	0:02:48	1:48:37	EE	
637fb9ce-bc9e-f011-b41c-002248098cfa	410	Lauri Böhm	M	M30-34	58	5:27:13	0:35:27	0:05:46	2:59:31	0:03:03	1:43:25	fin	
602f0ce3-6456-4372-a1fd-e5823d308d3b	411	Pino Cosimo De Wilde	M	M30-34	59	5:27:18	0:44:10	0:04:56	2:45:45	0:03:33	1:48:54	CH	
72e2d65f-1fc0-4820-b5df-9f6b94e830c2	412	Christian Hartz	M	M50-54	22	5:27:30	0:42:31	0:05:29	2:47:27	0:04:34	1:47:30	deu	
57969d60-f0ed-467c-993b-04abde2cbc56	413	Stanislav Gurba	M	M40-44	43	5:27:40	0:42:22	0:05:32	2:49:35	0:03:35	1:46:36	EE	
b309ed41-27c3-f011-bbd3-000d3a3173b5	414	Joseph Wilkinson	M	M30-34	60	5:27:43	0:35:42	0:04:57	3:03:12	0:07:43	1:36:09	DEU	
9a564de0-40f4-48eb-a82f-fcfd5ea73808	415	Matthew Turner	M	M45-49	37	5:27:43	0:40:19	0:10:28	3:04:45	0:05:56	1:26:16	GB	
40eb06f1-1b56-ee11-be6f-000d3a314c24	416	Ole Kristian Augland		M45-49	38	5:27:49	0:41:47	0:07:19	2:38:00	0:04:57	1:55:45	DNK	
701651fe-6a06-f111-8406-0022480b84a3	417	Henry Epro	M	M18-24	48	5:27:53	0:40:30	0:05:16	2:50:55	0:05:03	1:46:10	EST	
d2642a86-e8c5-ef11-b8e9-000d3a5a1803	418	Idar Øyo	M	M25-29	67	5:27:54	0:46:25	0:06:51	2:44:56	0:04:18	1:45:24	NO	
b8382312-982d-f011-8c4d-6045bd09951e	419	Rūta Ulevičiūtė	F	F25-29	16	5:27:57	0:38:15	0:05:16	2:49:43	0:06:05	1:48:38	LT	
cc782049-2b6d-ef11-a671-6045bd0953ac	420	Oskar Older	M	M18-24	49	5:28:03	0:38:17	0:05:54	2:50:19	0:04:33	1:49:01	EE	
b0cbc762-b7eb-40b2-863c-bc1d4b994ad0	421	Stephen Ellison	M	M55-59	12	5:28:12	0:37:26	0:07:19	2:46:09	0:07:24	1:49:53	United Kingdom	
7770ddfc-55a2-42ef-87b0-770672b2f271	422	Toomas Jõgeva	M	M55-59	13	5:28:13	0:41:23	0:06:20	2:45:57	0:04:35	1:49:58	EE	
cedf8211-29dd-f011-8544-000d3a3173b5	423	Rhys Barrot	M	M18-24	50	5:28:13	0:34:05	0:05:59	2:49:58	0:04:43	1:53:28	JEY	
612b7fda-3148-f011-877a-000d3a3173b5	424	Aleksandr Kim	M	M55-59	14	5:28:14	0:43:09	0:06:06	2:49:58	0:04:51	1:44:10	uzb	
68b8a117-391c-429f-b50a-2e834e513a66	425	Artjom Vakulenko	M	M45-49	39	5:28:18	0:41:14	0:05:00	2:45:56	0:04:02	1:52:06	EE	
c5f6229a-8c90-f011-b4cc-000d3a35ffc1	426	Juho Haapala	M	M30-34	61	5:28:19	0:52:59	0:08:50	2:39:38	0:07:03	1:39:49	FI	
87a8403f-0f83-f011-b4cc-6045bd05fcc1	427	Martin Matsalu	M	M25-29	68	5:28:24	0:38:26	0:05:18	2:50:24	0:04:16	1:49:59	EE	
b87bc510-e270-ef11-a670-0022480ac0a9	428	Findlay Currie	M	M25-29	69	5:28:28	0:38:59	0:07:39	2:57:51	0:04:11	1:39:47	GB	
0dc6d177-2018-4423-a0fa-607c7c0e7850	429	Frank Berwanger	M	M55-59	15	5:28:55	0:40:00	0:05:37	2:46:34	0:05:20	1:51:23	deu	
0ac06d88-e7bc-4b77-87e4-af2e22c8a6c9	430	Kadi Pakkas	F	F35-39	8	5:28:56	0:46:50	0:05:49	2:54:23	0:03:17	1:38:37	EE	
e4715b59-b2e2-4d83-9b57-d1a85c0f5d43	431	Risto Raaper	M	M45-49	40	5:29:01	0:41:36	0:05:22	2:39:22	0:06:38	1:56:04	EE	
f06bcd5d-cf4a-f111-bec5-0022480a5755	432	Karl Kristen Ain	M	M18-24	51	5:29:09	0:41:25	0:05:19	3:08:03	0:04:27	1:29:55	EST	
9e0dae2c-f5f0-4648-b3b3-5ffcf57f6628	433	Sergei Bessonov	M	M40-44	44	5:29:11	0:42:31	0:08:21	2:56:22	0:05:31	1:36:26	EE	
8edae0f8-74f4-4190-ab14-5ec89a45b322	434	Louise Gretton	F	F50-54	4	5:29:12	0:32:03	0:04:05	2:53:55	0:04:25	1:54:44	gbr	
bcd5ba1a-cfb3-42bb-89c9-465f75b608f6	435	Aleksandr Knjazetski	M	M40-44	45	5:29:16	0:38:21	0:06:14	2:45:13	0:05:00	1:54:27	EE	
015b613e-a989-f111-ab10-70a8a5b19cbc	436	Hamad Aljneibi	M	M30-34	62	5:29:18	0:43:36	0:07:13	2:49:26	0:09:21	1:39:42	are	
745eb9b3-21bb-f011-bbd3-000d3a5b50ba	437	Karin Nappus	F	F30-34	10	5:29:20	0:44:01	0:05:35	2:51:08	0:06:09	1:42:28	EST	
413e1ce3-c690-ef11-ac20-000d3a5a403c	438	Falk Schaaf	M	M40-44	46	5:29:32	0:35:43	0:07:55	2:47:15	0:08:25	1:50:14	lux	
b0b092a5-fdd4-ef11-8ee9-6045bd018d16	439	Patrick Dalton	M	M25-29	70	5:29:51	0:44:00	0:05:45	2:49:14	0:05:54	1:44:58	GB	
be150b58-8c7b-4ac2-b7d4-e87e79a28636	440	Manuel Bartolo	M	M45-49	41	5:29:52	0:41:56	0:07:09	2:49:37	0:05:03	1:46:08	mlt	
99f2e388-7c47-4ceb-91ae-598c0c849617	441	Kimmo Lillipuu	M	M35-39	63	5:29:59	0:32:56	0:04:51	2:52:28	0:05:24	1:54:19	EST	
072095b3-13b4-f011-bbd3-000d3a35ffc1	442	Mika Kärkkäinen	M	M35-39	64	5:29:59	0:39:58	0:09:21	2:49:23	0:08:16	1:43:02	fin	
4dde0bcf-7010-4144-919f-f92bf692fa33	443	ADAM COPE	M	M30-34	63	5:30:01	0:41:34	0:07:50	2:49:20	0:04:09	1:47:08	GB	
0ede9ecf-113a-41af-9dae-5fe4c2cfe18f	444	Martin Henkel	M	M55-59	16	5:30:07	0:35:20	0:08:33	2:44:56	0:05:52	1:55:26	Germany	
d34a2590-c3dd-f011-8544-000d3a5b7c3b	445	Jonny Kirton	M	M30-34	64	5:30:11	0:35:33	0:05:08	2:55:34	0:06:36	1:47:20	GBR	
4c7c547e-f048-f111-bec6-0022480b88da	446	Matheus Schwabe Rosenholm	M	M18-24	52	5:30:13	0:43:27	0:05:21	2:39:48	0:05:24	1:56:13	NOR	
a0e5da7e-2d5e-f111-a826-0022480b88da	447	Edmunds Lazdāns	M	M30-34	65	5:30:19	0:40:06	0:06:01	2:46:31	0:04:49	1:52:52	LVA	
a4fc9f89-27cd-40cb-a9f6-37feafc49f33	448	Priit Kuuseorg	M	M35-39	65	5:30:21	0:38:24	0:05:53	2:48:31	0:06:06	1:51:26	Estonia	
d4098c4d-4d47-ee11-be6d-000d3a31440b	449	Tuomo Hakkarainen	M	M35-39	66	5:30:23	0:40:07	0:05:35	2:49:23	0:04:43	1:50:34	FIN	
20f2dd4c-2904-4e7d-9c6b-43b6f78c710a	450	Elvis Pärnpuu	M	M45-49	42	5:30:26	0:32:55	0:07:24	2:57:23	0:04:26	1:48:18	EE	
0530a34c-5a0d-438b-a32b-65be4141b68a	451	Jane Oidekivi	F	F50-54	5	5:30:28	0:35:58	0:04:39	2:46:55	0:03:36	1:59:20	est	
74575023-1d2f-4389-830a-dbac1d419573	452	Yiannos Assiotis	M	M40-44	47	5:30:31	0:42:00	0:05:36	2:42:43	0:05:14	1:54:58	cyp	
c82113d4-4510-44fe-8fe4-436e5c2d7db1	453	Vallo Veinthal	M	M50-54	23	5:30:32	0:34:18	0:06:44	2:46:39	0:06:05	1:56:46	EE	
8069a916-6969-f111-a826-002248081bd6	454	brian aucourt	M	M25-29	71	5:30:32	0:43:33	0:06:52	2:53:20	0:03:58	1:42:50	FRA	
cc46f26e-98b9-f011-bbd3-000d3a35ffc1	455	kit riley	M	M18-24	53	5:30:37	0:39:53	0:05:23	2:51:35	0:05:37	1:48:10	GBR	
e9d06003-2aca-4d10-a698-f0865cba5198	456	Daniel Schrod	M	M50-54	24	5:30:38	0:40:21	0:08:46	2:46:16	0:05:31	1:49:45	Unknown	
25abea07-4e6b-f111-a825-0022480b35b6	457	Sofia Eskola	F	F25-29	17	5:30:40	0:40:54	0:07:29	2:45:52	0:03:43	1:52:42	FIN	
f0706af7-34c9-f011-bbd3-0022480a7385	458	Thomas Gugger	M	M30-34	66	5:30:47	0:37:59	0:05:54	2:46:42	0:05:45	1:54:27	CHE	
b18fddc9-26df-f011-8544-000d3a35ffc1	459	Vladyslav Kovalenko	M	M25-29	72	5:30:50	0:43:58	0:08:54	2:57:50	0:06:27	1:33:42	GBR	
b8918ec4-67ca-4306-b584-523a1ed9abef	460	Denise Fries	F	F30-34	11	5:31:00	0:36:56	0:05:43	2:55:56	0:03:32	1:48:54	deu	
94538891-39c7-4356-891e-913b87995021	461	Remo Kuldkepp	M	M40-44	48	5:31:02	0:39:43	0:07:20	2:36:29	0:05:53	2:01:37	Unknown	
185b9614-cff7-4fc9-9129-202043f533dd	462	Martin Kaschan	M	M30-34	67	5:31:02	0:35:29	0:05:52	2:45:55	0:05:10	1:58:37	EE	
7e3bf649-a1e3-f011-8543-6045bd05fcc1	463	Hamad Al mutlaq	M	M18-24	54	5:31:06	0:40:37	0:05:32	3:00:49	0:05:58	1:38:11	qat	
7c87a6ed-bf2b-f111-88b3-6045bd06566a	464	Kelven Mukekwa	M	M18-24	55	5:31:07	0:50:48	0:05:50	2:58:44	0:03:40	1:32:05	NOR	
f936aad2-ba44-4803-ab89-d8b8d29051bd	465	Keith Lia	M	M35-39	67	5:31:08	0:42:52	0:07:51	2:54:30	0:05:40	1:40:15	Malta	
442724c0-7686-4c4a-bdc5-64bf3ebd7ed1	466	Francesco Rubini	M	M50-54	25	5:31:25	0:41:08	0:07:26	2:43:41	0:05:43	1:53:27	IT	
51a95dd5-2e28-4498-878e-e332060169e6	467	Matthias Wittenburg	M	M55-59	17	5:31:30	0:36:36	0:05:40	2:52:02	0:04:22	1:52:50	deu	
e9b00a38-ee7a-f111-ab0e-0022480bd6f1	468	Stefan Grabinski-Friehmelt	M	M40-44	49	5:31:32	0:37:52	0:04:56	2:55:51	0:05:34	1:47:20	Unknown	
f73d4d65-c314-4e22-8469-5cbe6ab3b902	469	Matthew Crosby	M	M30-34	68	5:31:37	0:43:32	0:05:58	2:57:55	0:06:13	1:37:59	GB	
aae299c6-af1b-f111-8341-0022480994c2	470	Benas Ilgys	M	M18-24	56	5:31:40	0:39:30	0:07:15	3:05:19	0:08:03	1:31:33	LTU	
044923e6-53bf-f011-bbd3-6045bd05f634	471	Ruan Kruger	M	M35-39	68	5:31:46	0:31:39	0:04:43	3:03:55	0:06:21	1:45:09	NLD	
2b40b807-8e8a-42f0-97fc-10e1da57213e	472	Vivienne Sparks	F	F50-54	6	5:31:49	0:37:35	0:04:32	2:51:03	0:03:50	1:54:49	GB	
abb1e0f1-acc8-f011-bbd3-6045bd05fcc1	473	Gijs van Pamelen	M	M30-34	69	5:31:49	0:43:30	0:07:26	2:50:24	0:07:05	1:43:24	est	
c91957a0-1072-f011-bec3-6045bd09951e	474	Aleksei Ian	M	M35-39	69	5:31:53	0:48:57	0:06:14	2:54:01	0:03:12	1:39:29	fin	
d01570ba-f590-f111-8077-0022480a5755	475	Aleksandr Smirnov	M	M40-44	50	5:32:01	0:41:33	0:08:21	2:53:09	0:04:55	1:44:04	EST	
b960f699-436f-f111-ab0d-002248046ec8	476	Wiktor Sierakowski	M	M18-24	57	5:32:18	0:44:49	0:09:00	2:53:17	0:05:35	1:39:37	GBR	
a6a3b24f-1d9d-f011-b41c-000d3a5b50ba	477	Daan Potter	M	M18-24	58	5:32:23	0:36:27	0:06:21	2:54:23	0:04:43	1:50:29	NL	
65a811ce-bb46-f011-877a-6045bd05fcc1	478	Marco Ioannilli	M	M35-39	70	5:32:29	0:48:24	0:07:02	2:44:38	0:03:14	1:49:11	ITA	
257f5d2e-148d-f011-b4cc-000d3a5cf7d8	479	Jacob Rivelis	M	M18-24	59	5:32:34	0:36:26	0:05:22	2:59:52	0:04:23	1:46:31	CA	
4a5c0b1c-dbe7-f011-8543-6045bd05fcc1	480	Isabelle Willassen	F	F25-29	18	5:32:43	0:42:48	0:05:10	2:55:50	0:03:58	1:44:56	NOR	
2874c103-2173-f111-ab0f-6045bd08b1a2	481	Clas-Magnus Pachowsky	M	M18-24	60	5:32:48	0:44:36	0:06:13	2:41:09	0:06:41	1:54:09	che	
42c4a9b4-9e18-f011-998a-000d3a3173b5	482	Zachary Carter	F	M18-24	61	5:32:59	0:30:42	0:05:50	3:07:08	0:05:42	1:43:37	FRA	
73be6a22-e7c9-ef11-b8e8-000d3a5a403c	483	Ana-Fiona Toullec-Lugert	F	F18-24	7	5:33:25	0:36:50	0:04:29	2:54:20	0:04:29	1:53:17	MCO	
e603274a-78d4-4e01-8a56-519c79c5c8f5	484	Caitlyn Lee	F	F30-34	12	5:33:26	0:30:07	0:04:57	3:10:10	0:04:45	1:43:27	GBR	
b9aa26ea-9a6b-f111-ab0b-7c1e528d5074	485	Jurijs Molcanovs	M	M35-39	71	5:33:27	0:43:59	0:06:53	2:47:53	0:06:16	1:48:25	LVA	
94f9217b-66d7-f011-8544-000d3a5cf7d8	486	Mantvydas Lazauskas	M	M25-29	73	5:33:33	0:40:50	0:05:37	2:50:31	0:06:08	1:50:26	LTU	
7c0a87d6-4b41-ef11-8409-6045bd0953ac	487	Janis Davis	M	M35-39	72	5:33:40	0:40:48	0:06:24	2:39:46	0:06:28	2:00:14	lva	
a18958d1-13e3-43df-929b-bea21a7fdbc5	488	Egle Rebane Klemm	F	F40-44	2	5:33:40	0:36:14	0:05:46	2:52:12	0:04:59	1:54:28	est	
2c0563c8-362b-f111-88b3-6045bd08b1a2	489	Margarita Epermane	F	F40-44	3	5:33:42	0:45:35	0:05:13	2:47:51	0:04:39	1:50:24	LVA	
8b443366-424c-462f-a640-426874bd6cd5	490	Ian Mills	M	M45-49	43	5:33:46	0:35:11	0:07:10	3:01:26	0:05:00	1:44:59		
1debd990-a6c8-f011-bbd3-000d3a5b7c3b	491	Helge Løvenskiold	M	M40-44	51	5:33:53	0:52:04	0:06:15	2:29:41	0:05:41	2:00:11	NOR	
613b9a05-2483-f011-b4cc-6045bd05fcc1	492	Katie Nimmo	F	F50-54	7	5:33:56	0:28:52	0:06:54	2:54:23	0:09:30	1:54:17	GB	
0011ee08-ffd4-ef11-8eea-000d3a5a1803	493	Tom Hewat	M	M25-29	74	5:34:03	0:45:05	0:08:03	2:56:02	0:06:40	1:38:12	gbr	
2c151b62-61ae-f011-bbd3-000d3a35ffc1	494	william punter	M	M18-24	62	5:34:06	0:36:46	0:07:01	3:05:38	0:05:06	1:39:35	GBR	
f5d9c7fe-2d94-4831-a028-4d8035b34e5f	495	Gatis Madžiņš	M	M50-54	26	5:34:09	0:36:11	0:07:09	2:50:25	0:06:03	1:54:21	LV	
89fcab36-5b93-459f-99ef-29683f61c9c1	496	Martin Hummer	M	M55-59	18	5:34:10	0:40:05	0:08:53	2:42:00	0:09:54	1:53:18	DE	
cc528f90-8885-f011-b4cc-6045bd05fcc1	497	Maxim Sivovol	M	M18-24	63	5:34:12	0:35:44	0:09:00	2:56:16	0:05:33	1:47:39	EE	
81edb8cc-9b28-4f25-a12f-e0ceb55f541a	498	Yasu Hirai	M	M35-39	73	5:34:19	0:24:23	0:06:50	3:01:03	0:04:33	1:57:29	aus	
2f6eb566-45eb-f011-8406-7ced8d3c43b2	499	Hugo Guesdon	M	M30-34	70	5:34:34	0:41:14	0:05:32	3:00:24	0:03:16	1:44:08	FRA	
8e6e612f-cf23-44c1-8251-57083462aca3	500	Tom Byrne	M	M60-64	7	5:34:37	0:33:21	0:07:01	2:55:09	0:06:30	1:52:36	IE	
08c9add8-26f8-f011-8406-002248081bd6	501	Conor Quinn	M	M18-24	64	5:34:51	0:39:18	0:05:20	3:00:19	0:05:50	1:44:05	GBR	
f0de1c4c-4178-f111-ab0f-002248081bd6	502			M30-34	71	5:34:53	0:52:13	0:04:53	2:48:00	0:04:57	1:44:50	EST	
deb3d98c-4362-41c4-a21e-3bb07cb09b0f	503	Dariusz Pawlukiewicz	M	M30-34	72	5:34:58	0:50:30	0:09:36	2:52:18	0:05:04	1:37:30	Poland	
756373ac-c4b1-f011-bbd3-000d3a3173b5	504	Ben Birks	M	M30-34	73	5:35:05	0:35:28	0:06:33	3:10:30	0:06:50	1:35:44	GBR	
a0e5f5b6-c1ce-ef11-b8e8-6045bd018d16	505	Kaspar Krill	M	M18-24	65	5:35:06	0:39:21	0:04:19	3:01:44	0:03:21	1:46:22	EE	
5b397d4b-079a-f011-b4cc-0022480a7385	506	Adam Callan	M	M35-39	74	5:35:11	0:43:56	0:08:53	2:48:48	0:09:07	1:44:26	GBR	
1380e3d5-71e9-f011-8543-000d3a5b5fc7	507	Timon Manger	M	M30-34	74	5:35:12	0:44:56	0:08:21	2:53:36	0:05:22	1:42:57	che	
03e3ef9b-979b-ef11-8a6a-002248049fdc	508	Nikolai Lorengel	M	M40-44	52	5:35:19	0:41:25	0:07:27	2:54:01	0:03:44	1:48:42	DEU	
893cf2fb-0874-ef11-a670-00224809fd7c	509	Tristan Viidas	M	M30-34	75	5:35:26	0:34:21	0:05:42	2:53:59	0:07:23	1:54:02	EE	
0184340b-3eea-436c-a8b5-5674eb827785	510	Madis Kull	M	M45-49	44	5:35:27	0:37:05	0:06:29	2:42:10	0:04:42	2:05:01	EE	
dfbf63e8-3efc-4a92-bafe-ed11e8d4ee91	511	Christian Roeder	M	M45-49	45	5:35:31	0:43:44	0:07:49	3:00:45	0:04:59	1:38:14	GE	
693646ef-9715-f111-8341-0022480b84a3	512	Elias Vira	M	M25-29	75	5:35:36	0:33:32	0:04:33	2:48:36	0:05:16	2:03:38	FIN	
5d94e6ea-1e28-4703-b661-83c2c211387e	513	Tuomas Ronkainen	M	M50-54	27	5:35:44	0:48:27	0:08:18	2:49:47	0:07:01	1:42:11	FI	
21b76f2e-3704-4808-8bd9-5f4b1552ad70	514	Geoffrey Sadler	M	M40-44	53	5:36:06	0:38:57	0:07:24	3:04:35	0:04:16	1:40:54	GB	
246b1c2a-3d1a-4566-91f2-6b7f1190ce9f	515	Annukka Hentilä	F	F25-29	19	5:36:06	0:43:15	0:07:17	2:53:37	0:04:25	1:47:32	fin	
c230aa4c-aef4-485e-aa8c-c53ad1a429f3	516	Driss Slaoui	M	M30-34	76	5:36:08	0:40:25	0:07:33	3:05:26	0:05:20	1:37:23	MA	
b6e8851c-c795-f111-8076-6045bd06566a	517	Mario Nordström	M	M40-44	54	5:36:26	0:41:23	0:06:32	2:58:58	0:06:05	1:43:28	EST	
cf9e2b6d-c496-4019-828b-cfaa802c04c5	518	Joachim Prinz	M	M55-59	19	5:36:28	0:37:39	0:08:32	2:57:04	0:05:34	1:47:40	deu	
a4650633-9259-f111-bec7-0022480b84a3	519	Francis Smith-Ward	M	M25-29	76	5:36:32	0:36:48	0:05:10	2:54:28	0:03:18	1:56:48	GBR	
2d96ebdd-a223-4885-bbe4-c8b104a6baf7	520	Aleks Loonurm	M	M45-49	46	5:36:35	0:39:56	0:07:12	2:48:49	0:03:49	1:56:49	EE	
53cedd59-7da7-f011-bbd3-000d3a5b50ba	521	Richard Hawkins	M	M30-34	77	5:36:36	0:40:27	0:07:05	2:43:01	0:07:20	1:58:43	GB	
8c4a96b3-c867-f011-bec2-000d3a5b7c3b	522	Philippa Amos	F	F25-29	20	5:36:36	0:36:09	0:05:02	3:06:16	0:04:13	1:44:57		
b13223cd-283b-f111-88b4-0022480b84a3	523	Jeremy Eyer	M	M25-29	77	5:36:39	0:40:25	0:07:37	3:06:01	0:08:18	1:34:17	CHE	
7792e511-8bf5-444b-a66a-304efe4c5d7b	524	Jasper Pirhonen	M	M25-29	78	5:36:40	0:35:19	0:04:48	2:59:01	0:05:35	1:51:58	FIN	
938e796f-937a-f111-ab0f-002248046ec8	525	Tellef Isungset	M	M25-29	79	5:36:42	0:46:35	0:06:58	2:46:33	0:07:49	1:48:47	NOR	
da3133ef-1b78-4fa5-bf59-5fec88d68586	526	Steven Moody	M	M50-54	28	5:36:46	0:40:23	0:05:56	2:54:19	0:05:11	1:50:57	irl	
ca6eb2bf-563b-f111-88b3-6045bd06566a	527	ASNATE PUCENA	F	F30-34	13	5:36:48	0:38:47	0:05:02	2:55:05	0:04:34	1:53:19	LVA	
c2c33ec0-63e3-f011-8544-000d3a35ffc1	528	Luis Jesse	M	M18-24	66	5:36:49	0:44:10	0:07:29	2:51:04	0:06:18	1:47:48	deu	
4fd7b4cd-6c47-42d8-925b-17a0c81d6a65	529	Thiago Fonseca	M	M40-44	55	5:36:57	0:32:33	0:07:58	2:50:45	0:07:24	1:58:18	BR	
04b8913b-fc1b-f111-8341-002248046ec8	530	Suprit Chowdary	M	M18-24	67	5:36:58	0:45:26	0:07:40	2:54:17	0:06:55	1:42:41	gbr	
830f43ca-3460-f111-a825-70a8a5ae388f	531	Krista Salminen	F	F35-39	9	5:36:58	0:38:05	0:05:31	2:54:18	0:05:40	1:53:24	FIN	
5d91fa05-f0bf-f011-bbd3-0022480a7385	532	Tanya Krause	F	F25-29	21	5:37:00	0:38:50	0:04:17	3:02:11	0:04:47	1:46:54	FIN	
8c144b0d-0056-f111-bec6-0022480a5755	533	Joshua Flanagan	M	M25-29	80	5:37:24	0:41:44	0:06:41	3:00:44	0:06:32	1:41:44	GBR	
ff37a6f6-0984-f011-b4cc-6045bd05f634	534	Karmel Mägi	F	F25-29	22	5:37:26	0:40:35	0:07:38	2:58:40	0:06:28	1:44:04	EE	
3fd68e8c-ee1b-f111-8341-0022480a5755	535	Andreas Büch	M	M45-49	47	5:37:34	0:44:24	0:05:15	2:54:35	0:07:06	1:46:14	DEU	
0d68c065-6a04-f111-8406-0022480b84a3	536	Bradley Kittrick	M	M25-29	81	5:37:40	0:40:10	0:05:47	2:47:58	0:04:56	1:58:49	GBR	
fd55475e-8aec-42aa-ae02-5994d23c34e5	537	Andrey Varvinskiy	M	M60-64	8	5:37:46	0:36:08	0:06:58	2:48:01	0:04:42	2:01:57	gbr	
601b8f48-5682-4be6-b677-f97a0aeacee7	538	Gregory Marton	M	M35-39	75	5:37:52	0:44:38	0:05:51	2:51:17	0:04:00	1:52:07	CA	
dd47944f-ed8f-f011-b4cc-6045bd09951e	539	Rafik Nasraoui	M	M40-44	56	5:37:58	0:37:44	0:07:58	2:58:39	0:09:38	1:44:00	GB	
8176760f-6e6b-ef11-bfe3-6045bd0953ac	540	Erko Puskar	M	M18-24	68	5:38:02	0:41:21	0:07:01	2:54:34	0:03:39	1:51:26	EE	
b76c58d6-7620-f111-8341-0022480994c2	541	Afonso Sequeira	M	M25-29	82	5:38:05	0:28:31	0:05:24	3:04:45	0:06:09	1:53:16	GBR	
24659421-cdfb-492d-af55-a1407a647450	542	Tii Oot	F	F45-49	5	5:38:08	0:39:36	0:06:09	3:00:46	0:03:56	1:47:41	EE	
b21bfb5a-dd16-f111-8341-0022480994c2	543	Henry Sumsion	M	M18-24	69	5:38:10	0:41:55	0:09:33	3:02:15	0:06:13	1:38:16	GBR	
31207f1f-17c0-f011-bbd3-000d3a5cf7d8	544	Michael Ferrier	M	M50-54	29	5:38:24	0:35:24	0:06:32	2:52:03	0:05:26	1:58:59	USA	
8d6f6bb3-4bd5-f011-8543-0022480b7c1e	545	Peter Howley	M	M50-54	30	5:38:25	0:38:52	0:09:10	2:51:29	0:06:44	1:52:09	IRL	
62568a40-a240-f111-88b3-0022480a5755	546	Jarmo Oberst	M	M35-39	76	5:38:29	0:48:09	0:04:53	2:52:54	0:04:37	1:47:57	est	
2fce474d-9985-ef11-ac21-000d3a338a3c	547	Matteo Uberti Foppa	M	M45-49	48	5:38:31	0:41:20	0:11:51	2:48:46	0:09:33	1:47:01	IT	
c869920e-37a8-f011-bbd3-000d3a5cf7d8	548	endrik eduard alba	M	M18-24	70	5:38:31	0:44:46	0:05:11	2:54:48	0:03:35	1:50:11	Unknown	
ee57cdff-e334-459c-a413-f4507b14dc2f	549	James Little	M	M30-34	78	5:38:32	0:38:20	0:04:54	3:00:08	0:03:11	1:52:00	NZ	
b5037df0-4197-4586-8167-8678985273ad	550	Janne Tiisanoja	M	M55-59	20	5:38:33	0:48:21	0:08:42	2:47:26	0:05:15	1:48:50	FI	
13cb43f0-7fb4-4286-80a0-4699f75eecce	551	Siim Peetrimägi	M	M45-49	49	5:38:41	0:47:34	0:07:15	2:54:14	0:05:41	1:43:56	EE	
028d760f-233d-f011-b4cc-0022480a7385	552	Brad Darby	M	M25-29	83	5:38:45	0:39:36	0:06:32	3:12:19	0:03:29	1:36:48	GBR	
4c3b820f-51af-f011-bbd3-6045bd05fcc1	553	Vladimir Tolmachev	M	M35-39	77	5:38:47	0:38:02	0:03:37	3:16:57	0:04:30	1:35:42	est	
69e1847e-40fc-f011-8406-0022480b35b6	554	Indrek Mäeots	M	M18-24	71	5:38:52	0:38:47	0:04:41	3:00:38	0:03:08	1:51:38	EST	
2e32fb26-8b08-415d-93d6-d5e1f108666f	555	Gerald Lies	M	M50-54	31	5:38:55	0:35:57	0:07:26	2:50:53	0:06:15	1:58:25	JP	
6106be1d-471e-f111-8341-0022480994c2	556	Alexander Strunke	M	M18-24	72	5:39:08	0:42:25	0:05:50	2:55:56	0:03:33	1:51:24	swe	
92820b0c-26c5-f011-bbd3-6045bd05fcc1	557	Karolis Krinickis	M	M25-29	84	5:39:13	0:47:18	0:06:33	2:54:32	0:03:09	1:47:41	LTU	
85b887e8-6f5b-f011-bec2-000d3a3173b5	558	Aia Brnic	F	F40-44	4	5:39:15	0:41:00	0:06:44	3:04:12	0:04:04	1:43:15	che	
ecb6f186-fde3-f011-8543-000d3a5b5fc7	559	Samuel Carr	M	M25-29	85	5:39:20	0:46:47	0:11:18	2:50:51	0:07:12	1:43:13	GBR	
6123b753-03e0-49b3-ab78-aeb2e00a44b7	560	Tõnu Vahtra	M	M40-44	57	5:39:33	0:41:26	0:09:43	2:44:52	0:05:01	1:58:31	EE	
5215499b-2e59-f111-bec6-70a8a5b14965	561	Marius Rausand	M	M30-34	79	5:39:39	0:38:54	0:06:53	2:56:59	0:04:06	1:52:48	nor	
de138222-7f73-f011-bec2-000d3a5cf7d8	562	Fraser Koefman	M	M30-34	80	5:39:41	0:36:30	0:06:22	2:57:39	0:04:49	1:54:21	Unknown	
add7febd-966b-46cf-9486-d7a0c48c4e3e	563	Mert Utku	M	M35-39	78	5:39:55	0:46:57	0:07:12	2:54:04	0:05:11	1:46:30	tur	
1b0e05f2-3467-f111-a826-002248046ec8	564	Nuno David	M	M18-24	73	5:39:57	0:41:27	0:05:58	3:09:14	0:03:06	1:40:12	GBR	
310e2fcd-75ea-f011-8543-000d3a5b5fc7	565	Mathias Petri	M	M35-39	79	5:40:03	0:37:13	0:05:50	3:02:15	0:05:20	1:49:25	aut	
fbd89295-98c5-4ab0-8d17-bf79d93ed2a9	566	Ella Yardley	F	F25-29	23	5:40:06	0:38:57	0:04:57	2:53:33	0:06:54	1:55:46	gbr	
25a62901-460b-f111-8406-0022480a5755	567	Kristjan Tiido	M	M18-24	74	5:40:06	0:35:48	0:05:07	3:02:08	0:04:44	1:52:20	EST	
fd3d541c-ba6c-4a8a-9398-24aa1d1a4533	568	John Robb	M	M60-64	9	5:40:11	0:43:50	0:07:48	2:47:09	0:06:41	1:54:43	GB	
c21fa5dd-c9d1-f011-bbd3-000d3a5b50ba	569	Jack Meijer	M	M18-24	75	5:40:11	0:38:28	0:05:40	2:48:53	0:06:27	2:00:43	nld	
f17ac44a-00f9-477a-acc7-ca0ac5bed5a9	570	Declan Bagnall	M	M45-49	50	5:40:14	0:37:21	0:05:51	2:57:39	0:04:05	1:55:18	irl	
4c61ce2e-b6e4-483d-9396-c8aa6780c096	571	Kalvi Viidas	M	M50-54	32	5:40:22	0:41:27	0:05:45	2:47:03	0:03:51	2:02:17	EE	
ebde2813-58ff-f011-8406-6045bd06566a	572	Mirjam-Kim Rääbis	F	F30-34	14	5:40:43	0:36:13	0:03:51	2:54:46	0:03:43	2:02:09	EST	
e60c929c-a22b-4d2e-a946-fb7b7bc4f20c	573	David Herzig	M	M25-29	86	5:40:45	0:35:44	0:05:36	2:59:27	0:04:12	1:55:46	US	
eef53a8d-aa1e-4021-86c4-b4d6523b413c	574	Kathryn Bintcliffe	F	F30-34	15	5:40:52	0:36:58	0:07:14	2:56:35	0:05:55	1:54:11	GB	
01119a02-6ad0-f011-bbd3-6045bd09951e	575	Kristian Klamas	M	M30-34	81	5:41:07	0:38:18	0:07:04	3:04:35	0:05:01	1:46:09	EST	
70265bee-2ccc-f011-bbd2-6045bd09e913	576	Jiri Koci	M	M30-34	82	5:41:11	0:36:49	0:05:56	2:52:11	0:05:19	2:00:57	cze	
c4ad525b-c03a-f011-b4cb-000d3a5c3d6c	577	Kalle Aro	M	M18-24	76	5:41:15	0:47:52	0:05:04	2:46:55	0:03:16	1:58:08		
fd9679f1-6e1c-4f3f-9051-534715160503	578	Kerstin Mogull	F	F65-69	1	5:41:22	0:35:28	0:10:26	2:50:30	0:05:54	1:59:04	gbr	
34ab5086-216f-f111-ab0d-002248046ec8	579	Frantisek Bures	M	M30-34	83	5:41:41	0:40:25	0:07:38	2:48:02	0:05:41	1:59:55	CZE	
e4610461-e5b8-4e6c-b943-e0b5e8faef43	580	Remo Reinsalu	M	M40-44	58	5:41:47	0:42:16	0:03:57	2:54:48	0:03:41	1:57:05	EE	
8670e8cb-1763-f111-a825-002248046451	581	Ville Lyijynen	M	M25-29	87	5:41:54	0:40:19	0:06:25	2:59:23	0:06:10	1:49:36	fin	
cbebc0a1-c685-f011-b4cc-6045bd05fcc1	582	Olly Brown	M	M25-29	88	5:41:55	0:42:05	0:06:56	2:56:45	0:04:40	1:51:29		
976ea5ad-ea22-4874-bb50-8f0cd1263599	583	Risto Štukert	M	M25-29	89	5:41:56	0:39:57	0:06:28	2:45:43	0:05:40	2:04:09	est	
ac127bfd-1b1f-f111-8341-002248046ec8	584	Federico Maria Brazzolotto	M	M35-39	80	5:41:58	0:39:20	0:09:45	2:57:52	0:05:46	1:49:15	ITA	
a8ac4449-36ef-f011-8407-0022480c370f	585	Cameron Stark	M	M25-29	90	5:41:59	0:40:23	0:07:37	2:58:34	0:04:12	1:51:13	GBR	
9cb20f85-a220-4edb-a43d-f0c976b200a9	586	Celine Fadnes	F	F40-44	5	5:42:00	0:35:08	0:05:06	3:07:50	0:04:02	1:49:53	nor	
0afc9d40-c26e-ef11-a671-00224809ab10	587	Karel Mäekala	M	M30-34	84	5:42:03	0:55:36	0:05:57	2:55:03	0:04:27	1:41:01	EST	
c981a2dd-4c8b-f011-b4cc-000d3a5cf7d8	588	Maxime Bertocchi	M	M30-34	85	5:42:05	0:42:58	0:11:46	2:56:05	0:04:41	1:46:35		
041b7e3a-d743-f111-88b3-6045bd06566a	589	Artem Romanenko	M	M18-24	77	5:42:07	0:39:13	0:06:40	2:54:23	0:08:10	1:53:41	UKR	
f6251b15-79c8-f011-bbd2-000d3a5b5fc7	590	Tilia Woloszyn	F	F18-24	8	5:42:10	0:36:02	0:05:37	2:58:48	0:06:02	1:55:40	FRA	
8a952135-c508-f111-8406-0022480994c2	591	Ahmed Alyafei	M	M18-24	78	5:42:12	0:42:35	0:07:08	2:56:45	0:05:37	1:50:07	QAT	
d710e327-ca29-f111-8341-0022480a5755	592	Patrick Bachmann	M	M30-34	86	5:42:15	0:40:09	0:07:56	2:53:58	0:11:44	1:48:28	CHE	
73880b8b-172b-4fe8-94a5-5bdd21989f4d	593	Kadi Alber	F	F40-44	6	5:42:37	0:37:42	0:04:49	2:55:50	0:04:03	2:00:14	FIN	
a1fb4c13-b5e7-f011-8544-000d3a3173b5	594	Natalie Hestdal	F	F25-29	24	5:42:38	0:32:43	0:05:24	3:02:15	0:04:35	1:57:40	NOR	
135009df-e2ca-f011-bbd2-000d3a5b5fc7	595	Targo Kalamees	M	M50-54	33	5:42:48	0:37:14	0:05:46	3:11:10	0:03:45	1:44:52	EST	
cde19f47-2e7c-4156-9daa-1aa7b8be326d	596	Veera Niemelä	F	F18-24	9	5:42:56	0:37:31	0:03:36	2:53:59	0:03:17	2:04:32	FI	
18e5fac9-d74d-f111-bec6-0022480b3ee9	597	Karl-Erik Laid	M	M25-29	91	5:42:57	0:37:54	0:07:16	3:06:34	0:05:07	1:46:06	EST	
d496b5a4-6e87-f011-b4cc-000d3a5b7c3b	598	Lucy Webber	F	F18-24	10	5:42:57	0:35:05	0:05:57	3:09:58	0:03:51	1:48:06	GB	
f9bb1436-488b-4b27-a056-49f21c9da617	599	Martin Leisberg	M	M40-44	59	5:43:00	0:42:23	0:09:40	2:55:20	0:05:58	1:49:38	EE	
2e003ca6-246f-f111-ab0d-0022480a5755	600	Kristyna Buresova	F	F25-29	25	5:43:04	0:44:17	0:07:39	2:52:23	0:05:26	1:53:19	CZE	
f16b7d1d-b84d-f011-877a-000d3a5b50ba	601	Ott Talvik	M	M40-44	60	5:43:07	0:41:14	0:05:53	2:46:59	0:05:34	2:03:28	EE	
44562eef-fae1-ef11-8eea-000d3a3126fd	602	Fred Kuiv	M	M18-24	79	5:43:09	0:38:25	0:05:56	3:02:21	0:04:15	1:52:12	EE	
e2ef1820-095d-f111-a826-0022480b88da	603	Nathan Hockridge	M	M18-24	80	5:43:12	0:30:45	0:06:08	3:04:01	0:04:24	1:57:54	GBR	
d994918c-199e-f011-b41c-000d3a3173b5	604	Emma Gentles	F	F45-49	6	5:43:14	0:38:02	0:06:03	3:04:56	0:04:37	1:49:35	IRL	
93ea6722-8652-f011-877a-6045bd05fcc1	605	Karl De Giovanni	M	M50-54	34	5:43:16	0:48:09	0:10:11	2:57:18	0:05:44	1:41:55	mlt	
41567009-f2ef-ed11-8849-000d3a31440b	606	Sven Talts	M	M50-54	35	5:43:20	0:38:06	0:10:42	3:01:28	0:08:09	1:44:55	EE	
eb78f598-db25-f111-8341-0022480a5755	607	Olli Pulkamo	M	M25-29	92	5:43:22	0:46:01	0:06:13	2:51:36	0:03:45	1:55:47	FIN	
23c604d2-0761-4d24-8243-3da85e1f22f9	608	Riikka Rask	F	F55-59	1	5:43:41	0:41:46	0:08:05	2:54:54	0:05:08	1:53:48	FI	
d21baab8-eb54-f111-bec7-0022480b84a3	609	Magnus Krohn	M	M18-24	81	5:43:43	0:34:33	0:06:23	3:06:58	0:03:30	1:52:19	NOR	
e5d4b117-ac7e-f111-ab0e-70a8a5b19cbc	610	Martin Daae	M	M25-29	93	5:43:43	0:45:24	0:07:55	2:50:32	0:07:01	1:52:51	NOR	
362430e7-570e-f011-9988-000d3a5b50ba	611	Marcelo Andres Blanco	M	M45-49	51	5:43:51	0:37:51	0:04:55	2:46:04	0:04:56	2:10:06	bra	
70c93da8-de64-f111-a826-0022480b3ee9	612	Jan Ole Eilers	M	M18-24	82	5:43:55	0:36:17	0:05:51	2:52:22	0:05:10	2:04:16	DEU	
693b5393-ba22-4cc5-9947-ffadcf9abab4	613	Mirka Lumia	F	F50-54	8	5:44:06	0:50:45	0:05:13	2:46:02	0:05:19	1:56:47	fin	
f1cc83db-6304-f111-8406-0022480b84a3	614	Dara Hopwood	M	M25-29	94	5:44:09	0:41:05	0:05:19	3:01:04	0:05:02	1:51:39	irl	
ea8420bd-9e77-f011-b4cc-000d3a35ffc1	615	Katrin Lehtpuu	F	F35-39	10	5:44:16	0:44:13	0:10:23	2:58:09	0:07:32	1:43:58	EST	
cac7febf-c9f7-f011-8406-000d3a311ad9	616	Elonas Banevičius	M	M30-34	87	5:44:18	0:40:33	0:09:00	3:02:23	0:05:55	1:46:28	LTU	
b0c47d99-981e-4d44-b379-ead305ac4cb4	617	Arnaldo Laporte Junior	M	M55-59	21	5:44:36	0:35:05	0:07:58	2:38:28	0:06:15	2:16:50	BR	
a844c891-5832-f111-88b3-6045bd08b1a2	618	Michal Fridrich	M	M40-44	61	5:44:38	0:48:03	0:09:28	3:03:28	0:06:01	1:37:39	CZE	
fe18c398-8bf7-f011-8406-002248046ec8	619	Emppu Väisänen	M	M25-29	95	5:44:45	0:48:03	0:05:54	2:55:34	0:03:49	1:51:24	FIN	
57c702b6-16a2-f011-bbd3-6045bd05fcc1	620	Johanna Kuivanen	F	F30-34	16	5:44:46	0:45:32	0:05:12	2:52:58	0:02:48	1:58:17	fin	
6cb9c936-859e-4c20-a136-ade2f4ce9bf9	621	Nicola Kaye	F	F45-49	7	5:44:49	0:37:29	0:05:35	3:05:42	0:04:30	1:51:34	GB	
f3e09b92-22f7-4f90-a2c0-c87d8b018a6b	622	Marten Kustav Klais	M	M25-29	96	5:44:50	0:50:01	0:09:15	2:57:38	0:03:07	1:44:49	EE	
7765b7ee-a2a1-483c-a287-0f634bd79439	623	Jacqueline Wild	F	F40-44	7	5:45:12	0:35:52	0:07:53	2:49:20	0:07:56	2:04:11	gbr	
15a1c5dd-d7e1-4fdb-a052-149cf3b63283	624	Chris Morris	M	M30-34	88	5:45:29	0:40:31	0:08:29	3:08:41	0:03:48	1:44:01	United Kingdom	
5c182dfe-2019-f011-9989-6045bd05f634	625	Urša Mikuž		F35-39	11	5:45:37	0:39:54	0:08:47	3:05:03	0:06:13	1:45:40	SVN	
a16acc5a-dc88-f011-b4cc-000d3a3173b5	626	Laura Andla	F	F25-29	26	5:45:38	0:28:33	0:06:54	3:12:25	0:06:29	1:51:15	EE	
848a8824-f46a-f111-a826-6045bd08b1a2	627	Rudolfs Eglitis	M	M30-34	89	5:45:39	0:48:12	0:06:06	2:54:58	0:05:35	1:50:48	LVA	
17ebe8c6-9310-f011-9988-6045bd05fcc1	628	George Kiousis	M	M30-34	90	5:45:48	0:56:28	0:04:49	2:48:12	0:04:15	1:52:04	GR	
4c6298a2-58c9-f011-bbd2-000d3a5b5fc7	629	Claire West	F	F45-49	8	5:45:59	0:42:58	0:05:16	2:59:21	0:03:27	1:54:57	gbr	
e1b39ddf-c474-457a-81ef-7f7b50cd79f4	630	Mikk Granström	M	M35-39	81	5:46:01	0:36:28	0:08:21	3:10:11	0:07:14	1:43:47	EE	
127cbf2b-947a-ef11-a670-002248049fdc	631	Fynn Ole Röhr	M	M18-24	83	5:46:02	0:43:49	0:07:19	2:49:51	0:09:52	1:55:11	fin	
e9eaf4dc-d9a0-f011-bbd3-6045bd05f634	632	Heigo Põld	M	M35-39	82	5:46:02	0:39:17	0:05:09	2:58:59	0:04:32	1:58:05	FI	
f5e2de8d-fd7a-f111-ab0e-70a8a59c856c	633	Okko Vuorikoski	M	M18-24	84	5:46:05	0:41:45	0:07:17	3:06:45	0:05:07	1:45:12	FIN	
8e989ccd-69b4-46ca-a9d3-f3f3635df011	634	Andreas Schlaack	M	M55-59	22	5:46:12	0:42:12	0:05:35	2:55:54	0:06:10	1:56:20	deu	
2b68a41d-e57b-4a4a-bf55-361ea9c0943c	635	Egle Rebane	F	F30-34	17	5:46:13	0:47:37	0:06:19	3:02:11	0:05:06	1:44:59	EE	
604c4b51-a492-f011-b4cc-000d3a3173b5	636	Liam Dachner	M	M18-24	85	5:46:26	0:42:31	0:05:15	3:08:35	0:04:47	1:45:18	CA	
70264046-1713-489a-9467-e0b1f4b10017	637	Erik Salur	M	F30-34	18	5:46:36	0:40:57	0:08:39	2:54:14	0:09:05	1:53:41	EE	
1bf4882b-5da3-4aea-b40f-a6b386d84b19	638	Sergejs Boginskis	M	M40-44	62	5:46:41	0:38:37	0:06:02	2:49:48	0:03:49	2:08:26	LV	
dcbfb360-6fe2-ef11-8eea-6045bd088264	639	Ronald Chan	M	M35-39	83	5:46:47	0:38:24	0:07:35	2:59:30	0:06:44	1:54:34	GB	
e123f705-1347-f011-877a-000d3a5b50ba	640	Zak Perera	M	M25-29	97	5:46:52	0:44:42	0:08:14	2:55:05	0:06:13	1:52:38	gbr	
da68481c-1d0d-f111-8406-002248046ec8	641	Madis Voitk	M	M18-24	86	5:46:54	0:41:29	0:06:42	3:01:01	0:05:36	1:52:06	EST	
6780ac3e-68b3-f011-bbd3-6045bd05f634	642	Oliwier Kempka	M	M18-24	87	5:46:56	0:40:26	0:06:17	2:50:59	0:03:39	2:05:35	POL	
f62cafef-0b89-f111-ab10-0022480994c2	643	Tanel Tammaru	M	M25-29	98	5:47:03	0:42:05	0:11:19	2:56:03	0:06:13	1:51:24	FIN	
75220295-457f-f011-b4cc-000d3a5c3d6c	644	Kjetil Slettnes	M	M55-59	23	5:47:06	0:50:16	0:11:20	2:52:30	0:06:28	1:46:33	NOR	
82f6fe26-0842-f011-b4ca-002248098cfa	645	Lukas Beržinskas	M	M30-34	91	5:47:09	0:42:53	0:05:15	2:53:16	0:06:45	1:59:00	Lithuania	
c8ae3485-8a6f-ef11-a671-000d3a371e3b	646	Maksim Gromov	M	M35-39	84	5:47:12	0:41:10	0:07:26	3:13:40	0:08:25	1:36:31	EE	
d477f0f3-fb83-f011-b4cc-002248098cfa	647	Valtteri Lehtonen	M	M30-34	92	5:47:21	0:46:11	0:06:14	3:07:06	0:05:44	1:42:05	FI	
e4f7b182-5075-f111-ab0e-70a8a5b19cbc	648	Lara Klomp	F	F18-24	11	5:47:21	0:48:52	0:06:06	3:00:10	0:05:12	1:47:02	che	
63032daf-f819-f011-998a-0022480a7385	649	Johan Andersson	M	M25-29	99	5:47:22	0:35:14	0:08:21	2:54:25	0:07:23	2:01:59	CH	
1bd20f84-1e52-f111-bec7-0022480994c2	650	Kevin Selling	M	M25-29	100	5:47:24	0:45:05	0:07:38	2:56:22	0:05:21	1:52:58	swe	
e5d6a7f1-8828-f111-8341-0022480b35b6	651	Iraklis Kantzelis	M	M18-24	88	5:47:29	0:31:48	0:07:57	3:11:31	0:04:45	1:51:28	GRC	
268f3385-217e-f111-ab0f-6045bd08b1a2	652	Vidmantas Varnelis	M	M25-29	101	5:47:32	0:44:29	0:07:38	2:52:54	0:04:36	1:57:55	LTU	
b134993b-e132-f011-8c4e-002248098cfa	653	Paula Nikula	F	F35-39	12	5:47:35	0:40:44	0:05:26	2:58:29	0:04:03	1:58:52	FI	
31258c96-f6c6-4972-852a-8f4f4708c388	654	Richard Ruffell	M	M65-69	1	5:47:40	0:43:25	0:07:40	2:54:15	0:04:52	1:57:28	GB	
a6ee938f-1f14-f111-8406-0022480b35b6	655	Martin Tilk	M	M18-24	89	5:47:42	0:40:15	0:06:45	2:56:26	0:03:43	2:00:33	EST	
253022ea-1d86-4992-afc9-07e0def45252	656	Karol Kisant	M	M45-49	52	5:47:43	0:40:29	0:09:05	2:47:01	0:07:23	2:03:45	est	
0ba356aa-a3f1-4b36-a749-13776bab4f6d	657	Jean-Roch Gourdier	M	M50-54	36	5:47:46	0:36:19	0:08:08	2:46:43	0:04:40	2:11:55	FR	
4b7ac0da-1552-429d-b614-6d93de6ea21f	658	Viljar Mangelsoo	M	M50-54	37	5:47:46	0:43:26	0:06:41	2:48:20	0:06:15	2:03:04	EE	
a3db362a-a6c3-f011-bbd3-6045bd05fcc1	659	Kevin Kiviväli	M	M18-24	90	5:47:52	0:44:52	0:07:02	3:04:30	0:06:05	1:45:22	EST	
db62135f-77e5-f011-8543-6045bd05fcc1	660	Rory Howe	M	M25-29	102	5:48:01	0:43:50	0:05:04	3:03:46	0:06:49	1:48:32	IRL	
7e228663-16c3-f011-bbd3-000d3a35ffc1	661	Jacqueline Schmitt	F	F30-34	19	5:48:02	0:36:50	0:05:02	3:05:29	0:03:19	1:57:22	DEU	
c525a796-146a-f111-a826-002248046ec8	662	Meda Morkus	F	F30-34	20	5:48:15	0:40:14	0:05:51	3:17:36	0:07:35	1:36:59	LTU	
3168f0ad-fd7a-f111-ab0f-0022480b84a3	663	Efraim Skopets	M	M18-24	91	5:48:15	0:35:24	0:05:16	3:13:02	0:04:18	1:50:16	FIN	
1781aabc-7506-f011-bae1-000d3a5b50ba	664	Hugh Buckeridge	M	M25-29	103	5:48:18	0:37:45	0:08:37	3:05:59	0:04:13	1:51:43	GB	
b8030f1b-7337-f111-88b3-6045bd08b1a2	665	Dominik Bachmann	M	M25-29	104	5:48:18	0:40:10	0:07:54	2:59:11	0:06:32	1:54:31	CHE	
a543ec61-3fe4-f011-8544-000d3a5b7c3b	666	Victor Meeus	M	M25-29	105	5:48:22	0:38:25	0:08:34	3:08:54	0:08:30	1:43:59	DNK	
fffa8866-3b36-f111-88b4-0022480b88da	667	Aapo Lehtimäki	M	M25-29	106	5:48:22	0:38:09	0:05:33	3:05:21	0:08:04	1:51:14	FIN	
ee6d3d5a-d6c0-f011-bbd3-6045bd05fcc1	668	Karolis Rakauskas	M	M30-34	93	5:48:23	0:42:05	0:07:42	2:58:59	0:04:09	1:55:29	LTU	
b86aded9-aab9-f011-bbd2-000d3a5b7c3b	669	Sarah Poole	F	F25-29	27	5:48:34	0:31:56	0:07:04	3:14:17	0:06:00	1:49:16	GBR	
000c96df-4622-46cd-a9ec-506af3bdda85	670	Frank Löffler	M	M55-59	24	5:48:34	0:44:31	0:06:41	2:40:55	0:07:15	2:09:13	DE	
fc85a098-1f87-ef11-ac21-000d3a5a1803	671	Liisa Marie Printsmann	F	F18-24	12	5:48:38	0:48:30	0:04:50	3:09:39	0:03:15	1:42:24	EE	
a07027b2-d2c9-f011-bbd3-0022480a7385	672	Edgars Žurevskis	M	M25-29	107	5:48:40	0:39:19	0:07:06	3:02:07	0:05:16	1:54:51	LVA	
20a47130-1284-f011-b4cc-0022480a7385	673	Fionn Doohan	M	M18-24	92	5:48:41	0:38:28	0:05:30	3:05:33	0:07:28	1:51:42	IE	
add197ba-3364-f111-a825-70a8a5b23950	674	Simon Schlimm	M	M18-24	93	5:48:42	0:39:55	0:05:39	2:59:34	0:04:59	1:58:35	DEU	
277f3e43-81b5-f011-bbd3-000d3a5b7c3b	675	Jaan Tonissoo	M	M35-39	85	5:48:42	0:50:18	0:07:10	2:53:55	0:05:52	1:51:27	EST	
3f42a5fa-80f4-f011-8406-6045bd06566a	676	Matthew Bargh	M	M25-29	108	5:48:45	0:31:56	0:08:20	2:59:08	0:05:38	2:03:43	gbr	
c9e625d2-2995-ef11-8a6a-000d3a338a3c	677	Reimu Saaremaa	M	M30-34	94	5:48:51	0:40:59	0:07:47	2:59:17	0:04:33	1:56:15	EE	
742a323d-b628-42f9-b2eb-8170c3df36ab	678	Cem Berkel	M	M40-44	63	5:48:56	0:45:01	0:13:13	2:50:29	0:14:54	1:45:19	tur	
27d56ea6-e3c0-4bf8-8690-45d14204de1b	679	Guido Miller	M	M18-24	94	5:48:59	0:28:50	0:05:27	3:05:06	0:04:44	2:04:52	EE	
9e4b2413-9623-4798-9c67-2c2c46acc25b	680	Mattia Di Bilio	M	M30-34	95	5:49:01	0:38:04	0:06:59	3:07:00	0:07:38	1:49:20	gbr	
956ef155-4f63-4b5d-aa3b-b7d734d48155	681	Sascha Strauss	M	M35-39	86	5:49:08	0:43:38	0:05:46	3:00:51	0:04:30	1:54:23	DE	
03314ff6-1200-4807-a602-7552036f73c8	682	Ulvar Liira	M	M50-54	38	5:49:12	0:39:03	0:08:44	2:46:48	0:06:31	2:08:06	EE	
d74983b8-1cfc-f011-8406-002248046ec8	683	Evrim Ozcan	M	M25-29	109	5:49:16	0:47:04	0:08:36	3:00:58	0:06:54	1:45:43	United States of America	
c8112b14-edda-45fa-8ab5-b1edc6bece7d	684	Janek Karbe	M	M50-54	39	5:49:17	0:38:53	0:05:59	2:43:37	0:04:34	2:16:13	EE	
d0771933-278c-4fde-8662-a1b51c93268e	685	Peeter Saluste	M	M60-64	10	5:49:24	0:47:20	0:09:51	2:55:07	0:07:39	1:49:27	est	
f352f11a-2541-ef11-8409-000d3a352668	686	Nadine Hennlich	F	F25-29	28	5:49:26	0:41:46	0:07:34	3:00:49	0:05:06	1:54:12	DE	
c0525d1e-e995-47ec-a82f-0c43bbf2e8f6	687	Lukas Blechschmidt	M	M30-34	96	5:49:27	0:41:46	0:07:29	3:00:50	0:05:44	1:53:37	deu	
face0060-c632-49aa-bfab-60ed10106b16	688	Piotr Oleskowicz-Popiel	M	M45-49	53	5:49:38	0:42:59	0:09:16	2:58:03	0:07:22	1:51:58	pol	
025907b8-e8ad-f011-bbd3-000d3a3173b5	689	Riccardo Colombo	M	M30-34	97	5:49:39	0:50:50	0:05:08	3:11:29	0:03:42	1:38:29	esp	
6fe19c03-5798-f011-b4cc-000d3a35ffc1	690	Sohvi Kupila	F	F25-29	29	5:49:46	0:38:44	0:05:20	3:09:06	0:04:32	1:52:04	FI	
b56baf5f-edb1-4235-82ea-3a9bb9f26adc	691	Grant Gilead	M	M35-39	87	5:49:57	0:37:24	0:10:08	3:00:24	0:06:50	1:55:11	CA	
4cfcf04c-a4c2-f011-bbd3-6045bd09951e	692	Christophe Fostier	M	M25-29	110	5:50:00	0:48:29	0:08:04	3:02:23	0:08:28	1:42:36	GBR	
824ab11d-1f00-f111-8406-0022480b35b6	693	Gabriele Romano	M	M40-44	64	5:50:01	0:33:57	0:12:04	3:04:05	0:11:40	1:48:16	ITA	
3eec1d40-74f4-ef11-9341-6045bd079c86	694	Anti Kalle		M55-59	25	5:50:01	0:40:53	0:05:21	2:58:58	0:04:15	2:00:35	EST	
15d2eb77-c19b-f111-b8dc-70a8a5b19cbc	695	Oliver Jüri Ratas	M	M25-29	111	5:50:07	0:37:16	0:05:17	3:02:07	0:04:36	2:00:52	EST	
96ff1b12-11a8-43b7-b631-08c38ffa7872	696	Scott Carter	M	M60-64	11	5:50:11	0:37:34	0:08:11	2:46:24	0:08:10	2:09:51	GB	
2eac6e24-0784-f011-b4cc-0022480c097c	697	Margo Karu	M	M45-49	54	5:50:21	0:44:40	0:09:44	3:07:13	0:05:58	1:42:45	EE	
23503b50-89d7-f011-8543-6045bd05fcc1	698	Ondřej Zeman	M	M25-29	112	5:50:27	0:40:53	0:05:59	3:06:38	0:06:56	1:50:02	CZE	
7f6e1cf0-bc67-f011-bec3-000d3a35ffc1	699	William Tegnér	M	M18-24	95	5:50:46	0:41:27	0:09:02	3:12:06	0:08:37	1:39:34		
0e34e02c-0d84-f011-b4cc-000d3a5b7c3b	700	Melissa Wiss	F	F25-29	30	5:50:47	0:46:08	0:05:41	3:00:10	0:05:09	1:53:39	che	
efc295a8-c6bf-f011-bbd3-000d3a5b50ba	701	Craig William van Hilten	M	M35-39	88	5:50:52	0:47:19	0:05:40	3:13:33	0:04:57	1:39:23	NLD	
14bbabf1-7eae-f011-bbd3-6045bd05f634	702	Simo Laiho	M	M30-34	98	5:50:53	0:32:12	0:07:39	2:54:16	0:04:48	2:11:58	FI	
02097eec-a699-ea11-a813-000d3a591f9a	703	deliers deliers	M	M55-59	26	5:51:02	0:43:40	0:07:51	2:54:10	0:05:32	1:59:50	FRA	
c9bca45b-86e0-ef11-8eea-000d3a5ae96c	704	Arturs Agadzanovs	M	M45-49	55	5:51:04	0:42:43	0:06:35	3:00:51	0:04:50	1:56:05	LV	
57356613-416b-45b3-b576-ba5c68c2daad	705	Andrei Härm	M	M45-49	56	5:51:06	0:40:06	0:07:48	2:59:44	0:06:00	1:57:28	EE	
8ec74ad8-7d74-f111-ab0f-002248046451	706	Keio Nõgel	M	M30-34	99	5:51:07	0:46:29	0:07:36	2:56:46	0:04:38	1:55:39	EST	
50c66569-eaf8-4639-836f-18b83303eec6	707	Rain Hein	M	M30-34	100	5:51:08	0:44:45	0:08:07	2:49:19	0:08:30	2:00:26	EE	
6a936af3-bfde-f011-8543-000d3a5b5fc7	708	Elias Fremstad	M	M25-29	113	5:51:13	0:46:56	0:05:14	2:59:51	0:03:51	1:55:20	NOR	
a4bc97ce-715f-f111-a826-6045bd08b1a2	709	Akseli Matikainen	M	M18-24	96	5:51:16	0:47:37	0:06:07	3:07:53	0:04:45	1:44:54	FIN	
983a5b71-0b84-f011-b4cc-6045bd05f634	710	Liisa Lota Runtal	F	F18-24	13	5:51:19	0:38:52	0:04:43	3:06:48	0:03:43	1:57:13	EST	
e4f35ed1-8389-f111-ab0f-70a8a59c00f4	711	Olegs Krisovatijs	M	M40-44	65	5:51:23	0:40:04	0:07:51	3:08:45	0:05:16	1:49:27	LVA	
2c12dc84-27e3-f011-8544-6045bd09951e	712	Pál Bebok	M	M25-29	114	5:51:23	0:41:33	0:05:38	3:05:49	0:03:59	1:54:23	GBR	
80cde6bd-65ae-f011-bbd3-000d3a3173b5	713	Rachael Todd	F	F30-34	21	5:51:30	0:37:25	0:06:08	3:05:55	0:06:09	1:55:53		
07f6582d-5569-4c38-991e-49fb40b6729a	714	Antra Roga	F	F50-54	9	5:51:50	0:35:12	0:05:30	3:04:45	0:04:39	2:01:44	lva	
6c8b38b1-15ba-43c0-9f3f-d815a85db606	715	Olari Ilison	M	M45-49	57	5:51:55	0:36:21	0:06:48	2:57:38	0:04:47	2:06:21	est	
29ff61a5-0055-f111-bec7-002248046ec8	716	Kaur Kalmus	M	M25-29	115	5:52:02	0:42:31	0:04:45	2:53:43	0:05:58	2:05:05	est	
62d5ca61-c8eb-f011-8544-0022480c097c	717	Uku Süvari	M	M18-24	97	5:52:05	0:42:36	0:05:47	2:59:54	0:04:03	1:59:46	EST	
9609b521-4f0a-f111-8406-6045bd08b1a2	718	Gerli Peet	F	F18-24	14	5:52:05	0:43:04	0:07:31	3:10:28	0:05:00	1:46:02	EST	
1321ea3c-458c-f111-ab0f-7ced8d3cc7cc	719	Natalija Latina	F	F35-39	13	5:52:20	0:38:39	0:04:44	3:12:42	0:03:05	1:53:10	EST	
0811e0c3-ab49-ef11-a317-0022480acc6c	720	Matīss Ramiņš	M	M40-44	66	5:52:23	0:54:53	0:05:48	2:54:57	0:03:33	1:53:12	LVA	
fdb5719b-6532-f111-88b3-0022480bc8ec	721	Mihail Podgornõi	M	M18-24	98	5:52:26	0:33:16	0:05:50	3:12:07	0:05:48	1:55:25	est	
622fbb00-11e8-f011-8544-6045bd05f634	722	Anniina Pöllänen	F	F30-34	22	5:52:28	0:41:48	0:06:13	3:06:09	0:04:57	1:53:20	FIN	
8f0b9ca4-21e8-4841-8763-a0008bad31f6	723	Roomet Libe	M	M25-29	116	5:52:29	0:56:02	0:06:32	2:49:20	0:03:22	1:57:13	EE	
2db4e46e-c194-f111-8076-0022480b84a3	724	Anton Stopchenko	M	M30-34	101	5:52:37	0:41:24	0:07:25	3:06:27	0:08:22	1:48:58	mda	
3da864f8-9591-48af-b04b-30c0cf56d25f	725	Lindy-Lee Folscher	F	F45-49	9	5:52:41	0:36:27	0:06:52	3:29:41	0:07:14	1:32:27	gbr	
035ceedc-b974-48db-9ec5-22c76f99eec0	726	Johannes Schultz	M	M40-44	67	5:52:49	0:41:34	0:10:26	3:00:17	0:06:11	1:54:21	DE	
303eb1aa-4fc2-f011-bbd3-6045bd05fcc1	727	Beth Douglas	F	F18-24	15	5:52:58	0:42:32	0:06:00	3:13:04	0:06:22	1:45:01	GBR	
dc9cb82f-e635-f111-88b3-6045bd08b1a2	728	Alexander Nash	M	M30-34	102	5:53:04	0:39:35	0:06:51	3:12:17	0:05:56	1:48:25	gbr	
b3d36002-efc1-486a-b4e7-7fb2f9d930a8	729	Julie Pignot-Dubost	F	F30-34	23	5:53:08	0:45:41	0:07:05	3:06:51	0:06:19	1:47:12	FR	
decf87f4-2187-eb11-b1ad-000d3a591f2e	730	Vello Luts	M	M50-54	40	5:53:15	0:39:17	0:08:13	3:02:06	0:08:38	1:55:01	EE	
0c80be22-d4df-4336-92f0-79d1a8c4cae4	731	Andrea Rolle	F	F30-34	24	5:53:16	0:36:02	0:06:03	3:12:09	0:06:27	1:52:35	SOUTH AFRICA	
9d577c37-b9e5-f011-8544-0022480a7385	732	Boriss Zavoronkovs	M	M30-34	103	5:53:18	0:42:02	0:06:24	3:14:11	0:05:04	1:45:38	LVA	
6645be50-cc00-f111-8406-002248081bd6	733	Kärt Rebane	F	F35-39	14	5:53:20	0:45:02	0:05:27	3:08:59	0:03:52	1:50:01	EST	
6e46781e-bed4-f011-8543-000d3a5b5fc7	734	Hendrik Grobbelaar	M	M30-34	104	5:53:24	0:31:13	0:09:41	3:10:02	0:06:54	1:55:34	NLD	
17f5ef5c-ab62-ef11-bfe3-6045bd0953ac	735	Martin Turk	M	M45-49	58	5:53:28	0:41:52	0:08:05	2:59:56	0:05:33	1:58:02	EE	
84a6f544-8db2-411d-8a6a-9a75899560c2	736	Rain Kesperi	M	M45-49	59	5:53:28	0:33:33	0:07:38	2:52:15	0:06:02	2:14:00	EE	
70fe40de-ca1f-4607-b69c-7377b29ba94a	737	Minna Lahtinen	F	F55-59	2	5:53:31	0:37:34	0:12:38	3:01:55	0:09:07	1:52:17	FI	
d3d57106-c7e8-4c17-919d-4737f6afd36a	738	Silver Verrev	M	M45-49	60	5:53:32	0:50:53	0:06:41	2:40:21	0:05:38	2:09:59	EST	
7a852c0d-1208-f111-8406-0022480b84a3	739	Adrien Bado	M	M25-29	117	5:53:37	0:47:08	0:05:05	3:01:07	0:04:38	1:55:40	fra	
eb4431ef-7444-ef11-8409-000d3a5c08e8	740	Inez Bodaan	F	F25-29	31	5:53:38	0:36:05	0:04:33	2:54:04	0:04:46	2:14:10	nld	
f273859e-bc11-f111-8406-0022480b88da	741	Euan Henry	M	M40-44	68	5:53:41	0:45:29	0:07:05	3:04:37	0:05:54	1:50:35	GBR	
9689d6c4-1da8-4081-b989-0c663becb0b9	742	Luís Vilachá	M	M35-39	89	5:53:41	0:39:21	0:06:25	3:10:13	0:06:19	1:51:23	BE	
340bdfe6-25ee-f011-8407-0022480c370f	743	Vinh Tran	M	M25-29	118	5:53:49	0:45:25	0:10:40	2:53:09	0:08:46	1:55:48	DEU	
e5572e22-28ff-49b3-8f35-ca11fe48c3bb	744	Janno Kikojan	M	M30-34	105	5:53:49	0:43:23	0:05:54	3:04:39	0:05:53	1:54:00	EE	
d54a23e3-bbe0-f011-8543-6045bd01eb6c	745	Tara King		F25-29	32	5:53:51	0:40:53	0:08:42	3:21:59	0:04:01	1:38:16	IRL	
6b55b98b-37a4-f011-bbd3-000d3a5b50ba	746	Katharina Huemer-Eidlhuber	F	F25-29	33	5:53:57	0:41:12	0:05:03	3:13:48	0:03:38	1:50:16	aut	
9eb414b8-3228-f111-8341-0022480b35b6	747	Vasyl Vasyliev	M	M18-24	99	5:54:03	0:36:00	0:06:09	3:03:47	0:08:02	2:00:05	EST	
043e62a5-b788-4cea-bc76-22ec5725758b	748	Virko Tugevus	M	M45-49	61	5:54:03	0:38:38	0:05:51	2:51:55	0:06:37	2:11:02	EE	
e75f5985-5239-f111-88b4-0022480b3ee9	749	Henry Veetamm	M	M25-29	119	5:54:04	0:40:28	0:09:01	2:45:38	0:06:29	2:12:27	EST	
e72adcdb-a486-f011-b4cc-6045bd05fcc1	750	Dmitri Stepanov	M	M35-39	90	5:54:08	0:52:54	0:05:37	3:05:41	0:04:06	1:45:49	est	
c4cd3da5-fb84-f111-ab0f-6045bd06566a	751	Sergey Borisov	M	M60-64	12	5:54:11	0:41:14	0:04:23	3:12:13	0:03:14	1:53:07	EST	
f121b5b7-801d-4023-b251-c88713869a5c	752	Alison Price	F	F50-54	10	5:54:13	0:44:57	0:06:07	3:04:37	0:04:30	1:54:01	gbr	
4a6e6a40-0984-f011-b4cc-6045bd05fcc1	753	Holger Ader	M	M25-29	120	5:54:13	0:38:49	0:05:59	2:58:24	0:04:17	2:06:44	EE	
276f343e-4ea4-4f6e-8b98-851950ca0335	754	Thomas Beetz	M	M55-59	27	5:54:15	0:39:20	0:06:46	2:45:21	0:06:29	2:16:19	deu	
f64f6108-84ba-f011-bbd2-00224809087a	755	Isabel Hofer	F	F18-24	16	5:54:17	0:48:22	0:06:07	3:14:12	0:05:10	1:40:27	ITA	
8d93598c-dc34-f011-8c4e-000d3a35ffc1	756	Ivar Palk	M	M25-29	121	5:54:21	0:50:46	0:08:00	2:58:50	0:04:56	1:51:49	EE	
0e2cd035-cf7a-f011-b4cc-6045bd09951e	757	Steven Pleesi	M	M18-24	100	5:54:28	0:52:40	0:07:19	3:01:07	0:04:22	1:49:00	EE	
2e2101af-73a3-f011-bbd3-6045bd05f634	758	Viktorija Kirdeikaite	F	F30-34	25	5:54:29	0:48:54	0:07:46	3:06:34	0:05:29	1:45:46	LT	
9c2730a3-33b6-f011-bbd3-000d3a3173b5	759	Mart Tilk	M	M55-59	28	5:54:30	0:40:47	0:08:55	3:03:48	0:07:28	1:53:33	EST	
5c198339-a4a7-f011-bbd3-6045bd05fcc1	760	Martynas Stefanovičius	M	M25-29	122	5:54:32	0:49:11	0:06:23	2:51:35	0:04:09	2:03:13	LTU	
dc651b97-c146-f011-877a-6045bd05f634	761	Daniel Barrett	M	M18-24	101	5:54:32	0:40:18	0:05:33	3:10:19	0:05:05	1:53:17	gbr	
6c4e0af9-ffaf-4ea2-b130-fc5f3770a190	762	Ellen Rulf	F	F30-34	26	5:54:35	0:39:48	0:08:01	3:05:48	0:06:19	1:54:39	deu	
0d791f4e-cb48-4f1e-ac62-2b695048a151	763	Chris Wild	M	M55-59	29	5:54:39	0:41:14	0:06:27	2:50:23	0:04:21	2:12:15	gbr	
f971816f-78e2-f011-8544-000d3a5b7c3b	764	Hannibal Nabli	M	M25-29	123	5:54:40	0:38:19	0:04:44	3:00:42	0:06:37	2:04:19	GBR	
98848da8-abad-47af-a795-857fdb9317fd	765	Pierre-Vincent Taisne	M	M30-34	106	5:54:45	0:50:19	0:07:19	3:09:10	0:07:29	1:40:28	gbr	
6a74beed-fc83-f011-b4cb-7ced8d3cd8e3	766	Atte Takamaa	M	M25-29	124	5:54:47	0:50:33	0:06:20	3:00:17	0:06:05	1:51:33	FI	
6bdd5c0d-f400-f011-bae2-000d3a5b7c3b	767	Karlina Bertulsone	F	F30-34	27	5:54:51	0:39:03	0:06:37	3:06:41	0:05:32	1:56:59	swe	
145dc91b-38a2-49a7-a2e1-7bc129dc0b0e	768	Elisabeth Kelner	F	F25-29	34	5:54:53	0:44:38	0:06:53	3:02:58	0:04:53	1:55:31	EE	
638fb7aa-4501-f111-8406-0022480b1bd9	769	Kaspar Ait	M	M25-29	125	5:54:54	0:41:32	0:07:05	3:07:56	0:05:10	1:53:12	EST	
c82ee07c-0266-ef11-bfe3-00224808301f	770	Roman Antipjev	M	M18-24	102	5:54:59	0:45:46	0:05:23	3:07:02	0:03:12	1:53:35	EE	
e2626bc8-336e-f011-bec2-000d3a5b7c3b	771	Kaarel Oberschneider	M	M40-44	69	5:55:05	0:39:03	0:05:57	2:52:27	0:06:53	2:10:45	EST	
b8fa4e46-bf53-45ae-9a04-5ae6aec7fe03	772	Marko Aalik	M	M50-54	41	5:55:08	0:45:07	0:10:35	2:47:36	0:07:14	2:04:36	EE	
1d8d66e9-ac7e-f111-ab0f-0022480a5755	773	Adam Hedin	M	M18-24	103	5:55:08	0:41:38	0:06:51	3:02:04	0:06:20	1:58:16	SWE	
c944def8-e328-f111-8341-0022480a5755	774	Vitali Sorokin	M	M35-39	91	5:55:15	0:41:23	0:07:19	2:55:23	0:05:58	2:05:11	EST	
c97c986e-3201-f111-8406-0022480b35b6	775	Ander Koppel	M	M25-29	126	5:55:16	0:41:35	0:11:25	3:06:46	0:08:10	1:47:19	EST	
dc39eb59-9489-f111-ab10-0022480a5755	776	Erik Pallase	M	M50-54	42	5:55:17	0:43:34	0:05:32	2:40:58	0:05:10	2:20:03	EST	
5bd8d3d7-5115-f011-9989-000d3a5cf7d8	777	Moonika Toi	F	F40-44	8	5:55:25	0:46:34	0:09:05	2:54:09	0:04:57	2:00:40	EE	
8efdcf22-e1a4-f011-bbd3-0022480c097c	778	Dorian Henning	M	M30-34	107	5:55:34	0:43:11	0:10:11	3:07:51	0:05:38	1:48:45	DE	
01389556-694c-497e-8814-36d1b66a02bc	779	Nikolai Tihhonov	M	M40-44	70	5:55:36	0:39:49	0:07:09	2:59:27	0:07:56	2:01:14	EE	
4b0f1ce9-0c84-f011-b4cc-000d3a5b50ba	780	Marcus Kallavus	M	M35-39	92	5:56:03	0:36:48	0:06:53	3:04:18	0:04:27	2:03:38	EE	
b7192217-ed7f-f011-b4cc-0022480c097c	781	Kitty Saar	F	F40-44	9	5:56:04	0:39:09	0:07:59	3:10:23	0:05:10	1:53:24	EE	
aea324b3-94f7-f011-8406-0022480b84a3	782	Samuli Siltasalmi	M	M25-29	127	5:56:08	0:46:46	0:06:06	2:54:00	0:04:15	2:05:01	FIN	
56629355-649c-f011-b41c-0022480c097c	783	Leons Flanders	M	M30-34	108	5:56:09	0:43:43	0:07:54	3:09:32	0:05:23	1:49:38	LV	
ec7e5cc6-4c8b-f011-b4cc-0022480c097c	784	Sami Stracquadanio	M	M18-24	104	5:56:14	0:35:10	0:03:56	3:15:00	0:07:28	1:54:40	FIN	
6b6774b0-9cee-f011-8407-0022480c370f	785	Sultan Akhanov	M	M18-24	105	5:56:18	0:33:27	0:07:50	3:05:50	0:08:07	2:01:04	UKR	
bf0bd76b-4c16-40ef-85b9-fcb5152d64cf	786	Curtis Killen	M	M35-39	93	5:56:19	0:46:46	0:09:57	3:02:47	0:06:45	1:50:05	CA	
2cdd4280-eb12-f111-8406-0022480b84a3	787	Sigbjørn Lie Honve	M	M30-34	109	5:56:20	0:38:32	0:06:05	3:03:29	0:04:55	2:03:19	NOR	
0258a2a0-049b-f111-b8da-70a8a59bf189	788	. estonia		M40-44	71	5:56:26	0:46:55	0:06:57	2:45:25	0:06:24	2:10:44	EST	
922c3a4b-48ed-f011-8544-0022480a3d1e	789	PIERRE DE CAUMIA BAILLENX	M	M40-44	72	5:56:30	0:39:04	0:08:54	3:08:32	0:09:17	1:50:43	FRA	
62632cf0-20f7-41f9-beaf-5d1fcd3cdcbf	790	Eija Pasanen	F	F55-59	3	5:56:31	0:38:49	0:06:22	3:04:08	0:03:40	2:03:31	fin	
8956d799-8a6b-ef11-bfe3-000d3a367177	791	Anette Lehismets	F	F35-39	15	5:56:31	0:41:08	0:08:11	3:04:47	0:07:25	1:54:59	EE	
b5b570f0-7793-4a42-8a31-560f090e0b3f	792	Michael Jack	M	M40-44	73	5:56:35	0:30:57	0:11:01	3:14:26	0:12:40	1:47:32	GBR	
2b570655-86b6-49ca-80fe-79fe6a111042	793	Richard Barber	M	M40-44	74	5:56:36	0:42:39	0:08:17	2:57:24	0:05:45	2:02:31	IRL	
c2526f35-6dbd-ef11-b8e8-000d3a5a403c	794	Eirik Hamnvik	M	M30-34	110	5:56:38	0:46:43	0:07:15	3:14:01	0:05:39	1:42:58	NO	
9b328ce3-e28f-f011-b4cc-000d3a5b50ba	795	Minna Kukkonen	F	F18-24	17	5:56:41	0:45:12	0:06:13	2:54:36	0:06:59	2:03:41	fin	
155d995b-08ab-ef11-b8e9-000d3a5a1803	796	Mart Lainas	M	M40-44	75	5:56:45	0:42:03	0:07:32	3:02:17	0:05:43	1:59:09	EE	
08d0d983-5475-4197-8e0b-b29ff7d249c9	797	Michael Jacobi	M	M50-54	43	5:56:45	0:45:35	0:07:15	3:00:27	0:08:38	1:54:50	IE	
0fa20ca4-994c-f111-bec6-0022480b84a3	798	Laura Luks	F	F30-34	28	5:56:49	0:45:25	0:09:26	3:14:12	0:06:38	1:41:08	EST	
334678d3-b30b-490f-9425-0ea201474f3d	799	Azizbek Mamajonov	M	M30-34	111	5:56:49	0:45:09	0:11:05	2:59:51	0:10:45	1:49:59	UZ	
2fce51bc-3f2e-4644-ac8f-d72a5517e735	800	Ezme Hollick	F	F25-29	35	5:56:50	0:48:51	0:04:23	3:03:42	0:02:55	1:56:58	GB	
27453bf7-11c9-f011-bbd3-002248098cfa	801	Marleen Reede	F	F25-29	36	5:56:52	0:32:24	0:05:26	3:09:54	0:06:32	2:02:37	EST	
79c68a42-fc47-f111-bec5-70a8a5ae4200	802	Kaur Nellis	M	M18-24	106	5:56:55	0:42:59	0:05:27	2:59:21	0:03:20	2:05:48	EST	
902b2f04-ed6e-f111-ab0d-0022480b84a3	803	Robert Suslov	M	M18-24	107	5:56:55	0:37:03	0:06:08	2:59:26	0:05:12	2:09:07	EST	
ce66456a-21b1-45bb-b3e3-da310f5c8854	804	Karel Kõiv	M	M35-39	94	5:56:56	0:44:26	0:06:57	2:55:49	0:09:39	2:00:05	EE	
638762ad-f603-f011-bae2-000d3a35ffc1	805	Joao Mateus Junior	M	M40-44	76	5:56:56	0:34:28	0:05:41	3:13:56	0:05:20	1:57:32	prt	
116edc8f-b326-f011-8c4e-000d3a3173b5	806	Henry Tennyson	M	M25-29	128	5:57:03	0:43:02	0:05:59	3:12:14	0:06:39	1:49:08	IRL	
59bd499a-e212-4d6e-a38c-ee804e09986d	807	Emily Ormerod	F	F45-49	10	5:57:09	0:37:54	0:06:02	3:22:28	0:06:40	1:44:06	gbr	
a59a2972-f301-4e86-b76d-cd00bd9141ac	808	Christopher Hill	M	M35-39	95	5:57:12	0:43:44	0:08:50	2:47:41	0:08:08	2:08:49	gbr	
c7852103-febd-ef11-b8e9-002248049fdc	809	Daidoh Hotta	M	M45-49	62	5:57:14	0:35:57	0:11:37	2:59:22	0:07:45	2:02:33	JP	
ef72c2e1-1fb1-f011-bbd4-6045bd08efa2	810	David Katzarov	M	M25-29	129	5:57:15	0:43:17	0:09:53	3:01:06	0:08:03	1:54:57	GBR	
574cb42e-2f96-f111-8075-0022480b35b6	811	Georg Idla	M	M40-44	77	5:57:20	0:36:07	0:12:37	3:05:30	0:06:16	1:56:50	EST	
a250fd8c-33d6-ed11-a7c7-000d3a31440b	812	Kristaps Aksjonovs	M	M30-34	112	5:57:31	0:38:03	0:07:31	3:02:31	0:07:11	2:02:16	LV	
93682f0b-4cc2-f011-bbd3-6045bd09951e	813	Louise Christie	F	F25-29	37	5:57:31	0:44:00	0:05:43	3:07:12	0:03:24	1:57:11	GBR	
66d886f9-1cfe-f011-8406-6045bd08b1a2	814	Siiri Meriläinen	F	F25-29	38	5:57:32	0:37:54	0:06:34	3:14:19	0:05:11	1:53:34	FIN	
4ca9a42b-ac5a-41fd-82d1-960170857d92	815	Oleg Vernygora	M	M45-49	63	5:57:33	0:34:12	0:04:21	3:26:56	0:08:11	1:43:53	UA	
0b206b6d-2e51-f111-bec6-0022480a5755	816	Maher Jarous	M	M45-49	64	5:57:38	0:47:25	0:11:07	3:02:27	0:06:28	1:50:11	isr	
94c9d6e2-20ee-eb11-bacb-00224808ebcb	817	Jaanika Parts		F50-54	11	5:57:41	0:49:46	0:07:29	2:56:30	0:04:44	1:59:13	EST	
ca644005-7ea3-ef11-8a69-6045bd018d16	818	Jaakko Valtonen	M	M30-34	113	5:57:43	0:41:42	0:09:25	3:06:58	0:07:44	1:51:53	FI	
8f6d93ff-04c7-f011-bbd3-6045bd05fcc1	819	Alfie Mason	M	M18-24	108	5:57:44	0:35:40	0:07:29	3:09:31	0:07:19	1:57:44	GBR	
6fe668a0-0c84-f011-b4cc-0022480c097c	820	Susanna Palvanen	F	F40-44	10	5:57:45	0:43:32	0:06:04	3:03:34	0:05:12	1:59:23	FI	
37f5d728-b655-f011-877a-000d3a5b7c3b	821	Josh J		M25-29	130	5:57:53	0:41:56	0:05:49	3:05:16	0:04:28	2:00:24	DEU	
da285fff-eb29-4a21-b45a-dbc1d28eb960	822	Robert Reesar	M	M25-29	131	5:58:01	0:38:30	0:07:19	2:55:06	0:05:42	2:11:23	EE	
f8ce2824-10b1-4bd3-9bde-078413a9145c	823	Brian Power	M	M50-54	44	5:58:02	0:47:32	0:07:23	2:55:54	0:07:06	2:00:08	IE	
d0718379-7802-f111-8406-0022480b84a3	824	Greete Alice Fjodorov	F	F25-29	39	5:58:14	0:52:01	0:08:15	3:04:10	0:07:22	1:46:26	EST	
1b3db150-e4c6-f011-bbd3-000d3a5cf7d8	825	Roman Krutsinkin	M	M45-49	65	5:58:17	0:47:23	0:06:47	3:03:07	0:06:33	1:54:27	est	
d2a51c53-37ad-f011-bbd3-000d3a35ffc1	826	Kaitlyn Chojnacki	F	F25-29	40	5:58:18	0:36:22	0:06:09	3:16:34	0:04:01	1:55:11	CA	
fd0b5fa8-ab9c-f111-b8db-70a8a59af2e9	827	Kimmo Paap	M	M40-44	78	5:58:25	0:44:04	0:06:13	2:54:59	0:04:00	2:09:09	EST	
f23fe790-806a-f111-a825-0022480b88da	828	Anton Vernytsky	M	M30-34	114	5:58:40	0:40:00	0:10:03	3:07:09	0:04:47	1:56:41	ISR	
d7a70ef5-faea-f011-8544-6045bd09951e	829	Alex Mäkikokko	M	M18-24	109	5:58:45	0:46:00	0:07:20	2:56:37	0:06:20	2:02:27	FIN	
835c01e4-5ecc-4025-975f-8bd523b3f951	830	Timothee Jeannin	M	M35-39	96	5:58:49	0:36:19	0:11:01	3:05:39	0:09:42	1:56:08	COD	
44d823bd-6afb-ef11-9341-000d3a5a1803	831	Wolf Glittenberg	M	M18-24	110	5:58:59	0:51:53	0:05:33	2:41:41	0:04:12	2:15:40	NO	
b8122ea9-bb42-4956-a1f2-2b71cf9fc647	832	Katja Harja	F	F45-49	11	5:59:02	0:49:26	0:05:57	2:58:49	0:05:26	1:59:24	FI	
f30f8f13-74be-f011-bbd3-000d3a35ffc1	833	Inna Põldsaar	F	F35-39	16	5:59:04	0:46:10	0:05:51	3:06:23	0:07:13	1:53:28	EST	
450c7e1f-72c6-49e4-860d-28efd2545052	834	Björn Ullbrand	M	M60-64	13	5:59:06	0:49:20	0:13:27	2:51:21	0:06:29	1:58:28	SE	
2f291d9c-6a77-4621-ae17-1e6bf79c8c4b	835	Maurice Murphy	M	M40-44	79	5:59:20	0:49:17	0:07:36	3:02:26	0:06:17	1:53:43	IRL	
7959b2f2-fad6-42cb-af6a-a58b448f0401	836	David Sibbert	M	M40-44	80	5:59:22	0:40:13	0:08:50	3:04:54	0:04:42	2:00:43	DE	
79afb839-992f-ed11-9db0-002248084931	837	Karl Callan	M	M35-39	97	5:59:31	0:50:45	0:05:45	3:05:30	0:04:37	1:52:53	GB	
d6ce1651-24ea-f011-8544-000d3a35ffc1	838	Tom McCarty	M	M35-39	98	5:59:32	0:47:41	0:09:11	3:04:55	0:05:51	1:51:55	GBR	
16498f1f-c309-f111-8406-002248081bd6	839	Pasi Pöntinen	M	M40-44	81	5:59:33	0:45:23	0:06:41	3:15:28	0:06:55	1:45:06	FIN	
60ab4b1c-ba2e-f111-88b3-7ced8d3b8ef3	840	David Pålgardhaugen	M	M25-29	132	5:59:33	0:43:53	0:06:08	3:16:30	0:07:21	1:45:42	NOR	
a0e8606a-d3d8-4f98-a6e4-8b7222a83553	841	Jan Vodicka	M	M18-24	111	5:59:40	0:40:50	0:06:30	3:04:57	0:05:36	2:01:47	CZ	
8e020b73-9a5f-4635-8a90-99824c5dcf0e	842	Ülar Jegerson	M	M45-49	66	5:59:46	0:43:39	0:06:24	3:09:31	0:04:52	1:55:20	EST	
28104b2d-53e8-43ab-961b-3f2e22b43d5a	843	Margus Padar	M	M45-49	67	5:59:49	0:38:22	0:08:07	3:02:53	0:05:08	2:05:20	EE	
7bca4158-4b9a-439a-af95-04994507ecb1	844	Priit Mändmaa	M	M35-39	99	5:59:52	0:42:16	0:11:19	3:06:55	0:06:01	1:53:22	EE	
b48c5494-107e-41cb-8548-33488ae7506b	845	Jackson Cook	M	M30-34	115	5:59:57	0:46:47	0:11:29	3:10:13	0:07:38	1:43:50	US	
badb46ac-e760-f111-a826-002248046451	846	Dominykas Rutkauskas	M	M18-24	112	5:59:59	0:43:37	0:06:28	3:04:44	0:05:55	1:59:16	LTU	
95d0a241-8bd5-ef11-8eea-000d3a5a1803	847	Artem Shtrikul	M	M35-39	100	6:00:00	0:37:04	0:06:12	3:07:12	0:04:11	2:05:22	UA	
eeee37d8-1279-4e30-b9eb-cca6b88fd7d8	848	Anu Piiroja	F	F40-44	11	6:00:06	0:37:02	0:10:43	3:23:53	0:06:03	1:42:26	EE	
205c39f2-a704-42fb-a5c0-b27bc09c1433	849	Harry Lillkaas	M	M55-59	30	6:00:29	0:48:39	0:09:15	3:05:32	0:06:47	1:50:16	Sweden	
c7afba8e-613f-438c-aeb5-340b2d36d3fb	850	Andrejs Petrovs	M	M40-44	82	6:00:29	0:34:46	0:05:41	3:08:21	0:05:26	2:06:15	LV	
c1d8986b-5424-4a74-ae12-cff445835a9d	851	Hannes Hermaküla	M	M55-59	31	6:01:10	0:38:26	0:08:09	2:55:12	0:07:28	2:11:55	EE	
b7d8ab77-fbd6-4b17-9350-34768394a033	852	Owen Barder	M	M55-59	32	6:01:17	0:45:13	0:10:42	3:06:44	0:07:08	1:51:30	GB	
cfb289eb-49e0-f011-8544-000d3a3173b5	853	Erik Selin	M	M40-44	83	6:01:23	0:40:56	0:12:27	3:02:59	0:09:47	1:55:13	FIN	
2a3c74ad-5644-45c4-95f7-66bb548ff507	854	Manuel Rengifo	M	M40-44	84	6:01:36	0:38:21	0:09:50	3:14:41	0:07:27	1:51:17	deu	
ab14bee3-31ee-f011-8407-00224805e61c	855	Syver Sunde-Eidem	M	M18-24	113	6:01:38	0:37:50	0:08:00	3:09:43	0:03:42	2:02:23	nor	
cb544fa8-1d64-f111-a826-0022480b84a3	856	Ron Greiver	M	M18-24	114	6:01:43	0:41:46	0:09:02	3:12:22	0:07:43	1:50:51	ISR	
0bcabee1-fc5c-f011-bec1-000d3a37479e	857	Katrin Keis	F	F40-44	12	6:01:43	0:40:05	0:07:04	3:06:12	0:05:43	2:02:39	EST	
463e8f4c-090e-f011-9988-6045bd05fcc1	858	Sergei Balandin	M	M45-49	68	6:01:55	0:50:28	0:08:38	3:11:44	0:07:10	1:43:54	EE	
6951c9c8-798d-f011-b4cc-0022480c097c	859	Maria Johansen	F	F25-29	41	6:01:57	0:38:41	0:07:28	3:12:38	0:06:05	1:57:04	dnk	
d9e7e887-2de3-4dbb-aaee-3a32de25a641	860	Emmanuel Garampon	M	M55-59	33	6:02:07	0:56:34	0:07:05	2:56:29	0:05:14	1:56:45	fra	
944a8712-0908-f111-8406-002248046ec8	861	Robin Vanamo	M	M25-29	133	6:02:14	0:39:00	0:06:55	2:59:59	0:11:24	2:04:56	FIN	
2f96c401-b8eb-f011-8544-000d3a5cf7d8	862	Akmal Xudayberganov	M	M35-39	101	6:02:23	0:44:15	0:06:32	3:14:44	0:04:18	1:52:34	UZB	
e603b957-807d-460a-af40-d653bca774ca	863	Lauri Mägi	M	M45-49	69	6:02:25	0:38:26	0:07:03	3:05:25	0:07:15	2:04:15	est	
78f83b44-17a9-f011-bbd3-000d3a35ffc1	864	Jürgen Kuus	M	M45-49	70	6:02:26	0:44:04	0:07:51	3:05:18	0:04:45	2:00:28	EE	
4695479f-aacf-4920-9f96-645c17049979	865	Désirée Coriol	F	F40-44	13	6:02:36	0:37:29	0:06:59	3:12:39	0:04:35	2:00:54	FR	
884b8697-1377-f111-ab0f-002248046ec8	866	Kaisa-Kristina Kivirand	F	F30-34	29	6:02:36	0:43:46	0:09:16	3:02:18	0:03:56	2:03:20	EST	
e5be1db9-5614-f011-998a-000d3a5b50ba	867	Jana Kilter	F	F45-49	12	6:02:43	0:53:03	0:10:09	3:04:56	0:07:13	1:47:22	est	
3f72ae34-a0bd-f011-bbd3-000d3a5b50ba	868	ANDRES SIIM	M	M55-59	34	6:02:50	0:52:17	0:07:10	2:58:49	0:03:51	2:00:44	FIN	
1ac6c9d3-0861-ef11-bfe3-000d3a371e3b	869	Sune Bjerg	M	M45-49	71	6:03:00	0:50:06	0:09:02	3:06:06	0:06:09	1:51:38	dnk	
d5907709-9f59-405e-8373-c52050b589ba	870	Birgit Saliste	F	F25-29	42	6:03:19	0:33:43	0:07:29	3:12:39	0:05:35	2:03:53	EE	
d9875f94-f290-f111-8076-70a8a5ae8eaa	871	Vilius Griksas	M	M25-29	134	6:03:19	0:46:13	0:11:55	3:05:16	0:07:18	1:52:37	LTU	
d6dee08d-be90-f011-b4cc-000d3a5cf7d8	872	Andreas Martin Reili	M	M25-29	135	6:03:19	0:43:31	0:05:49	3:09:21	0:05:34	1:59:04	EE	
b2f0f669-7990-f011-b4cc-6045bd05fcc1	873	Yang Liu	M	M18-24	115	6:03:20	0:43:49	0:06:56	3:03:56	0:04:47	2:03:52	NO	
7d8adbf1-745a-4960-b83a-aac488f7973c	874	Thibault Bouclier	M	M35-39	102	6:03:26	0:40:15	0:06:17	3:04:43	0:06:19	2:05:52	GB	
c7e39ec9-d6c6-f011-bbd2-000d3a5b7c3b	875	Maria Borodina	F	F25-29	43	6:03:34	0:36:57	0:05:09	3:17:30	0:04:51	1:59:07	EST	
ccdba4b0-7cbf-46ac-8a50-65ba0d2f36c8	876	Kaido Ploompuu	M	M40-44	85	6:03:35	0:45:30	0:03:21	2:53:23	0:03:39	2:17:41	EE	
4e662468-d39b-4941-89b1-9defd11c9754	877	Katri Kaila	F	F45-49	13	6:03:36	0:38:33	0:05:10	2:56:23	0:04:12	2:19:18	FI	
23eaedeb-10ef-f011-8407-00224805e61c	878	Sam Garbett	M	M25-29	136	6:03:42	0:39:14	0:06:21	3:13:06	0:04:45	2:00:16	GBR	
1d004e92-d58f-f011-b4cc-000d3a35ffc1	879	Eilidh Teale	F	F30-34	30	6:03:47	0:42:35	0:04:34	3:14:45	0:05:23	1:56:30		
761a4032-42bb-452e-a059-e6b7878fa79f	880	Michael Saracino	M	M35-39	103	6:03:55	0:40:33	0:10:01	3:21:41	0:06:06	1:45:33	CA	
ed445e97-5792-f111-8077-7c1e528d5074	881	Gustav Boije af Gennäs	M	M45-49	72	6:03:57	0:45:03	0:12:40	3:07:50	0:08:01	1:50:22	FIN	
0f29b0fa-87c7-ef11-b8e9-000d3a5a1803	882	Artjom Geraskin	M	M35-39	104	6:04:05	0:41:31	0:05:28	2:56:29	0:05:03	2:15:35	EE	
e5973f07-6324-f111-8341-6045bd08b1a2	883	Alexandra Liutarevich	F	F35-39	17	6:04:05	0:41:20	0:09:47	3:02:49	0:09:15	2:00:56	BLR	
9a106867-2eea-f011-8544-000d3a5b7c3b	884	Derk van der Laan	M	M18-24	116	6:04:06	0:48:37	0:08:05	3:16:06	0:07:11	1:44:07	GBR	
a009da14-dd0b-f111-8406-6045bd06566a	885	Randar Joesaar	M	M40-44	86	6:04:18	0:42:33	0:09:04	3:02:10	0:06:42	2:03:50	EST	
5a957054-591d-416d-91d7-efc8b8da7508	886	Kristjan Jansen	M	M40-44	87	6:04:19	0:47:17	0:05:35	2:50:20	0:04:24	2:16:43	EE	
daed34ea-b14e-f111-bec5-6045bd08b1a2	887	Aleksi Erkkilä	M	M18-24	117	6:04:27	0:39:56	0:08:00	3:14:06	0:06:32	1:55:53	FIN	
9a3485ca-daf2-4a7b-bec6-3d17d854d131	888	Levi Epstein	M	M30-34	116	6:04:30	0:36:55	0:10:49	3:22:35	0:05:50	1:48:21		
35263478-b7f4-f011-8406-0022480b84a3	889	Niccolò Romano	M	M35-39	105	6:04:33	0:39:14	0:06:46	3:07:58	0:07:47	2:02:48	ITA	
f3b555b3-db23-4f7f-82fb-c66c8a12d8a0	890	Moonika Kitt	F	F45-49	14	6:04:38	0:47:58	0:09:14	3:09:43	0:07:54	1:49:49	est	
9e6b7740-ed5b-f111-bec7-002248081bd6	891	Seelika Sonnberg	F	F30-34	31	6:04:43	0:40:09	0:05:29	3:19:42	0:04:43	1:54:40	EST	
142da45f-14f5-f011-8406-002248046ec8	892	Leo Liepājnieks	M	M25-29	137	6:04:49	0:44:43	0:06:31	3:02:41	0:04:53	2:06:01	LVA	
71fff6d0-11b4-f011-bbd3-0022480c097c	893	Keili Karu	F	F18-24	18	6:04:50	0:43:27	0:07:04	3:13:06	0:06:00	1:55:13	EST	
700a118e-77aa-ef11-b8e8-000d3a5ae96c	894	Kalmer Filatov	M	M55-59	35	6:04:52	0:51:37	0:08:36	2:57:01	0:05:10	2:02:29	EE	
9f7eb698-ca00-f111-8406-6045bd06566a	895	Liina-Mari Roolaht	F	F25-29	44	6:04:54	0:44:55	0:05:23	3:04:18	0:06:15	2:04:03	EST	
6d80f66c-376a-f111-ab0b-7c1e528d5074	896	Martin Kängsepp	M	M25-29	138	6:04:57	0:43:20	0:11:23	3:04:20	0:08:08	1:57:47	EST	
0084b49d-63a6-ef11-8a6a-002248049fdc	897	Alexey Sverdlov	M	M40-44	88	6:04:58	0:53:11	0:11:17	2:55:17	0:12:25	1:52:48	IL	
75690e37-50f9-f011-8406-6045bd06566a	898	Alexey Pynninen	M	M25-29	139	6:05:01	0:42:53	0:08:13	3:09:27	0:06:20	1:58:07	FIN	
5dbb040a-3808-f111-8406-0022480b84a3	899	Jacob Baggs	M	M18-24	118	6:05:05	0:46:03	0:05:45	3:14:01	0:04:24	1:54:52	GBR	
5e5abe66-696e-f111-ab0d-0022480b35b6	900	Craig Barr	M	M35-39	106	6:05:11	0:53:42	0:05:55	3:10:42	0:04:34	1:50:18	GBR	
4984d756-3239-f011-b4cc-6045bd05f634	901	Raimondas Bieliauskas	M	M45-49	73	6:05:20	0:44:03	0:08:09	3:14:34	0:06:24	1:52:11	ltu	
514468fd-ab37-f011-8c4e-000d3a5cf7d8	902	Helin Lung	F	F40-44	14	6:05:31	0:42:57	0:08:50	3:04:04	0:06:32	2:03:09	EE	
fd16f57c-9fbf-f011-bbd3-6045bd05f634	903	Mark Erik Kink	M	M25-29	140	6:05:32	0:46:10	0:06:52	3:08:09	0:07:52	1:56:28	est	
c3e2a56a-d08f-f111-8077-6045bd08b1a2	904	Liisa-Maria Lillepea	F	F30-34	32	6:05:33	0:40:50	0:07:03	3:17:58	0:05:11	1:54:31	EST	
9983ca24-a181-f011-b4cc-000d3a5cf7d8	905	Karolina Toming	F	F18-24	19	6:05:41	0:44:38	0:05:07	3:01:20	0:04:41	2:09:54	Unknown	
fac9e13f-6fed-45cc-9ce3-c018d400aab9	906	Michiel Besters	M	M45-49	74	6:05:56	0:48:35	0:10:12	3:06:15	0:08:53	1:52:01	NL	
984a21ad-64dd-49db-b63b-1425444f2deb	907	Tasneem Pope	F	F30-34	33	6:06:10	0:59:03	0:08:25	3:16:55	0:08:12	1:33:34	GB	
cb1687f9-6eb9-4807-a613-59ef6764e415	908	Tanel Saue	M	M50-54	45	6:06:14	0:43:01	0:11:23	2:45:45	0:08:03	2:18:02	EST	
22563666-84bd-f011-bbd3-000d3a3173b5	909	Patrick Pethica	M	M35-39	107	6:06:24	0:38:09	0:06:06	3:15:10	0:05:56	2:01:02	GBR	
ed6348af-6ec2-f011-bbd3-000d3a35ffc1	910	Robert Wikström	M	M30-34	117	6:06:34	0:45:58	0:12:25	2:56:04	0:10:57	2:01:10	fin	
9c32ee6d-e836-4d27-8e9b-605ae71948c9	911	Denis Piskunov	M	M40-44	89	6:06:38	0:45:13	0:07:34	3:06:06	0:06:40	2:01:05	EE	
f8668408-228b-f111-ab0f-70a8a5af2bd0	912	Tero Joronen	M	M55-59	36	6:06:45	0:43:16	0:05:55	2:51:30	0:04:17	2:21:46	FIN	
a3918ca8-1684-f011-b4cc-0022480a7385	913	Marko Eek	M	M40-44	90	6:06:45	0:47:56	0:06:40	2:57:26	0:06:52	2:07:52	EE	
e0c58caf-0279-f111-ab0f-002248081bd6	914	Eliise Solom	F	F18-24	20	6:06:45	0:31:41	0:04:57	3:12:09	0:05:58	2:12:02	EST	
4f3dd3f6-dbc5-f011-bbd3-6045bd05fcc1	915	james campbell	M	M40-44	91	6:07:31	0:38:08	0:06:57	3:09:32	0:04:11	2:08:43	AUS	
0c3aa3d2-00bc-f011-bbd3-6045bd05fcc1	916	Olari Malmre	M	M35-39	108	6:07:35	0:34:54	0:08:39	3:17:38	0:14:09	1:52:15	EST	
9f5ddd8a-f1c0-4e23-9274-5b0ba95cb0b6	917	Matteo Scozzoli	M	M50-54	46	6:07:37	0:45:24	0:09:51	3:09:13	0:07:53	1:55:16	IT	
b10dcc3f-fa65-ef11-bfe3-00224809fd7c	918	Herkki Ravel	M	M30-34	118	6:07:40	0:45:16	0:06:48	3:07:19	0:04:53	2:03:24	EE	
6e4aefe7-2284-f011-b4cc-6045bd09951e	919	Henna Wahlsten	F	F40-44	15	6:07:44	0:45:28	0:11:14	3:16:32	0:06:42	1:47:48	FI	
9a29babf-1baf-4047-86a8-681e7c2f799c	920	Rico Louw	M	M30-34	119	6:07:54	0:43:00	0:08:41	3:07:10	0:08:58	2:00:06	NL	
70a35390-1204-f111-8406-002248081bd6	921	Elisa Koivisto	F	F25-29	45	6:07:57	0:37:04	0:06:05	3:08:33	0:08:02	2:08:14	FIN	
f943163e-a3ca-f011-bbd3-000d3a35ffc1	922	Alicja Bronisz	F	F18-24	21	6:08:01	0:39:17	0:07:21	3:11:28	0:07:29	2:02:26	POL	
d3c567d0-5d81-4586-9c39-ed531358bf68	923	Neil Bradshaw	M	M65-69	2	6:08:07	0:49:10	0:10:44	3:00:02	0:06:33	2:01:38	gbr	
0a00c5d6-3a67-f111-a826-6045bd08b1a2	924	Alfie Bennett	M	M25-29	141	6:08:14	0:49:59	0:08:50	3:04:50	0:06:46	1:57:49	GBR	
2cd9b22d-687b-f111-ab0e-70a8a5b19cbc	925	Heidi Ikonen	F	F30-34	34	6:08:17	0:50:11	0:07:25	3:22:31	0:07:11	1:41:00	FIN	
67376a4f-d343-f111-88b4-0022480994c2	926	Karl Robin Rimm	M	M18-24	119	6:08:22	0:49:28	0:07:40	3:05:04	0:06:09	2:00:01	EST	
5c997e9b-4deb-40f5-a74c-2f76765d7f18	927	Joel Bastos Sousa	M	M35-39	109	6:08:31	0:41:57	0:07:03	2:52:21	0:08:46	2:18:24	fra	
0f9efaf5-47da-4a0c-8c53-cd7f7930d91f	928	Toomas Tilk	M	M55-59	37	6:08:38	0:48:11	0:05:51	2:53:31	0:05:21	2:15:44	EE	
2974f572-c0d1-f011-bbd3-6045bd09951e	929	Jorik Homminga	M	M18-24	120	6:08:41	0:43:46	0:09:11	3:07:59	0:06:33	2:01:12	NLD	
1dad81b4-f510-f111-8406-6045bd08b1a2	930	Conor Patton	M	M18-24	121	6:08:43	0:40:18	0:12:11	3:23:54	0:08:25	1:43:55	IRL	
9ff1b337-90e9-f011-8544-000d3a5b7c3b	931	Gregor Cockburn	M	M25-29	142	6:08:45	0:40:16	0:07:07	3:19:40	0:04:06	1:57:36	GBR	
b91bd6e2-b475-ea11-a811-000d3a5a1cf8	932	Diego Van Dyk	M	M35-39	110	6:08:51	0:43:49	0:08:56	3:10:56	0:08:03	1:57:07	ES	
c1576e13-acfe-f011-8406-002248046ec8	933	Kerttu Karu	F	F18-24	22	6:08:54	0:39:15	0:05:26	3:13:25	0:04:56	2:05:52	EST	
9a8f2973-a145-f111-88b3-0022480a5755	934	Mattias Aurelius Pedak	M	M18-24	122	6:08:55	0:50:20	0:08:55	3:02:18	0:05:56	2:01:26	EST	
985125d2-ede7-f011-8544-6045bd05f634	935	CATHAL BYRNE	M	M30-34	120	6:09:00	0:39:37	0:05:21	3:19:07	0:05:34	1:59:21	IRL	
e8b8ea8c-ae5c-f011-bec2-0022480a7385	936	Anette Reinapu	F	F25-29	46	6:09:09	0:37:04	0:06:44	3:22:56	0:05:04	1:57:21	EST	
7c15ed9f-5a49-41f2-abe0-71f77a6e38e1	937	Logan Anderson	M	M35-39	111	6:09:23	0:42:47	0:12:25	3:06:57	0:12:37	1:54:37	US	
d66eb355-0cf9-f011-8406-0022480b88da	938	Essi Toivonen	F	F25-29	47	6:09:23	0:39:35	0:05:41	3:15:02	0:05:31	2:03:34	FIN	
8bfb6b04-e592-f011-b4cc-6045bd05fcc1	939	Amira El-Bash-Hilden	F	F35-39	18	6:09:27	0:33:37	0:05:30	3:22:04	0:05:28	2:02:48	FIN	
be60d691-3f38-f111-88b4-0022480b88da	940	Mohammed Harb	M	F40-44	16	6:09:28	0:43:00	0:11:11	3:13:17	0:08:10	1:53:51	qat	
5e8cc03b-0884-f011-b4cc-000d3a35ffc1	941	Tautvydas Peleckas	M	M30-34	121	6:09:41	0:45:47	0:08:00	3:08:50	0:05:19	2:01:45	LT	
a30f49ad-4a0f-f111-8406-0022480a5755	942	Radim Boháč	M	M25-29	143	6:09:46	0:33:32	0:06:03	3:07:31	0:05:55	2:16:45	CZE	
a5be2ea3-0313-f111-8406-6045bd06566a	943	Anita Bjørkedal	F	F25-29	48	6:09:52	0:48:34	0:06:58	3:14:14	0:05:39	1:54:27	NOR	
232f1634-9c44-f011-877a-6045bd09951e	944	Daisi Padumäe	F	F18-24	23	6:10:23	0:38:00	0:06:19	3:09:03	0:03:58	2:13:03	EE	
0acbede6-d52c-4460-b24a-0feb9166154b	945	Joe Sweeney	M	M55-59	38	6:10:32	0:41:31	0:06:51	3:05:39	0:05:30	2:11:01	irl	
56a40858-d9b4-4848-bf40-0f3e5976448d	946	Madis Tuuling	M	M45-49	75	6:10:39	0:55:27	0:11:12	2:56:28	0:05:44	2:01:48	EE	
5b331553-debc-f011-bbd3-000d3a35ffc1	947	Ilia Shestakov	M	M45-49	76	6:10:46	0:47:30	0:11:16	3:18:11	0:08:40	1:45:09	FIN	
8f8088a8-ee92-f111-8076-0022480a5755	948	Marten Pärg	M	M30-34	122	6:10:50	0:42:44	0:06:30	3:18:08	0:04:31	1:58:56	EST	
a176044b-c6fd-f011-8406-0022480a5755	949	Thomas Sengel	M	M25-29	144	6:11:01	0:41:58	0:06:40	3:10:03	0:05:30	2:06:50	lux	
fee3039a-cbad-f011-bbd3-6045bd05f634	950	Leevi Rinne	M	M18-24	123	6:11:03	0:41:48	0:06:35	3:14:23	0:06:38	2:01:39		
9ab2774a-54f4-f011-8406-002248046ec8	951	Justas Pukys	M	M30-34	123	6:11:06	0:47:39	0:12:55	3:13:19	0:10:18	1:46:55	LTU	
7ecf5e7a-3320-42c6-82b6-a517adf3a276	952	Lynsey Morgan	F	F35-39	19	6:11:06	0:38:19	0:06:46	3:21:43	0:05:55	1:58:23	gbr	
7a2408cb-37cd-4344-924c-a0969fa0f77e	953	Mari Helstein	F	F35-39	20	6:11:08	0:45:13	0:07:48	3:15:09	0:08:45	1:54:14	EE	
cb49884a-b48d-f011-b4cc-000d3a5b7c3b	954	Jonas Brøske Danielsen	M	M25-29	145	6:11:11	0:40:46	0:05:55	3:18:27	0:05:27	2:00:35	FI	
d83a12b5-c0d5-f011-8543-000d3a5b5fc7	955	Matthew King	M	M18-24	124	6:11:21	0:38:50	0:05:52	3:08:27	0:06:54	2:11:17	IRL	
c7794dba-4c6f-ef11-a671-6045bd0953ac	956	Edward Bagnall	F	M25-29	146	6:11:24	0:43:56	0:06:43	3:16:06	0:05:52	1:58:46	Unknown	
fdf9f69a-0dcd-f011-bbd3-6045bd05fcc1	957	Jürgen Valter	M	M45-49	77	6:11:28	0:51:03	0:11:58	3:06:30	0:04:44	1:57:13	EST	
65678075-0e66-ef11-bfe3-000d3a371e3b	958	Andrius Arnasius	M	M40-44	92	6:11:30	0:45:21	0:09:36	3:03:42	0:06:32	2:06:19	LT	
b9a360ef-3003-f011-bae2-000d3a3173b5	959	Jānis Lācis	M	M30-34	124	6:11:37	0:40:08	0:08:17	3:15:26	0:07:52	1:59:55	LVA	
228d944f-ac2c-f011-8c4d-000d3a32ccea	960	Adnan Erim	M	M65-69	3	6:11:45	0:44:16	0:07:06	3:29:12	0:06:21	1:44:50	TR	
e938569e-9865-f011-bec3-6045bd05f634	961	Laura Sedrik	F	F40-44	17	6:11:57	0:45:45	0:08:45	3:03:53	0:09:17	2:04:16	FI	
c9e0500f-89ed-f011-8544-6045bd09fcf5	962	Cathal White	M	M25-29	147	6:12:22	0:39:01	0:06:59	3:11:25	0:08:40	2:06:17	IRL	
807f255f-4960-f111-a826-0022480a5755	963	Adam Kokai	M	M40-44	93	6:12:25	0:47:57	0:10:34	3:11:23	0:07:09	1:55:22	HUN	
3f1ad5ad-b394-f011-b4cc-0022480a7385	964	Conor Cronin	M	M30-34	125	6:12:29	0:44:03	0:08:51	3:16:45	0:07:48	1:55:02	IRL	
ef64a684-1084-f011-b4cc-000d3a5b50ba	965	Niklas Puustinen	M	M30-34	126	6:12:30	0:44:18	0:08:16	3:12:55	0:04:52	2:02:10	FI	
5232cc88-bb34-f111-88b4-0022480b84a3	966	Tiago Gilsenan	M	M18-24	125	6:12:33	0:41:43	0:07:21	2:57:28	0:10:43	2:15:17	PRT	
5cb3738a-4aa7-ef11-8a69-6045bd018d16	967	Kevin Cullen	M	M50-54	47	6:12:58	0:46:20	0:07:48	3:07:11	0:08:45	2:02:55	irl	
0caf750a-7509-ef11-9f8a-00224809fd7c	968	Karin Aaviste	F	F18-24	24	6:12:59	0:32:02	0:06:07	3:09:00	0:06:03	2:19:48	EST	
b4577bfc-6916-44ed-b2a8-1e541647611c	969	Noelle Jimenez	F	F35-39	21	6:13:13	0:36:24	0:06:06	3:28:42	0:07:04	1:54:57	CH	
942f2c4c-21fa-f011-8406-002248046ec8	970	Sondre Østrem	M	M18-24	126	6:13:22	0:40:27	0:05:23	3:14:55	0:03:22	2:09:15	nor	
d45bdbea-73dd-4eb2-9960-d2e15d5c2301	971	Anne Bennett	F	F55-59	4	6:13:48	0:41:33	0:07:37	3:07:44	0:05:59	2:10:55	GB	
412c5ba9-6bc7-ea11-a812-000d3a5a1bfb	972	Stefan Stadlberger	M	M45-49	78	6:13:52	0:42:09	0:12:56	2:59:17	0:15:07	2:04:22	Germany	
084d96e8-ed37-f111-88b3-7ced8d6dd3f7	973	Jurgita Januškaitė-Žilinskienė	F	F35-39	22	6:14:01	0:44:13	0:06:50	3:18:57	0:06:47	1:57:14	LTU	
4bc8ef2c-55c6-f011-bbd2-000d3a5b5fc7	974	Aron Birkir Guðmundsson	M	M18-24	127	6:14:11	0:44:35	0:06:59	3:18:32	0:09:17	1:54:49	ISL	
5da743cf-ef89-f011-b4cc-0022480a7385	975	Christopher Alvaro Sletten-Cruz	M	M18-24	128	6:14:13	0:57:27	0:08:03	3:04:05	0:06:31	1:58:07	NO	
878669cd-c45a-478d-b6f7-f4b1f180a776	976	Triin Sõber	F	F45-49	15	6:14:14	0:45:31	0:07:46	3:08:51	0:08:16	2:03:48	FI	
46e95f53-6d09-f111-8406-0022480b88da	977	Aaron Otto	M	M30-34	127	6:14:16	0:40:57	0:10:21	3:08:56	0:06:11	2:07:52	ESP	
98d429fb-999b-f011-b41c-000d3a35ffc1	978	Lukas Kozeniauskas	M	M30-34	128	6:14:17	0:44:11	0:10:44	3:07:38	0:06:56	2:04:48	LTU	
e35b4350-fdce-4b96-bb9d-3382c5778555	979	Niall O’gorman	M	M45-49	79	6:14:20	0:36:33	0:08:19	3:11:09	0:07:16	2:11:01	IRL	
45703af0-7281-ed11-81ad-000d3a314c24	980	Jack Dinneen	M	M30-34	129	6:14:27	0:38:26	0:06:49	3:04:44	0:05:38	2:18:50	IRL	
93237667-9728-4cb0-850f-5f09a931c0b6	981	Sylvia Sherborne	F	F25-29	49	6:14:29	0:42:08	0:05:43	3:15:25	0:04:22	2:06:50	aus	
ba6d19ae-e98e-f011-b4cb-000d3a5c3d6c	982	Emilia Schmidt	F	F18-24	25	6:14:35	0:45:57	0:07:56	3:16:49	0:05:52	1:58:01	FI	
cbb15752-aec8-f011-bbd3-000d3a5b50ba	983	Kristine Løvenskiold	F	F40-44	18	6:14:39	0:58:49	0:13:08	3:00:34	0:06:44	1:55:24	NOR	
e1b4b0fb-f89d-f011-b41c-000d3a3173b5	984	Lare Lankinen	M	M30-34	130	6:14:40	0:36:52	0:08:41	3:15:24	0:05:43	2:08:00	EE	
216c2a62-148b-f011-b4cc-002248098cfa	985	Laurence Brenig-Jones	M	M40-44	94	6:14:45	0:39:04	0:08:48	3:10:04	0:06:27	2:10:22	FI	
6e9dafc0-6da7-eb11-b1ac-002248096c65	986	Vural Ulus	M	M45-49	80	6:14:50	0:47:06	0:14:38	2:57:03	0:12:14	2:03:49	TR	
d59f2d57-c207-4b85-9ea6-9a1e4c091ca7	987	Jarno Kalind	M	M50-54	48	6:14:52	0:47:43	0:10:13	2:49:19	0:05:09	2:22:28	EE	
3cae7d8e-ef99-f011-b4cc-6045bd05f634	988	Carl-Robert Kagge	M	M35-39	112	6:14:55	0:51:39	0:06:05	3:15:43	0:07:12	1:54:17	EST	
55d91020-13cb-f011-bbd3-6045bd09951e	989	Alo Landberg	M	M35-39	113	6:14:56	0:50:38	0:08:17	3:11:46	0:07:40	1:56:35	EST	
7a71d7eb-d0a4-f011-bbd2-6045bd026214	990	Iiris Hongisto	F	F25-29	50	6:15:15	0:42:21	0:07:21	3:15:07	0:04:56	2:05:30	FI	
4996b0f7-1394-4fd2-aabe-c714a1113629	991	Jaume Cànaves Navarro	M	M40-44	95	6:15:16	0:39:31	0:10:13	3:06:26	0:06:50	2:12:14	ES	
964a92d2-dbc4-40a6-8d37-7eea35aae9b7	992	Richard Hall	M	M55-59	39	6:15:20	0:42:04	0:06:40	3:08:42	0:05:25	2:12:29	GB	
046afb0f-54d3-ee11-9079-6045bd0158c4	993	Viktor Lander	M	M55-59	40	6:15:21	0:52:08	0:11:42	3:05:12	0:08:16	1:58:03	nor	
741089c0-2705-434e-9461-4b0f8bbd51e7	994	Maija Saanio	F	F40-44	19	6:15:24	0:46:14	0:07:34	3:09:44	0:06:52	2:05:00	FIN	
610be0aa-cacf-4a2b-8936-8b3f58093b2a	995	Andrej Kubašcík	M	M25-29	148	6:15:24	0:35:35	0:08:24	3:03:38	0:06:47	2:21:01	SVK	
8d75ea7d-6e19-f111-8341-002248081bd6	996	Rhys Wicke	M	M18-24	129	6:15:34	0:37:04	0:07:27	3:17:01	0:07:56	2:06:06	GBR	
00986a79-491a-f111-8341-0022480b35b6	997	Rasmus Kujala	M	M18-24	130	6:15:35	0:47:57	0:08:55	3:00:02	0:06:01	2:12:40	FIN	
84be70bc-3ce3-f011-8543-6045bd0921bf	998	Daniel Akgul	M	M18-24	131	6:15:35	0:38:33	0:08:28	3:10:32	0:07:07	2:10:56	gbr	
d8f85e0b-3424-4790-ba6e-2b11417c37a2	999	Natalja Kravtsova	F	F35-39	23	6:15:39	0:44:13	0:05:13	3:20:21	0:08:21	1:57:31	EE	
0d1532d6-1f50-f011-877a-000d3a5b50ba	1000	Aksel Suojoki	M	M25-29	149	6:15:42	0:38:03	0:05:06	3:29:11	0:03:57	1:59:24	FIN	
f8046c44-5e22-42c3-a39f-c22dede3a7f3	1001	Eliisabet Bremann	F	F18-24	26	6:15:43	0:47:22	0:07:50	3:25:35	0:04:24	1:50:32	EE	
f379929c-c35b-f111-bec7-0022480b35b6	1002	Jakub Kuc	M	M18-24	132	6:15:49	0:50:04	0:11:46	3:16:07	0:06:33	1:51:19	POL	
6d674db7-9013-48d9-afc0-e783f363fc60	1003	Ian Sullivan	M	M55-59	41	6:15:50	0:53:36	0:07:41	2:48:42	0:05:33	2:20:19	GB	
ca624f01-148b-f011-b4cc-6045bd05f634	1004	Lauri Mikola	M	M30-34	131	6:15:56	0:41:37	0:07:47	3:10:10	0:05:07	2:11:15	FI	
d2e9c77c-091e-f011-9989-6045bd09951e	1005	Luca Campaner	M	M30-34	132	6:16:15	0:51:41	0:07:09	2:51:29	0:05:39	2:20:16	ITA	
3e32e793-7286-f111-ab0e-70a8a5af2bd0	1006	Anu Kärner	F	F30-34	35	6:16:36	0:46:39	0:07:56	3:09:28	0:07:54	2:04:39	EST	
42023645-2fea-f011-8544-6045bd05f634	1007	ralfs cimermanis	M	M25-29	150	6:17:00	0:59:42	0:11:28	2:45:40	0:06:37	2:13:33	LVA	
f32dfcc0-bfb5-ef11-b8e8-6045bd088264	1008	Tom James	M	M30-34	133	6:17:01	0:46:26	0:07:57	3:09:55	0:04:59	2:07:43	United Kingdom	
4d78a9da-d18f-f011-b4cc-000d3a5b50ba	1009	Ehte Silma	F	F18-24	27	6:17:05	0:36:25	0:09:27	3:23:56	0:08:42	1:58:35	EE	
279a113d-d114-f111-8341-6045bd06566a	1010	Giedrius Pavalkis	M	M30-34	134	6:17:17	0:50:35	0:06:59	3:03:39	0:07:06	2:08:58	LTU	
e7868a35-5264-ef11-bfe3-6045bd0953ac	1011	Ülari Vooremäe	M	M35-39	114	6:17:27	0:50:14	0:05:21	3:16:37	0:05:33	1:59:43	est	
60c20792-6c68-ef11-bfe3-00224809fd7c	1012	Staf De Bie	M	M18-24	133	6:17:32	0:35:52	0:10:07	3:13:18	0:07:24	2:10:51	BE	
40153f06-dde4-f011-8544-6045bd09951e	1013	Ryan Carney	M	M25-29	151	6:17:34	0:43:21	0:07:59	3:09:19	0:06:12	2:10:43	GBR	
0c36d688-389d-ec11-b400-0022480c0bae	1014	Kirill Jasnov	M	M40-44	96	6:17:52	0:42:07	0:09:22	3:26:13	0:07:19	1:52:51	EST	
e2bb5d6f-9eb8-f011-bbd3-0022480a7385	1015	Niko Hernesniemi	M	M25-29	152	6:17:57	0:48:00	0:08:27	3:14:12	0:05:35	2:01:43	FIN	
88d818e4-cea9-f011-bbd3-6045bd09951e	1016	Alar Siemann	M	M50-54	49	6:18:03	0:44:56	0:13:03	3:05:10	0:07:50	2:07:04	EE	
55f490ad-1588-f011-b4cc-6045bd05fcc1	1017	Cameron Burrows	M	M30-34	135	6:18:16	1:04:52	0:06:31	3:01:18	0:04:13	2:01:21	gbr	
61e5f770-97e4-f011-8543-6045bd05fcc1	1018	Daniel Pickering	M	M30-34	136	6:18:28	0:45:19	0:10:30	3:22:29	0:07:14	1:52:55	GBR	
acd54d1f-977d-4f36-9dc0-5743432584f1	1019	Hendrik Pupkevic	M	M30-34	137	6:18:32	0:39:27	0:11:01	3:18:53	0:07:50	2:01:21	LT	
dad7fec5-b814-4313-8a3e-bf140ffacfd6	1020	Ates Ataseven	M	M50-54	50	6:18:34	0:39:26	0:08:01	3:06:04	0:07:14	2:17:49	TUR	
06c9610e-65b3-ef11-b8e8-000d3a5ae96c	1021	Ana Luiza Fernandes	F	F40-44	20	6:18:35	0:43:30	0:08:02	3:19:29	0:08:06	1:59:28	PT	
fe63dc82-4cf8-f011-8406-0022480994c2	1022	Markus-Oliver Tamm	M	M25-29	153	6:18:42	0:46:38	0:09:11	3:12:27	0:06:03	2:04:23	EST	
92e25293-f883-f011-b4cc-002248098cfa	1023	Oliver Arg	M	M30-34	138	6:18:52	0:40:53	0:08:30	3:17:15	0:05:39	2:06:35	EE	
3ddc2d59-50f1-f011-8407-0022480c097c	1024	Hene-Riin Männik	F	F40-44	21	6:18:53	0:44:51	0:08:29	3:13:51	0:10:39	2:01:03	EST	
75e08767-2fc2-f011-bbd3-6045bd09951e	1025	Ben Burns	M	M30-34	139	6:19:07	0:44:33	0:06:43	3:02:59	0:04:58	2:19:54	GBR	
e8e7e64c-429c-f011-b41c-6045bd05f634	1026	Karl Einar Ilves	M	M30-34	140	6:19:24	0:45:01	0:09:59	3:19:12	0:10:04	1:55:08	EST	
aa1d439c-0bfd-f011-8406-0022480b3ee9	1027	jelle Nodelijk	M	M18-24	134	6:19:27	0:52:20	0:05:33	3:10:16	0:03:57	2:07:21	NLD	
59a803fd-cef9-f011-8406-0022480b84a3	1028	Cillian Baker	M	M18-24	135	6:19:43	0:45:13	0:07:52	3:08:15	0:05:54	2:12:30	IRL	
6dea6d27-8874-f011-b4cc-6045bd05f634	1029	Riccardo Re	M	M45-49	81	6:19:51	0:45:31	0:09:13	3:07:04	0:06:28	2:11:35	ITA	
d42bb56d-1e4d-f111-bec6-002248046ec8	1030	Paula Blättermann	F	F18-24	28	6:20:23	0:52:58	0:06:53	3:27:08	0:05:51	1:47:33	DEU	
e5a1f174-e802-f111-8406-0022480a5755	1031	Carl-Johann Lindløf Værnes	M	M30-34	141	6:20:46	0:57:17	0:06:13	3:07:05	0:04:24	2:05:46	NOR	
c8c98660-d1dc-ef11-8eea-000d3a5ae96c	1032	Carlos Kuiv	M	M25-29	154	6:20:48	0:46:14	0:06:06	3:15:25	0:06:09	2:06:54	EE	
714befc8-d4ad-f011-bbd3-6045bd09951e	1033	Anu Lepistö	F	F50-54	12	6:20:48	0:45:51	0:06:23	3:17:40	0:05:58	2:04:56	FIN	
0d708a6b-761f-f111-8341-6045bd08b1a2	1034	Elad Bezalel	M	M30-34	142	6:20:53	0:58:44	0:12:45	3:04:42	0:12:31	1:52:11	isr	
c17b5d99-cb2c-f111-88b3-6045bd08b1a2	1035	Ance Sproge	F	F18-24	29	6:20:54	1:02:15	0:06:04	3:06:49	0:04:47	2:00:59	LVA	
46c95bc4-da8a-4436-8583-f7c2ee41f81a	1036	Martin Imms	M	M50-54	51	6:20:55	0:37:12	0:08:19	3:00:22	0:06:37	2:28:25	GB	
68831dc8-258a-ef11-ac21-000d3a338a3c	1037	Dmitry Kuranov	M	M50-54	52	6:20:55	0:39:46	0:15:22	3:14:50	0:12:33	1:58:25	GB	
6143a2fd-bab7-4b8a-a8b5-82d9f4dd8fc0	1038	Janar Vonk	M	M45-49	82	6:20:56	0:53:34	0:10:11	3:08:04	0:05:59	2:03:07	EE	
17e2b9cf-4656-4acb-9ba4-4fe9cbeb1c60	1039	Mait Kadarpik	M	M35-39	115	6:20:56	0:50:28	0:09:35	2:56:20	0:06:26	2:18:08	EE	
f03c27dc-f387-4ce8-a87f-758320d54dc3	1040	Dominique Machet	M	M55-59	42	6:21:22	0:39:59	0:10:46	3:30:08	0:07:38	1:52:52	fra	
46d5c101-38ca-f011-bbd3-000d3a3173b5	1041	Josh Kemp	M	M25-29	155	6:21:32	0:51:56	0:07:31	3:14:06	0:06:15	2:01:45	gbr	
fa8ce82f-046a-ef11-bfe3-000d3a30abde	1042	VICTOR VILLAFUERTE	M	M40-44	97	6:21:47	0:45:03	0:07:52	3:19:19	0:08:38	2:00:55	gbr	
226f03d2-40a9-f011-bbd3-000d3a5cf7d8	1043	Younes Hassouni	M	M25-29	156	6:21:59	0:50:02	0:12:08	3:26:25	0:03:59	1:49:25	FRA	
6058dbae-37a4-4d2b-af27-fd44c71ae281	1044	Jon Krebs	M	M30-34	143	6:22:00	0:40:39	0:08:21	3:08:37	0:08:19	2:16:04	NZL	
67bcde3e-b782-f011-b4cb-7ced8d705fa1	1045	Camilla Clausen	F	F25-29	51	6:22:14	0:51:40	0:05:37	3:20:05	0:04:53	1:59:59		
cb7ab507-e44a-f111-bec6-002248046451	1046	Natasha Williams	F	F30-34	36	6:22:17	0:44:23	0:06:35	3:34:43	0:05:34	1:51:02	gbr	
f0f97ca9-2242-f111-88b4-0022480b84a3	1047	Mark Timoshev	M	M25-29	157	6:22:26	0:47:09	0:08:59	3:17:52	0:06:11	2:02:14	EST	
ffe288f6-d4de-4594-b854-707d7e45cf2a	1048	Lilla Dr G Kovacs	F	F35-39	24	6:22:31	0:45:02	0:08:02	3:15:25	0:07:32	2:06:30	Hungary	
1a883990-f6ce-f011-bbd3-000d3a5b50ba	1049	Ryen Amirpashaie	M	M30-34	144	6:22:32	0:51:08	0:08:58	3:10:17	0:05:17	2:06:52	GBR	
b6642cd6-deaf-4f0a-8fa3-ed8c7c242880	1050	Jorge Herbert Mayerle	M	M70-74	1	6:22:47	0:36:56	0:12:28	3:21:44	0:10:01	2:01:38	BR	
42052b0a-d2dd-49be-a90c-5ff3736fb7f7	1051	Signe Uibo	F	F55-59	5	6:22:50	0:43:48	0:09:08	3:04:53	0:06:16	2:18:46	EE	
dbb0c0fe-fafe-f011-8406-002248046ec8	1052	Oliver Amphlett	M	M30-34	145	6:22:57	1:02:49	0:08:18	3:07:52	0:06:33	1:57:23	GBR	
457a2cc9-b5ca-f011-bbd3-000d3a5cf7d8	1053	Veera Emilia Tarkiainen	F	F25-29	52	6:22:57	0:46:24	0:09:24	3:30:29	0:04:00	1:52:40	FIN	
4ae8e67e-8b16-ef11-9f8a-000d3a322274	1054	Piotr Moszczak	M	M18-24	136	6:23:01	0:48:38	0:07:08	3:22:34	0:04:58	1:59:43	Poland	
34d0bf8c-dc9a-f011-b4cc-000d3a5cf7d8	1055	Henrik Räike	M	M25-29	158	6:23:06	1:00:08	0:07:08	3:12:28	0:03:15	2:00:07	FI	
1f44b0b0-9cee-ef11-9341-6045bd05400c	1056	Aleks Voynov	M	M18-24	137	6:23:22	0:45:34	0:09:21	3:21:56	0:08:07	1:58:24	FI	
5268027e-b7a3-f011-bbd3-000d3a5b50ba	1057	Elinor Hötling	F	F18-24	30	6:23:26	0:43:52	0:10:53	3:16:15	0:08:39	2:03:47		
586f0a48-6ac0-f011-bbd2-000d3a5b7c3b	1058	Raul Kotov	M	M60-64	14	6:23:27	0:43:55	0:15:12	2:33:05	0:14:17	2:36:57	EST	
bc48b3cb-597b-f011-b4cc-000d3a5b7c3b	1059	Elisabeth Zeller	F	F18-24	31	6:23:34	0:44:51	0:08:36	3:18:47	0:05:54	2:05:25	DE	
3b96e9ed-53dc-f011-8544-000d3a5b50ba	1060	Charles Prideaux	M	M25-29	159	6:23:34	0:51:45	0:08:11	3:15:25	0:09:45	1:58:28	GBR	
caaae3a6-4cca-f011-bbd3-000d3a5b7c3b	1061	Oisin Karakus	M	M18-24	138	6:23:35	0:45:13	0:05:46	3:12:28	0:05:36	2:14:32	IRL	
2548d1bf-4da5-f011-bbd3-6045bd05f634	1062	Emily Heron	F	F18-24	32	6:23:35	0:30:32	0:05:42	3:26:00	0:04:22	2:16:58	gbr	
66e43828-8efd-f011-8406-002248046ec8	1063	Keiu Oras	F	F30-34	37	6:23:40	0:57:22	0:06:40	3:12:27	0:04:24	2:02:47	EST	
b32e11f0-b91a-4fe3-b350-12d549338ceb	1064	Matiss Rostoks	M	M35-39	116	6:23:42	0:48:48	0:10:38	3:09:04	0:06:48	2:08:25	LV	
df661c81-908c-f011-b4cc-6045bd05fcc1	1065	Philip Cully	M	M30-34	146	6:23:43	0:39:10	0:07:03	3:11:52	0:05:32	2:20:07	GB	
22b26fd2-b9f7-41cc-ab96-31c9ac898b82	1066	Aleksei Trunin	M	M45-49	83	6:23:49	0:42:43	0:07:07	3:07:00	0:07:02	2:19:57	EST	
600daae1-1a79-f111-ab0f-0022480994c2	1067	Toni Vahevaara	M	M35-39	117	6:23:49	0:46:00	0:07:37	3:25:22	0:07:48	1:57:01	FIN	
4bfc8734-d929-4af5-8f62-1c5b4d477bfa	1068	Eva Steiger	F	F30-34	38	6:23:56	0:42:26	0:06:19	3:22:03	0:10:37	2:02:30	DE	
d780db2b-ff65-ef11-bfe3-00224808301f	1069	Sonja Kaur	F	F18-24	33	6:23:56	0:39:48	0:07:35	3:07:30	0:03:48	2:25:16	EST	
48919964-2651-f111-bec7-0022480b84a3	1070	Aneurin Clutton	M	M18-24	139	6:24:09	0:45:47	0:13:08	2:59:32	0:10:00	2:15:43	GBR	
dd880d00-5ca0-f011-b41c-000d3a3173b5	1071	Sergey Vorozhun	M	M50-54	53	6:24:14	0:45:47	0:07:52	3:19:02	0:09:23	2:02:10	EE	
3dde34d3-7ba7-f011-bbd3-000d3a5b50ba	1072	Igors Radions	M	M35-39	118	6:24:16	0:50:59	0:08:33	3:09:44	0:05:55	2:09:06	LVA	
dc797956-3684-f011-b4cc-000d3a3173b5	1073	Henri Lähteenmäki	M	M30-34	147	6:24:21	0:47:54	0:10:47	3:08:29	0:07:21	2:09:50	fin	
b384cb29-b39c-f111-b8dc-6045bd06566a	1074	Indrek Köster	M	M50-54	54	6:24:29	0:47:59	0:07:13	3:03:53	0:05:31	2:19:53	EST	
ebdea85e-a907-4450-9bc8-9d83677a5d71	1075	Martyna Piórkowska	F	F30-34	39	6:24:30	0:50:46	0:09:45	3:09:37	0:08:21	2:05:59	Poland	
c0869c71-317b-471c-8c3f-7b10e98b4066	1076	Janar Adler	M	M25-29	160	6:24:39	0:41:35	0:04:19	2:55:55	0:05:21	2:37:28	EE	
780568bb-05e8-f011-8544-000d3a5b50ba	1077	David Thormundsson	M	M18-24	140	6:24:41	0:49:06	0:10:53	3:09:19	0:09:18	2:06:05	ISL	
2b56db61-0010-f111-8406-0022480a5755	1078	Jan Campbell	F	F45-49	16	6:24:48	0:55:29	0:08:36	3:20:50	0:07:01	1:52:53	GBR	
8c40a69e-51ca-4d45-8885-1d44fcaebe69	1079	Lukas Guželis	M	M30-34	148	6:24:59	0:46:31	0:14:05	3:17:19	0:11:34	1:55:31	LT	
bcd140ac-3f3d-f111-88b3-6045bd08b1a2	1080	Gunnar Kanter	M	M35-39	119	6:25:24	0:46:50	0:07:24	3:17:16	0:07:20	2:06:34	EST	
8ba22b1c-40c2-4f7f-ab0c-a651e83317ec	1081	Roisin O'Brien	F	F30-34	40	6:25:27	0:34:17	0:05:23	3:36:24	0:04:42	2:04:42	NZ	
b8d7eb1b-9670-f111-ab0d-002248046ec8	1082	Claus-Kennerth Tikki	M	M25-29	161	6:25:32	0:46:55	0:08:01	3:06:56	0:11:09	2:12:32	est	
9b25e0f4-3601-f111-8406-0022480b1bd9	1083	Lukas Kazlovas	M	M25-29	162	6:25:53	0:52:50	0:05:18	3:07:31	0:05:58	2:14:16	LTU	
67fd3d83-950b-ef11-9f89-6045bd012ace	1084	Jaan Toomingas	M	M45-49	84	6:25:53	0:38:27	0:06:56	3:15:40	0:05:48	2:19:01	EE	
a5e6045a-916f-4cc6-b873-deae68f6d3ce	1085	Petri Pohjola	M	M45-49	85	6:25:55	0:41:52	0:08:45	3:23:52	0:08:06	2:03:21	fin	
2a0394f2-c410-f111-8406-6045bd07a55a	1086	Kaisa Olesk	F	F18-24	34	6:26:04	0:33:49	0:04:31	3:21:31	0:04:13	2:22:01	EST	
65ee3cd9-73cc-f011-bbd3-6045bd05fcc1	1087	MaryAnn O Connor	F	F35-39	25	6:26:05	0:52:04	0:07:15	3:24:10	0:07:44	1:54:52	IRL	
7bc10fa0-2969-ef11-bfe3-6045bd0953ac	1088	Hendrik Van Der Veen	M	M40-44	98	6:26:05	0:48:09	0:10:44	3:11:01	0:08:36	2:07:36	swe	
774b030f-dcc9-42f9-8700-e9fd036aec98	1089	Claire Pearson	F	F40-44	22	6:26:14	0:55:12	0:09:09	3:08:21	0:05:58	2:07:34	GB	
22cba22b-ea73-f111-ab0f-6045bd08b1a2	1090	Violetta Villanen	F	F25-29	53	6:26:14	0:41:41	0:04:48	3:14:48	0:07:46	2:17:11	EST	
1c9c2882-0c93-f011-b4cc-000d3a5b7c3b	1091	Sami Ukkonen	M	M25-29	163	6:26:20	0:45:35	0:07:07	3:21:31	0:05:26	2:06:40	FI	
90a0f6f8-02b6-4b85-b639-3fdc4e6465d5	1092	Jaana Jõgisuu	F	F40-44	23	6:26:30	0:57:44	0:08:12	3:23:27	0:07:47	1:49:19	EE	
e6f98ba1-50bf-f011-bbd3-002248098cfa	1093	Anna Guerrero	F	F25-29	54	6:26:38	0:49:08	0:07:19	3:30:17	0:05:01	1:54:54	NLD	
21d8085d-9b95-f111-8076-0022480994c2	1094	Clara johansen	F	F18-24	35	6:26:42	0:51:07	0:08:15	3:28:55	0:04:22	1:54:03	NOR	
01509229-0694-f011-b4cc-000d3a5b50ba	1095	Daniel Sahraee	M	M30-34	149	6:26:55	0:44:20	0:10:46	3:17:48	0:08:42	2:05:20	gbr	
a307c9c9-a3a6-f011-bbd3-000d3a5b7c3b	1096	Saana Miettinen	F	F30-34	41	6:27:08	0:45:02	0:05:06	3:13:58	0:04:56	2:18:06	FI	
b9295fb4-0c77-4c7b-89ae-3a2ba52e9052	1097	Annika Krinpus	F	F30-34	42	6:27:25	0:45:47	0:04:16	3:14:46	0:06:27	2:16:11	EE	
a8f3e040-ce00-f011-bae2-6045bd05f634	1098	Laura Tammik	F	F18-24	36	6:27:47	0:31:17	0:10:21	3:24:33	0:05:07	2:16:29	EE	
a1e6b46a-0884-f011-b4cc-000d3a5b7c3b	1099	Riin Salmu	F	F45-49	17	6:27:49	0:39:26	0:09:10	3:36:15	0:10:53	1:52:05	EE	
5cab633f-8329-45d2-a403-5768fdd7f2a6	1100	Evgeniia Karichkina	F	F40-44	24	6:27:50	0:51:13	0:10:57	3:23:22	0:05:55	1:56:22	EST	
fd066367-288f-457f-a01f-00fdcf18c1ad	1101	Roberto Nishikawa	M	M60-64	15	6:27:57	0:43:28	0:08:25	3:13:04	0:08:04	2:14:57	BR	
23766612-c709-f111-8406-0022480a5755	1102	Zigmars Gailans	M	M45-49	86	6:28:00	1:01:20	0:09:43	3:16:32	0:08:28	1:51:57	LVA	
7c2791da-6f86-f111-ab0f-0022480a5755	1103	Evgenii Nikiforov	M	M50-54	55	6:28:01	0:47:47	0:09:35	3:21:54	0:05:54	2:02:51	EST	
863a5d5d-cf00-44e0-80b5-5a68d2c812ff	1104	Mick Monaghan	M	M50-54	56	6:28:16	0:48:48	0:08:34	3:13:33	0:06:37	2:10:44	IE	
8c351327-c256-f111-bec7-6045bd08b1a2	1105	Dietmar Zuhlke	M	M50-54	57	6:28:24	0:41:49	0:09:37	3:25:38	0:05:47	2:05:33	DEU	
07b9b62f-2a05-f111-8406-0022480b35b6	1106	Stian Wollamo	M	M25-29	164	6:28:26	0:39:03	0:16:23	3:08:49	0:09:39	2:14:31	NOR	
c57c940f-4784-f011-b4cc-000d3a5cf7d8	1107	Tuomas Linden	M	M35-39	120	6:28:26	0:44:27	0:07:30	3:12:13	0:06:32	2:17:45	FI	
28034b87-8032-f111-88b3-0022480a5755	1108	EINAR GRÜNING	M	M40-44	99	6:28:27	0:48:40	0:07:02	3:11:29	0:07:56	2:13:21	EST	
c9e2b3ad-95c3-f011-bbd3-000d3a3173b5	1109	Naser Aljneibi	M	M25-29	165	6:28:31	0:43:41	0:07:39	3:26:40	0:06:36	2:03:54	ARE	
b236fba1-e434-f011-8c4e-000d3a5b7c3b	1110	Victor Quiquet	M	M25-29	166	6:28:32	0:45:09	0:09:36	3:25:20	0:05:50	2:02:36	fra	
9ee6632c-33e0-f011-8543-000d3a3b3ff7	1111	Viktor Den Broeder	M	M30-34	150	6:29:15	0:36:53	0:06:16	3:12:11	0:07:07	2:26:48	LUX	
3444471a-f07c-ef11-a670-000d3a338a3c	1112	Leea-Maria Lintunen-Torn	F	F30-34	43	6:29:27	0:46:46	0:07:29	3:15:58	0:07:59	2:11:15	FI	
6bf2982c-5490-411f-b46d-63b9fd4abe32	1113	Drew Willis	M	M35-39	121	6:29:34	0:36:20	0:04:03	4:12:55	0:05:30	1:30:46	usa	
74eef79b-0f04-f111-8406-0022480995bd	1114	Andres Reitsnik	M	M25-29	167	6:29:39	0:42:13	0:10:04	3:18:15	0:09:21	2:09:46	LVA	
205e462f-edeb-f011-8406-000d3a5cc316	1115	Lukas Šimkevičius	M	M25-29	168	6:29:42	0:44:42	0:08:38	3:07:31	0:07:01	2:21:50	LTU	
41e56d20-1f2e-4ef9-b5a8-fcaea9b259ce	1116	Kevin Rimington	M	M60-64	16	6:29:42	0:41:48	0:08:14	3:12:26	0:07:39	2:19:34	GB	
04bd0303-1734-4fa8-a8bf-09d63b1ed851	1117	Marko Koplimaa	M	M35-39	122	6:29:49	0:51:25	0:10:11	3:15:04	0:09:34	2:03:35	EE	
bea328fd-c2b2-f011-bbd3-000d3a3173b5	1118	Jinnie Lau	F	F25-29	55	6:29:52	0:39:28	0:07:54	3:36:55	0:05:52	1:59:44	GBR	
94cb6236-0c93-f011-b4cc-6045bd05fcc1	1119	Joni Vainikainen	M	M25-29	169	6:29:54	0:45:14	0:08:37	3:17:03	0:05:26	2:13:34	FI	
3a524138-6535-4f25-bf24-1a1cb0736779	1120	Siim Läänelaid	M	M45-49	87	6:29:54	0:46:04	0:08:39	3:15:05	0:07:13	2:12:53	EE	
23ba04a2-7678-f111-ab0f-6045bd06566a	1121	Martta Nikkari	F	F25-29	56	6:30:06	0:35:20	0:08:14	3:39:23	0:15:15	1:51:54	FIN	
5c3b04f9-360c-f111-8406-002248046ec8	1122	Märt Pilme	M	M35-39	123	6:30:11	0:43:17	0:08:31	3:30:44	0:07:59	1:59:41	est	
7b87cff0-bc5c-f011-bec2-000d3a5cf7d8	1123	Benjamin Taieb	F	M18-24	141	6:30:15	0:36:38	0:07:26	3:33:13	0:10:09	2:02:50	Unknown	
f3e02d46-57c1-ef11-b8e9-000d3a5a1803	1124	Elke Hestermann	F	F25-29	57	6:30:21	0:41:35	0:08:27	3:43:55	0:06:05	1:50:18	NL	
94542fea-4700-f111-8406-0022480b84a3	1125	Marten Maalt	M	M18-24	142	6:30:40	0:43:02	0:08:44	3:21:38	0:05:36	2:11:40	EST	
882d4307-e45c-4eab-8e06-ea9b76c157b5	1126	Kadri Kööp	F	F50-54	13	6:30:42	0:45:02	0:09:27	3:21:31	0:11:38	2:03:05	EE	
1aa5da3f-1729-f111-8341-0022480995bd	1127	George Olesen	M	M30-34	151	6:30:45	0:54:41	0:07:38	3:18:46	0:06:41	2:02:59	GBR	
e8fa6a00-4e78-f111-ab0f-0022480b88da	1128	Leticia Vaz Ortolan	F	F30-34	44	6:30:46	0:50:23	0:04:51	3:13:13	0:05:24	2:16:54	QAT	
174524fb-7644-f111-88b4-0022480b84a3	1129	Kenneth Ruut	M	M18-24	143	6:30:55	0:37:24	0:07:43	3:16:39	0:06:14	2:22:56	EST	
212d7102-4983-f011-b4cc-000d3a3173b5	1130	Bastien Telliez	M	M25-29	170	6:31:03	0:54:13	0:06:15	3:21:34	0:06:16	2:02:46		
632ff2e8-4dca-f011-bbd3-000d3a5b7c3b	1131	Antti Marttala	M	M45-49	88	6:31:12	0:36:37	0:09:51	3:13:46	0:09:36	2:21:22	swe	
0f7d7fba-952b-f111-88b3-0022480b84a3	1132	Thea Bastøe	F	F18-24	37	6:31:14	0:45:21	0:05:21	3:33:39	0:05:14	2:01:39	NOR	
619c3d49-a84c-f111-bec5-6045bd08b1a2	1133	Shane Galvin	M	M30-34	152	6:31:15	0:36:45	0:07:15	3:17:37	0:11:24	2:18:13	IRL	
596fd877-b3c3-479b-82a7-c79d4aea7460	1134	Oleg Dmitrijev	M	M40-44	100	6:31:58	0:43:10	0:09:07	3:12:01	0:06:31	2:21:10	EE	
f99c8557-cf09-49d1-844e-6c980ef7b311	1135	Pille Neider-Kuusalu	F	F50-54	14	6:32:09	0:43:39	0:07:21	3:17:14	0:05:50	2:18:04	EE	
80ae5222-e403-eb11-a813-00224808bb10	1136	Ingunn Eiriksdottir	F	F40-44	25	6:32:09	0:46:44	0:07:38	3:27:28	0:05:14	2:05:05	IE	
84ae42a0-e7ab-ef11-b8e8-6045bd088264	1137	Kaivar Kull	M	M35-39	124	6:32:10	0:52:04	0:09:27	3:03:28	0:05:46	2:21:25	EE	
6b16e04d-7e3d-f011-b4cc-000d3a5b50ba	1138	Deborah Burgess	F	F35-39	26	6:32:19	0:48:10	0:08:46	3:18:08	0:05:45	2:11:30	GB	
3d8c527e-5758-4ca1-b89f-a5dbf59c99bc	1139	Ashley Tucker	M	M50-54	58	6:32:26	0:40:44	0:07:25	3:26:37	0:07:13	2:10:27	gbr	
859d9dff-c794-f111-8075-70a8a5ae3197	1140	Elsa-Pauliine Palu	F	F18-24	38	6:32:30	0:44:17	0:06:24	3:22:44	0:07:32	2:11:33	EST	
c1c45077-0cfe-f011-8406-000d3a5aefc5	1141	Ernst Erich Varrak	M	M25-29	171	6:32:35	0:34:03	0:07:45	3:33:24	0:08:03	2:09:20	EST	
caac4af9-39f2-4af4-a8f6-5c1e1b336bf6	1142	Tapani Ojalainen	M	M70-74	2	6:32:42	0:52:22	0:07:51	3:01:35	0:06:40	2:24:14	fin	
09748851-29f4-4352-a903-df7fc48130bf	1143	Robert Lanigan	M	M60-64	17	6:33:01	0:42:00	0:11:29	3:12:40	0:07:36	2:19:17	IE	
e1995ab5-58fc-f011-8406-0022480a5755	1144	kasper kuusisto	M	M18-24	144	6:33:02	0:43:19	0:07:51	3:22:30	0:06:23	2:12:58	FIN	
5898582b-1aea-43c3-8f89-df4dce17b8dd	1145	Regina Getter Maajärv	F	F25-29	58	6:33:27	0:49:48	0:12:22	3:18:46	0:14:28	1:58:03	EST	
1fa750da-ac5e-f111-a826-6045bd06566a	1146	Eldar Mamlin	M	M40-44	101	6:33:46	0:53:24	0:07:38	3:20:47	0:05:18	2:06:38	KAZ	
931204f5-78e9-f011-8544-000d3a5b50ba	1147	Krista Jussila	F	F25-29	59	6:33:50	0:41:23	0:07:22	3:29:09	0:05:34	2:10:22	FIN	
7a2f5757-f7a4-476b-a3bb-18e55a7e9ab9	1148	Julia Kulikova	F	F40-44	26	6:33:52	0:49:10	0:10:59	3:30:20	0:05:51	1:57:32	EE	
6caa6cbe-1c04-f111-8406-0022480a5755	1149	Martin Ruprecht	M	M35-39	125	6:34:12	0:35:18	0:08:27	3:14:07	0:08:09	2:28:12	FIN	
bbc20e39-fd88-f011-b4cc-000d3a35ffc1	1150	Adam Birkett	M	M30-34	153	6:34:20	0:44:33	0:08:05	3:03:41	0:10:00	2:28:02	gbr	
4cb416db-6358-f111-bec7-002248046ec8	1151	Indrek Martin Kuusik	M	M18-24	145	6:34:22	0:44:04	0:06:58	3:22:03	0:08:10	2:13:07	EST	
17ed3896-87cd-4f9b-9036-ca42c178b4e2	1152	Elizabeth O’connor	F	F45-49	18	6:34:23	0:40:11	0:06:47	3:24:24	0:05:12	2:17:49	GB	
27f11654-bbc6-f011-bbd2-000d3a5b7c3b	1153	Britt RAUDSEPP	F	F18-24	39	6:34:37	0:24:48	0:05:27	3:17:30	0:05:31	2:41:20	EST	
cfb90027-0d84-f011-b4cc-000d3a5b50ba	1154	Ats Jõgi	M	M35-39	126	6:34:48	0:49:17	0:11:24	3:12:23	0:09:07	2:12:38	EE	
2cfea46e-28be-f011-bbd3-000d3a5cf7d8	1155	Anna Võsokovski	F	F18-24	40	6:34:51	0:34:55	0:05:20	3:26:40	0:03:49	2:24:06	EST	
514a84a2-7870-f111-ab0d-002248046451	1156	Petr Janousek	M	M25-29	172	6:34:51	0:43:30	0:08:49	3:20:12	0:09:23	2:12:58	CZE	
2cd248ac-32a1-f011-bbd3-000d3a5cf7d8	1157	Edel Mullen	F	F30-34	45	6:34:52	0:44:10	0:07:21	3:15:13	0:06:17	2:21:51	IE	
a1933fae-976f-ef11-a671-6045bd0953ac	1158	Tarmo Sults	M	M55-59	43	6:35:01	0:49:03	0:07:55	3:23:25	0:08:37	2:06:00	EE	
f37b4d8c-2487-f011-b4cc-0022480a7385	1159	Hanna Kübard	F	F18-24	41	6:35:17	0:41:07	0:06:52	3:27:13	0:05:28	2:14:38	EE	
687b27b2-fe83-f011-b4cc-000d3a5cf7d8	1160	Susanna Käppi	F	F30-34	46	6:35:25	0:51:19	0:06:49	3:36:18	0:06:16	1:54:41	FI	
75b4b5a9-57c5-f011-bbd3-000d3a3173b5	1161	Aurelie Liu	F	F25-29	60	6:35:28	0:42:03	0:06:51	3:20:12	0:06:05	2:20:16	HKG	
aa8ef831-c14d-f111-bec5-6045bd08b1a2	1162	Daniel Märtson	M	M25-29	173	6:35:29	0:53:56	0:08:57	3:20:06	0:09:13	2:03:16	EST	
90a7b3ad-99da-4780-bf5f-ed4f73ec747a	1163	Kristiina Piipuu	F	F40-44	27	6:35:35	0:37:22	0:06:54	3:23:51	0:07:59	2:19:28	EE	
a8e765b1-6fff-4f7f-a6bf-50791baec3cc	1164	Helge Alt	F	F55-59	6	6:35:42	0:53:23	0:06:56	3:07:56	0:05:28	2:21:59	EE	
9512cb79-50ae-ef11-b8e9-000d3a5a1803	1165	Emma Greer	F	F25-29	61	6:35:59	0:44:28	0:04:56	3:21:24	0:06:05	2:19:06	gbr	
5d990123-ec28-f111-8341-0022480b35b6	1166	Felix Oltmanns	M	M35-39	127	6:36:05	0:48:22	0:08:00	3:16:49	0:05:20	2:17:35	DEU	
92f03d6d-54a3-f011-bbd3-6045bd05fcc1	1167	Indigo Sagoo	F	F18-24	42	6:36:15	0:43:27	0:07:36	3:48:55	0:07:06	1:49:10	GB	
20cdf330-21a2-f011-bbd3-000d3a35ffc1	1168	Artjoms Kovalevskis	M	M45-49	89	6:36:20	0:39:25	0:09:29	3:38:07	0:07:13	2:02:07	LVA	
4931ac40-e8ee-f011-8407-6045bd04a162	1169	Thomas Hansen	M	M30-34	154	6:36:28	0:37:57	0:05:39	3:28:03	0:07:51	2:16:58	GBR	
5a06773a-8e7b-4ed5-b29b-27597735f4cb	1170	Nathalie Lillkaas	F	F30-34	47	6:36:31	0:42:52	0:13:20	3:17:07	0:09:51	2:13:22	Sweden	
ee69ac83-70d3-4b6f-bd4a-e1b9c4c58b89	1171	Karen Phillips	F	F60-64	1	6:36:50	0:44:51	0:07:37	3:34:26	0:06:29	2:03:27	GBR	
bf340dfb-5209-4822-ab6b-ad7d471a9277	1172	Jayne Ackroyd	F	F60-64	2	6:36:59	0:45:00	0:09:24	3:20:53	0:07:20	2:14:21	gbr	
5f211b66-10d4-f011-8544-000d3a5b7c3b	1173	Robertas Jodka	M	M25-29	174	6:37:02	0:41:15	0:06:10	3:33:05	0:03:55	2:12:36	LTU	
48ffe5b1-596e-f111-ab0c-000d3a32654e	1174	Ryan Spiegel	M	M18-24	146	6:37:46	0:46:24	0:06:28	3:33:50	0:08:04	2:02:59	USA	
953f69a1-ac3f-f111-88b3-7ced8d6e9c39	1175	Kevins Pētersons		M18-24	147	6:37:47	0:47:44	0:12:40	3:34:29	0:07:17	1:55:37	LVA	
d16c85e1-7fb7-f011-bbd3-000d3a5b50ba	1176	Rachel Seymour-Newton	F	F25-29	62	6:37:47	0:49:46	0:08:51	3:28:31	0:05:37	2:05:02	GBR	
59a4132e-b4a3-f011-bbd2-000d3a595e1f	1177	Liv Martin	F	F30-34	48	6:37:48	0:48:43	0:05:33	3:25:24	0:06:35	2:11:32	GB	
5f8ac9a7-ec83-f011-b4cc-000d3a3173b5	1178	Martin Riives	M	M25-29	175	6:37:53	0:38:12	0:08:55	3:43:47	0:07:35	1:59:24	EE	
2143c1ed-39c7-48d7-8d39-af0867abfa8f	1179	Toby Amphlett	M	M30-34	155	6:37:59	0:59:39	0:10:30	3:25:43	0:10:23	1:51:43	GB	
f4a957b4-8c82-f011-b4cc-6045bd09951e	1180	Ingo Reiljan	M	M25-29	176	6:38:00	0:55:52	0:10:59	3:24:24	0:07:00	1:59:45	EE	
15538761-346e-f011-bec2-002248098cfa	1181	Jako Kilter		M45-49	90	6:38:01	0:44:42	0:07:02	3:16:00	0:05:17	2:24:59	EE	
0ff63515-6665-ef11-bfe3-000d3a371e3b	1182	Eevastiina Tuusa	F	F18-24	43	6:38:35	0:44:11	0:08:04	3:25:40	0:08:35	2:12:06	FIN	
ca724024-1f84-f011-b4cc-000d3a5cf7d8	1183	Helen Ennok	F	F25-29	63	6:38:36	0:46:22	0:09:58	3:25:46	0:06:03	2:10:26	EST	
30a09563-dd38-f011-8c4e-000d3a5cf7d8	1184	Ricardo Figueira	M	M35-39	128	6:38:37	0:51:02	0:16:29	3:11:54	0:09:22	2:09:50	NO	
e1dc354b-ea1c-4309-81f7-ddd231e094f4	1185	Liilian Jaaniste	F	F35-39	27	6:39:05	0:36:34	0:11:35	3:20:16	0:10:19	2:20:22	EST	
b0ead853-3ea7-f011-bbd3-000d3a3173b5	1186	Denise Leusink	F	F25-29	64	6:39:07	0:43:32	0:11:27	3:27:18	0:06:18	2:10:32	NL	
0cbaa566-396b-f111-ab0b-6045bd0147b2	1187	Walter Bachmann	M	M25-29	177	6:39:12	0:44:33	0:09:31	3:28:53	0:09:54	2:06:22	FIN	
e8bdea0d-3f37-f111-88b3-000d3a34d35b	1188	Jan Netolicka	M	M18-24	148	6:39:14	0:50:48	0:10:06	3:20:52	0:05:42	2:11:46	CZE	
1198134f-2f83-f011-b4cc-0022480a7385	1189	Sandra Lannes	F	F25-29	65	6:39:27	0:41:50	0:06:55	3:32:33	0:04:28	2:13:41	EE	
d859a757-5f16-42fd-9e9f-b4ffd047a6b1	1190	Vishesh Madan	M	M30-34	156	6:39:40	0:44:14	0:07:27	3:22:15	0:08:04	2:17:40	IN	
92fff03f-4045-f111-88b3-6045bd08b1a2	1191	Sean Coughlan	M	M30-34	157	6:39:46	0:45:17	0:09:04	3:14:52	0:04:52	2:25:41	IRL	
e6cbe23d-cd27-4f77-baf1-a7b5e0a7cca8	1192	Veronica Lara	F	F35-39	28	6:39:50	0:44:21	0:08:03	3:17:57	0:07:33	2:21:56	MX	
6cb82457-9592-467e-893e-58452700cc51	1193	Vitali Nikolajev	M	M30-34	158	6:39:51	0:46:34	0:10:59	3:35:24	0:08:00	1:58:54	EE	
6cb2e32c-732c-f111-88b3-0022480b35b6	1194	Maximilian Appel	M	M18-24	149	6:39:53	0:47:28	0:08:21	3:20:46	0:10:38	2:12:39	DEU	
c1d9e3c1-d01a-4c04-a708-f67e90d974b6	1195	Peter Berg	M	M45-49	91	6:40:01	0:40:27	0:07:28	3:19:26	0:08:28	2:24:12	swe	
3b3a1338-dd8f-f011-b4cc-000d3a5cf7d8	1196	Dāvis Krūmiņš	M	M25-29	178	6:40:19	1:03:09	0:07:33	3:28:28	0:09:10	1:51:59	EE	
26b08c5b-ceb7-f011-bbd3-000d3a3173b5	1197	WILLIAM RIMINGTON	M	M25-29	179	6:40:20	0:46:05	0:09:09	3:26:04	0:06:29	2:12:32	GBR	
a95e7d1a-d009-f111-8406-6045bd06566a	1198	Sascha Huber	M	M25-29	180	6:40:24	0:52:45	0:13:03	2:58:30	0:09:34	2:26:31	CHE	
a3e3025c-13f5-f011-8406-0022480a5755	1199	Tīna Nulle	F	F25-29	66	6:40:36	0:42:59	0:06:50	3:35:54	0:05:13	2:09:40	LVA	
e32e5fb9-5e87-f011-b4cc-6045bd09951e	1200	Maarika Kirikmäe	F	F40-44	28	6:40:49	0:44:40	0:15:37	3:22:58	0:09:30	2:08:04	est	
30a60d01-1984-f011-b4cc-000d3a3173b5	1201	Melina Auramo	F	F25-29	67	6:40:50	0:46:31	0:05:47	3:38:03	0:04:43	2:05:46	fin	
9e87143b-42ce-f011-bbd2-000d3a5b5fc7	1202	Selina Schwegler	F	F35-39	29	6:40:56	0:45:56	0:06:31	3:19:25	0:09:11	2:19:52	CHE	
105169cc-6fc8-f011-bbd3-000d3a3173b5	1203	Sonja Korpela	F	F30-34	49	6:40:59	0:45:29	0:05:42	3:42:13	0:05:16	2:02:20	FIN	
7d3c0549-6ec7-f011-bbd3-000d3a3173b5	1204	Markus Selin	M	M50-54	59	6:41:03	0:47:13	0:11:01	3:19:36	0:12:04	2:11:09	FIN	
0c5df228-9318-457b-bb1f-0083cf3c474e	1205	Tanel Väli	M	M45-49	92	6:41:04	0:41:33	0:10:02	3:36:14	0:10:23	2:02:53	EST	
7f34591a-38ed-f011-8544-00224805e61c	1206	Susanna Karvonen	F	F40-44	29	6:41:05	0:45:17	0:14:55	3:20:06	0:10:50	2:09:56	FIN	
2d0c5c52-2d75-ef11-a670-6045bd05c1dc	1207	Michael Thorley	M	M60-64	18	6:41:22	0:46:36	0:10:22	3:46:10	0:07:44	1:50:31	GBR	
d1eeb59b-2c84-f111-ab0f-7ced8d70a81a	1208	Kaupo Kirs	M	M45-49	93	6:41:25	0:49:46	0:08:30	3:22:56	0:09:21	2:10:54	EST	
9efdc5f7-4a2f-f111-88b3-0022480b88da	1209	Boone Burton	M	M18-24	150	6:41:32	0:38:24	0:07:12	3:29:45	0:02:39	2:23:32	USA	
85c92fa4-00fd-f011-8406-0022480994c2	1210	Michal Krajcovic	M	M35-39	129	6:41:36	1:02:12	0:08:09	3:15:09	0:08:21	2:07:45	SVK	
5cc84228-1b84-f011-b4cc-000d3a5b50ba	1211	Ingeborg Moegster	F	F18-24	44	6:41:47	1:08:00	0:05:00	3:17:02	0:04:58	2:06:47	NO	
2f57fa88-c9c6-ef11-b8e9-002248049fdc	1212	Franco Bonavento	M	M30-34	159	6:41:49	0:54:30	0:08:26	3:36:39	0:06:36	1:55:38	GBR	
a0c8a19e-701d-4f27-8ba9-990210b07c9d	1213	Kirsti Priivits	F	F40-44	30	6:41:49	0:42:18	0:13:00	3:25:29	0:05:31	2:15:31	EE	
c893d7b3-0662-ef11-bfe3-000d3a37be46	1214	Erlend Kanarbik	M	M30-34	160	6:42:17	1:07:23	0:07:21	3:03:44	0:07:35	2:16:14	EST	
82d75eab-8841-45f0-9308-455b59ba8a3e	1215	Eike Laas	F	F45-49	19	6:42:25	0:47:40	0:06:16	3:36:42	0:10:20	2:01:26	EE	
3dd7e12e-555f-f011-bec3-000d3a3173b5	1216	Antonios Kounias	M	M35-39	130	6:42:33	0:45:16	0:08:29	3:22:42	0:05:58	2:20:09	GRC	
e2663c00-061b-ee11-8f6e-000d3a314d17	1217	Navot Akiva	M	M50-54	60	6:42:42	0:49:37	0:12:28	3:26:39	0:09:21	2:04:37	IL	
9e2d630b-1a34-f111-88b4-0022480b3ee9	1218	Atus Biekša	M	M18-24	151	6:42:53	0:44:07	0:13:26	3:30:57	0:09:56	2:04:27	EST	
d9dc3af9-74be-f011-bbd3-6045bd05f634	1219	João Costa	M	M30-34	161	6:42:58	0:45:15	0:10:21	3:21:18	0:08:24	2:17:41	PRT	
620a0bf2-83d2-ef11-8eea-000d3a5a1803	1220	Jelena Ööpik	F	F40-44	31	6:43:08	0:40:11	0:07:50	3:34:50	0:08:11	2:12:06	GB	
dfd2761b-2125-f111-8341-0022480b88da	1221	Kristjan Tõnisson	M	M50-54	61	6:43:10	0:38:49	0:08:19	3:31:01	0:09:34	2:15:27	EST	
483bb6b0-3b1d-f111-8341-0022480994c2	1222	Katariina Krüger	F	F18-24	45	6:43:12	0:52:46	0:06:22	3:34:15	0:07:08	2:02:41	EST	
26c40626-df97-ef11-8a6a-000d3a338a3c	1223	Thomas Scallon	M	M30-34	162	6:43:12	0:56:49	0:13:56	3:10:38	0:11:28	2:10:22	US	
47edbf09-51c8-f011-bbd3-000d3a5b50ba	1224	Laura Korjus	F	F30-34	50	6:43:13	0:41:05	0:08:00	3:34:05	0:05:52	2:14:11	EST	
053a59d3-079a-f011-b4cc-000d3a5cf7d8	1225	Camille Fougere	F	F25-29	68	6:43:17	0:44:47	0:06:48	3:24:39	0:06:22	2:20:42	gbr	
e7eed99d-5641-f011-b4cb-6045bd05fcc1	1226	Sami Aiho	M	M50-54	62	6:43:17	0:42:13	0:08:44	3:06:56	0:07:59	2:37:25	FI	
2682f5ad-a4b4-f011-bbd3-6045bd05f634	1227	Lauri Teorein	M	M50-54	63	6:43:21	0:40:48	0:13:09	3:20:08	0:11:03	2:18:13	EST	
ebea9724-a2da-49f6-bd67-46ff3b445df4	1228	Liina Hallist	F	F40-44	32	6:43:27	1:01:00	0:07:56	3:14:08	0:07:25	2:12:58	est	
70d6019f-ab84-f011-b4cc-000d3a5cf7d8	1229	Karmen Kaevats	F	F30-34	51	6:43:35	0:44:26	0:09:26	3:28:45	0:05:58	2:15:00	EE	
c7b7f970-0def-f011-8407-0022480c097c	1230	Johnny Chehade	M	M55-59	44	6:43:38	0:46:07	0:09:27	3:21:44	0:10:06	2:16:13	lbn	
8896802c-ae8b-f011-b4cc-000d3a5b7c3b	1231	Henna Vuolle-Apiala	F	F45-49	20	6:44:19	0:42:15	0:06:27	3:04:52	0:06:01	2:44:44	FI	
6b38cb40-55d0-f011-bbd3-6045bd09951e	1232	Aleksi Lonka	M	M25-29	181	6:44:22	0:41:26	0:07:54	3:21:24	0:05:23	2:28:15	FIN	
3c8baa2b-a709-f111-8406-0022480b84a3	1233	Sander Janssens	M	M25-29	182	6:44:22	0:43:20	0:14:36	3:23:44	0:10:24	2:12:18	BEL	
438cb121-c2d2-f011-8544-000d3a5b50ba	1234	Gergely Simon	M	M35-39	131	6:44:54	0:42:30	0:12:34	3:28:57	0:11:47	2:09:07	GBR	
d543e231-92c8-f011-bbd3-6045bd05fcc1	1235	Daiga Rudzite	F	F30-34	52	6:45:08	0:50:00	0:10:58	3:47:46	0:07:23	1:49:01	LVA	
6b65d98a-ef9f-f011-b41c-000d3a5b7c3b	1236	Aaron Runnacles		M35-39	132	6:45:18	0:51:51	0:09:42	3:18:10	0:08:01	2:17:32	GBR	
3401cd73-fd08-f111-8406-0022480b35b6	1237	Mila Nevalainen	F	F18-24	46	6:45:21	0:40:20	0:04:40	3:49:04	0:03:13	2:08:04	FIN	
8662c138-d6d2-f011-8544-000d3a35ffc1	1238	Zbigniew Wacirz	M	M55-59	45	6:45:22	0:51:47	0:07:55	3:19:01	0:08:12	2:18:27	POL	
7ef25c7b-a082-f111-ab0f-70a8a5ae8eaa	1239	Mantas Ramanauskas	M	M35-39	133	6:45:55	0:45:35	0:08:34	3:29:42	0:06:49	2:15:15	LTU	
66578f66-bef0-f011-8407-6045bd015e4c	1240	Charlie Saul-garner	M	M30-34	163	6:46:06	0:41:05	0:09:41	3:31:16	0:08:55	2:15:08	gbr	
037651fa-b769-ef11-bfe3-000d3a37be46	1241	Emil Wagenstein	M	M40-44	102	6:46:11	0:39:48	0:06:50	3:27:59	0:07:48	2:23:47	BG	
b0518af3-15f3-f011-8407-0022480a3d1e	1242	Gertrud Vildak	F	F35-39	30	6:46:15	0:44:36	0:09:03	3:27:52	0:10:23	2:14:21	EST	
d21b0877-a687-ee11-8179-000d3a314ae2	1243	Tambet Hintser	M	M50-54	64	6:46:16	0:44:19	0:08:07	3:16:35	0:07:20	2:29:55	FIN	
5e3ae616-8fc4-4ae6-941a-0b369932a520	1244	Andres Kutsar	M	M40-44	103	6:46:18	0:45:12	0:13:56	3:20:07	0:09:57	2:17:04	EE	
08581de7-187e-f011-b4cc-000d3a5cf7d8	1245	Nalani Verhoeven	F	F18-24	47	6:46:26	0:38:49	0:04:33	3:47:24	0:08:06	2:07:34	che	
c8b99b1c-a709-f111-8406-002248046ec8	1246	Mattice Fardeau	M	M18-24	152	6:46:40	0:47:09	0:15:03	3:17:33	0:08:35	2:18:20	BEL	
b2a6effb-2497-f011-b4cc-000d3a5cf7d8	1247	Lauri Nieminen	M	M30-34	164	6:46:51	0:43:17	0:13:21	3:15:40	0:08:46	2:25:47	FI	
e258a9ab-4245-f111-88b4-002248081bd6	1248	Richard Veltri	M	M35-39	134	6:48:07	0:47:16	0:13:20	3:30:29	0:11:01	2:06:02	EST	
0fe118b1-8e02-4f1e-8e76-361636319adc	1249	Sven Nuter-Tammin	M	M40-44	104	6:48:13	0:45:12	0:08:40	3:18:22	0:06:16	2:29:43	EE	
74b8b1a1-43bd-f011-bbd3-0022480b33c8	1250	Anne Liljestrand		F40-44	33	6:48:16	0:46:44	0:09:07	3:43:03	0:10:05	1:59:17	FIN	
7bae4ff4-fc8f-f011-b4cc-000d3a35ffc1	1251	Georgijs Dobrovolskis	M	F40-44	34	6:48:19	0:51:38	0:07:21	3:35:47	0:06:08	2:07:24	LV	
2a4e40b2-7e52-ef11-a317-6045bd0953ac	1252	Gabriel Imhof	M	M25-29	183	6:48:32	0:48:54	0:06:58	3:04:05	0:09:03	2:39:31	che	
a5f2dc38-9d9f-f011-b41c-000d3a5b50ba	1253	Satu Leppälä	F	F40-44	35	6:49:00	0:51:10	0:09:01	3:11:07	0:07:34	2:30:08	FIN	
0e48740a-0eda-f011-8544-000d3a5b7c3b	1254	Ivan Chan	M	M18-24	153	6:49:09	0:47:21	0:06:58	3:20:16	0:09:56	2:24:38	NLD	
13efcb66-6c07-f111-8406-000d3a3492af	1255	Sébastien Bernard	F	M25-29	184	6:49:13	0:47:58	0:12:14	3:28:13	0:08:10	2:12:39	Unknown	
b318391e-f0b0-f011-bbd3-000d3a5b50ba	1256	Maiju Hyvönen	F	F18-24	48	6:49:14	0:35:33	0:05:50	3:19:47	0:05:10	2:42:54	FIN	
570a9e27-0b93-f011-b4cb-7ced8d710867	1257	Andrei Grubianov	M	M25-29	185	6:49:20	0:40:57	0:11:49	2:57:45	0:06:15	2:52:33	FI	
da58680b-5bfe-ed11-8f6e-000d3a314d17	1258	Diana Santelia	F	F50-54	15	6:49:25	0:46:16	0:12:54	3:25:09	0:09:28	2:15:39	che	
f47e8e8a-cff1-4941-be26-5fc7c3fd1da4	1259	Bert Depla	M	M50-54	65	6:49:36	0:43:46	0:12:21	3:12:45	0:12:10	2:28:34	IRL	
e1d77a44-312c-f111-88b3-6045bd07f8c7	1260	Hans Oliver Vuks	M	M18-24	154	6:49:42	0:43:33	0:10:58	3:29:06	0:09:17	2:16:48	EST	
0e187240-124b-f111-bec6-0022480b84a3	1261	Marie Rousset	F	F18-24	49	6:50:12	0:54:47	0:11:44	3:35:28	0:08:04	2:00:09	FRA	
03a34f4d-b467-456e-b462-cff50b635591	1262	Richard Harrison	M	M50-54	66	6:50:19	0:53:10	0:08:32	2:57:42	0:10:30	2:40:24	GB	
2d7d212e-3399-f011-b4cc-000d3a5b50ba	1263	Carlo Scicluna	M	M45-49	94	6:50:30	1:08:19	0:08:35	3:28:24	0:08:15	1:56:57	MLT	
a25149ea-59ad-475e-aecd-5b967c345887	1264	Kristjan Liimand	M	M35-39	135	6:50:30	0:39:42	0:07:37	3:12:57	0:06:21	2:43:54	EE	
2af651a7-a4a2-f011-bbd3-000d3a35ffc1	1265	Nick Hopkins	M	M35-39	136	6:50:31	0:51:52	0:07:20	3:14:16	0:07:11	2:29:53	GBR	
283a9063-4229-f111-88b3-6045bd08781f	1266	Mari-Liis Kalmus	F	F35-39	31	6:50:37	0:57:03	0:08:42	3:26:08	0:08:08	2:10:37	EST	
19c0d72c-4087-f011-b4cc-6045bd05f634	1267	Siim Vilumets	M	M35-39	137	6:50:43	0:47:07	0:10:15	3:31:45	0:07:44	2:13:51	EE	
31b7d324-c408-f011-bae2-000d3a35ffc1	1268	Reelika Ollissaar	F	F40-44	36	6:50:44	0:51:13	0:07:45	3:28:09	0:11:35	2:12:01	EE	
e6d811a5-bd58-f011-877a-000d3a5b7c3b	1269	Katriin Ever	F	F35-39	32	6:50:45	0:58:35	0:08:58	3:41:14	0:06:11	1:55:46	EE	
a79ba34f-b8b7-4ab3-8ec1-d703ff68c504	1270	Daniel Manor	M	M65-69	4	6:51:36	0:47:16	0:14:22	3:17:22	0:11:27	2:21:09	ISR	
5ab6b220-2ba9-f011-bbd3-6045bd05fcc1	1271	Dee O'Reilly Kennedy	F	F60-64	3	6:51:44	0:42:35	0:06:00	3:27:49	0:05:56	2:29:24	IE	
6ca7444c-8d91-f111-8077-0022480994c2	1272	Philip Mattsson	M	M30-34	165	6:51:53	0:54:44	0:09:17	3:21:37	0:07:25	2:18:50	FIN	
0f6c49d9-3a54-f111-bec7-002248046ec8	1273	Martha Dillon	F	F35-39	33	6:51:54	0:43:32	0:06:57	3:37:48	0:05:06	2:18:31	GBR	
d05c3923-48a8-f011-bbd3-000d3a5b7c3b	1274	Casper Carlsen	M	M45-49	95	6:51:59	0:47:47	0:10:14	3:40:51	0:07:18	2:05:49	dnk	
e806bbbe-9f60-f111-a826-0022480b88da	1275	Merike Annuk	F	F45-49	21	6:52:10	0:47:15	0:10:32	3:47:19	0:10:38	1:56:26	EST	
d371e24a-af77-f011-b4cc-6045bd09951e	1276	Mari Andersson	F	F45-49	22	6:52:12	0:54:20	0:10:12	3:33:39	0:07:40	2:06:21	FI	
03e89785-81ab-f011-bbd3-000d3a3173b5	1277	Emilia Cottignoli	F	F25-29	69	6:52:14	0:45:06	0:07:17	3:22:57	0:06:04	2:30:51	usa	
ab94c2b0-0377-ea11-a811-000d3a5a1cf8	1278	Niklas Liljestrand		M40-44	105	6:52:15	0:41:25	0:14:44	3:36:39	0:12:15	2:07:12	FIN	
577d6096-991b-f111-8341-6045bd0636f5	1279	Hannah Burnett	F	F25-29	70	6:52:25	0:47:33	0:09:17	3:45:59	0:07:09	2:02:26	GBR	
9093cda2-ccc2-f011-bbd2-000d3a5977c7	1280	Laura Tenkilä		F30-34	53	6:52:32	0:44:30	0:11:46	3:42:07	0:08:48	2:05:22	FIN	
a5ae78bc-f863-f011-bec2-000d3a5b7c3b	1281	Matthew Griffin	M	M30-34	166	6:52:42	0:51:57	0:09:23	3:23:24	0:06:24	2:21:35	FIN	
e7d15a21-c00c-ed11-82e5-002248040dc2	1282	Krete Auser	F	F25-29	71	6:52:50	0:41:12	0:05:56	3:22:06	0:03:48	2:39:49	EE	
814b127a-1c0c-46ee-927e-27c4dccae2ca	1283	Anna Voynova	F	F25-29	72	6:52:52	0:47:02	0:07:30	3:36:51	0:07:14	2:14:14	AU	
ca028b48-cc0c-437f-b7fd-19ccf12fea2c	1284	Sharon Shields	F	F55-59	7	6:53:02	0:47:02	0:08:48	3:34:24	0:08:36	2:14:13	GB	
067a28ac-0769-f111-a826-0022480b84a3	1285	Jenna Summa	F	F25-29	73	6:53:04	0:47:04	0:08:19	3:31:53	0:04:45	2:21:03	FIN	
b38f1ed4-84ee-47e0-9a3f-a1851322e29c	1286	Mohsin Al Salim	M	M40-44	106	6:53:11	1:00:09	0:05:51	3:08:53	0:04:30	2:33:49	sau	
1b0c5971-7f70-4af9-a51a-0676b183e9f1	1287	Daniel Horton	M	M45-49	96	6:53:18	0:45:45	0:10:37	3:22:31	0:09:40	2:24:45	US	
6966eccb-67f4-4abc-957c-3e4839e45ad5	1288	Miina Sirviö	F	F25-29	74	6:53:26	0:47:50	0:09:34	3:27:15	0:08:22	2:20:26	fin	
5daa290a-ff10-f111-8406-000d3a355e28	1289	Brigitta Perlmann	F	F25-29	75	6:53:31	0:59:17	0:09:09	3:38:15	0:05:20	2:01:29	EST	
9f3efa8b-d7d4-4be4-9517-3293166eb2e6	1290	Dawn Rahman	F	F50-54	16	6:53:31	0:38:12	0:10:40	3:35:44	0:11:11	2:17:44	GB	
724c337d-c0d0-ef11-8eea-000d3a5a1803	1291	Samuel Hands-Monaghan	M	M25-29	186	6:53:42	1:03:23	0:08:00	3:33:11	0:05:20	2:03:48	GBR	
0ac45361-ae98-4537-ab57-5eb4d0d2a468	1292	Helen Alter	F	F40-44	37	6:53:54	0:45:02	0:09:24	3:38:40	0:06:54	2:13:55	EE	
52f23d4f-2529-f111-8341-0022480b35b6	1293	Aleksandr Kaijalainen	M	M40-44	107	6:53:54	0:42:50	0:08:44	3:41:36	0:08:31	2:12:13	FIN	
b309f01c-29a1-f011-bbd3-000d3a5cf7d8	1294	Ciara Murphy	F	F35-39	34	6:53:55	0:52:04	0:08:49	3:32:53	0:08:18	2:11:52	IE	
b2375248-651a-f111-8341-0022480a5755	1295	Hallie Griffin	F	F25-29	76	6:54:22	0:47:19	0:05:29	3:46:31	0:04:24	2:10:38	GBR	
e16e83fa-bc82-f011-b4cc-000d3a5b7c3b	1296	Sarah Lannes	F	F25-29	77	6:54:24	0:42:56	0:07:45	3:39:18	0:04:28	2:19:56	EE	
636d4f60-d141-407b-8985-290118d9b1ea	1297	Norman Martinez	M	M50-54	67	6:54:31	0:59:05	0:11:31	3:29:27	0:10:32	2:03:55	MT	
45ed677f-4a84-f011-b4cc-000d3a3173b5	1298	Pille Laido	F	F55-59	8	6:54:37	0:51:01	0:09:38	3:22:01	0:09:25	2:22:33	EE	
10486473-af15-f111-8341-6045bd08b1a2	1299	Madis-Karli Koppel	M	M30-34	167	6:54:45	0:57:39	0:10:15	3:33:47	0:05:27	2:07:37	EST	
42a89e5b-c9fb-f011-8406-0022480994c2	1300	Maya Gilbert	F	F25-29	78	6:55:34	0:53:08	0:10:02	3:39:44	0:07:47	2:04:54	GBR	
bdb97f2a-af7e-4a82-ade0-91a4a40ee56c	1301	Annika Veimer	F	F55-59	9	6:55:54	0:49:42	0:12:33	3:38:45	0:11:29	2:03:25	EE	
fe49d91e-b181-4f65-8faa-275f827d186f	1302	Dmitry Smirnov	M	M40-44	108	6:56:07	0:55:30	0:08:35	3:13:45	0:06:01	2:32:16	EE	
d661135c-75c3-f011-bbd2-6045bd00e25d	1303	Eugene Bodie Clarke	M	M35-39	138	6:56:24	1:09:42	0:07:03	3:29:47	0:08:20	2:01:33	IRL	
8c9c0d18-f06a-f111-ab0b-7c1e528d5074	1304	Rainer Tamm	M	M45-49	97	6:56:25	0:53:29	0:08:56	3:23:49	0:06:50	2:23:21	EST	
0b369a52-75fb-f011-8406-002248046ec8	1305	Ly Villo	F	F50-54	17	6:56:28	0:41:07	0:09:56	3:30:58	0:08:38	2:25:49	EST	
99595fae-656e-f011-bec3-6045bd09951e	1306	Niall O Regan	M	M30-34	168	6:56:28	1:07:53	0:10:04	3:32:17	0:11:17	1:54:57	IRL	
bb626d53-cffb-f011-8406-6045bd0097c2	1307	Mathias Kaasma	M	M18-24	155	6:56:39	0:50:52	0:11:29	3:31:43	0:07:49	2:14:46	EST	
93503e7e-9126-f111-8341-0022480b88da	1308	Arnis Mažulis	M	M35-39	139	6:57:14	0:41:39	0:10:53	3:10:24	0:09:12	2:45:06	LVA	
af427caf-ccbc-49a0-8040-cdc0a94889c3	1309	Inga Boettger	F	F35-39	35	6:57:27	0:47:39	0:06:19	3:26:58	0:06:24	2:30:08	DE	
dc077c6a-9334-f011-8c4d-000d3a5bec33	1310	Naman Arora	M	M25-29	187	6:57:49	0:44:59	0:12:35	3:43:44	0:11:02	2:05:29	IN	
ef12760e-8868-ef11-bfe3-00224808301f	1311	Krister Andersson	M	M45-49	98	6:58:12	0:51:51	0:18:43	3:29:43	0:12:46	2:05:08	SE	
6a1ec9b4-d420-4518-a599-b03a28e53d36	1312	Tiina Tondi	F	F55-59	10	6:58:15	1:00:04	0:10:24	3:17:55	0:12:55	2:16:57	EE	
53e75795-8382-f011-b4cc-000d3a35ffc1	1313	Lari Pöysä	M	M25-29	188	6:58:17	0:50:41	0:11:08	3:29:34	0:13:13	2:13:40	FI	
1c54797f-e5bd-4c27-bea6-04d93cef91d7	1314	Maria Bjurberg	F	F55-59	11	6:58:24	0:36:28	0:07:04	3:32:46	0:08:02	2:34:05	SE	
1e85fd12-86d5-4b97-8919-d832d12fc4e9	1315	Beáta Adamovicová	F	F40-44	38	6:58:28	0:43:49	0:06:45	3:33:48	0:04:46	2:29:20	SVK	
10ea0cb6-2181-f011-b4cc-000d3a5b50ba	1316	Timm Tondi	M	M18-24	156	6:58:28	0:49:31	0:09:48	3:29:01	0:11:16	2:18:52	EE	
0225bcb3-56a4-ef11-8a6a-000d3a338a3c	1317	Aleksander Nowak	M	M50-54	68	6:58:31	0:53:01	0:12:59	3:27:19	0:11:11	2:14:00	POL	
5dfd1b0c-dcba-ec11-983f-00224806de08	1318	Alison Ryncarz	F	F30-34	54	6:58:35	0:50:46	0:23:02	3:16:10	0:15:38	2:13:00	US	
f6892a2b-df08-f111-8406-002248081bd6	1319	Tomine Byremo	F	F25-29	79	6:58:53	0:43:29	0:07:22	3:32:49	0:08:15	2:26:57	NOR	
027b19e3-7a70-f111-ab0d-002248046ec8	1320	Pavlína Janousek	F	F25-29	80	6:58:56	0:41:44	0:06:40	3:46:36	0:04:58	2:18:58	CZE	
c4b6249d-e2dc-f011-8544-000d3a5b7c3b	1321	Mira Keller	F	F40-44	39	6:58:58	0:47:16	0:11:00	3:32:04	0:12:33	2:16:05	FIN	
54e4f01c-f6c3-f011-bbd3-6045bd05f634	1322	Eve Parts	F	F55-59	12	6:59:23	0:42:08	0:08:26	3:44:44	0:12:46	2:11:18	EST	
065ab7a4-ddd8-f011-8544-000d3a5b50ba	1323	Sardor Salyamov	M	M30-34	169	6:59:31	0:45:58	0:09:09	3:45:59	0:12:02	2:06:22	KAZ	
e78ff656-af0c-f111-8406-7ced8d6dd83b	1324	Kertu Noorlind		F40-44	40	6:59:35	0:51:50	0:12:49	3:29:32	0:12:37	2:12:47	EST	
eae5324c-0302-f111-8406-0022480995bd	1325	Hanna-Liina Koddanipork	F	F30-34	55	6:59:38	0:39:06	0:06:49	3:35:50	0:07:05	2:30:48	EST	
ad274b15-dacb-f011-bbd3-000d3a5b50ba	1326	Beltran Ramirez	M	M25-29	189	6:59:41	0:45:59	0:06:48	3:39:37	0:05:26	2:21:50	CHE	
90aa56ce-848a-f011-b4cc-002248098cfa	1327	William Hermansson	M	M25-29	190	7:00:02	0:47:25	0:10:48	3:32:32	0:07:43	2:21:34	fin	
c3319465-206b-f011-bec3-6045bd09951e	1328	Andrei Kuznetsov	M	M40-44	109	7:00:06	0:58:22	0:12:40	3:36:51	0:12:47	1:59:26	EST	
d743cdaf-cdf2-ef11-9342-002248049fdc	1329	David Jack	M	M65-69	5	7:00:25	0:36:10	0:06:18	3:33:09	0:07:33	2:37:15	GB	
afafcb24-ff72-f111-ab0f-6045bd06566a	1330	Keiro Kaljusaar	M	M18-24	157	7:00:32	0:43:50	0:07:37	3:03:04	0:08:04	2:57:58	EST	
e1f80471-886b-ef11-bfe3-000d3a37be46	1331	Kirsti Hindreus	F	F35-39	36	7:00:40	0:51:44	0:06:16	3:47:53	0:06:36	2:08:12	EE	
1a554d5f-cb08-f111-8406-0022480995bd	1332	Andreas Wikström	M	M35-39	140	7:00:53	1:06:43	0:12:36	3:34:14	0:08:48	1:58:32	swe	
2de1f8ec-8830-41b5-ba1f-2c75df087108	1333	Martin Mangan	M	M50-54	69	7:01:04	1:02:13	0:16:16	3:22:12	0:10:22	2:10:01	IE	
d5272ca4-fd1f-f111-8341-0022480a5755	1334	Meelis Järv	M	M40-44	110	7:01:07	0:50:45	0:11:14	3:18:52	0:11:34	2:28:41	EST	
05bc14ae-0e10-f111-8406-6045bd08b1a2	1335	lukas Barbosa Stjernberg	M	M18-24	158	7:01:18	0:45:39	0:13:46	3:32:47	0:11:09	2:17:57	SWE	
98599ba1-8f3a-460a-b999-677a5ad1a1c2	1336	Nadja Buschhaus	F	F50-54	18	7:01:32	0:43:36	0:08:47	3:21:54	0:10:42	2:36:32	CH	
a9577a35-adcc-f011-bbd3-000d3a5b7c3b	1337	Andrii Mialkivskyi	M	M40-44	111	7:01:54	1:08:35	0:11:29	3:39:23	0:09:20	1:53:07	UKR	
0acd39e7-09a1-ef11-8a6a-000d3a59a9a1	1338	Nikol Parvanova	F	F30-34	56	7:02:01	1:02:20	0:07:58	3:42:19	0:07:57	2:01:28	GB	
688dfb85-2a83-f011-b4cc-000d3a5b50ba	1339	Abigail Stirling-Kelly	F	F25-29	81	7:02:23	0:40:22	0:11:09	3:37:01	0:12:53	2:20:59	GB	
a943d85d-71b4-f011-bbd3-6045bd05fcc1	1340	Felipe Raats Daud	M	M35-39	141	7:02:30	0:38:54	0:08:11	3:33:57	0:06:49	2:34:38	bra	
b51e233c-9682-4c5e-8ab0-ee7b0eab0616	1341	Megumi Tsukada	F	F45-49	23	7:02:35	0:53:32	0:13:39	3:15:41	0:09:59	2:29:43	Germany	
be9b79c7-1fb1-f011-bbd3-6045bd09951e	1342	Stefan Tachev	M	M25-29	191	7:02:40	0:55:37	0:11:52	3:33:09	0:07:52	2:14:11	BGR	
9da92eae-6437-f111-88b3-6045bd06566a	1343	Martin Saar	M	M35-39	142	7:02:59	0:50:39	0:10:03	3:49:47	0:03:55	2:08:35	EST	
9ce51736-0645-485b-ba51-190c0af33562	1344	Argo Kukk	M	M40-44	112	7:03:01	0:59:18	0:07:02	3:37:23	0:06:54	2:12:24	EE	
1650bc43-fcfc-f011-8406-6045bd06566a	1345	Anett Sisas	F	F18-24	50	7:03:10	0:48:19	0:09:50	3:34:33	0:07:34	2:22:54	est	
9f138a78-b15e-f111-a826-0022480994c2	1346	Adam Polok	M	M18-24	159	7:03:10	0:44:29	0:19:33	3:18:03	0:15:33	2:25:33	CZE	
7c978681-bc84-4c0d-810f-8d21e21f87d4	1347	Maija Laurila	F	F18-24	51	7:03:14	0:42:00	0:08:44	3:55:06	0:09:36	2:07:48	FI	
775ba9bc-8414-f111-8341-0022480994c2	1348	Evelin Naptal	F	F18-24	52	7:03:23	0:46:44	0:07:23	3:43:53	0:05:52	2:19:31	EST	
dc7771fa-98cf-ef11-b8e8-000d3a5ae96c	1349	Elina Karhu	F	F40-44	41	7:03:29	0:44:38	0:08:27	3:18:52	0:08:22	2:43:10	fin	
9e0863fd-bbf3-47ea-aab9-7a715bb9b7a5	1350	Pille Kalda	F	F40-44	42	7:03:31	0:58:06	0:09:01	3:12:08	0:07:26	2:36:50	est	
f364bec9-b2e5-f011-8543-6045bd05fcc1	1351	Hannah Imms	F	F18-24	53	7:03:37	0:38:40	0:07:05	3:44:59	0:06:13	2:26:41	GBR	
1120c2e8-d1da-f011-8543-6045bd09af39	1352	Darren Mc Nulty	M	M25-29	192	7:03:37	0:39:58	0:11:19	3:21:47	0:06:58	2:43:34	IRL	
f54b5e13-86ce-ee11-9079-000d3a314329	1353	Džiugas Pečiulevičius	M	M25-29	193	7:03:47	0:55:40	0:12:36	3:25:49	0:09:27	2:20:14	ltu	
4a80200e-0888-f011-b4cb-000d3a3af988	1354	Toomas Pärnassalu	M	M55-59	46	7:03:51	0:53:52	0:11:10	3:34:42	0:09:32	2:14:34	EE	
5b10964b-a23f-f111-88b4-0022480b84a3	1355	Eden Isabella Huntley	F	F25-29	82	7:04:09	0:49:25	0:08:52	3:42:12	0:12:35	2:11:06	GBR	
333e4abb-3b30-f111-88b3-0022480a5755	1356	Tuomas Laine	M	M30-34	170	7:04:30	0:47:10	0:13:03	3:30:58	0:12:41	2:20:38	FIN	
716e39ed-4578-f011-b4cc-6045bd05fcc1	1357	Megan Barwick	F	F25-29	83	7:04:35	0:48:07	0:15:41	4:01:33	0:09:00	1:50:13		
2b52a6d2-5bf1-f011-8407-0022480c370f	1358	Johanna Hedvik	F	F35-39	37	7:05:00	0:50:06	0:09:46	3:26:05	0:05:35	2:33:27	FIN	
e16f00d8-d696-f011-b4cc-6045bd05f634	1359	Janari Pähn	M	M25-29	194	7:05:08	0:53:17	0:10:48	3:28:59	0:06:09	2:25:56	EST	
57cddf1a-4584-f011-b4cc-000d3a3173b5	1360	Nina Ruohonen	F	F30-34	57	7:05:27	0:45:49	0:10:58	3:44:20	0:09:48	2:14:32	FI	
4dd75eb0-9d9b-ef11-8a6a-6045bd048089	1361	Artem Karpenko	M	M35-39	143	7:05:28	0:49:00	0:11:05	3:30:10	0:08:30	2:26:43	EE	
65fdd598-184d-f111-bec6-0022480994c2	1362	Ilga Baumane	F	F30-34	58	7:05:33	0:51:19	0:10:32	3:45:13	0:09:55	2:08:34	LVA	
64c36e1c-d53e-f011-b4ca-000d3a5cf7d8	1363	Mormukut Rathore	M	M25-29	195	7:05:44	0:43:25	0:06:45	3:50:23	0:04:30	2:20:41	IN	
273f9a6e-e4fd-f011-8406-0022480a5755	1364	Kadi Kuus	F	F25-29	84	7:05:52	0:54:37	0:09:57	3:41:00	0:10:43	2:09:35	EST	
55ca03c4-6785-f011-b4cc-000d3a35ffc1	1365	Viktoria Battalova	F	F40-44	43	7:06:26	0:54:27	0:10:58	4:02:48	0:06:27	1:51:46	FI	
e882d686-0b84-f011-b4cc-000d3a3173b5	1366	Niilo Anttila	M	M30-34	171	7:06:36	0:45:16	0:10:00	3:26:12	0:10:29	2:34:39	FIN	
156ddc1c-7dff-f011-8406-0022480994c2	1367	Keremet Akhanov	M	M45-49	99	7:06:41	0:44:40	0:15:15	3:46:18	0:10:54	2:09:33	UKR	
50016ff6-dd83-f011-b4cc-000d3a35ffc1	1368	Jegors Poliscuks	M	M25-29	196	7:06:57	0:43:48	0:12:57	3:31:20	0:11:05	2:27:47	LV	
bd5bd9bf-00a2-f011-bbd3-000d3a5cf7d8	1369	Ruta Kairyte	F	F40-44	44	7:07:02	0:56:15	0:14:02	3:34:36	0:13:09	2:09:01	LT	
7fa65a39-8699-f011-b4cc-000d3a5b7c3b	1370	Gintaras Buzkys	M	M40-44	113	7:07:03	0:49:08	0:21:11	3:34:36	0:13:08	2:09:00	LT	
94e58b39-80ee-47d3-8012-d70ec6171810	1371	Kieren Tan	M	M25-29	197	7:07:04	0:43:17	0:11:28	3:19:46	0:09:38	2:42:55	SG	
ea4af492-b469-f111-a825-6045bd06566a	1372	Kristin Arniste	F	F35-39	38	7:07:09	0:46:46	0:09:18	3:31:06	0:07:57	2:32:01	EST	
ee4e7986-a9cb-f011-bbd3-6045bd09951e	1373	Roberta Galgani	F	F60-64	4	7:07:12	0:53:23	0:12:11	3:38:17	0:09:00	2:14:21	IT	
3a1fccb0-20f8-4db7-9faa-f05b02b4db7d	1374	Andrus Ahven	M	M45-49	100	7:07:25	0:56:37	0:12:39	2:58:18	0:09:55	2:49:55	EST	
fae4f38f-894c-f111-bec6-002248046ec8	1375	Denis Georgijev	M	M30-34	172	7:07:46	0:52:23	0:09:21	3:12:47	0:11:09	2:42:06	EST	
25b13abc-d8fd-4ec9-8bc5-6401c99b16b3	1376	Samantha Sadie	F	F30-34	59	7:08:08	0:41:03	0:08:02	3:43:57	0:05:37	2:29:29	ZA	
d559352e-518f-f011-b4cc-000d3a3173b5	1377	Polly Reiss	F	F55-59	13	7:08:10	0:44:52	0:08:26	3:40:04	0:07:35	2:27:13	US	
fde19c99-5ffd-f011-8406-0022480b84a3	1378	Sebastian Raunila	M	M18-24	160	7:08:23	0:54:00	0:08:44	3:15:01	0:05:23	2:45:14	FIN	
d789847c-159b-f011-b4cc-000d3a5cf7d8	1379	Ingrid Rasmussen Vadla	F	F30-34	60	7:08:46	1:02:35	0:06:36	3:39:11	0:06:31	2:13:53	NO	
d6e4d18f-ba8d-f011-b4cc-6045bd05fcc1	1380	Endrina Mujica	F	F30-34	61	7:08:57	0:47:43	0:14:23	4:07:56	0:10:53	1:48:01	SWE	
8fb21fce-857e-ef11-ac21-000d3a338a3c	1381	Nikke Tomminen	M	M30-34	173	7:08:58	0:57:38	0:09:55	3:27:42	0:08:20	2:25:24	FI	
38d7bed2-d443-4ea7-b373-e977b3c68d7c	1382	Giovanni Elvis Kabanda Uwimana	M	M35-39	144	7:08:59	0:55:34	0:11:42	3:56:06	0:07:56	1:57:41	BEL	
044536cf-209e-f111-b8dc-6045bd08b1a2	1383	Kaarel Svätski	M	M40-44	114	7:09:15	0:57:41	0:09:47	3:31:15	0:08:00	2:22:32	EST	
683b71d9-0d84-f011-b4cc-000d3a35ffc1	1384	Lilian Kreevald	F	F18-24	54	7:09:19	0:47:31	0:10:42	3:33:00	0:09:46	2:28:20	EE	
08e3e043-f7c5-f011-bbd2-6045bd073672	1385	Helen Jacouris	F	F18-24	55	7:09:21	0:42:49	0:07:17	3:52:48	0:08:05	2:18:23	GBR	
942778a3-bf67-ef11-bfe3-6045bd0953ac	1386	Sally Alberici-Trueman	F	F60-64	5	7:09:30	0:39:01	0:14:49	3:38:24	0:12:19	2:24:57	GB	
9612bccc-22ef-f011-8407-6045bd09fcf5	1387	Rebecca Willy	F	F25-29	85	7:10:13	0:44:02	0:06:29	3:28:02	0:08:11	2:43:29	DEU	
83d27c0a-5eb4-4d45-b53c-01259a6b3ec2	1388	Raivo E Tamm	M	M60-64	19	7:10:16	0:44:31	0:10:25	3:38:49	0:10:14	2:26:16	EE	
9b42c857-f5a7-ef11-b8e9-6045bd048089	1389	Christos Papadopoulos	M	M55-59	47	7:10:17	0:51:33	0:14:27	3:44:27	0:10:11	2:09:39	deu	
ed24f65c-2483-f011-b4cc-0022480c097c	1390	Alice Pinney	F	F25-29	86	7:10:23	0:31:46	0:07:14	3:45:24	0:07:18	2:38:41	GB	
4fba60f4-bf90-f011-b4cc-000d3a5c3d6c	1391	Karl Erik Heinsoo	M	M25-29	198	7:10:37	0:59:49	0:07:36	3:13:39	0:07:23	2:42:09	EE	
41a37d7a-4139-f011-b4cc-6045bd05f634	1392	Annika Vainikk	F	F25-29	87	7:10:58	0:30:31	0:09:38	3:29:52	0:14:08	2:46:51	EE	
56175f70-7c6d-f011-bec2-0022480a7385	1393	Chiara Zambon	F	F30-34	62	7:11:05	1:06:06	0:12:59	3:29:48	0:10:49	2:11:23	nld	
0d81a93c-65a3-f011-bbd3-000d3a35ffc1	1394	Holly Burke	F	F18-24	56	7:11:44	0:39:45	0:07:10	3:36:33	0:07:40	2:40:36	GB	
d025643b-5a44-f111-88b4-0022480b35b6	1395	Geily Niinemets	F	F40-44	45	7:11:48	0:47:12	0:12:17	3:46:55	0:11:47	2:13:36	EST	
553e4c9b-6d0a-f111-8406-0022480994c2	1396	Kate O'Connell	F	F30-34	63	7:11:51	0:37:36	0:08:26	3:56:42	0:10:07	2:19:00	IRL	
69da76d1-a9e2-417a-a4c0-9ecc10830028	1397	Veronique Leroy	F	F55-59	14	7:11:53	1:17:42	0:10:16	3:34:24	0:07:00	2:02:31	GB	
28063746-bcb4-f011-bbd3-6045bd05f634	1398	Vicky Katzarov	F	F25-29	88	7:12:07	0:46:15	0:10:19	3:36:42	0:07:12	2:31:39	GBR	
99dd33f4-8fe5-f011-8543-6045bd05fcc1	1399	Arnas Kajokas	M	M25-29	199	7:12:10	0:56:06	0:07:28	3:21:49	0:06:21	2:40:26	LTU	
05857d41-0181-f011-b4cc-6045bd05f634	1400	Triinu Kannel	F	F50-54	19	7:12:13	0:56:09	0:07:11	3:41:57	0:06:46	2:20:10	EE	
f0b0087a-9e6b-4c79-b101-6864f0e1a9eb	1401	Anu Torm	F	F45-49	24	7:12:21	0:50:42	0:14:17	3:41:41	0:08:14	2:17:27	FIN	
96dfb216-0b40-49a0-b6d2-e243e293efa7	1402	Romi Cristofolini Guedes	F	F50-54	20	7:12:32	0:59:32	0:09:10	4:01:33	0:05:40	1:56:37	BR	
27823ccf-074f-f111-bec5-0022480a5755	1403	Marianne Mellbye Larsen	F	F35-39	39	7:12:39	0:45:01	0:08:29	3:49:40	0:07:39	2:21:51	NOR	
786565c0-eb6b-43e5-9153-39aac4b2bc14	1404	Alberto Belli	M	M60-64	20	7:12:53	0:48:48	0:13:39	3:35:54	0:08:37	2:25:56	ita	
ce604caa-d003-4ff7-99ee-a7c9cf7fe252	1405	Elad Dadon	M	M45-49	101	7:13:04	0:53:46	0:15:18	3:20:49	0:11:46	2:31:25	IL	
a24d0324-eb37-f111-88b3-6045bd06566a	1406	cecile roqua	F	F25-29	89	7:13:11	0:53:32	0:11:55	3:50:49	0:08:03	2:08:53	CHE	
f2d0f5a1-18c7-f011-bbd2-000d3a5b7c3b	1407	Kristjan Kivisikk	M	M25-29	200	7:13:12	1:05:47	0:07:33	3:26:02	0:07:13	2:26:37	EST	
039fa966-3904-f011-bae2-000d3a5b50ba	1408	Mait Ruumet	M	M35-39	145	7:13:15	0:52:30	0:12:24	3:33:35	0:08:44	2:26:02	EE	
acd37c42-7cc5-f011-bbd3-002248098cfa	1409	Ene Mägi	F	F50-54	21	7:13:16	0:44:47	0:10:57	3:52:58	0:08:28	2:16:06	EST	
0ffac280-55fd-f011-8406-0022480a5755	1410	Georgi Nikolov	M	M25-29	201	7:13:23	0:44:28	0:11:04	3:33:22	0:08:45	2:35:45	BGR	
82ed3ed4-acb1-f011-bbd3-6045bd09951e	1411	Thomas Brookhouse	M	M30-34	174	7:13:28	1:05:00	0:12:35	3:39:11	0:11:18	2:05:23	GBR	
51f7f49a-1284-f011-b4cc-6045bd05f634	1412	Ruslan Shuktomov	M	M35-39	146	7:13:55	0:42:28	0:08:43	3:46:50	0:05:04	2:30:50	FI	
a1fda5ff-e943-f111-88b4-002248046ec8	1413	Karl-Johannes Ränkel	M	M18-24	161	7:14:18	0:51:06	0:08:47	3:27:54	0:08:43	2:37:48	EST	
a47e3377-0dfe-f011-8406-0022480a5755	1414	Olivia Mawson	F	F30-34	64	7:14:19	0:47:22	0:08:04	3:42:40	0:07:35	2:28:38	GBR	
9a763017-65b4-4cd3-ad2b-0bb12d53e0c1	1415	Lina Ficken	F	F45-49	25	7:14:32	0:52:35	0:06:12	3:23:16	0:07:22	2:45:07	gbr	
16fe5297-b4cb-f011-bbd3-000d3a3173b5	1416	Seidi Nõmm	F	F45-49	26	7:14:36	0:39:48	0:10:21	3:48:13	0:08:39	2:27:35	EST	
5e23b149-2ea1-f011-bbd3-000d3a3173b5	1417	Lisandra Varela-Pennanen	F	F50-54	22	7:15:11	0:46:51	0:08:59	3:45:10	0:10:04	2:24:07	FI	
01be5cf5-e26d-47c2-9144-86a905afced1	1418	James Baker-Duly	M	M50-54	70	7:15:57	0:34:56	0:07:34	3:30:11	0:05:02	2:58:15	SE	
4e318653-a6c0-f011-bbd3-6045bd05f634	1419	Lauri Noro	M	M45-49	102	7:16:30	0:41:08	0:09:55	3:22:05	0:12:06	2:51:16	FIN	
b33b7d1f-4954-f011-877a-000d3a5b7c3b	1420	Kristian Boney	M	M30-34	175	7:17:14	1:01:10	0:06:17	3:28:41	0:08:43	2:32:23	GBR	
2dbefb22-8a23-4a68-b61f-f2c3ba6dd36a	1421	Eduardo Moffitt	M	M30-34	176	7:17:19	0:49:20	0:09:02	3:17:14	0:06:06	2:55:38	irl	
37c7b970-20b8-f011-bbd2-000d3a5b7c3b	1422	Hannah Ospina	F	F30-34	65	7:17:25	0:44:27	0:08:18	3:48:08	0:06:36	2:29:56	NLD	
809c176e-b5f0-f011-8407-00224805e61c	1423	Alejandro Marcano	M	M35-39	147	7:17:29	0:41:55	0:09:26	3:35:44	0:08:27	2:41:57	CHE	
f14e16fd-3b56-4bae-9394-51238c35cd64	1424	Franco Dolfini	M	M40-44	115	7:17:30	0:40:25	0:11:29	3:41:03	0:06:26	2:38:08	IT	
5567ac6a-1284-f011-b4cc-6045bd09951e	1425	Heidi Metsola	F	F45-49	27	7:18:37	0:45:06	0:08:13	3:36:54	0:08:16	2:40:09	FI	
a7ff56ff-c071-f011-bec3-000d3a3173b5	1426	Kaidi Kerdt	F	F45-49	28	7:18:41	1:03:54	0:10:55	3:35:37	0:05:38	2:22:38	EE	
d573bdee-0608-f111-8406-0022480b88da	1427	Cathal Birch	M	M18-24	162	7:19:02	0:46:11	0:11:11	3:54:41	0:10:22	2:16:36	GBR	
a8149e2f-5b5f-4c22-b4b5-5324c342c8f0	1428	Rihards Skuja	M	M35-39	148	7:19:04	0:58:01	0:13:44	3:41:42	0:10:00	2:15:37	LV	
5d7a5003-44bd-f011-bbd3-000d3a5cf7d8	1429	Eetu Mustonen	M	M30-34	177	7:19:21	0:52:03	0:07:17	3:34:45	0:05:56	2:39:20	FIN	
65fe28fa-8329-49e7-b531-8f10cb820905	1430	Kirill Filianin	M	M35-39	149	7:19:22	0:45:43	0:08:57	4:16:46	0:08:06	1:59:50	DK	
5df2aeac-2dbc-f011-bbd3-6045bd09951e	1431	Aymeric de La Faire	M	M30-34	178	7:19:31	0:53:02	0:15:20	3:31:49	0:11:06	2:28:13	FRA	
0459c05e-2573-4668-89f0-de17c9b5fe9a	1432	Ingo Flore	M	M65-69	6	7:19:53	0:52:27	0:09:50	3:34:25	0:08:13	2:34:58	DE	
d50db8dd-619c-f011-b41c-000d3a5cf7d8	1433	Neil Hayes	M	M60-64	21	7:20:17	1:19:11	0:09:13	3:23:04	0:11:47	2:17:03	GB	
b2a7b26a-6ae9-ef11-8eea-000d3a3126fd	1434	Ariel Hashuel		M30-34	179	7:20:27	0:47:28	0:15:09	3:49:09	0:08:05	2:20:35	ISR	
7c453a48-4403-f111-8406-0022480b35b6	1435	Henry Sennikov	M	M35-39	150	7:20:30	0:46:07	0:11:58	3:21:32	0:10:37	2:50:16	EST	
2e12f603-6b13-ef11-9f89-6045bd00e0b7	1436	Ramya Jayaram	F	F40-44	46	7:20:58	0:53:36	0:15:15	3:44:27	0:10:38	2:17:03	IN	
396b704f-ec0e-46d9-aebe-614baf235b67	1437	Tõnis Metstak	M	M50-54	71	7:21:13	0:53:16	0:11:25	3:21:02	0:10:31	2:44:59	EE	
8e38b349-d52a-f111-88b3-0022480b35b6	1438	Emma Hamilton	F	F35-39	40	7:21:41	0:50:20	0:07:20	3:44:35	0:07:58	2:31:28	gbr	
e210c217-52af-eb11-8236-000d3a5ac765	1439	Rohit Kumar	M	M40-44	116	7:22:02	0:52:18	0:12:49	3:41:14	0:08:22	2:27:18	GBR	
8bdf20c0-f61e-49ac-90b3-e7d3b484e8ee	1440	Eveli Vainikk	F	F50-54	23	7:22:11	0:42:53	0:11:02	3:34:56	0:10:52	2:42:28	est	
101eb5ed-be98-4fc8-8938-71a39f90c4c6	1441	Valeriia Semenova	F	F30-34	66	7:22:12	0:45:49	0:08:34	3:31:39	0:10:41	2:45:29	Unknown	
94f755fa-cfb8-4625-9e8d-32b399e0a6c8	1442	Jana Põldnurk	F	F50-54	24	7:22:25	0:47:39	0:20:13	3:37:29	0:17:21	2:19:43	EST	
4f4726b0-4893-f011-b4cc-6045bd05f634	1443	Ross Denvir	M	M25-29	202	7:22:50	1:01:00	0:08:52	3:48:58	0:09:10	2:14:50	GB	
99e6d0ff-0ccb-f011-bbd3-6045bd05fcc1	1444	Léon Kia Faro	M	M30-34	180	7:23:41	1:08:03	0:13:50	3:34:49	0:12:26	2:14:34	CHE	
b60d973c-29ca-f011-bbd3-6045bd09951e	1445	Cam Jeffers	M	M30-34	181	7:24:01	0:46:43	0:09:59	3:55:52	0:08:20	2:23:06	GBR	
014d3815-834c-f111-bec6-0022480994c2	1446	Lucas Rummun	M	M18-24	163	7:24:02	0:44:18	0:11:24	4:01:19	0:06:42	2:20:19	GBR	
ccc13e69-4c88-49e1-a627-5eaf1636cad8	1447	Scott Greenfield	M	M30-34	182	7:24:11	0:50:12	0:07:29	3:39:09	0:09:18	2:38:03	GBR	
7cdbd7b8-8b9c-f011-b41c-000d3a5b7c3b	1448	Mari-Ann Saar	F	F40-44	47	7:24:22	1:04:35	0:09:43	3:40:46	0:07:55	2:21:22	EE	
24459cdc-7cfa-f011-8406-0022480a5755	1449	Sirojiddin Bozorboev	M	M30-34	183	7:24:27	0:46:29	0:09:17	3:49:21	0:08:56	2:30:23	UZB	
1d60815f-69ee-f011-8407-0022480b738e	1450	João Amorim	M	M25-29	203	7:24:33	0:43:12	0:12:35	3:42:19	0:07:18	2:39:09	prt	
2c625523-1a88-f011-b4cc-0022480c097c	1451	Olga Aronov	F	F45-49	29	7:24:48	0:54:56	0:07:56	3:48:17	0:08:34	2:25:05	IL	
59d2a51e-b4af-4394-be05-f58b3b5af55a	1452	Marcello Greco Miani	M	M50-54	72	7:25:31	0:56:25	0:14:56	3:49:34	0:06:36	2:17:59	IT	
8dc383d3-0884-f011-b4cc-000d3a5b50ba	1453	Triin Jürimäe	F	F25-29	90	7:25:46	0:44:36	0:05:57	4:00:03	0:05:20	2:29:51	EE	
12e9a23f-805e-f111-a826-0022480b84a3	1454	Isak Stokland	M	M18-24	164	7:26:28	0:46:14	0:09:45	3:32:53	0:07:58	2:49:38	NOR	
08494b73-353d-4220-9f10-cf49016a42dc	1455	Kristiina Silvet	F	F40-44	48	7:26:33	0:57:14	0:08:41	3:35:07	0:07:03	2:38:29	est	
f88e16c8-3e0f-f111-8406-0022480a5755	1456	Franko Juric	M	M18-24	165	7:26:52	0:51:06	0:11:57	3:52:17	0:09:04	2:22:26	ISL	
ca83f0cc-0860-4783-89d2-7ec4cc22f905	1457	Mart Mikkelsaar	M	M65-69	7	7:26:58	0:54:00	0:09:40	3:27:25	0:10:02	2:45:51	est	
e013d144-d3c5-f011-bbd2-000d3a3b7f9e	1458	Tuuliki Campbell	F	F40-44	49	7:27:25	0:46:10	0:07:27	3:54:14	0:05:50	2:33:45	AUS	
c82a1304-ea7e-f011-b4cc-000d3a5b7c3b	1459	Arminas MARCINKEVICIUS	M	M35-39	151	7:27:37	0:56:08	0:11:40	3:34:17	0:09:48	2:35:44	LT	
5976f28b-9b53-f111-bec6-70a8a59b1abb	1460	Amelia lawrence	F	F18-24	57	7:27:58	0:41:54	0:09:43	3:55:11	0:08:03	2:33:07	GBR	
100925ac-dd7b-46f1-89dd-50353c8cd9db	1461	Markus Mäeväli	M	M40-44	117	7:27:58	0:59:08	0:10:12	3:29:34	0:10:27	2:38:35	EE	
9ceecda3-0984-f011-b4cc-000d3a5b7c3b	1462	Stiven Jakobson	M	M25-29	204	7:28:03	0:52:04	0:09:56	4:00:44	0:08:07	2:17:11	EE	
0ed63c8b-027f-f111-ab0f-6045bd08b1a2	1463	Jevgenia Laksberg-Mäeväli	F	F35-39	41	7:28:10	0:58:41	0:10:53	3:29:34	0:10:28	2:38:35	EST	
482806a2-e29b-f011-b41c-000d3a35ffc1	1464	Anne-Marie O'Keeffe	F	F45-49	30	7:28:11	0:49:39	0:07:20	3:49:00	0:07:30	2:34:43	IE	
d62fb580-3537-f111-88b4-002248081bd6	1465	Margit Johanson	F	F40-44	50	7:28:25	0:47:07	0:13:02	3:42:48	0:13:52	2:31:35	EST	
149db1df-dffc-f011-8406-0022480b35b6	1466	Geio Kaugeranna	M	M40-44	118	7:28:35	0:57:19	0:07:45	3:32:44	0:06:25	2:44:23	EST	
7b3c9926-fd28-f111-8341-0022480a5755	1467	Jalen Permal	M	M25-29	205	7:29:40	0:51:16	0:09:01	3:21:16	0:09:56	2:58:11	GBR	
3ba55f81-7aff-f011-8406-0022480b84a3	1468	Ludvik Girard	M	M40-44	119	7:30:16	0:48:31	0:07:35	3:40:08	0:08:39	2:45:22	FRA	
f1c118ae-7b00-f111-8406-002248081bd6	1469	Verity Ashley	F	F35-39	42	7:30:24	0:47:13	0:13:22	3:48:54	0:11:05	2:29:51	GBR	
1fb68eee-0c8c-f011-b4cc-6045bd05f634	1470	Joseph Richardson	M	M25-29	206	7:30:52	0:46:17	0:09:34	3:44:01	0:08:32	2:42:27	gbr	
8ca09980-0a84-f011-b4cc-0022480a7385	1471	Panu Pahtaja	M	M40-44	120	7:31:06	0:44:48	0:13:38	3:11:59	0:09:08	3:11:34	FI	
17781ff8-55ae-ef11-b8e8-6045bd088264	1472	Ellie Whalley	F	F25-29	91	7:31:13	0:43:18	0:09:37	3:51:56	0:08:18	2:38:05	gbr	
3885e4e0-831f-f111-8341-6045bd06566a	1473	Rupert Clark lowes	M	M35-39	152	7:31:20	0:50:31	0:08:21	3:53:31	0:18:35	2:20:21	GBR	
d5caf0dc-5f71-421d-a21b-ecc6d1611bac	1474	Eugen Õis	M	M70-74	3	7:31:37	0:47:11	0:09:12	3:35:28	0:08:20	2:51:27	est	
df1db1e9-7250-f111-bec5-6045bd08b1a2	1475	Ulugbek Sobirov	M	M25-29	207	7:31:49	0:50:00	0:09:40	3:47:31	0:08:53	2:35:46	UZB	
707f8681-d7ed-4172-89c3-c6bbcc23494f	1476	Harsh Sajnani	M	M30-34	184	7:32:01	0:50:04	0:08:54	3:35:14	0:07:31	2:50:17	AE	
b1793085-a276-f011-b4cb-6045bd05c8f9	1477	Basia Szkutnik	F	F40-44	51	7:34:34	0:53:55	0:09:43	3:37:34	0:10:28	2:42:54		
e4e21e29-89b9-4ec4-bdf2-5fee8563ca6c	1478	Maili Kahu	F	F50-54	25	7:34:48	0:54:48	0:10:06	3:28:40	0:09:34	2:51:40	EE	
3b51ba9b-1dfc-f011-8406-6045bd08b1a2	1479	Jesper Wellnitz	M	M18-24	166	7:35:35	0:53:29	0:06:59	3:42:48	0:04:51	2:47:27	deu	
c7128790-944a-f111-bec6-0022480b88da	1480	Meron Ghebremariam	M	M30-34	185	7:35:58	1:09:21	0:10:26	3:47:21	0:06:25	2:22:26	DEU	
df840d31-40dc-43d9-ac2a-0dde5917e93d	1481	Elaine Mcsweeney	F	F45-49	31	7:36:03	0:46:28	0:08:32	3:46:03	0:06:21	2:48:39	IE	
0941c463-25bf-f011-bbd2-6045bd01f23b	1482	Yash Malhotra	M	M35-39	153	7:36:42	1:05:06	0:13:59	3:40:40	0:09:57	2:27:00	ARE	
00b00744-3ea8-f011-bbd3-6045bd05f634	1483	Mikko Auvinen	M	M40-44	121	7:36:48	0:55:35	0:10:49	3:39:24	0:18:38	2:32:23	FIN	
1bebcfd2-09ca-ef11-b8e9-000d3a5a1803	1484	Sean Barnicle	M	M35-39	154	7:37:33	0:44:45	0:14:05	3:51:20	0:16:31	2:30:51	IE	
9e110026-9048-f111-bec5-0022480b35b6	1485	Raphael Paduano	M	M18-24	167	7:37:43	1:02:19	0:12:13	4:00:56	0:06:19	2:15:55	FIN	
a202be15-794d-f111-bec6-002248046ec8	1486	Kevin Murphy	M	M30-34	186	7:39:10	0:47:55	0:13:20	4:10:54	0:07:20	2:19:41	IRL	
3f7c2335-1bab-e911-a97c-000d3a37468c	1487	Robert Salep	M	M35-39	155	7:39:39	0:45:21	0:10:35	3:25:02	0:06:53	3:11:48	EST	
07064b79-05f7-f011-8406-0022480994c2	1488	Oona Koskinen	F	F18-24	58	7:39:51	0:51:53	0:11:54	4:00:04	0:06:35	2:29:24	FIN	
a2a802fc-5302-e911-a97f-000d3a34ed06	1489	Karen Smith	F	F60-64	6	7:40:18	0:47:02	0:12:51	3:44:06	0:10:45	2:45:33	GB	
c8d72552-b385-f011-b4cc-6045bd09951e	1490	Susanna Libby	F	F30-34	67	7:40:25	0:55:32	0:18:34	3:46:34	0:13:50	2:25:55	GB	
fcbacccc-76c0-f011-bbd3-6045bd09951e	1491	David Buckley	M	M40-44	122	7:40:35	0:56:43	0:13:16	3:40:39	0:07:42	2:42:15	IRL	
527af513-3d25-f111-8341-6045bd06566a	1492	Jan Johanson	M	M40-44	123	7:41:04	0:49:56	0:07:41	3:39:14	0:07:22	2:56:50	EST	
675925f9-c22c-4ea0-8f0d-502d95d36e4f	1493	Carl Baker-Duly	M	M55-59	48	7:41:22	0:46:19	0:10:56	3:49:46	0:08:42	2:45:39	ES	
f898ef20-e6be-432b-88ce-da74c1b93cf7	1494	Jennie Elisabeth Lindell	F	F50-54	26	7:41:22	0:47:22	0:13:12	3:53:08	0:11:37	2:36:03	NO	
de6885bf-2a04-f111-8406-0022480a5755	1495	Edvard Reed	M	M60-64	22	7:41:23	0:48:28	0:12:07	3:53:08	0:11:36	2:36:04	NOR	
befe7603-3a21-f111-8341-6045bd06566a	1496	Mark Daniel Sildnik	M	M18-24	168	7:41:48	1:03:40	0:07:51	3:49:53	0:04:22	2:36:02	EST	
cf0d1585-62d6-49bf-89de-8be9ea0a7065	1497	Paul Lee	M	M60-64	23	7:42:15	0:55:50	0:14:15	3:33:16	0:11:23	2:47:31	GB	
e7c401f0-1dbd-42ba-8616-aef9b775fa71	1498	Luis Orozco	M	M45-49	103	7:42:25	0:47:42	0:20:16	3:37:32	0:13:02	2:43:53	FI	
d93a925c-75df-486f-a922-edd526c123b2	1499	Benedetto Condorelli	M	M50-54	73	7:42:31	0:42:24	0:11:17	3:58:27	0:08:45	2:41:38	ES	
b8702b0a-e0c0-f011-bbd3-002248098cfa	1500	Sachin Kurapati	M	M18-24	169	7:42:37	0:50:00	0:10:16	4:10:48	0:09:02	2:22:31	USA	
3802a538-75e2-f011-8543-000d3a5b5fc7	1501	Lijnie Reijers	F	F45-49	32	7:42:45	0:53:30	0:13:59	3:27:55	0:09:56	2:57:26	NLD	
751d7315-d00d-4574-9bc3-d3144308c7cb	1502	Tsu Hong Hsueh	M	M50-54	74	7:42:56	0:57:59	0:07:55	3:28:19	0:08:45	2:59:59	TW	
42278bf5-bac0-f011-bbd3-0022480a7385	1503	Outi Tikkanen	F	F30-34	68	7:43:17	0:50:25	0:07:46	3:38:33	0:07:37	2:58:55	FIN	
97642134-a357-f111-bec7-002248046ec8	1504	Lilly Yasmin Mortensen	F	F18-24	59	7:44:24	0:53:56	0:08:08	3:56:54	0:05:09	2:40:17	NOR	
b2fb6707-000f-f111-8406-0022480a5755	1505	Matthew McGlynn	M	M35-39	156	7:45:45	1:01:49	0:13:21	3:45:37	0:07:53	2:37:05	EST	
532c617c-a0ce-41e3-a691-aa1d1cb7e2ab	1506	Marion Goodall	F	F40-44	52	7:46:17	0:45:34	0:12:07	3:51:27	0:07:07	2:50:01	IE	
96a222d6-03b4-f011-bbd3-6045bd05fcc1	1507	Dan Hanson	M	M30-34	187	7:46:26	1:02:51	0:07:28	3:44:50	0:07:22	2:43:55	GBR	
161d8889-c490-46ad-a29c-16838ab0473e	1508	Taru Tarnanen	F	F35-39	43	7:46:33	0:50:08	0:08:19	3:55:09	0:06:23	2:46:33	FI	
07aa41d7-2c8f-f011-b4cc-000d3a3173b5	1509	Kristine Gonzales	F	F25-29	92	7:46:33	1:09:52	0:07:32	3:55:33	0:06:45	2:26:52	can	
692cad1a-9bd8-4390-aac1-af7341633466	1510	Viktoria Filip	F	F35-39	44	7:46:37	1:07:54	0:18:54	3:11:08	0:15:18	2:53:23	EE	
7af1c0b5-7bf1-f011-8407-0022480a3d1e	1511	‪assaf sroia	M	M40-44	124	7:46:53	0:52:10	0:17:48	3:20:38	0:10:16	3:06:01	ISR	
ddd16101-9f15-f111-8341-0022480a5755	1512	Saila Uski	F	F25-29	93	7:48:13	0:46:19	0:11:36	4:13:11	0:09:09	2:27:57	FIN	
f3386e2e-e95a-447f-ac3d-5ae34d1688b5	1513	Sally Herras	F	F40-44	53	7:48:32	1:04:50	0:20:33	3:57:53	0:08:34	2:16:42	PH	
4134ba33-9bfa-4456-ad00-0ecafd7c530c	1514	Jouni Uski	M	M60-64	24	7:48:37	1:04:49	0:15:01	3:43:40	0:10:58	2:34:10	FI	
6bb1a53f-0159-f011-877b-000d3a5b50ba	1515	Greete Liht	F	F30-34	69	7:49:25	0:57:05	0:12:31	3:50:00	0:06:05	2:43:44	EST	
ca32d0a6-7af0-ef11-9342-000d3a30152c	1516	Ronaldo Jose Dos Santos	M	M45-49	104	7:49:35	0:55:57	0:08:32	4:04:12	0:09:33	2:31:22	EE	
9d13ed05-1d07-f111-8406-0022480995bd	1517	Hanna Karon	F	F18-24	60	7:49:51	0:52:48	0:10:35	3:57:58	0:07:05	2:41:24	EST	
b18227a3-0dbc-f011-bbd3-6045bd05fcc1	1518	Aimee Felstead	F	F25-29	94	7:49:54	0:35:03	0:08:09	3:58:07	0:09:58	2:58:37		
c2d65c0c-157b-f111-ab0f-0022480a5755	1519	Helen Kärena Kuusik	F	F25-29	95	7:50:27	0:53:02	0:09:45	3:33:49	0:05:21	3:08:29	EST	
7f9f0700-cf93-f011-b4cc-6045bd09951e	1520	Lia Millar	F	F25-29	96	7:50:43	0:53:15	0:09:09	3:55:14	0:09:01	2:44:04	NLD	
5f030f05-d442-f111-88b4-002248046ec8	1521	Ludvig Helgetun	M	M30-34	188	7:50:56	0:43:15	0:12:11	3:45:00	0:12:08	2:58:22	NOR	
e160a146-a4bd-f011-bbd3-6045bd05fcc1	1522	Mia Davies	F	F30-34	70	7:51:03	0:57:08	0:10:47	3:40:41	0:11:35	2:50:52	GBR	
6089bd51-e3ce-f011-bbd3-6045bd09951e	1523	Abbie Hollinshead	F	F18-24	61	7:51:37	0:48:20	0:08:22	3:37:46	0:06:47	3:10:22	GBR	
d18f1770-e9b6-f011-bbd3-000d3a35ffc1	1524	Stefan Topuzov	M	M30-34	189	7:52:00	0:48:08	0:08:41	4:06:47	0:04:34	2:43:50	BGR	
538d29ea-def9-4b10-9310-c404f3d516bf	1525	Jane Wade	F	F60-64	7	7:52:41	0:49:29	0:10:56	4:15:10	0:09:56	2:27:11	GB	
337324fd-1a2f-4d10-a93a-df86d14b4d69	1526	Andrii Halchynskyi	M	M45-49	105	7:52:58	1:08:37	0:11:28	3:41:39	0:05:54	2:45:20	UA	
274baaf7-cb83-f011-b4cc-000d3a35ffc1	1527	Aryan Kamath	M	M18-24	170	7:53:58	0:49:23	0:10:18	4:10:32	0:10:43	2:33:01	USA	
a8c48dae-2984-f011-b4cc-000d3a5b50ba	1528	Ally Walton	F	F40-44	54	7:54:07	0:42:44	0:07:52	3:51:36	0:06:48	3:05:07	gbr	
7f7bf12c-3e37-f111-88b3-0022480a5755	1529	Sandra Põllu	F	F18-24	62	7:54:39	0:55:06	0:15:20	3:48:30	0:04:50	2:50:54	EST	
9119224e-ef1a-47e4-a720-8341ec5cb598	1530	Jaanika Aguraiuja	F	F40-44	55	7:55:30	0:44:23	0:07:21	3:33:50	0:06:16	3:23:40	EE	
25ad2f03-1b01-f111-8406-0022480b35b6	1531	Lynda Hembury	F	F70-74	1	7:55:46	1:10:28	0:19:19	4:01:05	0:16:00	2:08:53	GBR	
01f023c9-68ec-f011-8543-00224804742c	1532	Leonóra Szirovicza	F	F30-34	71	7:55:54	0:46:56	0:10:31	4:07:56	0:14:13	2:36:18	FIN	
36810f67-7a11-f111-8406-0022480a5755	1533	Olivia Middlemass	F	F18-24	63	7:57:47	0:43:32	0:13:27	4:01:11	0:08:38	2:50:59	GBR	
22916e8a-3dc9-f011-bbd2-00224806dde8	1534	Annika Aguraiuja	F	F25-29	97	7:57:52	0:49:17	0:07:57	3:34:31	0:07:34	3:18:33	EST	
2b2660c5-7d91-f011-b4cc-0022480c097c	1535	Lisa Cuthbertson	F	F40-44	56	7:59:14	1:05:22	0:10:47	4:04:50	0:10:52	2:27:23	GBR	
cc072aa4-cbeb-f011-8544-0022480c097c	1536	Nadine Priesterjahn	F	F40-44	57	7:59:32	1:00:15	0:14:06	4:00:13	0:15:49	2:29:10	Unknown	
fe9ec4ad-047c-4181-865d-2bce6d3c5797	1537	Batia Ben Aroya	F	F55-59	15	8:00:43	0:43:38	0:17:47	3:42:11	0:14:53	3:02:13	IL	
20b65391-f89c-f011-b41c-6045bd09951e	1538	Rohit Baweja	M	M40-44	125	8:02:43	1:00:48	0:19:06	3:48:26	0:15:33	2:38:51	IND	
2e65f06c-c9b7-4487-82c9-731c347fa9ad	1539	Nufar Kurz	F	F55-59	16	8:02:49	0:54:31	0:21:46	3:46:49	0:08:42	2:51:02	IL	
516225c5-a77e-f011-b4cc-6045bd09951e	1540	Anna Gatu	F	F18-24	64	8:04:29	0:47:07	0:08:07	4:06:23	0:07:12	2:55:39	SWE	
8436edf3-0ef2-f011-8406-00224804c237	1541	Ana Nakova	F	F18-24	65	8:05:17	1:04:27	0:05:32	3:54:35	0:09:44	2:51:00	NLD	
bdc0d125-14d6-4416-9760-e74fc2eeccee	1542	Ingrid Rechlin	F	F55-59	17	8:05:39	1:03:42	0:10:25	3:37:34	0:16:53	2:57:05	est	
03d0a2ab-4d69-4779-87d7-124b686e7c8f	1543	Leili Põder	F	F45-49	33	8:06:53	0:55:11	0:09:47	4:02:45	0:09:18	2:49:51	EE	
6de9cffe-0c5d-f111-a826-0022480b35b6	1544	Tauri Lepaste	M	M35-39	157	8:07:42	0:58:38	0:07:39	3:41:37	0:08:18	3:11:29	EST	
4dc3e227-0d84-f011-b4cc-6045bd05fcc1	1545	Miia Laurikainen	F	F35-39	45	8:07:48	1:10:03	0:12:13	3:47:21	0:12:04	2:46:06	FI	
e3e03696-e288-4b4f-a672-a8fd5a03a3e5	1546	Mona Rayachoti	F	F45-49	34	8:09:10	1:01:38	0:10:36	4:09:45	0:12:31	2:34:40	USA	
6fba1e88-9765-f011-bec3-000d3a5b50ba	1547	Maxi Haltermann	F	F40-44	58	8:10:00	0:55:34	0:14:54	4:09:38	0:10:22	2:39:32	DE	
adbd1061-c794-f011-b4cc-000d3a3173b5	1548	Ellen McNealey	F	F25-29	98	8:12:33	0:44:18	0:08:57	4:37:41	0:16:09	2:25:28		
d67a5dad-1a2e-4a2b-ae89-23c0ac7fd27e	1549	Rahul Singh	M	M45-49	106	8:14:07	0:52:18	0:11:33	3:44:09	0:11:39	3:14:27	ind	
32a71a1e-f6a7-404e-bcd4-10006671d182	1550	Ian Finch	M	M50-54	75	8:14:57	0:49:45	0:12:37	4:06:05	0:10:28	2:56:02	gbr	
4d78587b-d81c-ef11-840b-000d3a314c24	1551	Pedro Miguel Duarte Araújo	M	M30-34	190	8:16:17	0:58:10	0:12:07	3:56:56	0:11:23	2:57:41	PT	
57feb1a7-95bf-f011-bbd3-0022480a7385	1552	Éva Verebélyi-Vajda	F	F30-34	72	8:19:36	0:56:33	0:11:24	4:16:00	0:08:31	2:47:08	HUN	
d1cebc3e-b95c-f011-bec2-000d3a3173b5	1553	Raul Palk	M	M25-29	208	8:20:08	0:56:32	0:07:46	3:54:38	0:05:48	3:15:25	EST	
0990226f-505a-f011-bec2-000d3a5b50ba	1554	Satish Pathare	M	M40-44	126	8:20:29	0:53:46	0:09:11	3:58:22	0:06:58	3:12:12	IND	
39f01da5-fbee-f011-8407-6045bd09fcf5	1555	CARLOS FERNÁNDEZ GALLARDO	M	M40-44	127	8:21:07	0:47:28	0:15:30	4:18:24	0:17:22	2:42:22	ESP	
071bf616-ceaf-4d1d-8815-b0a2da162aa4	1556	Clara Nunes	F	F50-54	27	8:25:17	0:42:39	0:18:31	4:28:45	0:15:14	2:40:08	PT	
42adf471-4eb2-f011-bbd3-000d3a35ffc1	1557	Lena Donat	F	F30-34	73	8:26:25	0:59:39	0:08:16	3:53:23	0:20:02	3:05:05	CHE	
86c3b877-24f9-4d75-ab61-b6a13cb7b1ac	1558	Gunnar Einarsson	M	M45-49	107	8:27:42	1:04:19	0:25:03	3:47:07	0:18:38	2:52:34	MY	
614693c1-44cc-4083-afcf-9fed5b6cc919	1559	Sigal Buganim	F	F55-59	18	8:30:30	1:07:02	0:08:47	4:02:24	0:09:22	3:02:54	IL	
b3d6ecc6-3885-ea11-a812-000d3a5a1cf8	1560	Keiu Lindeburg	F	F30-34	74	8:30:39	0:54:56	0:11:35	4:07:38	0:05:27	3:11:04	EE	
6aef8dc9-19ef-4576-824a-2eba7eaa3a15	1561	Sarah Mcleod	F	F60-64	8	8:34:12	0:55:53	0:10:43	4:15:08	0:08:23	3:04:05	aus	
e69eca79-feca-f011-bbd3-000d3a3173b5	1562	Rajee Jothiramalingam	F	F35-39	46	8:51:28	1:09:42	0:11:14	4:21:25	0:04:52	3:04:14	FIN	
18b98805-a482-f011-b4cc-000d3a5cf7d8	1563	Margret Tigane	F	F25-29	99	9:03:09	0:54:25	0:11:00	4:25:06	0:11:12	3:21:27	EE	
d5b17e79-b863-ee11-8def-0022480acaa6	99999	Michael Mellett	M	M30-34	99999							IRL	DNS
82432f5f-9b86-f011-b4cc-000d3a35ffc1	99999	Mario Tyko	M	M40-44	99999							SK	DNS
988f5aa6-9c99-4fb5-987c-3995b460a85e	99999	Daniel Pardo Goya	M	M18-24	99999		0:46:04	0:08:22				Spain	DNF
cfbdd5fd-b2e7-ef11-8eea-6045bd088264	99999	ravid sahar	F	F45-49	99999							IL	DNS
fd9e67eb-e4c1-4445-a7e8-c20fb46b54a2	99999	Ben Newton	M	M25-29	99999							gbr	DNS
4c1c361f-0c92-e911-a993-000d3a34ed06	99999	Thomas Cort Hansen	M	M50-54	99999		1:11:27					DK	DNF
a38a04e0-ee84-f011-b4cc-6045bd05f634	99999	Maximilian Frank	M	M30-34	99999							DE	DNS
1d24ff0e-c03b-f111-88b4-0022480b84a3	99999	Piotr Stępień	M	M25-29	99999							POL	DNF
90f28356-756f-49f1-b9f9-8ee289f57afe	99999	Elliot Whittingham	M	M35-39	99999							che	DNS
6f3e6c23-0219-eb11-a813-00224808bb10	99999	Anirudh Kandpal	M	M50-54	99999							IN	DNS
6dc6dc57-1d00-4c6d-b8c1-7412ed4f7234	99999	Hunar Aljaderi	M	M40-44	99999							nor	DNS
139ccd94-5fef-ef11-9342-000d3a3126fd	99999	Mykhailo Derevoriz	M	M35-39	99999							UKR	DQ
eddeab0b-bf67-f011-bec3-000d3a3173b5	99999	Saskia van Niekerk	F	F30-34	99999							NLD	DNF
ebfe702c-8e4a-477f-b58d-c43aaf5d57f6	99999	Aleksandr Kostin	M	M40-44	99999							EE	DNS
4bcfa2d1-4526-42a3-9d95-499f7576f7d3	99999	Satu Pippola	F	F55-59	99999							FIN	DNS
b1ae1292-c7b4-4b8e-8d36-9d1d60849bb4	99999	Vassili Ljahhovets	M	M40-44	99999							est	DNS
ec0bc9d2-23ba-f011-bbd2-000d3a34d506	99999	Guilherme Silveira	M	M25-29	99999							prt	DNS
0b2f9faa-eab5-4c80-ba80-4da8c71b2889	99999	Ed Murphy	M	M45-49	99999							IE	DNS
069ee720-0f9d-4094-b646-48f78e6d1172	99999	Juha Kallioinen	M	M55-59	99999		0:35:41	0:05:09	2:40:14	0:04:59		FI	DNF
ff2cf15e-b0a5-f011-bbd3-000d3a5b7c3b	99999	Ignas Volbikas	M	M30-34	99999							LTU	DNS
d680e9c8-4cb4-f011-bbd3-0022480a7385	99999	Kristjan Lilleoja	M	M35-39	99999							est	DNS
8a1d6ae5-6df4-4c21-84ca-f92fbb65b0de	99999	Matt Redford	M	M50-54	99999							fin	DNS
4c78b74c-c910-f111-8406-000d3a355e28	99999	Adil Mutlu	M	M18-24	99999							GBR	DNS
5223bf7c-d102-4a2c-982e-4119f514b509	99999	Ergo Näälik	M	M25-29	99999							FI	DNS
50f5525d-9745-40cd-ad83-efa6efd34879	99999	Shiva Leisner	F	FPRO	99999							DNK	DNS
961aae30-23e0-ef11-8eea-000d3a3126fd	99999	Elvis Frank Canchari Lapa	M	M35-39	99999							GB	DNS
3bf7dfcc-5098-4cc1-a728-09a628a35962	99999	Alexander Becker	M	M45-49	99999							DE	DNS
9e337881-0fd3-4eab-8a78-e469007166be	99999	Geoffroy Houlot	M	M50-54	99999							fra	DNS
0f2912ae-553e-4267-81cf-a9d96356369f	99999	Christian Salling	M	M50-54	99999							DK	DNS
dfe131f8-c6b3-472b-81a9-9123ff6df4a1	99999	Michael Zielinski	M	M35-39	99999							GB	DNS
79fecb9d-c267-f011-bec2-0022480a7385	99999	Ulrich Cort Hansen	M	M50-54	99999		1:10:52					DK	DNF
5ea5f957-358e-f011-b4cc-000d3a5b50ba	99999	Juss Kaspar Lvovs	M	M18-24	99999							EE	DNS
bb9542e7-0460-4e41-8504-a17878f96d32	99999	Laurent Bai	M	M45-49	99999							FR	DNS
1a2290d8-7d86-f011-b4cc-000d3a5cf7d8	99999	Amit Dixit	M	M45-49	99999							gbr	DNS
c6ea5742-139b-f011-b4cc-000d3a5cf7d8	99999	Bjarne Hermundsgård	M	M35-39	99999							NO	DNS
913d489d-91b4-4d41-9743-48da8f485f2a	99999	Maximilian Cordier	M	M35-39	99999							che	DNS
63d978a6-8cd8-f011-8544-000d3a5cf7d8	99999	Gustavo Duarte	M	M18-24	99999								DNS
d2ce3d45-79d6-4c79-acc3-a41b72d548e6	99999	Zoe Hall	F	F35-39	99999							GB	DNS
a25425b3-41e1-f011-8544-000d3a35ffc1	99999	NURIDDIN RISBOYEV	M	M30-34	99999							UZB	DNS
98aa4289-3c5b-f011-bec2-6045bd09951e	99999	Jari Berg	M	M35-39	99999							FIN	DQ
8da2dc31-0a40-4d2c-b705-1e984e0ee410	99999	Mehdi Chabadi	M	M25-29	99999							FR	DNS
6c94a976-dc1b-43ab-8e03-5628f563ed41	99999	Douglas Gardiner	M	M40-44	99999							gbr	DNS
f593896d-a029-4635-bd26-7fa378d23f7b	99999	Sivabala Hari Sudan Murugesan	M	M40-44	99999		1:18:54					IN	DNF
a34427bb-ed14-4381-8f32-6a4829a3bc14	99999	James Milner	M	M30-34	99999							gbr	DNS
deec092f-dff2-f011-8407-0022480c097c	99999	Jakob Mattsson	M	M40-44	99999							swe	DNS
5cacfaac-4550-477e-9fb6-d48095eccd36	99999	Anton Kuivasto	M	M30-34	99999							fin	DNS
221abe3a-8239-41cc-b502-2d648713a1a8	99999	Amit Lodha	M	M45-49	99999		1:00:46	0:15:06	4:15:29	0:08:58		IN	DNF
f3116366-efed-4bf6-a17a-17da0eef8011	99999	Grethe Petersen	F	F55-59	99999							GB	DNS
6f28e636-22c7-f011-bbd3-000d3a5b50ba	99999	Mohammed Jawwad Zamin Ali	M	M25-29	99999							GBR	DNS
c01b71a4-8585-f011-b4cc-000d3a5cf7d8	99999	Tuomas Linnakivi	M	M30-34	99999							FI	DNS
20a753f5-3ca7-4e09-9ec7-2ed4dbfcadad	99999	Lloyd Henry	M	M50-54	99999		0:58:16					usa	DNF
0573fbb4-99dc-ef11-8eea-000d3a5ae96c	99999	Vital Laptenok	M	M35-39	99999							PT	DNS
95bf4170-40bf-f011-bbd3-6045bd05fcc1	99999	Tim Gajewski	M	M25-29	99999							DEU	DNS
9ae0929d-7660-41ba-a4b6-63d1a4a42d00	99999	Tom Semoulin	M	M18-24	99999							FR	DNS
74ac2870-f304-f011-bae2-000d3a5cf7d8	99999	Nikolai Henningsen	M	M18-24	99999								DNS
b1bc3d2a-c3bb-f011-bbd3-000d3a3173b5	99999	Amy Pollmann Daamen	F	F25-29	99999		0:36:32	0:04:50	2:31:22			IRL	DNF
0e1e9761-af85-f011-b4cc-000d3a35ffc1	99999	Tomos Edwards	M	M30-34	99999							GB	DNS
195e5a5c-f755-49ab-93fe-50a4ce84e563	99999	Ivo Smolak	M	M25-29	99999							ES	DNS
4459b130-a67b-f011-b4cc-002248098cfa	99999	Sigurd Elvestad	M	M18-24	99999							NOR	DNS
588e2b84-4757-f011-877b-000d3a35ffc1	99999	yvan Cruz	M	M35-39	99999							fra	DNS
05e7d622-caba-4ea5-8dcf-4261985eff4d	99999	Oskar Mihhailov	M	M30-34	99999							EE	DNS
e8ee0220-c366-ef11-bfe3-6045bd010fe7	99999	Arbel Shezaf	F	F50-54	99999							IL	DNS
85830206-b12c-4e47-9a53-fcc034c79e26	99999	Christoph Ladits	M	MPRO	99999							Austria	DNS
b1fd842e-4a87-f011-b4cc-000d3a35ffc1	99999	Oliver Schoch	M	M35-39	99999							che	DNS
cacdc2a6-102e-46c1-b45b-051f06797f02	99999	Fabien Brossaud	M	M40-44	99999	5:39:50	0:33:59	0:31:52				swe	DNF
6ae6eeb0-b7cb-4211-beab-84964f941ae9	99999	Niall Connaughton	M	M45-49	99999		0:34:03	0:07:08				IE	DNF
aeaa2e0a-bbce-f011-bbd3-000d3a5b7c3b	99999	toni Garchette	M	M30-34	99999								DNS
bf656247-597f-eb11-b1ab-000d3a591f2e	99999	Ejaz Hamed		M55-59	99999							SA	DNS
fcada70b-5ccf-f011-bbd3-000d3a5cf7d8	99999	Cho ming jonathan Ho	M	M30-34	99999							HKG	DNF
35f20289-07f4-4672-aa3d-77e24c4ea2ea	99999	Anna Brunner	F	F35-39	99999							AT	DNS
b2df5a31-201e-f111-8341-0022480b35b6	99999	Sondre Faanes	M	M25-29	99999							NOR	DNS
a0305f44-0a84-f011-b4cc-002248098cfa	99999	Ope Otaniyi	M	M30-34	99999							GB	DNF
2d1db614-29e0-f011-8544-000d3a5b7c3b	99999	Emma Hartley	F	F25-29	99999							GBR	DNS
480325fe-af2a-f111-88b3-0022480b35b6	99999	Kätlin Vinn	F	F18-24	99999							EST	DNF
116bd0a7-3974-4a75-a0dc-3c94a501d0b4	99999	Luis Ignacio Urbina Martinez	M	M40-44	99999							MX	DNS
2967cffb-3d48-ef11-a316-000d3a3b4ec1	99999	Susanna Jokkala	F	F45-49	99999							FIN	DNS
1c3f2295-4978-f011-b4cc-000d3a3173b5	99999	Johanna Hahlin	F	F30-34	99999							SE	DNS
e36d9109-eee7-f011-8544-000d3a5b7c3b	99999	Franco Pavan	M	M30-34	99999							CHE	DNS
0d45cf6c-7b10-ef11-9f8a-6045bd012ace	99999	Agata Depka	F	F45-49	99999							EE	DNS
e1ae975c-edbd-4312-a8c4-13ee440b853f	99999	Daniel Hahn	M	MPRO	99999							DEU	DNS
97f86ea8-a358-4153-b576-b9dbeeac7816	99999	Cloé Bourlet	F	F30-34	99999							FR	DNS
7daac8d4-5e19-f011-9989-6045bd05f634	99999	Karen Vella	F	F35-39	99999		0:51:31	0:12:01				mlt	DNF
97a23d55-387f-4e0e-936f-eee3828ead21	99999	Martin Prochazka	M	M60-64	99999							cze	DNS
b774e247-328d-453f-bec3-82928004a667	99999	Rain Pärn	M	M40-44	99999							EE	DNS
01977748-153d-4cd3-a2b0-858373f16c6e	99999	Catrin Jones	F	F35-39	99999							GB	DNS
ef6d5f8d-d40c-4b4a-8d33-f495d99f639a	99999	Rainer Kaljumäe	M	M35-39	99999							EE	DNS
b1822d22-a97a-ef11-a670-000d3a5b3d07	99999	Paloma Navarro	F	F25-29	99999							CA	DNS
1be1d8ba-ddda-4e33-b2bb-68cf5ef3ffc3	99999	Petri Forma	M	M65-69	99999							fin	DNS
0952f142-a6ae-f011-bbd3-0022480a7385	99999	Nikolay Korzh	M	M25-29	99999							LV	DNS
d39bf778-9fe0-f011-8543-000d3a5b5fc7	99999	Jonas Birk Skjoldborg	M	M18-24	99999							DNK	DNS
4ad0668c-07eb-f011-8543-6045bd05fcc1	99999	kendy sagadi	M	M40-44	99999		0:38:30	0:10:01				EST	DNF
4498a543-a17c-ef11-a670-000d3a5a1803	99999	Daniel Ollikainen	M	M25-29	99999							FI	DNS
a9f3a34f-8773-f111-ab0f-0022480b35b6	99999	Marin Järvpõld	M	M35-39	99999							EST	DNF
6a2659b0-ab6e-44bc-b80a-e204bcd61b42	99999	Monika Ehrlich	F	F60-64	99999							deu	DNS
6e70fdde-7f14-f111-8341-0022480b35b6	99999	Joonas Maisala	M	M25-29	99999							FIN	DNS
1b923f53-d79d-f011-b41b-6045bd0474fa	99999	Andrii SAMCHYSHYN	M	M35-39	99999							UA	DNS
e04aeb46-f4ad-f011-bbd3-000d3a5b7c3b	99999	Ashay Punekar	M	M45-49	99999		1:15:01	0:31:32				fin	DNF
271ee471-1222-47b2-859c-74c1645a6b19	99999	Oliver Cooksey	M	M25-29	99999							gbr	DNS
a543ec25-12b3-4fdd-a2ae-ebf2977fc755	99999	Matteo Devidè	M	M18-24	99999							IT	DNS
b014eb95-eebb-f011-bbd3-000d3a35ffc1	99999	Leonid Makaron	M	M75-79	99999							USA	DNF
0b3df18a-48c3-f011-bbd2-000d3a5b7c3b	99999	Michael Khoury	M	M35-39	99999							CAN	DNF
4849361a-8207-469d-9a37-506e6a13b208	99999	Wigger Heslinga	M	M35-39	99999							NL	DNS
1848064f-8e38-ef11-8409-000d3a383830	99999	Katerina Kairo	F	F40-44	99999							FI	DNS
8726073d-1701-f011-bae2-0022480c097c	99999	Ben Wianecki	M	M25-29	99999							US	DNS
22fc46c1-c2d5-ef11-8eea-000d3a3126fd	99999	Elena Liebrenz	F	F18-24	99999							che	DNS
85990f0a-2c42-48a8-ab73-85b8babb885b	99999	Maxence Mey	M	MPRO	99999		0:23:49	0:02:14	3:40:16			France	DNF
eb437594-5211-f111-8406-002248046ec8	99999	Sean Malcolm	M	M25-29	99999							CHE	DQ
841a6134-7bec-46e4-b8de-a6a5f6b7a3ef	99999	Sue Turley	F	F60-64	99999							gbr	DNS
1463e02e-3a30-434a-8756-c08bb54abac7	99999	Alex Mcdonald	F	F25-29	99999							GBR	DNS
26090f2a-f113-ef11-9f8a-000d3a314c24	99999	Michele Iaccarino	M	M25-29	99999							GB	DNS
6ef35331-84d8-4840-8a35-1320927453a4	99999	Christian Beyer	M	M50-54	99999							DE	DNS
4c39c176-e9f6-f011-8406-7ced8d6e4e75	99999	Jiří Macourek	M	M50-54	99999							CZE	DNS
854fad45-4563-4efa-999c-78f944b4c215	99999	Marin Lerche	F	M25-29	99999							Unknown	DNS
0c361648-2e60-4867-9133-1f548691e553	99999	Kairi Ustav	F	F45-49	99999							EST	DNS
5b9568f7-4310-45d0-9a76-568282686117	99999	Thiago De Moraes Tardioli	M	M40-44	99999							nld	DNF
75a0f4c5-b779-ea11-a811-000d3a5a1cf8	99999	James Simmons	M	M35-39	99999							GB	DNS
cdcf32f0-5306-f111-8406-0022480b84a3	99999	Adrian Utsar	M	M18-24	99999							EST	DNS
a72ba730-9652-4027-bd6a-dfd29c1bb084	99999	Patrick Keane	M	M30-34	99999							IE	DNS
a03d64f3-08e1-45b7-b69c-925ea6c5f0b8	99999	Lukas Pazdera	M	M40-44	99999							cze	DNS
bd3560e6-035d-f011-bec2-000d3a35ffc1	99999	Jules CRISTOFOLI	F	M18-24	99999							Unknown	DNS
c461125b-903f-4ed0-be8c-2f79eca61812	99999	Aho Augasmägi	M	M50-54	99999							est	DNS
14a7d50b-8e54-ef11-a316-000d3a30abde	99999	Yannick Winkler	M	M18-24	99999							che	DNS
f4d22b84-6c92-f011-b4cc-0022480a7385	99999	Patrick Adamson	M	M25-29	99999							GB	DNS
b9cb8c75-687a-f011-b4cc-000d3a3173b5	99999	Helen Murray	F	F25-29	99999							USA	DNS
95b290c9-cb66-ef11-bfe3-00224809fd7c	99999	Amos Kolath	M	M60-64	99999							IL	DNS
66918db6-0ae1-4d1f-96a8-0e13e82c990b	99999	Vemund Wiedswang	M	M25-29	99999							NO	DNS
3faae107-ea47-4539-ac8b-a13232473ee2	99999	Christina Raggio	F	F35-39	99999							gbr	DNS
51dc0242-90bc-f011-bbd3-002248098cfa	99999	Hanna Lavikka	F	F25-29	99999							fin	DNS
15420818-1871-429b-94bc-071f49b0223e	99999	Egil H. Gleditsch	M	M45-49	99999							nor	DNS
6983487a-a2ab-483c-b4f9-a7f708aa0ea1	99999	Michelangelo Biondi	M	M35-39	99999							IT	DNS
612b4518-a184-f011-b4cc-6045bd05fcc1	99999	Lina Hollsten	F	F30-34	99999							FI	DNS
9dd634c8-a04d-f111-bec5-7ced8d6f4716	99999	Joachim Rudolph	M	M70-74	99999							BRA	DNS
3c86a644-3716-43f9-8335-d1d38b42f99b	99999	Edgar Kivit	M	M30-34	99999							EE	DNS
7604ee68-9f46-f011-877a-0022480c097c	99999	Madis Mere	M	M50-54	99999							EE	DNS
f7db5b08-a68b-4fb7-bb56-1f318708bd78	99999	Katia Hadaschik	F	F50-54	99999							GB	DNS
d21928bd-8a70-47dc-9ef4-31dd6d74d771	99999	Jonatan Ibarra	M	M35-39	99999							mex	DNS
4435615b-e3df-4448-8843-77864dda99ad	99999	Irina Oleinits	F	F55-59	99999							EE	DNS
d9736f4a-1fe2-4307-81b7-09af82f350da	99999	Vitali Jekimenko	M	M40-44	99999							EST	DNS
7844902e-1046-f111-bec5-6045bd06566a	99999	Kathleen Rowland	F	F55-59	99999							GBR	DNS
81eb8864-bd1f-4254-b3fc-d1a2a1fef8be	99999	Khalid Guliyev	M	M50-54	99999							AZ	DNS
f2679f4b-8da2-f011-bbd3-000d3a3173b5	99999	Marlene Mifsud	F	F40-44	99999		1:01:45	0:14:08				MT	DNF
7d56b99c-f967-f011-bec3-000d3a3173b5	99999	Wouter Botman	M	M60-64	99999								DNS
8b5c274f-c4e8-f011-8544-000d3a35ffc1	99999	Megan Holder	F	F30-34	99999							gbr	DNS
a4b520d8-e8db-4c87-80cf-e7a4e3a09d93	99999	Daniel Erdelyi	M	M35-39	99999							che	DNS
8823e562-6144-f011-877a-000d3a5b50ba	99999	Sheila Achermann	F	F35-39	99999							SE	DNS
cab7254a-7ec8-ef11-b8e8-000d3a5a403c	99999	Peter Gordon	M	M25-29	99999							GB	DNS
f4497f85-b120-f111-8341-0022480b88da	99999	Karol Ciecharowski	M	M25-29	99999							POL	DNF
0c8ff20d-8392-43e3-a1a5-0acded2119e6	99999	Luis Fernando Ruiz	M	M40-44	99999							MX	DNS
56cfb0ad-337d-f011-b4cc-000d3a5b50ba	99999	Randy Dufloo	M	M25-29	99999							NLD	DNS
49b82c37-1402-4004-a7f9-235df2ed25ab	99999	Romain Perrois	M	M35-39	99999							BE	DNS
d9bab97d-bc37-f111-88b3-0022480a5755	99999	Peeter Tars	M	M45-49	99999							EST	DNS
0f6a3404-4c55-41f2-a2a5-7a4f6f466512	99999	David Dew	M	M40-44	99999							GB	DNS
92ee6aee-3e3e-4d63-8b36-07534c029a4a	99999	Magnus Ruud berntsen	M	M40-44	99999							nor	DNS
08f02712-0df2-ef11-9342-000d3a5a1803	99999	Maija Hirsimaki	F	F25-29	99999							NO	DNS
17f9a53d-b8b3-ee11-a568-000d3a302ebf	99999	Karlis Zars	M	M30-34	99999							LVA	DNS
0b5265e1-8616-f111-8341-6045bd09ca98	99999	Ādams Freimanis	M	M18-24	99999							DEU	DNS
5126de8e-541e-48de-badf-efebd169e7e3	99999	Sergis Timofejevs	M	M50-54	99999							LV	DNS
ea398dde-4628-f111-8341-6045bd08b1a2	99999	Maxim Egorov	M	M40-44	99999							ESP	DNS
b66e2d47-32f5-4647-9478-e7c072ad5ca3	99999	Linda Murray	F	F65-69	99999							GB	DNF
42b6c3fc-85dd-4cbb-9076-dba7358ae28e	99999	Paolo Mevio	M	M60-64	99999							MCO	DNS
7602b17e-9b0e-f111-8406-0022480b35b6	99999	Olav Flatabø	M	M18-24	99999							NOR	DNS
670acfae-e3e3-4230-9fb6-18d48bdc3af4	99999	Serhii Nikolaienkov	M	M30-34	99999							che	DNS
09ac465e-8483-47db-a950-c062b99c747c	99999	Jack Sharples	M	M30-34	99999		0:42:34	0:07:13	3:00:54			gbr	DNF
051c0bab-9a9e-f011-b41c-002248098cfa	99999	Mariia Makushina	F	F40-44	99999							FI	DNS
80ef65ac-09ab-4da2-bb50-8540228f96e7	99999	Julie Derron	F	FPRO	99999							CH	DNS
fba3cb5a-a74e-f111-bec5-0022480a5755	99999	Nerea Abrego	F	F40-44	99999		0:43:49	0:06:53	3:03:28	0:06:37		fin	DNF
9ef966f5-90fa-f011-8406-6045bd06566a	99999	Rene Kaalo	M	M45-49	99999							EST	DNF
6678c931-036b-f011-bec2-002248098cfa	99999	Alex Boulton	M	M35-39	99999							esp	DNS
cec32568-2d36-4274-80f0-e04df6c8ad1b	99999	Janne Kallio	M	M50-54	99999		0:31:26	0:02:40				fin	DNF
f8c713c7-fb93-f011-b4cc-6045bd05fcc1	99999	Laura-Liis Juursalu	F	F45-49	99999							EE	DNS
3f0bdbbc-f78b-f011-b4cb-000d3a5c3d6c	99999	Andrew Lines	M	M35-39	99999								DNS
af8967d5-93bd-f011-bbd3-000d3a5b50ba	99999	Meelis Veilberg	M	M65-69	99999							EST	DNS
15d372e6-d31c-f111-8341-0022480b35b6	99999	Delyth Williams	F	F35-39	99999							GBR	DNS
c8b029fe-7bd9-4ee1-9abf-1de05e86973a	99999	Kate Pilling	F	F30-34	99999							GBR	DNS
3b830467-83e0-42c2-98cb-24a364e35121	99999	Yu-Nan Tai	M	M45-49	99999							TW	DNS
5d9cc614-de63-4abb-b18b-72cd1ea0e2ec	99999	Stéphane Pautard	M	M60-64	99999							QA	DNS
b3ff5658-2788-f011-b4cc-000d3a5b50ba	99999	Laura Skjødeberg Almind	F	F25-29	99999		1:06:59	0:12:10				DK	DNF
5e810349-5c30-f111-88b4-002248046ec8	99999	Kristoffer Sola	M	M18-24	99999							NOR	DNS
113b866a-220b-4ac3-83bf-a56c5c0d7de9	99999	Natalie Storbacka	F	F30-34	99999							FI	DNS
878acf82-9584-f011-b4cc-000d3a35ffc1	99999	Archibald-Stiwan Kald	M	M40-44	99999							EE	DNS
e4b9bbde-ffe8-f011-8544-000d3a5b50ba	99999	Leo-Livius Arne Weber	M	M18-24	99999							DEU	DNS
78b40251-dbed-ec11-bb3d-000d3a376a56	99999	Vansh Chiripal		M25-29	99999							IND	DNS
bfd0f48c-b032-f111-88b4-0022480b35b6	99999	Benjamin Berger	M	M18-24	99999							AUT	DNS
debfd7ab-7a43-4a87-9b32-2ee906777715	99999	Neil Collins	M	M45-49	99999							gbr	DNS
51e225e4-079a-f011-b4cc-0022480c097c	99999	Chris McCabe	M	M35-39	99999								DNS
e4d8c163-9690-f011-b4cc-000d3a5b50ba	99999	Patrick Bew	M	M25-29	99999		0:36:00	0:05:05	2:44:35	0:05:10		GBR	DNF
06707dc0-7ffe-f011-8406-0022480b84a3	99999	Gabriel Ilisson	M	M18-24	99999							EST	DNF
c5adeebf-2108-409f-9e35-e1509d4fe171	99999	Jenny Amrein-Vögeli	F	F35-39	99999							CH	DNS
ad1df4fa-f488-f011-b4cc-000d3a3173b5	99999	Taiko Tazaki	F	F18-24	99999								DNS
291cec38-a06d-4fb1-8744-b8bf50719229	99999	Molly Schnelle	F	F40-44	99999							US	DNS
cd1baad5-1bc2-f011-bbd2-000d3a5b7c3b	99999	Karel Kõiv	M	M40-44	99999							EST	DNS
fbc88a67-6986-469a-8fd7-4bf5d5025188	99999	Adam Schindler	M	M30-34	99999							ES	DNS
8855fa60-6c7c-420a-b962-5e5b2b26f777	99999	Tits Gulbis	M	M30-34	99999							LV	DNS
8f065b7d-78d7-f011-8544-000d3a3173b5	99999	Jessica Morris	F	F25-29	99999							GBR	DNS
cb5be087-0784-f011-b4cc-000d3a35ffc1	99999	Mihkel Nikolai	M	M25-29	99999							EE	DNF
2bb638b9-a49a-f011-b4cc-0022480c097c	99999	Nick Gordon	M	M50-54	99999							GB	DNS
42b96002-1edf-4a90-9d3f-a7caf3a7562e	99999	Lauri Kiilholma	M	M35-39	99999		0:36:28	0:03:27	2:30:21	0:03:32		FIN	DNF
d0655057-bd19-45f2-b535-8cbfd09ddd24	99999	Chris Yates	F	M50-54	99999							Unknown	DNS
c6de112b-2611-f111-8406-0022480b88da	99999	William Kalikman	M	M25-29	99999							CHE	DNS
1b1f6baf-a668-ef11-bfe3-6045bd0953ac	99999	Raivis Svārups	M	M50-54	99999							LVA	DNS
dbfedc2c-d4c8-44e1-9603-d680b68cf64d	99999	Petr Matejcek	M	M40-44	99999							CZ	DNS
34baaa43-0efa-ed11-8849-000d3a314cac	99999	Kevin Casagrande		M25-29	99999							IT	DQ
36e76666-4550-4ca1-af0d-5ceb4def1545	99999	Aurika Türner	F	F35-39	99999							EE	DNS
cccda50e-51e9-4e28-a2cb-7356affc6558	99999	Andrew Whyte	M	M30-34	99999							DK	DNS
878deee4-06ce-4949-8c37-9fb2a4a678d1	99999	Vicki Gale	F	F60-64	99999		0:57:59	0:10:15				GB	DNF
141ad336-8981-f011-b4cc-002248098cfa	99999	Heliis-Alexandra Kägo	F	F18-24	99999							EST	DNS
c5c64b5c-27d1-463c-bf65-3a86ac47e0b3	99999	Taavi Klooren	M	M35-39	99999							EE	DNS
cca8a8a3-0edb-f011-8543-000d3a5b5fc7	99999	Sander Mikk	M	M30-34	99999							EST	DNS
2d642cfa-e421-4c13-bbf2-148fb8c95aca	99999	Silvana Heimgartner	F	F40-44	99999							che	DNS
3b7d7fff-2003-42b1-86a9-4da3aacdb1a2	99999	Roberto DI SEGNI	M	M18-24	99999							gbr	DNS
45c343eb-62c8-4bf4-b002-94422011774f	99999	Corinne Bowald	F	F35-39	99999							che	DNS
c73bba46-6e6a-4c8d-9781-1d21c069673a	99999	Fidias Kanellakis	M	M50-54	99999							GR	DNS
2c531d28-642f-f111-88b3-002248046ec8	99999	Michael Kitsing	M	M25-29	99999							EST	DNS
ef3e6a78-b8cc-f011-bbd3-6045bd05fcc1	99999	Maximilian Clemens	M	M18-24	99999							DEU	DNS
7bd7d8dd-bdc9-4b14-867d-089730fd3b2b	99999	Jack Lear	M	M35-39	99999							gbr	DNS
31ab0e6a-197b-4574-a039-cb6f2fab7ac2	99999	Ajaypal Singh	M	M55-59	99999		1:19:10					IN	DNF
de890395-ecaa-48b4-85ac-de4104bc3cef	99999	Kimmo Kasslin	M	M50-54	99999							fin	DNS
11852042-fe8b-4421-878a-1febaf05c98e	99999	Silas Plambæk	M	MPRO	99999							DK	DQ
25ab5363-bc67-f011-bec2-000d3a5c3d6c	99999	Paweł Kuźniar	M	M45-49	99999							POL	DNS
b283b163-acbd-f011-bbd3-000d3a3173b5	99999	Iris Hall	F	F25-29	99999							GBR	DNS
cbd8818b-7b3d-f111-88b3-0022480a5755	99999	Ján Landl	M	M40-44	99999							SVK	DNS
f845a148-7c7b-f111-ab0e-70a8a5b19cbc	99999	Ivan Rudnichenko	M	M18-24	99999							LTU	DNS
422cde2e-f066-ef11-bfe3-6045bd0953ac	99999	David Harthcock	M	M30-34	99999							usa	DNS
56bdf204-879f-f011-b41c-0022480a7385	99999	Volodymyr Priadka	M	M40-44	99999							ukr	DNF
b823416a-dffe-f011-8406-0022480b84a3	99999	Bruno Kadak	M	M50-54	99999							EST	DNS
bbf6a65d-0836-478c-8aee-6347f677eb4c	99999	Jonna Selroos	F	F30-34	99999							FI	DNS
639284ee-7972-4e69-adcd-90c7daf93c18	99999	Janis Kasalis	M	M50-54	99999							LV	DNF
a048cb9c-a3d0-4742-b205-605983f7876a	99999	Mark Hand	M	M50-54	99999							IE	DNS
474f907f-92ef-46b8-9dc8-3c6657918227	99999	Luke Bramall	M	M35-39	99999		0:30:51	0:07:02	2:37:38	0:05:02		United Kingdom	DNF
abcbcd88-adf1-4308-87b4-3da27c82358a	99999	Inez Stärk	F	F60-64	99999							NL	DNS
55d5c41e-6653-491a-b716-f4ba2694d499	99999	Viktorija Kanepe	F	F35-39	99999							est	DNS
6f4b9b18-6463-f111-a825-0022480b35b6	99999	Reinis Tihovs	M	M35-39	99999							LVA	DNF
92aa6c98-bac4-f011-bbd3-6045bd09951e	99999	Tim Smith	M	M60-64	99999		1:12:06	0:14:57				CHE	DNF
a8ba92f8-4ccc-f011-bbd2-6045bd05deae	99999	Victor Martins Duque Estrada Zeitune	M	M25-29	99999							GBR	DNS
95c6e907-92b8-43df-af4a-77276fda94df	99999	Alice Côté-Allard	F	FPRO	99999		0:29:43	0:02:47				CA	DNF
b54aca79-6e1e-4299-a198-b95b1faf6b95	99999	Ben Price	M	M50-54	99999		0:34:12	0:03:00				GB	DNF
0d27375e-168f-f011-b4cb-7ced8d3d9235	99999	Angus Denison-Pender	M	M18-24	99999		1:27:06	0:06:53				GB	DNF
6e7c8b73-3ad0-f011-bbd3-6045bd09951e	99999	Thanos Voulkos	M	M30-34	99999							GRC	DNF
4259234f-1eca-ef11-b8e8-6045bd088264	99999	Shraddha More	F	F25-29	99999							IRL	DNF
c365e10e-96c3-4547-96aa-db4f5de3f920	99999	Timo Seppala	M	M55-59	99999							fin	DNF
3699895c-1338-4562-9b97-4096293d66fd	99999	Suresh Podaran	M	M40-44	99999							IN	DNS
3f904818-cc1b-4e15-860f-fef69ed1cb1c	99999	Andrea González	F	F35-39	99999							mex	DNS
f21a0f8d-33c9-f011-bbd3-6045bd05f634	99999	Zafar Hasanov	M	M35-39	99999							UZB	DNS
86046046-1930-4498-8e57-1015a31f8bb5	99999	Hannes Rootsi	M	M35-39	99999							EST	DNS
97614703-ff0a-ea11-a811-000d3a5a1e46	99999	Markus Heikkilä	M	M45-49	99999							FI	DNS
83321754-afc8-f011-bbd3-6045bd05fcc1	99999	Micah Brown	M	M18-24	99999							GBR	DNS
97931370-8a52-f111-bec7-0022480b84a3	99999	Saidjon Tursunov	M	M35-39	99999							RUS	DNS
5233b59a-1f6b-f011-bec2-000d3a5b7c3b	99999	Sergei Nikiforov	M	M35-39	99999							EST	DNS
35d958eb-d53e-f011-b4ca-000d3a5cf7d8	99999	Robin-Voldemar Rõžko	M	M25-29	99999							EE	DNS
d1436f49-a33f-f111-88b4-0022480b84a3	99999	Salim Alnaqbi	M	M30-34	99999							ARE	DNS
dcbfb1f1-306b-f011-bec3-6045bd05f634	99999	Mathieu Bourlet	M	M35-39	99999							FRA	DNS
47d914a6-889b-ef11-8a6a-000d3a338a3c	99999	Siddharth Vinod		M35-39	99999							IND	DNS
702a4c46-8c7a-43cc-a54b-a648a372e39f	99999	Terttu Kadarpik	F	F40-44	99999							EE	DNS
f847454f-b157-f111-bec7-0022480a5755	99999	Prokop Gruber	M	M18-24	99999							CZE	DNS
0f501c42-e04d-ef11-a317-6045bd08b27c	99999	Ronny Boldt	M	M50-54	99999							deu	DNS
c511f213-bd46-f011-877a-0022480c097c	99999	Sandra Gilberg Larsen	F	F25-29	99999							NO	DNS
a943d85d-71b4-f011-bbd3-6045bd05fcc1	99999	Felipe Raats Daud	M	F35-39	99999							bra	DNS
31206d4c-c583-4104-98ec-4252f7b6b86c	99999	Casimir Moine	M	MPRO	99999		0:23:09	0:01:53	2:08:57	4:50:37		FR	DNF
6e6159c4-f0bf-f011-bbd2-7ced8d711e4b	99999	Santeri Huhtala	M	M25-29	99999							Unknown	DNS
f0cc4dcc-703e-4372-af6b-4f22153e004a	99999	Mireia Domingo-Oriol	F	F30-34	99999	5:31:37	0:40:04	0:17:38				swe	DNF
56420d67-db52-ee11-be6f-000d3a314cac	99999	Sardar Tariq Ahmad	M	M55-59	99999							Pakistan	DNS
ec091447-7ad8-f011-8543-000d3a5b5fc7	99999	Aleksandr Kulinits	M	M35-39	99999							EST	DNS
6c49f54f-941f-ee11-9cbd-000d3a314cac	99999	Mark Reznikov		M45-49	99999							ISR	DNS
61f339b3-097d-f011-b4cc-6045bd05fcc1	99999	Laura Lo-Pinto Renault	F	F25-29	99999							IRL	DNF
ddd452f6-f9d0-4cd1-863d-bfbc977f0542	99999	Sander Linnus	M	M35-39	99999							EE	DNS
89a9ae41-ec38-47f2-970b-5259d356d45b	99999	Carlo Diponio	M	M55-59	99999							GB	DNF
111714ba-4196-4944-8afc-b6f701c40f3a	99999	Ya Hui Meng	M	M65-69	99999							TW	DNS
34a9bcad-7b4b-489c-99b0-5289613572bd	99999	Marek Lahe	M	M45-49	99999							EST	DNS
057b9c1e-95cc-f011-bbd2-000d3a5b5fc7	99999	DHIMITRIS NDREU	M	M35-39	99999							IRL	DNS
4680fea1-1b61-4a53-a1a7-a3ca7c1608e1	99999	Lisa Wallis	F	F55-59	99999							gbr	DNS
7874a627-7005-4ef1-ab4a-49daf5d7829b	99999	Jakub Dudek	M	M30-34	99999							POL	DNS
b4fe4c8e-3388-f011-b4cc-000d3a3173b5	99999	Gerli Nikolajev	F	F35-39	99999							EE	DNS
3189e4e7-be1b-f111-8341-0022480b35b6	99999	Debora Castro	F	F50-54	99999		1:27:59	0:12:08				PER	DNF
e7c3426c-c799-491f-96c2-9beca1afc871	99999	Mehdi Bensouda Korachi	M	M40-44	99999							FR	DNS
2f3541bb-daca-f011-bbd3-000d3a5b7c3b	99999	Anna Sanocki	F	F40-44	99999							gbr	DNS
00aebfb3-cc69-ef11-bfe3-000d3a367177	99999	Maada jbr Abdallah	M	M55-59	99999							IL	DNS
32543b60-d90e-42d1-919e-2c70215806b2	99999	Sam Evans	M	M35-39	99999							gbr	DNS
70c80d29-6b4d-f111-bec5-6045bd06566a	99999	Kari Nieminen	M	M60-64	99999							FIN	DNS
2b92da98-828d-f111-8077-6045bd08b1a2	99999	Janne Levula	M	M50-54	99999							FIN	DNS
4f3bbe90-9552-4490-932f-a7340a368992	99999	Anurag Chandrasekhar	M	M30-34	99999							gbr	DNS
907379a4-beb5-4313-ac42-86dd76c0b272	99999	Fernanda Perez Martinot	F	F18-24	99999							PE	DNS
381c3855-6692-f011-b4cc-0022480a7385	99999	Niko Salminen	M	M25-29	99999		0:41:22	0:07:36				fin	DNF
6715ef30-4f8b-f011-b4cc-000d3a5b7c3b	99999	Kristy Wu	F	F35-39	99999							CA	DNS
dad62763-79d3-4697-b55e-a3dd536427ae	99999	Sandra Haulait	F	F45-49	99999							BE	DQ
2a883cf2-ac6a-ef11-bfe3-00224809fd7c	99999	Jan Kroca	M	M30-34	99999							CZ	DNS
bd9441d2-c437-f111-88b4-0022480995bd	99999	Aliaksandra Kulebina	F	F35-39	99999							EST	DNS
4a1d76f0-dfe1-ee11-904c-000d3a5c3552	99999	Aleksandrs Širins	M	F40-44	99999		0:50:50	0:08:15				Latvia	DNF
5a146034-ce96-f011-b4cc-000d3a5b50ba	99999	Aleksanteri Sirén	M	M35-39	99999							FI	DNS
396ef5f8-6eab-f011-bbd3-000d3a3173b5	99999	Henna Ahjotuli	F	F25-29	99999							FI	DNS
3e62723a-c8f5-4470-a8cc-cb936392365e	99999	Alo Viirmaa	M	M45-49	99999							EE	DNS
eef83a40-528f-f011-b4cc-6045bd05f634	99999	Oscar Olviken	M	M25-29	99999							NOR	DNS
